Indicator,S.No.,Parameters,Type,District - _Meghalaya - Total [(A+B) or (C+D)],District - _Meghalaya - Public [A],District - _Meghalaya - Private [B],District - _Meghalaya - Urban [C],District - _Meghalaya - Rural [D],District - East Garo Hills - Total [(A+B) or (C+D)],District - East Garo Hills - Public [A],District - East Garo Hills - Private [B],District - East Garo Hills - Urban [C],District - East Garo Hills - Rural [D],District - East Jaintia Hills - Total [(A+B) or (C+D)],District - East Jaintia Hills - Public [A],District - East Jaintia Hills - Private [B],District - East Jaintia Hills - Urban [C],District - East Jaintia Hills - Rural [D],District - East Khasi Hills - Total [(A+B) or (C+D)],District - East Khasi Hills - Public [A],District - East Khasi Hills - Private [B],District - East Khasi Hills - Urban [C],District - East Khasi Hills - Rural [D],District - North Garo Hills - Total [(A+B) or (C+D)],District - North Garo Hills - Public [A],District - North Garo Hills - Private [B],District - North Garo Hills - Urban [C],District - North Garo Hills - Rural [D],District - Ri Bhoi - Total [(A+B) or (C+D)],District - Ri Bhoi - Public [A],District - Ri Bhoi - Private [B],District - Ri Bhoi - Urban [C],District - Ri Bhoi - Rural [D],District - South Garo Hills - Total [(A+B) or (C+D)],District - South Garo Hills - Public [A],District - South Garo Hills - Private [B],District - South Garo Hills - Urban [C],District - South Garo Hills - Rural [D],District - South West Garo Hills - Total [(A+B) or (C+D)],District - South West Garo Hills - Public [A],District - South West Garo Hills - Private [B],District - South West Garo Hills - Urban [C],District - South West Garo Hills - Rural [D],District - South West Khasi Hills - Total [(A+B) or (C+D)],District - South West Khasi Hills - Public [A],District - South West Khasi Hills - Private [B],District - South West Khasi Hills - Urban [C],District - South West Khasi Hills - Rural [D],District - West Garo Hills - Total [(A+B) or (C+D)],District - West Garo Hills - Public [A],District - West Garo Hills - Private [B],District - West Garo Hills - Urban [C],District - West Garo Hills - Rural [D],District - West Jaintia Hills - Total [(A+B) or (C+D)],District - West Jaintia Hills - Public [A],District - West Jaintia Hills - Private [B],District - West Jaintia Hills - Urban [C],District - West Jaintia Hills - Rural [D],District - West Khasi Hills - Total [(A+B) or (C+D)],District - West Khasi Hills - Public [A],District - West Khasi Hills - Private [B],District - West Khasi Hills - Urban [C],District - West Khasi Hills - Rural [D]
M1 [Ante Natal Care (ANC)],'1.1',Total number of pregnant women registered for ANC,TOTAL,12025,10318,1707,395,11630,450,450,NA,NA,450,400,400,NA,NA,400,5101,3830,1271,290,4811,468,468,NA,NA,468,704,676,28,NA,704,353,353,NA,NA,353,412,412,NA,NA,412,339,339,NA,NA,339,1241,1115,126,47,1194,1297,1067,230,44,1253,1260,1208,52,14,1246
M1 [Ante Natal Care (ANC)],'1.1.1',"Out of the total ANC registered, number registered within 1st trimester (within 12 weeks)",TOTAL,4114,3763,351,194,3920,133,133,NA,NA,133,140,140,NA,NA,140,1574,1392,182,156,1418,186,186,NA,NA,186,319,313,6,NA,319,94,94,NA,NA,94,215,215,NA,NA,215,89,89,NA,NA,89,516,461,55,20,496,441,350,91,17,424,407,390,17,1,406
M1 [Ante Natal Care (ANC)],'1.2.1',Number of PW given TT1,TOTAL,3456,3266,190,147,3309,272,272,NA,NA,272,248,248,NA,NA,248,487,401,86,82,405,332,332,NA,NA,332,54,49,5,NA,54,196,196,NA,NA,196,310,310,NA,NA,310,145,145,NA,NA,145,326,275,51,19,307,520,487,33,30,490,566,551,15,16,550
M1 [Ante Natal Care (ANC)],'1.2.2',Number of PW given TT2,TOTAL,2534,2390,144,103,2431,224,224,NA,NA,224,152,152,NA,NA,152,327,244,83,57,270,269,269,NA,NA,269,41,39,2,NA,41,130,130,NA,NA,130,307,307,NA,NA,307,102,102,NA,NA,102,185,156,29,14,171,369,347,22,25,344,428,420,8,7,421
M1 [Ante Natal Care (ANC)],'1.2.3',Number of PW given TT Booster,TOTAL,1599,1561,38,40,1559,95,95,NA,NA,95,164,164,NA,NA,164,183,162,21,24,159,79,79,NA,NA,79,14,14,0,NA,14,84,84,NA,NA,84,93,93,NA,NA,93,78,78,NA,NA,78,67,65,2,0,67,314,300,14,12,302,428,427,1,4,424
M1 [Ante Natal Care (ANC)],'1.2.4',Number of PW given 180 Iron Folic Acid (IFA) tablets,TOTAL,4413,3792,621,184,4229,236,236,NA,NA,236,135,135,NA,NA,135,1446,910,536,145,1301,138,138,NA,NA,138,155,155,0,NA,155,273,273,NA,NA,273,239,239,NA,NA,239,130,130,NA,NA,130,1057,972,85,24,1033,325,325,NA,12,313,279,279,0,3,276
M1 [Ante Natal Care (ANC)],'1.2.5',Number of PW given 360 Calcium tablets,TOTAL,3368,2711,657,138,3230,184,184,NA,NA,184,98,98,NA,NA,98,1174,630,544,108,1066,155,155,NA,NA,155,219,219,0,NA,219,265,265,NA,NA,265,144,144,NA,NA,144,73,73,NA,NA,73,559,474,85,23,536,177,177,NA,0,177,320,292,28,7,313
M1 [Ante Natal Care (ANC)],'1.2.6',Number of PW given one Albendazole tablet after 1st trimester,TOTAL,2118,2118,0,68,2050,145,145,NA,NA,145,80,80,NA,NA,80,266,266,0,61,205,213,213,NA,NA,213,329,329,0,NA,329,152,152,NA,NA,152,218,218,NA,NA,218,27,27,NA,NA,27,197,197,0,7,190,84,84,NA,0,84,407,407,0,NA,407
M1 [Ante Natal Care (ANC)],'1.2.7',Number of PW received 4 or more ANC check ups,TOTAL,4624,4135,489,249,4375,209,209,NA,NA,209,86,86,NA,NA,86,1646,1200,446,216,1430,187,187,NA,NA,187,421,421,0,NA,421,119,119,NA,NA,119,248,248,NA,NA,248,120,120,NA,NA,120,717,702,15,25,692,239,239,NA,4,235,632,604,28,4,628
M1 [Ante Natal Care (ANC)],'1.2.8',Number of PW given ANC Corticosteroids in Pre Term Labour,TOTAL,77,38,39,0,77,0,0,NA,NA,0,0,0,NA,NA,0,60,24,36,NA,60,0,0,NA,NA,0,0,0,0,NA,0,0,0,NA,NA,0,0,0,NA,NA,0,0,0,NA,NA,0,3,0,3,0,3,0,0,NA,NA,0,14,14,NA,NA,14
M1 [Ante Natal Care (ANC)],'1.3.1',New cases of PW with hypertension detected,TOTAL,324,301,23,3,321,3,3,NA,NA,3,9,9,NA,NA,9,59,47,12,3,56,4,4,NA,NA,4,11,11,0,NA,11,1,1,NA,NA,1,7,7,NA,NA,7,29,29,NA,NA,29,70,59,11,0,70,49,49,NA,0,49,82,82,0,0,82
M1 [Ante Natal Care (ANC)],'1.3.1.a',"Out of the new cases of PW with hypertension detected, cases managed at institution",TOTAL,269,248,21,2,267,3,3,NA,NA,3,2,2,NA,NA,2,52,42,10,2,50,3,3,NA,NA,3,7,7,0,NA,7,0,0,NA,NA,0,5,5,NA,NA,5,15,15,NA,NA,15,61,50,11,0,61,42,42,NA,0,42,79,79,0,0,79
M1 [Ante Natal Care (ANC)],'1.3.2',Number of Eclampsia cases managed during delivery,TOTAL,22,17,5,0,22,0,0,NA,NA,0,2,2,NA,NA,2,2,2,0,NA,2,0,0,NA,NA,0,0,0,0,NA,0,0,0,NA,NA,0,9,9,NA,NA,9,0,0,NA,NA,0,5,0,5,0,5,3,3,NA,NA,3,1,1,0,NA,1
M1 [Ante Natal Care (ANC)],'1.4.1',Number of PW tested for Haemoglobin (Hb ) 4 or more than 4 times for respective ANCs,TOTAL,2918,2844,74,76,2842,204,204,NA,NA,204,161,161,NA,NA,161,700,670,30,64,636,166,166,NA,NA,166,408,408,0,NA,408,114,114,NA,NA,114,257,257,NA,NA,257,189,189,NA,NA,189,370,360,10,8,362,143,143,NA,4,139,206,172,34,0,206
M1 [Ante Natal Care (ANC)],'1.4.2',Number of PW having Hb level<11 (tested cases)(7.1 to 10.9),TOTAL,7028,6685,343,195,6833,218,218,NA,NA,218,290,290,NA,NA,290,1968,1806,162,93,1875,239,239,NA,NA,239,456,447,9,NA,456,253,253,NA,NA,253,426,426,NA,NA,426,272,272,NA,NA,272,1082,919,163,21,1061,872,872,NA,81,791,952,943,9,0,952
M1 [Ante Natal Care (ANC)],'1.4.3',Number of PW having Hb level<7 (tested cases),TOTAL,398,302,96,2,396,6,6,NA,NA,6,3,3,NA,NA,3,175,111,64,1,174,1,1,NA,NA,1,31,23,8,NA,31,0,0,NA,NA,0,26,26,NA,NA,26,3,3,NA,NA,3,85,62,23,1,84,29,29,NA,0,29,39,38,1,0,39
M1 [Ante Natal Care (ANC)],'1.4.4',Number of PW having severe anaemia (Hb<7) treated,TOTAL,251,229,22,2,249,1,1,NA,NA,1,0,0,NA,NA,0,96,95,1,1,95,3,3,NA,NA,3,16,16,0,NA,16,0,0,NA,NA,0,18,18,NA,NA,18,3,3,NA,NA,3,65,44,21,1,64,17,17,NA,0,17,32,32,0,0,32
M1 [Ante Natal Care (ANC)],'1.5.1',Number of PW tested for blood sugar using OGTT (Oral Glucose Tolerance Test),TOTAL,755,395,360,0,755,12,12,NA,NA,12,1,1,NA,NA,1,343,16,327,NA,343,24,24,NA,NA,24,75,75,NA,NA,75,66,66,NA,NA,66,93,93,NA,NA,93,NA,NA,NA,NA,NA,20,20,0,0,20,16,16,NA,NA,16,105,72,33,NA,105
M1 [Ante Natal Care (ANC)],'1.5.2',Number of PW tested positive for GDM,TOTAL,47,26,21,0,47,0,0,NA,NA,0,0,0,NA,NA,0,23,2,21,NA,23,0,0,NA,NA,0,24,24,NA,NA,24,0,0,NA,NA,0,0,0,NA,NA,0,NA,NA,NA,NA,NA,0,0,0,0,0,0,0,NA,NA,0,0,0,0,NA,0
M1 [Ante Natal Care (ANC)],'1.5.3',Number of PW given insulin out of total tested positive for GDM,TOTAL,3,2,1,0,3,0,0,NA,NA,0,0,0,NA,NA,0,3,2,1,NA,3,0,0,NA,NA,0,0,0,NA,NA,0,0,0,NA,NA,0,0,0,NA,NA,0,NA,NA,NA,NA,NA,0,0,0,0,0,0,0,NA,NA,0,0,0,0,NA,0
M1 [Ante Natal Care (ANC)],'1.6.1.a',Number of PW tested using POC test for Syphilis,TOTAL,15,15,0,NA,15,0,0,NA,NA,0,0,0,NA,NA,0,0,NA,0,NA,0,0,0,NA,NA,0,0,0,NA,NA,0,0,0,NA,NA,0,0,0,NA,NA,0,NA,NA,NA,NA,NA,15,15,NA,NA,15,0,0,NA,NA,0,0,0,NA,NA,0
M1 [Ante Natal Care (ANC)],'1.6.1.b',"Out of above, number of PW found sero positive for syphilis",TOTAL,0,0,0,NA,0,0,0,NA,NA,0,0,0,NA,NA,0,0,NA,0,NA,0,0,0,NA,NA,0,0,0,NA,NA,0,0,0,NA,NA,0,0,0,NA,NA,0,NA,NA,NA,NA,NA,0,0,NA,NA,0,0,0,NA,NA,0,0,0,NA,NA,0
M1 [Ante Natal Care (ANC)],'1.6.2.a',Number of pregnant women tested for Syphilis,TOTAL,5031,4521,510,89,4942,158,158,NA,NA,158,374,374,NA,NA,374,1456,1102,354,25,1431,156,156,NA,NA,156,521,487,34,NA,521,117,117,NA,NA,117,128,128,NA,NA,128,163,163,NA,NA,163,521,431,90,0,521,607,607,NA,64,543,830,798,32,0,830
M1 [Ante Natal Care (ANC)],'1.6.2.b',Number of pregnant women tested found sero positive for Syphilis,TOTAL,96,90,6,1,95,0,0,NA,NA,0,14,14,NA,NA,14,14,9,5,1,13,56,56,NA,NA,56,0,0,0,NA,0,0,0,NA,NA,0,0,0,NA,NA,0,0,0,NA,NA,0,1,0,1,0,1,2,2,NA,0,2,9,9,0,0,9
M1 [Ante Natal Care (ANC)],'1.6.2.c',Number of syphilis positive pregnant women treated for Syphilis,TOTAL,28,22,6,0,28,0,0,NA,NA,0,9,9,NA,NA,9,7,2,5,0,7,1,1,NA,NA,1,0,0,0,NA,0,0,0,NA,NA,0,0,0,NA,NA,0,0,0,NA,NA,0,1,0,1,0,1,2,2,NA,0,2,8,8,0,0,8
M1 [Ante Natal Care (ANC)],'1.6.2.d',Number of babies diagnosed with Congenital Syphilis,TOTAL,2,1,1,0,2,0,0,NA,NA,0,0,0,NA,NA,0,1,0,1,NA,1,0,0,NA,NA,0,0,0,0,NA,0,0,0,NA,NA,0,0,0,NA,NA,0,0,0,NA,NA,0,0,0,0,0,0,0,0,NA,NA,0,1,1,0,NA,1
M1 [Ante Natal Care (ANC)],'1.6.2.e',Number of babies treated for congenital Syphilis,TOTAL,1,0,1,0,1,0,0,NA,NA,0,0,0,NA,NA,0,1,0,1,NA,1,0,0,NA,NA,0,0,0,0,NA,0,0,0,NA,NA,0,0,0,NA,NA,0,0,0,NA,NA,0,0,0,0,0,0,0,0,NA,NA,0,0,0,0,NA,0
M2 [Deliveries],'2.1.1.a',Number of Home Deliveries attended by Skill Birth Attendant(SBA) (Doctor/Nurse/ANM),TOTAL,130,130,0,0,130,9,9,NA,NA,9,6,6,NA,NA,6,6,6,0,0,6,19,19,NA,NA,19,7,7,NA,NA,7,2,2,NA,NA,2,13,13,NA,NA,13,0,0,NA,NA,0,11,11,NA,0,11,12,12,NA,0,12,45,45,NA,0,45
M2 [Deliveries],'2.1.1.b',Number of Home Deliveries attended by Non SBA (Trained Birth Attendant(TBA) /Relatives/etc.),TOTAL,3058,3058,0,5,3053,337,337,NA,NA,337,110,110,NA,NA,110,503,503,0,3,500,131,131,NA,NA,131,253,253,NA,NA,253,153,153,NA,NA,153,109,109,NA,NA,109,133,133,NA,NA,133,514,514,NA,0,514,383,383,NA,1,382,432,432,NA,1,431
M2 [Deliveries],'2.1.2',Number of PW given Tablet Misoprostol during home delivery,TOTAL,35,35,0,0,35,0,0,NA,NA,0,3,3,NA,NA,3,0,0,0,NA,0,9,9,NA,NA,9,5,5,NA,NA,5,0,0,NA,NA,0,0,0,NA,NA,0,0,0,NA,NA,0,0,0,NA,0,0,0,0,NA,0,0,18,18,NA,NA,18
M2 [Deliveries],'2.1.3',Number of newborns received 7 Home Based Newborn Care (HBNC) visits in case of Home delivery,TOTAL,1923,1923,0,2,1921,164,164,NA,NA,164,56,56,NA,NA,56,238,238,0,1,237,74,74,NA,NA,74,142,142,NA,NA,142,86,86,NA,NA,86,89,89,NA,NA,89,88,88,NA,NA,88,366,366,NA,0,366,203,203,NA,0,203,417,417,NA,1,416
M2 [Deliveries],'2.2',Number of Institutional Deliveries conducted (Including C-Sections),TOTAL,4059,3179,880,0,4059,157,157,NA,NA,157,88,88,NA,NA,88,1565,1027,538,0,1565,133,133,NA,NA,133,195,177,18,NA,195,71,71,NA,NA,71,238,238,NA,NA,238,49,49,NA,NA,49,600,430,170,0,600,554,406,148,0,554,409,403,6,NA,409
M2 [Deliveries],'2.2.1',Out of total institutional deliveries number of women discharged within 48 hours of delivery,TOTAL,1546,1317,229,0,1546,155,155,NA,NA,155,80,80,NA,NA,80,330,251,79,0,330,88,88,NA,NA,88,95,80,15,NA,95,10,10,NA,NA,10,30,30,NA,NA,30,38,38,NA,NA,38,404,354,50,0,404,160,75,85,0,160,156,156,0,NA,156
M2 [Deliveries],'2.2.2',Number of newborns received 6 HBNC  visits after Institutional Delivery,TOTAL,1596,1596,0,160,1436,55,55,NA,NA,55,48,48,NA,NA,48,446,446,0,116,330,61,61,NA,NA,61,173,173,NA,NA,173,29,29,NA,NA,29,111,111,NA,NA,111,28,28,NA,NA,28,279,279,NA,44,235,201,201,NA,0,201,165,165,NA,0,165
M3 [Number of Caesarean (C-Section) deliveries],'3.1',Total C -Section deliveries performed,TOTAL,605,226,379,0,605,1,1,NA,NA,1,0,0,NA,NA,0,430,169,261,0,430,0,0,NA,NA,0,3,0,3,NA,3,NA,NA,NA,NA,NA,0,0,NA,NA,0,0,0,NA,NA,0,77,15,62,0,77,66,13,53,NA,66,28,28,NA,NA,28
M3 [Number of Caesarean (C-Section) deliveries],'3.1.1',"C-sections, performed at night (8 PM- 8 AM)",TOTAL,113,38,75,0,113,0,0,NA,NA,0,0,0,NA,NA,0,83,32,51,0,83,0,0,NA,NA,0,0,0,0,NA,0,NA,NA,NA,NA,NA,0,0,NA,NA,0,0,0,NA,NA,0,24,0,24,0,24,5,5,NA,NA,5,1,1,NA,NA,1
M4 [Pregnancy outcome & details of new-born],'4.1.1.a',Live Birth - Male,TOTAL,3718,3275,443,4,3714,255,255,NA,NA,255,100,100,NA,NA,100,1013,755,258,2,1011,157,157,NA,NA,157,253,242,11,NA,253,109,109,NA,NA,109,191,191,NA,NA,191,89,89,NA,NA,89,588,503,85,0,588,491,406,85,1,490,472,468,4,1,471
M4 [Pregnancy outcome & details of new-born],'4.1.1.b',Live Birth - Female,TOTAL,3480,3054,426,1,3479,239,239,NA,NA,239,101,101,NA,NA,101,1022,751,271,1,1021,149,149,NA,NA,149,203,195,8,NA,203,116,116,NA,NA,116,168,168,NA,NA,168,97,97,NA,NA,97,527,442,85,0,527,452,392,60,0,452,406,404,2,0,406
M4 [Pregnancy outcome & details of new-born],'4.1.2',Number of Pre term newborns ( < 37 weeks of pregnancy),TOTAL,221,159,62,0,221,4,4,NA,NA,4,3,3,NA,NA,3,87,49,38,0,87,8,8,NA,NA,8,10,10,0,NA,10,1,1,NA,NA,1,2,2,NA,NA,2,1,1,NA,NA,1,24,5,19,0,24,66,61,5,0,66,15,15,0,0,15
M4 [Pregnancy outcome & details of new-born],'4.1.3',Still Birth,TOTAL,126,110,16,0,126,9,9,NA,NA,9,6,6,NA,NA,6,40,33,7,0,40,10,10,NA,NA,10,6,6,0,NA,6,2,2,NA,NA,2,2,2,NA,NA,2,4,4,NA,NA,4,15,11,4,0,15,17,12,5,0,17,15,15,0,0,15
M4 [Pregnancy outcome & details of new-born],'4.2',Abortion (spontaneous),TOTAL,365,254,111,1,364,2,2,NA,NA,2,3,3,NA,NA,3,132,99,33,1,131,5,5,NA,NA,5,4,4,0,NA,4,3,3,NA,NA,3,15,15,NA,NA,15,6,6,NA,NA,6,36,9,27,0,36,100,63,37,0,100,59,45,14,0,59
M4 [Pregnancy outcome & details of new-born],'4.3.1.a',MTP up to 12 weeks of pregnancy,TOTAL,25,25,0,0,25,6,6,NA,NA,6,3,3,NA,NA,3,15,15,0,NA,15,0,0,NA,NA,0,0,0,NA,NA,0,0,0,NA,NA,0,0,0,NA,NA,0,0,0,NA,NA,0,1,1,0,0,1,0,0,NA,NA,0,0,0,NA,NA,0
M4 [Pregnancy outcome & details of new-born],'4.3.1.b',MTP more than 12 weeks of pregnancy,TOTAL,3,3,0,0,3,0,0,NA,NA,0,0,0,NA,NA,0,3,3,0,NA,3,0,0,NA,NA,0,0,0,NA,NA,0,0,0,NA,NA,0,0,0,NA,NA,0,0,0,NA,NA,0,0,0,0,0,0,0,0,NA,NA,0,0,0,NA,NA,0
M4 [Pregnancy outcome & details of new-born],'4.3.2.a',Post Abortion/ MTP Complications Identified,TOTAL,1,1,0,0,1,0,0,NA,NA,0,0,0,NA,NA,0,1,1,0,NA,1,0,0,NA,NA,0,0,0,NA,NA,0,NA,NA,NA,NA,NA,0,0,NA,NA,0,0,0,NA,NA,0,0,0,0,0,0,0,0,NA,NA,0,0,0,NA,NA,0
M4 [Pregnancy outcome & details of new-born],'4.3.2.b',Post Abortion/ MTP Complications Treated,TOTAL,1,1,0,0,1,0,0,NA,NA,0,0,0,NA,NA,0,1,1,0,NA,1,0,0,NA,NA,0,0,0,NA,NA,0,NA,NA,NA,NA,NA,0,0,NA,NA,0,0,0,NA,NA,0,0,0,0,0,0,0,0,NA,NA,0,0,0,NA,NA,0
M4 [Pregnancy outcome & details of new-born],'4.3.3',Number of women provided with post abortion/ MTP contraception,TOTAL,3,3,0,0,3,0,0,NA,NA,0,0,0,NA,NA,0,3,3,0,NA,3,0,0,NA,NA,0,0,0,NA,NA,0,NA,NA,NA,NA,NA,0,0,NA,NA,0,0,0,NA,NA,0,0,0,0,0,0,0,0,NA,NA,0,0,0,NA,NA,0
M4 [Pregnancy outcome & details of new-born],'4.4.1',Number of newborns weighed at birth,TOTAL,6928,6072,856,5,6923,489,489,NA,NA,489,170,170,NA,NA,170,1988,1459,529,3,1985,262,262,NA,NA,262,435,416,19,NA,435,225,225,NA,NA,225,357,357,NA,NA,357,181,181,NA,NA,181,1112,942,170,0,1112,884,752,132,1,883,825,819,6,1,824
M4 [Pregnancy outcome & details of new-born],'4.4.2',Number of newborns having weight less than 2.5 kg,TOTAL,449,320,129,0,449,27,27,NA,NA,27,1,1,NA,NA,1,179,95,84,0,179,3,3,NA,NA,3,16,16,0,NA,16,14,14,NA,NA,14,18,18,NA,NA,18,6,6,NA,NA,6,83,51,32,0,83,66,53,13,0,66,36,36,0,0,36
M4 [Pregnancy outcome & details of new-born],'4.4.3',Number of Newborns breast fed within 1 hour of birth ,TOTAL,6474,5935,539,5,6469,467,467,NA,NA,467,173,173,NA,NA,173,1589,1314,275,3,1586,270,270,NA,NA,270,441,422,19,NA,441,225,225,NA,NA,225,357,357,NA,NA,357,179,179,NA,NA,179,1094,934,160,0,1094,846,767,79,1,845,833,827,6,1,832
M5 [Complicated Pregnancies],'5.1',"Number of cases of pregnant women with Obstetric Complications attended (Antepartum haemorrhage (APH), Post-Partum Hemorrhage (PPH), Sepsis, Eclampsia and others)",TOTAL,695,606,89,0,695,20,20,NA,NA,20,28,28,NA,NA,28,189,161,28,NA,189,2,2,NA,NA,2,63,63,NA,NA,63,0,0,NA,NA,0,29,29,NA,NA,29,47,47,NA,NA,47,136,75,61,0,136,20,20,NA,NA,20,161,161,0,NA,161
M5 [Complicated Pregnancies],'5.2',Number of Complicated pregnancies treated with Blood Transfusion,TOTAL,63,42,21,NA,63,0,0,NA,NA,0,0,0,NA,NA,0,0,0,0,NA,0,0,0,NA,NA,0,1,0,1,NA,1,0,0,NA,NA,0,9,9,NA,NA,9,0,0,NA,NA,0,42,22,20,NA,42,11,11,NA,NA,11,NA,NA,NA,NA,NA
M6 [Post Natal Care (PNC)],'6.1',Women receiving 1st post partum checkup within 48 hours of home delivery,TOTAL,1965,1964,1,13,1952,216,216,NA,NA,216,53,53,NA,NA,53,370,370,0,12,358,102,102,NA,NA,102,155,155,0,NA,155,111,111,NA,NA,111,149,149,NA,NA,149,137,137,NA,NA,137,175,174,1,0,175,184,184,NA,NA,184,313,313,0,1,312
M6 [Post Natal Care (PNC)],'6.2',Women receiving 1st post partum checkup between 48 hours and 14 days,TOTAL,2902,2817,85,30,2872,307,307,NA,NA,307,119,119,NA,NA,119,616,602,14,30,586,134,134,NA,NA,134,154,136,18,NA,154,114,114,NA,NA,114,129,129,NA,NA,129,105,105,NA,NA,105,743,690,53,0,743,254,254,NA,NA,254,227,227,0,0,227
M6 [Post Natal Care (PNC)],'6.3',Number of mothers provided full course of 180 IFA tablets after delivery,TOTAL,3571,3308,263,89,3482,211,211,NA,NA,211,57,57,NA,NA,57,1710,1563,147,63,1647,104,104,NA,NA,104,90,90,0,NA,90,189,189,NA,NA,189,198,198,NA,NA,198,78,78,NA,NA,78,752,636,116,17,735,55,55,NA,NA,55,127,127,0,9,118
M6 [Post Natal Care (PNC)],'6.4',Number of mothers provided 360 Calcium tablets after delivery,TOTAL,3193,2930,263,69,3124,163,163,NA,NA,163,38,38,NA,NA,38,1608,1461,147,43,1565,136,136,NA,NA,136,52,52,0,NA,52,179,179,NA,NA,179,174,174,NA,NA,174,66,66,NA,NA,66,624,508,116,17,607,41,41,NA,NA,41,112,112,0,9,103
M7 [Reproductive Tract Infections/Sexually Transmitted Infections (RTI/STI) Cases],'7.1.1',New RTI/STI cases identified - Male,TOTAL,311,307,4,0,311,13,13,NA,NA,13,32,32,NA,NA,32,51,47,4,0,51,3,3,NA,NA,3,3,3,0,NA,3,0,0,NA,NA,0,3,3,NA,NA,3,0,0,NA,NA,0,185,185,0,0,185,20,20,NA,0,20,1,1,0,NA,1
M7 [Reproductive Tract Infections/Sexually Transmitted Infections (RTI/STI) Cases],'7.1.2',New RTI/STI cases identified - Female,TOTAL,944,937,7,54,890,124,124,NA,NA,124,73,73,NA,NA,73,364,357,7,53,311,0,0,NA,NA,0,45,45,0,NA,45,3,3,NA,NA,3,14,14,NA,NA,14,4,4,NA,NA,4,137,137,0,0,137,84,84,NA,1,83,96,96,0,NA,96
M7 [Reproductive Tract Infections/Sexually Transmitted Infections (RTI/STI) Cases],'7.2.1',RTI/STI for which treatment initiated - Male,TOTAL,97,93,4,0,97,13,13,NA,NA,13,20,20,NA,NA,20,51,47,4,0,51,3,3,NA,NA,3,3,3,0,NA,3,0,0,NA,NA,0,3,3,NA,NA,3,0,0,NA,NA,0,0,0,0,0,0,3,3,NA,0,3,1,1,0,NA,1
M7 [Reproductive Tract Infections/Sexually Transmitted Infections (RTI/STI) Cases],'7.2.2',RTI/STI for which treatment initiated -Female,TOTAL,741,734,7,45,696,124,124,NA,NA,124,54,54,NA,NA,54,356,349,7,45,311,0,0,NA,NA,0,45,45,0,NA,45,3,3,NA,NA,3,14,14,NA,NA,14,4,4,NA,NA,4,6,6,0,0,6,39,39,NA,0,39,96,96,0,NA,96
M8 [Family Planning],'8.1.1',Number of Non Scalpel Vasectomy (NSV) / Conventional Vasectomy conducted,TOTAL,1,1,0,0,1,0,0,NA,NA,0,0,0,NA,NA,0,1,1,NA,NA,1,0,0,NA,NA,0,0,0,0,NA,0,0,0,NA,NA,0,0,0,NA,NA,0,NA,NA,NA,NA,NA,0,0,0,0,0,0,0,NA,NA,0,0,0,NA,NA,0
M8 [Family Planning],'8.2.1',Number of Laparoscopic sterilizations (excluding post abortion) conducted,TOTAL,4,4,0,0,4,0,0,NA,NA,0,0,0,NA,NA,0,4,4,0,NA,4,0,0,NA,NA,0,0,0,NA,NA,0,NA,NA,NA,NA,NA,0,0,NA,NA,0,NA,NA,NA,NA,NA,0,0,0,0,0,0,0,NA,NA,0,0,0,NA,NA,0
M8 [Family Planning],'8.2.2',Number of Interval Mini-lap (other than post-partum and post abortion) sterilizations conducted,TOTAL,78,78,0,0,78,0,0,NA,NA,0,0,0,NA,NA,0,56,56,0,NA,56,0,0,NA,NA,0,0,0,NA,NA,0,NA,NA,NA,NA,NA,0,0,NA,NA,0,NA,NA,NA,NA,NA,5,5,0,0,5,17,17,NA,NA,17,0,0,NA,NA,0
M8 [Family Planning],'8.2.3',Number of Postpartum sterilizations (within 7 days of delivery by minilap or concurrent with caesarean section) conducted,TOTAL,137,91,46,0,137,1,1,NA,NA,1,0,0,NA,NA,0,54,29,25,NA,54,0,0,NA,NA,0,0,0,NA,NA,0,NA,NA,NA,NA,NA,0,0,NA,NA,0,NA,NA,NA,NA,NA,36,25,11,0,36,32,22,10,NA,32,14,14,NA,NA,14
M8 [Family Planning],'8.2.4',Number of Post Abortion sterilizations (within 7 days of spontaneous or surgical abortion) conducted,TOTAL,0,0,0,0,0,0,0,NA,NA,0,0,0,NA,NA,0,0,0,0,NA,0,0,0,NA,NA,0,0,0,NA,NA,0,NA,NA,NA,NA,NA,0,0,NA,NA,0,NA,NA,NA,NA,NA,0,0,0,0,0,0,0,NA,NA,0,0,0,NA,NA,0
M8 [Family Planning],'8.3',Number of Interval IUCD Insertions (excluding PPIUCD and PAIUCD),TOTAL,198,196,2,12,186,9,9,NA,NA,9,2,2,NA,NA,2,75,74,1,12,63,6,6,NA,NA,6,13,13,NA,NA,13,2,2,NA,NA,2,21,21,NA,NA,21,4,4,NA,NA,4,31,30,1,0,31,15,15,NA,0,15,20,20,NA,NA,20
M8 [Family Planning],'8.4',Number of Postpartum (within 48 hours of delivery) IUCD insertions,TOTAL,45,43,2,0,45,3,3,NA,NA,3,0,0,NA,NA,0,21,21,0,NA,21,0,0,NA,NA,0,4,4,NA,NA,4,0,0,NA,NA,0,2,2,NA,NA,2,0,0,NA,NA,0,11,9,2,0,11,0,0,NA,NA,0,4,4,NA,NA,4
M8 [Family Planning],'8.5',Number of Post Abortion (within 12 days of spontaneous or surgical abortion) IUCD insertions,TOTAL,2,0,2,0,2,0,0,NA,NA,0,0,0,NA,NA,0,2,0,2,NA,2,0,0,NA,NA,0,0,0,NA,NA,0,0,0,NA,NA,0,0,0,NA,NA,0,0,0,NA,NA,0,0,0,0,0,0,0,0,NA,NA,0,0,0,NA,NA,0
M8 [Family Planning],'8.6',Number of IUCD Removals,TOTAL,211,205,6,10,201,9,9,NA,NA,9,4,4,NA,NA,4,86,84,2,9,77,0,0,NA,NA,0,37,35,2,NA,37,1,1,NA,NA,1,4,4,NA,NA,4,1,1,NA,NA,1,44,42,2,1,43,13,13,NA,0,13,12,12,NA,NA,12
M8 [Family Planning],'8.7',Number of complications following IUCD Insertion,TOTAL,13,13,0,0,13,1,1,NA,NA,1,2,2,NA,NA,2,0,0,0,NA,0,0,0,NA,NA,0,5,5,NA,NA,5,0,0,NA,NA,0,1,1,NA,NA,1,1,1,NA,NA,1,0,0,0,0,0,3,3,NA,NA,3,0,0,NA,NA,0
M8 [Family Planning],'8.8',Injectable Contraceptive-Antara Program- First Dose,TOTAL,393,393,0,3,390,41,41,NA,NA,41,36,36,NA,NA,36,38,38,NA,0,38,0,0,NA,NA,0,72,72,NA,NA,72,25,25,NA,NA,25,112,112,NA,NA,112,9,9,NA,NA,9,0,0,0,0,0,49,49,NA,3,46,11,11,NA,NA,11
M8 [Family Planning],'8.9',Injectable Contraceptive-Antara Program- Second Dose,TOTAL,135,135,0,8,127,3,3,NA,NA,3,8,8,NA,NA,8,13,13,NA,7,6,0,0,NA,NA,0,32,32,NA,NA,32,16,16,NA,NA,16,13,13,NA,NA,13,3,3,NA,NA,3,0,0,0,0,0,30,30,NA,1,29,17,17,NA,NA,17
M8 [Family Planning],'8.10',Injectable Contraceptive-Antara Program- Third Dose,TOTAL,100,100,0,3,97,0,0,NA,NA,0,3,3,NA,NA,3,9,9,NA,3,6,0,0,NA,NA,0,16,16,NA,NA,16,2,2,NA,NA,2,24,24,NA,NA,24,3,3,NA,NA,3,0,0,0,0,0,32,32,NA,0,32,11,11,NA,NA,11
M8 [Family Planning],'8.11',Injectable Contraceptive-Antara Program- Fourth or more than fourth,TOTAL,81,81,0,0,81,0,0,NA,NA,0,0,0,NA,NA,0,14,14,NA,NA,14,0,0,NA,NA,0,25,25,NA,NA,25,6,6,NA,NA,6,0,0,NA,NA,0,0,0,NA,NA,0,0,0,0,0,0,5,5,NA,0,5,31,31,NA,NA,31
M8 [Family Planning],'8.12',Number of Combined Oral Pill cycles distributed,TOTAL,6369,6362,7,225,6144,767,767,NA,NA,767,336,336,NA,NA,336,1156,1149,7,146,1010,791,791,NA,NA,791,402,402,NA,NA,402,334,334,NA,NA,334,393,393,NA,NA,393,33,33,NA,NA,33,1001,1001,0,43,958,874,874,NA,28,846,282,282,NA,8,274
M8 [Family Planning],'8.13',Number of Condom pieces distributed,TOTAL,23673,23673,0,1725,21948,275,275,NA,NA,275,721,721,NA,NA,721,8031,8031,0,1186,6845,69,69,NA,NA,69,3506,3506,NA,NA,3506,425,425,NA,NA,425,703,703,NA,NA,703,210,210,NA,NA,210,3735,3735,0,69,3666,1876,1876,NA,170,1706,4122,4122,NA,300,3822
M8 [Family Planning],'8.14',Number of Centchroman (weekly) pill strips distributed,TOTAL,85,85,0,0,85,4,4,NA,NA,4,0,0,NA,NA,0,10,10,0,NA,10,0,0,NA,NA,0,9,9,NA,NA,9,0,0,NA,NA,0,46,46,NA,NA,46,0,0,NA,NA,0,0,0,0,0,0,12,12,NA,NA,12,4,4,NA,NA,4
M8 [Family Planning],'8.15',Number of Emergency Contraceptive Pills (ECP) given,TOTAL,138,138,0,2,136,0,0,NA,NA,0,0,0,NA,NA,0,4,4,0,2,2,0,0,NA,NA,0,2,2,NA,NA,2,10,10,NA,NA,10,36,36,NA,NA,36,0,0,NA,NA,0,0,0,0,0,0,0,0,NA,0,0,86,86,NA,0,86
M8 [Family Planning],'8.16',Number of Pregnancy Test Kits (PTK) used,TOTAL,5603,5560,43,177,5426,167,167,NA,NA,167,311,311,NA,NA,311,2107,2096,11,102,2005,98,98,NA,NA,98,531,531,NA,NA,531,148,148,NA,NA,148,220,220,NA,NA,220,52,52,NA,NA,52,810,810,0,25,785,686,686,NA,50,636,473,441,32,0,473
M8 [Family Planning],'8.17.1',Complications following male sterilization,TOTAL,0,0,0,0,0,0,0,NA,NA,0,0,0,NA,NA,0,0,0,0,NA,0,0,0,NA,NA,0,0,0,NA,NA,0,NA,NA,NA,NA,NA,0,0,NA,NA,0,NA,NA,NA,NA,NA,0,0,0,0,0,0,0,NA,NA,0,0,0,NA,NA,0
M8 [Family Planning],'8.17.2',Complications following female sterilization,TOTAL,4,4,0,0,4,0,0,NA,NA,0,0,0,NA,NA,0,0,0,0,NA,0,4,4,NA,NA,4,0,0,NA,NA,0,NA,NA,NA,NA,NA,0,0,NA,NA,0,NA,NA,NA,NA,NA,0,0,0,0,0,0,0,NA,NA,0,0,0,NA,NA,0
M8 [Family Planning],'8.17.3',Failures following male sterilization,TOTAL,0,0,0,0,0,0,0,NA,NA,0,0,0,NA,NA,0,0,0,NA,NA,0,0,0,NA,NA,0,0,0,NA,NA,0,NA,NA,NA,NA,NA,0,0,NA,NA,0,NA,NA,NA,NA,NA,0,0,0,0,0,0,0,NA,NA,0,0,0,NA,NA,0
M8 [Family Planning],'8.17.4',Failures following female sterilization,TOTAL,0,0,0,0,0,0,0,NA,NA,0,0,0,NA,NA,0,0,0,0,NA,0,0,0,NA,NA,0,0,0,NA,NA,0,NA,NA,NA,NA,NA,0,0,NA,NA,0,NA,NA,NA,NA,NA,0,0,0,0,0,0,0,NA,NA,0,0,0,NA,NA,0
M8 [Family Planning],'8.17.5',Deaths following male sterilization,TOTAL,0,0,0,0,0,0,0,NA,NA,0,0,0,NA,NA,0,0,0,NA,NA,0,0,0,NA,NA,0,0,0,NA,NA,0,NA,NA,NA,NA,NA,0,0,NA,NA,0,NA,NA,NA,NA,NA,0,0,0,0,0,0,0,NA,NA,0,0,0,NA,NA,0
M8 [Family Planning],'8.17.6',Deaths following female sterilization,TOTAL,0,0,0,0,0,0,0,NA,NA,0,0,0,NA,NA,0,0,0,0,NA,0,0,0,NA,NA,0,0,0,NA,NA,0,NA,NA,NA,NA,NA,0,0,NA,NA,0,NA,NA,NA,NA,NA,0,0,0,0,0,0,0,NA,NA,0,0,0,NA,NA,0
M9 [CHILD IMMUNISATION],'9.1.1',Child immunisation - Vitamin K1 (Birth Dose),TOTAL,3527,2730,797,0,3527,173,173,NA,NA,173,65,65,NA,NA,65,1282,828,454,0,1282,91,91,NA,NA,91,117,94,23,NA,117,59,59,NA,NA,59,210,210,NA,NA,210,46,46,NA,NA,46,561,391,170,0,561,503,360,143,NA,503,420,413,7,NA,420
M9 [CHILD IMMUNISATION],'9.1.2',Child immunisation - BCG,TOTAL,7138,6328,810,30,7108,409,409,NA,NA,409,251,251,NA,NA,251,1916,1434,482,11,1905,400,400,NA,NA,400,410,391,19,NA,410,216,216,NA,NA,216,407,407,NA,NA,407,208,208,NA,NA,208,1043,901,142,7,1036,921,761,160,4,917,957,950,7,8,949
M9 [CHILD IMMUNISATION],'9.1.3',Child immunisation - DPT1,TOTAL,10,10,0,0,10,0,0,NA,NA,0,6,6,NA,NA,6,0,0,0,NA,0,2,2,NA,NA,2,0,0,0,NA,0,0,0,NA,NA,0,0,0,NA,NA,0,0,0,NA,NA,0,0,0,0,0,0,2,2,NA,0,2,0,0,NA,NA,0
M9 [CHILD IMMUNISATION],'9.1.4',Child immunisation - DPT2,TOTAL,15,15,0,0,15,0,0,NA,NA,0,4,4,NA,NA,4,0,0,0,NA,0,3,3,NA,NA,3,0,0,0,NA,0,0,0,NA,NA,0,0,0,NA,NA,0,0,0,NA,NA,0,5,5,0,0,5,3,3,NA,0,3,0,0,NA,NA,0
M9 [CHILD IMMUNISATION],'9.1.5',Child immunisation - DPT3,TOTAL,22,22,0,0,22,0,0,NA,NA,0,8,8,NA,NA,8,0,0,0,NA,0,1,1,NA,NA,1,0,0,0,NA,0,0,0,NA,NA,0,0,0,NA,NA,0,0,0,NA,NA,0,11,11,0,0,11,2,2,NA,0,2,0,0,NA,NA,0
M9 [CHILD IMMUNISATION],'9.1.6',Child immunisation - Pentavalent 1,TOTAL,6697,6417,280,284,6413,356,356,NA,NA,356,410,410,NA,NA,410,1453,1253,200,208,1245,390,390,NA,NA,390,523,520,3,NA,523,261,261,NA,NA,261,428,428,NA,NA,428,204,204,NA,NA,204,1014,955,59,28,986,800,788,12,32,768,858,852,6,16,842
M9 [CHILD IMMUNISATION],'9.1.7',Child immunisation - Pentavalent 2,TOTAL,6322,6067,255,297,6025,351,351,NA,NA,351,378,378,NA,NA,378,1224,1041,183,221,1003,365,365,NA,NA,365,476,473,3,NA,476,251,251,NA,NA,251,414,414,NA,NA,414,197,197,NA,NA,197,1055,1002,53,29,1026,737,722,15,26,711,874,873,1,21,853
M9 [CHILD IMMUNISATION],'9.1.8',Child immunisation - Pentavalent 3,TOTAL,5890,5665,225,302,5588,291,291,NA,NA,291,350,350,NA,NA,350,1209,1060,149,219,990,309,309,NA,NA,309,545,541,4,NA,545,226,226,NA,NA,226,398,398,NA,NA,398,204,204,NA,NA,204,883,827,56,27,856,702,694,8,42,660,773,765,8,14,759
M9 [CHILD IMMUNISATION],'9.1.9',Child immunisation - OPV 0 (Birth Dose),TOTAL,4245,3415,830,4,4241,275,275,NA,NA,275,107,107,NA,NA,107,1498,1004,494,2,1496,238,238,NA,NA,238,211,188,23,NA,211,87,87,NA,NA,87,215,215,NA,NA,215,53,53,NA,NA,53,565,414,151,0,565,588,433,155,2,586,408,401,7,0,408
M9 [CHILD IMMUNISATION],'9.1.10',Child immunisation - OPV1,TOTAL,6599,6361,238,284,6315,332,332,NA,NA,332,399,399,NA,NA,399,1411,1253,158,208,1203,397,397,NA,NA,397,523,520,3,NA,523,264,264,NA,NA,264,428,428,NA,NA,428,204,204,NA,NA,204,1016,957,59,28,988,801,789,12,32,769,824,818,6,16,808
M9 [CHILD IMMUNISATION],'9.1.11',Child immunisation - OPV2,TOTAL,6260,6050,210,297,5963,324,324,NA,NA,324,378,378,NA,NA,378,1180,1042,138,221,959,354,354,NA,NA,354,476,473,3,NA,476,251,251,NA,NA,251,414,414,NA,NA,414,197,197,NA,NA,197,1060,1007,53,29,1031,752,737,15,26,726,874,873,1,21,853
M9 [CHILD IMMUNISATION],'9.1.12',Child immunisation - OPV3,TOTAL,5892,5690,202,302,5590,282,282,NA,NA,282,359,359,NA,NA,359,1185,1059,126,219,966,309,309,NA,NA,309,545,541,4,NA,545,226,226,NA,NA,226,398,398,NA,NA,398,204,204,NA,NA,204,893,837,56,27,866,721,713,8,42,679,770,762,8,14,756
M9 [CHILD IMMUNISATION],'9.1.13',Child immunisation - Hepatitis-B0 (Birth Dose),TOTAL,2613,2082,531,0,2613,42,42,NA,NA,42,19,19,NA,NA,19,999,709,290,0,999,47,47,NA,NA,47,172,151,21,NA,172,43,43,NA,NA,43,222,222,NA,NA,222,25,25,NA,NA,25,511,360,151,0,511,233,171,62,0,233,300,293,7,NA,300
M9 [CHILD IMMUNISATION],'9.1.14',Child immunisation - Hepatitis-B1,TOTAL,3,0,3,0,3,0,0,NA,NA,0,0,0,NA,NA,0,0,0,0,NA,0,0,0,NA,NA,0,3,0,3,NA,3,0,0,NA,NA,0,0,0,NA,NA,0,0,0,NA,NA,0,0,0,0,0,0,0,0,NA,0,0,0,0,NA,NA,0
M9 [CHILD IMMUNISATION],'9.1.15',Child immunisation - Hepatitis-B2,TOTAL,3,0,3,0,3,0,0,NA,NA,0,0,0,NA,NA,0,3,0,3,NA,3,0,0,NA,NA,0,0,0,0,NA,0,0,0,NA,NA,0,0,0,NA,NA,0,0,0,NA,NA,0,0,0,0,0,0,0,0,NA,0,0,0,0,NA,NA,0
M9 [CHILD IMMUNISATION],'9.1.16',Child immunisation - Hepatitis-B3,TOTAL,21,11,10,0,21,0,0,NA,NA,0,0,0,NA,NA,0,7,0,7,NA,7,0,0,NA,NA,0,3,0,3,NA,3,0,0,NA,NA,0,0,0,NA,NA,0,0,0,NA,NA,0,0,0,0,0,0,4,4,NA,0,4,7,7,NA,NA,7
M9 [CHILD IMMUNISATION],'9.1.17',Child immunisation - Inactivated Polio Vaccine 1 (IPV 1),TOTAL,6209,6003,206,284,5925,329,329,NA,NA,329,387,387,NA,NA,387,1327,1187,140,208,1119,384,384,NA,NA,384,478,478,0,NA,478,226,226,NA,NA,226,397,397,NA,NA,397,183,183,NA,NA,183,892,844,48,28,864,781,769,12,32,749,825,819,6,16,809
M9 [CHILD IMMUNISATION],'9.1.18',Child immunisation - Inactivated Polio Vaccine 2 (IPV 2),TOTAL,5478,5314,164,292,5186,279,279,NA,NA,279,296,296,NA,NA,296,1118,1026,92,214,904,313,313,NA,NA,313,509,509,0,NA,509,218,218,NA,NA,218,359,359,NA,NA,359,173,173,NA,NA,173,787,731,56,22,765,674,666,8,42,632,752,744,8,14,738
M9 [CHILD IMMUNISATION],'9.1.19',Child immunisation - Rotavirus 1,TOTAL,11,11,0,0,11,8,8,NA,NA,8,0,0,NA,NA,0,NA,NA,NA,NA,NA,0,0,NA,NA,0,0,0,NA,NA,0,NA,NA,NA,NA,NA,3,3,NA,NA,3,NA,NA,NA,NA,NA,0,0,0,0,0,NA,NA,NA,NA,NA,0,0,NA,NA,0
M9 [CHILD IMMUNISATION],'9.1.20',Child immunisation - Rotavirus 2,TOTAL,0,0,0,0,0,0,0,NA,NA,0,0,0,NA,NA,0,NA,NA,NA,NA,NA,0,0,NA,NA,0,0,0,NA,NA,0,NA,NA,NA,NA,NA,0,0,NA,NA,0,NA,NA,NA,NA,NA,0,0,0,0,0,NA,NA,NA,NA,NA,0,0,NA,NA,0
M9 [CHILD IMMUNISATION],'9.1.21',Child immunisation - Rotavirus 3,TOTAL,0,0,0,0,0,0,0,NA,NA,0,0,0,NA,NA,0,NA,NA,NA,NA,NA,0,0,NA,NA,0,0,0,NA,NA,0,NA,NA,NA,NA,NA,0,0,NA,NA,0,NA,NA,NA,NA,NA,0,0,0,0,0,NA,NA,NA,NA,NA,0,0,NA,NA,0
M9 [CHILD IMMUNISATION],'9.2.1',Child immunisation (9-11months) - Measles & Rubella (MR)- 1st Dose,TOTAL,3440,3083,357,244,3196,249,249,NA,NA,249,57,57,NA,NA,57,1273,948,325,220,1053,272,272,NA,NA,272,256,256,0,NA,256,117,117,NA,NA,117,233,233,NA,NA,233,154,154,NA,NA,154,534,502,32,14,520,66,66,NA,0,66,229,229,0,10,219
M9 [CHILD IMMUNISATION],'9.2.2',Child immunisation (9-11months) - Measles 1st dose,TOTAL,1495,1486,9,33,1462,0,0,NA,NA,0,300,300,NA,NA,300,0,0,0,0,0,0,0,NA,NA,0,4,4,0,NA,4,1,1,NA,NA,1,12,12,NA,NA,12,0,0,NA,NA,0,55,55,0,5,50,599,590,9,20,579,524,524,0,8,516
M9 [CHILD IMMUNISATION],'9.2.3',Child immunisation (9-11months) - JE 1st dose,TOTAL,1906,1894,12,39,1867,0,0,NA,NA,0,320,320,NA,NA,320,0,0,0,0,0,0,0,NA,NA,0,252,251,1,NA,252,0,0,NA,NA,0,0,0,NA,NA,0,159,159,NA,NA,159,0,0,0,0,0,497,486,11,21,476,678,678,0,18,660
M9 [CHILD IMMUNISATION],'9.2.4.a',Children aged between 9 and 11 months fully immunized- Male,TOTAL,2531,2319,212,145,2386,125,125,NA,NA,125,176,176,NA,NA,176,679,492,187,115,564,135,135,NA,NA,135,110,107,3,NA,110,64,64,NA,NA,64,127,127,NA,NA,127,87,87,NA,NA,87,311,298,13,11,300,326,317,9,10,316,391,391,0,9,382
M9 [CHILD IMMUNISATION],'9.2.4.b',Children aged between 9 and 11 months fully immunized - Female,TOTAL,2318,2148,170,132,2186,122,122,NA,NA,122,152,152,NA,NA,152,659,521,138,105,554,133,133,NA,NA,133,85,83,2,NA,85,52,52,NA,NA,52,106,106,NA,NA,106,65,65,NA,NA,65,271,252,19,8,263,318,307,11,10,308,355,355,0,9,346
M9 [CHILD IMMUNISATION],'9.3.1',Child immunisation - Measles & Rubella (MR)- 1st Dose,TOTAL,336,284,52,0,336,5,5,NA,NA,5,20,20,NA,NA,20,0,0,0,NA,0,67,67,NA,NA,67,32,32,0,NA,32,7,7,NA,NA,7,38,38,NA,NA,38,27,27,NA,NA,27,97,65,32,0,97,35,15,20,0,35,8,8,0,0,8
M9 [CHILD IMMUNISATION],'9.3.2',Child immunisation - Measles-1st dose,TOTAL,596,596,0,43,553,0,0,NA,NA,0,132,132,NA,NA,132,0,0,0,0,0,4,4,NA,NA,4,5,5,0,NA,5,0,0,NA,NA,0,7,7,NA,NA,7,0,0,NA,NA,0,19,19,0,0,19,373,373,NA,43,330,56,56,0,0,56
M9 [CHILD IMMUNISATION],'9.3.3',Child immunisation - JE 1st dose,TOTAL,798,795,3,47,751,0,0,NA,NA,0,190,190,NA,NA,190,0,0,0,0,0,0,0,NA,NA,0,155,152,3,NA,155,0,0,NA,NA,0,0,0,NA,NA,0,72,72,NA,NA,72,0,0,0,0,0,334,334,NA,47,287,47,47,0,0,47
M9 [CHILD IMMUNISATION],'9.4.1',Child immunisation - Measles & Rubella (MR)- 2nd Dose (16-24 months),TOTAL,2384,2384,0,85,2299,191,191,NA,NA,191,218,218,NA,NA,218,0,0,0,NA,0,189,189,NA,NA,189,129,129,0,NA,129,63,63,NA,NA,63,244,244,NA,NA,244,55,55,NA,NA,55,431,431,0,16,415,726,726,NA,51,675,138,138,0,18,120
M9 [CHILD IMMUNISATION],'9.4.2',Child immunisation - Measles 2nd dose (More than 16 months),TOTAL,439,439,0,10,429,4,4,NA,NA,4,81,81,NA,NA,81,0,0,0,0,0,9,9,NA,NA,9,2,2,0,NA,2,0,0,NA,NA,0,20,20,NA,NA,20,1,1,NA,NA,1,26,26,0,10,16,30,30,NA,NA,30,266,266,0,0,266
M9 [CHILD IMMUNISATION],'9.4.3',Child immunisation - DPT 1st Booster,TOTAL,4341,4203,138,229,4112,196,196,NA,NA,196,281,281,NA,NA,281,1013,932,81,159,854,222,222,NA,NA,222,402,398,4,NA,402,111,111,NA,NA,111,263,263,NA,NA,263,177,177,NA,NA,177,527,497,30,16,511,565,545,20,37,528,584,581,3,17,567
M9 [CHILD IMMUNISATION],'9.4.4',Child immunisation - OPV Booster,TOTAL,4350,4207,143,229,4121,196,196,NA,NA,196,290,290,NA,NA,290,1018,932,86,159,859,221,221,NA,NA,221,402,398,4,NA,402,111,111,NA,NA,111,267,267,NA,NA,267,177,177,NA,NA,177,527,497,30,16,511,561,541,20,37,524,580,577,3,17,563
M9 [CHILD IMMUNISATION],'9.4.5',"Child immunisation - Measles, Mumps, Rubella (MMR) Vaccine",TOTAL,27,16,11,0,27,0,0,NA,NA,0,0,0,NA,NA,0,NA,NA,NA,NA,NA,0,0,NA,NA,0,0,0,NA,NA,0,0,0,NA,NA,0,16,16,NA,NA,16,NA,NA,NA,NA,NA,11,0,11,0,11,0,0,NA,NA,0,0,0,NA,NA,0
M9 [CHILD IMMUNISATION],'9.4.6',Number of children more than 16 months of age who received Japanese Encephalitis (JE) vaccine,TOTAL,1635,1623,12,74,1561,0,0,NA,NA,0,258,258,NA,NA,258,0,0,0,0,0,0,0,NA,NA,0,220,218,2,NA,220,0,0,NA,NA,0,0,0,NA,NA,0,101,101,NA,NA,101,0,0,0,0,0,549,539,10,53,496,507,507,0,21,486
M9 [CHILD IMMUNISATION],'9.5.1',Child immunisation - Typhoid,TOTAL,194,16,178,0,194,0,0,NA,NA,0,0,0,NA,NA,0,190,13,177,NA,190,1,1,NA,NA,1,1,0,1,NA,1,0,0,NA,NA,0,0,0,NA,NA,0,NA,NA,NA,NA,NA,2,2,0,0,2,NA,NA,NA,NA,NA,0,0,NA,NA,0
M9 [CHILD IMMUNISATION],'9.5.2',Children more than 5 years received DPT5 (2nd Booster),TOTAL,2087,2017,70,117,1970,44,44,NA,NA,44,215,215,NA,NA,215,499,457,42,93,406,106,106,NA,NA,106,201,201,0,NA,201,34,34,NA,NA,34,130,130,NA,NA,130,111,111,NA,NA,111,114,99,15,6,108,416,404,12,15,401,217,216,1,3,214
M9 [CHILD IMMUNISATION],'9.5.3',Children more than 10 years received TT10,TOTAL,1149,1087,62,55,1094,42,42,NA,NA,42,95,95,NA,NA,95,132,89,43,38,94,91,91,NA,NA,91,17,17,0,NA,17,63,63,NA,NA,63,251,251,NA,NA,251,53,53,NA,NA,53,63,51,12,1,62,234,231,3,16,218,108,104,4,0,108
M9 [CHILD IMMUNISATION],'9.5.4',Children more than 16 years received TT16,TOTAL,1062,1034,28,65,997,69,69,NA,NA,69,23,23,NA,NA,23,82,75,7,58,24,112,112,NA,NA,112,24,24,0,NA,24,125,125,NA,NA,125,290,290,NA,NA,290,45,45,NA,NA,45,96,90,6,3,93,112,112,NA,4,108,84,69,15,0,84
M9 [CHILD IMMUNISATION],'9.6.1',Number of cases of AEFI - Abscess,TOTAL,3,3,0,0,3,0,0,NA,NA,0,0,0,NA,NA,0,0,0,0,0,0,0,0,NA,NA,0,0,0,0,NA,0,0,0,NA,NA,0,2,2,NA,NA,2,0,0,NA,NA,0,0,0,0,0,0,0,0,NA,0,0,1,1,0,0,1
M9 [CHILD IMMUNISATION],'9.6.2',Number of cases of AEFI - Death,TOTAL,0,0,0,0,0,0,0,NA,NA,0,0,0,NA,NA,0,0,0,0,NA,0,0,0,NA,NA,0,0,0,0,NA,0,0,0,NA,NA,0,0,0,NA,NA,0,0,0,NA,NA,0,0,0,0,0,0,0,0,NA,0,0,0,0,0,0,0
M9 [CHILD IMMUNISATION],'9.6.3',Number of cases of AEFI - Others,TOTAL,80,80,0,6,74,0,0,NA,NA,0,7,7,NA,NA,7,1,1,0,1,0,2,2,NA,NA,2,12,12,0,NA,12,27,27,NA,NA,27,4,4,NA,NA,4,4,4,NA,NA,4,0,0,0,0,0,14,14,NA,0,14,9,9,0,5,4
M9 [CHILD IMMUNISATION],'9.7.1',Immunisation sessions planned,TOTAL,6758,6733,25,306,6452,489,489,NA,NA,489,291,291,NA,NA,291,1571,1546,25,263,1308,473,473,NA,NA,473,482,482,NA,NA,482,412,412,NA,NA,412,403,403,NA,NA,403,241,241,NA,NA,241,1039,1039,0,11,1028,482,482,NA,16,466,875,875,NA,16,859
M9 [CHILD IMMUNISATION],'9.7.2',Immunisation sessions held,TOTAL,5762,5737,25,283,5479,411,411,NA,NA,411,256,256,NA,NA,256,1361,1336,25,244,1117,372,372,NA,NA,372,428,428,NA,NA,428,341,341,NA,NA,341,367,367,NA,NA,367,180,180,NA,NA,180,827,827,0,10,817,442,442,NA,16,426,777,777,NA,13,764
M9 [CHILD IMMUNISATION],'9.7.3',Number of Immunisation sessions where ASHAs were present,TOTAL,4528,4528,0,135,4393,396,396,NA,NA,396,190,190,NA,NA,190,923,923,0,118,805,332,332,NA,NA,332,290,290,NA,NA,290,312,312,NA,NA,312,369,369,NA,NA,369,138,138,NA,NA,138,756,756,0,10,746,240,240,NA,2,238,582,582,NA,5,577
M9 [CHILD IMMUNISATION],'9.8.1',Child immunisation - Vitamin A Dose - 1,TOTAL,4380,4330,50,226,4154,118,118,NA,NA,118,515,515,NA,NA,515,1157,1157,0,137,1020,53,53,NA,NA,53,457,457,0,NA,457,118,118,NA,NA,118,185,185,NA,NA,185,18,18,NA,NA,18,494,472,22,19,475,776,748,28,52,724,489,489,0,18,471
M9 [CHILD IMMUNISATION],'9.8.2',Child immunisation - Vitamin A Dose - 5,TOTAL,1765,1758,7,132,1633,42,42,NA,NA,42,196,196,NA,NA,196,278,278,0,66,212,69,69,NA,NA,69,256,256,0,NA,256,110,110,NA,NA,110,46,46,NA,NA,46,2,2,NA,NA,2,449,443,6,30,419,169,168,1,15,154,148,148,0,21,127
M9 [CHILD IMMUNISATION],'9.8.3',Child immunisation - Vitamin A Dose - 9,TOTAL,627,619,8,31,596,12,12,NA,NA,12,61,61,NA,NA,61,101,101,0,13,88,17,17,NA,NA,17,64,64,0,NA,64,52,52,NA,NA,52,34,34,NA,NA,34,0,0,NA,NA,0,139,131,8,12,127,78,78,NA,3,75,69,69,0,3,66
M9 [CHILD IMMUNISATION],'9.9',Number of children (6-59 months) provided 8-10 doses (1ml) of IFA syrup (Bi weekly),TOTAL,1591,1591,0,128,1463,49,49,NA,NA,49,126,126,NA,NA,126,464,464,0,128,336,10,10,NA,NA,10,0,0,NA,NA,0,140,140,NA,NA,140,10,10,NA,NA,10,0,0,NA,NA,0,187,187,NA,0,187,2,2,NA,0,2,603,603,0,0,603
M9 [CHILD IMMUNISATION],'9.10',Number of children (12-59 months) provided Albendazole,TOTAL,5263,5260,3,170,5093,65,65,NA,NA,65,113,113,NA,NA,113,627,624,3,150,477,52,52,NA,NA,52,162,162,0,NA,162,698,698,NA,NA,698,73,73,NA,NA,73,55,55,NA,NA,55,70,70,NA,0,70,323,323,NA,NA,323,3025,3025,0,20,3005
M9 [CHILD IMMUNISATION],'9.11',Number of severely underweight children provided Health Checkup (0-5 yrs),TOTAL,68,48,20,0,68,8,8,NA,NA,8,2,2,NA,NA,2,22,22,0,0,22,0,0,NA,NA,0,6,6,0,NA,6,1,1,NA,NA,1,0,0,NA,NA,0,0,0,NA,NA,0,23,3,20,0,23,3,3,NA,0,3,3,3,0,0,3
M10 [Number of cases of Childhood Diseases (0-5 years)],'10.1',Childhood Diseases - Pneumonia,TOTAL,312,207,105,0,312,0,0,NA,NA,0,61,61,NA,NA,61,119,25,94,0,119,0,0,NA,NA,0,11,6,5,NA,11,1,1,NA,NA,1,9,9,NA,NA,9,5,5,NA,NA,5,22,17,5,0,22,60,60,NA,0,60,24,23,1,0,24
M10 [Number of cases of Childhood Diseases (0-5 years)],'10.2',Childhood Diseases - Asthma,TOTAL,49,44,5,1,48,1,1,NA,NA,1,9,9,NA,NA,9,7,6,1,1,6,0,0,NA,NA,0,0,0,0,NA,0,0,0,NA,NA,0,0,0,NA,NA,0,0,0,NA,NA,0,4,0,4,0,4,0,0,NA,0,0,28,28,0,0,28
M10 [Number of cases of Childhood Diseases (0-5 years)],'10.3',Childhood Diseases - Sepsis,TOTAL,82,5,77,0,82,0,0,NA,NA,0,0,0,NA,NA,0,65,0,65,0,65,0,0,NA,NA,0,2,0,2,NA,2,0,0,NA,NA,0,0,0,NA,NA,0,0,0,NA,NA,0,9,0,9,0,9,4,4,NA,0,4,2,1,1,0,2
M10 [Number of cases of Childhood Diseases (0-5 years)],'10.4',Childhood Diseases - Diphtheria,TOTAL,0,0,0,0,0,0,0,NA,NA,0,0,0,NA,NA,0,0,0,0,0,0,0,0,NA,NA,0,0,0,0,NA,0,0,0,NA,NA,0,0,0,NA,NA,0,0,0,NA,NA,0,0,0,0,0,0,0,0,NA,0,0,0,0,0,0,0
M10 [Number of cases of Childhood Diseases (0-5 years)],'10.5',Childhood Diseases - Pertussis,TOTAL,0,0,0,0,0,0,0,NA,NA,0,0,0,NA,NA,0,0,0,0,0,0,0,0,NA,NA,0,0,0,0,NA,0,0,0,NA,NA,0,0,0,NA,NA,0,0,0,NA,NA,0,0,0,0,0,0,0,0,NA,0,0,0,0,0,0,0
M10 [Number of cases of Childhood Diseases (0-5 years)],'10.6',Childhood Diseases - Tetanus Neonatorum,TOTAL,0,0,0,0,0,0,0,NA,NA,0,0,0,NA,NA,0,0,0,0,0,0,0,0,NA,NA,0,0,0,0,NA,0,0,0,NA,NA,0,0,0,NA,NA,0,0,0,NA,NA,0,0,0,0,0,0,0,0,NA,0,0,0,0,0,0,0
M10 [Number of cases of Childhood Diseases (0-5 years)],'10.7',Childhood Diseases - Tuberculosis (TB),TOTAL,10,4,6,0,10,0,0,NA,NA,0,0,0,NA,NA,0,8,2,6,0,8,1,1,NA,NA,1,0,0,0,NA,0,0,0,NA,NA,0,0,0,NA,NA,0,0,0,NA,NA,0,0,0,0,0,0,1,1,NA,0,1,0,0,0,0,0
M10 [Number of cases of Childhood Diseases (0-5 years)],'10.8',Childhood Diseases - Acute Flaccid Paralysis(AFP),TOTAL,1,0,1,0,1,0,0,NA,NA,0,0,0,NA,NA,0,1,0,1,0,1,0,0,NA,NA,0,0,0,0,NA,0,0,0,NA,NA,0,0,0,NA,NA,0,0,0,NA,NA,0,0,0,0,0,0,0,0,NA,0,0,0,0,0,0,0
M10 [Number of cases of Childhood Diseases (0-5 years)],'10.9',Childhood Diseases - Measles,TOTAL,14,11,3,0,14,1,1,NA,NA,1,4,4,NA,NA,4,3,1,2,0,3,0,0,NA,NA,0,1,1,0,NA,1,0,0,NA,NA,0,0,0,NA,NA,0,0,0,NA,NA,0,2,2,0,0,2,1,1,NA,0,1,2,1,1,0,2
M10 [Number of cases of Childhood Diseases (0-5 years)],'10.10',Childhood Diseases - Malaria,TOTAL,44,43,1,0,44,1,1,NA,NA,1,0,0,NA,NA,0,0,0,0,0,0,0,0,NA,NA,0,0,0,0,NA,0,4,4,NA,NA,4,0,0,NA,NA,0,0,0,NA,NA,0,39,38,1,0,39,0,0,NA,0,0,0,0,0,0,0
M10 [Number of cases of Childhood Diseases (0-5 years)],'10.11',Childhood Diseases - Diarrhoea,TOTAL,5976,5768,208,221,5755,100,100,NA,NA,100,478,478,NA,NA,478,1597,1414,183,180,1417,197,197,NA,NA,197,729,721,8,NA,729,114,114,NA,NA,114,142,142,NA,NA,142,113,113,NA,NA,113,349,339,10,12,337,1078,1078,NA,21,1057,1079,1072,7,8,1071
M10 [Number of cases of Childhood Diseases (0-5 years)],'10.12',Childhood Diseases - Diarrhoea treated in Inpatients,TOTAL,632,507,125,0,632,3,3,NA,NA,3,30,30,NA,NA,30,152,81,71,NA,152,80,80,NA,NA,80,111,103,8,NA,111,14,14,NA,NA,14,9,9,NA,NA,9,27,27,NA,NA,27,31,16,15,0,31,71,71,NA,0,71,104,73,31,NA,104
M10 [Number of cases of Childhood Diseases (0-5 years)],'10.13',Children admitted with upper respiratory infections,TOTAL,973,735,238,0,973,5,5,NA,NA,5,40,40,NA,NA,40,398,233,165,NA,398,2,2,NA,NA,2,162,147,15,NA,162,7,7,NA,NA,7,0,0,NA,NA,0,70,70,NA,NA,70,15,0,15,0,15,138,138,NA,0,138,136,93,43,NA,136
M10 [Number of cases of Childhood Diseases (0-5 years)],'10.14',Childhood Diseases - Severe Acute Malnutrition (SAM),TOTAL,25,22,3,1,24,0,0,NA,NA,0,1,1,NA,NA,1,4,3,1,1,3,0,0,NA,NA,0,10,10,0,NA,10,1,1,NA,NA,1,0,0,NA,NA,0,0,0,NA,NA,0,8,6,2,0,8,0,0,NA,0,0,1,1,0,0,1
M11 [NVBDCP],'11.1.1.a',Total Blood Smears Examined for Malaria,TOTAL,21185,19811,1374,85,21100,1336,1336,NA,NA,1336,698,698,NA,NA,698,1659,1048,611,0,1659,1873,1873,NA,NA,1873,2079,2012,67,NA,2079,1905,1905,NA,NA,1905,2152,2152,NA,NA,2152,185,185,NA,NA,185,6636,5940,696,30,6606,1956,1956,NA,55,1901,706,706,NA,NA,706
M11 [NVBDCP],'11.1.1.b',Malaria (Microscopy Tests ) - Plasmodium Vivax test positive,TOTAL,5,4,1,0,5,1,1,NA,NA,1,0,0,NA,NA,0,0,0,0,NA,0,0,0,NA,NA,0,0,0,0,NA,0,0,0,NA,NA,0,0,0,NA,NA,0,0,0,NA,NA,0,1,0,1,0,1,0,0,NA,0,0,3,3,NA,NA,3
M11 [NVBDCP],'11.1.1.c',Malaria (Microscopy Tests ) - Plasmodium Falciparum test positive,TOTAL,61,60,1,0,61,0,0,NA,NA,0,0,0,NA,NA,0,0,0,0,NA,0,2,2,NA,NA,2,1,1,0,NA,1,50,50,NA,NA,50,2,2,NA,NA,2,0,0,NA,NA,0,4,3,1,0,4,1,1,NA,0,1,1,1,NA,NA,1
M11 [NVBDCP],'11.1.2.a',RDT conducted for Malaria,TOTAL,8025,7041,984,42,7983,1029,1029,NA,NA,1029,170,170,NA,NA,170,1375,555,820,0,1375,862,862,NA,NA,862,701,628,73,NA,701,744,744,NA,NA,744,464,464,NA,NA,464,53,53,NA,NA,53,1396,1314,82,30,1366,208,208,NA,12,196,1023,1014,9,0,1023
M11 [NVBDCP],'11.1.2.b',Malaria (RDT) - Plasmodium Vivax test positive,TOTAL,30,28,2,0,30,18,18,NA,NA,18,1,1,NA,NA,1,2,1,1,0,2,2,2,NA,NA,2,1,1,0,NA,1,0,0,NA,NA,0,1,1,NA,NA,1,0,0,NA,NA,0,3,2,1,0,3,1,1,NA,0,1,1,1,0,0,1
M11 [NVBDCP],'11.1.2.c',Malaria (RDT) - Plamodium Falciparum test positive,TOTAL,28,27,1,0,28,1,1,NA,NA,1,0,0,NA,NA,0,0,0,0,0,0,2,2,NA,NA,2,12,12,0,NA,12,11,11,NA,NA,11,0,0,NA,NA,0,0,0,NA,NA,0,2,1,1,0,2,0,0,NA,0,0,0,0,0,0,0
M11 [NVBDCP],'11.2.1',Kala Azar (RDT) - Tests Conducted,TOTAL,0,0,0,0,0,0,0,NA,NA,0,0,0,NA,NA,0,0,0,0,NA,0,0,0,NA,NA,0,0,0,NA,NA,0,NA,NA,NA,NA,NA,0,0,NA,NA,0,NA,NA,NA,NA,NA,0,0,0,0,0,0,0,NA,NA,0,0,0,NA,NA,0
M11 [NVBDCP],'11.2.2',Kala Azar Positive Cases,TOTAL,0,0,0,0,0,0,0,NA,NA,0,0,0,NA,NA,0,0,0,0,NA,0,0,0,NA,NA,0,0,0,NA,NA,0,NA,NA,NA,NA,NA,0,0,NA,NA,0,NA,NA,NA,NA,NA,0,0,0,0,0,0,0,NA,NA,0,0,0,NA,NA,0
M11 [NVBDCP],'11.2.3',Post-kala-azar dermal leishmaniasis (PKDL) cases,TOTAL,0,0,0,0,0,0,0,NA,NA,0,0,0,NA,NA,0,0,0,0,NA,0,0,0,NA,NA,0,0,0,NA,NA,0,NA,NA,NA,NA,NA,0,0,NA,NA,0,NA,NA,NA,NA,NA,0,0,0,0,0,0,0,NA,NA,0,0,0,NA,NA,0
M11 [NVBDCP],'11.3.1',Dengue - RDT Test Positive,TOTAL,1,0,1,0,1,0,0,NA,NA,0,0,0,NA,NA,0,1,0,1,NA,1,0,0,NA,NA,0,0,0,NA,NA,0,NA,NA,NA,NA,NA,0,0,NA,NA,0,NA,NA,NA,NA,NA,0,0,0,0,0,0,0,NA,NA,0,0,0,NA,NA,0
M11 [NVBDCP],'11.3.2',Dengue - Enzyme- Linked Immuno Sorbent Assay (ELISA) Test Positive,TOTAL,0,0,0,NA,0,NA,NA,NA,NA,NA,NA,NA,NA,NA,NA,0,0,0,NA,0,NA,NA,NA,NA,NA,NA,NA,NA,NA,NA,NA,NA,NA,NA,NA,NA,NA,NA,NA,NA,NA,NA,NA,NA,NA,0,0,0,NA,0,NA,NA,NA,NA,NA,0,0,NA,NA,0
M11 [NVBDCP],'11.4.1',Tests Conducted for JE,TOTAL,7,7,0,NA,7,NA,NA,NA,NA,NA,NA,NA,NA,NA,NA,0,0,0,NA,0,NA,NA,NA,NA,NA,NA,NA,NA,NA,NA,NA,NA,NA,NA,NA,NA,NA,NA,NA,NA,NA,NA,NA,NA,NA,7,7,0,NA,7,NA,NA,NA,NA,NA,0,0,NA,NA,0
M11 [NVBDCP],'11.4.2',Tests Positive for JE,TOTAL,1,1,0,NA,1,NA,NA,NA,NA,NA,NA,NA,NA,NA,NA,0,0,0,NA,0,NA,NA,NA,NA,NA,NA,NA,NA,NA,NA,NA,NA,NA,NA,NA,NA,NA,NA,NA,NA,NA,NA,NA,NA,NA,1,1,0,NA,1,NA,NA,NA,NA,NA,0,0,NA,NA,0
M12 [Adolscent Health],'12.1.1.a',Girls registered in AFHC,TOTAL,2012,1997,15,33,1979,51,51,NA,NA,51,126,126,NA,NA,126,356,341,15,14,342,8,8,NA,NA,8,225,225,NA,NA,225,247,247,NA,NA,247,175,175,NA,NA,175,8,8,NA,NA,8,237,237,0,0,237,155,155,NA,18,137,424,424,NA,1,423
M12 [Adolscent Health],'12.1.1.b',Boys registered in AFHC,TOTAL,1003,995,8,16,987,14,14,NA,NA,14,44,44,NA,NA,44,183,175,8,11,172,0,0,NA,NA,0,115,115,NA,NA,115,179,179,NA,NA,179,122,122,NA,NA,122,0,0,NA,NA,0,107,107,0,0,107,58,58,NA,4,54,181,181,NA,1,180
M12 [Adolscent Health],'12.1.2.a',"Out of registered, Girls received clinical services",TOTAL,1660,1645,15,33,1627,46,46,NA,NA,46,121,121,NA,NA,121,255,240,15,14,241,8,8,NA,NA,8,209,209,NA,NA,209,106,106,NA,NA,106,175,175,NA,NA,175,8,8,NA,NA,8,227,227,0,0,227,103,103,NA,18,85,402,402,NA,1,401
M12 [Adolscent Health],'12.1.2.b',"Out of registered, Boys received clinical services",TOTAL,764,756,8,16,748,12,12,NA,NA,12,43,43,NA,NA,43,127,119,8,11,116,0,0,NA,NA,0,102,102,NA,NA,102,68,68,NA,NA,68,122,122,NA,NA,122,0,0,NA,NA,0,91,91,0,0,91,32,32,NA,4,28,167,167,NA,1,166
M12 [Adolscent Health],'12.1.3.a',"Out of registered, Girls received counselling",TOTAL,1822,1807,15,33,1789,46,46,NA,NA,46,121,121,NA,NA,121,356,341,15,14,342,8,8,NA,NA,8,222,222,NA,NA,222,90,90,NA,NA,90,165,165,NA,NA,165,8,8,NA,NA,8,227,227,0,0,227,155,155,NA,18,137,424,424,NA,1,423
M12 [Adolscent Health],'12.1.3.b',"Out of registered, Boys received counselling",TOTAL,854,846,8,16,838,12,12,NA,NA,12,43,43,NA,NA,43,183,175,8,11,172,0,0,NA,NA,0,110,110,NA,NA,110,58,58,NA,NA,58,118,118,NA,NA,118,0,0,NA,NA,0,91,91,0,0,91,58,58,NA,4,54,181,181,NA,1,180
"M13 [Directly Observed Treatment, Short-course (DOTS)]",'13.1',Number of on-going DOTS patients registered,TOTAL,787,728,59,100,687,11,11,NA,NA,11,38,38,NA,NA,38,359,300,59,81,278,33,33,NA,NA,33,57,57,NA,NA,57,27,27,NA,NA,27,42,42,NA,NA,42,30,30,NA,NA,30,37,37,0,0,37,104,104,NA,19,85,49,49,0,NA,49
"M13 [Directly Observed Treatment, Short-course (DOTS)]",'13.2',Number of DOTS cases completed successfully,TOTAL,211,201,10,18,193,5,5,NA,NA,5,9,9,NA,NA,9,71,61,10,13,58,10,10,NA,NA,10,30,30,NA,NA,30,5,5,NA,NA,5,10,10,NA,NA,10,3,3,NA,NA,3,15,15,0,0,15,41,41,NA,5,36,12,12,0,NA,12
M14 [Patient Services],'14.1.1',Outpatient - Diabetes,TOTAL,1131,754,377,34,1097,6,6,NA,NA,6,16,16,NA,NA,16,695,349,346,20,675,0,0,NA,NA,0,53,53,0,NA,53,10,10,NA,NA,10,5,5,NA,NA,5,0,0,NA,NA,0,240,210,30,0,240,79,79,NA,14,65,27,26,1,0,27
M14 [Patient Services],'14.1.2',Outpatient - Hypertension,TOTAL,5113,4434,679,599,4514,79,79,NA,NA,79,133,133,NA,NA,133,2490,1841,649,479,2011,62,62,NA,NA,62,229,229,0,NA,229,101,101,NA,NA,101,416,416,NA,NA,416,52,52,NA,NA,52,538,509,29,2,536,450,450,NA,85,365,563,562,1,33,530
M14 [Patient Services],'14.1.3',Outpatient - Stroke (Paralysis),TOTAL,53,32,21,0,53,0,0,NA,NA,0,1,1,NA,NA,1,36,18,18,0,36,0,0,NA,NA,0,1,1,0,NA,1,0,0,NA,NA,0,0,0,NA,NA,0,0,0,NA,NA,0,7,4,3,0,7,7,7,NA,0,7,1,1,0,0,1
M14 [Patient Services],'14.1.4',Outpatient - Acute Heart Diseases,TOTAL,83,35,48,0,83,0,0,NA,NA,0,0,0,NA,NA,0,62,15,47,0,62,0,0,NA,NA,0,0,0,0,NA,0,1,1,NA,NA,1,0,0,NA,NA,0,0,0,NA,NA,0,19,18,1,0,19,1,1,NA,0,1,0,0,0,0,0
M14 [Patient Services],'14.1.5',Outpatient - Mental illness,TOTAL,658,465,193,0,658,1,1,NA,NA,1,5,5,NA,NA,5,235,89,146,0,235,0,0,NA,NA,0,0,0,0,NA,0,0,0,NA,NA,0,0,0,NA,NA,0,0,0,NA,NA,0,370,370,0,0,370,0,0,NA,0,0,47,0,47,0,47
M14 [Patient Services],'14.1.6',Outpatient - Epilepsy,TOTAL,131,89,42,0,131,0,0,NA,NA,0,0,0,NA,NA,0,52,12,40,0,52,0,0,NA,NA,0,0,0,0,NA,0,0,0,NA,NA,0,0,0,NA,NA,0,0,0,NA,NA,0,79,77,2,0,79,0,0,NA,0,0,0,0,0,0,0
M14 [Patient Services],'14.1.7',Outpatient - Ophthalmic Related,TOTAL,6193,6076,117,47,6146,71,71,NA,NA,71,0,0,NA,NA,0,3405,3288,117,43,3362,27,27,NA,NA,27,369,369,0,NA,369,149,149,NA,NA,149,328,328,NA,NA,328,14,14,NA,NA,14,1124,1124,0,2,1122,243,243,NA,2,241,463,463,0,NA,463
M14 [Patient Services],'14.1.8',Outpatient - Dental,TOTAL,8849,8683,166,30,8819,153,153,NA,NA,153,205,205,NA,NA,205,4032,3881,151,25,4007,148,148,NA,NA,148,1033,1033,0,NA,1033,116,116,NA,NA,116,244,244,NA,NA,244,52,52,NA,NA,52,892,877,15,1,891,747,747,NA,4,743,1227,1227,0,NA,1227
M14 [Patient Services],'14.1.9',Outpatient - Oncology,TOTAL,277,264,13,NA,277,0,0,NA,NA,0,0,0,NA,NA,0,229,216,13,NA,229,0,0,NA,NA,0,0,0,0,NA,0,0,0,NA,NA,0,0,0,NA,NA,0,0,0,NA,NA,0,47,47,0,NA,47,0,0,NA,NA,0,1,1,0,NA,1
M14 [Patient Services],'14.2.1',Allopathic- Outpatient attendance,TOTAL,353653,308579,45074,17347,336306,10079,10079,NA,NA,10079,11017,11017,NA,NA,11017,160160,125254,34906,13534,146626,8667,8667,NA,NA,8667,28942,27252,1690,NA,28942,7020,7020,NA,NA,7020,14125,14125,NA,NA,14125,7205,7205,NA,NA,7205,36902,32778,4124,659,36243,32937,29686,3251,2506,30431,36599,35496,1103,648,35951
M14 [Patient Services],'14.2.2',Ayush - Outpatient attendance,TOTAL,22705,22705,0,299,22406,649,649,NA,NA,649,1293,1293,NA,NA,1293,6076,6076,0,299,5777,214,214,NA,NA,214,2944,2944,0,NA,2944,626,626,NA,NA,626,864,864,NA,NA,864,865,865,NA,NA,865,2013,2013,0,0,2013,1904,1904,NA,NA,1904,5257,5257,NA,NA,5257
M14 [Patient Services],'14.3.1.a',Inpatient (Male)- Children<18yrs,TOTAL,3270,2253,1017,0,3270,48,48,NA,NA,48,196,196,NA,NA,196,1381,718,663,NA,1381,99,99,NA,NA,99,318,275,43,NA,318,38,38,NA,NA,38,76,76,NA,NA,76,76,76,NA,NA,76,218,103,115,0,218,425,286,139,NA,425,395,338,57,NA,395
M14 [Patient Services],'14.3.1.b',Inpatient (Male)- Adults,TOTAL,5269,3692,1577,0,5269,86,86,NA,NA,86,87,87,NA,NA,87,3004,1825,1179,NA,3004,305,305,NA,NA,305,226,183,43,NA,226,77,77,NA,NA,77,187,187,NA,NA,187,72,72,NA,NA,72,578,356,222,0,578,398,290,108,NA,398,249,224,25,NA,249
M14 [Patient Services],'14.3.2.a',Inpatient (Female)- Children<18yrs,TOTAL,3020,2043,977,0,3020,37,37,NA,NA,37,169,169,NA,NA,169,1280,644,636,NA,1280,80,80,NA,NA,80,295,256,39,NA,295,32,32,NA,NA,32,46,46,NA,NA,46,87,87,NA,NA,87,211,88,123,0,211,433,298,135,NA,433,350,306,44,NA,350
M14 [Patient Services],'14.3.2.b',Inpatient (Female)- Adults,TOTAL,11064,7881,3183,0,11064,262,262,NA,NA,262,254,254,NA,NA,254,5232,2994,2238,NA,5232,296,296,NA,NA,296,606,518,88,NA,606,142,142,NA,NA,142,479,479,NA,NA,479,151,151,NA,NA,151,1333,894,439,0,1333,1298,960,338,NA,1298,1011,931,80,NA,1011
M14 [Patient Services],'14.3.3',Number of Left Against Medical Advice (LAMA) cases,TOTAL,251,185,66,0,251,7,7,NA,NA,7,6,6,NA,NA,6,127,74,53,NA,127,1,1,NA,NA,1,11,11,NA,NA,11,1,1,NA,NA,1,7,7,NA,NA,7,3,3,NA,NA,3,49,40,9,0,49,26,26,NA,NA,26,13,9,4,NA,13
M14 [Patient Services],'14.4.1',Inpatient - Malaria,TOTAL,25,24,1,0,25,0,0,NA,NA,0,0,0,NA,NA,0,2,1,1,NA,2,4,4,NA,NA,4,1,1,0,NA,1,11,11,NA,NA,11,1,1,NA,NA,1,0,0,NA,NA,0,2,2,0,0,2,0,0,NA,NA,0,4,4,0,NA,4
M14 [Patient Services],'14.4.2',Inpatient - Dengue,TOTAL,2,1,1,0,2,0,0,NA,NA,0,0,0,NA,NA,0,0,0,0,NA,0,0,0,NA,NA,0,2,1,1,NA,2,0,0,NA,NA,0,0,0,NA,NA,0,0,0,NA,NA,0,0,0,0,0,0,0,0,NA,NA,0,0,0,0,NA,0
M14 [Patient Services],'14.4.3',Inpatient - Typhoid,TOTAL,195,161,34,0,195,4,4,NA,NA,4,13,13,NA,NA,13,22,10,12,NA,22,39,39,NA,NA,39,89,73,16,NA,89,5,5,NA,NA,5,0,0,NA,NA,0,4,4,NA,NA,4,7,2,5,0,7,6,6,NA,NA,6,6,5,1,NA,6
M14 [Patient Services],'14.4.4',"Inpatient - Asthma, Chronic Obstructive Pulmonary Disease (COPD), Respiratory infections",TOTAL,1062,709,353,0,1062,8,8,NA,NA,8,40,40,NA,NA,40,426,96,330,NA,426,28,28,NA,NA,28,186,175,11,NA,186,10,10,NA,NA,10,22,22,NA,NA,22,94,94,NA,NA,94,21,10,11,0,21,105,105,NA,NA,105,122,121,1,NA,122
M14 [Patient Services],'14.4.5',Inpatient - Tuberculosis,TOTAL,137,66,71,0,137,3,3,NA,NA,3,0,0,NA,NA,0,85,26,59,NA,85,1,1,NA,NA,1,6,2,4,NA,6,2,2,NA,NA,2,2,2,NA,NA,2,0,0,NA,NA,0,19,13,6,0,19,8,8,NA,NA,8,11,9,2,NA,11
M14 [Patient Services],'14.4.6',Inpatient - Pyrexia of unknown origin (PUO),TOTAL,681,669,12,0,681,4,4,NA,NA,4,53,53,NA,NA,53,77,72,5,NA,77,24,24,NA,NA,24,181,178,3,NA,181,12,12,NA,NA,12,79,79,NA,NA,79,4,4,NA,NA,4,107,103,4,0,107,63,63,NA,NA,63,77,77,0,NA,77
M14 [Patient Services],'14.4.7',Inpatient - Diarrhea with dehydration,TOTAL,1085,900,185,0,1085,18,18,NA,NA,18,10,10,NA,NA,10,391,221,170,NA,391,63,63,NA,NA,63,166,159,7,NA,166,22,22,NA,NA,22,34,34,NA,NA,34,58,58,NA,NA,58,81,73,8,0,81,148,148,NA,NA,148,94,94,0,NA,94
M14 [Patient Services],'14.4.8',Inpatient - Hepatitis,TOTAL,78,24,54,0,78,2,2,NA,NA,2,0,0,NA,NA,0,39,3,36,NA,39,0,0,NA,NA,0,2,2,0,NA,2,0,0,NA,NA,0,0,0,NA,NA,0,0,0,NA,NA,0,27,10,17,0,27,2,2,NA,NA,2,6,5,1,NA,6
M14 [Patient Services],'14.5',Patients registered at Emergency Department,TOTAL,16218,12276,3942,NA,16218,761,761,NA,NA,761,668,668,NA,NA,668,8834,5204,3630,NA,8834,351,351,NA,NA,351,856,643,213,NA,856,207,207,NA,NA,207,204,204,NA,NA,204,339,339,NA,NA,339,1965,1902,63,NA,1965,1470,1470,NA,NA,1470,563,527,36,NA,563
M14 [Patient Services],'14.6.1',"Emergency - Trauma ( accident, injury, poisoning etc)",TOTAL,2391,2220,171,NA,2391,143,143,NA,NA,143,659,659,NA,NA,659,773,619,154,NA,773,43,43,NA,NA,43,312,303,9,NA,312,21,21,NA,NA,21,140,140,NA,NA,140,5,5,NA,NA,5,92,84,8,NA,92,142,142,NA,NA,142,61,61,0,NA,61
M14 [Patient Services],'14.6.2',Emergency - Burn,TOTAL,27,24,3,NA,27,2,2,NA,NA,2,3,3,NA,NA,3,8,5,3,NA,8,0,0,NA,NA,0,5,5,0,NA,5,0,0,NA,NA,0,3,3,NA,NA,3,0,0,NA,NA,0,4,4,0,NA,4,2,2,NA,NA,2,0,0,0,NA,0
M14 [Patient Services],'14.6.3',Emergency - Obstetrics complications,TOTAL,388,300,88,NA,388,12,12,NA,NA,12,2,2,NA,NA,2,142,57,85,NA,142,1,1,NA,NA,1,44,44,0,NA,44,1,1,NA,NA,1,11,11,NA,NA,11,27,27,NA,NA,27,111,108,3,NA,111,24,24,NA,NA,24,13,13,0,NA,13
M14 [Patient Services],'14.6.4',Emergency - Snake Bite,TOTAL,37,34,3,NA,37,0,0,NA,NA,0,3,3,NA,NA,3,7,4,3,NA,7,15,15,NA,NA,15,1,1,0,NA,1,1,1,NA,NA,1,0,0,NA,NA,0,4,4,NA,NA,4,5,5,0,NA,5,0,0,NA,NA,0,1,1,0,NA,1
M14 [Patient Services],'14.6.5',Emergency - Acute Caridiac Emergencies,TOTAL,35,31,4,NA,35,0,0,NA,NA,0,1,1,NA,NA,1,2,2,0,NA,2,0,0,NA,NA,0,0,0,0,NA,0,2,2,NA,NA,2,1,1,NA,NA,1,0,0,NA,NA,0,29,25,4,NA,29,0,0,NA,NA,0,0,0,0,NA,0
M14 [Patient Services],'14.6.7',Emergency - CVA ( Cerebovascular Disease),TOTAL,39,26,13,NA,39,1,1,NA,NA,1,0,0,NA,NA,0,21,11,10,NA,21,0,0,NA,NA,0,0,0,0,NA,0,0,0,NA,NA,0,1,1,NA,NA,1,0,0,NA,NA,0,9,6,3,NA,9,5,5,NA,NA,5,2,2,0,NA,2
M14 [Patient Services],'14.7',Number of deaths occurring at Emergency Department,TOTAL,87,80,7,NA,87,0,0,NA,NA,0,0,0,NA,NA,0,13,10,3,NA,13,0,0,NA,NA,0,1,0,1,NA,1,0,0,NA,NA,0,1,1,NA,NA,1,1,1,NA,NA,1,68,66,2,NA,68,0,0,NA,NA,0,3,2,1,NA,3
M14 [Patient Services],'14.8.1',Operation major (General and spinal anaesthesia),TOTAL,1106,400,706,0,1106,1,1,NA,NA,1,0,0,NA,NA,0,816,262,554,NA,816,0,0,NA,NA,0,9,1,8,NA,9,NA,NA,NA,NA,NA,0,0,NA,NA,0,NA,NA,NA,NA,NA,143,82,61,0,143,125,42,83,NA,125,12,12,NA,NA,12
M14 [Patient Services],'14.8.2',"Out of Operation major, Gynecology- Hysterectomy surgeries",TOTAL,46,21,25,0,46,0,0,NA,NA,0,0,0,NA,NA,0,38,18,20,NA,38,0,0,NA,NA,0,0,0,0,NA,0,NA,NA,NA,NA,NA,0,0,NA,NA,0,NA,NA,NA,NA,NA,5,0,5,0,5,3,3,NA,NA,3,0,0,NA,NA,0
M14 [Patient Services],'14.8.3',"Major Surgeries excluding Obstetrics, Gynaecology and Opthalmology etc.",TOTAL,416,189,227,NA,416,0,0,NA,NA,0,NA,NA,NA,NA,NA,328,109,219,NA,328,NA,NA,NA,NA,NA,1,1,0,NA,1,NA,NA,NA,NA,NA,NA,NA,NA,NA,NA,NA,NA,NA,NA,NA,73,65,8,NA,73,2,2,NA,NA,2,12,12,NA,NA,12
M14 [Patient Services],'14.8.4',Operation minor (No or local anaesthesia),TOTAL,2441,1925,516,3,2438,48,48,NA,NA,48,186,186,NA,NA,186,995,635,360,3,992,46,46,NA,NA,46,54,50,4,NA,54,18,18,NA,NA,18,147,147,NA,NA,147,3,3,NA,NA,3,457,438,19,0,457,315,201,114,NA,315,172,153,19,NA,172
M14 [Patient Services],'14.8.5',Number of post operative Surgical Site infection,TOTAL,19,17,2,NA,19,0,0,NA,NA,0,NA,NA,NA,NA,NA,19,17,2,NA,19,NA,NA,NA,NA,NA,0,NA,0,NA,0,NA,NA,NA,NA,NA,NA,NA,NA,NA,NA,NA,NA,NA,NA,NA,0,0,0,NA,0,0,0,NA,NA,0,0,0,NA,NA,0
M14 [Patient Services],'14.8.6',Number of blood units issued,TOTAL,416,235,181,0,416,0,0,NA,NA,0,0,0,NA,NA,0,181,0,181,NA,181,0,0,NA,NA,0,0,0,0,NA,0,NA,NA,NA,NA,NA,0,0,NA,NA,0,NA,NA,NA,NA,NA,235,235,0,0,235,0,0,NA,NA,0,0,0,NA,NA,0
M14 [Patient Services],'14.8.7',Number of blood transfusions done,TOTAL,446,235,211,0,446,0,0,NA,NA,0,0,0,NA,NA,0,181,0,181,NA,181,0,0,NA,NA,0,0,0,0,NA,0,NA,NA,NA,NA,NA,0,0,NA,NA,0,NA,NA,NA,NA,NA,265,235,30,0,265,0,0,NA,NA,0,0,0,NA,NA,0
M14 [Patient Services],'14.9.1',Inpatient Deaths - Male,TOTAL,144,84,60,0,144,4,4,NA,NA,4,1,1,NA,NA,1,85,48,37,NA,85,1,1,NA,NA,1,6,4,2,NA,6,0,0,NA,NA,0,1,1,NA,NA,1,0,0,NA,NA,0,28,17,11,0,28,12,3,9,NA,12,6,5,1,NA,6
M14 [Patient Services],'14.9.2',Inpatient Deaths - Female,TOTAL,95,52,43,0,95,3,3,NA,NA,3,0,0,NA,NA,0,49,15,34,NA,49,1,1,NA,NA,1,5,2,3,NA,5,0,0,NA,NA,0,0,0,NA,NA,0,1,1,NA,NA,1,21,16,5,0,21,9,8,1,NA,9,6,6,0,NA,6
M14 [Patient Services],'14.10',In-Patient Head Count at midnight,TOTAL,77064,59919,17145,0,77064,1551,1551,NA,NA,1551,711,711,NA,NA,711,47231,33498,13733,NA,47231,652,652,NA,NA,652,2968,2736,232,NA,2968,1449,1449,NA,NA,1449,1843,1843,NA,NA,1843,989,989,NA,NA,989,7373,6769,604,0,7373,6660,4611,2049,NA,6660,5637,5110,527,NA,5637
M14 [Patient Services],'14.11',Number of Admission in NBSU ( New Born Stabilisation Unit),TOTAL,1014,874,140,0,1014,8,8,NA,NA,8,0,0,NA,NA,0,66,0,66,NA,66,838,838,NA,NA,838,21,2,19,NA,21,0,0,NA,NA,0,0,0,NA,NA,0,NA,NA,NA,NA,NA,64,9,55,0,64,0,0,NA,NA,0,17,17,NA,NA,17
M14 [Patient Services],'14.12.1',Special Newborn Care Unit (SNCU Admissions) - Inborn Male,TOTAL,162,97,65,NA,162,7,7,NA,NA,7,0,0,NA,NA,0,132,67,65,NA,132,0,0,NA,NA,0,0,0,NA,NA,0,0,0,NA,NA,0,0,0,NA,NA,0,0,0,NA,NA,0,8,8,0,NA,8,15,15,NA,NA,15,NA,NA,NA,NA,NA
M14 [Patient Services],'14.12.2',Special Newborn Care Unit (SNCU Admissions) - Inborn Female,TOTAL,117,59,58,NA,117,2,2,NA,NA,2,0,0,NA,NA,0,108,50,58,NA,108,0,0,NA,NA,0,0,0,NA,NA,0,0,0,NA,NA,0,0,0,NA,NA,0,1,1,NA,NA,1,2,2,0,NA,2,4,4,NA,NA,4,NA,NA,NA,NA,NA
M14 [Patient Services],'14.12.3',Outborn – Male,TOTAL,78,37,41,NA,78,3,3,NA,NA,3,0,0,NA,NA,0,65,24,41,NA,65,0,0,NA,NA,0,0,0,NA,NA,0,NA,NA,NA,NA,NA,0,0,NA,NA,0,0,0,NA,NA,0,4,4,0,NA,4,6,6,NA,NA,6,NA,NA,NA,NA,NA
M14 [Patient Services],'14.12.4',Outborn - Female,TOTAL,64,37,27,NA,64,3,3,NA,NA,3,0,0,NA,NA,0,54,27,27,NA,54,0,0,NA,NA,0,0,0,NA,NA,0,NA,NA,NA,NA,NA,0,0,NA,NA,0,0,0,NA,NA,0,2,2,0,NA,2,5,5,NA,NA,5,NA,NA,NA,NA,NA
M14 [Patient Services],'14.12.5',Number of newborns admitted in SNCU - referred by ASHA,TOTAL,0,0,0,NA,0,0,0,NA,NA,0,0,0,NA,NA,0,0,0,0,NA,0,0,0,NA,NA,0,0,0,NA,NA,0,NA,NA,NA,NA,NA,0,0,NA,NA,0,0,0,NA,NA,0,0,0,0,NA,0,0,0,NA,NA,0,NA,NA,NA,NA,NA
M14 [Patient Services],'14.13',Number of deaths occurring at SNCU,TOTAL,47,34,13,NA,47,2,2,NA,NA,2,0,0,NA,NA,0,38,25,13,NA,38,0,0,NA,NA,0,0,0,NA,NA,0,NA,NA,NA,NA,NA,0,0,NA,NA,0,0,0,NA,NA,0,0,0,0,NA,0,7,7,NA,NA,7,NA,NA,NA,NA,NA
M14 [Patient Services],'14.14.1',Number of children admitted in NRC,TOTAL,26,26,0,0,26,1,1,NA,NA,1,0,0,NA,NA,0,3,3,NA,NA,3,0,0,NA,NA,0,10,10,NA,NA,10,1,1,NA,NA,1,0,0,NA,NA,0,NA,NA,NA,NA,NA,1,1,0,0,1,NA,NA,NA,NA,NA,10,10,NA,NA,10
M14 [Patient Services],'14.14.2',Number of children discharged with target weight gain from the NRCs,TOTAL,13,13,0,0,13,1,1,NA,NA,1,0,0,NA,NA,0,3,3,NA,NA,3,0,0,NA,NA,0,2,2,NA,NA,2,0,0,NA,NA,0,0,0,NA,NA,0,NA,NA,NA,NA,NA,0,0,0,0,0,NA,NA,NA,NA,NA,7,7,NA,NA,7
M14 [Patient Services],'14.15',Number of Rogi Kalyan Samiti (RKS) meetings held,TOTAL,4,4,0,0,4,0,0,NA,NA,0,0,0,NA,NA,0,1,1,NA,NA,1,0,0,NA,NA,0,0,0,NA,NA,0,0,0,NA,NA,0,0,0,NA,NA,0,0,0,NA,NA,0,0,0,0,0,0,1,1,NA,NA,1,2,2,NA,NA,2
M14 [Patient Services],'14.16',Number of Anganwadi centres/ UPHCs reported to have conducted Village Health & Nutrition Day (VHNDs)/ Urban Health & Nutrition Day (UHNDs)/ Outreach / Special Outreach,TOTAL,3281,3281,0,29,3252,248,248,NA,NA,248,70,70,NA,NA,70,491,491,0,16,475,283,283,NA,NA,283,171,171,NA,NA,171,144,144,NA,NA,144,279,279,NA,NA,279,89,89,NA,NA,89,747,747,NA,7,740,233,233,NA,1,232,526,526,NA,5,521
M14 [Patient Services],'14.17',Stock out rate of essential Drugs,TOTAL,NA,NA,NA,NA,NA,NA,NA,NA,NA,NA,NA,NA,NA,NA,NA,NA,NA,NA,NA,NA,NA,NA,NA,NA,NA,NA,NA,NA,NA,NA,NA,NA,NA,NA,NA,NA,NA,NA,NA,NA,NA,NA,NA,NA,NA,NA,NA,NA,NA,NA,NA,NA,NA,NA,NA,NA,NA,NA,NA,NA
M14 [Patient Services],'14.18',Blood Units Issued on replacement (Family Donors to be considered as replacement donations),TOTAL,396,355,41,NA,396,NA,NA,NA,NA,NA,NA,NA,NA,NA,NA,41,0,41,NA,41,NA,NA,NA,NA,NA,NA,NA,NA,NA,NA,NA,NA,NA,NA,NA,NA,NA,NA,NA,NA,NA,NA,NA,NA,NA,341,341,0,NA,341,14,14,NA,NA,14,NA,NA,NA,NA,NA
M14 [Patient Services],'14.19',Total number of blood units issued in year,TOTAL,509,401,108,NA,509,NA,NA,NA,NA,NA,NA,NA,NA,NA,NA,108,NA,108,NA,108,NA,NA,NA,NA,NA,NA,NA,NA,NA,NA,NA,NA,NA,NA,NA,NA,NA,NA,NA,NA,NA,NA,NA,NA,NA,374,374,0,NA,374,27,27,NA,NA,27,NA,NA,NA,NA,NA
M14 [Patient Services],'14.20',Patient Satisfaction Score of the facility in percentage (from Mera Aspatal),TOTAL,NA,NA,NA,NA,NA,NA,NA,NA,NA,NA,NA,NA,NA,NA,NA,NA,NA,NA,NA,NA,NA,NA,NA,NA,NA,NA,NA,NA,NA,NA,NA,NA,NA,NA,NA,NA,NA,NA,NA,NA,NA,NA,NA,NA,NA,NA,NA,NA,NA,NA,NA,NA,NA,NA,NA,NA,NA,NA,NA,NA
M15 [Laboratory Testing],'15.1',Number of Lab Tests done,TOTAL,206844,125494,81350,1557,205287,3391,3391,NA,NA,3391,3553,3553,NA,NA,3553,123973,50147,73826,613,123360,1863,1863,NA,NA,1863,10665,7763,2902,NA,10665,1879,1879,NA,NA,1879,8801,8801,NA,NA,8801,1244,1244,NA,NA,1244,30221,26243,3978,90,30131,8606,8606,NA,854,7752,12648,12004,644,NA,12648
M15 [Laboratory Testing],'15.2.1',Number of Hb tests conducted,TOTAL,33961,22694,11267,268,33693,667,667,NA,NA,667,919,919,NA,NA,919,16186,7919,8267,212,15974,713,713,NA,NA,713,3182,2808,374,NA,3182,725,725,NA,NA,725,1066,1066,NA,NA,1066,511,511,NA,NA,511,4674,3249,1425,24,4650,2844,1984,860,28,2816,2474,2133,341,4,2470
M15 [Laboratory Testing],'15.2.2',"Out of the total number of Hb tests done, Number having Hb < 7 mg",TOTAL,884,572,312,4,880,3,3,NA,NA,3,8,8,NA,NA,8,432,236,196,3,429,16,16,NA,NA,16,85,65,20,NA,85,1,1,NA,NA,1,26,26,NA,NA,26,8,8,NA,NA,8,185,127,58,1,184,77,40,37,0,77,43,42,1,0,43
M15 [Laboratory Testing],'15.3.1.a',Male HIV - Number Tested,TOTAL,1539,853,686,10,1529,20,20,NA,NA,20,52,52,NA,NA,52,726,239,487,6,720,0,0,NA,NA,0,78,63,15,NA,78,12,12,NA,NA,12,75,75,NA,NA,75,4,4,NA,NA,4,261,222,39,1,260,256,126,130,3,253,55,40,15,NA,55
M15 [Laboratory Testing],'15.3.1.b',Male HIV - Number Positive,TOTAL,53,33,20,0,53,0,0,NA,NA,0,4,4,NA,NA,4,31,17,14,0,31,0,0,NA,NA,0,2,1,1,NA,2,0,0,NA,NA,0,0,0,NA,NA,0,0,0,NA,NA,0,0,0,0,0,0,16,11,5,0,16,0,0,0,NA,0
M15 [Laboratory Testing],'15.3.2.a',Female Non ANC HIV - Number Tested,TOTAL,2146,1152,994,11,2135,14,14,NA,NA,14,54,54,NA,NA,54,1081,395,686,6,1075,0,0,NA,NA,0,64,50,14,NA,64,18,18,NA,NA,18,172,172,NA,NA,172,22,22,NA,NA,22,312,255,57,0,312,350,118,232,5,345,59,54,5,NA,59
M15 [Laboratory Testing],'15.3.2.b',Female Non ANC HIV - Number Positive,TOTAL,51,33,18,1,50,0,0,NA,NA,0,1,1,NA,NA,1,20,7,13,0,20,0,0,NA,NA,0,1,1,0,NA,1,0,0,NA,NA,0,0,0,NA,NA,0,0,0,NA,NA,0,15,15,0,0,15,13,8,5,1,12,1,1,0,NA,1
M15 [Laboratory Testing],'15.3.3.a',Number of pregnant women screened for HIV,TOTAL,7256,6623,633,124,7132,276,276,NA,NA,276,374,374,NA,NA,374,1977,1717,260,74,1903,242,242,NA,NA,242,685,651,34,NA,685,186,186,NA,NA,186,600,600,NA,NA,600,94,94,NA,NA,94,840,674,166,14,826,827,689,138,32,795,1155,1120,35,4,1151
M15 [Laboratory Testing],'15.3.3.b',"Out of the above, number screened positive",TOTAL,89,88,1,0,89,0,0,NA,NA,0,5,5,NA,NA,5,5,4,1,0,5,0,0,NA,NA,0,0,0,0,NA,0,0,0,NA,NA,0,0,0,NA,NA,0,0,0,NA,NA,0,78,78,0,0,78,1,1,0,0,1,0,0,0,0,0
M15 [Laboratory Testing],'15.3.3.c',"Out of the above number screened positive, number confirmed with HIV infection at Integrated Counselling and Testing Centre (ICTC)",TOTAL,244,243,1,0,244,0,0,NA,NA,0,1,1,NA,NA,1,4,3,1,0,4,0,0,NA,NA,0,1,1,0,NA,1,0,0,NA,NA,0,0,0,NA,NA,0,0,0,NA,NA,0,0,0,0,0,0,238,238,NA,0,238,0,0,0,NA,0
M15 [Laboratory Testing],'15.3.4.a',Number of Male STI/RTI attendees tested for syphilis,TOTAL,466,437,29,0,466,13,13,NA,NA,13,23,23,NA,NA,23,194,168,26,0,194,0,0,NA,NA,0,41,41,0,NA,41,11,11,NA,NA,11,5,5,NA,NA,5,0,0,NA,NA,0,20,20,0,0,20,79,79,NA,0,79,80,77,3,NA,80
M15 [Laboratory Testing],'15.3.4.b',Number of Male STI/RTI attendees found sero Positive for syphilis,TOTAL,23,15,8,0,23,0,0,NA,NA,0,4,4,NA,NA,4,15,8,7,0,15,0,0,NA,NA,0,1,1,NA,NA,1,0,0,NA,NA,0,0,0,NA,NA,0,0,0,NA,NA,0,0,0,0,0,0,2,2,NA,0,2,1,0,1,NA,1
M15 [Laboratory Testing],'15.3.4.c',Number of Female (Non ANC)STI/RTI attendees tested for syphilis,TOTAL,839,586,253,0,839,13,13,NA,NA,13,67,67,NA,NA,67,468,217,251,0,468,45,45,NA,NA,45,47,46,1,NA,47,17,17,NA,NA,17,11,11,NA,NA,11,1,1,NA,NA,1,28,28,0,0,28,93,93,NA,0,93,49,48,1,NA,49
M15 [Laboratory Testing],'15.3.4.d',Number of Female (Non ANC) STI/RTI attendees found sero Positive for syphilis,TOTAL,34,29,5,0,34,0,0,NA,NA,0,5,5,NA,NA,5,18,13,5,0,18,0,0,NA,NA,0,2,2,NA,NA,2,0,0,NA,NA,0,0,0,NA,NA,0,0,0,NA,NA,0,0,0,0,0,0,8,8,NA,0,8,1,1,0,NA,1
M15 [Laboratory Testing],'15.4.1',Widal tests - Number Tested,TOTAL,5816,4677,1139,3,5813,15,15,NA,NA,15,533,533,NA,NA,533,1046,643,403,3,1043,218,218,NA,NA,218,763,673,90,NA,763,246,246,NA,NA,246,412,412,NA,NA,412,49,49,NA,NA,49,809,449,360,0,809,1200,969,231,NA,1200,525,470,55,NA,525
M15 [Laboratory Testing],'15.4.2',Widal tests - Number Positive,TOTAL,1138,947,191,1,1137,1,1,NA,NA,1,108,108,NA,NA,108,144,107,37,1,143,82,82,NA,NA,82,67,37,30,NA,67,37,37,NA,NA,37,1,1,NA,NA,1,9,9,NA,NA,9,26,8,18,0,26,524,425,99,NA,524,139,132,7,NA,139
M15 [Laboratory Testing],'15.5.1',Radiology - X-ray,TOTAL,11813,5031,6782,NA,11813,192,192,NA,NA,192,118,118,NA,NA,118,8357,2393,5964,NA,8357,98,98,NA,NA,98,487,179,308,NA,487,214,214,NA,NA,214,328,328,NA,NA,328,0,0,NA,NA,0,1135,722,413,NA,1135,576,576,NA,NA,576,308,211,97,NA,308
M15 [Laboratory Testing],'15.5.2',Radiology - Ultrasonography (USG),TOTAL,11122,2239,8883,NA,11122,0,0,NA,NA,0,NA,NA,NA,NA,NA,9268,1668,7600,NA,9268,NA,NA,NA,NA,NA,396,24,372,NA,396,25,25,NA,NA,25,240,240,NA,NA,240,NA,NA,NA,NA,NA,1097,186,911,NA,1097,96,96,NA,NA,96,NA,NA,NA,NA,NA
M16 [Details of deaths reported with probable causes:],'16.1',Infant deaths within 24 hrs(1 to 23 Hrs) of birth,TOTAL,34,31,3,1,33,0,0,NA,NA,0,2,2,NA,NA,2,9,9,0,NA,9,0,0,NA,NA,0,0,0,NA,NA,0,0,0,NA,NA,0,1,1,NA,NA,1,4,4,NA,NA,4,5,4,1,1,4,9,7,2,NA,9,4,4,0,0,4
M16 [Details of deaths reported with probable causes:],'16.2.1',Infant Deaths up to 4 weeks due to Sepsis,TOTAL,14,9,5,0,14,1,1,NA,NA,1,0,0,NA,NA,0,6,1,5,NA,6,2,2,NA,NA,2,1,1,NA,NA,1,0,0,NA,NA,0,0,0,NA,NA,0,0,0,NA,NA,0,1,1,0,0,1,1,1,NA,NA,1,2,2,0,0,2
M16 [Details of deaths reported with probable causes:],'16.2.2',Infant Deaths up to 4 weeks due to Asphyxia,TOTAL,14,9,5,0,14,1,1,NA,NA,1,0,0,NA,NA,0,7,3,4,NA,7,0,0,NA,NA,0,1,1,NA,NA,1,0,0,NA,NA,0,0,0,NA,NA,0,0,0,NA,NA,0,4,3,1,0,4,1,1,NA,NA,1,0,0,0,0,0
M16 [Details of deaths reported with probable causes:],'16.2.3',Infant Deaths up to 4 weeks due to Other causes,TOTAL,37,30,7,0,37,1,1,NA,NA,1,1,1,NA,NA,1,13,8,5,NA,13,3,3,NA,NA,3,2,2,NA,NA,2,0,0,NA,NA,0,1,1,NA,NA,1,3,3,NA,NA,3,3,3,0,0,3,4,2,2,NA,4,6,6,0,0,6
M16 [Details of deaths reported with probable causes:],'16.3.1',Number of Infant Deaths (1 -12 months) due to Pneumonia,TOTAL,21,21,0,0,21,1,1,NA,NA,1,0,0,NA,NA,0,4,4,0,NA,4,1,1,NA,NA,1,3,3,NA,NA,3,1,1,NA,NA,1,2,2,NA,NA,2,0,0,NA,NA,0,6,6,0,0,6,3,3,NA,NA,3,0,0,0,0,0
M16 [Details of deaths reported with probable causes:],'16.3.2',Number of Infant Deaths (1 -12 months) due to Diarrhoea,TOTAL,5,5,0,0,5,0,0,NA,NA,0,0,0,NA,NA,0,0,0,0,NA,0,1,1,NA,NA,1,0,0,NA,NA,0,1,1,NA,NA,1,0,0,NA,NA,0,0,0,NA,NA,0,1,1,0,0,1,0,0,NA,NA,0,2,2,0,0,2
M16 [Details of deaths reported with probable causes:],'16.3.3',Number of Infant Deaths (1 -12 months) due to Fever related,TOTAL,10,10,0,0,10,0,0,NA,NA,0,0,0,NA,NA,0,0,0,0,NA,0,0,0,NA,NA,0,1,1,NA,NA,1,1,1,NA,NA,1,1,1,NA,NA,1,5,5,NA,NA,5,1,1,0,0,1,1,1,NA,NA,1,0,0,0,0,0
M16 [Details of deaths reported with probable causes:],'16.3.4',Number of Infant Deaths (1 -12 months) due to Measles,TOTAL,0,0,0,0,0,0,0,NA,NA,0,0,0,NA,NA,0,0,0,0,NA,0,0,0,NA,NA,0,0,0,NA,NA,0,0,0,NA,NA,0,0,0,NA,NA,0,0,0,NA,NA,0,0,0,0,0,0,0,0,NA,NA,0,0,0,0,0,0
M16 [Details of deaths reported with probable causes:],'16.3.5',Number of Infant Deaths (1 -12 months) due to Others,TOTAL,27,23,4,0,27,2,2,NA,NA,2,0,0,NA,NA,0,14,10,4,NA,14,0,0,NA,NA,0,1,1,NA,NA,1,0,0,NA,NA,0,1,1,NA,NA,1,1,1,NA,NA,1,4,4,0,0,4,3,3,NA,NA,3,1,1,0,0,1
M16 [Details of deaths reported with probable causes:],'16.4.1',Number of Child Deaths (1 -5 years) due to Pneumonia,TOTAL,10,8,2,0,10,0,0,NA,NA,0,0,0,NA,NA,0,3,1,2,NA,3,0,0,NA,NA,0,2,2,NA,NA,2,0,0,NA,NA,0,2,2,NA,NA,2,0,0,NA,NA,0,2,2,0,0,2,0,0,NA,NA,0,1,1,0,0,1
M16 [Details of deaths reported with probable causes:],'16.4.2',Number of Child Deaths (1 -5 years) due to Diarrhoea,TOTAL,0,0,0,0,0,0,0,NA,NA,0,0,0,NA,NA,0,0,0,0,NA,0,0,0,NA,NA,0,0,0,NA,NA,0,0,0,NA,NA,0,0,0,NA,NA,0,0,0,NA,NA,0,0,0,0,0,0,0,0,NA,NA,0,0,0,0,0,0
M16 [Details of deaths reported with probable causes:],'16.4.3',Number of Child Deaths (1 -5 years) due to Fever related,TOTAL,4,4,0,0,4,1,1,NA,NA,1,0,0,NA,NA,0,0,0,0,NA,0,0,0,NA,NA,0,2,2,NA,NA,2,0,0,NA,NA,0,0,0,NA,NA,0,0,0,NA,NA,0,0,0,0,0,0,1,1,NA,NA,1,0,0,0,0,0
M16 [Details of deaths reported with probable causes:],'16.4.4',Number of Child Deaths (1 -5 years) due to Measles,TOTAL,1,1,0,0,1,0,0,NA,NA,0,0,0,NA,NA,0,0,0,0,NA,0,0,0,NA,NA,0,0,0,NA,NA,0,0,0,NA,NA,0,0,0,NA,NA,0,0,0,NA,NA,0,0,0,0,0,0,0,0,NA,NA,0,1,1,0,0,1
M16 [Details of deaths reported with probable causes:],'16.4.5',Number of Child Deaths (1 -5 years) due to Others,TOTAL,27,26,1,0,27,2,2,NA,NA,2,0,0,NA,NA,0,10,9,1,NA,10,1,1,NA,NA,1,2,2,NA,NA,2,0,0,NA,NA,0,2,2,NA,NA,2,1,1,NA,NA,1,2,2,0,0,2,6,6,NA,NA,6,1,1,0,0,1
M16 [Details of deaths reported with probable causes:],'16.5.1',Number of Maternal Deaths due to Bleeding,TOTAL,4,4,0,0,4,0,0,NA,NA,0,0,0,NA,NA,0,0,0,0,NA,0,0,0,NA,NA,0,1,1,NA,NA,1,1,1,NA,NA,1,0,0,NA,NA,0,1,1,NA,NA,1,0,0,0,0,0,0,0,NA,NA,0,1,1,0,0,1
M16 [Details of deaths reported with probable causes:],'16.5.2',Number of Maternal Deaths due to High fever,TOTAL,0,0,0,0,0,0,0,NA,NA,0,0,0,NA,NA,0,0,0,0,NA,0,0,0,NA,NA,0,0,0,NA,NA,0,0,0,NA,NA,0,0,0,NA,NA,0,0,0,NA,NA,0,0,0,0,0,0,0,0,NA,NA,0,0,0,0,0,0
M16 [Details of deaths reported with probable causes:],'16.5.3',Number of Maternal Deaths due to Abortion,TOTAL,0,0,0,0,0,0,0,NA,NA,0,0,0,NA,NA,0,0,0,0,NA,0,0,0,NA,NA,0,0,0,NA,NA,0,0,0,NA,NA,0,0,0,NA,NA,0,0,0,NA,NA,0,0,0,0,0,0,0,0,NA,NA,0,0,0,0,0,0
M16 [Details of deaths reported with probable causes:],'16.5.4',Number of Maternal Deaths due to Obstructed/prolonged labour,TOTAL,2,1,1,0,2,0,0,NA,NA,0,0,0,NA,NA,0,0,0,0,NA,0,0,0,NA,NA,0,0,0,NA,NA,0,0,0,NA,NA,0,0,0,NA,NA,0,0,0,NA,NA,0,2,1,1,0,2,0,0,NA,NA,0,0,0,0,0,0
M16 [Details of deaths reported with probable causes:],'16.5.5',Number of Maternal Deaths due to Severe hypertesnion/fits,TOTAL,1,1,0,0,1,0,0,NA,NA,0,0,0,NA,NA,0,1,1,0,NA,1,0,0,NA,NA,0,0,0,NA,NA,0,0,0,NA,NA,0,0,0,NA,NA,0,0,0,NA,NA,0,0,0,0,0,0,0,0,NA,NA,0,0,0,0,0,0
M16 [Details of deaths reported with probable causes:],'16.5.6',Number of Maternal Deaths due to Other Causes (including causes not known),TOTAL,10,6,4,0,10,0,0,NA,NA,0,0,0,NA,NA,0,5,1,4,NA,5,0,0,NA,NA,0,2,2,NA,NA,2,0,0,NA,NA,0,0,0,NA,NA,0,0,0,NA,NA,0,1,1,0,0,1,0,0,NA,NA,0,2,2,0,0,2
M16 [Details of deaths reported with probable causes:],'16.6',Total Facility Based Maternal Death Reviews (FBMDR) done,TOTAL,0,0,0,NA,0,0,0,NA,NA,0,0,0,NA,NA,0,0,0,0,NA,0,0,0,NA,NA,0,0,0,NA,NA,0,0,0,NA,NA,0,0,0,NA,NA,0,0,0,NA,NA,0,0,0,0,NA,0,0,0,NA,NA,0,0,0,0,NA,0
M16 [Details of deaths reported with probable causes:],'16.7.1',Number of Adolscent / Adult deaths due to Diarrhoeal diseases,TOTAL,11,11,0,0,11,0,0,NA,NA,0,0,0,NA,NA,0,0,0,0,NA,0,0,0,NA,NA,0,1,1,NA,NA,1,0,0,NA,NA,0,0,0,NA,NA,0,5,5,NA,NA,5,0,0,0,0,0,2,2,NA,NA,2,3,3,0,0,3
M16 [Details of deaths reported with probable causes:],'16.7.2',Number of Adolscent / Adult deaths due to Tuberculosis,TOTAL,19,16,3,1,18,1,1,NA,NA,1,0,0,NA,NA,0,9,6,3,1,8,0,0,NA,NA,0,1,1,NA,NA,1,0,0,NA,NA,0,0,0,NA,NA,0,1,1,NA,NA,1,0,0,0,0,0,4,4,NA,NA,4,3,3,0,0,3
M16 [Details of deaths reported with probable causes:],'16.7.3',Number of Adolscent / Adult deaths due to Respiratory diseases including infections (other than TB),TOTAL,37,32,5,2,35,2,2,NA,NA,2,0,0,NA,NA,0,11,8,3,NA,11,2,2,NA,NA,2,6,4,2,NA,6,0,0,NA,NA,0,5,5,NA,NA,5,2,2,NA,NA,2,4,4,0,1,3,3,3,NA,1,2,2,2,0,0,2
M16 [Details of deaths reported with probable causes:],'16.7.4',Number of Adolscent / Adult deaths due to Other Fever Related,TOTAL,40,31,9,1,39,3,3,NA,NA,3,0,0,NA,NA,0,5,2,3,NA,5,2,2,NA,NA,2,0,0,NA,NA,0,4,4,NA,NA,4,4,4,NA,NA,4,1,1,NA,NA,1,13,13,0,1,12,8,2,6,NA,8,0,0,0,0,0
M16 [Details of deaths reported with probable causes:],'16.7.5',Number of Adolscent / Adult deaths due to HIV/AIDS,TOTAL,0,0,0,0,0,0,0,NA,NA,0,0,0,NA,NA,0,0,0,0,NA,0,0,0,NA,NA,0,0,0,NA,NA,0,0,0,NA,NA,0,0,0,NA,NA,0,0,0,NA,NA,0,0,0,0,0,0,0,0,NA,NA,0,0,0,0,0,0
M16 [Details of deaths reported with probable causes:],'16.7.6',Number of Adolscent / Adult deaths due to Heart disease/Hypertension related,TOTAL,58,50,8,8,50,1,1,NA,NA,1,0,0,NA,NA,0,21,15,6,6,15,1,1,NA,NA,1,7,7,NA,NA,7,1,1,NA,NA,1,6,6,NA,NA,6,1,1,NA,NA,1,10,8,2,0,10,6,6,NA,2,4,4,4,0,0,4
M16 [Details of deaths reported with probable causes:],'16.7.7',Number of Adolscent / Adult deaths due to Cancer,TOTAL,105,92,13,7,98,1,1,NA,NA,1,3,3,NA,NA,3,55,42,13,6,49,3,3,NA,NA,3,8,8,NA,NA,8,0,0,NA,NA,0,7,7,NA,NA,7,2,2,NA,NA,2,12,12,0,1,11,9,9,NA,NA,9,5,5,0,0,5
M16 [Details of deaths reported with probable causes:],'16.7.8',Number of Adolscent / Adult deaths due to Neurological disease including strokes,TOTAL,45,37,8,3,42,0,0,NA,NA,0,0,0,NA,NA,0,14,9,5,1,13,2,2,NA,NA,2,3,2,1,NA,3,0,0,NA,NA,0,6,6,NA,NA,6,0,0,NA,NA,0,10,8,2,1,9,5,5,NA,1,4,5,5,0,0,5
M16 [Details of deaths reported with probable causes:],'16.7.9',Number of Adolscent / Adult deaths due to Accidents/Burn cases,TOTAL,21,19,2,1,20,1,1,NA,NA,1,1,1,NA,NA,1,7,5,2,1,6,1,1,NA,NA,1,1,1,NA,NA,1,0,0,NA,NA,0,4,4,NA,NA,4,0,0,NA,NA,0,1,1,0,0,1,3,3,NA,NA,3,2,2,0,0,2
M16 [Details of deaths reported with probable causes:],'16.7.10',Number of Adolscent / Adult deaths due to Suicide,TOTAL,18,17,1,1,17,0,0,NA,NA,0,1,1,NA,NA,1,3,3,0,NA,3,1,1,NA,NA,1,2,2,NA,NA,2,1,1,NA,NA,1,1,1,NA,NA,1,0,0,NA,NA,0,3,2,1,0,3,2,2,NA,1,1,4,4,0,0,4
M16 [Details of deaths reported with probable causes:],'16.7.11',Number of Adolscent / Adult deaths due to Animal bites and stings,TOTAL,1,1,0,0,1,0,0,NA,NA,0,0,0,NA,NA,0,0,0,0,NA,0,0,0,NA,NA,0,0,0,NA,NA,0,0,0,NA,NA,0,0,0,NA,NA,0,0,0,NA,NA,0,1,1,0,0,1,0,0,NA,NA,0,0,0,0,0,0
M16 [Details of deaths reported with probable causes:],'16.7.12',Number of Adolscent / Adult deaths due to Known Acute Disease,TOTAL,35,20,15,0,35,2,2,NA,NA,2,1,1,NA,NA,1,21,7,14,NA,21,2,2,NA,NA,2,3,2,1,NA,3,0,0,NA,NA,0,2,2,NA,NA,2,3,3,NA,NA,3,1,1,0,0,1,0,0,NA,NA,0,0,0,0,0,0
M16 [Details of deaths reported with probable causes:],'16.7.13',Number of Adolscent / Adult deaths due to Known Chronic Disease,TOTAL,153,144,9,10,143,6,6,NA,NA,6,1,1,NA,NA,1,51,44,7,7,44,2,2,NA,NA,2,9,8,1,NA,9,0,0,NA,NA,0,14,14,NA,NA,14,3,3,NA,NA,3,33,32,1,0,33,21,21,NA,3,18,13,13,0,0,13
M16 [Details of deaths reported with probable causes:],'16.7.14',Number of Adolscent / Adult deaths due to Causes not known,TOTAL,332,331,1,19,313,10,10,NA,NA,10,4,4,NA,NA,4,144,144,0,14,130,9,9,NA,NA,9,23,23,NA,NA,23,9,9,NA,NA,9,30,30,NA,NA,30,9,9,NA,NA,9,57,57,0,3,54,21,21,NA,2,19,16,15,1,0,16
M16 [Details of deaths reported with probable causes:],'16.8.1',Number of Deaths due to Malaria- Plasmodium Vivax,TOTAL,0,0,0,0,0,0,0,NA,NA,0,0,0,NA,NA,0,0,0,0,NA,0,0,0,NA,NA,0,0,0,NA,NA,0,0,0,NA,NA,0,0,0,NA,NA,0,0,0,NA,NA,0,0,0,0,0,0,0,0,NA,NA,0,0,0,0,0,0
M16 [Details of deaths reported with probable causes:],'16.8.2',Number of Deaths due to Malaria- Plasmodium Falciparum,TOTAL,7,7,0,0,7,0,0,NA,NA,0,0,0,NA,NA,0,0,0,0,NA,0,7,7,NA,NA,7,0,0,NA,NA,0,0,0,NA,NA,0,0,0,NA,NA,0,0,0,NA,NA,0,0,0,0,0,0,0,0,NA,NA,0,0,0,0,0,0
M16 [Details of deaths reported with probable causes:],'16.8.3',Number of Deaths due to Kala Azar,TOTAL,0,0,0,0,0,0,0,NA,NA,0,0,0,NA,NA,0,0,0,0,NA,0,0,0,NA,NA,0,0,0,NA,NA,0,0,0,NA,NA,0,0,0,NA,NA,0,0,0,NA,NA,0,0,0,0,0,0,0,0,NA,NA,0,0,0,0,0,0
M16 [Details of deaths reported with probable causes:],'16.8.4',Number of Deaths due to Dengue,TOTAL,0,0,0,0,0,0,0,NA,NA,0,0,0,NA,NA,0,0,0,0,NA,0,0,0,NA,NA,0,0,0,NA,NA,0,0,0,NA,NA,0,0,0,NA,NA,0,0,0,NA,NA,0,0,0,0,0,0,0,0,NA,NA,0,0,0,0,0,0
M16 [Details of deaths reported with probable causes:],'16.8.5',Number of Deaths due to Acute Encephelitis Syndrome (AES),TOTAL,0,0,0,0,0,0,0,NA,NA,0,0,0,NA,NA,0,0,0,0,NA,0,0,0,NA,NA,0,0,0,NA,NA,0,0,0,NA,NA,0,0,0,NA,NA,0,0,0,NA,NA,0,0,0,0,0,0,0,0,NA,NA,0,0,0,0,0,0
M16 [Details of deaths reported with probable causes:],'16.8.6',Number of Deaths due to Japanese Encephalitis (JE),TOTAL,0,0,0,0,0,0,0,NA,NA,0,0,0,NA,NA,0,0,0,0,NA,0,0,0,NA,NA,0,0,0,NA,NA,0,0,0,NA,NA,0,0,0,NA,NA,0,0,0,NA,NA,0,0,0,0,0,0,0,0,NA,NA,0,0,0,0,0,0
M17 [Vaccines],'17.1',Vaccine - DPT,1. Balance From Previous Month,7690,NA,NA,NA,NA,199,NA,NA,NA,NA,83,NA,NA,NA,NA,0,NA,NA,NA,NA,NA,NA,NA,NA,NA,0,NA,NA,NA,NA,760,NA,NA,NA,NA,121,NA,NA,NA,NA,NA,NA,NA,NA,NA,537,NA,NA,NA,NA,20,NA,NA,NA,NA,5970,NA,NA,NA,NA
M17 [Vaccines],17.1',Vaccine - DPT,2. Stocks Received,6301,NA,NA,NA,NA,250,NA,NA,NA,NA,150,NA,NA,NA,NA,4000,NA,NA,NA,NA,NA,NA,NA,NA,NA,400,NA,NA,NA,NA,500,NA,NA,NA,NA,300,NA,NA,NA,NA,NA,NA,NA,NA,NA,350,NA,NA,NA,NA,351,NA,NA,NA,NA,0,NA,NA,NA,NA
M17 [Vaccines],17.1',Vaccine - DPT,3. Unusable Stock,4440,NA,NA,NA,NA,0,NA,NA,NA,NA,NA,NA,NA,NA,NA,0,NA,NA,NA,NA,NA,NA,NA,NA,NA,0,NA,NA,NA,NA,NA,NA,NA,NA,NA,0,NA,NA,NA,NA,NA,NA,NA,NA,NA,0,NA,NA,NA,NA,0,NA,NA,NA,NA,4440,NA,NA,NA,NA
M17 [Vaccines],17.1',Vaccine - DPT,4. Stock Distributed,5007,NA,NA,NA,NA,54,NA,NA,NA,NA,63,NA,NA,NA,NA,3010,NA,NA,NA,NA,NA,NA,NA,NA,NA,195,NA,NA,NA,NA,290,NA,NA,NA,NA,35,NA,NA,NA,NA,NA,NA,NA,NA,NA,100,NA,NA,NA,NA,110,NA,NA,NA,NA,1150,NA,NA,NA,NA
M17 [Vaccines],17.1',Vaccine - DPT,5. Total Stock,4544,NA,NA,NA,NA,395,NA,NA,NA,NA,170,NA,NA,NA,NA,990,NA,NA,NA,NA,NA,NA,NA,NA,NA,205,NA,NA,NA,NA,970,NA,NA,NA,NA,386,NA,NA,NA,NA,0,NA,NA,NA,NA,787,NA,NA,NA,NA,261,NA,NA,NA,NA,380,NA,NA,NA,NA
M17 [Vaccines],'17.2',Vaccine - Pentavalent,1. Balance From Previous Month,7452,NA,NA,NA,NA,423,NA,NA,NA,NA,282,NA,NA,NA,NA,1740,NA,NA,NA,NA,NA,NA,NA,NA,NA,94,NA,NA,NA,NA,1390,NA,NA,NA,NA,128,NA,NA,NA,NA,NA,NA,NA,NA,NA,537,NA,NA,NA,NA,518,NA,NA,NA,NA,2340,NA,NA,NA,NA
M17 [Vaccines],17.2',Vaccine - Pentavalent,2. Stocks Received,11202,NA,NA,NA,NA,350,NA,NA,NA,NA,150,NA,NA,NA,NA,4000,NA,NA,NA,NA,NA,NA,NA,NA,NA,360,NA,NA,NA,NA,1000,NA,NA,NA,NA,242,NA,NA,NA,NA,NA,NA,NA,NA,NA,600,NA,NA,NA,NA,500,NA,NA,NA,NA,4000,NA,NA,NA,NA
M17 [Vaccines],17.2',Vaccine - Pentavalent,3. Unusable Stock,0,NA,NA,NA,NA,0,NA,NA,NA,NA,NA,NA,NA,NA,NA,0,NA,NA,NA,NA,NA,NA,NA,NA,NA,0,NA,NA,NA,NA,NA,NA,NA,NA,NA,0,NA,NA,NA,NA,NA,NA,NA,NA,NA,0,NA,NA,NA,NA,0,NA,NA,NA,NA,0,NA,NA,NA,NA
M17 [Vaccines],17.2',Vaccine - Pentavalent,4. Stock Distributed,10880,NA,NA,NA,NA,192,NA,NA,NA,NA,146,NA,NA,NA,NA,4730,NA,NA,NA,NA,NA,NA,NA,NA,NA,226,NA,NA,NA,NA,1090,NA,NA,NA,NA,137,NA,NA,NA,NA,NA,NA,NA,NA,NA,330,NA,NA,NA,NA,289,NA,NA,NA,NA,3740,NA,NA,NA,NA
M17 [Vaccines],17.2',Vaccine - Pentavalent,5. Total Stock,7774,NA,NA,NA,NA,581,NA,NA,NA,NA,286,NA,NA,NA,NA,1010,NA,NA,NA,NA,NA,NA,NA,NA,NA,228,NA,NA,NA,NA,1300,NA,NA,NA,NA,233,NA,NA,NA,NA,0,NA,NA,NA,NA,807,NA,NA,NA,NA,729,NA,NA,NA,NA,2600,NA,NA,NA,NA
M17 [Vaccines],'17.3',Vaccine - OPV,1. Balance From Previous Month,24543,NA,NA,NA,NA,910,NA,NA,NA,NA,439,NA,NA,NA,NA,8120,NA,NA,NA,NA,NA,NA,NA,NA,NA,450,NA,NA,NA,NA,3540,NA,NA,NA,NA,667,NA,NA,NA,NA,NA,NA,NA,NA,NA,846,NA,NA,NA,NA,371,NA,NA,NA,NA,9200,NA,NA,NA,NA
M17 [Vaccines],17.3',Vaccine - OPV,2. Stocks Received,2650,NA,NA,NA,NA,400,NA,NA,NA,NA,0,NA,NA,NA,NA,0,NA,NA,NA,NA,NA,NA,NA,NA,NA,0,NA,NA,NA,NA,2000,NA,NA,NA,NA,0,NA,NA,NA,NA,NA,NA,NA,NA,NA,0,NA,NA,NA,NA,250,NA,NA,NA,NA,0,NA,NA,NA,NA
M17 [Vaccines],17.3',Vaccine - OPV,3. Unusable Stock,0,NA,NA,NA,NA,0,NA,NA,NA,NA,NA,NA,NA,NA,NA,0,NA,NA,NA,NA,NA,NA,NA,NA,NA,0,NA,NA,NA,NA,NA,NA,NA,NA,NA,0,NA,NA,NA,NA,NA,NA,NA,NA,NA,0,NA,NA,NA,NA,0,NA,NA,NA,NA,0,NA,NA,NA,NA
M17 [Vaccines],17.3',Vaccine - OPV,4. Stock Distributed,10838,NA,NA,NA,NA,194,NA,NA,NA,NA,31,NA,NA,NA,NA,6260,NA,NA,NA,NA,NA,NA,NA,NA,NA,131,NA,NA,NA,NA,700,NA,NA,NA,NA,74,NA,NA,NA,NA,NA,NA,NA,NA,NA,150,NA,NA,NA,NA,98,NA,NA,NA,NA,3200,NA,NA,NA,NA
M17 [Vaccines],17.3',Vaccine - OPV,5. Total Stock,16355,NA,NA,NA,NA,1116,NA,NA,NA,NA,408,NA,NA,NA,NA,1860,NA,NA,NA,NA,NA,NA,NA,NA,NA,319,NA,NA,NA,NA,4840,NA,NA,NA,NA,593,NA,NA,NA,NA,0,NA,NA,NA,NA,696,NA,NA,NA,NA,523,NA,NA,NA,NA,6000,NA,NA,NA,NA
M17 [Vaccines],'17.4',Vaccine - TT,1. Balance From Previous Month,3012,NA,NA,NA,NA,310,NA,NA,NA,NA,235,NA,NA,NA,NA,0,NA,NA,NA,NA,NA,NA,NA,NA,NA,0,NA,NA,NA,NA,200,NA,NA,NA,NA,36,NA,NA,NA,NA,NA,NA,NA,NA,NA,0,NA,NA,NA,NA,111,NA,NA,NA,NA,2120,NA,NA,NA,NA
M17 [Vaccines],17.4',Vaccine - TT,2. Stocks Received,74,NA,NA,NA,NA,0,NA,NA,NA,NA,0,NA,NA,NA,NA,0,NA,NA,NA,NA,NA,NA,NA,NA,NA,0,NA,NA,NA,NA,NA,NA,NA,NA,NA,0,NA,NA,NA,NA,NA,NA,NA,NA,NA,12,NA,NA,NA,NA,62,NA,NA,NA,NA,0,NA,NA,NA,NA
M17 [Vaccines],17.4',Vaccine - TT,3. Unusable Stock,0,NA,NA,NA,NA,0,NA,NA,NA,NA,NA,NA,NA,NA,NA,0,NA,NA,NA,NA,NA,NA,NA,NA,NA,0,NA,NA,NA,NA,NA,NA,NA,NA,NA,0,NA,NA,NA,NA,NA,NA,NA,NA,NA,0,NA,NA,NA,NA,0,NA,NA,NA,NA,0,NA,NA,NA,NA
M17 [Vaccines],17.4',Vaccine - TT,4. Stock Distributed,2795,NA,NA,NA,NA,44,NA,NA,NA,NA,210,NA,NA,NA,NA,0,NA,NA,NA,NA,NA,NA,NA,NA,NA,0,NA,NA,NA,NA,200,NA,NA,NA,NA,36,NA,NA,NA,NA,NA,NA,NA,NA,NA,12,NA,NA,NA,NA,173,NA,NA,NA,NA,2120,NA,NA,NA,NA
M17 [Vaccines],17.4',Vaccine - TT,5. Total Stock,291,NA,NA,NA,NA,266,NA,NA,NA,NA,25,NA,NA,NA,NA,0,NA,NA,NA,NA,NA,NA,NA,NA,NA,0,NA,NA,NA,NA,0,NA,NA,NA,NA,0,NA,NA,NA,NA,0,NA,NA,NA,NA,0,NA,NA,NA,NA,0,NA,NA,NA,NA,0,NA,NA,NA,NA
M17 [Vaccines],'17.5',Vaccine - DT,1. Balance From Previous Month,0,NA,NA,NA,NA,0,NA,NA,NA,NA,0,NA,NA,NA,NA,0,NA,NA,NA,NA,NA,NA,NA,NA,NA,0,NA,NA,NA,NA,NA,NA,NA,NA,NA,NA,NA,NA,NA,NA,NA,NA,NA,NA,NA,0,NA,NA,NA,NA,0,NA,NA,NA,NA,NA,NA,NA,NA,NA
M17 [Vaccines],17.5',Vaccine - DT,2. Stocks Received,0,NA,NA,NA,NA,0,NA,NA,NA,NA,0,NA,NA,NA,NA,0,NA,NA,NA,NA,NA,NA,NA,NA,NA,0,NA,NA,NA,NA,NA,NA,NA,NA,NA,NA,NA,NA,NA,NA,NA,NA,NA,NA,NA,0,NA,NA,NA,NA,0,NA,NA,NA,NA,NA,NA,NA,NA,NA
M17 [Vaccines],17.5',Vaccine - DT,3. Unusable Stock,0,NA,NA,NA,NA,0,NA,NA,NA,NA,NA,NA,NA,NA,NA,0,NA,NA,NA,NA,NA,NA,NA,NA,NA,0,NA,NA,NA,NA,NA,NA,NA,NA,NA,NA,NA,NA,NA,NA,NA,NA,NA,NA,NA,0,NA,NA,NA,NA,0,NA,NA,NA,NA,NA,NA,NA,NA,NA
M17 [Vaccines],17.5',Vaccine - DT,4. Stock Distributed,0,NA,NA,NA,NA,0,NA,NA,NA,NA,0,NA,NA,NA,NA,0,NA,NA,NA,NA,NA,NA,NA,NA,NA,0,NA,NA,NA,NA,NA,NA,NA,NA,NA,NA,NA,NA,NA,NA,NA,NA,NA,NA,NA,0,NA,NA,NA,NA,0,NA,NA,NA,NA,NA,NA,NA,NA,NA
M17 [Vaccines],17.5',Vaccine - DT,5. Total Stock,0,NA,NA,NA,NA,0,NA,NA,NA,NA,0,NA,NA,NA,NA,0,NA,NA,NA,NA,NA,NA,NA,NA,NA,0,NA,NA,NA,NA,0,NA,NA,NA,NA,0,NA,NA,NA,NA,0,NA,NA,NA,NA,0,NA,NA,NA,NA,0,NA,NA,NA,NA,0,NA,NA,NA,NA
M17 [Vaccines],'17.6',Vaccine - BCG,1. Balance From Previous Month,7328,NA,NA,NA,NA,367,NA,NA,NA,NA,198,NA,NA,NA,NA,1640,NA,NA,NA,NA,NA,NA,NA,NA,NA,37,NA,NA,NA,NA,550,NA,NA,NA,NA,187,NA,NA,NA,NA,NA,NA,NA,NA,NA,444,NA,NA,NA,NA,345,NA,NA,NA,NA,3560,NA,NA,NA,NA
M17 [Vaccines],17.6',Vaccine - BCG,2. Stocks Received,11100,NA,NA,NA,NA,400,NA,NA,NA,NA,100,NA,NA,NA,NA,5000,NA,NA,NA,NA,NA,NA,NA,NA,NA,300,NA,NA,NA,NA,1500,NA,NA,NA,NA,400,NA,NA,NA,NA,NA,NA,NA,NA,NA,700,NA,NA,NA,NA,200,NA,NA,NA,NA,2500,NA,NA,NA,NA
M17 [Vaccines],17.6',Vaccine - BCG,3. Unusable Stock,0,NA,NA,NA,NA,0,NA,NA,NA,NA,NA,NA,NA,NA,NA,0,NA,NA,NA,NA,NA,NA,NA,NA,NA,0,NA,NA,NA,NA,NA,NA,NA,NA,NA,0,NA,NA,NA,NA,NA,NA,NA,NA,NA,0,NA,NA,NA,NA,0,NA,NA,NA,NA,0,NA,NA,NA,NA
M17 [Vaccines],17.6',Vaccine - BCG,4. Stock Distributed,7156,NA,NA,NA,NA,180,NA,NA,NA,NA,53,NA,NA,NA,NA,3260,NA,NA,NA,NA,NA,NA,NA,NA,NA,105,NA,NA,NA,NA,530,NA,NA,NA,NA,109,NA,NA,NA,NA,NA,NA,NA,NA,NA,277,NA,NA,NA,NA,132,NA,NA,NA,NA,2510,NA,NA,NA,NA
M17 [Vaccines],17.6',Vaccine - BCG,5. Total Stock,11272,NA,NA,NA,NA,587,NA,NA,NA,NA,245,NA,NA,NA,NA,3380,NA,NA,NA,NA,NA,NA,NA,NA,NA,232,NA,NA,NA,NA,1520,NA,NA,NA,NA,478,NA,NA,NA,NA,0,NA,NA,NA,NA,867,NA,NA,NA,NA,413,NA,NA,NA,NA,3550,NA,NA,NA,NA
M17 [Vaccines],'17.7',Vaccine - Measles,1. Balance From Previous Month,2433,NA,NA,NA,NA,475,NA,NA,NA,NA,0,NA,NA,NA,NA,0,NA,NA,NA,NA,NA,NA,NA,NA,NA,0,NA,NA,NA,NA,250,NA,NA,NA,NA,NA,NA,NA,NA,NA,NA,NA,NA,NA,NA,0,NA,NA,NA,NA,458,NA,NA,NA,NA,1250,NA,NA,NA,NA
M17 [Vaccines],17.7',Vaccine - Measles,2. Stocks Received,50,NA,NA,NA,NA,0,NA,NA,NA,NA,0,NA,NA,NA,NA,0,NA,NA,NA,NA,NA,NA,NA,NA,NA,50,NA,NA,NA,NA,NA,NA,NA,NA,NA,NA,NA,NA,NA,NA,NA,NA,NA,NA,NA,0,NA,NA,NA,NA,0,NA,NA,NA,NA,0,NA,NA,NA,NA
M17 [Vaccines],17.7',Vaccine - Measles,3. Unusable Stock,0,NA,NA,NA,NA,0,NA,NA,NA,NA,NA,NA,NA,NA,NA,0,NA,NA,NA,NA,NA,NA,NA,NA,NA,0,NA,NA,NA,NA,NA,NA,NA,NA,NA,NA,NA,NA,NA,NA,NA,NA,NA,NA,NA,0,NA,NA,NA,NA,0,NA,NA,NA,NA,0,NA,NA,NA,NA
M17 [Vaccines],17.7',Vaccine - Measles,4. Stock Distributed,1852,NA,NA,NA,NA,0,NA,NA,NA,NA,146,NA,NA,NA,NA,0,NA,NA,NA,NA,NA,NA,NA,NA,NA,5,NA,NA,NA,NA,NA,NA,NA,NA,NA,NA,NA,NA,NA,NA,NA,NA,NA,NA,NA,0,NA,NA,NA,NA,451,NA,NA,NA,NA,1250,NA,NA,NA,NA
M17 [Vaccines],17.7',Vaccine - Measles,5. Total Stock,631,NA,NA,NA,NA,475,NA,NA,NA,NA,-146,NA,NA,NA,NA,0,NA,NA,NA,NA,NA,NA,NA,NA,NA,45,NA,NA,NA,NA,250,NA,NA,NA,NA,0,NA,NA,NA,NA,0,NA,NA,NA,NA,0,NA,NA,NA,NA,7,NA,NA,NA,NA,0,NA,NA,NA,NA
M17 [Vaccines],'17.8',Vaccine - JE,1. Balance From Previous Month,1317,NA,NA,NA,NA,0,NA,NA,NA,NA,7,NA,NA,NA,NA,0,NA,NA,NA,NA,NA,NA,NA,NA,NA,240,NA,NA,NA,NA,NA,NA,NA,NA,NA,NA,NA,NA,NA,NA,NA,NA,NA,NA,NA,0,NA,NA,NA,NA,585,NA,NA,NA,NA,485,NA,NA,NA,NA
M17 [Vaccines],17.8',Vaccine - JE,2. Stocks Received,4130,NA,NA,NA,NA,0,NA,NA,NA,NA,300,NA,NA,NA,NA,0,NA,NA,NA,NA,NA,NA,NA,NA,NA,0,NA,NA,NA,NA,NA,NA,NA,NA,NA,NA,NA,NA,NA,NA,NA,NA,NA,NA,NA,0,NA,NA,NA,NA,500,NA,NA,NA,NA,3330,NA,NA,NA,NA
M17 [Vaccines],17.8',Vaccine - JE,3. Unusable Stock,185,NA,NA,NA,NA,0,NA,NA,NA,NA,NA,NA,NA,NA,NA,0,NA,NA,NA,NA,NA,NA,NA,NA,NA,0,NA,NA,NA,NA,NA,NA,NA,NA,NA,NA,NA,NA,NA,NA,NA,NA,NA,NA,NA,0,NA,NA,NA,NA,185,NA,NA,NA,NA,0,NA,NA,NA,NA
M17 [Vaccines],17.8',Vaccine - JE,4. Stock Distributed,2991,NA,NA,NA,NA,0,NA,NA,NA,NA,128,NA,NA,NA,NA,0,NA,NA,NA,NA,NA,NA,NA,NA,NA,240,NA,NA,NA,NA,NA,NA,NA,NA,NA,NA,NA,NA,NA,NA,NA,NA,NA,NA,NA,0,NA,NA,NA,NA,608,NA,NA,NA,NA,2015,NA,NA,NA,NA
M17 [Vaccines],17.8',Vaccine - JE,5. Total Stock,2271,NA,NA,NA,NA,0,NA,NA,NA,NA,179,NA,NA,NA,NA,0,NA,NA,NA,NA,NA,NA,NA,NA,NA,0,NA,NA,NA,NA,0,NA,NA,NA,NA,0,NA,NA,NA,NA,0,NA,NA,NA,NA,0,NA,NA,NA,NA,292,NA,NA,NA,NA,1800,NA,NA,NA,NA
M17 [Vaccines],'17.9',Vaccine - Hepatitis B,1. Balance From Previous Month,476,NA,NA,NA,NA,0,NA,NA,NA,NA,0,NA,NA,NA,NA,230,NA,NA,NA,NA,NA,NA,NA,NA,NA,0,NA,NA,NA,NA,90,NA,NA,NA,NA,156,NA,NA,NA,NA,NA,NA,NA,NA,NA,0,NA,NA,NA,NA,0,NA,NA,NA,NA,0,NA,NA,NA,NA
M17 [Vaccines],17.9',Vaccine - Hepatitis B,2. Stocks Received,5270,NA,NA,NA,NA,300,NA,NA,NA,NA,50,NA,NA,NA,NA,2500,NA,NA,NA,NA,NA,NA,NA,NA,NA,150,NA,NA,NA,NA,50,NA,NA,NA,NA,0,NA,NA,NA,NA,NA,NA,NA,NA,NA,420,NA,NA,NA,NA,300,NA,NA,NA,NA,1500,NA,NA,NA,NA
M17 [Vaccines],17.9',Vaccine - Hepatitis B,3. Unusable Stock,356,NA,NA,NA,NA,0,NA,NA,NA,NA,126,NA,NA,NA,NA,230,NA,NA,NA,NA,NA,NA,NA,NA,NA,0,NA,NA,NA,NA,NA,NA,NA,NA,NA,0,NA,NA,NA,NA,NA,NA,NA,NA,NA,0,NA,NA,NA,NA,0,NA,NA,NA,NA,0,NA,NA,NA,NA
M17 [Vaccines],17.9',Vaccine - Hepatitis B,4. Stock Distributed,4174,NA,NA,NA,NA,35,NA,NA,NA,NA,1,NA,NA,NA,NA,2500,NA,NA,NA,NA,NA,NA,NA,NA,NA,93,NA,NA,NA,NA,90,NA,NA,NA,NA,27,NA,NA,NA,NA,NA,NA,NA,NA,NA,115,NA,NA,NA,NA,93,NA,NA,NA,NA,1220,NA,NA,NA,NA
M17 [Vaccines],17.9',Vaccine - Hepatitis B,5. Total Stock,1370,NA,NA,NA,NA,265,NA,NA,NA,NA,77,NA,NA,NA,NA,0,NA,NA,NA,NA,NA,NA,NA,NA,NA,57,NA,NA,NA,NA,50,NA,NA,NA,NA,129,NA,NA,NA,NA,NA,NA,NA,NA,NA,305,NA,NA,NA,NA,207,NA,NA,NA,NA,280,NA,NA,NA,NA
M17 [Vaccines],'17.10',Vaccine - Typhoid,1. Balance From Previous Month,0,NA,NA,NA,NA,0,NA,NA,NA,NA,0,NA,NA,NA,NA,0,NA,NA,NA,NA,NA,NA,NA,NA,NA,0,NA,NA,NA,NA,NA,NA,NA,NA,NA,NA,NA,NA,NA,NA,NA,NA,NA,NA,NA,0,NA,NA,NA,NA,0,NA,NA,NA,NA,NA,NA,NA,NA,NA
M17 [Vaccines],17.10',Vaccine - Typhoid,2. Stocks Received,0,NA,NA,NA,NA,0,NA,NA,NA,NA,NA,NA,NA,NA,NA,0,NA,NA,NA,NA,NA,NA,NA,NA,NA,0,NA,NA,NA,NA,NA,NA,NA,NA,NA,NA,NA,NA,NA,NA,NA,NA,NA,NA,NA,0,NA,NA,NA,NA,0,NA,NA,NA,NA,NA,NA,NA,NA,NA
M17 [Vaccines],17.10',Vaccine - Typhoid,3. Unusable Stock,0,NA,NA,NA,NA,0,NA,NA,NA,NA,NA,NA,NA,NA,NA,0,NA,NA,NA,NA,NA,NA,NA,NA,NA,0,NA,NA,NA,NA,NA,NA,NA,NA,NA,NA,NA,NA,NA,NA,NA,NA,NA,NA,NA,0,NA,NA,NA,NA,0,NA,NA,NA,NA,NA,NA,NA,NA,NA
M17 [Vaccines],17.10',Vaccine - Typhoid,4. Stock Distributed,0,NA,NA,NA,NA,0,NA,NA,NA,NA,NA,NA,NA,NA,NA,0,NA,NA,NA,NA,NA,NA,NA,NA,NA,0,NA,NA,NA,NA,NA,NA,NA,NA,NA,NA,NA,NA,NA,NA,NA,NA,NA,NA,NA,0,NA,NA,NA,NA,0,NA,NA,NA,NA,NA,NA,NA,NA,NA
M17 [Vaccines],17.10',Vaccine - Typhoid,5. Total Stock,0,NA,NA,NA,NA,0,NA,NA,NA,NA,0,NA,NA,NA,NA,0,NA,NA,NA,NA,NA,NA,NA,NA,NA,0,NA,NA,NA,NA,NA,NA,NA,NA,NA,NA,NA,NA,NA,NA,NA,NA,NA,NA,NA,0,NA,NA,NA,NA,0,NA,NA,NA,NA,NA,NA,NA,NA,NA
M17 [Vaccines],'17.11',Vaccine - Vitamin K,1. Balance From Previous Month,101,NA,NA,NA,NA,0,NA,NA,NA,NA,0,NA,NA,NA,NA,101,NA,NA,NA,NA,NA,NA,NA,NA,NA,0,NA,NA,NA,NA,NA,NA,NA,NA,NA,NA,NA,NA,NA,NA,NA,NA,NA,NA,NA,0,NA,NA,NA,NA,0,NA,NA,NA,NA,NA,NA,NA,NA,NA
M17 [Vaccines],17.11',Vaccine - Vitamin K,2. Stocks Received,0,NA,NA,NA,NA,0,NA,NA,NA,NA,NA,NA,NA,NA,NA,0,NA,NA,NA,NA,NA,NA,NA,NA,NA,0,NA,NA,NA,NA,NA,NA,NA,NA,NA,NA,NA,NA,NA,NA,NA,NA,NA,NA,NA,0,NA,NA,NA,NA,0,NA,NA,NA,NA,NA,NA,NA,NA,NA
M17 [Vaccines],17.11',Vaccine - Vitamin K,3. Unusable Stock,0,NA,NA,NA,NA,0,NA,NA,NA,NA,NA,NA,NA,NA,NA,0,NA,NA,NA,NA,NA,NA,NA,NA,NA,0,NA,NA,NA,NA,NA,NA,NA,NA,NA,NA,NA,NA,NA,NA,NA,NA,NA,NA,NA,0,NA,NA,NA,NA,0,NA,NA,NA,NA,NA,NA,NA,NA,NA
M17 [Vaccines],17.11',Vaccine - Vitamin K,4. Stock Distributed,0,NA,NA,NA,NA,0,NA,NA,NA,NA,NA,NA,NA,NA,NA,0,NA,NA,NA,NA,NA,NA,NA,NA,NA,0,NA,NA,NA,NA,NA,NA,NA,NA,NA,NA,NA,NA,NA,NA,NA,NA,NA,NA,NA,0,NA,NA,NA,NA,0,NA,NA,NA,NA,NA,NA,NA,NA,NA
M17 [Vaccines],17.11',Vaccine - Vitamin K,5. Total Stock,0,NA,NA,NA,NA,0,NA,NA,NA,NA,0,NA,NA,NA,NA,0,NA,NA,NA,NA,NA,NA,NA,NA,NA,0,NA,NA,NA,NA,NA,NA,NA,NA,NA,NA,NA,NA,NA,NA,NA,NA,NA,NA,NA,0,NA,NA,NA,NA,0,NA,NA,NA,NA,NA,NA,NA,NA,NA
M17 [Vaccines],'17.12',Rotavirus,1. Balance From Previous Month,0,NA,NA,NA,NA,0,NA,NA,NA,NA,0,NA,NA,NA,NA,0,NA,NA,NA,NA,NA,NA,NA,NA,NA,0,NA,NA,NA,NA,NA,NA,NA,NA,NA,NA,NA,NA,NA,NA,NA,NA,NA,NA,NA,NA,NA,NA,NA,NA,0,NA,NA,NA,NA,NA,NA,NA,NA,NA
M17 [Vaccines],17.12',Rotavirus,2. Stocks Received,0,NA,NA,NA,NA,0,NA,NA,NA,NA,NA,NA,NA,NA,NA,0,NA,NA,NA,NA,NA,NA,NA,NA,NA,0,NA,NA,NA,NA,NA,NA,NA,NA,NA,NA,NA,NA,NA,NA,NA,NA,NA,NA,NA,NA,NA,NA,NA,NA,0,NA,NA,NA,NA,NA,NA,NA,NA,NA
M17 [Vaccines],17.12',Rotavirus,3. Unusable Stock,0,NA,NA,NA,NA,0,NA,NA,NA,NA,NA,NA,NA,NA,NA,0,NA,NA,NA,NA,NA,NA,NA,NA,NA,0,NA,NA,NA,NA,NA,NA,NA,NA,NA,NA,NA,NA,NA,NA,NA,NA,NA,NA,NA,NA,NA,NA,NA,NA,0,NA,NA,NA,NA,NA,NA,NA,NA,NA
M17 [Vaccines],17.12',Rotavirus,4. Stock Distributed,0,NA,NA,NA,NA,0,NA,NA,NA,NA,NA,NA,NA,NA,NA,0,NA,NA,NA,NA,NA,NA,NA,NA,NA,0,NA,NA,NA,NA,NA,NA,NA,NA,NA,NA,NA,NA,NA,NA,NA,NA,NA,NA,NA,NA,NA,NA,NA,NA,0,NA,NA,NA,NA,NA,NA,NA,NA,NA
M17 [Vaccines],17.12',Rotavirus,5. Total Stock,0,NA,NA,NA,NA,0,NA,NA,NA,NA,0,NA,NA,NA,NA,0,NA,NA,NA,NA,NA,NA,NA,NA,NA,0,NA,NA,NA,NA,NA,NA,NA,NA,NA,NA,NA,NA,NA,NA,NA,NA,NA,NA,NA,NA,NA,NA,NA,NA,0,NA,NA,NA,NA,NA,NA,NA,NA,NA
M17 [Vaccines],'17.13',Inactivated Polio Vaccine,1. Balance From Previous Month,2003,NA,NA,NA,NA,118,NA,NA,NA,NA,152,NA,NA,NA,NA,255,NA,NA,NA,NA,NA,NA,NA,NA,NA,174,NA,NA,NA,NA,55,NA,NA,NA,NA,196,NA,NA,NA,NA,NA,NA,NA,NA,NA,213,NA,NA,NA,NA,365,NA,NA,NA,NA,475,NA,NA,NA,NA
M17 [Vaccines],17.13',Inactivated Polio Vaccine,2. Stocks Received,7150,NA,NA,NA,NA,100,NA,NA,NA,NA,50,NA,NA,NA,NA,1250,NA,NA,NA,NA,NA,NA,NA,NA,NA,0,NA,NA,NA,NA,500,NA,NA,NA,NA,0,NA,NA,NA,NA,NA,NA,NA,NA,NA,200,NA,NA,NA,NA,50,NA,NA,NA,NA,5000,NA,NA,NA,NA
M17 [Vaccines],17.13',Inactivated Polio Vaccine,3. Unusable Stock,0,NA,NA,NA,NA,0,NA,NA,NA,NA,NA,NA,NA,NA,NA,0,NA,NA,NA,NA,NA,NA,NA,NA,NA,0,NA,NA,NA,NA,NA,NA,NA,NA,NA,0,NA,NA,NA,NA,NA,NA,NA,NA,NA,0,NA,NA,NA,NA,0,NA,NA,NA,NA,0,NA,NA,NA,NA
M17 [Vaccines],17.13',Inactivated Polio Vaccine,4. Stock Distributed,5415,NA,NA,NA,NA,62,NA,NA,NA,NA,44,NA,NA,NA,NA,1310,NA,NA,NA,NA,NA,NA,NA,NA,NA,69,NA,NA,NA,NA,45,NA,NA,NA,NA,37,NA,NA,NA,NA,NA,NA,NA,NA,NA,99,NA,NA,NA,NA,99,NA,NA,NA,NA,3650,NA,NA,NA,NA
M17 [Vaccines],17.13',Inactivated Polio Vaccine,5. Total Stock,3738,NA,NA,NA,NA,156,NA,NA,NA,NA,158,NA,NA,NA,NA,195,NA,NA,NA,NA,NA,NA,NA,NA,NA,105,NA,NA,NA,NA,510,NA,NA,NA,NA,159,NA,NA,NA,NA,NA,NA,NA,NA,NA,314,NA,NA,NA,NA,316,NA,NA,NA,NA,1825,NA,NA,NA,NA
M17 [Vaccines],'17.14',Measles Rubella (MR),1. Balance From Previous Month,6259,NA,NA,NA,NA,381,NA,NA,NA,NA,157,NA,NA,NA,NA,0,NA,NA,NA,NA,NA,NA,NA,NA,NA,0,NA,NA,NA,NA,1330,NA,NA,NA,NA,99,NA,NA,NA,NA,NA,NA,NA,NA,NA,771,NA,NA,NA,NA,221,NA,NA,NA,NA,3300,NA,NA,NA,NA
M17 [Vaccines],17.14',Measles Rubella (MR),2. Stocks Received,1150,NA,NA,NA,NA,0,NA,NA,NA,NA,100,NA,NA,NA,NA,0,NA,NA,NA,NA,NA,NA,NA,NA,NA,400,NA,NA,NA,NA,NA,NA,NA,NA,NA,200,NA,NA,NA,NA,NA,NA,NA,NA,NA,0,NA,NA,NA,NA,450,NA,NA,NA,NA,0,NA,NA,NA,NA
M17 [Vaccines],17.14',Measles Rubella (MR),3. Unusable Stock,0,NA,NA,NA,NA,0,NA,NA,NA,NA,NA,NA,NA,NA,NA,0,NA,NA,NA,NA,NA,NA,NA,NA,NA,0,NA,NA,NA,NA,NA,NA,NA,NA,NA,0,NA,NA,NA,NA,NA,NA,NA,NA,NA,0,NA,NA,NA,NA,0,NA,NA,NA,NA,0,NA,NA,NA,NA
M17 [Vaccines],17.14',Measles Rubella (MR),4. Stock Distributed,1636,NA,NA,NA,NA,155,NA,NA,NA,NA,4,NA,NA,NA,NA,0,NA,NA,NA,NA,NA,NA,NA,NA,NA,232,NA,NA,NA,NA,680,NA,NA,NA,NA,90,NA,NA,NA,NA,NA,NA,NA,NA,NA,83,NA,NA,NA,NA,92,NA,NA,NA,NA,300,NA,NA,NA,NA
M17 [Vaccines],17.14',Measles Rubella (MR),5. Total Stock,5773,NA,NA,NA,NA,226,NA,NA,NA,NA,253,NA,NA,NA,NA,0,NA,NA,NA,NA,NA,NA,NA,NA,NA,168,NA,NA,NA,NA,650,NA,NA,NA,NA,209,NA,NA,NA,NA,NA,NA,NA,NA,NA,688,NA,NA,NA,NA,579,NA,NA,NA,NA,3000,NA,NA,NA,NA
M18 [Family Planning],'18.1',IUD 380 A,1. Balance From Previous Month,1257,NA,NA,NA,NA,0,NA,NA,NA,NA,NA,NA,NA,NA,NA,450,NA,NA,NA,NA,NA,NA,NA,NA,NA,235,NA,NA,NA,NA,7,NA,NA,NA,NA,0,NA,NA,NA,NA,NA,NA,NA,NA,NA,160,NA,NA,NA,NA,405,NA,NA,NA,NA,NA,NA,NA,NA,NA
M18 [Family Planning],18.1',IUD 380 A,2. Stocks Received,100,NA,NA,NA,NA,0,NA,NA,NA,NA,NA,NA,NA,NA,NA,0,NA,NA,NA,NA,NA,NA,NA,NA,NA,0,NA,NA,NA,NA,0,NA,NA,NA,NA,100,NA,NA,NA,NA,NA,NA,NA,NA,NA,0,NA,NA,NA,NA,0,NA,NA,NA,NA,NA,NA,NA,NA,NA
M18 [Family Planning],18.1',IUD 380 A,3. Unusable Stock,0,NA,NA,NA,NA,0,NA,NA,NA,NA,0,NA,NA,NA,NA,0,NA,NA,NA,NA,NA,NA,NA,NA,NA,0,NA,NA,NA,NA,0,NA,NA,NA,NA,0,NA,NA,NA,NA,NA,NA,NA,NA,NA,0,NA,NA,NA,NA,0,NA,NA,NA,NA,NA,NA,NA,NA,NA
M18 [Family Planning],18.1',IUD 380 A,4. Stock Distributed,355,NA,NA,NA,NA,0,NA,NA,NA,NA,NA,NA,NA,NA,NA,80,NA,NA,NA,NA,NA,NA,NA,NA,NA,70,NA,NA,NA,NA,0,NA,NA,NA,NA,100,NA,NA,NA,NA,NA,NA,NA,NA,NA,55,NA,NA,NA,NA,50,NA,NA,NA,NA,NA,NA,NA,NA,NA
M18 [Family Planning],18.1',IUD 380 A,5. Total Stock,1002,NA,NA,NA,NA,0,NA,NA,NA,NA,0,NA,NA,NA,NA,370,NA,NA,NA,NA,NA,NA,NA,NA,NA,165,NA,NA,NA,NA,7,NA,NA,NA,NA,0,NA,NA,NA,NA,0,NA,NA,NA,NA,105,NA,NA,NA,NA,355,NA,NA,NA,NA,0,NA,NA,NA,NA
M18 [Family Planning],'18.2',IUD 375 A,1. Balance From Previous Month,3287,NA,NA,NA,NA,0,NA,NA,NA,NA,NA,NA,NA,NA,NA,421,NA,NA,NA,NA,NA,NA,NA,NA,NA,846,NA,NA,NA,NA,NA,NA,NA,NA,NA,1725,NA,NA,NA,NA,NA,NA,NA,NA,NA,0,NA,NA,NA,NA,295,NA,NA,NA,NA,NA,NA,NA,NA,NA
M18 [Family Planning],18.2',IUD 375 A,2. Stocks Received,100,NA,NA,NA,NA,0,NA,NA,NA,NA,NA,NA,NA,NA,NA,0,NA,NA,NA,NA,NA,NA,NA,NA,NA,0,NA,NA,NA,NA,NA,NA,NA,NA,NA,100,NA,NA,NA,NA,NA,NA,NA,NA,NA,0,NA,NA,NA,NA,0,NA,NA,NA,NA,NA,NA,NA,NA,NA
M18 [Family Planning],18.2',IUD 375 A,3. Unusable Stock,0,NA,NA,NA,NA,0,NA,NA,NA,NA,0,NA,NA,NA,NA,0,NA,NA,NA,NA,NA,NA,NA,NA,NA,0,NA,NA,NA,NA,NA,NA,NA,NA,NA,0,NA,NA,NA,NA,NA,NA,NA,NA,NA,0,NA,NA,NA,NA,0,NA,NA,NA,NA,NA,NA,NA,NA,NA
M18 [Family Planning],18.2',IUD 375 A,4. Stock Distributed,278,NA,NA,NA,NA,0,NA,NA,NA,NA,NA,NA,NA,NA,NA,125,NA,NA,NA,NA,NA,NA,NA,NA,NA,3,NA,NA,NA,NA,NA,NA,NA,NA,NA,150,NA,NA,NA,NA,NA,NA,NA,NA,NA,0,NA,NA,NA,NA,0,NA,NA,NA,NA,NA,NA,NA,NA,NA
M18 [Family Planning],18.2',IUD 375 A,5. Total Stock,3109,NA,NA,NA,NA,0,NA,NA,NA,NA,0,NA,NA,NA,NA,296,NA,NA,NA,NA,NA,NA,NA,NA,NA,843,NA,NA,NA,NA,0,NA,NA,NA,NA,1675,NA,NA,NA,NA,0,NA,NA,NA,NA,0,NA,NA,NA,NA,295,NA,NA,NA,NA,0,NA,NA,NA,NA
M18 [Family Planning],'18.3',Condoms,1. Balance From Previous Month,60843,NA,NA,NA,NA,0,NA,NA,NA,NA,NA,NA,NA,NA,NA,27120,NA,NA,NA,NA,NA,NA,NA,NA,NA,16840,NA,NA,NA,NA,7098,NA,NA,NA,NA,0,NA,NA,NA,NA,NA,NA,NA,NA,NA,5465,NA,NA,NA,NA,4320,NA,NA,NA,NA,NA,NA,NA,NA,NA
M18 [Family Planning],18.3',Condoms,2. Stocks Received,9720,NA,NA,NA,NA,0,NA,NA,NA,NA,NA,NA,NA,NA,NA,0,NA,NA,NA,NA,NA,NA,NA,NA,NA,0,NA,NA,NA,NA,0,NA,NA,NA,NA,9720,NA,NA,NA,NA,NA,NA,NA,NA,NA,0,NA,NA,NA,NA,0,NA,NA,NA,NA,NA,NA,NA,NA,NA
M18 [Family Planning],18.3',Condoms,3. Unusable Stock,0,NA,NA,NA,NA,0,NA,NA,NA,NA,NA,NA,NA,NA,NA,0,NA,NA,NA,NA,NA,NA,NA,NA,NA,0,NA,NA,NA,NA,0,NA,NA,NA,NA,0,NA,NA,NA,NA,NA,NA,NA,NA,NA,0,NA,NA,NA,NA,0,NA,NA,NA,NA,NA,NA,NA,NA,NA
M18 [Family Planning],18.3',Condoms,4. Stock Distributed,9300,NA,NA,NA,NA,0,NA,NA,NA,NA,NA,NA,NA,NA,NA,840,NA,NA,NA,NA,NA,NA,NA,NA,NA,3960,NA,NA,NA,NA,540,NA,NA,NA,NA,2160,NA,NA,NA,NA,NA,NA,NA,NA,NA,0,NA,NA,NA,NA,1800,NA,NA,NA,NA,NA,NA,NA,NA,NA
M18 [Family Planning],18.3',Condoms,5. Total Stock,61263,NA,NA,NA,NA,0,NA,NA,NA,NA,0,NA,NA,NA,NA,26280,NA,NA,NA,NA,NA,NA,NA,NA,NA,12880,NA,NA,NA,NA,6558,NA,NA,NA,NA,7560,NA,NA,NA,NA,0,NA,NA,NA,NA,5465,NA,NA,NA,NA,2520,NA,NA,NA,NA,0,NA,NA,NA,NA
M18 [Family Planning],'18.4',Oral Contraceptive,1. Balance From Previous Month,9762,NA,NA,NA,NA,0,NA,NA,NA,NA,NA,NA,NA,NA,NA,1100,NA,NA,NA,NA,NA,NA,NA,NA,NA,3900,NA,NA,NA,NA,362,NA,NA,NA,NA,0,NA,NA,NA,NA,NA,NA,NA,NA,NA,3600,NA,NA,NA,NA,800,NA,NA,NA,NA,NA,NA,NA,NA,NA
M18 [Family Planning],18.4',Oral Contraceptive,2. Stocks Received,4200,NA,NA,NA,NA,0,NA,NA,NA,NA,NA,NA,NA,NA,NA,0,NA,NA,NA,NA,NA,NA,NA,NA,NA,0,NA,NA,NA,NA,0,NA,NA,NA,NA,1200,NA,NA,NA,NA,NA,NA,NA,NA,NA,0,NA,NA,NA,NA,3000,NA,NA,NA,NA,NA,NA,NA,NA,NA
M18 [Family Planning],18.4',Oral Contraceptive,3. Unusable Stock,0,NA,NA,NA,NA,0,NA,NA,NA,NA,0,NA,NA,NA,NA,0,NA,NA,NA,NA,NA,NA,NA,NA,NA,0,NA,NA,NA,NA,0,NA,NA,NA,NA,0,NA,NA,NA,NA,NA,NA,NA,NA,NA,0,NA,NA,NA,NA,0,NA,NA,NA,NA,NA,NA,NA,NA,NA
M18 [Family Planning],18.4',Oral Contraceptive,4. Stock Distributed,4300,NA,NA,NA,NA,0,NA,NA,NA,NA,NA,NA,NA,NA,NA,100,NA,NA,NA,NA,NA,NA,NA,NA,NA,1100,NA,NA,NA,NA,100,NA,NA,NA,NA,1200,NA,NA,NA,NA,NA,NA,NA,NA,NA,1000,NA,NA,NA,NA,800,NA,NA,NA,NA,NA,NA,NA,NA,NA
M18 [Family Planning],18.4',Oral Contraceptive,5. Total Stock,9662,NA,NA,NA,NA,0,NA,NA,NA,NA,0,NA,NA,NA,NA,1000,NA,NA,NA,NA,NA,NA,NA,NA,NA,2800,NA,NA,NA,NA,262,NA,NA,NA,NA,0,NA,NA,NA,NA,0,NA,NA,NA,NA,2600,NA,NA,NA,NA,3000,NA,NA,NA,NA,0,NA,NA,NA,NA
M18 [Family Planning],'18.5',Emergency Contraceptive Pills,1. Balance From Previous Month,5890,NA,NA,NA,NA,0,NA,NA,NA,NA,NA,NA,NA,NA,NA,0,NA,NA,NA,NA,NA,NA,NA,NA,NA,640,NA,NA,NA,NA,2050,NA,NA,NA,NA,2750,NA,NA,NA,NA,NA,NA,NA,NA,NA,0,NA,NA,NA,NA,450,NA,NA,NA,NA,NA,NA,NA,NA,NA
M18 [Family Planning],18.5',Emergency Contraceptive Pills,2. Stocks Received,1000,NA,NA,NA,NA,0,NA,NA,NA,NA,0,NA,NA,NA,NA,0,NA,NA,NA,NA,NA,NA,NA,NA,NA,1000,NA,NA,NA,NA,0,NA,NA,NA,NA,0,NA,NA,NA,NA,NA,NA,NA,NA,NA,0,NA,NA,NA,NA,0,NA,NA,NA,NA,NA,NA,NA,NA,NA
M18 [Family Planning],18.5',Emergency Contraceptive Pills,3. Unusable Stock,0,NA,NA,NA,NA,0,NA,NA,NA,NA,0,NA,NA,NA,NA,0,NA,NA,NA,NA,NA,NA,NA,NA,NA,0,NA,NA,NA,NA,0,NA,NA,NA,NA,0,NA,NA,NA,NA,NA,NA,NA,NA,NA,0,NA,NA,NA,NA,0,NA,NA,NA,NA,NA,NA,NA,NA,NA
M18 [Family Planning],18.5',Emergency Contraceptive Pills,4. Stock Distributed,950,NA,NA,NA,NA,0,NA,NA,NA,NA,NA,NA,NA,NA,NA,0,NA,NA,NA,NA,NA,NA,NA,NA,NA,0,NA,NA,NA,NA,100,NA,NA,NA,NA,800,NA,NA,NA,NA,NA,NA,NA,NA,NA,0,NA,NA,NA,NA,50,NA,NA,NA,NA,NA,NA,NA,NA,NA
M18 [Family Planning],18.5',Emergency Contraceptive Pills,5. Total Stock,5940,NA,NA,NA,NA,0,NA,NA,NA,NA,0,NA,NA,NA,NA,0,NA,NA,NA,NA,NA,NA,NA,NA,NA,1640,NA,NA,NA,NA,1950,NA,NA,NA,NA,1950,NA,NA,NA,NA,0,NA,NA,NA,NA,0,NA,NA,NA,NA,400,NA,NA,NA,NA,0,NA,NA,NA,NA
M18 [Family Planning],'18.6',Centchroman weekly pills,1. Balance From Previous Month,618,NA,NA,NA,NA,0,NA,NA,NA,NA,NA,NA,NA,NA,NA,0,NA,NA,NA,NA,NA,NA,NA,NA,NA,179,NA,NA,NA,NA,439,NA,NA,NA,NA,0,NA,NA,NA,NA,NA,NA,NA,NA,NA,0,NA,NA,NA,NA,0,NA,NA,NA,NA,NA,NA,NA,NA,NA
M18 [Family Planning],18.6',Centchroman weekly pills,2. Stocks Received,0,NA,NA,NA,NA,0,NA,NA,NA,NA,0,NA,NA,NA,NA,0,NA,NA,NA,NA,NA,NA,NA,NA,NA,0,NA,NA,NA,NA,0,NA,NA,NA,NA,0,NA,NA,NA,NA,NA,NA,NA,NA,NA,0,NA,NA,NA,NA,0,NA,NA,NA,NA,NA,NA,NA,NA,NA
M18 [Family Planning],18.6',Centchroman weekly pills,3. Unusable Stock,0,NA,NA,NA,NA,0,NA,NA,NA,NA,0,NA,NA,NA,NA,0,NA,NA,NA,NA,NA,NA,NA,NA,NA,0,NA,NA,NA,NA,0,NA,NA,NA,NA,0,NA,NA,NA,NA,NA,NA,NA,NA,NA,0,NA,NA,NA,NA,0,NA,NA,NA,NA,NA,NA,NA,NA,NA
M18 [Family Planning],18.6',Centchroman weekly pills,4. Stock Distributed,179,NA,NA,NA,NA,0,NA,NA,NA,NA,NA,NA,NA,NA,NA,0,NA,NA,NA,NA,NA,NA,NA,NA,NA,179,NA,NA,NA,NA,0,NA,NA,NA,NA,0,NA,NA,NA,NA,NA,NA,NA,NA,NA,0,NA,NA,NA,NA,0,NA,NA,NA,NA,NA,NA,NA,NA,NA
M18 [Family Planning],18.6',Centchroman weekly pills,5. Total Stock,439,NA,NA,NA,NA,0,NA,NA,NA,NA,0,NA,NA,NA,NA,NA,NA,NA,NA,NA,NA,NA,NA,NA,NA,0,NA,NA,NA,NA,439,NA,NA,NA,NA,0,NA,NA,NA,NA,NA,NA,NA,NA,NA,0,NA,NA,NA,NA,0,NA,NA,NA,NA,NA,NA,NA,NA,NA
M18 [Family Planning],'18.7',Injectable Contraceptive MPA (Vials),1. Balance From Previous Month,1380,NA,NA,NA,NA,102,NA,NA,NA,NA,NA,NA,NA,NA,NA,726,NA,NA,NA,NA,NA,NA,NA,NA,NA,0,NA,NA,NA,NA,56,NA,NA,NA,NA,0,NA,NA,NA,NA,NA,NA,NA,NA,NA,0,NA,NA,NA,NA,496,NA,NA,NA,NA,NA,NA,NA,NA,NA
M18 [Family Planning],18.7',Injectable Contraceptive MPA (Vials),2. Stocks Received,240,NA,NA,NA,NA,0,NA,NA,NA,NA,0,NA,NA,NA,NA,0,NA,NA,NA,NA,NA,NA,NA,NA,NA,0,NA,NA,NA,NA,0,NA,NA,NA,NA,240,NA,NA,NA,NA,NA,NA,NA,NA,NA,0,NA,NA,NA,NA,0,NA,NA,NA,NA,NA,NA,NA,NA,NA
M18 [Family Planning],18.7',Injectable Contraceptive MPA (Vials),3. Unusable Stock,0,NA,NA,NA,NA,0,NA,NA,NA,NA,0,NA,NA,NA,NA,0,NA,NA,NA,NA,NA,NA,NA,NA,NA,0,NA,NA,NA,NA,0,NA,NA,NA,NA,0,NA,NA,NA,NA,NA,NA,NA,NA,NA,0,NA,NA,NA,NA,0,NA,NA,NA,NA,NA,NA,NA,NA,NA
M18 [Family Planning],18.7',Injectable Contraceptive MPA (Vials),4. Stock Distributed,553,NA,NA,NA,NA,16,NA,NA,NA,NA,NA,NA,NA,NA,NA,81,NA,NA,NA,NA,NA,NA,NA,NA,NA,0,NA,NA,NA,NA,48,NA,NA,NA,NA,240,NA,NA,NA,NA,NA,NA,NA,NA,NA,0,NA,NA,NA,NA,168,NA,NA,NA,NA,NA,NA,NA,NA,NA
M18 [Family Planning],18.7',Injectable Contraceptive MPA (Vials),5. Total Stock,1067,NA,NA,NA,NA,86,NA,NA,NA,NA,0,NA,NA,NA,NA,645,NA,NA,NA,NA,NA,NA,NA,NA,NA,0,NA,NA,NA,NA,8,NA,NA,NA,NA,0,NA,NA,NA,NA,NA,NA,NA,NA,NA,0,NA,NA,NA,NA,328,NA,NA,NA,NA,NA,NA,NA,NA,NA
M18 [Family Planning],'18.8',Tubal rings,1. Balance From Previous Month,100,NA,NA,NA,NA,0,NA,NA,NA,NA,NA,NA,NA,NA,NA,0,NA,NA,NA,NA,NA,NA,NA,NA,NA,0,NA,NA,NA,NA,NA,NA,NA,NA,NA,0,NA,NA,NA,NA,NA,NA,NA,NA,NA,0,NA,NA,NA,NA,100,NA,NA,NA,NA,NA,NA,NA,NA,NA
M18 [Family Planning],18.8',Tubal rings,2. Stocks Received,0,NA,NA,NA,NA,0,NA,NA,NA,NA,NA,NA,NA,NA,NA,0,NA,NA,NA,NA,NA,NA,NA,NA,NA,0,NA,NA,NA,NA,NA,NA,NA,NA,NA,0,NA,NA,NA,NA,NA,NA,NA,NA,NA,0,NA,NA,NA,NA,0,NA,NA,NA,NA,NA,NA,NA,NA,NA
M18 [Family Planning],18.8',Tubal rings,3. Unusable Stock,0,NA,NA,NA,NA,0,NA,NA,NA,NA,NA,NA,NA,NA,NA,0,NA,NA,NA,NA,NA,NA,NA,NA,NA,0,NA,NA,NA,NA,NA,NA,NA,NA,NA,0,NA,NA,NA,NA,NA,NA,NA,NA,NA,0,NA,NA,NA,NA,0,NA,NA,NA,NA,NA,NA,NA,NA,NA
M18 [Family Planning],18.8',Tubal rings,4. Stock Distributed,0,NA,NA,NA,NA,0,NA,NA,NA,NA,NA,NA,NA,NA,NA,0,NA,NA,NA,NA,NA,NA,NA,NA,NA,0,NA,NA,NA,NA,NA,NA,NA,NA,NA,0,NA,NA,NA,NA,NA,NA,NA,NA,NA,0,NA,NA,NA,NA,0,NA,NA,NA,NA,NA,NA,NA,NA,NA
M18 [Family Planning],18.8',Tubal rings,5. Total Stock,100,NA,NA,NA,NA,0,NA,NA,NA,NA,NA,NA,NA,NA,NA,0,NA,NA,NA,NA,NA,NA,NA,NA,NA,0,NA,NA,NA,NA,NA,NA,NA,NA,NA,0,NA,NA,NA,NA,NA,NA,NA,NA,NA,0,NA,NA,NA,NA,100,NA,NA,NA,NA,NA,NA,NA,NA,NA
M18 [Family Planning],'18.9',Pregnancy testing Kits (Nischay Kits),1. Balance From Previous Month,24988,NA,NA,NA,NA,1640,NA,NA,NA,NA,NA,NA,NA,NA,NA,5038,NA,NA,NA,NA,NA,NA,NA,NA,NA,500,NA,NA,NA,NA,3900,NA,NA,NA,NA,750,NA,NA,NA,NA,NA,NA,NA,NA,NA,9810,NA,NA,NA,NA,3350,NA,NA,NA,NA,NA,NA,NA,NA,NA
M18 [Family Planning],18.9',Pregnancy testing Kits (Nischay Kits),2. Stocks Received,2200,NA,NA,NA,NA,0,NA,NA,NA,NA,0,NA,NA,NA,NA,0,NA,NA,NA,NA,NA,NA,NA,NA,NA,2000,NA,NA,NA,NA,0,NA,NA,NA,NA,200,NA,NA,NA,NA,NA,NA,NA,NA,NA,0,NA,NA,NA,NA,0,NA,NA,NA,NA,NA,NA,NA,NA,NA
M18 [Family Planning],18.9',Pregnancy testing Kits (Nischay Kits),3. Unusable Stock,740,NA,NA,NA,NA,0,NA,NA,NA,NA,0,NA,NA,NA,NA,0,NA,NA,NA,NA,NA,NA,NA,NA,NA,0,NA,NA,NA,NA,0,NA,NA,NA,NA,0,NA,NA,NA,NA,NA,NA,NA,NA,NA,0,NA,NA,NA,NA,740,NA,NA,NA,NA,NA,NA,NA,NA,NA
M18 [Family Planning],18.9',Pregnancy testing Kits (Nischay Kits),4. Stock Distributed,7230,NA,NA,NA,NA,0,NA,NA,NA,NA,NA,NA,NA,NA,NA,840,NA,NA,NA,NA,NA,NA,NA,NA,NA,900,NA,NA,NA,NA,1580,NA,NA,NA,NA,500,NA,NA,NA,NA,NA,NA,NA,NA,NA,1810,NA,NA,NA,NA,1600,NA,NA,NA,NA,NA,NA,NA,NA,NA
M18 [Family Planning],18.9',Pregnancy testing Kits (Nischay Kits),5. Total Stock,19218,NA,NA,NA,NA,1640,NA,NA,NA,NA,0,NA,NA,NA,NA,4198,NA,NA,NA,NA,NA,NA,NA,NA,NA,1600,NA,NA,NA,NA,2320,NA,NA,NA,NA,450,NA,NA,NA,NA,NA,NA,NA,NA,NA,8000,NA,NA,NA,NA,1010,NA,NA,NA,NA,NA,NA,NA,NA,NA
M19 [Other Items],'19.1',Gloves,1. Balance From Previous Month,7250,NA,NA,NA,NA,0,NA,NA,NA,NA,NA,NA,NA,NA,NA,7250,NA,NA,NA,NA,NA,NA,NA,NA,NA,0,NA,NA,NA,NA,NA,NA,NA,NA,NA,NA,NA,NA,NA,NA,NA,NA,NA,NA,NA,0,NA,NA,NA,NA,0,NA,NA,NA,NA,NA,NA,NA,NA,NA
M19 [Other Items],19.1',Gloves,2. Stocks Received,0,NA,NA,NA,NA,0,NA,NA,NA,NA,NA,NA,NA,NA,NA,0,NA,NA,NA,NA,NA,NA,NA,NA,NA,0,NA,NA,NA,NA,NA,NA,NA,NA,NA,NA,NA,NA,NA,NA,NA,NA,NA,NA,NA,0,NA,NA,NA,NA,0,NA,NA,NA,NA,NA,NA,NA,NA,NA
M19 [Other Items],19.1',Gloves,3. Unusable Stock,0,NA,NA,NA,NA,0,NA,NA,NA,NA,NA,NA,NA,NA,NA,0,NA,NA,NA,NA,NA,NA,NA,NA,NA,0,NA,NA,NA,NA,NA,NA,NA,NA,NA,NA,NA,NA,NA,NA,NA,NA,NA,NA,NA,0,NA,NA,NA,NA,0,NA,NA,NA,NA,NA,NA,NA,NA,NA
M19 [Other Items],19.1',Gloves,4. Stock Distributed,4805,NA,NA,NA,NA,0,NA,NA,NA,NA,NA,NA,NA,NA,NA,4805,NA,NA,NA,NA,NA,NA,NA,NA,NA,0,NA,NA,NA,NA,NA,NA,NA,NA,NA,NA,NA,NA,NA,NA,NA,NA,NA,NA,NA,0,NA,NA,NA,NA,0,NA,NA,NA,NA,NA,NA,NA,NA,NA
M19 [Other Items],19.1',Gloves,5. Total Stock,2445,NA,NA,NA,NA,0,NA,NA,NA,NA,0,NA,NA,NA,NA,2445,NA,NA,NA,NA,NA,NA,NA,NA,NA,0,NA,NA,NA,NA,0,NA,NA,NA,NA,0,NA,NA,NA,NA,0,NA,NA,NA,NA,0,NA,NA,NA,NA,0,NA,NA,NA,NA,0,NA,NA,NA,NA
M19 [Other Items],'19.2',MVA Syringes,1. Balance From Previous Month,0,NA,NA,NA,NA,0,NA,NA,NA,NA,NA,NA,NA,NA,NA,0,NA,NA,NA,NA,NA,NA,NA,NA,NA,0,NA,NA,NA,NA,NA,NA,NA,NA,NA,NA,NA,NA,NA,NA,NA,NA,NA,NA,NA,0,NA,NA,NA,NA,0,NA,NA,NA,NA,NA,NA,NA,NA,NA
M19 [Other Items],19.2',MVA Syringes,2. Stocks Received,0,NA,NA,NA,NA,0,NA,NA,NA,NA,NA,NA,NA,NA,NA,0,NA,NA,NA,NA,NA,NA,NA,NA,NA,0,NA,NA,NA,NA,NA,NA,NA,NA,NA,NA,NA,NA,NA,NA,NA,NA,NA,NA,NA,0,NA,NA,NA,NA,0,NA,NA,NA,NA,NA,NA,NA,NA,NA
M19 [Other Items],19.2',MVA Syringes,3. Unusable Stock,0,NA,NA,NA,NA,0,NA,NA,NA,NA,NA,NA,NA,NA,NA,0,NA,NA,NA,NA,NA,NA,NA,NA,NA,0,NA,NA,NA,NA,NA,NA,NA,NA,NA,NA,NA,NA,NA,NA,NA,NA,NA,NA,NA,0,NA,NA,NA,NA,0,NA,NA,NA,NA,NA,NA,NA,NA,NA
M19 [Other Items],19.2',MVA Syringes,4. Stock Distributed,0,NA,NA,NA,NA,0,NA,NA,NA,NA,NA,NA,NA,NA,NA,0,NA,NA,NA,NA,NA,NA,NA,NA,NA,0,NA,NA,NA,NA,NA,NA,NA,NA,NA,NA,NA,NA,NA,NA,NA,NA,NA,NA,NA,0,NA,NA,NA,NA,0,NA,NA,NA,NA,NA,NA,NA,NA,NA
M19 [Other Items],19.2',MVA Syringes,5. Total Stock,0,NA,NA,NA,NA,0,NA,NA,NA,NA,0,NA,NA,NA,NA,0,NA,NA,NA,NA,NA,NA,NA,NA,NA,0,NA,NA,NA,NA,0,NA,NA,NA,NA,0,NA,NA,NA,NA,0,NA,NA,NA,NA,0,NA,NA,NA,NA,0,NA,NA,NA,NA,0,NA,NA,NA,NA
M19 [Other Items],'19.3',Tab. Fluconazole,1. Balance From Previous Month,0,NA,NA,NA,NA,0,NA,NA,NA,NA,NA,NA,NA,NA,NA,0,NA,NA,NA,NA,NA,NA,NA,NA,NA,0,NA,NA,NA,NA,NA,NA,NA,NA,NA,NA,NA,NA,NA,NA,NA,NA,NA,NA,NA,0,NA,NA,NA,NA,0,NA,NA,NA,NA,NA,NA,NA,NA,NA
M19 [Other Items],19.3',Tab. Fluconazole,2. Stocks Received,0,NA,NA,NA,NA,0,NA,NA,NA,NA,NA,NA,NA,NA,NA,0,NA,NA,NA,NA,NA,NA,NA,NA,NA,0,NA,NA,NA,NA,NA,NA,NA,NA,NA,NA,NA,NA,NA,NA,NA,NA,NA,NA,NA,0,NA,NA,NA,NA,0,NA,NA,NA,NA,NA,NA,NA,NA,NA
M19 [Other Items],19.3',Tab. Fluconazole,3. Unusable Stock,0,NA,NA,NA,NA,0,NA,NA,NA,NA,NA,NA,NA,NA,NA,0,NA,NA,NA,NA,NA,NA,NA,NA,NA,0,NA,NA,NA,NA,NA,NA,NA,NA,NA,NA,NA,NA,NA,NA,NA,NA,NA,NA,NA,0,NA,NA,NA,NA,0,NA,NA,NA,NA,NA,NA,NA,NA,NA
M19 [Other Items],19.3',Tab. Fluconazole,4. Stock Distributed,0,NA,NA,NA,NA,0,NA,NA,NA,NA,NA,NA,NA,NA,NA,0,NA,NA,NA,NA,NA,NA,NA,NA,NA,0,NA,NA,NA,NA,NA,NA,NA,NA,NA,NA,NA,NA,NA,NA,NA,NA,NA,NA,NA,0,NA,NA,NA,NA,0,NA,NA,NA,NA,NA,NA,NA,NA,NA
M19 [Other Items],19.3',Tab. Fluconazole,5. Total Stock,0,NA,NA,NA,NA,0,NA,NA,NA,NA,0,NA,NA,NA,NA,0,NA,NA,NA,NA,NA,NA,NA,NA,NA,0,NA,NA,NA,NA,0,NA,NA,NA,NA,0,NA,NA,NA,NA,0,NA,NA,NA,NA,0,NA,NA,NA,NA,0,NA,NA,NA,NA,0,NA,NA,NA,NA
M19 [Other Items],'19.4',Blood Transfusion sets,1. Balance From Previous Month,0,NA,NA,NA,NA,0,NA,NA,NA,NA,NA,NA,NA,NA,NA,0,NA,NA,NA,NA,NA,NA,NA,NA,NA,0,NA,NA,NA,NA,NA,NA,NA,NA,NA,NA,NA,NA,NA,NA,NA,NA,NA,NA,NA,0,NA,NA,NA,NA,0,NA,NA,NA,NA,NA,NA,NA,NA,NA
M19 [Other Items],19.4',Blood Transfusion sets,2. Stocks Received,0,NA,NA,NA,NA,0,NA,NA,NA,NA,NA,NA,NA,NA,NA,0,NA,NA,NA,NA,NA,NA,NA,NA,NA,0,NA,NA,NA,NA,NA,NA,NA,NA,NA,NA,NA,NA,NA,NA,NA,NA,NA,NA,NA,0,NA,NA,NA,NA,0,NA,NA,NA,NA,NA,NA,NA,NA,NA
M19 [Other Items],19.4',Blood Transfusion sets,3. Unusable Stock,0,NA,NA,NA,NA,0,NA,NA,NA,NA,NA,NA,NA,NA,NA,0,NA,NA,NA,NA,NA,NA,NA,NA,NA,0,NA,NA,NA,NA,NA,NA,NA,NA,NA,NA,NA,NA,NA,NA,NA,NA,NA,NA,NA,0,NA,NA,NA,NA,0,NA,NA,NA,NA,NA,NA,NA,NA,NA
M19 [Other Items],19.4',Blood Transfusion sets,4. Stock Distributed,0,NA,NA,NA,NA,0,NA,NA,NA,NA,NA,NA,NA,NA,NA,0,NA,NA,NA,NA,NA,NA,NA,NA,NA,0,NA,NA,NA,NA,NA,NA,NA,NA,NA,NA,NA,NA,NA,NA,NA,NA,NA,NA,NA,0,NA,NA,NA,NA,0,NA,NA,NA,NA,NA,NA,NA,NA,NA
M19 [Other Items],19.4',Blood Transfusion sets,5. Total Stock,0,NA,NA,NA,NA,0,NA,NA,NA,NA,0,NA,NA,NA,NA,0,NA,NA,NA,NA,NA,NA,NA,NA,NA,0,NA,NA,NA,NA,0,NA,NA,NA,NA,0,NA,NA,NA,NA,0,NA,NA,NA,NA,0,NA,NA,NA,NA,0,NA,NA,NA,NA,0,NA,NA,NA,NA
M19 [Other Items],'19.5',Gluteraldehyde 2%,1. Balance From Previous Month,0,NA,NA,NA,NA,0,NA,NA,NA,NA,NA,NA,NA,NA,NA,0,NA,NA,NA,NA,NA,NA,NA,NA,NA,0,NA,NA,NA,NA,NA,NA,NA,NA,NA,NA,NA,NA,NA,NA,NA,NA,NA,NA,NA,0,NA,NA,NA,NA,0,NA,NA,NA,NA,NA,NA,NA,NA,NA
M19 [Other Items],19.5',Gluteraldehyde 2%,2. Stocks Received,0,NA,NA,NA,NA,0,NA,NA,NA,NA,NA,NA,NA,NA,NA,0,NA,NA,NA,NA,NA,NA,NA,NA,NA,0,NA,NA,NA,NA,NA,NA,NA,NA,NA,NA,NA,NA,NA,NA,NA,NA,NA,NA,NA,0,NA,NA,NA,NA,0,NA,NA,NA,NA,NA,NA,NA,NA,NA
M19 [Other Items],19.5',Gluteraldehyde 2%,3. Unusable Stock,0,NA,NA,NA,NA,0,NA,NA,NA,NA,NA,NA,NA,NA,NA,0,NA,NA,NA,NA,NA,NA,NA,NA,NA,0,NA,NA,NA,NA,NA,NA,NA,NA,NA,NA,NA,NA,NA,NA,NA,NA,NA,NA,NA,0,NA,NA,NA,NA,0,NA,NA,NA,NA,NA,NA,NA,NA,NA
M19 [Other Items],19.5',Gluteraldehyde 2%,4. Stock Distributed,0,NA,NA,NA,NA,0,NA,NA,NA,NA,NA,NA,NA,NA,NA,0,NA,NA,NA,NA,NA,NA,NA,NA,NA,0,NA,NA,NA,NA,NA,NA,NA,NA,NA,NA,NA,NA,NA,NA,NA,NA,NA,NA,NA,0,NA,NA,NA,NA,0,NA,NA,NA,NA,NA,NA,NA,NA,NA
M19 [Other Items],19.5',Gluteraldehyde 2%,5. Total Stock,0,NA,NA,NA,NA,0,NA,NA,NA,NA,0,NA,NA,NA,NA,0,NA,NA,NA,NA,NA,NA,NA,NA,NA,0,NA,NA,NA,NA,0,NA,NA,NA,NA,0,NA,NA,NA,NA,0,NA,NA,NA,NA,0,NA,NA,NA,NA,0,NA,NA,NA,NA,0,NA,NA,NA,NA
M19 [Other Items],'19.6',IFA tablets ( Adult),1. Balance From Previous Month,1314480,NA,NA,NA,NA,0,NA,NA,NA,NA,NA,NA,NA,NA,NA,284500,NA,NA,NA,NA,NA,NA,NA,NA,NA,1029980,NA,NA,NA,NA,NA,NA,NA,NA,NA,NA,NA,NA,NA,NA,NA,NA,NA,NA,NA,0,NA,NA,NA,NA,0,NA,NA,NA,NA,NA,NA,NA,NA,NA
M19 [Other Items],19.6',IFA tablets ( Adult),2. Stocks Received,800000,NA,NA,NA,NA,0,NA,NA,NA,NA,NA,NA,NA,NA,NA,0,NA,NA,NA,NA,NA,NA,NA,NA,NA,0,NA,NA,NA,NA,NA,NA,NA,NA,NA,NA,NA,NA,NA,NA,800000,NA,NA,NA,NA,0,NA,NA,NA,NA,0,NA,NA,NA,NA,NA,NA,NA,NA,NA
M19 [Other Items],19.6',IFA tablets ( Adult),3. Unusable Stock,0,NA,NA,NA,NA,0,NA,NA,NA,NA,NA,NA,NA,NA,NA,0,NA,NA,NA,NA,NA,NA,NA,NA,NA,0,NA,NA,NA,NA,NA,NA,NA,NA,NA,NA,NA,NA,NA,NA,NA,NA,NA,NA,NA,0,NA,NA,NA,NA,0,NA,NA,NA,NA,NA,NA,NA,NA,NA
M19 [Other Items],19.6',IFA tablets ( Adult),4. Stock Distributed,1066000,NA,NA,NA,NA,0,NA,NA,NA,NA,NA,NA,NA,NA,NA,113500,NA,NA,NA,NA,NA,NA,NA,NA,NA,152500,NA,NA,NA,NA,NA,NA,NA,NA,NA,NA,NA,NA,NA,NA,800000,NA,NA,NA,NA,0,NA,NA,NA,NA,0,NA,NA,NA,NA,NA,NA,NA,NA,NA
M19 [Other Items],19.6',IFA tablets ( Adult),5. Total Stock,1048480,NA,NA,NA,NA,0,NA,NA,NA,NA,0,NA,NA,NA,NA,171000,NA,NA,NA,NA,NA,NA,NA,NA,NA,877480,NA,NA,NA,NA,0,NA,NA,NA,NA,0,NA,NA,NA,NA,0,NA,NA,NA,NA,0,NA,NA,NA,NA,0,NA,NA,NA,NA,0,NA,NA,NA,NA
M19 [Other Items],'19.7',IFA - Blue ( Adolescent 10-19 yrs),1. Balance From Previous Month,41795,NA,NA,NA,NA,24795,NA,NA,NA,NA,NA,NA,NA,NA,NA,0,NA,NA,NA,NA,NA,NA,NA,NA,NA,0,NA,NA,NA,NA,NA,NA,NA,NA,NA,17000,NA,NA,NA,NA,NA,NA,NA,NA,NA,0,NA,NA,NA,NA,0,NA,NA,NA,NA,NA,NA,NA,NA,NA
M19 [Other Items],19.7',IFA - Blue ( Adolescent 10-19 yrs),2. Stocks Received,0,NA,NA,NA,NA,0,NA,NA,NA,NA,NA,NA,NA,NA,NA,0,NA,NA,NA,NA,NA,NA,NA,NA,NA,0,NA,NA,NA,NA,NA,NA,NA,NA,NA,0,NA,NA,NA,NA,NA,NA,NA,NA,NA,0,NA,NA,NA,NA,0,NA,NA,NA,NA,NA,NA,NA,NA,NA
M19 [Other Items],19.7',IFA - Blue ( Adolescent 10-19 yrs),3. Unusable Stock,0,NA,NA,NA,NA,0,NA,NA,NA,NA,NA,NA,NA,NA,NA,0,NA,NA,NA,NA,NA,NA,NA,NA,NA,0,NA,NA,NA,NA,NA,NA,NA,NA,NA,0,NA,NA,NA,NA,NA,NA,NA,NA,NA,0,NA,NA,NA,NA,0,NA,NA,NA,NA,NA,NA,NA,NA,NA
M19 [Other Items],19.7',IFA - Blue ( Adolescent 10-19 yrs),4. Stock Distributed,41795,NA,NA,NA,NA,24795,NA,NA,NA,NA,NA,NA,NA,NA,NA,0,NA,NA,NA,NA,NA,NA,NA,NA,NA,0,NA,NA,NA,NA,NA,NA,NA,NA,NA,17000,NA,NA,NA,NA,NA,NA,NA,NA,NA,0,NA,NA,NA,NA,0,NA,NA,NA,NA,NA,NA,NA,NA,NA
M19 [Other Items],19.7',IFA - Blue ( Adolescent 10-19 yrs),5. Total Stock,0,NA,NA,NA,NA,0,NA,NA,NA,NA,0,NA,NA,NA,NA,0,NA,NA,NA,NA,NA,NA,NA,NA,NA,0,NA,NA,NA,NA,0,NA,NA,NA,NA,0,NA,NA,NA,NA,0,NA,NA,NA,NA,0,NA,NA,NA,NA,0,NA,NA,NA,NA,0,NA,NA,NA,NA
M19 [Other Items],'19.8',IFA- Pink ( Junior 6-10 yrs),1. Balance From Previous Month,321840,NA,NA,NA,NA,44940,NA,NA,NA,NA,NA,NA,NA,NA,NA,25395,NA,NA,NA,NA,NA,NA,NA,NA,NA,186600,NA,NA,NA,NA,64905,NA,NA,NA,NA,0,NA,NA,NA,NA,NA,NA,NA,NA,NA,0,NA,NA,NA,NA,0,NA,NA,NA,NA,NA,NA,NA,NA,NA
M19 [Other Items],19.8',IFA- Pink ( Junior 6-10 yrs),2. Stocks Received,699600,NA,NA,NA,NA,0,NA,NA,NA,NA,NA,NA,NA,NA,NA,0,NA,NA,NA,NA,NA,NA,NA,NA,NA,0,NA,NA,NA,NA,0,NA,NA,NA,NA,0,NA,NA,NA,NA,699600,NA,NA,NA,NA,0,NA,NA,NA,NA,0,NA,NA,NA,NA,NA,NA,NA,NA,NA
M19 [Other Items],19.8',IFA- Pink ( Junior 6-10 yrs),3. Unusable Stock,0,NA,NA,NA,NA,0,NA,NA,NA,NA,NA,NA,NA,NA,NA,0,NA,NA,NA,NA,NA,NA,NA,NA,NA,0,NA,NA,NA,NA,0,NA,NA,NA,NA,0,NA,NA,NA,NA,NA,NA,NA,NA,NA,0,NA,NA,NA,NA,0,NA,NA,NA,NA,NA,NA,NA,NA,NA
M19 [Other Items],19.8',IFA- Pink ( Junior 6-10 yrs),4. Stock Distributed,867240,NA,NA,NA,NA,44940,NA,NA,NA,NA,NA,NA,NA,NA,NA,21000,NA,NA,NA,NA,NA,NA,NA,NA,NA,97200,NA,NA,NA,NA,4500,NA,NA,NA,NA,0,NA,NA,NA,NA,699600,NA,NA,NA,NA,0,NA,NA,NA,NA,0,NA,NA,NA,NA,NA,NA,NA,NA,NA
M19 [Other Items],19.8',IFA- Pink ( Junior 6-10 yrs),5. Total Stock,154200,NA,NA,NA,NA,0,NA,NA,NA,NA,0,NA,NA,NA,NA,4395,NA,NA,NA,NA,NA,NA,NA,NA,NA,89400,NA,NA,NA,NA,60405,NA,NA,NA,NA,0,NA,NA,NA,NA,0,NA,NA,NA,NA,0,NA,NA,NA,NA,0,NA,NA,NA,NA,0,NA,NA,NA,NA
M19 [Other Items],'19.9',IFA Syrup (Paediatric),1. Balance From Previous Month,41960,NA,NA,NA,NA,0,NA,NA,NA,NA,NA,NA,NA,NA,NA,0,NA,NA,NA,NA,NA,NA,NA,NA,NA,0,NA,NA,NA,NA,29960,NA,NA,NA,NA,12000,NA,NA,NA,NA,NA,NA,NA,NA,NA,0,NA,NA,NA,NA,0,NA,NA,NA,NA,NA,NA,NA,NA,NA
M19 [Other Items],19.9',IFA Syrup (Paediatric),2. Stocks Received,20000,NA,NA,NA,NA,0,NA,NA,NA,NA,NA,NA,NA,NA,NA,0,NA,NA,NA,NA,NA,NA,NA,NA,NA,20000,NA,NA,NA,NA,0,NA,NA,NA,NA,0,NA,NA,NA,NA,NA,NA,NA,NA,NA,0,NA,NA,NA,NA,0,NA,NA,NA,NA,NA,NA,NA,NA,NA
M19 [Other Items],19.9',IFA Syrup (Paediatric),3. Unusable Stock,0,NA,NA,NA,NA,0,NA,NA,NA,NA,NA,NA,NA,NA,NA,0,NA,NA,NA,NA,NA,NA,NA,NA,NA,0,NA,NA,NA,NA,0,NA,NA,NA,NA,0,NA,NA,NA,NA,NA,NA,NA,NA,NA,0,NA,NA,NA,NA,0,NA,NA,NA,NA,NA,NA,NA,NA,NA
M19 [Other Items],19.9',IFA Syrup (Paediatric),4. Stock Distributed,29760,NA,NA,NA,NA,0,NA,NA,NA,NA,NA,NA,NA,NA,NA,0,NA,NA,NA,NA,NA,NA,NA,NA,NA,15720,NA,NA,NA,NA,2040,NA,NA,NA,NA,12000,NA,NA,NA,NA,NA,NA,NA,NA,NA,0,NA,NA,NA,NA,0,NA,NA,NA,NA,NA,NA,NA,NA,NA
M19 [Other Items],19.9',IFA Syrup (Paediatric),5. Total Stock,32200,NA,NA,NA,NA,0,NA,NA,NA,NA,0,NA,NA,NA,NA,0,NA,NA,NA,NA,NA,NA,NA,NA,NA,4280,NA,NA,NA,NA,27920,NA,NA,NA,NA,0,NA,NA,NA,NA,0,NA,NA,NA,NA,0,NA,NA,NA,NA,0,NA,NA,NA,NA,0,NA,NA,NA,NA
M19 [Other Items],'19.10',Paediatrics Antibiotics ( Amoxycillin and Injectable Gentamicin),1. Balance From Previous Month,28280,NA,NA,NA,NA,0,NA,NA,NA,NA,NA,NA,NA,NA,NA,27100,NA,NA,NA,NA,NA,NA,NA,NA,NA,500,NA,NA,NA,NA,NA,NA,NA,NA,NA,680,NA,NA,NA,NA,NA,NA,NA,NA,NA,NA,NA,NA,NA,NA,0,NA,NA,NA,NA,NA,NA,NA,NA,NA
M19 [Other Items],19.10',Paediatrics Antibiotics ( Amoxycillin and Injectable Gentamicin),2. Stocks Received,0,NA,NA,NA,NA,0,NA,NA,NA,NA,NA,NA,NA,NA,NA,0,NA,NA,NA,NA,NA,NA,NA,NA,NA,0,NA,NA,NA,NA,NA,NA,NA,NA,NA,0,NA,NA,NA,NA,NA,NA,NA,NA,NA,NA,NA,NA,NA,NA,0,NA,NA,NA,NA,NA,NA,NA,NA,NA
M19 [Other Items],19.10',Paediatrics Antibiotics ( Amoxycillin and Injectable Gentamicin),3. Unusable Stock,0,NA,NA,NA,NA,0,NA,NA,NA,NA,NA,NA,NA,NA,NA,0,NA,NA,NA,NA,NA,NA,NA,NA,NA,0,NA,NA,NA,NA,NA,NA,NA,NA,NA,0,NA,NA,NA,NA,NA,NA,NA,NA,NA,NA,NA,NA,NA,NA,0,NA,NA,NA,NA,NA,NA,NA,NA,NA
M19 [Other Items],19.10',Paediatrics Antibiotics ( Amoxycillin and Injectable Gentamicin),4. Stock Distributed,16060,NA,NA,NA,NA,0,NA,NA,NA,NA,NA,NA,NA,NA,NA,15700,NA,NA,NA,NA,NA,NA,NA,NA,NA,0,NA,NA,NA,NA,NA,NA,NA,NA,NA,360,NA,NA,NA,NA,NA,NA,NA,NA,NA,NA,NA,NA,NA,NA,0,NA,NA,NA,NA,NA,NA,NA,NA,NA
M19 [Other Items],19.10',Paediatrics Antibiotics ( Amoxycillin and Injectable Gentamicin),5. Total Stock,12220,NA,NA,NA,NA,0,NA,NA,NA,NA,0,NA,NA,NA,NA,11400,NA,NA,NA,NA,NA,NA,NA,NA,NA,500,NA,NA,NA,NA,0,NA,NA,NA,NA,320,NA,NA,NA,NA,0,NA,NA,NA,NA,0,NA,NA,NA,NA,0,NA,NA,NA,NA,0,NA,NA,NA,NA
M19 [Other Items],'19.11',Vit A syrup,1. Balance From Previous Month,73750,NA,NA,NA,NA,0,NA,NA,NA,NA,NA,NA,NA,NA,NA,27250,NA,NA,NA,NA,NA,NA,NA,NA,NA,0,NA,NA,NA,NA,0,NA,NA,NA,NA,8000,NA,NA,NA,NA,NA,NA,NA,NA,NA,38500,NA,NA,NA,NA,0,NA,NA,NA,NA,NA,NA,NA,NA,NA
M19 [Other Items],19.11',Vit A syrup,2. Stocks Received,0,NA,NA,NA,NA,0,NA,NA,NA,NA,NA,NA,NA,NA,NA,0,NA,NA,NA,NA,NA,NA,NA,NA,NA,0,NA,NA,NA,NA,0,NA,NA,NA,NA,0,NA,NA,NA,NA,NA,NA,NA,NA,NA,0,NA,NA,NA,NA,0,NA,NA,NA,NA,NA,NA,NA,NA,NA
M19 [Other Items],19.11',Vit A syrup,3. Unusable Stock,0,NA,NA,NA,NA,0,NA,NA,NA,NA,NA,NA,NA,NA,NA,0,NA,NA,NA,NA,NA,NA,NA,NA,NA,0,NA,NA,NA,NA,0,NA,NA,NA,NA,0,NA,NA,NA,NA,NA,NA,NA,NA,NA,0,NA,NA,NA,NA,0,NA,NA,NA,NA,NA,NA,NA,NA,NA
M19 [Other Items],19.11',Vit A syrup,4. Stock Distributed,18000,NA,NA,NA,NA,0,NA,NA,NA,NA,NA,NA,NA,NA,NA,11500,NA,NA,NA,NA,NA,NA,NA,NA,NA,0,NA,NA,NA,NA,0,NA,NA,NA,NA,1000,NA,NA,NA,NA,NA,NA,NA,NA,NA,5500,NA,NA,NA,NA,0,NA,NA,NA,NA,NA,NA,NA,NA,NA
M19 [Other Items],19.11',Vit A syrup,5. Total Stock,55750,NA,NA,NA,NA,0,NA,NA,NA,NA,0,NA,NA,NA,NA,15750,NA,NA,NA,NA,NA,NA,NA,NA,NA,0,NA,NA,NA,NA,0,NA,NA,NA,NA,7000,NA,NA,NA,NA,0,NA,NA,NA,NA,33000,NA,NA,NA,NA,0,NA,NA,NA,NA,0,NA,NA,NA,NA
M19 [Other Items],'19.12',ORS (New WHO),1. Balance From Previous Month,33838,NA,NA,NA,NA,0,NA,NA,NA,NA,NA,NA,NA,NA,NA,600,NA,NA,NA,NA,NA,NA,NA,NA,NA,33238,NA,NA,NA,NA,NA,NA,NA,NA,NA,0,NA,NA,NA,NA,NA,NA,NA,NA,NA,0,NA,NA,NA,NA,0,NA,NA,NA,NA,NA,NA,NA,NA,NA
M19 [Other Items],19.12',ORS (New WHO),2. Stocks Received,0,NA,NA,NA,NA,0,NA,NA,NA,NA,NA,NA,NA,NA,NA,0,NA,NA,NA,NA,NA,NA,NA,NA,NA,0,NA,NA,NA,NA,NA,NA,NA,NA,NA,0,NA,NA,NA,NA,NA,NA,NA,NA,NA,0,NA,NA,NA,NA,0,NA,NA,NA,NA,NA,NA,NA,NA,NA
M19 [Other Items],19.12',ORS (New WHO),3. Unusable Stock,0,NA,NA,NA,NA,0,NA,NA,NA,NA,NA,NA,NA,NA,NA,0,NA,NA,NA,NA,NA,NA,NA,NA,NA,0,NA,NA,NA,NA,NA,NA,NA,NA,NA,0,NA,NA,NA,NA,NA,NA,NA,NA,NA,0,NA,NA,NA,NA,0,NA,NA,NA,NA,NA,NA,NA,NA,NA
M19 [Other Items],19.12',ORS (New WHO),4. Stock Distributed,1200,NA,NA,NA,NA,0,NA,NA,NA,NA,NA,NA,NA,NA,NA,600,NA,NA,NA,NA,NA,NA,NA,NA,NA,600,NA,NA,NA,NA,NA,NA,NA,NA,NA,0,NA,NA,NA,NA,NA,NA,NA,NA,NA,0,NA,NA,NA,NA,0,NA,NA,NA,NA,NA,NA,NA,NA,NA
M19 [Other Items],19.12',ORS (New WHO),5. Total Stock,32638,NA,NA,NA,NA,0,NA,NA,NA,NA,NA,NA,NA,NA,NA,0,NA,NA,NA,NA,NA,NA,NA,NA,NA,32638,NA,NA,NA,NA,NA,NA,NA,NA,NA,0,NA,NA,NA,NA,NA,NA,NA,NA,NA,0,NA,NA,NA,NA,0,NA,NA,NA,NA,NA,NA,NA,NA,NA
M19 [Other Items],'19.13',RTI /STI colour coded syndromic kits ( I to VII),1. Balance From Previous Month,0,NA,NA,NA,NA,0,NA,NA,NA,NA,NA,NA,NA,NA,NA,0,NA,NA,NA,NA,NA,NA,NA,NA,NA,0,NA,NA,NA,NA,NA,NA,NA,NA,NA,0,NA,NA,NA,NA,NA,NA,NA,NA,NA,0,NA,NA,NA,NA,0,NA,NA,NA,NA,NA,NA,NA,NA,NA
M19 [Other Items],19.13',RTI /STI colour coded syndromic kits ( I to VII),2. Stocks Received,0,NA,NA,NA,NA,0,NA,NA,NA,NA,NA,NA,NA,NA,NA,0,NA,NA,NA,NA,NA,NA,NA,NA,NA,0,NA,NA,NA,NA,NA,NA,NA,NA,NA,0,NA,NA,NA,NA,NA,NA,NA,NA,NA,0,NA,NA,NA,NA,0,NA,NA,NA,NA,NA,NA,NA,NA,NA
M19 [Other Items],19.13',RTI /STI colour coded syndromic kits ( I to VII),3. Unusable Stock,0,NA,NA,NA,NA,0,NA,NA,NA,NA,NA,NA,NA,NA,NA,0,NA,NA,NA,NA,NA,NA,NA,NA,NA,0,NA,NA,NA,NA,NA,NA,NA,NA,NA,0,NA,NA,NA,NA,NA,NA,NA,NA,NA,0,NA,NA,NA,NA,0,NA,NA,NA,NA,NA,NA,NA,NA,NA
M19 [Other Items],19.13',RTI /STI colour coded syndromic kits ( I to VII),4. Stock Distributed,0,NA,NA,NA,NA,0,NA,NA,NA,NA,NA,NA,NA,NA,NA,0,NA,NA,NA,NA,NA,NA,NA,NA,NA,0,NA,NA,NA,NA,NA,NA,NA,NA,NA,0,NA,NA,NA,NA,NA,NA,NA,NA,NA,0,NA,NA,NA,NA,0,NA,NA,NA,NA,NA,NA,NA,NA,NA
M19 [Other Items],19.13',RTI /STI colour coded syndromic kits ( I to VII),5. Total Stock,0,NA,NA,NA,NA,0,NA,NA,NA,NA,NA,NA,NA,NA,NA,0,NA,NA,NA,NA,NA,NA,NA,NA,NA,0,NA,NA,NA,NA,NA,NA,NA,NA,NA,0,NA,NA,NA,NA,NA,NA,NA,NA,NA,0,NA,NA,NA,NA,0,NA,NA,NA,NA,NA,NA,NA,NA,NA
M19 [Other Items],'19.14',Zinc 20 mg tablet,1. Balance From Previous Month,188588,NA,NA,NA,NA,108748,NA,NA,NA,NA,NA,NA,NA,NA,NA,0,NA,NA,NA,NA,NA,NA,NA,NA,NA,79840,NA,NA,NA,NA,NA,NA,NA,NA,NA,0,NA,NA,NA,NA,NA,NA,NA,NA,NA,0,NA,NA,NA,NA,0,NA,NA,NA,NA,NA,NA,NA,NA,NA
M19 [Other Items],19.14',Zinc 20 mg tablet,2. Stocks Received,0,NA,NA,NA,NA,0,NA,NA,NA,NA,NA,NA,NA,NA,NA,0,NA,NA,NA,NA,NA,NA,NA,NA,NA,0,NA,NA,NA,NA,NA,NA,NA,NA,NA,0,NA,NA,NA,NA,NA,NA,NA,NA,NA,0,NA,NA,NA,NA,0,NA,NA,NA,NA,NA,NA,NA,NA,NA
M19 [Other Items],19.14',Zinc 20 mg tablet,3. Unusable Stock,0,NA,NA,NA,NA,0,NA,NA,NA,NA,NA,NA,NA,NA,NA,0,NA,NA,NA,NA,NA,NA,NA,NA,NA,0,NA,NA,NA,NA,NA,NA,NA,NA,NA,0,NA,NA,NA,NA,NA,NA,NA,NA,NA,0,NA,NA,NA,NA,0,NA,NA,NA,NA,NA,NA,NA,NA,NA
M19 [Other Items],19.14',Zinc 20 mg tablet,4. Stock Distributed,28900,NA,NA,NA,NA,22600,NA,NA,NA,NA,NA,NA,NA,NA,NA,0,NA,NA,NA,NA,NA,NA,NA,NA,NA,6300,NA,NA,NA,NA,NA,NA,NA,NA,NA,0,NA,NA,NA,NA,NA,NA,NA,NA,NA,0,NA,NA,NA,NA,0,NA,NA,NA,NA,NA,NA,NA,NA,NA
M19 [Other Items],19.14',Zinc 20 mg tablet,5. Total Stock,159688,NA,NA,NA,NA,86148,NA,NA,NA,NA,NA,NA,NA,NA,NA,0,NA,NA,NA,NA,NA,NA,NA,NA,NA,73540,NA,NA,NA,NA,NA,NA,NA,NA,NA,0,NA,NA,NA,NA,NA,NA,NA,NA,NA,0,NA,NA,NA,NA,0,NA,NA,NA,NA,NA,NA,NA,NA,NA
M19 [Other Items],'19.15',Albendazole 400 mg tablet,1. Balance From Previous Month,346820,NA,NA,NA,NA,0,NA,NA,NA,NA,NA,NA,NA,NA,NA,46800,NA,NA,NA,NA,NA,NA,NA,NA,NA,20,NA,NA,NA,NA,NA,NA,NA,NA,NA,300000,NA,NA,NA,NA,NA,NA,NA,NA,NA,0,NA,NA,NA,NA,0,NA,NA,NA,NA,NA,NA,NA,NA,NA
M19 [Other Items],19.15',Albendazole 400 mg tablet,2. Stocks Received,491550,NA,NA,NA,NA,65000,NA,NA,NA,NA,61540,NA,NA,NA,NA,200000,NA,NA,NA,NA,NA,NA,NA,NA,NA,45000,NA,NA,NA,NA,NA,NA,NA,NA,NA,0,NA,NA,NA,NA,120010,NA,NA,NA,NA,0,NA,NA,NA,NA,0,NA,NA,NA,NA,NA,NA,NA,NA,NA
M19 [Other Items],19.15',Albendazole 400 mg tablet,3. Unusable Stock,0,NA,NA,NA,NA,0,NA,NA,NA,NA,NA,NA,NA,NA,NA,0,NA,NA,NA,NA,NA,NA,NA,NA,NA,0,NA,NA,NA,NA,NA,NA,NA,NA,NA,0,NA,NA,NA,NA,NA,NA,NA,NA,NA,0,NA,NA,NA,NA,0,NA,NA,NA,NA,NA,NA,NA,NA,NA
M19 [Other Items],19.15',Albendazole 400 mg tablet,4. Stock Distributed,468150,NA,NA,NA,NA,4600,NA,NA,NA,NA,61540,NA,NA,NA,NA,243000,NA,NA,NA,NA,NA,NA,NA,NA,NA,39000,NA,NA,NA,NA,NA,NA,NA,NA,NA,NA,NA,NA,NA,NA,120010,NA,NA,NA,NA,0,NA,NA,NA,NA,0,NA,NA,NA,NA,NA,NA,NA,NA,NA
M19 [Other Items],19.15',Albendazole 400 mg tablet,5. Total Stock,370220,NA,NA,NA,NA,60400,NA,NA,NA,NA,0,NA,NA,NA,NA,3800,NA,NA,NA,NA,NA,NA,NA,NA,NA,6020,NA,NA,NA,NA,NA,NA,NA,NA,NA,300000,NA,NA,NA,NA,0,NA,NA,NA,NA,0,NA,NA,NA,NA,0,NA,NA,NA,NA,NA,NA,NA,NA,NA
M19 [Other Items],'19.16',Calcium Tablets,1. Balance From Previous Month,1106260,NA,NA,NA,NA,NA,NA,NA,NA,NA,NA,NA,NA,NA,NA,755800,NA,NA,NA,NA,NA,NA,NA,NA,NA,222460,NA,NA,NA,NA,27000,NA,NA,NA,NA,101000,NA,NA,NA,NA,NA,NA,NA,NA,NA,0,NA,NA,NA,NA,0,NA,NA,NA,NA,NA,NA,NA,NA,NA
M19 [Other Items],19.16',Calcium Tablets,2. Stocks Received,5993000,NA,NA,NA,NA,830000,NA,NA,NA,NA,NA,NA,NA,NA,NA,0,NA,NA,NA,NA,NA,NA,NA,NA,NA,4163000,NA,NA,NA,NA,0,NA,NA,NA,NA,0,NA,NA,NA,NA,1000000,NA,NA,NA,NA,0,NA,NA,NA,NA,0,NA,NA,NA,NA,NA,NA,NA,NA,NA
M19 [Other Items],19.16',Calcium Tablets,3. Unusable Stock,0,NA,NA,NA,NA,0,NA,NA,NA,NA,NA,NA,NA,NA,NA,0,NA,NA,NA,NA,NA,NA,NA,NA,NA,0,NA,NA,NA,NA,0,NA,NA,NA,NA,0,NA,NA,NA,NA,NA,NA,NA,NA,NA,0,NA,NA,NA,NA,0,NA,NA,NA,NA,NA,NA,NA,NA,NA
M19 [Other Items],19.16',Calcium Tablets,4. Stock Distributed,4057200,NA,NA,NA,NA,322000,NA,NA,NA,NA,NA,NA,NA,NA,NA,152800,NA,NA,NA,NA,NA,NA,NA,NA,NA,2562900,NA,NA,NA,NA,10500,NA,NA,NA,NA,9000,NA,NA,NA,NA,1000000,NA,NA,NA,NA,0,NA,NA,NA,NA,0,NA,NA,NA,NA,NA,NA,NA,NA,NA
M19 [Other Items],19.16',Calcium Tablets,5. Total Stock,3042060,NA,NA,NA,NA,508000,NA,NA,NA,NA,NA,NA,NA,NA,NA,603000,NA,NA,NA,NA,NA,NA,NA,NA,NA,1822560,NA,NA,NA,NA,16500,NA,NA,NA,NA,92000,NA,NA,NA,NA,0,NA,NA,NA,NA,0,NA,NA,NA,NA,0,NA,NA,NA,NA,NA,NA,NA,NA,NA
M20 [Syringes],'20.1',Syringes - 0.1 ml (AD),1. Balance From Previous Month,37783,NA,NA,NA,NA,4695,NA,NA,NA,NA,2750,NA,NA,NA,NA,2029,NA,NA,NA,NA,NA,NA,NA,NA,NA,4600,NA,NA,NA,NA,4310,NA,NA,NA,NA,3458,NA,NA,NA,NA,NA,NA,NA,NA,NA,6995,NA,NA,NA,NA,6996,NA,NA,NA,NA,1950,NA,NA,NA,NA
M20 [Syringes],20.1',Syringes - 0.1 ml (AD),2. Stocks Received,29400,NA,NA,NA,NA,6000,NA,NA,NA,NA,2400,NA,NA,NA,NA,4000,NA,NA,NA,NA,NA,NA,NA,NA,NA,0,NA,NA,NA,NA,2000,NA,NA,NA,NA,2000,NA,NA,NA,NA,NA,NA,NA,NA,NA,7000,NA,NA,NA,NA,4000,NA,NA,NA,NA,2000,NA,NA,NA,NA
M20 [Syringes],20.1',Syringes - 0.1 ml (AD),3. Unusable Stock,0,NA,NA,NA,NA,0,NA,NA,NA,NA,0,NA,NA,NA,NA,0,NA,NA,NA,NA,NA,NA,NA,NA,NA,0,NA,NA,NA,NA,NA,NA,NA,NA,NA,0,NA,NA,NA,NA,NA,NA,NA,NA,NA,0,NA,NA,NA,NA,0,NA,NA,NA,NA,0,NA,NA,NA,NA
M20 [Syringes],20.1',Syringes - 0.1 ml (AD),4. Stock Distributed,24330,NA,NA,NA,NA,3500,NA,NA,NA,NA,1800,NA,NA,NA,NA,3010,NA,NA,NA,NA,NA,NA,NA,NA,NA,3400,NA,NA,NA,NA,1160,NA,NA,NA,NA,1250,NA,NA,NA,NA,NA,NA,NA,NA,NA,3060,NA,NA,NA,NA,3400,NA,NA,NA,NA,3750,NA,NA,NA,NA
M20 [Syringes],20.1',Syringes - 0.1 ml (AD),5. Total Stock,42853,NA,NA,NA,NA,7195,NA,NA,NA,NA,3350,NA,NA,NA,NA,3019,NA,NA,NA,NA,NA,NA,NA,NA,NA,1200,NA,NA,NA,NA,5150,NA,NA,NA,NA,4208,NA,NA,NA,NA,0,NA,NA,NA,NA,10935,NA,NA,NA,NA,7596,NA,NA,NA,NA,200,NA,NA,NA,NA
M20 [Syringes],'20.2',Syringes - 0.5 ml (AD),1. Balance From Previous Month,152547,NA,NA,NA,NA,10346,NA,NA,NA,NA,18850,NA,NA,NA,NA,0,NA,NA,NA,NA,NA,NA,NA,NA,NA,7600,NA,NA,NA,NA,8600,NA,NA,NA,NA,5419,NA,NA,NA,NA,NA,NA,NA,NA,NA,26960,NA,NA,NA,NA,35872,NA,NA,NA,NA,38900,NA,NA,NA,NA
M20 [Syringes],20.2',Syringes - 0.5 ml (AD),2. Stocks Received,345900,NA,NA,NA,NA,56000,NA,NA,NA,NA,2100,NA,NA,NA,NA,8800,NA,NA,NA,NA,NA,NA,NA,NA,NA,56000,NA,NA,NA,NA,21000,NA,NA,NA,NA,27000,NA,NA,NA,NA,NA,NA,NA,NA,NA,49000,NA,NA,NA,NA,35000,NA,NA,NA,NA,91000,NA,NA,NA,NA
M20 [Syringes],20.2',Syringes - 0.5 ml (AD),3. Unusable Stock,0,NA,NA,NA,NA,0,NA,NA,NA,NA,0,NA,NA,NA,NA,0,NA,NA,NA,NA,NA,NA,NA,NA,NA,0,NA,NA,NA,NA,NA,NA,NA,NA,NA,0,NA,NA,NA,NA,NA,NA,NA,NA,NA,0,NA,NA,NA,NA,0,NA,NA,NA,NA,0,NA,NA,NA,NA
M20 [Syringes],20.2',Syringes - 0.5 ml (AD),4. Stock Distributed,48750,NA,NA,NA,NA,4600,NA,NA,NA,NA,4600,NA,NA,NA,NA,8800,NA,NA,NA,NA,NA,NA,NA,NA,NA,5200,NA,NA,NA,NA,1600,NA,NA,NA,NA,2750,NA,NA,NA,NA,NA,NA,NA,NA,NA,6400,NA,NA,NA,NA,6500,NA,NA,NA,NA,8300,NA,NA,NA,NA
M20 [Syringes],20.2',Syringes - 0.5 ml (AD),5. Total Stock,449697,NA,NA,NA,NA,61746,NA,NA,NA,NA,16350,NA,NA,NA,NA,0,NA,NA,NA,NA,NA,NA,NA,NA,NA,58400,NA,NA,NA,NA,28000,NA,NA,NA,NA,29669,NA,NA,NA,NA,0,NA,NA,NA,NA,69560,NA,NA,NA,NA,64372,NA,NA,NA,NA,121600,NA,NA,NA,NA
M20 [Syringes],'20.3',Syringes - 5.0 ml (Disposable),1. Balance From Previous Month,57191,NA,NA,NA,NA,9730,NA,NA,NA,NA,4720,NA,NA,NA,NA,20400,NA,NA,NA,NA,NA,NA,NA,NA,NA,5500,NA,NA,NA,NA,1500,NA,NA,NA,NA,486,NA,NA,NA,NA,NA,NA,NA,NA,NA,5815,NA,NA,NA,NA,5140,NA,NA,NA,NA,3900,NA,NA,NA,NA
M20 [Syringes],20.3',Syringes - 5.0 ml (Disposable),2. Stocks Received,5700,NA,NA,NA,NA,0,NA,NA,NA,NA,2400,NA,NA,NA,NA,500,NA,NA,NA,NA,NA,NA,NA,NA,NA,0,NA,NA,NA,NA,NA,NA,NA,NA,NA,1000,NA,NA,NA,NA,NA,NA,NA,NA,NA,0,NA,NA,NA,NA,0,NA,NA,NA,NA,1800,NA,NA,NA,NA
M20 [Syringes],20.3',Syringes - 5.0 ml (Disposable),3. Unusable Stock,0,NA,NA,NA,NA,0,NA,NA,NA,NA,0,NA,NA,NA,NA,0,NA,NA,NA,NA,NA,NA,NA,NA,NA,0,NA,NA,NA,NA,NA,NA,NA,NA,NA,0,NA,NA,NA,NA,NA,NA,NA,NA,NA,0,NA,NA,NA,NA,0,NA,NA,NA,NA,0,NA,NA,NA,NA
M20 [Syringes],20.3',Syringes - 5.0 ml (Disposable),4. Stock Distributed,10830,NA,NA,NA,NA,1850,NA,NA,NA,NA,350,NA,NA,NA,NA,3900,NA,NA,NA,NA,NA,NA,NA,NA,NA,700,NA,NA,NA,NA,300,NA,NA,NA,NA,130,NA,NA,NA,NA,NA,NA,NA,NA,NA,340,NA,NA,NA,NA,760,NA,NA,NA,NA,2500,NA,NA,NA,NA
M20 [Syringes],20.3',Syringes - 5.0 ml (Disposable),5. Total Stock,52061,NA,NA,NA,NA,7880,NA,NA,NA,NA,6770,NA,NA,NA,NA,17000,NA,NA,NA,NA,NA,NA,NA,NA,NA,4800,NA,NA,NA,NA,1200,NA,NA,NA,NA,1356,NA,NA,NA,NA,0,NA,NA,NA,NA,5475,NA,NA,NA,NA,4380,NA,NA,NA,NA,3200,NA,NA,NA,NA
M21 [Rashtriya Bal Swasthaya Karyakram (RBSK)],'21.1',Number of newborn screened for defects at birth (as per RBSK),TOTAL,5328,NA,NA,NA,NA,375,NA,NA,NA,NA,319,NA,NA,NA,NA,1314,NA,NA,NA,NA,222,NA,NA,NA,NA,456,NA,NA,NA,NA,0,NA,NA,NA,NA,401,NA,NA,NA,NA,125,NA,NA,NA,NA,937,NA,NA,NA,NA,308,NA,NA,NA,NA,871,NA,NA,NA,NA
M21 [Rashtriya Bal Swasthaya Karyakram (RBSK)],'21.2',Number of children (6 month to 6 years) screened by RBSK mobile health teams at Anganwadi center,TOTAL,19000,NA,NA,NA,NA,418,NA,NA,NA,NA,970,NA,NA,NA,NA,5418,NA,NA,NA,NA,2124,NA,NA,NA,NA,2892,NA,NA,NA,NA,0,NA,NA,NA,NA,518,NA,NA,NA,NA,1250,NA,NA,NA,NA,564,NA,NA,NA,NA,2304,NA,NA,NA,NA,2542,NA,NA,NA,NA
M21 [Rashtriya Bal Swasthaya Karyakram (RBSK)],'21.3',Number of children (6 years to 18 years) screened by RBSK mobile health teams at Govt and Govt aided schools,TOTAL,57187,NA,NA,NA,NA,1986,NA,NA,NA,NA,2637,NA,NA,NA,NA,15748,NA,NA,NA,NA,866,NA,NA,NA,NA,4716,NA,NA,NA,NA,116,NA,NA,NA,NA,4252,NA,NA,NA,NA,2309,NA,NA,NA,NA,6521,NA,NA,NA,NA,7150,NA,NA,NA,NA,10886,NA,NA,NA,NA
M21 [Rashtriya Bal Swasthaya Karyakram (RBSK)],'21.4.1.a',Number of Male children identified with Disease,TOTAL,1831,NA,NA,NA,NA,30,NA,NA,NA,NA,167,NA,NA,NA,NA,521,NA,NA,NA,NA,24,NA,NA,NA,NA,52,NA,NA,NA,NA,156,NA,NA,NA,NA,213,NA,NA,NA,NA,87,NA,NA,NA,NA,337,NA,NA,NA,NA,139,NA,NA,NA,NA,105,NA,NA,NA,NA
M21 [Rashtriya Bal Swasthaya Karyakram (RBSK)],'21.4.1.b',Number of Female children identified with Disease,TOTAL,1716,NA,NA,NA,NA,19,NA,NA,NA,NA,159,NA,NA,NA,NA,531,NA,NA,NA,NA,21,NA,NA,NA,NA,19,NA,NA,NA,NA,149,NA,NA,NA,NA,224,NA,NA,NA,NA,98,NA,NA,NA,NA,255,NA,NA,NA,NA,145,NA,NA,NA,NA,96,NA,NA,NA,NA
M21 [Rashtriya Bal Swasthaya Karyakram (RBSK)],'21.4.2.a',Number of Male children identified with Deficiency,TOTAL,136,NA,NA,NA,NA,0,NA,NA,NA,NA,12,NA,NA,NA,NA,21,NA,NA,NA,NA,0,NA,NA,NA,NA,6,NA,NA,NA,NA,12,NA,NA,NA,NA,11,NA,NA,NA,NA,1,NA,NA,NA,NA,27,NA,NA,NA,NA,9,NA,NA,NA,NA,37,NA,NA,NA,NA
M21 [Rashtriya Bal Swasthaya Karyakram (RBSK)],'21.4.2.b',Number of Female children identified with Deficiency,TOTAL,149,NA,NA,NA,NA,0,NA,NA,NA,NA,10,NA,NA,NA,NA,33,NA,NA,NA,NA,0,NA,NA,NA,NA,4,NA,NA,NA,NA,14,NA,NA,NA,NA,17,NA,NA,NA,NA,2,NA,NA,NA,NA,21,NA,NA,NA,NA,11,NA,NA,NA,NA,37,NA,NA,NA,NA
M21 [Rashtriya Bal Swasthaya Karyakram (RBSK)],'21.4.3.a',Number of Male children identified with Developmental delay,TOTAL,490,NA,NA,NA,NA,2,NA,NA,NA,NA,128,NA,NA,NA,NA,214,NA,NA,NA,NA,5,NA,NA,NA,NA,16,NA,NA,NA,NA,0,NA,NA,NA,NA,7,NA,NA,NA,NA,37,NA,NA,NA,NA,47,NA,NA,NA,NA,18,NA,NA,NA,NA,16,NA,NA,NA,NA
M21 [Rashtriya Bal Swasthaya Karyakram (RBSK)],'21.4.3.b',Number of Female children identified with Developmental delay,TOTAL,654,NA,NA,NA,NA,2,NA,NA,NA,NA,130,NA,NA,NA,NA,348,NA,NA,NA,NA,4,NA,NA,NA,NA,24,NA,NA,NA,NA,0,NA,NA,NA,NA,6,NA,NA,NA,NA,36,NA,NA,NA,NA,52,NA,NA,NA,NA,28,NA,NA,NA,NA,24,NA,NA,NA,NA
M21 [Rashtriya Bal Swasthaya Karyakram (RBSK)],'21.5.1',Number of Children Managed by Intervention - Medical,TOTAL,2758,NA,NA,NA,NA,48,NA,NA,NA,NA,180,NA,NA,NA,NA,868,NA,NA,NA,NA,0,NA,NA,NA,NA,125,NA,NA,NA,NA,79,NA,NA,NA,NA,128,NA,NA,NA,NA,51,NA,NA,NA,NA,381,NA,NA,NA,NA,62,NA,NA,NA,NA,836,NA,NA,NA,NA
M21 [Rashtriya Bal Swasthaya Karyakram (RBSK)],'21.5.2',Number of Children Managed by Intervention - Surgical,TOTAL,98,NA,NA,NA,NA,0,NA,NA,NA,NA,0,NA,NA,NA,NA,9,NA,NA,NA,NA,16,NA,NA,NA,NA,8,NA,NA,NA,NA,0,NA,NA,NA,NA,NA,NA,NA,NA,NA,43,NA,NA,NA,NA,0,NA,NA,NA,NA,1,NA,NA,NA,NA,21,NA,NA,NA,NA
M21 [Rashtriya Bal Swasthaya Karyakram (RBSK)],'21.5.3',Early intervention at DEIC ( District Early Intervention Centre),TOTAL,226,NA,NA,NA,NA,0,NA,NA,NA,NA,0,NA,NA,NA,NA,122,NA,NA,NA,NA,7,NA,NA,NA,NA,25,NA,NA,NA,NA,NA,NA,NA,NA,NA,NA,NA,NA,NA,NA,10,NA,NA,NA,NA,50,NA,NA,NA,NA,12,NA,NA,NA,NA,NA,NA,NA,NA,NA
M22 [Adolscent Health],'22.1.1.a',Girls (6th -12th class) provided 4 IFA tablets in schools,TOTAL,28484,NA,NA,NA,NA,1344,NA,NA,NA,NA,799,NA,NA,NA,NA,5535,NA,NA,NA,NA,0,NA,NA,NA,NA,7723,NA,NA,NA,NA,3456,NA,NA,NA,NA,1620,NA,NA,NA,NA,0,NA,NA,NA,NA,3958,NA,NA,NA,NA,3236,NA,NA,NA,NA,813,NA,NA,NA,NA
M22 [Adolscent Health],'22.1.1.b',Boys (6th -12th class) provided 4 IFA tablets in schools,TOTAL,26581,NA,NA,NA,NA,1560,NA,NA,NA,NA,529,NA,NA,NA,NA,5000,NA,NA,NA,NA,0,NA,NA,NA,NA,7410,NA,NA,NA,NA,2987,NA,NA,NA,NA,1897,NA,NA,NA,NA,0,NA,NA,NA,NA,4224,NA,NA,NA,NA,2238,NA,NA,NA,NA,736,NA,NA,NA,NA
M22 [Adolscent Health],'22.1.2.a',Girls (6th -12th class) provided albendazole in schools,TOTAL,36271,NA,NA,NA,NA,NA,NA,NA,NA,NA,0,NA,NA,NA,NA,1869,NA,NA,NA,NA,8301,NA,NA,NA,NA,10595,NA,NA,NA,NA,10297,NA,NA,NA,NA,0,NA,NA,NA,NA,5139,NA,NA,NA,NA,0,NA,NA,NA,NA,70,NA,NA,NA,NA,NA,NA,NA,NA,NA
M22 [Adolscent Health],'22.1.2.b',Boys (6th -12th class) provided albendazole in schools,TOTAL,36156,NA,NA,NA,NA,NA,NA,NA,NA,NA,0,NA,NA,NA,NA,1854,NA,NA,NA,NA,8359,NA,NA,NA,NA,12167,NA,NA,NA,NA,8847,NA,NA,NA,NA,0,NA,NA,NA,NA,4883,NA,NA,NA,NA,0,NA,NA,NA,NA,46,NA,NA,NA,NA,NA,NA,NA,NA,NA
M22 [Adolscent Health],'22.1.3',Number of out of school adolscent girls (10-19 years) provided 4 IFA tablets at Anganwadi Centres,TOTAL,4122,NA,NA,NA,NA,304,NA,NA,NA,NA,639,NA,NA,NA,NA,279,NA,NA,NA,NA,0,NA,NA,NA,NA,430,NA,NA,NA,NA,NA,NA,NA,NA,NA,0,NA,NA,NA,NA,0,NA,NA,NA,NA,2068,NA,NA,NA,NA,0,NA,NA,NA,NA,402,NA,NA,NA,NA
M22 [Adolscent Health],'22.1.4',Number of out of school adolscent girls (10-19 years) provided albendazole at Anganwadi Centres,TOTAL,2778,NA,NA,NA,NA,NA,NA,NA,NA,NA,0,NA,NA,NA,NA,0,NA,NA,NA,NA,0,NA,NA,NA,NA,2031,NA,NA,NA,NA,NA,NA,NA,NA,NA,0,NA,NA,NA,NA,747,NA,NA,NA,NA,0,NA,NA,NA,NA,0,NA,NA,NA,NA,NA,NA,NA,NA,NA
M22 [Adolscent Health],'22.2.1',Number of adolescent girls provided sanitary napkin packs,TOTAL,0,NA,NA,NA,NA,NA,NA,NA,NA,NA,NA,NA,NA,NA,NA,0,NA,NA,NA,NA,0,NA,NA,NA,NA,NA,NA,NA,NA,NA,NA,NA,NA,NA,NA,NA,NA,NA,NA,NA,NA,NA,NA,NA,NA,0,NA,NA,NA,NA,0,NA,NA,NA,NA,NA,NA,NA,NA,NA
M22 [Adolscent Health],'22.2.2',Number of sanitary napkin packs sold to adolescent girls,TOTAL,0,NA,NA,NA,NA,NA,NA,NA,NA,NA,NA,NA,NA,NA,NA,0,NA,NA,NA,NA,0,NA,NA,NA,NA,NA,NA,NA,NA,NA,NA,NA,NA,NA,NA,NA,NA,NA,NA,NA,NA,NA,NA,NA,NA,0,NA,NA,NA,NA,0,NA,NA,NA,NA,NA,NA,NA,NA,NA
M22 [Adolscent Health],'22.2.3',Number of sanitary napkin packs distributed free to ASHA,TOTAL,0,NA,NA,NA,NA,NA,NA,NA,NA,NA,NA,NA,NA,NA,NA,0,NA,NA,NA,NA,0,NA,NA,NA,NA,NA,NA,NA,NA,NA,NA,NA,NA,NA,NA,NA,NA,NA,NA,NA,NA,NA,NA,NA,NA,0,NA,NA,NA,NA,0,NA,NA,NA,NA,NA,NA,NA,NA,NA
M22 [Adolscent Health],'22.2.4',Number of adolescent girls attended monthly meeting,TOTAL,8,NA,NA,NA,NA,NA,NA,NA,NA,NA,NA,NA,NA,NA,NA,0,NA,NA,NA,NA,8,NA,NA,NA,NA,NA,NA,NA,NA,NA,NA,NA,NA,NA,NA,NA,NA,NA,NA,NA,NA,NA,NA,NA,NA,0,NA,NA,NA,NA,0,NA,NA,NA,NA,NA,NA,NA,NA,NA
M23 [Coverage under WIFS JUNIOR (Weekly Iron Folic Acid Supplementation Programme for children 6 - 1,'23.1',Number of children covered under WIFS JUNIOR (6 - 10 years ) provided 4-5 IFA tablets in schools,TOTAL,10,NA,NA,NA,NA,NA,NA,NA,NA,NA,10,NA,NA,NA,NA,0,NA,NA,NA,NA,0,NA,NA,NA,NA,NA,NA,NA,NA,NA,NA,NA,NA,NA,NA,NA,NA,NA,NA,NA,NA,NA,NA,NA,NA,0,NA,NA,NA,NA,0,NA,NA,NA,NA,NA,NA,NA,NA,NA
M23 [Coverage under WIFS JUNIOR (Weekly Iron Folic Acid Supplementation Programme for children 6 - 1,'23.2',Number of children (6 - 10 years) provided albendazole in schools,TOTAL,34370,NA,NA,NA,NA,NA,NA,NA,NA,NA,0,NA,NA,NA,NA,0,NA,NA,NA,NA,34370,NA,NA,NA,NA,NA,NA,NA,NA,NA,NA,NA,NA,NA,NA,NA,NA,NA,NA,NA,NA,NA,NA,NA,NA,0,NA,NA,NA,NA,0,NA,NA,NA,NA,NA,NA,NA,NA,NA
M23 [Coverage under WIFS JUNIOR (Weekly Iron Folic Acid Supplementation Programme for children 6 - 1,'23.3',Number of out of school children (6-10 years) given 4-5 IFA tablets at Anganwadi Centres,TOTAL,490,NA,NA,NA,NA,NA,NA,NA,NA,NA,4,NA,NA,NA,NA,0,NA,NA,NA,NA,0,NA,NA,NA,NA,NA,NA,NA,NA,NA,NA,NA,NA,NA,NA,NA,NA,NA,NA,NA,486,NA,NA,NA,NA,0,NA,NA,NA,NA,0,NA,NA,NA,NA,NA,NA,NA,NA,NA
M23 [Coverage under WIFS JUNIOR (Weekly Iron Folic Acid Supplementation Programme for children 6 - 1,'23.4',Number of out of school children (6-10 years) provided albendazole at Anganwadi Centres,TOTAL,2188,NA,NA,NA,NA,NA,NA,NA,NA,NA,0,NA,NA,NA,NA,0,NA,NA,NA,NA,2188,NA,NA,NA,NA,NA,NA,NA,NA,NA,NA,NA,NA,NA,NA,NA,NA,NA,NA,NA,0,NA,NA,NA,NA,0,NA,NA,NA,NA,0,NA,NA,NA,NA,NA,NA,NA,NA,NA
M24 [Maternal Death Reviews (MDR) Done],'24.1',Total Maternal Deaths Reviewed (MDR) by CMO,TOTAL,14,NA,NA,NA,NA,0,NA,NA,NA,NA,NA,NA,NA,NA,NA,8,NA,NA,NA,NA,0,NA,NA,NA,NA,0,NA,NA,NA,NA,NA,NA,NA,NA,NA,0,NA,NA,NA,NA,0,NA,NA,NA,NA,0,NA,NA,NA,NA,0,NA,NA,NA,NA,6,NA,NA,NA,NA
M24 [Maternal Death Reviews (MDR) Done],'24.2',Total Maternal Deaths Reviewed (MDR) by DM,TOTAL,0,NA,NA,NA,NA,0,NA,NA,NA,NA,NA,NA,NA,NA,NA,0,NA,NA,NA,NA,0,NA,NA,NA,NA,0,NA,NA,NA,NA,NA,NA,NA,NA,NA,0,NA,NA,NA,NA,0,NA,NA,NA,NA,0,NA,NA,NA,NA,0,NA,NA,NA,NA,0,NA,NA,NA,NA
M24 [Maternal Death Reviews (MDR) Done],'24.3',Number of maternal deaths reported through Community based Maternal Death Review (CBMDR),TOTAL,4,NA,NA,NA,NA,0,NA,NA,NA,NA,NA,NA,NA,NA,NA,3,NA,NA,NA,NA,0,NA,NA,NA,NA,0,NA,NA,NA,NA,NA,NA,NA,NA,NA,0,NA,NA,NA,NA,0,NA,NA,NA,NA,0,NA,NA,NA,NA,0,NA,NA,NA,NA,1,NA,NA,NA,NA
M25 [Janani Shishu Suraksha Karyakram (JSSK)],'25.1.1',Number of Pregnant Women provided - Free Medicines under JSSK,TOTAL,6229,NA,NA,NA,NA,149,NA,NA,NA,NA,0,NA,NA,NA,NA,3419,NA,NA,NA,NA,90,NA,NA,NA,NA,1049,NA,NA,NA,NA,3,NA,NA,NA,NA,228,NA,NA,NA,NA,0,NA,NA,NA,NA,372,NA,NA,NA,NA,406,NA,NA,NA,NA,513,NA,NA,NA,NA
M25 [Janani Shishu Suraksha Karyakram (JSSK)],'25.1.2',Number of Pregnant Women provided - Free Diet under JSSK,TOTAL,2860,NA,NA,NA,NA,145,NA,NA,NA,NA,13,NA,NA,NA,NA,883,NA,NA,NA,NA,89,NA,NA,NA,NA,140,NA,NA,NA,NA,3,NA,NA,NA,NA,207,NA,NA,NA,NA,23,NA,NA,NA,NA,276,NA,NA,NA,NA,406,NA,NA,NA,NA,675,NA,NA,NA,NA
M25 [Janani Shishu Suraksha Karyakram (JSSK)],'25.1.3',Number of Pregnant Women provided - Free Diagnostics under JSSK,TOTAL,8226,NA,NA,NA,NA,126,NA,NA,NA,NA,91,NA,NA,NA,NA,3969,NA,NA,NA,NA,94,NA,NA,NA,NA,2105,NA,NA,NA,NA,3,NA,NA,NA,NA,158,NA,NA,NA,NA,97,NA,NA,NA,NA,414,NA,NA,NA,NA,406,NA,NA,NA,NA,763,NA,NA,NA,NA
M25 [Janani Shishu Suraksha Karyakram (JSSK)],'25.1.4',Number of Pregnant Women provided - Free Home to facility transport under JSSK,TOTAL,1309,NA,NA,NA,NA,94,NA,NA,NA,NA,0,NA,NA,NA,NA,171,NA,NA,NA,NA,45,NA,NA,NA,NA,380,NA,NA,NA,NA,2,NA,NA,NA,NA,139,NA,NA,NA,NA,8,NA,NA,NA,NA,113,NA,NA,NA,NA,321,NA,NA,NA,NA,36,NA,NA,NA,NA
M25 [Janani Shishu Suraksha Karyakram (JSSK)],'25.1.5',Number of Pregnant Women provided - Interfacility transfers when needed under JSSK,TOTAL,475,NA,NA,NA,NA,15,NA,NA,NA,NA,0,NA,NA,NA,NA,157,NA,NA,NA,NA,7,NA,NA,NA,NA,146,NA,NA,NA,NA,0,NA,NA,NA,NA,39,NA,NA,NA,NA,3,NA,NA,NA,NA,56,NA,NA,NA,NA,0,NA,NA,NA,NA,52,NA,NA,NA,NA
M25 [Janani Shishu Suraksha Karyakram (JSSK)],'25.1.6',Number of Pregnant Women provided - Free Drop Back home under JSSK,TOTAL,1482,NA,NA,NA,NA,113,NA,NA,NA,NA,13,NA,NA,NA,NA,362,NA,NA,NA,NA,80,NA,NA,NA,NA,240,NA,NA,NA,NA,3,NA,NA,NA,NA,127,NA,NA,NA,NA,5,NA,NA,NA,NA,90,NA,NA,NA,NA,380,NA,NA,NA,NA,69,NA,NA,NA,NA
M25 [Janani Shishu Suraksha Karyakram (JSSK)],'25.2.1',Number of sick infants provided - Free Medicines under JSSK,TOTAL,835,NA,NA,NA,NA,3,NA,NA,NA,NA,0,NA,NA,NA,NA,562,NA,NA,NA,NA,8,NA,NA,NA,NA,161,NA,NA,NA,NA,0,NA,NA,NA,NA,3,NA,NA,NA,NA,0,NA,NA,NA,NA,56,NA,NA,NA,NA,32,NA,NA,NA,NA,10,NA,NA,NA,NA
M25 [Janani Shishu Suraksha Karyakram (JSSK)],'25.2.2',Number of sick infants provided - Free Diagnostics under JSSK,TOTAL,434,NA,NA,NA,NA,0,NA,NA,NA,NA,0,NA,NA,NA,NA,295,NA,NA,NA,NA,3,NA,NA,NA,NA,38,NA,NA,NA,NA,0,NA,NA,NA,NA,2,NA,NA,NA,NA,0,NA,NA,NA,NA,54,NA,NA,NA,NA,32,NA,NA,NA,NA,10,NA,NA,NA,NA
M25 [Janani Shishu Suraksha Karyakram (JSSK)],'25.2.3',Number of sick infants provided - Free Home to facility transport under JSSK,TOTAL,93,NA,NA,NA,NA,3,NA,NA,NA,NA,0,NA,NA,NA,NA,5,NA,NA,NA,NA,0,NA,NA,NA,NA,61,NA,NA,NA,NA,0,NA,NA,NA,NA,1,NA,NA,NA,NA,0,NA,NA,NA,NA,1,NA,NA,NA,NA,22,NA,NA,NA,NA,0,NA,NA,NA,NA
M25 [Janani Shishu Suraksha Karyakram (JSSK)],'25.2.4',Number of sick infants provided - Interfacility transfers when needed under JSSK,TOTAL,106,NA,NA,NA,NA,3,NA,NA,NA,NA,0,NA,NA,NA,NA,16,NA,NA,NA,NA,0,NA,NA,NA,NA,63,NA,NA,NA,NA,0,NA,NA,NA,NA,3,NA,NA,NA,NA,0,NA,NA,NA,NA,4,NA,NA,NA,NA,0,NA,NA,NA,NA,17,NA,NA,NA,NA
M25 [Janani Shishu Suraksha Karyakram (JSSK)],'25.2.5',Number of sick infants provided - Free Drop Back home under JSSK,TOTAL,183,NA,NA,NA,NA,3,NA,NA,NA,NA,0,NA,NA,NA,NA,79,NA,NA,NA,NA,5,NA,NA,NA,NA,60,NA,NA,NA,NA,0,NA,NA,NA,NA,0,NA,NA,NA,NA,0,NA,NA,NA,NA,2,NA,NA,NA,NA,29,NA,NA,NA,NA,5,NA,NA,NA,NA
