Indicator,S.No.,Parameters,Type,District - _Assam,District - Baksa,District - Barpeta,District - Bongaigaon,District - Cachar,District - Chirang,District - Darrang,District - Dhemaji,District - Dhubri,District - Dibrugarh,District - Dima Hasao,District - Goalpara,District - Golaghat,District - Hailakandi,District - Jorhat,District - Kamrup M,District - Kamrup R,District - Karbi Anglong,District - Karimganj,District - Kokrajhar,District - Lakhimpur,District - Marigaon,District - Nagaon,District - Nalbari,District - Sibsagar,District - Sonitpur,District - Tinsukia,District - Udalguri
M1 [Ante Natal Care Services ANC],1.1,Total number of pregnant women Registered for ANC,TOTAL,69036,1642,4208,1525,4183,1008,2246,1295,5968,2495,453,2849,1786,1945,1972,3012,2886,2313,3585,1885,2037,2537,7213,1367,1736,3412,2111,1367
M1 [Ante Natal Care Services ANC],1.1.1,Of which Number registered within first trimester (within 12 weeks),TOTAL,56058,1377,3436,1337,3616,763,1812,1140,4205,2096,293,2436,1506,1529,1776,2622,2507,1421,2900,1334,1850,2119,5760,1263,1456,2860,1538,1106
M1 [Ante Natal Care Services ANC],1.2,Number of Pregnant women registered under JSY,TOTAL,64213,1628,3938,1525,4180,1008,1686,1295,5645,2046,363,2839,1786,1945,1581,1592,2886,2310,3434,1817,1959,2503,6933,1365,1650,2979,1993,1327
M1 [Ante Natal Care Services ANC],1.3,Number of pregnant women received 3 ANC check ups during pregnancy,TOTAL,60453,1443,3881,1432,3482,786,1810,1286,4893,2302,378,2376,1578,1597,1823,2718,2735,1637,2872,1621,1816,2235,6299,1408,1495,3267,2047,1236
M1 [Ante Natal Care Services ANC],1.4.1,Number of pregnant women given TT1 during current pregnancy,TOTAL,60661,1468,3868,1433,3210,860,2194,1140,5672,1999,350,2509,1620,1398,1796,2721,2643,2036,2618,1606,1801,2158,6169,1485,1442,3440,1778,1247
M1 [Ante Natal Care Services ANC],1.4.2,Number of pregnant women given TT2 or Booster during current pregnancy,TOTAL,63557,1471,3906,1359,3901,796,2163,1335,5442,2338,417,2439,1676,1812,1854,2855,2718,2018,3224,1680,1815,2199,6225,1442,1573,3585,2026,1288
M1 [Ante Natal Care Services ANC],1.5,Total number of pregnant women given 100 IFA tablets,TOTAL,73305,1571,4644,1340,4060,1008,2389,1376,6234,2932,306,3181,1876,1954,1711,3554,2600,2285,3486,1913,1799,2535,8154,1470,2489,4029,3064,1345
M1 [Ante Natal Care Services ANC],1.6.1,Number of new cases of Hypertension (BP>140/90) detected in Pregnant women at the institution,TOTAL,1523,7,58,18,39,10,96,30,100,216,3,66,13,17,21,261,26,33,24,91,17,29,68,8,82,83,50,57
M1 [Ante Natal Care Services ANC],1.6.2,Number of Eclampsia cases managed during delivery,TOTAL,38,0,2,0,0,0,0,1,0,2,0,0,1,0,1,15,0,0,2,2,0,3,4,0,0,1,0,4
M1 [Ante Natal Care Services ANC],1.7.1,Number of Pregnant women with anaemia i.e. Hb level<11 (tested cases),TOTAL,42464,911,1704,1144,4012,436,738,1027,1955,2528,231,2125,1255,1057,1617,1199,2249,448,2165,1714,1693,1165,3964,423,1409,2384,1620,1291
M1 [Ante Natal Care Services ANC],1.7.2,Number of Pregnant women having severe anaemia (Hb<7) treated at institution,TOTAL,1863,0,0,1,0,5,376,6,0,131,0,10,8,23,22,26,2,3,5,35,3,3,675,0,508,15,4,2
M1 [Ante Natal Care Services ANC],1.8,Number of pregnancy test kits used at SC level,TOTAL,19677,634,1315,383,906,234,341,375,1122,749,114,1312,693,1475,510,254,1265,516,1014,577,823,102,2127,266,561,727,836,446
M2 [Deliveries],2.1.1.a,Number of deliveries conducted at Home and attended by trained SBA(i.e. Doctor or Nurse or ANM),TOTAL,1710,10,314,25,119,12,88,6,377,6,31,96,31,88,17,4,19,46,72,39,12,132,41,43,8,33,17,24
M2 [Deliveries],2.1.1.b,Number of deliveries conducted at Home and attended by non trained SBA (i.e. trained TBA or Relatives etc.),TOTAL,5136,65,488,182,100,118,143,0,1521,5,88,113,34,207,4,16,64,163,701,73,20,117,428,8,11,324,90,53
M2 [Deliveries],2.1.1.c,Total number of deliveries conducted at Home and attended by trained or non-trained SBA (i.e. sum of 2.1.1.a and 2.1.1.b),TOTAL,6846,75,802,207,219,130,231,6,1898,11,119,209,65,295,21,20,83,209,773,112,32,249,469,51,19,357,107,77
M2 [Deliveries],2.1.2,Number of newborns visited within 24 hours of delivery for deliveries conducted at home,TOTAL,5955,71,761,203,210,62,134,6,1812,11,73,149,56,262,17,20,55,130,658,107,32,248,450,51,19,226,100,32
M2 [Deliveries],2.1.3,Number of mothers paid JSY incentive for deliveries conducted at home,TOTAL,75,0,0,0,0,0,0,0,75,0,0,0,0,0,0,0,0,0,0,0,0,0,0,0,0,0,0,0
M2 [Deliveries],2.2,Deliveries conducted at Public Institutions (Including C-Sections),TOTAL,40221,724,2311,932,2539,438,1232,1408,2395,1594,223,1776,1260,865,1276,2105,1768,1567,1233,1355,1572,1481,4086,780,903,2290,1357,751
M2 [Deliveries],2.2.1,"Out of 2.2, Number discharged under 48 hours of delivery",TOTAL,12441,255,388,611,392,62,183,804,1062,260,37,1096,129,525,78,18,103,1207,399,665,839,262,2067,62,77,343,108,409
M2 [Deliveries],2.2.2.a,Number of mothers paid JSY Incentive for deliveries conducted at Public Institutions,TOTAL,47232,821,2504,822,2526,438,2535,1425,2268,1368,219,1574,1282,884,1269,1278,4406,1213,1055,1354,1142,1218,9813,740,954,1318,2068,738
M2 [Deliveries],2.2.2.b,Number of ASHAs paid JSY Incentive for deliveries conducted at Public Institutions,TOTAL,37562,1272,401,489,2320,316,235,1058,1779,1755,95,992,1546,770,859,520,2212,618,2225,652,1898,807,9638,676,1023,961,1709,736
M2 [Deliveries],2.2.2.c,Number of cases of deliveries conducted at Public Institutions where JSY incentive was paid to ANMs or AWWs [only for High Performing States (HPS)],TOTAL,0,NA,NA,NA,NA,NA,NA,NA,NA,0,NA,NA,NA,NA,0,NA,NA,NA,NA,NA,0,NA,NA,NA,NA,NA,NA,NA
M2 [Deliveries],2.3,Deliveries conducted at Private Institutions (Including C-Sections),TOTAL,7734,41,112,357,706,23,88,37,42,595,3,145,254,NA,333,1128,97,0,215,45,220,5,993,401,346,743,690,115
M2 [Deliveries],2.3.1.a,Number of mothers paid JSY Incentive for deliveries conducted at accredited Private Institutions,TOTAL,679,4,NA,5,168,0,0,NA,0,0,3,NA,14,NA,0,8,0,0,146,NA,31,0,53,NA,45,56,51,95
M2 [Deliveries],2.3.1.b,Number of ASHAs paid JSY Incentive for deliveries conducted at accredited Private Institutions,TOTAL,134,0,NA,NA,18,0,0,NA,0,0,1,NA,0,NA,0,0,0,0,0,NA,13,0,0,NA,14,2,0,86
M2 [Deliveries],2.3.1.c,Number of cases of deliveries conducted at accredited Private Institutions where JSY incentive was paid to ANMs or AWWs [only for High Performing States (HPS)],TOTAL,0,NA,NA,NA,NA,NA,NA,NA,NA,0,NA,NA,NA,NA,0,0,NA,NA,NA,NA,NA,NA,NA,NA,NA,NA,NA,NA
M3 [Number of Caesarean C-Section deliveries performed at],3.1.1,Number of Caesarean (C-Section) deliveries performed at PHCs (Primary Health Centre),TOTAL,0,NA,NA,NA,NA,NA,NA,NA,NA,0,NA,NA,NA,NA,0,NA,NA,NA,NA,NA,NA,NA,NA,NA,NA,NA,NA,NA
M3 [Number of Caesarean C-Section deliveries performed at],3.1.2,Number of Caesarean (C-Section) deliveries performed at CHCs (Community Health Centre),TOTAL,438,0,54,1,NA,0,9,0,0,6,0,0,0,0,0,33,162,NA,0,0,0,0,47,9,41,1,75,0
M3 [Number of Caesarean C-Section deliveries performed at],3.1.3,Number of Caesarean (C-Section) deliveries performed at SDHs (Sub-divisional Hospital) or DHs (District Hospital),TOTAL,4752,1,284,98,373,NA,34,277,69,359,49,162,138,2,439,1014,36,97,51,100,238,47,137,86,87,392,174,8
M3 [Number of Caesarean C-Section deliveries performed at],3.1.4,Number of Caesarean (C-Section) deliveries performed at other State owned public institutions,TOTAL,NA,NA,NA,NA,NA,NA,NA,NA,NA,NA,NA,NA,NA,NA,NA,NA,NA,NA,NA,NA,NA,NA,NA,NA,NA,NA,NA,NA
M3 [Number of Caesarean C-Section deliveries performed at],3.1.5,"Total Number of Caesarean (C-Section) deliveries performed at Public facilities i.e. PHC, CHC, SDH, DH and other State owned public institutions (sum of items from 3.1.1 to 3.1.4)",TOTAL,5190,1,338,99,373,0,43,277,69,365,49,162,138,2,439,1047,198,97,51,100,238,47,184,95,128,393,249,8
M3 [Number of Caesarean C-Section deliveries performed at],3.2,No. of C-section deliveries performed at Private facilities,TOTAL,4293,NA,105,257,414,14,66,35,NA,316,NA,119,112,NA,254,552,64,NA,105,38,114,NA,738,325,173,344,143,5
M4 [Pregnancy outcome & weight of new-born],4.1.1.a,Number of male live births,TOTAL,27752,432,1624,741,1776,310,838,783,2150,1112,176,1109,755,540,853,1528,1002,942,1108,790,883,870,2830,641,633,1700,1125,501
M4 [Pregnancy outcome & weight of new-born],4.1.1.b,Number of female live births,TOTAL,26178,404,1533,747,1637,287,695,650,2129,1056,163,1014,793,497,756,1636,934,823,1060,705,892,843,2628,591,620,1609,1022,454
M4 [Pregnancy outcome & weight of new-born],4.1.1.c,Total number of male and female live births (4.1.1.a and 4.1.1.b),TOTAL,53930,836,3157,1488,3413,597,1533,1433,4279,2168,339,2123,1548,1037,1609,3164,1936,1765,2168,1495,1775,1713,5458,1232,1253,3309,2147,955
M4 [Pregnancy outcome & weight of new-born],4.1.2,Number of still births,TOTAL,1088,6,93,26,80,4,28,21,94,44,8,39,37,20,25,93,20,34,68,27,21,28,109,12,19,93,24,15
M4 [Pregnancy outcome & weight of new-born],4.1.3,Number of Abortions (spontaneous or induced),TOTAL,8124,205,225,308,220,22,595,576,623,309,23,84,122,112,328,309,456,272,112,333,250,187,783,487,282,476,239,186
M4 [Pregnancy outcome & weight of new-born],4.2.1,Number of Newborns weighed at birth,TOTAL,53504,838,3157,1488,3413,594,1511,1293,4280,2167,338,2118,1544,1034,1603,3162,1902,1706,2142,1450,1775,1710,5448,1232,1249,3302,2136,912
M4 [Pregnancy outcome & weight of new-born],4.2.2,Number of Newborns having weight less than 2.5 kg,TOTAL,9179,124,736,216,514,101,223,132,674,408,30,418,222,152,387,384,345,123,273,453,459,397,669,178,254,679,441,187
M4 [Pregnancy outcome & weight of new-born],4.3,Number of Newborns breast fed within 1 hour of birth,TOTAL,52546,836,3123,1480,3145,593,1455,1401,4157,2153,338,2069,1544,1033,1553,3164,1912,1656,2083,1437,1774,1700,5385,1183,1227,3138,2118,889
M5 [Complicated pregnanices],5.1.1,Number of cases of pregnant women with Obstetric Complications and attended at PHCs,TOTAL,1028,0,0,10,294,29,0,4,52,79,0,23,7,67,0,0,5,0,128,19,16,157,5,3,0,54,19,57
M5 [Complicated pregnanices],5.1.2,Number of cases of pregnant women with Obstetric Complications and attended at CHCs,TOTAL,868,0,85,14,NA,16,3,4,23,62,0,65,36,5,0,33,139,1,36,16,0,97,47,62,0,4,105,15
M5 [Complicated pregnanices],5.1.3,Number of cases of pregnant women with Obstetric Complications and attended at SDHs or DHs,TOTAL,3374,3,289,98,0,6,45,22,32,453,49,7,53,2,121,1011,112,97,55,13,21,21,92,2,519,20,199,32
M5 [Complicated pregnanices],5.1.4,Number of cases of pregnant women with Obstetric Complications and attended at other State owned public institutions,TOTAL,NA,NA,NA,NA,NA,NA,NA,NA,NA,NA,NA,NA,NA,NA,NA,NA,NA,NA,NA,NA,NA,NA,NA,NA,NA,NA,NA,NA
M5 [Complicated pregnanices],5.1.5,"Number of cases of pregnant women with Obstetric Complications and attended at Public facilities i.e. PHC, CHC, SDH, DH and other State owned public institutions (sum of items from 5.1.1 to 5.1.4)",TOTAL,5270,3,374,122,294,51,48,30,107,594,49,95,96,74,121,1044,256,98,219,48,37,275,144,67,519,78,323,104
M5 [Complicated pregnanices],5.2,Number of cases of pregnant women with Obstetric Complications and attended at Private facilities,TOTAL,2081,0,106,257,15,0,0,NA,NA,309,1,NA,1,NA,0,441,0,0,28,NA,0,0,666,40,0,92,113,12
M5 [Complicated pregnanices],5.3.1,Number of cases of complicated pregnancies treated with IV antibiotics,TOTAL,7736,0,82,24,494,16,939,4,850,364,89,644,483,35,557,461,196,97,221,20,636,127,285,25,346,394,302,45
M5 [Complicated pregnanices],5.3.2,Number of cases of complicated pregnancies treated with IV Antihypertensive/Magsulph injection,TOTAL,1092,0,11,1,0,31,34,1,205,15,8,23,21,11,382,33,19,11,6,13,11,80,6,9,89,37,28,7
M5 [Complicated pregnanices],5.3.3,Number of cases of complicated pregnancies treated with IV Oxytocis,TOTAL,10007,36,85,113,291,66,1074,4,804,499,84,478,3021,11,653,281,197,97,230,58,509,109,67,9,341,461,372,57
M5 [Complicated pregnanices],5.3.4,Number of cases of complicated pregnancies treated with Blood Transfusion,TOTAL,960,0,1,NA,18,0,18,21,95,268,31,29,72,1,35,1,12,12,23,0,80,15,65,30,61,3,67,2
M6 [Post - Natal Care],6.1,Women getting post partum check-up within 48 hours after delivery,TOTAL,37327,1018,1980,1277,1350,499,1467,878,2563,1453,266,1601,848,974,1299,3047,932,973,1297,751,1226,1257,3851,866,779,2437,2074,364
M6 [Post - Natal Care],6.2,Women getting a post partum check up between 48 hours and 14 days after delivery,TOTAL,39289,887,2058,1433,2008,491,980,1028,2816,1711,255,1216,994,751,1140,1252,1398,862,1334,648,3715,1694,4275,1096,959,2259,1452,577
M6 [Post - Natal Care],6.3,PNC maternal complications attended,TOTAL,147,0,3,NA,16,41,2,0,1,7,0,7,0,0,9,0,6,10,0,5,0,0,0,3,9,28,0,0
M7 [Medical Termination of Pregnancy (MTP)],7.1.1,Number of MTPs conducted at Public Institutions up to 12 weeks of pregnancy,TOTAL,5325,166,110,297,152,22,508,468,521,193,12,116,77,28,196,149,298,188,18,173,250,73,317,196,257,240,183,117
M7 [Medical Termination of Pregnancy (MTP)],7.1.2,Number of MTPs conducted at Public Institutions for more than 12 weeks of pregnancy,TOTAL,422,0,0,0,7,0,0,12,0,14,1,8,5,0,4,8,8,25,0,13,0,1,248,0,0,49,0,19
M7 [Medical Termination of Pregnancy (MTP)],7.1.3,Total number of MTPs conducted at Public Institutions (sum of items 7.1.1 and 7.1.2),TOTAL,5747,166,110,297,159,22,508,480,521,207,13,124,82,28,200,157,306,213,18,186,250,74,565,196,257,289,183,136
M7 [Medical Termination of Pregnancy (MTP)],7.2,Number of MTPs conducted at Private Facilities,TOTAL,428,NA,2,0,23,0,0,0,NA,34,NA,0,0,NA,0,41,0,NA,14,0,0,NA,0,204,0,92,12,6
M8 [RTI/STI Cases],8.1.a,Number of new cases of RTI/STI in males for which treatment was initiated,TOTAL,1542,26,18,9,0,7,15,79,56,0,12,178,82,125,99,66,12,1,87,77,102,17,36,177,38,40,129,54
M8 [RTI/STI Cases],8.1.b,Number of new cases of RTI/STI in females for which treatment was initiated,TOTAL,4256,101,15,30,1,25,194,219,702,30,42,416,107,157,151,92,165,3,62,119,296,94,199,130,437,110,271,88
M8 [RTI/STI Cases],8.1.c,Total number of new cases of RTI/STI in males and females for which treatment was initiated (sum of items 8.1.a and 8.1.b),TOTAL,5798,127,33,39,1,32,209,298,758,30,54,594,189,282,250,158,177,4,149,196,398,111,235,307,475,150,400,142
M8 [RTI/STI Cases],8.2,Number of suspected RTI/STI cases for whom wet mount test was conducted,TOTAL,36,0,0,NA,0,0,0,0,0,0,0,0,0,0,0,36,0,0,0,0,0,0,0,0,0,0,0,0
M9 [Family Planning],9.1.1.a,Number of NSV (No Scalpel Vasectomy) or Conventional Vasectomy conducted at PHCs,TOTAL,134,0,23,2,27,0,0,0,2,11,0,8,1,0,0,0,15,0,0,0,0,0,0,0,22,23,0,0
M9 [Family Planning],9.1.1.b,Number of NSV or Conventional Vasectomy conducted at CHCs,TOTAL,117,0,0,NA,NA,0,0,0,0,0,0,0,0,0,0,99,17,0,0,0,0,0,0,0,0,0,1,0
M9 [Family Planning],9.1.1.c,Number of NSV or Conventional Vasectomy conducted at SDHs or DHs,TOTAL,116,NA,0,NA,0,0,0,0,0,1,0,1,0,10,0,2,0,0,1,0,5,0,35,5,34,22,0,NA
M9 [Family Planning],9.1.1.d,Number of NSV or Conventional Vasectomy conducted at other State owned public institutions,TOTAL,NA,NA,NA,NA,NA,NA,NA,NA,NA,NA,NA,NA,NA,NA,NA,NA,NA,NA,NA,NA,NA,NA,NA,NA,NA,NA,NA,NA
M9 [Family Planning],9.1.1.e,"Total Number of NSV or Conventional Vasectomy conducted at Public facilities i.e. PHC, CHC, SDH, DH and other State owned public institutions (sum of items from 9.1.1.a to 9.1.1.d)",TOTAL,367,0,23,2,27,0,0,0,2,12,0,9,1,10,0,101,32,0,1,0,5,0,35,5,56,45,1,0
M9 [Family Planning],9.1.2,Number of NSV or Conventional Vasectomy conducted at Private facilities,TOTAL,22,0,NA,NA,0,0,0,NA,NA,0,0,NA,0,NA,0,0,0,0,0,NA,0,0,0,0,0,22,0,0
M9 [Family Planning],9.2.1.a,Number of Laparoscopic sterilizations conducted at PHCs,TOTAL,976,0,19,NA,236,0,2,0,71,148,0,56,128,79,42,5,167,0,0,0,0,0,23,0,0,0,0,0
M9 [Family Planning],9.2.1.b,Number of Laparoscopic sterilizations conducted at CHCs,TOTAL,371,0,68,NA,NA,0,41,0,17,0,0,0,40,0,0,86,0,0,0,0,0,0,104,15,0,0,0,0
M9 [Family Planning],9.2.1.c,Number of Laparoscopic sterilizations conducted at SDHs or DHs,TOTAL,754,NA,37,NA,9,0,34,0,0,6,0,0,138,0,25,19,0,0,0,79,216,0,NA,5,18,168,0,NA
M9 [Family Planning],9.2.1.d,Number of Laparoscopic sterilizations conducted at other State owned public institutions,TOTAL,NA,NA,NA,NA,NA,NA,NA,NA,NA,NA,NA,NA,NA,NA,NA,NA,NA,NA,NA,NA,NA,NA,NA,NA,NA,NA,NA,NA
M9 [Family Planning],9.2.1.e,"Total Number of Laparoscopic sterilizations conducted at Public facilities i.e. PHC, CHC, SDH, DH and other State owned public institutions (sum of items from 9.2.1.a to 9.2.1.d)",TOTAL,2101,0,124,NA,245,0,77,0,88,154,0,56,306,79,67,110,167,0,0,79,216,0,127,20,18,168,0,0
M9 [Family Planning],9.2.2,Number of Laparoscopic sterilizations conducted at Private facilities,TOTAL,18,0,2,NA,0,0,0,NA,NA,0,0,NA,0,NA,0,16,0,0,0,NA,0,0,0,0,0,0,0,0
M9 [Family Planning],9.3.1.a,Number of Mini-lap sterilizations conducted at PHCs,TOTAL,12,0,0,NA,0,0,0,0,0,0,0,0,0,0,0,12,0,0,0,0,0,0,0,0,0,0,0,0
M9 [Family Planning],9.3.1.b,Number of Mini-lap sterilizations conducted at CHCs,TOTAL,2,0,1,NA,NA,0,0,0,0,0,0,0,0,0,0,0,0,0,0,0,0,0,0,0,0,0,1,0
M9 [Family Planning],9.3.1.c,Number of Mini-lap sterilizations conducted at SDHs or DHs,TOTAL,133,NA,3,NA,0,0,0,3,0,29,0,0,0,0,0,51,5,17,0,22,0,NA,NA,0,0,0,3,NA
M9 [Family Planning],9.3.1.d,Number of Mini-lap sterilizations conducted at other State owned public institutions,TOTAL,NA,NA,NA,NA,NA,NA,NA,NA,NA,NA,NA,NA,NA,NA,NA,NA,NA,NA,NA,NA,NA,NA,NA,NA,NA,NA,NA,NA
M9 [Family Planning],9.3.1.e,"Total Number of Mini-lap sterilizations conducted at Public facilities i.e. PHC, CHC, SDH, DH and other State owned public institutions (sum of items from 9.3.1.a to 9.3.1.d)",TOTAL,147,0,4,NA,0,0,0,3,0,29,0,0,0,0,0,63,5,17,0,22,0,0,0,0,0,0,4,0
M9 [Family Planning],9.3.2,Number of Mini-lap sterilizations conducted at Private facilities,TOTAL,48,0,NA,0,0,0,0,NA,NA,0,0,NA,0,NA,0,12,0,0,8,NA,0,0,3,25,0,0,NA,0
M9 [Family Planning],9.4.1.a,Number of Post-Partum sterilizations conducted at PHCs,TOTAL,30,0,0,NA,27,0,0,0,0,0,0,0,0,0,0,0,0,0,0,0,0,0,0,0,0,3,0,0
M9 [Family Planning],9.4.1.b,Number of Post-Partum sterilizations conducted at CHCs,TOTAL,59,0,15,NA,NA,0,1,0,0,0,0,0,0,0,0,1,27,0,0,0,0,0,9,1,4,0,1,0
M9 [Family Planning],9.4.1.c,Number of Post-Partum sterilizations conducted at SDHs or DHs,TOTAL,591,NA,3,22,43,0,7,62,14,29,11,25,38,0,39,155,4,0,1,0,21,3,20,11,0,45,38,NA
M9 [Family Planning],9.4.1.d,Number of Post-Partum sterilizations conducted at other State owned public institutions,TOTAL,NA,NA,NA,NA,NA,NA,NA,NA,NA,NA,NA,NA,NA,NA,NA,NA,NA,NA,NA,NA,NA,NA,NA,NA,NA,NA,NA,NA
M9 [Family Planning],9.4.1.e,"Total Number of Post-Partum sterilizations conducted at Public facilities i.e. PHC, CHC, SDH, DH and other State owned public institutions (sum of items from 9.4.1.a to 9.4.1.d)",TOTAL,680,0,18,22,70,0,8,62,14,29,11,25,38,0,39,156,31,0,1,0,21,3,29,12,4,48,39,0
M9 [Family Planning],9.4.2,Number of Post-Partum sterilizations conducted at Private facilities,TOTAL,166,0,NA,37,0,0,0,NA,NA,0,0,13,0,NA,0,13,0,0,8,NA,0,0,67,24,0,3,1,0
M9 [Family Planning],9.5.1.a,Number of IUCD Insertions conducted at SCs,TOTAL,2856,36,245,182,84,47,126,94,490,41,1,80,39,131,88,17,190,109,82,13,36,88,183,59,48,65,219,63
M9 [Family Planning],9.5.1.b,Number of IUCD Insertions conducted at PHCs,TOTAL,1564,43,67,14,34,24,23,94,148,189,3,82,91,106,78,49,27,39,9,92,47,10,55,55,31,30,95,29
M9 [Family Planning],9.5.1.c,Number of IUCD Insertions conducted at CHCs,TOTAL,1503,17,34,59,33,5,245,160,30,18,6,85,24,76,18,19,110,33,0,0,18,19,44,154,86,62,88,60
M9 [Family Planning],9.5.1.d,Number of IUCD Insertions conducted at SDHs or DHs,TOTAL,2605,10,95,3,11,9,175,87,33,218,24,28,245,23,29,992,3,26,3,80,40,13,47,4,157,87,161,2
M9 [Family Planning],9.5.1.e,Number of IUCD Insertions conducted at other State owned public institutions,TOTAL,NA,NA,NA,NA,NA,NA,NA,NA,NA,NA,NA,NA,NA,NA,NA,NA,NA,NA,NA,NA,NA,NA,NA,NA,NA,NA,NA,NA
M9 [Family Planning],9.5.1.f,"Total Number of IUCD Insertions conducted at Public facilities i.e. SC, PHC, CHC, SDH, DH and other State owned public institutions (sum of items from 9.5.1.a to 9.5.1.e)",TOTAL,8528,106,441,258,162,85,569,435,701,466,34,275,399,336,213,1077,330,207,94,185,141,130,329,272,322,244,563,154
M9 [Family Planning],9.5.1A,"Out of above total, Post Partum (within 48 hours of delivery) IUCD insertions",TOTAL,4394,5,80,59,131,0,354,288,290,532,15,111,360,165,56,968,53,19,1,45,46,16,66,106,237,114,277,0
M9 [Family Planning],9.5.2,Number of IUCD Insertions conducted at Private facilities,TOTAL,201,0,NA,NA,0,0,6,NA,19,36,0,NA,0,NA,0,19,0,0,0,NA,3,0,7,12,2,6,77,14
M9 [Family Planning],9.06,Number of IUCD removals,TOTAL,1166,28,8,30,35,33,17,82,37,45,19,25,72,42,21,210,34,47,45,43,21,27,48,87,21,26,36,27
M9 [Family Planning],9.07,Number of Oral Pills cycles distributed,TOTAL,167872,5453,13724,3744,5897,2383,3405,3341,13896,4804,814,11014,6111,3152,4136,3061,9251,4977,5383,6366,6645,5380,13580,5051,7139,10494,4762,3909
M9 [Family Planning],9.08,Number of Condom pieces distributed,TOTAL,372551,12844,22852,8344,15858,3123,9882,2721,22424,19530,2161,27792,13539,15506,17905,8786,27236,27095,9322,10300,8731,11486,14636,16061,17512,16871,4988,5046
M9 [Family Planning],9.09,Number of Centchroman (weekly) pills given,TOTAL,858,0,0,0,59,2,0,20,0,190,0,74,0,0,2,0,62,2,29,169,0,0,105,19,2,57,11,55
M9 [Family Planning],9.1,Number of Emergency Contraceptive Pills distributed,TOTAL,2836,10,318,0,184,29,42,13,371,41,12,200,9,144,120,172,191,54,109,73,195,0,277,36,23,66,96,51
M9 [Family Planning],9.11.1.a,Number of cases of complications following male sterilization,TOTAL,0,0,0,0,0,0,0,0,0,0,0,0,0,0,0,0,0,0,0,0,0,0,0,0,0,0,0,0
M9 [Family Planning],9.11.1.b,Number of cases of complications following female sterilization,TOTAL,12,0,0,0,0,0,0,0,2,0,0,2,0,0,0,0,0,0,0,0,0,0,8,0,0,0,0,0
M9 [Family Planning],9.11.2.a,Number of failures following male sterilization,TOTAL,0,0,0,0,0,0,0,0,0,0,0,0,0,0,0,0,0,0,0,0,0,0,0,0,0,0,0,0
M9 [Family Planning],9.11.2.b,Number of failures following female sterilization,TOTAL,2,0,0,0,0,0,0,1,0,0,0,0,0,0,0,0,0,0,1,0,0,0,0,0,0,0,0,0
M9 [Family Planning],9.11.3.a,Number of deaths following male sterilization,TOTAL,0,0,0,0,0,0,0,0,0,0,0,0,0,0,0,0,0,0,0,0,0,0,0,0,0,0,0,0
M9 [Family Planning],9.11.3.b,Number of deaths following female sterilization,TOTAL,0,0,0,0,0,0,0,0,0,0,0,0,0,0,0,0,0,0,0,0,0,0,0,0,0,0,0,0
M9 [Family Planning],9.12,Number of Institutions having NSV trained doctors,TOTAL,31,5,3,NA,2,NA,1,2,NA,1,1,2,NA,2,NA,1,1,1,NA,NA,1,3,1,1,1,NA,1,1
M10 [CHILD IMMUNIZATION],10.1.01,Number of Infants (0 to 11 months old)received BCG immunisation,TOTAL,57263,1027,3509,1263,3583,710,1684,1206,4674,1771,355,2366,1365,1234,1532,2543,2426,1869,2661,1757,1877,1829,7463,1223,1355,3023,1876,1082
M10 [CHILD IMMUNIZATION],10.1.02,Number of Infants (0 to 11 months old) received DPT1 immunisation,TOTAL,180,3,0,0,31,4,0,0,27,3,6,4,0,0,0,99,0,0,0,0,0,0,2,1,0,0,0,0
M10 [CHILD IMMUNIZATION],10.1.03,Number of Infants (0 to 11 months old) received DPT2 immunisation,TOTAL,135,1,0,0,28,6,0,0,9,0,1,1,0,0,0,74,0,0,1,9,0,0,3,2,0,0,0,0
M10 [CHILD IMMUNIZATION],10.1.04,Number of Infants (0 to 11 months old) received DPT3 immunisation,TOTAL,161,0,0,8,48,9,0,0,12,0,0,0,0,0,0,70,0,0,0,6,0,0,1,2,0,0,0,5
M10 [CHILD IMMUNIZATION],10.1.04A,Number of Infants (0 to 11 months old) received Pentavalent1 immunisation,TOTAL,48285,1138,3130,1175,2832,666,1518,929,4012,1394,406,1930,1260,1234,1374,2211,2101,1621,2343,1347,1490,1779,4953,1133,1183,2515,1650,961
M10 [CHILD IMMUNIZATION],10.1.04B,Number of Infants (0 to 11 months old) received Pentavalent2 immunisation,TOTAL,49268,1236,3132,1159,3133,707,1557,953,4221,1571,352,1998,1161,1375,1358,1765,2302,1788,2502,1272,1422,1650,4987,1153,1282,2465,1813,954
M10 [CHILD IMMUNIZATION],10.1.04C,Number of Infants (0 to 11 months old) received Pentavalent3 immunisation,TOTAL,50927,1399,3142,1134,3110,716,1517,1004,4537,1574,389,2063,1280,1471,1369,1873,2397,1698,2558,1396,1433,1742,5023,1201,1350,2628,1871,1052
M10 [CHILD IMMUNIZATION],10.1.05,Number of Infants (0 to 11 months old) received OPV 0 (Birth Dose),TOTAL,28756,372,1153,398,1485,110,930,826,1273,1616,240,835,888,547,1255,1985,888,659,809,1051,1171,959,3921,921,813,1902,1152,597
M10 [CHILD IMMUNIZATION],10.1.06,Number of Infants (0 to 11 months old) received OPV1 (First Dose),TOTAL,47652,1134,3005,1175,2881,659,1549,923,3982,1388,412,1881,1154,1222,1339,2138,2098,1631,2305,1255,1500,1814,4986,1116,1176,2425,1590,914
M10 [CHILD IMMUNIZATION],10.1.07,Number of Infants (0 to 11 months old) received OPV2 (Second Dose),TOTAL,48629,1220,2946,1162,3114,700,1559,957,4090,1546,353,1981,1100,1382,1317,1914,2294,1785,2482,1196,1428,1673,4952,1138,1277,2393,1747,923
M10 [CHILD IMMUNIZATION],10.1.08,Number of Infants (0 to 11 months old) received OPV3 (Third Dose),TOTAL,50314,1381,2984,1148,3055,699,1539,993,4562,1565,389,2021,1172,1459,1328,2011,2383,1695,2462,1304,1424,1783,5020,1187,1354,2509,1865,1022
M10 [CHILD IMMUNIZATION],10.1.09A,Number of Infants (upto 48 hrs of age) received Hepatitis-B0 immunisation,TOTAL,23766,222,1075,275,1110,93,838,781,1068,1292,195,683,856,326,947,1917,770,406,756,900,926,974,3079,644,597,1896,716,424
M10 [CHILD IMMUNIZATION],10.1.09,Number of Infants (0 to 11 months old) received Hepatitis-B1 immunisation,TOTAL,444,3,0,0,26,0,0,0,0,0,6,0,0,0,33,352,0,2,0,0,0,0,0,22,0,0,0,0
M10 [CHILD IMMUNIZATION],10.1.10,Number of Infants (0 to 11 months old) received Hepatitis-B2 immunisation,TOTAL,268,1,0,0,22,0,0,0,2,3,1,0,0,0,31,192,0,4,0,1,0,0,0,11,0,0,0,0
M10 [CHILD IMMUNIZATION],10.1.11,Number of Infants (0 to 11 months old) received Hepatitis-B3 immunisation,TOTAL,273,0,0,0,44,0,0,0,0,1,0,0,0,0,27,173,0,8,0,4,0,0,0,16,0,0,0,0
M10 [CHILD IMMUNIZATION],10.1.12,Number of Infants (0 to 11 months old) received Measles immunisation (First Dose),TOTAL,59298,1568,3793,1489,3415,786,1805,1286,4707,1986,353,2162,1675,1412,1718,2104,2981,1809,2602,1378,1891,2219,6070,1432,1809,3135,2399,1314
M10 [CHILD IMMUNIZATION],10.1.12B,Number of Infants (more than 16 months old) received Measles immunisation (Second Dose),TOTAL,47691,1273,2907,1168,1618,711,1588,946,3005,1829,340,2006,1389,1149,1484,1780,2777,1443,2173,1179,1651,1823,4855,1269,1610,2535,2005,1178
M10 [CHILD IMMUNIZATION],10.1A,No. of Children aged 9 to 12 months who received JE 1st dose,TOTAL,56685,1520,3611,1457,3155,761,1767,1303,2800,2251,353,2164,1722,1225,1673,2013,3190,1650,2581,987,1872,2234,6067,1397,1739,3014,2764,1415
M10 [CHILD IMMUNIZATION],10.1.13.a,Total number of male children (9 to 11 months old) fully immunised (BCG+DPT123/Pentavalent123+OPV123+Measles) during the month,TOTAL,30638,827,1965,750,1715,384,953,680,2455,1050,178,1113,857,752,901,1061,1538,948,1318,727,950,1151,3191,738,906,1618,1229,683
M10 [CHILD IMMUNIZATION],10.1.13.b,Total number of female children (9 to 11 months old) fully immunised (BCG+DPT123/Pentavalent123+OPV123+Measles) during the month,TOTAL,28269,741,1779,739,1669,387,851,593,2221,926,175,1047,816,652,811,973,1434,861,1219,646,935,1068,2874,693,900,1507,1131,621
M10 [CHILD IMMUNIZATION],10.1.13.c,Total number of children (9 to 11 months old) fully immunised (BCG+DPT123/Pentavalent123+OPV123+Measles) during the month (sum of items 10.1.13.a and 10.1.13.b),TOTAL,58907,1568,3744,1489,3384,771,1804,1273,4676,1976,353,2160,1673,1404,1712,2034,2972,1809,2537,1373,1885,2219,6065,1431,1806,3125,2360,1304
M10 [CHILD IMMUNIZATION],10.2.1,Number of Infants (more than 16 months old) received DPT Booster dose,TOTAL,47309,1300,2969,1161,468,742,1586,788,3295,1875,340,2010,1381,1187,1514,1786,2791,1458,2215,1173,1651,1808,4986,1314,1626,2706,2016,1163
M10 [CHILD IMMUNIZATION],10.2.2,Number of Infants (more than 16 months old) received OPV Booster dose,TOTAL,47863,1298,2887,1170,1214,735,1603,925,3217,1898,340,2015,1293,1175,1514,1792,2786,1458,2199,1156,1651,1808,4982,1314,1612,2674,2005,1142
M10 [CHILD IMMUNIZATION],10.2.3,"Number of Infants (more than 16 months old) received Measles, Mumps, Rubella (MMR) Vaccination",TOTAL,123,0,0,0,0,0,0,0,0,50,0,0,0,0,0,45,0,0,3,0,0,0,1,0,0,24,0,0
M10 [CHILD IMMUNIZATION],10.3.1.a,Total number of male children (12 to 23 months old) fully immunised (BCG+DPT123/Pentavalent123+OPV123+Measles) during the month,TOTAL,7118,41,351,57,92,130,57,53,996,238,107,591,95,25,80,476,204,190,551,356,131,503,808,84,381,333,112,76
M10 [CHILD IMMUNIZATION],10.3.1.b,Total number of female children (12 to 23 months old) fully immunised (BCG+DPT123/Pentavalent123+OPV123+Measles) during the month,TOTAL,6788,35,323,48,85,154,80,52,922,230,109,562,88,29,68,517,195,162,503,310,127,457,773,73,338,322,148,78
M10 [CHILD IMMUNIZATION],10.3.1.c,Total number of children (12 to 23 months old) fully immunised (BCG+DPT123+OPV123/Pentavalent123+Measles) during the month (sum of items 10.3.1.a and 10.3.1.b),TOTAL,13906,76,674,105,177,284,137,105,1918,468,216,1153,183,54,148,993,399,352,1054,666,258,960,1581,157,719,655,260,154
M10 [CHILD IMMUNIZATION],10.3.2,Number of children (more than 5 years old) given DT5,TOTAL,23994,588,1146,468,400,311,859,252,1013,1164,172,814,749,742,1120,1352,1451,588,948,560,815,1084,2527,713,821,1670,1025,642
M10 [CHILD IMMUNIZATION],10.3.3,Number of children (more than 10 years old) given TT10,TOTAL,18326,348,916,242,1516,176,588,248,631,713,112,515,515,717,963,996,969,769,960,419,629,847,1503,428,584,1131,566,325
M10 [CHILD IMMUNIZATION],10.3.4,Number of children (more than 16 years old) given TT16,TOTAL,13265,234,722,110,1223,123,508,141,464,346,124,375,286,586,689,717,554,838,699,381,415,618,1038,316,369,843,323,223
M10 [CHILD IMMUNIZATION],10.3.5.a,Number of cases of Abscess reported following immunisation [Adverse Event Following Immunisation (AEFI)],TOTAL,5,0,0,0,0,0,1,0,0,0,0,0,0,0,0,0,0,0,2,0,0,0,0,0,0,0,0,2
M10 [CHILD IMMUNIZATION],10.3.5.b,Number of cases of Death reported following immunisation [Adverse Event Following Immunisation (AEFI)],TOTAL,0,0,0,0,0,0,0,0,0,0,0,0,0,0,0,0,0,0,0,0,0,0,0,0,0,0,0,0
M10 [CHILD IMMUNIZATION],10.3.5.c,Number of cases of other complications reported following immunisation [Adverse Event Following Immunisation (AEFI)],TOTAL,356,73,3,0,0,0,82,9,0,0,2,0,0,0,2,8,2,0,0,57,0,0,0,10,0,11,0,97
M10 [CHILD IMMUNIZATION],10.4.1,Number of Immunisation sessions planned to be held during the month,TOTAL,28249,799,1342,644,1561,492,882,672,1645,994,379,996,1190,663,1105,670,1072,1256,1143,1002,1270,909,2189,767,1158,1695,958,796
M10 [CHILD IMMUNIZATION],10.4.2,Number of Immunisation sessions held during the month,TOTAL,27645,796,1341,643,1530,469,865,649,1600,990,357,954,1182,657,1095,667,1066,1205,1106,983,1189,887,2154,761,1122,1641,953,783
M10 [CHILD IMMUNIZATION],10.4.3,Number of Immunisation sessions held during the month where ASHAs were present,TOTAL,26871,792,1333,605,1488,466,823,637,1489,973,331,923,1167,633,1016,655,1066,1191,1061,971,1188,885,2029,709,1114,1604,952,770
M10 [CHILD IMMUNIZATION],10.5.1,Number of children (more than 16 months old) received Japanese Encephalitis (JE) vaccination,TOTAL,46122,1274,2723,1161,1556,722,1533,993,1618,2070,340,1977,1443,1011,1644,1647,3050,1297,1978,838,1644,1844,4799,1237,1573,2500,2358,1292
M11 [Number of Vitamin A doses],11.1.1,Number of children (9 months to 5 years old) administered 1st dose of Vitamin A (Dose-1),TOTAL,57867,1606,3668,1455,3357,755,1775,1051,4662,1932,394,2164,1670,1389,1687,1855,2951,1756,2610,1360,1878,2177,5990,1375,1746,3056,2315,1233
M11 [Number of Vitamin A doses],11.1.2,Number of children (9 months to 5 years old) were administered 5th dose of Vitamin A (Dose-5),TOTAL,17322,845,834,289,1003,101,628,164,1168,558,213,388,548,341,685,792,818,373,592,456,571,632,2153,267,606,1312,643,342
M11 [Number of Vitamin A doses],11.1.3,Number of children (9 months to 5 years old) administered 9th dose of Vitamin A (Dose-9),TOTAL,20396,884,937,231,790,169,756,196,1010,798,298,545,627,413,922,1107,1209,628,474,411,609,989,2363,565,569,1496,906,494
M12 [Number of cases of Childhood Diseases reported during the month0-5 years:],12.1,Number of cases of Diptheria reported in children below 5 years of age,TOTAL,0,0,0,NA,0,0,0,0,0,0,0,0,0,0,0,0,0,0,0,0,0,0,0,0,0,0,0,0
M12 [Number of cases of Childhood Diseases reported during the month0-5 years:],12.2,Number of cases of Pertusis reported in children below 5 years of age,TOTAL,0,0,0,NA,0,0,0,0,0,0,0,0,0,0,0,0,0,0,0,0,0,0,0,0,0,0,0,0
M12 [Number of cases of Childhood Diseases reported during the month0-5 years:],12.3,Number of cases of Tetanus neonatarum reported in children below 5 years of age,TOTAL,0,0,0,NA,0,0,0,0,0,0,0,0,0,0,0,0,0,0,0,0,0,0,0,0,0,0,0,0
M12 [Number of cases of Childhood Diseases reported during the month0-5 years:],12.4,Number of cases of Tetanus other than neonatarum reported in children below 5 years of age,TOTAL,0,0,0,NA,0,0,0,0,0,0,0,0,0,0,0,0,0,0,0,0,0,0,0,0,0,0,0,0
M12 [Number of cases of Childhood Diseases reported during the month0-5 years:],12.5,Number of cases of Polio reported in children below 5 years of age,TOTAL,0,0,0,NA,0,0,0,0,0,0,0,0,0,0,0,0,0,0,0,0,0,0,0,0,0,0,0,0
M12 [Number of cases of Childhood Diseases reported during the month0-5 years:],12.6,Number of cases of Measles reported in children below 5 years of age,TOTAL,160,2,0,0,5,3,3,11,1,7,1,1,19,1,0,0,3,3,19,9,1,0,28,8,8,5,5,17
M12 [Number of cases of Childhood Diseases reported during the month0-5 years:],12.7,Number of cases of Diarrhoea and Dehydration reported in children below 5 years of age,TOTAL,7136,108,123,21,199,132,314,449,447,266,241,76,127,268,273,186,197,354,362,75,373,144,955,372,336,149,405,184
M12 [Number of cases of Childhood Diseases reported during the month0-5 years:],12.8,Number of cases of Malaria reported in children below 5 years of age,TOTAL,21,0,0,0,0,5,0,0,0,0,7,1,0,0,0,0,0,4,0,0,0,0,0,2,0,0,0,2
M12 [Number of cases of Childhood Diseases reported during the month0-5 years:],12.9,Number of children below 5 years of age admitted with Respiratory Infections,TOTAL,3006,2,29,NA,105,123,2,38,514,272,107,62,57,89,14,293,13,142,11,32,254,97,17,450,77,3,27,176
M13 [Blindness Control Programme],13.1,Number of Patients operated for cataract,TOTAL,1560,49,121,NA,43,0,59,5,62,2,3,109,49,0,124,0,113,0,114,163,22,52,115,83,122,50,75,25
M13 [Blindness Control Programme],13.2,Number of Intraocular Lens(IOL) implantations,TOTAL,1194,5,121,NA,43,0,57,1,15,2,3,96,0,0,110,0,84,0,114,163,22,7,108,83,103,26,18,13
M13 [Blindness Control Programme],13.3,Number of School children detected with Refractive errors,TOTAL,1200,0,95,NA,0,0,87,200,13,87,23,35,8,0,20,0,204,44,0,0,5,5,0,25,25,67,243,14
M13 [Blindness Control Programme],13.4,Number of children provided free glasses,TOTAL,704,0,54,NA,0,0,0,7,2,4,7,11,2,0,15,0,105,37,0,0,0,1,0,23,8,366,62,0
M13 [Blindness Control Programme],13.5,Number of eyes collected through eye donation,TOTAL,0,0,0,NA,0,0,0,0,0,0,0,0,0,0,0,0,0,0,0,0,0,0,0,0,0,0,0,0
M13 [Blindness Control Programme],13.6,Number of eyes utilised for corneal transplant,TOTAL,0,0,0,NA,0,0,0,0,0,0,0,0,0,0,0,0,0,0,0,0,0,0,0,0,0,0,0,0
M14 [Patient Services],14.01,Number of CHC or SDH or DH functioning as First Referral units (FRUs),TOTAL,59,1,2,3,2,NA,2,1,2,2,NA,1,1,NA,5,3,8,1,1,1,1,3,6,3,4,2,4,NA
M14 [Patient Services],14.02,Number of PHCs functioning 24X7 with atleast 3 Staff Nurses,TOTAL,379,22,10,17,18,5,8,15,17,9,8,19,22,5,14,7,18,11,8,21,15,18,26,11,13,18,11,13
M14 [Patient Services],14.03,Number of Anganwadi centres reported to have conducted VHNDs,TOTAL,24199,726,1027,567,1460,447,695,683,1321,882,215,627,1013,609,810,214,1471,1014,1052,800,1008,852,2055,531,943,1641,908,628
M14 [Patient Services],14.04,Number of facilities having a Rogi Kalyan Samiti (RKS),TOTAL,162,6,6,5,6,4,3,5,7,4,3,6,5,2,7,3,13,6,4,2,9,5,14,11,5,10,5,6
M14 [Patient Services],14.05,Number of RKS meetings held during the month,TOTAL,376,29,9,3,11,13,13,5,11,3,4,19,15,3,20,13,34,3,7,20,5,24,27,18,27,19,10,11
M14 [Patient Services],14.06,Number of facilities having Ambulance services (Assured Referral Services),TOTAL,563,27,13,15,22,20,14,14,20,18,12,23,29,7,22,11,32,20,14,15,34,17,26,22,30,42,12,32
M14 [Patient Services],14.07,Total Number of times the Ambulance was used for transporting patients during the month,TOTAL,6098,191,39,66,250,164,70,23,75,148,190,160,652,243,33,145,171,113,164,96,316,696,202,105,833,371,252,330
M14 [Patient Services],14.08,Number of Institutions having Operational Sick New Born and Child Care Units (SNCU),TOTAL,22,1,NA,1,1,NA,1,1,NA,2,NA,NA,NA,1,1,2,NA,1,1,1,1,1,1,1,1,2,NA,1
M14 [Patient Services],14.09,Number of functional Laproscopes in CHC/SDH/DH,TOTAL,222,0,199,NA,0,0,1,0,1,0,0,0,0,3,2,2,0,0,1,0,4,2,2,1,3,1,0,0
M14 [Patient Services],14.09.a,Health Facility Services/Patient Services/Stock out rate of essential Drugs,TOTAL,19,NA,NA,NA,NA,NA,19,NA,NA,NA,NA,NA,NA,NA,NA,NA,NA,NA,NA,NA,NA,NA,NA,NA,NA,NA,NA,NA
M14 [Patient Services],14.09.b,Health Facility Services/Patient Services/Blood Units Issued on replacement,TOTAL,104,NA,NA,NA,NA,NA,104,NA,NA,NA,NA,NA,NA,NA,NA,NA,NA,NA,NA,NA,NA,NA,NA,NA,NA,NA,NA,NA
M14 [Patient Services],14.09.c,Health Facility Services/Patient Services/Total no. of blood units issued in year,TOTAL,296,NA,NA,NA,NA,NA,296,NA,NA,NA,NA,NA,NA,NA,NA,NA,NA,NA,NA,NA,NA,NA,NA,NA,NA,NA,NA,NA
M14 [Patient Services],14.10.1.a,Number of male patients admitted (Inpatients) during the month,1. Children,9174,22,184,49,761,18,374,137,490,646,159,239,472,179,724,188,253,306,357,111,738,691,334,261,310,835,201,135
M14 [Patient Services],14.10.1.a,Number of male patients admitted (Inpatients) during the month,2. Adults,28284,287,1272,375,1675,9,635,309,1590,3059,338,627,1117,686,2041,602,722,680,756,678,1517,1121,1882,649,1139,2736,1297,485
M14 [Patient Services],14.10.1.b,Number of female patients (Inpatients) admitted during the month,1. Children,8734,26,227,67,706,4,298,114,452,875,126,154,448,144,495,168,291,339,438,154,580,480,479,335,277,723,184,150
M14 [Patient Services],14.10.1.b,Number of female patients (Inpatients) admitted during the month,2. Adults,58010,924,2831,1225,4247,137,1664,1148,3663,5142,651,1984,2263,1688,2719,1482,1895,1509,1477,1779,2808,1635,3559,1461,2767,4332,2074,946
M14 [Patient Services],14.10.1.c,Total number of patients admitted (Inpatients) during the month (sum of items 14.10.1.a and 14.10.1.b),1. Children,17908,48,411,116,1467,22,672,251,942,1521,285,393,920,323,1219,356,544,645,795,265,1318,1171,813,596,587,1558,385,285
M14 [Patient Services],14.10.1.c,Total number of patients admitted (Inpatients) during the month (sum of items 14.10.1.a and 14.10.1.b),2. Adults,86294,1211,4103,1600,5922,146,2299,1457,5253,8201,989,2611,3380,2374,4760,2084,2617,2189,2233,2457,4325,2756,5441,2110,3906,7068,3371,1431
M14 [Patient Services],14.10.2.a,Number of death cases of Inpatient males,TOTAL,394,0,9,5,0,0,14,19,6,1,12,11,36,20,62,0,0,24,20,13,39,6,32,13,14,12,24,2
M14 [Patient Services],14.10.2.b,Number of death cases of Inpatient females,TOTAL,284,0,10,5,0,0,8,10,1,2,10,9,25,13,35,1,0,13,16,10,25,4,34,8,18,12,12,3
M14 [Patient Services],14.10.2.c,Number of cases of death of Inpatients (sum of items 14.10.2.a and 14.10.2.b),TOTAL,678,0,19,10,0,0,22,29,7,3,22,20,61,33,97,1,0,37,36,23,64,10,66,21,32,24,36,5
M14 [Patient Services],14.11,In-Patient Head Count at midnight,TOTAL,57177,100,781,NA,286,158,2649,4131,133,145,3389,578,321,1519,474,758,1360,5469,887,1877,12144,3124,1496,4945,2349,7595,0,509
M14 [Patient Services],14.12.1,OPD attendance (All),TOTAL,3112368,66493,141996,74988,134886,40461,69399,62647,168338,227113,22056,106047,113454,35521,134715,161086,138248,56636,79346,57143,110471,102845,248042,80689,146263,265323,176020,92142
M14 [Patient Services],14.13.1,Number of major operations carried out using general or spinal anaesthesia,TOTAL,7316,1,408,115,127,0,52,379,0,199,71,69,178,2,635,2434,276,114,65,174,52,105,121,112,308,841,469,9
M14 [Patient Services],14.13.1A,"Out of 14.13.1,Gynecology- Hysterectomy surgeries",TOTAL,157,0,7,NA,19,0,0,13,0,22,3,0,0,0,0,5,0,4,1,13,1,1,1,11,0,49,6,1
M14 [Patient Services],14.13.1.B,"Patient Services/Operation major (General and spinal anaesthesia)/Major Surgeries excluding Obstetrics, Gynaecology and Opthalmology etc",TOTAL,NA,NA,NA,NA,NA,NA,NA,NA,NA,NA,NA,NA,NA,NA,NA,NA,NA,NA,NA,NA,NA,NA,NA,NA,NA,NA,NA,NA
M14 [Patient Services],14.13.2,Number of minor operations carried out without anaesthesia or using local anaesthesia,TOTAL,2148,0,37,28,0,0,6,5,35,157,50,29,34,6,109,1000,153,19,69,14,104,0,7,35,51,55,92,53
M14 [Patient Services],14.13.3,Health Facility Services/Patient Services/Number of post operative Surgical Site infection,TOTAL,0,NA,NA,NA,NA,NA,0,NA,NA,NA,NA,NA,NA,NA,NA,NA,NA,NA,NA,NA,NA,NA,NA,NA,NA,NA,NA,NA
M14 [Patient Services],14.14.a,Number of patients given AYUSH treatment,TOTAL,117393,10563,1055,637,0,6024,1559,6529,18173,2251,973,13087,2045,252,562,10754,5873,3165,4873,762,3765,500,1485,15819,1800,3002,902,983
M14 [Patient Services],14.14.b,Number of patients on whom Dental Procedure was conducted,TOTAL,14407,185,246,98,646,21,634,386,1780,0,79,1036,763,78,910,628,699,192,667,0,675,157,470,2057,879,988,0,133
M14 [Patient Services],14.14.c,Number of Adolescents counselled,TOTAL,655,42,50,NA,0,0,152,0,0,0,0,0,63,12,0,58,0,35,0,0,0,80,67,0,0,0,0,96
M15 [Laboratory Testing],15.1.a,Health Facility Services/Laboratory Testing/Total Number of lab Tests Done,TOTAL,NA,NA,NA,NA,NA,NA,NA,NA,NA,NA,NA,NA,NA,NA,NA,NA,NA,NA,NA,NA,NA,NA,NA,NA,NA,NA,NA,NA
M15 [Laboratory Testing],15.1.1.a,Number of Haemoglobin (Hb) tests conducted,TOTAL,202427,4607,9776,4173,18606,1276,2710,4046,12883,8931,568,8766,5930,5276,6602,5864,12219,2677,4117,3053,7650,7352,15220,4563,4169,31979,6925,2489
M15 [Laboratory Testing],15.1.1.b,"Out of the total number of Hb tests conducted, number of cases having Hb less than 7gm/dl",TOTAL,2800,12,12,28,605,31,155,73,49,132,31,30,51,14,175,75,77,15,214,93,77,19,96,10,94,205,368,59
M15 [Laboratory Testing],15.1.2.a,Number of HIV tests conducted on males,1. Number tested,6553,139,74,237,22,49,81,211,146,893,53,157,480,128,319,300,598,176,170,213,627,56,503,183,275,391,27,45
M15 [Laboratory Testing],15.1.2.a,Number of HIV tests conducted on males,2. Number Positive,21,0,0,3,1,0,1,0,1,0,0,1,0,0,1,2,1,0,4,2,0,1,3,0,0,0,0,0
M15 [Laboratory Testing],15.1.2.b,Number of HIV tests conducted on Female-Non ANC (i.e. non pregnant females),1. Number tested,6002,136,36,234,11,25,189,165,386,1003,77,298,217,109,266,243,208,22,99,189,296,107,535,230,181,526,162,52
M15 [Laboratory Testing],15.1.2.b,Number of HIV tests conducted on Female-Non ANC (i.e. non pregnant females),2. Number Positive,15,0,0,3,0,0,1,0,2,0,1,1,0,0,0,0,0,0,3,1,1,1,1,0,0,0,0,0
M15 [Laboratory Testing],15.1.2.c,Number of HIV tests conducted on Female with ANC (i.e. pregnant females),1. Number tested,36205,1002,920,1281,1431,367,946,915,623,1632,276,1376,1185,583,1418,1913,2659,530,614,881,1652,2492,6020,1055,990,1908,1079,457
M15 [Laboratory Testing],15.1.2.c,Number of HIV tests conducted on Female with ANC (i.e. pregnant females),2. Number Positive,128,0,0,0,3,0,1,0,0,0,0,0,0,0,0,0,0,0,2,2,0,1,118,0,0,0,0,1
M15 [Laboratory Testing],15.1.2.d,Total number of HIV tests conducted (sum of items 15.1.2.a to 15.1.2.c),1. Number tested,48760,1277,1030,1752,1464,441,1216,1291,1155,3528,406,1831,1882,820,2003,2456,3465,728,883,1283,2575,2655,7058,1468,1446,2825,1268,554
M15 [Laboratory Testing],15.1.2.d,Total number of HIV tests conducted (sum of items 15.1.2.a to 15.1.2.c),2. Number Positive,164,0,0,6,4,0,3,0,3,0,1,2,0,0,1,2,1,0,9,5,1,3,122,0,0,0,0,1
M15 [Laboratory Testing],15.2,Number of Widal tests conducted,Number tested,13045,119,322,616,250,627,222,882,58,1792,109,509,153,189,325,1014,1446,188,196,127,1096,108,601,692,315,480,54,555
M15 [Laboratory Testing],15.3.a,Number of VDRL tests conducted on males,Number tested,2046,87,10,NA,7,1,8,118,0,775,1,6,0,0,7,3,4,1,73,75,499,0,128,176,6,59,0,2
M15 [Laboratory Testing],15.3.b,Number of VDRL tests conducted on Female-Non ANC (i.e. non pregnant females),Number tested,2670,26,5,NA,13,4,151,131,0,915,0,620,0,0,102,47,10,0,45,115,10,0,188,126,9,117,0,36
M15 [Laboratory Testing],15.3.c,Number of VDRL tests conducted on Female with ANC (i.e. pregnant females),Number tested,15277,283,1102,23,609,34,483,939,150,133,90,130,309,206,1125,485,2776,47,637,129,1269,387,1112,733,174,1497,100,315
M15 [Laboratory Testing],15.3.d,Total number of VDRL tests conducted (sum of items 15.3.a to 15.3.c),Number tested,19993,396,1117,23,629,39,642,1188,150,1823,91,756,309,206,1234,535,2790,48,755,319,1778,387,1428,1035,189,1673,100,353
M15 [Laboratory Testing],15.4.1,Number of blood smears examined for Malaria,TOTAL,214628,5549,8144,13201,8197,3416,2916,5487,5633,12124,2250,8832,9807,3586,6619,10046,26606,6292,4749,4232,9048,7549,15982,5363,6628,12774,5650,3948
M15 [Laboratory Testing],15.4.2,"Out of blood smears examined for malaria, number of blood smears tested positive for Plasmodium Vivax",TOTAL,1275,13,4,1,3,14,1,2,31,10,9,4,0,3,3,57,2,70,100,19,1,0,249,558,0,8,1,112
M15 [Laboratory Testing],15.4.3,"Out of blood smears examined for malaria, number of blood smears tested positive for Plasmodium Falciparum",TOTAL,433,5,2,0,9,23,0,3,6,0,35,13,1,17,1,1,7,183,4,23,2,4,1,0,0,4,1,88
M16 [Stock Position (During the month)],16.1.1,Stock position of DPT vaccines,1. Balance From Previous Month,119822,3500,7200,2213,0,2200,5000,9190,4900,268,NA,5370,4860,3250,NA,6280,3530,4340,4500,260,0,194,20190,5712,25215,150,0,1500
M16 [Stock Position (During the month)],16.1.1,Stock position of DPT vaccines,2. Stocks Received,54915,1000,7500,NA,0,0,3500,6000,0,1000,NA,NA,0,0,NA,0,0,0,7500,1300,0,210,NA,0,12630,775,10000,3500
M16 [Stock Position (During the month)],16.1.1,Stock position of DPT vaccines,3. Unusable Stock,4870,0,NA,NA,0,NA,0,0,NA,0,NA,4870,NA,0,NA,0,NA,NA,0,0,0,0,NA,NA,0,0,NA,0
M16 [Stock Position (During the month)],16.1.1,Stock position of DPT vaccines,4. Stock Distributed,77717,3000,7020,1616,0,1730,4500,1300,4400,961,NA,500,2670,3250,NA,4670,2550,3170,7400,1490,0,235,8330,4400,6730,795,4000,3000
M16 [Stock Position (During the month)],16.1.1,Stock position of DPT vaccines,5. Total Stock,92150,1500,7680,597,0,470,4000,13890,500,307,0,0,2190,0,0,1610,980,1170,4600,70,0,169,11860,1312,31115,130,6000,2000
M16 [Stock Position (During the month)],16.1.1A,Stock Position of Pentavalent,1. Balance From Previous Month,137528,3850,1570,17265,120,5650,9930,4330,2520,542,NA,8990,6960,6720,NA,8820,2500,11160,10300,NA,500,644,1210,11870,17293,264,0,4520
M16 [Stock Position (During the month)],16.1.1A,Stock Position of Pentavalent,2. Stocks Received,149160,5760,13520,8640,23040,5760,6000,0,20680,1200,NA,8640,960,5760,NA,0,11520,0,8640,NA,0,576,8640,0,0,1104,14400,4320
M16 [Stock Position (During the month)],16.1.1A,Stock Position of Pentavalent,3. Unusable Stock,0,0,NA,NA,0,NA,0,0,NA,0,NA,NA,NA,0,NA,0,NA,NA,0,NA,0,0,NA,NA,0,0,NA,0
M16 [Stock Position (During the month)],16.1.1A,Stock Position of Pentavalent,4. Stock Distributed,135039,6720,1780,4180,13130,5130,5040,4000,10500,709,NA,6440,7920,6480,NA,7280,2400,6540,12960,NA,0,588,8640,0,6330,1016,10776,6480
M16 [Stock Position (During the month)],16.1.1A,Stock Position of Pentavalent,5. Total Stock,151649,2890,13310,21725,10030,6280,10890,330,12700,1033,0,11190,0,6000,0,1540,11620,4620,5980,0,500,632,1210,11870,10963,352,3624,2360
M16 [Stock Position (During the month)],16.1.2,Stock position of OPV vaccines,1. Balance From Previous Month,252408,2500,27420,24407,0,5040,14500,9500,0,245,NA,1100,0,14700,NA,21300,100,17880,9900,1700,5000,0,37300,18310,34892,114,0,6500
M16 [Stock Position (During the month)],16.1.2,Stock position of OPV vaccines,2. Stocks Received,326960,14000,20000,15000,40000,6000,9000,0,20000,1500,NA,40000,8000,10000,NA,0,24760,0,15000,20000,0,800,20000,14000,30000,900,10000,8000
M16 [Stock Position (During the month)],16.1.2,Stock position of OPV vaccines,3. Unusable Stock,1014,0,NA,NA,0,NA,0,0,NA,0,NA,NA,NA,0,NA,0,NA,NA,0,0,0,0,NA,NA,0,1014,NA,0
M16 [Stock Position (During the month)],16.1.2,Stock position of OPV vaccines,4. Stock Distributed,305342,11000,31700,4570,28500,8440,11700,6600,16500,1037,NA,12950,8000,14200,NA,16380,11480,14600,19800,15580,0,625,26480,11250,14940,0,8510,10500
M16 [Stock Position (During the month)],16.1.2,Stock position of OPV vaccines,5. Total Stock,273012,5500,15720,34837,11500,2600,11800,2900,3500,708,0,28150,0,10500,0,4920,13380,3280,5100,6120,5000,175,30820,21060,49952,0,1490,4000
M16 [Stock Position (During the month)],16.1.3,Stock position of TT vaccines,1. Balance From Previous Month,222230,1600,23120,12120,5000,3560,11150,10600,9500,899,NA,0,0,12500,NA,11890,5920,21110,25100,2810,1500,552,21470,14494,20835,1500,0,5000
M16 [Stock Position (During the month)],16.1.3,Stock position of TT vaccines,2. Stocks Received,134180,6430,10000,7500,15000,2500,5000,0,10000,0,NA,10000,4000,10000,NA,0,10000,0,0,15000,0,500,NA,10000,4000,1000,10000,3250
M16 [Stock Position (During the month)],16.1.3,Stock position of TT vaccines,3. Unusable Stock,0,0,NA,NA,0,NA,0,0,NA,0,NA,NA,NA,0,NA,0,NA,NA,0,0,0,0,NA,NA,0,0,NA,0
M16 [Stock Position (During the month)],16.1.3,Stock position of TT vaccines,4. Stock Distributed,155533,4530,12350,3260,11700,1790,5650,5600,11500,843,NA,6700,4000,11500,NA,6120,2850,8370,12100,13500,0,580,10680,4700,5090,1050,6820,4250
M16 [Stock Position (During the month)],16.1.3,Stock position of TT vaccines,5. Total Stock,200877,3500,20770,16360,8300,4270,10500,5000,8000,56,0,3300,0,11000,0,5770,13070,12740,13000,4310,1500,472,10790,19794,19745,1450,3180,4000
M16 [Stock Position (During the month)],16.1.4,Stock position of DT vaccines,1. Balance From Previous Month,5630,0,NA,NA,NA,NA,NA,0,NA,NA,NA,0,0,NA,NA,0,NA,NA,0,5630,0,0,0,0,0,0,0,0
M16 [Stock Position (During the month)],16.1.4,Stock position of DT vaccines,2. Stocks Received,5760,0,NA,NA,NA,NA,NA,0,NA,NA,NA,0,0,NA,NA,0,NA,NA,0,5760,0,0,NA,NA,0,0,0,NA
M16 [Stock Position (During the month)],16.1.4,Stock position of DT vaccines,3. Unusable Stock,0,0,NA,NA,NA,NA,NA,0,NA,NA,NA,0,NA,NA,NA,0,NA,NA,0,0,0,0,NA,NA,0,0,0,NA
M16 [Stock Position (During the month)],16.1.4,Stock position of DT vaccines,4. Stock Distributed,7680,0,NA,NA,NA,NA,NA,0,NA,NA,NA,0,0,NA,NA,0,NA,NA,0,7680,0,0,NA,NA,0,0,0,NA
M16 [Stock Position (During the month)],16.1.4,Stock position of DT vaccines,5. Total Stock,3710,0,0,0,0,0,0,0,0,0,0,0,0,0,0,0,0,0,0,3710,0,0,0,0,0,0,0,0
M16 [Stock Position (During the month)],16.1.5,Stock position of BCG vaccines,1. Balance From Previous Month,171349,4000,14090,8256,3500,2010,7900,11080,5000,409,NA,9080,4130,800,NA,6900,1390,8660,12500,6020,300,670,29700,10120,22434,150,0,2250
M16 [Stock Position (During the month)],16.1.5,Stock position of BCG vaccines,2. Stocks Received,113535,4000,10000,5000,14000,0,3000,0,10000,1000,NA,10000,0,8000,NA,0,10460,0,5000,10000,0,300,NA,4000,5000,775,10000,3000
M16 [Stock Position (During the month)],16.1.5,Stock position of BCG vaccines,3. Unusable Stock,0,0,NA,NA,0,NA,0,0,NA,0,NA,NA,NA,0,NA,0,NA,NA,0,0,0,0,NA,NA,0,0,0,0
M16 [Stock Position (During the month)],16.1.5,Stock position of BCG vaccines,4. Stock Distributed,128371,5100,14550,2680,10400,2010,5050,4350,5500,389,NA,6000,3720,5300,NA,6900,2050,5720,9500,11200,0,442,9230,3100,4800,850,5530,4000
M16 [Stock Position (During the month)],16.1.5,Stock position of BCG vaccines,5. Total Stock,156513,2900,9540,10576,7100,0,5850,6730,9500,1020,0,13080,410,3500,0,0,9800,2940,8000,4820,300,528,20470,11020,22634,75,4470,1250
M16 [Stock Position (During the month)],16.1.6,Stock position of Measles vaccines,1. Balance From Previous Month,123800,475,8555,3716,0,4904,7650,6470,6400,851,NA,5280,2265,2550,NA,9625,5180,8995,3000,2225,1000,96,18250,8720,12963,1130,0,3500
M16 [Stock Position (During the month)],16.1.6,Stock position of Measles vaccines,2. Stocks Received,109550,2500,10000,5000,15000,5000,4000,0,10000,2000,NA,10000,2000,5000,NA,0,5000,0,5000,5000,0,1000,NA,5000,5000,1800,7500,3750
M16 [Stock Position (During the month)],16.1.6,Stock position of Measles vaccines,3. Unusable Stock,0,0,NA,NA,0,NA,0,0,NA,0,NA,NA,NA,0,NA,0,NA,NA,0,0,0,0,NA,NA,0,0,0,0
M16 [Stock Position (During the month)],16.1.6,Stock position of Measles vaccines,4. Stock Distributed,104724,2725,2825,2900,7950,3310,4250,3350,4000,1519,NA,4325,4175,4800,NA,5425,2200,4445,6000,6750,0,665,9175,4450,5635,1850,7000,5000
M16 [Stock Position (During the month)],16.1.6,Stock position of Measles vaccines,5. Total Stock,128626,250,15730,5816,7050,6594,7400,3120,12400,1332,0,10955,90,2750,0,4200,7980,4550,2000,475,1000,431,9075,9270,12328,1080,500,2250
M16 [Stock Position (During the month)],16.1.7,Stock position of JE vaccines,1. Balance From Previous Month,99500,1500,5435,802,170,4970,8250,5460,2800,1898,NA,8370,0,850,NA,8725,1100,9000,5100,3100,500,440,13250,7875,3550,40,1565,4750
M16 [Stock Position (During the month)],16.1.7,Stock position of JE vaccines,2. Stocks Received,129450,2000,10000,5000,15000,5000,5000,0,5000,0,NA,10000,8000,5000,NA,0,8650,0,9000,5000,0,500,10000,10000,4000,1800,7000,3500
M16 [Stock Position (During the month)],16.1.7,Stock position of JE vaccines,3. Unusable Stock,0,0,NA,NA,0,NA,0,0,NA,0,NA,NA,NA,0,NA,0,NA,NA,0,0,0,0,NA,NA,0,0,0,0
M16 [Stock Position (During the month)],16.1.7,Stock position of JE vaccines,4. Stock Distributed,116397,2700,650,2970,8600,3525,4950,3800,2700,1582,NA,5250,5950,3700,NA,8150,3000,4250,7750,8100,0,810,11080,5900,5140,1590,8000,6250
M16 [Stock Position (During the month)],16.1.7,Stock position of JE vaccines,5. Total Stock,112553,800,14785,2832,6570,6445,8300,1660,5100,316,0,13120,2050,2150,0,575,6750,4750,6350,0,500,130,12170,11975,2410,250,565,2000
M16 [Stock Position (During the month)],16.1.8,Stock position of Hepatitis B vaccines,1. Balance From Previous Month,115715,2170,10,10097,0,1530,1140,4390,1750,1934,NA,80,7400,6460,NA,490,4320,3490,11500,13180,0,26,25660,8734,365,359,2380,8250
M16 [Stock Position (During the month)],16.1.8,Stock position of Hepatitis B vaccines,2. Stocks Received,17125,2000,3000,NA,0,1000,2500,0,2000,0,NA,300,0,0,NA,2000,0,0,3000,0,0,125,NA,0,700,500,0,0
M16 [Stock Position (During the month)],16.1.8,Stock position of Hepatitis B vaccines,3. Unusable Stock,0,0,NA,NA,0,NA,0,0,NA,0,NA,NA,NA,0,NA,0,NA,NA,0,0,0,0,NA,NA,0,0,0,NA
M16 [Stock Position (During the month)],16.1.8,Stock position of Hepatitis B vaccines,4. Stock Distributed,15581,670,1000,148,0,400,1140,220,0,81,NA,300,1500,100,NA,2140,1350,1670,1100,1000,0,80,500,550,920,212,500,0
M16 [Stock Position (During the month)],16.1.8,Stock position of Hepatitis B vaccines,5. Total Stock,117259,3500,2010,9949,0,2130,2500,4170,3750,1853,0,80,5900,6360,0,350,2970,1820,13400,12180,0,71,25160,8184,145,647,1880,8250
M16 [Stock Position (During the month)],16.2.1,Stock Position of IU 380 A (to be used for Family Planning),1. Balance From Previous Month,9543,0,830,NA,1200,NA,NA,500,NA,2200,NA,500,805,350,NA,NA,NA,421,680,807,0,0,0,NA,0,950,300,0
M16 [Stock Position (During the month)],16.2.1,Stock Position of IU 380 A (to be used for Family Planning),2. Stocks Received,5600,0,200,NA,0,NA,NA,0,3000,0,NA,NA,0,0,NA,NA,NA,0,0,0,0,0,NA,NA,0,2400,0,NA
M16 [Stock Position (During the month)],16.2.1,Stock Position of IU 380 A (to be used for Family Planning),3. Unusable Stock,0,0,NA,NA,0,NA,NA,0,NA,NA,NA,NA,NA,0,NA,NA,NA,NA,0,0,0,0,NA,NA,0,0,0,NA
M16 [Stock Position (During the month)],16.2.1,Stock Position of IU 380 A (to be used for Family Planning),4. Stock Distributed,7347,0,0,NA,200,NA,NA,0,3000,0,NA,150,620,250,NA,NA,NA,0,150,467,0,0,NA,NA,0,2510,0,NA
M16 [Stock Position (During the month)],16.2.1,Stock Position of IU 380 A (to be used for Family Planning),5. Total Stock,7796,0,1030,0,1000,0,0,500,0,2200,0,350,185,100,0,0,0,421,530,340,0,0,0,0,0,840,300,0
M16 [Stock Position (During the month)],16.2.2,Stock Position of Condoms (to be used for Family Planning),1. Balance From Previous Month,471630,0,4050,NA,9030,NA,NA,25590,NA,107190,NA,35580,11740,24300,NA,NA,NA,115830,6600,4000,0,34760,0,NA,0,2000,66070,24890
M16 [Stock Position (During the month)],16.2.2,Stock Position of Condoms (to be used for Family Planning),2. Stocks Received,173000,0,157950,NA,0,NA,NA,0,NA,0,NA,NA,0,0,NA,NA,NA,0,0,2000,0,0,NA,NA,0,13050,0,0
M16 [Stock Position (During the month)],16.2.2,Stock Position of Condoms (to be used for Family Planning),3. Unusable Stock,0,0,NA,NA,0,NA,NA,0,NA,NA,NA,NA,NA,0,NA,NA,NA,NA,0,0,0,0,NA,NA,0,0,0,NA
M16 [Stock Position (During the month)],16.2.2,Stock Position of Condoms (to be used for Family Planning),4. Stock Distributed,206690,0,4050,NA,5610,NA,NA,9100,NA,105380,NA,16200,5460,24300,NA,NA,NA,12150,100,4000,0,5850,NA,NA,0,14490,0,0
M16 [Stock Position (During the month)],16.2.2,Stock Position of Condoms (to be used for Family Planning),5. Total Stock,437940,0,157950,0,3420,0,0,16490,0,1810,0,19380,6280,0,0,0,0,103680,6500,2000,0,28910,0,0,0,560,66070,24890
M16 [Stock Position (During the month)],16.2.3,Stock Position of Oral Contraceptive (to be used for Family Planning),1. Balance From Previous Month,143389,0,3300,NA,0,NA,NA,899,NA,22100,NA,11600,10500,15200,NA,NA,NA,47900,4990,8000,0,7000,0,NA,0,300,6000,5600
M16 [Stock Position (During the month)],16.2.3,Stock Position of Oral Contraceptive (to be used for Family Planning),2. Stocks Received,47400,0,32400,NA,0,NA,NA,0,NA,0,NA,NA,0,0,NA,NA,NA,0,0,0,0,0,NA,NA,0,15000,0,0
M16 [Stock Position (During the month)],16.2.3,Stock Position of Oral Contraceptive (to be used for Family Planning),3. Unusable Stock,0,0,NA,NA,0,NA,NA,0,NA,NA,NA,NA,NA,0,NA,NA,NA,NA,0,0,0,0,NA,NA,0,0,0,NA
M16 [Stock Position (During the month)],16.2.3,Stock Position of Oral Contraceptive (to be used for Family Planning),4. Stock Distributed,68099,0,1000,NA,0,NA,NA,899,NA,22100,NA,5400,3500,5400,NA,NA,NA,6000,1200,6200,0,1700,NA,NA,0,14700,0,0
M16 [Stock Position (During the month)],16.2.3,Stock Position of Oral Contraceptive (to be used for Family Planning),5. Total Stock,122690,0,34700,0,0,0,0,0,0,0,0,6200,7000,9800,0,0,0,41900,3790,1800,0,5300,0,0,0,600,6000,5600
M16 [Stock Position (During the month)],16.2.4,Stock Position of Emergency Contraceptive (to be used for Family Planning),1. Balance From Previous Month,47450,0,900,NA,0,NA,NA,370,NA,3000,NA,3550,4800,3900,NA,NA,NA,8300,1850,4000,0,350,0,NA,0,2000,9350,5080
M16 [Stock Position (During the month)],16.2.4,Stock Position of Emergency Contraceptive (to be used for Family Planning),2. Stocks Received,0,0,0,NA,0,NA,NA,0,NA,0,NA,NA,0,0,NA,NA,NA,0,0,0,0,0,NA,NA,0,0,0,0
M16 [Stock Position (During the month)],16.2.4,Stock Position of Emergency Contraceptive (to be used for Family Planning),3. Unusable Stock,0,0,NA,NA,0,NA,NA,0,NA,NA,NA,NA,NA,0,NA,NA,NA,NA,0,0,0,0,NA,NA,0,0,0,NA
M16 [Stock Position (During the month)],16.2.4,Stock Position of Emergency Contraceptive (to be used for Family Planning),4. Stock Distributed,10850,0,200,NA,0,NA,NA,300,NA,3000,NA,NA,1500,3000,NA,NA,NA,1500,250,1000,0,100,NA,NA,0,0,0,0
M16 [Stock Position (During the month)],16.2.4,Stock Position of Emergency Contraceptive (to be used for Family Planning),5. Total Stock,36600,0,700,0,0,0,0,70,0,0,0,3550,3300,900,0,0,0,6800,1600,3000,0,250,0,0,0,2000,9350,5080
M16 [Stock Position (During the month)],16.2.5,Stock Position of Tubal Rings (to be used for Family Planning),1. Balance From Previous Month,43607,0,1400,NA,550,NA,NA,13750,NA,3600,NA,657,9000,NA,NA,NA,NA,8000,2400,1300,0,0,0,NA,0,1000,1150,800
M16 [Stock Position (During the month)],16.2.5,Stock Position of Tubal Rings (to be used for Family Planning),2. Stocks Received,500,0,0,NA,0,NA,NA,0,NA,0,NA,NA,0,NA,NA,NA,NA,0,0,0,0,0,NA,NA,0,500,0,0
M16 [Stock Position (During the month)],16.2.5,Stock Position of Tubal Rings (to be used for Family Planning),3. Unusable Stock,0,0,NA,NA,0,NA,NA,0,NA,NA,NA,NA,NA,NA,NA,NA,NA,NA,0,0,0,0,NA,NA,0,0,0,NA
M16 [Stock Position (During the month)],16.2.5,Stock Position of Tubal Rings (to be used for Family Planning),4. Stock Distributed,926,0,0,NA,300,NA,NA,0,NA,0,NA,26,0,NA,NA,NA,NA,0,0,600,0,0,NA,NA,0,0,0,0
M16 [Stock Position (During the month)],16.2.5,Stock Position of Tubal Rings (to be used for Family Planning),5. Total Stock,43181,0,1400,0,250,0,0,13750,0,3600,0,631,9000,0,0,0,0,8000,2400,700,0,0,0,0,0,1500,1150,800
M16 [Stock Position (During the month)],16.3.01,Stock Position of Oxytocin Injection,1. Balance From Previous Month,210260,0,NA,NA,17300,NA,1200,0,NA,NA,NA,NA,0,3200,NA,NA,NA,NA,2460,0,0,110,168100,1400,12490,300,0,3700
M16 [Stock Position (During the month)],16.3.01,Stock Position of Oxytocin Injection,2. Stocks Received,500,0,NA,NA,0,NA,0,0,NA,NA,NA,NA,0,NA,NA,NA,NA,NA,0,0,0,0,NA,0,0,500,0,0
M16 [Stock Position (During the month)],16.3.01,Stock Position of Oxytocin Injection,3. Unusable Stock,0,0,NA,NA,0,NA,0,0,NA,NA,NA,NA,NA,NA,NA,NA,NA,NA,0,0,0,0,NA,NA,0,0,0,0
M16 [Stock Position (During the month)],16.3.01,Stock Position of Oxytocin Injection,4. Stock Distributed,6250,0,NA,NA,1100,NA,1000,0,NA,NA,NA,NA,0,900,NA,NA,NA,NA,1200,0,0,0,NA,0,50,800,0,1200
M16 [Stock Position (During the month)],16.3.01,Stock Position of Oxytocin Injection,5. Total Stock,204510,0,0,0,16200,0,200,0,0,0,0,0,0,2300,0,0,0,0,1260,0,0,110,168100,1400,12440,0,0,2500
M16 [Stock Position (During the month)],16.3.02,Stock Position of Gloves,1. Balance From Previous Month,46084,486,NA,NA,2298,0,1000,13600,NA,NA,NA,NA,0,4100,NA,NA,NA,NA,600,0,0,NA,11500,0,0,0,0,12500
M16 [Stock Position (During the month)],16.3.02,Stock Position of Gloves,2. Stocks Received,27100,1500,NA,NA,0,4600,0,0,NA,NA,NA,NA,0,NA,NA,NA,NA,NA,0,0,0,0,NA,0,21000,0,0,0
M16 [Stock Position (During the month)],16.3.02,Stock Position of Gloves,3. Unusable Stock,0,0,NA,NA,0,NA,0,0,NA,NA,NA,NA,NA,NA,NA,NA,NA,NA,0,0,0,0,NA,NA,0,0,0,0
M16 [Stock Position (During the month)],16.3.02,Stock Position of Gloves,4. Stock Distributed,25606,486,NA,NA,800,NA,300,1500,NA,NA,NA,NA,0,2250,NA,NA,NA,NA,600,0,0,0,NA,0,17870,0,0,1800
M16 [Stock Position (During the month)],16.3.02,Stock Position of Gloves,5. Total Stock,47578,1500,0,0,1498,4600,700,12100,0,0,0,0,0,1850,0,0,0,0,0,0,0,0,11500,0,3130,0,0,10700
M16 [Stock Position (During the month)],16.3.03,Stock Position of MVA Syringes,1. Balance From Previous Month,0,0,NA,NA,NA,NA,0,0,NA,NA,NA,NA,0,NA,NA,NA,NA,NA,0,0,0,0,0,0,0,0,0,0
M16 [Stock Position (During the month)],16.3.03,Stock Position of MVA Syringes,2. Stocks Received,0,0,NA,NA,NA,NA,0,0,NA,NA,NA,NA,0,NA,NA,NA,NA,NA,0,0,0,0,NA,0,0,0,0,NA
M16 [Stock Position (During the month)],16.3.03,Stock Position of MVA Syringes,3. Unusable Stock,0,0,NA,NA,NA,NA,0,0,NA,NA,NA,NA,NA,NA,NA,NA,NA,NA,0,0,0,0,NA,NA,0,0,0,NA
M16 [Stock Position (During the month)],16.3.03,Stock Position of MVA Syringes,4. Stock Distributed,0,0,NA,NA,NA,NA,0,0,NA,NA,NA,NA,0,NA,NA,NA,NA,NA,0,0,0,0,NA,0,0,0,0,NA
M16 [Stock Position (During the month)],16.3.03,Stock Position of MVA Syringes,5. Total Stock,0,0,0,0,0,0,0,0,0,0,0,0,0,0,0,0,0,0,0,0,0,0,0,0,0,0,0,0
M16 [Stock Position (During the month)],16.3.04,Stock Position of Fluconazole Tablets,1. Balance From Previous Month,317705,0,NA,NA,66200,0,1500,0,NA,NA,NA,NA,0,2475,NA,NA,NA,NA,5800,0,0,0,14000,0,2130,189500,9600,26500
M16 [Stock Position (During the month)],16.3.04,Stock Position of Fluconazole Tablets,2. Stocks Received,105000,8000,NA,NA,30000,8000,0,0,NA,NA,NA,NA,10500,30000,NA,NA,NA,NA,0,0,0,0,NA,0,0,18500,0,0
M16 [Stock Position (During the month)],16.3.04,Stock Position of Fluconazole Tablets,3. Unusable Stock,0,0,NA,NA,0,NA,0,0,NA,NA,NA,NA,NA,NA,NA,NA,NA,NA,0,0,0,0,NA,NA,0,0,0,0
M16 [Stock Position (During the month)],16.3.04,Stock Position of Fluconazole Tablets,4. Stock Distributed,44750,0,NA,NA,6120,NA,0,0,NA,NA,NA,NA,4000,1800,NA,NA,NA,NA,3400,0,0,0,NA,0,2130,26300,0,1000
M16 [Stock Position (During the month)],16.3.04,Stock Position of Fluconazole Tablets,5. Total Stock,377955,8000,0,0,90080,8000,1500,0,0,0,0,0,6500,30675,0,0,0,0,2400,0,0,0,14000,0,0,181700,9600,25500
M16 [Stock Position (During the month)],16.3.05,Stock Position of Blood Transfusion Sets,1. Balance From Previous Month,850,0,NA,NA,600,NA,NA,0,NA,NA,NA,NA,0,100,NA,NA,NA,NA,0,0,0,0,150,0,0,0,0,0
M16 [Stock Position (During the month)],16.3.05,Stock Position of Blood Transfusion Sets,2. Stocks Received,0,0,NA,NA,0,NA,NA,0,NA,NA,NA,NA,0,NA,NA,NA,NA,NA,0,0,0,0,NA,0,0,0,0,NA
M16 [Stock Position (During the month)],16.3.05,Stock Position of Blood Transfusion Sets,3. Unusable Stock,0,0,NA,NA,0,NA,NA,0,NA,NA,NA,NA,NA,NA,NA,NA,NA,NA,0,0,0,0,NA,NA,0,0,0,NA
M16 [Stock Position (During the month)],16.3.05,Stock Position of Blood Transfusion Sets,4. Stock Distributed,0,0,NA,NA,0,NA,NA,0,NA,NA,NA,NA,0,NA,NA,NA,NA,NA,0,0,0,0,NA,0,0,0,0,NA
M16 [Stock Position (During the month)],16.3.05,Stock Position of Blood Transfusion Sets,5. Total Stock,850,0,0,0,600,0,0,0,0,0,0,0,0,100,0,0,0,0,0,0,0,0,150,0,0,0,0,0
M16 [Stock Position (During the month)],16.3.06,Stock Position of Gluteraldehyde solution of 2% concentration,1. Balance From Previous Month,0,0,NA,NA,NA,NA,NA,0,NA,NA,NA,NA,0,NA,NA,NA,NA,NA,0,0,0,0,0,0,0,0,0,0
M16 [Stock Position (During the month)],16.3.06,Stock Position of Gluteraldehyde solution of 2% concentration,2. Stocks Received,0,0,NA,NA,NA,NA,NA,0,NA,NA,NA,NA,0,NA,NA,NA,NA,NA,0,0,0,0,NA,0,0,0,0,NA
M16 [Stock Position (During the month)],16.3.06,Stock Position of Gluteraldehyde solution of 2% concentration,3. Unusable Stock,0,0,NA,NA,NA,NA,NA,0,NA,NA,NA,NA,NA,NA,NA,NA,NA,NA,0,0,0,0,NA,NA,0,0,0,NA
M16 [Stock Position (During the month)],16.3.06,Stock Position of Gluteraldehyde solution of 2% concentration,4. Stock Distributed,0,0,NA,NA,NA,NA,NA,0,NA,NA,NA,NA,0,NA,NA,NA,NA,NA,0,0,0,0,NA,0,0,0,0,NA
M16 [Stock Position (During the month)],16.3.06,Stock Position of Gluteraldehyde solution of 2% concentration,5. Total Stock,0,0,0,0,0,0,0,0,0,0,0,0,0,0,0,0,0,0,0,0,0,0,0,0,0,0,0,0
M16 [Stock Position (During the month)],16.3.07,Stock Position of IFA Tablets,1. Balance From Previous Month,25487357,45000,NA,NA,84300,6000,3856000,1108000,NA,NA,NA,NA,0,722650,NA,NA,NA,NA,1153000,0,0,0,9247215,85500,3802542,2305500,2549650,522000
M16 [Stock Position (During the month)],16.3.07,Stock Position of IFA Tablets,2. Stocks Received,0,0,NA,NA,0,NA,0,0,NA,NA,NA,NA,0,NA,NA,NA,NA,NA,0,0,0,0,NA,0,0,0,0,0
M16 [Stock Position (During the month)],16.3.07,Stock Position of IFA Tablets,3. Unusable Stock,0,0,NA,NA,0,NA,0,0,NA,NA,NA,NA,NA,NA,NA,NA,NA,NA,0,0,0,0,NA,NA,0,0,0,0
M16 [Stock Position (During the month)],16.3.07,Stock Position of IFA Tablets,4. Stock Distributed,1772750,0,NA,NA,78000,6000,39100,87000,NA,NA,NA,NA,0,96000,NA,NA,NA,NA,440000,0,0,0,NA,15000,445000,566650,0,0
M16 [Stock Position (During the month)],16.3.07,Stock Position of IFA Tablets,5. Total Stock,23714607,45000,0,0,6300,0,3816900,1021000,0,0,0,0,0,626650,0,0,0,0,713000,0,0,0,9247215,70500,3357542,1738850,2549650,522000
M16 [Stock Position (During the month)],16.3.08,Stock Position of IFA Syrup (Paediatric),1. Balance From Previous Month,407127,0,NA,NA,31872,NA,22100,12610,NA,NA,NA,NA,0,135546,NA,NA,NA,NA,0,0,0,0,29800,14451,136905,2205,10194,11444
M16 [Stock Position (During the month)],16.3.08,Stock Position of IFA Syrup (Paediatric),2. Stocks Received,0,0,NA,NA,0,NA,0,0,NA,NA,NA,NA,0,NA,NA,NA,NA,NA,0,0,0,0,NA,0,0,0,0,0
M16 [Stock Position (During the month)],16.3.08,Stock Position of IFA Syrup (Paediatric),3. Unusable Stock,0,0,NA,NA,0,NA,0,0,NA,NA,NA,NA,NA,NA,NA,NA,NA,NA,0,0,0,0,NA,NA,0,0,0,0
M16 [Stock Position (During the month)],16.3.08,Stock Position of IFA Syrup (Paediatric),4. Stock Distributed,37350,0,NA,NA,15000,NA,0,3450,NA,NA,NA,NA,0,800,NA,NA,NA,NA,0,0,0,0,NA,3000,13000,2100,0,0
M16 [Stock Position (During the month)],16.3.08,Stock Position of IFA Syrup (Paediatric),5. Total Stock,369777,0,0,0,16872,0,22100,9160,0,0,0,0,0,134746,0,0,0,0,0,0,0,0,29800,11451,123905,105,10194,11444
M16 [Stock Position (During the month)],16.3.09,Stock Position of Paediatrics Antibiotics (Cotrimaxozole and Injectable Gentamicin),1. Balance From Previous Month,38610,2000,NA,NA,3200,NA,1100,0,NA,NA,NA,NA,0,NA,NA,NA,NA,NA,900,0,0,0,1000,0,10,30400,0,NA
M16 [Stock Position (During the month)],16.3.09,Stock Position of Paediatrics Antibiotics (Cotrimaxozole and Injectable Gentamicin),2. Stocks Received,1000,0,NA,NA,0,NA,0,0,NA,NA,NA,NA,0,NA,NA,NA,NA,NA,0,0,0,0,NA,0,0,1000,0,NA
M16 [Stock Position (During the month)],16.3.09,Stock Position of Paediatrics Antibiotics (Cotrimaxozole and Injectable Gentamicin),3. Unusable Stock,0,0,NA,NA,0,NA,0,0,NA,NA,NA,NA,NA,NA,NA,NA,NA,NA,0,0,0,0,NA,NA,0,0,0,NA
M16 [Stock Position (During the month)],16.3.09,Stock Position of Paediatrics Antibiotics (Cotrimaxozole and Injectable Gentamicin),4. Stock Distributed,7730,2000,NA,NA,10,NA,0,0,NA,NA,NA,NA,0,NA,NA,NA,NA,NA,0,0,0,0,NA,0,10,5710,0,NA
M16 [Stock Position (During the month)],16.3.09,Stock Position of Paediatrics Antibiotics (Cotrimaxozole and Injectable Gentamicin),5. Total Stock,31880,0,0,0,3190,0,1100,0,0,0,0,0,0,0,0,0,0,0,900,0,0,0,1000,0,0,25690,0,0
M16 [Stock Position (During the month)],16.3.10,Stock Position of Vitamin A solution,1. Balance From Previous Month,9925,100,NA,NA,NA,NA,1065,313,NA,NA,NA,NA,0,46,NA,NA,NA,NA,0,0,0,0,3000,1363,350,3031,0,657
M16 [Stock Position (During the month)],16.3.10,Stock Position of Vitamin A solution,2. Stocks Received,0,0,NA,NA,NA,NA,0,0,NA,NA,NA,NA,0,NA,NA,NA,NA,NA,0,0,0,0,NA,0,0,0,0,0
M16 [Stock Position (During the month)],16.3.10,Stock Position of Vitamin A solution,3. Unusable Stock,0,0,NA,NA,NA,NA,0,0,NA,NA,NA,NA,NA,NA,NA,NA,NA,NA,0,0,0,0,NA,NA,0,0,0,0
M16 [Stock Position (During the month)],16.3.10,Stock Position of Vitamin A solution,4. Stock Distributed,638,0,NA,NA,NA,NA,0,0,NA,NA,NA,NA,0,NA,NA,NA,NA,NA,0,0,0,0,NA,0,238,400,0,0
M16 [Stock Position (During the month)],16.3.10,Stock Position of Vitamin A solution,5. Total Stock,9287,100,0,0,0,0,1065,313,0,0,0,0,0,46,0,0,0,0,0,0,0,0,3000,1363,112,2631,0,657
M16 [Stock Position (During the month)],16.3.11,Stock of ORS (New WHO formulation),1. Balance From Previous Month,2243717,11800,NA,NA,183535,NA,108700,0,NA,NA,NA,NA,930,23150,NA,NA,NA,NA,4200,0,0,0,1404800,36410,160942,26350,228400,54500
M16 [Stock Position (During the month)],16.3.11,Stock of ORS (New WHO formulation),2. Stocks Received,75000,0,NA,NA,0,NA,0,0,NA,NA,NA,NA,0,NA,NA,NA,NA,NA,0,0,0,0,NA,0,0,75000,0,0
M16 [Stock Position (During the month)],16.3.11,Stock of ORS (New WHO formulation),3. Unusable Stock,0,0,NA,NA,0,NA,0,0,NA,NA,NA,NA,NA,NA,NA,NA,NA,NA,0,0,0,0,NA,NA,0,0,0,0
M16 [Stock Position (During the month)],16.3.11,Stock of ORS (New WHO formulation),4. Stock Distributed,190807,3000,NA,NA,33675,NA,25200,0,NA,NA,NA,NA,930,23150,NA,NA,NA,NA,1800,0,0,0,NA,36410,42042,24600,0,0
M16 [Stock Position (During the month)],16.3.11,Stock of ORS (New WHO formulation),5. Total Stock,2127910,8800,0,0,149860,0,83500,0,0,0,0,0,0,0,0,0,0,0,2400,0,0,0,1404800,0,118900,76750,228400,54500
M16 [Stock Position (During the month)],16.4.1,Stock Position of 0.1 ml Syringes(AD),1. Balance From Previous Month,91783,6027,6465,3614,700,2536,3400,2500,1300,237,NA,200,5270,0,NA,6790,4570,4400,3130,7080,3000,867,10700,7600,5260,4337,0,1800
M16 [Stock Position (During the month)],16.4.1,Stock Position of 0.1 ml Syringes(AD),2. Stocks Received,22800,0,0,NA,6000,0,0,0,0,0,NA,NA,0,6000,NA,0,3000,0,0,0,0,3000,NA,0,0,3600,0,1200
M16 [Stock Position (During the month)],16.4.1,Stock Position of 0.1 ml Syringes(AD),3. Unusable Stock,0,0,NA,NA,0,NA,0,0,NA,0,NA,NA,NA,0,NA,0,NA,NA,0,0,0,0,NA,NA,0,0,0,0
M16 [Stock Position (During the month)],16.4.1,Stock Position of 0.1 ml Syringes(AD),4. Stock Distributed,63508,4027,6400,1493,6700,1800,2420,1600,1300,150,NA,200,4220,2800,NA,4150,900,1990,3000,3100,0,2600,5200,0,2770,4988,0,1700
M16 [Stock Position (During the month)],16.4.1,Stock Position of 0.1 ml Syringes(AD),5. Total Stock,51075,2000,65,2121,0,736,980,900,0,87,0,0,1050,3200,0,2640,6670,2410,130,3980,3000,1267,5500,7600,2490,2949,0,1300
M16 [Stock Position (During the month)],16.4.2,Stock Position of 0.5 ml Syringes(AD),1. Balance From Previous Month,2486294,15000,294800,89410,52400,73375,132600,62600,105000,4350,NA,174200,84400,36000,NA,23690,39400,155500,23400,72885,2000,97620,98500,91539,142165,356000,68860,190600
M16 [Stock Position (During the month)],16.4.2,Stock Position of 0.5 ml Syringes(AD),2. Stocks Received,105200,0,0,NA,25200,0,0,0,0,50000,NA,NA,0,0,NA,0,30000,0,0,0,0,0,NA,0,0,0,0,0
M16 [Stock Position (During the month)],16.4.2,Stock Position of 0.5 ml Syringes(AD),3. Unusable Stock,0,0,NA,NA,0,NA,0,0,NA,0,NA,NA,NA,0,NA,0,NA,NA,0,0,0,0,NA,NA,0,0,0,NA
M16 [Stock Position (During the month)],16.4.2,Stock Position of 0.5 ml Syringes(AD),4. Stock Distributed,362105,5000,20000,11995,27300,12000,9600,18000,22000,42200,NA,16800,20600,20000,NA,9600,8400,30000,16400,4650,0,6800,22000,0,7860,10900,10000,10000
M16 [Stock Position (During the month)],16.4.2,Stock Position of 0.5 ml Syringes(AD),5. Total Stock,2229389,10000,274800,77415,50300,61375,123000,44600,83000,12150,0,157400,63800,16000,0,14090,61000,125500,7000,68235,2000,90820,76500,91539,134305,345100,58860,180600
M16 [Stock Position (During the month)],16.4.3,Stock Position of 5.0 ml Syringes(Disposable),1. Balance From Previous Month,364230,6116,7100,1052,0,4325,2700,3500,18800,6200,NA,4270,6550,13600,NA,8760,6130,11130,29700,6700,3000,3300,15910,3400,168842,5385,24360,3400
M16 [Stock Position (During the month)],16.4.3,Stock Position of 5.0 ml Syringes(Disposable),2. Stocks Received,27500,7000,0,NA,4000,0,0,0,0,0,NA,NA,0,2000,NA,0,4000,0,0,0,0,0,NA,0,4000,4500,0,2000
M16 [Stock Position (During the month)],16.4.3,Stock Position of 5.0 ml Syringes(Disposable),3. Unusable Stock,0,0,NA,NA,0,NA,0,0,NA,0,NA,NA,NA,0,NA,0,NA,NA,0,0,0,0,NA,NA,0,0,0,NA
M16 [Stock Position (During the month)],16.4.3,Stock Position of 5.0 ml Syringes(Disposable),4. Stock Distributed,118156,616,4100,1004,3300,4300,1500,2000,16800,4500,NA,2200,1700,1200,NA,1100,700,2800,11200,1100,0,1700,1700,0,43406,3430,6100,1700
M16 [Stock Position (During the month)],16.4.3,Stock Position of 5.0 ml Syringes(Disposable),5. Total Stock,273574,12500,3000,48,700,25,1200,1500,2000,1700,0,2070,4850,14400,0,7660,9430,8330,18500,5600,3000,1600,14210,3400,129436,6455,18260,3700
M17 [Details of deaths reported during the month with probable causes:],17.1,Number of cases of Infant deaths within 24 hrs of birth,TOTAL,26,NA,3,1,1,NA,NA,NA,1,1,1,2,NA,1,NA,NA,NA,4,NA,NA,6,NA,1,2,NA,1,NA,1
M17 [Details of deaths reported during the month with probable causes:],17.2.1,Number of cases of Infant deaths 24 hours to 4 weeks of birth with the probable cause being Sepsis,1. Up to 1 Weeks of Birth,22,NA,NA,1,1,NA,NA,1,NA,2,NA,NA,NA,1,NA,15,NA,NA,NA,NA,1,NA,NA,NA,NA,NA,NA,NA
M17 [Details of deaths reported during the month with probable causes:],17.2.1,Number of cases of Infant deaths 24 hours to 4 weeks of birth with the probable cause being Sepsis,2. Between 1 week & 4 weeks of birth,6,NA,NA,NA,NA,NA,NA,NA,NA,NA,NA,NA,NA,NA,NA,6,NA,NA,NA,NA,NA,NA,NA,NA,NA,NA,NA,NA
M17 [Details of deaths reported during the month with probable causes:],17.2.1,Number of cases of Infant deaths 24 hours to 4 weeks of birth with the probable cause being Sepsis,3. Total,28,NA,NA,1,1,NA,NA,1,NA,2,NA,NA,NA,1,NA,21,NA,NA,NA,NA,1,NA,NA,NA,NA,NA,NA,NA
M17 [Details of deaths reported during the month with probable causes:],17.2.2,Number of cases of Infant deaths 24 hours to 4 weeks of birth with the probable cause being Asphyxia,1. Up to 1 Weeks of Birth,78,1,1,9,1,NA,NA,4,2,NA,NA,3,NA,13,NA,24,1,NA,NA,NA,11,2,NA,4,NA,NA,NA,2
M17 [Details of deaths reported during the month with probable causes:],17.2.2,Number of cases of Infant deaths 24 hours to 4 weeks of birth with the probable cause being Asphyxia,2. Between 1 week & 4 weeks of birth,4,1,NA,NA,NA,NA,NA,NA,NA,NA,NA,NA,NA,NA,NA,3,NA,NA,NA,NA,NA,NA,NA,NA,NA,NA,NA,NA
M17 [Details of deaths reported during the month with probable causes:],17.2.2,Number of cases of Infant deaths 24 hours to 4 weeks of birth with the probable cause being Asphyxia,3. Total,82,2,1,9,1,NA,NA,4,2,NA,NA,3,NA,13,NA,27,1,NA,NA,NA,11,2,NA,4,NA,NA,NA,2
M17 [Details of deaths reported during the month with probable causes:],17.2.3,Number of cases of Infant deaths 24 hours to 4 weeks of birth with the probable cause being LBW,1. Up to 1 Weeks of Birth,65,4,3,3,8,2,NA,2,2,3,1,2,3,8,NA,NA,5,2,5,NA,2,1,2,2,3,NA,NA,2
M17 [Details of deaths reported during the month with probable causes:],17.2.3,Number of cases of Infant deaths 24 hours to 4 weeks of birth with the probable cause being LBW,2. Between 1 week & 4 weeks of birth,1,NA,NA,NA,NA,NA,NA,NA,NA,NA,NA,NA,NA,NA,NA,NA,NA,NA,NA,NA,NA,NA,NA,NA,NA,1,NA,NA
M17 [Details of deaths reported during the month with probable causes:],17.2.3,Number of cases of Infant deaths 24 hours to 4 weeks of birth with the probable cause being LBW,3. Total,66,4,3,3,8,2,NA,2,2,3,1,2,3,8,NA,NA,5,2,5,NA,2,1,2,2,3,1,NA,2
M17 [Details of deaths reported during the month with probable causes:],17.2.4,"Number of cases of Infant deaths 24 hours to 4 weeks of birth with the probable cause being other than Sepsis, Asphyxia and LBW",1. Up to 1 Weeks of Birth,111,2,NA,23,6,2,NA,6,2,NA,NA,3,1,7,NA,13,2,4,6,1,5,4,4,4,2,9,1,4
M17 [Details of deaths reported during the month with probable causes:],17.2.4,"Number of cases of Infant deaths 24 hours to 4 weeks of birth with the probable cause being other than Sepsis, Asphyxia and LBW",2. Between 1 week & 4 weeks of birth,3,NA,NA,NA,NA,NA,NA,NA,NA,NA,NA,NA,NA,NA,NA,1,NA,1,NA,NA,NA,NA,NA,NA,NA,NA,NA,1
M17 [Details of deaths reported during the month with probable causes:],17.2.4,"Number of cases of Infant deaths 24 hours to 4 weeks of birth with the probable cause being other than Sepsis, Asphyxia and LBW",3. Total,114,2,NA,23,6,2,NA,6,2,NA,NA,3,1,7,NA,14,2,5,6,1,5,4,4,4,2,9,1,5
M17 [Details of deaths reported during the month with probable causes:],17.3.1,Number of cases of Infant or Child deaths between 1 month to 5 years of age with the probable cause being Pneumonia,1. Between 1 month and 11 months,22,NA,1,1,NA,NA,NA,NA,1,NA,1,3,NA,NA,NA,7,NA,1,NA,NA,NA,NA,3,NA,NA,NA,NA,4
M17 [Details of deaths reported during the month with probable causes:],17.3.1,Number of cases of Infant or Child deaths between 1 month to 5 years of age with the probable cause being Pneumonia,2. Between 1 year & 5 years,3,NA,NA,NA,NA,NA,NA,NA,NA,NA,NA,NA,NA,NA,NA,NA,NA,NA,NA,NA,2,1,NA,NA,NA,NA,NA,NA
M17 [Details of deaths reported during the month with probable causes:],17.3.1,Number of cases of Infant or Child deaths between 1 month to 5 years of age with the probable cause being Pneumonia,3. Total,25,NA,1,1,NA,NA,NA,NA,1,NA,1,3,NA,NA,NA,7,NA,1,NA,NA,2,1,3,NA,NA,NA,NA,4
M17 [Details of deaths reported during the month with probable causes:],17.3.2,Number of cases of Infant or Child deaths between 1 month to 5 years of age with the probable cause being Diarrhoea,1. Between 1 month and 11 months,NA,NA,NA,NA,NA,NA,NA,NA,NA,NA,NA,NA,NA,NA,NA,NA,NA,NA,NA,NA,NA,NA,NA,NA,NA,NA,NA,NA
M17 [Details of deaths reported during the month with probable causes:],17.3.2,Number of cases of Infant or Child deaths between 1 month to 5 years of age with the probable cause being Diarrhoea,2. Between 1 year & 5 years,2,NA,NA,NA,NA,NA,NA,NA,NA,NA,NA,NA,NA,NA,NA,NA,NA,1,NA,NA,NA,NA,NA,NA,NA,NA,NA,1
M17 [Details of deaths reported during the month with probable causes:],17.3.2,Number of cases of Infant or Child deaths between 1 month to 5 years of age with the probable cause being Diarrhoea,3. Total,2,NA,NA,NA,NA,NA,NA,NA,NA,NA,NA,NA,NA,NA,NA,NA,NA,1,NA,NA,NA,NA,NA,NA,NA,NA,NA,1
M17 [Details of deaths reported during the month with probable causes:],17.3.3,Number of cases of Infant or Child deaths between 1 month to 5 years of age with the probable cause being Fever related,1. Between 1 month and 11 months,7,1,NA,NA,2,NA,NA,NA,1,NA,NA,NA,NA,NA,NA,NA,NA,NA,NA,NA,NA,NA,NA,NA,NA,1,NA,2
M17 [Details of deaths reported during the month with probable causes:],17.3.3,Number of cases of Infant or Child deaths between 1 month to 5 years of age with the probable cause being Fever related,2. Between 1 year & 5 years,3,NA,NA,1,NA,NA,NA,NA,NA,NA,NA,NA,NA,NA,NA,NA,NA,NA,NA,NA,NA,NA,1,NA,NA,NA,NA,1
M17 [Details of deaths reported during the month with probable causes:],17.3.3,Number of cases of Infant or Child deaths between 1 month to 5 years of age with the probable cause being Fever related,3. Total,10,1,NA,1,2,NA,NA,NA,1,NA,NA,NA,NA,NA,NA,NA,NA,NA,NA,NA,NA,NA,1,NA,NA,1,NA,3
M17 [Details of deaths reported during the month with probable causes:],17.3.4,Number of cases of Infant or Child deaths between 1 month to 5 years of age with the probable cause being Measles,1. Between 1 month and 11 months,NA,NA,NA,NA,NA,NA,NA,NA,NA,NA,NA,NA,NA,NA,NA,NA,NA,NA,NA,NA,NA,NA,NA,NA,NA,NA,NA,NA
M17 [Details of deaths reported during the month with probable causes:],17.3.4,Number of cases of Infant or Child deaths between 1 month to 5 years of age with the probable cause being Measles,2. Between 1 year & 5 years,1,NA,NA,NA,NA,NA,NA,NA,NA,NA,NA,NA,NA,NA,NA,NA,NA,NA,NA,NA,NA,NA,NA,NA,NA,NA,1,NA
M17 [Details of deaths reported during the month with probable causes:],17.3.4,Number of cases of Infant or Child deaths between 1 month to 5 years of age with the probable cause being Measles,3. Total,1,NA,NA,NA,NA,NA,NA,NA,NA,NA,NA,NA,NA,NA,NA,NA,NA,NA,NA,NA,NA,NA,NA,NA,NA,NA,1,NA
M17 [Details of deaths reported during the month with probable causes:],17.3.5,"Number of cases of Infant or Child deaths between 1 month to 5 years of age with the probable cause being other than Pneumonia, Diarrhoea, Fever related and Measles",1. Between 1 month and 11 months,65,4,3,4,4,2,1,4,2,1,NA,5,1,7,NA,9,1,2,1,NA,NA,5,NA,2,1,3,1,2
M17 [Details of deaths reported during the month with probable causes:],17.3.5,"Number of cases of Infant or Child deaths between 1 month to 5 years of age with the probable cause being other than Pneumonia, Diarrhoea, Fever related and Measles",2. Between 1 year & 5 years,52,4,2,8,2,NA,NA,1,NA,NA,NA,4,NA,3,NA,13,1,NA,1,NA,NA,1,6,NA,2,NA,2,2
M17 [Details of deaths reported during the month with probable causes:],17.3.5,"Number of cases of Infant or Child deaths between 1 month to 5 years of age with the probable cause being other than Pneumonia, Diarrhoea, Fever related and Measles",3. Total,117,8,5,12,6,2,1,5,2,1,NA,9,1,10,NA,22,2,2,2,NA,NA,6,6,2,3,3,3,4
M17 [Details of deaths reported during the month with probable causes:],17.4.1,Number of cases of Adolescent or Adult deaths (age 6 years & above) with the probable cause being Diarrhoeal diseases,1. 6-14 yrs,NA,NA,NA,NA,NA,NA,NA,NA,NA,NA,NA,NA,NA,NA,NA,NA,NA,NA,NA,NA,NA,NA,NA,NA,NA,NA,NA,NA
M17 [Details of deaths reported during the month with probable causes:],17.4.1,Number of cases of Adolescent or Adult deaths (age 6 years & above) with the probable cause being Diarrhoeal diseases,2. 15-55 yrs.,1,NA,NA,NA,NA,NA,1,NA,NA,NA,NA,NA,NA,NA,NA,NA,NA,NA,NA,NA,NA,NA,NA,NA,NA,NA,NA,NA
M17 [Details of deaths reported during the month with probable causes:],17.4.1,Number of cases of Adolescent or Adult deaths (age 6 years & above) with the probable cause being Diarrhoeal diseases,3. Above 55 yrs.,NA,NA,NA,NA,NA,NA,NA,NA,NA,NA,NA,NA,NA,NA,NA,NA,NA,NA,NA,NA,NA,NA,NA,NA,NA,NA,NA,NA
M17 [Details of deaths reported during the month with probable causes:],17.4.1,Number of cases of Adolescent or Adult deaths (age 6 years & above) with the probable cause being Diarrhoeal diseases,4. Total,1,NA,NA,NA,NA,NA,1,NA,NA,NA,NA,NA,NA,NA,NA,NA,NA,NA,NA,NA,NA,NA,NA,NA,NA,NA,NA,NA
M17 [Details of deaths reported during the month with probable causes:],17.4.2,Number of cases of Adolescent or Adult deaths (age 6 years & above) with the probable cause being Tuberculosis,1. 6-14 yrs,2,NA,NA,NA,NA,NA,NA,NA,NA,NA,NA,NA,NA,NA,NA,NA,NA,NA,NA,NA,NA,NA,1,NA,NA,1,NA,NA
M17 [Details of deaths reported during the month with probable causes:],17.4.2,Number of cases of Adolescent or Adult deaths (age 6 years & above) with the probable cause being Tuberculosis,2. 15-55 yrs.,30,1,1,NA,NA,NA,NA,1,NA,10,NA,NA,4,1,NA,NA,NA,2,NA,NA,2,NA,1,1,NA,1,3,2
M17 [Details of deaths reported during the month with probable causes:],17.4.2,Number of cases of Adolescent or Adult deaths (age 6 years & above) with the probable cause being Tuberculosis,3. Above 55 yrs.,12,NA,NA,1,NA,NA,NA,NA,NA,NA,NA,NA,NA,NA,NA,NA,1,NA,NA,1,1,1,2,NA,NA,1,1,3
M17 [Details of deaths reported during the month with probable causes:],17.4.2,Number of cases of Adolescent or Adult deaths (age 6 years & above) with the probable cause being Tuberculosis,4. Total,44,1,1,1,NA,NA,NA,1,NA,10,NA,NA,4,1,NA,NA,1,2,NA,1,3,1,4,1,NA,3,4,5
M17 [Details of deaths reported during the month with probable causes:],17.4.3,Number of cases of Adolescent or Adult deaths (age 6 years & above) with the probable cause being Respiratory diseases including infections,1. 6-14 yrs,1,NA,NA,NA,NA,NA,NA,NA,NA,NA,NA,NA,NA,NA,NA,NA,NA,NA,NA,NA,NA,1,NA,NA,NA,NA,NA,NA
M17 [Details of deaths reported during the month with probable causes:],17.4.3,Number of cases of Adolescent or Adult deaths (age 6 years & above) with the probable cause being Respiratory diseases including infections,2. 15-55 yrs.,28,NA,5,1,NA,NA,NA,1,1,NA,1,NA,3,2,1,NA,NA,NA,NA,NA,1,NA,NA,4,1,1,3,3
M17 [Details of deaths reported during the month with probable causes:],17.4.3,Number of cases of Adolescent or Adult deaths (age 6 years & above) with the probable cause being Respiratory diseases including infections,3. Above 55 yrs.,15,1,1,NA,NA,NA,NA,1,NA,NA,NA,NA,NA,NA,NA,NA,NA,NA,NA,1,1,NA,NA,5,NA,NA,3,2
M17 [Details of deaths reported during the month with probable causes:],17.4.3,Number of cases of Adolescent or Adult deaths (age 6 years & above) with the probable cause being Respiratory diseases including infections,4. Total,44,1,6,1,NA,NA,NA,2,1,NA,1,NA,3,2,1,NA,NA,NA,NA,1,2,1,NA,9,1,1,6,5
M17 [Details of deaths reported during the month with probable causes:],17.4.4,Number of cases of Adolescent or Adult deaths (age 6 years & above) with the probable cause being Malaria,1. 6-14 yrs,2,NA,NA,NA,NA,NA,NA,NA,NA,NA,2,NA,NA,NA,NA,NA,NA,NA,NA,NA,NA,NA,NA,NA,NA,NA,NA,NA
M17 [Details of deaths reported during the month with probable causes:],17.4.4,Number of cases of Adolescent or Adult deaths (age 6 years & above) with the probable cause being Malaria,2. 15-55 yrs.,1,NA,NA,NA,NA,NA,NA,NA,NA,NA,NA,NA,NA,NA,NA,NA,NA,NA,NA,NA,NA,NA,NA,NA,NA,NA,NA,1
M17 [Details of deaths reported during the month with probable causes:],17.4.4,Number of cases of Adolescent or Adult deaths (age 6 years & above) with the probable cause being Malaria,3. Above 55 yrs.,1,NA,NA,NA,NA,NA,NA,NA,NA,NA,NA,NA,NA,NA,NA,NA,NA,NA,NA,NA,NA,NA,NA,NA,NA,1,NA,NA
M17 [Details of deaths reported during the month with probable causes:],17.4.4,Number of cases of Adolescent or Adult deaths (age 6 years & above) with the probable cause being Malaria,4. Total,4,NA,NA,NA,NA,NA,NA,NA,NA,NA,2,NA,NA,NA,NA,NA,NA,NA,NA,NA,NA,NA,NA,NA,NA,1,NA,1
M17 [Details of deaths reported during the month with probable causes:],17.4.5,Number of cases of Adolescent or Adult deaths (age 6 years & above) with the probable cause being other Fever related,1. 6-14 yrs,4,NA,1,NA,NA,NA,NA,NA,1,NA,NA,NA,NA,NA,NA,NA,NA,NA,NA,NA,NA,NA,NA,NA,1,NA,1,NA
M17 [Details of deaths reported during the month with probable causes:],17.4.5,Number of cases of Adolescent or Adult deaths (age 6 years & above) with the probable cause being other Fever related,2. 15-55 yrs.,22,NA,2,3,2,NA,NA,NA,NA,NA,NA,2,NA,3,NA,NA,1,2,1,1,NA,1,1,NA,2,NA,1,NA
M17 [Details of deaths reported during the month with probable causes:],17.4.5,Number of cases of Adolescent or Adult deaths (age 6 years & above) with the probable cause being other Fever related,3. Above 55 yrs.,20,1,NA,1,NA,NA,NA,NA,1,NA,NA,4,NA,4,NA,NA,NA,1,NA,1,NA,3,1,NA,NA,2,NA,1
M17 [Details of deaths reported during the month with probable causes:],17.4.5,Number of cases of Adolescent or Adult deaths (age 6 years & above) with the probable cause being other Fever related,4. Total,46,1,3,4,2,NA,NA,NA,2,NA,NA,6,NA,7,NA,NA,1,3,1,2,NA,4,2,NA,3,2,2,1
M17 [Details of deaths reported during the month with probable causes:],17.4.6,Number of cases of Adolescent or Adult deaths (age 6 years & above) with the probable cause being HIV/AIDS,1. 6-14 yrs,NA,NA,NA,NA,NA,NA,NA,NA,NA,NA,NA,NA,NA,NA,NA,NA,NA,NA,NA,NA,NA,NA,NA,NA,NA,NA,NA,NA
M17 [Details of deaths reported during the month with probable causes:],17.4.6,Number of cases of Adolescent or Adult deaths (age 6 years & above) with the probable cause being HIV/AIDS,2. 15-55 yrs.,2,NA,NA,NA,NA,NA,NA,NA,1,NA,NA,NA,NA,NA,NA,NA,NA,NA,NA,NA,NA,NA,NA,NA,NA,NA,NA,1
M17 [Details of deaths reported during the month with probable causes:],17.4.6,Number of cases of Adolescent or Adult deaths (age 6 years & above) with the probable cause being HIV/AIDS,3. Above 55 yrs.,NA,NA,NA,NA,NA,NA,NA,NA,NA,NA,NA,NA,NA,NA,NA,NA,NA,NA,NA,NA,NA,NA,NA,NA,NA,NA,NA,NA
M17 [Details of deaths reported during the month with probable causes:],17.4.6,Number of cases of Adolescent or Adult deaths (age 6 years & above) with the probable cause being HIV/AIDS,4. Total,2,NA,NA,NA,NA,NA,NA,NA,1,NA,NA,NA,NA,NA,NA,NA,NA,NA,NA,NA,NA,NA,NA,NA,NA,NA,NA,1
M17 [Details of deaths reported during the month with probable causes:],17.4.7,Number of cases of Adolescent or Adult deaths (age 6 years & above) with the probable cause being Heart disease or related to Hypertension,1. 6-14 yrs,1,NA,NA,NA,NA,NA,NA,NA,NA,NA,NA,NA,NA,1,NA,NA,NA,NA,NA,NA,NA,NA,NA,NA,NA,NA,NA,NA
M17 [Details of deaths reported during the month with probable causes:],17.4.7,Number of cases of Adolescent or Adult deaths (age 6 years & above) with the probable cause being Heart disease or related to Hypertension,2. 15-55 yrs.,96,4,8,3,1,NA,1,1,4,1,1,9,7,1,2,NA,6,4,1,1,NA,5,6,NA,1,8,11,10
M17 [Details of deaths reported during the month with probable causes:],17.4.7,Number of cases of Adolescent or Adult deaths (age 6 years & above) with the probable cause being Heart disease or related to Hypertension,3. Above 55 yrs.,142,6,7,1,2,NA,3,1,8,8,1,6,7,7,5,NA,9,NA,NA,4,1,3,8,1,4,15,18,17
M17 [Details of deaths reported during the month with probable causes:],17.4.7,Number of cases of Adolescent or Adult deaths (age 6 years & above) with the probable cause being Heart disease or related to Hypertension,4. Total,239,10,15,4,3,NA,4,2,12,9,2,15,14,9,7,NA,15,4,1,5,1,8,14,1,5,23,29,27
M17 [Details of deaths reported during the month with probable causes:],17.4.8,Number of cases of Adolescent or Adult deaths (age 6 years & above) with the probable cause being Neurological disease including strokes,1. 6-14 yrs,2,NA,NA,NA,NA,NA,1,NA,1,NA,NA,NA,NA,NA,NA,NA,NA,NA,NA,NA,NA,NA,NA,NA,NA,NA,NA,NA
M17 [Details of deaths reported during the month with probable causes:],17.4.8,Number of cases of Adolescent or Adult deaths (age 6 years & above) with the probable cause being Neurological disease including strokes,2. 15-55 yrs.,27,NA,1,NA,3,NA,NA,1,NA,NA,2,1,1,3,NA,NA,NA,NA,2,NA,1,NA,NA,2,2,5,NA,3
M17 [Details of deaths reported during the month with probable causes:],17.4.8,Number of cases of Adolescent or Adult deaths (age 6 years & above) with the probable cause being Neurological disease including strokes,3. Above 55 yrs.,25,NA,1,2,NA,NA,NA,NA,NA,4,2,NA,2,1,NA,NA,1,1,NA,1,2,2,NA,1,NA,2,1,2
M17 [Details of deaths reported during the month with probable causes:],17.4.8,Number of cases of Adolescent or Adult deaths (age 6 years & above) with the probable cause being Neurological disease including strokes,4. Total,54,NA,2,2,3,NA,1,1,1,4,4,1,3,4,NA,NA,1,1,2,1,3,2,NA,3,2,7,1,5
M17 [Details of deaths reported during the month with probable causes:],17.4.9(a),Number of cases of Maternal deaths (age 15-49 years) with the probable cause being Abortion,1. 6-14 yrs,NA,NA,NA,NA,NA,NA,NA,NA,NA,NA,NA,NA,NA,NA,NA,NA,NA,NA,NA,NA,NA,NA,NA,NA,NA,NA,NA,NA
M17 [Details of deaths reported during the month with probable causes:],17.4.9(a),Number of cases of Maternal deaths (age 15-49 years) with the probable cause being Abortion,2. 15-49 yrs,NA,NA,NA,NA,NA,NA,NA,NA,NA,NA,NA,NA,NA,NA,NA,NA,NA,NA,NA,NA,NA,NA,NA,NA,NA,NA,NA,NA
M17 [Details of deaths reported during the month with probable causes:],17.4.9(a),Number of cases of Maternal deaths (age 15-49 years) with the probable cause being Abortion,3. Above 49 yrs.,NA,NA,NA,NA,NA,NA,NA,NA,NA,NA,NA,NA,NA,NA,NA,NA,NA,NA,NA,NA,NA,NA,NA,NA,NA,NA,NA,NA
M17 [Details of deaths reported during the month with probable causes:],17.4.9(a),Number of cases of Maternal deaths (age 15-49 years) with the probable cause being Abortion,4. Total,NA,NA,NA,NA,NA,NA,NA,NA,NA,NA,NA,NA,NA,NA,NA,NA,NA,NA,NA,NA,NA,NA,NA,NA,NA,NA,NA,NA
M17 [Details of deaths reported during the month with probable causes:],17.4.9(b),Number of cases of Maternal deaths (age 15-49 years) with the probable cause being Obstructed or prolonged labour,1. 6-14 yrs,NA,NA,NA,NA,NA,NA,NA,NA,NA,NA,NA,NA,NA,NA,NA,NA,NA,NA,NA,NA,NA,NA,NA,NA,NA,NA,NA,NA
M17 [Details of deaths reported during the month with probable causes:],17.4.9(b),Number of cases of Maternal deaths (age 15-49 years) with the probable cause being Obstructed or prolonged labour,2. 15-49 yrs,NA,NA,NA,NA,NA,NA,NA,NA,NA,NA,NA,NA,NA,NA,NA,NA,NA,NA,NA,NA,NA,NA,NA,NA,NA,NA,NA,NA
M17 [Details of deaths reported during the month with probable causes:],17.4.9(b),Number of cases of Maternal deaths (age 15-49 years) with the probable cause being Obstructed or prolonged labour,3. Above 49 yrs.,NA,NA,NA,NA,NA,NA,NA,NA,NA,NA,NA,NA,NA,NA,NA,NA,NA,NA,NA,NA,NA,NA,NA,NA,NA,NA,NA,NA
M17 [Details of deaths reported during the month with probable causes:],17.4.9(b),Number of cases of Maternal deaths (age 15-49 years) with the probable cause being Obstructed or prolonged labour,4. Total,NA,NA,NA,NA,NA,NA,NA,NA,NA,NA,NA,NA,NA,NA,NA,NA,NA,NA,NA,NA,NA,NA,NA,NA,NA,NA,NA,NA
M17 [Details of deaths reported during the month with probable causes:],17.4.9(c),Number of cases of Maternal deaths (age 15-49 years) with the probable cause being Severe hypertesnion or fits,1. 6-14 yrs,NA,NA,NA,NA,NA,NA,NA,NA,NA,NA,NA,NA,NA,NA,NA,NA,NA,NA,NA,NA,NA,NA,NA,NA,NA,NA,NA,NA
M17 [Details of deaths reported during the month with probable causes:],17.4.9(c),Number of cases of Maternal deaths (age 15-49 years) with the probable cause being Severe hypertesnion or fits,2. 15-49 yrs,5,NA,NA,NA,NA,NA,NA,NA,2,1,NA,NA,NA,NA,NA,2,NA,NA,NA,NA,NA,NA,NA,NA,NA,NA,NA,NA
M17 [Details of deaths reported during the month with probable causes:],17.4.9(c),Number of cases of Maternal deaths (age 15-49 years) with the probable cause being Severe hypertesnion or fits,3. Above 49 yrs.,NA,NA,NA,NA,NA,NA,NA,NA,NA,NA,NA,NA,NA,NA,NA,NA,NA,NA,NA,NA,NA,NA,NA,NA,NA,NA,NA,NA
M17 [Details of deaths reported during the month with probable causes:],17.4.9(c),Number of cases of Maternal deaths (age 15-49 years) with the probable cause being Severe hypertesnion or fits,4. Total,5,NA,NA,NA,NA,NA,NA,NA,2,1,NA,NA,NA,NA,NA,2,NA,NA,NA,NA,NA,NA,NA,NA,NA,NA,NA,NA
M17 [Details of deaths reported during the month with probable causes:],17.4.9(d),Number of cases of Maternal deaths (age 15-49 years) with the probable cause being Bleeding,1. 6-14 yrs,NA,NA,NA,NA,NA,NA,NA,NA,NA,NA,NA,NA,NA,NA,NA,NA,NA,NA,NA,NA,NA,NA,NA,NA,NA,NA,NA,NA
M17 [Details of deaths reported during the month with probable causes:],17.4.9(d),Number of cases of Maternal deaths (age 15-49 years) with the probable cause being Bleeding,2. 15-49 yrs,8,NA,NA,NA,1,NA,NA,NA,1,NA,NA,NA,NA,NA,NA,NA,NA,NA,NA,1,NA,NA,NA,NA,NA,3,1,1
M17 [Details of deaths reported during the month with probable causes:],17.4.9(d),Number of cases of Maternal deaths (age 15-49 years) with the probable cause being Bleeding,3. Above 49 yrs.,NA,NA,NA,NA,NA,NA,NA,NA,NA,NA,NA,NA,NA,NA,NA,NA,NA,NA,NA,NA,NA,NA,NA,NA,NA,NA,NA,NA
M17 [Details of deaths reported during the month with probable causes:],17.4.9(d),Number of cases of Maternal deaths (age 15-49 years) with the probable cause being Bleeding,4. Total,8,NA,NA,NA,1,NA,NA,NA,1,NA,NA,NA,NA,NA,NA,NA,NA,NA,NA,1,NA,NA,NA,NA,NA,3,1,1
M17 [Details of deaths reported during the month with probable causes:],17.4.9(e),Number of cases of Maternal deaths (age 15-49 years) with the probable cause being High Fever,1. 6-14 yrs,NA,NA,NA,NA,NA,NA,NA,NA,NA,NA,NA,NA,NA,NA,NA,NA,NA,NA,NA,NA,NA,NA,NA,NA,NA,NA,NA,NA
M17 [Details of deaths reported during the month with probable causes:],17.4.9(e),Number of cases of Maternal deaths (age 15-49 years) with the probable cause being High Fever,2. 15-49 yrs,2,NA,NA,NA,NA,NA,NA,NA,NA,NA,NA,NA,NA,NA,2,NA,NA,NA,NA,NA,NA,NA,NA,NA,NA,NA,NA,NA
M17 [Details of deaths reported during the month with probable causes:],17.4.9(e),Number of cases of Maternal deaths (age 15-49 years) with the probable cause being High Fever,3. Above 49 yrs.,NA,NA,NA,NA,NA,NA,NA,NA,NA,NA,NA,NA,NA,NA,NA,NA,NA,NA,NA,NA,NA,NA,NA,NA,NA,NA,NA,NA
M17 [Details of deaths reported during the month with probable causes:],17.4.9(e),Number of cases of Maternal deaths (age 15-49 years) with the probable cause being High Fever,4. Total,2,NA,NA,NA,NA,NA,NA,NA,NA,NA,NA,NA,NA,NA,2,NA,NA,NA,NA,NA,NA,NA,NA,NA,NA,NA,NA,NA
M17 [Details of deaths reported during the month with probable causes:],17.4.9(f),Number of cases of Maternal deaths (age 15-49 years) with the probable cause being other causes (excluding abortion; obstructed or prolonged labour; severe hypertension or fits;,1. 6-14 yrs,NA,NA,NA,NA,NA,NA,NA,NA,NA,NA,NA,NA,NA,NA,NA,NA,NA,NA,NA,NA,NA,NA,NA,NA,NA,NA,NA,NA
M17 [Details of deaths reported during the month with probable causes:],17.4.9(f),Number of cases of Maternal deaths (age 15-49 years) with the probable cause being other causes (excluding abortion; obstructed or prolonged labour; severe hypertension or fits;,2. 15-49 yrs,39,NA,NA,1,NA,NA,NA,2,3,NA,NA,NA,1,3,1,15,NA,1,1,NA,1,NA,4,NA,2,3,1,NA
M17 [Details of deaths reported during the month with probable causes:],17.4.9(f),Number of cases of Maternal deaths (age 15-49 years) with the probable cause being other causes (excluding abortion; obstructed or prolonged labour; severe hypertension or fits;,3. Above 49 yrs.,NA,NA,NA,NA,NA,NA,NA,NA,NA,NA,NA,NA,NA,NA,NA,NA,NA,NA,NA,NA,NA,NA,NA,NA,NA,NA,NA,NA
M17 [Details of deaths reported during the month with probable causes:],17.4.9(f),Number of cases of Maternal deaths (age 15-49 years) with the probable cause being other causes (excluding abortion; obstructed or prolonged labour; severe hypertension or fits;,4. Total,39,NA,NA,1,NA,NA,NA,2,3,NA,NA,NA,1,3,1,15,NA,1,1,NA,1,NA,4,NA,2,3,1,NA
M17 [Details of deaths reported during the month with probable causes:],17.4.10,Number of cases of Adolescent or Adult deaths (age 6 years & above) with the probable cause being Trauma or Accidents or Burn cases,1. 6-14 yrs,20,NA,4,NA,NA,NA,NA,NA,1,NA,NA,7,NA,NA,NA,NA,1,1,NA,NA,1,1,1,NA,NA,1,1,1
M17 [Details of deaths reported during the month with probable causes:],17.4.10,Number of cases of Adolescent or Adult deaths (age 6 years & above) with the probable cause being Trauma or Accidents or Burn cases,2. 15-55 yrs.,78,1,6,2,NA,NA,3,4,4,3,1,9,5,NA,1,NA,6,5,1,2,1,7,5,1,NA,5,1,5
M17 [Details of deaths reported during the month with probable causes:],17.4.10,Number of cases of Adolescent or Adult deaths (age 6 years & above) with the probable cause being Trauma or Accidents or Burn cases,3. Above 55 yrs.,18,1,3,1,NA,NA,NA,2,NA,NA,NA,NA,1,2,1,NA,1,NA,NA,NA,NA,NA,NA,1,2,1,1,1
M17 [Details of deaths reported during the month with probable causes:],17.4.10,Number of cases of Adolescent or Adult deaths (age 6 years & above) with the probable cause being Trauma or Accidents or Burn cases,4. Total,116,2,13,3,NA,NA,3,6,5,3,1,16,6,2,2,NA,8,6,1,2,2,8,6,2,2,7,3,7
M17 [Details of deaths reported during the month with probable causes:],17.4.11,Number of cases of Adolescent or Adult deaths (age 6 years & above) with the probable cause being suicide,1. 6-14 yrs,2,NA,NA,NA,NA,NA,NA,NA,NA,NA,NA,NA,NA,NA,NA,NA,NA,NA,NA,NA,NA,NA,1,NA,NA,NA,NA,1
M17 [Details of deaths reported during the month with probable causes:],17.4.11,Number of cases of Adolescent or Adult deaths (age 6 years & above) with the probable cause being suicide,2. 15-55 yrs.,60,1,2,2,NA,NA,3,1,4,2,1,1,10,NA,6,NA,9,NA,NA,NA,1,3,5,NA,2,4,1,2
M17 [Details of deaths reported during the month with probable causes:],17.4.11,Number of cases of Adolescent or Adult deaths (age 6 years & above) with the probable cause being suicide,3. Above 55 yrs.,4,NA,1,NA,NA,NA,NA,NA,NA,NA,NA,NA,NA,NA,NA,NA,NA,NA,NA,NA,NA,NA,NA,NA,NA,1,NA,2
M17 [Details of deaths reported during the month with probable causes:],17.4.11,Number of cases of Adolescent or Adult deaths (age 6 years & above) with the probable cause being suicide,4. Total,66,1,3,2,NA,NA,3,1,4,2,1,1,10,NA,6,NA,9,NA,NA,NA,1,3,6,NA,2,5,1,5
M17 [Details of deaths reported during the month with probable causes:],17.4.12,Number of cases of Adolescent or Adult deaths (age 6 years & above) with the probable cause being Animal bites and stings,1. 6-14 yrs,3,NA,NA,NA,NA,NA,NA,1,NA,1,NA,NA,NA,NA,NA,NA,NA,NA,NA,NA,NA,NA,NA,NA,NA,NA,NA,1
M17 [Details of deaths reported during the month with probable causes:],17.4.12,Number of cases of Adolescent or Adult deaths (age 6 years & above) with the probable cause being Animal bites and stings,2. 15-55 yrs.,13,NA,1,NA,NA,NA,NA,NA,NA,NA,2,NA,NA,2,NA,NA,2,NA,NA,NA,NA,2,2,NA,NA,1,1,NA
M17 [Details of deaths reported during the month with probable causes:],17.4.12,Number of cases of Adolescent or Adult deaths (age 6 years & above) with the probable cause being Animal bites and stings,3. Above 55 yrs.,3,NA,NA,NA,NA,NA,NA,NA,NA,NA,NA,NA,NA,NA,NA,NA,NA,NA,NA,NA,NA,NA,2,NA,1,NA,NA,NA
M17 [Details of deaths reported during the month with probable causes:],17.4.12,Number of cases of Adolescent or Adult deaths (age 6 years & above) with the probable cause being Animal bites and stings,4. Total,19,NA,1,NA,NA,NA,NA,1,NA,1,2,NA,NA,2,NA,NA,2,NA,NA,NA,NA,2,4,NA,1,1,1,1
M17 [Details of deaths reported during the month with probable causes:],17.4.13(a),Number of cases of Adolescent or Adult deaths (age 6 years & above) with the probable cause being Known Acute disease,1. 6-14 yrs,1,NA,NA,NA,NA,NA,NA,NA,NA,NA,1,NA,NA,NA,NA,NA,NA,NA,NA,NA,NA,NA,NA,NA,NA,NA,NA,NA
M17 [Details of deaths reported during the month with probable causes:],17.4.13(a),Number of cases of Adolescent or Adult deaths (age 6 years & above) with the probable cause being Known Acute disease,2. 15-55 yrs.,67,1,1,5,3,NA,2,3,1,1,5,2,2,NA,NA,NA,5,3,1,2,NA,4,NA,1,1,8,11,5
M17 [Details of deaths reported during the month with probable causes:],17.4.13(a),Number of cases of Adolescent or Adult deaths (age 6 years & above) with the probable cause being Known Acute disease,3. Above 55 yrs.,95,3,4,7,1,NA,NA,5,7,4,NA,NA,8,1,3,NA,7,1,NA,2,NA,6,4,4,2,8,5,13
M17 [Details of deaths reported during the month with probable causes:],17.4.13(a),Number of cases of Adolescent or Adult deaths (age 6 years & above) with the probable cause being Known Acute disease,4. Total,163,4,5,12,4,NA,2,8,8,5,6,2,10,1,3,NA,12,4,1,4,NA,10,4,5,3,16,16,18
M17 [Details of deaths reported during the month with probable causes:],17.4.13(b),Number of cases of Adolescent or Adult deaths (age 6 years & above) with the probable cause being Known Chronic disease,1. 6-14 yrs,2,NA,NA,NA,NA,NA,NA,NA,NA,NA,NA,NA,NA,NA,NA,NA,NA,NA,NA,NA,NA,NA,NA,NA,1,NA,1,NA
M17 [Details of deaths reported during the month with probable causes:],17.4.13(b),Number of cases of Adolescent or Adult deaths (age 6 years & above) with the probable cause being Known Chronic disease,2. 15-55 yrs.,98,3,7,8,2,NA,5,3,1,3,1,4,7,1,2,NA,8,4,3,4,1,3,NA,NA,7,6,5,10
M17 [Details of deaths reported during the month with probable causes:],17.4.13(b),Number of cases of Adolescent or Adult deaths (age 6 years & above) with the probable cause being Known Chronic disease,3. Above 55 yrs.,187,4,16,21,8,NA,10,6,14,11,5,3,7,2,10,NA,11,6,2,1,1,9,1,1,1,10,7,20
M17 [Details of deaths reported during the month with probable causes:],17.4.13(b),Number of cases of Adolescent or Adult deaths (age 6 years & above) with the probable cause being Known Chronic disease,4. Total,287,7,23,29,10,NA,15,9,15,14,6,7,14,3,12,NA,19,10,5,5,2,12,1,1,9,16,13,30
M17 [Details of deaths reported during the month with probable causes:],17.4.13(c),Number of cases of Adolescent or Adult deaths (age 6 years & above) where the cause was not known,1. 6-14 yrs,23,NA,NA,1,2,NA,NA,NA,3,NA,2,3,1,1,NA,NA,2,2,NA,NA,NA,NA,2,NA,1,3,NA,NA
M17 [Details of deaths reported during the month with probable causes:],17.4.13(c),Number of cases of Adolescent or Adult deaths (age 6 years & above) where the cause was not known,2. 15-55 yrs.,374,13,24,11,36,NA,3,6,20,19,15,11,18,16,6,NA,30,21,11,3,10,10,4,8,21,26,14,18
M17 [Details of deaths reported during the month with probable causes:],17.4.13(c),Number of cases of Adolescent or Adult deaths (age 6 years & above) where the cause was not known,3. Above 55 yrs.,678,14,65,16,48,NA,5,20,42,17,16,22,30,69,10,NA,84,13,18,2,14,30,15,17,21,39,31,20
M17 [Details of deaths reported during the month with probable causes:],17.4.13(c),Number of cases of Adolescent or Adult deaths (age 6 years & above) where the cause was not known,4. Total,1075,27,89,28,86,NA,8,26,65,36,33,36,49,86,16,NA,116,36,29,5,24,40,21,25,43,68,45,38
