Indicator,S.No.,Parameters,Type,District - _Assam - Total [(A+B) or (C+D)],District - _Assam - Public [A],District - _Assam - Private [B],District - _Assam - Urban [C],District - _Assam - Rural [D],District - Baksa - Total [(A+B) or (C+D)],District - Baksa - Public [A],District - Baksa - Private [B],District - Baksa - Urban [C],District - Baksa - Rural [D],District - Barpeta - Total [(A+B) or (C+D)],District - Barpeta - Public [A],District - Barpeta - Private [B],District - Barpeta - Urban [C],District - Barpeta - Rural [D],District - Bongaigaon - Total [(A+B) or (C+D)],District - Bongaigaon - Public [A],District - Bongaigaon - Private [B],District - Bongaigaon - Urban [C],District - Bongaigaon - Rural [D],District - Cachar - Total [(A+B) or (C+D)],District - Cachar - Public [A],District - Cachar - Private [B],District - Cachar - Urban [C],District - Cachar - Rural [D],District - Chirang - Total [(A+B) or (C+D)],District - Chirang - Public [A],District - Chirang - Private [B],District - Chirang - Urban [C],District - Chirang - Rural [D],District - Darrang - Total [(A+B) or (C+D)],District - Darrang - Public [A],District - Darrang - Private [B],District - Darrang - Urban [C],District - Darrang - Rural [D],District - Dhemaji - Total [(A+B) or (C+D)],District - Dhemaji - Public [A],District - Dhemaji - Private [B],District - Dhemaji - Urban [C],District - Dhemaji - Rural [D],District - Dhubri - Total [(A+B) or (C+D)],District - Dhubri - Public [A],District - Dhubri - Private [B],District - Dhubri - Urban [C],District - Dhubri - Rural [D],District - Dibrugarh - Total [(A+B) or (C+D)],District - Dibrugarh - Public [A],District - Dibrugarh - Private [B],District - Dibrugarh - Urban [C],District - Dibrugarh - Rural [D],District - Dima Hasao - Total [(A+B) or (C+D)],District - Dima Hasao - Public [A],District - Dima Hasao - Private [B],District - Dima Hasao - Urban [C],District - Dima Hasao - Rural [D],District - Goalpara - Total [(A+B) or (C+D)],District - Goalpara - Public [A],District - Goalpara - Private [B],District - Goalpara - Urban [C],District - Goalpara - Rural [D],District - Golaghat - Total [(A+B) or (C+D)],District - Golaghat - Public [A],District - Golaghat - Private [B],District - Golaghat - Urban [C],District - Golaghat - Rural [D],District - Hailakandi - Total [(A+B) or (C+D)],District - Hailakandi - Public [A],District - Hailakandi - Private [B],District - Hailakandi - Urban [C],District - Hailakandi - Rural [D],District - Jorhat - Total [(A+B) or (C+D)],District - Jorhat - Public [A],District - Jorhat - Private [B],District - Jorhat - Urban [C],District - Jorhat - Rural [D],District - Kamrup M - Total [(A+B) or (C+D)],District - Kamrup M - Public [A],District - Kamrup M - Private [B],District - Kamrup M - Urban [C],District - Kamrup M - Rural [D],District - Kamrup R - Total [(A+B) or (C+D)],District - Kamrup R - Public [A],District - Kamrup R - Private [B],District - Kamrup R - Urban [C],District - Kamrup R - Rural [D],District - Karbi Anglong - Total [(A+B) or (C+D)],District - Karbi Anglong - Public [A],District - Karbi Anglong - Private [B],District - Karbi Anglong - Urban [C],District - Karbi Anglong - Rural [D],District - Karimganj - Total [(A+B) or (C+D)],District - Karimganj - Public [A],District - Karimganj - Private [B],District - Karimganj - Urban [C],District - Karimganj - Rural [D],District - Kokrajhar - Total [(A+B) or (C+D)],District - Kokrajhar - Public [A],District - Kokrajhar - Private [B],District - Kokrajhar - Urban [C],District - Kokrajhar - Rural [D],District - Lakhimpur - Total [(A+B) or (C+D)],District - Lakhimpur - Public [A],District - Lakhimpur - Private [B],District - Lakhimpur - Urban [C],District - Lakhimpur - Rural [D],District - Marigaon - Total [(A+B) or (C+D)],District - Marigaon - Public [A],District - Marigaon - Private [B],District - Marigaon - Urban [C],District - Marigaon - Rural [D],District - Nagaon - Total [(A+B) or (C+D)],District - Nagaon - Public [A],District - Nagaon - Private [B],District - Nagaon - Urban [C],District - Nagaon - Rural [D],District - Nalbari - Total [(A+B) or (C+D)],District - Nalbari - Public [A],District - Nalbari - Private [B],District - Nalbari - Urban [C],District - Nalbari - Rural [D],District - Sibsagar - Total [(A+B) or (C+D)],District - Sibsagar - Public [A],District - Sibsagar - Private [B],District - Sibsagar - Urban [C],District - Sibsagar - Rural [D],District - Sonitpur - Total [(A+B) or (C+D)],District - Sonitpur - Public [A],District - Sonitpur - Private [B],District - Sonitpur - Urban [C],District - Sonitpur - Rural [D],District - Tinsukia - Total [(A+B) or (C+D)],District - Tinsukia - Public [A],District - Tinsukia - Private [B],District - Tinsukia - Urban [C],District - Tinsukia - Rural [D],District - Udalguri - Total [(A+B) or (C+D)],District - Udalguri - Public [A],District - Udalguri - Private [B],District - Udalguri - Urban [C],District - Udalguri - Rural [D]
M1 [Ante Natal Care (ANC)],'1.1',Total number of pregnant women registered for ANC,TOTAL,65792,62637,3155,3675,62117,1706,1706,0,NA,1706,4329,4140,189,52,4277,1428,1428,NA,103,1325,3599,3517,82,181,3418,916,916,NA,NA,916,1955,1951,4,NA,1955,1407,1407,NA,NA,1407,5763,5683,80,127,5636,2434,1721,713,405,2029,517,516,1,NA,517,2479,2424,55,134,2345,1910,1910,0,NA,1910,1536,1536,NA,NA,1536,2062,1961,101,251,1811,2220,2121,99,1718,502,3224,3224,0,0,3224,2259,2258,1,79,2180,2964,2962,2,59,2905,1855,1855,NA,NA,1855,2073,1989,84,62,2011,2173,2169,4,NA,2173,6269,6190,79,182,6087,1311,1311,NA,NA,1311,2037,1727,310,159,1878,3617,3044,573,34,3583,2279,1632,647,129,2150,1470,1339,131,NA,1470
M1 [Ante Natal Care (ANC)],'1.1.1',"Out of the total ANC registered, number registered within 1st trimester (within 12 weeks)",TOTAL,57341,54718,2623,2954,54387,1473,1473,0,NA,1473,3751,3652,99,8,3743,1308,1308,NA,92,1216,3206,3131,75,129,3077,762,762,NA,NA,762,1850,1846,4,NA,1850,1329,1329,NA,NA,1329,4791,4714,77,94,4697,2141,1500,641,361,1780,360,359,1,NA,360,2367,2320,47,134,2233,1676,1676,0,NA,1676,1352,1352,NA,NA,1352,1982,1881,101,241,1741,1824,1736,88,1396,428,2900,2900,0,0,2900,1744,1744,NA,46,1698,2627,2627,0,56,2571,1449,1449,NA,NA,1449,1856,1788,68,53,1803,1878,1874,4,NA,1878,5019,4977,42,75,4944,1212,1212,NA,NA,1212,1813,1556,257,135,1678,3413,2930,483,34,3379,1951,1409,542,100,1851,1307,1213,94,NA,1307
M1 [Ante Natal Care (ANC)],'1.2.1',Number of PW given TT1,TOTAL,63265,60208,3057,3569,59696,1431,1431,0,NA,1431,5148,5008,140,NA,5148,1314,1285,29,127,1187,2900,2712,188,280,2620,669,669,NA,NA,669,2084,2078,6,NA,2084,1513,1513,NA,NA,1513,5806,5733,73,120,5686,2187,1525,662,347,1840,378,377,1,NA,378,2453,2401,52,132,2321,1553,1553,0,NA,1553,1107,1107,NA,NA,1107,1908,1807,101,248,1660,2465,2383,82,1790,675,4176,4176,0,0,4176,2000,2000,NA,67,1933,2287,2207,80,34,2253,1414,1414,NA,NA,1414,2126,2038,88,57,2069,2227,2223,4,NA,2227,5888,5824,64,154,5734,1272,1272,NA,NA,1272,1669,1449,220,70,1599,3920,3347,573,34,3886,2031,1440,591,109,1922,1339,1236,103,NA,1339
M1 [Ante Natal Care (ANC)],'1.2.2',Number of PW given TT2,TOTAL,47407,44922,2485,3314,44093,1084,1084,0,NA,1084,2411,2370,41,NA,2411,1240,1215,25,103,1137,2086,1925,161,260,1826,614,614,NA,NA,614,1626,1619,7,NA,1626,1021,1021,NA,NA,1021,4122,4062,60,93,4029,1887,1318,569,365,1522,258,257,1,NA,258,1864,1840,24,111,1753,1172,1172,0,NA,1172,1044,1044,NA,NA,1044,1607,1510,97,238,1369,2082,2017,65,1601,481,2223,2223,0,0,2223,1783,1783,NA,89,1694,1585,1504,81,52,1533,1274,1274,NA,NA,1274,1655,1592,63,52,1603,1662,1659,3,NA,1662,4969,4900,69,153,4816,1014,1014,NA,NA,1014,1523,1344,179,74,1449,2943,2518,425,36,2907,1580,1073,507,87,1493,1078,970,108,NA,1078
M1 [Ante Natal Care (ANC)],'1.2.3',Number of PW given TT Booster,TOTAL,4836,4580,256,167,4669,51,51,0,NA,51,222,209,13,NA,222,77,77,NA,3,74,606,596,10,21,585,45,45,NA,NA,45,84,84,0,NA,84,102,102,NA,NA,102,345,339,6,7,338,164,101,63,19,145,69,69,0,NA,69,154,141,13,5,149,65,65,0,NA,65,224,224,NA,NA,224,89,83,6,25,64,69,63,6,43,26,223,223,0,0,223,227,227,NA,5,222,396,396,0,1,395,79,79,NA,NA,79,165,153,12,5,160,278,278,0,NA,278,478,474,4,6,472,62,62,NA,NA,62,99,84,15,10,89,158,139,19,6,152,216,135,81,11,205,89,81,8,NA,89
M1 [Ante Natal Care (ANC)],'1.2.4',Number of PW given 180 Iron Folic Acid (IFA) tablets,TOTAL,61751,58550,3201,3355,58396,1326,1326,0,NA,1326,4330,4142,188,22,4308,1424,1424,NA,103,1321,3264,3182,82,187,3077,704,704,NA,NA,704,2098,2091,7,NA,2098,1359,1359,NA,NA,1359,5440,5360,80,130,5310,2428,1718,710,402,2026,373,372,1,NA,373,2410,2354,56,131,2279,1589,1589,0,NA,1589,1503,1503,NA,NA,1503,1934,1833,101,230,1704,2158,2059,99,1534,624,2979,2979,0,0,2979,2195,2195,NA,57,2138,2897,2867,30,57,2840,1318,1318,NA,NA,1318,1949,1879,70,31,1918,2178,2174,4,NA,2178,5805,5457,348,276,5529,1316,1316,NA,NA,1316,2018,1794,224,65,1953,3465,2904,561,20,3445,2144,1594,550,110,2034,1147,1057,90,NA,1147
M1 [Ante Natal Care (ANC)],'1.2.5',Number of PW given 360 Calcium tablets,TOTAL,53542,50892,2650,3215,50327,1166,1166,0,NA,1166,3662,3475,187,23,3639,1363,1363,NA,103,1260,3035,2961,74,187,2848,325,325,NA,NA,325,1998,1988,10,NA,1998,1142,1142,NA,NA,1142,5323,5243,80,130,5193,2032,1418,614,402,1630,343,342,1,NA,343,2393,2337,56,127,2266,1722,1722,0,NA,1722,1413,1413,NA,NA,1413,1896,1795,101,230,1666,2105,2006,99,1505,600,2651,2651,0,0,2651,1807,1807,NA,5,1802,2758,2728,30,0,2758,895,895,NA,NA,895,1218,1143,75,37,1181,2138,2134,4,NA,2138,4646,4261,385,266,4380,1222,1222,NA,NA,1222,1594,1449,145,67,1527,1824,1535,289,27,1797,1823,1406,417,106,1717,1048,965,83,NA,1048
M1 [Ante Natal Care (ANC)],'1.2.6',Number of PW given one Albendazole tablet after 1st trimester,TOTAL,30857,29865,992,1077,29780,1078,1078,0,NA,1078,1091,1091,0,NA,1091,584,584,NA,26,558,2632,2576,56,191,2441,137,137,NA,NA,137,1614,1609,5,NA,1614,392,392,NA,NA,392,4487,4403,84,93,4394,766,592,174,0,766,366,366,0,NA,366,1882,1826,56,128,1754,1175,1175,0,NA,1175,1257,1257,NA,NA,1257,1203,1119,84,231,972,543,543,0,342,201,1141,1141,0,0,1141,1149,1149,NA,8,1141,2384,2384,0,35,2349,368,368,NA,NA,368,99,99,0,0,99,405,405,0,NA,405,1991,1967,24,0,1991,1161,1161,NA,NA,1161,1140,1015,125,23,1117,381,316,65,NA,381,908,638,270,NA,908,523,474,49,NA,523
M1 [Ante Natal Care (ANC)],'1.2.7',Number of PW received 4 or more ANC check ups,TOTAL,39129,37000,2129,3082,36047,873,873,0,NA,873,2517,2476,41,NA,2517,847,847,NA,54,793,2326,2156,170,241,2085,525,525,NA,NA,525,1340,1337,3,NA,1340,747,747,NA,NA,747,2954,2925,29,56,2898,1527,1130,397,263,1264,174,173,1,NA,174,1552,1536,16,118,1434,1007,1007,0,NA,1007,923,923,NA,NA,923,1431,1347,84,216,1215,2273,1971,302,1523,750,1767,1767,0,0,1767,1050,1050,NA,55,995,1933,1904,29,58,1875,906,906,NA,NA,906,1210,1178,32,46,1164,1173,1171,2,NA,1173,3851,3826,25,119,3732,696,696,NA,NA,696,1058,889,169,94,964,2306,2026,280,51,2255,1468,972,496,188,1280,695,642,53,NA,695
M1 [Ante Natal Care (ANC)],'1.2.8',Number of PW given ANC Corticosteroids in Pre Term Labour,TOTAL,711,681,30,15,696,14,14,0,NA,14,78,69,9,8,70,29,29,NA,NA,29,172,171,1,0,172,9,9,NA,NA,9,12,12,0,NA,12,2,2,NA,NA,2,128,126,2,0,128,14,10,4,7,7,7,7,0,NA,7,36,36,0,0,36,11,11,0,NA,11,5,5,NA,NA,5,3,3,0,0,3,11,11,0,0,11,10,10,0,0,10,13,13,NA,0,13,45,42,3,0,45,22,22,NA,NA,22,0,0,0,0,0,4,4,0,NA,4,14,14,0,0,14,12,12,NA,NA,12,5,5,0,0,5,23,22,1,NA,23,21,19,2,NA,21,11,3,8,NA,11
M1 [Ante Natal Care (ANC)],'1.3.1',New cases of PW with hypertension detected,TOTAL,1545,1420,125,132,1413,44,44,0,NA,44,69,64,5,3,66,25,25,NA,NA,25,89,86,3,45,44,16,16,NA,NA,16,122,122,0,NA,122,17,17,NA,NA,17,124,123,1,1,123,120,114,6,0,120,14,14,0,NA,14,75,75,0,2,73,40,40,0,NA,40,16,16,NA,NA,16,33,33,0,1,32,139,99,40,65,74,34,34,0,0,34,71,71,NA,0,71,51,49,2,2,49,56,56,NA,NA,56,39,28,11,1,38,14,14,0,NA,14,123,114,9,7,116,8,8,NA,NA,8,53,49,4,4,49,82,57,25,0,82,46,28,18,1,45,25,24,1,NA,25
M1 [Ante Natal Care (ANC)],'1.3.1.a',"Out of the new cases of PW with hypertension detected, cases managed at institution",TOTAL,933,850,83,75,858,21,21,0,NA,21,39,33,6,3,36,11,11,NA,NA,11,41,38,3,17,24,9,9,NA,NA,9,88,88,0,NA,88,9,9,NA,NA,9,52,52,0,0,52,93,93,0,0,93,3,3,0,NA,3,36,36,0,2,34,35,35,0,NA,35,8,8,NA,NA,8,17,17,0,0,17,119,81,38,48,71,10,10,0,0,10,63,63,NA,5,58,25,23,2,0,25,34,34,NA,NA,34,5,5,0,NA,5,9,9,0,NA,9,76,76,0,0,76,3,3,NA,NA,3,22,22,0,0,22,66,44,22,0,66,30,19,11,NA,30,9,8,1,NA,9
M1 [Ante Natal Care (ANC)],'1.3.2',Number of Eclampsia cases managed during delivery,TOTAL,119,114,5,4,115,0,0,0,NA,0,20,20,0,0,20,0,0,NA,NA,0,1,1,0,0,1,0,0,NA,NA,0,11,11,0,NA,11,0,0,NA,NA,0,5,5,NA,0,5,4,2,2,0,4,0,0,0,NA,0,3,3,0,0,3,3,3,0,NA,3,2,2,NA,NA,2,4,4,0,0,4,16,14,2,2,14,0,0,0,0,0,0,0,NA,0,0,4,4,0,2,2,10,10,NA,NA,10,11,11,0,NA,11,4,4,0,NA,4,2,2,0,0,2,0,0,NA,NA,0,3,3,0,0,3,14,14,0,NA,14,1,0,1,NA,1,1,1,0,NA,1
M1 [Ante Natal Care (ANC)],'1.4.1',Number of PW tested for Haemoglobin (Hb ) 4 or more than 4 times for respective ANCs,TOTAL,45111,43058,2053,2031,43080,888,888,0,NA,888,2316,2077,239,4,2312,722,722,NA,54,668,2150,2111,39,65,2085,515,515,NA,NA,515,1285,1282,3,NA,1285,608,608,NA,NA,608,3382,3347,35,56,3326,1402,1165,237,3,1399,97,97,0,NA,97,1658,1637,21,122,1536,1055,1052,3,NA,1055,977,977,NA,NA,977,2005,1475,530,668,1337,2684,2684,0,908,1776,4339,4339,0,0,4339,674,674,NA,NA,674,2214,2183,31,18,2196,1241,1241,NA,NA,1241,1134,1102,32,10,1124,1348,1346,2,NA,1348,6715,6637,78,0,6715,653,653,NA,NA,653,880,802,78,80,800,2124,1813,311,13,2111,1260,942,318,30,1230,785,689,96,NA,785
M1 [Ante Natal Care (ANC)],'1.4.2',Number of PW having Hb level<11 (tested cases)(7.1 to 10.9),TOTAL,45607,43236,2371,2087,43520,793,793,0,NA,793,3453,3159,294,30,3423,953,953,NA,43,910,2450,2406,44,17,2433,1098,1098,NA,NA,1098,1257,1255,2,NA,1257,1125,1125,NA,NA,1125,3226,3174,52,300,2926,2835,2435,400,0,2835,226,225,1,NA,226,1970,1916,54,146,1824,1276,1273,3,NA,1276,1007,1007,NA,NA,1007,1177,1177,0,106,1071,2367,2161,206,982,1385,2236,2236,0,0,2236,872,872,NA,NA,872,2064,2016,48,0,2064,1363,1363,NA,NA,1363,1291,1234,57,86,1205,767,765,2,NA,767,3697,3489,208,160,3537,365,365,NA,NA,365,2155,2038,117,88,2067,2766,2447,319,23,2743,1730,1237,493,106,1624,1088,1017,71,NA,1088
M1 [Ante Natal Care (ANC)],'1.4.3',Number of PW having Hb level<7 (tested cases),TOTAL,1844,1700,144,91,1753,18,18,0,NA,18,39,37,2,NA,39,21,21,NA,NA,21,107,103,4,34,73,297,297,NA,NA,297,58,58,0,NA,58,74,74,NA,NA,74,74,74,0,4,70,71,62,9,0,71,15,14,1,NA,15,49,49,0,1,48,33,33,0,NA,33,52,52,NA,NA,52,25,25,0,3,22,61,55,6,26,35,49,49,0,0,49,16,16,NA,NA,16,123,115,8,0,123,146,146,NA,NA,146,31,18,13,0,31,17,17,0,NA,17,87,69,18,18,69,6,6,NA,NA,6,84,80,4,0,84,113,75,38,2,111,99,63,36,3,96,79,74,5,NA,79
M1 [Ante Natal Care (ANC)],'1.4.4',Number of PW having severe anaemia (Hb<7) treated,TOTAL,679,600,79,22,657,10,10,0,NA,10,11,10,1,NA,11,20,20,NA,NA,20,28,24,4,0,28,2,2,NA,NA,2,79,79,0,NA,79,2,2,NA,NA,2,28,28,NA,0,28,16,15,1,0,16,4,4,0,NA,4,49,49,0,1,48,5,5,0,NA,5,46,46,NA,NA,46,11,11,0,0,11,51,45,6,16,35,15,15,0,0,15,30,30,NA,NA,30,81,73,8,0,81,19,19,NA,NA,19,12,11,1,0,12,3,3,0,NA,3,27,27,0,0,27,1,1,NA,NA,1,25,22,3,0,25,68,46,22,2,66,31,2,29,3,28,5,1,4,NA,5
M1 [Ante Natal Care (ANC)],'1.5.1',Number of PW tested for blood sugar using OGTT (Oral Glucose Tolerance Test),TOTAL,2088,2001,87,159,1929,0,0,0,NA,0,0,0,0,NA,0,0,0,NA,NA,0,2,2,0,0,2,0,0,NA,NA,0,0,0,0,NA,0,29,29,NA,NA,29,177,177,NA,0,177,277,267,10,0,277,0,0,0,NA,0,0,0,0,0,0,0,0,0,NA,0,0,0,NA,NA,0,0,0,0,0,0,714,683,31,144,570,1,1,0,0,1,0,0,NA,NA,0,378,364,14,0,378,0,0,NA,NA,0,0,0,0,0,0,0,0,NA,NA,0,271,271,0,0,271,0,0,NA,NA,0,133,133,0,0,133,1,1,0,NA,1,105,73,32,15,90,0,0,0,NA,0
M1 [Ante Natal Care (ANC)],'1.5.2',Number of PW tested positive for GDM,TOTAL,686,679,7,0,686,0,0,0,NA,0,0,0,0,NA,0,0,0,NA,NA,0,0,0,0,0,0,0,0,NA,NA,0,0,0,0,NA,0,0,0,NA,NA,0,30,30,NA,0,30,4,2,2,0,4,0,0,0,NA,0,0,0,0,0,0,0,0,0,NA,0,0,0,NA,NA,0,0,0,0,0,0,570,570,0,0,570,1,1,0,0,1,0,0,NA,NA,0,5,0,5,0,5,0,0,NA,NA,0,0,0,0,0,0,0,0,NA,NA,0,3,3,0,0,3,0,0,NA,NA,0,0,0,0,0,0,0,0,0,NA,0,73,73,0,NA,73,0,0,0,NA,0
M1 [Ante Natal Care (ANC)],'1.5.3',Number of PW given insulin out of total tested positive for GDM,TOTAL,1,1,0,1,0,0,0,0,NA,0,0,0,0,NA,0,1,1,NA,1,0,0,0,0,0,0,0,0,NA,NA,0,0,0,0,NA,0,0,0,NA,NA,0,0,0,NA,0,0,0,0,0,0,0,0,0,0,NA,0,0,0,0,0,0,0,0,0,NA,0,0,0,NA,NA,0,0,0,0,0,0,0,0,0,0,0,0,0,0,0,0,0,0,NA,NA,0,0,0,0,0,0,0,0,NA,NA,0,0,0,0,0,0,0,0,NA,NA,0,0,0,0,0,0,0,0,NA,NA,0,0,0,0,0,0,0,0,0,NA,0,0,0,0,NA,0,0,0,0,NA,0
M1 [Ante Natal Care (ANC)],'1.6.1.a',Number of PW tested using POC test for Syphilis,TOTAL,469,445,24,118,351,0,0,NA,NA,0,92,92,NA,NA,92,1,1,NA,NA,1,0,0,NA,NA,0,15,15,NA,NA,15,0,0,NA,NA,0,0,0,NA,NA,0,35,35,0,NA,35,9,9,NA,0,9,11,11,NA,NA,11,0,0,NA,0,0,56,56,0,NA,56,0,0,NA,NA,0,144,144,NA,118,26,0,0,NA,0,0,0,0,NA,NA,0,0,0,NA,NA,0,0,0,NA,NA,0,17,17,NA,NA,17,24,0,24,NA,24,34,34,NA,NA,34,29,29,0,NA,29,0,0,NA,NA,0,0,0,NA,NA,0,0,0,NA,NA,0,2,2,NA,NA,2,0,0,NA,NA,0
M1 [Ante Natal Care (ANC)],'1.6.1.b',"Out of above, number of PW found sero positive for syphilis",TOTAL,18,18,0,0,18,0,0,NA,NA,0,17,17,NA,NA,17,0,0,NA,NA,0,0,0,NA,NA,0,0,0,NA,NA,0,0,0,NA,NA,0,0,0,NA,NA,0,0,0,0,NA,0,0,0,NA,0,0,1,1,NA,NA,1,0,0,NA,0,0,0,0,0,NA,0,0,0,NA,NA,0,0,0,NA,0,0,0,0,NA,0,0,0,0,NA,NA,0,0,0,NA,NA,0,0,0,NA,NA,0,0,0,NA,NA,0,0,0,0,NA,0,0,0,NA,NA,0,0,0,0,NA,0,0,0,NA,NA,0,0,0,NA,NA,0,0,0,NA,NA,0,0,0,NA,NA,0,0,0,NA,NA,0
M1 [Ante Natal Care (ANC)],'1.6.2.a',Number of pregnant women tested for Syphilis,TOTAL,25592,24557,1035,1144,24448,537,537,0,NA,537,1150,1014,136,NA,1150,263,263,NA,13,250,1693,1620,73,0,1693,251,251,NA,NA,251,813,813,0,NA,813,931,931,NA,NA,931,880,880,NA,6,874,582,582,0,103,479,226,226,0,NA,226,1103,1038,65,48,1055,317,317,0,NA,317,342,342,NA,NA,342,1540,1504,36,36,1504,1343,1312,31,599,744,1885,1885,0,0,1885,767,767,NA,NA,767,887,591,296,0,887,988,988,NA,NA,988,561,531,30,61,500,804,804,NA,NA,804,2743,2544,199,199,2544,856,856,NA,NA,856,709,705,4,0,709,1877,1825,52,NA,1877,1123,1033,90,79,1044,421,398,23,NA,421
M1 [Ante Natal Care (ANC)],'1.6.2.b',Number of pregnant women tested found sero positive for Syphilis,TOTAL,13,13,0,0,13,0,0,0,NA,0,0,0,0,NA,0,1,1,NA,NA,1,3,3,0,0,3,1,1,NA,NA,1,0,0,0,NA,0,2,2,NA,NA,2,1,1,NA,0,1,0,0,0,0,0,0,0,0,NA,0,0,0,0,0,0,0,0,0,NA,0,0,0,NA,NA,0,0,0,0,0,0,1,1,0,0,1,0,0,0,0,0,2,2,NA,NA,2,0,0,0,0,0,0,0,NA,NA,0,0,0,0,NA,0,0,0,NA,NA,0,1,1,0,0,1,0,0,NA,NA,0,0,0,0,0,0,0,0,0,NA,0,1,1,0,NA,1,0,0,0,NA,0
M1 [Ante Natal Care (ANC)],'1.6.2.c',Number of syphilis positive pregnant women treated for Syphilis,TOTAL,20,20,0,0,20,0,0,0,NA,0,0,0,0,NA,0,2,2,NA,NA,2,2,2,0,0,2,0,0,NA,NA,0,0,0,0,NA,0,1,1,NA,NA,1,1,1,NA,0,1,0,0,0,0,0,0,0,0,NA,0,0,0,0,0,0,0,0,0,NA,0,0,0,NA,NA,0,0,0,0,0,0,0,0,0,0,0,0,0,0,0,0,2,2,NA,NA,2,12,12,0,0,12,0,0,NA,NA,0,0,0,0,NA,0,0,0,NA,NA,0,0,0,0,0,0,0,0,NA,NA,0,0,0,0,0,0,0,0,0,NA,0,0,0,0,NA,0,0,0,0,NA,0
M1 [Ante Natal Care (ANC)],'1.6.2.d',Number of babies diagnosed with Congenital Syphilis,TOTAL,0,0,0,0,0,0,0,0,NA,0,0,0,0,NA,0,0,0,NA,NA,0,0,0,0,0,0,0,0,NA,NA,0,0,0,0,NA,0,0,0,NA,NA,0,0,0,NA,0,0,0,0,0,0,0,0,0,0,NA,0,0,0,0,0,0,0,0,0,NA,0,0,0,NA,NA,0,0,0,0,0,0,0,0,0,0,0,0,0,0,0,0,0,0,NA,NA,0,0,0,0,0,0,0,0,NA,NA,0,0,0,0,NA,0,0,0,NA,NA,0,0,0,0,0,0,0,0,NA,NA,0,0,0,0,0,0,0,0,0,NA,0,0,0,0,NA,0,0,0,0,NA,0
M1 [Ante Natal Care (ANC)],'1.6.2.e',Number of babies treated for congenital Syphilis,TOTAL,0,0,0,0,0,0,0,0,NA,0,0,0,0,NA,0,0,0,NA,NA,0,0,0,0,0,0,0,0,NA,NA,0,0,0,0,NA,0,0,0,NA,NA,0,0,0,NA,0,0,0,0,0,0,0,0,0,0,NA,0,0,0,0,0,0,0,0,0,NA,0,0,0,NA,NA,0,0,0,0,0,0,0,0,0,0,0,0,0,0,0,0,0,0,NA,NA,0,0,0,0,0,0,0,0,NA,NA,0,0,0,0,NA,0,0,0,NA,NA,0,0,0,0,0,0,0,0,NA,NA,0,0,0,0,0,0,0,0,0,NA,0,0,0,0,NA,0,0,0,0,NA,0
M2 [Deliveries],'2.1.1.a',Number of Home Deliveries attended by Skill Birth Attendant(SBA) (Doctor/Nurse/ANM),TOTAL,1188,1180,8,6,1182,14,14,0,NA,14,242,242,NA,NA,242,10,10,NA,2,8,35,35,0,0,35,16,16,NA,NA,16,23,23,NA,NA,23,1,1,NA,NA,1,228,226,2,0,228,0,0,0,0,0,44,44,0,NA,44,81,81,0,2,79,5,5,0,NA,5,53,53,NA,NA,53,3,3,0,0,3,3,3,0,2,1,8,8,0,NA,8,54,54,NA,0,54,180,180,0,0,180,21,21,NA,NA,21,5,5,0,NA,5,52,52,0,NA,52,34,34,0,0,34,28,28,NA,NA,28,11,9,2,0,11,8,6,2,NA,8,7,6,1,NA,7,22,21,1,NA,22
M2 [Deliveries],'2.1.1.b',Number of Home Deliveries attended by Non SBA (Trained Birth Attendant(TBA) /Relatives/etc.),TOTAL,2709,2651,58,16,2693,12,12,0,NA,12,167,151,16,NA,167,34,34,NA,2,32,53,53,0,0,53,72,72,NA,NA,72,22,22,NA,NA,22,0,0,NA,NA,0,1105,1098,7,0,1105,5,0,5,0,5,65,65,0,NA,65,1,1,0,0,1,6,6,0,NA,6,69,69,NA,NA,69,1,1,0,1,0,16,16,0,2,14,18,18,0,NA,18,175,175,NA,4,171,341,341,0,0,341,61,61,NA,NA,61,3,3,0,2,1,43,43,0,NA,43,247,247,0,5,242,1,1,NA,NA,1,0,0,0,0,0,164,147,17,NA,164,19,7,12,NA,19,9,8,1,NA,9
M2 [Deliveries],'2.1.2',Number of PW given Tablet Misoprostol during home delivery,TOTAL,1114,1106,8,5,1109,8,8,0,NA,8,17,17,NA,NA,17,3,3,NA,3,0,0,0,0,0,0,9,9,NA,NA,9,39,39,NA,NA,39,1,1,NA,NA,1,598,591,7,0,598,0,0,0,0,0,46,46,0,NA,46,38,38,0,2,36,2,2,0,NA,2,104,104,NA,NA,104,2,2,0,0,2,5,5,0,0,5,6,6,0,NA,6,77,77,NA,NA,77,82,82,0,0,82,0,0,NA,NA,0,3,3,0,NA,3,26,26,0,NA,26,28,28,0,0,28,14,14,NA,NA,14,0,0,0,0,0,0,0,0,NA,0,5,4,1,NA,5,1,1,0,NA,1
M2 [Deliveries],'2.1.3',Number of newborns received 7 Home Based Newborn Care (HBNC) visits in case of Home delivery,TOTAL,5120,4986,134,38,5082,25,25,0,NA,25,462,434,28,NA,462,232,232,NA,25,207,67,67,0,0,67,87,87,NA,NA,87,73,73,NA,NA,73,0,0,NA,NA,0,1340,1326,14,0,1340,3,0,3,0,3,114,114,0,NA,114,97,81,16,4,93,25,25,0,NA,25,154,154,NA,NA,154,2,2,0,0,2,13,13,0,7,6,35,35,0,NA,35,199,199,NA,1,198,617,617,0,0,617,108,108,NA,NA,108,1,1,0,0,1,719,717,2,NA,719,277,277,0,1,276,31,31,NA,NA,31,18,15,3,0,18,315,271,44,NA,315,39,25,14,NA,39,67,57,10,NA,67
M2 [Deliveries],'2.2',Number of Institutional Deliveries conducted (Including C-Sections),TOTAL,35471,29381,6090,3827,31644,512,498,14,NA,512,2025,1938,87,31,1994,911,635,276,279,632,2964,2338,626,264,2700,375,356,19,NA,375,1195,1153,42,NA,1195,898,864,34,NA,898,1974,1919,55,14,1960,1467,1099,368,245,1222,183,182,1,NA,183,1647,1512,135,167,1480,869,676,193,NA,869,768,768,NA,NA,768,1054,757,297,256,798,2820,1827,993,1076,1744,1372,1159,213,93,1279,977,977,NA,NA,977,1542,1234,308,78,1464,943,876,67,NA,943,1178,1025,153,116,1062,906,903,3,NA,906,3667,2762,905,725,2942,766,476,290,NA,766,763,580,183,96,667,1883,1516,367,133,1750,1346,957,389,254,1092,466,394,72,NA,466
M2 [Deliveries],'2.2.1',Out of total institutional deliveries number of women discharged within 48 hours of delivery,TOTAL,10524,10019,505,95,10429,118,118,0,NA,118,762,762,0,NA,762,472,472,NA,3,469,737,694,43,0,737,65,65,0,NA,65,320,320,0,NA,320,382,382,0,NA,382,1011,1011,0,0,1011,85,83,2,21,64,39,39,0,NA,39,523,496,27,27,496,217,152,65,NA,217,397,397,NA,NA,397,10,10,0,0,10,7,7,0,3,4,135,135,0,0,135,693,693,NA,NA,693,755,614,141,0,755,331,331,0,NA,331,577,540,37,0,577,454,454,0,NA,454,1344,1305,39,32,1312,56,56,0,NA,56,34,30,4,1,33,609,562,47,8,601,70,36,34,0,70,321,255,66,NA,321
M2 [Deliveries],'2.2.2',Number of newborns received 6 HBNC  visits after Institutional Delivery,TOTAL,32097,31338,759,1421,30676,996,996,0,NA,996,1856,1856,0,NA,1856,529,529,NA,25,504,1981,1941,40,0,1981,447,431,16,NA,447,1005,1005,0,NA,1005,877,877,NA,NA,877,1840,1805,35,0,1840,921,776,145,62,859,122,122,0,NA,122,1225,1217,8,33,1192,756,756,0,NA,756,964,964,NA,NA,964,1042,1042,0,84,958,1151,1151,0,959,192,1941,1941,0,0,1941,1105,1105,NA,38,1067,1636,1636,0,36,1600,770,770,0,NA,770,1157,1112,45,8,1149,1203,1203,0,NA,1203,3429,3403,26,92,3337,760,760,NA,NA,760,894,804,90,16,878,1697,1556,141,NA,1697,1106,947,159,68,1038,687,633,54,NA,687
M3 [Number of Caesarean (C-Section) deliveries],'3.1',Total C -Section deliveries performed,TOTAL,8755,5028,3727,2693,6062,17,17,0,NA,17,398,316,82,31,367,330,108,222,222,108,810,449,361,238,572,58,48,10,NA,58,105,77,28,NA,105,250,220,30,NA,250,120,79,41,0,120,550,279,271,215,335,49,48,1,NA,49,278,173,105,105,173,216,129,87,NA,216,6,6,NA,NA,6,565,360,205,205,360,1416,923,493,528,888,315,171,144,78,237,70,70,NA,NA,70,202,53,149,68,134,196,136,60,NA,196,338,231,107,107,231,51,51,0,NA,51,879,246,633,542,337,299,85,214,NA,299,196,103,93,90,106,583,357,226,111,472,443,285,158,153,290,15,8,7,NA,15
M3 [Number of Caesarean (C-Section) deliveries],'3.1.1',"C-sections, performed at night (8 PM- 8 AM)",TOTAL,2250,1272,978,738,1512,2,2,0,NA,2,94,84,10,2,92,12,12,NA,NA,12,250,157,93,62,188,2,0,2,NA,2,24,15,9,NA,24,13,2,11,NA,13,15,7,8,0,15,244,129,115,100,144,17,17,0,NA,17,65,23,42,42,23,57,32,25,NA,57,0,0,NA,NA,0,195,155,40,40,155,484,308,176,176,308,47,16,31,16,31,7,7,NA,NA,7,48,15,33,7,41,22,5,17,NA,22,95,33,62,62,33,11,11,0,NA,11,233,66,167,157,76,63,20,43,NA,63,35,12,23,23,12,138,96,42,22,116,76,47,29,29,47,1,1,0,NA,1
M4 [Pregnancy outcome & details of new-born],'4.1.1.a',Live Birth - Male,TOTAL,20032,16794,3238,2005,18027,271,265,6,NA,271,1212,1161,51,17,1195,479,345,134,138,341,1524,1203,321,124,1400,245,233,12,NA,245,611,590,21,NA,611,451,434,17,NA,451,1684,1655,29,5,1679,746,547,199,119,627,149,148,1,NA,149,887,820,67,85,802,392,299,93,NA,392,408,408,NA,NA,408,507,369,138,111,396,1467,919,548,591,876,740,616,124,51,689,627,627,NA,0,627,1053,898,155,41,1012,512,481,31,NA,512,626,548,78,59,567,540,538,2,NA,540,2021,1532,489,400,1621,413,259,154,NA,413,400,297,103,51,349,1076,861,215,75,1001,727,514,213,138,589,264,227,37,NA,264
M4 [Pregnancy outcome & details of new-born],'4.1.1.b',Live Birth - Female,TOTAL,18706,15831,2875,1834,16872,259,251,8,NA,259,1162,1123,39,14,1148,454,325,129,132,322,1455,1159,296,136,1319,213,206,7,NA,213,631,610,21,NA,631,432,415,17,NA,432,1566,1534,32,9,1557,697,523,174,126,571,138,138,0,NA,138,819,754,65,81,738,478,378,100,NA,478,457,457,NA,NA,457,545,387,158,145,400,1308,865,443,489,819,652,563,89,42,610,578,578,NA,4,574,964,815,149,39,925,486,450,36,NA,486,540,465,75,59,481,448,447,1,NA,448,1877,1453,424,338,1539,377,240,137,NA,377,357,277,80,45,312,945,774,171,59,886,642,452,190,116,526,226,192,34,NA,226
M4 [Pregnancy outcome & details of new-born],'4.1.2',Number of Pre term newborns ( < 37 weeks of pregnancy),TOTAL,1833,1696,137,79,1754,10,10,0,NA,10,183,181,2,1,182,44,44,NA,NA,44,229,218,11,0,229,17,17,0,NA,17,95,88,7,NA,95,15,15,0,NA,15,77,77,0,0,77,90,86,4,2,88,6,6,0,NA,6,74,72,2,2,72,22,22,0,NA,22,34,34,NA,NA,34,85,85,0,0,85,303,239,64,65,238,38,35,3,0,38,20,20,NA,NA,20,56,32,24,0,56,7,7,NA,NA,7,24,24,0,0,24,27,27,0,NA,27,42,40,2,1,41,46,46,0,NA,46,71,71,0,0,71,37,22,15,8,29,122,119,3,NA,122,59,59,0,NA,59
M4 [Pregnancy outcome & details of new-born],'4.1.3',Still Birth,TOTAL,857,796,61,29,828,10,10,0,NA,10,68,67,1,1,67,26,12,14,14,12,95,83,12,4,91,9,8,1,NA,9,10,10,0,NA,10,25,25,NA,NA,25,70,65,5,0,70,42,42,0,0,42,6,6,0,NA,6,42,36,6,6,36,11,11,0,NA,11,29,29,NA,NA,29,16,15,1,1,15,68,66,2,2,66,13,11,2,0,13,24,24,NA,NA,24,54,48,6,0,54,34,34,0,NA,34,29,29,0,0,29,19,19,0,NA,19,66,65,1,1,65,8,7,1,NA,8,17,15,2,0,17,49,46,3,0,49,10,9,1,NA,10,7,4,3,NA,7
M4 [Pregnancy outcome & details of new-born],'4.2',Abortion (spontaneous),TOTAL,2542,2336,206,368,2174,132,132,0,NA,132,285,266,19,19,266,15,15,NA,NA,15,76,53,23,0,76,10,10,0,NA,10,34,34,0,NA,34,90,90,NA,NA,90,83,83,0,0,83,96,93,3,0,96,49,49,0,NA,49,300,300,0,198,102,52,52,0,NA,52,132,132,NA,NA,132,53,53,0,0,53,182,63,119,119,63,163,163,0,0,163,53,53,NA,NA,53,54,54,0,0,54,38,38,0,NA,38,11,11,0,0,11,138,138,0,NA,138,212,207,5,0,212,94,94,0,NA,94,87,55,32,31,56,45,44,1,1,44,35,33,2,NA,35,23,21,2,NA,23
M4 [Pregnancy outcome & details of new-born],'4.3.1.a',MTP up to 12 weeks of pregnancy,TOTAL,10130,9508,622,528,9602,221,221,0,NA,221,456,456,0,NA,456,505,505,NA,NA,505,187,168,19,19,168,130,130,0,NA,130,854,761,93,NA,854,970,970,NA,NA,970,563,563,NA,120,443,250,246,4,0,250,52,52,0,NA,52,505,475,30,90,415,212,212,0,NA,212,70,70,NA,NA,70,273,270,3,3,270,243,223,20,88,155,476,440,36,21,455,239,239,NA,NA,239,150,108,42,42,108,413,413,NA,NA,413,670,670,0,NA,670,204,204,NA,NA,204,855,826,29,29,826,359,184,175,NA,359,224,224,0,0,224,407,353,54,4,403,540,423,117,112,428,102,102,0,NA,102
M4 [Pregnancy outcome & details of new-born],'4.3.1.b',MTP more than 12 weeks of pregnancy,TOTAL,233,185,48,15,218,4,4,0,NA,4,11,11,0,NA,11,0,0,NA,NA,0,0,0,0,0,0,0,0,0,NA,0,5,2,3,NA,5,20,20,NA,NA,20,0,0,NA,0,0,4,4,0,0,4,1,1,0,NA,1,67,66,1,1,66,0,0,0,NA,0,0,0,NA,NA,0,12,0,12,12,0,2,0,2,2,0,0,0,0,0,0,5,5,NA,NA,5,0,0,0,0,0,10,10,NA,NA,10,38,38,0,NA,38,0,0,NA,NA,0,22,22,0,0,22,30,0,30,NA,30,0,0,0,0,0,0,0,0,NA,0,2,2,0,NA,2,0,0,0,NA,0
M4 [Pregnancy outcome & details of new-born],'4.3.2.a',Post Abortion/ MTP Complications Identified,TOTAL,76,73,3,10,66,8,8,0,NA,8,5,5,NA,NA,5,0,0,NA,NA,0,0,0,0,0,0,9,9,0,NA,9,2,2,0,NA,2,5,5,NA,NA,5,0,0,NA,0,0,0,0,0,0,0,0,0,0,NA,0,11,11,0,10,1,4,4,0,NA,4,0,0,NA,NA,0,0,0,0,0,0,0,0,0,0,0,0,0,0,0,0,3,3,NA,NA,3,2,2,0,0,2,5,5,NA,NA,5,2,2,0,NA,2,0,0,NA,NA,0,15,15,0,0,15,2,0,2,NA,2,0,0,0,0,0,0,0,0,NA,0,3,2,1,NA,3,0,0,0,NA,0
M4 [Pregnancy outcome & details of new-born],'4.3.2.b',Post Abortion/ MTP Complications Treated,TOTAL,164,162,2,10,154,0,0,0,NA,0,6,6,NA,NA,6,0,0,NA,NA,0,0,0,0,0,0,0,0,0,NA,0,5,5,0,NA,5,83,83,NA,NA,83,0,0,NA,0,0,0,0,0,0,0,1,1,0,NA,1,10,10,0,10,0,1,1,0,NA,1,0,0,NA,NA,0,0,0,0,0,0,0,0,0,0,0,0,0,0,0,0,0,0,NA,NA,0,2,2,0,0,2,9,9,NA,NA,9,0,0,0,NA,0,0,0,NA,NA,0,15,15,0,0,15,2,0,2,NA,2,0,0,0,0,0,28,28,0,NA,28,2,2,0,NA,2,0,0,0,NA,0
M4 [Pregnancy outcome & details of new-born],'4.3.3',Number of women provided with post abortion/ MTP contraception,TOTAL,1251,1251,0,9,1242,140,140,0,NA,140,135,135,NA,NA,135,5,5,NA,NA,5,0,0,0,0,0,11,11,0,NA,11,92,92,0,NA,92,232,232,NA,NA,232,0,0,NA,0,0,18,18,0,0,18,0,0,0,NA,0,61,61,0,9,52,120,120,0,NA,120,0,0,NA,NA,0,15,15,0,0,15,9,9,0,0,9,72,72,0,0,72,27,27,NA,NA,27,8,8,0,0,8,24,24,NA,NA,24,85,85,0,NA,85,0,0,NA,NA,0,95,95,0,0,95,6,6,0,NA,6,2,2,0,0,2,38,38,0,NA,38,54,54,0,NA,54,2,2,0,NA,2
M4 [Pregnancy outcome & details of new-born],'4.4.1',Number of newborns weighed at birth,TOTAL,38508,32355,6153,3834,34674,527,513,14,NA,527,2380,2291,89,30,2350,932,669,263,270,662,2979,2362,617,260,2719,458,439,19,NA,458,1219,1177,42,NA,1219,884,850,34,NA,884,3252,3191,61,14,3238,1443,1068,375,245,1198,283,283,0,NA,283,1706,1574,132,166,1540,867,675,192,NA,867,865,865,NA,NA,865,1089,755,334,256,833,2773,1782,991,1078,1695,1391,1178,213,93,1298,1188,1188,NA,4,1184,2017,1713,304,80,1937,1007,940,67,NA,1007,1119,966,153,116,1003,988,985,3,NA,988,3791,2878,913,738,3053,790,499,291,NA,790,756,573,183,96,660,2033,1647,386,134,1899,1371,965,406,254,1117,400,329,71,NA,400
M4 [Pregnancy outcome & details of new-born],'4.4.2',Number of newborns having weight less than 2.5 kg,TOTAL,5327,4733,594,315,5012,63,60,3,NA,63,378,361,17,10,368,104,104,NA,NA,104,497,439,58,10,487,34,34,0,NA,34,126,124,2,NA,126,96,88,8,NA,96,444,431,13,0,444,306,284,22,11,295,17,17,0,NA,17,177,145,32,34,143,102,90,12,NA,102,67,67,NA,NA,67,242,241,1,1,241,515,505,10,20,495,163,142,21,5,158,94,94,NA,NA,94,229,184,45,9,220,87,82,5,NA,87,161,134,27,22,139,157,157,0,NA,157,397,237,160,140,257,102,47,55,NA,102,155,137,18,15,140,323,294,29,13,310,213,167,46,25,188,78,68,10,NA,78
M4 [Pregnancy outcome & details of new-born],'4.4.3',Number of Newborns breast fed within 1 hour of birth ,TOTAL,37957,32203,5754,3529,34428,528,514,14,NA,528,2364,2275,89,30,2334,925,662,263,270,655,2963,2346,617,260,2703,446,427,19,NA,446,1217,1175,42,NA,1217,874,840,34,NA,874,3251,3190,61,14,3237,1436,1063,373,245,1191,287,286,1,NA,287,1706,1574,132,166,1540,836,660,176,NA,836,858,858,NA,NA,858,1047,751,296,256,791,2772,1781,991,1077,1695,1389,1176,213,93,1296,1172,1172,NA,4,1168,1966,1707,259,38,1928,995,928,67,NA,995,1155,1002,153,116,1039,924,921,3,NA,924,3588,2918,670,507,3081,757,480,277,NA,757,717,541,176,89,628,1965,1603,362,110,1855,1370,964,406,254,1116,449,389,60,NA,449
M5 [Complicated Pregnancies],'5.1',"Number of cases of pregnant women with Obstetric Complications attended (Antepartum haemorrhage (APH), Post-Partum Hemorrhage (PPH), Sepsis, Eclampsia and others)",TOTAL,4110,3285,825,655,3455,8,8,0,NA,8,99,99,NA,NA,99,332,110,222,222,110,569,540,29,0,569,4,2,2,NA,4,355,355,0,NA,355,65,65,NA,NA,65,113,113,NA,0,113,508,296,212,211,297,1,1,0,NA,1,112,100,12,15,97,59,59,0,NA,59,92,92,NA,NA,92,188,157,31,31,157,328,268,60,95,233,60,52,8,0,60,50,50,NA,NA,50,353,264,89,0,353,58,58,NA,NA,58,16,15,1,NA,16,173,173,0,NA,173,93,93,0,0,93,89,46,43,NA,89,180,180,0,0,180,93,54,39,8,85,104,27,77,73,31,8,8,0,NA,8
M5 [Complicated Pregnancies],'5.2',Number of Complicated pregnancies treated with Blood Transfusion,TOTAL,1968,1963,5,2,1966,0,0,NA,NA,0,6,6,NA,NA,6,21,21,NA,NA,21,457,457,0,0,457,0,0,0,NA,0,108,108,0,NA,108,0,0,NA,NA,0,60,60,NA,NA,60,364,364,0,0,364,27,27,NA,NA,27,34,34,0,0,34,46,46,NA,NA,46,25,25,NA,NA,25,25,25,0,0,25,497,497,NA,2,495,19,19,0,NA,19,20,20,NA,NA,20,0,0,0,0,0,39,39,NA,NA,39,59,59,NA,NA,59,22,22,NA,NA,22,23,23,0,0,23,27,27,NA,NA,27,9,9,0,NA,9,79,74,5,NA,79,1,1,NA,NA,1,0,0,NA,NA,0
M6 [Post Natal Care (PNC)],'6.1',Women receiving 1st post partum checkup within 48 hours of home delivery,TOTAL,4435,4332,103,20,4415,25,25,0,NA,25,541,541,NA,NA,541,38,38,0,4,34,88,88,0,0,88,107,107,0,NA,107,45,45,0,NA,45,1,1,NA,NA,1,1333,1324,9,0,1333,5,0,5,0,5,84,84,0,NA,84,82,82,0,2,80,17,17,0,NA,17,158,158,NA,NA,158,4,4,0,1,3,20,20,0,5,15,24,24,0,0,24,234,234,NA,3,231,491,491,0,0,491,112,112,NA,NA,112,6,6,0,2,4,105,105,0,NA,105,434,434,0,3,431,28,28,NA,NA,28,11,9,2,0,11,259,209,50,0,259,47,25,22,NA,47,136,121,15,NA,136
M6 [Post Natal Care (PNC)],'6.2',Women receiving 1st post partum checkup between 48 hours and 14 days,TOTAL,31307,28888,2419,1812,29495,961,958,3,NA,961,1664,1634,30,NA,1664,642,642,NA,67,575,1852,1808,44,0,1852,503,487,16,NA,503,941,940,1,NA,941,803,803,NA,NA,803,2269,2248,21,0,2269,1487,1067,420,303,1184,92,92,0,NA,92,1068,1065,3,63,1005,733,726,7,NA,733,744,744,NA,NA,744,1344,1342,2,69,1275,1284,493,791,960,324,1473,1473,0,0,1473,1056,1056,NA,11,1045,1144,1086,58,0,1144,507,507,NA,NA,507,1631,1552,79,23,1608,892,889,3,NA,892,2646,2622,24,42,2604,1105,815,290,NA,1105,1068,969,99,6,1062,1382,1167,215,93,1289,1483,1226,257,175,1308,533,477,56,NA,533
M6 [Post Natal Care (PNC)],'6.3',Number of mothers provided full course of 180 IFA tablets after delivery,TOTAL,38287,36870,1417,1381,36906,1027,1024,3,NA,1027,2585,2506,79,31,2554,932,932,NA,49,883,1580,1468,112,0,1580,519,509,10,NA,519,1990,1988,2,NA,1990,606,606,NA,NA,606,3064,3034,30,0,3064,1934,1510,424,314,1620,130,130,0,NA,130,2085,2048,37,76,2009,739,737,2,NA,739,828,828,NA,NA,828,1425,1424,1,81,1344,2223,2177,46,550,1673,1504,1436,68,0,1504,989,989,NA,12,977,2256,2256,0,0,2256,626,626,NA,NA,626,985,937,48,21,964,802,799,3,NA,802,3334,3319,15,87,3247,895,895,NA,NA,895,1006,925,81,7,999,1973,1746,227,96,1877,1534,1354,180,57,1477,716,667,49,NA,716
M6 [Post Natal Care (PNC)],'6.4',Number of mothers provided 360 Calcium tablets after delivery,TOTAL,35458,34082,1376,1347,34111,979,976,3,NA,979,2364,2289,75,31,2333,838,838,NA,49,789,1662,1550,112,0,1662,417,401,16,NA,417,1958,1956,2,NA,1958,562,562,NA,NA,562,3048,3018,30,0,3048,1852,1440,412,288,1564,131,131,0,NA,131,2076,2034,42,82,1994,771,769,2,NA,771,716,716,NA,NA,716,1396,1395,1,81,1315,2212,2166,46,543,1669,1289,1221,68,0,1289,867,867,NA,4,863,2236,2236,0,0,2236,385,385,NA,NA,385,696,648,48,21,675,830,827,3,NA,830,3027,3008,19,88,2939,874,874,NA,NA,874,945,868,77,7,938,1285,1077,208,96,1189,1396,1225,171,57,1339,646,605,41,NA,646
M7 [Reproductive Tract Infections/Sexually Transmitted Infections (RTI/STI) Cases],'7.1.1',New RTI/STI cases identified - Male,TOTAL,996,992,4,0,996,7,7,0,NA,7,30,30,NA,NA,30,0,0,NA,NA,0,16,16,0,0,16,14,14,NA,NA,14,15,15,0,NA,15,64,64,NA,NA,64,12,12,NA,0,12,91,91,0,0,91,30,30,0,NA,30,26,26,0,0,26,114,114,0,NA,114,99,99,NA,NA,99,51,51,0,0,51,73,73,0,0,73,38,38,0,0,38,0,0,NA,NA,0,0,0,0,0,0,55,55,NA,NA,55,105,105,0,NA,105,37,37,0,NA,37,23,23,0,0,23,0,0,NA,NA,0,19,16,3,0,19,30,30,0,NA,30,20,19,1,NA,20,27,27,0,NA,27
M7 [Reproductive Tract Infections/Sexually Transmitted Infections (RTI/STI) Cases],'7.1.2',New RTI/STI cases identified - Female,TOTAL,2754,2747,7,5,2749,31,31,0,NA,31,230,230,NA,NA,230,0,0,NA,NA,0,174,174,0,0,174,63,63,NA,NA,63,103,103,0,NA,103,181,181,NA,NA,181,173,173,NA,0,173,89,89,0,0,89,50,50,0,NA,50,119,119,0,0,119,141,141,0,NA,141,225,225,NA,NA,225,75,75,0,0,75,114,114,0,2,112,107,107,0,0,107,0,0,NA,NA,0,0,0,0,0,0,100,100,NA,NA,100,195,195,0,NA,195,165,165,0,NA,165,125,122,3,3,122,2,2,NA,NA,2,76,72,4,0,76,91,91,0,NA,91,77,77,0,NA,77,48,48,0,NA,48
M7 [Reproductive Tract Infections/Sexually Transmitted Infections (RTI/STI) Cases],'7.2.1',RTI/STI for which treatment initiated - Male,TOTAL,883,882,1,0,883,7,7,0,NA,7,29,29,NA,NA,29,2,2,NA,NA,2,16,16,0,0,16,11,11,NA,NA,11,6,6,0,NA,6,64,64,NA,NA,64,12,12,NA,0,12,79,79,0,0,79,0,0,0,NA,0,11,11,0,0,11,114,114,0,NA,114,99,99,NA,NA,99,51,51,0,0,51,68,68,0,0,68,38,38,0,0,38,0,0,NA,NA,0,0,0,0,0,0,24,24,NA,NA,24,105,105,0,NA,105,37,37,0,NA,37,23,23,0,0,23,0,0,NA,NA,0,16,16,0,0,16,30,30,0,NA,30,14,13,1,NA,14,27,27,0,NA,27
M7 [Reproductive Tract Infections/Sexually Transmitted Infections (RTI/STI) Cases],'7.2.2',RTI/STI for which treatment initiated -Female,TOTAL,2569,2569,0,0,2569,31,31,0,NA,31,230,230,NA,NA,230,2,2,NA,NA,2,174,174,0,0,174,63,63,NA,NA,63,100,100,0,NA,100,181,181,NA,NA,181,144,144,NA,0,144,61,61,0,0,61,0,0,0,NA,0,117,117,0,0,117,141,141,0,NA,141,225,225,NA,NA,225,75,75,0,0,75,94,94,0,0,94,107,107,0,0,107,0,0,NA,NA,0,0,0,0,0,0,69,69,NA,NA,69,195,195,0,NA,195,165,165,0,NA,165,122,122,0,0,122,2,2,NA,NA,2,72,72,0,0,72,91,91,0,NA,91,60,60,0,NA,60,48,48,0,NA,48
M8 [Family Planning],'8.1.1',Number of Non Scalpel Vasectomy (NSV) / Conventional Vasectomy conducted,TOTAL,2,2,0,1,1,0,0,0,NA,0,0,0,NA,NA,0,0,0,NA,NA,0,0,0,0,0,0,0,0,NA,NA,0,0,0,0,NA,0,0,0,NA,NA,0,0,0,NA,0,0,0,0,0,0,0,0,0,0,NA,0,2,2,0,1,1,0,0,0,NA,0,0,0,NA,NA,0,0,0,0,0,0,0,0,0,0,0,0,0,0,0,0,0,0,NA,NA,0,0,0,0,0,0,0,0,NA,NA,0,0,0,0,NA,0,0,0,NA,NA,0,0,0,0,0,0,0,0,0,NA,0,0,0,0,0,0,0,0,0,NA,0,0,0,0,NA,0,0,0,0,NA,0
M8 [Family Planning],'8.2.1',Number of Laparoscopic sterilizations (excluding post abortion) conducted,TOTAL,772,737,35,44,728,0,0,0,NA,0,18,18,NA,NA,18,30,30,NA,30,0,36,36,0,0,36,0,0,NA,NA,0,0,0,0,NA,0,39,39,NA,NA,39,3,3,NA,0,3,12,12,0,0,12,0,0,0,NA,0,2,2,0,0,2,126,125,1,NA,126,0,0,NA,NA,0,1,1,0,0,1,23,19,4,14,9,53,53,0,0,53,0,0,NA,NA,0,0,0,0,0,0,0,0,NA,NA,0,159,159,0,NA,159,48,48,NA,NA,48,65,35,30,0,65,0,0,0,NA,0,25,25,0,0,25,47,47,0,NA,47,85,85,0,NA,85,0,0,0,NA,0
M8 [Family Planning],'8.2.2',Number of Interval Mini-lap (other than post-partum and post abortion) sterilizations conducted,TOTAL,63,9,54,54,9,0,0,0,NA,0,3,3,NA,NA,3,1,1,NA,NA,1,0,0,0,0,0,0,0,NA,NA,0,0,0,0,NA,0,2,2,NA,NA,2,0,0,NA,0,0,0,0,0,0,0,0,0,0,NA,0,0,0,0,0,0,0,0,0,NA,0,0,0,NA,NA,0,1,1,0,0,1,1,1,0,0,1,0,0,0,0,0,0,0,NA,NA,0,0,0,0,0,0,0,0,NA,NA,0,0,0,0,NA,0,0,0,NA,NA,0,54,0,54,54,0,0,0,0,NA,0,0,0,0,0,0,0,0,0,NA,0,1,1,0,NA,1,0,0,0,NA,0
M8 [Family Planning],'8.2.3',Number of Postpartum sterilizations (within 7 days of delivery by minilap or concurrent with caesarean section) conducted,TOTAL,946,828,118,76,870,2,2,0,NA,2,73,65,8,2,71,49,25,24,24,25,81,68,13,4,77,0,0,NA,NA,0,22,22,0,NA,22,42,42,NA,NA,42,15,15,NA,0,15,30,30,0,0,30,10,10,0,NA,10,44,29,15,15,29,26,26,0,NA,26,0,0,NA,NA,0,19,19,0,0,19,191,183,8,11,180,23,23,0,0,23,11,11,NA,NA,11,18,6,12,6,12,19,19,NA,NA,19,48,48,0,NA,48,10,10,NA,NA,10,49,35,14,14,35,34,13,21,NA,34,18,18,0,0,18,49,46,3,NA,49,62,62,0,NA,62,1,1,0,NA,1
M8 [Family Planning],'8.2.4',Number of Post Abortion sterilizations (within 7 days of spontaneous or surgical abortion) conducted,TOTAL,28,28,0,0,28,0,0,0,NA,0,1,1,NA,NA,1,0,0,NA,NA,0,17,17,0,0,17,0,0,NA,NA,0,0,0,0,NA,0,2,2,NA,NA,2,0,0,NA,0,0,0,0,0,0,0,0,0,0,NA,0,0,0,0,0,0,1,1,0,NA,1,0,0,NA,NA,0,0,0,0,0,0,3,3,0,0,3,3,3,0,0,3,0,0,NA,NA,0,0,0,0,0,0,0,0,NA,NA,0,0,0,0,NA,0,0,0,NA,NA,0,0,0,0,0,0,0,0,0,NA,0,0,0,0,0,0,0,0,0,NA,0,1,1,0,NA,1,0,0,0,NA,0
M8 [Family Planning],'8.3',Number of Interval IUCD Insertions (excluding PPIUCD and PAIUCD),TOTAL,3000,2982,18,30,2970,94,94,0,NA,94,196,196,0,NA,196,409,409,NA,NA,409,67,67,0,7,60,74,74,NA,NA,74,138,138,0,NA,138,86,86,NA,NA,86,243,240,3,3,240,101,98,3,0,101,23,23,0,NA,23,154,154,0,0,154,73,73,0,NA,73,132,132,NA,NA,132,75,75,0,0,75,38,37,1,20,18,123,123,0,0,123,133,133,NA,NA,133,69,69,0,0,69,120,120,NA,NA,120,98,96,2,NA,98,91,91,NA,NA,91,146,144,2,0,146,67,60,7,NA,67,49,49,0,0,49,92,92,0,NA,92,74,74,0,NA,74,35,35,0,NA,35
M8 [Family Planning],'8.4',Number of Postpartum (within 48 hours of delivery) IUCD insertions,TOTAL,5599,5591,8,59,5540,86,86,0,NA,86,258,258,0,NA,258,176,176,NA,14,162,184,184,0,0,184,19,19,NA,NA,19,535,535,0,NA,535,234,234,NA,NA,234,164,164,0,0,164,442,442,0,20,422,22,22,0,NA,22,198,198,0,7,191,388,388,0,NA,388,127,127,NA,NA,127,120,120,0,0,120,1042,1042,0,11,1031,119,119,0,0,119,55,55,NA,NA,55,114,114,0,0,114,45,45,NA,NA,45,135,135,0,NA,135,69,69,NA,NA,69,315,308,7,7,308,146,146,0,NA,146,157,157,0,0,157,153,152,1,NA,153,234,234,0,NA,234,62,62,0,NA,62
M8 [Family Planning],'8.5',Number of Post Abortion (within 12 days of spontaneous or surgical abortion) IUCD insertions,TOTAL,1152,1137,15,36,1116,47,47,0,NA,47,59,59,0,NA,59,97,97,NA,NA,97,15,15,0,0,15,11,11,NA,NA,11,145,145,0,NA,145,111,111,NA,NA,111,81,81,NA,26,55,69,69,0,0,69,6,6,0,NA,6,76,76,0,9,67,6,6,0,NA,6,6,6,NA,NA,6,60,60,0,1,59,4,4,0,0,4,34,34,0,0,34,56,56,NA,NA,56,3,3,0,0,3,1,1,NA,NA,1,18,18,0,NA,18,0,0,NA,NA,0,93,78,15,0,93,56,56,0,NA,56,15,15,0,0,15,13,13,0,NA,13,66,66,0,NA,66,4,4,0,NA,4
M8 [Family Planning],'8.6',Number of IUCD Removals,TOTAL,1349,1330,19,30,1319,56,56,0,NA,56,31,30,1,NA,31,33,33,NA,NA,33,8,7,1,0,8,50,50,NA,NA,50,70,70,0,NA,70,104,104,NA,NA,104,55,55,0,0,55,59,57,2,19,40,18,18,0,NA,18,42,42,0,0,42,88,88,0,NA,88,42,42,NA,NA,42,22,22,0,0,22,90,88,2,11,79,59,59,0,0,59,58,58,NA,NA,58,36,36,0,0,36,114,114,NA,NA,114,16,14,2,NA,16,29,29,NA,NA,29,39,38,1,0,39,29,22,7,NA,29,30,29,1,0,30,39,39,0,NA,39,65,63,2,NA,65,67,67,0,NA,67
M8 [Family Planning],'8.7',Number of complications following IUCD Insertion,TOTAL,188,186,2,2,186,5,5,0,NA,5,6,6,NA,NA,6,3,3,NA,2,1,0,0,0,0,0,20,20,NA,NA,20,31,31,0,NA,31,19,19,NA,NA,19,16,14,2,0,16,3,3,0,0,3,0,0,0,NA,0,2,2,0,0,2,5,5,0,NA,5,9,9,NA,NA,9,7,7,0,0,7,2,2,0,0,2,2,2,0,0,2,10,10,NA,NA,10,0,0,0,0,0,10,10,NA,NA,10,5,5,0,NA,5,1,1,NA,NA,1,4,4,0,0,4,7,7,0,NA,7,1,1,0,0,1,7,7,0,NA,7,3,3,0,NA,3,10,10,0,NA,10
M8 [Family Planning],'8.8',Injectable Contraceptive-Antara Program- First Dose,TOTAL,3508,3472,36,49,3459,11,11,0,NA,11,159,127,32,NA,159,75,75,NA,2,73,55,55,0,0,55,25,25,NA,NA,25,167,167,0,NA,167,147,147,NA,NA,147,927,924,3,13,914,35,35,0,8,27,0,0,0,NA,0,196,196,0,0,196,30,30,0,NA,30,259,259,NA,NA,259,9,9,0,0,9,70,70,0,14,56,193,193,0,0,193,45,45,NA,12,33,376,376,0,0,376,113,113,NA,NA,113,73,73,0,NA,73,88,88,NA,NA,88,108,108,0,0,108,8,8,NA,NA,8,65,65,0,0,65,205,204,1,NA,205,40,40,0,NA,40,29,29,0,NA,29
M8 [Family Planning],'8.9',Injectable Contraceptive-Antara Program- Second Dose,TOTAL,1206,1204,2,7,1199,6,6,0,NA,6,33,33,0,NA,33,20,20,NA,1,19,25,25,0,0,25,3,3,NA,NA,3,73,73,0,NA,73,40,40,NA,NA,40,173,171,2,3,170,5,5,0,0,5,0,0,0,NA,0,66,66,0,0,66,18,18,0,NA,18,220,220,NA,NA,220,0,0,0,0,0,25,25,0,0,25,18,18,0,0,18,14,14,NA,3,11,186,186,0,0,186,13,13,NA,NA,13,46,46,0,NA,46,50,50,NA,NA,50,27,27,0,0,27,3,3,NA,NA,3,49,49,0,0,49,35,35,0,NA,35,41,41,0,NA,41,17,17,0,NA,17
M8 [Family Planning],'8.10',Injectable Contraceptive-Antara Program- Third Dose,TOTAL,454,454,0,14,440,2,2,0,NA,2,21,21,0,NA,21,14,14,NA,2,12,11,11,0,0,11,0,0,NA,NA,0,36,36,0,NA,36,24,24,NA,NA,24,53,53,0,7,46,1,1,0,0,1,0,0,0,NA,0,15,15,0,0,15,8,8,0,NA,8,64,64,NA,NA,64,0,0,0,0,0,13,13,0,0,13,12,12,0,0,12,9,9,NA,5,4,92,92,0,0,92,13,13,NA,NA,13,29,29,0,NA,29,5,5,NA,NA,5,4,4,0,0,4,0,0,NA,NA,0,12,12,0,0,12,9,9,0,NA,9,7,7,0,NA,7,0,0,0,NA,0
M8 [Family Planning],'8.11',Injectable Contraceptive-Antara Program- Fourth or more than fourth,TOTAL,510,451,59,6,504,4,4,0,NA,4,19,19,NA,NA,19,11,11,NA,1,10,1,1,0,0,1,0,0,NA,NA,0,10,10,0,NA,10,18,18,NA,NA,18,28,28,0,1,27,0,0,0,0,0,0,0,0,NA,0,1,1,0,0,1,159,159,0,NA,159,50,50,NA,NA,50,0,0,0,0,0,16,16,0,0,16,12,12,0,0,12,1,1,NA,0,1,50,50,0,0,50,13,13,NA,NA,13,10,10,0,4,6,9,9,NA,NA,9,3,3,0,0,3,0,0,NA,NA,0,1,1,0,0,1,12,12,0,NA,12,4,4,0,NA,4,78,19,59,NA,78
M8 [Family Planning],'8.12',Number of Combined Oral Pill cycles distributed,TOTAL,132643,128397,4246,3082,129561,3658,3634,24,NA,3658,11436,11137,299,NA,11436,4479,4478,1,441,4038,2947,2933,14,0,2947,2068,2068,NA,NA,2068,4883,4873,10,NA,4883,4477,4477,NA,NA,4477,10570,10030,540,49,10521,4792,4222,570,249,4543,888,888,0,NA,888,6503,6326,177,366,6137,5039,5011,28,NA,5039,3457,3457,NA,NA,3457,3023,3013,10,197,2826,1922,1922,0,1002,920,8588,8588,0,0,8588,4157,4157,NA,156,4001,4313,4313,0,56,4257,5354,5354,NA,NA,5354,5717,5499,218,10,5707,4986,4981,5,NA,4986,6001,5979,22,79,5922,5347,5347,NA,NA,5347,3948,3521,427,187,3761,5811,5169,642,34,5777,5708,4724,984,256,5452,2571,2296,275,NA,2571
M8 [Family Planning],'8.13',Number of Condom pieces distributed,TOTAL,367267,358479,8788,10628,356639,7131,7108,23,NA,7131,22247,20995,1252,NA,22247,9637,9537,100,692,8945,13701,13669,32,732,12969,2959,2959,NA,NA,2959,14649,14644,5,NA,14649,11090,11090,NA,NA,11090,24596,23979,617,706,23890,15076,13670,1406,587,14489,1568,1568,0,NA,1568,24680,22380,2300,670,24010,15221,15188,33,NA,15221,18851,18851,NA,NA,18851,11578,11553,25,2408,9170,8712,8712,0,2268,6444,26720,26720,0,0,26720,19660,19660,NA,871,18789,13181,13181,0,0,13181,9599,9599,NA,NA,9599,11111,10676,435,802,10309,7047,7043,4,NA,7047,16440,16302,138,28,16412,17624,17624,NA,NA,17624,15517,14971,546,306,15211,14568,13844,724,18,14550,9600,8691,909,540,9060,4504,4265,239,NA,4504
M8 [Family Planning],'8.14',Number of Centchroman (weekly) pill strips distributed,TOTAL,5419,5216,203,253,5166,51,51,0,NA,51,267,267,0,NA,267,10,10,NA,5,5,504,504,0,0,504,23,23,NA,NA,23,39,39,0,NA,39,387,387,NA,NA,387,640,492,148,0,640,158,126,32,27,131,2,2,0,NA,2,1313,1313,0,5,1308,64,64,0,NA,64,200,200,NA,NA,200,36,36,0,36,0,0,0,0,0,0,168,168,0,0,168,19,19,NA,0,19,300,300,0,160,140,145,145,NA,NA,145,38,38,0,NA,38,163,163,0,NA,163,109,109,0,20,89,3,3,NA,NA,3,36,18,18,0,36,258,258,0,NA,258,486,481,5,NA,486,0,0,0,NA,0
M8 [Family Planning],'8.15',Number of Emergency Contraceptive Pills (ECP) given,TOTAL,2677,2655,22,237,2440,51,51,0,NA,51,283,283,0,NA,283,19,19,NA,5,14,26,26,0,0,26,44,44,NA,NA,44,21,21,0,NA,21,88,88,NA,NA,88,128,126,2,11,117,89,89,0,0,89,25,25,0,NA,25,316,316,0,0,316,24,24,0,NA,24,271,271,NA,NA,271,11,11,0,0,11,125,125,0,118,7,113,113,0,0,113,46,46,NA,0,46,299,299,0,0,299,37,37,NA,NA,37,70,70,0,NA,70,37,37,0,NA,37,172,172,0,0,172,16,16,NA,NA,16,12,12,0,0,12,39,39,0,NA,39,282,262,20,103,179,33,33,0,NA,33
M8 [Family Planning],'8.16',Number of Pregnancy Test Kits (PTK) used,TOTAL,34982,33586,1396,1356,33626,737,737,0,NA,737,2098,2010,88,3,2095,554,554,NA,83,471,2239,2067,172,400,1839,418,418,NA,NA,418,752,752,0,NA,752,1115,1115,NA,NA,1115,4438,4353,85,6,4432,1619,1438,181,122,1497,498,498,0,NA,498,1510,1404,106,58,1452,1199,1199,0,NA,1199,1242,1242,NA,NA,1242,1084,1082,2,159,925,1023,992,31,327,696,1362,1362,0,0,1362,1215,1215,NA,14,1201,2045,2045,0,15,2030,701,701,NA,NA,701,665,627,38,NA,665,549,547,2,NA,549,2334,2318,16,82,2252,787,787,NA,NA,787,1050,935,115,5,1045,1866,1637,229,NA,1866,1319,1021,298,82,1237,563,530,33,NA,563
M8 [Family Planning],'8.17.1',Complications following male sterilization,TOTAL,0,0,0,0,0,0,0,0,NA,0,0,0,0,NA,0,0,0,NA,NA,0,0,0,0,0,0,0,0,NA,NA,0,0,0,0,NA,0,0,0,NA,NA,0,0,0,0,0,0,0,0,0,0,0,0,0,0,NA,0,0,0,0,0,0,0,0,0,NA,0,0,0,NA,NA,0,0,0,0,0,0,0,0,0,0,0,0,0,0,0,0,0,0,NA,NA,0,0,0,0,0,0,0,0,NA,NA,0,0,0,0,NA,0,0,0,NA,NA,0,0,0,0,0,0,0,0,0,NA,0,0,0,0,0,0,0,0,0,NA,0,0,0,0,NA,0,0,0,0,NA,0
M8 [Family Planning],'8.17.2',Complications following female sterilization,TOTAL,3,3,0,0,3,0,0,0,NA,0,1,1,0,NA,1,0,0,NA,NA,0,0,0,0,0,0,0,0,NA,NA,0,2,2,0,NA,2,0,0,NA,NA,0,0,0,0,0,0,0,0,0,0,0,0,0,0,NA,0,0,0,0,0,0,0,0,0,NA,0,0,0,NA,NA,0,0,0,0,0,0,0,0,0,0,0,0,0,0,0,0,0,0,NA,NA,0,0,0,0,0,0,0,0,NA,NA,0,0,0,0,NA,0,0,0,NA,NA,0,0,0,0,0,0,0,0,0,NA,0,0,0,0,0,0,0,0,0,NA,0,0,0,0,NA,0,0,0,0,NA,0
M8 [Family Planning],'8.17.3',Failures following male sterilization,TOTAL,0,0,0,0,0,0,0,0,NA,0,0,0,NA,NA,0,0,0,NA,NA,0,0,0,0,0,0,0,0,NA,NA,0,0,0,0,NA,0,0,0,NA,NA,0,0,0,NA,0,0,0,0,0,0,0,0,0,0,NA,0,0,0,0,0,0,0,0,0,NA,0,0,0,NA,NA,0,0,0,0,0,0,0,0,0,0,0,0,0,0,0,0,0,0,NA,NA,0,0,0,0,0,0,0,0,NA,NA,0,0,0,0,NA,0,0,0,NA,NA,0,0,0,0,0,0,0,0,0,NA,0,0,0,0,0,0,0,0,0,NA,0,0,0,0,NA,0,0,0,0,NA,0
M8 [Family Planning],'8.17.4',Failures following female sterilization,TOTAL,0,0,0,0,0,0,0,0,NA,0,0,0,NA,NA,0,0,0,NA,NA,0,0,0,0,0,0,0,0,NA,NA,0,0,0,0,NA,0,0,0,NA,NA,0,0,0,NA,0,0,0,0,0,0,0,0,0,0,NA,0,0,0,0,0,0,0,0,0,NA,0,0,0,NA,NA,0,0,0,0,0,0,0,0,0,0,0,0,0,0,0,0,0,0,NA,NA,0,0,0,0,0,0,0,0,NA,NA,0,0,0,0,NA,0,0,0,NA,NA,0,0,0,0,0,0,0,0,0,NA,0,0,0,0,0,0,0,0,0,NA,0,0,0,0,NA,0,0,0,0,NA,0
M8 [Family Planning],'8.17.5',Deaths following male sterilization,TOTAL,0,0,0,0,0,0,0,0,NA,0,0,0,NA,NA,0,0,0,NA,NA,0,0,0,0,0,0,0,0,NA,NA,0,0,0,0,NA,0,0,0,NA,NA,0,0,0,NA,0,0,0,0,0,0,0,0,0,0,NA,0,0,0,0,0,0,0,0,0,NA,0,0,0,NA,NA,0,0,0,0,0,0,0,0,0,0,0,0,0,0,0,0,0,0,NA,NA,0,0,0,0,0,0,0,0,NA,NA,0,0,0,0,NA,0,0,0,NA,NA,0,0,0,0,0,0,0,0,0,NA,0,0,0,0,0,0,0,0,0,NA,0,0,0,0,NA,0,0,0,0,NA,0
M8 [Family Planning],'8.17.6',Deaths following female sterilization,TOTAL,0,0,0,0,0,0,0,0,NA,0,0,0,NA,NA,0,0,0,NA,NA,0,0,0,0,0,0,0,0,NA,NA,0,0,0,0,NA,0,0,0,NA,NA,0,0,0,NA,0,0,0,0,0,0,0,0,0,0,NA,0,0,0,0,0,0,0,0,0,NA,0,0,0,NA,NA,0,0,0,0,0,0,0,0,0,0,0,0,0,0,0,0,0,0,NA,NA,0,0,0,0,0,0,0,0,NA,NA,0,0,0,0,NA,0,0,0,NA,NA,0,0,0,0,0,0,0,0,0,NA,0,0,0,0,0,0,0,0,0,NA,0,0,0,0,NA,0,0,0,0,NA,0
M9 [CHILD IMMUNISATION],'9.1.1',Child immunisation - Vitamin K1 (Birth Dose),TOTAL,25029,21656,3373,2276,22753,340,340,0,NA,340,925,925,NA,NA,925,868,605,263,266,602,2464,1878,586,260,2204,265,265,NA,NA,265,959,952,7,NA,959,712,712,NA,NA,712,1514,1514,0,14,1500,1328,1052,276,241,1087,55,54,1,NA,55,1180,1180,0,32,1148,657,611,46,NA,657,692,692,NA,NA,692,738,735,3,0,738,2730,1740,990,1071,1659,765,765,0,0,765,672,672,NA,NA,672,1172,979,193,0,1172,629,629,NA,NA,629,779,765,14,NA,779,552,549,3,NA,552,2244,1693,551,318,1926,721,436,285,NA,721,477,470,7,0,477,407,349,58,24,383,837,764,73,50,787,347,330,17,NA,347
M9 [CHILD IMMUNISATION],'9.1.2',Child immunisation - BCG,TOTAL,47206,43229,3977,3442,43764,970,968,2,NA,970,3282,3181,101,NA,3282,969,924,45,98,871,3369,2852,517,279,3090,627,627,NA,NA,627,1415,1387,28,NA,1415,886,886,NA,NA,886,4029,3979,50,30,3999,933,564,369,220,713,324,323,1,NA,324,1925,1884,41,79,1846,956,914,42,NA,956,1093,1093,NA,NA,1093,999,933,66,113,886,3702,2712,990,2065,1637,1697,1697,0,0,1697,1652,1652,NA,7,1645,2725,2539,186,17,2708,1310,1310,NA,NA,1310,1327,1273,54,28,1299,1599,1596,3,NA,1599,4791,4275,516,303,4488,883,598,285,NA,883,827,775,52,81,746,2645,2347,298,53,2592,1554,1291,263,69,1485,717,649,68,NA,717
M9 [CHILD IMMUNISATION],'9.1.3',Child immunisation - DPT1,TOTAL,8,8,0,0,8,NA,NA,NA,NA,NA,NA,NA,NA,NA,NA,NA,NA,NA,NA,NA,NA,NA,NA,NA,NA,NA,NA,NA,NA,NA,NA,NA,NA,NA,NA,NA,NA,NA,NA,NA,8,8,NA,NA,8,NA,NA,NA,NA,NA,NA,NA,NA,NA,NA,NA,NA,NA,NA,NA,0,0,0,NA,0,NA,NA,NA,NA,NA,0,NA,0,NA,0,0,NA,0,0,NA,NA,NA,NA,NA,NA,NA,NA,NA,NA,NA,0,0,NA,0,0,0,0,NA,NA,0,0,0,NA,NA,0,NA,NA,NA,NA,NA,NA,NA,NA,NA,NA,0,0,NA,NA,0,NA,NA,NA,NA,NA,0,NA,0,0,NA,0,0,NA,NA,0,NA,NA,NA,NA,NA
M9 [CHILD IMMUNISATION],'9.1.4',Child immunisation - DPT2,TOTAL,16,16,0,0,16,NA,NA,NA,NA,NA,NA,NA,NA,NA,NA,NA,NA,NA,NA,NA,NA,NA,NA,NA,NA,NA,NA,NA,NA,NA,NA,NA,NA,NA,NA,NA,NA,NA,NA,NA,16,16,NA,NA,16,NA,NA,NA,NA,NA,NA,NA,NA,NA,NA,NA,NA,NA,NA,NA,0,0,0,NA,0,NA,NA,NA,NA,NA,0,NA,0,NA,0,0,NA,0,0,NA,NA,NA,NA,NA,NA,NA,NA,NA,NA,NA,0,0,NA,0,0,0,0,NA,NA,0,0,0,NA,NA,0,NA,NA,NA,NA,NA,NA,NA,NA,NA,NA,0,0,NA,NA,0,NA,NA,NA,NA,NA,0,NA,0,0,NA,0,0,NA,NA,0,NA,NA,NA,NA,NA
M9 [CHILD IMMUNISATION],'9.1.5',Child immunisation - DPT3,TOTAL,0,0,0,0,0,NA,NA,NA,NA,NA,NA,NA,NA,NA,NA,NA,NA,NA,NA,NA,NA,NA,NA,NA,NA,NA,NA,NA,NA,NA,NA,NA,NA,NA,NA,NA,NA,NA,NA,NA,0,0,NA,NA,0,NA,NA,NA,NA,NA,NA,NA,NA,NA,NA,NA,NA,NA,NA,NA,0,0,0,NA,0,NA,NA,NA,NA,NA,0,NA,0,NA,0,0,NA,0,0,NA,NA,NA,NA,NA,NA,NA,NA,NA,NA,NA,0,0,NA,0,0,0,0,NA,NA,0,0,0,NA,NA,0,NA,NA,NA,NA,NA,NA,NA,NA,NA,NA,0,0,NA,NA,0,NA,NA,NA,NA,NA,0,NA,0,0,NA,0,0,NA,NA,0,NA,NA,NA,NA,NA
M9 [CHILD IMMUNISATION],'9.1.6',Child immunisation - Pentavalent 1,TOTAL,47927,45680,2247,3004,44923,1146,1145,1,NA,1146,2868,2801,67,NA,2868,1048,1018,30,114,934,2891,2746,145,241,2650,620,620,NA,NA,620,1540,1534,6,NA,1540,959,959,NA,NA,959,4126,4057,69,103,4023,1697,1307,390,189,1508,319,319,0,NA,319,1777,1741,36,87,1690,1283,1255,28,NA,1283,1292,1292,NA,NA,1292,1341,1302,39,205,1136,1920,1851,69,1517,403,2186,2186,0,0,2186,1652,1652,NA,87,1565,2339,2339,0,16,2323,1294,1294,NA,NA,1294,1580,1506,74,53,1527,1633,1629,4,NA,1633,4795,4698,97,146,4649,1168,1043,125,NA,1168,1319,1159,160,93,1226,2440,2100,340,43,2397,1723,1264,459,110,1613,971,863,108,NA,971
M9 [CHILD IMMUNISATION],'9.1.7',Child immunisation - Pentavalent 2,TOTAL,50644,48367,2277,3216,47428,1281,1280,1,NA,1281,3106,3027,79,NA,3106,1101,1089,12,90,1011,3073,2932,141,286,2787,716,716,NA,NA,716,1692,1684,8,NA,1692,1086,1086,NA,NA,1086,4091,4017,74,88,4003,1715,1286,429,171,1544,337,337,0,NA,337,1830,1793,37,131,1699,1408,1366,42,NA,1408,1338,1338,NA,NA,1338,1462,1428,34,207,1255,2049,2008,41,1642,407,2313,2313,0,0,2313,1845,1845,NA,95,1750,2405,2405,0,20,2385,1320,1320,NA,NA,1320,1805,1727,78,58,1747,1703,1702,1,NA,1703,4774,4673,101,168,4606,1165,1078,87,NA,1165,1499,1318,181,91,1408,2641,2272,369,45,2596,1855,1398,457,124,1731,1034,929,105,NA,1034
M9 [CHILD IMMUNISATION],'9.1.8',Child immunisation - Pentavalent 3,TOTAL,51087,48750,2337,3401,47686,1320,1319,1,NA,1320,3244,3170,74,NA,3244,1178,1162,16,123,1055,3153,2917,236,378,2775,685,685,NA,NA,685,1701,1692,9,NA,1701,1103,1103,NA,NA,1103,3801,3737,64,93,3708,1705,1306,399,132,1573,288,288,0,NA,288,1914,1890,24,131,1783,1304,1264,40,NA,1304,1404,1404,NA,NA,1404,1536,1507,29,215,1321,2089,2044,45,1642,447,2393,2393,0,0,2393,1844,1844,NA,90,1754,2290,2290,0,26,2264,1415,1415,NA,NA,1415,1873,1788,85,74,1799,1725,1720,5,NA,1725,4664,4562,102,189,4475,1209,1126,83,NA,1209,1608,1436,172,110,1498,2713,2364,349,51,2662,1879,1379,500,147,1732,1049,945,104,NA,1049
M9 [CHILD IMMUNISATION],'9.1.9',Child immunisation - OPV 0 (Birth Dose),TOTAL,25538,22438,3100,2130,23408,349,349,0,NA,349,1333,1290,43,NA,1333,501,442,59,62,439,1945,1577,368,228,1717,207,207,NA,NA,207,879,851,28,NA,879,655,655,NA,NA,655,1218,1218,0,14,1204,1167,876,291,209,958,177,176,1,NA,177,913,899,14,38,875,629,586,43,NA,629,499,499,NA,NA,499,827,761,66,113,714,2637,1647,990,1053,1584,935,935,0,0,935,706,706,NA,NA,706,1270,1043,227,60,1210,727,727,NA,NA,727,801,795,6,19,782,562,562,0,NA,562,2888,2392,496,265,2623,692,410,282,NA,692,467,460,7,3,464,1375,1299,76,44,1331,790,723,67,22,768,389,353,36,NA,389
M9 [CHILD IMMUNISATION],'9.1.10',Child immunisation - OPV1,TOTAL,47888,45607,2281,2996,44892,1148,1147,1,NA,1148,2899,2829,70,NA,2899,1051,1021,30,114,937,2890,2745,145,241,2649,622,622,NA,NA,622,1550,1544,6,NA,1550,944,944,NA,NA,944,4139,4070,69,103,4036,1699,1308,391,188,1511,319,319,0,NA,319,1790,1743,47,98,1692,1292,1264,28,NA,1292,1290,1290,NA,NA,1290,1341,1302,39,205,1136,1915,1851,64,1512,403,2189,2189,0,0,2189,1652,1652,NA,87,1565,2391,2391,0,16,2375,1306,1306,NA,NA,1306,1575,1501,74,53,1522,1623,1619,4,NA,1623,4557,4476,81,133,4424,1180,1055,125,NA,1180,1304,1144,160,93,1211,2473,2134,339,43,2430,1754,1250,504,110,1644,995,891,104,NA,995
M9 [CHILD IMMUNISATION],'9.1.11',Child immunisation - OPV2,TOTAL,51374,48918,2456,3206,48168,1318,1317,1,NA,1318,3162,3076,86,NA,3162,1108,1096,12,90,1018,3070,2932,138,286,2784,733,733,NA,NA,733,1697,1689,8,NA,1697,1078,1078,NA,NA,1078,4101,4027,74,88,4013,1765,1317,448,169,1596,335,335,0,NA,335,1836,1799,37,131,1705,1412,1370,42,NA,1412,1341,1341,NA,NA,1341,1465,1431,34,207,1258,2050,2008,42,1643,407,2371,2371,0,0,2371,1845,1845,NA,95,1750,2441,2441,0,20,2421,1333,1333,NA,NA,1333,1805,1727,78,58,1747,1714,1713,1,NA,1714,4799,4716,83,159,4640,1239,1152,87,NA,1239,1515,1334,181,91,1424,2676,2309,367,45,2631,1994,1458,536,124,1870,1171,970,201,NA,1171
M9 [CHILD IMMUNISATION],'9.1.12',Child immunisation - OPV3,TOTAL,52205,49723,2482,3399,48806,1356,1355,1,NA,1356,3307,3216,91,NA,3307,1185,1169,16,123,1062,3197,2961,236,378,2819,707,707,NA,NA,707,1762,1753,9,NA,1762,1183,1183,NA,NA,1183,3836,3772,64,93,3743,1802,1371,431,138,1664,288,288,0,NA,288,1901,1877,24,131,1770,1313,1273,40,NA,1313,1409,1409,NA,NA,1409,1538,1509,29,215,1323,2089,2044,45,1642,447,2510,2510,0,0,2510,1844,1844,NA,90,1754,2348,2348,0,26,2322,1429,1429,NA,NA,1429,1879,1794,85,74,1805,1728,1723,5,NA,1728,4719,4629,90,181,4538,1343,1260,83,NA,1343,1658,1474,184,110,1548,2801,2398,403,51,2750,2007,1461,546,147,1860,1066,966,100,NA,1066
M9 [CHILD IMMUNISATION],'9.1.13',Child immunisation - Hepatitis-B0 (Birth Dose),TOTAL,22165,19373,2792,1959,20206,185,185,0,NA,185,1231,1197,34,NA,1231,429,387,42,45,384,1632,1148,484,228,1404,159,159,NA,NA,159,832,804,28,NA,832,439,439,NA,NA,439,1049,1049,0,0,1049,1013,736,277,200,813,56,55,1,NA,56,875,862,13,37,838,578,535,43,NA,578,480,480,NA,NA,480,505,502,3,0,505,2517,1527,990,1007,1510,698,698,0,0,698,617,617,NA,NA,617,1255,1028,227,60,1195,704,704,NA,NA,704,556,552,4,13,543,536,536,0,NA,536,2762,2330,432,317,2445,492,396,96,NA,492,409,409,0,0,409,1301,1229,72,44,1257,536,516,20,8,528,319,293,26,NA,319
M9 [CHILD IMMUNISATION],'9.1.14',Child immunisation - Hepatitis-B1,TOTAL,0,0,0,0,0,NA,NA,NA,NA,NA,NA,NA,NA,NA,NA,NA,NA,NA,NA,NA,NA,NA,NA,NA,NA,NA,NA,NA,NA,NA,NA,NA,NA,NA,NA,NA,NA,NA,NA,NA,NA,NA,NA,NA,NA,NA,NA,NA,NA,NA,NA,NA,NA,NA,NA,NA,NA,NA,NA,NA,0,0,0,NA,0,NA,NA,NA,NA,NA,0,0,0,NA,0,0,NA,0,0,NA,NA,NA,NA,NA,NA,NA,NA,NA,NA,NA,0,0,NA,0,0,0,0,NA,NA,0,0,0,NA,NA,0,NA,NA,NA,NA,NA,NA,NA,NA,NA,NA,0,0,NA,NA,0,NA,NA,NA,NA,NA,0,NA,0,0,NA,0,0,NA,NA,0,NA,NA,NA,NA,NA
M9 [CHILD IMMUNISATION],'9.1.15',Child immunisation - Hepatitis-B2,TOTAL,0,0,0,0,0,NA,NA,NA,NA,NA,NA,NA,NA,NA,NA,NA,NA,NA,NA,NA,NA,NA,NA,NA,NA,NA,NA,NA,NA,NA,NA,NA,NA,NA,NA,NA,NA,NA,NA,NA,NA,NA,NA,NA,NA,NA,NA,NA,NA,NA,NA,NA,NA,NA,NA,NA,NA,NA,NA,NA,0,0,0,NA,0,NA,NA,NA,NA,NA,0,0,0,NA,0,0,NA,0,0,NA,NA,NA,NA,NA,NA,NA,NA,NA,NA,NA,0,0,NA,0,0,0,0,NA,NA,0,0,0,NA,NA,0,NA,NA,NA,NA,NA,NA,NA,NA,NA,NA,0,0,NA,NA,0,NA,NA,NA,NA,NA,0,NA,0,0,NA,0,0,NA,NA,0,NA,NA,NA,NA,NA
M9 [CHILD IMMUNISATION],'9.1.16',Child immunisation - Hepatitis-B3,TOTAL,0,0,0,0,0,NA,NA,NA,NA,NA,NA,NA,NA,NA,NA,NA,NA,NA,NA,NA,NA,NA,NA,NA,NA,NA,NA,NA,NA,NA,NA,NA,NA,NA,NA,NA,NA,NA,NA,NA,NA,NA,NA,NA,NA,NA,NA,NA,NA,NA,NA,NA,NA,NA,NA,NA,NA,NA,NA,NA,0,0,0,NA,0,NA,NA,NA,NA,NA,0,0,0,NA,0,0,NA,0,0,NA,NA,NA,NA,NA,NA,NA,NA,NA,NA,NA,0,0,NA,0,0,0,0,NA,NA,0,0,0,NA,NA,0,NA,NA,NA,NA,NA,NA,NA,NA,NA,NA,0,0,NA,NA,0,NA,NA,NA,NA,NA,0,NA,0,0,NA,0,0,NA,NA,0,NA,NA,NA,NA,NA
M9 [CHILD IMMUNISATION],'9.1.17',Child immunisation - Inactivated Polio Vaccine 1 (IPV 1),TOTAL,40137,38662,1475,2419,37718,924,924,0,NA,924,2323,2302,21,NA,2323,990,971,19,103,887,2234,2198,36,216,2018,474,474,NA,NA,474,1119,1118,1,NA,1119,853,853,NA,NA,853,3788,3721,67,103,3685,1513,1187,326,185,1328,88,88,0,NA,88,1475,1439,36,58,1417,1279,1251,28,NA,1279,1288,1288,NA,NA,1288,1289,1278,11,177,1112,1430,1382,48,1062,368,1379,1379,0,0,1379,1566,1566,NA,87,1479,2007,2007,0,16,1991,989,989,NA,NA,989,1559,1485,74,53,1506,1558,1554,4,NA,1558,4084,4017,67,103,3981,978,902,76,NA,978,1164,1037,127,102,1062,1667,1510,157,43,1624,1376,1097,279,111,1265,743,645,98,NA,743
M9 [CHILD IMMUNISATION],'9.1.18',Child immunisation - Inactivated Polio Vaccine 2 (IPV 2),TOTAL,43189,41730,1459,2695,40494,1081,1081,0,NA,1081,2542,2533,9,NA,2542,1140,1130,10,117,1023,2415,2371,44,246,2169,506,506,NA,NA,506,1246,1245,1,NA,1246,1004,1004,NA,NA,1004,3456,3393,63,93,3363,1568,1207,361,152,1416,82,82,0,NA,82,1479,1455,24,93,1386,1322,1276,46,NA,1322,1395,1395,NA,NA,1395,1457,1454,3,189,1268,1574,1559,15,1155,419,1526,1526,0,0,1526,1765,1765,NA,90,1675,1925,1925,0,26,1899,1088,1088,NA,NA,1088,2226,2141,85,74,2152,1607,1602,5,NA,1607,4205,4146,59,144,4061,1009,971,38,NA,1009,1368,1258,110,115,1253,1924,1729,195,51,1873,1471,1178,293,150,1321,808,710,98,NA,808
M9 [CHILD IMMUNISATION],'9.1.19',Child immunisation - Rotavirus 1,TOTAL,47423,45293,2130,2925,44498,1099,1099,0,NA,1099,3011,2943,68,NA,3011,1028,1023,5,89,939,2854,2709,145,241,2613,598,598,NA,NA,598,1497,1493,4,NA,1497,957,957,NA,NA,957,4134,4065,69,103,4031,1674,1298,376,184,1490,314,314,0,NA,314,1780,1744,36,87,1693,1289,1261,28,NA,1289,1292,1292,NA,NA,1292,1328,1287,41,207,1121,1865,1804,61,1462,403,2170,2170,0,0,2170,1652,1652,NA,87,1565,2289,2289,0,16,2273,1299,1299,NA,NA,1299,1570,1496,74,53,1517,1625,1621,4,NA,1625,4613,4510,103,149,4464,1140,1015,125,NA,1140,1269,1143,126,91,1178,2380,2070,310,43,2337,1713,1265,448,113,1600,983,876,107,NA,983
M9 [CHILD IMMUNISATION],'9.1.20',Child immunisation - Rotavirus 2,TOTAL,50241,48009,2232,3181,47060,1265,1265,0,NA,1265,3127,3047,80,NA,3127,1101,1095,6,84,1017,3032,2890,142,286,2746,706,706,NA,NA,706,1638,1633,5,NA,1638,1081,1081,NA,NA,1081,4060,3986,74,88,3972,1704,1280,424,164,1540,332,332,0,NA,332,1831,1794,37,131,1700,1373,1331,42,NA,1373,1339,1339,NA,NA,1339,1453,1416,37,210,1243,2020,1976,44,1613,407,2272,2272,0,0,2272,1840,1840,NA,95,1745,2366,2366,0,20,2346,1323,1323,NA,NA,1323,1795,1717,78,58,1737,1717,1716,1,NA,1717,4712,4596,116,170,4542,1165,1078,87,NA,1165,1443,1298,145,87,1356,2584,2235,349,45,2539,1916,1452,464,130,1786,1046,945,101,NA,1046
M9 [CHILD IMMUNISATION],'9.1.21',Child immunisation - Rotavirus 3,TOTAL,50837,48535,2302,3383,47454,1251,1251,0,NA,1251,3235,3159,76,NA,3235,1174,1164,10,117,1057,3130,2893,237,378,2752,675,675,NA,NA,675,1684,1675,9,NA,1684,1158,1158,NA,NA,1158,3785,3721,64,93,3692,1705,1311,394,141,1564,282,282,0,NA,282,1909,1885,24,131,1778,1312,1272,40,NA,1312,1404,1404,NA,NA,1404,1505,1478,27,213,1292,2064,2022,42,1617,447,2382,2382,0,0,2382,1835,1835,NA,90,1745,2261,2261,0,26,2235,1441,1441,NA,NA,1441,1874,1789,85,74,1800,1737,1732,5,NA,1737,4715,4593,122,195,4520,1192,1109,83,NA,1192,1543,1412,131,107,1436,2658,2308,350,51,2607,1872,1370,502,150,1722,1054,953,101,NA,1054
M9 [CHILD IMMUNISATION],'9.2.1',Child immunisation (9-11months) - Measles & Rubella (MR)- 1st Dose,TOTAL,40992,38939,2053,3312,37680,993,993,0,NA,993,2460,2398,62,NA,2460,969,922,47,121,848,2358,2100,258,389,1969,522,522,NA,NA,522,1420,1419,1,NA,1420,813,813,NA,NA,813,3267,3217,50,80,3187,1429,1089,340,172,1257,322,322,0,NA,322,1577,1552,25,109,1468,989,989,0,NA,989,932,932,NA,NA,932,1320,1291,29,185,1135,2029,1967,62,1680,349,1919,1919,0,0,1919,1539,1539,NA,74,1465,1642,1642,0,20,1622,1121,1121,NA,NA,1121,1495,1418,77,55,1440,1397,1394,3,NA,1397,3884,3855,29,132,3752,934,858,76,NA,934,1155,1052,103,119,1036,2216,1876,340,43,2173,1485,1048,437,133,1352,805,691,114,NA,805
M9 [CHILD IMMUNISATION],'9.2.2',Child immunisation (9-11months) - Measles 1st dose,TOTAL,0,0,0,0,0,NA,NA,NA,NA,NA,0,0,NA,NA,0,NA,NA,NA,NA,NA,NA,NA,NA,NA,NA,NA,NA,NA,NA,NA,NA,NA,NA,NA,NA,NA,NA,NA,NA,NA,0,0,NA,NA,0,NA,NA,NA,NA,NA,NA,NA,NA,NA,NA,NA,NA,NA,NA,NA,0,0,0,NA,0,0,0,NA,NA,0,0,0,0,NA,0,0,NA,0,0,NA,NA,NA,NA,NA,NA,NA,NA,NA,NA,NA,0,0,NA,0,0,0,0,NA,NA,0,0,0,NA,NA,0,NA,NA,NA,NA,NA,0,0,NA,NA,0,0,0,NA,NA,0,NA,NA,NA,NA,NA,0,NA,0,0,NA,0,0,NA,NA,0,NA,NA,NA,NA,NA
M9 [CHILD IMMUNISATION],'9.2.3',Child immunisation (9-11months) - JE 1st dose,TOTAL,37459,35804,1655,2779,34680,928,928,0,NA,928,2406,2360,46,NA,2406,896,884,12,86,810,1756,1499,257,389,1367,517,517,NA,NA,517,1363,1362,1,NA,1363,754,754,NA,NA,754,3178,3128,50,81,3097,1345,1023,322,78,1267,322,322,0,NA,322,1598,1575,23,109,1489,941,941,0,NA,941,932,932,NA,NA,932,1289,1285,4,160,1129,1575,1521,54,1260,315,1403,1403,0,0,1403,1539,1539,NA,74,1465,1618,1618,0,20,1598,1106,1106,NA,NA,1106,1536,1464,72,63,1473,960,957,3,NA,960,3767,3743,24,127,3640,702,632,70,NA,702,1084,993,91,120,964,1828,1603,225,64,1764,1346,1037,309,148,1198,770,678,92,NA,770
M9 [CHILD IMMUNISATION],'9.2.4.a',Children aged between 9 and 11 months fully immunized- Male,TOTAL,21379,20366,1013,1682,19697,502,502,0,NA,502,1337,1306,31,NA,1337,499,473,26,64,435,1224,1098,126,202,1022,285,285,NA,NA,285,727,726,1,NA,727,400,400,NA,NA,400,1703,1683,20,54,1649,754,572,182,86,668,161,161,0,NA,161,810,797,13,50,760,533,533,0,NA,533,480,480,NA,NA,480,680,678,2,74,606,1021,1004,17,849,172,972,972,0,0,972,814,814,NA,39,775,864,864,0,7,857,601,601,NA,NA,601,792,756,36,29,763,753,751,2,NA,753,2039,2028,11,70,1969,511,469,42,NA,511,558,507,51,52,506,1174,1004,170,35,1139,756,531,225,71,685,429,371,58,NA,429
M9 [CHILD IMMUNISATION],'9.2.4.b',Children aged between 9 and 11 months fully immunized - Female,TOTAL,19523,18599,924,1566,17957,491,491,0,NA,491,1176,1145,31,NA,1176,469,448,21,57,412,1091,987,104,161,930,236,236,NA,NA,236,675,675,0,NA,675,417,417,NA,NA,417,1563,1533,30,26,1537,667,507,160,86,581,172,172,0,NA,172,767,755,12,59,708,469,469,0,NA,469,451,451,NA,NA,451,602,600,2,86,516,980,965,15,806,174,947,947,0,0,947,725,725,NA,35,690,797,797,0,13,784,510,510,NA,NA,510,705,664,41,26,679,644,643,1,NA,644,1847,1838,9,53,1794,420,386,34,NA,420,586,534,52,67,519,1060,891,169,29,1031,685,496,189,62,623,371,317,54,NA,371
M9 [CHILD IMMUNISATION],'9.3.1',Child immunisation - Measles & Rubella (MR)- 1st Dose,TOTAL,1831,1746,85,357,1474,2,2,0,NA,2,251,251,0,NA,251,13,13,NA,NA,13,119,119,0,0,119,21,21,NA,NA,21,11,11,0,NA,11,30,30,NA,NA,30,94,94,0,0,94,34,24,10,0,34,35,35,0,NA,35,71,67,4,39,32,34,34,0,NA,34,24,24,NA,NA,24,51,51,0,0,51,306,289,17,299,7,45,45,0,0,45,41,41,NA,0,41,22,22,0,0,22,77,77,NA,NA,77,54,54,0,NA,54,3,3,0,NA,3,218,183,35,12,206,26,26,0,NA,26,9,7,2,0,9,172,157,15,7,165,20,18,2,0,20,48,48,0,NA,48
M9 [CHILD IMMUNISATION],'9.3.2',Child immunisation - Measles-1st dose,TOTAL,313,266,47,28,285,0,0,0,NA,0,59,59,0,NA,59,0,0,NA,NA,0,0,0,0,0,0,0,0,NA,NA,0,0,0,0,NA,0,7,7,NA,NA,7,0,0,0,0,0,16,2,14,0,16,5,5,0,NA,5,0,0,0,0,0,11,11,0,NA,11,24,24,NA,NA,24,5,5,0,0,5,28,2,26,28,0,13,13,0,0,13,6,6,NA,0,6,0,0,0,0,0,33,33,NA,NA,33,20,20,0,NA,20,0,0,0,NA,0,76,69,7,0,76,0,0,0,NA,0,0,0,0,0,0,10,10,0,0,10,0,0,0,0,0,0,0,0,NA,0
M9 [CHILD IMMUNISATION],'9.3.3',Child immunisation - JE 1st dose,TOTAL,1891,1807,84,337,1554,2,2,0,NA,2,249,249,0,NA,249,13,13,NA,NA,13,117,96,21,21,96,37,37,NA,NA,37,4,4,0,NA,4,43,43,NA,NA,43,110,110,0,0,110,37,23,14,0,37,38,38,0,NA,38,71,67,4,39,32,39,39,0,NA,39,24,24,NA,NA,24,59,59,0,0,59,273,233,40,258,15,74,74,0,0,74,41,41,NA,0,41,26,26,0,0,26,76,76,NA,NA,76,55,55,0,NA,55,0,0,0,NA,0,211,211,0,8,203,33,33,0,NA,33,9,9,0,0,9,159,155,4,11,148,21,20,1,0,21,70,70,0,NA,70
M9 [CHILD IMMUNISATION],'9.4.1',Child immunisation - Measles & Rubella (MR)- 2nd Dose (16-24 months),TOTAL,44194,42487,1707,2813,41381,1260,1260,0,NA,1260,2339,2253,86,NA,2339,1167,1156,11,94,1073,2129,2043,86,247,1882,519,519,NA,NA,519,1323,1320,3,NA,1323,1011,1011,NA,NA,1011,3834,3747,87,89,3745,1709,1352,357,154,1555,335,335,0,NA,335,1832,1783,49,103,1729,1233,1233,0,NA,1233,1174,1174,NA,NA,1174,1236,1232,4,160,1076,1775,1775,0,1380,395,2258,2258,0,0,2258,1614,1614,NA,78,1536,1692,1692,0,17,1675,1281,1281,NA,NA,1281,1685,1596,89,65,1620,1632,1631,1,NA,1632,4102,4059,43,164,3938,1016,956,60,NA,1016,1267,1168,99,65,1202,2317,2028,289,64,2253,1518,1178,340,133,1385,936,833,103,NA,936
M9 [CHILD IMMUNISATION],'9.4.2',Child immunisation - Measles 2nd dose (More than 16 months),TOTAL,2,0,2,2,0,NA,NA,NA,NA,NA,0,0,NA,NA,0,NA,NA,NA,NA,NA,NA,NA,NA,NA,NA,NA,NA,NA,NA,NA,NA,NA,NA,NA,NA,NA,NA,NA,NA,NA,NA,NA,NA,NA,NA,NA,NA,NA,NA,NA,NA,NA,NA,NA,NA,NA,NA,NA,NA,NA,0,0,0,NA,0,NA,NA,NA,NA,NA,0,NA,0,NA,0,0,NA,0,0,NA,NA,NA,NA,NA,NA,NA,NA,NA,NA,NA,0,0,NA,0,0,0,0,NA,NA,0,0,0,NA,NA,0,NA,NA,NA,NA,NA,NA,NA,NA,NA,NA,0,0,NA,NA,0,NA,NA,NA,NA,NA,2,NA,2,2,NA,0,0,NA,NA,0,NA,NA,NA,NA,NA
M9 [CHILD IMMUNISATION],'9.4.3',Child immunisation - DPT 1st Booster,TOTAL,44346,42621,1725,2752,41594,1262,1262,0,NA,1262,2648,2572,76,NA,2648,1165,1154,11,94,1071,1848,1690,158,255,1593,500,500,NA,NA,500,1386,1378,8,NA,1386,999,999,NA,NA,999,3889,3802,87,89,3800,1796,1412,384,160,1636,350,350,0,NA,350,1875,1826,49,103,1772,1267,1267,0,NA,1267,1177,1177,NA,NA,1177,1329,1325,4,250,1079,1578,1566,12,1215,363,2217,2217,0,0,2217,1614,1614,NA,78,1536,1692,1692,0,17,1675,1302,1302,NA,NA,1302,1659,1570,89,65,1594,1630,1629,1,NA,1630,4362,4321,41,164,4198,1067,999,68,NA,1067,1221,1124,97,85,1136,2436,2078,358,66,2370,1134,960,174,111,1023,943,835,108,NA,943
M9 [CHILD IMMUNISATION],'9.4.4',Child immunisation - OPV Booster,TOTAL,45567,43723,1844,2806,42761,1271,1271,0,NA,1271,2626,2547,79,NA,2626,1179,1168,11,94,1085,2166,2011,155,315,1851,545,545,NA,NA,545,1400,1392,8,NA,1400,1035,1035,NA,NA,1035,3909,3822,87,89,3820,1809,1430,379,163,1646,349,349,0,NA,349,1883,1834,49,103,1780,1279,1279,0,NA,1279,1177,1177,NA,NA,1177,1261,1257,4,160,1101,1661,1649,12,1293,368,2356,2356,0,0,2356,1614,1614,NA,78,1536,1786,1786,0,17,1769,1310,1310,NA,NA,1310,1716,1627,89,65,1651,1632,1631,1,NA,1632,4298,4257,41,164,4134,1066,998,68,NA,1066,1280,1183,97,85,1195,2468,2109,359,69,2399,1533,1232,301,111,1422,958,854,104,NA,958
M9 [CHILD IMMUNISATION],'9.4.5',"Child immunisation - Measles, Mumps, Rubella (MMR) Vaccine",TOTAL,302,113,189,149,153,0,0,0,NA,0,0,0,0,NA,0,8,8,NA,NA,8,95,0,95,88,7,0,0,NA,NA,0,0,0,0,NA,0,0,0,NA,NA,0,0,0,0,0,0,65,27,38,5,60,0,0,0,NA,0,4,4,0,0,4,0,0,0,NA,0,0,0,NA,NA,0,20,20,0,0,20,26,0,26,26,0,0,0,0,0,0,0,0,NA,NA,0,0,0,0,0,0,1,1,NA,NA,1,34,34,0,0,34,6,6,NA,NA,6,23,0,23,23,0,0,0,NA,NA,0,0,0,0,0,0,7,0,7,7,0,0,0,0,NA,0,13,13,0,NA,13
M9 [CHILD IMMUNISATION],'9.4.6',Number of children more than 16 months of age who received Japanese Encephalitis (JE) vaccine,TOTAL,37668,36260,1408,2372,35296,1086,1086,0,NA,1086,2013,1937,76,NA,2013,932,921,11,94,838,1473,1320,153,285,1188,525,525,NA,NA,525,1250,1244,6,NA,1250,883,883,NA,NA,883,3388,3301,87,88,3300,1647,1311,336,78,1569,338,338,0,NA,338,1734,1690,44,69,1665,1137,1137,0,NA,1137,1158,1158,NA,NA,1158,1234,1230,4,160,1074,1359,1319,40,1067,292,1414,1414,0,0,1414,1614,1614,NA,78,1536,1593,1593,0,17,1576,1141,1141,NA,NA,1141,1599,1532,67,102,1497,1219,1218,1,NA,1219,3563,3524,39,114,3449,698,638,60,NA,698,1021,945,76,17,1004,1621,1487,134,76,1545,1193,1004,189,127,1066,835,750,85,NA,835
M9 [CHILD IMMUNISATION],'9.5.1',Child immunisation - Typhoid,TOTAL,245,84,161,134,111,0,0,0,NA,0,3,3,0,NA,3,0,0,NA,0,0,62,0,62,53,9,0,0,NA,NA,0,0,0,0,NA,0,0,0,NA,NA,0,0,0,0,0,0,0,0,0,0,0,0,0,0,NA,0,0,0,0,0,0,0,0,0,NA,0,0,0,NA,NA,0,0,0,0,0,0,59,54,5,59,0,0,0,0,0,0,0,0,NA,0,0,0,0,0,0,0,6,6,NA,NA,6,6,6,0,0,6,3,3,0,NA,3,16,0,16,16,0,72,0,72,NA,72,0,0,0,0,0,18,12,6,6,12,0,0,0,NA,0,0,0,0,NA,0
M9 [CHILD IMMUNISATION],'9.5.2',Children more than 5 years received DPT5 (2nd Booster),TOTAL,19439,18794,645,1364,18075,570,570,0,NA,570,829,818,11,NA,829,367,363,4,54,313,842,808,34,13,829,162,162,NA,NA,162,765,759,6,NA,765,328,328,NA,NA,328,1016,1005,11,46,970,976,814,162,62,914,98,98,0,NA,98,689,687,2,35,654,881,881,0,NA,881,802,802,NA,NA,802,919,916,3,130,789,927,922,5,698,229,773,773,0,0,773,535,535,NA,33,502,774,774,0,19,755,512,512,NA,NA,512,680,643,37,36,644,940,940,0,NA,940,1567,1545,22,81,1486,525,489,36,NA,525,634,582,52,52,582,1299,1122,177,42,1257,540,482,58,63,477,489,464,25,NA,489
M9 [CHILD IMMUNISATION],'9.5.3',Children more than 10 years received TT10,TOTAL,13561,12918,643,1188,12373,271,271,0,NA,271,533,526,7,NA,533,175,171,4,39,136,871,850,21,47,824,114,114,NA,NA,114,601,594,7,NA,601,172,172,NA,NA,172,692,688,4,3,689,551,394,157,31,520,65,65,0,NA,65,362,362,0,31,331,402,402,0,NA,402,687,687,NA,NA,687,852,848,4,116,736,858,853,5,718,140,521,521,0,0,521,452,452,NA,44,408,632,629,3,24,608,330,330,NA,NA,330,475,438,37,14,461,635,635,0,NA,635,1000,983,17,36,964,348,329,19,NA,348,465,427,38,41,424,883,712,171,18,865,328,225,103,26,302,286,240,46,NA,286
M9 [CHILD IMMUNISATION],'9.5.4',Children more than 16 years received TT16,TOTAL,9559,9007,552,848,8711,168,168,0,NA,168,403,399,4,NA,403,99,97,2,22,77,608,588,20,21,587,72,72,NA,NA,72,515,508,7,NA,515,86,86,NA,NA,86,542,537,5,0,542,301,181,120,12,289,48,48,0,NA,48,279,279,0,21,258,250,250,0,NA,250,560,560,NA,NA,560,689,687,2,72,617,627,626,1,549,78,281,281,0,0,281,426,426,NA,41,385,439,438,1,15,424,261,261,NA,NA,261,303,268,35,2,301,457,457,0,NA,457,594,583,11,28,566,256,240,16,NA,256,263,231,32,42,221,630,461,169,5,625,222,132,90,18,204,180,143,37,NA,180
M9 [CHILD IMMUNISATION],'9.6.1',Number of cases of AEFI - Abscess,TOTAL,54,54,0,0,54,4,4,0,NA,4,14,14,0,NA,14,1,1,NA,NA,1,0,0,0,0,0,0,0,NA,NA,0,3,3,0,NA,3,1,1,NA,NA,1,1,1,0,0,1,0,0,0,0,0,1,1,0,NA,1,0,0,0,0,0,1,1,0,NA,1,0,0,NA,NA,0,1,1,0,0,1,0,0,0,0,0,2,2,0,0,2,1,1,NA,NA,1,0,0,0,0,0,1,1,NA,NA,1,0,0,0,NA,0,0,0,0,NA,0,10,10,0,0,10,2,2,0,NA,2,0,0,0,0,0,0,0,0,0,0,0,0,0,NA,0,11,11,0,NA,11
M9 [CHILD IMMUNISATION],'9.6.2',Number of cases of AEFI - Death,TOTAL,0,0,0,0,0,0,0,0,NA,0,0,0,0,NA,0,0,0,NA,NA,0,0,0,0,0,0,0,0,NA,NA,0,0,0,0,NA,0,0,0,NA,NA,0,0,0,0,0,0,0,0,0,0,0,0,0,0,NA,0,0,0,0,0,0,0,0,0,NA,0,0,0,NA,NA,0,0,0,0,0,0,0,0,0,0,0,0,0,0,0,0,0,0,NA,NA,0,0,0,0,0,0,0,0,NA,NA,0,0,0,0,NA,0,0,0,0,NA,0,0,0,0,0,0,0,0,0,NA,0,0,0,0,0,0,0,0,0,0,0,0,0,0,NA,0,0,0,0,NA,0
M9 [CHILD IMMUNISATION],'9.6.3',Number of cases of AEFI - Others,TOTAL,948,948,0,79,869,137,137,0,NA,137,103,103,0,NA,103,37,37,NA,26,11,0,0,0,0,0,0,0,NA,NA,0,63,63,0,NA,63,46,46,NA,NA,46,19,19,0,0,19,0,0,0,0,0,10,10,0,NA,10,0,0,0,0,0,17,17,0,NA,17,0,0,NA,NA,0,4,4,0,0,4,83,83,0,44,39,98,98,0,0,98,0,0,NA,NA,0,0,0,0,0,0,38,38,NA,NA,38,2,2,0,NA,2,4,4,0,NA,4,153,153,0,9,144,91,91,0,NA,91,0,0,0,0,0,8,8,0,0,8,0,0,0,NA,0,35,35,0,NA,35
M9 [CHILD IMMUNISATION],'9.7.1',Immunisation sessions planned,TOTAL,28433,27592,841,1159,27274,814,814,0,NA,814,1436,1394,42,NA,1436,518,518,NA,NA,518,1633,1614,19,87,1546,488,488,NA,NA,488,810,807,3,NA,810,639,639,NA,NA,639,1829,1799,30,42,1787,987,832,155,83,904,425,425,0,NA,425,1026,1005,21,63,963,1088,1088,0,NA,1088,670,670,NA,NA,670,1047,1047,0,97,950,686,686,0,508,178,1086,1086,0,0,1086,1403,1403,NA,36,1367,1177,1177,0,20,1157,1055,1055,NA,NA,1055,1187,1135,52,69,1118,960,959,1,NA,960,2103,2087,16,47,2056,724,724,NA,NA,724,1208,1131,77,54,1154,1732,1517,215,5,1727,963,811,152,48,915,739,681,58,NA,739
M9 [CHILD IMMUNISATION],'9.7.2',Immunisation sessions held,TOTAL,28012,27185,827,1137,26875,813,813,0,NA,813,1420,1380,40,NA,1420,516,516,NA,NA,516,1621,1602,19,87,1534,480,480,NA,NA,480,802,799,3,NA,802,635,635,NA,NA,635,1800,1770,30,39,1761,984,829,155,83,901,395,395,0,NA,395,1009,988,21,62,947,1083,1083,0,NA,1083,653,653,NA,NA,653,1026,1026,0,95,931,686,686,0,508,178,1078,1078,0,0,1078,1374,1374,NA,31,1343,1153,1153,0,20,1133,1038,1038,NA,NA,1038,1157,1108,49,69,1088,942,941,1,NA,942,2051,2035,16,47,2004,724,724,NA,NA,724,1186,1109,77,44,1142,1701,1488,213,5,1696,956,810,146,47,909,729,672,57,NA,729
M9 [CHILD IMMUNISATION],'9.7.3',Number of Immunisation sessions where ASHAs were present,TOTAL,27794,26947,847,1007,26787,811,811,0,NA,811,1438,1390,48,NA,1438,474,474,NA,NA,474,1576,1561,15,47,1529,493,493,NA,NA,493,778,775,3,NA,778,620,620,NA,NA,620,1788,1758,30,39,1749,984,829,155,83,901,385,385,0,NA,385,1009,988,21,62,947,1087,1087,0,NA,1087,643,643,NA,NA,643,977,977,0,51,926,671,671,0,493,178,1078,1078,0,0,1078,1372,1372,NA,31,1341,1147,1147,0,12,1135,1058,1058,NA,NA,1058,1117,1069,48,53,1064,934,933,1,NA,934,2044,2028,16,46,1998,678,678,NA,NA,678,1185,1108,77,44,1141,1697,1484,213,3,1694,1020,855,165,43,977,730,675,55,NA,730
M9 [CHILD IMMUNISATION],'9.8.1',Child immunisation - Vitamin A Dose - 1,TOTAL,6416,6006,410,20,6396,36,36,0,NA,36,992,953,39,NA,992,100,100,NA,NA,100,258,258,0,0,258,169,169,NA,NA,169,60,60,0,NA,60,232,232,NA,NA,232,654,654,0,0,654,66,41,25,0,66,114,114,0,NA,114,180,180,0,0,180,88,88,0,NA,88,72,72,NA,NA,72,367,367,0,0,367,2,2,0,0,2,30,30,0,0,30,229,229,NA,NA,229,178,178,0,0,178,498,498,NA,NA,498,579,534,45,NA,579,291,291,0,NA,291,340,310,30,0,340,147,89,58,NA,147,310,258,52,20,290,216,108,108,0,216,151,131,20,0,151,57,24,33,NA,57
M9 [CHILD IMMUNISATION],'9.8.2',Child immunisation - Vitamin A Dose - 5,TOTAL,1937,1822,115,3,1934,4,4,0,NA,4,354,317,37,NA,354,12,12,NA,NA,12,77,77,0,0,77,11,11,NA,NA,11,23,23,0,NA,23,41,41,NA,NA,41,316,316,0,0,316,32,25,7,0,32,13,13,0,NA,13,41,41,0,0,41,13,13,0,NA,13,9,9,NA,NA,9,84,84,0,0,84,6,6,0,0,6,19,19,0,0,19,27,27,NA,NA,27,30,30,0,0,30,126,126,NA,NA,126,191,173,18,NA,191,73,73,0,NA,73,128,128,0,0,128,33,11,22,NA,33,164,150,14,3,161,28,24,4,0,28,65,62,3,0,65,17,7,10,NA,17
M9 [CHILD IMMUNISATION],'9.8.3',Child immunisation - Vitamin A Dose - 9,TOTAL,4332,4095,237,12,4320,19,19,0,NA,19,1070,1027,43,NA,1070,21,21,NA,NA,21,68,68,0,0,68,45,45,NA,NA,45,37,37,0,NA,37,43,43,NA,NA,43,187,187,0,0,187,30,22,8,0,30,18,18,0,NA,18,70,70,0,0,70,12,12,0,NA,12,31,31,NA,NA,31,77,77,0,0,77,305,305,0,0,305,16,16,0,0,16,56,56,NA,NA,56,44,44,0,0,44,227,227,NA,NA,227,274,257,17,NA,274,115,115,0,NA,115,104,104,0,0,104,550,535,15,NA,550,157,135,22,12,145,560,558,2,0,560,154,57,97,0,154,42,9,33,NA,42
M9 [CHILD IMMUNISATION],'9.9',Number of children (6-59 months) provided 8-10 doses (1ml) of IFA syrup (Bi weekly),TOTAL,971546,950996,20550,16003,955543,49409,49409,0,NA,49409,46691,46691,0,NA,46691,8797,8797,NA,NA,8797,28041,27633,408,216,27825,4422,4422,NA,NA,4422,19813,19813,0,NA,19813,13882,13882,NA,NA,13882,135388,133991,1397,0,135388,27317,23424,3893,1473,25844,14095,14095,0,NA,14095,25923,25870,53,410,25513,23251,23251,0,NA,23251,31692,31692,NA,NA,31692,35926,35926,0,10,35916,18353,18353,0,12235,6118,56042,56042,0,0,56042,49423,49423,NA,112,49311,37774,37774,0,5,37769,14389,14389,NA,NA,14389,59472,56450,3022,NA,59472,27883,27874,9,NA,27883,92991,91294,1697,226,92765,29459,29017,442,NA,29459,32120,30875,1245,0,32120,45411,40309,5102,NA,45411,33530,30419,3111,1316,32214,10052,9881,171,NA,10052
M9 [CHILD IMMUNISATION],'9.10',Number of children (12-59 months) provided Albendazole,TOTAL,36360,34825,1535,999,35361,2070,2070,0,NA,2070,1789,1789,NA,NA,1789,420,420,NA,NA,420,1470,1436,34,0,1470,348,348,NA,NA,348,1362,1362,0,NA,1362,426,426,NA,NA,426,4958,4934,24,0,4958,647,533,114,0,647,257,257,0,NA,257,1074,1031,43,153,921,753,684,69,NA,753,567,567,NA,NA,567,736,736,0,15,721,872,872,0,710,162,1192,1192,0,0,1192,1583,1583,NA,97,1486,1839,1839,0,12,1827,1160,1160,NA,NA,1160,974,677,297,NA,974,818,818,0,NA,818,2939,2870,69,12,2927,3189,3152,37,NA,3189,1825,1616,209,0,1825,1373,1212,161,NA,1373,1431,1006,425,NA,1431,288,235,53,NA,288
M9 [CHILD IMMUNISATION],'9.11',Number of severely underweight children provided Health Checkup (0-5 yrs),TOTAL,9159,8618,541,60,9099,127,127,0,NA,127,1474,1474,0,NA,1474,278,278,NA,NA,278,255,255,0,0,255,29,29,NA,NA,29,290,290,0,NA,290,88,88,NA,NA,88,691,677,14,0,691,157,146,11,0,157,30,30,0,NA,30,102,102,0,0,102,178,178,0,NA,178,193,193,NA,NA,193,573,573,0,0,573,69,69,0,55,14,284,284,0,0,284,755,755,NA,0,755,252,252,0,0,252,617,617,NA,NA,617,17,17,0,NA,17,847,845,2,NA,847,600,600,0,5,595,454,69,385,NA,454,37,37,0,0,37,98,96,2,NA,98,635,509,126,NA,635,29,28,1,NA,29
M10 [Number of cases of Childhood Diseases (0-5 years)],'10.1',Childhood Diseases - Pneumonia,TOTAL,853,741,112,14,839,0,0,0,NA,0,10,10,0,NA,10,3,3,NA,NA,3,18,17,1,0,18,7,7,NA,NA,7,56,54,2,NA,56,16,16,NA,NA,16,153,153,NA,0,153,85,82,3,0,85,7,7,0,NA,7,21,21,0,0,21,19,19,0,NA,19,9,9,NA,NA,9,0,0,0,0,0,107,101,6,7,100,0,0,0,0,0,7,7,NA,NA,7,31,9,22,7,24,1,1,NA,NA,1,38,38,0,NA,38,3,3,0,NA,3,9,9,0,0,9,206,148,58,NA,206,29,25,4,0,29,3,1,2,0,3,15,1,14,NA,15,0,0,0,NA,0
M10 [Number of cases of Childhood Diseases (0-5 years)],'10.2',Childhood Diseases - Asthma,TOTAL,368,264,104,27,341,2,2,0,NA,2,9,9,0,NA,9,0,0,NA,NA,0,9,3,6,0,9,3,3,NA,NA,3,2,2,0,NA,2,65,65,NA,NA,65,14,14,NA,0,14,12,10,2,0,12,0,0,0,NA,0,18,18,0,15,3,2,2,0,NA,2,8,8,NA,NA,8,0,0,0,0,0,15,11,4,7,8,0,0,0,0,0,2,2,NA,NA,2,12,3,9,5,7,0,0,NA,NA,0,13,11,2,NA,13,1,1,0,NA,1,1,1,0,0,1,159,89,70,NA,159,10,10,0,0,10,1,0,1,0,1,10,0,10,NA,10,0,0,0,NA,0
M10 [Number of cases of Childhood Diseases (0-5 years)],'10.3',Childhood Diseases - Sepsis,TOTAL,276,228,48,0,276,0,0,0,NA,0,0,0,0,NA,0,1,1,NA,NA,1,13,12,1,0,13,0,0,NA,NA,0,16,16,0,NA,16,0,0,NA,NA,0,2,2,NA,0,2,73,73,0,0,73,0,0,0,NA,0,0,0,0,0,0,4,4,0,NA,4,6,6,NA,NA,6,16,16,0,0,16,11,11,0,0,11,0,0,0,0,0,1,1,NA,NA,1,65,52,13,0,65,0,0,NA,NA,0,0,0,0,NA,0,8,8,0,NA,8,1,1,0,0,1,59,25,34,NA,59,0,0,0,0,0,0,0,0,NA,0,0,0,0,NA,0,0,0,0,NA,0
M10 [Number of cases of Childhood Diseases (0-5 years)],'10.4',Childhood Diseases - Diphtheria,TOTAL,0,0,0,0,0,0,0,0,NA,0,0,0,0,NA,0,0,0,NA,NA,0,0,0,0,0,0,0,0,NA,NA,0,0,0,0,NA,0,0,0,NA,NA,0,0,0,NA,0,0,0,0,0,0,0,0,0,0,NA,0,0,0,0,0,0,0,0,0,NA,0,0,0,NA,NA,0,0,0,0,0,0,0,0,0,0,0,0,0,0,0,0,0,0,NA,NA,0,0,0,0,0,0,0,0,NA,NA,0,0,0,0,NA,0,0,0,0,NA,0,0,0,0,0,0,0,0,0,NA,0,0,0,0,0,0,0,0,0,NA,0,0,0,0,NA,0,0,0,0,NA,0
M10 [Number of cases of Childhood Diseases (0-5 years)],'10.5',Childhood Diseases - Pertussis,TOTAL,1,0,1,0,1,0,0,0,NA,0,0,0,0,NA,0,0,0,NA,NA,0,0,0,0,0,0,0,0,NA,NA,0,0,0,0,NA,0,0,0,NA,NA,0,0,0,NA,0,0,0,0,0,0,0,0,0,0,NA,0,0,0,0,0,0,0,0,0,NA,0,0,0,NA,NA,0,0,0,0,0,0,0,0,0,0,0,0,0,0,0,0,0,0,NA,NA,0,1,0,1,0,1,0,0,NA,NA,0,0,0,0,NA,0,0,0,0,NA,0,0,0,0,0,0,0,0,0,NA,0,0,0,0,0,0,0,0,0,NA,0,0,0,0,NA,0,0,0,0,NA,0
M10 [Number of cases of Childhood Diseases (0-5 years)],'10.6',Childhood Diseases - Tetanus Neonatorum,TOTAL,0,0,0,0,0,0,0,0,NA,0,0,0,0,NA,0,0,0,NA,NA,0,0,0,0,0,0,0,0,NA,NA,0,0,0,0,NA,0,0,0,NA,NA,0,0,0,NA,0,0,0,0,0,0,0,0,0,0,NA,0,0,0,0,0,0,0,0,0,NA,0,0,0,NA,NA,0,0,0,0,0,0,0,0,0,0,0,0,0,0,0,0,0,0,NA,NA,0,0,0,0,0,0,0,0,NA,NA,0,0,0,0,NA,0,0,0,0,NA,0,0,0,0,0,0,0,0,0,NA,0,0,0,0,0,0,0,0,0,NA,0,0,0,0,NA,0,0,0,0,NA,0
M10 [Number of cases of Childhood Diseases (0-5 years)],'10.7',Childhood Diseases - Tuberculosis (TB),TOTAL,44,33,11,0,44,0,0,0,NA,0,0,0,0,NA,0,0,0,NA,NA,0,5,4,1,0,5,2,2,NA,NA,2,1,1,0,NA,1,0,0,NA,NA,0,0,0,0,0,0,18,17,1,0,18,0,0,0,NA,0,0,0,0,0,0,0,0,0,NA,0,0,0,NA,NA,0,0,0,0,0,0,0,0,0,0,0,1,1,0,0,1,0,0,NA,NA,0,1,1,0,0,1,0,0,NA,NA,0,0,0,0,NA,0,0,0,0,NA,0,0,0,0,0,0,0,0,0,NA,0,0,0,0,0,0,1,1,0,NA,1,12,6,6,NA,12,3,0,3,NA,3
M10 [Number of cases of Childhood Diseases (0-5 years)],'10.8',Childhood Diseases - Acute Flaccid Paralysis(AFP),TOTAL,15,15,0,0,15,0,0,0,NA,0,0,0,0,NA,0,0,0,NA,NA,0,0,0,0,0,0,0,0,NA,NA,0,1,1,0,NA,1,0,0,NA,NA,0,0,0,0,0,0,0,0,0,0,0,1,1,0,NA,1,0,0,0,0,0,5,5,0,NA,5,0,0,NA,NA,0,0,0,0,0,0,6,6,0,0,6,0,0,0,0,0,0,0,NA,NA,0,0,0,0,0,0,0,0,NA,NA,0,0,0,0,NA,0,0,0,0,NA,0,1,1,0,0,1,0,0,0,NA,0,0,0,0,0,0,0,0,0,NA,0,0,0,0,NA,0,1,1,0,NA,1
M10 [Number of cases of Childhood Diseases (0-5 years)],'10.9',Childhood Diseases - Measles,TOTAL,138,137,1,1,137,4,4,0,NA,4,4,4,0,NA,4,0,0,NA,NA,0,5,5,0,0,5,0,0,NA,NA,0,0,0,0,NA,0,3,3,NA,NA,3,3,3,0,0,3,2,2,0,0,2,1,0,1,NA,1,0,0,0,0,0,14,14,0,NA,14,3,3,NA,NA,3,3,3,0,0,3,2,2,0,1,1,12,12,0,0,12,2,2,NA,NA,2,52,52,0,0,52,0,0,NA,NA,0,3,3,0,NA,3,0,0,0,NA,0,14,14,0,0,14,4,4,0,NA,4,3,3,0,0,3,0,0,0,NA,0,1,1,0,NA,1,3,3,0,NA,3
M10 [Number of cases of Childhood Diseases (0-5 years)],'10.10',Childhood Diseases - Malaria,TOTAL,268,265,3,0,268,0,0,0,NA,0,0,0,0,NA,0,0,0,NA,NA,0,4,1,3,0,4,2,2,NA,NA,2,0,0,0,NA,0,0,0,NA,NA,0,2,2,0,0,2,0,0,0,0,0,2,2,0,NA,2,0,0,0,0,0,3,3,0,NA,3,0,0,NA,NA,0,0,0,0,0,0,0,0,0,0,0,220,220,0,0,220,0,0,NA,NA,0,17,17,0,0,17,8,8,NA,NA,8,2,2,0,NA,2,0,0,0,NA,0,0,0,0,0,0,1,1,0,NA,1,0,0,0,0,0,7,7,0,NA,7,0,0,0,NA,0,0,0,0,NA,0
M10 [Number of cases of Childhood Diseases (0-5 years)],'10.11',Childhood Diseases - Diarrhoea,TOTAL,11333,10604,729,299,11034,366,216,150,NA,366,523,523,0,NA,523,11,11,NA,NA,11,403,371,32,0,403,124,124,NA,NA,124,589,569,20,NA,589,325,325,NA,NA,325,802,792,10,0,802,789,701,88,2,787,235,234,1,NA,235,271,255,16,26,245,179,169,10,NA,179,698,698,NA,NA,698,153,153,0,10,143,318,317,1,213,105,329,329,0,0,329,254,254,NA,NA,254,1689,1659,30,13,1676,124,124,NA,NA,124,435,387,48,NA,435,190,190,0,NA,190,785,759,26,30,755,602,456,146,NA,602,143,126,17,0,143,235,192,43,4,231,607,540,67,1,606,154,130,24,NA,154
M10 [Number of cases of Childhood Diseases (0-5 years)],'10.12',Childhood Diseases - Diarrhoea treated in Inpatients,TOTAL,2503,1879,624,136,2367,250,100,150,NA,250,75,75,0,NA,75,9,9,NA,NA,9,24,7,17,0,24,67,67,NA,NA,67,183,163,20,NA,183,152,152,NA,NA,152,156,156,NA,0,156,184,89,95,0,184,21,21,0,NA,21,107,91,16,26,81,72,62,10,NA,72,35,35,NA,NA,35,71,71,0,0,71,124,121,3,62,62,1,1,0,0,1,37,37,NA,NA,37,67,47,20,13,54,33,33,NA,NA,33,104,84,20,NA,104,80,80,0,NA,80,89,63,26,30,59,367,221,146,NA,367,56,49,7,0,56,61,18,43,4,57,27,0,27,1,26,51,27,24,NA,51
M10 [Number of cases of Childhood Diseases (0-5 years)],'10.13',Children admitted with upper respiratory infections,TOTAL,1088,751,337,53,1035,0,0,0,NA,0,0,0,0,NA,0,0,0,NA,NA,0,66,54,12,0,66,15,15,NA,NA,15,76,76,0,NA,76,32,32,NA,NA,32,24,24,NA,0,24,39,37,2,0,39,8,8,0,NA,8,1,0,1,1,0,47,47,0,NA,47,11,11,NA,NA,11,14,14,0,0,14,7,3,4,4,3,0,0,0,0,0,0,0,NA,NA,0,59,50,9,6,53,10,10,NA,NA,10,5,2,3,NA,5,250,250,0,NA,250,57,0,57,42,15,330,90,240,NA,330,11,11,0,0,11,8,4,4,NA,8,5,0,5,NA,5,13,13,0,NA,13
M10 [Number of cases of Childhood Diseases (0-5 years)],'10.14',Childhood Diseases - Severe Acute Malnutrition (SAM),TOTAL,126,110,16,4,122,0,0,0,NA,0,0,0,NA,NA,0,0,0,NA,NA,0,8,8,0,0,8,0,0,NA,NA,0,0,0,0,NA,0,0,0,NA,NA,0,2,2,NA,0,2,4,0,4,0,4,0,0,0,NA,0,0,0,0,0,0,6,6,0,NA,6,0,0,NA,NA,0,11,11,0,0,11,21,21,0,0,21,3,3,0,0,3,0,0,NA,NA,0,53,46,7,0,53,2,2,NA,NA,2,0,0,0,NA,0,0,0,0,NA,0,4,4,0,4,0,11,7,4,NA,11,0,0,0,0,0,0,0,0,NA,0,1,0,1,NA,1,0,0,0,NA,0
M11 [NVBDCP],'11.1.1.a',Total Blood Smears Examined for Malaria,TOTAL,234282,232106,2176,4956,229326,9991,9827,164,NA,9991,7993,7993,NA,NA,7993,8537,8537,NA,1673,6864,10046,9710,336,0,10046,3606,3606,NA,NA,3606,5739,5701,38,NA,5739,4726,4726,NA,NA,4726,13520,13520,NA,0,13520,9137,9107,30,0,9137,2699,2689,10,NA,2699,11860,11731,129,627,11233,7630,7535,95,NA,7630,7669,7669,NA,NA,7669,3996,3996,0,0,3996,5380,5380,0,2443,2937,24082,24082,0,0,24082,10216,10216,NA,NA,10216,8907,8904,3,0,8907,5770,5770,NA,NA,5770,8740,8346,394,17,8723,9663,9663,0,NA,9663,15985,15801,184,38,15947,5734,5734,NA,NA,5734,8385,8305,80,106,8279,17578,17225,353,18,17560,2539,2280,259,34,2505,4154,4053,101,NA,4154
M11 [NVBDCP],'11.1.1.b',Malaria (Microscopy Tests ) - Plasmodium Vivax test positive,TOTAL,53,53,0,0,53,0,0,0,NA,0,38,38,NA,NA,38,0,0,NA,NA,0,0,0,0,0,0,4,4,NA,NA,4,0,0,0,NA,0,1,1,NA,NA,1,0,0,NA,0,0,0,0,0,0,0,0,0,0,NA,0,0,0,0,0,0,0,0,0,NA,0,2,2,NA,NA,2,1,1,0,0,1,0,0,0,0,0,0,0,0,0,0,0,0,NA,NA,0,2,2,0,0,2,1,1,NA,NA,1,0,0,0,NA,0,0,0,0,NA,0,2,2,0,0,2,0,0,NA,NA,0,0,0,0,0,0,0,0,0,0,0,0,0,0,NA,0,2,2,0,NA,2
M11 [NVBDCP],'11.1.1.c',Malaria (Microscopy Tests ) - Plasmodium Falciparum test positive,TOTAL,12,10,2,2,10,0,0,0,NA,0,0,0,NA,NA,0,0,0,NA,NA,0,1,1,0,0,1,0,0,NA,NA,0,0,0,0,NA,0,0,0,NA,NA,0,0,0,NA,0,0,0,0,0,0,0,0,0,0,NA,0,2,0,2,2,0,0,0,0,NA,0,0,0,NA,NA,0,0,0,0,0,0,0,0,0,0,0,0,0,0,0,0,1,1,NA,NA,1,5,5,0,0,5,0,0,NA,NA,0,0,0,0,NA,0,0,0,0,NA,0,1,1,0,0,1,0,0,NA,NA,0,0,0,0,0,0,0,0,0,0,0,0,0,0,NA,0,2,2,0,NA,2
M11 [NVBDCP],'11.1.2.a',RDT conducted for Malaria,TOTAL,100005,98112,1893,3128,96877,4410,4318,92,NA,4410,3730,3728,2,NA,3730,4359,4359,NA,922,3437,5191,5096,95,0,5191,1016,1016,NA,NA,1016,2432,2415,17,NA,2432,3159,3159,NA,NA,3159,3235,3192,43,0,3235,2141,2123,18,15,2126,3841,3831,10,NA,3841,10248,9639,609,1328,8920,3810,3725,85,NA,3810,2137,2137,NA,NA,2137,3126,3126,0,0,3126,2878,2878,0,759,2119,7371,7371,0,0,7371,4142,4142,NA,NA,4142,1710,1653,57,0,1710,2409,2409,NA,NA,2409,2959,2798,161,NA,2959,4091,4091,0,NA,4091,4536,4495,41,25,4511,2605,2605,NA,NA,2605,2836,2821,15,10,2826,8368,8145,223,18,8350,1576,1516,60,51,1525,1689,1324,365,NA,1689
M11 [NVBDCP],'11.1.2.b',Malaria (RDT) - Plasmodium Vivax test positive,TOTAL,48,36,12,2,46,1,1,0,NA,1,1,1,NA,NA,1,0,0,NA,NA,0,0,0,0,0,0,0,0,NA,NA,0,0,0,0,NA,0,2,2,NA,NA,2,2,2,0,0,2,1,1,0,0,1,1,1,0,NA,1,2,1,1,1,1,0,0,0,NA,0,1,1,NA,NA,1,1,1,0,0,1,1,1,0,1,0,0,0,0,0,0,1,1,NA,NA,1,2,2,0,0,2,3,3,NA,NA,3,0,0,0,NA,0,0,0,0,NA,0,1,1,0,0,1,0,0,NA,NA,0,0,0,0,0,0,17,17,0,0,17,0,0,0,NA,0,11,0,11,NA,11
M11 [NVBDCP],'11.1.2.c',Malaria (RDT) - Plamodium Falciparum test positive,TOTAL,62,28,34,12,50,1,1,0,NA,1,0,0,NA,NA,0,0,0,NA,NA,0,0,0,0,0,0,1,1,NA,NA,1,0,0,0,NA,0,0,0,NA,NA,0,1,1,0,0,1,0,0,0,0,0,2,2,0,NA,2,14,2,12,12,2,0,0,0,NA,0,0,0,NA,NA,0,0,0,0,0,0,1,1,0,0,1,0,0,0,0,0,1,1,NA,NA,1,0,0,0,0,0,0,0,NA,NA,0,0,0,0,NA,0,0,0,0,NA,0,1,1,0,0,1,0,0,NA,NA,0,0,0,0,0,0,17,17,0,0,17,0,0,0,NA,0,23,1,22,NA,23
M11 [NVBDCP],'11.2.1',Kala Azar (RDT) - Tests Conducted,TOTAL,27,27,0,0,27,0,0,0,NA,0,18,18,NA,NA,18,0,0,NA,NA,0,0,0,0,0,0,0,0,NA,NA,0,0,0,0,NA,0,0,0,NA,NA,0,0,0,NA,0,0,0,0,0,0,0,0,0,NA,NA,0,0,0,0,0,0,0,0,0,NA,0,0,0,NA,NA,0,0,0,0,0,0,1,1,0,0,1,0,0,0,0,0,0,0,NA,NA,0,0,0,0,0,0,0,0,NA,NA,0,0,0,0,NA,0,0,0,0,NA,0,0,0,0,0,0,0,0,NA,NA,0,8,8,0,0,8,0,0,0,NA,0,0,0,0,NA,0,0,0,0,NA,0
M11 [NVBDCP],'11.2.2',Kala Azar Positive Cases,TOTAL,0,0,0,0,0,0,0,0,NA,0,0,0,NA,NA,0,0,0,NA,NA,0,0,0,0,0,0,0,0,NA,NA,0,0,0,0,NA,0,0,0,NA,NA,0,0,0,NA,0,0,0,0,0,0,0,0,0,0,NA,0,0,0,0,0,0,0,0,0,NA,0,0,0,NA,NA,0,0,0,0,0,0,0,0,0,0,0,0,0,0,0,0,0,0,NA,NA,0,0,0,0,0,0,0,0,NA,NA,0,0,0,0,NA,0,0,0,0,NA,0,0,0,0,0,0,0,0,NA,NA,0,0,0,0,0,0,0,0,0,NA,0,0,0,0,NA,0,0,0,0,NA,0
M11 [NVBDCP],'11.2.3',Post-kala-azar dermal leishmaniasis (PKDL) cases,TOTAL,0,0,0,0,0,0,0,0,NA,0,0,0,NA,NA,0,0,0,NA,NA,0,0,0,0,0,0,0,0,NA,NA,0,0,0,0,NA,0,0,0,NA,NA,0,0,0,NA,0,0,0,0,0,0,0,0,0,0,NA,0,0,0,0,0,0,0,0,0,NA,0,0,0,NA,NA,0,0,0,0,0,0,0,0,0,0,0,0,0,0,0,0,0,0,NA,NA,0,0,0,0,0,0,0,0,NA,NA,0,0,0,0,NA,0,0,0,0,NA,0,0,0,0,0,0,0,0,NA,NA,0,0,0,0,0,0,0,0,0,NA,0,0,0,0,NA,0,0,0,0,NA,0
M11 [NVBDCP],'11.3.1',Dengue - RDT Test Positive,TOTAL,58,58,0,0,58,0,0,0,NA,0,1,1,NA,NA,1,0,0,NA,NA,0,0,0,0,0,0,0,0,NA,NA,0,1,1,0,NA,1,0,0,NA,NA,0,0,0,NA,0,0,0,0,0,0,0,0,0,0,NA,0,0,0,0,0,0,0,0,0,NA,0,0,0,NA,NA,0,3,3,0,0,3,0,0,0,0,0,0,0,0,0,0,0,0,NA,NA,0,0,0,0,0,0,0,0,NA,NA,0,2,2,0,NA,2,0,0,0,NA,0,51,51,0,0,51,0,0,NA,NA,0,0,0,0,0,0,0,0,0,NA,0,0,0,0,NA,0,0,0,0,NA,0
M11 [NVBDCP],'11.3.2',Dengue - Enzyme- Linked Immuno Sorbent Assay (ELISA) Test Positive,TOTAL,30,30,NA,NA,30,NA,NA,NA,NA,NA,6,6,NA,NA,6,0,0,NA,NA,0,3,3,NA,NA,3,0,0,NA,NA,0,0,0,NA,NA,0,0,0,NA,NA,0,0,0,NA,NA,0,5,5,NA,NA,5,0,0,NA,NA,0,6,6,NA,NA,6,0,0,NA,NA,0,0,0,NA,NA,0,0,0,NA,NA,0,6,6,NA,NA,6,0,0,NA,NA,0,0,0,NA,NA,0,0,0,NA,NA,0,0,0,NA,NA,0,2,2,NA,NA,2,NA,NA,NA,NA,NA,0,0,NA,NA,0,0,0,NA,NA,0,2,2,NA,NA,2,0,0,NA,NA,0,0,0,NA,NA,0,NA,NA,NA,NA,NA
M11 [NVBDCP],'11.4.1',Tests Conducted for JE,TOTAL,242,242,NA,NA,242,NA,NA,NA,NA,NA,4,4,NA,NA,4,3,3,NA,NA,3,17,17,NA,NA,17,0,0,NA,NA,0,0,0,NA,NA,0,0,0,NA,NA,0,0,0,NA,NA,0,82,82,NA,NA,82,0,0,NA,NA,0,3,3,NA,NA,3,0,0,NA,NA,0,0,0,NA,NA,0,33,33,NA,NA,33,78,78,NA,NA,78,0,0,NA,NA,0,1,1,NA,NA,1,0,0,NA,NA,0,2,2,NA,NA,2,3,3,NA,NA,3,3,3,NA,NA,3,8,8,NA,NA,8,0,0,NA,NA,0,5,5,NA,NA,5,0,0,NA,NA,0,0,0,NA,NA,0,NA,NA,NA,NA,NA
M11 [NVBDCP],'11.4.2',Tests Positive for JE,TOTAL,50,50,NA,NA,50,NA,NA,NA,NA,NA,0,0,NA,NA,0,0,0,NA,NA,0,6,6,NA,NA,6,0,0,NA,NA,0,0,0,NA,NA,0,0,0,NA,NA,0,0,0,NA,NA,0,29,29,NA,NA,29,0,0,NA,NA,0,2,2,NA,NA,2,0,0,NA,NA,0,0,0,NA,NA,0,8,8,NA,NA,8,2,2,NA,NA,2,0,0,NA,NA,0,0,0,NA,NA,0,0,0,NA,NA,0,0,0,NA,NA,0,1,1,NA,NA,1,NA,NA,NA,NA,NA,1,1,NA,NA,1,0,0,NA,NA,0,1,1,NA,NA,1,0,0,NA,NA,0,0,0,NA,NA,0,NA,NA,NA,NA,NA
M12 [Adolscent Health],'12.1.1.a',Girls registered in AFHC,TOTAL,2421,1967,454,15,2406,0,0,0,NA,0,0,0,NA,NA,0,15,15,NA,NA,15,42,42,0,0,42,0,0,NA,NA,0,278,278,0,NA,278,0,0,NA,NA,0,84,84,NA,0,84,292,0,292,0,292,0,0,0,NA,0,64,64,0,0,64,119,119,0,NA,119,0,0,NA,NA,0,0,0,0,0,0,267,267,0,15,252,164,164,0,0,164,46,46,NA,NA,46,0,0,0,0,0,209,209,NA,NA,209,32,32,0,NA,32,52,52,NA,NA,52,247,227,20,0,247,10,10,NA,NA,10,0,0,0,0,0,324,324,0,NA,324,142,0,142,NA,142,34,34,0,NA,34
M12 [Adolscent Health],'12.1.1.b',Boys registered in AFHC,TOTAL,700,616,84,9,691,0,0,0,NA,0,0,0,NA,NA,0,6,6,NA,NA,6,21,21,0,0,21,0,0,NA,NA,0,41,41,0,NA,41,0,0,NA,NA,0,14,14,NA,0,14,84,0,84,0,84,0,0,0,NA,0,19,19,0,0,19,42,42,0,NA,42,0,0,NA,NA,0,0,0,0,0,0,79,79,0,9,70,24,24,0,0,24,12,12,NA,NA,12,0,0,0,0,0,43,43,NA,NA,43,8,8,0,NA,8,13,13,NA,NA,13,37,37,0,0,37,0,0,NA,NA,0,0,0,0,0,0,242,242,0,NA,242,0,0,0,NA,0,15,15,0,NA,15
M12 [Adolscent Health],'12.1.2.a',"Out of registered, Girls received clinical services",TOTAL,1809,1669,140,0,1809,0,0,0,NA,0,0,0,NA,NA,0,15,15,NA,NA,15,42,42,0,0,42,0,0,NA,NA,0,285,285,0,NA,285,0,0,NA,NA,0,72,72,NA,0,72,0,0,0,0,0,0,0,0,NA,0,88,88,0,0,88,44,44,0,NA,44,0,0,NA,NA,0,0,0,0,0,0,156,156,0,0,156,154,154,0,0,154,22,22,NA,NA,22,0,0,0,0,0,172,172,NA,NA,172,18,18,0,NA,18,52,52,NA,NA,52,224,216,8,0,224,0,0,NA,NA,0,0,0,0,0,0,299,299,0,NA,299,132,0,132,NA,132,34,34,0,NA,34
M12 [Adolscent Health],'12.1.2.b',"Out of registered, Boys received clinical services",TOTAL,528,513,15,0,528,0,0,0,NA,0,0,0,NA,NA,0,6,6,NA,NA,6,21,21,0,0,21,0,0,NA,NA,0,46,46,0,NA,46,0,0,NA,NA,0,2,2,NA,0,2,0,0,0,0,0,0,0,0,NA,0,8,8,0,0,8,23,23,0,NA,23,0,0,NA,NA,0,0,0,0,0,0,30,30,0,0,30,13,13,0,0,13,0,0,NA,NA,0,0,0,0,0,0,61,61,NA,NA,61,2,2,0,NA,2,13,13,NA,NA,13,45,45,0,0,45,0,0,NA,NA,0,0,0,0,0,0,228,228,0,NA,228,15,0,15,NA,15,15,15,0,NA,15
M12 [Adolscent Health],'12.1.3.a',"Out of registered, Girls received counselling",TOTAL,2155,1993,162,10,2145,0,0,0,NA,0,0,0,NA,NA,0,15,15,NA,NA,15,42,42,0,0,42,0,0,NA,NA,0,290,290,0,NA,290,0,0,NA,NA,0,68,68,NA,0,68,0,0,0,0,0,0,0,0,NA,0,93,93,0,0,93,117,117,0,NA,117,0,0,NA,NA,0,0,0,0,0,0,262,262,0,10,252,164,164,0,0,164,24,24,NA,NA,24,0,0,0,0,0,200,200,NA,NA,200,32,32,0,NA,32,52,52,NA,NA,52,286,266,20,0,286,10,10,NA,NA,10,0,0,0,0,0,324,324,0,NA,324,142,0,142,NA,142,34,34,0,NA,34
M12 [Adolscent Health],'12.1.3.b',"Out of registered, Boys received counselling",TOTAL,626,626,0,1,625,0,0,0,NA,0,0,0,NA,NA,0,6,6,NA,NA,6,21,21,0,0,21,0,0,NA,NA,0,49,49,0,NA,49,0,0,NA,NA,0,7,7,NA,0,7,0,0,0,0,0,0,0,0,NA,0,15,15,0,0,15,42,42,0,NA,42,0,0,NA,NA,0,0,0,0,0,0,71,71,0,1,70,24,24,0,0,24,12,12,NA,NA,12,0,0,0,0,0,68,68,NA,NA,68,8,8,0,NA,8,13,13,NA,NA,13,33,33,0,0,33,0,0,NA,NA,0,0,0,0,0,0,242,242,0,NA,242,0,0,0,NA,0,15,15,0,NA,15
"M13 [Directly Observed Treatment, Short-course (DOTS)]",'13.1',Number of on-going DOTS patients registered,TOTAL,4101,3900,201,19,4082,52,52,0,NA,52,416,416,NA,NA,416,14,14,NA,NA,14,324,324,0,0,324,13,13,NA,NA,13,131,131,0,NA,131,63,63,NA,NA,63,120,120,NA,0,120,393,360,33,0,393,17,16,1,NA,17,72,72,0,0,72,165,165,0,NA,165,108,108,NA,NA,108,43,43,0,0,43,25,25,0,19,6,203,203,0,0,203,109,109,NA,NA,109,98,80,18,0,98,311,311,NA,NA,311,63,56,7,NA,63,98,98,0,NA,98,212,209,3,0,212,83,83,NA,NA,83,256,250,6,0,256,241,224,17,NA,241,306,216,90,NA,306,165,139,26,NA,165
"M13 [Directly Observed Treatment, Short-course (DOTS)]",'13.2',Number of DOTS cases completed successfully,TOTAL,1571,1517,54,18,1553,33,33,0,NA,33,80,80,NA,NA,80,4,4,NA,NA,4,106,106,0,0,106,4,4,NA,NA,4,30,30,0,NA,30,34,34,NA,NA,34,101,101,NA,0,101,86,83,3,0,86,1,1,0,NA,1,42,42,0,0,42,420,420,0,NA,420,29,29,NA,NA,29,49,49,0,0,49,28,28,0,18,10,74,74,0,0,74,29,29,NA,NA,29,40,37,3,0,40,66,66,NA,NA,66,14,14,0,NA,14,18,18,0,NA,18,65,65,0,0,65,12,12,NA,NA,12,17,15,2,0,17,71,63,8,NA,71,94,58,36,NA,94,24,22,2,NA,24
M14 [Patient Services],'14.1.1',Outpatient - Diabetes,TOTAL,14259,12892,1367,1700,12559,2144,2142,2,NA,2144,219,219,NA,NA,219,208,208,NA,NA,208,480,398,82,13,467,69,69,NA,NA,69,107,78,29,NA,107,317,317,NA,NA,317,379,379,0,51,328,358,316,42,3,355,158,158,NA,NA,158,550,360,190,199,351,537,510,27,NA,537,116,116,NA,NA,116,981,981,0,25,956,932,497,435,861,71,1008,1008,0,0,1008,162,162,NA,1,161,424,288,136,0,424,82,82,NA,NA,82,264,245,19,NA,264,236,236,0,NA,236,1257,1163,94,83,1174,1098,1098,NA,NA,1098,1184,1166,18,400,784,302,199,103,19,283,416,262,154,45,371,271,235,36,NA,271
M14 [Patient Services],'14.1.2',Outpatient - Hypertension,TOTAL,29399,25579,3820,1728,27671,2553,2550,3,NA,2553,804,804,NA,NA,804,304,304,NA,NA,304,1128,967,161,22,1106,257,257,NA,NA,257,581,559,22,NA,581,941,941,NA,NA,941,954,954,0,32,922,1889,1545,344,16,1873,248,248,NA,NA,248,1015,853,162,161,854,2139,1984,155,NA,2139,503,503,NA,NA,503,1304,1304,0,47,1257,1378,868,510,1090,288,1617,1617,0,0,1617,339,339,NA,2,337,810,624,186,0,810,361,361,NA,NA,361,826,649,177,NA,826,375,375,0,NA,375,2486,2220,266,118,2368,1430,1430,NA,NA,1430,1723,1165,558,150,1573,1621,1117,504,60,1561,988,478,510,30,958,825,563,262,NA,825
M14 [Patient Services],'14.1.3',Outpatient - Stroke (Paralysis),TOTAL,466,374,92,49,417,12,12,0,NA,12,13,13,NA,NA,13,0,0,NA,NA,0,116,114,2,0,116,0,0,NA,NA,0,5,5,0,NA,5,3,3,NA,NA,3,1,1,0,0,1,13,9,4,0,13,1,1,0,NA,1,6,4,2,2,4,2,2,0,NA,2,130,130,NA,NA,130,10,10,0,0,10,38,2,36,36,2,1,1,0,0,1,3,3,NA,NA,3,28,21,7,0,28,8,8,NA,NA,8,1,0,1,NA,1,12,12,0,NA,12,10,7,3,2,8,2,2,NA,NA,2,16,9,7,0,16,8,1,7,0,8,23,2,21,9,14,4,2,2,NA,4
M14 [Patient Services],'14.1.4',Outpatient - Acute Heart Diseases,TOTAL,1238,614,624,497,741,11,11,0,NA,11,32,32,NA,NA,32,9,9,NA,NA,9,32,20,12,0,32,3,3,NA,NA,3,20,10,10,NA,20,3,3,NA,NA,3,10,10,0,0,10,14,10,4,0,14,0,0,0,NA,0,152,6,146,146,6,2,2,0,NA,2,1,1,NA,NA,1,358,358,0,0,358,317,3,314,316,1,5,5,0,0,5,7,7,NA,NA,7,66,7,59,0,66,6,6,NA,NA,6,12,8,4,NA,12,17,11,6,NA,17,63,55,8,6,57,4,4,NA,NA,4,6,3,3,0,6,24,20,4,0,24,52,3,49,29,23,12,7,5,NA,12
M14 [Patient Services],'14.1.5',Outpatient - Mental illness,TOTAL,4164,3537,627,436,3728,9,9,0,NA,9,80,80,NA,NA,80,214,214,NA,NA,214,74,53,21,0,74,2,2,NA,NA,2,145,145,0,NA,145,1,1,NA,NA,1,725,725,0,0,725,14,6,8,0,14,3,3,0,NA,3,585,578,7,7,578,327,319,8,NA,327,4,4,NA,NA,4,474,474,0,0,474,420,8,412,418,2,7,7,0,0,7,3,3,NA,NA,3,67,12,55,1,66,6,6,NA,NA,6,162,158,4,NA,162,325,315,10,NA,325,58,37,21,10,48,82,82,NA,NA,82,21,13,8,0,21,29,10,19,0,29,307,273,34,NA,307,20,0,20,NA,20
M14 [Patient Services],'14.1.6',Outpatient - Epilepsy,TOTAL,700,200,500,269,431,4,4,0,NA,4,3,3,NA,NA,3,0,0,NA,NA,0,23,20,3,0,23,0,0,NA,NA,0,48,47,1,NA,48,4,4,NA,NA,4,3,3,0,0,3,21,3,18,0,21,1,1,0,NA,1,14,14,0,0,14,15,7,8,NA,15,6,6,NA,NA,6,14,14,0,0,14,269,2,267,269,0,2,2,0,0,2,3,3,NA,NA,3,15,13,2,0,15,0,0,NA,NA,0,9,0,9,NA,9,14,0,14,NA,14,20,15,5,0,20,2,2,NA,NA,2,30,8,22,0,30,56,1,55,0,56,108,24,84,NA,108,16,4,12,NA,16
M14 [Patient Services],'14.1.7',Outpatient - Ophthalmic Related,TOTAL,39076,38185,891,239,38837,692,692,0,NA,692,821,821,NA,NA,821,791,791,NA,NA,791,2678,2645,33,0,2678,604,604,NA,NA,604,1016,1012,4,NA,1016,600,600,NA,NA,600,4344,4344,0,64,4280,480,379,101,5,475,916,916,0,NA,916,3094,3078,16,5,3089,2104,1970,134,NA,2104,1018,1018,NA,NA,1018,1752,1752,0,5,1747,289,289,0,118,171,1857,1857,0,0,1857,287,287,NA,NA,287,2075,1962,113,2,2073,186,186,NA,NA,186,1485,1400,85,NA,1485,591,581,10,NA,591,3000,2995,5,22,2978,2634,2634,NA,NA,2634,1452,1357,95,10,1442,2139,2053,86,4,2135,1965,1802,163,4,1961,206,160,46,NA,206
M14 [Patient Services],'14.1.8',Outpatient - Dental,TOTAL,31392,30580,812,567,30825,402,402,0,NA,402,791,791,NA,NA,791,502,502,NA,NA,502,2681,2554,127,19,2662,550,550,NA,NA,550,1056,1053,3,NA,1056,677,677,NA,NA,677,3248,3248,0,37,3211,673,591,82,4,669,244,244,0,NA,244,989,973,16,20,969,1178,1123,55,NA,1178,505,505,NA,NA,505,2015,2015,0,3,2012,527,462,65,393,134,3066,3066,0,0,3066,261,261,NA,NA,261,1065,1057,8,3,1062,320,320,NA,NA,320,1344,1284,60,NA,1344,1128,1120,8,NA,1128,2009,2005,4,39,1970,2797,2797,NA,NA,2797,1202,1140,62,5,1197,1212,1135,77,3,1209,620,448,172,41,579,330,257,73,NA,330
M14 [Patient Services],'14.1.9',Outpatient - Oncology,TOTAL,43,39,4,4,39,0,0,NA,NA,0,0,0,NA,NA,0,1,1,NA,NA,1,22,22,0,0,22,0,0,NA,NA,0,0,0,0,NA,0,0,0,NA,NA,0,5,5,NA,NA,5,0,0,0,0,0,0,0,NA,NA,0,2,0,2,2,0,0,0,NA,NA,0,0,0,NA,NA,0,0,0,0,0,0,0,0,NA,0,0,0,0,0,0,0,1,1,NA,NA,1,0,0,0,NA,0,0,0,NA,NA,0,5,5,NA,NA,5,2,2,NA,NA,2,5,3,2,2,3,0,0,NA,NA,0,0,0,0,NA,0,0,0,0,NA,0,0,0,NA,NA,0,0,0,NA,NA,0
M14 [Patient Services],'14.2.1',Allopathic- Outpatient attendance,TOTAL,2800184,2302699,497485,78675,2721509,56589,54240,2349,NA,56589,103158,103158,NA,NA,103158,66978,66978,NA,2527,64451,159797,133082,26715,2398,157399,46489,37740,8749,NA,46489,98661,95439,3222,NA,98661,69093,69093,NA,NA,69093,126777,126355,422,621,126156,251986,141453,110533,9062,242924,11812,11812,NA,NA,11812,103798,91037,12761,12962,90836,108160,71395,36765,NA,108160,37999,37999,NA,NA,37999,123600,105105,18495,2345,121255,151811,146807,5004,37841,113970,125915,125915,0,0,125915,48975,48910,65,65,48910,78258,72904,5354,678,77580,51755,51755,NA,NA,51755,79824,62846,16978,NA,79824,77685,74462,3223,NA,77685,214141,198833,15308,1359,212782,73488,73488,NA,NA,73488,139905,83946,55959,2780,137125,174285,102239,72046,130,174155,158956,84211,74745,5907,153049,60289,31497,28792,NA,60289
M14 [Patient Services],'14.2.2',Ayush - Outpatient attendance,TOTAL,253574,253570,4,4122,249452,21010,21010,0,NA,21010,24448,24448,NA,NA,24448,3354,3354,NA,NA,3354,522,522,0,0,522,3347,3347,NA,NA,3347,9302,9302,0,NA,9302,3064,3064,NA,NA,3064,19815,19815,0,0,19815,3260,3256,4,0,3260,2282,2282,NA,NA,2282,20050,20050,0,900,19150,4350,4350,0,NA,4350,1384,1384,NA,NA,1384,2468,2468,0,0,2468,15464,15464,0,3222,12242,33323,33323,0,0,33323,5704,5704,0,0,5704,2185,2185,0,0,2185,11362,11362,NA,NA,11362,1480,1480,0,NA,1480,8990,8990,0,NA,8990,17738,17738,0,0,17738,15365,15365,NA,NA,15365,3367,3367,0,0,3367,5279,5279,0,NA,5279,2210,2210,0,NA,2210,12451,12451,0,NA,12451
M14 [Patient Services],'14.3.1.a',Inpatient (Male)- Children<18yrs,TOTAL,10318,7891,2427,794,9524,45,39,6,NA,45,562,501,61,39,523,49,49,NA,NA,49,558,404,154,12,546,35,14,21,NA,35,759,725,34,NA,759,119,119,NA,NA,119,926,926,NA,0,926,498,292,206,31,467,188,150,38,NA,188,735,270,465,465,270,676,551,125,NA,676,232,232,NA,NA,232,433,380,53,0,433,179,169,10,15,164,139,139,0,0,139,172,170,2,2,170,359,256,103,18,341,140,140,NA,NA,140,424,387,37,NA,424,263,263,0,NA,263,597,411,186,145,452,269,269,NA,NA,269,322,174,148,0,322,997,657,340,NA,997,574,175,399,67,507,68,29,39,NA,68
M14 [Patient Services],'14.3.1.b',Inpatient (Male)- Adults,TOTAL,41208,32393,8815,2839,38369,451,403,48,NA,451,1378,1281,97,56,1322,496,496,NA,NA,496,2332,1997,335,0,2332,356,126,230,NA,356,1927,1809,118,NA,1927,340,340,NA,NA,340,1880,1880,NA,0,1880,4202,2833,1369,848,3354,449,365,84,NA,449,1581,856,725,725,856,2227,1832,395,NA,2227,617,617,NA,NA,617,1604,1529,75,0,1604,4667,4180,487,512,4155,401,401,0,0,401,719,716,3,3,716,642,484,158,5,637,988,988,NA,NA,988,1576,1479,97,NA,1576,812,812,0,NA,812,3206,2665,541,391,2815,607,607,NA,NA,607,1349,830,519,0,1349,3089,2057,1032,NA,3089,2677,599,2078,299,2378,635,211,424,NA,635
M14 [Patient Services],'14.3.2.a',Inpatient (Female)- Children<18yrs,TOTAL,9343,7012,2331,661,8682,59,53,6,NA,59,615,597,18,15,600,45,45,NA,NA,45,399,295,104,14,385,36,11,25,NA,36,616,588,28,NA,616,99,99,NA,NA,99,479,479,NA,0,479,401,209,192,13,388,153,148,5,NA,153,608,219,389,389,219,747,628,119,NA,747,234,234,NA,NA,234,317,285,32,0,317,146,137,9,19,127,120,120,0,0,120,153,151,2,2,151,269,194,75,13,256,108,108,NA,NA,108,366,318,48,NA,366,290,290,0,NA,290,572,407,165,111,461,310,310,NA,NA,310,331,141,190,0,331,1172,723,449,NA,1172,581,163,418,85,496,117,60,57,NA,117
M14 [Patient Services],'14.3.2.b',Inpatient (Female)- Adults,TOTAL,74729,60819,13910,4877,69852,1141,1048,93,NA,1141,2896,2718,178,113,2783,1185,1185,NA,NA,1185,5663,4476,1187,268,5395,909,504,405,NA,909,3004,2804,200,NA,3004,1072,1072,NA,NA,1072,3833,3833,NA,14,3819,5019,3272,1747,898,4121,590,559,31,NA,590,3265,2299,966,996,2269,3192,2574,618,NA,3192,2100,2100,NA,NA,2100,2513,2367,146,19,2494,6264,5481,783,955,5309,1649,1649,0,0,1649,1662,1657,5,5,1657,1939,1611,328,77,1862,2216,2216,NA,NA,2216,2867,2711,156,NA,2867,1387,1387,0,NA,1387,5796,4628,1168,910,4886,1295,1295,NA,NA,1295,2300,1553,747,0,2300,5113,3721,1392,12,5101,4911,1654,3257,610,4301,948,445,503,NA,948
M14 [Patient Services],'14.3.3',Number of Left Against Medical Advice (LAMA) cases,TOTAL,4544,4489,55,14,4530,0,0,0,NA,0,16,16,NA,NA,16,128,128,NA,NA,128,368,362,6,0,368,40,40,0,NA,40,236,236,0,NA,236,456,456,NA,NA,456,0,0,NA,0,0,4,0,4,0,4,1,1,NA,NA,1,401,394,7,7,394,193,190,3,NA,193,22,22,NA,NA,22,61,61,0,0,61,70,70,0,3,67,51,51,0,0,51,58,58,NA,NA,58,186,175,11,0,186,122,122,NA,NA,122,361,361,0,NA,361,296,296,0,NA,296,631,627,4,4,627,429,429,NA,NA,429,92,80,12,0,92,185,184,1,NA,185,17,10,7,NA,17,120,120,0,NA,120
M14 [Patient Services],'14.4.1',Inpatient - Malaria,TOTAL,214,210,4,4,210,0,0,0,NA,0,0,0,NA,NA,0,0,0,NA,NA,0,0,0,0,0,0,0,0,NA,NA,0,0,0,0,NA,0,0,0,NA,NA,0,0,0,NA,0,0,0,0,0,0,0,1,1,0,NA,1,4,0,4,4,0,0,0,0,NA,0,0,0,NA,NA,0,0,0,0,0,0,0,0,0,0,0,0,0,0,0,0,3,3,NA,NA,3,0,0,0,0,0,1,1,NA,NA,1,0,0,0,NA,0,202,202,0,NA,202,0,0,0,0,0,0,0,NA,NA,0,0,0,0,0,0,0,0,0,NA,0,0,0,0,0,0,3,3,0,NA,3
M14 [Patient Services],'14.4.2',Inpatient - Dengue,TOTAL,7,5,2,0,7,0,0,0,NA,0,0,0,NA,NA,0,0,0,NA,NA,0,0,0,0,0,0,0,0,NA,NA,0,0,0,0,NA,0,0,0,NA,NA,0,0,0,NA,0,0,0,0,0,0,0,0,0,0,NA,0,0,0,0,0,0,0,0,0,NA,0,0,0,NA,NA,0,3,3,0,0,3,0,0,0,0,0,0,0,0,0,0,0,0,NA,NA,0,2,0,2,0,2,0,0,NA,NA,0,0,0,0,NA,0,0,0,0,NA,0,0,0,0,0,0,0,0,NA,NA,0,2,2,0,0,2,0,0,0,NA,0,0,0,0,0,0,0,0,0,NA,0
M14 [Patient Services],'14.4.3',Inpatient - Typhoid,TOTAL,509,411,98,31,478,0,0,0,NA,0,25,25,NA,NA,25,3,3,NA,NA,3,46,7,39,0,46,9,9,NA,NA,9,3,0,3,NA,3,14,14,NA,NA,14,0,0,NA,0,0,5,5,0,0,5,25,25,0,NA,25,20,12,8,8,12,0,0,0,NA,0,0,0,NA,NA,0,43,43,0,0,43,9,3,6,7,2,0,0,0,0,0,18,16,2,2,16,11,9,2,0,11,10,10,NA,NA,10,46,30,16,NA,46,176,176,0,NA,176,5,0,5,5,0,4,4,NA,NA,4,4,4,0,0,4,3,3,0,NA,3,22,10,12,9,13,8,3,5,NA,8
M14 [Patient Services],'14.4.4',"Inpatient - Asthma, Chronic Obstructive Pulmonary Disease (COPD), Respiratory infections",TOTAL,3125,1714,1411,209,2916,1,1,0,NA,1,45,45,NA,NA,45,0,0,NA,NA,0,85,56,29,0,85,2,2,NA,NA,2,120,102,18,NA,120,5,5,NA,NA,5,60,60,NA,0,60,253,169,84,0,253,27,27,0,NA,27,57,35,22,22,35,337,331,6,NA,337,37,37,NA,NA,37,44,44,0,0,44,115,13,102,105,10,23,23,0,0,23,54,54,NA,NA,54,62,42,20,0,62,26,26,NA,NA,26,109,93,16,NA,109,18,18,0,NA,18,202,150,52,26,176,178,178,NA,NA,178,168,164,4,0,168,764,31,733,NA,764,296,0,296,56,240,37,8,29,NA,37
M14 [Patient Services],'14.4.5',Inpatient - Tuberculosis,TOTAL,736,568,168,11,725,1,1,0,NA,1,0,0,NA,NA,0,0,0,NA,NA,0,104,87,17,0,104,0,0,NA,NA,0,11,11,0,NA,11,10,10,NA,NA,10,10,10,NA,0,10,55,44,11,0,55,2,1,1,NA,2,18,14,4,4,14,26,25,1,NA,26,0,0,NA,NA,0,62,62,0,0,62,139,136,3,3,136,0,0,0,0,0,18,18,NA,NA,18,3,0,3,0,3,18,18,NA,NA,18,15,14,1,NA,15,48,48,0,NA,48,32,25,7,3,29,17,17,NA,NA,17,21,17,4,0,21,26,6,20,NA,26,90,0,90,1,89,10,4,6,NA,10
M14 [Patient Services],'14.4.6',Inpatient - Pyrexia of unknown origin (PUO),TOTAL,1701,1216,485,47,1654,2,0,2,NA,2,21,21,NA,NA,21,0,0,NA,NA,0,45,2,43,0,45,8,8,NA,NA,8,31,31,0,NA,31,10,10,NA,NA,10,65,65,NA,0,65,23,13,10,0,23,100,100,0,NA,100,67,30,37,37,30,99,67,32,NA,99,2,2,NA,NA,2,80,80,0,0,80,29,29,0,4,25,34,34,0,0,34,100,100,NA,NA,100,57,45,12,0,57,18,18,NA,NA,18,165,157,8,NA,165,0,0,0,NA,0,159,153,6,6,153,95,95,NA,NA,95,10,0,10,0,10,175,93,82,NA,175,244,13,231,NA,244,62,50,12,NA,62
M14 [Patient Services],'14.4.7',Inpatient - Diarrhea with dehydration,TOTAL,3782,2997,785,212,3570,41,39,2,NA,41,12,5,7,6,6,6,6,NA,NA,6,201,63,138,0,201,30,30,NA,NA,30,202,202,0,NA,202,49,49,NA,NA,49,142,142,NA,0,142,127,74,53,0,127,142,141,1,NA,142,122,79,43,43,79,233,199,34,NA,233,194,194,NA,NA,194,139,139,0,0,139,151,116,35,95,56,61,61,0,0,61,259,258,1,1,258,98,85,13,0,98,39,39,NA,NA,39,206,179,27,NA,206,285,285,0,NA,285,251,220,31,31,220,141,141,NA,NA,141,153,123,30,0,153,101,38,63,NA,101,322,33,289,36,286,75,57,18,NA,75
M14 [Patient Services],'14.4.8',Inpatient - Hepatitis,TOTAL,179,131,48,9,170,0,0,0,NA,0,2,0,2,NA,2,0,0,NA,NA,0,30,26,4,0,30,0,0,NA,NA,0,2,2,0,NA,2,6,6,NA,NA,6,0,0,NA,0,0,37,37,0,0,37,5,5,0,NA,5,9,0,9,9,0,1,1,0,NA,1,17,17,NA,NA,17,0,0,0,0,0,9,9,0,0,9,0,0,0,0,0,3,3,NA,NA,3,1,1,0,0,1,0,0,NA,NA,0,8,8,0,NA,8,0,0,0,NA,0,4,4,0,0,4,0,0,NA,NA,0,2,0,2,0,2,0,0,0,NA,0,35,4,31,NA,35,8,8,0,NA,8
M14 [Patient Services],'14.5',Patients registered at Emergency Department,TOTAL,96089,95248,841,228,95861,347,347,NA,NA,347,3698,3698,NA,NA,3698,1837,1837,NA,NA,1837,7978,7375,603,0,7978,860,860,NA,NA,860,5061,5061,0,NA,5061,968,968,NA,NA,968,298,298,NA,NA,298,2370,2370,0,NA,2370,1403,1403,NA,NA,1403,2670,2576,94,94,2576,3977,3977,NA,NA,3977,1846,1846,NA,NA,1846,6902,6902,0,0,6902,5181,5181,NA,NA,5181,7364,7364,0,0,7364,299,299,NA,NA,299,3741,3731,10,NA,3741,1969,1969,NA,NA,1969,5509,5509,NA,NA,5509,2335,2335,NA,NA,2335,7798,7677,121,121,7677,2918,2918,NA,NA,2918,6864,6864,0,NA,6864,4738,4738,0,NA,4738,3713,3700,13,13,3700,3445,3445,NA,NA,3445
M14 [Patient Services],'14.6.1',"Emergency - Trauma ( accident, injury, poisoning etc)",TOTAL,10333,10118,215,125,10208,245,245,NA,NA,245,803,800,3,NA,803,0,0,NA,NA,0,166,82,84,0,166,36,36,NA,NA,36,377,377,0,NA,377,700,700,NA,NA,700,107,107,NA,NA,107,86,86,0,NA,86,100,100,NA,NA,100,1461,1371,90,90,1371,257,257,NA,NA,257,63,63,NA,NA,63,48,48,0,0,48,404,404,NA,0,404,922,922,0,0,922,1089,1089,NA,NA,1089,40,37,3,NA,40,607,607,NA,NA,607,1233,1233,NA,NA,1233,222,222,NA,NA,222,809,791,18,18,791,6,6,NA,NA,6,426,426,0,NA,426,70,70,0,NA,70,23,6,17,17,6,33,33,NA,NA,33
M14 [Patient Services],'14.6.2',Emergency - Burn,TOTAL,246,239,7,0,246,0,0,NA,NA,0,13,12,1,NA,13,0,0,NA,NA,0,24,22,2,0,24,0,0,NA,NA,0,13,13,0,NA,13,3,3,NA,NA,3,7,7,NA,NA,7,0,0,0,NA,0,5,5,NA,NA,5,7,7,0,0,7,15,15,NA,NA,15,0,0,NA,NA,0,6,6,0,0,6,43,43,NA,0,43,4,4,0,0,4,11,11,NA,NA,11,1,0,1,NA,1,14,14,NA,NA,14,32,32,NA,NA,32,0,0,NA,NA,0,29,29,0,0,29,0,0,NA,NA,0,8,8,0,NA,8,4,4,0,NA,4,3,0,3,NA,3,4,4,NA,NA,4
M14 [Patient Services],'14.6.3',Emergency - Obstetrics complications,TOTAL,4322,4263,59,35,4287,1,1,NA,NA,1,21,0,21,12,9,0,0,NA,NA,0,183,163,20,0,183,0,0,NA,NA,0,624,624,0,NA,624,28,28,NA,NA,28,35,35,NA,NA,35,2,2,0,NA,2,13,13,NA,NA,13,18,14,4,4,14,44,44,NA,NA,44,0,0,NA,NA,0,917,917,0,0,917,1091,1091,NA,5,1086,46,46,0,0,46,22,22,NA,NA,22,0,0,0,NA,0,475,475,NA,NA,475,115,115,NA,NA,115,46,46,NA,NA,46,71,69,2,2,69,0,0,NA,NA,0,332,332,0,NA,332,220,220,0,NA,220,12,0,12,12,0,6,6,NA,NA,6
M14 [Patient Services],'14.6.4',Emergency - Snake Bite,TOTAL,176,172,4,1,175,1,1,NA,NA,1,14,14,NA,NA,14,0,0,NA,NA,0,6,6,0,0,6,0,0,NA,NA,0,15,15,0,NA,15,3,3,NA,NA,3,3,3,NA,NA,3,1,1,0,NA,1,0,0,NA,NA,0,1,0,1,1,0,11,11,NA,NA,11,6,6,NA,NA,6,6,6,0,0,6,5,5,NA,0,5,0,0,0,0,0,4,4,NA,NA,4,2,1,1,NA,2,3,3,NA,NA,3,13,13,NA,NA,13,0,0,NA,NA,0,35,35,0,0,35,0,0,NA,NA,0,40,40,0,NA,40,0,0,0,NA,0,2,0,2,NA,2,5,5,NA,NA,5
M14 [Patient Services],'14.6.5',Emergency - Acute Caridiac Emergencies,TOTAL,495,479,16,4,491,0,0,NA,NA,0,63,63,NA,NA,63,0,0,NA,NA,0,25,13,12,0,25,0,0,NA,NA,0,4,4,0,NA,4,4,4,NA,NA,4,2,2,NA,NA,2,1,1,0,NA,1,3,3,NA,NA,3,1,0,1,1,0,0,0,NA,NA,0,0,0,NA,NA,0,7,7,0,0,7,0,0,NA,0,0,3,3,0,0,3,0,0,NA,NA,0,0,0,0,NA,0,30,30,NA,NA,30,150,150,NA,NA,150,51,51,NA,NA,51,7,4,3,3,4,0,0,NA,NA,0,144,144,0,NA,144,0,0,0,NA,0,0,0,NA,NA,0,0,0,NA,NA,0
M14 [Patient Services],'14.6.7',Emergency - CVA ( Cerebovascular Disease),TOTAL,666,653,13,7,659,4,4,NA,NA,4,6,6,NA,NA,6,0,0,NA,NA,0,88,87,1,0,88,0,0,NA,NA,0,58,58,0,NA,58,4,4,NA,NA,4,1,1,NA,NA,1,5,5,0,NA,5,5,5,NA,NA,5,18,15,3,3,15,40,40,NA,NA,40,9,9,NA,NA,9,3,3,0,0,3,0,0,NA,0,0,2,2,0,0,2,11,11,NA,NA,11,12,7,5,NA,12,78,78,NA,NA,78,91,91,NA,NA,91,11,11,NA,NA,11,57,54,3,3,54,0,0,NA,NA,0,151,151,0,NA,151,1,1,0,NA,1,1,0,1,1,0,10,10,NA,NA,10
M14 [Patient Services],'14.7',Number of deaths occurring at Emergency Department,TOTAL,212,210,2,0,212,6,6,NA,NA,6,22,22,NA,NA,22,1,1,NA,NA,1,4,2,2,0,4,0,0,NA,NA,0,0,0,0,NA,0,0,0,NA,NA,0,0,0,NA,NA,0,0,0,0,NA,0,3,3,NA,NA,3,0,0,0,0,0,0,0,NA,NA,0,0,0,NA,NA,0,0,0,0,0,0,133,133,NA,0,133,0,0,0,0,0,0,0,NA,NA,0,1,1,0,NA,1,21,21,NA,NA,21,4,4,NA,NA,4,0,0,NA,NA,0,1,1,0,0,1,0,0,NA,NA,0,4,4,0,NA,4,12,12,0,NA,12,0,0,NA,NA,0,0,0,NA,NA,0
M14 [Patient Services],'14.8.1',Operation major (General and spinal anaesthesia),TOTAL,4713,3075,1638,1411,3302,0,0,0,NA,0,472,237,235,174,298,71,71,NA,NA,71,704,650,54,38,666,6,6,NA,NA,6,120,76,44,NA,120,96,96,NA,NA,96,231,231,NA,0,231,673,427,246,246,427,37,37,0,NA,37,489,18,471,471,18,116,116,0,NA,116,7,7,NA,NA,7,288,288,0,0,288,130,67,63,68,62,165,36,129,78,87,125,125,NA,NA,125,188,104,84,29,159,136,136,NA,NA,136,43,43,0,NA,43,41,41,NA,NA,41,233,51,182,182,51,8,8,NA,NA,8,103,103,0,0,103,26,21,5,NA,26,205,80,125,125,80,0,0,0,NA,0
M14 [Patient Services],'14.8.2',"Out of Operation major, Gynecology- Hysterectomy surgeries",TOTAL,2606,1880,726,603,2003,17,17,0,NA,17,51,33,18,13,38,3,3,NA,NA,3,61,25,36,32,29,5,5,NA,NA,5,51,0,51,NA,51,27,27,NA,NA,27,10,10,NA,0,10,473,329,144,144,329,52,48,4,NA,52,23,0,23,23,0,19,19,0,NA,19,0,0,NA,NA,0,197,197,0,0,197,953,914,39,45,908,165,36,129,78,87,77,77,NA,NA,77,103,53,50,37,66,6,6,NA,NA,6,9,9,0,NA,9,41,41,NA,NA,41,176,9,167,167,9,2,2,NA,NA,2,0,0,0,0,0,0,0,0,NA,0,84,20,64,64,20,1,0,1,NA,1
M14 [Patient Services],'14.8.3',"Major Surgeries excluding Obstetrics, Gynaecology and Opthalmology etc.",TOTAL,2828,2828,NA,NA,2828,0,0,NA,NA,0,0,0,NA,NA,0,22,22,NA,NA,22,505,505,NA,NA,505,0,0,NA,NA,0,2,2,NA,NA,2,48,48,NA,NA,48,77,77,NA,NA,77,384,384,NA,NA,384,37,37,NA,NA,37,18,18,NA,NA,18,28,28,NA,NA,28,0,0,NA,NA,0,272,272,NA,NA,272,1209,1209,NA,NA,1209,0,0,NA,NA,0,0,0,NA,NA,0,0,0,NA,NA,0,66,66,NA,NA,66,34,34,NA,NA,34,NA,NA,NA,NA,NA,38,38,NA,NA,38,6,6,NA,NA,6,24,24,NA,NA,24,NA,NA,NA,NA,NA,58,58,NA,NA,58,0,0,NA,NA,0
M14 [Patient Services],'14.8.4',Operation minor (No or local anaesthesia),TOTAL,6555,5817,738,491,6064,191,191,0,NA,191,118,42,76,68,50,15,15,NA,NA,15,992,985,7,0,992,0,0,NA,NA,0,46,46,0,NA,46,58,58,NA,NA,58,79,79,NA,0,79,246,66,180,180,66,54,41,13,NA,54,389,324,65,65,324,79,79,0,NA,79,57,57,NA,NA,57,1314,1314,0,0,1314,1570,1549,21,36,1534,129,129,0,0,129,18,18,NA,NA,18,256,10,246,20,236,22,22,NA,NA,22,14,14,0,NA,14,0,0,NA,NA,0,501,412,89,89,412,90,90,NA,NA,90,158,158,0,0,158,43,43,0,NA,43,85,44,41,33,52,31,31,0,NA,31
M14 [Patient Services],'14.8.5',Number of post operative Surgical Site infection,TOTAL,42,42,NA,NA,42,0,0,NA,NA,0,3,3,NA,NA,3,0,0,NA,NA,0,8,8,NA,NA,8,0,0,NA,NA,0,1,1,NA,NA,1,0,0,NA,NA,0,0,0,NA,NA,0,NA,NA,NA,NA,NA,0,0,NA,NA,0,0,0,NA,NA,0,1,1,NA,NA,1,0,0,NA,NA,0,26,26,NA,NA,26,0,0,NA,NA,0,0,0,NA,NA,0,1,1,NA,NA,1,0,0,NA,NA,0,0,0,NA,NA,0,2,2,NA,NA,2,NA,NA,NA,NA,NA,0,0,NA,NA,0,0,0,NA,NA,0,0,0,NA,NA,0,0,0,NA,NA,0,0,0,NA,NA,0,0,0,NA,NA,0
M14 [Patient Services],'14.8.6',Number of blood units issued,TOTAL,1677,1570,107,98,1579,0,0,0,NA,0,14,3,11,8,6,0,0,NA,NA,0,491,486,5,0,491,0,0,NA,NA,0,0,0,0,NA,0,0,0,NA,NA,0,3,3,NA,0,3,0,0,0,0,0,118,118,0,NA,118,16,4,12,12,4,0,0,0,NA,0,0,0,NA,NA,0,561,561,0,0,561,3,3,0,0,3,0,0,0,0,0,0,0,NA,NA,0,126,126,0,0,126,45,45,NA,NA,45,0,0,0,NA,0,139,139,NA,NA,139,41,11,30,30,11,68,68,NA,NA,68,2,2,0,0,2,0,0,0,NA,0,50,1,49,48,2,0,0,0,NA,0
M14 [Patient Services],'14.8.7',Number of blood transfusions done,TOTAL,1559,1437,122,115,1444,0,0,0,NA,0,13,2,11,8,5,0,0,NA,NA,0,533,528,5,0,533,0,0,NA,NA,0,0,0,0,NA,0,0,0,NA,NA,0,3,3,NA,0,3,0,0,0,0,0,109,109,0,NA,109,16,4,12,12,4,0,0,0,NA,0,0,0,NA,NA,0,561,561,0,0,561,4,4,0,1,3,0,0,0,0,0,0,0,NA,NA,0,0,0,0,0,0,0,0,NA,NA,0,0,0,0,NA,0,140,140,NA,NA,140,75,11,64,64,11,68,68,NA,NA,68,7,7,0,0,7,0,0,0,NA,0,30,0,30,30,0,0,0,0,NA,0
M14 [Patient Services],'14.9.1',Inpatient Deaths - Male,TOTAL,487,461,26,13,474,5,5,0,NA,5,38,38,NA,NA,38,9,9,NA,NA,9,47,46,1,0,47,1,1,NA,NA,1,15,14,1,NA,15,5,5,NA,NA,5,17,17,NA,0,17,37,36,1,0,37,6,6,0,NA,6,19,12,7,7,12,16,16,0,NA,16,4,4,NA,NA,4,53,53,0,0,53,1,1,0,0,1,0,0,0,0,0,17,17,NA,NA,17,6,3,3,0,6,28,28,NA,NA,28,23,23,0,NA,23,4,4,0,NA,4,32,30,2,2,30,7,7,NA,NA,7,9,9,0,0,9,66,65,1,NA,66,20,10,10,4,16,2,2,0,NA,2
M14 [Patient Services],'14.9.2',Inpatient Deaths - Female,TOTAL,347,337,10,4,343,1,1,0,NA,1,26,26,NA,NA,26,7,7,NA,NA,7,57,56,1,0,57,2,2,NA,NA,2,12,11,1,NA,12,6,6,NA,NA,6,14,14,NA,0,14,21,21,0,0,21,4,4,0,NA,4,10,8,2,2,8,9,9,0,NA,9,6,6,NA,NA,6,42,42,0,0,42,1,1,0,0,1,0,0,0,0,0,8,8,NA,NA,8,3,0,3,0,3,12,12,NA,NA,12,11,11,0,NA,11,9,9,0,NA,9,24,23,1,1,23,7,7,NA,NA,7,9,9,0,0,9,39,39,0,NA,39,4,2,2,1,3,3,3,0,NA,3
M14 [Patient Services],'14.10',In-Patient Head Count at midnight,TOTAL,128789,125277,3512,482,128307,550,508,42,NA,550,4415,4415,NA,NA,4415,3496,3496,NA,NA,3496,4635,4103,532,0,4635,1039,1039,NA,NA,1039,7422,7422,0,NA,7422,3691,3691,NA,NA,3691,6896,6896,NA,0,6896,1294,1290,4,0,1294,4137,4137,0,NA,4137,4846,4816,30,80,4766,11589,11587,2,NA,11589,1893,1893,NA,NA,1893,826,826,0,0,826,9565,9565,0,287,9278,2223,2223,0,0,2223,5841,5841,NA,NA,5841,5858,3688,2170,0,5858,5079,5079,NA,NA,5079,7545,7284,261,NA,7545,3511,3511,NA,NA,3511,9881,9850,31,0,9881,6464,6464,NA,NA,6464,5786,5786,0,0,5786,4566,4384,182,NA,4566,4667,4414,253,115,4552,1074,1069,5,NA,1074
M14 [Patient Services],'14.11',Number of Admission in NBSU ( New Born Stabilisation Unit),TOTAL,641,529,112,53,588,2,2,0,NA,2,19,19,NA,NA,19,9,9,NA,NA,9,46,38,8,0,46,0,0,NA,NA,0,22,22,0,NA,22,10,10,NA,NA,10,20,20,NA,0,20,39,39,0,0,39,5,5,0,NA,5,45,30,15,15,30,21,21,0,NA,21,11,11,NA,NA,11,19,19,0,0,19,3,3,0,0,3,13,13,0,NA,13,0,0,NA,NA,0,126,65,61,11,115,4,4,NA,NA,4,39,39,0,NA,39,38,38,NA,NA,38,74,47,27,27,47,1,1,NA,NA,1,26,26,0,0,26,34,34,0,NA,34,9,8,1,NA,9,6,6,0,NA,6
M14 [Patient Services],'14.12.1',Special Newborn Care Unit (SNCU Admissions) - Inborn Male,TOTAL,1325,1294,31,25,1300,2,2,NA,NA,2,70,70,NA,NA,70,11,11,NA,NA,11,111,111,0,0,111,0,0,NA,NA,0,83,77,6,NA,83,29,29,NA,NA,29,38,38,NA,NA,38,121,121,0,0,121,13,13,NA,NA,13,55,55,0,0,55,48,48,NA,NA,48,22,22,NA,NA,22,82,82,0,0,82,229,229,NA,0,229,0,0,0,0,0,27,27,NA,NA,27,19,19,0,NA,19,42,42,NA,NA,42,63,63,NA,NA,63,21,21,NA,NA,21,25,0,25,25,0,49,49,NA,NA,49,36,36,0,NA,36,91,91,0,NA,91,32,32,NA,NA,32,6,6,NA,NA,6
M14 [Patient Services],'14.12.2',Special Newborn Care Unit (SNCU Admissions) - Inborn Female,TOTAL,1043,1017,26,18,1025,8,8,NA,NA,8,41,41,NA,NA,41,22,22,NA,NA,22,97,97,0,0,97,0,0,NA,NA,0,66,58,8,NA,66,29,29,NA,NA,29,25,25,NA,NA,25,107,107,0,0,107,12,12,NA,NA,12,38,38,0,0,38,35,35,NA,NA,35,20,20,NA,NA,20,80,80,0,0,80,119,119,NA,0,119,0,0,0,0,0,19,19,NA,NA,19,12,12,0,NA,12,42,42,NA,NA,42,41,41,NA,NA,41,20,20,NA,NA,20,18,0,18,18,0,48,48,NA,NA,48,37,37,0,NA,37,63,63,0,NA,63,34,34,NA,NA,34,10,10,NA,NA,10
M14 [Patient Services],'14.12.3',Outborn – Male,TOTAL,807,766,41,38,769,0,0,NA,NA,0,59,59,NA,NA,59,16,16,NA,NA,16,107,107,0,0,107,0,0,NA,NA,0,42,39,3,NA,42,7,7,NA,NA,7,42,42,NA,NA,42,60,60,0,0,60,5,5,NA,NA,5,31,31,0,0,31,17,17,NA,NA,17,21,21,NA,NA,21,41,41,0,0,41,93,93,NA,0,93,0,0,0,0,0,0,0,NA,NA,0,41,41,0,NA,41,17,17,NA,NA,17,13,13,NA,NA,13,10,10,NA,NA,10,91,53,38,38,53,12,12,NA,NA,12,12,12,0,NA,12,45,45,0,NA,45,19,19,NA,NA,19,6,6,NA,NA,6
M14 [Patient Services],'14.12.4',Outborn - Female,TOTAL,483,462,21,19,464,0,0,NA,NA,0,21,21,NA,NA,21,5,5,NA,NA,5,64,64,0,0,64,0,0,NA,NA,0,33,31,2,NA,33,5,5,NA,NA,5,23,23,NA,NA,23,35,35,0,0,35,4,4,NA,NA,4,16,16,0,0,16,10,10,NA,NA,10,11,11,NA,NA,11,21,21,0,0,21,77,77,NA,0,77,0,0,0,0,0,7,7,NA,NA,7,12,12,0,NA,12,12,12,NA,NA,12,22,22,NA,NA,22,7,7,NA,NA,7,47,28,19,19,28,13,13,NA,NA,13,4,4,0,NA,4,19,19,0,NA,19,10,10,NA,NA,10,5,5,NA,NA,5
M14 [Patient Services],'14.12.5',Number of newborns admitted in SNCU - referred by ASHA,TOTAL,95,95,0,0,95,0,0,NA,NA,0,0,0,NA,NA,0,21,21,NA,NA,21,0,0,0,0,0,0,0,NA,NA,0,23,23,0,NA,23,12,12,NA,NA,12,0,0,NA,NA,0,0,0,0,0,0,0,0,NA,NA,0,7,7,0,0,7,0,0,NA,NA,0,0,0,NA,NA,0,0,0,0,0,0,0,0,NA,0,0,0,0,0,0,0,0,0,NA,NA,0,0,0,0,NA,0,22,22,NA,NA,22,0,0,NA,NA,0,10,10,NA,NA,10,0,0,0,0,0,0,0,NA,NA,0,0,0,0,NA,0,0,0,0,NA,0,0,0,NA,NA,0,0,0,NA,NA,0
M14 [Patient Services],'14.13',Number of deaths occurring at SNCU,TOTAL,340,338,2,2,338,2,2,NA,NA,2,43,43,NA,NA,43,3,3,NA,NA,3,24,24,0,0,24,0,0,NA,NA,0,14,14,0,NA,14,7,7,NA,NA,7,11,11,NA,NA,11,37,37,0,0,37,1,1,NA,NA,1,13,13,0,0,13,13,13,NA,NA,13,5,5,NA,NA,5,24,24,0,0,24,84,84,NA,0,84,0,0,0,0,0,3,3,NA,NA,3,5,5,0,NA,5,5,5,NA,NA,5,16,16,NA,NA,16,1,1,NA,NA,1,2,0,2,2,0,2,2,NA,NA,2,4,4,0,NA,4,18,18,0,NA,18,2,2,NA,NA,2,1,1,NA,NA,1
M14 [Patient Services],'14.14.1',Number of children admitted in NRC,TOTAL,120,120,0,0,120,0,0,0,NA,0,0,0,0,NA,0,4,4,NA,NA,4,10,10,0,0,10,0,0,NA,NA,0,9,9,0,NA,9,2,2,NA,NA,2,8,8,NA,0,8,9,9,0,0,9,0,0,0,NA,0,5,5,0,0,5,9,9,0,NA,9,0,0,NA,NA,0,11,11,0,0,11,19,19,0,0,19,0,0,0,0,0,0,0,NA,NA,0,0,0,0,0,0,2,2,NA,NA,2,8,8,0,NA,8,8,8,NA,NA,8,6,6,0,0,6,6,6,NA,NA,6,0,0,0,0,0,0,0,0,NA,0,0,0,0,NA,0,4,4,0,NA,4
M14 [Patient Services],'14.14.2',Number of children discharged with target weight gain from the NRCs,TOTAL,84,84,0,0,84,0,0,0,NA,0,2,2,NA,NA,2,1,1,NA,NA,1,10,10,0,0,10,0,0,NA,NA,0,9,9,0,NA,9,2,2,NA,NA,2,1,1,NA,0,1,9,9,0,0,9,0,0,0,NA,0,5,5,0,0,5,5,5,0,NA,5,0,0,NA,NA,0,5,5,0,0,5,12,12,0,0,12,0,0,0,0,0,0,0,NA,NA,0,0,0,0,0,0,2,2,NA,NA,2,0,0,0,NA,0,8,8,NA,NA,8,12,12,0,0,12,1,1,NA,NA,1,0,0,0,0,0,0,0,0,NA,0,0,0,0,NA,0,0,0,0,NA,0
M14 [Patient Services],'14.15',Number of Rogi Kalyan Samiti (RKS) meetings held,TOTAL,36240,36226,14,7,36233,4026,4026,0,NA,4026,14,14,NA,NA,14,2,2,NA,NA,2,4,4,0,0,4,4,4,NA,NA,4,8,8,0,NA,8,2,2,NA,NA,2,25,25,NA,0,25,4,4,0,0,4,4,4,0,NA,4,11,11,0,0,11,18,16,2,NA,18,3,3,NA,NA,3,23,23,0,0,23,12,12,0,6,6,13,13,0,0,13,18,18,NA,NA,18,7,7,0,0,7,25,25,NA,NA,25,11,10,1,NA,11,7,7,0,NA,7,31,31,0,1,30,4,4,NA,NA,4,23,18,5,0,23,21,21,0,NA,21,31913,31908,5,NA,31913,7,6,1,NA,7
M14 [Patient Services],'14.16',Number of Anganwadi centres/ UPHCs reported to have conducted Village Health & Nutrition Day (VHNDs)/ Urban Health & Nutrition Day (UHNDs)/ Outreach / Special Outreach,TOTAL,26413,25785,628,745,25668,783,783,0,NA,783,1176,1176,NA,NA,1176,466,466,NA,NA,466,1546,1542,4,41,1505,478,478,NA,NA,478,815,815,NA,NA,815,659,659,NA,NA,659,1703,1673,30,0,1703,1008,865,143,79,929,281,281,0,NA,281,805,803,2,43,762,1048,1048,0,NA,1048,614,614,NA,NA,614,915,915,0,47,868,485,485,0,283,202,1558,1558,0,NA,1558,1227,1227,NA,62,1165,1094,1094,0,18,1076,965,965,NA,NA,965,908,891,17,45,863,899,898,1,NA,899,2039,2022,17,34,2005,573,573,NA,NA,573,1059,985,74,24,1035,1693,1509,184,36,1657,938,810,128,33,905,678,650,28,NA,678
M14 [Patient Services],'14.17',Stock out rate of essential Drugs,TOTAL,509,509,NA,NA,509,3,3,NA,NA,3,88,88,NA,NA,88,25,25,NA,NA,25,8,8,NA,NA,8,11,11,NA,NA,11,10,10,NA,NA,10,5,5,NA,NA,5,NA,NA,NA,NA,NA,NA,NA,NA,NA,NA,16,16,NA,NA,16,15,15,NA,NA,15,12,12,NA,NA,12,8,8,NA,NA,8,NA,NA,NA,NA,NA,0,0,NA,NA,0,6,6,NA,NA,6,14,14,NA,NA,14,NA,NA,NA,NA,NA,245,245,NA,NA,245,6,6,NA,NA,6,7,7,NA,NA,7,2,2,NA,NA,2,13,13,NA,NA,13,7,7,NA,NA,7,NA,NA,NA,NA,NA,8,8,NA,NA,8,NA,NA,NA,NA,NA
M14 [Patient Services],'14.18',Blood Units Issued on replacement (Family Donors to be considered as replacement donations),TOTAL,4504,4504,NA,NA,4504,0,0,NA,NA,0,113,113,NA,NA,113,166,166,NA,NA,166,560,560,NA,NA,560,NA,NA,NA,NA,NA,320,320,NA,NA,320,17,17,NA,NA,17,293,293,NA,NA,293,NA,NA,NA,NA,NA,118,118,NA,NA,118,182,182,NA,NA,182,142,142,NA,NA,142,56,56,NA,NA,56,565,565,NA,NA,565,0,0,NA,NA,0,0,0,NA,NA,0,64,64,NA,NA,64,45,45,NA,NA,45,319,319,NA,NA,319,44,44,NA,NA,44,139,139,NA,NA,139,586,586,NA,NA,586,518,518,NA,NA,518,77,77,NA,NA,77,124,124,NA,NA,124,56,56,NA,NA,56,NA,NA,NA,NA,NA
M14 [Patient Services],'14.19',Total number of blood units issued in year,TOTAL,9901,9901,NA,NA,9901,0,0,NA,NA,0,583,583,NA,NA,583,188,188,NA,NA,188,2052,2052,NA,NA,2052,NA,NA,NA,NA,NA,366,366,NA,NA,366,145,145,NA,NA,145,297,297,NA,NA,297,NA,NA,NA,NA,NA,109,109,NA,NA,109,414,414,NA,NA,414,646,646,NA,NA,646,68,68,NA,NA,68,1653,1653,NA,NA,1653,0,0,NA,NA,0,2,2,NA,NA,2,213,213,NA,NA,213,126,126,NA,NA,126,NA,NA,NA,NA,NA,454,454,NA,NA,454,140,140,NA,NA,140,619,619,NA,NA,619,543,543,NA,NA,543,309,309,NA,NA,309,593,593,NA,NA,593,381,381,NA,NA,381,NA,NA,NA,NA,NA
M14 [Patient Services],'14.20',Patient Satisfaction Score of the facility in percentage (from Mera Aspatal),TOTAL,2,2,NA,NA,2,NA,NA,NA,NA,NA,2,2,NA,NA,2,NA,NA,NA,NA,NA,NA,NA,NA,NA,NA,NA,NA,NA,NA,NA,NA,NA,NA,NA,NA,NA,NA,NA,NA,NA,NA,NA,NA,NA,NA,NA,NA,NA,NA,NA,NA,NA,NA,NA,NA,NA,NA,NA,NA,NA,NA,NA,NA,NA,NA,NA,NA,NA,NA,NA,NA,NA,NA,NA,NA,0,0,NA,NA,0,NA,NA,NA,NA,NA,0,0,NA,NA,0,NA,NA,NA,NA,NA,0,0,NA,NA,0,NA,NA,NA,NA,NA,NA,NA,NA,NA,NA,NA,NA,NA,NA,NA,NA,NA,NA,NA,NA,NA,NA,NA,NA,NA,NA,NA,NA,NA,NA,NA,NA,NA,NA,NA,NA,NA,NA,NA,NA
M15 [Laboratory Testing],'15.1',Number of Lab Tests done,TOTAL,1166008,1102001,64007,55864,1110144,21478,21478,0,NA,21478,84167,82683,1484,314,83853,19228,19228,NA,NA,19228,69770,58973,10797,830,68940,25451,25451,NA,NA,25451,30972,30970,2,NA,30972,20413,20413,0,NA,20413,20502,20502,0,33,20469,78084,76746,1338,2064,76020,2056,2041,15,NA,2056,53817,35165,18652,18678,35139,36966,36294,672,NA,36966,28402,28402,NA,NA,28402,62609,62609,0,480,62129,187566,171812,15754,28887,158679,71216,71216,0,0,71216,16758,16640,118,118,16640,21307,13959,7348,0,21307,19334,19334,NA,NA,19334,33730,32226,1504,0,33730,34258,34085,173,NA,34258,49072,49044,28,148,48924,51735,51735,NA,NA,51735,31641,30911,730,511,31130,41733,41019,714,NA,41733,40498,36320,4178,3801,36697,13245,12745,500,NA,13245
M15 [Laboratory Testing],'15.2.1',Number of Hb tests conducted,TOTAL,212682,200333,12349,9049,203633,6317,6317,0,NA,6317,14518,14129,389,NA,14518,4763,4763,NA,54,4709,15859,13943,1916,274,15585,3350,3350,NA,NA,3350,7159,6856,303,NA,7159,5067,5067,NA,NA,5067,14220,13993,227,611,13609,8373,7339,1034,536,7837,823,769,54,NA,823,11899,9029,2870,2932,8967,8729,8585,144,NA,8729,5086,5086,NA,NA,5086,6630,6630,0,161,6469,10305,10097,208,2303,8002,12943,12943,0,0,12943,5306,5306,NA,10,5296,6541,5657,884,54,6487,2954,2954,NA,NA,2954,6789,6389,400,83,6706,5202,5198,4,NA,5202,14618,14491,127,0,14618,7521,7521,NA,NA,7521,5126,4643,483,99,5027,8566,7988,578,123,8443,10276,7834,2442,1809,8467,3742,3456,286,NA,3742
M15 [Laboratory Testing],'15.2.2',"Out of the total number of Hb tests done, Number having Hb < 7 mg",TOTAL,3720,3192,528,385,3335,26,26,0,NA,26,108,104,4,NA,108,192,192,NA,NA,192,299,296,3,0,299,214,214,NA,NA,214,45,45,0,NA,45,288,288,NA,NA,288,73,73,0,0,73,125,73,52,40,85,14,11,3,NA,14,237,90,147,147,90,339,339,0,NA,339,86,86,NA,NA,86,60,60,0,0,60,71,71,0,16,55,71,71,0,0,71,48,48,NA,NA,48,146,87,59,0,146,69,69,NA,NA,69,83,54,29,NA,83,91,91,0,NA,91,287,281,6,6,281,42,42,NA,NA,42,58,47,11,1,57,276,264,12,6,270,255,62,193,169,86,117,108,9,NA,117
M15 [Laboratory Testing],'15.3.1.a',Male HIV - Number Tested,TOTAL,9403,8938,465,548,8855,101,101,0,NA,101,359,359,NA,NA,359,280,280,NA,NA,280,185,184,1,1,184,69,69,NA,NA,69,92,92,0,NA,92,276,276,NA,NA,276,94,94,NA,0,94,1115,1115,0,0,1115,116,101,15,NA,116,467,209,258,258,209,485,485,0,NA,485,127,127,NA,NA,127,369,369,0,0,369,1521,1495,26,189,1332,465,465,0,0,465,350,350,NA,NA,350,100,49,51,0,100,367,367,NA,NA,367,385,385,0,NA,385,83,83,0,NA,83,626,624,2,0,626,254,254,NA,NA,254,238,238,0,7,231,429,421,8,NA,429,348,248,100,93,255,102,98,4,NA,102
M15 [Laboratory Testing],'15.3.1.b',Male HIV - Number Positive,TOTAL,90,88,2,1,89,0,0,0,NA,0,5,5,NA,NA,5,2,2,NA,NA,2,7,6,1,0,7,1,1,NA,NA,1,0,0,0,NA,0,1,1,NA,NA,1,2,2,NA,0,2,5,5,0,0,5,0,0,0,NA,0,3,2,1,1,2,2,2,0,NA,2,0,0,NA,NA,0,5,5,0,0,5,35,35,0,0,35,3,3,0,0,3,0,0,NA,NA,0,2,2,0,0,2,1,1,NA,NA,1,1,1,0,NA,1,1,1,NA,NA,1,7,7,0,0,7,0,0,NA,NA,0,4,4,0,0,4,2,2,0,NA,2,1,1,0,0,1,0,0,0,NA,0
M15 [Laboratory Testing],'15.3.2.a',Female Non ANC HIV - Number Tested,TOTAL,9696,9195,501,477,9219,153,153,0,NA,153,535,535,NA,NA,535,61,61,NA,NA,61,70,70,0,2,68,126,126,NA,NA,126,249,249,0,NA,249,145,145,NA,NA,145,260,260,NA,6,254,732,724,8,0,732,75,66,9,NA,75,966,624,342,342,624,336,336,0,NA,336,42,42,NA,NA,42,284,284,0,0,284,1136,1101,35,70,1066,342,342,0,0,342,606,606,NA,NA,606,237,225,12,0,237,535,535,NA,NA,535,349,344,5,NA,349,291,291,0,NA,291,618,617,1,0,618,307,307,NA,NA,307,363,363,0,11,352,571,565,6,NA,571,265,189,76,46,219,42,35,7,NA,42
M15 [Laboratory Testing],'15.3.2.b',Female Non ANC HIV - Number Positive,TOTAL,55,55,0,0,55,0,0,0,NA,0,1,1,NA,NA,1,0,0,NA,NA,0,2,2,0,0,2,0,0,NA,NA,0,0,0,0,NA,0,0,0,NA,NA,0,1,1,NA,0,1,2,2,0,0,2,2,2,0,NA,2,0,0,0,0,0,1,1,0,NA,1,0,0,NA,NA,0,1,1,0,0,1,13,13,0,0,13,0,0,0,0,0,0,0,NA,NA,0,0,0,0,0,0,0,0,NA,NA,0,1,1,0,NA,1,1,1,NA,NA,1,3,3,0,0,3,0,0,NA,NA,0,2,2,0,0,2,23,23,0,NA,23,2,2,0,0,2,0,0,0,NA,0
M15 [Laboratory Testing],'15.3.3.a',Number of pregnant women screened for HIV,TOTAL,58392,56609,1783,1487,56905,1215,1195,20,NA,1215,4220,4130,90,NA,4220,1164,1164,NA,NA,1164,3312,3010,302,22,3290,724,724,NA,NA,724,2110,2086,24,NA,2110,1647,1647,NA,NA,1647,5355,5275,80,6,5349,2665,2617,48,136,2529,404,402,2,NA,404,2217,1932,285,280,1937,1634,1634,0,NA,1634,1339,1339,NA,NA,1339,2106,2106,0,81,2025,2164,2119,45,659,1505,3169,3169,0,0,3169,1778,1778,NA,NA,1778,2014,1685,329,0,2014,2096,2096,NA,NA,2096,1689,1635,54,20,1669,1766,1766,0,NA,1766,4083,4072,11,0,4083,1313,1313,NA,NA,1313,1938,1907,31,122,1816,2838,2721,117,NA,2838,1899,1602,297,161,1738,1533,1485,48,NA,1533
M15 [Laboratory Testing],'15.3.3.b',"Out of the above, number screened positive",TOTAL,118,117,1,3,115,0,0,0,NA,0,26,26,NA,NA,26,0,0,NA,NA,0,4,4,0,0,4,1,1,NA,NA,1,0,0,0,NA,0,1,1,NA,NA,1,1,1,0,0,1,0,0,0,0,0,0,0,0,NA,0,20,20,0,0,20,7,7,0,NA,7,0,0,NA,NA,0,0,0,0,0,0,12,12,0,3,9,1,1,0,0,1,0,0,NA,NA,0,3,2,1,0,3,0,0,NA,NA,0,0,0,0,NA,0,0,0,0,NA,0,41,41,0,0,41,0,0,NA,NA,0,0,0,0,0,0,1,1,0,NA,1,0,0,0,0,0,0,0,0,NA,0
M15 [Laboratory Testing],'15.3.3.c',"Out of the above number screened positive, number confirmed with HIV infection at Integrated Counselling and Testing Centre (ICTC)",TOTAL,29,28,1,0,29,0,0,0,NA,0,1,1,NA,NA,1,0,0,NA,NA,0,4,4,0,0,4,1,1,NA,NA,1,0,0,0,NA,0,1,1,NA,NA,1,0,0,NA,0,0,0,0,0,0,0,0,0,0,NA,0,0,0,0,0,0,0,0,0,NA,0,0,0,NA,NA,0,8,8,0,0,8,9,9,0,0,9,1,1,0,0,1,0,0,NA,NA,0,2,1,1,0,2,0,0,NA,NA,0,0,0,0,NA,0,0,0,0,NA,0,2,2,0,0,2,0,0,NA,NA,0,0,0,0,0,0,0,0,0,NA,0,0,0,0,0,0,0,0,0,NA,0
M15 [Laboratory Testing],'15.3.4.a',Number of Male STI/RTI attendees tested for syphilis,TOTAL,3576,3433,143,128,3448,25,25,0,NA,25,29,29,NA,NA,29,9,9,NA,NA,9,240,240,0,1,239,27,27,NA,NA,27,63,63,0,NA,63,141,141,NA,NA,141,150,150,NA,0,150,95,95,0,0,95,87,87,0,NA,87,61,21,40,40,21,23,23,0,NA,23,132,132,NA,NA,132,276,276,0,0,276,135,90,45,62,73,269,269,0,0,269,62,62,NA,NA,62,214,163,51,0,214,151,151,NA,NA,151,351,351,0,18,333,291,291,0,NA,291,210,210,0,0,210,136,136,NA,NA,136,51,51,0,0,51,219,219,0,NA,219,39,32,7,7,32,90,90,0,NA,90
M15 [Laboratory Testing],'15.3.4.b',Number of Male STI/RTI attendees found sero Positive for syphilis,TOTAL,176,176,0,0,176,0,0,0,NA,0,1,1,NA,NA,1,0,0,NA,NA,0,2,2,0,0,2,0,0,NA,NA,0,1,1,0,NA,1,0,0,NA,NA,0,0,0,NA,0,0,4,4,0,0,4,0,0,0,NA,0,0,0,0,0,0,15,15,0,NA,15,0,0,NA,NA,0,0,0,0,0,0,9,9,0,0,9,0,0,0,0,0,0,0,NA,NA,0,0,0,0,0,0,0,0,NA,NA,0,3,3,0,NA,3,140,140,0,NA,140,0,0,0,0,0,1,1,NA,NA,1,0,0,0,0,0,0,0,0,NA,0,0,0,0,0,0,0,0,0,NA,0
M15 [Laboratory Testing],'15.3.4.c',Number of Female (Non ANC)STI/RTI attendees tested for syphilis,TOTAL,2512,2422,90,146,2366,35,35,0,NA,35,429,421,8,8,421,145,145,NA,NA,145,187,187,0,2,185,2,2,NA,NA,2,83,83,0,NA,83,140,140,NA,NA,140,45,45,NA,0,45,62,62,0,0,62,50,50,0,NA,50,62,0,62,62,0,0,0,0,NA,0,0,0,NA,NA,0,72,72,0,0,72,152,152,0,50,102,101,101,0,0,101,114,114,NA,6,108,3,3,0,0,3,100,100,NA,NA,100,177,177,0,NA,177,276,276,0,NA,276,133,133,0,0,133,38,38,NA,NA,38,29,29,0,0,29,1,1,0,NA,1,59,41,18,18,41,17,15,2,NA,17
M15 [Laboratory Testing],'15.3.4.d',Number of Female (Non ANC) STI/RTI attendees found sero Positive for syphilis,TOTAL,22,22,0,1,21,0,0,0,NA,0,0,0,NA,NA,0,2,2,NA,NA,2,3,3,0,1,2,0,0,NA,NA,0,0,0,0,NA,0,0,0,NA,NA,0,0,0,NA,0,0,1,1,0,0,1,0,0,0,NA,0,0,0,0,0,0,0,0,0,NA,0,0,0,NA,NA,0,0,0,0,0,0,5,5,0,0,5,0,0,0,0,0,0,0,NA,NA,0,0,0,0,0,0,0,0,NA,NA,0,3,3,0,NA,3,7,7,0,NA,7,0,0,0,0,0,1,1,NA,NA,1,0,0,0,0,0,0,0,0,NA,0,0,0,0,0,0,0,0,0,NA,0
M15 [Laboratory Testing],'15.4.1',Widal tests - Number Tested,TOTAL,25686,24003,1683,1089,24597,547,547,0,NA,547,1140,1121,19,19,1121,856,856,NA,NA,856,1153,1054,99,10,1143,2118,2118,NA,NA,2118,561,476,85,NA,561,736,736,NA,NA,736,1200,1200,NA,0,1200,147,118,29,30,117,620,615,5,NA,620,1845,1517,328,336,1509,1264,1125,139,NA,1264,773,773,NA,NA,773,468,468,0,21,447,943,691,252,395,548,1515,1515,0,0,1515,749,749,NA,NA,749,424,331,93,29,395,401,401,NA,NA,401,1442,1253,189,10,1432,564,564,0,NA,564,1228,1228,0,12,1216,911,911,NA,NA,911,200,177,23,0,200,1101,985,116,NA,1101,406,172,234,227,179,2374,2302,72,NA,2374
M15 [Laboratory Testing],'15.4.2',Widal tests - Number Positive,TOTAL,2810,2490,320,210,2600,49,49,0,NA,49,224,223,1,1,223,45,45,NA,NA,45,144,110,34,0,144,119,119,NA,NA,119,23,13,10,NA,23,116,116,NA,NA,116,165,165,NA,0,165,10,10,0,0,10,10,10,0,NA,10,249,169,80,80,169,102,75,27,NA,102,145,145,NA,NA,145,49,49,0,0,49,123,60,63,69,54,135,135,0,0,135,92,92,NA,NA,92,57,51,6,0,57,69,69,NA,NA,69,78,48,30,NA,78,41,41,0,NA,41,58,58,0,0,58,147,147,NA,NA,147,11,11,0,0,11,91,90,1,NA,91,84,21,63,60,24,374,369,5,NA,374
M15 [Laboratory Testing],'15.5.1',Radiology - X-ray,TOTAL,103841,97007,6834,4660,99181,1726,1726,NA,NA,1726,4845,4845,NA,NA,4845,1142,1142,NA,NA,1142,8547,7944,603,0,8547,354,354,NA,NA,354,2444,1908,536,NA,2444,1114,1114,NA,NA,1114,1442,1442,NA,NA,1442,6873,6393,480,480,6393,1146,1146,NA,NA,1146,3579,1625,1954,1954,1625,4395,4395,NA,NA,4395,1064,1064,NA,NA,1064,5443,5443,0,0,5443,29387,29387,NA,359,29028,3339,3339,0,0,3339,1429,1429,NA,NA,1429,970,209,761,NA,970,1531,1531,NA,NA,1531,2400,2400,NA,NA,2400,1558,1558,NA,NA,1558,5770,5027,743,743,5027,3597,3597,NA,NA,3597,2225,2225,0,NA,2225,1378,745,633,NA,1378,3695,2571,1124,1124,2571,2448,2448,NA,NA,2448
M15 [Laboratory Testing],'15.5.2',Radiology - Ultrasonography (USG),TOTAL,20764,20764,NA,NA,20764,286,286,NA,NA,286,2241,2241,NA,NA,2241,0,0,NA,NA,0,3602,3602,NA,NA,3602,NA,NA,NA,NA,NA,70,70,NA,NA,70,420,420,NA,NA,420,654,654,NA,NA,654,NA,NA,NA,NA,NA,266,266,NA,NA,266,NA,NA,NA,NA,NA,508,508,NA,NA,508,220,220,NA,NA,220,1621,1621,NA,NA,1621,6738,6738,NA,NA,6738,230,230,NA,NA,230,510,510,NA,NA,510,0,0,NA,NA,0,371,371,NA,NA,371,745,745,NA,NA,745,327,327,NA,NA,327,673,673,NA,NA,673,200,200,NA,NA,200,905,905,NA,NA,905,177,177,NA,NA,177,NA,NA,NA,NA,NA,NA,NA,NA,NA,NA
M16 [Details of deaths reported with probable causes:],'16.1',Infant deaths within 24 hrs(1 to 23 Hrs) of birth,TOTAL,119,117,2,0,119,5,5,0,NA,5,8,8,0,NA,8,0,0,NA,NA,0,12,12,0,0,12,2,2,NA,NA,2,3,3,0,NA,3,3,3,NA,NA,3,11,11,0,0,11,7,7,0,0,7,1,1,0,NA,1,8,8,0,0,8,10,10,0,NA,10,3,3,NA,NA,3,3,3,0,0,3,13,13,NA,0,13,3,3,0,0,3,1,1,NA,NA,1,5,5,0,0,5,6,6,NA,NA,6,4,4,0,NA,4,0,0,0,NA,0,0,0,0,0,0,2,0,2,NA,2,2,2,0,0,2,2,2,0,NA,2,1,1,0,NA,1,4,4,0,NA,4
M16 [Details of deaths reported with probable causes:],'16.2.1',Infant Deaths up to 4 weeks due to Sepsis,TOTAL,48,47,1,0,48,0,0,0,NA,0,6,6,0,NA,6,0,0,NA,NA,0,3,3,0,0,3,0,0,NA,NA,0,2,2,0,NA,2,0,0,NA,NA,0,2,2,0,0,2,4,4,0,0,4,0,0,0,NA,0,0,0,0,0,0,3,3,0,NA,3,0,0,NA,NA,0,10,10,0,0,10,13,13,NA,0,13,0,0,0,0,0,0,0,NA,NA,0,1,0,1,0,1,0,0,NA,NA,0,1,1,0,NA,1,0,0,0,NA,0,1,1,0,0,1,0,0,0,NA,0,1,1,0,0,1,1,1,0,NA,1,0,0,0,NA,0,0,0,0,NA,0
M16 [Details of deaths reported with probable causes:],'16.2.2',Infant Deaths up to 4 weeks due to Asphyxia,TOTAL,124,122,2,0,124,0,0,0,NA,0,7,7,0,NA,7,1,1,NA,NA,1,4,4,0,0,4,0,0,NA,NA,0,3,3,0,NA,3,3,3,NA,NA,3,7,7,0,0,7,4,4,0,0,4,1,1,0,NA,1,8,8,0,0,8,1,1,0,NA,1,4,4,NA,NA,4,3,3,0,0,3,42,42,NA,0,42,1,1,0,0,1,1,1,NA,NA,1,6,4,2,0,6,5,5,NA,NA,5,11,11,0,NA,11,1,1,0,NA,1,5,5,0,0,5,2,2,0,NA,2,2,2,0,0,2,2,2,0,NA,2,0,0,0,NA,0,0,0,0,NA,0
M16 [Details of deaths reported with probable causes:],'16.2.3',Infant Deaths up to 4 weeks due to Other causes,TOTAL,177,167,10,9,168,3,3,0,NA,3,12,12,0,NA,12,14,7,7,9,5,20,20,0,0,20,0,0,NA,NA,0,1,1,0,NA,1,7,7,NA,NA,7,7,7,0,0,7,2,2,0,0,2,2,2,0,NA,2,10,10,0,0,10,2,2,0,NA,2,10,10,NA,NA,10,6,6,0,0,6,20,20,NA,0,20,3,3,0,0,3,2,2,NA,NA,2,11,11,0,0,11,10,10,NA,NA,10,2,2,0,NA,2,2,2,0,NA,2,9,9,0,0,9,2,1,1,NA,2,2,2,0,0,2,15,13,2,NA,15,1,1,0,NA,1,2,2,0,NA,2
M16 [Details of deaths reported with probable causes:],'16.3.1',Number of Infant Deaths (1 -12 months) due to Pneumonia,TOTAL,35,34,1,0,35,1,1,0,NA,1,2,2,0,NA,2,0,0,NA,NA,0,3,3,0,0,3,2,2,NA,NA,2,1,1,0,NA,1,1,1,NA,NA,1,2,2,0,0,2,2,2,0,0,2,0,0,0,NA,0,2,2,0,0,2,0,0,0,NA,0,1,1,NA,NA,1,1,1,0,0,1,5,5,NA,0,5,0,0,0,0,0,1,1,NA,NA,1,1,1,0,0,1,2,2,NA,NA,2,0,0,0,NA,0,2,2,0,NA,2,2,2,0,0,2,1,0,1,NA,1,0,0,0,0,0,2,2,0,NA,2,0,0,0,NA,0,1,1,0,NA,1
M16 [Details of deaths reported with probable causes:],'16.3.2',Number of Infant Deaths (1 -12 months) due to Diarrhoea,TOTAL,1,1,0,0,1,0,0,0,NA,0,0,0,0,NA,0,0,0,NA,NA,0,0,0,0,0,0,0,0,NA,NA,0,0,0,0,NA,0,0,0,NA,NA,0,0,0,0,0,0,0,0,0,0,0,0,0,0,NA,0,0,0,0,0,0,0,0,0,NA,0,0,0,NA,NA,0,0,0,0,0,0,1,1,NA,0,1,0,0,0,0,0,0,0,NA,NA,0,0,0,0,0,0,0,0,NA,NA,0,0,0,0,NA,0,0,0,0,NA,0,0,0,0,0,0,0,0,0,NA,0,0,0,0,0,0,0,0,0,NA,0,0,0,0,NA,0,0,0,0,NA,0
M16 [Details of deaths reported with probable causes:],'16.3.3',Number of Infant Deaths (1 -12 months) due to Fever related,TOTAL,38,38,0,0,38,1,1,0,NA,1,0,0,0,NA,0,1,1,NA,NA,1,3,3,0,0,3,0,0,NA,NA,0,2,2,0,NA,2,1,1,NA,NA,1,0,0,0,0,0,0,0,0,0,0,0,0,0,NA,0,2,2,0,0,2,0,0,0,NA,0,0,0,NA,NA,0,0,0,0,0,0,14,14,NA,0,14,0,0,0,0,0,1,1,NA,NA,1,7,7,0,0,7,2,2,NA,NA,2,0,0,0,NA,0,3,3,0,NA,3,1,1,0,0,1,0,0,0,NA,0,0,0,0,0,0,0,0,0,NA,0,0,0,0,NA,0,0,0,0,NA,0
M16 [Details of deaths reported with probable causes:],'16.3.4',Number of Infant Deaths (1 -12 months) due to Measles,TOTAL,0,0,0,0,0,0,0,0,NA,0,0,0,0,NA,0,0,0,NA,NA,0,0,0,0,0,0,0,0,NA,NA,0,0,0,0,NA,0,0,0,NA,NA,0,0,0,0,0,0,0,0,0,0,0,0,0,0,NA,0,0,0,0,0,0,0,0,0,NA,0,0,0,NA,NA,0,0,0,0,0,0,0,0,NA,0,0,0,0,0,0,0,0,0,NA,NA,0,0,0,0,0,0,0,0,NA,NA,0,0,0,0,NA,0,0,0,0,NA,0,0,0,0,0,0,0,0,0,NA,0,0,0,0,0,0,0,0,0,NA,0,0,0,0,NA,0,0,0,0,NA,0
M16 [Details of deaths reported with probable causes:],'16.3.5',Number of Infant Deaths (1 -12 months) due to Others,TOTAL,126,120,6,1,125,3,3,0,NA,3,4,4,0,NA,4,0,0,NA,NA,0,6,6,0,0,6,5,5,NA,NA,5,1,1,0,NA,1,5,5,NA,NA,5,10,10,0,0,10,6,6,0,0,6,1,1,0,NA,1,4,4,0,0,4,1,1,0,NA,1,6,6,NA,NA,6,4,4,0,0,4,7,7,NA,1,6,5,5,0,0,5,9,9,NA,NA,9,15,14,1,0,15,10,10,NA,NA,10,1,1,0,NA,1,2,2,0,NA,2,2,1,1,0,2,4,4,0,NA,4,0,0,0,0,0,9,6,3,NA,9,3,2,1,NA,3,3,3,0,NA,3
M16 [Details of deaths reported with probable causes:],'16.4.1',Number of Child Deaths (1 -5 years) due to Pneumonia,TOTAL,8,8,0,0,8,0,0,0,NA,0,0,0,0,NA,0,0,0,NA,NA,0,0,0,0,0,0,0,0,NA,NA,0,0,0,0,NA,0,0,0,NA,NA,0,1,1,0,0,1,0,0,0,0,0,0,0,0,NA,0,0,0,0,0,0,1,1,0,NA,1,1,1,NA,NA,1,1,1,0,0,1,0,0,NA,0,0,1,1,0,0,1,1,1,NA,NA,1,1,1,0,0,1,0,0,NA,NA,0,0,0,0,NA,0,0,0,0,NA,0,0,0,0,0,0,0,0,0,NA,0,0,0,0,0,0,1,1,0,NA,1,0,0,0,NA,0,0,0,0,NA,0
M16 [Details of deaths reported with probable causes:],'16.4.2',Number of Child Deaths (1 -5 years) due to Diarrhoea,TOTAL,5,3,2,0,5,0,0,0,NA,0,0,0,0,NA,0,0,0,NA,NA,0,0,0,0,0,0,0,0,NA,NA,0,0,0,0,NA,0,0,0,NA,NA,0,0,0,0,0,0,0,0,0,0,0,0,0,0,NA,0,0,0,0,0,0,0,0,0,NA,0,0,0,NA,NA,0,0,0,0,0,0,0,0,NA,0,0,0,0,0,0,0,0,0,NA,NA,0,0,0,0,0,0,0,0,NA,NA,0,2,2,0,NA,2,1,1,0,NA,1,0,0,0,0,0,0,0,0,NA,0,2,0,2,0,2,0,0,0,NA,0,0,0,0,NA,0,0,0,0,NA,0
M16 [Details of deaths reported with probable causes:],'16.4.3',Number of Child Deaths (1 -5 years) due to Fever related,TOTAL,7,7,0,0,7,0,0,0,NA,0,0,0,0,NA,0,0,0,NA,NA,0,2,2,0,0,2,0,0,NA,NA,0,0,0,0,NA,0,1,1,NA,NA,1,0,0,0,0,0,0,0,0,0,0,0,0,0,NA,0,1,1,0,0,1,0,0,0,NA,0,0,0,NA,NA,0,0,0,0,0,0,1,1,NA,0,1,0,0,0,0,0,0,0,NA,NA,0,0,0,0,0,0,0,0,NA,NA,0,0,0,0,NA,0,0,0,0,NA,0,2,2,0,0,2,0,0,0,NA,0,0,0,0,0,0,0,0,0,NA,0,0,0,0,NA,0,0,0,0,NA,0
M16 [Details of deaths reported with probable causes:],'16.4.4',Number of Child Deaths (1 -5 years) due to Measles,TOTAL,1,1,0,0,1,0,0,0,NA,0,0,0,0,NA,0,0,0,NA,NA,0,0,0,0,0,0,0,0,NA,NA,0,0,0,0,NA,0,0,0,NA,NA,0,0,0,0,0,0,0,0,0,0,0,0,0,0,NA,0,0,0,0,0,0,0,0,0,NA,0,0,0,NA,NA,0,0,0,0,0,0,0,0,NA,0,0,0,0,0,0,0,0,0,NA,NA,0,0,0,0,0,0,0,0,NA,NA,0,0,0,0,NA,0,1,1,0,NA,1,0,0,0,0,0,0,0,0,NA,0,0,0,0,0,0,0,0,0,NA,0,0,0,0,NA,0,0,0,0,NA,0
M16 [Details of deaths reported with probable causes:],'16.4.5',Number of Child Deaths (1 -5 years) due to Others,TOTAL,70,65,5,1,69,0,0,0,NA,0,7,7,0,NA,7,2,2,NA,NA,2,6,6,0,0,6,1,1,NA,NA,1,0,0,0,NA,0,0,0,NA,NA,0,3,3,0,0,3,7,7,0,0,7,0,0,0,NA,0,4,3,1,1,3,2,2,0,NA,2,3,3,NA,NA,3,2,2,0,0,2,6,6,NA,0,6,3,3,0,0,3,3,3,NA,NA,3,3,3,0,0,3,1,1,NA,NA,1,3,3,0,NA,3,1,1,0,NA,1,2,2,0,0,2,0,0,0,NA,0,0,0,0,0,0,7,5,2,NA,7,4,2,2,NA,4,0,0,0,NA,0
M16 [Details of deaths reported with probable causes:],'16.5.1',Number of Maternal Deaths due to Bleeding,TOTAL,10,10,0,1,9,0,0,0,NA,0,0,0,0,NA,0,1,1,NA,NA,1,0,0,0,0,0,0,0,NA,NA,0,1,1,0,NA,1,0,0,NA,NA,0,1,1,0,0,1,0,0,0,0,0,0,0,0,NA,0,0,0,0,0,0,0,0,0,NA,0,0,0,NA,NA,0,0,0,0,0,0,2,2,NA,1,1,0,0,0,0,0,0,0,NA,NA,0,0,0,0,0,0,1,1,NA,NA,1,1,1,0,NA,1,0,0,0,NA,0,0,0,0,0,0,0,0,0,NA,0,0,0,0,0,0,3,3,0,NA,3,0,0,0,NA,0,0,0,0,NA,0
M16 [Details of deaths reported with probable causes:],'16.5.2',Number of Maternal Deaths due to High fever,TOTAL,1,0,1,1,0,0,0,0,NA,0,0,0,0,NA,0,0,0,NA,NA,0,0,0,0,0,0,0,0,NA,NA,0,0,0,0,NA,0,0,0,NA,NA,0,0,0,0,0,0,0,0,0,0,0,0,0,0,NA,0,1,0,1,1,0,0,0,0,NA,0,0,0,NA,NA,0,0,0,0,0,0,0,0,NA,0,0,0,0,0,0,0,0,0,NA,NA,0,0,0,0,0,0,0,0,NA,NA,0,0,0,0,NA,0,0,0,0,NA,0,0,0,0,0,0,0,0,0,NA,0,0,0,0,0,0,0,0,0,NA,0,0,0,0,NA,0,0,0,0,NA,0
M16 [Details of deaths reported with probable causes:],'16.5.3',Number of Maternal Deaths due to Abortion,TOTAL,0,0,0,0,0,0,0,0,NA,0,0,0,0,NA,0,0,0,NA,NA,0,0,0,0,0,0,0,0,NA,NA,0,0,0,0,NA,0,0,0,NA,NA,0,0,0,0,0,0,0,0,0,0,0,0,0,0,NA,0,0,0,0,0,0,0,0,0,NA,0,0,0,NA,NA,0,0,0,0,0,0,0,0,NA,0,0,0,0,0,0,0,0,0,NA,NA,0,0,0,0,0,0,0,0,NA,NA,0,0,0,0,NA,0,0,0,0,NA,0,0,0,0,0,0,0,0,0,NA,0,0,0,0,0,0,0,0,0,NA,0,0,0,0,NA,0,0,0,0,NA,0
M16 [Details of deaths reported with probable causes:],'16.5.4',Number of Maternal Deaths due to Obstructed/prolonged labour,TOTAL,2,2,0,0,2,0,0,0,NA,0,0,0,0,NA,0,0,0,NA,NA,0,0,0,0,0,0,0,0,NA,NA,0,0,0,0,NA,0,0,0,NA,NA,0,0,0,0,0,0,1,1,0,0,1,0,0,0,NA,0,0,0,0,0,0,0,0,0,NA,0,0,0,NA,NA,0,0,0,0,0,0,0,0,NA,0,0,0,0,0,0,0,0,0,NA,NA,0,0,0,0,0,0,1,1,NA,NA,1,0,0,0,NA,0,0,0,0,NA,0,0,0,0,0,0,0,0,0,NA,0,0,0,0,0,0,0,0,0,NA,0,0,0,0,NA,0,0,0,0,NA,0
M16 [Details of deaths reported with probable causes:],'16.5.5',Number of Maternal Deaths due to Severe hypertesnion/fits,TOTAL,3,3,0,0,3,0,0,0,NA,0,0,0,0,NA,0,0,0,NA,NA,0,0,0,0,0,0,0,0,NA,NA,0,0,0,0,NA,0,0,0,NA,NA,0,0,0,0,0,0,0,0,0,0,0,0,0,0,NA,0,0,0,0,0,0,0,0,0,NA,0,0,0,NA,NA,0,0,0,0,0,0,1,1,NA,0,1,0,0,0,0,0,1,1,NA,NA,1,0,0,0,0,0,0,0,NA,NA,0,0,0,0,NA,0,0,0,0,NA,0,0,0,0,0,0,0,0,0,NA,0,0,0,0,0,0,1,1,0,NA,1,0,0,0,NA,0,0,0,0,NA,0
M16 [Details of deaths reported with probable causes:],'16.5.6',Number of Maternal Deaths due to Other Causes (including causes not known),TOTAL,46,42,4,3,43,0,0,0,NA,0,3,3,0,NA,3,3,2,1,1,2,12,11,1,0,12,0,0,NA,NA,0,2,2,0,NA,2,0,0,NA,NA,0,2,2,0,0,2,1,1,0,0,1,0,0,0,NA,0,0,0,0,0,0,0,0,0,NA,0,0,0,NA,NA,0,0,0,0,0,0,3,3,NA,0,3,4,4,0,0,4,1,1,NA,NA,1,4,4,0,0,4,1,1,NA,NA,1,0,0,0,NA,0,1,1,0,NA,1,3,2,1,2,1,2,1,1,NA,2,0,0,0,0,0,3,3,0,NA,3,0,0,0,NA,0,1,1,0,NA,1
M16 [Details of deaths reported with probable causes:],'16.6',Total Facility Based Maternal Death Reviews (FBMDR) done,TOTAL,22,22,0,0,22,0,0,NA,NA,0,0,0,NA,NA,0,1,1,NA,NA,1,9,9,0,0,9,0,0,NA,NA,0,2,2,0,NA,2,0,0,NA,NA,0,1,1,NA,NA,1,2,2,0,0,2,0,0,NA,NA,0,0,0,0,0,0,1,1,NA,NA,1,0,0,NA,NA,0,0,0,0,0,0,5,5,NA,0,5,0,0,0,0,0,0,0,NA,NA,0,0,0,0,0,0,0,0,NA,NA,0,1,1,NA,NA,1,0,0,NA,NA,0,0,0,0,0,0,0,0,0,NA,0,0,0,0,NA,0,0,0,0,NA,0,0,0,NA,NA,0,0,0,NA,NA,0
M16 [Details of deaths reported with probable causes:],'16.7.1',Number of Adolscent / Adult deaths due to Diarrhoeal diseases,TOTAL,10,10,0,0,10,0,0,0,NA,0,0,0,0,NA,0,0,0,NA,NA,0,0,0,0,0,0,0,0,NA,NA,0,1,1,0,NA,1,0,0,NA,NA,0,0,0,0,0,0,4,4,0,0,4,0,0,0,NA,0,1,1,0,0,1,0,0,0,NA,0,0,0,NA,NA,0,0,0,0,0,0,1,1,NA,0,1,0,0,0,0,0,1,1,NA,NA,1,0,0,0,0,0,1,1,NA,NA,1,1,1,0,NA,1,0,0,0,NA,0,0,0,0,0,0,0,0,0,NA,0,0,0,0,0,0,0,0,0,NA,0,0,0,0,NA,0,0,0,0,NA,0
M16 [Details of deaths reported with probable causes:],'16.7.2',Number of Adolscent / Adult deaths due to Tuberculosis,TOTAL,32,29,3,0,32,2,2,0,NA,2,1,1,0,NA,1,0,0,NA,NA,0,0,0,0,0,0,0,0,NA,NA,0,0,0,0,NA,0,1,1,NA,NA,1,2,2,0,0,2,7,7,0,0,7,0,0,0,NA,0,1,1,0,0,1,1,1,0,NA,1,0,0,NA,NA,0,0,0,0,0,0,0,0,NA,0,0,1,1,0,0,1,0,0,NA,NA,0,0,0,0,0,0,0,0,NA,NA,0,2,1,1,NA,2,2,2,0,NA,2,2,2,0,0,2,0,0,0,NA,0,4,4,0,0,4,1,1,0,NA,1,5,3,2,NA,5,0,0,0,NA,0
M16 [Details of deaths reported with probable causes:],'16.7.3',Number of Adolscent / Adult deaths due to Respiratory diseases including infections (other than TB),TOTAL,123,114,9,1,122,1,1,0,NA,1,4,4,0,NA,4,0,0,NA,NA,0,9,9,0,0,9,1,1,NA,NA,1,3,3,0,NA,3,0,0,NA,NA,0,0,0,0,0,0,21,21,0,0,21,1,0,1,NA,1,7,7,0,0,7,7,7,0,NA,7,0,0,NA,NA,0,3,3,0,0,3,1,1,NA,0,1,3,3,0,0,3,0,0,NA,NA,0,3,3,0,0,3,3,3,NA,NA,3,3,3,0,NA,3,4,4,0,NA,4,10,10,0,0,10,10,10,0,NA,10,1,1,0,0,1,10,8,2,NA,10,18,12,6,1,17,0,0,0,NA,0
M16 [Details of deaths reported with probable causes:],'16.7.4',Number of Adolscent / Adult deaths due to Other Fever Related,TOTAL,85,82,3,0,85,2,2,0,NA,2,3,3,0,NA,3,0,0,NA,NA,0,15,15,0,0,15,2,2,NA,NA,2,2,2,0,NA,2,0,0,NA,NA,0,2,2,0,0,2,3,2,1,0,3,7,7,0,NA,7,4,4,0,0,4,2,2,0,NA,2,6,6,NA,NA,6,2,2,0,0,2,0,0,NA,0,0,4,4,0,0,4,7,7,NA,NA,7,0,0,0,0,0,3,3,NA,NA,3,1,1,0,NA,1,2,2,0,NA,2,4,4,0,0,4,1,1,0,NA,1,1,1,0,0,1,5,4,1,NA,5,3,3,0,NA,3,4,3,1,NA,4
M16 [Details of deaths reported with probable causes:],'16.7.5',Number of Adolscent / Adult deaths due to HIV/AIDS,TOTAL,6,6,0,0,6,2,2,0,NA,2,0,0,0,NA,0,0,0,NA,NA,0,0,0,0,0,0,0,0,NA,NA,0,0,0,0,NA,0,0,0,NA,NA,0,0,0,0,0,0,0,0,0,0,0,0,0,0,NA,0,0,0,0,0,0,0,0,0,NA,0,0,0,NA,NA,0,1,1,0,0,1,0,0,NA,0,0,0,0,0,0,0,0,0,NA,NA,0,0,0,0,0,0,0,0,NA,NA,0,1,1,0,NA,1,0,0,0,NA,0,2,2,0,0,2,0,0,0,NA,0,0,0,0,0,0,0,0,0,NA,0,0,0,0,NA,0,0,0,0,NA,0
M16 [Details of deaths reported with probable causes:],'16.7.6',Number of Adolscent / Adult deaths due to Heart disease/Hypertension related,TOTAL,427,399,28,3,424,15,15,0,NA,15,25,25,0,NA,25,13,13,NA,NA,13,14,13,1,0,14,2,2,NA,NA,2,11,11,0,NA,11,2,2,NA,NA,2,8,8,0,0,8,27,26,1,0,27,1,1,0,NA,1,7,7,0,0,7,39,39,0,NA,39,10,10,NA,NA,10,9,9,0,2,7,5,5,NA,0,5,34,34,0,0,34,7,7,NA,NA,7,6,6,0,0,6,21,21,NA,NA,21,20,20,0,NA,20,8,8,0,NA,8,51,47,4,0,51,15,12,3,NA,15,14,14,0,0,14,32,24,8,NA,32,14,4,10,1,13,17,16,1,NA,17
M16 [Details of deaths reported with probable causes:],'16.7.7',Number of Adolscent / Adult deaths due to Cancer,TOTAL,171,167,4,1,170,8,8,0,NA,8,10,10,0,NA,10,4,4,NA,1,3,5,5,0,0,5,0,0,NA,NA,0,7,7,0,NA,7,4,4,NA,NA,4,14,14,0,0,14,5,4,1,0,5,1,1,0,NA,1,1,1,0,0,1,12,12,0,NA,12,5,5,NA,NA,5,3,3,0,0,3,1,1,NA,0,1,27,27,0,0,27,2,2,NA,NA,2,2,2,0,0,2,0,0,NA,NA,0,2,2,0,NA,2,12,12,0,NA,12,13,13,0,0,13,6,6,0,NA,6,2,1,1,0,2,11,11,0,NA,11,12,10,2,NA,12,2,2,0,NA,2
M16 [Details of deaths reported with probable causes:],'16.7.8',Number of Adolscent / Adult deaths due to Neurological disease including strokes,TOTAL,151,144,7,0,151,6,6,0,NA,6,7,7,0,NA,7,0,0,NA,NA,0,4,4,0,0,4,2,2,NA,NA,2,4,4,0,NA,4,5,5,NA,NA,5,5,5,0,0,5,46,46,0,0,46,1,1,0,NA,1,4,4,0,0,4,1,1,0,NA,1,0,0,NA,NA,0,0,0,0,0,0,2,2,NA,0,2,8,8,0,0,8,0,0,NA,NA,0,3,1,2,0,3,1,1,NA,NA,1,0,0,0,NA,0,2,2,0,NA,2,26,26,0,0,26,5,5,0,NA,5,4,4,0,0,4,7,6,1,NA,7,5,1,4,NA,5,3,3,0,NA,3
M16 [Details of deaths reported with probable causes:],'16.7.9',Number of Adolscent / Adult deaths due to Accidents/Burn cases,TOTAL,151,146,5,1,150,8,8,0,NA,8,16,16,0,NA,16,9,9,NA,1,8,11,11,0,0,11,2,2,NA,NA,2,5,5,0,NA,5,2,2,NA,NA,2,4,4,0,0,4,2,2,0,0,2,0,0,0,NA,0,8,8,0,0,8,5,5,0,NA,5,1,1,NA,NA,1,4,4,0,0,4,1,1,NA,0,1,19,19,0,0,19,3,3,NA,NA,3,2,2,0,0,2,3,3,NA,NA,3,3,3,0,NA,3,3,3,0,NA,3,9,8,1,0,9,5,5,0,NA,5,1,1,0,0,1,15,13,2,NA,15,6,4,2,NA,6,4,4,0,NA,4
M16 [Details of deaths reported with probable causes:],'16.7.10',Number of Adolscent / Adult deaths due to Suicide,TOTAL,102,100,2,0,102,4,4,0,NA,4,10,10,0,NA,10,1,1,NA,NA,1,1,1,0,0,1,1,1,NA,NA,1,2,2,0,NA,2,4,4,NA,NA,4,1,1,0,0,1,15,15,0,0,15,1,1,0,NA,1,3,3,0,0,3,0,0,0,NA,0,3,3,NA,NA,3,1,1,0,0,1,1,1,NA,0,1,16,16,0,0,16,4,4,NA,NA,4,0,0,0,0,0,1,1,NA,NA,1,3,3,0,NA,3,4,4,0,NA,4,6,5,1,0,6,3,3,0,NA,3,3,3,0,0,3,10,10,0,NA,10,2,1,1,NA,2,2,2,0,NA,2
M16 [Details of deaths reported with probable causes:],'16.7.11',Number of Adolscent / Adult deaths due to Animal bites and stings,TOTAL,23,23,0,0,23,0,0,0,NA,0,1,1,0,NA,1,1,1,NA,NA,1,0,0,0,0,0,1,1,NA,NA,1,0,0,0,NA,0,0,0,NA,NA,0,1,1,0,0,1,0,0,0,0,0,0,0,0,NA,0,1,1,0,0,1,0,0,0,NA,0,1,1,NA,NA,1,0,0,0,0,0,0,0,NA,0,0,0,0,0,0,0,0,0,NA,NA,0,0,0,0,0,0,0,0,NA,NA,0,2,2,0,NA,2,1,1,0,NA,1,7,7,0,0,7,0,0,0,NA,0,3,3,0,0,3,1,1,0,NA,1,0,0,0,NA,0,3,3,0,NA,3
M16 [Details of deaths reported with probable causes:],'16.7.12',Number of Adolscent / Adult deaths due to Known Acute Disease,TOTAL,168,166,2,1,167,6,6,0,NA,6,3,3,0,NA,3,2,2,NA,1,1,7,7,0,0,7,5,5,NA,NA,5,7,7,0,NA,7,2,2,NA,NA,2,10,10,0,0,10,11,11,0,0,11,1,1,0,NA,1,5,5,0,0,5,11,11,0,NA,11,8,8,NA,NA,8,5,5,0,0,5,2,2,NA,0,2,10,10,0,0,10,8,8,NA,NA,8,1,0,1,0,1,12,12,NA,NA,12,6,6,0,NA,6,6,6,0,NA,6,17,17,0,0,17,4,4,0,NA,4,3,3,0,0,3,11,10,1,NA,11,0,0,0,NA,0,5,5,0,NA,5
M16 [Details of deaths reported with probable causes:],'16.7.13',Number of Adolscent / Adult deaths due to Known Chronic Disease,TOTAL,334,319,15,1,333,16,16,0,NA,16,15,15,0,NA,15,19,19,NA,NA,19,12,10,2,0,12,4,4,NA,NA,4,14,14,0,NA,14,5,5,NA,NA,5,11,11,0,0,11,26,24,2,0,26,4,4,0,NA,4,6,5,1,1,5,17,17,0,NA,17,7,7,NA,NA,7,10,10,0,0,10,5,5,NA,0,5,28,28,0,0,28,9,9,NA,NA,9,3,3,0,0,3,18,18,NA,NA,18,2,1,1,NA,2,9,9,0,NA,9,16,16,0,0,16,20,20,0,NA,20,12,12,0,0,12,30,22,8,NA,30,5,4,1,NA,5,11,11,0,NA,11
M16 [Details of deaths reported with probable causes:],'16.7.14',Number of Adolscent / Adult deaths due to Causes not known,TOTAL,1489,1439,50,12,1477,30,30,0,NA,30,130,130,0,NA,130,41,41,NA,6,35,55,55,0,0,55,11,11,NA,NA,11,21,21,0,NA,21,18,18,NA,NA,18,50,50,0,0,50,42,34,8,0,42,21,21,0,NA,21,41,41,0,0,41,62,62,0,NA,62,76,76,NA,NA,76,105,105,0,6,99,28,28,NA,0,28,180,180,0,0,180,23,23,NA,NA,23,33,33,0,0,33,54,54,NA,NA,54,45,45,0,NA,45,39,39,0,NA,39,50,50,0,0,50,49,49,0,NA,49,29,29,0,0,29,160,137,23,NA,160,43,29,14,NA,43,53,48,5,NA,53
M16 [Details of deaths reported with probable causes:],'16.8.1',Number of Deaths due to Malaria- Plasmodium Vivax,TOTAL,0,0,0,0,0,0,0,0,NA,0,0,0,0,NA,0,0,0,NA,NA,0,0,0,0,0,0,0,0,NA,NA,0,0,0,0,NA,0,0,0,NA,NA,0,0,0,0,0,0,0,0,0,0,0,0,0,0,NA,0,0,0,0,0,0,0,0,0,NA,0,0,0,NA,NA,0,0,0,0,0,0,0,0,NA,0,0,0,0,0,0,0,0,0,NA,NA,0,0,0,0,0,0,0,0,NA,NA,0,0,0,0,NA,0,0,0,0,NA,0,0,0,0,0,0,0,0,0,NA,0,0,0,0,0,0,0,0,0,NA,0,0,0,0,NA,0,0,0,0,NA,0
M16 [Details of deaths reported with probable causes:],'16.8.2',Number of Deaths due to Malaria- Plasmodium Falciparum,TOTAL,0,0,0,0,0,0,0,0,NA,0,0,0,0,NA,0,0,0,NA,NA,0,0,0,0,0,0,0,0,NA,NA,0,0,0,0,NA,0,0,0,NA,NA,0,0,0,0,0,0,0,0,0,0,0,0,0,0,NA,0,0,0,0,0,0,0,0,0,NA,0,0,0,NA,NA,0,0,0,0,0,0,0,0,NA,0,0,0,0,0,0,0,0,0,NA,NA,0,0,0,0,0,0,0,0,NA,NA,0,0,0,0,NA,0,0,0,0,NA,0,0,0,0,0,0,0,0,0,NA,0,0,0,0,0,0,0,0,0,NA,0,0,0,0,NA,0,0,0,0,NA,0
M16 [Details of deaths reported with probable causes:],'16.8.3',Number of Deaths due to Kala Azar,TOTAL,0,0,0,0,0,0,0,0,NA,0,0,0,0,NA,0,0,0,NA,NA,0,0,0,0,0,0,0,0,NA,NA,0,0,0,0,NA,0,0,0,NA,NA,0,0,0,NA,0,0,0,0,0,0,0,0,0,0,NA,0,0,0,0,0,0,0,0,0,NA,0,0,0,NA,NA,0,0,0,0,0,0,0,0,NA,0,0,0,0,0,0,0,0,0,NA,NA,0,0,0,0,0,0,0,0,NA,NA,0,0,0,0,NA,0,0,0,0,NA,0,0,0,0,0,0,0,0,0,NA,0,0,0,0,0,0,0,0,0,NA,0,0,0,0,NA,0,0,0,0,NA,0
M16 [Details of deaths reported with probable causes:],'16.8.4',Number of Deaths due to Dengue,TOTAL,0,0,0,0,0,0,0,0,NA,0,0,0,0,NA,0,0,0,NA,NA,0,0,0,0,0,0,0,0,NA,NA,0,0,0,0,NA,0,0,0,NA,NA,0,0,0,NA,0,0,0,0,0,0,0,0,0,0,NA,0,0,0,0,0,0,0,0,0,NA,0,0,0,NA,NA,0,0,0,0,0,0,0,0,NA,0,0,0,0,0,0,0,0,0,NA,NA,0,0,0,0,0,0,0,0,NA,NA,0,0,0,0,NA,0,0,0,0,NA,0,0,0,0,0,0,0,0,0,NA,0,0,0,0,0,0,0,0,0,NA,0,0,0,0,NA,0,0,0,0,NA,0
M16 [Details of deaths reported with probable causes:],'16.8.5',Number of Deaths due to Acute Encephelitis Syndrome (AES),TOTAL,7,6,1,0,7,0,0,0,NA,0,0,0,0,NA,0,0,0,NA,NA,0,4,4,0,0,4,0,0,NA,NA,0,0,0,0,NA,0,0,0,NA,NA,0,0,0,NA,0,0,2,2,0,0,2,0,0,0,NA,0,0,0,0,0,0,0,0,0,NA,0,0,0,NA,NA,0,0,0,0,0,0,0,0,NA,0,0,0,0,0,0,0,0,0,NA,NA,0,0,0,0,0,0,0,0,NA,NA,0,0,0,0,NA,0,0,0,0,NA,0,0,0,0,0,0,0,0,0,NA,0,0,0,0,0,0,1,0,1,NA,1,0,0,0,NA,0,0,0,0,NA,0
M16 [Details of deaths reported with probable causes:],'16.8.6',Number of Deaths due to Japanese Encephalitis (JE),TOTAL,1,1,0,0,1,0,0,0,NA,0,0,0,0,NA,0,0,0,NA,NA,0,1,1,0,0,1,0,0,NA,NA,0,0,0,0,NA,0,0,0,NA,NA,0,0,0,NA,0,0,0,0,0,0,0,0,0,0,NA,0,0,0,0,0,0,0,0,0,NA,0,0,0,NA,NA,0,0,0,0,0,0,0,0,NA,0,0,0,0,0,0,0,0,0,NA,NA,0,0,0,0,0,0,0,0,NA,NA,0,0,0,0,NA,0,0,0,0,NA,0,0,0,0,0,0,0,0,0,NA,0,0,0,0,0,0,0,0,0,NA,0,0,0,0,NA,0,0,0,0,NA,0
M17 [Vaccines],'17.1',Vaccine - DPT,1. Balance From Previous Month,17826,NA,NA,NA,NA,0,NA,NA,NA,NA,0,NA,NA,NA,NA,2000,NA,NA,NA,NA,0,NA,NA,NA,NA,0,NA,NA,NA,NA,0,NA,NA,NA,NA,120,NA,NA,NA,NA,0,NA,NA,NA,NA,16,NA,NA,NA,NA,2420,NA,NA,NA,NA,300,NA,NA,NA,NA,4580,NA,NA,NA,NA,3270,NA,NA,NA,NA,3730,NA,NA,NA,NA,0,NA,NA,NA,NA,80,NA,NA,NA,NA,0,NA,NA,NA,NA,0,NA,NA,NA,NA,0,NA,NA,NA,NA,0,NA,NA,NA,NA,0,NA,NA,NA,NA,1000,NA,NA,NA,NA,160,NA,NA,NA,NA,100,NA,NA,NA,NA,0,NA,NA,NA,NA,0,NA,NA,NA,NA,50,NA,NA,NA,NA
M17 [Vaccines],17.1',Vaccine - DPT,2. Stocks Received,79589,NA,NA,NA,NA,2500,NA,NA,NA,NA,5500,NA,NA,NA,NA,3000,NA,NA,NA,NA,6000,NA,NA,NA,NA,1300,NA,NA,NA,NA,0,NA,NA,NA,NA,2500,NA,NA,NA,NA,7500,NA,NA,NA,NA,369,NA,NA,NA,NA,500,NA,NA,NA,NA,3500,NA,NA,NA,NA,0,NA,NA,NA,NA,2850,NA,NA,NA,NA,0,NA,NA,NA,NA,3400,NA,NA,NA,NA,4000,NA,NA,NA,NA,3000,NA,NA,NA,NA,4320,NA,NA,NA,NA,2700,NA,NA,NA,NA,3500,NA,NA,NA,NA,3600,NA,NA,NA,NA,10000,NA,NA,NA,NA,2000,NA,NA,NA,NA,0,NA,NA,NA,NA,550,NA,NA,NA,NA,4500,NA,NA,NA,NA,2500,NA,NA,NA,NA
M17 [Vaccines],17.1',Vaccine - DPT,3. Unusable Stock,0,NA,NA,NA,NA,0,NA,NA,NA,NA,0,NA,NA,NA,NA,0,NA,NA,NA,NA,0,NA,NA,NA,NA,0,NA,NA,NA,NA,0,NA,NA,NA,NA,0,NA,NA,NA,NA,NA,NA,NA,NA,NA,0,NA,NA,NA,NA,0,NA,NA,NA,NA,NA,NA,NA,NA,NA,0,NA,NA,NA,NA,0,NA,NA,NA,NA,0,NA,NA,NA,NA,0,NA,NA,NA,NA,0,NA,NA,NA,NA,0,NA,NA,NA,NA,0,NA,NA,NA,NA,0,NA,NA,NA,NA,NA,NA,NA,NA,NA,0,NA,NA,NA,NA,NA,NA,NA,NA,NA,0,NA,NA,NA,NA,0,NA,NA,NA,NA,0,NA,NA,NA,NA,0,NA,NA,NA,NA,0,NA,NA,NA,NA
M17 [Vaccines],17.1',Vaccine - DPT,4. Stock Distributed,70513,NA,NA,NA,NA,2000,NA,NA,NA,NA,5400,NA,NA,NA,NA,3500,NA,NA,NA,NA,4170,NA,NA,NA,NA,1260,NA,NA,NA,NA,0,NA,NA,NA,NA,2350,NA,NA,NA,NA,7500,NA,NA,NA,NA,373,NA,NA,NA,NA,300,NA,NA,NA,NA,3800,NA,NA,NA,NA,2320,NA,NA,NA,NA,3830,NA,NA,NA,NA,50,NA,NA,NA,NA,3030,NA,NA,NA,NA,3080,NA,NA,NA,NA,2220,NA,NA,NA,NA,4320,NA,NA,NA,NA,2650,NA,NA,NA,NA,3050,NA,NA,NA,NA,1430,NA,NA,NA,NA,7970,NA,NA,NA,NA,2100,NA,NA,NA,NA,100,NA,NA,NA,NA,540,NA,NA,NA,NA,670,NA,NA,NA,NA,2500,NA,NA,NA,NA
M17 [Vaccines],17.1',Vaccine - DPT,5. Total Stock,26902,NA,NA,NA,NA,500,NA,NA,NA,NA,100,NA,NA,NA,NA,1500,NA,NA,NA,NA,1830,NA,NA,NA,NA,40,NA,NA,NA,NA,0,NA,NA,NA,NA,270,NA,NA,NA,NA,0,NA,NA,NA,NA,12,NA,NA,NA,NA,2620,NA,NA,NA,NA,0,NA,NA,NA,NA,2260,NA,NA,NA,NA,2290,NA,NA,NA,NA,3680,NA,NA,NA,NA,370,NA,NA,NA,NA,1000,NA,NA,NA,NA,780,NA,NA,NA,NA,0,NA,NA,NA,NA,50,NA,NA,NA,NA,450,NA,NA,NA,NA,2170,NA,NA,NA,NA,3030,NA,NA,NA,NA,60,NA,NA,NA,NA,0,NA,NA,NA,NA,10,NA,NA,NA,NA,3830,NA,NA,NA,NA,50,NA,NA,NA,NA
M17 [Vaccines],'17.2',Vaccine - Pentavalent,1. Balance From Previous Month,304960,NA,NA,NA,NA,2880,NA,NA,NA,NA,19910,NA,NA,NA,NA,19090,NA,NA,NA,NA,17230,NA,NA,NA,NA,5000,NA,NA,NA,NA,13300,NA,NA,NA,NA,5980,NA,NA,NA,NA,3970,NA,NA,NA,NA,646,NA,NA,NA,NA,3560,NA,NA,NA,NA,16440,NA,NA,NA,NA,12930,NA,NA,NA,NA,15730,NA,NA,NA,NA,45440,NA,NA,NA,NA,6580,NA,NA,NA,NA,10640,NA,NA,NA,NA,11310,NA,NA,NA,NA,9740,NA,NA,NA,NA,17140,NA,NA,NA,NA,8730,NA,NA,NA,NA,10640,NA,NA,NA,NA,16410,NA,NA,NA,NA,5760,NA,NA,NA,NA,11960,NA,NA,NA,NA,184,NA,NA,NA,NA,6230,NA,NA,NA,NA,7530,NA,NA,NA,NA
M17 [Vaccines],17.2',Vaccine - Pentavalent,2. Stocks Received,206090,NA,NA,NA,NA,6000,NA,NA,NA,NA,21000,NA,NA,NA,NA,8000,NA,NA,NA,NA,26900,NA,NA,NA,NA,5000,NA,NA,NA,NA,0,NA,NA,NA,NA,0,NA,NA,NA,NA,12500,NA,NA,NA,NA,1500,NA,NA,NA,NA,0,NA,NA,NA,NA,6500,NA,NA,NA,NA,8360,NA,NA,NA,NA,12450,NA,NA,NA,NA,10380,NA,NA,NA,NA,8500,NA,NA,NA,NA,7200,NA,NA,NA,NA,12000,NA,NA,NA,NA,19500,NA,NA,NA,NA,10000,NA,NA,NA,NA,3000,NA,NA,NA,NA,0,NA,NA,NA,NA,NA,NA,NA,NA,NA,8300,NA,NA,NA,NA,7500,NA,NA,NA,NA,1500,NA,NA,NA,NA,7500,NA,NA,NA,NA,2500,NA,NA,NA,NA
M17 [Vaccines],17.2',Vaccine - Pentavalent,3. Unusable Stock,0,NA,NA,NA,NA,0,NA,NA,NA,NA,0,NA,NA,NA,NA,0,NA,NA,NA,NA,0,NA,NA,NA,NA,0,NA,NA,NA,NA,0,NA,NA,NA,NA,0,NA,NA,NA,NA,NA,NA,NA,NA,NA,0,NA,NA,NA,NA,0,NA,NA,NA,NA,NA,NA,NA,NA,NA,0,NA,NA,NA,NA,0,NA,NA,NA,NA,0,NA,NA,NA,NA,0,NA,NA,NA,NA,0,NA,NA,NA,NA,0,NA,NA,NA,NA,0,NA,NA,NA,NA,0,NA,NA,NA,NA,NA,NA,NA,NA,NA,0,NA,NA,NA,NA,NA,NA,NA,NA,NA,0,NA,NA,NA,NA,0,NA,NA,NA,NA,0,NA,NA,NA,NA,0,NA,NA,NA,NA,0,NA,NA,NA,NA
M17 [Vaccines],17.2',Vaccine - Pentavalent,4. Stock Distributed,155457,NA,NA,NA,NA,4500,NA,NA,NA,NA,11100,NA,NA,NA,NA,3400,NA,NA,NA,NA,12840,NA,NA,NA,NA,1290,NA,NA,NA,NA,5560,NA,NA,NA,NA,1720,NA,NA,NA,NA,13740,NA,NA,NA,NA,1080,NA,NA,NA,NA,960,NA,NA,NA,NA,7710,NA,NA,NA,NA,17330,NA,NA,NA,NA,7820,NA,NA,NA,NA,5270,NA,NA,NA,NA,5500,NA,NA,NA,NA,6490,NA,NA,NA,NA,4517,NA,NA,NA,NA,12280,NA,NA,NA,NA,2050,NA,NA,NA,NA,4690,NA,NA,NA,NA,4730,NA,NA,NA,NA,NA,NA,NA,NA,NA,6000,NA,NA,NA,NA,5040,NA,NA,NA,NA,1030,NA,NA,NA,NA,5830,NA,NA,NA,NA,2980,NA,NA,NA,NA
M17 [Vaccines],17.2',Vaccine - Pentavalent,5. Total Stock,355593,NA,NA,NA,NA,4380,NA,NA,NA,NA,29810,NA,NA,NA,NA,23690,NA,NA,NA,NA,31290,NA,NA,NA,NA,8710,NA,NA,NA,NA,7740,NA,NA,NA,NA,4260,NA,NA,NA,NA,2730,NA,NA,NA,NA,1066,NA,NA,NA,NA,2600,NA,NA,NA,NA,15230,NA,NA,NA,NA,3960,NA,NA,NA,NA,20360,NA,NA,NA,NA,50550,NA,NA,NA,NA,9580,NA,NA,NA,NA,11350,NA,NA,NA,NA,18793,NA,NA,NA,NA,16960,NA,NA,NA,NA,25090,NA,NA,NA,NA,7040,NA,NA,NA,NA,5910,NA,NA,NA,NA,16410,NA,NA,NA,NA,8060,NA,NA,NA,NA,14420,NA,NA,NA,NA,654,NA,NA,NA,NA,7900,NA,NA,NA,NA,7050,NA,NA,NA,NA
M17 [Vaccines],'17.3',Vaccine - OPV,1. Balance From Previous Month,557364,NA,NA,NA,NA,18000,NA,NA,NA,NA,44080,NA,NA,NA,NA,21040,NA,NA,NA,NA,36600,NA,NA,NA,NA,16680,NA,NA,NA,NA,9320,NA,NA,NA,NA,20200,NA,NA,NA,NA,34200,NA,NA,NA,NA,434,NA,NA,NA,NA,11600,NA,NA,NA,NA,12480,NA,NA,NA,NA,6500,NA,NA,NA,NA,30180,NA,NA,NA,NA,19160,NA,NA,NA,NA,9780,NA,NA,NA,NA,19080,NA,NA,NA,NA,25140,NA,NA,NA,NA,22000,NA,NA,NA,NA,19200,NA,NA,NA,NA,17200,NA,NA,NA,NA,9000,NA,NA,NA,NA,59880,NA,NA,NA,NA,9380,NA,NA,NA,NA,46740,NA,NA,NA,NA,990,NA,NA,NA,NA,18000,NA,NA,NA,NA,20500,NA,NA,NA,NA
M17 [Vaccines],17.3',Vaccine - OPV,2. Stocks Received,243049,NA,NA,NA,NA,0,NA,NA,NA,NA,0,NA,NA,NA,NA,10000,NA,NA,NA,NA,24000,NA,NA,NA,NA,0,NA,NA,NA,NA,0,NA,NA,NA,NA,5000,NA,NA,NA,NA,20000,NA,NA,NA,NA,1349,NA,NA,NA,NA,0,NA,NA,NA,NA,10000,NA,NA,NA,NA,8000,NA,NA,NA,NA,18000,NA,NA,NA,NA,10000,NA,NA,NA,NA,10000,NA,NA,NA,NA,15000,NA,NA,NA,NA,10000,NA,NA,NA,NA,28500,NA,NA,NA,NA,16000,NA,NA,NA,NA,6000,NA,NA,NA,NA,12700,NA,NA,NA,NA,NA,NA,NA,NA,NA,8500,NA,NA,NA,NA,10000,NA,NA,NA,NA,0,NA,NA,NA,NA,15000,NA,NA,NA,NA,5000,NA,NA,NA,NA
M17 [Vaccines],17.3',Vaccine - OPV,3. Unusable Stock,0,NA,NA,NA,NA,0,NA,NA,NA,NA,0,NA,NA,NA,NA,0,NA,NA,NA,NA,0,NA,NA,NA,NA,0,NA,NA,NA,NA,0,NA,NA,NA,NA,0,NA,NA,NA,NA,NA,NA,NA,NA,NA,0,NA,NA,NA,NA,0,NA,NA,NA,NA,NA,NA,NA,NA,NA,0,NA,NA,NA,NA,0,NA,NA,NA,NA,0,NA,NA,NA,NA,0,NA,NA,NA,NA,0,NA,NA,NA,NA,0,NA,NA,NA,NA,0,NA,NA,NA,NA,0,NA,NA,NA,NA,NA,NA,NA,NA,NA,0,NA,NA,NA,NA,NA,NA,NA,NA,NA,0,NA,NA,NA,NA,0,NA,NA,NA,NA,0,NA,NA,NA,NA,0,NA,NA,NA,NA,0,NA,NA,NA,NA
M17 [Vaccines],17.3',Vaccine - OPV,4. Stock Distributed,223874,NA,NA,NA,NA,8200,NA,NA,NA,NA,20700,NA,NA,NA,NA,7000,NA,NA,NA,NA,21240,NA,NA,NA,NA,3520,NA,NA,NA,NA,9220,NA,NA,NA,NA,7620,NA,NA,NA,NA,26200,NA,NA,NA,NA,775,NA,NA,NA,NA,1020,NA,NA,NA,NA,11320,NA,NA,NA,NA,4260,NA,NA,NA,NA,9660,NA,NA,NA,NA,9900,NA,NA,NA,NA,9780,NA,NA,NA,NA,7100,NA,NA,NA,NA,8180,NA,NA,NA,NA,12500,NA,NA,NA,NA,6500,NA,NA,NA,NA,8200,NA,NA,NA,NA,8700,NA,NA,NA,NA,NA,NA,NA,NA,NA,6100,NA,NA,NA,NA,4600,NA,NA,NA,NA,679,NA,NA,NA,NA,4400,NA,NA,NA,NA,6500,NA,NA,NA,NA
M17 [Vaccines],17.3',Vaccine - OPV,5. Total Stock,576539,NA,NA,NA,NA,9800,NA,NA,NA,NA,23380,NA,NA,NA,NA,24040,NA,NA,NA,NA,39360,NA,NA,NA,NA,13160,NA,NA,NA,NA,100,NA,NA,NA,NA,17580,NA,NA,NA,NA,28000,NA,NA,NA,NA,1008,NA,NA,NA,NA,10580,NA,NA,NA,NA,11160,NA,NA,NA,NA,10240,NA,NA,NA,NA,38520,NA,NA,NA,NA,19260,NA,NA,NA,NA,10000,NA,NA,NA,NA,26980,NA,NA,NA,NA,26960,NA,NA,NA,NA,38000,NA,NA,NA,NA,28700,NA,NA,NA,NA,15000,NA,NA,NA,NA,13000,NA,NA,NA,NA,59880,NA,NA,NA,NA,11780,NA,NA,NA,NA,52140,NA,NA,NA,NA,311,NA,NA,NA,NA,28600,NA,NA,NA,NA,19000,NA,NA,NA,NA
M17 [Vaccines],'17.4',Vaccine - TT,1. Balance From Previous Month,26390,NA,NA,NA,NA,0,NA,NA,NA,NA,0,NA,NA,NA,NA,5150,NA,NA,NA,NA,0,NA,NA,NA,NA,0,NA,NA,NA,NA,8000,NA,NA,NA,NA,0,NA,NA,NA,NA,0,NA,NA,NA,NA,0,NA,NA,NA,NA,2210,NA,NA,NA,NA,1000,NA,NA,NA,NA,1500,NA,NA,NA,NA,600,NA,NA,NA,NA,40,NA,NA,NA,NA,NA,NA,NA,NA,NA,0,NA,NA,NA,NA,0,NA,NA,NA,NA,1050,NA,NA,NA,NA,0,NA,NA,NA,NA,0,NA,NA,NA,NA,5200,NA,NA,NA,NA,0,NA,NA,NA,NA,90,NA,NA,NA,NA,50,NA,NA,NA,NA,0,NA,NA,NA,NA,1500,NA,NA,NA,NA,0,NA,NA,NA,NA
M17 [Vaccines],17.4',Vaccine - TT,2. Stocks Received,132760,NA,NA,NA,NA,6800,NA,NA,NA,NA,14500,NA,NA,NA,NA,5000,NA,NA,NA,NA,0,NA,NA,NA,NA,3500,NA,NA,NA,NA,0,NA,NA,NA,NA,0,NA,NA,NA,NA,18000,NA,NA,NA,NA,0,NA,NA,NA,NA,0,NA,NA,NA,NA,9000,NA,NA,NA,NA,4000,NA,NA,NA,NA,0,NA,NA,NA,NA,0,NA,NA,NA,NA,NA,NA,NA,NA,NA,0,NA,NA,NA,NA,18200,NA,NA,NA,NA,13000,NA,NA,NA,NA,7500,NA,NA,NA,NA,9900,NA,NA,NA,NA,0,NA,NA,NA,NA,NA,NA,NA,NA,NA,5500,NA,NA,NA,NA,800,NA,NA,NA,NA,1460,NA,NA,NA,NA,9000,NA,NA,NA,NA,6600,NA,NA,NA,NA
M17 [Vaccines],17.4',Vaccine - TT,3. Unusable Stock,0,NA,NA,NA,NA,0,NA,NA,NA,NA,0,NA,NA,NA,NA,0,NA,NA,NA,NA,0,NA,NA,NA,NA,0,NA,NA,NA,NA,0,NA,NA,NA,NA,0,NA,NA,NA,NA,NA,NA,NA,NA,NA,0,NA,NA,NA,NA,0,NA,NA,NA,NA,NA,NA,NA,NA,NA,0,NA,NA,NA,NA,0,NA,NA,NA,NA,0,NA,NA,NA,NA,NA,NA,NA,NA,NA,0,NA,NA,NA,NA,0,NA,NA,NA,NA,0,NA,NA,NA,NA,0,NA,NA,NA,NA,NA,NA,NA,NA,NA,0,NA,NA,NA,NA,NA,NA,NA,NA,NA,0,NA,NA,NA,NA,0,NA,NA,NA,NA,0,NA,NA,NA,NA,0,NA,NA,NA,NA,0,NA,NA,NA,NA
M17 [Vaccines],17.4',Vaccine - TT,4. Stock Distributed,119110,NA,NA,NA,NA,5000,NA,NA,NA,NA,13680,NA,NA,NA,NA,2000,NA,NA,NA,NA,0,NA,NA,NA,NA,3500,NA,NA,NA,NA,8000,NA,NA,NA,NA,0,NA,NA,NA,NA,16900,NA,NA,NA,NA,0,NA,NA,NA,NA,950,NA,NA,NA,NA,6550,NA,NA,NA,NA,4350,NA,NA,NA,NA,600,NA,NA,NA,NA,40,NA,NA,NA,NA,NA,NA,NA,NA,NA,0,NA,NA,NA,NA,4450,NA,NA,NA,NA,11050,NA,NA,NA,NA,6620,NA,NA,NA,NA,9400,NA,NA,NA,NA,5020,NA,NA,NA,NA,NA,NA,NA,NA,NA,4840,NA,NA,NA,NA,800,NA,NA,NA,NA,1460,NA,NA,NA,NA,7400,NA,NA,NA,NA,6500,NA,NA,NA,NA
M17 [Vaccines],17.4',Vaccine - TT,5. Total Stock,40040,NA,NA,NA,NA,1800,NA,NA,NA,NA,820,NA,NA,NA,NA,8150,NA,NA,NA,NA,0,NA,NA,NA,NA,0,NA,NA,NA,NA,0,NA,NA,NA,NA,0,NA,NA,NA,NA,1100,NA,NA,NA,NA,0,NA,NA,NA,NA,1260,NA,NA,NA,NA,3450,NA,NA,NA,NA,1150,NA,NA,NA,NA,0,NA,NA,NA,NA,0,NA,NA,NA,NA,0,NA,NA,NA,NA,0,NA,NA,NA,NA,13750,NA,NA,NA,NA,3000,NA,NA,NA,NA,880,NA,NA,NA,NA,500,NA,NA,NA,NA,180,NA,NA,NA,NA,0,NA,NA,NA,NA,750,NA,NA,NA,NA,50,NA,NA,NA,NA,0,NA,NA,NA,NA,3100,NA,NA,NA,NA,100,NA,NA,NA,NA
M17 [Vaccines],'17.5',Vaccine - DT,1. Balance From Previous Month,180,NA,NA,NA,NA,0,NA,NA,NA,NA,0,NA,NA,NA,NA,0,NA,NA,NA,NA,10,NA,NA,NA,NA,0,NA,NA,NA,NA,0,NA,NA,NA,NA,0,NA,NA,NA,NA,NA,NA,NA,NA,NA,170,NA,NA,NA,NA,NA,NA,NA,NA,NA,NA,NA,NA,NA,NA,0,NA,NA,NA,NA,0,NA,NA,NA,NA,NA,NA,NA,NA,NA,NA,NA,NA,NA,NA,0,NA,NA,NA,NA,0,NA,NA,NA,NA,0,NA,NA,NA,NA,0,NA,NA,NA,NA,0,NA,NA,NA,NA,0,NA,NA,NA,NA,0,NA,NA,NA,NA,0,NA,NA,NA,NA,0,NA,NA,NA,NA,NA,NA,NA,NA,NA,0,NA,NA,NA,NA,0,NA,NA,NA,NA
M17 [Vaccines],17.5',Vaccine - DT,2. Stocks Received,17550,NA,NA,NA,NA,0,NA,NA,NA,NA,0,NA,NA,NA,NA,0,NA,NA,NA,NA,17200,NA,NA,NA,NA,0,NA,NA,NA,NA,0,NA,NA,NA,NA,0,NA,NA,NA,NA,NA,NA,NA,NA,NA,350,NA,NA,NA,NA,NA,NA,NA,NA,NA,NA,NA,NA,NA,NA,0,NA,NA,NA,NA,0,NA,NA,NA,NA,NA,NA,NA,NA,NA,NA,NA,NA,NA,NA,0,NA,NA,NA,NA,0,NA,NA,NA,NA,0,NA,NA,NA,NA,0,NA,NA,NA,NA,0,NA,NA,NA,NA,0,NA,NA,NA,NA,NA,NA,NA,NA,NA,0,NA,NA,NA,NA,0,NA,NA,NA,NA,NA,NA,NA,NA,NA,0,NA,NA,NA,NA,0,NA,NA,NA,NA
M17 [Vaccines],17.5',Vaccine - DT,3. Unusable Stock,0,NA,NA,NA,NA,0,NA,NA,NA,NA,0,NA,NA,NA,NA,0,NA,NA,NA,NA,0,NA,NA,NA,NA,0,NA,NA,NA,NA,0,NA,NA,NA,NA,0,NA,NA,NA,NA,NA,NA,NA,NA,NA,0,NA,NA,NA,NA,NA,NA,NA,NA,NA,NA,NA,NA,NA,NA,0,NA,NA,NA,NA,0,NA,NA,NA,NA,NA,NA,NA,NA,NA,NA,NA,NA,NA,NA,0,NA,NA,NA,NA,0,NA,NA,NA,NA,0,NA,NA,NA,NA,0,NA,NA,NA,NA,NA,NA,NA,NA,NA,0,NA,NA,NA,NA,NA,NA,NA,NA,NA,0,NA,NA,NA,NA,0,NA,NA,NA,NA,NA,NA,NA,NA,NA,0,NA,NA,NA,NA,0,NA,NA,NA,NA
M17 [Vaccines],17.5',Vaccine - DT,4. Stock Distributed,12333,NA,NA,NA,NA,0,NA,NA,NA,NA,0,NA,NA,NA,NA,0,NA,NA,NA,NA,12000,NA,NA,NA,NA,0,NA,NA,NA,NA,0,NA,NA,NA,NA,0,NA,NA,NA,NA,NA,NA,NA,NA,NA,333,NA,NA,NA,NA,NA,NA,NA,NA,NA,NA,NA,NA,NA,NA,0,NA,NA,NA,NA,0,NA,NA,NA,NA,NA,NA,NA,NA,NA,NA,NA,NA,NA,NA,0,NA,NA,NA,NA,0,NA,NA,NA,NA,0,NA,NA,NA,NA,0,NA,NA,NA,NA,0,NA,NA,NA,NA,0,NA,NA,NA,NA,NA,NA,NA,NA,NA,0,NA,NA,NA,NA,0,NA,NA,NA,NA,NA,NA,NA,NA,NA,0,NA,NA,NA,NA,0,NA,NA,NA,NA
M17 [Vaccines],17.5',Vaccine - DT,5. Total Stock,5397,NA,NA,NA,NA,0,NA,NA,NA,NA,0,NA,NA,NA,NA,0,NA,NA,NA,NA,5210,NA,NA,NA,NA,0,NA,NA,NA,NA,0,NA,NA,NA,NA,0,NA,NA,NA,NA,0,NA,NA,NA,NA,187,NA,NA,NA,NA,0,NA,NA,NA,NA,0,NA,NA,NA,NA,0,NA,NA,NA,NA,0,NA,NA,NA,NA,0,NA,NA,NA,NA,0,NA,NA,NA,NA,0,NA,NA,NA,NA,0,NA,NA,NA,NA,0,NA,NA,NA,NA,0,NA,NA,NA,NA,0,NA,NA,NA,NA,0,NA,NA,NA,NA,0,NA,NA,NA,NA,0,NA,NA,NA,NA,0,NA,NA,NA,NA,0,NA,NA,NA,NA,0,NA,NA,NA,NA,0,NA,NA,NA,NA
M17 [Vaccines],'17.6',Vaccine - BCG,1. Balance From Previous Month,269665,NA,NA,NA,NA,7250,NA,NA,NA,NA,4040,NA,NA,NA,NA,2750,NA,NA,NA,NA,25100,NA,NA,NA,NA,4390,NA,NA,NA,NA,8380,NA,NA,NA,NA,7200,NA,NA,NA,NA,9400,NA,NA,NA,NA,919,NA,NA,NA,NA,4090,NA,NA,NA,NA,10550,NA,NA,NA,NA,7101,NA,NA,NA,NA,15830,NA,NA,NA,NA,19620,NA,NA,NA,NA,12770,NA,NA,NA,NA,15200,NA,NA,NA,NA,4680,NA,NA,NA,NA,11500,NA,NA,NA,NA,2000,NA,NA,NA,NA,14200,NA,NA,NA,NA,12600,NA,NA,NA,NA,20460,NA,NA,NA,NA,14100,NA,NA,NA,NA,10050,NA,NA,NA,NA,1515,NA,NA,NA,NA,9670,NA,NA,NA,NA,14300,NA,NA,NA,NA
M17 [Vaccines],17.6',Vaccine - BCG,2. Stocks Received,123850,NA,NA,NA,NA,0,NA,NA,NA,NA,10000,NA,NA,NA,NA,3500,NA,NA,NA,NA,10000,NA,NA,NA,NA,2000,NA,NA,NA,NA,0,NA,NA,NA,NA,4000,NA,NA,NA,NA,10000,NA,NA,NA,NA,550,NA,NA,NA,NA,4000,NA,NA,NA,NA,5000,NA,NA,NA,NA,7500,NA,NA,NA,NA,5000,NA,NA,NA,NA,7000,NA,NA,NA,NA,5000,NA,NA,NA,NA,0,NA,NA,NA,NA,16000,NA,NA,NA,NA,7300,NA,NA,NA,NA,4000,NA,NA,NA,NA,5000,NA,NA,NA,NA,0,NA,NA,NA,NA,NA,NA,NA,NA,NA,0,NA,NA,NA,NA,10000,NA,NA,NA,NA,0,NA,NA,NA,NA,5000,NA,NA,NA,NA,3000,NA,NA,NA,NA
M17 [Vaccines],17.6',Vaccine - BCG,3. Unusable Stock,0,NA,NA,NA,NA,0,NA,NA,NA,NA,0,NA,NA,NA,NA,0,NA,NA,NA,NA,0,NA,NA,NA,NA,0,NA,NA,NA,NA,0,NA,NA,NA,NA,0,NA,NA,NA,NA,NA,NA,NA,NA,NA,0,NA,NA,NA,NA,0,NA,NA,NA,NA,NA,NA,NA,NA,NA,0,NA,NA,NA,NA,0,NA,NA,NA,NA,0,NA,NA,NA,NA,0,NA,NA,NA,NA,0,NA,NA,NA,NA,0,NA,NA,NA,NA,0,NA,NA,NA,NA,0,NA,NA,NA,NA,NA,NA,NA,NA,NA,0,NA,NA,NA,NA,NA,NA,NA,NA,NA,0,NA,NA,NA,NA,0,NA,NA,NA,NA,0,NA,NA,NA,NA,0,NA,NA,NA,NA,0,NA,NA,NA,NA
M17 [Vaccines],17.6',Vaccine - BCG,4. Stock Distributed,145251,NA,NA,NA,NA,3300,NA,NA,NA,NA,11620,NA,NA,NA,NA,2500,NA,NA,NA,NA,13600,NA,NA,NA,NA,2720,NA,NA,NA,NA,6450,NA,NA,NA,NA,3590,NA,NA,NA,NA,13800,NA,NA,NA,NA,395,NA,NA,NA,NA,1250,NA,NA,NA,NA,7620,NA,NA,NA,NA,10501,NA,NA,NA,NA,7200,NA,NA,NA,NA,5140,NA,NA,NA,NA,5700,NA,NA,NA,NA,2600,NA,NA,NA,NA,4680,NA,NA,NA,NA,10100,NA,NA,NA,NA,3750,NA,NA,NA,NA,3200,NA,NA,NA,NA,5660,NA,NA,NA,NA,NA,NA,NA,NA,NA,4760,NA,NA,NA,NA,5610,NA,NA,NA,NA,815,NA,NA,NA,NA,5290,NA,NA,NA,NA,3400,NA,NA,NA,NA
M17 [Vaccines],17.6',Vaccine - BCG,5. Total Stock,248264,NA,NA,NA,NA,3950,NA,NA,NA,NA,2420,NA,NA,NA,NA,3750,NA,NA,NA,NA,21500,NA,NA,NA,NA,3670,NA,NA,NA,NA,1930,NA,NA,NA,NA,7610,NA,NA,NA,NA,5600,NA,NA,NA,NA,1074,NA,NA,NA,NA,6840,NA,NA,NA,NA,7930,NA,NA,NA,NA,4100,NA,NA,NA,NA,13630,NA,NA,NA,NA,21480,NA,NA,NA,NA,12070,NA,NA,NA,NA,12600,NA,NA,NA,NA,16000,NA,NA,NA,NA,8700,NA,NA,NA,NA,2250,NA,NA,NA,NA,16000,NA,NA,NA,NA,6940,NA,NA,NA,NA,20460,NA,NA,NA,NA,9340,NA,NA,NA,NA,14440,NA,NA,NA,NA,700,NA,NA,NA,NA,9380,NA,NA,NA,NA,13900,NA,NA,NA,NA
M17 [Vaccines],'17.7',Vaccine - Measles,1. Balance From Previous Month,40720,NA,NA,NA,NA,0,NA,NA,NA,NA,0,NA,NA,NA,NA,0,NA,NA,NA,NA,0,NA,NA,NA,NA,0,NA,NA,NA,NA,0,NA,NA,NA,NA,0,NA,NA,NA,NA,NA,NA,NA,NA,NA,0,NA,NA,NA,NA,NA,NA,NA,NA,NA,NA,NA,NA,NA,NA,0,NA,NA,NA,NA,0,NA,NA,NA,NA,0,NA,NA,NA,NA,0,NA,NA,NA,NA,0,NA,NA,NA,NA,40720,NA,NA,NA,NA,0,NA,NA,NA,NA,0,NA,NA,NA,NA,0,NA,NA,NA,NA,0,NA,NA,NA,NA,0,NA,NA,NA,NA,0,NA,NA,NA,NA,0,NA,NA,NA,NA,0,NA,NA,NA,NA,0,NA,NA,NA,NA,0,NA,NA,NA,NA
M17 [Vaccines],17.7',Vaccine - Measles,2. Stocks Received,6000,NA,NA,NA,NA,0,NA,NA,NA,NA,0,NA,NA,NA,NA,0,NA,NA,NA,NA,0,NA,NA,NA,NA,0,NA,NA,NA,NA,0,NA,NA,NA,NA,0,NA,NA,NA,NA,NA,NA,NA,NA,NA,0,NA,NA,NA,NA,NA,NA,NA,NA,NA,NA,NA,NA,NA,NA,0,NA,NA,NA,NA,0,NA,NA,NA,NA,NA,NA,NA,NA,NA,0,NA,NA,NA,NA,0,NA,NA,NA,NA,6000,NA,NA,NA,NA,0,NA,NA,NA,NA,0,NA,NA,NA,NA,0,NA,NA,NA,NA,0,NA,NA,NA,NA,NA,NA,NA,NA,NA,0,NA,NA,NA,NA,0,NA,NA,NA,NA,0,NA,NA,NA,NA,0,NA,NA,NA,NA,0,NA,NA,NA,NA
M17 [Vaccines],17.7',Vaccine - Measles,3. Unusable Stock,0,NA,NA,NA,NA,0,NA,NA,NA,NA,0,NA,NA,NA,NA,0,NA,NA,NA,NA,0,NA,NA,NA,NA,0,NA,NA,NA,NA,0,NA,NA,NA,NA,0,NA,NA,NA,NA,NA,NA,NA,NA,NA,0,NA,NA,NA,NA,NA,NA,NA,NA,NA,NA,NA,NA,NA,NA,0,NA,NA,NA,NA,0,NA,NA,NA,NA,NA,NA,NA,NA,NA,0,NA,NA,NA,NA,0,NA,NA,NA,NA,0,NA,NA,NA,NA,0,NA,NA,NA,NA,0,NA,NA,NA,NA,NA,NA,NA,NA,NA,0,NA,NA,NA,NA,NA,NA,NA,NA,NA,0,NA,NA,NA,NA,0,NA,NA,NA,NA,0,NA,NA,NA,NA,0,NA,NA,NA,NA,0,NA,NA,NA,NA
M17 [Vaccines],17.7',Vaccine - Measles,4. Stock Distributed,5340,NA,NA,NA,NA,0,NA,NA,NA,NA,0,NA,NA,NA,NA,0,NA,NA,NA,NA,0,NA,NA,NA,NA,0,NA,NA,NA,NA,0,NA,NA,NA,NA,0,NA,NA,NA,NA,NA,NA,NA,NA,NA,0,NA,NA,NA,NA,NA,NA,NA,NA,NA,NA,NA,NA,NA,NA,0,NA,NA,NA,NA,0,NA,NA,NA,NA,NA,NA,NA,NA,NA,0,NA,NA,NA,NA,0,NA,NA,NA,NA,5340,NA,NA,NA,NA,0,NA,NA,NA,NA,0,NA,NA,NA,NA,0,NA,NA,NA,NA,0,NA,NA,NA,NA,NA,NA,NA,NA,NA,0,NA,NA,NA,NA,0,NA,NA,NA,NA,0,NA,NA,NA,NA,0,NA,NA,NA,NA,0,NA,NA,NA,NA
M17 [Vaccines],17.7',Vaccine - Measles,5. Total Stock,41380,NA,NA,NA,NA,0,NA,NA,NA,NA,0,NA,NA,NA,NA,0,NA,NA,NA,NA,0,NA,NA,NA,NA,0,NA,NA,NA,NA,0,NA,NA,NA,NA,0,NA,NA,NA,NA,0,NA,NA,NA,NA,0,NA,NA,NA,NA,0,NA,NA,NA,NA,0,NA,NA,NA,NA,0,NA,NA,NA,NA,0,NA,NA,NA,NA,0,NA,NA,NA,NA,0,NA,NA,NA,NA,0,NA,NA,NA,NA,41380,NA,NA,NA,NA,0,NA,NA,NA,NA,0,NA,NA,NA,NA,0,NA,NA,NA,NA,0,NA,NA,NA,NA,0,NA,NA,NA,NA,0,NA,NA,NA,NA,0,NA,NA,NA,NA,0,NA,NA,NA,NA,0,NA,NA,NA,NA,0,NA,NA,NA,NA
M17 [Vaccines],'17.8',Vaccine - JE,1. Balance From Previous Month,22636,NA,NA,NA,NA,0,NA,NA,NA,NA,315,NA,NA,NA,NA,2000,NA,NA,NA,NA,50,NA,NA,NA,NA,4735,NA,NA,NA,NA,0,NA,NA,NA,NA,0,NA,NA,NA,NA,0,NA,NA,NA,NA,51,NA,NA,NA,NA,210,NA,NA,NA,NA,0,NA,NA,NA,NA,0,NA,NA,NA,NA,2220,NA,NA,NA,NA,10870,NA,NA,NA,NA,0,NA,NA,NA,NA,10,NA,NA,NA,NA,0,NA,NA,NA,NA,100,NA,NA,NA,NA,0,NA,NA,NA,NA,0,NA,NA,NA,NA,0,NA,NA,NA,NA,2050,NA,NA,NA,NA,0,NA,NA,NA,NA,25,NA,NA,NA,NA,0,NA,NA,NA,NA,0,NA,NA,NA,NA,0,NA,NA,NA,NA
M17 [Vaccines],17.8',Vaccine - JE,2. Stocks Received,113832,NA,NA,NA,NA,3500,NA,NA,NA,NA,10000,NA,NA,NA,NA,3000,NA,NA,NA,NA,10000,NA,NA,NA,NA,2000,NA,NA,NA,NA,4500,NA,NA,NA,NA,2500,NA,NA,NA,NA,10000,NA,NA,NA,NA,982,NA,NA,NA,NA,3000,NA,NA,NA,NA,5000,NA,NA,NA,NA,2500,NA,NA,NA,NA,4650,NA,NA,NA,NA,2500,NA,NA,NA,NA,5000,NA,NA,NA,NA,6000,NA,NA,NA,NA,4500,NA,NA,NA,NA,7300,NA,NA,NA,NA,4000,NA,NA,NA,NA,3500,NA,NA,NA,NA,5000,NA,NA,NA,NA,NA,NA,NA,NA,NA,3000,NA,NA,NA,NA,4000,NA,NA,NA,NA,1100,NA,NA,NA,NA,3800,NA,NA,NA,NA,2500,NA,NA,NA,NA
M17 [Vaccines],17.8',Vaccine - JE,3. Unusable Stock,0,NA,NA,NA,NA,0,NA,NA,NA,NA,0,NA,NA,NA,NA,0,NA,NA,NA,NA,0,NA,NA,NA,NA,0,NA,NA,NA,NA,0,NA,NA,NA,NA,0,NA,NA,NA,NA,NA,NA,NA,NA,NA,0,NA,NA,NA,NA,0,NA,NA,NA,NA,NA,NA,NA,NA,NA,0,NA,NA,NA,NA,0,NA,NA,NA,NA,0,NA,NA,NA,NA,0,NA,NA,NA,NA,0,NA,NA,NA,NA,0,NA,NA,NA,NA,0,NA,NA,NA,NA,0,NA,NA,NA,NA,NA,NA,NA,NA,NA,0,NA,NA,NA,NA,NA,NA,NA,NA,NA,0,NA,NA,NA,NA,0,NA,NA,NA,NA,0,NA,NA,NA,NA,0,NA,NA,NA,NA,0,NA,NA,NA,NA
M17 [Vaccines],17.8',Vaccine - JE,4. Stock Distributed,98303,NA,NA,NA,NA,2500,NA,NA,NA,NA,9180,NA,NA,NA,NA,3000,NA,NA,NA,NA,5650,NA,NA,NA,NA,1860,NA,NA,NA,NA,4300,NA,NA,NA,NA,2130,NA,NA,NA,NA,10000,NA,NA,NA,NA,1018,NA,NA,NA,NA,600,NA,NA,NA,NA,5000,NA,NA,NA,NA,2500,NA,NA,NA,NA,4610,NA,NA,NA,NA,2610,NA,NA,NA,NA,5000,NA,NA,NA,NA,4525,NA,NA,NA,NA,2730,NA,NA,NA,NA,6400,NA,NA,NA,NA,3950,NA,NA,NA,NA,3500,NA,NA,NA,NA,3290,NA,NA,NA,NA,NA,NA,NA,NA,NA,2950,NA,NA,NA,NA,3850,NA,NA,NA,NA,1100,NA,NA,NA,NA,3550,NA,NA,NA,NA,2500,NA,NA,NA,NA
M17 [Vaccines],17.8',Vaccine - JE,5. Total Stock,38165,NA,NA,NA,NA,1000,NA,NA,NA,NA,1135,NA,NA,NA,NA,2000,NA,NA,NA,NA,4400,NA,NA,NA,NA,4875,NA,NA,NA,NA,200,NA,NA,NA,NA,370,NA,NA,NA,NA,0,NA,NA,NA,NA,15,NA,NA,NA,NA,2610,NA,NA,NA,NA,0,NA,NA,NA,NA,0,NA,NA,NA,NA,2260,NA,NA,NA,NA,10760,NA,NA,NA,NA,0,NA,NA,NA,NA,1485,NA,NA,NA,NA,1770,NA,NA,NA,NA,1000,NA,NA,NA,NA,50,NA,NA,NA,NA,0,NA,NA,NA,NA,1710,NA,NA,NA,NA,2050,NA,NA,NA,NA,50,NA,NA,NA,NA,175,NA,NA,NA,NA,0,NA,NA,NA,NA,250,NA,NA,NA,NA,0,NA,NA,NA,NA
M17 [Vaccines],'17.9',Vaccine - Hepatitis B,1. Balance From Previous Month,15886,NA,NA,NA,NA,770,NA,NA,NA,NA,1250,NA,NA,NA,NA,1000,NA,NA,NA,NA,3000,NA,NA,NA,NA,0,NA,NA,NA,NA,1590,NA,NA,NA,NA,1200,NA,NA,NA,NA,0,NA,NA,NA,NA,56,NA,NA,NA,NA,0,NA,NA,NA,NA,420,NA,NA,NA,NA,0,NA,NA,NA,NA,860,NA,NA,NA,NA,2800,NA,NA,NA,NA,320,NA,NA,NA,NA,460,NA,NA,NA,NA,210,NA,NA,NA,NA,950,NA,NA,NA,NA,60,NA,NA,NA,NA,380,NA,NA,NA,NA,30,NA,NA,NA,NA,140,NA,NA,NA,NA,0,NA,NA,NA,NA,20,NA,NA,NA,NA,0,NA,NA,NA,NA,300,NA,NA,NA,NA,70,NA,NA,NA,NA
M17 [Vaccines],17.9',Vaccine - Hepatitis B,2. Stocks Received,86083,NA,NA,NA,NA,3600,NA,NA,NA,NA,5500,NA,NA,NA,NA,2100,NA,NA,NA,NA,2800,NA,NA,NA,NA,1500,NA,NA,NA,NA,3000,NA,NA,NA,NA,3600,NA,NA,NA,NA,6500,NA,NA,NA,NA,743,NA,NA,NA,NA,900,NA,NA,NA,NA,3000,NA,NA,NA,NA,2550,NA,NA,NA,NA,3100,NA,NA,NA,NA,3000,NA,NA,NA,NA,5600,NA,NA,NA,NA,5900,NA,NA,NA,NA,4500,NA,NA,NA,NA,4880,NA,NA,NA,NA,2700,NA,NA,NA,NA,5450,NA,NA,NA,NA,3600,NA,NA,NA,NA,NA,NA,NA,NA,NA,0,NA,NA,NA,NA,2400,NA,NA,NA,NA,810,NA,NA,NA,NA,4700,NA,NA,NA,NA,3650,NA,NA,NA,NA
M17 [Vaccines],17.9',Vaccine - Hepatitis B,3. Unusable Stock,0,NA,NA,NA,NA,0,NA,NA,NA,NA,0,NA,NA,NA,NA,0,NA,NA,NA,NA,0,NA,NA,NA,NA,0,NA,NA,NA,NA,0,NA,NA,NA,NA,0,NA,NA,NA,NA,NA,NA,NA,NA,NA,0,NA,NA,NA,NA,0,NA,NA,NA,NA,NA,NA,NA,NA,NA,0,NA,NA,NA,NA,0,NA,NA,NA,NA,0,NA,NA,NA,NA,0,NA,NA,NA,NA,0,NA,NA,NA,NA,0,NA,NA,NA,NA,0,NA,NA,NA,NA,0,NA,NA,NA,NA,NA,NA,NA,NA,NA,0,NA,NA,NA,NA,NA,NA,NA,NA,NA,0,NA,NA,NA,NA,0,NA,NA,NA,NA,0,NA,NA,NA,NA,0,NA,NA,NA,NA,0,NA,NA,NA,NA
M17 [Vaccines],17.9',Vaccine - Hepatitis B,4. Stock Distributed,34112,NA,NA,NA,NA,1200,NA,NA,NA,NA,60,NA,NA,NA,NA,1300,NA,NA,NA,NA,4670,NA,NA,NA,NA,780,NA,NA,NA,NA,1220,NA,NA,NA,NA,1590,NA,NA,NA,NA,4000,NA,NA,NA,NA,320,NA,NA,NA,NA,430,NA,NA,NA,NA,1300,NA,NA,NA,NA,1520,NA,NA,NA,NA,1540,NA,NA,NA,NA,1300,NA,NA,NA,NA,2590,NA,NA,NA,NA,610,NA,NA,NA,NA,560,NA,NA,NA,NA,1150,NA,NA,NA,NA,1840,NA,NA,NA,NA,1390,NA,NA,NA,NA,900,NA,NA,NA,NA,NA,NA,NA,NA,NA,0,NA,NA,NA,NA,970,NA,NA,NA,NA,472,NA,NA,NA,NA,1730,NA,NA,NA,NA,670,NA,NA,NA,NA
M17 [Vaccines],17.9',Vaccine - Hepatitis B,5. Total Stock,68927,NA,NA,NA,NA,3170,NA,NA,NA,NA,6690,NA,NA,NA,NA,1800,NA,NA,NA,NA,1130,NA,NA,NA,NA,720,NA,NA,NA,NA,3370,NA,NA,NA,NA,3210,NA,NA,NA,NA,2500,NA,NA,NA,NA,479,NA,NA,NA,NA,470,NA,NA,NA,NA,2120,NA,NA,NA,NA,1030,NA,NA,NA,NA,2420,NA,NA,NA,NA,4500,NA,NA,NA,NA,3330,NA,NA,NA,NA,5750,NA,NA,NA,NA,4150,NA,NA,NA,NA,4680,NA,NA,NA,NA,920,NA,NA,NA,NA,4440,NA,NA,NA,NA,2730,NA,NA,NA,NA,1210,NA,NA,NA,NA,0,NA,NA,NA,NA,1450,NA,NA,NA,NA,338,NA,NA,NA,NA,3270,NA,NA,NA,NA,3050,NA,NA,NA,NA
M17 [Vaccines],'17.10',Vaccine - Typhoid,1. Balance From Previous Month,170,NA,NA,NA,NA,0,NA,NA,NA,NA,0,NA,NA,NA,NA,0,NA,NA,NA,NA,0,NA,NA,NA,NA,0,NA,NA,NA,NA,0,NA,NA,NA,NA,0,NA,NA,NA,NA,NA,NA,NA,NA,NA,170,NA,NA,NA,NA,NA,NA,NA,NA,NA,NA,NA,NA,NA,NA,0,NA,NA,NA,NA,0,NA,NA,NA,NA,0,NA,NA,NA,NA,NA,NA,NA,NA,NA,0,NA,NA,NA,NA,0,NA,NA,NA,NA,0,NA,NA,NA,NA,0,NA,NA,NA,NA,0,NA,NA,NA,NA,0,NA,NA,NA,NA,NA,NA,NA,NA,NA,0,NA,NA,NA,NA,0,NA,NA,NA,NA,NA,NA,NA,NA,NA,0,NA,NA,NA,NA,0,NA,NA,NA,NA
M17 [Vaccines],17.10',Vaccine - Typhoid,2. Stocks Received,350,NA,NA,NA,NA,0,NA,NA,NA,NA,0,NA,NA,NA,NA,0,NA,NA,NA,NA,0,NA,NA,NA,NA,0,NA,NA,NA,NA,0,NA,NA,NA,NA,0,NA,NA,NA,NA,NA,NA,NA,NA,NA,350,NA,NA,NA,NA,NA,NA,NA,NA,NA,NA,NA,NA,NA,NA,0,NA,NA,NA,NA,0,NA,NA,NA,NA,0,NA,NA,NA,NA,NA,NA,NA,NA,NA,0,NA,NA,NA,NA,0,NA,NA,NA,NA,0,NA,NA,NA,NA,0,NA,NA,NA,NA,0,NA,NA,NA,NA,0,NA,NA,NA,NA,NA,NA,NA,NA,NA,0,NA,NA,NA,NA,0,NA,NA,NA,NA,NA,NA,NA,NA,NA,0,NA,NA,NA,NA,0,NA,NA,NA,NA
M17 [Vaccines],17.10',Vaccine - Typhoid,3. Unusable Stock,0,NA,NA,NA,NA,0,NA,NA,NA,NA,0,NA,NA,NA,NA,0,NA,NA,NA,NA,0,NA,NA,NA,NA,0,NA,NA,NA,NA,0,NA,NA,NA,NA,0,NA,NA,NA,NA,NA,NA,NA,NA,NA,0,NA,NA,NA,NA,NA,NA,NA,NA,NA,NA,NA,NA,NA,NA,0,NA,NA,NA,NA,0,NA,NA,NA,NA,NA,NA,NA,NA,NA,NA,NA,NA,NA,NA,0,NA,NA,NA,NA,0,NA,NA,NA,NA,0,NA,NA,NA,NA,0,NA,NA,NA,NA,NA,NA,NA,NA,NA,0,NA,NA,NA,NA,NA,NA,NA,NA,NA,0,NA,NA,NA,NA,0,NA,NA,NA,NA,NA,NA,NA,NA,NA,0,NA,NA,NA,NA,0,NA,NA,NA,NA
M17 [Vaccines],17.10',Vaccine - Typhoid,4. Stock Distributed,333,NA,NA,NA,NA,0,NA,NA,NA,NA,0,NA,NA,NA,NA,0,NA,NA,NA,NA,0,NA,NA,NA,NA,0,NA,NA,NA,NA,0,NA,NA,NA,NA,0,NA,NA,NA,NA,NA,NA,NA,NA,NA,333,NA,NA,NA,NA,NA,NA,NA,NA,NA,NA,NA,NA,NA,NA,0,NA,NA,NA,NA,0,NA,NA,NA,NA,NA,NA,NA,NA,NA,NA,NA,NA,NA,NA,0,NA,NA,NA,NA,0,NA,NA,NA,NA,0,NA,NA,NA,NA,0,NA,NA,NA,NA,0,NA,NA,NA,NA,0,NA,NA,NA,NA,NA,NA,NA,NA,NA,0,NA,NA,NA,NA,0,NA,NA,NA,NA,NA,NA,NA,NA,NA,0,NA,NA,NA,NA,0,NA,NA,NA,NA
M17 [Vaccines],17.10',Vaccine - Typhoid,5. Total Stock,187,NA,NA,NA,NA,0,NA,NA,NA,NA,0,NA,NA,NA,NA,0,NA,NA,NA,NA,0,NA,NA,NA,NA,0,NA,NA,NA,NA,0,NA,NA,NA,NA,0,NA,NA,NA,NA,0,NA,NA,NA,NA,187,NA,NA,NA,NA,NA,NA,NA,NA,NA,NA,NA,NA,NA,NA,0,NA,NA,NA,NA,0,NA,NA,NA,NA,0,NA,NA,NA,NA,NA,NA,NA,NA,NA,0,NA,NA,NA,NA,0,NA,NA,NA,NA,0,NA,NA,NA,NA,0,NA,NA,NA,NA,0,NA,NA,NA,NA,0,NA,NA,NA,NA,NA,NA,NA,NA,NA,0,NA,NA,NA,NA,0,NA,NA,NA,NA,NA,NA,NA,NA,NA,0,NA,NA,NA,NA,NA,NA,NA,NA,NA
M17 [Vaccines],'17.11',Vaccine - Vitamin K,1. Balance From Previous Month,7910,NA,NA,NA,NA,0,NA,NA,NA,NA,0,NA,NA,NA,NA,0,NA,NA,NA,NA,0,NA,NA,NA,NA,0,NA,NA,NA,NA,0,NA,NA,NA,NA,0,NA,NA,NA,NA,NA,NA,NA,NA,NA,370,NA,NA,NA,NA,0,NA,NA,NA,NA,NA,NA,NA,NA,NA,0,NA,NA,NA,NA,50,NA,NA,NA,NA,0,NA,NA,NA,NA,NA,NA,NA,NA,NA,0,NA,NA,NA,NA,4690,NA,NA,NA,NA,2800,NA,NA,NA,NA,0,NA,NA,NA,NA,0,NA,NA,NA,NA,0,NA,NA,NA,NA,0,NA,NA,NA,NA,0,NA,NA,NA,NA,0,NA,NA,NA,NA,NA,NA,NA,NA,NA,0,NA,NA,NA,NA,0,NA,NA,NA,NA
M17 [Vaccines],17.11',Vaccine - Vitamin K,2. Stocks Received,400,NA,NA,NA,NA,0,NA,NA,NA,NA,0,NA,NA,NA,NA,0,NA,NA,NA,NA,0,NA,NA,NA,NA,0,NA,NA,NA,NA,0,NA,NA,NA,NA,0,NA,NA,NA,NA,NA,NA,NA,NA,NA,400,NA,NA,NA,NA,0,NA,NA,NA,NA,NA,NA,NA,NA,NA,0,NA,NA,NA,NA,0,NA,NA,NA,NA,0,NA,NA,NA,NA,NA,NA,NA,NA,NA,0,NA,NA,NA,NA,0,NA,NA,NA,NA,0,NA,NA,NA,NA,0,NA,NA,NA,NA,0,NA,NA,NA,NA,0,NA,NA,NA,NA,NA,NA,NA,NA,NA,0,NA,NA,NA,NA,0,NA,NA,NA,NA,NA,NA,NA,NA,NA,0,NA,NA,NA,NA,0,NA,NA,NA,NA
M17 [Vaccines],17.11',Vaccine - Vitamin K,3. Unusable Stock,0,NA,NA,NA,NA,0,NA,NA,NA,NA,0,NA,NA,NA,NA,0,NA,NA,NA,NA,0,NA,NA,NA,NA,0,NA,NA,NA,NA,0,NA,NA,NA,NA,0,NA,NA,NA,NA,NA,NA,NA,NA,NA,0,NA,NA,NA,NA,0,NA,NA,NA,NA,NA,NA,NA,NA,NA,0,NA,NA,NA,NA,0,NA,NA,NA,NA,NA,NA,NA,NA,NA,NA,NA,NA,NA,NA,0,NA,NA,NA,NA,0,NA,NA,NA,NA,0,NA,NA,NA,NA,0,NA,NA,NA,NA,NA,NA,NA,NA,NA,0,NA,NA,NA,NA,NA,NA,NA,NA,NA,0,NA,NA,NA,NA,0,NA,NA,NA,NA,NA,NA,NA,NA,NA,0,NA,NA,NA,NA,0,NA,NA,NA,NA
M17 [Vaccines],17.11',Vaccine - Vitamin K,4. Stock Distributed,885,NA,NA,NA,NA,0,NA,NA,NA,NA,0,NA,NA,NA,NA,0,NA,NA,NA,NA,0,NA,NA,NA,NA,0,NA,NA,NA,NA,0,NA,NA,NA,NA,0,NA,NA,NA,NA,NA,NA,NA,NA,NA,385,NA,NA,NA,NA,0,NA,NA,NA,NA,NA,NA,NA,NA,NA,0,NA,NA,NA,NA,0,NA,NA,NA,NA,NA,NA,NA,NA,NA,NA,NA,NA,NA,NA,0,NA,NA,NA,NA,0,NA,NA,NA,NA,500,NA,NA,NA,NA,0,NA,NA,NA,NA,0,NA,NA,NA,NA,0,NA,NA,NA,NA,NA,NA,NA,NA,NA,0,NA,NA,NA,NA,0,NA,NA,NA,NA,NA,NA,NA,NA,NA,0,NA,NA,NA,NA,0,NA,NA,NA,NA
M17 [Vaccines],17.11',Vaccine - Vitamin K,5. Total Stock,7425,NA,NA,NA,NA,0,NA,NA,NA,NA,0,NA,NA,NA,NA,0,NA,NA,NA,NA,0,NA,NA,NA,NA,0,NA,NA,NA,NA,0,NA,NA,NA,NA,0,NA,NA,NA,NA,0,NA,NA,NA,NA,385,NA,NA,NA,NA,0,NA,NA,NA,NA,NA,NA,NA,NA,NA,0,NA,NA,NA,NA,50,NA,NA,NA,NA,0,NA,NA,NA,NA,NA,NA,NA,NA,NA,0,NA,NA,NA,NA,4690,NA,NA,NA,NA,2300,NA,NA,NA,NA,0,NA,NA,NA,NA,0,NA,NA,NA,NA,0,NA,NA,NA,NA,0,NA,NA,NA,NA,0,NA,NA,NA,NA,0,NA,NA,NA,NA,NA,NA,NA,NA,NA,0,NA,NA,NA,NA,NA,NA,NA,NA,NA
M17 [Vaccines],'17.12',Rotavirus,1. Balance From Previous Month,161178,NA,NA,NA,NA,150,NA,NA,NA,NA,2900,NA,NA,NA,NA,10980,NA,NA,NA,NA,13100,NA,NA,NA,NA,2300,NA,NA,NA,NA,12000,NA,NA,NA,NA,4500,NA,NA,NA,NA,6140,NA,NA,NA,NA,208,NA,NA,NA,NA,490,NA,NA,NA,NA,660,NA,NA,NA,NA,1800,NA,NA,NA,NA,15990,NA,NA,NA,NA,20430,NA,NA,NA,NA,7440,NA,NA,NA,NA,4320,NA,NA,NA,NA,1940,NA,NA,NA,NA,16700,NA,NA,NA,NA,6700,NA,NA,NA,NA,400,NA,NA,NA,NA,22150,NA,NA,NA,NA,3980,NA,NA,NA,NA,0,NA,NA,NA,NA,1190,NA,NA,NA,NA,0,NA,NA,NA,NA,4630,NA,NA,NA,NA,80,NA,NA,NA,NA
M17 [Vaccines],17.12',Rotavirus,2. Stocks Received,283444,NA,NA,NA,NA,1020,NA,NA,NA,NA,21300,NA,NA,NA,NA,6000,NA,NA,NA,NA,26700,NA,NA,NA,NA,4500,NA,NA,NA,NA,0,NA,NA,NA,NA,9600,NA,NA,NA,NA,28200,NA,NA,NA,NA,2464,NA,NA,NA,NA,6000,NA,NA,NA,NA,12000,NA,NA,NA,NA,12000,NA,NA,NA,NA,12300,NA,NA,NA,NA,12000,NA,NA,NA,NA,13500,NA,NA,NA,NA,15900,NA,NA,NA,NA,12000,NA,NA,NA,NA,19500,NA,NA,NA,NA,12000,NA,NA,NA,NA,14700,NA,NA,NA,NA,0,NA,NA,NA,NA,NA,NA,NA,NA,NA,8400,NA,NA,NA,NA,12600,NA,NA,NA,NA,2160,NA,NA,NA,NA,9000,NA,NA,NA,NA,9600,NA,NA,NA,NA
M17 [Vaccines],17.12',Rotavirus,3. Unusable Stock,0,NA,NA,NA,NA,0,NA,NA,NA,NA,0,NA,NA,NA,NA,0,NA,NA,NA,NA,0,NA,NA,NA,NA,0,NA,NA,NA,NA,0,NA,NA,NA,NA,0,NA,NA,NA,NA,NA,NA,NA,NA,NA,0,NA,NA,NA,NA,0,NA,NA,NA,NA,NA,NA,NA,NA,NA,0,NA,NA,NA,NA,0,NA,NA,NA,NA,0,NA,NA,NA,NA,0,NA,NA,NA,NA,0,NA,NA,NA,NA,0,NA,NA,NA,NA,0,NA,NA,NA,NA,0,NA,NA,NA,NA,NA,NA,NA,NA,NA,0,NA,NA,NA,NA,NA,NA,NA,NA,NA,0,NA,NA,NA,NA,0,NA,NA,NA,NA,0,NA,NA,NA,NA,0,NA,NA,NA,NA,NA,NA,NA,NA,NA
M17 [Vaccines],17.12',Rotavirus,4. Stock Distributed,201835,NA,NA,NA,NA,200,NA,NA,NA,NA,14920,NA,NA,NA,NA,3400,NA,NA,NA,NA,13700,NA,NA,NA,NA,3690,NA,NA,NA,NA,9750,NA,NA,NA,NA,6630,NA,NA,NA,NA,19440,NA,NA,NA,NA,995,NA,NA,NA,NA,2030,NA,NA,NA,NA,8950,NA,NA,NA,NA,10600,NA,NA,NA,NA,10770,NA,NA,NA,NA,8710,NA,NA,NA,NA,7270,NA,NA,NA,NA,5470,NA,NA,NA,NA,6040,NA,NA,NA,NA,10800,NA,NA,NA,NA,5550,NA,NA,NA,NA,7700,NA,NA,NA,NA,6680,NA,NA,NA,NA,NA,NA,NA,NA,NA,8300,NA,NA,NA,NA,9970,NA,NA,NA,NA,1890,NA,NA,NA,NA,10500,NA,NA,NA,NA,7880,NA,NA,NA,NA
M17 [Vaccines],17.12',Rotavirus,5. Total Stock,258427,NA,NA,NA,NA,970,NA,NA,NA,NA,9280,NA,NA,NA,NA,13580,NA,NA,NA,NA,26100,NA,NA,NA,NA,4010,NA,NA,NA,NA,2250,NA,NA,NA,NA,7470,NA,NA,NA,NA,14900,NA,NA,NA,NA,1677,NA,NA,NA,NA,4460,NA,NA,NA,NA,3710,NA,NA,NA,NA,3200,NA,NA,NA,NA,17520,NA,NA,NA,NA,23720,NA,NA,NA,NA,13670,NA,NA,NA,NA,14750,NA,NA,NA,NA,7900,NA,NA,NA,NA,25400,NA,NA,NA,NA,13150,NA,NA,NA,NA,7400,NA,NA,NA,NA,15470,NA,NA,NA,NA,18720,NA,NA,NA,NA,100,NA,NA,NA,NA,3820,NA,NA,NA,NA,270,NA,NA,NA,NA,3130,NA,NA,NA,NA,1800,NA,NA,NA,NA
M17 [Vaccines],'17.13',Inactivated Polio Vaccine,1. Balance From Previous Month,85124,NA,NA,NA,NA,0,NA,NA,NA,NA,1700,NA,NA,NA,NA,6925,NA,NA,NA,NA,5130,NA,NA,NA,NA,0,NA,NA,NA,NA,0,NA,NA,NA,NA,225,NA,NA,NA,NA,7750,NA,NA,NA,NA,44,NA,NA,NA,NA,0,NA,NA,NA,NA,5150,NA,NA,NA,NA,1175,NA,NA,NA,NA,4375,NA,NA,NA,NA,11150,NA,NA,NA,NA,50,NA,NA,NA,NA,275,NA,NA,NA,NA,3275,NA,NA,NA,NA,5775,NA,NA,NA,NA,50,NA,NA,NA,NA,1000,NA,NA,NA,NA,3375,NA,NA,NA,NA,24475,NA,NA,NA,NA,0,NA,NA,NA,NA,0,NA,NA,NA,NA,0,NA,NA,NA,NA,3075,NA,NA,NA,NA,150,NA,NA,NA,NA
M17 [Vaccines],17.13',Inactivated Polio Vaccine,2. Stocks Received,108,NA,NA,NA,NA,0,NA,NA,NA,NA,0,NA,NA,NA,NA,0,NA,NA,NA,NA,0,NA,NA,NA,NA,0,NA,NA,NA,NA,0,NA,NA,NA,NA,0,NA,NA,NA,NA,0,NA,NA,NA,NA,108,NA,NA,NA,NA,0,NA,NA,NA,NA,0,NA,NA,NA,NA,0,NA,NA,NA,NA,0,NA,NA,NA,NA,0,NA,NA,NA,NA,0,NA,NA,NA,NA,0,NA,NA,NA,NA,0,NA,NA,NA,NA,0,NA,NA,NA,NA,0,NA,NA,NA,NA,0,NA,NA,NA,NA,0,NA,NA,NA,NA,0,NA,NA,NA,NA,0,NA,NA,NA,NA,0,NA,NA,NA,NA,0,NA,NA,NA,NA,0,NA,NA,NA,NA,0,NA,NA,NA,NA
M17 [Vaccines],17.13',Inactivated Polio Vaccine,3. Unusable Stock,0,NA,NA,NA,NA,0,NA,NA,NA,NA,0,NA,NA,NA,NA,0,NA,NA,NA,NA,0,NA,NA,NA,NA,0,NA,NA,NA,NA,0,NA,NA,NA,NA,0,NA,NA,NA,NA,NA,NA,NA,NA,NA,0,NA,NA,NA,NA,0,NA,NA,NA,NA,NA,NA,NA,NA,NA,0,NA,NA,NA,NA,0,NA,NA,NA,NA,0,NA,NA,NA,NA,0,NA,NA,NA,NA,0,NA,NA,NA,NA,0,NA,NA,NA,NA,0,NA,NA,NA,NA,0,NA,NA,NA,NA,NA,NA,NA,NA,NA,0,NA,NA,NA,NA,NA,NA,NA,NA,NA,0,NA,NA,NA,NA,0,NA,NA,NA,NA,0,NA,NA,NA,NA,0,NA,NA,NA,NA,NA,NA,NA,NA,NA
M17 [Vaccines],17.13',Inactivated Polio Vaccine,4. Stock Distributed,39907,NA,NA,NA,NA,0,NA,NA,NA,NA,650,NA,NA,NA,NA,400,NA,NA,NA,NA,4830,NA,NA,NA,NA,0,NA,NA,NA,NA,0,NA,NA,NA,NA,225,NA,NA,NA,NA,4575,NA,NA,NA,NA,152,NA,NA,NA,NA,0,NA,NA,NA,NA,5150,NA,NA,NA,NA,1175,NA,NA,NA,NA,4375,NA,NA,NA,NA,3600,NA,NA,NA,NA,50,NA,NA,NA,NA,275,NA,NA,NA,NA,2250,NA,NA,NA,NA,5750,NA,NA,NA,NA,50,NA,NA,NA,NA,1000,NA,NA,NA,NA,2625,NA,NA,NA,NA,NA,NA,NA,NA,NA,0,NA,NA,NA,NA,0,NA,NA,NA,NA,0,NA,NA,NA,NA,2775,NA,NA,NA,NA,0,NA,NA,NA,NA
M17 [Vaccines],17.13',Inactivated Polio Vaccine,5. Total Stock,24725,NA,NA,NA,NA,0,NA,NA,NA,NA,1050,NA,NA,NA,NA,6525,NA,NA,NA,NA,300,NA,NA,NA,NA,0,NA,NA,NA,NA,0,NA,NA,NA,NA,0,NA,NA,NA,NA,3175,NA,NA,NA,NA,0,NA,NA,NA,NA,0,NA,NA,NA,NA,0,NA,NA,NA,NA,0,NA,NA,NA,NA,0,NA,NA,NA,NA,7550,NA,NA,NA,NA,0,NA,NA,NA,NA,0,NA,NA,NA,NA,1025,NA,NA,NA,NA,25,NA,NA,NA,NA,0,NA,NA,NA,NA,0,NA,NA,NA,NA,750,NA,NA,NA,NA,3875,NA,NA,NA,NA,0,NA,NA,NA,NA,0,NA,NA,NA,NA,0,NA,NA,NA,NA,300,NA,NA,NA,NA,150,NA,NA,NA,NA
M17 [Vaccines],'17.14',Measles Rubella (MR),1. Balance From Previous Month,334034,NA,NA,NA,NA,11590,NA,NA,NA,NA,1500,NA,NA,NA,NA,11100,NA,NA,NA,NA,37950,NA,NA,NA,NA,16430,NA,NA,NA,NA,13000,NA,NA,NA,NA,9100,NA,NA,NA,NA,17500,NA,NA,NA,NA,1442,NA,NA,NA,NA,4740,NA,NA,NA,NA,8900,NA,NA,NA,NA,10800,NA,NA,NA,NA,16770,NA,NA,NA,NA,22960,NA,NA,NA,NA,22950,NA,NA,NA,NA,24500,NA,NA,NA,NA,0,NA,NA,NA,NA,26000,NA,NA,NA,NA,6550,NA,NA,NA,NA,9000,NA,NA,NA,NA,20360,NA,NA,NA,NA,16400,NA,NA,NA,NA,450,NA,NA,NA,NA,1980,NA,NA,NA,NA,1462,NA,NA,NA,NA,12900,NA,NA,NA,NA,7700,NA,NA,NA,NA
M17 [Vaccines],17.14',Measles Rubella (MR),2. Stocks Received,151200,NA,NA,NA,NA,5500,NA,NA,NA,NA,18000,NA,NA,NA,NA,4000,NA,NA,NA,NA,13500,NA,NA,NA,NA,0,NA,NA,NA,NA,0,NA,NA,NA,NA,9500,NA,NA,NA,NA,0,NA,NA,NA,NA,0,NA,NA,NA,NA,0,NA,NA,NA,NA,4400,NA,NA,NA,NA,6500,NA,NA,NA,NA,3500,NA,NA,NA,NA,6000,NA,NA,NA,NA,5000,NA,NA,NA,NA,0,NA,NA,NA,NA,0,NA,NA,NA,NA,13500,NA,NA,NA,NA,8500,NA,NA,NA,NA,14000,NA,NA,NA,NA,0,NA,NA,NA,NA,NA,NA,NA,NA,NA,13500,NA,NA,NA,NA,6000,NA,NA,NA,NA,1800,NA,NA,NA,NA,9500,NA,NA,NA,NA,8500,NA,NA,NA,NA
M17 [Vaccines],17.14',Measles Rubella (MR),3. Unusable Stock,0,NA,NA,NA,NA,0,NA,NA,NA,NA,0,NA,NA,NA,NA,0,NA,NA,NA,NA,0,NA,NA,NA,NA,0,NA,NA,NA,NA,0,NA,NA,NA,NA,0,NA,NA,NA,NA,NA,NA,NA,NA,NA,0,NA,NA,NA,NA,0,NA,NA,NA,NA,NA,NA,NA,NA,NA,0,NA,NA,NA,NA,0,NA,NA,NA,NA,0,NA,NA,NA,NA,0,NA,NA,NA,NA,0,NA,NA,NA,NA,0,NA,NA,NA,NA,0,NA,NA,NA,NA,0,NA,NA,NA,NA,NA,NA,NA,NA,NA,0,NA,NA,NA,NA,NA,NA,NA,NA,NA,0,NA,NA,NA,NA,0,NA,NA,NA,NA,0,NA,NA,NA,NA,0,NA,NA,NA,NA,NA,NA,NA,NA,NA
M17 [Vaccines],17.14',Measles Rubella (MR),4. Stock Distributed,186383,NA,NA,NA,NA,4000,NA,NA,NA,NA,13580,NA,NA,NA,NA,3700,NA,NA,NA,NA,22400,NA,NA,NA,NA,2620,NA,NA,NA,NA,10350,NA,NA,NA,NA,6100,NA,NA,NA,NA,12800,NA,NA,NA,NA,726,NA,NA,NA,NA,970,NA,NA,NA,NA,5900,NA,NA,NA,NA,9200,NA,NA,NA,NA,8990,NA,NA,NA,NA,6250,NA,NA,NA,NA,6400,NA,NA,NA,NA,7150,NA,NA,NA,NA,0,NA,NA,NA,NA,12500,NA,NA,NA,NA,4000,NA,NA,NA,NA,7300,NA,NA,NA,NA,6780,NA,NA,NA,NA,NA,NA,NA,NA,NA,10700,NA,NA,NA,NA,7960,NA,NA,NA,NA,1557,NA,NA,NA,NA,9450,NA,NA,NA,NA,5000,NA,NA,NA,NA
M17 [Vaccines],17.14',Measles Rubella (MR),5. Total Stock,335711,NA,NA,NA,NA,13090,NA,NA,NA,NA,5920,NA,NA,NA,NA,11400,NA,NA,NA,NA,29050,NA,NA,NA,NA,13810,NA,NA,NA,NA,2650,NA,NA,NA,NA,12500,NA,NA,NA,NA,4700,NA,NA,NA,NA,716,NA,NA,NA,NA,3770,NA,NA,NA,NA,7400,NA,NA,NA,NA,8100,NA,NA,NA,NA,11280,NA,NA,NA,NA,22710,NA,NA,NA,NA,21580,NA,NA,NA,NA,17350,NA,NA,NA,NA,0,NA,NA,NA,NA,27000,NA,NA,NA,NA,11050,NA,NA,NA,NA,15700,NA,NA,NA,NA,13580,NA,NA,NA,NA,53230,NA,NA,NA,NA,3250,NA,NA,NA,NA,20,NA,NA,NA,NA,1705,NA,NA,NA,NA,12950,NA,NA,NA,NA,11200,NA,NA,NA,NA
M18 [Family Planning],'18.1',IUD 380 A,1. Balance From Previous Month,7218,NA,NA,NA,NA,0,NA,NA,NA,NA,0,NA,NA,NA,NA,100,NA,NA,NA,NA,1000,NA,NA,NA,NA,50,NA,NA,NA,NA,0,NA,NA,NA,NA,0,NA,NA,NA,NA,NA,NA,NA,NA,NA,0,NA,NA,NA,NA,500,NA,NA,NA,NA,0,NA,NA,NA,NA,700,NA,NA,NA,NA,0,NA,NA,NA,NA,63,NA,NA,NA,NA,NA,NA,NA,NA,NA,0,NA,NA,NA,NA,850,NA,NA,NA,NA,2200,NA,NA,NA,NA,530,NA,NA,NA,NA,0,NA,NA,NA,NA,0,NA,NA,NA,NA,0,NA,NA,NA,NA,700,NA,NA,NA,NA,0,NA,NA,NA,NA,0,NA,NA,NA,NA,425,NA,NA,NA,NA,100,NA,NA,NA,NA
M18 [Family Planning],18.1',IUD 380 A,2. Stocks Received,7558,NA,NA,NA,NA,0,NA,NA,NA,NA,500,NA,NA,NA,NA,500,NA,NA,NA,NA,1000,NA,NA,NA,NA,750,NA,NA,NA,NA,500,NA,NA,NA,NA,0,NA,NA,NA,NA,1000,NA,NA,NA,NA,0,NA,NA,NA,NA,0,NA,NA,NA,NA,0,NA,NA,NA,NA,0,NA,NA,NA,NA,0,NA,NA,NA,NA,648,NA,NA,NA,NA,NA,NA,NA,NA,NA,0,NA,NA,NA,NA,0,NA,NA,NA,NA,1000,NA,NA,NA,NA,0,NA,NA,NA,NA,360,NA,NA,NA,NA,0,NA,NA,NA,NA,NA,NA,NA,NA,NA,0,NA,NA,NA,NA,0,NA,NA,NA,NA,500,NA,NA,NA,NA,800,NA,NA,NA,NA,0,NA,NA,NA,NA
M18 [Family Planning],18.1',IUD 380 A,3. Unusable Stock,0,NA,NA,NA,NA,0,NA,NA,NA,NA,0,NA,NA,NA,NA,0,NA,NA,NA,NA,0,NA,NA,NA,NA,0,NA,NA,NA,NA,0,NA,NA,NA,NA,0,NA,NA,NA,NA,NA,NA,NA,NA,NA,0,NA,NA,NA,NA,0,NA,NA,NA,NA,NA,NA,NA,NA,NA,0,NA,NA,NA,NA,0,NA,NA,NA,NA,NA,NA,NA,NA,NA,NA,NA,NA,NA,NA,0,NA,NA,NA,NA,0,NA,NA,NA,NA,0,NA,NA,NA,NA,0,NA,NA,NA,NA,0,NA,NA,NA,NA,0,NA,NA,NA,NA,NA,NA,NA,NA,NA,0,NA,NA,NA,NA,0,NA,NA,NA,NA,0,NA,NA,NA,NA,0,NA,NA,NA,NA,0,NA,NA,NA,NA
M18 [Family Planning],18.1',IUD 380 A,4. Stock Distributed,5135,NA,NA,NA,NA,0,NA,NA,NA,NA,0,NA,NA,NA,NA,0,NA,NA,NA,NA,150,NA,NA,NA,NA,550,NA,NA,NA,NA,500,NA,NA,NA,NA,0,NA,NA,NA,NA,970,NA,NA,NA,NA,0,NA,NA,NA,NA,100,NA,NA,NA,NA,0,NA,NA,NA,NA,190,NA,NA,NA,NA,0,NA,NA,NA,NA,400,NA,NA,NA,NA,NA,NA,NA,NA,NA,0,NA,NA,NA,NA,25,NA,NA,NA,NA,850,NA,NA,NA,NA,320,NA,NA,NA,NA,200,NA,NA,NA,NA,0,NA,NA,NA,NA,NA,NA,NA,NA,NA,0,NA,NA,NA,NA,0,NA,NA,NA,NA,500,NA,NA,NA,NA,280,NA,NA,NA,NA,100,NA,NA,NA,NA
M18 [Family Planning],18.1',IUD 380 A,5. Total Stock,9641,NA,NA,NA,NA,0,NA,NA,NA,NA,500,NA,NA,NA,NA,600,NA,NA,NA,NA,1850,NA,NA,NA,NA,250,NA,NA,NA,NA,0,NA,NA,NA,NA,0,NA,NA,NA,NA,30,NA,NA,NA,NA,0,NA,NA,NA,NA,400,NA,NA,NA,NA,0,NA,NA,NA,NA,510,NA,NA,NA,NA,0,NA,NA,NA,NA,311,NA,NA,NA,NA,0,NA,NA,NA,NA,0,NA,NA,NA,NA,825,NA,NA,NA,NA,2350,NA,NA,NA,NA,210,NA,NA,NA,NA,160,NA,NA,NA,NA,0,NA,NA,NA,NA,0,NA,NA,NA,NA,700,NA,NA,NA,NA,0,NA,NA,NA,NA,0,NA,NA,NA,NA,945,NA,NA,NA,NA,0,NA,NA,NA,NA
M18 [Family Planning],'18.2',IUD 375 A,1. Balance From Previous Month,17969,NA,NA,NA,NA,2075,NA,NA,NA,NA,350,NA,NA,NA,NA,1400,NA,NA,NA,NA,2089,NA,NA,NA,NA,600,NA,NA,NA,NA,1000,NA,NA,NA,NA,1050,NA,NA,NA,NA,NA,NA,NA,NA,NA,100,NA,NA,NA,NA,1100,NA,NA,NA,NA,0,NA,NA,NA,NA,2500,NA,NA,NA,NA,0,NA,NA,NA,NA,10,NA,NA,NA,NA,NA,NA,NA,NA,NA,0,NA,NA,NA,NA,2000,NA,NA,NA,NA,850,NA,NA,NA,NA,1130,NA,NA,NA,NA,400,NA,NA,NA,NA,0,NA,NA,NA,NA,0,NA,NA,NA,NA,300,NA,NA,NA,NA,0,NA,NA,NA,NA,60,NA,NA,NA,NA,855,NA,NA,NA,NA,100,NA,NA,NA,NA
M18 [Family Planning],18.2',IUD 375 A,2. Stocks Received,17708,NA,NA,NA,NA,0,NA,NA,NA,NA,1500,NA,NA,NA,NA,1500,NA,NA,NA,NA,1000,NA,NA,NA,NA,750,NA,NA,NA,NA,1500,NA,NA,NA,NA,0,NA,NA,NA,NA,4000,NA,NA,NA,NA,1000,NA,NA,NA,NA,0,NA,NA,NA,NA,0,NA,NA,NA,NA,0,NA,NA,NA,NA,0,NA,NA,NA,NA,1458,NA,NA,NA,NA,NA,NA,NA,NA,NA,0,NA,NA,NA,NA,0,NA,NA,NA,NA,1500,NA,NA,NA,NA,0,NA,NA,NA,NA,0,NA,NA,NA,NA,1000,NA,NA,NA,NA,NA,NA,NA,NA,NA,0,NA,NA,NA,NA,0,NA,NA,NA,NA,1500,NA,NA,NA,NA,1000,NA,NA,NA,NA,0,NA,NA,NA,NA
M18 [Family Planning],18.2',IUD 375 A,3. Unusable Stock,0,NA,NA,NA,NA,0,NA,NA,NA,NA,0,NA,NA,NA,NA,0,NA,NA,NA,NA,0,NA,NA,NA,NA,0,NA,NA,NA,NA,0,NA,NA,NA,NA,0,NA,NA,NA,NA,NA,NA,NA,NA,NA,0,NA,NA,NA,NA,0,NA,NA,NA,NA,NA,NA,NA,NA,NA,0,NA,NA,NA,NA,0,NA,NA,NA,NA,NA,NA,NA,NA,NA,NA,NA,NA,NA,NA,0,NA,NA,NA,NA,0,NA,NA,NA,NA,0,NA,NA,NA,NA,0,NA,NA,NA,NA,0,NA,NA,NA,NA,0,NA,NA,NA,NA,NA,NA,NA,NA,NA,0,NA,NA,NA,NA,0,NA,NA,NA,NA,0,NA,NA,NA,NA,0,NA,NA,NA,NA,0,NA,NA,NA,NA
M18 [Family Planning],18.2',IUD 375 A,4. Stock Distributed,14172,NA,NA,NA,NA,2075,NA,NA,NA,NA,200,NA,NA,NA,NA,800,NA,NA,NA,NA,200,NA,NA,NA,NA,750,NA,NA,NA,NA,1550,NA,NA,NA,NA,100,NA,NA,NA,NA,2180,NA,NA,NA,NA,600,NA,NA,NA,NA,100,NA,NA,NA,NA,0,NA,NA,NA,NA,945,NA,NA,NA,NA,0,NA,NA,NA,NA,432,NA,NA,NA,NA,NA,NA,NA,NA,NA,0,NA,NA,NA,NA,60,NA,NA,NA,NA,650,NA,NA,NA,NA,130,NA,NA,NA,NA,400,NA,NA,NA,NA,1000,NA,NA,NA,NA,NA,NA,NA,NA,NA,0,NA,NA,NA,NA,0,NA,NA,NA,NA,1560,NA,NA,NA,NA,340,NA,NA,NA,NA,100,NA,NA,NA,NA
M18 [Family Planning],18.2',IUD 375 A,5. Total Stock,21505,NA,NA,NA,NA,0,NA,NA,NA,NA,1650,NA,NA,NA,NA,2100,NA,NA,NA,NA,2889,NA,NA,NA,NA,600,NA,NA,NA,NA,950,NA,NA,NA,NA,950,NA,NA,NA,NA,1820,NA,NA,NA,NA,500,NA,NA,NA,NA,1000,NA,NA,NA,NA,0,NA,NA,NA,NA,1555,NA,NA,NA,NA,0,NA,NA,NA,NA,1036,NA,NA,NA,NA,0,NA,NA,NA,NA,0,NA,NA,NA,NA,1940,NA,NA,NA,NA,1700,NA,NA,NA,NA,1000,NA,NA,NA,NA,0,NA,NA,NA,NA,0,NA,NA,NA,NA,0,NA,NA,NA,NA,300,NA,NA,NA,NA,0,NA,NA,NA,NA,0,NA,NA,NA,NA,1515,NA,NA,NA,NA,0,NA,NA,NA,NA
M18 [Family Planning],'18.3',Condoms,1. Balance From Previous Month,1718309,NA,NA,NA,NA,20800,NA,NA,NA,NA,34728,NA,NA,NA,NA,140750,NA,NA,NA,NA,60772,NA,NA,NA,NA,64000,NA,NA,NA,NA,0,NA,NA,NA,NA,66520,NA,NA,NA,NA,NA,NA,NA,NA,NA,56350,NA,NA,NA,NA,229940,NA,NA,NA,NA,0,NA,NA,NA,NA,89048,NA,NA,NA,NA,9500,NA,NA,NA,NA,29350,NA,NA,NA,NA,NA,NA,NA,NA,NA,0,NA,NA,NA,NA,255795,NA,NA,NA,NA,68700,NA,NA,NA,NA,12500,NA,NA,NA,NA,0,NA,NA,NA,NA,0,NA,NA,NA,NA,0,NA,NA,NA,NA,74700,NA,NA,NA,NA,101570,NA,NA,NA,NA,320330,NA,NA,NA,NA,82956,NA,NA,NA,NA,0,NA,NA,NA,NA
M18 [Family Planning],18.3',Condoms,2. Stocks Received,566462,NA,NA,NA,NA,0,NA,NA,NA,NA,0,NA,NA,NA,NA,50000,NA,NA,NA,NA,43162,NA,NA,NA,NA,50000,NA,NA,NA,NA,50000,NA,NA,NA,NA,0,NA,NA,NA,NA,40000,NA,NA,NA,NA,10000,NA,NA,NA,NA,0,NA,NA,NA,NA,20000,NA,NA,NA,NA,0,NA,NA,NA,NA,0,NA,NA,NA,NA,20000,NA,NA,NA,NA,NA,NA,NA,NA,NA,0,NA,NA,NA,NA,0,NA,NA,NA,NA,124840,NA,NA,NA,NA,0,NA,NA,NA,NA,90000,NA,NA,NA,NA,20000,NA,NA,NA,NA,NA,NA,NA,NA,NA,0,NA,NA,NA,NA,0,NA,NA,NA,NA,0,NA,NA,NA,NA,48460,NA,NA,NA,NA,0,NA,NA,NA,NA
M18 [Family Planning],18.3',Condoms,3. Unusable Stock,94790,NA,NA,NA,NA,0,NA,NA,NA,NA,0,NA,NA,NA,NA,94790,NA,NA,NA,NA,0,NA,NA,NA,NA,0,NA,NA,NA,NA,0,NA,NA,NA,NA,0,NA,NA,NA,NA,NA,NA,NA,NA,NA,0,NA,NA,NA,NA,0,NA,NA,NA,NA,NA,NA,NA,NA,NA,0,NA,NA,NA,NA,0,NA,NA,NA,NA,NA,NA,NA,NA,NA,NA,NA,NA,NA,NA,0,NA,NA,NA,NA,0,NA,NA,NA,NA,0,NA,NA,NA,NA,0,NA,NA,NA,NA,0,NA,NA,NA,NA,0,NA,NA,NA,NA,NA,NA,NA,NA,NA,0,NA,NA,NA,NA,0,NA,NA,NA,NA,0,NA,NA,NA,NA,0,NA,NA,NA,NA,0,NA,NA,NA,NA
M18 [Family Planning],18.3',Condoms,4. Stock Distributed,644489,NA,NA,NA,NA,20800,NA,NA,NA,NA,0,NA,NA,NA,NA,44460,NA,NA,NA,NA,37150,NA,NA,NA,NA,37300,NA,NA,NA,NA,14160,NA,NA,NA,NA,5520,NA,NA,NA,NA,32000,NA,NA,NA,NA,36150,NA,NA,NA,NA,81380,NA,NA,NA,NA,20000,NA,NA,NA,NA,30320,NA,NA,NA,NA,9500,NA,NA,NA,NA,15000,NA,NA,NA,NA,NA,NA,NA,NA,NA,0,NA,NA,NA,NA,29160,NA,NA,NA,NA,94430,NA,NA,NA,NA,10000,NA,NA,NA,NA,6600,NA,NA,NA,NA,20000,NA,NA,NA,NA,NA,NA,NA,NA,NA,0,NA,NA,NA,NA,17549,NA,NA,NA,NA,40990,NA,NA,NA,NA,42020,NA,NA,NA,NA,0,NA,NA,NA,NA
M18 [Family Planning],18.3',Condoms,5. Total Stock,1545492,NA,NA,NA,NA,0,NA,NA,NA,NA,34728,NA,NA,NA,NA,51500,NA,NA,NA,NA,66784,NA,NA,NA,NA,76700,NA,NA,NA,NA,35840,NA,NA,NA,NA,61000,NA,NA,NA,NA,8000,NA,NA,NA,NA,30200,NA,NA,NA,NA,148560,NA,NA,NA,NA,0,NA,NA,NA,NA,58728,NA,NA,NA,NA,0,NA,NA,NA,NA,34350,NA,NA,NA,NA,0,NA,NA,NA,NA,0,NA,NA,NA,NA,226635,NA,NA,NA,NA,99110,NA,NA,NA,NA,2500,NA,NA,NA,NA,83400,NA,NA,NA,NA,0,NA,NA,NA,NA,0,NA,NA,NA,NA,74700,NA,NA,NA,NA,84021,NA,NA,NA,NA,279340,NA,NA,NA,NA,89396,NA,NA,NA,NA,0,NA,NA,NA,NA
M18 [Family Planning],'18.4',Oral Contraceptive,1. Balance From Previous Month,78541,NA,NA,NA,NA,0,NA,NA,NA,NA,0,NA,NA,NA,NA,11600,NA,NA,NA,NA,0,NA,NA,NA,NA,0,NA,NA,NA,NA,0,NA,NA,NA,NA,0,NA,NA,NA,NA,NA,NA,NA,NA,NA,5400,NA,NA,NA,NA,1310,NA,NA,NA,NA,0,NA,NA,NA,NA,9800,NA,NA,NA,NA,0,NA,NA,NA,NA,500,NA,NA,NA,NA,NA,NA,NA,NA,NA,0,NA,NA,NA,NA,5170,NA,NA,NA,NA,2400,NA,NA,NA,NA,0,NA,NA,NA,NA,15000,NA,NA,NA,NA,0,NA,NA,NA,NA,0,NA,NA,NA,NA,3761,NA,NA,NA,NA,17400,NA,NA,NA,NA,0,NA,NA,NA,NA,6200,NA,NA,NA,NA,0,NA,NA,NA,NA
M18 [Family Planning],18.4',Oral Contraceptive,2. Stocks Received,30100,NA,NA,NA,NA,0,NA,NA,NA,NA,0,NA,NA,NA,NA,0,NA,NA,NA,NA,15000,NA,NA,NA,NA,500,NA,NA,NA,NA,500,NA,NA,NA,NA,0,NA,NA,NA,NA,0,NA,NA,NA,NA,0,NA,NA,NA,NA,500,NA,NA,NA,NA,1000,NA,NA,NA,NA,0,NA,NA,NA,NA,0,NA,NA,NA,NA,600,NA,NA,NA,NA,NA,NA,NA,NA,NA,0,NA,NA,NA,NA,0,NA,NA,NA,NA,12000,NA,NA,NA,NA,0,NA,NA,NA,NA,0,NA,NA,NA,NA,0,NA,NA,NA,NA,NA,NA,NA,NA,NA,0,NA,NA,NA,NA,0,NA,NA,NA,NA,0,NA,NA,NA,NA,0,NA,NA,NA,NA,0,NA,NA,NA,NA
M18 [Family Planning],18.4',Oral Contraceptive,3. Unusable Stock,0,NA,NA,NA,NA,0,NA,NA,NA,NA,0,NA,NA,NA,NA,0,NA,NA,NA,NA,0,NA,NA,NA,NA,0,NA,NA,NA,NA,0,NA,NA,NA,NA,0,NA,NA,NA,NA,NA,NA,NA,NA,NA,0,NA,NA,NA,NA,0,NA,NA,NA,NA,NA,NA,NA,NA,NA,0,NA,NA,NA,NA,0,NA,NA,NA,NA,NA,NA,NA,NA,NA,NA,NA,NA,NA,NA,0,NA,NA,NA,NA,0,NA,NA,NA,NA,0,NA,NA,NA,NA,0,NA,NA,NA,NA,0,NA,NA,NA,NA,0,NA,NA,NA,NA,NA,NA,NA,NA,NA,0,NA,NA,NA,NA,0,NA,NA,NA,NA,0,NA,NA,NA,NA,0,NA,NA,NA,NA,0,NA,NA,NA,NA
M18 [Family Planning],18.4',Oral Contraceptive,4. Stock Distributed,40519,NA,NA,NA,NA,0,NA,NA,NA,NA,0,NA,NA,NA,NA,6400,NA,NA,NA,NA,4400,NA,NA,NA,NA,500,NA,NA,NA,NA,500,NA,NA,NA,NA,0,NA,NA,NA,NA,0,NA,NA,NA,NA,0,NA,NA,NA,NA,800,NA,NA,NA,NA,1000,NA,NA,NA,NA,1719,NA,NA,NA,NA,0,NA,NA,NA,NA,1000,NA,NA,NA,NA,NA,NA,NA,NA,NA,0,NA,NA,NA,NA,100,NA,NA,NA,NA,5700,NA,NA,NA,NA,0,NA,NA,NA,NA,7000,NA,NA,NA,NA,0,NA,NA,NA,NA,NA,NA,NA,NA,NA,0,NA,NA,NA,NA,7700,NA,NA,NA,NA,0,NA,NA,NA,NA,3700,NA,NA,NA,NA,0,NA,NA,NA,NA
M18 [Family Planning],18.4',Oral Contraceptive,5. Total Stock,68122,NA,NA,NA,NA,0,NA,NA,NA,NA,0,NA,NA,NA,NA,5200,NA,NA,NA,NA,10600,NA,NA,NA,NA,0,NA,NA,NA,NA,0,NA,NA,NA,NA,0,NA,NA,NA,NA,0,NA,NA,NA,NA,5400,NA,NA,NA,NA,1010,NA,NA,NA,NA,0,NA,NA,NA,NA,8081,NA,NA,NA,NA,0,NA,NA,NA,NA,100,NA,NA,NA,NA,0,NA,NA,NA,NA,0,NA,NA,NA,NA,5070,NA,NA,NA,NA,8700,NA,NA,NA,NA,0,NA,NA,NA,NA,8000,NA,NA,NA,NA,0,NA,NA,NA,NA,0,NA,NA,NA,NA,3761,NA,NA,NA,NA,9700,NA,NA,NA,NA,0,NA,NA,NA,NA,2500,NA,NA,NA,NA,0,NA,NA,NA,NA
M18 [Family Planning],'18.5',Emergency Contraceptive Pills,1. Balance From Previous Month,57420,NA,NA,NA,NA,0,NA,NA,NA,NA,0,NA,NA,NA,NA,3900,NA,NA,NA,NA,4700,NA,NA,NA,NA,3100,NA,NA,NA,NA,2400,NA,NA,NA,NA,482,NA,NA,NA,NA,NA,NA,NA,NA,NA,0,NA,NA,NA,NA,4700,NA,NA,NA,NA,0,NA,NA,NA,NA,880,NA,NA,NA,NA,0,NA,NA,NA,NA,1650,NA,NA,NA,NA,NA,NA,NA,NA,NA,0,NA,NA,NA,NA,1702,NA,NA,NA,NA,0,NA,NA,NA,NA,200,NA,NA,NA,NA,1800,NA,NA,NA,NA,0,NA,NA,NA,NA,0,NA,NA,NA,NA,4076,NA,NA,NA,NA,2900,NA,NA,NA,NA,900,NA,NA,NA,NA,24030,NA,NA,NA,NA,0,NA,NA,NA,NA
M18 [Family Planning],18.5',Emergency Contraceptive Pills,2. Stocks Received,53478,NA,NA,NA,NA,0,NA,NA,NA,NA,1000,NA,NA,NA,NA,2000,NA,NA,NA,NA,3200,NA,NA,NA,NA,0,NA,NA,NA,NA,1800,NA,NA,NA,NA,0,NA,NA,NA,NA,3500,NA,NA,NA,NA,0,NA,NA,NA,NA,0,NA,NA,NA,NA,6000,NA,NA,NA,NA,0,NA,NA,NA,NA,0,NA,NA,NA,NA,878,NA,NA,NA,NA,NA,NA,NA,NA,NA,0,NA,NA,NA,NA,0,NA,NA,NA,NA,30000,NA,NA,NA,NA,0,NA,NA,NA,NA,0,NA,NA,NA,NA,3000,NA,NA,NA,NA,NA,NA,NA,NA,NA,0,NA,NA,NA,NA,0,NA,NA,NA,NA,1000,NA,NA,NA,NA,1100,NA,NA,NA,NA,0,NA,NA,NA,NA
M18 [Family Planning],18.5',Emergency Contraceptive Pills,3. Unusable Stock,0,NA,NA,NA,NA,0,NA,NA,NA,NA,0,NA,NA,NA,NA,0,NA,NA,NA,NA,0,NA,NA,NA,NA,0,NA,NA,NA,NA,0,NA,NA,NA,NA,0,NA,NA,NA,NA,NA,NA,NA,NA,NA,0,NA,NA,NA,NA,0,NA,NA,NA,NA,NA,NA,NA,NA,NA,0,NA,NA,NA,NA,0,NA,NA,NA,NA,NA,NA,NA,NA,NA,NA,NA,NA,NA,NA,0,NA,NA,NA,NA,0,NA,NA,NA,NA,0,NA,NA,NA,NA,0,NA,NA,NA,NA,0,NA,NA,NA,NA,0,NA,NA,NA,NA,NA,NA,NA,NA,NA,0,NA,NA,NA,NA,0,NA,NA,NA,NA,0,NA,NA,NA,NA,0,NA,NA,NA,NA,0,NA,NA,NA,NA
M18 [Family Planning],18.5',Emergency Contraceptive Pills,4. Stock Distributed,30810,NA,NA,NA,NA,0,NA,NA,NA,NA,0,NA,NA,NA,NA,3900,NA,NA,NA,NA,2800,NA,NA,NA,NA,3000,NA,NA,NA,NA,1500,NA,NA,NA,NA,100,NA,NA,NA,NA,2200,NA,NA,NA,NA,0,NA,NA,NA,NA,400,NA,NA,NA,NA,6000,NA,NA,NA,NA,0,NA,NA,NA,NA,0,NA,NA,NA,NA,300,NA,NA,NA,NA,NA,NA,NA,NA,NA,0,NA,NA,NA,NA,1700,NA,NA,NA,NA,1830,NA,NA,NA,NA,0,NA,NA,NA,NA,1300,NA,NA,NA,NA,3000,NA,NA,NA,NA,NA,NA,NA,NA,NA,0,NA,NA,NA,NA,330,NA,NA,NA,NA,1000,NA,NA,NA,NA,1450,NA,NA,NA,NA,0,NA,NA,NA,NA
M18 [Family Planning],18.5',Emergency Contraceptive Pills,5. Total Stock,80088,NA,NA,NA,NA,0,NA,NA,NA,NA,1000,NA,NA,NA,NA,2000,NA,NA,NA,NA,5100,NA,NA,NA,NA,100,NA,NA,NA,NA,2700,NA,NA,NA,NA,382,NA,NA,NA,NA,1300,NA,NA,NA,NA,0,NA,NA,NA,NA,4300,NA,NA,NA,NA,0,NA,NA,NA,NA,880,NA,NA,NA,NA,0,NA,NA,NA,NA,2228,NA,NA,NA,NA,0,NA,NA,NA,NA,0,NA,NA,NA,NA,2,NA,NA,NA,NA,28170,NA,NA,NA,NA,200,NA,NA,NA,NA,500,NA,NA,NA,NA,0,NA,NA,NA,NA,0,NA,NA,NA,NA,4076,NA,NA,NA,NA,2570,NA,NA,NA,NA,900,NA,NA,NA,NA,23680,NA,NA,NA,NA,0,NA,NA,NA,NA
M18 [Family Planning],'18.6',Centchroman weekly pills,1. Balance From Previous Month,17910,NA,NA,NA,NA,0,NA,NA,NA,NA,0,NA,NA,NA,NA,2000,NA,NA,NA,NA,1600,NA,NA,NA,NA,500,NA,NA,NA,NA,0,NA,NA,NA,NA,100,NA,NA,NA,NA,NA,NA,NA,NA,NA,0,NA,NA,NA,NA,150,NA,NA,NA,NA,0,NA,NA,NA,NA,3800,NA,NA,NA,NA,0,NA,NA,NA,NA,NA,NA,NA,NA,NA,NA,NA,NA,NA,NA,0,NA,NA,NA,NA,600,NA,NA,NA,NA,2200,NA,NA,NA,NA,30,NA,NA,NA,NA,0,NA,NA,NA,NA,0,NA,NA,NA,NA,0,NA,NA,NA,NA,100,NA,NA,NA,NA,0,NA,NA,NA,NA,0,NA,NA,NA,NA,6830,NA,NA,NA,NA,0,NA,NA,NA,NA
M18 [Family Planning],18.6',Centchroman weekly pills,2. Stocks Received,32560,NA,NA,NA,NA,200,NA,NA,NA,NA,0,NA,NA,NA,NA,0,NA,NA,NA,NA,600,NA,NA,NA,NA,0,NA,NA,NA,NA,500,NA,NA,NA,NA,0,NA,NA,NA,NA,0,NA,NA,NA,NA,0,NA,NA,NA,NA,0,NA,NA,NA,NA,500,NA,NA,NA,NA,0,NA,NA,NA,NA,0,NA,NA,NA,NA,30000,NA,NA,NA,NA,NA,NA,NA,NA,NA,0,NA,NA,NA,NA,0,NA,NA,NA,NA,600,NA,NA,NA,NA,0,NA,NA,NA,NA,160,NA,NA,NA,NA,0,NA,NA,NA,NA,NA,NA,NA,NA,NA,0,NA,NA,NA,NA,0,NA,NA,NA,NA,0,NA,NA,NA,NA,0,NA,NA,NA,NA,0,NA,NA,NA,NA
M18 [Family Planning],18.6',Centchroman weekly pills,3. Unusable Stock,100,NA,NA,NA,NA,0,NA,NA,NA,NA,0,NA,NA,NA,NA,0,NA,NA,NA,NA,0,NA,NA,NA,NA,0,NA,NA,NA,NA,0,NA,NA,NA,NA,0,NA,NA,NA,NA,NA,NA,NA,NA,NA,0,NA,NA,NA,NA,0,NA,NA,NA,NA,NA,NA,NA,NA,NA,0,NA,NA,NA,NA,0,NA,NA,NA,NA,NA,NA,NA,NA,NA,NA,NA,NA,NA,NA,0,NA,NA,NA,NA,0,NA,NA,NA,NA,0,NA,NA,NA,NA,0,NA,NA,NA,NA,100,NA,NA,NA,NA,0,NA,NA,NA,NA,NA,NA,NA,NA,NA,0,NA,NA,NA,NA,0,NA,NA,NA,NA,0,NA,NA,NA,NA,0,NA,NA,NA,NA,0,NA,NA,NA,NA
M18 [Family Planning],18.6',Centchroman weekly pills,4. Stock Distributed,30667,NA,NA,NA,NA,200,NA,NA,NA,NA,0,NA,NA,NA,NA,2000,NA,NA,NA,NA,2200,NA,NA,NA,NA,0,NA,NA,NA,NA,200,NA,NA,NA,NA,0,NA,NA,NA,NA,0,NA,NA,NA,NA,0,NA,NA,NA,NA,0,NA,NA,NA,NA,500,NA,NA,NA,NA,720,NA,NA,NA,NA,0,NA,NA,NA,NA,19437,NA,NA,NA,NA,NA,NA,NA,NA,NA,0,NA,NA,NA,NA,20,NA,NA,NA,NA,2120,NA,NA,NA,NA,0,NA,NA,NA,NA,0,NA,NA,NA,NA,0,NA,NA,NA,NA,NA,NA,NA,NA,NA,0,NA,NA,NA,NA,0,NA,NA,NA,NA,0,NA,NA,NA,NA,3270,NA,NA,NA,NA,0,NA,NA,NA,NA
M18 [Family Planning],18.6',Centchroman weekly pills,5. Total Stock,19703,NA,NA,NA,NA,0,NA,NA,NA,NA,0,NA,NA,NA,NA,0,NA,NA,NA,NA,0,NA,NA,NA,NA,500,NA,NA,NA,NA,300,NA,NA,NA,NA,100,NA,NA,NA,NA,0,NA,NA,NA,NA,0,NA,NA,NA,NA,150,NA,NA,NA,NA,0,NA,NA,NA,NA,3080,NA,NA,NA,NA,0,NA,NA,NA,NA,10563,NA,NA,NA,NA,NA,NA,NA,NA,NA,0,NA,NA,NA,NA,580,NA,NA,NA,NA,680,NA,NA,NA,NA,30,NA,NA,NA,NA,60,NA,NA,NA,NA,0,NA,NA,NA,NA,0,NA,NA,NA,NA,100,NA,NA,NA,NA,0,NA,NA,NA,NA,0,NA,NA,NA,NA,3560,NA,NA,NA,NA,0,NA,NA,NA,NA
M18 [Family Planning],'18.7',Injectable Contraceptive MPA (Vials),1. Balance From Previous Month,21358,NA,NA,NA,NA,350,NA,NA,NA,NA,0,NA,NA,NA,NA,5145,NA,NA,NA,NA,1842,NA,NA,NA,NA,64,NA,NA,NA,NA,0,NA,NA,NA,NA,1167,NA,NA,NA,NA,NA,NA,NA,NA,NA,1968,NA,NA,NA,NA,0,NA,NA,NA,NA,0,NA,NA,NA,NA,3944,NA,NA,NA,NA,0,NA,NA,NA,NA,1500,NA,NA,NA,NA,NA,NA,NA,NA,NA,0,NA,NA,NA,NA,100,NA,NA,NA,NA,853,NA,NA,NA,NA,150,NA,NA,NA,NA,0,NA,NA,NA,NA,0,NA,NA,NA,NA,0,NA,NA,NA,NA,700,NA,NA,NA,NA,0,NA,NA,NA,NA,1634,NA,NA,NA,NA,1916,NA,NA,NA,NA,25,NA,NA,NA,NA
M18 [Family Planning],18.7',Injectable Contraceptive MPA (Vials),2. Stocks Received,1000,NA,NA,NA,NA,0,NA,NA,NA,NA,0,NA,NA,NA,NA,0,NA,NA,NA,NA,0,NA,NA,NA,NA,0,NA,NA,NA,NA,0,NA,NA,NA,NA,0,NA,NA,NA,NA,0,NA,NA,NA,NA,0,NA,NA,NA,NA,0,NA,NA,NA,NA,0,NA,NA,NA,NA,0,NA,NA,NA,NA,0,NA,NA,NA,NA,NA,NA,NA,NA,NA,NA,NA,NA,NA,NA,0,NA,NA,NA,NA,0,NA,NA,NA,NA,1000,NA,NA,NA,NA,0,NA,NA,NA,NA,0,NA,NA,NA,NA,0,NA,NA,NA,NA,NA,NA,NA,NA,NA,0,NA,NA,NA,NA,0,NA,NA,NA,NA,0,NA,NA,NA,NA,0,NA,NA,NA,NA,0,NA,NA,NA,NA
M18 [Family Planning],18.7',Injectable Contraceptive MPA (Vials),3. Unusable Stock,0,NA,NA,NA,NA,0,NA,NA,NA,NA,0,NA,NA,NA,NA,0,NA,NA,NA,NA,0,NA,NA,NA,NA,0,NA,NA,NA,NA,0,NA,NA,NA,NA,0,NA,NA,NA,NA,NA,NA,NA,NA,NA,0,NA,NA,NA,NA,0,NA,NA,NA,NA,NA,NA,NA,NA,NA,0,NA,NA,NA,NA,0,NA,NA,NA,NA,NA,NA,NA,NA,NA,NA,NA,NA,NA,NA,0,NA,NA,NA,NA,0,NA,NA,NA,NA,0,NA,NA,NA,NA,0,NA,NA,NA,NA,0,NA,NA,NA,NA,0,NA,NA,NA,NA,NA,NA,NA,NA,NA,0,NA,NA,NA,NA,0,NA,NA,NA,NA,0,NA,NA,NA,NA,0,NA,NA,NA,NA,0,NA,NA,NA,NA
M18 [Family Planning],18.7',Injectable Contraceptive MPA (Vials),4. Stock Distributed,6197,NA,NA,NA,NA,350,NA,NA,NA,NA,0,NA,NA,NA,NA,0,NA,NA,NA,NA,380,NA,NA,NA,NA,0,NA,NA,NA,NA,0,NA,NA,NA,NA,0,NA,NA,NA,NA,0,NA,NA,NA,NA,1000,NA,NA,NA,NA,0,NA,NA,NA,NA,0,NA,NA,NA,NA,882,NA,NA,NA,NA,0,NA,NA,NA,NA,1000,NA,NA,NA,NA,NA,NA,NA,NA,NA,0,NA,NA,NA,NA,100,NA,NA,NA,NA,1524,NA,NA,NA,NA,0,NA,NA,NA,NA,0,NA,NA,NA,NA,0,NA,NA,NA,NA,NA,NA,NA,NA,NA,0,NA,NA,NA,NA,0,NA,NA,NA,NA,800,NA,NA,NA,NA,136,NA,NA,NA,NA,25,NA,NA,NA,NA
M18 [Family Planning],18.7',Injectable Contraceptive MPA (Vials),5. Total Stock,16161,NA,NA,NA,NA,0,NA,NA,NA,NA,0,NA,NA,NA,NA,5145,NA,NA,NA,NA,1462,NA,NA,NA,NA,64,NA,NA,NA,NA,0,NA,NA,NA,NA,1167,NA,NA,NA,NA,0,NA,NA,NA,NA,968,NA,NA,NA,NA,0,NA,NA,NA,NA,0,NA,NA,NA,NA,3062,NA,NA,NA,NA,0,NA,NA,NA,NA,500,NA,NA,NA,NA,NA,NA,NA,NA,NA,0,NA,NA,NA,NA,0,NA,NA,NA,NA,329,NA,NA,NA,NA,150,NA,NA,NA,NA,0,NA,NA,NA,NA,0,NA,NA,NA,NA,0,NA,NA,NA,NA,700,NA,NA,NA,NA,0,NA,NA,NA,NA,834,NA,NA,NA,NA,1780,NA,NA,NA,NA,0,NA,NA,NA,NA
M18 [Family Planning],'18.8',Tubal rings,1. Balance From Previous Month,11775,NA,NA,NA,NA,0,NA,NA,NA,NA,400,NA,NA,NA,NA,100,NA,NA,NA,NA,550,NA,NA,NA,NA,600,NA,NA,NA,NA,525,NA,NA,NA,NA,1250,NA,NA,NA,NA,NA,NA,NA,NA,NA,100,NA,NA,NA,NA,0,NA,NA,NA,NA,0,NA,NA,NA,NA,2100,NA,NA,NA,NA,0,NA,NA,NA,NA,50,NA,NA,NA,NA,NA,NA,NA,NA,NA,0,NA,NA,NA,NA,1500,NA,NA,NA,NA,0,NA,NA,NA,NA,1100,NA,NA,NA,NA,0,NA,NA,NA,NA,0,NA,NA,NA,NA,0,NA,NA,NA,NA,1300,NA,NA,NA,NA,0,NA,NA,NA,NA,1700,NA,NA,NA,NA,500,NA,NA,NA,NA,0,NA,NA,NA,NA
M18 [Family Planning],18.8',Tubal rings,2. Stocks Received,1450,NA,NA,NA,NA,0,NA,NA,NA,NA,0,NA,NA,NA,NA,0,NA,NA,NA,NA,0,NA,NA,NA,NA,0,NA,NA,NA,NA,0,NA,NA,NA,NA,0,NA,NA,NA,NA,0,NA,NA,NA,NA,700,NA,NA,NA,NA,0,NA,NA,NA,NA,0,NA,NA,NA,NA,0,NA,NA,NA,NA,0,NA,NA,NA,NA,NA,NA,NA,NA,NA,NA,NA,NA,NA,NA,0,NA,NA,NA,NA,0,NA,NA,NA,NA,0,NA,NA,NA,NA,0,NA,NA,NA,NA,50,NA,NA,NA,NA,0,NA,NA,NA,NA,NA,NA,NA,NA,NA,0,NA,NA,NA,NA,0,NA,NA,NA,NA,700,NA,NA,NA,NA,0,NA,NA,NA,NA,0,NA,NA,NA,NA
M18 [Family Planning],18.8',Tubal rings,3. Unusable Stock,0,NA,NA,NA,NA,0,NA,NA,NA,NA,0,NA,NA,NA,NA,0,NA,NA,NA,NA,0,NA,NA,NA,NA,0,NA,NA,NA,NA,0,NA,NA,NA,NA,0,NA,NA,NA,NA,NA,NA,NA,NA,NA,0,NA,NA,NA,NA,0,NA,NA,NA,NA,NA,NA,NA,NA,NA,0,NA,NA,NA,NA,0,NA,NA,NA,NA,NA,NA,NA,NA,NA,NA,NA,NA,NA,NA,0,NA,NA,NA,NA,0,NA,NA,NA,NA,0,NA,NA,NA,NA,0,NA,NA,NA,NA,0,NA,NA,NA,NA,0,NA,NA,NA,NA,NA,NA,NA,NA,NA,0,NA,NA,NA,NA,0,NA,NA,NA,NA,0,NA,NA,NA,NA,0,NA,NA,NA,NA,0,NA,NA,NA,NA
M18 [Family Planning],18.8',Tubal rings,4. Stock Distributed,1850,NA,NA,NA,NA,0,NA,NA,NA,NA,100,NA,NA,NA,NA,0,NA,NA,NA,NA,100,NA,NA,NA,NA,600,NA,NA,NA,NA,200,NA,NA,NA,NA,100,NA,NA,NA,NA,0,NA,NA,NA,NA,100,NA,NA,NA,NA,0,NA,NA,NA,NA,0,NA,NA,NA,NA,0,NA,NA,NA,NA,0,NA,NA,NA,NA,NA,NA,NA,NA,NA,NA,NA,NA,NA,NA,0,NA,NA,NA,NA,0,NA,NA,NA,NA,0,NA,NA,NA,NA,100,NA,NA,NA,NA,50,NA,NA,NA,NA,0,NA,NA,NA,NA,NA,NA,NA,NA,NA,0,NA,NA,NA,NA,0,NA,NA,NA,NA,500,NA,NA,NA,NA,0,NA,NA,NA,NA,0,NA,NA,NA,NA
M18 [Family Planning],18.8',Tubal rings,5. Total Stock,11375,NA,NA,NA,NA,0,NA,NA,NA,NA,300,NA,NA,NA,NA,100,NA,NA,NA,NA,450,NA,NA,NA,NA,0,NA,NA,NA,NA,325,NA,NA,NA,NA,1150,NA,NA,NA,NA,0,NA,NA,NA,NA,700,NA,NA,NA,NA,0,NA,NA,NA,NA,0,NA,NA,NA,NA,2100,NA,NA,NA,NA,0,NA,NA,NA,NA,50,NA,NA,NA,NA,NA,NA,NA,NA,NA,0,NA,NA,NA,NA,1500,NA,NA,NA,NA,0,NA,NA,NA,NA,1000,NA,NA,NA,NA,0,NA,NA,NA,NA,0,NA,NA,NA,NA,0,NA,NA,NA,NA,1300,NA,NA,NA,NA,0,NA,NA,NA,NA,1900,NA,NA,NA,NA,500,NA,NA,NA,NA,0,NA,NA,NA,NA
M18 [Family Planning],'18.9',Pregnancy testing Kits (Nischay Kits),1. Balance From Previous Month,103997,NA,NA,NA,NA,0,NA,NA,NA,NA,1000,NA,NA,NA,NA,5000,NA,NA,NA,NA,8860,NA,NA,NA,NA,5200,NA,NA,NA,NA,0,NA,NA,NA,NA,150,NA,NA,NA,NA,NA,NA,NA,NA,NA,5485,NA,NA,NA,NA,20700,NA,NA,NA,NA,0,NA,NA,NA,NA,4000,NA,NA,NA,NA,0,NA,NA,NA,NA,NA,NA,NA,NA,NA,NA,NA,NA,NA,NA,0,NA,NA,NA,NA,8850,NA,NA,NA,NA,5400,NA,NA,NA,NA,14920,NA,NA,NA,NA,7000,NA,NA,NA,NA,0,NA,NA,NA,NA,0,NA,NA,NA,NA,3032,NA,NA,NA,NA,8000,NA,NA,NA,NA,5550,NA,NA,NA,NA,750,NA,NA,NA,NA,100,NA,NA,NA,NA
M18 [Family Planning],18.9',Pregnancy testing Kits (Nischay Kits),2. Stocks Received,31992,NA,NA,NA,NA,2000,NA,NA,NA,NA,1000,NA,NA,NA,NA,1500,NA,NA,NA,NA,4492,NA,NA,NA,NA,0,NA,NA,NA,NA,0,NA,NA,NA,NA,0,NA,NA,NA,NA,0,NA,NA,NA,NA,5000,NA,NA,NA,NA,0,NA,NA,NA,NA,3000,NA,NA,NA,NA,0,NA,NA,NA,NA,0,NA,NA,NA,NA,3000,NA,NA,NA,NA,NA,NA,NA,NA,NA,0,NA,NA,NA,NA,0,NA,NA,NA,NA,1000,NA,NA,NA,NA,0,NA,NA,NA,NA,0,NA,NA,NA,NA,4000,NA,NA,NA,NA,NA,NA,NA,NA,NA,0,NA,NA,NA,NA,0,NA,NA,NA,NA,2000,NA,NA,NA,NA,5000,NA,NA,NA,NA,0,NA,NA,NA,NA
M18 [Family Planning],18.9',Pregnancy testing Kits (Nischay Kits),3. Unusable Stock,0,NA,NA,NA,NA,0,NA,NA,NA,NA,0,NA,NA,NA,NA,0,NA,NA,NA,NA,0,NA,NA,NA,NA,0,NA,NA,NA,NA,0,NA,NA,NA,NA,0,NA,NA,NA,NA,NA,NA,NA,NA,NA,0,NA,NA,NA,NA,0,NA,NA,NA,NA,NA,NA,NA,NA,NA,0,NA,NA,NA,NA,0,NA,NA,NA,NA,NA,NA,NA,NA,NA,NA,NA,NA,NA,NA,0,NA,NA,NA,NA,0,NA,NA,NA,NA,0,NA,NA,NA,NA,0,NA,NA,NA,NA,0,NA,NA,NA,NA,0,NA,NA,NA,NA,NA,NA,NA,NA,NA,0,NA,NA,NA,NA,0,NA,NA,NA,NA,0,NA,NA,NA,NA,0,NA,NA,NA,NA,0,NA,NA,NA,NA
M18 [Family Planning],18.9',Pregnancy testing Kits (Nischay Kits),4. Stock Distributed,62915,NA,NA,NA,NA,2000,NA,NA,NA,NA,500,NA,NA,NA,NA,2800,NA,NA,NA,NA,8860,NA,NA,NA,NA,350,NA,NA,NA,NA,0,NA,NA,NA,NA,80,NA,NA,NA,NA,0,NA,NA,NA,NA,9770,NA,NA,NA,NA,6000,NA,NA,NA,NA,3000,NA,NA,NA,NA,2650,NA,NA,NA,NA,0,NA,NA,NA,NA,1555,NA,NA,NA,NA,NA,NA,NA,NA,NA,0,NA,NA,NA,NA,1090,NA,NA,NA,NA,6390,NA,NA,NA,NA,4920,NA,NA,NA,NA,1500,NA,NA,NA,NA,4000,NA,NA,NA,NA,NA,NA,NA,NA,NA,0,NA,NA,NA,NA,1550,NA,NA,NA,NA,2440,NA,NA,NA,NA,3360,NA,NA,NA,NA,100,NA,NA,NA,NA
M18 [Family Planning],18.9',Pregnancy testing Kits (Nischay Kits),5. Total Stock,73074,NA,NA,NA,NA,0,NA,NA,NA,NA,1500,NA,NA,NA,NA,3700,NA,NA,NA,NA,4492,NA,NA,NA,NA,4850,NA,NA,NA,NA,0,NA,NA,NA,NA,70,NA,NA,NA,NA,0,NA,NA,NA,NA,715,NA,NA,NA,NA,14700,NA,NA,NA,NA,0,NA,NA,NA,NA,1350,NA,NA,NA,NA,0,NA,NA,NA,NA,1445,NA,NA,NA,NA,NA,NA,NA,NA,NA,0,NA,NA,NA,NA,7760,NA,NA,NA,NA,10,NA,NA,NA,NA,10000,NA,NA,NA,NA,5500,NA,NA,NA,NA,0,NA,NA,NA,NA,0,NA,NA,NA,NA,3032,NA,NA,NA,NA,6450,NA,NA,NA,NA,5110,NA,NA,NA,NA,2390,NA,NA,NA,NA,0,NA,NA,NA,NA
M19 [Other Items],'19.1',Gloves,1. Balance From Previous Month,1131438,NA,NA,NA,NA,123680,NA,NA,NA,NA,35700,NA,NA,NA,NA,23400,NA,NA,NA,NA,12450,NA,NA,NA,NA,167000,NA,NA,NA,NA,18400,NA,NA,NA,NA,55350,NA,NA,NA,NA,NA,NA,NA,NA,NA,29898,NA,NA,NA,NA,NA,NA,NA,NA,NA,0,NA,NA,NA,NA,0,NA,NA,NA,NA,33050,NA,NA,NA,NA,42755,NA,NA,NA,NA,NA,NA,NA,NA,NA,0,NA,NA,NA,NA,116050,NA,NA,NA,NA,190000,NA,NA,NA,NA,65300,NA,NA,NA,NA,0,NA,NA,NA,NA,40800,NA,NA,NA,NA,1900,NA,NA,NA,NA,0,NA,NA,NA,NA,58505,NA,NA,NA,NA,NA,NA,NA,NA,NA,31400,NA,NA,NA,NA,85800,NA,NA,NA,NA
M19 [Other Items],19.1',Gloves,2. Stocks Received,698300,NA,NA,NA,NA,0,NA,NA,NA,NA,0,NA,NA,NA,NA,0,NA,NA,NA,NA,0,NA,NA,NA,NA,0,NA,NA,NA,NA,0,NA,NA,NA,NA,0,NA,NA,NA,NA,NA,NA,NA,NA,NA,117800,NA,NA,NA,NA,NA,NA,NA,NA,NA,172000,NA,NA,NA,NA,95500,NA,NA,NA,NA,0,NA,NA,NA,NA,NA,NA,NA,NA,NA,NA,NA,NA,NA,NA,0,NA,NA,NA,NA,0,NA,NA,NA,NA,0,NA,NA,NA,NA,0,NA,NA,NA,NA,228000,NA,NA,NA,NA,85000,NA,NA,NA,NA,0,NA,NA,NA,NA,0,NA,NA,NA,NA,0,NA,NA,NA,NA,NA,NA,NA,NA,NA,0,NA,NA,NA,NA,0,NA,NA,NA,NA
M19 [Other Items],19.1',Gloves,3. Unusable Stock,0,NA,NA,NA,NA,0,NA,NA,NA,NA,0,NA,NA,NA,NA,0,NA,NA,NA,NA,0,NA,NA,NA,NA,0,NA,NA,NA,NA,0,NA,NA,NA,NA,0,NA,NA,NA,NA,NA,NA,NA,NA,NA,0,NA,NA,NA,NA,NA,NA,NA,NA,NA,NA,NA,NA,NA,NA,0,NA,NA,NA,NA,0,NA,NA,NA,NA,NA,NA,NA,NA,NA,NA,NA,NA,NA,NA,0,NA,NA,NA,NA,0,NA,NA,NA,NA,0,NA,NA,NA,NA,0,NA,NA,NA,NA,0,NA,NA,NA,NA,0,NA,NA,NA,NA,0,NA,NA,NA,NA,0,NA,NA,NA,NA,0,NA,NA,NA,NA,NA,NA,NA,NA,NA,0,NA,NA,NA,NA,0,NA,NA,NA,NA
M19 [Other Items],19.1',Gloves,4. Stock Distributed,432660,NA,NA,NA,NA,13820,NA,NA,NA,NA,8700,NA,NA,NA,NA,10550,NA,NA,NA,NA,6000,NA,NA,NA,NA,56400,NA,NA,NA,NA,3800,NA,NA,NA,NA,53700,NA,NA,NA,NA,NA,NA,NA,NA,NA,5530,NA,NA,NA,NA,NA,NA,NA,NA,NA,83100,NA,NA,NA,NA,12050,NA,NA,NA,NA,5950,NA,NA,NA,NA,2800,NA,NA,NA,NA,NA,NA,NA,NA,NA,0,NA,NA,NA,NA,33600,NA,NA,NA,NA,10650,NA,NA,NA,NA,850,NA,NA,NA,NA,47300,NA,NA,NA,NA,27350,NA,NA,NA,NA,1500,NA,NA,NA,NA,0,NA,NA,NA,NA,13310,NA,NA,NA,NA,NA,NA,NA,NA,NA,4600,NA,NA,NA,NA,31100,NA,NA,NA,NA
M19 [Other Items],19.1',Gloves,5. Total Stock,1397078,NA,NA,NA,NA,109860,NA,NA,NA,NA,27000,NA,NA,NA,NA,12850,NA,NA,NA,NA,6450,NA,NA,NA,NA,110600,NA,NA,NA,NA,14600,NA,NA,NA,NA,1650,NA,NA,NA,NA,0,NA,NA,NA,NA,142168,NA,NA,NA,NA,0,NA,NA,NA,NA,88900,NA,NA,NA,NA,83450,NA,NA,NA,NA,27100,NA,NA,NA,NA,39955,NA,NA,NA,NA,0,NA,NA,NA,NA,0,NA,NA,NA,NA,82450,NA,NA,NA,NA,179350,NA,NA,NA,NA,64450,NA,NA,NA,NA,180700,NA,NA,NA,NA,98450,NA,NA,NA,NA,400,NA,NA,NA,NA,0,NA,NA,NA,NA,45195,NA,NA,NA,NA,0,NA,NA,NA,NA,26800,NA,NA,NA,NA,54700,NA,NA,NA,NA
M19 [Other Items],'19.2',MVA Syringes,1. Balance From Previous Month,0,NA,NA,NA,NA,0,NA,NA,NA,NA,0,NA,NA,NA,NA,0,NA,NA,NA,NA,0,NA,NA,NA,NA,0,NA,NA,NA,NA,0,NA,NA,NA,NA,0,NA,NA,NA,NA,NA,NA,NA,NA,NA,0,NA,NA,NA,NA,NA,NA,NA,NA,NA,NA,NA,NA,NA,NA,0,NA,NA,NA,NA,0,NA,NA,NA,NA,NA,NA,NA,NA,NA,NA,NA,NA,NA,NA,0,NA,NA,NA,NA,0,NA,NA,NA,NA,0,NA,NA,NA,NA,0,NA,NA,NA,NA,0,NA,NA,NA,NA,0,NA,NA,NA,NA,0,NA,NA,NA,NA,0,NA,NA,NA,NA,0,NA,NA,NA,NA,NA,NA,NA,NA,NA,0,NA,NA,NA,NA,0,NA,NA,NA,NA
M19 [Other Items],19.2',MVA Syringes,2. Stocks Received,0,NA,NA,NA,NA,0,NA,NA,NA,NA,0,NA,NA,NA,NA,0,NA,NA,NA,NA,0,NA,NA,NA,NA,0,NA,NA,NA,NA,0,NA,NA,NA,NA,0,NA,NA,NA,NA,NA,NA,NA,NA,NA,0,NA,NA,NA,NA,NA,NA,NA,NA,NA,NA,NA,NA,NA,NA,0,NA,NA,NA,NA,0,NA,NA,NA,NA,NA,NA,NA,NA,NA,NA,NA,NA,NA,NA,0,NA,NA,NA,NA,0,NA,NA,NA,NA,0,NA,NA,NA,NA,0,NA,NA,NA,NA,0,NA,NA,NA,NA,0,NA,NA,NA,NA,0,NA,NA,NA,NA,0,NA,NA,NA,NA,0,NA,NA,NA,NA,NA,NA,NA,NA,NA,0,NA,NA,NA,NA,0,NA,NA,NA,NA
M19 [Other Items],19.2',MVA Syringes,3. Unusable Stock,0,NA,NA,NA,NA,0,NA,NA,NA,NA,0,NA,NA,NA,NA,0,NA,NA,NA,NA,0,NA,NA,NA,NA,0,NA,NA,NA,NA,0,NA,NA,NA,NA,0,NA,NA,NA,NA,NA,NA,NA,NA,NA,0,NA,NA,NA,NA,NA,NA,NA,NA,NA,NA,NA,NA,NA,NA,0,NA,NA,NA,NA,0,NA,NA,NA,NA,NA,NA,NA,NA,NA,NA,NA,NA,NA,NA,0,NA,NA,NA,NA,0,NA,NA,NA,NA,0,NA,NA,NA,NA,0,NA,NA,NA,NA,0,NA,NA,NA,NA,0,NA,NA,NA,NA,0,NA,NA,NA,NA,0,NA,NA,NA,NA,0,NA,NA,NA,NA,NA,NA,NA,NA,NA,0,NA,NA,NA,NA,0,NA,NA,NA,NA
M19 [Other Items],19.2',MVA Syringes,4. Stock Distributed,0,NA,NA,NA,NA,0,NA,NA,NA,NA,0,NA,NA,NA,NA,0,NA,NA,NA,NA,0,NA,NA,NA,NA,0,NA,NA,NA,NA,0,NA,NA,NA,NA,0,NA,NA,NA,NA,NA,NA,NA,NA,NA,0,NA,NA,NA,NA,NA,NA,NA,NA,NA,NA,NA,NA,NA,NA,0,NA,NA,NA,NA,0,NA,NA,NA,NA,NA,NA,NA,NA,NA,NA,NA,NA,NA,NA,0,NA,NA,NA,NA,0,NA,NA,NA,NA,0,NA,NA,NA,NA,0,NA,NA,NA,NA,0,NA,NA,NA,NA,0,NA,NA,NA,NA,0,NA,NA,NA,NA,0,NA,NA,NA,NA,0,NA,NA,NA,NA,NA,NA,NA,NA,NA,0,NA,NA,NA,NA,0,NA,NA,NA,NA
M19 [Other Items],19.2',MVA Syringes,5. Total Stock,0,NA,NA,NA,NA,0,NA,NA,NA,NA,0,NA,NA,NA,NA,0,NA,NA,NA,NA,0,NA,NA,NA,NA,0,NA,NA,NA,NA,0,NA,NA,NA,NA,0,NA,NA,NA,NA,0,NA,NA,NA,NA,0,NA,NA,NA,NA,0,NA,NA,NA,NA,0,NA,NA,NA,NA,0,NA,NA,NA,NA,0,NA,NA,NA,NA,0,NA,NA,NA,NA,0,NA,NA,NA,NA,0,NA,NA,NA,NA,0,NA,NA,NA,NA,0,NA,NA,NA,NA,0,NA,NA,NA,NA,0,NA,NA,NA,NA,0,NA,NA,NA,NA,0,NA,NA,NA,NA,0,NA,NA,NA,NA,0,NA,NA,NA,NA,0,NA,NA,NA,NA,0,NA,NA,NA,NA,0,NA,NA,NA,NA
M19 [Other Items],'19.3',Tab. Fluconazole,1. Balance From Previous Month,1573990,NA,NA,NA,NA,39700,NA,NA,NA,NA,95400,NA,NA,NA,NA,16200,NA,NA,NA,NA,140000,NA,NA,NA,NA,45000,NA,NA,NA,NA,32600,NA,NA,NA,NA,84650,NA,NA,NA,NA,NA,NA,NA,NA,NA,21850,NA,NA,NA,NA,17600,NA,NA,NA,NA,80200,NA,NA,NA,NA,44400,NA,NA,NA,NA,142820,NA,NA,NA,NA,93400,NA,NA,NA,NA,NA,NA,NA,NA,NA,0,NA,NA,NA,NA,53670,NA,NA,NA,NA,136500,NA,NA,NA,NA,14700,NA,NA,NA,NA,109600,NA,NA,NA,NA,82600,NA,NA,NA,NA,0,NA,NA,NA,NA,0,NA,NA,NA,NA,122700,NA,NA,NA,NA,NA,NA,NA,NA,NA,189200,NA,NA,NA,NA,11200,NA,NA,NA,NA
M19 [Other Items],19.3',Tab. Fluconazole,2. Stocks Received,420000,NA,NA,NA,NA,40000,NA,NA,NA,NA,200000,NA,NA,NA,NA,110000,NA,NA,NA,NA,0,NA,NA,NA,NA,0,NA,NA,NA,NA,0,NA,NA,NA,NA,0,NA,NA,NA,NA,NA,NA,NA,NA,NA,0,NA,NA,NA,NA,0,NA,NA,NA,NA,0,NA,NA,NA,NA,0,NA,NA,NA,NA,0,NA,NA,NA,NA,70000,NA,NA,NA,NA,NA,NA,NA,NA,NA,0,NA,NA,NA,NA,0,NA,NA,NA,NA,0,NA,NA,NA,NA,0,NA,NA,NA,NA,0,NA,NA,NA,NA,0,NA,NA,NA,NA,0,NA,NA,NA,NA,0,NA,NA,NA,NA,0,NA,NA,NA,NA,NA,NA,NA,NA,NA,0,NA,NA,NA,NA,0,NA,NA,NA,NA
M19 [Other Items],19.3',Tab. Fluconazole,3. Unusable Stock,0,NA,NA,NA,NA,0,NA,NA,NA,NA,0,NA,NA,NA,NA,0,NA,NA,NA,NA,0,NA,NA,NA,NA,0,NA,NA,NA,NA,0,NA,NA,NA,NA,0,NA,NA,NA,NA,NA,NA,NA,NA,NA,0,NA,NA,NA,NA,0,NA,NA,NA,NA,NA,NA,NA,NA,NA,0,NA,NA,NA,NA,0,NA,NA,NA,NA,NA,NA,NA,NA,NA,NA,NA,NA,NA,NA,0,NA,NA,NA,NA,0,NA,NA,NA,NA,0,NA,NA,NA,NA,0,NA,NA,NA,NA,0,NA,NA,NA,NA,0,NA,NA,NA,NA,0,NA,NA,NA,NA,0,NA,NA,NA,NA,0,NA,NA,NA,NA,NA,NA,NA,NA,NA,0,NA,NA,NA,NA,0,NA,NA,NA,NA
M19 [Other Items],19.3',Tab. Fluconazole,4. Stock Distributed,324670,NA,NA,NA,NA,3400,NA,NA,NA,NA,35700,NA,NA,NA,NA,14180,NA,NA,NA,NA,20000,NA,NA,NA,NA,18800,NA,NA,NA,NA,17000,NA,NA,NA,NA,8000,NA,NA,NA,NA,NA,NA,NA,NA,NA,5600,NA,NA,NA,NA,4600,NA,NA,NA,NA,22200,NA,NA,NA,NA,28500,NA,NA,NA,NA,20640,NA,NA,NA,NA,8500,NA,NA,NA,NA,NA,NA,NA,NA,NA,0,NA,NA,NA,NA,13310,NA,NA,NA,NA,24300,NA,NA,NA,NA,6340,NA,NA,NA,NA,12100,NA,NA,NA,NA,3500,NA,NA,NA,NA,0,NA,NA,NA,NA,0,NA,NA,NA,NA,40000,NA,NA,NA,NA,NA,NA,NA,NA,NA,8000,NA,NA,NA,NA,10000,NA,NA,NA,NA
M19 [Other Items],19.3',Tab. Fluconazole,5. Total Stock,1669320,NA,NA,NA,NA,76300,NA,NA,NA,NA,259700,NA,NA,NA,NA,112020,NA,NA,NA,NA,120000,NA,NA,NA,NA,26200,NA,NA,NA,NA,15600,NA,NA,NA,NA,76650,NA,NA,NA,NA,0,NA,NA,NA,NA,16250,NA,NA,NA,NA,13000,NA,NA,NA,NA,58000,NA,NA,NA,NA,15900,NA,NA,NA,NA,122180,NA,NA,NA,NA,154900,NA,NA,NA,NA,0,NA,NA,NA,NA,0,NA,NA,NA,NA,40360,NA,NA,NA,NA,112200,NA,NA,NA,NA,8360,NA,NA,NA,NA,97500,NA,NA,NA,NA,79100,NA,NA,NA,NA,0,NA,NA,NA,NA,0,NA,NA,NA,NA,82700,NA,NA,NA,NA,0,NA,NA,NA,NA,181200,NA,NA,NA,NA,1200,NA,NA,NA,NA
M19 [Other Items],'19.4',Blood Transfusion sets,1. Balance From Previous Month,52514,NA,NA,NA,NA,0,NA,NA,NA,NA,450,NA,NA,NA,NA,3200,NA,NA,NA,NA,0,NA,NA,NA,NA,200,NA,NA,NA,NA,1800,NA,NA,NA,NA,0,NA,NA,NA,NA,NA,NA,NA,NA,NA,664,NA,NA,NA,NA,NA,NA,NA,NA,NA,0,NA,NA,NA,NA,3010,NA,NA,NA,NA,0,NA,NA,NA,NA,4450,NA,NA,NA,NA,NA,NA,NA,NA,NA,0,NA,NA,NA,NA,40,NA,NA,NA,NA,1500,NA,NA,NA,NA,25500,NA,NA,NA,NA,1500,NA,NA,NA,NA,1200,NA,NA,NA,NA,0,NA,NA,NA,NA,0,NA,NA,NA,NA,350,NA,NA,NA,NA,NA,NA,NA,NA,NA,8450,NA,NA,NA,NA,200,NA,NA,NA,NA
M19 [Other Items],19.4',Blood Transfusion sets,2. Stocks Received,0,NA,NA,NA,NA,0,NA,NA,NA,NA,0,NA,NA,NA,NA,0,NA,NA,NA,NA,0,NA,NA,NA,NA,0,NA,NA,NA,NA,0,NA,NA,NA,NA,0,NA,NA,NA,NA,NA,NA,NA,NA,NA,0,NA,NA,NA,NA,NA,NA,NA,NA,NA,0,NA,NA,NA,NA,0,NA,NA,NA,NA,0,NA,NA,NA,NA,NA,NA,NA,NA,NA,NA,NA,NA,NA,NA,0,NA,NA,NA,NA,0,NA,NA,NA,NA,0,NA,NA,NA,NA,0,NA,NA,NA,NA,0,NA,NA,NA,NA,0,NA,NA,NA,NA,0,NA,NA,NA,NA,0,NA,NA,NA,NA,0,NA,NA,NA,NA,NA,NA,NA,NA,NA,0,NA,NA,NA,NA,0,NA,NA,NA,NA
M19 [Other Items],19.4',Blood Transfusion sets,3. Unusable Stock,0,NA,NA,NA,NA,0,NA,NA,NA,NA,0,NA,NA,NA,NA,0,NA,NA,NA,NA,0,NA,NA,NA,NA,0,NA,NA,NA,NA,0,NA,NA,NA,NA,0,NA,NA,NA,NA,NA,NA,NA,NA,NA,0,NA,NA,NA,NA,NA,NA,NA,NA,NA,NA,NA,NA,NA,NA,0,NA,NA,NA,NA,0,NA,NA,NA,NA,NA,NA,NA,NA,NA,NA,NA,NA,NA,NA,0,NA,NA,NA,NA,0,NA,NA,NA,NA,0,NA,NA,NA,NA,0,NA,NA,NA,NA,0,NA,NA,NA,NA,0,NA,NA,NA,NA,0,NA,NA,NA,NA,0,NA,NA,NA,NA,0,NA,NA,NA,NA,NA,NA,NA,NA,NA,0,NA,NA,NA,NA,0,NA,NA,NA,NA
M19 [Other Items],19.4',Blood Transfusion sets,4. Stock Distributed,13600,NA,NA,NA,NA,0,NA,NA,NA,NA,0,NA,NA,NA,NA,0,NA,NA,NA,NA,0,NA,NA,NA,NA,0,NA,NA,NA,NA,300,NA,NA,NA,NA,0,NA,NA,NA,NA,NA,NA,NA,NA,NA,100,NA,NA,NA,NA,NA,NA,NA,NA,NA,0,NA,NA,NA,NA,1000,NA,NA,NA,NA,0,NA,NA,NA,NA,100,NA,NA,NA,NA,NA,NA,NA,NA,NA,0,NA,NA,NA,NA,0,NA,NA,NA,NA,1500,NA,NA,NA,NA,10000,NA,NA,NA,NA,0,NA,NA,NA,NA,0,NA,NA,NA,NA,0,NA,NA,NA,NA,0,NA,NA,NA,NA,0,NA,NA,NA,NA,NA,NA,NA,NA,NA,500,NA,NA,NA,NA,100,NA,NA,NA,NA
M19 [Other Items],19.4',Blood Transfusion sets,5. Total Stock,38914,NA,NA,NA,NA,0,NA,NA,NA,NA,450,NA,NA,NA,NA,3200,NA,NA,NA,NA,0,NA,NA,NA,NA,200,NA,NA,NA,NA,1500,NA,NA,NA,NA,0,NA,NA,NA,NA,0,NA,NA,NA,NA,564,NA,NA,NA,NA,0,NA,NA,NA,NA,0,NA,NA,NA,NA,2010,NA,NA,NA,NA,0,NA,NA,NA,NA,4350,NA,NA,NA,NA,0,NA,NA,NA,NA,0,NA,NA,NA,NA,40,NA,NA,NA,NA,0,NA,NA,NA,NA,15500,NA,NA,NA,NA,1500,NA,NA,NA,NA,1200,NA,NA,NA,NA,0,NA,NA,NA,NA,0,NA,NA,NA,NA,350,NA,NA,NA,NA,0,NA,NA,NA,NA,7950,NA,NA,NA,NA,100,NA,NA,NA,NA
M19 [Other Items],'19.5',Gluteraldehyde 2%,1. Balance From Previous Month,9528,NA,NA,NA,NA,11,NA,NA,NA,NA,0,NA,NA,NA,NA,5,NA,NA,NA,NA,0,NA,NA,NA,NA,0,NA,NA,NA,NA,0,NA,NA,NA,NA,9300,NA,NA,NA,NA,NA,NA,NA,NA,NA,0,NA,NA,NA,NA,NA,NA,NA,NA,NA,85,NA,NA,NA,NA,20,NA,NA,NA,NA,0,NA,NA,NA,NA,NA,NA,NA,NA,NA,NA,NA,NA,NA,NA,0,NA,NA,NA,NA,10,NA,NA,NA,NA,14,NA,NA,NA,NA,0,NA,NA,NA,NA,20,NA,NA,NA,NA,0,NA,NA,NA,NA,62,NA,NA,NA,NA,0,NA,NA,NA,NA,0,NA,NA,NA,NA,NA,NA,NA,NA,NA,0,NA,NA,NA,NA,1,NA,NA,NA,NA
M19 [Other Items],19.5',Gluteraldehyde 2%,2. Stocks Received,0,NA,NA,NA,NA,0,NA,NA,NA,NA,0,NA,NA,NA,NA,0,NA,NA,NA,NA,0,NA,NA,NA,NA,0,NA,NA,NA,NA,0,NA,NA,NA,NA,0,NA,NA,NA,NA,NA,NA,NA,NA,NA,0,NA,NA,NA,NA,NA,NA,NA,NA,NA,0,NA,NA,NA,NA,0,NA,NA,NA,NA,0,NA,NA,NA,NA,NA,NA,NA,NA,NA,NA,NA,NA,NA,NA,0,NA,NA,NA,NA,0,NA,NA,NA,NA,0,NA,NA,NA,NA,0,NA,NA,NA,NA,0,NA,NA,NA,NA,0,NA,NA,NA,NA,0,NA,NA,NA,NA,0,NA,NA,NA,NA,0,NA,NA,NA,NA,NA,NA,NA,NA,NA,0,NA,NA,NA,NA,0,NA,NA,NA,NA
M19 [Other Items],19.5',Gluteraldehyde 2%,3. Unusable Stock,0,NA,NA,NA,NA,0,NA,NA,NA,NA,0,NA,NA,NA,NA,0,NA,NA,NA,NA,0,NA,NA,NA,NA,0,NA,NA,NA,NA,0,NA,NA,NA,NA,0,NA,NA,NA,NA,NA,NA,NA,NA,NA,0,NA,NA,NA,NA,NA,NA,NA,NA,NA,NA,NA,NA,NA,NA,0,NA,NA,NA,NA,0,NA,NA,NA,NA,NA,NA,NA,NA,NA,NA,NA,NA,NA,NA,0,NA,NA,NA,NA,0,NA,NA,NA,NA,0,NA,NA,NA,NA,0,NA,NA,NA,NA,0,NA,NA,NA,NA,0,NA,NA,NA,NA,0,NA,NA,NA,NA,0,NA,NA,NA,NA,0,NA,NA,NA,NA,NA,NA,NA,NA,NA,0,NA,NA,NA,NA,0,NA,NA,NA,NA
M19 [Other Items],19.5',Gluteraldehyde 2%,4. Stock Distributed,5006,NA,NA,NA,NA,0,NA,NA,NA,NA,0,NA,NA,NA,NA,0,NA,NA,NA,NA,0,NA,NA,NA,NA,0,NA,NA,NA,NA,0,NA,NA,NA,NA,5000,NA,NA,NA,NA,NA,NA,NA,NA,NA,0,NA,NA,NA,NA,NA,NA,NA,NA,NA,0,NA,NA,NA,NA,0,NA,NA,NA,NA,0,NA,NA,NA,NA,NA,NA,NA,NA,NA,NA,NA,NA,NA,NA,0,NA,NA,NA,NA,0,NA,NA,NA,NA,0,NA,NA,NA,NA,0,NA,NA,NA,NA,5,NA,NA,NA,NA,0,NA,NA,NA,NA,0,NA,NA,NA,NA,0,NA,NA,NA,NA,0,NA,NA,NA,NA,NA,NA,NA,NA,NA,0,NA,NA,NA,NA,1,NA,NA,NA,NA
M19 [Other Items],19.5',Gluteraldehyde 2%,5. Total Stock,4522,NA,NA,NA,NA,11,NA,NA,NA,NA,0,NA,NA,NA,NA,5,NA,NA,NA,NA,0,NA,NA,NA,NA,0,NA,NA,NA,NA,0,NA,NA,NA,NA,4300,NA,NA,NA,NA,0,NA,NA,NA,NA,0,NA,NA,NA,NA,0,NA,NA,NA,NA,85,NA,NA,NA,NA,20,NA,NA,NA,NA,0,NA,NA,NA,NA,0,NA,NA,NA,NA,0,NA,NA,NA,NA,0,NA,NA,NA,NA,10,NA,NA,NA,NA,14,NA,NA,NA,NA,0,NA,NA,NA,NA,15,NA,NA,NA,NA,0,NA,NA,NA,NA,62,NA,NA,NA,NA,0,NA,NA,NA,NA,0,NA,NA,NA,NA,0,NA,NA,NA,NA,0,NA,NA,NA,NA,0,NA,NA,NA,NA
M19 [Other Items],'19.6',IFA tablets ( Adult),1. Balance From Previous Month,20103680,NA,NA,NA,NA,41940,NA,NA,NA,NA,470900,NA,NA,NA,NA,344500,NA,NA,NA,NA,0,NA,NA,NA,NA,17250,NA,NA,NA,NA,227860,NA,NA,NA,NA,321755,NA,NA,NA,NA,NA,NA,NA,NA,NA,62150,NA,NA,NA,NA,465465,NA,NA,NA,NA,800400,NA,NA,NA,NA,5747640,NA,NA,NA,NA,642850,NA,NA,NA,NA,240600,NA,NA,NA,NA,NA,NA,NA,NA,NA,0,NA,NA,NA,NA,1154960,NA,NA,NA,NA,1222195,NA,NA,NA,NA,666110,NA,NA,NA,NA,20400,NA,NA,NA,NA,0,NA,NA,NA,NA,5174300,NA,NA,NA,NA,335200,NA,NA,NA,NA,1492840,NA,NA,NA,NA,NA,NA,NA,NA,NA,554665,NA,NA,NA,NA,99700,NA,NA,NA,NA
M19 [Other Items],19.6',IFA tablets ( Adult),2. Stocks Received,650000,NA,NA,NA,NA,0,NA,NA,NA,NA,0,NA,NA,NA,NA,150000,NA,NA,NA,NA,0,NA,NA,NA,NA,0,NA,NA,NA,NA,0,NA,NA,NA,NA,0,NA,NA,NA,NA,NA,NA,NA,NA,NA,0,NA,NA,NA,NA,0,NA,NA,NA,NA,0,NA,NA,NA,NA,500000,NA,NA,NA,NA,0,NA,NA,NA,NA,NA,NA,NA,NA,NA,NA,NA,NA,NA,NA,0,NA,NA,NA,NA,0,NA,NA,NA,NA,0,NA,NA,NA,NA,0,NA,NA,NA,NA,0,NA,NA,NA,NA,0,NA,NA,NA,NA,NA,NA,NA,NA,NA,0,NA,NA,NA,NA,0,NA,NA,NA,NA,NA,NA,NA,NA,NA,0,NA,NA,NA,NA,0,NA,NA,NA,NA
M19 [Other Items],19.6',IFA tablets ( Adult),3. Unusable Stock,0,NA,NA,NA,NA,0,NA,NA,NA,NA,0,NA,NA,NA,NA,0,NA,NA,NA,NA,0,NA,NA,NA,NA,0,NA,NA,NA,NA,0,NA,NA,NA,NA,0,NA,NA,NA,NA,NA,NA,NA,NA,NA,0,NA,NA,NA,NA,0,NA,NA,NA,NA,NA,NA,NA,NA,NA,0,NA,NA,NA,NA,0,NA,NA,NA,NA,NA,NA,NA,NA,NA,NA,NA,NA,NA,NA,0,NA,NA,NA,NA,0,NA,NA,NA,NA,0,NA,NA,NA,NA,0,NA,NA,NA,NA,0,NA,NA,NA,NA,0,NA,NA,NA,NA,0,NA,NA,NA,NA,0,NA,NA,NA,NA,0,NA,NA,NA,NA,NA,NA,NA,NA,NA,0,NA,NA,NA,NA,0,NA,NA,NA,NA
M19 [Other Items],19.6',IFA tablets ( Adult),4. Stock Distributed,12308620,NA,NA,NA,NA,13500,NA,NA,NA,NA,355000,NA,NA,NA,NA,328600,NA,NA,NA,NA,0,NA,NA,NA,NA,12000,NA,NA,NA,NA,227860,NA,NA,NA,NA,157620,NA,NA,NA,NA,NA,NA,NA,NA,NA,61300,NA,NA,NA,NA,157000,NA,NA,NA,NA,327600,NA,NA,NA,NA,6225390,NA,NA,NA,NA,195790,NA,NA,NA,NA,61000,NA,NA,NA,NA,NA,NA,NA,NA,NA,0,NA,NA,NA,NA,384270,NA,NA,NA,NA,882000,NA,NA,NA,NA,411300,NA,NA,NA,NA,11200,NA,NA,NA,NA,0,NA,NA,NA,NA,1092700,NA,NA,NA,NA,332550,NA,NA,NA,NA,495740,NA,NA,NA,NA,NA,NA,NA,NA,NA,476500,NA,NA,NA,NA,99700,NA,NA,NA,NA
M19 [Other Items],19.6',IFA tablets ( Adult),5. Total Stock,8445060,NA,NA,NA,NA,28440,NA,NA,NA,NA,115900,NA,NA,NA,NA,165900,NA,NA,NA,NA,0,NA,NA,NA,NA,5250,NA,NA,NA,NA,0,NA,NA,NA,NA,164135,NA,NA,NA,NA,0,NA,NA,NA,NA,850,NA,NA,NA,NA,308465,NA,NA,NA,NA,472800,NA,NA,NA,NA,22250,NA,NA,NA,NA,447060,NA,NA,NA,NA,179600,NA,NA,NA,NA,0,NA,NA,NA,NA,0,NA,NA,NA,NA,770690,NA,NA,NA,NA,340195,NA,NA,NA,NA,254810,NA,NA,NA,NA,9200,NA,NA,NA,NA,0,NA,NA,NA,NA,4081600,NA,NA,NA,NA,2650,NA,NA,NA,NA,997100,NA,NA,NA,NA,0,NA,NA,NA,NA,78165,NA,NA,NA,NA,0,NA,NA,NA,NA
M19 [Other Items],'19.7',IFA - Blue ( Adolescent 10-19 yrs),1. Balance From Previous Month,16699630,NA,NA,NA,NA,451595,NA,NA,NA,NA,1125305,NA,NA,NA,NA,798905,NA,NA,NA,NA,962950,NA,NA,NA,NA,35100,NA,NA,NA,NA,391600,NA,NA,NA,NA,0,NA,NA,NA,NA,NA,NA,NA,NA,NA,997000,NA,NA,NA,NA,19395,NA,NA,NA,NA,500000,NA,NA,NA,NA,322395,NA,NA,NA,NA,483390,NA,NA,NA,NA,60000,NA,NA,NA,NA,NA,NA,NA,NA,NA,0,NA,NA,NA,NA,929455,NA,NA,NA,NA,80495,NA,NA,NA,NA,878600,NA,NA,NA,NA,227460,NA,NA,NA,NA,1318620,NA,NA,NA,NA,3352200,NA,NA,NA,NA,368400,NA,NA,NA,NA,1022085,NA,NA,NA,NA,NA,NA,NA,NA,NA,2205780,NA,NA,NA,NA,168900,NA,NA,NA,NA
M19 [Other Items],19.7',IFA - Blue ( Adolescent 10-19 yrs),2. Stocks Received,0,NA,NA,NA,NA,0,NA,NA,NA,NA,0,NA,NA,NA,NA,0,NA,NA,NA,NA,0,NA,NA,NA,NA,0,NA,NA,NA,NA,0,NA,NA,NA,NA,0,NA,NA,NA,NA,NA,NA,NA,NA,NA,0,NA,NA,NA,NA,0,NA,NA,NA,NA,0,NA,NA,NA,NA,0,NA,NA,NA,NA,0,NA,NA,NA,NA,NA,NA,NA,NA,NA,NA,NA,NA,NA,NA,0,NA,NA,NA,NA,0,NA,NA,NA,NA,0,NA,NA,NA,NA,0,NA,NA,NA,NA,0,NA,NA,NA,NA,0,NA,NA,NA,NA,0,NA,NA,NA,NA,0,NA,NA,NA,NA,0,NA,NA,NA,NA,NA,NA,NA,NA,NA,0,NA,NA,NA,NA,0,NA,NA,NA,NA
M19 [Other Items],19.7',IFA - Blue ( Adolescent 10-19 yrs),3. Unusable Stock,0,NA,NA,NA,NA,0,NA,NA,NA,NA,0,NA,NA,NA,NA,0,NA,NA,NA,NA,0,NA,NA,NA,NA,0,NA,NA,NA,NA,0,NA,NA,NA,NA,0,NA,NA,NA,NA,NA,NA,NA,NA,NA,0,NA,NA,NA,NA,0,NA,NA,NA,NA,NA,NA,NA,NA,NA,0,NA,NA,NA,NA,0,NA,NA,NA,NA,NA,NA,NA,NA,NA,NA,NA,NA,NA,NA,0,NA,NA,NA,NA,0,NA,NA,NA,NA,0,NA,NA,NA,NA,0,NA,NA,NA,NA,0,NA,NA,NA,NA,0,NA,NA,NA,NA,0,NA,NA,NA,NA,0,NA,NA,NA,NA,0,NA,NA,NA,NA,NA,NA,NA,NA,NA,0,NA,NA,NA,NA,0,NA,NA,NA,NA
M19 [Other Items],19.7',IFA - Blue ( Adolescent 10-19 yrs),4. Stock Distributed,1867835,NA,NA,NA,NA,5000,NA,NA,NA,NA,79600,NA,NA,NA,NA,343000,NA,NA,NA,NA,200000,NA,NA,NA,NA,0,NA,NA,NA,NA,45000,NA,NA,NA,NA,0,NA,NA,NA,NA,NA,NA,NA,NA,NA,435400,NA,NA,NA,NA,0,NA,NA,NA,NA,0,NA,NA,NA,NA,322395,NA,NA,NA,NA,100350,NA,NA,NA,NA,0,NA,NA,NA,NA,NA,NA,NA,NA,NA,0,NA,NA,NA,NA,0,NA,NA,NA,NA,58600,NA,NA,NA,NA,0,NA,NA,NA,NA,39600,NA,NA,NA,NA,138600,NA,NA,NA,NA,0,NA,NA,NA,NA,68290,NA,NA,NA,NA,32000,NA,NA,NA,NA,NA,NA,NA,NA,NA,0,NA,NA,NA,NA,0,NA,NA,NA,NA
M19 [Other Items],19.7',IFA - Blue ( Adolescent 10-19 yrs),5. Total Stock,14831795,NA,NA,NA,NA,446595,NA,NA,NA,NA,1045705,NA,NA,NA,NA,455905,NA,NA,NA,NA,762950,NA,NA,NA,NA,35100,NA,NA,NA,NA,346600,NA,NA,NA,NA,0,NA,NA,NA,NA,0,NA,NA,NA,NA,561600,NA,NA,NA,NA,19395,NA,NA,NA,NA,500000,NA,NA,NA,NA,0,NA,NA,NA,NA,383040,NA,NA,NA,NA,60000,NA,NA,NA,NA,0,NA,NA,NA,NA,0,NA,NA,NA,NA,929455,NA,NA,NA,NA,21895,NA,NA,NA,NA,878600,NA,NA,NA,NA,187860,NA,NA,NA,NA,1180020,NA,NA,NA,NA,3352200,NA,NA,NA,NA,300110,NA,NA,NA,NA,990085,NA,NA,NA,NA,0,NA,NA,NA,NA,2205780,NA,NA,NA,NA,168900,NA,NA,NA,NA
M19 [Other Items],'19.8',IFA- Pink ( Junior 6-10 yrs),1. Balance From Previous Month,5696505,NA,NA,NA,NA,36000,NA,NA,NA,NA,1400,NA,NA,NA,NA,2700,NA,NA,NA,NA,31890,NA,NA,NA,NA,0,NA,NA,NA,NA,23300,NA,NA,NA,NA,0,NA,NA,NA,NA,NA,NA,NA,NA,NA,541400,NA,NA,NA,NA,14945,NA,NA,NA,NA,31400,NA,NA,NA,NA,166700,NA,NA,NA,NA,10050,NA,NA,NA,NA,5500,NA,NA,NA,NA,NA,NA,NA,NA,NA,0,NA,NA,NA,NA,659200,NA,NA,NA,NA,1864500,NA,NA,NA,NA,1147920,NA,NA,NA,NA,0,NA,NA,NA,NA,0,NA,NA,NA,NA,605500,NA,NA,NA,NA,0,NA,NA,NA,NA,5000,NA,NA,NA,NA,NA,NA,NA,NA,NA,530100,NA,NA,NA,NA,19000,NA,NA,NA,NA
M19 [Other Items],19.8',IFA- Pink ( Junior 6-10 yrs),2. Stocks Received,0,NA,NA,NA,NA,0,NA,NA,NA,NA,0,NA,NA,NA,NA,0,NA,NA,NA,NA,0,NA,NA,NA,NA,0,NA,NA,NA,NA,0,NA,NA,NA,NA,0,NA,NA,NA,NA,NA,NA,NA,NA,NA,0,NA,NA,NA,NA,0,NA,NA,NA,NA,0,NA,NA,NA,NA,0,NA,NA,NA,NA,0,NA,NA,NA,NA,NA,NA,NA,NA,NA,NA,NA,NA,NA,NA,0,NA,NA,NA,NA,0,NA,NA,NA,NA,0,NA,NA,NA,NA,0,NA,NA,NA,NA,0,NA,NA,NA,NA,0,NA,NA,NA,NA,0,NA,NA,NA,NA,0,NA,NA,NA,NA,0,NA,NA,NA,NA,NA,NA,NA,NA,NA,0,NA,NA,NA,NA,0,NA,NA,NA,NA
M19 [Other Items],19.8',IFA- Pink ( Junior 6-10 yrs),3. Unusable Stock,0,NA,NA,NA,NA,0,NA,NA,NA,NA,0,NA,NA,NA,NA,0,NA,NA,NA,NA,0,NA,NA,NA,NA,0,NA,NA,NA,NA,0,NA,NA,NA,NA,0,NA,NA,NA,NA,NA,NA,NA,NA,NA,0,NA,NA,NA,NA,0,NA,NA,NA,NA,NA,NA,NA,NA,NA,0,NA,NA,NA,NA,0,NA,NA,NA,NA,NA,NA,NA,NA,NA,NA,NA,NA,NA,NA,0,NA,NA,NA,NA,0,NA,NA,NA,NA,0,NA,NA,NA,NA,0,NA,NA,NA,NA,0,NA,NA,NA,NA,0,NA,NA,NA,NA,0,NA,NA,NA,NA,0,NA,NA,NA,NA,0,NA,NA,NA,NA,NA,NA,NA,NA,NA,0,NA,NA,NA,NA,0,NA,NA,NA,NA
M19 [Other Items],19.8',IFA- Pink ( Junior 6-10 yrs),4. Stock Distributed,3230600,NA,NA,NA,NA,6000,NA,NA,NA,NA,1400,NA,NA,NA,NA,0,NA,NA,NA,NA,0,NA,NA,NA,NA,0,NA,NA,NA,NA,2800,NA,NA,NA,NA,0,NA,NA,NA,NA,NA,NA,NA,NA,NA,157000,NA,NA,NA,NA,1200,NA,NA,NA,NA,4500,NA,NA,NA,NA,163700,NA,NA,NA,NA,10050,NA,NA,NA,NA,0,NA,NA,NA,NA,NA,NA,NA,NA,NA,0,NA,NA,NA,NA,416250,NA,NA,NA,NA,1861200,NA,NA,NA,NA,31500,NA,NA,NA,NA,0,NA,NA,NA,NA,0,NA,NA,NA,NA,465000,NA,NA,NA,NA,0,NA,NA,NA,NA,5000,NA,NA,NA,NA,NA,NA,NA,NA,NA,105000,NA,NA,NA,NA,0,NA,NA,NA,NA
M19 [Other Items],19.8',IFA- Pink ( Junior 6-10 yrs),5. Total Stock,2465905,NA,NA,NA,NA,30000,NA,NA,NA,NA,0,NA,NA,NA,NA,2700,NA,NA,NA,NA,31890,NA,NA,NA,NA,0,NA,NA,NA,NA,20500,NA,NA,NA,NA,0,NA,NA,NA,NA,0,NA,NA,NA,NA,384400,NA,NA,NA,NA,13745,NA,NA,NA,NA,26900,NA,NA,NA,NA,3000,NA,NA,NA,NA,0,NA,NA,NA,NA,5500,NA,NA,NA,NA,0,NA,NA,NA,NA,0,NA,NA,NA,NA,242950,NA,NA,NA,NA,3300,NA,NA,NA,NA,1116420,NA,NA,NA,NA,0,NA,NA,NA,NA,0,NA,NA,NA,NA,140500,NA,NA,NA,NA,0,NA,NA,NA,NA,0,NA,NA,NA,NA,0,NA,NA,NA,NA,425100,NA,NA,NA,NA,19000,NA,NA,NA,NA
M19 [Other Items],'19.9',IFA Syrup (Paediatric),1. Balance From Previous Month,787254,NA,NA,NA,NA,20800,NA,NA,NA,NA,31051,NA,NA,NA,NA,13600,NA,NA,NA,NA,25905,NA,NA,NA,NA,15,NA,NA,NA,NA,53275,NA,NA,NA,NA,3900,NA,NA,NA,NA,NA,NA,NA,NA,NA,46170,NA,NA,NA,NA,28300,NA,NA,NA,NA,30,NA,NA,NA,NA,54541,NA,NA,NA,NA,36900,NA,NA,NA,NA,40100,NA,NA,NA,NA,NA,NA,NA,NA,NA,0,NA,NA,NA,NA,49332,NA,NA,NA,NA,21061,NA,NA,NA,NA,17700,NA,NA,NA,NA,19445,NA,NA,NA,NA,0,NA,NA,NA,NA,183389,NA,NA,NA,NA,25790,NA,NA,NA,NA,28750,NA,NA,NA,NA,NA,NA,NA,NA,NA,64000,NA,NA,NA,NA,23200,NA,NA,NA,NA
M19 [Other Items],19.9',IFA Syrup (Paediatric),2. Stocks Received,0,NA,NA,NA,NA,0,NA,NA,NA,NA,0,NA,NA,NA,NA,0,NA,NA,NA,NA,0,NA,NA,NA,NA,0,NA,NA,NA,NA,0,NA,NA,NA,NA,0,NA,NA,NA,NA,NA,NA,NA,NA,NA,0,NA,NA,NA,NA,0,NA,NA,NA,NA,0,NA,NA,NA,NA,0,NA,NA,NA,NA,0,NA,NA,NA,NA,NA,NA,NA,NA,NA,NA,NA,NA,NA,NA,0,NA,NA,NA,NA,0,NA,NA,NA,NA,0,NA,NA,NA,NA,0,NA,NA,NA,NA,0,NA,NA,NA,NA,0,NA,NA,NA,NA,0,NA,NA,NA,NA,0,NA,NA,NA,NA,0,NA,NA,NA,NA,NA,NA,NA,NA,NA,0,NA,NA,NA,NA,0,NA,NA,NA,NA
M19 [Other Items],19.9',IFA Syrup (Paediatric),3. Unusable Stock,0,NA,NA,NA,NA,0,NA,NA,NA,NA,0,NA,NA,NA,NA,0,NA,NA,NA,NA,0,NA,NA,NA,NA,0,NA,NA,NA,NA,0,NA,NA,NA,NA,0,NA,NA,NA,NA,NA,NA,NA,NA,NA,0,NA,NA,NA,NA,0,NA,NA,NA,NA,NA,NA,NA,NA,NA,0,NA,NA,NA,NA,0,NA,NA,NA,NA,NA,NA,NA,NA,NA,NA,NA,NA,NA,NA,0,NA,NA,NA,NA,0,NA,NA,NA,NA,0,NA,NA,NA,NA,0,NA,NA,NA,NA,0,NA,NA,NA,NA,0,NA,NA,NA,NA,0,NA,NA,NA,NA,0,NA,NA,NA,NA,0,NA,NA,NA,NA,NA,NA,NA,NA,NA,0,NA,NA,NA,NA,0,NA,NA,NA,NA
M19 [Other Items],19.9',IFA Syrup (Paediatric),4. Stock Distributed,102491,NA,NA,NA,NA,1500,NA,NA,NA,NA,3601,NA,NA,NA,NA,1300,NA,NA,NA,NA,2000,NA,NA,NA,NA,0,NA,NA,NA,NA,9350,NA,NA,NA,NA,1000,NA,NA,NA,NA,NA,NA,NA,NA,NA,1150,NA,NA,NA,NA,1000,NA,NA,NA,NA,30,NA,NA,NA,NA,9300,NA,NA,NA,NA,3800,NA,NA,NA,NA,2050,NA,NA,NA,NA,NA,NA,NA,NA,NA,0,NA,NA,NA,NA,18000,NA,NA,NA,NA,700,NA,NA,NA,NA,3450,NA,NA,NA,NA,2300,NA,NA,NA,NA,0,NA,NA,NA,NA,8560,NA,NA,NA,NA,12650,NA,NA,NA,NA,2400,NA,NA,NA,NA,NA,NA,NA,NA,NA,11550,NA,NA,NA,NA,6800,NA,NA,NA,NA
M19 [Other Items],19.9',IFA Syrup (Paediatric),5. Total Stock,684763,NA,NA,NA,NA,19300,NA,NA,NA,NA,27450,NA,NA,NA,NA,12300,NA,NA,NA,NA,23905,NA,NA,NA,NA,15,NA,NA,NA,NA,43925,NA,NA,NA,NA,2900,NA,NA,NA,NA,0,NA,NA,NA,NA,45020,NA,NA,NA,NA,27300,NA,NA,NA,NA,0,NA,NA,NA,NA,45241,NA,NA,NA,NA,33100,NA,NA,NA,NA,38050,NA,NA,NA,NA,0,NA,NA,NA,NA,0,NA,NA,NA,NA,31332,NA,NA,NA,NA,20361,NA,NA,NA,NA,14250,NA,NA,NA,NA,17145,NA,NA,NA,NA,0,NA,NA,NA,NA,174829,NA,NA,NA,NA,13140,NA,NA,NA,NA,26350,NA,NA,NA,NA,0,NA,NA,NA,NA,52450,NA,NA,NA,NA,16400,NA,NA,NA,NA
M19 [Other Items],'19.10',Paediatrics Antibiotics ( Amoxycillin and Injectable Gentamicin),1. Balance From Previous Month,184570,NA,NA,NA,NA,120,NA,NA,NA,NA,10660,NA,NA,NA,NA,1775,NA,NA,NA,NA,0,NA,NA,NA,NA,11290,NA,NA,NA,NA,8550,NA,NA,NA,NA,0,NA,NA,NA,NA,NA,NA,NA,NA,NA,0,NA,NA,NA,NA,200,NA,NA,NA,NA,63965,NA,NA,NA,NA,26790,NA,NA,NA,NA,3580,NA,NA,NA,NA,NA,NA,NA,NA,NA,NA,NA,NA,NA,NA,0,NA,NA,NA,NA,0,NA,NA,NA,NA,0,NA,NA,NA,NA,610,NA,NA,NA,NA,46210,NA,NA,NA,NA,10820,NA,NA,NA,NA,0,NA,NA,NA,NA,0,NA,NA,NA,NA,0,NA,NA,NA,NA,NA,NA,NA,NA,NA,0,NA,NA,NA,NA,0,NA,NA,NA,NA
M19 [Other Items],19.10',Paediatrics Antibiotics ( Amoxycillin and Injectable Gentamicin),2. Stocks Received,6070,NA,NA,NA,NA,1470,NA,NA,NA,NA,0,NA,NA,NA,NA,0,NA,NA,NA,NA,0,NA,NA,NA,NA,0,NA,NA,NA,NA,0,NA,NA,NA,NA,0,NA,NA,NA,NA,NA,NA,NA,NA,NA,0,NA,NA,NA,NA,0,NA,NA,NA,NA,0,NA,NA,NA,NA,0,NA,NA,NA,NA,0,NA,NA,NA,NA,NA,NA,NA,NA,NA,NA,NA,NA,NA,NA,0,NA,NA,NA,NA,0,NA,NA,NA,NA,0,NA,NA,NA,NA,0,NA,NA,NA,NA,0,NA,NA,NA,NA,0,NA,NA,NA,NA,0,NA,NA,NA,NA,0,NA,NA,NA,NA,4600,NA,NA,NA,NA,NA,NA,NA,NA,NA,0,NA,NA,NA,NA,0,NA,NA,NA,NA
M19 [Other Items],19.10',Paediatrics Antibiotics ( Amoxycillin and Injectable Gentamicin),3. Unusable Stock,0,NA,NA,NA,NA,0,NA,NA,NA,NA,0,NA,NA,NA,NA,0,NA,NA,NA,NA,0,NA,NA,NA,NA,0,NA,NA,NA,NA,0,NA,NA,NA,NA,0,NA,NA,NA,NA,NA,NA,NA,NA,NA,0,NA,NA,NA,NA,0,NA,NA,NA,NA,NA,NA,NA,NA,NA,0,NA,NA,NA,NA,0,NA,NA,NA,NA,NA,NA,NA,NA,NA,NA,NA,NA,NA,NA,0,NA,NA,NA,NA,0,NA,NA,NA,NA,0,NA,NA,NA,NA,0,NA,NA,NA,NA,0,NA,NA,NA,NA,0,NA,NA,NA,NA,0,NA,NA,NA,NA,0,NA,NA,NA,NA,0,NA,NA,NA,NA,NA,NA,NA,NA,NA,0,NA,NA,NA,NA,0,NA,NA,NA,NA
M19 [Other Items],19.10',Paediatrics Antibiotics ( Amoxycillin and Injectable Gentamicin),4. Stock Distributed,63710,NA,NA,NA,NA,250,NA,NA,NA,NA,1620,NA,NA,NA,NA,0,NA,NA,NA,NA,0,NA,NA,NA,NA,9160,NA,NA,NA,NA,970,NA,NA,NA,NA,0,NA,NA,NA,NA,NA,NA,NA,NA,NA,0,NA,NA,NA,NA,200,NA,NA,NA,NA,25250,NA,NA,NA,NA,8840,NA,NA,NA,NA,700,NA,NA,NA,NA,NA,NA,NA,NA,NA,NA,NA,NA,NA,NA,0,NA,NA,NA,NA,0,NA,NA,NA,NA,0,NA,NA,NA,NA,270,NA,NA,NA,NA,13950,NA,NA,NA,NA,2500,NA,NA,NA,NA,0,NA,NA,NA,NA,0,NA,NA,NA,NA,0,NA,NA,NA,NA,NA,NA,NA,NA,NA,0,NA,NA,NA,NA,0,NA,NA,NA,NA
M19 [Other Items],19.10',Paediatrics Antibiotics ( Amoxycillin and Injectable Gentamicin),5. Total Stock,126930,NA,NA,NA,NA,1340,NA,NA,NA,NA,9040,NA,NA,NA,NA,1775,NA,NA,NA,NA,0,NA,NA,NA,NA,2130,NA,NA,NA,NA,7580,NA,NA,NA,NA,0,NA,NA,NA,NA,0,NA,NA,NA,NA,0,NA,NA,NA,NA,0,NA,NA,NA,NA,38715,NA,NA,NA,NA,17950,NA,NA,NA,NA,2880,NA,NA,NA,NA,0,NA,NA,NA,NA,0,NA,NA,NA,NA,0,NA,NA,NA,NA,0,NA,NA,NA,NA,0,NA,NA,NA,NA,340,NA,NA,NA,NA,32260,NA,NA,NA,NA,8320,NA,NA,NA,NA,0,NA,NA,NA,NA,0,NA,NA,NA,NA,4600,NA,NA,NA,NA,0,NA,NA,NA,NA,0,NA,NA,NA,NA,0,NA,NA,NA,NA
M19 [Other Items],'19.11',Vit A syrup,1. Balance From Previous Month,62,NA,NA,NA,NA,0,NA,NA,NA,NA,0,NA,NA,NA,NA,0,NA,NA,NA,NA,0,NA,NA,NA,NA,0,NA,NA,NA,NA,0,NA,NA,NA,NA,0,NA,NA,NA,NA,NA,NA,NA,NA,NA,28,NA,NA,NA,NA,0,NA,NA,NA,NA,0,NA,NA,NA,NA,0,NA,NA,NA,NA,0,NA,NA,NA,NA,0,NA,NA,NA,NA,NA,NA,NA,NA,NA,0,NA,NA,NA,NA,2,NA,NA,NA,NA,0,NA,NA,NA,NA,2,NA,NA,NA,NA,0,NA,NA,NA,NA,0,NA,NA,NA,NA,0,NA,NA,NA,NA,0,NA,NA,NA,NA,0,NA,NA,NA,NA,NA,NA,NA,NA,NA,0,NA,NA,NA,NA,30,NA,NA,NA,NA
M19 [Other Items],19.11',Vit A syrup,2. Stocks Received,0,NA,NA,NA,NA,0,NA,NA,NA,NA,0,NA,NA,NA,NA,0,NA,NA,NA,NA,0,NA,NA,NA,NA,0,NA,NA,NA,NA,0,NA,NA,NA,NA,0,NA,NA,NA,NA,NA,NA,NA,NA,NA,0,NA,NA,NA,NA,0,NA,NA,NA,NA,0,NA,NA,NA,NA,0,NA,NA,NA,NA,0,NA,NA,NA,NA,NA,NA,NA,NA,NA,NA,NA,NA,NA,NA,0,NA,NA,NA,NA,0,NA,NA,NA,NA,0,NA,NA,NA,NA,0,NA,NA,NA,NA,0,NA,NA,NA,NA,0,NA,NA,NA,NA,0,NA,NA,NA,NA,0,NA,NA,NA,NA,0,NA,NA,NA,NA,NA,NA,NA,NA,NA,0,NA,NA,NA,NA,0,NA,NA,NA,NA
M19 [Other Items],19.11',Vit A syrup,3. Unusable Stock,0,NA,NA,NA,NA,0,NA,NA,NA,NA,0,NA,NA,NA,NA,0,NA,NA,NA,NA,0,NA,NA,NA,NA,0,NA,NA,NA,NA,0,NA,NA,NA,NA,0,NA,NA,NA,NA,NA,NA,NA,NA,NA,0,NA,NA,NA,NA,0,NA,NA,NA,NA,NA,NA,NA,NA,NA,0,NA,NA,NA,NA,0,NA,NA,NA,NA,NA,NA,NA,NA,NA,NA,NA,NA,NA,NA,0,NA,NA,NA,NA,0,NA,NA,NA,NA,0,NA,NA,NA,NA,0,NA,NA,NA,NA,0,NA,NA,NA,NA,0,NA,NA,NA,NA,0,NA,NA,NA,NA,0,NA,NA,NA,NA,0,NA,NA,NA,NA,NA,NA,NA,NA,NA,0,NA,NA,NA,NA,0,NA,NA,NA,NA
M19 [Other Items],19.11',Vit A syrup,4. Stock Distributed,28,NA,NA,NA,NA,0,NA,NA,NA,NA,0,NA,NA,NA,NA,0,NA,NA,NA,NA,0,NA,NA,NA,NA,0,NA,NA,NA,NA,0,NA,NA,NA,NA,0,NA,NA,NA,NA,NA,NA,NA,NA,NA,28,NA,NA,NA,NA,0,NA,NA,NA,NA,0,NA,NA,NA,NA,0,NA,NA,NA,NA,0,NA,NA,NA,NA,NA,NA,NA,NA,NA,NA,NA,NA,NA,NA,0,NA,NA,NA,NA,0,NA,NA,NA,NA,0,NA,NA,NA,NA,0,NA,NA,NA,NA,0,NA,NA,NA,NA,0,NA,NA,NA,NA,0,NA,NA,NA,NA,0,NA,NA,NA,NA,0,NA,NA,NA,NA,NA,NA,NA,NA,NA,0,NA,NA,NA,NA,0,NA,NA,NA,NA
M19 [Other Items],19.11',Vit A syrup,5. Total Stock,34,NA,NA,NA,NA,0,NA,NA,NA,NA,0,NA,NA,NA,NA,0,NA,NA,NA,NA,0,NA,NA,NA,NA,0,NA,NA,NA,NA,0,NA,NA,NA,NA,0,NA,NA,NA,NA,0,NA,NA,NA,NA,0,NA,NA,NA,NA,0,NA,NA,NA,NA,0,NA,NA,NA,NA,0,NA,NA,NA,NA,0,NA,NA,NA,NA,0,NA,NA,NA,NA,0,NA,NA,NA,NA,0,NA,NA,NA,NA,2,NA,NA,NA,NA,0,NA,NA,NA,NA,2,NA,NA,NA,NA,0,NA,NA,NA,NA,0,NA,NA,NA,NA,0,NA,NA,NA,NA,0,NA,NA,NA,NA,0,NA,NA,NA,NA,0,NA,NA,NA,NA,0,NA,NA,NA,NA,30,NA,NA,NA,NA
M19 [Other Items],'19.12',ORS (New WHO),1. Balance From Previous Month,1242017,NA,NA,NA,NA,15900,NA,NA,NA,NA,20150,NA,NA,NA,NA,65950,NA,NA,NA,NA,58938,NA,NA,NA,NA,1800,NA,NA,NA,NA,66850,NA,NA,NA,NA,34650,NA,NA,NA,NA,NA,NA,NA,NA,NA,17870,NA,NA,NA,NA,12700,NA,NA,NA,NA,4100,NA,NA,NA,NA,1450,NA,NA,NA,NA,41440,NA,NA,NA,NA,5812,NA,NA,NA,NA,NA,NA,NA,NA,NA,0,NA,NA,NA,NA,38975,NA,NA,NA,NA,208650,NA,NA,NA,NA,74300,NA,NA,NA,NA,55500,NA,NA,NA,NA,15400,NA,NA,NA,NA,480010,NA,NA,NA,NA,1180,NA,NA,NA,NA,13992,NA,NA,NA,NA,NA,NA,NA,NA,NA,4750,NA,NA,NA,NA,1650,NA,NA,NA,NA
M19 [Other Items],19.12',ORS (New WHO),2. Stocks Received,1774097,NA,NA,NA,NA,51000,NA,NA,NA,NA,101400,NA,NA,NA,NA,51000,NA,NA,NA,NA,250000,NA,NA,NA,NA,51000,NA,NA,NA,NA,67200,NA,NA,NA,NA,60000,NA,NA,NA,NA,NA,NA,NA,NA,NA,111400,NA,NA,NA,NA,39097,NA,NA,NA,NA,162870,NA,NA,NA,NA,90000,NA,NA,NA,NA,75000,NA,NA,NA,NA,99600,NA,NA,NA,NA,NA,NA,NA,NA,NA,0,NA,NA,NA,NA,80400,NA,NA,NA,NA,0,NA,NA,NA,NA,0,NA,NA,NA,NA,181230,NA,NA,NA,NA,101400,NA,NA,NA,NA,0,NA,NA,NA,NA,64100,NA,NA,NA,NA,50400,NA,NA,NA,NA,NA,NA,NA,NA,NA,0,NA,NA,NA,NA,87000,NA,NA,NA,NA
M19 [Other Items],19.12',ORS (New WHO),3. Unusable Stock,0,NA,NA,NA,NA,0,NA,NA,NA,NA,0,NA,NA,NA,NA,0,NA,NA,NA,NA,0,NA,NA,NA,NA,0,NA,NA,NA,NA,0,NA,NA,NA,NA,0,NA,NA,NA,NA,NA,NA,NA,NA,NA,0,NA,NA,NA,NA,0,NA,NA,NA,NA,NA,NA,NA,NA,NA,0,NA,NA,NA,NA,0,NA,NA,NA,NA,NA,NA,NA,NA,NA,NA,NA,NA,NA,NA,0,NA,NA,NA,NA,0,NA,NA,NA,NA,0,NA,NA,NA,NA,0,NA,NA,NA,NA,0,NA,NA,NA,NA,0,NA,NA,NA,NA,0,NA,NA,NA,NA,0,NA,NA,NA,NA,0,NA,NA,NA,NA,NA,NA,NA,NA,NA,0,NA,NA,NA,NA,0,NA,NA,NA,NA
M19 [Other Items],19.12',ORS (New WHO),4. Stock Distributed,2030362,NA,NA,NA,NA,65700,NA,NA,NA,NA,115600,NA,NA,NA,NA,116300,NA,NA,NA,NA,150000,NA,NA,NA,NA,52700,NA,NA,NA,NA,110600,NA,NA,NA,NA,71700,NA,NA,NA,NA,NA,NA,NA,NA,NA,113900,NA,NA,NA,NA,49900,NA,NA,NA,NA,52850,NA,NA,NA,NA,90000,NA,NA,NA,NA,102450,NA,NA,NA,NA,100412,NA,NA,NA,NA,NA,NA,NA,NA,NA,0,NA,NA,NA,NA,117000,NA,NA,NA,NA,152700,NA,NA,NA,NA,74300,NA,NA,NA,NA,155700,NA,NA,NA,NA,57300,NA,NA,NA,NA,73200,NA,NA,NA,NA,65200,NA,NA,NA,NA,49600,NA,NA,NA,NA,NA,NA,NA,NA,NA,4750,NA,NA,NA,NA,88500,NA,NA,NA,NA
M19 [Other Items],19.12',ORS (New WHO),5. Total Stock,985752,NA,NA,NA,NA,1200,NA,NA,NA,NA,5950,NA,NA,NA,NA,650,NA,NA,NA,NA,158938,NA,NA,NA,NA,100,NA,NA,NA,NA,23450,NA,NA,NA,NA,22950,NA,NA,NA,NA,NA,NA,NA,NA,NA,15370,NA,NA,NA,NA,1897,NA,NA,NA,NA,114120,NA,NA,NA,NA,1450,NA,NA,NA,NA,13990,NA,NA,NA,NA,5000,NA,NA,NA,NA,NA,NA,NA,NA,NA,0,NA,NA,NA,NA,2375,NA,NA,NA,NA,55950,NA,NA,NA,NA,0,NA,NA,NA,NA,81030,NA,NA,NA,NA,59500,NA,NA,NA,NA,406810,NA,NA,NA,NA,80,NA,NA,NA,NA,14792,NA,NA,NA,NA,NA,NA,NA,NA,NA,0,NA,NA,NA,NA,150,NA,NA,NA,NA
M19 [Other Items],'19.13',RTI /STI colour coded syndromic kits ( I to VII),1. Balance From Previous Month,9637,NA,NA,NA,NA,1502,NA,NA,NA,NA,0,NA,NA,NA,NA,2930,NA,NA,NA,NA,0,NA,NA,NA,NA,0,NA,NA,NA,NA,0,NA,NA,NA,NA,0,NA,NA,NA,NA,NA,NA,NA,NA,NA,0,NA,NA,NA,NA,NA,NA,NA,NA,NA,NA,NA,NA,NA,NA,NA,NA,NA,NA,NA,0,NA,NA,NA,NA,NA,NA,NA,NA,NA,NA,NA,NA,NA,NA,0,NA,NA,NA,NA,0,NA,NA,NA,NA,0,NA,NA,NA,NA,0,NA,NA,NA,NA,0,NA,NA,NA,NA,0,NA,NA,NA,NA,0,NA,NA,NA,NA,0,NA,NA,NA,NA,880,NA,NA,NA,NA,NA,NA,NA,NA,NA,1335,NA,NA,NA,NA,2990,NA,NA,NA,NA
M19 [Other Items],19.13',RTI /STI colour coded syndromic kits ( I to VII),2. Stocks Received,100200,NA,NA,NA,NA,0,NA,NA,NA,NA,0,NA,NA,NA,NA,0,NA,NA,NA,NA,0,NA,NA,NA,NA,0,NA,NA,NA,NA,0,NA,NA,NA,NA,0,NA,NA,NA,NA,NA,NA,NA,NA,NA,0,NA,NA,NA,NA,NA,NA,NA,NA,NA,NA,NA,NA,NA,NA,NA,NA,NA,NA,NA,0,NA,NA,NA,NA,NA,NA,NA,NA,NA,NA,NA,NA,NA,NA,0,NA,NA,NA,NA,0,NA,NA,NA,NA,0,NA,NA,NA,NA,0,NA,NA,NA,NA,0,NA,NA,NA,NA,0,NA,NA,NA,NA,0,NA,NA,NA,NA,0,NA,NA,NA,NA,0,NA,NA,NA,NA,NA,NA,NA,NA,NA,100200,NA,NA,NA,NA,0,NA,NA,NA,NA
M19 [Other Items],19.13',RTI /STI colour coded syndromic kits ( I to VII),3. Unusable Stock,0,NA,NA,NA,NA,0,NA,NA,NA,NA,0,NA,NA,NA,NA,0,NA,NA,NA,NA,0,NA,NA,NA,NA,0,NA,NA,NA,NA,0,NA,NA,NA,NA,0,NA,NA,NA,NA,NA,NA,NA,NA,NA,0,NA,NA,NA,NA,NA,NA,NA,NA,NA,NA,NA,NA,NA,NA,NA,NA,NA,NA,NA,0,NA,NA,NA,NA,NA,NA,NA,NA,NA,NA,NA,NA,NA,NA,0,NA,NA,NA,NA,0,NA,NA,NA,NA,0,NA,NA,NA,NA,0,NA,NA,NA,NA,0,NA,NA,NA,NA,0,NA,NA,NA,NA,0,NA,NA,NA,NA,0,NA,NA,NA,NA,0,NA,NA,NA,NA,NA,NA,NA,NA,NA,0,NA,NA,NA,NA,0,NA,NA,NA,NA
M19 [Other Items],19.13',RTI /STI colour coded syndromic kits ( I to VII),4. Stock Distributed,100218,NA,NA,NA,NA,0,NA,NA,NA,NA,0,NA,NA,NA,NA,0,NA,NA,NA,NA,0,NA,NA,NA,NA,0,NA,NA,NA,NA,0,NA,NA,NA,NA,0,NA,NA,NA,NA,NA,NA,NA,NA,NA,0,NA,NA,NA,NA,NA,NA,NA,NA,NA,NA,NA,NA,NA,NA,NA,NA,NA,NA,NA,0,NA,NA,NA,NA,NA,NA,NA,NA,NA,NA,NA,NA,NA,NA,0,NA,NA,NA,NA,0,NA,NA,NA,NA,0,NA,NA,NA,NA,0,NA,NA,NA,NA,0,NA,NA,NA,NA,0,NA,NA,NA,NA,0,NA,NA,NA,NA,0,NA,NA,NA,NA,18,NA,NA,NA,NA,NA,NA,NA,NA,NA,100200,NA,NA,NA,NA,0,NA,NA,NA,NA
M19 [Other Items],19.13',RTI /STI colour coded syndromic kits ( I to VII),5. Total Stock,9619,NA,NA,NA,NA,1502,NA,NA,NA,NA,0,NA,NA,NA,NA,2930,NA,NA,NA,NA,0,NA,NA,NA,NA,0,NA,NA,NA,NA,0,NA,NA,NA,NA,0,NA,NA,NA,NA,NA,NA,NA,NA,NA,0,NA,NA,NA,NA,NA,NA,NA,NA,NA,NA,NA,NA,NA,NA,NA,NA,NA,NA,NA,0,NA,NA,NA,NA,NA,NA,NA,NA,NA,NA,NA,NA,NA,NA,0,NA,NA,NA,NA,0,NA,NA,NA,NA,0,NA,NA,NA,NA,0,NA,NA,NA,NA,0,NA,NA,NA,NA,0,NA,NA,NA,NA,0,NA,NA,NA,NA,0,NA,NA,NA,NA,862,NA,NA,NA,NA,NA,NA,NA,NA,NA,1335,NA,NA,NA,NA,2990,NA,NA,NA,NA
M19 [Other Items],'19.14',Zinc 20 mg tablet,1. Balance From Previous Month,22879731,NA,NA,NA,NA,696216,NA,NA,NA,NA,2520640,NA,NA,NA,NA,1068338,NA,NA,NA,NA,2531996,NA,NA,NA,NA,267064,NA,NA,NA,NA,1225776,NA,NA,NA,NA,828288,NA,NA,NA,NA,NA,NA,NA,NA,NA,1475531,NA,NA,NA,NA,226496,NA,NA,NA,NA,1329272,NA,NA,NA,NA,NA,NA,NA,NA,NA,373878,NA,NA,NA,NA,522092,NA,NA,NA,NA,NA,NA,NA,NA,NA,0,NA,NA,NA,NA,1018418,NA,NA,NA,NA,1529000,NA,NA,NA,NA,1230216,NA,NA,NA,NA,503048,NA,NA,NA,NA,900430,NA,NA,NA,NA,607838,NA,NA,NA,NA,1053380,NA,NA,NA,NA,846394,NA,NA,NA,NA,NA,NA,NA,NA,NA,1575220,NA,NA,NA,NA,550200,NA,NA,NA,NA
M19 [Other Items],19.14',Zinc 20 mg tablet,2. Stocks Received,0,NA,NA,NA,NA,0,NA,NA,NA,NA,0,NA,NA,NA,NA,0,NA,NA,NA,NA,0,NA,NA,NA,NA,0,NA,NA,NA,NA,0,NA,NA,NA,NA,0,NA,NA,NA,NA,NA,NA,NA,NA,NA,0,NA,NA,NA,NA,0,NA,NA,NA,NA,0,NA,NA,NA,NA,NA,NA,NA,NA,NA,0,NA,NA,NA,NA,NA,NA,NA,NA,NA,NA,NA,NA,NA,NA,0,NA,NA,NA,NA,0,NA,NA,NA,NA,0,NA,NA,NA,NA,0,NA,NA,NA,NA,0,NA,NA,NA,NA,0,NA,NA,NA,NA,0,NA,NA,NA,NA,0,NA,NA,NA,NA,0,NA,NA,NA,NA,NA,NA,NA,NA,NA,0,NA,NA,NA,NA,0,NA,NA,NA,NA
M19 [Other Items],19.14',Zinc 20 mg tablet,3. Unusable Stock,0,NA,NA,NA,NA,0,NA,NA,NA,NA,0,NA,NA,NA,NA,0,NA,NA,NA,NA,0,NA,NA,NA,NA,0,NA,NA,NA,NA,0,NA,NA,NA,NA,0,NA,NA,NA,NA,NA,NA,NA,NA,NA,0,NA,NA,NA,NA,0,NA,NA,NA,NA,NA,NA,NA,NA,NA,NA,NA,NA,NA,NA,0,NA,NA,NA,NA,NA,NA,NA,NA,NA,NA,NA,NA,NA,NA,0,NA,NA,NA,NA,0,NA,NA,NA,NA,0,NA,NA,NA,NA,0,NA,NA,NA,NA,0,NA,NA,NA,NA,0,NA,NA,NA,NA,0,NA,NA,NA,NA,0,NA,NA,NA,NA,0,NA,NA,NA,NA,NA,NA,NA,NA,NA,0,NA,NA,NA,NA,0,NA,NA,NA,NA
M19 [Other Items],19.14',Zinc 20 mg tablet,4. Stock Distributed,11619496,NA,NA,NA,NA,372900,NA,NA,NA,NA,2220400,NA,NA,NA,NA,676120,NA,NA,NA,NA,600000,NA,NA,NA,NA,166236,NA,NA,NA,NA,665200,NA,NA,NA,NA,784820,NA,NA,NA,NA,NA,NA,NA,NA,NA,577780,NA,NA,NA,NA,97240,NA,NA,NA,NA,353700,NA,NA,NA,NA,NA,NA,NA,NA,NA,212900,NA,NA,NA,NA,256300,NA,NA,NA,NA,NA,NA,NA,NA,NA,0,NA,NA,NA,NA,710720,NA,NA,NA,NA,1350200,NA,NA,NA,NA,402080,NA,NA,NA,NA,250250,NA,NA,NA,NA,416430,NA,NA,NA,NA,62700,NA,NA,NA,NA,409820,NA,NA,NA,NA,327700,NA,NA,NA,NA,NA,NA,NA,NA,NA,229200,NA,NA,NA,NA,476800,NA,NA,NA,NA
M19 [Other Items],19.14',Zinc 20 mg tablet,5. Total Stock,11260235,NA,NA,NA,NA,323316,NA,NA,NA,NA,300240,NA,NA,NA,NA,392218,NA,NA,NA,NA,1931996,NA,NA,NA,NA,100828,NA,NA,NA,NA,560576,NA,NA,NA,NA,43468,NA,NA,NA,NA,NA,NA,NA,NA,NA,897751,NA,NA,NA,NA,129256,NA,NA,NA,NA,975572,NA,NA,NA,NA,NA,NA,NA,NA,NA,160978,NA,NA,NA,NA,265792,NA,NA,NA,NA,NA,NA,NA,NA,NA,0,NA,NA,NA,NA,307698,NA,NA,NA,NA,178800,NA,NA,NA,NA,828136,NA,NA,NA,NA,252798,NA,NA,NA,NA,484000,NA,NA,NA,NA,545138,NA,NA,NA,NA,643560,NA,NA,NA,NA,518694,NA,NA,NA,NA,NA,NA,NA,NA,NA,1346020,NA,NA,NA,NA,73400,NA,NA,NA,NA
M19 [Other Items],'19.15',Albendazole 400 mg tablet,1. Balance From Previous Month,1549020,NA,NA,NA,NA,3100,NA,NA,NA,NA,24350,NA,NA,NA,NA,14500,NA,NA,NA,NA,6410,NA,NA,NA,NA,24400,NA,NA,NA,NA,86100,NA,NA,NA,NA,17500,NA,NA,NA,NA,NA,NA,NA,NA,NA,121900,NA,NA,NA,NA,6470,NA,NA,NA,NA,66000,NA,NA,NA,NA,NA,NA,NA,NA,NA,16000,NA,NA,NA,NA,29600,NA,NA,NA,NA,NA,NA,NA,NA,NA,0,NA,NA,NA,NA,3400,NA,NA,NA,NA,85590,NA,NA,NA,NA,40200,NA,NA,NA,NA,20500,NA,NA,NA,NA,0,NA,NA,NA,NA,738600,NA,NA,NA,NA,100,NA,NA,NA,NA,63100,NA,NA,NA,NA,NA,NA,NA,NA,NA,176200,NA,NA,NA,NA,5000,NA,NA,NA,NA
M19 [Other Items],19.15',Albendazole 400 mg tablet,2. Stocks Received,300000,NA,NA,NA,NA,0,NA,NA,NA,NA,0,NA,NA,NA,NA,0,NA,NA,NA,NA,0,NA,NA,NA,NA,0,NA,NA,NA,NA,0,NA,NA,NA,NA,0,NA,NA,NA,NA,NA,NA,NA,NA,NA,0,NA,NA,NA,NA,0,NA,NA,NA,NA,0,NA,NA,NA,NA,NA,NA,NA,NA,NA,0,NA,NA,NA,NA,NA,NA,NA,NA,NA,NA,NA,NA,NA,NA,0,NA,NA,NA,NA,0,NA,NA,NA,NA,0,NA,NA,NA,NA,0,NA,NA,NA,NA,0,NA,NA,NA,NA,0,NA,NA,NA,NA,300000,NA,NA,NA,NA,0,NA,NA,NA,NA,0,NA,NA,NA,NA,NA,NA,NA,NA,NA,0,NA,NA,NA,NA,0,NA,NA,NA,NA
M19 [Other Items],19.15',Albendazole 400 mg tablet,3. Unusable Stock,0,NA,NA,NA,NA,0,NA,NA,NA,NA,0,NA,NA,NA,NA,0,NA,NA,NA,NA,0,NA,NA,NA,NA,0,NA,NA,NA,NA,0,NA,NA,NA,NA,0,NA,NA,NA,NA,NA,NA,NA,NA,NA,0,NA,NA,NA,NA,0,NA,NA,NA,NA,NA,NA,NA,NA,NA,NA,NA,NA,NA,NA,0,NA,NA,NA,NA,NA,NA,NA,NA,NA,NA,NA,NA,NA,NA,0,NA,NA,NA,NA,0,NA,NA,NA,NA,0,NA,NA,NA,NA,0,NA,NA,NA,NA,0,NA,NA,NA,NA,0,NA,NA,NA,NA,0,NA,NA,NA,NA,0,NA,NA,NA,NA,0,NA,NA,NA,NA,NA,NA,NA,NA,NA,0,NA,NA,NA,NA,0,NA,NA,NA,NA
M19 [Other Items],19.15',Albendazole 400 mg tablet,4. Stock Distributed,1105410,NA,NA,NA,NA,1500,NA,NA,NA,NA,12600,NA,NA,NA,NA,10900,NA,NA,NA,NA,6410,NA,NA,NA,NA,4800,NA,NA,NA,NA,19000,NA,NA,NA,NA,10000,NA,NA,NA,NA,NA,NA,NA,NA,NA,7900,NA,NA,NA,NA,2500,NA,NA,NA,NA,10000,NA,NA,NA,NA,NA,NA,NA,NA,NA,3900,NA,NA,NA,NA,4500,NA,NA,NA,NA,NA,NA,NA,NA,NA,0,NA,NA,NA,NA,3400,NA,NA,NA,NA,19100,NA,NA,NA,NA,8300,NA,NA,NA,NA,8600,NA,NA,NA,NA,0,NA,NA,NA,NA,944000,NA,NA,NA,NA,100,NA,NA,NA,NA,18500,NA,NA,NA,NA,NA,NA,NA,NA,NA,5400,NA,NA,NA,NA,4000,NA,NA,NA,NA
M19 [Other Items],19.15',Albendazole 400 mg tablet,5. Total Stock,743610,NA,NA,NA,NA,1600,NA,NA,NA,NA,11750,NA,NA,NA,NA,3600,NA,NA,NA,NA,0,NA,NA,NA,NA,19600,NA,NA,NA,NA,67100,NA,NA,NA,NA,7500,NA,NA,NA,NA,NA,NA,NA,NA,NA,114000,NA,NA,NA,NA,3970,NA,NA,NA,NA,56000,NA,NA,NA,NA,NA,NA,NA,NA,NA,12100,NA,NA,NA,NA,25100,NA,NA,NA,NA,NA,NA,NA,NA,NA,0,NA,NA,NA,NA,0,NA,NA,NA,NA,66490,NA,NA,NA,NA,31900,NA,NA,NA,NA,11900,NA,NA,NA,NA,0,NA,NA,NA,NA,94600,NA,NA,NA,NA,0,NA,NA,NA,NA,44600,NA,NA,NA,NA,NA,NA,NA,NA,NA,170800,NA,NA,NA,NA,1000,NA,NA,NA,NA
M19 [Other Items],'19.16',Calcium Tablets,1. Balance From Previous Month,54059990,NA,NA,NA,NA,266,NA,NA,NA,NA,46190,NA,NA,NA,NA,2638280,NA,NA,NA,NA,769000,NA,NA,NA,NA,2069870,NA,NA,NA,NA,4339420,NA,NA,NA,NA,0,NA,NA,NA,NA,NA,NA,NA,NA,NA,6248160,NA,NA,NA,NA,558140,NA,NA,NA,NA,0,NA,NA,NA,NA,2348130,NA,NA,NA,NA,2522110,NA,NA,NA,NA,3786650,NA,NA,NA,NA,NA,NA,NA,NA,NA,0,NA,NA,NA,NA,134,NA,NA,NA,NA,50,NA,NA,NA,NA,4498180,NA,NA,NA,NA,3181100,NA,NA,NA,NA,0,NA,NA,NA,NA,12587790,NA,NA,NA,NA,1826050,NA,NA,NA,NA,2050450,NA,NA,NA,NA,NA,NA,NA,NA,NA,3538820,NA,NA,NA,NA,1051200,NA,NA,NA,NA
M19 [Other Items],19.16',Calcium Tablets,2. Stocks Received,4395400,NA,NA,NA,NA,400000,NA,NA,NA,NA,0,NA,NA,NA,NA,0,NA,NA,NA,NA,0,NA,NA,NA,NA,250000,NA,NA,NA,NA,0,NA,NA,NA,NA,60000,NA,NA,NA,NA,NA,NA,NA,NA,NA,0,NA,NA,NA,NA,0,NA,NA,NA,NA,400000,NA,NA,NA,NA,0,NA,NA,NA,NA,0,NA,NA,NA,NA,NA,NA,NA,NA,NA,NA,NA,NA,NA,NA,0,NA,NA,NA,NA,500000,NA,NA,NA,NA,0,NA,NA,NA,NA,0,NA,NA,NA,NA,0,NA,NA,NA,NA,0,NA,NA,NA,NA,0,NA,NA,NA,NA,0,NA,NA,NA,NA,0,NA,NA,NA,NA,NA,NA,NA,NA,NA,2785400,NA,NA,NA,NA,0,NA,NA,NA,NA
M19 [Other Items],19.16',Calcium Tablets,3. Unusable Stock,0,NA,NA,NA,NA,0,NA,NA,NA,NA,0,NA,NA,NA,NA,0,NA,NA,NA,NA,0,NA,NA,NA,NA,0,NA,NA,NA,NA,0,NA,NA,NA,NA,0,NA,NA,NA,NA,NA,NA,NA,NA,NA,0,NA,NA,NA,NA,0,NA,NA,NA,NA,NA,NA,NA,NA,NA,0,NA,NA,NA,NA,0,NA,NA,NA,NA,NA,NA,NA,NA,NA,NA,NA,NA,NA,NA,0,NA,NA,NA,NA,0,NA,NA,NA,NA,0,NA,NA,NA,NA,0,NA,NA,NA,NA,0,NA,NA,NA,NA,0,NA,NA,NA,NA,0,NA,NA,NA,NA,0,NA,NA,NA,NA,0,NA,NA,NA,NA,NA,NA,NA,NA,NA,0,NA,NA,NA,NA,0,NA,NA,NA,NA
M19 [Other Items],19.16',Calcium Tablets,4. Stock Distributed,7768326,NA,NA,NA,NA,96466,NA,NA,NA,NA,0,NA,NA,NA,NA,990400,NA,NA,NA,NA,100000,NA,NA,NA,NA,194300,NA,NA,NA,NA,1032000,NA,NA,NA,NA,0,NA,NA,NA,NA,NA,NA,NA,NA,NA,590900,NA,NA,NA,NA,106000,NA,NA,NA,NA,0,NA,NA,NA,NA,1042500,NA,NA,NA,NA,170110,NA,NA,NA,NA,137650,NA,NA,NA,NA,NA,NA,NA,NA,NA,0,NA,NA,NA,NA,0,NA,NA,NA,NA,50,NA,NA,NA,NA,355250,NA,NA,NA,NA,718600,NA,NA,NA,NA,0,NA,NA,NA,NA,922500,NA,NA,NA,NA,379300,NA,NA,NA,NA,377000,NA,NA,NA,NA,NA,NA,NA,NA,NA,0,NA,NA,NA,NA,555300,NA,NA,NA,NA
M19 [Other Items],19.16',Calcium Tablets,5. Total Stock,50690114,NA,NA,NA,NA,306800,NA,NA,NA,NA,46190,NA,NA,NA,NA,1647880,NA,NA,NA,NA,669000,NA,NA,NA,NA,2125570,NA,NA,NA,NA,3307420,NA,NA,NA,NA,60000,NA,NA,NA,NA,NA,NA,NA,NA,NA,5657260,NA,NA,NA,NA,452140,NA,NA,NA,NA,400000,NA,NA,NA,NA,1305630,NA,NA,NA,NA,2352000,NA,NA,NA,NA,3649000,NA,NA,NA,NA,NA,NA,NA,NA,NA,0,NA,NA,NA,NA,500134,NA,NA,NA,NA,50,NA,NA,NA,NA,4142930,NA,NA,NA,NA,2462500,NA,NA,NA,NA,0,NA,NA,NA,NA,11665290,NA,NA,NA,NA,1446750,NA,NA,NA,NA,1673450,NA,NA,NA,NA,NA,NA,NA,NA,NA,6324220,NA,NA,NA,NA,495900,NA,NA,NA,NA
M20 [Syringes],'20.1',Syringes - 0.1 ml (AD),1. Balance From Previous Month,442429,NA,NA,NA,NA,6000,NA,NA,NA,NA,18960,NA,NA,NA,NA,1400,NA,NA,NA,NA,41750,NA,NA,NA,NA,4700,NA,NA,NA,NA,23465,NA,NA,NA,NA,17700,NA,NA,NA,NA,NA,NA,NA,NA,NA,17080,NA,NA,NA,NA,1775,NA,NA,NA,NA,6750,NA,NA,NA,NA,31200,NA,NA,NA,NA,18300,NA,NA,NA,NA,615,NA,NA,NA,NA,24840,NA,NA,NA,NA,28735,NA,NA,NA,NA,23475,NA,NA,NA,NA,18000,NA,NA,NA,NA,22100,NA,NA,NA,NA,19000,NA,NA,NA,NA,12190,NA,NA,NA,NA,57000,NA,NA,NA,NA,13650,NA,NA,NA,NA,13000,NA,NA,NA,NA,10344,NA,NA,NA,NA,0,NA,NA,NA,NA,10400,NA,NA,NA,NA
M20 [Syringes],20.1',Syringes - 0.1 ml (AD),2. Stocks Received,133200,NA,NA,NA,NA,0,NA,NA,NA,NA,0,NA,NA,NA,NA,0,NA,NA,NA,NA,27000,NA,NA,NA,NA,0,NA,NA,NA,NA,0,NA,NA,NA,NA,6000,NA,NA,NA,NA,NA,NA,NA,NA,NA,0,NA,NA,NA,NA,6000,NA,NA,NA,NA,0,NA,NA,NA,NA,0,NA,NA,NA,NA,1200,NA,NA,NA,NA,12000,NA,NA,NA,NA,0,NA,NA,NA,NA,0,NA,NA,NA,NA,0,NA,NA,NA,NA,21000,NA,NA,NA,NA,0,NA,NA,NA,NA,9000,NA,NA,NA,NA,0,NA,NA,NA,NA,NA,NA,NA,NA,NA,0,NA,NA,NA,NA,0,NA,NA,NA,NA,27000,NA,NA,NA,NA,18000,NA,NA,NA,NA,6000,NA,NA,NA,NA
M20 [Syringes],20.1',Syringes - 0.1 ml (AD),3. Unusable Stock,0,NA,NA,NA,NA,0,NA,NA,NA,NA,0,NA,NA,NA,NA,0,NA,NA,NA,NA,0,NA,NA,NA,NA,0,NA,NA,NA,NA,0,NA,NA,NA,NA,0,NA,NA,NA,NA,NA,NA,NA,NA,NA,0,NA,NA,NA,NA,0,NA,NA,NA,NA,NA,NA,NA,NA,NA,0,NA,NA,NA,NA,0,NA,NA,NA,NA,NA,NA,NA,NA,NA,0,NA,NA,NA,NA,0,NA,NA,NA,NA,0,NA,NA,NA,NA,0,NA,NA,NA,NA,0,NA,NA,NA,NA,0,NA,NA,NA,NA,0,NA,NA,NA,NA,NA,NA,NA,NA,NA,0,NA,NA,NA,NA,0,NA,NA,NA,NA,0,NA,NA,NA,NA,0,NA,NA,NA,NA,0,NA,NA,NA,NA
M20 [Syringes],20.1',Syringes - 0.1 ml (AD),4. Stock Distributed,128340,NA,NA,NA,NA,500,NA,NA,NA,NA,10000,NA,NA,NA,NA,600,NA,NA,NA,NA,9050,NA,NA,NA,NA,800,NA,NA,NA,NA,4850,NA,NA,NA,NA,4600,NA,NA,NA,NA,NA,NA,NA,NA,NA,9000,NA,NA,NA,NA,800,NA,NA,NA,NA,3700,NA,NA,NA,NA,11700,NA,NA,NA,NA,5800,NA,NA,NA,NA,4520,NA,NA,NA,NA,4500,NA,NA,NA,NA,3200,NA,NA,NA,NA,1720,NA,NA,NA,NA,7000,NA,NA,NA,NA,6000,NA,NA,NA,NA,4800,NA,NA,NA,NA,5000,NA,NA,NA,NA,NA,NA,NA,NA,NA,3600,NA,NA,NA,NA,4200,NA,NA,NA,NA,11100,NA,NA,NA,NA,8000,NA,NA,NA,NA,3300,NA,NA,NA,NA
M20 [Syringes],20.1',Syringes - 0.1 ml (AD),5. Total Stock,447289,NA,NA,NA,NA,5500,NA,NA,NA,NA,8960,NA,NA,NA,NA,800,NA,NA,NA,NA,59700,NA,NA,NA,NA,3900,NA,NA,NA,NA,18615,NA,NA,NA,NA,19100,NA,NA,NA,NA,0,NA,NA,NA,NA,8080,NA,NA,NA,NA,6975,NA,NA,NA,NA,3050,NA,NA,NA,NA,19500,NA,NA,NA,NA,13700,NA,NA,NA,NA,8095,NA,NA,NA,NA,20340,NA,NA,NA,NA,25535,NA,NA,NA,NA,21755,NA,NA,NA,NA,32000,NA,NA,NA,NA,16100,NA,NA,NA,NA,23200,NA,NA,NA,NA,7190,NA,NA,NA,NA,57000,NA,NA,NA,NA,10050,NA,NA,NA,NA,8800,NA,NA,NA,NA,26244,NA,NA,NA,NA,10000,NA,NA,NA,NA,13100,NA,NA,NA,NA
M20 [Syringes],'20.2',Syringes - 0.5 ml (AD),1. Balance From Previous Month,2821403,NA,NA,NA,NA,74000,NA,NA,NA,NA,72300,NA,NA,NA,NA,154900,NA,NA,NA,NA,154600,NA,NA,NA,NA,156300,NA,NA,NA,NA,18000,NA,NA,NA,NA,500400,NA,NA,NA,NA,NA,NA,NA,NA,NA,38580,NA,NA,NA,NA,90200,NA,NA,NA,NA,8400,NA,NA,NA,NA,223000,NA,NA,NA,NA,14000,NA,NA,NA,NA,22461,NA,NA,NA,NA,55000,NA,NA,NA,NA,70800,NA,NA,NA,NA,358000,NA,NA,NA,NA,29800,NA,NA,NA,NA,74000,NA,NA,NA,NA,92000,NA,NA,NA,NA,10600,NA,NA,NA,NA,36162,NA,NA,NA,NA,357280,NA,NA,NA,NA,23000,NA,NA,NA,NA,11200,NA,NA,NA,NA,70420,NA,NA,NA,NA,106000,NA,NA,NA,NA
M20 [Syringes],20.2',Syringes - 0.5 ml (AD),2. Stocks Received,258000,NA,NA,NA,NA,30000,NA,NA,NA,NA,0,NA,NA,NA,NA,30000,NA,NA,NA,NA,0,NA,NA,NA,NA,0,NA,NA,NA,NA,0,NA,NA,NA,NA,0,NA,NA,NA,NA,NA,NA,NA,NA,NA,0,NA,NA,NA,NA,24000,NA,NA,NA,NA,30000,NA,NA,NA,NA,0,NA,NA,NA,NA,20000,NA,NA,NA,NA,0,NA,NA,NA,NA,0,NA,NA,NA,NA,0,NA,NA,NA,NA,24000,NA,NA,NA,NA,0,NA,NA,NA,NA,0,NA,NA,NA,NA,0,NA,NA,NA,NA,0,NA,NA,NA,NA,NA,NA,NA,NA,NA,20000,NA,NA,NA,NA,0,NA,NA,NA,NA,60000,NA,NA,NA,NA,0,NA,NA,NA,NA,20000,NA,NA,NA,NA
M20 [Syringes],20.2',Syringes - 0.5 ml (AD),3. Unusable Stock,0,NA,NA,NA,NA,0,NA,NA,NA,NA,0,NA,NA,NA,NA,0,NA,NA,NA,NA,0,NA,NA,NA,NA,0,NA,NA,NA,NA,0,NA,NA,NA,NA,0,NA,NA,NA,NA,NA,NA,NA,NA,NA,0,NA,NA,NA,NA,0,NA,NA,NA,NA,NA,NA,NA,NA,NA,0,NA,NA,NA,NA,0,NA,NA,NA,NA,NA,NA,NA,NA,NA,0,NA,NA,NA,NA,0,NA,NA,NA,NA,0,NA,NA,NA,NA,0,NA,NA,NA,NA,0,NA,NA,NA,NA,0,NA,NA,NA,NA,0,NA,NA,NA,NA,NA,NA,NA,NA,NA,0,NA,NA,NA,NA,0,NA,NA,NA,NA,0,NA,NA,NA,NA,0,NA,NA,NA,NA,0,NA,NA,NA,NA
M20 [Syringes],20.2',Syringes - 0.5 ml (AD),4. Stock Distributed,454709,NA,NA,NA,NA,38000,NA,NA,NA,NA,14000,NA,NA,NA,NA,30000,NA,NA,NA,NA,33200,NA,NA,NA,NA,2200,NA,NA,NA,NA,15000,NA,NA,NA,NA,6000,NA,NA,NA,NA,NA,NA,NA,NA,NA,6200,NA,NA,NA,NA,12000,NA,NA,NA,NA,25000,NA,NA,NA,NA,12000,NA,NA,NA,NA,2000,NA,NA,NA,NA,20900,NA,NA,NA,NA,10000,NA,NA,NA,NA,16800,NA,NA,NA,NA,98009,NA,NA,NA,NA,0,NA,NA,NA,NA,0,NA,NA,NA,NA,20000,NA,NA,NA,NA,4600,NA,NA,NA,NA,NA,NA,NA,NA,NA,200,NA,NA,NA,NA,5600,NA,NA,NA,NA,52000,NA,NA,NA,NA,27000,NA,NA,NA,NA,4000,NA,NA,NA,NA
M20 [Syringes],20.2',Syringes - 0.5 ml (AD),5. Total Stock,2624694,NA,NA,NA,NA,66000,NA,NA,NA,NA,58300,NA,NA,NA,NA,154900,NA,NA,NA,NA,121400,NA,NA,NA,NA,154100,NA,NA,NA,NA,3000,NA,NA,NA,NA,494400,NA,NA,NA,NA,0,NA,NA,NA,NA,32380,NA,NA,NA,NA,102200,NA,NA,NA,NA,13400,NA,NA,NA,NA,211000,NA,NA,NA,NA,32000,NA,NA,NA,NA,1561,NA,NA,NA,NA,45000,NA,NA,NA,NA,54000,NA,NA,NA,NA,283991,NA,NA,NA,NA,29800,NA,NA,NA,NA,74000,NA,NA,NA,NA,72000,NA,NA,NA,NA,6000,NA,NA,NA,NA,36162,NA,NA,NA,NA,377080,NA,NA,NA,NA,17400,NA,NA,NA,NA,19200,NA,NA,NA,NA,43420,NA,NA,NA,NA,122000,NA,NA,NA,NA
M20 [Syringes],'20.3',Syringes - 5.0 ml (Disposable),1. Balance From Previous Month,3278269,NA,NA,NA,NA,76700,NA,NA,NA,NA,20914,NA,NA,NA,NA,2800,NA,NA,NA,NA,21500,NA,NA,NA,NA,7600,NA,NA,NA,NA,127170,NA,NA,NA,NA,4700,NA,NA,NA,NA,NA,NA,NA,NA,NA,262900,NA,NA,NA,NA,4047,NA,NA,NA,NA,800,NA,NA,NA,NA,14420,NA,NA,NA,NA,3800,NA,NA,NA,NA,1750,NA,NA,NA,NA,11790,NA,NA,NA,NA,111500,NA,NA,NA,NA,7172,NA,NA,NA,NA,3000,NA,NA,NA,NA,8400,NA,NA,NA,NA,571300,NA,NA,NA,NA,156180,NA,NA,NA,NA,1793200,NA,NA,NA,NA,16876,NA,NA,NA,NA,45800,NA,NA,NA,NA,350,NA,NA,NA,NA,0,NA,NA,NA,NA,3600,NA,NA,NA,NA
M20 [Syringes],20.3',Syringes - 5.0 ml (Disposable),2. Stocks Received,67400,NA,NA,NA,NA,0,NA,NA,NA,NA,0,NA,NA,NA,NA,0,NA,NA,NA,NA,9600,NA,NA,NA,NA,0,NA,NA,NA,NA,0,NA,NA,NA,NA,4800,NA,NA,NA,NA,NA,NA,NA,NA,NA,0,NA,NA,NA,NA,2400,NA,NA,NA,NA,0,NA,NA,NA,NA,0,NA,NA,NA,NA,4800,NA,NA,NA,NA,5000,NA,NA,NA,NA,0,NA,NA,NA,NA,0,NA,NA,NA,NA,0,NA,NA,NA,NA,7200,NA,NA,NA,NA,0,NA,NA,NA,NA,0,NA,NA,NA,NA,0,NA,NA,NA,NA,NA,NA,NA,NA,NA,0,NA,NA,NA,NA,0,NA,NA,NA,NA,16800,NA,NA,NA,NA,12000,NA,NA,NA,NA,4800,NA,NA,NA,NA
M20 [Syringes],20.3',Syringes - 5.0 ml (Disposable),3. Unusable Stock,0,NA,NA,NA,NA,0,NA,NA,NA,NA,0,NA,NA,NA,NA,0,NA,NA,NA,NA,0,NA,NA,NA,NA,0,NA,NA,NA,NA,0,NA,NA,NA,NA,0,NA,NA,NA,NA,NA,NA,NA,NA,NA,0,NA,NA,NA,NA,0,NA,NA,NA,NA,NA,NA,NA,NA,NA,0,NA,NA,NA,NA,0,NA,NA,NA,NA,NA,NA,NA,NA,NA,0,NA,NA,NA,NA,0,NA,NA,NA,NA,0,NA,NA,NA,NA,0,NA,NA,NA,NA,0,NA,NA,NA,NA,0,NA,NA,NA,NA,0,NA,NA,NA,NA,0,NA,NA,NA,NA,0,NA,NA,NA,NA,0,NA,NA,NA,NA,0,NA,NA,NA,NA,0,NA,NA,NA,NA,0,NA,NA,NA,NA
M20 [Syringes],20.3',Syringes - 5.0 ml (Disposable),4. Stock Distributed,715180,NA,NA,NA,NA,16250,NA,NA,NA,NA,13364,NA,NA,NA,NA,0,NA,NA,NA,NA,3500,NA,NA,NA,NA,0,NA,NA,NA,NA,2400,NA,NA,NA,NA,1800,NA,NA,NA,NA,NA,NA,NA,NA,NA,31200,NA,NA,NA,NA,200,NA,NA,NA,NA,800,NA,NA,NA,NA,8050,NA,NA,NA,NA,2800,NA,NA,NA,NA,2610,NA,NA,NA,NA,2000,NA,NA,NA,NA,1350,NA,NA,NA,NA,646,NA,NA,NA,NA,2600,NA,NA,NA,NA,1600,NA,NA,NA,NA,45000,NA,NA,NA,NA,45700,NA,NA,NA,NA,494900,NA,NA,NA,NA,600,NA,NA,NA,NA,25610,NA,NA,NA,NA,4200,NA,NA,NA,NA,5600,NA,NA,NA,NA,2400,NA,NA,NA,NA
M20 [Syringes],20.3',Syringes - 5.0 ml (Disposable),5. Total Stock,2630489,NA,NA,NA,NA,60450,NA,NA,NA,NA,7550,NA,NA,NA,NA,2800,NA,NA,NA,NA,27600,NA,NA,NA,NA,7600,NA,NA,NA,NA,124770,NA,NA,NA,NA,7700,NA,NA,NA,NA,0,NA,NA,NA,NA,231700,NA,NA,NA,NA,6247,NA,NA,NA,NA,0,NA,NA,NA,NA,6370,NA,NA,NA,NA,5800,NA,NA,NA,NA,4140,NA,NA,NA,NA,9790,NA,NA,NA,NA,110150,NA,NA,NA,NA,6526,NA,NA,NA,NA,7600,NA,NA,NA,NA,6800,NA,NA,NA,NA,526300,NA,NA,NA,NA,110480,NA,NA,NA,NA,1298300,NA,NA,NA,NA,16276,NA,NA,NA,NA,20190,NA,NA,NA,NA,12950,NA,NA,NA,NA,6400,NA,NA,NA,NA,6000,NA,NA,NA,NA
M21 [Rashtriya Bal Swasthaya Karyakram (RBSK)],'21.1',Number of newborn screened for defects at birth (as per RBSK),TOTAL,20329,NA,NA,NA,NA,9,NA,NA,NA,NA,338,NA,NA,NA,NA,823,NA,NA,NA,NA,1320,NA,NA,NA,NA,212,NA,NA,NA,NA,675,NA,NA,NA,NA,788,NA,NA,NA,NA,2526,NA,NA,NA,NA,555,NA,NA,NA,NA,272,NA,NA,NA,NA,1473,NA,NA,NA,NA,663,NA,NA,NA,NA,394,NA,NA,NA,NA,1082,NA,NA,NA,NA,191,NA,NA,NA,NA,883,NA,NA,NA,NA,278,NA,NA,NA,NA,458,NA,NA,NA,NA,358,NA,NA,NA,NA,NA,NA,NA,NA,NA,456,NA,NA,NA,NA,3998,NA,NA,NA,NA,132,NA,NA,NA,NA,539,NA,NA,NA,NA,NA,NA,NA,NA,NA,1035,NA,NA,NA,NA,871,NA,NA,NA,NA
M21 [Rashtriya Bal Swasthaya Karyakram (RBSK)],'21.2',Number of children (6 month to 6 years) screened by RBSK mobile health teams at Anganwadi center,TOTAL,197070,NA,NA,NA,NA,6413,NA,NA,NA,NA,14059,NA,NA,NA,NA,8477,NA,NA,NA,NA,7338,NA,NA,NA,NA,2410,NA,NA,NA,NA,3138,NA,NA,NA,NA,8919,NA,NA,NA,NA,10096,NA,NA,NA,NA,9639,NA,NA,NA,NA,1207,NA,NA,NA,NA,9226,NA,NA,NA,NA,6675,NA,NA,NA,NA,6647,NA,NA,NA,NA,7735,NA,NA,NA,NA,5781,NA,NA,NA,NA,16344,NA,NA,NA,NA,10514,NA,NA,NA,NA,8253,NA,NA,NA,NA,5816,NA,NA,NA,NA,NA,NA,NA,NA,NA,5048,NA,NA,NA,NA,19426,NA,NA,NA,NA,5984,NA,NA,NA,NA,7665,NA,NA,NA,NA,NA,NA,NA,NA,NA,5859,NA,NA,NA,NA,4401,NA,NA,NA,NA
M21 [Rashtriya Bal Swasthaya Karyakram (RBSK)],'21.3',Number of children (6 years to 18 years) screened by RBSK mobile health teams at Govt and Govt aided schools,TOTAL,421259,NA,NA,NA,NA,14645,NA,NA,NA,NA,22167,NA,NA,NA,NA,15147,NA,NA,NA,NA,20865,NA,NA,NA,NA,8663,NA,NA,NA,NA,9324,NA,NA,NA,NA,15315,NA,NA,NA,NA,29070,NA,NA,NA,NA,19713,NA,NA,NA,NA,4859,NA,NA,NA,NA,20108,NA,NA,NA,NA,14236,NA,NA,NA,NA,10421,NA,NA,NA,NA,17497,NA,NA,NA,NA,12391,NA,NA,NA,NA,34166,NA,NA,NA,NA,19421,NA,NA,NA,NA,16315,NA,NA,NA,NA,13292,NA,NA,NA,NA,NA,NA,NA,NA,NA,9771,NA,NA,NA,NA,43970,NA,NA,NA,NA,12857,NA,NA,NA,NA,18507,NA,NA,NA,NA,NA,NA,NA,NA,NA,10105,NA,NA,NA,NA,8434,NA,NA,NA,NA
M21 [Rashtriya Bal Swasthaya Karyakram (RBSK)],'21.4.1.a',Number of Male children identified with Disease,TOTAL,4110,NA,NA,NA,NA,81,NA,NA,NA,NA,86,NA,NA,NA,NA,385,NA,NA,NA,NA,793,NA,NA,NA,NA,100,NA,NA,NA,NA,209,NA,NA,NA,NA,170,NA,NA,NA,NA,146,NA,NA,NA,NA,180,NA,NA,NA,NA,131,NA,NA,NA,NA,67,NA,NA,NA,NA,80,NA,NA,NA,NA,159,NA,NA,NA,NA,264,NA,NA,NA,NA,106,NA,NA,NA,NA,181,NA,NA,NA,NA,48,NA,NA,NA,NA,62,NA,NA,NA,NA,88,NA,NA,NA,NA,NA,NA,NA,NA,NA,62,NA,NA,NA,NA,259,NA,NA,NA,NA,230,NA,NA,NA,NA,53,NA,NA,NA,NA,NA,NA,NA,NA,NA,114,NA,NA,NA,NA,56,NA,NA,NA,NA
M21 [Rashtriya Bal Swasthaya Karyakram (RBSK)],'21.4.1.b',Number of Female children identified with Disease,TOTAL,4283,NA,NA,NA,NA,67,NA,NA,NA,NA,137,NA,NA,NA,NA,406,NA,NA,NA,NA,787,NA,NA,NA,NA,104,NA,NA,NA,NA,183,NA,NA,NA,NA,191,NA,NA,NA,NA,212,NA,NA,NA,NA,220,NA,NA,NA,NA,130,NA,NA,NA,NA,88,NA,NA,NA,NA,53,NA,NA,NA,NA,128,NA,NA,NA,NA,308,NA,NA,NA,NA,83,NA,NA,NA,NA,224,NA,NA,NA,NA,44,NA,NA,NA,NA,40,NA,NA,NA,NA,44,NA,NA,NA,NA,NA,NA,NA,NA,NA,56,NA,NA,NA,NA,255,NA,NA,NA,NA,246,NA,NA,NA,NA,83,NA,NA,NA,NA,NA,NA,NA,NA,NA,152,NA,NA,NA,NA,42,NA,NA,NA,NA
M21 [Rashtriya Bal Swasthaya Karyakram (RBSK)],'21.4.2.a',Number of Male children identified with Deficiency,TOTAL,335,NA,NA,NA,NA,10,NA,NA,NA,NA,15,NA,NA,NA,NA,12,NA,NA,NA,NA,74,NA,NA,NA,NA,0,NA,NA,NA,NA,12,NA,NA,NA,NA,5,NA,NA,NA,NA,11,NA,NA,NA,NA,8,NA,NA,NA,NA,2,NA,NA,NA,NA,12,NA,NA,NA,NA,7,NA,NA,NA,NA,8,NA,NA,NA,NA,26,NA,NA,NA,NA,40,NA,NA,NA,NA,1,NA,NA,NA,NA,4,NA,NA,NA,NA,12,NA,NA,NA,NA,8,NA,NA,NA,NA,NA,NA,NA,NA,NA,7,NA,NA,NA,NA,16,NA,NA,NA,NA,26,NA,NA,NA,NA,8,NA,NA,NA,NA,NA,NA,NA,NA,NA,8,NA,NA,NA,NA,3,NA,NA,NA,NA
M21 [Rashtriya Bal Swasthaya Karyakram (RBSK)],'21.4.2.b',Number of Female children identified with Deficiency,TOTAL,485,NA,NA,NA,NA,17,NA,NA,NA,NA,38,NA,NA,NA,NA,7,NA,NA,NA,NA,91,NA,NA,NA,NA,2,NA,NA,NA,NA,10,NA,NA,NA,NA,5,NA,NA,NA,NA,17,NA,NA,NA,NA,19,NA,NA,NA,NA,6,NA,NA,NA,NA,7,NA,NA,NA,NA,6,NA,NA,NA,NA,11,NA,NA,NA,NA,30,NA,NA,NA,NA,46,NA,NA,NA,NA,3,NA,NA,NA,NA,4,NA,NA,NA,NA,12,NA,NA,NA,NA,9,NA,NA,NA,NA,NA,NA,NA,NA,NA,9,NA,NA,NA,NA,28,NA,NA,NA,NA,68,NA,NA,NA,NA,15,NA,NA,NA,NA,NA,NA,NA,NA,NA,20,NA,NA,NA,NA,5,NA,NA,NA,NA
M21 [Rashtriya Bal Swasthaya Karyakram (RBSK)],'21.4.3.a',Number of Male children identified with Developmental delay,TOTAL,1430,NA,NA,NA,NA,64,NA,NA,NA,NA,46,NA,NA,NA,NA,114,NA,NA,NA,NA,133,NA,NA,NA,NA,26,NA,NA,NA,NA,55,NA,NA,NA,NA,61,NA,NA,NA,NA,48,NA,NA,NA,NA,73,NA,NA,NA,NA,32,NA,NA,NA,NA,24,NA,NA,NA,NA,75,NA,NA,NA,NA,30,NA,NA,NA,NA,70,NA,NA,NA,NA,59,NA,NA,NA,NA,35,NA,NA,NA,NA,53,NA,NA,NA,NA,31,NA,NA,NA,NA,53,NA,NA,NA,NA,NA,NA,NA,NA,NA,22,NA,NA,NA,NA,139,NA,NA,NA,NA,83,NA,NA,NA,NA,27,NA,NA,NA,NA,NA,NA,NA,NA,NA,49,NA,NA,NA,NA,28,NA,NA,NA,NA
M21 [Rashtriya Bal Swasthaya Karyakram (RBSK)],'21.4.3.b',Number of Female children identified with Developmental delay,TOTAL,1331,NA,NA,NA,NA,49,NA,NA,NA,NA,44,NA,NA,NA,NA,80,NA,NA,NA,NA,104,NA,NA,NA,NA,22,NA,NA,NA,NA,48,NA,NA,NA,NA,33,NA,NA,NA,NA,48,NA,NA,NA,NA,91,NA,NA,NA,NA,36,NA,NA,NA,NA,39,NA,NA,NA,NA,71,NA,NA,NA,NA,21,NA,NA,NA,NA,116,NA,NA,NA,NA,52,NA,NA,NA,NA,21,NA,NA,NA,NA,51,NA,NA,NA,NA,33,NA,NA,NA,NA,33,NA,NA,NA,NA,NA,NA,NA,NA,NA,25,NA,NA,NA,NA,141,NA,NA,NA,NA,78,NA,NA,NA,NA,32,NA,NA,NA,NA,NA,NA,NA,NA,NA,30,NA,NA,NA,NA,33,NA,NA,NA,NA
M21 [Rashtriya Bal Swasthaya Karyakram (RBSK)],'21.5.1',Number of Children Managed by Intervention - Medical,TOTAL,8145,NA,NA,NA,NA,254,NA,NA,NA,NA,431,NA,NA,NA,NA,929,NA,NA,NA,NA,1216,NA,NA,NA,NA,80,NA,NA,NA,NA,397,NA,NA,NA,NA,505,NA,NA,NA,NA,356,NA,NA,NA,NA,269,NA,NA,NA,NA,275,NA,NA,NA,NA,173,NA,NA,NA,NA,251,NA,NA,NA,NA,180,NA,NA,NA,NA,717,NA,NA,NA,NA,356,NA,NA,NA,NA,97,NA,NA,NA,NA,81,NA,NA,NA,NA,104,NA,NA,NA,NA,60,NA,NA,NA,NA,NA,NA,NA,NA,NA,32,NA,NA,NA,NA,512,NA,NA,NA,NA,291,NA,NA,NA,NA,133,NA,NA,NA,NA,NA,NA,NA,NA,NA,338,NA,NA,NA,NA,108,NA,NA,NA,NA
M21 [Rashtriya Bal Swasthaya Karyakram (RBSK)],'21.5.2',Number of Children Managed by Intervention - Surgical,TOTAL,90,NA,NA,NA,NA,1,NA,NA,NA,NA,2,NA,NA,NA,NA,2,NA,NA,NA,NA,1,NA,NA,NA,NA,16,NA,NA,NA,NA,0,NA,NA,NA,NA,0,NA,NA,NA,NA,0,NA,NA,NA,NA,0,NA,NA,NA,NA,0,NA,NA,NA,NA,0,NA,NA,NA,NA,0,NA,NA,NA,NA,0,NA,NA,NA,NA,41,NA,NA,NA,NA,1,NA,NA,NA,NA,7,NA,NA,NA,NA,0,NA,NA,NA,NA,1,NA,NA,NA,NA,0,NA,NA,NA,NA,NA,NA,NA,NA,NA,0,NA,NA,NA,NA,1,NA,NA,NA,NA,1,NA,NA,NA,NA,14,NA,NA,NA,NA,NA,NA,NA,NA,NA,1,NA,NA,NA,NA,1,NA,NA,NA,NA
M21 [Rashtriya Bal Swasthaya Karyakram (RBSK)],'21.5.3',Early intervention at DEIC ( District Early Intervention Centre),TOTAL,142,NA,NA,NA,NA,0,NA,NA,NA,NA,0,NA,NA,NA,NA,7,NA,NA,NA,NA,0,NA,NA,NA,NA,0,NA,NA,NA,NA,37,NA,NA,NA,NA,0,NA,NA,NA,NA,0,NA,NA,NA,NA,0,NA,NA,NA,NA,0,NA,NA,NA,NA,0,NA,NA,NA,NA,0,NA,NA,NA,NA,0,NA,NA,NA,NA,30,NA,NA,NA,NA,68,NA,NA,NA,NA,0,NA,NA,NA,NA,0,NA,NA,NA,NA,0,NA,NA,NA,NA,0,NA,NA,NA,NA,NA,NA,NA,NA,NA,0,NA,NA,NA,NA,0,NA,NA,NA,NA,0,NA,NA,NA,NA,0,NA,NA,NA,NA,NA,NA,NA,NA,NA,0,NA,NA,NA,NA,0,NA,NA,NA,NA
M22 [Adolscent Health],'22.1.1.a',Girls (6th -12th class) provided 4 IFA tablets in schools,TOTAL,694710,NA,NA,NA,NA,20376,NA,NA,NA,NA,1580,NA,NA,NA,NA,22926,NA,NA,NA,NA,45397,NA,NA,NA,NA,11880,NA,NA,NA,NA,20136,NA,NA,NA,NA,22073,NA,NA,NA,NA,58250,NA,NA,NA,NA,29044,NA,NA,NA,NA,5321,NA,NA,NA,NA,27995,NA,NA,NA,NA,35948,NA,NA,NA,NA,14489,NA,NA,NA,NA,23219,NA,NA,NA,NA,26086,NA,NA,NA,NA,46839,NA,NA,NA,NA,18755,NA,NA,NA,NA,23425,NA,NA,NA,NA,23230,NA,NA,NA,NA,NA,NA,NA,NA,NA,29168,NA,NA,NA,NA,97525,NA,NA,NA,NA,20341,NA,NA,NA,NA,26145,NA,NA,NA,NA,NA,NA,NA,NA,NA,27009,NA,NA,NA,NA,17553,NA,NA,NA,NA
M22 [Adolscent Health],'22.1.1.b',Boys (6th -12th class) provided 4 IFA tablets in schools,TOTAL,661779,NA,NA,NA,NA,20432,NA,NA,NA,NA,1263,NA,NA,NA,NA,23125,NA,NA,NA,NA,44906,NA,NA,NA,NA,11108,NA,NA,NA,NA,17911,NA,NA,NA,NA,20735,NA,NA,NA,NA,61600,NA,NA,NA,NA,23672,NA,NA,NA,NA,5278,NA,NA,NA,NA,26218,NA,NA,NA,NA,34388,NA,NA,NA,NA,13208,NA,NA,NA,NA,21872,NA,NA,NA,NA,22590,NA,NA,NA,NA,46110,NA,NA,NA,NA,17523,NA,NA,NA,NA,23456,NA,NA,NA,NA,22150,NA,NA,NA,NA,NA,NA,NA,NA,NA,22760,NA,NA,NA,NA,89655,NA,NA,NA,NA,22726,NA,NA,NA,NA,26231,NA,NA,NA,NA,NA,NA,NA,NA,NA,26309,NA,NA,NA,NA,16553,NA,NA,NA,NA
M22 [Adolscent Health],'22.1.2.a',Girls (6th -12th class) provided albendazole in schools,TOTAL,5334,NA,NA,NA,NA,0,NA,NA,NA,NA,NA,NA,NA,NA,NA,0,NA,NA,NA,NA,0,NA,NA,NA,NA,0,NA,NA,NA,NA,0,NA,NA,NA,NA,0,NA,NA,NA,NA,0,NA,NA,NA,NA,0,NA,NA,NA,NA,0,NA,NA,NA,NA,NA,NA,NA,NA,NA,0,NA,NA,NA,NA,300,NA,NA,NA,NA,NA,NA,NA,NA,NA,5034,NA,NA,NA,NA,0,NA,NA,NA,NA,0,NA,NA,NA,NA,0,NA,NA,NA,NA,0,NA,NA,NA,NA,NA,NA,NA,NA,NA,0,NA,NA,NA,NA,0,NA,NA,NA,NA,0,NA,NA,NA,NA,0,NA,NA,NA,NA,NA,NA,NA,NA,NA,0,NA,NA,NA,NA,0,NA,NA,NA,NA
M22 [Adolscent Health],'22.1.2.b',Boys (6th -12th class) provided albendazole in schools,TOTAL,4723,NA,NA,NA,NA,0,NA,NA,NA,NA,NA,NA,NA,NA,NA,0,NA,NA,NA,NA,0,NA,NA,NA,NA,0,NA,NA,NA,NA,0,NA,NA,NA,NA,0,NA,NA,NA,NA,0,NA,NA,NA,NA,0,NA,NA,NA,NA,0,NA,NA,NA,NA,NA,NA,NA,NA,NA,0,NA,NA,NA,NA,300,NA,NA,NA,NA,NA,NA,NA,NA,NA,4423,NA,NA,NA,NA,0,NA,NA,NA,NA,0,NA,NA,NA,NA,0,NA,NA,NA,NA,0,NA,NA,NA,NA,NA,NA,NA,NA,NA,0,NA,NA,NA,NA,0,NA,NA,NA,NA,0,NA,NA,NA,NA,0,NA,NA,NA,NA,NA,NA,NA,NA,NA,0,NA,NA,NA,NA,0,NA,NA,NA,NA
M22 [Adolscent Health],'22.1.3',Number of out of school adolscent girls (10-19 years) provided 4 IFA tablets at Anganwadi Centres,TOTAL,154268,NA,NA,NA,NA,1541,NA,NA,NA,NA,5667,NA,NA,NA,NA,3948,NA,NA,NA,NA,19437,NA,NA,NA,NA,209,NA,NA,NA,NA,8926,NA,NA,NA,NA,1067,NA,NA,NA,NA,5438,NA,NA,NA,NA,12023,NA,NA,NA,NA,856,NA,NA,NA,NA,2395,NA,NA,NA,NA,7455,NA,NA,NA,NA,4608,NA,NA,NA,NA,5091,NA,NA,NA,NA,3067,NA,NA,NA,NA,1403,NA,NA,NA,NA,975,NA,NA,NA,NA,3934,NA,NA,NA,NA,8740,NA,NA,NA,NA,NA,NA,NA,NA,NA,3432,NA,NA,NA,NA,10562,NA,NA,NA,NA,1367,NA,NA,NA,NA,7451,NA,NA,NA,NA,NA,NA,NA,NA,NA,29943,NA,NA,NA,NA,4733,NA,NA,NA,NA
M22 [Adolscent Health],'22.1.4',Number of out of school adolscent girls (10-19 years) provided albendazole at Anganwadi Centres,TOTAL,234,NA,NA,NA,NA,0,NA,NA,NA,NA,NA,NA,NA,NA,NA,0,NA,NA,NA,NA,0,NA,NA,NA,NA,0,NA,NA,NA,NA,0,NA,NA,NA,NA,0,NA,NA,NA,NA,0,NA,NA,NA,NA,0,NA,NA,NA,NA,0,NA,NA,NA,NA,NA,NA,NA,NA,NA,0,NA,NA,NA,NA,0,NA,NA,NA,NA,NA,NA,NA,NA,NA,0,NA,NA,NA,NA,234,NA,NA,NA,NA,0,NA,NA,NA,NA,0,NA,NA,NA,NA,0,NA,NA,NA,NA,NA,NA,NA,NA,NA,0,NA,NA,NA,NA,0,NA,NA,NA,NA,0,NA,NA,NA,NA,0,NA,NA,NA,NA,NA,NA,NA,NA,NA,0,NA,NA,NA,NA,0,NA,NA,NA,NA
M22 [Adolscent Health],'22.2.1',Number of adolescent girls provided sanitary napkin packs,TOTAL,21241,NA,NA,NA,NA,0,NA,NA,NA,NA,396,NA,NA,NA,NA,3528,NA,NA,NA,NA,6698,NA,NA,NA,NA,0,NA,NA,NA,NA,1960,NA,NA,NA,NA,0,NA,NA,NA,NA,NA,NA,NA,NA,NA,0,NA,NA,NA,NA,NA,NA,NA,NA,NA,NA,NA,NA,NA,NA,2103,NA,NA,NA,NA,125,NA,NA,NA,NA,241,NA,NA,NA,NA,80,NA,NA,NA,NA,0,NA,NA,NA,NA,0,NA,NA,NA,NA,1537,NA,NA,NA,NA,1590,NA,NA,NA,NA,NA,NA,NA,NA,NA,1156,NA,NA,NA,NA,1827,NA,NA,NA,NA,0,NA,NA,NA,NA,0,NA,NA,NA,NA,NA,NA,NA,NA,NA,0,NA,NA,NA,NA,0,NA,NA,NA,NA
M22 [Adolscent Health],'22.2.2',Number of sanitary napkin packs sold to adolescent girls,TOTAL,21342,NA,NA,NA,NA,0,NA,NA,NA,NA,260,NA,NA,NA,NA,3528,NA,NA,NA,NA,3923,NA,NA,NA,NA,0,NA,NA,NA,NA,4054,NA,NA,NA,NA,0,NA,NA,NA,NA,NA,NA,NA,NA,NA,0,NA,NA,NA,NA,NA,NA,NA,NA,NA,NA,NA,NA,NA,NA,3564,NA,NA,NA,NA,125,NA,NA,NA,NA,241,NA,NA,NA,NA,80,NA,NA,NA,NA,0,NA,NA,NA,NA,0,NA,NA,NA,NA,810,NA,NA,NA,NA,1590,NA,NA,NA,NA,NA,NA,NA,NA,NA,1156,NA,NA,NA,NA,2011,NA,NA,NA,NA,0,NA,NA,NA,NA,0,NA,NA,NA,NA,NA,NA,NA,NA,NA,0,NA,NA,NA,NA,0,NA,NA,NA,NA
M22 [Adolscent Health],'22.2.3',Number of sanitary napkin packs distributed free to ASHA,TOTAL,3195,NA,NA,NA,NA,0,NA,NA,NA,NA,4,NA,NA,NA,NA,0,NA,NA,NA,NA,57,NA,NA,NA,NA,0,NA,NA,NA,NA,500,NA,NA,NA,NA,0,NA,NA,NA,NA,NA,NA,NA,NA,NA,0,NA,NA,NA,NA,NA,NA,NA,NA,NA,NA,NA,NA,NA,NA,188,NA,NA,NA,NA,5,NA,NA,NA,NA,0,NA,NA,NA,NA,52,NA,NA,NA,NA,1000,NA,NA,NA,NA,0,NA,NA,NA,NA,216,NA,NA,NA,NA,42,NA,NA,NA,NA,NA,NA,NA,NA,NA,59,NA,NA,NA,NA,1072,NA,NA,NA,NA,0,NA,NA,NA,NA,0,NA,NA,NA,NA,NA,NA,NA,NA,NA,0,NA,NA,NA,NA,0,NA,NA,NA,NA
M22 [Adolscent Health],'22.2.4',Number of adolescent girls attended monthly meeting,TOTAL,2130,NA,NA,NA,NA,0,NA,NA,NA,NA,0,NA,NA,NA,NA,0,NA,NA,NA,NA,458,NA,NA,NA,NA,0,NA,NA,NA,NA,2,NA,NA,NA,NA,0,NA,NA,NA,NA,NA,NA,NA,NA,NA,0,NA,NA,NA,NA,NA,NA,NA,NA,NA,NA,NA,NA,NA,NA,717,NA,NA,NA,NA,1,NA,NA,NA,NA,241,NA,NA,NA,NA,41,NA,NA,NA,NA,0,NA,NA,NA,NA,0,NA,NA,NA,NA,13,NA,NA,NA,NA,NA,NA,NA,NA,NA,NA,NA,NA,NA,NA,0,NA,NA,NA,NA,657,NA,NA,NA,NA,0,NA,NA,NA,NA,0,NA,NA,NA,NA,NA,NA,NA,NA,NA,0,NA,NA,NA,NA,0,NA,NA,NA,NA
M23 [Coverage under WIFS JUNIOR (Weekly Iron Folic Acid Supplementation Programme for children 6 - 1,'23.1',Number of children covered under WIFS JUNIOR (6 - 10 years ) provided 4-5 IFA tablets in schools,TOTAL,1437251,NA,NA,NA,NA,72897,NA,NA,NA,NA,26807,NA,NA,NA,NA,47679,NA,NA,NA,NA,109303,NA,NA,NA,NA,13892,NA,NA,NA,NA,83298,NA,NA,NA,NA,42455,NA,NA,NA,NA,142511,NA,NA,NA,NA,58865,NA,NA,NA,NA,9857,NA,NA,NA,NA,80942,NA,NA,NA,NA,72351,NA,NA,NA,NA,32448,NA,NA,NA,NA,63469,NA,NA,NA,NA,16800,NA,NA,NA,NA,75217,NA,NA,NA,NA,46854,NA,NA,NA,NA,18023,NA,NA,NA,NA,36780,NA,NA,NA,NA,NA,NA,NA,NA,NA,72292,NA,NA,NA,NA,139849,NA,NA,NA,NA,38157,NA,NA,NA,NA,50832,NA,NA,NA,NA,NA,NA,NA,NA,NA,54275,NA,NA,NA,NA,31398,NA,NA,NA,NA
M23 [Coverage under WIFS JUNIOR (Weekly Iron Folic Acid Supplementation Programme for children 6 - 1,'23.2',Number of children (6 - 10 years) provided albendazole in schools,TOTAL,8707,NA,NA,NA,NA,0,NA,NA,NA,NA,0,NA,NA,NA,NA,0,NA,NA,NA,NA,0,NA,NA,NA,NA,4776,NA,NA,NA,NA,0,NA,NA,NA,NA,0,NA,NA,NA,NA,0,NA,NA,NA,NA,0,NA,NA,NA,NA,0,NA,NA,NA,NA,NA,NA,NA,NA,NA,0,NA,NA,NA,NA,150,NA,NA,NA,NA,3100,NA,NA,NA,NA,0,NA,NA,NA,NA,0,NA,NA,NA,NA,0,NA,NA,NA,NA,0,NA,NA,NA,NA,0,NA,NA,NA,NA,NA,NA,NA,NA,NA,0,NA,NA,NA,NA,681,NA,NA,NA,NA,0,NA,NA,NA,NA,0,NA,NA,NA,NA,NA,NA,NA,NA,NA,0,NA,NA,NA,NA,0,NA,NA,NA,NA
M23 [Coverage under WIFS JUNIOR (Weekly Iron Folic Acid Supplementation Programme for children 6 - 1,'23.3',Number of out of school children (6-10 years) given 4-5 IFA tablets at Anganwadi Centres,TOTAL,57741,NA,NA,NA,NA,0,NA,NA,NA,NA,325,NA,NA,NA,NA,1453,NA,NA,NA,NA,2407,NA,NA,NA,NA,62,NA,NA,NA,NA,327,NA,NA,NA,NA,0,NA,NA,NA,NA,3654,NA,NA,NA,NA,2864,NA,NA,NA,NA,0,NA,NA,NA,NA,NA,NA,NA,NA,NA,675,NA,NA,NA,NA,1494,NA,NA,NA,NA,851,NA,NA,NA,NA,576,NA,NA,NA,NA,190,NA,NA,NA,NA,0,NA,NA,NA,NA,77,NA,NA,NA,NA,0,NA,NA,NA,NA,NA,NA,NA,NA,NA,19396,NA,NA,NA,NA,23390,NA,NA,NA,NA,0,NA,NA,NA,NA,0,NA,NA,NA,NA,NA,NA,NA,NA,NA,0,NA,NA,NA,NA,0,NA,NA,NA,NA
M23 [Coverage under WIFS JUNIOR (Weekly Iron Folic Acid Supplementation Programme for children 6 - 1,'23.4',Number of out of school children (6-10 years) provided albendazole at Anganwadi Centres,TOTAL,1355,NA,NA,NA,NA,0,NA,NA,NA,NA,0,NA,NA,NA,NA,0,NA,NA,NA,NA,0,NA,NA,NA,NA,32,NA,NA,NA,NA,0,NA,NA,NA,NA,0,NA,NA,NA,NA,0,NA,NA,NA,NA,0,NA,NA,NA,NA,0,NA,NA,NA,NA,NA,NA,NA,NA,NA,0,NA,NA,NA,NA,500,NA,NA,NA,NA,0,NA,NA,NA,NA,0,NA,NA,NA,NA,0,NA,NA,NA,NA,0,NA,NA,NA,NA,0,NA,NA,NA,NA,0,NA,NA,NA,NA,NA,NA,NA,NA,NA,0,NA,NA,NA,NA,823,NA,NA,NA,NA,0,NA,NA,NA,NA,0,NA,NA,NA,NA,NA,NA,NA,NA,NA,0,NA,NA,NA,NA,0,NA,NA,NA,NA
M24 [Maternal Death Reviews (MDR) Done],'24.1',Total Maternal Deaths Reviewed (MDR) by CMO,TOTAL,60,NA,NA,NA,NA,1,NA,NA,NA,NA,0,NA,NA,NA,NA,0,NA,NA,NA,NA,23,NA,NA,NA,NA,0,NA,NA,NA,NA,2,NA,NA,NA,NA,0,NA,NA,NA,NA,3,NA,NA,NA,NA,8,NA,NA,NA,NA,0,NA,NA,NA,NA,0,NA,NA,NA,NA,0,NA,NA,NA,NA,0,NA,NA,NA,NA,NA,NA,NA,NA,NA,6,NA,NA,NA,NA,3,NA,NA,NA,NA,0,NA,NA,NA,NA,3,NA,NA,NA,NA,0,NA,NA,NA,NA,NA,NA,NA,NA,NA,0,NA,NA,NA,NA,9,NA,NA,NA,NA,0,NA,NA,NA,NA,0,NA,NA,NA,NA,NA,NA,NA,NA,NA,2,NA,NA,NA,NA,0,NA,NA,NA,NA
M24 [Maternal Death Reviews (MDR) Done],'24.2',Total Maternal Deaths Reviewed (MDR) by DM,TOTAL,4,NA,NA,NA,NA,0,NA,NA,NA,NA,0,NA,NA,NA,NA,0,NA,NA,NA,NA,0,NA,NA,NA,NA,0,NA,NA,NA,NA,0,NA,NA,NA,NA,0,NA,NA,NA,NA,NA,NA,NA,NA,NA,0,NA,NA,NA,NA,0,NA,NA,NA,NA,0,NA,NA,NA,NA,0,NA,NA,NA,NA,0,NA,NA,NA,NA,1,NA,NA,NA,NA,0,NA,NA,NA,NA,1,NA,NA,NA,NA,0,NA,NA,NA,NA,0,NA,NA,NA,NA,0,NA,NA,NA,NA,NA,NA,NA,NA,NA,0,NA,NA,NA,NA,0,NA,NA,NA,NA,0,NA,NA,NA,NA,0,NA,NA,NA,NA,NA,NA,NA,NA,NA,2,NA,NA,NA,NA,0,NA,NA,NA,NA
M24 [Maternal Death Reviews (MDR) Done],'24.3',Number of maternal deaths reported through Community based Maternal Death Review (CBMDR),TOTAL,34,NA,NA,NA,NA,1,NA,NA,NA,NA,2,NA,NA,NA,NA,3,NA,NA,NA,NA,8,NA,NA,NA,NA,0,NA,NA,NA,NA,2,NA,NA,NA,NA,0,NA,NA,NA,NA,3,NA,NA,NA,NA,0,NA,NA,NA,NA,0,NA,NA,NA,NA,0,NA,NA,NA,NA,0,NA,NA,NA,NA,1,NA,NA,NA,NA,NA,NA,NA,NA,NA,0,NA,NA,NA,NA,3,NA,NA,NA,NA,0,NA,NA,NA,NA,5,NA,NA,NA,NA,0,NA,NA,NA,NA,NA,NA,NA,NA,NA,0,NA,NA,NA,NA,3,NA,NA,NA,NA,0,NA,NA,NA,NA,1,NA,NA,NA,NA,NA,NA,NA,NA,NA,2,NA,NA,NA,NA,0,NA,NA,NA,NA
M25 [Janani Shishu Suraksha Karyakram (JSSK)],'25.1.1',Number of Pregnant Women provided - Free Medicines under JSSK,TOTAL,31989,NA,NA,NA,NA,596,NA,NA,NA,NA,1818,NA,NA,NA,NA,708,NA,NA,NA,NA,757,NA,NA,NA,NA,306,NA,NA,NA,NA,2371,NA,NA,NA,NA,2343,NA,NA,NA,NA,1233,NA,NA,NA,NA,1185,NA,NA,NA,NA,125,NA,NA,NA,NA,913,NA,NA,NA,NA,2261,NA,NA,NA,NA,487,NA,NA,NA,NA,809,NA,NA,NA,NA,1938,NA,NA,NA,NA,587,NA,NA,NA,NA,572,NA,NA,NA,NA,1379,NA,NA,NA,NA,478,NA,NA,NA,NA,759,NA,NA,NA,NA,876,NA,NA,NA,NA,5223,NA,NA,NA,NA,649,NA,NA,NA,NA,821,NA,NA,NA,NA,477,NA,NA,NA,NA,1455,NA,NA,NA,NA,863,NA,NA,NA,NA
M25 [Janani Shishu Suraksha Karyakram (JSSK)],'25.1.2',Number of Pregnant Women provided - Free Diet under JSSK,TOTAL,16281,NA,NA,NA,NA,95,NA,NA,NA,NA,1209,NA,NA,NA,NA,160,NA,NA,NA,NA,0,NA,NA,NA,NA,139,NA,NA,NA,NA,2858,NA,NA,NA,NA,428,NA,NA,NA,NA,670,NA,NA,NA,NA,907,NA,NA,NA,NA,97,NA,NA,NA,NA,429,NA,NA,NA,NA,634,NA,NA,NA,NA,385,NA,NA,NA,NA,802,NA,NA,NA,NA,1456,NA,NA,NA,NA,319,NA,NA,NA,NA,614,NA,NA,NA,NA,216,NA,NA,NA,NA,433,NA,NA,NA,NA,548,NA,NA,NA,NA,564,NA,NA,NA,NA,1443,NA,NA,NA,NA,372,NA,NA,NA,NA,544,NA,NA,NA,NA,154,NA,NA,NA,NA,770,NA,NA,NA,NA,35,NA,NA,NA,NA
M25 [Janani Shishu Suraksha Karyakram (JSSK)],'25.1.3',Number of Pregnant Women provided - Free Diagnostics under JSSK,TOTAL,51733,NA,NA,NA,NA,904,NA,NA,NA,NA,1585,NA,NA,NA,NA,1490,NA,NA,NA,NA,5236,NA,NA,NA,NA,355,NA,NA,NA,NA,2183,NA,NA,NA,NA,3098,NA,NA,NA,NA,1207,NA,NA,NA,NA,1407,NA,NA,NA,NA,153,NA,NA,NA,NA,929,NA,NA,NA,NA,2166,NA,NA,NA,NA,715,NA,NA,NA,NA,823,NA,NA,NA,NA,1796,NA,NA,NA,NA,1397,NA,NA,NA,NA,1054,NA,NA,NA,NA,1113,NA,NA,NA,NA,525,NA,NA,NA,NA,3960,NA,NA,NA,NA,945,NA,NA,NA,NA,11277,NA,NA,NA,NA,680,NA,NA,NA,NA,592,NA,NA,NA,NA,3117,NA,NA,NA,NA,2610,NA,NA,NA,NA,416,NA,NA,NA,NA
M25 [Janani Shishu Suraksha Karyakram (JSSK)],'25.1.4',Number of Pregnant Women provided - Free Home to facility transport under JSSK,TOTAL,3263,NA,NA,NA,NA,113,NA,NA,NA,NA,41,NA,NA,NA,NA,263,NA,NA,NA,NA,38,NA,NA,NA,NA,14,NA,NA,NA,NA,884,NA,NA,NA,NA,82,NA,NA,NA,NA,302,NA,NA,NA,NA,67,NA,NA,NA,NA,12,NA,NA,NA,NA,219,NA,NA,NA,NA,64,NA,NA,NA,NA,68,NA,NA,NA,NA,1,NA,NA,NA,NA,2,NA,NA,NA,NA,17,NA,NA,NA,NA,143,NA,NA,NA,NA,220,NA,NA,NA,NA,0,NA,NA,NA,NA,138,NA,NA,NA,NA,43,NA,NA,NA,NA,369,NA,NA,NA,NA,12,NA,NA,NA,NA,11,NA,NA,NA,NA,28,NA,NA,NA,NA,51,NA,NA,NA,NA,61,NA,NA,NA,NA
M25 [Janani Shishu Suraksha Karyakram (JSSK)],'25.1.5',Number of Pregnant Women provided - Interfacility transfers when needed under JSSK,TOTAL,1115,NA,NA,NA,NA,37,NA,NA,NA,NA,5,NA,NA,NA,NA,44,NA,NA,NA,NA,82,NA,NA,NA,NA,9,NA,NA,NA,NA,105,NA,NA,NA,NA,92,NA,NA,NA,NA,38,NA,NA,NA,NA,28,NA,NA,NA,NA,6,NA,NA,NA,NA,50,NA,NA,NA,NA,21,NA,NA,NA,NA,99,NA,NA,NA,NA,2,NA,NA,NA,NA,30,NA,NA,NA,NA,25,NA,NA,NA,NA,73,NA,NA,NA,NA,38,NA,NA,NA,NA,0,NA,NA,NA,NA,65,NA,NA,NA,NA,11,NA,NA,NA,NA,182,NA,NA,NA,NA,0,NA,NA,NA,NA,35,NA,NA,NA,NA,17,NA,NA,NA,NA,15,NA,NA,NA,NA,6,NA,NA,NA,NA
M25 [Janani Shishu Suraksha Karyakram (JSSK)],'25.1.6',Number of Pregnant Women provided - Free Drop Back home under JSSK,TOTAL,11951,NA,NA,NA,NA,243,NA,NA,NA,NA,619,NA,NA,NA,NA,163,NA,NA,NA,NA,732,NA,NA,NA,NA,122,NA,NA,NA,NA,634,NA,NA,NA,NA,319,NA,NA,NA,NA,415,NA,NA,NA,NA,391,NA,NA,NA,NA,39,NA,NA,NA,NA,608,NA,NA,NA,NA,596,NA,NA,NA,NA,479,NA,NA,NA,NA,421,NA,NA,NA,NA,1280,NA,NA,NA,NA,89,NA,NA,NA,NA,181,NA,NA,NA,NA,723,NA,NA,NA,NA,349,NA,NA,NA,NA,546,NA,NA,NA,NA,612,NA,NA,NA,NA,897,NA,NA,NA,NA,427,NA,NA,NA,NA,247,NA,NA,NA,NA,577,NA,NA,NA,NA,146,NA,NA,NA,NA,96,NA,NA,NA,NA
M25 [Janani Shishu Suraksha Karyakram (JSSK)],'25.2.1',Number of sick infants provided - Free Medicines under JSSK,TOTAL,7566,NA,NA,NA,NA,37,NA,NA,NA,NA,319,NA,NA,NA,NA,935,NA,NA,NA,NA,7,NA,NA,NA,NA,183,NA,NA,NA,NA,345,NA,NA,NA,NA,191,NA,NA,NA,NA,141,NA,NA,NA,NA,80,NA,NA,NA,NA,122,NA,NA,NA,NA,422,NA,NA,NA,NA,175,NA,NA,NA,NA,297,NA,NA,NA,NA,514,NA,NA,NA,NA,39,NA,NA,NA,NA,42,NA,NA,NA,NA,127,NA,NA,NA,NA,257,NA,NA,NA,NA,120,NA,NA,NA,NA,496,NA,NA,NA,NA,14,NA,NA,NA,NA,174,NA,NA,NA,NA,189,NA,NA,NA,NA,202,NA,NA,NA,NA,240,NA,NA,NA,NA,1714,NA,NA,NA,NA,184,NA,NA,NA,NA
M25 [Janani Shishu Suraksha Karyakram (JSSK)],'25.2.2',Number of sick infants provided - Free Diagnostics under JSSK,TOTAL,5174,NA,NA,NA,NA,10,NA,NA,NA,NA,195,NA,NA,NA,NA,0,NA,NA,NA,NA,1663,NA,NA,NA,NA,0,NA,NA,NA,NA,5,NA,NA,NA,NA,95,NA,NA,NA,NA,152,NA,NA,NA,NA,0,NA,NA,NA,NA,0,NA,NA,NA,NA,422,NA,NA,NA,NA,127,NA,NA,NA,NA,133,NA,NA,NA,NA,513,NA,NA,NA,NA,26,NA,NA,NA,NA,9,NA,NA,NA,NA,397,NA,NA,NA,NA,188,NA,NA,NA,NA,118,NA,NA,NA,NA,429,NA,NA,NA,NA,16,NA,NA,NA,NA,159,NA,NA,NA,NA,124,NA,NA,NA,NA,91,NA,NA,NA,NA,218,NA,NA,NA,NA,78,NA,NA,NA,NA,6,NA,NA,NA,NA
M25 [Janani Shishu Suraksha Karyakram (JSSK)],'25.2.3',Number of sick infants provided - Free Home to facility transport under JSSK,TOTAL,149,NA,NA,NA,NA,7,NA,NA,NA,NA,0,NA,NA,NA,NA,68,NA,NA,NA,NA,0,NA,NA,NA,NA,10,NA,NA,NA,NA,6,NA,NA,NA,NA,0,NA,NA,NA,NA,0,NA,NA,NA,NA,0,NA,NA,NA,NA,0,NA,NA,NA,NA,0,NA,NA,NA,NA,0,NA,NA,NA,NA,19,NA,NA,NA,NA,0,NA,NA,NA,NA,0,NA,NA,NA,NA,0,NA,NA,NA,NA,0,NA,NA,NA,NA,0,NA,NA,NA,NA,0,NA,NA,NA,NA,0,NA,NA,NA,NA,10,NA,NA,NA,NA,9,NA,NA,NA,NA,0,NA,NA,NA,NA,13,NA,NA,NA,NA,3,NA,NA,NA,NA,4,NA,NA,NA,NA,0,NA,NA,NA,NA
M25 [Janani Shishu Suraksha Karyakram (JSSK)],'25.2.4',Number of sick infants provided - Interfacility transfers when needed under JSSK,TOTAL,426,NA,NA,NA,NA,0,NA,NA,NA,NA,0,NA,NA,NA,NA,1,NA,NA,NA,NA,12,NA,NA,NA,NA,3,NA,NA,NA,NA,0,NA,NA,NA,NA,92,NA,NA,NA,NA,25,NA,NA,NA,NA,6,NA,NA,NA,NA,0,NA,NA,NA,NA,0,NA,NA,NA,NA,2,NA,NA,NA,NA,78,NA,NA,NA,NA,2,NA,NA,NA,NA,0,NA,NA,NA,NA,15,NA,NA,NA,NA,0,NA,NA,NA,NA,0,NA,NA,NA,NA,0,NA,NA,NA,NA,0,NA,NA,NA,NA,2,NA,NA,NA,NA,6,NA,NA,NA,NA,0,NA,NA,NA,NA,13,NA,NA,NA,NA,161,NA,NA,NA,NA,5,NA,NA,NA,NA,3,NA,NA,NA,NA
M25 [Janani Shishu Suraksha Karyakram (JSSK)],'25.2.5',Number of sick infants provided - Free Drop Back home under JSSK,TOTAL,2300,NA,NA,NA,NA,2,NA,NA,NA,NA,185,NA,NA,NA,NA,118,NA,NA,NA,NA,0,NA,NA,NA,NA,2,NA,NA,NA,NA,9,NA,NA,NA,NA,247,NA,NA,NA,NA,0,NA,NA,NA,NA,0,NA,NA,NA,NA,41,NA,NA,NA,NA,20,NA,NA,NA,NA,34,NA,NA,NA,NA,497,NA,NA,NA,NA,0,NA,NA,NA,NA,0,NA,NA,NA,NA,19,NA,NA,NA,NA,0,NA,NA,NA,NA,0,NA,NA,NA,NA,103,NA,NA,NA,NA,279,NA,NA,NA,NA,3,NA,NA,NA,NA,44,NA,NA,NA,NA,389,NA,NA,NA,NA,190,NA,NA,NA,NA,45,NA,NA,NA,NA,8,NA,NA,NA,NA,65,NA,NA,NA,NA
