Indicator,S.No.,Parameters,Type,District - _Haryana - Total [(A+B) or (C+D)],District - _Haryana - Public [A],District - _Haryana - Private [B],District - _Haryana - Urban [C],District - _Haryana - Rural [D],District - Ambala - Total [(A+B) or (C+D)],District - Ambala - Public [A],District - Ambala - Private [B],District - Ambala - Urban [C],District - Ambala - Rural [D],District - Bhiwani - Total [(A+B) or (C+D)],District - Bhiwani - Public [A],District - Bhiwani - Private [B],District - Bhiwani - Urban [C],District - Bhiwani - Rural [D],District - Charkhi Dadri - Total [(A+B) or (C+D)],District - Charkhi Dadri - Public [A],District - Charkhi Dadri - Private [B],District - Charkhi Dadri - Urban [C],District - Charkhi Dadri - Rural [D],District - Faridabad - Total [(A+B) or (C+D)],District - Faridabad - Public [A],District - Faridabad - Private [B],District - Faridabad - Urban [C],District - Faridabad - Rural [D],District - Fatehabad - Total [(A+B) or (C+D)],District - Fatehabad - Public [A],District - Fatehabad - Private [B],District - Fatehabad - Urban [C],District - Fatehabad - Rural [D],District - Gurugram - Total [(A+B) or (C+D)],District - Gurugram - Public [A],District - Gurugram - Private [B],District - Gurugram - Urban [C],District - Gurugram - Rural [D],District - Hisar - Total [(A+B) or (C+D)],District - Hisar - Public [A],District - Hisar - Private [B],District - Hisar - Urban [C],District - Hisar - Rural [D],District - Jhajjar - Total [(A+B) or (C+D)],District - Jhajjar - Public [A],District - Jhajjar - Private [B],District - Jhajjar - Urban [C],District - Jhajjar - Rural [D],District - Jind - Total [(A+B) or (C+D)],District - Jind - Public [A],District - Jind - Private [B],District - Jind - Urban [C],District - Jind - Rural [D],District - Kaithal - Total [(A+B) or (C+D)],District - Kaithal - Public [A],District - Kaithal - Private [B],District - Kaithal - Urban [C],District - Kaithal - Rural [D],District - Karnal - Total [(A+B) or (C+D)],District - Karnal - Public [A],District - Karnal - Private [B],District - Karnal - Urban [C],District - Karnal - Rural [D],District - Kurukshetra - Total [(A+B) or (C+D)],District - Kurukshetra - Public [A],District - Kurukshetra - Private [B],District - Kurukshetra - Urban [C],District - Kurukshetra - Rural [D],District - Mahendragarh - Total [(A+B) or (C+D)],District - Mahendragarh - Public [A],District - Mahendragarh - Private [B],District - Mahendragarh - Urban [C],District - Mahendragarh - Rural [D],District - Mewat - Total [(A+B) or (C+D)],District - Mewat - Public [A],District - Mewat - Private [B],District - Mewat - Urban [C],District - Mewat - Rural [D],District - Palwal - Total [(A+B) or (C+D)],District - Palwal - Public [A],District - Palwal - Private [B],District - Palwal - Urban [C],District - Palwal - Rural [D],District - Panchkula - Total [(A+B) or (C+D)],District - Panchkula - Public [A],District - Panchkula - Private [B],District - Panchkula - Urban [C],District - Panchkula - Rural [D],District - Panipat - Total [(A+B) or (C+D)],District - Panipat - Public [A],District - Panipat - Private [B],District - Panipat - Urban [C],District - Panipat - Rural [D],District - Rewari - Total [(A+B) or (C+D)],District - Rewari - Public [A],District - Rewari - Private [B],District - Rewari - Urban [C],District - Rewari - Rural [D],District - Rohtak - Total [(A+B) or (C+D)],District - Rohtak - Public [A],District - Rohtak - Private [B],District - Rohtak - Urban [C],District - Rohtak - Rural [D],District - Sirsa - Total [(A+B) or (C+D)],District - Sirsa - Public [A],District - Sirsa - Private [B],District - Sirsa - Urban [C],District - Sirsa - Rural [D],District - Sonipat - Total [(A+B) or (C+D)],District - Sonipat - Public [A],District - Sonipat - Private [B],District - Sonipat - Urban [C],District - Sonipat - Rural [D],District - Yamunanagar - Total [(A+B) or (C+D)],District - Yamunanagar - Public [A],District - Yamunanagar - Private [B],District - Yamunanagar - Urban [C],District - Yamunanagar - Rural [D]
M1 [Ante Natal Care (ANC)],1.1,Total number of pregnant women registered for ANC,TOTAL,50524,50524,0,12638,37886,1346,1346,NA,293,1053,1581,1581,NA,241,1340,1028,1028,NA,109,919,5690,5690,NA,3671,2019,1361,1361,NA,238,1123,5003,5003,NA,2487,2516,2548,2548,NA,556,1992,1365,1365,0,412,953,1856,1856,NA,136,1720,1742,1742,NA,344,1398,2252,2252,NA,378,1874,1315,1315,NA,242,1073,1162,1162,NA,0,1162,5115,5115,0,0,5115,2834,2834,NA,529,2305,1116,1116,NA,317,799,3030,3030,NA,822,2208,1250,1250,NA,253,997,1364,1364,NA,381,983,3149,3149,0,288,2861,2579,2579,0,452,2127,1838,1838,NA,489,1349
M1 [Ante Natal Care (ANC)],1.1.1,"Out of the total ANC registered, number registered within 1st trimester (within 12 weeks)",TOTAL,35622,35622,0,7905,27717,1045,1045,NA,184,861,1206,1206,NA,138,1068,566,566,NA,58,508,3334,3334,NA,2078,1256,1149,1149,NA,174,975,3065,3065,NA,1541,1524,2179,2179,NA,391,1788,1144,1144,0,301,843,1479,1479,NA,63,1416,1472,1472,NA,252,1220,1979,1979,NA,318,1661,1127,1127,NA,174,953,895,895,NA,0,895,3252,3252,0,0,3252,1753,1753,NA,129,1624,787,787,NA,209,578,2020,2020,NA,591,1429,1043,1043,NA,187,856,987,987,NA,228,759,1575,1575,0,209,1366,2115,2115,0,365,1750,1450,1450,NA,315,1135
M1 [Ante Natal Care (ANC)],1.2.1,Number of PW given TT1,TOTAL,33757,31904,1853,9298,24459,1037,1025,12,255,782,1328,1328,NA,152,1176,498,498,NA,76,422,3313,3313,NA,1984,1329,1116,944,172,326,790,3570,3382,188,1891,1679,1756,1656,100,406,1350,1233,1221,12,255,978,1168,1168,NA,42,1126,1315,1315,NA,238,1077,1421,1421,NA,254,1167,1035,809,226,329,706,1327,935,392,405,922,2474,2474,NA,NA,2474,1699,1579,120,297,1402,1053,873,180,408,645,1351,1351,NA,404,947,996,951,45,197,799,1238,1238,NA,284,954,1462,1460,2,211,1251,1953,1903,50,343,1610,1414,1060,354,541,873
M1 [Ante Natal Care (ANC)],1.2.2,Number of PW given TT2,TOTAL,27986,26262,1724,7757,20229,918,883,35,220,698,1231,1231,NA,154,1077,507,507,NA,65,442,2452,2452,NA,1464,988,916,758,158,287,629,2801,2521,280,1625,1176,1553,1453,100,379,1174,1071,1065,6,205,866,1035,1035,NA,42,993,1131,1131,NA,199,932,1243,1243,NA,221,1022,876,677,199,302,574,1142,840,302,315,827,1471,1471,NA,NA,1471,1233,1167,66,185,1048,911,787,124,294,617,1199,1199,NA,356,843,899,857,42,184,715,1116,1116,NA,263,853,1260,1250,10,205,1055,1715,1652,63,288,1427,1306,967,339,504,802
M1 [Ante Natal Care (ANC)],1.2.3,Number of PW given TT Booster,TOTAL,12084,11687,397,3337,8747,385,364,21,102,283,206,206,NA,35,171,84,84,NA,21,63,1278,1278,NA,815,463,308,302,6,37,271,899,774,125,592,307,973,938,35,221,752,246,242,4,83,163,529,529,NA,20,509,445,445,NA,76,369,821,821,NA,138,683,306,306,NA,57,249,300,203,97,102,198,976,976,NA,NA,976,1129,1062,67,174,955,398,398,NA,104,294,753,753,NA,263,490,183,158,25,53,130,187,187,NA,56,131,398,398,0,102,296,711,711,0,144,567,569,552,17,142,427
M1 [Ante Natal Care (ANC)],1.2.4,Number of PW given 180 Iron Folic Acid (IFA) tablets,TOTAL,25509,25509,0,5165,20344,1225,1225,NA,312,913,980,980,NA,87,893,220,220,NA,0,220,1246,1246,NA,473,773,937,937,NA,220,717,2351,2351,NA,1343,1008,225,225,NA,43,182,1680,1680,0,213,1467,1106,1106,NA,73,1033,1488,1488,NA,322,1166,2160,2160,NA,391,1769,959,959,NA,126,833,1151,1151,NA,170,981,2178,2178,NA,NA,2178,1123,1123,NA,0,1123,1045,1045,NA,332,713,667,667,NA,120,547,317,317,NA,0,317,1182,1182,NA,238,944,472,472,0,13,459,2208,2208,0,386,1822,589,589,NA,303,286
M1 [Ante Natal Care (ANC)],1.2.5,Number of PW given 360 Calcium tablets,TOTAL,30727,30727,0,6644,24083,1141,1141,NA,323,818,1489,1489,NA,219,1270,416,416,NA,0,416,1502,1502,NA,717,785,1096,1096,0,212,884,2106,2106,NA,1211,895,531,531,NA,174,357,2082,2082,0,315,1767,1242,1242,NA,16,1226,1253,1253,NA,246,1007,2764,2764,NA,450,2314,1208,1208,NA,100,1108,1014,1014,NA,170,844,2200,2200,NA,NA,2200,1559,1559,NA,368,1191,1236,1236,NA,318,918,797,797,NA,188,609,800,800,NA,117,683,1470,1470,NA,289,1181,1218,1218,0,496,722,2514,2514,0,418,2096,1089,1089,NA,297,792
M1 [Ante Natal Care (ANC)],1.2.6,Number of PW given one Albendazole tablet after 1st trimester,TOTAL,28553,28553,0,5656,22897,820,820,NA,210,610,1107,1107,NA,190,917,470,470,NA,59,411,2117,2117,NA,1320,797,918,918,0,181,737,1744,1744,NA,861,883,2116,2116,NA,365,1751,1218,1218,0,267,951,832,832,NA,0,832,1315,1315,NA,201,1114,3326,3326,NA,400,2926,936,936,NA,97,839,701,701,NA,4,697,2007,2007,NA,NA,2007,818,818,NA,0,818,776,776,NA,168,608,1279,1279,NA,354,925,586,586,NA,77,509,934,934,NA,232,702,1108,1108,0,149,959,2108,2108,0,322,1786,1317,1317,NA,199,1118
M1 [Ante Natal Care (ANC)],1.2.7,Number of PW received 4 or more ANC check ups,TOTAL,38416,37984,432,8800,29616,1249,1249,NA,281,968,1332,1332,NA,59,1273,474,474,NA,81,393,2917,2917,NA,1716,1201,1157,1157,NA,205,952,2951,2951,NA,1623,1328,2125,2125,NA,427,1698,1390,1390,0,332,1058,1517,1517,NA,58,1459,2003,2003,NA,274,1729,2959,2959,NA,477,2482,1429,1429,NA,200,1229,1631,1199,432,468,1163,2595,2595,NA,NA,2595,1655,1655,NA,196,1459,685,685,NA,151,534,1842,1842,NA,587,1255,1345,1345,NA,218,1127,1322,1322,NA,380,942,2048,2048,0,401,1647,2340,2340,0,377,1963,1450,1450,NA,289,1161
M1 [Ante Natal Care (ANC)],1.2.8,Number of PW given ANC Corticosteroids in Pre Term Labour,TOTAL,685,685,0,103,582,27,27,NA,0,27,9,9,NA,0,9,6,6,NA,0,6,159,159,NA,99,60,50,50,0,0,50,42,42,NA,0,42,39,39,NA,2,37,14,14,0,0,14,23,23,NA,0,23,57,57,NA,0,57,20,20,NA,0,20,11,11,NA,0,11,13,13,0,0,13,13,13,NA,NA,13,23,23,NA,2,21,35,35,NA,0,35,21,21,NA,0,21,0,0,NA,0,0,11,11,NA,0,11,29,29,0,0,29,0,0,0,0,0,83,83,NA,0,83
M1 [Ante Natal Care (ANC)],1.3.1,New cases of PW with hypertension detected,TOTAL,933,926,7,76,857,76,76,NA,3,73,25,25,NA,0,25,3,3,NA,0,3,52,52,NA,13,39,35,35,0,4,31,20,20,NA,6,14,66,66,NA,6,60,27,27,0,1,26,44,44,NA,0,44,59,59,NA,9,50,40,40,NA,0,40,103,103,NA,2,101,58,58,0,1,57,32,32,NA,NA,32,11,11,NA,0,11,6,6,NA,2,4,29,29,NA,2,27,13,13,NA,0,13,29,29,NA,5,24,25,25,0,0,25,109,109,0,2,107,71,64,7,20,51
M1 [Ante Natal Care (ANC)],1.3.1.a,"Out of the new cases of PW with hypertension detected, cases managed at institution",TOTAL,583,576,7,37,546,53,53,NA,3,50,22,22,NA,0,22,3,3,NA,0,3,50,50,NA,11,39,16,16,0,0,16,10,10,NA,4,6,54,54,NA,0,54,21,21,0,1,20,26,26,NA,1,25,33,33,NA,0,33,33,33,NA,0,33,91,91,NA,2,89,34,34,0,0,34,13,13,NA,NA,13,7,7,NA,0,7,2,2,NA,1,1,10,10,NA,2,8,6,6,NA,0,6,17,17,NA,1,16,25,25,0,0,25,13,13,0,2,11,44,37,7,9,35
M1 [Ante Natal Care (ANC)],1.3.2,Number of Eclampsia cases managed during delivery,TOTAL,64,64,0,0,64,3,3,NA,0,3,6,6,NA,0,6,0,0,NA,NA,0,0,0,NA,0,0,0,0,0,0,0,4,4,NA,0,4,14,14,NA,0,14,0,0,0,0,0,5,5,NA,0,5,0,0,0,0,0,3,3,NA,0,3,4,4,NA,0,4,0,0,0,0,0,18,18,NA,NA,18,0,0,NA,0,0,0,0,NA,0,0,0,0,NA,0,0,1,1,NA,0,1,0,0,NA,0,0,2,2,0,0,2,0,0,0,0,0,4,4,NA,0,4
M1 [Ante Natal Care (ANC)],1.4.1,Number of PW tested for Haemoglobin (Hb ) 4 or more than 4 times for respective ANCs,TOTAL,39430,38743,687,8184,31246,1172,1172,NA,381,791,1372,1372,NA,129,1243,396,396,NA,81,315,3758,3758,NA,1461,2297,1148,1148,NA,199,949,2298,2298,NA,1188,1110,1877,1877,NA,337,1540,1364,1364,0,305,1059,1580,1580,NA,77,1503,2723,2723,NA,291,2432,2491,2491,NA,455,2036,1019,1019,NA,179,840,2440,1753,687,723,1717,2498,2498,NA,NA,2498,1819,1819,NA,217,1602,890,890,NA,256,634,1700,1700,NA,416,1284,1243,1243,NA,209,1034,1282,1282,NA,255,1027,1730,1730,0,325,1405,3299,3299,0,412,2887,1331,1331,NA,288,1043
M1 [Ante Natal Care (ANC)],1.4.2,Number of PW having Hb level<11 (tested cases)(7.1 to 10.9),TOTAL,58275,57795,480,12481,45794,1580,1580,NA,449,1131,2699,2699,NA,356,2343,893,893,NA,118,775,4024,4024,NA,1773,2251,3420,3266,154,611,2809,4362,4362,NA,2220,2142,2795,2795,NA,397,2398,2173,2173,0,374,1799,2598,2598,NA,396,2202,2245,2245,NA,283,1962,2441,2441,NA,371,2070,3178,3178,NA,267,2911,2041,2018,23,23,2018,4283,4283,NA,NA,4283,3715,3494,221,1004,2711,1961,1894,67,377,1584,3079,3079,NA,987,2092,1424,1424,NA,325,1099,1486,1486,NA,282,1204,2660,2645,15,884,1776,3267,3267,0,562,2705,1951,1951,NA,422,1529
M1 [Ante Natal Care (ANC)],1.4.3,Number of PW having Hb level<7 (tested cases),TOTAL,4253,4151,102,473,3780,47,47,NA,5,42,273,273,NA,12,261,20,20,NA,1,19,174,174,NA,49,125,155,132,23,29,126,79,79,NA,23,56,193,193,NA,24,169,177,177,0,34,143,196,196,NA,26,170,556,556,NA,13,543,49,49,NA,14,35,449,449,NA,6,443,191,191,0,18,173,654,654,NA,NA,654,390,315,75,88,302,69,68,1,15,54,65,65,NA,18,47,52,52,NA,1,51,53,53,NA,27,26,148,145,3,39,109,195,195,0,8,187,68,68,NA,23,45
M1 [Ante Natal Care (ANC)],1.4.4,Number of PW having severe anaemia (Hb<7) treated,TOTAL,2759,2683,76,201,2558,44,44,NA,5,39,66,66,NA,7,59,15,15,NA,NA,15,110,110,NA,37,73,97,79,18,20,77,63,63,NA,12,51,58,58,NA,0,58,34,34,0,2,32,98,98,NA,3,95,617,617,NA,7,610,106,106,NA,11,95,149,149,NA,6,143,112,112,0,0,112,595,595,NA,NA,595,200,146,54,59,141,50,49,1,5,45,34,34,NA,7,27,36,36,NA,0,36,48,48,NA,0,48,65,62,3,14,51,94,94,0,0,94,68,68,NA,6,62
M1 [Ante Natal Care (ANC)],1.5.1,Number of PW tested for blood sugar using OGTT (Oral Glucose Tolerance Test),TOTAL,8599,8599,0,1770,6829,1306,1306,NA,212,1094,821,821,NA,171,650,79,79,NA,NA,79,315,315,NA,281,34,372,372,0,51,321,633,633,NA,587,46,343,343,NA,0,343,145,145,0,1,144,122,122,NA,40,82,130,130,NA,0,130,478,478,NA,235,243,63,63,NA,12,51,671,671,0,0,671,222,222,NA,NA,222,974,974,NA,0,974,287,287,NA,16,271,287,287,NA,96,191,0,0,NA,0,0,31,31,NA,2,29,0,0,0,0,0,1009,1009,0,61,948,311,311,NA,5,306
M1 [Ante Natal Care (ANC)],1.5.2,Number of PW tested positive for GDM,TOTAL,93,93,0,14,79,12,12,NA,7,5,1,1,NA,0,1,0,0,NA,NA,0,3,3,NA,3,0,2,2,0,0,2,4,4,NA,4,0,36,36,NA,0,36,3,3,0,0,3,0,0,NA,0,0,0,0,NA,0,0,10,10,NA,0,10,0,0,NA,0,0,0,0,0,0,0,0,0,NA,NA,0,19,19,NA,0,19,3,3,NA,0,3,0,0,NA,0,0,0,0,NA,0,0,0,0,NA,0,0,0,0,0,0,0,0,0,0,0,0,0,0,NA,0,0
M1 [Ante Natal Care (ANC)],1.5.3,Number of PW given insulin out of total tested positive for GDM,TOTAL,77,77,0,6,71,0,0,NA,0,0,0,0,NA,0,0,0,0,NA,NA,0,0,0,NA,0,0,0,0,0,0,0,0,0,NA,0,0,0,0,NA,0,0,0,0,0,0,0,0,0,NA,0,0,0,0,NA,0,0,0,0,NA,0,0,0,0,NA,0,0,0,0,0,0,0,0,0,NA,NA,0,70,70,NA,0,70,1,1,NA,0,1,6,6,NA,6,0,0,0,NA,0,0,0,0,NA,0,0,0,0,0,0,0,0,0,0,0,0,0,0,NA,0,0
M1 [Ante Natal Care (ANC)],1.6.1.a,Number of PW tested using POC test for Syphilis,TOTAL,1165,1165,NA,69,1096,92,92,NA,NA,92,36,36,NA,18,18,14,14,NA,0,14,36,36,NA,36,0,306,306,NA,NA,306,0,0,NA,NA,0,0,0,NA,0,0,10,10,NA,NA,10,0,0,NA,0,0,145,145,NA,0,145,54,54,NA,0,54,0,0,NA,NA,0,0,0,NA,NA,0,0,0,NA,NA,0,127,127,NA,0,127,0,0,NA,0,0,94,94,NA,NA,94,0,0,NA,0,0,30,30,NA,0,30,0,0,NA,NA,0,211,211,NA,15,196,10,10,NA,NA,10
M1 [Ante Natal Care (ANC)],1.6.1.b,"Out of above, number of PW found sero positive for syphilis",TOTAL,42,42,NA,15,27,0,0,NA,NA,0,0,0,NA,0,0,0,0,NA,0,0,0,0,NA,0,0,0,0,NA,NA,0,0,0,NA,NA,0,0,0,NA,0,0,0,0,NA,NA,0,0,0,NA,0,0,10,10,NA,0,10,7,7,NA,0,7,0,0,NA,NA,0,0,0,NA,NA,0,0,0,NA,NA,0,0,0,NA,0,0,0,0,NA,0,0,10,10,NA,NA,10,0,0,NA,0,0,0,0,NA,0,0,0,0,NA,NA,0,15,15,NA,15,0,0,0,NA,NA,0
M1 [Ante Natal Care (ANC)],1.6.2.a,Number of pregnant women tested for Syphilis,TOTAL,24681,24681,0,3118,21563,1276,1276,NA,139,1137,1170,1170,NA,119,1051,399,399,NA,NA,399,1510,1510,NA,570,940,1172,1172,NA,180,992,1744,1744,NA,323,1421,1587,1587,NA,91,1496,719,719,0,73,646,1546,1546,NA,61,1485,1455,1455,NA,0,1455,1357,1357,NA,240,1117,1812,1812,NA,100,1712,408,408,0,0,408,156,156,NA,NA,156,696,696,NA,135,561,706,706,NA,197,509,1609,1609,NA,201,1408,540,540,NA,119,421,960,960,NA,133,827,763,763,0,79,684,1704,1704,0,209,1495,1392,1392,NA,149,1243
M1 [Ante Natal Care (ANC)],1.6.2.b,Number of pregnant women tested found sero positive for Syphilis,TOTAL,214,214,0,3,211,2,2,NA,0,2,0,0,NA,0,0,0,0,NA,NA,0,0,0,NA,0,0,0,0,0,0,0,0,0,NA,0,0,72,72,NA,0,72,0,0,0,0,0,0,0,NA,0,0,1,1,NA,0,1,1,1,NA,1,0,3,3,NA,1,2,1,1,0,0,1,0,0,NA,NA,0,112,112,NA,0,112,1,1,NA,1,0,0,0,NA,0,0,0,0,NA,0,0,0,0,NA,0,0,0,0,0,0,0,21,21,0,0,21,0,0,NA,0,0
M1 [Ante Natal Care (ANC)],1.6.2.c,Number of syphilis positive pregnant women treated for Syphilis,TOTAL,1,1,0,0,1,0,0,NA,0,0,0,0,NA,0,0,0,0,NA,NA,0,0,0,NA,0,0,0,0,0,0,0,0,0,NA,0,0,0,0,NA,0,0,0,0,0,0,0,0,0,NA,0,0,0,0,NA,0,0,0,0,NA,NA,0,1,1,NA,0,1,0,0,0,0,0,0,0,NA,NA,0,0,0,NA,0,0,0,0,NA,0,0,0,0,NA,0,0,0,0,NA,0,0,0,0,NA,0,0,0,0,0,0,0,0,0,0,0,0,0,0,NA,0,0
M1 [Ante Natal Care (ANC)],1.6.2.d,Number of babies diagnosed with Congenital Syphilis,TOTAL,1,1,0,0,1,0,0,NA,0,0,0,0,NA,0,0,0,0,NA,NA,0,0,0,NA,0,0,0,0,0,0,0,0,0,NA,0,0,0,0,NA,0,0,0,0,0,0,0,0,0,NA,0,0,0,0,NA,0,0,0,0,NA,0,0,0,0,NA,0,0,1,1,0,0,1,0,0,NA,NA,0,0,0,NA,0,0,0,0,NA,0,0,0,0,NA,0,0,0,0,NA,0,0,0,0,NA,0,0,0,0,0,0,0,0,0,0,0,0,0,0,NA,0,0
M1 [Ante Natal Care (ANC)],1.6.2.e,Number of babies treated for congenital Syphilis,TOTAL,1,1,0,0,1,0,0,NA,0,0,0,0,NA,0,0,0,0,NA,NA,0,0,0,NA,0,0,0,0,0,0,0,0,0,NA,0,0,0,0,NA,0,0,0,0,0,0,0,0,0,NA,0,0,0,0,NA,0,0,0,0,NA,0,0,0,0,NA,0,0,1,1,0,0,1,0,0,NA,NA,0,0,0,NA,0,0,0,0,NA,0,0,0,0,NA,0,0,0,0,NA,0,0,0,0,NA,0,0,0,0,0,0,0,0,0,0,0,0,0,0,NA,0,0
M2 [Deliveries],2.1.1.a,Number of Home Deliveries attended by Skill Birth Attendant(SBA) (Doctor/Nurse/ANM),TOTAL,124,124,NA,32,92,0,0,NA,0,0,1,1,NA,0,1,0,0,NA,0,0,27,27,NA,20,7,1,1,NA,0,1,5,5,NA,1,4,1,1,NA,0,1,5,5,NA,4,1,2,2,NA,0,2,0,0,NA,0,0,0,0,NA,0,0,4,4,NA,0,4,4,4,NA,0,4,14,14,NA,0,14,49,49,NA,0,49,2,2,NA,0,2,3,3,NA,2,1,0,0,NA,0,0,6,6,NA,5,1,0,0,NA,0,0,0,0,NA,0,0,0,0,NA,0,0
M2 [Deliveries],2.1.1.b,Number of Home Deliveries attended by Non SBA (Trained Birth Attendant(TBA) /Relatives/etc.),TOTAL,2069,2069,NA,190,1879,0,0,NA,0,0,13,13,NA,3,10,4,4,NA,2,2,182,182,NA,93,89,8,8,NA,0,8,26,26,NA,5,21,18,18,NA,3,15,5,5,NA,2,3,8,8,NA,1,7,7,7,NA,7,0,8,8,NA,2,6,4,4,NA,0,4,6,6,NA,0,6,1292,1292,NA,NA,1292,383,383,NA,37,346,11,11,NA,2,9,35,35,NA,4,31,6,6,NA,0,6,15,15,NA,9,6,11,11,NA,7,4,5,5,NA,0,5,22,22,NA,13,9
M2 [Deliveries],2.1.2,Number of PW given Tablet Misoprostol during home delivery,TOTAL,10,10,NA,6,4,0,0,NA,0,0,0,0,NA,0,0,1,1,NA,0,1,5,5,NA,5,0,0,0,NA,0,0,1,1,NA,1,0,0,0,NA,0,0,0,0,NA,0,0,0,0,NA,0,0,0,0,NA,0,0,0,0,NA,0,0,0,0,NA,0,0,0,0,NA,0,0,3,3,NA,NA,3,0,0,NA,0,0,0,0,NA,0,0,0,0,NA,0,0,0,0,NA,0,0,0,0,NA,0,0,0,0,NA,0,0,0,0,NA,0,0,0,0,NA,0,0
M2 [Deliveries],2.1.3,Number of newborns received 7 Home Based Newborn Care (HBNC) visits in case of Home delivery,TOTAL,1122,1122,NA,135,987,0,0,NA,0,0,6,6,NA,1,5,1,1,NA,0,1,150,150,NA,69,81,8,8,NA,0,8,22,22,NA,4,18,20,20,NA,3,17,2,2,NA,2,0,4,4,NA,1,3,4,4,NA,4,0,2,2,NA,0,2,13,13,NA,0,13,2,2,NA,0,2,463,463,NA,NA,463,371,371,NA,29,342,5,5,NA,0,5,11,11,NA,3,8,6,6,NA,0,6,13,13,NA,7,6,9,9,NA,7,2,0,0,NA,0,0,10,10,NA,5,5
M2 [Deliveries],2.2,Number of Institutional Deliveries conducted (Including C-Sections),TOTAL,43618,26244,17374,18782,24836,1818,1274,544,618,1200,1735,805,930,930,805,458,205,253,253,205,3755,2123,1632,2343,1412,1572,916,656,667,905,3027,1547,1480,1630,1397,2948,1467,1481,1547,1401,1041,685,356,356,685,1934,976,958,958,976,1673,894,779,806,867,2476,1536,940,940,1536,1517,679,838,846,671,1070,526,544,544,526,3114,2559,555,555,2559,1695,1298,397,397,1298,1158,985,173,311,847,1994,1500,494,547,1447,1546,718,828,828,718,2337,1567,770,770,1567,2268,1348,920,1020,1248,2434,1628,806,852,1582,2048,1008,1040,1064,984
M2 [Deliveries],2.2.1,Out of total institutional deliveries number of women discharged within 48 hours of delivery,TOTAL,27129,18088,9041,9860,17269,602,602,NA,11,591,1247,537,710,749,498,388,159,229,229,159,1562,1449,113,534,1028,756,440,316,322,434,1791,1111,680,726,1065,1988,961,1027,1093,895,851,533,318,318,533,1791,891,900,900,891,242,225,17,17,225,1754,906,848,848,906,365,154,211,211,154,654,456,198,198,456,2977,2422,555,555,2422,1757,1367,390,390,1367,629,551,78,154,475,1764,1490,274,319,1445,1194,552,642,642,552,1217,1146,71,78,1139,1206,842,364,404,802,1801,1033,768,814,987,593,261,332,348,245
M2 [Deliveries],2.2.2,Number of newborns received 6 HBNC  visits after Institutional Delivery,TOTAL,10076,10076,0,1842,8234,269,269,NA,62,207,450,450,NA,98,352,23,23,NA,0,23,784,784,NA,360,424,734,734,0,105,629,1405,1405,NA,663,742,164,164,0,0,164,252,252,0,0,252,711,711,NA,77,634,181,181,NA,32,149,276,276,NA,0,276,476,476,NA,0,476,390,390,NA,0,390,594,594,NA,NA,594,643,643,NA,0,643,172,172,NA,32,140,502,502,NA,98,404,147,147,NA,0,147,526,526,NA,190,336,895,895,0,119,776,208,208,NA,0,208,274,274,NA,6,268
M3 [Number of Caesarean (C-Section) deliveries],3.1,Total C -Section deliveries performed,TOTAL,7768,3084,4684,4784,2984,555,313,242,267,288,193,53,140,140,53,30,6,24,24,6,692,214,478,542,150,388,182,206,206,182,806,106,700,700,106,608,210,398,398,210,75,41,34,34,41,111,53,58,58,53,367,99,268,268,99,228,228,NA,NA,228,351,82,269,269,82,261,66,195,195,66,99,99,NA,NA,99,97,66,31,31,66,281,186,95,98,183,286,66,220,220,66,261,75,186,186,75,587,345,242,242,345,712,156,556,556,156,200,162,38,38,162,580,276,304,312,268
M3 [Number of Caesarean (C-Section) deliveries],3.1.1,"C-sections, performed at night (8 PM- 8 AM)",TOTAL,436,436,0,18,418,27,27,NA,0,27,0,0,NA,0,0,0,0,NA,NA,0,40,40,NA,17,23,20,20,0,0,20,8,8,NA,0,8,67,67,NA,0,67,0,0,0,0,0,3,3,NA,0,3,90,90,NA,0,90,0,0,NA,NA,0,28,28,NA,0,28,13,13,NA,0,13,0,0,NA,NA,0,0,0,NA,0,0,0,0,NA,0,0,3,3,NA,0,3,4,4,NA,0,4,0,0,NA,0,0,26,26,0,0,26,37,37,NA,0,37,70,70,NA,1,69
M4 [Pregnancy outcome & details of new-born],4.1.1.a,Live Birth - Male,TOTAL,24076,14934,9142,9980,14096,892,611,281,317,575,925,412,513,514,411,247,106,141,143,104,2074,1223,851,1294,780,816,473,343,351,465,1584,794,790,867,717,1504,749,755,786,718,569,367,202,205,364,1015,498,517,518,497,883,463,420,439,444,1267,775,492,492,775,802,366,436,439,363,604,303,301,301,303,2238,1961,277,277,1961,1232,1038,194,210,1022,608,512,96,169,439,1181,919,262,289,892,790,362,428,428,362,1203,805,398,402,801,1241,768,473,528,713,1284,860,424,443,841,1117,569,548,568,549
M4 [Pregnancy outcome & details of new-born],4.1.1.b,Live Birth - Female,TOTAL,22178,13983,8195,9052,13126,906,646,260,298,608,814,397,417,418,396,214,103,111,111,103,1957,1176,781,1223,734,751,442,309,312,439,1454,764,690,769,685,1437,724,713,748,689,487,333,154,157,330,930,489,441,441,489,793,431,362,380,413,1196,748,448,448,748,719,317,402,407,312,496,264,232,232,264,2143,1865,278,278,1865,1132,937,195,214,918,544,465,79,148,396,1112,881,231,263,849,758,358,400,400,358,1093,721,372,377,716,1124,678,446,510,614,1181,799,382,409,772,937,445,492,509,428
M4 [Pregnancy outcome & details of new-born],4.1.2,Number of Pre term newborns ( < 37 weeks of pregnancy),TOTAL,3831,2518,1313,1442,2389,161,161,0,0,161,27,27,NA,1,26,36,36,NA,0,36,185,185,NA,105,80,136,136,0,0,136,109,109,NA,1,108,192,192,NA,5,187,17,17,0,0,17,27,27,0,0,27,84,84,NA,0,84,96,96,NA,0,96,114,114,NA,0,114,64,64,NA,0,64,213,213,0,0,213,226,216,10,10,216,60,60,NA,3,57,559,62,497,505,54,43,43,0,0,43,310,310,NA,0,310,176,176,0,2,174,921,115,806,810,111,75,75,NA,0,75
M4 [Pregnancy outcome & details of new-born],4.1.3,Still Birth,TOTAL,707,571,136,175,532,29,23,6,6,23,60,10,50,50,10,1,0,1,1,0,56,56,NA,30,26,20,16,4,4,16,21,21,NA,0,21,53,24,29,32,21,5,5,0,0,5,14,14,0,0,14,22,18,4,5,17,28,28,NA,0,28,15,11,4,4,11,23,10,13,13,10,95,95,0,0,95,38,29,9,11,27,17,17,NA,0,17,38,34,4,6,32,14,14,NA,0,14,75,67,8,8,67,25,23,2,3,22,29,29,0,0,29,29,27,2,2,27
M4 [Pregnancy outcome & details of new-born],4.2,Abortion (spontaneous),TOTAL,1158,1125,33,118,1040,56,54,2,5,51,25,25,NA,1,24,18,18,NA,3,15,42,42,NA,24,18,93,73,20,24,69,61,61,NA,2,59,75,75,NA,15,60,41,41,0,1,40,70,70,0,2,68,88,88,0,8,80,62,62,NA,0,62,18,18,NA,0,18,14,14,NA,0,14,65,65,0,0,65,37,37,0,2,35,49,43,6,6,43,50,45,5,10,40,9,9,NA,0,9,133,133,NA,7,126,53,53,0,3,50,52,52,0,4,48,47,47,0,1,46
M4 [Pregnancy outcome & details of new-born],4.3.1.a,MTP up to 12 weeks of pregnancy,TOTAL,3275,1252,2023,2150,1125,262,154,108,115,147,18,18,NA,0,18,16,16,NA,NA,16,153,153,NA,78,75,224,56,168,172,52,354,32,322,323,31,156,71,85,85,71,29,23,6,6,23,79,79,NA,0,79,206,89,117,117,89,61,61,NA,0,61,393,11,382,382,11,25,16,9,9,16,1,1,NA,NA,1,106,36,70,70,36,340,134,206,224,116,120,7,113,113,7,41,41,NA,0,41,322,157,165,165,157,24,6,18,18,6,89,66,23,23,66,256,25,231,250,6
M4 [Pregnancy outcome & details of new-born],4.3.1.b,MTP more than 12 weeks of pregnancy,TOTAL,49,42,7,7,42,8,8,NA,0,8,0,0,NA,0,0,0,0,NA,NA,0,0,0,NA,0,0,0,0,0,0,0,0,0,NA,0,0,12,7,5,5,7,0,0,0,0,0,9,9,NA,0,9,0,0,0,0,0,0,0,NA,0,0,0,0,NA,0,0,0,0,0,0,0,0,0,NA,NA,0,0,0,0,0,0,14,13,1,1,13,0,0,0,0,0,0,0,NA,0,0,5,5,NA,0,5,1,0,1,1,0,0,0,0,0,0,0,0,0,0,0
M4 [Pregnancy outcome & details of new-born],4.3.2.a,Post Abortion/ MTP Complications Identified,TOTAL,12,12,0,0,12,0,0,NA,0,0,0,0,NA,0,0,0,0,NA,NA,0,0,0,NA,0,0,3,3,0,0,3,0,0,NA,0,0,0,0,0,0,0,5,5,0,0,5,0,0,NA,0,0,3,3,0,0,3,0,0,NA,0,0,0,0,NA,0,0,0,0,0,0,0,0,0,NA,NA,0,0,0,NA,0,0,1,1,NA,0,1,0,0,0,0,0,0,0,NA,0,0,0,0,NA,0,0,0,0,0,0,0,0,0,0,0,0,0,0,0,0,0
M4 [Pregnancy outcome & details of new-born],4.3.2.b,Post Abortion/ MTP Complications Treated,TOTAL,11,11,0,0,11,0,0,NA,0,0,0,0,NA,0,0,0,0,NA,NA,0,0,0,NA,0,0,3,3,0,0,3,0,0,NA,0,0,0,0,0,0,0,4,4,0,0,4,0,0,NA,0,0,3,3,0,0,3,0,0,NA,0,0,0,0,NA,0,0,0,0,0,0,0,0,0,NA,NA,0,0,0,NA,0,0,1,1,NA,0,1,0,0,0,0,0,0,0,NA,0,0,0,0,NA,0,0,0,0,0,0,0,0,0,0,0,0,0,0,0,0,0
M4 [Pregnancy outcome & details of new-born],4.3.3,Number of women provided with post abortion/ MTP contraception,TOTAL,122,122,0,9,113,0,0,NA,0,0,0,0,NA,0,0,0,0,NA,NA,0,8,8,NA,8,0,0,0,0,0,0,0,0,NA,0,0,0,0,0,0,0,0,0,0,0,0,0,0,NA,0,0,30,30,0,0,30,2,2,NA,0,2,1,1,NA,1,0,0,0,0,0,0,0,0,NA,NA,0,0,0,NA,0,0,24,24,NA,0,24,0,0,0,0,0,0,0,NA,0,0,57,57,NA,0,57,0,0,0,0,0,0,0,0,0,0,0,0,0,0,0
M4 [Pregnancy outcome & details of new-born],4.4.1,Number of newborns weighed at birth,TOTAL,44787,27928,16859,18618,26169,1796,1281,515,634,1162,1756,873,883,957,799,200,200,NA,2,198,3957,2325,1632,2447,1510,1562,910,652,663,899,2905,1525,1380,1535,1370,2941,1473,1468,1534,1407,1039,683,356,356,683,1942,984,958,959,983,1676,894,782,819,857,1837,897,940,940,897,1522,684,838,887,635,1074,541,533,533,541,4257,3737,520,520,3737,2338,1949,389,424,1914,1129,972,157,298,831,2303,1810,493,552,1751,1470,642,828,828,642,2297,1527,770,781,1516,2318,1399,919,1027,1291,2424,1618,806,852,1572,2044,1004,1040,1070,974
M4 [Pregnancy outcome & details of new-born],4.4.2,Number of newborns having weight less than 2.5 kg,TOTAL,6646,4729,1917,2128,4518,235,235,NA,0,235,369,134,235,242,127,45,45,NA,0,45,905,466,439,569,336,180,180,0,1,179,214,214,NA,4,210,681,328,353,365,316,106,94,12,12,94,283,133,150,150,133,163,79,84,92,71,135,110,25,25,110,277,149,128,129,148,218,116,102,102,116,331,310,21,21,310,494,392,102,105,389,179,124,55,81,98,383,367,16,21,362,121,121,0,0,121,435,361,74,74,361,239,216,23,27,212,359,359,0,1,358,294,196,98,107,187
M4 [Pregnancy outcome & details of new-born],4.4.3,Number of Newborns breast fed within 1 hour of birth ,TOTAL,40835,25944,14891,16471,24364,1714,1199,515,588,1126,1462,719,743,806,656,185,185,NA,2,183,3293,2077,1216,1961,1332,1208,839,369,380,828,2854,1474,1380,1535,1319,2546,1239,1307,1370,1176,625,625,0,0,625,1837,937,900,901,936,1625,857,768,805,820,1806,891,915,915,891,1436,606,830,873,563,1021,532,489,489,532,4180,3669,511,511,3669,2219,1832,387,422,1797,1047,915,132,257,790,1882,1534,348,406,1476,1430,602,828,828,602,2038,1312,726,737,1301,2294,1375,919,1017,1277,2438,1632,806,852,1586,1695,893,802,816,879
M5 [Complicated Pregnancies],5.1,"Number of cases of pregnant women with Obstetric Complications attended (Antepartum haemorrhage (APH), Post-Partum Hemorrhage (PPH), Sepsis, Eclampsia and others)",TOTAL,2899,2887,12,94,2805,276,276,NA,0,276,57,57,NA,0,57,51,51,NA,NA,51,354,354,NA,80,274,74,74,NA,0,74,205,205,NA,0,205,90,90,0,0,90,165,165,0,0,165,102,102,NA,0,102,136,136,0,0,136,105,105,NA,0,105,201,201,NA,0,201,30,30,0,0,30,271,271,NA,NA,271,38,27,11,11,27,153,153,NA,2,151,114,114,0,0,114,27,27,0,0,27,10,10,NA,0,10,109,108,1,1,108,153,153,0,0,153,178,178,NA,0,178
M5 [Complicated Pregnancies],5.2,Number of Complicated pregnancies treated with Blood Transfusion,TOTAL,1183,1182,1,1,1182,26,26,NA,NA,26,43,43,NA,NA,43,16,16,NA,NA,16,79,79,NA,0,79,58,58,NA,0,58,51,51,NA,0,51,87,87,0,0,87,37,37,0,0,37,84,84,NA,0,84,134,134,0,0,134,34,34,NA,NA,34,46,46,NA,0,46,13,13,0,0,13,188,188,NA,NA,188,9,9,0,0,9,38,38,NA,0,38,39,39,NA,0,39,27,27,0,0,27,3,3,NA,0,3,52,51,1,1,51,61,61,0,0,61,58,58,NA,NA,58
M6 [Post Natal Care (PNC)],6.1,Women receiving 1st post partum checkup within 48 hours of home delivery,TOTAL,4150,4150,0,734,3416,0,0,NA,0,0,37,37,NA,0,37,112,112,NA,2,110,560,560,NA,354,206,7,7,0,0,7,31,31,NA,6,25,17,17,NA,2,15,81,81,0,3,78,201,201,NA,1,200,182,182,NA,10,172,834,834,NA,190,644,121,121,NA,12,109,65,65,NA,NA,65,791,791,NA,NA,791,409,409,NA,19,390,9,9,NA,1,8,287,287,NA,106,181,6,6,NA,0,6,16,16,NA,9,7,364,364,0,12,352,5,5,0,0,5,15,15,NA,7,8
M6 [Post Natal Care (PNC)],6.2,Women receiving 1st post partum checkup between 48 hours and 14 days,TOTAL,26280,25127,1153,4687,21593,1659,1659,NA,186,1473,428,428,NA,71,357,222,222,NA,0,222,920,920,NA,327,593,1413,1350,63,234,1179,2513,1813,700,1352,1161,1733,1733,NA,262,1471,1026,1026,0,21,1005,1277,1277,NA,66,1211,1471,1471,0,238,1233,1868,1868,NA,192,1676,718,718,NA,23,695,1043,736,307,307,736,679,679,NA,NA,679,1058,1033,25,43,1015,755,697,58,115,640,995,995,NA,281,714,1076,1076,0,136,940,1982,1982,NA,258,1724,1362,1362,0,333,1029,1930,1930,0,240,1690,152,152,NA,2,150
M6 [Post Natal Care (PNC)],6.3,Number of mothers provided full course of 180 IFA tablets after delivery,TOTAL,11751,11751,0,1696,10055,1505,1505,NA,135,1370,81,81,NA,0,81,94,94,NA,0,94,1019,1019,NA,131,888,668,668,0,154,514,1336,1336,NA,399,937,42,42,NA,8,34,683,683,0,62,621,343,343,NA,0,343,900,900,0,266,634,991,991,NA,192,799,355,355,NA,19,336,383,383,0,0,383,665,665,NA,NA,665,210,210,NA,0,210,534,534,NA,13,521,114,114,NA,0,114,74,74,0,0,74,665,665,NA,75,590,204,204,0,0,204,604,604,0,44,560,281,281,NA,198,83
M6 [Post Natal Care (PNC)],6.4,Number of mothers provided 360 Calcium tablets after delivery,TOTAL,14448,14448,0,2123,12325,1370,1370,NA,91,1279,254,254,NA,42,212,124,124,NA,0,124,1132,1132,NA,169,963,710,710,0,155,555,1555,1555,NA,475,1080,117,117,NA,40,77,789,789,0,107,682,414,414,NA,0,414,954,954,0,276,678,1710,1710,NA,261,1449,406,406,NA,8,398,515,515,0,0,515,770,770,NA,NA,770,250,250,NA,18,232,519,519,NA,13,506,220,220,NA,28,192,285,285,0,0,285,795,795,NA,134,661,508,508,0,75,433,461,461,0,48,413,590,590,NA,183,407
M7 [Reproductive Tract Infections/Sexually Transmitted Infections (RTI/STI) Cases],7.1.1,New RTI/STI cases identified - Male,TOTAL,3870,3870,0,642,3228,695,695,NA,263,432,16,16,NA,2,14,3,3,NA,NA,3,225,225,NA,131,94,32,32,0,4,28,335,335,NA,0,335,230,230,NA,0,230,222,222,0,10,212,165,165,NA,0,165,228,228,NA,0,228,59,59,NA,14,45,34,34,NA,5,29,167,167,0,0,167,138,138,NA,NA,138,368,368,NA,167,201,122,122,NA,5,117,49,49,NA,0,49,129,129,NA,8,121,195,195,NA,2,193,105,105,0,0,105,114,114,0,13,101,239,239,NA,18,221
M7 [Reproductive Tract Infections/Sexually Transmitted Infections (RTI/STI) Cases],7.1.2,New RTI/STI cases identified - Female,TOTAL,15144,15144,0,2345,12799,1662,1662,NA,364,1298,454,454,NA,7,447,4,4,NA,NA,4,1611,1611,NA,922,689,468,468,0,55,413,391,391,NA,17,374,952,952,NA,8,944,718,718,0,85,633,637,637,NA,94,543,314,314,NA,0,314,1031,1031,NA,194,837,561,561,NA,83,478,535,535,0,19,516,367,367,NA,NA,367,562,562,NA,125,437,860,860,NA,46,814,371,371,NA,0,371,512,512,NA,13,499,951,951,NA,101,850,991,991,0,105,886,409,409,0,27,382,783,783,NA,80,703
M7 [Reproductive Tract Infections/Sexually Transmitted Infections (RTI/STI) Cases],7.2.1,RTI/STI for which treatment initiated - Male,TOTAL,2868,2868,0,410,2458,293,293,NA,209,84,12,12,NA,2,10,3,3,NA,NA,3,225,225,NA,131,94,22,22,0,1,21,81,81,NA,0,81,229,229,NA,0,229,202,202,0,10,192,136,136,NA,0,136,228,228,NA,0,228,57,57,NA,14,43,34,34,NA,5,29,76,76,0,0,76,132,132,NA,NA,132,201,201,NA,0,201,117,117,NA,0,117,46,46,NA,0,46,120,120,NA,8,112,195,195,NA,2,193,105,105,0,0,105,117,117,0,10,107,237,237,NA,18,219
M7 [Reproductive Tract Infections/Sexually Transmitted Infections (RTI/STI) Cases],7.2.2,RTI/STI for which treatment initiated -Female,TOTAL,13597,13597,0,2079,11518,869,869,NA,316,553,454,454,NA,7,447,4,4,NA,NA,4,1611,1611,NA,922,689,424,424,0,29,395,302,302,NA,17,285,950,950,NA,8,942,660,660,0,75,585,595,595,NA,94,501,314,314,NA,0,314,909,909,NA,167,742,561,561,NA,83,478,380,380,0,19,361,362,362,NA,NA,362,437,437,NA,0,437,851,851,NA,40,811,366,366,NA,0,366,484,484,NA,13,471,951,951,NA,101,850,991,991,0,105,886,367,367,0,27,340,755,755,NA,56,699
M8 [Family Planning],8.1.1,Number of Non Scalpel Vasectomy (NSV) / Conventional Vasectomy conducted,TOTAL,277,277,0,5,272,12,12,NA,0,12,10,10,NA,0,10,0,0,NA,NA,0,20,20,NA,0,20,11,11,0,0,11,19,19,NA,4,15,11,11,0,1,10,6,6,0,0,6,17,17,NA,0,17,34,34,0,0,34,34,34,NA,NA,34,13,13,NA,0,13,9,9,0,0,9,1,1,NA,NA,1,7,7,NA,0,7,4,4,NA,0,4,4,4,0,0,4,40,40,0,0,40,4,4,NA,0,4,0,0,0,0,0,7,7,0,0,7,14,14,NA,0,14
M8 [Family Planning],8.2.1,Number of Laparoscopic sterilizations (excluding post abortion) conducted,TOTAL,1676,1647,29,65,1611,107,107,0,11,96,0,0,NA,0,0,0,0,NA,NA,0,13,13,NA,7,6,0,0,0,0,0,234,234,NA,10,224,1,1,0,0,1,0,0,0,0,0,0,0,NA,0,0,0,0,0,0,0,0,0,NA,NA,0,0,0,NA,0,0,236,236,0,0,236,0,0,NA,NA,0,581,581,NA,0,581,120,97,23,31,89,0,0,0,0,0,378,378,0,0,378,0,0,NA,0,0,6,0,6,6,0,0,0,0,0,0,0,0,NA,0,0
M8 [Family Planning],8.2.2,Number of Interval Mini-lap (other than post-partum and post abortion) sterilizations conducted,TOTAL,3276,2468,808,833,2443,10,10,0,3,7,368,368,NA,0,368,67,67,NA,NA,67,55,55,NA,0,55,335,279,56,56,279,32,29,3,18,14,698,113,585,588,110,165,159,6,6,159,221,190,31,31,190,219,192,27,27,192,117,117,NA,NA,117,56,51,5,5,51,9,4,5,5,4,84,84,NA,NA,84,31,17,14,14,17,5,5,NA,3,2,102,69,33,33,69,1,1,0,0,1,257,226,31,31,226,88,88,0,1,87,261,258,3,3,258,95,86,9,9,86
M8 [Family Planning],8.2.3,Number of Postpartum sterilizations (within 7 days of delivery by minilap or concurrent with caesarean section) conducted,TOTAL,793,740,53,91,702,76,53,23,28,48,34,34,NA,0,34,6,6,NA,NA,6,53,53,NA,33,20,69,69,0,0,69,27,27,NA,0,27,48,32,16,16,32,29,23,6,6,23,46,46,NA,0,46,53,53,0,0,53,71,71,NA,NA,71,23,23,NA,0,23,5,0,5,5,0,30,30,NA,NA,30,0,0,NA,0,0,44,43,1,1,43,9,7,2,2,7,15,15,0,0,15,46,46,NA,0,46,19,19,0,0,19,50,50,0,0,50,40,40,0,0,40
M8 [Family Planning],8.2.4,Number of Post Abortion sterilizations (within 7 days of spontaneous or surgical abortion) conducted,TOTAL,78,78,0,9,69,0,0,NA,0,0,0,0,NA,0,0,0,0,NA,NA,0,44,44,NA,9,35,0,0,0,0,0,0,0,NA,0,0,0,0,0,0,0,0,0,0,0,0,0,0,NA,0,0,9,9,0,0,9,0,0,NA,NA,0,0,0,NA,0,0,0,0,0,0,0,0,0,NA,NA,0,7,7,NA,0,7,0,0,NA,0,0,3,3,0,0,3,0,0,0,0,0,0,0,NA,0,0,15,15,0,0,15,0,0,0,0,0,0,0,0,0,0
M8 [Family Planning],8.3,Number of Interval IUCD Insertions (excluding PPIUCD and PAIUCD),TOTAL,9846,8970,876,2091,7755,440,433,7,92,348,533,533,NA,13,520,201,201,NA,26,175,646,646,NA,370,276,202,176,26,47,155,799,518,281,381,418,681,568,113,135,546,259,259,0,57,202,445,430,15,27,418,496,440,56,112,384,643,643,NA,110,533,387,385,2,19,368,295,207,88,88,207,111,111,NA,NA,111,493,434,59,97,396,249,195,54,89,160,410,358,52,68,342,509,509,0,49,460,615,548,67,130,485,480,477,3,13,467,624,582,42,102,522,328,317,11,66,262
M8 [Family Planning],8.4,Number of Postpartum (within 48 hours of delivery) IUCD insertions,TOTAL,7814,7664,150,381,7433,395,395,NA,3,392,383,383,NA,0,383,143,143,NA,0,143,196,196,NA,79,117,346,346,0,3,343,611,611,0,44,567,257,257,0,23,234,449,449,0,0,449,117,117,NA,0,117,346,346,0,7,339,176,151,25,25,151,95,95,NA,7,88,310,214,96,96,214,20,20,NA,NA,20,213,213,NA,0,213,773,744,29,50,723,930,930,0,39,891,369,369,0,0,369,299,299,NA,0,299,462,462,0,0,462,373,373,0,0,373,551,551,0,5,546
M8 [Family Planning],8.5,Number of Post Abortion (within 12 days of spontaneous or surgical abortion) IUCD insertions,TOTAL,178,123,55,63,115,8,8,NA,0,8,0,0,NA,0,0,0,0,NA,NA,0,17,17,NA,6,11,2,2,0,2,0,28,28,NA,0,28,1,1,0,0,1,6,6,0,0,6,0,0,NA,0,0,7,7,0,0,7,55,0,55,55,0,1,1,NA,0,1,0,0,0,0,0,31,31,NA,NA,31,0,0,NA,0,0,18,18,NA,0,18,4,4,0,0,4,0,0,0,0,0,0,0,NA,0,0,0,0,0,0,0,0,0,0,0,0,0,0,0,0,0
M8 [Family Planning],8.6,Number of IUCD Removals,TOTAL,2613,2588,25,290,2323,156,156,NA,17,139,162,162,NA,4,158,50,50,NA,0,50,154,154,NA,91,63,98,93,5,8,90,116,116,NA,17,99,221,206,15,28,193,77,77,0,12,65,163,163,NA,4,159,137,137,0,15,122,129,129,NA,12,117,80,80,NA,2,78,97,97,0,0,97,13,13,NA,NA,13,87,87,NA,4,83,55,53,2,18,37,117,117,0,11,106,142,142,0,7,135,153,153,NA,11,142,124,124,0,6,118,178,178,0,7,171,104,101,3,16,88
M8 [Family Planning],8.7,Number of complications following IUCD Insertion,TOTAL,347,346,1,33,314,20,20,NA,2,18,21,21,NA,0,21,2,2,NA,0,2,22,22,NA,7,15,17,17,0,1,16,3,3,NA,3,0,50,50,0,3,47,2,2,0,0,2,32,32,NA,0,32,9,9,0,2,7,5,5,NA,1,4,22,22,NA,0,22,18,18,0,0,18,2,2,NA,NA,2,24,24,NA,0,24,2,2,NA,0,2,23,23,0,2,21,5,5,0,0,5,6,6,NA,3,3,17,17,0,2,15,23,23,0,3,20,22,21,1,4,18
M8 [Family Planning],8.8,Injectable Contraceptive-Antara Program- First Dose,TOTAL,1781,1781,0,206,1575,70,70,NA,12,58,65,65,NA,0,65,0,0,NA,0,0,250,250,NA,119,131,133,133,0,11,122,45,45,NA,0,45,34,34,0,0,34,20,20,0,0,20,109,109,NA,0,109,62,62,0,12,50,99,99,NA,0,99,52,52,NA,11,41,73,73,0,0,73,249,249,NA,NA,249,126,126,NA,0,126,9,9,NA,0,9,144,144,0,18,126,61,61,0,12,49,39,39,NA,0,39,40,40,0,0,40,24,24,0,0,24,77,77,0,11,66
M8 [Family Planning],8.9,Injectable Contraceptive-Antara Program- Second Dose,TOTAL,298,298,0,24,274,0,0,NA,0,0,1,1,NA,0,1,0,0,NA,0,0,46,46,NA,24,22,23,23,0,0,23,7,7,NA,0,7,9,9,0,0,9,7,7,0,0,7,6,6,NA,0,6,10,10,0,0,10,0,0,NA,0,0,7,7,NA,0,7,2,2,0,0,2,111,111,NA,NA,111,33,33,NA,0,33,5,5,NA,0,5,9,9,0,0,9,3,3,0,0,3,2,2,NA,0,2,7,7,0,0,7,0,0,0,0,0,10,10,0,0,10
M8 [Family Planning],8.1,Injectable Contraceptive-Antara Program- Third Dose,TOTAL,51,51,0,0,51,0,0,NA,0,0,2,2,NA,0,2,0,0,NA,0,0,7,7,NA,0,7,5,5,0,0,5,8,8,NA,0,8,1,1,0,0,1,3,3,0,0,3,1,1,NA,0,1,0,0,0,0,0,0,0,NA,0,0,1,1,NA,0,1,2,2,0,0,2,14,14,NA,NA,14,0,0,NA,0,0,1,1,NA,0,1,2,2,0,0,2,0,0,0,0,0,0,0,NA,0,0,1,1,0,0,1,0,0,0,0,0,3,3,0,0,3
M8 [Family Planning],8.11,Injectable Contraceptive-Antara Program- Fourth or more than fourth,TOTAL,71,71,0,1,70,0,0,NA,0,0,0,0,NA,0,0,0,0,NA,0,0,30,30,NA,0,30,1,1,0,0,1,5,5,NA,0,5,0,0,0,0,0,2,2,0,0,2,7,7,NA,0,7,0,0,0,0,0,0,0,NA,0,0,0,0,NA,0,0,0,0,0,0,0,4,4,NA,NA,4,0,0,NA,0,0,0,0,NA,0,0,0,0,0,0,0,0,0,0,0,0,0,0,NA,0,0,21,21,0,0,21,0,0,0,0,0,1,1,0,1,0
M8 [Family Planning],8.12,Number of Combined Oral Pill cycles distributed,TOTAL,100860,92957,7903,17872,82988,3890,3015,875,1259,2631,28293,28293,NA,165,28128,1121,1121,NA,0,1121,3751,3751,NA,1744,2007,3559,3559,0,411,3148,7926,5012,2914,4262,3664,2846,2761,85,383,2463,3215,3215,0,298,2917,2728,2728,NA,172,2556,2750,2727,23,253,2497,5854,4000,1854,2333,3521,2653,2653,NA,175,2478,3065,2163,902,902,2163,3119,3119,NA,NA,3119,2140,2104,36,111,2029,2161,1908,253,612,1549,2493,2358,135,1060,1433,2595,2595,0,413,2182,3572,2884,688,1231,2341,5934,5934,0,1268,4666,4773,4773,0,531,4242,2422,2284,138,289,2133
M8 [Family Planning],8.13,Number of Condom pieces distributed,TOTAL,1641155,1431399,209756,408815,1232340,102171,76171,26000,38024,64147,61178,61178,NA,3010,58168,26525,26525,NA,0,26525,74448,74448,NA,42627,31821,72944,72912,32,8446,64498,128790,97760,31030,79777,49013,82752,80052,2700,8680,74072,59260,59260,0,1091,58169,68999,68999,NA,2120,66879,79785,64889,14896,21166,58619,130700,71779,58921,68444,62256,64323,64323,NA,4859,59464,81092,58092,23000,23000,58092,19937,19937,NA,NA,19937,47078,47059,19,2619,44459,61347,48987,12360,20112,41235,85387,74149,11238,26040,59347,56233,56233,0,5020,51213,83720,58950,24770,28920,54800,96229,96229,0,4886,91343,85341,85341,0,7555,77786,72916,68126,4790,12419,60497
M8 [Family Planning],8.14,Number of Centchroman (weekly) pill strips distributed,TOTAL,3893,3848,45,383,3510,104,104,NA,13,91,93,93,NA,0,93,6,6,NA,0,6,60,60,NA,14,46,91,91,0,59,32,167,167,NA,134,33,50,50,0,30,20,916,916,0,0,916,643,643,NA,0,643,145,145,NA,74,71,51,6,45,45,6,19,19,NA,0,19,15,15,NA,0,15,1151,1151,NA,NA,1151,57,57,NA,0,57,48,48,NA,0,48,83,83,NA,0,83,63,63,0,0,63,21,21,NA,14,7,36,36,0,0,36,63,63,0,0,63,11,11,NA,0,11
M8 [Family Planning],8.15,Number of Emergency Contraceptive Pills (ECP) given,TOTAL,3371,2206,1165,1378,1993,42,42,NA,10,32,20,20,NA,0,20,25,25,NA,0,25,61,61,NA,17,44,102,102,0,25,77,87,87,NA,8,79,62,62,0,25,37,79,79,0,21,58,35,35,NA,0,35,80,80,0,34,46,101,36,65,65,36,17,17,NA,2,15,158,29,129,129,29,39,39,NA,NA,39,52,52,NA,10,42,692,640,52,56,636,114,69,45,70,44,25,25,0,0,25,846,114,732,746,100,99,99,0,18,81,477,477,0,0,477,158,16,142,142,16
M8 [Family Planning],8.16,Number of Pregnancy Test Kits (PTK) used,TOTAL,28230,26215,2015,5419,22811,1556,1556,NA,161,1395,612,612,NA,12,600,245,245,NA,0,245,2081,2081,NA,1311,770,1548,1508,40,241,1307,1226,1226,NA,554,672,1941,1941,0,158,1783,895,895,0,91,804,1826,1826,NA,0,1826,1237,1237,0,320,917,1276,1191,85,104,1172,1505,1505,NA,175,1330,1287,398,889,889,398,1540,1540,NA,NA,1540,601,580,21,21,580,2001,1222,779,809,1192,869,869,0,22,847,1340,1340,0,32,1308,928,928,NA,54,874,1241,1241,0,0,1241,800,800,0,0,800,1675,1474,201,465,1210
M8 [Family Planning],8.17.1,Complications following male sterilization,TOTAL,0,0,0,0,0,0,0,NA,0,0,0,0,NA,0,0,0,0,NA,0,0,0,0,NA,0,0,0,0,0,0,0,0,0,NA,0,0,0,0,0,0,0,0,0,0,0,0,0,0,NA,0,0,0,0,0,0,0,0,0,NA,0,0,0,0,NA,0,0,0,0,0,0,0,0,0,NA,NA,0,0,0,NA,0,0,0,0,NA,0,0,0,0,NA,0,0,0,0,0,0,0,0,0,NA,0,0,0,0,0,0,0,0,0,0,0,0,0,0,NA,0,0
M8 [Family Planning],8.17.2,Complications following female sterilization,TOTAL,82,82,0,8,74,4,4,NA,0,4,5,5,NA,1,4,0,0,NA,0,0,2,2,NA,0,2,0,0,0,0,0,0,0,NA,0,0,0,0,0,0,0,6,6,0,0,6,0,0,NA,0,0,0,0,0,0,0,0,0,NA,0,0,1,1,NA,0,1,8,8,0,0,8,13,13,NA,NA,13,27,27,NA,0,27,0,0,NA,0,0,6,6,NA,2,4,0,0,0,0,0,6,6,NA,5,1,1,1,0,0,1,0,0,0,0,0,3,3,NA,0,3
M8 [Family Planning],8.17.3,Failures following male sterilization,TOTAL,1,1,0,0,1,0,0,NA,0,0,0,0,NA,0,0,0,0,NA,NA,0,0,0,NA,0,0,0,0,0,0,0,0,0,NA,0,0,0,0,0,0,0,0,0,0,0,0,0,0,NA,0,0,1,1,0,0,1,0,0,NA,NA,0,0,0,NA,0,0,0,0,0,0,0,0,0,NA,NA,0,0,0,NA,0,0,0,0,NA,0,0,0,0,NA,0,0,0,0,0,0,0,0,0,NA,0,0,0,0,0,0,0,0,0,0,0,0,0,0,NA,0,0
M8 [Family Planning],8.17.4,Failures following female sterilization,TOTAL,11,11,0,1,10,0,0,NA,0,0,1,1,NA,0,1,0,0,NA,NA,0,0,0,NA,0,0,0,0,0,0,0,4,4,NA,1,3,0,0,0,0,0,1,1,0,0,1,0,0,NA,0,0,1,1,0,0,1,0,0,NA,NA,0,0,0,NA,0,0,0,0,0,0,0,0,0,NA,NA,0,2,2,NA,0,2,0,0,NA,0,0,0,0,NA,0,0,0,0,0,0,0,2,2,NA,0,2,0,0,0,0,0,0,0,0,0,0,0,0,NA,0,0
M8 [Family Planning],8.17.5,Deaths following male sterilization,TOTAL,0,0,0,0,0,0,0,NA,0,0,0,0,NA,0,0,0,0,NA,NA,0,0,0,NA,0,0,0,0,0,0,0,0,0,NA,0,0,0,0,0,0,0,0,0,0,0,0,0,0,NA,0,0,0,0,0,0,0,0,0,NA,NA,0,0,0,NA,0,0,0,0,0,0,0,0,0,NA,NA,0,0,0,NA,0,0,0,0,NA,0,0,0,0,NA,0,0,0,0,0,0,0,0,0,NA,0,0,0,0,0,0,0,0,0,0,0,0,0,0,NA,0,0
M8 [Family Planning],8.17.6,Deaths following female sterilization,TOTAL,0,0,0,0,0,0,0,NA,0,0,0,0,NA,0,0,0,0,NA,NA,0,0,0,NA,0,0,0,0,0,0,0,0,0,NA,0,0,0,0,0,0,0,0,0,0,0,0,0,0,NA,0,0,0,0,0,0,0,0,0,NA,NA,0,0,0,NA,0,0,0,0,0,0,0,0,0,NA,NA,0,0,0,NA,0,0,0,0,NA,0,0,0,0,NA,0,0,0,0,0,0,0,0,0,NA,0,0,0,0,0,0,0,0,0,0,0,0,0,0,NA,0,0
M9 [CHILD IMMUNISATION],9.1.1,Child immunisation - Vitamin K1 (Birth Dose),TOTAL,22720,21191,1529,2531,20189,1225,1225,NA,62,1163,664,664,NA,0,664,167,167,NA,0,167,993,993,NA,484,509,930,851,79,90,840,2828,1378,1450,1599,1229,1368,1368,NA,37,1331,654,654,0,0,654,869,869,NA,0,869,825,825,NA,27,798,740,740,NA,0,740,661,661,NA,8,653,498,498,0,0,498,1411,1411,NA,NA,1411,1073,1073,NA,0,1073,853,853,NA,31,822,1454,1454,NA,52,1402,422,422,0,0,422,1442,1442,NA,0,1442,1115,1115,0,82,1033,1595,1595,0,46,1549,933,933,NA,13,920
M9 [CHILD IMMUNISATION],9.1.2,Child immunisation - BCG,TOTAL,47895,44267,3628,9035,38860,1610,1496,114,231,1379,1986,1986,NA,112,1874,666,666,NA,106,560,4013,3790,223,1845,2168,1409,1330,79,128,1281,3551,2811,740,1635,1916,3049,2667,382,789,2260,1243,1189,54,193,1050,2016,2016,NA,38,1978,1666,1564,102,340,1326,3101,3006,95,327,2774,1146,1146,NA,88,1058,1051,1041,10,14,1037,4072,4072,NA,NA,4072,2332,2246,86,259,2073,1202,1066,136,298,904,2494,2210,284,587,1907,1456,1440,16,96,1360,2185,1973,212,437,1748,2807,2376,431,550,2257,2825,2700,125,259,2566,2015,1476,539,703,1312
M9 [CHILD IMMUNISATION],9.1.3,Child immunisation - DPT1,TOTAL,303,281,22,23,280,0,0,NA,0,0,0,0,NA,0,0,0,0,NA,0,0,16,16,NA,0,16,0,0,0,0,0,0,0,NA,0,0,0,0,0,0,0,7,7,0,0,7,0,0,NA,0,0,0,0,NA,0,0,6,6,NA,0,6,1,1,NA,1,0,0,0,0,0,0,200,200,NA,NA,200,3,3,NA,0,3,24,2,22,22,2,43,43,NA,0,43,0,0,0,0,0,0,0,NA,0,0,3,3,0,0,3,0,0,0,0,0,0,0,NA,0,0
M9 [CHILD IMMUNISATION],9.1.4,Child immunisation - DPT2,TOTAL,156,135,21,26,130,0,0,NA,0,0,0,0,NA,0,0,0,0,NA,0,0,14,14,NA,2,12,5,5,0,1,4,0,0,NA,0,0,0,0,0,0,0,0,0,0,0,0,0,0,NA,0,0,0,0,NA,0,0,13,13,NA,0,13,2,2,NA,1,1,0,0,0,0,0,97,97,NA,NA,97,0,0,NA,0,0,21,0,21,21,0,1,1,NA,0,1,0,0,0,0,0,0,0,NA,0,0,1,1,0,1,0,2,2,0,0,2,0,0,NA,0,0
M9 [CHILD IMMUNISATION],9.1.5,Child immunisation - DPT3,TOTAL,164,152,12,16,148,0,0,NA,0,0,0,0,NA,0,0,0,0,NA,0,0,13,13,NA,1,12,3,3,0,0,3,0,0,NA,0,0,0,0,0,0,0,46,46,0,1,45,0,0,NA,0,0,0,0,NA,0,0,6,6,NA,0,6,2,2,NA,1,1,0,0,0,0,0,42,42,NA,NA,42,0,0,NA,0,0,13,1,12,12,1,38,38,NA,0,38,1,1,0,1,0,0,0,NA,0,0,0,0,0,0,0,0,0,0,0,0,0,0,NA,0,0
M9 [CHILD IMMUNISATION],9.1.6,Child immunisation - Pentavalent 1,TOTAL,50122,48382,1740,12829,37293,1721,1710,11,378,1343,1772,1772,NA,255,1517,785,785,NA,138,647,5014,4542,472,3240,1774,1533,1500,33,238,1295,4288,4066,222,2220,2068,2876,2750,126,687,2189,1573,1573,0,290,1283,2007,2007,NA,66,1941,1998,1986,12,460,1538,2723,2693,30,505,2218,1446,1446,NA,200,1246,1583,1583,0,12,1571,3396,3396,NA,NA,3396,2770,2762,8,325,2445,1168,1115,53,348,820,2631,2589,42,827,1804,1604,1604,0,252,1352,1709,1709,NA,456,1253,2299,1874,425,700,1599,2932,2907,25,451,2481,2294,2013,281,781,1513
M9 [CHILD IMMUNISATION],9.1.7,Child immunisation - Pentavalent 2,TOTAL,51317,49648,1669,13116,38201,1878,1872,6,370,1508,1815,1815,NA,266,1549,840,840,NA,119,721,4777,4321,456,3044,1733,1601,1559,42,271,1330,4751,4508,243,2748,2003,3195,3079,116,735,2460,1644,1644,0,303,1341,2138,2138,NA,87,2051,2100,2091,9,420,1680,2976,2948,28,551,2425,1688,1688,NA,271,1417,1660,1660,NA,7,1653,2564,2564,NA,NA,2564,2608,2600,8,276,2332,1173,1133,40,321,852,2608,2587,21,754,1854,1666,1666,0,269,1397,1773,1773,NA,464,1309,2388,1975,413,684,1704,3118,3100,18,478,2640,2356,2087,269,678,1678
M9 [CHILD IMMUNISATION],9.1.8,Child immunisation - Pentavalent 3,TOTAL,46976,45300,1676,11915,35061,1730,1728,2,360,1370,1844,1844,NA,233,1611,780,780,NA,88,692,4380,3948,432,2820,1560,1270,1231,39,215,1055,4095,3844,251,2354,1741,3050,2937,113,666,2384,1505,1505,0,263,1242,2039,2039,NA,74,1965,2119,2113,6,393,1726,2651,2622,29,527,2124,1604,1604,NA,249,1355,1572,1572,NA,16,1556,2235,2235,NA,NA,2235,2538,2530,8,219,2319,1188,1143,45,326,862,2219,2199,20,648,1571,1385,1385,0,216,1169,1712,1712,NA,476,1236,2016,1621,395,622,1394,2730,2671,59,479,2251,2314,2037,277,671,1643
M9 [CHILD IMMUNISATION],9.1.9,Child immunisation - OPV 0 (Birth Dose),TOTAL,38013,33342,4671,7297,30716,1449,1354,95,196,1253,1187,1187,NA,69,1118,251,251,NA,0,251,2851,2628,223,1201,1650,1116,1037,79,96,1020,2956,1506,1450,1631,1325,2565,2099,466,685,1880,933,879,54,69,864,1634,1634,NA,13,1621,1638,1392,246,381,1257,2735,2688,47,230,2505,1042,1042,NA,51,991,709,709,NA,4,705,2633,2633,NA,NA,2633,1695,1586,109,200,1495,1156,1021,135,284,872,2027,1743,284,367,1660,1134,1080,54,71,1063,1985,1744,241,409,1576,2660,2229,431,478,2182,1756,1707,49,104,1652,1901,1193,708,758,1143
M9 [CHILD IMMUNISATION],9.1.10,Child immunisation - OPV1,TOTAL,49360,47652,1708,12691,36669,1659,1648,11,378,1281,1761,1761,NA,258,1503,785,785,NA,138,647,4933,4461,472,3224,1709,1538,1505,33,238,1300,4175,3953,222,2220,1955,2853,2727,126,679,2174,1517,1499,18,308,1209,1986,1986,NA,66,1920,1999,1995,4,452,1547,2748,2717,31,506,2242,1450,1450,NA,200,1250,1545,1545,NA,12,1533,3444,3444,NA,NA,3444,2611,2597,14,334,2277,1174,1118,56,351,823,2428,2428,NA,697,1731,1586,1586,0,252,1334,1693,1693,NA,456,1237,2295,1870,425,700,1595,2896,2881,15,441,2455,2284,2003,281,781,1503
M9 [CHILD IMMUNISATION],9.1.11,Child immunisation - OPV2,TOTAL,50605,48961,1644,12848,37757,1866,1860,6,370,1496,1773,1773,NA,266,1507,848,848,NA,119,729,4773,4317,456,3099,1674,1603,1561,42,271,1332,4359,4116,243,2448,1911,3161,3045,116,735,2426,1572,1564,8,311,1261,2154,2154,NA,87,2067,2086,2086,NA,411,1675,2980,2952,28,551,2429,1689,1689,NA,272,1417,1653,1653,NA,7,1646,2591,2591,NA,NA,2591,2597,2586,11,279,2318,1176,1133,43,324,852,2475,2475,NA,733,1742,1659,1659,0,269,1390,1765,1765,NA,464,1301,2382,1969,413,685,1697,3082,3073,9,469,2613,2361,2092,269,678,1683
M9 [CHILD IMMUNISATION],9.1.12,Child immunisation - OPV3,TOTAL,46249,44639,1610,11841,34408,1708,1706,2,360,1348,1830,1830,NA,233,1597,780,780,NA,88,692,4349,3917,432,2814,1535,1286,1247,39,215,1071,4045,3794,251,2354,1691,3010,2897,113,656,2354,1378,1378,0,263,1115,2031,2031,NA,74,1957,2018,2014,4,391,1627,2668,2640,28,526,2142,1607,1607,NA,250,1357,1557,1557,NA,17,1540,2247,2247,NA,NA,2247,2411,2398,13,227,2184,1191,1144,47,328,863,2051,2051,NA,631,1420,1386,1386,0,216,1170,1694,1694,NA,476,1218,2019,1624,395,622,1397,2669,2660,9,429,2240,2314,2037,277,671,1643
M9 [CHILD IMMUNISATION],9.1.13,Child immunisation - Hepatitis-B0 (Birth Dose),TOTAL,27030,22354,4676,5980,21050,1248,1184,64,126,1122,1045,1045,NA,1,1044,202,202,NA,0,202,1553,1553,NA,475,1078,1006,927,79,88,918,2493,1043,1450,1599,894,1881,1381,500,573,1308,687,633,54,54,633,1349,949,400,400,949,1215,970,245,320,895,1904,1838,66,197,1707,635,635,NA,0,635,749,665,84,84,665,1621,1621,NA,NA,1621,1076,903,173,242,834,1074,952,122,262,812,1161,877,284,333,828,388,334,54,54,334,801,474,327,327,474,1777,1777,0,1,1776,1571,1495,76,122,1449,1594,896,698,722,872
M9 [CHILD IMMUNISATION],9.1.14,Child immunisation - Hepatitis-B1,TOTAL,304,270,34,73,231,0,0,NA,0,0,48,48,NA,37,11,0,0,NA,0,0,38,38,NA,0,38,0,0,0,0,0,0,0,NA,0,0,0,0,0,0,0,27,13,14,14,13,0,0,NA,0,0,0,0,NA,0,0,18,15,3,3,15,57,57,NA,0,57,0,0,0,0,0,29,29,NA,NA,29,12,12,NA,2,10,17,0,17,17,0,58,58,NA,0,58,0,0,0,0,0,0,0,NA,0,0,0,0,0,0,0,0,0,0,0,0,0,0,NA,0,0
M9 [CHILD IMMUNISATION],9.1.15,Child immunisation - Hepatitis-B2,TOTAL,123,98,25,25,98,0,0,NA,0,0,0,0,NA,0,0,0,0,NA,0,0,13,13,NA,0,13,0,0,0,0,0,0,0,NA,0,0,0,0,0,0,0,17,4,13,13,4,0,0,NA,0,0,0,0,NA,0,0,0,0,0,0,0,45,45,NA,0,45,0,0,0,0,0,19,19,NA,NA,19,17,17,NA,0,17,12,0,12,12,0,0,0,NA,0,0,0,0,0,0,0,0,0,NA,0,0,0,0,0,0,0,0,0,0,0,0,0,0,NA,0,0
M9 [CHILD IMMUNISATION],9.1.16,Child immunisation - Hepatitis-B3,TOTAL,194,172,22,22,172,0,0,NA,0,0,0,0,NA,0,0,0,0,NA,0,0,17,17,NA,0,17,5,5,0,0,5,0,0,NA,0,0,0,0,0,0,0,25,13,12,12,13,0,0,NA,0,0,0,0,NA,0,0,0,0,0,0,0,51,51,NA,0,51,17,17,0,0,17,9,9,NA,NA,9,12,12,NA,0,12,10,0,10,10,0,44,44,NA,0,44,0,0,0,0,0,0,0,NA,0,0,4,4,0,0,4,0,0,0,0,0,0,0,NA,0,0
M9 [CHILD IMMUNISATION],9.1.17,Child immunisation - Inactivated Polio Vaccine 1 (IPV 1),TOTAL,41042,40971,71,9123,31919,1772,1772,NA,366,1406,1264,1264,NA,253,1011,614,614,NA,138,476,2578,2578,NA,1419,1159,1274,1266,8,188,1086,3228,3228,NA,1528,1700,2765,2744,21,587,2178,1476,1476,0,261,1215,1643,1643,NA,5,1638,2006,2006,NA,448,1558,2623,2581,42,521,2102,1407,1407,NA,200,1207,1457,1457,0,0,1457,2083,2083,NA,NA,2083,2040,2040,NA,314,1726,1116,1116,NA,289,827,2395,2395,NA,772,1623,1525,1525,0,254,1271,1686,1686,NA,459,1227,1482,1482,0,209,1273,2601,2601,0,419,2182,2007,2007,NA,493,1514
M9 [CHILD IMMUNISATION],9.1.18,Child immunisation - Inactivated Polio Vaccine 2 (IPV 2),TOTAL,36222,36152,70,7843,28379,1663,1663,NA,369,1294,1160,1160,NA,227,933,608,608,NA,88,520,2314,2314,NA,1266,1048,984,962,22,164,820,2363,2363,NA,1219,1144,2742,2727,15,511,2231,1257,1257,0,244,1013,1583,1583,NA,2,1581,2016,2016,NA,387,1629,2355,2322,33,496,1859,1473,1473,NA,250,1223,1460,1460,0,0,1460,1138,1138,NA,NA,1138,1587,1587,NA,106,1481,1111,1111,NA,252,859,1940,1940,NA,606,1334,1244,1244,0,222,1022,1713,1713,NA,476,1237,1235,1235,0,163,1072,2353,2353,0,375,1978,1923,1923,NA,420,1503
M9 [CHILD IMMUNISATION],9.1.19,Child immunisation - Rotavirus 1,TOTAL,48052,47152,900,11408,36644,1693,1682,11,378,1315,1720,1720,NA,255,1465,784,784,NA,138,646,4355,3883,472,2698,1657,1533,1500,33,235,1298,4174,3952,222,2196,1978,2795,2730,65,608,2187,1596,1596,0,295,1301,1909,1909,NA,66,1843,2012,2012,NA,448,1564,2701,2658,43,525,2176,1451,1451,NA,200,1251,1584,1584,0,12,1572,3330,3330,NA,NA,3330,2574,2574,NA,317,2257,1154,1100,54,331,823,2675,2675,NA,790,1885,1590,1590,0,252,1338,1680,1680,NA,456,1224,1853,1853,0,278,1575,2884,2884,0,426,2458,2005,2005,NA,504,1501
M9 [CHILD IMMUNISATION],9.1.20,Child immunisation - Rotavirus 2,TOTAL,48610,47727,883,11348,37262,1891,1885,6,370,1521,1764,1764,NA,266,1498,907,907,NA,119,788,4072,3616,456,2462,1610,1579,1537,42,266,1313,4274,4031,243,2400,1874,3109,3047,62,655,2454,1640,1640,0,322,1318,2010,2010,NA,87,1923,2092,2092,NA,411,1681,2946,2914,32,585,2361,1692,1692,NA,271,1421,1670,1670,0,7,1663,2369,2369,NA,NA,2369,2436,2436,NA,268,2168,1174,1132,42,314,860,2452,2452,NA,642,1810,1670,1670,0,268,1402,1768,1768,NA,464,1304,1952,1952,0,273,1679,3032,3032,0,458,2574,2111,2111,NA,440,1671
M9 [CHILD IMMUNISATION],9.1.21,Child immunisation - Rotavirus 3,TOTAL,43583,42726,857,10433,33150,1732,1730,2,360,1372,1798,1798,NA,233,1565,776,776,NA,88,688,3690,3258,432,2312,1378,1264,1225,39,206,1058,3924,3673,251,2288,1636,2976,2921,55,582,2394,1506,1506,0,296,1210,1895,1895,NA,74,1821,2023,2023,NA,387,1636,2612,2580,32,533,2079,1604,1604,NA,249,1355,1563,1563,0,13,1550,1745,1745,NA,NA,1745,2169,2169,NA,214,1955,1155,1109,46,337,818,2012,2012,NA,543,1469,1382,1382,0,214,1168,1598,1598,NA,476,1122,1599,1599,0,227,1372,2573,2573,0,407,2166,1987,1987,NA,394,1593
M9 [CHILD IMMUNISATION],9.2.1,Child immunisation (9-11months) - Measles & Rubella (MR)- 1st Dose,TOTAL,38857,35779,3078,12074,26783,1532,1515,17,387,1145,1284,942,342,495,789,463,463,NA,56,407,3532,2935,597,2513,1019,594,490,104,153,441,3745,3295,450,2284,1461,2714,2587,127,714,2000,1140,1140,0,184,956,1218,1218,NA,59,1159,1716,1629,87,465,1251,2429,2429,0,471,1958,1231,1231,NA,242,989,1421,1421,0,0,1421,2588,2588,NA,NA,2588,1883,1871,12,252,1631,1126,992,134,453,673,2169,1683,486,970,1199,1114,689,425,545,569,1315,1315,NA,428,887,1154,1152,2,143,1011,2328,2299,29,393,1935,2161,1895,266,867,1294
M9 [CHILD IMMUNISATION],9.2.2,Child immunisation (9-11months) - Measles 1st dose,TOTAL,2001,1604,397,696,1305,32,32,NA,0,32,57,57,NA,19,38,22,22,NA,0,22,393,393,NA,274,119,6,6,NA,0,6,0,0,NA,0,0,0,0,0,0,0,0,0,0,0,0,0,0,NA,0,0,103,94,9,9,94,22,22,0,6,16,72,72,NA,0,72,281,281,0,0,281,412,412,NA,NA,412,40,40,NA,0,40,0,0,NA,0,0,32,32,NA,0,32,0,0,0,0,0,7,7,NA,0,7,522,134,388,388,134,0,0,0,0,0,0,0,NA,0,0
M9 [CHILD IMMUNISATION],9.2.3,Child immunisation (9-11months) - JE 1st dose,TOTAL,11077,10491,586,3242,7835,1517,1500,17,387,1130,0,0,NA,0,0,6,6,NA,0,6,0,0,NA,0,0,0,0,0,0,0,0,0,NA,0,0,0,0,0,0,0,0,0,0,0,0,0,0,NA,0,0,1716,1633,83,461,1255,2435,2435,0,479,1956,1236,1236,NA,245,991,0,0,0,0,0,0,0,NA,NA,0,0,0,NA,0,0,0,0,NA,0,0,2239,1753,486,1069,1170,0,0,0,0,0,0,0,NA,0,0,0,0,0,0,0,0,0,0,0,0,1928,1928,NA,601,1327
M9 [CHILD IMMUNISATION],9.2.4.a,Children aged between 9 and 11 months fully immunized- Male,TOTAL,20823,18956,1867,6476,14347,820,811,9,194,626,651,474,177,255,396,248,248,NA,25,223,1966,1624,342,1378,588,311,252,59,81,230,1897,1667,230,1152,745,1501,1432,69,400,1101,630,630,0,100,530,627,627,NA,34,593,885,833,52,237,648,1236,1236,NA,217,1019,671,647,24,146,525,754,754,0,0,754,1432,1432,NA,NA,1432,996,990,6,128,868,601,536,65,226,375,1161,905,256,498,663,584,369,215,275,309,690,690,NA,222,468,876,660,216,275,601,1186,1171,15,198,988,1100,968,132,435,665
M9 [CHILD IMMUNISATION],9.2.4.b,Children aged between 9 and 11 months fully immunized - Female,TOTAL,19000,17352,1648,6032,12968,743,735,8,193,550,624,459,165,233,391,237,237,NA,31,206,1680,1425,255,1182,498,289,244,45,72,217,1864,1644,220,1166,698,1220,1162,58,311,909,534,534,0,94,440,580,580,NA,25,555,829,792,37,230,599,1141,1141,NA,216,925,641,616,25,138,503,663,663,0,0,663,1419,1419,NA,NA,1419,882,876,6,117,765,525,456,69,227,298,1002,772,230,469,533,526,316,210,270,256,625,625,NA,206,419,773,601,172,225,548,1142,1128,14,195,947,1061,927,134,432,629
M9 [CHILD IMMUNISATION],9.3.1,Child immunisation - Measles & Rubella (MR)- 1st Dose,TOTAL,3453,3453,0,1061,2392,163,163,NA,31,132,229,229,NA,112,117,90,90,NA,0,90,85,85,NA,50,35,31,31,0,12,19,308,308,NA,179,129,51,51,0,14,37,200,200,0,27,173,91,91,NA,0,91,245,245,0,240,5,0,0,NA,0,0,87,87,NA,17,70,209,209,0,0,209,473,473,NA,NA,473,621,621,NA,233,388,0,0,NA,0,0,229,229,NA,21,208,28,28,0,14,14,10,10,NA,0,10,185,185,0,60,125,118,118,0,51,67,0,0,NA,0,0
M9 [CHILD IMMUNISATION],9.3.2,Child immunisation - Measles-1st dose,TOTAL,363,363,0,30,333,20,20,NA,0,20,50,50,NA,19,31,6,6,NA,0,6,37,37,NA,8,29,6,6,0,0,6,0,0,NA,0,0,0,0,0,0,0,0,0,0,0,0,0,0,NA,0,0,2,2,NA,0,2,3,3,NA,3,0,11,11,NA,0,11,5,5,0,0,5,119,119,NA,NA,119,12,12,NA,0,12,0,0,NA,0,0,71,71,NA,0,71,0,0,0,0,0,0,0,NA,0,0,21,21,0,0,21,0,0,0,0,0,0,0,NA,0,0
M9 [CHILD IMMUNISATION],9.3.3,Child immunisation - JE 1st dose,TOTAL,1025,1025,0,530,495,188,188,NA,31,157,0,0,NA,0,0,0,0,NA,0,0,0,0,NA,0,0,0,0,0,0,0,0,0,NA,0,0,0,0,0,0,0,0,0,0,0,0,0,0,NA,0,0,255,255,0,248,7,12,12,NA,3,9,94,94,NA,17,77,0,0,NA,NA,0,0,0,NA,NA,0,0,0,NA,0,0,0,0,NA,0,0,474,474,NA,231,243,0,0,NA,0,0,0,0,NA,0,0,2,2,0,0,2,0,0,0,0,0,0,0,NA,0,0
M9 [CHILD IMMUNISATION],9.4.1,Child immunisation - Measles & Rubella (MR)- 2nd Dose (16-24 months),TOTAL,30896,30732,164,7400,23496,1470,1470,NA,358,1112,822,822,NA,161,661,481,481,NA,45,436,2293,2293,NA,1551,742,491,467,24,98,393,2448,2448,NA,1293,1155,2676,2600,76,617,2059,884,884,0,152,732,895,895,NA,37,858,1550,1550,NA,308,1242,2218,2218,0,456,1762,1186,1186,NA,201,985,1471,1471,NA,NA,1471,1358,1358,NA,NA,1358,1788,1788,NA,223,1565,985,961,24,270,715,1410,1410,NA,402,1008,383,383,0,68,315,1316,1316,NA,398,918,1005,1005,0,114,891,2023,2010,13,238,1785,1743,1716,27,410,1333
M9 [CHILD IMMUNISATION],9.4.2,Child immunisation - Measles 2nd dose (More than 16 months),TOTAL,2818,2325,493,744,2074,63,63,NA,0,63,41,41,NA,19,22,10,10,NA,0,10,734,243,491,701,33,40,38,2,2,38,0,0,NA,0,0,0,0,0,0,0,40,40,0,0,40,175,175,NA,0,175,124,124,NA,0,124,271,271,0,0,271,111,111,NA,0,111,366,366,NA,NA,366,188,188,NA,NA,188,189,189,NA,0,189,0,0,NA,0,0,72,72,NA,0,72,0,0,0,0,0,0,0,NA,0,0,187,187,0,22,165,103,103,0,0,103,104,104,NA,0,104
M9 [CHILD IMMUNISATION],9.4.3,Child immunisation - DPT 1st Booster,TOTAL,36121,35467,654,8886,27235,1480,1480,NA,358,1122,1410,1410,NA,239,1171,535,535,NA,71,464,3443,2952,491,2379,1064,915,891,24,113,802,2861,2861,NA,1421,1440,2677,2600,77,675,2002,1034,1034,0,152,882,1362,1362,NA,37,1325,1543,1543,NA,308,1235,2255,2255,0,465,1790,1209,1209,NA,200,1009,1554,1554,NA,10,1544,1520,1520,NA,NA,1520,1968,1968,NA,223,1745,978,950,28,288,690,1769,1769,NA,525,1244,846,846,0,106,740,1323,1323,NA,398,925,1296,1296,0,130,1166,2413,2406,7,376,2037,1730,1703,27,412,1318
M9 [CHILD IMMUNISATION],9.4.4,Child immunisation - OPV Booster,TOTAL,35976,35322,654,8953,27023,1462,1462,NA,358,1104,1383,1383,NA,239,1144,551,551,NA,71,480,3538,3047,491,2477,1061,859,835,24,118,741,2793,2793,NA,1352,1441,2682,2605,77,672,2010,971,971,0,152,819,1312,1312,NA,37,1275,1555,1555,NA,308,1247,2245,2245,0,465,1780,1202,1202,NA,200,1002,1543,1543,NA,12,1531,1554,1554,NA,NA,1554,1972,1972,NA,257,1715,978,950,28,288,690,1747,1747,NA,525,1222,871,871,0,106,765,1326,1326,NA,398,928,1285,1285,0,130,1155,2426,2419,7,376,2050,1721,1694,27,412,1309
M9 [CHILD IMMUNISATION],9.4.5,"Child immunisation - Measles, Mumps, Rubella (MMR) Vaccine",TOTAL,764,736,28,206,558,0,0,NA,0,0,70,70,NA,70,0,25,25,NA,0,25,163,163,NA,106,57,30,2,28,30,0,0,0,NA,0,0,0,0,0,0,0,30,30,0,0,30,0,0,NA,0,0,130,130,NA,0,130,0,0,0,0,0,47,47,NA,0,47,15,15,NA,0,15,118,118,NA,NA,118,23,23,NA,0,23,0,0,NA,0,0,90,90,NA,0,90,0,0,0,0,0,0,0,NA,0,0,10,10,0,0,10,0,0,0,0,0,13,13,NA,0,13
M9 [CHILD IMMUNISATION],9.4.6,Number of children more than 16 months of age who received Japanese Encephalitis (JE) vaccine,TOTAL,9065,9065,0,1953,7112,1195,1195,NA,305,890,0,0,NA,0,0,0,0,NA,0,0,0,0,NA,0,0,0,0,0,0,0,0,0,NA,0,0,0,0,0,0,0,0,0,0,0,0,0,0,NA,0,0,1540,1540,NA,308,1232,2278,2278,0,456,1822,1034,1034,NA,101,933,0,0,NA,0,0,0,0,NA,NA,0,0,0,NA,0,0,0,0,NA,0,0,1393,1393,NA,400,993,0,0,0,0,0,0,0,NA,0,0,0,0,0,0,0,0,0,0,0,0,1625,1625,NA,383,1242
M9 [CHILD IMMUNISATION],9.5.1,Child immunisation - Typhoid,TOTAL,212,168,44,110,102,0,0,NA,0,0,25,25,NA,3,22,9,9,NA,0,9,70,70,NA,63,7,51,23,28,28,23,0,0,NA,0,0,0,0,0,0,0,6,6,0,0,6,0,0,NA,0,0,16,16,NA,0,16,22,6,16,16,6,4,4,NA,0,4,0,0,NA,0,0,1,1,NA,NA,1,0,0,NA,0,0,0,0,NA,0,0,8,8,NA,0,8,0,0,0,0,0,0,0,NA,0,0,0,0,0,0,0,0,0,0,0,0,0,0,NA,0,0
M9 [CHILD IMMUNISATION],9.5.2,Children more than 5 years received DPT5 (2nd Booster),TOTAL,39102,39040,62,7562,31540,1774,1774,NA,369,1405,1765,1765,NA,166,1599,572,572,NA,291,281,2354,2354,NA,1495,859,1446,1426,20,176,1270,2599,2599,NA,1142,1457,2852,2839,13,386,2466,1016,1016,0,115,901,1353,1353,NA,13,1340,2344,2344,NA,616,1728,2264,2244,20,402,1862,1478,1478,NA,186,1292,1159,1159,NA,0,1159,816,816,NA,NA,816,667,667,NA,131,536,1426,1417,9,232,1194,1258,1258,NA,353,905,705,705,0,83,622,2624,2624,NA,649,1975,2011,2011,0,138,1873,4002,4002,0,317,3685,2617,2617,NA,302,2315
M9 [CHILD IMMUNISATION],9.5.3,Children more than 10 years received TT10,TOTAL,34015,33976,39,4789,29226,1064,1064,NA,226,838,1748,1748,NA,53,1695,659,659,NA,246,413,1363,1363,NA,833,530,664,662,2,47,617,1492,1492,NA,479,1013,2341,2326,15,382,1959,683,683,0,69,614,2471,2471,NA,158,2313,2089,2089,NA,323,1766,2530,2510,20,568,1962,1104,1104,NA,66,1038,1204,1204,NA,0,1204,275,275,NA,NA,275,354,354,NA,76,278,1212,1210,2,134,1078,1276,1276,NA,185,1091,689,689,0,22,667,2118,2118,NA,416,1702,2071,2071,0,71,2000,4276,4276,0,290,3986,2332,2332,NA,145,2187
M9 [CHILD IMMUNISATION],9.5.4,Children more than 16 years received TT16,TOTAL,35184,35151,33,3544,31640,890,890,NA,176,714,2428,2428,NA,39,2389,545,545,NA,119,426,1060,1060,NA,578,482,884,882,2,23,861,1497,1497,NA,381,1116,2620,2605,15,331,2289,765,765,0,42,723,2944,2944,NA,143,2801,2293,2293,NA,198,2095,2142,2126,16,491,1651,769,769,NA,26,743,1478,1478,NA,0,1478,118,118,NA,NA,118,306,306,NA,112,194,928,928,NA,115,813,1013,1013,NA,125,888,722,722,0,5,717,2472,2472,NA,272,2200,2341,2341,0,30,2311,4690,4690,0,223,4467,2279,2279,NA,115,2164
M9 [CHILD IMMUNISATION],9.6.1,Number of cases of AEFI - Abscess,TOTAL,65,65,0,22,43,1,1,NA,0,1,0,0,NA,0,0,0,0,NA,0,0,3,3,NA,3,0,11,11,0,0,11,2,2,NA,2,0,1,1,0,0,1,2,2,0,2,0,1,1,NA,0,1,25,25,NA,14,11,0,0,NA,0,0,4,4,NA,0,4,0,0,NA,0,0,6,6,NA,NA,6,0,0,NA,0,0,1,1,NA,0,1,2,2,NA,0,2,0,0,0,0,0,1,1,NA,1,0,5,5,0,0,5,0,0,0,0,0,0,0,NA,0,0
M9 [CHILD IMMUNISATION],9.6.2,Number of cases of AEFI - Death,TOTAL,1,1,0,1,0,0,0,NA,0,0,0,0,NA,0,0,0,0,NA,0,0,0,0,NA,0,0,0,0,0,0,0,0,0,NA,0,0,0,0,0,0,0,0,0,0,0,0,0,0,NA,0,0,0,0,NA,0,0,0,0,NA,0,0,0,0,NA,0,0,0,0,NA,0,0,0,0,NA,NA,0,0,0,NA,0,0,0,0,NA,0,0,1,1,NA,1,0,0,0,0,0,0,0,0,NA,0,0,0,0,0,0,0,0,0,0,0,0,0,0,NA,0,0
M9 [CHILD IMMUNISATION],9.6.3,Number of cases of AEFI - Others,TOTAL,391,391,0,116,275,4,4,NA,0,4,2,2,NA,0,2,0,0,NA,0,0,67,67,NA,58,9,38,38,0,19,19,0,0,NA,0,0,33,33,0,1,32,46,46,0,8,38,23,23,NA,5,18,5,5,NA,5,0,0,0,NA,0,0,15,15,NA,0,15,0,0,NA,0,0,46,46,NA,NA,46,2,2,NA,0,2,2,2,NA,1,1,51,51,NA,0,51,0,0,0,0,0,19,19,NA,19,0,37,37,0,0,37,1,1,0,0,1,0,0,NA,0,0
M9 [CHILD IMMUNISATION],9.7.1,Immunisation sessions planned,TOTAL,22917,22917,0,5386,17531,1174,1174,NA,348,826,955,955,NA,159,796,413,413,NA,36,377,2415,2415,NA,1724,691,860,860,0,119,741,1404,1404,NA,730,674,1469,1469,0,271,1198,713,713,0,139,574,1030,1030,NA,40,990,932,932,NA,216,716,1053,1053,NA,0,1053,718,718,NA,104,614,665,665,0,0,665,1176,1176,NA,NA,1176,1096,1096,NA,106,990,747,747,NA,247,500,1070,1070,NA,296,774,771,771,0,105,666,787,787,NA,201,586,983,983,0,124,859,1194,1194,0,146,1048,1292,1292,NA,275,1017
M9 [CHILD IMMUNISATION],9.7.2,Immunisation sessions held,TOTAL,21962,21962,0,4665,17297,1153,1153,NA,338,815,939,939,NA,159,780,408,408,NA,36,372,1685,1685,NA,1052,633,853,853,0,119,734,1393,1393,NA,725,668,1467,1467,0,261,1206,711,711,0,139,572,1011,1011,NA,40,971,915,915,NA,214,701,1022,1022,NA,0,1022,706,706,NA,104,602,656,656,NA,NA,656,1218,1218,NA,NA,1218,1081,1081,NA,105,976,743,743,NA,243,500,1041,1041,NA,283,758,779,779,0,115,664,786,786,NA,201,585,929,929,0,120,809,1188,1188,0,146,1042,1278,1278,NA,265,1013
M9 [CHILD IMMUNISATION],9.7.3,Number of Immunisation sessions where ASHAs were present,TOTAL,19162,19162,0,3174,15988,789,789,NA,39,750,841,841,NA,74,767,376,376,NA,0,376,1543,1543,NA,922,621,757,757,0,96,661,1188,1188,NA,598,590,1207,1207,0,84,1123,676,676,0,129,547,840,840,NA,20,820,752,752,NA,129,623,967,967,NA,0,967,668,668,NA,69,599,637,637,NA,NA,637,1026,1026,NA,NA,1026,1028,1028,NA,95,933,543,543,NA,144,399,997,997,NA,274,723,722,722,0,102,620,642,642,NA,86,556,837,837,0,103,734,1081,1081,0,100,981,1045,1045,NA,110,935
M9 [CHILD IMMUNISATION],9.8.1,Child immunisation - Vitamin A Dose - 1,TOTAL,33742,33742,0,8230,25512,1488,1488,NA,370,1118,781,781,NA,114,667,504,504,NA,56,448,3263,3263,NA,2037,1226,570,570,0,16,554,2965,2965,NA,1486,1479,2515,2515,0,535,1980,1123,1123,0,179,944,849,849,NA,0,849,1541,1541,NA,378,1163,2236,2236,0,471,1765,1179,1179,NA,243,936,1196,1196,0,0,1196,1942,1942,NA,NA,1942,1718,1718,NA,240,1478,960,960,NA,298,662,1855,1855,NA,488,1367,727,727,0,121,606,1239,1239,NA,326,913,1278,1278,0,144,1134,2331,2331,0,319,2012,1482,1482,NA,409,1073
M9 [CHILD IMMUNISATION],9.8.2,Child immunisation - Vitamin A Dose - 5,TOTAL,16457,16457,0,4588,11869,966,966,NA,352,614,603,603,NA,93,510,361,361,NA,17,344,1905,1905,NA,1342,563,579,579,0,12,567,1636,1636,NA,894,742,731,731,0,305,426,588,588,0,153,435,375,375,NA,0,375,506,506,NA,139,367,789,789,0,197,592,491,491,NA,71,420,1301,1301,NA,NA,1301,685,685,NA,NA,685,765,765,NA,47,718,417,417,NA,156,261,1443,1443,NA,320,1123,343,343,0,99,244,384,384,NA,115,269,739,739,0,60,679,746,746,0,123,623,104,104,NA,93,11
M9 [CHILD IMMUNISATION],9.8.3,Child immunisation - Vitamin A Dose - 9,TOTAL,19864,19864,0,6122,13742,1548,1548,NA,358,1190,611,611,NA,85,526,379,379,NA,66,313,2239,2239,NA,1344,895,1046,1046,0,94,952,1824,1824,NA,1110,714,926,926,0,371,555,663,663,0,163,500,261,261,NA,0,261,1241,1241,NA,616,625,1463,1463,0,366,1097,766,766,NA,186,580,1057,1057,NA,NA,1057,582,582,NA,NA,582,556,556,NA,129,427,780,780,NA,174,606,1359,1359,NA,393,966,325,325,0,91,234,487,487,NA,202,285,1028,1028,0,117,911,533,533,0,123,410,190,190,NA,134,56
M9 [CHILD IMMUNISATION],9.9,Number of children (6-59 months) provided 8-10 doses (1ml) of IFA syrup (Bi weekly),TOTAL,19377,19377,0,5486,13891,1053,1053,NA,601,452,1122,1122,NA,24,1098,379,379,NA,0,379,480,480,NA,245,235,752,752,0,60,692,1754,1754,NA,741,1013,583,583,0,94,489,450,450,0,94,356,1094,1094,NA,0,1094,1714,1714,NA,1296,418,812,812,NA,0,812,47,47,NA,5,42,792,792,NA,NA,792,1137,1137,NA,NA,1137,321,321,NA,0,321,185,185,NA,61,124,603,603,NA,40,563,182,182,0,11,171,178,178,NA,0,178,3299,3299,0,1832,1467,1631,1631,0,228,1403,809,809,NA,154,655
M9 [CHILD IMMUNISATION],9.1,Number of children (12-59 months) provided Albendazole,TOTAL,15884,15884,0,4421,11463,725,725,NA,309,416,699,699,NA,172,527,361,361,NA,25,336,1690,1690,NA,842,848,788,788,0,107,681,1428,1428,NA,680,748,991,991,0,237,754,680,680,0,132,548,569,569,NA,0,569,1445,1445,NA,875,570,845,845,NA,245,600,125,125,NA,52,73,774,774,NA,NA,774,1093,1093,NA,NA,1093,373,373,NA,0,373,148,148,NA,86,62,634,634,NA,259,375,196,196,0,31,165,400,400,NA,221,179,851,851,0,0,851,541,541,0,68,473,528,528,NA,80,448
M9 [CHILD IMMUNISATION],9.11,Number of severely underweight children provided Health Checkup (0-5 yrs),TOTAL,2243,2243,0,256,1987,30,30,NA,0,30,136,136,NA,24,112,14,14,NA,0,14,54,54,NA,5,49,143,143,0,14,129,28,28,NA,0,28,41,41,0,6,35,364,364,0,9,355,25,25,NA,0,25,144,144,NA,113,31,299,299,NA,43,256,22,22,NA,11,11,206,206,NA,NA,206,321,321,NA,NA,321,7,7,NA,0,7,2,2,NA,2,0,93,93,NA,18,75,3,3,0,0,3,13,13,NA,1,12,150,150,0,6,144,110,110,0,0,110,38,38,NA,4,34
M10 [Number of cases of Childhood Diseases (0-5 years)],10.1,Childhood Diseases - Pneumonia,TOTAL,693,693,0,85,608,48,48,NA,0,48,0,0,NA,0,0,0,0,NA,NA,0,118,118,NA,85,33,7,7,0,0,7,14,14,NA,0,14,2,2,NA,0,2,105,105,0,0,105,0,0,NA,0,0,0,0,NA,0,0,17,17,NA,0,17,0,0,NA,0,0,101,101,0,0,101,28,28,NA,NA,28,41,41,NA,0,41,0,0,NA,0,0,133,133,NA,0,133,3,3,NA,0,3,71,71,NA,0,71,0,0,0,0,0,0,0,0,0,0,5,5,NA,0,5
M10 [Number of cases of Childhood Diseases (0-5 years)],10.2,Childhood Diseases - Asthma,TOTAL,254,254,0,2,252,13,13,NA,0,13,0,0,NA,0,0,0,0,NA,NA,0,14,14,NA,2,12,41,41,0,0,41,1,1,NA,0,1,1,1,NA,0,1,4,4,0,0,4,0,0,NA,0,0,0,0,NA,0,0,11,11,NA,0,11,4,4,NA,0,4,19,19,0,0,19,9,9,NA,NA,9,0,0,NA,0,0,0,0,NA,0,0,34,34,NA,0,34,79,79,NA,0,79,24,24,NA,0,24,0,0,0,0,0,0,0,0,0,0,0,0,NA,0,0
M10 [Number of cases of Childhood Diseases (0-5 years)],10.3,Childhood Diseases - Sepsis,TOTAL,771,771,0,216,555,31,31,NA,0,31,0,0,NA,0,0,0,0,NA,NA,0,2,2,NA,0,2,6,6,0,1,5,0,0,NA,0,0,0,0,NA,0,0,241,241,0,215,26,0,0,NA,0,0,260,260,NA,0,260,21,21,NA,0,21,0,0,NA,0,0,84,84,0,0,84,0,0,NA,NA,0,0,0,NA,0,0,0,0,NA,0,0,14,14,NA,0,14,0,0,NA,0,0,109,109,NA,0,109,0,0,0,0,0,0,0,0,0,0,3,3,NA,0,3
M10 [Number of cases of Childhood Diseases (0-5 years)],10.4,Childhood Diseases - Diphtheria,TOTAL,0,0,0,0,0,0,0,NA,0,0,0,0,NA,0,0,0,0,NA,NA,0,0,0,NA,0,0,0,0,0,0,0,0,0,NA,0,0,0,0,NA,0,0,0,0,0,0,0,0,0,NA,0,0,0,0,NA,0,0,0,0,NA,0,0,0,0,NA,0,0,0,0,0,0,0,0,0,NA,NA,0,0,0,NA,0,0,0,0,NA,0,0,0,0,NA,0,0,0,0,NA,0,0,0,0,NA,0,0,0,0,0,0,0,0,0,0,0,0,0,0,NA,0,0
M10 [Number of cases of Childhood Diseases (0-5 years)],10.5,Childhood Diseases - Pertussis,TOTAL,0,0,0,0,0,0,0,NA,0,0,0,0,NA,0,0,0,0,NA,NA,0,0,0,NA,0,0,0,0,0,0,0,0,0,NA,0,0,0,0,NA,0,0,0,0,0,0,0,0,0,NA,0,0,0,0,NA,0,0,0,0,NA,0,0,0,0,NA,0,0,0,0,0,0,0,0,0,NA,NA,0,0,0,NA,0,0,0,0,NA,0,0,0,0,NA,0,0,0,0,NA,0,0,0,0,NA,0,0,0,0,0,0,0,0,0,0,0,0,0,0,NA,0,0
M10 [Number of cases of Childhood Diseases (0-5 years)],10.6,Childhood Diseases - Tetanus Neonatorum,TOTAL,0,0,0,0,0,0,0,NA,0,0,0,0,NA,0,0,0,0,NA,NA,0,0,0,NA,0,0,0,0,0,0,0,0,0,NA,0,0,0,0,NA,0,0,0,0,0,0,0,0,0,NA,0,0,0,0,NA,0,0,0,0,NA,0,0,0,0,NA,0,0,0,0,0,0,0,0,0,NA,NA,0,0,0,NA,0,0,0,0,NA,0,0,0,0,NA,0,0,0,0,NA,0,0,0,0,NA,0,0,0,0,0,0,0,0,0,0,0,0,0,0,NA,0,0
M10 [Number of cases of Childhood Diseases (0-5 years)],10.7,Childhood Diseases - Tuberculosis (TB),TOTAL,45,45,0,1,44,1,1,NA,0,1,0,0,NA,0,0,1,1,NA,0,1,21,21,NA,0,21,1,1,0,0,1,0,0,NA,0,0,0,0,NA,0,0,2,2,0,0,2,1,1,NA,0,1,0,0,NA,0,0,0,0,NA,0,0,1,1,NA,0,1,8,8,0,0,8,0,0,NA,NA,0,2,2,NA,0,2,0,0,NA,0,0,0,0,NA,0,0,0,0,NA,0,0,0,0,NA,0,0,6,6,0,0,6,0,0,0,0,0,1,1,NA,1,0
M10 [Number of cases of Childhood Diseases (0-5 years)],10.8,Childhood Diseases - Acute Flaccid Paralysis(AFP),TOTAL,32,32,0,3,29,1,1,NA,0,1,0,0,NA,0,0,0,0,NA,0,0,20,20,NA,3,17,0,0,0,0,0,0,0,NA,0,0,0,0,NA,0,0,1,1,0,0,1,0,0,NA,0,0,0,0,NA,0,0,0,0,NA,0,0,0,0,NA,0,0,0,0,0,0,0,0,0,NA,NA,0,1,1,NA,0,1,0,0,NA,0,0,0,0,NA,0,0,0,0,NA,0,0,1,1,NA,0,1,0,0,0,0,0,7,7,0,0,7,1,1,NA,0,1
M10 [Number of cases of Childhood Diseases (0-5 years)],10.9,Childhood Diseases - Measles,TOTAL,45,45,0,0,45,0,0,NA,0,0,3,3,NA,0,3,0,0,NA,0,0,33,33,NA,0,33,0,0,0,0,0,0,0,NA,0,0,0,0,NA,0,0,0,0,0,0,0,0,0,NA,0,0,0,0,NA,0,0,0,0,NA,0,0,1,1,NA,0,1,0,0,0,0,0,0,0,NA,NA,0,0,0,NA,0,0,0,0,NA,0,0,0,0,NA,0,0,0,0,NA,0,0,0,0,NA,0,0,8,8,0,0,8,0,0,0,0,0,0,0,NA,0,0
M10 [Number of cases of Childhood Diseases (0-5 years)],10.1,Childhood Diseases - Malaria,TOTAL,47,47,0,0,47,0,0,NA,0,0,0,0,NA,0,0,0,0,NA,0,0,42,42,NA,0,42,4,4,0,0,4,0,0,NA,0,0,0,0,NA,0,0,0,0,0,0,0,0,0,NA,0,0,0,0,NA,0,0,0,0,NA,0,0,0,0,NA,0,0,0,0,0,0,0,1,1,NA,NA,1,0,0,NA,0,0,0,0,NA,0,0,0,0,NA,0,0,0,0,NA,0,0,0,0,NA,0,0,0,0,0,0,0,0,0,0,0,0,0,0,NA,0,0
M10 [Number of cases of Childhood Diseases (0-5 years)],10.11,Childhood Diseases - Diarrhoea,TOTAL,2805,2805,0,670,2135,128,128,NA,11,117,27,27,NA,16,11,2,2,NA,0,2,363,363,NA,155,208,130,130,0,14,116,332,332,NA,218,114,220,220,NA,3,217,135,135,0,47,88,15,15,NA,0,15,51,51,NA,0,51,90,90,NA,27,63,86,86,NA,35,51,85,85,0,0,85,598,598,NA,NA,598,138,138,NA,47,91,85,85,NA,67,18,44,44,NA,0,44,32,32,NA,0,32,122,122,NA,18,104,18,18,0,3,15,59,59,0,0,59,45,45,NA,9,36
M10 [Number of cases of Childhood Diseases (0-5 years)],10.12,Childhood Diseases - Diarrhoea treated in Inpatients,TOTAL,1001,1001,0,92,909,42,42,NA,0,42,0,0,NA,0,0,0,0,NA,NA,0,58,58,NA,31,27,8,8,0,0,8,39,39,NA,32,7,25,25,NA,0,25,21,21,0,0,21,0,0,NA,0,0,20,20,NA,0,20,10,10,NA,0,10,0,0,NA,0,0,159,159,0,0,159,490,490,NA,NA,490,45,45,NA,22,23,4,4,NA,4,0,19,19,NA,0,19,16,16,NA,0,16,34,34,NA,0,34,4,4,0,3,1,0,0,0,0,0,7,7,NA,0,7
M10 [Number of cases of Childhood Diseases (0-5 years)],10.13,Children admitted with upper respiratory infections,TOTAL,2163,2163,0,508,1655,428,428,NA,0,428,0,0,NA,0,0,0,0,NA,NA,0,256,256,NA,253,3,7,7,0,0,7,30,30,NA,11,19,78,78,NA,0,78,810,810,0,0,810,0,0,NA,0,0,16,16,NA,0,16,5,5,NA,0,5,102,102,NA,66,36,30,30,0,0,30,8,8,NA,NA,8,70,70,NA,58,12,120,120,NA,120,0,1,1,NA,0,1,144,144,NA,0,144,37,37,NA,0,37,0,0,0,0,0,17,17,0,0,17,4,4,NA,0,4
M10 [Number of cases of Childhood Diseases (0-5 years)],10.14,Childhood Diseases - Severe Acute Malnutrition (SAM),TOTAL,78,78,0,0,78,0,0,NA,0,0,0,0,NA,0,0,0,0,NA,NA,0,3,3,NA,0,3,2,2,0,0,2,0,0,NA,0,0,40,40,NA,0,40,2,2,0,0,2,0,0,NA,0,0,0,0,NA,0,0,7,7,NA,0,7,1,1,NA,0,1,4,4,0,0,4,12,12,NA,NA,12,0,0,NA,0,0,0,0,NA,0,0,0,0,NA,0,0,0,0,NA,0,0,5,5,NA,0,5,0,0,0,0,0,0,0,0,0,0,2,2,NA,0,2
M11 [NVBDCP],11.1.1.a,Total Blood Smears Examined for Malaria,TOTAL,153621,153621,0,10374,143247,4367,4367,NA,263,4104,8039,8039,NA,75,7964,1593,1593,NA,NA,1593,6276,6276,NA,1989,4287,4298,4298,0,419,3879,6232,6232,NA,1634,4598,27405,27405,NA,221,27184,4042,4042,NA,6,4036,8926,8926,NA,119,8807,11364,11364,NA,226,11138,8479,8479,NA,633,7846,4864,4864,NA,714,4150,6256,6256,0,0,6256,551,551,NA,NA,551,3762,3762,NA,70,3692,4269,4269,NA,1033,3236,4193,4193,NA,282,3911,4928,4928,0,96,4832,8193,8193,NA,186,8007,8232,8232,0,1119,7113,14281,14281,0,715,13566,3071,3071,NA,574,2497
M11 [NVBDCP],11.1.1.b,Malaria (Microscopy Tests ) - Plasmodium Vivax test positive,TOTAL,235,235,0,10,225,0,0,NA,0,0,0,0,NA,0,0,0,0,NA,NA,0,0,0,NA,0,0,0,0,0,0,0,0,0,NA,0,0,3,3,NA,0,3,1,1,NA,0,1,0,0,NA,0,0,0,0,NA,0,0,0,0,NA,0,0,0,0,NA,0,0,0,0,0,0,0,220,220,NA,NA,220,0,0,NA,0,0,0,0,NA,0,0,10,10,NA,10,0,0,0,0,0,0,0,0,NA,0,0,1,1,0,0,1,0,0,0,0,0,0,0,NA,0,0
M11 [NVBDCP],11.1.1.c,Malaria (Microscopy Tests ) - Plasmodium Falciparum test positive,TOTAL,3,3,0,0,3,0,0,NA,0,0,0,0,NA,0,0,0,0,NA,NA,0,0,0,NA,0,0,0,0,0,0,0,0,0,NA,0,0,0,0,NA,0,0,0,0,NA,0,0,0,0,NA,0,0,0,0,NA,0,0,0,0,NA,0,0,0,0,NA,0,0,0,0,0,0,0,2,2,NA,NA,2,1,1,NA,0,1,0,0,NA,0,0,0,0,NA,0,0,0,0,0,0,0,0,0,NA,0,0,0,0,0,0,0,0,0,0,0,0,0,0,NA,0,0
M11 [NVBDCP],11.1.2.a,RDT conducted for Malaria,TOTAL,3718,3718,0,21,3697,0,0,NA,0,0,342,342,NA,0,342,0,0,NA,0,0,11,11,NA,10,1,181,181,0,0,181,0,0,NA,0,0,153,153,NA,0,153,0,0,NA,0,0,0,0,NA,0,0,122,122,NA,0,122,0,0,NA,0,0,0,0,NA,0,0,35,35,0,0,35,1917,1917,NA,NA,1917,2,2,NA,2,0,0,0,NA,0,0,682,682,NA,2,680,0,0,0,0,0,18,18,NA,0,18,75,75,0,0,75,40,40,0,0,40,140,140,NA,7,133
M11 [NVBDCP],11.1.2.b,Malaria (RDT) - Plasmodium Vivax test positive,TOTAL,7,7,0,0,7,0,0,NA,0,0,0,0,NA,0,0,0,0,NA,0,0,1,1,NA,0,1,0,0,0,0,0,0,0,NA,0,0,0,0,NA,0,0,0,0,NA,0,0,0,0,NA,0,0,0,0,NA,0,0,0,0,NA,0,0,0,0,NA,0,0,0,0,0,0,0,6,6,NA,NA,6,0,0,NA,0,0,0,0,NA,0,0,0,0,NA,0,0,0,0,0,0,0,0,0,NA,0,0,0,0,0,0,0,0,0,0,0,0,0,0,NA,0,0
M11 [NVBDCP],11.1.2.c,Malaria (RDT) - Plamodium Falciparum test positive,TOTAL,2,2,0,0,2,0,0,NA,0,0,0,0,NA,0,0,0,0,NA,0,0,0,0,NA,0,0,0,0,0,0,0,0,0,NA,0,0,0,0,NA,0,0,0,0,NA,0,0,0,0,NA,0,0,0,0,NA,0,0,0,0,NA,0,0,0,0,NA,0,0,0,0,0,0,0,2,2,NA,NA,2,0,0,NA,0,0,0,0,NA,0,0,0,0,NA,0,0,0,0,0,0,0,0,0,NA,0,0,0,0,0,0,0,0,0,0,0,0,0,0,NA,0,0
M11 [NVBDCP],11.2.1,Kala Azar (RDT) - Tests Conducted,TOTAL,0,0,0,0,0,0,0,NA,0,0,0,0,NA,0,0,0,0,NA,NA,0,0,0,NA,0,0,0,0,0,0,0,0,0,NA,0,0,0,0,NA,0,0,0,0,NA,0,0,0,0,NA,0,0,0,0,NA,0,0,0,0,NA,0,0,0,0,NA,0,0,0,0,0,0,0,0,0,NA,NA,0,0,0,NA,0,0,0,0,NA,0,0,0,0,NA,0,0,0,0,0,0,0,0,0,NA,0,0,0,0,0,0,0,0,0,0,0,0,0,0,NA,0,0
M11 [NVBDCP],11.2.2,Kala Azar Positive Cases,TOTAL,0,0,0,0,0,0,0,NA,0,0,0,0,NA,0,0,0,0,NA,NA,0,0,0,NA,0,0,0,0,0,0,0,0,0,NA,0,0,0,0,NA,0,0,0,0,NA,0,0,0,0,NA,0,0,0,0,NA,0,0,0,0,NA,0,0,0,0,NA,0,0,0,0,0,0,0,0,0,NA,NA,0,0,0,NA,0,0,0,0,NA,0,0,0,0,NA,0,0,0,0,0,0,0,0,0,NA,0,0,0,0,0,0,0,0,0,0,0,0,0,0,NA,0,0
M11 [NVBDCP],11.2.3,Post-kala-azar dermal leishmaniasis (PKDL) cases,TOTAL,0,0,0,0,0,0,0,NA,0,0,0,0,NA,0,0,0,0,NA,NA,0,0,0,NA,0,0,0,0,0,0,0,0,0,NA,0,0,0,0,NA,0,0,0,0,NA,0,0,0,0,NA,0,0,0,0,NA,0,0,0,0,NA,0,0,0,0,NA,0,0,0,0,0,0,0,0,0,NA,NA,0,0,0,NA,0,0,0,0,NA,0,0,0,0,NA,0,0,0,0,0,0,0,0,0,NA,0,0,0,0,0,0,0,0,0,0,0,0,0,0,NA,0,0
M11 [NVBDCP],11.3.1,Dengue - RDT Test Positive,TOTAL,3,3,0,1,2,0,0,NA,0,0,0,0,NA,0,0,0,0,NA,NA,0,0,0,NA,0,0,0,0,0,0,0,0,0,NA,0,0,0,0,NA,0,0,0,0,NA,0,0,0,0,NA,0,0,0,0,NA,0,0,0,0,NA,0,0,0,0,NA,0,0,2,2,0,0,2,0,0,NA,NA,0,0,0,NA,0,0,0,0,NA,0,0,0,0,NA,0,0,0,0,0,0,0,0,0,NA,0,0,0,0,0,0,0,0,0,0,0,0,1,1,NA,1,0
M11 [NVBDCP],11.3.2,Dengue - Enzyme- Linked Immuno Sorbent Assay (ELISA) Test Positive,TOTAL,157,157,NA,0,157,0,0,NA,NA,0,0,0,NA,NA,0,NA,NA,NA,NA,NA,0,0,NA,0,0,0,0,NA,NA,0,5,5,NA,NA,5,64,64,NA,NA,64,0,0,NA,NA,0,0,0,NA,NA,0,0,0,NA,NA,0,0,0,NA,NA,0,0,0,NA,NA,0,0,0,NA,NA,0,0,0,NA,NA,0,0,0,NA,NA,0,NA,NA,NA,NA,NA,0,0,NA,NA,0,0,0,NA,NA,0,76,76,NA,NA,76,12,12,NA,NA,12,0,0,NA,NA,0,0,0,NA,NA,0
M11 [NVBDCP],11.4.1,Tests Conducted for JE,TOTAL,0,0,NA,0,0,0,0,NA,NA,0,0,0,NA,NA,0,NA,NA,NA,NA,NA,0,0,NA,0,0,0,0,NA,NA,0,0,0,NA,NA,0,0,0,NA,NA,0,0,0,NA,NA,0,0,0,NA,NA,0,0,0,NA,NA,0,0,0,NA,NA,0,0,0,NA,NA,0,0,0,NA,NA,0,0,0,NA,NA,0,0,0,NA,NA,0,NA,NA,NA,NA,NA,0,0,NA,NA,0,0,0,NA,NA,0,0,0,NA,NA,0,0,0,NA,NA,0,0,0,NA,NA,0,0,0,NA,NA,0
M11 [NVBDCP],11.4.2,Tests Positive for JE,TOTAL,0,0,NA,0,0,0,0,NA,NA,0,0,0,NA,NA,0,NA,NA,NA,NA,NA,0,0,NA,0,0,0,0,NA,NA,0,0,0,NA,NA,0,0,0,NA,NA,0,0,0,NA,NA,0,0,0,NA,NA,0,0,0,NA,NA,0,0,0,NA,NA,0,0,0,NA,NA,0,0,0,NA,NA,0,0,0,NA,NA,0,0,0,NA,NA,0,NA,NA,NA,NA,NA,0,0,NA,NA,0,0,0,NA,NA,0,0,0,NA,NA,0,0,0,NA,NA,0,0,0,NA,NA,0,0,0,NA,NA,0
M12 [Adolscent Health],12.1.1.a,Girls registered in AFHC,TOTAL,8614,8614,0,637,7977,539,539,NA,28,511,420,420,NA,0,420,74,74,NA,NA,74,382,382,NA,107,275,165,165,0,0,165,205,205,NA,4,201,100,100,NA,0,100,72,72,NA,0,72,734,734,NA,0,734,543,543,NA,0,543,812,812,NA,0,812,630,630,NA,188,442,145,145,0,0,145,72,72,NA,NA,72,475,475,NA,0,475,845,845,NA,310,535,587,587,NA,0,587,272,272,0,0,272,114,114,NA,0,114,247,247,0,0,247,143,143,0,0,143,1038,1038,NA,0,1038
M12 [Adolscent Health],12.1.1.b,Boys registered in AFHC,TOTAL,8884,8884,0,868,8016,267,267,NA,24,243,568,568,NA,0,568,97,97,NA,NA,97,244,244,NA,117,127,66,66,0,0,66,227,227,NA,6,221,90,90,NA,0,90,74,74,NA,0,74,639,639,NA,0,639,577,577,NA,0,577,824,824,NA,0,824,540,540,NA,171,369,141,141,0,0,141,40,40,NA,NA,40,774,774,NA,0,774,916,916,NA,550,366,599,599,NA,0,599,232,232,0,0,232,89,89,NA,0,89,278,278,0,0,278,76,76,0,0,76,1526,1526,NA,0,1526
M12 [Adolscent Health],12.1.2.a,"Out of registered, Girls received clinical services",TOTAL,6050,6050,0,682,5368,478,478,NA,28,450,179,179,NA,0,179,74,74,NA,NA,74,169,169,NA,86,83,165,165,0,0,165,196,196,NA,0,196,78,78,NA,0,78,65,65,NA,0,65,444,444,NA,0,444,283,283,NA,0,283,619,619,NA,0,619,839,839,NA,258,581,75,75,0,0,75,20,20,NA,NA,20,386,386,NA,0,386,726,726,NA,310,416,410,410,NA,0,410,136,136,0,0,136,114,114,NA,0,114,246,246,0,0,246,86,86,0,0,86,262,262,NA,0,262
M12 [Adolscent Health],12.1.2.b,"Out of registered, Boys received clinical services",TOTAL,5923,5923,0,956,4967,188,188,NA,24,164,291,291,NA,0,291,97,97,NA,NA,97,182,182,NA,98,84,66,66,0,0,66,216,216,NA,0,216,80,80,NA,0,80,62,62,NA,0,62,412,412,NA,0,412,356,356,NA,0,356,553,553,NA,0,553,672,672,NA,284,388,84,84,0,0,84,16,16,NA,NA,16,563,563,NA,0,563,859,859,NA,550,309,384,384,NA,0,384,112,112,0,0,112,89,89,NA,0,89,277,277,0,0,277,68,68,0,0,68,296,296,NA,0,296
M12 [Adolscent Health],12.1.3.a,"Out of registered, Girls received counselling",TOTAL,7730,7730,0,273,7457,521,521,NA,28,493,389,389,NA,0,389,74,74,NA,NA,74,380,380,NA,107,273,165,165,0,0,165,204,204,NA,6,198,57,57,NA,0,57,72,72,NA,0,72,710,710,NA,0,710,543,543,NA,0,543,808,808,NA,0,808,668,668,NA,132,536,50,50,NA,NA,50,72,72,NA,NA,72,393,393,NA,0,393,392,392,NA,0,392,545,545,NA,0,545,272,272,0,0,272,30,30,NA,0,30,257,257,0,0,257,90,90,0,0,90,1038,1038,NA,0,1038
M12 [Adolscent Health],12.1.3.b,"Out of registered, Boys received counselling",TOTAL,7676,7676,0,266,7410,257,257,NA,24,233,494,494,NA,0,494,97,97,NA,NA,97,241,241,NA,116,125,66,66,0,0,66,217,217,NA,2,215,41,41,NA,0,41,74,74,NA,0,74,718,718,NA,0,718,577,577,NA,0,577,813,813,NA,0,813,562,562,NA,124,438,75,75,NA,NA,75,40,40,NA,NA,40,598,598,NA,0,598,227,227,NA,0,227,530,530,NA,0,530,232,232,0,0,232,30,30,NA,0,30,285,285,0,0,285,76,76,0,0,76,1426,1426,NA,0,1426
"M13 [Directly Observed Treatment, Short-course (DOTS)]",13.1,Number of on-going DOTS patients registered,TOTAL,3659,3659,0,1253,2406,304,304,NA,139,165,124,124,NA,32,92,0,0,NA,NA,0,727,727,NA,602,125,66,66,0,0,66,348,348,NA,100,248,256,256,NA,0,256,16,16,NA,0,16,50,50,NA,0,50,112,112,NA,38,74,190,190,NA,127,63,123,123,NA,63,60,54,54,NA,NA,54,104,104,NA,NA,104,374,374,NA,0,374,151,151,NA,9,142,160,160,NA,77,83,60,60,0,23,37,77,77,NA,0,77,102,102,0,24,78,53,53,0,0,53,208,208,NA,19,189
"M13 [Directly Observed Treatment, Short-course (DOTS)]",13.2,Number of DOTS cases completed successfully,TOTAL,1588,1588,0,302,1286,114,114,NA,12,102,39,39,NA,7,32,0,0,NA,NA,0,225,225,NA,161,64,23,23,0,0,23,199,199,NA,13,186,208,208,NA,0,208,24,24,NA,0,24,4,4,NA,0,4,63,63,NA,6,57,73,73,NA,27,46,49,49,NA,13,36,15,15,NA,NA,15,41,41,NA,NA,41,71,71,NA,0,71,153,153,NA,4,149,45,45,NA,15,30,46,46,0,20,26,37,37,NA,0,37,34,34,0,6,28,7,7,0,0,7,118,118,NA,18,100
M14 [Patient Services],14.1.1,Outpatient - Diabetes,TOTAL,32484,32484,0,6834,25650,2824,2824,NA,525,2299,2552,2552,NA,25,2527,445,445,NA,0,445,1938,1938,NA,541,1397,1267,1267,0,178,1089,1445,1445,NA,601,844,1171,1171,NA,215,956,1385,1385,NA,534,851,1135,1135,NA,123,1012,2162,2162,NA,825,1337,2567,2567,NA,542,2025,1000,1000,NA,294,706,1146,1146,NA,61,1085,234,234,NA,NA,234,327,327,NA,21,306,1372,1372,NA,505,867,1461,1461,NA,328,1133,872,872,0,145,727,682,682,NA,281,401,2308,2308,0,733,1575,1368,1368,0,238,1130,2823,2823,NA,119,2704
M14 [Patient Services],14.1.2,Outpatient - Hypertension,TOTAL,37200,37200,0,6827,30373,3654,3654,NA,585,3069,2573,2573,NA,16,2557,698,698,NA,0,698,1886,1886,NA,643,1243,1795,1795,0,330,1465,1561,1561,NA,583,978,1122,1122,NA,62,1060,1942,1942,NA,556,1386,1030,1030,NA,125,905,1633,1633,NA,591,1042,2969,2969,NA,596,2373,1755,1755,NA,303,1452,2237,2237,NA,83,2154,261,261,NA,NA,261,298,298,NA,28,270,1591,1591,NA,495,1096,1347,1347,NA,266,1081,1979,1979,NA,139,1840,747,747,NA,282,465,2005,2005,0,753,1252,1257,1257,0,284,973,2860,2860,NA,107,2753
M14 [Patient Services],14.1.3,Outpatient - Stroke (Paralysis),TOTAL,136,136,0,5,131,30,30,NA,0,30,0,0,NA,0,0,0,0,NA,0,0,3,3,NA,0,3,7,7,0,0,7,0,0,NA,0,0,2,2,NA,0,2,13,13,NA,0,13,4,4,NA,0,4,3,3,NA,1,2,1,1,NA,0,1,6,6,NA,0,6,8,8,NA,NA,8,0,0,NA,NA,0,2,2,NA,0,2,0,0,NA,0,0,18,18,NA,0,18,11,11,0,0,11,5,5,NA,0,5,2,2,0,0,2,17,17,0,0,17,4,4,NA,4,0
M14 [Patient Services],14.1.4,Outpatient - Acute Heart Diseases,TOTAL,1915,1915,0,48,1867,149,149,NA,0,149,423,423,NA,0,423,0,0,NA,0,0,17,17,NA,1,16,34,34,0,0,34,64,64,NA,0,64,1,1,NA,0,1,6,6,NA,0,6,5,5,NA,0,5,30,30,NA,5,25,102,102,NA,0,102,69,69,NA,0,69,521,521,NA,NA,521,29,29,NA,NA,29,8,8,NA,0,8,103,103,NA,0,103,202,202,NA,0,202,69,69,0,0,69,11,11,NA,0,11,4,4,0,0,4,47,47,0,37,10,21,21,NA,5,16
M14 [Patient Services],14.1.5,Outpatient - Mental illness,TOTAL,8646,8646,0,60,8586,2015,2015,NA,0,2015,48,48,NA,0,48,11,11,NA,0,11,326,326,NA,0,326,1653,1653,0,3,1650,516,516,NA,2,514,9,9,NA,0,9,71,71,NA,0,71,62,62,NA,0,62,67,67,NA,38,29,480,480,NA,0,480,298,298,NA,0,298,18,18,NA,NA,18,3,3,NA,NA,3,548,548,NA,0,548,8,8,NA,1,7,85,85,NA,1,84,586,586,0,0,586,9,9,NA,5,4,12,12,0,6,6,0,0,0,0,0,1821,1821,NA,4,1817
M14 [Patient Services],14.1.6,Outpatient - Epilepsy,TOTAL,621,621,0,26,595,61,61,NA,0,61,3,3,NA,0,3,0,0,NA,0,0,40,40,NA,0,40,35,35,0,0,35,43,43,NA,0,43,28,28,NA,2,26,12,12,NA,1,11,17,17,NA,0,17,32,32,NA,7,25,39,39,NA,0,39,47,47,NA,0,47,10,10,NA,NA,10,7,7,NA,NA,7,47,47,NA,0,47,2,2,NA,0,2,86,86,NA,0,86,0,0,0,0,0,6,6,NA,0,6,25,25,0,15,10,39,39,0,0,39,42,42,NA,1,41
M14 [Patient Services],14.1.7,Outpatient - Ophthalmic Related,TOTAL,83566,83566,0,4317,79249,5834,5834,NA,210,5624,6051,6051,NA,19,6032,0,0,NA,0,0,3834,3834,NA,555,3279,5635,5635,0,232,5403,2580,2580,NA,357,2223,3276,3276,NA,462,2814,2935,2935,NA,260,2675,7934,7934,NA,109,7825,2926,2926,NA,322,2604,3314,3314,NA,96,3218,4531,4531,NA,231,4300,3610,3610,NA,17,3593,1785,1785,NA,NA,1785,2853,2853,NA,31,2822,939,939,NA,114,825,2177,2177,NA,478,1699,5191,5191,0,39,5152,7316,7316,NA,137,7179,3358,3358,0,420,2938,2952,2952,0,139,2813,4535,4535,NA,89,4446
M14 [Patient Services],14.1.8,Outpatient - Dental,TOTAL,132518,132518,0,10328,122190,10688,10688,NA,799,9889,7967,7967,NA,23,7944,1983,1983,NA,0,1983,9127,9127,NA,2720,6407,3749,3749,0,143,3606,5739,5739,NA,202,5537,9813,9813,NA,299,9514,5264,5264,NA,406,4858,8766,8766,NA,12,8754,5729,5729,NA,219,5510,6658,6658,NA,701,5957,6067,6067,NA,271,5796,6633,6633,NA,8,6625,913,913,NA,NA,913,3326,3326,NA,13,3313,5017,5017,NA,1745,3272,4280,4280,NA,845,3435,3126,3126,0,55,3071,7563,7563,NA,301,7262,3344,3344,0,263,3081,8271,8271,0,588,7683,8495,8495,NA,715,7780
M14 [Patient Services],14.1.9,Outpatient - Oncology,TOTAL,1209,1209,0,488,721,112,112,NA,NA,112,0,0,NA,NA,0,0,0,NA,NA,0,500,500,NA,488,12,0,0,0,0,0,0,0,NA,0,0,0,0,NA,0,0,5,5,NA,NA,5,261,261,NA,0,261,3,3,NA,NA,3,0,0,NA,NA,0,245,245,NA,0,245,0,0,NA,NA,0,0,0,NA,NA,0,0,0,NA,NA,0,0,0,NA,0,0,0,0,NA,0,0,81,81,0,0,81,1,1,NA,0,1,0,0,0,0,0,0,0,0,0,0,1,1,NA,NA,1
M14 [Patient Services],14.2.1,Allopathic- Outpatient attendance,TOTAL,2579612,2579612,0,328979,2250633,157622,157622,NA,21373,136249,127021,127021,NA,6983,120038,32497,32497,NA,0,32497,190092,190092,NA,68000,122092,91747,91747,0,9512,82235,137225,137225,NA,33572,103653,185482,185482,NA,11056,174426,136954,136954,NA,13143,123811,110953,110953,NA,6948,104005,111090,111090,NA,6919,104171,132307,132307,NA,12455,119852,111152,111152,NA,11843,99309,81367,81367,NA,1411,79956,60271,60271,NA,NA,60271,82951,82951,NA,2345,80606,162952,162952,NA,31251,131701,68013,68013,NA,13353,54660,68004,68004,0,4544,63460,120428,120428,NA,15974,104454,111049,111049,0,15749,95300,165065,165065,0,20824,144241,135370,135370,NA,21724,113646
M14 [Patient Services],14.2.2,Ayush - Outpatient attendance,TOTAL,203757,203757,0,10024,193733,11900,11900,NA,422,11478,4473,4473,NA,0,4473,0,0,NA,0,0,10459,10459,NA,2158,8301,4932,4932,0,0,4932,12456,12456,NA,0,12456,13822,13822,NA,1498,12324,7891,7891,NA,0,7891,11321,11321,NA,578,10743,10559,10559,NA,0,10559,9708,9708,NA,0,9708,7985,7985,NA,1396,6589,9820,9820,NA,NA,9820,7207,7207,NA,NA,7207,10571,10571,NA,0,10571,9904,9904,NA,613,9291,7764,7764,NA,1123,6641,6890,6890,0,0,6890,8228,8228,NA,0,8228,12388,12388,0,1903,10485,13603,13603,0,0,13603,11876,11876,NA,333,11543
M14 [Patient Services],14.3.1.a,Inpatient (Male)- Children<18yrs,TOTAL,12126,12126,0,268,11858,647,647,NA,2,645,505,505,NA,2,503,61,61,NA,NA,61,1097,1097,NA,171,926,378,378,0,8,370,803,803,NA,25,778,785,785,NA,21,764,415,415,NA,0,415,471,471,NA,0,471,508,508,NA,0,508,393,393,NA,0,393,432,432,NA,3,429,354,354,NA,NA,354,747,747,NA,NA,747,542,542,NA,0,542,597,597,NA,7,590,399,399,NA,6,393,229,229,0,0,229,387,387,NA,0,387,689,689,0,0,689,900,900,0,19,881,787,787,NA,4,783
M14 [Patient Services],14.3.1.b,Inpatient (Male)- Adults,TOTAL,25404,25404,0,173,25231,818,818,NA,3,815,1130,1130,NA,24,1106,347,347,NA,NA,347,689,689,NA,0,689,1244,1244,0,0,1244,403,403,NA,1,402,8809,8809,NA,0,8809,581,581,NA,0,581,295,295,NA,0,295,358,358,NA,0,358,1798,1798,NA,0,1798,773,773,NA,3,770,714,714,NA,NA,714,490,490,NA,NA,490,272,272,NA,0,272,515,515,NA,75,440,137,137,NA,5,132,1675,1675,0,0,1675,318,318,NA,0,318,724,724,0,1,723,1754,1754,0,1,1753,1560,1560,NA,60,1500
M14 [Patient Services],14.3.2.a,Inpatient (Female)- Children<18yrs,TOTAL,11664,11664,0,292,11372,643,643,NA,5,638,509,509,NA,0,509,61,61,NA,NA,61,1114,1114,NA,184,930,436,436,0,3,433,728,728,NA,19,709,670,670,NA,27,643,606,606,NA,0,606,507,507,NA,0,507,456,456,NA,0,456,377,377,NA,0,377,380,380,NA,5,375,322,322,NA,NA,322,654,654,NA,NA,654,548,548,NA,0,548,635,635,NA,10,625,374,374,NA,1,373,180,180,0,0,180,317,317,NA,0,317,511,511,0,0,511,845,845,0,27,818,791,791,NA,11,780
M14 [Patient Services],14.3.2.b,Inpatient (Female)- Adults,TOTAL,54648,54648,0,1146,53502,2491,2491,NA,12,2479,2201,2201,NA,18,2183,703,703,NA,NA,703,2248,2248,NA,621,1627,1967,1967,0,23,1944,2089,2089,NA,45,2044,10332,10332,NA,71,10261,1655,1655,NA,7,1648,1779,1779,NA,0,1779,2043,2043,NA,41,2002,3376,3376,NA,0,3376,1848,1848,NA,18,1830,1151,1151,NA,NA,1151,2152,2152,NA,NA,2152,2145,2145,NA,0,2145,2034,2034,NA,107,1927,1488,1488,NA,19,1469,2296,2296,0,4,2292,1230,1230,NA,0,1230,2020,2020,0,0,2020,3873,3873,0,52,3821,3527,3527,NA,108,3419
M14 [Patient Services],14.3.3,Number of Left Against Medical Advice (LAMA) cases,TOTAL,2904,2904,0,35,2869,76,76,NA,0,76,54,54,NA,0,54,8,8,NA,NA,8,69,69,NA,17,52,95,95,0,5,90,288,288,NA,0,288,423,423,NA,11,412,120,120,NA,0,120,160,160,NA,0,160,80,80,NA,0,80,102,102,NA,0,102,107,107,NA,0,107,20,20,NA,NA,20,113,113,NA,NA,113,39,39,NA,0,39,1,1,NA,0,1,151,151,NA,2,149,64,64,0,0,64,10,10,NA,0,10,436,436,0,0,436,198,198,0,0,198,290,290,NA,0,290
M14 [Patient Services],14.4.1,Inpatient - Malaria,TOTAL,300,300,0,0,300,0,0,NA,0,0,98,98,NA,0,98,0,0,NA,NA,0,0,0,NA,0,0,0,0,0,0,0,0,0,NA,0,0,0,0,NA,0,0,0,0,NA,0,0,0,0,NA,0,0,0,0,NA,0,0,0,0,NA,0,0,0,0,NA,0,0,201,201,NA,0,201,0,0,NA,NA,0,1,1,NA,0,1,0,0,NA,0,0,0,0,NA,0,0,0,0,0,0,0,0,0,NA,0,0,0,0,0,0,0,0,0,0,0,0,0,0,NA,0,0
M14 [Patient Services],14.4.2,Inpatient - Dengue,TOTAL,199,199,0,1,198,5,5,NA,0,5,0,0,NA,0,0,0,0,NA,NA,0,0,0,NA,0,0,0,0,0,0,0,0,0,NA,0,0,0,0,NA,0,0,0,0,NA,0,0,0,0,NA,0,0,0,0,NA,0,0,0,0,NA,0,0,1,1,NA,0,1,180,180,NA,0,180,0,0,NA,NA,0,11,11,NA,0,11,0,0,NA,0,0,0,0,NA,0,0,1,1,0,0,1,0,0,NA,0,0,0,0,0,0,0,0,0,0,0,0,1,1,NA,1,0
M14 [Patient Services],14.4.3,Inpatient - Typhoid,TOTAL,832,832,0,49,783,0,0,NA,0,0,362,362,NA,0,362,0,0,NA,NA,0,2,2,NA,0,2,0,0,0,0,0,6,6,NA,0,6,1,1,NA,0,1,2,2,NA,0,2,0,0,NA,0,0,0,0,NA,0,0,30,30,NA,0,30,1,1,NA,0,1,1,1,NA,0,1,0,0,NA,NA,0,350,350,NA,0,350,48,48,NA,41,7,8,8,NA,8,0,6,6,0,0,6,15,15,NA,0,15,0,0,0,0,0,0,0,0,0,0,0,0,NA,0,0
M14 [Patient Services],14.4.4,"Inpatient - Asthma, Chronic Obstructive Pulmonary Disease (COPD), Respiratory infections",TOTAL,2069,2069,0,85,1984,14,14,NA,1,13,1501,1501,NA,0,1501,4,4,NA,NA,4,33,33,NA,0,33,27,27,0,0,27,105,105,NA,62,43,5,5,NA,0,5,20,20,NA,0,20,3,3,NA,0,3,57,57,NA,0,57,38,38,NA,0,38,42,42,NA,0,42,7,7,NA,0,7,8,8,NA,NA,8,9,9,NA,0,9,19,19,NA,15,4,22,22,NA,0,22,19,19,0,0,19,11,11,NA,0,11,48,48,0,0,48,20,20,0,0,20,57,57,NA,7,50
M14 [Patient Services],14.4.5,Inpatient - Tuberculosis,TOTAL,558,558,0,0,558,6,6,NA,0,6,458,458,NA,0,458,0,0,NA,NA,0,6,6,NA,0,6,9,9,0,0,9,1,1,NA,0,1,1,1,NA,0,1,1,1,NA,0,1,0,0,NA,0,0,13,13,NA,0,13,2,2,NA,0,2,6,6,NA,0,6,0,0,NA,0,0,2,2,NA,NA,2,0,0,NA,0,0,0,0,NA,0,0,2,2,NA,0,2,6,6,0,0,6,0,0,NA,0,0,20,20,0,0,20,24,24,0,0,24,1,1,NA,0,1
M14 [Patient Services],14.4.6,Inpatient - Pyrexia of unknown origin (PUO),TOTAL,1237,1237,0,91,1146,41,41,NA,0,41,254,254,NA,0,254,13,13,NA,NA,13,22,22,NA,4,18,32,32,0,0,32,78,78,NA,0,78,11,11,NA,0,11,85,85,NA,0,85,73,73,NA,0,73,64,64,NA,0,64,120,120,NA,0,120,97,97,NA,5,92,36,36,NA,0,36,2,2,NA,NA,2,32,32,NA,0,32,63,63,NA,54,9,6,6,NA,0,6,17,17,0,0,17,10,10,NA,0,10,67,67,0,0,67,18,18,0,0,18,96,96,NA,28,68
M14 [Patient Services],14.4.7,Inpatient - Diarrhea with dehydration,TOTAL,554,554,0,39,515,15,15,NA,0,15,51,51,NA,0,51,11,11,NA,NA,11,9,9,NA,3,6,37,37,0,0,37,27,27,NA,0,27,15,15,NA,0,15,46,46,NA,0,46,14,14,NA,0,14,15,15,NA,0,15,41,41,NA,0,41,26,26,NA,13,13,28,28,NA,NA,28,0,0,NA,NA,0,8,8,NA,0,8,44,44,NA,23,21,28,28,NA,0,28,0,0,0,0,0,55,55,NA,0,55,22,22,0,0,22,8,8,0,0,8,54,54,NA,0,54
M14 [Patient Services],14.4.8,Inpatient - Hepatitis,TOTAL,15,15,0,1,14,3,3,NA,0,3,0,0,NA,0,0,0,0,NA,NA,0,1,1,NA,0,1,0,0,0,0,0,1,1,NA,0,1,0,0,NA,0,0,2,2,NA,0,2,0,0,NA,0,0,0,0,NA,0,0,0,0,NA,0,0,2,2,NA,0,2,1,1,NA,NA,1,1,1,NA,NA,1,0,0,NA,0,0,0,0,NA,0,0,0,0,NA,0,0,0,0,0,0,0,3,3,NA,0,3,0,0,0,0,0,0,0,0,0,0,1,1,NA,1,0
M14 [Patient Services],14.5,Patients registered at Emergency Department,TOTAL,51115,51115,0,183,50932,1662,1662,NA,31,1631,6915,6915,NA,NA,6915,207,207,NA,NA,207,5033,5033,NA,2,5031,759,759,0,10,749,7208,7208,NA,0,7208,1944,1944,NA,0,1944,6391,6391,NA,NA,6391,137,137,NA,0,137,497,497,NA,NA,497,2469,2469,NA,NA,2469,2246,2246,NA,0,2246,2818,2818,NA,NA,2818,1914,1914,NA,NA,1914,1936,1936,NA,NA,1936,102,102,NA,102,0,199,199,NA,38,161,434,434,0,0,434,3673,3673,NA,0,3673,1456,1456,0,0,1456,397,397,0,0,397,2718,2718,NA,NA,2718
M14 [Patient Services],14.6.1,"Emergency - Trauma ( accident, injury, poisoning etc)",TOTAL,7967,7967,0,153,7814,149,149,NA,NA,149,162,162,NA,NA,162,70,70,NA,NA,70,68,68,NA,0,68,296,296,0,0,296,673,673,NA,0,673,1226,1226,NA,0,1226,180,180,NA,NA,180,18,18,NA,0,18,97,97,NA,NA,97,303,303,NA,NA,303,253,253,NA,3,250,187,187,NA,NA,187,20,20,NA,NA,20,1306,1306,NA,NA,1306,155,155,NA,150,5,14,14,NA,0,14,182,182,0,0,182,575,575,NA,0,575,558,558,0,0,558,964,964,0,0,964,511,511,NA,NA,511
M14 [Patient Services],14.6.2,Emergency - Burn,TOTAL,92,92,0,8,84,1,1,NA,NA,1,0,0,NA,NA,0,0,0,NA,NA,0,3,3,NA,2,1,2,2,0,0,2,20,20,NA,0,20,10,10,NA,0,10,1,1,NA,NA,1,0,0,NA,0,0,1,1,NA,NA,1,3,3,NA,NA,3,4,4,NA,1,3,1,1,NA,NA,1,2,2,NA,NA,2,2,2,NA,NA,2,5,5,NA,5,0,1,1,NA,0,1,1,1,0,0,1,16,16,NA,0,16,11,11,0,0,11,1,1,0,0,1,7,7,NA,NA,7
M14 [Patient Services],14.6.3,Emergency - Obstetrics complications,TOTAL,1634,1634,0,2,1632,1,1,NA,NA,1,0,0,NA,NA,0,8,8,NA,NA,8,2,2,NA,2,0,210,210,0,0,210,13,13,NA,0,13,534,534,NA,0,534,107,107,NA,NA,107,0,0,NA,0,0,56,56,NA,NA,56,16,16,NA,NA,16,92,92,NA,0,92,0,0,NA,NA,0,0,0,NA,NA,0,95,95,NA,NA,95,0,0,NA,0,0,0,0,NA,0,0,1,1,0,0,1,232,232,NA,0,232,95,95,0,0,95,0,0,0,0,0,172,172,NA,NA,172
M14 [Patient Services],14.6.4,Emergency - Snake Bite,TOTAL,11,11,0,0,11,0,0,NA,NA,0,0,0,NA,NA,0,0,0,NA,NA,0,0,0,NA,0,0,1,1,0,0,1,1,1,NA,0,1,2,2,NA,0,2,0,0,NA,NA,0,0,0,NA,0,0,1,1,NA,NA,1,0,0,NA,NA,0,1,1,NA,0,1,0,0,NA,NA,0,0,0,NA,NA,0,2,2,NA,NA,2,0,0,NA,0,0,0,0,NA,0,0,0,0,0,0,0,2,2,NA,0,2,0,0,0,0,0,0,0,0,0,0,1,1,NA,NA,1
M14 [Patient Services],14.6.5,Emergency - Acute Caridiac Emergencies,TOTAL,264,264,0,4,260,29,29,NA,NA,29,4,4,NA,NA,4,0,0,NA,NA,0,4,4,NA,0,4,2,2,0,0,2,3,3,NA,0,3,114,114,NA,0,114,4,4,NA,NA,4,0,0,NA,0,0,0,0,NA,NA,0,6,6,NA,NA,6,11,11,NA,0,11,0,0,NA,NA,0,0,0,NA,NA,0,2,2,NA,NA,2,4,4,NA,4,0,11,11,NA,0,11,0,0,0,0,0,52,52,NA,0,52,0,0,0,0,0,0,0,0,0,0,18,18,NA,NA,18
M14 [Patient Services],14.6.7,Emergency - CVA ( Cerebovascular Disease),TOTAL,86,86,0,0,86,11,11,NA,NA,11,0,0,NA,NA,0,0,0,NA,NA,0,0,0,NA,0,0,0,0,0,0,0,0,0,NA,0,0,67,67,NA,0,67,0,0,NA,NA,0,0,0,NA,0,0,0,0,NA,NA,0,0,0,NA,NA,0,6,6,NA,0,6,0,0,NA,NA,0,0,0,NA,NA,0,0,0,NA,NA,0,0,0,NA,0,0,0,0,NA,0,0,1,1,0,0,1,0,0,NA,0,0,0,0,0,0,0,0,0,0,0,0,1,1,NA,NA,1
M14 [Patient Services],14.7,Number of deaths occurring at Emergency Department,TOTAL,252,252,0,0,252,31,31,NA,NA,31,36,36,NA,NA,36,0,0,NA,NA,0,5,5,NA,0,5,3,3,0,0,3,11,11,NA,0,11,65,65,NA,0,65,1,1,NA,NA,1,1,1,NA,0,1,10,10,NA,NA,10,4,4,NA,NA,4,20,20,NA,0,20,2,2,NA,NA,2,4,4,NA,NA,4,3,3,NA,NA,3,0,0,NA,0,0,2,2,NA,0,2,10,10,0,0,10,3,3,NA,0,3,27,27,0,0,27,0,0,0,0,0,14,14,NA,NA,14
M14 [Patient Services],14.8.1,Operation major (General and spinal anaesthesia),TOTAL,6348,6348,0,15,6333,208,208,NA,0,208,386,386,NA,0,386,3,3,NA,NA,3,372,372,NA,0,372,139,139,0,0,139,460,460,NA,0,460,619,619,NA,0,619,274,274,NA,0,274,96,96,NA,0,96,130,130,NA,0,130,102,102,NA,NA,102,74,74,NA,0,74,100,100,NA,NA,100,732,732,NA,NA,732,159,159,NA,0,159,625,625,NA,0,625,106,106,NA,0,106,182,182,0,0,182,136,136,NA,0,136,211,211,0,0,211,670,670,0,0,670,564,564,NA,15,549
M14 [Patient Services],14.8.2,"Out of Operation major, Gynecology- Hysterectomy surgeries",TOTAL,1191,1191,0,0,1191,2,2,NA,0,2,1,1,NA,0,1,0,0,NA,NA,0,9,9,NA,0,9,23,23,0,0,23,6,6,NA,0,6,45,45,NA,0,45,293,293,NA,0,293,8,8,NA,0,8,0,0,NA,0,0,0,0,NA,NA,0,11,11,NA,0,11,12,12,NA,NA,12,645,645,NA,NA,645,15,15,NA,0,15,2,2,NA,0,2,0,0,NA,0,0,36,36,0,0,36,16,16,NA,0,16,31,31,0,0,31,8,8,0,0,8,28,28,NA,0,28
M14 [Patient Services],14.8.3,"Major Surgeries excluding Obstetrics, Gynaecology and Opthalmology etc.",TOTAL,2451,2451,NA,NA,2451,57,57,NA,NA,57,2,2,NA,NA,2,NA,NA,NA,NA,NA,155,155,NA,NA,155,23,23,NA,NA,23,289,289,NA,NA,289,162,162,NA,NA,162,58,58,NA,NA,58,84,84,NA,NA,84,29,29,NA,NA,29,57,57,NA,NA,57,63,63,NA,NA,63,37,37,NA,NA,37,168,168,NA,NA,168,49,49,NA,NA,49,115,115,NA,NA,115,99,99,NA,NA,99,47,47,NA,NA,47,63,63,NA,NA,63,265,265,NA,NA,265,470,470,NA,NA,470,159,159,NA,NA,159
M14 [Patient Services],14.8.4,Operation minor (No or local anaesthesia),TOTAL,5081,5081,0,17,5064,346,346,NA,0,346,61,61,NA,0,61,14,14,NA,NA,14,608,608,NA,1,607,35,35,0,0,35,140,140,NA,0,140,176,176,NA,0,176,378,378,NA,0,378,397,397,NA,0,397,731,731,NA,0,731,56,56,NA,0,56,145,145,NA,0,145,185,185,NA,NA,185,130,130,NA,NA,130,27,27,NA,0,27,282,282,NA,0,282,42,42,NA,0,42,605,605,0,0,605,225,225,NA,0,225,76,76,0,0,76,108,108,0,0,108,314,314,NA,16,298
M14 [Patient Services],14.8.5,Number of post operative Surgical Site infection,TOTAL,83,83,NA,NA,83,0,0,NA,NA,0,0,0,NA,NA,0,NA,NA,NA,NA,NA,7,7,NA,NA,7,3,3,NA,NA,3,0,0,NA,NA,0,0,0,NA,NA,0,2,2,NA,NA,2,8,8,NA,NA,8,35,35,NA,NA,35,0,0,NA,NA,0,2,2,NA,NA,2,0,0,NA,NA,0,6,6,NA,NA,6,5,5,NA,NA,5,3,3,NA,NA,3,0,0,NA,NA,0,2,2,NA,NA,2,1,1,NA,NA,1,0,0,NA,NA,0,0,0,NA,NA,0,9,9,NA,NA,9
M14 [Patient Services],14.8.6,Number of blood units issued,TOTAL,5578,5578,0,504,5074,122,122,NA,0,122,33,33,NA,20,13,0,0,NA,NA,0,0,0,NA,0,0,262,262,0,0,262,150,150,NA,0,150,0,0,NA,0,0,272,272,NA,0,272,501,501,NA,0,501,0,0,NA,0,0,5,5,NA,NA,5,23,23,NA,0,23,238,238,NA,NA,238,0,0,NA,NA,0,380,380,NA,0,380,339,339,NA,0,339,484,484,NA,484,0,460,460,0,0,460,18,18,NA,0,18,368,368,0,0,368,1320,1320,0,0,1320,603,603,NA,0,603
M14 [Patient Services],14.8.7,Number of blood transfusions done,TOTAL,3502,3502,0,0,3502,8,8,NA,0,8,11,11,NA,0,11,0,0,NA,NA,0,493,493,NA,0,493,56,56,0,0,56,143,143,NA,0,143,0,0,NA,0,0,261,261,NA,0,261,498,498,NA,0,498,546,546,NA,0,546,0,0,NA,NA,0,23,23,NA,0,23,0,0,NA,NA,0,0,0,NA,NA,0,2,2,NA,0,2,11,11,NA,0,11,0,0,NA,0,0,138,138,NA,0,138,18,18,NA,0,18,368,368,0,0,368,323,323,0,0,323,603,603,NA,0,603
M14 [Patient Services],14.9.1,Inpatient Deaths - Male,TOTAL,225,225,0,0,225,26,26,NA,0,26,30,30,NA,0,30,0,0,NA,NA,0,0,0,NA,0,0,3,3,0,0,3,4,4,NA,0,4,111,111,NA,0,111,0,0,NA,0,0,1,1,NA,0,1,9,9,NA,0,9,1,1,NA,0,1,3,3,NA,0,3,0,0,NA,NA,0,0,0,NA,NA,0,1,1,NA,0,1,0,0,NA,0,0,0,0,NA,0,0,5,5,0,0,5,1,1,NA,0,1,21,21,0,0,21,0,0,0,0,0,9,9,NA,0,9
M14 [Patient Services],14.9.2,Inpatient Deaths - Female,TOTAL,98,98,0,0,98,10,10,NA,0,10,6,6,NA,0,6,0,0,NA,NA,0,0,0,NA,0,0,2,2,0,0,2,1,1,NA,0,1,52,52,NA,0,52,1,1,NA,0,1,0,0,NA,0,0,3,3,NA,0,3,3,3,NA,0,3,2,2,NA,0,2,0,0,NA,NA,0,0,0,NA,NA,0,0,0,NA,0,0,0,0,NA,0,0,0,0,NA,0,0,5,5,0,0,5,1,1,NA,0,1,6,6,0,0,6,0,0,0,0,0,6,6,NA,0,6
M14 [Patient Services],14.1,In-Patient Head Count at midnight,TOTAL,113576,113576,0,404,113172,9440,9440,NA,0,9440,11412,11412,NA,0,11412,52,52,NA,NA,52,6792,6792,NA,277,6515,2598,2598,0,0,2598,6789,6789,NA,0,6789,6624,6624,NA,61,6563,4292,4292,NA,0,4292,1374,1374,NA,0,1374,5279,5279,NA,0,5279,4127,4127,NA,0,4127,8254,8254,NA,0,8254,1658,1658,NA,NA,1658,0,0,NA,NA,0,2461,2461,NA,0,2461,8709,8709,NA,0,8709,5344,5344,NA,0,5344,3519,3519,0,0,3519,2486,2486,NA,0,2486,6316,6316,0,0,6316,5960,5960,0,0,5960,10090,10090,NA,66,10024
M14 [Patient Services],14.11,Number of Admission in NBSU ( New Born Stabilisation Unit),TOTAL,1070,1070,0,4,1066,16,16,NA,0,16,126,126,NA,0,126,0,0,NA,NA,0,28,28,NA,4,24,68,68,0,0,68,0,0,NA,0,0,197,197,NA,0,197,0,0,NA,0,0,0,0,NA,0,0,0,0,NA,0,0,0,0,NA,NA,0,120,120,NA,0,120,0,0,NA,NA,0,0,0,NA,NA,0,135,135,NA,0,135,27,27,NA,0,27,111,111,NA,0,111,0,0,0,0,0,3,3,NA,0,3,26,26,0,0,26,18,18,0,0,18,195,195,NA,0,195
M14 [Patient Services],14.12.1,Special Newborn Care Unit (SNCU Admissions) - Inborn Male,TOTAL,835,835,0,0,835,48,48,NA,NA,48,38,38,NA,NA,38,0,0,NA,NA,0,65,65,NA,0,65,31,31,0,0,31,26,26,NA,0,26,81,81,NA,0,81,36,36,NA,NA,36,24,24,NA,0,24,32,32,NA,NA,32,16,16,NA,NA,16,39,39,NA,0,39,10,10,NA,NA,10,5,5,NA,NA,5,66,66,NA,NA,66,46,46,NA,0,46,48,48,NA,0,48,29,29,0,0,29,33,33,NA,0,33,29,29,0,0,29,34,34,0,0,34,99,99,NA,NA,99
M14 [Patient Services],14.12.2,Special Newborn Care Unit (SNCU Admissions) - Inborn Female,TOTAL,599,599,0,0,599,39,39,NA,NA,39,39,39,NA,NA,39,0,0,NA,NA,0,50,50,NA,0,50,23,23,0,0,23,20,20,NA,0,20,43,43,NA,0,43,36,36,NA,NA,36,13,13,NA,0,13,16,16,NA,NA,16,14,14,NA,NA,14,33,33,NA,0,33,8,8,NA,NA,8,8,8,NA,NA,8,42,42,NA,NA,42,29,29,NA,0,29,33,33,NA,0,33,29,29,0,0,29,25,25,NA,0,25,16,16,0,0,16,20,20,0,0,20,63,63,NA,NA,63
M14 [Patient Services],14.12.3,Outborn – Male,TOTAL,458,458,0,0,458,31,31,NA,NA,31,32,32,NA,NA,32,0,0,NA,NA,0,65,65,NA,0,65,31,31,0,0,31,23,23,NA,0,23,34,34,NA,0,34,33,33,NA,NA,33,20,20,NA,0,20,10,10,NA,NA,10,16,16,NA,NA,16,27,27,NA,0,27,11,11,NA,NA,11,2,2,NA,NA,2,11,11,NA,NA,11,18,18,NA,0,18,18,18,NA,0,18,13,13,0,0,13,13,13,NA,0,13,19,19,0,0,19,15,15,0,0,15,16,16,NA,NA,16
M14 [Patient Services],14.12.4,Outborn - Female,TOTAL,343,343,0,0,343,27,27,NA,NA,27,15,15,NA,NA,15,0,0,NA,NA,0,45,45,NA,0,45,22,22,0,0,22,18,18,NA,0,18,33,33,NA,0,33,22,22,NA,NA,22,16,16,NA,0,16,8,8,NA,NA,8,11,11,NA,NA,11,21,21,NA,0,21,10,10,NA,NA,10,6,6,NA,NA,6,7,7,NA,NA,7,11,11,NA,0,11,12,12,NA,0,12,9,9,0,0,9,7,7,NA,0,7,21,21,0,0,21,16,16,0,0,16,6,6,NA,NA,6
M14 [Patient Services],14.12.5,Number of newborns admitted in SNCU - referred by ASHA,TOTAL,218,218,0,0,218,110,110,NA,NA,110,0,0,NA,NA,0,0,0,NA,NA,0,3,3,NA,0,3,1,1,0,0,1,0,0,NA,0,0,2,2,NA,0,2,0,0,NA,NA,0,0,0,NA,0,0,4,4,NA,NA,4,21,21,NA,NA,21,4,4,NA,0,4,0,0,NA,NA,0,2,2,NA,NA,2,0,0,NA,NA,0,0,0,NA,0,0,66,66,NA,0,66,0,0,0,0,0,0,0,NA,0,0,3,3,0,0,3,2,2,0,0,2,0,0,NA,NA,0
M14 [Patient Services],14.13,Number of deaths occurring at SNCU,TOTAL,48,48,0,0,48,1,1,NA,NA,1,1,1,NA,NA,1,0,0,NA,NA,0,10,10,NA,0,10,5,5,0,0,5,1,1,NA,0,1,12,12,NA,0,12,0,0,NA,NA,0,0,0,NA,0,0,2,2,NA,NA,2,4,4,NA,NA,4,3,3,NA,0,3,0,0,NA,NA,0,0,0,NA,NA,0,1,1,NA,NA,1,0,0,NA,0,0,3,3,NA,0,3,0,0,0,0,0,0,0,NA,0,0,1,1,0,0,1,0,0,0,0,0,4,4,NA,NA,4
M14 [Patient Services],14.14.1,Number of children admitted in NRC,TOTAL,69,69,0,1,68,16,16,NA,0,16,0,0,NA,0,0,0,0,NA,NA,0,1,1,NA,1,0,0,0,0,0,0,0,0,NA,0,0,2,2,NA,0,2,0,0,NA,0,0,0,0,NA,0,0,0,0,NA,0,0,11,11,NA,NA,11,0,0,NA,0,0,16,16,NA,NA,16,11,11,NA,NA,11,12,12,NA,0,12,0,0,NA,0,0,0,0,NA,0,0,0,0,0,0,0,0,0,NA,0,0,0,0,0,0,0,0,0,0,0,0,0,0,NA,0,0
M14 [Patient Services],14.14.2,Number of children discharged with target weight gain from the NRCs,TOTAL,38,38,0,0,38,15,15,NA,0,15,0,0,NA,0,0,0,0,NA,NA,0,0,0,NA,0,0,0,0,0,0,0,0,0,NA,0,0,2,2,NA,0,2,0,0,NA,0,0,0,0,NA,0,0,0,0,NA,0,0,10,10,NA,NA,10,0,0,NA,0,0,0,0,NA,NA,0,3,3,NA,NA,3,8,8,NA,0,8,0,0,NA,0,0,0,0,NA,0,0,0,0,0,0,0,0,0,NA,0,0,0,0,0,0,0,0,0,0,0,0,0,0,NA,0,0
M14 [Patient Services],14.15,Number of Rogi Kalyan Samiti (RKS) meetings held,TOTAL,237,237,0,32,205,16,16,NA,4,12,7,7,NA,0,7,5,5,NA,NA,5,11,11,NA,4,7,6,6,0,0,6,17,17,NA,13,4,12,12,NA,1,11,7,7,NA,1,6,5,5,NA,0,5,43,43,NA,0,43,21,21,NA,4,17,3,3,NA,1,2,11,11,NA,NA,11,1,1,NA,NA,1,3,3,NA,0,3,3,3,NA,0,3,7,7,NA,2,5,9,9,0,1,8,23,23,NA,0,23,6,6,0,0,6,6,6,0,1,5,15,15,NA,0,15
M14 [Patient Services],14.16,Number of Anganwadi centres/ UPHCs reported to have conducted Village Health & Nutrition Day (VHNDs)/ Urban Health & Nutrition Day (UHNDs)/ Outreach / Special Outreach,TOTAL,8942,8942,NA,941,8001,499,499,NA,64,435,311,311,NA,22,289,117,117,NA,0,117,249,249,NA,120,129,512,512,NA,26,486,532,532,NA,269,263,634,634,NA,54,580,256,256,NA,8,248,281,281,NA,12,269,478,478,NA,10,468,510,510,NA,52,458,494,494,NA,16,478,412,412,NA,NA,412,188,188,NA,NA,188,352,352,NA,12,340,163,163,NA,6,157,249,249,NA,42,207,419,419,NA,25,394,817,817,NA,91,726,282,282,NA,1,281,327,327,NA,63,264,860,860,NA,48,812
M14 [Patient Services],14.17,Stock out rate of essential Drugs,TOTAL,1199,1199,NA,NA,1199,63,63,NA,NA,63,65,65,NA,NA,65,NA,NA,NA,NA,NA,17,17,NA,NA,17,77,77,NA,NA,77,69,69,NA,NA,69,63,63,NA,NA,63,57,57,NA,NA,57,67,67,NA,NA,67,22,22,NA,NA,22,7,7,NA,NA,7,66,66,NA,NA,66,40,40,NA,NA,40,69,69,NA,NA,69,74,74,NA,NA,74,69,69,NA,NA,69,72,72,NA,NA,72,76,76,NA,NA,76,12,12,NA,NA,12,72,72,NA,NA,72,72,72,NA,NA,72,70,70,NA,NA,70
M14 [Patient Services],14.18,Blood Units Issued on replacement (Family Donors to be considered as replacement donations),TOTAL,113,113,NA,NA,113,0,0,NA,NA,0,0,0,NA,NA,0,NA,NA,NA,NA,NA,0,0,NA,NA,0,0,0,NA,NA,0,0,0,NA,NA,0,0,0,NA,NA,0,0,0,NA,NA,0,89,89,NA,NA,89,0,0,NA,NA,0,0,0,NA,NA,0,0,0,NA,NA,0,0,0,NA,NA,0,5,5,NA,NA,5,15,15,NA,NA,15,4,4,NA,NA,4,NA,NA,NA,NA,NA,0,0,NA,NA,0,0,0,NA,NA,0,0,0,NA,NA,0,0,0,NA,NA,0,0,0,NA,NA,0
M14 [Patient Services],14.19,Total number of blood units issued in year,TOTAL,8390,8390,NA,NA,8390,429,429,NA,NA,429,385,385,NA,NA,385,NA,NA,NA,NA,NA,493,493,NA,NA,493,262,262,NA,NA,262,150,150,NA,NA,150,1656,1656,NA,NA,1656,260,260,NA,NA,260,488,488,NA,NA,488,546,546,NA,NA,546,0,0,NA,NA,0,494,494,NA,NA,494,238,238,NA,NA,238,490,490,NA,NA,490,380,380,NA,NA,380,339,339,NA,NA,339,NA,NA,NA,NA,NA,460,460,NA,NA,460,18,18,NA,NA,18,376,376,NA,NA,376,323,323,NA,NA,323,603,603,NA,NA,603
M14 [Patient Services],14.2,Patient Satisfaction Score of the facility in percentage (from Mera Aspatal),TOTAL,1099,1099,NA,NA,1099,67,67,NA,NA,67,51,51,NA,NA,51,NA,NA,NA,NA,NA,50,50,NA,NA,50,65,65,NA,NA,65,58,58,NA,NA,58,62,62,NA,NA,62,56,56,NA,NA,56,0,0,NA,NA,0,54,54,NA,NA,54,70,70,NA,NA,70,64,64,NA,NA,64,68,68,NA,NA,68,55,55,NA,NA,55,56,56,NA,NA,56,68,68,NA,NA,68,NA,NA,NA,NA,NA,NA,NA,NA,NA,NA,64,64,NA,NA,64,60,60,NA,NA,60,68,68,NA,NA,68,63,63,NA,NA,63
M15 [Laboratory Testing],15.1,Number of Lab Tests done,TOTAL,1292836,1292836,0,114290,1178546,98823,98823,NA,11388,87435,86591,86591,NA,3030,83561,7214,7214,NA,NA,7214,55410,55410,NA,16543,38867,47621,47621,0,2550,45071,51346,51346,NA,13292,38054,168967,168967,NA,3728,165239,17642,17642,NA,1596,16046,51331,51331,NA,2895,48436,65598,65598,NA,1847,63751,62048,62048,NA,5667,56381,58365,58365,NA,5904,52461,34512,34512,NA,836,33676,18675,18675,NA,NA,18675,31306,31306,NA,753,30553,122507,122507,NA,10675,111832,41891,41891,NA,7437,34454,26820,26820,0,594,26226,51609,51609,NA,3900,47709,45094,45094,0,7374,37720,92339,92339,0,5578,86761,57127,57127,NA,8703,48424
M15 [Laboratory Testing],15.2.1,Number of Hb tests conducted,TOTAL,194490,194490,0,32601,161889,15098,15098,NA,3700,11398,6629,6629,NA,797,5832,2170,2170,NA,0,2170,13763,13763,NA,5673,8090,7735,7735,0,471,7264,9952,9952,NA,3410,6542,16912,16912,NA,925,15987,5425,5425,NA,726,4699,10161,10161,NA,898,9263,7886,7886,NA,1783,6103,8176,8176,NA,936,7240,9689,9689,NA,1515,8174,5906,5906,NA,184,5722,4278,4278,NA,NA,4278,6241,6241,NA,487,5754,14147,14147,NA,1864,12283,6326,6326,NA,1940,4386,6224,6224,0,536,5688,8523,8523,NA,1013,7510,10113,10113,0,2667,7446,10860,10860,0,1619,9241,8276,8276,NA,1457,6819
M15 [Laboratory Testing],15.2.2,"Out of the total number of Hb tests done, Number having Hb < 7 mg",TOTAL,9154,9154,0,951,8203,250,250,NA,9,241,253,253,NA,23,230,160,160,NA,0,160,524,524,NA,113,411,433,433,0,13,420,335,335,NA,44,291,916,916,NA,22,894,214,214,NA,4,210,1087,1087,NA,72,1015,579,579,NA,20,559,264,264,NA,19,245,393,393,NA,51,342,413,413,NA,NA,413,494,494,NA,NA,494,325,325,NA,3,322,225,225,NA,18,207,314,314,NA,64,250,216,216,0,20,196,310,310,NA,69,241,504,504,0,137,367,425,425,0,49,376,520,520,NA,201,319
M15 [Laboratory Testing],15.3.1.a,Male HIV - Number Tested,TOTAL,30600,30600,0,321,30279,2548,2548,NA,34,2514,3606,3606,NA,8,3598,678,678,NA,NA,678,1504,1504,NA,32,1472,1170,1170,0,0,1170,1356,1356,NA,6,1350,2518,2518,NA,20,2498,754,754,NA,0,754,668,668,NA,0,668,1516,1516,NA,95,1421,1482,1482,NA,NA,1482,955,955,NA,7,948,983,983,NA,0,983,315,315,NA,NA,315,960,960,NA,0,960,1743,1743,NA,45,1698,1004,1004,NA,2,1002,629,629,0,0,629,727,727,NA,3,724,1599,1599,0,18,1581,2570,2570,0,0,2570,1315,1315,NA,51,1264
M15 [Laboratory Testing],15.3.1.b,Male HIV - Number Positive,TOTAL,221,221,0,28,193,10,10,NA,0,10,10,10,NA,0,10,5,5,NA,NA,5,15,15,NA,0,15,6,6,0,0,6,16,16,NA,0,16,24,24,NA,0,24,2,2,NA,0,2,10,10,NA,0,10,10,10,NA,0,10,6,6,NA,NA,6,8,8,NA,0,8,3,3,NA,0,3,1,1,NA,NA,1,1,1,NA,0,1,4,4,NA,0,4,17,17,NA,1,16,6,6,0,0,6,4,4,NA,0,4,14,14,0,0,14,48,48,0,27,21,1,1,NA,0,1
M15 [Laboratory Testing],15.3.2.a,Female Non ANC HIV - Number Tested,TOTAL,25974,25974,0,289,25685,1455,1455,NA,21,1434,1522,1522,NA,6,1516,316,316,NA,NA,316,1222,1222,NA,13,1209,1631,1631,0,0,1631,899,899,NA,5,894,2050,2050,NA,22,2028,742,742,NA,10,732,798,798,NA,0,798,1342,1342,NA,121,1221,1099,1099,NA,NA,1099,784,784,NA,3,781,983,983,NA,0,983,367,367,NA,NA,367,1358,1358,NA,0,1358,1596,1596,NA,10,1586,848,848,NA,0,848,1096,1096,0,0,1096,1020,1020,NA,2,1018,1300,1300,0,23,1277,2108,2108,0,0,2108,1438,1438,NA,53,1385
M15 [Laboratory Testing],15.3.2.b,Female Non ANC HIV - Number Positive,TOTAL,90,90,0,3,87,3,3,NA,0,3,3,3,NA,0,3,1,1,NA,NA,1,2,2,NA,0,2,2,2,0,0,2,7,7,NA,0,7,14,14,NA,0,14,0,0,NA,0,0,9,9,NA,0,9,4,4,NA,0,4,5,5,NA,NA,5,3,3,NA,0,3,2,2,NA,0,2,1,1,NA,NA,1,0,0,NA,0,0,2,2,NA,0,2,5,5,NA,0,5,5,5,0,0,5,1,1,NA,0,1,10,10,0,0,10,8,8,0,0,8,3,3,NA,3,0
M15 [Laboratory Testing],15.3.3.a,Number of pregnant women screened for HIV,TOTAL,37128,37128,0,3962,33166,1883,1883,NA,161,1722,2676,2676,NA,118,2558,620,620,NA,0,620,2613,2613,NA,530,2083,1786,1786,0,125,1661,3407,3407,NA,1138,2269,2904,2904,NA,150,2754,766,766,NA,36,730,1323,1323,NA,70,1253,1881,1881,NA,381,1500,1712,1712,NA,0,1712,1437,1437,NA,36,1401,403,403,0,0,403,818,818,NA,NA,818,1617,1617,NA,86,1531,1392,1392,NA,139,1253,1883,1883,NA,406,1477,830,830,0,104,726,1866,1866,NA,131,1735,1573,1573,0,127,1446,2205,2205,0,87,2118,1533,1533,NA,137,1396
M15 [Laboratory Testing],15.3.3.b,"Out of the above, number screened positive",TOTAL,94,94,0,2,92,1,1,NA,0,1,0,0,NA,0,0,2,2,NA,0,2,3,3,NA,0,3,13,13,0,0,13,2,2,NA,0,2,2,2,NA,1,1,2,2,NA,1,1,4,4,NA,0,4,11,11,NA,0,11,2,2,NA,0,2,0,0,NA,0,0,0,0,0,0,0,0,0,NA,NA,0,1,1,NA,0,1,1,1,NA,0,1,1,1,NA,0,1,12,12,0,0,12,2,2,NA,0,2,2,2,0,0,2,33,33,0,0,33,0,0,NA,0,0
M15 [Laboratory Testing],15.3.3.c,"Out of the above number screened positive, number confirmed with HIV infection at Integrated Counselling and Testing Centre (ICTC)",TOTAL,52,52,0,0,52,1,1,NA,0,1,1,1,NA,0,1,2,2,NA,NA,2,7,7,NA,0,7,1,1,0,0,1,2,2,NA,0,2,1,1,NA,0,1,1,1,NA,0,1,0,0,NA,0,0,2,2,NA,0,2,2,2,NA,0,2,0,0,NA,0,0,0,0,0,0,0,2,2,NA,NA,2,0,0,NA,0,0,2,2,NA,0,2,1,1,NA,0,1,0,0,0,0,0,3,3,NA,0,3,23,23,0,0,23,1,1,0,0,1,0,0,NA,0,0
M15 [Laboratory Testing],15.3.4.a,Number of Male STI/RTI attendees tested for syphilis,TOTAL,4697,4697,0,395,4302,503,503,NA,3,500,211,211,NA,0,211,0,0,NA,NA,0,131,131,NA,116,15,526,526,0,0,526,314,314,NA,149,165,353,353,NA,0,353,178,178,NA,0,178,17,17,NA,0,17,247,247,NA,72,175,14,14,NA,0,14,211,211,NA,6,205,28,28,0,0,28,158,158,NA,NA,158,116,116,NA,0,116,466,466,NA,21,445,192,192,NA,0,192,354,354,0,0,354,177,177,NA,2,175,228,228,0,25,203,50,50,0,0,50,223,223,NA,1,222
M15 [Laboratory Testing],15.3.4.b,Number of Male STI/RTI attendees found sero Positive for syphilis,TOTAL,333,333,0,7,326,2,2,NA,0,2,0,0,NA,0,0,0,0,NA,NA,0,0,0,NA,0,0,306,306,0,0,306,2,2,NA,0,2,12,12,NA,0,12,0,0,NA,0,0,0,0,NA,0,0,0,0,NA,0,0,0,0,NA,0,0,1,1,NA,0,1,0,0,0,0,0,0,0,NA,NA,0,1,1,NA,0,1,0,0,NA,0,0,1,1,NA,0,1,0,0,0,0,0,0,0,NA,0,0,7,7,0,7,0,1,1,0,0,1,0,0,NA,0,0
M15 [Laboratory Testing],15.3.4.c,Number of Female (Non ANC)STI/RTI attendees tested for syphilis,TOTAL,7275,7275,0,329,6946,620,620,NA,4,616,62,62,NA,0,62,0,0,NA,NA,0,247,247,NA,5,242,331,331,0,0,331,122,122,NA,0,122,505,505,NA,30,475,111,111,NA,0,111,183,183,NA,0,183,426,426,NA,134,292,674,674,NA,0,674,336,336,NA,3,333,0,0,0,0,0,696,696,NA,NA,696,257,257,NA,0,257,832,832,NA,18,814,311,311,NA,0,311,25,25,0,0,25,256,256,NA,2,254,759,759,0,23,736,158,158,0,104,54,364,364,NA,6,358
M15 [Laboratory Testing],15.3.4.d,Number of Female (Non ANC) STI/RTI attendees found sero Positive for syphilis,TOTAL,125,125,0,110,15,0,0,NA,0,0,0,0,NA,0,0,0,0,NA,NA,0,0,0,NA,0,0,0,0,0,0,0,0,0,NA,0,0,7,7,NA,0,7,0,0,NA,0,0,0,0,NA,0,0,0,0,NA,0,0,0,0,NA,0,0,1,1,NA,0,1,0,0,0,0,0,0,0,NA,NA,0,0,0,NA,0,0,0,0,NA,0,0,0,0,NA,0,0,0,0,0,0,0,1,1,NA,0,1,5,5,0,0,5,111,111,0,110,1,0,0,NA,0,0
M15 [Laboratory Testing],15.4.1,Widal tests - Number Tested,TOTAL,17451,17451,0,2279,15172,688,688,NA,14,674,603,603,NA,48,555,263,263,NA,NA,263,366,366,NA,18,348,676,676,0,90,586,360,360,NA,12,348,1102,1102,NA,175,927,432,432,NA,4,428,1080,1080,NA,8,1072,1352,1352,NA,378,974,803,803,NA,8,795,864,864,NA,154,710,827,827,0,0,827,384,384,NA,NA,384,694,694,NA,11,683,1778,1778,NA,699,1079,599,599,NA,165,434,355,355,0,24,331,1117,1117,NA,86,1031,908,908,0,162,746,1295,1295,0,40,1255,905,905,NA,183,722
M15 [Laboratory Testing],15.4.2,Widal tests - Number Positive,TOTAL,2537,2537,0,360,2177,69,69,NA,0,69,120,120,NA,13,107,22,22,NA,NA,22,12,12,NA,3,9,92,92,0,40,52,54,54,NA,0,54,167,167,NA,45,122,50,50,NA,0,50,103,103,NA,0,103,296,296,NA,53,243,70,70,NA,0,70,155,155,NA,37,118,135,135,NA,NA,135,110,110,NA,NA,110,95,95,NA,4,91,166,166,NA,58,108,100,100,NA,36,64,31,31,0,0,31,187,187,NA,14,173,101,101,0,29,72,266,266,0,2,264,136,136,NA,26,110
M15 [Laboratory Testing],15.5.1,Radiology - X-ray,TOTAL,76184,76184,0,599,75585,2859,2859,NA,NA,2859,468,468,NA,NA,468,604,604,NA,NA,604,1751,1751,NA,25,1726,1102,1102,0,0,1102,3812,3812,NA,0,3812,7692,7692,NA,0,7692,1933,1933,NA,NA,1933,5349,5349,NA,0,5349,2613,2613,NA,NA,2613,3339,3339,NA,NA,3339,2951,2951,NA,0,2951,2767,2767,NA,NA,2767,870,870,NA,NA,870,2217,2217,NA,NA,2217,8845,8845,NA,554,8291,1372,1372,NA,0,1372,2589,2589,0,0,2589,3426,3426,NA,20,3406,4354,4354,0,0,4354,12337,12337,0,0,12337,2934,2934,NA,NA,2934
M15 [Laboratory Testing],15.5.2,Radiology - Ultrasonography (USG),TOTAL,18764,18764,NA,0,18764,2398,2398,NA,NA,2398,0,0,NA,NA,0,241,241,NA,NA,241,819,819,NA,0,819,433,433,NA,NA,433,1424,1424,NA,NA,1424,2420,2420,NA,NA,2420,317,317,NA,NA,317,440,440,NA,NA,440,0,0,NA,NA,0,529,529,NA,NA,529,1010,1010,NA,NA,1010,549,549,NA,NA,549,0,0,NA,NA,0,540,540,NA,NA,540,1493,1493,NA,NA,1493,NA,NA,NA,NA,NA,909,909,NA,NA,909,1288,1288,NA,NA,1288,599,599,NA,NA,599,2893,2893,NA,NA,2893,462,462,NA,NA,462
M16 [Details of deaths reported with probable causes:],16.1,Infant deaths within 24 hrs(1 to 23 Hrs) of birth,TOTAL,223,223,0,24,199,3,3,NA,0,3,6,6,NA,4,2,4,4,NA,NA,4,10,10,NA,6,4,11,11,0,0,11,10,10,NA,2,8,17,17,NA,1,16,2,2,NA,0,2,6,6,NA,0,6,9,9,NA,1,8,14,14,NA,1,13,9,9,NA,3,6,6,6,0,0,6,46,46,NA,NA,46,16,16,NA,1,15,1,1,NA,0,1,12,12,NA,2,10,3,3,0,0,3,12,12,NA,3,9,9,9,NA,0,9,10,10,0,0,10,7,7,NA,0,7
M16 [Details of deaths reported with probable causes:],16.2.1,Infant Deaths up to 4 weeks due to Sepsis,TOTAL,60,60,0,4,56,1,1,NA,0,1,1,1,NA,1,0,0,0,NA,NA,0,2,2,NA,0,2,4,4,0,0,4,1,1,NA,0,1,3,3,NA,0,3,1,1,NA,0,1,9,9,NA,0,9,1,1,NA,0,1,3,3,NA,1,2,0,0,NA,0,0,1,1,0,0,1,0,0,NA,NA,0,4,4,NA,0,4,0,0,NA,0,0,4,4,NA,1,3,1,1,0,0,1,20,20,NA,1,19,1,1,NA,0,1,3,3,0,0,3,0,0,NA,0,0
M16 [Details of deaths reported with probable causes:],16.2.2,Infant Deaths up to 4 weeks due to Asphyxia,TOTAL,27,27,0,4,23,2,2,NA,0,2,0,0,NA,0,0,0,0,NA,NA,0,6,6,NA,1,5,0,0,0,0,0,1,1,NA,0,1,0,0,NA,0,0,0,0,NA,0,0,1,1,NA,0,1,0,0,NA,0,0,0,0,NA,0,0,2,2,NA,0,2,0,0,0,0,0,2,2,NA,NA,2,1,1,NA,0,1,0,0,NA,0,0,4,4,NA,2,2,0,0,0,0,0,5,5,NA,0,5,1,1,NA,1,0,2,2,0,0,2,0,0,NA,0,0
M16 [Details of deaths reported with probable causes:],16.2.3,Infant Deaths up to 4 weeks due to Other causes,TOTAL,347,347,0,53,294,5,5,NA,0,5,6,6,NA,2,4,1,1,NA,NA,1,33,33,NA,13,20,9,9,0,0,9,16,16,NA,6,10,21,21,NA,0,21,8,8,NA,0,8,25,25,NA,2,23,12,12,NA,3,9,28,28,NA,6,22,8,8,NA,0,8,10,10,0,0,10,37,37,NA,NA,37,11,11,NA,0,11,1,1,NA,1,0,21,21,NA,8,13,4,4,0,4,0,44,44,NA,3,41,20,20,NA,3,17,17,17,0,0,17,10,10,NA,2,8
M16 [Details of deaths reported with probable causes:],16.3.1,Number of Infant Deaths (1 -12 months) due to Pneumonia,TOTAL,44,44,0,3,41,2,2,NA,1,1,1,1,NA,0,1,2,2,NA,NA,2,6,6,NA,1,5,0,0,0,0,0,4,4,NA,0,4,0,0,NA,0,0,3,3,NA,0,3,3,3,NA,0,3,1,1,NA,0,1,2,2,NA,0,2,3,3,NA,0,3,3,3,0,0,3,5,5,NA,NA,5,1,1,NA,0,1,0,0,NA,0,0,3,3,NA,1,2,0,0,0,0,0,0,0,NA,0,0,2,2,NA,0,2,2,2,0,0,2,1,1,NA,0,1
M16 [Details of deaths reported with probable causes:],16.3.2,Number of Infant Deaths (1 -12 months) due to Diarrhoea,TOTAL,13,13,0,3,10,1,1,NA,0,1,0,0,NA,0,0,0,0,NA,NA,0,1,1,NA,1,0,1,1,0,0,1,1,1,NA,1,0,0,0,NA,0,0,1,1,NA,0,1,0,0,NA,0,0,0,0,NA,0,0,0,0,NA,0,0,1,1,NA,0,1,1,1,0,0,1,1,1,NA,NA,1,1,1,NA,0,1,0,0,NA,0,0,0,0,NA,0,0,0,0,0,0,0,3,3,NA,1,2,0,0,NA,0,0,1,1,0,0,1,0,0,NA,0,0
M16 [Details of deaths reported with probable causes:],16.3.3,Number of Infant Deaths (1 -12 months) due to Fever related,TOTAL,19,19,0,1,18,0,0,NA,0,0,1,1,NA,0,1,0,0,NA,NA,0,0,0,NA,0,0,0,0,0,0,0,2,2,NA,0,2,0,0,NA,0,0,0,0,NA,0,0,0,0,NA,0,0,0,0,NA,0,0,0,0,NA,0,0,0,0,NA,0,0,2,2,0,0,2,3,3,NA,NA,3,3,3,NA,1,2,0,0,NA,0,0,1,1,NA,0,1,1,1,0,0,1,2,2,NA,0,2,2,2,NA,0,2,2,2,0,0,2,0,0,NA,0,0
M16 [Details of deaths reported with probable causes:],16.3.4,Number of Infant Deaths (1 -12 months) due to Measles,TOTAL,1,1,0,1,0,0,0,NA,0,0,0,0,NA,0,0,0,0,NA,NA,0,0,0,NA,0,0,0,0,0,0,0,0,0,NA,0,0,0,0,NA,0,0,0,0,NA,0,0,0,0,NA,0,0,0,0,NA,0,0,0,0,NA,0,0,0,0,NA,0,0,0,0,0,0,0,0,0,NA,NA,0,0,0,NA,0,0,0,0,NA,0,0,1,1,NA,1,0,0,0,NA,0,0,0,0,NA,0,0,0,0,NA,0,0,0,0,0,0,0,0,0,NA,0,0
M16 [Details of deaths reported with probable causes:],16.3.5,Number of Infant Deaths (1 -12 months) due to Others,TOTAL,285,285,0,22,263,6,6,NA,0,6,5,5,NA,0,5,2,2,NA,NA,2,22,22,NA,10,12,9,9,0,0,9,8,8,NA,0,8,21,21,NA,2,19,8,8,NA,0,8,10,10,NA,1,9,4,4,NA,1,3,16,16,NA,0,16,6,6,NA,1,5,7,7,0,0,7,66,66,NA,NA,66,24,24,NA,2,22,2,2,NA,0,2,10,10,NA,0,10,2,2,0,2,0,36,36,NA,2,34,8,8,NA,1,7,9,9,0,0,9,4,4,NA,0,4
M16 [Details of deaths reported with probable causes:],16.4.1,Number of Child Deaths (1 -5 years) due to Pneumonia,TOTAL,12,12,0,1,11,0,0,NA,0,0,0,0,NA,0,0,0,0,NA,NA,0,1,1,NA,0,1,0,0,0,0,0,0,0,NA,0,0,1,1,NA,0,1,0,0,NA,0,0,0,0,NA,0,0,0,0,NA,0,0,1,1,NA,0,1,1,1,NA,0,1,0,0,NA,0,0,1,1,NA,NA,1,3,3,NA,0,3,0,0,NA,0,0,1,1,NA,0,1,1,1,0,1,0,0,0,NA,0,0,0,0,NA,0,0,1,1,0,0,1,1,1,NA,0,1
M16 [Details of deaths reported with probable causes:],16.4.2,Number of Child Deaths (1 -5 years) due to Diarrhoea,TOTAL,8,8,0,0,8,0,0,NA,0,0,1,1,NA,0,1,1,1,NA,NA,1,0,0,NA,0,0,0,0,0,0,0,0,0,NA,0,0,3,3,NA,0,3,0,0,NA,0,0,0,0,NA,0,0,0,0,NA,0,0,0,0,NA,0,0,1,1,NA,0,1,0,0,NA,0,0,0,0,NA,NA,0,0,0,NA,0,0,0,0,NA,0,0,0,0,NA,0,0,0,0,0,0,0,2,2,NA,0,2,0,0,NA,0,0,0,0,0,0,0,0,0,NA,0,0
M16 [Details of deaths reported with probable causes:],16.4.3,Number of Child Deaths (1 -5 years) due to Fever related,TOTAL,17,17,0,2,15,0,0,NA,0,0,0,0,NA,0,0,0,0,NA,NA,0,3,3,NA,1,2,1,1,0,0,1,2,2,NA,0,2,0,0,NA,0,0,0,0,NA,0,0,0,0,NA,0,0,1,1,NA,0,1,1,1,NA,0,1,0,0,NA,0,0,0,0,NA,0,0,2,2,NA,NA,2,0,0,NA,0,0,0,0,NA,0,0,1,1,NA,0,1,0,0,0,0,0,2,2,NA,0,2,1,1,NA,0,1,0,0,0,0,0,3,3,NA,1,2
M16 [Details of deaths reported with probable causes:],16.4.4,Number of Child Deaths (1 -5 years) due to Measles,TOTAL,0,0,0,0,0,0,0,NA,0,0,0,0,NA,0,0,0,0,NA,NA,0,0,0,NA,0,0,0,0,0,0,0,0,0,NA,0,0,0,0,NA,0,0,0,0,NA,0,0,0,0,NA,0,0,0,0,NA,0,0,0,0,NA,0,0,0,0,NA,0,0,0,0,NA,0,0,0,0,NA,NA,0,0,0,NA,0,0,0,0,NA,0,0,0,0,NA,0,0,0,0,0,0,0,0,0,NA,0,0,0,0,NA,0,0,0,0,0,0,0,0,0,NA,0,0
M16 [Details of deaths reported with probable causes:],16.4.5,Number of Child Deaths (1 -5 years) due to Others,TOTAL,119,119,0,5,114,3,3,NA,0,3,3,3,NA,1,2,0,0,NA,NA,0,5,5,NA,2,3,8,8,NA,1,7,6,6,NA,1,5,20,20,NA,0,20,5,5,NA,0,5,5,5,NA,0,5,5,5,NA,0,5,10,10,NA,0,10,4,4,NA,0,4,3,3,NA,0,3,14,14,NA,NA,14,8,8,NA,0,8,0,0,NA,0,0,3,3,NA,0,3,1,1,0,0,1,2,2,NA,0,2,6,6,NA,0,6,2,2,0,0,2,6,6,NA,0,6
M16 [Details of deaths reported with probable causes:],16.5.1,Number of Maternal Deaths due to Bleeding,TOTAL,8,8,0,2,6,1,1,NA,0,1,0,0,NA,0,0,0,0,NA,NA,0,2,2,NA,2,0,0,0,0,0,0,0,0,NA,0,0,0,0,NA,0,0,0,0,NA,0,0,0,0,NA,0,0,0,0,NA,0,0,2,2,NA,0,2,0,0,NA,0,0,0,0,0,0,0,0,0,NA,NA,0,1,1,NA,0,1,0,0,NA,0,0,0,0,NA,0,0,1,1,0,0,1,0,0,NA,0,0,0,0,NA,0,0,1,1,0,0,1,0,0,NA,0,0
M16 [Details of deaths reported with probable causes:],16.5.2,Number of Maternal Deaths due to High fever,TOTAL,1,1,0,0,1,0,0,NA,0,0,0,0,NA,0,0,0,0,NA,NA,0,0,0,NA,0,0,0,0,0,0,0,0,0,NA,0,0,1,1,NA,0,1,0,0,NA,0,0,0,0,NA,0,0,0,0,NA,0,0,0,0,NA,0,0,0,0,NA,0,0,0,0,0,0,0,0,0,NA,NA,0,0,0,NA,0,0,0,0,NA,0,0,0,0,NA,0,0,0,0,0,0,0,0,0,NA,0,0,0,0,NA,0,0,0,0,0,0,0,0,0,NA,0,0
M16 [Details of deaths reported with probable causes:],16.5.3,Number of Maternal Deaths due to Abortion,TOTAL,0,0,0,0,0,0,0,NA,0,0,0,0,NA,0,0,0,0,NA,NA,0,0,0,NA,0,0,0,0,NA,0,0,0,0,NA,0,0,0,0,NA,0,0,0,0,NA,0,0,0,0,NA,0,0,0,0,NA,0,0,0,0,NA,0,0,0,0,NA,0,0,0,0,0,0,0,0,0,NA,NA,0,0,0,NA,0,0,0,0,NA,0,0,0,0,NA,0,0,0,0,0,0,0,0,0,NA,0,0,0,0,NA,0,0,0,0,0,0,0,0,0,NA,0,0
M16 [Details of deaths reported with probable causes:],16.5.4,Number of Maternal Deaths due to Obstructed/prolonged labour,TOTAL,2,2,0,0,2,0,0,NA,0,0,0,0,NA,0,0,0,0,NA,NA,0,0,0,NA,0,0,0,0,0,0,0,0,0,NA,0,0,0,0,NA,0,0,0,0,NA,0,0,0,0,NA,0,0,0,0,NA,0,0,0,0,NA,0,0,1,1,NA,0,1,0,0,0,0,0,0,0,NA,NA,0,0,0,NA,0,0,0,0,NA,0,0,0,0,NA,0,0,0,0,0,0,0,0,0,NA,0,0,0,0,NA,0,0,1,1,0,0,1,0,0,NA,0,0
M16 [Details of deaths reported with probable causes:],16.5.5,Number of Maternal Deaths due to Severe hypertesnion/fits,TOTAL,7,7,0,1,6,0,0,NA,0,0,0,0,NA,0,0,0,0,NA,NA,0,1,1,NA,1,0,0,0,0,0,0,1,1,NA,0,1,0,0,NA,0,0,0,0,NA,0,0,0,0,NA,0,0,0,0,NA,0,0,0,0,NA,0,0,1,1,NA,0,1,2,2,0,0,2,0,0,NA,NA,0,1,1,NA,0,1,0,0,NA,0,0,0,0,NA,0,0,0,0,0,0,0,0,0,NA,0,0,0,0,NA,0,0,1,1,0,0,1,0,0,NA,0,0
M16 [Details of deaths reported with probable causes:],16.5.6,Number of Maternal Deaths due to Other Causes (including causes not known),TOTAL,52,52,0,3,49,1,1,NA,0,1,3,3,NA,1,2,0,0,NA,NA,0,1,1,NA,0,1,0,0,0,0,0,6,6,NA,1,5,6,6,NA,0,6,5,5,NA,0,5,8,8,NA,0,8,0,0,NA,0,0,3,3,NA,0,3,1,1,NA,0,1,1,1,NA,NA,1,5,5,NA,NA,5,1,1,NA,0,1,0,0,NA,0,0,7,7,NA,0,7,0,0,0,0,0,2,2,NA,0,2,1,1,NA,1,0,1,1,0,0,1,0,0,NA,0,0
M16 [Details of deaths reported with probable causes:],16.6,Total Facility Based Maternal Death Reviews (FBMDR) done,TOTAL,3,3,0,0,3,1,1,NA,NA,1,0,0,NA,NA,0,0,0,NA,NA,0,0,0,NA,0,0,0,0,0,0,0,0,0,NA,NA,0,0,0,NA,0,0,0,0,NA,NA,0,0,0,NA,NA,0,0,0,NA,NA,0,0,0,NA,NA,0,0,0,NA,0,0,0,0,NA,NA,0,2,2,NA,NA,2,0,0,NA,NA,0,0,0,NA,0,0,0,0,NA,0,0,0,0,0,0,0,0,0,NA,0,0,0,0,NA,NA,0,0,0,0,0,0,0,0,NA,NA,0
M16 [Details of deaths reported with probable causes:],16.7.1,Number of Adolscent / Adult deaths due to Diarrhoeal diseases,TOTAL,19,19,0,1,18,5,5,NA,0,5,0,0,NA,0,0,0,0,NA,NA,0,2,2,NA,1,1,0,0,0,0,0,0,0,NA,0,0,0,0,NA,0,0,2,2,NA,0,2,0,0,NA,0,0,1,1,NA,0,1,0,0,NA,0,0,0,0,NA,0,0,0,0,0,0,0,1,1,NA,NA,1,4,4,NA,0,4,0,0,NA,0,0,3,3,NA,0,3,0,0,0,0,0,0,0,NA,0,0,0,0,NA,0,0,0,0,0,0,0,1,1,NA,0,1
M16 [Details of deaths reported with probable causes:],16.7.2,Number of Adolscent / Adult deaths due to Tuberculosis,TOTAL,115,115,0,19,96,3,3,NA,0,3,5,5,NA,1,4,0,0,NA,NA,0,8,8,NA,2,6,7,7,0,0,7,3,3,NA,1,2,8,8,NA,0,8,7,7,NA,0,7,7,7,NA,0,7,6,6,NA,0,6,9,9,NA,0,9,6,6,NA,1,5,6,6,0,0,6,1,1,NA,NA,1,11,11,NA,9,2,4,4,NA,1,3,5,5,NA,1,4,5,5,0,2,3,3,3,NA,0,3,4,4,NA,0,4,2,2,0,0,2,5,5,NA,1,4
M16 [Details of deaths reported with probable causes:],16.7.3,Number of Adolscent / Adult deaths due to Respiratory diseases including infections (other than TB),TOTAL,212,212,0,11,201,27,27,NA,0,27,8,8,NA,2,6,0,0,NA,NA,0,11,11,NA,2,9,6,6,0,0,6,20,20,NA,0,20,14,14,NA,1,13,8,8,NA,0,8,12,12,NA,0,12,13,13,NA,2,11,3,3,NA,0,3,11,11,NA,0,11,16,16,0,0,16,3,3,NA,NA,3,4,4,NA,2,2,0,0,NA,0,0,1,1,NA,1,0,1,1,0,1,0,1,1,NA,0,1,5,5,NA,0,5,8,8,0,0,8,40,40,NA,0,40
M16 [Details of deaths reported with probable causes:],16.7.4,Number of Adolscent / Adult deaths due to Other Fever Related,TOTAL,93,93,0,28,65,3,3,NA,0,3,8,8,NA,0,8,0,0,NA,NA,0,7,7,NA,3,4,0,0,0,0,0,5,5,NA,3,2,4,4,NA,1,3,4,4,NA,0,4,0,0,NA,0,0,7,7,NA,2,5,2,2,NA,0,2,14,14,NA,12,2,2,2,0,0,2,1,1,NA,NA,1,1,1,NA,1,0,0,0,NA,0,0,18,18,NA,4,14,3,3,0,2,1,0,0,NA,0,0,1,1,NA,0,1,1,1,0,0,1,12,12,NA,0,12
M16 [Details of deaths reported with probable causes:],16.7.5,Number of Adolscent / Adult deaths due to HIV/AIDS,TOTAL,22,22,0,0,22,7,7,NA,0,7,0,0,NA,0,0,0,0,NA,NA,0,2,2,NA,0,2,0,0,0,0,0,0,0,NA,0,0,1,1,NA,0,1,0,0,NA,0,0,1,1,NA,0,1,2,2,NA,0,2,6,6,NA,0,6,0,0,NA,0,0,1,1,NA,NA,1,0,0,NA,NA,0,0,0,NA,0,0,1,1,NA,0,1,1,1,NA,0,1,0,0,0,0,0,0,0,NA,0,0,0,0,NA,0,0,0,0,0,0,0,0,0,NA,0,0
M16 [Details of deaths reported with probable causes:],16.7.6,Number of Adolscent / Adult deaths due to Heart disease/Hypertension related,TOTAL,919,919,0,64,855,100,100,NA,0,100,27,27,NA,3,24,4,4,NA,NA,4,38,38,NA,11,27,39,39,0,0,39,23,23,NA,4,19,61,61,NA,6,55,49,49,NA,0,49,55,55,NA,2,53,37,37,NA,2,35,39,39,NA,0,39,30,30,NA,4,26,41,41,NA,NA,41,10,10,NA,NA,10,12,12,NA,8,4,16,16,NA,0,16,30,30,NA,5,25,17,17,0,7,10,18,18,NA,8,10,55,55,NA,0,55,29,29,0,0,29,189,189,NA,4,185
M16 [Details of deaths reported with probable causes:],16.7.7,Number of Adolscent / Adult deaths due to Cancer,TOTAL,425,425,0,33,392,21,21,NA,0,21,14,14,NA,0,14,3,3,NA,NA,3,16,16,NA,4,12,22,22,0,1,21,11,11,NA,1,10,38,38,NA,2,36,31,31,NA,0,31,39,39,NA,1,38,21,21,NA,0,21,19,19,NA,4,15,14,14,NA,0,14,22,22,NA,NA,22,7,7,NA,NA,7,16,16,NA,7,9,11,11,NA,0,11,15,15,NA,2,13,21,21,0,7,14,9,9,NA,2,7,10,10,NA,0,10,26,26,0,0,26,39,39,NA,2,37
M16 [Details of deaths reported with probable causes:],16.7.8,Number of Adolscent / Adult deaths due to Neurological disease including strokes,TOTAL,70,70,0,2,68,4,4,NA,0,4,1,1,NA,0,1,0,0,NA,NA,0,3,3,NA,0,3,1,1,0,0,1,3,3,NA,0,3,6,6,NA,0,6,2,2,NA,0,2,7,7,NA,0,7,3,3,NA,0,3,2,2,NA,0,2,4,4,NA,0,4,4,4,NA,NA,4,0,0,NA,NA,0,3,3,NA,0,3,2,2,NA,0,2,2,2,NA,0,2,3,3,NA,0,3,6,6,NA,0,6,2,2,NA,0,2,0,0,0,0,0,12,12,NA,2,10
M16 [Details of deaths reported with probable causes:],16.7.9,Number of Adolscent / Adult deaths due to Accidents/Burn cases,TOTAL,250,250,0,23,227,10,10,NA,0,10,9,9,NA,1,8,0,0,NA,NA,0,8,8,NA,3,5,10,10,0,0,10,16,16,NA,1,15,11,11,NA,0,11,13,13,NA,0,13,8,8,NA,0,8,16,16,NA,8,8,12,12,NA,0,12,14,14,NA,0,14,21,21,NA,NA,21,13,13,NA,NA,13,16,16,NA,3,13,1,1,NA,1,0,14,14,NA,0,14,9,9,0,0,9,6,6,NA,0,6,5,5,NA,0,5,17,17,0,0,17,21,21,NA,6,15
M16 [Details of deaths reported with probable causes:],16.7.10,Number of Adolscent / Adult deaths due to Suicide,TOTAL,100,100,0,11,89,2,2,NA,0,2,7,7,NA,2,5,0,0,NA,NA,0,4,4,NA,2,2,3,3,0,0,3,8,8,NA,2,6,8,8,NA,0,8,5,5,NA,0,5,8,8,NA,0,8,3,3,NA,2,1,4,4,NA,0,4,6,6,NA,0,6,5,5,NA,NA,5,1,1,NA,NA,1,2,2,NA,1,1,1,1,NA,0,1,8,8,NA,0,8,8,8,0,1,7,5,5,NA,0,5,2,2,NA,0,2,3,3,0,0,3,7,7,NA,1,6
M16 [Details of deaths reported with probable causes:],16.7.11,Number of Adolscent / Adult deaths due to Animal bites and stings,TOTAL,20,20,0,1,19,0,0,NA,0,0,1,1,NA,0,1,0,0,NA,NA,0,0,0,NA,0,0,1,1,0,0,1,0,0,NA,0,0,0,0,NA,0,0,2,2,NA,0,2,8,8,NA,0,8,0,0,NA,0,0,1,1,NA,0,1,0,0,NA,0,0,0,0,NA,NA,0,1,1,NA,NA,1,0,0,NA,0,0,0,0,NA,0,0,1,1,NA,0,1,0,0,0,0,0,0,0,NA,0,0,0,0,NA,0,0,2,2,0,0,2,3,3,NA,1,2
M16 [Details of deaths reported with probable causes:],16.7.12,Number of Adolscent / Adult deaths due to Known Acute Disease,TOTAL,143,143,0,13,130,17,17,NA,0,17,3,3,NA,0,3,0,0,NA,NA,0,4,4,NA,0,4,3,3,0,0,3,2,2,NA,1,1,2,2,NA,0,2,4,4,NA,0,4,15,15,NA,0,15,14,14,NA,1,13,9,9,NA,2,7,10,10,NA,0,10,0,0,NA,NA,0,2,2,NA,NA,2,2,2,NA,0,2,0,0,NA,0,0,12,12,NA,0,12,14,14,0,7,7,2,2,NA,0,2,0,0,NA,0,0,18,18,0,0,18,10,10,NA,2,8
M16 [Details of deaths reported with probable causes:],16.7.13,Number of Adolscent / Adult deaths due to Known Chronic Disease,TOTAL,325,325,0,38,287,18,18,NA,0,18,12,12,NA,6,6,6,6,NA,NA,6,6,6,NA,1,5,30,30,0,1,29,6,6,NA,0,6,9,9,NA,0,9,27,27,NA,0,27,40,40,NA,0,40,5,5,NA,0,5,6,6,NA,0,6,28,28,NA,0,28,15,15,NA,NA,15,5,5,NA,NA,5,7,7,NA,0,7,5,5,NA,1,4,11,11,NA,0,11,16,16,0,14,2,15,15,NA,13,2,11,11,NA,0,11,19,19,0,0,19,28,28,NA,2,26
M16 [Details of deaths reported with probable causes:],16.7.14,Number of Adolscent / Adult deaths due to Causes not known,TOTAL,5853,5853,0,329,5524,188,188,NA,0,188,320,320,NA,15,305,145,145,NA,NA,145,109,109,NA,28,81,304,304,0,7,297,234,234,NA,15,219,589,589,NA,35,554,256,256,NA,0,256,405,405,NA,38,367,243,243,NA,5,238,422,422,NA,17,405,340,340,NA,6,334,257,257,NA,NA,257,177,177,NA,NA,177,193,193,NA,30,163,59,59,NA,1,58,355,355,NA,13,342,218,218,0,28,190,243,243,NA,70,173,287,287,NA,8,279,329,329,0,0,329,180,180,NA,13,167
M16 [Details of deaths reported with probable causes:],16.8.1,Number of Deaths due to Malaria- Plasmodium Vivax,TOTAL,0,0,0,0,0,0,0,NA,0,0,0,0,NA,0,0,0,0,NA,NA,0,0,0,NA,0,0,0,0,0,0,0,0,0,NA,0,0,0,0,NA,0,0,0,0,NA,0,0,0,0,NA,0,0,0,0,NA,0,0,0,0,NA,0,0,0,0,NA,0,0,0,0,0,0,0,0,0,NA,NA,0,0,0,NA,0,0,0,0,NA,0,0,0,0,NA,0,0,0,0,0,0,0,0,0,NA,0,0,0,0,NA,0,0,0,0,0,0,0,0,0,NA,0,0
M16 [Details of deaths reported with probable causes:],16.8.2,Number of Deaths due to Malaria- Plasmodium Falciparum,TOTAL,9,9,0,0,9,0,0,NA,0,0,0,0,NA,0,0,0,0,NA,NA,0,0,0,NA,0,0,0,0,0,0,0,0,0,NA,0,0,0,0,NA,0,0,0,0,NA,0,0,0,0,NA,0,0,0,0,NA,0,0,0,0,NA,0,0,0,0,NA,0,0,0,0,0,0,0,0,0,NA,NA,0,0,0,NA,0,0,6,6,NA,0,6,0,0,NA,0,0,0,0,NA,0,0,2,2,NA,0,2,0,0,NA,0,0,0,0,0,0,0,1,1,NA,0,1
M16 [Details of deaths reported with probable causes:],16.8.3,Number of Deaths due to Kala Azar,TOTAL,0,0,0,0,0,0,0,NA,0,0,0,0,NA,0,0,0,0,NA,NA,0,0,0,NA,0,0,0,0,0,0,0,0,0,NA,0,0,0,0,NA,0,0,0,0,NA,0,0,0,0,NA,0,0,0,0,NA,0,0,0,0,NA,0,0,0,0,NA,0,0,0,0,0,0,0,0,0,NA,NA,0,0,0,NA,0,0,0,0,NA,0,0,0,0,NA,0,0,0,0,0,0,0,0,0,NA,0,0,0,0,NA,0,0,0,0,0,0,0,0,0,NA,0,0
M16 [Details of deaths reported with probable causes:],16.8.4,Number of Deaths due to Dengue,TOTAL,1,1,0,1,0,0,0,NA,0,0,0,0,NA,0,0,0,0,NA,NA,0,0,0,NA,0,0,0,0,0,0,0,0,0,NA,0,0,1,1,NA,1,0,0,0,NA,0,0,0,0,NA,0,0,0,0,NA,0,0,0,0,NA,0,0,0,0,NA,0,0,0,0,NA,NA,0,0,0,NA,NA,0,0,0,NA,0,0,0,0,NA,0,0,0,0,NA,0,0,0,0,0,0,0,0,0,NA,0,0,0,0,NA,0,0,0,0,0,0,0,0,0,NA,0,0
M16 [Details of deaths reported with probable causes:],16.8.5,Number of Deaths due to Acute Encephelitis Syndrome (AES),TOTAL,0,0,0,0,0,0,0,NA,0,0,0,0,NA,0,0,0,0,NA,NA,0,0,0,NA,0,0,0,0,0,0,0,0,0,NA,0,0,0,0,NA,0,0,0,0,NA,0,0,0,0,NA,0,0,0,0,NA,0,0,0,0,NA,0,0,0,0,NA,0,0,0,0,NA,NA,0,0,0,NA,NA,0,0,0,NA,0,0,0,0,NA,0,0,0,0,NA,0,0,0,0,0,0,0,0,0,NA,0,0,0,0,NA,0,0,0,0,0,0,0,0,0,NA,0,0
M16 [Details of deaths reported with probable causes:],16.8.6,Number of Deaths due to Japanese Encephalitis (JE),TOTAL,0,0,0,0,0,0,0,NA,0,0,0,0,NA,0,0,0,0,NA,NA,0,0,0,NA,0,0,0,0,0,0,0,0,0,NA,0,0,0,0,NA,0,0,0,0,NA,0,0,0,0,NA,0,0,0,0,NA,0,0,0,0,NA,0,0,0,0,NA,0,0,0,0,NA,NA,0,0,0,NA,NA,0,0,0,NA,0,0,0,0,NA,0,0,0,0,NA,0,0,0,0,0,0,0,0,0,NA,0,0,0,0,NA,0,0,0,0,0,0,0,0,0,NA,0,0
M17 [Vaccines],17.1,Vaccine - DPT,1. Balance From Previous Month,54090,NA,NA,NA,NA,3950,NA,NA,NA,NA,50,NA,NA,NA,NA,NA,NA,NA,NA,NA,15900,NA,NA,NA,NA,2410,NA,NA,NA,NA,3000,NA,NA,NA,NA,1780,NA,NA,NA,NA,2770,NA,NA,NA,NA,NA,NA,NA,NA,NA,4200,NA,NA,NA,NA,3300,NA,NA,NA,NA,NA,NA,NA,NA,NA,NA,NA,NA,NA,NA,NA,NA,NA,NA,NA,NA,NA,NA,NA,NA,NA,NA,NA,NA,NA,2930,NA,NA,NA,NA,4280,NA,NA,NA,NA,NA,NA,NA,NA,NA,2700,NA,NA,NA,NA,1600,NA,NA,NA,NA,5220,NA,NA,NA,NA
M17 [Vaccines],17.1,Vaccine - DPT,2. Stocks Received,72700,NA,NA,NA,NA,4000,NA,NA,NA,NA,6000,NA,NA,NA,NA,NA,NA,NA,NA,NA,8300,NA,NA,NA,NA,3500,NA,NA,NA,NA,5500,NA,NA,NA,NA,6000,NA,NA,NA,NA,3000,NA,NA,NA,NA,NA,NA,NA,NA,NA,4000,NA,NA,NA,NA,9500,NA,NA,NA,NA,NA,NA,NA,NA,NA,NA,NA,NA,NA,NA,NA,NA,NA,NA,NA,NA,NA,NA,NA,NA,NA,NA,NA,NA,NA,5000,NA,NA,NA,NA,3400,NA,NA,NA,NA,NA,NA,NA,NA,NA,4500,NA,NA,NA,NA,5500,NA,NA,NA,NA,4500,NA,NA,NA,NA
M17 [Vaccines],17.1,Vaccine - DPT,3. Unusable Stock,50,NA,NA,NA,NA,0,NA,NA,NA,NA,0,NA,NA,NA,NA,NA,NA,NA,NA,NA,NA,NA,NA,NA,NA,0,NA,NA,NA,NA,NA,NA,NA,NA,NA,NA,NA,NA,NA,NA,0,NA,NA,NA,NA,NA,NA,NA,NA,NA,0,NA,NA,NA,NA,NA,NA,NA,NA,NA,NA,NA,NA,NA,NA,NA,NA,NA,NA,NA,NA,NA,NA,NA,NA,NA,NA,NA,NA,NA,NA,NA,NA,NA,NA,0,NA,NA,NA,NA,0,NA,NA,NA,NA,NA,NA,NA,NA,NA,0,NA,NA,NA,NA,50,NA,NA,NA,NA,0,NA,NA,NA,NA
M17 [Vaccines],17.1,Vaccine - DPT,4. Stock Distributed,70600,NA,NA,NA,NA,3950,NA,NA,NA,NA,3350,NA,NA,NA,NA,NA,NA,NA,NA,NA,7370,NA,NA,NA,NA,4950,NA,NA,NA,NA,5600,NA,NA,NA,NA,980,NA,NA,NA,NA,3900,NA,NA,NA,NA,NA,NA,NA,NA,NA,5660,NA,NA,NA,NA,8150,NA,NA,NA,NA,NA,NA,NA,NA,NA,NA,NA,NA,NA,NA,NA,NA,NA,NA,NA,NA,NA,NA,NA,NA,NA,NA,NA,NA,NA,5730,NA,NA,NA,NA,2290,NA,NA,NA,NA,NA,NA,NA,NA,NA,5400,NA,NA,NA,NA,7050,NA,NA,NA,NA,6220,NA,NA,NA,NA
M17 [Vaccines],17.1,Vaccine - DPT,5. Total Stock,56140,NA,NA,NA,NA,4000,NA,NA,NA,NA,2700,NA,NA,NA,NA,NA,NA,NA,NA,NA,16830,NA,NA,NA,NA,960,NA,NA,NA,NA,2900,NA,NA,NA,NA,6800,NA,NA,NA,NA,1870,NA,NA,NA,NA,0,NA,NA,NA,NA,2540,NA,NA,NA,NA,4650,NA,NA,NA,NA,NA,NA,NA,NA,NA,NA,NA,NA,NA,NA,0,NA,NA,NA,NA,NA,NA,NA,NA,NA,NA,NA,NA,NA,NA,2200,NA,NA,NA,NA,5390,NA,NA,NA,NA,NA,NA,NA,NA,NA,1800,NA,NA,NA,NA,0,NA,NA,NA,NA,3500,NA,NA,NA,NA
M17 [Vaccines],17.2,Vaccine - Pentavalent,1. Balance From Previous Month,136210,NA,NA,NA,NA,9180,NA,NA,NA,NA,1900,NA,NA,NA,NA,NA,NA,NA,NA,NA,21700,NA,NA,NA,NA,5420,NA,NA,NA,NA,9520,NA,NA,NA,NA,3000,NA,NA,NA,NA,7420,NA,NA,NA,NA,NA,NA,NA,NA,NA,10540,NA,NA,NA,NA,10180,NA,NA,NA,NA,NA,NA,NA,NA,NA,NA,NA,NA,NA,NA,NA,NA,NA,NA,NA,NA,NA,NA,NA,NA,NA,NA,NA,NA,NA,11570,NA,NA,NA,NA,10630,NA,NA,NA,NA,NA,NA,NA,NA,NA,11500,NA,NA,NA,NA,11050,NA,NA,NA,NA,12600,NA,NA,NA,NA
M17 [Vaccines],17.2,Vaccine - Pentavalent,2. Stocks Received,85880,NA,NA,NA,NA,0,NA,NA,NA,NA,7500,NA,NA,NA,NA,NA,NA,NA,NA,NA,6000,NA,NA,NA,NA,5000,NA,NA,NA,NA,9000,NA,NA,NA,NA,7500,NA,NA,NA,NA,2880,NA,NA,NA,NA,NA,NA,NA,NA,NA,3000,NA,NA,NA,NA,11000,NA,NA,NA,NA,NA,NA,NA,NA,NA,NA,NA,NA,NA,NA,NA,NA,NA,NA,NA,NA,NA,NA,NA,NA,NA,NA,NA,NA,NA,15000,NA,NA,NA,NA,4000,NA,NA,NA,NA,NA,NA,NA,NA,NA,7500,NA,NA,NA,NA,5000,NA,NA,NA,NA,2500,NA,NA,NA,NA
M17 [Vaccines],17.2,Vaccine - Pentavalent,3. Unusable Stock,7330,NA,NA,NA,NA,0,NA,NA,NA,NA,0,NA,NA,NA,NA,NA,NA,NA,NA,NA,NA,NA,NA,NA,NA,0,NA,NA,NA,NA,NA,NA,NA,NA,NA,NA,NA,NA,NA,NA,0,NA,NA,NA,NA,NA,NA,NA,NA,NA,0,NA,NA,NA,NA,NA,NA,NA,NA,NA,NA,NA,NA,NA,NA,NA,NA,NA,NA,NA,NA,NA,NA,NA,NA,NA,NA,NA,NA,NA,NA,NA,NA,NA,NA,0,NA,NA,NA,NA,0,NA,NA,NA,NA,NA,NA,NA,NA,NA,0,NA,NA,NA,NA,7330,NA,NA,NA,NA,0,NA,NA,NA,NA
M17 [Vaccines],17.2,Vaccine - Pentavalent,4. Stock Distributed,101520,NA,NA,NA,NA,5140,NA,NA,NA,NA,6900,NA,NA,NA,NA,NA,NA,NA,NA,NA,12960,NA,NA,NA,NA,4920,NA,NA,NA,NA,12000,NA,NA,NA,NA,2600,NA,NA,NA,NA,6940,NA,NA,NA,NA,NA,NA,NA,NA,NA,6990,NA,NA,NA,NA,8160,NA,NA,NA,NA,NA,NA,NA,NA,NA,NA,NA,NA,NA,NA,NA,NA,NA,NA,NA,NA,NA,NA,NA,NA,NA,NA,NA,NA,NA,6730,NA,NA,NA,NA,3990,NA,NA,NA,NA,NA,NA,NA,NA,NA,8500,NA,NA,NA,NA,8720,NA,NA,NA,NA,6970,NA,NA,NA,NA
M17 [Vaccines],17.2,Vaccine - Pentavalent,5. Total Stock,113240,NA,NA,NA,NA,4040,NA,NA,NA,NA,2500,NA,NA,NA,NA,NA,NA,NA,NA,NA,14740,NA,NA,NA,NA,5500,NA,NA,NA,NA,6520,NA,NA,NA,NA,7900,NA,NA,NA,NA,3360,NA,NA,NA,NA,0,NA,NA,NA,NA,6550,NA,NA,NA,NA,13020,NA,NA,NA,NA,NA,NA,NA,NA,NA,NA,NA,NA,NA,NA,0,NA,NA,NA,NA,NA,NA,NA,NA,NA,NA,NA,NA,NA,NA,19840,NA,NA,NA,NA,10640,NA,NA,NA,NA,NA,NA,NA,NA,NA,10500,NA,NA,NA,NA,0,NA,NA,NA,NA,8130,NA,NA,NA,NA
M17 [Vaccines],17.3,Vaccine - OPV,1. Balance From Previous Month,141240,NA,NA,NA,NA,8560,NA,NA,NA,NA,1000,NA,NA,NA,NA,NA,NA,NA,NA,NA,19700,NA,NA,NA,NA,3620,NA,NA,NA,NA,18000,NA,NA,NA,NA,NA,NA,NA,NA,NA,140,NA,NA,NA,NA,NA,NA,NA,NA,NA,10900,NA,NA,NA,NA,16600,NA,NA,NA,NA,NA,NA,NA,NA,NA,NA,NA,NA,NA,NA,NA,NA,NA,NA,NA,NA,NA,NA,NA,NA,NA,NA,NA,NA,NA,8400,NA,NA,NA,NA,20600,NA,NA,NA,NA,NA,NA,NA,NA,NA,14200,NA,NA,NA,NA,8020,NA,NA,NA,NA,11500,NA,NA,NA,NA
M17 [Vaccines],17.3,Vaccine - OPV,2. Stocks Received,277500,NA,NA,NA,NA,17000,NA,NA,NA,NA,20000,NA,NA,NA,NA,NA,NA,NA,NA,NA,40000,NA,NA,NA,NA,15000,NA,NA,NA,NA,10000,NA,NA,NA,NA,20000,NA,NA,NA,NA,16000,NA,NA,NA,NA,NA,NA,NA,NA,NA,20000,NA,NA,NA,NA,25000,NA,NA,NA,NA,NA,NA,NA,NA,NA,NA,NA,NA,NA,NA,NA,NA,NA,NA,NA,NA,NA,NA,NA,NA,NA,NA,NA,NA,NA,23000,NA,NA,NA,NA,14500,NA,NA,NA,NA,NA,NA,NA,NA,NA,15000,NA,NA,NA,NA,23000,NA,NA,NA,NA,19000,NA,NA,NA,NA
M17 [Vaccines],17.3,Vaccine - OPV,3. Unusable Stock,21000,NA,NA,NA,NA,0,NA,NA,NA,NA,0,NA,NA,NA,NA,NA,NA,NA,NA,NA,NA,NA,NA,NA,NA,0,NA,NA,NA,NA,NA,NA,NA,NA,NA,NA,NA,NA,NA,NA,0,NA,NA,NA,NA,NA,NA,NA,NA,NA,0,NA,NA,NA,NA,NA,NA,NA,NA,NA,NA,NA,NA,NA,NA,NA,NA,NA,NA,NA,NA,NA,NA,NA,NA,NA,NA,NA,NA,NA,NA,NA,NA,NA,NA,0,NA,NA,NA,NA,0,NA,NA,NA,NA,NA,NA,NA,NA,NA,0,NA,NA,NA,NA,21000,NA,NA,NA,NA,0,NA,NA,NA,NA
M17 [Vaccines],17.3,Vaccine - OPV,4. Stock Distributed,179380,NA,NA,NA,NA,8860,NA,NA,NA,NA,13100,NA,NA,NA,NA,NA,NA,NA,NA,NA,20000,NA,NA,NA,NA,8940,NA,NA,NA,NA,19000,NA,NA,NA,NA,7600,NA,NA,NA,NA,3200,NA,NA,NA,NA,NA,NA,NA,NA,NA,15900,NA,NA,NA,NA,18800,NA,NA,NA,NA,NA,NA,NA,NA,NA,NA,NA,NA,NA,NA,NA,NA,NA,NA,NA,NA,NA,NA,NA,NA,NA,NA,NA,NA,NA,11920,NA,NA,NA,NA,10120,NA,NA,NA,NA,NA,NA,NA,NA,NA,18300,NA,NA,NA,NA,10020,NA,NA,NA,NA,13620,NA,NA,NA,NA
M17 [Vaccines],17.3,Vaccine - OPV,5. Total Stock,218360,NA,NA,NA,NA,16700,NA,NA,NA,NA,7900,NA,NA,NA,NA,NA,NA,NA,NA,NA,39700,NA,NA,NA,NA,9680,NA,NA,NA,NA,9000,NA,NA,NA,NA,12400,NA,NA,NA,NA,12940,NA,NA,NA,NA,0,NA,NA,NA,NA,15000,NA,NA,NA,NA,22800,NA,NA,NA,NA,NA,NA,NA,NA,NA,NA,NA,NA,NA,NA,0,NA,NA,NA,NA,NA,NA,NA,NA,NA,NA,NA,NA,NA,NA,19480,NA,NA,NA,NA,24980,NA,NA,NA,NA,NA,NA,NA,NA,NA,10900,NA,NA,NA,NA,0,NA,NA,NA,NA,16880,NA,NA,NA,NA
M17 [Vaccines],17.4,Vaccine - TT,1. Balance From Previous Month,113620,NA,NA,NA,NA,1100,NA,NA,NA,NA,9400,NA,NA,NA,NA,NA,NA,NA,NA,NA,13400,NA,NA,NA,NA,8200,NA,NA,NA,NA,9300,NA,NA,NA,NA,3350,NA,NA,NA,NA,12500,NA,NA,NA,NA,NA,NA,NA,NA,NA,10590,NA,NA,NA,NA,5800,NA,NA,NA,NA,NA,NA,NA,NA,NA,NA,NA,NA,NA,NA,NA,NA,NA,NA,NA,NA,NA,NA,NA,NA,NA,NA,NA,NA,NA,6660,NA,NA,NA,NA,9470,NA,NA,NA,NA,NA,NA,NA,NA,NA,12600,NA,NA,NA,NA,2150,NA,NA,NA,NA,9100,NA,NA,NA,NA
M17 [Vaccines],17.4,Vaccine - TT,2. Stocks Received,63000,NA,NA,NA,NA,0,NA,NA,NA,NA,4000,NA,NA,NA,NA,NA,NA,NA,NA,NA,10000,NA,NA,NA,NA,5000,NA,NA,NA,NA,4000,NA,NA,NA,NA,4000,NA,NA,NA,NA,4000,NA,NA,NA,NA,NA,NA,NA,NA,NA,4000,NA,NA,NA,NA,8000,NA,NA,NA,NA,NA,NA,NA,NA,NA,NA,NA,NA,NA,NA,NA,NA,NA,NA,NA,NA,NA,NA,NA,NA,NA,NA,NA,NA,NA,8000,NA,NA,NA,NA,4000,NA,NA,NA,NA,NA,NA,NA,NA,NA,0,NA,NA,NA,NA,4000,NA,NA,NA,NA,4000,NA,NA,NA,NA
M17 [Vaccines],17.4,Vaccine - TT,3. Unusable Stock,250,NA,NA,NA,NA,0,NA,NA,NA,NA,0,NA,NA,NA,NA,NA,NA,NA,NA,NA,NA,NA,NA,NA,NA,0,NA,NA,NA,NA,NA,NA,NA,NA,NA,NA,NA,NA,NA,NA,0,NA,NA,NA,NA,NA,NA,NA,NA,NA,0,NA,NA,NA,NA,NA,NA,NA,NA,NA,NA,NA,NA,NA,NA,NA,NA,NA,NA,NA,NA,NA,NA,NA,NA,NA,NA,NA,NA,NA,NA,NA,NA,NA,NA,0,NA,NA,NA,NA,0,NA,NA,NA,NA,NA,NA,NA,NA,NA,0,NA,NA,NA,NA,250,NA,NA,NA,NA,0,NA,NA,NA,NA
M17 [Vaccines],17.4,Vaccine - TT,4. Stock Distributed,88010,NA,NA,NA,NA,1100,NA,NA,NA,NA,7500,NA,NA,NA,NA,NA,NA,NA,NA,NA,7080,NA,NA,NA,NA,2750,NA,NA,NA,NA,9800,NA,NA,NA,NA,1450,NA,NA,NA,NA,7300,NA,NA,NA,NA,NA,NA,NA,NA,NA,6950,NA,NA,NA,NA,6800,NA,NA,NA,NA,NA,NA,NA,NA,NA,NA,NA,NA,NA,NA,NA,NA,NA,NA,NA,NA,NA,NA,NA,NA,NA,NA,NA,NA,NA,7980,NA,NA,NA,NA,5100,NA,NA,NA,NA,NA,NA,NA,NA,NA,8600,NA,NA,NA,NA,5900,NA,NA,NA,NA,9700,NA,NA,NA,NA
M17 [Vaccines],17.4,Vaccine - TT,5. Total Stock,88360,NA,NA,NA,NA,0,NA,NA,NA,NA,5900,NA,NA,NA,NA,NA,NA,NA,NA,NA,16320,NA,NA,NA,NA,10450,NA,NA,NA,NA,3500,NA,NA,NA,NA,5900,NA,NA,NA,NA,9200,NA,NA,NA,NA,0,NA,NA,NA,NA,7640,NA,NA,NA,NA,7000,NA,NA,NA,NA,NA,NA,NA,NA,NA,NA,NA,NA,NA,NA,0,NA,NA,NA,NA,NA,NA,NA,NA,NA,NA,NA,NA,NA,NA,6680,NA,NA,NA,NA,8370,NA,NA,NA,NA,NA,NA,NA,NA,NA,4000,NA,NA,NA,NA,0,NA,NA,NA,NA,3400,NA,NA,NA,NA
M17 [Vaccines],17.5,Vaccine - DT,1. Balance From Previous Month,0,NA,NA,NA,NA,0,NA,NA,NA,NA,NA,NA,NA,NA,NA,NA,NA,NA,NA,NA,NA,NA,NA,NA,NA,0,NA,NA,NA,NA,0,NA,NA,NA,NA,NA,NA,NA,NA,NA,0,NA,NA,NA,NA,NA,NA,NA,NA,NA,0,NA,NA,NA,NA,NA,NA,NA,NA,NA,NA,NA,NA,NA,NA,NA,NA,NA,NA,NA,NA,NA,NA,NA,NA,NA,NA,NA,NA,NA,NA,NA,NA,NA,NA,0,NA,NA,NA,NA,NA,NA,NA,NA,NA,NA,NA,NA,NA,NA,0,NA,NA,NA,NA,0,NA,NA,NA,NA,0,NA,NA,NA,NA
M17 [Vaccines],17.5,Vaccine - DT,2. Stocks Received,0,NA,NA,NA,NA,0,NA,NA,NA,NA,NA,NA,NA,NA,NA,NA,NA,NA,NA,NA,NA,NA,NA,NA,NA,0,NA,NA,NA,NA,0,NA,NA,NA,NA,NA,NA,NA,NA,NA,0,NA,NA,NA,NA,NA,NA,NA,NA,NA,0,NA,NA,NA,NA,NA,NA,NA,NA,NA,NA,NA,NA,NA,NA,NA,NA,NA,NA,NA,NA,NA,NA,NA,NA,NA,NA,NA,NA,NA,NA,NA,NA,NA,NA,0,NA,NA,NA,NA,NA,NA,NA,NA,NA,NA,NA,NA,NA,NA,0,NA,NA,NA,NA,0,NA,NA,NA,NA,0,NA,NA,NA,NA
M17 [Vaccines],17.5,Vaccine - DT,3. Unusable Stock,0,NA,NA,NA,NA,0,NA,NA,NA,NA,NA,NA,NA,NA,NA,NA,NA,NA,NA,NA,NA,NA,NA,NA,NA,0,NA,NA,NA,NA,NA,NA,NA,NA,NA,NA,NA,NA,NA,NA,0,NA,NA,NA,NA,NA,NA,NA,NA,NA,0,NA,NA,NA,NA,NA,NA,NA,NA,NA,NA,NA,NA,NA,NA,NA,NA,NA,NA,NA,NA,NA,NA,NA,NA,NA,NA,NA,NA,NA,NA,NA,NA,NA,NA,0,NA,NA,NA,NA,NA,NA,NA,NA,NA,NA,NA,NA,NA,NA,NA,NA,NA,NA,NA,0,NA,NA,NA,NA,0,NA,NA,NA,NA
M17 [Vaccines],17.5,Vaccine - DT,4. Stock Distributed,0,NA,NA,NA,NA,0,NA,NA,NA,NA,NA,NA,NA,NA,NA,NA,NA,NA,NA,NA,NA,NA,NA,NA,NA,0,NA,NA,NA,NA,NA,NA,NA,NA,NA,NA,NA,NA,NA,NA,0,NA,NA,NA,NA,NA,NA,NA,NA,NA,0,NA,NA,NA,NA,NA,NA,NA,NA,NA,NA,NA,NA,NA,NA,NA,NA,NA,NA,NA,NA,NA,NA,NA,NA,NA,NA,NA,NA,NA,NA,NA,NA,NA,NA,0,NA,NA,NA,NA,NA,NA,NA,NA,NA,NA,NA,NA,NA,NA,0,NA,NA,NA,NA,0,NA,NA,NA,NA,0,NA,NA,NA,NA
M17 [Vaccines],17.5,Vaccine - DT,5. Total Stock,0,NA,NA,NA,NA,0,NA,NA,NA,NA,0,NA,NA,NA,NA,NA,NA,NA,NA,NA,0,NA,NA,NA,NA,0,NA,NA,NA,NA,0,NA,NA,NA,NA,0,NA,NA,NA,NA,0,NA,NA,NA,NA,0,NA,NA,NA,NA,0,NA,NA,NA,NA,0,NA,NA,NA,NA,NA,NA,NA,NA,NA,NA,NA,NA,NA,NA,0,NA,NA,NA,NA,NA,NA,NA,NA,NA,NA,NA,NA,NA,NA,0,NA,NA,NA,NA,0,NA,NA,NA,NA,NA,NA,NA,NA,NA,0,NA,NA,NA,NA,0,NA,NA,NA,NA,0,NA,NA,NA,NA
M17 [Vaccines],17.6,Vaccine - BCG,1. Balance From Previous Month,124660,NA,NA,NA,NA,8970,NA,NA,NA,NA,10100,NA,NA,NA,NA,NA,NA,NA,NA,NA,9100,NA,NA,NA,NA,5450,NA,NA,NA,NA,10100,NA,NA,NA,NA,4900,NA,NA,NA,NA,8050,NA,NA,NA,NA,NA,NA,NA,NA,NA,9540,NA,NA,NA,NA,8300,NA,NA,NA,NA,NA,NA,NA,NA,NA,NA,NA,NA,NA,NA,NA,NA,NA,NA,NA,NA,NA,NA,NA,NA,NA,NA,NA,NA,NA,5730,NA,NA,NA,NA,9640,NA,NA,NA,NA,NA,NA,NA,NA,NA,15100,NA,NA,NA,NA,10060,NA,NA,NA,NA,9620,NA,NA,NA,NA
M17 [Vaccines],17.6,Vaccine - BCG,2. Stocks Received,149500,NA,NA,NA,NA,0,NA,NA,NA,NA,14000,NA,NA,NA,NA,NA,NA,NA,NA,NA,15000,NA,NA,NA,NA,5000,NA,NA,NA,NA,2500,NA,NA,NA,NA,14000,NA,NA,NA,NA,8000,NA,NA,NA,NA,NA,NA,NA,NA,NA,4000,NA,NA,NA,NA,20000,NA,NA,NA,NA,NA,NA,NA,NA,NA,NA,NA,NA,NA,NA,NA,NA,NA,NA,NA,NA,NA,NA,NA,NA,NA,NA,NA,NA,NA,42000,NA,NA,NA,NA,6000,NA,NA,NA,NA,NA,NA,NA,NA,NA,5000,NA,NA,NA,NA,0,NA,NA,NA,NA,14000,NA,NA,NA,NA
M17 [Vaccines],17.6,Vaccine - BCG,3. Unusable Stock,4560,NA,NA,NA,NA,0,NA,NA,NA,NA,0,NA,NA,NA,NA,NA,NA,NA,NA,NA,NA,NA,NA,NA,NA,0,NA,NA,NA,NA,NA,NA,NA,NA,NA,NA,NA,NA,NA,NA,0,NA,NA,NA,NA,NA,NA,NA,NA,NA,0,NA,NA,NA,NA,NA,NA,NA,NA,NA,NA,NA,NA,NA,NA,NA,NA,NA,NA,NA,NA,NA,NA,NA,NA,NA,NA,NA,NA,NA,NA,NA,NA,NA,NA,0,NA,NA,NA,NA,0,NA,NA,NA,NA,NA,NA,NA,NA,NA,0,NA,NA,NA,NA,4560,NA,NA,NA,NA,0,NA,NA,NA,NA
M17 [Vaccines],17.6,Vaccine - BCG,4. Stock Distributed,92180,NA,NA,NA,NA,5200,NA,NA,NA,NA,9500,NA,NA,NA,NA,NA,NA,NA,NA,NA,9890,NA,NA,NA,NA,3250,NA,NA,NA,NA,9400,NA,NA,NA,NA,2700,NA,NA,NA,NA,9550,NA,NA,NA,NA,NA,NA,NA,NA,NA,5000,NA,NA,NA,NA,7000,NA,NA,NA,NA,NA,NA,NA,NA,NA,NA,NA,NA,NA,NA,NA,NA,NA,NA,NA,NA,NA,NA,NA,NA,NA,NA,NA,NA,NA,6500,NA,NA,NA,NA,5690,NA,NA,NA,NA,NA,NA,NA,NA,NA,7900,NA,NA,NA,NA,5500,NA,NA,NA,NA,5100,NA,NA,NA,NA
M17 [Vaccines],17.6,Vaccine - BCG,5. Total Stock,177420,NA,NA,NA,NA,3770,NA,NA,NA,NA,14600,NA,NA,NA,NA,NA,NA,NA,NA,NA,14210,NA,NA,NA,NA,7200,NA,NA,NA,NA,3200,NA,NA,NA,NA,16200,NA,NA,NA,NA,6500,NA,NA,NA,NA,0,NA,NA,NA,NA,8540,NA,NA,NA,NA,21300,NA,NA,NA,NA,NA,NA,NA,NA,NA,NA,NA,NA,NA,NA,0,NA,NA,NA,NA,NA,NA,NA,NA,NA,NA,NA,NA,NA,NA,41230,NA,NA,NA,NA,9950,NA,NA,NA,NA,NA,NA,NA,NA,NA,12200,NA,NA,NA,NA,0,NA,NA,NA,NA,18520,NA,NA,NA,NA
M17 [Vaccines],17.7,Vaccine - Measles,1. Balance From Previous Month,0,NA,NA,NA,NA,0,NA,NA,NA,NA,0,NA,NA,NA,NA,NA,NA,NA,NA,NA,NA,NA,NA,NA,NA,0,NA,NA,NA,NA,0,NA,NA,NA,NA,NA,NA,NA,NA,NA,0,NA,NA,NA,NA,NA,NA,NA,NA,NA,0,NA,NA,NA,NA,NA,NA,NA,NA,NA,NA,NA,NA,NA,NA,NA,NA,NA,NA,NA,NA,NA,NA,NA,NA,NA,NA,NA,NA,NA,NA,NA,NA,NA,NA,0,NA,NA,NA,NA,NA,NA,NA,NA,NA,NA,NA,NA,NA,NA,0,NA,NA,NA,NA,0,NA,NA,NA,NA,0,NA,NA,NA,NA
M17 [Vaccines],17.7,Vaccine - Measles,2. Stocks Received,0,NA,NA,NA,NA,0,NA,NA,NA,NA,0,NA,NA,NA,NA,NA,NA,NA,NA,NA,NA,NA,NA,NA,NA,0,NA,NA,NA,NA,NA,NA,NA,NA,NA,NA,NA,NA,NA,NA,0,NA,NA,NA,NA,NA,NA,NA,NA,NA,0,NA,NA,NA,NA,NA,NA,NA,NA,NA,NA,NA,NA,NA,NA,NA,NA,NA,NA,NA,NA,NA,NA,NA,NA,NA,NA,NA,NA,NA,NA,NA,NA,NA,NA,0,NA,NA,NA,NA,NA,NA,NA,NA,NA,NA,NA,NA,NA,NA,0,NA,NA,NA,NA,0,NA,NA,NA,NA,0,NA,NA,NA,NA
M17 [Vaccines],17.7,Vaccine - Measles,3. Unusable Stock,0,NA,NA,NA,NA,0,NA,NA,NA,NA,0,NA,NA,NA,NA,NA,NA,NA,NA,NA,NA,NA,NA,NA,NA,0,NA,NA,NA,NA,NA,NA,NA,NA,NA,NA,NA,NA,NA,NA,0,NA,NA,NA,NA,NA,NA,NA,NA,NA,0,NA,NA,NA,NA,NA,NA,NA,NA,NA,NA,NA,NA,NA,NA,NA,NA,NA,NA,NA,NA,NA,NA,NA,NA,NA,NA,NA,NA,NA,NA,NA,NA,NA,NA,0,NA,NA,NA,NA,NA,NA,NA,NA,NA,NA,NA,NA,NA,NA,NA,NA,NA,NA,NA,0,NA,NA,NA,NA,0,NA,NA,NA,NA
M17 [Vaccines],17.7,Vaccine - Measles,4. Stock Distributed,0,NA,NA,NA,NA,0,NA,NA,NA,NA,0,NA,NA,NA,NA,NA,NA,NA,NA,NA,NA,NA,NA,NA,NA,0,NA,NA,NA,NA,0,NA,NA,NA,NA,NA,NA,NA,NA,NA,0,NA,NA,NA,NA,NA,NA,NA,NA,NA,0,NA,NA,NA,NA,NA,NA,NA,NA,NA,NA,NA,NA,NA,NA,NA,NA,NA,NA,NA,NA,NA,NA,NA,NA,NA,NA,NA,NA,NA,NA,NA,NA,NA,NA,0,NA,NA,NA,NA,NA,NA,NA,NA,NA,NA,NA,NA,NA,NA,0,NA,NA,NA,NA,0,NA,NA,NA,NA,0,NA,NA,NA,NA
M17 [Vaccines],17.7,Vaccine - Measles,5. Total Stock,0,NA,NA,NA,NA,0,NA,NA,NA,NA,0,NA,NA,NA,NA,NA,NA,NA,NA,NA,0,NA,NA,NA,NA,0,NA,NA,NA,NA,0,NA,NA,NA,NA,0,NA,NA,NA,NA,0,NA,NA,NA,NA,0,NA,NA,NA,NA,0,NA,NA,NA,NA,0,NA,NA,NA,NA,NA,NA,NA,NA,NA,NA,NA,NA,NA,NA,0,NA,NA,NA,NA,NA,NA,NA,NA,NA,NA,NA,NA,NA,NA,0,NA,NA,NA,NA,0,NA,NA,NA,NA,NA,NA,NA,NA,NA,0,NA,NA,NA,NA,0,NA,NA,NA,NA,0,NA,NA,NA,NA
M17 [Vaccines],17.8,Vaccine - JE,1. Balance From Previous Month,54954,NA,NA,NA,NA,4050,NA,NA,NA,NA,NA,NA,NA,NA,NA,NA,NA,NA,NA,NA,35604,NA,NA,NA,NA,0,NA,NA,NA,NA,0,NA,NA,NA,NA,NA,NA,NA,NA,NA,NA,NA,NA,NA,NA,NA,NA,NA,NA,NA,4700,NA,NA,NA,NA,3100,NA,NA,NA,NA,NA,NA,NA,NA,NA,NA,NA,NA,NA,NA,NA,NA,NA,NA,NA,NA,NA,NA,NA,NA,NA,NA,NA,NA,NA,1850,NA,NA,NA,NA,NA,NA,NA,NA,NA,NA,NA,NA,NA,NA,0,NA,NA,NA,NA,0,NA,NA,NA,NA,5650,NA,NA,NA,NA
M17 [Vaccines],17.8,Vaccine - JE,2. Stocks Received,48000,NA,NA,NA,NA,10000,NA,NA,NA,NA,NA,NA,NA,NA,NA,NA,NA,NA,NA,NA,NA,NA,NA,NA,NA,0,NA,NA,NA,NA,0,NA,NA,NA,NA,NA,NA,NA,NA,NA,NA,NA,NA,NA,NA,NA,NA,NA,NA,NA,10000,NA,NA,NA,NA,15000,NA,NA,NA,NA,NA,NA,NA,NA,NA,NA,NA,NA,NA,NA,NA,NA,NA,NA,NA,NA,NA,NA,NA,NA,NA,NA,NA,NA,NA,1000,NA,NA,NA,NA,NA,NA,NA,NA,NA,NA,NA,NA,NA,NA,0,NA,NA,NA,NA,0,NA,NA,NA,NA,12000,NA,NA,NA,NA
M17 [Vaccines],17.8,Vaccine - JE,3. Unusable Stock,0,NA,NA,NA,NA,0,NA,NA,NA,NA,NA,NA,NA,NA,NA,NA,NA,NA,NA,NA,NA,NA,NA,NA,NA,0,NA,NA,NA,NA,NA,NA,NA,NA,NA,NA,NA,NA,NA,NA,NA,NA,NA,NA,NA,NA,NA,NA,NA,NA,0,NA,NA,NA,NA,NA,NA,NA,NA,NA,NA,NA,NA,NA,NA,NA,NA,NA,NA,NA,NA,NA,NA,NA,NA,NA,NA,NA,NA,NA,NA,NA,NA,NA,NA,0,NA,NA,NA,NA,NA,NA,NA,NA,NA,NA,NA,NA,NA,NA,NA,NA,NA,NA,NA,0,NA,NA,NA,NA,0,NA,NA,NA,NA
M17 [Vaccines],17.8,Vaccine - JE,4. Stock Distributed,41300,NA,NA,NA,NA,4050,NA,NA,NA,NA,NA,NA,NA,NA,NA,NA,NA,NA,NA,NA,9890,NA,NA,NA,NA,0,NA,NA,NA,NA,NA,NA,NA,NA,NA,NA,NA,NA,NA,NA,NA,NA,NA,NA,NA,NA,NA,NA,NA,NA,5850,NA,NA,NA,NA,7650,NA,NA,NA,NA,NA,NA,NA,NA,NA,NA,NA,NA,NA,NA,NA,NA,NA,NA,NA,NA,NA,NA,NA,NA,NA,NA,NA,NA,NA,6810,NA,NA,NA,NA,NA,NA,NA,NA,NA,NA,NA,NA,NA,NA,0,NA,NA,NA,NA,0,NA,NA,NA,NA,7050,NA,NA,NA,NA
M17 [Vaccines],17.8,Vaccine - JE,5. Total Stock,61654,NA,NA,NA,NA,10000,NA,NA,NA,NA,0,NA,NA,NA,NA,NA,NA,NA,NA,NA,25714,NA,NA,NA,NA,0,NA,NA,NA,NA,0,NA,NA,NA,NA,0,NA,NA,NA,NA,0,NA,NA,NA,NA,0,NA,NA,NA,NA,8850,NA,NA,NA,NA,10450,NA,NA,NA,NA,NA,NA,NA,NA,NA,NA,NA,NA,NA,NA,0,NA,NA,NA,NA,NA,NA,NA,NA,NA,NA,NA,NA,NA,NA,-3960,NA,NA,NA,NA,0,NA,NA,NA,NA,NA,NA,NA,NA,NA,0,NA,NA,NA,NA,0,NA,NA,NA,NA,10600,NA,NA,NA,NA
M17 [Vaccines],17.9,Vaccine - Hepatitis B,1. Balance From Previous Month,2660,NA,NA,NA,NA,320,NA,NA,NA,NA,30,NA,NA,NA,NA,NA,NA,NA,NA,NA,NA,NA,NA,NA,NA,300,NA,NA,NA,NA,900,NA,NA,NA,NA,NA,NA,NA,NA,NA,0,NA,NA,NA,NA,NA,NA,NA,NA,NA,0,NA,NA,NA,NA,40,NA,NA,NA,NA,NA,NA,NA,NA,NA,NA,NA,NA,NA,NA,NA,NA,NA,NA,NA,NA,NA,NA,NA,NA,NA,NA,NA,NA,NA,0,NA,NA,NA,NA,0,NA,NA,NA,NA,NA,NA,NA,NA,NA,640,NA,NA,NA,NA,430,NA,NA,NA,NA,0,NA,NA,NA,NA
M17 [Vaccines],17.9,Vaccine - Hepatitis B,2. Stocks Received,14530,NA,NA,NA,NA,800,NA,NA,NA,NA,1200,NA,NA,NA,NA,NA,NA,NA,NA,NA,1400,NA,NA,NA,NA,800,NA,NA,NA,NA,800,NA,NA,NA,NA,1450,NA,NA,NA,NA,750,NA,NA,NA,NA,NA,NA,NA,NA,NA,850,NA,NA,NA,NA,1200,NA,NA,NA,NA,NA,NA,NA,NA,NA,NA,NA,NA,NA,NA,NA,NA,NA,NA,NA,NA,NA,NA,NA,NA,NA,NA,NA,NA,NA,1080,NA,NA,NA,NA,1000,NA,NA,NA,NA,NA,NA,NA,NA,NA,1000,NA,NA,NA,NA,1200,NA,NA,NA,NA,1000,NA,NA,NA,NA
M17 [Vaccines],17.9,Vaccine - Hepatitis B,3. Unusable Stock,0,NA,NA,NA,NA,0,NA,NA,NA,NA,0,NA,NA,NA,NA,NA,NA,NA,NA,NA,NA,NA,NA,NA,NA,0,NA,NA,NA,NA,NA,NA,NA,NA,NA,NA,NA,NA,NA,NA,0,NA,NA,NA,NA,NA,NA,NA,NA,NA,0,NA,NA,NA,NA,NA,NA,NA,NA,NA,NA,NA,NA,NA,NA,NA,NA,NA,NA,NA,NA,NA,NA,NA,NA,NA,NA,NA,NA,NA,NA,NA,NA,NA,NA,0,NA,NA,NA,NA,0,NA,NA,NA,NA,NA,NA,NA,NA,NA,0,NA,NA,NA,NA,0,NA,NA,NA,NA,0,NA,NA,NA,NA
M17 [Vaccines],17.9,Vaccine - Hepatitis B,4. Stock Distributed,19460,NA,NA,NA,NA,520,NA,NA,NA,NA,1020,NA,NA,NA,NA,NA,NA,NA,NA,NA,1400,NA,NA,NA,NA,5860,NA,NA,NA,NA,1680,NA,NA,NA,NA,1250,NA,NA,NA,NA,750,NA,NA,NA,NA,NA,NA,NA,NA,NA,790,NA,NA,NA,NA,1230,NA,NA,NA,NA,NA,NA,NA,NA,NA,NA,NA,NA,NA,NA,NA,NA,NA,NA,NA,NA,NA,NA,NA,NA,NA,NA,NA,NA,NA,970,NA,NA,NA,NA,150,NA,NA,NA,NA,NA,NA,NA,NA,NA,1210,NA,NA,NA,NA,1630,NA,NA,NA,NA,1000,NA,NA,NA,NA
M17 [Vaccines],17.9,Vaccine - Hepatitis B,5. Total Stock,3030,NA,NA,NA,NA,600,NA,NA,NA,NA,210,NA,NA,NA,NA,NA,NA,NA,NA,NA,NA,NA,NA,NA,NA,540,NA,NA,NA,NA,20,NA,NA,NA,NA,200,NA,NA,NA,NA,0,NA,NA,NA,NA,NA,NA,NA,NA,NA,60,NA,NA,NA,NA,10,NA,NA,NA,NA,NA,NA,NA,NA,NA,NA,NA,NA,NA,NA,NA,NA,NA,NA,NA,NA,NA,NA,NA,NA,NA,NA,NA,NA,NA,110,NA,NA,NA,NA,850,NA,NA,NA,NA,NA,NA,NA,NA,NA,430,NA,NA,NA,NA,0,NA,NA,NA,NA,0,NA,NA,NA,NA
M17 [Vaccines],17.1,Vaccine - Typhoid,1. Balance From Previous Month,0,NA,NA,NA,NA,0,NA,NA,NA,NA,NA,NA,NA,NA,NA,NA,NA,NA,NA,NA,NA,NA,NA,NA,NA,0,NA,NA,NA,NA,0,NA,NA,NA,NA,NA,NA,NA,NA,NA,0,NA,NA,NA,NA,NA,NA,NA,NA,NA,0,NA,NA,NA,NA,NA,NA,NA,NA,NA,NA,NA,NA,NA,NA,NA,NA,NA,NA,NA,NA,NA,NA,NA,NA,NA,NA,NA,NA,NA,NA,NA,NA,NA,NA,NA,NA,NA,NA,NA,NA,NA,NA,NA,NA,NA,NA,NA,NA,NA,0,NA,NA,NA,NA,0,NA,NA,NA,NA,0,NA,NA,NA,NA
M17 [Vaccines],17.1,Vaccine - Typhoid,2. Stocks Received,0,NA,NA,NA,NA,0,NA,NA,NA,NA,NA,NA,NA,NA,NA,NA,NA,NA,NA,NA,NA,NA,NA,NA,NA,0,NA,NA,NA,NA,NA,NA,NA,NA,NA,NA,NA,NA,NA,NA,0,NA,NA,NA,NA,NA,NA,NA,NA,NA,0,NA,NA,NA,NA,NA,NA,NA,NA,NA,NA,NA,NA,NA,NA,NA,NA,NA,NA,NA,NA,NA,NA,NA,NA,NA,NA,NA,NA,NA,NA,NA,NA,NA,NA,NA,NA,NA,NA,NA,NA,NA,NA,NA,NA,NA,NA,NA,NA,NA,0,NA,NA,NA,NA,0,NA,NA,NA,NA,0,NA,NA,NA,NA
M17 [Vaccines],17.1,Vaccine - Typhoid,3. Unusable Stock,0,NA,NA,NA,NA,0,NA,NA,NA,NA,NA,NA,NA,NA,NA,NA,NA,NA,NA,NA,NA,NA,NA,NA,NA,0,NA,NA,NA,NA,NA,NA,NA,NA,NA,NA,NA,NA,NA,NA,0,NA,NA,NA,NA,NA,NA,NA,NA,NA,0,NA,NA,NA,NA,NA,NA,NA,NA,NA,NA,NA,NA,NA,NA,NA,NA,NA,NA,NA,NA,NA,NA,NA,NA,NA,NA,NA,NA,NA,NA,NA,NA,NA,NA,NA,NA,NA,NA,NA,NA,NA,NA,NA,NA,NA,NA,NA,NA,NA,NA,NA,NA,NA,NA,0,NA,NA,NA,NA,0,NA,NA,NA,NA
M17 [Vaccines],17.1,Vaccine - Typhoid,4. Stock Distributed,0,NA,NA,NA,NA,0,NA,NA,NA,NA,NA,NA,NA,NA,NA,NA,NA,NA,NA,NA,NA,NA,NA,NA,NA,0,NA,NA,NA,NA,NA,NA,NA,NA,NA,NA,NA,NA,NA,NA,0,NA,NA,NA,NA,NA,NA,NA,NA,NA,0,NA,NA,NA,NA,NA,NA,NA,NA,NA,NA,NA,NA,NA,NA,NA,NA,NA,NA,NA,NA,NA,NA,NA,NA,NA,NA,NA,NA,NA,NA,NA,NA,NA,NA,NA,NA,NA,NA,NA,NA,NA,NA,NA,NA,NA,NA,NA,NA,NA,0,NA,NA,NA,NA,0,NA,NA,NA,NA,0,NA,NA,NA,NA
M17 [Vaccines],17.1,Vaccine - Typhoid,5. Total Stock,0,NA,NA,NA,NA,0,NA,NA,NA,NA,NA,NA,NA,NA,NA,NA,NA,NA,NA,NA,NA,NA,NA,NA,NA,0,NA,NA,NA,NA,0,NA,NA,NA,NA,NA,NA,NA,NA,NA,0,NA,NA,NA,NA,NA,NA,NA,NA,NA,0,NA,NA,NA,NA,NA,NA,NA,NA,NA,NA,NA,NA,NA,NA,NA,NA,NA,NA,NA,NA,NA,NA,NA,NA,NA,NA,NA,NA,NA,NA,NA,NA,NA,NA,NA,NA,NA,NA,NA,NA,NA,NA,NA,NA,NA,NA,NA,NA,NA,0,NA,NA,NA,NA,0,NA,NA,NA,NA,0,NA,NA,NA,NA
M17 [Vaccines],17.11,Vaccine - Vitamin K,1. Balance From Previous Month,0,NA,NA,NA,NA,0,NA,NA,NA,NA,NA,NA,NA,NA,NA,NA,NA,NA,NA,NA,NA,NA,NA,NA,NA,0,NA,NA,NA,NA,0,NA,NA,NA,NA,NA,NA,NA,NA,NA,0,NA,NA,NA,NA,NA,NA,NA,NA,NA,0,NA,NA,NA,NA,NA,NA,NA,NA,NA,NA,NA,NA,NA,NA,NA,NA,NA,NA,NA,NA,NA,NA,NA,NA,NA,NA,NA,NA,NA,NA,NA,NA,NA,NA,NA,NA,NA,NA,NA,NA,NA,NA,NA,NA,NA,NA,NA,NA,NA,0,NA,NA,NA,NA,0,NA,NA,NA,NA,0,NA,NA,NA,NA
M17 [Vaccines],17.11,Vaccine - Vitamin K,2. Stocks Received,0,NA,NA,NA,NA,0,NA,NA,NA,NA,NA,NA,NA,NA,NA,NA,NA,NA,NA,NA,NA,NA,NA,NA,NA,0,NA,NA,NA,NA,NA,NA,NA,NA,NA,NA,NA,NA,NA,NA,0,NA,NA,NA,NA,NA,NA,NA,NA,NA,0,NA,NA,NA,NA,NA,NA,NA,NA,NA,NA,NA,NA,NA,NA,NA,NA,NA,NA,NA,NA,NA,NA,NA,NA,NA,NA,NA,NA,NA,NA,NA,NA,NA,NA,NA,NA,NA,NA,NA,NA,NA,NA,NA,NA,NA,NA,NA,NA,NA,0,NA,NA,NA,NA,0,NA,NA,NA,NA,0,NA,NA,NA,NA
M17 [Vaccines],17.11,Vaccine - Vitamin K,3. Unusable Stock,0,NA,NA,NA,NA,0,NA,NA,NA,NA,NA,NA,NA,NA,NA,NA,NA,NA,NA,NA,NA,NA,NA,NA,NA,0,NA,NA,NA,NA,NA,NA,NA,NA,NA,NA,NA,NA,NA,NA,0,NA,NA,NA,NA,NA,NA,NA,NA,NA,0,NA,NA,NA,NA,NA,NA,NA,NA,NA,NA,NA,NA,NA,NA,NA,NA,NA,NA,NA,NA,NA,NA,NA,NA,NA,NA,NA,NA,NA,NA,NA,NA,NA,NA,NA,NA,NA,NA,NA,NA,NA,NA,NA,NA,NA,NA,NA,NA,NA,NA,NA,NA,NA,NA,0,NA,NA,NA,NA,0,NA,NA,NA,NA
M17 [Vaccines],17.11,Vaccine - Vitamin K,4. Stock Distributed,0,NA,NA,NA,NA,0,NA,NA,NA,NA,NA,NA,NA,NA,NA,NA,NA,NA,NA,NA,NA,NA,NA,NA,NA,0,NA,NA,NA,NA,0,NA,NA,NA,NA,NA,NA,NA,NA,NA,0,NA,NA,NA,NA,NA,NA,NA,NA,NA,0,NA,NA,NA,NA,NA,NA,NA,NA,NA,NA,NA,NA,NA,NA,NA,NA,NA,NA,NA,NA,NA,NA,NA,NA,NA,NA,NA,NA,NA,NA,NA,NA,NA,NA,NA,NA,NA,NA,NA,NA,NA,NA,NA,NA,NA,NA,NA,NA,NA,0,NA,NA,NA,NA,0,NA,NA,NA,NA,0,NA,NA,NA,NA
M17 [Vaccines],17.11,Vaccine - Vitamin K,5. Total Stock,0,NA,NA,NA,NA,0,NA,NA,NA,NA,NA,NA,NA,NA,NA,NA,NA,NA,NA,NA,NA,NA,NA,NA,NA,0,NA,NA,NA,NA,0,NA,NA,NA,NA,NA,NA,NA,NA,NA,0,NA,NA,NA,NA,NA,NA,NA,NA,NA,0,NA,NA,NA,NA,NA,NA,NA,NA,NA,NA,NA,NA,NA,NA,NA,NA,NA,NA,NA,NA,NA,NA,NA,NA,NA,NA,NA,NA,NA,NA,NA,NA,NA,NA,NA,NA,NA,NA,NA,NA,NA,NA,NA,NA,NA,NA,NA,NA,NA,0,NA,NA,NA,NA,0,NA,NA,NA,NA,0,NA,NA,NA,NA
M17 [Vaccines],17.12,Rotavirus,1. Balance From Previous Month,118340,NA,NA,NA,NA,11470,NA,NA,NA,NA,3300,NA,NA,NA,NA,NA,NA,NA,NA,NA,5950,NA,NA,NA,NA,5600,NA,NA,NA,NA,3300,NA,NA,NA,NA,6870,NA,NA,NA,NA,10170,NA,NA,NA,NA,NA,NA,NA,NA,NA,3100,NA,NA,NA,NA,12900,NA,NA,NA,NA,NA,NA,NA,NA,NA,NA,NA,NA,NA,NA,NA,NA,NA,NA,NA,NA,NA,NA,NA,NA,NA,NA,NA,NA,NA,7810,NA,NA,NA,NA,8700,NA,NA,NA,NA,NA,NA,NA,NA,NA,10300,NA,NA,NA,NA,12820,NA,NA,NA,NA,16050,NA,NA,NA,NA
M17 [Vaccines],17.12,Rotavirus,2. Stocks Received,223600,NA,NA,NA,NA,13500,NA,NA,NA,NA,21300,NA,NA,NA,NA,NA,NA,NA,NA,NA,21000,NA,NA,NA,NA,12300,NA,NA,NA,NA,18000,NA,NA,NA,NA,16600,NA,NA,NA,NA,11400,NA,NA,NA,NA,NA,NA,NA,NA,NA,16200,NA,NA,NA,NA,21600,NA,NA,NA,NA,NA,NA,NA,NA,NA,NA,NA,NA,NA,NA,NA,NA,NA,NA,NA,NA,NA,NA,NA,NA,NA,NA,NA,NA,NA,14400,NA,NA,NA,NA,10500,NA,NA,NA,NA,NA,NA,NA,NA,NA,15000,NA,NA,NA,NA,17400,NA,NA,NA,NA,14400,NA,NA,NA,NA
M17 [Vaccines],17.12,Rotavirus,3. Unusable Stock,19920,NA,NA,NA,NA,0,NA,NA,NA,NA,0,NA,NA,NA,NA,NA,NA,NA,NA,NA,NA,NA,NA,NA,NA,0,NA,NA,NA,NA,NA,NA,NA,NA,NA,NA,NA,NA,NA,NA,0,NA,NA,NA,NA,NA,NA,NA,NA,NA,0,NA,NA,NA,NA,NA,NA,NA,NA,NA,NA,NA,NA,NA,NA,NA,NA,NA,NA,NA,NA,NA,NA,NA,NA,NA,NA,NA,NA,NA,NA,NA,NA,NA,NA,0,NA,NA,NA,NA,0,NA,NA,NA,NA,NA,NA,NA,NA,NA,0,NA,NA,NA,NA,19920,NA,NA,NA,NA,0,NA,NA,NA,NA
M17 [Vaccines],17.12,Rotavirus,4. Stock Distributed,152260,NA,NA,NA,NA,10700,NA,NA,NA,NA,12400,NA,NA,NA,NA,NA,NA,NA,NA,NA,13650,NA,NA,NA,NA,9400,NA,NA,NA,NA,12600,NA,NA,NA,NA,5120,NA,NA,NA,NA,11000,NA,NA,NA,NA,NA,NA,NA,NA,NA,10700,NA,NA,NA,NA,12300,NA,NA,NA,NA,NA,NA,NA,NA,NA,NA,NA,NA,NA,NA,NA,NA,NA,NA,NA,NA,NA,NA,NA,NA,NA,NA,NA,NA,NA,8920,NA,NA,NA,NA,9170,NA,NA,NA,NA,NA,NA,NA,NA,NA,13100,NA,NA,NA,NA,10300,NA,NA,NA,NA,12900,NA,NA,NA,NA
M17 [Vaccines],17.12,Rotavirus,5. Total Stock,169760,NA,NA,NA,NA,14270,NA,NA,NA,NA,12200,NA,NA,NA,NA,NA,NA,NA,NA,NA,13300,NA,NA,NA,NA,8500,NA,NA,NA,NA,8700,NA,NA,NA,NA,18350,NA,NA,NA,NA,10570,NA,NA,NA,NA,NA,NA,NA,NA,NA,8600,NA,NA,NA,NA,22200,NA,NA,NA,NA,NA,NA,NA,NA,NA,NA,NA,NA,NA,NA,NA,NA,NA,NA,NA,NA,NA,NA,NA,NA,NA,NA,NA,NA,NA,13290,NA,NA,NA,NA,10030,NA,NA,NA,NA,NA,NA,NA,NA,NA,12200,NA,NA,NA,NA,0,NA,NA,NA,NA,17550,NA,NA,NA,NA
M17 [Vaccines],17.13,Inactivated Polio Vaccine,1. Balance From Previous Month,822,NA,NA,NA,NA,199,NA,NA,NA,NA,1,NA,NA,NA,NA,NA,NA,NA,NA,NA,NA,NA,NA,NA,NA,30,NA,NA,NA,NA,50,NA,NA,NA,NA,76,NA,NA,NA,NA,100,NA,NA,NA,NA,NA,NA,NA,NA,NA,149,NA,NA,NA,NA,12,NA,NA,NA,NA,NA,NA,NA,NA,NA,NA,NA,NA,NA,NA,NA,NA,NA,NA,NA,NA,NA,NA,NA,NA,NA,NA,NA,NA,NA,48,NA,NA,NA,NA,NA,NA,NA,NA,NA,NA,NA,NA,NA,NA,12,NA,NA,NA,NA,0,NA,NA,NA,NA,145,NA,NA,NA,NA
M17 [Vaccines],17.13,Inactivated Polio Vaccine,2. Stocks Received,9592,NA,NA,NA,NA,150,NA,NA,NA,NA,300,NA,NA,NA,NA,NA,NA,NA,NA,NA,280,NA,NA,NA,NA,750,NA,NA,NA,NA,240,NA,NA,NA,NA,242,NA,NA,NA,NA,6250,NA,NA,NA,NA,NA,NA,NA,NA,NA,170,NA,NA,NA,NA,270,NA,NA,NA,NA,NA,NA,NA,NA,NA,NA,NA,NA,NA,NA,NA,NA,NA,NA,NA,NA,NA,NA,NA,NA,NA,NA,NA,NA,NA,200,NA,NA,NA,NA,NA,NA,NA,NA,NA,NA,NA,NA,NA,NA,200,NA,NA,NA,NA,300,NA,NA,NA,NA,240,NA,NA,NA,NA
M17 [Vaccines],17.13,Inactivated Polio Vaccine,3. Unusable Stock,0,NA,NA,NA,NA,0,NA,NA,NA,NA,0,NA,NA,NA,NA,NA,NA,NA,NA,NA,NA,NA,NA,NA,NA,0,NA,NA,NA,NA,NA,NA,NA,NA,NA,NA,NA,NA,NA,NA,0,NA,NA,NA,NA,NA,NA,NA,NA,NA,0,NA,NA,NA,NA,NA,NA,NA,NA,NA,NA,NA,NA,NA,NA,NA,NA,NA,NA,NA,NA,NA,NA,NA,NA,NA,NA,NA,NA,NA,NA,NA,NA,NA,NA,0,NA,NA,NA,NA,NA,NA,NA,NA,NA,NA,NA,NA,NA,NA,0,NA,NA,NA,NA,0,NA,NA,NA,NA,0,NA,NA,NA,NA
M17 [Vaccines],17.13,Inactivated Polio Vaccine,4. Stock Distributed,8243,NA,NA,NA,NA,152,NA,NA,NA,NA,173,NA,NA,NA,NA,NA,NA,NA,NA,NA,280,NA,NA,NA,NA,780,NA,NA,NA,NA,239,NA,NA,NA,NA,99,NA,NA,NA,NA,5250,NA,NA,NA,NA,NA,NA,NA,NA,NA,230,NA,NA,NA,NA,200,NA,NA,NA,NA,NA,NA,NA,NA,NA,NA,NA,NA,NA,NA,NA,NA,NA,NA,NA,NA,NA,NA,NA,NA,NA,NA,NA,NA,NA,194,NA,NA,NA,NA,NA,NA,NA,NA,NA,NA,NA,NA,NA,NA,140,NA,NA,NA,NA,300,NA,NA,NA,NA,206,NA,NA,NA,NA
M17 [Vaccines],17.13,Inactivated Polio Vaccine,5. Total Stock,2171,NA,NA,NA,NA,197,NA,NA,NA,NA,128,NA,NA,NA,NA,NA,NA,NA,NA,NA,NA,NA,NA,NA,NA,0,NA,NA,NA,NA,51,NA,NA,NA,NA,219,NA,NA,NA,NA,1100,NA,NA,NA,NA,NA,NA,NA,NA,NA,89,NA,NA,NA,NA,82,NA,NA,NA,NA,NA,NA,NA,NA,NA,NA,NA,NA,NA,NA,NA,NA,NA,NA,NA,NA,NA,NA,NA,NA,NA,NA,NA,NA,NA,54,NA,NA,NA,NA,NA,NA,NA,NA,NA,NA,NA,NA,NA,NA,72,NA,NA,NA,NA,0,NA,NA,NA,NA,179,NA,NA,NA,NA
M17 [Vaccines],17.14,Measles Rubella (MR),1. Balance From Previous Month,36760,NA,NA,NA,NA,11200,NA,NA,NA,NA,150,NA,NA,NA,NA,NA,NA,NA,NA,NA,2250,NA,NA,NA,NA,650,NA,NA,NA,NA,1500,NA,NA,NA,NA,NA,NA,NA,NA,NA,1260,NA,NA,NA,NA,NA,NA,NA,NA,NA,3750,NA,NA,NA,NA,4550,NA,NA,NA,NA,NA,NA,NA,NA,NA,NA,NA,NA,NA,NA,NA,NA,NA,NA,NA,NA,NA,NA,NA,NA,NA,NA,NA,NA,NA,1350,NA,NA,NA,NA,1100,NA,NA,NA,NA,NA,NA,NA,NA,NA,600,NA,NA,NA,NA,1650,NA,NA,NA,NA,6750,NA,NA,NA,NA
M17 [Vaccines],17.14,Measles Rubella (MR),2. Stocks Received,141900,NA,NA,NA,NA,0,NA,NA,NA,NA,11500,NA,NA,NA,NA,NA,NA,NA,NA,NA,16000,NA,NA,NA,NA,7000,NA,NA,NA,NA,12000,NA,NA,NA,NA,15400,NA,NA,NA,NA,7000,NA,NA,NA,NA,NA,NA,NA,NA,NA,11000,NA,NA,NA,NA,16500,NA,NA,NA,NA,NA,NA,NA,NA,NA,NA,NA,NA,NA,NA,NA,NA,NA,NA,NA,NA,NA,NA,NA,NA,NA,NA,NA,NA,NA,10000,NA,NA,NA,NA,6500,NA,NA,NA,NA,NA,NA,NA,NA,NA,9000,NA,NA,NA,NA,11000,NA,NA,NA,NA,9000,NA,NA,NA,NA
M17 [Vaccines],17.14,Measles Rubella (MR),3. Unusable Stock,6700,NA,NA,NA,NA,0,NA,NA,NA,NA,0,NA,NA,NA,NA,NA,NA,NA,NA,NA,NA,NA,NA,NA,NA,0,NA,NA,NA,NA,NA,NA,NA,NA,NA,NA,NA,NA,NA,NA,0,NA,NA,NA,NA,NA,NA,NA,NA,NA,0,NA,NA,NA,NA,NA,NA,NA,NA,NA,NA,NA,NA,NA,NA,NA,NA,NA,NA,NA,NA,NA,NA,NA,NA,NA,NA,NA,NA,NA,NA,NA,NA,NA,NA,0,NA,NA,NA,NA,0,NA,NA,NA,NA,NA,NA,NA,NA,NA,0,NA,NA,NA,NA,6700,NA,NA,NA,NA,0,NA,NA,NA,NA
M17 [Vaccines],17.14,Measles Rubella (MR),4. Stock Distributed,84200,NA,NA,NA,NA,3500,NA,NA,NA,NA,6450,NA,NA,NA,NA,NA,NA,NA,NA,NA,10480,NA,NA,NA,NA,4350,NA,NA,NA,NA,10800,NA,NA,NA,NA,4000,NA,NA,NA,NA,3260,NA,NA,NA,NA,NA,NA,NA,NA,NA,7250,NA,NA,NA,NA,8950,NA,NA,NA,NA,NA,NA,NA,NA,NA,NA,NA,NA,NA,NA,NA,NA,NA,NA,NA,NA,NA,NA,NA,NA,NA,NA,NA,NA,NA,3840,NA,NA,NA,NA,1520,NA,NA,NA,NA,NA,NA,NA,NA,NA,6100,NA,NA,NA,NA,5950,NA,NA,NA,NA,7750,NA,NA,NA,NA
M17 [Vaccines],17.14,Measles Rubella (MR),5. Total Stock,87760,NA,NA,NA,NA,7700,NA,NA,NA,NA,5200,NA,NA,NA,NA,NA,NA,NA,NA,NA,7770,NA,NA,NA,NA,3300,NA,NA,NA,NA,2700,NA,NA,NA,NA,11400,NA,NA,NA,NA,5000,NA,NA,NA,NA,NA,NA,NA,NA,NA,7500,NA,NA,NA,NA,12100,NA,NA,NA,NA,NA,NA,NA,NA,NA,NA,NA,NA,NA,NA,NA,NA,NA,NA,NA,NA,NA,NA,NA,NA,NA,NA,NA,NA,NA,7510,NA,NA,NA,NA,6080,NA,NA,NA,NA,NA,NA,NA,NA,NA,3500,NA,NA,NA,NA,0,NA,NA,NA,NA,8000,NA,NA,NA,NA
M18 [Family Planning],18.1,IUD 380 A,1. Balance From Previous Month,16996,NA,NA,NA,NA,646,NA,NA,NA,NA,6100,NA,NA,NA,NA,NA,NA,NA,NA,NA,2400,NA,NA,NA,NA,NA,NA,NA,NA,NA,550,NA,NA,NA,NA,0,NA,NA,NA,NA,0,NA,NA,NA,NA,0,NA,NA,NA,NA,600,NA,NA,NA,NA,NA,NA,NA,NA,NA,NA,NA,NA,NA,NA,NA,NA,NA,NA,NA,NA,NA,NA,NA,NA,NA,NA,NA,NA,NA,NA,NA,NA,NA,NA,NA,NA,NA,NA,NA,4300,NA,NA,NA,NA,NA,NA,NA,NA,NA,2400,NA,NA,NA,NA,0,NA,NA,NA,NA,NA,NA,NA,NA,NA
M18 [Family Planning],18.1,IUD 380 A,2. Stocks Received,3600,NA,NA,NA,NA,0,NA,NA,NA,NA,0,NA,NA,NA,NA,NA,NA,NA,NA,NA,NA,NA,NA,NA,NA,NA,NA,NA,NA,NA,NA,NA,NA,NA,NA,NA,NA,NA,NA,NA,0,NA,NA,NA,NA,1800,NA,NA,NA,NA,1800,NA,NA,NA,NA,NA,NA,NA,NA,NA,NA,NA,NA,NA,NA,NA,NA,NA,NA,NA,NA,NA,NA,NA,NA,NA,NA,NA,NA,NA,NA,NA,NA,NA,NA,NA,NA,NA,NA,NA,0,NA,NA,NA,NA,NA,NA,NA,NA,NA,0,NA,NA,NA,NA,0,NA,NA,NA,NA,NA,NA,NA,NA,NA
M18 [Family Planning],18.1,IUD 380 A,3. Unusable Stock,0,NA,NA,NA,NA,0,NA,NA,NA,NA,0,NA,NA,NA,NA,NA,NA,NA,NA,NA,NA,NA,NA,NA,NA,NA,NA,NA,NA,NA,NA,NA,NA,NA,NA,NA,NA,NA,NA,NA,0,NA,NA,NA,NA,0,NA,NA,NA,NA,0,NA,NA,NA,NA,NA,NA,NA,NA,NA,NA,NA,NA,NA,NA,NA,NA,NA,NA,NA,NA,NA,NA,NA,NA,NA,NA,NA,NA,NA,NA,NA,NA,NA,NA,NA,NA,NA,NA,NA,0,NA,NA,NA,NA,NA,NA,NA,NA,NA,0,NA,NA,NA,NA,0,NA,NA,NA,NA,NA,NA,NA,NA,NA
M18 [Family Planning],18.1,IUD 380 A,4. Stock Distributed,4880,NA,NA,NA,NA,600,NA,NA,NA,NA,0,NA,NA,NA,NA,NA,NA,NA,NA,NA,1530,NA,NA,NA,NA,NA,NA,NA,NA,NA,300,NA,NA,NA,NA,0,NA,NA,NA,NA,0,NA,NA,NA,NA,600,NA,NA,NA,NA,200,NA,NA,NA,NA,NA,NA,NA,NA,NA,NA,NA,NA,NA,NA,NA,NA,NA,NA,NA,NA,NA,NA,NA,NA,NA,NA,NA,NA,NA,NA,NA,NA,NA,NA,NA,NA,NA,NA,NA,750,NA,NA,NA,NA,NA,NA,NA,NA,NA,900,NA,NA,NA,NA,0,NA,NA,NA,NA,NA,NA,NA,NA,NA
M18 [Family Planning],18.1,IUD 380 A,5. Total Stock,15716,NA,NA,NA,NA,46,NA,NA,NA,NA,6100,NA,NA,NA,NA,NA,NA,NA,NA,NA,870,NA,NA,NA,NA,0,NA,NA,NA,NA,250,NA,NA,NA,NA,0,NA,NA,NA,NA,0,NA,NA,NA,NA,1200,NA,NA,NA,NA,2200,NA,NA,NA,NA,0,NA,NA,NA,NA,NA,NA,NA,NA,NA,NA,NA,NA,NA,NA,0,NA,NA,NA,NA,NA,NA,NA,NA,NA,NA,NA,NA,NA,NA,0,NA,NA,NA,NA,3550,NA,NA,NA,NA,NA,NA,NA,NA,NA,1500,NA,NA,NA,NA,0,NA,NA,NA,NA,0,NA,NA,NA,NA
M18 [Family Planning],18.2,IUD 375 A,1. Balance From Previous Month,12400,NA,NA,NA,NA,0,NA,NA,NA,NA,1800,NA,NA,NA,NA,NA,NA,NA,NA,NA,6000,NA,NA,NA,NA,NA,NA,NA,NA,NA,850,NA,NA,NA,NA,0,NA,NA,NA,NA,700,NA,NA,NA,NA,0,NA,NA,NA,NA,400,NA,NA,NA,NA,NA,NA,NA,NA,NA,NA,NA,NA,NA,NA,NA,NA,NA,NA,NA,NA,NA,NA,NA,NA,NA,NA,NA,NA,NA,NA,NA,NA,NA,NA,NA,NA,NA,NA,NA,1450,NA,NA,NA,NA,NA,NA,NA,NA,NA,1200,NA,NA,NA,NA,0,NA,NA,NA,NA,NA,NA,NA,NA,NA
M18 [Family Planning],18.2,IUD 375 A,2. Stocks Received,1800,NA,NA,NA,NA,0,NA,NA,NA,NA,0,NA,NA,NA,NA,NA,NA,NA,NA,NA,NA,NA,NA,NA,NA,NA,NA,NA,NA,NA,NA,NA,NA,NA,NA,NA,NA,NA,NA,NA,0,NA,NA,NA,NA,1800,NA,NA,NA,NA,0,NA,NA,NA,NA,NA,NA,NA,NA,NA,NA,NA,NA,NA,NA,NA,NA,NA,NA,NA,NA,NA,NA,NA,NA,NA,NA,NA,NA,NA,NA,NA,NA,NA,NA,NA,NA,NA,NA,NA,0,NA,NA,NA,NA,NA,NA,NA,NA,NA,0,NA,NA,NA,NA,0,NA,NA,NA,NA,NA,NA,NA,NA,NA
M18 [Family Planning],18.2,IUD 375 A,3. Unusable Stock,0,NA,NA,NA,NA,0,NA,NA,NA,NA,0,NA,NA,NA,NA,NA,NA,NA,NA,NA,NA,NA,NA,NA,NA,NA,NA,NA,NA,NA,NA,NA,NA,NA,NA,NA,NA,NA,NA,NA,0,NA,NA,NA,NA,0,NA,NA,NA,NA,0,NA,NA,NA,NA,NA,NA,NA,NA,NA,NA,NA,NA,NA,NA,NA,NA,NA,NA,NA,NA,NA,NA,NA,NA,NA,NA,NA,NA,NA,NA,NA,NA,NA,NA,NA,NA,NA,NA,NA,0,NA,NA,NA,NA,NA,NA,NA,NA,NA,0,NA,NA,NA,NA,0,NA,NA,NA,NA,NA,NA,NA,NA,NA
M18 [Family Planning],18.2,IUD 375 A,4. Stock Distributed,2980,NA,NA,NA,NA,0,NA,NA,NA,NA,0,NA,NA,NA,NA,NA,NA,NA,NA,NA,730,NA,NA,NA,NA,NA,NA,NA,NA,NA,350,NA,NA,NA,NA,0,NA,NA,NA,NA,700,NA,NA,NA,NA,600,NA,NA,NA,NA,200,NA,NA,NA,NA,NA,NA,NA,NA,NA,NA,NA,NA,NA,NA,NA,NA,NA,NA,NA,NA,NA,NA,NA,NA,NA,NA,NA,NA,NA,NA,NA,NA,NA,NA,NA,NA,NA,NA,NA,200,NA,NA,NA,NA,NA,NA,NA,NA,NA,200,NA,NA,NA,NA,0,NA,NA,NA,NA,NA,NA,NA,NA,NA
M18 [Family Planning],18.2,IUD 375 A,5. Total Stock,11220,NA,NA,NA,NA,0,NA,NA,NA,NA,1800,NA,NA,NA,NA,NA,NA,NA,NA,NA,5270,NA,NA,NA,NA,0,NA,NA,NA,NA,500,NA,NA,NA,NA,0,NA,NA,NA,NA,0,NA,NA,NA,NA,1200,NA,NA,NA,NA,200,NA,NA,NA,NA,0,NA,NA,NA,NA,NA,NA,NA,NA,NA,NA,NA,NA,NA,NA,0,NA,NA,NA,NA,NA,NA,NA,NA,NA,NA,NA,NA,NA,NA,0,NA,NA,NA,NA,1250,NA,NA,NA,NA,NA,NA,NA,NA,NA,1000,NA,NA,NA,NA,0,NA,NA,NA,NA,0,NA,NA,NA,NA
M18 [Family Planning],18.3,Condoms,1. Balance From Previous Month,1404460,NA,NA,NA,NA,0,NA,NA,NA,NA,679590,NA,NA,NA,NA,NA,NA,NA,NA,NA,27000,NA,NA,NA,NA,NA,NA,NA,NA,NA,170480,NA,NA,NA,NA,0,NA,NA,NA,NA,114250,NA,NA,NA,NA,162480,NA,NA,NA,NA,25830,NA,NA,NA,NA,NA,NA,NA,NA,NA,NA,NA,NA,NA,NA,NA,NA,NA,NA,NA,NA,NA,NA,NA,NA,NA,NA,NA,NA,NA,NA,NA,NA,NA,NA,NA,NA,NA,NA,NA,0,NA,NA,NA,NA,NA,NA,NA,NA,NA,224830,NA,NA,NA,NA,0,NA,NA,NA,NA,NA,NA,NA,NA,NA
M18 [Family Planning],18.3,Condoms,2. Stocks Received,97200,NA,NA,NA,NA,0,NA,NA,NA,NA,0,NA,NA,NA,NA,NA,NA,NA,NA,NA,NA,NA,NA,NA,NA,NA,NA,NA,NA,NA,0,NA,NA,NA,NA,NA,NA,NA,NA,NA,0,NA,NA,NA,NA,21600,NA,NA,NA,NA,21600,NA,NA,NA,NA,NA,NA,NA,NA,NA,NA,NA,NA,NA,NA,NA,NA,NA,NA,NA,NA,NA,NA,NA,NA,NA,NA,NA,NA,NA,NA,NA,NA,NA,NA,NA,NA,NA,NA,NA,27000,NA,NA,NA,NA,NA,NA,NA,NA,NA,27000,NA,NA,NA,NA,0,NA,NA,NA,NA,NA,NA,NA,NA,NA
M18 [Family Planning],18.3,Condoms,3. Unusable Stock,27000,NA,NA,NA,NA,0,NA,NA,NA,NA,0,NA,NA,NA,NA,NA,NA,NA,NA,NA,NA,NA,NA,NA,NA,NA,NA,NA,NA,NA,NA,NA,NA,NA,NA,NA,NA,NA,NA,NA,0,NA,NA,NA,NA,0,NA,NA,NA,NA,0,NA,NA,NA,NA,NA,NA,NA,NA,NA,NA,NA,NA,NA,NA,NA,NA,NA,NA,NA,NA,NA,NA,NA,NA,NA,NA,NA,NA,NA,NA,NA,NA,NA,NA,NA,NA,NA,NA,NA,27000,NA,NA,NA,NA,NA,NA,NA,NA,NA,0,NA,NA,NA,NA,0,NA,NA,NA,NA,NA,NA,NA,NA,NA
M18 [Family Planning],18.3,Condoms,4. Stock Distributed,187280,NA,NA,NA,NA,0,NA,NA,NA,NA,55310,NA,NA,NA,NA,NA,NA,NA,NA,NA,26850,NA,NA,NA,NA,NA,NA,NA,NA,NA,37260,NA,NA,NA,NA,0,NA,NA,NA,NA,46260,NA,NA,NA,NA,0,NA,NA,NA,NA,0,NA,NA,NA,NA,NA,NA,NA,NA,NA,NA,NA,NA,NA,NA,NA,NA,NA,NA,NA,NA,NA,NA,NA,NA,NA,NA,NA,NA,NA,NA,NA,NA,NA,NA,NA,NA,NA,NA,NA,21600,NA,NA,NA,NA,NA,NA,NA,NA,NA,0,NA,NA,NA,NA,0,NA,NA,NA,NA,NA,NA,NA,NA,NA
M18 [Family Planning],18.3,Condoms,5. Total Stock,1287380,NA,NA,NA,NA,0,NA,NA,NA,NA,624280,NA,NA,NA,NA,NA,NA,NA,NA,NA,150,NA,NA,NA,NA,0,NA,NA,NA,NA,133220,NA,NA,NA,NA,0,NA,NA,NA,NA,67990,NA,NA,NA,NA,184080,NA,NA,NA,NA,47430,NA,NA,NA,NA,0,NA,NA,NA,NA,NA,NA,NA,NA,NA,NA,NA,NA,NA,NA,0,NA,NA,NA,NA,NA,NA,NA,NA,NA,NA,NA,NA,NA,NA,0,NA,NA,NA,NA,-21600,NA,NA,NA,NA,NA,NA,NA,NA,NA,251830,NA,NA,NA,NA,0,NA,NA,NA,NA,0,NA,NA,NA,NA
M18 [Family Planning],18.4,Oral Contraceptive,1. Balance From Previous Month,56000,NA,NA,NA,NA,9000,NA,NA,NA,NA,11200,NA,NA,NA,NA,NA,NA,NA,NA,NA,9000,NA,NA,NA,NA,NA,NA,NA,NA,NA,8600,NA,NA,NA,NA,0,NA,NA,NA,NA,4400,NA,NA,NA,NA,800,NA,NA,NA,NA,8000,NA,NA,NA,NA,NA,NA,NA,NA,NA,NA,NA,NA,NA,NA,NA,NA,NA,NA,NA,NA,NA,NA,NA,NA,NA,NA,NA,NA,NA,NA,NA,NA,NA,NA,NA,NA,NA,NA,NA,5000,NA,NA,NA,NA,NA,NA,NA,NA,NA,0,NA,NA,NA,NA,0,NA,NA,NA,NA,NA,NA,NA,NA,NA
M18 [Family Planning],18.4,Oral Contraceptive,2. Stocks Received,9000,NA,NA,NA,NA,0,NA,NA,NA,NA,0,NA,NA,NA,NA,NA,NA,NA,NA,NA,NA,NA,NA,NA,NA,NA,NA,NA,NA,NA,0,NA,NA,NA,NA,NA,NA,NA,NA,NA,0,NA,NA,NA,NA,0,NA,NA,NA,NA,0,NA,NA,NA,NA,NA,NA,NA,NA,NA,NA,NA,NA,NA,NA,NA,NA,NA,NA,NA,NA,NA,NA,NA,NA,NA,NA,NA,NA,NA,NA,NA,NA,NA,NA,NA,NA,NA,NA,NA,9000,NA,NA,NA,NA,NA,NA,NA,NA,NA,0,NA,NA,NA,NA,0,NA,NA,NA,NA,NA,NA,NA,NA,NA
M18 [Family Planning],18.4,Oral Contraceptive,3. Unusable Stock,14000,NA,NA,NA,NA,0,NA,NA,NA,NA,0,NA,NA,NA,NA,NA,NA,NA,NA,NA,NA,NA,NA,NA,NA,NA,NA,NA,NA,NA,NA,NA,NA,NA,NA,NA,NA,NA,NA,NA,0,NA,NA,NA,NA,0,NA,NA,NA,NA,0,NA,NA,NA,NA,NA,NA,NA,NA,NA,NA,NA,NA,NA,NA,NA,NA,NA,NA,NA,NA,NA,NA,NA,NA,NA,NA,NA,NA,NA,NA,NA,NA,NA,NA,NA,NA,NA,NA,NA,14000,NA,NA,NA,NA,NA,NA,NA,NA,NA,0,NA,NA,NA,NA,0,NA,NA,NA,NA,NA,NA,NA,NA,NA
M18 [Family Planning],18.4,Oral Contraceptive,4. Stock Distributed,15400,NA,NA,NA,NA,0,NA,NA,NA,NA,500,NA,NA,NA,NA,NA,NA,NA,NA,NA,5000,NA,NA,NA,NA,NA,NA,NA,NA,NA,4400,NA,NA,NA,NA,0,NA,NA,NA,NA,0,NA,NA,NA,NA,500,NA,NA,NA,NA,0,NA,NA,NA,NA,NA,NA,NA,NA,NA,NA,NA,NA,NA,NA,NA,NA,NA,NA,NA,NA,NA,NA,NA,NA,NA,NA,NA,NA,NA,NA,NA,NA,NA,NA,NA,NA,NA,NA,NA,5000,NA,NA,NA,NA,NA,NA,NA,NA,NA,0,NA,NA,NA,NA,0,NA,NA,NA,NA,NA,NA,NA,NA,NA
M18 [Family Planning],18.4,Oral Contraceptive,5. Total Stock,35600,NA,NA,NA,NA,9000,NA,NA,NA,NA,10700,NA,NA,NA,NA,NA,NA,NA,NA,NA,4000,NA,NA,NA,NA,0,NA,NA,NA,NA,4200,NA,NA,NA,NA,0,NA,NA,NA,NA,4400,NA,NA,NA,NA,300,NA,NA,NA,NA,8000,NA,NA,NA,NA,0,NA,NA,NA,NA,NA,NA,NA,NA,NA,NA,NA,NA,NA,NA,0,NA,NA,NA,NA,NA,NA,NA,NA,NA,NA,NA,NA,NA,NA,0,NA,NA,NA,NA,-5000,NA,NA,NA,NA,NA,NA,NA,NA,NA,0,NA,NA,NA,NA,0,NA,NA,NA,NA,0,NA,NA,NA,NA
M18 [Family Planning],18.5,Emergency Contraceptive Pills,1. Balance From Previous Month,1275,NA,NA,NA,NA,0,NA,NA,NA,NA,0,NA,NA,NA,NA,NA,NA,NA,NA,NA,NA,NA,NA,NA,NA,NA,NA,NA,NA,NA,550,NA,NA,NA,NA,0,NA,NA,NA,NA,0,NA,NA,NA,NA,175,NA,NA,NA,NA,300,NA,NA,NA,NA,NA,NA,NA,NA,NA,NA,NA,NA,NA,NA,NA,NA,NA,NA,NA,NA,NA,NA,NA,NA,NA,NA,NA,NA,NA,NA,NA,NA,NA,NA,NA,NA,NA,NA,NA,NA,NA,NA,NA,NA,NA,NA,NA,NA,NA,250,NA,NA,NA,NA,0,NA,NA,NA,NA,NA,NA,NA,NA,NA
M18 [Family Planning],18.5,Emergency Contraceptive Pills,2. Stocks Received,500,NA,NA,NA,NA,200,NA,NA,NA,NA,300,NA,NA,NA,NA,NA,NA,NA,NA,NA,NA,NA,NA,NA,NA,NA,NA,NA,NA,NA,0,NA,NA,NA,NA,NA,NA,NA,NA,NA,0,NA,NA,NA,NA,0,NA,NA,NA,NA,0,NA,NA,NA,NA,NA,NA,NA,NA,NA,NA,NA,NA,NA,NA,NA,NA,NA,NA,NA,NA,NA,NA,NA,NA,NA,NA,NA,NA,NA,NA,NA,NA,NA,NA,NA,NA,NA,NA,NA,NA,NA,NA,NA,NA,NA,NA,NA,NA,NA,0,NA,NA,NA,NA,0,NA,NA,NA,NA,NA,NA,NA,NA,NA
M18 [Family Planning],18.5,Emergency Contraceptive Pills,3. Unusable Stock,0,NA,NA,NA,NA,0,NA,NA,NA,NA,0,NA,NA,NA,NA,NA,NA,NA,NA,NA,NA,NA,NA,NA,NA,NA,NA,NA,NA,NA,NA,NA,NA,NA,NA,NA,NA,NA,NA,NA,0,NA,NA,NA,NA,0,NA,NA,NA,NA,0,NA,NA,NA,NA,NA,NA,NA,NA,NA,NA,NA,NA,NA,NA,NA,NA,NA,NA,NA,NA,NA,NA,NA,NA,NA,NA,NA,NA,NA,NA,NA,NA,NA,NA,NA,NA,NA,NA,NA,NA,NA,NA,NA,NA,NA,NA,NA,NA,NA,0,NA,NA,NA,NA,0,NA,NA,NA,NA,NA,NA,NA,NA,NA
M18 [Family Planning],18.5,Emergency Contraceptive Pills,4. Stock Distributed,25,NA,NA,NA,NA,0,NA,NA,NA,NA,0,NA,NA,NA,NA,NA,NA,NA,NA,NA,NA,NA,NA,NA,NA,NA,NA,NA,NA,NA,0,NA,NA,NA,NA,0,NA,NA,NA,NA,0,NA,NA,NA,NA,25,NA,NA,NA,NA,0,NA,NA,NA,NA,NA,NA,NA,NA,NA,NA,NA,NA,NA,NA,NA,NA,NA,NA,NA,NA,NA,NA,NA,NA,NA,NA,NA,NA,NA,NA,NA,NA,NA,NA,NA,NA,NA,NA,NA,NA,NA,NA,NA,NA,NA,NA,NA,NA,NA,0,NA,NA,NA,NA,0,NA,NA,NA,NA,NA,NA,NA,NA,NA
M18 [Family Planning],18.5,Emergency Contraceptive Pills,5. Total Stock,1750,NA,NA,NA,NA,200,NA,NA,NA,NA,300,NA,NA,NA,NA,NA,NA,NA,NA,NA,0,NA,NA,NA,NA,0,NA,NA,NA,NA,550,NA,NA,NA,NA,0,NA,NA,NA,NA,0,NA,NA,NA,NA,150,NA,NA,NA,NA,300,NA,NA,NA,NA,0,NA,NA,NA,NA,NA,NA,NA,NA,NA,NA,NA,NA,NA,NA,0,NA,NA,NA,NA,NA,NA,NA,NA,NA,NA,NA,NA,NA,NA,0,NA,NA,NA,NA,0,NA,NA,NA,NA,NA,NA,NA,NA,NA,250,NA,NA,NA,NA,0,NA,NA,NA,NA,0,NA,NA,NA,NA
M18 [Family Planning],18.6,Centchroman weekly pills,1. Balance From Previous Month,5104,NA,NA,NA,NA,0,NA,NA,NA,NA,0,NA,NA,NA,NA,NA,NA,NA,NA,NA,NA,NA,NA,NA,NA,NA,NA,NA,NA,NA,325,NA,NA,NA,NA,0,NA,NA,NA,NA,0,NA,NA,NA,NA,150,NA,NA,NA,NA,4604,NA,NA,NA,NA,NA,NA,NA,NA,NA,NA,NA,NA,NA,NA,NA,NA,NA,NA,NA,NA,NA,NA,NA,NA,NA,NA,NA,NA,NA,NA,NA,NA,NA,NA,NA,NA,NA,NA,NA,NA,NA,NA,NA,NA,NA,NA,NA,NA,NA,25,NA,NA,NA,NA,0,NA,NA,NA,NA,NA,NA,NA,NA,NA
M18 [Family Planning],18.6,Centchroman weekly pills,2. Stocks Received,500,NA,NA,NA,NA,200,NA,NA,NA,NA,300,NA,NA,NA,NA,NA,NA,NA,NA,NA,NA,NA,NA,NA,NA,NA,NA,NA,NA,NA,0,NA,NA,NA,NA,NA,NA,NA,NA,NA,0,NA,NA,NA,NA,0,NA,NA,NA,NA,0,NA,NA,NA,NA,NA,NA,NA,NA,NA,NA,NA,NA,NA,NA,NA,NA,NA,NA,NA,NA,NA,NA,NA,NA,NA,NA,NA,NA,NA,NA,NA,NA,NA,NA,NA,NA,NA,NA,NA,NA,NA,NA,NA,NA,NA,NA,NA,NA,NA,0,NA,NA,NA,NA,0,NA,NA,NA,NA,NA,NA,NA,NA,NA
M18 [Family Planning],18.6,Centchroman weekly pills,3. Unusable Stock,0,NA,NA,NA,NA,0,NA,NA,NA,NA,0,NA,NA,NA,NA,NA,NA,NA,NA,NA,NA,NA,NA,NA,NA,NA,NA,NA,NA,NA,NA,NA,NA,NA,NA,NA,NA,NA,NA,NA,0,NA,NA,NA,NA,0,NA,NA,NA,NA,0,NA,NA,NA,NA,NA,NA,NA,NA,NA,NA,NA,NA,NA,NA,NA,NA,NA,NA,NA,NA,NA,NA,NA,NA,NA,NA,NA,NA,NA,NA,NA,NA,NA,NA,NA,NA,NA,NA,NA,NA,NA,NA,NA,NA,NA,NA,NA,NA,NA,0,NA,NA,NA,NA,0,NA,NA,NA,NA,NA,NA,NA,NA,NA
M18 [Family Planning],18.6,Centchroman weekly pills,4. Stock Distributed,580,NA,NA,NA,NA,0,NA,NA,NA,NA,80,NA,NA,NA,NA,NA,NA,NA,NA,NA,NA,NA,NA,NA,NA,NA,NA,NA,NA,NA,225,NA,NA,NA,NA,0,NA,NA,NA,NA,0,NA,NA,NA,NA,75,NA,NA,NA,NA,200,NA,NA,NA,NA,NA,NA,NA,NA,NA,NA,NA,NA,NA,NA,NA,NA,NA,NA,NA,NA,NA,NA,NA,NA,NA,NA,NA,NA,NA,NA,NA,NA,NA,NA,NA,NA,NA,NA,NA,NA,NA,NA,NA,NA,NA,NA,NA,NA,NA,0,NA,NA,NA,NA,0,NA,NA,NA,NA,NA,NA,NA,NA,NA
M18 [Family Planning],18.6,Centchroman weekly pills,5. Total Stock,4949,NA,NA,NA,NA,200,NA,NA,NA,NA,220,NA,NA,NA,NA,NA,NA,NA,NA,NA,NA,NA,NA,NA,NA,NA,NA,NA,NA,NA,100,NA,NA,NA,NA,0,NA,NA,NA,NA,0,NA,NA,NA,NA,0,NA,NA,NA,NA,4404,NA,NA,NA,NA,NA,NA,NA,NA,NA,NA,NA,NA,NA,NA,NA,NA,NA,NA,NA,NA,NA,NA,NA,NA,NA,NA,NA,NA,NA,NA,NA,NA,NA,NA,NA,NA,NA,NA,NA,NA,NA,NA,NA,NA,NA,NA,NA,NA,NA,25,NA,NA,NA,NA,0,NA,NA,NA,NA,NA,NA,NA,NA,NA
M18 [Family Planning],18.7,Injectable Contraceptive MPA (Vials),1. Balance From Previous Month,2822,NA,NA,NA,NA,0,NA,NA,NA,NA,992,NA,NA,NA,NA,NA,NA,NA,NA,NA,570,NA,NA,NA,NA,NA,NA,NA,NA,NA,NA,NA,NA,NA,NA,180,NA,NA,NA,NA,0,NA,NA,NA,NA,0,NA,NA,NA,NA,360,NA,NA,NA,NA,NA,NA,NA,NA,NA,NA,NA,NA,NA,NA,NA,NA,NA,NA,NA,NA,NA,NA,NA,NA,NA,NA,NA,NA,NA,NA,NA,NA,NA,NA,NA,NA,NA,NA,NA,680,NA,NA,NA,NA,NA,NA,NA,NA,NA,40,NA,NA,NA,NA,0,NA,NA,NA,NA,NA,NA,NA,NA,NA
M18 [Family Planning],18.7,Injectable Contraceptive MPA (Vials),2. Stocks Received,0,NA,NA,NA,NA,0,NA,NA,NA,NA,0,NA,NA,NA,NA,NA,NA,NA,NA,NA,NA,NA,NA,NA,NA,NA,NA,NA,NA,NA,NA,NA,NA,NA,NA,NA,NA,NA,NA,NA,0,NA,NA,NA,NA,0,NA,NA,NA,NA,0,NA,NA,NA,NA,NA,NA,NA,NA,NA,NA,NA,NA,NA,NA,NA,NA,NA,NA,NA,NA,NA,NA,NA,NA,NA,NA,NA,NA,NA,NA,NA,NA,NA,NA,NA,NA,NA,NA,NA,0,NA,NA,NA,NA,NA,NA,NA,NA,NA,0,NA,NA,NA,NA,0,NA,NA,NA,NA,NA,NA,NA,NA,NA
M18 [Family Planning],18.7,Injectable Contraceptive MPA (Vials),3. Unusable Stock,0,NA,NA,NA,NA,0,NA,NA,NA,NA,0,NA,NA,NA,NA,NA,NA,NA,NA,NA,NA,NA,NA,NA,NA,NA,NA,NA,NA,NA,NA,NA,NA,NA,NA,NA,NA,NA,NA,NA,0,NA,NA,NA,NA,0,NA,NA,NA,NA,0,NA,NA,NA,NA,NA,NA,NA,NA,NA,NA,NA,NA,NA,NA,NA,NA,NA,NA,NA,NA,NA,NA,NA,NA,NA,NA,NA,NA,NA,NA,NA,NA,NA,NA,NA,NA,NA,NA,NA,0,NA,NA,NA,NA,NA,NA,NA,NA,NA,0,NA,NA,NA,NA,0,NA,NA,NA,NA,NA,NA,NA,NA,NA
M18 [Family Planning],18.7,Injectable Contraceptive MPA (Vials),4. Stock Distributed,1418,NA,NA,NA,NA,0,NA,NA,NA,NA,20,NA,NA,NA,NA,NA,NA,NA,NA,NA,526,NA,NA,NA,NA,NA,NA,NA,NA,NA,NA,NA,NA,NA,NA,180,NA,NA,NA,NA,0,NA,NA,NA,NA,0,NA,NA,NA,NA,90,NA,NA,NA,NA,NA,NA,NA,NA,NA,NA,NA,NA,NA,NA,NA,NA,NA,NA,NA,NA,NA,NA,NA,NA,NA,NA,NA,NA,NA,NA,NA,NA,NA,NA,NA,NA,NA,NA,NA,602,NA,NA,NA,NA,NA,NA,NA,NA,NA,0,NA,NA,NA,NA,0,NA,NA,NA,NA,NA,NA,NA,NA,NA
M18 [Family Planning],18.7,Injectable Contraceptive MPA (Vials),5. Total Stock,1404,NA,NA,NA,NA,0,NA,NA,NA,NA,972,NA,NA,NA,NA,NA,NA,NA,NA,NA,44,NA,NA,NA,NA,NA,NA,NA,NA,NA,NA,NA,NA,NA,NA,0,NA,NA,NA,NA,0,NA,NA,NA,NA,0,NA,NA,NA,NA,270,NA,NA,NA,NA,NA,NA,NA,NA,NA,NA,NA,NA,NA,NA,NA,NA,NA,NA,NA,NA,NA,NA,NA,NA,NA,NA,NA,NA,NA,NA,NA,NA,NA,NA,NA,NA,NA,NA,NA,78,NA,NA,NA,NA,NA,NA,NA,NA,NA,40,NA,NA,NA,NA,0,NA,NA,NA,NA,NA,NA,NA,NA,NA
M18 [Family Planning],18.8,Tubal rings,1. Balance From Previous Month,0,NA,NA,NA,NA,0,NA,NA,NA,NA,NA,NA,NA,NA,NA,NA,NA,NA,NA,NA,NA,NA,NA,NA,NA,NA,NA,NA,NA,NA,0,NA,NA,NA,NA,0,NA,NA,NA,NA,0,NA,NA,NA,NA,0,NA,NA,NA,NA,0,NA,NA,NA,NA,NA,NA,NA,NA,NA,NA,NA,NA,NA,NA,NA,NA,NA,NA,NA,NA,NA,NA,NA,NA,NA,NA,NA,NA,NA,NA,NA,NA,NA,NA,NA,NA,NA,NA,NA,0,NA,NA,NA,NA,NA,NA,NA,NA,NA,NA,NA,NA,NA,NA,0,NA,NA,NA,NA,NA,NA,NA,NA,NA
M18 [Family Planning],18.8,Tubal rings,2. Stocks Received,2000,NA,NA,NA,NA,0,NA,NA,NA,NA,NA,NA,NA,NA,NA,NA,NA,NA,NA,NA,NA,NA,NA,NA,NA,NA,NA,NA,NA,NA,2000,NA,NA,NA,NA,NA,NA,NA,NA,NA,0,NA,NA,NA,NA,0,NA,NA,NA,NA,0,NA,NA,NA,NA,NA,NA,NA,NA,NA,NA,NA,NA,NA,NA,NA,NA,NA,NA,NA,NA,NA,NA,NA,NA,NA,NA,NA,NA,NA,NA,NA,NA,NA,NA,NA,NA,NA,NA,NA,0,NA,NA,NA,NA,NA,NA,NA,NA,NA,NA,NA,NA,NA,NA,0,NA,NA,NA,NA,NA,NA,NA,NA,NA
M18 [Family Planning],18.8,Tubal rings,3. Unusable Stock,0,NA,NA,NA,NA,0,NA,NA,NA,NA,NA,NA,NA,NA,NA,NA,NA,NA,NA,NA,NA,NA,NA,NA,NA,NA,NA,NA,NA,NA,NA,NA,NA,NA,NA,NA,NA,NA,NA,NA,0,NA,NA,NA,NA,0,NA,NA,NA,NA,0,NA,NA,NA,NA,NA,NA,NA,NA,NA,NA,NA,NA,NA,NA,NA,NA,NA,NA,NA,NA,NA,NA,NA,NA,NA,NA,NA,NA,NA,NA,NA,NA,NA,NA,NA,NA,NA,NA,NA,0,NA,NA,NA,NA,NA,NA,NA,NA,NA,NA,NA,NA,NA,NA,0,NA,NA,NA,NA,NA,NA,NA,NA,NA
M18 [Family Planning],18.8,Tubal rings,4. Stock Distributed,0,NA,NA,NA,NA,0,NA,NA,NA,NA,NA,NA,NA,NA,NA,NA,NA,NA,NA,NA,NA,NA,NA,NA,NA,NA,NA,NA,NA,NA,NA,NA,NA,NA,NA,0,NA,NA,NA,NA,0,NA,NA,NA,NA,0,NA,NA,NA,NA,0,NA,NA,NA,NA,NA,NA,NA,NA,NA,NA,NA,NA,NA,NA,NA,NA,NA,NA,NA,NA,NA,NA,NA,NA,NA,NA,NA,NA,NA,NA,NA,NA,NA,NA,NA,NA,NA,NA,NA,0,NA,NA,NA,NA,NA,NA,NA,NA,NA,NA,NA,NA,NA,NA,0,NA,NA,NA,NA,NA,NA,NA,NA,NA
M18 [Family Planning],18.8,Tubal rings,5. Total Stock,2000,NA,NA,NA,NA,0,NA,NA,NA,NA,NA,NA,NA,NA,NA,NA,NA,NA,NA,NA,NA,NA,NA,NA,NA,NA,NA,NA,NA,NA,2000,NA,NA,NA,NA,0,NA,NA,NA,NA,0,NA,NA,NA,NA,0,NA,NA,NA,NA,0,NA,NA,NA,NA,NA,NA,NA,NA,NA,NA,NA,NA,NA,NA,NA,NA,NA,NA,NA,NA,NA,NA,NA,NA,NA,NA,NA,NA,NA,NA,NA,NA,NA,NA,NA,NA,NA,NA,NA,0,NA,NA,NA,NA,NA,NA,NA,NA,NA,NA,NA,NA,NA,NA,0,NA,NA,NA,NA,NA,NA,NA,NA,NA
M18 [Family Planning],18.9,Pregnancy testing Kits (Nischay Kits),1. Balance From Previous Month,122043,NA,NA,NA,NA,2300,NA,NA,NA,NA,31600,NA,NA,NA,NA,NA,NA,NA,NA,NA,12000,NA,NA,NA,NA,NA,NA,NA,NA,NA,16943,NA,NA,NA,NA,0,NA,NA,NA,NA,7300,NA,NA,NA,NA,15000,NA,NA,NA,NA,8500,NA,NA,NA,NA,NA,NA,NA,NA,NA,NA,NA,NA,NA,NA,NA,NA,NA,NA,NA,NA,NA,NA,NA,NA,NA,NA,NA,NA,NA,NA,NA,NA,NA,NA,NA,NA,NA,NA,NA,2050,NA,NA,NA,NA,NA,NA,NA,NA,NA,26350,NA,NA,NA,NA,0,NA,NA,NA,NA,NA,NA,NA,NA,NA
M18 [Family Planning],18.9,Pregnancy testing Kits (Nischay Kits),2. Stocks Received,1000,NA,NA,NA,NA,0,NA,NA,NA,NA,0,NA,NA,NA,NA,NA,NA,NA,NA,NA,NA,NA,NA,NA,NA,NA,NA,NA,NA,NA,1000,NA,NA,NA,NA,NA,NA,NA,NA,NA,0,NA,NA,NA,NA,0,NA,NA,NA,NA,0,NA,NA,NA,NA,NA,NA,NA,NA,NA,NA,NA,NA,NA,NA,NA,NA,NA,NA,NA,NA,NA,NA,NA,NA,NA,NA,NA,NA,NA,NA,NA,NA,NA,NA,NA,NA,NA,NA,NA,0,NA,NA,NA,NA,NA,NA,NA,NA,NA,0,NA,NA,NA,NA,0,NA,NA,NA,NA,NA,NA,NA,NA,NA
M18 [Family Planning],18.9,Pregnancy testing Kits (Nischay Kits),3. Unusable Stock,0,NA,NA,NA,NA,0,NA,NA,NA,NA,0,NA,NA,NA,NA,NA,NA,NA,NA,NA,NA,NA,NA,NA,NA,NA,NA,NA,NA,NA,NA,NA,NA,NA,NA,NA,NA,NA,NA,NA,0,NA,NA,NA,NA,0,NA,NA,NA,NA,0,NA,NA,NA,NA,NA,NA,NA,NA,NA,NA,NA,NA,NA,NA,NA,NA,NA,NA,NA,NA,NA,NA,NA,NA,NA,NA,NA,NA,NA,NA,NA,NA,NA,NA,NA,NA,NA,NA,NA,0,NA,NA,NA,NA,NA,NA,NA,NA,NA,0,NA,NA,NA,NA,0,NA,NA,NA,NA,NA,NA,NA,NA,NA
M18 [Family Planning],18.9,Pregnancy testing Kits (Nischay Kits),4. Stock Distributed,23100,NA,NA,NA,NA,0,NA,NA,NA,NA,100,NA,NA,NA,NA,NA,NA,NA,NA,NA,7750,NA,NA,NA,NA,NA,NA,NA,NA,NA,7900,NA,NA,NA,NA,0,NA,NA,NA,NA,1100,NA,NA,NA,NA,4000,NA,NA,NA,NA,0,NA,NA,NA,NA,NA,NA,NA,NA,NA,NA,NA,NA,NA,NA,NA,NA,NA,NA,NA,NA,NA,NA,NA,NA,NA,NA,NA,NA,NA,NA,NA,NA,NA,NA,NA,NA,NA,NA,NA,2050,NA,NA,NA,NA,NA,NA,NA,NA,NA,200,NA,NA,NA,NA,0,NA,NA,NA,NA,NA,NA,NA,NA,NA
M18 [Family Planning],18.9,Pregnancy testing Kits (Nischay Kits),5. Total Stock,99943,NA,NA,NA,NA,2300,NA,NA,NA,NA,31500,NA,NA,NA,NA,NA,NA,NA,NA,NA,4250,NA,NA,NA,NA,NA,NA,NA,NA,NA,10043,NA,NA,NA,NA,0,NA,NA,NA,NA,6200,NA,NA,NA,NA,11000,NA,NA,NA,NA,8500,NA,NA,NA,NA,NA,NA,NA,NA,NA,NA,NA,NA,NA,NA,NA,NA,NA,NA,NA,NA,NA,NA,NA,NA,NA,NA,NA,NA,NA,NA,NA,NA,NA,NA,NA,NA,NA,NA,NA,0,NA,NA,NA,NA,NA,NA,NA,NA,NA,26150,NA,NA,NA,NA,0,NA,NA,NA,NA,NA,NA,NA,NA,NA
M19 [Other Items],19.1,Gloves,1. Balance From Previous Month,0,NA,NA,NA,NA,NA,NA,NA,NA,NA,NA,NA,NA,NA,NA,NA,NA,NA,NA,NA,NA,NA,NA,NA,NA,NA,NA,NA,NA,NA,NA,NA,NA,NA,NA,NA,NA,NA,NA,NA,0,NA,NA,NA,NA,NA,NA,NA,NA,NA,0,NA,NA,NA,NA,NA,NA,NA,NA,NA,NA,NA,NA,NA,NA,NA,NA,NA,NA,NA,NA,NA,NA,NA,NA,NA,NA,NA,NA,NA,NA,NA,NA,NA,NA,NA,NA,NA,NA,NA,NA,NA,NA,NA,NA,NA,NA,NA,NA,NA,0,NA,NA,NA,NA,0,NA,NA,NA,NA,NA,NA,NA,NA,NA
M19 [Other Items],19.1,Gloves,2. Stocks Received,0,NA,NA,NA,NA,NA,NA,NA,NA,NA,NA,NA,NA,NA,NA,NA,NA,NA,NA,NA,NA,NA,NA,NA,NA,NA,NA,NA,NA,NA,NA,NA,NA,NA,NA,NA,NA,NA,NA,NA,0,NA,NA,NA,NA,NA,NA,NA,NA,NA,0,NA,NA,NA,NA,NA,NA,NA,NA,NA,NA,NA,NA,NA,NA,NA,NA,NA,NA,NA,NA,NA,NA,NA,NA,NA,NA,NA,NA,NA,NA,NA,NA,NA,NA,NA,NA,NA,NA,NA,NA,NA,NA,NA,NA,NA,NA,NA,NA,NA,0,NA,NA,NA,NA,0,NA,NA,NA,NA,NA,NA,NA,NA,NA
M19 [Other Items],19.1,Gloves,3. Unusable Stock,0,NA,NA,NA,NA,NA,NA,NA,NA,NA,NA,NA,NA,NA,NA,NA,NA,NA,NA,NA,NA,NA,NA,NA,NA,NA,NA,NA,NA,NA,NA,NA,NA,NA,NA,NA,NA,NA,NA,NA,0,NA,NA,NA,NA,NA,NA,NA,NA,NA,0,NA,NA,NA,NA,NA,NA,NA,NA,NA,NA,NA,NA,NA,NA,NA,NA,NA,NA,NA,NA,NA,NA,NA,NA,NA,NA,NA,NA,NA,NA,NA,NA,NA,NA,NA,NA,NA,NA,NA,NA,NA,NA,NA,NA,NA,NA,NA,NA,NA,0,NA,NA,NA,NA,0,NA,NA,NA,NA,NA,NA,NA,NA,NA
M19 [Other Items],19.1,Gloves,4. Stock Distributed,0,NA,NA,NA,NA,NA,NA,NA,NA,NA,NA,NA,NA,NA,NA,NA,NA,NA,NA,NA,NA,NA,NA,NA,NA,NA,NA,NA,NA,NA,NA,NA,NA,NA,NA,NA,NA,NA,NA,NA,0,NA,NA,NA,NA,NA,NA,NA,NA,NA,0,NA,NA,NA,NA,NA,NA,NA,NA,NA,NA,NA,NA,NA,NA,NA,NA,NA,NA,NA,NA,NA,NA,NA,NA,NA,NA,NA,NA,NA,NA,NA,NA,NA,NA,NA,NA,NA,NA,NA,NA,NA,NA,NA,NA,NA,NA,NA,NA,NA,0,NA,NA,NA,NA,0,NA,NA,NA,NA,NA,NA,NA,NA,NA
M19 [Other Items],19.1,Gloves,5. Total Stock,0,NA,NA,NA,NA,0,NA,NA,NA,NA,0,NA,NA,NA,NA,NA,NA,NA,NA,NA,0,NA,NA,NA,NA,0,NA,NA,NA,NA,0,NA,NA,NA,NA,0,NA,NA,NA,NA,0,NA,NA,NA,NA,0,NA,NA,NA,NA,0,NA,NA,NA,NA,0,NA,NA,NA,NA,NA,NA,NA,NA,NA,NA,NA,NA,NA,NA,0,NA,NA,NA,NA,NA,NA,NA,NA,NA,NA,NA,NA,NA,NA,0,NA,NA,NA,NA,0,NA,NA,NA,NA,NA,NA,NA,NA,NA,0,NA,NA,NA,NA,0,NA,NA,NA,NA,0,NA,NA,NA,NA
M19 [Other Items],19.2,MVA Syringes,1. Balance From Previous Month,0,NA,NA,NA,NA,NA,NA,NA,NA,NA,NA,NA,NA,NA,NA,NA,NA,NA,NA,NA,NA,NA,NA,NA,NA,NA,NA,NA,NA,NA,NA,NA,NA,NA,NA,NA,NA,NA,NA,NA,0,NA,NA,NA,NA,NA,NA,NA,NA,NA,0,NA,NA,NA,NA,NA,NA,NA,NA,NA,NA,NA,NA,NA,NA,NA,NA,NA,NA,NA,NA,NA,NA,NA,NA,NA,NA,NA,NA,NA,NA,NA,NA,NA,NA,NA,NA,NA,NA,NA,NA,NA,NA,NA,NA,NA,NA,NA,NA,NA,0,NA,NA,NA,NA,0,NA,NA,NA,NA,NA,NA,NA,NA,NA
M19 [Other Items],19.2,MVA Syringes,2. Stocks Received,0,NA,NA,NA,NA,NA,NA,NA,NA,NA,NA,NA,NA,NA,NA,NA,NA,NA,NA,NA,NA,NA,NA,NA,NA,NA,NA,NA,NA,NA,NA,NA,NA,NA,NA,NA,NA,NA,NA,NA,0,NA,NA,NA,NA,NA,NA,NA,NA,NA,0,NA,NA,NA,NA,NA,NA,NA,NA,NA,NA,NA,NA,NA,NA,NA,NA,NA,NA,NA,NA,NA,NA,NA,NA,NA,NA,NA,NA,NA,NA,NA,NA,NA,NA,NA,NA,NA,NA,NA,NA,NA,NA,NA,NA,NA,NA,NA,NA,NA,0,NA,NA,NA,NA,0,NA,NA,NA,NA,NA,NA,NA,NA,NA
M19 [Other Items],19.2,MVA Syringes,3. Unusable Stock,0,NA,NA,NA,NA,NA,NA,NA,NA,NA,NA,NA,NA,NA,NA,NA,NA,NA,NA,NA,NA,NA,NA,NA,NA,NA,NA,NA,NA,NA,NA,NA,NA,NA,NA,NA,NA,NA,NA,NA,0,NA,NA,NA,NA,NA,NA,NA,NA,NA,0,NA,NA,NA,NA,NA,NA,NA,NA,NA,NA,NA,NA,NA,NA,NA,NA,NA,NA,NA,NA,NA,NA,NA,NA,NA,NA,NA,NA,NA,NA,NA,NA,NA,NA,NA,NA,NA,NA,NA,NA,NA,NA,NA,NA,NA,NA,NA,NA,NA,0,NA,NA,NA,NA,0,NA,NA,NA,NA,NA,NA,NA,NA,NA
M19 [Other Items],19.2,MVA Syringes,4. Stock Distributed,0,NA,NA,NA,NA,NA,NA,NA,NA,NA,NA,NA,NA,NA,NA,NA,NA,NA,NA,NA,NA,NA,NA,NA,NA,NA,NA,NA,NA,NA,NA,NA,NA,NA,NA,NA,NA,NA,NA,NA,0,NA,NA,NA,NA,NA,NA,NA,NA,NA,0,NA,NA,NA,NA,NA,NA,NA,NA,NA,NA,NA,NA,NA,NA,NA,NA,NA,NA,NA,NA,NA,NA,NA,NA,NA,NA,NA,NA,NA,NA,NA,NA,NA,NA,NA,NA,NA,NA,NA,NA,NA,NA,NA,NA,NA,NA,NA,NA,NA,0,NA,NA,NA,NA,0,NA,NA,NA,NA,NA,NA,NA,NA,NA
M19 [Other Items],19.2,MVA Syringes,5. Total Stock,0,NA,NA,NA,NA,0,NA,NA,NA,NA,0,NA,NA,NA,NA,NA,NA,NA,NA,NA,0,NA,NA,NA,NA,0,NA,NA,NA,NA,0,NA,NA,NA,NA,0,NA,NA,NA,NA,0,NA,NA,NA,NA,0,NA,NA,NA,NA,0,NA,NA,NA,NA,0,NA,NA,NA,NA,NA,NA,NA,NA,NA,NA,NA,NA,NA,NA,0,NA,NA,NA,NA,NA,NA,NA,NA,NA,NA,NA,NA,NA,NA,0,NA,NA,NA,NA,0,NA,NA,NA,NA,NA,NA,NA,NA,NA,0,NA,NA,NA,NA,0,NA,NA,NA,NA,0,NA,NA,NA,NA
M19 [Other Items],19.3,Tab. Fluconazole,1. Balance From Previous Month,0,NA,NA,NA,NA,NA,NA,NA,NA,NA,NA,NA,NA,NA,NA,NA,NA,NA,NA,NA,NA,NA,NA,NA,NA,NA,NA,NA,NA,NA,NA,NA,NA,NA,NA,NA,NA,NA,NA,NA,0,NA,NA,NA,NA,NA,NA,NA,NA,NA,0,NA,NA,NA,NA,NA,NA,NA,NA,NA,NA,NA,NA,NA,NA,NA,NA,NA,NA,NA,NA,NA,NA,NA,NA,NA,NA,NA,NA,NA,NA,NA,NA,NA,NA,NA,NA,NA,NA,NA,NA,NA,NA,NA,NA,NA,NA,NA,NA,NA,0,NA,NA,NA,NA,0,NA,NA,NA,NA,NA,NA,NA,NA,NA
M19 [Other Items],19.3,Tab. Fluconazole,2. Stocks Received,0,NA,NA,NA,NA,NA,NA,NA,NA,NA,NA,NA,NA,NA,NA,NA,NA,NA,NA,NA,NA,NA,NA,NA,NA,NA,NA,NA,NA,NA,NA,NA,NA,NA,NA,NA,NA,NA,NA,NA,0,NA,NA,NA,NA,NA,NA,NA,NA,NA,0,NA,NA,NA,NA,NA,NA,NA,NA,NA,NA,NA,NA,NA,NA,NA,NA,NA,NA,NA,NA,NA,NA,NA,NA,NA,NA,NA,NA,NA,NA,NA,NA,NA,NA,NA,NA,NA,NA,NA,NA,NA,NA,NA,NA,NA,NA,NA,NA,NA,0,NA,NA,NA,NA,0,NA,NA,NA,NA,NA,NA,NA,NA,NA
M19 [Other Items],19.3,Tab. Fluconazole,3. Unusable Stock,0,NA,NA,NA,NA,NA,NA,NA,NA,NA,NA,NA,NA,NA,NA,NA,NA,NA,NA,NA,NA,NA,NA,NA,NA,NA,NA,NA,NA,NA,NA,NA,NA,NA,NA,NA,NA,NA,NA,NA,0,NA,NA,NA,NA,NA,NA,NA,NA,NA,0,NA,NA,NA,NA,NA,NA,NA,NA,NA,NA,NA,NA,NA,NA,NA,NA,NA,NA,NA,NA,NA,NA,NA,NA,NA,NA,NA,NA,NA,NA,NA,NA,NA,NA,NA,NA,NA,NA,NA,NA,NA,NA,NA,NA,NA,NA,NA,NA,NA,0,NA,NA,NA,NA,0,NA,NA,NA,NA,NA,NA,NA,NA,NA
M19 [Other Items],19.3,Tab. Fluconazole,4. Stock Distributed,0,NA,NA,NA,NA,NA,NA,NA,NA,NA,NA,NA,NA,NA,NA,NA,NA,NA,NA,NA,NA,NA,NA,NA,NA,NA,NA,NA,NA,NA,NA,NA,NA,NA,NA,NA,NA,NA,NA,NA,0,NA,NA,NA,NA,NA,NA,NA,NA,NA,0,NA,NA,NA,NA,NA,NA,NA,NA,NA,NA,NA,NA,NA,NA,NA,NA,NA,NA,NA,NA,NA,NA,NA,NA,NA,NA,NA,NA,NA,NA,NA,NA,NA,NA,NA,NA,NA,NA,NA,NA,NA,NA,NA,NA,NA,NA,NA,NA,NA,0,NA,NA,NA,NA,0,NA,NA,NA,NA,NA,NA,NA,NA,NA
M19 [Other Items],19.3,Tab. Fluconazole,5. Total Stock,0,NA,NA,NA,NA,0,NA,NA,NA,NA,0,NA,NA,NA,NA,NA,NA,NA,NA,NA,0,NA,NA,NA,NA,0,NA,NA,NA,NA,0,NA,NA,NA,NA,0,NA,NA,NA,NA,0,NA,NA,NA,NA,0,NA,NA,NA,NA,0,NA,NA,NA,NA,0,NA,NA,NA,NA,NA,NA,NA,NA,NA,NA,NA,NA,NA,NA,0,NA,NA,NA,NA,NA,NA,NA,NA,NA,NA,NA,NA,NA,NA,0,NA,NA,NA,NA,0,NA,NA,NA,NA,NA,NA,NA,NA,NA,0,NA,NA,NA,NA,0,NA,NA,NA,NA,0,NA,NA,NA,NA
M19 [Other Items],19.4,Blood Transfusion sets,1. Balance From Previous Month,0,NA,NA,NA,NA,NA,NA,NA,NA,NA,NA,NA,NA,NA,NA,NA,NA,NA,NA,NA,NA,NA,NA,NA,NA,NA,NA,NA,NA,NA,NA,NA,NA,NA,NA,NA,NA,NA,NA,NA,0,NA,NA,NA,NA,NA,NA,NA,NA,NA,0,NA,NA,NA,NA,NA,NA,NA,NA,NA,NA,NA,NA,NA,NA,NA,NA,NA,NA,NA,NA,NA,NA,NA,NA,NA,NA,NA,NA,NA,NA,NA,NA,NA,NA,NA,NA,NA,NA,NA,NA,NA,NA,NA,NA,NA,NA,NA,NA,NA,0,NA,NA,NA,NA,0,NA,NA,NA,NA,NA,NA,NA,NA,NA
M19 [Other Items],19.4,Blood Transfusion sets,2. Stocks Received,0,NA,NA,NA,NA,NA,NA,NA,NA,NA,NA,NA,NA,NA,NA,NA,NA,NA,NA,NA,NA,NA,NA,NA,NA,NA,NA,NA,NA,NA,NA,NA,NA,NA,NA,NA,NA,NA,NA,NA,0,NA,NA,NA,NA,NA,NA,NA,NA,NA,0,NA,NA,NA,NA,NA,NA,NA,NA,NA,NA,NA,NA,NA,NA,NA,NA,NA,NA,NA,NA,NA,NA,NA,NA,NA,NA,NA,NA,NA,NA,NA,NA,NA,NA,NA,NA,NA,NA,NA,NA,NA,NA,NA,NA,NA,NA,NA,NA,NA,0,NA,NA,NA,NA,0,NA,NA,NA,NA,NA,NA,NA,NA,NA
M19 [Other Items],19.4,Blood Transfusion sets,3. Unusable Stock,0,NA,NA,NA,NA,NA,NA,NA,NA,NA,NA,NA,NA,NA,NA,NA,NA,NA,NA,NA,NA,NA,NA,NA,NA,NA,NA,NA,NA,NA,NA,NA,NA,NA,NA,NA,NA,NA,NA,NA,0,NA,NA,NA,NA,NA,NA,NA,NA,NA,0,NA,NA,NA,NA,NA,NA,NA,NA,NA,NA,NA,NA,NA,NA,NA,NA,NA,NA,NA,NA,NA,NA,NA,NA,NA,NA,NA,NA,NA,NA,NA,NA,NA,NA,NA,NA,NA,NA,NA,NA,NA,NA,NA,NA,NA,NA,NA,NA,NA,0,NA,NA,NA,NA,0,NA,NA,NA,NA,NA,NA,NA,NA,NA
M19 [Other Items],19.4,Blood Transfusion sets,4. Stock Distributed,0,NA,NA,NA,NA,NA,NA,NA,NA,NA,NA,NA,NA,NA,NA,NA,NA,NA,NA,NA,NA,NA,NA,NA,NA,NA,NA,NA,NA,NA,NA,NA,NA,NA,NA,NA,NA,NA,NA,NA,0,NA,NA,NA,NA,NA,NA,NA,NA,NA,0,NA,NA,NA,NA,NA,NA,NA,NA,NA,NA,NA,NA,NA,NA,NA,NA,NA,NA,NA,NA,NA,NA,NA,NA,NA,NA,NA,NA,NA,NA,NA,NA,NA,NA,NA,NA,NA,NA,NA,NA,NA,NA,NA,NA,NA,NA,NA,NA,NA,0,NA,NA,NA,NA,0,NA,NA,NA,NA,NA,NA,NA,NA,NA
M19 [Other Items],19.4,Blood Transfusion sets,5. Total Stock,0,NA,NA,NA,NA,0,NA,NA,NA,NA,0,NA,NA,NA,NA,NA,NA,NA,NA,NA,0,NA,NA,NA,NA,0,NA,NA,NA,NA,0,NA,NA,NA,NA,0,NA,NA,NA,NA,0,NA,NA,NA,NA,0,NA,NA,NA,NA,0,NA,NA,NA,NA,0,NA,NA,NA,NA,NA,NA,NA,NA,NA,NA,NA,NA,NA,NA,0,NA,NA,NA,NA,NA,NA,NA,NA,NA,NA,NA,NA,NA,NA,0,NA,NA,NA,NA,0,NA,NA,NA,NA,NA,NA,NA,NA,NA,0,NA,NA,NA,NA,0,NA,NA,NA,NA,0,NA,NA,NA,NA
M19 [Other Items],19.5,Gluteraldehyde 2%,1. Balance From Previous Month,0,NA,NA,NA,NA,NA,NA,NA,NA,NA,NA,NA,NA,NA,NA,NA,NA,NA,NA,NA,NA,NA,NA,NA,NA,NA,NA,NA,NA,NA,NA,NA,NA,NA,NA,NA,NA,NA,NA,NA,0,NA,NA,NA,NA,NA,NA,NA,NA,NA,0,NA,NA,NA,NA,NA,NA,NA,NA,NA,NA,NA,NA,NA,NA,NA,NA,NA,NA,NA,NA,NA,NA,NA,NA,NA,NA,NA,NA,NA,NA,NA,NA,NA,NA,NA,NA,NA,NA,NA,NA,NA,NA,NA,NA,NA,NA,NA,NA,NA,0,NA,NA,NA,NA,0,NA,NA,NA,NA,NA,NA,NA,NA,NA
M19 [Other Items],19.5,Gluteraldehyde 2%,2. Stocks Received,0,NA,NA,NA,NA,NA,NA,NA,NA,NA,NA,NA,NA,NA,NA,NA,NA,NA,NA,NA,NA,NA,NA,NA,NA,NA,NA,NA,NA,NA,NA,NA,NA,NA,NA,NA,NA,NA,NA,NA,0,NA,NA,NA,NA,NA,NA,NA,NA,NA,0,NA,NA,NA,NA,NA,NA,NA,NA,NA,NA,NA,NA,NA,NA,NA,NA,NA,NA,NA,NA,NA,NA,NA,NA,NA,NA,NA,NA,NA,NA,NA,NA,NA,NA,NA,NA,NA,NA,NA,NA,NA,NA,NA,NA,NA,NA,NA,NA,NA,0,NA,NA,NA,NA,0,NA,NA,NA,NA,NA,NA,NA,NA,NA
M19 [Other Items],19.5,Gluteraldehyde 2%,3. Unusable Stock,0,NA,NA,NA,NA,NA,NA,NA,NA,NA,NA,NA,NA,NA,NA,NA,NA,NA,NA,NA,NA,NA,NA,NA,NA,NA,NA,NA,NA,NA,NA,NA,NA,NA,NA,NA,NA,NA,NA,NA,0,NA,NA,NA,NA,NA,NA,NA,NA,NA,0,NA,NA,NA,NA,NA,NA,NA,NA,NA,NA,NA,NA,NA,NA,NA,NA,NA,NA,NA,NA,NA,NA,NA,NA,NA,NA,NA,NA,NA,NA,NA,NA,NA,NA,NA,NA,NA,NA,NA,NA,NA,NA,NA,NA,NA,NA,NA,NA,NA,0,NA,NA,NA,NA,0,NA,NA,NA,NA,NA,NA,NA,NA,NA
M19 [Other Items],19.5,Gluteraldehyde 2%,4. Stock Distributed,0,NA,NA,NA,NA,NA,NA,NA,NA,NA,NA,NA,NA,NA,NA,NA,NA,NA,NA,NA,NA,NA,NA,NA,NA,NA,NA,NA,NA,NA,NA,NA,NA,NA,NA,NA,NA,NA,NA,NA,0,NA,NA,NA,NA,NA,NA,NA,NA,NA,0,NA,NA,NA,NA,NA,NA,NA,NA,NA,NA,NA,NA,NA,NA,NA,NA,NA,NA,NA,NA,NA,NA,NA,NA,NA,NA,NA,NA,NA,NA,NA,NA,NA,NA,NA,NA,NA,NA,NA,NA,NA,NA,NA,NA,NA,NA,NA,NA,NA,0,NA,NA,NA,NA,0,NA,NA,NA,NA,NA,NA,NA,NA,NA
M19 [Other Items],19.5,Gluteraldehyde 2%,5. Total Stock,0,NA,NA,NA,NA,0,NA,NA,NA,NA,0,NA,NA,NA,NA,NA,NA,NA,NA,NA,0,NA,NA,NA,NA,0,NA,NA,NA,NA,0,NA,NA,NA,NA,0,NA,NA,NA,NA,0,NA,NA,NA,NA,0,NA,NA,NA,NA,0,NA,NA,NA,NA,0,NA,NA,NA,NA,NA,NA,NA,NA,NA,NA,NA,NA,NA,NA,0,NA,NA,NA,NA,NA,NA,NA,NA,NA,NA,NA,NA,NA,NA,0,NA,NA,NA,NA,0,NA,NA,NA,NA,NA,NA,NA,NA,NA,0,NA,NA,NA,NA,0,NA,NA,NA,NA,0,NA,NA,NA,NA
M19 [Other Items],19.6,IFA tablets ( Adult),1. Balance From Previous Month,39000,NA,NA,NA,NA,NA,NA,NA,NA,NA,NA,NA,NA,NA,NA,NA,NA,NA,NA,NA,NA,NA,NA,NA,NA,NA,NA,NA,NA,NA,39000,NA,NA,NA,NA,NA,NA,NA,NA,NA,0,NA,NA,NA,NA,NA,NA,NA,NA,NA,0,NA,NA,NA,NA,NA,NA,NA,NA,NA,NA,NA,NA,NA,NA,NA,NA,NA,NA,NA,NA,NA,NA,NA,NA,NA,NA,NA,NA,NA,NA,NA,NA,NA,NA,NA,NA,NA,NA,NA,NA,NA,NA,NA,NA,NA,NA,NA,NA,NA,0,NA,NA,NA,NA,0,NA,NA,NA,NA,NA,NA,NA,NA,NA
M19 [Other Items],19.6,IFA tablets ( Adult),2. Stocks Received,600000,NA,NA,NA,NA,NA,NA,NA,NA,NA,NA,NA,NA,NA,NA,NA,NA,NA,NA,NA,NA,NA,NA,NA,NA,NA,NA,NA,NA,NA,600000,NA,NA,NA,NA,NA,NA,NA,NA,NA,0,NA,NA,NA,NA,NA,NA,NA,NA,NA,0,NA,NA,NA,NA,NA,NA,NA,NA,NA,NA,NA,NA,NA,NA,NA,NA,NA,NA,NA,NA,NA,NA,NA,NA,NA,NA,NA,NA,NA,NA,NA,NA,NA,NA,NA,NA,NA,NA,NA,NA,NA,NA,NA,NA,NA,NA,NA,NA,NA,0,NA,NA,NA,NA,0,NA,NA,NA,NA,NA,NA,NA,NA,NA
M19 [Other Items],19.6,IFA tablets ( Adult),3. Unusable Stock,0,NA,NA,NA,NA,NA,NA,NA,NA,NA,NA,NA,NA,NA,NA,NA,NA,NA,NA,NA,NA,NA,NA,NA,NA,NA,NA,NA,NA,NA,NA,NA,NA,NA,NA,NA,NA,NA,NA,NA,0,NA,NA,NA,NA,NA,NA,NA,NA,NA,0,NA,NA,NA,NA,NA,NA,NA,NA,NA,NA,NA,NA,NA,NA,NA,NA,NA,NA,NA,NA,NA,NA,NA,NA,NA,NA,NA,NA,NA,NA,NA,NA,NA,NA,NA,NA,NA,NA,NA,NA,NA,NA,NA,NA,NA,NA,NA,NA,NA,0,NA,NA,NA,NA,0,NA,NA,NA,NA,NA,NA,NA,NA,NA
M19 [Other Items],19.6,IFA tablets ( Adult),4. Stock Distributed,479000,NA,NA,NA,NA,NA,NA,NA,NA,NA,NA,NA,NA,NA,NA,NA,NA,NA,NA,NA,NA,NA,NA,NA,NA,NA,NA,NA,NA,NA,479000,NA,NA,NA,NA,NA,NA,NA,NA,NA,0,NA,NA,NA,NA,NA,NA,NA,NA,NA,0,NA,NA,NA,NA,NA,NA,NA,NA,NA,NA,NA,NA,NA,NA,NA,NA,NA,NA,NA,NA,NA,NA,NA,NA,NA,NA,NA,NA,NA,NA,NA,NA,NA,NA,NA,NA,NA,NA,NA,NA,NA,NA,NA,NA,NA,NA,NA,NA,NA,0,NA,NA,NA,NA,0,NA,NA,NA,NA,NA,NA,NA,NA,NA
M19 [Other Items],19.6,IFA tablets ( Adult),5. Total Stock,160000,NA,NA,NA,NA,0,NA,NA,NA,NA,0,NA,NA,NA,NA,NA,NA,NA,NA,NA,0,NA,NA,NA,NA,0,NA,NA,NA,NA,160000,NA,NA,NA,NA,0,NA,NA,NA,NA,0,NA,NA,NA,NA,0,NA,NA,NA,NA,0,NA,NA,NA,NA,0,NA,NA,NA,NA,NA,NA,NA,NA,NA,NA,NA,NA,NA,NA,0,NA,NA,NA,NA,NA,NA,NA,NA,NA,NA,NA,NA,NA,NA,0,NA,NA,NA,NA,0,NA,NA,NA,NA,NA,NA,NA,NA,NA,0,NA,NA,NA,NA,0,NA,NA,NA,NA,0,NA,NA,NA,NA
M19 [Other Items],19.7,IFA - Blue ( Adolescent 10-19 yrs),1. Balance From Previous Month,0,NA,NA,NA,NA,NA,NA,NA,NA,NA,0,NA,NA,NA,NA,NA,NA,NA,NA,NA,NA,NA,NA,NA,NA,NA,NA,NA,NA,NA,NA,NA,NA,NA,NA,NA,NA,NA,NA,NA,0,NA,NA,NA,NA,NA,NA,NA,NA,NA,0,NA,NA,NA,NA,NA,NA,NA,NA,NA,NA,NA,NA,NA,NA,NA,NA,NA,NA,NA,NA,NA,NA,NA,NA,NA,NA,NA,NA,NA,NA,NA,NA,NA,NA,NA,NA,NA,NA,NA,NA,NA,NA,NA,NA,NA,NA,NA,NA,NA,0,NA,NA,NA,NA,0,NA,NA,NA,NA,NA,NA,NA,NA,NA
M19 [Other Items],19.7,IFA - Blue ( Adolescent 10-19 yrs),2. Stocks Received,0,NA,NA,NA,NA,NA,NA,NA,NA,NA,0,NA,NA,NA,NA,NA,NA,NA,NA,NA,NA,NA,NA,NA,NA,NA,NA,NA,NA,NA,NA,NA,NA,NA,NA,NA,NA,NA,NA,NA,0,NA,NA,NA,NA,NA,NA,NA,NA,NA,0,NA,NA,NA,NA,NA,NA,NA,NA,NA,NA,NA,NA,NA,NA,NA,NA,NA,NA,NA,NA,NA,NA,NA,NA,NA,NA,NA,NA,NA,NA,NA,NA,NA,NA,NA,NA,NA,NA,NA,NA,NA,NA,NA,NA,NA,NA,NA,NA,NA,0,NA,NA,NA,NA,0,NA,NA,NA,NA,NA,NA,NA,NA,NA
M19 [Other Items],19.7,IFA - Blue ( Adolescent 10-19 yrs),3. Unusable Stock,0,NA,NA,NA,NA,NA,NA,NA,NA,NA,0,NA,NA,NA,NA,NA,NA,NA,NA,NA,NA,NA,NA,NA,NA,NA,NA,NA,NA,NA,NA,NA,NA,NA,NA,NA,NA,NA,NA,NA,0,NA,NA,NA,NA,NA,NA,NA,NA,NA,0,NA,NA,NA,NA,NA,NA,NA,NA,NA,NA,NA,NA,NA,NA,NA,NA,NA,NA,NA,NA,NA,NA,NA,NA,NA,NA,NA,NA,NA,NA,NA,NA,NA,NA,NA,NA,NA,NA,NA,NA,NA,NA,NA,NA,NA,NA,NA,NA,NA,0,NA,NA,NA,NA,0,NA,NA,NA,NA,NA,NA,NA,NA,NA
M19 [Other Items],19.7,IFA - Blue ( Adolescent 10-19 yrs),4. Stock Distributed,0,NA,NA,NA,NA,NA,NA,NA,NA,NA,0,NA,NA,NA,NA,NA,NA,NA,NA,NA,NA,NA,NA,NA,NA,NA,NA,NA,NA,NA,NA,NA,NA,NA,NA,NA,NA,NA,NA,NA,0,NA,NA,NA,NA,NA,NA,NA,NA,NA,0,NA,NA,NA,NA,NA,NA,NA,NA,NA,NA,NA,NA,NA,NA,NA,NA,NA,NA,NA,NA,NA,NA,NA,NA,NA,NA,NA,NA,NA,NA,NA,NA,NA,NA,NA,NA,NA,NA,NA,NA,NA,NA,NA,NA,NA,NA,NA,NA,NA,0,NA,NA,NA,NA,0,NA,NA,NA,NA,NA,NA,NA,NA,NA
M19 [Other Items],19.7,IFA - Blue ( Adolescent 10-19 yrs),5. Total Stock,0,NA,NA,NA,NA,0,NA,NA,NA,NA,0,NA,NA,NA,NA,NA,NA,NA,NA,NA,0,NA,NA,NA,NA,0,NA,NA,NA,NA,0,NA,NA,NA,NA,0,NA,NA,NA,NA,0,NA,NA,NA,NA,0,NA,NA,NA,NA,0,NA,NA,NA,NA,0,NA,NA,NA,NA,NA,NA,NA,NA,NA,NA,NA,NA,NA,NA,0,NA,NA,NA,NA,NA,NA,NA,NA,NA,NA,NA,NA,NA,NA,0,NA,NA,NA,NA,0,NA,NA,NA,NA,NA,NA,NA,NA,NA,0,NA,NA,NA,NA,0,NA,NA,NA,NA,0,NA,NA,NA,NA
M19 [Other Items],19.8,IFA- Pink ( Junior 6-10 yrs),1. Balance From Previous Month,0,NA,NA,NA,NA,NA,NA,NA,NA,NA,NA,NA,NA,NA,NA,NA,NA,NA,NA,NA,NA,NA,NA,NA,NA,NA,NA,NA,NA,NA,NA,NA,NA,NA,NA,NA,NA,NA,NA,NA,0,NA,NA,NA,NA,NA,NA,NA,NA,NA,0,NA,NA,NA,NA,NA,NA,NA,NA,NA,NA,NA,NA,NA,NA,NA,NA,NA,NA,NA,NA,NA,NA,NA,NA,NA,NA,NA,NA,NA,NA,NA,NA,NA,NA,NA,NA,NA,NA,NA,NA,NA,NA,NA,NA,NA,NA,NA,NA,NA,0,NA,NA,NA,NA,0,NA,NA,NA,NA,NA,NA,NA,NA,NA
M19 [Other Items],19.8,IFA- Pink ( Junior 6-10 yrs),2. Stocks Received,0,NA,NA,NA,NA,NA,NA,NA,NA,NA,NA,NA,NA,NA,NA,NA,NA,NA,NA,NA,NA,NA,NA,NA,NA,NA,NA,NA,NA,NA,NA,NA,NA,NA,NA,NA,NA,NA,NA,NA,0,NA,NA,NA,NA,NA,NA,NA,NA,NA,0,NA,NA,NA,NA,NA,NA,NA,NA,NA,NA,NA,NA,NA,NA,NA,NA,NA,NA,NA,NA,NA,NA,NA,NA,NA,NA,NA,NA,NA,NA,NA,NA,NA,NA,NA,NA,NA,NA,NA,NA,NA,NA,NA,NA,NA,NA,NA,NA,NA,0,NA,NA,NA,NA,0,NA,NA,NA,NA,NA,NA,NA,NA,NA
M19 [Other Items],19.8,IFA- Pink ( Junior 6-10 yrs),3. Unusable Stock,0,NA,NA,NA,NA,NA,NA,NA,NA,NA,NA,NA,NA,NA,NA,NA,NA,NA,NA,NA,NA,NA,NA,NA,NA,NA,NA,NA,NA,NA,NA,NA,NA,NA,NA,NA,NA,NA,NA,NA,0,NA,NA,NA,NA,NA,NA,NA,NA,NA,0,NA,NA,NA,NA,NA,NA,NA,NA,NA,NA,NA,NA,NA,NA,NA,NA,NA,NA,NA,NA,NA,NA,NA,NA,NA,NA,NA,NA,NA,NA,NA,NA,NA,NA,NA,NA,NA,NA,NA,NA,NA,NA,NA,NA,NA,NA,NA,NA,NA,0,NA,NA,NA,NA,0,NA,NA,NA,NA,NA,NA,NA,NA,NA
M19 [Other Items],19.8,IFA- Pink ( Junior 6-10 yrs),4. Stock Distributed,0,NA,NA,NA,NA,NA,NA,NA,NA,NA,NA,NA,NA,NA,NA,NA,NA,NA,NA,NA,NA,NA,NA,NA,NA,NA,NA,NA,NA,NA,NA,NA,NA,NA,NA,NA,NA,NA,NA,NA,0,NA,NA,NA,NA,NA,NA,NA,NA,NA,0,NA,NA,NA,NA,NA,NA,NA,NA,NA,NA,NA,NA,NA,NA,NA,NA,NA,NA,NA,NA,NA,NA,NA,NA,NA,NA,NA,NA,NA,NA,NA,NA,NA,NA,NA,NA,NA,NA,NA,NA,NA,NA,NA,NA,NA,NA,NA,NA,NA,0,NA,NA,NA,NA,0,NA,NA,NA,NA,NA,NA,NA,NA,NA
M19 [Other Items],19.8,IFA- Pink ( Junior 6-10 yrs),5. Total Stock,0,NA,NA,NA,NA,0,NA,NA,NA,NA,0,NA,NA,NA,NA,NA,NA,NA,NA,NA,0,NA,NA,NA,NA,0,NA,NA,NA,NA,0,NA,NA,NA,NA,0,NA,NA,NA,NA,0,NA,NA,NA,NA,0,NA,NA,NA,NA,0,NA,NA,NA,NA,0,NA,NA,NA,NA,NA,NA,NA,NA,NA,NA,NA,NA,NA,NA,0,NA,NA,NA,NA,NA,NA,NA,NA,NA,NA,NA,NA,NA,NA,0,NA,NA,NA,NA,0,NA,NA,NA,NA,NA,NA,NA,NA,NA,0,NA,NA,NA,NA,0,NA,NA,NA,NA,0,NA,NA,NA,NA
M19 [Other Items],19.9,IFA Syrup (Paediatric),1. Balance From Previous Month,1100,NA,NA,NA,NA,NA,NA,NA,NA,NA,NA,NA,NA,NA,NA,NA,NA,NA,NA,NA,NA,NA,NA,NA,NA,NA,NA,NA,NA,NA,0,NA,NA,NA,NA,NA,NA,NA,NA,NA,1100,NA,NA,NA,NA,NA,NA,NA,NA,NA,0,NA,NA,NA,NA,NA,NA,NA,NA,NA,NA,NA,NA,NA,NA,NA,NA,NA,NA,NA,NA,NA,NA,NA,NA,NA,NA,NA,NA,NA,NA,NA,NA,NA,NA,NA,NA,NA,NA,NA,NA,NA,NA,NA,NA,NA,NA,NA,NA,NA,0,NA,NA,NA,NA,0,NA,NA,NA,NA,NA,NA,NA,NA,NA
M19 [Other Items],19.9,IFA Syrup (Paediatric),2. Stocks Received,0,NA,NA,NA,NA,NA,NA,NA,NA,NA,NA,NA,NA,NA,NA,NA,NA,NA,NA,NA,NA,NA,NA,NA,NA,NA,NA,NA,NA,NA,NA,NA,NA,NA,NA,NA,NA,NA,NA,NA,0,NA,NA,NA,NA,NA,NA,NA,NA,NA,0,NA,NA,NA,NA,NA,NA,NA,NA,NA,NA,NA,NA,NA,NA,NA,NA,NA,NA,NA,NA,NA,NA,NA,NA,NA,NA,NA,NA,NA,NA,NA,NA,NA,NA,NA,NA,NA,NA,NA,NA,NA,NA,NA,NA,NA,NA,NA,NA,NA,0,NA,NA,NA,NA,0,NA,NA,NA,NA,NA,NA,NA,NA,NA
M19 [Other Items],19.9,IFA Syrup (Paediatric),3. Unusable Stock,0,NA,NA,NA,NA,NA,NA,NA,NA,NA,NA,NA,NA,NA,NA,NA,NA,NA,NA,NA,NA,NA,NA,NA,NA,NA,NA,NA,NA,NA,NA,NA,NA,NA,NA,NA,NA,NA,NA,NA,0,NA,NA,NA,NA,NA,NA,NA,NA,NA,0,NA,NA,NA,NA,NA,NA,NA,NA,NA,NA,NA,NA,NA,NA,NA,NA,NA,NA,NA,NA,NA,NA,NA,NA,NA,NA,NA,NA,NA,NA,NA,NA,NA,NA,NA,NA,NA,NA,NA,NA,NA,NA,NA,NA,NA,NA,NA,NA,NA,0,NA,NA,NA,NA,0,NA,NA,NA,NA,NA,NA,NA,NA,NA
M19 [Other Items],19.9,IFA Syrup (Paediatric),4. Stock Distributed,1100,NA,NA,NA,NA,NA,NA,NA,NA,NA,NA,NA,NA,NA,NA,NA,NA,NA,NA,NA,NA,NA,NA,NA,NA,NA,NA,NA,NA,NA,NA,NA,NA,NA,NA,NA,NA,NA,NA,NA,1100,NA,NA,NA,NA,NA,NA,NA,NA,NA,0,NA,NA,NA,NA,NA,NA,NA,NA,NA,NA,NA,NA,NA,NA,NA,NA,NA,NA,NA,NA,NA,NA,NA,NA,NA,NA,NA,NA,NA,NA,NA,NA,NA,NA,NA,NA,NA,NA,NA,NA,NA,NA,NA,NA,NA,NA,NA,NA,NA,0,NA,NA,NA,NA,0,NA,NA,NA,NA,NA,NA,NA,NA,NA
M19 [Other Items],19.9,IFA Syrup (Paediatric),5. Total Stock,0,NA,NA,NA,NA,0,NA,NA,NA,NA,0,NA,NA,NA,NA,NA,NA,NA,NA,NA,0,NA,NA,NA,NA,0,NA,NA,NA,NA,0,NA,NA,NA,NA,0,NA,NA,NA,NA,0,NA,NA,NA,NA,0,NA,NA,NA,NA,0,NA,NA,NA,NA,0,NA,NA,NA,NA,NA,NA,NA,NA,NA,NA,NA,NA,NA,NA,0,NA,NA,NA,NA,NA,NA,NA,NA,NA,NA,NA,NA,NA,NA,0,NA,NA,NA,NA,0,NA,NA,NA,NA,NA,NA,NA,NA,NA,0,NA,NA,NA,NA,0,NA,NA,NA,NA,0,NA,NA,NA,NA
M19 [Other Items],19.1,Paediatrics Antibiotics ( Amoxycillin and Injectable Gentamicin),1. Balance From Previous Month,0,NA,NA,NA,NA,NA,NA,NA,NA,NA,NA,NA,NA,NA,NA,NA,NA,NA,NA,NA,NA,NA,NA,NA,NA,NA,NA,NA,NA,NA,NA,NA,NA,NA,NA,NA,NA,NA,NA,NA,0,NA,NA,NA,NA,NA,NA,NA,NA,NA,0,NA,NA,NA,NA,NA,NA,NA,NA,NA,NA,NA,NA,NA,NA,NA,NA,NA,NA,NA,NA,NA,NA,NA,NA,NA,NA,NA,NA,NA,NA,NA,NA,NA,NA,NA,NA,NA,NA,NA,NA,NA,NA,NA,NA,NA,NA,NA,NA,NA,0,NA,NA,NA,NA,0,NA,NA,NA,NA,NA,NA,NA,NA,NA
M19 [Other Items],19.1,Paediatrics Antibiotics ( Amoxycillin and Injectable Gentamicin),2. Stocks Received,0,NA,NA,NA,NA,NA,NA,NA,NA,NA,NA,NA,NA,NA,NA,NA,NA,NA,NA,NA,NA,NA,NA,NA,NA,NA,NA,NA,NA,NA,NA,NA,NA,NA,NA,NA,NA,NA,NA,NA,0,NA,NA,NA,NA,NA,NA,NA,NA,NA,0,NA,NA,NA,NA,NA,NA,NA,NA,NA,NA,NA,NA,NA,NA,NA,NA,NA,NA,NA,NA,NA,NA,NA,NA,NA,NA,NA,NA,NA,NA,NA,NA,NA,NA,NA,NA,NA,NA,NA,NA,NA,NA,NA,NA,NA,NA,NA,NA,NA,0,NA,NA,NA,NA,0,NA,NA,NA,NA,NA,NA,NA,NA,NA
M19 [Other Items],19.1,Paediatrics Antibiotics ( Amoxycillin and Injectable Gentamicin),3. Unusable Stock,0,NA,NA,NA,NA,NA,NA,NA,NA,NA,NA,NA,NA,NA,NA,NA,NA,NA,NA,NA,NA,NA,NA,NA,NA,NA,NA,NA,NA,NA,NA,NA,NA,NA,NA,NA,NA,NA,NA,NA,0,NA,NA,NA,NA,NA,NA,NA,NA,NA,0,NA,NA,NA,NA,NA,NA,NA,NA,NA,NA,NA,NA,NA,NA,NA,NA,NA,NA,NA,NA,NA,NA,NA,NA,NA,NA,NA,NA,NA,NA,NA,NA,NA,NA,NA,NA,NA,NA,NA,NA,NA,NA,NA,NA,NA,NA,NA,NA,NA,0,NA,NA,NA,NA,0,NA,NA,NA,NA,NA,NA,NA,NA,NA
M19 [Other Items],19.1,Paediatrics Antibiotics ( Amoxycillin and Injectable Gentamicin),4. Stock Distributed,0,NA,NA,NA,NA,NA,NA,NA,NA,NA,NA,NA,NA,NA,NA,NA,NA,NA,NA,NA,NA,NA,NA,NA,NA,NA,NA,NA,NA,NA,NA,NA,NA,NA,NA,NA,NA,NA,NA,NA,0,NA,NA,NA,NA,NA,NA,NA,NA,NA,0,NA,NA,NA,NA,NA,NA,NA,NA,NA,NA,NA,NA,NA,NA,NA,NA,NA,NA,NA,NA,NA,NA,NA,NA,NA,NA,NA,NA,NA,NA,NA,NA,NA,NA,NA,NA,NA,NA,NA,NA,NA,NA,NA,NA,NA,NA,NA,NA,NA,0,NA,NA,NA,NA,0,NA,NA,NA,NA,NA,NA,NA,NA,NA
M19 [Other Items],19.1,Paediatrics Antibiotics ( Amoxycillin and Injectable Gentamicin),5. Total Stock,0,NA,NA,NA,NA,0,NA,NA,NA,NA,0,NA,NA,NA,NA,NA,NA,NA,NA,NA,0,NA,NA,NA,NA,0,NA,NA,NA,NA,0,NA,NA,NA,NA,0,NA,NA,NA,NA,0,NA,NA,NA,NA,0,NA,NA,NA,NA,0,NA,NA,NA,NA,0,NA,NA,NA,NA,NA,NA,NA,NA,NA,NA,NA,NA,NA,NA,0,NA,NA,NA,NA,NA,NA,NA,NA,NA,NA,NA,NA,NA,NA,0,NA,NA,NA,NA,0,NA,NA,NA,NA,NA,NA,NA,NA,NA,0,NA,NA,NA,NA,0,NA,NA,NA,NA,0,NA,NA,NA,NA
M19 [Other Items],19.11,Vit A syrup,1. Balance From Previous Month,98,NA,NA,NA,NA,NA,NA,NA,NA,NA,NA,NA,NA,NA,NA,NA,NA,NA,NA,NA,NA,NA,NA,NA,NA,NA,NA,NA,NA,NA,0,NA,NA,NA,NA,NA,NA,NA,NA,NA,98,NA,NA,NA,NA,NA,NA,NA,NA,NA,0,NA,NA,NA,NA,NA,NA,NA,NA,NA,NA,NA,NA,NA,NA,NA,NA,NA,NA,NA,NA,NA,NA,NA,NA,NA,NA,NA,NA,NA,NA,NA,NA,NA,NA,NA,NA,NA,NA,NA,NA,NA,NA,NA,NA,NA,NA,NA,NA,NA,0,NA,NA,NA,NA,0,NA,NA,NA,NA,NA,NA,NA,NA,NA
M19 [Other Items],19.11,Vit A syrup,2. Stocks Received,75,NA,NA,NA,NA,NA,NA,NA,NA,NA,NA,NA,NA,NA,NA,NA,NA,NA,NA,NA,NA,NA,NA,NA,NA,NA,NA,NA,NA,NA,75,NA,NA,NA,NA,NA,NA,NA,NA,NA,0,NA,NA,NA,NA,NA,NA,NA,NA,NA,0,NA,NA,NA,NA,NA,NA,NA,NA,NA,NA,NA,NA,NA,NA,NA,NA,NA,NA,NA,NA,NA,NA,NA,NA,NA,NA,NA,NA,NA,NA,NA,NA,NA,NA,NA,NA,NA,NA,NA,NA,NA,NA,NA,NA,NA,NA,NA,NA,NA,0,NA,NA,NA,NA,0,NA,NA,NA,NA,NA,NA,NA,NA,NA
M19 [Other Items],19.11,Vit A syrup,3. Unusable Stock,0,NA,NA,NA,NA,NA,NA,NA,NA,NA,NA,NA,NA,NA,NA,NA,NA,NA,NA,NA,NA,NA,NA,NA,NA,NA,NA,NA,NA,NA,NA,NA,NA,NA,NA,NA,NA,NA,NA,NA,0,NA,NA,NA,NA,NA,NA,NA,NA,NA,0,NA,NA,NA,NA,NA,NA,NA,NA,NA,NA,NA,NA,NA,NA,NA,NA,NA,NA,NA,NA,NA,NA,NA,NA,NA,NA,NA,NA,NA,NA,NA,NA,NA,NA,NA,NA,NA,NA,NA,NA,NA,NA,NA,NA,NA,NA,NA,NA,NA,0,NA,NA,NA,NA,0,NA,NA,NA,NA,NA,NA,NA,NA,NA
M19 [Other Items],19.11,Vit A syrup,4. Stock Distributed,173,NA,NA,NA,NA,NA,NA,NA,NA,NA,NA,NA,NA,NA,NA,NA,NA,NA,NA,NA,NA,NA,NA,NA,NA,NA,NA,NA,NA,NA,75,NA,NA,NA,NA,NA,NA,NA,NA,NA,98,NA,NA,NA,NA,NA,NA,NA,NA,NA,0,NA,NA,NA,NA,NA,NA,NA,NA,NA,NA,NA,NA,NA,NA,NA,NA,NA,NA,NA,NA,NA,NA,NA,NA,NA,NA,NA,NA,NA,NA,NA,NA,NA,NA,NA,NA,NA,NA,NA,NA,NA,NA,NA,NA,NA,NA,NA,NA,NA,0,NA,NA,NA,NA,0,NA,NA,NA,NA,NA,NA,NA,NA,NA
M19 [Other Items],19.11,Vit A syrup,5. Total Stock,0,NA,NA,NA,NA,0,NA,NA,NA,NA,0,NA,NA,NA,NA,NA,NA,NA,NA,NA,0,NA,NA,NA,NA,0,NA,NA,NA,NA,0,NA,NA,NA,NA,0,NA,NA,NA,NA,0,NA,NA,NA,NA,0,NA,NA,NA,NA,0,NA,NA,NA,NA,0,NA,NA,NA,NA,NA,NA,NA,NA,NA,NA,NA,NA,NA,NA,0,NA,NA,NA,NA,NA,NA,NA,NA,NA,NA,NA,NA,NA,NA,0,NA,NA,NA,NA,0,NA,NA,NA,NA,NA,NA,NA,NA,NA,0,NA,NA,NA,NA,0,NA,NA,NA,NA,0,NA,NA,NA,NA
M19 [Other Items],19.12,ORS (New WHO),1. Balance From Previous Month,0,NA,NA,NA,NA,NA,NA,NA,NA,NA,NA,NA,NA,NA,NA,NA,NA,NA,NA,NA,NA,NA,NA,NA,NA,NA,NA,NA,NA,NA,0,NA,NA,NA,NA,NA,NA,NA,NA,NA,0,NA,NA,NA,NA,NA,NA,NA,NA,NA,0,NA,NA,NA,NA,NA,NA,NA,NA,NA,NA,NA,NA,NA,NA,NA,NA,NA,NA,NA,NA,NA,NA,NA,NA,NA,NA,NA,NA,NA,NA,NA,NA,NA,NA,NA,NA,NA,NA,NA,NA,NA,NA,NA,NA,NA,NA,NA,NA,NA,0,NA,NA,NA,NA,0,NA,NA,NA,NA,NA,NA,NA,NA,NA
M19 [Other Items],19.12,ORS (New WHO),2. Stocks Received,24000,NA,NA,NA,NA,NA,NA,NA,NA,NA,NA,NA,NA,NA,NA,NA,NA,NA,NA,NA,NA,NA,NA,NA,NA,NA,NA,NA,NA,NA,24000,NA,NA,NA,NA,NA,NA,NA,NA,NA,0,NA,NA,NA,NA,NA,NA,NA,NA,NA,0,NA,NA,NA,NA,NA,NA,NA,NA,NA,NA,NA,NA,NA,NA,NA,NA,NA,NA,NA,NA,NA,NA,NA,NA,NA,NA,NA,NA,NA,NA,NA,NA,NA,NA,NA,NA,NA,NA,NA,NA,NA,NA,NA,NA,NA,NA,NA,NA,NA,0,NA,NA,NA,NA,0,NA,NA,NA,NA,NA,NA,NA,NA,NA
M19 [Other Items],19.12,ORS (New WHO),3. Unusable Stock,0,NA,NA,NA,NA,NA,NA,NA,NA,NA,NA,NA,NA,NA,NA,NA,NA,NA,NA,NA,NA,NA,NA,NA,NA,NA,NA,NA,NA,NA,NA,NA,NA,NA,NA,NA,NA,NA,NA,NA,0,NA,NA,NA,NA,NA,NA,NA,NA,NA,0,NA,NA,NA,NA,NA,NA,NA,NA,NA,NA,NA,NA,NA,NA,NA,NA,NA,NA,NA,NA,NA,NA,NA,NA,NA,NA,NA,NA,NA,NA,NA,NA,NA,NA,NA,NA,NA,NA,NA,NA,NA,NA,NA,NA,NA,NA,NA,NA,NA,0,NA,NA,NA,NA,0,NA,NA,NA,NA,NA,NA,NA,NA,NA
M19 [Other Items],19.12,ORS (New WHO),4. Stock Distributed,24000,NA,NA,NA,NA,NA,NA,NA,NA,NA,NA,NA,NA,NA,NA,NA,NA,NA,NA,NA,NA,NA,NA,NA,NA,NA,NA,NA,NA,NA,24000,NA,NA,NA,NA,NA,NA,NA,NA,NA,0,NA,NA,NA,NA,NA,NA,NA,NA,NA,0,NA,NA,NA,NA,NA,NA,NA,NA,NA,NA,NA,NA,NA,NA,NA,NA,NA,NA,NA,NA,NA,NA,NA,NA,NA,NA,NA,NA,NA,NA,NA,NA,NA,NA,NA,NA,NA,NA,NA,NA,NA,NA,NA,NA,NA,NA,NA,NA,NA,0,NA,NA,NA,NA,0,NA,NA,NA,NA,NA,NA,NA,NA,NA
M19 [Other Items],19.12,ORS (New WHO),5. Total Stock,0,NA,NA,NA,NA,NA,NA,NA,NA,NA,NA,NA,NA,NA,NA,NA,NA,NA,NA,NA,NA,NA,NA,NA,NA,NA,NA,NA,NA,NA,0,NA,NA,NA,NA,NA,NA,NA,NA,NA,0,NA,NA,NA,NA,NA,NA,NA,NA,NA,0,NA,NA,NA,NA,NA,NA,NA,NA,NA,NA,NA,NA,NA,NA,NA,NA,NA,NA,NA,NA,NA,NA,NA,NA,NA,NA,NA,NA,NA,NA,NA,NA,NA,NA,NA,NA,NA,NA,NA,NA,NA,NA,NA,NA,NA,NA,NA,NA,NA,0,NA,NA,NA,NA,0,NA,NA,NA,NA,NA,NA,NA,NA,NA
M19 [Other Items],19.13,RTI /STI colour coded syndromic kits ( I to VII),1. Balance From Previous Month,0,NA,NA,NA,NA,NA,NA,NA,NA,NA,NA,NA,NA,NA,NA,NA,NA,NA,NA,NA,NA,NA,NA,NA,NA,NA,NA,NA,NA,NA,NA,NA,NA,NA,NA,NA,NA,NA,NA,NA,0,NA,NA,NA,NA,NA,NA,NA,NA,NA,0,NA,NA,NA,NA,NA,NA,NA,NA,NA,NA,NA,NA,NA,NA,NA,NA,NA,NA,NA,NA,NA,NA,NA,NA,NA,NA,NA,NA,NA,NA,NA,NA,NA,NA,NA,NA,NA,NA,NA,NA,NA,NA,NA,NA,NA,NA,NA,NA,NA,0,NA,NA,NA,NA,0,NA,NA,NA,NA,NA,NA,NA,NA,NA
M19 [Other Items],19.13,RTI /STI colour coded syndromic kits ( I to VII),2. Stocks Received,0,NA,NA,NA,NA,NA,NA,NA,NA,NA,NA,NA,NA,NA,NA,NA,NA,NA,NA,NA,NA,NA,NA,NA,NA,NA,NA,NA,NA,NA,NA,NA,NA,NA,NA,NA,NA,NA,NA,NA,0,NA,NA,NA,NA,NA,NA,NA,NA,NA,0,NA,NA,NA,NA,NA,NA,NA,NA,NA,NA,NA,NA,NA,NA,NA,NA,NA,NA,NA,NA,NA,NA,NA,NA,NA,NA,NA,NA,NA,NA,NA,NA,NA,NA,NA,NA,NA,NA,NA,NA,NA,NA,NA,NA,NA,NA,NA,NA,NA,0,NA,NA,NA,NA,0,NA,NA,NA,NA,NA,NA,NA,NA,NA
M19 [Other Items],19.13,RTI /STI colour coded syndromic kits ( I to VII),3. Unusable Stock,0,NA,NA,NA,NA,NA,NA,NA,NA,NA,NA,NA,NA,NA,NA,NA,NA,NA,NA,NA,NA,NA,NA,NA,NA,NA,NA,NA,NA,NA,NA,NA,NA,NA,NA,NA,NA,NA,NA,NA,0,NA,NA,NA,NA,NA,NA,NA,NA,NA,0,NA,NA,NA,NA,NA,NA,NA,NA,NA,NA,NA,NA,NA,NA,NA,NA,NA,NA,NA,NA,NA,NA,NA,NA,NA,NA,NA,NA,NA,NA,NA,NA,NA,NA,NA,NA,NA,NA,NA,NA,NA,NA,NA,NA,NA,NA,NA,NA,NA,0,NA,NA,NA,NA,0,NA,NA,NA,NA,NA,NA,NA,NA,NA
M19 [Other Items],19.13,RTI /STI colour coded syndromic kits ( I to VII),4. Stock Distributed,0,NA,NA,NA,NA,NA,NA,NA,NA,NA,NA,NA,NA,NA,NA,NA,NA,NA,NA,NA,NA,NA,NA,NA,NA,NA,NA,NA,NA,NA,NA,NA,NA,NA,NA,NA,NA,NA,NA,NA,0,NA,NA,NA,NA,NA,NA,NA,NA,NA,0,NA,NA,NA,NA,NA,NA,NA,NA,NA,NA,NA,NA,NA,NA,NA,NA,NA,NA,NA,NA,NA,NA,NA,NA,NA,NA,NA,NA,NA,NA,NA,NA,NA,NA,NA,NA,NA,NA,NA,NA,NA,NA,NA,NA,NA,NA,NA,NA,NA,0,NA,NA,NA,NA,0,NA,NA,NA,NA,NA,NA,NA,NA,NA
M19 [Other Items],19.13,RTI /STI colour coded syndromic kits ( I to VII),5. Total Stock,0,NA,NA,NA,NA,NA,NA,NA,NA,NA,NA,NA,NA,NA,NA,NA,NA,NA,NA,NA,NA,NA,NA,NA,NA,NA,NA,NA,NA,NA,NA,NA,NA,NA,NA,NA,NA,NA,NA,NA,0,NA,NA,NA,NA,NA,NA,NA,NA,NA,0,NA,NA,NA,NA,NA,NA,NA,NA,NA,NA,NA,NA,NA,NA,NA,NA,NA,NA,NA,NA,NA,NA,NA,NA,NA,NA,NA,NA,NA,NA,NA,NA,NA,NA,NA,NA,NA,NA,NA,NA,NA,NA,NA,NA,NA,NA,NA,NA,NA,0,NA,NA,NA,NA,0,NA,NA,NA,NA,NA,NA,NA,NA,NA
M19 [Other Items],19.14,Zinc 20 mg tablet,1. Balance From Previous Month,26600,NA,NA,NA,NA,NA,NA,NA,NA,NA,NA,NA,NA,NA,NA,NA,NA,NA,NA,NA,NA,NA,NA,NA,NA,NA,NA,NA,NA,NA,26100,NA,NA,NA,NA,NA,NA,NA,NA,NA,500,NA,NA,NA,NA,NA,NA,NA,NA,NA,0,NA,NA,NA,NA,NA,NA,NA,NA,NA,NA,NA,NA,NA,NA,NA,NA,NA,NA,NA,NA,NA,NA,NA,NA,NA,NA,NA,NA,NA,NA,NA,NA,NA,NA,NA,NA,NA,NA,NA,NA,NA,NA,NA,NA,NA,NA,NA,NA,NA,0,NA,NA,NA,NA,0,NA,NA,NA,NA,NA,NA,NA,NA,NA
M19 [Other Items],19.14,Zinc 20 mg tablet,2. Stocks Received,0,NA,NA,NA,NA,NA,NA,NA,NA,NA,NA,NA,NA,NA,NA,NA,NA,NA,NA,NA,NA,NA,NA,NA,NA,NA,NA,NA,NA,NA,NA,NA,NA,NA,NA,NA,NA,NA,NA,NA,0,NA,NA,NA,NA,NA,NA,NA,NA,NA,0,NA,NA,NA,NA,NA,NA,NA,NA,NA,NA,NA,NA,NA,NA,NA,NA,NA,NA,NA,NA,NA,NA,NA,NA,NA,NA,NA,NA,NA,NA,NA,NA,NA,NA,NA,NA,NA,NA,NA,NA,NA,NA,NA,NA,NA,NA,NA,NA,NA,0,NA,NA,NA,NA,0,NA,NA,NA,NA,NA,NA,NA,NA,NA
M19 [Other Items],19.14,Zinc 20 mg tablet,3. Unusable Stock,0,NA,NA,NA,NA,NA,NA,NA,NA,NA,NA,NA,NA,NA,NA,NA,NA,NA,NA,NA,NA,NA,NA,NA,NA,NA,NA,NA,NA,NA,NA,NA,NA,NA,NA,NA,NA,NA,NA,NA,0,NA,NA,NA,NA,NA,NA,NA,NA,NA,0,NA,NA,NA,NA,NA,NA,NA,NA,NA,NA,NA,NA,NA,NA,NA,NA,NA,NA,NA,NA,NA,NA,NA,NA,NA,NA,NA,NA,NA,NA,NA,NA,NA,NA,NA,NA,NA,NA,NA,NA,NA,NA,NA,NA,NA,NA,NA,NA,NA,0,NA,NA,NA,NA,0,NA,NA,NA,NA,NA,NA,NA,NA,NA
M19 [Other Items],19.14,Zinc 20 mg tablet,4. Stock Distributed,500,NA,NA,NA,NA,NA,NA,NA,NA,NA,NA,NA,NA,NA,NA,NA,NA,NA,NA,NA,NA,NA,NA,NA,NA,NA,NA,NA,NA,NA,NA,NA,NA,NA,NA,NA,NA,NA,NA,NA,500,NA,NA,NA,NA,NA,NA,NA,NA,NA,0,NA,NA,NA,NA,NA,NA,NA,NA,NA,NA,NA,NA,NA,NA,NA,NA,NA,NA,NA,NA,NA,NA,NA,NA,NA,NA,NA,NA,NA,NA,NA,NA,NA,NA,NA,NA,NA,NA,NA,NA,NA,NA,NA,NA,NA,NA,NA,NA,NA,0,NA,NA,NA,NA,0,NA,NA,NA,NA,NA,NA,NA,NA,NA
M19 [Other Items],19.14,Zinc 20 mg tablet,5. Total Stock,26100,NA,NA,NA,NA,NA,NA,NA,NA,NA,NA,NA,NA,NA,NA,NA,NA,NA,NA,NA,NA,NA,NA,NA,NA,NA,NA,NA,NA,NA,26100,NA,NA,NA,NA,NA,NA,NA,NA,NA,0,NA,NA,NA,NA,NA,NA,NA,NA,NA,0,NA,NA,NA,NA,NA,NA,NA,NA,NA,NA,NA,NA,NA,NA,NA,NA,NA,NA,NA,NA,NA,NA,NA,NA,NA,NA,NA,NA,NA,NA,NA,NA,NA,NA,NA,NA,NA,NA,NA,NA,NA,NA,NA,NA,NA,NA,NA,NA,NA,0,NA,NA,NA,NA,0,NA,NA,NA,NA,NA,NA,NA,NA,NA
M19 [Other Items],19.15,Albendazole 400 mg tablet,1. Balance From Previous Month,0,NA,NA,NA,NA,NA,NA,NA,NA,NA,NA,NA,NA,NA,NA,NA,NA,NA,NA,NA,NA,NA,NA,NA,NA,NA,NA,NA,NA,NA,0,NA,NA,NA,NA,NA,NA,NA,NA,NA,0,NA,NA,NA,NA,NA,NA,NA,NA,NA,0,NA,NA,NA,NA,NA,NA,NA,NA,NA,NA,NA,NA,NA,NA,NA,NA,NA,NA,NA,NA,NA,NA,NA,NA,NA,NA,NA,NA,NA,NA,NA,NA,NA,NA,NA,NA,NA,NA,NA,NA,NA,NA,NA,NA,NA,NA,NA,NA,NA,0,NA,NA,NA,NA,0,NA,NA,NA,NA,NA,NA,NA,NA,NA
M19 [Other Items],19.15,Albendazole 400 mg tablet,2. Stocks Received,0,NA,NA,NA,NA,NA,NA,NA,NA,NA,NA,NA,NA,NA,NA,NA,NA,NA,NA,NA,NA,NA,NA,NA,NA,NA,NA,NA,NA,NA,NA,NA,NA,NA,NA,NA,NA,NA,NA,NA,0,NA,NA,NA,NA,NA,NA,NA,NA,NA,0,NA,NA,NA,NA,NA,NA,NA,NA,NA,NA,NA,NA,NA,NA,NA,NA,NA,NA,NA,NA,NA,NA,NA,NA,NA,NA,NA,NA,NA,NA,NA,NA,NA,NA,NA,NA,NA,NA,NA,NA,NA,NA,NA,NA,NA,NA,NA,NA,NA,0,NA,NA,NA,NA,0,NA,NA,NA,NA,NA,NA,NA,NA,NA
M19 [Other Items],19.15,Albendazole 400 mg tablet,3. Unusable Stock,0,NA,NA,NA,NA,NA,NA,NA,NA,NA,NA,NA,NA,NA,NA,NA,NA,NA,NA,NA,NA,NA,NA,NA,NA,NA,NA,NA,NA,NA,NA,NA,NA,NA,NA,NA,NA,NA,NA,NA,0,NA,NA,NA,NA,NA,NA,NA,NA,NA,0,NA,NA,NA,NA,NA,NA,NA,NA,NA,NA,NA,NA,NA,NA,NA,NA,NA,NA,NA,NA,NA,NA,NA,NA,NA,NA,NA,NA,NA,NA,NA,NA,NA,NA,NA,NA,NA,NA,NA,NA,NA,NA,NA,NA,NA,NA,NA,NA,NA,0,NA,NA,NA,NA,0,NA,NA,NA,NA,NA,NA,NA,NA,NA
M19 [Other Items],19.15,Albendazole 400 mg tablet,4. Stock Distributed,0,NA,NA,NA,NA,NA,NA,NA,NA,NA,NA,NA,NA,NA,NA,NA,NA,NA,NA,NA,NA,NA,NA,NA,NA,NA,NA,NA,NA,NA,NA,NA,NA,NA,NA,NA,NA,NA,NA,NA,0,NA,NA,NA,NA,NA,NA,NA,NA,NA,0,NA,NA,NA,NA,NA,NA,NA,NA,NA,NA,NA,NA,NA,NA,NA,NA,NA,NA,NA,NA,NA,NA,NA,NA,NA,NA,NA,NA,NA,NA,NA,NA,NA,NA,NA,NA,NA,NA,NA,NA,NA,NA,NA,NA,NA,NA,NA,NA,NA,0,NA,NA,NA,NA,0,NA,NA,NA,NA,NA,NA,NA,NA,NA
M19 [Other Items],19.15,Albendazole 400 mg tablet,5. Total Stock,0,NA,NA,NA,NA,NA,NA,NA,NA,NA,NA,NA,NA,NA,NA,NA,NA,NA,NA,NA,NA,NA,NA,NA,NA,NA,NA,NA,NA,NA,0,NA,NA,NA,NA,NA,NA,NA,NA,NA,0,NA,NA,NA,NA,NA,NA,NA,NA,NA,0,NA,NA,NA,NA,NA,NA,NA,NA,NA,NA,NA,NA,NA,NA,NA,NA,NA,NA,NA,NA,NA,NA,NA,NA,NA,NA,NA,NA,NA,NA,NA,NA,NA,NA,NA,NA,NA,NA,NA,NA,NA,NA,NA,NA,NA,NA,NA,NA,NA,0,NA,NA,NA,NA,0,NA,NA,NA,NA,NA,NA,NA,NA,NA
M19 [Other Items],19.16,Calcium Tablets,1. Balance From Previous Month,0,NA,NA,NA,NA,NA,NA,NA,NA,NA,NA,NA,NA,NA,NA,NA,NA,NA,NA,NA,NA,NA,NA,NA,NA,NA,NA,NA,NA,NA,0,NA,NA,NA,NA,NA,NA,NA,NA,NA,0,NA,NA,NA,NA,NA,NA,NA,NA,NA,0,NA,NA,NA,NA,NA,NA,NA,NA,NA,NA,NA,NA,NA,NA,NA,NA,NA,NA,NA,NA,NA,NA,NA,NA,NA,NA,NA,NA,NA,NA,NA,NA,NA,NA,NA,NA,NA,NA,NA,NA,NA,NA,NA,NA,NA,NA,NA,NA,NA,0,NA,NA,NA,NA,0,NA,NA,NA,NA,NA,NA,NA,NA,NA
M19 [Other Items],19.16,Calcium Tablets,2. Stocks Received,0,NA,NA,NA,NA,NA,NA,NA,NA,NA,NA,NA,NA,NA,NA,NA,NA,NA,NA,NA,NA,NA,NA,NA,NA,NA,NA,NA,NA,NA,NA,NA,NA,NA,NA,NA,NA,NA,NA,NA,0,NA,NA,NA,NA,NA,NA,NA,NA,NA,0,NA,NA,NA,NA,NA,NA,NA,NA,NA,NA,NA,NA,NA,NA,NA,NA,NA,NA,NA,NA,NA,NA,NA,NA,NA,NA,NA,NA,NA,NA,NA,NA,NA,NA,NA,NA,NA,NA,NA,NA,NA,NA,NA,NA,NA,NA,NA,NA,NA,0,NA,NA,NA,NA,0,NA,NA,NA,NA,NA,NA,NA,NA,NA
M19 [Other Items],19.16,Calcium Tablets,3. Unusable Stock,0,NA,NA,NA,NA,NA,NA,NA,NA,NA,NA,NA,NA,NA,NA,NA,NA,NA,NA,NA,NA,NA,NA,NA,NA,NA,NA,NA,NA,NA,NA,NA,NA,NA,NA,NA,NA,NA,NA,NA,0,NA,NA,NA,NA,NA,NA,NA,NA,NA,0,NA,NA,NA,NA,NA,NA,NA,NA,NA,NA,NA,NA,NA,NA,NA,NA,NA,NA,NA,NA,NA,NA,NA,NA,NA,NA,NA,NA,NA,NA,NA,NA,NA,NA,NA,NA,NA,NA,NA,NA,NA,NA,NA,NA,NA,NA,NA,NA,NA,0,NA,NA,NA,NA,0,NA,NA,NA,NA,NA,NA,NA,NA,NA
M19 [Other Items],19.16,Calcium Tablets,4. Stock Distributed,0,NA,NA,NA,NA,NA,NA,NA,NA,NA,NA,NA,NA,NA,NA,NA,NA,NA,NA,NA,NA,NA,NA,NA,NA,NA,NA,NA,NA,NA,NA,NA,NA,NA,NA,NA,NA,NA,NA,NA,0,NA,NA,NA,NA,NA,NA,NA,NA,NA,0,NA,NA,NA,NA,NA,NA,NA,NA,NA,NA,NA,NA,NA,NA,NA,NA,NA,NA,NA,NA,NA,NA,NA,NA,NA,NA,NA,NA,NA,NA,NA,NA,NA,NA,NA,NA,NA,NA,NA,NA,NA,NA,NA,NA,NA,NA,NA,NA,NA,0,NA,NA,NA,NA,0,NA,NA,NA,NA,NA,NA,NA,NA,NA
M19 [Other Items],19.16,Calcium Tablets,5. Total Stock,0,NA,NA,NA,NA,NA,NA,NA,NA,NA,NA,NA,NA,NA,NA,NA,NA,NA,NA,NA,NA,NA,NA,NA,NA,NA,NA,NA,NA,NA,0,NA,NA,NA,NA,NA,NA,NA,NA,NA,0,NA,NA,NA,NA,NA,NA,NA,NA,NA,0,NA,NA,NA,NA,NA,NA,NA,NA,NA,NA,NA,NA,NA,NA,NA,NA,NA,NA,NA,NA,NA,NA,NA,NA,NA,NA,NA,NA,NA,NA,NA,NA,NA,NA,NA,NA,NA,NA,NA,NA,NA,NA,NA,NA,NA,NA,NA,NA,NA,0,NA,NA,NA,NA,0,NA,NA,NA,NA,NA,NA,NA,NA,NA
M20 [Syringes],20.1,Syringes - 0.1 ml (AD),1. Balance From Previous Month,110600,NA,NA,NA,NA,12500,NA,NA,NA,NA,700,NA,NA,NA,NA,NA,NA,NA,NA,NA,NA,NA,NA,NA,NA,1700,NA,NA,NA,NA,13800,NA,NA,NA,NA,1800,NA,NA,NA,NA,11700,NA,NA,NA,NA,NA,NA,NA,NA,NA,10500,NA,NA,NA,NA,6850,NA,NA,NA,NA,NA,NA,NA,NA,NA,NA,NA,NA,NA,NA,NA,NA,NA,NA,NA,NA,NA,NA,NA,NA,NA,NA,NA,NA,NA,15700,NA,NA,NA,NA,5350,NA,NA,NA,NA,NA,NA,NA,NA,NA,14500,NA,NA,NA,NA,7200,NA,NA,NA,NA,8300,NA,NA,NA,NA
M20 [Syringes],20.1,Syringes - 0.1 ml (AD),2. Stocks Received,27000,NA,NA,NA,NA,0,NA,NA,NA,NA,2000,NA,NA,NA,NA,NA,NA,NA,NA,NA,10000,NA,NA,NA,NA,7000,NA,NA,NA,NA,1000,NA,NA,NA,NA,2000,NA,NA,NA,NA,0,NA,NA,NA,NA,NA,NA,NA,NA,NA,0,NA,NA,NA,NA,NA,NA,NA,NA,NA,NA,NA,NA,NA,NA,NA,NA,NA,NA,NA,NA,NA,NA,NA,NA,NA,NA,NA,NA,NA,NA,NA,NA,NA,NA,0,NA,NA,NA,NA,5000,NA,NA,NA,NA,NA,NA,NA,NA,NA,0,NA,NA,NA,NA,0,NA,NA,NA,NA,0,NA,NA,NA,NA
M20 [Syringes],20.1,Syringes - 0.1 ml (AD),3. Unusable Stock,3400,NA,NA,NA,NA,0,NA,NA,NA,NA,0,NA,NA,NA,NA,NA,NA,NA,NA,NA,NA,NA,NA,NA,NA,0,NA,NA,NA,NA,NA,NA,NA,NA,NA,1600,NA,NA,NA,NA,0,NA,NA,NA,NA,NA,NA,NA,NA,NA,0,NA,NA,NA,NA,NA,NA,NA,NA,NA,NA,NA,NA,NA,NA,NA,NA,NA,NA,NA,NA,NA,NA,NA,NA,NA,NA,NA,NA,NA,NA,NA,NA,NA,NA,0,NA,NA,NA,NA,0,NA,NA,NA,NA,NA,NA,NA,NA,NA,0,NA,NA,NA,NA,1800,NA,NA,NA,NA,0,NA,NA,NA,NA
M20 [Syringes],20.1,Syringes - 0.1 ml (AD),4. Stock Distributed,87845,NA,NA,NA,NA,7900,NA,NA,NA,NA,2050,NA,NA,NA,NA,NA,NA,NA,NA,NA,9945,NA,NA,NA,NA,5500,NA,NA,NA,NA,7600,NA,NA,NA,NA,NA,NA,NA,NA,NA,4700,NA,NA,NA,NA,NA,NA,NA,NA,NA,6100,NA,NA,NA,NA,6600,NA,NA,NA,NA,NA,NA,NA,NA,NA,NA,NA,NA,NA,NA,NA,NA,NA,NA,NA,NA,NA,NA,NA,NA,NA,NA,NA,NA,NA,7850,NA,NA,NA,NA,3200,NA,NA,NA,NA,NA,NA,NA,NA,NA,14500,NA,NA,NA,NA,5400,NA,NA,NA,NA,6500,NA,NA,NA,NA
M20 [Syringes],20.1,Syringes - 0.1 ml (AD),5. Total Stock,46355,NA,NA,NA,NA,4600,NA,NA,NA,NA,650,NA,NA,NA,NA,NA,NA,NA,NA,NA,55,NA,NA,NA,NA,3200,NA,NA,NA,NA,7200,NA,NA,NA,NA,2200,NA,NA,NA,NA,7000,NA,NA,NA,NA,0,NA,NA,NA,NA,4400,NA,NA,NA,NA,250,NA,NA,NA,NA,NA,NA,NA,NA,NA,NA,NA,NA,NA,NA,0,NA,NA,NA,NA,NA,NA,NA,NA,NA,NA,NA,NA,NA,NA,7850,NA,NA,NA,NA,7150,NA,NA,NA,NA,NA,NA,NA,NA,NA,0,NA,NA,NA,NA,0,NA,NA,NA,NA,1800,NA,NA,NA,NA
M20 [Syringes],20.2,Syringes - 0.5 ml (AD),1. Balance From Previous Month,1686280,NA,NA,NA,NA,124050,NA,NA,NA,NA,73200,NA,NA,NA,NA,NA,NA,NA,NA,NA,103170,NA,NA,NA,NA,19700,NA,NA,NA,NA,31950,NA,NA,NA,NA,100000,NA,NA,NA,NA,93450,NA,NA,NA,NA,NA,NA,NA,NA,NA,129850,NA,NA,NA,NA,123700,NA,NA,NA,NA,NA,NA,NA,NA,NA,NA,NA,NA,NA,NA,NA,NA,NA,NA,NA,NA,NA,NA,NA,NA,NA,NA,NA,NA,NA,254100,NA,NA,NA,NA,79410,NA,NA,NA,NA,NA,NA,NA,NA,NA,178400,NA,NA,NA,NA,291000,NA,NA,NA,NA,84300,NA,NA,NA,NA
M20 [Syringes],20.2,Syringes - 0.5 ml (AD),2. Stocks Received,171100,NA,NA,NA,NA,0,NA,NA,NA,NA,84000,NA,NA,NA,NA,NA,NA,NA,NA,NA,29400,NA,NA,NA,NA,42000,NA,NA,NA,NA,15700,NA,NA,NA,NA,NA,NA,NA,NA,NA,0,NA,NA,NA,NA,NA,NA,NA,NA,NA,0,NA,NA,NA,NA,NA,NA,NA,NA,NA,NA,NA,NA,NA,NA,NA,NA,NA,NA,NA,NA,NA,NA,NA,NA,NA,NA,NA,NA,NA,NA,NA,NA,NA,NA,0,NA,NA,NA,NA,0,NA,NA,NA,NA,NA,NA,NA,NA,NA,0,NA,NA,NA,NA,0,NA,NA,NA,NA,0,NA,NA,NA,NA
M20 [Syringes],20.2,Syringes - 0.5 ml (AD),3. Unusable Stock,247600,NA,NA,NA,NA,0,NA,NA,NA,NA,0,NA,NA,NA,NA,NA,NA,NA,NA,NA,NA,NA,NA,NA,NA,0,NA,NA,NA,NA,NA,NA,NA,NA,NA,12600,NA,NA,NA,NA,0,NA,NA,NA,NA,NA,NA,NA,NA,NA,0,NA,NA,NA,NA,NA,NA,NA,NA,NA,NA,NA,NA,NA,NA,NA,NA,NA,NA,NA,NA,NA,NA,NA,NA,NA,NA,NA,NA,NA,NA,NA,NA,NA,NA,0,NA,NA,NA,NA,0,NA,NA,NA,NA,NA,NA,NA,NA,NA,0,NA,NA,NA,NA,235000,NA,NA,NA,NA,0,NA,NA,NA,NA
M20 [Syringes],20.2,Syringes - 0.5 ml (AD),4. Stock Distributed,640425,NA,NA,NA,NA,19700,NA,NA,NA,NA,30800,NA,NA,NA,NA,NA,NA,NA,NA,NA,47275,NA,NA,NA,NA,35700,NA,NA,NA,NA,36200,NA,NA,NA,NA,NA,NA,NA,NA,NA,61250,NA,NA,NA,NA,NA,NA,NA,NA,NA,32400,NA,NA,NA,NA,40300,NA,NA,NA,NA,NA,NA,NA,NA,NA,NA,NA,NA,NA,NA,NA,NA,NA,NA,NA,NA,NA,NA,NA,NA,NA,NA,NA,NA,NA,58100,NA,NA,NA,NA,4900,NA,NA,NA,NA,NA,NA,NA,NA,NA,178400,NA,NA,NA,NA,56000,NA,NA,NA,NA,39400,NA,NA,NA,NA
M20 [Syringes],20.2,Syringes - 0.5 ml (AD),5. Total Stock,969355,NA,NA,NA,NA,104350,NA,NA,NA,NA,126400,NA,NA,NA,NA,NA,NA,NA,NA,NA,85295,NA,NA,NA,NA,26000,NA,NA,NA,NA,11450,NA,NA,NA,NA,87400,NA,NA,NA,NA,32200,NA,NA,NA,NA,0,NA,NA,NA,NA,97450,NA,NA,NA,NA,83400,NA,NA,NA,NA,NA,NA,NA,NA,NA,NA,NA,NA,NA,NA,0,NA,NA,NA,NA,NA,NA,NA,NA,NA,NA,NA,NA,NA,NA,196000,NA,NA,NA,NA,74510,NA,NA,NA,NA,NA,NA,NA,NA,NA,0,NA,NA,NA,NA,0,NA,NA,NA,NA,44900,NA,NA,NA,NA
M20 [Syringes],20.3,Syringes - 5.0 ml (Disposable),1. Balance From Previous Month,37660,NA,NA,NA,NA,2400,NA,NA,NA,NA,560,NA,NA,NA,NA,NA,NA,NA,NA,NA,300,NA,NA,NA,NA,0,NA,NA,NA,NA,3300,NA,NA,NA,NA,NA,NA,NA,NA,NA,2400,NA,NA,NA,NA,NA,NA,NA,NA,NA,2500,NA,NA,NA,NA,2100,NA,NA,NA,NA,NA,NA,NA,NA,NA,NA,NA,NA,NA,NA,NA,NA,NA,NA,NA,NA,NA,NA,NA,NA,NA,NA,NA,NA,NA,2300,NA,NA,NA,NA,0,NA,NA,NA,NA,NA,NA,NA,NA,NA,200,NA,NA,NA,NA,19300,NA,NA,NA,NA,2300,NA,NA,NA,NA
M20 [Syringes],20.3,Syringes - 5.0 ml (Disposable),2. Stocks Received,11100,NA,NA,NA,NA,0,NA,NA,NA,NA,1000,NA,NA,NA,NA,NA,NA,NA,NA,NA,3000,NA,NA,NA,NA,2600,NA,NA,NA,NA,500,NA,NA,NA,NA,2000,NA,NA,NA,NA,0,NA,NA,NA,NA,NA,NA,NA,NA,NA,0,NA,NA,NA,NA,NA,NA,NA,NA,NA,NA,NA,NA,NA,NA,NA,NA,NA,NA,NA,NA,NA,NA,NA,NA,NA,NA,NA,NA,NA,NA,NA,NA,NA,NA,0,NA,NA,NA,NA,2000,NA,NA,NA,NA,NA,NA,NA,NA,NA,0,NA,NA,NA,NA,0,NA,NA,NA,NA,0,NA,NA,NA,NA
M20 [Syringes],20.3,Syringes - 5.0 ml (Disposable),3. Unusable Stock,15600,NA,NA,NA,NA,0,NA,NA,NA,NA,0,NA,NA,NA,NA,NA,NA,NA,NA,NA,NA,NA,NA,NA,NA,0,NA,NA,NA,NA,NA,NA,NA,NA,NA,800,NA,NA,NA,NA,0,NA,NA,NA,NA,NA,NA,NA,NA,NA,0,NA,NA,NA,NA,NA,NA,NA,NA,NA,NA,NA,NA,NA,NA,NA,NA,NA,NA,NA,NA,NA,NA,NA,NA,NA,NA,NA,NA,NA,NA,NA,NA,NA,NA,0,NA,NA,NA,NA,0,NA,NA,NA,NA,NA,NA,NA,NA,NA,0,NA,NA,NA,NA,14800,NA,NA,NA,NA,0,NA,NA,NA,NA
M20 [Syringes],20.3,Syringes - 5.0 ml (Disposable),4. Stock Distributed,25800,NA,NA,NA,NA,2350,NA,NA,NA,NA,870,NA,NA,NA,NA,NA,NA,NA,NA,NA,3180,NA,NA,NA,NA,1500,NA,NA,NA,NA,3500,NA,NA,NA,NA,NA,NA,NA,NA,NA,1800,NA,NA,NA,NA,NA,NA,NA,NA,NA,2500,NA,NA,NA,NA,2100,NA,NA,NA,NA,NA,NA,NA,NA,NA,NA,NA,NA,NA,NA,NA,NA,NA,NA,NA,NA,NA,NA,NA,NA,NA,NA,NA,NA,NA,1000,NA,NA,NA,NA,200,NA,NA,NA,NA,NA,NA,NA,NA,NA,200,NA,NA,NA,NA,4500,NA,NA,NA,NA,2100,NA,NA,NA,NA
M20 [Syringes],20.3,Syringes - 5.0 ml (Disposable),5. Total Stock,7360,NA,NA,NA,NA,50,NA,NA,NA,NA,690,NA,NA,NA,NA,NA,NA,NA,NA,NA,120,NA,NA,NA,NA,1100,NA,NA,NA,NA,300,NA,NA,NA,NA,1200,NA,NA,NA,NA,600,NA,NA,NA,NA,0,NA,NA,NA,NA,0,NA,NA,NA,NA,0,NA,NA,NA,NA,NA,NA,NA,NA,NA,NA,NA,NA,NA,NA,0,NA,NA,NA,NA,NA,NA,NA,NA,NA,NA,NA,NA,NA,NA,1300,NA,NA,NA,NA,1800,NA,NA,NA,NA,NA,NA,NA,NA,NA,0,NA,NA,NA,NA,0,NA,NA,NA,NA,200,NA,NA,NA,NA
M21 [Rashtriya Bal Swasthaya Karyakram (RBSK)],21.1,Number of newborn screened for defects at birth (as per RBSK),TOTAL,45952,NA,NA,NA,NA,994,NA,NA,NA,NA,NA,NA,NA,NA,NA,NA,NA,NA,NA,NA,19610,NA,NA,NA,NA,NA,NA,NA,NA,NA,NA,NA,NA,NA,NA,752,NA,NA,NA,NA,3,NA,NA,NA,NA,1585,NA,NA,NA,NA,846,NA,NA,NA,NA,273,NA,NA,NA,NA,710,NA,NA,NA,NA,NA,NA,NA,NA,NA,NA,NA,NA,NA,NA,5,NA,NA,NA,NA,3,NA,NA,NA,NA,NA,NA,NA,NA,NA,NA,NA,NA,NA,NA,0,NA,NA,NA,NA,19533,NA,NA,NA,NA,390,NA,NA,NA,NA,1248,NA,NA,NA,NA
M21 [Rashtriya Bal Swasthaya Karyakram (RBSK)],21.2,Number of children (6 month to 6 years) screened by RBSK mobile health teams at Anganwadi center,TOTAL,69068,NA,NA,NA,NA,3149,NA,NA,NA,NA,NA,NA,NA,NA,NA,NA,NA,NA,NA,NA,19610,NA,NA,NA,NA,NA,NA,NA,NA,NA,925,NA,NA,NA,NA,2139,NA,NA,NA,NA,4262,NA,NA,NA,NA,1641,NA,NA,NA,NA,3652,NA,NA,NA,NA,8938,NA,NA,NA,NA,10250,NA,NA,NA,NA,NA,NA,NA,NA,NA,NA,NA,NA,NA,NA,0,NA,NA,NA,NA,2,NA,NA,NA,NA,NA,NA,NA,NA,NA,1493,NA,NA,NA,NA,576,NA,NA,NA,NA,4163,NA,NA,NA,NA,1850,NA,NA,NA,NA,6418,NA,NA,NA,NA
M21 [Rashtriya Bal Swasthaya Karyakram (RBSK)],21.3,Number of children (6 years to 18 years) screened by RBSK mobile health teams at Govt and Govt aided schools,TOTAL,167049,NA,NA,NA,NA,8832,NA,NA,NA,NA,NA,NA,NA,NA,NA,NA,NA,NA,NA,NA,6067,NA,NA,NA,NA,NA,NA,NA,NA,NA,20944,NA,NA,NA,NA,18384,NA,NA,NA,NA,3968,NA,NA,NA,NA,15663,NA,NA,NA,NA,11711,NA,NA,NA,NA,10360,NA,NA,NA,NA,2310,NA,NA,NA,NA,NA,NA,NA,NA,NA,NA,NA,NA,NA,NA,15925,NA,NA,NA,NA,3,NA,NA,NA,NA,NA,NA,NA,NA,NA,9479,NA,NA,NA,NA,4863,NA,NA,NA,NA,15370,NA,NA,NA,NA,14887,NA,NA,NA,NA,8283,NA,NA,NA,NA
M21 [Rashtriya Bal Swasthaya Karyakram (RBSK)],21.4.1.a,Number of Male children identified with Disease,TOTAL,35129,NA,NA,NA,NA,2058,NA,NA,NA,NA,NA,NA,NA,NA,NA,NA,NA,NA,NA,NA,6261,NA,NA,NA,NA,NA,NA,NA,NA,NA,3013,NA,NA,NA,NA,2579,NA,NA,NA,NA,68,NA,NA,NA,NA,1617,NA,NA,NA,NA,1686,NA,NA,NA,NA,2068,NA,NA,NA,NA,2394,NA,NA,NA,NA,NA,NA,NA,NA,NA,NA,NA,NA,NA,NA,2814,NA,NA,NA,NA,1103,NA,NA,NA,NA,NA,NA,NA,NA,NA,40,NA,NA,NA,NA,823,NA,NA,NA,NA,3063,NA,NA,NA,NA,2558,NA,NA,NA,NA,2984,NA,NA,NA,NA
M21 [Rashtriya Bal Swasthaya Karyakram (RBSK)],21.4.1.b,Number of Female children identified with Disease,TOTAL,33373,NA,NA,NA,NA,1866,NA,NA,NA,NA,NA,NA,NA,NA,NA,NA,NA,NA,NA,NA,6511,NA,NA,NA,NA,NA,NA,NA,NA,NA,2711,NA,NA,NA,NA,2795,NA,NA,NA,NA,96,NA,NA,NA,NA,1692,NA,NA,NA,NA,1276,NA,NA,NA,NA,2054,NA,NA,NA,NA,2160,NA,NA,NA,NA,NA,NA,NA,NA,NA,NA,NA,NA,NA,NA,3034,NA,NA,NA,NA,1171,NA,NA,NA,NA,NA,NA,NA,NA,NA,48,NA,NA,NA,NA,722,NA,NA,NA,NA,2434,NA,NA,NA,NA,1890,NA,NA,NA,NA,2913,NA,NA,NA,NA
M21 [Rashtriya Bal Swasthaya Karyakram (RBSK)],21.4.2.a,Number of Male children identified with Deficiency,TOTAL,10597,NA,NA,NA,NA,498,NA,NA,NA,NA,NA,NA,NA,NA,NA,NA,NA,NA,NA,NA,169,NA,NA,NA,NA,NA,NA,NA,NA,NA,1082,NA,NA,NA,NA,1196,NA,NA,NA,NA,49,NA,NA,NA,NA,1140,NA,NA,NA,NA,1278,NA,NA,NA,NA,86,NA,NA,NA,NA,533,NA,NA,NA,NA,NA,NA,NA,NA,NA,NA,NA,NA,NA,NA,749,NA,NA,NA,NA,111,NA,NA,NA,NA,NA,NA,NA,NA,NA,17,NA,NA,NA,NA,699,NA,NA,NA,NA,1367,NA,NA,NA,NA,915,NA,NA,NA,NA,708,NA,NA,NA,NA
M21 [Rashtriya Bal Swasthaya Karyakram (RBSK)],21.4.2.b,Number of Female children identified with Deficiency,TOTAL,13304,NA,NA,NA,NA,602,NA,NA,NA,NA,NA,NA,NA,NA,NA,NA,NA,NA,NA,NA,200,NA,NA,NA,NA,NA,NA,NA,NA,NA,1809,NA,NA,NA,NA,1698,NA,NA,NA,NA,65,NA,NA,NA,NA,1697,NA,NA,NA,NA,982,NA,NA,NA,NA,90,NA,NA,NA,NA,578,NA,NA,NA,NA,NA,NA,NA,NA,NA,NA,NA,NA,NA,NA,914,NA,NA,NA,NA,243,NA,NA,NA,NA,NA,NA,NA,NA,NA,25,NA,NA,NA,NA,1077,NA,NA,NA,NA,1695,NA,NA,NA,NA,872,NA,NA,NA,NA,757,NA,NA,NA,NA
M21 [Rashtriya Bal Swasthaya Karyakram (RBSK)],21.4.3.a,Number of Male children identified with Developmental delay,TOTAL,6506,NA,NA,NA,NA,269,NA,NA,NA,NA,NA,NA,NA,NA,NA,NA,NA,NA,NA,NA,251,NA,NA,NA,NA,NA,NA,NA,NA,NA,985,NA,NA,NA,NA,699,NA,NA,NA,NA,16,NA,NA,NA,NA,677,NA,NA,NA,NA,619,NA,NA,NA,NA,289,NA,NA,NA,NA,225,NA,NA,NA,NA,NA,NA,NA,NA,NA,NA,NA,NA,NA,NA,419,NA,NA,NA,NA,175,NA,NA,NA,NA,NA,NA,NA,NA,NA,96,NA,NA,NA,NA,555,NA,NA,NA,NA,616,NA,NA,NA,NA,419,NA,NA,NA,NA,196,NA,NA,NA,NA
M21 [Rashtriya Bal Swasthaya Karyakram (RBSK)],21.4.3.b,Number of Female children identified with Developmental delay,TOTAL,7312,NA,NA,NA,NA,324,NA,NA,NA,NA,NA,NA,NA,NA,NA,NA,NA,NA,NA,NA,315,NA,NA,NA,NA,NA,NA,NA,NA,NA,1072,NA,NA,NA,NA,1066,NA,NA,NA,NA,46,NA,NA,NA,NA,1064,NA,NA,NA,NA,379,NA,NA,NA,NA,273,NA,NA,NA,NA,198,NA,NA,NA,NA,NA,NA,NA,NA,NA,NA,NA,NA,NA,NA,520,NA,NA,NA,NA,437,NA,NA,NA,NA,NA,NA,NA,NA,NA,103,NA,NA,NA,NA,415,NA,NA,NA,NA,508,NA,NA,NA,NA,350,NA,NA,NA,NA,242,NA,NA,NA,NA
M21 [Rashtriya Bal Swasthaya Karyakram (RBSK)],21.5.1,Number of Children Managed by Intervention - Medical,TOTAL,46629,NA,NA,NA,NA,3186,NA,NA,NA,NA,NA,NA,NA,NA,NA,NA,NA,NA,NA,NA,5523,NA,NA,NA,NA,NA,NA,NA,NA,NA,4530,NA,NA,NA,NA,3885,NA,NA,NA,NA,466,NA,NA,NA,NA,2935,NA,NA,NA,NA,3610,NA,NA,NA,NA,2575,NA,NA,NA,NA,2673,NA,NA,NA,NA,NA,NA,NA,NA,NA,NA,NA,NA,NA,NA,6695,NA,NA,NA,NA,1138,NA,NA,NA,NA,NA,NA,NA,NA,NA,62,NA,NA,NA,NA,1069,NA,NA,NA,NA,0,NA,NA,NA,NA,3434,NA,NA,NA,NA,4848,NA,NA,NA,NA
M21 [Rashtriya Bal Swasthaya Karyakram (RBSK)],21.5.2,Number of Children Managed by Intervention - Surgical,TOTAL,68,NA,NA,NA,NA,10,NA,NA,NA,NA,NA,NA,NA,NA,NA,NA,NA,NA,NA,NA,3,NA,NA,NA,NA,NA,NA,NA,NA,NA,2,NA,NA,NA,NA,6,NA,NA,NA,NA,3,NA,NA,NA,NA,3,NA,NA,NA,NA,0,NA,NA,NA,NA,0,NA,NA,NA,NA,3,NA,NA,NA,NA,NA,NA,NA,NA,NA,NA,NA,NA,NA,NA,0,NA,NA,NA,NA,0,NA,NA,NA,NA,NA,NA,NA,NA,NA,7,NA,NA,NA,NA,3,NA,NA,NA,NA,0,NA,NA,NA,NA,25,NA,NA,NA,NA,3,NA,NA,NA,NA
M21 [Rashtriya Bal Swasthaya Karyakram (RBSK)],21.5.3,Early intervention at DEIC ( District Early Intervention Centre),TOTAL,3515,NA,NA,NA,NA,163,NA,NA,NA,NA,NA,NA,NA,NA,NA,NA,NA,NA,NA,NA,913,NA,NA,NA,NA,NA,NA,NA,NA,NA,52,NA,NA,NA,NA,401,NA,NA,NA,NA,234,NA,NA,NA,NA,386,NA,NA,NA,NA,305,NA,NA,NA,NA,6,NA,NA,NA,NA,19,NA,NA,NA,NA,NA,NA,NA,NA,NA,NA,NA,NA,NA,NA,246,NA,NA,NA,NA,16,NA,NA,NA,NA,NA,NA,NA,NA,NA,NA,NA,NA,NA,NA,76,NA,NA,NA,NA,0,NA,NA,NA,NA,142,NA,NA,NA,NA,556,NA,NA,NA,NA
M22 [Adolscent Health],22.1.1.a,Girls (6th -12th class) provided 4 IFA tablets in schools,TOTAL,382973,NA,NA,NA,NA,0,NA,NA,NA,NA,27025,NA,NA,NA,NA,NA,NA,NA,NA,NA,26683,NA,NA,NA,NA,NA,NA,NA,NA,NA,31519,NA,NA,NA,NA,41913,NA,NA,NA,NA,18651,NA,NA,NA,NA,16362,NA,NA,NA,NA,30991,NA,NA,NA,NA,28060,NA,NA,NA,NA,16283,NA,NA,NA,NA,NA,NA,NA,NA,NA,NA,NA,NA,NA,NA,30089,NA,NA,NA,NA,NA,NA,NA,NA,NA,24996,NA,NA,NA,NA,13400,NA,NA,NA,NA,19422,NA,NA,NA,NA,34121,NA,NA,NA,NA,0,NA,NA,NA,NA,23458,NA,NA,NA,NA
M22 [Adolscent Health],22.1.1.b,Boys (6th -12th class) provided 4 IFA tablets in schools,TOTAL,366042,NA,NA,NA,NA,0,NA,NA,NA,NA,26516,NA,NA,NA,NA,NA,NA,NA,NA,NA,20074,NA,NA,NA,NA,NA,NA,NA,NA,NA,38974,NA,NA,NA,NA,36152,NA,NA,NA,NA,16394,NA,NA,NA,NA,12986,NA,NA,NA,NA,29649,NA,NA,NA,NA,28974,NA,NA,NA,NA,16273,NA,NA,NA,NA,NA,NA,NA,NA,NA,NA,NA,NA,NA,NA,28811,NA,NA,NA,NA,NA,NA,NA,NA,NA,24270,NA,NA,NA,NA,12100,NA,NA,NA,NA,16004,NA,NA,NA,NA,34281,NA,NA,NA,NA,0,NA,NA,NA,NA,24584,NA,NA,NA,NA
M22 [Adolscent Health],22.1.2.a,Girls (6th -12th class) provided albendazole in schools,TOTAL,0,NA,NA,NA,NA,0,NA,NA,NA,NA,NA,NA,NA,NA,NA,NA,NA,NA,NA,NA,NA,NA,NA,NA,NA,NA,NA,NA,NA,NA,0,NA,NA,NA,NA,0,NA,NA,NA,NA,NA,NA,NA,NA,NA,0,NA,NA,NA,NA,0,NA,NA,NA,NA,0,NA,NA,NA,NA,NA,NA,NA,NA,NA,NA,NA,NA,NA,NA,NA,NA,NA,NA,NA,0,NA,NA,NA,NA,NA,NA,NA,NA,NA,NA,NA,NA,NA,NA,0,NA,NA,NA,NA,NA,NA,NA,NA,NA,0,NA,NA,NA,NA,0,NA,NA,NA,NA,NA,NA,NA,NA,NA
M22 [Adolscent Health],22.1.2.b,Boys (6th -12th class) provided albendazole in schools,TOTAL,0,NA,NA,NA,NA,0,NA,NA,NA,NA,NA,NA,NA,NA,NA,NA,NA,NA,NA,NA,NA,NA,NA,NA,NA,NA,NA,NA,NA,NA,0,NA,NA,NA,NA,0,NA,NA,NA,NA,NA,NA,NA,NA,NA,0,NA,NA,NA,NA,0,NA,NA,NA,NA,0,NA,NA,NA,NA,NA,NA,NA,NA,NA,NA,NA,NA,NA,NA,NA,NA,NA,NA,NA,0,NA,NA,NA,NA,NA,NA,NA,NA,NA,NA,NA,NA,NA,NA,0,NA,NA,NA,NA,NA,NA,NA,NA,NA,0,NA,NA,NA,NA,0,NA,NA,NA,NA,NA,NA,NA,NA,NA
M22 [Adolscent Health],22.1.3,Number of out of school adolscent girls (10-19 years) provided 4 IFA tablets at Anganwadi Centres,TOTAL,12074,NA,NA,NA,NA,0,NA,NA,NA,NA,770,NA,NA,NA,NA,NA,NA,NA,NA,NA,NA,NA,NA,NA,NA,NA,NA,NA,NA,NA,2446,NA,NA,NA,NA,0,NA,NA,NA,NA,NA,NA,NA,NA,NA,0,NA,NA,NA,NA,0,NA,NA,NA,NA,45,NA,NA,NA,NA,2128,NA,NA,NA,NA,NA,NA,NA,NA,NA,NA,NA,NA,NA,NA,680,NA,NA,NA,NA,NA,NA,NA,NA,NA,644,NA,NA,NA,NA,0,NA,NA,NA,NA,823,NA,NA,NA,NA,2287,NA,NA,NA,NA,0,NA,NA,NA,NA,2251,NA,NA,NA,NA
M22 [Adolscent Health],22.1.4,Number of out of school adolscent girls (10-19 years) provided albendazole at Anganwadi Centres,TOTAL,1386,NA,NA,NA,NA,0,NA,NA,NA,NA,NA,NA,NA,NA,NA,NA,NA,NA,NA,NA,NA,NA,NA,NA,NA,NA,NA,NA,NA,NA,0,NA,NA,NA,NA,1386,NA,NA,NA,NA,NA,NA,NA,NA,NA,0,NA,NA,NA,NA,0,NA,NA,NA,NA,0,NA,NA,NA,NA,NA,NA,NA,NA,NA,NA,NA,NA,NA,NA,NA,NA,NA,NA,NA,NA,NA,NA,NA,NA,NA,NA,NA,NA,NA,NA,NA,NA,NA,NA,0,NA,NA,NA,NA,NA,NA,NA,NA,NA,0,NA,NA,NA,NA,0,NA,NA,NA,NA,NA,NA,NA,NA,NA
M22 [Adolscent Health],22.2.1,Number of adolescent girls provided sanitary napkin packs,TOTAL,0,NA,NA,NA,NA,0,NA,NA,NA,NA,NA,NA,NA,NA,NA,NA,NA,NA,NA,NA,NA,NA,NA,NA,NA,NA,NA,NA,NA,NA,0,NA,NA,NA,NA,NA,NA,NA,NA,NA,NA,NA,NA,NA,NA,0,NA,NA,NA,NA,0,NA,NA,NA,NA,0,NA,NA,NA,NA,NA,NA,NA,NA,NA,NA,NA,NA,NA,NA,NA,NA,NA,NA,NA,NA,NA,NA,NA,NA,NA,NA,NA,NA,NA,NA,NA,NA,NA,NA,NA,NA,NA,NA,NA,NA,NA,NA,NA,NA,0,NA,NA,NA,NA,0,NA,NA,NA,NA,NA,NA,NA,NA,NA
M22 [Adolscent Health],22.2.2,Number of sanitary napkin packs sold to adolescent girls,TOTAL,0,NA,NA,NA,NA,0,NA,NA,NA,NA,NA,NA,NA,NA,NA,NA,NA,NA,NA,NA,NA,NA,NA,NA,NA,NA,NA,NA,NA,NA,0,NA,NA,NA,NA,NA,NA,NA,NA,NA,NA,NA,NA,NA,NA,0,NA,NA,NA,NA,0,NA,NA,NA,NA,0,NA,NA,NA,NA,NA,NA,NA,NA,NA,NA,NA,NA,NA,NA,NA,NA,NA,NA,NA,NA,NA,NA,NA,NA,NA,NA,NA,NA,NA,NA,NA,NA,NA,NA,NA,NA,NA,NA,NA,NA,NA,NA,NA,NA,0,NA,NA,NA,NA,0,NA,NA,NA,NA,NA,NA,NA,NA,NA
M22 [Adolscent Health],22.2.3,Number of sanitary napkin packs distributed free to ASHA,TOTAL,0,NA,NA,NA,NA,0,NA,NA,NA,NA,NA,NA,NA,NA,NA,NA,NA,NA,NA,NA,NA,NA,NA,NA,NA,NA,NA,NA,NA,NA,0,NA,NA,NA,NA,NA,NA,NA,NA,NA,NA,NA,NA,NA,NA,0,NA,NA,NA,NA,0,NA,NA,NA,NA,0,NA,NA,NA,NA,NA,NA,NA,NA,NA,NA,NA,NA,NA,NA,NA,NA,NA,NA,NA,NA,NA,NA,NA,NA,NA,NA,NA,NA,NA,NA,NA,NA,NA,NA,NA,NA,NA,NA,NA,NA,NA,NA,NA,NA,0,NA,NA,NA,NA,0,NA,NA,NA,NA,NA,NA,NA,NA,NA
M22 [Adolscent Health],22.2.4,Number of adolescent girls attended monthly meeting,TOTAL,0,NA,NA,NA,NA,0,NA,NA,NA,NA,NA,NA,NA,NA,NA,NA,NA,NA,NA,NA,NA,NA,NA,NA,NA,NA,NA,NA,NA,NA,0,NA,NA,NA,NA,NA,NA,NA,NA,NA,NA,NA,NA,NA,NA,0,NA,NA,NA,NA,0,NA,NA,NA,NA,0,NA,NA,NA,NA,NA,NA,NA,NA,NA,NA,NA,NA,NA,NA,NA,NA,NA,NA,NA,NA,NA,NA,NA,NA,NA,NA,NA,NA,NA,NA,NA,NA,NA,NA,NA,NA,NA,NA,NA,NA,NA,NA,NA,NA,0,NA,NA,NA,NA,0,NA,NA,NA,NA,NA,NA,NA,NA,NA
M23 [Coverage under WIFS JUNIOR (Weekly Iron Folic Acid Supplementation Programme for children 6 - 1,23.1,Number of children covered under WIFS JUNIOR (6 - 10 years ) provided 4-5 IFA tablets in schools,TOTAL,0,NA,NA,NA,NA,0,NA,NA,NA,NA,NA,NA,NA,NA,NA,NA,NA,NA,NA,NA,NA,NA,NA,NA,NA,NA,NA,NA,NA,NA,0,NA,NA,NA,NA,NA,NA,NA,NA,NA,NA,NA,NA,NA,NA,0,NA,NA,NA,NA,0,NA,NA,NA,NA,0,NA,NA,NA,NA,NA,NA,NA,NA,NA,NA,NA,NA,NA,NA,NA,NA,NA,NA,NA,NA,NA,NA,NA,NA,NA,NA,NA,NA,NA,NA,NA,NA,NA,NA,NA,NA,NA,NA,NA,NA,NA,NA,NA,NA,0,NA,NA,NA,NA,0,NA,NA,NA,NA,NA,NA,NA,NA,NA
M23 [Coverage under WIFS JUNIOR (Weekly Iron Folic Acid Supplementation Programme for children 6 - 1,23.2,Number of children (6 - 10 years) provided albendazole in schools,TOTAL,0,NA,NA,NA,NA,0,NA,NA,NA,NA,NA,NA,NA,NA,NA,NA,NA,NA,NA,NA,NA,NA,NA,NA,NA,NA,NA,NA,NA,NA,0,NA,NA,NA,NA,NA,NA,NA,NA,NA,NA,NA,NA,NA,NA,0,NA,NA,NA,NA,0,NA,NA,NA,NA,0,NA,NA,NA,NA,NA,NA,NA,NA,NA,NA,NA,NA,NA,NA,NA,NA,NA,NA,NA,NA,NA,NA,NA,NA,NA,NA,NA,NA,NA,NA,NA,NA,NA,NA,NA,NA,NA,NA,NA,NA,NA,NA,NA,NA,0,NA,NA,NA,NA,0,NA,NA,NA,NA,NA,NA,NA,NA,NA
M23 [Coverage under WIFS JUNIOR (Weekly Iron Folic Acid Supplementation Programme for children 6 - 1,23.3,Number of out of school children (6-10 years) given 4-5 IFA tablets at Anganwadi Centres,TOTAL,0,NA,NA,NA,NA,0,NA,NA,NA,NA,NA,NA,NA,NA,NA,NA,NA,NA,NA,NA,NA,NA,NA,NA,NA,NA,NA,NA,NA,NA,0,NA,NA,NA,NA,NA,NA,NA,NA,NA,NA,NA,NA,NA,NA,0,NA,NA,NA,NA,0,NA,NA,NA,NA,0,NA,NA,NA,NA,NA,NA,NA,NA,NA,NA,NA,NA,NA,NA,NA,NA,NA,NA,NA,NA,NA,NA,NA,NA,NA,NA,NA,NA,NA,NA,NA,NA,NA,NA,NA,NA,NA,NA,NA,NA,NA,NA,NA,NA,0,NA,NA,NA,NA,0,NA,NA,NA,NA,NA,NA,NA,NA,NA
M23 [Coverage under WIFS JUNIOR (Weekly Iron Folic Acid Supplementation Programme for children 6 - 1,23.4,Number of out of school children (6-10 years) provided albendazole at Anganwadi Centres,TOTAL,0,NA,NA,NA,NA,0,NA,NA,NA,NA,NA,NA,NA,NA,NA,NA,NA,NA,NA,NA,NA,NA,NA,NA,NA,NA,NA,NA,NA,NA,0,NA,NA,NA,NA,NA,NA,NA,NA,NA,NA,NA,NA,NA,NA,0,NA,NA,NA,NA,0,NA,NA,NA,NA,0,NA,NA,NA,NA,NA,NA,NA,NA,NA,NA,NA,NA,NA,NA,NA,NA,NA,NA,NA,NA,NA,NA,NA,NA,NA,NA,NA,NA,NA,NA,NA,NA,NA,NA,NA,NA,NA,NA,NA,NA,NA,NA,NA,NA,0,NA,NA,NA,NA,0,NA,NA,NA,NA,NA,NA,NA,NA,NA
M24 [Maternal Death Reviews (MDR) Done],24.1,Total Maternal Deaths Reviewed (MDR) by CMO,TOTAL,11,NA,NA,NA,NA,0,NA,NA,NA,NA,3,NA,NA,NA,NA,NA,NA,NA,NA,NA,NA,NA,NA,NA,NA,NA,NA,NA,NA,NA,2,NA,NA,NA,NA,NA,NA,NA,NA,NA,NA,NA,NA,NA,NA,NA,NA,NA,NA,NA,0,NA,NA,NA,NA,5,NA,NA,NA,NA,NA,NA,NA,NA,NA,NA,NA,NA,NA,NA,NA,NA,NA,NA,NA,NA,NA,NA,NA,NA,NA,NA,NA,NA,NA,NA,NA,NA,NA,NA,1,NA,NA,NA,NA,NA,NA,NA,NA,NA,0,NA,NA,NA,NA,0,NA,NA,NA,NA,NA,NA,NA,NA,NA
M24 [Maternal Death Reviews (MDR) Done],24.2,Total Maternal Deaths Reviewed (MDR) by DM,TOTAL,0,NA,NA,NA,NA,0,NA,NA,NA,NA,0,NA,NA,NA,NA,NA,NA,NA,NA,NA,NA,NA,NA,NA,NA,NA,NA,NA,NA,NA,NA,NA,NA,NA,NA,NA,NA,NA,NA,NA,NA,NA,NA,NA,NA,NA,NA,NA,NA,NA,0,NA,NA,NA,NA,0,NA,NA,NA,NA,NA,NA,NA,NA,NA,NA,NA,NA,NA,NA,NA,NA,NA,NA,NA,NA,NA,NA,NA,NA,NA,NA,NA,NA,NA,NA,NA,NA,NA,NA,0,NA,NA,NA,NA,NA,NA,NA,NA,NA,0,NA,NA,NA,NA,0,NA,NA,NA,NA,NA,NA,NA,NA,NA
M24 [Maternal Death Reviews (MDR) Done],24.3,Number of maternal deaths reported through Community based Maternal Death Review (CBMDR),TOTAL,11,NA,NA,NA,NA,0,NA,NA,NA,NA,3,NA,NA,NA,NA,NA,NA,NA,NA,NA,NA,NA,NA,NA,NA,NA,NA,NA,NA,NA,2,NA,NA,NA,NA,NA,NA,NA,NA,NA,NA,NA,NA,NA,NA,NA,NA,NA,NA,NA,0,NA,NA,NA,NA,5,NA,NA,NA,NA,NA,NA,NA,NA,NA,NA,NA,NA,NA,NA,NA,NA,NA,NA,NA,NA,NA,NA,NA,NA,NA,NA,NA,NA,NA,NA,NA,NA,NA,NA,1,NA,NA,NA,NA,NA,NA,NA,NA,NA,0,NA,NA,NA,NA,0,NA,NA,NA,NA,NA,NA,NA,NA,NA
M25 [Janani Shishu Suraksha Karyakram (JSSK)],25.1.1,Number of Pregnant Women provided - Free Medicines under JSSK,TOTAL,21994,NA,NA,NA,NA,1047,NA,NA,NA,NA,719,NA,NA,NA,NA,NA,NA,NA,NA,NA,1645,NA,NA,NA,NA,390,NA,NA,NA,NA,1255,NA,NA,NA,NA,1398,NA,NA,NA,NA,407,NA,NA,NA,NA,1012,NA,NA,NA,NA,876,NA,NA,NA,NA,1102,NA,NA,NA,NA,644,NA,NA,NA,NA,600,NA,NA,NA,NA,3077,NA,NA,NA,NA,1191,NA,NA,NA,NA,865,NA,NA,NA,NA,1442,NA,NA,NA,NA,747,NA,NA,NA,NA,520,NA,NA,NA,NA,647,NA,NA,NA,NA,1621,NA,NA,NA,NA,789,NA,NA,NA,NA
M25 [Janani Shishu Suraksha Karyakram (JSSK)],25.1.2,Number of Pregnant Women provided - Free Diet under JSSK,TOTAL,21556,NA,NA,NA,NA,1041,NA,NA,NA,NA,714,NA,NA,NA,NA,NA,NA,NA,NA,NA,1645,NA,NA,NA,NA,387,NA,NA,NA,NA,1249,NA,NA,NA,NA,1397,NA,NA,NA,NA,407,NA,NA,NA,NA,1012,NA,NA,NA,NA,869,NA,NA,NA,NA,903,NA,NA,NA,NA,644,NA,NA,NA,NA,595,NA,NA,NA,NA,2198,NA,NA,NA,NA,879,NA,NA,NA,NA,860,NA,NA,NA,NA,1365,NA,NA,NA,NA,711,NA,NA,NA,NA,1645,NA,NA,NA,NA,613,NA,NA,NA,NA,1621,NA,NA,NA,NA,801,NA,NA,NA,NA
M25 [Janani Shishu Suraksha Karyakram (JSSK)],25.1.3,Number of Pregnant Women provided - Free Diagnostics under JSSK,TOTAL,21523,NA,NA,NA,NA,1047,NA,NA,NA,NA,719,NA,NA,NA,NA,NA,NA,NA,NA,NA,1645,NA,NA,NA,NA,365,NA,NA,NA,NA,1247,NA,NA,NA,NA,1398,NA,NA,NA,NA,407,NA,NA,NA,NA,1012,NA,NA,NA,NA,835,NA,NA,NA,NA,880,NA,NA,NA,NA,644,NA,NA,NA,NA,600,NA,NA,NA,NA,3077,NA,NA,NA,NA,1191,NA,NA,NA,NA,858,NA,NA,NA,NA,1297,NA,NA,NA,NA,735,NA,NA,NA,NA,520,NA,NA,NA,NA,635,NA,NA,NA,NA,1621,NA,NA,NA,NA,790,NA,NA,NA,NA
M25 [Janani Shishu Suraksha Karyakram (JSSK)],25.1.4,Number of Pregnant Women provided - Free Home to facility transport under JSSK,TOTAL,10896,NA,NA,NA,NA,485,NA,NA,NA,NA,397,NA,NA,NA,NA,NA,NA,NA,NA,NA,217,NA,NA,NA,NA,273,NA,NA,NA,NA,1153,NA,NA,NA,NA,655,NA,NA,NA,NA,257,NA,NA,NA,NA,NA,NA,NA,NA,NA,115,NA,NA,NA,NA,529,NA,NA,NA,NA,405,NA,NA,NA,NA,275,NA,NA,NA,NA,1952,NA,NA,NA,NA,808,NA,NA,NA,NA,445,NA,NA,NA,NA,667,NA,NA,NA,NA,408,NA,NA,NA,NA,245,NA,NA,NA,NA,315,NA,NA,NA,NA,645,NA,NA,NA,NA,650,NA,NA,NA,NA
M25 [Janani Shishu Suraksha Karyakram (JSSK)],25.1.5,Number of Pregnant Women provided - Interfacility transfers when needed under JSSK,TOTAL,2815,NA,NA,NA,NA,11,NA,NA,NA,NA,147,NA,NA,NA,NA,NA,NA,NA,NA,NA,346,NA,NA,NA,NA,0,NA,NA,NA,NA,156,NA,NA,NA,NA,131,NA,NA,NA,NA,28,NA,NA,NA,NA,543,NA,NA,NA,NA,23,NA,NA,NA,NA,149,NA,NA,NA,NA,0,NA,NA,NA,NA,130,NA,NA,NA,NA,NA,NA,NA,NA,NA,198,NA,NA,NA,NA,301,NA,NA,NA,NA,242,NA,NA,NA,NA,26,NA,NA,NA,NA,93,NA,NA,NA,NA,20,NA,NA,NA,NA,78,NA,NA,NA,NA,193,NA,NA,NA,NA
M25 [Janani Shishu Suraksha Karyakram (JSSK)],25.1.6,Number of Pregnant Women provided - Free Drop Back home under JSSK,TOTAL,7804,NA,NA,NA,NA,485,NA,NA,NA,NA,359,NA,NA,NA,NA,NA,NA,NA,NA,NA,214,NA,NA,NA,NA,212,NA,NA,NA,NA,1140,NA,NA,NA,NA,485,NA,NA,NA,NA,211,NA,NA,NA,NA,459,NA,NA,NA,NA,90,NA,NA,NA,NA,436,NA,NA,NA,NA,476,NA,NA,NA,NA,310,NA,NA,NA,NA,NA,NA,NA,NA,NA,755,NA,NA,NA,NA,304,NA,NA,NA,NA,354,NA,NA,NA,NA,294,NA,NA,NA,NA,242,NA,NA,NA,NA,92,NA,NA,NA,NA,188,NA,NA,NA,NA,698,NA,NA,NA,NA
M25 [Janani Shishu Suraksha Karyakram (JSSK)],25.2.1,Number of sick infants provided - Free Medicines under JSSK,TOTAL,2902,NA,NA,NA,NA,141,NA,NA,NA,NA,132,NA,NA,NA,NA,NA,NA,NA,NA,NA,201,NA,NA,NA,NA,179,NA,NA,NA,NA,126,NA,NA,NA,NA,95,NA,NA,NA,NA,83,NA,NA,NA,NA,NA,NA,NA,NA,NA,137,NA,NA,NA,NA,105,NA,NA,NA,NA,120,NA,NA,NA,NA,600,NA,NA,NA,NA,NA,NA,NA,NA,NA,3,NA,NA,NA,NA,20,NA,NA,NA,NA,110,NA,NA,NA,NA,55,NA,NA,NA,NA,352,NA,NA,NA,NA,69,NA,NA,NA,NA,285,NA,NA,NA,NA,89,NA,NA,NA,NA
M25 [Janani Shishu Suraksha Karyakram (JSSK)],25.2.2,Number of sick infants provided - Free Diagnostics under JSSK,TOTAL,2709,NA,NA,NA,NA,141,NA,NA,NA,NA,132,NA,NA,NA,NA,NA,NA,NA,NA,NA,201,NA,NA,NA,NA,124,NA,NA,NA,NA,122,NA,NA,NA,NA,95,NA,NA,NA,NA,83,NA,NA,NA,NA,NA,NA,NA,NA,NA,128,NA,NA,NA,NA,90,NA,NA,NA,NA,120,NA,NA,NA,NA,600,NA,NA,NA,NA,NA,NA,NA,NA,NA,20,NA,NA,NA,NA,NA,NA,NA,NA,NA,82,NA,NA,NA,NA,55,NA,NA,NA,NA,352,NA,NA,NA,NA,10,NA,NA,NA,NA,285,NA,NA,NA,NA,69,NA,NA,NA,NA
M25 [Janani Shishu Suraksha Karyakram (JSSK)],25.2.3,Number of sick infants provided - Free Home to facility transport under JSSK,TOTAL,1267,NA,NA,NA,NA,77,NA,NA,NA,NA,30,NA,NA,NA,NA,NA,NA,NA,NA,NA,32,NA,NA,NA,NA,32,NA,NA,NA,NA,99,NA,NA,NA,NA,8,NA,NA,NA,NA,29,NA,NA,NA,NA,NA,NA,NA,NA,NA,44,NA,NA,NA,NA,36,NA,NA,NA,NA,143,NA,NA,NA,NA,275,NA,NA,NA,NA,NA,NA,NA,NA,NA,142,NA,NA,NA,NA,51,NA,NA,NA,NA,59,NA,NA,NA,NA,22,NA,NA,NA,NA,10,NA,NA,NA,NA,82,NA,NA,NA,NA,38,NA,NA,NA,NA,58,NA,NA,NA,NA
M25 [Janani Shishu Suraksha Karyakram (JSSK)],25.2.4,Number of sick infants provided - Interfacility transfers when needed under JSSK,TOTAL,557,NA,NA,NA,NA,23,NA,NA,NA,NA,56,NA,NA,NA,NA,NA,NA,NA,NA,NA,127,NA,NA,NA,NA,0,NA,NA,NA,NA,44,NA,NA,NA,NA,10,NA,NA,NA,NA,22,NA,NA,NA,NA,NA,NA,NA,NA,NA,24,NA,NA,NA,NA,37,NA,NA,NA,NA,0,NA,NA,NA,NA,130,NA,NA,NA,NA,NA,NA,NA,NA,NA,10,NA,NA,NA,NA,3,NA,NA,NA,NA,36,NA,NA,NA,NA,2,NA,NA,NA,NA,7,NA,NA,NA,NA,1,NA,NA,NA,NA,23,NA,NA,NA,NA,2,NA,NA,NA,NA
M25 [Janani Shishu Suraksha Karyakram (JSSK)],25.2.5,Number of sick infants provided - Free Drop Back home under JSSK,TOTAL,1366,NA,NA,NA,NA,8,NA,NA,NA,NA,20,NA,NA,NA,NA,NA,NA,NA,NA,NA,214,NA,NA,NA,NA,124,NA,NA,NA,NA,92,NA,NA,NA,NA,66,NA,NA,NA,NA,40,NA,NA,NA,NA,NA,NA,NA,NA,NA,46,NA,NA,NA,NA,48,NA,NA,NA,NA,191,NA,NA,NA,NA,310,NA,NA,NA,NA,NA,NA,NA,NA,NA,22,NA,NA,NA,NA,NA,NA,NA,NA,NA,22,NA,NA,NA,NA,38,NA,NA,NA,NA,4,NA,NA,NA,NA,25,NA,NA,NA,NA,21,NA,NA,NA,NA,75,NA,NA,NA,NA
