Indicator,S.No.,Parameters,Type,District - _Assam - Total [(A+B) or (C+D)],District - _Assam - Public [A],District - _Assam - Private [B],District - _Assam - Urban [C],District - _Assam - Rural [D],District - Baksa - Total [(A+B) or (C+D)],District - Baksa - Public [A],District - Baksa - Private [B],District - Baksa - Urban [C],District - Baksa - Rural [D],District - Barpeta - Total [(A+B) or (C+D)],District - Barpeta - Public [A],District - Barpeta - Private [B],District - Barpeta - Urban [C],District - Barpeta - Rural [D],District - Bongaigaon - Total [(A+B) or (C+D)],District - Bongaigaon - Public [A],District - Bongaigaon - Private [B],District - Bongaigaon - Urban [C],District - Bongaigaon - Rural [D],District - Cachar - Total [(A+B) or (C+D)],District - Cachar - Public [A],District - Cachar - Private [B],District - Cachar - Urban [C],District - Cachar - Rural [D],District - Chirang - Total [(A+B) or (C+D)],District - Chirang - Public [A],District - Chirang - Private [B],District - Chirang - Urban [C],District - Chirang - Rural [D],District - Darrang - Total [(A+B) or (C+D)],District - Darrang - Public [A],District - Darrang - Private [B],District - Darrang - Urban [C],District - Darrang - Rural [D],District - Dhemaji - Total [(A+B) or (C+D)],District - Dhemaji - Public [A],District - Dhemaji - Private [B],District - Dhemaji - Urban [C],District - Dhemaji - Rural [D],District - Dhubri - Total [(A+B) or (C+D)],District - Dhubri - Public [A],District - Dhubri - Private [B],District - Dhubri - Urban [C],District - Dhubri - Rural [D],District - Dibrugarh - Total [(A+B) or (C+D)],District - Dibrugarh - Public [A],District - Dibrugarh - Private [B],District - Dibrugarh - Urban [C],District - Dibrugarh - Rural [D],District - Dima Hasao - Total [(A+B) or (C+D)],District - Dima Hasao - Public [A],District - Dima Hasao - Private [B],District - Dima Hasao - Urban [C],District - Dima Hasao - Rural [D],District - Goalpara - Total [(A+B) or (C+D)],District - Goalpara - Public [A],District - Goalpara - Private [B],District - Goalpara - Urban [C],District - Goalpara - Rural [D],District - Golaghat - Total [(A+B) or (C+D)],District - Golaghat - Public [A],District - Golaghat - Private [B],District - Golaghat - Urban [C],District - Golaghat - Rural [D],District - Hailakandi - Total [(A+B) or (C+D)],District - Hailakandi - Public [A],District - Hailakandi - Private [B],District - Hailakandi - Urban [C],District - Hailakandi - Rural [D],District - Jorhat - Total [(A+B) or (C+D)],District - Jorhat - Public [A],District - Jorhat - Private [B],District - Jorhat - Urban [C],District - Jorhat - Rural [D],District - Kamrup M - Total [(A+B) or (C+D)],District - Kamrup M - Public [A],District - Kamrup M - Private [B],District - Kamrup M - Urban [C],District - Kamrup M - Rural [D],District - Kamrup R - Total [(A+B) or (C+D)],District - Kamrup R - Public [A],District - Kamrup R - Private [B],District - Kamrup R - Urban [C],District - Kamrup R - Rural [D],District - Karbi Anglong - Total [(A+B) or (C+D)],District - Karbi Anglong - Public [A],District - Karbi Anglong - Private [B],District - Karbi Anglong - Urban [C],District - Karbi Anglong - Rural [D],District - Karimganj - Total [(A+B) or (C+D)],District - Karimganj - Public [A],District - Karimganj - Private [B],District - Karimganj - Urban [C],District - Karimganj - Rural [D],District - Kokrajhar - Total [(A+B) or (C+D)],District - Kokrajhar - Public [A],District - Kokrajhar - Private [B],District - Kokrajhar - Urban [C],District - Kokrajhar - Rural [D],District - Lakhimpur - Total [(A+B) or (C+D)],District - Lakhimpur - Public [A],District - Lakhimpur - Private [B],District - Lakhimpur - Urban [C],District - Lakhimpur - Rural [D],District - Marigaon - Total [(A+B) or (C+D)],District - Marigaon - Public [A],District - Marigaon - Private [B],District - Marigaon - Urban [C],District - Marigaon - Rural [D],District - Nagaon - Total [(A+B) or (C+D)],District - Nagaon - Public [A],District - Nagaon - Private [B],District - Nagaon - Urban [C],District - Nagaon - Rural [D],District - Nalbari - Total [(A+B) or (C+D)],District - Nalbari - Public [A],District - Nalbari - Private [B],District - Nalbari - Urban [C],District - Nalbari - Rural [D],District - Sibsagar - Total [(A+B) or (C+D)],District - Sibsagar - Public [A],District - Sibsagar - Private [B],District - Sibsagar - Urban [C],District - Sibsagar - Rural [D],District - Sonitpur - Total [(A+B) or (C+D)],District - Sonitpur - Public [A],District - Sonitpur - Private [B],District - Sonitpur - Urban [C],District - Sonitpur - Rural [D],District - Tinsukia - Total [(A+B) or (C+D)],District - Tinsukia - Public [A],District - Tinsukia - Private [B],District - Tinsukia - Urban [C],District - Tinsukia - Rural [D],District - Udalguri - Total [(A+B) or (C+D)],District - Udalguri - Public [A],District - Udalguri - Private [B],District - Udalguri - Urban [C],District - Udalguri - Rural [D]
M1 [Ante Natal Care (ANC)],1.1,Total number of pregnant women registered for ANC,TOTAL,48327,45789,2538,3463,44864,1132,1130,2,NA,1132,2853,2769,84,NA,2853,996,996,NA,82,914,2857,2856,1,154,2703,694,694,NA,NA,694,1506,1505,1,NA,1506,869,869,NA,NA,869,4192,4132,60,22,4170,1795,1229,566,428,1367,360,358,2,NA,360,1897,1897,0,152,1745,1201,1201,0,NA,1201,1324,1324,NA,NA,1324,1519,1303,216,315,1204,2465,2131,334,1776,689,2366,2366,0,0,2366,1678,1678,0,107,1571,2454,2451,3,54,2400,1291,1291,NA,NA,1291,1683,1624,59,49,1634,1629,1627,2,NA,1629,4234,4204,30,69,4165,1006,1006,NA,NA,1006,1287,1053,234,133,1154,2476,2143,333,20,2456,1579,1119,460,102,1477,984,833,151,NA,984
M1 [Ante Natal Care (ANC)],1.1.1,"Out of the total ANC registered, number registered within 1st trimester (within 12 weeks)",TOTAL,40145,37980,2165,3061,37084,987,985,2,NA,987,2389,2378,11,NA,2389,858,858,NA,64,794,2489,2488,1,139,2350,516,516,NA,NA,516,1365,1364,1,NA,1365,808,808,NA,NA,808,3110,3050,60,58,3052,1695,1151,544,408,1287,228,227,1,NA,228,1733,1733,0,147,1586,948,948,0,NA,948,1012,1012,NA,NA,1012,1453,1258,195,284,1169,2153,1842,311,1541,612,2098,2098,0,0,2098,1250,1250,0,69,1181,2148,2145,3,49,2099,945,945,NA,NA,945,1433,1385,48,35,1398,1364,1362,2,NA,1364,2847,2824,23,30,2817,906,906,NA,NA,906,1141,936,205,127,1014,2164,1897,267,20,2144,1276,915,361,90,1186,829,699,130,NA,829
M1 [Ante Natal Care (ANC)],1.2.1,Number of PW given TT1,TOTAL,44725,42326,2399,3477,41248,1135,1135,0,NA,1135,2702,2702,NA,NA,2702,1042,979,63,141,901,2602,2488,114,253,2349,637,637,NA,NA,637,1469,1463,6,NA,1469,859,859,NA,NA,859,3795,3739,56,62,3733,1658,1040,618,464,1194,263,263,0,NA,263,1797,1797,0,151,1646,1113,1113,0,NA,1113,1145,1145,NA,NA,1145,1546,1340,206,289,1257,2373,2072,301,1719,654,2301,2301,0,0,2301,1491,1491,0,76,1415,2099,2098,1,49,2050,1182,1182,NA,NA,1182,1505,1449,56,56,1449,1410,1408,2,NA,1410,3642,3568,74,65,3577,1001,1001,NA,NA,1001,1249,1102,147,44,1205,2409,2091,318,27,2382,1382,1028,354,81,1301,918,835,83,NA,918
M1 [Ante Natal Care (ANC)],1.2.2,Number of PW given TT2,TOTAL,49384,46911,2473,3566,45818,1299,1299,0,NA,1299,3085,3085,NA,NA,3085,1253,1189,64,172,1081,2841,2736,105,211,2630,673,673,NA,NA,673,1550,1542,8,NA,1550,1007,1007,NA,NA,1007,3921,3871,50,75,3846,1677,1168,509,336,1341,274,274,0,NA,274,1967,1967,0,152,1815,1291,1291,0,NA,1291,1231,1231,NA,NA,1231,1725,1520,205,311,1414,2389,2045,344,1894,495,2576,2576,0,0,2576,1613,1613,0,100,1513,2247,2244,3,44,2203,1478,1478,NA,NA,1478,1597,1530,67,67,1530,1675,1670,5,NA,1675,4395,4322,73,45,4350,1114,1114,NA,NA,1114,1464,1304,160,65,1399,2452,2057,395,37,2415,1544,1157,387,57,1487,1046,948,98,NA,1046
M1 [Ante Natal Care (ANC)],1.2.3,Number of PW given TT Booster,TOTAL,4754,4537,217,177,4577,48,48,0,NA,48,230,230,NA,NA,230,82,82,NA,7,75,623,622,1,15,608,45,45,NA,NA,45,71,71,0,NA,71,72,72,NA,NA,72,334,332,2,10,324,183,112,71,46,137,63,63,0,NA,63,137,137,0,3,134,82,82,0,NA,82,268,268,NA,NA,268,88,78,10,18,70,68,50,18,35,33,178,178,0,0,178,181,181,0,15,166,505,505,0,9,496,73,73,NA,NA,73,146,134,12,6,140,255,255,0,NA,255,474,473,1,3,471,73,73,NA,NA,73,87,76,11,3,84,121,104,17,1,120,195,124,71,6,189,72,69,3,NA,72
M1 [Ante Natal Care (ANC)],1.2.4,Number of PW given 180 Iron Folic Acid (IFA) tablets,TOTAL,50713,48266,2447,3478,47235,1422,1400,22,NA,1422,3207,3182,25,NA,3207,994,994,NA,82,912,3085,3085,0,143,2942,640,640,NA,NA,640,1632,1627,5,NA,1632,1034,1034,NA,NA,1034,4202,4142,60,72,4130,1796,1217,579,428,1368,324,324,0,NA,324,1993,1993,0,221,1772,1272,1272,0,NA,1272,1321,1321,NA,NA,1321,1556,1340,216,316,1240,2465,2152,313,1776,689,2879,2879,0,0,2879,1625,1625,0,107,1518,2503,2493,10,51,2452,1250,1250,NA,NA,1250,1730,1665,65,53,1677,1629,1627,2,NA,1629,4640,4612,28,73,4567,997,997,NA,NA,997,1285,1147,138,42,1243,2411,2101,310,16,2395,1697,1198,499,98,1599,1124,949,175,NA,1124
M1 [Ante Natal Care (ANC)],1.2.5,Number of PW given 360 Calcium tablets,TOTAL,34298,32214,2084,2545,31753,1257,1257,0,NA,1257,2853,2828,25,NA,2853,898,898,NA,82,816,2699,2299,400,143,2556,211,211,NA,NA,211,1424,1419,5,NA,1424,890,890,NA,NA,890,4142,4082,60,72,4070,1077,646,431,424,653,298,298,0,NA,298,2037,2037,0,221,1816,697,697,0,NA,697,605,605,NA,NA,605,1150,934,216,287,863,1706,1373,333,1133,573,1146,1146,0,0,1146,1059,1059,0,7,1052,2225,2217,8,51,2174,453,453,NA,NA,453,524,476,48,22,502,1369,1367,2,NA,1369,1115,1097,18,0,1115,916,916,NA,NA,916,1266,1169,97,42,1224,170,125,45,1,169,1337,1079,258,60,1277,774,636,138,NA,774
M1 [Ante Natal Care (ANC)],1.2.6,Number of PW given one Albendazole tablet after 1st trimester,TOTAL,19591,19092,499,703,18888,920,920,0,NA,920,507,507,0,NA,507,327,327,NA,19,308,1484,1484,0,143,1341,82,82,NA,NA,82,990,988,2,NA,990,173,173,NA,NA,173,3286,3236,50,14,3272,430,370,60,0,430,274,274,0,NA,274,1186,1186,0,97,1089,615,615,0,NA,615,1214,1214,NA,NA,1214,453,453,0,74,379,425,425,0,309,116,700,700,0,0,700,769,769,0,22,747,1946,1946,0,0,1946,264,264,NA,NA,264,0,0,0,0,0,157,157,0,NA,157,917,890,27,0,917,762,762,NA,NA,762,746,648,98,17,729,133,76,57,NA,133,639,465,174,8,631,192,161,31,NA,192
M1 [Ante Natal Care (ANC)],1.2.7,Number of PW received 4 or more ANC check ups,TOTAL,51763,49452,2311,3181,48582,1272,1272,0,NA,1272,3507,3507,0,NA,3507,1172,1172,NA,103,1069,3017,2841,176,323,2694,664,664,NA,NA,664,1688,1685,3,NA,1688,1228,1228,NA,NA,1228,4228,4158,70,64,4164,1835,1342,493,322,1513,204,204,0,NA,204,2011,2011,0,142,1869,1219,1219,0,NA,1219,1270,1270,NA,NA,1270,1710,1547,163,258,1452,2715,2685,30,1425,1290,2527,2527,0,0,2527,1325,1325,0,85,1240,2593,2550,43,69,2524,1171,1171,NA,NA,1171,1703,1641,62,59,1644,1689,1689,0,NA,1689,4777,4733,44,68,4709,1121,1121,NA,NA,1121,1515,1279,236,120,1395,2616,2248,368,54,2562,1913,1413,500,89,1824,1073,950,123,NA,1073
M1 [Ante Natal Care (ANC)],1.2.8,Number of PW given ANC Corticosteroids in Pre Term Labour,TOTAL,104,79,25,0,104,0,0,0,NA,0,27,15,12,NA,27,5,5,NA,NA,5,0,0,0,0,0,5,5,NA,NA,5,19,19,0,NA,19,0,0,NA,NA,0,0,0,0,0,0,5,2,3,0,5,0,0,0,NA,0,5,5,0,0,5,3,3,0,NA,3,0,0,NA,NA,0,1,1,0,0,1,5,5,0,0,5,0,0,0,0,0,0,0,0,0,0,8,8,0,0,8,0,0,NA,NA,0,0,0,0,0,0,0,0,0,NA,0,5,5,0,0,5,0,0,NA,NA,0,0,0,0,0,0,0,0,0,NA,0,6,6,0,0,6,10,0,10,NA,10
M1 [Ante Natal Care (ANC)],1.3.1,New cases of PW with hypertension detected,TOTAL,1402,1303,99,50,1352,15,15,0,NA,15,93,88,5,NA,93,31,31,NA,NA,31,28,20,8,0,28,26,26,NA,NA,26,166,166,0,NA,166,21,21,NA,NA,21,38,38,0,1,37,210,183,27,0,210,20,20,0,NA,20,87,87,0,2,85,27,27,0,NA,27,11,11,NA,NA,11,44,44,0,0,44,96,83,13,38,58,32,32,0,0,32,45,45,0,0,45,36,30,6,1,35,52,52,NA,NA,52,36,35,1,0,36,41,41,0,NA,41,75,75,0,0,75,6,6,NA,NA,6,44,42,2,8,36,73,53,20,NA,73,22,8,14,0,22,27,24,3,NA,27
M1 [Ante Natal Care (ANC)],1.3.1.a,"Out of the new cases of PW with hypertension detected, cases managed at institution",TOTAL,796,756,40,13,783,6,6,0,NA,6,58,53,5,NA,58,14,14,NA,NA,14,9,3,6,0,9,8,8,NA,NA,8,120,120,0,NA,120,13,13,NA,NA,13,15,15,0,1,14,110,106,4,0,110,5,5,0,NA,5,46,46,0,1,45,22,22,0,NA,22,1,1,NA,NA,1,27,27,0,0,27,66,61,5,11,55,22,22,0,0,22,33,33,0,0,33,24,18,6,0,24,27,27,NA,NA,27,19,18,1,0,19,17,17,0,NA,17,49,49,0,0,49,1,1,NA,NA,1,23,23,0,0,23,32,26,6,NA,32,10,4,6,0,10,19,18,1,NA,19
M1 [Ante Natal Care (ANC)],1.3.2,Number of Eclampsia cases managed during delivery,TOTAL,68,63,5,3,65,0,0,0,NA,0,0,0,NA,NA,0,2,2,NA,NA,2,6,5,1,0,6,2,2,NA,NA,2,0,0,0,NA,0,0,0,NA,NA,0,2,2,NA,0,2,10,10,0,0,10,0,0,0,NA,0,5,5,0,0,5,6,6,0,NA,6,0,0,NA,NA,0,4,4,0,0,4,3,0,3,3,0,0,0,0,0,0,0,0,0,0,0,3,3,0,0,3,9,9,NA,NA,9,3,2,1,0,3,9,9,0,NA,9,0,0,0,0,0,0,0,NA,NA,0,4,4,0,0,4,0,0,0,NA,0,0,0,0,0,0,0,0,0,NA,0
M1 [Ante Natal Care (ANC)],1.4.1,Number of PW tested for Haemoglobin (Hb ) 4 or more than 4 times for respective ANCs,TOTAL,47189,45853,1336,1500,45689,1360,1360,0,NA,1360,3030,3024,6,NA,3030,859,859,NA,82,777,2569,2567,2,149,2420,912,912,NA,NA,912,1449,1449,0,NA,1449,855,855,NA,NA,855,4299,4229,70,73,4226,1296,1152,144,10,1286,198,198,0,NA,198,2047,2047,0,144,1903,1164,1160,4,NA,1164,1270,1270,NA,NA,1270,2171,2169,2,99,2072,1112,1112,0,817,295,3294,3294,0,0,3294,795,795,0,9,786,2927,2877,50,11,2916,495,495,NA,NA,495,2061,2009,52,4,2057,690,690,0,NA,690,4803,4793,10,0,4803,1012,1012,NA,NA,1012,1521,1446,75,96,1425,1796,1558,238,NA,1796,1837,1459,378,6,1831,1367,1062,305,NA,1367
M1 [Ante Natal Care (ANC)],1.4.2,Number of PW having Hb level<11 (tested cases)(7.1 to 10.9),TOTAL,41946,40613,1333,1850,40096,1066,1066,0,NA,1066,2149,2135,14,NA,2149,653,653,NA,82,571,3027,2998,29,15,3012,720,720,NA,NA,720,1008,1006,2,NA,1008,676,676,NA,NA,676,2744,2744,0,225,2519,1831,1621,210,97,1734,322,320,2,NA,322,2001,2001,0,117,1884,1269,1266,3,NA,1269,797,797,NA,NA,797,955,954,1,45,910,1752,1478,274,1092,660,3288,3288,0,0,3288,759,759,0,3,756,1650,1618,32,0,1650,827,827,NA,NA,827,1316,1272,44,68,1248,1076,1075,1,NA,1076,3680,3657,23,0,3680,491,491,NA,NA,491,1975,1841,134,71,1904,3601,3365,236,4,3597,1061,809,252,31,1030,1252,1176,76,NA,1252
M1 [Ante Natal Care (ANC)],1.4.3,Number of PW having Hb level<7 (tested cases),TOTAL,1532,1413,119,64,1468,17,17,0,NA,17,33,33,NA,NA,33,17,17,NA,NA,17,107,101,6,0,107,26,26,NA,NA,26,26,26,0,NA,26,12,12,NA,NA,12,45,45,0,8,37,42,33,9,1,41,18,18,0,NA,18,36,36,0,1,35,20,20,0,NA,20,51,51,NA,NA,51,48,48,0,0,48,43,35,8,19,24,48,48,0,0,48,17,17,0,0,17,70,65,5,0,70,28,28,NA,NA,28,33,29,4,2,31,8,8,0,NA,8,142,141,1,0,142,5,5,NA,NA,5,94,81,13,9,85,353,332,21,2,351,157,122,35,22,135,36,19,17,NA,36
M1 [Ante Natal Care (ANC)],1.4.4,Number of PW having severe anaemia (Hb<7) treated,TOTAL,580,522,58,32,548,7,7,0,NA,7,33,33,NA,NA,33,15,15,NA,NA,15,57,51,6,0,57,1,1,NA,NA,1,26,26,0,NA,26,2,2,NA,NA,2,16,16,NA,8,8,14,14,0,0,14,22,22,0,NA,22,27,27,0,0,27,4,4,0,NA,4,15,15,NA,NA,15,26,26,0,0,26,39,31,8,18,21,22,22,0,0,22,10,10,0,0,10,33,28,5,0,33,3,3,NA,NA,3,11,11,0,1,10,4,4,0,NA,4,119,119,0,1,118,1,1,NA,NA,1,17,17,0,0,17,15,6,9,2,13,25,9,16,2,23,16,2,14,NA,16
M1 [Ante Natal Care (ANC)],1.5.1,Number of PW tested for blood sugar using OGTT (Oral Glucose Tolerance Test),TOTAL,1039,940,99,163,876,0,0,0,NA,0,0,0,NA,NA,0,0,0,NA,NA,0,275,275,0,0,275,0,0,NA,NA,0,0,0,0,NA,0,0,0,NA,NA,0,16,16,NA,0,16,297,297,0,0,297,0,0,0,NA,0,0,0,0,0,0,0,0,0,NA,0,0,0,NA,NA,0,0,0,0,0,0,153,108,45,151,2,0,0,0,0,0,0,0,0,0,0,267,234,33,0,267,0,0,NA,NA,0,0,0,0,0,0,9,9,NA,NA,9,1,1,0,0,1,0,0,NA,NA,0,0,0,0,0,0,3,0,3,NA,3,17,0,17,12,5,1,0,1,NA,1
M1 [Ante Natal Care (ANC)],1.5.2,Number of PW tested positive for GDM,TOTAL,13,1,12,0,13,0,0,0,NA,0,0,0,NA,NA,0,0,0,NA,NA,0,0,0,0,0,0,0,0,NA,NA,0,0,0,0,NA,0,0,0,NA,NA,0,0,0,NA,0,0,0,0,0,0,0,0,0,0,NA,0,0,0,0,0,0,0,0,0,NA,0,0,0,NA,NA,0,0,0,0,0,0,0,0,0,0,0,0,0,0,0,0,0,0,0,0,0,12,0,12,0,12,0,0,NA,NA,0,0,0,0,0,0,0,0,NA,NA,0,1,1,0,0,1,0,0,NA,NA,0,0,0,0,0,0,0,0,0,NA,0,0,0,0,0,0,0,0,0,NA,0
M1 [Ante Natal Care (ANC)],1.5.3,Number of PW given insulin out of total tested positive for GDM,TOTAL,1,1,0,0,1,0,0,0,NA,0,0,0,NA,NA,0,0,0,NA,NA,0,0,0,0,0,0,0,0,NA,NA,0,0,0,0,NA,0,0,0,NA,NA,0,0,0,NA,0,0,0,0,0,0,0,0,0,0,NA,0,0,0,0,0,0,0,0,0,NA,0,0,0,NA,NA,0,0,0,0,0,0,0,0,0,0,0,0,0,0,0,0,0,0,0,0,0,0,0,0,0,0,0,0,NA,NA,0,0,0,0,0,0,0,0,NA,NA,0,1,1,0,0,1,0,0,NA,NA,0,0,0,0,0,0,0,0,0,NA,0,0,0,0,0,0,0,0,0,NA,0
M1 [Ante Natal Care (ANC)],1.6.1.a,Number of PW tested using POC test for Syphilis,TOTAL,83,51,32,0,83,0,0,NA,NA,0,0,0,NA,NA,0,0,0,NA,NA,0,0,0,NA,NA,0,0,0,NA,NA,0,9,9,NA,NA,9,0,0,NA,NA,0,0,0,0,NA,0,0,0,0,NA,0,0,0,NA,NA,0,13,13,NA,0,13,0,0,0,NA,0,0,0,NA,NA,0,0,0,NA,0,0,0,0,NA,0,0,0,0,NA,NA,0,0,0,NA,NA,0,0,0,NA,NA,0,8,8,NA,NA,8,32,0,32,NA,32,0,0,NA,NA,0,21,21,0,NA,21,0,0,NA,NA,0,0,0,NA,NA,0,0,0,NA,NA,0,0,0,NA,0,0,0,0,NA,NA,0
M1 [Ante Natal Care (ANC)],1.6.1.b,"Out of above, number of PW found sero positive for syphilis",TOTAL,0,0,0,0,0,0,0,NA,NA,0,0,0,NA,NA,0,0,0,NA,NA,0,0,0,NA,NA,0,0,0,NA,NA,0,0,0,NA,NA,0,0,0,NA,NA,0,0,0,0,NA,0,0,0,0,NA,0,0,0,NA,NA,0,0,0,NA,0,0,0,0,0,NA,0,0,0,NA,NA,0,0,0,NA,0,0,0,0,NA,0,0,0,0,NA,NA,0,0,0,NA,NA,0,0,0,NA,NA,0,0,0,NA,NA,0,0,0,0,NA,0,0,0,NA,NA,0,0,0,0,NA,0,0,0,NA,NA,0,0,0,NA,NA,0,0,0,NA,NA,0,0,0,NA,0,0,0,0,NA,NA,0
M1 [Ante Natal Care (ANC)],1.6.2.a,Number of pregnant women tested for Syphilis,TOTAL,15517,14911,606,547,14970,332,332,0,NA,332,942,939,3,NA,942,538,538,NA,NA,538,1646,1633,13,0,1646,75,75,NA,NA,75,377,377,0,NA,377,579,579,NA,NA,579,99,99,NA,0,99,289,289,0,91,198,252,251,1,NA,252,908,908,0,48,860,44,44,0,NA,44,89,89,NA,NA,89,1030,1000,30,30,1000,703,662,41,289,414,1923,1923,0,0,1923,425,425,0,0,425,816,455,361,0,816,27,27,NA,NA,27,150,131,19,0,150,329,329,NA,NA,329,1653,1653,0,0,1653,481,481,NA,NA,481,416,409,7,0,416,637,612,25,NA,637,188,99,89,89,99,569,552,17,NA,569
M1 [Ante Natal Care (ANC)],1.6.2.b,Number of pregnant women tested found sero positive for Syphilis,TOTAL,10,8,2,1,9,0,0,0,NA,0,7,7,NA,NA,7,0,0,NA,NA,0,0,0,0,0,0,0,0,NA,NA,0,0,0,0,NA,0,0,0,NA,NA,0,0,0,NA,0,0,0,0,0,0,0,0,0,0,NA,0,0,0,0,0,0,0,0,0,NA,0,0,0,NA,NA,0,0,0,0,0,0,1,1,0,1,0,0,0,0,0,0,0,0,0,0,0,2,0,2,0,2,0,0,NA,NA,0,0,0,0,0,0,0,0,NA,NA,0,0,0,0,0,0,0,0,NA,NA,0,0,0,0,0,0,0,0,0,NA,0,0,0,0,0,0,0,0,0,NA,0
M1 [Ante Natal Care (ANC)],1.6.2.c,Number of syphilis positive pregnant women treated for Syphilis,TOTAL,2,0,2,0,2,0,0,0,NA,0,0,0,NA,NA,0,0,0,NA,NA,0,0,0,0,0,0,0,0,NA,NA,0,0,0,0,NA,0,0,0,NA,NA,0,0,0,NA,0,0,0,0,0,0,0,0,0,0,NA,0,0,0,0,0,0,0,0,0,NA,0,0,0,NA,NA,0,0,0,0,0,0,0,0,0,0,0,0,0,0,0,0,0,0,0,0,0,2,0,2,0,2,0,0,NA,NA,0,0,0,0,0,0,0,0,NA,NA,0,0,0,0,0,0,0,0,NA,NA,0,0,0,0,0,0,0,0,0,NA,0,0,0,0,0,0,0,0,0,NA,0
M1 [Ante Natal Care (ANC)],1.6.2.d,Number of babies diagnosed with Congenital Syphilis,TOTAL,0,0,0,0,0,0,0,0,NA,0,0,0,NA,NA,0,0,0,NA,NA,0,0,0,0,0,0,0,0,NA,NA,0,0,0,0,NA,0,0,0,NA,NA,0,0,0,NA,0,0,0,0,0,0,0,0,0,0,NA,0,0,0,0,0,0,0,0,0,NA,0,0,0,NA,NA,0,0,0,0,0,0,0,0,0,0,0,0,0,0,0,0,0,0,0,0,0,0,0,0,0,0,0,0,NA,NA,0,0,0,0,0,0,0,0,NA,NA,0,0,0,0,0,0,0,0,NA,NA,0,0,0,0,0,0,0,0,0,NA,0,0,0,0,0,0,0,0,0,NA,0
M1 [Ante Natal Care (ANC)],1.6.2.e,Number of babies treated for congenital Syphilis,TOTAL,0,0,0,0,0,0,0,0,NA,0,0,0,NA,NA,0,0,0,NA,NA,0,0,0,0,0,0,0,0,NA,NA,0,0,0,0,NA,0,0,0,NA,NA,0,0,0,NA,0,0,0,0,0,0,0,0,0,0,NA,0,0,0,0,0,0,0,0,0,NA,0,0,0,NA,NA,0,0,0,0,0,0,0,0,0,0,0,0,0,0,0,0,0,0,0,0,0,0,0,0,0,0,0,0,NA,NA,0,0,0,0,0,0,0,0,NA,NA,0,0,0,0,0,0,0,0,NA,NA,0,0,0,0,0,0,0,0,0,NA,0,0,0,0,0,0,0,0,0,NA,0
M2 [Deliveries],2.1.1.a,Number of Home Deliveries attended by Skill Birth Attendant(SBA) (Doctor/Nurse/ANM),TOTAL,1654,1638,16,18,1636,27,27,0,NA,27,384,384,NA,NA,384,13,13,NA,8,5,28,28,0,0,28,19,19,NA,NA,19,89,88,1,NA,89,6,6,NA,NA,6,179,177,2,0,179,0,0,0,0,0,55,55,0,NA,55,94,94,0,2,92,8,8,0,NA,8,38,38,NA,NA,38,10,10,0,2,8,3,3,0,0,3,30,30,0,NA,30,90,90,0,6,84,191,191,0,0,191,23,23,NA,NA,23,27,26,1,0,27,114,114,NA,NA,114,117,117,0,0,117,31,31,NA,NA,31,14,12,2,0,14,23,21,2,NA,23,11,5,6,0,11,30,28,2,NA,30
M2 [Deliveries],2.1.1.b,Number of Home Deliveries attended by Non SBA (Trained Birth Attendant(TBA) /Relatives/etc.),TOTAL,4356,4272,84,11,4345,22,22,0,NA,22,382,382,NA,NA,382,85,85,NA,4,81,109,109,0,0,109,108,108,NA,NA,108,88,88,0,NA,88,0,0,NA,NA,0,1679,1670,9,0,1679,6,0,6,0,6,69,69,0,NA,69,22,22,0,0,22,20,20,0,NA,20,139,139,NA,NA,139,0,0,0,0,0,21,21,0,3,18,20,20,0,NA,20,166,166,0,0,166,566,566,0,2,564,100,100,NA,NA,100,1,1,0,1,0,104,104,NA,NA,104,279,279,0,1,278,3,3,NA,NA,3,0,0,0,0,0,272,236,36,NA,272,64,37,27,0,64,31,25,6,NA,31
M2 [Deliveries],2.1.2,Number of PW given Tablet Misoprostol during home delivery,TOTAL,1758,1749,9,3,1755,0,0,0,NA,0,22,22,NA,NA,22,0,0,NA,NA,0,0,0,0,0,0,9,9,NA,NA,9,105,105,0,NA,105,0,0,NA,NA,0,1018,1018,0,0,1018,0,0,0,0,0,47,47,0,NA,47,46,46,0,2,44,2,2,0,NA,2,149,149,NA,NA,149,0,0,0,0,0,21,21,0,1,20,7,7,0,NA,7,46,46,NA,0,46,198,198,0,0,198,3,3,NA,NA,3,8,8,0,0,8,3,3,NA,NA,3,21,21,0,0,21,31,31,NA,NA,31,0,0,0,0,0,17,12,5,NA,17,2,0,2,0,2,3,1,2,NA,3
M2 [Deliveries],2.1.3,Number of newborns received 7 Home Based Newborn Care (HBNC) visits in case of Home delivery,TOTAL,4853,4789,64,31,4822,40,40,0,NA,40,577,577,NA,NA,577,80,80,NA,9,71,125,125,0,0,125,117,117,NA,NA,117,214,214,0,NA,214,4,4,NA,NA,4,1451,1445,6,0,1451,3,0,3,0,3,57,57,0,NA,57,101,101,0,4,97,19,19,0,NA,19,139,139,NA,NA,139,15,15,0,1,14,15,15,0,3,12,32,32,0,NA,32,184,184,0,6,178,653,653,0,0,653,79,79,NA,NA,79,29,29,0,8,21,149,149,NA,NA,149,348,348,0,0,348,32,32,NA,NA,32,16,15,1,0,16,269,235,34,NA,269,57,37,20,0,57,48,48,0,NA,48
M2 [Deliveries],2.2,Number of Institutional Deliveries conducted (Including C-Sections),TOTAL,52841,44563,8278,4691,48150,821,802,19,NA,821,2962,2833,129,NA,2962,1385,1010,375,378,1007,3937,3074,863,368,3569,584,542,42,NA,584,1545,1477,68,NA,1545,1659,1595,64,NA,1659,2852,2805,47,28,2824,2404,1737,667,460,1944,235,231,4,NA,235,2274,2065,209,252,2022,1469,1165,304,NA,1469,1077,1077,NA,NA,1077,1776,1376,400,324,1452,3479,2530,949,1053,2426,1996,1725,271,102,1894,1476,1476,0,0,1476,2008,1634,374,99,1909,1387,1283,104,NA,1387,1891,1693,198,138,1753,1649,1648,1,NA,1649,5110,4080,1030,818,4292,1153,758,395,NA,1153,1376,1068,308,150,1226,3336,2655,681,200,3136,2265,1642,623,321,1944,735,582,153,NA,735
M2 [Deliveries],2.2.1,Out of total institutional deliveries number of women discharged within 48 hours of delivery,TOTAL,14221,13492,729,193,14028,130,130,0,NA,130,765,762,3,NA,765,726,723,3,6,720,448,375,73,0,448,69,69,0,NA,69,403,403,0,NA,403,523,523,0,NA,523,1971,1971,0,1,1970,221,221,0,49,172,38,38,0,NA,38,747,735,12,12,735,221,118,103,NA,221,466,466,NA,NA,466,2,0,2,2,0,83,17,66,68,15,92,92,0,0,92,979,979,0,0,979,1161,991,170,0,1161,364,364,0,NA,364,1063,1004,59,0,1063,414,413,1,NA,414,1998,1964,34,32,1966,91,91,0,NA,91,112,89,23,3,109,761,700,61,16,745,45,31,14,4,41,328,223,105,NA,328
M2 [Deliveries],2.2.2,Number of newborns received 6 HBNC  visits after Institutional Delivery,TOTAL,30321,29419,902,1107,29214,846,845,1,NA,846,2140,2140,NA,NA,2140,993,993,NA,65,928,2067,2067,0,0,2067,515,480,35,NA,515,1161,1158,3,NA,1161,1211,1211,NA,NA,1211,690,690,0,42,648,296,190,106,8,288,144,144,0,NA,144,1165,1165,0,55,1110,300,294,6,NA,300,946,946,NA,NA,946,832,830,2,91,741,720,720,0,638,82,2110,2110,0,0,2110,1215,1215,NA,59,1156,1326,1326,0,65,1261,946,946,NA,NA,946,477,419,58,37,440,1396,1396,NA,NA,1396,3653,3618,35,5,3648,613,613,NA,NA,613,1243,1118,125,10,1233,1329,1153,176,NA,1329,1305,1000,305,32,1273,682,632,50,NA,682
M3 [Number of Caesarean (C-Section) deliveries],3.1,Total C -Section deliveries performed,TOTAL,11503,6423,5080,3447,8056,5,5,0,NA,5,523,407,116,NA,523,431,143,288,288,143,1009,502,507,327,682,82,54,28,NA,82,107,52,55,NA,107,374,316,58,NA,374,159,123,36,0,159,812,353,459,355,457,68,64,4,NA,68,384,210,174,174,210,291,150,141,NA,291,12,12,NA,NA,12,655,475,180,180,475,1809,1226,583,620,1189,354,163,191,83,271,119,119,NA,0,119,235,63,172,72,163,218,126,92,NA,218,428,305,123,123,305,116,116,0,NA,116,1065,243,822,718,347,420,118,302,NA,420,281,134,147,131,150,943,579,364,169,774,572,354,218,207,365,31,11,20,NA,31
M3 [Number of Caesarean (C-Section) deliveries],3.1.1,"C-sections, performed at night (8 PM- 8 AM)",TOTAL,3034,1554,1480,1019,2015,0,0,0,NA,0,125,98,27,NA,125,14,14,NA,NA,14,325,196,129,83,242,12,0,12,NA,12,6,1,5,NA,6,40,17,23,NA,40,30,23,7,0,30,390,148,242,199,191,19,19,0,NA,19,87,5,82,82,5,49,21,28,NA,49,1,1,NA,NA,1,240,200,40,40,200,580,384,196,196,384,65,3,62,27,38,8,8,NA,0,8,57,15,42,7,50,51,17,34,NA,51,110,37,73,73,37,14,14,0,NA,14,277,53,224,203,74,102,29,73,NA,102,44,2,42,40,4,293,195,98,36,257,93,54,39,33,60,2,0,2,NA,2
M4 [Pregnancy outcome & details of new-born],4.1.1.a,Live Birth - Male,TOTAL,29932,25672,4260,2417,27515,425,415,10,NA,425,1908,1838,70,NA,1908,771,576,195,203,568,2022,1611,411,171,1851,375,354,21,NA,375,893,855,38,NA,893,843,827,16,NA,843,2459,2432,27,13,2446,1224,895,329,225,999,179,177,2,NA,179,1233,1124,109,130,1103,753,611,142,NA,753,647,647,NA,NA,647,932,711,221,188,744,1738,1259,479,532,1206,969,828,141,45,924,895,895,0,4,891,1322,1152,170,48,1274,783,725,58,NA,783,1015,907,108,97,918,957,957,0,NA,957,2756,2237,519,406,2350,631,422,209,NA,631,709,550,159,72,637,1848,1460,388,100,1748,1199,844,355,183,1016,446,363,83,NA,446
M4 [Pregnancy outcome & details of new-born],4.1.1.b,Live Birth - Female,TOTAL,28183,24128,4055,2315,25868,435,426,9,NA,435,1783,1724,59,NA,1783,690,521,169,176,514,1951,1512,439,192,1759,339,319,20,NA,339,813,782,31,NA,813,813,765,48,NA,813,2186,2162,24,14,2172,1157,817,340,235,922,174,172,2,NA,174,1123,1017,106,130,993,711,550,161,NA,711,609,609,NA,NA,609,843,663,180,139,704,1635,1166,469,523,1112,1058,930,128,57,1001,817,817,0,2,815,1370,1178,192,53,1317,713,667,46,NA,713,914,822,92,79,835,902,902,0,NA,902,2621,2120,501,402,2219,555,363,192,NA,555,670,523,147,77,593,1750,1424,326,100,1650,1125,829,296,136,989,426,348,78,NA,426
M4 [Pregnancy outcome & details of new-born],4.1.2,Number of Pre term newborns ( < 37 weeks of pregnancy),TOTAL,1926,1702,224,145,1781,9,9,0,NA,9,117,115,2,NA,117,83,83,NA,NA,83,61,57,4,0,61,15,15,0,NA,15,231,221,10,NA,231,30,30,0,NA,30,46,46,0,0,46,140,137,3,20,120,0,0,0,NA,0,102,102,0,2,100,23,23,0,NA,23,29,29,NA,NA,29,9,9,0,0,9,123,32,91,95,28,21,18,3,2,19,9,9,NA,0,9,84,50,34,0,84,8,8,NA,NA,8,29,28,1,0,29,101,101,0,NA,101,134,115,19,19,115,43,23,20,NA,43,101,101,0,0,101,120,115,5,3,117,171,152,19,4,167,87,74,13,NA,87
M4 [Pregnancy outcome & details of new-born],4.1.3,Still Birth,TOTAL,1212,1083,129,72,1140,11,11,0,NA,11,53,53,NA,NA,53,28,14,14,14,14,115,99,16,5,110,15,13,2,NA,15,30,30,0,NA,30,27,27,NA,NA,27,83,77,6,1,82,26,22,4,0,26,9,9,0,NA,9,72,50,22,22,50,39,38,1,NA,39,23,23,NA,NA,23,26,26,0,0,26,131,130,1,1,130,25,21,4,1,24,30,30,NA,0,30,101,87,14,1,100,27,27,NA,NA,27,27,26,1,0,27,16,15,1,NA,16,162,136,26,25,137,12,11,1,NA,12,21,17,4,1,20,80,74,6,0,80,15,11,4,1,14,8,6,2,NA,8
M4 [Pregnancy outcome & details of new-born],4.2,Abortion (spontaneous),TOTAL,1826,1665,161,154,1672,61,61,0,NA,61,211,187,24,NA,211,17,17,NA,NA,17,56,41,15,0,56,5,5,0,NA,5,54,19,35,NA,54,22,22,NA,NA,22,85,85,0,0,85,50,48,2,0,50,31,31,0,NA,31,144,144,0,75,69,45,45,0,NA,45,103,103,NA,NA,103,54,54,0,2,52,73,13,60,60,13,126,126,0,0,126,52,52,NA,0,52,59,59,0,0,59,25,25,NA,NA,25,3,2,1,0,3,93,93,0,NA,93,113,112,1,0,113,148,145,3,NA,148,50,33,17,17,33,59,59,0,0,59,28,25,3,0,28,59,59,0,NA,59
M4 [Pregnancy outcome & details of new-born],4.3.1.a,MTP up to 12 weeks of pregnancy,TOTAL,5981,5577,404,449,5532,117,117,0,NA,117,263,263,NA,NA,263,284,284,NA,NA,284,116,101,15,15,101,76,76,NA,NA,76,472,458,14,NA,472,490,490,NA,NA,490,463,463,NA,169,294,122,122,0,0,122,40,40,0,NA,40,317,297,20,71,246,46,46,0,NA,46,38,38,NA,NA,38,186,181,5,5,181,166,139,27,61,105,184,176,8,0,184,210,210,NA,0,210,97,61,36,36,61,225,225,NA,NA,225,321,321,0,0,321,79,79,NA,NA,79,580,572,8,8,572,294,141,153,NA,294,90,90,0,0,90,257,221,36,2,255,332,250,82,82,250,116,116,0,NA,116
M4 [Pregnancy outcome & details of new-born],4.3.1.b,MTP more than 12 weeks of pregnancy,TOTAL,164,104,60,47,117,3,3,0,NA,3,0,0,NA,NA,0,0,0,NA,NA,0,15,0,15,15,0,0,0,NA,NA,0,5,2,3,NA,5,2,2,NA,NA,2,0,0,NA,0,0,8,3,5,5,3,7,7,0,NA,7,6,1,5,5,1,3,3,0,NA,3,0,0,NA,NA,0,3,0,3,3,0,17,4,13,13,4,2,2,0,0,2,1,1,NA,0,1,0,0,0,0,0,2,2,NA,NA,2,68,68,0,0,68,0,0,NA,NA,0,10,4,6,6,4,10,0,10,NA,10,0,0,0,0,0,0,0,0,NA,0,1,1,0,0,1,1,1,0,NA,1
M4 [Pregnancy outcome & details of new-born],4.3.2.a,Post Abortion/ MTP Complications Identified,TOTAL,43,27,16,10,33,0,0,0,NA,0,2,2,NA,NA,2,0,0,NA,NA,0,0,0,0,0,0,0,0,NA,NA,0,0,0,0,NA,0,15,15,NA,NA,15,0,0,NA,0,0,0,0,0,0,0,3,3,0,NA,3,0,0,0,0,0,0,0,0,NA,0,0,0,NA,NA,0,11,1,10,10,1,0,0,0,0,0,3,3,0,0,3,0,0,NA,0,0,0,0,0,0,0,3,3,NA,NA,3,0,0,0,0,0,0,0,NA,NA,0,0,0,0,0,0,6,0,6,NA,6,0,0,0,0,0,0,0,0,NA,0,0,0,0,0,0,0,0,0,NA,0
M4 [Pregnancy outcome & details of new-born],4.3.2.b,Post Abortion/ MTP Complications Treated,TOTAL,161,155,6,0,161,0,0,0,NA,0,0,0,NA,NA,0,0,0,NA,NA,0,0,0,0,0,0,0,0,NA,NA,0,14,14,0,NA,14,0,0,NA,NA,0,0,0,NA,0,0,0,0,0,0,0,4,4,0,NA,4,0,0,0,0,0,0,0,0,NA,0,0,0,NA,NA,0,1,1,0,0,1,0,0,0,0,0,3,3,0,0,3,18,18,NA,0,18,0,0,0,0,0,11,11,NA,NA,11,0,0,0,0,0,77,77,NA,NA,77,7,7,0,0,7,6,0,6,NA,6,0,0,0,0,0,16,16,0,NA,16,0,0,0,0,0,4,4,0,NA,4
M4 [Pregnancy outcome & details of new-born],4.3.3,Number of women provided with post abortion/ MTP contraception,TOTAL,696,696,0,110,586,59,59,0,NA,59,0,0,NA,NA,0,0,0,NA,NA,0,0,0,0,0,0,0,0,NA,NA,0,37,37,0,NA,37,0,0,NA,NA,0,269,269,NA,0,269,42,42,0,0,42,1,1,0,NA,1,112,112,0,110,2,27,27,0,NA,27,0,0,NA,NA,0,0,0,0,0,0,0,0,0,0,0,37,37,0,0,37,4,4,NA,0,4,0,0,0,0,0,26,26,NA,NA,26,1,1,0,0,1,0,0,NA,NA,0,79,79,0,0,79,0,0,0,NA,0,0,0,0,0,0,0,0,0,NA,0,0,0,0,0,0,2,2,0,NA,2
M4 [Pregnancy outcome & details of new-born],4.4.1,Number of newborns weighed at birth,TOTAL,56873,48575,8298,4683,52190,861,842,19,NA,861,3565,3440,125,NA,3565,1459,1095,364,379,1080,3973,3123,850,363,3610,708,667,41,NA,708,1700,1631,69,NA,1700,1649,1585,64,NA,1649,4645,4594,51,27,4618,2381,1712,669,460,1921,353,349,4,NA,353,2349,2141,208,253,2096,1458,1155,303,NA,1458,1256,1256,NA,NA,1256,1784,1383,401,327,1457,3373,2425,948,1055,2318,2024,1755,269,102,1922,1711,1711,0,6,1705,2674,2312,362,99,2575,1495,1391,104,NA,1495,1892,1694,198,138,1754,1859,1859,0,NA,1859,5351,4331,1020,808,4543,1186,785,401,NA,1186,1376,1073,303,149,1227,2754,2040,714,198,2556,2324,1673,651,319,2005,713,553,160,NA,713
M4 [Pregnancy outcome & details of new-born],4.4.2,Number of newborns having weight less than 2.5 kg,TOTAL,8838,7813,1025,455,8383,107,101,6,NA,107,546,536,10,NA,546,241,241,NA,NA,241,724,625,99,38,686,117,117,0,NA,117,280,277,3,NA,280,182,182,0,NA,182,956,948,8,1,955,514,455,59,24,490,25,25,0,NA,25,317,236,81,94,223,211,173,38,NA,211,169,169,NA,NA,169,106,103,3,2,104,473,401,72,83,390,376,291,85,37,339,104,104,NA,0,104,251,193,58,8,243,189,168,21,NA,189,287,247,40,40,247,347,347,0,NA,347,559,459,100,58,501,209,117,92,NA,209,228,201,27,16,212,706,617,89,17,689,453,362,91,37,416,161,118,43,NA,161
M4 [Pregnancy outcome & details of new-born],4.4.3,Number of Newborns breast fed within 1 hour of birth ,TOTAL,56335,48225,8110,4734,51601,860,841,19,NA,860,3544,3432,112,NA,3544,1458,1094,364,379,1079,3948,3098,850,363,3585,704,663,41,NA,704,1654,1585,69,NA,1654,1551,1487,64,NA,1551,4637,4586,51,27,4610,2364,1695,669,457,1907,353,349,4,NA,353,2307,2119,188,232,2075,1420,1117,303,NA,1420,1248,1248,NA,NA,1248,1866,1465,401,408,1458,3370,2422,948,1053,2317,2024,1755,269,102,1922,1683,1683,0,6,1677,2663,2308,355,100,2563,1398,1386,12,NA,1398,1764,1566,198,170,1594,1821,1821,0,NA,1821,5142,4126,1016,805,4337,1163,777,386,NA,1163,1373,1071,302,145,1228,2919,2237,682,168,2751,2243,1592,651,319,1924,858,702,156,NA,858
M5 [Complicated Pregnancies],5.1,"Number of cases of pregnant women with Obstetric Complications attended (Antepartum haemorrhage (APH), Post-Partum Hemorrhage (PPH), Sepsis, Eclampsia and others)",TOTAL,6955,4912,2043,1857,5098,6,6,0,NA,6,54,54,NA,NA,54,444,156,288,288,156,191,166,25,0,191,13,7,6,NA,13,580,580,0,NA,580,44,44,NA,NA,44,355,355,NA,0,355,1005,580,425,445,560,64,64,0,NA,64,326,300,26,30,296,75,75,0,NA,75,97,97,NA,NA,97,400,363,37,37,363,297,212,85,119,178,157,139,18,0,157,88,88,NA,0,88,624,485,139,63,561,30,30,NA,NA,30,52,51,1,0,52,282,282,0,NA,282,1056,348,708,708,348,124,72,52,NA,124,203,113,90,88,115,104,45,59,4,100,250,166,84,75,175,34,34,0,NA,34
M5 [Complicated Pregnancies],5.2,Number of Complicated pregnancies treated with Blood Transfusion,TOTAL,1078,1022,56,8,1070,0,0,NA,NA,0,7,7,NA,NA,7,25,25,NA,NA,25,18,18,0,0,18,0,0,NA,NA,0,124,124,0,NA,124,10,10,NA,NA,10,85,85,NA,NA,85,275,275,0,NA,275,22,22,NA,NA,22,50,50,0,0,50,14,14,NA,NA,14,0,0,NA,NA,0,73,73,0,0,73,11,11,NA,8,3,10,10,0,0,10,18,18,NA,NA,18,40,19,21,0,40,25,25,NA,NA,25,0,0,0,0,0,15,15,NA,NA,15,115,115,0,0,115,33,0,33,NA,33,7,7,0,NA,7,100,98,2,NA,100,1,1,0,0,1,0,0,NA,NA,0
M6 [Post Natal Care (PNC)],6.1,Women receiving 1st post partum checkup within 48 hours of home delivery,TOTAL,8434,8164,270,101,8333,132,132,0,NA,132,927,927,NA,NA,927,102,102,NA,12,90,136,136,0,0,136,115,115,0,NA,115,198,198,0,NA,198,265,265,NA,NA,265,1732,1721,11,0,1732,6,0,6,0,6,97,97,0,NA,97,107,107,0,2,105,31,31,0,NA,31,179,179,NA,NA,179,13,13,0,0,13,19,19,0,1,18,199,199,0,0,199,446,446,0,6,440,1071,1003,68,70,1001,129,129,NA,NA,129,38,37,1,9,29,194,194,0,NA,194,1179,1179,0,1,1178,34,34,NA,NA,34,14,12,2,0,14,920,793,127,0,920,76,55,21,0,76,75,41,34,NA,75
M6 [Post Natal Care (PNC)],6.2,Women receiving 1st post partum checkup between 48 hours and 14 days,TOTAL,45170,41924,3246,1833,43337,1012,1012,0,NA,1012,1933,1933,NA,NA,1933,958,958,NA,171,787,2148,2083,65,0,2148,583,548,35,NA,583,1717,1717,0,NA,1717,1190,1190,NA,NA,1190,2586,2557,29,0,2586,1892,1562,330,35,1857,125,125,0,NA,125,1200,1200,0,40,1160,1315,1314,1,NA,1315,896,896,NA,NA,896,1944,1944,0,0,1944,3414,2540,874,995,2419,1501,1501,0,0,1501,1353,1353,0,7,1346,1671,1591,80,2,1669,490,490,NA,NA,490,3623,3455,168,100,3523,1841,1840,1,NA,1841,3619,3599,20,0,3619,1591,1196,395,NA,1591,1633,1448,185,10,1623,1889,1472,417,150,1739,2389,1848,541,323,2066,657,552,105,NA,657
M6 [Post Natal Care (PNC)],6.3,Number of mothers provided full course of 180 IFA tablets after delivery,TOTAL,41956,40004,1952,1150,40806,1207,1207,0,NA,1207,2724,2698,26,NA,2724,658,658,NA,NA,658,1669,1592,77,0,1669,565,530,35,NA,565,2206,2203,3,NA,2206,1787,1787,NA,NA,1787,3128,3084,44,0,3128,2541,1904,637,404,2137,173,173,0,NA,173,1812,1812,0,49,1763,1267,1256,11,NA,1267,665,665,NA,NA,665,1943,1933,10,83,1860,636,573,63,285,351,1281,1243,38,0,1281,1185,1185,0,21,1164,2837,2837,0,2,2835,444,444,NA,NA,444,1453,1400,53,5,1448,1407,1406,1,NA,1407,3831,3818,13,0,3831,1006,1006,NA,NA,1006,1260,1105,155,43,1217,2128,1710,418,168,1960,1513,1225,288,90,1423,630,550,80,NA,630
M6 [Post Natal Care (PNC)],6.4,Number of mothers provided 360 Calcium tablets after delivery,TOTAL,30331,28611,1720,1091,29240,882,882,0,NA,882,2387,2359,28,NA,2387,574,574,NA,NA,574,1127,1054,73,0,1127,351,316,35,NA,351,2163,2160,3,NA,2163,1672,1672,NA,NA,1672,3031,2987,44,0,3031,1057,459,598,404,653,179,179,0,NA,179,1799,1799,0,49,1750,698,698,0,NA,698,406,406,NA,NA,406,1662,1652,10,83,1579,573,510,63,234,339,488,450,38,0,488,753,753,0,15,738,2243,2243,0,0,2243,235,235,NA,NA,235,875,834,41,4,871,1351,1350,1,NA,1351,1418,1408,10,0,1418,968,968,NA,NA,968,929,784,145,43,886,927,533,394,168,759,1083,916,167,91,992,500,430,70,NA,500
M7 [Reproductive Tract Infections/Sexually Transmitted Infections (RTI/STI) Cases],7.1.1,New RTI/STI cases identified - Male,TOTAL,1003,993,10,0,1003,18,18,0,NA,18,33,33,NA,NA,33,101,101,NA,NA,101,9,9,0,0,9,17,17,NA,NA,17,26,26,0,NA,26,77,77,NA,NA,77,10,10,NA,0,10,0,0,0,0,0,0,0,0,NA,0,6,6,0,0,6,116,116,0,NA,116,78,78,NA,NA,78,61,61,0,0,61,49,49,0,0,49,34,34,0,0,34,0,0,NA,0,0,0,0,0,0,0,36,36,NA,NA,36,104,104,0,0,104,41,41,NA,NA,41,29,29,0,0,29,73,73,NA,NA,73,21,16,5,0,21,34,31,3,NA,34,8,6,2,0,8,22,22,0,NA,22
M7 [Reproductive Tract Infections/Sexually Transmitted Infections (RTI/STI) Cases],7.1.2,New RTI/STI cases identified - Female,TOTAL,2718,2709,9,2,2716,58,58,0,NA,58,253,253,NA,NA,253,68,68,NA,NA,68,131,131,0,0,131,21,21,NA,NA,21,143,143,0,NA,143,190,190,NA,NA,190,239,239,NA,0,239,6,6,0,0,6,0,0,0,NA,0,142,142,0,0,142,110,110,0,NA,110,221,221,NA,NA,221,53,53,0,0,53,98,98,0,2,96,165,165,0,0,165,2,2,NA,0,2,0,0,0,0,0,107,107,NA,NA,107,190,190,0,0,190,93,93,NA,NA,93,127,127,0,0,127,110,110,NA,NA,110,23,17,6,0,23,97,95,2,NA,97,16,15,1,0,16,55,55,0,NA,55
M7 [Reproductive Tract Infections/Sexually Transmitted Infections (RTI/STI) Cases],7.2.1,RTI/STI for which treatment initiated - Male,TOTAL,938,936,2,0,938,18,18,0,NA,18,7,7,NA,NA,7,101,101,NA,NA,101,9,9,0,0,9,17,17,NA,NA,17,19,19,0,NA,19,77,77,NA,NA,77,10,10,NA,0,10,0,0,0,0,0,0,0,0,NA,0,6,6,0,0,6,102,102,0,NA,102,76,76,NA,NA,76,60,60,0,0,60,49,49,0,0,49,34,34,0,0,34,0,0,NA,0,0,0,0,0,0,0,18,18,NA,NA,18,104,104,0,0,104,28,28,NA,NA,28,29,29,0,0,29,73,73,NA,NA,73,16,16,0,0,16,31,31,0,NA,31,32,30,2,0,32,22,22,0,NA,22
M7 [Reproductive Tract Infections/Sexually Transmitted Infections (RTI/STI) Cases],7.2.2,RTI/STI for which treatment initiated -Female,TOTAL,2301,2299,2,2,2299,58,58,0,NA,58,5,5,NA,NA,5,68,68,NA,NA,68,131,131,0,0,131,21,21,NA,NA,21,133,133,0,NA,133,190,190,NA,NA,190,239,239,NA,0,239,6,6,0,0,6,0,0,0,NA,0,142,142,0,0,142,88,88,0,NA,88,206,206,NA,NA,206,51,51,0,0,51,98,98,0,2,96,89,89,0,0,89,2,2,NA,0,2,0,0,0,0,0,76,76,NA,NA,76,190,190,0,0,190,81,81,NA,NA,81,127,127,0,0,127,110,110,NA,NA,110,17,17,0,0,17,96,95,1,NA,96,22,21,1,0,22,55,55,0,NA,55
M8 [Family Planning],8.1.1,Number of Non Scalpel Vasectomy (NSV) / Conventional Vasectomy conducted,TOTAL,1,1,0,0,1,0,0,0,NA,0,0,0,NA,NA,0,0,0,NA,NA,0,0,0,0,0,0,0,0,NA,NA,0,0,0,0,NA,0,0,0,NA,NA,0,0,0,NA,0,0,0,0,0,0,0,0,0,0,NA,0,0,0,0,0,0,0,0,0,NA,0,0,0,NA,NA,0,0,0,0,0,0,0,0,0,0,0,0,0,0,0,0,0,0,NA,0,0,0,0,0,0,0,0,0,NA,NA,0,0,0,0,0,0,0,0,NA,NA,0,0,0,0,0,0,1,1,0,NA,1,0,0,0,0,0,0,0,0,NA,0,0,0,0,0,0,0,0,0,NA,0
M8 [Family Planning],8.2.1,Number of Laparoscopic sterilizations (excluding post abortion) conducted,TOTAL,168,165,3,9,159,0,0,0,NA,0,0,0,NA,NA,0,0,0,NA,NA,0,7,7,0,0,7,0,0,NA,NA,0,49,49,0,NA,49,17,17,NA,NA,17,0,0,NA,0,0,4,4,0,0,4,0,0,0,NA,0,6,6,0,6,0,1,1,0,NA,1,0,0,NA,NA,0,1,0,1,1,0,9,7,2,2,7,0,0,0,0,0,0,0,NA,0,0,2,2,0,0,2,0,0,NA,NA,0,4,4,0,0,4,0,0,NA,NA,0,8,8,0,0,8,24,24,0,NA,24,0,0,0,0,0,27,27,0,NA,27,9,9,0,0,9,0,0,0,NA,0
M8 [Family Planning],8.2.2,Number of Interval Mini-lap (other than post-partum and post abortion) sterilizations conducted,TOTAL,69,47,22,22,47,0,0,0,NA,0,0,0,NA,NA,0,2,2,NA,NA,2,0,0,0,0,0,0,0,NA,NA,0,0,0,0,NA,0,4,4,NA,NA,4,0,0,NA,0,0,30,30,0,0,30,0,0,0,NA,0,0,0,0,0,0,0,0,0,NA,0,0,0,NA,NA,0,0,0,0,0,0,24,2,22,22,2,8,8,0,0,8,0,0,NA,0,0,0,0,0,0,0,0,0,NA,NA,0,0,0,0,0,0,0,0,NA,NA,0,0,0,0,0,0,0,0,0,NA,0,0,0,0,0,0,0,0,0,NA,0,1,1,0,0,1,0,0,0,NA,0
M8 [Family Planning],8.2.3,Number of Postpartum sterilizations (within 7 days of delivery by minilap or concurrent with caesarean section) conducted,TOTAL,1032,849,183,113,919,0,0,0,NA,0,34,25,9,NA,34,53,26,27,27,26,90,70,20,5,85,9,9,NA,NA,9,15,15,0,NA,15,63,63,NA,NA,63,47,47,NA,0,47,0,0,0,0,0,7,7,0,NA,7,43,27,16,16,27,54,38,16,NA,54,0,0,NA,NA,0,18,18,0,4,14,267,267,0,4,263,32,32,0,0,32,0,0,NA,0,0,14,6,8,8,6,20,20,NA,NA,20,1,1,0,0,1,17,17,NA,NA,17,90,44,46,46,44,38,16,22,NA,38,15,15,0,0,15,31,19,12,NA,31,67,64,3,3,64,7,3,4,NA,7
M8 [Family Planning],8.2.4,Number of Post Abortion sterilizations (within 7 days of spontaneous or surgical abortion) conducted,TOTAL,75,75,0,0,75,0,0,0,NA,0,0,0,NA,NA,0,0,0,NA,NA,0,0,0,0,0,0,0,0,NA,NA,0,0,0,0,NA,0,0,0,NA,NA,0,0,0,NA,0,0,0,0,0,0,0,0,0,0,NA,0,0,0,0,0,0,1,1,0,NA,1,0,0,NA,NA,0,0,0,0,0,0,9,9,0,0,9,0,0,0,0,0,0,0,NA,0,0,0,0,0,0,0,0,0,NA,NA,0,61,61,0,0,61,0,0,NA,NA,0,0,0,0,0,0,4,4,0,NA,4,0,0,0,0,0,0,0,0,NA,0,0,0,0,0,0,0,0,0,NA,0
M8 [Family Planning],8.3,Number of Interval IUCD Insertions (excluding PPIUCD and PAIUCD),TOTAL,2995,2952,43,62,2933,29,29,0,NA,29,143,143,NA,NA,143,155,155,NA,4,151,64,64,0,3,61,78,78,NA,NA,78,107,105,2,NA,107,124,124,NA,NA,124,318,305,13,3,315,175,162,13,3,172,15,15,0,NA,15,160,160,0,8,152,43,43,0,NA,43,205,205,NA,NA,205,158,158,0,4,154,45,45,0,36,9,130,130,0,0,130,84,84,NA,0,84,58,58,0,0,58,149,149,NA,NA,149,163,163,0,1,162,129,129,NA,NA,129,213,210,3,0,213,47,37,10,NA,47,80,80,0,0,80,49,49,0,NA,49,40,38,2,0,40,34,34,0,NA,34
M8 [Family Planning],8.4,Number of Postpartum (within 48 hours of delivery) IUCD insertions,TOTAL,4398,4376,22,107,4291,52,52,0,NA,52,132,132,NA,NA,132,43,41,2,2,41,89,89,0,0,89,5,5,NA,NA,5,133,133,0,NA,133,415,415,NA,NA,415,285,285,0,0,285,257,257,0,44,213,20,20,0,NA,20,187,187,0,18,169,579,579,0,NA,579,206,206,NA,NA,206,65,65,0,1,64,700,700,0,23,677,91,91,0,0,91,2,2,NA,0,2,71,71,0,0,71,75,75,NA,NA,75,74,74,0,0,74,100,100,NA,NA,100,301,281,20,19,282,105,105,0,NA,105,130,130,0,0,130,89,89,0,NA,89,173,173,0,0,173,19,19,0,NA,19
M8 [Family Planning],8.5,Number of Post Abortion (within 12 days of spontaneous or surgical abortion) IUCD insertions,TOTAL,348,340,8,57,291,7,7,0,NA,7,10,10,NA,NA,10,16,16,NA,NA,16,10,10,0,0,10,1,1,NA,NA,1,37,37,0,NA,37,6,6,NA,NA,6,91,91,NA,33,58,11,11,0,0,11,0,0,0,NA,0,40,40,0,18,22,15,15,0,NA,15,3,3,NA,NA,3,10,10,0,0,10,7,7,0,6,1,19,19,0,0,19,7,7,NA,0,7,0,0,0,0,0,10,10,NA,NA,10,5,5,0,0,5,3,3,NA,NA,3,7,7,0,0,7,2,2,0,NA,2,0,0,0,0,0,19,11,8,NA,19,10,10,0,0,10,2,2,0,NA,2
M8 [Family Planning],8.6,Number of IUCD Removals,TOTAL,1046,1026,20,28,1018,42,42,0,NA,42,32,32,NA,NA,32,30,30,NA,2,28,13,13,0,0,13,26,26,NA,NA,26,48,48,0,NA,48,86,86,NA,NA,86,35,35,0,0,35,42,42,0,17,25,4,4,0,NA,4,61,61,0,0,61,40,40,0,NA,40,31,31,NA,NA,31,32,32,0,0,32,60,60,0,9,51,44,44,0,0,44,46,46,NA,0,46,39,39,0,0,39,55,55,NA,NA,55,15,15,0,0,15,28,28,NA,NA,28,55,53,2,0,55,34,18,16,NA,34,33,33,0,0,33,43,43,0,NA,43,27,25,2,0,27,45,45,0,NA,45
M8 [Family Planning],8.7,Number of complications following IUCD Insertion,TOTAL,171,168,3,5,166,5,5,0,NA,5,11,11,NA,NA,11,1,1,NA,1,0,3,1,2,2,1,4,4,NA,NA,4,20,20,0,NA,20,2,2,NA,NA,2,4,4,0,0,4,2,2,0,0,2,0,0,0,NA,0,4,4,0,0,4,4,4,0,NA,4,1,1,NA,NA,1,13,12,1,1,12,48,48,0,1,47,4,4,0,0,4,10,10,NA,0,10,1,1,0,0,1,6,6,NA,NA,6,5,5,0,0,5,0,0,NA,NA,0,8,8,0,0,8,4,4,0,NA,4,1,1,0,0,1,1,1,0,NA,1,5,5,0,0,5,4,4,0,NA,4
M8 [Family Planning],8.8,Injectable Contraceptive-Antara Program- First Dose,TOTAL,953,953,0,28,925,11,11,0,NA,11,50,50,NA,NA,50,14,14,NA,NA,14,17,17,0,0,17,0,0,NA,NA,0,166,166,0,NA,166,22,22,NA,NA,22,94,94,0,22,72,1,1,0,0,1,0,0,0,NA,0,40,40,0,0,40,13,13,0,NA,13,94,94,NA,NA,94,0,0,0,0,0,22,22,0,0,22,40,40,0,0,40,10,10,NA,6,4,226,226,0,0,226,9,9,NA,NA,9,37,37,0,0,37,19,19,NA,NA,19,18,18,0,0,18,0,0,NA,NA,0,4,4,0,0,4,45,45,0,NA,45,1,1,0,0,1,0,0,0,NA,0
M8 [Family Planning],8.9,Injectable Contraceptive-Antara Program- Second Dose,TOTAL,571,571,0,28,543,10,10,0,NA,10,26,26,NA,NA,26,10,10,NA,NA,10,4,4,0,0,4,0,0,NA,NA,0,10,10,0,NA,10,15,15,NA,NA,15,60,60,0,0,60,0,0,0,0,0,0,0,0,NA,0,8,8,0,0,8,11,11,0,NA,11,140,140,NA,NA,140,0,0,0,0,0,19,19,0,0,19,32,32,0,0,32,28,28,NA,28,0,129,129,0,0,129,5,5,NA,NA,5,11,11,0,0,11,7,7,NA,NA,7,14,14,0,0,14,0,0,NA,NA,0,4,4,0,0,4,22,22,0,NA,22,6,6,0,0,6,0,0,0,NA,0
M8 [Family Planning],8.1,Injectable Contraceptive-Antara Program- Third Dose,TOTAL,143,143,0,4,139,7,7,0,NA,7,0,0,NA,NA,0,1,1,NA,NA,1,0,0,0,0,0,0,0,NA,NA,0,1,1,0,NA,1,17,17,NA,NA,17,30,30,0,0,30,0,0,0,0,0,0,0,0,NA,0,4,4,0,0,4,4,4,0,NA,4,13,13,NA,NA,13,0,0,0,0,0,9,9,0,0,9,9,9,0,0,9,4,4,NA,4,0,7,7,0,0,7,0,0,NA,NA,0,0,0,0,0,0,1,1,NA,NA,1,3,3,0,0,3,0,0,NA,NA,0,1,1,0,0,1,31,31,0,NA,31,1,1,0,0,1,0,0,0,NA,0
M8 [Family Planning],8.11,Injectable Contraceptive-Antara Program- Fourth or more than fourth,TOTAL,25,19,6,6,19,2,2,0,NA,2,0,0,NA,NA,0,0,0,NA,NA,0,0,0,0,0,0,0,0,NA,NA,0,1,1,0,NA,1,5,5,NA,NA,5,0,0,0,0,0,0,0,0,0,0,0,0,0,NA,0,0,0,0,0,0,0,0,0,NA,0,0,0,NA,NA,0,0,0,0,0,0,0,0,0,0,0,1,1,0,0,1,6,6,NA,6,0,0,0,0,0,0,0,0,NA,NA,0,0,0,0,0,0,0,0,NA,NA,0,1,1,0,0,1,0,0,NA,NA,0,0,0,0,0,0,6,0,6,NA,6,3,3,0,0,3,0,0,0,NA,0
M8 [Family Planning],8.12,Number of Combined Oral Pill cycles distributed,TOTAL,135626,131482,4144,3789,131837,5323,5291,32,NA,5323,11274,11274,NA,NA,11274,3655,3655,NA,528,3127,3416,3416,0,0,3416,2311,2311,NA,NA,2311,3413,3385,28,NA,3413,5415,5415,NA,NA,5415,6710,6027,683,46,6664,4741,4005,736,360,4381,835,835,0,NA,835,8740,8740,0,479,8261,5890,5872,18,NA,5890,3601,3601,NA,NA,3601,3167,3115,52,239,2928,3248,3248,0,1463,1785,7756,7756,0,0,7756,3959,3959,NA,312,3647,3351,3351,0,0,3351,5833,5833,NA,NA,5833,5376,4962,414,100,5276,4848,4848,NA,NA,4848,7151,7108,43,28,7123,5017,5017,NA,NA,5017,4698,4362,336,142,4556,7066,6361,705,27,7039,5692,4899,793,65,5627,3140,2836,304,NA,3140
M8 [Family Planning],8.13,Number of Condom pieces distributed,TOTAL,366311,358721,7590,19903,346408,10733,10711,22,NA,10733,19903,19903,NA,NA,19903,10635,10535,100,1384,9251,11368,11368,0,1115,10253,2630,2630,NA,NA,2630,13493,13472,21,NA,13493,10540,10540,NA,NA,10540,22739,22349,390,270,22469,15191,12660,2531,663,14528,1173,1173,0,NA,1173,25193,25193,0,718,24475,16090,16085,5,NA,16090,13280,13280,NA,NA,13280,20039,18464,1575,4335,15704,8984,8984,0,4179,4805,29128,29128,0,0,29128,21475,21475,NA,5640,15835,11464,11464,0,225,11239,10514,10514,NA,NA,10514,10927,10438,489,907,10020,7055,7055,NA,NA,7055,13215,12963,252,27,13188,17002,17002,NA,NA,17002,16138,15744,394,213,15925,14823,13999,824,22,14801,8548,7801,747,205,8343,4031,3791,240,NA,4031
M8 [Family Planning],8.14,Number of Centchroman (weekly) pill strips distributed,TOTAL,3088,2893,195,148,2940,332,332,0,NA,332,118,118,NA,NA,118,11,11,NA,9,2,16,16,0,0,16,5,5,NA,NA,5,70,70,0,NA,70,44,44,NA,NA,44,0,0,0,0,0,94,94,0,0,94,0,0,0,NA,0,300,300,0,78,222,247,247,0,NA,247,182,182,NA,NA,182,10,10,0,0,10,45,45,0,45,0,129,129,0,0,129,47,47,NA,0,47,117,117,0,0,117,221,221,NA,NA,221,75,75,0,0,75,110,110,NA,NA,110,315,315,0,16,299,3,3,NA,NA,3,0,0,0,0,0,448,289,159,NA,448,144,113,31,0,144,5,0,5,NA,5
M8 [Family Planning],8.15,Number of Emergency Contraceptive Pills (ECP) given,TOTAL,2306,2285,21,250,2056,131,131,0,NA,131,227,227,NA,NA,227,25,25,NA,12,13,9,9,0,0,9,28,28,NA,NA,28,22,22,0,NA,22,1,1,NA,NA,1,93,93,0,14,79,65,58,7,0,65,30,30,0,NA,30,345,345,0,105,240,2,2,0,NA,2,236,236,NA,NA,236,9,9,0,0,9,125,125,0,104,21,140,140,0,0,140,107,107,NA,10,97,12,12,0,0,12,68,68,NA,NA,68,53,53,0,5,48,22,22,NA,NA,22,218,218,0,0,218,27,27,NA,NA,27,58,58,0,0,58,113,113,0,NA,113,109,104,5,0,109,31,22,9,NA,31
M8 [Family Planning],8.16,Number of Pregnancy Test Kits (PTK) used,TOTAL,21401,20615,786,1010,20391,576,576,0,NA,576,1058,1055,3,NA,1058,431,431,NA,97,334,790,710,80,154,636,281,281,NA,NA,281,460,460,0,NA,460,420,420,NA,NA,420,2416,2342,74,220,2196,938,819,119,28,910,294,294,0,NA,294,1195,1195,0,64,1131,588,588,0,NA,588,848,848,NA,NA,848,656,656,0,80,576,1525,1490,35,269,1256,1204,1204,0,0,1204,619,619,NA,21,598,1315,1315,0,0,1315,510,510,NA,NA,510,569,514,55,0,569,232,232,NA,NA,232,1567,1544,23,25,1542,518,518,NA,NA,518,412,347,65,0,412,845,761,84,NA,845,819,615,204,52,767,315,271,44,NA,315
M8 [Family Planning],8.17.1,Complications following male sterilization,TOTAL,0,0,0,0,0,0,0,0,NA,0,0,0,NA,NA,0,0,0,NA,NA,0,0,0,0,0,0,0,0,NA,NA,0,0,0,0,NA,0,0,0,NA,NA,0,0,0,0,0,0,0,0,0,0,0,0,0,0,NA,0,0,0,0,0,0,0,0,0,NA,0,0,0,NA,NA,0,0,0,0,0,0,0,0,0,0,0,0,0,0,0,0,0,0,NA,0,0,0,0,0,0,0,0,0,NA,NA,0,0,0,0,0,0,0,0,NA,NA,0,0,0,0,0,0,0,0,0,NA,0,0,0,0,0,0,0,0,0,NA,0,0,0,0,0,0,0,0,0,NA,0
M8 [Family Planning],8.17.2,Complications following female sterilization,TOTAL,3,3,0,0,3,0,0,0,NA,0,0,0,NA,NA,0,0,0,NA,NA,0,0,0,0,0,0,0,0,NA,NA,0,0,0,0,NA,0,0,0,NA,NA,0,0,0,0,0,0,0,0,0,0,0,0,0,0,NA,0,0,0,0,0,0,0,0,0,NA,0,0,0,NA,NA,0,0,0,0,0,0,0,0,0,0,0,0,0,0,0,0,0,0,NA,0,0,0,0,0,0,0,1,1,NA,NA,1,0,0,0,0,0,0,0,NA,NA,0,0,0,0,0,0,1,1,0,NA,1,0,0,0,0,0,1,1,0,NA,1,0,0,0,0,0,0,0,0,NA,0
M8 [Family Planning],8.17.3,Failures following male sterilization,TOTAL,0,0,0,0,0,0,0,0,NA,0,0,0,NA,NA,0,0,0,NA,NA,0,0,0,0,0,0,0,0,NA,NA,0,0,0,0,NA,0,0,0,NA,NA,0,0,0,NA,0,0,0,0,0,0,0,0,0,0,NA,0,0,0,0,0,0,0,0,0,NA,0,0,0,NA,NA,0,0,0,0,0,0,0,0,0,0,0,0,0,0,0,0,0,0,NA,0,0,0,0,0,0,0,0,0,NA,NA,0,0,0,0,0,0,0,0,NA,NA,0,0,0,0,0,0,0,0,0,NA,0,0,0,0,0,0,0,0,0,NA,0,0,0,0,0,0,0,0,0,NA,0
M8 [Family Planning],8.17.4,Failures following female sterilization,TOTAL,10,10,0,0,10,0,0,0,NA,0,0,0,NA,NA,0,0,0,NA,NA,0,0,0,0,0,0,0,0,NA,NA,0,1,1,0,NA,1,0,0,NA,NA,0,0,0,NA,0,0,0,0,0,0,0,0,0,0,NA,0,0,0,0,0,0,0,0,0,NA,0,0,0,NA,NA,0,0,0,0,0,0,0,0,0,0,0,3,3,0,0,3,0,0,NA,0,0,0,0,0,0,0,0,0,NA,NA,0,0,0,0,0,0,0,0,NA,NA,0,0,0,0,0,0,6,6,0,NA,6,0,0,0,0,0,0,0,0,NA,0,0,0,0,0,0,0,0,0,NA,0
M8 [Family Planning],8.17.5,Deaths following male sterilization,TOTAL,0,0,0,0,0,0,0,0,NA,0,0,0,NA,NA,0,0,0,NA,NA,0,0,0,0,0,0,0,0,NA,NA,0,0,0,0,NA,0,0,0,NA,NA,0,0,0,NA,0,0,0,0,0,0,0,0,0,0,NA,0,0,0,0,0,0,0,0,0,NA,0,0,0,NA,NA,0,0,0,0,0,0,0,0,0,0,0,0,0,0,0,0,0,0,NA,0,0,0,0,0,0,0,0,0,NA,NA,0,0,0,0,0,0,0,0,NA,NA,0,0,0,0,0,0,0,0,0,NA,0,0,0,0,0,0,0,0,0,NA,0,0,0,0,0,0,0,0,0,NA,0
M8 [Family Planning],8.17.6,Deaths following female sterilization,TOTAL,0,0,0,0,0,0,0,0,NA,0,0,0,NA,NA,0,0,0,NA,NA,0,0,0,0,0,0,0,0,NA,NA,0,0,0,0,NA,0,0,0,NA,NA,0,0,0,NA,0,0,0,0,0,0,0,0,0,0,NA,0,0,0,0,0,0,0,0,0,NA,0,0,0,NA,NA,0,0,0,0,0,0,0,0,0,0,0,0,0,0,0,0,0,0,NA,0,0,0,0,0,0,0,0,0,NA,NA,0,0,0,0,0,0,0,0,NA,NA,0,0,0,0,0,0,0,0,0,NA,0,0,0,0,0,0,0,0,0,NA,0,0,0,0,0,0,0,0,0,NA,0
M9 [CHILD IMMUNISATION],9.1.1,Child immunisation - Vitamin K1 (Birth Dose),TOTAL,35076,32598,2478,1279,33797,713,713,0,NA,713,1328,1328,NA,NA,1328,991,988,3,6,985,3190,2813,377,0,3190,320,320,NA,NA,320,1239,1229,10,NA,1239,1279,1279,NA,NA,1279,2237,2237,0,27,2210,1876,1707,169,61,1815,223,223,0,NA,223,1369,1369,0,43,1326,1107,1064,43,NA,1107,967,967,NA,NA,967,1310,1302,8,0,1310,3370,2447,923,1025,2345,1159,1159,0,0,1159,767,767,NA,0,767,1440,1202,238,NA,1440,922,922,NA,NA,922,1342,1320,22,0,1342,701,701,NA,NA,701,2758,2758,0,0,2758,1102,740,362,NA,1102,622,615,7,0,622,1078,906,172,64,1014,1236,1111,125,53,1183,430,411,19,NA,430
M9 [CHILD IMMUNISATION],9.1.2,Child immunisation - BCG,TOTAL,50862,47307,3555,3693,47169,1333,1332,1,NA,1333,2976,2911,65,NA,2976,1268,1200,68,116,1152,3459,2805,654,608,2851,791,791,NA,NA,791,1646,1585,61,NA,1646,1257,1257,NA,NA,1257,3908,3874,34,59,3849,2124,1654,470,211,1913,340,336,4,NA,340,2330,2322,8,87,2243,1139,1095,44,NA,1139,1095,1095,NA,NA,1095,1699,1629,70,149,1550,2766,2459,307,1489,1277,2143,2143,0,0,2143,1894,1894,0,27,1867,2366,2174,192,41,2325,1555,1555,NA,NA,1555,2347,2286,61,642,1705,1913,1913,0,NA,1913,3105,2893,212,64,3041,1155,770,385,NA,1155,1386,1290,96,49,1337,2229,1943,286,88,2141,1777,1342,435,63,1714,861,759,102,NA,861
M9 [CHILD IMMUNISATION],9.1.3,Child immunisation - DPT1,TOTAL,50,5,45,45,5,0,0,0,NA,0,0,0,NA,NA,0,0,0,NA,NA,0,0,0,0,0,0,0,0,NA,NA,0,0,0,0,NA,0,0,0,NA,NA,0,4,4,0,0,4,0,0,0,0,0,0,0,0,NA,0,1,1,0,0,1,0,0,0,NA,0,0,0,NA,NA,0,45,0,45,45,0,0,0,0,0,0,0,0,0,0,0,0,0,NA,0,0,0,0,0,0,0,0,0,NA,NA,0,0,0,0,0,0,0,0,0,NA,0,0,0,0,0,0,0,0,NA,NA,0,0,0,0,0,0,0,0,0,0,0,0,0,0,0,0,0,0,0,NA,0
M9 [CHILD IMMUNISATION],9.1.4,Child immunisation - DPT2,TOTAL,56,13,43,43,13,0,0,0,NA,0,0,0,NA,NA,0,0,0,NA,NA,0,0,0,0,0,0,0,0,NA,NA,0,0,0,0,NA,0,0,0,NA,NA,0,7,7,0,0,7,0,0,0,0,0,0,0,0,NA,0,6,6,0,0,6,0,0,0,NA,0,0,0,NA,NA,0,43,0,43,43,0,0,0,0,0,0,0,0,0,0,0,0,0,NA,0,0,0,0,0,0,0,0,0,NA,NA,0,0,0,0,0,0,0,0,0,NA,0,0,0,0,0,0,0,0,NA,NA,0,0,0,0,0,0,0,0,0,0,0,0,0,0,0,0,0,0,0,NA,0
M9 [CHILD IMMUNISATION],9.1.5,Child immunisation - DPT3,TOTAL,49,9,40,40,9,0,0,0,NA,0,0,0,NA,NA,0,0,0,NA,NA,0,0,0,0,0,0,0,0,NA,NA,0,0,0,0,NA,0,0,0,NA,NA,0,8,8,0,0,8,0,0,0,0,0,0,0,0,NA,0,0,0,0,0,0,0,0,0,NA,0,1,1,NA,NA,1,40,0,40,40,0,0,0,0,0,0,0,0,0,0,0,0,0,NA,0,0,0,0,0,0,0,0,0,NA,NA,0,0,0,0,0,0,0,0,0,NA,0,0,0,0,0,0,0,0,NA,NA,0,0,0,0,0,0,0,0,0,0,0,0,0,0,0,0,0,0,0,NA,0
M9 [CHILD IMMUNISATION],9.1.6,Child immunisation - Pentavalent 1,TOTAL,46889,44760,2129,3146,43743,1218,1217,1,NA,1218,2884,2876,8,NA,2884,1232,1184,48,159,1073,2388,2305,83,262,2126,687,687,NA,NA,687,1527,1520,7,NA,1527,973,973,NA,NA,973,3684,3632,52,74,3610,1741,1345,396,190,1551,316,316,0,NA,316,1821,1821,0,117,1704,1374,1374,0,NA,1374,1136,1136,NA,NA,1136,1533,1484,49,166,1367,1967,1920,47,1553,414,2359,2359,0,0,2359,1665,1665,0,143,1522,1794,1794,0,51,1743,1321,1321,NA,NA,1321,1667,1577,90,85,1582,1761,1761,0,NA,1761,3705,3635,70,62,3643,1181,1039,142,NA,1181,1456,1326,130,103,1353,2621,2224,397,44,2577,1828,1334,494,137,1691,1050,935,115,NA,1050
M9 [CHILD IMMUNISATION],9.1.7,Child immunisation - Pentavalent 2,TOTAL,40176,38505,1671,2892,37284,1060,1060,0,NA,1060,2582,2574,8,NA,2582,939,901,38,119,820,2302,2207,95,252,2050,567,567,NA,NA,567,1334,1328,6,NA,1334,778,778,NA,NA,778,3127,3084,43,44,3083,1315,1026,289,169,1146,253,253,0,NA,253,1544,1544,0,80,1464,1027,1027,0,NA,1027,922,922,NA,NA,922,1255,1206,49,169,1086,1844,1802,42,1523,321,2077,2077,0,0,2077,1512,1512,0,151,1361,1776,1776,0,48,1728,1078,1078,NA,NA,1078,1347,1278,69,48,1299,1585,1580,5,NA,1585,3435,3376,59,64,3371,984,866,118,NA,984,1090,973,117,85,1005,2168,1883,285,34,2134,1394,1026,368,106,1288,881,801,80,NA,881
M9 [CHILD IMMUNISATION],9.1.8,Child immunisation - Pentavalent 3,TOTAL,38606,37141,1465,2825,35781,950,950,0,NA,950,2457,2449,8,NA,2457,1014,983,31,106,908,2385,2276,109,245,2140,545,545,NA,NA,545,1229,1221,8,NA,1229,672,672,NA,NA,672,3202,3158,44,62,3140,1073,830,243,145,928,222,222,0,NA,222,1547,1547,0,103,1444,895,895,0,NA,895,1105,1105,NA,NA,1105,1121,1073,48,148,973,1765,1739,26,1500,265,1818,1818,0,0,1818,1455,1455,0,127,1328,1966,1966,0,43,1923,1150,1150,NA,NA,1150,1216,1149,67,49,1167,1460,1460,0,NA,1460,3450,3390,60,91,3359,890,766,124,NA,890,1034,930,104,83,951,1970,1741,229,34,1936,1229,946,283,89,1140,786,705,81,NA,786
M9 [CHILD IMMUNISATION],9.1.9,Child immunisation - OPV 0 (Birth Dose),TOTAL,8779,6226,2553,2350,6429,158,158,0,NA,158,109,44,65,NA,109,196,137,59,59,137,240,115,125,125,115,30,30,NA,NA,30,0,0,0,NA,0,102,102,NA,NA,102,504,504,0,0,504,1268,719,549,451,817,0,0,0,NA,0,28,14,14,14,14,418,374,44,NA,418,0,0,NA,NA,0,398,334,64,143,255,2601,1619,982,983,1618,4,4,0,0,4,41,41,NA,0,41,146,81,65,65,81,251,251,NA,NA,251,480,480,0,422,58,0,0,0,NA,0,2,2,0,0,2,740,362,378,NA,740,695,695,0,0,695,160,30,130,78,82,42,0,42,10,32,166,130,36,NA,166
M9 [CHILD IMMUNISATION],9.1.10,Child immunisation - OPV1,TOTAL,8217,7509,708,918,7299,49,49,0,NA,49,555,547,8,NA,555,76,38,38,38,38,122,87,35,35,87,31,31,NA,NA,31,0,0,0,NA,0,271,271,NA,NA,271,1188,1136,52,0,1188,1160,894,266,175,985,0,0,0,NA,0,49,49,0,14,35,1057,1057,0,NA,1057,0,0,NA,NA,0,625,621,4,61,564,461,404,57,428,33,0,0,0,0,0,100,100,0,46,54,12,12,0,0,12,696,696,NA,NA,696,467,462,5,0,467,0,0,0,NA,0,259,259,0,0,259,161,19,142,NA,161,772,695,77,102,670,0,0,0,0,0,19,0,19,19,0,87,82,5,NA,87
M9 [CHILD IMMUNISATION],9.1.11,Child immunisation - OPV2,TOTAL,6621,6065,556,819,5802,33,33,0,NA,33,500,492,8,NA,500,52,24,28,28,24,103,76,27,27,76,22,22,NA,NA,22,0,0,0,NA,0,200,200,NA,NA,200,1027,984,43,0,1027,870,680,190,160,710,0,0,0,NA,0,41,41,0,10,31,787,787,0,NA,787,0,0,NA,NA,0,478,472,6,85,393,376,344,32,356,20,0,0,0,0,0,84,84,0,48,36,5,5,0,0,5,581,581,NA,NA,581,436,431,5,0,436,0,0,0,NA,0,202,202,0,0,202,128,10,118,NA,128,604,532,72,83,521,0,0,0,0,0,22,0,22,22,0,70,65,5,NA,70
M9 [CHILD IMMUNISATION],9.1.12,Child immunisation - OPV3,TOTAL,6592,6065,527,818,5774,34,34,0,NA,34,505,497,8,NA,505,54,34,20,20,34,108,73,35,35,73,18,18,NA,NA,18,0,0,0,NA,0,186,186,NA,NA,186,1027,983,44,0,1027,742,563,179,125,617,0,0,0,NA,0,55,55,0,14,41,700,700,0,NA,700,0,0,NA,NA,0,433,425,8,65,368,451,428,23,430,21,0,0,0,0,0,60,60,0,35,25,12,12,0,0,12,665,665,NA,NA,665,401,397,4,0,401,0,0,0,NA,0,358,358,0,0,358,139,15,124,NA,139,553,496,57,74,479,0,0,0,0,0,23,3,20,20,3,68,63,5,NA,68
M9 [CHILD IMMUNISATION],9.1.13,Child immunisation - Hepatitis-B0 (Birth Dose),TOTAL,27649,25714,1935,1113,26536,272,272,0,NA,272,1982,1917,65,NA,1982,663,602,61,61,602,441,139,302,125,316,229,229,NA,NA,229,1049,1049,0,NA,1049,940,940,NA,NA,940,1864,1864,0,27,1837,1705,1158,547,451,1254,191,187,4,NA,191,1182,1182,0,38,1144,915,869,46,NA,915,641,641,NA,NA,641,976,938,38,34,942,1565,1502,63,167,1398,879,879,0,0,879,679,679,NA,0,679,1463,1206,257,65,1398,879,879,NA,NA,879,941,934,7,0,941,605,605,0,NA,605,2779,2609,170,39,2740,682,529,153,NA,682,708,708,0,0,708,2305,2172,133,78,2227,737,693,44,28,709,377,332,45,NA,377
M9 [CHILD IMMUNISATION],9.1.14,Child immunisation - Hepatitis-B1,TOTAL,33,9,24,24,9,0,0,0,NA,0,0,0,NA,NA,0,0,0,NA,NA,0,0,0,0,0,0,0,0,NA,NA,0,0,0,0,NA,0,0,0,NA,NA,0,4,4,0,0,4,0,0,0,0,0,0,0,0,NA,0,11,0,11,11,0,0,0,0,NA,0,0,0,NA,NA,0,5,5,0,0,5,13,0,13,13,0,0,0,0,0,0,0,0,NA,0,0,0,0,0,0,0,0,0,NA,NA,0,0,0,0,0,0,0,0,0,NA,0,0,0,0,0,0,0,0,0,NA,0,0,0,0,0,0,0,0,0,0,0,0,0,0,0,0,0,0,0,NA,0
M9 [CHILD IMMUNISATION],9.1.15,Child immunisation - Hepatitis-B2,TOTAL,17,7,10,10,7,0,0,0,NA,0,0,0,NA,NA,0,0,0,NA,NA,0,0,0,0,0,0,0,0,NA,NA,0,0,0,0,NA,0,0,0,NA,NA,0,7,7,0,0,7,0,0,0,0,0,0,0,0,NA,0,0,0,0,0,0,0,0,0,NA,0,0,0,NA,NA,0,0,0,0,0,0,10,0,10,10,0,0,0,0,0,0,0,0,NA,0,0,0,0,0,0,0,0,0,NA,NA,0,0,0,0,0,0,0,0,0,NA,0,0,0,0,0,0,0,0,0,NA,0,0,0,0,0,0,0,0,0,0,0,0,0,0,0,0,0,0,0,NA,0
M9 [CHILD IMMUNISATION],9.1.16,Child immunisation - Hepatitis-B3,TOTAL,26,8,18,18,8,0,0,0,NA,0,0,0,NA,NA,0,0,0,NA,NA,0,0,0,0,0,0,0,0,NA,NA,0,0,0,0,NA,0,0,0,NA,NA,0,8,8,0,0,8,0,0,0,0,0,0,0,0,NA,0,0,0,0,0,0,0,0,0,NA,0,0,0,NA,NA,0,0,0,0,0,0,18,0,18,18,0,0,0,0,0,0,0,0,NA,0,0,0,0,0,0,0,0,0,NA,NA,0,0,0,0,0,0,0,0,0,NA,0,0,0,0,0,0,0,0,0,NA,0,0,0,0,0,0,0,0,0,0,0,0,0,0,0,0,0,0,0,NA,0
M9 [CHILD IMMUNISATION],9.1.17,Child immunisation - Inactivated Polio Vaccine 1 (IPV 1),TOTAL,25994,25094,900,1277,24717,1126,1125,1,NA,1126,1710,1710,NA,NA,1710,837,820,17,128,709,1055,1055,0,63,992,409,409,NA,NA,409,813,813,0,NA,813,786,786,NA,NA,786,1402,1390,12,72,1330,251,213,38,31,220,310,310,0,NA,310,452,452,0,47,405,730,730,0,NA,730,876,876,NA,NA,876,412,412,0,0,412,738,704,34,572,166,1314,1314,0,0,1314,1244,1244,NA,143,1101,721,721,0,0,721,1176,1176,NA,NA,1176,1509,1443,66,85,1424,861,861,0,NA,861,2129,2099,30,49,2080,1028,939,89,NA,1028,372,327,45,20,352,1972,1740,232,44,1928,811,585,226,23,788,950,840,110,NA,950
M9 [CHILD IMMUNISATION],9.1.18,Child immunisation - Inactivated Polio Vaccine 2 (IPV 2),TOTAL,21103,20528,575,1160,19943,870,870,0,NA,870,1382,1382,NA,NA,1382,723,712,11,86,637,1094,1094,0,92,1002,354,354,NA,NA,354,648,648,0,NA,648,518,518,NA,NA,518,1213,1205,8,64,1149,151,125,26,13,138,219,219,0,NA,219,385,385,0,29,356,520,520,0,NA,520,864,864,NA,NA,864,247,247,0,0,247,672,648,24,558,114,929,929,0,0,929,1116,1116,NA,127,989,783,783,0,0,783,1047,1047,NA,NA,1047,1087,1037,50,49,1038,683,683,0,NA,683,1856,1829,27,75,1781,791,709,82,NA,791,229,214,15,9,220,1385,1246,139,33,1352,641,508,133,25,616,696,636,60,NA,696
M9 [CHILD IMMUNISATION],9.1.19,Child immunisation - Rotavirus 1,TOTAL,34667,33109,1558,2261,32406,1079,1078,1,NA,1079,2547,2547,NA,NA,2547,690,680,10,121,569,2196,2113,83,262,1934,509,509,NA,NA,509,593,593,0,NA,593,747,747,NA,NA,747,3586,3534,52,74,3512,1421,1105,316,185,1236,319,319,0,NA,319,746,746,0,70,676,1316,1316,0,NA,1316,1104,1104,NA,NA,1104,1085,1045,40,107,978,1267,1222,45,924,343,878,878,0,0,878,1290,1290,0,143,1147,1715,1715,0,51,1664,1237,1237,NA,NA,1237,596,589,7,18,578,1267,1267,0,NA,1267,3261,3191,70,62,3199,419,277,142,NA,419,901,827,74,106,795,2200,1862,338,44,2156,1123,833,290,94,1029,575,485,90,NA,575
M9 [CHILD IMMUNISATION],9.1.20,Child immunisation - Rotavirus 2,TOTAL,29961,28819,1142,2074,27887,932,932,0,NA,932,2249,2249,NA,NA,2249,550,540,10,91,459,2069,1974,95,252,1817,410,410,NA,NA,410,508,508,0,NA,508,579,579,NA,NA,579,3254,3211,43,44,3210,1055,829,226,159,896,251,251,0,NA,251,611,611,0,45,566,967,967,0,NA,967,919,919,NA,NA,919,872,834,38,102,770,1164,1138,26,894,270,757,757,0,0,757,1240,1240,0,151,1089,1708,1708,0,48,1660,1019,1019,NA,NA,1019,531,526,5,11,520,1210,1210,0,NA,1210,2960,2901,59,64,2896,364,246,118,NA,364,657,591,66,86,571,1784,1562,222,29,1755,887,707,180,98,789,454,400,54,NA,454
M9 [CHILD IMMUNISATION],9.1.21,Child immunisation - Rotavirus 3,TOTAL,28872,27784,1088,1998,26874,830,830,0,NA,830,2139,2139,NA,NA,2139,597,586,11,86,511,2132,2023,109,245,1887,381,381,NA,NA,381,446,446,0,NA,446,496,496,NA,NA,496,3163,3119,44,64,3099,923,709,214,138,785,221,221,0,NA,221,635,635,0,58,577,861,861,0,NA,861,1089,1089,NA,NA,1089,800,758,42,100,700,1054,1030,24,842,212,631,631,0,0,631,1169,1169,NA,127,1042,1921,1921,0,43,1878,1116,1116,NA,NA,1116,480,474,6,8,472,1128,1128,0,NA,1128,2904,2844,60,91,2813,344,220,124,NA,344,592,542,50,77,515,1606,1420,186,34,1572,832,670,162,85,747,382,326,56,NA,382
M9 [CHILD IMMUNISATION],9.2.1,Child immunisation (9-11months) - Measles & Rubella (MR)- 1st Dose,TOTAL,62494,59918,2576,3016,59478,2090,2090,0,NA,2090,3958,3951,7,NA,3958,1862,1793,69,259,1603,470,384,86,86,384,1460,1460,NA,NA,1460,2426,2419,7,NA,2426,1290,1290,NA,NA,1290,4830,4722,108,0,4830,2562,1953,609,282,2280,213,213,0,NA,213,2126,2126,0,93,2033,1565,1565,0,NA,1565,2442,2442,NA,NA,2442,1874,1835,39,179,1695,1638,1618,20,1377,261,4021,4021,0,0,4021,2230,2230,NA,140,2090,4142,4142,0,47,4095,1543,1543,NA,NA,1543,1966,1825,141,64,1902,2207,2202,5,NA,2207,4379,4264,115,127,4252,1673,1557,116,NA,1673,2173,1979,194,135,2038,3657,3153,504,7,3650,2205,1750,455,220,1985,1492,1391,101,NA,1492
M9 [CHILD IMMUNISATION],9.2.2,Child immunisation (9-11months) - Measles 1st dose,TOTAL,1807,1772,35,41,1766,0,0,0,NA,0,0,0,NA,NA,0,0,0,NA,NA,0,0,0,0,0,0,0,0,NA,NA,0,56,56,0,NA,56,7,7,NA,NA,7,7,7,0,0,7,0,0,0,0,0,0,0,0,NA,0,0,0,0,0,0,0,0,0,NA,0,0,0,NA,NA,0,28,0,28,28,0,0,0,0,0,0,0,0,0,0,0,0,0,0,0,0,0,0,0,0,0,0,0,NA,NA,0,0,0,0,0,0,0,0,0,NA,0,1685,1685,0,13,1672,0,0,0,NA,0,0,0,0,0,0,0,0,0,0,0,0,0,0,0,0,24,17,7,NA,24
M9 [CHILD IMMUNISATION],9.2.3,Child immunisation (9-11months) - JE 1st dose,TOTAL,18218,17273,945,1189,17029,112,112,0,NA,112,615,615,NA,NA,615,998,964,34,218,780,439,328,111,111,328,154,154,NA,NA,154,244,244,0,NA,244,335,335,NA,NA,335,687,579,108,0,687,251,215,36,0,251,2,2,0,NA,2,43,43,0,0,43,238,238,0,NA,238,0,0,NA,NA,0,871,871,0,144,727,290,270,20,290,0,94,94,0,0,94,1557,1557,0,140,1417,2157,2157,0,0,2157,1116,1116,NA,NA,1116,494,489,5,0,494,742,742,0,NA,742,3877,3789,88,56,3821,157,47,110,NA,157,931,837,94,49,882,42,42,0,0,42,1626,1295,331,181,1445,146,138,8,NA,146
M9 [CHILD IMMUNISATION],9.2.4.a,Children aged between 9 and 11 months fully immunized- Male,TOTAL,31864,30589,1275,1507,30357,1068,1068,0,NA,1068,2012,2007,5,NA,2012,938,904,34,126,812,185,140,45,45,140,673,673,NA,NA,673,1162,1159,3,NA,1162,468,468,NA,NA,468,2535,2474,61,0,2535,1292,986,306,150,1142,80,80,0,NA,80,1100,1100,0,31,1069,829,829,0,NA,829,1231,1231,NA,NA,1231,898,876,22,78,820,813,804,9,694,119,2057,2057,0,0,2057,1119,1119,0,70,1049,2109,2109,0,23,2086,823,823,NA,NA,823,840,783,57,33,807,1108,1105,3,NA,1108,2993,2957,36,70,2923,728,662,66,NA,728,1117,1027,90,74,1043,1812,1571,241,0,1812,1117,880,237,113,1004,757,697,60,NA,757
M9 [CHILD IMMUNISATION],9.2.4.b,Children aged between 9 and 11 months fully immunized - Female,TOTAL,30598,29402,1196,1442,29156,1022,1022,0,NA,1022,1932,1930,2,NA,1932,924,889,35,133,791,234,193,41,41,193,662,662,NA,NA,662,1189,1186,3,NA,1189,496,496,NA,NA,496,2302,2255,47,0,2302,1270,967,303,132,1138,99,99,0,NA,99,996,996,0,32,964,752,752,0,NA,752,1207,1207,NA,NA,1207,925,902,23,100,825,793,785,8,651,142,1964,1964,0,0,1964,1111,1111,0,70,1041,2016,2016,0,24,1992,716,716,NA,NA,716,768,729,39,31,737,1084,1082,2,NA,1084,2822,2779,43,58,2764,763,713,50,NA,763,1016,927,89,61,955,1763,1514,249,0,1763,1040,826,214,109,931,732,684,48,NA,732
M9 [CHILD IMMUNISATION],9.3.1,Child immunisation - Measles & Rubella (MR)- 1st Dose,TOTAL,3058,2920,138,272,2786,11,11,0,NA,11,829,829,NA,NA,829,43,43,NA,NA,43,23,23,0,0,23,86,86,NA,NA,86,229,227,2,NA,229,8,8,NA,NA,8,165,165,0,0,165,89,73,16,0,89,24,24,0,NA,24,104,104,0,52,52,83,83,0,NA,83,71,71,NA,NA,71,91,59,32,54,37,102,85,17,102,0,145,145,0,0,145,32,32,NA,10,22,37,37,0,0,37,201,201,NA,NA,201,97,97,0,50,47,12,12,NA,NA,12,377,357,20,4,373,11,11,0,NA,11,6,6,0,0,6,108,63,45,0,108,40,38,2,0,40,34,30,4,NA,34
M9 [CHILD IMMUNISATION],9.3.2,Child immunisation - Measles-1st dose,TOTAL,91,91,0,1,90,0,0,0,NA,0,26,26,NA,NA,26,0,0,NA,NA,0,0,0,0,0,0,0,0,NA,NA,0,0,0,0,NA,0,0,0,NA,NA,0,7,7,0,0,7,0,0,0,0,0,0,0,0,NA,0,0,0,0,0,0,0,0,0,NA,0,0,0,NA,NA,0,0,0,0,0,0,0,0,0,0,0,0,0,0,0,0,0,0,NA,0,0,0,0,0,0,0,0,0,NA,NA,0,0,0,0,0,0,0,0,NA,NA,0,24,24,0,0,24,0,0,0,NA,0,0,0,0,0,0,34,34,0,1,33,0,0,0,0,0,0,0,0,NA,0
M9 [CHILD IMMUNISATION],9.3.3,Child immunisation - JE 1st dose,TOTAL,725,628,97,88,637,0,0,0,NA,0,96,96,NA,NA,96,2,2,NA,NA,2,32,10,22,22,10,0,0,NA,NA,0,0,0,0,NA,0,0,0,NA,NA,0,0,0,0,0,0,0,0,0,0,0,0,0,0,NA,0,0,0,0,0,0,11,11,0,NA,11,0,0,NA,NA,0,49,19,30,30,19,20,0,20,20,0,0,0,0,0,0,30,30,NA,10,20,50,50,0,0,50,72,72,NA,NA,72,20,20,0,0,20,0,0,NA,NA,0,287,268,19,6,281,0,0,0,NA,0,0,0,0,0,0,0,0,0,0,0,48,46,2,0,48,8,4,4,NA,8
M9 [CHILD IMMUNISATION],9.4.1,Child immunisation - Measles & Rubella (MR)- 2nd Dose (16-24 months),TOTAL,35252,34091,1161,1535,33717,1222,1222,0,NA,1222,2178,2178,NA,NA,2178,867,859,8,74,793,130,130,0,0,130,813,813,NA,NA,813,1375,1371,4,NA,1375,745,745,NA,NA,745,2554,2500,54,0,2554,1343,1064,279,175,1168,146,146,0,NA,146,1450,1450,0,87,1363,757,757,0,NA,757,1532,1532,NA,NA,1532,1148,1122,26,91,1057,827,810,17,649,178,2755,2755,0,0,2755,1502,1502,NA,119,1383,2060,2060,0,58,2002,1089,1089,NA,NA,1089,1247,1203,44,42,1205,1501,1501,0,NA,1501,2265,2240,25,60,2205,987,883,104,NA,987,1148,1061,87,74,1074,1653,1408,245,0,1653,1104,897,207,106,998,854,793,61,NA,854
M9 [CHILD IMMUNISATION],9.4.2,Child immunisation - Measles 2nd dose (More than 16 months),TOTAL,1560,1540,20,243,1317,0,0,0,NA,0,58,58,NA,NA,58,0,0,NA,NA,0,0,0,0,0,0,108,108,NA,NA,108,10,9,1,NA,10,24,24,NA,NA,24,0,0,0,0,0,26,15,11,2,24,0,0,0,NA,0,0,0,0,0,0,32,32,0,NA,32,0,0,NA,NA,0,24,24,0,0,24,0,0,0,0,0,3,3,0,0,3,122,122,0,119,3,2,2,0,0,2,240,240,NA,NA,240,48,48,0,0,48,0,0,0,NA,0,645,645,0,0,645,25,25,NA,NA,25,135,135,0,122,13,37,37,0,0,37,0,0,0,0,0,21,13,8,NA,21
M9 [CHILD IMMUNISATION],9.4.3,Child immunisation - DPT 1st Booster,TOTAL,38322,37077,1245,2183,36139,1082,1082,0,NA,1082,2548,2548,NA,NA,2548,843,835,8,74,769,1792,1755,37,49,1743,708,708,NA,NA,708,1509,1505,4,NA,1509,889,889,NA,NA,889,2623,2569,54,0,2623,1414,1141,273,174,1240,138,138,0,NA,138,1474,1474,0,87,1387,939,939,0,NA,939,1388,1388,NA,NA,1388,1239,1205,34,99,1140,1359,1353,6,1184,175,2108,2108,0,0,2108,1539,1539,0,119,1420,1926,1926,0,58,1868,1058,1058,NA,NA,1058,1313,1261,52,42,1271,1686,1683,3,NA,1686,2708,2685,23,94,2614,1060,952,108,NA,1060,1146,1068,78,111,1035,1800,1566,234,8,1792,1218,948,270,84,1134,815,754,61,NA,815
M9 [CHILD IMMUNISATION],9.4.4,Child immunisation - OPV Booster,TOTAL,7568,7104,464,630,6938,59,59,0,NA,59,1018,1018,NA,NA,1018,213,205,8,74,139,161,134,27,27,134,47,47,NA,NA,47,0,0,0,NA,0,242,242,NA,NA,242,581,527,54,0,581,894,723,171,149,745,1,1,0,NA,1,85,85,0,0,85,741,741,0,NA,741,0,0,NA,NA,0,558,558,0,65,493,221,215,6,197,24,0,0,0,0,0,193,193,0,0,193,44,44,0,0,44,747,747,NA,NA,747,256,256,0,0,256,12,12,0,NA,12,574,561,13,0,574,131,23,108,NA,131,661,603,58,103,558,23,15,8,8,15,9,2,7,7,2,97,93,4,NA,97
M9 [CHILD IMMUNISATION],9.4.5,"Child immunisation - Measles, Mumps, Rubella (MMR) Vaccine",TOTAL,162,62,100,130,32,0,0,0,NA,0,0,0,NA,NA,0,0,0,NA,NA,0,37,0,37,36,1,0,0,NA,NA,0,0,0,0,NA,0,0,0,NA,NA,0,0,0,0,0,0,22,17,5,2,20,0,0,0,NA,0,4,0,4,4,0,0,0,0,NA,0,0,0,NA,NA,0,32,0,32,32,0,17,0,17,17,0,0,0,0,0,0,0,0,NA,0,0,0,0,0,0,0,0,0,NA,NA,0,0,0,0,0,0,0,0,0,NA,0,45,45,0,34,11,0,0,NA,NA,0,0,0,0,0,0,5,0,5,5,0,0,0,0,0,0,0,0,0,NA,0
M9 [CHILD IMMUNISATION],9.4.6,Number of children more than 16 months of age who received Japanese Encephalitis (JE) vaccine,TOTAL,8933,8511,422,419,8514,46,46,0,NA,46,249,249,NA,NA,249,341,333,8,68,273,161,138,23,23,138,67,67,NA,NA,67,131,131,0,NA,131,224,224,NA,NA,224,424,370,54,0,424,134,115,19,5,129,1,1,0,NA,1,32,32,0,0,32,94,94,0,NA,94,0,0,NA,NA,0,474,474,0,65,409,1,1,0,0,1,11,11,0,0,11,1009,1009,0,119,890,954,954,0,0,954,669,669,NA,NA,669,473,473,0,0,473,417,417,0,NA,417,1588,1576,12,32,1556,138,34,104,NA,138,391,380,11,29,362,58,58,0,0,58,782,595,187,78,704,64,60,4,NA,64
M9 [CHILD IMMUNISATION],9.5.1,Child immunisation - Typhoid,TOTAL,201,5,196,88,113,0,0,0,NA,0,0,0,NA,NA,0,0,0,NA,NA,0,36,0,36,33,3,0,0,NA,NA,0,0,0,0,NA,0,0,0,NA,NA,0,0,0,0,0,0,0,0,0,0,0,0,0,0,NA,0,0,0,0,0,0,0,0,0,NA,0,0,0,NA,NA,0,32,0,32,32,0,16,0,16,16,0,0,0,0,0,0,0,0,NA,0,0,0,0,0,0,0,5,5,NA,NA,5,0,0,0,0,0,0,0,NA,NA,0,0,0,0,0,0,105,0,105,NA,105,0,0,0,0,0,7,0,7,7,0,0,0,0,0,0,0,0,0,NA,0
M9 [CHILD IMMUNISATION],9.5.2,Children more than 5 years received DPT5 (2nd Booster),TOTAL,22240,21496,744,1975,20265,570,570,0,NA,570,1116,1116,NA,NA,1116,356,350,6,61,295,1355,1302,53,70,1285,234,234,NA,NA,234,846,841,5,NA,846,398,398,NA,NA,398,1351,1343,8,30,1321,1055,858,197,78,977,50,50,0,NA,50,632,632,0,64,568,624,624,0,NA,624,861,861,NA,NA,861,1090,1068,22,118,972,1405,1402,3,1197,208,1106,1106,0,0,1106,612,612,0,85,527,987,987,0,37,950,549,549,NA,NA,549,715,673,42,35,680,1106,1106,NA,NA,1106,1360,1342,18,25,1335,620,523,97,NA,620,793,752,41,57,736,1109,1008,101,26,1083,777,668,109,92,685,563,521,42,NA,563
M9 [CHILD IMMUNISATION],9.5.3,Children more than 10 years received TT10,TOTAL,16588,15947,641,1564,15024,345,345,0,NA,345,909,909,NA,NA,909,205,205,NA,38,167,1301,1292,9,116,1185,129,129,NA,NA,129,672,667,5,NA,672,237,237,NA,NA,237,1037,1031,6,8,1029,552,427,125,44,508,58,58,0,NA,58,462,462,0,39,423,454,454,0,NA,454,684,684,NA,NA,684,868,852,16,75,793,1081,1078,3,944,137,643,643,0,0,643,553,553,0,113,440,941,940,1,34,907,393,393,NA,NA,393,486,456,30,30,456,836,836,NA,NA,836,1135,1118,17,38,1097,430,395,35,NA,430,526,476,50,35,491,913,715,198,16,897,443,344,99,34,409,295,248,47,NA,295
M9 [CHILD IMMUNISATION],9.5.4,Children more than 16 years received TT16,TOTAL,12518,11928,590,1291,11227,249,249,0,NA,249,693,693,NA,NA,693,108,108,NA,26,82,1016,1014,2,121,895,92,92,NA,NA,92,593,589,4,NA,593,142,142,NA,NA,142,833,827,6,4,829,268,176,92,18,250,31,31,0,NA,31,346,346,0,22,324,268,268,0,NA,268,582,582,NA,NA,582,705,705,0,53,652,921,921,NA,800,121,405,405,0,0,405,495,495,0,125,370,723,723,0,29,694,326,326,NA,NA,326,308,276,32,12,296,648,648,NA,NA,648,842,818,24,28,814,343,332,11,NA,343,298,260,38,21,277,823,570,253,4,819,285,194,91,28,257,175,138,37,NA,175
M9 [CHILD IMMUNISATION],9.6.1,Number of cases of AEFI - Abscess,TOTAL,33,33,0,0,33,4,4,0,NA,4,8,8,NA,NA,8,0,0,NA,NA,0,0,0,0,0,0,0,0,NA,NA,0,14,14,0,NA,14,0,0,NA,NA,0,2,2,0,0,2,0,0,0,0,0,0,0,0,NA,0,0,0,0,0,0,0,0,0,NA,0,0,0,NA,NA,0,0,0,0,0,0,0,0,0,0,0,2,2,0,0,2,1,1,0,0,1,0,0,0,0,0,0,0,NA,NA,0,0,0,0,0,0,0,0,NA,NA,0,0,0,0,0,0,1,1,0,NA,1,0,0,0,0,0,0,0,0,0,0,0,0,0,0,0,1,1,0,NA,1
M9 [CHILD IMMUNISATION],9.6.2,Number of cases of AEFI - Death,TOTAL,0,0,0,0,0,0,0,0,NA,0,0,0,NA,NA,0,0,0,NA,NA,0,0,0,0,0,0,0,0,NA,NA,0,0,0,0,NA,0,0,0,NA,NA,0,0,0,0,0,0,0,0,0,0,0,0,0,0,NA,0,0,0,0,0,0,0,0,0,NA,0,0,0,NA,NA,0,0,0,0,0,0,0,0,0,0,0,0,0,0,0,0,0,0,0,0,0,0,0,0,0,0,0,0,NA,NA,0,0,0,0,0,0,0,0,NA,NA,0,0,0,0,0,0,0,0,0,NA,0,0,0,0,0,0,0,0,0,0,0,0,0,0,0,0,0,0,0,NA,0
M9 [CHILD IMMUNISATION],9.6.3,Number of cases of AEFI - Others,TOTAL,528,528,0,2,526,110,110,0,NA,110,83,83,NA,NA,83,0,0,NA,NA,0,0,0,0,0,0,0,0,NA,NA,0,93,93,0,NA,93,46,46,NA,NA,46,4,4,0,0,4,0,0,0,0,0,5,5,0,NA,5,0,0,0,0,0,0,0,0,NA,0,0,0,NA,NA,0,12,12,0,2,10,8,8,0,0,8,19,19,0,0,19,4,4,0,0,4,0,0,0,0,0,51,51,NA,NA,51,0,0,0,0,0,1,1,NA,NA,1,11,11,0,0,11,43,43,0,NA,43,0,0,0,0,0,17,17,0,0,17,0,0,0,0,0,21,21,0,NA,21
M9 [CHILD IMMUNISATION],9.7.1,Immunisation sessions planned,TOTAL,28452,27675,777,1243,27209,786,786,0,NA,786,1388,1388,NA,NA,1388,646,646,NA,22,624,1691,1687,4,110,1581,489,489,NA,NA,489,824,822,2,NA,824,645,645,NA,NA,645,1781,1752,29,42,1739,987,834,153,83,904,408,408,0,NA,408,990,990,0,63,927,1120,1120,0,NA,1120,670,670,NA,NA,670,1059,1059,0,92,967,679,679,0,505,174,1083,1083,0,0,1083,1375,1375,0,38,1337,1168,1168,0,16,1152,1011,1011,NA,NA,1011,1218,1171,47,141,1077,951,950,1,NA,951,2081,2061,20,35,2046,738,738,NA,NA,738,1154,1073,81,4,1150,1773,1556,217,41,1732,984,816,168,51,933,753,698,55,NA,753
M9 [CHILD IMMUNISATION],9.7.2,Immunisation sessions held,TOTAL,27445,26694,751,1186,26259,782,782,0,NA,782,1370,1370,NA,NA,1370,638,638,NA,22,616,1637,1633,4,106,1531,476,476,NA,NA,476,805,803,2,NA,805,641,641,NA,NA,641,1702,1673,29,23,1679,985,832,153,83,902,376,376,0,NA,376,931,931,0,63,868,1118,1118,0,NA,1118,634,634,NA,NA,634,1036,1036,0,89,947,666,666,0,505,161,1070,1070,0,0,1070,1330,1330,0,34,1296,1098,1098,0,16,1082,978,978,NA,NA,978,1163,1117,46,120,1043,931,930,1,NA,931,1838,1818,20,35,1803,734,734,NA,NA,734,1138,1057,81,4,1134,1678,1475,203,36,1642,971,812,159,50,921,719,666,53,NA,719
M9 [CHILD IMMUNISATION],9.7.3,Number of Immunisation sessions where ASHAs were present,TOTAL,27208,26470,738,1094,26114,777,777,0,NA,777,1362,1362,NA,NA,1362,591,591,NA,22,569,1645,1645,0,106,1539,526,526,NA,NA,526,796,794,2,NA,796,616,616,NA,NA,616,1663,1634,29,23,1640,977,832,145,83,894,355,355,0,NA,355,929,929,0,63,866,1115,1115,0,NA,1115,634,634,NA,NA,634,974,974,0,47,927,665,665,0,491,174,1070,1070,0,0,1070,1326,1326,0,33,1293,1087,1087,0,16,1071,967,967,NA,NA,967,1116,1073,43,93,1023,930,929,1,NA,930,1849,1833,16,33,1816,686,686,NA,NA,686,1141,1060,81,4,1137,1674,1471,203,33,1641,1008,843,165,47,961,729,676,53,NA,729
M9 [CHILD IMMUNISATION],9.8.1,Child immunisation - Vitamin A Dose - 1,TOTAL,59756,57908,1848,1854,57902,1700,1700,0,NA,1700,3816,3816,NA,NA,3816,1708,1685,23,207,1501,1510,1505,5,159,1351,1367,1367,NA,NA,1367,1816,1810,6,NA,1816,1148,1148,NA,NA,1148,5055,4947,108,22,5033,1603,1349,254,52,1551,206,206,0,NA,206,2129,2129,0,103,2026,1321,1321,0,NA,1321,2426,2426,NA,NA,2426,1640,1629,11,144,1496,697,658,39,503,194,3819,3819,0,0,3819,1965,1965,0,139,1826,4044,4044,0,47,3997,1609,1609,NA,NA,1609,1916,1811,105,55,1861,2283,2278,5,NA,2283,5759,5649,110,68,5691,1408,1291,117,NA,1408,2071,1916,155,135,1936,3397,3007,390,7,3390,2166,1711,455,213,1953,1177,1112,65,NA,1177
M9 [CHILD IMMUNISATION],9.8.2,Child immunisation - Vitamin A Dose - 5,TOTAL,15103,14680,423,732,14371,300,300,0,NA,300,995,995,NA,NA,995,147,147,NA,13,134,1117,1117,0,172,945,125,125,NA,NA,125,531,529,2,NA,531,195,195,NA,NA,195,1465,1450,15,9,1456,302,255,47,1,301,85,85,0,NA,85,440,440,0,46,394,302,302,0,NA,302,485,485,NA,NA,485,629,627,2,70,559,230,230,0,144,86,598,598,0,0,598,384,384,0,82,302,821,815,6,18,803,397,397,NA,NA,397,507,491,16,19,488,620,620,0,NA,620,1700,1692,8,42,1658,295,246,49,NA,295,729,698,31,45,684,873,767,106,25,848,633,511,122,46,587,198,179,19,NA,198
M9 [CHILD IMMUNISATION],9.8.3,Child immunisation - Vitamin A Dose - 9,TOTAL,17488,17131,357,761,16727,447,447,0,NA,447,1081,1081,NA,NA,1081,215,215,NA,33,182,1129,1129,0,126,1003,205,205,NA,NA,205,642,641,1,NA,642,352,352,NA,NA,352,1435,1422,13,2,1433,489,434,55,15,474,48,48,0,NA,48,542,542,0,32,510,364,364,0,NA,364,516,516,NA,NA,516,856,855,1,66,790,387,387,0,224,163,894,894,0,0,894,453,453,0,67,386,705,685,20,18,687,457,457,NA,NA,457,586,563,23,18,568,976,976,0,NA,976,1706,1688,18,29,1677,426,404,22,NA,426,665,631,34,62,603,862,802,60,26,836,685,605,80,43,642,365,335,30,NA,365
M9 [CHILD IMMUNISATION],9.9,Number of children (6-59 months) provided 8-10 doses (1ml) of IFA syrup (Bi weekly),TOTAL,628634,612663,15971,13592,615042,40774,40774,0,NA,40774,17846,17846,NA,NA,17846,15644,15644,NA,4984,10660,14963,14963,0,208,14755,4570,4570,NA,NA,4570,10159,10147,12,NA,10159,12445,12445,NA,NA,12445,60685,59005,1680,0,60685,22912,18410,4502,2427,20485,16480,16480,0,NA,16480,14675,14673,2,67,14608,13384,13384,0,NA,13384,23247,23247,NA,NA,23247,17773,17773,0,0,17773,11990,11990,0,5807,6183,32216,32216,0,0,32216,27711,27711,0,63,27648,23272,23272,0,36,23236,6486,6486,NA,NA,6486,49370,46542,2828,0,49370,51639,51639,0,NA,51639,57150,56618,532,0,57150,12552,12172,380,NA,12552,24180,22796,1384,0,24180,21056,18913,2143,NA,21056,22678,20172,2506,0,22678,2777,2775,2,NA,2777
M9 [CHILD IMMUNISATION],9.1,Number of children (12-59 months) provided Albendazole,TOTAL,55643,53647,1996,5441,50202,1324,1324,0,NA,1324,1837,1837,NA,NA,1837,3571,3571,NA,475,3096,1009,973,36,0,1009,680,680,NA,NA,680,702,692,10,NA,702,2254,2254,NA,NA,2254,3881,3854,27,0,3881,974,549,425,0,974,530,530,0,NA,530,885,870,15,100,785,681,681,0,NA,681,511,511,NA,NA,511,5370,5370,0,3994,1376,975,975,0,718,257,2544,2544,0,0,2544,1407,1407,0,137,1270,1681,1633,48,15,1666,1248,1248,NA,NA,1248,8198,8088,110,0,8198,1414,1414,0,NA,1414,6897,6785,112,0,6897,1655,1061,594,NA,1655,2931,2906,25,0,2931,1209,1059,150,2,1207,934,558,376,0,934,341,273,68,NA,341
M9 [CHILD IMMUNISATION],9.11,Number of severely underweight children provided Health Checkup (0-5 yrs),TOTAL,6167,6039,128,41,6126,68,68,0,NA,68,475,475,NA,NA,475,58,58,NA,NA,58,151,144,7,0,151,32,32,NA,NA,32,98,96,2,NA,98,26,26,NA,NA,26,512,512,0,0,512,100,93,7,0,100,49,49,0,NA,49,75,70,5,5,70,425,425,0,NA,425,71,71,NA,NA,71,300,300,0,0,300,73,73,0,36,37,143,143,0,0,143,8,8,0,0,8,302,300,2,0,302,52,52,NA,NA,52,187,187,0,0,187,1427,1427,0,NA,1427,986,984,2,0,986,225,160,65,NA,225,52,52,0,0,52,97,75,22,0,97,117,101,16,0,117,58,58,0,NA,58
M10 [Number of cases of Childhood Diseases (0-5 years)],10.1,Childhood Diseases - Pneumonia,TOTAL,878,695,183,35,843,0,0,0,NA,0,1,1,NA,NA,1,0,0,NA,NA,0,3,0,3,0,3,0,0,NA,NA,0,126,124,2,NA,126,30,30,NA,NA,30,127,127,NA,0,127,0,0,0,0,0,7,7,0,NA,7,22,14,8,8,14,5,5,0,NA,5,72,72,NA,NA,72,2,2,0,0,2,80,78,2,5,75,0,0,0,0,0,8,8,0,0,8,51,25,26,22,29,2,2,NA,NA,2,41,41,0,0,41,25,25,NA,NA,25,25,24,1,0,25,205,88,117,NA,205,22,22,0,0,22,3,0,3,0,3,21,0,21,0,21,0,0,0,NA,0
M10 [Number of cases of Childhood Diseases (0-5 years)],10.2,Childhood Diseases - Asthma,TOTAL,441,177,264,30,411,2,2,0,NA,2,0,0,NA,NA,0,11,11,NA,NA,11,6,0,6,0,6,5,5,NA,NA,5,1,1,0,NA,1,43,43,NA,NA,43,2,2,NA,0,2,0,0,0,0,0,1,1,0,NA,1,22,20,2,7,15,0,0,0,NA,0,7,7,NA,NA,7,1,1,0,0,1,24,22,2,4,20,0,0,0,0,0,3,3,0,0,3,19,0,19,19,0,0,0,NA,NA,0,2,2,0,0,2,11,11,NA,NA,11,1,1,0,0,1,258,37,221,NA,258,9,8,1,0,9,2,0,2,0,2,11,0,11,0,11,0,0,0,NA,0
M10 [Number of cases of Childhood Diseases (0-5 years)],10.3,Childhood Diseases - Sepsis,TOTAL,149,70,79,9,140,0,0,0,NA,0,0,0,NA,NA,0,0,0,NA,NA,0,7,3,4,0,7,0,0,NA,NA,0,8,8,0,NA,8,0,0,NA,NA,0,0,0,NA,0,0,0,0,0,0,0,0,0,0,NA,0,0,0,0,0,0,0,0,0,NA,0,27,27,NA,NA,27,18,18,0,0,18,2,2,0,0,2,0,0,0,0,0,0,0,0,0,0,41,0,41,9,32,0,0,NA,NA,0,2,2,0,0,2,9,9,NA,NA,9,0,0,0,0,0,35,1,34,NA,35,0,0,0,0,0,0,0,0,0,0,0,0,0,0,0,0,0,0,NA,0
M10 [Number of cases of Childhood Diseases (0-5 years)],10.4,Childhood Diseases - Diphtheria,TOTAL,0,0,0,0,0,0,0,0,NA,0,0,0,NA,NA,0,0,0,NA,NA,0,0,0,0,0,0,0,0,NA,NA,0,0,0,0,NA,0,0,0,NA,NA,0,0,0,NA,0,0,0,0,0,0,0,0,0,0,NA,0,0,0,0,0,0,0,0,0,NA,0,0,0,NA,NA,0,0,0,0,0,0,0,0,0,0,0,0,0,0,0,0,0,0,0,0,0,0,0,0,0,0,0,0,NA,NA,0,0,0,0,0,0,0,0,NA,NA,0,0,0,0,0,0,0,0,0,NA,0,0,0,0,0,0,0,0,0,0,0,0,0,0,0,0,0,0,0,NA,0
M10 [Number of cases of Childhood Diseases (0-5 years)],10.5,Childhood Diseases - Pertussis,TOTAL,0,0,0,0,0,0,0,0,NA,0,0,0,NA,NA,0,0,0,NA,NA,0,0,0,0,0,0,0,0,NA,NA,0,0,0,0,NA,0,0,0,NA,NA,0,0,0,NA,0,0,0,0,0,0,0,0,0,0,NA,0,0,0,0,0,0,0,0,0,NA,0,0,0,NA,NA,0,0,0,0,0,0,0,0,0,0,0,0,0,0,0,0,0,0,0,0,0,0,0,0,0,0,0,0,NA,NA,0,0,0,0,0,0,0,0,NA,NA,0,0,0,0,0,0,0,0,0,NA,0,0,0,0,0,0,0,0,0,0,0,0,0,0,0,0,0,0,0,NA,0
M10 [Number of cases of Childhood Diseases (0-5 years)],10.6,Childhood Diseases - Tetanus Neonatorum,TOTAL,0,0,0,0,0,0,0,0,NA,0,0,0,NA,NA,0,0,0,NA,NA,0,0,0,0,0,0,0,0,NA,NA,0,0,0,0,NA,0,0,0,NA,NA,0,0,0,NA,0,0,0,0,0,0,0,0,0,0,NA,0,0,0,0,0,0,0,0,0,NA,0,0,0,NA,NA,0,0,0,0,0,0,0,0,0,0,0,0,0,0,0,0,0,0,0,0,0,0,0,0,0,0,0,0,NA,NA,0,0,0,0,0,0,0,0,NA,NA,0,0,0,0,0,0,0,0,0,NA,0,0,0,0,0,0,0,0,0,0,0,0,0,0,0,0,0,0,0,NA,0
M10 [Number of cases of Childhood Diseases (0-5 years)],10.7,Childhood Diseases - Tuberculosis (TB),TOTAL,19,10,9,2,17,0,0,0,NA,0,0,0,NA,NA,0,0,0,NA,NA,0,8,6,2,0,8,0,0,NA,NA,0,0,0,0,NA,0,0,0,NA,NA,0,0,0,0,0,0,0,0,0,0,0,0,0,0,NA,0,0,0,0,0,0,0,0,0,NA,0,0,0,NA,NA,0,0,0,0,0,0,2,0,2,2,0,0,0,0,0,0,1,1,0,0,1,1,1,0,0,1,0,0,NA,NA,0,5,1,4,0,5,0,0,NA,NA,0,1,1,0,0,1,0,0,0,NA,0,0,0,0,0,0,0,0,0,0,0,0,0,0,0,0,1,0,1,NA,1
M10 [Number of cases of Childhood Diseases (0-5 years)],10.8,Childhood Diseases - Acute Flaccid Paralysis(AFP),TOTAL,7,7,0,0,7,0,0,0,NA,0,0,0,NA,NA,0,0,0,NA,NA,0,2,2,0,0,2,0,0,NA,NA,0,0,0,0,NA,0,0,0,NA,NA,0,0,0,0,0,0,0,0,0,0,0,0,0,0,NA,0,0,0,0,0,0,0,0,0,NA,0,1,1,NA,NA,1,0,0,0,0,0,2,2,0,0,2,0,0,0,0,0,0,0,0,0,0,1,1,0,0,1,0,0,NA,NA,0,0,0,0,0,0,0,0,NA,NA,0,0,0,0,0,0,0,0,0,NA,0,0,0,0,0,0,0,0,0,NA,0,0,0,0,0,0,1,1,0,NA,1
M10 [Number of cases of Childhood Diseases (0-5 years)],10.9,Childhood Diseases - Measles,TOTAL,89,84,5,0,89,3,3,0,NA,3,2,2,NA,NA,2,0,0,NA,NA,0,6,3,3,0,6,2,2,NA,NA,2,7,7,0,NA,7,3,3,NA,NA,3,4,4,0,0,4,0,0,0,0,0,1,1,0,NA,1,0,0,0,0,0,1,1,0,NA,1,5,5,NA,NA,5,0,0,0,0,0,1,1,0,0,1,5,5,0,0,5,0,0,0,0,0,22,20,2,0,22,1,1,NA,NA,1,0,0,0,0,0,0,0,NA,NA,0,4,4,0,0,4,15,15,0,NA,15,0,0,0,0,0,0,0,0,0,0,0,0,0,0,0,7,7,0,NA,7
M10 [Number of cases of Childhood Diseases (0-5 years)],10.1,Childhood Diseases - Malaria,TOTAL,43,40,3,0,43,1,1,0,NA,1,0,0,NA,NA,0,0,0,NA,NA,0,0,0,0,0,0,17,17,NA,NA,17,0,0,0,NA,0,3,3,NA,NA,3,0,0,0,0,0,0,0,0,0,0,3,3,0,NA,3,1,1,0,0,1,0,0,0,NA,0,0,0,NA,NA,0,1,1,0,0,1,1,1,0,0,1,0,0,0,0,0,11,11,0,0,11,2,2,0,0,2,0,0,NA,NA,0,0,0,0,0,0,0,0,NA,NA,0,0,0,0,0,0,0,0,0,NA,0,0,0,0,0,0,0,0,0,0,0,0,0,0,0,0,3,0,3,NA,3
M10 [Number of cases of Childhood Diseases (0-5 years)],10.11,Childhood Diseases - Diarrhoea,TOTAL,5643,5183,460,234,5409,74,74,0,NA,74,189,189,NA,NA,189,8,8,NA,NA,8,365,314,51,0,365,75,75,NA,NA,75,428,419,9,NA,428,170,170,NA,NA,170,256,256,0,0,256,211,120,91,6,205,176,176,0,NA,176,65,54,11,18,47,55,55,0,NA,55,675,675,NA,NA,675,168,168,0,39,129,260,252,8,133,127,179,179,0,0,179,118,118,0,0,118,295,284,11,34,261,71,71,NA,NA,71,348,328,20,0,348,320,320,NA,NA,320,360,312,48,0,360,344,211,133,NA,344,167,148,19,0,167,50,34,16,3,47,179,137,42,1,178,37,36,1,NA,37
M10 [Number of cases of Childhood Diseases (0-5 years)],10.12,Childhood Diseases - Diarrhoea treated in Inpatients,TOTAL,895,757,138,14,881,11,11,0,NA,11,0,0,NA,NA,0,3,3,NA,NA,3,27,0,27,0,27,5,5,NA,NA,5,153,153,0,NA,153,59,59,NA,NA,59,58,58,NA,0,58,11,6,5,0,11,28,28,0,NA,28,16,5,11,11,5,10,10,0,NA,10,33,33,NA,NA,33,34,34,0,0,34,31,28,3,3,28,0,0,0,0,0,8,8,0,0,8,24,20,4,0,24,7,7,NA,NA,7,12,10,2,0,12,163,163,NA,NA,163,38,36,2,0,38,63,26,37,NA,63,22,21,1,0,22,5,4,1,0,5,69,24,45,0,69,5,5,0,NA,5
M10 [Number of cases of Childhood Diseases (0-5 years)],10.13,Children admitted with upper respiratory infections,TOTAL,544,353,191,25,519,0,0,0,NA,0,0,0,NA,NA,0,0,0,NA,NA,0,18,0,18,0,18,0,0,NA,NA,0,27,27,0,NA,27,21,21,NA,NA,21,14,14,NA,0,14,0,0,0,0,0,8,8,0,NA,8,25,8,17,17,8,24,24,0,NA,24,20,20,NA,NA,20,37,37,0,0,37,6,2,4,4,2,0,0,0,0,0,3,3,0,0,3,34,29,5,4,30,0,0,NA,NA,0,28,25,3,0,28,89,89,NA,NA,89,1,0,1,0,1,151,35,116,NA,151,3,3,0,0,3,6,5,1,0,6,25,0,25,0,25,4,3,1,NA,4
M10 [Number of cases of Childhood Diseases (0-5 years)],10.14,Childhood Diseases - Severe Acute Malnutrition (SAM),TOTAL,33,26,7,1,32,0,0,0,NA,0,3,3,NA,NA,3,3,3,NA,NA,3,0,0,0,0,0,0,0,NA,NA,0,2,2,0,NA,2,0,0,NA,NA,0,2,2,NA,0,2,7,7,0,0,7,0,0,0,NA,0,1,1,0,0,1,0,0,0,NA,0,0,0,NA,NA,0,3,3,0,0,3,1,1,0,1,0,0,0,0,0,0,0,0,0,0,0,2,0,2,0,2,0,0,NA,NA,0,0,0,0,0,0,0,0,NA,NA,0,3,3,0,0,3,3,1,2,NA,3,0,0,0,0,0,0,0,0,0,0,3,0,3,0,3,0,0,0,NA,0
M11 [NVBDCP],11.1.1.a,Total Blood Smears Examined for Malaria,TOTAL,159581,157322,2259,4506,155075,4834,4703,131,NA,4834,5296,5296,NA,NA,5296,8256,8256,NA,1398,6858,7240,7134,106,0,7240,2820,2820,NA,NA,2820,3374,3328,46,NA,3374,3672,3672,NA,NA,3672,4993,4993,NA,0,4993,4665,4665,0,21,4644,2206,2195,11,NA,2206,8948,8595,353,363,8585,3513,3496,17,NA,3513,6747,6747,NA,NA,6747,3724,3724,0,0,3724,7189,6716,473,2490,4699,19477,19477,0,0,19477,4681,4674,7,7,4674,7274,7274,0,0,7274,4335,4335,NA,NA,4335,6046,5661,385,11,6035,7336,7336,NA,NA,7336,8115,8115,0,40,8075,5456,5456,NA,NA,5456,5500,5460,40,28,5472,6976,6549,427,26,6950,3419,3208,211,122,3297,3489,3437,52,NA,3489
M11 [NVBDCP],11.1.1.b,Malaria (Microscopy Tests ) - Plasmodium Vivax test positive,TOTAL,39,28,11,10,29,1,1,0,NA,1,0,0,NA,NA,0,0,0,NA,NA,0,3,1,2,0,3,7,7,NA,NA,7,1,1,0,NA,1,2,2,NA,NA,2,0,0,NA,0,0,0,0,0,0,0,2,2,0,NA,2,9,0,9,9,0,0,0,0,NA,0,1,1,NA,NA,1,0,0,0,0,0,1,1,0,1,0,0,0,0,0,0,1,1,0,0,1,4,4,0,0,4,4,4,NA,NA,4,0,0,0,0,0,0,0,NA,NA,0,0,0,0,0,0,0,0,NA,NA,0,0,0,0,0,0,0,0,0,0,0,0,0,0,0,0,3,3,0,NA,3
M11 [NVBDCP],11.1.1.c,Malaria (Microscopy Tests ) - Plasmodium Falciparum test positive,TOTAL,55,47,8,8,47,1,1,0,NA,1,1,1,NA,NA,1,0,0,NA,NA,0,0,0,0,0,0,6,6,NA,NA,6,0,0,0,NA,0,1,1,NA,NA,1,0,0,NA,0,0,0,0,0,0,0,3,3,0,NA,3,9,1,8,8,1,0,0,0,NA,0,0,0,NA,NA,0,0,0,0,0,0,1,1,0,0,1,1,1,0,0,1,19,19,0,0,19,4,4,0,0,4,4,4,NA,NA,4,0,0,0,0,0,0,0,NA,NA,0,0,0,0,0,0,0,0,NA,NA,0,0,0,0,0,0,0,0,0,0,0,0,0,0,0,0,5,5,0,NA,5
M11 [NVBDCP],11.1.2.a,RDT conducted for Malaria,TOTAL,49948,48555,1393,2600,47348,2269,2269,0,NA,2269,2307,2299,8,NA,2307,3850,3850,NA,1319,2531,2801,2749,52,0,2801,744,744,NA,NA,744,1169,1143,26,NA,1169,1322,1322,NA,NA,1322,984,974,10,2,982,444,441,3,0,444,1120,1109,11,NA,1120,5408,4943,465,475,4933,556,546,10,NA,556,841,841,NA,NA,841,1254,1254,0,0,1254,2749,2749,0,619,2130,4488,4488,0,0,4488,1482,1482,0,3,1479,1502,1368,134,0,1502,1171,1171,NA,NA,1171,1253,1101,152,0,1253,2180,2180,NA,NA,2180,1925,1925,0,0,1925,2211,2211,NA,NA,2211,1615,1600,15,28,1587,2379,2262,117,26,2353,738,497,241,128,610,1186,1037,149,NA,1186
M11 [NVBDCP],11.1.2.b,Malaria (RDT) - Plasmodium Vivax test positive,TOTAL,87,73,14,0,87,1,1,0,NA,1,6,6,NA,NA,6,1,1,NA,NA,1,3,0,3,0,3,5,5,NA,NA,5,0,0,0,NA,0,1,1,NA,NA,1,0,0,0,0,0,0,0,0,0,0,0,0,0,NA,0,2,2,0,0,2,0,0,0,NA,0,0,0,NA,NA,0,0,0,0,0,0,0,0,0,0,0,0,0,0,0,0,4,4,0,0,4,1,0,1,0,1,0,0,NA,NA,0,20,20,0,0,20,1,1,NA,NA,1,9,9,0,0,9,0,0,NA,NA,0,0,0,0,0,0,0,0,0,0,0,0,0,0,0,0,33,23,10,NA,33
M11 [NVBDCP],11.1.2.c,Malaria (RDT) - Plamodium Falciparum test positive,TOTAL,120,110,10,0,120,1,1,0,NA,1,2,2,NA,NA,2,0,0,NA,NA,0,0,0,0,0,0,13,13,NA,NA,13,0,0,0,NA,0,1,1,NA,NA,1,0,0,0,0,0,0,0,0,0,0,3,3,0,NA,3,12,12,0,0,12,0,0,0,NA,0,0,0,NA,NA,0,0,0,0,0,0,1,1,0,0,1,0,0,0,0,0,4,4,0,0,4,0,0,0,0,0,7,7,NA,NA,7,0,0,0,0,0,8,8,NA,NA,8,0,0,0,0,0,0,0,NA,NA,0,0,0,0,0,0,2,2,0,0,2,0,0,0,0,0,66,56,10,NA,66
M11 [NVBDCP],11.2.1,Kala Azar (RDT) - Tests Conducted,TOTAL,0,0,0,0,0,0,0,0,NA,0,0,0,NA,NA,0,0,0,NA,NA,0,0,0,0,0,0,0,0,NA,NA,0,0,0,0,NA,0,0,0,NA,NA,0,0,0,NA,0,0,0,0,0,0,0,0,0,0,NA,0,0,0,0,0,0,0,0,0,NA,0,0,0,NA,NA,0,0,0,0,0,0,0,0,0,0,0,0,0,0,0,0,0,0,NA,0,0,0,0,0,0,0,0,0,NA,NA,0,0,0,0,0,0,0,0,NA,NA,0,0,0,0,0,0,0,0,NA,NA,0,0,0,0,0,0,0,0,0,NA,0,0,0,0,0,0,0,0,0,NA,0
M11 [NVBDCP],11.2.2,Kala Azar Positive Cases,TOTAL,0,0,0,0,0,0,0,0,NA,0,0,0,NA,NA,0,0,0,NA,NA,0,0,0,0,0,0,0,0,NA,NA,0,0,0,0,NA,0,0,0,NA,NA,0,0,0,NA,0,0,0,0,0,0,0,0,0,0,NA,0,0,0,0,0,0,0,0,0,NA,0,0,0,NA,NA,0,0,0,0,0,0,0,0,0,0,0,0,0,0,0,0,0,0,NA,0,0,0,0,0,0,0,0,0,NA,NA,0,0,0,0,0,0,0,0,NA,NA,0,0,0,0,0,0,0,0,NA,NA,0,0,0,0,0,0,0,0,0,NA,0,0,0,0,0,0,0,0,0,NA,0
M11 [NVBDCP],11.2.3,Post-kala-azar dermal leishmaniasis (PKDL) cases,TOTAL,0,0,0,0,0,0,0,0,NA,0,0,0,NA,NA,0,0,0,NA,NA,0,0,0,0,0,0,0,0,NA,NA,0,0,0,0,NA,0,0,0,NA,NA,0,0,0,NA,0,0,0,0,0,0,0,0,0,0,NA,0,0,0,0,0,0,0,0,0,NA,0,0,0,NA,NA,0,0,0,0,0,0,0,0,0,0,0,0,0,0,0,0,0,0,NA,0,0,0,0,0,0,0,0,0,NA,NA,0,0,0,0,0,0,0,0,NA,NA,0,0,0,0,0,0,0,0,NA,NA,0,0,0,0,0,0,0,0,0,NA,0,0,0,0,0,0,0,0,0,NA,0
M11 [NVBDCP],11.3.1,Dengue - RDT Test Positive,TOTAL,252,247,5,9,243,0,0,0,NA,0,0,0,NA,NA,0,0,0,NA,NA,0,6,6,0,0,6,0,0,NA,NA,0,4,4,0,NA,4,0,0,NA,NA,0,0,0,NA,0,0,0,0,0,0,0,0,0,0,NA,0,3,0,3,3,0,0,0,0,NA,0,0,0,NA,NA,0,15,15,0,0,15,52,50,2,6,46,0,0,0,0,0,0,0,NA,0,0,0,0,0,0,0,0,0,NA,NA,0,11,11,0,0,11,145,145,NA,NA,145,12,12,0,0,12,3,3,NA,NA,3,1,1,0,0,1,0,0,0,NA,0,0,0,0,0,0,0,0,0,NA,0
M11 [NVBDCP],11.3.2,Dengue - Enzyme- Linked Immuno Sorbent Assay (ELISA) Test Positive,TOTAL,15,15,NA,NA,15,0,0,NA,NA,0,0,0,NA,NA,0,5,5,NA,NA,5,5,5,NA,NA,5,0,0,NA,NA,0,0,0,NA,NA,0,0,0,NA,NA,0,0,0,NA,NA,0,NA,NA,NA,NA,NA,0,0,NA,NA,0,0,0,NA,NA,0,0,0,NA,NA,0,0,0,NA,NA,0,0,0,NA,NA,0,0,0,NA,NA,0,0,0,NA,NA,0,0,0,NA,NA,0,0,0,NA,NA,0,2,2,NA,NA,2,0,0,NA,NA,0,3,3,NA,NA,3,0,0,NA,NA,0,0,0,NA,NA,0,0,0,NA,NA,0,0,0,NA,NA,0,NA,NA,NA,NA,NA,0,0,NA,NA,0
M11 [NVBDCP],11.4.1,Tests Conducted for JE,TOTAL,214,214,NA,NA,214,9,9,NA,NA,9,0,0,NA,NA,0,1,1,NA,NA,1,0,0,NA,NA,0,0,0,NA,NA,0,0,0,NA,NA,0,0,0,NA,NA,0,0,0,NA,NA,0,16,16,NA,NA,16,0,0,NA,NA,0,23,23,NA,NA,23,0,0,NA,NA,0,0,0,NA,NA,0,26,26,NA,NA,26,65,65,NA,NA,65,0,0,NA,NA,0,0,0,NA,NA,0,NA,NA,NA,NA,NA,18,18,NA,NA,18,23,23,NA,NA,23,0,0,NA,NA,0,18,18,NA,NA,18,12,12,NA,NA,12,3,3,NA,NA,3,0,0,NA,NA,0,NA,NA,NA,NA,NA,0,0,NA,NA,0
M11 [NVBDCP],11.4.2,Tests Positive for JE,TOTAL,23,23,NA,NA,23,0,0,NA,NA,0,0,0,NA,NA,0,NA,NA,NA,NA,NA,0,0,NA,NA,0,0,0,NA,NA,0,0,0,NA,NA,0,0,0,NA,NA,0,0,0,NA,NA,0,6,6,NA,NA,6,0,0,NA,NA,0,0,0,NA,NA,0,0,0,NA,NA,0,0,0,NA,NA,0,7,7,NA,NA,7,1,1,NA,NA,1,0,0,NA,NA,0,0,0,NA,NA,0,NA,NA,NA,NA,NA,2,2,NA,NA,2,2,2,NA,NA,2,0,0,NA,NA,0,0,0,NA,NA,0,4,4,NA,NA,4,1,1,NA,NA,1,0,0,NA,NA,0,NA,NA,NA,NA,NA,0,0,NA,NA,0
M12 [Adolscent Health],12.1.1.a,Girls registered in AFHC,TOTAL,1537,1111,426,28,1509,0,0,0,NA,0,0,0,NA,NA,0,0,0,NA,NA,0,26,26,0,0,26,0,0,NA,NA,0,203,203,0,NA,203,0,0,NA,NA,0,10,10,NA,0,10,0,0,0,0,0,0,0,0,NA,0,6,6,0,0,6,83,83,0,NA,83,2,2,NA,NA,2,73,73,0,0,73,286,286,0,28,258,78,78,0,0,78,40,40,NA,0,40,0,0,0,0,0,114,114,NA,NA,114,62,62,0,0,62,35,35,NA,NA,35,65,40,25,0,65,0,0,NA,NA,0,0,0,0,0,0,396,0,396,NA,396,5,0,5,0,5,53,53,0,NA,53
M12 [Adolscent Health],12.1.1.b,Boys registered in AFHC,TOTAL,598,252,346,1,597,0,0,0,NA,0,0,0,NA,NA,0,0,0,NA,NA,0,0,0,0,0,0,0,0,NA,NA,0,24,24,0,NA,24,0,0,NA,NA,0,0,0,NA,0,0,0,0,0,0,0,0,0,0,NA,0,5,5,0,0,5,26,26,0,NA,26,0,0,NA,NA,0,52,52,0,0,52,38,38,0,1,37,37,37,0,0,37,9,9,NA,0,9,0,0,0,0,0,16,16,NA,NA,16,6,6,0,0,6,0,0,NA,NA,0,11,11,0,0,11,0,0,NA,NA,0,0,0,0,0,0,346,0,346,NA,346,0,0,0,0,0,28,28,0,NA,28
M12 [Adolscent Health],12.1.2.a,"Out of registered, Girls received clinical services",TOTAL,999,986,13,25,974,28,28,0,NA,28,0,0,NA,NA,0,0,0,NA,NA,0,26,26,0,0,26,0,0,NA,NA,0,203,203,0,NA,203,0,0,NA,NA,0,20,20,NA,0,20,0,0,0,0,0,0,0,0,NA,0,0,0,0,0,0,26,26,0,NA,26,2,2,NA,NA,2,16,16,0,0,16,183,183,0,25,158,78,78,0,0,78,9,9,NA,0,9,0,0,0,0,0,102,102,NA,NA,102,48,48,0,0,48,35,35,NA,NA,35,167,157,10,0,167,0,0,NA,NA,0,0,0,0,0,0,0,0,0,NA,0,3,0,3,0,3,53,53,0,NA,53
M12 [Adolscent Health],12.1.2.b,"Out of registered, Boys received clinical services",TOTAL,197,197,0,0,197,5,5,0,NA,5,0,0,NA,NA,0,0,0,NA,NA,0,0,0,0,0,0,0,0,NA,NA,0,24,24,0,NA,24,0,0,NA,NA,0,1,1,NA,0,1,0,0,0,0,0,0,0,0,NA,0,0,0,0,0,0,11,11,0,NA,11,0,0,NA,NA,0,16,16,0,0,16,5,5,0,0,5,37,37,0,0,37,0,0,NA,0,0,0,0,0,0,0,13,13,NA,NA,13,4,4,0,0,4,0,0,NA,NA,0,53,53,0,0,53,0,0,NA,NA,0,0,0,0,0,0,0,0,0,NA,0,0,0,0,0,0,28,28,0,NA,28
M12 [Adolscent Health],12.1.3.a,"Out of registered, Girls received counselling",TOTAL,1212,1142,70,25,1187,0,0,0,NA,0,2,2,NA,NA,2,0,0,NA,NA,0,26,26,0,0,26,0,0,NA,NA,0,203,203,0,NA,203,0,0,NA,NA,0,14,14,NA,0,14,0,0,0,0,0,0,0,0,NA,0,0,0,0,0,0,83,83,0,NA,83,2,2,NA,NA,2,12,12,0,0,12,283,283,0,25,258,78,78,0,0,78,31,31,NA,0,31,0,0,0,0,0,114,114,NA,NA,114,61,61,0,0,61,35,35,NA,NA,35,161,145,16,0,161,0,0,NA,NA,0,0,0,0,0,0,0,0,0,NA,0,54,0,54,0,54,53,53,0,NA,53
M12 [Adolscent Health],12.1.3.b,"Out of registered, Boys received counselling",TOTAL,247,241,6,0,247,0,0,0,NA,0,2,2,NA,NA,2,0,0,NA,NA,0,0,0,0,0,0,0,0,NA,NA,0,24,24,0,NA,24,0,0,NA,NA,0,1,1,NA,0,1,0,0,0,0,0,0,0,0,NA,0,0,0,0,0,0,26,26,0,NA,26,0,0,NA,NA,0,16,16,0,0,16,35,35,0,0,35,37,37,0,0,37,9,9,NA,0,9,0,0,0,0,0,16,16,NA,NA,16,6,6,0,0,6,0,0,NA,NA,0,47,41,6,0,47,0,0,NA,NA,0,0,0,0,0,0,0,0,0,NA,0,0,0,0,0,0,28,28,0,NA,28
"M13 [Directly Observed Treatment, Short-course (DOTS)]",13.1,Number of on-going DOTS patients registered,TOTAL,4330,3871,459,210,4120,83,83,0,NA,83,194,194,NA,NA,194,26,26,NA,NA,26,65,65,0,0,65,83,83,NA,NA,83,26,26,0,NA,26,21,21,NA,NA,21,467,467,NA,0,467,232,232,0,0,232,59,59,0,NA,59,153,153,0,0,153,192,182,10,NA,192,117,117,NA,NA,117,145,145,0,0,145,385,385,0,210,175,148,148,0,0,148,205,205,NA,0,205,64,48,16,0,64,166,166,NA,NA,166,139,127,12,0,139,66,66,NA,NA,66,221,219,2,0,221,123,123,NA,NA,123,46,29,17,0,46,176,123,53,NA,176,569,270,299,0,569,159,109,50,NA,159
"M13 [Directly Observed Treatment, Short-course (DOTS)]",13.2,Number of DOTS cases completed successfully,TOTAL,1131,1034,97,39,1092,27,27,0,NA,27,50,50,NA,NA,50,6,6,NA,NA,6,72,72,0,0,72,9,9,NA,NA,9,19,19,0,NA,19,12,12,NA,NA,12,25,25,NA,0,25,56,56,0,0,56,24,24,0,NA,24,46,46,0,0,46,62,62,0,NA,62,23,23,NA,NA,23,44,44,0,0,44,131,131,0,39,92,56,56,0,0,56,27,27,NA,0,27,20,17,3,0,20,73,73,NA,NA,73,23,23,0,0,23,8,8,NA,NA,8,77,75,2,0,77,12,12,NA,NA,12,23,11,12,0,23,69,49,20,NA,69,124,66,58,0,124,13,11,2,NA,13
M14 [Patient Services],14.1.1,Outpatient - Diabetes,TOTAL,12533,10845,1688,1481,11052,173,173,0,NA,173,628,628,NA,NA,628,111,111,NA,NA,111,333,247,86,0,333,106,106,NA,NA,106,549,542,7,NA,549,48,48,NA,NA,48,418,418,0,8,410,1186,1077,109,4,1182,98,96,2,NA,98,352,100,252,268,84,213,197,16,NA,213,112,112,NA,NA,112,508,508,0,0,508,1720,1094,626,1044,676,1327,1327,0,0,1327,276,276,0,0,276,543,445,98,NA,543,37,37,NA,NA,37,85,77,8,0,85,295,293,2,NA,295,1344,1325,19,30,1314,412,412,NA,NA,412,729,665,64,0,729,394,337,57,13,381,419,121,298,114,305,117,73,44,NA,117
M14 [Patient Services],14.1.2,Outpatient - Hypertension,TOTAL,28619,24278,4341,1781,26838,369,369,0,NA,369,1029,1029,NA,NA,1029,328,328,NA,NA,328,975,592,383,12,963,335,335,NA,NA,335,1446,1424,22,NA,1446,683,683,NA,NA,683,856,856,0,0,856,2817,2359,458,38,2779,143,141,2,NA,143,340,219,121,169,171,1034,963,71,NA,1034,402,402,NA,NA,402,1825,1825,0,0,1825,2170,1585,585,1375,795,2000,2000,0,0,2000,503,503,0,3,500,894,761,133,NA,894,280,280,NA,NA,280,639,434,205,0,639,451,441,10,NA,451,2709,2375,334,34,2675,1335,1335,NA,NA,1335,1812,1106,706,0,1812,1362,973,389,53,1309,1018,275,743,97,921,864,685,179,NA,864
M14 [Patient Services],14.1.3,Outpatient - Stroke (Paralysis),TOTAL,378,300,78,20,358,10,10,0,NA,10,12,12,NA,NA,12,1,1,NA,NA,1,33,22,11,0,33,3,3,NA,NA,3,93,93,0,NA,93,0,0,NA,NA,0,23,23,0,0,23,30,14,16,0,30,4,4,0,NA,4,4,0,4,4,0,0,0,0,NA,0,0,0,NA,NA,0,21,21,0,0,21,14,6,8,9,5,0,0,0,0,0,0,0,0,0,0,44,40,4,0,44,3,3,NA,NA,3,1,0,1,0,1,4,4,0,NA,4,13,12,1,0,13,12,12,NA,NA,12,6,5,1,0,6,16,5,11,0,16,27,7,20,7,20,4,3,1,NA,4
M14 [Patient Services],14.1.4,Outpatient - Acute Heart Diseases,TOTAL,1971,1514,457,440,1531,3,3,0,NA,3,10,10,NA,NA,10,14,14,NA,NA,14,47,13,34,0,47,6,6,NA,NA,6,55,50,5,NA,55,3,3,NA,NA,3,49,49,0,0,49,24,18,6,0,24,28,28,0,NA,28,98,0,98,98,0,0,0,0,NA,0,5,5,NA,NA,5,863,863,0,0,863,332,79,253,313,19,64,64,0,0,64,21,21,0,0,21,87,87,0,0,87,3,3,NA,NA,3,2,0,2,0,2,17,17,0,NA,17,106,105,1,0,106,7,7,NA,NA,7,30,29,1,0,30,37,20,17,5,32,54,16,38,24,30,6,4,2,NA,6
M14 [Patient Services],14.1.5,Outpatient - Mental illness,TOTAL,3551,2668,883,663,2888,4,4,0,NA,4,72,72,NA,NA,72,8,8,NA,NA,8,58,30,28,0,58,7,7,NA,NA,7,254,254,0,NA,254,0,0,NA,NA,0,5,5,0,0,5,29,11,18,0,29,35,35,0,NA,35,606,591,15,15,591,64,60,4,NA,64,3,3,NA,NA,3,202,202,0,0,202,984,341,643,648,336,13,13,0,0,13,10,10,0,0,10,128,38,90,0,128,3,3,NA,NA,3,240,238,2,0,240,346,344,2,NA,346,100,87,13,0,100,12,12,NA,NA,12,22,8,14,0,22,43,14,29,0,43,295,272,23,0,295,8,6,2,NA,8
M14 [Patient Services],14.1.6,Outpatient - Epilepsy,TOTAL,631,196,435,231,400,0,0,0,NA,0,1,1,NA,NA,1,3,3,NA,NA,3,11,4,7,0,11,1,1,NA,NA,1,7,7,0,NA,7,1,1,NA,NA,1,0,0,0,0,0,22,3,19,0,22,24,24,0,NA,24,21,20,1,1,20,5,1,4,NA,5,0,0,NA,NA,0,12,12,0,0,12,233,18,215,230,3,2,2,0,0,2,2,2,0,0,2,27,27,0,0,27,3,3,NA,NA,3,10,1,9,0,10,5,0,5,NA,5,3,3,0,0,3,0,0,NA,NA,0,59,7,52,0,59,55,2,53,0,55,98,37,61,0,98,26,17,9,NA,26
M14 [Patient Services],14.1.7,Outpatient - Ophthalmic Related,TOTAL,40807,39989,818,114,40693,522,522,0,NA,522,1261,1261,NA,NA,1261,788,788,NA,NA,788,665,637,28,0,665,205,205,NA,NA,205,1500,1497,3,NA,1500,297,297,NA,NA,297,3620,3620,0,0,3620,365,249,116,8,357,742,742,0,NA,742,3160,3160,0,4,3156,1537,1496,41,NA,1537,828,828,NA,NA,828,1639,1639,0,0,1639,5606,5604,2,96,5510,1804,1804,0,0,1804,318,318,0,0,318,2038,1786,252,0,2038,647,647,NA,NA,647,1618,1565,53,0,1618,874,861,13,NA,874,3042,2979,63,6,3036,2590,2590,NA,NA,2590,450,365,85,0,450,1854,1817,37,0,1854,2256,2149,107,0,2256,581,563,18,NA,581
M14 [Patient Services],14.1.8,Outpatient - Dental,TOTAL,29048,28173,875,182,28866,248,248,0,NA,248,450,450,NA,NA,450,421,421,NA,NA,421,1341,1210,131,5,1336,588,588,NA,NA,588,639,636,3,NA,639,465,465,NA,NA,465,2027,2027,0,0,2027,466,370,96,5,461,163,163,0,NA,163,1082,1048,34,41,1041,884,858,26,NA,884,68,68,NA,NA,68,1849,1849,0,0,1849,2133,2128,5,108,2025,2529,2529,0,0,2529,203,203,0,0,203,1275,1059,216,0,1275,500,500,NA,NA,500,992,975,17,0,992,1062,1052,10,NA,1062,2787,2718,69,5,2782,2503,2503,NA,NA,2503,680,626,54,0,680,2324,2263,61,3,2321,950,820,130,15,935,419,396,23,NA,419
M14 [Patient Services],14.1.9,Outpatient - Oncology,TOTAL,805,774,31,17,788,0,0,NA,NA,0,0,0,NA,NA,0,0,0,NA,NA,0,23,0,23,0,23,0,0,NA,NA,0,0,0,0,NA,0,0,0,NA,NA,0,1,1,NA,NA,1,0,0,0,NA,0,0,0,NA,NA,0,8,0,8,8,0,0,0,NA,NA,0,0,0,NA,NA,0,0,0,0,0,0,270,270,NA,9,261,0,0,0,0,0,2,2,NA,NA,2,0,0,0,NA,0,0,0,NA,NA,0,0,0,0,0,0,2,2,NA,NA,2,497,497,0,0,497,0,0,NA,NA,0,0,0,0,NA,0,2,2,0,NA,2,0,0,0,0,0,0,0,NA,NA,0
M14 [Patient Services],14.2.1,Allopathic- Outpatient attendance,TOTAL,3167090,2512176,654914,93059,3074031,56857,53453,3404,NA,56857,151872,150264,1608,NA,151872,70935,70935,NA,3042,67893,164194,143471,20723,1895,162299,34923,34923,NA,NA,34923,91144,86637,4507,NA,91144,57893,57893,NA,NA,57893,159085,158572,513,3836,155249,235178,127087,108091,6264,228914,18635,18444,191,NA,18635,97804,85872,11932,13186,84618,106870,74005,32865,NA,106870,41196,41196,NA,NA,41196,136612,94568,42044,17430,119182,141519,137635,3884,34751,106768,121222,121222,0,0,121222,46574,46505,69,103,46471,78101,71329,6772,189,77912,53122,53122,NA,NA,53122,99803,85023,14780,1194,98609,99115,96986,2129,NA,99115,226430,205559,20871,2529,223901,78654,78654,NA,NA,78654,159662,99200,60462,1976,157686,370768,179575,191193,1011,369757,184460,90057,94403,5653,178807,84462,49989,34473,NA,84462
M14 [Patient Services],14.2.2,Ayush - Outpatient attendance,TOTAL,232478,232478,0,5738,226740,11565,11565,0,NA,11565,8689,8689,NA,NA,8689,3572,3572,NA,NA,3572,903,903,0,0,903,127,127,NA,NA,127,10051,10051,0,NA,10051,4611,4611,NA,NA,4611,30630,30630,0,0,30630,5148,5148,0,0,5148,1739,1739,0,NA,1739,24252,24252,0,1610,22642,5041,5041,0,NA,5041,663,663,NA,NA,663,3235,3235,0,0,3235,16527,16527,0,4128,12399,33608,33608,0,0,33608,6436,6436,NA,0,6436,1820,1820,0,0,1820,3204,3204,NA,NA,3204,1579,1579,0,0,1579,6161,6161,NA,NA,6161,9938,9938,0,0,9938,17989,17989,NA,NA,17989,1484,1484,0,0,1484,10731,10731,0,NA,10731,2275,2275,0,0,2275,10500,10500,0,NA,10500
M14 [Patient Services],14.3.1.a,Inpatient (Male)- Children<18yrs,TOTAL,11174,9022,2152,507,10667,45,35,10,NA,45,693,667,26,NA,693,47,47,NA,NA,47,1149,1040,109,13,1136,33,33,NA,NA,33,617,596,21,NA,617,267,267,NA,NA,267,1069,1069,NA,0,1069,777,653,124,0,777,102,99,3,NA,102,546,181,365,365,181,523,470,53,NA,523,173,173,NA,NA,173,564,550,14,0,564,148,138,10,14,134,117,117,0,0,117,231,228,3,3,228,385,253,132,38,347,68,68,NA,NA,68,383,362,21,0,383,423,423,NA,NA,423,488,434,54,0,488,260,260,NA,NA,260,368,189,179,0,368,697,365,332,NA,697,947,278,669,74,873,54,27,27,NA,54
M14 [Patient Services],14.3.1.b,Inpatient (Male)- Adults,TOTAL,40144,31236,8908,2259,37885,307,278,29,NA,307,1578,1529,49,NA,1578,411,411,NA,NA,411,1329,946,383,0,1329,94,94,NA,NA,94,1309,1189,120,NA,1309,336,336,NA,NA,336,1766,1766,NA,0,1766,3998,2889,1109,666,3332,426,402,24,NA,426,1617,882,735,735,882,1894,1568,326,NA,1894,812,812,NA,NA,812,1916,1747,169,0,1916,4754,4339,415,420,4334,416,416,0,0,416,673,671,2,2,671,746,568,178,2,744,733,733,NA,NA,733,1674,1599,75,0,1674,980,980,NA,NA,980,2454,2348,106,0,2454,592,592,NA,NA,592,1591,1012,579,0,1591,4125,2197,1928,NA,4125,3030,664,2366,434,2596,583,268,315,NA,583
M14 [Patient Services],14.3.2.a,Inpatient (Female)- Children<18yrs,TOTAL,11566,9262,2304,535,11031,38,32,6,NA,38,561,534,27,NA,561,52,52,NA,NA,52,2385,2270,115,7,2378,52,52,NA,NA,52,466,445,21,NA,466,194,194,NA,NA,194,327,327,NA,0,327,626,432,194,0,626,113,111,2,NA,113,596,177,419,419,177,531,485,46,NA,531,314,314,NA,NA,314,434,415,19,0,434,121,111,10,17,104,128,128,0,0,128,234,231,3,3,231,889,780,109,23,866,72,72,NA,NA,72,246,214,32,0,246,477,477,NA,NA,477,456,383,73,0,456,228,228,NA,NA,228,388,174,214,0,388,592,328,264,NA,592,945,247,698,66,879,101,49,52,NA,101
M14 [Patient Services],14.3.2.b,Inpatient (Female)- Adults,TOTAL,82469,69063,13406,3891,78578,1094,1073,21,NA,1094,3948,3758,190,NA,3948,1404,1404,NA,3,1401,6196,4741,1455,292,5904,579,579,NA,NA,579,3240,3019,221,NA,3240,1252,1252,NA,NA,1252,4894,4894,NA,0,4894,4578,3373,1205,811,3767,595,559,36,NA,595,3830,2798,1032,1076,2754,2912,2468,444,NA,2912,2303,2303,NA,NA,2303,2962,2730,232,0,2962,6880,6179,701,840,6040,2139,2139,0,0,2139,1818,1810,8,8,1810,1826,1405,421,95,1731,1753,1753,NA,NA,1753,3293,3142,151,0,3293,1792,1792,NA,NA,1792,4721,4578,143,0,4721,1331,1331,NA,NA,1331,3023,2208,815,0,3023,7079,4793,2286,NA,7079,6007,2458,3549,766,5241,1020,524,496,NA,1020
M14 [Patient Services],14.3.3,Number of Left Against Medical Advice (LAMA) cases,TOTAL,2517,2399,118,13,2504,1,1,0,NA,1,0,0,NA,NA,0,103,103,NA,NA,103,187,187,0,0,187,36,36,NA,NA,36,20,20,0,NA,20,83,83,NA,NA,83,0,0,NA,0,0,0,0,0,0,0,15,15,0,NA,15,327,321,6,6,321,2,2,0,NA,2,9,9,NA,NA,9,66,66,0,0,66,19,19,0,7,12,33,33,0,0,33,25,25,0,0,25,142,134,8,0,142,60,60,NA,NA,60,0,0,0,0,0,170,170,NA,NA,170,470,470,0,0,470,247,247,NA,NA,247,103,88,15,0,103,82,82,0,NA,82,175,86,89,0,175,142,142,0,NA,142
M14 [Patient Services],14.4.1,Inpatient - Malaria,TOTAL,278,269,9,4,274,0,0,0,NA,0,0,0,NA,NA,0,0,0,NA,NA,0,5,0,5,0,5,0,0,NA,NA,0,1,1,0,NA,1,0,0,NA,NA,0,0,0,NA,0,0,0,0,0,0,0,10,10,0,NA,10,32,28,4,4,28,0,0,0,NA,0,0,0,NA,NA,0,0,0,0,0,0,1,1,0,0,1,0,0,0,0,0,18,18,0,0,18,1,1,0,0,1,1,1,NA,NA,1,0,0,0,0,0,202,202,NA,NA,202,0,0,0,0,0,1,1,NA,NA,1,0,0,0,0,0,0,0,0,NA,0,0,0,0,0,0,6,6,0,NA,6
M14 [Patient Services],14.4.2,Inpatient - Dengue,TOTAL,39,35,4,4,35,0,0,0,NA,0,0,0,NA,NA,0,0,0,NA,NA,0,1,1,0,0,1,0,0,NA,NA,0,0,0,0,NA,0,0,0,NA,NA,0,0,0,NA,0,0,0,0,0,0,0,0,0,0,NA,0,0,0,0,0,0,0,0,0,NA,0,0,0,NA,NA,0,15,15,0,0,15,4,2,2,2,2,1,1,0,0,1,2,2,0,0,2,0,0,0,0,0,0,0,NA,NA,0,0,0,0,0,0,12,12,NA,NA,12,0,0,0,0,0,1,1,NA,NA,1,1,1,0,0,1,0,0,0,NA,0,2,0,2,2,0,0,0,0,NA,0
M14 [Patient Services],14.4.3,Inpatient - Typhoid,TOTAL,333,270,63,35,298,2,2,0,NA,2,0,0,NA,NA,0,2,2,NA,NA,2,9,0,9,0,9,5,5,NA,NA,5,2,0,2,NA,2,2,2,NA,NA,2,0,0,NA,0,0,0,0,0,0,0,30,30,0,NA,30,17,7,10,10,7,9,1,8,NA,9,1,1,NA,NA,1,15,15,0,0,15,7,5,2,3,4,2,2,0,0,2,11,11,0,0,11,8,8,0,0,8,4,4,NA,NA,4,45,40,5,0,45,114,114,NA,NA,114,0,0,0,0,0,1,1,NA,NA,1,6,5,1,0,6,7,3,4,NA,7,25,3,22,22,3,9,9,0,NA,9
M14 [Patient Services],14.4.4,"Inpatient - Asthma, Chronic Obstructive Pulmonary Disease (COPD), Respiratory infections",TOTAL,2579,1543,1036,223,2356,5,5,0,NA,5,1,0,1,NA,1,0,0,NA,NA,0,67,1,66,0,67,11,11,NA,NA,11,95,91,4,NA,95,9,9,NA,NA,9,55,55,NA,0,55,0,0,0,0,0,20,18,2,NA,20,53,17,36,36,17,296,270,26,NA,296,38,38,NA,NA,38,153,153,0,0,153,131,19,112,120,11,9,9,0,0,9,87,87,0,0,87,67,53,14,0,67,15,15,NA,NA,15,64,52,12,0,64,114,114,NA,NA,114,112,110,2,0,112,184,184,NA,NA,184,179,146,33,0,179,60,41,19,NA,60,745,36,709,67,678,9,9,0,NA,9
M14 [Patient Services],14.4.5,Inpatient - Tuberculosis,TOTAL,445,334,111,17,428,3,1,2,NA,3,6,6,NA,NA,6,0,0,NA,NA,0,66,53,13,0,66,4,4,NA,NA,4,17,16,1,NA,17,10,10,NA,NA,10,13,13,NA,0,13,0,0,0,0,0,1,0,1,NA,1,18,10,8,8,10,23,23,0,NA,23,0,0,NA,NA,0,51,51,0,0,51,5,3,2,2,3,12,12,0,0,12,11,11,0,0,11,4,3,1,0,4,10,10,NA,NA,10,11,8,3,0,11,39,39,NA,NA,39,20,19,1,0,20,7,7,NA,NA,7,31,20,11,0,31,19,7,12,NA,19,55,2,53,7,48,9,6,3,NA,9
M14 [Patient Services],14.4.6,Inpatient - Pyrexia of unknown origin (PUO),TOTAL,2106,1393,713,6,2100,0,0,0,NA,0,42,42,NA,NA,42,0,0,NA,NA,0,34,7,27,0,34,2,2,NA,NA,2,34,34,0,NA,34,13,13,NA,NA,13,74,74,NA,0,74,0,0,0,0,0,94,94,0,NA,94,83,77,6,6,77,24,1,23,NA,24,11,11,NA,NA,11,178,178,0,0,178,38,38,0,0,38,39,39,0,0,39,107,107,0,0,107,179,132,47,0,179,38,38,NA,NA,38,118,98,20,0,118,0,0,NA,NA,0,201,189,12,0,201,78,78,NA,NA,78,13,5,8,0,13,133,91,42,NA,133,540,20,520,0,540,33,25,8,NA,33
M14 [Patient Services],14.4.7,Inpatient - Diarrhea with dehydration,TOTAL,3268,2690,578,180,3088,38,35,3,NA,38,29,26,3,NA,29,5,5,NA,NA,5,44,7,37,0,44,36,36,NA,NA,36,258,258,0,NA,258,17,17,NA,NA,17,101,101,NA,0,101,9,5,4,0,9,57,55,2,NA,57,72,45,27,27,45,299,287,12,NA,299,159,159,NA,NA,159,134,134,0,0,134,133,33,100,118,15,122,122,0,0,122,160,159,1,1,159,74,60,14,0,74,16,16,NA,NA,16,140,118,22,0,140,428,428,NA,NA,428,150,149,1,0,150,119,119,NA,NA,119,189,178,11,0,189,132,61,71,NA,132,298,39,259,34,264,49,38,11,NA,49
M14 [Patient Services],14.4.8,Inpatient - Hepatitis,TOTAL,76,59,17,9,67,0,0,0,NA,0,0,0,NA,NA,0,0,0,NA,NA,0,4,0,4,0,4,0,0,NA,NA,0,0,0,0,NA,0,4,4,NA,NA,4,0,0,NA,0,0,0,0,0,0,0,2,2,0,NA,2,10,4,6,6,4,5,5,0,NA,5,0,0,NA,NA,0,3,3,0,0,3,7,4,3,3,4,4,4,0,0,4,6,6,0,0,6,0,0,0,0,0,7,7,NA,NA,7,0,0,0,0,0,0,0,NA,NA,0,11,11,0,0,11,0,0,NA,NA,0,2,2,0,0,2,0,0,0,NA,0,4,0,4,0,4,7,7,0,NA,7
M14 [Patient Services],14.5,Patients registered at Emergency Department,TOTAL,78781,78086,695,1069,77712,224,224,NA,NA,224,1855,1855,NA,NA,1855,1326,1326,NA,NA,1326,2790,2463,327,0,2790,731,731,NA,NA,731,625,625,0,NA,625,2587,2587,NA,NA,2587,1349,1349,NA,NA,1349,812,812,0,NA,812,835,835,NA,NA,835,2779,2426,353,353,2426,2303,2303,NA,NA,2303,170,170,NA,NA,170,3961,3961,0,0,3961,11311,11311,NA,701,10610,4898,4898,0,0,4898,919,919,NA,NA,919,4473,4473,0,NA,4473,250,250,NA,NA,250,5105,5105,0,0,5105,2662,2662,NA,NA,2662,5446,5446,0,0,5446,2926,2926,NA,NA,2926,7833,7833,0,NA,7833,5324,5324,0,NA,5324,3454,3439,15,15,3439,1833,1833,NA,NA,1833
M14 [Patient Services],14.6.1,"Emergency - Trauma ( accident, injury, poisoning etc)",TOTAL,11073,10834,239,519,10554,214,214,NA,NA,214,5,5,NA,NA,5,60,60,NA,NA,60,358,330,28,0,358,6,6,NA,NA,6,87,87,0,NA,87,415,415,NA,NA,415,180,180,NA,NA,180,71,71,0,NA,71,44,44,NA,NA,44,1317,1116,201,201,1116,259,259,NA,NA,259,180,180,NA,NA,180,293,293,0,0,293,4390,4390,NA,310,4080,6,6,0,0,6,297,297,NA,NA,297,20,18,2,NA,20,457,457,NA,NA,457,835,835,0,0,835,52,52,NA,NA,52,654,654,0,0,654,0,0,NA,NA,0,333,333,0,NA,333,392,392,0,NA,392,78,70,8,8,70,70,70,0,NA,70
M14 [Patient Services],14.6.2,Emergency - Burn,TOTAL,213,212,1,6,207,0,0,NA,NA,0,0,0,NA,NA,0,3,3,NA,NA,3,9,9,0,0,9,1,1,NA,NA,1,9,9,0,NA,9,7,7,NA,NA,7,11,11,NA,NA,11,4,4,0,NA,4,1,1,NA,NA,1,3,2,1,1,2,8,8,NA,NA,8,0,0,NA,NA,0,39,39,0,0,39,47,47,NA,5,42,2,2,0,0,2,5,5,NA,NA,5,8,8,0,NA,8,14,14,NA,NA,14,9,9,0,0,9,0,0,NA,NA,0,15,15,0,0,15,0,0,NA,NA,0,11,11,0,NA,11,6,6,0,NA,6,1,1,0,0,1,0,0,NA,NA,0
M14 [Patient Services],14.6.3,Emergency - Obstetrics complications,TOTAL,2715,2660,55,78,2637,2,2,NA,NA,2,27,0,27,NA,27,143,143,NA,NA,143,27,27,0,0,27,0,0,NA,NA,0,12,12,0,NA,12,10,10,NA,NA,10,2,2,NA,NA,2,19,19,0,NA,19,13,13,NA,NA,13,22,10,12,12,10,15,15,NA,NA,15,0,0,NA,NA,0,428,428,0,0,428,66,66,NA,50,16,67,67,0,0,67,48,48,NA,NA,48,1018,1018,0,NA,1018,56,56,NA,NA,56,2,2,0,0,2,61,61,NA,NA,61,301,301,0,0,301,0,0,NA,NA,0,296,296,0,NA,296,6,6,0,NA,6,65,49,16,16,49,9,9,NA,NA,9
M14 [Patient Services],14.6.4,Emergency - Snake Bite,TOTAL,223,217,6,0,223,3,3,NA,NA,3,0,0,NA,NA,0,2,2,NA,NA,2,12,10,2,0,12,0,0,NA,NA,0,7,7,0,NA,7,10,10,NA,NA,10,0,0,NA,NA,0,3,3,0,NA,3,0,0,NA,NA,0,2,2,0,0,2,25,25,NA,NA,25,4,4,NA,NA,4,11,11,0,0,11,10,10,NA,0,10,5,5,0,0,5,3,3,NA,NA,3,3,2,1,NA,3,4,4,NA,NA,4,9,9,0,0,9,0,0,NA,NA,0,57,57,0,0,57,0,0,NA,NA,0,44,44,0,NA,44,6,6,0,NA,6,3,0,3,0,3,0,0,NA,NA,0
M14 [Patient Services],14.6.5,Emergency - Acute Caridiac Emergencies,TOTAL,420,396,24,5,415,0,0,NA,NA,0,0,0,NA,NA,0,2,2,NA,NA,2,39,20,19,0,39,0,0,NA,NA,0,0,0,0,NA,0,200,200,NA,NA,200,0,0,NA,NA,0,4,4,0,NA,4,3,3,NA,NA,3,5,0,5,5,0,2,2,NA,NA,2,0,0,NA,NA,0,1,1,0,0,1,0,0,NA,0,0,0,0,0,0,0,0,0,NA,NA,0,6,6,0,NA,6,17,17,NA,NA,17,0,0,0,0,0,0,0,NA,NA,0,4,4,0,0,4,0,0,NA,NA,0,131,131,0,NA,131,1,1,0,NA,1,0,0,0,0,0,5,5,NA,NA,5
M14 [Patient Services],14.6.7,Emergency - CVA ( Cerebovascular Disease),TOTAL,723,701,22,7,716,5,5,NA,NA,5,0,0,NA,NA,0,2,2,NA,NA,2,90,84,6,0,90,0,0,NA,NA,0,1,1,0,NA,1,150,150,NA,NA,150,0,0,NA,NA,0,3,3,0,NA,3,6,6,NA,NA,6,38,31,7,7,31,46,46,NA,NA,46,0,0,NA,NA,0,26,26,0,0,26,3,3,NA,0,3,3,3,0,0,3,8,8,NA,NA,8,18,9,9,NA,18,48,48,NA,NA,48,22,22,0,0,22,0,0,NA,NA,0,66,66,0,0,66,0,0,NA,NA,0,133,133,0,NA,133,0,0,0,NA,0,38,38,0,0,38,17,17,NA,NA,17
M14 [Patient Services],14.7,Number of deaths occurring at Emergency Department,TOTAL,52,44,8,0,52,3,3,NA,NA,3,0,0,NA,NA,0,0,0,NA,NA,0,8,0,8,0,8,0,0,NA,NA,0,0,0,0,NA,0,0,0,NA,NA,0,0,0,NA,NA,0,0,0,0,NA,0,4,4,NA,NA,4,0,0,0,0,0,0,0,NA,NA,0,0,0,NA,NA,0,0,0,0,0,0,6,6,NA,0,6,3,3,0,0,3,0,0,NA,NA,0,1,1,0,NA,1,0,0,NA,NA,0,0,0,0,0,0,0,0,NA,NA,0,0,0,0,0,0,0,0,NA,NA,0,19,19,0,NA,19,4,4,0,NA,4,0,0,0,0,0,4,4,NA,NA,4
M14 [Patient Services],14.8.1,Operation major (General and spinal anaesthesia),TOTAL,5515,4524,991,822,4693,0,0,0,NA,0,258,176,82,NA,258,69,69,NA,NA,69,368,354,14,0,368,10,10,NA,NA,10,97,65,32,NA,97,40,40,NA,NA,40,277,277,NA,0,277,576,407,169,169,407,32,28,4,NA,32,714,219,495,495,219,225,225,0,NA,225,17,17,NA,NA,17,655,619,36,36,619,425,386,39,42,383,74,74,0,0,74,5,5,0,0,5,104,63,41,25,79,283,283,NA,NA,283,57,57,0,0,57,54,54,NA,NA,54,43,43,0,0,43,164,164,NA,NA,164,80,80,0,0,80,722,708,14,NA,722,156,101,55,55,101,10,0,10,NA,10
M14 [Patient Services],14.8.2,"Out of Operation major, Gynecology- Hysterectomy surgeries",TOTAL,490,256,234,202,288,0,0,0,NA,0,32,23,9,NA,32,0,0,NA,NA,0,27,22,5,0,27,4,4,NA,NA,4,5,0,5,NA,5,11,11,NA,NA,11,3,3,NA,0,3,71,36,35,35,36,0,0,0,NA,0,29,0,29,29,0,1,1,0,NA,1,0,0,NA,NA,0,6,0,6,6,0,222,97,125,125,97,0,0,0,0,0,5,5,0,0,5,1,0,1,1,0,7,7,NA,NA,7,14,14,0,0,14,2,2,NA,NA,2,0,0,0,0,0,0,0,NA,NA,0,0,0,0,0,0,27,14,13,NA,27,23,17,6,6,17,0,0,0,NA,0
M14 [Patient Services],14.8.3,"Major Surgeries excluding Obstetrics, Gynaecology and Opthalmology etc.",TOTAL,1423,1423,NA,NA,1423,0,0,NA,NA,0,0,0,NA,NA,0,29,29,NA,NA,29,331,331,NA,NA,331,0,0,NA,NA,0,0,0,NA,NA,0,46,46,NA,NA,46,80,80,NA,NA,80,371,371,NA,NA,371,27,27,NA,NA,27,31,31,NA,NA,31,15,15,NA,NA,15,0,0,NA,NA,0,152,152,NA,NA,152,77,77,NA,NA,77,0,0,NA,NA,0,38,38,NA,NA,38,0,0,NA,NA,0,49,49,NA,NA,49,43,43,NA,NA,43,52,52,NA,NA,52,34,34,NA,NA,34,4,4,NA,NA,4,15,15,NA,NA,15,4,4,NA,NA,4,25,25,NA,NA,25,0,0,NA,NA,0
M14 [Patient Services],14.8.4,Operation minor (No or local anaesthesia),TOTAL,3054,2534,520,212,2842,53,53,0,NA,53,88,44,44,NA,88,3,3,NA,NA,3,209,200,9,0,209,33,33,NA,NA,33,49,49,0,NA,49,82,82,NA,NA,82,70,70,NA,0,70,66,66,0,0,66,56,40,16,NA,56,330,272,58,58,272,44,44,0,NA,44,126,126,NA,NA,126,938,888,50,50,888,98,69,29,29,69,97,97,0,0,97,16,16,0,0,16,226,11,215,16,210,7,7,NA,NA,7,14,14,0,0,14,0,0,NA,NA,0,67,67,0,0,67,29,29,NA,NA,29,168,168,0,0,168,48,18,30,0,48,112,47,65,59,53,25,21,4,NA,25
M14 [Patient Services],14.8.5,Number of post operative Surgical Site infection,TOTAL,245,245,NA,NA,245,0,0,NA,NA,0,1,1,NA,NA,1,0,0,NA,NA,0,10,10,NA,NA,10,0,0,NA,NA,0,2,2,NA,NA,2,0,0,NA,NA,0,NA,NA,NA,NA,NA,NA,NA,NA,NA,NA,0,0,NA,NA,0,0,0,NA,NA,0,5,5,NA,NA,5,4,4,NA,NA,4,216,216,NA,NA,216,6,6,NA,NA,6,0,0,NA,NA,0,0,0,NA,NA,0,0,0,NA,NA,0,0,0,NA,NA,0,0,0,NA,NA,0,1,1,NA,NA,1,0,0,NA,NA,0,0,0,NA,NA,0,0,0,NA,NA,0,0,0,NA,NA,0,0,0,NA,NA,0,0,0,NA,NA,0
M14 [Patient Services],14.8.6,Number of blood units issued,TOTAL,4398,4216,182,166,4232,0,0,0,NA,0,13,7,6,NA,13,193,193,NA,NA,193,26,26,0,0,26,0,0,NA,NA,0,0,0,0,NA,0,229,229,NA,NA,229,2,2,NA,0,2,0,0,0,0,0,123,116,7,NA,123,48,0,48,48,0,2,2,0,NA,2,32,32,NA,NA,32,1673,1673,0,0,1673,107,107,0,0,107,0,0,0,0,0,220,220,0,0,220,0,0,0,0,0,50,50,NA,NA,50,511,511,0,0,511,99,99,NA,NA,99,25,25,0,0,25,425,425,NA,NA,425,6,6,0,0,6,435,432,3,NA,435,177,59,118,118,59,2,2,0,NA,2
M14 [Patient Services],14.8.7,Number of blood transfusions done,TOTAL,4327,4213,114,97,4230,0,0,0,NA,0,13,7,6,NA,13,178,178,NA,NA,178,33,30,3,0,33,2,2,NA,NA,2,6,6,0,NA,6,225,225,NA,NA,225,2,2,NA,0,2,0,0,0,0,0,107,103,4,NA,107,17,0,17,17,0,2,2,0,NA,2,32,32,NA,NA,32,1673,1673,0,0,1673,113,113,0,2,111,0,0,0,0,0,220,220,0,0,220,0,0,0,0,0,50,50,NA,NA,50,511,511,0,0,511,108,108,NA,NA,108,21,21,0,0,21,425,425,NA,NA,425,6,6,0,0,6,444,438,6,NA,444,137,59,78,78,59,2,2,0,NA,2
M14 [Patient Services],14.9.1,Inpatient Deaths - Male,TOTAL,394,366,28,7,387,3,3,0,NA,3,13,13,NA,NA,13,8,8,NA,NA,8,15,12,3,0,15,1,1,NA,NA,1,20,20,0,NA,20,11,11,NA,NA,11,0,0,NA,0,0,0,0,0,0,0,5,5,0,NA,5,13,8,5,5,8,16,16,0,NA,16,9,9,NA,NA,9,53,53,0,0,53,3,3,0,0,3,0,0,0,0,0,19,19,0,0,19,35,31,4,0,35,26,26,NA,NA,26,32,30,2,0,32,4,4,NA,NA,4,31,31,0,0,31,12,12,NA,NA,12,18,17,1,0,18,21,18,3,NA,21,18,10,8,2,16,8,6,2,NA,8
M14 [Patient Services],14.9.2,Inpatient Deaths - Female,TOTAL,270,246,24,9,261,1,1,0,NA,1,6,6,NA,NA,6,4,4,NA,NA,4,11,7,4,0,11,0,0,NA,NA,0,12,12,0,NA,12,3,3,NA,NA,3,0,0,NA,0,0,0,0,0,0,0,2,2,0,NA,2,22,16,6,6,16,8,8,0,NA,8,5,5,NA,NA,5,32,32,0,0,32,1,1,0,1,0,0,0,0,0,0,17,17,0,0,17,29,26,3,0,29,23,23,NA,NA,23,26,25,1,0,26,6,6,NA,NA,6,23,23,0,0,23,2,2,NA,NA,2,16,14,2,0,16,8,7,1,NA,8,11,4,7,2,9,2,2,0,NA,2
M14 [Patient Services],14.1,In-Patient Head Count at midnight,TOTAL,132771,129102,3669,629,132142,564,543,21,NA,564,2334,2334,NA,NA,2334,3504,3504,NA,NA,3504,6004,5158,846,0,6004,1121,1121,NA,NA,1121,7360,7360,0,NA,7360,5465,5465,NA,NA,5465,7308,7308,NA,0,7308,1257,1257,0,0,1257,4484,4484,0,NA,4484,5416,5406,10,86,5330,11246,11246,0,NA,11246,2791,2791,NA,NA,2791,418,418,0,0,418,2863,2863,0,384,2479,3128,3128,0,0,3128,6836,6820,16,16,6820,6664,4522,2142,0,6664,4405,4405,NA,NA,4405,8225,7985,240,0,8225,3100,3100,NA,NA,3100,9410,9379,31,0,9410,7294,7294,NA,NA,7294,7760,7760,0,0,7760,7020,6998,22,NA,7020,5459,5199,260,143,5316,1335,1254,81,NA,1335
M14 [Patient Services],14.11,Number of Admission in NBSU ( New Born Stabilisation Unit),TOTAL,1133,993,140,17,1116,9,9,0,NA,9,50,50,NA,NA,50,28,28,NA,NA,28,105,48,57,0,105,11,11,NA,NA,11,17,17,0,NA,17,22,22,NA,NA,22,6,6,NA,0,6,31,31,0,3,28,0,0,0,NA,0,38,38,0,2,36,215,215,0,NA,215,6,6,NA,NA,6,34,34,0,0,34,4,4,0,0,4,26,26,0,0,26,1,1,NA,0,1,169,86,83,12,157,20,20,NA,NA,20,60,60,0,0,60,54,54,NA,NA,54,78,78,0,0,78,11,11,NA,NA,11,49,49,0,0,49,59,59,0,NA,59,24,24,0,0,24,6,6,0,NA,6
M14 [Patient Services],14.12.1,Special Newborn Care Unit (SNCU Admissions) - Inborn Male,TOTAL,1830,1813,17,0,1830,0,0,NA,NA,0,72,72,NA,NA,72,19,19,NA,NA,19,142,142,0,0,142,0,0,NA,NA,0,101,84,17,NA,101,69,69,NA,NA,69,63,63,NA,NA,63,160,160,0,NA,160,17,17,NA,NA,17,49,49,0,0,49,0,0,NA,NA,0,49,49,NA,NA,49,164,164,0,0,164,322,322,NA,0,322,0,0,0,0,0,32,32,NA,NA,32,19,19,0,NA,19,51,51,NA,NA,51,75,75,0,0,75,24,24,NA,NA,24,84,84,0,0,84,75,75,NA,NA,75,53,53,0,NA,53,124,124,0,NA,124,52,52,0,0,52,14,14,NA,NA,14
M14 [Patient Services],14.12.2,Special Newborn Care Unit (SNCU Admissions) - Inborn Female,TOTAL,1283,1271,12,0,1283,0,0,NA,NA,0,36,36,NA,NA,36,20,20,NA,NA,20,117,117,0,0,117,0,0,NA,NA,0,74,62,12,NA,74,37,37,NA,NA,37,35,35,NA,NA,35,85,85,0,NA,85,13,13,NA,NA,13,34,34,0,0,34,0,0,NA,NA,0,28,28,NA,NA,28,119,119,0,0,119,250,250,NA,0,250,0,0,0,0,0,29,29,NA,NA,29,13,13,0,NA,13,49,49,NA,NA,49,60,60,0,0,60,24,24,NA,NA,24,46,46,0,0,46,55,55,NA,NA,55,41,41,0,NA,41,76,76,0,NA,76,32,32,0,0,32,10,10,NA,NA,10
M14 [Patient Services],14.12.3,Outborn – Male,TOTAL,1061,1059,2,0,1061,0,0,NA,NA,0,0,0,NA,NA,0,20,20,NA,NA,20,123,123,0,0,123,0,0,NA,NA,0,60,58,2,NA,60,28,28,NA,NA,28,70,70,NA,NA,70,95,95,0,NA,95,4,4,NA,NA,4,28,28,0,0,28,0,0,NA,NA,0,39,39,NA,NA,39,62,62,0,0,62,194,194,NA,0,194,0,0,0,0,0,8,8,NA,NA,8,56,56,0,NA,56,19,19,NA,NA,19,22,22,0,0,22,19,19,NA,NA,19,101,101,0,0,101,15,15,NA,NA,15,15,15,0,NA,15,38,38,0,NA,38,35,35,0,0,35,10,10,NA,NA,10
M14 [Patient Services],14.12.4,Outborn - Female,TOTAL,676,675,1,0,676,0,0,NA,NA,0,0,0,NA,NA,0,10,10,NA,NA,10,87,87,0,0,87,0,0,NA,NA,0,48,47,1,NA,48,11,11,NA,NA,11,36,36,NA,NA,36,65,65,0,NA,65,4,4,NA,NA,4,24,24,0,0,24,0,0,NA,NA,0,25,25,NA,NA,25,34,34,0,0,34,119,119,NA,0,119,0,0,0,0,0,0,0,NA,NA,0,17,17,0,NA,17,15,15,NA,NA,15,19,19,0,0,19,11,11,NA,NA,11,53,53,0,0,53,20,20,NA,NA,20,11,11,0,NA,11,31,31,0,NA,31,21,21,0,0,21,15,15,NA,NA,15
M14 [Patient Services],14.12.5,Number of newborns admitted in SNCU - referred by ASHA,TOTAL,181,181,0,0,181,0,0,NA,NA,0,0,0,NA,NA,0,26,26,NA,NA,26,0,0,0,0,0,0,0,NA,NA,0,36,36,0,NA,36,39,39,NA,NA,39,0,0,NA,NA,0,0,0,0,NA,0,0,0,NA,NA,0,18,18,0,0,18,0,0,NA,NA,0,0,0,NA,NA,0,0,0,0,0,0,0,0,NA,0,0,0,0,0,0,0,0,0,NA,NA,0,0,0,0,NA,0,52,52,NA,NA,52,0,0,0,0,0,10,10,NA,NA,10,0,0,0,0,0,0,0,NA,NA,0,0,0,0,NA,0,0,0,0,NA,0,0,0,0,0,0,0,0,NA,NA,0
M14 [Patient Services],14.13,Number of deaths occurring at SNCU,TOTAL,539,539,0,0,539,0,0,NA,NA,0,58,58,NA,NA,58,9,9,NA,NA,9,60,60,0,0,60,0,0,NA,NA,0,14,14,0,NA,14,12,12,NA,NA,12,18,18,NA,NA,18,48,48,0,NA,48,1,1,NA,NA,1,24,24,0,0,24,18,18,NA,NA,18,5,5,NA,NA,5,45,45,0,0,45,124,124,NA,0,124,0,0,0,0,0,6,6,NA,NA,6,11,11,0,NA,11,7,7,NA,NA,7,20,20,0,0,20,2,2,NA,NA,2,1,1,0,0,1,3,3,NA,NA,3,8,8,0,NA,8,31,31,0,NA,31,14,14,0,0,14,0,0,NA,NA,0
M14 [Patient Services],14.14.1,Number of children admitted in NRC,TOTAL,102,102,0,0,102,0,0,0,NA,0,6,6,NA,NA,6,3,3,NA,NA,3,0,0,0,0,0,12,12,NA,NA,12,0,0,0,NA,0,1,1,NA,NA,1,7,7,NA,0,7,10,10,0,0,10,0,0,0,NA,0,5,5,0,0,5,9,9,0,NA,9,0,0,NA,NA,0,3,3,0,0,3,10,10,NA,0,10,0,0,0,0,0,0,0,NA,0,0,4,4,0,0,4,2,2,NA,NA,2,8,8,0,0,8,5,5,NA,NA,5,11,11,0,0,11,6,6,NA,NA,6,0,0,0,0,0,0,0,0,NA,0,0,0,0,0,0,0,0,0,NA,0
M14 [Patient Services],14.14.2,Number of children discharged with target weight gain from the NRCs,TOTAL,79,79,0,0,79,0,0,0,NA,0,11,11,NA,NA,11,1,1,NA,NA,1,0,0,0,0,0,12,12,NA,NA,12,0,0,0,NA,0,1,1,NA,NA,1,7,7,NA,0,7,5,5,0,0,5,0,0,0,NA,0,3,3,0,0,3,9,9,0,NA,9,0,0,NA,NA,0,13,13,0,0,13,10,10,NA,0,10,0,0,0,0,0,0,0,NA,0,0,0,0,0,0,0,0,0,NA,NA,0,0,0,0,0,0,0,0,NA,NA,0,7,7,0,0,7,0,0,NA,NA,0,0,0,0,0,0,0,0,0,NA,0,0,0,0,0,0,0,0,0,NA,0
M14 [Patient Services],14.15,Number of Rogi Kalyan Samiti (RKS) meetings held,TOTAL,467,453,14,24,443,25,25,0,NA,25,17,17,NA,NA,17,17,17,NA,6,11,7,7,0,0,7,6,6,NA,NA,6,12,11,1,NA,12,4,4,NA,NA,4,29,29,NA,0,29,6,4,2,0,6,7,7,0,NA,7,15,15,0,1,14,12,12,0,NA,12,5,5,NA,NA,5,23,23,0,0,23,20,20,NA,12,8,13,13,0,0,13,36,36,NA,4,32,3,3,0,0,3,40,40,NA,NA,40,15,11,4,0,15,22,22,0,NA,22,30,30,0,0,30,17,17,NA,NA,17,18,17,1,0,18,39,36,3,0,39,21,18,3,1,20,8,8,0,NA,8
M14 [Patient Services],14.16,Number of Anganwadi centres/ UPHCs reported to have conducted Village Health & Nutrition Day (VHNDs)/ Urban Health & Nutrition Day (UHNDs)/ Outreach / Special Outreach,TOTAL,25671,25065,606,512,25159,792,792,0,NA,792,1169,1169,NA,NA,1169,580,580,NA,22,558,1513,1513,0,0,1513,484,484,NA,NA,484,767,764,3,NA,767,679,679,NA,NA,679,1553,1524,29,0,1553,1016,873,143,78,938,231,231,0,NA,231,746,746,0,34,712,1015,1015,0,NA,1015,584,584,NA,NA,584,918,918,0,37,881,304,304,NA,104,200,1530,1530,0,NA,1530,1154,1154,NA,26,1128,1050,1050,0,16,1034,979,979,NA,NA,979,903,880,23,45,858,872,871,1,NA,872,1973,1959,14,45,1928,592,592,NA,NA,592,974,936,38,24,950,1625,1444,181,36,1589,992,856,136,45,947,676,638,38,NA,676
M14 [Patient Services],14.17,Stock out rate of essential Drugs,TOTAL,383,383,NA,NA,383,20,20,NA,NA,20,93,93,NA,NA,93,21,21,NA,NA,21,10,10,NA,NA,10,NA,NA,NA,NA,NA,17,17,NA,NA,17,13,13,NA,NA,13,3,3,NA,NA,3,NA,NA,NA,NA,NA,15,15,NA,NA,15,18,18,NA,NA,18,NA,NA,NA,NA,NA,15,15,NA,NA,15,22,22,NA,NA,22,0,0,NA,NA,0,9,9,NA,NA,9,5,5,NA,NA,5,22,22,NA,NA,22,9,9,NA,NA,9,13,13,NA,NA,13,11,11,NA,NA,11,3,3,NA,NA,3,17,17,NA,NA,17,10,10,NA,NA,10,19,19,NA,NA,19,18,18,NA,NA,18,NA,NA,NA,NA,NA
M14 [Patient Services],14.18,Blood Units Issued on replacement (Family Donors to be considered as replacement donations),TOTAL,4262,4262,NA,NA,4262,0,0,NA,NA,0,0,0,NA,NA,0,161,161,NA,NA,161,451,451,NA,NA,451,NA,NA,NA,NA,NA,319,319,NA,NA,319,219,219,NA,NA,219,155,155,NA,NA,155,NA,NA,NA,NA,NA,110,110,NA,NA,110,390,390,NA,NA,390,155,155,NA,NA,155,28,28,NA,NA,28,265,265,NA,NA,265,107,107,NA,NA,107,0,0,NA,NA,0,170,170,NA,NA,170,68,68,NA,NA,68,214,214,NA,NA,214,76,76,NA,NA,76,99,99,NA,NA,99,655,655,NA,NA,655,407,407,NA,NA,407,101,101,NA,NA,101,68,68,NA,NA,68,44,44,NA,NA,44,0,0,NA,NA,0
M14 [Patient Services],14.19,Total number of blood units issued in year,TOTAL,9334,9334,NA,NA,9334,0,0,NA,NA,0,7,7,NA,NA,7,176,176,NA,NA,176,1951,1951,NA,NA,1951,NA,NA,NA,NA,NA,398,398,NA,NA,398,229,229,NA,NA,229,285,285,NA,NA,285,NA,NA,NA,NA,NA,103,103,NA,NA,103,393,393,NA,NA,393,582,582,NA,NA,582,32,32,NA,NA,32,1673,1673,NA,NA,1673,107,107,NA,NA,107,7,7,NA,NA,7,220,220,NA,NA,220,136,136,NA,NA,136,218,218,NA,NA,218,511,511,NA,NA,511,108,108,NA,NA,108,683,683,NA,NA,683,425,425,NA,NA,425,327,327,NA,NA,327,432,432,NA,NA,432,329,329,NA,NA,329,2,2,NA,NA,2
M14 [Patient Services],14.2,Patient Satisfaction Score of the facility in percentage (from Mera Aspatal),TOTAL,0,0,NA,NA,0,NA,NA,NA,NA,NA,0,0,NA,NA,0,NA,NA,NA,NA,NA,NA,NA,NA,NA,NA,NA,NA,NA,NA,NA,0,0,NA,NA,0,NA,NA,NA,NA,NA,NA,NA,NA,NA,NA,NA,NA,NA,NA,NA,NA,NA,NA,NA,NA,NA,NA,NA,NA,NA,NA,NA,NA,NA,NA,NA,NA,NA,NA,NA,0,0,NA,NA,0,0,0,NA,NA,0,0,0,NA,NA,0,0,0,NA,NA,0,NA,NA,NA,NA,NA,0,0,NA,NA,0,NA,NA,NA,NA,NA,NA,NA,NA,NA,NA,NA,NA,NA,NA,NA,NA,NA,NA,NA,NA,NA,NA,NA,NA,NA,0,0,NA,NA,0,NA,NA,NA,NA,NA,NA,NA,NA,NA,NA
M15 [Laboratory Testing],15.1,Number of Lab Tests done,TOTAL,869744,806585,63159,42744,827000,14144,13892,252,NA,14144,29303,29242,61,NA,29303,29920,29920,NA,1683,28237,70560,54529,16031,1953,68607,18696,18696,NA,NA,18696,28333,26945,1388,NA,28333,19021,19021,NA,NA,19021,20878,20878,NA,381,20497,15004,12872,2132,3318,11686,3845,3722,123,NA,3845,51914,33383,18531,18594,33320,23882,23675,207,NA,23882,7539,7539,NA,NA,7539,61806,61770,36,242,61564,60892,57468,3424,10633,50259,46074,46074,0,0,46074,25579,25542,37,37,25542,30429,22784,7645,0,30429,17276,17276,NA,NA,17276,29398,28242,1156,209,29189,30698,30698,NA,NA,30698,44702,44681,21,34,44668,40782,40782,NA,NA,40782,29465,28658,807,442,29023,61345,57961,3384,227,61118,41764,35740,6024,4991,36773,16495,14595,1900,NA,16495
M15 [Laboratory Testing],15.2.1,Number of Hb tests conducted,TOTAL,215358,193008,22350,8397,206961,5320,4983,337,NA,5320,8979,8888,91,NA,8979,3843,3843,NA,100,3743,26611,16021,10590,20,26591,2789,2789,NA,NA,2789,4616,4280,336,NA,4616,4873,4873,NA,NA,4873,12758,12501,257,367,12391,7077,5872,1205,685,6392,853,796,57,NA,853,12808,9668,3140,3525,9283,5288,5214,74,NA,5288,5546,5546,NA,NA,5546,6753,6753,0,281,6472,22144,21958,186,1325,20819,11819,11819,0,0,11819,3509,3503,6,6,3503,8225,7024,1201,89,8136,3901,3901,NA,NA,3901,6203,5764,439,85,6118,6211,6205,6,NA,6211,13435,13344,91,5,13430,6382,6382,NA,NA,6382,4668,4219,449,28,4640,9929,8957,972,130,9799,7563,5017,2546,1751,5812,3255,2888,367,NA,3255
M15 [Laboratory Testing],15.2.2,"Out of the total number of Hb tests done, Number having Hb < 7 mg",TOTAL,3227,2621,606,383,2844,46,16,30,NA,46,114,111,3,NA,114,61,61,NA,NA,61,395,358,37,0,395,229,229,NA,NA,229,33,33,0,NA,33,118,118,NA,NA,118,86,86,0,8,78,61,46,15,12,49,57,55,2,NA,57,239,42,197,197,42,117,113,4,NA,117,57,57,NA,NA,57,48,48,0,1,47,27,27,0,13,14,77,77,0,0,77,61,61,0,0,61,95,52,43,0,95,126,126,NA,NA,126,83,41,42,1,82,27,27,NA,NA,27,159,158,1,0,159,54,54,NA,NA,54,64,52,12,0,64,96,79,17,9,87,613,424,189,142,471,84,70,14,NA,84
M15 [Laboratory Testing],15.3.1.a,Male HIV - Number Tested,TOTAL,5530,5089,441,469,5061,107,107,0,NA,107,71,71,NA,NA,71,193,193,NA,NA,193,186,167,19,0,186,43,43,NA,NA,43,89,89,0,NA,89,179,179,NA,NA,179,63,63,NA,0,63,835,835,0,0,835,60,46,14,NA,60,385,74,311,311,74,288,288,0,NA,288,85,85,NA,NA,85,373,373,0,0,373,236,217,19,109,127,315,315,0,0,315,188,188,0,0,188,173,172,1,0,173,188,188,NA,NA,188,108,108,0,0,108,53,53,NA,NA,53,443,441,2,0,443,206,206,NA,NA,206,183,180,3,0,183,329,321,8,NA,329,138,79,59,49,89,13,8,5,NA,13
M15 [Laboratory Testing],15.3.1.b,Male HIV - Number Positive,TOTAL,60,59,1,0,60,0,0,0,NA,0,0,0,NA,NA,0,4,4,NA,NA,4,12,12,0,0,12,0,0,NA,NA,0,0,0,0,NA,0,1,1,NA,NA,1,0,0,NA,0,0,8,8,0,0,8,0,0,0,NA,0,1,1,0,0,1,0,0,0,NA,0,0,0,NA,NA,0,1,1,0,0,1,4,4,0,0,4,12,12,0,0,12,0,0,0,0,0,5,4,1,0,5,1,1,NA,NA,1,2,2,0,0,2,0,0,NA,NA,0,5,5,0,0,5,0,0,NA,NA,0,3,3,0,0,3,1,1,0,NA,1,0,0,0,0,0,0,0,0,NA,0
M15 [Laboratory Testing],15.3.2.a,Female Non ANC HIV - Number Tested,TOTAL,5508,4786,722,506,5002,92,92,0,NA,92,104,104,NA,NA,104,259,259,NA,NA,259,88,81,7,0,88,43,43,NA,NA,43,174,174,0,NA,174,145,145,NA,NA,145,235,235,NA,0,235,551,551,0,0,551,49,41,8,NA,49,587,195,392,392,195,190,190,0,NA,190,49,49,NA,NA,49,264,264,0,0,264,142,118,24,55,87,134,134,0,0,134,112,112,0,0,112,316,118,198,0,316,172,172,NA,NA,172,453,453,0,0,453,124,124,NA,NA,124,492,492,0,0,492,173,173,NA,NA,173,109,107,2,0,109,314,309,5,NA,314,113,41,72,59,54,24,10,14,NA,24
M15 [Laboratory Testing],15.3.2.b,Female Non ANC HIV - Number Positive,TOTAL,22,20,2,2,20,0,0,0,NA,0,0,0,NA,NA,0,0,0,NA,NA,0,2,2,0,0,2,1,1,NA,NA,1,2,2,0,NA,2,1,1,NA,NA,1,0,0,NA,0,0,2,2,0,0,2,0,0,0,NA,0,0,0,0,0,0,0,0,0,NA,0,0,0,NA,NA,0,0,0,0,0,0,2,2,0,0,2,0,0,0,0,0,0,0,0,0,0,2,2,0,0,2,3,3,NA,NA,3,0,0,0,0,0,0,0,NA,NA,0,5,5,0,0,5,0,0,NA,NA,0,0,0,0,0,0,0,0,0,NA,0,2,0,2,2,0,0,0,0,NA,0
M15 [Laboratory Testing],15.3.3.a,Number of pregnant women screened for HIV,TOTAL,37004,35443,1561,1144,35860,1097,1075,22,NA,1097,1099,1099,NA,NA,1099,1070,1070,NA,36,1034,2474,1996,478,4,2470,313,313,NA,NA,313,1229,1202,27,NA,1229,965,965,NA,NA,965,2385,2325,60,208,2177,1832,1817,15,55,1777,185,185,0,NA,185,2067,1853,214,313,1754,999,999,0,NA,999,659,659,NA,NA,659,1360,1324,36,36,1324,452,411,41,284,168,1781,1781,0,0,1781,1008,1008,0,0,1008,1622,1261,361,0,1622,1078,1078,NA,NA,1078,1614,1568,46,45,1569,1498,1498,NA,NA,1498,4339,4337,2,0,4339,1008,1008,NA,NA,1008,1084,1048,36,48,1036,2118,2067,51,NA,2118,1107,950,157,115,992,561,546,15,NA,561
M15 [Laboratory Testing],15.3.3.b,"Out of the above, number screened positive",TOTAL,15,15,0,0,15,1,1,0,NA,1,0,0,NA,NA,0,0,0,NA,NA,0,3,3,0,0,3,0,0,NA,NA,0,1,1,0,NA,1,0,0,NA,NA,0,1,1,0,0,1,1,1,0,0,1,0,0,0,NA,0,0,0,0,0,0,0,0,0,NA,0,0,0,NA,NA,0,1,1,0,0,1,0,0,0,0,0,1,1,0,0,1,0,0,0,0,0,4,4,0,0,4,1,1,NA,NA,1,0,0,0,0,0,0,0,NA,NA,0,0,0,0,0,0,0,0,NA,NA,0,0,0,0,0,0,0,0,0,NA,0,0,0,0,0,0,1,1,0,NA,1
M15 [Laboratory Testing],15.3.3.c,"Out of the above number screened positive, number confirmed with HIV infection at Integrated Counselling and Testing Centre (ICTC)",TOTAL,8,8,0,0,8,1,1,0,NA,1,0,0,NA,NA,0,0,0,NA,NA,0,2,2,0,0,2,0,0,NA,NA,0,1,1,0,NA,1,0,0,NA,NA,0,0,0,NA,0,0,0,0,0,0,0,0,0,0,NA,0,0,0,0,0,0,0,0,0,NA,0,0,0,NA,NA,0,1,1,0,0,1,0,0,0,0,0,0,0,0,0,0,0,0,0,0,0,2,2,0,0,2,0,0,NA,NA,0,0,0,0,0,0,0,0,NA,NA,0,0,0,0,0,0,0,0,NA,NA,0,0,0,0,0,0,0,0,0,NA,0,0,0,0,0,0,1,1,0,NA,1
M15 [Laboratory Testing],15.3.4.a,Number of Male STI/RTI attendees tested for syphilis,TOTAL,1400,1297,103,93,1307,88,88,0,NA,88,28,28,NA,NA,28,3,3,NA,NA,3,204,202,2,0,204,12,12,NA,NA,12,11,11,0,NA,11,57,57,NA,NA,57,0,0,NA,0,0,0,0,0,0,0,63,63,0,NA,63,11,3,8,8,3,0,0,0,NA,0,0,0,NA,NA,0,60,60,0,0,60,44,8,36,44,0,66,66,0,0,66,1,1,0,0,1,256,249,7,0,256,1,1,NA,NA,1,36,36,0,0,36,6,6,NA,NA,6,255,255,0,0,255,79,79,NA,NA,79,16,16,0,0,16,0,0,0,NA,0,93,45,48,41,52,10,8,2,NA,10
M15 [Laboratory Testing],15.3.4.b,Number of Male STI/RTI attendees found sero Positive for syphilis,TOTAL,11,8,3,3,8,0,0,0,NA,0,0,0,NA,NA,0,0,0,NA,NA,0,0,0,0,0,0,0,0,NA,NA,0,1,1,0,NA,1,0,0,NA,NA,0,0,0,NA,0,0,0,0,0,0,0,0,0,0,NA,0,1,1,0,0,1,0,0,0,NA,0,0,0,NA,NA,0,0,0,0,0,0,0,0,0,0,0,1,1,0,0,1,0,0,0,0,0,0,0,0,0,0,0,0,NA,NA,0,0,0,0,0,0,1,1,NA,NA,1,0,0,0,0,0,0,0,NA,NA,0,4,4,0,0,4,0,0,0,NA,0,3,0,3,3,0,0,0,0,NA,0
M15 [Laboratory Testing],15.3.4.c,Number of Female (Non ANC)STI/RTI attendees tested for syphilis,TOTAL,1929,1685,244,232,1697,0,0,0,NA,0,30,25,5,NA,30,9,9,NA,NA,9,132,131,1,0,132,0,0,NA,NA,0,94,94,0,NA,94,158,158,NA,NA,158,0,0,NA,0,0,0,0,0,0,0,38,38,0,NA,38,208,138,70,70,138,0,0,0,NA,0,0,0,NA,NA,0,280,280,0,0,280,44,1,43,44,0,10,10,0,0,10,0,0,0,0,0,0,0,0,0,0,0,0,NA,NA,0,225,225,0,0,225,230,230,NA,NA,230,116,116,0,0,116,120,120,NA,NA,120,17,17,0,0,17,0,0,0,NA,0,201,83,118,118,83,17,10,7,NA,17
M15 [Laboratory Testing],15.3.4.d,Number of Female (Non ANC) STI/RTI attendees found sero Positive for syphilis,TOTAL,12,11,1,1,11,0,0,0,NA,0,0,0,NA,NA,0,0,0,NA,NA,0,3,3,0,0,3,0,0,NA,NA,0,0,0,0,NA,0,7,7,NA,NA,7,0,0,NA,0,0,0,0,0,0,0,0,0,0,NA,0,1,0,1,1,0,0,0,0,NA,0,0,0,NA,NA,0,0,0,0,0,0,0,0,0,0,0,0,0,0,0,0,0,0,0,0,0,0,0,0,0,0,0,0,NA,NA,0,0,0,0,0,0,1,1,NA,NA,1,0,0,0,0,0,0,0,NA,NA,0,0,0,0,0,0,0,0,0,NA,0,0,0,0,0,0,0,0,0,NA,0
M15 [Laboratory Testing],15.4.1,Widal tests - Number Tested,TOTAL,13577,11738,1839,1244,12333,204,204,0,NA,204,567,552,15,NA,567,664,664,NA,7,657,861,760,101,0,861,843,843,NA,NA,843,431,360,71,NA,431,476,476,NA,NA,476,471,471,NA,0,471,96,96,0,0,96,60,51,9,NA,60,1185,743,442,451,734,192,166,26,NA,192,452,452,NA,NA,452,318,318,0,0,318,1032,776,256,363,669,539,539,0,0,539,162,162,0,0,162,539,388,151,43,496,206,206,NA,NA,206,747,588,159,0,747,366,366,NA,NA,366,253,251,2,4,249,936,936,NA,NA,936,349,331,18,0,349,564,514,50,NA,564,408,0,408,376,32,656,525,131,NA,656
M15 [Laboratory Testing],15.4.2,Widal tests - Number Positive,TOTAL,2021,1630,391,301,1720,20,20,0,NA,20,67,63,4,NA,67,101,101,NA,NA,101,159,136,23,0,159,80,80,NA,NA,80,19,9,10,NA,19,47,47,NA,NA,47,94,94,NA,0,94,1,1,0,0,1,0,0,0,NA,0,336,222,114,115,221,9,0,9,NA,9,98,98,NA,NA,98,15,15,0,0,15,73,25,48,64,9,109,109,0,0,109,47,47,0,0,47,58,44,14,0,58,4,4,NA,NA,4,84,66,18,0,84,17,17,NA,NA,17,24,24,0,0,24,227,227,NA,NA,227,36,36,0,0,36,53,40,13,NA,53,127,0,127,122,5,116,105,11,NA,116
M15 [Laboratory Testing],15.5.1,Radiology - X-ray,TOTAL,68760,60459,8301,5287,63473,917,917,NA,NA,917,2269,2269,NA,NA,2269,905,905,NA,NA,905,8389,7620,769,0,8389,48,48,NA,NA,48,3439,3012,427,NA,3439,1099,1099,NA,NA,1099,961,961,NA,NA,961,1055,394,661,661,394,831,831,NA,NA,831,4620,1554,3066,3066,1554,3731,3731,NA,NA,3731,3001,3001,NA,NA,3001,5194,5194,0,0,5194,3721,3721,NA,230,3491,2552,2552,0,0,2552,953,953,NA,NA,953,2746,1292,1454,0,2746,1002,1002,NA,NA,1002,1631,1631,0,0,1631,186,186,NA,NA,186,4213,4213,0,0,4213,3496,3496,NA,NA,3496,2259,2259,0,NA,2259,3781,3379,402,NA,3781,3088,1758,1330,1330,1758,2673,2481,192,NA,2673
M15 [Laboratory Testing],15.5.2,Radiology - Ultrasonography (USG),TOTAL,16121,16121,NA,NA,16121,375,375,NA,NA,375,602,602,NA,NA,602,0,0,NA,NA,0,3013,3013,NA,NA,3013,313,313,NA,NA,313,95,95,NA,NA,95,547,547,NA,NA,547,622,622,NA,NA,622,NA,NA,NA,NA,NA,172,172,NA,NA,172,0,0,NA,NA,0,382,382,NA,NA,382,146,146,NA,NA,146,1560,1560,NA,NA,1560,2557,2557,NA,NA,2557,391,391,NA,NA,391,452,452,NA,NA,452,284,284,NA,NA,284,403,403,NA,NA,403,554,554,NA,NA,554,315,315,NA,NA,315,505,505,NA,NA,505,234,234,NA,NA,234,815,815,NA,NA,815,1581,1581,NA,NA,1581,54,54,NA,NA,54,149,149,NA,NA,149
M16 [Details of deaths reported with probable causes:],16.1,Infant deaths within 24 hrs(1 to 23 Hrs) of birth,TOTAL,160,157,3,3,157,0,0,0,NA,0,8,8,NA,NA,8,2,1,1,1,1,1,1,0,0,1,0,0,NA,NA,0,0,0,0,NA,0,8,8,NA,NA,8,9,9,0,0,9,20,20,0,0,20,0,0,0,NA,0,2,2,0,0,2,9,9,0,NA,9,7,7,NA,NA,7,17,16,1,1,16,18,18,NA,1,17,3,3,0,0,3,7,7,0,0,7,8,8,0,0,8,7,7,NA,NA,7,1,1,0,0,1,1,1,NA,NA,1,2,2,0,0,2,5,5,0,NA,5,8,8,0,0,8,11,10,1,NA,11,2,2,0,0,2,4,4,0,NA,4
M16 [Details of deaths reported with probable causes:],16.2.1,Infant Deaths up to 4 weeks due to Sepsis,TOTAL,82,79,3,2,80,0,0,0,NA,0,3,3,NA,NA,3,1,1,NA,NA,1,11,11,0,0,11,0,0,NA,NA,0,3,3,0,NA,3,2,2,NA,NA,2,5,5,0,0,5,4,4,0,0,4,0,0,0,NA,0,1,1,0,0,1,6,6,0,NA,6,0,0,NA,NA,0,20,18,2,2,18,16,16,NA,0,16,1,1,0,0,1,0,0,0,0,0,0,0,0,0,0,1,1,NA,NA,1,2,2,0,0,2,0,0,NA,NA,0,1,1,0,0,1,0,0,0,NA,0,1,1,0,0,1,3,2,1,NA,3,1,1,0,0,1,0,0,0,NA,0
M16 [Details of deaths reported with probable causes:],16.2.2,Infant Deaths up to 4 weeks due to Asphyxia,TOTAL,176,175,1,0,176,0,0,0,NA,0,2,2,NA,NA,2,0,0,NA,NA,0,22,22,0,0,22,0,0,NA,NA,0,8,8,0,NA,8,7,7,NA,NA,7,10,10,0,0,10,7,7,0,0,7,1,1,0,NA,1,16,16,0,0,16,1,1,0,NA,1,0,0,NA,NA,0,15,15,0,0,15,53,53,NA,0,53,0,0,0,0,0,0,0,0,0,0,4,3,1,0,4,3,3,NA,NA,3,12,12,0,0,12,1,1,NA,NA,1,2,2,0,0,2,1,1,0,NA,1,5,5,0,0,5,5,5,0,NA,5,1,1,0,0,1,0,0,0,NA,0
M16 [Details of deaths reported with probable causes:],16.2.3,Infant Deaths up to 4 weeks due to Other causes,TOTAL,365,346,19,9,356,9,9,0,NA,9,6,6,NA,NA,6,15,6,9,9,6,57,57,0,0,57,6,6,NA,NA,6,8,8,0,NA,8,11,11,NA,NA,11,31,31,0,0,31,21,21,0,0,21,0,0,0,NA,0,21,21,0,0,21,12,11,1,NA,12,5,5,NA,NA,5,14,14,0,0,14,28,28,NA,0,28,6,6,0,0,6,4,4,0,0,4,9,9,0,0,9,14,14,NA,NA,14,7,7,0,0,7,6,6,NA,NA,6,14,12,2,0,14,11,10,1,NA,11,5,5,0,0,5,20,15,5,NA,20,18,17,1,0,18,7,7,0,NA,7
M16 [Details of deaths reported with probable causes:],16.3.1,Number of Infant Deaths (1 -12 months) due to Pneumonia,TOTAL,62,62,0,0,62,3,3,0,NA,3,0,0,NA,NA,0,3,3,NA,NA,3,2,2,0,0,2,1,1,NA,NA,1,1,1,0,NA,1,1,1,NA,NA,1,2,2,0,0,2,0,0,0,0,0,1,1,0,NA,1,5,5,0,0,5,2,2,0,NA,2,4,4,NA,NA,4,0,0,0,0,0,5,5,NA,0,5,4,4,0,0,4,1,1,0,0,1,5,5,0,0,5,0,0,NA,NA,0,5,5,0,0,5,0,0,NA,NA,0,8,8,0,0,8,1,1,0,NA,1,0,0,0,0,0,4,4,0,NA,4,2,2,0,0,2,2,2,0,NA,2
M16 [Details of deaths reported with probable causes:],16.3.2,Number of Infant Deaths (1 -12 months) due to Diarrhoea,TOTAL,0,0,0,0,0,0,0,0,NA,0,0,0,NA,NA,0,0,0,NA,NA,0,0,0,0,0,0,0,0,NA,NA,0,0,0,0,NA,0,0,0,NA,NA,0,0,0,0,0,0,0,0,0,0,0,0,0,0,NA,0,0,0,0,0,0,0,0,0,NA,0,0,0,NA,NA,0,0,0,0,0,0,0,0,NA,0,0,0,0,0,0,0,0,0,0,0,0,0,0,0,0,0,0,0,NA,NA,0,0,0,0,0,0,0,0,NA,NA,0,0,0,0,0,0,0,0,0,NA,0,0,0,0,0,0,0,0,0,NA,0,0,0,0,0,0,0,0,0,NA,0
M16 [Details of deaths reported with probable causes:],16.3.3,Number of Infant Deaths (1 -12 months) due to Fever related,TOTAL,32,32,0,0,32,0,0,0,NA,0,1,1,NA,NA,1,1,1,NA,NA,1,4,4,0,0,4,0,0,NA,NA,0,0,0,0,NA,0,1,1,NA,NA,1,2,2,0,0,2,0,0,0,0,0,0,0,0,NA,0,3,3,0,0,3,1,1,0,NA,1,1,1,NA,NA,1,1,1,0,0,1,0,0,NA,0,0,1,1,0,0,1,1,1,0,0,1,2,2,0,0,2,4,4,NA,NA,4,1,1,0,0,1,2,2,NA,NA,2,0,0,0,0,0,1,1,0,NA,1,1,1,0,0,1,0,0,0,NA,0,0,0,0,0,0,4,4,0,NA,4
M16 [Details of deaths reported with probable causes:],16.3.4,Number of Infant Deaths (1 -12 months) due to Measles,TOTAL,2,2,0,0,2,0,0,0,NA,0,0,0,NA,NA,0,0,0,NA,NA,0,0,0,0,0,0,0,0,NA,NA,0,0,0,0,NA,0,0,0,NA,NA,0,1,1,0,0,1,0,0,0,0,0,0,0,0,NA,0,0,0,0,0,0,0,0,0,NA,0,0,0,NA,NA,0,0,0,0,0,0,0,0,NA,0,0,0,0,0,0,0,0,0,0,0,0,1,1,0,0,1,0,0,NA,NA,0,0,0,0,0,0,0,0,NA,NA,0,0,0,0,0,0,0,0,0,NA,0,0,0,0,0,0,0,0,0,NA,0,0,0,0,0,0,0,0,0,NA,0
M16 [Details of deaths reported with probable causes:],16.3.5,Number of Infant Deaths (1 -12 months) due to Others,TOTAL,243,237,6,1,242,15,15,0,NA,15,9,9,NA,NA,9,5,5,NA,NA,5,25,25,0,0,25,7,7,NA,NA,7,4,4,0,NA,4,13,13,NA,NA,13,11,11,0,0,11,7,7,0,0,7,0,0,0,NA,0,15,15,0,0,15,8,8,0,NA,8,11,11,NA,NA,11,8,8,0,0,8,16,16,NA,0,16,8,8,0,0,8,7,7,0,0,7,11,9,2,1,10,15,15,NA,NA,15,3,3,0,0,3,4,4,NA,NA,4,14,13,1,0,14,2,1,1,NA,2,1,1,0,0,1,8,8,0,NA,8,7,5,2,0,7,9,9,0,NA,9
M16 [Details of deaths reported with probable causes:],16.4.1,Number of Child Deaths (1 -5 years) due to Pneumonia,TOTAL,3,3,0,0,3,0,0,0,NA,0,1,1,NA,NA,1,0,0,NA,NA,0,0,0,0,0,0,1,1,NA,NA,1,1,1,0,NA,1,0,0,NA,NA,0,0,0,0,0,0,0,0,0,0,0,0,0,0,NA,0,0,0,0,0,0,0,0,0,NA,0,0,0,NA,NA,0,0,0,0,0,0,0,0,NA,0,0,0,0,0,0,0,0,0,0,0,0,0,0,0,0,0,0,0,NA,NA,0,0,0,0,0,0,0,0,NA,NA,0,0,0,0,0,0,0,0,0,NA,0,0,0,0,0,0,0,0,0,NA,0,0,0,0,0,0,0,0,0,NA,0
M16 [Details of deaths reported with probable causes:],16.4.2,Number of Child Deaths (1 -5 years) due to Diarrhoea,TOTAL,0,0,0,0,0,0,0,0,NA,0,0,0,NA,NA,0,0,0,NA,NA,0,0,0,0,0,0,0,0,NA,NA,0,0,0,0,NA,0,0,0,NA,NA,0,0,0,0,0,0,0,0,0,0,0,0,0,0,NA,0,0,0,0,0,0,0,0,0,NA,0,0,0,NA,NA,0,0,0,0,0,0,0,0,NA,0,0,0,0,0,0,0,0,0,0,0,0,0,0,0,0,0,0,0,NA,NA,0,0,0,0,0,0,0,0,NA,NA,0,0,0,0,0,0,0,0,0,NA,0,0,0,0,0,0,0,0,0,NA,0,0,0,0,0,0,0,0,0,NA,0
M16 [Details of deaths reported with probable causes:],16.4.3,Number of Child Deaths (1 -5 years) due to Fever related,TOTAL,7,7,0,0,7,0,0,0,NA,0,0,0,NA,NA,0,0,0,NA,NA,0,1,1,0,0,1,1,1,NA,NA,1,0,0,0,NA,0,0,0,NA,NA,0,0,0,0,0,0,0,0,0,0,0,0,0,0,NA,0,0,0,0,0,0,0,0,0,NA,0,0,0,NA,NA,0,0,0,0,0,0,0,0,NA,0,0,0,0,0,0,0,0,0,0,0,0,0,0,0,0,0,1,1,NA,NA,1,1,1,0,0,1,0,0,NA,NA,0,0,0,0,0,0,0,0,0,NA,0,0,0,0,0,0,0,0,0,NA,0,0,0,0,0,0,3,3,0,NA,3
M16 [Details of deaths reported with probable causes:],16.4.4,Number of Child Deaths (1 -5 years) due to Measles,TOTAL,1,1,0,0,1,0,0,0,NA,0,0,0,NA,NA,0,0,0,NA,NA,0,0,0,0,0,0,0,0,NA,NA,0,0,0,0,NA,0,0,0,NA,NA,0,0,0,0,0,0,0,0,0,0,0,0,0,0,NA,0,0,0,0,0,0,0,0,0,NA,0,0,0,NA,NA,0,0,0,0,0,0,0,0,NA,0,0,0,0,0,0,0,0,0,0,0,0,1,1,0,0,1,0,0,NA,NA,0,0,0,0,0,0,0,0,NA,NA,0,0,0,0,0,0,0,0,0,NA,0,0,0,0,0,0,0,0,0,NA,0,0,0,0,0,0,0,0,0,NA,0
M16 [Details of deaths reported with probable causes:],16.4.5,Number of Child Deaths (1 -5 years) due to Others,TOTAL,85,84,1,0,85,4,4,0,NA,4,4,4,NA,NA,4,5,5,NA,NA,5,5,5,0,0,5,1,1,NA,NA,1,1,1,0,NA,1,1,1,NA,NA,1,5,5,0,0,5,1,1,0,0,1,0,0,0,NA,0,1,1,0,0,1,4,4,0,NA,4,2,2,NA,NA,2,6,6,0,0,6,9,9,NA,0,9,3,3,0,0,3,3,3,0,0,3,5,5,0,0,5,0,0,NA,NA,0,2,2,0,0,2,2,2,NA,NA,2,9,9,0,0,9,3,3,0,NA,3,0,0,0,0,0,2,2,0,NA,2,5,4,1,0,5,2,2,0,NA,2
M16 [Details of deaths reported with probable causes:],16.5.1,Number of Maternal Deaths due to Bleeding,TOTAL,15,14,1,1,14,0,0,0,NA,0,0,0,NA,NA,0,0,0,NA,NA,0,0,0,0,0,0,0,0,NA,NA,0,0,0,0,NA,0,0,0,NA,NA,0,1,1,0,0,1,1,1,0,0,1,1,1,0,NA,1,1,0,1,1,0,0,0,0,NA,0,1,1,NA,NA,1,0,0,0,0,0,2,2,NA,0,2,0,0,0,0,0,2,2,0,0,2,1,1,0,0,1,1,1,NA,NA,1,0,0,0,0,0,0,0,NA,NA,0,2,2,0,0,2,0,0,0,NA,0,1,1,0,0,1,1,1,0,NA,1,0,0,0,0,0,0,0,0,NA,0
M16 [Details of deaths reported with probable causes:],16.5.2,Number of Maternal Deaths due to High fever,TOTAL,0,0,0,0,0,0,0,0,NA,0,0,0,NA,NA,0,0,0,NA,NA,0,0,0,0,0,0,0,0,NA,NA,0,0,0,0,NA,0,0,0,NA,NA,0,0,0,0,0,0,0,0,0,0,0,0,0,0,NA,0,0,0,0,0,0,0,0,0,NA,0,0,0,NA,NA,0,0,0,0,0,0,0,0,NA,0,0,0,0,0,0,0,0,0,0,0,0,0,0,0,0,0,0,0,NA,NA,0,0,0,0,0,0,0,0,NA,NA,0,0,0,0,0,0,0,0,0,NA,0,0,0,0,0,0,0,0,0,NA,0,0,0,0,0,0,0,0,0,NA,0
M16 [Details of deaths reported with probable causes:],16.5.3,Number of Maternal Deaths due to Abortion,TOTAL,0,0,0,0,0,0,0,0,NA,0,0,0,NA,NA,0,0,0,NA,NA,0,0,0,0,0,0,0,0,NA,NA,0,0,0,0,NA,0,0,0,NA,NA,0,0,0,0,0,0,0,0,0,0,0,0,0,0,NA,0,0,0,0,0,0,0,0,0,NA,0,0,0,NA,NA,0,0,0,0,0,0,0,0,NA,0,0,0,0,0,0,0,0,0,0,0,0,0,0,0,0,0,0,0,NA,NA,0,0,0,0,0,0,0,0,NA,NA,0,0,0,0,0,0,0,0,0,NA,0,0,0,0,0,0,0,0,0,NA,0,0,0,0,0,0,0,0,0,NA,0
M16 [Details of deaths reported with probable causes:],16.5.4,Number of Maternal Deaths due to Obstructed/prolonged labour,TOTAL,3,3,0,0,3,0,0,0,NA,0,0,0,NA,NA,0,0,0,NA,NA,0,0,0,0,0,0,0,0,NA,NA,0,0,0,0,NA,0,0,0,NA,NA,0,0,0,0,0,0,1,1,0,0,1,0,0,0,NA,0,0,0,0,0,0,0,0,0,NA,0,0,0,NA,NA,0,0,0,0,0,0,0,0,NA,0,0,0,0,0,0,0,0,0,0,0,0,0,0,0,0,0,0,0,NA,NA,0,0,0,0,0,0,1,1,NA,NA,1,0,0,0,0,0,0,0,0,NA,0,0,0,0,0,0,1,1,0,NA,1,0,0,0,0,0,0,0,0,NA,0
M16 [Details of deaths reported with probable causes:],16.5.5,Number of Maternal Deaths due to Severe hypertesnion/fits,TOTAL,9,8,1,1,8,0,0,0,NA,0,0,0,NA,NA,0,0,0,NA,NA,0,0,0,0,0,0,0,0,NA,NA,0,1,1,0,NA,1,0,0,NA,NA,0,0,0,0,0,0,2,2,0,0,2,0,0,0,NA,0,1,0,1,1,0,0,0,0,NA,0,0,0,NA,NA,0,0,0,0,0,0,5,5,NA,0,5,0,0,0,0,0,0,0,0,0,0,0,0,0,0,0,0,0,NA,NA,0,0,0,0,0,0,0,0,NA,NA,0,0,0,0,0,0,0,0,0,NA,0,0,0,0,0,0,0,0,0,NA,0,0,0,0,0,0,0,0,0,NA,0
M16 [Details of deaths reported with probable causes:],16.5.6,Number of Maternal Deaths due to Other Causes (including causes not known),TOTAL,86,86,0,0,86,1,1,0,NA,1,9,9,NA,NA,9,0,0,NA,NA,0,24,24,0,0,24,0,0,NA,NA,0,0,0,0,NA,0,2,2,NA,NA,2,4,4,0,0,4,3,3,0,0,3,0,0,0,NA,0,2,2,0,0,2,3,3,0,NA,3,2,2,NA,NA,2,0,0,0,0,0,10,10,NA,0,10,1,1,0,0,1,2,2,0,0,2,4,4,0,0,4,3,3,NA,NA,3,2,2,0,0,2,0,0,NA,NA,0,5,5,0,0,5,1,1,0,NA,1,0,0,0,0,0,5,5,0,NA,5,1,1,0,0,1,2,2,0,NA,2
M16 [Details of deaths reported with probable causes:],16.6,Total Facility Based Maternal Death Reviews (FBMDR) done,TOTAL,41,41,0,0,41,0,0,NA,NA,0,0,0,NA,NA,0,0,0,NA,NA,0,11,11,0,0,11,0,0,NA,NA,0,1,1,0,NA,1,1,1,NA,NA,1,0,0,NA,NA,0,0,0,0,NA,0,0,0,NA,NA,0,1,1,0,0,1,0,0,NA,NA,0,1,1,NA,NA,1,0,0,0,0,0,17,17,NA,0,17,0,0,0,0,0,0,0,NA,NA,0,1,1,0,NA,1,0,0,NA,NA,0,1,1,0,0,1,0,0,NA,NA,0,5,5,0,0,5,0,0,0,NA,0,1,1,0,NA,1,0,0,0,NA,0,1,1,0,0,1,0,0,NA,NA,0
M16 [Details of deaths reported with probable causes:],16.7.1,Number of Adolscent / Adult deaths due to Diarrhoeal diseases,TOTAL,8,8,0,0,8,0,0,0,NA,0,2,2,NA,NA,2,0,0,NA,NA,0,0,0,0,0,0,0,0,NA,NA,0,1,1,0,NA,1,0,0,NA,NA,0,0,0,0,0,0,1,1,0,0,1,0,0,0,NA,0,0,0,0,0,0,0,0,0,NA,0,0,0,NA,NA,0,0,0,0,0,0,0,0,NA,0,0,0,0,0,0,0,0,0,0,0,0,0,0,0,0,0,0,0,NA,NA,0,1,1,0,0,1,1,1,NA,NA,1,1,1,0,0,1,1,1,0,NA,1,0,0,0,0,0,0,0,0,NA,0,0,0,0,0,0,0,0,0,NA,0
M16 [Details of deaths reported with probable causes:],16.7.2,Number of Adolscent / Adult deaths due to Tuberculosis,TOTAL,36,33,3,0,36,0,0,0,NA,0,2,2,NA,NA,2,1,1,NA,NA,1,3,3,0,0,3,0,0,NA,NA,0,2,2,0,NA,2,0,0,NA,NA,0,1,1,0,0,1,0,0,0,0,0,0,0,0,NA,0,1,1,0,0,1,4,4,0,NA,4,0,0,NA,NA,0,0,0,0,0,0,0,0,NA,0,0,2,2,0,0,2,0,0,0,0,0,2,2,0,0,2,3,3,NA,NA,3,0,0,0,0,0,0,0,NA,NA,0,3,3,0,0,3,2,2,0,NA,2,3,3,0,0,3,2,1,1,NA,2,3,1,2,0,3,2,2,0,NA,2
M16 [Details of deaths reported with probable causes:],16.7.3,Number of Adolscent / Adult deaths due to Respiratory diseases including infections (other than TB),TOTAL,113,97,16,0,113,0,0,0,NA,0,3,3,NA,NA,3,3,3,NA,NA,3,4,4,0,0,4,1,1,NA,NA,1,7,7,0,NA,7,0,0,NA,NA,0,7,7,0,0,7,2,1,1,0,2,1,1,0,NA,1,4,4,0,0,4,7,7,0,NA,7,5,5,NA,NA,5,0,0,0,0,0,0,0,NA,0,0,2,2,0,0,2,0,0,0,0,0,1,1,0,0,1,0,0,NA,NA,0,16,16,0,0,16,7,7,NA,NA,7,11,11,0,0,11,7,7,0,NA,7,1,1,0,0,1,3,3,0,NA,3,12,1,11,0,12,9,5,4,NA,9
M16 [Details of deaths reported with probable causes:],16.7.4,Number of Adolscent / Adult deaths due to Other Fever Related,TOTAL,133,127,6,5,128,5,5,0,NA,5,2,2,NA,NA,2,4,4,NA,NA,4,22,22,0,0,22,2,2,NA,NA,2,5,5,0,NA,5,1,1,NA,NA,1,11,11,0,0,11,0,0,0,0,0,8,8,0,NA,8,7,6,1,1,6,3,3,0,NA,3,5,5,NA,NA,5,1,0,1,1,0,1,1,NA,0,1,0,0,0,0,0,5,5,0,0,5,4,4,0,0,4,11,11,NA,NA,11,3,3,0,0,3,1,1,NA,NA,1,6,6,0,0,6,4,3,1,NA,4,9,9,0,0,9,3,3,0,NA,3,3,0,3,3,0,7,7,0,NA,7
M16 [Details of deaths reported with probable causes:],16.7.5,Number of Adolscent / Adult deaths due to HIV/AIDS,TOTAL,4,4,0,0,4,0,0,0,NA,0,0,0,NA,NA,0,0,0,NA,NA,0,0,0,0,0,0,0,0,NA,NA,0,0,0,0,NA,0,0,0,NA,NA,0,2,2,0,0,2,0,0,0,0,0,0,0,0,NA,0,0,0,0,0,0,0,0,0,NA,0,0,0,NA,NA,0,0,0,0,0,0,0,0,NA,0,0,0,0,0,0,0,0,0,0,0,0,0,0,0,0,0,1,1,NA,NA,1,0,0,0,0,0,0,0,NA,NA,0,0,0,0,0,0,1,1,0,NA,1,0,0,0,0,0,0,0,0,NA,0,0,0,0,0,0,0,0,0,NA,0
M16 [Details of deaths reported with probable causes:],16.7.6,Number of Adolscent / Adult deaths due to Heart disease/Hypertension related,TOTAL,365,338,27,3,362,11,11,0,NA,11,16,16,NA,NA,16,8,8,NA,1,7,15,14,1,0,15,1,1,NA,NA,1,17,17,0,NA,17,7,7,NA,NA,7,10,10,0,0,10,6,4,2,0,6,1,0,1,NA,1,8,8,0,0,8,24,24,0,NA,24,12,12,NA,NA,12,6,4,2,2,4,9,9,NA,0,9,14,14,0,0,14,8,8,0,0,8,4,4,0,0,4,18,18,NA,NA,18,15,15,0,0,15,9,9,NA,NA,9,41,40,1,0,41,18,15,3,NA,18,17,17,0,0,17,27,24,3,NA,27,23,9,14,0,23,20,20,0,NA,20
M16 [Details of deaths reported with probable causes:],16.7.7,Number of Adolscent / Adult deaths due to Cancer,TOTAL,214,208,6,2,212,4,4,0,NA,4,12,11,1,NA,12,10,10,NA,2,8,6,5,1,0,6,4,4,NA,NA,4,9,9,0,NA,9,2,2,NA,NA,2,7,7,0,0,7,7,6,1,0,7,1,1,0,NA,1,3,3,0,0,3,19,19,0,NA,19,0,0,NA,NA,0,4,4,0,0,4,0,0,NA,0,0,19,19,0,0,19,5,5,0,0,5,3,3,0,0,3,2,2,NA,NA,2,7,7,0,0,7,13,13,NA,NA,13,16,16,0,0,16,29,29,0,NA,29,8,8,0,0,8,18,17,1,NA,18,1,0,1,0,1,5,4,1,NA,5
M16 [Details of deaths reported with probable causes:],16.7.8,Number of Adolscent / Adult deaths due to Neurological disease including strokes,TOTAL,145,131,14,0,145,2,2,0,NA,2,2,2,NA,NA,2,2,2,NA,NA,2,40,40,0,0,40,1,1,NA,NA,1,6,6,0,NA,6,3,3,NA,NA,3,8,8,0,0,8,1,1,0,0,1,5,5,0,NA,5,4,4,0,0,4,5,5,0,NA,5,0,0,NA,NA,0,1,1,0,0,1,1,1,NA,0,1,2,2,0,0,2,2,2,0,0,2,3,3,0,0,3,3,3,NA,NA,3,4,4,0,0,4,0,0,NA,NA,0,11,10,1,0,11,6,6,0,NA,6,6,6,0,0,6,8,7,1,NA,8,12,1,11,0,12,7,6,1,NA,7
M16 [Details of deaths reported with probable causes:],16.7.9,Number of Adolscent / Adult deaths due to Accidents/Burn cases,TOTAL,155,149,6,0,155,2,2,0,NA,2,8,8,NA,NA,8,6,6,NA,NA,6,1,1,0,0,1,2,2,NA,NA,2,4,4,0,NA,4,1,1,NA,NA,1,5,5,0,0,5,4,3,1,0,4,0,0,0,NA,0,5,5,0,0,5,17,17,0,NA,17,1,1,NA,NA,1,4,4,0,0,4,4,4,NA,0,4,17,17,0,0,17,3,3,0,0,3,0,0,0,0,0,5,5,NA,NA,5,7,7,0,0,7,5,5,NA,NA,5,11,10,1,0,11,12,12,0,NA,12,8,7,1,0,8,11,10,1,NA,11,6,4,2,0,6,6,6,0,NA,6
M16 [Details of deaths reported with probable causes:],16.7.10,Number of Adolscent / Adult deaths due to Suicide,TOTAL,71,68,3,0,71,5,5,0,NA,5,5,5,NA,NA,5,2,2,NA,NA,2,4,4,0,0,4,2,2,NA,NA,2,3,3,0,NA,3,0,0,NA,NA,0,1,1,0,0,1,3,3,0,0,3,0,0,0,NA,0,5,5,0,0,5,5,5,0,NA,5,0,0,NA,NA,0,2,2,0,0,2,0,0,NA,0,0,6,6,0,0,6,2,2,0,0,2,1,1,0,0,1,4,4,NA,NA,4,1,1,0,0,1,2,2,NA,NA,2,4,3,1,0,4,2,2,0,NA,2,3,3,0,0,3,3,3,0,NA,3,2,0,2,0,2,4,4,0,NA,4
M16 [Details of deaths reported with probable causes:],16.7.11,Number of Adolscent / Adult deaths due to Animal bites and stings,TOTAL,13,12,1,0,13,0,0,0,NA,0,0,0,NA,NA,0,1,1,NA,NA,1,0,0,0,0,0,0,0,NA,NA,0,0,0,0,NA,0,0,0,NA,NA,0,0,0,0,0,0,1,1,0,0,1,0,0,0,NA,0,2,2,0,0,2,1,1,0,NA,1,0,0,NA,NA,0,2,2,0,0,2,0,0,NA,0,0,0,0,0,0,0,0,0,0,0,0,0,0,0,0,0,0,0,NA,NA,0,0,0,0,0,0,0,0,NA,NA,0,1,1,0,0,1,0,0,0,NA,0,0,0,0,0,0,3,3,0,NA,3,1,0,1,0,1,1,1,0,NA,1
M16 [Details of deaths reported with probable causes:],16.7.12,Number of Adolscent / Adult deaths due to Known Acute Disease,TOTAL,212,196,16,0,212,2,2,0,NA,2,4,4,NA,NA,4,4,4,NA,NA,4,8,8,0,0,8,3,3,NA,NA,3,11,11,0,NA,11,5,5,NA,NA,5,10,10,0,0,10,4,3,1,0,4,2,2,0,NA,2,10,10,0,0,10,30,30,0,NA,30,6,6,NA,NA,6,1,1,0,0,1,1,1,NA,0,1,19,19,0,0,19,5,5,0,0,5,8,3,5,0,8,15,15,NA,NA,15,1,1,0,0,1,5,5,NA,NA,5,7,7,0,0,7,10,10,0,NA,10,8,7,1,0,8,22,20,2,NA,22,8,1,7,0,8,3,3,0,NA,3
M16 [Details of deaths reported with probable causes:],16.7.13,Number of Adolscent / Adult deaths due to Known Chronic Disease,TOTAL,369,342,27,4,365,14,14,0,NA,14,13,13,NA,NA,13,22,22,NA,NA,22,7,6,1,0,7,6,6,NA,NA,6,18,18,0,NA,18,9,9,NA,NA,9,16,16,0,0,16,22,15,7,0,22,7,7,0,NA,7,9,8,1,1,8,23,23,0,NA,23,11,11,NA,NA,11,4,1,3,3,1,8,8,NA,0,8,21,21,0,0,21,6,6,0,0,6,7,5,2,0,7,16,16,NA,NA,16,3,3,0,0,3,11,11,NA,NA,11,18,18,0,0,18,10,10,0,NA,10,20,20,0,0,20,28,25,3,NA,28,22,15,7,0,22,18,15,3,NA,18
M16 [Details of deaths reported with probable causes:],16.7.14,Number of Adolscent / Adult deaths due to Causes not known,TOTAL,1445,1332,113,1,1444,32,32,0,NA,32,93,93,NA,NA,93,30,30,NA,1,29,55,51,4,0,55,14,14,NA,NA,14,23,23,0,NA,23,21,21,NA,NA,21,85,84,1,0,85,52,43,9,0,52,14,14,0,NA,14,33,33,0,0,33,81,78,3,NA,81,104,104,NA,NA,104,16,16,0,0,16,19,19,NA,0,19,173,173,0,0,173,28,28,0,0,28,57,57,0,0,57,23,23,NA,NA,23,45,41,4,0,45,17,17,NA,NA,17,58,52,6,0,58,48,48,0,NA,48,66,66,0,0,66,143,107,36,NA,143,67,26,41,0,67,48,39,9,NA,48
M16 [Details of deaths reported with probable causes:],16.8.1,Number of Deaths due to Malaria- Plasmodium Vivax,TOTAL,0,0,0,0,0,0,0,0,NA,0,0,0,NA,NA,0,0,0,NA,NA,0,0,0,0,0,0,0,0,NA,NA,0,0,0,0,NA,0,0,0,NA,NA,0,0,0,0,0,0,0,0,0,0,0,0,0,0,NA,0,0,0,0,0,0,0,0,0,NA,0,0,0,NA,NA,0,0,0,0,0,0,0,0,NA,0,0,0,0,0,0,0,0,0,0,0,0,0,0,0,0,0,0,0,NA,NA,0,0,0,0,0,0,0,0,NA,NA,0,0,0,0,0,0,0,0,0,NA,0,0,0,0,0,0,0,0,0,NA,0,0,0,0,0,0,0,0,0,NA,0
M16 [Details of deaths reported with probable causes:],16.8.2,Number of Deaths due to Malaria- Plasmodium Falciparum,TOTAL,0,0,0,0,0,0,0,0,NA,0,0,0,NA,NA,0,0,0,NA,NA,0,0,0,0,0,0,0,0,NA,NA,0,0,0,0,NA,0,0,0,NA,NA,0,0,0,0,0,0,0,0,0,0,0,0,0,0,NA,0,0,0,0,0,0,0,0,0,NA,0,0,0,NA,NA,0,0,0,0,0,0,0,0,NA,0,0,0,0,0,0,0,0,0,0,0,0,0,0,0,0,0,0,0,NA,NA,0,0,0,0,0,0,0,0,NA,NA,0,0,0,0,0,0,0,0,0,NA,0,0,0,0,0,0,0,0,0,NA,0,0,0,0,0,0,0,0,0,NA,0
M16 [Details of deaths reported with probable causes:],16.8.3,Number of Deaths due to Kala Azar,TOTAL,0,0,0,0,0,0,0,0,NA,0,0,0,NA,NA,0,0,0,NA,NA,0,0,0,0,0,0,0,0,NA,NA,0,0,0,0,NA,0,0,0,NA,NA,0,0,0,NA,0,0,0,0,0,0,0,0,0,0,NA,0,0,0,0,0,0,0,0,0,NA,0,0,0,NA,NA,0,0,0,0,0,0,0,0,NA,0,0,0,0,0,0,0,0,0,0,0,0,0,0,0,0,0,0,0,NA,NA,0,0,0,0,0,0,0,0,NA,NA,0,0,0,0,0,0,0,0,0,NA,0,0,0,0,0,0,0,0,0,NA,0,0,0,0,0,0,0,0,0,NA,0
M16 [Details of deaths reported with probable causes:],16.8.4,Number of Deaths due to Dengue,TOTAL,0,0,0,0,0,0,0,0,NA,0,0,0,NA,NA,0,0,0,NA,NA,0,0,0,0,0,0,0,0,NA,NA,0,0,0,0,NA,0,0,0,NA,NA,0,0,0,NA,0,0,0,0,0,0,0,0,0,0,NA,0,0,0,0,0,0,0,0,0,NA,0,0,0,NA,NA,0,0,0,0,0,0,0,0,NA,0,0,0,0,0,0,0,0,0,0,0,0,0,0,0,0,0,0,0,NA,NA,0,0,0,0,0,0,0,0,NA,NA,0,0,0,0,0,0,0,0,0,NA,0,0,0,0,0,0,0,0,0,NA,0,0,0,0,0,0,0,0,0,NA,0
M16 [Details of deaths reported with probable causes:],16.8.5,Number of Deaths due to Acute Encephelitis Syndrome (AES),TOTAL,4,4,0,0,4,0,0,0,NA,0,0,0,NA,NA,0,0,0,NA,NA,0,4,4,0,0,4,0,0,NA,NA,0,0,0,0,NA,0,0,0,NA,NA,0,0,0,NA,0,0,0,0,0,0,0,0,0,0,NA,0,0,0,0,0,0,0,0,0,NA,0,0,0,NA,NA,0,0,0,0,0,0,0,0,NA,0,0,0,0,0,0,0,0,0,0,0,0,0,0,0,0,0,0,0,NA,NA,0,0,0,0,0,0,0,0,NA,NA,0,0,0,0,0,0,0,0,0,NA,0,0,0,0,0,0,0,0,0,NA,0,0,0,0,0,0,0,0,0,NA,0
M16 [Details of deaths reported with probable causes:],16.8.6,Number of Deaths due to Japanese Encephalitis (JE),TOTAL,0,0,0,0,0,0,0,0,NA,0,0,0,NA,NA,0,0,0,NA,NA,0,0,0,0,0,0,0,0,NA,NA,0,0,0,0,NA,0,0,0,NA,NA,0,0,0,NA,0,0,0,0,0,0,0,0,0,0,NA,0,0,0,0,0,0,0,0,0,NA,0,0,0,NA,NA,0,0,0,0,0,0,0,0,NA,0,0,0,0,0,0,0,0,0,0,0,0,0,0,0,0,0,0,0,NA,NA,0,0,0,0,0,0,0,0,NA,NA,0,0,0,0,0,0,0,0,0,NA,0,0,0,0,0,0,0,0,0,NA,0,0,0,0,0,0,0,0,0,NA,0
M17 [Vaccines],17.1,Vaccine - DPT,1. Balance From Previous Month,106516,NA,NA,NA,NA,4850,NA,NA,NA,NA,4440,NA,NA,NA,NA,2260,NA,NA,NA,NA,1300,NA,NA,NA,NA,3050,NA,NA,NA,NA,3180,NA,NA,NA,NA,4700,NA,NA,NA,NA,5600,NA,NA,NA,NA,486,NA,NA,NA,NA,3670,NA,NA,NA,NA,2340,NA,NA,NA,NA,3680,NA,NA,NA,NA,6040,NA,NA,NA,NA,3970,NA,NA,NA,NA,2570,NA,NA,NA,NA,1020,NA,NA,NA,NA,6650,NA,NA,NA,NA,10100,NA,NA,NA,NA,5710,NA,NA,NA,NA,6100,NA,NA,NA,NA,2590,NA,NA,NA,NA,3950,NA,NA,NA,NA,7000,NA,NA,NA,NA,7410,NA,NA,NA,NA,250,NA,NA,NA,NA,0,NA,NA,NA,NA,3600,NA,NA,NA,NA
M17 [Vaccines],17.1,Vaccine - DPT,2. Stocks Received,13300,NA,NA,NA,NA,0,NA,NA,NA,NA,NA,NA,NA,NA,NA,NA,NA,NA,NA,NA,9600,NA,NA,NA,NA,0,NA,NA,NA,NA,0,NA,NA,NA,NA,1000,NA,NA,NA,NA,NA,NA,NA,NA,NA,500,NA,NA,NA,NA,0,NA,NA,NA,NA,0,NA,NA,NA,NA,0,NA,NA,NA,NA,0,NA,NA,NA,NA,0,NA,NA,NA,NA,0,NA,NA,NA,NA,0,NA,NA,NA,NA,0,NA,NA,NA,NA,0,NA,NA,NA,NA,0,NA,NA,NA,NA,1000,NA,NA,NA,NA,0,NA,NA,NA,NA,0,NA,NA,NA,NA,0,NA,NA,NA,NA,0,NA,NA,NA,NA,200,NA,NA,NA,NA,0,NA,NA,NA,NA,1000,NA,NA,NA,NA
M17 [Vaccines],17.1,Vaccine - DPT,3. Unusable Stock,0,NA,NA,NA,NA,0,NA,NA,NA,NA,NA,NA,NA,NA,NA,NA,NA,NA,NA,NA,NA,NA,NA,NA,NA,0,NA,NA,NA,NA,0,NA,NA,NA,NA,0,NA,NA,NA,NA,NA,NA,NA,NA,NA,NA,NA,NA,NA,NA,0,NA,NA,NA,NA,0,NA,NA,NA,NA,NA,NA,NA,NA,NA,0,NA,NA,NA,NA,NA,NA,NA,NA,NA,0,NA,NA,NA,NA,0,NA,NA,NA,NA,0,NA,NA,NA,NA,0,NA,NA,NA,NA,0,NA,NA,NA,NA,0,NA,NA,NA,NA,0,NA,NA,NA,NA,NA,NA,NA,NA,NA,0,NA,NA,NA,NA,0,NA,NA,NA,NA,0,NA,NA,NA,NA,0,NA,NA,NA,NA,NA,NA,NA,NA,NA
M17 [Vaccines],17.1,Vaccine - DPT,4. Stock Distributed,59412,NA,NA,NA,NA,2850,NA,NA,NA,NA,3180,NA,NA,NA,NA,650,NA,NA,NA,NA,8300,NA,NA,NA,NA,1300,NA,NA,NA,NA,2270,NA,NA,NA,NA,3840,NA,NA,NA,NA,5100,NA,NA,NA,NA,602,NA,NA,NA,NA,360,NA,NA,NA,NA,1650,NA,NA,NA,NA,0,NA,NA,NA,NA,1980,NA,NA,NA,NA,3670,NA,NA,NA,NA,2570,NA,NA,NA,NA,1020,NA,NA,NA,NA,2310,NA,NA,NA,NA,6800,NA,NA,NA,NA,1750,NA,NA,NA,NA,2530,NA,NA,NA,NA,2300,NA,NA,NA,NA,NA,NA,NA,NA,NA,330,NA,NA,NA,NA,2250,NA,NA,NA,NA,200,NA,NA,NA,NA,0,NA,NA,NA,NA,1600,NA,NA,NA,NA
M17 [Vaccines],17.1,Vaccine - DPT,5. Total Stock,60404,NA,NA,NA,NA,2000,NA,NA,NA,NA,1260,NA,NA,NA,NA,1610,NA,NA,NA,NA,2600,NA,NA,NA,NA,1750,NA,NA,NA,NA,910,NA,NA,NA,NA,1860,NA,NA,NA,NA,500,NA,NA,NA,NA,384,NA,NA,NA,NA,3310,NA,NA,NA,NA,690,NA,NA,NA,NA,3680,NA,NA,NA,NA,4060,NA,NA,NA,NA,300,NA,NA,NA,NA,0,NA,NA,NA,NA,0,NA,NA,NA,NA,4340,NA,NA,NA,NA,3300,NA,NA,NA,NA,3960,NA,NA,NA,NA,4570,NA,NA,NA,NA,290,NA,NA,NA,NA,3950,NA,NA,NA,NA,6670,NA,NA,NA,NA,5160,NA,NA,NA,NA,250,NA,NA,NA,NA,0,NA,NA,NA,NA,3000,NA,NA,NA,NA
M17 [Vaccines],17.2,Vaccine - Pentavalent,1. Balance From Previous Month,348424,NA,NA,NA,NA,8800,NA,NA,NA,NA,11970,NA,NA,NA,NA,6530,NA,NA,NA,NA,43830,NA,NA,NA,NA,7890,NA,NA,NA,NA,11940,NA,NA,NA,NA,7360,NA,NA,NA,NA,13720,NA,NA,NA,NA,52,NA,NA,NA,NA,4200,NA,NA,NA,NA,25050,NA,NA,NA,NA,3310,NA,NA,NA,NA,12300,NA,NA,NA,NA,10870,NA,NA,NA,NA,8360,NA,NA,NA,NA,10510,NA,NA,NA,NA,14310,NA,NA,NA,NA,19680,NA,NA,NA,NA,17730,NA,NA,NA,NA,7790,NA,NA,NA,NA,1090,NA,NA,NA,NA,11000,NA,NA,NA,NA,11600,NA,NA,NA,NA,56480,NA,NA,NA,NA,552,NA,NA,NA,NA,14350,NA,NA,NA,NA,7150,NA,NA,NA,NA
M17 [Vaccines],17.2,Vaccine - Pentavalent,2. Stocks Received,88040,NA,NA,NA,NA,2880,NA,NA,NA,NA,11520,NA,NA,NA,NA,5760,NA,NA,NA,NA,8640,NA,NA,NA,NA,0,NA,NA,NA,NA,2880,NA,NA,NA,NA,2400,NA,NA,NA,NA,20160,NA,NA,NA,NA,200,NA,NA,NA,NA,0,NA,NA,NA,NA,8640,NA,NA,NA,NA,0,NA,NA,NA,NA,5760,NA,NA,NA,NA,0,NA,NA,NA,NA,0,NA,NA,NA,NA,0,NA,NA,NA,NA,0,NA,NA,NA,NA,0,NA,NA,NA,NA,0,NA,NA,NA,NA,4800,NA,NA,NA,NA,0,NA,NA,NA,NA,11520,NA,NA,NA,NA,0,NA,NA,NA,NA,0,NA,NA,NA,NA,480,NA,NA,NA,NA,0,NA,NA,NA,NA,2400,NA,NA,NA,NA
M17 [Vaccines],17.2,Vaccine - Pentavalent,3. Unusable Stock,0,NA,NA,NA,NA,0,NA,NA,NA,NA,NA,NA,NA,NA,NA,NA,NA,NA,NA,NA,NA,NA,NA,NA,NA,0,NA,NA,NA,NA,0,NA,NA,NA,NA,0,NA,NA,NA,NA,NA,NA,NA,NA,NA,NA,NA,NA,NA,NA,0,NA,NA,NA,NA,0,NA,NA,NA,NA,NA,NA,NA,NA,NA,0,NA,NA,NA,NA,NA,NA,NA,NA,NA,0,NA,NA,NA,NA,0,NA,NA,NA,NA,0,NA,NA,NA,NA,0,NA,NA,NA,NA,0,NA,NA,NA,NA,0,NA,NA,NA,NA,0,NA,NA,NA,NA,NA,NA,NA,NA,NA,0,NA,NA,NA,NA,0,NA,NA,NA,NA,0,NA,NA,NA,NA,0,NA,NA,NA,NA,NA,NA,NA,NA,NA
M17 [Vaccines],17.2,Vaccine - Pentavalent,4. Stock Distributed,117422,NA,NA,NA,NA,4470,NA,NA,NA,NA,8510,NA,NA,NA,NA,2380,NA,NA,NA,NA,18280,NA,NA,NA,NA,1520,NA,NA,NA,NA,4320,NA,NA,NA,NA,6670,NA,NA,NA,NA,9980,NA,NA,NA,NA,56,NA,NA,NA,NA,520,NA,NA,NA,NA,4540,NA,NA,NA,NA,540,NA,NA,NA,NA,2990,NA,NA,NA,NA,4480,NA,NA,NA,NA,6980,NA,NA,NA,NA,3930,NA,NA,NA,NA,5290,NA,NA,NA,NA,11760,NA,NA,NA,NA,2800,NA,NA,NA,NA,6720,NA,NA,NA,NA,1090,NA,NA,NA,NA,NA,NA,NA,NA,NA,190,NA,NA,NA,NA,3140,NA,NA,NA,NA,576,NA,NA,NA,NA,2140,NA,NA,NA,NA,3550,NA,NA,NA,NA
M17 [Vaccines],17.2,Vaccine - Pentavalent,5. Total Stock,319042,NA,NA,NA,NA,7210,NA,NA,NA,NA,14980,NA,NA,NA,NA,9910,NA,NA,NA,NA,34190,NA,NA,NA,NA,6370,NA,NA,NA,NA,10500,NA,NA,NA,NA,3090,NA,NA,NA,NA,23900,NA,NA,NA,NA,196,NA,NA,NA,NA,3680,NA,NA,NA,NA,29150,NA,NA,NA,NA,2770,NA,NA,NA,NA,15070,NA,NA,NA,NA,6390,NA,NA,NA,NA,1380,NA,NA,NA,NA,6580,NA,NA,NA,NA,9020,NA,NA,NA,NA,7920,NA,NA,NA,NA,14930,NA,NA,NA,NA,5870,NA,NA,NA,NA,0,NA,NA,NA,NA,22520,NA,NA,NA,NA,11410,NA,NA,NA,NA,53340,NA,NA,NA,NA,456,NA,NA,NA,NA,12210,NA,NA,NA,NA,6000,NA,NA,NA,NA
M17 [Vaccines],17.3,Vaccine - OPV,1. Balance From Previous Month,341172,NA,NA,NA,NA,7000,NA,NA,NA,NA,5120,NA,NA,NA,NA,11860,NA,NA,NA,NA,44200,NA,NA,NA,NA,11000,NA,NA,NA,NA,6300,NA,NA,NA,NA,8880,NA,NA,NA,NA,24720,NA,NA,NA,NA,182,NA,NA,NA,NA,6220,NA,NA,NA,NA,16080,NA,NA,NA,NA,8000,NA,NA,NA,NA,17000,NA,NA,NA,NA,11520,NA,NA,NA,NA,1000,NA,NA,NA,NA,12840,NA,NA,NA,NA,11960,NA,NA,NA,NA,17500,NA,NA,NA,NA,23020,NA,NA,NA,NA,13000,NA,NA,NA,NA,3920,NA,NA,NA,NA,1120,NA,NA,NA,NA,14060,NA,NA,NA,NA,52080,NA,NA,NA,NA,100,NA,NA,NA,NA,2490,NA,NA,NA,NA,10000,NA,NA,NA,NA
M17 [Vaccines],17.3,Vaccine - OPV,2. Stocks Received,33,NA,NA,NA,NA,0,NA,NA,NA,NA,NA,NA,NA,NA,NA,NA,NA,NA,NA,NA,0,NA,NA,NA,NA,0,NA,NA,NA,NA,0,NA,NA,NA,NA,0,NA,NA,NA,NA,NA,NA,NA,NA,NA,33,NA,NA,NA,NA,0,NA,NA,NA,NA,0,NA,NA,NA,NA,0,NA,NA,NA,NA,0,NA,NA,NA,NA,0,NA,NA,NA,NA,0,NA,NA,NA,NA,0,NA,NA,NA,NA,0,NA,NA,NA,NA,0,NA,NA,NA,NA,0,NA,NA,NA,NA,0,NA,NA,NA,NA,0,NA,NA,NA,NA,0,NA,NA,NA,NA,0,NA,NA,NA,NA,0,NA,NA,NA,NA,0,NA,NA,NA,NA,0,NA,NA,NA,NA,0,NA,NA,NA,NA
M17 [Vaccines],17.3,Vaccine - OPV,3. Unusable Stock,8880,NA,NA,NA,NA,0,NA,NA,NA,NA,NA,NA,NA,NA,NA,NA,NA,NA,NA,NA,NA,NA,NA,NA,NA,0,NA,NA,NA,NA,0,NA,NA,NA,NA,8880,NA,NA,NA,NA,NA,NA,NA,NA,NA,NA,NA,NA,NA,NA,0,NA,NA,NA,NA,0,NA,NA,NA,NA,NA,NA,NA,NA,NA,0,NA,NA,NA,NA,NA,NA,NA,NA,NA,0,NA,NA,NA,NA,0,NA,NA,NA,NA,0,NA,NA,NA,NA,0,NA,NA,NA,NA,0,NA,NA,NA,NA,0,NA,NA,NA,NA,0,NA,NA,NA,NA,NA,NA,NA,NA,NA,0,NA,NA,NA,NA,0,NA,NA,NA,NA,0,NA,NA,NA,NA,0,NA,NA,NA,NA,NA,NA,NA,NA,NA
M17 [Vaccines],17.3,Vaccine - OPV,4. Stock Distributed,16192,NA,NA,NA,NA,0,NA,NA,NA,NA,480,NA,NA,NA,NA,0,NA,NA,NA,NA,0,NA,NA,NA,NA,0,NA,NA,NA,NA,0,NA,NA,NA,NA,0,NA,NA,NA,NA,NA,NA,NA,NA,NA,72,NA,NA,NA,NA,100,NA,NA,NA,NA,0,NA,NA,NA,NA,8000,NA,NA,NA,NA,0,NA,NA,NA,NA,2000,NA,NA,NA,NA,0,NA,NA,NA,NA,0,NA,NA,NA,NA,0,NA,NA,NA,NA,0,NA,NA,NA,NA,0,NA,NA,NA,NA,0,NA,NA,NA,NA,3920,NA,NA,NA,NA,0,NA,NA,NA,NA,0,NA,NA,NA,NA,1620,NA,NA,NA,NA,0,NA,NA,NA,NA,0,NA,NA,NA,NA,0,NA,NA,NA,NA
M17 [Vaccines],17.3,Vaccine - OPV,5. Total Stock,316133,NA,NA,NA,NA,7000,NA,NA,NA,NA,4640,NA,NA,NA,NA,11860,NA,NA,NA,NA,44200,NA,NA,NA,NA,11000,NA,NA,NA,NA,6300,NA,NA,NA,NA,0,NA,NA,NA,NA,24720,NA,NA,NA,NA,143,NA,NA,NA,NA,6120,NA,NA,NA,NA,16080,NA,NA,NA,NA,0,NA,NA,NA,NA,17000,NA,NA,NA,NA,9520,NA,NA,NA,NA,1000,NA,NA,NA,NA,12840,NA,NA,NA,NA,11960,NA,NA,NA,NA,17500,NA,NA,NA,NA,23020,NA,NA,NA,NA,13000,NA,NA,NA,NA,0,NA,NA,NA,NA,1120,NA,NA,NA,NA,14060,NA,NA,NA,NA,50460,NA,NA,NA,NA,100,NA,NA,NA,NA,2490,NA,NA,NA,NA,10000,NA,NA,NA,NA
M17 [Vaccines],17.4,Vaccine - TT,1. Balance From Previous Month,329608,NA,NA,NA,NA,18190,NA,NA,NA,NA,16620,NA,NA,NA,NA,8610,NA,NA,NA,NA,44810,NA,NA,NA,NA,10500,NA,NA,NA,NA,11500,NA,NA,NA,NA,8770,NA,NA,NA,NA,11330,NA,NA,NA,NA,18,NA,NA,NA,NA,3860,NA,NA,NA,NA,24400,NA,NA,NA,NA,6100,NA,NA,NA,NA,16740,NA,NA,NA,NA,17100,NA,NA,NA,NA,7380,NA,NA,NA,NA,6310,NA,NA,NA,NA,15750,NA,NA,NA,NA,19800,NA,NA,NA,NA,15840,NA,NA,NA,NA,8400,NA,NA,NA,NA,11460,NA,NA,NA,NA,5320,NA,NA,NA,NA,10900,NA,NA,NA,NA,17140,NA,NA,NA,NA,600,NA,NA,NA,NA,6010,NA,NA,NA,NA,6150,NA,NA,NA,NA
M17 [Vaccines],17.4,Vaccine - TT,2. Stocks Received,85800,NA,NA,NA,NA,3000,NA,NA,NA,NA,15000,NA,NA,NA,NA,5000,NA,NA,NA,NA,0,NA,NA,NA,NA,0,NA,NA,NA,NA,2000,NA,NA,NA,NA,4000,NA,NA,NA,NA,20000,NA,NA,NA,NA,300,NA,NA,NA,NA,0,NA,NA,NA,NA,0,NA,NA,NA,NA,0,NA,NA,NA,NA,10000,NA,NA,NA,NA,0,NA,NA,NA,NA,0,NA,NA,NA,NA,0,NA,NA,NA,NA,0,NA,NA,NA,NA,5000,NA,NA,NA,NA,0,NA,NA,NA,NA,4000,NA,NA,NA,NA,0,NA,NA,NA,NA,10000,NA,NA,NA,NA,0,NA,NA,NA,NA,0,NA,NA,NA,NA,500,NA,NA,NA,NA,3000,NA,NA,NA,NA,4000,NA,NA,NA,NA
M17 [Vaccines],17.4,Vaccine - TT,3. Unusable Stock,0,NA,NA,NA,NA,0,NA,NA,NA,NA,NA,NA,NA,NA,NA,NA,NA,NA,NA,NA,NA,NA,NA,NA,NA,0,NA,NA,NA,NA,0,NA,NA,NA,NA,0,NA,NA,NA,NA,NA,NA,NA,NA,NA,NA,NA,NA,NA,NA,0,NA,NA,NA,NA,0,NA,NA,NA,NA,NA,NA,NA,NA,NA,0,NA,NA,NA,NA,NA,NA,NA,NA,NA,0,NA,NA,NA,NA,0,NA,NA,NA,NA,0,NA,NA,NA,NA,0,NA,NA,NA,NA,0,NA,NA,NA,NA,0,NA,NA,NA,NA,0,NA,NA,NA,NA,NA,NA,NA,NA,NA,0,NA,NA,NA,NA,0,NA,NA,NA,NA,0,NA,NA,NA,NA,0,NA,NA,NA,NA,NA,NA,NA,NA,NA
M17 [Vaccines],17.4,Vaccine - TT,4. Stock Distributed,131908,NA,NA,NA,NA,4750,NA,NA,NA,NA,22130,NA,NA,NA,NA,2690,NA,NA,NA,NA,15803,NA,NA,NA,NA,1700,NA,NA,NA,NA,3740,NA,NA,NA,NA,6060,NA,NA,NA,NA,10960,NA,NA,NA,NA,215,NA,NA,NA,NA,650,NA,NA,NA,NA,4830,NA,NA,NA,NA,200,NA,NA,NA,NA,4550,NA,NA,NA,NA,5040,NA,NA,NA,NA,4900,NA,NA,NA,NA,3480,NA,NA,NA,NA,5210,NA,NA,NA,NA,13500,NA,NA,NA,NA,2250,NA,NA,NA,NA,5200,NA,NA,NA,NA,5300,NA,NA,NA,NA,NA,NA,NA,NA,NA,300,NA,NA,NA,NA,3410,NA,NA,NA,NA,530,NA,NA,NA,NA,1560,NA,NA,NA,NA,2950,NA,NA,NA,NA
M17 [Vaccines],17.4,Vaccine - TT,5. Total Stock,283500,NA,NA,NA,NA,16440,NA,NA,NA,NA,9490,NA,NA,NA,NA,10920,NA,NA,NA,NA,29007,NA,NA,NA,NA,8800,NA,NA,NA,NA,9760,NA,NA,NA,NA,6710,NA,NA,NA,NA,20370,NA,NA,NA,NA,103,NA,NA,NA,NA,3210,NA,NA,NA,NA,19570,NA,NA,NA,NA,5900,NA,NA,NA,NA,22190,NA,NA,NA,NA,12060,NA,NA,NA,NA,2480,NA,NA,NA,NA,2830,NA,NA,NA,NA,10540,NA,NA,NA,NA,11300,NA,NA,NA,NA,13590,NA,NA,NA,NA,7200,NA,NA,NA,NA,6160,NA,NA,NA,NA,15320,NA,NA,NA,NA,10600,NA,NA,NA,NA,13730,NA,NA,NA,NA,570,NA,NA,NA,NA,7450,NA,NA,NA,NA,7200,NA,NA,NA,NA
M17 [Vaccines],17.5,Vaccine - DT,1. Balance From Previous Month,0,NA,NA,NA,NA,0,NA,NA,NA,NA,NA,NA,NA,NA,NA,0,NA,NA,NA,NA,0,NA,NA,NA,NA,0,NA,NA,NA,NA,0,NA,NA,NA,NA,0,NA,NA,NA,NA,NA,NA,NA,NA,NA,NA,NA,NA,NA,NA,0,NA,NA,NA,NA,NA,NA,NA,NA,NA,0,NA,NA,NA,NA,0,NA,NA,NA,NA,NA,NA,NA,NA,NA,0,NA,NA,NA,NA,0,NA,NA,NA,NA,NA,NA,NA,NA,NA,0,NA,NA,NA,NA,NA,NA,NA,NA,NA,0,NA,NA,NA,NA,0,NA,NA,NA,NA,NA,NA,NA,NA,NA,0,NA,NA,NA,NA,0,NA,NA,NA,NA,NA,NA,NA,NA,NA,0,NA,NA,NA,NA,NA,NA,NA,NA,NA
M17 [Vaccines],17.5,Vaccine - DT,2. Stocks Received,0,NA,NA,NA,NA,0,NA,NA,NA,NA,NA,NA,NA,NA,NA,NA,NA,NA,NA,NA,0,NA,NA,NA,NA,0,NA,NA,NA,NA,0,NA,NA,NA,NA,0,NA,NA,NA,NA,NA,NA,NA,NA,NA,NA,NA,NA,NA,NA,0,NA,NA,NA,NA,NA,NA,NA,NA,NA,0,NA,NA,NA,NA,0,NA,NA,NA,NA,0,NA,NA,NA,NA,0,NA,NA,NA,NA,0,NA,NA,NA,NA,NA,NA,NA,NA,NA,0,NA,NA,NA,NA,NA,NA,NA,NA,NA,0,NA,NA,NA,NA,0,NA,NA,NA,NA,NA,NA,NA,NA,NA,0,NA,NA,NA,NA,0,NA,NA,NA,NA,NA,NA,NA,NA,NA,0,NA,NA,NA,NA,NA,NA,NA,NA,NA
M17 [Vaccines],17.5,Vaccine - DT,3. Unusable Stock,0,NA,NA,NA,NA,0,NA,NA,NA,NA,NA,NA,NA,NA,NA,NA,NA,NA,NA,NA,NA,NA,NA,NA,NA,0,NA,NA,NA,NA,0,NA,NA,NA,NA,0,NA,NA,NA,NA,NA,NA,NA,NA,NA,NA,NA,NA,NA,NA,0,NA,NA,NA,NA,NA,NA,NA,NA,NA,NA,NA,NA,NA,NA,0,NA,NA,NA,NA,NA,NA,NA,NA,NA,0,NA,NA,NA,NA,0,NA,NA,NA,NA,NA,NA,NA,NA,NA,0,NA,NA,NA,NA,NA,NA,NA,NA,NA,0,NA,NA,NA,NA,0,NA,NA,NA,NA,NA,NA,NA,NA,NA,0,NA,NA,NA,NA,0,NA,NA,NA,NA,NA,NA,NA,NA,NA,0,NA,NA,NA,NA,NA,NA,NA,NA,NA
M17 [Vaccines],17.5,Vaccine - DT,4. Stock Distributed,0,NA,NA,NA,NA,0,NA,NA,NA,NA,NA,NA,NA,NA,NA,0,NA,NA,NA,NA,0,NA,NA,NA,NA,0,NA,NA,NA,NA,0,NA,NA,NA,NA,0,NA,NA,NA,NA,NA,NA,NA,NA,NA,NA,NA,NA,NA,NA,0,NA,NA,NA,NA,NA,NA,NA,NA,NA,0,NA,NA,NA,NA,0,NA,NA,NA,NA,NA,NA,NA,NA,NA,0,NA,NA,NA,NA,0,NA,NA,NA,NA,NA,NA,NA,NA,NA,0,NA,NA,NA,NA,NA,NA,NA,NA,NA,0,NA,NA,NA,NA,0,NA,NA,NA,NA,NA,NA,NA,NA,NA,0,NA,NA,NA,NA,0,NA,NA,NA,NA,NA,NA,NA,NA,NA,0,NA,NA,NA,NA,NA,NA,NA,NA,NA
M17 [Vaccines],17.5,Vaccine - DT,5. Total Stock,0,NA,NA,NA,NA,0,NA,NA,NA,NA,0,NA,NA,NA,NA,0,NA,NA,NA,NA,0,NA,NA,NA,NA,0,NA,NA,NA,NA,0,NA,NA,NA,NA,0,NA,NA,NA,NA,0,NA,NA,NA,NA,0,NA,NA,NA,NA,0,NA,NA,NA,NA,0,NA,NA,NA,NA,0,NA,NA,NA,NA,0,NA,NA,NA,NA,0,NA,NA,NA,NA,0,NA,NA,NA,NA,0,NA,NA,NA,NA,0,NA,NA,NA,NA,0,NA,NA,NA,NA,0,NA,NA,NA,NA,0,NA,NA,NA,NA,0,NA,NA,NA,NA,0,NA,NA,NA,NA,0,NA,NA,NA,NA,0,NA,NA,NA,NA,0,NA,NA,NA,NA,0,NA,NA,NA,NA,0,NA,NA,NA,NA
M17 [Vaccines],17.6,Vaccine - BCG,1. Balance From Previous Month,128662,NA,NA,NA,NA,5905,NA,NA,NA,NA,1400,NA,NA,NA,NA,1600,NA,NA,NA,NA,1700,NA,NA,NA,NA,3000,NA,NA,NA,NA,1500,NA,NA,NA,NA,4300,NA,NA,NA,NA,1500,NA,NA,NA,NA,627,NA,NA,NA,NA,6450,NA,NA,NA,NA,8440,NA,NA,NA,NA,1150,NA,NA,NA,NA,5590,NA,NA,NA,NA,11290,NA,NA,NA,NA,650,NA,NA,NA,NA,2850,NA,NA,NA,NA,7340,NA,NA,NA,NA,5500,NA,NA,NA,NA,9900,NA,NA,NA,NA,4600,NA,NA,NA,NA,160,NA,NA,NA,NA,2390,NA,NA,NA,NA,1430,NA,NA,NA,NA,35220,NA,NA,NA,NA,0,NA,NA,NA,NA,1370,NA,NA,NA,NA,2800,NA,NA,NA,NA
M17 [Vaccines],17.6,Vaccine - BCG,2. Stocks Received,900,NA,NA,NA,NA,0,NA,NA,NA,NA,NA,NA,NA,NA,NA,NA,NA,NA,NA,NA,0,NA,NA,NA,NA,0,NA,NA,NA,NA,0,NA,NA,NA,NA,0,NA,NA,NA,NA,NA,NA,NA,NA,NA,0,NA,NA,NA,NA,0,NA,NA,NA,NA,0,NA,NA,NA,NA,0,NA,NA,NA,NA,0,NA,NA,NA,NA,0,NA,NA,NA,NA,900,NA,NA,NA,NA,0,NA,NA,NA,NA,0,NA,NA,NA,NA,0,NA,NA,NA,NA,0,NA,NA,NA,NA,0,NA,NA,NA,NA,0,NA,NA,NA,NA,NA,NA,NA,NA,NA,0,NA,NA,NA,NA,0,NA,NA,NA,NA,0,NA,NA,NA,NA,0,NA,NA,NA,NA,0,NA,NA,NA,NA
M17 [Vaccines],17.6,Vaccine - BCG,3. Unusable Stock,0,NA,NA,NA,NA,0,NA,NA,NA,NA,NA,NA,NA,NA,NA,NA,NA,NA,NA,NA,NA,NA,NA,NA,NA,0,NA,NA,NA,NA,0,NA,NA,NA,NA,0,NA,NA,NA,NA,NA,NA,NA,NA,NA,NA,NA,NA,NA,NA,0,NA,NA,NA,NA,0,NA,NA,NA,NA,NA,NA,NA,NA,NA,0,NA,NA,NA,NA,NA,NA,NA,NA,NA,0,NA,NA,NA,NA,0,NA,NA,NA,NA,0,NA,NA,NA,NA,0,NA,NA,NA,NA,0,NA,NA,NA,NA,0,NA,NA,NA,NA,0,NA,NA,NA,NA,NA,NA,NA,NA,NA,0,NA,NA,NA,NA,0,NA,NA,NA,NA,0,NA,NA,NA,NA,0,NA,NA,NA,NA,NA,NA,NA,NA,NA
M17 [Vaccines],17.6,Vaccine - BCG,4. Stock Distributed,61280,NA,NA,NA,NA,4400,NA,NA,NA,NA,NA,NA,NA,NA,NA,800,NA,NA,NA,NA,1200,NA,NA,NA,NA,2400,NA,NA,NA,NA,1500,NA,NA,NA,NA,4300,NA,NA,NA,NA,1500,NA,NA,NA,NA,120,NA,NA,NA,NA,770,NA,NA,NA,NA,6500,NA,NA,NA,NA,0,NA,NA,NA,NA,2320,NA,NA,NA,NA,4160,NA,NA,NA,NA,1550,NA,NA,NA,NA,2850,NA,NA,NA,NA,5780,NA,NA,NA,NA,5500,NA,NA,NA,NA,3050,NA,NA,NA,NA,4350,NA,NA,NA,NA,160,NA,NA,NA,NA,NA,NA,NA,NA,NA,0,NA,NA,NA,NA,4020,NA,NA,NA,NA,0,NA,NA,NA,NA,1250,NA,NA,NA,NA,2800,NA,NA,NA,NA
M17 [Vaccines],17.6,Vaccine - BCG,5. Total Stock,68282,NA,NA,NA,NA,1505,NA,NA,NA,NA,1400,NA,NA,NA,NA,800,NA,NA,NA,NA,500,NA,NA,NA,NA,600,NA,NA,NA,NA,0,NA,NA,NA,NA,0,NA,NA,NA,NA,0,NA,NA,NA,NA,507,NA,NA,NA,NA,5680,NA,NA,NA,NA,1940,NA,NA,NA,NA,1150,NA,NA,NA,NA,3270,NA,NA,NA,NA,7130,NA,NA,NA,NA,0,NA,NA,NA,NA,0,NA,NA,NA,NA,1560,NA,NA,NA,NA,0,NA,NA,NA,NA,6850,NA,NA,NA,NA,250,NA,NA,NA,NA,0,NA,NA,NA,NA,2390,NA,NA,NA,NA,1430,NA,NA,NA,NA,31200,NA,NA,NA,NA,0,NA,NA,NA,NA,120,NA,NA,NA,NA,0,NA,NA,NA,NA
M17 [Vaccines],17.7,Vaccine - Measles,1. Balance From Previous Month,0,NA,NA,NA,NA,0,NA,NA,NA,NA,0,NA,NA,NA,NA,0,NA,NA,NA,NA,0,NA,NA,NA,NA,0,NA,NA,NA,NA,0,NA,NA,NA,NA,0,NA,NA,NA,NA,0,NA,NA,NA,NA,NA,NA,NA,NA,NA,0,NA,NA,NA,NA,NA,NA,NA,NA,NA,0,NA,NA,NA,NA,0,NA,NA,NA,NA,0,NA,NA,NA,NA,0,NA,NA,NA,NA,0,NA,NA,NA,NA,NA,NA,NA,NA,NA,0,NA,NA,NA,NA,NA,NA,NA,NA,NA,0,NA,NA,NA,NA,0,NA,NA,NA,NA,NA,NA,NA,NA,NA,0,NA,NA,NA,NA,0,NA,NA,NA,NA,0,NA,NA,NA,NA,0,NA,NA,NA,NA,0,NA,NA,NA,NA
M17 [Vaccines],17.7,Vaccine - Measles,2. Stocks Received,0,NA,NA,NA,NA,0,NA,NA,NA,NA,NA,NA,NA,NA,NA,NA,NA,NA,NA,NA,0,NA,NA,NA,NA,0,NA,NA,NA,NA,0,NA,NA,NA,NA,0,NA,NA,NA,NA,NA,NA,NA,NA,NA,NA,NA,NA,NA,NA,0,NA,NA,NA,NA,NA,NA,NA,NA,NA,0,NA,NA,NA,NA,0,NA,NA,NA,NA,0,NA,NA,NA,NA,0,NA,NA,NA,NA,0,NA,NA,NA,NA,NA,NA,NA,NA,NA,0,NA,NA,NA,NA,NA,NA,NA,NA,NA,0,NA,NA,NA,NA,0,NA,NA,NA,NA,NA,NA,NA,NA,NA,0,NA,NA,NA,NA,0,NA,NA,NA,NA,0,NA,NA,NA,NA,0,NA,NA,NA,NA,0,NA,NA,NA,NA
M17 [Vaccines],17.7,Vaccine - Measles,3. Unusable Stock,0,NA,NA,NA,NA,0,NA,NA,NA,NA,NA,NA,NA,NA,NA,NA,NA,NA,NA,NA,NA,NA,NA,NA,NA,0,NA,NA,NA,NA,0,NA,NA,NA,NA,0,NA,NA,NA,NA,NA,NA,NA,NA,NA,NA,NA,NA,NA,NA,0,NA,NA,NA,NA,NA,NA,NA,NA,NA,NA,NA,NA,NA,NA,0,NA,NA,NA,NA,NA,NA,NA,NA,NA,0,NA,NA,NA,NA,0,NA,NA,NA,NA,NA,NA,NA,NA,NA,0,NA,NA,NA,NA,NA,NA,NA,NA,NA,0,NA,NA,NA,NA,0,NA,NA,NA,NA,NA,NA,NA,NA,NA,0,NA,NA,NA,NA,0,NA,NA,NA,NA,0,NA,NA,NA,NA,0,NA,NA,NA,NA,NA,NA,NA,NA,NA
M17 [Vaccines],17.7,Vaccine - Measles,4. Stock Distributed,0,NA,NA,NA,NA,0,NA,NA,NA,NA,NA,NA,NA,NA,NA,0,NA,NA,NA,NA,0,NA,NA,NA,NA,0,NA,NA,NA,NA,0,NA,NA,NA,NA,0,NA,NA,NA,NA,NA,NA,NA,NA,NA,NA,NA,NA,NA,NA,0,NA,NA,NA,NA,NA,NA,NA,NA,NA,0,NA,NA,NA,NA,0,NA,NA,NA,NA,NA,NA,NA,NA,NA,0,NA,NA,NA,NA,0,NA,NA,NA,NA,NA,NA,NA,NA,NA,0,NA,NA,NA,NA,0,NA,NA,NA,NA,0,NA,NA,NA,NA,0,NA,NA,NA,NA,NA,NA,NA,NA,NA,0,NA,NA,NA,NA,0,NA,NA,NA,NA,0,NA,NA,NA,NA,0,NA,NA,NA,NA,0,NA,NA,NA,NA
M17 [Vaccines],17.7,Vaccine - Measles,5. Total Stock,0,NA,NA,NA,NA,0,NA,NA,NA,NA,0,NA,NA,NA,NA,0,NA,NA,NA,NA,0,NA,NA,NA,NA,0,NA,NA,NA,NA,0,NA,NA,NA,NA,0,NA,NA,NA,NA,0,NA,NA,NA,NA,0,NA,NA,NA,NA,0,NA,NA,NA,NA,0,NA,NA,NA,NA,0,NA,NA,NA,NA,0,NA,NA,NA,NA,0,NA,NA,NA,NA,0,NA,NA,NA,NA,0,NA,NA,NA,NA,0,NA,NA,NA,NA,0,NA,NA,NA,NA,0,NA,NA,NA,NA,0,NA,NA,NA,NA,0,NA,NA,NA,NA,0,NA,NA,NA,NA,0,NA,NA,NA,NA,0,NA,NA,NA,NA,0,NA,NA,NA,NA,0,NA,NA,NA,NA,0,NA,NA,NA,NA
M17 [Vaccines],17.8,Vaccine - JE,1. Balance From Previous Month,92750,NA,NA,NA,NA,4500,NA,NA,NA,NA,2250,NA,NA,NA,NA,4250,NA,NA,NA,NA,6450,NA,NA,NA,NA,0,NA,NA,NA,NA,0,NA,NA,NA,NA,0,NA,NA,NA,NA,5000,NA,NA,NA,NA,680,NA,NA,NA,NA,55,NA,NA,NA,NA,0,NA,NA,NA,NA,11040,NA,NA,NA,NA,305,NA,NA,NA,NA,14520,NA,NA,NA,NA,4650,NA,NA,NA,NA,2800,NA,NA,NA,NA,6810,NA,NA,NA,NA,15000,NA,NA,NA,NA,0,NA,NA,NA,NA,0,NA,NA,NA,NA,0,NA,NA,NA,NA,15,NA,NA,NA,NA,0,NA,NA,NA,NA,6175,NA,NA,NA,NA,0,NA,NA,NA,NA,8250,NA,NA,NA,NA,0,NA,NA,NA,NA
M17 [Vaccines],17.8,Vaccine - JE,2. Stocks Received,25000,NA,NA,NA,NA,0,NA,NA,NA,NA,NA,NA,NA,NA,NA,5000,NA,NA,NA,NA,0,NA,NA,NA,NA,5000,NA,NA,NA,NA,0,NA,NA,NA,NA,0,NA,NA,NA,NA,NA,NA,NA,NA,NA,0,NA,NA,NA,NA,0,NA,NA,NA,NA,10000,NA,NA,NA,NA,0,NA,NA,NA,NA,0,NA,NA,NA,NA,0,NA,NA,NA,NA,0,NA,NA,NA,NA,0,NA,NA,NA,NA,0,NA,NA,NA,NA,5000,NA,NA,NA,NA,0,NA,NA,NA,NA,0,NA,NA,NA,NA,0,NA,NA,NA,NA,NA,NA,NA,NA,NA,0,NA,NA,NA,NA,0,NA,NA,NA,NA,0,NA,NA,NA,NA,0,NA,NA,NA,NA,0,NA,NA,NA,NA
M17 [Vaccines],17.8,Vaccine - JE,3. Unusable Stock,0,NA,NA,NA,NA,0,NA,NA,NA,NA,NA,NA,NA,NA,NA,NA,NA,NA,NA,NA,NA,NA,NA,NA,NA,0,NA,NA,NA,NA,0,NA,NA,NA,NA,0,NA,NA,NA,NA,NA,NA,NA,NA,NA,NA,NA,NA,NA,NA,0,NA,NA,NA,NA,0,NA,NA,NA,NA,NA,NA,NA,NA,NA,0,NA,NA,NA,NA,NA,NA,NA,NA,NA,0,NA,NA,NA,NA,0,NA,NA,NA,NA,0,NA,NA,NA,NA,0,NA,NA,NA,NA,0,NA,NA,NA,NA,0,NA,NA,NA,NA,0,NA,NA,NA,NA,NA,NA,NA,NA,NA,0,NA,NA,NA,NA,0,NA,NA,NA,NA,0,NA,NA,NA,NA,0,NA,NA,NA,NA,NA,NA,NA,NA,NA
M17 [Vaccines],17.8,Vaccine - JE,4. Stock Distributed,30385,NA,NA,NA,NA,0,NA,NA,NA,NA,NA,NA,NA,NA,NA,2650,NA,NA,NA,NA,0,NA,NA,NA,NA,1800,NA,NA,NA,NA,0,NA,NA,NA,NA,0,NA,NA,NA,NA,NA,NA,NA,NA,NA,20,NA,NA,NA,NA,0,NA,NA,NA,NA,0,NA,NA,NA,NA,730,NA,NA,NA,NA,0,NA,NA,NA,NA,3885,NA,NA,NA,NA,2200,NA,NA,NA,NA,1775,NA,NA,NA,NA,3605,NA,NA,NA,NA,9500,NA,NA,NA,NA,0,NA,NA,NA,NA,0,NA,NA,NA,NA,0,NA,NA,NA,NA,NA,NA,NA,NA,NA,0,NA,NA,NA,NA,2620,NA,NA,NA,NA,0,NA,NA,NA,NA,1600,NA,NA,NA,NA,0,NA,NA,NA,NA
M17 [Vaccines],17.8,Vaccine - JE,5. Total Stock,87365,NA,NA,NA,NA,4500,NA,NA,NA,NA,2250,NA,NA,NA,NA,6600,NA,NA,NA,NA,6450,NA,NA,NA,NA,3200,NA,NA,NA,NA,0,NA,NA,NA,NA,0,NA,NA,NA,NA,5000,NA,NA,NA,NA,660,NA,NA,NA,NA,55,NA,NA,NA,NA,10000,NA,NA,NA,NA,10310,NA,NA,NA,NA,305,NA,NA,NA,NA,10635,NA,NA,NA,NA,2450,NA,NA,NA,NA,1025,NA,NA,NA,NA,3205,NA,NA,NA,NA,10500,NA,NA,NA,NA,0,NA,NA,NA,NA,0,NA,NA,NA,NA,0,NA,NA,NA,NA,15,NA,NA,NA,NA,0,NA,NA,NA,NA,3555,NA,NA,NA,NA,0,NA,NA,NA,NA,6650,NA,NA,NA,NA,0,NA,NA,NA,NA
M17 [Vaccines],17.9,Vaccine - Hepatitis B,1. Balance From Previous Month,62598,NA,NA,NA,NA,990,NA,NA,NA,NA,1310,NA,NA,NA,NA,11400,NA,NA,NA,NA,0,NA,NA,NA,NA,200,NA,NA,NA,NA,720,NA,NA,NA,NA,1800,NA,NA,NA,NA,2400,NA,NA,NA,NA,89,NA,NA,NA,NA,1380,NA,NA,NA,NA,3140,NA,NA,NA,NA,4540,NA,NA,NA,NA,1250,NA,NA,NA,NA,5040,NA,NA,NA,NA,2030,NA,NA,NA,NA,1750,NA,NA,NA,NA,2240,NA,NA,NA,NA,950,NA,NA,NA,NA,1020,NA,NA,NA,NA,650,NA,NA,NA,NA,2036,NA,NA,NA,NA,12840,NA,NA,NA,NA,150,NA,NA,NA,NA,NA,NA,NA,NA,NA,13,NA,NA,NA,NA,1760,NA,NA,NA,NA,2900,NA,NA,NA,NA
M17 [Vaccines],17.9,Vaccine - Hepatitis B,2. Stocks Received,70,NA,NA,NA,NA,0,NA,NA,NA,NA,NA,NA,NA,NA,NA,NA,NA,NA,NA,NA,0,NA,NA,NA,NA,0,NA,NA,NA,NA,0,NA,NA,NA,NA,0,NA,NA,NA,NA,NA,NA,NA,NA,NA,40,NA,NA,NA,NA,0,NA,NA,NA,NA,0,NA,NA,NA,NA,0,NA,NA,NA,NA,0,NA,NA,NA,NA,0,NA,NA,NA,NA,0,NA,NA,NA,NA,0,NA,NA,NA,NA,0,NA,NA,NA,NA,0,NA,NA,NA,NA,0,NA,NA,NA,NA,0,NA,NA,NA,NA,0,NA,NA,NA,NA,0,NA,NA,NA,NA,0,NA,NA,NA,NA,NA,NA,NA,NA,NA,30,NA,NA,NA,NA,0,NA,NA,NA,NA,0,NA,NA,NA,NA
M17 [Vaccines],17.9,Vaccine - Hepatitis B,3. Unusable Stock,0,NA,NA,NA,NA,0,NA,NA,NA,NA,NA,NA,NA,NA,NA,NA,NA,NA,NA,NA,NA,NA,NA,NA,NA,0,NA,NA,NA,NA,0,NA,NA,NA,NA,0,NA,NA,NA,NA,NA,NA,NA,NA,NA,NA,NA,NA,NA,NA,0,NA,NA,NA,NA,0,NA,NA,NA,NA,NA,NA,NA,NA,NA,0,NA,NA,NA,NA,NA,NA,NA,NA,NA,0,NA,NA,NA,NA,0,NA,NA,NA,NA,0,NA,NA,NA,NA,0,NA,NA,NA,NA,0,NA,NA,NA,NA,0,NA,NA,NA,NA,0,NA,NA,NA,NA,NA,NA,NA,NA,NA,0,NA,NA,NA,NA,NA,NA,NA,NA,NA,0,NA,NA,NA,NA,0,NA,NA,NA,NA,NA,NA,NA,NA,NA
M17 [Vaccines],17.9,Vaccine - Hepatitis B,4. Stock Distributed,16144,NA,NA,NA,NA,600,NA,NA,NA,NA,NA,NA,NA,NA,NA,1200,NA,NA,NA,NA,0,NA,NA,NA,NA,200,NA,NA,NA,NA,0,NA,NA,NA,NA,1800,NA,NA,NA,NA,2000,NA,NA,NA,NA,110,NA,NA,NA,NA,240,NA,NA,NA,NA,1280,NA,NA,NA,NA,350,NA,NA,NA,NA,620,NA,NA,NA,NA,1250,NA,NA,NA,NA,700,NA,NA,NA,NA,500,NA,NA,NA,NA,1470,NA,NA,NA,NA,800,NA,NA,NA,NA,1020,NA,NA,NA,NA,550,NA,NA,NA,NA,616,NA,NA,NA,NA,NA,NA,NA,NA,NA,0,NA,NA,NA,NA,NA,NA,NA,NA,NA,38,NA,NA,NA,NA,0,NA,NA,NA,NA,800,NA,NA,NA,NA
M17 [Vaccines],17.9,Vaccine - Hepatitis B,5. Total Stock,42844,NA,NA,NA,NA,390,NA,NA,NA,NA,1310,NA,NA,NA,NA,10200,NA,NA,NA,NA,0,NA,NA,NA,NA,0,NA,NA,NA,NA,720,NA,NA,NA,NA,0,NA,NA,NA,NA,NA,NA,NA,NA,NA,19,NA,NA,NA,NA,1140,NA,NA,NA,NA,1860,NA,NA,NA,NA,4190,NA,NA,NA,NA,630,NA,NA,NA,NA,3790,NA,NA,NA,NA,1330,NA,NA,NA,NA,1250,NA,NA,NA,NA,770,NA,NA,NA,NA,150,NA,NA,NA,NA,0,NA,NA,NA,NA,100,NA,NA,NA,NA,1420,NA,NA,NA,NA,9560,NA,NA,NA,NA,150,NA,NA,NA,NA,NA,NA,NA,NA,NA,5,NA,NA,NA,NA,1760,NA,NA,NA,NA,2100,NA,NA,NA,NA
M17 [Vaccines],17.1,Vaccine - Typhoid,1. Balance From Previous Month,0,NA,NA,NA,NA,0,NA,NA,NA,NA,NA,NA,NA,NA,NA,0,NA,NA,NA,NA,0,NA,NA,NA,NA,0,NA,NA,NA,NA,0,NA,NA,NA,NA,0,NA,NA,NA,NA,NA,NA,NA,NA,NA,NA,NA,NA,NA,NA,0,NA,NA,NA,NA,NA,NA,NA,NA,NA,0,NA,NA,NA,NA,0,NA,NA,NA,NA,0,NA,NA,NA,NA,0,NA,NA,NA,NA,0,NA,NA,NA,NA,NA,NA,NA,NA,NA,0,NA,NA,NA,NA,NA,NA,NA,NA,NA,0,NA,NA,NA,NA,0,NA,NA,NA,NA,NA,NA,NA,NA,NA,0,NA,NA,NA,NA,NA,NA,NA,NA,NA,NA,NA,NA,NA,NA,0,NA,NA,NA,NA,NA,NA,NA,NA,NA
M17 [Vaccines],17.1,Vaccine - Typhoid,2. Stocks Received,0,NA,NA,NA,NA,0,NA,NA,NA,NA,NA,NA,NA,NA,NA,NA,NA,NA,NA,NA,0,NA,NA,NA,NA,0,NA,NA,NA,NA,0,NA,NA,NA,NA,0,NA,NA,NA,NA,NA,NA,NA,NA,NA,NA,NA,NA,NA,NA,0,NA,NA,NA,NA,NA,NA,NA,NA,NA,0,NA,NA,NA,NA,0,NA,NA,NA,NA,0,NA,NA,NA,NA,0,NA,NA,NA,NA,0,NA,NA,NA,NA,NA,NA,NA,NA,NA,0,NA,NA,NA,NA,NA,NA,NA,NA,NA,0,NA,NA,NA,NA,0,NA,NA,NA,NA,NA,NA,NA,NA,NA,0,NA,NA,NA,NA,NA,NA,NA,NA,NA,NA,NA,NA,NA,NA,0,NA,NA,NA,NA,NA,NA,NA,NA,NA
M17 [Vaccines],17.1,Vaccine - Typhoid,3. Unusable Stock,0,NA,NA,NA,NA,0,NA,NA,NA,NA,NA,NA,NA,NA,NA,NA,NA,NA,NA,NA,NA,NA,NA,NA,NA,0,NA,NA,NA,NA,0,NA,NA,NA,NA,0,NA,NA,NA,NA,NA,NA,NA,NA,NA,NA,NA,NA,NA,NA,0,NA,NA,NA,NA,NA,NA,NA,NA,NA,NA,NA,NA,NA,NA,0,NA,NA,NA,NA,NA,NA,NA,NA,NA,0,NA,NA,NA,NA,0,NA,NA,NA,NA,NA,NA,NA,NA,NA,0,NA,NA,NA,NA,NA,NA,NA,NA,NA,0,NA,NA,NA,NA,0,NA,NA,NA,NA,NA,NA,NA,NA,NA,0,NA,NA,NA,NA,NA,NA,NA,NA,NA,NA,NA,NA,NA,NA,0,NA,NA,NA,NA,NA,NA,NA,NA,NA
M17 [Vaccines],17.1,Vaccine - Typhoid,4. Stock Distributed,0,NA,NA,NA,NA,0,NA,NA,NA,NA,NA,NA,NA,NA,NA,NA,NA,NA,NA,NA,0,NA,NA,NA,NA,0,NA,NA,NA,NA,0,NA,NA,NA,NA,0,NA,NA,NA,NA,NA,NA,NA,NA,NA,NA,NA,NA,NA,NA,0,NA,NA,NA,NA,NA,NA,NA,NA,NA,0,NA,NA,NA,NA,0,NA,NA,NA,NA,NA,NA,NA,NA,NA,0,NA,NA,NA,NA,0,NA,NA,NA,NA,NA,NA,NA,NA,NA,0,NA,NA,NA,NA,NA,NA,NA,NA,NA,0,NA,NA,NA,NA,0,NA,NA,NA,NA,NA,NA,NA,NA,NA,0,NA,NA,NA,NA,NA,NA,NA,NA,NA,NA,NA,NA,NA,NA,0,NA,NA,NA,NA,NA,NA,NA,NA,NA
M17 [Vaccines],17.1,Vaccine - Typhoid,5. Total Stock,0,NA,NA,NA,NA,0,NA,NA,NA,NA,NA,NA,NA,NA,NA,NA,NA,NA,NA,NA,0,NA,NA,NA,NA,0,NA,NA,NA,NA,0,NA,NA,NA,NA,0,NA,NA,NA,NA,NA,NA,NA,NA,NA,NA,NA,NA,NA,NA,0,NA,NA,NA,NA,NA,NA,NA,NA,NA,0,NA,NA,NA,NA,0,NA,NA,NA,NA,0,NA,NA,NA,NA,0,NA,NA,NA,NA,0,NA,NA,NA,NA,NA,NA,NA,NA,NA,0,NA,NA,NA,NA,NA,NA,NA,NA,NA,0,NA,NA,NA,NA,0,NA,NA,NA,NA,NA,NA,NA,NA,NA,0,NA,NA,NA,NA,NA,NA,NA,NA,NA,NA,NA,NA,NA,NA,0,NA,NA,NA,NA,NA,NA,NA,NA,NA
M17 [Vaccines],17.11,Vaccine - Vitamin K,1. Balance From Previous Month,1000,NA,NA,NA,NA,0,NA,NA,NA,NA,NA,NA,NA,NA,NA,0,NA,NA,NA,NA,700,NA,NA,NA,NA,0,NA,NA,NA,NA,0,NA,NA,NA,NA,0,NA,NA,NA,NA,NA,NA,NA,NA,NA,NA,NA,NA,NA,NA,0,NA,NA,NA,NA,NA,NA,NA,NA,NA,0,NA,NA,NA,NA,300,NA,NA,NA,NA,0,NA,NA,NA,NA,0,NA,NA,NA,NA,0,NA,NA,NA,NA,NA,NA,NA,NA,NA,0,NA,NA,NA,NA,NA,NA,NA,NA,NA,0,NA,NA,NA,NA,0,NA,NA,NA,NA,NA,NA,NA,NA,NA,0,NA,NA,NA,NA,NA,NA,NA,NA,NA,NA,NA,NA,NA,NA,0,NA,NA,NA,NA,NA,NA,NA,NA,NA
M17 [Vaccines],17.11,Vaccine - Vitamin K,2. Stocks Received,0,NA,NA,NA,NA,0,NA,NA,NA,NA,NA,NA,NA,NA,NA,NA,NA,NA,NA,NA,0,NA,NA,NA,NA,0,NA,NA,NA,NA,0,NA,NA,NA,NA,0,NA,NA,NA,NA,NA,NA,NA,NA,NA,NA,NA,NA,NA,NA,0,NA,NA,NA,NA,NA,NA,NA,NA,NA,0,NA,NA,NA,NA,0,NA,NA,NA,NA,0,NA,NA,NA,NA,0,NA,NA,NA,NA,0,NA,NA,NA,NA,NA,NA,NA,NA,NA,0,NA,NA,NA,NA,NA,NA,NA,NA,NA,0,NA,NA,NA,NA,0,NA,NA,NA,NA,NA,NA,NA,NA,NA,0,NA,NA,NA,NA,NA,NA,NA,NA,NA,NA,NA,NA,NA,NA,0,NA,NA,NA,NA,NA,NA,NA,NA,NA
M17 [Vaccines],17.11,Vaccine - Vitamin K,3. Unusable Stock,0,NA,NA,NA,NA,0,NA,NA,NA,NA,NA,NA,NA,NA,NA,NA,NA,NA,NA,NA,NA,NA,NA,NA,NA,0,NA,NA,NA,NA,0,NA,NA,NA,NA,0,NA,NA,NA,NA,NA,NA,NA,NA,NA,NA,NA,NA,NA,NA,0,NA,NA,NA,NA,NA,NA,NA,NA,NA,NA,NA,NA,NA,NA,0,NA,NA,NA,NA,NA,NA,NA,NA,NA,0,NA,NA,NA,NA,0,NA,NA,NA,NA,NA,NA,NA,NA,NA,0,NA,NA,NA,NA,NA,NA,NA,NA,NA,0,NA,NA,NA,NA,0,NA,NA,NA,NA,NA,NA,NA,NA,NA,0,NA,NA,NA,NA,NA,NA,NA,NA,NA,NA,NA,NA,NA,NA,0,NA,NA,NA,NA,NA,NA,NA,NA,NA
M17 [Vaccines],17.11,Vaccine - Vitamin K,4. Stock Distributed,450,NA,NA,NA,NA,0,NA,NA,NA,NA,NA,NA,NA,NA,NA,NA,NA,NA,NA,NA,400,NA,NA,NA,NA,0,NA,NA,NA,NA,0,NA,NA,NA,NA,0,NA,NA,NA,NA,NA,NA,NA,NA,NA,NA,NA,NA,NA,NA,0,NA,NA,NA,NA,NA,NA,NA,NA,NA,0,NA,NA,NA,NA,50,NA,NA,NA,NA,NA,NA,NA,NA,NA,0,NA,NA,NA,NA,0,NA,NA,NA,NA,NA,NA,NA,NA,NA,0,NA,NA,NA,NA,NA,NA,NA,NA,NA,0,NA,NA,NA,NA,0,NA,NA,NA,NA,NA,NA,NA,NA,NA,0,NA,NA,NA,NA,NA,NA,NA,NA,NA,NA,NA,NA,NA,NA,0,NA,NA,NA,NA,NA,NA,NA,NA,NA
M17 [Vaccines],17.11,Vaccine - Vitamin K,5. Total Stock,550,NA,NA,NA,NA,0,NA,NA,NA,NA,NA,NA,NA,NA,NA,NA,NA,NA,NA,NA,300,NA,NA,NA,NA,0,NA,NA,NA,NA,0,NA,NA,NA,NA,0,NA,NA,NA,NA,NA,NA,NA,NA,NA,NA,NA,NA,NA,NA,0,NA,NA,NA,NA,NA,NA,NA,NA,NA,0,NA,NA,NA,NA,250,NA,NA,NA,NA,0,NA,NA,NA,NA,0,NA,NA,NA,NA,0,NA,NA,NA,NA,NA,NA,NA,NA,NA,0,NA,NA,NA,NA,NA,NA,NA,NA,NA,0,NA,NA,NA,NA,0,NA,NA,NA,NA,NA,NA,NA,NA,NA,0,NA,NA,NA,NA,NA,NA,NA,NA,NA,NA,NA,NA,NA,NA,0,NA,NA,NA,NA,NA,NA,NA,NA,NA
M17 [Vaccines],17.12,Rotavirus,1. Balance From Previous Month,58162,NA,NA,NA,NA,200,NA,NA,NA,NA,4200,NA,NA,NA,NA,0,NA,NA,NA,NA,2700,NA,NA,NA,NA,1250,NA,NA,NA,NA,460,NA,NA,NA,NA,1200,NA,NA,NA,NA,8800,NA,NA,NA,NA,42,NA,NA,NA,NA,2990,NA,NA,NA,NA,150,NA,NA,NA,NA,3440,NA,NA,NA,NA,5340,NA,NA,NA,NA,4910,NA,NA,NA,NA,1050,NA,NA,NA,NA,580,NA,NA,NA,NA,3120,NA,NA,NA,NA,10500,NA,NA,NA,NA,2350,NA,NA,NA,NA,50,NA,NA,NA,NA,270,NA,NA,NA,NA,4360,NA,NA,NA,NA,0,NA,NA,NA,NA,NA,NA,NA,NA,NA,0,NA,NA,NA,NA,150,NA,NA,NA,NA,50,NA,NA,NA,NA
M17 [Vaccines],17.12,Rotavirus,2. Stocks Received,214960,NA,NA,NA,NA,10200,NA,NA,NA,NA,12000,NA,NA,NA,NA,9900,NA,NA,NA,NA,28800,NA,NA,NA,NA,0,NA,NA,NA,NA,11700,NA,NA,NA,NA,9300,NA,NA,NA,NA,18900,NA,NA,NA,NA,900,NA,NA,NA,NA,0,NA,NA,NA,NA,13900,NA,NA,NA,NA,0,NA,NA,NA,NA,11700,NA,NA,NA,NA,0,NA,NA,NA,NA,10800,NA,NA,NA,NA,13500,NA,NA,NA,NA,0,NA,NA,NA,NA,14400,NA,NA,NA,NA,0,NA,NA,NA,NA,14400,NA,NA,NA,NA,10800,NA,NA,NA,NA,NA,NA,NA,NA,NA,0,NA,NA,NA,NA,NA,NA,NA,NA,NA,2160,NA,NA,NA,NA,12000,NA,NA,NA,NA,9600,NA,NA,NA,NA
M17 [Vaccines],17.12,Rotavirus,3. Unusable Stock,0,NA,NA,NA,NA,0,NA,NA,NA,NA,NA,NA,NA,NA,NA,NA,NA,NA,NA,NA,NA,NA,NA,NA,NA,0,NA,NA,NA,NA,0,NA,NA,NA,NA,0,NA,NA,NA,NA,NA,NA,NA,NA,NA,NA,NA,NA,NA,NA,0,NA,NA,NA,NA,0,NA,NA,NA,NA,NA,NA,NA,NA,NA,0,NA,NA,NA,NA,NA,NA,NA,NA,NA,0,NA,NA,NA,NA,0,NA,NA,NA,NA,0,NA,NA,NA,NA,0,NA,NA,NA,NA,0,NA,NA,NA,NA,0,NA,NA,NA,NA,0,NA,NA,NA,NA,NA,NA,NA,NA,NA,0,NA,NA,NA,NA,NA,NA,NA,NA,NA,0,NA,NA,NA,NA,0,NA,NA,NA,NA,NA,NA,NA,NA,NA
M17 [Vaccines],17.12,Rotavirus,4. Stock Distributed,133717,NA,NA,NA,NA,5450,NA,NA,NA,NA,12000,NA,NA,NA,NA,100,NA,NA,NA,NA,15400,NA,NA,NA,NA,1170,NA,NA,NA,NA,5010,NA,NA,NA,NA,8250,NA,NA,NA,NA,14400,NA,NA,NA,NA,327,NA,NA,NA,NA,1320,NA,NA,NA,NA,1000,NA,NA,NA,NA,730,NA,NA,NA,NA,5100,NA,NA,NA,NA,3980,NA,NA,NA,NA,6600,NA,NA,NA,NA,6280,NA,NA,NA,NA,3120,NA,NA,NA,NA,17100,NA,NA,NA,NA,2350,NA,NA,NA,NA,5050,NA,NA,NA,NA,11070,NA,NA,NA,NA,NA,NA,NA,NA,NA,0,NA,NA,NA,NA,NA,NA,NA,NA,NA,1710,NA,NA,NA,NA,150,NA,NA,NA,NA,6050,NA,NA,NA,NA
M17 [Vaccines],17.12,Rotavirus,5. Total Stock,130335,NA,NA,NA,NA,4950,NA,NA,NA,NA,4200,NA,NA,NA,NA,9800,NA,NA,NA,NA,16100,NA,NA,NA,NA,80,NA,NA,NA,NA,7150,NA,NA,NA,NA,2250,NA,NA,NA,NA,NA,NA,NA,NA,NA,615,NA,NA,NA,NA,1670,NA,NA,NA,NA,13050,NA,NA,NA,NA,2710,NA,NA,NA,NA,11940,NA,NA,NA,NA,930,NA,NA,NA,NA,5250,NA,NA,NA,NA,7800,NA,NA,NA,NA,0,NA,NA,NA,NA,7800,NA,NA,NA,NA,0,NA,NA,NA,NA,9400,NA,NA,NA,NA,0,NA,NA,NA,NA,8590,NA,NA,NA,NA,0,NA,NA,NA,NA,NA,NA,NA,NA,NA,450,NA,NA,NA,NA,12000,NA,NA,NA,NA,3600,NA,NA,NA,NA
M17 [Vaccines],17.13,Inactivated Polio Vaccine,1. Balance From Previous Month,44684,NA,NA,NA,NA,0,NA,NA,NA,NA,350,NA,NA,NA,NA,50,NA,NA,NA,NA,0,NA,NA,NA,NA,450,NA,NA,NA,NA,375,NA,NA,NA,NA,3050,NA,NA,NA,NA,0,NA,NA,NA,NA,0,NA,NA,NA,NA,8000,NA,NA,NA,NA,0,NA,NA,NA,NA,150,NA,NA,NA,NA,1350,NA,NA,NA,NA,0,NA,NA,NA,NA,0,NA,NA,NA,NA,575,NA,NA,NA,NA,NA,NA,NA,NA,NA,25,NA,NA,NA,NA,0,NA,NA,NA,NA,4275,NA,NA,NA,NA,0,NA,NA,NA,NA,3775,NA,NA,NA,NA,0,NA,NA,NA,NA,22050,NA,NA,NA,NA,109,NA,NA,NA,NA,0,NA,NA,NA,NA,100,NA,NA,NA,NA
M17 [Vaccines],17.13,Inactivated Polio Vaccine,2. Stocks Received,3036,NA,NA,NA,NA,0,NA,NA,NA,NA,NA,NA,NA,NA,NA,NA,NA,NA,NA,NA,2500,NA,NA,NA,NA,0,NA,NA,NA,NA,0,NA,NA,NA,NA,0,NA,NA,NA,NA,NA,NA,NA,NA,NA,0,NA,NA,NA,NA,0,NA,NA,NA,NA,0,NA,NA,NA,NA,0,NA,NA,NA,NA,0,NA,NA,NA,NA,0,NA,NA,NA,NA,0,NA,NA,NA,NA,0,NA,NA,NA,NA,NA,NA,NA,NA,NA,0,NA,NA,NA,NA,0,NA,NA,NA,NA,0,NA,NA,NA,NA,0,NA,NA,NA,NA,0,NA,NA,NA,NA,0,NA,NA,NA,NA,0,NA,NA,NA,NA,36,NA,NA,NA,NA,0,NA,NA,NA,NA,500,NA,NA,NA,NA
M17 [Vaccines],17.13,Inactivated Polio Vaccine,3. Unusable Stock,0,NA,NA,NA,NA,0,NA,NA,NA,NA,NA,NA,NA,NA,NA,NA,NA,NA,NA,NA,NA,NA,NA,NA,NA,0,NA,NA,NA,NA,0,NA,NA,NA,NA,0,NA,NA,NA,NA,NA,NA,NA,NA,NA,NA,NA,NA,NA,NA,NA,NA,NA,NA,NA,0,NA,NA,NA,NA,NA,NA,NA,NA,NA,0,NA,NA,NA,NA,NA,NA,NA,NA,NA,0,NA,NA,NA,NA,0,NA,NA,NA,NA,NA,NA,NA,NA,NA,0,NA,NA,NA,NA,0,NA,NA,NA,NA,0,NA,NA,NA,NA,0,NA,NA,NA,NA,NA,NA,NA,NA,NA,0,NA,NA,NA,NA,0,NA,NA,NA,NA,0,NA,NA,NA,NA,0,NA,NA,NA,NA,NA,NA,NA,NA,NA
M17 [Vaccines],17.13,Inactivated Polio Vaccine,4. Stock Distributed,19134,NA,NA,NA,NA,0,NA,NA,NA,NA,NA,NA,NA,NA,NA,0,NA,NA,NA,NA,2000,NA,NA,NA,NA,450,NA,NA,NA,NA,375,NA,NA,NA,NA,3050,NA,NA,NA,NA,NA,NA,NA,NA,NA,0,NA,NA,NA,NA,475,NA,NA,NA,NA,0,NA,NA,NA,NA,0,NA,NA,NA,NA,1350,NA,NA,NA,NA,0,NA,NA,NA,NA,0,NA,NA,NA,NA,575,NA,NA,NA,NA,NA,NA,NA,NA,NA,0,NA,NA,NA,NA,0,NA,NA,NA,NA,4275,NA,NA,NA,NA,0,NA,NA,NA,NA,NA,NA,NA,NA,NA,0,NA,NA,NA,NA,6000,NA,NA,NA,NA,84,NA,NA,NA,NA,0,NA,NA,NA,NA,500,NA,NA,NA,NA
M17 [Vaccines],17.13,Inactivated Polio Vaccine,5. Total Stock,8761,NA,NA,NA,NA,0,NA,NA,NA,NA,350,NA,NA,NA,NA,50,NA,NA,NA,NA,500,NA,NA,NA,NA,0,NA,NA,NA,NA,0,NA,NA,NA,NA,0,NA,NA,NA,NA,NA,NA,NA,NA,NA,0,NA,NA,NA,NA,7525,NA,NA,NA,NA,0,NA,NA,NA,NA,150,NA,NA,NA,NA,0,NA,NA,NA,NA,0,NA,NA,NA,NA,0,NA,NA,NA,NA,0,NA,NA,NA,NA,NA,NA,NA,NA,NA,25,NA,NA,NA,NA,0,NA,NA,NA,NA,0,NA,NA,NA,NA,0,NA,NA,NA,NA,0,NA,NA,NA,NA,0,NA,NA,NA,NA,NA,NA,NA,NA,NA,61,NA,NA,NA,NA,0,NA,NA,NA,NA,100,NA,NA,NA,NA
M17 [Vaccines],17.14,Measles Rubella (MR),1. Balance From Previous Month,350420,NA,NA,NA,NA,0,NA,NA,NA,NA,NA,NA,NA,NA,NA,55900,NA,NA,NA,NA,850,NA,NA,NA,NA,5900,NA,NA,NA,NA,12500,NA,NA,NA,NA,0,NA,NA,NA,NA,NA,NA,NA,NA,NA,850,NA,NA,NA,NA,6170,NA,NA,NA,NA,0,NA,NA,NA,NA,101600,NA,NA,NA,NA,0,NA,NA,NA,NA,16180,NA,NA,NA,NA,0,NA,NA,NA,NA,0,NA,NA,NA,NA,27400,NA,NA,NA,NA,25500,NA,NA,NA,NA,2220,NA,NA,NA,NA,17800,NA,NA,NA,NA,0,NA,NA,NA,NA,57270,NA,NA,NA,NA,0,NA,NA,NA,NA,NA,NA,NA,NA,NA,0,NA,NA,NA,NA,20280,NA,NA,NA,NA,0,NA,NA,NA,NA
M17 [Vaccines],17.14,Measles Rubella (MR),2. Stocks Received,67200,NA,NA,NA,NA,12000,NA,NA,NA,NA,NA,NA,NA,NA,NA,18000,NA,NA,NA,NA,0,NA,NA,NA,NA,0,NA,NA,NA,NA,0,NA,NA,NA,NA,0,NA,NA,NA,NA,NA,NA,NA,NA,NA,0,NA,NA,NA,NA,0,NA,NA,NA,NA,0,NA,NA,NA,NA,0,NA,NA,NA,NA,0,NA,NA,NA,NA,0,NA,NA,NA,NA,0,NA,NA,NA,NA,0,NA,NA,NA,NA,0,NA,NA,NA,NA,36000,NA,NA,NA,NA,0,NA,NA,NA,NA,0,NA,NA,NA,NA,0,NA,NA,NA,NA,NA,NA,NA,NA,NA,0,NA,NA,NA,NA,NA,NA,NA,NA,NA,1200,NA,NA,NA,NA,0,NA,NA,NA,NA,0,NA,NA,NA,NA
M17 [Vaccines],17.14,Measles Rubella (MR),3. Unusable Stock,0,NA,NA,NA,NA,0,NA,NA,NA,NA,NA,NA,NA,NA,NA,NA,NA,NA,NA,NA,NA,NA,NA,NA,NA,0,NA,NA,NA,NA,0,NA,NA,NA,NA,0,NA,NA,NA,NA,NA,NA,NA,NA,NA,NA,NA,NA,NA,NA,0,NA,NA,NA,NA,0,NA,NA,NA,NA,NA,NA,NA,NA,NA,0,NA,NA,NA,NA,NA,NA,NA,NA,NA,0,NA,NA,NA,NA,0,NA,NA,NA,NA,0,NA,NA,NA,NA,0,NA,NA,NA,NA,0,NA,NA,NA,NA,0,NA,NA,NA,NA,0,NA,NA,NA,NA,NA,NA,NA,NA,NA,0,NA,NA,NA,NA,NA,NA,NA,NA,NA,0,NA,NA,NA,NA,0,NA,NA,NA,NA,NA,NA,NA,NA,NA
M17 [Vaccines],17.14,Measles Rubella (MR),4. Stock Distributed,168310,NA,NA,NA,NA,3000,NA,NA,NA,NA,NA,NA,NA,NA,NA,55000,NA,NA,NA,NA,0,NA,NA,NA,NA,5400,NA,NA,NA,NA,0,NA,NA,NA,NA,0,NA,NA,NA,NA,NA,NA,NA,NA,NA,10,NA,NA,NA,NA,0,NA,NA,NA,NA,NA,NA,NA,NA,NA,0,NA,NA,NA,NA,0,NA,NA,NA,NA,0,NA,NA,NA,NA,0,NA,NA,NA,NA,0,NA,NA,NA,NA,26550,NA,NA,NA,NA,56000,NA,NA,NA,NA,2000,NA,NA,NA,NA,17800,NA,NA,NA,NA,0,NA,NA,NA,NA,NA,NA,NA,NA,NA,0,NA,NA,NA,NA,NA,NA,NA,NA,NA,850,NA,NA,NA,NA,1700,NA,NA,NA,NA,0,NA,NA,NA,NA
M17 [Vaccines],17.14,Measles Rubella (MR),5. Total Stock,204410,NA,NA,NA,NA,9000,NA,NA,NA,NA,NA,NA,NA,NA,NA,18900,NA,NA,NA,NA,850,NA,NA,NA,NA,500,NA,NA,NA,NA,12500,NA,NA,NA,NA,0,NA,NA,NA,NA,NA,NA,NA,NA,NA,840,NA,NA,NA,NA,6170,NA,NA,NA,NA,NA,NA,NA,NA,NA,101600,NA,NA,NA,NA,0,NA,NA,NA,NA,16180,NA,NA,NA,NA,0,NA,NA,NA,NA,0,NA,NA,NA,NA,850,NA,NA,NA,NA,5500,NA,NA,NA,NA,220,NA,NA,NA,NA,0,NA,NA,NA,NA,0,NA,NA,NA,NA,12370,NA,NA,NA,NA,0,NA,NA,NA,NA,NA,NA,NA,NA,NA,350,NA,NA,NA,NA,18580,NA,NA,NA,NA,0,NA,NA,NA,NA
M18 [Family Planning],18.1,IUD 380 A,1. Balance From Previous Month,3285,NA,NA,NA,NA,0,NA,NA,NA,NA,250,NA,NA,NA,NA,NA,NA,NA,NA,NA,475,NA,NA,NA,NA,50,NA,NA,NA,NA,0,NA,NA,NA,NA,0,NA,NA,NA,NA,NA,NA,NA,NA,NA,250,NA,NA,NA,NA,0,NA,NA,NA,NA,0,NA,NA,NA,NA,400,NA,NA,NA,NA,0,NA,NA,NA,NA,NA,NA,NA,NA,NA,NA,NA,NA,NA,NA,0,NA,NA,NA,NA,0,NA,NA,NA,NA,NA,NA,NA,NA,NA,100,NA,NA,NA,NA,0,NA,NA,NA,NA,410,NA,NA,NA,NA,NA,NA,NA,NA,NA,0,NA,NA,NA,NA,0,NA,NA,NA,NA,950,NA,NA,NA,NA,400,NA,NA,NA,NA,0,NA,NA,NA,NA
M18 [Family Planning],18.1,IUD 380 A,2. Stocks Received,7200,NA,NA,NA,NA,0,NA,NA,NA,NA,1100,NA,NA,NA,NA,1000,NA,NA,NA,NA,100,NA,NA,NA,NA,0,NA,NA,NA,NA,0,NA,NA,NA,NA,1000,NA,NA,NA,NA,NA,NA,NA,NA,NA,NA,NA,NA,NA,NA,0,NA,NA,NA,NA,0,NA,NA,NA,NA,1000,NA,NA,NA,NA,0,NA,NA,NA,NA,NA,NA,NA,NA,NA,NA,NA,NA,NA,NA,0,NA,NA,NA,NA,0,NA,NA,NA,NA,NA,NA,NA,NA,NA,1000,NA,NA,NA,NA,0,NA,NA,NA,NA,0,NA,NA,NA,NA,NA,NA,NA,NA,NA,0,NA,NA,NA,NA,1000,NA,NA,NA,NA,0,NA,NA,NA,NA,1000,NA,NA,NA,NA,0,NA,NA,NA,NA
M18 [Family Planning],18.1,IUD 380 A,3. Unusable Stock,0,NA,NA,NA,NA,0,NA,NA,NA,NA,NA,NA,NA,NA,NA,NA,NA,NA,NA,NA,NA,NA,NA,NA,NA,0,NA,NA,NA,NA,0,NA,NA,NA,NA,0,NA,NA,NA,NA,NA,NA,NA,NA,NA,NA,NA,NA,NA,NA,0,NA,NA,NA,NA,0,NA,NA,NA,NA,NA,NA,NA,NA,NA,0,NA,NA,NA,NA,NA,NA,NA,NA,NA,NA,NA,NA,NA,NA,0,NA,NA,NA,NA,0,NA,NA,NA,NA,NA,NA,NA,NA,NA,0,NA,NA,NA,NA,0,NA,NA,NA,NA,0,NA,NA,NA,NA,NA,NA,NA,NA,NA,0,NA,NA,NA,NA,0,NA,NA,NA,NA,0,NA,NA,NA,NA,NA,NA,NA,NA,NA,0,NA,NA,NA,NA
M18 [Family Planning],18.1,IUD 380 A,4. Stock Distributed,3189,NA,NA,NA,NA,0,NA,NA,NA,NA,100,NA,NA,NA,NA,1000,NA,NA,NA,NA,75,NA,NA,NA,NA,0,NA,NA,NA,NA,0,NA,NA,NA,NA,500,NA,NA,NA,NA,NA,NA,NA,NA,NA,200,NA,NA,NA,NA,0,NA,NA,NA,NA,0,NA,NA,NA,NA,300,NA,NA,NA,NA,0,NA,NA,NA,NA,NA,NA,NA,NA,NA,NA,NA,NA,NA,NA,0,NA,NA,NA,NA,0,NA,NA,NA,NA,NA,NA,NA,NA,NA,100,NA,NA,NA,NA,0,NA,NA,NA,NA,114,NA,NA,NA,NA,NA,NA,NA,NA,NA,0,NA,NA,NA,NA,600,NA,NA,NA,NA,200,NA,NA,NA,NA,NA,NA,NA,NA,NA,0,NA,NA,NA,NA
M18 [Family Planning],18.1,IUD 380 A,5. Total Stock,7296,NA,NA,NA,NA,0,NA,NA,NA,NA,1250,NA,NA,NA,NA,0,NA,NA,NA,NA,500,NA,NA,NA,NA,50,NA,NA,NA,NA,0,NA,NA,NA,NA,500,NA,NA,NA,NA,0,NA,NA,NA,NA,50,NA,NA,NA,NA,0,NA,NA,NA,NA,0,NA,NA,NA,NA,1100,NA,NA,NA,NA,0,NA,NA,NA,NA,0,NA,NA,NA,NA,0,NA,NA,NA,NA,0,NA,NA,NA,NA,0,NA,NA,NA,NA,0,NA,NA,NA,NA,1000,NA,NA,NA,NA,0,NA,NA,NA,NA,296,NA,NA,NA,NA,0,NA,NA,NA,NA,0,NA,NA,NA,NA,400,NA,NA,NA,NA,750,NA,NA,NA,NA,1400,NA,NA,NA,NA,0,NA,NA,NA,NA
M18 [Family Planning],18.2,IUD 375 A,1. Balance From Previous Month,2718,NA,NA,NA,NA,0,NA,NA,NA,NA,0,NA,NA,NA,NA,NA,NA,NA,NA,NA,425,NA,NA,NA,NA,0,NA,NA,NA,NA,0,NA,NA,NA,NA,60,NA,NA,NA,NA,NA,NA,NA,NA,NA,200,NA,NA,NA,NA,0,NA,NA,NA,NA,0,NA,NA,NA,NA,950,NA,NA,NA,NA,0,NA,NA,NA,NA,NA,NA,NA,NA,NA,NA,NA,NA,NA,NA,0,NA,NA,NA,NA,0,NA,NA,NA,NA,NA,NA,NA,NA,NA,179,NA,NA,NA,NA,0,NA,NA,NA,NA,433,NA,NA,NA,NA,NA,NA,NA,NA,NA,100,NA,NA,NA,NA,0,NA,NA,NA,NA,0,NA,NA,NA,NA,371,NA,NA,NA,NA,0,NA,NA,NA,NA
M18 [Family Planning],18.2,IUD 375 A,2. Stocks Received,5600,NA,NA,NA,NA,0,NA,NA,NA,NA,1000,NA,NA,NA,NA,500,NA,NA,NA,NA,100,NA,NA,NA,NA,0,NA,NA,NA,NA,0,NA,NA,NA,NA,500,NA,NA,NA,NA,NA,NA,NA,NA,NA,NA,NA,NA,NA,NA,0,NA,NA,NA,NA,0,NA,NA,NA,NA,1000,NA,NA,NA,NA,0,NA,NA,NA,NA,NA,NA,NA,NA,NA,NA,NA,NA,NA,NA,0,NA,NA,NA,NA,0,NA,NA,NA,NA,NA,NA,NA,NA,NA,1000,NA,NA,NA,NA,0,NA,NA,NA,NA,0,NA,NA,NA,NA,NA,NA,NA,NA,NA,0,NA,NA,NA,NA,1000,NA,NA,NA,NA,0,NA,NA,NA,NA,500,NA,NA,NA,NA,0,NA,NA,NA,NA
M18 [Family Planning],18.2,IUD 375 A,3. Unusable Stock,0,NA,NA,NA,NA,0,NA,NA,NA,NA,NA,NA,NA,NA,NA,NA,NA,NA,NA,NA,NA,NA,NA,NA,NA,0,NA,NA,NA,NA,0,NA,NA,NA,NA,0,NA,NA,NA,NA,NA,NA,NA,NA,NA,NA,NA,NA,NA,NA,0,NA,NA,NA,NA,0,NA,NA,NA,NA,NA,NA,NA,NA,NA,0,NA,NA,NA,NA,NA,NA,NA,NA,NA,NA,NA,NA,NA,NA,0,NA,NA,NA,NA,0,NA,NA,NA,NA,NA,NA,NA,NA,NA,0,NA,NA,NA,NA,0,NA,NA,NA,NA,0,NA,NA,NA,NA,NA,NA,NA,NA,NA,0,NA,NA,NA,NA,0,NA,NA,NA,NA,NA,NA,NA,NA,NA,NA,NA,NA,NA,NA,0,NA,NA,NA,NA
M18 [Family Planning],18.2,IUD 375 A,4. Stock Distributed,2278,NA,NA,NA,NA,0,NA,NA,NA,NA,0,NA,NA,NA,NA,500,NA,NA,NA,NA,64,NA,NA,NA,NA,0,NA,NA,NA,NA,0,NA,NA,NA,NA,450,NA,NA,NA,NA,NA,NA,NA,NA,NA,150,NA,NA,NA,NA,0,NA,NA,NA,NA,0,NA,NA,NA,NA,350,NA,NA,NA,NA,0,NA,NA,NA,NA,NA,NA,NA,NA,NA,NA,NA,NA,NA,NA,0,NA,NA,NA,NA,0,NA,NA,NA,NA,NA,NA,NA,NA,NA,100,NA,NA,NA,NA,0,NA,NA,NA,NA,114,NA,NA,NA,NA,NA,NA,NA,NA,NA,0,NA,NA,NA,NA,550,NA,NA,NA,NA,0,NA,NA,NA,NA,NA,NA,NA,NA,NA,0,NA,NA,NA,NA
M18 [Family Planning],18.2,IUD 375 A,5. Total Stock,6040,NA,NA,NA,NA,0,NA,NA,NA,NA,1000,NA,NA,NA,NA,0,NA,NA,NA,NA,461,NA,NA,NA,NA,0,NA,NA,NA,NA,0,NA,NA,NA,NA,110,NA,NA,NA,NA,0,NA,NA,NA,NA,50,NA,NA,NA,NA,0,NA,NA,NA,NA,0,NA,NA,NA,NA,1600,NA,NA,NA,NA,0,NA,NA,NA,NA,0,NA,NA,NA,NA,0,NA,NA,NA,NA,0,NA,NA,NA,NA,0,NA,NA,NA,NA,0,NA,NA,NA,NA,1079,NA,NA,NA,NA,0,NA,NA,NA,NA,319,NA,NA,NA,NA,0,NA,NA,NA,NA,100,NA,NA,NA,NA,450,NA,NA,NA,NA,0,NA,NA,NA,NA,871,NA,NA,NA,NA,0,NA,NA,NA,NA
M18 [Family Planning],18.3,Condoms,1. Balance From Previous Month,1026793,NA,NA,NA,NA,0,NA,NA,NA,NA,47568,NA,NA,NA,NA,NA,NA,NA,NA,NA,158750,NA,NA,NA,NA,46730,NA,NA,NA,NA,0,NA,NA,NA,NA,203130,NA,NA,NA,NA,NA,NA,NA,NA,NA,58540,NA,NA,NA,NA,90850,NA,NA,NA,NA,0,NA,NA,NA,NA,22836,NA,NA,NA,NA,20300,NA,NA,NA,NA,NA,NA,NA,NA,NA,NA,NA,NA,NA,NA,0,NA,NA,NA,NA,0,NA,NA,NA,NA,NA,NA,NA,NA,NA,3000,NA,NA,NA,NA,0,NA,NA,NA,NA,15486,NA,NA,NA,NA,NA,NA,NA,NA,NA,135248,NA,NA,NA,NA,138800,NA,NA,NA,NA,41840,NA,NA,NA,NA,27085,NA,NA,NA,NA,16630,NA,NA,NA,NA
M18 [Family Planning],18.3,Condoms,2. Stocks Received,0,NA,NA,NA,NA,0,NA,NA,NA,NA,0,NA,NA,NA,NA,NA,NA,NA,NA,NA,0,NA,NA,NA,NA,0,NA,NA,NA,NA,0,NA,NA,NA,NA,0,NA,NA,NA,NA,NA,NA,NA,NA,NA,NA,NA,NA,NA,NA,0,NA,NA,NA,NA,0,NA,NA,NA,NA,0,NA,NA,NA,NA,0,NA,NA,NA,NA,NA,NA,NA,NA,NA,NA,NA,NA,NA,NA,0,NA,NA,NA,NA,0,NA,NA,NA,NA,NA,NA,NA,NA,NA,0,NA,NA,NA,NA,0,NA,NA,NA,NA,0,NA,NA,NA,NA,NA,NA,NA,NA,NA,0,NA,NA,NA,NA,0,NA,NA,NA,NA,0,NA,NA,NA,NA,NA,NA,NA,NA,NA,0,NA,NA,NA,NA
M18 [Family Planning],18.3,Condoms,3. Unusable Stock,0,NA,NA,NA,NA,0,NA,NA,NA,NA,NA,NA,NA,NA,NA,NA,NA,NA,NA,NA,NA,NA,NA,NA,NA,0,NA,NA,NA,NA,0,NA,NA,NA,NA,0,NA,NA,NA,NA,NA,NA,NA,NA,NA,NA,NA,NA,NA,NA,0,NA,NA,NA,NA,0,NA,NA,NA,NA,NA,NA,NA,NA,NA,0,NA,NA,NA,NA,NA,NA,NA,NA,NA,NA,NA,NA,NA,NA,0,NA,NA,NA,NA,0,NA,NA,NA,NA,NA,NA,NA,NA,NA,0,NA,NA,NA,NA,0,NA,NA,NA,NA,0,NA,NA,NA,NA,NA,NA,NA,NA,NA,0,NA,NA,NA,NA,0,NA,NA,NA,NA,0,NA,NA,NA,NA,NA,NA,NA,NA,NA,0,NA,NA,NA,NA
M18 [Family Planning],18.3,Condoms,4. Stock Distributed,190105,NA,NA,NA,NA,0,NA,NA,NA,NA,28440,NA,NA,NA,NA,NA,NA,NA,NA,NA,5000,NA,NA,NA,NA,0,NA,NA,NA,NA,0,NA,NA,NA,NA,60600,NA,NA,NA,NA,NA,NA,NA,NA,NA,NA,NA,NA,NA,NA,300,NA,NA,NA,NA,0,NA,NA,NA,NA,0,NA,NA,NA,NA,0,NA,NA,NA,NA,NA,NA,NA,NA,NA,NA,NA,NA,NA,NA,0,NA,NA,NA,NA,0,NA,NA,NA,NA,NA,NA,NA,NA,NA,0,NA,NA,NA,NA,0,NA,NA,NA,NA,7055,NA,NA,NA,NA,NA,NA,NA,NA,NA,0,NA,NA,NA,NA,59960,NA,NA,NA,NA,12000,NA,NA,NA,NA,750,NA,NA,NA,NA,16000,NA,NA,NA,NA
M18 [Family Planning],18.3,Condoms,5. Total Stock,836688,NA,NA,NA,NA,0,NA,NA,NA,NA,19128,NA,NA,NA,NA,0,NA,NA,NA,NA,153750,NA,NA,NA,NA,46730,NA,NA,NA,NA,0,NA,NA,NA,NA,142530,NA,NA,NA,NA,0,NA,NA,NA,NA,58540,NA,NA,NA,NA,90550,NA,NA,NA,NA,0,NA,NA,NA,NA,22836,NA,NA,NA,NA,20300,NA,NA,NA,NA,0,NA,NA,NA,NA,0,NA,NA,NA,NA,0,NA,NA,NA,NA,0,NA,NA,NA,NA,0,NA,NA,NA,NA,3000,NA,NA,NA,NA,0,NA,NA,NA,NA,8431,NA,NA,NA,NA,0,NA,NA,NA,NA,135248,NA,NA,NA,NA,78840,NA,NA,NA,NA,29840,NA,NA,NA,NA,26335,NA,NA,NA,NA,630,NA,NA,NA,NA
M18 [Family Planning],18.4,Oral Contraceptive,1. Balance From Previous Month,31387,NA,NA,NA,NA,0,NA,NA,NA,NA,7900,NA,NA,NA,NA,NA,NA,NA,NA,NA,300,NA,NA,NA,NA,3100,NA,NA,NA,NA,0,NA,NA,NA,NA,200,NA,NA,NA,NA,NA,NA,NA,NA,NA,2800,NA,NA,NA,NA,500,NA,NA,NA,NA,0,NA,NA,NA,NA,4000,NA,NA,NA,NA,0,NA,NA,NA,NA,NA,NA,NA,NA,NA,NA,NA,NA,NA,NA,0,NA,NA,NA,NA,0,NA,NA,NA,NA,NA,NA,NA,NA,NA,300,NA,NA,NA,NA,0,NA,NA,NA,NA,0,NA,NA,NA,NA,NA,NA,NA,NA,NA,7787,NA,NA,NA,NA,NA,NA,NA,NA,NA,NA,NA,NA,NA,NA,4500,NA,NA,NA,NA,0,NA,NA,NA,NA
M18 [Family Planning],18.4,Oral Contraceptive,2. Stocks Received,47700,NA,NA,NA,NA,0,NA,NA,NA,NA,0,NA,NA,NA,NA,10000,NA,NA,NA,NA,1700,NA,NA,NA,NA,0,NA,NA,NA,NA,0,NA,NA,NA,NA,10000,NA,NA,NA,NA,NA,NA,NA,NA,NA,NA,NA,NA,NA,NA,0,NA,NA,NA,NA,0,NA,NA,NA,NA,6000,NA,NA,NA,NA,0,NA,NA,NA,NA,NA,NA,NA,NA,NA,NA,NA,NA,NA,NA,0,NA,NA,NA,NA,0,NA,NA,NA,NA,NA,NA,NA,NA,NA,0,NA,NA,NA,NA,0,NA,NA,NA,NA,20000,NA,NA,NA,NA,NA,NA,NA,NA,NA,0,NA,NA,NA,NA,NA,NA,NA,NA,NA,NA,NA,NA,NA,NA,NA,NA,NA,NA,NA,0,NA,NA,NA,NA
M18 [Family Planning],18.4,Oral Contraceptive,3. Unusable Stock,0,NA,NA,NA,NA,0,NA,NA,NA,NA,NA,NA,NA,NA,NA,NA,NA,NA,NA,NA,NA,NA,NA,NA,NA,0,NA,NA,NA,NA,0,NA,NA,NA,NA,0,NA,NA,NA,NA,NA,NA,NA,NA,NA,NA,NA,NA,NA,NA,0,NA,NA,NA,NA,0,NA,NA,NA,NA,NA,NA,NA,NA,NA,0,NA,NA,NA,NA,NA,NA,NA,NA,NA,NA,NA,NA,NA,NA,0,NA,NA,NA,NA,0,NA,NA,NA,NA,NA,NA,NA,NA,NA,0,NA,NA,NA,NA,0,NA,NA,NA,NA,0,NA,NA,NA,NA,NA,NA,NA,NA,NA,0,NA,NA,NA,NA,NA,NA,NA,NA,NA,NA,NA,NA,NA,NA,NA,NA,NA,NA,NA,0,NA,NA,NA,NA
M18 [Family Planning],18.4,Oral Contraceptive,4. Stock Distributed,30048,NA,NA,NA,NA,0,NA,NA,NA,NA,5800,NA,NA,NA,NA,10000,NA,NA,NA,NA,300,NA,NA,NA,NA,0,NA,NA,NA,NA,0,NA,NA,NA,NA,6100,NA,NA,NA,NA,NA,NA,NA,NA,NA,2000,NA,NA,NA,NA,0,NA,NA,NA,NA,0,NA,NA,NA,NA,0,NA,NA,NA,NA,0,NA,NA,NA,NA,NA,NA,NA,NA,NA,NA,NA,NA,NA,NA,0,NA,NA,NA,NA,0,NA,NA,NA,NA,NA,NA,NA,NA,NA,0,NA,NA,NA,NA,0,NA,NA,NA,NA,4848,NA,NA,NA,NA,NA,NA,NA,NA,NA,0,NA,NA,NA,NA,NA,NA,NA,NA,NA,NA,NA,NA,NA,NA,1000,NA,NA,NA,NA,0,NA,NA,NA,NA
M18 [Family Planning],18.4,Oral Contraceptive,5. Total Stock,49039,NA,NA,NA,NA,0,NA,NA,NA,NA,2100,NA,NA,NA,NA,0,NA,NA,NA,NA,1700,NA,NA,NA,NA,3100,NA,NA,NA,NA,0,NA,NA,NA,NA,4100,NA,NA,NA,NA,0,NA,NA,NA,NA,800,NA,NA,NA,NA,500,NA,NA,NA,NA,0,NA,NA,NA,NA,10000,NA,NA,NA,NA,0,NA,NA,NA,NA,0,NA,NA,NA,NA,0,NA,NA,NA,NA,0,NA,NA,NA,NA,0,NA,NA,NA,NA,0,NA,NA,NA,NA,300,NA,NA,NA,NA,0,NA,NA,NA,NA,15152,NA,NA,NA,NA,0,NA,NA,NA,NA,7787,NA,NA,NA,NA,0,NA,NA,NA,NA,0,NA,NA,NA,NA,3500,NA,NA,NA,NA,0,NA,NA,NA,NA
M18 [Family Planning],18.5,Emergency Contraceptive Pills,1. Balance From Previous Month,12682,NA,NA,NA,NA,0,NA,NA,NA,NA,450,NA,NA,NA,NA,NA,NA,NA,NA,NA,0,NA,NA,NA,NA,100,NA,NA,NA,NA,0,NA,NA,NA,NA,1300,NA,NA,NA,NA,NA,NA,NA,NA,NA,800,NA,NA,NA,NA,900,NA,NA,NA,NA,0,NA,NA,NA,NA,2800,NA,NA,NA,NA,0,NA,NA,NA,NA,NA,NA,NA,NA,NA,NA,NA,NA,NA,NA,0,NA,NA,NA,NA,0,NA,NA,NA,NA,NA,NA,NA,NA,NA,273,NA,NA,NA,NA,0,NA,NA,NA,NA,459,NA,NA,NA,NA,NA,NA,NA,NA,NA,500,NA,NA,NA,NA,600,NA,NA,NA,NA,2000,NA,NA,NA,NA,2500,NA,NA,NA,NA,0,NA,NA,NA,NA
M18 [Family Planning],18.5,Emergency Contraceptive Pills,2. Stocks Received,10100,NA,NA,NA,NA,0,NA,NA,NA,NA,0,NA,NA,NA,NA,NA,NA,NA,NA,NA,0,NA,NA,NA,NA,0,NA,NA,NA,NA,0,NA,NA,NA,NA,100,NA,NA,NA,NA,NA,NA,NA,NA,NA,NA,NA,NA,NA,NA,0,NA,NA,NA,NA,0,NA,NA,NA,NA,0,NA,NA,NA,NA,0,NA,NA,NA,NA,NA,NA,NA,NA,NA,NA,NA,NA,NA,NA,0,NA,NA,NA,NA,0,NA,NA,NA,NA,NA,NA,NA,NA,NA,0,NA,NA,NA,NA,0,NA,NA,NA,NA,0,NA,NA,NA,NA,NA,NA,NA,NA,NA,0,NA,NA,NA,NA,0,NA,NA,NA,NA,0,NA,NA,NA,NA,10000,NA,NA,NA,NA,0,NA,NA,NA,NA
M18 [Family Planning],18.5,Emergency Contraceptive Pills,3. Unusable Stock,0,NA,NA,NA,NA,0,NA,NA,NA,NA,NA,NA,NA,NA,NA,NA,NA,NA,NA,NA,NA,NA,NA,NA,NA,0,NA,NA,NA,NA,0,NA,NA,NA,NA,0,NA,NA,NA,NA,NA,NA,NA,NA,NA,NA,NA,NA,NA,NA,0,NA,NA,NA,NA,0,NA,NA,NA,NA,NA,NA,NA,NA,NA,0,NA,NA,NA,NA,NA,NA,NA,NA,NA,NA,NA,NA,NA,NA,0,NA,NA,NA,NA,0,NA,NA,NA,NA,NA,NA,NA,NA,NA,0,NA,NA,NA,NA,0,NA,NA,NA,NA,0,NA,NA,NA,NA,NA,NA,NA,NA,NA,0,NA,NA,NA,NA,0,NA,NA,NA,NA,0,NA,NA,NA,NA,NA,NA,NA,NA,NA,0,NA,NA,NA,NA
M18 [Family Planning],18.5,Emergency Contraceptive Pills,4. Stock Distributed,2872,NA,NA,NA,NA,0,NA,NA,NA,NA,350,NA,NA,NA,NA,NA,NA,NA,NA,NA,0,NA,NA,NA,NA,0,NA,NA,NA,NA,0,NA,NA,NA,NA,900,NA,NA,NA,NA,NA,NA,NA,NA,NA,300,NA,NA,NA,NA,0,NA,NA,NA,NA,0,NA,NA,NA,NA,0,NA,NA,NA,NA,0,NA,NA,NA,NA,NA,NA,NA,NA,NA,NA,NA,NA,NA,NA,0,NA,NA,NA,NA,0,NA,NA,NA,NA,NA,NA,NA,NA,NA,0,NA,NA,NA,NA,0,NA,NA,NA,NA,22,NA,NA,NA,NA,NA,NA,NA,NA,NA,0,NA,NA,NA,NA,300,NA,NA,NA,NA,1000,NA,NA,NA,NA,NA,NA,NA,NA,NA,0,NA,NA,NA,NA
M18 [Family Planning],18.5,Emergency Contraceptive Pills,5. Total Stock,19910,NA,NA,NA,NA,0,NA,NA,NA,NA,100,NA,NA,NA,NA,0,NA,NA,NA,NA,0,NA,NA,NA,NA,100,NA,NA,NA,NA,0,NA,NA,NA,NA,500,NA,NA,NA,NA,0,NA,NA,NA,NA,500,NA,NA,NA,NA,900,NA,NA,NA,NA,0,NA,NA,NA,NA,2800,NA,NA,NA,NA,0,NA,NA,NA,NA,0,NA,NA,NA,NA,0,NA,NA,NA,NA,0,NA,NA,NA,NA,0,NA,NA,NA,NA,0,NA,NA,NA,NA,273,NA,NA,NA,NA,0,NA,NA,NA,NA,437,NA,NA,NA,NA,0,NA,NA,NA,NA,500,NA,NA,NA,NA,300,NA,NA,NA,NA,1000,NA,NA,NA,NA,12500,NA,NA,NA,NA,0,NA,NA,NA,NA
M18 [Family Planning],18.6,Centchroman weekly pills,1. Balance From Previous Month,8171,NA,NA,NA,NA,0,NA,NA,NA,NA,0,NA,NA,NA,NA,NA,NA,NA,NA,NA,3600,NA,NA,NA,NA,100,NA,NA,NA,NA,0,NA,NA,NA,NA,600,NA,NA,NA,NA,NA,NA,NA,NA,NA,0,NA,NA,NA,NA,0,NA,NA,NA,NA,0,NA,NA,NA,NA,1500,NA,NA,NA,NA,0,NA,NA,NA,NA,NA,NA,NA,NA,NA,NA,NA,NA,NA,NA,0,NA,NA,NA,NA,NA,NA,NA,NA,NA,NA,NA,NA,NA,NA,NA,NA,NA,NA,NA,0,NA,NA,NA,NA,1771,NA,NA,NA,NA,NA,NA,NA,NA,NA,600,NA,NA,NA,NA,NA,NA,NA,NA,NA,NA,NA,NA,NA,NA,0,NA,NA,NA,NA,0,NA,NA,NA,NA
M18 [Family Planning],18.6,Centchroman weekly pills,2. Stocks Received,11000,NA,NA,NA,NA,0,NA,NA,NA,NA,0,NA,NA,NA,NA,NA,NA,NA,NA,NA,2000,NA,NA,NA,NA,0,NA,NA,NA,NA,0,NA,NA,NA,NA,5000,NA,NA,NA,NA,NA,NA,NA,NA,NA,NA,NA,NA,NA,NA,0,NA,NA,NA,NA,0,NA,NA,NA,NA,0,NA,NA,NA,NA,0,NA,NA,NA,NA,NA,NA,NA,NA,NA,NA,NA,NA,NA,NA,0,NA,NA,NA,NA,NA,NA,NA,NA,NA,NA,NA,NA,NA,NA,1000,NA,NA,NA,NA,0,NA,NA,NA,NA,0,NA,NA,NA,NA,NA,NA,NA,NA,NA,0,NA,NA,NA,NA,NA,NA,NA,NA,NA,NA,NA,NA,NA,NA,3000,NA,NA,NA,NA,0,NA,NA,NA,NA
M18 [Family Planning],18.6,Centchroman weekly pills,3. Unusable Stock,0,NA,NA,NA,NA,0,NA,NA,NA,NA,NA,NA,NA,NA,NA,NA,NA,NA,NA,NA,NA,NA,NA,NA,NA,0,NA,NA,NA,NA,0,NA,NA,NA,NA,0,NA,NA,NA,NA,NA,NA,NA,NA,NA,NA,NA,NA,NA,NA,0,NA,NA,NA,NA,0,NA,NA,NA,NA,NA,NA,NA,NA,NA,0,NA,NA,NA,NA,NA,NA,NA,NA,NA,NA,NA,NA,NA,NA,0,NA,NA,NA,NA,NA,NA,NA,NA,NA,NA,NA,NA,NA,NA,0,NA,NA,NA,NA,0,NA,NA,NA,NA,0,NA,NA,NA,NA,NA,NA,NA,NA,NA,0,NA,NA,NA,NA,NA,NA,NA,NA,NA,NA,NA,NA,NA,NA,NA,NA,NA,NA,NA,0,NA,NA,NA,NA
M18 [Family Planning],18.6,Centchroman weekly pills,4. Stock Distributed,3910,NA,NA,NA,NA,0,NA,NA,NA,NA,0,NA,NA,NA,NA,NA,NA,NA,NA,NA,1000,NA,NA,NA,NA,0,NA,NA,NA,NA,0,NA,NA,NA,NA,2800,NA,NA,NA,NA,NA,NA,NA,NA,NA,NA,NA,NA,NA,NA,0,NA,NA,NA,NA,0,NA,NA,NA,NA,0,NA,NA,NA,NA,0,NA,NA,NA,NA,NA,NA,NA,NA,NA,NA,NA,NA,NA,NA,0,NA,NA,NA,NA,NA,NA,NA,NA,NA,NA,NA,NA,NA,NA,0,NA,NA,NA,NA,0,NA,NA,NA,NA,110,NA,NA,NA,NA,NA,NA,NA,NA,NA,0,NA,NA,NA,NA,NA,NA,NA,NA,NA,NA,NA,NA,NA,NA,NA,NA,NA,NA,NA,0,NA,NA,NA,NA
M18 [Family Planning],18.6,Centchroman weekly pills,5. Total Stock,15261,NA,NA,NA,NA,0,NA,NA,NA,NA,0,NA,NA,NA,NA,0,NA,NA,NA,NA,4600,NA,NA,NA,NA,100,NA,NA,NA,NA,0,NA,NA,NA,NA,2800,NA,NA,NA,NA,NA,NA,NA,NA,NA,0,NA,NA,NA,NA,0,NA,NA,NA,NA,0,NA,NA,NA,NA,1500,NA,NA,NA,NA,0,NA,NA,NA,NA,NA,NA,NA,NA,NA,NA,NA,NA,NA,NA,0,NA,NA,NA,NA,NA,NA,NA,NA,NA,NA,NA,NA,NA,NA,1000,NA,NA,NA,NA,0,NA,NA,NA,NA,1661,NA,NA,NA,NA,NA,NA,NA,NA,NA,600,NA,NA,NA,NA,NA,NA,NA,NA,NA,NA,NA,NA,NA,NA,3000,NA,NA,NA,NA,0,NA,NA,NA,NA
M18 [Family Planning],18.7,Injectable Contraceptive MPA (Vials),1. Balance From Previous Month,33399,NA,NA,NA,NA,0,NA,NA,NA,NA,3907,NA,NA,NA,NA,NA,NA,NA,NA,NA,1615,NA,NA,NA,NA,2144,NA,NA,NA,NA,2880,NA,NA,NA,NA,5083,NA,NA,NA,NA,NA,NA,NA,NA,NA,2238,NA,NA,NA,NA,0,NA,NA,NA,NA,0,NA,NA,NA,NA,5552,NA,NA,NA,NA,0,NA,NA,NA,NA,NA,NA,NA,NA,NA,NA,NA,NA,NA,NA,0,NA,NA,NA,NA,NA,NA,NA,NA,NA,NA,NA,NA,NA,NA,3500,NA,NA,NA,NA,0,NA,NA,NA,NA,0,NA,NA,NA,NA,NA,NA,NA,NA,NA,3000,NA,NA,NA,NA,NA,NA,NA,NA,NA,NA,NA,NA,NA,NA,3480,NA,NA,NA,NA,0,NA,NA,NA,NA
M18 [Family Planning],18.7,Injectable Contraceptive MPA (Vials),2. Stocks Received,0,NA,NA,NA,NA,0,NA,NA,NA,NA,0,NA,NA,NA,NA,NA,NA,NA,NA,NA,0,NA,NA,NA,NA,0,NA,NA,NA,NA,0,NA,NA,NA,NA,0,NA,NA,NA,NA,NA,NA,NA,NA,NA,NA,NA,NA,NA,NA,0,NA,NA,NA,NA,0,NA,NA,NA,NA,0,NA,NA,NA,NA,0,NA,NA,NA,NA,NA,NA,NA,NA,NA,NA,NA,NA,NA,NA,0,NA,NA,NA,NA,NA,NA,NA,NA,NA,NA,NA,NA,NA,NA,0,NA,NA,NA,NA,0,NA,NA,NA,NA,0,NA,NA,NA,NA,NA,NA,NA,NA,NA,0,NA,NA,NA,NA,NA,NA,NA,NA,NA,NA,NA,NA,NA,NA,NA,NA,NA,NA,NA,0,NA,NA,NA,NA
M18 [Family Planning],18.7,Injectable Contraceptive MPA (Vials),3. Unusable Stock,0,NA,NA,NA,NA,0,NA,NA,NA,NA,NA,NA,NA,NA,NA,NA,NA,NA,NA,NA,NA,NA,NA,NA,NA,0,NA,NA,NA,NA,0,NA,NA,NA,NA,0,NA,NA,NA,NA,NA,NA,NA,NA,NA,NA,NA,NA,NA,NA,0,NA,NA,NA,NA,0,NA,NA,NA,NA,NA,NA,NA,NA,NA,0,NA,NA,NA,NA,NA,NA,NA,NA,NA,NA,NA,NA,NA,NA,0,NA,NA,NA,NA,NA,NA,NA,NA,NA,NA,NA,NA,NA,NA,0,NA,NA,NA,NA,0,NA,NA,NA,NA,0,NA,NA,NA,NA,NA,NA,NA,NA,NA,0,NA,NA,NA,NA,NA,NA,NA,NA,NA,NA,NA,NA,NA,NA,NA,NA,NA,NA,NA,0,NA,NA,NA,NA
M18 [Family Planning],18.7,Injectable Contraceptive MPA (Vials),4. Stock Distributed,6665,NA,NA,NA,NA,0,NA,NA,NA,NA,2640,NA,NA,NA,NA,NA,NA,NA,NA,NA,0,NA,NA,NA,NA,0,NA,NA,NA,NA,905,NA,NA,NA,NA,3120,NA,NA,NA,NA,NA,NA,NA,NA,NA,NA,NA,NA,NA,NA,0,NA,NA,NA,NA,0,NA,NA,NA,NA,0,NA,NA,NA,NA,0,NA,NA,NA,NA,NA,NA,NA,NA,NA,NA,NA,NA,NA,NA,0,NA,NA,NA,NA,NA,NA,NA,NA,NA,NA,NA,NA,NA,NA,0,NA,NA,NA,NA,0,NA,NA,NA,NA,0,NA,NA,NA,NA,NA,NA,NA,NA,NA,0,NA,NA,NA,NA,NA,NA,NA,NA,NA,NA,NA,NA,NA,NA,NA,NA,NA,NA,NA,0,NA,NA,NA,NA
M18 [Family Planning],18.7,Injectable Contraceptive MPA (Vials),5. Total Stock,26734,NA,NA,NA,NA,0,NA,NA,NA,NA,1267,NA,NA,NA,NA,0,NA,NA,NA,NA,1615,NA,NA,NA,NA,2144,NA,NA,NA,NA,1975,NA,NA,NA,NA,1963,NA,NA,NA,NA,NA,NA,NA,NA,NA,2238,NA,NA,NA,NA,0,NA,NA,NA,NA,0,NA,NA,NA,NA,5552,NA,NA,NA,NA,0,NA,NA,NA,NA,NA,NA,NA,NA,NA,NA,NA,NA,NA,NA,0,NA,NA,NA,NA,NA,NA,NA,NA,NA,NA,NA,NA,NA,NA,3500,NA,NA,NA,NA,0,NA,NA,NA,NA,0,NA,NA,NA,NA,NA,NA,NA,NA,NA,3000,NA,NA,NA,NA,NA,NA,NA,NA,NA,NA,NA,NA,NA,NA,3480,NA,NA,NA,NA,0,NA,NA,NA,NA
M18 [Family Planning],18.8,Tubal rings,1. Balance From Previous Month,14375,NA,NA,NA,NA,0,NA,NA,NA,NA,500,NA,NA,NA,NA,NA,NA,NA,NA,NA,600,NA,NA,NA,NA,200,NA,NA,NA,NA,725,NA,NA,NA,NA,6400,NA,NA,NA,NA,NA,NA,NA,NA,NA,0,NA,NA,NA,NA,0,NA,NA,NA,NA,600,NA,NA,NA,NA,0,NA,NA,NA,NA,0,NA,NA,NA,NA,NA,NA,NA,NA,NA,NA,NA,NA,NA,NA,0,NA,NA,NA,NA,3200,NA,NA,NA,NA,NA,NA,NA,NA,NA,1400,NA,NA,NA,NA,0,NA,NA,NA,NA,0,NA,NA,NA,NA,NA,NA,NA,NA,NA,500,NA,NA,NA,NA,NA,NA,NA,NA,NA,250,NA,NA,NA,NA,0,NA,NA,NA,NA,0,NA,NA,NA,NA
M18 [Family Planning],18.8,Tubal rings,2. Stocks Received,1300,NA,NA,NA,NA,0,NA,NA,NA,NA,0,NA,NA,NA,NA,NA,NA,NA,NA,NA,200,NA,NA,NA,NA,0,NA,NA,NA,NA,0,NA,NA,NA,NA,0,NA,NA,NA,NA,NA,NA,NA,NA,NA,NA,NA,NA,NA,NA,0,NA,NA,NA,NA,0,NA,NA,NA,NA,600,NA,NA,NA,NA,0,NA,NA,NA,NA,NA,NA,NA,NA,NA,NA,NA,NA,NA,NA,0,NA,NA,NA,NA,0,NA,NA,NA,NA,NA,NA,NA,NA,NA,0,NA,NA,NA,NA,0,NA,NA,NA,NA,0,NA,NA,NA,NA,NA,NA,NA,NA,NA,0,NA,NA,NA,NA,NA,NA,NA,NA,NA,0,NA,NA,NA,NA,500,NA,NA,NA,NA,0,NA,NA,NA,NA
M18 [Family Planning],18.8,Tubal rings,3. Unusable Stock,0,NA,NA,NA,NA,0,NA,NA,NA,NA,NA,NA,NA,NA,NA,NA,NA,NA,NA,NA,NA,NA,NA,NA,NA,0,NA,NA,NA,NA,0,NA,NA,NA,NA,0,NA,NA,NA,NA,NA,NA,NA,NA,NA,NA,NA,NA,NA,NA,0,NA,NA,NA,NA,0,NA,NA,NA,NA,NA,NA,NA,NA,NA,0,NA,NA,NA,NA,NA,NA,NA,NA,NA,NA,NA,NA,NA,NA,0,NA,NA,NA,NA,0,NA,NA,NA,NA,NA,NA,NA,NA,NA,0,NA,NA,NA,NA,0,NA,NA,NA,NA,0,NA,NA,NA,NA,NA,NA,NA,NA,NA,0,NA,NA,NA,NA,NA,NA,NA,NA,NA,0,NA,NA,NA,NA,NA,NA,NA,NA,NA,0,NA,NA,NA,NA
M18 [Family Planning],18.8,Tubal rings,4. Stock Distributed,350,NA,NA,NA,NA,0,NA,NA,NA,NA,0,NA,NA,NA,NA,NA,NA,NA,NA,NA,0,NA,NA,NA,NA,0,NA,NA,NA,NA,100,NA,NA,NA,NA,0,NA,NA,NA,NA,NA,NA,NA,NA,NA,NA,NA,NA,NA,NA,0,NA,NA,NA,NA,0,NA,NA,NA,NA,0,NA,NA,NA,NA,0,NA,NA,NA,NA,NA,NA,NA,NA,NA,NA,NA,NA,NA,NA,0,NA,NA,NA,NA,0,NA,NA,NA,NA,NA,NA,NA,NA,NA,0,NA,NA,NA,NA,0,NA,NA,NA,NA,0,NA,NA,NA,NA,NA,NA,NA,NA,NA,0,NA,NA,NA,NA,NA,NA,NA,NA,NA,250,NA,NA,NA,NA,NA,NA,NA,NA,NA,0,NA,NA,NA,NA
M18 [Family Planning],18.8,Tubal rings,5. Total Stock,15325,NA,NA,NA,NA,0,NA,NA,NA,NA,500,NA,NA,NA,NA,0,NA,NA,NA,NA,800,NA,NA,NA,NA,200,NA,NA,NA,NA,625,NA,NA,NA,NA,6400,NA,NA,NA,NA,NA,NA,NA,NA,NA,0,NA,NA,NA,NA,0,NA,NA,NA,NA,600,NA,NA,NA,NA,600,NA,NA,NA,NA,0,NA,NA,NA,NA,NA,NA,NA,NA,NA,NA,NA,NA,NA,NA,0,NA,NA,NA,NA,3200,NA,NA,NA,NA,NA,NA,NA,NA,NA,1400,NA,NA,NA,NA,0,NA,NA,NA,NA,0,NA,NA,NA,NA,NA,NA,NA,NA,NA,500,NA,NA,NA,NA,NA,NA,NA,NA,NA,0,NA,NA,NA,NA,500,NA,NA,NA,NA,0,NA,NA,NA,NA
M18 [Family Planning],18.9,Pregnancy testing Kits (Nischay Kits),1. Balance From Previous Month,157524,NA,NA,NA,NA,0,NA,NA,NA,NA,18850,NA,NA,NA,NA,NA,NA,NA,NA,NA,13500,NA,NA,NA,NA,2380,NA,NA,NA,NA,1000,NA,NA,NA,NA,10740,NA,NA,NA,NA,NA,NA,NA,NA,NA,15200,NA,NA,NA,NA,6400,NA,NA,NA,NA,0,NA,NA,NA,NA,15000,NA,NA,NA,NA,100,NA,NA,NA,NA,NA,NA,NA,NA,NA,NA,NA,NA,NA,NA,0,NA,NA,NA,NA,NA,NA,NA,NA,NA,NA,NA,NA,NA,NA,1500,NA,NA,NA,NA,17200,NA,NA,NA,NA,0,NA,NA,NA,NA,NA,NA,NA,NA,NA,11032,NA,NA,NA,NA,40000,NA,NA,NA,NA,2000,NA,NA,NA,NA,2622,NA,NA,NA,NA,0,NA,NA,NA,NA
M18 [Family Planning],18.9,Pregnancy testing Kits (Nischay Kits),2. Stocks Received,74700,NA,NA,NA,NA,0,NA,NA,NA,NA,0,NA,NA,NA,NA,10000,NA,NA,NA,NA,0,NA,NA,NA,NA,0,NA,NA,NA,NA,20000,NA,NA,NA,NA,5000,NA,NA,NA,NA,NA,NA,NA,NA,NA,NA,NA,NA,NA,NA,0,NA,NA,NA,NA,0,NA,NA,NA,NA,5000,NA,NA,NA,NA,0,NA,NA,NA,NA,NA,NA,NA,NA,NA,NA,NA,NA,NA,NA,0,NA,NA,NA,NA,NA,NA,NA,NA,NA,NA,NA,NA,NA,NA,20000,NA,NA,NA,NA,0,NA,NA,NA,NA,0,NA,NA,NA,NA,NA,NA,NA,NA,NA,0,NA,NA,NA,NA,14700,NA,NA,NA,NA,0,NA,NA,NA,NA,NA,NA,NA,NA,NA,0,NA,NA,NA,NA
M18 [Family Planning],18.9,Pregnancy testing Kits (Nischay Kits),3. Unusable Stock,0,NA,NA,NA,NA,0,NA,NA,NA,NA,NA,NA,NA,NA,NA,NA,NA,NA,NA,NA,NA,NA,NA,NA,NA,0,NA,NA,NA,NA,0,NA,NA,NA,NA,0,NA,NA,NA,NA,NA,NA,NA,NA,NA,NA,NA,NA,NA,NA,0,NA,NA,NA,NA,0,NA,NA,NA,NA,NA,NA,NA,NA,NA,0,NA,NA,NA,NA,NA,NA,NA,NA,NA,NA,NA,NA,NA,NA,0,NA,NA,NA,NA,NA,NA,NA,NA,NA,NA,NA,NA,NA,NA,0,NA,NA,NA,NA,0,NA,NA,NA,NA,0,NA,NA,NA,NA,NA,NA,NA,NA,NA,0,NA,NA,NA,NA,0,NA,NA,NA,NA,0,NA,NA,NA,NA,NA,NA,NA,NA,NA,0,NA,NA,NA,NA
M18 [Family Planning],18.9,Pregnancy testing Kits (Nischay Kits),4. Stock Distributed,75390,NA,NA,NA,NA,0,NA,NA,NA,NA,10850,NA,NA,NA,NA,10000,NA,NA,NA,NA,500,NA,NA,NA,NA,0,NA,NA,NA,NA,14000,NA,NA,NA,NA,11740,NA,NA,NA,NA,NA,NA,NA,NA,NA,6000,NA,NA,NA,NA,100,NA,NA,NA,NA,0,NA,NA,NA,NA,0,NA,NA,NA,NA,0,NA,NA,NA,NA,NA,NA,NA,NA,NA,NA,NA,NA,NA,NA,0,NA,NA,NA,NA,NA,NA,NA,NA,NA,NA,NA,NA,NA,NA,200,NA,NA,NA,NA,0,NA,NA,NA,NA,0,NA,NA,NA,NA,NA,NA,NA,NA,NA,0,NA,NA,NA,NA,20000,NA,NA,NA,NA,1000,NA,NA,NA,NA,1000,NA,NA,NA,NA,0,NA,NA,NA,NA
M18 [Family Planning],18.9,Pregnancy testing Kits (Nischay Kits),5. Total Stock,122134,NA,NA,NA,NA,0,NA,NA,NA,NA,8000,NA,NA,NA,NA,0,NA,NA,NA,NA,13000,NA,NA,NA,NA,2380,NA,NA,NA,NA,7000,NA,NA,NA,NA,4000,NA,NA,NA,NA,NA,NA,NA,NA,NA,9200,NA,NA,NA,NA,6300,NA,NA,NA,NA,0,NA,NA,NA,NA,20000,NA,NA,NA,NA,100,NA,NA,NA,NA,NA,NA,NA,NA,NA,NA,NA,NA,NA,NA,0,NA,NA,NA,NA,NA,NA,NA,NA,NA,NA,NA,NA,NA,NA,21300,NA,NA,NA,NA,17200,NA,NA,NA,NA,0,NA,NA,NA,NA,NA,NA,NA,NA,NA,11032,NA,NA,NA,NA,NA,NA,NA,NA,NA,1000,NA,NA,NA,NA,1622,NA,NA,NA,NA,0,NA,NA,NA,NA
M19 [Other Items],19.1,Gloves,1. Balance From Previous Month,544144,NA,NA,NA,NA,39990,NA,NA,NA,NA,27500,NA,NA,NA,NA,14600,NA,NA,NA,NA,14450,NA,NA,NA,NA,8900,NA,NA,NA,NA,21715,NA,NA,NA,NA,32750,NA,NA,NA,NA,NA,NA,NA,NA,NA,11829,NA,NA,NA,NA,NA,NA,NA,NA,NA,4100,NA,NA,NA,NA,5650,NA,NA,NA,NA,44350,NA,NA,NA,NA,NA,NA,NA,NA,NA,NA,NA,NA,NA,NA,0,NA,NA,NA,NA,300,NA,NA,NA,NA,NA,NA,NA,NA,NA,35500,NA,NA,NA,NA,71060,NA,NA,NA,NA,78350,NA,NA,NA,NA,42800,NA,NA,NA,NA,0,NA,NA,NA,NA,26500,NA,NA,NA,NA,NA,NA,NA,NA,NA,700,NA,NA,NA,NA,63100,NA,NA,NA,NA
M19 [Other Items],19.1,Gloves,2. Stocks Received,152000,NA,NA,NA,NA,0,NA,NA,NA,NA,NA,NA,NA,NA,NA,NA,NA,NA,NA,NA,0,NA,NA,NA,NA,0,NA,NA,NA,NA,0,NA,NA,NA,NA,0,NA,NA,NA,NA,NA,NA,NA,NA,NA,120000,NA,NA,NA,NA,NA,NA,NA,NA,NA,0,NA,NA,NA,NA,27000,NA,NA,NA,NA,0,NA,NA,NA,NA,NA,NA,NA,NA,NA,NA,NA,NA,NA,NA,0,NA,NA,NA,NA,0,NA,NA,NA,NA,NA,NA,NA,NA,NA,0,NA,NA,NA,NA,0,NA,NA,NA,NA,0,NA,NA,NA,NA,0,NA,NA,NA,NA,0,NA,NA,NA,NA,0,NA,NA,NA,NA,NA,NA,NA,NA,NA,5000,NA,NA,NA,NA,0,NA,NA,NA,NA
M19 [Other Items],19.1,Gloves,3. Unusable Stock,0,NA,NA,NA,NA,0,NA,NA,NA,NA,NA,NA,NA,NA,NA,NA,NA,NA,NA,NA,NA,NA,NA,NA,NA,0,NA,NA,NA,NA,0,NA,NA,NA,NA,0,NA,NA,NA,NA,NA,NA,NA,NA,NA,NA,NA,NA,NA,NA,NA,NA,NA,NA,NA,0,NA,NA,NA,NA,NA,NA,NA,NA,NA,0,NA,NA,NA,NA,NA,NA,NA,NA,NA,NA,NA,NA,NA,NA,0,NA,NA,NA,NA,0,NA,NA,NA,NA,NA,NA,NA,NA,NA,0,NA,NA,NA,NA,0,NA,NA,NA,NA,0,NA,NA,NA,NA,0,NA,NA,NA,NA,0,NA,NA,NA,NA,0,NA,NA,NA,NA,NA,NA,NA,NA,NA,NA,NA,NA,NA,NA,0,NA,NA,NA,NA
M19 [Other Items],19.1,Gloves,4. Stock Distributed,88199,NA,NA,NA,NA,500,NA,NA,NA,NA,3550,NA,NA,NA,NA,6300,NA,NA,NA,NA,4000,NA,NA,NA,NA,1200,NA,NA,NA,NA,5200,NA,NA,NA,NA,0,NA,NA,NA,NA,NA,NA,NA,NA,NA,2599,NA,NA,NA,NA,NA,NA,NA,NA,NA,4050,NA,NA,NA,NA,4750,NA,NA,NA,NA,12300,NA,NA,NA,NA,NA,NA,NA,NA,NA,NA,NA,NA,NA,NA,0,NA,NA,NA,NA,0,NA,NA,NA,NA,NA,NA,NA,NA,NA,0,NA,NA,NA,NA,11350,NA,NA,NA,NA,5200,NA,NA,NA,NA,5400,NA,NA,NA,NA,0,NA,NA,NA,NA,3000,NA,NA,NA,NA,NA,NA,NA,NA,NA,3300,NA,NA,NA,NA,15500,NA,NA,NA,NA
M19 [Other Items],19.1,Gloves,5. Total Stock,607945,NA,NA,NA,NA,39490,NA,NA,NA,NA,23950,NA,NA,NA,NA,8300,NA,NA,NA,NA,10450,NA,NA,NA,NA,7700,NA,NA,NA,NA,16515,NA,NA,NA,NA,32750,NA,NA,NA,NA,0,NA,NA,NA,NA,129230,NA,NA,NA,NA,0,NA,NA,NA,NA,50,NA,NA,NA,NA,27900,NA,NA,NA,NA,32050,NA,NA,NA,NA,0,NA,NA,NA,NA,0,NA,NA,NA,NA,0,NA,NA,NA,NA,300,NA,NA,NA,NA,0,NA,NA,NA,NA,35500,NA,NA,NA,NA,59710,NA,NA,NA,NA,73150,NA,NA,NA,NA,37400,NA,NA,NA,NA,0,NA,NA,NA,NA,23500,NA,NA,NA,NA,0,NA,NA,NA,NA,2400,NA,NA,NA,NA,47600,NA,NA,NA,NA
M19 [Other Items],19.2,MVA Syringes,1. Balance From Previous Month,450,NA,NA,NA,NA,0,NA,NA,NA,NA,NA,NA,NA,NA,NA,NA,NA,NA,NA,NA,NA,NA,NA,NA,NA,0,NA,NA,NA,NA,0,NA,NA,NA,NA,450,NA,NA,NA,NA,NA,NA,NA,NA,NA,NA,NA,NA,NA,NA,NA,NA,NA,NA,NA,NA,NA,NA,NA,NA,0,NA,NA,NA,NA,0,NA,NA,NA,NA,NA,NA,NA,NA,NA,NA,NA,NA,NA,NA,0,NA,NA,NA,NA,0,NA,NA,NA,NA,NA,NA,NA,NA,NA,0,NA,NA,NA,NA,0,NA,NA,NA,NA,0,NA,NA,NA,NA,0,NA,NA,NA,NA,0,NA,NA,NA,NA,0,NA,NA,NA,NA,NA,NA,NA,NA,NA,0,NA,NA,NA,NA,0,NA,NA,NA,NA
M19 [Other Items],19.2,MVA Syringes,2. Stocks Received,0,NA,NA,NA,NA,0,NA,NA,NA,NA,NA,NA,NA,NA,NA,NA,NA,NA,NA,NA,NA,NA,NA,NA,NA,0,NA,NA,NA,NA,0,NA,NA,NA,NA,0,NA,NA,NA,NA,NA,NA,NA,NA,NA,NA,NA,NA,NA,NA,NA,NA,NA,NA,NA,NA,NA,NA,NA,NA,0,NA,NA,NA,NA,0,NA,NA,NA,NA,NA,NA,NA,NA,NA,NA,NA,NA,NA,NA,0,NA,NA,NA,NA,0,NA,NA,NA,NA,NA,NA,NA,NA,NA,0,NA,NA,NA,NA,0,NA,NA,NA,NA,0,NA,NA,NA,NA,0,NA,NA,NA,NA,0,NA,NA,NA,NA,0,NA,NA,NA,NA,NA,NA,NA,NA,NA,0,NA,NA,NA,NA,0,NA,NA,NA,NA
M19 [Other Items],19.2,MVA Syringes,3. Unusable Stock,0,NA,NA,NA,NA,0,NA,NA,NA,NA,NA,NA,NA,NA,NA,NA,NA,NA,NA,NA,NA,NA,NA,NA,NA,0,NA,NA,NA,NA,0,NA,NA,NA,NA,0,NA,NA,NA,NA,NA,NA,NA,NA,NA,NA,NA,NA,NA,NA,NA,NA,NA,NA,NA,NA,NA,NA,NA,NA,NA,NA,NA,NA,NA,0,NA,NA,NA,NA,NA,NA,NA,NA,NA,NA,NA,NA,NA,NA,0,NA,NA,NA,NA,0,NA,NA,NA,NA,NA,NA,NA,NA,NA,0,NA,NA,NA,NA,0,NA,NA,NA,NA,0,NA,NA,NA,NA,0,NA,NA,NA,NA,0,NA,NA,NA,NA,0,NA,NA,NA,NA,NA,NA,NA,NA,NA,0,NA,NA,NA,NA,0,NA,NA,NA,NA
M19 [Other Items],19.2,MVA Syringes,4. Stock Distributed,0,NA,NA,NA,NA,0,NA,NA,NA,NA,NA,NA,NA,NA,NA,NA,NA,NA,NA,NA,NA,NA,NA,NA,NA,0,NA,NA,NA,NA,0,NA,NA,NA,NA,0,NA,NA,NA,NA,NA,NA,NA,NA,NA,NA,NA,NA,NA,NA,NA,NA,NA,NA,NA,NA,NA,NA,NA,NA,0,NA,NA,NA,NA,0,NA,NA,NA,NA,NA,NA,NA,NA,NA,NA,NA,NA,NA,NA,0,NA,NA,NA,NA,0,NA,NA,NA,NA,NA,NA,NA,NA,NA,0,NA,NA,NA,NA,0,NA,NA,NA,NA,0,NA,NA,NA,NA,0,NA,NA,NA,NA,0,NA,NA,NA,NA,0,NA,NA,NA,NA,NA,NA,NA,NA,NA,0,NA,NA,NA,NA,0,NA,NA,NA,NA
M19 [Other Items],19.2,MVA Syringes,5. Total Stock,450,NA,NA,NA,NA,0,NA,NA,NA,NA,0,NA,NA,NA,NA,0,NA,NA,NA,NA,0,NA,NA,NA,NA,0,NA,NA,NA,NA,0,NA,NA,NA,NA,450,NA,NA,NA,NA,0,NA,NA,NA,NA,0,NA,NA,NA,NA,0,NA,NA,NA,NA,0,NA,NA,NA,NA,0,NA,NA,NA,NA,0,NA,NA,NA,NA,0,NA,NA,NA,NA,0,NA,NA,NA,NA,0,NA,NA,NA,NA,0,NA,NA,NA,NA,0,NA,NA,NA,NA,0,NA,NA,NA,NA,0,NA,NA,NA,NA,0,NA,NA,NA,NA,0,NA,NA,NA,NA,0,NA,NA,NA,NA,0,NA,NA,NA,NA,0,NA,NA,NA,NA,0,NA,NA,NA,NA,0,NA,NA,NA,NA
M19 [Other Items],19.3,Tab. Fluconazole,1. Balance From Previous Month,1130480,NA,NA,NA,NA,92850,NA,NA,NA,NA,1600,NA,NA,NA,NA,61000,NA,NA,NA,NA,73550,NA,NA,NA,NA,24500,NA,NA,NA,NA,26300,NA,NA,NA,NA,68050,NA,NA,NA,NA,NA,NA,NA,NA,NA,71580,NA,NA,NA,NA,21300,NA,NA,NA,NA,32600,NA,NA,NA,NA,26900,NA,NA,NA,NA,77300,NA,NA,NA,NA,NA,NA,NA,NA,NA,NA,NA,NA,NA,NA,0,NA,NA,NA,NA,300,NA,NA,NA,NA,NA,NA,NA,NA,NA,2850,NA,NA,NA,NA,95800,NA,NA,NA,NA,31100,NA,NA,NA,NA,44100,NA,NA,NA,NA,0,NA,NA,NA,NA,79000,NA,NA,NA,NA,NA,NA,NA,NA,NA,247700,NA,NA,NA,NA,52100,NA,NA,NA,NA
M19 [Other Items],19.3,Tab. Fluconazole,2. Stocks Received,0,NA,NA,NA,NA,0,NA,NA,NA,NA,NA,NA,NA,NA,NA,NA,NA,NA,NA,NA,0,NA,NA,NA,NA,0,NA,NA,NA,NA,0,NA,NA,NA,NA,0,NA,NA,NA,NA,NA,NA,NA,NA,NA,0,NA,NA,NA,NA,0,NA,NA,NA,NA,0,NA,NA,NA,NA,0,NA,NA,NA,NA,0,NA,NA,NA,NA,NA,NA,NA,NA,NA,NA,NA,NA,NA,NA,0,NA,NA,NA,NA,0,NA,NA,NA,NA,NA,NA,NA,NA,NA,0,NA,NA,NA,NA,0,NA,NA,NA,NA,0,NA,NA,NA,NA,0,NA,NA,NA,NA,0,NA,NA,NA,NA,0,NA,NA,NA,NA,NA,NA,NA,NA,NA,0,NA,NA,NA,NA,0,NA,NA,NA,NA
M19 [Other Items],19.3,Tab. Fluconazole,3. Unusable Stock,0,NA,NA,NA,NA,0,NA,NA,NA,NA,NA,NA,NA,NA,NA,NA,NA,NA,NA,NA,NA,NA,NA,NA,NA,0,NA,NA,NA,NA,0,NA,NA,NA,NA,0,NA,NA,NA,NA,NA,NA,NA,NA,NA,NA,NA,NA,NA,NA,0,NA,NA,NA,NA,0,NA,NA,NA,NA,NA,NA,NA,NA,NA,0,NA,NA,NA,NA,NA,NA,NA,NA,NA,NA,NA,NA,NA,NA,0,NA,NA,NA,NA,0,NA,NA,NA,NA,NA,NA,NA,NA,NA,0,NA,NA,NA,NA,0,NA,NA,NA,NA,0,NA,NA,NA,NA,0,NA,NA,NA,NA,0,NA,NA,NA,NA,0,NA,NA,NA,NA,NA,NA,NA,NA,NA,0,NA,NA,NA,NA,0,NA,NA,NA,NA
M19 [Other Items],19.3,Tab. Fluconazole,4. Stock Distributed,256650,NA,NA,NA,NA,4800,NA,NA,NA,NA,1100,NA,NA,NA,NA,25000,NA,NA,NA,NA,39200,NA,NA,NA,NA,8000,NA,NA,NA,NA,12300,NA,NA,NA,NA,10300,NA,NA,NA,NA,NA,NA,NA,NA,NA,28000,NA,NA,NA,NA,1200,NA,NA,NA,NA,3500,NA,NA,NA,NA,20900,NA,NA,NA,NA,13700,NA,NA,NA,NA,NA,NA,NA,NA,NA,NA,NA,NA,NA,NA,0,NA,NA,NA,NA,0,NA,NA,NA,NA,NA,NA,NA,NA,NA,2250,NA,NA,NA,NA,9300,NA,NA,NA,NA,10900,NA,NA,NA,NA,40000,NA,NA,NA,NA,0,NA,NA,NA,NA,14200,NA,NA,NA,NA,NA,NA,NA,NA,NA,5100,NA,NA,NA,NA,6900,NA,NA,NA,NA
M19 [Other Items],19.3,Tab. Fluconazole,5. Total Stock,873830,NA,NA,NA,NA,88050,NA,NA,NA,NA,500,NA,NA,NA,NA,36000,NA,NA,NA,NA,34350,NA,NA,NA,NA,16500,NA,NA,NA,NA,14000,NA,NA,NA,NA,57750,NA,NA,NA,NA,0,NA,NA,NA,NA,43580,NA,NA,NA,NA,20100,NA,NA,NA,NA,29100,NA,NA,NA,NA,6000,NA,NA,NA,NA,63600,NA,NA,NA,NA,0,NA,NA,NA,NA,0,NA,NA,NA,NA,0,NA,NA,NA,NA,300,NA,NA,NA,NA,0,NA,NA,NA,NA,600,NA,NA,NA,NA,86500,NA,NA,NA,NA,20200,NA,NA,NA,NA,4100,NA,NA,NA,NA,0,NA,NA,NA,NA,64800,NA,NA,NA,NA,0,NA,NA,NA,NA,242600,NA,NA,NA,NA,45200,NA,NA,NA,NA
M19 [Other Items],19.4,Blood Transfusion sets,1. Balance From Previous Month,12509,NA,NA,NA,NA,0,NA,NA,NA,NA,890,NA,NA,NA,NA,1700,NA,NA,NA,NA,0,NA,NA,NA,NA,0,NA,NA,NA,NA,50,NA,NA,NA,NA,0,NA,NA,NA,NA,NA,NA,NA,NA,NA,1874,NA,NA,NA,NA,NA,NA,NA,NA,NA,0,NA,NA,NA,NA,415,NA,NA,NA,NA,0,NA,NA,NA,NA,NA,NA,NA,NA,NA,NA,NA,NA,NA,NA,0,NA,NA,NA,NA,40,NA,NA,NA,NA,NA,NA,NA,NA,NA,900,NA,NA,NA,NA,1500,NA,NA,NA,NA,3090,NA,NA,NA,NA,0,NA,NA,NA,NA,0,NA,NA,NA,NA,1950,NA,NA,NA,NA,NA,NA,NA,NA,NA,100,NA,NA,NA,NA,0,NA,NA,NA,NA
M19 [Other Items],19.4,Blood Transfusion sets,2. Stocks Received,0,NA,NA,NA,NA,0,NA,NA,NA,NA,NA,NA,NA,NA,NA,NA,NA,NA,NA,NA,0,NA,NA,NA,NA,0,NA,NA,NA,NA,0,NA,NA,NA,NA,0,NA,NA,NA,NA,NA,NA,NA,NA,NA,0,NA,NA,NA,NA,NA,NA,NA,NA,NA,0,NA,NA,NA,NA,0,NA,NA,NA,NA,0,NA,NA,NA,NA,NA,NA,NA,NA,NA,NA,NA,NA,NA,NA,0,NA,NA,NA,NA,0,NA,NA,NA,NA,NA,NA,NA,NA,NA,0,NA,NA,NA,NA,0,NA,NA,NA,NA,0,NA,NA,NA,NA,0,NA,NA,NA,NA,0,NA,NA,NA,NA,0,NA,NA,NA,NA,NA,NA,NA,NA,NA,0,NA,NA,NA,NA,0,NA,NA,NA,NA
M19 [Other Items],19.4,Blood Transfusion sets,3. Unusable Stock,0,NA,NA,NA,NA,0,NA,NA,NA,NA,NA,NA,NA,NA,NA,NA,NA,NA,NA,NA,NA,NA,NA,NA,NA,0,NA,NA,NA,NA,0,NA,NA,NA,NA,0,NA,NA,NA,NA,NA,NA,NA,NA,NA,NA,NA,NA,NA,NA,NA,NA,NA,NA,NA,0,NA,NA,NA,NA,NA,NA,NA,NA,NA,0,NA,NA,NA,NA,NA,NA,NA,NA,NA,NA,NA,NA,NA,NA,0,NA,NA,NA,NA,0,NA,NA,NA,NA,NA,NA,NA,NA,NA,0,NA,NA,NA,NA,0,NA,NA,NA,NA,0,NA,NA,NA,NA,0,NA,NA,NA,NA,0,NA,NA,NA,NA,0,NA,NA,NA,NA,NA,NA,NA,NA,NA,0,NA,NA,NA,NA,0,NA,NA,NA,NA
M19 [Other Items],19.4,Blood Transfusion sets,4. Stock Distributed,825,NA,NA,NA,NA,0,NA,NA,NA,NA,NA,NA,NA,NA,NA,NA,NA,NA,NA,NA,0,NA,NA,NA,NA,0,NA,NA,NA,NA,0,NA,NA,NA,NA,0,NA,NA,NA,NA,NA,NA,NA,NA,NA,0,NA,NA,NA,NA,NA,NA,NA,NA,NA,0,NA,NA,NA,NA,325,NA,NA,NA,NA,0,NA,NA,NA,NA,NA,NA,NA,NA,NA,NA,NA,NA,NA,NA,0,NA,NA,NA,NA,0,NA,NA,NA,NA,NA,NA,NA,NA,NA,0,NA,NA,NA,NA,0,NA,NA,NA,NA,0,NA,NA,NA,NA,0,NA,NA,NA,NA,0,NA,NA,NA,NA,500,NA,NA,NA,NA,NA,NA,NA,NA,NA,0,NA,NA,NA,NA,0,NA,NA,NA,NA
M19 [Other Items],19.4,Blood Transfusion sets,5. Total Stock,11684,NA,NA,NA,NA,0,NA,NA,NA,NA,890,NA,NA,NA,NA,1700,NA,NA,NA,NA,0,NA,NA,NA,NA,0,NA,NA,NA,NA,50,NA,NA,NA,NA,0,NA,NA,NA,NA,0,NA,NA,NA,NA,1874,NA,NA,NA,NA,0,NA,NA,NA,NA,0,NA,NA,NA,NA,90,NA,NA,NA,NA,0,NA,NA,NA,NA,0,NA,NA,NA,NA,0,NA,NA,NA,NA,0,NA,NA,NA,NA,40,NA,NA,NA,NA,0,NA,NA,NA,NA,900,NA,NA,NA,NA,1500,NA,NA,NA,NA,3090,NA,NA,NA,NA,0,NA,NA,NA,NA,0,NA,NA,NA,NA,1450,NA,NA,NA,NA,0,NA,NA,NA,NA,100,NA,NA,NA,NA,0,NA,NA,NA,NA
M19 [Other Items],19.5,Gluteraldehyde 2%,1. Balance From Previous Month,118900,NA,NA,NA,NA,0,NA,NA,NA,NA,0,NA,NA,NA,NA,NA,NA,NA,NA,NA,NA,NA,NA,NA,NA,0,NA,NA,NA,NA,0,NA,NA,NA,NA,118900,NA,NA,NA,NA,NA,NA,NA,NA,NA,NA,NA,NA,NA,NA,NA,NA,NA,NA,NA,NA,NA,NA,NA,NA,0,NA,NA,NA,NA,0,NA,NA,NA,NA,NA,NA,NA,NA,NA,NA,NA,NA,NA,NA,0,NA,NA,NA,NA,0,NA,NA,NA,NA,NA,NA,NA,NA,NA,0,NA,NA,NA,NA,0,NA,NA,NA,NA,0,NA,NA,NA,NA,0,NA,NA,NA,NA,0,NA,NA,NA,NA,0,NA,NA,NA,NA,NA,NA,NA,NA,NA,0,NA,NA,NA,NA,0,NA,NA,NA,NA
M19 [Other Items],19.5,Gluteraldehyde 2%,2. Stocks Received,95,NA,NA,NA,NA,0,NA,NA,NA,NA,20,NA,NA,NA,NA,NA,NA,NA,NA,NA,NA,NA,NA,NA,NA,0,NA,NA,NA,NA,10,NA,NA,NA,NA,0,NA,NA,NA,NA,NA,NA,NA,NA,NA,NA,NA,NA,NA,NA,0,NA,NA,NA,NA,NA,NA,NA,NA,NA,0,NA,NA,NA,NA,0,NA,NA,NA,NA,NA,NA,NA,NA,NA,NA,NA,NA,NA,NA,0,NA,NA,NA,NA,0,NA,NA,NA,NA,NA,NA,NA,NA,NA,0,NA,NA,NA,NA,50,NA,NA,NA,NA,0,NA,NA,NA,NA,0,NA,NA,NA,NA,0,NA,NA,NA,NA,15,NA,NA,NA,NA,NA,NA,NA,NA,NA,0,NA,NA,NA,NA,0,NA,NA,NA,NA
M19 [Other Items],19.5,Gluteraldehyde 2%,3. Unusable Stock,0,NA,NA,NA,NA,0,NA,NA,NA,NA,NA,NA,NA,NA,NA,NA,NA,NA,NA,NA,NA,NA,NA,NA,NA,0,NA,NA,NA,NA,0,NA,NA,NA,NA,0,NA,NA,NA,NA,NA,NA,NA,NA,NA,NA,NA,NA,NA,NA,0,NA,NA,NA,NA,NA,NA,NA,NA,NA,NA,NA,NA,NA,NA,0,NA,NA,NA,NA,NA,NA,NA,NA,NA,NA,NA,NA,NA,NA,0,NA,NA,NA,NA,0,NA,NA,NA,NA,NA,NA,NA,NA,NA,0,NA,NA,NA,NA,0,NA,NA,NA,NA,0,NA,NA,NA,NA,0,NA,NA,NA,NA,0,NA,NA,NA,NA,0,NA,NA,NA,NA,NA,NA,NA,NA,NA,0,NA,NA,NA,NA,0,NA,NA,NA,NA
M19 [Other Items],19.5,Gluteraldehyde 2%,4. Stock Distributed,15026,NA,NA,NA,NA,0,NA,NA,NA,NA,NA,NA,NA,NA,NA,NA,NA,NA,NA,NA,NA,NA,NA,NA,NA,0,NA,NA,NA,NA,0,NA,NA,NA,NA,15000,NA,NA,NA,NA,NA,NA,NA,NA,NA,NA,NA,NA,NA,NA,NA,NA,NA,NA,NA,NA,NA,NA,NA,NA,0,NA,NA,NA,NA,0,NA,NA,NA,NA,NA,NA,NA,NA,NA,NA,NA,NA,NA,NA,0,NA,NA,NA,NA,0,NA,NA,NA,NA,NA,NA,NA,NA,NA,0,NA,NA,NA,NA,21,NA,NA,NA,NA,0,NA,NA,NA,NA,0,NA,NA,NA,NA,0,NA,NA,NA,NA,5,NA,NA,NA,NA,NA,NA,NA,NA,NA,0,NA,NA,NA,NA,0,NA,NA,NA,NA
M19 [Other Items],19.5,Gluteraldehyde 2%,5. Total Stock,103969,NA,NA,NA,NA,0,NA,NA,NA,NA,20,NA,NA,NA,NA,0,NA,NA,NA,NA,0,NA,NA,NA,NA,0,NA,NA,NA,NA,10,NA,NA,NA,NA,103900,NA,NA,NA,NA,0,NA,NA,NA,NA,0,NA,NA,NA,NA,0,NA,NA,NA,NA,0,NA,NA,NA,NA,0,NA,NA,NA,NA,0,NA,NA,NA,NA,0,NA,NA,NA,NA,0,NA,NA,NA,NA,0,NA,NA,NA,NA,0,NA,NA,NA,NA,0,NA,NA,NA,NA,0,NA,NA,NA,NA,29,NA,NA,NA,NA,0,NA,NA,NA,NA,0,NA,NA,NA,NA,0,NA,NA,NA,NA,10,NA,NA,NA,NA,0,NA,NA,NA,NA,0,NA,NA,NA,NA,0,NA,NA,NA,NA
M19 [Other Items],19.6,IFA tablets ( Adult),1. Balance From Previous Month,11350665,NA,NA,NA,NA,328320,NA,NA,NA,NA,121680,NA,NA,NA,NA,6500,NA,NA,NA,NA,33410,NA,NA,NA,NA,710,NA,NA,NA,NA,48080,NA,NA,NA,NA,1070,NA,NA,NA,NA,NA,NA,NA,NA,NA,157160,NA,NA,NA,NA,324300,NA,NA,NA,NA,3430,NA,NA,NA,NA,5655380,NA,NA,NA,NA,830700,NA,NA,NA,NA,NA,NA,NA,NA,NA,NA,NA,NA,NA,NA,0,NA,NA,NA,NA,1436410,NA,NA,NA,NA,NA,NA,NA,NA,NA,1455170,NA,NA,NA,NA,9000,NA,NA,NA,NA,0,NA,NA,NA,NA,560,NA,NA,NA,NA,16980,NA,NA,NA,NA,134980,NA,NA,NA,NA,NA,NA,NA,NA,NA,442125,NA,NA,NA,NA,344700,NA,NA,NA,NA
M19 [Other Items],19.6,IFA tablets ( Adult),2. Stocks Received,30044540,NA,NA,NA,NA,995700,NA,NA,NA,NA,3105870,NA,NA,NA,NA,1156980,NA,NA,NA,NA,2231925,NA,NA,NA,NA,1758455,NA,NA,NA,NA,0,NA,NA,NA,NA,1109085,NA,NA,NA,NA,NA,NA,NA,NA,NA,1611375,NA,NA,NA,NA,0,NA,NA,NA,NA,0,NA,NA,NA,NA,0,NA,NA,NA,NA,963450,NA,NA,NA,NA,NA,NA,NA,NA,NA,NA,NA,NA,NA,NA,0,NA,NA,NA,NA,2409000,NA,NA,NA,NA,NA,NA,NA,NA,NA,780630,NA,NA,NA,NA,1709450,NA,NA,NA,NA,0,NA,NA,NA,NA,4840095,NA,NA,NA,NA,1601655,NA,NA,NA,NA,1356360,NA,NA,NA,NA,NA,NA,NA,NA,NA,2611290,NA,NA,NA,NA,1803220,NA,NA,NA,NA
M19 [Other Items],19.6,IFA tablets ( Adult),3. Unusable Stock,0,NA,NA,NA,NA,0,NA,NA,NA,NA,NA,NA,NA,NA,NA,NA,NA,NA,NA,NA,NA,NA,NA,NA,NA,0,NA,NA,NA,NA,0,NA,NA,NA,NA,0,NA,NA,NA,NA,NA,NA,NA,NA,NA,NA,NA,NA,NA,NA,0,NA,NA,NA,NA,0,NA,NA,NA,NA,NA,NA,NA,NA,NA,0,NA,NA,NA,NA,NA,NA,NA,NA,NA,NA,NA,NA,NA,NA,0,NA,NA,NA,NA,0,NA,NA,NA,NA,NA,NA,NA,NA,NA,0,NA,NA,NA,NA,0,NA,NA,NA,NA,0,NA,NA,NA,NA,0,NA,NA,NA,NA,0,NA,NA,NA,NA,0,NA,NA,NA,NA,NA,NA,NA,NA,NA,NA,NA,NA,NA,NA,0,NA,NA,NA,NA
M19 [Other Items],19.6,IFA tablets ( Adult),4. Stock Distributed,8247883,NA,NA,NA,NA,1395000,NA,NA,NA,NA,761500,NA,NA,NA,NA,419000,NA,NA,NA,NA,224400,NA,NA,NA,NA,189965,NA,NA,NA,NA,17220,NA,NA,NA,NA,500,NA,NA,NA,NA,NA,NA,NA,NA,NA,444778,NA,NA,NA,NA,0,NA,NA,NA,NA,1000,NA,NA,NA,NA,0,NA,NA,NA,NA,312150,NA,NA,NA,NA,NA,NA,NA,NA,NA,NA,NA,NA,NA,NA,0,NA,NA,NA,NA,648900,NA,NA,NA,NA,NA,NA,NA,NA,NA,182400,NA,NA,NA,NA,209000,NA,NA,NA,NA,0,NA,NA,NA,NA,1750000,NA,NA,NA,NA,400800,NA,NA,NA,NA,166500,NA,NA,NA,NA,NA,NA,NA,NA,NA,247450,NA,NA,NA,NA,877320,NA,NA,NA,NA
M19 [Other Items],19.6,IFA tablets ( Adult),5. Total Stock,33147322,NA,NA,NA,NA,-70980,NA,NA,NA,NA,2466050,NA,NA,NA,NA,744480,NA,NA,NA,NA,2040935,NA,NA,NA,NA,1569200,NA,NA,NA,NA,30860,NA,NA,NA,NA,1109655,NA,NA,NA,NA,0,NA,NA,NA,NA,1323757,NA,NA,NA,NA,324300,NA,NA,NA,NA,2430,NA,NA,NA,NA,5655380,NA,NA,NA,NA,1482000,NA,NA,NA,NA,0,NA,NA,NA,NA,0,NA,NA,NA,NA,0,NA,NA,NA,NA,3196510,NA,NA,NA,NA,0,NA,NA,NA,NA,2053400,NA,NA,NA,NA,1509450,NA,NA,NA,NA,0,NA,NA,NA,NA,3090655,NA,NA,NA,NA,1217835,NA,NA,NA,NA,1324840,NA,NA,NA,NA,0,NA,NA,NA,NA,2805965,NA,NA,NA,NA,1270600,NA,NA,NA,NA
M19 [Other Items],19.7,IFA - Blue ( Adolescent 10-19 yrs),1. Balance From Previous Month,4062230,NA,NA,NA,NA,30500,NA,NA,NA,NA,0,NA,NA,NA,NA,18500,NA,NA,NA,NA,0,NA,NA,NA,NA,0,NA,NA,NA,NA,0,NA,NA,NA,NA,0,NA,NA,NA,NA,NA,NA,NA,NA,NA,0,NA,NA,NA,NA,0,NA,NA,NA,NA,1016000,NA,NA,NA,NA,42500,NA,NA,NA,NA,679195,NA,NA,NA,NA,NA,NA,NA,NA,NA,NA,NA,NA,NA,NA,0,NA,NA,NA,NA,1750,NA,NA,NA,NA,NA,NA,NA,NA,NA,20000,NA,NA,NA,NA,0,NA,NA,NA,NA,0,NA,NA,NA,NA,0,NA,NA,NA,NA,0,NA,NA,NA,NA,52650,NA,NA,NA,NA,NA,NA,NA,NA,NA,1498280,NA,NA,NA,NA,702855,NA,NA,NA,NA
M19 [Other Items],19.7,IFA - Blue ( Adolescent 10-19 yrs),2. Stocks Received,23353215,NA,NA,NA,NA,1959895,NA,NA,NA,NA,1687005,NA,NA,NA,NA,781005,NA,NA,NA,NA,0,NA,NA,NA,NA,1044000,NA,NA,NA,NA,1857000,NA,NA,NA,NA,1703005,NA,NA,NA,NA,NA,NA,NA,NA,NA,1146000,NA,NA,NA,NA,0,NA,NA,NA,NA,0,NA,NA,NA,NA,1047495,NA,NA,NA,NA,1336990,NA,NA,NA,NA,NA,NA,NA,NA,NA,NA,NA,NA,NA,NA,0,NA,NA,NA,NA,1993305,NA,NA,NA,NA,NA,NA,NA,NA,NA,999000,NA,NA,NA,NA,1243500,NA,NA,NA,NA,986520,NA,NA,NA,NA,2884500,NA,NA,NA,NA,1593000,NA,NA,NA,NA,1090995,NA,NA,NA,NA,NA,NA,NA,NA,NA,0,NA,NA,NA,NA,0,NA,NA,NA,NA
M19 [Other Items],19.7,IFA - Blue ( Adolescent 10-19 yrs),3. Unusable Stock,0,NA,NA,NA,NA,0,NA,NA,NA,NA,NA,NA,NA,NA,NA,NA,NA,NA,NA,NA,NA,NA,NA,NA,NA,0,NA,NA,NA,NA,0,NA,NA,NA,NA,0,NA,NA,NA,NA,NA,NA,NA,NA,NA,NA,NA,NA,NA,NA,0,NA,NA,NA,NA,0,NA,NA,NA,NA,NA,NA,NA,NA,NA,0,NA,NA,NA,NA,NA,NA,NA,NA,NA,NA,NA,NA,NA,NA,0,NA,NA,NA,NA,0,NA,NA,NA,NA,NA,NA,NA,NA,NA,0,NA,NA,NA,NA,0,NA,NA,NA,NA,0,NA,NA,NA,NA,0,NA,NA,NA,NA,0,NA,NA,NA,NA,0,NA,NA,NA,NA,NA,NA,NA,NA,NA,0,NA,NA,NA,NA,0,NA,NA,NA,NA
M19 [Other Items],19.7,IFA - Blue ( Adolescent 10-19 yrs),4. Stock Distributed,11675250,NA,NA,NA,NA,1106500,NA,NA,NA,NA,790000,NA,NA,NA,NA,315000,NA,NA,NA,NA,0,NA,NA,NA,NA,150000,NA,NA,NA,NA,919500,NA,NA,NA,NA,1651200,NA,NA,NA,NA,NA,NA,NA,NA,NA,600000,NA,NA,NA,NA,0,NA,NA,NA,NA,1007000,NA,NA,NA,NA,0,NA,NA,NA,NA,1037945,NA,NA,NA,NA,NA,NA,NA,NA,NA,NA,NA,NA,NA,NA,0,NA,NA,NA,NA,225000,NA,NA,NA,NA,NA,NA,NA,NA,NA,945000,NA,NA,NA,NA,960000,NA,NA,NA,NA,0,NA,NA,NA,NA,138500,NA,NA,NA,NA,779500,NA,NA,NA,NA,417750,NA,NA,NA,NA,NA,NA,NA,NA,NA,0,NA,NA,NA,NA,632355,NA,NA,NA,NA
M19 [Other Items],19.7,IFA - Blue ( Adolescent 10-19 yrs),5. Total Stock,15740195,NA,NA,NA,NA,883895,NA,NA,NA,NA,897005,NA,NA,NA,NA,484505,NA,NA,NA,NA,0,NA,NA,NA,NA,894000,NA,NA,NA,NA,937500,NA,NA,NA,NA,51805,NA,NA,NA,NA,0,NA,NA,NA,NA,546000,NA,NA,NA,NA,0,NA,NA,NA,NA,9000,NA,NA,NA,NA,1089995,NA,NA,NA,NA,978240,NA,NA,NA,NA,0,NA,NA,NA,NA,0,NA,NA,NA,NA,0,NA,NA,NA,NA,1770055,NA,NA,NA,NA,0,NA,NA,NA,NA,74000,NA,NA,NA,NA,283500,NA,NA,NA,NA,986520,NA,NA,NA,NA,2746000,NA,NA,NA,NA,813500,NA,NA,NA,NA,725895,NA,NA,NA,NA,0,NA,NA,NA,NA,1498280,NA,NA,NA,NA,70500,NA,NA,NA,NA
M19 [Other Items],19.8,IFA- Pink ( Junior 6-10 yrs),1. Balance From Previous Month,17298730,NA,NA,NA,NA,1012000,NA,NA,NA,NA,20400,NA,NA,NA,NA,6000,NA,NA,NA,NA,731890,NA,NA,NA,NA,0,NA,NA,NA,NA,0,NA,NA,NA,NA,0,NA,NA,NA,NA,NA,NA,NA,NA,NA,1183700,NA,NA,NA,NA,429445,NA,NA,NA,NA,327500,NA,NA,NA,NA,351000,NA,NA,NA,NA,1161695,NA,NA,NA,NA,NA,NA,NA,NA,NA,NA,NA,NA,NA,NA,0,NA,NA,NA,NA,1976400,NA,NA,NA,NA,NA,NA,NA,NA,NA,1891320,NA,NA,NA,NA,1192000,NA,NA,NA,NA,0,NA,NA,NA,NA,3253500,NA,NA,NA,NA,30000,NA,NA,NA,NA,1132000,NA,NA,NA,NA,NA,NA,NA,NA,NA,1164000,NA,NA,NA,NA,1435880,NA,NA,NA,NA
M19 [Other Items],19.8,IFA- Pink ( Junior 6-10 yrs),2. Stocks Received,0,NA,NA,NA,NA,0,NA,NA,NA,NA,NA,NA,NA,NA,NA,NA,NA,NA,NA,NA,0,NA,NA,NA,NA,0,NA,NA,NA,NA,0,NA,NA,NA,NA,0,NA,NA,NA,NA,NA,NA,NA,NA,NA,0,NA,NA,NA,NA,0,NA,NA,NA,NA,0,NA,NA,NA,NA,0,NA,NA,NA,NA,0,NA,NA,NA,NA,NA,NA,NA,NA,NA,NA,NA,NA,NA,NA,0,NA,NA,NA,NA,0,NA,NA,NA,NA,NA,NA,NA,NA,NA,0,NA,NA,NA,NA,0,NA,NA,NA,NA,0,NA,NA,NA,NA,0,NA,NA,NA,NA,0,NA,NA,NA,NA,0,NA,NA,NA,NA,NA,NA,NA,NA,NA,0,NA,NA,NA,NA,0,NA,NA,NA,NA
M19 [Other Items],19.8,IFA- Pink ( Junior 6-10 yrs),3. Unusable Stock,0,NA,NA,NA,NA,0,NA,NA,NA,NA,NA,NA,NA,NA,NA,NA,NA,NA,NA,NA,NA,NA,NA,NA,NA,0,NA,NA,NA,NA,0,NA,NA,NA,NA,0,NA,NA,NA,NA,NA,NA,NA,NA,NA,NA,NA,NA,NA,NA,0,NA,NA,NA,NA,0,NA,NA,NA,NA,NA,NA,NA,NA,NA,0,NA,NA,NA,NA,NA,NA,NA,NA,NA,NA,NA,NA,NA,NA,0,NA,NA,NA,NA,0,NA,NA,NA,NA,NA,NA,NA,NA,NA,0,NA,NA,NA,NA,0,NA,NA,NA,NA,0,NA,NA,NA,NA,0,NA,NA,NA,NA,0,NA,NA,NA,NA,0,NA,NA,NA,NA,NA,NA,NA,NA,NA,0,NA,NA,NA,NA,0,NA,NA,NA,NA
M19 [Other Items],19.8,IFA- Pink ( Junior 6-10 yrs),4. Stock Distributed,4825376,NA,NA,NA,NA,728000,NA,NA,NA,NA,1000,NA,NA,NA,NA,NA,NA,NA,NA,NA,0,NA,NA,NA,NA,0,NA,NA,NA,NA,0,NA,NA,NA,NA,0,NA,NA,NA,NA,NA,NA,NA,NA,NA,284000,NA,NA,NA,NA,0,NA,NA,NA,NA,165000,NA,NA,NA,NA,0,NA,NA,NA,NA,241356,NA,NA,NA,NA,NA,NA,NA,NA,NA,NA,NA,NA,NA,NA,0,NA,NA,NA,NA,270000,NA,NA,NA,NA,NA,NA,NA,NA,NA,20000,NA,NA,NA,NA,371740,NA,NA,NA,NA,0,NA,NA,NA,NA,1040000,NA,NA,NA,NA,0,NA,NA,NA,NA,520500,NA,NA,NA,NA,NA,NA,NA,NA,NA,9900,NA,NA,NA,NA,1173880,NA,NA,NA,NA
M19 [Other Items],19.8,IFA- Pink ( Junior 6-10 yrs),5. Total Stock,12473354,NA,NA,NA,NA,284000,NA,NA,NA,NA,19400,NA,NA,NA,NA,6000,NA,NA,NA,NA,731890,NA,NA,NA,NA,0,NA,NA,NA,NA,0,NA,NA,NA,NA,0,NA,NA,NA,NA,0,NA,NA,NA,NA,899700,NA,NA,NA,NA,429445,NA,NA,NA,NA,162500,NA,NA,NA,NA,351000,NA,NA,NA,NA,920339,NA,NA,NA,NA,0,NA,NA,NA,NA,0,NA,NA,NA,NA,0,NA,NA,NA,NA,1706400,NA,NA,NA,NA,0,NA,NA,NA,NA,1871320,NA,NA,NA,NA,820260,NA,NA,NA,NA,0,NA,NA,NA,NA,2213500,NA,NA,NA,NA,30000,NA,NA,NA,NA,611500,NA,NA,NA,NA,0,NA,NA,NA,NA,1154100,NA,NA,NA,NA,262000,NA,NA,NA,NA
M19 [Other Items],19.9,IFA Syrup (Paediatric),1. Balance From Previous Month,791166,NA,NA,NA,NA,28950,NA,NA,NA,NA,37151,NA,NA,NA,NA,2000,NA,NA,NA,NA,88425,NA,NA,NA,NA,21340,NA,NA,NA,NA,600,NA,NA,NA,NA,0,NA,NA,NA,NA,NA,NA,NA,NA,NA,12850,NA,NA,NA,NA,5900,NA,NA,NA,NA,4000,NA,NA,NA,NA,0,NA,NA,NA,NA,37150,NA,NA,NA,NA,NA,NA,NA,NA,NA,NA,NA,NA,NA,NA,0,NA,NA,NA,NA,74800,NA,NA,NA,NA,NA,NA,NA,NA,NA,47580,NA,NA,NA,NA,39600,NA,NA,NA,NA,0,NA,NA,NA,NA,175550,NA,NA,NA,NA,38100,NA,NA,NA,NA,60820,NA,NA,NA,NA,NA,NA,NA,NA,NA,72450,NA,NA,NA,NA,43900,NA,NA,NA,NA
M19 [Other Items],19.9,IFA Syrup (Paediatric),2. Stocks Received,854680,NA,NA,NA,NA,143900,NA,NA,NA,NA,145700,NA,NA,NA,NA,77000,NA,NA,NA,NA,0,NA,NA,NA,NA,11600,NA,NA,NA,NA,0,NA,NA,NA,NA,106400,NA,NA,NA,NA,NA,NA,NA,NA,NA,27380,NA,NA,NA,NA,26300,NA,NA,NA,NA,125100,NA,NA,NA,NA,0,NA,NA,NA,NA,0,NA,NA,NA,NA,NA,NA,NA,NA,NA,NA,NA,NA,NA,NA,0,NA,NA,NA,NA,0,NA,NA,NA,NA,NA,NA,NA,NA,NA,18600,NA,NA,NA,NA,0,NA,NA,NA,NA,0,NA,NA,NA,NA,65500,NA,NA,NA,NA,12400,NA,NA,NA,NA,31400,NA,NA,NA,NA,NA,NA,NA,NA,NA,27000,NA,NA,NA,NA,36400,NA,NA,NA,NA
M19 [Other Items],19.9,IFA Syrup (Paediatric),3. Unusable Stock,0,NA,NA,NA,NA,0,NA,NA,NA,NA,NA,NA,NA,NA,NA,NA,NA,NA,NA,NA,NA,NA,NA,NA,NA,0,NA,NA,NA,NA,0,NA,NA,NA,NA,0,NA,NA,NA,NA,NA,NA,NA,NA,NA,NA,NA,NA,NA,NA,0,NA,NA,NA,NA,0,NA,NA,NA,NA,NA,NA,NA,NA,NA,0,NA,NA,NA,NA,NA,NA,NA,NA,NA,NA,NA,NA,NA,NA,0,NA,NA,NA,NA,0,NA,NA,NA,NA,NA,NA,NA,NA,NA,0,NA,NA,NA,NA,0,NA,NA,NA,NA,0,NA,NA,NA,NA,0,NA,NA,NA,NA,0,NA,NA,NA,NA,0,NA,NA,NA,NA,NA,NA,NA,NA,NA,NA,NA,NA,NA,NA,0,NA,NA,NA,NA
M19 [Other Items],19.9,IFA Syrup (Paediatric),4. Stock Distributed,417840,NA,NA,NA,NA,19831,NA,NA,NA,NA,43150,NA,NA,NA,NA,36750,NA,NA,NA,NA,13370,NA,NA,NA,NA,10600,NA,NA,NA,NA,0,NA,NA,NA,NA,102400,NA,NA,NA,NA,NA,NA,NA,NA,NA,1200,NA,NA,NA,NA,150,NA,NA,NA,NA,73050,NA,NA,NA,NA,0,NA,NA,NA,NA,3450,NA,NA,NA,NA,NA,NA,NA,NA,NA,NA,NA,NA,NA,NA,0,NA,NA,NA,NA,7350,NA,NA,NA,NA,NA,NA,NA,NA,NA,8100,NA,NA,NA,NA,4669,NA,NA,NA,NA,0,NA,NA,NA,NA,25900,NA,NA,NA,NA,10850,NA,NA,NA,NA,27070,NA,NA,NA,NA,NA,NA,NA,NA,NA,2500,NA,NA,NA,NA,27450,NA,NA,NA,NA
M19 [Other Items],19.9,IFA Syrup (Paediatric),5. Total Stock,1228006,NA,NA,NA,NA,153019,NA,NA,NA,NA,139701,NA,NA,NA,NA,42250,NA,NA,NA,NA,75055,NA,NA,NA,NA,22340,NA,NA,NA,NA,600,NA,NA,NA,NA,4000,NA,NA,NA,NA,0,NA,NA,NA,NA,39030,NA,NA,NA,NA,32050,NA,NA,NA,NA,56050,NA,NA,NA,NA,0,NA,NA,NA,NA,33700,NA,NA,NA,NA,0,NA,NA,NA,NA,0,NA,NA,NA,NA,0,NA,NA,NA,NA,67450,NA,NA,NA,NA,0,NA,NA,NA,NA,58080,NA,NA,NA,NA,34931,NA,NA,NA,NA,0,NA,NA,NA,NA,215150,NA,NA,NA,NA,39650,NA,NA,NA,NA,65150,NA,NA,NA,NA,0,NA,NA,NA,NA,96950,NA,NA,NA,NA,52850,NA,NA,NA,NA
M19 [Other Items],19.1,Paediatrics Antibiotics ( Amoxycillin and Injectable Gentamicin),1. Balance From Previous Month,416476,NA,NA,NA,NA,580,NA,NA,NA,NA,1410,NA,NA,NA,NA,8750,NA,NA,NA,NA,0,NA,NA,NA,NA,7250,NA,NA,NA,NA,5630,NA,NA,NA,NA,0,NA,NA,NA,NA,NA,NA,NA,NA,NA,NA,NA,NA,NA,NA,700,NA,NA,NA,NA,324830,NA,NA,NA,NA,1100,NA,NA,NA,NA,8800,NA,NA,NA,NA,NA,NA,NA,NA,NA,NA,NA,NA,NA,NA,0,NA,NA,NA,NA,28920,NA,NA,NA,NA,NA,NA,NA,NA,NA,0,NA,NA,NA,NA,28096,NA,NA,NA,NA,410,NA,NA,NA,NA,0,NA,NA,NA,NA,0,NA,NA,NA,NA,0,NA,NA,NA,NA,NA,NA,NA,NA,NA,0,NA,NA,NA,NA,0,NA,NA,NA,NA
M19 [Other Items],19.1,Paediatrics Antibiotics ( Amoxycillin and Injectable Gentamicin),2. Stocks Received,72400,NA,NA,NA,NA,20000,NA,NA,NA,NA,NA,NA,NA,NA,NA,NA,NA,NA,NA,NA,0,NA,NA,NA,NA,22000,NA,NA,NA,NA,0,NA,NA,NA,NA,0,NA,NA,NA,NA,NA,NA,NA,NA,NA,NA,NA,NA,NA,NA,0,NA,NA,NA,NA,0,NA,NA,NA,NA,0,NA,NA,NA,NA,0,NA,NA,NA,NA,NA,NA,NA,NA,NA,NA,NA,NA,NA,NA,0,NA,NA,NA,NA,0,NA,NA,NA,NA,NA,NA,NA,NA,NA,0,NA,NA,NA,NA,30400,NA,NA,NA,NA,0,NA,NA,NA,NA,0,NA,NA,NA,NA,0,NA,NA,NA,NA,0,NA,NA,NA,NA,NA,NA,NA,NA,NA,0,NA,NA,NA,NA,0,NA,NA,NA,NA
M19 [Other Items],19.1,Paediatrics Antibiotics ( Amoxycillin and Injectable Gentamicin),3. Unusable Stock,0,NA,NA,NA,NA,0,NA,NA,NA,NA,NA,NA,NA,NA,NA,NA,NA,NA,NA,NA,NA,NA,NA,NA,NA,0,NA,NA,NA,NA,0,NA,NA,NA,NA,0,NA,NA,NA,NA,NA,NA,NA,NA,NA,NA,NA,NA,NA,NA,0,NA,NA,NA,NA,0,NA,NA,NA,NA,NA,NA,NA,NA,NA,0,NA,NA,NA,NA,NA,NA,NA,NA,NA,NA,NA,NA,NA,NA,0,NA,NA,NA,NA,0,NA,NA,NA,NA,NA,NA,NA,NA,NA,0,NA,NA,NA,NA,0,NA,NA,NA,NA,0,NA,NA,NA,NA,0,NA,NA,NA,NA,0,NA,NA,NA,NA,0,NA,NA,NA,NA,NA,NA,NA,NA,NA,0,NA,NA,NA,NA,0,NA,NA,NA,NA
M19 [Other Items],19.1,Paediatrics Antibiotics ( Amoxycillin and Injectable Gentamicin),4. Stock Distributed,95300,NA,NA,NA,NA,2130,NA,NA,NA,NA,NA,NA,NA,NA,NA,4240,NA,NA,NA,NA,0,NA,NA,NA,NA,3810,NA,NA,NA,NA,0,NA,NA,NA,NA,0,NA,NA,NA,NA,NA,NA,NA,NA,NA,NA,NA,NA,NA,NA,0,NA,NA,NA,NA,72920,NA,NA,NA,NA,730,NA,NA,NA,NA,400,NA,NA,NA,NA,NA,NA,NA,NA,NA,NA,NA,NA,NA,NA,0,NA,NA,NA,NA,0,NA,NA,NA,NA,NA,NA,NA,NA,NA,0,NA,NA,NA,NA,11050,NA,NA,NA,NA,20,NA,NA,NA,NA,0,NA,NA,NA,NA,0,NA,NA,NA,NA,0,NA,NA,NA,NA,NA,NA,NA,NA,NA,0,NA,NA,NA,NA,0,NA,NA,NA,NA
M19 [Other Items],19.1,Paediatrics Antibiotics ( Amoxycillin and Injectable Gentamicin),5. Total Stock,393576,NA,NA,NA,NA,18450,NA,NA,NA,NA,1410,NA,NA,NA,NA,4510,NA,NA,NA,NA,0,NA,NA,NA,NA,25440,NA,NA,NA,NA,5630,NA,NA,NA,NA,0,NA,NA,NA,NA,0,NA,NA,NA,NA,0,NA,NA,NA,NA,700,NA,NA,NA,NA,251910,NA,NA,NA,NA,370,NA,NA,NA,NA,8400,NA,NA,NA,NA,0,NA,NA,NA,NA,0,NA,NA,NA,NA,0,NA,NA,NA,NA,28920,NA,NA,NA,NA,0,NA,NA,NA,NA,0,NA,NA,NA,NA,47446,NA,NA,NA,NA,390,NA,NA,NA,NA,0,NA,NA,NA,NA,0,NA,NA,NA,NA,0,NA,NA,NA,NA,0,NA,NA,NA,NA,0,NA,NA,NA,NA,0,NA,NA,NA,NA
M19 [Other Items],19.11,Vit A syrup,1. Balance From Previous Month,337,NA,NA,NA,NA,0,NA,NA,NA,NA,16,NA,NA,NA,NA,NA,NA,NA,NA,NA,5,NA,NA,NA,NA,2,NA,NA,NA,NA,0,NA,NA,NA,NA,0,NA,NA,NA,NA,NA,NA,NA,NA,NA,28,NA,NA,NA,NA,0,NA,NA,NA,NA,0,NA,NA,NA,NA,0,NA,NA,NA,NA,11,NA,NA,NA,NA,NA,NA,NA,NA,NA,NA,NA,NA,NA,NA,0,NA,NA,NA,NA,0,NA,NA,NA,NA,NA,NA,NA,NA,NA,2,NA,NA,NA,NA,0,NA,NA,NA,NA,0,NA,NA,NA,NA,130,NA,NA,NA,NA,0,NA,NA,NA,NA,0,NA,NA,NA,NA,NA,NA,NA,NA,NA,4,NA,NA,NA,NA,139,NA,NA,NA,NA
M19 [Other Items],19.11,Vit A syrup,2. Stocks Received,0,NA,NA,NA,NA,0,NA,NA,NA,NA,NA,NA,NA,NA,NA,NA,NA,NA,NA,NA,0,NA,NA,NA,NA,0,NA,NA,NA,NA,0,NA,NA,NA,NA,0,NA,NA,NA,NA,NA,NA,NA,NA,NA,0,NA,NA,NA,NA,0,NA,NA,NA,NA,0,NA,NA,NA,NA,0,NA,NA,NA,NA,0,NA,NA,NA,NA,NA,NA,NA,NA,NA,NA,NA,NA,NA,NA,0,NA,NA,NA,NA,0,NA,NA,NA,NA,NA,NA,NA,NA,NA,0,NA,NA,NA,NA,0,NA,NA,NA,NA,0,NA,NA,NA,NA,0,NA,NA,NA,NA,0,NA,NA,NA,NA,0,NA,NA,NA,NA,NA,NA,NA,NA,NA,0,NA,NA,NA,NA,0,NA,NA,NA,NA
M19 [Other Items],19.11,Vit A syrup,3. Unusable Stock,0,NA,NA,NA,NA,0,NA,NA,NA,NA,NA,NA,NA,NA,NA,NA,NA,NA,NA,NA,NA,NA,NA,NA,NA,0,NA,NA,NA,NA,0,NA,NA,NA,NA,0,NA,NA,NA,NA,NA,NA,NA,NA,NA,NA,NA,NA,NA,NA,0,NA,NA,NA,NA,0,NA,NA,NA,NA,NA,NA,NA,NA,NA,0,NA,NA,NA,NA,NA,NA,NA,NA,NA,NA,NA,NA,NA,NA,0,NA,NA,NA,NA,0,NA,NA,NA,NA,NA,NA,NA,NA,NA,0,NA,NA,NA,NA,0,NA,NA,NA,NA,0,NA,NA,NA,NA,0,NA,NA,NA,NA,0,NA,NA,NA,NA,0,NA,NA,NA,NA,NA,NA,NA,NA,NA,0,NA,NA,NA,NA,0,NA,NA,NA,NA
M19 [Other Items],19.11,Vit A syrup,4. Stock Distributed,74,NA,NA,NA,NA,0,NA,NA,NA,NA,5,NA,NA,NA,NA,NA,NA,NA,NA,NA,0,NA,NA,NA,NA,0,NA,NA,NA,NA,0,NA,NA,NA,NA,0,NA,NA,NA,NA,NA,NA,NA,NA,NA,0,NA,NA,NA,NA,0,NA,NA,NA,NA,0,NA,NA,NA,NA,0,NA,NA,NA,NA,0,NA,NA,NA,NA,NA,NA,NA,NA,NA,NA,NA,NA,NA,NA,0,NA,NA,NA,NA,0,NA,NA,NA,NA,NA,NA,NA,NA,NA,0,NA,NA,NA,NA,0,NA,NA,NA,NA,0,NA,NA,NA,NA,0,NA,NA,NA,NA,0,NA,NA,NA,NA,0,NA,NA,NA,NA,NA,NA,NA,NA,NA,0,NA,NA,NA,NA,69,NA,NA,NA,NA
M19 [Other Items],19.11,Vit A syrup,5. Total Stock,263,NA,NA,NA,NA,0,NA,NA,NA,NA,11,NA,NA,NA,NA,0,NA,NA,NA,NA,5,NA,NA,NA,NA,2,NA,NA,NA,NA,0,NA,NA,NA,NA,0,NA,NA,NA,NA,0,NA,NA,NA,NA,28,NA,NA,NA,NA,0,NA,NA,NA,NA,0,NA,NA,NA,NA,0,NA,NA,NA,NA,11,NA,NA,NA,NA,0,NA,NA,NA,NA,0,NA,NA,NA,NA,0,NA,NA,NA,NA,0,NA,NA,NA,NA,0,NA,NA,NA,NA,2,NA,NA,NA,NA,0,NA,NA,NA,NA,0,NA,NA,NA,NA,130,NA,NA,NA,NA,0,NA,NA,NA,NA,0,NA,NA,NA,NA,0,NA,NA,NA,NA,4,NA,NA,NA,NA,70,NA,NA,NA,NA
M19 [Other Items],19.12,ORS (New WHO),1. Balance From Previous Month,3683694,NA,NA,NA,NA,95200,NA,NA,NA,NA,130900,NA,NA,NA,NA,209400,NA,NA,NA,NA,417194,NA,NA,NA,NA,111000,NA,NA,NA,NA,57500,NA,NA,NA,NA,198500,NA,NA,NA,NA,NA,NA,NA,NA,NA,272320,NA,NA,NA,NA,42400,NA,NA,NA,NA,98350,NA,NA,NA,NA,216100,NA,NA,NA,NA,184450,NA,NA,NA,NA,NA,NA,NA,NA,NA,NA,NA,NA,NA,NA,0,NA,NA,NA,NA,276200,NA,NA,NA,NA,NA,NA,NA,NA,NA,273750,NA,NA,NA,NA,326400,NA,NA,NA,NA,170900,NA,NA,NA,NA,74690,NA,NA,NA,NA,61890,NA,NA,NA,NA,167760,NA,NA,NA,NA,NA,NA,NA,NA,NA,173590,NA,NA,NA,NA,125200,NA,NA,NA,NA
M19 [Other Items],19.12,ORS (New WHO),2. Stocks Received,18000,NA,NA,NA,NA,0,NA,NA,NA,NA,NA,NA,NA,NA,NA,NA,NA,NA,NA,NA,0,NA,NA,NA,NA,0,NA,NA,NA,NA,0,NA,NA,NA,NA,0,NA,NA,NA,NA,NA,NA,NA,NA,NA,0,NA,NA,NA,NA,0,NA,NA,NA,NA,0,NA,NA,NA,NA,0,NA,NA,NA,NA,0,NA,NA,NA,NA,NA,NA,NA,NA,NA,NA,NA,NA,NA,NA,0,NA,NA,NA,NA,0,NA,NA,NA,NA,NA,NA,NA,NA,NA,0,NA,NA,NA,NA,0,NA,NA,NA,NA,0,NA,NA,NA,NA,0,NA,NA,NA,NA,18000,NA,NA,NA,NA,0,NA,NA,NA,NA,NA,NA,NA,NA,NA,0,NA,NA,NA,NA,0,NA,NA,NA,NA
M19 [Other Items],19.12,ORS (New WHO),3. Unusable Stock,0,NA,NA,NA,NA,0,NA,NA,NA,NA,NA,NA,NA,NA,NA,NA,NA,NA,NA,NA,0,NA,NA,NA,NA,0,NA,NA,NA,NA,0,NA,NA,NA,NA,0,NA,NA,NA,NA,NA,NA,NA,NA,NA,NA,NA,NA,NA,NA,0,NA,NA,NA,NA,0,NA,NA,NA,NA,NA,NA,NA,NA,NA,0,NA,NA,NA,NA,NA,NA,NA,NA,NA,NA,NA,NA,NA,NA,0,NA,NA,NA,NA,0,NA,NA,NA,NA,NA,NA,NA,NA,NA,0,NA,NA,NA,NA,0,NA,NA,NA,NA,0,NA,NA,NA,NA,0,NA,NA,NA,NA,0,NA,NA,NA,NA,0,NA,NA,NA,NA,NA,NA,NA,NA,NA,0,NA,NA,NA,NA,0,NA,NA,NA,NA
M19 [Other Items],19.12,ORS (New WHO),4. Stock Distributed,702786,NA,NA,NA,NA,10200,NA,NA,NA,NA,27600,NA,NA,NA,NA,32550,NA,NA,NA,NA,70256,NA,NA,NA,NA,23050,NA,NA,NA,NA,0,NA,NA,NA,NA,30900,NA,NA,NA,NA,NA,NA,NA,NA,NA,82000,NA,NA,NA,NA,0,NA,NA,NA,NA,19900,NA,NA,NA,NA,49800,NA,NA,NA,NA,13650,NA,NA,NA,NA,NA,NA,NA,NA,NA,NA,NA,NA,NA,NA,0,NA,NA,NA,NA,11400,NA,NA,NA,NA,NA,NA,NA,NA,NA,13350,NA,NA,NA,NA,34040,NA,NA,NA,NA,29100,NA,NA,NA,NA,25000,NA,NA,NA,NA,79890,NA,NA,NA,NA,35800,NA,NA,NA,NA,NA,NA,NA,NA,NA,51900,NA,NA,NA,NA,62400,NA,NA,NA,NA
M19 [Other Items],19.12,ORS (New WHO),5. Total Stock,2866948,NA,NA,NA,NA,85000,NA,NA,NA,NA,103300,NA,NA,NA,NA,176850,NA,NA,NA,NA,346938,NA,NA,NA,NA,87950,NA,NA,NA,NA,57500,NA,NA,NA,NA,167600,NA,NA,NA,NA,NA,NA,NA,NA,NA,190320,NA,NA,NA,NA,42400,NA,NA,NA,NA,78450,NA,NA,NA,NA,166300,NA,NA,NA,NA,170800,NA,NA,NA,NA,NA,NA,NA,NA,NA,NA,NA,NA,NA,NA,0,NA,NA,NA,NA,264800,NA,NA,NA,NA,NA,NA,NA,NA,NA,260400,NA,NA,NA,NA,292360,NA,NA,NA,NA,141800,NA,NA,NA,NA,49690,NA,NA,NA,NA,0,NA,NA,NA,NA,NA,NA,NA,NA,NA,NA,NA,NA,NA,NA,121690,NA,NA,NA,NA,62800,NA,NA,NA,NA
M19 [Other Items],19.13,RTI /STI colour coded syndromic kits ( I to VII),1. Balance From Previous Month,6694,NA,NA,NA,NA,2155,NA,NA,NA,NA,NA,NA,NA,NA,NA,NA,NA,NA,NA,NA,NA,NA,NA,NA,NA,0,NA,NA,NA,NA,0,NA,NA,NA,NA,0,NA,NA,NA,NA,NA,NA,NA,NA,NA,NA,NA,NA,NA,NA,NA,NA,NA,NA,NA,NA,NA,NA,NA,NA,0,NA,NA,NA,NA,0,NA,NA,NA,NA,NA,NA,NA,NA,NA,NA,NA,NA,NA,NA,0,NA,NA,NA,NA,0,NA,NA,NA,NA,NA,NA,NA,NA,NA,0,NA,NA,NA,NA,0,NA,NA,NA,NA,144,NA,NA,NA,NA,0,NA,NA,NA,NA,0,NA,NA,NA,NA,0,NA,NA,NA,NA,NA,NA,NA,NA,NA,1335,NA,NA,NA,NA,3060,NA,NA,NA,NA
M19 [Other Items],19.13,RTI /STI colour coded syndromic kits ( I to VII),2. Stocks Received,1620,NA,NA,NA,NA,0,NA,NA,NA,NA,NA,NA,NA,NA,NA,NA,NA,NA,NA,NA,NA,NA,NA,NA,NA,0,NA,NA,NA,NA,0,NA,NA,NA,NA,0,NA,NA,NA,NA,NA,NA,NA,NA,NA,NA,NA,NA,NA,NA,NA,NA,NA,NA,NA,NA,NA,NA,NA,NA,0,NA,NA,NA,NA,0,NA,NA,NA,NA,NA,NA,NA,NA,NA,NA,NA,NA,NA,NA,0,NA,NA,NA,NA,0,NA,NA,NA,NA,NA,NA,NA,NA,NA,0,NA,NA,NA,NA,0,NA,NA,NA,NA,0,NA,NA,NA,NA,0,NA,NA,NA,NA,0,NA,NA,NA,NA,1620,NA,NA,NA,NA,NA,NA,NA,NA,NA,0,NA,NA,NA,NA,0,NA,NA,NA,NA
M19 [Other Items],19.13,RTI /STI colour coded syndromic kits ( I to VII),3. Unusable Stock,0,NA,NA,NA,NA,0,NA,NA,NA,NA,NA,NA,NA,NA,NA,NA,NA,NA,NA,NA,NA,NA,NA,NA,NA,0,NA,NA,NA,NA,0,NA,NA,NA,NA,0,NA,NA,NA,NA,NA,NA,NA,NA,NA,NA,NA,NA,NA,NA,NA,NA,NA,NA,NA,NA,NA,NA,NA,NA,NA,NA,NA,NA,NA,0,NA,NA,NA,NA,NA,NA,NA,NA,NA,NA,NA,NA,NA,NA,0,NA,NA,NA,NA,0,NA,NA,NA,NA,NA,NA,NA,NA,NA,0,NA,NA,NA,NA,0,NA,NA,NA,NA,0,NA,NA,NA,NA,0,NA,NA,NA,NA,0,NA,NA,NA,NA,0,NA,NA,NA,NA,NA,NA,NA,NA,NA,0,NA,NA,NA,NA,0,NA,NA,NA,NA
M19 [Other Items],19.13,RTI /STI colour coded syndromic kits ( I to VII),4. Stock Distributed,291,NA,NA,NA,NA,147,NA,NA,NA,NA,NA,NA,NA,NA,NA,NA,NA,NA,NA,NA,0,NA,NA,NA,NA,0,NA,NA,NA,NA,0,NA,NA,NA,NA,0,NA,NA,NA,NA,NA,NA,NA,NA,NA,NA,NA,NA,NA,NA,NA,NA,NA,NA,NA,NA,NA,NA,NA,NA,0,NA,NA,NA,NA,0,NA,NA,NA,NA,NA,NA,NA,NA,NA,NA,NA,NA,NA,NA,0,NA,NA,NA,NA,0,NA,NA,NA,NA,NA,NA,NA,NA,NA,0,NA,NA,NA,NA,0,NA,NA,NA,NA,144,NA,NA,NA,NA,0,NA,NA,NA,NA,0,NA,NA,NA,NA,0,NA,NA,NA,NA,NA,NA,NA,NA,NA,0,NA,NA,NA,NA,0,NA,NA,NA,NA
M19 [Other Items],19.13,RTI /STI colour coded syndromic kits ( I to VII),5. Total Stock,6403,NA,NA,NA,NA,2008,NA,NA,NA,NA,NA,NA,NA,NA,NA,NA,NA,NA,NA,NA,0,NA,NA,NA,NA,0,NA,NA,NA,NA,0,NA,NA,NA,NA,0,NA,NA,NA,NA,NA,NA,NA,NA,NA,NA,NA,NA,NA,NA,NA,NA,NA,NA,NA,NA,NA,NA,NA,NA,0,NA,NA,NA,NA,0,NA,NA,NA,NA,NA,NA,NA,NA,NA,NA,NA,NA,NA,NA,0,NA,NA,NA,NA,0,NA,NA,NA,NA,NA,NA,NA,NA,NA,0,NA,NA,NA,NA,0,NA,NA,NA,NA,0,NA,NA,NA,NA,0,NA,NA,NA,NA,0,NA,NA,NA,NA,NA,NA,NA,NA,NA,NA,NA,NA,NA,NA,1335,NA,NA,NA,NA,3060,NA,NA,NA,NA
M19 [Other Items],19.14,Zinc 20 mg tablet,1. Balance From Previous Month,24242336,NA,NA,NA,NA,957016,NA,NA,NA,NA,2838840,NA,NA,NA,NA,1213618,NA,NA,NA,NA,0,NA,NA,NA,NA,168400,NA,NA,NA,NA,0,NA,NA,NA,NA,909088,NA,NA,NA,NA,NA,NA,NA,NA,NA,1820590,NA,NA,NA,NA,284996,NA,NA,NA,NA,1399412,NA,NA,NA,NA,1609610,NA,NA,NA,NA,717822,NA,NA,NA,NA,NA,NA,NA,NA,NA,NA,NA,NA,NA,NA,0,NA,NA,NA,NA,1384094,NA,NA,NA,NA,NA,NA,NA,NA,NA,1526244,NA,NA,NA,NA,1424588,NA,NA,NA,NA,1224770,NA,NA,NA,NA,1251038,NA,NA,NA,NA,1230180,NA,NA,NA,NA,1430534,NA,NA,NA,NA,NA,NA,NA,NA,NA,1811610,NA,NA,NA,NA,1039886,NA,NA,NA,NA
M19 [Other Items],19.14,Zinc 20 mg tablet,2. Stocks Received,15000,NA,NA,NA,NA,0,NA,NA,NA,NA,NA,NA,NA,NA,NA,NA,NA,NA,NA,NA,0,NA,NA,NA,NA,0,NA,NA,NA,NA,0,NA,NA,NA,NA,0,NA,NA,NA,NA,NA,NA,NA,NA,NA,15000,NA,NA,NA,NA,0,NA,NA,NA,NA,0,NA,NA,NA,NA,0,NA,NA,NA,NA,0,NA,NA,NA,NA,NA,NA,NA,NA,NA,NA,NA,NA,NA,NA,0,NA,NA,NA,NA,0,NA,NA,NA,NA,NA,NA,NA,NA,NA,0,NA,NA,NA,NA,0,NA,NA,NA,NA,0,NA,NA,NA,NA,0,NA,NA,NA,NA,0,NA,NA,NA,NA,0,NA,NA,NA,NA,NA,NA,NA,NA,NA,0,NA,NA,NA,NA,0,NA,NA,NA,NA
M19 [Other Items],19.14,Zinc 20 mg tablet,3. Unusable Stock,0,NA,NA,NA,NA,0,NA,NA,NA,NA,NA,NA,NA,NA,NA,NA,NA,NA,NA,NA,NA,NA,NA,NA,NA,0,NA,NA,NA,NA,0,NA,NA,NA,NA,0,NA,NA,NA,NA,NA,NA,NA,NA,NA,NA,NA,NA,NA,NA,0,NA,NA,NA,NA,0,NA,NA,NA,NA,NA,NA,NA,NA,NA,0,NA,NA,NA,NA,NA,NA,NA,NA,NA,NA,NA,NA,NA,NA,0,NA,NA,NA,NA,0,NA,NA,NA,NA,NA,NA,NA,NA,NA,0,NA,NA,NA,NA,0,NA,NA,NA,NA,0,NA,NA,NA,NA,0,NA,NA,NA,NA,0,NA,NA,NA,NA,0,NA,NA,NA,NA,NA,NA,NA,NA,NA,0,NA,NA,NA,NA,0,NA,NA,NA,NA
M19 [Other Items],19.14,Zinc 20 mg tablet,4. Stock Distributed,1330682,NA,NA,NA,NA,19800,NA,NA,NA,NA,60000,NA,NA,NA,NA,9800,NA,NA,NA,NA,0,NA,NA,NA,NA,3200,NA,NA,NA,NA,0,NA,NA,NA,NA,46200,NA,NA,NA,NA,NA,NA,NA,NA,NA,14680,NA,NA,NA,NA,5000,NA,NA,NA,NA,11200,NA,NA,NA,NA,69800,NA,NA,NA,NA,547022,NA,NA,NA,NA,NA,NA,NA,NA,NA,NA,NA,NA,NA,NA,0,NA,NA,NA,NA,280,NA,NA,NA,NA,NA,NA,NA,NA,NA,27580,NA,NA,NA,NA,14000,NA,NA,NA,NA,80620,NA,NA,NA,NA,232200,NA,NA,NA,NA,25400,NA,NA,NA,NA,43960,NA,NA,NA,NA,NA,NA,NA,NA,NA,59040,NA,NA,NA,NA,60900,NA,NA,NA,NA
M19 [Other Items],19.14,Zinc 20 mg tablet,5. Total Stock,21540080,NA,NA,NA,NA,937216,NA,NA,NA,NA,2778840,NA,NA,NA,NA,1203818,NA,NA,NA,NA,0,NA,NA,NA,NA,165200,NA,NA,NA,NA,0,NA,NA,NA,NA,862888,NA,NA,NA,NA,NA,NA,NA,NA,NA,1820910,NA,NA,NA,NA,279996,NA,NA,NA,NA,1388212,NA,NA,NA,NA,1539810,NA,NA,NA,NA,170800,NA,NA,NA,NA,NA,NA,NA,NA,NA,NA,NA,NA,NA,NA,0,NA,NA,NA,NA,1383814,NA,NA,NA,NA,NA,NA,NA,NA,NA,1498664,NA,NA,NA,NA,1410588,NA,NA,NA,NA,1144150,NA,NA,NA,NA,1018838,NA,NA,NA,NA,1204780,NA,NA,NA,NA,NA,NA,NA,NA,NA,NA,NA,NA,NA,NA,1752570,NA,NA,NA,NA,978986,NA,NA,NA,NA
M19 [Other Items],19.15,Albendazole 400 mg tablet,1. Balance From Previous Month,5840310,NA,NA,NA,NA,122800,NA,NA,NA,NA,357200,NA,NA,NA,NA,273800,NA,NA,NA,NA,640260,NA,NA,NA,NA,268400,NA,NA,NA,NA,64900,NA,NA,NA,NA,190100,NA,NA,NA,NA,NA,NA,NA,NA,NA,369000,NA,NA,NA,NA,104500,NA,NA,NA,NA,294500,NA,NA,NA,NA,0,NA,NA,NA,NA,201250,NA,NA,NA,NA,NA,NA,NA,NA,NA,NA,NA,NA,NA,NA,0,NA,NA,NA,NA,345000,NA,NA,NA,NA,NA,NA,NA,NA,NA,310000,NA,NA,NA,NA,351000,NA,NA,NA,NA,337000,NA,NA,NA,NA,967800,NA,NA,NA,NA,181500,NA,NA,NA,NA,327500,NA,NA,NA,NA,NA,NA,NA,NA,NA,3900,NA,NA,NA,NA,129900,NA,NA,NA,NA
M19 [Other Items],19.15,Albendazole 400 mg tablet,2. Stocks Received,754100,NA,NA,NA,NA,0,NA,NA,NA,NA,NA,NA,NA,NA,NA,NA,NA,NA,NA,NA,24100,NA,NA,NA,NA,0,NA,NA,NA,NA,0,NA,NA,NA,NA,0,NA,NA,NA,NA,NA,NA,NA,NA,NA,0,NA,NA,NA,NA,0,NA,NA,NA,NA,0,NA,NA,NA,NA,310000,NA,NA,NA,NA,0,NA,NA,NA,NA,NA,NA,NA,NA,NA,NA,NA,NA,NA,NA,0,NA,NA,NA,NA,0,NA,NA,NA,NA,NA,NA,NA,NA,NA,0,NA,NA,NA,NA,0,NA,NA,NA,NA,0,NA,NA,NA,NA,0,NA,NA,NA,NA,0,NA,NA,NA,NA,0,NA,NA,NA,NA,NA,NA,NA,NA,NA,420000,NA,NA,NA,NA,0,NA,NA,NA,NA
M19 [Other Items],19.15,Albendazole 400 mg tablet,3. Unusable Stock,0,NA,NA,NA,NA,0,NA,NA,NA,NA,NA,NA,NA,NA,NA,NA,NA,NA,NA,NA,NA,NA,NA,NA,NA,0,NA,NA,NA,NA,0,NA,NA,NA,NA,0,NA,NA,NA,NA,NA,NA,NA,NA,NA,NA,NA,NA,NA,NA,0,NA,NA,NA,NA,0,NA,NA,NA,NA,NA,NA,NA,NA,NA,0,NA,NA,NA,NA,NA,NA,NA,NA,NA,NA,NA,NA,NA,NA,0,NA,NA,NA,NA,0,NA,NA,NA,NA,NA,NA,NA,NA,NA,0,NA,NA,NA,NA,0,NA,NA,NA,NA,0,NA,NA,NA,NA,0,NA,NA,NA,NA,0,NA,NA,NA,NA,0,NA,NA,NA,NA,NA,NA,NA,NA,NA,0,NA,NA,NA,NA,0,NA,NA,NA,NA
M19 [Other Items],19.15,Albendazole 400 mg tablet,4. Stock Distributed,1054736,NA,NA,NA,NA,17800,NA,NA,NA,NA,30600,NA,NA,NA,NA,17700,NA,NA,NA,NA,40150,NA,NA,NA,NA,5740,NA,NA,NA,NA,0,NA,NA,NA,NA,25500,NA,NA,NA,NA,NA,NA,NA,NA,NA,37536,NA,NA,NA,NA,0,NA,NA,NA,NA,11500,NA,NA,NA,NA,278700,NA,NA,NA,NA,12800,NA,NA,NA,NA,NA,NA,NA,NA,NA,NA,NA,NA,NA,NA,0,NA,NA,NA,NA,0,NA,NA,NA,NA,NA,NA,NA,NA,NA,200,NA,NA,NA,NA,22800,NA,NA,NA,NA,18000,NA,NA,NA,NA,59500,NA,NA,NA,NA,65800,NA,NA,NA,NA,10550,NA,NA,NA,NA,NA,NA,NA,NA,NA,382460,NA,NA,NA,NA,17400,NA,NA,NA,NA
M19 [Other Items],19.15,Albendazole 400 mg tablet,5. Total Stock,6270940,NA,NA,NA,NA,1050000,NA,NA,NA,NA,326600,NA,NA,NA,NA,256100,NA,NA,NA,NA,624210,NA,NA,NA,NA,365876,NA,NA,NA,NA,64900,NA,NA,NA,NA,164600,NA,NA,NA,NA,NA,NA,NA,NA,NA,331464,NA,NA,NA,NA,104500,NA,NA,NA,NA,283000,NA,NA,NA,NA,31300,NA,NA,NA,NA,188450,NA,NA,NA,NA,NA,NA,NA,NA,NA,NA,NA,NA,NA,NA,0,NA,NA,NA,NA,345000,NA,NA,NA,NA,NA,NA,NA,NA,NA,309800,NA,NA,NA,NA,328200,NA,NA,NA,NA,319000,NA,NA,NA,NA,908300,NA,NA,NA,NA,115700,NA,NA,NA,NA,NA,NA,NA,NA,NA,NA,NA,NA,NA,NA,41440,NA,NA,NA,NA,112500,NA,NA,NA,NA
M19 [Other Items],19.16,Calcium Tablets,1. Balance From Previous Month,32727704,NA,NA,NA,NA,31866,NA,NA,NA,NA,1532990,NA,NA,NA,NA,1505380,NA,NA,NA,NA,0,NA,NA,NA,NA,1477040,NA,NA,NA,NA,3349760,NA,NA,NA,NA,0,NA,NA,NA,NA,NA,NA,NA,NA,NA,7000,NA,NA,NA,NA,888470,NA,NA,NA,NA,6600,NA,NA,NA,NA,50800,NA,NA,NA,NA,3754910,NA,NA,NA,NA,NA,NA,NA,NA,NA,NA,NA,NA,NA,NA,0,NA,NA,NA,NA,134,NA,NA,NA,NA,NA,NA,NA,NA,NA,3759980,NA,NA,NA,NA,5401920,NA,NA,NA,NA,0,NA,NA,NA,NA,1354467,NA,NA,NA,NA,1918750,NA,NA,NA,NA,1000,NA,NA,NA,NA,NA,NA,NA,NA,NA,4895387,NA,NA,NA,NA,2791250,NA,NA,NA,NA
M19 [Other Items],19.16,Calcium Tablets,2. Stocks Received,7045440,NA,NA,NA,NA,0,NA,NA,NA,NA,NA,NA,NA,NA,NA,342440,NA,NA,NA,NA,0,NA,NA,NA,NA,0,NA,NA,NA,NA,0,NA,NA,NA,NA,0,NA,NA,NA,NA,NA,NA,NA,NA,NA,4650000,NA,NA,NA,NA,0,NA,NA,NA,NA,0,NA,NA,NA,NA,0,NA,NA,NA,NA,0,NA,NA,NA,NA,NA,NA,NA,NA,NA,NA,NA,NA,NA,NA,0,NA,NA,NA,NA,0,NA,NA,NA,NA,NA,NA,NA,NA,NA,0,NA,NA,NA,NA,0,NA,NA,NA,NA,0,NA,NA,NA,NA,0,NA,NA,NA,NA,0,NA,NA,NA,NA,0,NA,NA,NA,NA,NA,NA,NA,NA,NA,0,NA,NA,NA,NA,2053000,NA,NA,NA,NA
M19 [Other Items],19.16,Calcium Tablets,3. Unusable Stock,0,NA,NA,NA,NA,0,NA,NA,NA,NA,NA,NA,NA,NA,NA,NA,NA,NA,NA,NA,NA,NA,NA,NA,NA,0,NA,NA,NA,NA,0,NA,NA,NA,NA,0,NA,NA,NA,NA,NA,NA,NA,NA,NA,NA,NA,NA,NA,NA,0,NA,NA,NA,NA,0,NA,NA,NA,NA,NA,NA,NA,NA,NA,0,NA,NA,NA,NA,NA,NA,NA,NA,NA,NA,NA,NA,NA,NA,0,NA,NA,NA,NA,0,NA,NA,NA,NA,NA,NA,NA,NA,NA,0,NA,NA,NA,NA,0,NA,NA,NA,NA,0,NA,NA,NA,NA,0,NA,NA,NA,NA,0,NA,NA,NA,NA,0,NA,NA,NA,NA,NA,NA,NA,NA,NA,0,NA,NA,NA,NA,0,NA,NA,NA,NA
M19 [Other Items],19.16,Calcium Tablets,4. Stock Distributed,2530260,NA,NA,NA,NA,13900,NA,NA,NA,NA,195500,NA,NA,NA,NA,407700,NA,NA,NA,NA,0,NA,NA,NA,NA,166320,NA,NA,NA,NA,0,NA,NA,NA,NA,0,NA,NA,NA,NA,NA,NA,NA,NA,NA,29570,NA,NA,NA,NA,37500,NA,NA,NA,NA,6600,NA,NA,NA,NA,0,NA,NA,NA,NA,114600,NA,NA,NA,NA,NA,NA,NA,NA,NA,NA,NA,NA,NA,NA,0,NA,NA,NA,NA,0,NA,NA,NA,NA,NA,NA,NA,NA,NA,126300,NA,NA,NA,NA,204500,NA,NA,NA,NA,0,NA,NA,NA,NA,444200,NA,NA,NA,NA,217500,NA,NA,NA,NA,0,NA,NA,NA,NA,NA,NA,NA,NA,NA,115967,NA,NA,NA,NA,450103,NA,NA,NA,NA
M19 [Other Items],19.16,Calcium Tablets,5. Total Stock,37241884,NA,NA,NA,NA,17966,NA,NA,NA,NA,1337490,NA,NA,NA,NA,1440120,NA,NA,NA,NA,0,NA,NA,NA,NA,1310720,NA,NA,NA,NA,3349760,NA,NA,NA,NA,0,NA,NA,NA,NA,NA,NA,NA,NA,NA,4627430,NA,NA,NA,NA,850970,NA,NA,NA,NA,0,NA,NA,NA,NA,50800,NA,NA,NA,NA,3640310,NA,NA,NA,NA,NA,NA,NA,NA,NA,NA,NA,NA,NA,NA,0,NA,NA,NA,NA,134,NA,NA,NA,NA,NA,NA,NA,NA,NA,3633680,NA,NA,NA,NA,5197420,NA,NA,NA,NA,0,NA,NA,NA,NA,910267,NA,NA,NA,NA,1701250,NA,NA,NA,NA,NA,NA,NA,NA,NA,NA,NA,NA,NA,NA,4779420,NA,NA,NA,NA,4394147,NA,NA,NA,NA
M20 [Syringes],20.1,Syringes - 0.1 ml (AD),1. Balance From Previous Month,109180,NA,NA,NA,NA,6000,NA,NA,NA,NA,17750,NA,NA,NA,NA,1500,NA,NA,NA,NA,11200,NA,NA,NA,NA,2000,NA,NA,NA,NA,900,NA,NA,NA,NA,300,NA,NA,NA,NA,NA,NA,NA,NA,NA,600,NA,NA,NA,NA,1240,NA,NA,NA,NA,2100,NA,NA,NA,NA,400,NA,NA,NA,NA,5200,NA,NA,NA,NA,13090,NA,NA,NA,NA,3990,NA,NA,NA,NA,1650,NA,NA,NA,NA,5030,NA,NA,NA,NA,10400,NA,NA,NA,NA,4100,NA,NA,NA,NA,0,NA,NA,NA,NA,4500,NA,NA,NA,NA,9300,NA,NA,NA,NA,600,NA,NA,NA,NA,5980,NA,NA,NA,NA,50,NA,NA,NA,NA,800,NA,NA,NA,NA,500,NA,NA,NA,NA
M20 [Syringes],20.1,Syringes - 0.1 ml (AD),2. Stocks Received,48950,NA,NA,NA,NA,2000,NA,NA,NA,NA,15000,NA,NA,NA,NA,1600,NA,NA,NA,NA,0,NA,NA,NA,NA,0,NA,NA,NA,NA,4000,NA,NA,NA,NA,4700,NA,NA,NA,NA,NA,NA,NA,NA,NA,0,NA,NA,NA,NA,0,NA,NA,NA,NA,0,NA,NA,NA,NA,0,NA,NA,NA,NA,0,NA,NA,NA,NA,0,NA,NA,NA,NA,0,NA,NA,NA,NA,0,NA,NA,NA,NA,0,NA,NA,NA,NA,0,NA,NA,NA,NA,0,NA,NA,NA,NA,0,NA,NA,NA,NA,0,NA,NA,NA,NA,4000,NA,NA,NA,NA,0,NA,NA,NA,NA,0,NA,NA,NA,NA,10850,NA,NA,NA,NA,2000,NA,NA,NA,NA,4800,NA,NA,NA,NA
M20 [Syringes],20.1,Syringes - 0.1 ml (AD),3. Unusable Stock,0,NA,NA,NA,NA,0,NA,NA,NA,NA,NA,NA,NA,NA,NA,NA,NA,NA,NA,NA,NA,NA,NA,NA,NA,0,NA,NA,NA,NA,0,NA,NA,NA,NA,0,NA,NA,NA,NA,NA,NA,NA,NA,NA,NA,NA,NA,NA,NA,0,NA,NA,NA,NA,0,NA,NA,NA,NA,NA,NA,NA,NA,NA,0,NA,NA,NA,NA,NA,NA,NA,NA,NA,0,NA,NA,NA,NA,0,NA,NA,NA,NA,0,NA,NA,NA,NA,0,NA,NA,NA,NA,0,NA,NA,NA,NA,0,NA,NA,NA,NA,0,NA,NA,NA,NA,0,NA,NA,NA,NA,0,NA,NA,NA,NA,0,NA,NA,NA,NA,0,NA,NA,NA,NA,0,NA,NA,NA,NA,NA,NA,NA,NA,NA
M20 [Syringes],20.1,Syringes - 0.1 ml (AD),4. Stock Distributed,77415,NA,NA,NA,NA,1000,NA,NA,NA,NA,22700,NA,NA,NA,NA,1800,NA,NA,NA,NA,6200,NA,NA,NA,NA,1500,NA,NA,NA,NA,3225,NA,NA,NA,NA,3600,NA,NA,NA,NA,NA,NA,NA,NA,NA,400,NA,NA,NA,NA,200,NA,NA,NA,NA,1400,NA,NA,NA,NA,400,NA,NA,NA,NA,3200,NA,NA,NA,NA,3480,NA,NA,NA,NA,1450,NA,NA,NA,NA,1600,NA,NA,NA,NA,3630,NA,NA,NA,NA,9400,NA,NA,NA,NA,600,NA,NA,NA,NA,0,NA,NA,NA,NA,400,NA,NA,NA,NA,NA,NA,NA,NA,NA,100,NA,NA,NA,NA,3500,NA,NA,NA,NA,3730,NA,NA,NA,NA,0,NA,NA,NA,NA,3900,NA,NA,NA,NA
M20 [Syringes],20.1,Syringes - 0.1 ml (AD),5. Total Stock,80715,NA,NA,NA,NA,7000,NA,NA,NA,NA,10050,NA,NA,NA,NA,1300,NA,NA,NA,NA,5000,NA,NA,NA,NA,500,NA,NA,NA,NA,1675,NA,NA,NA,NA,1400,NA,NA,NA,NA,0,NA,NA,NA,NA,200,NA,NA,NA,NA,1040,NA,NA,NA,NA,700,NA,NA,NA,NA,0,NA,NA,NA,NA,2000,NA,NA,NA,NA,9610,NA,NA,NA,NA,2540,NA,NA,NA,NA,50,NA,NA,NA,NA,1400,NA,NA,NA,NA,1000,NA,NA,NA,NA,3500,NA,NA,NA,NA,0,NA,NA,NA,NA,4100,NA,NA,NA,NA,13300,NA,NA,NA,NA,500,NA,NA,NA,NA,2480,NA,NA,NA,NA,7170,NA,NA,NA,NA,2800,NA,NA,NA,NA,1400,NA,NA,NA,NA
M20 [Syringes],20.2,Syringes - 0.5 ml (AD),1. Balance From Previous Month,3688333,NA,NA,NA,NA,34000,NA,NA,NA,NA,97700,NA,NA,NA,NA,221900,NA,NA,NA,NA,34200,NA,NA,NA,NA,153400,NA,NA,NA,NA,48000,NA,NA,NA,NA,442000,NA,NA,NA,NA,NA,NA,NA,NA,NA,23480,NA,NA,NA,NA,38200,NA,NA,NA,NA,120800,NA,NA,NA,NA,277600,NA,NA,NA,NA,14000,NA,NA,NA,NA,316310,NA,NA,NA,NA,33200,NA,NA,NA,NA,53800,NA,NA,NA,NA,409000,NA,NA,NA,NA,154500,NA,NA,NA,NA,40000,NA,NA,NA,NA,0,NA,NA,NA,NA,38000,NA,NA,NA,NA,115762,NA,NA,NA,NA,337280,NA,NA,NA,NA,97601,NA,NA,NA,NA,98580,NA,NA,NA,NA,369020,NA,NA,NA,NA,120000,NA,NA,NA,NA
M20 [Syringes],20.2,Syringes - 0.5 ml (AD),2. Stocks Received,191600,NA,NA,NA,NA,20000,NA,NA,NA,NA,NA,NA,NA,NA,NA,50000,NA,NA,NA,NA,1600,NA,NA,NA,NA,0,NA,NA,NA,NA,20000,NA,NA,NA,NA,0,NA,NA,NA,NA,NA,NA,NA,NA,NA,0,NA,NA,NA,NA,0,NA,NA,NA,NA,0,NA,NA,NA,NA,0,NA,NA,NA,NA,40000,NA,NA,NA,NA,0,NA,NA,NA,NA,0,NA,NA,NA,NA,0,NA,NA,NA,NA,0,NA,NA,NA,NA,0,NA,NA,NA,NA,0,NA,NA,NA,NA,0,NA,NA,NA,NA,0,NA,NA,NA,NA,0,NA,NA,NA,NA,0,NA,NA,NA,NA,0,NA,NA,NA,NA,0,NA,NA,NA,NA,60000,NA,NA,NA,NA,0,NA,NA,NA,NA
M20 [Syringes],20.2,Syringes - 0.5 ml (AD),3. Unusable Stock,0,NA,NA,NA,NA,0,NA,NA,NA,NA,NA,NA,NA,NA,NA,NA,NA,NA,NA,NA,NA,NA,NA,NA,NA,0,NA,NA,NA,NA,0,NA,NA,NA,NA,0,NA,NA,NA,NA,NA,NA,NA,NA,NA,NA,NA,NA,NA,NA,0,NA,NA,NA,NA,0,NA,NA,NA,NA,NA,NA,NA,NA,NA,0,NA,NA,NA,NA,NA,NA,NA,NA,NA,0,NA,NA,NA,NA,0,NA,NA,NA,NA,0,NA,NA,NA,NA,0,NA,NA,NA,NA,0,NA,NA,NA,NA,0,NA,NA,NA,NA,0,NA,NA,NA,NA,0,NA,NA,NA,NA,0,NA,NA,NA,NA,0,NA,NA,NA,NA,0,NA,NA,NA,NA,0,NA,NA,NA,NA,NA,NA,NA,NA,NA
M20 [Syringes],20.2,Syringes - 0.5 ml (AD),4. Stock Distributed,443050,NA,NA,NA,NA,1000,NA,NA,NA,NA,80000,NA,NA,NA,NA,186000,NA,NA,NA,NA,0,NA,NA,NA,NA,2900,NA,NA,NA,NA,22000,NA,NA,NA,NA,16000,NA,NA,NA,NA,NA,NA,NA,NA,NA,150,NA,NA,NA,NA,0,NA,NA,NA,NA,26000,NA,NA,NA,NA,0,NA,NA,NA,NA,3500,NA,NA,NA,NA,5300,NA,NA,NA,NA,6000,NA,NA,NA,NA,10000,NA,NA,NA,NA,44000,NA,NA,NA,NA,22000,NA,NA,NA,NA,0,NA,NA,NA,NA,0,NA,NA,NA,NA,2000,NA,NA,NA,NA,NA,NA,NA,NA,NA,0,NA,NA,NA,NA,9800,NA,NA,NA,NA,4000,NA,NA,NA,NA,2400,NA,NA,NA,NA,0,NA,NA,NA,NA
M20 [Syringes],20.2,Syringes - 0.5 ml (AD),5. Total Stock,3436883,NA,NA,NA,NA,53000,NA,NA,NA,NA,17700,NA,NA,NA,NA,85900,NA,NA,NA,NA,35800,NA,NA,NA,NA,150500,NA,NA,NA,NA,46000,NA,NA,NA,NA,426000,NA,NA,NA,NA,0,NA,NA,NA,NA,23330,NA,NA,NA,NA,38200,NA,NA,NA,NA,94800,NA,NA,NA,NA,277600,NA,NA,NA,NA,50500,NA,NA,NA,NA,311010,NA,NA,NA,NA,27200,NA,NA,NA,NA,43800,NA,NA,NA,NA,365000,NA,NA,NA,NA,132500,NA,NA,NA,NA,40000,NA,NA,NA,NA,0,NA,NA,NA,NA,36000,NA,NA,NA,NA,115762,NA,NA,NA,NA,337280,NA,NA,NA,NA,87801,NA,NA,NA,NA,94580,NA,NA,NA,NA,426620,NA,NA,NA,NA,120000,NA,NA,NA,NA
M20 [Syringes],20.3,Syringes - 5.0 ml (Disposable),1. Balance From Previous Month,3199834,NA,NA,NA,NA,25200,NA,NA,NA,NA,105534,NA,NA,NA,NA,13100,NA,NA,NA,NA,21500,NA,NA,NA,NA,500,NA,NA,NA,NA,132280,NA,NA,NA,NA,5000,NA,NA,NA,NA,NA,NA,NA,NA,NA,11910,NA,NA,NA,NA,3547,NA,NA,NA,NA,16800,NA,NA,NA,NA,0,NA,NA,NA,NA,94750,NA,NA,NA,NA,33435,NA,NA,NA,NA,0,NA,NA,NA,NA,0,NA,NA,NA,NA,2750,NA,NA,NA,NA,1800,NA,NA,NA,NA,0,NA,NA,NA,NA,303450,NA,NA,NA,NA,80780,NA,NA,NA,NA,2228400,NA,NA,NA,NA,16676,NA,NA,NA,NA,93450,NA,NA,NA,NA,0,NA,NA,NA,NA,2872,NA,NA,NA,NA,6100,NA,NA,NA,NA
M20 [Syringes],20.3,Syringes - 5.0 ml (Disposable),2. Stocks Received,85000,NA,NA,NA,NA,0,NA,NA,NA,NA,NA,NA,NA,NA,NA,NA,NA,NA,NA,NA,0,NA,NA,NA,NA,0,NA,NA,NA,NA,0,NA,NA,NA,NA,0,NA,NA,NA,NA,NA,NA,NA,NA,NA,85000,NA,NA,NA,NA,0,NA,NA,NA,NA,0,NA,NA,NA,NA,0,NA,NA,NA,NA,0,NA,NA,NA,NA,0,NA,NA,NA,NA,0,NA,NA,NA,NA,0,NA,NA,NA,NA,0,NA,NA,NA,NA,0,NA,NA,NA,NA,0,NA,NA,NA,NA,0,NA,NA,NA,NA,0,NA,NA,NA,NA,0,NA,NA,NA,NA,0,NA,NA,NA,NA,0,NA,NA,NA,NA,0,NA,NA,NA,NA,0,NA,NA,NA,NA,0,NA,NA,NA,NA
M20 [Syringes],20.3,Syringes - 5.0 ml (Disposable),3. Unusable Stock,0,NA,NA,NA,NA,0,NA,NA,NA,NA,NA,NA,NA,NA,NA,NA,NA,NA,NA,NA,NA,NA,NA,NA,NA,0,NA,NA,NA,NA,0,NA,NA,NA,NA,0,NA,NA,NA,NA,NA,NA,NA,NA,NA,NA,NA,NA,NA,NA,0,NA,NA,NA,NA,0,NA,NA,NA,NA,NA,NA,NA,NA,NA,0,NA,NA,NA,NA,NA,NA,NA,NA,NA,0,NA,NA,NA,NA,0,NA,NA,NA,NA,0,NA,NA,NA,NA,0,NA,NA,NA,NA,0,NA,NA,NA,NA,0,NA,NA,NA,NA,0,NA,NA,NA,NA,0,NA,NA,NA,NA,0,NA,NA,NA,NA,0,NA,NA,NA,NA,0,NA,NA,NA,NA,0,NA,NA,NA,NA,NA,NA,NA,NA,NA
M20 [Syringes],20.3,Syringes - 5.0 ml (Disposable),4. Stock Distributed,270030,NA,NA,NA,NA,2600,NA,NA,NA,NA,36070,NA,NA,NA,NA,NA,NA,NA,NA,NA,400,NA,NA,NA,NA,300,NA,NA,NA,NA,0,NA,NA,NA,NA,2600,NA,NA,NA,NA,NA,NA,NA,NA,NA,22910,NA,NA,NA,NA,100,NA,NA,NA,NA,16800,NA,NA,NA,NA,0,NA,NA,NA,NA,17600,NA,NA,NA,NA,0,NA,NA,NA,NA,0,NA,NA,NA,NA,0,NA,NA,NA,NA,1350,NA,NA,NA,NA,1600,NA,NA,NA,NA,0,NA,NA,NA,NA,49600,NA,NA,NA,NA,7400,NA,NA,NA,NA,87000,NA,NA,NA,NA,300,NA,NA,NA,NA,21900,NA,NA,NA,NA,0,NA,NA,NA,NA,0,NA,NA,NA,NA,1500,NA,NA,NA,NA
M20 [Syringes],20.3,Syringes - 5.0 ml (Disposable),5. Total Stock,3014804,NA,NA,NA,NA,22600,NA,NA,NA,NA,69464,NA,NA,NA,NA,13100,NA,NA,NA,NA,21100,NA,NA,NA,NA,200,NA,NA,NA,NA,132280,NA,NA,NA,NA,2400,NA,NA,NA,NA,0,NA,NA,NA,NA,74000,NA,NA,NA,NA,3447,NA,NA,NA,NA,0,NA,NA,NA,NA,0,NA,NA,NA,NA,77150,NA,NA,NA,NA,33435,NA,NA,NA,NA,0,NA,NA,NA,NA,0,NA,NA,NA,NA,1400,NA,NA,NA,NA,200,NA,NA,NA,NA,0,NA,NA,NA,NA,253850,NA,NA,NA,NA,73380,NA,NA,NA,NA,2141400,NA,NA,NA,NA,16376,NA,NA,NA,NA,71550,NA,NA,NA,NA,0,NA,NA,NA,NA,2872,NA,NA,NA,NA,4600,NA,NA,NA,NA
M21 [Rashtriya Bal Swasthaya Karyakram (RBSK)],21.1,Number of newborn screened for defects at birth (as per RBSK),TOTAL,53877,NA,NA,NA,NA,8,NA,NA,NA,NA,416,NA,NA,NA,NA,19905,NA,NA,NA,NA,1935,NA,NA,NA,NA,8,NA,NA,NA,NA,634,NA,NA,NA,NA,1209,NA,NA,NA,NA,3436,NA,NA,NA,NA,786,NA,NA,NA,NA,342,NA,NA,NA,NA,1292,NA,NA,NA,NA,724,NA,NA,NA,NA,496,NA,NA,NA,NA,NA,NA,NA,NA,NA,544,NA,NA,NA,NA,1329,NA,NA,NA,NA,589,NA,NA,NA,NA,1909,NA,NA,NA,NA,512,NA,NA,NA,NA,1099,NA,NA,NA,NA,217,NA,NA,NA,NA,10605,NA,NA,NA,NA,135,NA,NA,NA,NA,655,NA,NA,NA,NA,2089,NA,NA,NA,NA,1721,NA,NA,NA,NA,1282,NA,NA,NA,NA
M21 [Rashtriya Bal Swasthaya Karyakram (RBSK)],21.2,Number of children (6 month to 6 years) screened by RBSK mobile health teams at Anganwadi center,TOTAL,196635,NA,NA,NA,NA,7303,NA,NA,NA,NA,10229,NA,NA,NA,NA,8893,NA,NA,NA,NA,15318,NA,NA,NA,NA,2169,NA,NA,NA,NA,1408,NA,NA,NA,NA,8378,NA,NA,NA,NA,13391,NA,NA,NA,NA,6524,NA,NA,NA,NA,444,NA,NA,NA,NA,8600,NA,NA,NA,NA,4639,NA,NA,NA,NA,1960,NA,NA,NA,NA,7924,NA,NA,NA,NA,8412,NA,NA,NA,NA,12962,NA,NA,NA,NA,11845,NA,NA,NA,NA,4926,NA,NA,NA,NA,6008,NA,NA,NA,NA,6861,NA,NA,NA,NA,3036,NA,NA,NA,NA,12144,NA,NA,NA,NA,8488,NA,NA,NA,NA,11406,NA,NA,NA,NA,3592,NA,NA,NA,NA,7414,NA,NA,NA,NA,2361,NA,NA,NA,NA
M21 [Rashtriya Bal Swasthaya Karyakram (RBSK)],21.3,Number of children (6 years to 18 years) screened by RBSK mobile health teams at Govt and Govt aided schools,TOTAL,358414,NA,NA,NA,NA,12873,NA,NA,NA,NA,17099,NA,NA,NA,NA,11012,NA,NA,NA,NA,7921,NA,NA,NA,NA,3743,NA,NA,NA,NA,9578,NA,NA,NA,NA,8650,NA,NA,NA,NA,21226,NA,NA,NA,NA,11898,NA,NA,NA,NA,2900,NA,NA,NA,NA,14772,NA,NA,NA,NA,14140,NA,NA,NA,NA,6748,NA,NA,NA,NA,16129,NA,NA,NA,NA,9747,NA,NA,NA,NA,30532,NA,NA,NA,NA,21076,NA,NA,NA,NA,10831,NA,NA,NA,NA,7207,NA,NA,NA,NA,23786,NA,NA,NA,NA,5698,NA,NA,NA,NA,31207,NA,NA,NA,NA,9147,NA,NA,NA,NA,15278,NA,NA,NA,NA,18347,NA,NA,NA,NA,9199,NA,NA,NA,NA,7670,NA,NA,NA,NA
M21 [Rashtriya Bal Swasthaya Karyakram (RBSK)],21.4.1.a,Number of Male children identified with Disease,TOTAL,3566,NA,NA,NA,NA,134,NA,NA,NA,NA,149,NA,NA,NA,NA,483,NA,NA,NA,NA,385,NA,NA,NA,NA,56,NA,NA,NA,NA,160,NA,NA,NA,NA,107,NA,NA,NA,NA,215,NA,NA,NA,NA,82,NA,NA,NA,NA,80,NA,NA,NA,NA,38,NA,NA,NA,NA,64,NA,NA,NA,NA,200,NA,NA,NA,NA,200,NA,NA,NA,NA,96,NA,NA,NA,NA,100,NA,NA,NA,NA,76,NA,NA,NA,NA,41,NA,NA,NA,NA,53,NA,NA,NA,NA,54,NA,NA,NA,NA,187,NA,NA,NA,NA,334,NA,NA,NA,NA,46,NA,NA,NA,NA,51,NA,NA,NA,NA,8,NA,NA,NA,NA,133,NA,NA,NA,NA,34,NA,NA,NA,NA
M21 [Rashtriya Bal Swasthaya Karyakram (RBSK)],21.4.1.b,Number of Female children identified with Disease,TOTAL,3577,NA,NA,NA,NA,113,NA,NA,NA,NA,133,NA,NA,NA,NA,567,NA,NA,NA,NA,340,NA,NA,NA,NA,50,NA,NA,NA,NA,165,NA,NA,NA,NA,112,NA,NA,NA,NA,245,NA,NA,NA,NA,68,NA,NA,NA,NA,95,NA,NA,NA,NA,67,NA,NA,NA,NA,46,NA,NA,NA,NA,203,NA,NA,NA,NA,193,NA,NA,NA,NA,62,NA,NA,NA,NA,89,NA,NA,NA,NA,72,NA,NA,NA,NA,46,NA,NA,NA,NA,68,NA,NA,NA,NA,42,NA,NA,NA,NA,228,NA,NA,NA,NA,312,NA,NA,NA,NA,48,NA,NA,NA,NA,44,NA,NA,NA,NA,3,NA,NA,NA,NA,126,NA,NA,NA,NA,40,NA,NA,NA,NA
M21 [Rashtriya Bal Swasthaya Karyakram (RBSK)],21.4.2.a,Number of Male children identified with Deficiency,TOTAL,329,NA,NA,NA,NA,8,NA,NA,NA,NA,23,NA,NA,NA,NA,1,NA,NA,NA,NA,43,NA,NA,NA,NA,0,NA,NA,NA,NA,6,NA,NA,NA,NA,0,NA,NA,NA,NA,9,NA,NA,NA,NA,32,NA,NA,NA,NA,2,NA,NA,NA,NA,7,NA,NA,NA,NA,8,NA,NA,NA,NA,26,NA,NA,NA,NA,13,NA,NA,NA,NA,47,NA,NA,NA,NA,5,NA,NA,NA,NA,31,NA,NA,NA,NA,6,NA,NA,NA,NA,3,NA,NA,NA,NA,2,NA,NA,NA,NA,12,NA,NA,NA,NA,19,NA,NA,NA,NA,9,NA,NA,NA,NA,4,NA,NA,NA,NA,1,NA,NA,NA,NA,4,NA,NA,NA,NA,8,NA,NA,NA,NA
M21 [Rashtriya Bal Swasthaya Karyakram (RBSK)],21.4.2.b,Number of Female children identified with Deficiency,TOTAL,426,NA,NA,NA,NA,7,NA,NA,NA,NA,50,NA,NA,NA,NA,7,NA,NA,NA,NA,41,NA,NA,NA,NA,1,NA,NA,NA,NA,14,NA,NA,NA,NA,2,NA,NA,NA,NA,19,NA,NA,NA,NA,35,NA,NA,NA,NA,2,NA,NA,NA,NA,8,NA,NA,NA,NA,4,NA,NA,NA,NA,38,NA,NA,NA,NA,20,NA,NA,NA,NA,34,NA,NA,NA,NA,18,NA,NA,NA,NA,38,NA,NA,NA,NA,9,NA,NA,NA,NA,2,NA,NA,NA,NA,4,NA,NA,NA,NA,24,NA,NA,NA,NA,24,NA,NA,NA,NA,7,NA,NA,NA,NA,4,NA,NA,NA,NA,0,NA,NA,NA,NA,9,NA,NA,NA,NA,5,NA,NA,NA,NA
M21 [Rashtriya Bal Swasthaya Karyakram (RBSK)],21.4.3.a,Number of Male children identified with Developmental delay,TOTAL,1234,NA,NA,NA,NA,50,NA,NA,NA,NA,29,NA,NA,NA,NA,155,NA,NA,NA,NA,67,NA,NA,NA,NA,3,NA,NA,NA,NA,81,NA,NA,NA,NA,49,NA,NA,NA,NA,30,NA,NA,NA,NA,39,NA,NA,NA,NA,39,NA,NA,NA,NA,21,NA,NA,NA,NA,60,NA,NA,NA,NA,25,NA,NA,NA,NA,60,NA,NA,NA,NA,26,NA,NA,NA,NA,69,NA,NA,NA,NA,58,NA,NA,NA,NA,14,NA,NA,NA,NA,29,NA,NA,NA,NA,43,NA,NA,NA,NA,25,NA,NA,NA,NA,119,NA,NA,NA,NA,23,NA,NA,NA,NA,16,NA,NA,NA,NA,26,NA,NA,NA,NA,45,NA,NA,NA,NA,33,NA,NA,NA,NA
M21 [Rashtriya Bal Swasthaya Karyakram (RBSK)],21.4.3.b,Number of Female children identified with Developmental delay,TOTAL,1125,NA,NA,NA,NA,42,NA,NA,NA,NA,22,NA,NA,NA,NA,145,NA,NA,NA,NA,55,NA,NA,NA,NA,6,NA,NA,NA,NA,64,NA,NA,NA,NA,36,NA,NA,NA,NA,42,NA,NA,NA,NA,49,NA,NA,NA,NA,23,NA,NA,NA,NA,22,NA,NA,NA,NA,55,NA,NA,NA,NA,28,NA,NA,NA,NA,65,NA,NA,NA,NA,24,NA,NA,NA,NA,64,NA,NA,NA,NA,43,NA,NA,NA,NA,9,NA,NA,NA,NA,31,NA,NA,NA,NA,49,NA,NA,NA,NA,28,NA,NA,NA,NA,103,NA,NA,NA,NA,20,NA,NA,NA,NA,17,NA,NA,NA,NA,15,NA,NA,NA,NA,32,NA,NA,NA,NA,36,NA,NA,NA,NA
M21 [Rashtriya Bal Swasthaya Karyakram (RBSK)],21.5.1,Number of Children Managed by Intervention - Medical,TOTAL,7183,NA,NA,NA,NA,258,NA,NA,NA,NA,410,NA,NA,NA,NA,765,NA,NA,NA,NA,559,NA,NA,NA,NA,63,NA,NA,NA,NA,340,NA,NA,NA,NA,260,NA,NA,NA,NA,449,NA,NA,NA,NA,263,NA,NA,NA,NA,200,NA,NA,NA,NA,132,NA,NA,NA,NA,97,NA,NA,NA,NA,175,NA,NA,NA,NA,446,NA,NA,NA,NA,295,NA,NA,NA,NA,179,NA,NA,NA,NA,117,NA,NA,NA,NA,89,NA,NA,NA,NA,178,NA,NA,NA,NA,136,NA,NA,NA,NA,111,NA,NA,NA,NA,987,NA,NA,NA,NA,142,NA,NA,NA,NA,140,NA,NA,NA,NA,NA,NA,NA,NA,NA,339,NA,NA,NA,NA,53,NA,NA,NA,NA
M21 [Rashtriya Bal Swasthaya Karyakram (RBSK)],21.5.2,Number of Children Managed by Intervention - Surgical,TOTAL,78,NA,NA,NA,NA,1,NA,NA,NA,NA,NA,NA,NA,NA,NA,0,NA,NA,NA,NA,3,NA,NA,NA,NA,29,NA,NA,NA,NA,0,NA,NA,NA,NA,0,NA,NA,NA,NA,1,NA,NA,NA,NA,NA,NA,NA,NA,NA,0,NA,NA,NA,NA,0,NA,NA,NA,NA,4,NA,NA,NA,NA,4,NA,NA,NA,NA,13,NA,NA,NA,NA,6,NA,NA,NA,NA,0,NA,NA,NA,NA,0,NA,NA,NA,NA,2,NA,NA,NA,NA,0,NA,NA,NA,NA,2,NA,NA,NA,NA,2,NA,NA,NA,NA,6,NA,NA,NA,NA,0,NA,NA,NA,NA,2,NA,NA,NA,NA,NA,NA,NA,NA,NA,3,NA,NA,NA,NA,0,NA,NA,NA,NA
M21 [Rashtriya Bal Swasthaya Karyakram (RBSK)],21.5.3,Early intervention at DEIC ( District Early Intervention Centre),TOTAL,177,NA,NA,NA,NA,0,NA,NA,NA,NA,NA,NA,NA,NA,NA,27,NA,NA,NA,NA,0,NA,NA,NA,NA,0,NA,NA,NA,NA,62,NA,NA,NA,NA,0,NA,NA,NA,NA,0,NA,NA,NA,NA,NA,NA,NA,NA,NA,0,NA,NA,NA,NA,7,NA,NA,NA,NA,27,NA,NA,NA,NA,0,NA,NA,NA,NA,2,NA,NA,NA,NA,47,NA,NA,NA,NA,0,NA,NA,NA,NA,0,NA,NA,NA,NA,0,NA,NA,NA,NA,0,NA,NA,NA,NA,4,NA,NA,NA,NA,0,NA,NA,NA,NA,NA,NA,NA,NA,NA,0,NA,NA,NA,NA,0,NA,NA,NA,NA,0,NA,NA,NA,NA,NA,NA,NA,NA,NA,1,NA,NA,NA,NA
M22 [Adolscent Health],22.1.1.a,Girls (6th -12th class) provided 4 IFA tablets in schools,TOTAL,645300,NA,NA,NA,NA,18192,NA,NA,NA,NA,NA,NA,NA,NA,NA,25235,NA,NA,NA,NA,24870,NA,NA,NA,NA,12850,NA,NA,NA,NA,4980,NA,NA,NA,NA,18980,NA,NA,NA,NA,54808,NA,NA,NA,NA,23850,NA,NA,NA,NA,5634,NA,NA,NA,NA,24253,NA,NA,NA,NA,33531,NA,NA,NA,NA,14830,NA,NA,NA,NA,59942,NA,NA,NA,NA,21456,NA,NA,NA,NA,0,NA,NA,NA,NA,11511,NA,NA,NA,NA,33148,NA,NA,NA,NA,14427,NA,NA,NA,NA,24405,NA,NA,NA,NA,22336,NA,NA,NA,NA,93876,NA,NA,NA,NA,19761,NA,NA,NA,NA,26595,NA,NA,NA,NA,NA,NA,NA,NA,NA,27902,NA,NA,NA,NA,27928,NA,NA,NA,NA
M22 [Adolscent Health],22.1.1.b,Boys (6th -12th class) provided 4 IFA tablets in schools,TOTAL,599006,NA,NA,NA,NA,18390,NA,NA,NA,NA,NA,NA,NA,NA,NA,26132,NA,NA,NA,NA,22879,NA,NA,NA,NA,12772,NA,NA,NA,NA,4201,NA,NA,NA,NA,16750,NA,NA,NA,NA,51204,NA,NA,NA,NA,22561,NA,NA,NA,NA,4971,NA,NA,NA,NA,21439,NA,NA,NA,NA,32530,NA,NA,NA,NA,12752,NA,NA,NA,NA,42782,NA,NA,NA,NA,22158,NA,NA,NA,NA,0,NA,NA,NA,NA,11720,NA,NA,NA,NA,31860,NA,NA,NA,NA,13467,NA,NA,NA,NA,23927,NA,NA,NA,NA,17502,NA,NA,NA,NA,87506,NA,NA,NA,NA,23766,NA,NA,NA,NA,25134,NA,NA,NA,NA,NA,NA,NA,NA,NA,26392,NA,NA,NA,NA,26211,NA,NA,NA,NA
M22 [Adolscent Health],22.1.2.a,Girls (6th -12th class) provided albendazole in schools,TOTAL,18216,NA,NA,NA,NA,0,NA,NA,NA,NA,NA,NA,NA,NA,NA,NA,NA,NA,NA,NA,0,NA,NA,NA,NA,0,NA,NA,NA,NA,0,NA,NA,NA,NA,0,NA,NA,NA,NA,0,NA,NA,NA,NA,NA,NA,NA,NA,NA,0,NA,NA,NA,NA,NA,NA,NA,NA,NA,0,NA,NA,NA,NA,1300,NA,NA,NA,NA,NA,NA,NA,NA,NA,1635,NA,NA,NA,NA,0,NA,NA,NA,NA,0,NA,NA,NA,NA,12234,NA,NA,NA,NA,0,NA,NA,NA,NA,0,NA,NA,NA,NA,3047,NA,NA,NA,NA,0,NA,NA,NA,NA,0,NA,NA,NA,NA,NA,NA,NA,NA,NA,NA,NA,NA,NA,NA,NA,NA,NA,NA,NA,NA,NA,NA,NA,NA
M22 [Adolscent Health],22.1.2.b,Boys (6th -12th class) provided albendazole in schools,TOTAL,13630,NA,NA,NA,NA,0,NA,NA,NA,NA,NA,NA,NA,NA,NA,NA,NA,NA,NA,NA,0,NA,NA,NA,NA,0,NA,NA,NA,NA,0,NA,NA,NA,NA,0,NA,NA,NA,NA,0,NA,NA,NA,NA,NA,NA,NA,NA,NA,0,NA,NA,NA,NA,NA,NA,NA,NA,NA,0,NA,NA,NA,NA,1100,NA,NA,NA,NA,NA,NA,NA,NA,NA,1205,NA,NA,NA,NA,0,NA,NA,NA,NA,0,NA,NA,NA,NA,11325,NA,NA,NA,NA,0,NA,NA,NA,NA,0,NA,NA,NA,NA,0,NA,NA,NA,NA,0,NA,NA,NA,NA,0,NA,NA,NA,NA,NA,NA,NA,NA,NA,NA,NA,NA,NA,NA,NA,NA,NA,NA,NA,NA,NA,NA,NA,NA
M22 [Adolscent Health],22.1.3,Number of out of school adolscent girls (10-19 years) provided 4 IFA tablets at Anganwadi Centres,TOTAL,132038,NA,NA,NA,NA,1020,NA,NA,NA,NA,NA,NA,NA,NA,NA,3847,NA,NA,NA,NA,10524,NA,NA,NA,NA,1195,NA,NA,NA,NA,10965,NA,NA,NA,NA,985,NA,NA,NA,NA,5511,NA,NA,NA,NA,14583,NA,NA,NA,NA,1201,NA,NA,NA,NA,2428,NA,NA,NA,NA,6894,NA,NA,NA,NA,4213,NA,NA,NA,NA,6361,NA,NA,NA,NA,2874,NA,NA,NA,NA,0,NA,NA,NA,NA,3013,NA,NA,NA,NA,7769,NA,NA,NA,NA,6243,NA,NA,NA,NA,3099,NA,NA,NA,NA,0,NA,NA,NA,NA,NA,NA,NA,NA,NA,1058,NA,NA,NA,NA,7452,NA,NA,NA,NA,NA,NA,NA,NA,NA,26009,NA,NA,NA,NA,4794,NA,NA,NA,NA
M22 [Adolscent Health],22.1.4,Number of out of school adolscent girls (10-19 years) provided albendazole at Anganwadi Centres,TOTAL,3038,NA,NA,NA,NA,0,NA,NA,NA,NA,NA,NA,NA,NA,NA,NA,NA,NA,NA,NA,0,NA,NA,NA,NA,0,NA,NA,NA,NA,0,NA,NA,NA,NA,0,NA,NA,NA,NA,0,NA,NA,NA,NA,NA,NA,NA,NA,NA,0,NA,NA,NA,NA,NA,NA,NA,NA,NA,0,NA,NA,NA,NA,0,NA,NA,NA,NA,NA,NA,NA,NA,NA,325,NA,NA,NA,NA,123,NA,NA,NA,NA,0,NA,NA,NA,NA,2378,NA,NA,NA,NA,0,NA,NA,NA,NA,212,NA,NA,NA,NA,0,NA,NA,NA,NA,NA,NA,NA,NA,NA,0,NA,NA,NA,NA,NA,NA,NA,NA,NA,NA,NA,NA,NA,NA,NA,NA,NA,NA,NA,NA,NA,NA,NA,NA
M22 [Adolscent Health],22.2.1,Number of adolescent girls provided sanitary napkin packs,TOTAL,6168,NA,NA,NA,NA,0,NA,NA,NA,NA,NA,NA,NA,NA,NA,NA,NA,NA,NA,NA,68,NA,NA,NA,NA,0,NA,NA,NA,NA,0,NA,NA,NA,NA,0,NA,NA,NA,NA,NA,NA,NA,NA,NA,NA,NA,NA,NA,NA,0,NA,NA,NA,NA,NA,NA,NA,NA,NA,2778,NA,NA,NA,NA,400,NA,NA,NA,NA,NA,NA,NA,NA,NA,2112,NA,NA,NA,NA,0,NA,NA,NA,NA,NA,NA,NA,NA,NA,810,NA,NA,NA,NA,0,NA,NA,NA,NA,0,NA,NA,NA,NA,0,NA,NA,NA,NA,NA,NA,NA,NA,NA,0,NA,NA,NA,NA,NA,NA,NA,NA,NA,NA,NA,NA,NA,NA,NA,NA,NA,NA,NA,NA,NA,NA,NA,NA
M22 [Adolscent Health],22.2.2,Number of sanitary napkin packs sold to adolescent girls,TOTAL,6297,NA,NA,NA,NA,0,NA,NA,NA,NA,2086,NA,NA,NA,NA,NA,NA,NA,NA,NA,68,NA,NA,NA,NA,0,NA,NA,NA,NA,0,NA,NA,NA,NA,0,NA,NA,NA,NA,NA,NA,NA,NA,NA,NA,NA,NA,NA,NA,0,NA,NA,NA,NA,NA,NA,NA,NA,NA,2785,NA,NA,NA,NA,400,NA,NA,NA,NA,NA,NA,NA,NA,NA,148,NA,NA,NA,NA,0,NA,NA,NA,NA,NA,NA,NA,NA,NA,810,NA,NA,NA,NA,0,NA,NA,NA,NA,0,NA,NA,NA,NA,0,NA,NA,NA,NA,NA,NA,NA,NA,NA,0,NA,NA,NA,NA,NA,NA,NA,NA,NA,NA,NA,NA,NA,NA,NA,NA,NA,NA,NA,NA,NA,NA,NA,NA
M22 [Adolscent Health],22.2.3,Number of sanitary napkin packs distributed free to ASHA,TOTAL,4144,NA,NA,NA,NA,0,NA,NA,NA,NA,898,NA,NA,NA,NA,NA,NA,NA,NA,NA,9,NA,NA,NA,NA,0,NA,NA,NA,NA,0,NA,NA,NA,NA,0,NA,NA,NA,NA,NA,NA,NA,NA,NA,NA,NA,NA,NA,NA,0,NA,NA,NA,NA,NA,NA,NA,NA,NA,126,NA,NA,NA,NA,17,NA,NA,NA,NA,NA,NA,NA,NA,NA,2855,NA,NA,NA,NA,0,NA,NA,NA,NA,NA,NA,NA,NA,NA,239,NA,NA,NA,NA,0,NA,NA,NA,NA,0,NA,NA,NA,NA,0,NA,NA,NA,NA,NA,NA,NA,NA,NA,0,NA,NA,NA,NA,NA,NA,NA,NA,NA,NA,NA,NA,NA,NA,NA,NA,NA,NA,NA,NA,NA,NA,NA,NA
M22 [Adolscent Health],22.2.4,Number of adolescent girls attended monthly meeting,TOTAL,799,NA,NA,NA,NA,0,NA,NA,NA,NA,NA,NA,NA,NA,NA,NA,NA,NA,NA,NA,285,NA,NA,NA,NA,0,NA,NA,NA,NA,0,NA,NA,NA,NA,0,NA,NA,NA,NA,NA,NA,NA,NA,NA,NA,NA,NA,NA,NA,0,NA,NA,NA,NA,NA,NA,NA,NA,NA,87,NA,NA,NA,NA,21,NA,NA,NA,NA,NA,NA,NA,NA,NA,255,NA,NA,NA,NA,0,NA,NA,NA,NA,NA,NA,NA,NA,NA,151,NA,NA,NA,NA,0,NA,NA,NA,NA,0,NA,NA,NA,NA,0,NA,NA,NA,NA,NA,NA,NA,NA,NA,0,NA,NA,NA,NA,NA,NA,NA,NA,NA,NA,NA,NA,NA,NA,NA,NA,NA,NA,NA,NA,NA,NA,NA,NA
M23 [Coverage under WIFS JUNIOR (Weekly Iron Folic Acid Supplementation Programme for children 6 - 1,23.1,Number of children covered under WIFS JUNIOR (6 - 10 years ) provided 4-5 IFA tablets in schools,TOTAL,1475622,NA,NA,NA,NA,34728,NA,NA,NA,NA,4517,NA,NA,NA,NA,47043,NA,NA,NA,NA,72152,NA,NA,NA,NA,14788,NA,NA,NA,NA,79696,NA,NA,NA,NA,33488,NA,NA,NA,NA,114832,NA,NA,NA,NA,54227,NA,NA,NA,NA,11221,NA,NA,NA,NA,97423,NA,NA,NA,NA,46442,NA,NA,NA,NA,36151,NA,NA,NA,NA,178943,NA,NA,NA,NA,19852,NA,NA,NA,NA,95343,NA,NA,NA,NA,48745,NA,NA,NA,NA,68605,NA,NA,NA,NA,36241,NA,NA,NA,NA,17223,NA,NA,NA,NA,57148,NA,NA,NA,NA,123560,NA,NA,NA,NA,30835,NA,NA,NA,NA,53268,NA,NA,NA,NA,NA,NA,NA,NA,NA,49920,NA,NA,NA,NA,49231,NA,NA,NA,NA
M23 [Coverage under WIFS JUNIOR (Weekly Iron Folic Acid Supplementation Programme for children 6 - 1,23.2,Number of children (6 - 10 years) provided albendazole in schools,TOTAL,213069,NA,NA,NA,NA,0,NA,NA,NA,NA,NA,NA,NA,NA,NA,NA,NA,NA,NA,NA,0,NA,NA,NA,NA,0,NA,NA,NA,NA,0,NA,NA,NA,NA,0,NA,NA,NA,NA,0,NA,NA,NA,NA,NA,NA,NA,NA,NA,0,NA,NA,NA,NA,NA,NA,NA,NA,NA,0,NA,NA,NA,NA,1300,NA,NA,NA,NA,0,NA,NA,NA,NA,2248,NA,NA,NA,NA,5740,NA,NA,NA,NA,0,NA,NA,NA,NA,23522,NA,NA,NA,NA,0,NA,NA,NA,NA,16643,NA,NA,NA,NA,463,NA,NA,NA,NA,142786,NA,NA,NA,NA,20367,NA,NA,NA,NA,NA,NA,NA,NA,NA,NA,NA,NA,NA,NA,NA,NA,NA,NA,NA,NA,NA,NA,NA,NA
M23 [Coverage under WIFS JUNIOR (Weekly Iron Folic Acid Supplementation Programme for children 6 - 1,23.3,Number of out of school children (6-10 years) given 4-5 IFA tablets at Anganwadi Centres,TOTAL,26483,NA,NA,NA,NA,158,NA,NA,NA,NA,584,NA,NA,NA,NA,623,NA,NA,NA,NA,975,NA,NA,NA,NA,0,NA,NA,NA,NA,0,NA,NA,NA,NA,0,NA,NA,NA,NA,2520,NA,NA,NA,NA,11200,NA,NA,NA,NA,0,NA,NA,NA,NA,NA,NA,NA,NA,NA,850,NA,NA,NA,NA,4940,NA,NA,NA,NA,935,NA,NA,NA,NA,410,NA,NA,NA,NA,192,NA,NA,NA,NA,511,NA,NA,NA,NA,2456,NA,NA,NA,NA,0,NA,NA,NA,NA,0,NA,NA,NA,NA,0,NA,NA,NA,NA,NA,NA,NA,NA,NA,129,NA,NA,NA,NA,NA,NA,NA,NA,NA,NA,NA,NA,NA,NA,NA,NA,NA,NA,NA,NA,NA,NA,NA,NA
M23 [Coverage under WIFS JUNIOR (Weekly Iron Folic Acid Supplementation Programme for children 6 - 1,23.4,Number of out of school children (6-10 years) provided albendazole at Anganwadi Centres,TOTAL,2926,NA,NA,NA,NA,0,NA,NA,NA,NA,213,NA,NA,NA,NA,NA,NA,NA,NA,NA,0,NA,NA,NA,NA,0,NA,NA,NA,NA,0,NA,NA,NA,NA,0,NA,NA,NA,NA,0,NA,NA,NA,NA,NA,NA,NA,NA,NA,0,NA,NA,NA,NA,NA,NA,NA,NA,NA,0,NA,NA,NA,NA,1500,NA,NA,NA,NA,0,NA,NA,NA,NA,0,NA,NA,NA,NA,0,NA,NA,NA,NA,0,NA,NA,NA,NA,1213,NA,NA,NA,NA,0,NA,NA,NA,NA,0,NA,NA,NA,NA,0,NA,NA,NA,NA,NA,NA,NA,NA,NA,0,NA,NA,NA,NA,NA,NA,NA,NA,NA,NA,NA,NA,NA,NA,NA,NA,NA,NA,NA,NA,NA,NA,NA,NA
M24 [Maternal Death Reviews (MDR) Done],24.1,Total Maternal Deaths Reviewed (MDR) by CMO,TOTAL,63,NA,NA,NA,NA,2,NA,NA,NA,NA,2,NA,NA,NA,NA,0,NA,NA,NA,NA,NA,NA,NA,NA,NA,0,NA,NA,NA,NA,7,NA,NA,NA,NA,1,NA,NA,NA,NA,3,NA,NA,NA,NA,7,NA,NA,NA,NA,0,NA,NA,NA,NA,0,NA,NA,NA,NA,2,NA,NA,NA,NA,0,NA,NA,NA,NA,5,NA,NA,NA,NA,0,NA,NA,NA,NA,2,NA,NA,NA,NA,0,NA,NA,NA,NA,2,NA,NA,NA,NA,NA,NA,NA,NA,NA,0,NA,NA,NA,NA,0,NA,NA,NA,NA,10,NA,NA,NA,NA,1,NA,NA,NA,NA,0,NA,NA,NA,NA,16,NA,NA,NA,NA,3,NA,NA,NA,NA,NA,NA,NA,NA,NA
M24 [Maternal Death Reviews (MDR) Done],24.2,Total Maternal Deaths Reviewed (MDR) by DM,TOTAL,16,NA,NA,NA,NA,0,NA,NA,NA,NA,0,NA,NA,NA,NA,0,NA,NA,NA,NA,NA,NA,NA,NA,NA,0,NA,NA,NA,NA,0,NA,NA,NA,NA,0,NA,NA,NA,NA,0,NA,NA,NA,NA,11,NA,NA,NA,NA,0,NA,NA,NA,NA,0,NA,NA,NA,NA,2,NA,NA,NA,NA,0,NA,NA,NA,NA,0,NA,NA,NA,NA,0,NA,NA,NA,NA,0,NA,NA,NA,NA,0,NA,NA,NA,NA,0,NA,NA,NA,NA,NA,NA,NA,NA,NA,0,NA,NA,NA,NA,0,NA,NA,NA,NA,0,NA,NA,NA,NA,3,NA,NA,NA,NA,0,NA,NA,NA,NA,0,NA,NA,NA,NA,0,NA,NA,NA,NA,NA,NA,NA,NA,NA
M24 [Maternal Death Reviews (MDR) Done],24.3,Number of maternal deaths reported through Community based Maternal Death Review (CBMDR),TOTAL,73,NA,NA,NA,NA,2,NA,NA,NA,NA,3,NA,NA,NA,NA,0,NA,NA,NA,NA,17,NA,NA,NA,NA,0,NA,NA,NA,NA,7,NA,NA,NA,NA,1,NA,NA,NA,NA,0,NA,NA,NA,NA,3,NA,NA,NA,NA,0,NA,NA,NA,NA,0,NA,NA,NA,NA,2,NA,NA,NA,NA,1,NA,NA,NA,NA,0,NA,NA,NA,NA,0,NA,NA,NA,NA,2,NA,NA,NA,NA,2,NA,NA,NA,NA,6,NA,NA,NA,NA,NA,NA,NA,NA,NA,0,NA,NA,NA,NA,0,NA,NA,NA,NA,8,NA,NA,NA,NA,1,NA,NA,NA,NA,5,NA,NA,NA,NA,10,NA,NA,NA,NA,3,NA,NA,NA,NA,NA,NA,NA,NA,NA
M25 [Janani Shishu Suraksha Karyakram (JSSK)],25.1.1,Number of Pregnant Women provided - Free Medicines under JSSK,TOTAL,32515,NA,NA,NA,NA,532,NA,NA,NA,NA,535,NA,NA,NA,NA,646,NA,NA,NA,NA,2122,NA,NA,NA,NA,269,NA,NA,NA,NA,1613,NA,NA,NA,NA,1224,NA,NA,NA,NA,1405,NA,NA,NA,NA,1352,NA,NA,NA,NA,257,NA,NA,NA,NA,1242,NA,NA,NA,NA,1602,NA,NA,NA,NA,996,NA,NA,NA,NA,1335,NA,NA,NA,NA,2529,NA,NA,NA,NA,1059,NA,NA,NA,NA,870,NA,NA,NA,NA,1922,NA,NA,NA,NA,623,NA,NA,NA,NA,1112,NA,NA,NA,NA,2275,NA,NA,NA,NA,2739,NA,NA,NA,NA,735,NA,NA,NA,NA,1154,NA,NA,NA,NA,551,NA,NA,NA,NA,1587,NA,NA,NA,NA,229,NA,NA,NA,NA
M25 [Janani Shishu Suraksha Karyakram (JSSK)],25.1.2,Number of Pregnant Women provided - Free Diet under JSSK,TOTAL,18406,NA,NA,NA,NA,110,NA,NA,NA,NA,545,NA,NA,NA,NA,212,NA,NA,NA,NA,NA,NA,NA,NA,NA,200,NA,NA,NA,NA,3104,NA,NA,NA,NA,666,NA,NA,NA,NA,NA,NA,NA,NA,NA,1020,NA,NA,NA,NA,112,NA,NA,NA,NA,497,NA,NA,NA,NA,967,NA,NA,NA,NA,281,NA,NA,NA,NA,1230,NA,NA,NA,NA,2367,NA,NA,NA,NA,374,NA,NA,NA,NA,382,NA,NA,NA,NA,336,NA,NA,NA,NA,473,NA,NA,NA,NA,614,NA,NA,NA,NA,853,NA,NA,NA,NA,1920,NA,NA,NA,NA,355,NA,NA,NA,NA,613,NA,NA,NA,NA,263,NA,NA,NA,NA,909,NA,NA,NA,NA,3,NA,NA,NA,NA
M25 [Janani Shishu Suraksha Karyakram (JSSK)],25.1.3,Number of Pregnant Women provided - Free Diagnostics under JSSK,TOTAL,54294,NA,NA,NA,NA,1634,NA,NA,NA,NA,2333,NA,NA,NA,NA,1222,NA,NA,NA,NA,3603,NA,NA,NA,NA,976,NA,NA,NA,NA,1342,NA,NA,NA,NA,1211,NA,NA,NA,NA,3216,NA,NA,NA,NA,1369,NA,NA,NA,NA,396,NA,NA,NA,NA,1897,NA,NA,NA,NA,NA,NA,NA,NA,NA,1079,NA,NA,NA,NA,1538,NA,NA,NA,NA,1511,NA,NA,NA,NA,2713,NA,NA,NA,NA,1531,NA,NA,NA,NA,2075,NA,NA,NA,NA,1669,NA,NA,NA,NA,8001,NA,NA,NA,NA,1511,NA,NA,NA,NA,5623,NA,NA,NA,NA,1060,NA,NA,NA,NA,1104,NA,NA,NA,NA,2403,NA,NA,NA,NA,2161,NA,NA,NA,NA,1116,NA,NA,NA,NA
M25 [Janani Shishu Suraksha Karyakram (JSSK)],25.1.4,Number of Pregnant Women provided - Free Home to facility transport under JSSK,TOTAL,4832,NA,NA,NA,NA,175,NA,NA,NA,NA,0,NA,NA,NA,NA,169,NA,NA,NA,NA,87,NA,NA,NA,NA,58,NA,NA,NA,NA,924,NA,NA,NA,NA,34,NA,NA,NA,NA,499,NA,NA,NA,NA,69,NA,NA,NA,NA,0,NA,NA,NA,NA,128,NA,NA,NA,NA,46,NA,NA,NA,NA,161,NA,NA,NA,NA,575,NA,NA,NA,NA,5,NA,NA,NA,NA,36,NA,NA,NA,NA,246,NA,NA,NA,NA,205,NA,NA,NA,NA,5,NA,NA,NA,NA,39,NA,NA,NA,NA,204,NA,NA,NA,NA,598,NA,NA,NA,NA,4,NA,NA,NA,NA,65,NA,NA,NA,NA,32,NA,NA,NA,NA,321,NA,NA,NA,NA,147,NA,NA,NA,NA
M25 [Janani Shishu Suraksha Karyakram (JSSK)],25.1.5,Number of Pregnant Women provided - Interfacility transfers when needed under JSSK,TOTAL,2085,NA,NA,NA,NA,112,NA,NA,NA,NA,0,NA,NA,NA,NA,19,NA,NA,NA,NA,176,NA,NA,NA,NA,3,NA,NA,NA,NA,343,NA,NA,NA,NA,26,NA,NA,NA,NA,49,NA,NA,NA,NA,58,NA,NA,NA,NA,0,NA,NA,NA,NA,66,NA,NA,NA,NA,49,NA,NA,NA,NA,159,NA,NA,NA,NA,17,NA,NA,NA,NA,25,NA,NA,NA,NA,66,NA,NA,NA,NA,86,NA,NA,NA,NA,147,NA,NA,NA,NA,21,NA,NA,NA,NA,141,NA,NA,NA,NA,56,NA,NA,NA,NA,178,NA,NA,NA,NA,18,NA,NA,NA,NA,36,NA,NA,NA,NA,60,NA,NA,NA,NA,107,NA,NA,NA,NA,67,NA,NA,NA,NA
M25 [Janani Shishu Suraksha Karyakram (JSSK)],25.1.6,Number of Pregnant Women provided - Free Drop Back home under JSSK,TOTAL,10014,NA,NA,NA,NA,209,NA,NA,NA,NA,0,NA,NA,NA,NA,129,NA,NA,NA,NA,1238,NA,NA,NA,NA,24,NA,NA,NA,NA,919,NA,NA,NA,NA,92,NA,NA,NA,NA,262,NA,NA,NA,NA,736,NA,NA,NA,NA,33,NA,NA,NA,NA,270,NA,NA,NA,NA,651,NA,NA,NA,NA,515,NA,NA,NA,NA,80,NA,NA,NA,NA,43,NA,NA,NA,NA,216,NA,NA,NA,NA,314,NA,NA,NA,NA,191,NA,NA,NA,NA,350,NA,NA,NA,NA,657,NA,NA,NA,NA,175,NA,NA,NA,NA,771,NA,NA,NA,NA,241,NA,NA,NA,NA,284,NA,NA,NA,NA,396,NA,NA,NA,NA,969,NA,NA,NA,NA,249,NA,NA,NA,NA
M25 [Janani Shishu Suraksha Karyakram (JSSK)],25.2.1,Number of sick infants provided - Free Medicines under JSSK,TOTAL,19463,NA,NA,NA,NA,166,NA,NA,NA,NA,488,NA,NA,NA,NA,242,NA,NA,NA,NA,1846,NA,NA,NA,NA,321,NA,NA,NA,NA,791,NA,NA,NA,NA,1162,NA,NA,NA,NA,177,NA,NA,NA,NA,339,NA,NA,NA,NA,213,NA,NA,NA,NA,213,NA,NA,NA,NA,819,NA,NA,NA,NA,319,NA,NA,NA,NA,974,NA,NA,NA,NA,2186,NA,NA,NA,NA,388,NA,NA,NA,NA,791,NA,NA,NA,NA,1567,NA,NA,NA,NA,451,NA,NA,NA,NA,834,NA,NA,NA,NA,1152,NA,NA,NA,NA,1148,NA,NA,NA,NA,591,NA,NA,NA,NA,486,NA,NA,NA,NA,66,NA,NA,NA,NA,1597,NA,NA,NA,NA,136,NA,NA,NA,NA
M25 [Janani Shishu Suraksha Karyakram (JSSK)],25.2.2,Number of sick infants provided - Free Diagnostics under JSSK,TOTAL,2757,NA,NA,NA,NA,0,NA,NA,NA,NA,NA,NA,NA,NA,NA,NA,NA,NA,NA,NA,1093,NA,NA,NA,NA,0,NA,NA,NA,NA,0,NA,NA,NA,NA,NA,NA,NA,NA,NA,NA,NA,NA,NA,NA,501,NA,NA,NA,NA,0,NA,NA,NA,NA,NA,NA,NA,NA,NA,NA,NA,NA,NA,NA,141,NA,NA,NA,NA,165,NA,NA,NA,NA,0,NA,NA,NA,NA,0,NA,NA,NA,NA,0,NA,NA,NA,NA,105,NA,NA,NA,NA,NA,NA,NA,NA,NA,0,NA,NA,NA,NA,0,NA,NA,NA,NA,364,NA,NA,NA,NA,0,NA,NA,NA,NA,NA,NA,NA,NA,NA,332,NA,NA,NA,NA,NA,NA,NA,NA,NA,56,NA,NA,NA,NA
M25 [Janani Shishu Suraksha Karyakram (JSSK)],25.2.3,Number of sick infants provided - Free Home to facility transport under JSSK,TOTAL,384,NA,NA,NA,NA,19,NA,NA,NA,NA,0,NA,NA,NA,NA,NA,NA,NA,NA,NA,26,NA,NA,NA,NA,3,NA,NA,NA,NA,0,NA,NA,NA,NA,25,NA,NA,NA,NA,10,NA,NA,NA,NA,2,NA,NA,NA,NA,0,NA,NA,NA,NA,40,NA,NA,NA,NA,1,NA,NA,NA,NA,0,NA,NA,NA,NA,0,NA,NA,NA,NA,5,NA,NA,NA,NA,7,NA,NA,NA,NA,69,NA,NA,NA,NA,21,NA,NA,NA,NA,5,NA,NA,NA,NA,11,NA,NA,NA,NA,20,NA,NA,NA,NA,38,NA,NA,NA,NA,0,NA,NA,NA,NA,11,NA,NA,NA,NA,0,NA,NA,NA,NA,62,NA,NA,NA,NA,9,NA,NA,NA,NA
M25 [Janani Shishu Suraksha Karyakram (JSSK)],25.2.4,Number of sick infants provided - Interfacility transfers when needed under JSSK,TOTAL,415,NA,NA,NA,NA,26,NA,NA,NA,NA,0,NA,NA,NA,NA,0,NA,NA,NA,NA,39,NA,NA,NA,NA,0,NA,NA,NA,NA,1,NA,NA,NA,NA,9,NA,NA,NA,NA,NA,NA,NA,NA,NA,12,NA,NA,NA,NA,0,NA,NA,NA,NA,40,NA,NA,NA,NA,4,NA,NA,NA,NA,62,NA,NA,NA,NA,1,NA,NA,NA,NA,10,NA,NA,NA,NA,21,NA,NA,NA,NA,0,NA,NA,NA,NA,30,NA,NA,NA,NA,13,NA,NA,NA,NA,5,NA,NA,NA,NA,29,NA,NA,NA,NA,38,NA,NA,NA,NA,3,NA,NA,NA,NA,32,NA,NA,NA,NA,2,NA,NA,NA,NA,37,NA,NA,NA,NA,1,NA,NA,NA,NA
M25 [Janani Shishu Suraksha Karyakram (JSSK)],25.2.5,Number of sick infants provided - Free Drop Back home under JSSK,TOTAL,6477,NA,NA,NA,NA,14,NA,NA,NA,NA,7,NA,NA,NA,NA,NA,NA,NA,NA,NA,1204,NA,NA,NA,NA,0,NA,NA,NA,NA,325,NA,NA,NA,NA,92,NA,NA,NA,NA,659,NA,NA,NA,NA,89,NA,NA,NA,NA,33,NA,NA,NA,NA,69,NA,NA,NA,NA,544,NA,NA,NA,NA,349,NA,NA,NA,NA,80,NA,NA,NA,NA,2,NA,NA,NA,NA,175,NA,NA,NA,NA,187,NA,NA,NA,NA,133,NA,NA,NA,NA,185,NA,NA,NA,NA,572,NA,NA,NA,NA,70,NA,NA,NA,NA,647,NA,NA,NA,NA,241,NA,NA,NA,NA,171,NA,NA,NA,NA,17,NA,NA,NA,NA,401,NA,NA,NA,NA,211,NA,NA,NA,NA
