Indicator,S.No.,Parameters,Type,District - _Assam - Total [(A+B) or (C+D)],District - _Assam - Public [A],District - _Assam - Private [B],District - _Assam - Urban [C],District - _Assam - Rural [D],District - Baksa - Total [(A+B) or (C+D)],District - Baksa - Public [A],District - Baksa - Private [B],District - Baksa - Urban [C],District - Baksa - Rural [D],District - Barpeta - Total [(A+B) or (C+D)],District - Barpeta - Public [A],District - Barpeta - Private [B],District - Barpeta - Urban [C],District - Barpeta - Rural [D],District - Bongaigaon - Total [(A+B) or (C+D)],District - Bongaigaon - Public [A],District - Bongaigaon - Private [B],District - Bongaigaon - Urban [C],District - Bongaigaon - Rural [D],District - Cachar - Total [(A+B) or (C+D)],District - Cachar - Public [A],District - Cachar - Private [B],District - Cachar - Urban [C],District - Cachar - Rural [D],District - Chirang - Total [(A+B) or (C+D)],District - Chirang - Public [A],District - Chirang - Private [B],District - Chirang - Urban [C],District - Chirang - Rural [D],District - Darrang - Total [(A+B) or (C+D)],District - Darrang - Public [A],District - Darrang - Private [B],District - Darrang - Urban [C],District - Darrang - Rural [D],District - Dhemaji - Total [(A+B) or (C+D)],District - Dhemaji - Public [A],District - Dhemaji - Private [B],District - Dhemaji - Urban [C],District - Dhemaji - Rural [D],District - Dhubri - Total [(A+B) or (C+D)],District - Dhubri - Public [A],District - Dhubri - Private [B],District - Dhubri - Urban [C],District - Dhubri - Rural [D],District - Dibrugarh - Total [(A+B) or (C+D)],District - Dibrugarh - Public [A],District - Dibrugarh - Private [B],District - Dibrugarh - Urban [C],District - Dibrugarh - Rural [D],District - Dima Hasao - Total [(A+B) or (C+D)],District - Dima Hasao - Public [A],District - Dima Hasao - Private [B],District - Dima Hasao - Urban [C],District - Dima Hasao - Rural [D],District - Goalpara - Total [(A+B) or (C+D)],District - Goalpara - Public [A],District - Goalpara - Private [B],District - Goalpara - Urban [C],District - Goalpara - Rural [D],District - Golaghat - Total [(A+B) or (C+D)],District - Golaghat - Public [A],District - Golaghat - Private [B],District - Golaghat - Urban [C],District - Golaghat - Rural [D],District - Hailakandi - Total [(A+B) or (C+D)],District - Hailakandi - Public [A],District - Hailakandi - Private [B],District - Hailakandi - Urban [C],District - Hailakandi - Rural [D],District - Jorhat - Total [(A+B) or (C+D)],District - Jorhat - Public [A],District - Jorhat - Private [B],District - Jorhat - Urban [C],District - Jorhat - Rural [D],District - Kamrup M - Total [(A+B) or (C+D)],District - Kamrup M - Public [A],District - Kamrup M - Private [B],District - Kamrup M - Urban [C],District - Kamrup M - Rural [D],District - Kamrup R - Total [(A+B) or (C+D)],District - Kamrup R - Public [A],District - Kamrup R - Private [B],District - Kamrup R - Urban [C],District - Kamrup R - Rural [D],District - Karbi Anglong - Total [(A+B) or (C+D)],District - Karbi Anglong - Public [A],District - Karbi Anglong - Private [B],District - Karbi Anglong - Urban [C],District - Karbi Anglong - Rural [D],District - Karimganj - Total [(A+B) or (C+D)],District - Karimganj - Public [A],District - Karimganj - Private [B],District - Karimganj - Urban [C],District - Karimganj - Rural [D],District - Kokrajhar - Total [(A+B) or (C+D)],District - Kokrajhar - Public [A],District - Kokrajhar - Private [B],District - Kokrajhar - Urban [C],District - Kokrajhar - Rural [D],District - Lakhimpur - Total [(A+B) or (C+D)],District - Lakhimpur - Public [A],District - Lakhimpur - Private [B],District - Lakhimpur - Urban [C],District - Lakhimpur - Rural [D],District - Marigaon - Total [(A+B) or (C+D)],District - Marigaon - Public [A],District - Marigaon - Private [B],District - Marigaon - Urban [C],District - Marigaon - Rural [D],District - Nagaon - Total [(A+B) or (C+D)],District - Nagaon - Public [A],District - Nagaon - Private [B],District - Nagaon - Urban [C],District - Nagaon - Rural [D],District - Nalbari - Total [(A+B) or (C+D)],District - Nalbari - Public [A],District - Nalbari - Private [B],District - Nalbari - Urban [C],District - Nalbari - Rural [D],District - Sibsagar - Total [(A+B) or (C+D)],District - Sibsagar - Public [A],District - Sibsagar - Private [B],District - Sibsagar - Urban [C],District - Sibsagar - Rural [D],District - Sonitpur - Total [(A+B) or (C+D)],District - Sonitpur - Public [A],District - Sonitpur - Private [B],District - Sonitpur - Urban [C],District - Sonitpur - Rural [D],District - Tinsukia - Total [(A+B) or (C+D)],District - Tinsukia - Public [A],District - Tinsukia - Private [B],District - Tinsukia - Urban [C],District - Tinsukia - Rural [D],District - Udalguri - Total [(A+B) or (C+D)],District - Udalguri - Public [A],District - Udalguri - Private [B],District - Udalguri - Urban [C],District - Udalguri - Rural [D]
M1 [Ante Natal Care (ANC)],1.1,Total number of pregnant women registered for ANC,TOTAL,46293,43982,2311,3412,42881,1120,1115,5,NA,1120,2580,2512,68,NA,2580,959,956,3,116,843,2594,2592,2,152,2442,684,684,NA,NA,684,1437,1436,1,NA,1437,927,927,0,NA,927,3609,3558,51,72,3537,1561,1127,434,296,1265,332,330,2,NA,332,1682,1680,2,98,1584,1455,1455,0,NA,1455,1404,1404,NA,NA,1404,1755,1458,297,414,1341,2515,2357,158,1631,884,2236,2236,0,0,2236,1537,1537,0,89,1448,2078,2075,3,68,2010,1101,1101,NA,NA,1101,1591,1533,58,39,1552,1424,1423,1,NA,1424,4438,4406,32,94,4344,860,860,NA,NA,860,1381,1150,231,140,1241,2331,2025,306,40,2291,1704,1164,540,163,1541,998,881,117,NA,998
M1 [Ante Natal Care (ANC)],1.1.1,"Out of the total ANC registered, number registered within 1st trimester (within 12 weeks)",TOTAL,39844,37804,2040,2959,36885,966,962,4,NA,966,2249,2236,13,NA,2249,839,836,3,94,745,2279,2277,2,112,2167,547,547,NA,NA,547,1328,1328,0,NA,1328,872,872,0,NA,872,2953,2902,51,53,2900,1464,1044,420,277,1187,230,229,1,NA,230,1570,1568,2,98,1472,1257,1257,0,NA,1257,1253,1253,NA,NA,1253,1704,1410,294,404,1300,2008,1854,154,1429,579,2052,2052,0,0,2052,1128,1128,0,54,1074,1773,1770,3,58,1715,880,880,NA,NA,880,1417,1367,50,31,1386,1273,1272,1,NA,1273,3308,3279,29,39,3269,812,812,NA,NA,812,1255,1056,199,126,1129,2092,1833,259,40,2052,1455,996,459,144,1311,880,784,96,NA,880
M1 [Ante Natal Care (ANC)],1.2.1,Number of PW given TT1,TOTAL,40255,38174,2081,3237,37018,963,961,2,NA,963,2209,2209,NA,NA,2209,913,839,74,142,771,2290,2203,87,206,2084,575,575,NA,NA,575,1315,1312,3,NA,1315,808,808,0,NA,808,3196,3153,43,60,3136,1523,952,571,418,1105,241,241,0,NA,241,1554,1551,3,100,1454,1183,1183,0,NA,1183,1085,1085,NA,NA,1085,1633,1339,294,374,1259,2208,2135,73,1470,738,1892,1892,0,0,1892,1361,1361,0,61,1300,1866,1864,2,65,1801,943,943,NA,NA,943,1357,1322,35,48,1309,1260,1259,1,NA,1260,3720,3694,26,95,3625,736,736,NA,NA,736,1006,889,117,45,961,2175,1894,281,40,2135,1417,1016,401,113,1304,826,758,68,NA,826
M1 [Ante Natal Care (ANC)],1.2.2,Number of PW given TT2,TOTAL,41882,39953,1929,3042,38840,1060,1058,2,NA,1060,2420,2420,NA,NA,2420,989,914,75,145,844,2591,2513,78,175,2416,613,613,NA,NA,613,1325,1320,5,NA,1325,722,722,0,NA,722,3439,3378,61,47,3392,1415,970,445,322,1093,214,214,0,NA,214,1623,1620,3,99,1524,1100,1100,0,NA,1100,1166,1166,NA,NA,1166,1472,1181,291,375,1097,2232,2154,78,1507,725,2065,2065,0,0,2065,1370,1370,0,77,1293,2034,2034,0,32,2002,1036,1036,NA,NA,1036,1377,1333,44,34,1343,1274,1273,1,NA,1274,4108,4078,30,93,4015,887,887,NA,NA,887,1102,958,144,42,1060,2147,1875,272,26,2121,1241,904,337,68,1173,860,797,63,NA,860
M1 [Ante Natal Care (ANC)],1.2.3,Number of PW given TT Booster,TOTAL,4291,4085,206,174,4117,27,27,0,NA,27,172,172,NA,NA,172,56,56,NA,3,53,582,581,1,12,570,40,40,NA,NA,40,58,58,0,NA,58,53,53,0,NA,53,294,293,1,12,282,134,91,43,30,104,54,54,0,NA,54,137,137,0,11,126,81,81,0,NA,81,225,225,NA,NA,225,63,53,10,15,48,191,184,7,49,142,145,145,0,0,145,193,193,0,6,187,432,432,0,16,416,83,83,NA,NA,83,131,126,5,3,128,162,162,0,NA,162,448,446,2,3,445,39,39,NA,NA,39,79,63,16,0,79,117,106,11,3,114,235,128,107,11,224,60,57,3,NA,60
M1 [Ante Natal Care (ANC)],1.2.4,Number of PW given 180 Iron Folic Acid (IFA) tablets,TOTAL,46675,44654,2021,3078,43597,1348,1302,46,NA,1348,2741,2718,23,NA,2741,952,949,3,112,840,2414,2412,2,130,2284,634,634,NA,NA,634,1823,1815,8,NA,1823,983,983,0,NA,983,3527,3476,51,19,3508,1500,1130,370,230,1270,307,307,0,NA,307,1683,1681,2,108,1575,1286,1286,0,NA,1286,1387,1387,NA,NA,1387,1708,1414,294,411,1297,2425,2267,158,1578,847,2447,2447,0,0,2447,1480,1480,0,50,1430,2176,2176,0,65,2111,1105,1105,NA,NA,1105,1477,1424,53,61,1416,1424,1423,1,NA,1424,4688,4657,31,88,4600,858,858,NA,NA,858,1345,1203,142,57,1288,2347,2057,290,22,2325,1673,1215,458,147,1526,937,848,89,NA,937
M1 [Ante Natal Care (ANC)],1.2.5,Number of PW given 360 Calcium tablets,TOTAL,37301,35803,1498,2658,34643,1196,1196,0,NA,1196,2743,2721,22,NA,2743,907,904,3,112,795,2834,2834,0,130,2704,255,255,NA,NA,255,1819,1816,3,NA,1819,854,854,0,NA,854,3469,3418,51,19,3450,882,583,299,229,653,268,268,0,NA,268,1673,1671,2,109,1564,1127,1127,0,NA,1127,750,750,NA,NA,750,1773,1479,294,411,1362,1696,1538,158,1364,332,1751,1751,0,0,1751,1080,1080,0,4,1076,2106,2106,0,65,2041,760,760,NA,NA,760,474,422,52,43,431,1377,1376,1,NA,1377,3273,3189,84,5,3268,902,902,NA,NA,902,953,856,97,57,896,260,214,46,1,259,1350,1045,305,109,1241,769,688,81,NA,769
M1 [Ante Natal Care (ANC)],1.2.6,Number of PW given one Albendazole tablet after 1st trimester,TOTAL,18403,17996,407,702,17701,826,826,0,NA,826,471,471,0,NA,471,387,387,NA,17,370,1124,1124,0,129,995,85,85,NA,NA,85,1094,1092,2,NA,1094,131,131,0,NA,131,2875,2814,61,47,2828,341,298,43,0,341,267,267,0,NA,267,1234,1232,2,98,1136,630,630,0,NA,630,1156,1156,NA,NA,1156,624,624,0,80,544,437,437,0,313,124,628,628,0,0,628,826,826,0,12,814,1677,1677,0,0,1677,241,241,NA,NA,241,1,1,0,0,1,168,168,0,NA,168,948,922,26,0,948,601,601,NA,NA,601,655,566,89,6,649,176,139,37,NA,176,544,418,126,0,544,256,235,21,NA,256
M1 [Ante Natal Care (ANC)],1.2.7,Number of PW received 4 or more ANC check ups,TOTAL,52824,50718,2106,3108,49716,1181,1181,0,NA,1181,3466,3465,1,NA,3466,1088,1088,NA,76,1012,3200,3072,128,241,2959,619,619,NA,NA,619,1800,1794,6,NA,1800,1153,1153,0,NA,1153,4022,3942,80,60,3962,1459,1071,388,254,1205,197,197,0,NA,197,2017,2015,2,110,1907,1479,1479,0,NA,1479,1724,1724,NA,NA,1724,1776,1501,275,376,1400,2903,2894,9,1422,1481,2497,2497,0,0,2497,1316,1316,0,54,1262,2577,2513,64,67,2510,1058,1058,NA,NA,1058,1702,1631,71,59,1643,1737,1735,2,NA,1737,5653,5615,38,84,5569,1046,1046,NA,NA,1046,1633,1438,195,147,1486,2744,2459,285,46,2698,1699,1236,463,112,1587,1078,979,99,NA,1078
M1 [Ante Natal Care (ANC)],1.2.8,Number of PW given ANC Corticosteroids in Pre Term Labour,TOTAL,180,155,25,0,180,0,0,0,NA,0,57,48,9,NA,57,1,1,NA,NA,1,0,0,0,0,0,5,5,NA,NA,5,20,20,0,NA,20,0,0,0,NA,0,22,22,0,0,22,3,0,3,0,3,0,0,0,NA,0,11,11,0,0,11,2,2,0,NA,2,0,0,NA,NA,0,10,10,0,0,10,3,3,0,0,3,0,0,0,0,0,0,0,0,0,0,11,11,0,0,11,0,0,NA,NA,0,0,0,0,0,0,0,0,0,NA,0,3,3,0,0,3,1,1,NA,NA,1,0,0,0,0,0,6,6,0,NA,6,0,0,0,0,0,25,12,13,NA,25
M1 [Ante Natal Care (ANC)],1.3.1,New cases of PW with hypertension detected,TOTAL,1641,1537,104,54,1587,22,22,0,NA,22,131,124,7,NA,131,27,27,NA,NA,27,44,37,7,0,44,14,14,NA,NA,14,170,166,4,NA,170,15,15,0,NA,15,43,43,0,1,42,191,179,12,0,191,8,8,0,NA,8,116,116,0,5,111,54,54,0,NA,54,27,27,NA,NA,27,60,60,0,0,60,130,116,14,35,95,14,14,0,0,14,51,51,0,0,51,49,39,10,2,47,31,31,NA,NA,31,39,37,2,0,39,25,25,0,NA,25,107,105,2,1,106,11,11,NA,NA,11,70,58,12,5,65,115,107,8,NA,115,36,13,23,5,31,41,38,3,NA,41
M1 [Ante Natal Care (ANC)],1.3.1.a,"Out of the new cases of PW with hypertension detected, cases managed at institution",TOTAL,986,938,48,27,959,10,10,0,NA,10,84,77,7,NA,84,10,10,NA,NA,10,13,7,6,0,13,4,4,NA,NA,4,111,111,0,NA,111,6,6,0,NA,6,19,19,0,1,18,128,126,2,0,128,1,1,0,NA,1,59,59,0,5,54,37,37,0,NA,37,16,16,NA,NA,16,37,37,0,0,37,102,97,5,11,91,7,7,0,0,7,46,46,0,0,46,13,3,10,0,13,11,11,NA,NA,11,44,43,1,0,44,12,12,0,NA,12,72,72,0,0,72,2,2,NA,NA,2,41,40,1,5,36,65,60,5,NA,65,13,2,11,5,8,23,23,0,NA,23
M1 [Ante Natal Care (ANC)],1.3.2,Number of Eclampsia cases managed during delivery,TOTAL,96,86,10,3,93,6,6,0,NA,6,1,1,NA,NA,1,4,4,NA,NA,4,2,0,2,0,2,0,0,NA,NA,0,0,0,0,NA,0,0,0,0,NA,0,0,0,NA,0,0,18,18,0,0,18,0,0,0,NA,0,2,2,0,0,2,10,10,0,NA,10,0,0,NA,NA,0,4,4,0,0,4,7,4,3,3,4,0,0,0,0,0,0,0,0,0,0,3,3,0,0,3,9,9,NA,NA,9,2,2,0,0,2,9,9,0,NA,9,0,0,0,0,0,0,0,NA,NA,0,13,13,0,0,13,4,0,4,NA,4,1,0,1,0,1,1,1,0,NA,1
M1 [Ante Natal Care (ANC)],1.4.1,Number of PW tested for Haemoglobin (Hb ) 4 or more than 4 times for respective ANCs,TOTAL,47923,46783,1140,1797,46126,1170,1170,0,NA,1170,3136,3130,6,NA,3136,921,921,NA,71,850,3070,3070,0,113,2957,976,976,NA,NA,976,1558,1558,0,NA,1558,739,739,0,NA,739,3973,3893,80,60,3913,1382,1246,136,209,1173,130,130,0,NA,130,2179,2177,2,127,2052,1304,1297,7,NA,1304,1758,1758,NA,NA,1758,2060,2059,1,106,1954,1320,1320,0,1036,284,2876,2876,0,0,2876,648,648,0,6,642,2793,2713,80,0,2793,748,748,NA,NA,748,2026,1979,47,7,2019,763,763,0,NA,763,5721,5700,21,0,5721,968,968,NA,NA,968,1279,1201,78,62,1217,1968,1785,183,NA,1968,1553,1142,411,0,1553,904,816,88,NA,904
M1 [Ante Natal Care (ANC)],1.4.2,Number of PW having Hb level<11 (tested cases)(7.1 to 10.9),TOTAL,40048,38848,1200,1692,38356,1170,1170,0,NA,1170,2338,2326,12,NA,2338,782,782,NA,76,706,3594,3580,14,0,3594,593,593,NA,NA,593,1214,1214,0,NA,1214,700,700,0,NA,700,2452,2448,4,160,2292,1750,1550,200,110,1640,209,207,2,NA,209,1860,1859,1,101,1759,1365,1365,0,NA,1365,964,964,NA,NA,964,940,939,1,54,886,1231,1097,134,930,301,2917,2917,0,0,2917,844,844,0,6,838,1461,1431,30,17,1444,772,772,NA,NA,772,1332,1301,31,79,1253,605,604,1,NA,605,3127,3089,38,0,3127,472,472,NA,NA,472,1402,1277,125,90,1312,3505,3253,252,10,3495,1046,746,300,59,987,1403,1348,55,NA,1403
M1 [Ante Natal Care (ANC)],1.4.3,Number of PW having Hb level<7 (tested cases),TOTAL,1738,1642,96,112,1626,14,14,0,NA,14,23,23,NA,NA,23,52,52,NA,NA,52,89,87,2,0,89,48,48,NA,NA,48,28,28,0,NA,28,17,17,0,NA,17,50,50,0,2,48,46,43,3,1,45,25,25,0,NA,25,40,40,0,9,31,29,29,0,NA,29,63,63,NA,NA,63,25,25,0,2,23,27,19,8,22,5,54,54,0,0,54,25,25,0,0,25,270,264,6,48,222,31,31,NA,NA,31,27,25,2,2,25,13,13,0,NA,13,248,247,1,0,248,4,4,NA,NA,4,101,94,7,6,95,283,249,34,3,280,83,53,30,17,66,23,20,3,NA,23
M1 [Ante Natal Care (ANC)],1.4.4,Number of PW having severe anaemia (Hb<7) treated,TOTAL,730,682,48,26,704,4,4,0,NA,4,23,23,NA,NA,23,46,46,NA,NA,46,39,37,2,0,39,0,0,NA,NA,0,30,30,0,NA,30,1,1,0,NA,1,20,20,NA,2,18,13,11,2,1,12,12,12,0,NA,12,28,28,0,1,27,2,2,0,NA,2,54,54,NA,NA,54,41,41,0,0,41,20,12,8,17,3,13,13,0,0,13,8,8,0,0,8,26,20,6,0,26,9,9,NA,NA,9,10,9,1,0,10,12,12,0,NA,12,234,234,0,0,234,1,1,NA,NA,1,12,12,0,0,12,36,25,11,3,33,34,17,17,2,32,2,1,1,NA,2
M1 [Ante Natal Care (ANC)],1.5.1,Number of PW tested for blood sugar using OGTT (Oral Glucose Tolerance Test),TOTAL,1304,1230,74,159,1145,19,19,0,NA,19,30,30,NA,NA,30,0,0,NA,NA,0,177,177,0,0,177,8,8,NA,NA,8,0,0,0,NA,0,45,45,0,NA,45,20,20,NA,0,20,223,223,0,0,223,0,0,0,NA,0,0,0,0,0,0,0,0,0,NA,0,0,0,NA,NA,0,3,3,0,0,3,219,189,30,149,70,0,0,0,0,0,0,0,0,0,0,383,354,29,0,383,0,0,NA,NA,0,0,0,0,0,0,0,0,NA,NA,0,17,17,0,0,17,0,0,NA,NA,0,0,0,0,0,0,3,0,3,NA,3,134,122,12,10,124,23,23,0,NA,23
M1 [Ante Natal Care (ANC)],1.5.2,Number of PW tested positive for GDM,TOTAL,14,2,12,0,14,0,0,0,NA,0,0,0,NA,NA,0,0,0,NA,NA,0,2,0,2,0,2,0,0,NA,NA,0,0,0,0,NA,0,0,0,0,NA,0,0,0,NA,0,0,1,1,0,0,1,0,0,0,NA,0,0,0,0,0,0,0,0,0,NA,0,0,0,NA,NA,0,0,0,0,0,0,0,0,0,0,0,0,0,0,0,0,0,0,0,0,0,10,0,10,0,10,0,0,NA,NA,0,0,0,0,0,0,0,0,NA,NA,0,1,1,0,0,1,0,0,NA,NA,0,0,0,0,0,0,0,0,0,NA,0,0,0,0,0,0,0,0,0,NA,0
M1 [Ante Natal Care (ANC)],1.5.3,Number of PW given insulin out of total tested positive for GDM,TOTAL,2,1,1,0,2,0,0,0,NA,0,0,0,NA,NA,0,0,0,NA,NA,0,1,0,1,0,1,0,0,NA,NA,0,0,0,0,NA,0,0,0,0,NA,0,0,0,NA,0,0,0,0,0,0,0,0,0,0,NA,0,0,0,0,0,0,0,0,0,NA,0,0,0,NA,NA,0,0,0,0,0,0,0,0,0,0,0,0,0,0,0,0,0,0,0,0,0,0,0,0,0,0,0,0,NA,NA,0,0,0,0,0,0,0,0,NA,NA,0,1,1,0,0,1,0,0,NA,NA,0,0,0,0,0,0,0,0,0,NA,0,0,0,0,0,0,0,0,0,NA,0
M1 [Ante Natal Care (ANC)],1.6.1.a,Number of PW tested using POC test for Syphilis,TOTAL,94,79,15,0,94,3,3,NA,NA,3,0,0,NA,NA,0,0,0,NA,NA,0,0,0,NA,NA,0,0,0,NA,NA,0,8,8,NA,NA,8,0,0,NA,NA,0,0,0,0,NA,0,0,0,0,NA,0,0,0,NA,NA,0,13,13,NA,0,13,0,0,0,NA,0,0,0,NA,NA,0,0,0,NA,0,0,0,0,NA,0,0,3,3,NA,NA,3,1,1,NA,NA,1,0,0,NA,NA,0,10,10,NA,NA,10,15,0,15,NA,15,0,0,NA,NA,0,32,32,0,NA,32,0,0,NA,NA,0,0,0,NA,NA,0,9,9,NA,NA,9,0,0,NA,0,0,0,0,NA,NA,0
M1 [Ante Natal Care (ANC)],1.6.1.b,"Out of above, number of PW found sero positive for syphilis",TOTAL,0,0,0,0,0,0,0,NA,NA,0,0,0,NA,NA,0,0,0,NA,NA,0,0,0,NA,NA,0,0,0,NA,NA,0,0,0,NA,NA,0,0,0,NA,NA,0,0,0,0,NA,0,0,0,0,NA,0,0,0,NA,NA,0,0,0,NA,0,0,0,0,0,NA,0,0,0,NA,NA,0,0,0,NA,0,0,0,0,NA,0,0,0,0,NA,NA,0,0,0,NA,NA,0,0,0,NA,NA,0,0,0,NA,NA,0,0,0,0,NA,0,0,0,NA,NA,0,0,0,0,NA,0,0,0,NA,NA,0,0,0,NA,NA,0,0,0,NA,NA,0,0,0,NA,0,0,0,0,NA,NA,0
M1 [Ante Natal Care (ANC)],1.6.2.a,Number of pregnant women tested for Syphilis,TOTAL,16598,16069,529,578,16020,411,411,0,NA,411,783,779,4,NA,783,384,384,NA,14,370,1397,1353,44,0,1397,129,129,NA,NA,129,485,485,0,NA,485,628,628,0,NA,628,210,210,NA,0,210,244,244,0,70,174,36,34,2,NA,36,863,863,0,28,835,74,74,0,NA,74,267,267,NA,NA,267,1267,1237,30,30,1237,746,718,28,335,411,1973,1973,0,0,1973,475,475,0,0,475,803,538,265,0,803,73,73,NA,NA,73,404,383,21,0,404,287,287,NA,NA,287,1773,1773,0,0,1773,369,369,NA,NA,369,342,339,3,0,342,1516,1493,23,NA,1516,148,47,101,101,47,511,503,8,NA,511
M1 [Ante Natal Care (ANC)],1.6.2.b,Number of pregnant women tested found sero positive for Syphilis,TOTAL,55,50,5,0,55,0,0,0,NA,0,0,0,NA,NA,0,0,0,NA,NA,0,3,0,3,0,3,0,0,NA,NA,0,0,0,0,NA,0,48,48,0,NA,48,0,0,NA,0,0,0,0,0,0,0,0,0,0,NA,0,1,1,0,0,1,0,0,0,NA,0,0,0,NA,NA,0,0,0,0,0,0,1,1,0,0,1,0,0,0,0,0,0,0,0,0,0,2,0,2,0,2,0,0,NA,NA,0,0,0,0,0,0,0,0,NA,NA,0,0,0,0,0,0,0,0,NA,NA,0,0,0,0,0,0,0,0,0,NA,0,0,0,0,0,0,0,0,0,NA,0
M1 [Ante Natal Care (ANC)],1.6.2.c,Number of syphilis positive pregnant women treated for Syphilis,TOTAL,6,1,5,0,6,0,0,0,NA,0,0,0,NA,NA,0,0,0,NA,NA,0,3,0,3,0,3,0,0,NA,NA,0,0,0,0,NA,0,0,0,0,NA,0,0,0,NA,0,0,0,0,0,0,0,0,0,0,NA,0,1,1,0,0,1,0,0,0,NA,0,0,0,NA,NA,0,0,0,0,0,0,0,0,0,0,0,0,0,0,0,0,0,0,0,0,0,2,0,2,0,2,0,0,NA,NA,0,0,0,0,0,0,0,0,NA,NA,0,0,0,0,0,0,0,0,NA,NA,0,0,0,0,0,0,0,0,0,NA,0,0,0,0,0,0,0,0,0,NA,0
M1 [Ante Natal Care (ANC)],1.6.2.d,Number of babies diagnosed with Congenital Syphilis,TOTAL,3,0,3,0,3,0,0,0,NA,0,0,0,NA,NA,0,0,0,NA,NA,0,0,0,0,0,0,0,0,NA,NA,0,0,0,0,NA,0,0,0,0,NA,0,0,0,NA,0,0,0,0,0,0,0,0,0,0,NA,0,0,0,0,0,0,0,0,0,NA,0,0,0,NA,NA,0,0,0,0,0,0,0,0,0,0,0,0,0,0,0,0,0,0,0,0,0,0,0,0,0,0,0,0,NA,NA,0,0,0,0,0,0,0,0,NA,NA,0,0,0,0,0,0,0,0,NA,NA,0,0,0,0,0,0,3,0,3,NA,3,0,0,0,0,0,0,0,0,NA,0
M1 [Ante Natal Care (ANC)],1.6.2.e,Number of babies treated for congenital Syphilis,TOTAL,0,0,0,0,0,0,0,0,NA,0,0,0,NA,NA,0,0,0,NA,NA,0,0,0,0,0,0,0,0,NA,NA,0,0,0,0,NA,0,0,0,0,NA,0,0,0,NA,0,0,0,0,0,0,0,0,0,0,NA,0,0,0,0,0,0,0,0,0,NA,0,0,0,NA,NA,0,0,0,0,0,0,0,0,0,0,0,0,0,0,0,0,0,0,0,0,0,0,0,0,0,0,0,0,NA,NA,0,0,0,0,0,0,0,0,NA,NA,0,0,0,0,0,0,0,0,NA,NA,0,0,0,0,0,0,0,0,0,NA,0,0,0,0,0,0,0,0,0,NA,0
M2 [Deliveries],2.1.1.a,Number of Home Deliveries attended by Skill Birth Attendant(SBA) (Doctor/Nurse/ANM),TOTAL,1697,1667,30,11,1686,34,34,0,NA,34,337,337,NA,NA,337,8,8,NA,3,5,59,57,2,0,59,12,12,NA,NA,12,68,68,0,NA,68,2,2,NA,NA,2,288,286,2,0,288,0,0,0,0,0,29,29,0,NA,29,79,79,0,5,74,7,7,0,NA,7,97,97,NA,NA,97,7,7,0,1,6,10,10,0,0,10,20,20,0,NA,20,69,69,0,2,67,227,227,0,0,227,18,18,NA,NA,18,27,25,2,0,27,116,116,NA,NA,116,54,54,0,0,54,35,35,NA,NA,35,15,10,5,0,15,33,26,7,NA,33,15,8,7,0,15,31,26,5,NA,31
M2 [Deliveries],2.1.1.b,Number of Home Deliveries attended by Non SBA (Trained Birth Attendant(TBA) /Relatives/etc.),TOTAL,4105,4018,87,29,4076,12,12,0,NA,12,342,342,NA,NA,342,92,92,NA,5,87,72,71,1,0,72,122,122,NA,NA,122,107,107,0,NA,107,0,0,NA,NA,0,1539,1528,11,0,1539,5,0,5,0,5,55,55,0,NA,55,29,29,0,0,29,26,26,0,NA,26,98,98,NA,NA,98,0,0,0,0,0,22,22,0,5,17,17,17,0,NA,17,154,154,0,9,145,543,543,0,3,540,107,107,NA,NA,107,8,6,2,4,4,83,83,NA,NA,83,336,336,0,3,333,8,8,NA,NA,8,0,0,0,0,0,236,209,27,NA,236,61,27,34,0,61,31,24,7,NA,31
M2 [Deliveries],2.1.2,Number of PW given Tablet Misoprostol during home delivery,TOTAL,1810,1800,10,11,1799,0,0,0,NA,0,38,38,NA,NA,38,3,3,NA,3,0,0,0,0,0,0,9,9,NA,NA,9,96,96,0,NA,96,0,0,NA,NA,0,1104,1104,0,0,1104,0,0,0,0,0,31,31,0,NA,31,38,38,0,5,33,7,7,0,NA,7,94,94,NA,NA,94,1,1,0,0,1,16,16,0,3,13,2,2,0,NA,2,37,37,NA,0,37,230,230,0,0,230,4,4,NA,NA,4,13,11,2,0,13,2,2,NA,NA,2,45,45,0,0,45,29,29,NA,NA,29,0,0,0,0,0,7,0,7,NA,7,3,2,1,0,3,1,1,0,NA,1
M2 [Deliveries],2.1.3,Number of newborns received 7 Home Based Newborn Care (HBNC) visits in case of Home delivery,TOTAL,5467,5397,70,43,5424,45,45,0,NA,45,708,708,NA,NA,708,78,78,NA,15,63,110,110,0,0,110,105,105,NA,NA,105,248,247,1,NA,248,4,4,NA,NA,4,1686,1672,14,7,1679,10,5,5,0,10,81,81,0,NA,81,120,120,0,5,115,17,17,0,NA,17,209,209,NA,NA,209,7,7,0,2,5,15,15,0,1,14,35,35,0,NA,35,186,186,0,7,179,782,782,0,5,777,100,100,NA,NA,100,23,19,4,1,22,145,145,NA,NA,145,400,400,0,0,400,27,27,NA,NA,27,9,7,2,0,9,240,216,24,NA,240,46,30,16,0,46,31,27,4,NA,31
M2 [Deliveries],2.2,Number of Institutional Deliveries conducted (Including C-Sections),TOTAL,52857,44216,8641,4998,47859,842,822,20,NA,842,3033,2907,126,NA,3033,1341,954,387,391,950,4204,3275,929,420,3784,558,519,39,NA,558,1474,1410,64,NA,1474,1426,1405,21,NA,1426,2906,2835,71,19,2887,2305,1659,646,405,1900,207,204,3,NA,207,2267,2077,190,229,2038,1442,1152,290,NA,1442,1216,1216,NA,NA,1216,1758,1283,475,393,1365,3646,2452,1194,1278,2368,1981,1723,258,102,1879,1293,1293,0,0,1293,2243,1865,378,90,2153,1358,1263,95,NA,1358,1677,1537,140,87,1590,1614,1610,4,NA,1614,5495,4287,1208,930,4565,1255,819,436,NA,1255,1355,1032,323,129,1226,3154,2509,645,220,2934,2041,1440,601,305,1736,766,668,98,NA,766
M2 [Deliveries],2.2.1,Out of total institutional deliveries number of women discharged within 48 hours of delivery,TOTAL,13159,12657,502,190,12969,167,167,0,NA,167,916,909,7,NA,916,674,668,6,10,664,450,419,31,0,450,75,75,0,NA,75,376,376,0,NA,376,357,355,2,NA,357,1708,1708,0,0,1708,159,158,1,40,119,39,39,0,NA,39,677,641,36,36,641,237,150,87,NA,237,542,542,NA,NA,542,2,0,2,2,0,74,16,58,58,16,105,105,0,0,105,902,902,0,0,902,863,863,0,0,863,467,451,16,NA,467,896,841,55,0,896,349,345,4,NA,349,1933,1900,33,29,1904,58,58,0,NA,58,124,111,13,1,123,554,484,70,12,542,37,34,3,2,35,418,340,78,NA,418
M2 [Deliveries],2.2.2,Number of newborns received 6 HBNC  visits after Institutional Delivery,TOTAL,34234,33227,1007,1211,33023,950,950,0,NA,950,2793,2793,NA,NA,2793,1076,1076,NA,58,1018,2867,2865,2,0,2867,543,512,31,NA,543,1253,1248,5,NA,1253,1216,1216,0,NA,1216,761,761,0,40,721,583,465,118,9,574,152,152,0,NA,152,1165,1162,3,12,1153,296,296,0,NA,296,1128,1128,NA,NA,1128,848,844,4,74,774,790,790,0,692,98,2401,2401,0,0,2401,1317,1317,NA,59,1258,1634,1634,0,51,1583,960,960,NA,NA,960,455,412,43,29,426,1468,1468,0,NA,1468,4135,4092,43,119,4016,584,584,NA,NA,584,1314,1170,144,19,1295,1371,1189,182,NA,1371,1393,1042,351,49,1344,781,700,81,NA,781
M3 [Number of Caesarean (C-Section) deliveries],3.1,Total C -Section deliveries performed,TOTAL,11712,6380,5332,3709,8003,11,11,0,NA,11,550,432,118,NA,550,432,154,278,278,154,1061,518,543,376,685,69,48,21,NA,69,104,49,55,NA,104,329,288,41,NA,329,156,102,54,0,156,800,365,435,330,470,77,74,3,NA,77,351,209,142,142,209,289,153,136,NA,289,30,30,NA,NA,30,831,478,353,353,478,1930,1238,692,718,1212,372,187,185,98,274,91,91,NA,0,91,232,66,166,76,156,224,145,79,NA,224,387,307,80,80,307,79,79,0,NA,79,1187,273,914,780,407,435,105,330,NA,435,294,157,137,118,176,917,531,386,185,732,462,284,178,175,287,12,6,6,NA,12
M3 [Number of Caesarean (C-Section) deliveries],3.1.1,"C-sections, performed at night (8 PM- 8 AM)",TOTAL,3224,1604,1620,1207,2017,1,1,0,NA,1,142,120,22,NA,142,12,12,NA,NA,12,349,205,144,89,260,10,0,10,NA,10,17,8,9,NA,17,30,17,13,NA,30,23,14,9,0,23,368,119,249,210,158,13,13,0,NA,13,58,12,46,46,12,50,19,31,NA,50,4,4,NA,NA,4,348,213,135,135,213,712,466,246,246,466,70,23,47,26,44,5,5,NA,0,5,56,17,39,5,51,26,10,16,NA,26,88,25,63,63,25,4,4,0,NA,4,346,62,284,258,88,90,28,62,NA,90,47,15,32,26,21,287,171,116,57,230,67,21,46,46,21,1,0,1,NA,1
M4 [Pregnancy outcome & details of new-born],4.1.1.a,Live Birth - Male,TOTAL,29966,25395,4571,2689,27277,465,454,11,NA,465,1923,1858,65,NA,1923,834,642,192,199,635,2141,1669,472,224,1917,360,337,23,NA,360,832,801,31,NA,832,785,763,22,NA,785,2326,2286,40,13,2313,1160,826,334,210,950,159,159,0,NA,159,1167,1061,106,135,1032,770,631,139,NA,770,672,672,NA,NA,672,913,637,276,233,680,1866,1254,612,649,1217,1041,896,145,56,985,803,803,0,7,796,1521,1322,199,51,1470,765,706,59,NA,765,884,817,67,73,811,920,918,2,NA,920,3022,2377,645,497,2525,675,462,213,NA,675,713,550,163,63,650,1729,1366,363,118,1611,1088,752,336,161,927,432,376,56,NA,432
M4 [Pregnancy outcome & details of new-born],4.1.1.b,Live Birth - Female,TOTAL,27903,23767,4136,2378,25525,414,405,9,NA,414,1720,1661,59,NA,1720,581,399,182,187,394,2091,1643,448,193,1898,332,314,18,NA,332,800,767,33,NA,800,643,619,24,NA,643,2333,2292,41,6,2327,1108,794,314,194,914,133,130,3,NA,133,1163,1091,72,87,1076,683,533,150,NA,683,709,709,NA,NA,709,831,630,201,163,668,1715,1137,578,630,1085,967,858,109,46,921,700,700,0,4,696,1410,1243,167,42,1368,707,671,36,NA,707,851,774,77,82,769,878,876,2,NA,878,2780,2226,554,433,2347,627,402,225,NA,627,648,484,164,66,582,1672,1355,317,102,1570,1022,719,303,143,879,385,335,50,NA,385
M4 [Pregnancy outcome & details of new-born],4.1.2,Number of Pre term newborns ( < 37 weeks of pregnancy),TOTAL,2436,2275,161,83,2353,25,25,0,NA,25,280,267,13,NA,280,38,38,NA,NA,38,125,104,21,0,125,15,15,0,NA,15,219,215,4,NA,219,133,133,0,NA,133,50,50,0,0,50,165,165,0,0,165,6,6,0,NA,6,95,94,1,6,89,51,51,0,NA,51,84,84,NA,NA,84,9,9,0,0,9,70,33,37,47,23,32,30,2,0,32,81,81,NA,0,81,36,22,14,0,36,3,3,0,NA,3,28,27,1,0,28,107,107,0,NA,107,130,108,22,21,109,56,31,25,NA,56,80,80,0,0,80,253,244,9,8,245,175,167,8,1,174,90,86,4,NA,90
M4 [Pregnancy outcome & details of new-born],4.1.3,Still Birth,TOTAL,1195,1065,130,63,1132,12,12,0,NA,12,83,81,2,NA,83,29,13,16,16,13,117,101,16,3,114,18,12,6,NA,18,22,22,0,NA,22,29,29,0,NA,29,103,97,6,0,103,48,45,3,1,47,9,9,0,NA,9,74,58,16,16,58,24,23,1,NA,24,35,35,NA,NA,35,25,25,0,0,25,101,97,4,4,97,18,12,6,0,18,17,17,NA,0,17,88,72,16,1,87,18,18,NA,NA,18,55,52,3,0,55,17,17,0,NA,17,123,101,22,21,102,3,3,0,NA,3,17,16,1,0,17,81,77,4,0,81,15,11,4,1,14,14,10,4,NA,14
M4 [Pregnancy outcome & details of new-born],4.2,Abortion (spontaneous),TOTAL,1834,1682,152,105,1729,115,115,0,NA,115,170,155,15,NA,170,13,13,NA,NA,13,49,40,9,0,49,4,4,0,NA,4,60,15,45,NA,60,58,58,0,NA,58,85,85,0,0,85,62,62,0,0,62,33,33,0,NA,33,113,113,0,38,75,39,39,0,NA,39,102,102,NA,NA,102,31,31,0,0,31,44,8,36,36,8,171,171,0,0,171,36,36,NA,0,36,35,35,0,0,35,20,20,NA,NA,20,4,4,0,0,4,64,64,0,NA,64,153,149,4,2,151,183,176,7,NA,183,80,50,30,28,52,39,37,2,1,38,21,20,1,0,21,50,47,3,NA,50
M4 [Pregnancy outcome & details of new-born],4.3.1.a,MTP up to 12 weeks of pregnancy,TOTAL,7301,6838,463,448,6853,173,173,0,NA,173,263,263,NA,NA,263,319,319,NA,NA,319,158,140,18,18,140,107,107,NA,NA,107,636,610,26,NA,636,653,653,0,NA,653,441,441,NA,139,302,203,203,0,0,203,54,54,0,NA,54,335,319,16,75,260,111,111,0,NA,111,55,55,NA,NA,55,242,237,5,5,237,163,119,44,84,79,305,295,10,2,303,163,163,NA,0,163,72,49,23,23,49,213,213,NA,NA,213,442,442,0,0,442,55,55,NA,NA,55,654,654,0,0,654,331,186,145,NA,331,176,176,0,0,176,357,280,77,4,353,447,348,99,98,349,173,173,0,NA,173
M4 [Pregnancy outcome & details of new-born],4.3.1.b,MTP more than 12 weeks of pregnancy,TOTAL,384,329,55,17,367,2,2,0,NA,2,0,0,NA,NA,0,0,0,NA,NA,0,0,0,0,0,0,0,0,NA,NA,0,2,1,1,NA,2,3,3,0,NA,3,238,238,NA,0,238,3,3,0,0,3,3,3,0,NA,3,11,6,5,5,6,0,0,0,NA,0,0,0,NA,NA,0,5,2,3,3,2,9,0,9,9,0,2,2,0,0,2,0,0,NA,0,0,0,0,0,0,0,2,2,NA,NA,2,56,56,0,0,56,0,0,NA,NA,0,8,8,0,0,8,36,0,36,NA,36,2,2,0,0,2,0,0,0,NA,0,1,0,1,0,1,1,1,0,NA,1
M4 [Pregnancy outcome & details of new-born],4.3.2.a,Post Abortion/ MTP Complications Identified,TOTAL,51,34,17,12,39,0,0,0,NA,0,0,0,NA,NA,0,0,0,NA,NA,0,0,0,0,0,0,0,0,NA,NA,0,0,0,0,NA,0,0,0,0,NA,0,0,0,NA,0,0,0,0,0,0,0,0,0,0,NA,0,16,16,0,0,16,1,1,0,NA,1,0,0,NA,NA,0,12,0,12,12,0,0,0,0,0,0,1,1,0,0,1,2,2,NA,0,2,0,0,0,0,0,8,8,NA,NA,8,0,0,0,0,0,0,0,NA,NA,0,0,0,0,0,0,5,0,5,NA,5,0,0,0,0,0,0,0,0,NA,0,0,0,0,0,0,6,6,0,NA,6
M4 [Pregnancy outcome & details of new-born],4.3.2.b,Post Abortion/ MTP Complications Treated,TOTAL,83,78,5,0,83,0,0,0,NA,0,0,0,NA,NA,0,0,0,NA,NA,0,0,0,0,0,0,0,0,NA,NA,0,1,1,0,NA,1,0,0,0,NA,0,0,0,NA,0,0,0,0,0,0,0,0,0,0,NA,0,0,0,0,0,0,0,0,0,NA,0,0,0,NA,NA,0,0,0,0,0,0,0,0,0,0,0,1,1,0,0,1,2,2,NA,0,2,0,0,0,0,0,14,14,NA,NA,14,0,0,0,0,0,50,50,NA,NA,50,4,4,0,0,4,5,0,5,NA,5,0,0,0,0,0,6,6,0,NA,6,0,0,0,0,0,0,0,0,NA,0
M4 [Pregnancy outcome & details of new-born],4.3.3,Number of women provided with post abortion/ MTP contraception,TOTAL,747,747,0,20,727,102,102,0,NA,102,0,0,NA,NA,0,0,0,NA,NA,0,0,0,0,0,0,3,3,NA,NA,3,55,55,0,NA,55,37,37,0,NA,37,232,232,NA,0,232,54,54,0,0,54,0,0,0,NA,0,23,23,0,20,3,22,22,0,NA,22,0,0,NA,NA,0,0,0,0,0,0,0,0,0,0,0,67,67,0,0,67,4,4,NA,0,4,0,0,0,0,0,33,33,NA,NA,33,6,6,0,0,6,0,0,NA,NA,0,78,78,0,0,78,1,1,0,NA,1,2,2,0,0,2,0,0,0,NA,0,27,27,0,0,27,1,1,0,NA,1
M4 [Pregnancy outcome & details of new-born],4.4.1,Number of newborns weighed at birth,TOTAL,56455,47752,8703,4992,51463,876,856,20,NA,876,3642,3518,124,NA,3642,1415,1041,374,386,1029,4232,3312,920,417,3815,688,647,41,NA,688,1625,1561,64,NA,1625,1427,1381,46,NA,1427,4660,4579,81,19,4641,2271,1623,648,404,1867,292,289,3,NA,292,2330,2152,178,222,2108,1444,1155,289,NA,1444,1381,1381,NA,NA,1381,1744,1267,477,395,1349,3581,2391,1190,1279,2302,2007,1753,254,102,1905,1495,1495,0,11,1484,2930,2565,365,92,2838,1091,996,95,NA,1091,1603,1459,144,87,1516,1798,1794,4,NA,1798,5707,4509,1198,925,4782,1301,863,438,NA,1301,1355,1031,324,129,1226,2640,1959,681,220,2420,2110,1471,639,304,1806,810,704,106,NA,810
M4 [Pregnancy outcome & details of new-born],4.4.2,Number of newborns having weight less than 2.5 kg,TOTAL,7978,6985,993,403,7575,108,101,7,NA,108,491,480,11,NA,491,199,199,NA,1,198,765,637,128,43,722,109,109,0,NA,109,238,233,5,NA,238,150,148,2,NA,150,658,637,21,1,657,530,474,56,19,511,22,22,0,NA,22,298,239,59,63,235,172,147,25,NA,172,143,143,NA,NA,143,265,263,2,0,265,510,437,73,89,421,301,261,40,7,294,86,86,NA,0,86,291,206,85,13,278,150,139,11,NA,150,200,171,29,34,166,236,236,0,NA,236,551,427,124,71,480,187,103,84,NA,187,271,234,37,16,255,563,464,99,21,542,340,266,74,25,315,144,123,21,NA,144
M4 [Pregnancy outcome & details of new-born],4.4.3,Number of Newborns breast fed within 1 hour of birth ,TOTAL,56504,47954,8550,4977,51527,878,858,20,NA,878,3635,3514,121,NA,3635,1414,1040,374,386,1028,4226,3308,918,417,3809,676,639,37,NA,676,1590,1526,64,NA,1590,1350,1304,46,NA,1350,4654,4573,81,19,4635,2252,1604,648,404,1848,292,289,3,NA,292,2292,2114,178,222,2070,1393,1104,289,NA,1393,1362,1362,NA,NA,1362,1741,1264,477,395,1346,3578,2389,1189,1277,2301,2003,1749,254,102,1901,1492,1492,0,11,1481,2889,2538,351,84,2805,1348,1332,16,NA,1348,1591,1447,144,128,1463,1361,1357,4,NA,1361,5661,4464,1197,924,4737,1285,854,431,NA,1285,1335,1022,313,115,1220,3294,2644,650,189,3105,2108,1469,639,304,1804,804,698,106,NA,804
M5 [Complicated Pregnancies],5.1,"Number of cases of pregnant women with Obstetric Complications attended (Antepartum haemorrhage (APH), Post-Partum Hemorrhage (PPH), Sepsis, Eclampsia and others)",TOTAL,6598,4456,2142,1901,4697,4,4,0,NA,4,97,97,NA,NA,97,447,169,278,278,169,241,219,22,0,241,5,2,3,NA,5,554,554,0,NA,554,57,57,0,NA,57,224,224,NA,0,224,923,531,392,380,543,74,74,0,NA,74,255,231,24,27,228,70,70,0,NA,70,140,140,NA,NA,140,405,342,63,71,334,143,57,86,109,34,140,122,18,0,140,70,70,NA,0,70,439,357,82,0,439,22,22,NA,NA,22,41,40,1,0,41,308,308,0,NA,308,1157,339,818,818,339,131,69,62,NA,131,202,134,68,66,136,130,56,74,9,121,284,134,150,143,141,35,34,1,NA,35
M5 [Complicated Pregnancies],5.2,Number of Complicated pregnancies treated with Blood Transfusion,TOTAL,1037,987,50,4,1033,0,0,NA,NA,0,8,8,NA,NA,8,14,14,NA,NA,14,35,35,0,0,35,0,0,NA,NA,0,100,100,0,NA,100,2,2,0,NA,2,44,44,NA,NA,44,285,285,0,NA,285,18,18,NA,NA,18,78,78,0,0,78,3,3,NA,NA,3,16,16,NA,NA,16,15,15,0,0,15,13,13,NA,4,9,25,25,0,0,25,13,13,NA,NA,13,14,0,14,0,14,20,20,NA,NA,20,50,50,0,0,50,35,35,NA,NA,35,153,153,0,0,153,25,0,25,NA,25,9,9,0,NA,9,62,51,11,NA,62,0,0,0,0,0,0,0,NA,NA,0
M6 [Post Natal Care (PNC)],6.1,Women receiving 1st post partum checkup within 48 hours of home delivery,TOTAL,8825,8497,328,123,8702,54,54,0,NA,54,728,728,NA,NA,728,93,93,NA,14,79,131,128,3,0,131,109,109,0,NA,109,177,177,0,NA,177,3,3,0,NA,3,2061,2048,13,0,2061,992,987,5,0,992,74,74,0,NA,74,106,106,0,5,101,55,55,0,NA,55,226,226,NA,NA,226,7,7,0,1,6,26,26,0,3,23,37,37,0,0,37,321,321,0,4,317,1058,969,89,92,966,131,131,NA,NA,131,34,26,8,1,33,186,186,0,NA,186,897,897,0,3,894,46,46,NA,NA,46,15,10,5,0,15,971,827,144,0,971,78,37,41,0,78,209,189,20,NA,209
M6 [Post Natal Care (PNC)],6.2,Women receiving 1st post partum checkup between 48 hours and 14 days,TOTAL,45264,41691,3573,2231,43033,1119,1119,0,NA,1119,2130,2130,NA,NA,2130,943,943,NA,162,781,2261,2171,90,0,2261,613,582,31,NA,613,1531,1531,0,NA,1531,1025,1025,0,NA,1025,2577,2541,36,0,2577,1812,1466,346,40,1772,91,91,0,NA,91,1390,1389,1,45,1345,1244,1233,11,NA,1244,1041,1041,NA,NA,1041,1925,1925,0,73,1852,3650,2461,1189,1286,2364,1675,1675,0,0,1675,1120,1120,0,5,1115,1643,1643,0,41,1602,405,405,NA,NA,405,3469,3321,148,106,3363,1501,1497,4,NA,1501,3929,3904,25,0,3929,1615,1182,433,NA,1615,1788,1570,218,14,1774,1858,1381,477,165,1693,2171,1700,471,294,1877,738,645,93,NA,738
M6 [Post Natal Care (PNC)],6.3,Number of mothers provided full course of 180 IFA tablets after delivery,TOTAL,44245,42129,2116,1233,43012,1273,1273,0,NA,1273,3023,3003,20,NA,3023,721,721,NA,13,708,2024,1893,131,0,2024,1045,1014,31,NA,1045,2194,2192,2,NA,2194,1481,1481,0,NA,1481,3099,3030,69,0,3099,2377,1747,630,365,2012,141,141,0,NA,141,1945,1944,1,74,1871,1293,1283,10,NA,1293,603,603,NA,NA,603,2173,2169,4,95,2078,672,615,57,287,385,1461,1443,18,0,1461,1150,1150,0,22,1128,3344,3344,0,41,3303,409,409,NA,NA,409,1436,1366,70,17,1419,1429,1425,4,NA,1429,4498,4472,26,0,4498,1022,1022,NA,NA,1022,1399,1197,202,32,1367,1891,1384,507,189,1702,1372,1095,277,98,1274,770,713,57,NA,770
M6 [Post Natal Care (PNC)],6.4,Number of mothers provided 360 Calcium tablets after delivery,TOTAL,35128,33285,1843,1166,33962,1143,1143,0,NA,1143,2783,2759,24,NA,2783,637,637,NA,13,624,1344,1216,128,0,1344,567,536,31,NA,567,2247,2245,2,NA,2247,1388,1388,0,NA,1388,2975,2910,65,0,2975,1094,530,564,365,729,133,133,0,NA,133,1944,1943,1,74,1870,1072,1068,4,NA,1072,409,409,NA,NA,409,1975,1971,4,95,1880,605,548,57,237,368,929,911,18,0,929,982,982,0,57,925,2865,2865,0,0,2865,279,279,NA,NA,279,812,773,39,23,789,1429,1425,4,NA,1429,2727,2703,24,0,2727,1012,1012,NA,NA,1012,1052,867,185,32,1020,995,572,423,189,806,1030,833,197,81,949,700,627,73,NA,700
M7 [Reproductive Tract Infections/Sexually Transmitted Infections (RTI/STI) Cases],7.1.1,New RTI/STI cases identified - Male,TOTAL,970,962,8,0,970,15,15,0,NA,15,11,11,NA,NA,11,16,16,NA,NA,16,26,26,0,0,26,12,12,NA,NA,12,18,18,0,NA,18,66,66,0,NA,66,26,26,NA,0,26,0,0,0,0,0,2,0,2,NA,2,1,1,0,0,1,86,86,0,NA,86,79,79,NA,NA,79,51,51,0,0,51,30,30,0,0,30,14,14,0,0,14,0,0,NA,0,0,1,1,0,0,1,36,36,NA,NA,36,102,102,0,0,102,94,94,NA,NA,94,24,24,0,0,24,147,147,NA,NA,147,16,12,4,0,16,24,24,0,NA,24,37,35,2,0,37,36,36,0,NA,36
M7 [Reproductive Tract Infections/Sexually Transmitted Infections (RTI/STI) Cases],7.1.2,New RTI/STI cases identified - Female,TOTAL,2340,2334,6,2,2338,55,55,0,NA,55,12,12,NA,NA,12,63,63,NA,NA,63,222,222,0,0,222,24,24,NA,NA,24,82,82,0,NA,82,181,181,0,NA,181,165,165,NA,0,165,27,27,0,0,27,1,0,1,NA,1,1,1,0,0,1,109,109,0,NA,109,241,241,NA,NA,241,60,60,0,0,60,58,58,0,2,56,87,87,0,0,87,0,0,NA,0,0,1,1,0,0,1,103,103,NA,NA,103,198,198,0,0,198,40,40,NA,NA,40,107,107,0,0,107,158,158,NA,NA,158,21,18,3,0,21,120,119,1,NA,120,145,144,1,0,145,59,59,0,NA,59
M7 [Reproductive Tract Infections/Sexually Transmitted Infections (RTI/STI) Cases],7.2.1,RTI/STI for which treatment initiated - Male,TOTAL,805,801,4,0,805,15,15,0,NA,15,13,13,NA,NA,13,16,16,NA,NA,16,26,26,0,0,26,12,12,NA,NA,12,18,18,0,NA,18,66,66,0,NA,66,26,26,NA,0,26,0,0,0,0,0,2,0,2,NA,2,1,1,0,0,1,75,75,0,NA,75,29,29,NA,NA,29,51,51,0,0,51,0,0,0,0,0,14,14,0,0,14,0,0,NA,0,0,0,0,0,0,0,15,15,NA,NA,15,102,102,0,0,102,82,82,NA,NA,82,24,24,0,0,24,147,147,NA,NA,147,12,12,0,0,12,24,24,0,NA,24,2,0,2,0,2,33,33,0,NA,33
M7 [Reproductive Tract Infections/Sexually Transmitted Infections (RTI/STI) Cases],7.2.2,RTI/STI for which treatment initiated -Female,TOTAL,2072,2069,3,1,2071,55,55,0,NA,55,12,12,NA,NA,12,63,63,NA,NA,63,222,222,0,0,222,24,24,NA,NA,24,82,82,0,NA,82,178,178,0,NA,178,165,165,NA,0,165,27,27,0,0,27,1,0,1,NA,1,1,1,0,0,1,92,92,0,NA,92,241,241,NA,NA,241,59,59,0,0,59,2,2,0,1,1,87,87,0,0,87,0,0,NA,0,0,0,0,0,0,0,70,70,NA,NA,70,198,198,0,0,198,26,26,NA,NA,26,107,107,0,0,107,158,158,NA,NA,158,18,18,0,0,18,120,119,1,NA,120,7,6,1,0,7,57,57,0,NA,57
M8 [Family Planning],8.1.1,Number of Non Scalpel Vasectomy (NSV) / Conventional Vasectomy conducted,TOTAL,748,743,5,49,699,10,10,0,NA,10,16,16,NA,NA,16,0,0,NA,NA,0,39,34,5,0,39,0,0,NA,NA,0,34,34,0,NA,34,11,11,0,NA,11,7,7,NA,0,7,89,89,0,10,79,0,0,0,NA,0,74,74,0,38,36,21,21,0,NA,21,33,33,NA,NA,33,53,53,0,0,53,2,2,0,1,1,22,22,0,0,22,3,3,NA,0,3,0,0,0,0,0,4,4,NA,NA,4,24,24,0,0,24,28,28,NA,NA,28,28,28,0,0,28,21,21,0,NA,21,51,51,0,0,51,35,35,0,NA,35,143,143,0,0,143,0,0,0,NA,0
M8 [Family Planning],8.2.1,Number of Laparoscopic sterilizations (excluding post abortion) conducted,TOTAL,957,928,29,31,926,41,41,0,NA,41,101,101,NA,NA,101,0,0,NA,NA,0,144,123,21,14,130,0,0,NA,NA,0,14,14,0,NA,14,0,0,0,NA,0,3,3,NA,0,3,13,13,0,0,13,0,0,0,NA,0,9,9,0,9,0,0,0,0,NA,0,76,76,NA,NA,76,36,32,4,4,32,61,57,4,4,57,17,17,0,0,17,0,0,NA,0,0,109,109,0,0,109,0,0,NA,NA,0,0,0,0,0,0,0,0,NA,NA,0,11,11,0,0,11,3,3,0,NA,3,94,94,0,0,94,187,187,0,NA,187,38,38,0,0,38,0,0,0,NA,0
M8 [Family Planning],8.2.2,Number of Interval Mini-lap (other than post-partum and post abortion) sterilizations conducted,TOTAL,63,43,20,19,44,0,0,0,NA,0,4,4,NA,NA,4,1,1,NA,NA,1,0,0,0,0,0,0,0,NA,NA,0,0,0,0,NA,0,2,2,0,NA,2,0,0,NA,0,0,26,26,0,0,26,0,0,0,NA,0,0,0,0,0,0,0,0,0,NA,0,0,0,NA,NA,0,0,0,0,0,0,22,3,19,19,3,1,1,0,0,1,0,0,NA,0,0,0,0,0,0,0,0,0,NA,NA,0,0,0,0,0,0,0,0,NA,NA,0,0,0,0,0,0,0,0,0,NA,0,0,0,0,0,0,1,0,1,NA,1,6,6,0,0,6,0,0,0,NA,0
M8 [Family Planning],8.2.3,Number of Postpartum sterilizations (within 7 days of delivery by minilap or concurrent with caesarean section) conducted,TOTAL,1162,979,183,127,1035,1,1,0,NA,1,119,117,2,NA,119,54,29,25,25,29,105,91,14,4,101,6,6,NA,NA,6,18,18,0,NA,18,48,48,0,NA,48,27,27,NA,0,27,3,3,0,0,3,8,8,0,NA,8,45,19,26,26,19,53,41,12,NA,53,0,0,NA,NA,0,24,24,0,0,24,259,259,0,2,257,31,31,0,0,31,0,0,NA,0,0,23,6,17,7,16,28,28,NA,NA,28,66,66,0,0,66,6,6,NA,NA,6,68,5,63,63,5,32,10,22,NA,32,14,14,0,0,14,56,54,2,NA,56,68,68,0,0,68,0,0,0,NA,0
M8 [Family Planning],8.2.4,Number of Post Abortion sterilizations (within 7 days of spontaneous or surgical abortion) conducted,TOTAL,28,28,0,0,28,0,0,0,NA,0,0,0,NA,NA,0,0,0,NA,NA,0,0,0,0,0,0,0,0,NA,NA,0,0,0,0,NA,0,0,0,0,NA,0,0,0,NA,0,0,1,1,0,0,1,0,0,0,NA,0,0,0,0,0,0,1,1,0,NA,1,0,0,NA,NA,0,0,0,0,0,0,4,4,0,0,4,0,0,0,0,0,0,0,NA,0,0,0,0,0,0,0,0,0,NA,NA,0,0,0,0,0,0,0,0,NA,NA,0,19,19,0,0,19,1,1,0,NA,1,0,0,0,0,0,1,1,0,NA,1,1,1,0,0,1,0,0,0,NA,0
M8 [Family Planning],8.3,Number of Interval IUCD Insertions (excluding PPIUCD and PAIUCD),TOTAL,3887,3856,31,48,3839,68,68,0,NA,68,173,171,2,NA,173,154,154,NA,9,145,112,112,0,1,111,55,55,NA,NA,55,186,184,2,NA,186,133,133,0,NA,133,335,331,4,0,335,118,111,7,2,116,9,9,0,NA,9,172,172,0,3,169,63,63,0,NA,63,929,929,NA,NA,929,123,123,0,0,123,43,43,0,31,12,211,211,0,0,211,79,79,NA,0,79,189,189,0,0,189,112,112,NA,NA,112,80,79,1,2,78,124,124,NA,NA,124,218,210,8,0,218,47,40,7,NA,47,42,42,0,0,42,49,49,0,NA,49,44,44,0,0,44,19,19,0,NA,19
M8 [Family Planning],8.4,Number of Postpartum (within 48 hours of delivery) IUCD insertions,TOTAL,5682,5672,10,56,5626,59,59,0,NA,59,240,240,NA,NA,240,45,42,3,3,42,84,84,0,0,84,9,9,NA,NA,9,604,604,0,NA,604,261,261,0,NA,261,373,373,0,0,373,229,229,0,33,196,25,25,0,NA,25,204,204,0,5,199,576,576,0,NA,576,230,230,NA,NA,230,41,41,0,0,41,1077,1077,0,15,1062,112,112,0,0,112,23,23,NA,0,23,84,84,0,0,84,103,103,NA,NA,103,67,67,0,0,67,93,93,NA,NA,93,460,459,1,0,460,196,196,0,NA,196,176,176,0,0,176,125,125,0,NA,125,166,160,6,0,166,20,20,0,NA,20
M8 [Family Planning],8.5,Number of Post Abortion (within 12 days of spontaneous or surgical abortion) IUCD insertions,TOTAL,840,840,0,92,748,11,11,0,NA,11,14,14,NA,NA,14,13,13,NA,NA,13,23,23,0,0,23,0,0,NA,NA,0,102,102,0,NA,102,43,43,0,NA,43,80,80,NA,44,36,4,4,0,0,4,0,0,0,NA,0,74,74,0,48,26,17,17,0,NA,17,5,5,NA,NA,5,17,17,0,0,17,13,13,0,0,13,16,16,0,0,16,6,6,NA,0,6,0,0,0,0,0,4,4,NA,NA,4,10,10,0,0,10,26,26,NA,NA,26,52,52,0,0,52,220,220,0,NA,220,7,7,0,0,7,19,19,0,NA,19,63,63,0,0,63,1,1,0,NA,1
M8 [Family Planning],8.6,Number of IUCD Removals,TOTAL,1088,1073,15,33,1055,25,25,0,NA,25,24,24,NA,NA,24,26,26,NA,NA,26,20,20,0,0,20,30,30,NA,NA,30,31,30,1,NA,31,45,45,0,NA,45,37,37,0,0,37,43,43,0,16,27,2,2,0,NA,2,60,60,0,3,57,60,60,0,NA,60,59,59,NA,NA,59,26,26,0,0,26,70,67,3,10,60,41,41,0,0,41,55,55,NA,0,55,58,58,0,0,58,55,55,NA,NA,55,19,19,0,0,19,11,11,NA,NA,11,37,35,2,0,37,62,54,8,NA,62,38,37,1,4,34,36,36,0,NA,36,22,22,0,0,22,96,96,0,NA,96
M8 [Family Planning],8.7,Number of complications following IUCD Insertion,TOTAL,156,156,0,0,156,1,1,0,NA,1,3,3,NA,NA,3,0,0,NA,NA,0,9,9,0,0,9,6,6,NA,NA,6,9,9,0,NA,9,2,2,0,NA,2,3,3,0,0,3,2,2,0,0,2,0,0,0,NA,0,7,7,0,0,7,2,2,0,NA,2,6,6,NA,NA,6,0,0,0,0,0,42,42,0,0,42,4,4,0,0,4,13,13,NA,0,13,4,4,0,0,4,10,10,NA,NA,10,9,9,0,0,9,3,3,NA,NA,3,5,5,0,0,5,2,2,0,NA,2,5,5,0,0,5,3,3,0,NA,3,4,4,0,0,4,2,2,0,NA,2
M8 [Family Planning],8.8,Injectable Contraceptive-Antara Program- First Dose,TOTAL,2122,2122,0,23,2099,9,9,0,NA,9,52,52,NA,NA,52,26,26,NA,NA,26,24,24,0,0,24,0,0,NA,NA,0,280,280,0,NA,280,60,60,0,NA,60,181,181,0,21,160,0,0,0,0,0,0,0,0,NA,0,110,110,0,0,110,19,19,0,NA,19,732,732,NA,NA,732,0,0,0,0,0,47,47,0,0,47,14,14,0,0,14,6,6,NA,2,4,304,304,0,0,304,9,9,NA,NA,9,42,42,0,0,42,63,63,NA,NA,63,37,37,0,0,37,0,0,NA,NA,0,35,35,0,0,35,57,57,0,NA,57,14,14,0,0,14,1,1,0,NA,1
M8 [Family Planning],8.9,Injectable Contraceptive-Antara Program- Second Dose,TOTAL,462,462,0,17,445,2,2,0,NA,2,34,34,NA,NA,34,8,8,NA,NA,8,4,4,0,0,4,0,0,NA,NA,0,21,21,0,NA,21,13,13,0,NA,13,73,73,0,14,59,0,0,0,0,0,0,0,0,NA,0,2,2,0,0,2,10,10,0,NA,10,92,92,NA,NA,92,0,0,0,0,0,8,8,0,0,8,14,14,0,0,14,3,3,NA,3,0,123,123,0,0,123,5,5,NA,NA,5,10,10,0,0,10,16,16,NA,NA,16,6,6,0,0,6,0,0,NA,NA,0,3,3,0,0,3,7,7,0,NA,7,4,4,0,0,4,4,4,0,NA,4
M8 [Family Planning],8.1,Injectable Contraceptive-Antara Program- Third Dose,TOTAL,160,160,0,5,155,5,5,0,NA,5,5,5,NA,NA,5,6,6,NA,NA,6,0,0,0,0,0,0,0,NA,NA,0,8,8,0,NA,8,18,18,0,NA,18,21,21,0,0,21,0,0,0,0,0,0,0,0,NA,0,0,0,0,0,0,5,5,0,NA,5,46,46,NA,NA,46,0,0,0,0,0,4,4,0,0,4,3,3,0,0,3,5,5,NA,5,0,5,5,0,0,5,1,1,NA,NA,1,4,4,0,0,4,3,3,NA,NA,3,5,5,0,0,5,0,0,NA,NA,0,1,1,0,0,1,12,12,0,NA,12,3,3,0,0,3,0,0,0,NA,0
M8 [Family Planning],8.11,Injectable Contraceptive-Antara Program- Fourth or more than fourth,TOTAL,59,59,0,0,59,3,3,0,NA,3,0,0,NA,NA,0,1,1,NA,NA,1,0,0,0,0,0,0,0,NA,NA,0,0,0,0,NA,0,11,11,0,NA,11,3,3,0,0,3,0,0,0,0,0,0,0,0,NA,0,0,0,0,0,0,1,1,0,NA,1,13,13,NA,NA,13,0,0,0,0,0,4,4,0,0,4,10,10,0,0,10,0,0,NA,0,0,0,0,0,0,0,1,1,NA,NA,1,0,0,0,0,0,0,0,NA,NA,0,3,3,0,0,3,0,0,NA,NA,0,1,1,0,0,1,8,8,0,NA,8,0,0,0,0,0,0,0,0,NA,0
M8 [Family Planning],8.12,Number of Combined Oral Pill cycles distributed,TOTAL,141722,137045,4677,5093,136629,4760,4728,32,NA,4760,13718,13718,NA,NA,13718,3959,3959,NA,680,3279,3634,3534,100,207,3427,2502,2502,NA,NA,2502,4083,4058,25,NA,4083,4850,4850,0,NA,4850,9067,8261,806,72,8995,5550,4769,781,393,5157,773,773,0,NA,773,7533,7511,22,375,7158,5398,5360,38,NA,5398,4861,4861,NA,NA,4861,3268,3216,52,246,3022,3200,3200,0,1527,1673,7615,7615,0,0,7615,3562,3562,NA,143,3419,2678,2678,0,85,2593,6148,6148,NA,NA,6148,6770,5912,858,1104,5666,5186,5180,6,NA,5186,8058,8017,41,0,8058,4728,4728,NA,NA,4728,3774,3494,280,172,3602,6466,5853,613,24,6442,6010,5198,812,65,5945,3571,3360,211,NA,3571
M8 [Family Planning],8.13,Number of Condom pieces distributed,TOTAL,387803,380670,7133,13874,373929,12036,11994,42,NA,12036,22143,22143,NA,NA,22143,9319,9219,100,1299,8020,14817,14617,200,955,13862,2962,2962,NA,NA,2962,16139,16120,19,NA,16139,11643,11643,0,NA,11643,24317,23719,598,390,23927,16325,13839,2486,800,15525,1527,1527,0,NA,1527,22312,22297,15,766,21546,17933,17912,21,NA,17933,19514,19514,NA,NA,19514,18442,18267,175,3005,15437,11266,11266,0,3917,7349,27937,27937,0,0,27937,16649,16649,NA,1298,15351,11754,11754,0,350,11404,10384,10384,NA,NA,10384,9521,8791,730,17,9504,12840,12833,7,NA,12840,14971,14642,329,44,14927,16858,16858,NA,NA,16858,15530,15008,522,247,15283,14536,13616,920,21,14515,11145,10419,726,765,10380,4983,4740,243,NA,4983
M8 [Family Planning],8.14,Number of Centchroman (weekly) pill strips distributed,TOTAL,3432,3362,70,109,3323,25,25,0,NA,25,292,292,NA,NA,292,14,14,NA,2,12,55,55,0,0,55,3,3,NA,NA,3,322,322,0,NA,322,46,46,0,NA,46,40,40,0,0,40,157,155,2,0,157,0,0,0,NA,0,518,518,0,15,503,207,207,0,NA,207,266,266,NA,NA,266,0,0,0,0,0,7,7,0,7,0,77,77,0,0,77,95,95,NA,53,42,34,34,0,0,34,246,246,NA,NA,246,67,67,0,0,67,51,51,NA,NA,51,532,532,0,32,500,6,6,NA,NA,6,59,59,0,0,59,100,92,8,NA,100,149,134,15,0,149,64,19,45,NA,64
M8 [Family Planning],8.15,Number of Emergency Contraceptive Pills (ECP) given,TOTAL,2295,2261,34,120,2175,78,78,0,NA,78,456,456,NA,NA,456,14,14,NA,5,9,16,16,0,0,16,19,19,NA,NA,19,33,33,0,NA,33,3,3,0,NA,3,81,81,0,14,67,82,72,10,0,82,15,15,0,NA,15,242,242,0,7,235,5,5,0,NA,5,288,288,NA,NA,288,4,4,0,0,4,90,90,0,81,9,213,213,0,0,213,63,63,NA,9,54,20,20,0,1,19,81,81,NA,NA,81,36,36,0,3,33,0,0,NA,NA,0,176,176,0,0,176,1,1,NA,NA,1,18,18,0,0,18,53,53,0,NA,53,183,163,20,0,183,25,21,4,NA,25
M8 [Family Planning],8.16,Number of Pregnancy Test Kits (PTK) used,TOTAL,29239,28349,890,1257,27982,614,614,0,NA,614,1272,1268,4,NA,1272,469,469,NA,119,350,1152,972,180,187,965,275,275,NA,NA,275,545,545,0,NA,545,467,467,0,NA,467,8400,8335,65,150,8250,936,851,85,44,892,268,268,0,NA,268,969,969,0,48,921,736,736,0,NA,736,1280,1280,NA,NA,1280,702,702,0,107,595,1345,1315,30,407,938,1208,1208,0,0,1208,641,641,NA,20,621,1222,1222,0,0,1222,506,506,NA,NA,506,560,531,29,0,560,264,264,NA,NA,264,1683,1654,29,84,1599,567,567,NA,NA,567,627,566,61,14,613,1237,1126,111,NA,1237,987,728,259,77,910,307,270,37,NA,307
M8 [Family Planning],8.17.1,Complications following male sterilization,TOTAL,4,4,0,2,2,0,0,0,NA,0,0,0,NA,NA,0,0,0,NA,NA,0,0,0,0,0,0,0,0,NA,NA,0,0,0,0,NA,0,0,0,0,NA,0,0,0,0,0,0,0,0,0,0,0,0,0,0,NA,0,0,0,0,0,0,0,0,0,NA,0,0,0,NA,NA,0,2,2,0,2,0,1,1,0,0,1,0,0,0,0,0,0,0,NA,0,0,0,0,0,0,0,0,0,NA,NA,0,0,0,0,0,0,0,0,NA,NA,0,1,1,0,0,1,0,0,0,NA,0,0,0,0,0,0,0,0,0,NA,0,0,0,0,0,0,0,0,0,NA,0
M8 [Family Planning],8.17.2,Complications following female sterilization,TOTAL,5,5,0,0,5,0,0,0,NA,0,0,0,NA,NA,0,0,0,NA,NA,0,0,0,0,0,0,0,0,NA,NA,0,0,0,0,NA,0,0,0,0,NA,0,0,0,0,0,0,0,0,0,0,0,0,0,0,NA,0,0,0,0,0,0,0,0,0,NA,0,0,0,NA,NA,0,0,0,0,0,0,5,5,0,0,5,0,0,0,0,0,0,0,NA,0,0,0,0,0,0,0,0,0,NA,NA,0,0,0,0,0,0,0,0,NA,NA,0,0,0,0,0,0,0,0,0,NA,0,0,0,0,0,0,0,0,0,NA,0,0,0,0,0,0,0,0,0,NA,0
M8 [Family Planning],8.17.3,Failures following male sterilization,TOTAL,0,0,0,0,0,0,0,0,NA,0,0,0,NA,NA,0,0,0,NA,NA,0,0,0,0,0,0,0,0,NA,NA,0,0,0,0,NA,0,0,0,0,NA,0,0,0,NA,0,0,0,0,0,0,0,0,0,0,NA,0,0,0,0,0,0,0,0,0,NA,0,0,0,NA,NA,0,0,0,0,0,0,0,0,0,0,0,0,0,0,0,0,0,0,NA,0,0,0,0,0,0,0,0,0,NA,NA,0,0,0,0,0,0,0,0,NA,NA,0,0,0,0,0,0,0,0,0,NA,0,0,0,0,0,0,0,0,0,NA,0,0,0,0,0,0,0,0,0,NA,0
M8 [Family Planning],8.17.4,Failures following female sterilization,TOTAL,0,0,0,0,0,0,0,0,NA,0,0,0,NA,NA,0,0,0,NA,NA,0,0,0,0,0,0,0,0,NA,NA,0,0,0,0,NA,0,0,0,0,NA,0,0,0,NA,0,0,0,0,0,0,0,0,0,0,NA,0,0,0,0,0,0,0,0,0,NA,0,0,0,NA,NA,0,0,0,0,0,0,0,0,0,0,0,0,0,0,0,0,0,0,NA,0,0,0,0,0,0,0,0,0,NA,NA,0,0,0,0,0,0,0,0,NA,NA,0,0,0,0,0,0,0,0,0,NA,0,0,0,0,0,0,0,0,0,NA,0,0,0,0,0,0,0,0,0,NA,0
M8 [Family Planning],8.17.5,Deaths following male sterilization,TOTAL,0,0,0,0,0,0,0,0,NA,0,0,0,NA,NA,0,0,0,NA,NA,0,0,0,0,0,0,0,0,NA,NA,0,0,0,0,NA,0,0,0,0,NA,0,0,0,NA,0,0,0,0,0,0,0,0,0,0,NA,0,0,0,0,0,0,0,0,0,NA,0,0,0,NA,NA,0,0,0,0,0,0,0,0,0,0,0,0,0,0,0,0,0,0,NA,0,0,0,0,0,0,0,0,0,NA,NA,0,0,0,0,0,0,0,0,NA,NA,0,0,0,0,0,0,0,0,0,NA,0,0,0,0,0,0,0,0,0,NA,0,0,0,0,0,0,0,0,0,NA,0
M8 [Family Planning],8.17.6,Deaths following female sterilization,TOTAL,0,0,0,0,0,0,0,0,NA,0,0,0,NA,NA,0,0,0,NA,NA,0,0,0,0,0,0,0,0,NA,NA,0,0,0,0,NA,0,0,0,0,NA,0,0,0,NA,0,0,0,0,0,0,0,0,0,0,NA,0,0,0,0,0,0,0,0,0,NA,0,0,0,NA,NA,0,0,0,0,0,0,0,0,0,0,0,0,0,0,0,0,0,0,NA,0,0,0,0,0,0,0,0,0,NA,NA,0,0,0,0,0,0,0,0,NA,NA,0,0,0,0,0,0,0,0,0,NA,0,0,0,0,0,0,0,0,0,NA,0,0,0,0,0,0,0,0,0,NA,0
M9 [CHILD IMMUNISATION],9.1.1,Child immunisation - Vitamin K1 (Birth Dose),TOTAL,35914,32387,3527,1856,34058,753,753,0,NA,753,888,888,NA,NA,888,922,915,7,14,908,3355,2890,465,0,3355,214,214,NA,NA,214,1206,1199,7,NA,1206,1052,1052,0,NA,1052,1617,1617,0,19,1598,2165,1615,550,404,1761,198,198,0,NA,198,1855,1855,0,39,1816,1089,1045,44,NA,1089,920,920,NA,NA,920,1270,1264,6,0,1270,3449,2361,1088,1169,2280,1151,1151,0,0,1151,850,850,NA,0,850,1599,1363,236,NA,1599,1094,1094,NA,NA,1094,1107,1077,30,0,1107,853,853,NA,NA,853,3392,3075,317,87,3305,1232,816,416,NA,1232,817,800,17,0,817,1249,1067,182,72,1177,1166,1035,131,52,1114,451,420,31,NA,451
M9 [CHILD IMMUNISATION],9.1.2,Child immunisation - BCG,TOTAL,60835,56641,4194,4031,56804,1043,1040,3,NA,1043,3502,3434,68,NA,3502,1501,1448,53,134,1367,5380,4609,771,821,4559,716,716,NA,NA,716,1861,1815,46,NA,1861,1280,1280,0,NA,1280,5216,5161,55,41,5175,2431,1733,698,396,2035,299,296,3,NA,299,2178,2165,13,87,2091,1368,1326,42,NA,1368,1454,1454,NA,NA,1454,1727,1530,197,265,1462,3563,3230,333,1327,2236,2447,2447,0,0,2447,1618,1618,0,7,1611,2894,2686,208,15,2879,1419,1419,NA,NA,1419,2108,2067,41,579,1529,2081,2078,3,NA,2081,5585,5331,254,97,5488,1333,917,416,NA,1333,1482,1373,109,116,1366,3650,3164,486,86,3564,1753,1447,306,60,1693,946,857,89,NA,946
M9 [CHILD IMMUNISATION],9.1.3,Child immunisation - DPT1,TOTAL,74,74,0,0,74,0,0,0,NA,0,0,0,NA,NA,0,0,0,NA,NA,0,0,0,0,0,0,0,0,NA,NA,0,0,0,0,NA,0,62,62,0,NA,62,10,10,0,0,10,0,0,0,0,0,0,0,0,NA,0,0,0,0,0,0,0,0,0,NA,0,0,0,NA,NA,0,0,0,0,0,0,0,0,0,0,0,0,0,0,0,0,0,0,NA,0,0,0,0,0,0,0,0,0,NA,NA,0,0,0,0,0,0,0,0,NA,NA,0,1,1,0,0,1,1,1,NA,NA,1,0,0,0,0,0,0,0,0,0,0,0,0,0,0,0,0,0,0,NA,0
M9 [CHILD IMMUNISATION],9.1.4,Child immunisation - DPT2,TOTAL,4,4,0,0,4,0,0,0,NA,0,0,0,NA,NA,0,0,0,NA,NA,0,0,0,0,0,0,0,0,NA,NA,0,0,0,0,NA,0,1,1,0,NA,1,3,3,0,0,3,0,0,0,0,0,0,0,0,NA,0,0,0,0,0,0,0,0,0,NA,0,0,0,NA,NA,0,0,0,0,0,0,0,0,0,0,0,0,0,0,0,0,0,0,NA,0,0,0,0,0,0,0,0,0,NA,NA,0,0,0,0,0,0,0,0,NA,NA,0,0,0,0,0,0,0,0,NA,NA,0,0,0,0,0,0,0,0,0,0,0,0,0,0,0,0,0,0,0,NA,0
M9 [CHILD IMMUNISATION],9.1.5,Child immunisation - DPT3,TOTAL,3,3,0,0,3,0,0,0,NA,0,0,0,NA,NA,0,0,0,NA,NA,0,0,0,0,0,0,0,0,NA,NA,0,0,0,0,NA,0,0,0,0,NA,0,3,3,0,0,3,0,0,0,0,0,0,0,0,NA,0,0,0,0,0,0,0,0,0,NA,0,0,0,NA,NA,0,0,0,0,0,0,0,0,0,0,0,0,0,0,0,0,0,0,NA,0,0,0,0,0,0,0,0,0,NA,NA,0,0,0,0,0,0,0,0,NA,NA,0,0,0,0,0,0,0,0,NA,NA,0,0,0,0,0,0,0,0,0,0,0,0,0,0,0,0,0,0,0,NA,0
M9 [CHILD IMMUNISATION],9.1.6,Child immunisation - Pentavalent 1,TOTAL,55459,52925,2534,3456,52003,1348,1346,2,NA,1348,3369,3364,5,NA,3369,1288,1228,60,158,1130,4228,4123,105,281,3947,742,742,NA,NA,742,1782,1774,8,NA,1782,1245,1245,0,NA,1245,4149,4097,52,62,4087,2032,1596,436,203,1829,298,298,0,NA,298,2032,2028,4,125,1907,1497,1497,0,NA,1497,1482,1482,NA,NA,1482,1895,1700,195,322,1573,2076,2000,76,1628,448,2403,2403,0,0,2403,1740,1740,0,105,1635,2425,2425,0,52,2373,1377,1377,NA,NA,1377,1848,1768,80,72,1776,1909,1908,1,NA,1909,5196,5124,72,138,5058,1277,1114,163,NA,1277,1550,1376,174,121,1429,3038,2603,435,46,2992,2046,1510,536,143,1903,1187,1057,130,NA,1187
M9 [CHILD IMMUNISATION],9.1.7,Child immunisation - Pentavalent 2,TOTAL,55206,52855,2351,3490,51716,1265,1262,3,NA,1265,3222,3219,3,NA,3222,1405,1355,50,186,1219,3845,3760,85,259,3586,755,755,NA,NA,755,1733,1721,12,NA,1733,1389,1389,0,NA,1389,3771,3699,72,71,3700,1916,1482,434,222,1694,260,260,0,NA,260,2049,2047,2,127,1922,1621,1621,0,NA,1621,1320,1320,NA,NA,1320,2061,1884,177,314,1747,2106,2069,37,1666,440,2603,2603,0,0,2603,1815,1815,0,97,1718,2305,2305,0,45,2260,1366,1366,NA,NA,1366,1843,1765,78,79,1764,1971,1970,1,NA,1971,5168,5092,76,125,5043,1251,1114,137,NA,1251,1725,1554,171,91,1634,3078,2729,349,54,3024,2136,1564,572,154,1982,1227,1135,92,NA,1227
M9 [CHILD IMMUNISATION],9.1.8,Child immunisation - Pentavalent 3,TOTAL,47598,45532,2066,3337,44261,1098,1097,1,NA,1098,2788,2785,3,NA,2788,1216,1166,50,173,1043,3751,3619,132,319,3432,650,650,NA,NA,650,1564,1559,5,NA,1564,1014,1014,0,NA,1014,3252,3207,45,70,3182,1647,1247,400,221,1426,257,257,0,NA,257,1775,1772,3,121,1654,1323,1323,0,NA,1323,1200,1200,NA,NA,1200,1692,1540,152,261,1431,1951,1922,29,1625,326,2219,2219,0,0,2219,1569,1569,0,85,1484,1997,1997,0,38,1959,1218,1218,NA,NA,1218,1598,1493,105,69,1529,1670,1670,0,NA,1670,4504,4442,62,78,4426,1053,916,137,NA,1053,1325,1200,125,85,1240,2578,2286,292,48,2530,1710,1286,424,144,1566,979,878,101,NA,979
M9 [CHILD IMMUNISATION],9.1.9,Child immunisation - OPV 0 (Birth Dose),TOTAL,31975,28160,3815,3432,28543,349,349,0,NA,349,1423,1355,68,NA,1423,732,672,60,84,648,2756,2208,548,746,2010,190,190,NA,NA,190,687,687,0,NA,687,784,784,0,NA,784,1782,1782,0,19,1763,2043,1484,559,378,1665,206,206,0,NA,206,1203,1179,24,57,1146,1016,972,44,NA,1016,732,732,NA,NA,732,1418,1226,192,265,1153,2303,1219,1084,1127,1176,629,629,0,0,629,776,776,NA,0,776,1646,1436,210,0,1646,908,908,NA,NA,908,1059,1056,3,567,492,715,715,0,NA,715,3634,3317,317,87,3547,761,347,414,NA,761,912,899,13,0,912,1806,1652,154,78,1728,991,910,81,24,967,514,470,44,NA,514
M9 [CHILD IMMUNISATION],9.1.10,Child immunisation - OPV1,TOTAL,58320,56128,2192,3279,55041,1414,1411,3,NA,1414,3350,3345,5,NA,3350,1352,1292,60,158,1194,5474,5387,87,281,5193,672,672,NA,NA,672,1612,1612,0,NA,1612,1386,1386,0,NA,1386,4296,4244,52,62,4234,2072,1595,477,215,1857,298,298,0,NA,298,2534,2530,4,133,2401,1720,1720,0,NA,1720,2207,2207,NA,NA,2207,2482,2287,195,434,2048,1520,1442,78,1279,241,2188,2188,0,0,2188,1745,1745,0,105,1640,3329,3327,2,54,3275,1364,1364,NA,NA,1364,1857,1789,68,80,1777,2251,2250,1,NA,2251,5141,5078,63,138,5003,1021,858,163,NA,1021,1380,1262,118,129,1251,2385,2084,301,46,2339,1877,1481,396,165,1712,1393,1274,119,NA,1393
M9 [CHILD IMMUNISATION],9.1.11,Child immunisation - OPV2,TOTAL,55007,53043,1964,3289,51718,1153,1151,2,NA,1153,3070,3067,3,NA,3070,1453,1403,50,186,1267,5108,5030,78,281,4827,625,625,NA,NA,625,1512,1509,3,NA,1512,1437,1437,0,NA,1437,3807,3735,72,71,3736,1855,1436,419,215,1640,260,260,0,NA,260,2264,2262,2,119,2145,1681,1681,0,NA,1681,1763,1763,NA,NA,1763,2338,2161,177,429,1909,1546,1524,22,1297,249,2131,2131,0,0,2131,1821,1821,0,97,1724,2837,2837,0,45,2792,1353,1353,NA,NA,1353,1870,1803,67,115,1755,2252,2251,1,NA,2252,5096,5023,73,125,4971,915,778,137,NA,915,1470,1359,111,90,1380,2482,2213,269,54,2428,1747,1352,395,165,1582,1161,1078,83,NA,1161
M9 [CHILD IMMUNISATION],9.1.12,Child immunisation - OPV3,TOTAL,47115,45305,1810,3091,44024,974,972,2,NA,974,2652,2649,3,NA,2652,1253,1203,50,173,1080,4961,4843,118,319,4642,557,557,NA,NA,557,1263,1262,1,NA,1263,979,979,0,NA,979,3270,3225,45,70,3200,1614,1176,438,217,1397,257,257,0,NA,257,1900,1897,3,114,1786,1376,1376,0,NA,1376,1610,1610,NA,NA,1610,2180,2028,152,428,1752,1433,1404,29,1256,177,1740,1740,0,0,1740,1567,1567,0,85,1482,2531,2531,0,38,2493,1202,1202,NA,NA,1202,1562,1468,94,42,1520,1831,1831,0,NA,1831,4275,4218,57,78,4197,768,631,137,NA,768,1134,1051,83,78,1056,2043,1827,216,48,1995,1292,997,295,145,1147,891,804,87,NA,891
M9 [CHILD IMMUNISATION],9.1.13,Child immunisation - Hepatitis-B0 (Birth Dose),TOTAL,30282,27803,2479,1935,28347,415,415,0,NA,415,1486,1418,68,NA,1486,636,571,65,67,569,2651,1932,719,579,2072,185,185,NA,NA,185,906,906,0,NA,906,780,780,0,NA,780,1930,1930,0,19,1911,1753,1260,493,375,1378,188,185,3,NA,188,905,905,0,33,872,877,833,44,NA,877,766,766,NA,NA,766,1256,1064,192,189,1067,862,805,57,138,724,1006,1006,0,0,1006,904,904,NA,0,904,1729,1470,259,23,1706,934,934,NA,NA,934,1140,1140,0,373,767,682,682,0,NA,682,3433,3213,220,37,3396,769,635,134,NA,769,762,762,0,0,762,2039,1897,142,78,1961,797,757,40,24,773,491,448,43,NA,491
M9 [CHILD IMMUNISATION],9.1.14,Child immunisation - Hepatitis-B1,TOTAL,114,80,34,34,80,0,0,0,NA,0,0,0,NA,NA,0,0,0,NA,NA,0,0,0,0,0,0,0,0,NA,NA,0,0,0,0,NA,0,0,0,0,NA,0,9,9,0,0,9,0,0,0,0,0,0,0,0,NA,0,9,0,9,9,0,0,0,0,NA,0,0,0,NA,NA,0,0,0,0,0,0,25,0,25,25,0,0,0,0,0,0,0,0,NA,0,0,0,0,0,0,0,0,0,NA,NA,0,0,0,0,0,0,0,0,NA,NA,0,71,71,0,0,71,0,0,0,NA,0,0,0,0,0,0,0,0,0,0,0,0,0,0,0,0,0,0,0,NA,0
M9 [CHILD IMMUNISATION],9.1.15,Child immunisation - Hepatitis-B2,TOTAL,65,49,16,16,49,0,0,0,NA,0,0,0,NA,NA,0,0,0,NA,NA,0,0,0,0,0,0,0,0,NA,NA,0,0,0,0,NA,0,0,0,0,NA,0,2,2,0,0,2,0,0,0,0,0,0,0,0,NA,0,3,0,3,3,0,0,0,0,NA,0,0,0,NA,NA,0,0,0,0,0,0,13,0,13,13,0,0,0,0,0,0,0,0,NA,0,0,0,0,0,0,0,0,0,NA,NA,0,0,0,0,0,0,0,0,NA,NA,0,47,47,0,0,47,0,0,0,NA,0,0,0,0,0,0,0,0,0,0,0,0,0,0,0,0,0,0,0,NA,0
M9 [CHILD IMMUNISATION],9.1.16,Child immunisation - Hepatitis-B3,TOTAL,57,50,7,7,50,0,0,0,NA,0,0,0,NA,NA,0,0,0,NA,NA,0,0,0,0,0,0,0,0,NA,NA,0,0,0,0,NA,0,0,0,0,NA,0,3,3,0,0,3,0,0,0,0,0,0,0,0,NA,0,0,0,0,0,0,0,0,0,NA,0,0,0,NA,NA,0,0,0,0,0,0,7,0,7,7,0,0,0,0,0,0,0,0,NA,0,0,0,0,0,0,0,0,0,NA,NA,0,0,0,0,0,0,0,0,NA,NA,0,47,47,0,0,47,0,0,0,NA,0,0,0,0,0,0,0,0,0,0,0,0,0,0,0,0,0,0,0,NA,0
M9 [CHILD IMMUNISATION],9.1.17,Child immunisation - Inactivated Polio Vaccine 1 (IPV 1),TOTAL,42969,41563,1406,2649,40320,1176,1176,0,NA,1176,2271,2266,5,NA,2271,1215,1169,46,144,1071,3087,3086,1,247,2840,533,533,NA,NA,533,1306,1305,1,NA,1306,1004,1004,0,NA,1004,3564,3513,51,62,3502,1574,1258,316,224,1350,298,298,0,NA,298,1640,1636,4,125,1515,869,869,0,NA,869,1559,1559,NA,NA,1559,1444,1438,6,170,1274,1361,1335,26,1035,326,1452,1452,0,0,1452,1586,1586,NA,105,1481,1912,1912,0,52,1860,1296,1296,NA,NA,1296,1550,1495,55,72,1478,1560,1559,1,NA,1560,3748,3684,64,131,3617,1014,899,115,NA,1014,1082,1006,76,99,983,2376,2130,246,46,2330,1511,1205,306,137,1374,981,894,87,NA,981
M9 [CHILD IMMUNISATION],9.1.18,Child immunisation - Inactivated Polio Vaccine 2 (IPV 2),TOTAL,35796,34741,1055,2458,33338,922,922,0,NA,922,1835,1832,3,NA,1835,1098,1090,8,125,973,2684,2683,1,302,2382,479,479,NA,NA,479,1102,1100,2,NA,1102,852,852,0,NA,852,2706,2672,34,70,2636,1052,802,250,177,875,257,257,0,NA,257,1410,1407,3,111,1299,747,747,0,NA,747,1245,1245,NA,NA,1245,1288,1281,7,117,1171,1271,1260,11,1040,231,1348,1348,0,0,1348,1428,1428,NA,85,1343,1507,1507,0,38,1469,1079,1079,NA,NA,1079,1415,1329,86,69,1346,1320,1320,0,NA,1320,3108,3079,29,69,3039,874,776,98,NA,874,865,802,63,73,792,1935,1803,132,48,1887,1166,917,249,134,1032,803,724,79,NA,803
M9 [CHILD IMMUNISATION],9.1.19,Child immunisation - Rotavirus 1,TOTAL,54134,52190,1944,3220,50914,1364,1364,0,NA,1364,3282,3277,5,NA,3282,1253,1245,8,106,1147,4018,3917,101,281,3737,746,746,NA,NA,746,1794,1787,7,NA,1794,1244,1244,0,NA,1244,4168,4116,52,62,4106,2033,1594,439,205,1828,298,298,0,NA,298,2091,2087,4,133,1958,1472,1472,0,NA,1472,1515,1515,NA,NA,1515,1605,1567,38,180,1425,2049,1975,74,1577,472,2618,2618,0,0,2618,1758,1758,0,105,1653,2600,2600,0,52,2548,1370,1370,NA,NA,1370,1840,1760,80,72,1768,2125,2124,1,NA,2125,5011,4939,72,138,4873,1355,1192,163,NA,1355,681,627,54,120,561,2871,2513,358,46,2825,1756,1398,358,143,1613,1217,1087,130,NA,1217
M9 [CHILD IMMUNISATION],9.1.20,Child immunisation - Rotavirus 2,TOTAL,53363,51566,1797,3252,50111,1252,1252,0,NA,1252,3126,3123,3,NA,3126,1369,1360,9,145,1224,3831,3746,85,259,3572,735,735,NA,NA,735,1741,1732,9,NA,1741,1369,1369,0,NA,1369,3770,3698,72,71,3699,1918,1500,418,226,1692,260,260,0,NA,260,2052,2050,2,127,1925,1539,1539,0,NA,1539,1381,1381,NA,NA,1381,1681,1643,38,178,1503,2043,2011,32,1601,442,2781,2781,0,0,2781,1790,1790,0,97,1693,2398,2398,0,45,2353,1358,1358,NA,NA,1358,1849,1771,78,83,1766,2273,2272,1,NA,2273,4972,4896,76,125,4847,1286,1149,137,NA,1286,660,608,52,87,573,2989,2650,339,54,2935,1665,1311,354,154,1511,1275,1183,92,NA,1275
M9 [CHILD IMMUNISATION],9.1.21,Child immunisation - Rotavirus 3,TOTAL,45737,44076,1661,3130,42607,1076,1076,0,NA,1076,2704,2701,3,NA,2704,1178,1170,8,131,1047,3692,3560,132,319,3373,619,619,NA,NA,619,1527,1524,3,NA,1527,1011,1011,0,NA,1011,3239,3194,45,70,3169,1609,1208,401,222,1387,257,257,0,NA,257,1788,1785,3,121,1667,1242,1242,0,NA,1242,1262,1262,NA,NA,1262,1472,1435,37,153,1319,1925,1892,33,1584,341,2244,2244,0,0,2244,1567,1567,NA,85,1482,2078,2078,0,38,2040,1206,1206,NA,NA,1206,1576,1471,105,60,1516,1705,1705,0,NA,1705,4265,4203,62,78,4187,1062,925,137,NA,1062,588,545,43,77,511,2532,2263,269,48,2484,1342,1062,280,144,1198,971,871,100,NA,971
M9 [CHILD IMMUNISATION],9.2.1,Child immunisation (9-11months) - Measles & Rubella (MR)- 1st Dose,TOTAL,56726,54765,1961,4859,51867,1232,1230,2,NA,1232,3097,3095,2,NA,3097,1258,1196,62,153,1105,7286,7201,85,430,6856,798,798,NA,NA,798,1547,1542,5,NA,1547,820,820,0,NA,820,3685,3624,61,98,3587,1750,1324,426,235,1515,289,289,0,NA,289,2132,2126,6,155,1977,1641,1641,0,NA,1641,1421,1421,NA,NA,1421,1664,1630,34,195,1469,3505,3471,34,2859,646,2445,2445,0,0,2445,1597,1597,NA,76,1521,2315,2315,0,46,2269,1283,1283,NA,NA,1283,2136,2046,90,90,2046,1758,1756,2,NA,1758,4585,4528,57,162,4423,1122,992,130,NA,1122,1475,1321,154,135,1340,2943,2621,322,88,2855,1717,1326,391,137,1580,1225,1127,98,NA,1225
M9 [CHILD IMMUNISATION],9.2.2,Child immunisation (9-11months) - Measles 1st dose,TOTAL,1208,1180,28,28,1180,15,15,0,NA,15,0,0,NA,NA,0,0,0,NA,NA,0,0,0,0,0,0,18,18,NA,NA,18,0,0,0,NA,0,0,0,0,NA,0,29,29,0,0,29,0,0,0,0,0,0,0,0,NA,0,0,0,0,0,0,55,55,0,NA,55,0,0,NA,NA,0,42,14,28,28,14,0,0,0,0,0,0,0,0,0,0,0,0,0,0,0,23,23,0,0,23,0,0,NA,NA,0,52,52,0,0,52,0,0,0,NA,0,974,974,0,0,974,0,0,NA,NA,0,0,0,0,0,0,0,0,0,0,0,0,0,0,0,0,0,0,0,NA,0
M9 [CHILD IMMUNISATION],9.2.3,Child immunisation (9-11months) - JE 1st dose,TOTAL,53432,51495,1937,3768,49664,942,940,2,NA,942,2557,2557,NA,NA,2557,1307,1285,22,113,1194,7312,7227,85,430,6882,21,21,NA,NA,21,1986,1980,6,NA,1986,1122,1122,0,NA,1122,1179,1179,0,91,1088,2113,1581,532,259,1854,200,200,0,NA,200,620,616,4,0,620,1967,1967,0,NA,1967,1912,1912,NA,NA,1912,1713,1707,6,167,1546,2662,2622,40,2015,647,4715,4715,0,0,4715,1576,1576,0,76,1500,869,869,0,85,784,1219,1219,NA,NA,1219,2234,2138,96,103,2131,2515,2513,2,NA,2515,5151,5085,66,152,4999,1251,1120,131,NA,1251,1578,1426,152,136,1442,2538,2241,297,3,2535,1783,1342,441,138,1645,390,335,55,NA,390
M9 [CHILD IMMUNISATION],9.2.4.a,Children aged between 9 and 11 months fully immunized- Male,TOTAL,29813,28801,1012,2402,27411,656,655,1,NA,656,1646,1645,1,NA,1646,659,626,33,83,576,3749,3703,46,213,3536,382,382,NA,NA,382,819,818,1,NA,819,442,442,0,NA,442,1949,1916,33,45,1904,878,667,211,117,761,134,134,0,NA,134,1067,1066,1,60,1007,850,850,0,NA,850,725,725,NA,NA,725,897,871,26,114,783,1721,1717,4,1418,303,1285,1285,0,0,1285,818,818,0,40,778,1214,1214,0,20,1194,685,685,NA,NA,685,1111,1052,59,16,1095,860,859,1,NA,860,2916,2896,20,85,2831,580,517,63,NA,580,765,687,78,69,696,1467,1305,162,54,1413,913,692,221,68,845,625,574,51,NA,625
M9 [CHILD IMMUNISATION],9.2.4.b,Children aged between 9 and 11 months fully immunized - Female,TOTAL,27812,26852,960,2345,25467,606,605,1,NA,606,1457,1456,1,NA,1457,599,570,29,70,529,3577,3538,39,217,3360,349,349,NA,NA,349,721,717,4,NA,721,421,421,0,NA,421,1755,1727,28,45,1710,851,625,226,118,733,152,152,0,NA,152,1001,996,5,52,949,798,798,0,NA,798,697,697,NA,NA,697,748,714,34,107,641,1653,1650,3,1390,263,1160,1160,0,0,1160,779,779,0,36,743,1120,1120,0,26,1094,644,644,NA,NA,644,1045,994,51,17,1028,898,897,1,NA,898,2623,2605,18,74,2549,545,478,67,NA,545,705,629,76,66,639,1516,1350,166,58,1458,799,635,164,69,730,593,546,47,NA,593
M9 [CHILD IMMUNISATION],9.3.1,Child immunisation - Measles & Rubella (MR)- 1st Dose,TOTAL,5454,5370,84,3279,2175,8,8,0,NA,8,505,502,3,NA,505,23,23,NA,NA,23,161,161,0,0,161,55,55,NA,NA,55,38,35,3,NA,38,17,17,0,NA,17,118,118,0,0,118,25,24,1,0,25,26,26,0,NA,26,148,148,0,106,42,137,137,0,NA,137,0,0,NA,NA,0,3006,2974,32,2942,64,182,171,11,160,22,32,32,0,0,32,91,91,NA,14,77,59,59,0,1,58,148,148,NA,NA,148,90,90,0,55,35,10,10,NA,NA,10,327,321,6,0,327,17,17,0,NA,17,9,9,0,0,9,121,100,21,1,120,17,15,2,0,17,84,79,5,NA,84
M9 [CHILD IMMUNISATION],9.3.2,Child immunisation - Measles-1st dose,TOTAL,94,93,1,0,94,1,1,0,NA,1,26,26,NA,NA,26,0,0,NA,NA,0,0,0,0,0,0,0,0,NA,NA,0,0,0,0,NA,0,0,0,0,NA,0,13,13,0,0,13,2,1,1,0,2,0,0,0,NA,0,0,0,0,0,0,0,0,0,NA,0,0,0,NA,NA,0,0,0,0,0,0,0,0,0,0,0,0,0,0,0,0,0,0,NA,0,0,0,0,0,0,0,0,0,NA,NA,0,0,0,0,0,0,0,0,NA,NA,0,52,52,0,0,52,0,0,0,NA,0,0,0,0,0,0,0,0,0,0,0,0,0,0,0,0,0,0,0,NA,0
M9 [CHILD IMMUNISATION],9.3.3,Child immunisation - JE 1st dose,TOTAL,2925,2833,92,259,2666,18,18,0,NA,18,360,360,NA,NA,360,21,21,NA,NA,21,697,680,17,16,681,4,4,NA,NA,4,18,15,3,NA,18,37,37,0,NA,37,68,68,0,0,68,55,54,1,0,55,22,22,0,NA,22,0,0,0,0,0,72,72,0,NA,72,39,39,NA,NA,39,126,96,30,30,96,138,122,16,117,21,342,342,0,0,342,74,74,NA,14,60,8,8,0,1,7,143,143,NA,NA,143,109,109,0,78,31,26,26,NA,NA,26,320,314,6,0,320,41,41,0,NA,41,20,20,0,0,20,106,92,14,3,103,22,22,0,0,22,39,34,5,NA,39
M9 [CHILD IMMUNISATION],9.4.1,Child immunisation - Measles & Rubella (MR)- 2nd Dose (16-24 months),TOTAL,45226,44003,1223,3203,42023,990,988,2,NA,990,2464,2462,2,NA,2464,1071,1064,7,96,975,4528,4510,18,393,4135,647,647,NA,NA,647,1303,1302,1,NA,1303,764,764,0,NA,764,3106,3049,57,63,3043,1380,1115,265,211,1169,204,204,0,NA,204,1751,1750,1,89,1662,1276,1276,0,NA,1276,1143,1143,NA,NA,1143,1386,1357,29,154,1232,2071,2060,11,1666,405,2564,2564,0,0,2564,1421,1421,NA,71,1350,2052,2052,0,49,2003,959,959,NA,NA,959,1708,1621,87,70,1638,1762,1762,0,NA,1762,4039,3992,47,131,3908,944,859,85,NA,944,1130,1031,99,87,1043,2231,2033,198,0,2231,1317,1074,243,123,1194,1015,944,71,NA,1015
M9 [CHILD IMMUNISATION],9.4.2,Child immunisation - Measles 2nd dose (More than 16 months),TOTAL,1597,1576,21,60,1537,12,12,0,NA,12,122,122,NA,NA,122,0,0,NA,NA,0,0,0,0,0,0,7,7,NA,NA,7,0,0,0,NA,0,61,61,0,NA,61,70,70,0,40,30,31,21,10,0,31,3,3,0,NA,3,0,0,0,0,0,9,9,0,NA,9,7,7,NA,NA,7,17,17,0,0,17,13,13,0,0,13,0,0,0,0,0,0,0,0,0,0,4,4,0,0,4,97,97,NA,NA,97,24,24,0,13,11,0,0,0,NA,0,1064,1053,11,0,1064,20,20,0,NA,20,3,3,0,0,3,8,8,0,7,1,0,0,0,0,0,25,25,0,NA,25
M9 [CHILD IMMUNISATION],9.4.3,Child immunisation - DPT 1st Booster,TOTAL,46819,45424,1395,3858,42961,994,992,2,NA,994,2540,2540,NA,NA,2540,1066,1059,7,96,970,4250,4216,34,407,3843,663,663,NA,NA,663,1430,1426,4,NA,1430,860,860,0,NA,860,3129,3072,57,63,3066,1562,1238,324,204,1358,209,209,0,NA,209,1776,1775,1,104,1672,1268,1268,0,NA,1268,1130,1130,NA,NA,1130,1399,1362,37,162,1237,2638,2631,7,2214,424,2291,2291,0,0,2291,1430,1430,0,71,1359,1981,1981,0,49,1932,1085,1085,NA,NA,1085,1763,1676,87,70,1693,1702,1701,1,NA,1702,4840,4816,24,131,4709,994,879,115,NA,994,1128,1038,90,83,1045,2472,2225,247,114,2358,1158,874,284,90,1068,1061,987,74,NA,1061
M9 [CHILD IMMUNISATION],9.4.4,Child immunisation - OPV Booster,TOTAL,46929,45756,1173,3472,43457,951,949,2,NA,951,2368,2368,NA,NA,2368,1072,1065,7,96,976,4421,4389,32,407,4014,578,578,NA,NA,578,1383,1382,1,NA,1383,886,886,0,NA,886,3193,3136,57,63,3130,1520,1204,316,194,1326,209,209,0,NA,209,2097,2091,6,104,1993,1296,1296,0,NA,1296,1579,1579,NA,NA,1579,1384,1381,3,128,1256,2124,2117,7,1819,305,2177,2177,0,0,2177,1437,1437,0,71,1366,2436,2436,0,72,2364,1044,1044,NA,NA,1044,1796,1709,87,103,1693,2023,2023,0,NA,2023,4894,4870,24,131,4763,800,684,116,NA,800,1025,966,59,80,945,2099,1915,184,114,1985,1075,867,208,90,985,1062,998,64,NA,1062
M9 [CHILD IMMUNISATION],9.4.5,"Child immunisation - Measles, Mumps, Rubella (MMR) Vaccine",TOTAL,145,45,100,92,53,0,0,0,NA,0,0,0,NA,NA,0,0,0,NA,NA,0,49,0,49,41,8,0,0,NA,NA,0,0,0,0,NA,0,0,0,0,NA,0,10,10,0,0,10,3,3,0,0,3,0,0,0,NA,0,0,0,0,0,0,0,0,0,NA,0,0,0,NA,NA,0,32,0,32,32,0,14,0,14,14,0,0,0,0,0,0,0,0,NA,0,0,0,0,0,0,0,0,0,NA,NA,0,19,19,0,0,19,0,0,0,NA,0,12,12,0,0,12,1,1,0,NA,1,0,0,0,0,0,5,0,5,5,0,0,0,0,0,0,0,0,0,NA,0
M9 [CHILD IMMUNISATION],9.4.6,Number of children more than 16 months of age who received Japanese Encephalitis (JE) vaccine,TOTAL,37340,36190,1150,2691,34649,551,549,2,NA,551,1485,1485,NA,NA,1485,933,926,7,96,837,4293,4254,39,414,3879,3,3,NA,NA,3,1350,1347,3,NA,1350,656,656,0,NA,656,890,890,0,37,853,1688,1344,344,225,1463,132,132,0,NA,132,469,469,0,0,469,1282,1282,0,NA,1282,1371,1371,NA,NA,1371,1325,1322,3,128,1197,1743,1743,0,1354,389,3695,3695,0,0,3695,1395,1395,0,71,1324,648,648,0,96,552,880,880,NA,NA,880,1792,1693,99,84,1708,2203,2203,0,NA,2203,3390,3356,34,39,3351,1019,902,117,NA,1019,971,917,54,17,954,1623,1466,157,0,1623,1275,1013,262,130,1145,278,249,29,NA,278
M9 [CHILD IMMUNISATION],9.5.1,Child immunisation - Typhoid,TOTAL,250,20,230,145,105,0,0,0,NA,0,0,0,NA,NA,0,0,0,NA,NA,0,73,0,73,67,6,0,0,NA,NA,0,0,0,0,NA,0,0,0,0,NA,0,0,0,0,0,0,0,0,0,0,0,0,0,0,NA,0,0,0,0,0,0,0,0,0,NA,0,0,0,NA,NA,0,32,0,32,32,0,40,17,23,40,0,0,0,0,0,0,0,0,NA,0,0,0,0,0,0,0,0,0,NA,NA,0,0,0,0,0,0,0,0,NA,NA,0,3,3,0,0,3,96,0,96,NA,96,0,0,0,0,0,6,0,6,6,0,0,0,0,0,0,0,0,0,NA,0
M9 [CHILD IMMUNISATION],9.5.2,Children more than 5 years received DPT5 (2nd Booster),TOTAL,27000,26215,785,2287,24713,671,671,0,NA,671,1245,1245,NA,NA,1245,449,436,13,77,372,2059,2042,17,14,2045,292,292,NA,NA,292,1023,1010,13,NA,1023,485,485,0,NA,485,1375,1361,14,49,1326,1298,1064,234,134,1164,88,88,0,NA,88,741,739,2,49,692,866,866,0,NA,866,918,918,NA,NA,918,1404,1376,28,152,1252,1609,1603,6,1317,292,1296,1296,0,0,1296,578,578,0,78,500,1008,1008,0,35,973,579,579,NA,NA,579,840,811,29,68,772,1217,1217,0,NA,1217,2214,2192,22,98,2116,653,597,56,NA,653,932,880,52,85,847,1685,1507,178,43,1642,737,672,65,88,649,738,682,56,NA,738
M9 [CHILD IMMUNISATION],9.5.3,Children more than 10 years received TT10,TOTAL,18697,18095,602,1603,17094,333,333,0,NA,333,900,900,NA,NA,900,268,256,12,57,211,1582,1576,6,3,1579,134,134,NA,NA,134,711,704,7,NA,711,244,244,0,NA,244,1102,1094,8,16,1086,688,568,120,74,614,60,60,0,NA,60,488,486,2,41,447,569,569,0,NA,569,682,682,NA,NA,682,1115,1092,23,115,1000,1109,1102,7,949,160,829,829,0,0,829,486,486,0,65,421,969,967,2,27,942,405,405,NA,NA,405,536,514,22,38,498,918,918,0,NA,918,1484,1473,11,37,1447,426,395,31,NA,426,620,593,27,91,529,1080,931,149,25,1055,605,458,147,65,540,354,326,28,NA,354
M9 [CHILD IMMUNISATION],9.5.4,Children more than 16 years received TT16,TOTAL,13219,12734,485,1139,12080,183,183,0,NA,183,726,726,NA,NA,726,126,124,2,37,89,1160,1158,2,0,1160,96,96,NA,NA,96,633,628,5,NA,633,145,145,0,NA,145,823,818,5,4,819,217,153,64,24,193,40,40,0,NA,40,363,363,0,33,330,328,328,0,NA,328,565,565,NA,NA,565,860,854,6,68,792,860,859,1,768,92,472,472,0,0,472,428,428,0,64,364,772,772,0,40,732,348,348,NA,NA,348,333,319,14,17,316,672,672,0,NA,672,1004,985,19,8,996,296,287,9,NA,296,346,324,22,42,304,871,650,221,14,857,339,243,96,20,319,213,194,19,NA,213
M9 [CHILD IMMUNISATION],9.6.1,Number of cases of AEFI - Abscess,TOTAL,17,17,0,0,17,1,1,0,NA,1,9,9,NA,NA,9,0,0,NA,NA,0,0,0,0,0,0,0,0,NA,NA,0,5,5,0,NA,5,0,0,0,NA,0,0,0,0,0,0,0,0,0,0,0,0,0,0,NA,0,0,0,0,0,0,0,0,0,NA,0,0,0,NA,NA,0,0,0,0,0,0,0,0,0,0,0,0,0,0,0,0,0,0,0,0,0,0,0,0,0,0,0,0,NA,NA,0,0,0,0,0,0,0,0,NA,NA,0,0,0,0,0,0,0,0,0,NA,0,0,0,0,0,0,0,0,0,0,0,0,0,0,0,0,2,2,0,NA,2
M9 [CHILD IMMUNISATION],9.6.2,Number of cases of AEFI - Death,TOTAL,2,2,0,0,2,0,0,0,NA,0,0,0,NA,NA,0,0,0,NA,NA,0,0,0,0,0,0,0,0,NA,NA,0,0,0,0,NA,0,0,0,0,NA,0,0,0,0,0,0,0,0,0,0,0,0,0,0,NA,0,0,0,0,0,0,0,0,0,NA,0,0,0,NA,NA,0,0,0,0,0,0,0,0,0,0,0,0,0,0,0,0,0,0,0,0,0,0,0,0,0,0,0,0,NA,NA,0,0,0,0,0,0,0,0,NA,NA,0,0,0,0,0,0,0,0,0,NA,0,0,0,0,0,0,2,2,0,0,2,0,0,0,0,0,0,0,0,NA,0
M9 [CHILD IMMUNISATION],9.6.3,Number of cases of AEFI - Others,TOTAL,603,603,0,11,592,135,135,0,NA,135,115,115,NA,NA,115,0,0,NA,NA,0,0,0,0,0,0,0,0,NA,NA,0,77,77,0,NA,77,40,40,0,NA,40,3,3,0,0,3,0,0,0,0,0,15,15,0,NA,15,0,0,0,0,0,0,0,0,NA,0,0,0,NA,NA,0,7,7,0,1,6,17,17,0,10,7,23,23,0,0,23,3,3,0,0,3,0,0,0,0,0,52,52,NA,NA,52,9,9,0,0,9,0,0,NA,NA,0,8,8,0,0,8,52,52,0,NA,52,0,0,0,0,0,17,17,0,0,17,0,0,0,0,0,30,30,0,NA,30
M9 [CHILD IMMUNISATION],9.7.1,Immunisation sessions planned,TOTAL,28493,27743,750,1241,27252,803,803,0,NA,803,1390,1390,NA,NA,1390,644,644,NA,24,620,1828,1823,5,68,1760,477,477,NA,NA,477,813,811,2,NA,813,656,656,0,NA,656,1786,1757,29,42,1744,988,829,159,82,906,409,409,0,NA,409,992,990,2,66,926,1124,1124,0,NA,1124,666,666,NA,NA,666,1071,1071,0,92,979,674,674,0,497,177,1073,1073,0,0,1073,1240,1240,0,37,1203,1161,1161,0,16,1145,1010,1010,NA,NA,1010,1235,1185,50,159,1076,960,959,1,NA,960,2124,2094,30,49,2075,730,730,0,NA,730,1142,1068,74,20,1122,1747,1569,178,39,1708,992,823,169,50,942,758,707,51,NA,758
M9 [CHILD IMMUNISATION],9.7.2,Immunisation sessions held,TOTAL,27902,27169,733,1186,26716,799,799,0,NA,799,1383,1383,NA,NA,1383,631,631,NA,24,607,1817,1812,5,68,1749,465,465,NA,NA,465,807,805,2,NA,807,646,646,0,NA,646,1759,1730,29,34,1725,985,828,157,82,903,383,383,0,NA,383,958,956,2,65,893,1122,1122,0,NA,1122,649,649,NA,NA,649,1048,1048,0,88,960,673,673,0,496,177,1065,1065,0,0,1065,1212,1212,0,36,1176,1125,1125,0,16,1109,971,971,NA,NA,971,1170,1123,47,124,1046,931,930,1,NA,931,2051,2021,30,49,2002,724,724,0,NA,724,1126,1053,73,18,1108,1679,1508,171,36,1643,981,815,166,50,931,742,692,50,NA,742
M9 [CHILD IMMUNISATION],9.7.3,Number of Immunisation sessions where ASHAs were present,TOTAL,27571,26866,705,1097,26474,801,801,0,NA,801,1379,1379,NA,NA,1379,588,588,NA,24,564,1776,1775,1,68,1708,501,501,NA,NA,501,801,799,2,NA,801,622,622,0,NA,622,1721,1692,29,34,1687,977,828,149,82,895,364,364,0,NA,364,958,956,2,65,893,1120,1120,0,NA,1120,643,643,NA,NA,643,975,975,0,45,930,659,659,0,482,177,1065,1065,0,0,1065,1206,1206,0,36,1170,1102,1102,0,16,1086,998,998,NA,NA,998,1125,1083,42,98,1027,928,927,1,NA,928,2036,2020,16,47,1989,682,682,0,NA,682,1125,1052,73,18,1107,1673,1504,169,36,1637,1008,839,169,46,962,738,686,52,NA,738
M9 [CHILD IMMUNISATION],9.8.1,Child immunisation - Vitamin A Dose - 1,TOTAL,46763,45500,1263,1598,45165,878,878,0,NA,878,2924,2924,NA,NA,2924,815,815,NA,24,791,5282,5272,10,348,4934,683,683,NA,NA,683,1026,1025,1,NA,1026,907,907,0,NA,907,3740,3679,61,98,3642,790,621,169,7,783,280,280,0,NA,280,2063,2057,6,132,1931,1163,1163,0,NA,1163,1353,1353,NA,NA,1353,1495,1489,6,167,1328,573,573,0,135,438,1870,1870,0,0,1870,1313,1313,0,76,1237,2365,2362,3,46,2319,1337,1337,NA,NA,1337,1847,1770,77,70,1777,1658,1656,2,NA,1658,5212,5158,54,143,5069,870,761,109,NA,870,1341,1199,142,135,1206,2760,2523,237,88,2672,1495,1170,325,129,1366,723,662,61,NA,723
M9 [CHILD IMMUNISATION],9.8.2,Child immunisation - Vitamin A Dose - 5,TOTAL,16978,16458,520,730,16248,261,261,0,NA,261,1053,1053,NA,NA,1053,151,151,NA,6,145,1520,1517,3,224,1296,113,113,NA,NA,113,517,515,2,NA,517,209,209,0,NA,209,1659,1640,19,14,1645,249,216,33,6,243,101,101,0,NA,101,565,563,2,24,541,349,349,0,NA,349,548,548,NA,NA,548,860,855,5,79,781,96,96,0,31,65,577,577,0,0,577,360,360,0,41,319,859,856,3,22,837,393,393,NA,NA,393,705,549,156,23,682,665,665,0,NA,665,2189,2164,25,56,2133,261,206,55,NA,261,794,760,34,153,641,1144,1067,77,18,1126,539,448,91,33,506,241,226,15,NA,241
M9 [CHILD IMMUNISATION],9.8.3,Child immunisation - Vitamin A Dose - 9,TOTAL,20626,20120,506,956,19670,418,418,0,NA,418,1230,1230,NA,NA,1230,191,191,NA,18,173,1643,1640,3,203,1440,180,180,NA,NA,180,665,662,3,NA,665,403,403,0,NA,403,1721,1706,15,15,1706,507,418,89,4,503,78,78,0,NA,78,671,669,2,41,630,427,427,0,NA,427,582,582,NA,NA,582,1196,1190,6,91,1105,288,288,0,72,216,890,890,0,0,890,443,443,0,75,368,843,843,0,20,823,528,528,NA,NA,528,705,604,101,54,651,980,980,0,NA,980,2345,2316,29,40,2305,429,397,32,NA,429,898,865,33,248,650,1305,1241,64,42,1263,685,592,93,33,652,375,339,36,NA,375
M9 [CHILD IMMUNISATION],9.9,Number of children (6-59 months) provided 8-10 doses (1ml) of IFA syrup (Bi weekly),TOTAL,819698,791463,28235,10797,808901,47407,47407,0,NA,47407,40965,40965,NA,NA,40965,12139,12139,NA,703,11436,25894,25872,22,178,25716,4472,4472,NA,NA,4472,14279,14271,8,NA,14279,14170,14170,0,NA,14170,93197,91303,1894,0,93197,24138,19462,4676,2175,21963,14961,14961,0,NA,14961,19968,19916,52,102,19866,17186,17186,0,NA,17186,31171,31171,NA,NA,31171,19048,19048,0,0,19048,13488,13488,NA,5968,7520,37840,37840,0,0,37840,42589,42589,0,150,42439,26307,26307,0,17,26290,12078,12078,NA,NA,12078,51022,48147,2875,367,50655,52551,52551,0,NA,52551,87745,77976,9769,0,87745,20121,19730,391,NA,20121,26721,25475,1246,0,26721,30012,27723,2289,NA,30012,30419,25674,4745,1137,29282,9810,9542,268,NA,9810
M9 [CHILD IMMUNISATION],9.1,Number of children (12-59 months) provided Albendazole,TOTAL,29559,27950,1609,1140,28419,1237,1237,0,NA,1237,1892,1892,NA,NA,1892,776,776,NA,181,595,1203,1188,15,0,1203,377,377,NA,NA,377,952,950,2,NA,952,1682,1682,0,NA,1682,3165,3127,38,0,3165,584,407,177,0,584,713,713,0,NA,713,978,958,20,77,901,661,661,0,NA,661,571,571,NA,NA,571,405,405,0,0,405,915,915,NA,713,202,1300,1300,0,0,1300,1072,1072,0,154,918,1949,1894,55,12,1937,729,729,NA,NA,729,1569,1492,77,0,1569,357,357,0,NA,357,2354,2245,109,0,2354,1462,860,602,NA,1462,831,801,30,0,831,507,370,137,3,504,960,678,282,0,960,358,293,65,NA,358
M9 [CHILD IMMUNISATION],9.11,Number of severely underweight children provided Health Checkup (0-5 yrs),TOTAL,9829,9760,69,124,9705,58,58,0,NA,58,929,929,NA,NA,929,145,145,NA,35,110,480,480,0,0,480,9,9,NA,NA,9,655,655,0,NA,655,58,58,0,NA,58,1212,1212,0,0,1212,378,376,2,0,378,28,28,0,NA,28,43,36,7,7,36,494,494,0,NA,494,33,33,NA,NA,33,241,241,0,4,237,96,96,NA,78,18,76,76,0,0,76,360,360,0,0,360,353,351,2,0,353,70,70,NA,NA,70,330,329,1,0,330,1388,1388,0,NA,1388,1566,1561,5,0,1566,103,56,47,NA,103,29,29,0,0,29,586,585,1,0,586,64,60,4,0,64,45,45,0,NA,45
M10 [Number of cases of Childhood Diseases (0-5 years)],10.1,Childhood Diseases - Pneumonia,TOTAL,662,464,198,72,590,5,5,0,NA,5,4,4,NA,NA,4,0,0,NA,NA,0,21,21,0,0,21,0,0,NA,NA,0,31,31,0,NA,31,38,38,0,NA,38,75,75,NA,0,75,22,22,0,0,22,0,0,0,NA,0,22,16,6,8,14,0,0,0,NA,0,30,30,NA,NA,30,3,3,0,0,3,33,32,1,3,30,0,0,0,0,0,8,8,0,0,8,66,3,63,61,5,0,0,NA,NA,0,17,17,0,0,17,2,2,NA,NA,2,27,26,1,0,27,217,106,111,NA,217,21,21,0,0,21,3,0,3,0,3,13,0,13,0,13,4,4,0,NA,4
M10 [Number of cases of Childhood Diseases (0-5 years)],10.2,Childhood Diseases - Asthma,TOTAL,325,140,185,6,319,0,0,0,NA,0,0,0,NA,NA,0,6,6,NA,NA,6,0,0,0,0,0,0,0,NA,NA,0,2,2,0,NA,2,27,27,0,NA,27,2,2,NA,0,2,7,7,0,0,7,0,0,0,NA,0,6,6,0,0,6,0,0,0,NA,0,7,7,NA,NA,7,0,0,0,0,0,17,14,3,6,11,0,0,0,0,0,3,3,0,0,3,1,1,0,0,1,0,0,NA,NA,0,1,0,1,0,1,0,0,NA,NA,0,0,0,0,0,0,224,55,169,NA,224,11,10,1,0,11,1,0,1,0,1,10,0,10,0,10,0,0,0,NA,0
M10 [Number of cases of Childhood Diseases (0-5 years)],10.3,Childhood Diseases - Sepsis,TOTAL,161,116,45,0,161,0,0,0,NA,0,0,0,NA,NA,0,0,0,NA,NA,0,24,23,1,0,24,0,0,NA,NA,0,19,19,0,NA,19,0,0,0,NA,0,3,3,NA,0,3,22,22,0,0,22,1,1,0,NA,1,0,0,0,0,0,0,0,0,NA,0,0,0,NA,NA,0,33,33,0,0,33,8,8,0,0,8,0,0,0,0,0,0,0,0,0,0,17,0,17,0,17,0,0,NA,NA,0,0,0,0,0,0,7,7,NA,NA,7,0,0,0,0,0,25,0,25,NA,25,0,0,0,0,0,0,0,0,0,0,2,0,2,0,2,0,0,0,NA,0
M10 [Number of cases of Childhood Diseases (0-5 years)],10.4,Childhood Diseases - Diphtheria,TOTAL,0,0,0,0,0,0,0,0,NA,0,0,0,NA,NA,0,0,0,NA,NA,0,0,0,0,0,0,0,0,NA,NA,0,0,0,0,NA,0,0,0,0,NA,0,0,0,NA,0,0,0,0,0,0,0,0,0,0,NA,0,0,0,0,0,0,0,0,0,NA,0,0,0,NA,NA,0,0,0,0,0,0,0,0,0,0,0,0,0,0,0,0,0,0,0,0,0,0,0,0,0,0,0,0,NA,NA,0,0,0,0,0,0,0,0,NA,NA,0,0,0,0,0,0,0,0,0,NA,0,0,0,0,0,0,0,0,0,0,0,0,0,0,0,0,0,0,0,NA,0
M10 [Number of cases of Childhood Diseases (0-5 years)],10.5,Childhood Diseases - Pertussis,TOTAL,0,0,0,0,0,0,0,0,NA,0,0,0,NA,NA,0,0,0,NA,NA,0,0,0,0,0,0,0,0,NA,NA,0,0,0,0,NA,0,0,0,0,NA,0,0,0,NA,0,0,0,0,0,0,0,0,0,0,NA,0,0,0,0,0,0,0,0,0,NA,0,0,0,NA,NA,0,0,0,0,0,0,0,0,0,0,0,0,0,0,0,0,0,0,0,0,0,0,0,0,0,0,0,0,NA,NA,0,0,0,0,0,0,0,0,NA,NA,0,0,0,0,0,0,0,0,0,NA,0,0,0,0,0,0,0,0,0,0,0,0,0,0,0,0,0,0,0,NA,0
M10 [Number of cases of Childhood Diseases (0-5 years)],10.6,Childhood Diseases - Tetanus Neonatorum,TOTAL,0,0,0,0,0,0,0,0,NA,0,0,0,NA,NA,0,0,0,NA,NA,0,0,0,0,0,0,0,0,NA,NA,0,0,0,0,NA,0,0,0,0,NA,0,0,0,NA,0,0,0,0,0,0,0,0,0,0,NA,0,0,0,0,0,0,0,0,0,NA,0,0,0,NA,NA,0,0,0,0,0,0,0,0,0,0,0,0,0,0,0,0,0,0,0,0,0,0,0,0,0,0,0,0,NA,NA,0,0,0,0,0,0,0,0,NA,NA,0,0,0,0,0,0,0,0,0,NA,0,0,0,0,0,0,0,0,0,0,0,0,0,0,0,0,0,0,0,NA,0
M10 [Number of cases of Childhood Diseases (0-5 years)],10.7,Childhood Diseases - Tuberculosis (TB),TOTAL,27,22,5,0,27,0,0,0,NA,0,0,0,NA,NA,0,0,0,NA,NA,0,9,8,1,0,9,0,0,NA,NA,0,0,0,0,NA,0,0,0,0,NA,0,0,0,0,0,0,7,7,0,0,7,0,0,0,NA,0,0,0,0,0,0,0,0,0,NA,0,0,0,NA,NA,0,0,0,0,0,0,0,0,0,0,0,0,0,0,0,0,1,1,0,0,1,1,0,1,0,1,2,2,NA,NA,2,0,0,0,0,0,0,0,NA,NA,0,1,0,1,0,1,4,4,0,NA,4,0,0,0,0,0,0,0,0,0,0,0,0,0,0,0,2,0,2,NA,2
M10 [Number of cases of Childhood Diseases (0-5 years)],10.8,Childhood Diseases - Acute Flaccid Paralysis(AFP),TOTAL,9,8,1,0,9,0,0,0,NA,0,0,0,NA,NA,0,0,0,NA,NA,0,3,3,0,0,3,0,0,NA,NA,0,0,0,0,NA,0,0,0,0,NA,0,2,2,0,0,2,0,0,0,0,0,0,0,0,NA,0,0,0,0,0,0,0,0,0,NA,0,0,0,NA,NA,0,0,0,0,0,0,2,2,0,0,2,0,0,0,0,0,0,0,0,0,0,2,1,1,0,2,0,0,NA,NA,0,0,0,0,0,0,0,0,NA,NA,0,0,0,0,0,0,0,0,0,NA,0,0,0,0,0,0,0,0,0,NA,0,0,0,0,0,0,0,0,0,NA,0
M10 [Number of cases of Childhood Diseases (0-5 years)],10.9,Childhood Diseases - Measles,TOTAL,42,39,3,0,42,0,0,0,NA,0,0,0,NA,NA,0,0,0,NA,NA,0,1,1,0,0,1,0,0,NA,NA,0,0,0,0,NA,0,0,0,0,NA,0,3,3,0,0,3,2,0,2,0,2,0,0,0,NA,0,0,0,0,0,0,3,3,0,NA,3,0,0,NA,NA,0,0,0,0,0,0,0,0,0,0,0,4,4,0,0,4,0,0,0,0,0,10,9,1,0,10,0,0,NA,NA,0,2,2,0,0,2,0,0,NA,NA,0,0,0,0,0,0,12,12,0,NA,12,0,0,0,0,0,1,1,0,0,1,0,0,0,0,0,4,4,0,NA,4
M10 [Number of cases of Childhood Diseases (0-5 years)],10.1,Childhood Diseases - Malaria,TOTAL,16,16,0,0,16,0,0,0,NA,0,0,0,NA,NA,0,0,0,NA,NA,0,0,0,0,0,0,0,0,NA,NA,0,0,0,0,NA,0,0,0,0,NA,0,0,0,0,0,0,0,0,0,0,0,0,0,0,NA,0,0,0,0,0,0,0,0,0,NA,0,0,0,NA,NA,0,0,0,0,0,0,7,7,0,0,7,0,0,0,0,0,4,4,0,0,4,2,2,0,0,2,2,2,NA,NA,2,0,0,0,0,0,0,0,NA,NA,0,1,1,0,0,1,0,0,0,NA,0,0,0,0,0,0,0,0,0,0,0,0,0,0,0,0,0,0,0,NA,0
M10 [Number of cases of Childhood Diseases (0-5 years)],10.11,Childhood Diseases - Diarrhoea,TOTAL,5330,5000,330,314,5016,85,85,0,NA,85,105,105,NA,NA,105,63,63,NA,6,57,322,301,21,0,322,53,53,NA,NA,53,286,286,0,NA,286,101,101,0,NA,101,327,319,8,0,327,216,147,69,4,212,90,90,0,NA,90,87,74,13,26,61,51,51,0,NA,51,676,676,NA,NA,676,102,102,0,11,91,317,317,0,256,61,167,167,0,0,167,105,105,0,1,104,490,468,22,9,481,104,104,NA,NA,104,298,270,28,0,298,243,243,NA,NA,243,287,281,6,0,287,334,222,112,NA,334,131,121,10,0,131,96,82,14,1,95,159,132,27,0,159,35,35,0,NA,35
M10 [Number of cases of Childhood Diseases (0-5 years)],10.12,Childhood Diseases - Diarrhoea treated in Inpatients,TOTAL,746,628,118,18,728,2,2,0,NA,2,0,0,NA,NA,0,0,0,NA,NA,0,21,0,21,0,21,0,0,NA,NA,0,32,32,0,NA,32,20,20,0,NA,20,142,142,NA,0,142,17,17,0,0,17,0,0,0,NA,0,33,20,13,13,20,3,3,0,NA,3,16,16,NA,NA,16,35,35,0,0,35,14,9,5,5,9,0,0,0,0,0,7,7,0,0,7,119,106,13,0,119,11,11,NA,NA,11,14,12,2,0,14,35,35,NA,NA,35,42,42,0,0,42,66,38,28,NA,66,26,23,3,0,26,28,14,14,0,28,56,37,19,0,56,7,7,0,NA,7
M10 [Number of cases of Childhood Diseases (0-5 years)],10.13,Children admitted with upper respiratory infections,TOTAL,425,329,96,23,402,0,0,0,NA,0,0,0,NA,NA,0,0,0,NA,NA,0,0,0,0,0,0,12,12,NA,NA,12,17,17,0,NA,17,66,66,0,NA,66,25,25,NA,0,25,19,19,0,0,19,39,39,0,NA,39,20,5,15,15,5,0,0,0,NA,0,0,0,NA,NA,0,23,23,0,0,23,15,7,8,8,7,0,0,0,0,0,3,3,0,0,3,24,23,1,0,24,2,2,NA,NA,2,13,0,13,0,13,0,0,NA,NA,0,39,35,4,0,39,81,45,36,NA,81,10,3,7,0,10,5,3,2,0,5,10,0,10,0,10,2,2,0,NA,2
M10 [Number of cases of Childhood Diseases (0-5 years)],10.14,Childhood Diseases - Severe Acute Malnutrition (SAM),TOTAL,39,32,7,1,38,0,0,0,NA,0,2,2,NA,NA,2,5,5,NA,NA,5,0,0,0,0,0,0,0,NA,NA,0,0,0,0,NA,0,0,0,0,NA,0,6,6,NA,0,6,4,4,0,0,4,0,0,0,NA,0,4,3,1,1,3,0,0,0,NA,0,2,2,NA,NA,2,7,7,0,0,7,1,1,NA,0,1,0,0,0,0,0,0,0,0,0,0,2,0,2,0,2,0,0,NA,NA,0,0,0,0,0,0,0,0,NA,NA,0,2,2,0,0,2,4,0,4,NA,4,0,0,0,0,0,0,0,0,0,0,0,0,0,0,0,0,0,0,NA,0
M11 [NVBDCP],11.1.1.a,Total Blood Smears Examined for Malaria,TOTAL,122157,120702,1455,3247,118910,5999,5920,79,NA,5999,4559,4559,NA,NA,4559,5318,5318,NA,973,4345,5994,5948,46,0,5994,2121,2121,NA,NA,2121,1644,1632,12,NA,1644,2876,2876,0,NA,2876,4117,4117,NA,5,4112,2513,2513,0,0,2513,1139,1120,19,NA,1139,8264,8005,259,269,7995,2352,2338,14,NA,2352,5920,5920,NA,NA,5920,3404,3404,0,0,3404,5528,4963,565,1913,3615,14354,14354,0,0,14354,1975,1974,1,1,1974,6160,6160,0,0,6160,3491,3491,NA,NA,3491,4552,4399,153,0,4552,6163,6163,NA,NA,6163,6601,6589,12,20,6581,2666,2666,NA,NA,2666,3643,3602,41,14,3629,5178,5027,151,15,5163,3330,3234,96,37,3293,2296,2289,7,NA,2296
M11 [NVBDCP],11.1.1.b,Malaria (Microscopy Tests ) - Plasmodium Vivax test positive,TOTAL,24,21,3,3,21,0,0,0,NA,0,2,2,NA,NA,2,0,0,NA,0,0,0,0,0,0,0,3,3,NA,NA,3,0,0,0,NA,0,1,1,0,NA,1,0,0,NA,0,0,0,0,0,0,0,0,0,0,NA,0,3,0,3,3,0,0,0,0,NA,0,0,0,NA,NA,0,0,0,0,0,0,0,0,0,0,0,0,0,0,0,0,3,3,0,0,3,2,2,0,0,2,2,2,NA,NA,2,0,0,0,0,0,0,0,NA,NA,0,4,4,0,0,4,0,0,NA,NA,0,0,0,0,0,0,0,0,0,0,0,0,0,0,0,0,4,4,0,NA,4
M11 [NVBDCP],11.1.1.c,Malaria (Microscopy Tests ) - Plasmodium Falciparum test positive,TOTAL,32,31,1,0,32,0,0,0,NA,0,0,0,NA,NA,0,1,1,NA,0,1,0,0,0,0,0,5,5,NA,NA,5,0,0,0,NA,0,0,0,0,NA,0,0,0,NA,0,0,0,0,0,0,0,3,2,1,NA,3,1,1,0,0,1,0,0,0,NA,0,1,1,NA,NA,1,0,0,0,0,0,2,2,0,0,2,1,1,0,0,1,2,2,0,0,2,0,0,0,0,0,3,3,NA,NA,3,0,0,0,0,0,0,0,NA,NA,0,2,2,0,0,2,0,0,NA,NA,0,0,0,0,0,0,4,4,0,0,4,0,0,0,0,0,7,7,0,NA,7
M11 [NVBDCP],11.1.2.a,RDT conducted for Malaria,TOTAL,37367,36589,778,1120,36247,2405,2331,74,NA,2405,1322,1312,10,NA,1322,1490,1490,NA,297,1193,1950,1934,16,0,1950,724,724,NA,NA,724,618,618,0,NA,618,826,826,0,NA,826,919,910,9,5,914,513,513,0,0,513,963,944,19,NA,963,5761,5438,323,342,5419,749,741,8,NA,749,610,610,NA,NA,610,883,883,0,0,883,1546,1546,0,417,1129,3727,3727,0,0,3727,1109,1109,0,0,1109,1006,958,48,0,1006,759,759,NA,NA,759,963,900,63,0,963,1527,1527,NA,NA,1527,1841,1841,0,0,1841,857,857,NA,NA,857,780,777,3,7,773,2215,2184,31,15,2200,722,666,56,37,685,582,464,118,NA,582
M11 [NVBDCP],11.1.2.b,Malaria (RDT) - Plasmodium Vivax test positive,TOTAL,56,47,9,3,53,0,0,0,NA,0,1,1,0,NA,1,0,0,NA,0,0,0,0,0,0,0,4,4,NA,NA,4,2,2,0,NA,2,0,0,0,NA,0,0,0,0,0,0,0,0,0,0,0,0,0,0,NA,0,3,0,3,3,0,4,4,0,NA,4,0,0,NA,NA,0,0,0,0,0,0,0,0,NA,0,0,1,1,0,0,1,7,7,0,0,7,1,0,1,0,1,3,3,NA,NA,3,0,0,0,0,0,0,0,NA,NA,0,3,3,0,0,3,0,0,NA,NA,0,0,0,0,0,0,0,0,0,0,0,0,0,0,0,0,27,22,5,NA,27
M11 [NVBDCP],11.1.2.c,Malaria (RDT) - Plamodium Falciparum test positive,TOTAL,63,46,17,3,60,0,0,0,NA,0,0,0,0,NA,0,1,1,NA,1,0,1,1,0,0,1,6,6,NA,NA,6,0,0,0,NA,0,0,0,0,NA,0,0,0,0,0,0,0,0,0,0,0,2,1,1,NA,2,14,12,2,2,12,9,9,0,NA,9,0,0,NA,NA,0,0,0,0,0,0,2,2,NA,0,2,2,2,0,0,2,2,2,0,0,2,0,0,0,0,0,1,1,NA,NA,1,0,0,0,0,0,1,1,NA,NA,1,1,1,0,0,1,0,0,NA,NA,0,0,0,0,0,0,0,0,0,0,0,0,0,0,0,0,21,7,14,NA,21
M11 [NVBDCP],11.2.1,Kala Azar (RDT) - Tests Conducted,TOTAL,4,4,0,0,4,0,0,0,NA,0,0,0,NA,NA,0,0,0,NA,NA,0,0,0,0,0,0,0,0,NA,NA,0,0,0,0,NA,0,0,0,0,NA,0,0,0,NA,0,0,0,0,0,0,0,0,0,0,NA,0,0,0,0,0,0,0,0,0,NA,0,0,0,NA,NA,0,4,4,0,0,4,0,0,NA,0,0,0,0,0,0,0,0,0,0,0,0,0,0,0,0,0,0,0,NA,NA,0,0,0,0,0,0,0,0,NA,NA,0,0,0,0,0,0,0,0,NA,NA,0,0,0,0,0,0,0,0,0,NA,0,0,0,0,0,0,0,0,0,NA,0
M11 [NVBDCP],11.2.2,Kala Azar Positive Cases,TOTAL,0,0,0,0,0,0,0,0,NA,0,0,0,NA,NA,0,0,0,NA,NA,0,0,0,0,0,0,0,0,NA,NA,0,0,0,0,NA,0,0,0,0,NA,0,0,0,NA,0,0,0,0,0,0,0,0,0,0,NA,0,0,0,0,0,0,0,0,0,NA,0,0,0,NA,NA,0,0,0,0,0,0,0,0,NA,0,0,0,0,0,0,0,0,0,0,0,0,0,0,0,0,0,0,0,NA,NA,0,0,0,0,0,0,0,0,NA,NA,0,0,0,0,0,0,0,0,NA,NA,0,0,0,0,0,0,0,0,0,NA,0,0,0,0,0,0,0,0,0,NA,0
M11 [NVBDCP],11.2.3,Post-kala-azar dermal leishmaniasis (PKDL) cases,TOTAL,0,0,0,0,0,0,0,0,NA,0,0,0,NA,NA,0,0,0,NA,NA,0,0,0,0,0,0,0,0,NA,NA,0,0,0,0,NA,0,0,0,0,NA,0,0,0,NA,0,0,0,0,0,0,0,0,0,0,NA,0,0,0,0,0,0,0,0,0,NA,0,0,0,NA,NA,0,0,0,0,0,0,0,0,NA,0,0,0,0,0,0,0,0,0,0,0,0,0,0,0,0,0,0,0,NA,NA,0,0,0,0,0,0,0,0,NA,NA,0,0,0,0,0,0,0,0,NA,NA,0,0,0,0,0,0,0,0,0,NA,0,0,0,0,0,0,0,0,0,NA,0
M11 [NVBDCP],11.3.1,Dengue - RDT Test Positive,TOTAL,75,72,3,5,70,0,0,0,NA,0,0,0,NA,NA,0,0,0,NA,NA,0,0,0,0,0,0,0,0,NA,NA,0,2,2,0,NA,2,0,0,0,NA,0,3,3,NA,0,3,0,0,0,0,0,0,0,0,NA,0,3,0,3,3,0,1,1,0,NA,1,0,0,NA,NA,0,2,2,0,0,2,4,4,NA,2,2,0,0,0,0,0,5,5,0,0,5,0,0,0,0,0,0,0,NA,NA,0,0,0,0,0,0,54,54,NA,NA,54,1,1,0,0,1,0,0,NA,NA,0,0,0,0,0,0,0,0,0,NA,0,0,0,0,0,0,0,0,0,NA,0
M11 [NVBDCP],11.3.2,Dengue - Enzyme- Linked Immuno Sorbent Assay (ELISA) Test Positive,TOTAL,15,15,NA,NA,15,0,0,NA,NA,0,0,0,NA,NA,0,NA,NA,NA,NA,NA,0,0,NA,NA,0,0,0,NA,NA,0,0,0,NA,NA,0,0,0,NA,NA,0,0,0,NA,NA,0,NA,NA,NA,NA,NA,0,0,NA,NA,0,0,0,NA,NA,0,0,0,NA,NA,0,0,0,NA,NA,0,0,0,NA,NA,0,11,11,NA,NA,11,0,0,NA,NA,0,0,0,NA,NA,0,0,0,NA,NA,0,0,0,NA,NA,0,4,4,NA,NA,4,0,0,NA,NA,0,0,0,NA,NA,0,0,0,NA,NA,0,0,0,NA,NA,0,0,0,NA,NA,0,NA,NA,NA,NA,NA,0,0,NA,NA,0
M11 [NVBDCP],11.4.1,Tests Conducted for JE,TOTAL,95,95,NA,NA,95,2,2,NA,NA,2,0,0,NA,NA,0,NA,NA,NA,NA,NA,0,0,NA,NA,0,0,0,NA,NA,0,0,0,NA,NA,0,0,0,NA,NA,0,1,1,NA,NA,1,10,10,NA,NA,10,0,0,NA,NA,0,3,3,NA,NA,3,0,0,NA,NA,0,0,0,NA,NA,0,17,17,NA,NA,17,45,45,NA,NA,45,0,0,NA,NA,0,0,0,NA,NA,0,0,0,NA,NA,0,0,0,NA,NA,0,5,5,NA,NA,5,0,0,NA,NA,0,6,6,NA,NA,6,6,6,NA,NA,6,0,0,NA,NA,0,0,0,NA,NA,0,NA,NA,NA,NA,NA,0,0,NA,NA,0
M11 [NVBDCP],11.4.2,Tests Positive for JE,TOTAL,17,17,NA,NA,17,0,0,NA,NA,0,0,0,NA,NA,0,NA,NA,NA,NA,NA,0,0,NA,NA,0,0,0,NA,NA,0,0,0,NA,NA,0,0,0,NA,NA,0,0,0,NA,NA,0,9,9,NA,NA,9,0,0,NA,NA,0,0,0,NA,NA,0,0,0,NA,NA,0,0,0,NA,NA,0,7,7,NA,NA,7,0,0,NA,NA,0,0,0,NA,NA,0,0,0,NA,NA,0,0,0,NA,NA,0,0,0,NA,NA,0,0,0,NA,NA,0,0,0,NA,NA,0,0,0,NA,NA,0,1,1,NA,NA,1,0,0,NA,NA,0,0,0,NA,NA,0,NA,NA,NA,NA,NA,0,0,NA,NA,0
M12 [Adolscent Health],12.1.1.a,Girls registered in AFHC,TOTAL,1427,1402,25,31,1396,0,0,0,NA,0,0,0,NA,NA,0,0,0,NA,NA,0,38,38,0,0,38,0,0,NA,NA,0,195,195,0,NA,195,0,0,0,NA,0,14,14,NA,0,14,0,0,0,0,0,0,0,0,NA,0,5,5,0,0,5,135,135,0,NA,135,0,0,NA,NA,0,74,74,0,0,74,301,301,NA,31,270,136,136,0,0,136,42,42,0,0,42,0,0,0,0,0,119,119,NA,NA,119,60,60,0,0,60,47,47,NA,NA,47,92,67,25,0,92,0,0,NA,NA,0,0,0,0,0,0,130,130,0,NA,130,0,0,0,0,0,39,39,0,NA,39
M12 [Adolscent Health],12.1.1.b,Boys registered in AFHC,TOTAL,406,406,0,1,405,0,0,0,NA,0,0,0,NA,NA,0,0,0,NA,NA,0,5,5,0,0,5,0,0,NA,NA,0,9,9,0,NA,9,0,0,0,NA,0,1,1,NA,0,1,0,0,0,0,0,0,0,0,NA,0,5,5,0,0,5,33,33,0,NA,33,0,0,NA,NA,0,52,52,0,0,52,53,53,NA,1,52,58,58,0,0,58,7,7,0,0,7,0,0,0,0,0,17,17,NA,NA,17,6,6,0,0,6,0,0,NA,NA,0,47,47,0,0,47,0,0,NA,NA,0,0,0,0,0,0,95,95,0,NA,95,0,0,0,0,0,18,18,0,NA,18
M12 [Adolscent Health],12.1.2.a,"Out of registered, Girls received clinical services",TOTAL,1060,1052,8,16,1044,0,0,0,NA,0,0,0,NA,NA,0,0,0,NA,NA,0,38,38,0,0,38,0,0,NA,NA,0,195,195,0,NA,195,0,0,0,NA,0,26,26,NA,0,26,0,0,0,0,0,0,0,0,NA,0,0,0,0,0,0,32,32,0,NA,32,0,0,NA,NA,0,19,19,0,0,19,211,211,NA,16,195,131,131,0,0,131,19,19,0,0,19,0,0,0,0,0,109,109,NA,NA,109,18,18,0,0,18,47,47,NA,NA,47,68,60,8,0,68,0,0,NA,NA,0,0,0,0,0,0,108,108,0,NA,108,0,0,0,0,0,39,39,0,NA,39
M12 [Adolscent Health],12.1.2.b,"Out of registered, Boys received clinical services",TOTAL,259,259,0,0,259,0,0,0,NA,0,0,0,NA,NA,0,0,0,NA,NA,0,5,5,0,0,5,0,0,NA,NA,0,9,9,0,NA,9,0,0,0,NA,0,1,1,NA,0,1,0,0,0,0,0,0,0,0,NA,0,0,0,0,0,0,12,12,0,NA,12,0,0,NA,NA,0,18,18,0,0,18,22,22,NA,0,22,54,54,0,0,54,0,0,0,0,0,0,0,0,0,0,8,8,NA,NA,8,2,2,0,0,2,0,0,NA,NA,0,26,26,0,0,26,0,0,NA,NA,0,0,0,0,0,0,84,84,0,NA,84,0,0,0,0,0,18,18,0,NA,18
M12 [Adolscent Health],12.1.3.a,"Out of registered, Girls received counselling",TOTAL,1462,1450,12,19,1443,0,0,0,NA,0,1,1,NA,NA,1,0,0,NA,NA,0,38,38,0,0,38,0,0,NA,NA,0,195,195,0,NA,195,0,0,0,NA,0,16,16,NA,0,16,0,0,0,0,0,0,0,0,NA,0,0,0,0,0,0,135,135,0,NA,135,0,0,NA,NA,0,13,13,0,0,13,289,289,NA,19,270,136,136,0,0,136,23,23,0,0,23,0,0,0,0,0,119,119,NA,NA,119,60,60,0,0,60,47,47,NA,NA,47,221,209,12,0,221,0,0,NA,NA,0,0,0,0,0,0,130,130,0,NA,130,0,0,0,0,0,39,39,0,NA,39
M12 [Adolscent Health],12.1.3.b,"Out of registered, Boys received counselling",TOTAL,362,358,4,0,362,0,0,0,NA,0,1,1,NA,NA,1,0,0,NA,NA,0,5,5,0,0,5,0,0,NA,NA,0,9,9,0,NA,9,0,0,0,NA,0,1,1,NA,0,1,0,0,0,0,0,0,0,0,NA,0,0,0,0,0,0,33,33,0,NA,33,0,0,NA,NA,0,18,18,0,0,18,52,52,NA,0,52,58,58,0,0,58,7,7,0,0,7,0,0,0,0,0,17,17,NA,NA,17,6,6,0,0,6,0,0,NA,NA,0,42,38,4,0,42,0,0,NA,NA,0,0,0,0,0,0,95,95,0,NA,95,0,0,0,0,0,18,18,0,NA,18
"M13 [Directly Observed Treatment, Short-course (DOTS)]",13.1,Number of on-going DOTS patients registered,TOTAL,3463,3079,384,162,3301,133,133,0,NA,133,156,156,NA,NA,156,13,13,NA,NA,13,83,82,1,0,83,68,68,NA,NA,68,15,15,0,NA,15,15,15,0,NA,15,245,245,NA,0,245,199,199,0,0,199,44,44,0,NA,44,93,93,0,0,93,263,263,0,NA,263,75,75,NA,NA,75,184,184,0,0,184,259,259,NA,162,97,94,94,0,0,94,136,136,0,0,136,46,33,13,0,46,140,140,NA,NA,140,139,129,10,0,139,71,71,NA,NA,71,165,153,12,0,165,101,101,NA,NA,101,45,23,22,0,45,152,89,63,NA,152,381,166,215,0,381,148,100,48,NA,148
"M13 [Directly Observed Treatment, Short-course (DOTS)]",13.2,Number of DOTS cases completed successfully,TOTAL,1118,1041,77,31,1087,33,33,0,NA,33,36,36,NA,NA,36,11,11,NA,NA,11,71,71,0,0,71,9,9,NA,NA,9,8,8,0,NA,8,11,11,0,NA,11,32,32,NA,0,32,38,38,0,0,38,22,22,0,NA,22,48,48,0,0,48,104,104,0,NA,104,13,13,NA,NA,13,56,56,0,0,56,123,123,NA,31,92,65,65,0,0,65,29,29,0,0,29,13,10,3,0,13,83,83,NA,NA,83,21,19,2,0,21,8,8,NA,NA,8,66,64,2,0,66,5,5,NA,NA,5,7,3,4,0,7,67,49,18,NA,67,125,84,41,0,125,14,7,7,NA,14
M14 [Patient Services],14.1.1,Outpatient - Diabetes,TOTAL,10202,9029,1173,1102,9100,91,91,0,NA,91,604,604,NA,NA,604,85,85,NA,NA,85,190,124,66,5,185,66,66,NA,NA,66,361,356,5,NA,361,53,53,0,NA,53,478,478,0,55,423,596,511,85,5,591,88,86,2,NA,88,295,108,187,204,91,151,133,18,NA,151,155,155,NA,NA,155,469,469,0,0,469,1379,1134,245,719,660,869,869,0,0,869,143,143,0,0,143,682,578,104,2,680,24,24,NA,NA,24,106,93,13,0,106,194,187,7,NA,194,1044,1029,15,16,1028,557,557,NA,NA,557,588,528,60,0,588,454,385,69,3,451,376,119,257,93,283,104,64,40,NA,104
M14 [Patient Services],14.1.2,Outpatient - Hypertension,TOTAL,23738,19580,4158,1696,22042,365,365,0,NA,365,875,875,NA,NA,875,340,340,NA,NA,340,706,333,373,14,692,254,254,NA,NA,254,1305,1280,25,NA,1305,531,531,0,NA,531,977,977,0,65,912,1565,1125,440,35,1530,98,96,2,NA,98,422,273,149,224,198,599,461,138,NA,599,438,438,NA,NA,438,1723,1723,0,0,1723,1929,1346,583,1201,728,1222,1222,0,0,1222,396,396,0,1,395,961,840,121,17,944,207,207,NA,NA,207,625,429,196,0,625,351,341,10,NA,351,2333,2034,299,38,2295,1065,1065,NA,NA,1065,1577,919,658,0,1577,1270,955,315,41,1229,1010,329,681,60,950,594,426,168,NA,594
M14 [Patient Services],14.1.3,Outpatient - Stroke (Paralysis),TOTAL,629,400,229,27,602,15,15,0,NA,15,12,12,NA,NA,12,1,1,NA,NA,1,14,9,5,0,14,1,1,NA,NA,1,192,192,0,NA,192,4,4,0,NA,4,0,0,0,0,0,23,11,12,0,23,14,14,0,NA,14,3,0,3,3,0,4,2,2,NA,4,0,0,NA,NA,0,24,24,0,0,24,23,5,18,19,4,2,2,0,0,2,1,1,0,0,1,73,71,2,0,73,1,1,NA,NA,1,2,0,2,0,2,4,4,0,NA,4,16,15,1,0,16,2,2,NA,NA,2,6,3,3,0,6,166,5,161,0,166,21,3,18,5,16,5,3,2,NA,5
M14 [Patient Services],14.1.4,Outpatient - Acute Heart Diseases,TOTAL,1144,502,642,618,526,9,9,0,NA,9,9,9,NA,NA,9,7,7,NA,NA,7,22,9,13,0,22,1,1,NA,NA,1,62,57,5,NA,62,3,3,0,NA,3,7,7,0,0,7,24,18,6,0,24,25,25,0,NA,25,87,0,87,87,0,1,0,1,NA,1,65,65,NA,NA,65,53,53,0,0,53,504,44,460,499,5,20,20,0,0,20,9,9,0,0,9,33,33,0,0,33,1,1,NA,NA,1,10,9,1,0,10,10,8,2,NA,10,67,67,0,0,67,5,5,NA,NA,5,16,12,4,0,16,22,11,11,0,22,60,10,50,32,28,12,10,2,NA,12
M14 [Patient Services],14.1.5,Outpatient - Mental illness,TOTAL,2837,2403,434,138,2699,4,4,0,NA,4,47,47,NA,NA,47,77,77,NA,NA,77,32,24,8,0,32,4,4,NA,NA,4,335,335,0,NA,335,2,2,0,NA,2,46,46,0,0,46,19,5,14,0,19,31,31,0,NA,31,572,547,25,25,547,229,224,5,NA,229,2,2,NA,NA,2,52,52,0,0,52,539,427,112,113,426,5,5,0,0,5,5,5,0,0,5,192,12,180,0,192,2,2,NA,NA,2,132,130,2,0,132,200,197,3,NA,200,36,25,11,0,36,5,5,NA,NA,5,23,8,15,0,23,30,8,22,0,30,198,175,23,0,198,18,4,14,NA,18
M14 [Patient Services],14.1.6,Outpatient - Epilepsy,TOTAL,472,175,297,48,424,0,0,0,NA,0,1,1,NA,NA,1,7,7,NA,NA,7,8,5,3,0,8,2,2,NA,NA,2,27,27,0,NA,27,2,2,0,NA,2,0,0,0,0,0,24,3,21,0,24,21,21,0,NA,21,18,17,1,1,17,9,2,7,NA,9,0,0,NA,NA,0,9,9,0,0,9,49,2,47,47,2,1,1,0,0,1,3,3,0,0,3,17,6,11,0,17,2,2,NA,NA,2,9,0,9,0,9,5,0,5,NA,5,13,12,1,0,13,1,1,NA,NA,1,70,22,48,0,70,65,0,65,0,65,85,16,69,0,85,24,14,10,NA,24
M14 [Patient Services],14.1.7,Outpatient - Ophthalmic Related,TOTAL,28119,27541,578,185,27934,376,376,0,NA,376,652,652,NA,NA,652,628,628,NA,NA,628,248,231,17,0,248,128,128,NA,NA,128,927,927,0,NA,927,288,288,0,NA,288,3212,3212,0,64,3148,301,229,72,5,296,580,580,0,NA,580,1909,1909,0,15,1894,1002,962,40,NA,1002,626,626,NA,NA,626,754,754,0,0,754,1860,1856,4,73,1787,1763,1763,0,0,1763,304,304,0,0,304,1788,1694,94,1,1787,618,618,NA,NA,618,1091,1036,55,0,1091,461,455,6,NA,461,2059,2012,47,20,2039,1965,1965,NA,NA,1965,388,328,60,0,388,1634,1549,85,4,1630,2079,1994,85,3,2076,478,465,13,NA,478
M14 [Patient Services],14.1.8,Outpatient - Dental,TOTAL,29658,22789,6869,354,29304,233,233,0,NA,233,989,989,NA,NA,989,286,286,NA,NA,286,839,809,30,0,839,528,528,NA,NA,528,551,551,0,NA,551,404,404,0,NA,404,1661,1661,0,32,1629,6885,430,6455,3,6882,114,114,0,NA,114,920,886,34,57,863,664,639,25,NA,664,50,50,NA,NA,50,1164,1164,0,0,1164,1418,1410,8,215,1203,2440,2440,0,0,2440,260,260,0,0,260,719,703,16,1,718,505,505,NA,NA,505,862,829,33,0,862,895,891,4,NA,895,2170,2144,26,18,2152,2472,2472,NA,NA,2472,479,440,39,0,479,963,903,60,6,957,870,756,114,22,848,317,292,25,NA,317
M14 [Patient Services],14.1.9,Outpatient - Oncology,TOTAL,237,206,31,10,227,0,0,NA,NA,0,0,0,NA,NA,0,0,0,NA,NA,0,22,0,22,0,22,0,0,NA,NA,0,0,0,0,NA,0,0,0,0,NA,0,1,1,NA,NA,1,0,0,0,NA,0,0,0,NA,NA,0,8,0,8,8,0,0,0,NA,NA,0,0,0,NA,NA,0,0,0,0,0,0,194,194,NA,2,192,0,0,0,0,0,7,7,NA,NA,7,0,0,0,0,0,0,0,NA,NA,0,0,0,0,0,0,0,0,NA,NA,0,1,1,0,0,1,0,0,NA,NA,0,0,0,0,NA,0,3,3,0,NA,3,0,0,0,0,0,1,0,1,NA,1
M14 [Patient Services],14.2.1,Allopathic- Outpatient attendance,TOTAL,2298675,1801277,497398,71278,2227397,43374,41246,2128,NA,43374,101890,100520,1370,NA,101890,44368,44368,NA,2444,41924,124908,106512,18396,2286,122622,23540,23540,NA,NA,23540,63781,60147,3634,NA,63781,42075,42075,0,NA,42075,110399,109896,503,2882,107517,180202,100207,79995,5411,174791,10623,10467,156,NA,10623,61498,53753,7745,9170,52328,78469,52183,26286,NA,78469,30398,30398,NA,NA,30398,113744,85085,28659,11448,102296,111330,108191,3139,26214,85116,84890,84890,0,0,84890,29851,29800,51,83,29768,62011,57110,4901,1133,60878,37826,37826,NA,NA,37826,71007,62299,8708,892,70115,67339,65620,1719,NA,67339,155842,141049,14793,1909,153933,52285,52285,NA,NA,52285,119680,72135,47545,1617,118063,290366,127131,163235,732,289634,134274,69669,64605,5057,129217,52705,32875,19830,NA,52705
M14 [Patient Services],14.2.2,Ayush - Outpatient attendance,TOTAL,163833,162423,1410,3368,160465,8013,8013,0,NA,8013,5860,5860,NA,NA,5860,3507,3507,NA,NA,3507,1010,1010,0,0,1010,99,99,NA,NA,99,6141,6141,0,NA,6141,3043,3043,0,NA,3043,19693,19693,0,0,19693,2956,2956,0,0,2956,1916,1916,0,NA,1916,14068,14068,0,993,13075,3485,3485,0,NA,3485,1124,1124,NA,NA,1124,2091,2091,0,0,2091,13847,13847,0,2375,11472,20471,20471,0,0,20471,4586,4586,NA,0,4586,1677,1677,0,0,1677,2258,2258,NA,NA,2258,6412,6412,0,0,6412,4955,4955,NA,NA,4955,6354,6354,0,0,6354,11374,11374,NA,NA,11374,1445,1445,0,0,1445,8345,6935,1410,NA,8345,1674,1674,0,0,1674,7429,7429,0,NA,7429
M14 [Patient Services],14.3.1.a,Inpatient (Male)- Children<18yrs,TOTAL,6101,4723,1378,464,5637,56,29,27,NA,56,466,454,12,NA,466,21,21,NA,NA,21,465,312,153,26,439,24,24,NA,NA,24,266,255,11,NA,266,3,3,0,NA,3,434,434,NA,0,434,400,310,90,0,400,64,63,1,NA,64,418,89,329,329,89,360,332,28,NA,360,141,141,NA,NA,141,260,246,14,0,260,123,111,12,16,107,72,72,0,0,72,58,56,2,2,56,436,303,133,46,390,59,59,NA,NA,59,139,129,10,0,139,305,305,NA,NA,305,245,226,19,0,245,206,206,NA,NA,206,291,121,170,0,291,360,234,126,NA,360,397,169,228,45,352,32,19,13,NA,32
M14 [Patient Services],14.3.1.b,Inpatient (Male)- Adults,TOTAL,32629,26099,6530,2181,30448,260,237,23,NA,260,1130,1064,66,NA,1130,189,189,NA,NA,189,1606,1334,272,0,1606,106,106,NA,NA,106,1188,1142,46,NA,1188,337,337,0,NA,337,1524,1524,NA,0,1524,4128,2849,1279,1020,3108,283,258,25,NA,283,1175,697,478,478,697,1432,1227,205,NA,1432,572,572,NA,NA,572,1246,975,271,0,1246,4407,4020,387,393,4014,327,327,0,0,327,454,451,3,3,451,717,550,167,2,715,513,513,NA,NA,513,1463,1415,48,0,1463,727,727,NA,NA,727,2116,2060,56,0,2116,454,454,NA,NA,454,1121,728,393,0,1121,2792,1656,1136,NA,2792,2071,508,1563,285,1786,291,179,112,NA,291
M14 [Patient Services],14.3.2.a,Inpatient (Female)- Children<18yrs,TOTAL,6506,4512,1994,983,5523,47,25,22,NA,47,649,630,19,NA,649,25,25,NA,NA,25,408,223,185,19,389,25,25,NA,NA,25,185,179,6,NA,185,5,5,0,NA,5,433,433,NA,0,433,314,226,88,0,314,47,46,1,NA,47,372,117,255,255,117,318,284,34,NA,318,252,252,NA,NA,252,223,200,23,0,223,716,59,657,659,57,129,129,0,0,129,50,48,2,2,48,274,192,82,24,250,51,51,NA,NA,51,118,101,17,0,118,350,350,NA,NA,350,327,286,41,0,327,151,151,NA,NA,151,247,102,145,0,247,360,189,171,NA,360,384,165,219,24,360,46,19,27,NA,46
M14 [Patient Services],14.3.2.b,Inpatient (Female)- Adults,TOTAL,74040,63656,10384,4310,69730,1057,1005,52,NA,1057,3215,3085,130,NA,3215,1016,1016,NA,4,1012,6052,4875,1177,293,5759,561,561,NA,NA,561,2693,2524,169,NA,2693,993,993,0,NA,993,3258,3258,NA,0,3258,4859,3131,1728,1355,3504,413,387,26,NA,413,3444,2614,830,863,2581,2308,2030,278,NA,2308,2304,2304,NA,NA,2304,2304,2121,183,0,2304,10125,9069,1056,1177,8948,1968,1968,0,0,1968,1431,1428,3,3,1428,2409,2014,395,93,2316,1680,1680,NA,NA,1680,2506,2399,107,0,2506,1348,1348,NA,NA,1348,4027,3942,85,0,4027,1124,1124,NA,NA,1124,2394,1816,578,0,2394,5987,4388,1599,NA,5987,3949,2143,1806,522,3427,615,433,182,NA,615
M14 [Patient Services],14.3.3,Number of Left Against Medical Advice (LAMA) cases,TOTAL,2314,2240,74,4,2310,0,0,0,NA,0,0,0,NA,NA,0,121,121,NA,NA,121,97,96,1,0,97,21,21,NA,NA,21,215,215,0,NA,215,82,82,0,NA,82,0,0,NA,0,0,0,0,0,0,0,5,5,0,NA,5,313,309,4,4,309,0,0,0,NA,0,20,20,NA,NA,20,46,46,0,0,46,10,10,0,0,10,31,31,0,0,31,26,26,0,0,26,4,0,4,0,4,69,69,NA,NA,69,0,0,0,0,0,125,125,NA,NA,125,438,438,0,0,438,237,237,NA,NA,237,92,82,10,0,92,208,199,9,NA,208,51,5,46,0,51,103,103,0,NA,103
M14 [Patient Services],14.4.1,Inpatient - Malaria,TOTAL,126,123,3,2,124,0,0,0,NA,0,0,0,NA,NA,0,0,0,NA,NA,0,0,0,0,0,0,0,0,NA,NA,0,0,0,0,NA,0,0,0,0,NA,0,0,0,NA,0,0,0,0,0,0,0,2,1,1,NA,2,2,0,2,2,0,0,0,0,NA,0,0,0,NA,NA,0,0,0,0,0,0,1,1,0,0,1,0,0,0,0,0,10,10,0,0,10,0,0,0,0,0,1,1,NA,NA,1,0,0,0,0,0,110,110,NA,NA,110,0,0,0,0,0,0,0,NA,NA,0,0,0,0,0,0,0,0,0,NA,0,0,0,0,0,0,0,0,0,NA,0
M14 [Patient Services],14.4.2,Inpatient - Dengue,TOTAL,4,4,0,0,4,0,0,0,NA,0,0,0,NA,NA,0,0,0,NA,NA,0,0,0,0,0,0,0,0,NA,NA,0,0,0,0,NA,0,0,0,0,NA,0,0,0,NA,0,0,0,0,0,0,0,0,0,0,NA,0,0,0,0,0,0,1,1,0,NA,1,0,0,NA,NA,0,2,2,0,0,2,0,0,0,0,0,1,1,0,0,1,0,0,0,0,0,0,0,0,0,0,0,0,NA,NA,0,0,0,0,0,0,0,0,NA,NA,0,0,0,0,0,0,0,0,NA,NA,0,0,0,0,0,0,0,0,0,NA,0,0,0,0,0,0,0,0,0,NA,0
M14 [Patient Services],14.4.3,Inpatient - Typhoid,TOTAL,172,135,37,26,146,0,0,0,NA,0,0,0,NA,NA,0,1,1,NA,NA,1,8,0,8,0,8,4,4,NA,NA,4,0,0,0,NA,0,2,2,0,NA,2,1,1,NA,0,1,0,0,0,0,0,4,4,0,NA,4,11,4,7,7,4,1,1,0,NA,1,0,0,NA,NA,0,6,6,0,0,6,2,0,2,2,0,2,2,0,0,2,7,7,0,0,7,6,6,0,0,6,9,9,NA,NA,9,18,15,3,0,18,64,64,NA,NA,64,4,4,0,0,4,4,4,NA,NA,4,0,0,0,0,0,0,0,0,NA,0,17,0,17,17,0,1,1,0,NA,1
M14 [Patient Services],14.4.4,"Inpatient - Asthma, Chronic Obstructive Pulmonary Disease (COPD), Respiratory infections",TOTAL,1851,1377,474,182,1669,0,0,0,NA,0,0,0,NA,NA,0,1,1,NA,NA,1,50,0,50,0,50,4,4,NA,NA,4,54,53,1,NA,54,21,21,0,NA,21,49,49,NA,0,49,10,10,0,0,10,23,21,2,NA,23,40,17,23,23,17,229,206,23,NA,229,42,42,NA,NA,42,165,165,0,0,165,150,25,125,127,23,7,7,0,0,7,17,17,0,0,17,64,47,17,0,64,10,10,NA,NA,10,98,84,14,0,98,107,107,NA,NA,107,126,125,1,0,126,39,39,NA,NA,39,227,211,16,0,227,98,86,12,NA,98,206,18,188,32,174,14,12,2,NA,14
M14 [Patient Services],14.4.5,Inpatient - Tuberculosis,TOTAL,444,337,107,10,434,0,0,0,NA,0,4,4,NA,NA,4,0,0,NA,NA,0,77,61,16,0,77,3,3,NA,NA,3,14,14,0,NA,14,6,6,0,NA,6,7,7,NA,0,7,0,0,0,0,0,2,1,1,NA,2,10,2,8,8,2,8,8,0,NA,8,0,0,NA,NA,0,39,39,0,0,39,76,75,1,1,75,12,12,0,0,12,9,9,0,0,9,4,2,2,0,4,8,8,NA,NA,8,13,10,3,0,13,40,40,NA,NA,40,13,11,2,0,13,5,5,NA,NA,5,17,9,8,0,17,20,6,14,NA,20,43,2,41,1,42,14,3,11,NA,14
M14 [Patient Services],14.4.6,Inpatient - Pyrexia of unknown origin (PUO),TOTAL,711,534,177,5,706,0,0,0,NA,0,28,28,NA,NA,28,0,0,NA,NA,0,39,6,33,0,39,15,15,NA,NA,15,6,6,0,NA,6,5,5,0,NA,5,38,38,NA,0,38,0,0,0,0,0,58,58,0,NA,58,30,25,5,5,25,2,0,2,NA,2,0,0,NA,NA,0,48,48,0,0,48,18,18,0,0,18,21,21,0,0,21,2,2,0,0,2,41,24,17,0,41,10,10,NA,NA,10,43,28,15,0,43,0,0,NA,NA,0,118,118,0,0,118,26,26,NA,NA,26,4,4,0,0,4,42,28,14,NA,42,100,15,85,0,100,17,11,6,NA,17
M14 [Patient Services],14.4.7,Inpatient - Diarrhea with dehydration,TOTAL,1684,1453,231,58,1626,33,29,4,NA,33,12,12,NA,NA,12,6,6,NA,NA,6,68,0,68,0,68,20,20,NA,NA,20,91,84,7,NA,91,24,24,0,NA,24,50,50,NA,0,50,20,20,0,0,20,21,19,2,NA,21,48,27,21,21,27,149,143,6,NA,149,198,198,NA,NA,198,63,63,0,0,63,25,22,3,12,13,30,30,0,0,30,50,49,1,1,49,56,47,9,0,56,5,5,NA,NA,5,74,62,12,0,74,174,174,NA,NA,174,122,120,2,0,122,62,62,NA,NA,62,86,82,4,0,86,46,36,10,NA,46,99,28,71,24,75,52,41,11,NA,52
M14 [Patient Services],14.4.8,Inpatient - Hepatitis,TOTAL,79,38,41,29,50,0,0,0,NA,0,0,0,NA,NA,0,0,0,NA,NA,0,10,0,10,0,10,2,2,NA,NA,2,0,0,0,NA,0,3,3,0,NA,3,5,5,NA,0,5,0,0,0,0,0,0,0,0,NA,0,7,2,5,5,2,0,0,0,NA,0,0,0,NA,NA,0,2,2,0,0,2,4,2,2,2,2,1,1,0,0,1,2,2,0,0,2,0,0,0,0,0,0,0,NA,NA,0,2,2,0,0,2,0,0,NA,NA,0,12,12,0,0,12,0,0,NA,NA,0,2,2,0,0,2,0,0,0,NA,0,24,0,24,22,2,3,3,0,NA,3
M14 [Patient Services],14.5,Patients registered at Emergency Department,TOTAL,76188,75462,726,794,75394,155,155,NA,NA,155,4756,4756,NA,NA,4756,1136,1136,NA,NA,1136,2668,2253,415,0,2668,542,542,NA,NA,542,0,0,0,NA,0,1472,1472,0,NA,1472,924,924,NA,NA,924,590,590,0,NA,590,700,700,NA,NA,700,2020,1719,301,301,1719,1840,1840,NA,NA,1840,676,676,NA,NA,676,4218,4218,0,0,4218,14920,14920,NA,483,14437,3500,3500,0,0,3500,621,621,NA,NA,621,3919,3919,0,0,3919,1982,1982,NA,NA,1982,6720,6720,0,0,6720,2128,2128,NA,NA,2128,2662,2662,0,0,2662,2569,2569,NA,NA,2569,4985,4985,0,NA,4985,4903,4903,0,NA,4903,3944,3934,10,10,3934,1638,1638,0,NA,1638
M14 [Patient Services],14.6.1,"Emergency - Trauma ( accident, injury, poisoning etc)",TOTAL,6942,6740,202,460,6482,150,150,NA,NA,150,9,9,NA,NA,9,38,38,NA,NA,38,102,82,20,0,102,38,38,NA,NA,38,23,23,0,NA,23,889,889,0,NA,889,332,332,NA,NA,332,72,72,0,NA,72,41,41,NA,NA,41,884,727,157,157,727,274,274,NA,NA,274,80,80,NA,NA,80,222,222,0,0,222,886,886,NA,289,597,9,9,0,0,9,387,387,NA,NA,387,26,20,6,0,26,170,170,NA,NA,170,642,642,0,0,642,41,41,NA,NA,41,857,857,0,0,857,2,2,NA,NA,2,352,352,0,NA,352,259,259,0,NA,259,50,31,19,14,36,107,107,0,NA,107
M14 [Patient Services],14.6.2,Emergency - Burn,TOTAL,283,273,10,6,277,1,1,NA,NA,1,1,1,NA,NA,1,2,2,NA,NA,2,14,11,3,0,14,0,0,NA,NA,0,7,7,0,NA,7,7,7,0,NA,7,4,4,NA,NA,4,3,3,0,NA,3,2,2,NA,NA,2,20,19,1,1,19,10,10,NA,NA,10,0,0,NA,NA,0,9,9,0,0,9,73,73,NA,4,69,2,2,0,0,2,15,15,NA,NA,15,4,2,2,0,4,13,13,NA,NA,13,19,19,0,0,19,0,0,NA,NA,0,36,36,0,0,36,0,0,NA,NA,0,15,15,0,NA,15,7,7,0,NA,7,5,1,4,1,4,14,14,NA,NA,14
M14 [Patient Services],14.6.3,Emergency - Obstetrics complications,TOTAL,4487,4438,49,67,4420,3,3,NA,NA,3,25,0,25,NA,25,79,79,NA,NA,79,23,22,1,0,23,0,0,NA,NA,0,9,9,0,NA,9,32,32,0,NA,32,0,0,NA,NA,0,6,6,0,NA,6,17,17,NA,NA,17,17,10,7,7,10,25,25,NA,NA,25,0,0,NA,NA,0,167,167,0,0,167,1414,1414,NA,45,1369,53,53,0,0,53,34,34,NA,NA,34,1758,1758,0,0,1758,82,82,NA,NA,82,42,42,0,0,42,64,64,NA,NA,64,283,283,0,0,283,0,0,NA,NA,0,301,301,0,NA,301,5,5,0,NA,5,40,24,16,15,25,8,8,NA,NA,8
M14 [Patient Services],14.6.4,Emergency - Snake Bite,TOTAL,59,57,2,0,59,1,1,NA,NA,1,0,0,NA,NA,0,0,0,NA,NA,0,1,1,0,0,1,0,0,NA,NA,0,0,0,0,NA,0,2,2,0,NA,2,0,0,NA,NA,0,0,0,0,NA,0,0,0,NA,NA,0,1,1,0,0,1,8,8,NA,NA,8,3,3,NA,NA,3,3,3,0,0,3,3,3,NA,0,3,1,1,0,0,1,0,0,NA,NA,0,5,5,0,0,5,0,0,NA,NA,0,13,13,0,0,13,0,0,NA,NA,0,5,5,0,0,5,0,0,NA,NA,0,5,5,0,NA,5,5,5,0,NA,5,2,0,2,0,2,1,1,NA,NA,1
M14 [Patient Services],14.6.5,Emergency - Acute Caridiac Emergencies,TOTAL,238,213,25,9,229,0,0,NA,NA,0,0,0,NA,NA,0,3,3,NA,NA,3,30,16,14,0,30,0,0,NA,NA,0,0,0,0,NA,0,40,40,0,NA,40,0,0,NA,NA,0,0,0,0,NA,0,2,2,NA,NA,2,9,0,9,9,0,0,0,NA,NA,0,0,0,NA,NA,0,5,5,0,0,5,0,0,NA,0,0,1,1,0,0,1,0,0,NA,NA,0,36,36,0,0,36,35,35,NA,NA,35,10,10,0,0,10,0,0,NA,NA,0,3,3,0,0,3,0,0,NA,NA,0,61,61,0,NA,61,0,0,0,NA,0,2,0,2,0,2,1,1,NA,NA,1
M14 [Patient Services],14.6.7,Emergency - CVA ( Cerebovascular Disease),TOTAL,643,623,20,5,638,0,0,NA,NA,0,5,5,NA,NA,5,12,12,NA,NA,12,122,116,6,0,122,0,0,NA,NA,0,2,2,0,NA,2,51,51,0,NA,51,0,0,NA,NA,0,3,3,0,NA,3,6,6,NA,NA,6,21,16,5,5,16,62,62,NA,NA,62,0,0,NA,NA,0,23,23,0,0,23,14,14,NA,0,14,1,1,0,0,1,8,8,NA,NA,8,20,14,6,0,20,39,39,NA,NA,39,53,53,0,0,53,8,8,NA,NA,8,46,46,0,0,46,1,1,NA,NA,1,67,67,0,NA,67,0,0,0,NA,0,24,21,3,0,24,55,55,NA,NA,55
M14 [Patient Services],14.7,Number of deaths occurring at Emergency Department,TOTAL,343,341,2,0,343,7,7,NA,NA,7,0,0,NA,NA,0,0,0,NA,NA,0,2,0,2,0,2,0,0,NA,NA,0,0,0,0,NA,0,1,1,0,NA,1,0,0,NA,NA,0,0,0,0,NA,0,3,3,NA,NA,3,0,0,0,0,0,0,0,NA,NA,0,0,0,NA,NA,0,2,2,0,0,2,8,8,NA,0,8,0,0,0,0,0,0,0,NA,NA,0,0,0,0,0,0,9,9,NA,NA,9,285,285,0,0,285,0,0,NA,NA,0,0,0,0,0,0,0,0,NA,NA,0,6,6,0,NA,6,19,19,0,NA,19,0,0,0,0,0,1,1,NA,NA,1
M14 [Patient Services],14.8.1,Operation major (General and spinal anaesthesia),TOTAL,8562,7731,831,664,7898,0,0,0,NA,0,263,178,85,NA,263,25,25,NA,NA,25,434,425,9,0,434,2,2,NA,NA,2,78,62,16,NA,78,13,13,0,NA,13,215,215,NA,0,215,466,333,133,133,333,105,105,0,NA,105,522,196,326,326,196,213,213,0,NA,213,18,18,NA,NA,18,727,686,41,41,686,3720,3680,40,52,3668,94,94,0,0,94,3,3,0,0,3,110,66,44,23,87,277,277,NA,NA,277,49,49,0,0,49,33,33,NA,NA,33,43,35,8,8,35,148,148,NA,NA,148,89,89,0,0,89,691,649,42,NA,691,218,137,81,81,137,6,0,6,NA,6
M14 [Patient Services],14.8.2,"Out of Operation major, Gynecology- Hysterectomy surgeries",TOTAL,758,377,381,308,450,0,0,0,NA,0,28,10,18,NA,28,4,4,NA,NA,4,23,19,4,0,23,2,2,NA,NA,2,3,0,3,NA,3,8,8,0,NA,8,0,0,NA,0,0,20,5,15,15,5,0,0,0,NA,0,17,0,17,17,0,1,1,0,NA,1,0,0,NA,NA,0,6,0,6,6,0,529,279,250,250,279,0,0,0,0,0,3,3,0,0,3,1,0,1,1,0,6,6,NA,NA,6,6,6,0,0,6,3,3,NA,NA,3,11,3,8,8,3,0,0,NA,NA,0,0,0,0,0,0,58,16,42,NA,58,23,12,11,11,12,6,0,6,NA,6
M14 [Patient Services],14.8.3,"Major Surgeries excluding Obstetrics, Gynaecology and Opthalmology etc.",TOTAL,2218,2218,NA,NA,2218,0,0,NA,NA,0,20,20,NA,NA,20,6,6,NA,NA,6,406,406,NA,NA,406,0,0,NA,NA,0,4,4,NA,NA,4,31,31,NA,NA,31,36,36,NA,NA,36,323,323,NA,NA,323,28,28,NA,NA,28,5,5,NA,NA,5,5,5,NA,NA,5,0,0,NA,NA,0,67,67,NA,NA,67,1053,1053,NA,NA,1053,0,0,NA,NA,0,30,30,NA,NA,30,0,0,NA,NA,0,43,43,NA,NA,43,43,43,NA,NA,43,30,30,NA,NA,30,32,32,NA,NA,32,3,3,NA,NA,3,22,22,NA,NA,22,3,3,NA,NA,3,28,28,NA,NA,28,0,0,NA,NA,0
M14 [Patient Services],14.8.4,Operation minor (No or local anaesthesia),TOTAL,2743,2312,431,195,2548,108,108,0,NA,108,101,67,34,NA,101,1,1,NA,NA,1,164,151,13,0,164,22,22,NA,NA,22,49,47,2,NA,49,66,66,0,NA,66,34,34,NA,0,34,86,86,0,0,86,61,38,23,NA,61,398,340,58,58,340,33,33,0,NA,33,68,68,NA,NA,68,694,644,50,50,644,73,39,34,35,38,86,86,0,0,86,13,13,0,0,13,162,14,148,16,146,34,34,NA,NA,34,8,8,0,0,8,0,0,NA,NA,0,52,52,0,0,52,28,28,NA,NA,28,241,241,0,0,241,51,21,30,0,51,61,22,39,36,25,49,49,0,NA,49
M14 [Patient Services],14.8.5,Number of post operative Surgical Site infection,TOTAL,132,132,NA,NA,132,0,0,NA,NA,0,2,2,NA,NA,2,0,0,NA,NA,0,8,8,NA,NA,8,0,0,NA,NA,0,0,0,NA,NA,0,0,0,NA,NA,0,0,0,NA,NA,0,0,0,NA,NA,0,0,0,NA,NA,0,1,1,NA,NA,1,3,3,NA,NA,3,0,0,NA,NA,0,112,112,NA,NA,112,3,3,NA,NA,3,0,0,NA,NA,0,1,1,NA,NA,1,0,0,NA,NA,0,0,0,NA,NA,0,1,1,NA,NA,1,0,0,NA,NA,0,0,0,NA,NA,0,0,0,NA,NA,0,1,1,NA,NA,1,0,0,NA,NA,0,NA,NA,NA,NA,NA,0,0,NA,NA,0
M14 [Patient Services],14.8.6,Number of blood units issued,TOTAL,2413,2281,132,119,2294,0,0,0,NA,0,14,10,4,NA,14,166,166,NA,NA,166,9,9,0,0,9,0,0,NA,NA,0,0,0,0,NA,0,164,164,0,NA,164,0,0,NA,0,0,18,18,0,0,18,103,98,5,NA,103,48,0,48,48,0,2,2,0,NA,2,34,34,NA,NA,34,0,0,0,0,0,65,65,0,0,65,0,0,0,0,0,193,193,0,0,193,0,0,0,0,0,210,210,NA,NA,210,364,364,0,0,364,125,125,NA,NA,125,32,32,0,0,32,419,419,NA,NA,419,6,6,0,0,6,331,327,4,NA,331,110,39,71,71,39,0,0,0,NA,0
M14 [Patient Services],14.8.7,Number of blood transfusions done,TOTAL,2418,2321,97,87,2331,0,0,0,NA,0,14,10,4,NA,14,138,138,NA,NA,138,10,9,1,0,10,1,1,NA,NA,1,0,0,0,NA,0,156,156,0,NA,156,0,0,NA,0,0,18,18,0,0,18,99,98,1,NA,99,43,0,43,43,0,2,2,0,NA,2,35,35,NA,NA,35,0,0,0,0,0,93,93,0,0,93,0,0,0,0,0,193,193,0,0,193,0,0,0,0,0,210,210,NA,NA,210,364,364,0,0,364,136,136,NA,NA,136,32,32,0,0,32,419,419,NA,NA,419,6,6,0,0,6,366,362,4,NA,366,83,39,44,44,39,0,0,0,NA,0
M14 [Patient Services],14.9.1,Inpatient Deaths - Male,TOTAL,440,399,41,15,425,3,3,0,NA,3,14,14,NA,NA,14,7,7,NA,NA,7,9,8,1,0,9,1,1,NA,NA,1,20,20,0,NA,20,6,6,0,NA,6,31,31,NA,0,31,1,1,0,0,1,5,5,0,NA,5,16,5,11,11,5,16,16,0,NA,16,11,11,NA,NA,11,83,83,0,0,83,0,0,NA,0,0,0,0,0,0,0,20,20,0,0,20,44,31,13,0,44,19,19,NA,NA,19,35,34,1,0,35,10,10,NA,NA,10,32,32,0,0,32,7,7,NA,NA,7,15,15,0,0,15,11,8,3,NA,11,20,9,11,4,16,4,3,1,NA,4
M14 [Patient Services],14.9.2,Inpatient Deaths - Female,TOTAL,295,272,23,11,284,4,4,0,NA,4,8,8,NA,NA,8,3,3,NA,NA,3,6,5,1,0,6,0,0,NA,NA,0,9,9,0,NA,9,4,4,0,NA,4,21,21,NA,0,21,1,1,0,0,1,4,4,0,NA,4,8,3,5,5,3,15,15,0,NA,15,10,10,NA,NA,10,46,46,0,0,46,2,2,NA,0,2,0,0,0,0,0,7,7,0,0,7,19,14,5,0,19,17,17,NA,NA,17,17,17,0,0,17,1,1,NA,NA,1,33,33,0,0,33,4,4,NA,NA,4,19,19,0,0,19,18,15,3,NA,18,15,6,9,6,9,4,4,0,NA,4
M14 [Patient Services],14.1,In-Patient Head Count at midnight,TOTAL,109386,105649,3737,517,108869,531,521,10,NA,531,1641,1641,NA,NA,1641,2822,2822,NA,NA,2822,5178,4526,652,0,5178,1003,1003,NA,NA,1003,5616,5616,0,NA,5616,4059,4059,0,NA,4059,5252,5252,NA,0,5252,1219,1219,0,0,1219,2991,2991,0,NA,2991,4839,4831,8,74,4765,9402,9402,0,NA,9402,2612,2612,NA,NA,2612,318,318,0,0,318,1067,1067,NA,332,735,3093,3093,0,0,3093,3032,3022,10,10,3022,6694,4218,2476,0,6694,3909,3909,NA,NA,3909,6693,6498,195,0,6693,2610,2610,NA,NA,2610,8527,8526,1,0,8527,7267,7267,NA,NA,7267,6585,6585,0,0,6585,6418,6300,118,NA,6418,4938,4714,224,101,4837,1070,1027,43,NA,1070
M14 [Patient Services],14.11,Number of Admission in NBSU ( New Born Stabilisation Unit),TOTAL,1079,949,130,28,1051,1,1,0,NA,1,46,46,NA,NA,46,25,25,NA,NA,25,116,64,52,0,116,13,13,NA,NA,13,17,17,0,NA,17,8,8,0,NA,8,15,15,NA,0,15,25,25,0,3,22,2,2,0,NA,2,37,37,0,4,33,154,154,0,NA,154,14,14,NA,NA,14,29,29,0,0,29,2,2,NA,0,2,24,24,0,0,24,0,0,NA,0,0,161,84,77,21,140,29,29,NA,NA,29,58,58,0,0,58,41,41,NA,NA,41,90,90,0,0,90,16,16,NA,NA,16,55,55,0,0,55,63,62,1,NA,63,27,27,0,0,27,11,11,0,NA,11
M14 [Patient Services],14.12.1,Special Newborn Care Unit (SNCU Admissions) - Inborn Male,TOTAL,1456,1443,13,0,1456,1,1,NA,NA,1,72,72,NA,NA,72,12,12,NA,NA,12,116,116,0,0,116,0,0,NA,NA,0,73,61,12,NA,73,46,46,0,NA,46,61,61,NA,NA,61,126,126,0,NA,126,15,15,NA,NA,15,37,37,0,0,37,0,0,NA,NA,0,51,51,NA,NA,51,107,107,0,0,107,281,281,NA,0,281,0,0,0,0,0,13,13,NA,NA,13,18,18,0,0,18,41,41,NA,NA,41,52,52,0,0,52,15,15,NA,NA,15,60,60,0,0,60,64,64,NA,NA,64,37,37,0,NA,37,102,101,1,NA,102,48,48,0,0,48,8,8,NA,NA,8
M14 [Patient Services],14.12.2,Special Newborn Care Unit (SNCU Admissions) - Inborn Female,TOTAL,1162,1144,18,0,1162,0,0,NA,NA,0,42,42,NA,NA,42,9,9,NA,NA,9,100,100,0,0,100,0,0,NA,NA,0,64,46,18,NA,64,33,33,0,NA,33,39,39,NA,NA,39,156,156,0,NA,156,15,15,NA,NA,15,44,44,0,0,44,0,0,NA,NA,0,27,27,NA,NA,27,96,96,0,0,96,174,174,NA,0,174,0,0,0,0,0,7,7,NA,NA,7,16,16,0,0,16,34,34,NA,NA,34,38,38,0,0,38,7,7,NA,NA,7,36,36,0,0,36,56,56,NA,NA,56,31,31,0,NA,31,99,99,0,NA,99,27,27,0,0,27,12,12,NA,NA,12
M14 [Patient Services],14.12.3,Outborn – Male,TOTAL,880,879,1,0,880,0,0,NA,NA,0,66,66,NA,NA,66,12,12,NA,NA,12,105,105,0,0,105,0,0,NA,NA,0,40,39,1,NA,40,20,20,0,NA,20,29,29,NA,NA,29,80,80,0,NA,80,1,1,NA,NA,1,20,20,0,0,20,0,0,NA,NA,0,26,26,NA,NA,26,48,48,0,0,48,180,180,NA,0,180,0,0,0,0,0,2,2,NA,NA,2,60,60,0,0,60,17,17,NA,NA,17,21,21,0,0,21,12,12,NA,NA,12,45,45,0,0,45,25,25,NA,NA,25,13,13,0,NA,13,32,32,0,NA,32,18,18,0,0,18,8,8,NA,NA,8
M14 [Patient Services],14.12.4,Outborn - Female,TOTAL,495,494,1,0,495,0,0,NA,NA,0,27,27,NA,NA,27,9,9,NA,NA,9,73,73,0,0,73,0,0,NA,NA,0,21,20,1,NA,21,3,3,0,NA,3,19,19,NA,NA,19,45,45,0,NA,45,0,0,NA,NA,0,21,21,0,0,21,0,0,NA,NA,0,12,12,NA,NA,12,21,21,0,0,21,85,85,NA,0,85,0,0,0,0,0,1,1,NA,NA,1,28,28,0,0,28,12,12,NA,NA,12,13,13,0,0,13,2,2,NA,NA,2,28,28,0,0,28,16,16,NA,NA,16,9,9,0,NA,9,25,25,0,NA,25,17,17,0,0,17,8,8,NA,NA,8
M14 [Patient Services],14.12.5,Number of newborns admitted in SNCU - referred by ASHA,TOTAL,151,151,0,0,151,0,0,NA,NA,0,0,0,NA,NA,0,2,2,NA,NA,2,0,0,0,0,0,0,0,NA,NA,0,18,18,0,NA,18,79,79,0,NA,79,0,0,NA,NA,0,0,0,0,NA,0,0,0,NA,NA,0,10,10,0,0,10,0,0,NA,NA,0,0,0,NA,NA,0,0,0,0,0,0,0,0,NA,0,0,0,0,0,0,0,0,0,NA,NA,0,0,0,0,NA,0,39,39,NA,NA,39,0,0,0,0,0,3,3,NA,NA,3,0,0,0,0,0,0,0,NA,NA,0,0,0,0,NA,0,0,0,0,NA,0,0,0,0,0,0,0,0,NA,NA,0
M14 [Patient Services],14.13,Number of deaths occurring at SNCU,TOTAL,460,460,0,0,460,0,0,NA,NA,0,47,47,NA,NA,47,4,4,NA,NA,4,48,48,0,0,48,0,0,NA,NA,0,13,13,0,NA,13,12,12,0,NA,12,19,19,NA,NA,19,45,45,0,NA,45,2,2,NA,NA,2,16,16,0,0,16,19,19,NA,NA,19,12,12,NA,NA,12,39,39,0,0,39,103,103,NA,0,103,0,0,0,0,0,0,0,NA,NA,0,15,15,0,0,15,6,6,NA,NA,6,12,12,0,0,12,0,0,NA,NA,0,1,1,0,0,1,2,2,NA,NA,2,4,4,0,NA,4,29,29,0,NA,29,7,7,0,0,7,5,5,NA,NA,5
M14 [Patient Services],14.14.1,Number of children admitted in NRC,TOTAL,80,80,0,0,80,0,0,0,NA,0,4,4,NA,NA,4,6,6,NA,NA,6,0,0,0,0,0,3,3,NA,NA,3,1,1,0,NA,1,0,0,0,NA,0,6,6,NA,0,6,12,12,0,0,12,0,0,0,NA,0,3,3,0,0,3,5,5,0,NA,5,0,0,NA,NA,0,6,6,0,0,6,6,6,NA,0,6,0,0,0,0,0,0,0,NA,0,0,5,5,0,0,5,0,0,NA,NA,0,9,9,0,0,9,2,2,NA,NA,2,4,4,0,0,4,6,6,NA,NA,6,0,0,0,0,0,0,0,0,NA,0,0,0,0,0,0,2,2,0,NA,2
M14 [Patient Services],14.14.2,Number of children discharged with target weight gain from the NRCs,TOTAL,44,44,0,0,44,0,0,0,NA,0,2,2,NA,NA,2,2,2,NA,NA,2,0,0,0,0,0,3,3,NA,NA,3,5,5,0,NA,5,0,0,0,NA,0,2,2,NA,0,2,9,9,0,0,9,0,0,0,NA,0,1,1,0,0,1,5,5,0,NA,5,0,0,NA,NA,0,0,0,0,0,0,6,6,NA,0,6,0,0,0,0,0,0,0,NA,0,0,0,0,0,0,0,0,0,NA,NA,0,0,0,0,0,0,0,0,NA,NA,0,8,8,0,0,8,1,1,NA,NA,1,0,0,0,0,0,0,0,0,NA,0,0,0,0,0,0,0,0,0,NA,0
M14 [Patient Services],14.15,Number of Rogi Kalyan Samiti (RKS) meetings held,TOTAL,450,434,16,38,412,30,30,0,NA,30,11,11,NA,NA,11,14,14,NA,8,6,20,20,0,0,20,9,9,NA,NA,9,13,12,1,NA,13,3,3,0,NA,3,28,28,NA,0,28,5,3,2,0,5,6,6,0,NA,6,13,13,0,0,13,15,14,1,NA,15,5,5,NA,NA,5,25,25,0,0,25,22,22,NA,10,12,18,18,0,0,18,42,42,0,19,23,4,4,0,0,4,22,22,NA,NA,22,15,11,4,0,15,14,14,0,NA,14,32,32,0,0,32,15,15,NA,NA,15,15,14,1,0,15,20,18,2,0,20,22,18,4,1,21,12,11,1,NA,12
M14 [Patient Services],14.16,Number of Anganwadi centres/ UPHCs reported to have conducted Village Health & Nutrition Day (VHNDs)/ Urban Health & Nutrition Day (UHNDs)/ Outreach / Special Outreach,TOTAL,25979,25385,594,543,25436,796,796,0,NA,796,1182,1182,NA,NA,1182,578,578,NA,24,554,1725,1725,0,0,1725,483,483,NA,NA,483,779,776,3,NA,779,679,679,NA,NA,679,1598,1569,29,0,1598,1018,870,148,78,940,232,232,0,NA,232,761,761,0,36,725,1018,1018,0,NA,1018,597,597,NA,NA,597,931,931,0,38,893,302,302,NA,100,202,1522,1522,0,NA,1522,1090,1090,0,29,1061,1080,1080,0,16,1064,963,963,NA,NA,963,910,886,24,52,858,871,870,1,NA,871,2034,2024,10,59,1975,580,580,NA,NA,580,980,936,44,24,956,1638,1474,164,41,1597,987,851,136,46,941,645,610,35,NA,645
M14 [Patient Services],14.17,Stock out rate of essential Drugs,TOTAL,322,322,NA,NA,322,21,21,NA,NA,21,95,95,NA,NA,95,14,14,NA,NA,14,5,5,NA,NA,5,NA,NA,NA,NA,NA,12,12,NA,NA,12,2,2,NA,NA,2,3,3,NA,NA,3,NA,NA,NA,NA,NA,16,16,NA,NA,16,16,16,NA,NA,16,NA,NA,NA,NA,NA,13,13,NA,NA,13,24,24,NA,NA,24,0,0,NA,NA,0,8,8,NA,NA,8,8,8,NA,NA,8,22,22,NA,NA,22,0,0,NA,NA,0,13,13,NA,NA,13,8,8,NA,NA,8,2,2,NA,NA,2,10,10,NA,NA,10,9,9,NA,NA,9,8,8,NA,NA,8,13,13,NA,NA,13,NA,NA,NA,NA,NA
M14 [Patient Services],14.18,Blood Units Issued on replacement (Family Donors to be considered as replacement donations),TOTAL,4253,4253,NA,NA,4253,0,0,NA,NA,0,0,0,NA,NA,0,122,122,NA,NA,122,1121,1121,NA,NA,1121,NA,NA,NA,NA,NA,255,255,NA,NA,255,158,158,NA,NA,158,144,144,NA,NA,144,NA,NA,NA,NA,NA,134,134,NA,NA,134,339,339,NA,NA,339,199,199,NA,NA,199,34,34,NA,NA,34,NA,NA,NA,NA,NA,65,65,NA,NA,65,0,0,NA,NA,0,109,109,NA,NA,109,54,54,NA,NA,54,210,210,NA,NA,210,20,20,NA,NA,20,125,125,NA,NA,125,621,621,NA,NA,621,366,366,NA,NA,366,84,84,NA,NA,84,42,42,NA,NA,42,51,51,NA,NA,51,0,0,NA,NA,0
M14 [Patient Services],14.19,Total number of blood units issued in year,TOTAL,6905,6905,NA,NA,6905,0,0,NA,NA,0,10,10,NA,NA,10,138,138,NA,NA,138,1844,1844,NA,NA,1844,NA,NA,NA,NA,NA,333,333,NA,NA,333,164,164,NA,NA,164,234,234,NA,NA,234,NA,NA,NA,NA,NA,98,98,NA,NA,98,348,348,NA,NA,348,456,456,NA,NA,456,35,35,NA,NA,35,NA,NA,NA,NA,NA,65,65,NA,NA,65,20,20,NA,NA,20,157,157,NA,NA,157,141,141,NA,NA,141,210,210,NA,NA,210,364,364,NA,NA,364,136,136,NA,NA,136,713,713,NA,NA,713,419,419,NA,NA,419,360,360,NA,NA,360,362,362,NA,NA,362,298,298,NA,NA,298,0,0,NA,NA,0
M14 [Patient Services],14.2,Patient Satisfaction Score of the facility in percentage (from Mera Aspatal),TOTAL,0,0,NA,NA,0,NA,NA,NA,NA,NA,0,0,NA,NA,0,NA,NA,NA,NA,NA,NA,NA,NA,NA,NA,NA,NA,NA,NA,NA,0,0,NA,NA,0,NA,NA,NA,NA,NA,NA,NA,NA,NA,NA,NA,NA,NA,NA,NA,NA,NA,NA,NA,NA,NA,NA,NA,NA,NA,NA,NA,NA,NA,NA,NA,NA,NA,NA,NA,0,0,NA,NA,0,0,0,NA,NA,0,0,0,NA,NA,0,0,0,NA,NA,0,NA,NA,NA,NA,NA,0,0,NA,NA,0,NA,NA,NA,NA,NA,NA,NA,NA,NA,NA,NA,NA,NA,NA,NA,NA,NA,NA,NA,NA,NA,NA,NA,NA,NA,0,0,NA,NA,0,NA,NA,NA,NA,NA,NA,NA,NA,NA,NA
M15 [Laboratory Testing],15.1,Number of Lab Tests done,TOTAL,747369,690788,56581,45577,701792,14293,14208,85,NA,14293,22268,22204,64,NA,22268,24181,24181,NA,1016,23165,57107,47284,9823,806,56301,16473,16473,NA,NA,16473,27085,26070,1015,NA,27085,17613,17613,0,NA,17613,19509,19509,NA,333,19176,14250,12075,2175,3308,10942,3091,2829,262,NA,3091,42736,28633,14103,14216,28520,20370,20008,362,NA,20370,11612,11612,NA,NA,11612,47855,47122,733,1129,46726,61000,52031,8969,17596,43404,34707,34707,0,0,34707,23199,23086,113,113,23086,28111,22252,5859,17,28094,14964,14964,NA,NA,14964,29730,28831,899,243,29487,24647,24606,41,NA,24647,41894,40899,995,11,41883,22407,22407,NA,NA,22407,24563,23707,856,706,23857,50414,48120,2294,156,50258,40505,33658,6847,5927,34578,12785,11699,1086,NA,12785
M15 [Laboratory Testing],15.2.1,Number of Hb tests conducted,TOTAL,164600,149335,15265,7933,156667,5232,5130,102,NA,5232,8536,8445,91,NA,8536,3328,3328,NA,66,3262,14992,10073,4919,51,14941,1865,1865,NA,NA,1865,4506,4292,214,NA,4506,3858,3858,0,NA,3858,11912,11637,275,313,11599,6012,4836,1176,693,5319,842,708,134,NA,842,11474,8714,2760,3035,8439,4777,4650,127,NA,4777,6043,6043,NA,NA,6043,6732,6671,61,333,6399,5674,5527,147,1456,4218,9172,9172,0,0,9172,2883,2875,8,8,2875,7399,6286,1113,73,7326,1955,1955,NA,NA,1955,5219,4855,364,21,5198,3900,3887,13,NA,3900,11119,11026,93,5,11114,4506,4506,NA,NA,4506,4323,3883,440,145,4178,8650,7931,719,67,8583,7082,4784,2298,1667,5415,2609,2398,211,NA,2609
M15 [Laboratory Testing],15.2.2,"Out of the total number of Hb tests done, Number having Hb < 7 mg",TOTAL,3720,2998,722,545,3175,25,18,7,NA,25,24,20,4,NA,24,53,53,NA,2,51,219,173,46,0,219,236,236,NA,NA,236,50,49,1,NA,50,98,98,0,NA,98,72,72,0,2,70,85,68,17,9,76,77,73,4,NA,77,399,45,354,363,36,409,405,4,NA,409,56,56,NA,NA,56,47,47,0,2,45,36,36,0,24,12,77,77,0,0,77,17,16,1,1,16,74,29,45,0,74,101,101,NA,NA,101,57,19,38,0,57,25,24,1,NA,25,289,288,1,0,289,30,30,NA,NA,30,84,69,15,0,84,286,271,15,3,283,744,581,163,139,605,50,44,6,NA,50
M15 [Laboratory Testing],15.3.1.a,Male HIV - Number Tested,TOTAL,7157,6768,389,380,6777,129,129,0,NA,129,182,182,NA,NA,182,203,203,NA,NA,203,145,126,19,0,145,38,38,NA,NA,38,54,54,0,NA,54,213,213,0,NA,213,66,66,NA,0,66,843,843,0,0,843,60,45,15,NA,60,298,70,228,228,70,392,392,0,NA,392,124,124,NA,NA,124,384,384,0,0,384,1082,1064,18,82,1000,370,370,0,0,370,335,334,1,1,334,212,180,32,0,212,297,297,NA,NA,297,115,115,0,0,115,51,51,NA,NA,51,656,651,5,0,656,276,276,NA,NA,276,113,111,2,6,107,319,319,0,NA,319,162,95,67,63,99,38,36,2,NA,38
M15 [Laboratory Testing],15.3.1.b,Male HIV - Number Positive,TOTAL,47,46,1,0,47,0,0,0,NA,0,3,3,NA,NA,3,1,1,NA,NA,1,0,0,0,0,0,0,0,NA,NA,0,1,1,0,NA,1,0,0,0,NA,0,1,1,NA,0,1,14,14,0,0,14,1,1,0,NA,1,1,1,0,0,1,0,0,0,NA,0,1,1,NA,NA,1,5,5,0,0,5,1,1,0,0,1,2,2,0,0,2,1,1,0,0,1,7,6,1,0,7,0,0,NA,NA,0,1,1,0,0,1,1,1,NA,NA,1,6,6,0,0,6,0,0,NA,NA,0,0,0,0,0,0,0,0,0,NA,0,0,0,0,0,0,0,0,0,NA,0
M15 [Laboratory Testing],15.3.2.a,Female Non ANC HIV - Number Tested,TOTAL,5142,4732,410,413,4729,102,102,0,NA,102,326,326,NA,NA,326,201,201,NA,NA,201,61,61,0,0,61,28,28,NA,NA,28,165,165,0,NA,165,194,194,0,NA,194,209,209,NA,0,209,424,424,0,0,424,37,25,12,NA,37,485,168,317,317,168,304,304,0,NA,304,84,84,NA,NA,84,227,227,0,0,227,169,144,25,54,115,234,234,0,0,234,78,78,0,0,78,130,130,0,0,130,187,187,NA,NA,187,243,243,0,0,243,115,115,NA,NA,115,314,314,0,0,314,171,171,NA,NA,171,93,89,4,2,91,416,416,0,NA,416,128,82,46,40,88,17,11,6,NA,17
M15 [Laboratory Testing],15.3.2.b,Female Non ANC HIV - Number Positive,TOTAL,21,19,2,2,19,0,0,0,NA,0,2,2,NA,NA,2,1,1,NA,NA,1,0,0,0,0,0,0,0,NA,NA,0,0,0,0,NA,0,0,0,0,NA,0,0,0,NA,0,0,6,6,0,0,6,0,0,0,NA,0,2,2,0,0,2,0,0,0,NA,0,0,0,NA,NA,0,2,2,0,0,2,0,0,0,0,0,1,1,0,0,1,0,0,0,0,0,1,1,0,0,1,1,1,NA,NA,1,0,0,0,0,0,0,0,NA,NA,0,2,2,0,0,2,0,0,NA,NA,0,0,0,0,0,0,1,1,0,NA,1,2,0,2,2,0,0,0,0,NA,0
M15 [Laboratory Testing],15.3.3.a,Number of pregnant women screened for HIV,TOTAL,35369,33927,1442,1157,34212,941,941,0,NA,941,2067,2067,NA,NA,2067,861,861,NA,39,822,2590,2101,489,14,2576,253,253,NA,NA,253,1483,1457,26,NA,1483,893,893,0,NA,893,2345,2294,51,31,2314,1472,1463,9,148,1324,146,146,0,NA,146,1806,1659,147,191,1615,1082,1082,0,NA,1082,1315,1315,NA,NA,1315,1209,1173,36,259,950,632,604,28,245,387,1828,1828,0,0,1828,1065,1065,0,0,1065,1550,1199,351,0,1550,1065,1065,NA,NA,1065,975,944,31,32,943,1332,1332,NA,NA,1332,3165,3153,12,0,3165,719,719,NA,NA,719,1328,1295,33,76,1252,1533,1525,8,NA,1533,1196,1006,190,122,1074,518,487,31,NA,518
M15 [Laboratory Testing],15.3.3.b,"Out of the above, number screened positive",TOTAL,18,18,0,0,18,0,0,0,NA,0,0,0,NA,NA,0,1,1,NA,NA,1,5,5,0,0,5,0,0,NA,NA,0,0,0,0,NA,0,0,0,0,NA,0,2,2,0,0,2,0,0,0,0,0,0,0,0,NA,0,0,0,0,0,0,1,1,0,NA,1,0,0,NA,NA,0,1,1,0,0,1,0,0,0,0,0,1,1,0,0,1,1,1,0,0,1,5,5,0,0,5,0,0,NA,NA,0,0,0,0,0,0,1,1,NA,NA,1,0,0,0,0,0,0,0,NA,NA,0,0,0,0,0,0,0,0,0,NA,0,0,0,0,0,0,0,0,0,NA,0
M15 [Laboratory Testing],15.3.3.c,"Out of the above number screened positive, number confirmed with HIV infection at Integrated Counselling and Testing Centre (ICTC)",TOTAL,16,16,0,0,16,0,0,0,NA,0,0,0,NA,NA,0,1,1,NA,NA,1,4,4,0,0,4,0,0,NA,NA,0,0,0,0,NA,0,0,0,0,NA,0,0,0,NA,0,0,0,0,0,0,0,0,0,0,NA,0,1,1,0,0,1,0,0,0,NA,0,0,0,NA,NA,0,1,1,0,0,1,0,0,0,0,0,1,1,0,0,1,2,2,0,0,2,5,5,0,0,5,0,0,NA,NA,0,0,0,0,0,0,1,1,NA,NA,1,0,0,0,0,0,0,0,NA,NA,0,0,0,0,0,0,0,0,0,NA,0,0,0,0,0,0,0,0,0,NA,0
M15 [Laboratory Testing],15.3.4.a,Number of Male STI/RTI attendees tested for syphilis,TOTAL,1509,1454,55,54,1455,57,57,0,NA,57,53,53,NA,NA,53,106,106,NA,NA,106,88,88,0,0,88,5,5,NA,NA,5,9,9,0,NA,9,40,40,0,NA,40,10,10,NA,0,10,0,0,0,0,0,61,61,0,NA,61,11,9,2,2,9,0,0,0,NA,0,2,2,NA,NA,2,250,250,0,0,250,103,75,28,35,68,50,50,0,0,50,10,10,0,0,10,145,138,7,0,145,0,0,NA,NA,0,41,41,0,0,41,31,31,NA,NA,31,46,46,0,0,46,155,155,NA,NA,155,12,12,0,0,12,0,0,0,NA,0,28,11,17,17,11,196,195,1,NA,196
M15 [Laboratory Testing],15.3.4.b,Number of Male STI/RTI attendees found sero Positive for syphilis,TOTAL,15,14,1,1,14,0,0,0,NA,0,0,0,NA,NA,0,0,0,NA,NA,0,1,1,0,0,1,0,0,NA,NA,0,2,2,0,NA,2,0,0,0,NA,0,0,0,NA,0,0,0,0,0,0,0,0,0,0,NA,0,1,0,1,1,0,0,0,0,NA,0,0,0,NA,NA,0,0,0,0,0,0,6,6,0,0,6,2,2,0,0,2,1,1,0,0,1,0,0,0,0,0,0,0,NA,NA,0,2,2,0,0,2,0,0,NA,NA,0,0,0,0,0,0,0,0,NA,NA,0,0,0,0,0,0,0,0,0,NA,0,0,0,0,0,0,0,0,0,NA,0
M15 [Laboratory Testing],15.3.4.c,Number of Female (Non ANC)STI/RTI attendees tested for syphilis,TOTAL,1809,1654,155,160,1649,20,20,0,NA,20,199,194,5,NA,199,74,74,NA,NA,74,224,224,0,0,224,0,0,NA,NA,0,54,54,0,NA,54,106,106,0,NA,106,49,49,NA,0,49,0,0,0,0,0,30,30,0,NA,30,90,0,90,90,0,0,0,0,NA,0,2,2,NA,NA,2,57,57,0,0,57,114,89,25,40,74,24,24,0,0,24,0,0,0,0,0,0,0,0,0,0,0,0,NA,NA,0,112,112,0,0,112,194,194,NA,NA,194,104,104,0,0,104,155,155,NA,NA,155,18,18,0,0,18,0,0,0,NA,0,168,138,30,30,138,15,10,5,NA,15
M15 [Laboratory Testing],15.3.4.d,Number of Female (Non ANC) STI/RTI attendees found sero Positive for syphilis,TOTAL,6,6,0,0,6,0,0,0,NA,0,0,0,NA,NA,0,0,0,NA,NA,0,0,0,0,0,0,0,0,NA,NA,0,0,0,0,NA,0,0,0,0,NA,0,0,0,NA,0,0,0,0,0,0,0,0,0,0,NA,0,0,0,0,0,0,0,0,0,NA,0,0,0,NA,NA,0,0,0,0,0,0,2,2,0,0,2,1,1,0,0,1,0,0,0,0,0,0,0,0,0,0,0,0,NA,NA,0,3,3,0,0,3,0,0,NA,NA,0,0,0,0,0,0,0,0,NA,NA,0,0,0,0,0,0,0,0,0,NA,0,0,0,0,0,0,0,0,0,NA,0
M15 [Laboratory Testing],15.4.1,Widal tests - Number Tested,TOTAL,8483,7487,996,648,7835,120,120,0,NA,120,415,400,15,NA,415,377,377,NA,NA,377,483,356,127,6,477,600,600,NA,NA,600,194,125,69,NA,194,240,240,0,NA,240,459,459,NA,0,459,34,34,0,0,34,23,20,3,NA,23,571,367,204,208,363,91,82,9,NA,91,342,342,NA,NA,342,220,220,0,0,220,409,305,104,164,245,553,553,0,0,553,227,227,0,0,227,342,273,69,32,310,95,95,NA,NA,95,398,322,76,3,395,342,342,NA,NA,342,222,222,0,2,220,401,401,NA,NA,401,113,96,17,0,113,133,111,22,NA,133,252,1,251,233,19,827,797,30,NA,827
M15 [Laboratory Testing],15.4.2,Widal tests - Number Positive,TOTAL,1082,855,227,166,916,11,11,0,NA,11,82,79,3,NA,82,83,83,NA,NA,83,104,53,51,0,104,40,40,NA,NA,40,2,2,0,NA,2,25,25,0,NA,25,40,40,NA,0,40,0,0,0,0,0,1,1,0,NA,1,119,86,33,35,84,0,0,0,NA,0,98,98,NA,NA,98,5,5,0,0,5,52,26,26,36,16,27,27,0,0,27,32,32,0,0,32,31,27,4,0,31,2,2,NA,NA,2,21,16,5,0,21,17,17,NA,NA,17,15,15,0,0,15,70,70,NA,NA,70,4,4,0,0,4,7,0,7,NA,7,96,0,96,95,1,98,96,2,NA,98
M15 [Laboratory Testing],15.5.1,Radiology - X-ray,TOTAL,63617,56731,6886,4974,58643,901,901,NA,NA,901,3382,3382,0,NA,3382,447,447,NA,NA,447,7288,6770,518,0,7288,61,61,NA,NA,61,3231,2888,343,NA,3231,870,870,0,NA,870,911,911,NA,NA,911,4281,3659,622,622,3659,564,564,NA,NA,564,4183,1332,2851,2851,1332,3471,3471,NA,NA,3471,2313,2313,NA,NA,2313,4588,4588,0,0,4588,3443,3443,NA,183,3260,2078,2078,0,0,2078,557,557,NA,NA,557,2456,1735,721,0,2456,885,885,NA,NA,885,1458,1458,0,0,1458,593,593,NA,NA,593,3465,3226,239,239,3226,2920,2920,NA,NA,2920,1762,1762,0,NA,1762,3065,2736,329,NA,3065,2428,1288,1140,1079,1349,2016,1893,123,NA,2016
M15 [Laboratory Testing],15.5.2,Radiology - Ultrasonography (USG),TOTAL,19379,19379,NA,NA,19379,264,264,NA,NA,264,1717,1717,NA,NA,1717,6,6,NA,NA,6,3113,3113,NA,NA,3113,414,414,NA,NA,414,65,65,NA,NA,65,295,295,NA,NA,295,627,627,NA,NA,627,3855,3855,NA,NA,3855,117,117,NA,NA,117,NA,NA,NA,NA,NA,371,371,NA,NA,371,3,3,NA,NA,3,1313,1313,NA,NA,1313,2333,2333,NA,NA,2333,391,391,NA,NA,391,302,302,NA,NA,302,296,296,NA,NA,296,207,207,NA,NA,207,514,514,NA,NA,514,165,165,NA,NA,165,465,465,NA,NA,465,226,226,NA,NA,226,600,600,NA,NA,600,1582,1582,NA,NA,1582,36,36,NA,NA,36,102,102,NA,NA,102
M16 [Details of deaths reported with probable causes:],16.1,Infant deaths within 24 hrs(1 to 23 Hrs) of birth,TOTAL,163,159,4,3,160,9,9,0,NA,9,6,6,NA,NA,6,3,2,1,1,2,3,3,0,0,3,1,1,NA,NA,1,2,2,0,NA,2,5,5,NA,NA,5,12,12,0,0,12,15,15,0,0,15,1,1,0,NA,1,1,1,0,0,1,20,20,0,NA,20,11,11,NA,NA,11,2,1,1,1,1,20,20,NA,0,20,3,3,0,0,3,0,0,0,0,0,11,11,0,0,11,4,4,NA,NA,4,2,2,0,0,2,2,2,NA,NA,2,3,3,0,1,2,3,3,0,NA,3,3,3,0,0,3,11,9,2,NA,11,7,7,0,0,7,3,3,0,NA,3
M16 [Details of deaths reported with probable causes:],16.2.1,Infant Deaths up to 4 weeks due to Sepsis,TOTAL,104,100,4,2,102,2,2,0,NA,2,1,1,NA,NA,1,1,1,NA,NA,1,15,15,0,0,15,0,0,NA,NA,0,0,0,0,NA,0,2,2,NA,NA,2,3,3,0,0,3,14,14,0,0,14,1,1,0,NA,1,1,1,0,0,1,3,3,0,NA,3,0,0,NA,NA,0,30,28,2,2,28,20,20,NA,0,20,0,0,0,0,0,0,0,0,0,0,5,3,2,0,5,1,1,NA,NA,1,0,0,0,0,0,0,0,NA,NA,0,2,2,0,0,2,0,0,0,NA,0,0,0,0,0,0,3,3,0,NA,3,0,0,0,0,0,0,0,0,NA,0
M16 [Details of deaths reported with probable causes:],16.2.2,Infant Deaths up to 4 weeks due to Asphyxia,TOTAL,202,197,5,0,202,0,0,0,NA,0,28,28,NA,NA,28,0,0,NA,NA,0,14,14,0,0,14,0,0,NA,NA,0,6,6,0,NA,6,6,6,NA,NA,6,8,8,0,0,8,19,19,0,0,19,0,0,0,NA,0,18,18,0,0,18,1,1,0,NA,1,0,0,NA,NA,0,3,3,0,0,3,46,46,NA,0,46,1,1,0,0,1,0,0,0,0,0,10,10,0,0,10,1,1,NA,NA,1,7,7,0,0,7,2,2,NA,NA,2,4,4,0,0,4,4,0,4,NA,4,2,2,0,0,2,17,17,0,NA,17,4,3,1,0,4,1,1,0,NA,1
M16 [Details of deaths reported with probable causes:],16.2.3,Infant Deaths up to 4 weeks due to Other causes,TOTAL,372,354,18,10,362,12,12,0,NA,12,31,31,NA,NA,31,16,10,6,8,8,38,37,1,0,38,3,3,NA,NA,3,12,12,0,NA,12,7,7,NA,NA,7,37,37,0,0,37,4,3,1,0,4,3,3,0,NA,3,20,20,0,0,20,7,7,0,NA,7,13,13,NA,NA,13,8,8,0,0,8,33,33,NA,0,33,7,7,0,0,7,3,3,0,0,3,31,28,3,2,29,13,13,NA,NA,13,6,4,2,0,6,5,5,NA,NA,5,27,24,3,0,27,2,2,0,NA,2,5,5,0,0,5,19,17,2,NA,19,4,4,0,0,4,6,6,0,NA,6
M16 [Details of deaths reported with probable causes:],16.3.1,Number of Infant Deaths (1 -12 months) due to Pneumonia,TOTAL,73,73,0,0,73,9,9,0,NA,9,3,3,NA,NA,3,1,1,NA,NA,1,2,2,0,0,2,0,0,NA,NA,0,3,3,0,NA,3,2,2,NA,NA,2,1,1,0,0,1,2,2,0,0,2,0,0,0,NA,0,3,3,0,0,3,2,2,0,NA,2,4,4,NA,NA,4,1,1,0,0,1,4,4,NA,0,4,0,0,0,0,0,0,0,0,0,0,7,7,0,0,7,3,3,NA,NA,3,5,5,0,0,5,2,2,NA,NA,2,8,8,0,0,8,2,2,0,NA,2,1,1,0,0,1,5,5,0,NA,5,0,0,0,0,0,3,3,0,NA,3
M16 [Details of deaths reported with probable causes:],16.3.2,Number of Infant Deaths (1 -12 months) due to Diarrhoea,TOTAL,4,4,0,0,4,1,1,0,NA,1,0,0,NA,NA,0,0,0,NA,NA,0,1,1,0,0,1,0,0,NA,NA,0,0,0,0,NA,0,0,0,NA,NA,0,1,1,0,0,1,0,0,0,0,0,0,0,0,NA,0,0,0,0,0,0,0,0,0,NA,0,0,0,NA,NA,0,0,0,0,0,0,0,0,NA,0,0,0,0,0,0,0,0,0,0,0,0,1,1,0,0,1,0,0,NA,NA,0,0,0,0,0,0,0,0,NA,NA,0,0,0,0,0,0,0,0,0,NA,0,0,0,0,0,0,0,0,0,NA,0,0,0,0,0,0,0,0,0,NA,0
M16 [Details of deaths reported with probable causes:],16.3.3,Number of Infant Deaths (1 -12 months) due to Fever related,TOTAL,21,21,0,0,21,0,0,0,NA,0,0,0,NA,NA,0,0,0,NA,NA,0,3,3,0,0,3,0,0,NA,NA,0,0,0,0,NA,0,1,1,NA,NA,1,0,0,0,0,0,3,3,0,0,3,0,0,0,NA,0,3,3,0,0,3,0,0,0,NA,0,1,1,NA,NA,1,1,1,0,0,1,0,0,NA,0,0,0,0,0,0,0,1,1,0,0,1,3,3,0,0,3,0,0,NA,NA,0,0,0,0,0,0,0,0,NA,NA,0,3,3,0,0,3,2,2,0,NA,2,0,0,0,0,0,0,0,0,NA,0,0,0,0,0,0,0,0,0,NA,0
M16 [Details of deaths reported with probable causes:],16.3.4,Number of Infant Deaths (1 -12 months) due to Measles,TOTAL,0,0,0,0,0,0,0,0,NA,0,0,0,NA,NA,0,0,0,NA,NA,0,0,0,0,0,0,0,0,NA,NA,0,0,0,0,NA,0,0,0,NA,NA,0,0,0,0,0,0,0,0,0,0,0,0,0,0,NA,0,0,0,0,0,0,0,0,0,NA,0,0,0,NA,NA,0,0,0,0,0,0,0,0,NA,0,0,0,0,0,0,0,0,0,0,0,0,0,0,0,0,0,0,0,NA,NA,0,0,0,0,0,0,0,0,NA,NA,0,0,0,0,0,0,0,0,0,NA,0,0,0,0,0,0,0,0,0,NA,0,0,0,0,0,0,0,0,0,NA,0
M16 [Details of deaths reported with probable causes:],16.3.5,Number of Infant Deaths (1 -12 months) due to Others,TOTAL,259,256,3,2,257,19,19,0,NA,19,14,14,NA,NA,14,8,8,NA,1,7,27,27,0,0,27,3,3,NA,NA,3,5,5,0,NA,5,8,8,NA,NA,8,11,11,0,0,11,2,2,0,0,2,1,1,0,NA,1,15,15,0,0,15,13,13,0,NA,13,13,13,NA,NA,13,11,11,0,0,11,18,18,NA,0,18,8,8,0,0,8,3,3,0,0,3,20,19,1,0,20,14,14,NA,NA,14,1,1,0,0,1,4,4,NA,NA,4,12,12,0,1,11,2,2,0,NA,2,3,3,0,0,3,11,10,1,NA,11,8,7,1,0,8,5,5,0,NA,5
M16 [Details of deaths reported with probable causes:],16.4.1,Number of Child Deaths (1 -5 years) due to Pneumonia,TOTAL,6,5,1,0,6,0,0,0,NA,0,0,0,NA,NA,0,0,0,NA,NA,0,0,0,0,0,0,1,1,NA,NA,1,0,0,0,NA,0,1,1,NA,NA,1,0,0,0,0,0,1,1,0,0,1,0,0,0,NA,0,0,0,0,0,0,0,0,0,NA,0,0,0,NA,NA,0,1,1,0,0,1,0,0,NA,0,0,0,0,0,0,0,0,0,0,0,0,0,0,0,0,0,0,0,NA,NA,0,0,0,0,0,0,0,0,NA,NA,0,1,1,0,0,1,0,0,0,NA,0,0,0,0,0,0,0,0,0,NA,0,0,0,0,0,0,1,0,1,NA,1
M16 [Details of deaths reported with probable causes:],16.4.2,Number of Child Deaths (1 -5 years) due to Diarrhoea,TOTAL,5,5,0,0,5,1,1,0,NA,1,1,1,NA,NA,1,0,0,NA,NA,0,0,0,0,0,0,0,0,NA,NA,0,0,0,0,NA,0,2,2,NA,NA,2,1,1,0,0,1,0,0,0,0,0,0,0,0,NA,0,0,0,0,0,0,0,0,0,NA,0,0,0,NA,NA,0,0,0,0,0,0,0,0,NA,0,0,0,0,0,0,0,0,0,0,0,0,0,0,0,0,0,0,0,NA,NA,0,0,0,0,0,0,0,0,NA,NA,0,0,0,0,0,0,0,0,0,NA,0,0,0,0,0,0,0,0,0,NA,0,0,0,0,0,0,0,0,0,NA,0
M16 [Details of deaths reported with probable causes:],16.4.3,Number of Child Deaths (1 -5 years) due to Fever related,TOTAL,8,8,0,0,8,0,0,0,NA,0,0,0,NA,NA,0,0,0,NA,NA,0,0,0,0,0,0,0,0,NA,NA,0,0,0,0,NA,0,0,0,NA,NA,0,0,0,0,0,0,2,2,0,0,2,1,1,0,NA,1,0,0,0,0,0,0,0,0,NA,0,1,1,NA,NA,1,0,0,0,0,0,0,0,NA,0,0,0,0,0,0,0,0,0,0,0,0,1,1,0,0,1,0,0,NA,NA,0,1,1,0,0,1,0,0,NA,NA,0,1,1,0,0,1,1,1,0,NA,1,0,0,0,0,0,0,0,0,NA,0,0,0,0,0,0,0,0,0,NA,0
M16 [Details of deaths reported with probable causes:],16.4.4,Number of Child Deaths (1 -5 years) due to Measles,TOTAL,1,1,0,0,1,0,0,0,NA,0,0,0,NA,NA,0,0,0,NA,NA,0,0,0,0,0,0,0,0,NA,NA,0,0,0,0,NA,0,0,0,NA,NA,0,0,0,0,0,0,0,0,0,0,0,0,0,0,NA,0,0,0,0,0,0,0,0,0,NA,0,0,0,NA,NA,0,0,0,0,0,0,0,0,NA,0,0,0,0,0,0,0,0,0,0,0,0,1,1,0,0,1,0,0,NA,NA,0,0,0,0,0,0,0,0,NA,NA,0,0,0,0,0,0,0,0,0,NA,0,0,0,0,0,0,0,0,0,NA,0,0,0,0,0,0,0,0,0,NA,0
M16 [Details of deaths reported with probable causes:],16.4.5,Number of Child Deaths (1 -5 years) due to Others,TOTAL,58,56,2,0,58,1,1,0,NA,1,5,5,NA,NA,5,0,0,NA,NA,0,0,0,0,0,0,1,1,NA,NA,1,0,0,0,NA,0,6,6,NA,NA,6,5,5,0,0,5,3,3,0,0,3,0,0,0,NA,0,1,1,0,0,1,4,4,0,NA,4,2,2,NA,NA,2,3,3,0,0,3,4,4,NA,0,4,4,4,0,0,4,0,0,0,0,0,3,3,0,0,3,0,0,NA,NA,0,0,0,0,0,0,2,2,NA,NA,2,8,7,1,0,8,1,1,0,NA,1,1,1,0,0,1,2,2,0,NA,2,1,0,1,0,1,1,1,0,NA,1
M16 [Details of deaths reported with probable causes:],16.5.1,Number of Maternal Deaths due to Bleeding,TOTAL,12,11,1,0,12,0,0,0,NA,0,0,0,NA,NA,0,0,0,NA,NA,0,0,0,0,0,0,0,0,NA,NA,0,1,1,0,NA,1,0,0,NA,NA,0,1,1,0,0,1,0,0,0,0,0,0,0,0,NA,0,2,2,0,0,2,0,0,0,NA,0,0,0,NA,NA,0,0,0,0,0,0,0,0,NA,0,0,0,0,0,0,0,1,1,0,0,1,0,0,0,0,0,0,0,NA,NA,0,1,1,0,0,1,0,0,NA,NA,0,2,2,0,0,2,0,0,0,NA,0,1,1,0,0,1,2,1,1,NA,2,1,1,0,0,1,0,0,0,NA,0
M16 [Details of deaths reported with probable causes:],16.5.2,Number of Maternal Deaths due to High fever,TOTAL,0,0,0,0,0,0,0,0,NA,0,0,0,NA,NA,0,0,0,NA,NA,0,0,0,0,0,0,0,0,NA,NA,0,0,0,0,NA,0,0,0,NA,NA,0,0,0,0,0,0,0,0,0,0,0,0,0,0,NA,0,0,0,0,0,0,0,0,0,NA,0,0,0,NA,NA,0,0,0,0,0,0,0,0,NA,0,0,0,0,0,0,0,0,0,0,0,0,0,0,0,0,0,0,0,NA,NA,0,0,0,0,0,0,0,0,NA,NA,0,0,0,0,0,0,0,0,0,NA,0,0,0,0,0,0,0,0,0,NA,0,0,0,0,0,0,0,0,0,NA,0
M16 [Details of deaths reported with probable causes:],16.5.3,Number of Maternal Deaths due to Abortion,TOTAL,0,0,0,0,0,0,0,0,NA,0,0,0,NA,NA,0,0,0,NA,NA,0,0,0,0,0,0,0,0,NA,NA,0,0,0,0,NA,0,0,0,NA,NA,0,0,0,0,0,0,0,0,0,0,0,0,0,0,NA,0,0,0,0,0,0,0,0,0,NA,0,0,0,NA,NA,0,0,0,0,0,0,0,0,NA,0,0,0,0,0,0,0,0,0,0,0,0,0,0,0,0,0,0,0,NA,NA,0,0,0,0,0,0,0,0,NA,NA,0,0,0,0,0,0,0,0,0,NA,0,0,0,0,0,0,0,0,0,NA,0,0,0,0,0,0,0,0,0,NA,0
M16 [Details of deaths reported with probable causes:],16.5.4,Number of Maternal Deaths due to Obstructed/prolonged labour,TOTAL,5,5,0,0,5,0,0,0,NA,0,0,0,NA,NA,0,0,0,NA,NA,0,0,0,0,0,0,0,0,NA,NA,0,0,0,0,NA,0,0,0,NA,NA,0,0,0,0,0,0,1,1,0,0,1,0,0,0,NA,0,0,0,0,0,0,1,1,0,NA,1,0,0,NA,NA,0,0,0,0,0,0,0,0,NA,0,0,0,0,0,0,0,0,0,0,0,0,0,0,0,0,0,0,0,NA,NA,0,0,0,0,0,0,0,0,NA,NA,0,2,2,0,0,2,0,0,0,NA,0,0,0,0,0,0,1,1,0,NA,1,0,0,0,0,0,0,0,0,NA,0
M16 [Details of deaths reported with probable causes:],16.5.5,Number of Maternal Deaths due to Severe hypertesnion/fits,TOTAL,11,11,0,0,11,1,1,0,NA,1,3,3,NA,NA,3,1,1,NA,NA,1,0,0,0,0,0,0,0,NA,NA,0,0,0,0,NA,0,0,0,NA,NA,0,2,2,0,0,2,0,0,0,0,0,0,0,0,NA,0,0,0,0,0,0,0,0,0,NA,0,0,0,NA,NA,0,0,0,0,0,0,2,2,NA,0,2,0,0,0,0,0,0,0,0,0,0,0,0,0,0,0,0,0,NA,NA,0,0,0,0,0,0,0,0,NA,NA,0,2,2,0,0,2,0,0,0,NA,0,0,0,0,0,0,0,0,0,NA,0,0,0,0,0,0,0,0,0,NA,0
M16 [Details of deaths reported with probable causes:],16.5.6,Number of Maternal Deaths due to Other Causes (including causes not known),TOTAL,72,71,1,2,70,0,0,0,NA,0,2,2,NA,NA,2,0,0,NA,NA,0,10,10,0,0,10,0,0,NA,NA,0,2,2,0,NA,2,1,1,NA,NA,1,6,6,0,0,6,5,5,0,1,4,0,0,0,NA,0,9,9,0,1,8,1,1,0,NA,1,3,3,NA,NA,3,2,2,0,0,2,7,7,NA,0,7,0,0,0,0,0,1,1,0,0,1,6,6,0,0,6,1,1,NA,NA,1,0,0,0,0,0,2,2,NA,NA,2,3,3,0,0,3,0,0,0,NA,0,0,0,0,0,0,7,7,0,NA,7,1,1,0,0,1,3,2,1,NA,3
M16 [Details of deaths reported with probable causes:],16.6,Total Facility Based Maternal Death Reviews (FBMDR) done,TOTAL,35,35,0,0,35,0,0,NA,NA,0,0,0,NA,NA,0,0,0,NA,NA,0,9,9,0,0,9,0,0,NA,NA,0,0,0,0,NA,0,1,1,NA,NA,1,0,0,NA,NA,0,3,3,0,NA,3,0,0,NA,NA,0,3,3,0,0,3,0,0,NA,NA,0,0,0,NA,NA,0,2,2,0,0,2,9,9,NA,0,9,0,0,0,0,0,0,0,NA,NA,0,0,0,0,0,0,0,0,NA,NA,0,1,1,0,0,1,0,0,NA,NA,0,5,5,0,0,5,0,0,0,NA,0,1,1,0,NA,1,0,0,0,NA,0,1,1,0,0,1,0,0,NA,NA,0
M16 [Details of deaths reported with probable causes:],16.7.1,Number of Adolscent / Adult deaths due to Diarrhoeal diseases,TOTAL,7,5,2,0,7,0,0,0,NA,0,0,0,NA,NA,0,0,0,NA,NA,0,1,0,1,0,1,0,0,NA,NA,0,1,1,0,NA,1,0,0,NA,NA,0,0,0,0,0,0,1,1,0,0,1,0,0,0,NA,0,0,0,0,0,0,0,0,0,NA,0,0,0,NA,NA,0,0,0,0,0,0,0,0,NA,0,0,0,0,0,0,0,1,1,0,0,1,1,1,0,0,1,0,0,NA,NA,0,0,0,0,0,0,0,0,NA,NA,0,1,1,0,0,1,0,0,0,NA,0,0,0,0,0,0,0,0,0,NA,0,1,0,1,0,1,0,0,0,NA,0
M16 [Details of deaths reported with probable causes:],16.7.2,Number of Adolscent / Adult deaths due to Tuberculosis,TOTAL,39,31,8,0,39,2,2,0,NA,2,0,0,NA,NA,0,0,0,NA,NA,0,9,7,2,0,9,1,1,NA,NA,1,2,2,0,NA,2,0,0,NA,NA,0,1,1,0,0,1,1,0,1,0,1,0,0,0,NA,0,1,1,0,0,1,2,2,0,NA,2,0,0,NA,NA,0,2,2,0,0,2,0,0,NA,0,0,2,2,0,0,2,1,1,0,0,1,0,0,0,0,0,1,1,NA,NA,1,1,0,1,0,1,0,0,NA,NA,0,5,5,0,0,5,0,0,0,NA,0,1,1,0,0,1,2,0,2,NA,2,2,0,2,0,2,3,3,0,NA,3
M16 [Details of deaths reported with probable causes:],16.7.3,Number of Adolscent / Adult deaths due to Respiratory diseases including infections (other than TB),TOTAL,112,103,9,0,112,3,3,0,NA,3,4,4,NA,NA,4,2,2,NA,NA,2,4,4,0,0,4,2,2,NA,NA,2,7,7,0,NA,7,1,1,NA,NA,1,2,2,0,0,2,3,3,0,0,3,0,0,0,NA,0,4,4,0,0,4,9,9,0,NA,9,4,4,NA,NA,4,0,0,0,0,0,1,1,NA,0,1,8,8,0,0,8,2,2,0,0,2,3,3,0,0,3,1,1,NA,NA,1,4,4,0,0,4,6,6,NA,NA,6,10,10,0,0,10,4,4,0,NA,4,0,0,0,0,0,6,3,3,NA,6,15,10,5,0,15,7,6,1,NA,7
M16 [Details of deaths reported with probable causes:],16.7.4,Number of Adolscent / Adult deaths due to Other Fever Related,TOTAL,121,116,5,4,117,7,7,0,NA,7,2,2,NA,NA,2,2,2,NA,NA,2,32,32,0,0,32,2,2,NA,NA,2,4,4,0,NA,4,0,0,NA,NA,0,6,6,0,0,6,2,2,0,0,2,2,2,0,NA,2,11,11,0,0,11,1,1,0,NA,1,6,6,NA,NA,6,1,0,1,1,0,1,1,NA,0,1,1,1,0,0,1,4,4,0,0,4,0,0,0,0,0,7,7,NA,NA,7,1,1,0,0,1,2,2,NA,NA,2,4,4,0,0,4,6,6,0,NA,6,2,2,0,0,2,6,5,1,NA,6,3,0,3,3,0,6,6,0,NA,6
M16 [Details of deaths reported with probable causes:],16.7.5,Number of Adolscent / Adult deaths due to HIV/AIDS,TOTAL,0,0,0,0,0,0,0,0,NA,0,0,0,NA,NA,0,0,0,NA,NA,0,0,0,0,0,0,0,0,NA,NA,0,0,0,0,NA,0,0,0,NA,NA,0,0,0,0,0,0,0,0,0,0,0,0,0,0,NA,0,0,0,0,0,0,0,0,0,NA,0,0,0,NA,NA,0,0,0,0,0,0,0,0,NA,0,0,0,0,0,0,0,0,0,0,0,0,0,0,0,0,0,0,0,NA,NA,0,0,0,0,0,0,0,0,NA,NA,0,0,0,0,0,0,0,0,0,NA,0,0,0,0,0,0,0,0,0,NA,0,0,0,0,0,0,0,0,0,NA,0
M16 [Details of deaths reported with probable causes:],16.7.6,Number of Adolscent / Adult deaths due to Heart disease/Hypertension related,TOTAL,476,433,43,2,474,22,22,0,NA,22,26,26,NA,NA,26,7,7,NA,NA,7,17,16,1,0,17,5,5,NA,NA,5,32,32,0,NA,32,4,4,NA,NA,4,15,15,0,0,15,12,10,2,0,12,3,1,2,NA,3,13,13,0,0,13,31,31,0,NA,31,14,14,NA,NA,14,9,7,2,2,7,5,5,NA,0,5,25,25,0,0,25,7,7,0,0,7,3,3,0,0,3,16,16,NA,NA,16,32,32,0,0,32,11,11,NA,NA,11,47,44,3,0,47,12,12,0,NA,12,12,12,0,0,12,51,37,14,NA,51,24,7,17,0,24,21,19,2,NA,21
M16 [Details of deaths reported with probable causes:],16.7.7,Number of Adolscent / Adult deaths due to Cancer,TOTAL,208,208,0,4,204,12,12,0,NA,12,9,9,NA,NA,9,13,13,NA,3,10,6,6,0,0,6,4,4,NA,NA,4,12,12,0,NA,12,3,3,NA,NA,3,9,9,0,0,9,6,6,0,0,6,2,2,0,NA,2,6,6,0,0,6,9,9,0,NA,9,0,0,NA,NA,0,6,6,0,1,5,6,6,NA,0,6,24,24,0,0,24,3,3,0,0,3,0,0,0,0,0,3,3,NA,NA,3,3,3,0,0,3,5,5,NA,NA,5,18,18,0,0,18,17,17,0,NA,17,5,5,0,0,5,20,20,0,NA,20,3,3,0,0,3,4,4,0,NA,4
M16 [Details of deaths reported with probable causes:],16.7.8,Number of Adolscent / Adult deaths due to Neurological disease including strokes,TOTAL,141,135,6,0,141,1,1,0,NA,1,12,12,NA,NA,12,3,3,NA,NA,3,32,32,0,0,32,0,0,NA,NA,0,1,1,0,NA,1,2,2,NA,NA,2,4,4,0,0,4,1,0,1,0,1,6,6,0,NA,6,6,6,0,0,6,3,3,0,NA,3,3,3,NA,NA,3,4,4,0,0,4,0,0,NA,0,0,3,3,0,0,3,2,2,0,0,2,1,1,0,0,1,7,7,NA,NA,7,2,2,0,0,2,2,2,NA,NA,2,18,18,0,0,18,5,5,0,NA,5,5,5,0,0,5,14,11,3,NA,14,3,1,2,0,3,1,1,0,NA,1
M16 [Details of deaths reported with probable causes:],16.7.9,Number of Adolscent / Adult deaths due to Accidents/Burn cases,TOTAL,156,151,5,0,156,8,8,0,NA,8,9,9,NA,NA,9,7,7,NA,NA,7,2,2,0,0,2,3,3,NA,NA,3,5,5,0,NA,5,4,4,NA,NA,4,3,3,0,0,3,4,4,0,0,4,1,1,0,NA,1,7,7,0,0,7,15,15,0,NA,15,2,2,NA,NA,2,2,2,0,0,2,3,3,NA,0,3,12,12,0,0,12,8,8,0,0,8,0,0,0,0,0,7,7,NA,NA,7,6,6,0,0,6,0,0,NA,NA,0,12,11,1,0,12,7,7,0,NA,7,1,1,0,0,1,11,11,0,NA,11,7,3,4,0,7,10,10,0,NA,10
M16 [Details of deaths reported with probable causes:],16.7.10,Number of Adolscent / Adult deaths due to Suicide,TOTAL,78,74,4,0,78,4,4,0,NA,4,4,4,NA,NA,4,1,1,NA,NA,1,0,0,0,0,0,3,3,NA,NA,3,2,2,0,NA,2,0,0,NA,NA,0,7,7,0,0,7,0,0,0,0,0,0,0,0,NA,0,4,4,0,0,4,3,3,0,NA,3,2,2,NA,NA,2,2,2,0,0,2,0,0,NA,0,0,13,13,0,0,13,0,0,0,0,0,1,1,0,0,1,3,3,NA,NA,3,3,3,0,0,3,2,2,NA,NA,2,6,6,0,0,6,2,2,0,NA,2,3,3,0,0,3,4,4,0,NA,4,5,1,4,0,5,4,4,0,NA,4
M16 [Details of deaths reported with probable causes:],16.7.11,Number of Adolscent / Adult deaths due to Animal bites and stings,TOTAL,15,15,0,0,15,0,0,0,NA,0,2,2,NA,NA,2,1,1,NA,NA,1,0,0,0,0,0,1,1,NA,NA,1,0,0,0,NA,0,0,0,NA,NA,0,6,6,0,0,6,0,0,0,0,0,0,0,0,NA,0,0,0,0,0,0,1,1,0,NA,1,0,0,NA,NA,0,0,0,0,0,0,0,0,NA,0,0,0,0,0,0,0,0,0,0,0,0,0,0,0,0,0,0,0,NA,NA,0,0,0,0,0,0,0,0,NA,NA,0,4,4,0,0,4,0,0,0,NA,0,0,0,0,0,0,0,0,0,NA,0,0,0,0,0,0,0,0,0,NA,0
M16 [Details of deaths reported with probable causes:],16.7.12,Number of Adolscent / Adult deaths due to Known Acute Disease,TOTAL,216,206,10,0,216,16,16,0,NA,16,7,7,NA,NA,7,6,6,NA,NA,6,6,6,0,0,6,1,1,NA,NA,1,13,13,0,NA,13,0,0,NA,NA,0,14,14,0,0,14,6,6,0,0,6,1,1,0,NA,1,9,9,0,0,9,21,21,0,NA,21,12,12,NA,NA,12,0,0,0,0,0,2,2,NA,0,2,19,19,0,0,19,7,7,0,0,7,8,8,0,0,8,9,9,NA,NA,9,1,1,0,0,1,1,1,NA,NA,1,7,7,0,0,7,11,11,0,NA,11,5,5,0,0,5,22,19,3,NA,22,9,2,7,0,9,3,3,0,NA,3
M16 [Details of deaths reported with probable causes:],16.7.13,Number of Adolscent / Adult deaths due to Known Chronic Disease,TOTAL,420,378,42,6,414,7,7,0,NA,7,8,8,NA,NA,8,30,30,NA,2,28,11,11,0,0,11,9,9,NA,NA,9,27,27,0,NA,27,1,1,NA,NA,1,12,12,0,0,12,27,17,10,0,27,5,5,0,NA,5,19,18,1,1,18,26,26,0,NA,26,13,13,NA,NA,13,11,8,3,3,8,7,7,NA,0,7,31,31,0,0,31,7,7,0,0,7,1,1,0,0,1,14,14,NA,NA,14,4,4,0,0,4,9,9,NA,NA,9,22,22,0,0,22,14,14,0,NA,14,8,8,0,0,8,48,41,7,NA,48,30,11,19,0,30,19,17,2,NA,19
M16 [Details of deaths reported with probable causes:],16.7.14,Number of Adolscent / Adult deaths due to Causes not known,TOTAL,1639,1548,91,2,1637,39,39,0,NA,39,183,183,NA,NA,183,51,51,NA,1,50,82,82,0,0,82,27,27,NA,NA,27,26,26,0,NA,26,30,30,NA,NA,30,89,87,2,0,89,46,36,10,0,46,21,20,1,NA,21,52,52,0,0,52,79,76,3,NA,79,101,101,NA,NA,101,21,21,0,0,21,21,21,NA,0,21,179,179,0,0,179,30,29,1,1,29,38,38,0,0,38,47,47,NA,NA,47,49,49,0,0,49,23,23,NA,NA,23,91,79,12,0,91,75,75,0,NA,75,26,24,2,0,26,140,109,31,NA,140,38,15,23,0,38,35,29,6,NA,35
M16 [Details of deaths reported with probable causes:],16.8.1,Number of Deaths due to Malaria- Plasmodium Vivax,TOTAL,0,0,0,0,0,0,0,0,NA,0,0,0,NA,NA,0,0,0,NA,NA,0,0,0,0,0,0,0,0,NA,NA,0,0,0,0,NA,0,0,0,NA,NA,0,0,0,0,0,0,0,0,0,0,0,0,0,0,NA,0,0,0,0,0,0,0,0,0,NA,0,0,0,NA,NA,0,0,0,0,0,0,0,0,NA,0,0,0,0,0,0,0,0,0,0,0,0,0,0,0,0,0,0,0,NA,NA,0,0,0,0,0,0,0,0,NA,NA,0,0,0,0,0,0,0,0,0,NA,0,0,0,0,0,0,0,0,0,NA,0,0,0,0,0,0,0,0,0,NA,0
M16 [Details of deaths reported with probable causes:],16.8.2,Number of Deaths due to Malaria- Plasmodium Falciparum,TOTAL,0,0,0,0,0,0,0,0,NA,0,0,0,NA,NA,0,0,0,NA,NA,0,0,0,0,0,0,0,0,NA,NA,0,0,0,0,NA,0,0,0,NA,NA,0,0,0,0,0,0,0,0,0,0,0,0,0,0,NA,0,0,0,0,0,0,0,0,0,NA,0,0,0,NA,NA,0,0,0,0,0,0,0,0,NA,0,0,0,0,0,0,0,0,0,0,0,0,0,0,0,0,0,0,0,NA,NA,0,0,0,0,0,0,0,0,NA,NA,0,0,0,0,0,0,0,0,0,NA,0,0,0,0,0,0,0,0,0,NA,0,0,0,0,0,0,0,0,0,NA,0
M16 [Details of deaths reported with probable causes:],16.8.3,Number of Deaths due to Kala Azar,TOTAL,0,0,0,0,0,0,0,0,NA,0,0,0,NA,NA,0,0,0,NA,NA,0,0,0,0,0,0,0,0,NA,NA,0,0,0,0,NA,0,0,0,NA,NA,0,0,0,NA,0,0,0,0,0,0,0,0,0,0,NA,0,0,0,0,0,0,0,0,0,NA,0,0,0,NA,NA,0,0,0,0,0,0,0,0,NA,0,0,0,0,0,0,0,0,0,0,0,0,0,0,0,0,0,0,0,NA,NA,0,0,0,0,0,0,0,0,NA,NA,0,0,0,0,0,0,0,0,0,NA,0,0,0,0,0,0,0,0,0,NA,0,0,0,0,0,0,0,0,0,NA,0
M16 [Details of deaths reported with probable causes:],16.8.4,Number of Deaths due to Dengue,TOTAL,0,0,0,0,0,0,0,0,NA,0,0,0,NA,NA,0,0,0,NA,NA,0,0,0,0,0,0,0,0,NA,NA,0,0,0,0,NA,0,0,0,NA,NA,0,0,0,NA,0,0,0,0,0,0,0,0,0,0,NA,0,0,0,0,0,0,0,0,0,NA,0,0,0,NA,NA,0,0,0,0,0,0,0,0,NA,0,0,0,0,0,0,0,0,0,0,0,0,0,0,0,0,0,0,0,NA,NA,0,0,0,0,0,0,0,0,NA,NA,0,0,0,0,0,0,0,0,0,NA,0,0,0,0,0,0,0,0,0,NA,0,0,0,0,0,0,0,0,0,NA,0
M16 [Details of deaths reported with probable causes:],16.8.5,Number of Deaths due to Acute Encephelitis Syndrome (AES),TOTAL,3,3,0,0,3,0,0,0,NA,0,1,1,NA,NA,1,0,0,NA,NA,0,1,1,0,0,1,0,0,NA,NA,0,0,0,0,NA,0,0,0,NA,NA,0,0,0,NA,0,0,1,1,0,0,1,0,0,0,NA,0,0,0,0,0,0,0,0,0,NA,0,0,0,NA,NA,0,0,0,0,0,0,0,0,NA,0,0,0,0,0,0,0,0,0,0,0,0,0,0,0,0,0,0,0,NA,NA,0,0,0,0,0,0,0,0,NA,NA,0,0,0,0,0,0,0,0,0,NA,0,0,0,0,0,0,0,0,0,NA,0,0,0,0,0,0,0,0,0,NA,0
M16 [Details of deaths reported with probable causes:],16.8.6,Number of Deaths due to Japanese Encephalitis (JE),TOTAL,0,0,0,0,0,0,0,0,NA,0,0,0,NA,NA,0,0,0,NA,NA,0,0,0,0,0,0,0,0,NA,NA,0,0,0,0,NA,0,0,0,NA,NA,0,0,0,NA,0,0,0,0,0,0,0,0,0,0,NA,0,0,0,0,0,0,0,0,0,NA,0,0,0,NA,NA,0,0,0,0,0,0,0,0,NA,0,0,0,0,0,0,0,0,0,0,0,0,0,0,0,0,0,0,0,NA,NA,0,0,0,0,0,0,0,0,NA,NA,0,0,0,0,0,0,0,0,0,NA,0,0,0,0,0,0,0,0,0,NA,0,0,0,0,0,0,0,0,0,NA,0
M17 [Vaccines],17.1,Vaccine - DPT,1. Balance From Previous Month,125865,NA,NA,NA,NA,5000,NA,NA,NA,NA,4790,NA,NA,NA,NA,960,NA,NA,NA,NA,2800,NA,NA,NA,NA,3280,NA,NA,NA,NA,4260,NA,NA,NA,NA,5560,NA,NA,NA,NA,6100,NA,NA,NA,NA,25,NA,NA,NA,NA,3960,NA,NA,NA,NA,2200,NA,NA,NA,NA,6640,NA,NA,NA,NA,8820,NA,NA,NA,NA,3620,NA,NA,NA,NA,2620,NA,NA,NA,NA,1300,NA,NA,NA,NA,7280,NA,NA,NA,NA,10700,NA,NA,NA,NA,6700,NA,NA,NA,NA,8270,NA,NA,NA,NA,4450,NA,NA,NA,NA,6360,NA,NA,NA,NA,7970,NA,NA,NA,NA,7820,NA,NA,NA,NA,780,NA,NA,NA,NA,0,NA,NA,NA,NA,3600,NA,NA,NA,NA
M17 [Vaccines],17.1,Vaccine - DPT,2. Stocks Received,12820,NA,NA,NA,NA,0,NA,NA,NA,NA,0,NA,NA,NA,NA,540,NA,NA,NA,NA,780,NA,NA,NA,NA,0,NA,NA,NA,NA,0,NA,NA,NA,NA,0,NA,NA,NA,NA,NA,NA,NA,NA,NA,400,NA,NA,NA,NA,0,NA,NA,NA,NA,0,NA,NA,NA,NA,0,NA,NA,NA,NA,0,NA,NA,NA,NA,6000,NA,NA,NA,NA,0,NA,NA,NA,NA,500,NA,NA,NA,NA,0,NA,NA,NA,NA,0,NA,NA,NA,NA,0,NA,NA,NA,NA,0,NA,NA,NA,NA,300,NA,NA,NA,NA,0,NA,NA,NA,NA,300,NA,NA,NA,NA,0,NA,NA,NA,NA,0,NA,NA,NA,NA,2000,NA,NA,NA,NA,2000,NA,NA,NA,NA
M17 [Vaccines],17.1,Vaccine - DPT,3. Unusable Stock,0,NA,NA,NA,NA,0,NA,NA,NA,NA,NA,NA,NA,NA,NA,NA,NA,NA,NA,NA,NA,NA,NA,NA,NA,0,NA,NA,NA,NA,0,NA,NA,NA,NA,0,NA,NA,NA,NA,NA,NA,NA,NA,NA,NA,NA,NA,NA,NA,NA,NA,NA,NA,NA,0,NA,NA,NA,NA,NA,NA,NA,NA,NA,0,NA,NA,NA,NA,NA,NA,NA,NA,NA,0,NA,NA,NA,NA,0,NA,NA,NA,NA,0,NA,NA,NA,NA,0,NA,NA,NA,NA,0,NA,NA,NA,NA,0,NA,NA,NA,NA,0,NA,NA,NA,NA,NA,NA,NA,NA,NA,0,NA,NA,NA,NA,0,NA,NA,NA,NA,0,NA,NA,NA,NA,0,NA,NA,NA,NA,NA,NA,NA,NA,NA
M17 [Vaccines],17.1,Vaccine - DPT,4. Stock Distributed,57191,NA,NA,NA,NA,750,NA,NA,NA,NA,2830,NA,NA,NA,NA,NA,NA,NA,NA,NA,3580,NA,NA,NA,NA,1720,NA,NA,NA,NA,1750,NA,NA,NA,NA,2690,NA,NA,NA,NA,5400,NA,NA,NA,NA,220,NA,NA,NA,NA,280,NA,NA,NA,NA,1810,NA,NA,NA,NA,3480,NA,NA,NA,NA,2900,NA,NA,NA,NA,3030,NA,NA,NA,NA,2620,NA,NA,NA,NA,1790,NA,NA,NA,NA,2630,NA,NA,NA,NA,4900,NA,NA,NA,NA,2200,NA,NA,NA,NA,2350,NA,NA,NA,NA,1880,NA,NA,NA,NA,NA,NA,NA,NA,NA,2900,NA,NA,NA,NA,2790,NA,NA,NA,NA,591,NA,NA,NA,NA,0,NA,NA,NA,NA,2100,NA,NA,NA,NA
M17 [Vaccines],17.1,Vaccine - DPT,5. Total Stock,81494,NA,NA,NA,NA,4250,NA,NA,NA,NA,1960,NA,NA,NA,NA,1500,NA,NA,NA,NA,0,NA,NA,NA,NA,1560,NA,NA,NA,NA,2510,NA,NA,NA,NA,2870,NA,NA,NA,NA,700,NA,NA,NA,NA,205,NA,NA,NA,NA,3680,NA,NA,NA,NA,390,NA,NA,NA,NA,3160,NA,NA,NA,NA,5920,NA,NA,NA,NA,6590,NA,NA,NA,NA,0,NA,NA,NA,NA,10,NA,NA,NA,NA,4650,NA,NA,NA,NA,5800,NA,NA,NA,NA,4500,NA,NA,NA,NA,5920,NA,NA,NA,NA,2870,NA,NA,NA,NA,6360,NA,NA,NA,NA,5370,NA,NA,NA,NA,5030,NA,NA,NA,NA,189,NA,NA,NA,NA,2000,NA,NA,NA,NA,3500,NA,NA,NA,NA
M17 [Vaccines],17.2,Vaccine - Pentavalent,1. Balance From Previous Month,327997,NA,NA,NA,NA,9750,NA,NA,NA,NA,6060,NA,NA,NA,NA,13090,NA,NA,NA,NA,21470,NA,NA,NA,NA,7120,NA,NA,NA,NA,8150,NA,NA,NA,NA,6070,NA,NA,NA,NA,15780,NA,NA,NA,NA,725,NA,NA,NA,NA,4990,NA,NA,NA,NA,33650,NA,NA,NA,NA,3390,NA,NA,NA,NA,11670,NA,NA,NA,NA,12220,NA,NA,NA,NA,4640,NA,NA,NA,NA,10820,NA,NA,NA,NA,14050,NA,NA,NA,NA,16800,NA,NA,NA,NA,21350,NA,NA,NA,NA,7460,NA,NA,NA,NA,120,NA,NA,NA,NA,11140,NA,NA,NA,NA,5640,NA,NA,NA,NA,61330,NA,NA,NA,NA,662,NA,NA,NA,NA,13710,NA,NA,NA,NA,6140,NA,NA,NA,NA
M17 [Vaccines],17.2,Vaccine - Pentavalent,2. Stocks Received,219470,NA,NA,NA,NA,0,NA,NA,NA,NA,11520,NA,NA,NA,NA,5760,NA,NA,NA,NA,25920,NA,NA,NA,NA,5760,NA,NA,NA,NA,11520,NA,NA,NA,NA,0,NA,NA,NA,NA,NA,NA,NA,NA,NA,2190,NA,NA,NA,NA,0,NA,NA,NA,NA,5760,NA,NA,NA,NA,14400,NA,NA,NA,NA,11520,NA,NA,NA,NA,11520,NA,NA,NA,NA,24800,NA,NA,NA,NA,8640,NA,NA,NA,NA,5760,NA,NA,NA,NA,20160,NA,NA,NA,NA,0,NA,NA,NA,NA,0,NA,NA,NA,NA,5760,NA,NA,NA,NA,11520,NA,NA,NA,NA,17280,NA,NA,NA,NA,0,NA,NA,NA,NA,0,NA,NA,NA,NA,17280,NA,NA,NA,NA,2400,NA,NA,NA,NA
M17 [Vaccines],17.2,Vaccine - Pentavalent,3. Unusable Stock,0,NA,NA,NA,NA,0,NA,NA,NA,NA,NA,NA,NA,NA,NA,NA,NA,NA,NA,NA,NA,NA,NA,NA,NA,0,NA,NA,NA,NA,0,NA,NA,NA,NA,0,NA,NA,NA,NA,NA,NA,NA,NA,NA,NA,NA,NA,NA,NA,NA,NA,NA,NA,NA,0,NA,NA,NA,NA,NA,NA,NA,NA,NA,0,NA,NA,NA,NA,NA,NA,NA,NA,NA,0,NA,NA,NA,NA,0,NA,NA,NA,NA,0,NA,NA,NA,NA,0,NA,NA,NA,NA,0,NA,NA,NA,NA,0,NA,NA,NA,NA,0,NA,NA,NA,NA,NA,NA,NA,NA,NA,0,NA,NA,NA,NA,0,NA,NA,NA,NA,0,NA,NA,NA,NA,0,NA,NA,NA,NA,NA,NA,NA,NA,NA
M17 [Vaccines],17.2,Vaccine - Pentavalent,4. Stock Distributed,125578,NA,NA,NA,NA,2900,NA,NA,NA,NA,6090,NA,NA,NA,NA,2580,NA,NA,NA,NA,14740,NA,NA,NA,NA,3200,NA,NA,NA,NA,2590,NA,NA,NA,NA,2400,NA,NA,NA,NA,6450,NA,NA,NA,NA,1288,NA,NA,NA,NA,750,NA,NA,NA,NA,3550,NA,NA,NA,NA,4450,NA,NA,NA,NA,4590,NA,NA,NA,NA,4100,NA,NA,NA,NA,8460,NA,NA,NA,NA,11310,NA,NA,NA,NA,4100,NA,NA,NA,NA,7540,NA,NA,NA,NA,4250,NA,NA,NA,NA,3970,NA,NA,NA,NA,3610,NA,NA,NA,NA,NA,NA,NA,NA,NA,3440,NA,NA,NA,NA,4420,NA,NA,NA,NA,590,NA,NA,NA,NA,9030,NA,NA,NA,NA,5180,NA,NA,NA,NA
M17 [Vaccines],17.2,Vaccine - Pentavalent,5. Total Stock,421889,NA,NA,NA,NA,6850,NA,NA,NA,NA,11490,NA,NA,NA,NA,16270,NA,NA,NA,NA,32650,NA,NA,NA,NA,9680,NA,NA,NA,NA,17080,NA,NA,NA,NA,3670,NA,NA,NA,NA,9330,NA,NA,NA,NA,1627,NA,NA,NA,NA,4240,NA,NA,NA,NA,35860,NA,NA,NA,NA,13340,NA,NA,NA,NA,18600,NA,NA,NA,NA,19640,NA,NA,NA,NA,20980,NA,NA,NA,NA,8150,NA,NA,NA,NA,15710,NA,NA,NA,NA,29420,NA,NA,NA,NA,17100,NA,NA,NA,NA,3490,NA,NA,NA,NA,2270,NA,NA,NA,NA,22660,NA,NA,NA,NA,19480,NA,NA,NA,NA,56910,NA,NA,NA,NA,72,NA,NA,NA,NA,21960,NA,NA,NA,NA,3360,NA,NA,NA,NA
M17 [Vaccines],17.3,Vaccine - OPV,1. Balance From Previous Month,326975,NA,NA,NA,NA,400,NA,NA,NA,NA,7280,NA,NA,NA,NA,11860,NA,NA,NA,NA,44200,NA,NA,NA,NA,200,NA,NA,NA,NA,6300,NA,NA,NA,NA,2660,NA,NA,NA,NA,29560,NA,NA,NA,NA,1580,NA,NA,NA,NA,7040,NA,NA,NA,NA,19980,NA,NA,NA,NA,2580,NA,NA,NA,NA,21500,NA,NA,NA,NA,17100,NA,NA,NA,NA,0,NA,NA,NA,NA,800,NA,NA,NA,NA,15080,NA,NA,NA,NA,7500,NA,NA,NA,NA,440,NA,NA,NA,NA,18880,NA,NA,NA,NA,5200,NA,NA,NA,NA,23920,NA,NA,NA,NA,0,NA,NA,NA,NA,56480,NA,NA,NA,NA,375,NA,NA,NA,NA,7900,NA,NA,NA,NA,18160,NA,NA,NA,NA
M17 [Vaccines],17.3,Vaccine - OPV,2. Stocks Received,98215,NA,NA,NA,NA,0,NA,NA,NA,NA,19000,NA,NA,NA,NA,9500,NA,NA,NA,NA,17480,NA,NA,NA,NA,5000,NA,NA,NA,NA,0,NA,NA,NA,NA,0,NA,NA,NA,NA,NA,NA,NA,NA,NA,785,NA,NA,NA,NA,0,NA,NA,NA,NA,15000,NA,NA,NA,NA,0,NA,NA,NA,NA,0,NA,NA,NA,NA,15000,NA,NA,NA,NA,0,NA,NA,NA,NA,14000,NA,NA,NA,NA,0,NA,NA,NA,NA,0,NA,NA,NA,NA,0,NA,NA,NA,NA,0,NA,NA,NA,NA,0,NA,NA,NA,NA,0,NA,NA,NA,NA,0,NA,NA,NA,NA,0,NA,NA,NA,NA,50,NA,NA,NA,NA,1400,NA,NA,NA,NA,1000,NA,NA,NA,NA
M17 [Vaccines],17.3,Vaccine - OPV,3. Unusable Stock,15700,NA,NA,NA,NA,0,NA,NA,NA,NA,NA,NA,NA,NA,NA,NA,NA,NA,NA,NA,NA,NA,NA,NA,NA,200,NA,NA,NA,NA,0,NA,NA,NA,NA,0,NA,NA,NA,NA,NA,NA,NA,NA,NA,NA,NA,NA,NA,NA,NA,NA,NA,NA,NA,15500,NA,NA,NA,NA,NA,NA,NA,NA,NA,0,NA,NA,NA,NA,NA,NA,NA,NA,NA,0,NA,NA,NA,NA,0,NA,NA,NA,NA,0,NA,NA,NA,NA,0,NA,NA,NA,NA,0,NA,NA,NA,NA,0,NA,NA,NA,NA,0,NA,NA,NA,NA,NA,NA,NA,NA,NA,0,NA,NA,NA,NA,0,NA,NA,NA,NA,0,NA,NA,NA,NA,0,NA,NA,NA,NA,NA,NA,NA,NA,NA
M17 [Vaccines],17.3,Vaccine - OPV,4. Stock Distributed,122330,NA,NA,NA,NA,400,NA,NA,NA,NA,2170,NA,NA,NA,NA,2000,NA,NA,NA,NA,47280,NA,NA,NA,NA,0,NA,NA,NA,NA,0,NA,NA,NA,NA,2660,NA,NA,NA,NA,15000,NA,NA,NA,NA,1765,NA,NA,NA,NA,780,NA,NA,NA,NA,4400,NA,NA,NA,NA,2580,NA,NA,NA,NA,4580,NA,NA,NA,NA,7320,NA,NA,NA,NA,0,NA,NA,NA,NA,800,NA,NA,NA,NA,2520,NA,NA,NA,NA,7500,NA,NA,NA,NA,440,NA,NA,NA,NA,5880,NA,NA,NA,NA,1920,NA,NA,NA,NA,NA,NA,NA,NA,NA,0,NA,NA,NA,NA,3120,NA,NA,NA,NA,415,NA,NA,NA,NA,7900,NA,NA,NA,NA,900,NA,NA,NA,NA
M17 [Vaccines],17.3,Vaccine - OPV,5. Total Stock,287160,NA,NA,NA,NA,0,NA,NA,NA,NA,24110,NA,NA,NA,NA,19360,NA,NA,NA,NA,14400,NA,NA,NA,NA,5000,NA,NA,NA,NA,6300,NA,NA,NA,NA,0,NA,NA,NA,NA,14560,NA,NA,NA,NA,600,NA,NA,NA,NA,6260,NA,NA,NA,NA,15080,NA,NA,NA,NA,0,NA,NA,NA,NA,16920,NA,NA,NA,NA,24780,NA,NA,NA,NA,0,NA,NA,NA,NA,14000,NA,NA,NA,NA,12560,NA,NA,NA,NA,0,NA,NA,NA,NA,0,NA,NA,NA,NA,13000,NA,NA,NA,NA,3280,NA,NA,NA,NA,23920,NA,NA,NA,NA,0,NA,NA,NA,NA,53360,NA,NA,NA,NA,10,NA,NA,NA,NA,1400,NA,NA,NA,NA,18260,NA,NA,NA,NA
M17 [Vaccines],17.4,Vaccine - TT,1. Balance From Previous Month,260916,NA,NA,NA,NA,32660,NA,NA,NA,NA,10270,NA,NA,NA,NA,13270,NA,NA,NA,NA,19213,NA,NA,NA,NA,8980,NA,NA,NA,NA,9250,NA,NA,NA,NA,8490,NA,NA,NA,NA,16270,NA,NA,NA,NA,163,NA,NA,NA,NA,4720,NA,NA,NA,NA,12570,NA,NA,NA,NA,5500,NA,NA,NA,NA,18550,NA,NA,NA,NA,1748,NA,NA,NA,NA,8540,NA,NA,NA,NA,4930,NA,NA,NA,NA,12030,NA,NA,NA,NA,18100,NA,NA,NA,NA,13740,NA,NA,NA,NA,9750,NA,NA,NA,NA,1970,NA,NA,NA,NA,3470,NA,NA,NA,NA,7250,NA,NA,NA,NA,11190,NA,NA,NA,NA,282,NA,NA,NA,NA,310,NA,NA,NA,NA,7700,NA,NA,NA,NA
M17 [Vaccines],17.4,Vaccine - TT,2. Stocks Received,88771,NA,NA,NA,NA,0,NA,NA,NA,NA,0,NA,NA,NA,NA,NA,NA,NA,NA,NA,6000,NA,NA,NA,NA,2000,NA,NA,NA,NA,2700,NA,NA,NA,NA,0,NA,NA,NA,NA,NA,NA,NA,NA,NA,771,NA,NA,NA,NA,0,NA,NA,NA,NA,2500,NA,NA,NA,NA,4500,NA,NA,NA,NA,2000,NA,NA,NA,NA,10000,NA,NA,NA,NA,3300,NA,NA,NA,NA,11000,NA,NA,NA,NA,10000,NA,NA,NA,NA,2000,NA,NA,NA,NA,0,NA,NA,NA,NA,0,NA,NA,NA,NA,3500,NA,NA,NA,NA,12000,NA,NA,NA,NA,9000,NA,NA,NA,NA,0,NA,NA,NA,NA,0,NA,NA,NA,NA,5500,NA,NA,NA,NA,2000,NA,NA,NA,NA
M17 [Vaccines],17.4,Vaccine - TT,3. Unusable Stock,640,NA,NA,NA,NA,0,NA,NA,NA,NA,NA,NA,NA,NA,NA,NA,NA,NA,NA,NA,NA,NA,NA,NA,NA,0,NA,NA,NA,NA,0,NA,NA,NA,NA,640,NA,NA,NA,NA,NA,NA,NA,NA,NA,NA,NA,NA,NA,NA,NA,NA,NA,NA,NA,0,NA,NA,NA,NA,NA,NA,NA,NA,NA,0,NA,NA,NA,NA,NA,NA,NA,NA,NA,0,NA,NA,NA,NA,0,NA,NA,NA,NA,0,NA,NA,NA,NA,0,NA,NA,NA,NA,0,NA,NA,NA,NA,0,NA,NA,NA,NA,0,NA,NA,NA,NA,NA,NA,NA,NA,NA,0,NA,NA,NA,NA,0,NA,NA,NA,NA,0,NA,NA,NA,NA,0,NA,NA,NA,NA,NA,NA,NA,NA,NA
M17 [Vaccines],17.4,Vaccine - TT,4. Stock Distributed,108503,NA,NA,NA,NA,3840,NA,NA,NA,NA,4310,NA,NA,NA,NA,1290,NA,NA,NA,NA,15650,NA,NA,NA,NA,2270,NA,NA,NA,NA,2500,NA,NA,NA,NA,2250,NA,NA,NA,NA,6970,NA,NA,NA,NA,486,NA,NA,NA,NA,770,NA,NA,NA,NA,2900,NA,NA,NA,NA,5440,NA,NA,NA,NA,6050,NA,NA,NA,NA,3800,NA,NA,NA,NA,6690,NA,NA,NA,NA,9790,NA,NA,NA,NA,4880,NA,NA,NA,NA,8600,NA,NA,NA,NA,3690,NA,NA,NA,NA,3450,NA,NA,NA,NA,3620,NA,NA,NA,NA,NA,NA,NA,NA,NA,3750,NA,NA,NA,NA,1970,NA,NA,NA,NA,267,NA,NA,NA,NA,170,NA,NA,NA,NA,3100,NA,NA,NA,NA
M17 [Vaccines],17.4,Vaccine - TT,5. Total Stock,240544,NA,NA,NA,NA,28820,NA,NA,NA,NA,5960,NA,NA,NA,NA,11980,NA,NA,NA,NA,9563,NA,NA,NA,NA,8710,NA,NA,NA,NA,9450,NA,NA,NA,NA,5600,NA,NA,NA,NA,9300,NA,NA,NA,NA,448,NA,NA,NA,NA,3950,NA,NA,NA,NA,12170,NA,NA,NA,NA,4560,NA,NA,NA,NA,14500,NA,NA,NA,NA,7948,NA,NA,NA,NA,5150,NA,NA,NA,NA,6140,NA,NA,NA,NA,17150,NA,NA,NA,NA,11500,NA,NA,NA,NA,10050,NA,NA,NA,NA,6300,NA,NA,NA,NA,1850,NA,NA,NA,NA,15470,NA,NA,NA,NA,12500,NA,NA,NA,NA,9220,NA,NA,NA,NA,15,NA,NA,NA,NA,5640,NA,NA,NA,NA,6600,NA,NA,NA,NA
M17 [Vaccines],17.5,Vaccine - DT,1. Balance From Previous Month,0,NA,NA,NA,NA,NA,NA,NA,NA,NA,NA,NA,NA,NA,NA,0,NA,NA,NA,NA,0,NA,NA,NA,NA,0,NA,NA,NA,NA,0,NA,NA,NA,NA,0,NA,NA,NA,NA,NA,NA,NA,NA,NA,0,NA,NA,NA,NA,0,NA,NA,NA,NA,NA,NA,NA,NA,NA,0,NA,NA,NA,NA,0,NA,NA,NA,NA,NA,NA,NA,NA,NA,0,NA,NA,NA,NA,0,NA,NA,NA,NA,NA,NA,NA,NA,NA,0,NA,NA,NA,NA,0,NA,NA,NA,NA,0,NA,NA,NA,NA,0,NA,NA,NA,NA,NA,NA,NA,NA,NA,0,NA,NA,NA,NA,0,NA,NA,NA,NA,NA,NA,NA,NA,NA,0,NA,NA,NA,NA,NA,NA,NA,NA,NA
M17 [Vaccines],17.5,Vaccine - DT,2. Stocks Received,0,NA,NA,NA,NA,NA,NA,NA,NA,NA,NA,NA,NA,NA,NA,NA,NA,NA,NA,NA,0,NA,NA,NA,NA,0,NA,NA,NA,NA,0,NA,NA,NA,NA,0,NA,NA,NA,NA,NA,NA,NA,NA,NA,0,NA,NA,NA,NA,0,NA,NA,NA,NA,NA,NA,NA,NA,NA,0,NA,NA,NA,NA,0,NA,NA,NA,NA,NA,NA,NA,NA,NA,0,NA,NA,NA,NA,0,NA,NA,NA,NA,NA,NA,NA,NA,NA,0,NA,NA,NA,NA,0,NA,NA,NA,NA,0,NA,NA,NA,NA,0,NA,NA,NA,NA,NA,NA,NA,NA,NA,0,NA,NA,NA,NA,0,NA,NA,NA,NA,NA,NA,NA,NA,NA,0,NA,NA,NA,NA,NA,NA,NA,NA,NA
M17 [Vaccines],17.5,Vaccine - DT,3. Unusable Stock,0,NA,NA,NA,NA,NA,NA,NA,NA,NA,NA,NA,NA,NA,NA,NA,NA,NA,NA,NA,NA,NA,NA,NA,NA,0,NA,NA,NA,NA,0,NA,NA,NA,NA,0,NA,NA,NA,NA,NA,NA,NA,NA,NA,NA,NA,NA,NA,NA,NA,NA,NA,NA,NA,NA,NA,NA,NA,NA,NA,NA,NA,NA,NA,0,NA,NA,NA,NA,NA,NA,NA,NA,NA,0,NA,NA,NA,NA,0,NA,NA,NA,NA,NA,NA,NA,NA,NA,0,NA,NA,NA,NA,0,NA,NA,NA,NA,0,NA,NA,NA,NA,0,NA,NA,NA,NA,NA,NA,NA,NA,NA,0,NA,NA,NA,NA,0,NA,NA,NA,NA,NA,NA,NA,NA,NA,0,NA,NA,NA,NA,NA,NA,NA,NA,NA
M17 [Vaccines],17.5,Vaccine - DT,4. Stock Distributed,0,NA,NA,NA,NA,NA,NA,NA,NA,NA,NA,NA,NA,NA,NA,NA,NA,NA,NA,NA,0,NA,NA,NA,NA,0,NA,NA,NA,NA,0,NA,NA,NA,NA,0,NA,NA,NA,NA,NA,NA,NA,NA,NA,0,NA,NA,NA,NA,0,NA,NA,NA,NA,NA,NA,NA,NA,NA,0,NA,NA,NA,NA,0,NA,NA,NA,NA,NA,NA,NA,NA,NA,0,NA,NA,NA,NA,0,NA,NA,NA,NA,NA,NA,NA,NA,NA,0,NA,NA,NA,NA,0,NA,NA,NA,NA,0,NA,NA,NA,NA,0,NA,NA,NA,NA,NA,NA,NA,NA,NA,0,NA,NA,NA,NA,0,NA,NA,NA,NA,NA,NA,NA,NA,NA,0,NA,NA,NA,NA,NA,NA,NA,NA,NA
M17 [Vaccines],17.5,Vaccine - DT,5. Total Stock,0,NA,NA,NA,NA,0,NA,NA,NA,NA,0,NA,NA,NA,NA,0,NA,NA,NA,NA,0,NA,NA,NA,NA,0,NA,NA,NA,NA,0,NA,NA,NA,NA,0,NA,NA,NA,NA,0,NA,NA,NA,NA,0,NA,NA,NA,NA,0,NA,NA,NA,NA,0,NA,NA,NA,NA,0,NA,NA,NA,NA,0,NA,NA,NA,NA,0,NA,NA,NA,NA,0,NA,NA,NA,NA,0,NA,NA,NA,NA,0,NA,NA,NA,NA,0,NA,NA,NA,NA,0,NA,NA,NA,NA,0,NA,NA,NA,NA,0,NA,NA,NA,NA,0,NA,NA,NA,NA,0,NA,NA,NA,NA,0,NA,NA,NA,NA,0,NA,NA,NA,NA,0,NA,NA,NA,NA,0,NA,NA,NA,NA
M17 [Vaccines],17.6,Vaccine - BCG,1. Balance From Previous Month,139228,NA,NA,NA,NA,249,NA,NA,NA,NA,11400,NA,NA,NA,NA,0,NA,NA,NA,NA,3700,NA,NA,NA,NA,100,NA,NA,NA,NA,6910,NA,NA,NA,NA,6030,NA,NA,NA,NA,7900,NA,NA,NA,NA,679,NA,NA,NA,NA,4820,NA,NA,NA,NA,0,NA,NA,NA,NA,1150,NA,NA,NA,NA,12560,NA,NA,NA,NA,4790,NA,NA,NA,NA,5870,NA,NA,NA,NA,8410,NA,NA,NA,NA,20,NA,NA,NA,NA,9500,NA,NA,NA,NA,900,NA,NA,NA,NA,11150,NA,NA,NA,NA,7090,NA,NA,NA,NA,590,NA,NA,NA,NA,6620,NA,NA,NA,NA,26790,NA,NA,NA,NA,1450,NA,NA,NA,NA,550,NA,NA,NA,NA,0,NA,NA,NA,NA
M17 [Vaccines],17.6,Vaccine - BCG,2. Stocks Received,143825,NA,NA,NA,NA,4600,NA,NA,NA,NA,13000,NA,NA,NA,NA,5500,NA,NA,NA,NA,10000,NA,NA,NA,NA,7000,NA,NA,NA,NA,7400,NA,NA,NA,NA,0,NA,NA,NA,NA,800,NA,NA,NA,NA,1925,NA,NA,NA,NA,0,NA,NA,NA,NA,17500,NA,NA,NA,NA,9000,NA,NA,NA,NA,0,NA,NA,NA,NA,5000,NA,NA,NA,NA,0,NA,NA,NA,NA,16500,NA,NA,NA,NA,8100,NA,NA,NA,NA,0,NA,NA,NA,NA,7500,NA,NA,NA,NA,0,NA,NA,NA,NA,0,NA,NA,NA,NA,NA,NA,NA,NA,NA,7500,NA,NA,NA,NA,0,NA,NA,NA,NA,0,NA,NA,NA,NA,16000,NA,NA,NA,NA,6500,NA,NA,NA,NA
M17 [Vaccines],17.6,Vaccine - BCG,3. Unusable Stock,0,NA,NA,NA,NA,0,NA,NA,NA,NA,NA,NA,NA,NA,NA,NA,NA,NA,NA,NA,NA,NA,NA,NA,NA,0,NA,NA,NA,NA,0,NA,NA,NA,NA,0,NA,NA,NA,NA,NA,NA,NA,NA,NA,NA,NA,NA,NA,NA,NA,NA,NA,NA,NA,0,NA,NA,NA,NA,NA,NA,NA,NA,NA,0,NA,NA,NA,NA,NA,NA,NA,NA,NA,0,NA,NA,NA,NA,0,NA,NA,NA,NA,0,NA,NA,NA,NA,0,NA,NA,NA,NA,NA,NA,NA,NA,NA,0,NA,NA,NA,NA,0,NA,NA,NA,NA,NA,NA,NA,NA,NA,0,NA,NA,NA,NA,0,NA,NA,NA,NA,0,NA,NA,NA,NA,0,NA,NA,NA,NA,NA,NA,NA,NA,NA
M17 [Vaccines],17.6,Vaccine - BCG,4. Stock Distributed,125626,NA,NA,NA,NA,3941,NA,NA,NA,NA,9310,NA,NA,NA,NA,1000,NA,NA,NA,NA,12400,NA,NA,NA,NA,3100,NA,NA,NA,NA,3410,NA,NA,NA,NA,5060,NA,NA,NA,NA,8000,NA,NA,NA,NA,1245,NA,NA,NA,NA,940,NA,NA,NA,NA,3400,NA,NA,NA,NA,9000,NA,NA,NA,NA,7450,NA,NA,NA,NA,2620,NA,NA,NA,NA,5870,NA,NA,NA,NA,9100,NA,NA,NA,NA,6240,NA,NA,NA,NA,5000,NA,NA,NA,NA,6650,NA,NA,NA,NA,3450,NA,NA,NA,NA,4560,NA,NA,NA,NA,NA,NA,NA,NA,NA,3920,NA,NA,NA,NA,3190,NA,NA,NA,NA,1320,NA,NA,NA,NA,550,NA,NA,NA,NA,4900,NA,NA,NA,NA
M17 [Vaccines],17.6,Vaccine - BCG,5. Total Stock,157427,NA,NA,NA,NA,908,NA,NA,NA,NA,15090,NA,NA,NA,NA,4500,NA,NA,NA,NA,1300,NA,NA,NA,NA,4000,NA,NA,NA,NA,10900,NA,NA,NA,NA,970,NA,NA,NA,NA,700,NA,NA,NA,NA,1359,NA,NA,NA,NA,3880,NA,NA,NA,NA,14100,NA,NA,NA,NA,1150,NA,NA,NA,NA,5110,NA,NA,NA,NA,7170,NA,NA,NA,NA,0,NA,NA,NA,NA,15810,NA,NA,NA,NA,1880,NA,NA,NA,NA,4500,NA,NA,NA,NA,1750,NA,NA,NA,NA,7700,NA,NA,NA,NA,2530,NA,NA,NA,NA,590,NA,NA,NA,NA,10200,NA,NA,NA,NA,23600,NA,NA,NA,NA,130,NA,NA,NA,NA,16000,NA,NA,NA,NA,1600,NA,NA,NA,NA
M17 [Vaccines],17.7,Vaccine - Measles,1. Balance From Previous Month,0,NA,NA,NA,NA,0,NA,NA,NA,NA,0,NA,NA,NA,NA,0,NA,NA,NA,NA,0,NA,NA,NA,NA,0,NA,NA,NA,NA,0,NA,NA,NA,NA,0,NA,NA,NA,NA,0,NA,NA,NA,NA,0,NA,NA,NA,NA,0,NA,NA,NA,NA,NA,NA,NA,NA,NA,0,NA,NA,NA,NA,0,NA,NA,NA,NA,0,NA,NA,NA,NA,0,NA,NA,NA,NA,0,NA,NA,NA,NA,NA,NA,NA,NA,NA,0,NA,NA,NA,NA,0,NA,NA,NA,NA,0,NA,NA,NA,NA,0,NA,NA,NA,NA,NA,NA,NA,NA,NA,0,NA,NA,NA,NA,0,NA,NA,NA,NA,0,NA,NA,NA,NA,NA,NA,NA,NA,NA,0,NA,NA,NA,NA
M17 [Vaccines],17.7,Vaccine - Measles,2. Stocks Received,19000,NA,NA,NA,NA,0,NA,NA,NA,NA,0,NA,NA,NA,NA,NA,NA,NA,NA,NA,0,NA,NA,NA,NA,0,NA,NA,NA,NA,0,NA,NA,NA,NA,0,NA,NA,NA,NA,NA,NA,NA,NA,NA,0,NA,NA,NA,NA,0,NA,NA,NA,NA,NA,NA,NA,NA,NA,19000,NA,NA,NA,NA,0,NA,NA,NA,NA,NA,NA,NA,NA,NA,0,NA,NA,NA,NA,0,NA,NA,NA,NA,NA,NA,NA,NA,NA,0,NA,NA,NA,NA,0,NA,NA,NA,NA,0,NA,NA,NA,NA,0,NA,NA,NA,NA,NA,NA,NA,NA,NA,0,NA,NA,NA,NA,0,NA,NA,NA,NA,0,NA,NA,NA,NA,NA,NA,NA,NA,NA,0,NA,NA,NA,NA
M17 [Vaccines],17.7,Vaccine - Measles,3. Unusable Stock,0,NA,NA,NA,NA,0,NA,NA,NA,NA,NA,NA,NA,NA,NA,NA,NA,NA,NA,NA,NA,NA,NA,NA,NA,0,NA,NA,NA,NA,0,NA,NA,NA,NA,0,NA,NA,NA,NA,NA,NA,NA,NA,NA,NA,NA,NA,NA,NA,NA,NA,NA,NA,NA,NA,NA,NA,NA,NA,NA,NA,NA,NA,NA,0,NA,NA,NA,NA,NA,NA,NA,NA,NA,0,NA,NA,NA,NA,0,NA,NA,NA,NA,NA,NA,NA,NA,NA,0,NA,NA,NA,NA,0,NA,NA,NA,NA,0,NA,NA,NA,NA,0,NA,NA,NA,NA,NA,NA,NA,NA,NA,0,NA,NA,NA,NA,0,NA,NA,NA,NA,0,NA,NA,NA,NA,NA,NA,NA,NA,NA,NA,NA,NA,NA,NA
M17 [Vaccines],17.7,Vaccine - Measles,4. Stock Distributed,16800,NA,NA,NA,NA,0,NA,NA,NA,NA,0,NA,NA,NA,NA,NA,NA,NA,NA,NA,0,NA,NA,NA,NA,0,NA,NA,NA,NA,0,NA,NA,NA,NA,0,NA,NA,NA,NA,0,NA,NA,NA,NA,0,NA,NA,NA,NA,0,NA,NA,NA,NA,NA,NA,NA,NA,NA,16800,NA,NA,NA,NA,0,NA,NA,NA,NA,0,NA,NA,NA,NA,0,NA,NA,NA,NA,0,NA,NA,NA,NA,NA,NA,NA,NA,NA,0,NA,NA,NA,NA,0,NA,NA,NA,NA,0,NA,NA,NA,NA,0,NA,NA,NA,NA,NA,NA,NA,NA,NA,0,NA,NA,NA,NA,0,NA,NA,NA,NA,0,NA,NA,NA,NA,NA,NA,NA,NA,NA,0,NA,NA,NA,NA
M17 [Vaccines],17.7,Vaccine - Measles,5. Total Stock,2200,NA,NA,NA,NA,0,NA,NA,NA,NA,0,NA,NA,NA,NA,0,NA,NA,NA,NA,0,NA,NA,NA,NA,0,NA,NA,NA,NA,0,NA,NA,NA,NA,0,NA,NA,NA,NA,0,NA,NA,NA,NA,0,NA,NA,NA,NA,0,NA,NA,NA,NA,0,NA,NA,NA,NA,2200,NA,NA,NA,NA,0,NA,NA,NA,NA,0,NA,NA,NA,NA,0,NA,NA,NA,NA,0,NA,NA,NA,NA,0,NA,NA,NA,NA,0,NA,NA,NA,NA,0,NA,NA,NA,NA,0,NA,NA,NA,NA,0,NA,NA,NA,NA,0,NA,NA,NA,NA,0,NA,NA,NA,NA,0,NA,NA,NA,NA,0,NA,NA,NA,NA,0,NA,NA,NA,NA,0,NA,NA,NA,NA
M17 [Vaccines],17.8,Vaccine - JE,1. Balance From Previous Month,131578,NA,NA,NA,NA,6000,NA,NA,NA,NA,8700,NA,NA,NA,NA,8950,NA,NA,NA,NA,9500,NA,NA,NA,NA,8200,NA,NA,NA,NA,4950,NA,NA,NA,NA,1600,NA,NA,NA,NA,0,NA,NA,NA,NA,1018,NA,NA,NA,NA,4105,NA,NA,NA,NA,350,NA,NA,NA,NA,6360,NA,NA,NA,NA,12805,NA,NA,NA,NA,14240,NA,NA,NA,NA,3950,NA,NA,NA,NA,125,NA,NA,NA,NA,1865,NA,NA,NA,NA,12700,NA,NA,NA,NA,0,NA,NA,NA,NA,2700,NA,NA,NA,NA,3245,NA,NA,NA,NA,0,NA,NA,NA,NA,0,NA,NA,NA,NA,10530,NA,NA,NA,NA,510,NA,NA,NA,NA,2175,NA,NA,NA,NA,7000,NA,NA,NA,NA
M17 [Vaccines],17.8,Vaccine - JE,2. Stocks Received,67700,NA,NA,NA,NA,0,NA,NA,NA,NA,4000,NA,NA,NA,NA,NA,NA,NA,NA,NA,7700,NA,NA,NA,NA,0,NA,NA,NA,NA,6000,NA,NA,NA,NA,0,NA,NA,NA,NA,NA,NA,NA,NA,NA,400,NA,NA,NA,NA,0,NA,NA,NA,NA,3000,NA,NA,NA,NA,0,NA,NA,NA,NA,2500,NA,NA,NA,NA,9000,NA,NA,NA,NA,3400,NA,NA,NA,NA,7100,NA,NA,NA,NA,5000,NA,NA,NA,NA,2500,NA,NA,NA,NA,10000,NA,NA,NA,NA,0,NA,NA,NA,NA,2500,NA,NA,NA,NA,NA,NA,NA,NA,NA,4000,NA,NA,NA,NA,0,NA,NA,NA,NA,100,NA,NA,NA,NA,500,NA,NA,NA,NA,0,NA,NA,NA,NA
M17 [Vaccines],17.8,Vaccine - JE,3. Unusable Stock,0,NA,NA,NA,NA,0,NA,NA,NA,NA,NA,NA,NA,NA,NA,NA,NA,NA,NA,NA,NA,NA,NA,NA,NA,0,NA,NA,NA,NA,0,NA,NA,NA,NA,0,NA,NA,NA,NA,NA,NA,NA,NA,NA,NA,NA,NA,NA,NA,NA,NA,NA,NA,NA,0,NA,NA,NA,NA,NA,NA,NA,NA,NA,0,NA,NA,NA,NA,NA,NA,NA,NA,NA,0,NA,NA,NA,NA,0,NA,NA,NA,NA,0,NA,NA,NA,NA,0,NA,NA,NA,NA,NA,NA,NA,NA,NA,0,NA,NA,NA,NA,0,NA,NA,NA,NA,NA,NA,NA,NA,NA,0,NA,NA,NA,NA,0,NA,NA,NA,NA,0,NA,NA,NA,NA,0,NA,NA,NA,NA,NA,NA,NA,NA,NA
M17 [Vaccines],17.8,Vaccine - JE,4. Stock Distributed,85359,NA,NA,NA,NA,4315,NA,NA,NA,NA,3650,NA,NA,NA,NA,2550,NA,NA,NA,NA,17200,NA,NA,NA,NA,700,NA,NA,NA,NA,3750,NA,NA,NA,NA,1600,NA,NA,NA,NA,0,NA,NA,NA,NA,1159,NA,NA,NA,NA,580,NA,NA,NA,NA,0,NA,NA,NA,NA,3730,NA,NA,NA,NA,6795,NA,NA,NA,NA,4100,NA,NA,NA,NA,3700,NA,NA,NA,NA,3100,NA,NA,NA,NA,2475,NA,NA,NA,NA,1000,NA,NA,NA,NA,6190,NA,NA,NA,NA,2600,NA,NA,NA,NA,3960,NA,NA,NA,NA,NA,NA,NA,NA,NA,1400,NA,NA,NA,NA,4420,NA,NA,NA,NA,610,NA,NA,NA,NA,2175,NA,NA,NA,NA,3600,NA,NA,NA,NA
M17 [Vaccines],17.8,Vaccine - JE,5. Total Stock,113919,NA,NA,NA,NA,1685,NA,NA,NA,NA,9050,NA,NA,NA,NA,6400,NA,NA,NA,NA,0,NA,NA,NA,NA,7500,NA,NA,NA,NA,7200,NA,NA,NA,NA,0,NA,NA,NA,NA,0,NA,NA,NA,NA,259,NA,NA,NA,NA,3525,NA,NA,NA,NA,3350,NA,NA,NA,NA,2630,NA,NA,NA,NA,8510,NA,NA,NA,NA,19140,NA,NA,NA,NA,3650,NA,NA,NA,NA,4125,NA,NA,NA,NA,4390,NA,NA,NA,NA,14200,NA,NA,NA,NA,3810,NA,NA,NA,NA,100,NA,NA,NA,NA,1785,NA,NA,NA,NA,0,NA,NA,NA,NA,2600,NA,NA,NA,NA,6110,NA,NA,NA,NA,0,NA,NA,NA,NA,500,NA,NA,NA,NA,3400,NA,NA,NA,NA
M17 [Vaccines],17.9,Vaccine - Hepatitis B,1. Balance From Previous Month,43845,NA,NA,NA,NA,100,NA,NA,NA,NA,1910,NA,NA,NA,NA,9000,NA,NA,NA,NA,0,NA,NA,NA,NA,250,NA,NA,NA,NA,10,NA,NA,NA,NA,380,NA,NA,NA,NA,2700,NA,NA,NA,NA,5,NA,NA,NA,NA,1110,NA,NA,NA,NA,1490,NA,NA,NA,NA,1560,NA,NA,NA,NA,1980,NA,NA,NA,NA,3440,NA,NA,NA,NA,0,NA,NA,NA,NA,490,NA,NA,NA,NA,1400,NA,NA,NA,NA,650,NA,NA,NA,NA,530,NA,NA,NA,NA,500,NA,NA,NA,NA,2930,NA,NA,NA,NA,11040,NA,NA,NA,NA,60,NA,NA,NA,NA,NA,NA,NA,NA,NA,50,NA,NA,NA,NA,460,NA,NA,NA,NA,1800,NA,NA,NA,NA
M17 [Vaccines],17.9,Vaccine - Hepatitis B,2. Stocks Received,1612,NA,NA,NA,NA,0,NA,NA,NA,NA,0,NA,NA,NA,NA,NA,NA,NA,NA,NA,0,NA,NA,NA,NA,0,NA,NA,NA,NA,0,NA,NA,NA,NA,0,NA,NA,NA,NA,NA,NA,NA,NA,NA,100,NA,NA,NA,NA,0,NA,NA,NA,NA,0,NA,NA,NA,NA,0,NA,NA,NA,NA,0,NA,NA,NA,NA,1500,NA,NA,NA,NA,0,NA,NA,NA,NA,0,NA,NA,NA,NA,0,NA,NA,NA,NA,0,NA,NA,NA,NA,0,NA,NA,NA,NA,0,NA,NA,NA,NA,0,NA,NA,NA,NA,0,NA,NA,NA,NA,0,NA,NA,NA,NA,NA,NA,NA,NA,NA,12,NA,NA,NA,NA,0,NA,NA,NA,NA,0,NA,NA,NA,NA
M17 [Vaccines],17.9,Vaccine - Hepatitis B,3. Unusable Stock,1560,NA,NA,NA,NA,0,NA,NA,NA,NA,NA,NA,NA,NA,NA,NA,NA,NA,NA,NA,NA,NA,NA,NA,NA,0,NA,NA,NA,NA,0,NA,NA,NA,NA,0,NA,NA,NA,NA,NA,NA,NA,NA,NA,NA,NA,NA,NA,NA,NA,NA,NA,NA,NA,1190,NA,NA,NA,NA,NA,NA,NA,NA,NA,370,NA,NA,NA,NA,NA,NA,NA,NA,NA,0,NA,NA,NA,NA,0,NA,NA,NA,NA,0,NA,NA,NA,NA,0,NA,NA,NA,NA,NA,NA,NA,NA,NA,0,NA,NA,NA,NA,0,NA,NA,NA,NA,NA,NA,NA,NA,NA,0,NA,NA,NA,NA,NA,NA,NA,NA,NA,0,NA,NA,NA,NA,0,NA,NA,NA,NA,NA,NA,NA,NA,NA
M17 [Vaccines],17.9,Vaccine - Hepatitis B,4. Stock Distributed,14513,NA,NA,NA,NA,100,NA,NA,NA,NA,170,NA,NA,NA,NA,1050,NA,NA,NA,NA,0,NA,NA,NA,NA,220,NA,NA,NA,NA,10,NA,NA,NA,NA,380,NA,NA,NA,NA,2540,NA,NA,NA,NA,71,NA,NA,NA,NA,210,NA,NA,NA,NA,300,NA,NA,NA,NA,0,NA,NA,NA,NA,1610,NA,NA,NA,NA,1710,NA,NA,NA,NA,0,NA,NA,NA,NA,490,NA,NA,NA,NA,1330,NA,NA,NA,NA,500,NA,NA,NA,NA,530,NA,NA,NA,NA,180,NA,NA,NA,NA,1040,NA,NA,NA,NA,NA,NA,NA,NA,NA,0,NA,NA,NA,NA,NA,NA,NA,NA,NA,62,NA,NA,NA,NA,460,NA,NA,NA,NA,1550,NA,NA,NA,NA
M17 [Vaccines],17.9,Vaccine - Hepatitis B,5. Total Stock,26184,NA,NA,NA,NA,0,NA,NA,NA,NA,1740,NA,NA,NA,NA,7950,NA,NA,NA,NA,0,NA,NA,NA,NA,30,NA,NA,NA,NA,0,NA,NA,NA,NA,0,NA,NA,NA,NA,NA,NA,NA,NA,NA,34,NA,NA,NA,NA,900,NA,NA,NA,NA,0,NA,NA,NA,NA,1560,NA,NA,NA,NA,0,NA,NA,NA,NA,3230,NA,NA,NA,NA,0,NA,NA,NA,NA,0,NA,NA,NA,NA,70,NA,NA,NA,NA,150,NA,NA,NA,NA,0,NA,NA,NA,NA,320,NA,NA,NA,NA,1890,NA,NA,NA,NA,8000,NA,NA,NA,NA,60,NA,NA,NA,NA,NA,NA,NA,NA,NA,0,NA,NA,NA,NA,0,NA,NA,NA,NA,250,NA,NA,NA,NA
M17 [Vaccines],17.1,Vaccine - Typhoid,1. Balance From Previous Month,0,NA,NA,NA,NA,0,NA,NA,NA,NA,NA,NA,NA,NA,NA,NA,NA,NA,NA,NA,0,NA,NA,NA,NA,0,NA,NA,NA,NA,0,NA,NA,NA,NA,0,NA,NA,NA,NA,NA,NA,NA,NA,NA,NA,NA,NA,NA,NA,0,NA,NA,NA,NA,NA,NA,NA,NA,NA,0,NA,NA,NA,NA,0,NA,NA,NA,NA,0,NA,NA,NA,NA,NA,NA,NA,NA,NA,0,NA,NA,NA,NA,NA,NA,NA,NA,NA,0,NA,NA,NA,NA,0,NA,NA,NA,NA,0,NA,NA,NA,NA,0,NA,NA,NA,NA,NA,NA,NA,NA,NA,0,NA,NA,NA,NA,NA,NA,NA,NA,NA,NA,NA,NA,NA,NA,0,NA,NA,NA,NA,NA,NA,NA,NA,NA
M17 [Vaccines],17.1,Vaccine - Typhoid,2. Stocks Received,0,NA,NA,NA,NA,0,NA,NA,NA,NA,NA,NA,NA,NA,NA,NA,NA,NA,NA,NA,0,NA,NA,NA,NA,0,NA,NA,NA,NA,0,NA,NA,NA,NA,0,NA,NA,NA,NA,NA,NA,NA,NA,NA,NA,NA,NA,NA,NA,0,NA,NA,NA,NA,NA,NA,NA,NA,NA,0,NA,NA,NA,NA,0,NA,NA,NA,NA,NA,NA,NA,NA,NA,NA,NA,NA,NA,NA,0,NA,NA,NA,NA,NA,NA,NA,NA,NA,0,NA,NA,NA,NA,0,NA,NA,NA,NA,0,NA,NA,NA,NA,0,NA,NA,NA,NA,NA,NA,NA,NA,NA,0,NA,NA,NA,NA,NA,NA,NA,NA,NA,NA,NA,NA,NA,NA,0,NA,NA,NA,NA,NA,NA,NA,NA,NA
M17 [Vaccines],17.1,Vaccine - Typhoid,3. Unusable Stock,0,NA,NA,NA,NA,0,NA,NA,NA,NA,NA,NA,NA,NA,NA,NA,NA,NA,NA,NA,NA,NA,NA,NA,NA,0,NA,NA,NA,NA,0,NA,NA,NA,NA,0,NA,NA,NA,NA,NA,NA,NA,NA,NA,NA,NA,NA,NA,NA,NA,NA,NA,NA,NA,NA,NA,NA,NA,NA,NA,NA,NA,NA,NA,0,NA,NA,NA,NA,NA,NA,NA,NA,NA,NA,NA,NA,NA,NA,0,NA,NA,NA,NA,NA,NA,NA,NA,NA,0,NA,NA,NA,NA,0,NA,NA,NA,NA,0,NA,NA,NA,NA,0,NA,NA,NA,NA,NA,NA,NA,NA,NA,0,NA,NA,NA,NA,NA,NA,NA,NA,NA,NA,NA,NA,NA,NA,0,NA,NA,NA,NA,NA,NA,NA,NA,NA
M17 [Vaccines],17.1,Vaccine - Typhoid,4. Stock Distributed,0,NA,NA,NA,NA,0,NA,NA,NA,NA,NA,NA,NA,NA,NA,NA,NA,NA,NA,NA,0,NA,NA,NA,NA,0,NA,NA,NA,NA,0,NA,NA,NA,NA,0,NA,NA,NA,NA,NA,NA,NA,NA,NA,NA,NA,NA,NA,NA,0,NA,NA,NA,NA,NA,NA,NA,NA,NA,0,NA,NA,NA,NA,0,NA,NA,NA,NA,0,NA,NA,NA,NA,NA,NA,NA,NA,NA,0,NA,NA,NA,NA,NA,NA,NA,NA,NA,0,NA,NA,NA,NA,0,NA,NA,NA,NA,0,NA,NA,NA,NA,0,NA,NA,NA,NA,NA,NA,NA,NA,NA,0,NA,NA,NA,NA,NA,NA,NA,NA,NA,NA,NA,NA,NA,NA,0,NA,NA,NA,NA,NA,NA,NA,NA,NA
M17 [Vaccines],17.1,Vaccine - Typhoid,5. Total Stock,0,NA,NA,NA,NA,0,NA,NA,NA,NA,NA,NA,NA,NA,NA,NA,NA,NA,NA,NA,0,NA,NA,NA,NA,0,NA,NA,NA,NA,0,NA,NA,NA,NA,0,NA,NA,NA,NA,NA,NA,NA,NA,NA,NA,NA,NA,NA,NA,0,NA,NA,NA,NA,NA,NA,NA,NA,NA,0,NA,NA,NA,NA,0,NA,NA,NA,NA,0,NA,NA,NA,NA,NA,NA,NA,NA,NA,0,NA,NA,NA,NA,NA,NA,NA,NA,NA,0,NA,NA,NA,NA,0,NA,NA,NA,NA,0,NA,NA,NA,NA,0,NA,NA,NA,NA,NA,NA,NA,NA,NA,0,NA,NA,NA,NA,NA,NA,NA,NA,NA,NA,NA,NA,NA,NA,0,NA,NA,NA,NA,NA,NA,NA,NA,NA
M17 [Vaccines],17.11,Vaccine - Vitamin K,1. Balance From Previous Month,155,NA,NA,NA,NA,0,NA,NA,NA,NA,NA,NA,NA,NA,NA,NA,NA,NA,NA,NA,75,NA,NA,NA,NA,0,NA,NA,NA,NA,0,NA,NA,NA,NA,0,NA,NA,NA,NA,NA,NA,NA,NA,NA,NA,NA,NA,NA,NA,0,NA,NA,NA,NA,NA,NA,NA,NA,NA,0,NA,NA,NA,NA,80,NA,NA,NA,NA,0,NA,NA,NA,NA,NA,NA,NA,NA,NA,0,NA,NA,NA,NA,NA,NA,NA,NA,NA,0,NA,NA,NA,NA,0,NA,NA,NA,NA,0,NA,NA,NA,NA,0,NA,NA,NA,NA,NA,NA,NA,NA,NA,0,NA,NA,NA,NA,NA,NA,NA,NA,NA,NA,NA,NA,NA,NA,0,NA,NA,NA,NA,NA,NA,NA,NA,NA
M17 [Vaccines],17.11,Vaccine - Vitamin K,2. Stocks Received,0,NA,NA,NA,NA,0,NA,NA,NA,NA,NA,NA,NA,NA,NA,NA,NA,NA,NA,NA,0,NA,NA,NA,NA,0,NA,NA,NA,NA,0,NA,NA,NA,NA,0,NA,NA,NA,NA,NA,NA,NA,NA,NA,NA,NA,NA,NA,NA,0,NA,NA,NA,NA,NA,NA,NA,NA,NA,0,NA,NA,NA,NA,0,NA,NA,NA,NA,NA,NA,NA,NA,NA,NA,NA,NA,NA,NA,0,NA,NA,NA,NA,NA,NA,NA,NA,NA,0,NA,NA,NA,NA,0,NA,NA,NA,NA,0,NA,NA,NA,NA,0,NA,NA,NA,NA,NA,NA,NA,NA,NA,0,NA,NA,NA,NA,NA,NA,NA,NA,NA,NA,NA,NA,NA,NA,0,NA,NA,NA,NA,NA,NA,NA,NA,NA
M17 [Vaccines],17.11,Vaccine - Vitamin K,3. Unusable Stock,0,NA,NA,NA,NA,0,NA,NA,NA,NA,NA,NA,NA,NA,NA,NA,NA,NA,NA,NA,NA,NA,NA,NA,NA,0,NA,NA,NA,NA,0,NA,NA,NA,NA,0,NA,NA,NA,NA,NA,NA,NA,NA,NA,NA,NA,NA,NA,NA,NA,NA,NA,NA,NA,NA,NA,NA,NA,NA,NA,NA,NA,NA,NA,0,NA,NA,NA,NA,NA,NA,NA,NA,NA,NA,NA,NA,NA,NA,0,NA,NA,NA,NA,NA,NA,NA,NA,NA,0,NA,NA,NA,NA,0,NA,NA,NA,NA,0,NA,NA,NA,NA,0,NA,NA,NA,NA,NA,NA,NA,NA,NA,0,NA,NA,NA,NA,NA,NA,NA,NA,NA,NA,NA,NA,NA,NA,0,NA,NA,NA,NA,NA,NA,NA,NA,NA
M17 [Vaccines],17.11,Vaccine - Vitamin K,4. Stock Distributed,150,NA,NA,NA,NA,0,NA,NA,NA,NA,NA,NA,NA,NA,NA,NA,NA,NA,NA,NA,0,NA,NA,NA,NA,0,NA,NA,NA,NA,0,NA,NA,NA,NA,0,NA,NA,NA,NA,NA,NA,NA,NA,NA,NA,NA,NA,NA,NA,0,NA,NA,NA,NA,NA,NA,NA,NA,NA,0,NA,NA,NA,NA,150,NA,NA,NA,NA,0,NA,NA,NA,NA,NA,NA,NA,NA,NA,0,NA,NA,NA,NA,NA,NA,NA,NA,NA,0,NA,NA,NA,NA,0,NA,NA,NA,NA,0,NA,NA,NA,NA,0,NA,NA,NA,NA,NA,NA,NA,NA,NA,0,NA,NA,NA,NA,NA,NA,NA,NA,NA,NA,NA,NA,NA,NA,0,NA,NA,NA,NA,NA,NA,NA,NA,NA
M17 [Vaccines],17.11,Vaccine - Vitamin K,5. Total Stock,125,NA,NA,NA,NA,0,NA,NA,NA,NA,NA,NA,NA,NA,NA,NA,NA,NA,NA,NA,75,NA,NA,NA,NA,0,NA,NA,NA,NA,0,NA,NA,NA,NA,0,NA,NA,NA,NA,NA,NA,NA,NA,NA,NA,NA,NA,NA,NA,0,NA,NA,NA,NA,NA,NA,NA,NA,NA,0,NA,NA,NA,NA,50,NA,NA,NA,NA,0,NA,NA,NA,NA,NA,NA,NA,NA,NA,0,NA,NA,NA,NA,NA,NA,NA,NA,NA,0,NA,NA,NA,NA,0,NA,NA,NA,NA,0,NA,NA,NA,NA,0,NA,NA,NA,NA,NA,NA,NA,NA,NA,0,NA,NA,NA,NA,NA,NA,NA,NA,NA,NA,NA,NA,NA,NA,0,NA,NA,NA,NA,NA,NA,NA,NA,NA
M17 [Vaccines],17.12,Rotavirus,1. Balance From Previous Month,231498,NA,NA,NA,NA,7800,NA,NA,NA,NA,18070,NA,NA,NA,NA,19600,NA,NA,NA,NA,22800,NA,NA,NA,NA,670,NA,NA,NA,NA,10030,NA,NA,NA,NA,7770,NA,NA,NA,NA,4300,NA,NA,NA,NA,538,NA,NA,NA,NA,3680,NA,NA,NA,NA,6250,NA,NA,NA,NA,2710,NA,NA,NA,NA,18170,NA,NA,NA,NA,7860,NA,NA,NA,NA,8720,NA,NA,NA,NA,10760,NA,NA,NA,NA,15150,NA,NA,NA,NA,27000,NA,NA,NA,NA,330,NA,NA,NA,NA,13250,NA,NA,NA,NA,6600,NA,NA,NA,NA,5340,NA,NA,NA,NA,0,NA,NA,NA,NA,NA,NA,NA,NA,NA,1350,NA,NA,NA,NA,6750,NA,NA,NA,NA,6000,NA,NA,NA,NA
M17 [Vaccines],17.12,Rotavirus,2. Stocks Received,200652,NA,NA,NA,NA,0,NA,NA,NA,NA,21000,NA,NA,NA,NA,9000,NA,NA,NA,NA,27000,NA,NA,NA,NA,10200,NA,NA,NA,NA,1500,NA,NA,NA,NA,0,NA,NA,NA,NA,9900,NA,NA,NA,NA,3522,NA,NA,NA,NA,0,NA,NA,NA,NA,16500,NA,NA,NA,NA,13500,NA,NA,NA,NA,12000,NA,NA,NA,NA,14700,NA,NA,NA,NA,4500,NA,NA,NA,NA,8100,NA,NA,NA,NA,0,NA,NA,NA,NA,18000,NA,NA,NA,NA,12000,NA,NA,NA,NA,0,NA,NA,NA,NA,3000,NA,NA,NA,NA,NA,NA,NA,NA,NA,0,NA,NA,NA,NA,NA,NA,NA,NA,NA,30,NA,NA,NA,NA,16200,NA,NA,NA,NA,0,NA,NA,NA,NA
M17 [Vaccines],17.12,Rotavirus,3. Unusable Stock,0,NA,NA,NA,NA,0,NA,NA,NA,NA,NA,NA,NA,NA,NA,NA,NA,NA,NA,NA,NA,NA,NA,NA,NA,0,NA,NA,NA,NA,0,NA,NA,NA,NA,0,NA,NA,NA,NA,NA,NA,NA,NA,NA,NA,NA,NA,NA,NA,NA,NA,NA,NA,NA,0,NA,NA,NA,NA,NA,NA,NA,NA,NA,0,NA,NA,NA,NA,NA,NA,NA,NA,NA,0,NA,NA,NA,NA,0,NA,NA,NA,NA,0,NA,NA,NA,NA,0,NA,NA,NA,NA,0,NA,NA,NA,NA,0,NA,NA,NA,NA,0,NA,NA,NA,NA,NA,NA,NA,NA,NA,0,NA,NA,NA,NA,NA,NA,NA,NA,NA,0,NA,NA,NA,NA,0,NA,NA,NA,NA,NA,NA,NA,NA,NA
M17 [Vaccines],17.12,Rotavirus,4. Stock Distributed,178188,NA,NA,NA,NA,6550,NA,NA,NA,NA,9800,NA,NA,NA,NA,4450,NA,NA,NA,NA,19800,NA,NA,NA,NA,3810,NA,NA,NA,NA,4620,NA,NA,NA,NA,4460,NA,NA,NA,NA,13780,NA,NA,NA,NA,1258,NA,NA,NA,NA,1310,NA,NA,NA,NA,4900,NA,NA,NA,NA,13000,NA,NA,NA,NA,9050,NA,NA,NA,NA,6190,NA,NA,NA,NA,10300,NA,NA,NA,NA,11460,NA,NA,NA,NA,6700,NA,NA,NA,NA,11200,NA,NA,NA,NA,9130,NA,NA,NA,NA,6750,NA,NA,NA,NA,6840,NA,NA,NA,NA,NA,NA,NA,NA,NA,0,NA,NA,NA,NA,NA,NA,NA,NA,NA,1380,NA,NA,NA,NA,5750,NA,NA,NA,NA,5700,NA,NA,NA,NA
M17 [Vaccines],17.12,Rotavirus,5. Total Stock,267652,NA,NA,NA,NA,1250,NA,NA,NA,NA,29270,NA,NA,NA,NA,24150,NA,NA,NA,NA,30000,NA,NA,NA,NA,20700,NA,NA,NA,NA,6910,NA,NA,NA,NA,3310,NA,NA,NA,NA,NA,NA,NA,NA,NA,2802,NA,NA,NA,NA,2370,NA,NA,NA,NA,17850,NA,NA,NA,NA,3210,NA,NA,NA,NA,21120,NA,NA,NA,NA,16370,NA,NA,NA,NA,2920,NA,NA,NA,NA,7400,NA,NA,NA,NA,8450,NA,NA,NA,NA,33800,NA,NA,NA,NA,3200,NA,NA,NA,NA,6500,NA,NA,NA,NA,2760,NA,NA,NA,NA,5810,NA,NA,NA,NA,0,NA,NA,NA,NA,NA,NA,NA,NA,NA,0,NA,NA,NA,NA,17200,NA,NA,NA,NA,300,NA,NA,NA,NA
M17 [Vaccines],17.13,Inactivated Polio Vaccine,1. Balance From Previous Month,42422,NA,NA,NA,NA,25,NA,NA,NA,NA,1950,NA,NA,NA,NA,50,NA,NA,NA,NA,0,NA,NA,NA,NA,175,NA,NA,NA,NA,4050,NA,NA,NA,NA,250,NA,NA,NA,NA,4250,NA,NA,NA,NA,41,NA,NA,NA,NA,7925,NA,NA,NA,NA,1150,NA,NA,NA,NA,150,NA,NA,NA,NA,25,NA,NA,NA,NA,1950,NA,NA,NA,NA,0,NA,NA,NA,NA,25,NA,NA,NA,NA,NA,NA,NA,NA,NA,4600,NA,NA,NA,NA,0,NA,NA,NA,NA,1500,NA,NA,NA,NA,350,NA,NA,NA,NA,1350,NA,NA,NA,NA,0,NA,NA,NA,NA,10625,NA,NA,NA,NA,331,NA,NA,NA,NA,1650,NA,NA,NA,NA,0,NA,NA,NA,NA
M17 [Vaccines],17.13,Inactivated Polio Vaccine,2. Stocks Received,58997,NA,NA,NA,NA,0,NA,NA,NA,NA,10625,NA,NA,NA,NA,4375,NA,NA,NA,NA,0,NA,NA,NA,NA,0,NA,NA,NA,NA,0,NA,NA,NA,NA,0,NA,NA,NA,NA,NA,NA,NA,NA,NA,297,NA,NA,NA,NA,0,NA,NA,NA,NA,6775,NA,NA,NA,NA,6250,NA,NA,NA,NA,0,NA,NA,NA,NA,7500,NA,NA,NA,NA,6750,NA,NA,NA,NA,8225,NA,NA,NA,NA,NA,NA,NA,NA,NA,0,NA,NA,NA,NA,0,NA,NA,NA,NA,0,NA,NA,NA,NA,0,NA,NA,NA,NA,0,NA,NA,NA,NA,0,NA,NA,NA,NA,0,NA,NA,NA,NA,0,NA,NA,NA,NA,8000,NA,NA,NA,NA,200,NA,NA,NA,NA
M17 [Vaccines],17.13,Inactivated Polio Vaccine,3. Unusable Stock,0,NA,NA,NA,NA,0,NA,NA,NA,NA,NA,NA,NA,NA,NA,NA,NA,NA,NA,NA,NA,NA,NA,NA,NA,0,NA,NA,NA,NA,0,NA,NA,NA,NA,0,NA,NA,NA,NA,NA,NA,NA,NA,NA,NA,NA,NA,NA,NA,NA,NA,NA,NA,NA,0,NA,NA,NA,NA,NA,NA,NA,NA,NA,0,NA,NA,NA,NA,NA,NA,NA,NA,NA,0,NA,NA,NA,NA,0,NA,NA,NA,NA,NA,NA,NA,NA,NA,0,NA,NA,NA,NA,0,NA,NA,NA,NA,0,NA,NA,NA,NA,0,NA,NA,NA,NA,NA,NA,NA,NA,NA,0,NA,NA,NA,NA,0,NA,NA,NA,NA,0,NA,NA,NA,NA,0,NA,NA,NA,NA,NA,NA,NA,NA,NA
M17 [Vaccines],17.13,Inactivated Polio Vaccine,4. Stock Distributed,34483,NA,NA,NA,NA,25,NA,NA,NA,NA,1250,NA,NA,NA,NA,NA,NA,NA,NA,NA,0,NA,NA,NA,NA,175,NA,NA,NA,NA,4050,NA,NA,NA,NA,250,NA,NA,NA,NA,4250,NA,NA,NA,NA,52,NA,NA,NA,NA,625,NA,NA,NA,NA,400,NA,NA,NA,NA,6250,NA,NA,NA,NA,0,NA,NA,NA,NA,1900,NA,NA,NA,NA,6750,NA,NA,NA,NA,200,NA,NA,NA,NA,NA,NA,NA,NA,NA,4600,NA,NA,NA,NA,0,NA,NA,NA,NA,900,NA,NA,NA,NA,200,NA,NA,NA,NA,NA,NA,NA,NA,NA,0,NA,NA,NA,NA,525,NA,NA,NA,NA,331,NA,NA,NA,NA,1650,NA,NA,NA,NA,100,NA,NA,NA,NA
M17 [Vaccines],17.13,Inactivated Polio Vaccine,5. Total Stock,55486,NA,NA,NA,NA,0,NA,NA,NA,NA,11325,NA,NA,NA,NA,4425,NA,NA,NA,NA,0,NA,NA,NA,NA,0,NA,NA,NA,NA,0,NA,NA,NA,NA,0,NA,NA,NA,NA,NA,NA,NA,NA,NA,286,NA,NA,NA,NA,7300,NA,NA,NA,NA,7525,NA,NA,NA,NA,150,NA,NA,NA,NA,25,NA,NA,NA,NA,7550,NA,NA,NA,NA,0,NA,NA,NA,NA,8050,NA,NA,NA,NA,NA,NA,NA,NA,NA,0,NA,NA,NA,NA,0,NA,NA,NA,NA,600,NA,NA,NA,NA,150,NA,NA,NA,NA,0,NA,NA,NA,NA,0,NA,NA,NA,NA,NA,NA,NA,NA,NA,0,NA,NA,NA,NA,8000,NA,NA,NA,NA,100,NA,NA,NA,NA
M17 [Vaccines],17.14,Measles Rubella (MR),1. Balance From Previous Month,263172,NA,NA,NA,NA,1000,NA,NA,NA,NA,NA,NA,NA,NA,NA,35600,NA,NA,NA,NA,850,NA,NA,NA,NA,11800,NA,NA,NA,NA,3200,NA,NA,NA,NA,0,NA,NA,NA,NA,NA,NA,NA,NA,NA,32,NA,NA,NA,NA,6170,NA,NA,NA,NA,0,NA,NA,NA,NA,105750,NA,NA,NA,NA,0,NA,NA,NA,NA,16180,NA,NA,NA,NA,0,NA,NA,NA,NA,0,NA,NA,NA,NA,14520,NA,NA,NA,NA,13000,NA,NA,NA,NA,3900,NA,NA,NA,NA,6600,NA,NA,NA,NA,0,NA,NA,NA,NA,29750,NA,NA,NA,NA,0,NA,NA,NA,NA,NA,NA,NA,NA,NA,550,NA,NA,NA,NA,9770,NA,NA,NA,NA,4500,NA,NA,NA,NA
M17 [Vaccines],17.14,Measles Rubella (MR),2. Stocks Received,45467,NA,NA,NA,NA,0,NA,NA,NA,NA,NA,NA,NA,NA,NA,NA,NA,NA,NA,NA,0,NA,NA,NA,NA,12000,NA,NA,NA,NA,9000,NA,NA,NA,NA,0,NA,NA,NA,NA,NA,NA,NA,NA,NA,417,NA,NA,NA,NA,0,NA,NA,NA,NA,0,NA,NA,NA,NA,0,NA,NA,NA,NA,0,NA,NA,NA,NA,0,NA,NA,NA,NA,0,NA,NA,NA,NA,0,NA,NA,NA,NA,12000,NA,NA,NA,NA,0,NA,NA,NA,NA,0,NA,NA,NA,NA,0,NA,NA,NA,NA,0,NA,NA,NA,NA,NA,NA,NA,NA,NA,0,NA,NA,NA,NA,NA,NA,NA,NA,NA,50,NA,NA,NA,NA,0,NA,NA,NA,NA,12000,NA,NA,NA,NA
M17 [Vaccines],17.14,Measles Rubella (MR),3. Unusable Stock,0,NA,NA,NA,NA,0,NA,NA,NA,NA,NA,NA,NA,NA,NA,NA,NA,NA,NA,NA,NA,NA,NA,NA,NA,0,NA,NA,NA,NA,0,NA,NA,NA,NA,0,NA,NA,NA,NA,NA,NA,NA,NA,NA,NA,NA,NA,NA,NA,NA,NA,NA,NA,NA,0,NA,NA,NA,NA,NA,NA,NA,NA,NA,0,NA,NA,NA,NA,NA,NA,NA,NA,NA,0,NA,NA,NA,NA,0,NA,NA,NA,NA,0,NA,NA,NA,NA,0,NA,NA,NA,NA,0,NA,NA,NA,NA,0,NA,NA,NA,NA,0,NA,NA,NA,NA,NA,NA,NA,NA,NA,0,NA,NA,NA,NA,NA,NA,NA,NA,NA,0,NA,NA,NA,NA,0,NA,NA,NA,NA,NA,NA,NA,NA,NA
M17 [Vaccines],17.14,Measles Rubella (MR),4. Stock Distributed,57860,NA,NA,NA,NA,400,NA,NA,NA,NA,NA,NA,NA,NA,NA,5400,NA,NA,NA,NA,0,NA,NA,NA,NA,3100,NA,NA,NA,NA,3200,NA,NA,NA,NA,0,NA,NA,NA,NA,NA,NA,NA,NA,NA,150,NA,NA,NA,NA,0,NA,NA,NA,NA,0,NA,NA,NA,NA,12000,NA,NA,NA,NA,0,NA,NA,NA,NA,0,NA,NA,NA,NA,0,NA,NA,NA,NA,0,NA,NA,NA,NA,1400,NA,NA,NA,NA,13000,NA,NA,NA,NA,2500,NA,NA,NA,NA,4800,NA,NA,NA,NA,0,NA,NA,NA,NA,NA,NA,NA,NA,NA,0,NA,NA,NA,NA,NA,NA,NA,NA,NA,580,NA,NA,NA,NA,7330,NA,NA,NA,NA,4000,NA,NA,NA,NA
M17 [Vaccines],17.14,Measles Rubella (MR),5. Total Stock,259979,NA,NA,NA,NA,600,NA,NA,NA,NA,NA,NA,NA,NA,NA,30200,NA,NA,NA,NA,850,NA,NA,NA,NA,20700,NA,NA,NA,NA,9000,NA,NA,NA,NA,0,NA,NA,NA,NA,NA,NA,NA,NA,NA,299,NA,NA,NA,NA,6170,NA,NA,NA,NA,0,NA,NA,NA,NA,93750,NA,NA,NA,NA,0,NA,NA,NA,NA,16180,NA,NA,NA,NA,0,NA,NA,NA,NA,0,NA,NA,NA,NA,25120,NA,NA,NA,NA,0,NA,NA,NA,NA,1400,NA,NA,NA,NA,1800,NA,NA,NA,NA,0,NA,NA,NA,NA,38950,NA,NA,NA,NA,0,NA,NA,NA,NA,NA,NA,NA,NA,NA,20,NA,NA,NA,NA,2440,NA,NA,NA,NA,12500,NA,NA,NA,NA
M18 [Family Planning],18.1,IUD 380 A,1. Balance From Previous Month,6841,NA,NA,NA,NA,0,NA,NA,NA,NA,1100,NA,NA,NA,NA,NA,NA,NA,NA,NA,500,NA,NA,NA,NA,250,NA,NA,NA,NA,500,NA,NA,NA,NA,400,NA,NA,NA,NA,0,NA,NA,NA,NA,0,NA,NA,NA,NA,0,NA,NA,NA,NA,500,NA,NA,NA,NA,1100,NA,NA,NA,NA,0,NA,NA,NA,NA,NA,NA,NA,NA,NA,NA,NA,NA,NA,NA,0,NA,NA,NA,NA,0,NA,NA,NA,NA,NA,NA,NA,NA,NA,850,NA,NA,NA,NA,0,NA,NA,NA,NA,206,NA,NA,NA,NA,NA,NA,NA,NA,NA,0,NA,NA,NA,NA,0,NA,NA,NA,NA,450,NA,NA,NA,NA,985,NA,NA,NA,NA,NA,NA,NA,NA,NA
M18 [Family Planning],18.1,IUD 380 A,2. Stocks Received,3688,NA,NA,NA,NA,0,NA,NA,NA,NA,0,NA,NA,NA,NA,NA,NA,NA,NA,NA,0,NA,NA,NA,NA,0,NA,NA,NA,NA,0,NA,NA,NA,NA,0,NA,NA,NA,NA,138,NA,NA,NA,NA,0,NA,NA,NA,NA,0,NA,NA,NA,NA,0,NA,NA,NA,NA,0,NA,NA,NA,NA,0,NA,NA,NA,NA,NA,NA,NA,NA,NA,NA,NA,NA,NA,NA,0,NA,NA,NA,NA,0,NA,NA,NA,NA,NA,NA,NA,NA,NA,0,NA,NA,NA,NA,0,NA,NA,NA,NA,0,NA,NA,NA,NA,NA,NA,NA,NA,NA,0,NA,NA,NA,NA,550,NA,NA,NA,NA,2000,NA,NA,NA,NA,1000,NA,NA,NA,NA,NA,NA,NA,NA,NA
M18 [Family Planning],18.1,IUD 380 A,3. Unusable Stock,0,NA,NA,NA,NA,0,NA,NA,NA,NA,NA,NA,NA,NA,NA,NA,NA,NA,NA,NA,NA,NA,NA,NA,NA,0,NA,NA,NA,NA,0,NA,NA,NA,NA,0,NA,NA,NA,NA,0,NA,NA,NA,NA,NA,NA,NA,NA,NA,0,NA,NA,NA,NA,0,NA,NA,NA,NA,NA,NA,NA,NA,NA,0,NA,NA,NA,NA,NA,NA,NA,NA,NA,NA,NA,NA,NA,NA,0,NA,NA,NA,NA,0,NA,NA,NA,NA,NA,NA,NA,NA,NA,0,NA,NA,NA,NA,0,NA,NA,NA,NA,0,NA,NA,NA,NA,NA,NA,NA,NA,NA,0,NA,NA,NA,NA,0,NA,NA,NA,NA,0,NA,NA,NA,NA,0,NA,NA,NA,NA,NA,NA,NA,NA,NA
M18 [Family Planning],18.1,IUD 380 A,4. Stock Distributed,2646,NA,NA,NA,NA,0,NA,NA,NA,NA,150,NA,NA,NA,NA,NA,NA,NA,NA,NA,284,NA,NA,NA,NA,0,NA,NA,NA,NA,300,NA,NA,NA,NA,200,NA,NA,NA,NA,138,NA,NA,NA,NA,0,NA,NA,NA,NA,0,NA,NA,NA,NA,500,NA,NA,NA,NA,300,NA,NA,NA,NA,0,NA,NA,NA,NA,NA,NA,NA,NA,NA,NA,NA,NA,NA,NA,0,NA,NA,NA,NA,0,NA,NA,NA,NA,NA,NA,NA,NA,NA,150,NA,NA,NA,NA,0,NA,NA,NA,NA,124,NA,NA,NA,NA,NA,NA,NA,NA,NA,0,NA,NA,NA,NA,0,NA,NA,NA,NA,400,NA,NA,NA,NA,100,NA,NA,NA,NA,NA,NA,NA,NA,NA
M18 [Family Planning],18.1,IUD 380 A,5. Total Stock,7883,NA,NA,NA,NA,0,NA,NA,NA,NA,950,NA,NA,NA,NA,0,NA,NA,NA,NA,216,NA,NA,NA,NA,250,NA,NA,NA,NA,200,NA,NA,NA,NA,200,NA,NA,NA,NA,0,NA,NA,NA,NA,0,NA,NA,NA,NA,0,NA,NA,NA,NA,0,NA,NA,NA,NA,800,NA,NA,NA,NA,0,NA,NA,NA,NA,0,NA,NA,NA,NA,0,NA,NA,NA,NA,0,NA,NA,NA,NA,0,NA,NA,NA,NA,0,NA,NA,NA,NA,700,NA,NA,NA,NA,0,NA,NA,NA,NA,82,NA,NA,NA,NA,0,NA,NA,NA,NA,0,NA,NA,NA,NA,550,NA,NA,NA,NA,2050,NA,NA,NA,NA,1885,NA,NA,NA,NA,0,NA,NA,NA,NA
M18 [Family Planning],18.2,IUD 375 A,1. Balance From Previous Month,5728,NA,NA,NA,NA,0,NA,NA,NA,NA,800,NA,NA,NA,NA,NA,NA,NA,NA,NA,461,NA,NA,NA,NA,200,NA,NA,NA,NA,500,NA,NA,NA,NA,10,NA,NA,NA,NA,0,NA,NA,NA,NA,0,NA,NA,NA,NA,0,NA,NA,NA,NA,500,NA,NA,NA,NA,1600,NA,NA,NA,NA,0,NA,NA,NA,NA,NA,NA,NA,NA,NA,NA,NA,NA,NA,NA,0,NA,NA,NA,NA,0,NA,NA,NA,NA,NA,NA,NA,NA,NA,929,NA,NA,NA,NA,0,NA,NA,NA,NA,222,NA,NA,NA,NA,NA,NA,NA,NA,NA,100,NA,NA,NA,NA,0,NA,NA,NA,NA,0,NA,NA,NA,NA,406,NA,NA,NA,NA,NA,NA,NA,NA,NA
M18 [Family Planning],18.2,IUD 375 A,2. Stocks Received,3290,NA,NA,NA,NA,0,NA,NA,NA,NA,0,NA,NA,NA,NA,NA,NA,NA,NA,NA,0,NA,NA,NA,NA,0,NA,NA,NA,NA,0,NA,NA,NA,NA,0,NA,NA,NA,NA,0,NA,NA,NA,NA,0,NA,NA,NA,NA,0,NA,NA,NA,NA,0,NA,NA,NA,NA,0,NA,NA,NA,NA,0,NA,NA,NA,NA,NA,NA,NA,NA,NA,NA,NA,NA,NA,NA,0,NA,NA,NA,NA,0,NA,NA,NA,NA,NA,NA,NA,NA,NA,0,NA,NA,NA,NA,0,NA,NA,NA,NA,0,NA,NA,NA,NA,NA,NA,NA,NA,NA,0,NA,NA,NA,NA,390,NA,NA,NA,NA,2400,NA,NA,NA,NA,500,NA,NA,NA,NA,NA,NA,NA,NA,NA
M18 [Family Planning],18.2,IUD 375 A,3. Unusable Stock,0,NA,NA,NA,NA,0,NA,NA,NA,NA,NA,NA,NA,NA,NA,NA,NA,NA,NA,NA,NA,NA,NA,NA,NA,0,NA,NA,NA,NA,0,NA,NA,NA,NA,0,NA,NA,NA,NA,0,NA,NA,NA,NA,NA,NA,NA,NA,NA,0,NA,NA,NA,NA,0,NA,NA,NA,NA,NA,NA,NA,NA,NA,0,NA,NA,NA,NA,NA,NA,NA,NA,NA,NA,NA,NA,NA,NA,0,NA,NA,NA,NA,0,NA,NA,NA,NA,NA,NA,NA,NA,NA,0,NA,NA,NA,NA,0,NA,NA,NA,NA,0,NA,NA,NA,NA,NA,NA,NA,NA,NA,0,NA,NA,NA,NA,0,NA,NA,NA,NA,0,NA,NA,NA,NA,0,NA,NA,NA,NA,NA,NA,NA,NA,NA
M18 [Family Planning],18.2,IUD 375 A,4. Stock Distributed,1832,NA,NA,NA,NA,0,NA,NA,NA,NA,0,NA,NA,NA,NA,NA,NA,NA,NA,NA,312,NA,NA,NA,NA,0,NA,NA,NA,NA,300,NA,NA,NA,NA,0,NA,NA,NA,NA,0,NA,NA,NA,NA,0,NA,NA,NA,NA,0,NA,NA,NA,NA,500,NA,NA,NA,NA,150,NA,NA,NA,NA,0,NA,NA,NA,NA,NA,NA,NA,NA,NA,NA,NA,NA,NA,NA,0,NA,NA,NA,NA,0,NA,NA,NA,NA,NA,NA,NA,NA,NA,150,NA,NA,NA,NA,0,NA,NA,NA,NA,70,NA,NA,NA,NA,NA,NA,NA,NA,NA,100,NA,NA,NA,NA,0,NA,NA,NA,NA,200,NA,NA,NA,NA,50,NA,NA,NA,NA,NA,NA,NA,NA,NA
M18 [Family Planning],18.2,IUD 375 A,5. Total Stock,7186,NA,NA,NA,NA,0,NA,NA,NA,NA,800,NA,NA,NA,NA,0,NA,NA,NA,NA,149,NA,NA,NA,NA,200,NA,NA,NA,NA,200,NA,NA,NA,NA,10,NA,NA,NA,NA,0,NA,NA,NA,NA,0,NA,NA,NA,NA,0,NA,NA,NA,NA,0,NA,NA,NA,NA,1450,NA,NA,NA,NA,0,NA,NA,NA,NA,0,NA,NA,NA,NA,0,NA,NA,NA,NA,0,NA,NA,NA,NA,0,NA,NA,NA,NA,0,NA,NA,NA,NA,779,NA,NA,NA,NA,0,NA,NA,NA,NA,152,NA,NA,NA,NA,0,NA,NA,NA,NA,0,NA,NA,NA,NA,390,NA,NA,NA,NA,2200,NA,NA,NA,NA,856,NA,NA,NA,NA,0,NA,NA,NA,NA
M18 [Family Planning],18.3,Condoms,1. Balance From Previous Month,760243,NA,NA,NA,NA,0,NA,NA,NA,NA,12528,NA,NA,NA,NA,NA,NA,NA,NA,NA,153750,NA,NA,NA,NA,46730,NA,NA,NA,NA,0,NA,NA,NA,NA,142530,NA,NA,NA,NA,0,NA,NA,NA,NA,58540,NA,NA,NA,NA,138580,NA,NA,NA,NA,0,NA,NA,NA,NA,22836,NA,NA,NA,NA,0,NA,NA,NA,NA,NA,NA,NA,NA,NA,NA,NA,NA,NA,NA,0,NA,NA,NA,NA,0,NA,NA,NA,NA,NA,NA,NA,NA,NA,3000,NA,NA,NA,NA,15000,NA,NA,NA,NA,19926,NA,NA,NA,NA,NA,NA,NA,NA,NA,95248,NA,NA,NA,NA,0,NA,NA,NA,NA,19840,NA,NA,NA,NA,26235,NA,NA,NA,NA,5500,NA,NA,NA,NA
M18 [Family Planning],18.3,Condoms,2. Stocks Received,1140040,NA,NA,NA,NA,0,NA,NA,NA,NA,0,NA,NA,NA,NA,NA,NA,NA,NA,NA,218600,NA,NA,NA,NA,50000,NA,NA,NA,NA,150000,NA,NA,NA,NA,100000,NA,NA,NA,NA,0,NA,NA,NA,NA,0,NA,NA,NA,NA,0,NA,NA,NA,NA,0,NA,NA,NA,NA,50000,NA,NA,NA,NA,0,NA,NA,NA,NA,NA,NA,NA,NA,NA,NA,NA,NA,NA,NA,0,NA,NA,NA,NA,0,NA,NA,NA,NA,NA,NA,NA,NA,NA,0,NA,NA,NA,NA,0,NA,NA,NA,NA,0,NA,NA,NA,NA,NA,NA,NA,NA,NA,0,NA,NA,NA,NA,0,NA,NA,NA,NA,571440,NA,NA,NA,NA,0,NA,NA,NA,NA,NA,NA,NA,NA,NA
M18 [Family Planning],18.3,Condoms,3. Unusable Stock,0,NA,NA,NA,NA,0,NA,NA,NA,NA,NA,NA,NA,NA,NA,NA,NA,NA,NA,NA,NA,NA,NA,NA,NA,0,NA,NA,NA,NA,0,NA,NA,NA,NA,0,NA,NA,NA,NA,0,NA,NA,NA,NA,NA,NA,NA,NA,NA,0,NA,NA,NA,NA,0,NA,NA,NA,NA,NA,NA,NA,NA,NA,0,NA,NA,NA,NA,NA,NA,NA,NA,NA,NA,NA,NA,NA,NA,0,NA,NA,NA,NA,0,NA,NA,NA,NA,NA,NA,NA,NA,NA,0,NA,NA,NA,NA,0,NA,NA,NA,NA,0,NA,NA,NA,NA,NA,NA,NA,NA,NA,0,NA,NA,NA,NA,0,NA,NA,NA,NA,0,NA,NA,NA,NA,0,NA,NA,NA,NA,NA,NA,NA,NA,NA
M18 [Family Planning],18.3,Condoms,4. Stock Distributed,378318,NA,NA,NA,NA,0,NA,NA,NA,NA,0,NA,NA,NA,NA,NA,NA,NA,NA,NA,78638,NA,NA,NA,NA,63230,NA,NA,NA,NA,81000,NA,NA,NA,NA,105510,NA,NA,NA,NA,0,NA,NA,NA,NA,0,NA,NA,NA,NA,0,NA,NA,NA,NA,0,NA,NA,NA,NA,1200,NA,NA,NA,NA,0,NA,NA,NA,NA,NA,NA,NA,NA,NA,NA,NA,NA,NA,NA,0,NA,NA,NA,NA,0,NA,NA,NA,NA,NA,NA,NA,NA,NA,0,NA,NA,NA,NA,0,NA,NA,NA,NA,12840,NA,NA,NA,NA,NA,NA,NA,NA,NA,30000,NA,NA,NA,NA,0,NA,NA,NA,NA,200,NA,NA,NA,NA,700,NA,NA,NA,NA,5000,NA,NA,NA,NA
M18 [Family Planning],18.3,Condoms,5. Total Stock,1521965,NA,NA,NA,NA,0,NA,NA,NA,NA,12528,NA,NA,NA,NA,0,NA,NA,NA,NA,293712,NA,NA,NA,NA,33500,NA,NA,NA,NA,69000,NA,NA,NA,NA,137020,NA,NA,NA,NA,0,NA,NA,NA,NA,58540,NA,NA,NA,NA,138580,NA,NA,NA,NA,0,NA,NA,NA,NA,71636,NA,NA,NA,NA,0,NA,NA,NA,NA,0,NA,NA,NA,NA,0,NA,NA,NA,NA,0,NA,NA,NA,NA,0,NA,NA,NA,NA,0,NA,NA,NA,NA,3000,NA,NA,NA,NA,15000,NA,NA,NA,NA,7086,NA,NA,NA,NA,0,NA,NA,NA,NA,65248,NA,NA,NA,NA,0,NA,NA,NA,NA,591080,NA,NA,NA,NA,25535,NA,NA,NA,NA,500,NA,NA,NA,NA
M18 [Family Planning],18.4,Oral Contraceptive,1. Balance From Previous Month,79582,NA,NA,NA,NA,0,NA,NA,NA,NA,600,NA,NA,NA,NA,NA,NA,NA,NA,NA,1700,NA,NA,NA,NA,4900,NA,NA,NA,NA,10000,NA,NA,NA,NA,1400,NA,NA,NA,NA,0,NA,NA,NA,NA,145,NA,NA,NA,NA,0,NA,NA,NA,NA,0,NA,NA,NA,NA,10000,NA,NA,NA,NA,0,NA,NA,NA,NA,NA,NA,NA,NA,NA,NA,NA,NA,NA,NA,0,NA,NA,NA,NA,0,NA,NA,NA,NA,NA,NA,NA,NA,NA,300,NA,NA,NA,NA,9000,NA,NA,NA,NA,30450,NA,NA,NA,NA,NA,NA,NA,NA,NA,7787,NA,NA,NA,NA,0,NA,NA,NA,NA,0,NA,NA,NA,NA,3300,NA,NA,NA,NA,NA,NA,NA,NA,NA
M18 [Family Planning],18.4,Oral Contraceptive,2. Stocks Received,118291,NA,NA,NA,NA,0,NA,NA,NA,NA,0,NA,NA,NA,NA,NA,NA,NA,NA,NA,2191,NA,NA,NA,NA,50000,NA,NA,NA,NA,0,NA,NA,NA,NA,0,NA,NA,NA,NA,5000,NA,NA,NA,NA,0,NA,NA,NA,NA,0,NA,NA,NA,NA,0,NA,NA,NA,NA,6000,NA,NA,NA,NA,0,NA,NA,NA,NA,NA,NA,NA,NA,NA,NA,NA,NA,NA,NA,0,NA,NA,NA,NA,0,NA,NA,NA,NA,NA,NA,NA,NA,NA,0,NA,NA,NA,NA,0,NA,NA,NA,NA,0,NA,NA,NA,NA,NA,NA,NA,NA,NA,0,NA,NA,NA,NA,21200,NA,NA,NA,NA,33900,NA,NA,NA,NA,0,NA,NA,NA,NA,NA,NA,NA,NA,NA
M18 [Family Planning],18.4,Oral Contraceptive,3. Unusable Stock,0,NA,NA,NA,NA,0,NA,NA,NA,NA,NA,NA,NA,NA,NA,NA,NA,NA,NA,NA,NA,NA,NA,NA,NA,0,NA,NA,NA,NA,0,NA,NA,NA,NA,0,NA,NA,NA,NA,0,NA,NA,NA,NA,NA,NA,NA,NA,NA,0,NA,NA,NA,NA,0,NA,NA,NA,NA,NA,NA,NA,NA,NA,0,NA,NA,NA,NA,NA,NA,NA,NA,NA,NA,NA,NA,NA,NA,0,NA,NA,NA,NA,0,NA,NA,NA,NA,NA,NA,NA,NA,NA,0,NA,NA,NA,NA,0,NA,NA,NA,NA,0,NA,NA,NA,NA,NA,NA,NA,NA,NA,0,NA,NA,NA,NA,0,NA,NA,NA,NA,0,NA,NA,NA,NA,0,NA,NA,NA,NA,NA,NA,NA,NA,NA
M18 [Family Planning],18.4,Oral Contraceptive,4. Stock Distributed,64086,NA,NA,NA,NA,0,NA,NA,NA,NA,200,NA,NA,NA,NA,NA,NA,NA,NA,NA,1600,NA,NA,NA,NA,38200,NA,NA,NA,NA,10000,NA,NA,NA,NA,1000,NA,NA,NA,NA,5000,NA,NA,NA,NA,0,NA,NA,NA,NA,0,NA,NA,NA,NA,0,NA,NA,NA,NA,400,NA,NA,NA,NA,0,NA,NA,NA,NA,NA,NA,NA,NA,NA,NA,NA,NA,NA,NA,0,NA,NA,NA,NA,0,NA,NA,NA,NA,NA,NA,NA,NA,NA,300,NA,NA,NA,NA,0,NA,NA,NA,NA,5186,NA,NA,NA,NA,NA,NA,NA,NA,NA,0,NA,NA,NA,NA,0,NA,NA,NA,NA,1000,NA,NA,NA,NA,1200,NA,NA,NA,NA,NA,NA,NA,NA,NA
M18 [Family Planning],18.4,Oral Contraceptive,5. Total Stock,133787,NA,NA,NA,NA,0,NA,NA,NA,NA,400,NA,NA,NA,NA,0,NA,NA,NA,NA,2291,NA,NA,NA,NA,16700,NA,NA,NA,NA,0,NA,NA,NA,NA,400,NA,NA,NA,NA,0,NA,NA,NA,NA,145,NA,NA,NA,NA,0,NA,NA,NA,NA,0,NA,NA,NA,NA,15600,NA,NA,NA,NA,0,NA,NA,NA,NA,0,NA,NA,NA,NA,0,NA,NA,NA,NA,0,NA,NA,NA,NA,0,NA,NA,NA,NA,0,NA,NA,NA,NA,0,NA,NA,NA,NA,9000,NA,NA,NA,NA,25264,NA,NA,NA,NA,0,NA,NA,NA,NA,7787,NA,NA,NA,NA,21200,NA,NA,NA,NA,32900,NA,NA,NA,NA,2100,NA,NA,NA,NA,0,NA,NA,NA,NA
M18 [Family Planning],18.5,Emergency Contraceptive Pills,1. Balance From Previous Month,27289,NA,NA,NA,NA,0,NA,NA,NA,NA,50,NA,NA,NA,NA,NA,NA,NA,NA,NA,0,NA,NA,NA,NA,100,NA,NA,NA,NA,0,NA,NA,NA,NA,300,NA,NA,NA,NA,0,NA,NA,NA,NA,140,NA,NA,NA,NA,2800,NA,NA,NA,NA,0,NA,NA,NA,NA,2800,NA,NA,NA,NA,0,NA,NA,NA,NA,NA,NA,NA,NA,NA,NA,NA,NA,NA,NA,0,NA,NA,NA,NA,0,NA,NA,NA,NA,NA,NA,NA,NA,NA,273,NA,NA,NA,NA,7000,NA,NA,NA,NA,326,NA,NA,NA,NA,NA,NA,NA,NA,NA,500,NA,NA,NA,NA,0,NA,NA,NA,NA,500,NA,NA,NA,NA,12500,NA,NA,NA,NA,NA,NA,NA,NA,NA
M18 [Family Planning],18.5,Emergency Contraceptive Pills,2. Stocks Received,66900,NA,NA,NA,NA,NA,NA,NA,NA,NA,0,NA,NA,NA,NA,NA,NA,NA,NA,NA,1200,NA,NA,NA,NA,50000,NA,NA,NA,NA,0,NA,NA,NA,NA,0,NA,NA,NA,NA,0,NA,NA,NA,NA,0,NA,NA,NA,NA,0,NA,NA,NA,NA,0,NA,NA,NA,NA,0,NA,NA,NA,NA,0,NA,NA,NA,NA,NA,NA,NA,NA,NA,NA,NA,NA,NA,NA,0,NA,NA,NA,NA,0,NA,NA,NA,NA,NA,NA,NA,NA,NA,0,NA,NA,NA,NA,0,NA,NA,NA,NA,0,NA,NA,NA,NA,NA,NA,NA,NA,NA,0,NA,NA,NA,NA,0,NA,NA,NA,NA,5700,NA,NA,NA,NA,10000,NA,NA,NA,NA,NA,NA,NA,NA,NA
M18 [Family Planning],18.5,Emergency Contraceptive Pills,3. Unusable Stock,0,NA,NA,NA,NA,NA,NA,NA,NA,NA,NA,NA,NA,NA,NA,NA,NA,NA,NA,NA,NA,NA,NA,NA,NA,0,NA,NA,NA,NA,0,NA,NA,NA,NA,0,NA,NA,NA,NA,0,NA,NA,NA,NA,NA,NA,NA,NA,NA,0,NA,NA,NA,NA,0,NA,NA,NA,NA,NA,NA,NA,NA,NA,0,NA,NA,NA,NA,NA,NA,NA,NA,NA,NA,NA,NA,NA,NA,0,NA,NA,NA,NA,0,NA,NA,NA,NA,NA,NA,NA,NA,NA,0,NA,NA,NA,NA,0,NA,NA,NA,NA,0,NA,NA,NA,NA,NA,NA,NA,NA,NA,0,NA,NA,NA,NA,0,NA,NA,NA,NA,0,NA,NA,NA,NA,0,NA,NA,NA,NA,NA,NA,NA,NA,NA
M18 [Family Planning],18.5,Emergency Contraceptive Pills,4. Stock Distributed,38500,NA,NA,NA,NA,NA,NA,NA,NA,NA,0,NA,NA,NA,NA,NA,NA,NA,NA,NA,0,NA,NA,NA,NA,38000,NA,NA,NA,NA,0,NA,NA,NA,NA,0,NA,NA,NA,NA,0,NA,NA,NA,NA,0,NA,NA,NA,NA,0,NA,NA,NA,NA,0,NA,NA,NA,NA,0,NA,NA,NA,NA,0,NA,NA,NA,NA,NA,NA,NA,NA,NA,NA,NA,NA,NA,NA,0,NA,NA,NA,NA,0,NA,NA,NA,NA,NA,NA,NA,NA,NA,0,NA,NA,NA,NA,0,NA,NA,NA,NA,0,NA,NA,NA,NA,NA,NA,NA,NA,NA,0,NA,NA,NA,NA,0,NA,NA,NA,NA,500,NA,NA,NA,NA,0,NA,NA,NA,NA,NA,NA,NA,NA,NA
M18 [Family Planning],18.5,Emergency Contraceptive Pills,5. Total Stock,55689,NA,NA,NA,NA,0,NA,NA,NA,NA,50,NA,NA,NA,NA,0,NA,NA,NA,NA,1200,NA,NA,NA,NA,12100,NA,NA,NA,NA,0,NA,NA,NA,NA,300,NA,NA,NA,NA,0,NA,NA,NA,NA,140,NA,NA,NA,NA,2800,NA,NA,NA,NA,0,NA,NA,NA,NA,2800,NA,NA,NA,NA,0,NA,NA,NA,NA,0,NA,NA,NA,NA,0,NA,NA,NA,NA,0,NA,NA,NA,NA,0,NA,NA,NA,NA,0,NA,NA,NA,NA,273,NA,NA,NA,NA,7000,NA,NA,NA,NA,326,NA,NA,NA,NA,0,NA,NA,NA,NA,500,NA,NA,NA,NA,0,NA,NA,NA,NA,5700,NA,NA,NA,NA,22500,NA,NA,NA,NA,0,NA,NA,NA,NA
M18 [Family Planning],18.6,Centchroman weekly pills,1. Balance From Previous Month,17586,NA,NA,NA,NA,0,NA,NA,NA,NA,0,NA,NA,NA,NA,NA,NA,NA,NA,NA,4600,NA,NA,NA,NA,100,NA,NA,NA,NA,0,NA,NA,NA,NA,1800,NA,NA,NA,NA,0,NA,NA,NA,NA,0,NA,NA,NA,NA,150,NA,NA,NA,NA,0,NA,NA,NA,NA,1500,NA,NA,NA,NA,0,NA,NA,NA,NA,NA,NA,NA,NA,NA,NA,NA,NA,NA,NA,0,NA,NA,NA,NA,0,NA,NA,NA,NA,NA,NA,NA,NA,NA,600,NA,NA,NA,NA,5000,NA,NA,NA,NA,1636,NA,NA,NA,NA,NA,NA,NA,NA,NA,600,NA,NA,NA,NA,0,NA,NA,NA,NA,0,NA,NA,NA,NA,1600,NA,NA,NA,NA,NA,NA,NA,NA,NA
M18 [Family Planning],18.6,Centchroman weekly pills,2. Stocks Received,25200,NA,NA,NA,NA,0,NA,NA,NA,NA,0,NA,NA,NA,NA,NA,NA,NA,NA,NA,5000,NA,NA,NA,NA,5000,NA,NA,NA,NA,0,NA,NA,NA,NA,0,NA,NA,NA,NA,0,NA,NA,NA,NA,NA,NA,NA,NA,NA,0,NA,NA,NA,NA,0,NA,NA,NA,NA,5000,NA,NA,NA,NA,0,NA,NA,NA,NA,NA,NA,NA,NA,NA,NA,NA,NA,NA,NA,0,NA,NA,NA,NA,0,NA,NA,NA,NA,NA,NA,NA,NA,NA,0,NA,NA,NA,NA,0,NA,NA,NA,NA,0,NA,NA,NA,NA,NA,NA,NA,NA,NA,0,NA,NA,NA,NA,0,NA,NA,NA,NA,7200,NA,NA,NA,NA,3000,NA,NA,NA,NA,NA,NA,NA,NA,NA
M18 [Family Planning],18.6,Centchroman weekly pills,3. Unusable Stock,0,NA,NA,NA,NA,0,NA,NA,NA,NA,NA,NA,NA,NA,NA,NA,NA,NA,NA,NA,NA,NA,NA,NA,NA,0,NA,NA,NA,NA,0,NA,NA,NA,NA,0,NA,NA,NA,NA,0,NA,NA,NA,NA,NA,NA,NA,NA,NA,0,NA,NA,NA,NA,0,NA,NA,NA,NA,NA,NA,NA,NA,NA,0,NA,NA,NA,NA,NA,NA,NA,NA,NA,NA,NA,NA,NA,NA,0,NA,NA,NA,NA,0,NA,NA,NA,NA,NA,NA,NA,NA,NA,0,NA,NA,NA,NA,0,NA,NA,NA,NA,0,NA,NA,NA,NA,NA,NA,NA,NA,NA,0,NA,NA,NA,NA,0,NA,NA,NA,NA,0,NA,NA,NA,NA,0,NA,NA,NA,NA,NA,NA,NA,NA,NA
M18 [Family Planning],18.6,Centchroman weekly pills,4. Stock Distributed,10451,NA,NA,NA,NA,0,NA,NA,NA,NA,0,NA,NA,NA,NA,NA,NA,NA,NA,NA,4400,NA,NA,NA,NA,4100,NA,NA,NA,NA,0,NA,NA,NA,NA,0,NA,NA,NA,NA,0,NA,NA,NA,NA,0,NA,NA,NA,NA,0,NA,NA,NA,NA,0,NA,NA,NA,NA,0,NA,NA,NA,NA,0,NA,NA,NA,NA,NA,NA,NA,NA,NA,NA,NA,NA,NA,NA,0,NA,NA,NA,NA,0,NA,NA,NA,NA,NA,NA,NA,NA,NA,0,NA,NA,NA,NA,0,NA,NA,NA,NA,51,NA,NA,NA,NA,NA,NA,NA,NA,NA,0,NA,NA,NA,NA,0,NA,NA,NA,NA,500,NA,NA,NA,NA,1400,NA,NA,NA,NA,NA,NA,NA,NA,NA
M18 [Family Planning],18.6,Centchroman weekly pills,5. Total Stock,32335,NA,NA,NA,NA,0,NA,NA,NA,NA,0,NA,NA,NA,NA,NA,NA,NA,NA,NA,5200,NA,NA,NA,NA,1000,NA,NA,NA,NA,0,NA,NA,NA,NA,1800,NA,NA,NA,NA,0,NA,NA,NA,NA,0,NA,NA,NA,NA,150,NA,NA,NA,NA,0,NA,NA,NA,NA,6500,NA,NA,NA,NA,0,NA,NA,NA,NA,NA,NA,NA,NA,NA,NA,NA,NA,NA,NA,0,NA,NA,NA,NA,0,NA,NA,NA,NA,NA,NA,NA,NA,NA,600,NA,NA,NA,NA,5000,NA,NA,NA,NA,1585,NA,NA,NA,NA,NA,NA,NA,NA,NA,600,NA,NA,NA,NA,NA,NA,NA,NA,NA,6700,NA,NA,NA,NA,3200,NA,NA,NA,NA,NA,NA,NA,NA,NA
M18 [Family Planning],18.7,Injectable Contraceptive MPA (Vials),1. Balance From Previous Month,23269,NA,NA,NA,NA,0,NA,NA,NA,NA,787,NA,NA,NA,NA,NA,NA,NA,NA,NA,1615,NA,NA,NA,NA,224,NA,NA,NA,NA,1440,NA,NA,NA,NA,1963,NA,NA,NA,NA,0,NA,NA,NA,NA,2208,NA,NA,NA,NA,0,NA,NA,NA,NA,0,NA,NA,NA,NA,5552,NA,NA,NA,NA,0,NA,NA,NA,NA,NA,NA,NA,NA,NA,NA,NA,NA,NA,NA,0,NA,NA,NA,NA,0,NA,NA,NA,NA,NA,NA,NA,NA,NA,3000,NA,NA,NA,NA,0,NA,NA,NA,NA,0,NA,NA,NA,NA,NA,NA,NA,NA,NA,3000,NA,NA,NA,NA,0,NA,NA,NA,NA,0,NA,NA,NA,NA,3480,NA,NA,NA,NA,NA,NA,NA,NA,NA
M18 [Family Planning],18.7,Injectable Contraceptive MPA (Vials),2. Stocks Received,3913,NA,NA,NA,NA,0,NA,NA,NA,NA,0,NA,NA,NA,NA,NA,NA,NA,NA,NA,513,NA,NA,NA,NA,0,NA,NA,NA,NA,0,NA,NA,NA,NA,0,NA,NA,NA,NA,0,NA,NA,NA,NA,0,NA,NA,NA,NA,0,NA,NA,NA,NA,0,NA,NA,NA,NA,0,NA,NA,NA,NA,0,NA,NA,NA,NA,NA,NA,NA,NA,NA,NA,NA,NA,NA,NA,0,NA,NA,NA,NA,0,NA,NA,NA,NA,NA,NA,NA,NA,NA,0,NA,NA,NA,NA,0,NA,NA,NA,NA,0,NA,NA,NA,NA,NA,NA,NA,NA,NA,0,NA,NA,NA,NA,0,NA,NA,NA,NA,3400,NA,NA,NA,NA,0,NA,NA,NA,NA,NA,NA,NA,NA,NA
M18 [Family Planning],18.7,Injectable Contraceptive MPA (Vials),3. Unusable Stock,0,NA,NA,NA,NA,0,NA,NA,NA,NA,NA,NA,NA,NA,NA,NA,NA,NA,NA,NA,NA,NA,NA,NA,NA,0,NA,NA,NA,NA,0,NA,NA,NA,NA,0,NA,NA,NA,NA,0,NA,NA,NA,NA,NA,NA,NA,NA,NA,0,NA,NA,NA,NA,0,NA,NA,NA,NA,NA,NA,NA,NA,NA,0,NA,NA,NA,NA,NA,NA,NA,NA,NA,NA,NA,NA,NA,NA,0,NA,NA,NA,NA,0,NA,NA,NA,NA,NA,NA,NA,NA,NA,0,NA,NA,NA,NA,0,NA,NA,NA,NA,0,NA,NA,NA,NA,NA,NA,NA,NA,NA,0,NA,NA,NA,NA,0,NA,NA,NA,NA,0,NA,NA,NA,NA,0,NA,NA,NA,NA,NA,NA,NA,NA,NA
M18 [Family Planning],18.7,Injectable Contraceptive MPA (Vials),4. Stock Distributed,2050,NA,NA,NA,NA,0,NA,NA,NA,NA,0,NA,NA,NA,NA,NA,NA,NA,NA,NA,0,NA,NA,NA,NA,0,NA,NA,NA,NA,0,NA,NA,NA,NA,0,NA,NA,NA,NA,0,NA,NA,NA,NA,0,NA,NA,NA,NA,0,NA,NA,NA,NA,0,NA,NA,NA,NA,0,NA,NA,NA,NA,0,NA,NA,NA,NA,NA,NA,NA,NA,NA,NA,NA,NA,NA,NA,0,NA,NA,NA,NA,0,NA,NA,NA,NA,NA,NA,NA,NA,NA,0,NA,NA,NA,NA,0,NA,NA,NA,NA,0,NA,NA,NA,NA,NA,NA,NA,NA,NA,2000,NA,NA,NA,NA,0,NA,NA,NA,NA,50,NA,NA,NA,NA,0,NA,NA,NA,NA,NA,NA,NA,NA,NA
M18 [Family Planning],18.7,Injectable Contraceptive MPA (Vials),5. Total Stock,25132,NA,NA,NA,NA,0,NA,NA,NA,NA,787,NA,NA,NA,NA,NA,NA,NA,NA,NA,2128,NA,NA,NA,NA,224,NA,NA,NA,NA,1440,NA,NA,NA,NA,1963,NA,NA,NA,NA,0,NA,NA,NA,NA,2208,NA,NA,NA,NA,0,NA,NA,NA,NA,0,NA,NA,NA,NA,5552,NA,NA,NA,NA,0,NA,NA,NA,NA,NA,NA,NA,NA,NA,NA,NA,NA,NA,NA,0,NA,NA,NA,NA,0,NA,NA,NA,NA,NA,NA,NA,NA,NA,3000,NA,NA,NA,NA,0,NA,NA,NA,NA,0,NA,NA,NA,NA,NA,NA,NA,NA,NA,1000,NA,NA,NA,NA,NA,NA,NA,NA,NA,3350,NA,NA,NA,NA,3480,NA,NA,NA,NA,NA,NA,NA,NA,NA
M18 [Family Planning],18.8,Tubal rings,1. Balance From Previous Month,15225,NA,NA,NA,NA,0,NA,NA,NA,NA,300,NA,NA,NA,NA,NA,NA,NA,NA,NA,800,NA,NA,NA,NA,200,NA,NA,NA,NA,625,NA,NA,NA,NA,6400,NA,NA,NA,NA,0,NA,NA,NA,NA,0,NA,NA,NA,NA,0,NA,NA,NA,NA,600,NA,NA,NA,NA,600,NA,NA,NA,NA,0,NA,NA,NA,NA,NA,NA,NA,NA,NA,NA,NA,NA,NA,NA,0,NA,NA,NA,NA,3200,NA,NA,NA,NA,NA,NA,NA,NA,NA,1400,NA,NA,NA,NA,100,NA,NA,NA,NA,0,NA,NA,NA,NA,NA,NA,NA,NA,NA,500,NA,NA,NA,NA,0,NA,NA,NA,NA,0,NA,NA,NA,NA,500,NA,NA,NA,NA,NA,NA,NA,NA,NA
M18 [Family Planning],18.8,Tubal rings,2. Stocks Received,5800,NA,NA,NA,NA,0,NA,NA,NA,NA,500,NA,NA,NA,NA,NA,NA,NA,NA,NA,1000,NA,NA,NA,NA,400,NA,NA,NA,NA,0,NA,NA,NA,NA,0,NA,NA,NA,NA,1000,NA,NA,NA,NA,0,NA,NA,NA,NA,0,NA,NA,NA,NA,0,NA,NA,NA,NA,0,NA,NA,NA,NA,0,NA,NA,NA,NA,NA,NA,NA,NA,NA,NA,NA,NA,NA,NA,0,NA,NA,NA,NA,0,NA,NA,NA,NA,NA,NA,NA,NA,NA,0,NA,NA,NA,NA,0,NA,NA,NA,NA,0,NA,NA,NA,NA,NA,NA,NA,NA,NA,0,NA,NA,NA,NA,400,NA,NA,NA,NA,2000,NA,NA,NA,NA,500,NA,NA,NA,NA,NA,NA,NA,NA,NA
M18 [Family Planning],18.8,Tubal rings,3. Unusable Stock,0,NA,NA,NA,NA,0,NA,NA,NA,NA,NA,NA,NA,NA,NA,NA,NA,NA,NA,NA,NA,NA,NA,NA,NA,0,NA,NA,NA,NA,0,NA,NA,NA,NA,0,NA,NA,NA,NA,0,NA,NA,NA,NA,NA,NA,NA,NA,NA,0,NA,NA,NA,NA,0,NA,NA,NA,NA,NA,NA,NA,NA,NA,0,NA,NA,NA,NA,NA,NA,NA,NA,NA,NA,NA,NA,NA,NA,0,NA,NA,NA,NA,0,NA,NA,NA,NA,NA,NA,NA,NA,NA,0,NA,NA,NA,NA,0,NA,NA,NA,NA,0,NA,NA,NA,NA,NA,NA,NA,NA,NA,0,NA,NA,NA,NA,0,NA,NA,NA,NA,0,NA,NA,NA,NA,0,NA,NA,NA,NA,NA,NA,NA,NA,NA
M18 [Family Planning],18.8,Tubal rings,4. Stock Distributed,1850,NA,NA,NA,NA,0,NA,NA,NA,NA,0,NA,NA,NA,NA,NA,NA,NA,NA,NA,850,NA,NA,NA,NA,0,NA,NA,NA,NA,0,NA,NA,NA,NA,0,NA,NA,NA,NA,1000,NA,NA,NA,NA,0,NA,NA,NA,NA,0,NA,NA,NA,NA,0,NA,NA,NA,NA,0,NA,NA,NA,NA,0,NA,NA,NA,NA,NA,NA,NA,NA,NA,NA,NA,NA,NA,NA,0,NA,NA,NA,NA,0,NA,NA,NA,NA,NA,NA,NA,NA,NA,0,NA,NA,NA,NA,0,NA,NA,NA,NA,0,NA,NA,NA,NA,NA,NA,NA,NA,NA,0,NA,NA,NA,NA,0,NA,NA,NA,NA,0,NA,NA,NA,NA,0,NA,NA,NA,NA,NA,NA,NA,NA,NA
M18 [Family Planning],18.8,Tubal rings,5. Total Stock,18775,NA,NA,NA,NA,0,NA,NA,NA,NA,800,NA,NA,NA,NA,NA,NA,NA,NA,NA,950,NA,NA,NA,NA,600,NA,NA,NA,NA,625,NA,NA,NA,NA,6400,NA,NA,NA,NA,0,NA,NA,NA,NA,0,NA,NA,NA,NA,0,NA,NA,NA,NA,600,NA,NA,NA,NA,600,NA,NA,NA,NA,0,NA,NA,NA,NA,NA,NA,NA,NA,NA,NA,NA,NA,NA,NA,0,NA,NA,NA,NA,3200,NA,NA,NA,NA,NA,NA,NA,NA,NA,1400,NA,NA,NA,NA,100,NA,NA,NA,NA,0,NA,NA,NA,NA,NA,NA,NA,NA,NA,500,NA,NA,NA,NA,NA,NA,NA,NA,NA,2000,NA,NA,NA,NA,1000,NA,NA,NA,NA,NA,NA,NA,NA,NA
M18 [Family Planning],18.9,Pregnancy testing Kits (Nischay Kits),1. Balance From Previous Month,126549,NA,NA,NA,NA,0,NA,NA,NA,NA,5800,NA,NA,NA,NA,NA,NA,NA,NA,NA,13000,NA,NA,NA,NA,4380,NA,NA,NA,NA,13000,NA,NA,NA,NA,4000,NA,NA,NA,NA,0,NA,NA,NA,NA,5565,NA,NA,NA,NA,8000,NA,NA,NA,NA,0,NA,NA,NA,NA,20000,NA,NA,NA,NA,0,NA,NA,NA,NA,NA,NA,NA,NA,NA,NA,NA,NA,NA,NA,0,NA,NA,NA,NA,NA,NA,NA,NA,NA,NA,NA,NA,NA,NA,20300,NA,NA,NA,NA,12000,NA,NA,NA,NA,0,NA,NA,NA,NA,NA,NA,NA,NA,NA,10032,NA,NA,NA,NA,8000,NA,NA,NA,NA,500,NA,NA,NA,NA,1972,NA,NA,NA,NA,NA,NA,NA,NA,NA
M18 [Family Planning],18.9,Pregnancy testing Kits (Nischay Kits),2. Stocks Received,22900,NA,NA,NA,NA,0,NA,NA,NA,NA,500,NA,NA,NA,NA,NA,NA,NA,NA,NA,1000,NA,NA,NA,NA,500,NA,NA,NA,NA,0,NA,NA,NA,NA,0,NA,NA,NA,NA,15000,NA,NA,NA,NA,0,NA,NA,NA,NA,0,NA,NA,NA,NA,0,NA,NA,NA,NA,0,NA,NA,NA,NA,0,NA,NA,NA,NA,NA,NA,NA,NA,NA,NA,NA,NA,NA,NA,0,NA,NA,NA,NA,NA,NA,NA,NA,NA,NA,NA,NA,NA,NA,0,NA,NA,NA,NA,0,NA,NA,NA,NA,0,NA,NA,NA,NA,NA,NA,NA,NA,NA,0,NA,NA,NA,NA,1250,NA,NA,NA,NA,4650,NA,NA,NA,NA,0,NA,NA,NA,NA,NA,NA,NA,NA,NA
M18 [Family Planning],18.9,Pregnancy testing Kits (Nischay Kits),3. Unusable Stock,0,NA,NA,NA,NA,0,NA,NA,NA,NA,NA,NA,NA,NA,NA,NA,NA,NA,NA,NA,NA,NA,NA,NA,NA,0,NA,NA,NA,NA,0,NA,NA,NA,NA,0,NA,NA,NA,NA,0,NA,NA,NA,NA,NA,NA,NA,NA,NA,0,NA,NA,NA,NA,0,NA,NA,NA,NA,NA,NA,NA,NA,NA,0,NA,NA,NA,NA,NA,NA,NA,NA,NA,NA,NA,NA,NA,NA,0,NA,NA,NA,NA,NA,NA,NA,NA,NA,NA,NA,NA,NA,NA,NA,NA,NA,NA,NA,0,NA,NA,NA,NA,0,NA,NA,NA,NA,NA,NA,NA,NA,NA,0,NA,NA,NA,NA,0,NA,NA,NA,NA,0,NA,NA,NA,NA,0,NA,NA,NA,NA,NA,NA,NA,NA,NA
M18 [Family Planning],18.9,Pregnancy testing Kits (Nischay Kits),4. Stock Distributed,39712,NA,NA,NA,NA,0,NA,NA,NA,NA,1000,NA,NA,NA,NA,NA,NA,NA,NA,NA,1640,NA,NA,NA,NA,4000,NA,NA,NA,NA,12000,NA,NA,NA,NA,3000,NA,NA,NA,NA,15000,NA,NA,NA,NA,0,NA,NA,NA,NA,0,NA,NA,NA,NA,0,NA,NA,NA,NA,0,NA,NA,NA,NA,0,NA,NA,NA,NA,NA,NA,NA,NA,NA,NA,NA,NA,NA,NA,0,NA,NA,NA,NA,NA,NA,NA,NA,NA,NA,NA,NA,NA,NA,1000,NA,NA,NA,NA,0,NA,NA,NA,NA,0,NA,NA,NA,NA,NA,NA,NA,NA,NA,0,NA,NA,NA,NA,0,NA,NA,NA,NA,1000,NA,NA,NA,NA,1072,NA,NA,NA,NA,NA,NA,NA,NA,NA
M18 [Family Planning],18.9,Pregnancy testing Kits (Nischay Kits),5. Total Stock,100487,NA,NA,NA,NA,0,NA,NA,NA,NA,5300,NA,NA,NA,NA,NA,NA,NA,NA,NA,12360,NA,NA,NA,NA,880,NA,NA,NA,NA,1000,NA,NA,NA,NA,1000,NA,NA,NA,NA,0,NA,NA,NA,NA,5565,NA,NA,NA,NA,8000,NA,NA,NA,NA,0,NA,NA,NA,NA,20000,NA,NA,NA,NA,0,NA,NA,NA,NA,NA,NA,NA,NA,NA,NA,NA,NA,NA,NA,0,NA,NA,NA,NA,NA,NA,NA,NA,NA,NA,NA,NA,NA,NA,19300,NA,NA,NA,NA,12000,NA,NA,NA,NA,0,NA,NA,NA,NA,NA,NA,NA,NA,NA,10032,NA,NA,NA,NA,NA,NA,NA,NA,NA,4150,NA,NA,NA,NA,900,NA,NA,NA,NA,NA,NA,NA,NA,NA
M19 [Other Items],19.1,Gloves,1. Balance From Previous Month,372915,NA,NA,NA,NA,30700,NA,NA,NA,NA,20750,NA,NA,NA,NA,16850,NA,NA,NA,NA,5450,NA,NA,NA,NA,5550,NA,NA,NA,NA,10515,NA,NA,NA,NA,25550,NA,NA,NA,NA,NA,NA,NA,NA,NA,64500,NA,NA,NA,NA,NA,NA,NA,NA,NA,0,NA,NA,NA,NA,16150,NA,NA,NA,NA,26300,NA,NA,NA,NA,NA,NA,NA,NA,NA,NA,NA,NA,NA,NA,0,NA,NA,NA,NA,300,NA,NA,NA,NA,NA,NA,NA,NA,NA,0,NA,NA,NA,NA,42210,NA,NA,NA,NA,63150,NA,NA,NA,NA,1900,NA,NA,NA,NA,0,NA,NA,NA,NA,11190,NA,NA,NA,NA,NA,NA,NA,NA,NA,0,NA,NA,NA,NA,31850,NA,NA,NA,NA
M19 [Other Items],19.1,Gloves,2. Stocks Received,0,NA,NA,NA,NA,0,NA,NA,NA,NA,0,NA,NA,NA,NA,NA,NA,NA,NA,NA,0,NA,NA,NA,NA,0,NA,NA,NA,NA,0,NA,NA,NA,NA,0,NA,NA,NA,NA,NA,NA,NA,NA,NA,NA,NA,NA,NA,NA,NA,NA,NA,NA,NA,0,NA,NA,NA,NA,0,NA,NA,NA,NA,0,NA,NA,NA,NA,NA,NA,NA,NA,NA,NA,NA,NA,NA,NA,0,NA,NA,NA,NA,0,NA,NA,NA,NA,NA,NA,NA,NA,NA,0,NA,NA,NA,NA,0,NA,NA,NA,NA,0,NA,NA,NA,NA,0,NA,NA,NA,NA,0,NA,NA,NA,NA,0,NA,NA,NA,NA,NA,NA,NA,NA,NA,0,NA,NA,NA,NA,0,NA,NA,NA,NA
M19 [Other Items],19.1,Gloves,3. Unusable Stock,0,NA,NA,NA,NA,0,NA,NA,NA,NA,NA,NA,NA,NA,NA,NA,NA,NA,NA,NA,NA,NA,NA,NA,NA,0,NA,NA,NA,NA,0,NA,NA,NA,NA,0,NA,NA,NA,NA,NA,NA,NA,NA,NA,NA,NA,NA,NA,NA,NA,NA,NA,NA,NA,0,NA,NA,NA,NA,NA,NA,NA,NA,NA,0,NA,NA,NA,NA,NA,NA,NA,NA,NA,NA,NA,NA,NA,NA,0,NA,NA,NA,NA,0,NA,NA,NA,NA,NA,NA,NA,NA,NA,0,NA,NA,NA,NA,0,NA,NA,NA,NA,0,NA,NA,NA,NA,0,NA,NA,NA,NA,0,NA,NA,NA,NA,0,NA,NA,NA,NA,NA,NA,NA,NA,NA,0,NA,NA,NA,NA,0,NA,NA,NA,NA
M19 [Other Items],19.1,Gloves,4. Stock Distributed,80950,NA,NA,NA,NA,6100,NA,NA,NA,NA,13600,NA,NA,NA,NA,6600,NA,NA,NA,NA,2000,NA,NA,NA,NA,400,NA,NA,NA,NA,500,NA,NA,NA,NA,10150,NA,NA,NA,NA,NA,NA,NA,NA,NA,250,NA,NA,NA,NA,NA,NA,NA,NA,NA,0,NA,NA,NA,NA,11450,NA,NA,NA,NA,3900,NA,NA,NA,NA,NA,NA,NA,NA,NA,NA,NA,NA,NA,NA,0,NA,NA,NA,NA,0,NA,NA,NA,NA,NA,NA,NA,NA,NA,200,NA,NA,NA,NA,13350,NA,NA,NA,NA,800,NA,NA,NA,NA,0,NA,NA,NA,NA,0,NA,NA,NA,NA,1950,NA,NA,NA,NA,NA,NA,NA,NA,NA,0,NA,NA,NA,NA,9700,NA,NA,NA,NA
M19 [Other Items],19.1,Gloves,5. Total Stock,291965,NA,NA,NA,NA,24600,NA,NA,NA,NA,7150,NA,NA,NA,NA,10250,NA,NA,NA,NA,3450,NA,NA,NA,NA,5150,NA,NA,NA,NA,10015,NA,NA,NA,NA,15400,NA,NA,NA,NA,0,NA,NA,NA,NA,64250,NA,NA,NA,NA,0,NA,NA,NA,NA,0,NA,NA,NA,NA,4700,NA,NA,NA,NA,22400,NA,NA,NA,NA,0,NA,NA,NA,NA,0,NA,NA,NA,NA,0,NA,NA,NA,NA,300,NA,NA,NA,NA,0,NA,NA,NA,NA,-200,NA,NA,NA,NA,28860,NA,NA,NA,NA,62350,NA,NA,NA,NA,1900,NA,NA,NA,NA,0,NA,NA,NA,NA,9240,NA,NA,NA,NA,0,NA,NA,NA,NA,0,NA,NA,NA,NA,22150,NA,NA,NA,NA
M19 [Other Items],19.2,MVA Syringes,1. Balance From Previous Month,0,NA,NA,NA,NA,0,NA,NA,NA,NA,NA,NA,NA,NA,NA,0,NA,NA,NA,NA,NA,NA,NA,NA,NA,0,NA,NA,NA,NA,0,NA,NA,NA,NA,0,NA,NA,NA,NA,NA,NA,NA,NA,NA,0,NA,NA,NA,NA,NA,NA,NA,NA,NA,NA,NA,NA,NA,NA,0,NA,NA,NA,NA,0,NA,NA,NA,NA,NA,NA,NA,NA,NA,NA,NA,NA,NA,NA,0,NA,NA,NA,NA,0,NA,NA,NA,NA,NA,NA,NA,NA,NA,0,NA,NA,NA,NA,0,NA,NA,NA,NA,0,NA,NA,NA,NA,0,NA,NA,NA,NA,0,NA,NA,NA,NA,0,NA,NA,NA,NA,NA,NA,NA,NA,NA,0,NA,NA,NA,NA,0,NA,NA,NA,NA
M19 [Other Items],19.2,MVA Syringes,2. Stocks Received,0,NA,NA,NA,NA,0,NA,NA,NA,NA,NA,NA,NA,NA,NA,NA,NA,NA,NA,NA,NA,NA,NA,NA,NA,0,NA,NA,NA,NA,NA,NA,NA,NA,NA,0,NA,NA,NA,NA,NA,NA,NA,NA,NA,NA,NA,NA,NA,NA,NA,NA,NA,NA,NA,NA,NA,NA,NA,NA,0,NA,NA,NA,NA,0,NA,NA,NA,NA,NA,NA,NA,NA,NA,NA,NA,NA,NA,NA,0,NA,NA,NA,NA,0,NA,NA,NA,NA,NA,NA,NA,NA,NA,0,NA,NA,NA,NA,0,NA,NA,NA,NA,0,NA,NA,NA,NA,0,NA,NA,NA,NA,0,NA,NA,NA,NA,0,NA,NA,NA,NA,NA,NA,NA,NA,NA,0,NA,NA,NA,NA,0,NA,NA,NA,NA
M19 [Other Items],19.2,MVA Syringes,3. Unusable Stock,0,NA,NA,NA,NA,0,NA,NA,NA,NA,NA,NA,NA,NA,NA,NA,NA,NA,NA,NA,NA,NA,NA,NA,NA,0,NA,NA,NA,NA,NA,NA,NA,NA,NA,0,NA,NA,NA,NA,NA,NA,NA,NA,NA,NA,NA,NA,NA,NA,NA,NA,NA,NA,NA,NA,NA,NA,NA,NA,NA,NA,NA,NA,NA,0,NA,NA,NA,NA,NA,NA,NA,NA,NA,NA,NA,NA,NA,NA,0,NA,NA,NA,NA,0,NA,NA,NA,NA,NA,NA,NA,NA,NA,0,NA,NA,NA,NA,0,NA,NA,NA,NA,0,NA,NA,NA,NA,0,NA,NA,NA,NA,0,NA,NA,NA,NA,0,NA,NA,NA,NA,NA,NA,NA,NA,NA,0,NA,NA,NA,NA,0,NA,NA,NA,NA
M19 [Other Items],19.2,MVA Syringes,4. Stock Distributed,0,NA,NA,NA,NA,0,NA,NA,NA,NA,NA,NA,NA,NA,NA,NA,NA,NA,NA,NA,NA,NA,NA,NA,NA,0,NA,NA,NA,NA,NA,NA,NA,NA,NA,0,NA,NA,NA,NA,NA,NA,NA,NA,NA,0,NA,NA,NA,NA,NA,NA,NA,NA,NA,NA,NA,NA,NA,NA,0,NA,NA,NA,NA,0,NA,NA,NA,NA,NA,NA,NA,NA,NA,NA,NA,NA,NA,NA,0,NA,NA,NA,NA,0,NA,NA,NA,NA,NA,NA,NA,NA,NA,0,NA,NA,NA,NA,0,NA,NA,NA,NA,0,NA,NA,NA,NA,NA,NA,NA,NA,NA,0,NA,NA,NA,NA,0,NA,NA,NA,NA,NA,NA,NA,NA,NA,0,NA,NA,NA,NA,0,NA,NA,NA,NA
M19 [Other Items],19.2,MVA Syringes,5. Total Stock,0,NA,NA,NA,NA,0,NA,NA,NA,NA,0,NA,NA,NA,NA,0,NA,NA,NA,NA,0,NA,NA,NA,NA,0,NA,NA,NA,NA,0,NA,NA,NA,NA,0,NA,NA,NA,NA,0,NA,NA,NA,NA,0,NA,NA,NA,NA,0,NA,NA,NA,NA,0,NA,NA,NA,NA,0,NA,NA,NA,NA,0,NA,NA,NA,NA,0,NA,NA,NA,NA,0,NA,NA,NA,NA,0,NA,NA,NA,NA,0,NA,NA,NA,NA,0,NA,NA,NA,NA,0,NA,NA,NA,NA,0,NA,NA,NA,NA,0,NA,NA,NA,NA,0,NA,NA,NA,NA,0,NA,NA,NA,NA,0,NA,NA,NA,NA,0,NA,NA,NA,NA,0,NA,NA,NA,NA,0,NA,NA,NA,NA
M19 [Other Items],19.3,Tab. Fluconazole,1. Balance From Previous Month,655926,NA,NA,NA,NA,66300,NA,NA,NA,NA,500,NA,NA,NA,NA,20100,NA,NA,NA,NA,7850,NA,NA,NA,NA,7300,NA,NA,NA,NA,15500,NA,NA,NA,NA,56750,NA,NA,NA,NA,NA,NA,NA,NA,NA,35180,NA,NA,NA,NA,17600,NA,NA,NA,NA,18000,NA,NA,NA,NA,200,NA,NA,NA,NA,6300,NA,NA,NA,NA,NA,NA,NA,NA,NA,NA,NA,NA,NA,NA,0,NA,NA,NA,NA,300,NA,NA,NA,NA,NA,NA,NA,NA,NA,0,NA,NA,NA,NA,60000,NA,NA,NA,NA,17300,NA,NA,NA,NA,346,NA,NA,NA,NA,0,NA,NA,NA,NA,49500,NA,NA,NA,NA,NA,NA,NA,NA,NA,237800,NA,NA,NA,NA,39100,NA,NA,NA,NA
M19 [Other Items],19.3,Tab. Fluconazole,2. Stocks Received,0,NA,NA,NA,NA,0,NA,NA,NA,NA,0,NA,NA,NA,NA,NA,NA,NA,NA,NA,0,NA,NA,NA,NA,0,NA,NA,NA,NA,NA,NA,NA,NA,NA,0,NA,NA,NA,NA,NA,NA,NA,NA,NA,NA,NA,NA,NA,NA,0,NA,NA,NA,NA,0,NA,NA,NA,NA,0,NA,NA,NA,NA,0,NA,NA,NA,NA,NA,NA,NA,NA,NA,NA,NA,NA,NA,NA,0,NA,NA,NA,NA,0,NA,NA,NA,NA,NA,NA,NA,NA,NA,0,NA,NA,NA,NA,0,NA,NA,NA,NA,0,NA,NA,NA,NA,0,NA,NA,NA,NA,0,NA,NA,NA,NA,0,NA,NA,NA,NA,NA,NA,NA,NA,NA,0,NA,NA,NA,NA,0,NA,NA,NA,NA
M19 [Other Items],19.3,Tab. Fluconazole,3. Unusable Stock,0,NA,NA,NA,NA,0,NA,NA,NA,NA,NA,NA,NA,NA,NA,NA,NA,NA,NA,NA,NA,NA,NA,NA,NA,0,NA,NA,NA,NA,NA,NA,NA,NA,NA,0,NA,NA,NA,NA,NA,NA,NA,NA,NA,NA,NA,NA,NA,NA,0,NA,NA,NA,NA,0,NA,NA,NA,NA,NA,NA,NA,NA,NA,0,NA,NA,NA,NA,NA,NA,NA,NA,NA,NA,NA,NA,NA,NA,0,NA,NA,NA,NA,0,NA,NA,NA,NA,NA,NA,NA,NA,NA,0,NA,NA,NA,NA,0,NA,NA,NA,NA,0,NA,NA,NA,NA,0,NA,NA,NA,NA,0,NA,NA,NA,NA,0,NA,NA,NA,NA,NA,NA,NA,NA,NA,0,NA,NA,NA,NA,0,NA,NA,NA,NA
M19 [Other Items],19.3,Tab. Fluconazole,4. Stock Distributed,112846,NA,NA,NA,NA,8000,NA,NA,NA,NA,0,NA,NA,NA,NA,15000,NA,NA,NA,NA,3000,NA,NA,NA,NA,5200,NA,NA,NA,NA,NA,NA,NA,NA,NA,8500,NA,NA,NA,NA,NA,NA,NA,NA,NA,4800,NA,NA,NA,NA,8000,NA,NA,NA,NA,12100,NA,NA,NA,NA,0,NA,NA,NA,NA,4800,NA,NA,NA,NA,NA,NA,NA,NA,NA,NA,NA,NA,NA,NA,0,NA,NA,NA,NA,100,NA,NA,NA,NA,NA,NA,NA,NA,NA,0,NA,NA,NA,NA,4100,NA,NA,NA,NA,5100,NA,NA,NA,NA,346,NA,NA,NA,NA,0,NA,NA,NA,NA,14800,NA,NA,NA,NA,NA,NA,NA,NA,NA,11200,NA,NA,NA,NA,7800,NA,NA,NA,NA
M19 [Other Items],19.3,Tab. Fluconazole,5. Total Stock,543080,NA,NA,NA,NA,58300,NA,NA,NA,NA,500,NA,NA,NA,NA,5100,NA,NA,NA,NA,4850,NA,NA,NA,NA,2100,NA,NA,NA,NA,15500,NA,NA,NA,NA,48250,NA,NA,NA,NA,0,NA,NA,NA,NA,30380,NA,NA,NA,NA,9600,NA,NA,NA,NA,5900,NA,NA,NA,NA,200,NA,NA,NA,NA,1500,NA,NA,NA,NA,0,NA,NA,NA,NA,0,NA,NA,NA,NA,0,NA,NA,NA,NA,200,NA,NA,NA,NA,0,NA,NA,NA,NA,0,NA,NA,NA,NA,55900,NA,NA,NA,NA,12200,NA,NA,NA,NA,0,NA,NA,NA,NA,0,NA,NA,NA,NA,34700,NA,NA,NA,NA,0,NA,NA,NA,NA,226600,NA,NA,NA,NA,31300,NA,NA,NA,NA
M19 [Other Items],19.4,Blood Transfusion sets,1. Balance From Previous Month,10134,NA,NA,NA,NA,0,NA,NA,NA,NA,890,NA,NA,NA,NA,1700,NA,NA,NA,NA,0,NA,NA,NA,NA,0,NA,NA,NA,NA,50,NA,NA,NA,NA,0,NA,NA,NA,NA,NA,NA,NA,NA,NA,1874,NA,NA,NA,NA,NA,NA,NA,NA,NA,0,NA,NA,NA,NA,40,NA,NA,NA,NA,0,NA,NA,NA,NA,NA,NA,NA,NA,NA,NA,NA,NA,NA,NA,0,NA,NA,NA,NA,40,NA,NA,NA,NA,NA,NA,NA,NA,NA,0,NA,NA,NA,NA,1500,NA,NA,NA,NA,2590,NA,NA,NA,NA,0,NA,NA,NA,NA,0,NA,NA,NA,NA,1450,NA,NA,NA,NA,NA,NA,NA,NA,NA,0,NA,NA,NA,NA,0,NA,NA,NA,NA
M19 [Other Items],19.4,Blood Transfusion sets,2. Stocks Received,0,NA,NA,NA,NA,0,NA,NA,NA,NA,0,NA,NA,NA,NA,NA,NA,NA,NA,NA,0,NA,NA,NA,NA,0,NA,NA,NA,NA,0,NA,NA,NA,NA,0,NA,NA,NA,NA,NA,NA,NA,NA,NA,NA,NA,NA,NA,NA,NA,NA,NA,NA,NA,0,NA,NA,NA,NA,0,NA,NA,NA,NA,0,NA,NA,NA,NA,NA,NA,NA,NA,NA,NA,NA,NA,NA,NA,0,NA,NA,NA,NA,0,NA,NA,NA,NA,NA,NA,NA,NA,NA,0,NA,NA,NA,NA,0,NA,NA,NA,NA,0,NA,NA,NA,NA,0,NA,NA,NA,NA,0,NA,NA,NA,NA,0,NA,NA,NA,NA,NA,NA,NA,NA,NA,0,NA,NA,NA,NA,0,NA,NA,NA,NA
M19 [Other Items],19.4,Blood Transfusion sets,3. Unusable Stock,0,NA,NA,NA,NA,0,NA,NA,NA,NA,NA,NA,NA,NA,NA,NA,NA,NA,NA,NA,NA,NA,NA,NA,NA,0,NA,NA,NA,NA,0,NA,NA,NA,NA,0,NA,NA,NA,NA,NA,NA,NA,NA,NA,NA,NA,NA,NA,NA,NA,NA,NA,NA,NA,0,NA,NA,NA,NA,NA,NA,NA,NA,NA,0,NA,NA,NA,NA,NA,NA,NA,NA,NA,NA,NA,NA,NA,NA,0,NA,NA,NA,NA,0,NA,NA,NA,NA,NA,NA,NA,NA,NA,0,NA,NA,NA,NA,0,NA,NA,NA,NA,0,NA,NA,NA,NA,0,NA,NA,NA,NA,0,NA,NA,NA,NA,0,NA,NA,NA,NA,NA,NA,NA,NA,NA,0,NA,NA,NA,NA,0,NA,NA,NA,NA
M19 [Other Items],19.4,Blood Transfusion sets,4. Stock Distributed,1750,NA,NA,NA,NA,0,NA,NA,NA,NA,0,NA,NA,NA,NA,700,NA,NA,NA,NA,0,NA,NA,NA,NA,0,NA,NA,NA,NA,0,NA,NA,NA,NA,0,NA,NA,NA,NA,NA,NA,NA,NA,NA,0,NA,NA,NA,NA,NA,NA,NA,NA,NA,0,NA,NA,NA,NA,0,NA,NA,NA,NA,0,NA,NA,NA,NA,NA,NA,NA,NA,NA,NA,NA,NA,NA,NA,0,NA,NA,NA,NA,0,NA,NA,NA,NA,NA,NA,NA,NA,NA,300,NA,NA,NA,NA,0,NA,NA,NA,NA,350,NA,NA,NA,NA,NA,NA,NA,NA,NA,0,NA,NA,NA,NA,400,NA,NA,NA,NA,NA,NA,NA,NA,NA,0,NA,NA,NA,NA,0,NA,NA,NA,NA
M19 [Other Items],19.4,Blood Transfusion sets,5. Total Stock,8384,NA,NA,NA,NA,0,NA,NA,NA,NA,890,NA,NA,NA,NA,1000,NA,NA,NA,NA,0,NA,NA,NA,NA,0,NA,NA,NA,NA,50,NA,NA,NA,NA,0,NA,NA,NA,NA,0,NA,NA,NA,NA,1874,NA,NA,NA,NA,0,NA,NA,NA,NA,0,NA,NA,NA,NA,40,NA,NA,NA,NA,0,NA,NA,NA,NA,0,NA,NA,NA,NA,0,NA,NA,NA,NA,0,NA,NA,NA,NA,40,NA,NA,NA,NA,0,NA,NA,NA,NA,-300,NA,NA,NA,NA,1500,NA,NA,NA,NA,2240,NA,NA,NA,NA,0,NA,NA,NA,NA,0,NA,NA,NA,NA,1050,NA,NA,NA,NA,0,NA,NA,NA,NA,0,NA,NA,NA,NA,0,NA,NA,NA,NA
M19 [Other Items],19.5,Gluteraldehyde 2%,1. Balance From Previous Month,104052,NA,NA,NA,NA,23,NA,NA,NA,NA,20,NA,NA,NA,NA,5,NA,NA,NA,NA,NA,NA,NA,NA,NA,1,NA,NA,NA,NA,0,NA,NA,NA,NA,103900,NA,NA,NA,NA,NA,NA,NA,NA,NA,0,NA,NA,NA,NA,NA,NA,NA,NA,NA,NA,NA,NA,NA,NA,0,NA,NA,NA,NA,0,NA,NA,NA,NA,NA,NA,NA,NA,NA,NA,NA,NA,NA,NA,0,NA,NA,NA,NA,0,NA,NA,NA,NA,NA,NA,NA,NA,NA,0,NA,NA,NA,NA,25,NA,NA,NA,NA,0,NA,NA,NA,NA,74,NA,NA,NA,NA,0,NA,NA,NA,NA,4,NA,NA,NA,NA,NA,NA,NA,NA,NA,0,NA,NA,NA,NA,0,NA,NA,NA,NA
M19 [Other Items],19.5,Gluteraldehyde 2%,2. Stocks Received,0,NA,NA,NA,NA,0,NA,NA,NA,NA,0,NA,NA,NA,NA,NA,NA,NA,NA,NA,NA,NA,NA,NA,NA,0,NA,NA,NA,NA,NA,NA,NA,NA,NA,0,NA,NA,NA,NA,NA,NA,NA,NA,NA,NA,NA,NA,NA,NA,NA,NA,NA,NA,NA,NA,NA,NA,NA,NA,0,NA,NA,NA,NA,0,NA,NA,NA,NA,NA,NA,NA,NA,NA,NA,NA,NA,NA,NA,0,NA,NA,NA,NA,0,NA,NA,NA,NA,NA,NA,NA,NA,NA,0,NA,NA,NA,NA,0,NA,NA,NA,NA,0,NA,NA,NA,NA,0,NA,NA,NA,NA,0,NA,NA,NA,NA,0,NA,NA,NA,NA,NA,NA,NA,NA,NA,0,NA,NA,NA,NA,0,NA,NA,NA,NA
M19 [Other Items],19.5,Gluteraldehyde 2%,3. Unusable Stock,0,NA,NA,NA,NA,0,NA,NA,NA,NA,NA,NA,NA,NA,NA,NA,NA,NA,NA,NA,NA,NA,NA,NA,NA,0,NA,NA,NA,NA,NA,NA,NA,NA,NA,0,NA,NA,NA,NA,NA,NA,NA,NA,NA,NA,NA,NA,NA,NA,NA,NA,NA,NA,NA,NA,NA,NA,NA,NA,NA,NA,NA,NA,NA,0,NA,NA,NA,NA,NA,NA,NA,NA,NA,NA,NA,NA,NA,NA,0,NA,NA,NA,NA,0,NA,NA,NA,NA,NA,NA,NA,NA,NA,0,NA,NA,NA,NA,0,NA,NA,NA,NA,0,NA,NA,NA,NA,0,NA,NA,NA,NA,0,NA,NA,NA,NA,0,NA,NA,NA,NA,NA,NA,NA,NA,NA,0,NA,NA,NA,NA,0,NA,NA,NA,NA
M19 [Other Items],19.5,Gluteraldehyde 2%,4. Stock Distributed,50044,NA,NA,NA,NA,2,NA,NA,NA,NA,20,NA,NA,NA,NA,NA,NA,NA,NA,NA,NA,NA,NA,NA,NA,0,NA,NA,NA,NA,NA,NA,NA,NA,NA,50000,NA,NA,NA,NA,NA,NA,NA,NA,NA,0,NA,NA,NA,NA,NA,NA,NA,NA,NA,NA,NA,NA,NA,NA,0,NA,NA,NA,NA,0,NA,NA,NA,NA,NA,NA,NA,NA,NA,NA,NA,NA,NA,NA,0,NA,NA,NA,NA,NA,NA,NA,NA,NA,NA,NA,NA,NA,NA,10,NA,NA,NA,NA,0,NA,NA,NA,NA,0,NA,NA,NA,NA,12,NA,NA,NA,NA,0,NA,NA,NA,NA,0,NA,NA,NA,NA,NA,NA,NA,NA,NA,0,NA,NA,NA,NA,0,NA,NA,NA,NA
M19 [Other Items],19.5,Gluteraldehyde 2%,5. Total Stock,54008,NA,NA,NA,NA,21,NA,NA,NA,NA,0,NA,NA,NA,NA,5,NA,NA,NA,NA,0,NA,NA,NA,NA,1,NA,NA,NA,NA,0,NA,NA,NA,NA,53900,NA,NA,NA,NA,0,NA,NA,NA,NA,0,NA,NA,NA,NA,0,NA,NA,NA,NA,0,NA,NA,NA,NA,0,NA,NA,NA,NA,0,NA,NA,NA,NA,0,NA,NA,NA,NA,0,NA,NA,NA,NA,0,NA,NA,NA,NA,0,NA,NA,NA,NA,0,NA,NA,NA,NA,-10,NA,NA,NA,NA,25,NA,NA,NA,NA,0,NA,NA,NA,NA,62,NA,NA,NA,NA,0,NA,NA,NA,NA,4,NA,NA,NA,NA,0,NA,NA,NA,NA,0,NA,NA,NA,NA,0,NA,NA,NA,NA
M19 [Other Items],19.6,IFA tablets ( Adult),1. Balance From Previous Month,32839173,NA,NA,NA,NA,74300,NA,NA,NA,NA,4036850,NA,NA,NA,NA,1022880,NA,NA,NA,NA,3055135,NA,NA,NA,NA,473550,NA,NA,NA,NA,1215880,NA,NA,NA,NA,426850,NA,NA,NA,NA,NA,NA,NA,NA,NA,216575,NA,NA,NA,NA,699415,NA,NA,NA,NA,2574580,NA,NA,NA,NA,6305390,NA,NA,NA,NA,2164413,NA,NA,NA,NA,NA,NA,NA,NA,NA,NA,NA,NA,NA,NA,0,NA,NA,NA,NA,2002210,NA,NA,NA,NA,NA,NA,NA,NA,NA,0,NA,NA,NA,NA,1913400,NA,NA,NA,NA,0,NA,NA,NA,NA,1308705,NA,NA,NA,NA,942835,NA,NA,NA,NA,1079840,NA,NA,NA,NA,NA,NA,NA,NA,NA,2226765,NA,NA,NA,NA,1099600,NA,NA,NA,NA
M19 [Other Items],19.6,IFA tablets ( Adult),2. Stocks Received,10147295,NA,NA,NA,NA,842100,NA,NA,NA,NA,0,NA,NA,NA,NA,NA,NA,NA,NA,NA,0,NA,NA,NA,NA,0,NA,NA,NA,NA,NA,NA,NA,NA,NA,1108800,NA,NA,NA,NA,NA,NA,NA,NA,NA,2000000,NA,NA,NA,NA,0,NA,NA,NA,NA,0,NA,NA,NA,NA,0,NA,NA,NA,NA,0,NA,NA,NA,NA,NA,NA,NA,NA,NA,NA,NA,NA,NA,NA,0,NA,NA,NA,NA,0,NA,NA,NA,NA,NA,NA,NA,NA,NA,0,NA,NA,NA,NA,0,NA,NA,NA,NA,0,NA,NA,NA,NA,4840095,NA,NA,NA,NA,0,NA,NA,NA,NA,1356300,NA,NA,NA,NA,NA,NA,NA,NA,NA,0,NA,NA,NA,NA,0,NA,NA,NA,NA
M19 [Other Items],19.6,IFA tablets ( Adult),3. Unusable Stock,0,NA,NA,NA,NA,0,NA,NA,NA,NA,NA,NA,NA,NA,NA,NA,NA,NA,NA,NA,NA,NA,NA,NA,NA,0,NA,NA,NA,NA,NA,NA,NA,NA,NA,0,NA,NA,NA,NA,NA,NA,NA,NA,NA,NA,NA,NA,NA,NA,0,NA,NA,NA,NA,0,NA,NA,NA,NA,NA,NA,NA,NA,NA,0,NA,NA,NA,NA,NA,NA,NA,NA,NA,NA,NA,NA,NA,NA,0,NA,NA,NA,NA,0,NA,NA,NA,NA,NA,NA,NA,NA,NA,0,NA,NA,NA,NA,0,NA,NA,NA,NA,0,NA,NA,NA,NA,0,NA,NA,NA,NA,0,NA,NA,NA,NA,0,NA,NA,NA,NA,NA,NA,NA,NA,NA,0,NA,NA,NA,NA,0,NA,NA,NA,NA
M19 [Other Items],19.6,IFA tablets ( Adult),4. Stock Distributed,7396979,NA,NA,NA,NA,55800,NA,NA,NA,NA,1711700,NA,NA,NA,NA,543600,NA,NA,NA,NA,200000,NA,NA,NA,NA,175800,NA,NA,NA,NA,NA,NA,NA,NA,NA,199695,NA,NA,NA,NA,NA,NA,NA,NA,NA,178200,NA,NA,NA,NA,75950,NA,NA,NA,NA,455100,NA,NA,NA,NA,0,NA,NA,NA,NA,469884,NA,NA,NA,NA,NA,NA,NA,NA,NA,NA,NA,NA,NA,NA,0,NA,NA,NA,NA,240150,NA,NA,NA,NA,NA,NA,NA,NA,NA,605750,NA,NA,NA,NA,261000,NA,NA,NA,NA,0,NA,NA,NA,NA,974500,NA,NA,NA,NA,373550,NA,NA,NA,NA,250500,NA,NA,NA,NA,NA,NA,NA,NA,NA,489000,NA,NA,NA,NA,136800,NA,NA,NA,NA
M19 [Other Items],19.6,IFA tablets ( Adult),5. Total Stock,35589489,NA,NA,NA,NA,860600,NA,NA,NA,NA,2325150,NA,NA,NA,NA,479280,NA,NA,NA,NA,2855135,NA,NA,NA,NA,297750,NA,NA,NA,NA,1215880,NA,NA,NA,NA,1335955,NA,NA,NA,NA,0,NA,NA,NA,NA,2038375,NA,NA,NA,NA,623465,NA,NA,NA,NA,2119480,NA,NA,NA,NA,6305390,NA,NA,NA,NA,1694529,NA,NA,NA,NA,0,NA,NA,NA,NA,0,NA,NA,NA,NA,0,NA,NA,NA,NA,1762060,NA,NA,NA,NA,0,NA,NA,NA,NA,-605750,NA,NA,NA,NA,1652400,NA,NA,NA,NA,0,NA,NA,NA,NA,5174300,NA,NA,NA,NA,569285,NA,NA,NA,NA,2185640,NA,NA,NA,NA,0,NA,NA,NA,NA,1737765,NA,NA,NA,NA,962800,NA,NA,NA,NA
M19 [Other Items],19.7,IFA - Blue ( Adolescent 10-19 yrs),1. Balance From Previous Month,17573345,NA,NA,NA,NA,883895,NA,NA,NA,NA,2194005,NA,NA,NA,NA,874905,NA,NA,NA,NA,0,NA,NA,NA,NA,81600,NA,NA,NA,NA,0,NA,NA,NA,NA,0,NA,NA,NA,NA,NA,NA,NA,NA,NA,1467000,NA,NA,NA,NA,422695,NA,NA,NA,NA,9000,NA,NA,NA,NA,144995,NA,NA,NA,NA,843240,NA,NA,NA,NA,NA,NA,NA,NA,NA,NA,NA,NA,NA,NA,0,NA,NA,NA,NA,1049755,NA,NA,NA,NA,NA,NA,NA,NA,NA,0,NA,NA,NA,NA,1078260,NA,NA,NA,NA,1378020,NA,NA,NA,NA,3398700,NA,NA,NA,NA,538500,NA,NA,NA,NA,1057495,NA,NA,NA,NA,NA,NA,NA,NA,NA,1395280,NA,NA,NA,NA,756000,NA,NA,NA,NA
M19 [Other Items],19.7,IFA - Blue ( Adolescent 10-19 yrs),2. Stocks Received,1745800,NA,NA,NA,NA,0,NA,NA,NA,NA,0,NA,NA,NA,NA,NA,NA,NA,NA,NA,0,NA,NA,NA,NA,0,NA,NA,NA,NA,NA,NA,NA,NA,NA,NA,NA,NA,NA,NA,NA,NA,NA,NA,NA,NA,NA,NA,NA,NA,0,NA,NA,NA,NA,1014000,NA,NA,NA,NA,696200,NA,NA,NA,NA,0,NA,NA,NA,NA,NA,NA,NA,NA,NA,NA,NA,NA,NA,NA,0,NA,NA,NA,NA,0,NA,NA,NA,NA,NA,NA,NA,NA,NA,0,NA,NA,NA,NA,0,NA,NA,NA,NA,0,NA,NA,NA,NA,0,NA,NA,NA,NA,0,NA,NA,NA,NA,35600,NA,NA,NA,NA,NA,NA,NA,NA,NA,0,NA,NA,NA,NA,0,NA,NA,NA,NA
M19 [Other Items],19.7,IFA - Blue ( Adolescent 10-19 yrs),3. Unusable Stock,0,NA,NA,NA,NA,0,NA,NA,NA,NA,NA,NA,NA,NA,NA,NA,NA,NA,NA,NA,NA,NA,NA,NA,NA,0,NA,NA,NA,NA,NA,NA,NA,NA,NA,0,NA,NA,NA,NA,NA,NA,NA,NA,NA,NA,NA,NA,NA,NA,0,NA,NA,NA,NA,0,NA,NA,NA,NA,NA,NA,NA,NA,NA,0,NA,NA,NA,NA,NA,NA,NA,NA,NA,NA,NA,NA,NA,NA,0,NA,NA,NA,NA,0,NA,NA,NA,NA,NA,NA,NA,NA,NA,0,NA,NA,NA,NA,0,NA,NA,NA,NA,0,NA,NA,NA,NA,0,NA,NA,NA,NA,0,NA,NA,NA,NA,0,NA,NA,NA,NA,NA,NA,NA,NA,NA,0,NA,NA,NA,NA,0,NA,NA,NA,NA
M19 [Other Items],19.7,IFA - Blue ( Adolescent 10-19 yrs),4. Stock Distributed,2161050,NA,NA,NA,NA,0,NA,NA,NA,NA,405000,NA,NA,NA,NA,NA,NA,NA,NA,NA,0,NA,NA,NA,NA,0,NA,NA,NA,NA,NA,NA,NA,NA,NA,0,NA,NA,NA,NA,NA,NA,NA,NA,NA,203000,NA,NA,NA,NA,30000,NA,NA,NA,NA,381600,NA,NA,NA,NA,537400,NA,NA,NA,NA,125250,NA,NA,NA,NA,NA,NA,NA,NA,NA,NA,NA,NA,NA,NA,0,NA,NA,NA,NA,87300,NA,NA,NA,NA,NA,NA,NA,NA,NA,0,NA,NA,NA,NA,0,NA,NA,NA,NA,0,NA,NA,NA,NA,46500,NA,NA,NA,NA,0,NA,NA,NA,NA,20000,NA,NA,NA,NA,NA,NA,NA,NA,NA,325000,NA,NA,NA,NA,0,NA,NA,NA,NA
M19 [Other Items],19.7,IFA - Blue ( Adolescent 10-19 yrs),5. Total Stock,17158095,NA,NA,NA,NA,883895,NA,NA,NA,NA,1789005,NA,NA,NA,NA,874905,NA,NA,NA,NA,0,NA,NA,NA,NA,81600,NA,NA,NA,NA,0,NA,NA,NA,NA,0,NA,NA,NA,NA,0,NA,NA,NA,NA,1264000,NA,NA,NA,NA,392695,NA,NA,NA,NA,641400,NA,NA,NA,NA,303795,NA,NA,NA,NA,717990,NA,NA,NA,NA,0,NA,NA,NA,NA,0,NA,NA,NA,NA,0,NA,NA,NA,NA,962455,NA,NA,NA,NA,0,NA,NA,NA,NA,0,NA,NA,NA,NA,1078260,NA,NA,NA,NA,1378020,NA,NA,NA,NA,3352200,NA,NA,NA,NA,538500,NA,NA,NA,NA,1073095,NA,NA,NA,NA,0,NA,NA,NA,NA,1070280,NA,NA,NA,NA,756000,NA,NA,NA,NA
M19 [Other Items],19.8,IFA- Pink ( Junior 6-10 yrs),1. Balance From Previous Month,6754595,NA,NA,NA,NA,182000,NA,NA,NA,NA,5400,NA,NA,NA,NA,6000,NA,NA,NA,NA,731890,NA,NA,NA,NA,0,NA,NA,NA,NA,0,NA,NA,NA,NA,0,NA,NA,NA,NA,NA,NA,NA,NA,NA,778200,NA,NA,NA,NA,425445,NA,NA,NA,NA,72500,NA,NA,NA,NA,244500,NA,NA,NA,NA,777000,NA,NA,NA,NA,NA,NA,NA,NA,NA,NA,NA,NA,NA,NA,0,NA,NA,NA,NA,909900,NA,NA,NA,NA,NA,NA,NA,NA,NA,0,NA,NA,NA,NA,240260,NA,NA,NA,NA,0,NA,NA,NA,NA,952000,NA,NA,NA,NA,30000,NA,NA,NA,NA,101400,NA,NA,NA,NA,NA,NA,NA,NA,NA,1036100,NA,NA,NA,NA,262000,NA,NA,NA,NA
M19 [Other Items],19.8,IFA- Pink ( Junior 6-10 yrs),2. Stocks Received,0,NA,NA,NA,NA,0,NA,NA,NA,NA,0,NA,NA,NA,NA,NA,NA,NA,NA,NA,0,NA,NA,NA,NA,0,NA,NA,NA,NA,NA,NA,NA,NA,NA,0,NA,NA,NA,NA,NA,NA,NA,NA,NA,NA,NA,NA,NA,NA,0,NA,NA,NA,NA,0,NA,NA,NA,NA,0,NA,NA,NA,NA,0,NA,NA,NA,NA,NA,NA,NA,NA,NA,NA,NA,NA,NA,NA,0,NA,NA,NA,NA,0,NA,NA,NA,NA,NA,NA,NA,NA,NA,0,NA,NA,NA,NA,NA,NA,NA,NA,NA,0,NA,NA,NA,NA,0,NA,NA,NA,NA,0,NA,NA,NA,NA,0,NA,NA,NA,NA,NA,NA,NA,NA,NA,0,NA,NA,NA,NA,0,NA,NA,NA,NA
M19 [Other Items],19.8,IFA- Pink ( Junior 6-10 yrs),3. Unusable Stock,0,NA,NA,NA,NA,0,NA,NA,NA,NA,NA,NA,NA,NA,NA,NA,NA,NA,NA,NA,NA,NA,NA,NA,NA,0,NA,NA,NA,NA,NA,NA,NA,NA,NA,0,NA,NA,NA,NA,NA,NA,NA,NA,NA,NA,NA,NA,NA,NA,0,NA,NA,NA,NA,0,NA,NA,NA,NA,NA,NA,NA,NA,NA,0,NA,NA,NA,NA,NA,NA,NA,NA,NA,NA,NA,NA,NA,NA,0,NA,NA,NA,NA,0,NA,NA,NA,NA,NA,NA,NA,NA,NA,0,NA,NA,NA,NA,0,NA,NA,NA,NA,0,NA,NA,NA,NA,0,NA,NA,NA,NA,0,NA,NA,NA,NA,0,NA,NA,NA,NA,NA,NA,NA,NA,NA,0,NA,NA,NA,NA,0,NA,NA,NA,NA
M19 [Other Items],19.8,IFA- Pink ( Junior 6-10 yrs),4. Stock Distributed,980800,NA,NA,NA,NA,22000,NA,NA,NA,NA,2100,NA,NA,NA,NA,NA,NA,NA,NA,NA,NA,NA,NA,NA,NA,0,NA,NA,NA,NA,NA,NA,NA,NA,NA,0,NA,NA,NA,NA,NA,NA,NA,NA,NA,5500,NA,NA,NA,NA,0,NA,NA,NA,NA,1500,NA,NA,NA,NA,1000,NA,NA,NA,NA,12800,NA,NA,NA,NA,NA,NA,NA,NA,NA,NA,NA,NA,NA,NA,0,NA,NA,NA,NA,120000,NA,NA,NA,NA,NA,NA,NA,NA,NA,3000,NA,NA,NA,NA,47000,NA,NA,NA,NA,0,NA,NA,NA,NA,346500,NA,NA,NA,NA,30000,NA,NA,NA,NA,71400,NA,NA,NA,NA,NA,NA,NA,NA,NA,315000,NA,NA,NA,NA,3000,NA,NA,NA,NA
M19 [Other Items],19.8,IFA- Pink ( Junior 6-10 yrs),5. Total Stock,5773795,NA,NA,NA,NA,160000,NA,NA,NA,NA,3300,NA,NA,NA,NA,6000,NA,NA,NA,NA,731890,NA,NA,NA,NA,0,NA,NA,NA,NA,0,NA,NA,NA,NA,0,NA,NA,NA,NA,0,NA,NA,NA,NA,772700,NA,NA,NA,NA,425445,NA,NA,NA,NA,71000,NA,NA,NA,NA,243500,NA,NA,NA,NA,764200,NA,NA,NA,NA,0,NA,NA,NA,NA,0,NA,NA,NA,NA,0,NA,NA,NA,NA,789900,NA,NA,NA,NA,0,NA,NA,NA,NA,-3000,NA,NA,NA,NA,193260,NA,NA,NA,NA,0,NA,NA,NA,NA,605500,NA,NA,NA,NA,0,NA,NA,NA,NA,30000,NA,NA,NA,NA,0,NA,NA,NA,NA,721100,NA,NA,NA,NA,259000,NA,NA,NA,NA
M19 [Other Items],19.9,IFA Syrup (Paediatric),1. Balance From Previous Month,880570,NA,NA,NA,NA,45419,NA,NA,NA,NA,54701,NA,NA,NA,NA,19450,NA,NA,NA,NA,79905,NA,NA,NA,NA,5400,NA,NA,NA,NA,600,NA,NA,NA,NA,3400,NA,NA,NA,NA,NA,NA,NA,NA,NA,70830,NA,NA,NA,NA,31750,NA,NA,NA,NA,2800,NA,NA,NA,NA,0,NA,NA,NA,NA,62000,NA,NA,NA,NA,NA,NA,NA,NA,NA,NA,NA,NA,NA,NA,0,NA,NA,NA,NA,57550,NA,NA,NA,NA,NA,NA,NA,NA,NA,0,NA,NA,NA,NA,37645,NA,NA,NA,NA,0,NA,NA,NA,NA,200439,NA,NA,NA,NA,34800,NA,NA,NA,NA,31100,NA,NA,NA,NA,NA,NA,NA,NA,NA,94250,NA,NA,NA,NA,48531,NA,NA,NA,NA
M19 [Other Items],19.9,IFA Syrup (Paediatric),2. Stocks Received,500,NA,NA,NA,NA,0,NA,NA,NA,NA,0,NA,NA,NA,NA,NA,NA,NA,NA,NA,0,NA,NA,NA,NA,0,NA,NA,NA,NA,NA,NA,NA,NA,NA,500,NA,NA,NA,NA,NA,NA,NA,NA,NA,NA,NA,NA,NA,NA,0,NA,NA,NA,NA,0,NA,NA,NA,NA,0,NA,NA,NA,NA,0,NA,NA,NA,NA,NA,NA,NA,NA,NA,NA,NA,NA,NA,NA,0,NA,NA,NA,NA,0,NA,NA,NA,NA,NA,NA,NA,NA,NA,0,NA,NA,NA,NA,0,NA,NA,NA,NA,0,NA,NA,NA,NA,0,NA,NA,NA,NA,0,NA,NA,NA,NA,0,NA,NA,NA,NA,NA,NA,NA,NA,NA,0,NA,NA,NA,NA,0,NA,NA,NA,NA
M19 [Other Items],19.9,IFA Syrup (Paediatric),3. Unusable Stock,0,NA,NA,NA,NA,0,NA,NA,NA,NA,NA,NA,NA,NA,NA,NA,NA,NA,NA,NA,NA,NA,NA,NA,NA,0,NA,NA,NA,NA,NA,NA,NA,NA,NA,0,NA,NA,NA,NA,NA,NA,NA,NA,NA,NA,NA,NA,NA,NA,0,NA,NA,NA,NA,0,NA,NA,NA,NA,NA,NA,NA,NA,NA,0,NA,NA,NA,NA,NA,NA,NA,NA,NA,NA,NA,NA,NA,NA,0,NA,NA,NA,NA,0,NA,NA,NA,NA,NA,NA,NA,NA,NA,0,NA,NA,NA,NA,0,NA,NA,NA,NA,0,NA,NA,NA,NA,0,NA,NA,NA,NA,0,NA,NA,NA,NA,0,NA,NA,NA,NA,NA,NA,NA,NA,NA,0,NA,NA,NA,NA,0,NA,NA,NA,NA
M19 [Other Items],19.9,IFA Syrup (Paediatric),4. Stock Distributed,105250,NA,NA,NA,NA,4800,NA,NA,NA,NA,11000,NA,NA,NA,NA,1300,NA,NA,NA,NA,30000,NA,NA,NA,NA,2250,NA,NA,NA,NA,NA,NA,NA,NA,NA,0,NA,NA,NA,NA,NA,NA,NA,NA,NA,1500,NA,NA,NA,NA,1500,NA,NA,NA,NA,1800,NA,NA,NA,NA,0,NA,NA,NA,NA,13500,NA,NA,NA,NA,NA,NA,NA,NA,NA,NA,NA,NA,NA,NA,0,NA,NA,NA,NA,1050,NA,NA,NA,NA,NA,NA,NA,NA,NA,2550,NA,NA,NA,NA,1300,NA,NA,NA,NA,0,NA,NA,NA,NA,17050,NA,NA,NA,NA,0,NA,NA,NA,NA,1100,NA,NA,NA,NA,NA,NA,NA,NA,NA,4050,NA,NA,NA,NA,10500,NA,NA,NA,NA
M19 [Other Items],19.9,IFA Syrup (Paediatric),5. Total Stock,775820,NA,NA,NA,NA,40619,NA,NA,NA,NA,43701,NA,NA,NA,NA,18150,NA,NA,NA,NA,49905,NA,NA,NA,NA,3150,NA,NA,NA,NA,600,NA,NA,NA,NA,3900,NA,NA,NA,NA,0,NA,NA,NA,NA,69330,NA,NA,NA,NA,30250,NA,NA,NA,NA,1000,NA,NA,NA,NA,0,NA,NA,NA,NA,48500,NA,NA,NA,NA,0,NA,NA,NA,NA,0,NA,NA,NA,NA,0,NA,NA,NA,NA,56500,NA,NA,NA,NA,0,NA,NA,NA,NA,-2550,NA,NA,NA,NA,36345,NA,NA,NA,NA,0,NA,NA,NA,NA,183389,NA,NA,NA,NA,34800,NA,NA,NA,NA,30000,NA,NA,NA,NA,0,NA,NA,NA,NA,90200,NA,NA,NA,NA,38031,NA,NA,NA,NA
M19 [Other Items],19.1,Paediatrics Antibiotics ( Amoxycillin and Injectable Gentamicin),1. Balance From Previous Month,574825,NA,NA,NA,NA,15910,NA,NA,NA,NA,15160,NA,NA,NA,NA,3315,NA,NA,NA,NA,0,NA,NA,NA,NA,20880,NA,NA,NA,NA,5630,NA,NA,NA,NA,0,NA,NA,NA,NA,NA,NA,NA,NA,NA,0,NA,NA,NA,NA,3200,NA,NA,NA,NA,186060,NA,NA,NA,NA,0,NA,NA,NA,NA,11500,NA,NA,NA,NA,NA,NA,NA,NA,NA,NA,NA,NA,NA,NA,0,NA,NA,NA,NA,19960,NA,NA,NA,NA,NA,NA,NA,NA,NA,0,NA,NA,NA,NA,269320,NA,NA,NA,NA,23890,NA,NA,NA,NA,0,NA,NA,NA,NA,0,NA,NA,NA,NA,0,NA,NA,NA,NA,NA,NA,NA,NA,NA,0,NA,NA,NA,NA,0,NA,NA,NA,NA
M19 [Other Items],19.1,Paediatrics Antibiotics ( Amoxycillin and Injectable Gentamicin),2. Stocks Received,24000,NA,NA,NA,NA,0,NA,NA,NA,NA,0,NA,NA,NA,NA,NA,NA,NA,NA,NA,0,NA,NA,NA,NA,0,NA,NA,NA,NA,NA,NA,NA,NA,NA,0,NA,NA,NA,NA,NA,NA,NA,NA,NA,NA,NA,NA,NA,NA,0,NA,NA,NA,NA,0,NA,NA,NA,NA,0,NA,NA,NA,NA,0,NA,NA,NA,NA,NA,NA,NA,NA,NA,NA,NA,NA,NA,NA,0,NA,NA,NA,NA,0,NA,NA,NA,NA,NA,NA,NA,NA,NA,0,NA,NA,NA,NA,24000,NA,NA,NA,NA,0,NA,NA,NA,NA,0,NA,NA,NA,NA,0,NA,NA,NA,NA,0,NA,NA,NA,NA,NA,NA,NA,NA,NA,0,NA,NA,NA,NA,0,NA,NA,NA,NA
M19 [Other Items],19.1,Paediatrics Antibiotics ( Amoxycillin and Injectable Gentamicin),3. Unusable Stock,0,NA,NA,NA,NA,0,NA,NA,NA,NA,NA,NA,NA,NA,NA,NA,NA,NA,NA,NA,NA,NA,NA,NA,NA,0,NA,NA,NA,NA,NA,NA,NA,NA,NA,0,NA,NA,NA,NA,NA,NA,NA,NA,NA,NA,NA,NA,NA,NA,0,NA,NA,NA,NA,0,NA,NA,NA,NA,NA,NA,NA,NA,NA,0,NA,NA,NA,NA,NA,NA,NA,NA,NA,NA,NA,NA,NA,NA,0,NA,NA,NA,NA,0,NA,NA,NA,NA,NA,NA,NA,NA,NA,0,NA,NA,NA,NA,0,NA,NA,NA,NA,0,NA,NA,NA,NA,0,NA,NA,NA,NA,0,NA,NA,NA,NA,0,NA,NA,NA,NA,NA,NA,NA,NA,NA,0,NA,NA,NA,NA,0,NA,NA,NA,NA
M19 [Other Items],19.1,Paediatrics Antibiotics ( Amoxycillin and Injectable Gentamicin),4. Stock Distributed,121570,NA,NA,NA,NA,5810,NA,NA,NA,NA,1800,NA,NA,NA,NA,NA,NA,NA,NA,NA,0,NA,NA,NA,NA,4000,NA,NA,NA,NA,NA,NA,NA,NA,NA,0,NA,NA,NA,NA,NA,NA,NA,NA,NA,0,NA,NA,NA,NA,2500,NA,NA,NA,NA,31810,NA,NA,NA,NA,0,NA,NA,NA,NA,3150,NA,NA,NA,NA,NA,NA,NA,NA,NA,NA,NA,NA,NA,NA,0,NA,NA,NA,NA,0,NA,NA,NA,NA,NA,NA,NA,NA,NA,1080,NA,NA,NA,NA,64150,NA,NA,NA,NA,7270,NA,NA,NA,NA,NA,NA,NA,NA,NA,0,NA,NA,NA,NA,0,NA,NA,NA,NA,NA,NA,NA,NA,NA,0,NA,NA,NA,NA,0,NA,NA,NA,NA
M19 [Other Items],19.1,Paediatrics Antibiotics ( Amoxycillin and Injectable Gentamicin),5. Total Stock,477255,NA,NA,NA,NA,10100,NA,NA,NA,NA,13360,NA,NA,NA,NA,3315,NA,NA,NA,NA,0,NA,NA,NA,NA,16880,NA,NA,NA,NA,5630,NA,NA,NA,NA,0,NA,NA,NA,NA,0,NA,NA,NA,NA,0,NA,NA,NA,NA,700,NA,NA,NA,NA,154250,NA,NA,NA,NA,0,NA,NA,NA,NA,8350,NA,NA,NA,NA,0,NA,NA,NA,NA,0,NA,NA,NA,NA,0,NA,NA,NA,NA,19960,NA,NA,NA,NA,0,NA,NA,NA,NA,-1080,NA,NA,NA,NA,229170,NA,NA,NA,NA,16620,NA,NA,NA,NA,0,NA,NA,NA,NA,0,NA,NA,NA,NA,0,NA,NA,NA,NA,0,NA,NA,NA,NA,0,NA,NA,NA,NA,0,NA,NA,NA,NA
M19 [Other Items],19.11,Vit A syrup,1. Balance From Previous Month,226,NA,NA,NA,NA,0,NA,NA,NA,NA,11,NA,NA,NA,NA,NA,NA,NA,NA,NA,5,NA,NA,NA,NA,2,NA,NA,NA,NA,0,NA,NA,NA,NA,0,NA,NA,NA,NA,NA,NA,NA,NA,NA,28,NA,NA,NA,NA,0,NA,NA,NA,NA,0,NA,NA,NA,NA,0,NA,NA,NA,NA,0,NA,NA,NA,NA,NA,NA,NA,NA,NA,NA,NA,NA,NA,NA,0,NA,NA,NA,NA,0,NA,NA,NA,NA,NA,NA,NA,NA,NA,0,NA,NA,NA,NA,0,NA,NA,NA,NA,0,NA,NA,NA,NA,130,NA,NA,NA,NA,0,NA,NA,NA,NA,0,NA,NA,NA,NA,NA,NA,NA,NA,NA,0,NA,NA,NA,NA,50,NA,NA,NA,NA
M19 [Other Items],19.11,Vit A syrup,2. Stocks Received,0,NA,NA,NA,NA,0,NA,NA,NA,NA,0,NA,NA,NA,NA,NA,NA,NA,NA,NA,0,NA,NA,NA,NA,0,NA,NA,NA,NA,NA,NA,NA,NA,NA,0,NA,NA,NA,NA,NA,NA,NA,NA,NA,NA,NA,NA,NA,NA,0,NA,NA,NA,NA,0,NA,NA,NA,NA,0,NA,NA,NA,NA,0,NA,NA,NA,NA,NA,NA,NA,NA,NA,NA,NA,NA,NA,NA,0,NA,NA,NA,NA,0,NA,NA,NA,NA,NA,NA,NA,NA,NA,0,NA,NA,NA,NA,0,NA,NA,NA,NA,0,NA,NA,NA,NA,0,NA,NA,NA,NA,0,NA,NA,NA,NA,0,NA,NA,NA,NA,NA,NA,NA,NA,NA,0,NA,NA,NA,NA,0,NA,NA,NA,NA
M19 [Other Items],19.11,Vit A syrup,3. Unusable Stock,0,NA,NA,NA,NA,0,NA,NA,NA,NA,NA,NA,NA,NA,NA,NA,NA,NA,NA,NA,NA,NA,NA,NA,NA,0,NA,NA,NA,NA,NA,NA,NA,NA,NA,0,NA,NA,NA,NA,NA,NA,NA,NA,NA,NA,NA,NA,NA,NA,0,NA,NA,NA,NA,0,NA,NA,NA,NA,NA,NA,NA,NA,NA,0,NA,NA,NA,NA,NA,NA,NA,NA,NA,NA,NA,NA,NA,NA,0,NA,NA,NA,NA,0,NA,NA,NA,NA,NA,NA,NA,NA,NA,0,NA,NA,NA,NA,0,NA,NA,NA,NA,0,NA,NA,NA,NA,0,NA,NA,NA,NA,0,NA,NA,NA,NA,0,NA,NA,NA,NA,NA,NA,NA,NA,NA,0,NA,NA,NA,NA,0,NA,NA,NA,NA
M19 [Other Items],19.11,Vit A syrup,4. Stock Distributed,130,NA,NA,NA,NA,0,NA,NA,NA,NA,0,NA,NA,NA,NA,NA,NA,NA,NA,NA,0,NA,NA,NA,NA,0,NA,NA,NA,NA,NA,NA,NA,NA,NA,0,NA,NA,NA,NA,NA,NA,NA,NA,NA,0,NA,NA,NA,NA,0,NA,NA,NA,NA,0,NA,NA,NA,NA,0,NA,NA,NA,NA,0,NA,NA,NA,NA,NA,NA,NA,NA,NA,NA,NA,NA,NA,NA,0,NA,NA,NA,NA,0,NA,NA,NA,NA,NA,NA,NA,NA,NA,0,NA,NA,NA,NA,0,NA,NA,NA,NA,0,NA,NA,NA,NA,130,NA,NA,NA,NA,0,NA,NA,NA,NA,0,NA,NA,NA,NA,NA,NA,NA,NA,NA,0,NA,NA,NA,NA,0,NA,NA,NA,NA
M19 [Other Items],19.11,Vit A syrup,5. Total Stock,96,NA,NA,NA,NA,0,NA,NA,NA,NA,11,NA,NA,NA,NA,0,NA,NA,NA,NA,5,NA,NA,NA,NA,2,NA,NA,NA,NA,0,NA,NA,NA,NA,0,NA,NA,NA,NA,0,NA,NA,NA,NA,28,NA,NA,NA,NA,0,NA,NA,NA,NA,0,NA,NA,NA,NA,0,NA,NA,NA,NA,0,NA,NA,NA,NA,0,NA,NA,NA,NA,0,NA,NA,NA,NA,0,NA,NA,NA,NA,0,NA,NA,NA,NA,0,NA,NA,NA,NA,0,NA,NA,NA,NA,0,NA,NA,NA,NA,0,NA,NA,NA,NA,0,NA,NA,NA,NA,0,NA,NA,NA,NA,0,NA,NA,NA,NA,0,NA,NA,NA,NA,0,NA,NA,NA,NA,50,NA,NA,NA,NA
M19 [Other Items],19.12,ORS (New WHO),1. Balance From Previous Month,2845988,NA,NA,NA,NA,74800,NA,NA,NA,NA,82300,NA,NA,NA,NA,163650,NA,NA,NA,NA,304938,NA,NA,NA,NA,55270,NA,NA,NA,NA,57500,NA,NA,NA,NA,164600,NA,NA,NA,NA,NA,NA,NA,NA,NA,155420,NA,NA,NA,NA,42400,NA,NA,NA,NA,61600,NA,NA,NA,NA,121300,NA,NA,NA,NA,155500,NA,NA,NA,NA,NA,NA,NA,NA,NA,NA,NA,NA,NA,NA,0,NA,NA,NA,NA,248300,NA,NA,NA,NA,NA,NA,NA,NA,NA,0,NA,NA,NA,NA,227400,NA,NA,NA,NA,113200,NA,NA,NA,NA,560610,NA,NA,NA,NA,0,NA,NA,NA,NA,110060,NA,NA,NA,NA,NA,NA,NA,NA,NA,97690,NA,NA,NA,NA,49450,NA,NA,NA,NA
M19 [Other Items],19.12,ORS (New WHO),2. Stocks Received,0,NA,NA,NA,NA,0,NA,NA,NA,NA,0,NA,NA,NA,NA,NA,NA,NA,NA,NA,0,NA,NA,NA,NA,0,NA,NA,NA,NA,NA,NA,NA,NA,NA,0,NA,NA,NA,NA,NA,NA,NA,NA,NA,NA,NA,NA,NA,NA,0,NA,NA,NA,NA,0,NA,NA,NA,NA,0,NA,NA,NA,NA,0,NA,NA,NA,NA,NA,NA,NA,NA,NA,NA,NA,NA,NA,NA,0,NA,NA,NA,NA,0,NA,NA,NA,NA,NA,NA,NA,NA,NA,0,NA,NA,NA,NA,0,NA,NA,NA,NA,0,NA,NA,NA,NA,0,NA,NA,NA,NA,0,NA,NA,NA,NA,0,NA,NA,NA,NA,NA,NA,NA,NA,NA,0,NA,NA,NA,NA,0,NA,NA,NA,NA
M19 [Other Items],19.12,ORS (New WHO),3. Unusable Stock,0,NA,NA,NA,NA,0,NA,NA,NA,NA,NA,NA,NA,NA,NA,NA,NA,NA,NA,NA,NA,NA,NA,NA,NA,0,NA,NA,NA,NA,NA,NA,NA,NA,NA,0,NA,NA,NA,NA,NA,NA,NA,NA,NA,NA,NA,NA,NA,NA,0,NA,NA,NA,NA,0,NA,NA,NA,NA,NA,NA,NA,NA,NA,0,NA,NA,NA,NA,NA,NA,NA,NA,NA,NA,NA,NA,NA,NA,0,NA,NA,NA,NA,0,NA,NA,NA,NA,NA,NA,NA,NA,NA,0,NA,NA,NA,NA,0,NA,NA,NA,NA,0,NA,NA,NA,NA,0,NA,NA,NA,NA,0,NA,NA,NA,NA,0,NA,NA,NA,NA,NA,NA,NA,NA,NA,0,NA,NA,NA,NA,0,NA,NA,NA,NA
M19 [Other Items],19.12,ORS (New WHO),4. Stock Distributed,397428,NA,NA,NA,NA,11400,NA,NA,NA,NA,30600,NA,NA,NA,NA,14000,NA,NA,NA,NA,20000,NA,NA,NA,NA,7880,NA,NA,NA,NA,NA,NA,NA,NA,NA,3000,NA,NA,NA,NA,NA,NA,NA,NA,NA,22800,NA,NA,NA,NA,22800,NA,NA,NA,NA,8300,NA,NA,NA,NA,12600,NA,NA,NA,NA,31500,NA,NA,NA,NA,NA,NA,NA,NA,NA,NA,NA,NA,NA,NA,0,NA,NA,NA,NA,24600,NA,NA,NA,NA,NA,NA,NA,NA,NA,13350,NA,NA,NA,NA,22600,NA,NA,NA,NA,3450,NA,NA,NA,NA,80600,NA,NA,NA,NA,0,NA,NA,NA,NA,27408,NA,NA,NA,NA,NA,NA,NA,NA,NA,23640,NA,NA,NA,NA,16900,NA,NA,NA,NA
M19 [Other Items],19.12,ORS (New WHO),5. Total Stock,2380158,NA,NA,NA,NA,63400,NA,NA,NA,NA,51700,NA,NA,NA,NA,149650,NA,NA,NA,NA,284938,NA,NA,NA,NA,47390,NA,NA,NA,NA,57500,NA,NA,NA,NA,161600,NA,NA,NA,NA,NA,NA,NA,NA,NA,132620,NA,NA,NA,NA,19600,NA,NA,NA,NA,53300,NA,NA,NA,NA,108700,NA,NA,NA,NA,124900,NA,NA,NA,NA,NA,NA,NA,NA,NA,NA,NA,NA,NA,NA,0,NA,NA,NA,NA,223700,NA,NA,NA,NA,NA,NA,NA,NA,NA,NA,NA,NA,NA,NA,204800,NA,NA,NA,NA,109750,NA,NA,NA,NA,480010,NA,NA,NA,NA,0,NA,NA,NA,NA,NA,NA,NA,NA,NA,NA,NA,NA,NA,NA,74050,NA,NA,NA,NA,32550,NA,NA,NA,NA
M19 [Other Items],19.13,RTI /STI colour coded syndromic kits ( I to VII),1. Balance From Previous Month,7753,NA,NA,NA,NA,2008,NA,NA,NA,NA,NA,NA,NA,NA,NA,NA,NA,NA,NA,NA,NA,NA,NA,NA,NA,0,NA,NA,NA,NA,0,NA,NA,NA,NA,0,NA,NA,NA,NA,NA,NA,NA,NA,NA,0,NA,NA,NA,NA,NA,NA,NA,NA,NA,NA,NA,NA,NA,NA,0,NA,NA,NA,NA,0,NA,NA,NA,NA,NA,NA,NA,NA,NA,NA,NA,NA,NA,NA,0,NA,NA,NA,NA,0,NA,NA,NA,NA,NA,NA,NA,NA,NA,0,NA,NA,NA,NA,0,NA,NA,NA,NA,0,NA,NA,NA,NA,0,NA,NA,NA,NA,0,NA,NA,NA,NA,1420,NA,NA,NA,NA,NA,NA,NA,NA,NA,1335,NA,NA,NA,NA,2990,NA,NA,NA,NA
M19 [Other Items],19.13,RTI /STI colour coded syndromic kits ( I to VII),2. Stocks Received,488,NA,NA,NA,NA,0,NA,NA,NA,NA,NA,NA,NA,NA,NA,NA,NA,NA,NA,NA,NA,NA,NA,NA,NA,0,NA,NA,NA,NA,NA,NA,NA,NA,NA,0,NA,NA,NA,NA,NA,NA,NA,NA,NA,NA,NA,NA,NA,NA,NA,NA,NA,NA,NA,NA,NA,NA,NA,NA,0,NA,NA,NA,NA,0,NA,NA,NA,NA,NA,NA,NA,NA,NA,NA,NA,NA,NA,NA,0,NA,NA,NA,NA,0,NA,NA,NA,NA,NA,NA,NA,NA,NA,0,NA,NA,NA,NA,0,NA,NA,NA,NA,0,NA,NA,NA,NA,0,NA,NA,NA,NA,0,NA,NA,NA,NA,488,NA,NA,NA,NA,NA,NA,NA,NA,NA,0,NA,NA,NA,NA,0,NA,NA,NA,NA
M19 [Other Items],19.13,RTI /STI colour coded syndromic kits ( I to VII),3. Unusable Stock,0,NA,NA,NA,NA,0,NA,NA,NA,NA,NA,NA,NA,NA,NA,NA,NA,NA,NA,NA,NA,NA,NA,NA,NA,0,NA,NA,NA,NA,NA,NA,NA,NA,NA,0,NA,NA,NA,NA,NA,NA,NA,NA,NA,NA,NA,NA,NA,NA,NA,NA,NA,NA,NA,NA,NA,NA,NA,NA,NA,NA,NA,NA,NA,0,NA,NA,NA,NA,NA,NA,NA,NA,NA,NA,NA,NA,NA,NA,0,NA,NA,NA,NA,0,NA,NA,NA,NA,NA,NA,NA,NA,NA,0,NA,NA,NA,NA,0,NA,NA,NA,NA,0,NA,NA,NA,NA,0,NA,NA,NA,NA,0,NA,NA,NA,NA,0,NA,NA,NA,NA,NA,NA,NA,NA,NA,0,NA,NA,NA,NA,0,NA,NA,NA,NA
M19 [Other Items],19.13,RTI /STI colour coded syndromic kits ( I to VII),4. Stock Distributed,0,NA,NA,NA,NA,0,NA,NA,NA,NA,NA,NA,NA,NA,NA,NA,NA,NA,NA,NA,0,NA,NA,NA,NA,0,NA,NA,NA,NA,NA,NA,NA,NA,NA,0,NA,NA,NA,NA,NA,NA,NA,NA,NA,0,NA,NA,NA,NA,NA,NA,NA,NA,NA,NA,NA,NA,NA,NA,0,NA,NA,NA,NA,0,NA,NA,NA,NA,NA,NA,NA,NA,NA,NA,NA,NA,NA,NA,0,NA,NA,NA,NA,0,NA,NA,NA,NA,NA,NA,NA,NA,NA,0,NA,NA,NA,NA,0,NA,NA,NA,NA,0,NA,NA,NA,NA,NA,NA,NA,NA,NA,0,NA,NA,NA,NA,0,NA,NA,NA,NA,NA,NA,NA,NA,NA,0,NA,NA,NA,NA,0,NA,NA,NA,NA
M19 [Other Items],19.13,RTI /STI colour coded syndromic kits ( I to VII),5. Total Stock,6333,NA,NA,NA,NA,2008,NA,NA,NA,NA,NA,NA,NA,NA,NA,NA,NA,NA,NA,NA,0,NA,NA,NA,NA,0,NA,NA,NA,NA,0,NA,NA,NA,NA,0,NA,NA,NA,NA,NA,NA,NA,NA,NA,0,NA,NA,NA,NA,NA,NA,NA,NA,NA,NA,NA,NA,NA,NA,0,NA,NA,NA,NA,0,NA,NA,NA,NA,NA,NA,NA,NA,NA,NA,NA,NA,NA,NA,0,NA,NA,NA,NA,0,NA,NA,NA,NA,NA,NA,NA,NA,NA,0,NA,NA,NA,NA,0,NA,NA,NA,NA,0,NA,NA,NA,NA,0,NA,NA,NA,NA,0,NA,NA,NA,NA,NA,NA,NA,NA,NA,NA,NA,NA,NA,NA,1335,NA,NA,NA,NA,2990,NA,NA,NA,NA
M19 [Other Items],19.14,Zinc 20 mg tablet,1. Balance From Previous Month,21149696,NA,NA,NA,NA,931216,NA,NA,NA,NA,2744440,NA,NA,NA,NA,1197378,NA,NA,NA,NA,0,NA,NA,NA,NA,154400,NA,NA,NA,NA,0,NA,NA,NA,NA,862888,NA,NA,NA,NA,NA,NA,NA,NA,NA,1730130,NA,NA,NA,NA,279996,NA,NA,NA,NA,1380932,NA,NA,NA,NA,1504110,NA,NA,NA,NA,668256,NA,NA,NA,NA,NA,NA,NA,NA,NA,NA,NA,NA,NA,NA,0,NA,NA,NA,NA,1379694,NA,NA,NA,NA,NA,NA,NA,NA,NA,0,NA,NA,NA,NA,1365088,NA,NA,NA,NA,1125950,NA,NA,NA,NA,756438,NA,NA,NA,NA,1110880,NA,NA,NA,NA,1284534,NA,NA,NA,NA,NA,NA,NA,NA,NA,1727980,NA,NA,NA,NA,945386,NA,NA,NA,NA
M19 [Other Items],19.14,Zinc 20 mg tablet,2. Stocks Received,0,NA,NA,NA,NA,0,NA,NA,NA,NA,0,NA,NA,NA,NA,NA,NA,NA,NA,NA,0,NA,NA,NA,NA,0,NA,NA,NA,NA,NA,NA,NA,NA,NA,0,NA,NA,NA,NA,NA,NA,NA,NA,NA,NA,NA,NA,NA,NA,0,NA,NA,NA,NA,0,NA,NA,NA,NA,0,NA,NA,NA,NA,0,NA,NA,NA,NA,NA,NA,NA,NA,NA,NA,NA,NA,NA,NA,0,NA,NA,NA,NA,0,NA,NA,NA,NA,NA,NA,NA,NA,NA,0,NA,NA,NA,NA,0,NA,NA,NA,NA,0,NA,NA,NA,NA,0,NA,NA,NA,NA,0,NA,NA,NA,NA,0,NA,NA,NA,NA,NA,NA,NA,NA,NA,0,NA,NA,NA,NA,0,NA,NA,NA,NA
M19 [Other Items],19.14,Zinc 20 mg tablet,3. Unusable Stock,0,NA,NA,NA,NA,0,NA,NA,NA,NA,NA,NA,NA,NA,NA,NA,NA,NA,NA,NA,NA,NA,NA,NA,NA,0,NA,NA,NA,NA,NA,NA,NA,NA,NA,0,NA,NA,NA,NA,NA,NA,NA,NA,NA,NA,NA,NA,NA,NA,0,NA,NA,NA,NA,0,NA,NA,NA,NA,NA,NA,NA,NA,NA,0,NA,NA,NA,NA,NA,NA,NA,NA,NA,NA,NA,NA,NA,NA,0,NA,NA,NA,NA,0,NA,NA,NA,NA,NA,NA,NA,NA,NA,0,NA,NA,NA,NA,0,NA,NA,NA,NA,0,NA,NA,NA,NA,0,NA,NA,NA,NA,0,NA,NA,NA,NA,0,NA,NA,NA,NA,NA,NA,NA,NA,NA,NA,NA,NA,NA,NA,0,NA,NA,NA,NA
M19 [Other Items],19.14,Zinc 20 mg tablet,4. Stock Distributed,975872,NA,NA,NA,NA,85000,NA,NA,NA,NA,116000,NA,NA,NA,NA,66260,NA,NA,NA,NA,0,NA,NA,NA,NA,4400,NA,NA,NA,NA,NA,NA,NA,NA,NA,1400,NA,NA,NA,NA,NA,NA,NA,NA,NA,9100,NA,NA,NA,NA,7000,NA,NA,NA,NA,11480,NA,NA,NA,NA,21500,NA,NA,NA,NA,153992,NA,NA,NA,NA,NA,NA,NA,NA,NA,NA,NA,NA,NA,NA,0,NA,NA,NA,NA,19800,NA,NA,NA,NA,NA,NA,NA,NA,NA,56160,NA,NA,NA,NA,8400,NA,NA,NA,NA,36400,NA,NA,NA,NA,148600,NA,NA,NA,NA,5040,NA,NA,NA,NA,58740,NA,NA,NA,NA,NA,NA,NA,NA,NA,40600,NA,NA,NA,NA,126000,NA,NA,NA,NA
M19 [Other Items],19.14,Zinc 20 mg tablet,5. Total Stock,19263188,NA,NA,NA,NA,842616,NA,NA,NA,NA,2628440,NA,NA,NA,NA,1131118,NA,NA,NA,NA,0,NA,NA,NA,NA,15000,NA,NA,NA,NA,0,NA,NA,NA,NA,861488,NA,NA,NA,NA,NA,NA,NA,NA,NA,1721030,NA,NA,NA,NA,272996,NA,NA,NA,NA,1369452,NA,NA,NA,NA,1482610,NA,NA,NA,NA,911862,NA,NA,NA,NA,NA,NA,NA,NA,NA,NA,NA,NA,NA,NA,0,NA,NA,NA,NA,1359894,NA,NA,NA,NA,NA,NA,NA,NA,NA,0,NA,NA,NA,NA,1356688,NA,NA,NA,NA,1089550,NA,NA,NA,NA,607838,NA,NA,NA,NA,1105840,NA,NA,NA,NA,NA,NA,NA,NA,NA,NA,NA,NA,NA,NA,1687380,NA,NA,NA,NA,819386,NA,NA,NA,NA
M19 [Other Items],19.15,Albendazole 400 mg tablet,1. Balance From Previous Month,5316660,NA,NA,NA,NA,78300,NA,NA,NA,NA,308900,NA,NA,NA,NA,243300,NA,NA,NA,NA,616410,NA,NA,NA,NA,360136,NA,NA,NA,NA,64900,NA,NA,NA,NA,162600,NA,NA,NA,NA,NA,NA,NA,NA,NA,315864,NA,NA,NA,NA,103500,NA,NA,NA,NA,266300,NA,NA,NA,NA,3500,NA,NA,NA,NA,173700,NA,NA,NA,NA,NA,NA,NA,NA,NA,NA,NA,NA,NA,NA,0,NA,NA,NA,NA,339000,NA,NA,NA,NA,NA,NA,NA,NA,NA,0,NA,NA,NA,NA,312200,NA,NA,NA,NA,258600,NA,NA,NA,NA,806300,NA,NA,NA,NA,83200,NA,NA,NA,NA,307450,NA,NA,NA,NA,NA,NA,NA,NA,NA,404500,NA,NA,NA,NA,108000,NA,NA,NA,NA
M19 [Other Items],19.15,Albendazole 400 mg tablet,2. Stocks Received,0,NA,NA,NA,NA,0,NA,NA,NA,NA,0,NA,NA,NA,NA,NA,NA,NA,NA,NA,0,NA,NA,NA,NA,0,NA,NA,NA,NA,0,NA,NA,NA,NA,0,NA,NA,NA,NA,NA,NA,NA,NA,NA,NA,NA,NA,NA,NA,0,NA,NA,NA,NA,0,NA,NA,NA,NA,0,NA,NA,NA,NA,0,NA,NA,NA,NA,NA,NA,NA,NA,NA,NA,NA,NA,NA,NA,0,NA,NA,NA,NA,0,NA,NA,NA,NA,NA,NA,NA,NA,NA,0,NA,NA,NA,NA,0,NA,NA,NA,NA,0,NA,NA,NA,NA,0,NA,NA,NA,NA,0,NA,NA,NA,NA,0,NA,NA,NA,NA,NA,NA,NA,NA,NA,0,NA,NA,NA,NA,0,NA,NA,NA,NA
M19 [Other Items],19.15,Albendazole 400 mg tablet,3. Unusable Stock,0,NA,NA,NA,NA,0,NA,NA,NA,NA,NA,NA,NA,NA,NA,NA,NA,NA,NA,NA,NA,NA,NA,NA,NA,0,NA,NA,NA,NA,0,NA,NA,NA,NA,0,NA,NA,NA,NA,NA,NA,NA,NA,NA,NA,NA,NA,NA,NA,0,NA,NA,NA,NA,0,NA,NA,NA,NA,NA,NA,NA,NA,NA,0,NA,NA,NA,NA,NA,NA,NA,NA,NA,NA,NA,NA,NA,NA,0,NA,NA,NA,NA,0,NA,NA,NA,NA,NA,NA,NA,NA,NA,0,NA,NA,NA,NA,0,NA,NA,NA,NA,0,NA,NA,NA,NA,0,NA,NA,NA,NA,0,NA,NA,NA,NA,0,NA,NA,NA,NA,NA,NA,NA,NA,NA,0,NA,NA,NA,NA,0,NA,NA,NA,NA
M19 [Other Items],19.15,Albendazole 400 mg tablet,4. Stock Distributed,339196,NA,NA,NA,NA,3660,NA,NA,NA,NA,58100,NA,NA,NA,NA,17100,NA,NA,NA,NA,10000,NA,NA,NA,NA,9200,NA,NA,NA,NA,0,NA,NA,NA,NA,7100,NA,NA,NA,NA,NA,NA,NA,NA,NA,2136,NA,NA,NA,NA,4000,NA,NA,NA,NA,3100,NA,NA,NA,NA,2300,NA,NA,NA,NA,17500,NA,NA,NA,NA,NA,NA,NA,NA,NA,NA,NA,NA,NA,NA,0,NA,NA,NA,NA,21100,NA,NA,NA,NA,NA,NA,NA,NA,NA,10800,NA,NA,NA,NA,5200,NA,NA,NA,NA,48000,NA,NA,NA,NA,67700,NA,NA,NA,NA,21000,NA,NA,NA,NA,10000,NA,NA,NA,NA,NA,NA,NA,NA,NA,11000,NA,NA,NA,NA,10200,NA,NA,NA,NA
M19 [Other Items],19.15,Albendazole 400 mg tablet,5. Total Stock,4658474,NA,NA,NA,NA,41700,NA,NA,NA,NA,250800,NA,NA,NA,NA,226200,NA,NA,NA,NA,606410,NA,NA,NA,NA,350936,NA,NA,NA,NA,64900,NA,NA,NA,NA,155500,NA,NA,NA,NA,NA,NA,NA,NA,NA,313728,NA,NA,NA,NA,99500,NA,NA,NA,NA,263200,NA,NA,NA,NA,1200,NA,NA,NA,NA,156800,NA,NA,NA,NA,NA,NA,NA,NA,NA,NA,NA,NA,NA,NA,0,NA,NA,NA,NA,317900,NA,NA,NA,NA,NA,NA,NA,NA,NA,0,NA,NA,NA,NA,307000,NA,NA,NA,NA,210600,NA,NA,NA,NA,738600,NA,NA,NA,NA,62200,NA,NA,NA,NA,NA,NA,NA,NA,NA,NA,NA,NA,NA,NA,393500,NA,NA,NA,NA,97800,NA,NA,NA,NA
M19 [Other Items],19.16,Calcium Tablets,1. Balance From Previous Month,43939847,NA,NA,NA,NA,2466,NA,NA,NA,NA,1038990,NA,NA,NA,NA,1333040,NA,NA,NA,NA,0,NA,NA,NA,NA,1165220,NA,NA,NA,NA,3349760,NA,NA,NA,NA,0,NA,NA,NA,NA,NA,NA,NA,NA,NA,4477330,NA,NA,NA,NA,847970,NA,NA,NA,NA,0,NA,NA,NA,NA,50800,NA,NA,NA,NA,3407210,NA,NA,NA,NA,NA,NA,NA,NA,NA,NA,NA,NA,NA,NA,0,NA,NA,NA,NA,134,NA,NA,NA,NA,NA,NA,NA,NA,NA,0,NA,NA,NA,NA,4955420,NA,NA,NA,NA,0,NA,NA,NA,NA,13090290,NA,NA,NA,NA,1468750,NA,NA,NA,NA,1000,NA,NA,NA,NA,NA,NA,NA,NA,NA,4522320,NA,NA,NA,NA,4229147,NA,NA,NA,NA
M19 [Other Items],19.16,Calcium Tablets,2. Stocks Received,3094680,NA,NA,NA,NA,0,NA,NA,NA,NA,0,NA,NA,NA,NA,NA,NA,NA,NA,NA,0,NA,NA,NA,NA,0,NA,NA,NA,NA,NA,NA,NA,NA,NA,0,NA,NA,NA,NA,NA,NA,NA,NA,NA,NA,NA,NA,NA,NA,0,NA,NA,NA,NA,0,NA,NA,NA,NA,0,NA,NA,NA,NA,0,NA,NA,NA,NA,NA,NA,NA,NA,NA,NA,NA,NA,NA,NA,0,NA,NA,NA,NA,0,NA,NA,NA,NA,NA,NA,NA,NA,NA,0,NA,NA,NA,NA,0,NA,NA,NA,NA,0,NA,NA,NA,NA,0,NA,NA,NA,NA,201700,NA,NA,NA,NA,2892980,NA,NA,NA,NA,NA,NA,NA,NA,NA,0,NA,NA,NA,NA,0,NA,NA,NA,NA
M19 [Other Items],19.16,Calcium Tablets,3. Unusable Stock,0,NA,NA,NA,NA,0,NA,NA,NA,NA,NA,NA,NA,NA,NA,NA,NA,NA,NA,NA,NA,NA,NA,NA,NA,0,NA,NA,NA,NA,NA,NA,NA,NA,NA,0,NA,NA,NA,NA,NA,NA,NA,NA,NA,NA,NA,NA,NA,NA,0,NA,NA,NA,NA,0,NA,NA,NA,NA,NA,NA,NA,NA,NA,0,NA,NA,NA,NA,NA,NA,NA,NA,NA,NA,NA,NA,NA,NA,0,NA,NA,NA,NA,0,NA,NA,NA,NA,NA,NA,NA,NA,NA,0,NA,NA,NA,NA,0,NA,NA,NA,NA,0,NA,NA,NA,NA,0,NA,NA,NA,NA,0,NA,NA,NA,NA,0,NA,NA,NA,NA,NA,NA,NA,NA,NA,0,NA,NA,NA,NA,0,NA,NA,NA,NA
M19 [Other Items],19.16,Calcium Tablets,4. Stock Distributed,3522600,NA,NA,NA,NA,1900,NA,NA,NA,NA,485500,NA,NA,NA,NA,163600,NA,NA,NA,NA,0,NA,NA,NA,NA,123900,NA,NA,NA,NA,NA,NA,NA,NA,NA,0,NA,NA,NA,NA,NA,NA,NA,NA,NA,159200,NA,NA,NA,NA,71500,NA,NA,NA,NA,0,NA,NA,NA,NA,0,NA,NA,NA,NA,638700,NA,NA,NA,NA,NA,NA,NA,NA,NA,NA,NA,NA,NA,NA,0,NA,NA,NA,NA,0,NA,NA,NA,NA,NA,NA,NA,NA,NA,249700,NA,NA,NA,NA,101500,NA,NA,NA,NA,0,NA,NA,NA,NA,502500,NA,NA,NA,NA,248500,NA,NA,NA,NA,0,NA,NA,NA,NA,NA,NA,NA,NA,NA,232500,NA,NA,NA,NA,543600,NA,NA,NA,NA
M19 [Other Items],19.16,Calcium Tablets,5. Total Stock,40884147,NA,NA,NA,NA,566,NA,NA,NA,NA,553490,NA,NA,NA,NA,1169440,NA,NA,NA,NA,0,NA,NA,NA,NA,1041320,NA,NA,NA,NA,3349760,NA,NA,NA,NA,0,NA,NA,NA,NA,NA,NA,NA,NA,NA,4318130,NA,NA,NA,NA,776470,NA,NA,NA,NA,0,NA,NA,NA,NA,50800,NA,NA,NA,NA,2785010,NA,NA,NA,NA,NA,NA,NA,NA,NA,NA,NA,NA,NA,NA,0,NA,NA,NA,NA,134,NA,NA,NA,NA,NA,NA,NA,NA,NA,0,NA,NA,NA,NA,4853920,NA,NA,NA,NA,0,NA,NA,NA,NA,12587790,NA,NA,NA,NA,1421950,NA,NA,NA,NA,NA,NA,NA,NA,NA,NA,NA,NA,NA,NA,4289820,NA,NA,NA,NA,3685547,NA,NA,NA,NA
M20 [Syringes],20.1,Syringes - 0.1 ml (AD),1. Balance From Previous Month,34013,NA,NA,NA,NA,3100,NA,NA,NA,NA,3500,NA,NA,NA,NA,1100,NA,NA,NA,NA,850,NA,NA,NA,NA,0,NA,NA,NA,NA,2025,NA,NA,NA,NA,600,NA,NA,NA,NA,NA,NA,NA,NA,NA,1500,NA,NA,NA,NA,940,NA,NA,NA,NA,0,NA,NA,NA,NA,500,NA,NA,NA,NA,0,NA,NA,NA,NA,3490,NA,NA,NA,NA,3090,NA,NA,NA,NA,25,NA,NA,NA,NA,1640,NA,NA,NA,NA,600,NA,NA,NA,NA,2100,NA,NA,NA,NA,0,NA,NA,NA,NA,1050,NA,NA,NA,NA,0,NA,NA,NA,NA,1150,NA,NA,NA,NA,180,NA,NA,NA,NA,1773,NA,NA,NA,NA,4800,NA,NA,NA,NA,0,NA,NA,NA,NA
M20 [Syringes],20.1,Syringes - 0.1 ml (AD),2. Stocks Received,242350,NA,NA,NA,NA,10000,NA,NA,NA,NA,21000,NA,NA,NA,NA,8600,NA,NA,NA,NA,27000,NA,NA,NA,NA,5400,NA,NA,NA,NA,12000,NA,NA,NA,NA,0,NA,NA,NA,NA,NA,NA,NA,NA,NA,14800,NA,NA,NA,NA,0,NA,NA,NA,NA,13000,NA,NA,NA,NA,13400,NA,NA,NA,NA,12000,NA,NA,NA,NA,0,NA,NA,NA,NA,13600,NA,NA,NA,NA,16000,NA,NA,NA,NA,12000,NA,NA,NA,NA,14400,NA,NA,NA,NA,11000,NA,NA,NA,NA,0,NA,NA,NA,NA,14000,NA,NA,NA,NA,NA,NA,NA,NA,NA,8000,NA,NA,NA,NA,0,NA,NA,NA,NA,6000,NA,NA,NA,NA,10000,NA,NA,NA,NA,150,NA,NA,NA,NA
M20 [Syringes],20.1,Syringes - 0.1 ml (AD),3. Unusable Stock,0,NA,NA,NA,NA,0,NA,NA,NA,NA,NA,NA,NA,NA,NA,NA,NA,NA,NA,NA,NA,NA,NA,NA,NA,0,NA,NA,NA,NA,0,NA,NA,NA,NA,0,NA,NA,NA,NA,NA,NA,NA,NA,NA,NA,NA,NA,NA,NA,0,NA,NA,NA,NA,0,NA,NA,NA,NA,NA,NA,NA,NA,NA,0,NA,NA,NA,NA,NA,NA,NA,NA,NA,0,NA,NA,NA,NA,0,NA,NA,NA,NA,0,NA,NA,NA,NA,0,NA,NA,NA,NA,0,NA,NA,NA,NA,0,NA,NA,NA,NA,0,NA,NA,NA,NA,0,NA,NA,NA,NA,0,NA,NA,NA,NA,0,NA,NA,NA,NA,0,NA,NA,NA,NA,0,NA,NA,NA,NA,NA,NA,NA,NA,NA
M20 [Syringes],20.1,Syringes - 0.1 ml (AD),4. Stock Distributed,94145,NA,NA,NA,NA,1800,NA,NA,NA,NA,2040,NA,NA,NA,NA,4500,NA,NA,NA,NA,11850,NA,NA,NA,NA,4400,NA,NA,NA,NA,1720,NA,NA,NA,NA,600,NA,NA,NA,NA,NA,NA,NA,NA,NA,6400,NA,NA,NA,NA,400,NA,NA,NA,NA,3500,NA,NA,NA,NA,8200,NA,NA,NA,NA,4400,NA,NA,NA,NA,2310,NA,NA,NA,NA,5500,NA,NA,NA,NA,7800,NA,NA,NA,NA,4165,NA,NA,NA,NA,2000,NA,NA,NA,NA,4400,NA,NA,NA,NA,0,NA,NA,NA,NA,3700,NA,NA,NA,NA,NA,NA,NA,NA,NA,4100,NA,NA,NA,NA,100,NA,NA,NA,NA,7310,NA,NA,NA,NA,2900,NA,NA,NA,NA,50,NA,NA,NA,NA
M20 [Syringes],20.1,Syringes - 0.1 ml (AD),5. Total Stock,182218,NA,NA,NA,NA,11300,NA,NA,NA,NA,22460,NA,NA,NA,NA,5200,NA,NA,NA,NA,16000,NA,NA,NA,NA,1000,NA,NA,NA,NA,12305,NA,NA,NA,NA,0,NA,NA,NA,NA,0,NA,NA,NA,NA,9900,NA,NA,NA,NA,540,NA,NA,NA,NA,9500,NA,NA,NA,NA,5700,NA,NA,NA,NA,7600,NA,NA,NA,NA,1180,NA,NA,NA,NA,11190,NA,NA,NA,NA,8225,NA,NA,NA,NA,9475,NA,NA,NA,NA,13000,NA,NA,NA,NA,8700,NA,NA,NA,NA,0,NA,NA,NA,NA,11350,NA,NA,NA,NA,0,NA,NA,NA,NA,5050,NA,NA,NA,NA,80,NA,NA,NA,NA,463,NA,NA,NA,NA,11900,NA,NA,NA,NA,100,NA,NA,NA,NA
M20 [Syringes],20.2,Syringes - 0.5 ml (AD),1. Balance From Previous Month,3406833,NA,NA,NA,NA,47800,NA,NA,NA,NA,56700,NA,NA,NA,NA,108300,NA,NA,NA,NA,15800,NA,NA,NA,NA,143000,NA,NA,NA,NA,32000,NA,NA,NA,NA,418000,NA,NA,NA,NA,NA,NA,NA,NA,NA,57580,NA,NA,NA,NA,58200,NA,NA,NA,NA,71400,NA,NA,NA,NA,271600,NA,NA,NA,NA,19000,NA,NA,NA,NA,310710,NA,NA,NA,NA,27200,NA,NA,NA,NA,77800,NA,NA,NA,NA,407000,NA,NA,NA,NA,120500,NA,NA,NA,NA,38000,NA,NA,NA,NA,0,NA,NA,NA,NA,30000,NA,NA,NA,NA,53762,NA,NA,NA,NA,335280,NA,NA,NA,NA,84201,NA,NA,NA,NA,80580,NA,NA,NA,NA,422420,NA,NA,NA,NA,120000,NA,NA,NA,NA
M20 [Syringes],20.2,Syringes - 0.5 ml (AD),2. Stocks Received,241000,NA,NA,NA,NA,0,NA,NA,NA,NA,72000,NA,NA,NA,NA,32000,NA,NA,NA,NA,40000,NA,NA,NA,NA,0,NA,NA,NA,NA,32000,NA,NA,NA,NA,0,NA,NA,NA,NA,NA,NA,NA,NA,NA,6000,NA,NA,NA,NA,0,NA,NA,NA,NA,5000,NA,NA,NA,NA,0,NA,NA,NA,NA,0,NA,NA,NA,NA,0,NA,NA,NA,NA,30000,NA,NA,NA,NA,0,NA,NA,NA,NA,0,NA,NA,NA,NA,0,NA,NA,NA,NA,0,NA,NA,NA,NA,0,NA,NA,NA,NA,0,NA,NA,NA,NA,NA,NA,NA,NA,NA,0,NA,NA,NA,NA,0,NA,NA,NA,NA,0,NA,NA,NA,NA,24000,NA,NA,NA,NA,0,NA,NA,NA,NA
M20 [Syringes],20.2,Syringes - 0.5 ml (AD),3. Unusable Stock,0,NA,NA,NA,NA,0,NA,NA,NA,NA,NA,NA,NA,NA,NA,NA,NA,NA,NA,NA,NA,NA,NA,NA,NA,0,NA,NA,NA,NA,0,NA,NA,NA,NA,0,NA,NA,NA,NA,NA,NA,NA,NA,NA,NA,NA,NA,NA,NA,0,NA,NA,NA,NA,0,NA,NA,NA,NA,NA,NA,NA,NA,NA,0,NA,NA,NA,NA,NA,NA,NA,NA,NA,0,NA,NA,NA,NA,0,NA,NA,NA,NA,0,NA,NA,NA,NA,0,NA,NA,NA,NA,0,NA,NA,NA,NA,0,NA,NA,NA,NA,0,NA,NA,NA,NA,0,NA,NA,NA,NA,0,NA,NA,NA,NA,0,NA,NA,NA,NA,0,NA,NA,NA,NA,0,NA,NA,NA,NA,NA,NA,NA,NA,NA
M20 [Syringes],20.2,Syringes - 0.5 ml (AD),4. Stock Distributed,275790,NA,NA,NA,NA,19800,NA,NA,NA,NA,20000,NA,NA,NA,NA,NA,NA,NA,NA,NA,34000,NA,NA,NA,NA,5400,NA,NA,NA,NA,2000,NA,NA,NA,NA,12000,NA,NA,NA,NA,NA,NA,NA,NA,NA,22600,NA,NA,NA,NA,0,NA,NA,NA,NA,0,NA,NA,NA,NA,28000,NA,NA,NA,NA,7000,NA,NA,NA,NA,9300,NA,NA,NA,NA,2000,NA,NA,NA,NA,29000,NA,NA,NA,NA,8000,NA,NA,NA,NA,0,NA,NA,NA,NA,0,NA,NA,NA,NA,0,NA,NA,NA,NA,4200,NA,NA,NA,NA,NA,NA,NA,NA,NA,2000,NA,NA,NA,NA,8400,NA,NA,NA,NA,28090,NA,NA,NA,NA,32000,NA,NA,NA,NA,2000,NA,NA,NA,NA
M20 [Syringes],20.2,Syringes - 0.5 ml (AD),5. Total Stock,3372043,NA,NA,NA,NA,28000,NA,NA,NA,NA,108700,NA,NA,NA,NA,140300,NA,NA,NA,NA,21800,NA,NA,NA,NA,137600,NA,NA,NA,NA,62000,NA,NA,NA,NA,406000,NA,NA,NA,NA,0,NA,NA,NA,NA,40980,NA,NA,NA,NA,58200,NA,NA,NA,NA,76400,NA,NA,NA,NA,243600,NA,NA,NA,NA,12000,NA,NA,NA,NA,301410,NA,NA,NA,NA,55200,NA,NA,NA,NA,48800,NA,NA,NA,NA,399000,NA,NA,NA,NA,120500,NA,NA,NA,NA,38000,NA,NA,NA,NA,0,NA,NA,NA,NA,25800,NA,NA,NA,NA,53762,NA,NA,NA,NA,333280,NA,NA,NA,NA,75801,NA,NA,NA,NA,52490,NA,NA,NA,NA,414420,NA,NA,NA,NA,118000,NA,NA,NA,NA
M20 [Syringes],20.3,Syringes - 5.0 ml (Disposable),1. Balance From Previous Month,2715649,NA,NA,NA,NA,10200,NA,NA,NA,NA,51864,NA,NA,NA,NA,13100,NA,NA,NA,NA,23500,NA,NA,NA,NA,2200,NA,NA,NA,NA,133180,NA,NA,NA,NA,0,NA,NA,NA,NA,NA,NA,NA,NA,NA,70900,NA,NA,NA,NA,3247,NA,NA,NA,NA,1500,NA,NA,NA,NA,5070,NA,NA,NA,NA,1600,NA,NA,NA,NA,33260,NA,NA,NA,NA,0,NA,NA,NA,NA,0,NA,NA,NA,NA,1000,NA,NA,NA,NA,2100,NA,NA,NA,NA,0,NA,NA,NA,NA,222250,NA,NA,NA,NA,36380,NA,NA,NA,NA,2047700,NA,NA,NA,NA,11476,NA,NA,NA,NA,40350,NA,NA,NA,NA,0,NA,NA,NA,NA,2372,NA,NA,NA,NA,2400,NA,NA,NA,NA
M20 [Syringes],20.3,Syringes - 5.0 ml (Disposable),2. Stocks Received,102400,NA,NA,NA,NA,3800,NA,NA,NA,NA,16000,NA,NA,NA,NA,3200,NA,NA,NA,NA,0,NA,NA,NA,NA,6400,NA,NA,NA,NA,8800,NA,NA,NA,NA,1600,NA,NA,NA,NA,NA,NA,NA,NA,NA,NA,NA,NA,NA,NA,0,NA,NA,NA,NA,5000,NA,NA,NA,NA,5000,NA,NA,NA,NA,4800,NA,NA,NA,NA,0,NA,NA,NA,NA,10600,NA,NA,NA,NA,12000,NA,NA,NA,NA,4600,NA,NA,NA,NA,0,NA,NA,NA,NA,4200,NA,NA,NA,NA,0,NA,NA,NA,NA,0,NA,NA,NA,NA,NA,NA,NA,NA,NA,6400,NA,NA,NA,NA,0,NA,NA,NA,NA,4000,NA,NA,NA,NA,6000,NA,NA,NA,NA,0,NA,NA,NA,NA
M20 [Syringes],20.3,Syringes - 5.0 ml (Disposable),3. Unusable Stock,0,NA,NA,NA,NA,0,NA,NA,NA,NA,NA,NA,NA,NA,NA,NA,NA,NA,NA,NA,NA,NA,NA,NA,NA,0,NA,NA,NA,NA,0,NA,NA,NA,NA,0,NA,NA,NA,NA,NA,NA,NA,NA,NA,NA,NA,NA,NA,NA,0,NA,NA,NA,NA,0,NA,NA,NA,NA,NA,NA,NA,NA,NA,0,NA,NA,NA,NA,NA,NA,NA,NA,NA,0,NA,NA,NA,NA,0,NA,NA,NA,NA,0,NA,NA,NA,NA,0,NA,NA,NA,NA,0,NA,NA,NA,NA,0,NA,NA,NA,NA,0,NA,NA,NA,NA,0,NA,NA,NA,NA,0,NA,NA,NA,NA,0,NA,NA,NA,NA,0,NA,NA,NA,NA,0,NA,NA,NA,NA,NA,NA,NA,NA,NA
M20 [Syringes],20.3,Syringes - 5.0 ml (Disposable),4. Stock Distributed,195105,NA,NA,NA,NA,5100,NA,NA,NA,NA,50700,NA,NA,NA,NA,2100,NA,NA,NA,NA,0,NA,NA,NA,NA,1500,NA,NA,NA,NA,900,NA,NA,NA,NA,1000,NA,NA,NA,NA,NA,NA,NA,NA,NA,11800,NA,NA,NA,NA,0,NA,NA,NA,NA,1100,NA,NA,NA,NA,4400,NA,NA,NA,NA,3200,NA,NA,NA,NA,33100,NA,NA,NA,NA,2200,NA,NA,NA,NA,4400,NA,NA,NA,NA,2755,NA,NA,NA,NA,1000,NA,NA,NA,NA,2800,NA,NA,NA,NA,18800,NA,NA,NA,NA,10100,NA,NA,NA,NA,NA,NA,NA,NA,NA,4000,NA,NA,NA,NA,27200,NA,NA,NA,NA,3450,NA,NA,NA,NA,2400,NA,NA,NA,NA,1100,NA,NA,NA,NA
M20 [Syringes],20.3,Syringes - 5.0 ml (Disposable),5. Total Stock,2622944,NA,NA,NA,NA,8900,NA,NA,NA,NA,17164,NA,NA,NA,NA,14200,NA,NA,NA,NA,23500,NA,NA,NA,NA,7100,NA,NA,NA,NA,141080,NA,NA,NA,NA,600,NA,NA,NA,NA,0,NA,NA,NA,NA,59100,NA,NA,NA,NA,3247,NA,NA,NA,NA,5400,NA,NA,NA,NA,5670,NA,NA,NA,NA,3200,NA,NA,NA,NA,160,NA,NA,NA,NA,8400,NA,NA,NA,NA,7600,NA,NA,NA,NA,2845,NA,NA,NA,NA,1100,NA,NA,NA,NA,1400,NA,NA,NA,NA,203450,NA,NA,NA,NA,26280,NA,NA,NA,NA,2047700,NA,NA,NA,NA,13876,NA,NA,NA,NA,13150,NA,NA,NA,NA,550,NA,NA,NA,NA,5972,NA,NA,NA,NA,1300,NA,NA,NA,NA
M21 [Rashtriya Bal Swasthaya Karyakram (RBSK)],21.1,Number of newborn screened for defects at birth (as per RBSK),TOTAL,53909,NA,NA,NA,NA,7,NA,NA,NA,NA,443,NA,NA,NA,NA,21621,NA,NA,NA,NA,2469,NA,NA,NA,NA,3,NA,NA,NA,NA,865,NA,NA,NA,NA,1055,NA,NA,NA,NA,3445,NA,NA,NA,NA,425,NA,NA,NA,NA,223,NA,NA,NA,NA,1466,NA,NA,NA,NA,780,NA,NA,NA,NA,718,NA,NA,NA,NA,1203,NA,NA,NA,NA,619,NA,NA,NA,NA,1007,NA,NA,NA,NA,525,NA,NA,NA,NA,2531,NA,NA,NA,NA,0,NA,NA,NA,NA,935,NA,NA,NA,NA,15,NA,NA,NA,NA,6963,NA,NA,NA,NA,239,NA,NA,NA,NA,2461,NA,NA,NA,NA,1545,NA,NA,NA,NA,958,NA,NA,NA,NA,1388,NA,NA,NA,NA
M21 [Rashtriya Bal Swasthaya Karyakram (RBSK)],21.2,Number of children (6 month to 6 years) screened by RBSK mobile health teams at Anganwadi center,TOTAL,415494,NA,NA,NA,NA,15902,NA,NA,NA,NA,22686,NA,NA,NA,NA,18086,NA,NA,NA,NA,20052,NA,NA,NA,NA,5103,NA,NA,NA,NA,5390,NA,NA,NA,NA,14971,NA,NA,NA,NA,26427,NA,NA,NA,NA,10325,NA,NA,NA,NA,1427,NA,NA,NA,NA,22336,NA,NA,NA,NA,11676,NA,NA,NA,NA,10201,NA,NA,NA,NA,18068,NA,NA,NA,NA,8655,NA,NA,NA,NA,30275,NA,NA,NA,NA,21984,NA,NA,NA,NA,10222,NA,NA,NA,NA,13458,NA,NA,NA,NA,19766,NA,NA,NA,NA,5626,NA,NA,NA,NA,51586,NA,NA,NA,NA,14383,NA,NA,NA,NA,11297,NA,NA,NA,NA,9740,NA,NA,NA,NA,8591,NA,NA,NA,NA,7261,NA,NA,NA,NA
M21 [Rashtriya Bal Swasthaya Karyakram (RBSK)],21.3,Number of children (6 years to 18 years) screened by RBSK mobile health teams at Govt and Govt aided schools,TOTAL,137722,NA,NA,NA,NA,4527,NA,NA,NA,NA,4023,NA,NA,NA,NA,3535,NA,NA,NA,NA,10821,NA,NA,NA,NA,2557,NA,NA,NA,NA,4253,NA,NA,NA,NA,1910,NA,NA,NA,NA,12431,NA,NA,NA,NA,2710,NA,NA,NA,NA,977,NA,NA,NA,NA,11782,NA,NA,NA,NA,6066,NA,NA,NA,NA,5366,NA,NA,NA,NA,8480,NA,NA,NA,NA,6847,NA,NA,NA,NA,6699,NA,NA,NA,NA,0,NA,NA,NA,NA,7090,NA,NA,NA,NA,3258,NA,NA,NA,NA,502,NA,NA,NA,NA,2863,NA,NA,NA,NA,9948,NA,NA,NA,NA,6131,NA,NA,NA,NA,2721,NA,NA,NA,NA,3558,NA,NA,NA,NA,7151,NA,NA,NA,NA,1516,NA,NA,NA,NA
M21 [Rashtriya Bal Swasthaya Karyakram (RBSK)],21.4.1.a,Number of Male children identified with Disease,TOTAL,2334,NA,NA,NA,NA,65,NA,NA,NA,NA,63,NA,NA,NA,NA,240,NA,NA,NA,NA,392,NA,NA,NA,NA,27,NA,NA,NA,NA,118,NA,NA,NA,NA,126,NA,NA,NA,NA,122,NA,NA,NA,NA,34,NA,NA,NA,NA,32,NA,NA,NA,NA,64,NA,NA,NA,NA,18,NA,NA,NA,NA,120,NA,NA,NA,NA,156,NA,NA,NA,NA,85,NA,NA,NA,NA,23,NA,NA,NA,NA,33,NA,NA,NA,NA,50,NA,NA,NA,NA,43,NA,NA,NA,NA,51,NA,NA,NA,NA,90,NA,NA,NA,NA,169,NA,NA,NA,NA,31,NA,NA,NA,NA,15,NA,NA,NA,NA,6,NA,NA,NA,NA,148,NA,NA,NA,NA,13,NA,NA,NA,NA
M21 [Rashtriya Bal Swasthaya Karyakram (RBSK)],21.4.1.b,Number of Female children identified with Disease,TOTAL,2556,NA,NA,NA,NA,43,NA,NA,NA,NA,71,NA,NA,NA,NA,245,NA,NA,NA,NA,531,NA,NA,NA,NA,20,NA,NA,NA,NA,97,NA,NA,NA,NA,197,NA,NA,NA,NA,132,NA,NA,NA,NA,30,NA,NA,NA,NA,33,NA,NA,NA,NA,76,NA,NA,NA,NA,15,NA,NA,NA,NA,107,NA,NA,NA,NA,132,NA,NA,NA,NA,86,NA,NA,NA,NA,36,NA,NA,NA,NA,36,NA,NA,NA,NA,66,NA,NA,NA,NA,43,NA,NA,NA,NA,71,NA,NA,NA,NA,73,NA,NA,NA,NA,214,NA,NA,NA,NA,25,NA,NA,NA,NA,11,NA,NA,NA,NA,5,NA,NA,NA,NA,150,NA,NA,NA,NA,11,NA,NA,NA,NA
M21 [Rashtriya Bal Swasthaya Karyakram (RBSK)],21.4.2.a,Number of Male children identified with Deficiency,TOTAL,251,NA,NA,NA,NA,10,NA,NA,NA,NA,17,NA,NA,NA,NA,4,NA,NA,NA,NA,36,NA,NA,NA,NA,1,NA,NA,NA,NA,7,NA,NA,NA,NA,2,NA,NA,NA,NA,4,NA,NA,NA,NA,7,NA,NA,NA,NA,0,NA,NA,NA,NA,5,NA,NA,NA,NA,9,NA,NA,NA,NA,7,NA,NA,NA,NA,16,NA,NA,NA,NA,15,NA,NA,NA,NA,1,NA,NA,NA,NA,28,NA,NA,NA,NA,12,NA,NA,NA,NA,3,NA,NA,NA,NA,3,NA,NA,NA,NA,8,NA,NA,NA,NA,27,NA,NA,NA,NA,6,NA,NA,NA,NA,4,NA,NA,NA,NA,5,NA,NA,NA,NA,11,NA,NA,NA,NA,3,NA,NA,NA,NA
M21 [Rashtriya Bal Swasthaya Karyakram (RBSK)],21.4.2.b,Number of Female children identified with Deficiency,TOTAL,305,NA,NA,NA,NA,15,NA,NA,NA,NA,19,NA,NA,NA,NA,1,NA,NA,NA,NA,49,NA,NA,NA,NA,1,NA,NA,NA,NA,3,NA,NA,NA,NA,2,NA,NA,NA,NA,5,NA,NA,NA,NA,9,NA,NA,NA,NA,0,NA,NA,NA,NA,7,NA,NA,NA,NA,8,NA,NA,NA,NA,7,NA,NA,NA,NA,22,NA,NA,NA,NA,2,NA,NA,NA,NA,5,NA,NA,NA,NA,31,NA,NA,NA,NA,14,NA,NA,NA,NA,2,NA,NA,NA,NA,8,NA,NA,NA,NA,10,NA,NA,NA,NA,46,NA,NA,NA,NA,13,NA,NA,NA,NA,3,NA,NA,NA,NA,8,NA,NA,NA,NA,14,NA,NA,NA,NA,1,NA,NA,NA,NA
M21 [Rashtriya Bal Swasthaya Karyakram (RBSK)],21.4.3.a,Number of Male children identified with Developmental delay,TOTAL,562,NA,NA,NA,NA,15,NA,NA,NA,NA,7,NA,NA,NA,NA,72,NA,NA,NA,NA,51,NA,NA,NA,NA,3,NA,NA,NA,NA,31,NA,NA,NA,NA,11,NA,NA,NA,NA,22,NA,NA,NA,NA,3,NA,NA,NA,NA,4,NA,NA,NA,NA,22,NA,NA,NA,NA,25,NA,NA,NA,NA,12,NA,NA,NA,NA,21,NA,NA,NA,NA,17,NA,NA,NA,NA,11,NA,NA,NA,NA,6,NA,NA,NA,NA,11,NA,NA,NA,NA,21,NA,NA,NA,NA,13,NA,NA,NA,NA,38,NA,NA,NA,NA,60,NA,NA,NA,NA,14,NA,NA,NA,NA,6,NA,NA,NA,NA,18,NA,NA,NA,NA,31,NA,NA,NA,NA,17,NA,NA,NA,NA
M21 [Rashtriya Bal Swasthaya Karyakram (RBSK)],21.4.3.b,Number of Female children identified with Developmental delay,TOTAL,525,NA,NA,NA,NA,17,NA,NA,NA,NA,7,NA,NA,NA,NA,51,NA,NA,NA,NA,56,NA,NA,NA,NA,4,NA,NA,NA,NA,40,NA,NA,NA,NA,6,NA,NA,NA,NA,22,NA,NA,NA,NA,8,NA,NA,NA,NA,6,NA,NA,NA,NA,26,NA,NA,NA,NA,16,NA,NA,NA,NA,8,NA,NA,NA,NA,33,NA,NA,NA,NA,16,NA,NA,NA,NA,7,NA,NA,NA,NA,5,NA,NA,NA,NA,15,NA,NA,NA,NA,21,NA,NA,NA,NA,10,NA,NA,NA,NA,24,NA,NA,NA,NA,59,NA,NA,NA,NA,15,NA,NA,NA,NA,5,NA,NA,NA,NA,10,NA,NA,NA,NA,31,NA,NA,NA,NA,7,NA,NA,NA,NA
M21 [Rashtriya Bal Swasthaya Karyakram (RBSK)],21.5.1,Number of Children Managed by Intervention - Medical,TOTAL,5822,NA,NA,NA,NA,111,NA,NA,NA,NA,167,NA,NA,NA,NA,569,NA,NA,NA,NA,779,NA,NA,NA,NA,66,NA,NA,NA,NA,185,NA,NA,NA,NA,336,NA,NA,NA,NA,249,NA,NA,NA,NA,96,NA,NA,NA,NA,64,NA,NA,NA,NA,211,NA,NA,NA,NA,49,NA,NA,NA,NA,157,NA,NA,NA,NA,373,NA,NA,NA,NA,135,NA,NA,NA,NA,51,NA,NA,NA,NA,134,NA,NA,NA,NA,129,NA,NA,NA,NA,100,NA,NA,NA,NA,165,NA,NA,NA,NA,35,NA,NA,NA,NA,960,NA,NA,NA,NA,245,NA,NA,NA,NA,37,NA,NA,NA,NA,NA,NA,NA,NA,NA,362,NA,NA,NA,NA,57,NA,NA,NA,NA
M21 [Rashtriya Bal Swasthaya Karyakram (RBSK)],21.5.2,Number of Children Managed by Intervention - Surgical,TOTAL,93,NA,NA,NA,NA,3,NA,NA,NA,NA,1,NA,NA,NA,NA,0,NA,NA,NA,NA,4,NA,NA,NA,NA,18,NA,NA,NA,NA,0,NA,NA,NA,NA,7,NA,NA,NA,NA,0,NA,NA,NA,NA,4,NA,NA,NA,NA,0,NA,NA,NA,NA,2,NA,NA,NA,NA,2,NA,NA,NA,NA,0,NA,NA,NA,NA,14,NA,NA,NA,NA,4,NA,NA,NA,NA,17,NA,NA,NA,NA,0,NA,NA,NA,NA,1,NA,NA,NA,NA,0,NA,NA,NA,NA,1,NA,NA,NA,NA,0,NA,NA,NA,NA,14,NA,NA,NA,NA,0,NA,NA,NA,NA,0,NA,NA,NA,NA,NA,NA,NA,NA,NA,1,NA,NA,NA,NA,NA,NA,NA,NA,NA
M21 [Rashtriya Bal Swasthaya Karyakram (RBSK)],21.5.3,Early intervention at DEIC ( District Early Intervention Centre),TOTAL,138,NA,NA,NA,NA,0,NA,NA,NA,NA,0,NA,NA,NA,NA,4,NA,NA,NA,NA,0,NA,NA,NA,NA,0,NA,NA,NA,NA,41,NA,NA,NA,NA,0,NA,NA,NA,NA,0,NA,NA,NA,NA,NA,NA,NA,NA,NA,0,NA,NA,NA,NA,14,NA,NA,NA,NA,26,NA,NA,NA,NA,0,NA,NA,NA,NA,0,NA,NA,NA,NA,51,NA,NA,NA,NA,0,NA,NA,NA,NA,0,NA,NA,NA,NA,0,NA,NA,NA,NA,0,NA,NA,NA,NA,2,NA,NA,NA,NA,0,NA,NA,NA,NA,0,NA,NA,NA,NA,0,NA,NA,NA,NA,0,NA,NA,NA,NA,NA,NA,NA,NA,NA,NA,NA,NA,NA,NA,NA,NA,NA,NA,NA
M22 [Adolscent Health],22.1.1.a,Girls (6th -12th class) provided 4 IFA tablets in schools,TOTAL,690557,NA,NA,NA,NA,17001,NA,NA,NA,NA,50693,NA,NA,NA,NA,22876,NA,NA,NA,NA,36680,NA,NA,NA,NA,11274,NA,NA,NA,NA,13605,NA,NA,NA,NA,24789,NA,NA,NA,NA,65932,NA,NA,NA,NA,24380,NA,NA,NA,NA,4512,NA,NA,NA,NA,31633,NA,NA,NA,NA,32901,NA,NA,NA,NA,15258,NA,NA,NA,NA,25431,NA,NA,NA,NA,27854,NA,NA,NA,NA,26469,NA,NA,NA,NA,1553,NA,NA,NA,NA,30308,NA,NA,NA,NA,11820,NA,NA,NA,NA,26100,NA,NA,NA,NA,0,NA,NA,NA,NA,98673,NA,NA,NA,NA,19239,NA,NA,NA,NA,24714,NA,NA,NA,NA,NA,NA,NA,NA,NA,27713,NA,NA,NA,NA,19149,NA,NA,NA,NA
M22 [Adolscent Health],22.1.1.b,Boys (6th -12th class) provided 4 IFA tablets in schools,TOTAL,668393,NA,NA,NA,NA,18886,NA,NA,NA,NA,32656,NA,NA,NA,NA,24135,NA,NA,NA,NA,36064,NA,NA,NA,NA,10880,NA,NA,NA,NA,12681,NA,NA,NA,NA,21655,NA,NA,NA,NA,63553,NA,NA,NA,NA,24756,NA,NA,NA,NA,4339,NA,NA,NA,NA,27913,NA,NA,NA,NA,30950,NA,NA,NA,NA,13171,NA,NA,NA,NA,25324,NA,NA,NA,NA,26302,NA,NA,NA,NA,27242,NA,NA,NA,NA,1622,NA,NA,NA,NA,35186,NA,NA,NA,NA,10676,NA,NA,NA,NA,25080,NA,NA,NA,NA,15570,NA,NA,NA,NA,89876,NA,NA,NA,NA,21212,NA,NA,NA,NA,24153,NA,NA,NA,NA,NA,NA,NA,NA,NA,26903,NA,NA,NA,NA,17608,NA,NA,NA,NA
M22 [Adolscent Health],22.1.2.a,Girls (6th -12th class) provided albendazole in schools,TOTAL,26149,NA,NA,NA,NA,0,NA,NA,NA,NA,0,NA,NA,NA,NA,NA,NA,NA,NA,NA,0,NA,NA,NA,NA,0,NA,NA,NA,NA,0,NA,NA,NA,NA,0,NA,NA,NA,NA,0,NA,NA,NA,NA,NA,NA,NA,NA,NA,0,NA,NA,NA,NA,NA,NA,NA,NA,NA,0,NA,NA,NA,NA,150,NA,NA,NA,NA,0,NA,NA,NA,NA,1469,NA,NA,NA,NA,0,NA,NA,NA,NA,0,NA,NA,NA,NA,11879,NA,NA,NA,NA,0,NA,NA,NA,NA,0,NA,NA,NA,NA,12651,NA,NA,NA,NA,NA,NA,NA,NA,NA,0,NA,NA,NA,NA,0,NA,NA,NA,NA,NA,NA,NA,NA,NA,NA,NA,NA,NA,NA,NA,NA,NA,NA,NA
M22 [Adolscent Health],22.1.2.b,Boys (6th -12th class) provided albendazole in schools,TOTAL,13631,NA,NA,NA,NA,0,NA,NA,NA,NA,0,NA,NA,NA,NA,NA,NA,NA,NA,NA,0,NA,NA,NA,NA,0,NA,NA,NA,NA,0,NA,NA,NA,NA,0,NA,NA,NA,NA,0,NA,NA,NA,NA,NA,NA,NA,NA,NA,0,NA,NA,NA,NA,NA,NA,NA,NA,NA,0,NA,NA,NA,NA,100,NA,NA,NA,NA,0,NA,NA,NA,NA,1365,NA,NA,NA,NA,0,NA,NA,NA,NA,0,NA,NA,NA,NA,12166,NA,NA,NA,NA,0,NA,NA,NA,NA,0,NA,NA,NA,NA,0,NA,NA,NA,NA,NA,NA,NA,NA,NA,0,NA,NA,NA,NA,0,NA,NA,NA,NA,NA,NA,NA,NA,NA,NA,NA,NA,NA,NA,NA,NA,NA,NA,NA
M22 [Adolscent Health],22.1.3,Number of out of school adolscent girls (10-19 years) provided 4 IFA tablets at Anganwadi Centres,TOTAL,123396,NA,NA,NA,NA,1310,NA,NA,NA,NA,4432,NA,NA,NA,NA,3645,NA,NA,NA,NA,17083,NA,NA,NA,NA,1225,NA,NA,NA,NA,9979,NA,NA,NA,NA,1124,NA,NA,NA,NA,6138,NA,NA,NA,NA,13899,NA,NA,NA,NA,947,NA,NA,NA,NA,3299,NA,NA,NA,NA,8099,NA,NA,NA,NA,634,NA,NA,NA,NA,3761,NA,NA,NA,NA,3105,NA,NA,NA,NA,2619,NA,NA,NA,NA,2987,NA,NA,NA,NA,7764,NA,NA,NA,NA,0,NA,NA,NA,NA,891,NA,NA,NA,NA,1789,NA,NA,NA,NA,NA,NA,NA,NA,NA,1057,NA,NA,NA,NA,0,NA,NA,NA,NA,NA,NA,NA,NA,NA,22709,NA,NA,NA,NA,4900,NA,NA,NA,NA
M22 [Adolscent Health],22.1.4,Number of out of school adolscent girls (10-19 years) provided albendazole at Anganwadi Centres,TOTAL,78589,NA,NA,NA,NA,0,NA,NA,NA,NA,0,NA,NA,NA,NA,NA,NA,NA,NA,NA,0,NA,NA,NA,NA,0,NA,NA,NA,NA,0,NA,NA,NA,NA,0,NA,NA,NA,NA,0,NA,NA,NA,NA,NA,NA,NA,NA,NA,0,NA,NA,NA,NA,NA,NA,NA,NA,NA,0,NA,NA,NA,NA,0,NA,NA,NA,NA,0,NA,NA,NA,NA,419,NA,NA,NA,NA,243,NA,NA,NA,NA,0,NA,NA,NA,NA,2257,NA,NA,NA,NA,6147,NA,NA,NA,NA,0,NA,NA,NA,NA,0,NA,NA,NA,NA,NA,NA,NA,NA,NA,0,NA,NA,NA,NA,69523,NA,NA,NA,NA,NA,NA,NA,NA,NA,NA,NA,NA,NA,NA,NA,NA,NA,NA,NA
M22 [Adolscent Health],22.2.1,Number of adolescent girls provided sanitary napkin packs,TOTAL,23761,NA,NA,NA,NA,0,NA,NA,NA,NA,2812,NA,NA,NA,NA,NA,NA,NA,NA,NA,0,NA,NA,NA,NA,0,NA,NA,NA,NA,0,NA,NA,NA,NA,0,NA,NA,NA,NA,NA,NA,NA,NA,NA,NA,NA,NA,NA,NA,0,NA,NA,NA,NA,NA,NA,NA,NA,NA,1162,NA,NA,NA,NA,622,NA,NA,NA,NA,NA,NA,NA,NA,NA,2010,NA,NA,NA,NA,0,NA,NA,NA,NA,NA,NA,NA,NA,NA,1663,NA,NA,NA,NA,0,NA,NA,NA,NA,0,NA,NA,NA,NA,0,NA,NA,NA,NA,15492,NA,NA,NA,NA,0,NA,NA,NA,NA,0,NA,NA,NA,NA,NA,NA,NA,NA,NA,NA,NA,NA,NA,NA,0,NA,NA,NA,NA
M22 [Adolscent Health],22.2.2,Number of sanitary napkin packs sold to adolescent girls,TOTAL,21369,NA,NA,NA,NA,0,NA,NA,NA,NA,3362,NA,NA,NA,NA,NA,NA,NA,NA,NA,0,NA,NA,NA,NA,0,NA,NA,NA,NA,0,NA,NA,NA,NA,3320,NA,NA,NA,NA,NA,NA,NA,NA,NA,NA,NA,NA,NA,NA,0,NA,NA,NA,NA,NA,NA,NA,NA,NA,1162,NA,NA,NA,NA,622,NA,NA,NA,NA,NA,NA,NA,NA,NA,142,NA,NA,NA,NA,0,NA,NA,NA,NA,NA,NA,NA,NA,NA,1700,NA,NA,NA,NA,0,NA,NA,NA,NA,0,NA,NA,NA,NA,0,NA,NA,NA,NA,11061,NA,NA,NA,NA,0,NA,NA,NA,NA,0,NA,NA,NA,NA,NA,NA,NA,NA,NA,NA,NA,NA,NA,NA,0,NA,NA,NA,NA
M22 [Adolscent Health],22.2.3,Number of sanitary napkin packs distributed free to ASHA,TOTAL,13894,NA,NA,NA,NA,0,NA,NA,NA,NA,763,NA,NA,NA,NA,NA,NA,NA,NA,NA,0,NA,NA,NA,NA,0,NA,NA,NA,NA,0,NA,NA,NA,NA,1658,NA,NA,NA,NA,NA,NA,NA,NA,NA,NA,NA,NA,NA,NA,0,NA,NA,NA,NA,NA,NA,NA,NA,NA,80,NA,NA,NA,NA,31,NA,NA,NA,NA,NA,NA,NA,NA,NA,2450,NA,NA,NA,NA,0,NA,NA,NA,NA,NA,NA,NA,NA,NA,30,NA,NA,NA,NA,0,NA,NA,NA,NA,0,NA,NA,NA,NA,0,NA,NA,NA,NA,8882,NA,NA,NA,NA,0,NA,NA,NA,NA,0,NA,NA,NA,NA,NA,NA,NA,NA,NA,NA,NA,NA,NA,NA,0,NA,NA,NA,NA
M22 [Adolscent Health],22.2.4,Number of adolescent girls attended monthly meeting,TOTAL,549,NA,NA,NA,NA,0,NA,NA,NA,NA,46,NA,NA,NA,NA,NA,NA,NA,NA,NA,172,NA,NA,NA,NA,0,NA,NA,NA,NA,0,NA,NA,NA,NA,0,NA,NA,NA,NA,NA,NA,NA,NA,NA,NA,NA,NA,NA,NA,0,NA,NA,NA,NA,NA,NA,NA,NA,NA,3,NA,NA,NA,NA,5,NA,NA,NA,NA,NA,NA,NA,NA,NA,122,NA,NA,NA,NA,0,NA,NA,NA,NA,NA,NA,NA,NA,NA,201,NA,NA,NA,NA,0,NA,NA,NA,NA,0,NA,NA,NA,NA,0,NA,NA,NA,NA,NA,NA,NA,NA,NA,0,NA,NA,NA,NA,0,NA,NA,NA,NA,NA,NA,NA,NA,NA,NA,NA,NA,NA,NA,0,NA,NA,NA,NA
M23 [Coverage under WIFS JUNIOR (Weekly Iron Folic Acid Supplementation Programme for children 6 - 1,23.1,Number of children covered under WIFS JUNIOR (6 - 10 years ) provided 4-5 IFA tablets in schools,TOTAL,1392176,NA,NA,NA,NA,32587,NA,NA,NA,NA,63499,NA,NA,NA,NA,45187,NA,NA,NA,NA,94866,NA,NA,NA,NA,15215,NA,NA,NA,NA,75766,NA,NA,NA,NA,39885,NA,NA,NA,NA,144188,NA,NA,NA,NA,52691,NA,NA,NA,NA,9043,NA,NA,NA,NA,42750,NA,NA,NA,NA,67287,NA,NA,NA,NA,35850,NA,NA,NA,NA,52493,NA,NA,NA,NA,18544,NA,NA,NA,NA,53313,NA,NA,NA,NA,50341,NA,NA,NA,NA,76969,NA,NA,NA,NA,0,NA,NA,NA,NA,39928,NA,NA,NA,NA,21179,NA,NA,NA,NA,192420,NA,NA,NA,NA,32447,NA,NA,NA,NA,49851,NA,NA,NA,NA,NA,NA,NA,NA,NA,51724,NA,NA,NA,NA,34153,NA,NA,NA,NA
M23 [Coverage under WIFS JUNIOR (Weekly Iron Folic Acid Supplementation Programme for children 6 - 1,23.2,Number of children (6 - 10 years) provided albendazole in schools,TOTAL,93689,NA,NA,NA,NA,0,NA,NA,NA,NA,0,NA,NA,NA,NA,NA,NA,NA,NA,NA,0,NA,NA,NA,NA,0,NA,NA,NA,NA,0,NA,NA,NA,NA,0,NA,NA,NA,NA,0,NA,NA,NA,NA,NA,NA,NA,NA,NA,0,NA,NA,NA,NA,39451,NA,NA,NA,NA,750,NA,NA,NA,NA,1106,NA,NA,NA,NA,0,NA,NA,NA,NA,2451,NA,NA,NA,NA,5589,NA,NA,NA,NA,0,NA,NA,NA,NA,22943,NA,NA,NA,NA,0,NA,NA,NA,NA,0,NA,NA,NA,NA,415,NA,NA,NA,NA,NA,NA,NA,NA,NA,20984,NA,NA,NA,NA,0,NA,NA,NA,NA,NA,NA,NA,NA,NA,NA,NA,NA,NA,NA,NA,NA,NA,NA,NA
M23 [Coverage under WIFS JUNIOR (Weekly Iron Folic Acid Supplementation Programme for children 6 - 1,23.3,Number of out of school children (6-10 years) given 4-5 IFA tablets at Anganwadi Centres,TOTAL,72325,NA,NA,NA,NA,132,NA,NA,NA,NA,514,NA,NA,NA,NA,692,NA,NA,NA,NA,1675,NA,NA,NA,NA,525,NA,NA,NA,NA,0,NA,NA,NA,NA,0,NA,NA,NA,NA,2645,NA,NA,NA,NA,11250,NA,NA,NA,NA,0,NA,NA,NA,NA,NA,NA,NA,NA,NA,0,NA,NA,NA,NA,2344,NA,NA,NA,NA,2167,NA,NA,NA,NA,536,NA,NA,NA,NA,474,NA,NA,NA,NA,533,NA,NA,NA,NA,2531,NA,NA,NA,NA,0,NA,NA,NA,NA,3293,NA,NA,NA,NA,0,NA,NA,NA,NA,42872,NA,NA,NA,NA,142,NA,NA,NA,NA,0,NA,NA,NA,NA,NA,NA,NA,NA,NA,NA,NA,NA,NA,NA,0,NA,NA,NA,NA
M23 [Coverage under WIFS JUNIOR (Weekly Iron Folic Acid Supplementation Programme for children 6 - 1,23.4,Number of out of school children (6-10 years) provided albendazole at Anganwadi Centres,TOTAL,1654,NA,NA,NA,NA,0,NA,NA,NA,NA,165,NA,NA,NA,NA,NA,NA,NA,NA,NA,0,NA,NA,NA,NA,0,NA,NA,NA,NA,0,NA,NA,NA,NA,0,NA,NA,NA,NA,0,NA,NA,NA,NA,NA,NA,NA,NA,NA,0,NA,NA,NA,NA,NA,NA,NA,NA,NA,0,NA,NA,NA,NA,300,NA,NA,NA,NA,0,NA,NA,NA,NA,0,NA,NA,NA,NA,0,NA,NA,NA,NA,0,NA,NA,NA,NA,1189,NA,NA,NA,NA,0,NA,NA,NA,NA,0,NA,NA,NA,NA,0,NA,NA,NA,NA,NA,NA,NA,NA,NA,0,NA,NA,NA,NA,0,NA,NA,NA,NA,NA,NA,NA,NA,NA,NA,NA,NA,NA,NA,NA,NA,NA,NA,NA
M24 [Maternal Death Reviews (MDR) Done],24.1,Total Maternal Deaths Reviewed (MDR) by CMO,TOTAL,87,NA,NA,NA,NA,2,NA,NA,NA,NA,5,NA,NA,NA,NA,0,NA,NA,NA,NA,19,NA,NA,NA,NA,2,NA,NA,NA,NA,5,NA,NA,NA,NA,1,NA,NA,NA,NA,NA,NA,NA,NA,NA,0,NA,NA,NA,NA,3,NA,NA,NA,NA,0,NA,NA,NA,NA,1,NA,NA,NA,NA,6,NA,NA,NA,NA,2,NA,NA,NA,NA,2,NA,NA,NA,NA,0,NA,NA,NA,NA,0,NA,NA,NA,NA,4,NA,NA,NA,NA,20,NA,NA,NA,NA,0,NA,NA,NA,NA,0,NA,NA,NA,NA,0,NA,NA,NA,NA,0,NA,NA,NA,NA,0,NA,NA,NA,NA,12,NA,NA,NA,NA,3,NA,NA,NA,NA,NA,NA,NA,NA,NA
M24 [Maternal Death Reviews (MDR) Done],24.2,Total Maternal Deaths Reviewed (MDR) by DM,TOTAL,15,NA,NA,NA,NA,0,NA,NA,NA,NA,0,NA,NA,NA,NA,0,NA,NA,NA,NA,0,NA,NA,NA,NA,0,NA,NA,NA,NA,0,NA,NA,NA,NA,0,NA,NA,NA,NA,NA,NA,NA,NA,NA,0,NA,NA,NA,NA,0,NA,NA,NA,NA,0,NA,NA,NA,NA,1,NA,NA,NA,NA,6,NA,NA,NA,NA,0,NA,NA,NA,NA,0,NA,NA,NA,NA,0,NA,NA,NA,NA,0,NA,NA,NA,NA,0,NA,NA,NA,NA,0,NA,NA,NA,NA,0,NA,NA,NA,NA,0,NA,NA,NA,NA,0,NA,NA,NA,NA,0,NA,NA,NA,NA,6,NA,NA,NA,NA,0,NA,NA,NA,NA,2,NA,NA,NA,NA,NA,NA,NA,NA,NA
M24 [Maternal Death Reviews (MDR) Done],24.3,Number of maternal deaths reported through Community based Maternal Death Review (CBMDR),TOTAL,86,NA,NA,NA,NA,2,NA,NA,NA,NA,4,NA,NA,NA,NA,2,NA,NA,NA,NA,5,NA,NA,NA,NA,2,NA,NA,NA,NA,5,NA,NA,NA,NA,2,NA,NA,NA,NA,NA,NA,NA,NA,NA,5,NA,NA,NA,NA,3,NA,NA,NA,NA,0,NA,NA,NA,NA,1,NA,NA,NA,NA,3,NA,NA,NA,NA,0,NA,NA,NA,NA,0,NA,NA,NA,NA,0,NA,NA,NA,NA,1,NA,NA,NA,NA,7,NA,NA,NA,NA,20,NA,NA,NA,NA,0,NA,NA,NA,NA,0,NA,NA,NA,NA,10,NA,NA,NA,NA,0,NA,NA,NA,NA,2,NA,NA,NA,NA,9,NA,NA,NA,NA,3,NA,NA,NA,NA,NA,NA,NA,NA,NA
M25 [Janani Shishu Suraksha Karyakram (JSSK)],25.1.1,Number of Pregnant Women provided - Free Medicines under JSSK,TOTAL,32374,NA,NA,NA,NA,576,NA,NA,NA,NA,501,NA,NA,NA,NA,644,NA,NA,NA,NA,2467,NA,NA,NA,NA,96,NA,NA,NA,NA,1929,NA,NA,NA,NA,1136,NA,NA,NA,NA,1323,NA,NA,NA,NA,1229,NA,NA,NA,NA,171,NA,NA,NA,NA,1162,NA,NA,NA,NA,1920,NA,NA,NA,NA,1039,NA,NA,NA,NA,1259,NA,NA,NA,NA,2379,NA,NA,NA,NA,816,NA,NA,NA,NA,874,NA,NA,NA,NA,1814,NA,NA,NA,NA,568,NA,NA,NA,NA,925,NA,NA,NA,NA,2096,NA,NA,NA,NA,2880,NA,NA,NA,NA,818,NA,NA,NA,NA,1193,NA,NA,NA,NA,610,NA,NA,NA,NA,1675,NA,NA,NA,NA,274,NA,NA,NA,NA
M25 [Janani Shishu Suraksha Karyakram (JSSK)],25.1.2,Number of Pregnant Women provided - Free Diet under JSSK,TOTAL,18244,NA,NA,NA,NA,133,NA,NA,NA,NA,470,NA,NA,NA,NA,230,NA,NA,NA,NA,0,NA,NA,NA,NA,164,NA,NA,NA,NA,2589,NA,NA,NA,NA,579,NA,NA,NA,NA,NA,NA,NA,NA,NA,1119,NA,NA,NA,NA,115,NA,NA,NA,NA,555,NA,NA,NA,NA,1003,NA,NA,NA,NA,434,NA,NA,NA,NA,155,NA,NA,NA,NA,2442,NA,NA,NA,NA,447,NA,NA,NA,NA,345,NA,NA,NA,NA,357,NA,NA,NA,NA,512,NA,NA,NA,NA,617,NA,NA,NA,NA,784,NA,NA,NA,NA,2169,NA,NA,NA,NA,433,NA,NA,NA,NA,948,NA,NA,NA,NA,292,NA,NA,NA,NA,1334,NA,NA,NA,NA,18,NA,NA,NA,NA
M25 [Janani Shishu Suraksha Karyakram (JSSK)],25.1.3,Number of Pregnant Women provided - Free Diagnostics under JSSK,TOTAL,47417,NA,NA,NA,NA,1637,NA,NA,NA,NA,2127,NA,NA,NA,NA,889,NA,NA,NA,NA,3051,NA,NA,NA,NA,801,NA,NA,NA,NA,1901,NA,NA,NA,NA,914,NA,NA,NA,NA,2732,NA,NA,NA,NA,1241,NA,NA,NA,NA,292,NA,NA,NA,NA,1682,NA,NA,NA,NA,NA,NA,NA,NA,NA,1090,NA,NA,NA,NA,1758,NA,NA,NA,NA,1722,NA,NA,NA,NA,2442,NA,NA,NA,NA,1485,NA,NA,NA,NA,1941,NA,NA,NA,NA,1097,NA,NA,NA,NA,5928,NA,NA,NA,NA,1707,NA,NA,NA,NA,4126,NA,NA,NA,NA,807,NA,NA,NA,NA,1176,NA,NA,NA,NA,2295,NA,NA,NA,NA,1745,NA,NA,NA,NA,831,NA,NA,NA,NA
M25 [Janani Shishu Suraksha Karyakram (JSSK)],25.1.4,Number of Pregnant Women provided - Free Home to facility transport under JSSK,TOTAL,4932,NA,NA,NA,NA,208,NA,NA,NA,NA,52,NA,NA,NA,NA,178,NA,NA,NA,NA,58,NA,NA,NA,NA,27,NA,NA,NA,NA,1058,NA,NA,NA,NA,4,NA,NA,NA,NA,511,NA,NA,NA,NA,105,NA,NA,NA,NA,0,NA,NA,NA,NA,153,NA,NA,NA,NA,91,NA,NA,NA,NA,157,NA,NA,NA,NA,519,NA,NA,NA,NA,47,NA,NA,NA,NA,101,NA,NA,NA,NA,195,NA,NA,NA,NA,195,NA,NA,NA,NA,6,NA,NA,NA,NA,27,NA,NA,NA,NA,196,NA,NA,NA,NA,534,NA,NA,NA,NA,6,NA,NA,NA,NA,62,NA,NA,NA,NA,35,NA,NA,NA,NA,292,NA,NA,NA,NA,115,NA,NA,NA,NA
M25 [Janani Shishu Suraksha Karyakram (JSSK)],25.1.5,Number of Pregnant Women provided - Interfacility transfers when needed under JSSK,TOTAL,2119,NA,NA,NA,NA,82,NA,NA,NA,NA,0,NA,NA,NA,NA,28,NA,NA,NA,NA,150,NA,NA,NA,NA,6,NA,NA,NA,NA,451,NA,NA,NA,NA,7,NA,NA,NA,NA,112,NA,NA,NA,NA,68,NA,NA,NA,NA,0,NA,NA,NA,NA,62,NA,NA,NA,NA,60,NA,NA,NA,NA,109,NA,NA,NA,NA,43,NA,NA,NA,NA,50,NA,NA,NA,NA,57,NA,NA,NA,NA,98,NA,NA,NA,NA,142,NA,NA,NA,NA,12,NA,NA,NA,NA,99,NA,NA,NA,NA,57,NA,NA,NA,NA,175,NA,NA,NA,NA,14,NA,NA,NA,NA,34,NA,NA,NA,NA,74,NA,NA,NA,NA,61,NA,NA,NA,NA,68,NA,NA,NA,NA
M25 [Janani Shishu Suraksha Karyakram (JSSK)],25.1.6,Number of Pregnant Women provided - Free Drop Back home under JSSK,TOTAL,11321,NA,NA,NA,NA,186,NA,NA,NA,NA,246,NA,NA,NA,NA,134,NA,NA,NA,NA,1301,NA,NA,NA,NA,17,NA,NA,NA,NA,801,NA,NA,NA,NA,96,NA,NA,NA,NA,369,NA,NA,NA,NA,727,NA,NA,NA,NA,69,NA,NA,NA,NA,235,NA,NA,NA,NA,672,NA,NA,NA,NA,571,NA,NA,NA,NA,68,NA,NA,NA,NA,119,NA,NA,NA,NA,174,NA,NA,NA,NA,347,NA,NA,NA,NA,248,NA,NA,NA,NA,477,NA,NA,NA,NA,650,NA,NA,NA,NA,392,NA,NA,NA,NA,1078,NA,NA,NA,NA,373,NA,NA,NA,NA,283,NA,NA,NA,NA,681,NA,NA,NA,NA,825,NA,NA,NA,NA,182,NA,NA,NA,NA
M25 [Janani Shishu Suraksha Karyakram (JSSK)],25.2.1,Number of sick infants provided - Free Medicines under JSSK,TOTAL,16145,NA,NA,NA,NA,197,NA,NA,NA,NA,454,NA,NA,NA,NA,75,NA,NA,NA,NA,2005,NA,NA,NA,NA,96,NA,NA,NA,NA,844,NA,NA,NA,NA,1000,NA,NA,NA,NA,820,NA,NA,NA,NA,184,NA,NA,NA,NA,179,NA,NA,NA,NA,195,NA,NA,NA,NA,533,NA,NA,NA,NA,328,NA,NA,NA,NA,249,NA,NA,NA,NA,782,NA,NA,NA,NA,346,NA,NA,NA,NA,814,NA,NA,NA,NA,1174,NA,NA,NA,NA,570,NA,NA,NA,NA,652,NA,NA,NA,NA,962,NA,NA,NA,NA,1051,NA,NA,NA,NA,598,NA,NA,NA,NA,425,NA,NA,NA,NA,88,NA,NA,NA,NA,1397,NA,NA,NA,NA,127,NA,NA,NA,NA
M25 [Janani Shishu Suraksha Karyakram (JSSK)],25.2.2,Number of sick infants provided - Free Diagnostics under JSSK,TOTAL,3422,NA,NA,NA,NA,0,NA,NA,NA,NA,NA,NA,NA,NA,NA,NA,NA,NA,NA,NA,1239,NA,NA,NA,NA,0,NA,NA,NA,NA,0,NA,NA,NA,NA,NA,NA,NA,NA,NA,NA,NA,NA,NA,NA,546,NA,NA,NA,NA,0,NA,NA,NA,NA,NA,NA,NA,NA,NA,NA,NA,NA,NA,NA,116,NA,NA,NA,NA,92,NA,NA,NA,NA,0,NA,NA,NA,NA,0,NA,NA,NA,NA,0,NA,NA,NA,NA,124,NA,NA,NA,NA,0,NA,NA,NA,NA,652,NA,NA,NA,NA,0,NA,NA,NA,NA,259,NA,NA,NA,NA,0,NA,NA,NA,NA,0,NA,NA,NA,NA,321,NA,NA,NA,NA,NA,NA,NA,NA,NA,73,NA,NA,NA,NA
M25 [Janani Shishu Suraksha Karyakram (JSSK)],25.2.3,Number of sick infants provided - Free Home to facility transport under JSSK,TOTAL,401,NA,NA,NA,NA,43,NA,NA,NA,NA,0,NA,NA,NA,NA,0,NA,NA,NA,NA,26,NA,NA,NA,NA,20,NA,NA,NA,NA,0,NA,NA,NA,NA,0,NA,NA,NA,NA,15,NA,NA,NA,NA,2,NA,NA,NA,NA,0,NA,NA,NA,NA,40,NA,NA,NA,NA,1,NA,NA,NA,NA,0,NA,NA,NA,NA,0,NA,NA,NA,NA,11,NA,NA,NA,NA,45,NA,NA,NA,NA,3,NA,NA,NA,NA,42,NA,NA,NA,NA,0,NA,NA,NA,NA,20,NA,NA,NA,NA,44,NA,NA,NA,NA,20,NA,NA,NA,NA,0,NA,NA,NA,NA,3,NA,NA,NA,NA,10,NA,NA,NA,NA,46,NA,NA,NA,NA,10,NA,NA,NA,NA
M25 [Janani Shishu Suraksha Karyakram (JSSK)],25.2.4,Number of sick infants provided - Interfacility transfers when needed under JSSK,TOTAL,390,NA,NA,NA,NA,0,NA,NA,NA,NA,0,NA,NA,NA,NA,0,NA,NA,NA,NA,26,NA,NA,NA,NA,4,NA,NA,NA,NA,0,NA,NA,NA,NA,0,NA,NA,NA,NA,33,NA,NA,NA,NA,20,NA,NA,NA,NA,0,NA,NA,NA,NA,44,NA,NA,NA,NA,6,NA,NA,NA,NA,40,NA,NA,NA,NA,10,NA,NA,NA,NA,3,NA,NA,NA,NA,27,NA,NA,NA,NA,0,NA,NA,NA,NA,56,NA,NA,NA,NA,0,NA,NA,NA,NA,3,NA,NA,NA,NA,20,NA,NA,NA,NA,21,NA,NA,NA,NA,0,NA,NA,NA,NA,17,NA,NA,NA,NA,42,NA,NA,NA,NA,18,NA,NA,NA,NA,0,NA,NA,NA,NA
M25 [Janani Shishu Suraksha Karyakram (JSSK)],25.2.5,Number of sick infants provided - Free Drop Back home under JSSK,TOTAL,7403,NA,NA,NA,NA,4,NA,NA,NA,NA,201,NA,NA,NA,NA,0,NA,NA,NA,NA,1266,NA,NA,NA,NA,17,NA,NA,NA,NA,303,NA,NA,NA,NA,96,NA,NA,NA,NA,728,NA,NA,NA,NA,52,NA,NA,NA,NA,71,NA,NA,NA,NA,61,NA,NA,NA,NA,568,NA,NA,NA,NA,410,NA,NA,NA,NA,68,NA,NA,NA,NA,0,NA,NA,NA,NA,120,NA,NA,NA,NA,192,NA,NA,NA,NA,141,NA,NA,NA,NA,295,NA,NA,NA,NA,444,NA,NA,NA,NA,93,NA,NA,NA,NA,886,NA,NA,NA,NA,371,NA,NA,NA,NA,157,NA,NA,NA,NA,18,NA,NA,NA,NA,678,NA,NA,NA,NA,163,NA,NA,NA,NA
