Indicator,S.No.,Parameters,Type,District - _Maharashtra,District - Ahmednagar,District - Akola,District - Amravati,District - Aurangabad,District - Bhandara,District - Bid,District - Brihan Mumbai,District - Buldana,District - Chandrapur,District - Dhule,District - Gadchiroli,District - Gondiya,District - Hingoli,District - Jalgaon,District - Jalna,District - Kolhapur,District - Latur,District - Nagpur,District - Nanded,District - Nandurbar,District - Nashik,District - Osmanabad,District - Palghar,District - Parbhani,District - Pune,District - Raigarh,District - Ratnagiri,District - Sangli,District - Satara,District - Sindhudurg,District - Solapur,District - Thane,District - Wardha,District - Washim,District - Yavatmal
M1 [Ante Natal Care Services ANC],1.1,Total number of pregnant women Registered for ANC,TOTAL,175180,6443,2771,3650,6771,1244,4224,19895,3875,2313,3449,1297,1407,1797,6788,3679,5012,4620,7019,5898,3079,9723,2229,6235,2322,17145,3383,1350,4099,4015,690,7449,13653,1615,1827,4214
M1 [Ante Natal Care Services ANC],1.1.1,Of which Number registered within first trimester (within 12 weeks),TOTAL,120378,4997,2226,2907,5608,1150,3289,6160,3347,1880,2979,1105,1204,1461,5742,2993,4220,3361,3847,4649,1648,6479,1949,3558,1901,12441,2216,1195,3334,3182,594,4521,8014,1302,1558,3361
M1 [Ante Natal Care Services ANC],1.2,Number of Pregnant women registered under JSY,TOTAL,53197,1781,935,2022,1204,607,1326,5148,1589,1118,2054,889,892,741,2552,1038,941,1045,1300,1796,2798,4812,618,2492,740,2920,685,271,661,567,134,1563,2583,511,826,2038
M1 [Ante Natal Care Services ANC],1.3,Number of pregnant women received 3 ANC check ups during pregnancy,TOTAL,155048,5931,2898,3491,6306,1283,4106,14964,3588,3000,3219,1604,1479,1623,5783,3429,5063,3646,5627,5197,2781,8323,2286,5444,2194,11458,3767,1575,4016,3926,777,6310,12679,1581,1714,3980
M1 [Ante Natal Care Services ANC],1.4.1,Number of pregnant women given TT1 during current pregnancy,TOTAL,112513,3843,1647,2494,5960,983,2584,9832,2808,1934,2177,891,1051,1109,4368,2871,3716,2055,3522,3004,1751,7196,1392,3705,1645,9677,2930,1082,3551,3182,433,5022,8481,1277,1280,3060
M1 [Ante Natal Care Services ANC],1.4.2,Number of pregnant women given TT2 or Booster during current pregnancy,TOTAL,149854,5950,2939,3239,6722,1201,3319,15227,3617,2239,3056,1495,1354,1453,5716,3290,4977,3301,4751,4772,2375,8127,1935,5048,2236,12493,3977,1478,3964,3620,577,6056,11997,1602,1593,4158
M1 [Ante Natal Care Services ANC],1.5,Total number of pregnant women given 100 IFA tablets,TOTAL,114623,4129,1436,2468,3655,632,3715,17041,3353,1390,2198,746,897,753,3383,2665,3160,2293,4566,3007,1508,7027,2149,3008,1049,8399,3050,1065,3161,2823,662,4656,10035,518,701,3325
M1 [Ante Natal Care Services ANC],1.6.1,Number of new cases of Hypertension (BP>140/90) detected in Pregnant women at the institution,TOTAL,2208,41,153,155,40,12,74,517,14,34,19,15,51,38,28,3,26,49,57,67,7,50,23,58,20,193,35,19,27,19,8,71,184,27,5,69
M1 [Ante Natal Care Services ANC],1.6.2,Number of Eclampsia cases managed during delivery,TOTAL,185,2,31,20,1,0,5,17,4,0,1,1,0,19,1,0,1,1,0,9,3,0,0,1,5,26,4,0,0,0,0,8,19,3,0,3
M1 [Ante Natal Care Services ANC],1.7.1,Number of Pregnant women with anaemia i.e. Hb level<11 (tested cases),TOTAL,127835,5807,2000,3037,3940,1302,2934,5174,3112,2154,2648,1239,1506,1497,5464,2970,4360,4271,4610,3553,2787,9007,2264,4803,1892,11277,2016,1470,4096,3572,682,5848,10387,1547,1405,3204
M1 [Ante Natal Care Services ANC],1.7.2,Number of Pregnant women having severe anaemia (Hb<7) treated at institution,TOTAL,1792,33,48,30,95,8,77,225,26,14,27,45,10,16,42,5,9,110,72,198,45,53,19,70,14,96,31,20,9,27,1,25,241,13,1,37
M1 [Ante Natal Care Services ANC],1.8,Number of pregnancy test kits used at SC level,TOTAL,40351,1781,1077,849,952,801,833,NA,727,1159,871,1234,866,536,1681,1451,1421,1019,1412,1063,1285,1901,1143,1041,408,2351,392,462,1375,3091,734,2318,924,1122,535,1536
M2 [Deliveries],2.1.1.a,Number of deliveries conducted at Home and attended by trained SBA(i.e. Doctor or Nurse or ANM),TOTAL,922,17,18,91,12,2,4,NA,33,15,82,102,3,5,65,3,0,5,4,13,291,58,0,22,1,1,50,2,0,0,0,2,2,4,5,10
M2 [Deliveries],2.1.1.b,Number of deliveries conducted at Home and attended by non trained SBA (i.e. trained TBA or Relatives etc.),TOTAL,589,5,3,97,8,1,5,2,0,4,10,31,2,10,0,0,0,0,5,12,265,68,2,18,1,0,16,0,0,0,0,0,19,3,1,1
M2 [Deliveries],2.1.1.c,Total number of deliveries conducted at Home and attended by trained or non-trained SBA (i.e. sum of 2.1.1.a and 2.1.1.b),TOTAL,1511,22,21,188,20,3,9,2,33,19,92,133,5,15,65,3,0,5,9,25,556,126,2,40,2,1,66,2,0,0,0,2,21,7,6,11
M2 [Deliveries],2.1.2,Number of newborns visited within 24 hours of delivery for deliveries conducted at home,TOTAL,1340,13,21,181,20,3,5,NA,33,19,92,124,5,15,56,3,0,0,8,21,454,122,2,40,2,0,56,2,0,0,0,2,19,7,4,11
M2 [Deliveries],2.1.3,Number of mothers paid JSY incentive for deliveries conducted at home,TOTAL,1001,7,2,141,7,1,8,NA,12,1,67,38,4,0,27,0,0,3,0,9,466,124,0,28,1,0,13,0,0,0,0,2,23,2,9,6
M2 [Deliveries],2.2,Deliveries conducted at Public Institutions (Including C-Sections),TOTAL,83644,2346,2259,2482,3105,1344,2811,7483,1751,1881,2898,1365,1273,1237,2569,1630,1963,2655,3302,4591,1932,4758,1775,2634,1746,5731,1040,610,1663,1541,400,2708,4125,671,926,2439
M2 [Deliveries],2.2.1,"Out of 2.2, Number discharged under 48 hours of delivery",TOTAL,21228,745,143,1018,583,1,276,1061,629,246,816,360,404,773,854,887,549,913,175,1291,775,1421,7,838,807,1255,150,29,4,15,66,685,1326,13,266,1847
M2 [Deliveries],2.2.2.a,Number of mothers paid JSY Incentive for deliveries conducted at Public Institutions,TOTAL,20286,335,204,938,184,512,292,2494,497,475,478,662,743,131,887,286,222,477,520,1312,1126,1729,160,1533,150,1204,197,92,188,150,6,235,667,199,305,696
M2 [Deliveries],2.2.2.b,Number of ASHAs paid JSY Incentive for deliveries conducted at Public Institutions,TOTAL,13367,761,112,640,158,364,209,NA,387,310,590,263,800,79,976,142,286,404,335,336,951,827,289,1005,155,916,141,138,209,141,33,455,307,14,210,424
M2 [Deliveries],2.2.2.c,Number of cases of deliveries conducted at Public Institutions where JSY incentive was paid to ANMs or AWWs [only for High Performing States (HPS)],TOTAL,0,0,0,0,NA,NA,NA,NA,0,0,0,NA,0,NA,0,0,0,0,0,0,0,0,0,NA,NA,0,NA,NA,0,NA,NA,0,0,0,NA,0
M2 [Deliveries],2.3,Deliveries conducted at Private Institutions (Including C-Sections),TOTAL,66702,4858,1091,1215,2658,276,1609,7910,1722,780,759,89,183,459,4134,1413,2026,1548,725,921,56,3572,500,1851,737,7201,1613,887,2532,2134,251,3468,4497,934,822,1271
M2 [Deliveries],2.3.1.a,Number of mothers paid JSY Incentive for deliveries conducted at accredited Private Institutions,TOTAL,4120,206,15,106,262,9,121,86,159,28,111,30,0,52,475,118,47,134,79,112,370,90,10,122,34,77,18,61,79,107,0,300,213,121,71,297
M2 [Deliveries],2.3.1.b,Number of ASHAs paid JSY Incentive for deliveries conducted at accredited Private Institutions,TOTAL,756,66,7,63,12,12,20,NA,32,27,42,0,0,2,87,0,12,5,5,41,24,20,17,74,6,14,5,43,5,47,0,41,21,1,1,4
M2 [Deliveries],2.3.1.c,Number of cases of deliveries conducted at accredited Private Institutions where JSY incentive was paid to ANMs or AWWs [only for High Performing States (HPS)],TOTAL,NA,NA,NA,NA,NA,NA,NA,NA,NA,NA,NA,NA,NA,NA,NA,NA,NA,NA,NA,NA,NA,NA,NA,NA,NA,NA,NA,NA,NA,NA,NA,NA,NA,NA,NA,NA
M3 [Number of Caesarean C-Section deliveries performed at],3.1.1,Number of Caesarean (C-Section) deliveries performed at PHCs (Primary Health Centre),TOTAL,372,0,0,0,NA,NA,NA,256,0,NA,0,NA,0,NA,9,0,0,0,92,NA,0,NA,NA,NA,NA,0,NA,NA,0,NA,NA,0,15,0,NA,0
M3 [Number of Caesarean C-Section deliveries performed at],3.1.2,Number of Caesarean (C-Section) deliveries performed at CHCs (Community Health Centre),TOTAL,3493,14,0,44,4,6,47,2704,1,2,0,0,16,0,0,0,35,4,15,0,0,48,17,181,0,266,43,7,2,8,15,0,11,1,0,2
M3 [Number of Caesarean C-Section deliveries performed at],3.1.3,Number of Caesarean (C-Section) deliveries performed at SDHs (Sub-divisional Hospital) or DHs (District Hospital),TOTAL,9563,307,814,308,21,425,543,1213,83,288,0,104,206,99,209,38,64,60,839,327,118,336,203,30,262,986,128,115,8,228,86,252,629,58,18,158
M3 [Number of Caesarean C-Section deliveries performed at],3.1.4,Number of Caesarean (C-Section) deliveries performed at other State owned public institutions,TOTAL,NA,NA,NA,NA,NA,NA,NA,NA,NA,NA,NA,NA,NA,NA,NA,NA,NA,NA,NA,NA,NA,NA,NA,NA,NA,NA,NA,NA,NA,NA,NA,NA,NA,NA,NA,NA
M3 [Number of Caesarean C-Section deliveries performed at],3.1.5,"Total Number of Caesarean (C-Section) deliveries performed at Public facilities i.e. PHC, CHC, SDH, DH and other State owned public institutions (sum of items from 3.1.1 to 3.1.4)",TOTAL,13428,321,814,352,25,431,590,4173,84,290,0,104,222,99,218,38,99,64,946,327,118,384,220,211,262,1252,171,122,10,236,101,252,655,59,18,160
M3 [Number of Caesarean C-Section deliveries performed at],3.2,No. of C-section deliveries performed at Private facilities,TOTAL,12494,751,241,574,335,186,137,98,178,124,77,17,64,65,608,288,653,135,155,83,0,615,174,547,80,2286,335,131,243,305,57,432,1800,299,133,288
M4 [Pregnancy outcome & weight of new-born],4.1.1.a,Number of male live births,TOTAL,78622,3785,1776,1993,3001,870,2278,7874,1814,1345,1958,779,729,901,3533,1564,2094,2172,2072,2835,1255,4353,1181,2335,1331,6785,1363,788,2195,1910,352,3187,4571,807,929,1907
M4 [Pregnancy outcome & weight of new-born],4.1.1.b,Number of female live births,TOTAL,72617,3400,1557,1842,2762,767,2137,7341,1688,1293,1779,764,719,803,3213,1441,1861,2017,1946,2636,1273,4089,1083,2180,1157,6066,1362,699,1979,1782,305,2961,4251,807,817,1840
M4 [Pregnancy outcome & weight of new-born],4.1.1.c,Total number of male and female live births (4.1.1.a and 4.1.1.b),TOTAL,151239,7185,3333,3835,5763,1637,4415,15215,3502,2638,3737,1543,1448,1704,6746,3005,3955,4189,4018,5471,2528,8442,2264,4515,2488,12851,2725,1487,4174,3692,657,6148,8822,1614,1746,3747
M4 [Pregnancy outcome & weight of new-born],4.1.2,Number of still births,TOTAL,1674,45,52,76,51,15,20,240,26,54,12,57,22,14,35,48,33,55,91,95,41,91,27,35,8,144,19,21,30,43,6,47,75,10,15,21
M4 [Pregnancy outcome & weight of new-born],4.1.3,Number of Abortions (spontaneous or induced),TOTAL,15302,611,128,601,716,62,291,2571,150,372,151,73,56,21,489,84,516,206,169,32,46,379,307,473,68,2169,822,172,294,749,241,329,1575,211,93,75
M4 [Pregnancy outcome & weight of new-born],4.2.1,Number of Newborns weighed at birth,TOTAL,149641,7176,3325,3811,5693,1637,4375,15210,3490,2614,3727,1326,1445,1707,6667,3009,3955,4094,3967,5373,2429,8108,2256,4488,2488,12715,2725,1486,4174,3692,650,6075,8653,1609,1745,3747
M4 [Pregnancy outcome & weight of new-born],4.2.2,Number of Newborns having weight less than 2.5 kg,TOTAL,20769,775,483,887,666,430,317,2331,376,771,893,434,288,109,422,227,426,991,913,564,396,1156,179,817,127,1671,351,234,409,591,148,480,1097,258,194,358
M4 [Pregnancy outcome & weight of new-born],4.3,Number of Newborns breast fed within 1 hour of birth,TOTAL,141279,7136,3330,3589,5607,1629,4045,11569,3455,2564,3737,1528,1217,1702,6580,2961,3955,4189,3280,5383,2495,7870,2285,4367,2497,11067,2721,1456,4173,3689,577,5437,8162,1557,1737,3733
M5 [Complicated pregnanices],5.1.1,Number of cases of pregnant women with Obstetric Complications and attended at PHCs,TOTAL,920,23,5,19,30,0,3,333,1,6,2,32,29,31,11,1,5,2,35,1,28,17,0,33,18,146,21,0,0,5,1,16,58,1,0,7
M5 [Complicated pregnanices],5.1.2,Number of cases of pregnant women with Obstetric Complications and attended at CHCs,TOTAL,2104,11,4,14,20,3,48,776,7,32,35,31,62,0,55,10,120,76,42,57,53,125,21,151,39,111,25,2,3,7,2,50,40,17,7,48
M5 [Complicated pregnanices],5.1.3,Number of cases of pregnant women with Obstetric Complications and attended at SDHs or DHs,TOTAL,9773,206,1243,297,350,401,197,717,26,339,22,391,158,97,461,125,43,121,672,244,226,274,207,18,350,1090,99,100,10,159,127,207,705,35,44,12
M5 [Complicated pregnanices],5.1.4,Number of cases of pregnant women with Obstetric Complications and attended at other State owned public institutions,TOTAL,NA,NA,NA,NA,NA,NA,NA,NA,NA,NA,NA,NA,NA,NA,NA,NA,NA,NA,NA,NA,NA,NA,NA,NA,NA,NA,NA,NA,NA,NA,NA,NA,NA,NA,NA,NA
M5 [Complicated pregnanices],5.1.5,"Number of cases of pregnant women with Obstetric Complications and attended at Public facilities i.e. PHC, CHC, SDH, DH and other State owned public institutions (sum of items from 5.1.1 to 5.1.4)",TOTAL,12797,240,1252,330,400,404,248,1826,34,377,59,454,249,128,527,136,168,199,749,302,307,416,228,202,407,1347,145,102,13,171,130,273,803,53,51,67
M5 [Complicated pregnanices],5.2,Number of cases of pregnant women with Obstetric Complications and attended at Private facilities,TOTAL,3548,36,49,10,203,204,23,NA,29,225,29,17,0,5,180,0,3,56,88,9,15,276,122,5,15,573,27,3,75,0,57,434,706,2,0,72
M5 [Complicated pregnanices],5.3.1,Number of cases of complicated pregnancies treated with IV antibiotics,TOTAL,11786,276,1014,127,368,403,252,1407,48,543,50,404,126,61,334,130,58,207,698,165,245,448,230,129,386,1539,57,86,14,50,106,409,1090,45,15,266
M5 [Complicated pregnanices],5.3.2,Number of cases of complicated pregnancies treated with IV Antihypertensive/Magsulph injection,TOTAL,1324,18,135,69,43,50,12,79,4,133,3,66,2,14,56,12,9,11,18,43,11,77,16,12,20,83,20,21,1,9,1,87,156,21,3,9
M5 [Complicated pregnanices],5.3.3,Number of cases of complicated pregnancies treated with IV Oxytocis,TOTAL,8752,276,75,27,162,401,85,914,5,230,3,354,91,24,208,129,157,120,372,58,176,338,136,20,384,1018,61,20,5,165,29,524,1424,27,14,720
M5 [Complicated pregnanices],5.3.4,Number of cases of complicated pregnancies treated with Blood Transfusion,TOTAL,2993,44,358,202,28,202,56,317,26,81,7,98,47,12,201,19,13,22,92,13,17,98,76,145,125,192,36,44,1,19,34,106,206,28,21,7
M6 [Post - Natal Care],6.1,Women getting post partum check-up within 48 hours after delivery,TOTAL,115175,4816,3135,2299,4897,1227,2128,14205,3100,1869,3504,1362,1251,883,4322,1414,3654,2137,3614,4401,1781,5593,1809,4376,1567,9174,2156,1087,4120,3122,400,2678,7245,1307,1378,3164
M6 [Post - Natal Care],6.2,Women getting a post partum check up between 48 hours and 14 days after delivery,TOTAL,54833,4371,678,1485,1964,679,912,1693,963,1148,2081,587,901,396,2830,1598,1099,1221,2688,1779,707,1387,1684,1869,668,4669,308,705,4217,1661,357,1850,2196,730,1282,1470
M6 [Post - Natal Care],6.3,PNC maternal complications attended,TOTAL,2408,67,34,25,24,17,24,78,14,18,911,6,22,0,14,27,0,20,48,32,2,271,37,19,1,51,7,16,4,8,64,42,186,12,12,295
M7 [Medical Termination of Pregnancy (MTP)],7.1.1,Number of MTPs conducted at Public Institutions up to 12 weeks of pregnancy,TOTAL,4363,97,57,33,53,31,202,1823,22,28,13,13,30,12,41,24,149,11,75,9,17,182,23,29,52,641,53,62,53,62,140,71,228,23,0,4
M7 [Medical Termination of Pregnancy (MTP)],7.1.2,Number of MTPs conducted at Public Institutions for more than 12 weeks of pregnancy,TOTAL,319,1,2,0,0,0,28,137,0,12,0,1,0,0,10,0,20,0,1,0,0,26,0,3,0,49,0,1,4,12,3,0,7,2,0,0
M7 [Medical Termination of Pregnancy (MTP)],7.1.3,Total number of MTPs conducted at Public Institutions (sum of items 7.1.1 and 7.1.2),TOTAL,4682,98,59,33,53,31,230,1960,22,40,13,14,30,12,51,24,169,11,76,9,17,208,23,32,52,690,53,63,57,74,143,71,235,25,0,4
M7 [Medical Termination of Pregnancy (MTP)],7.2,Number of MTPs conducted at Private Facilities,TOTAL,9129,316,17,503,581,11,45,267,115,306,131,19,13,0,384,40,339,172,63,11,0,57,263,338,16,1298,743,309,227,629,26,209,1267,179,79,156
M8 [RTI/STI Cases],8.1.a,Number of new cases of RTI/STI in males for which treatment was initiated,TOTAL,6998,133,130,69,281,143,78,663,331,590,81,498,58,34,314,261,79,43,460,77,87,243,213,64,41,395,63,12,181,145,21,331,309,165,212,193
M8 [RTI/STI Cases],8.1.b,Number of new cases of RTI/STI in females for which treatment was initiated,TOTAL,12454,299,500,153,528,128,149,1250,638,411,121,675,60,71,564,326,164,87,615,200,145,532,289,84,96,908,126,38,238,259,33,1194,834,231,291,217
M8 [RTI/STI Cases],8.1.c,Total number of new cases of RTI/STI in males and females for which treatment was initiated (sum of items 8.1.a and 8.1.b),TOTAL,19452,432,630,222,809,271,227,1913,969,1001,202,1173,118,105,878,587,243,130,1075,277,232,775,502,148,137,1303,189,50,419,404,54,1525,1143,396,503,410
M8 [RTI/STI Cases],8.2,Number of suspected RTI/STI cases for whom wet mount test was conducted,TOTAL,126,0,0,0,0,0,0,119,0,0,0,0,0,0,0,0,0,0,0,0,0,7,0,0,0,0,0,0,0,0,0,0,0,0,0,0
M9 [Family Planning],9.1.1.a,Number of NSV (No Scalpel Vasectomy) or Conventional Vasectomy conducted at PHCs,TOTAL,2227,1,36,54,0,127,0,25,3,109,17,759,320,13,7,3,104,1,36,1,394,165,1,10,0,19,0,1,3,1,1,1,0,10,0,5
M9 [Family Planning],9.1.1.b,Number of NSV or Conventional Vasectomy conducted at CHCs,TOTAL,185,0,0,1,0,26,0,16,0,9,0,39,38,0,5,0,1,0,4,3,29,0,0,0,0,5,0,1,5,2,0,0,0,1,0,0
M9 [Family Planning],9.1.1.c,Number of NSV or Conventional Vasectomy conducted at SDHs or DHs,TOTAL,34,0,2,1,0,9,1,NA,0,3,0,5,0,0,0,0,0,0,0,0,0,1,0,0,0,6,0,2,0,0,1,0,3,0,0,0
M9 [Family Planning],9.1.1.d,Number of NSV or Conventional Vasectomy conducted at other State owned public institutions,TOTAL,NA,NA,NA,NA,NA,NA,NA,NA,NA,NA,NA,NA,NA,NA,NA,NA,NA,NA,NA,NA,NA,NA,NA,NA,NA,NA,NA,NA,NA,NA,NA,NA,NA,NA,NA,NA
M9 [Family Planning],9.1.1.e,"Total Number of NSV or Conventional Vasectomy conducted at Public facilities i.e. PHC, CHC, SDH, DH and other State owned public institutions (sum of items from 9.1.1.a to 9.1.1.d)",TOTAL,2446,1,38,56,0,162,1,41,3,121,17,803,358,13,12,3,105,1,40,4,423,166,1,10,0,30,0,4,8,3,2,1,3,11,0,5
M9 [Family Planning],9.1.2,Number of NSV or Conventional Vasectomy conducted at Private facilities,TOTAL,9,0,0,4,0,0,0,NA,0,0,0,0,0,0,1,0,0,0,0,0,0,0,0,0,0,3,0,0,0,0,0,1,0,0,0,0
M9 [Family Planning],9.2.1.a,Number of Laparoscopic sterilizations conducted at PHCs,TOTAL,3237,194,0,0,35,0,104,42,0,0,58,0,0,0,0,0,15,11,5,151,0,0,0,198,0,736,0,78,66,465,0,208,871,0,0,0
M9 [Family Planning],9.2.1.b,Number of Laparoscopic sterilizations conducted at CHCs,TOTAL,1332,2,0,0,14,0,6,536,0,0,0,0,0,0,0,0,224,0,0,0,0,0,28,21,0,159,39,107,27,12,20,91,0,46,0,0
M9 [Family Planning],9.2.1.c,Number of Laparoscopic sterilizations conducted at SDHs or DHs,TOTAL,711,0,3,0,3,0,40,13,0,0,0,0,0,0,0,0,106,0,0,0,0,7,0,134,0,155,0,67,5,18,16,0,118,25,0,1
M9 [Family Planning],9.2.1.d,Number of Laparoscopic sterilizations conducted at other State owned public institutions,TOTAL,NA,NA,NA,NA,NA,NA,NA,NA,NA,NA,NA,NA,NA,NA,NA,NA,NA,NA,NA,NA,NA,NA,NA,NA,NA,NA,NA,NA,NA,NA,NA,NA,NA,NA,NA,NA
M9 [Family Planning],9.2.1.e,"Total Number of Laparoscopic sterilizations conducted at Public facilities i.e. PHC, CHC, SDH, DH and other State owned public institutions (sum of items from 9.2.1.a to 9.2.1.d)",TOTAL,5280,196,3,0,52,0,150,591,0,0,58,0,0,0,0,0,345,11,5,151,0,7,28,353,0,1050,39,252,98,495,36,299,989,71,0,1
M9 [Family Planning],9.2.2,Number of Laparoscopic sterilizations conducted at Private facilities,TOTAL,1092,13,0,2,24,0,34,74,0,0,0,0,0,0,0,51,77,12,3,0,0,8,0,35,0,261,44,0,54,33,28,51,265,23,0,0
M9 [Family Planning],9.3.1.a,Number of Mini-lap sterilizations conducted at PHCs,TOTAL,13302,395,184,317,138,402,76,66,318,931,429,503,1104,271,818,270,729,454,631,834,529,1119,98,4,290,219,64,11,528,214,12,366,6,211,56,705
M9 [Family Planning],9.3.1.b,Number of Mini-lap sterilizations conducted at CHCs,TOTAL,2052,84,57,62,41,117,57,369,0,138,23,71,79,0,165,3,63,39,39,157,3,112,20,5,61,42,34,4,24,11,2,28,8,44,5,85
M9 [Family Planning],9.3.1.c,Number of Mini-lap sterilizations conducted at SDHs or DHs,TOTAL,2144,46,51,224,104,10,148,81,59,54,23,22,62,35,68,9,24,50,43,257,39,90,57,16,84,120,22,13,5,11,22,72,51,65,20,87
M9 [Family Planning],9.3.1.d,Number of Mini-lap sterilizations conducted at other State owned public institutions,TOTAL,NA,NA,NA,NA,NA,NA,NA,NA,NA,NA,NA,NA,NA,NA,NA,NA,NA,NA,NA,NA,NA,NA,NA,NA,NA,NA,NA,NA,NA,NA,NA,NA,NA,NA,NA,NA
M9 [Family Planning],9.3.1.e,"Total Number of Mini-lap sterilizations conducted at Public facilities i.e. PHC, CHC, SDH, DH and other State owned public institutions (sum of items from 9.3.1.a to 9.3.1.d)",TOTAL,17498,525,292,603,283,529,281,516,377,1123,475,596,1245,306,1051,282,816,543,713,1248,571,1321,175,25,435,381,120,28,557,236,36,466,65,320,81,877
M9 [Family Planning],9.3.2,Number of Mini-lap sterilizations conducted at Private facilities,TOTAL,3725,244,134,56,201,0,19,32,3,61,28,0,44,43,563,34,152,116,95,41,0,135,4,30,63,375,105,8,156,246,8,432,226,21,12,38
M9 [Family Planning],9.4.1.a,Number of Post-Partum sterilizations conducted at PHCs,TOTAL,571,0,29,10,10,1,0,134,0,0,0,0,0,0,36,0,45,37,48,0,0,37,0,0,0,50,2,0,92,10,8,5,9,8,0,0
M9 [Family Planning],9.4.1.b,Number of Post-Partum sterilizations conducted at CHCs,TOTAL,308,0,0,12,0,3,10,77,0,4,0,0,5,0,13,0,9,0,11,0,0,11,12,0,0,84,17,1,13,0,10,0,2,2,0,12
M9 [Family Planning],9.4.1.c,Number of Post-Partum sterilizations conducted at SDHs or DHs,TOTAL,1492,82,29,0,1,97,18,112,0,114,0,7,0,16,39,3,4,9,248,0,43,88,5,14,8,214,48,34,3,92,25,0,101,37,0,1
M9 [Family Planning],9.4.1.d,Number of Post-Partum sterilizations conducted at other State owned public institutions,TOTAL,NA,NA,NA,NA,NA,NA,NA,NA,NA,NA,NA,NA,NA,NA,NA,NA,NA,NA,NA,NA,NA,NA,NA,NA,NA,NA,NA,NA,NA,NA,NA,NA,NA,NA,NA,NA
M9 [Family Planning],9.4.1.e,"Total Number of Post-Partum sterilizations conducted at Public facilities i.e. PHC, CHC, SDH, DH and other State owned public institutions (sum of items from 9.4.1.a to 9.4.1.d)",TOTAL,2371,82,58,22,11,101,28,323,0,118,0,7,5,16,88,3,58,46,307,0,43,136,17,14,8,348,67,35,108,102,43,5,112,47,0,13
M9 [Family Planning],9.4.2,Number of Post-Partum sterilizations conducted at Private facilities,TOTAL,1418,25,25,98,2,0,0,5,2,68,0,0,0,5,80,7,88,7,122,0,0,25,18,42,0,255,25,45,85,57,6,78,164,69,10,5
M9 [Family Planning],9.5.1.a,Number of IUCD Insertions conducted at SCs,TOTAL,15695,1576,338,305,383,135,796,NA,324,377,309,119,180,159,652,439,1518,488,435,382,117,470,308,125,271,773,350,352,1058,752,255,993,154,276,220,306
M9 [Family Planning],9.5.1.b,Number of IUCD Insertions conducted at PHCs,TOTAL,7899,419,50,109,250,22,103,1285,116,274,144,62,29,48,300,72,426,71,216,301,83,261,94,170,70,698,105,99,416,295,60,411,569,53,54,164
M9 [Family Planning],9.5.1.c,Number of IUCD Insertions conducted at CHCs,TOTAL,2290,199,52,42,50,73,46,203,19,100,3,3,22,3,99,26,95,27,21,50,93,143,28,108,85,271,31,24,39,53,5,73,122,47,20,15
M9 [Family Planning],9.5.1.d,Number of IUCD Insertions conducted at SDHs or DHs,TOTAL,3793,144,46,47,53,223,194,256,94,138,19,3,132,5,21,222,55,133,203,16,88,152,48,93,28,457,25,125,15,184,24,34,246,221,26,23
M9 [Family Planning],9.5.1.e,Number of IUCD Insertions conducted at other State owned public institutions,TOTAL,NA,NA,NA,NA,NA,NA,NA,NA,NA,NA,NA,NA,NA,NA,NA,NA,NA,NA,NA,NA,NA,NA,NA,NA,NA,NA,NA,NA,NA,NA,NA,NA,NA,NA,NA,NA
M9 [Family Planning],9.5.1.f,"Total Number of IUCD Insertions conducted at Public facilities i.e. SC, PHC, CHC, SDH, DH and other State owned public institutions (sum of items from 9.5.1.a to 9.5.1.e)",TOTAL,29677,2338,486,503,736,453,1139,1744,553,889,475,187,363,215,1072,759,2094,719,875,749,381,1026,478,496,454,2199,511,600,1528,1284,344,1511,1091,597,320,508
M9 [Family Planning],9.5.1A,"Out of above total, Post Partum (within 48 hours of delivery) IUCD insertions",TOTAL,8706,511,79,60,229,315,353,657,113,397,28,106,196,54,116,213,250,344,345,395,269,413,344,244,217,888,34,144,93,330,24,213,403,271,44,14
M9 [Family Planning],9.5.2,Number of IUCD Insertions conducted at Private facilities,TOTAL,6855,218,63,103,361,0,136,2144,55,128,67,6,6,13,165,66,471,97,94,76,12,274,52,109,71,661,76,32,171,44,10,250,672,70,31,51
M9 [Family Planning],9.06,Number of IUCD removals,TOTAL,6127,440,126,91,132,90,334,159,86,133,68,51,74,51,248,165,424,112,140,216,34,170,81,109,98,527,148,196,282,312,214,334,229,66,50,137
M9 [Family Planning],9.07,Number of Oral Pills cycles distributed,TOTAL,258993,17436,3680,2200,6103,2360,8818,24379,5222,3421,6343,1528,1719,2151,9172,1439,25914,6004,2887,6913,3700,11712,3485,5872,3104,17497,4129,7497,12243,14565,3329,11725,11880,3995,3964,2607
M9 [Family Planning],9.08,Number of Condom pieces distributed,TOTAL,1447008,51411,12464,11042,42186,14907,24658,473352,32408,21685,13338,20730,15985,18223,20991,17803,46657,25930,28442,24112,11620,36883,14707,28576,21622,82431,9909,43165,48362,59379,17355,22104,59743,54259,17310,3259
M9 [Family Planning],9.09,Number of Centchroman (weekly) pills given,TOTAL,0,0,0,0,NA,NA,NA,NA,0,0,0,0,0,0,0,0,0,0,0,0,0,0,0,NA,0,0,NA,NA,0,0,0,0,0,0,NA,0
M9 [Family Planning],9.1,Number of Emergency Contraceptive Pills distributed,TOTAL,4185,354,112,91,66,44,283,25,107,17,204,51,78,221,148,132,106,220,23,143,51,131,59,18,33,137,54,73,181,293,56,182,40,49,377,26
M9 [Family Planning],9.11.1.a,Number of cases of complications following male sterilization,TOTAL,0,0,0,0,0,0,0,NA,0,0,0,0,0,0,0,0,0,0,0,0,0,0,0,0,0,0,0,0,0,0,0,0,0,0,0,0
M9 [Family Planning],9.11.1.b,Number of cases of complications following female sterilization,TOTAL,0,0,0,0,0,0,0,NA,0,0,0,0,0,0,0,0,0,0,0,0,0,0,0,0,0,0,0,0,0,0,0,0,0,0,0,0
M9 [Family Planning],9.11.2.a,Number of failures following male sterilization,TOTAL,2,0,0,0,0,1,0,NA,0,0,0,0,1,0,0,0,0,0,0,0,0,0,0,0,0,0,0,0,0,0,0,0,0,0,0,0
M9 [Family Planning],9.11.2.b,Number of failures following female sterilization,TOTAL,38,4,0,0,2,1,3,NA,7,0,1,0,0,2,1,0,1,0,0,3,0,0,0,0,9,0,0,0,2,1,0,0,0,0,1,0
M9 [Family Planning],9.11.3.a,Number of deaths following male sterilization,TOTAL,0,0,0,0,0,0,0,NA,0,0,0,0,0,0,0,0,0,0,0,0,0,0,0,0,0,0,0,0,0,0,0,0,0,0,0,0
M9 [Family Planning],9.11.3.b,Number of deaths following female sterilization,TOTAL,0,0,0,0,0,0,0,NA,0,0,0,0,0,0,0,0,0,0,0,0,0,0,0,0,0,0,0,0,0,0,0,0,0,0,0,0
M9 [Family Planning],9.12,Number of Institutions having NSV trained doctors,TOTAL,944,14,8,20,30,27,40,57,50,26,4,8,15,22,4,26,95,38,18,11,6,121,10,7,1,86,13,6,38,13,12,30,46,8,6,28
M10 [CHILD IMMUNIZATION],10.1.01,Number of Infants (0 to 11 months old)received BCG immunisation,TOTAL,169833,7317,3155,4437,6495,1560,3985,16683,4473,2751,4387,1538,1615,2436,6069,4180,5271,4532,4944,5377,2734,10416,2800,4767,2790,14149,3595,1573,4610,4118,633,6329,12310,1647,1569,4588
M10 [CHILD IMMUNIZATION],10.1.02,Number of Infants (0 to 11 months old) received DPT1 immunisation,TOTAL,415,0,0,0,0,1,57,13,0,0,0,0,0,0,0,15,0,0,84,0,0,5,0,11,0,95,0,8,0,0,0,1,125,0,0,0
M10 [CHILD IMMUNIZATION],10.1.03,Number of Infants (0 to 11 months old) received DPT2 immunisation,TOTAL,425,0,0,0,0,8,31,21,0,0,0,0,0,0,0,3,0,0,64,0,0,26,0,26,0,90,0,9,0,0,0,2,145,0,0,0
M10 [CHILD IMMUNIZATION],10.1.04,Number of Infants (0 to 11 months old) received DPT3 immunisation,TOTAL,571,0,0,0,0,1,62,19,0,0,0,0,0,0,0,13,0,0,116,0,0,15,0,42,0,94,0,8,0,0,0,7,194,0,0,0
M10 [CHILD IMMUNIZATION],10.1.04A,Number of Infants (0 to 11 months old) received Pentavalent1 immunisation,TOTAL,156427,6793,2521,3766,6260,1320,4076,13953,3913,2534,3898,1338,1490,1985,6272,3552,5182,4091,4823,5956,3014,9341,2359,4582,2605,12275,3709,1450,4251,4045,641,6690,11123,1508,1563,3548
M10 [CHILD IMMUNIZATION],10.1.04B,Number of Infants (0 to 11 months old) received Pentavalent2 immunisation,TOTAL,151197,6435,2415,3382,6078,1276,3813,13916,3650,2515,3837,1269,1465,1858,5937,3504,4968,3880,4572,5705,2795,8823,2252,4650,2452,12090,3699,1415,4036,3954,628,6423,11260,1409,1468,3368
M10 [CHILD IMMUNIZATION],10.1.04C,Number of Infants (0 to 11 months old) received Pentavalent3 immunisation,TOTAL,157541,6790,2479,3655,5975,1377,3658,14654,4089,2546,3752,1610,1542,1842,5988,3320,5497,3974,4671,5725,2735,8920,2189,4777,2684,12825,3724,1499,4034,4361,652,6830,12188,1609,1554,3816
M10 [CHILD IMMUNIZATION],10.1.05,Number of Infants (0 to 11 months old) received OPV 0 (Birth Dose),TOTAL,145198,5306,3360,3242,3540,1249,4306,16159,3762,2151,2409,1286,1302,1704,5010,3673,6001,4753,3959,5980,2197,6533,2267,4297,2408,12486,2989,1210,4005,3754,611,6275,10128,1574,1498,3814
M10 [CHILD IMMUNIZATION],10.1.06,Number of Infants (0 to 11 months old) received OPV1 (First Dose),TOTAL,155891,6852,2521,3728,5242,1426,4096,13927,3827,2537,3838,1338,1491,2042,6555,3538,5253,3930,4868,5961,2847,9336,2338,4595,2541,12449,3709,1424,4259,4054,641,6670,11400,1577,1573,3508
M10 [CHILD IMMUNIZATION],10.1.07,Number of Infants (0 to 11 months old) received OPV2 (Second Dose),TOTAL,150773,6488,2415,3362,5265,1385,3850,13920,3582,2517,3785,1269,1466,1864,6079,3496,5053,3695,4601,5721,2706,8911,2251,4664,2368,12187,3699,1389,4033,4021,627,6386,11465,1409,1473,3371
M10 [CHILD IMMUNIZATION],10.1.08,Number of Infants (0 to 11 months old) received OPV3 (Third Dose),TOTAL,157198,6665,2479,3634,5016,1761,3591,14658,4049,2579,3707,1610,1571,1846,5989,3310,5720,3803,4710,5699,2584,9041,2239,4806,2694,12958,3723,1563,4039,4356,657,6798,12385,1609,1578,3771
M10 [CHILD IMMUNIZATION],10.1.09A,Number of Infants (upto 48 hrs of age) received Hepatitis-B0 immunisation,TOTAL,92160,2528,2194,2392,1808,1103,2151,13630,1564,1997,2177,1098,902,981,2384,1977,2367,2607,2470,2038,1534,3796,1680,2836,1367,10214,2121,633,2395,1502,492,3688,6408,1090,1177,2859
M10 [CHILD IMMUNIZATION],10.1.09,Number of Infants (0 to 11 months old) received Hepatitis-B1 immunisation,TOTAL,416,0,0,0,0,2,57,NA,0,0,0,0,0,0,0,9,0,0,85,0,0,0,0,25,0,102,0,0,0,0,2,3,131,0,0,0
M10 [CHILD IMMUNIZATION],10.1.10,Number of Infants (0 to 11 months old) received Hepatitis-B2 immunisation,TOTAL,388,0,0,0,0,2,48,NA,0,0,0,0,0,0,0,10,0,0,76,0,0,6,0,10,0,93,0,0,0,0,4,2,137,0,0,0
M10 [CHILD IMMUNIZATION],10.1.11,Number of Infants (0 to 11 months old) received Hepatitis-B3 immunisation,TOTAL,466,0,0,0,0,1,66,NA,0,0,0,0,0,0,0,26,0,0,104,0,0,6,0,17,0,95,0,1,0,0,6,1,143,0,0,0
M10 [CHILD IMMUNIZATION],10.1.12,Number of Infants (0 to 11 months old) received Measles immunisation (First Dose),TOTAL,162622,6804,2389,3580,6034,1719,3957,15783,3899,3093,3451,1663,1840,1941,6034,3013,5549,3865,4830,5384,2926,9411,2442,5222,2740,14037,3777,1530,3996,4452,712,6887,12800,1547,1349,3966
M10 [CHILD IMMUNIZATION],10.1.12B,Number of Infants (more than 16 months old) received Measles immunisation (Second Dose),TOTAL,141547,5155,2507,3633,5369,1366,3681,14708,3572,2364,2697,1311,1349,1587,5709,2962,4695,3642,4773,4932,2093,8350,1915,4660,2511,10845,3099,1386,3825,2889,605,5096,11364,1530,1728,3639
M10 [CHILD IMMUNIZATION],10.1A,No. of Children aged 9 to 12 months who received JE 1st dose,TOTAL,23296,0,0,3678,0,1694,3389,NA,0,0,0,1639,1822,0,0,0,0,3729,2120,0,0,0,0,0,0,0,0,0,0,0,0,0,0,0,1357,3868
M10 [CHILD IMMUNIZATION],10.1.13.a,Total number of male children (9 to 11 months old) fully immunised (BCG+DPT123/Pentavalent123+OPV123+Measles) during the month,TOTAL,83333,3568,1240,1870,2868,876,2020,8080,2031,1496,1877,830,841,969,3251,1619,2955,1910,2603,2747,1516,4589,1305,2612,1460,7252,1933,784,2089,2329,357,3564,6186,842,741,2123
M10 [CHILD IMMUNIZATION],10.1.13.b,Total number of female children (9 to 11 months old) fully immunised (BCG+DPT123/Pentavalent123+OPV123+Measles) during the month,TOTAL,75510,3236,1149,1677,2659,842,1671,7711,1867,1401,1569,779,772,949,2718,1399,2594,1703,2456,2507,1387,4214,1126,2344,1278,6380,1826,735,1907,2037,352,3165,5949,705,605,1841
M10 [CHILD IMMUNIZATION],10.1.13.c,Total number of children (9 to 11 months old) fully immunised (BCG+DPT123/Pentavalent123+OPV123+Measles) during the month (sum of items 10.1.13.a and 10.1.13.b),TOTAL,158843,6804,2389,3547,5527,1718,3691,15791,3898,2897,3446,1609,1613,1918,5969,3018,5549,3613,5059,5254,2903,8803,2431,4956,2738,13632,3759,1519,3996,4366,709,6729,12135,1547,1346,3964
M10 [CHILD IMMUNIZATION],10.2.1,Number of Infants (more than 16 months old) received DPT Booster dose,TOTAL,139394,4871,2507,3634,5422,1373,3608,14104,3788,2395,2684,1311,1351,1477,5643,2962,4660,3637,4761,4932,1964,8266,1930,4619,2507,10747,3119,1379,3794,2514,607,4586,11268,1530,1749,3695
M10 [CHILD IMMUNIZATION],10.2.2,Number of Infants (more than 16 months old) received OPV Booster dose,TOTAL,139789,4871,2507,3634,4772,1384,3646,14103,3797,2444,2684,1311,1351,1552,5668,2962,4696,3629,4820,4932,2101,8267,1953,4619,2507,10769,3124,1385,3806,2813,606,4832,11273,1530,1749,3692
M10 [CHILD IMMUNIZATION],10.2.3,"Number of Infants (more than 16 months old) received Measles, Mumps, Rubella (MMR) Vaccination",TOTAL,19,0,0,0,0,NA,NA,NA,0,0,NA,NA,0,NA,0,9,0,0,0,NA,0,0,0,NA,NA,0,NA,NA,NA,0,0,0,0,0,NA,10
M10 [CHILD IMMUNIZATION],10.3.1.a,Total number of male children (12 to 23 months old) fully immunised (BCG+DPT123/Pentavalent123+OPV123+Measles) during the month,TOTAL,23768,2004,375,710,0,125,441,564,648,236,1177,123,182,444,617,322,0,513,1160,816,596,568,774,102,443,3455,471,325,0,20,0,1061,3360,493,231,1412
M10 [CHILD IMMUNIZATION],10.3.1.b,Total number of female children (12 to 23 months old) fully immunised (BCG+DPT123/Pentavalent123+OPV123+Measles) during the month,TOTAL,21737,1813,331,612,0,113,403,538,618,244,1023,141,160,423,541,272,0,460,1045,744,530,537,685,88,481,3201,471,279,0,10,0,967,3072,441,202,1292
M10 [CHILD IMMUNIZATION],10.3.1.c,Total number of children (12 to 23 months old) fully immunised (BCG+DPT123+OPV123/Pentavalent123+Measles) during the month (sum of items 10.3.1.a and 10.3.1.b),TOTAL,45505,3817,706,1322,0,238,844,1102,1266,480,2200,264,342,867,1158,594,0,973,2205,1560,1126,1105,1459,190,924,6656,942,604,0,30,0,2028,6432,934,433,2704
M10 [CHILD IMMUNIZATION],10.3.2,Number of children (more than 5 years old) given DT5,TOTAL,181464,5328,5079,7923,6485,4338,4409,12325,6560,4503,2905,1973,3451,1432,12636,3475,7334,4001,5555,7654,2424,12058,1611,5079,2153,8685,3373,2703,1834,4257,594,4863,11887,3001,4690,4886
M10 [CHILD IMMUNIZATION],10.3.3,Number of children (more than 10 years old) given TT10,TOTAL,228909,8349,4987,6790,6605,5680,4545,14162,6047,6669,2726,2641,3838,1970,12859,3622,17989,4160,5135,7996,2965,15675,2358,5535,2593,12888,3437,2773,7955,8883,583,8612,12881,4570,4138,6293
M10 [CHILD IMMUNIZATION],10.3.4,Number of children (more than 16 years old) given TT16,TOTAL,258304,10610,6405,6910,6890,7469,4917,16554,6073,6647,2613,2900,6156,1853,12753,3627,21178,3973,7163,7061,2640,17698,2488,4289,2449,18895,3730,5608,8925,10673,870,9768,12235,5040,4351,6893
M10 [CHILD IMMUNIZATION],10.3.5.a,Number of cases of Abscess reported following immunisation [Adverse Event Following Immunisation (AEFI)],TOTAL,9,0,0,0,1,0,0,NA,0,0,0,1,0,0,0,0,0,0,0,0,0,0,0,0,0,0,1,0,0,0,0,3,3,0,0,0
M10 [CHILD IMMUNIZATION],10.3.5.b,Number of cases of Death reported following immunisation [Adverse Event Following Immunisation (AEFI)],TOTAL,1,0,0,0,0,0,0,1,0,0,0,0,0,0,0,0,0,0,0,0,0,0,0,0,0,0,0,0,0,0,0,0,0,0,0,0
M10 [CHILD IMMUNIZATION],10.3.5.c,Number of cases of other complications reported following immunisation [Adverse Event Following Immunisation (AEFI)],TOTAL,238,0,0,0,3,10,0,NA,0,0,0,4,0,0,0,0,0,0,0,0,0,0,1,0,2,76,0,2,0,0,0,7,133,0,0,0
M10 [CHILD IMMUNIZATION],10.4.1,Number of Immunisation sessions planned to be held during the month,TOTAL,62599,2594,1204,1943,1996,770,1910,3392,1567,1340,1267,1140,1232,1004,2171,1329,2015,1864,2075,2187,2229,3697,1093,2145,1306,3020,1755,1018,1274,1862,518,2050,3368,887,953,2424
M10 [CHILD IMMUNIZATION],10.4.2,Number of Immunisation sessions held during the month,TOTAL,62530,2594,1184,1943,1996,770,1910,3388,1556,1327,1263,1136,1232,1004,2171,1328,2015,1847,2101,2187,2229,3697,1093,2145,1304,3018,1748,1018,1274,1862,518,2049,3360,887,946,2430
M10 [CHILD IMMUNIZATION],10.4.3,Number of Immunisation sessions held during the month where ASHAs were present,TOTAL,45079,2207,906,1658,1662,713,1567,NA,1204,1202,993,811,1039,872,1867,1215,1734,1440,1309,904,1667,2267,787,1838,748,2056,1346,822,1192,1537,439,1421,1988,798,809,2061
M10 [CHILD IMMUNIZATION],10.5.1,Number of children (more than 16 months old) received Japanese Encephalitis (JE) vaccination,TOTAL,20466,0,0,3377,0,1484,3217,NA,0,0,0,1226,1184,0,0,0,0,3189,1951,0,0,0,0,0,0,0,0,0,0,0,0,0,0,0,1579,3259
M11 [Number of Vitamin A doses],11.1.1,Number of children (9 months to 5 years old) administered 1st dose of Vitamin A (Dose-1),TOTAL,160110,6638,2374,3637,6005,1680,4159,14813,3884,3035,3299,1775,1805,1913,6443,3486,5451,4124,5179,5475,2867,9335,2456,5000,2713,12456,3176,1555,4065,4498,704,6831,11909,1547,1662,4161
M11 [Number of Vitamin A doses],11.1.2,Number of children (9 months to 5 years old) were administered 5th dose of Vitamin A (Dose-5),TOTAL,75592,6779,1958,1585,2817,177,2192,3397,3453,817,1088,1218,121,1123,1971,3315,950,1684,2653,2992,821,4225,530,3270,1889,5848,1833,413,1079,1484,227,3244,5531,538,1742,2628
M11 [Number of Vitamin A doses],11.1.3,Number of children (9 months to 5 years old) administered 9th dose of Vitamin A (Dose-9),TOTAL,86378,6945,2166,1495,2732,351,2364,10365,3813,1220,824,1683,181,937,1818,3224,951,1894,3416,2994,928,3504,556,3904,1191,4678,2158,614,1167,1575,441,3894,8182,504,1651,2058
M12 [Number of cases of Childhood Diseases reported during the month0-5 years:],12.1,Number of cases of Diptheria reported in children below 5 years of age,TOTAL,1,0,0,0,0,0,0,1,0,0,0,0,0,0,0,0,0,0,0,0,0,0,0,0,0,0,0,0,0,0,0,0,0,0,0,0
M12 [Number of cases of Childhood Diseases reported during the month0-5 years:],12.2,Number of cases of Pertusis reported in children below 5 years of age,TOTAL,0,0,0,0,0,0,0,NA,0,0,0,0,0,0,0,0,0,0,0,0,0,0,0,0,0,0,0,0,0,0,0,0,0,0,0,0
M12 [Number of cases of Childhood Diseases reported during the month0-5 years:],12.3,Number of cases of Tetanus neonatarum reported in children below 5 years of age,TOTAL,1,0,0,0,0,0,0,1,0,0,0,0,0,0,0,0,0,0,0,0,0,0,0,0,0,0,0,0,0,0,0,0,0,0,0,0
M12 [Number of cases of Childhood Diseases reported during the month0-5 years:],12.4,Number of cases of Tetanus other than neonatarum reported in children below 5 years of age,TOTAL,3,0,0,0,0,0,0,2,0,0,0,0,0,0,0,0,0,0,0,0,1,0,0,0,0,0,0,0,0,0,0,0,0,0,0,0
M12 [Number of cases of Childhood Diseases reported during the month0-5 years:],12.5,Number of cases of Polio reported in children below 5 years of age,TOTAL,0,0,0,0,0,0,0,NA,0,0,0,0,0,0,0,0,0,0,0,0,0,0,0,0,0,0,0,0,0,0,0,0,0,0,0,0
M12 [Number of cases of Childhood Diseases reported during the month0-5 years:],12.6,Number of cases of Measles reported in children below 5 years of age,TOTAL,82,3,0,0,0,0,0,38,0,1,0,0,0,0,0,0,0,0,0,5,5,8,1,4,0,1,0,0,0,1,2,1,6,0,6,0
M12 [Number of cases of Childhood Diseases reported during the month0-5 years:],12.7,Number of cases of Diarrhoea and Dehydration reported in children below 5 years of age,TOTAL,4891,89,16,53,126,33,231,502,78,110,37,92,9,58,92,105,72,126,85,208,45,186,254,246,115,1080,45,87,101,45,31,85,279,77,9,84
M12 [Number of cases of Childhood Diseases reported during the month0-5 years:],12.8,Number of cases of Malaria reported in children below 5 years of age,TOTAL,118,0,0,0,0,0,0,70,0,3,0,13,0,0,0,0,0,0,1,0,1,0,0,1,5,0,0,0,0,0,0,0,24,0,0,0
M12 [Number of cases of Childhood Diseases reported during the month0-5 years:],12.9,Number of children below 5 years of age admitted with Respiratory Infections,TOTAL,5595,121,17,102,89,86,86,951,85,631,0,191,22,46,45,63,22,27,388,473,14,262,263,257,36,880,44,70,6,51,20,0,89,65,0,93
M13 [Blindness Control Programme],13.1,Number of Patients operated for cataract,TOTAL,54703,3207,1222,1448,2411,448,1476,1667,147,1133,1197,142,491,372,2742,810,1803,1644,2588,1129,836,4563,596,0,549,7382,310,670,2738,1573,234,2582,3821,1185,321,1266
M13 [Blindness Control Programme],13.2,Number of Intraocular Lens(IOL) implantations,TOTAL,54114,3207,1218,1437,2411,443,1476,1662,40,1122,1185,121,491,368,2724,810,1788,1633,2564,1130,836,4563,593,0,545,7223,305,670,2685,1566,234,2578,3758,1185,321,1222
M13 [Blindness Control Programme],13.3,Number of School children detected with Refractive errors,TOTAL,12360,641,83,181,739,160,543,446,52,346,1979,64,84,85,330,390,201,198,248,370,522,605,255,155,240,959,132,136,333,182,80,508,261,224,188,440
M13 [Blindness Control Programme],13.4,Number of children provided free glasses,TOTAL,1863,417,0,14,0,0,0,NA,5,20,0,8,0,0,0,0,0,2,0,7,130,82,0,4,0,128,3,593,0,0,0,425,0,17,8,0
M13 [Blindness Control Programme],13.5,Number of eyes collected through eye donation,TOTAL,473,22,16,10,12,0,0,13,6,2,0,0,2,6,6,4,4,4,48,0,0,26,0,NA,2,149,12,0,40,8,0,8,53,8,8,4
M13 [Blindness Control Programme],13.6,Number of eyes utilised for corneal transplant,TOTAL,215,8,0,5,6,0,0,15,6,0,0,0,0,1,4,26,3,4,13,0,0,9,0,NA,0,74,5,0,14,2,0,2,16,1,0,1
M14 [Patient Services],14.01,Number of CHC or SDH or DH functioning as First Referral units (FRUs),TOTAL,412,16,6,15,9,6,11,9,5,12,7,12,9,4,22,5,25,13,15,18,13,33,8,14,5,27,11,5,14,7,5,10,14,4,5,18
M14 [Patient Services],14.02,Number of PHCs functioning 24X7 with atleast 3 Staff Nurses,TOTAL,942,39,11,24,29,8,15,24,27,18,31,22,20,19,31,25,32,39,26,28,24,73,15,36,16,86,23,24,35,42,6,33,25,NA,16,20
M14 [Patient Services],14.03,Number of Anganwadi centres reported to have conducted VHNDs,TOTAL,46324,2600,833,1318,1560,877,1535,NA,1478,1246,1255,1136,980,679,1938,1032,1725,1206,1170,805,2020,2188,934,1769,947,2519,1717,1286,1867,1348,476,2146,1003,670,646,1415
M14 [Patient Services],14.04,Number of facilities having a Rogi Kalyan Samiti (RKS),TOTAL,503,26,7,15,14,10,12,5,16,13,8,13,13,6,21,11,23,12,16,17,13,35,11,14,10,27,15,9,17,18,11,16,11,9,9,20
M14 [Patient Services],14.05,Number of RKS meetings held during the month,TOTAL,728,34,18,21,15,17,22,2,25,22,19,26,25,4,29,22,36,20,12,18,23,45,24,16,12,35,13,14,28,24,12,34,14,13,8,26
M14 [Patient Services],14.06,Number of facilities having Ambulance services (Assured Referral Services),TOTAL,2101,83,33,62,67,41,48,25,51,55,42,50,53,26,99,49,96,51,66,68,44,143,54,60,33,116,59,65,85,86,43,77,42,36,34,59
M14 [Patient Services],14.07,Total Number of times the Ambulance was used for transporting patients during the month,TOTAL,47060,1167,1040,1948,1591,1553,1428,1599,772,1133,470,920,1236,717,1290,1271,1152,1397,2220,1193,1969,2861,1377,4127,432,3949,524,1111,1082,957,361,924,1506,238,444,1101
M14 [Patient Services],14.08,Number of Institutions having Operational Sick New Born and Child Care Units (SNCU),TOTAL,295,12,6,10,4,6,7,11,11,8,3,9,5,2,9,8,14,8,12,12,5,21,9,11,4,13,8,6,13,8,4,9,9,4,5,9
M14 [Patient Services],14.09,Number of functional Laproscopes in CHC/SDH/DH,TOTAL,204,3,2,1,1,1,7,11,5,4,2,1,2,6,2,5,5,3,2,5,3,5,1,5,1,79,6,5,1,2,8,7,9,2,0,2
M14 [Patient Services],14.09.a,Health Facility Services/Patient Services/Stock out rate of essential Drugs,TOTAL,8,0,NA,NA,0,NA,NA,NA,0,NA,NA,NA,NA,NA,NA,2,0,NA,0,NA,NA,NA,NA,NA,NA,NA,NA,NA,NA,NA,NA,NA,NA,0,6,0
M14 [Patient Services],14.09.b,Health Facility Services/Patient Services/Blood Units Issued on replacement,TOTAL,0,0,NA,NA,0,NA,NA,NA,0,NA,NA,NA,NA,NA,NA,0,0,NA,0,NA,NA,NA,NA,NA,NA,NA,NA,NA,NA,NA,NA,NA,NA,0,0,0
M14 [Patient Services],14.09.c,Health Facility Services/Patient Services/Total no. of blood units issued in year,TOTAL,215,0,NA,NA,0,NA,NA,NA,0,NA,NA,NA,NA,NA,NA,0,0,NA,0,NA,NA,NA,NA,NA,NA,NA,NA,NA,NA,NA,NA,NA,NA,0,215,0
M14 [Patient Services],14.10.1.a,Number of male patients admitted (Inpatients) during the month,1. Children,57728,1188,1368,1815,1055,1302,1850,8091,1750,1664,1369,1196,1048,950,1543,1489,894,939,1370,2412,1547,3047,1214,1652,1500,4914,750,895,340,790,453,1060,2392,861,762,2258
M14 [Patient Services],14.10.1.a,Number of male patients admitted (Inpatients) during the month,2. Adults,136114,3393,1636,4962,1841,2759,3138,21723,4501,2911,3585,2479,2130,1616,4619,2825,3881,1658,1705,5676,2266,6902,3119,2489,3043,9734,2670,3376,2009,3061,1602,3743,6355,1959,2012,4736
M14 [Patient Services],14.10.1.b,Number of female patients (Inpatients) admitted during the month,1. Children,54306,1140,1195,2031,997,1203,1477,6631,1990,1486,1291,1105,923,788,1436,1373,746,1024,1258,2427,1386,2709,1210,1775,1299,5383,740,691,334,735,462,1192,2221,801,667,2180
M14 [Patient Services],14.10.1.b,Number of female patients (Inpatients) admitted during the month,2. Adults,231557,6150,5499,6630,4287,4784,5563,25190,6806,5873,4421,4397,5155,3337,6961,4479,7362,4607,4990,9547,4885,13344,5799,6206,6118,18240,4006,5297,4051,5622,2321,6065,9428,3410,3838,6889
M14 [Patient Services],14.10.1.c,Total number of patients admitted (Inpatients) during the month (sum of items 14.10.1.a and 14.10.1.b),1. Children,112034,2328,2563,3846,2052,2505,3327,14722,3740,3150,2660,2301,1971,1738,2979,2862,1640,1963,2628,4839,2933,5756,2424,3427,2799,10297,1490,1586,674,1525,915,2252,4613,1662,1429,4438
M14 [Patient Services],14.10.1.c,Total number of patients admitted (Inpatients) during the month (sum of items 14.10.1.a and 14.10.1.b),2. Adults,367671,9543,7135,11592,6128,7543,8701,46913,11307,8784,8006,6876,7285,4953,11580,7304,11243,6265,6695,15223,7151,20246,8918,8695,9161,27974,6676,8673,6060,8683,3923,9808,15783,5369,5850,11625
M14 [Patient Services],14.10.2.a,Number of death cases of Inpatient males,TOTAL,2216,56,36,101,10,62,38,818,42,77,4,80,43,14,65,14,10,2,14,8,35,103,41,33,26,136,21,33,3,42,21,46,126,25,16,15
M14 [Patient Services],14.10.2.b,Number of death cases of Inpatient females,TOTAL,1292,33,15,67,0,34,15,509,17,42,0,52,32,9,29,11,3,3,7,3,24,66,15,13,24,59,20,22,1,33,9,35,71,5,9,5
M14 [Patient Services],14.10.2.c,Number of cases of death of Inpatients (sum of items 14.10.2.a and 14.10.2.b),TOTAL,3508,89,51,168,10,96,53,1327,59,119,4,132,75,23,94,25,13,5,21,11,59,169,56,46,50,195,41,55,4,75,30,81,197,30,25,20
M14 [Patient Services],14.11,In-Patient Head Count at midnight,TOTAL,681290,17952,20913,34226,8504,24278,24248,107258,23234,25444,3685,21471,14359,9819,19714,12463,11217,11498,19489,15702,14445,34068,16458,18394,21818,25765,11932,11973,4321,19971,9740,7083,27830,14012,5408,12598
M14 [Patient Services],14.12.1,OPD attendance (All),TOTAL,9114584,330173,138836,261902,219087,213375,194219,1618547,210028,298890,117247,170949,179197,87213,269940,135997,212079,178686,262794,264573,139819,453386,158928,209964,187405,749284,132210,131429,140113,195591,90720,213780,402322,191390,125717,228794
M14 [Patient Services],14.13.1,Number of major operations carried out using general or spinal anaesthesia,TOTAL,25183,402,742,892,50,1068,435,6134,203,996,43,467,847,241,432,176,645,213,1317,330,252,1409,605,270,564,2085,373,376,706,540,218,224,1423,346,24,135
M14 [Patient Services],14.13.1A,"Out of 14.13.1,Gynecology- Hysterectomy surgeries",TOTAL,1046,4,5,11,6,0,8,209,0,5,0,13,5,31,10,0,88,13,5,0,10,40,8,3,4,35,15,9,58,27,16,0,350,4,18,36
M14 [Patient Services],14.13.1.B,"Patient Services/Operation major (General and spinal anaesthesia)/Major Surgeries excluding Obstetrics, Gynaecology and Opthalmology etc",TOTAL,1867,32,0,84,36,83,91,NA,32,NA,NA,186,NA,71,63,21,NA,0,4,8,88,226,247,NA,87,33,18,34,NA,24,9,NA,355,31,4,0
M14 [Patient Services],14.13.2,Number of minor operations carried out without anaesthesia or using local anaesthesia,TOTAL,26703,543,407,569,645,447,1391,2419,510,1145,202,656,582,1965,290,434,685,468,965,665,211,1178,615,570,1274,1647,522,759,504,948,583,521,1533,582,144,124
M14 [Patient Services],14.13.3,Health Facility Services/Patient Services/Number of post operative Surgical Site infection,TOTAL,137,NA,2,2,NA,NA,0,NA,0,NA,NA,NA,NA,0,NA,0,NA,0,2,NA,NA,NA,0,NA,5,0,NA,NA,NA,NA,NA,NA,126,NA,NA,0
M14 [Patient Services],14.14.a,Number of patients given AYUSH treatment,TOTAL,544175,7661,6688,20084,14122,20272,22794,11136,26945,26668,8605,15535,24955,8719,12824,13851,16631,31344,10872,23182,8328,17095,16342,11900,20399,17406,22487,9285,13510,8331,7036,7744,12530,27395,8041,13458
M14 [Patient Services],14.14.b,Number of patients on whom Dental Procedure was conducted,TOTAL,33249,528,69,901,693,464,697,11459,1192,854,49,722,1279,477,876,570,758,426,465,1043,386,1194,244,339,301,2389,249,427,447,623,54,506,927,1229,33,379
M14 [Patient Services],14.14.c,Number of Adolescents counselled,TOTAL,57257,2438,214,1400,1163,436,3468,5046,1079,1375,2033,3137,729,1106,1693,1193,925,373,398,2301,2458,2412,997,1480,846,1982,1368,400,5467,994,1326,3840,1715,607,447,411
M15 [Laboratory Testing],15.1.a,Health Facility Services/Laboratory Testing/Total Number of lab Tests Done,TOTAL,756417,31291,12085,46968,2601,13233,34396,NA,21711,NA,NA,17100,NA,26471,23165,13727,NA,2006,13622,47960,23870,64557,17736,NA,40360,31382,14274,10630,NA,23544,13477,NA,168403,10016,31832,0
M15 [Laboratory Testing],15.1.1.a,Number of Haemoglobin (Hb) tests conducted,TOTAL,820783,24567,8390,21525,15505,13307,18398,200972,13923,23806,9139,15614,14567,8613,21167,9640,25378,10942,14525,18453,14451,32151,12331,22767,13708,68388,10372,9938,10540,23425,15044,16475,53546,8719,10292,10205
M15 [Laboratory Testing],15.1.1.b,"Out of the total number of Hb tests conducted, number of cases having Hb less than 7gm/dl",TOTAL,27450,306,111,1010,1245,275,296,5976,483,1322,812,708,246,158,1575,182,339,257,322,1314,805,1345,597,348,710,1471,284,239,130,617,305,189,1049,1813,237,374
M15 [Laboratory Testing],15.1.2.a,Number of HIV tests conducted on males,1. Number tested,81396,2608,1264,4826,1618,1542,938,11369,1986,3558,1617,698,1170,972,1362,2073,2566,1916,2841,1967,1176,5106,2045,2535,946,4552,2239,1218,1383,1902,882,1778,4343,1085,985,2330
M15 [Laboratory Testing],15.1.2.a,Number of HIV tests conducted on males,2. Number Positive,1002,28,3,19,8,9,1,270,8,20,5,2,5,7,8,18,24,118,27,38,13,50,19,17,9,63,19,10,12,23,1,31,80,8,6,23
M15 [Laboratory Testing],15.1.2.b,Number of HIV tests conducted on Female-Non ANC (i.e. non pregnant females),1. Number tested,64463,2178,938,2691,1779,797,1082,7982,2338,1562,1490,448,637,868,1477,1228,2322,1995,1456,1755,1379,4505,1489,2045,1021,4154,1994,1122,1514,1133,619,1817,3522,823,617,1686
M15 [Laboratory Testing],15.1.2.b,Number of HIV tests conducted on Female-Non ANC (i.e. non pregnant females),2. Number Positive,697,18,3,6,5,8,1,217,7,18,6,4,6,7,5,6,20,9,6,22,9,30,18,17,16,52,17,8,16,18,4,36,58,7,2,15
M15 [Laboratory Testing],15.1.2.c,Number of HIV tests conducted on Female with ANC (i.e. pregnant females),1. Number tested,100674,4389,1460,3195,3406,1394,1417,8547,2518,2854,2228,791,1407,2161,3224,2382,2782,2871,3823,2296,2462,7338,2533,4740,1132,9161,2178,950,1871,1674,684,1602,7152,992,867,2193
M15 [Laboratory Testing],15.1.2.c,Number of HIV tests conducted on Female with ANC (i.e. pregnant females),2. Number Positive,85,10,0,0,1,0,2,18,0,3,0,0,2,2,0,1,1,0,1,2,0,7,2,2,1,16,1,0,2,0,0,1,7,0,1,2
M15 [Laboratory Testing],15.1.2.d,Total number of HIV tests conducted (sum of items 15.1.2.a to 15.1.2.c),1. Number tested,246533,9175,3662,10712,6803,3733,3437,27898,6842,7974,5335,1937,3214,4001,6063,5683,7670,6782,8120,6018,5017,16949,6067,9320,3099,17867,6411,3290,4768,4709,2185,5197,15017,2900,2469,6209
M15 [Laboratory Testing],15.1.2.d,Total number of HIV tests conducted (sum of items 15.1.2.a to 15.1.2.c),2. Number Positive,1784,56,6,25,14,17,4,505,15,41,11,6,13,16,13,25,45,127,34,62,22,87,39,36,26,131,37,18,30,41,5,68,145,15,9,40
M15 [Laboratory Testing],15.2,Number of Widal tests conducted,Number tested,36536,432,241,548,636,763,634,4305,1541,686,235,458,476,1587,1563,510,646,622,993,787,901,2270,1264,1226,1677,4290,552,442,462,615,626,358,2641,444,559,546
M15 [Laboratory Testing],15.3.a,Number of VDRL tests conducted on males,Number tested,10795,409,2,1376,6,159,49,3040,203,78,3,114,39,298,5,23,223,56,616,150,33,234,404,115,180,449,405,78,61,225,117,103,1041,165,336,0
M15 [Laboratory Testing],15.3.b,Number of VDRL tests conducted on Female-Non ANC (i.e. non pregnant females),Number tested,13361,733,36,243,192,656,101,3701,117,53,19,198,31,194,82,85,405,201,513,237,280,369,452,251,122,1285,307,69,89,468,113,153,1103,232,265,6
M15 [Laboratory Testing],15.3.c,Number of VDRL tests conducted on Female with ANC (i.e. pregnant females),Number tested,63217,2007,453,2434,1204,1037,1083,7320,736,1162,550,611,341,1176,2118,799,1268,1396,2781,1121,642,3326,888,3113,987,10255,1252,870,1183,1246,552,652,6818,937,557,342
M15 [Laboratory Testing],15.3.d,Total number of VDRL tests conducted (sum of items 15.3.a to 15.3.c),Number tested,87373,3149,491,4053,1402,1852,1233,14061,1056,1293,572,923,411,1668,2205,907,1896,1653,3910,1508,955,3929,1744,3479,1289,11989,1964,1017,1333,1939,782,908,8962,1334,1158,348
M15 [Laboratory Testing],15.4.1,Number of blood smears examined for Malaria,TOTAL,1600714,46901,32930,48939,23926,44837,29622,135478,28346,75390,29456,72396,70202,13282,44403,24818,45333,23349,45554,39763,23844,82057,22944,38006,23872,186151,16427,26531,30931,52220,13449,36640,58093,35252,19907,59465
M15 [Laboratory Testing],15.4.2,"Out of blood smears examined for malaria, number of blood smears tested positive for Plasmodium Vivax",TOTAL,2924,0,9,49,2,2,5,1398,5,54,13,233,74,0,6,0,8,6,16,8,35,22,0,54,2,49,214,3,7,31,27,2,549,2,7,32
M15 [Laboratory Testing],15.4.3,"Out of blood smears examined for malaria, number of blood smears tested positive for Plasmodium Falciparum",TOTAL,745,0,2,3,0,1,0,152,0,30,0,470,24,0,0,0,0,0,8,0,12,2,0,2,0,12,7,0,0,2,0,0,16,1,0,1
M16 [Stock Position (During the month)],16.1.1,Stock position of DPT vaccines,1. Balance From Previous Month,205777,0,150,15850,500,10000,3800,NA,160,1000,0,7350,5000,6500,92950,5000,1540,900,100,6945,0,10570,2083,220,4850,50,10500,4960,390,200,1290,0,0,0,1200,11719
M16 [Stock Position (During the month)],16.1.1,Stock position of DPT vaccines,2. Stocks Received,80147,0,0,0,5000,0,1500,14362,0,0,0,2500,0,0,1000,0,13000,0,10200,10000,0,543,2910,0,9000,0,0,5000,1000,0,0,0,0,2500,0,1632
M16 [Stock Position (During the month)],16.1.1,Stock position of DPT vaccines,3. Unusable Stock,7167,0,0,0,0,0,0,538,0,0,0,0,NA,0,0,0,0,0,0,0,0,4366,0,0,0,0,0,0,0,0,0,0,0,0,0,2263
M16 [Stock Position (During the month)],16.1.1,Stock position of DPT vaccines,4. Stock Distributed,124360,0,150,15850,5500,8910,1800,NA,160,1000,0,6000,2900,0,400,5000,14540,500,10100,8970,0,5517,3277,220,9500,50,10500,1500,1390,0,0,0,0,2500,1200,6926
M16 [Stock Position (During the month)],16.1.1,Stock position of DPT vaccines,5. Total Stock,154397,0,0,0,0,1090,3500,13824,0,0,0,3850,2100,6500,93550,0,0,400,200,7975,0,1230,1716,0,4350,0,0,8460,0,200,1290,0,0,0,0,4162
M16 [Stock Position (During the month)],16.1.1A,Stock Position of Pentavalent,1. Balance From Previous Month,396540,6590,24530,11870,6000,10370,7402,24699,7420,4150,19160,1560,18190,17000,32200,14080,7650,14000,1250,2947,8520,40570,5179,13120,7150,11110,1848,7500,16810,29070,0,9410,2390,5310,NA,7485
M16 [Stock Position (During the month)],16.1.1A,Stock Position of Pentavalent,2. Stocks Received,303277,24400,0,0,14220,0,15000,18596,0,14400,0,15760,0,0,22000,4320,13550,0,9450,8000,0,21949,6030,3000,6500,14400,19800,15000,0,NA,0,22640,12720,5760,NA,15782
M16 [Stock Position (During the month)],16.1.1A,Stock Position of Pentavalent,3. Unusable Stock,8733,0,0,0,0,0,0,460,6320,0,0,0,0,0,0,0,0,0,0,0,0,1408,0,0,0,0,0,0,0,NA,0,0,NA,0,NA,545
M16 [Stock Position (During the month)],16.1.1A,Stock Position of Pentavalent,4. Stock Distributed,372982,19680,10080,9950,19720,5230,17000,19443,1100,10800,19160,7100,5320,0,19000,15300,18390,NA,10700,8790,3120,25361,5207,12720,10800,21580,0,3250,11730,12460,0,23550,11720,5280,NA,9441
M16 [Stock Position (During the month)],16.1.1A,Stock Position of Pentavalent,5. Total Stock,318102,11310,14450,1920,500,5140,5402,23392,0,7750,0,10220,12870,17000,35200,3100,2810,14000,0,2157,5400,35750,6002,3400,2850,3930,21648,19250,5080,16610,0,8500,3390,5790,0,13281
M16 [Stock Position (During the month)],16.1.2,Stock position of OPV vaccines,1. Balance From Previous Month,505041,44260,0,22400,100,33700,4000,NA,8500,0,0,3700,30260,1000,107800,0,28660,15120,700,2014,24700,49340,5044,8220,0,15560,5300,0,34200,18540,3580,17900,3200,7370,1400,8473
M16 [Stock Position (During the month)],16.1.2,Stock position of OPV vaccines,2. Stocks Received,741266,20000,0,0,20000,0,2500,368946,0,0,0,30000,0,0,18000,20000,1640,10000,24300,10000,0,42000,5820,10000,0,30000,26000,0,0,2000,3000,40000,15000,15000,10000,17060
M16 [Stock Position (During the month)],16.1.2,Stock position of OPV vaccines,3. Unusable Stock,19501,0,0,0,0,0,0,1206,7800,0,0,0,0,0,0,0,0,0,0,0,0,9616,0,0,0,0,0,0,0,0,0,0,NA,0,0,879
M16 [Stock Position (During the month)],16.1.2,Stock position of OPV vaccines,4. Stock Distributed,767127,44160,0,15500,2000,9360,2900,341007,700,0,0,14000,11080,0,16000,7800,22420,19900,24000,8904,18300,34024,7072,13360,0,15380,12300,0,20220,14720,3440,34500,18100,10680,10500,14800
M16 [Stock Position (During the month)],16.1.2,Stock position of OPV vaccines,5. Total Stock,459679,20100,0,6900,18100,24340,3600,26733,0,0,0,19700,19180,1000,109800,12200,7880,5220,1000,3110,6400,47700,3792,4860,0,30180,19000,0,13980,5820,3140,23400,100,11690,900,9854
M16 [Stock Position (During the month)],16.1.3,Stock position of TT vaccines,1. Balance From Previous Month,600325,1910,26850,20000,1000,24540,9000,23417,7400,0,26900,9000,20070,4000,150530,12000,11750,17050,3800,4440,10600,73388,5000,13900,2050,3410,3000,22500,50550,50,4940,15000,4250,1340,4900,11790
M16 [Stock Position (During the month)],16.1.3,Stock position of TT vaccines,2. Stocks Received,403761,40000,0,0,15000,0,2000,20055,0,20000,0,0,0,0,20000,8000,29790,16000,18700,5000,0,31001,10565,5000,6500,35000,17000,10000,0,28000,2000,27000,10000,7500,5000,14650
M16 [Stock Position (During the month)],16.1.3,Stock position of TT vaccines,3. Unusable Stock,7977,0,0,0,0,0,0,308,6200,0,0,0,0,0,0,0,0,0,0,0,0,607,0,0,0,0,0,0,0,0,0,0,NA,0,0,862
M16 [Stock Position (During the month)],16.1.3,Stock position of TT vaccines,4. Stock Distributed,528671,38430,23450,15800,5000,12150,5000,18409,1200,18350,26900,7500,10620,0,14000,12000,33240,15500,22200,8940,8700,43717,7852,19350,7000,3410,6800,8000,43400,26800,830,26100,8900,6700,7000,15423
M16 [Stock Position (During the month)],16.1.3,Stock position of TT vaccines,5. Total Stock,467438,3480,3400,4200,11000,12390,6000,24755,0,1650,0,1500,9450,4000,156530,8000,8300,17550,300,500,1900,60065,7713,-450,1550,35000,13200,24500,7150,1250,6110,15900,5350,2140,2900,10155
M16 [Stock Position (During the month)],16.1.4,Stock position of DT vaccines,1. Balance From Previous Month,10937,0,0,0,0,0,NA,NA,0,0,0,0,0,0,0,0,0,0,0,0,0,0,0,NA,10930,0,0,0,0,NA,0,0,NA,0,NA,7
M16 [Stock Position (During the month)],16.1.4,Stock position of DT vaccines,2. Stocks Received,3500,0,0,0,0,0,NA,NA,0,0,0,0,0,0,0,0,0,0,0,0,0,0,0,NA,3500,0,0,0,0,NA,0,0,NA,0,NA,0
M16 [Stock Position (During the month)],16.1.4,Stock position of DT vaccines,3. Unusable Stock,0,0,0,0,0,0,0,NA,0,0,0,0,0,0,0,0,0,0,0,0,0,0,0,NA,0,0,0,0,0,NA,0,0,NA,0,NA,0
M16 [Stock Position (During the month)],16.1.4,Stock position of DT vaccines,4. Stock Distributed,9542,0,0,0,0,0,NA,NA,0,0,0,0,0,0,0,0,0,0,0,0,0,0,0,NA,9540,0,0,0,0,NA,0,0,NA,0,NA,2
M16 [Stock Position (During the month)],16.1.4,Stock position of DT vaccines,5. Total Stock,4895,0,0,0,0,0,0,0,0,0,0,0,0,0,0,0,0,0,0,0,0,0,0,0,4890,0,0,0,0,0,0,0,0,0,0,5
M16 [Stock Position (During the month)],16.1.5,Stock position of BCG vaccines,1. Balance From Previous Month,434142,5540,13700,14800,2950,9370,8200,16230,3000,3850,11600,7850,7160,9000,159930,10000,14750,850,2800,4592,14200,36110,4220,6400,10500,8670,100,5700,10900,4300,5520,8700,2600,2540,1000,6510
M16 [Stock Position (During the month)],16.1.5,Stock position of BCG vaccines,2. Stocks Received,319712,15000,0,0,10000,0,50000,17535,0,5300,0,20000,0,0,42000,10000,920,20000,17200,5000,0,20089,5583,1000,4000,10000,10000,5000,0,10000,2000,15000,6000,5000,5000,8085
M16 [Stock Position (During the month)],16.1.5,Stock position of BCG vaccines,3. Unusable Stock,9445,0,0,0,0,0,0,793,2600,0,0,0,0,0,0,0,0,0,0,0,0,5553,0,0,0,0,0,0,0,0,0,0,NA,0,0,499
M16 [Stock Position (During the month)],16.1.5,Stock position of BCG vaccines,4. Stock Distributed,328527,16800,6650,5300,3000,3330,52000,15548,400,6580,11600,17800,3100,0,28000,13400,10470,10800,11000,8950,7000,12626,4442,6030,9800,9380,3400,4300,6750,8050,1440,9400,7200,3470,4300,6211
M16 [Stock Position (During the month)],16.1.5,Stock position of BCG vaccines,5. Total Stock,415882,3740,7050,9500,9950,6040,6200,17424,0,2570,0,10050,4060,9000,173930,6600,5200,10050,9000,642,7200,38020,5361,1370,4700,9290,6700,6400,4150,6250,6080,14300,1400,4070,1700,7885
M16 [Stock Position (During the month)],16.1.6,Stock position of Measles vaccines,1. Balance From Previous Month,314640,3150,6160,3250,2500,9975,8400,9019,0,1200,11600,4650,7150,4500,76190,4500,12800,5400,1000,3126,11350,46285,3455,3635,8900,7625,100,8300,16650,6370,4780,8400,3550,4915,0,5755
M16 [Stock Position (During the month)],16.1.6,Stock position of Measles vaccines,2. Stocks Received,294257,20000,0,0,10000,0,26000,14410,0,10000,0,20000,0,0,45000,10000,3490,10000,9000,10000,0,15237,4445,5000,7300,15000,10000,5000,0,10000,2000,15000,5000,5000,3000,4375
M16 [Stock Position (During the month)],16.1.6,Stock position of Measles vaccines,3. Unusable Stock,4107,0,0,0,0,0,0,490,0,0,0,0,0,0,0,0,0,0,0,0,0,3346,0,0,0,0,0,0,0,0,0,0,NA,0,0,271
M16 [Stock Position (During the month)],16.1.6,Stock position of Measles vaccines,4. Stock Distributed,304056,16400,4215,3250,5000,5110,30000,12695,0,5880,9700,10700,3850,0,36000,11500,11325,8350,8750,9120,3150,17406,5605,7030,9630,14500,3100,2500,7875,9475,1060,10600,7400,4330,2900,5650
M16 [Stock Position (During the month)],16.1.6,Stock position of Measles vaccines,5. Total Stock,300734,6750,1945,0,7500,4865,4400,10244,0,5320,1900,13950,3300,4500,85190,3000,4965,7050,1250,4006,8200,40770,2295,1605,6570,8125,7000,10800,8775,6895,5720,12800,1150,5585,100,4209
M16 [Stock Position (During the month)],16.1.7,Stock position of JE vaccines,1. Balance From Previous Month,38570,0,0,2450,0,6250,5000,NA,0,0,0,2100,3950,0,0,0,0,11990,0,0,0,0,0,NA,0,0,0,0,0,NA,0,0,NA,0,1500,5330
M16 [Stock Position (During the month)],16.1.7,Stock position of JE vaccines,2. Stocks Received,4350,0,0,0,0,0,1000,NA,0,0,0,2000,0,0,0,0,0,0,0,0,0,0,0,NA,0,0,0,0,0,NA,0,0,NA,0,0,1350
M16 [Stock Position (During the month)],16.1.7,Stock position of JE vaccines,3. Unusable Stock,625,0,0,0,0,0,0,NA,0,0,0,0,0,0,0,0,0,0,0,0,0,0,0,NA,0,0,0,0,0,NA,0,0,NA,0,0,625
M16 [Stock Position (During the month)],16.1.7,Stock position of JE vaccines,4. Stock Distributed,31130,0,0,2450,0,6250,3000,NA,0,0,0,1800,2900,0,0,0,0,8690,0,0,0,0,0,NA,0,0,0,0,0,NA,0,0,NA,0,1500,4540
M16 [Stock Position (During the month)],16.1.7,Stock position of JE vaccines,5. Total Stock,11165,0,0,0,0,0,3000,0,0,0,0,2300,1050,0,0,0,0,3300,0,0,0,0,0,0,0,0,0,0,0,0,0,0,0,0,0,1515
M16 [Stock Position (During the month)],16.1.8,Stock position of Hepatitis B vaccines,1. Balance From Previous Month,276038,14900,5690,0,5000,7320,22700,5225,2050,10870,20200,8800,2000,3000,31950,6700,4170,6500,1400,4270,19400,16220,2502,13880,11550,40,5400,4550,1820,12160,4690,5300,1650,1940,1500,10691
M16 [Stock Position (During the month)],16.1.8,Stock position of Hepatitis B vaccines,2. Stocks Received,99453,10500,0,0,0,0,NA,2551,0,4000,0,0,0,0,24000,4000,0,0,5200,7000,0,10575,707,0,8320,4500,10000,0,0,0,0,3000,1000,0,0,4100
M16 [Stock Position (During the month)],16.1.8,Stock position of Hepatitis B vaccines,3. Unusable Stock,3352,0,0,0,0,0,0,185,1750,0,0,0,0,0,0,0,0,0,0,0,0,978,0,0,0,0,0,0,0,0,0,0,NA,0,0,439
M16 [Stock Position (During the month)],16.1.8,Stock position of Hepatitis B vaccines,4. Stock Distributed,98131,2030,1600,0,3000,2250,NA,3473,300,470,11500,500,200,0,17000,6000,420,1650,2300,8760,8950,2807,619,1320,10200,3800,1800,200,760,300,610,1300,800,1040,0,2172
M16 [Stock Position (During the month)],16.1.8,Stock position of Hepatitis B vaccines,5. Total Stock,274008,23370,4090,0,2000,5070,22700,4118,0,14400,8700,8300,1800,3000,38950,4700,3750,4850,4300,2510,10450,23010,2590,12560,9670,740,13600,4350,1060,11860,4080,7000,1850,900,1500,12180
M16 [Stock Position (During the month)],16.2.1,Stock Position of IU 380 A (to be used for Family Planning),1. Balance From Previous Month,231540,0,3950,1049,2000,5550,1700,5573,2414,10752,1800,9400,0,6000,111620,600,0,4800,1350,3102,0,8814,6663,1650,0,50,0,0,1400,15153,5050,11398,1150,6500,0,2052
M16 [Stock Position (During the month)],16.2.1,Stock Position of IU 380 A (to be used for Family Planning),2. Stocks Received,56118,6576,0,0,0,0,150,761,0,0,6000,0,NA,0,40000,0,0,0,0,0,0,36,1833,0,0,0,0,0,0,0,0,0,NA,0,0,762
M16 [Stock Position (During the month)],16.2.1,Stock Position of IU 380 A (to be used for Family Planning),3. Unusable Stock,2415,0,0,0,0,0,0,3,2314,0,0,0,NA,0,0,0,0,0,0,0,0,12,0,0,0,0,0,0,0,0,0,0,NA,0,0,86
M16 [Stock Position (During the month)],16.2.1,Stock Position of IU 380 A (to be used for Family Planning),4. Stock Distributed,39820,600,400,274,1000,1000,1600,917,100,2000,0,0,NA,0,24000,0,0,0,200,1780,0,329,573,1650,0,0,0,0,0,100,300,2150,0,200,0,647
M16 [Stock Position (During the month)],16.2.1,Stock Position of IU 380 A (to be used for Family Planning),5. Total Stock,245423,5976,3550,775,1000,4550,250,5414,0,8752,7800,9400,0,6000,127620,600,0,4800,1150,1322,0,8509,7923,0,0,50,0,0,1400,15053,4750,9248,1150,6300,0,2081
M16 [Stock Position (During the month)],16.2.2,Stock Position of Condoms (to be used for Family Planning),1. Balance From Previous Month,3853033,118050,6000,58231,5400,76170,327200,293700,168300,48200,0,61480,60050,59100,675322,111110,153580,27780,7500,63340,0,235227,212626,87750,10500,582086,0,0,1400,12270,0,294904,9900,31440,0,54417
M16 [Stock Position (During the month)],16.2.2,Stock Position of Condoms (to be used for Family Planning),2. Stocks Received,1260181,238500,0,0,170000,0,50000,108080,0,0,54000,27000,0,0,80000,0,0,0,0,50000,0,1519,51898,0,5000,0,0,0,0,0,0,388800,NA,0,0,35384
M16 [Stock Position (During the month)],16.2.2,Stock Position of Condoms (to be used for Family Planning),3. Unusable Stock,147021,0,0,0,0,0,0,NA,144000,0,0,0,0,0,0,0,0,0,0,0,0,0,0,0,0,0,0,0,0,0,0,0,NA,0,0,3021
M16 [Stock Position (During the month)],16.2.2,Stock Position of Condoms (to be used for Family Planning),4. Stock Distributed,1746638,56700,5000,36077,50000,15300,100000,157032,24300,20700,0,38530,0,0,55000,78610,145800,13140,4500,67540,0,26389,40536,15330,8500,567000,0,0,0,12270,0,166050,9900,5400,0,27034
M16 [Stock Position (During the month)],16.2.2,Stock Position of Condoms (to be used for Family Planning),5. Total Stock,3219555,299850,1000,22154,125400,60870,277200,244748,0,27500,54000,49950,60050,59100,700322,32500,7780,14640,3000,45800,0,210357,223988,72420,7000,15086,0,0,1400,0,0,517654,0,26040,0,59746
M16 [Stock Position (During the month)],16.2.3,Stock Position of Oral Contraceptive (to be used for Family Planning),1. Balance From Previous Month,2060175,31380,4400,424,1000,17900,NA,31322,19020,17370,0,16300,1800,10650,1590400,4000,0,0,1500,772,0,39523,13572,157000,5020,4268,0,0,7000,25048,0,44400,2600,4350,NA,9156
M16 [Stock Position (During the month)],16.2.3,Stock Position of Oral Contraceptive (to be used for Family Planning),2. Stocks Received,211720,70180,0,12000,15000,0,NA,4000,0,0,3000,5000,NA,0,26000,0,0,0,0,1000,0,260,5567,0,6000,0,0,0,0,0,0,60000,NA,0,NA,3713
M16 [Stock Position (During the month)],16.2.3,Stock Position of Oral Contraceptive (to be used for Family Planning),3. Unusable Stock,16750,0,0,0,0,0,0,NA,16020,0,0,0,NA,0,0,0,0,0,0,0,0,6,0,0,0,0,0,0,0,0,0,0,NA,0,NA,724
M16 [Stock Position (During the month)],16.2.3,Stock Position of Oral Contraceptive (to be used for Family Planning),4. Stock Distributed,124634,13800,1000,4707,5000,2850,NA,8148,3000,4100,0,11300,700,0,13000,0,0,0,0,1180,0,2885,3303,1700,5000,4268,0,0,0,12100,0,22200,NA,600,NA,3793
M16 [Stock Position (During the month)],16.2.3,Stock Position of Oral Contraceptive (to be used for Family Planning),5. Total Stock,2130511,87760,3400,7717,11000,15050,0,27174,0,13270,3000,10000,1100,10650,1603400,4000,0,0,1500,592,0,36892,15836,155300,6020,0,0,0,7000,12948,0,82200,2600,3750,0,8352
M16 [Stock Position (During the month)],16.2.4,Stock Position of Emergency Contraceptive (to be used for Family Planning),1. Balance From Previous Month,71875,0,1200,20,500,600,2060,254,7500,0,20,0,15,1300,35320,210,0,0,0,180,0,0,3046,8780,0,50,0,0,0,800,0,6500,1405,820,NA,1295
M16 [Stock Position (During the month)],16.2.4,Stock Position of Emergency Contraceptive (to be used for Family Planning),2. Stocks Received,40130,4360,0,7400,0,0,1000,NA,0,0,2000,0,0,0,24000,50,0,0,0,0,0,0,165,0,0,0,0,0,0,0,0,0,NA,0,NA,1155
M16 [Stock Position (During the month)],16.2.4,Stock Position of Emergency Contraceptive (to be used for Family Planning),3. Unusable Stock,7613,0,0,0,0,0,0,NA,7200,0,0,0,0,0,0,0,0,0,0,0,0,0,0,0,0,0,0,0,0,0,0,0,NA,0,NA,413
M16 [Stock Position (During the month)],16.2.4,Stock Position of Emergency Contraceptive (to be used for Family Planning),4. Stock Distributed,24985,200,800,2874,400,150,2000,93,300,0,0,0,15,0,16000,0,0,0,0,90,0,0,113,400,0,0,0,0,0,0,0,600,NA,50,NA,900
M16 [Stock Position (During the month)],16.2.4,Stock Position of Emergency Contraceptive (to be used for Family Planning),5. Total Stock,79407,4160,400,4546,100,450,1060,161,0,0,2020,0,0,1300,43320,260,0,0,0,90,0,0,3098,8380,0,50,0,0,0,800,0,5900,1405,770,0,1137
M16 [Stock Position (During the month)],16.2.5,Stock Position of Tubal Rings (to be used for Family Planning),1. Balance From Previous Month,115582,1300,5010,2300,200,0,3700,290,5550,0,300,0,0,500,62420,4000,7050,1975,0,0,0,0,800,225,0,1700,100,0,2500,1562,2700,6000,400,5000,NA,0
M16 [Stock Position (During the month)],16.2.5,Stock Position of Tubal Rings (to be used for Family Planning),2. Stocks Received,42400,0,0,900,2000,0,1500,NA,0,9150,500,0,0,0,26000,0,0,0,0,0,0,0,0,1350,0,0,0,0,0,NA,0,0,1000,0,NA,0
M16 [Stock Position (During the month)],16.2.5,Stock Position of Tubal Rings (to be used for Family Planning),3. Unusable Stock,5550,0,0,0,0,0,0,NA,5550,0,0,0,0,0,0,0,0,0,0,0,0,0,0,0,0,0,0,0,0,NA,0,0,NA,0,NA,0
M16 [Stock Position (During the month)],16.2.5,Stock Position of Tubal Rings (to be used for Family Planning),4. Stock Distributed,18956,300,0,0,500,0,3000,6,0,0,0,0,0,0,12000,0,0,0,0,0,0,0,0,1150,0,700,0,0,500,NA,0,300,500,0,NA,0
M16 [Stock Position (During the month)],16.2.5,Stock Position of Tubal Rings (to be used for Family Planning),5. Total Stock,133476,1000,5010,3200,1700,0,2200,284,0,9150,800,0,0,500,76420,4000,7050,1975,0,0,0,0,800,425,0,1000,100,0,2000,1562,2700,5700,900,5000,0,0
M16 [Stock Position (During the month)],16.3.01,Stock Position of Oxytocin Injection,1. Balance From Previous Month,183594,680,700,8724,40,4470,10,6300,4510,0,0,0,1400,0,118500,0,0,210,5,350,1618,13600,3071,NA,5800,10,5790,0,2400,4400,340,0,NA,0,50,616
M16 [Stock Position (During the month)],16.3.01,Stock Position of Oxytocin Injection,2. Stocks Received,282656,13322,6800,0,0,6886,NA,6,9972,0,7258,4001,15540,0,65000,0,31174,0,34830,0,1133,0,1070,NA,5000,46000,9960,0,8692,0,3017,0,2668,0,9550,777
M16 [Stock Position (During the month)],16.3.01,Stock Position of Oxytocin Injection,3. Unusable Stock,13104,0,0,0,0,0,0,NA,13042,0,0,0,0,0,0,0,0,0,0,0,0,0,0,NA,0,0,0,0,0,0,0,0,NA,0,0,62
M16 [Stock Position (During the month)],16.3.01,Stock Position of Oxytocin Injection,4. Stock Distributed,91748,680,700,0,20,2150,NA,1701,1440,0,0,0,800,0,55000,0,0,0,0,151,830,0,828,NA,4000,0,12010,0,1180,200,110,0,NA,0,9550,398
M16 [Stock Position (During the month)],16.3.01,Stock Position of Oxytocin Injection,5. Total Stock,361398,13322,6800,8724,20,9206,10,4605,0,0,7258,4001,16140,0,128500,0,31174,210,34835,199,1921,13600,3313,0,6800,46010,3740,0,9912,4200,3247,0,2668,0,50,933
M16 [Stock Position (During the month)],16.3.02,Stock Position of Gloves,1. Balance From Previous Month,1647394,0,3220,300,15000,40850,NA,42274,75775,52000,7000,51565,257619,0,304600,11600,19047,61675,265132,44,0,86000,7582,NA,11100,4050,221800,3500,7800,36500,3950,0,600,15600,4000,37211
M16 [Stock Position (During the month)],16.3.02,Stock Position of Gloves,2. Stocks Received,85854,0,0,0,12000,0,NA,1273,0,0,0,0,0,0,50000,0,0,0,0,100,0,0,3275,NA,7500,0,0,0,0,0,0,0,NA,0,0,11706
M16 [Stock Position (During the month)],16.3.02,Stock Position of Gloves,3. Unusable Stock,48228,0,0,0,0,0,0,119,47500,0,0,0,0,0,0,0,0,0,0,0,0,0,0,NA,0,0,0,0,0,0,0,0,NA,0,0,609
M16 [Stock Position (During the month)],16.3.02,Stock Position of Gloves,4. Stock Distributed,167883,0,200,0,3000,12100,NA,5601,28275,0,0,3175,7100,0,46000,5375,200,3100,0,100,0,13000,2364,NA,9500,500,20000,900,600,400,500,0,200,0,0,5693
M16 [Stock Position (During the month)],16.3.02,Stock Position of Gloves,5. Total Stock,1517137,0,3020,300,24000,28750,0,37827,0,52000,7000,48390,250519,0,308600,6225,18847,58575,265132,44,0,73000,8493,0,9100,3550,201800,2600,7200,36100,3450,0,400,15600,4000,42615
M16 [Stock Position (During the month)],16.3.03,Stock Position of MVA Syringes,1. Balance From Previous Month,82700,0,0,0,0,0,NA,40,0,0,0,0,6750,0,63000,11400,0,0,0,0,0,0,8,NA,1500,0,0,0,0,NA,0,0,NA,0,NA,2
M16 [Stock Position (During the month)],16.3.03,Stock Position of MVA Syringes,2. Stocks Received,44000,0,0,0,0,0,NA,NA,0,0,0,0,0,0,44000,0,0,0,0,0,0,0,0,NA,0,0,0,0,0,NA,0,0,NA,0,NA,0
M16 [Stock Position (During the month)],16.3.03,Stock Position of MVA Syringes,3. Unusable Stock,2,0,0,0,0,0,0,2,0,0,0,0,0,0,0,0,0,0,0,0,0,0,0,NA,0,0,0,0,0,NA,0,0,NA,0,NA,0
M16 [Stock Position (During the month)],16.3.03,Stock Position of MVA Syringes,4. Stock Distributed,46105,0,0,0,0,0,NA,5,0,0,0,0,2000,0,38000,5600,0,0,0,0,0,0,0,NA,500,0,0,0,0,NA,0,0,NA,0,NA,0
M16 [Stock Position (During the month)],16.3.03,Stock Position of MVA Syringes,5. Total Stock,80593,0,0,0,0,0,0,33,0,0,0,0,4750,0,69000,5800,0,0,0,0,0,0,8,0,1000,0,0,0,0,0,0,0,0,0,0,2
M16 [Stock Position (During the month)],16.3.04,Stock Position of Fluconazole Tablets,1. Balance From Previous Month,717027,0,200,0,0,0,NA,46887,0,0,0,0,34,0,561900,7950,0,0,0,5196,0,0,650,NA,14590,50,77550,0,2000,NA,0,0,NA,0,NA,20
M16 [Stock Position (During the month)],16.3.04,Stock Position of Fluconazole Tablets,2. Stocks Received,77470,0,0,0,0,0,NA,5420,0,0,0,0,0,0,62000,0,0,0,0,5000,0,0,50,NA,5000,0,0,0,0,NA,0,0,NA,0,NA,0
M16 [Stock Position (During the month)],16.3.04,Stock Position of Fluconazole Tablets,3. Unusable Stock,500,0,0,0,0,0,0,500,0,0,0,0,0,0,0,0,0,0,0,0,0,0,0,NA,0,0,0,0,0,NA,0,0,NA,0,NA,0
M16 [Stock Position (During the month)],16.3.04,Stock Position of Fluconazole Tablets,4. Stock Distributed,100491,0,0,0,0,0,NA,12140,0,0,0,0,34,0,56000,3900,0,0,0,4567,0,0,300,NA,11000,0,10550,0,2000,NA,0,0,NA,0,NA,0
M16 [Stock Position (During the month)],16.3.04,Stock Position of Fluconazole Tablets,5. Total Stock,693506,0,200,0,0,0,0,39667,0,0,0,0,0,0,567900,4050,0,0,0,5629,0,0,400,0,8590,50,67000,0,0,0,0,0,0,0,0,20
M16 [Stock Position (During the month)],16.3.05,Stock Position of Blood Transfusion Sets,1. Balance From Previous Month,464994,0,0,0,0,0,NA,275,0,0,0,0,7150,0,452900,450,0,0,0,60,0,0,2,NA,0,0,3830,0,0,302,0,0,NA,0,NA,25
M16 [Stock Position (During the month)],16.3.05,Stock Position of Blood Transfusion Sets,2. Stocks Received,32002,0,0,0,0,0,NA,2,0,0,0,0,0,0,32000,0,0,0,0,0,0,0,0,NA,0,0,0,0,0,NA,0,0,NA,0,NA,0
M16 [Stock Position (During the month)],16.3.05,Stock Position of Blood Transfusion Sets,3. Unusable Stock,0,0,0,0,0,0,0,NA,0,0,0,0,0,0,0,0,0,0,0,0,0,0,0,NA,0,0,0,0,0,NA,0,0,NA,0,NA,0
M16 [Stock Position (During the month)],16.3.05,Stock Position of Blood Transfusion Sets,4. Stock Distributed,27073,0,0,0,0,0,NA,NA,0,0,0,0,800,0,26000,50,0,0,0,23,0,0,0,NA,0,0,200,0,0,NA,0,0,NA,0,NA,0
M16 [Stock Position (During the month)],16.3.05,Stock Position of Blood Transfusion Sets,5. Total Stock,469923,0,0,0,0,0,0,277,0,0,0,0,6350,0,458900,400,0,0,0,37,0,0,2,0,0,0,3630,0,0,302,0,0,0,0,0,25
M16 [Stock Position (During the month)],16.3.06,Stock Position of Gluteraldehyde solution of 2% concentration,1. Balance From Previous Month,1393,0,5,0,10,0,NA,3,0,0,0,0,114,0,0,7,0,0,1,815,0,0,169,NA,0,1,246,0,0,18,0,0,NA,0,NA,4
M16 [Stock Position (During the month)],16.3.06,Stock Position of Gluteraldehyde solution of 2% concentration,2. Stocks Received,2,0,0,0,0,0,NA,NA,0,0,0,0,0,0,0,0,0,0,0,0,0,0,2,NA,0,0,0,0,0,0,0,0,NA,0,NA,0
M16 [Stock Position (During the month)],16.3.06,Stock Position of Gluteraldehyde solution of 2% concentration,3. Unusable Stock,0,0,0,0,0,0,0,NA,0,0,0,0,0,0,0,0,0,0,0,0,0,0,0,NA,0,0,0,0,0,0,0,0,NA,0,NA,0
M16 [Stock Position (During the month)],16.3.06,Stock Position of Gluteraldehyde solution of 2% concentration,4. Stock Distributed,204,0,0,0,6,0,NA,3,0,0,0,0,8,0,0,0,0,0,0,160,0,0,20,NA,0,0,5,0,0,1,0,0,NA,0,NA,1
M16 [Stock Position (During the month)],16.3.06,Stock Position of Gluteraldehyde solution of 2% concentration,5. Total Stock,1191,0,5,0,4,0,0,0,0,0,0,0,106,0,0,7,0,0,1,655,0,0,151,0,0,1,241,0,0,17,0,0,0,0,0,3
M16 [Stock Position (During the month)],16.3.07,Stock Position of IFA Tablets,1. Balance From Previous Month,97831938,1320000,0,1349497,637000,635299,37949628,326703,2970763,38330,1172820,383218,218375,7214568,108800,1671771,18448435,0,770897,36100,1675618,320000,593694,NA,10980,852019,1425630,0,15144105,1231051,0,0,NA,360000,0,966637
M16 [Stock Position (During the month)],16.3.07,Stock Position of IFA Tablets,2. Stocks Received,32111704,5439956,0,1551253,0,0,50000,12671,0,0,2693031,0,0,0,74000,5921562,0,1490631,3262096,100000,2875517,0,313035,NA,3500,0,3600000,0,3285938,0,736397,0,NA,0,0,702117
M16 [Stock Position (During the month)],16.3.07,Stock Position of IFA Tablets,3. Unusable Stock,3087837,0,0,0,0,0,0,NA,2970763,0,0,0,0,0,0,0,0,0,0,0,0,0,0,NA,0,0,0,0,0,0,0,0,NA,0,0,117074
M16 [Stock Position (During the month)],16.3.07,Stock Position of IFA Tablets,4. Stock Distributed,18953703,425000,0,53381,400000,132299,400000,61931,0,35000,0,140061,26000,0,64000,1283105,23000,0,342100,80120,744500,90000,263626,NA,6800,257000,190000,0,12439943,1005000,0,0,NA,0,0,490837
M16 [Stock Position (During the month)],16.3.07,Stock Position of IFA Tablets,5. Total Stock,107902102,6334956,0,2847369,237000,503000,37599628,277443,0,3330,3865851,243157,192375,7214568,118800,6310228,18425435,1490631,3690893,55980,3806635,230000,643103,0,7680,595019,4835630,0,5990100,226051,736397,0,0,360000,0,1060843
M16 [Stock Position (During the month)],16.3.08,Stock Position of IFA Syrup (Paediatric),1. Balance From Previous Month,169161,0,0,0,0,0,NA,3231,0,0,0,0,100550,0,49900,100,0,0,0,0,0,0,0,NA,5840,10,7425,0,0,NA,0,0,NA,0,NA,2105
M16 [Stock Position (During the month)],16.3.08,Stock Position of IFA Syrup (Paediatric),2. Stocks Received,37573,0,0,0,0,0,NA,100,0,0,0,0,0,0,22000,320,0,0,0,0,0,0,200,NA,5000,0,0,0,0,NA,0,0,NA,0,NA,9953
M16 [Stock Position (During the month)],16.3.08,Stock Position of IFA Syrup (Paediatric),3. Unusable Stock,1025,0,0,0,0,0,0,NA,0,0,0,0,0,0,0,0,0,0,0,0,0,0,0,NA,0,0,0,0,0,NA,0,0,NA,0,NA,1025
M16 [Stock Position (During the month)],16.3.08,Stock Position of IFA Syrup (Paediatric),4. Stock Distributed,47682,0,0,0,0,0,NA,1178,0,0,0,0,15000,0,16000,90,0,0,0,0,0,0,155,NA,5000,0,1420,0,0,NA,0,0,NA,0,NA,8839
M16 [Stock Position (During the month)],16.3.08,Stock Position of IFA Syrup (Paediatric),5. Total Stock,158027,0,0,0,0,0,0,2153,0,0,0,0,85550,0,55900,330,0,0,0,0,0,0,45,0,5840,10,6005,0,0,0,0,0,0,0,0,2194
M16 [Stock Position (During the month)],16.3.09,Stock Position of Paediatrics Antibiotics (Cotrimaxozole and Injectable Gentamicin),1. Balance From Previous Month,337981,8000,2000,6250,200,2270,NA,NA,0,10300,0,0,0,0,0,9015,200,141000,984,5460,90950,0,5440,NA,0,100,3475,1050,0,39007,8190,0,NA,0,1800,2290
M16 [Stock Position (During the month)],16.3.09,Stock Position of Paediatrics Antibiotics (Cotrimaxozole and Injectable Gentamicin),2. Stocks Received,4140,0,0,0,0,0,NA,NA,0,0,0,0,0,0,0,0,0,0,0,0,0,0,520,NA,0,0,3600,0,0,NA,0,0,NA,0,0,20
M16 [Stock Position (During the month)],16.3.09,Stock Position of Paediatrics Antibiotics (Cotrimaxozole and Injectable Gentamicin),3. Unusable Stock,0,0,0,0,0,0,0,NA,0,0,0,0,0,0,0,0,0,0,0,0,0,0,0,NA,0,0,0,0,0,NA,0,0,NA,0,0,0
M16 [Stock Position (During the month)],16.3.09,Stock Position of Paediatrics Antibiotics (Cotrimaxozole and Injectable Gentamicin),4. Stock Distributed,81223,8000,1800,1500,0,2080,NA,NA,0,7950,0,0,0,0,0,4495,0,39000,0,2150,6100,0,1425,NA,0,90,3500,1050,0,NA,900,0,NA,0,900,283
M16 [Stock Position (During the month)],16.3.09,Stock Position of Paediatrics Antibiotics (Cotrimaxozole and Injectable Gentamicin),5. Total Stock,260898,0,200,4750,200,190,0,0,0,2350,0,0,0,0,0,4520,200,102000,984,3310,84850,0,4535,0,0,10,3575,0,0,39007,7290,0,0,0,900,2027
M16 [Stock Position (During the month)],16.3.10,Stock Position of Vitamin A solution,1. Balance From Previous Month,871167,5338,900,0,5000,1350,15409,NA,1100,1385,647,565,1905,1500,227600,300,0,3152,9950,1790,0,568713,NA,1860,6700,50,5259,0,350,6622,212,0,2550,360,600,NA
M16 [Stock Position (During the month)],16.3.10,Stock Position of Vitamin A solution,2. Stocks Received,36567,0,0,0,0,0,1200,NA,0,0,0,0,0,0,16000,0,0,0,0,0,0,0,4760,0,6500,0,0,0,0,NA,0,0,NA,0,0,8107
M16 [Stock Position (During the month)],16.3.10,Stock Position of Vitamin A solution,3. Unusable Stock,6556,0,0,0,0,0,0,NA,1000,0,0,0,0,0,0,0,0,0,0,0,0,3169,0,0,0,0,0,0,0,NA,0,0,NA,0,0,2387
M16 [Stock Position (During the month)],16.3.10,Stock Position of Vitamin A solution,4. Stock Distributed,207624,638,200,0,2000,120,2000,NA,100,125,0,79,110,0,14000,150,0,85,5250,1180,0,163191,3047,475,8500,40,50,0,0,NA,102,0,200,0,300,5682
M16 [Stock Position (During the month)],16.3.10,Stock Position of Vitamin A solution,5. Total Stock,693554,4700,700,0,3000,1230,14609,0,0,1260,647,486,1795,1500,229600,150,0,3067,4700,610,0,402353,1713,1385,4700,10,5209,0,350,6622,110,0,2350,360,300,38
M16 [Stock Position (During the month)],16.3.11,Stock of ORS (New WHO formulation),1. Balance From Previous Month,4089304,190000,94650,118000,150000,93760,72000,94020,120080,129200,0,226570,137780,24000,63450,293235,68030,196950,80500,824,0,51932,51600,248400,9500,317998,549500,86375,142090,189410,50000,0,39600,44000,88000,67850
M16 [Stock Position (During the month)],16.3.11,Stock of ORS (New WHO formulation),2. Stocks Received,969920,0,0,0,0,0,5000,22800,0,144000,225000,0,0,0,14000,267000,0,0,0,0,0,350,18437,0,6000,0,100500,0,0,138649,0,0,NA,0,0,28184
M16 [Stock Position (During the month)],16.3.11,Stock of ORS (New WHO formulation),3. Unusable Stock,65402,0,0,0,0,0,0,1000,62580,0,0,0,0,0,0,0,0,0,0,0,0,0,0,0,0,0,0,0,0,0,0,0,NA,0,0,1822
M16 [Stock Position (During the month)],16.3.11,Stock of ORS (New WHO formulation),4. Stock Distributed,1407848,78000,30000,25230,20000,0,12000,24246,57500,144000,91550,39838,14450,0,12000,277875,13700,39850,22550,556,0,28571,17948,19800,11000,1000,247900,64075,43360,0,7800,0,18000,0,18000,27049
M16 [Stock Position (During the month)],16.3.11,Stock of ORS (New WHO formulation),5. Total Stock,3585974,112000,64650,92770,130000,93760,65000,91574,0,129200,133450,186732,123330,24000,65450,282360,54330,157100,57950,268,0,23711,52089,228600,4500,316998,402100,22300,98730,328059,42200,0,21600,44000,70000,67163
M16 [Stock Position (During the month)],16.4.1,Stock Position of 0.1 ml Syringes(AD),1. Balance From Previous Month,730633,1000,13600,188000,0,13300,10400,43332,0,37,0,7600,10200,12500,80600,106300,2600,11200,10200,3670,0,66323,22201,16400,13600,2375,1260,3250,30200,17290,5400,12800,2500,900,9400,12195
M16 [Stock Position (During the month)],16.4.1,Stock Position of 0.1 ml Syringes(AD),2. Stocks Received,158077,15000,0,0,20000,0,120,5673,6000,0,15000,0,0,0,12000,0,15900,9000,0,0,0,0,5078,6000,17500,6000,3000,0,0,15000,0,0,NA,0,0,6806
M16 [Stock Position (During the month)],16.4.1,Stock Position of 0.1 ml Syringes(AD),3. Unusable Stock,7894,0,0,0,0,0,0,932,4000,0,0,0,0,0,0,0,0,0,0,0,0,2013,0,0,0,0,0,0,0,0,0,0,NA,0,0,949
M16 [Stock Position (During the month)],16.4.1,Stock Position of 0.1 ml Syringes(AD),4. Stock Distributed,187953,13000,1000,25230,15000,6000,500,8971,2000,0,0,2600,2000,0,8000,5500,12450,6800,4200,890,0,7984,4604,3800,20000,6605,1800,3250,6000,5750,300,6800,700,0,0,6219
M16 [Stock Position (During the month)],16.4.1,Stock Position of 0.1 ml Syringes(AD),5. Total Stock,692863,3000,12600,162770,5000,7300,10020,39102,0,37,15000,5000,8200,12500,84600,100800,6050,13400,6000,2780,0,56326,22675,18600,11100,1770,2460,0,24200,26540,5100,6000,1800,900,9400,11833
M16 [Stock Position (During the month)],16.4.2,Stock Position of 0.5 ml Syringes(AD),1. Balance From Previous Month,1603067,7400,20600,16800,10000,147900,16500,473,173200,0,0,5100,15100,5500,83400,99000,58500,0,40000,96,0,306043,33215,5200,6000,92100,8000,16700,89800,29500,24490,65000,11600,7200,126000,82650
M16 [Stock Position (During the month)],16.4.2,Stock Position of 0.5 ml Syringes(AD),2. Stocks Received,1123848,120000,0,108000,96000,0,200,48678,0,0,144000,0,0,0,10000,0,1300,144000,56000,0,0,600,53572,24000,9500,0,21600,0,0,134400,0,0,NA,0,0,151998
M16 [Stock Position (During the month)],16.4.2,Stock Position of 0.5 ml Syringes(AD),3. Unusable Stock,195111,0,0,0,0,0,0,1420,142800,0,0,0,0,0,0,0,0,0,0,0,0,1217,0,0,0,0,0,0,0,0,0,0,NA,0,0,49674
M16 [Stock Position (During the month)],16.4.2,Stock Position of 0.5 ml Syringes(AD),4. Stock Distributed,953546,113900,3400,36600,60000,73500,1250,51269,29400,0,0,3700,8500,0,6000,8800,50700,48900,56000,23,0,54078,24829,6200,12500,56700,17600,5000,62700,43400,4200,27200,9600,0,4900,72697
M16 [Stock Position (During the month)],16.4.2,Stock Position of 0.5 ml Syringes(AD),5. Total Stock,1578258,13500,17200,88200,46000,74400,15450,-3538,1000,0,144000,1400,6600,5500,87400,90200,9100,95100,40000,73,0,251348,61958,23000,3000,35400,12000,11700,27100,120500,20290,37800,2000,7200,121100,112277
M16 [Stock Position (During the month)],16.4.3,Stock Position of 5.0 ml Syringes(Disposable),1. Balance From Previous Month,5038258,5225,12400,1000,1200,104700,200,33406,1400,2100,0,18600,1100190,0,53600,730800,19900,11300,1205000,2120,416170,34013,10727,59600,25850,50060,837170,1900,34750,44950,11300,32000,8000,8000,31200,129427
M16 [Stock Position (During the month)],16.4.3,Stock Position of 5.0 ml Syringes(Disposable),2. Stocks Received,335601,10000,0,7000,5000,0,100,4357,0,0,10000,215000,0,0,8000,0,0,0,0,10000,0,0,3329,0,11000,0,0,0,0,10000,0,0,NA,0,0,41815
M16 [Stock Position (During the month)],16.4.3,Stock Position of 5.0 ml Syringes(Disposable),3. Unusable Stock,150888,0,0,0,0,0,0,152,400,0,0,0,0,0,0,0,0,0,0,0,0,60,0,0,0,0,0,0,0,0,0,0,NA,0,0,150276
M16 [Stock Position (During the month)],16.4.3,Stock Position of 5.0 ml Syringes(Disposable),4. Stock Distributed,767812,10600,9000,2000,4000,39400,150,6096,1000,0,0,18500,199190,0,4000,46300,6300,0,43800,9800,6500,1436,4040,2000,12000,4300,300000,1200,2925,4050,1800,3000,3500,0,0,20925
M16 [Stock Position (During the month)],16.4.3,Stock Position of 5.0 ml Syringes(Disposable),5. Total Stock,4455159,4625,3400,6000,2200,65300,150,31515,0,2100,10000,215100,901000,0,57600,684500,13600,11300,1161200,2320,409670,32517,10016,57600,24850,45760,537170,700,31825,50900,9500,29000,4500,8000,31200,41
M17 [Details of deaths reported during the month with probable causes:],17.1,Number of cases of Infant deaths within 24 hrs of birth,TOTAL,161,1,17,2,1,4,NA,NA,9,7,15,13,2,2,1,9,4,NA,6,1,5,3,3,NA,NA,11,NA,NA,14,3,1,NA,11,3,12,1
M17 [Details of deaths reported during the month with probable causes:],17.2.1,Number of cases of Infant deaths 24 hours to 4 weeks of birth with the probable cause being Sepsis,1. Up to 1 Weeks of Birth,51,1,8,NA,1,NA,NA,12,1,6,3,NA,1,1,1,NA,2,NA,NA,NA,NA,3,NA,2,1,4,NA,NA,1,NA,NA,NA,2,NA,NA,1
M17 [Details of deaths reported during the month with probable causes:],17.2.1,Number of cases of Infant deaths 24 hours to 4 weeks of birth with the probable cause being Sepsis,2. Between 1 week & 4 weeks of birth,27,NA,3,NA,NA,NA,NA,6,NA,4,1,NA,2,NA,1,NA,3,NA,NA,NA,NA,1,NA,NA,NA,1,NA,NA,2,NA,NA,NA,2,NA,1,NA
M17 [Details of deaths reported during the month with probable causes:],17.2.1,Number of cases of Infant deaths 24 hours to 4 weeks of birth with the probable cause being Sepsis,3. Total,78,1,11,NA,1,NA,NA,18,1,10,4,NA,3,1,2,NA,5,NA,NA,NA,NA,4,NA,2,1,5,NA,NA,3,NA,NA,NA,4,NA,1,1
M17 [Details of deaths reported during the month with probable causes:],17.2.2,Number of cases of Infant deaths 24 hours to 4 weeks of birth with the probable cause being Asphyxia,1. Up to 1 Weeks of Birth,118,3,13,9,NA,8,4,12,NA,4,1,7,4,2,6,1,2,NA,1,NA,7,8,NA,2,1,1,3,3,6,2,1,1,4,NA,NA,2
M17 [Details of deaths reported during the month with probable causes:],17.2.2,Number of cases of Infant deaths 24 hours to 4 weeks of birth with the probable cause being Asphyxia,2. Between 1 week & 4 weeks of birth,23,NA,1,3,NA,NA,NA,6,NA,1,NA,NA,1,NA,5,NA,1,NA,NA,1,NA,1,NA,NA,NA,NA,1,NA,1,NA,NA,NA,NA,NA,NA,1
M17 [Details of deaths reported during the month with probable causes:],17.2.2,Number of cases of Infant deaths 24 hours to 4 weeks of birth with the probable cause being Asphyxia,3. Total,141,3,14,12,NA,8,4,18,NA,5,1,7,5,2,11,1,3,NA,1,1,7,9,NA,2,1,1,4,3,7,2,1,1,4,NA,NA,3
M17 [Details of deaths reported during the month with probable causes:],17.2.3,Number of cases of Infant deaths 24 hours to 4 weeks of birth with the probable cause being LBW,1. Up to 1 Weeks of Birth,266,10,37,13,5,4,6,12,12,2,9,13,15,7,13,NA,8,1,3,3,11,11,1,9,1,4,3,5,8,6,NA,3,19,NA,3,9
M17 [Details of deaths reported during the month with probable causes:],17.2.3,Number of cases of Infant deaths 24 hours to 4 weeks of birth with the probable cause being LBW,2. Between 1 week & 4 weeks of birth,48,2,7,2,NA,3,4,4,1,NA,NA,2,3,NA,5,NA,1,NA,1,1,1,3,NA,1,NA,NA,NA,NA,3,NA,NA,NA,4,NA,NA,NA
M17 [Details of deaths reported during the month with probable causes:],17.2.3,Number of cases of Infant deaths 24 hours to 4 weeks of birth with the probable cause being LBW,3. Total,314,12,44,15,5,7,10,16,13,2,9,15,18,7,18,NA,9,1,4,4,12,14,1,10,1,4,3,5,11,6,NA,3,23,NA,3,9
M17 [Details of deaths reported during the month with probable causes:],17.2.4,"Number of cases of Infant deaths 24 hours to 4 weeks of birth with the probable cause being other than Sepsis, Asphyxia and LBW",1. Up to 1 Weeks of Birth,236,6,16,13,3,3,5,18,5,9,3,6,2,5,26,2,10,NA,2,1,7,14,NA,5,NA,16,2,2,25,3,NA,6,5,1,2,13
M17 [Details of deaths reported during the month with probable causes:],17.2.4,"Number of cases of Infant deaths 24 hours to 4 weeks of birth with the probable cause being other than Sepsis, Asphyxia and LBW",2. Between 1 week & 4 weeks of birth,52,1,2,3,1,3,NA,5,3,6,NA,3,NA,2,4,2,1,NA,3,NA,1,1,NA,NA,NA,1,NA,NA,4,1,NA,1,2,1,NA,1
M17 [Details of deaths reported during the month with probable causes:],17.2.4,"Number of cases of Infant deaths 24 hours to 4 weeks of birth with the probable cause being other than Sepsis, Asphyxia and LBW",3. Total,288,7,18,16,4,6,5,23,8,15,3,9,2,7,30,4,11,NA,5,1,8,15,NA,5,NA,17,2,2,29,4,NA,7,7,2,2,14
M17 [Details of deaths reported during the month with probable causes:],17.3.1,Number of cases of Infant or Child deaths between 1 month to 5 years of age with the probable cause being Pneumonia,1. Between 1 month and 11 months,93,4,3,15,1,1,2,8,NA,4,5,4,2,NA,1,NA,NA,NA,1,1,14,8,NA,2,NA,2,1,1,3,1,NA,1,4,NA,1,3
M17 [Details of deaths reported during the month with probable causes:],17.3.1,Number of cases of Infant or Child deaths between 1 month to 5 years of age with the probable cause being Pneumonia,2. Between 1 year & 5 years,40,2,NA,3,NA,NA,NA,1,NA,NA,3,1,1,NA,2,NA,NA,NA,NA,NA,6,7,NA,2,NA,5,1,2,2,NA,NA,NA,NA,NA,1,1
M17 [Details of deaths reported during the month with probable causes:],17.3.1,Number of cases of Infant or Child deaths between 1 month to 5 years of age with the probable cause being Pneumonia,3. Total,133,6,3,18,1,1,2,9,NA,4,8,5,3,NA,3,NA,NA,NA,1,1,20,15,NA,4,NA,7,2,3,5,1,NA,1,4,NA,2,4
M17 [Details of deaths reported during the month with probable causes:],17.3.2,Number of cases of Infant or Child deaths between 1 month to 5 years of age with the probable cause being Diarrhoea,1. Between 1 month and 11 months,NA,NA,NA,NA,NA,NA,NA,NA,NA,NA,NA,NA,NA,NA,NA,NA,NA,NA,NA,NA,NA,NA,NA,NA,NA,NA,NA,NA,NA,NA,NA,NA,NA,NA,NA,NA
M17 [Details of deaths reported during the month with probable causes:],17.3.2,Number of cases of Infant or Child deaths between 1 month to 5 years of age with the probable cause being Diarrhoea,2. Between 1 year & 5 years,NA,NA,NA,NA,NA,NA,NA,NA,NA,NA,NA,NA,NA,NA,NA,NA,NA,NA,NA,NA,NA,NA,NA,NA,NA,NA,NA,NA,NA,NA,NA,NA,NA,NA,NA,NA
M17 [Details of deaths reported during the month with probable causes:],17.3.2,Number of cases of Infant or Child deaths between 1 month to 5 years of age with the probable cause being Diarrhoea,3. Total,NA,NA,NA,NA,NA,NA,NA,NA,NA,NA,NA,NA,NA,NA,NA,NA,NA,NA,NA,NA,NA,NA,NA,NA,NA,NA,NA,NA,NA,NA,NA,NA,NA,NA,NA,NA
M17 [Details of deaths reported during the month with probable causes:],17.3.3,Number of cases of Infant or Child deaths between 1 month to 5 years of age with the probable cause being Fever related,1. Between 1 month and 11 months,3,NA,NA,NA,NA,NA,NA,3,NA,NA,NA,NA,NA,NA,NA,NA,NA,NA,NA,NA,NA,NA,NA,NA,NA,NA,NA,NA,NA,NA,NA,NA,NA,NA,NA,NA
M17 [Details of deaths reported during the month with probable causes:],17.3.3,Number of cases of Infant or Child deaths between 1 month to 5 years of age with the probable cause being Fever related,2. Between 1 year & 5 years,1,NA,NA,NA,NA,NA,NA,1,NA,NA,NA,NA,NA,NA,NA,NA,NA,NA,NA,NA,NA,NA,NA,NA,NA,NA,NA,NA,NA,NA,NA,NA,NA,NA,NA,NA
M17 [Details of deaths reported during the month with probable causes:],17.3.3,Number of cases of Infant or Child deaths between 1 month to 5 years of age with the probable cause being Fever related,3. Total,4,NA,NA,NA,NA,NA,NA,4,NA,NA,NA,NA,NA,NA,NA,NA,NA,NA,NA,NA,NA,NA,NA,NA,NA,NA,NA,NA,NA,NA,NA,NA,NA,NA,NA,NA
M17 [Details of deaths reported during the month with probable causes:],17.3.4,Number of cases of Infant or Child deaths between 1 month to 5 years of age with the probable cause being Measles,1. Between 1 month and 11 months,2,NA,NA,NA,NA,NA,NA,NA,NA,1,NA,NA,NA,NA,NA,NA,NA,NA,NA,NA,NA,NA,NA,1,NA,NA,NA,NA,NA,NA,NA,NA,NA,NA,NA,NA
M17 [Details of deaths reported during the month with probable causes:],17.3.4,Number of cases of Infant or Child deaths between 1 month to 5 years of age with the probable cause being Measles,2. Between 1 year & 5 years,1,NA,NA,NA,NA,NA,NA,NA,NA,NA,NA,NA,NA,1,NA,NA,NA,NA,NA,NA,NA,NA,NA,NA,NA,NA,NA,NA,NA,NA,NA,NA,NA,NA,NA,NA
M17 [Details of deaths reported during the month with probable causes:],17.3.4,Number of cases of Infant or Child deaths between 1 month to 5 years of age with the probable cause being Measles,3. Total,3,NA,NA,NA,NA,NA,NA,NA,NA,1,NA,NA,NA,1,NA,NA,NA,NA,NA,NA,NA,NA,NA,1,NA,NA,NA,NA,NA,NA,NA,NA,NA,NA,NA,NA
M17 [Details of deaths reported during the month with probable causes:],17.3.5,"Number of cases of Infant or Child deaths between 1 month to 5 years of age with the probable cause being other than Pneumonia, Diarrhoea, Fever related and Measles",1. Between 1 month and 11 months,239,10,13,16,1,7,3,1,5,12,2,9,3,5,17,1,9,2,4,6,15,10,1,6,NA,11,7,6,16,8,1,8,7,2,3,12
M17 [Details of deaths reported during the month with probable causes:],17.3.5,"Number of cases of Infant or Child deaths between 1 month to 5 years of age with the probable cause being other than Pneumonia, Diarrhoea, Fever related and Measles",2. Between 1 year & 5 years,237,9,5,17,5,4,8,1,4,9,5,11,2,2,11,3,3,2,10,9,23,27,1,11,3,9,3,NA,4,8,NA,3,9,2,6,8
M17 [Details of deaths reported during the month with probable causes:],17.3.5,"Number of cases of Infant or Child deaths between 1 month to 5 years of age with the probable cause being other than Pneumonia, Diarrhoea, Fever related and Measles",3. Total,476,19,18,33,6,11,11,2,9,21,7,20,5,7,28,4,12,4,14,15,38,37,2,17,3,20,10,6,20,16,1,11,16,4,9,20
M17 [Details of deaths reported during the month with probable causes:],17.4.1,Number of cases of Adolescent or Adult deaths (age 6 years & above) with the probable cause being Diarrhoeal diseases,1. 6-14 yrs,1,NA,NA,NA,NA,NA,NA,NA,NA,NA,NA,NA,NA,NA,NA,NA,NA,NA,NA,NA,NA,NA,NA,NA,NA,NA,NA,1,NA,NA,NA,NA,NA,NA,NA,NA
M17 [Details of deaths reported during the month with probable causes:],17.4.1,Number of cases of Adolescent or Adult deaths (age 6 years & above) with the probable cause being Diarrhoeal diseases,2. 15-55 yrs.,13,NA,1,NA,NA,NA,NA,1,NA,NA,NA,2,NA,NA,NA,NA,NA,NA,1,NA,NA,3,NA,1,NA,1,1,NA,1,NA,NA,NA,1,NA,NA,NA
M17 [Details of deaths reported during the month with probable causes:],17.4.1,Number of cases of Adolescent or Adult deaths (age 6 years & above) with the probable cause being Diarrhoeal diseases,3. Above 55 yrs.,13,NA,NA,NA,NA,NA,1,NA,NA,NA,NA,1,NA,NA,1,NA,1,NA,NA,2,1,1,NA,1,2,NA,NA,NA,1,NA,NA,NA,NA,NA,NA,1
M17 [Details of deaths reported during the month with probable causes:],17.4.1,Number of cases of Adolescent or Adult deaths (age 6 years & above) with the probable cause being Diarrhoeal diseases,4. Total,27,NA,1,NA,NA,NA,1,1,NA,NA,NA,3,NA,NA,1,NA,1,NA,1,2,1,4,NA,2,2,1,1,1,2,NA,NA,NA,1,NA,NA,1
M17 [Details of deaths reported during the month with probable causes:],17.4.2,Number of cases of Adolescent or Adult deaths (age 6 years & above) with the probable cause being Tuberculosis,1. 6-14 yrs,5,NA,NA,1,NA,NA,NA,1,NA,NA,NA,NA,NA,NA,NA,NA,NA,NA,NA,NA,NA,2,NA,NA,NA,NA,NA,1,NA,NA,NA,NA,NA,NA,NA,NA
M17 [Details of deaths reported during the month with probable causes:],17.4.2,Number of cases of Adolescent or Adult deaths (age 6 years & above) with the probable cause being Tuberculosis,2. 15-55 yrs.,190,5,1,7,1,7,1,20,2,4,2,8,1,1,6,NA,6,4,7,NA,6,8,1,7,3,11,4,16,5,9,2,2,25,2,NA,6
M17 [Details of deaths reported during the month with probable causes:],17.4.2,Number of cases of Adolescent or Adult deaths (age 6 years & above) with the probable cause being Tuberculosis,3. Above 55 yrs.,89,3,2,7,NA,4,1,2,NA,2,NA,1,1,4,3,NA,2,1,3,4,1,1,NA,2,2,6,8,6,1,3,NA,2,10,3,NA,4
M17 [Details of deaths reported during the month with probable causes:],17.4.2,Number of cases of Adolescent or Adult deaths (age 6 years & above) with the probable cause being Tuberculosis,4. Total,284,8,3,15,1,11,2,23,2,6,2,9,2,5,9,NA,8,5,10,4,7,11,1,9,5,17,12,23,6,12,2,4,35,5,NA,10
M17 [Details of deaths reported during the month with probable causes:],17.4.3,Number of cases of Adolescent or Adult deaths (age 6 years & above) with the probable cause being Respiratory diseases including infections,1. 6-14 yrs,8,1,NA,3,NA,NA,NA,2,NA,NA,NA,NA,NA,NA,NA,NA,NA,NA,NA,NA,NA,1,NA,NA,NA,NA,NA,NA,NA,NA,NA,NA,NA,NA,1,NA
M17 [Details of deaths reported during the month with probable causes:],17.4.3,Number of cases of Adolescent or Adult deaths (age 6 years & above) with the probable cause being Respiratory diseases including infections,2. 15-55 yrs.,190,6,2,18,2,7,NA,4,3,6,1,5,9,2,8,4,4,1,8,NA,7,11,NA,8,3,12,2,4,3,13,4,4,5,4,11,9
M17 [Details of deaths reported during the month with probable causes:],17.4.3,Number of cases of Adolescent or Adult deaths (age 6 years & above) with the probable cause being Respiratory diseases including infections,3. Above 55 yrs.,1618,46,52,127,19,97,4,7,22,74,18,58,78,31,67,40,53,33,100,49,55,83,4,27,28,25,19,15,47,52,32,19,21,93,35,88
M17 [Details of deaths reported during the month with probable causes:],17.4.3,Number of cases of Adolescent or Adult deaths (age 6 years & above) with the probable cause being Respiratory diseases including infections,4. Total,1816,53,54,148,21,104,4,13,25,80,19,63,87,33,75,44,57,34,108,49,62,95,4,35,31,37,21,19,50,65,36,23,26,97,47,97
M17 [Details of deaths reported during the month with probable causes:],17.4.4,Number of cases of Adolescent or Adult deaths (age 6 years & above) with the probable cause being Malaria,1. 6-14 yrs,NA,NA,NA,NA,NA,NA,NA,NA,NA,NA,NA,NA,NA,NA,NA,NA,NA,NA,NA,NA,NA,NA,NA,NA,NA,NA,NA,NA,NA,NA,NA,NA,NA,NA,NA,NA
M17 [Details of deaths reported during the month with probable causes:],17.4.4,Number of cases of Adolescent or Adult deaths (age 6 years & above) with the probable cause being Malaria,2. 15-55 yrs.,2,NA,NA,NA,NA,NA,NA,NA,NA,1,NA,NA,NA,NA,NA,NA,NA,NA,NA,NA,1,NA,NA,NA,NA,NA,NA,NA,NA,NA,NA,NA,NA,NA,NA,NA
M17 [Details of deaths reported during the month with probable causes:],17.4.4,Number of cases of Adolescent or Adult deaths (age 6 years & above) with the probable cause being Malaria,3. Above 55 yrs.,8,NA,NA,1,1,NA,1,NA,NA,1,NA,NA,NA,NA,NA,NA,1,NA,NA,NA,NA,NA,NA,NA,NA,1,NA,NA,NA,NA,NA,NA,1,NA,1,NA
M17 [Details of deaths reported during the month with probable causes:],17.4.4,Number of cases of Adolescent or Adult deaths (age 6 years & above) with the probable cause being Malaria,4. Total,10,NA,NA,1,1,NA,1,NA,NA,2,NA,NA,NA,NA,NA,NA,1,NA,NA,NA,1,NA,NA,NA,NA,1,NA,NA,NA,NA,NA,NA,1,NA,1,NA
M17 [Details of deaths reported during the month with probable causes:],17.4.5,Number of cases of Adolescent or Adult deaths (age 6 years & above) with the probable cause being other Fever related,1. 6-14 yrs,12,NA,NA,2,NA,NA,2,1,1,NA,2,NA,NA,NA,NA,NA,NA,NA,NA,NA,NA,NA,NA,NA,1,1,NA,NA,NA,NA,NA,1,1,NA,NA,NA
M17 [Details of deaths reported during the month with probable causes:],17.4.5,Number of cases of Adolescent or Adult deaths (age 6 years & above) with the probable cause being other Fever related,2. 15-55 yrs.,81,2,NA,5,1,1,2,8,2,9,1,6,7,1,5,NA,10,NA,1,1,2,4,NA,NA,NA,NA,1,1,NA,NA,NA,NA,4,1,1,5
M17 [Details of deaths reported during the month with probable causes:],17.4.5,Number of cases of Adolescent or Adult deaths (age 6 years & above) with the probable cause being other Fever related,3. Above 55 yrs.,115,2,NA,5,1,NA,3,5,3,2,1,1,5,NA,20,1,20,5,3,1,5,4,1,NA,3,NA,NA,NA,NA,4,NA,1,2,1,11,5
M17 [Details of deaths reported during the month with probable causes:],17.4.5,Number of cases of Adolescent or Adult deaths (age 6 years & above) with the probable cause being other Fever related,4. Total,208,4,NA,12,2,1,7,14,6,11,4,7,12,1,25,1,30,5,4,2,7,8,1,NA,4,1,1,1,NA,4,NA,2,7,2,12,10
M17 [Details of deaths reported during the month with probable causes:],17.4.6,Number of cases of Adolescent or Adult deaths (age 6 years & above) with the probable cause being HIV/AIDS,1. 6-14 yrs,2,1,NA,NA,NA,NA,NA,NA,NA,NA,NA,NA,NA,NA,NA,NA,NA,NA,NA,NA,NA,NA,NA,NA,NA,NA,NA,NA,NA,NA,NA,1,NA,NA,NA,NA
M17 [Details of deaths reported during the month with probable causes:],17.4.6,Number of cases of Adolescent or Adult deaths (age 6 years & above) with the probable cause being HIV/AIDS,2. 15-55 yrs.,99,11,2,3,2,1,1,NA,1,5,2,1,1,1,5,NA,5,3,1,2,2,7,NA,2,NA,7,3,2,3,5,1,8,4,3,NA,5
M17 [Details of deaths reported during the month with probable causes:],17.4.6,Number of cases of Adolescent or Adult deaths (age 6 years & above) with the probable cause being HIV/AIDS,3. Above 55 yrs.,12,1,NA,NA,1,1,NA,NA,NA,NA,NA,NA,NA,NA,NA,NA,NA,NA,NA,NA,NA,1,NA,NA,2,NA,NA,2,NA,NA,1,1,1,1,NA,NA
M17 [Details of deaths reported during the month with probable causes:],17.4.6,Number of cases of Adolescent or Adult deaths (age 6 years & above) with the probable cause being HIV/AIDS,4. Total,113,13,2,3,3,2,1,NA,1,5,2,1,1,1,5,NA,5,3,1,2,2,8,NA,2,2,7,3,4,3,5,2,10,5,4,NA,5
M17 [Details of deaths reported during the month with probable causes:],17.4.7,Number of cases of Adolescent or Adult deaths (age 6 years & above) with the probable cause being Heart disease or related to Hypertension,1. 6-14 yrs,8,2,NA,NA,NA,NA,NA,1,NA,NA,NA,NA,1,1,NA,NA,1,NA,NA,NA,NA,1,NA,NA,NA,1,NA,NA,NA,NA,NA,NA,NA,NA,NA,NA
M17 [Details of deaths reported during the month with probable causes:],17.4.7,Number of cases of Adolescent or Adult deaths (age 6 years & above) with the probable cause being Heart disease or related to Hypertension,2. 15-55 yrs.,986,45,10,35,6,31,7,4,12,31,16,20,38,9,44,13,76,16,26,24,28,78,11,21,11,49,30,32,79,78,19,33,13,14,6,21
M17 [Details of deaths reported during the month with probable causes:],17.4.7,Number of cases of Adolescent or Adult deaths (age 6 years & above) with the probable cause being Heart disease or related to Hypertension,3. Above 55 yrs.,2825,166,30,65,26,72,15,11,15,87,29,51,89,11,77,21,251,39,80,25,43,199,16,56,35,142,61,117,255,324,207,72,42,40,13,43
M17 [Details of deaths reported during the month with probable causes:],17.4.7,Number of cases of Adolescent or Adult deaths (age 6 years & above) with the probable cause being Heart disease or related to Hypertension,4. Total,3819,213,40,100,32,103,22,16,27,118,45,71,128,21,121,34,328,55,106,49,71,278,27,77,46,192,91,149,334,402,226,105,55,54,19,64
M17 [Details of deaths reported during the month with probable causes:],17.4.8,Number of cases of Adolescent or Adult deaths (age 6 years & above) with the probable cause being Neurological disease including strokes,1. 6-14 yrs,14,NA,1,1,NA,NA,NA,NA,NA,NA,NA,NA,1,NA,1,NA,NA,NA,NA,NA,1,1,NA,NA,1,1,NA,NA,NA,2,1,1,2,NA,NA,NA
M17 [Details of deaths reported during the month with probable causes:],17.4.8,Number of cases of Adolescent or Adult deaths (age 6 years & above) with the probable cause being Neurological disease including strokes,2. 15-55 yrs.,231,10,3,13,5,10,6,1,2,11,5,8,19,1,8,1,4,2,7,1,3,13,NA,4,1,19,15,8,8,14,NA,5,7,7,5,5
M17 [Details of deaths reported during the month with probable causes:],17.4.8,Number of cases of Adolescent or Adult deaths (age 6 years & above) with the probable cause being Neurological disease including strokes,3. Above 55 yrs.,1249,58,14,47,7,142,6,12,5,102,10,58,165,15,15,5,30,17,56,18,30,85,4,23,14,26,28,39,39,57,29,19,10,35,7,22
M17 [Details of deaths reported during the month with probable causes:],17.4.8,Number of cases of Adolescent or Adult deaths (age 6 years & above) with the probable cause being Neurological disease including strokes,4. Total,1494,68,18,61,12,152,12,13,7,113,15,66,185,16,24,6,34,19,63,19,34,99,4,27,16,46,43,47,47,73,30,25,19,42,12,27
M17 [Details of deaths reported during the month with probable causes:],17.4.9(a),Number of cases of Maternal deaths (age 15-49 years) with the probable cause being Abortion,1. 6-14 yrs,NA,NA,NA,NA,NA,NA,NA,NA,NA,NA,NA,NA,NA,NA,NA,NA,NA,NA,NA,NA,NA,NA,NA,NA,NA,NA,NA,NA,NA,NA,NA,NA,NA,NA,NA,NA
M17 [Details of deaths reported during the month with probable causes:],17.4.9(a),Number of cases of Maternal deaths (age 15-49 years) with the probable cause being Abortion,2. 15-49 yrs,1,NA,NA,NA,NA,NA,NA,NA,NA,NA,NA,NA,NA,NA,NA,NA,NA,NA,NA,NA,NA,1,NA,NA,NA,NA,NA,NA,NA,NA,NA,NA,NA,NA,NA,NA
M17 [Details of deaths reported during the month with probable causes:],17.4.9(a),Number of cases of Maternal deaths (age 15-49 years) with the probable cause being Abortion,3. Above 49 yrs.,NA,NA,NA,NA,NA,NA,NA,NA,NA,NA,NA,NA,NA,NA,NA,NA,NA,NA,NA,NA,NA,NA,NA,NA,NA,NA,NA,NA,NA,NA,NA,NA,NA,NA,NA,NA
M17 [Details of deaths reported during the month with probable causes:],17.4.9(a),Number of cases of Maternal deaths (age 15-49 years) with the probable cause being Abortion,4. Total,1,NA,NA,NA,NA,NA,NA,NA,NA,NA,NA,NA,NA,NA,NA,NA,NA,NA,NA,NA,NA,1,NA,NA,NA,NA,NA,NA,NA,NA,NA,NA,NA,NA,NA,NA
M17 [Details of deaths reported during the month with probable causes:],17.4.9(b),Number of cases of Maternal deaths (age 15-49 years) with the probable cause being Obstructed or prolonged labour,1. 6-14 yrs,NA,NA,NA,NA,NA,NA,NA,NA,NA,NA,NA,NA,NA,NA,NA,NA,NA,NA,NA,NA,NA,NA,NA,NA,NA,NA,NA,NA,NA,NA,NA,NA,NA,NA,NA,NA
M17 [Details of deaths reported during the month with probable causes:],17.4.9(b),Number of cases of Maternal deaths (age 15-49 years) with the probable cause being Obstructed or prolonged labour,2. 15-49 yrs,NA,NA,NA,NA,NA,NA,NA,NA,NA,NA,NA,NA,NA,NA,NA,NA,NA,NA,NA,NA,NA,NA,NA,NA,NA,NA,NA,NA,NA,NA,NA,NA,NA,NA,NA,NA
M17 [Details of deaths reported during the month with probable causes:],17.4.9(b),Number of cases of Maternal deaths (age 15-49 years) with the probable cause being Obstructed or prolonged labour,3. Above 49 yrs.,NA,NA,NA,NA,NA,NA,NA,NA,NA,NA,NA,NA,NA,NA,NA,NA,NA,NA,NA,NA,NA,NA,NA,NA,NA,NA,NA,NA,NA,NA,NA,NA,NA,NA,NA,NA
M17 [Details of deaths reported during the month with probable causes:],17.4.9(b),Number of cases of Maternal deaths (age 15-49 years) with the probable cause being Obstructed or prolonged labour,4. Total,NA,NA,NA,NA,NA,NA,NA,NA,NA,NA,NA,NA,NA,NA,NA,NA,NA,NA,NA,NA,NA,NA,NA,NA,NA,NA,NA,NA,NA,NA,NA,NA,NA,NA,NA,NA
M17 [Details of deaths reported during the month with probable causes:],17.4.9(c),Number of cases of Maternal deaths (age 15-49 years) with the probable cause being Severe hypertesnion or fits,1. 6-14 yrs,NA,NA,NA,NA,NA,NA,NA,NA,NA,NA,NA,NA,NA,NA,NA,NA,NA,NA,NA,NA,NA,NA,NA,NA,NA,NA,NA,NA,NA,NA,NA,NA,NA,NA,NA,NA
M17 [Details of deaths reported during the month with probable causes:],17.4.9(c),Number of cases of Maternal deaths (age 15-49 years) with the probable cause being Severe hypertesnion or fits,2. 15-49 yrs,4,NA,NA,NA,NA,NA,NA,NA,NA,NA,NA,NA,NA,NA,NA,NA,NA,NA,NA,NA,NA,NA,NA,NA,NA,NA,1,NA,NA,NA,1,1,NA,NA,NA,1
M17 [Details of deaths reported during the month with probable causes:],17.4.9(c),Number of cases of Maternal deaths (age 15-49 years) with the probable cause being Severe hypertesnion or fits,3. Above 49 yrs.,NA,NA,NA,NA,NA,NA,NA,NA,NA,NA,NA,NA,NA,NA,NA,NA,NA,NA,NA,NA,NA,NA,NA,NA,NA,NA,NA,NA,NA,NA,NA,NA,NA,NA,NA,NA
M17 [Details of deaths reported during the month with probable causes:],17.4.9(c),Number of cases of Maternal deaths (age 15-49 years) with the probable cause being Severe hypertesnion or fits,4. Total,4,NA,NA,NA,NA,NA,NA,NA,NA,NA,NA,NA,NA,NA,NA,NA,NA,NA,NA,NA,NA,NA,NA,NA,NA,NA,1,NA,NA,NA,1,1,NA,NA,NA,1
M17 [Details of deaths reported during the month with probable causes:],17.4.9(d),Number of cases of Maternal deaths (age 15-49 years) with the probable cause being Bleeding,1. 6-14 yrs,NA,NA,NA,NA,NA,NA,NA,NA,NA,NA,NA,NA,NA,NA,NA,NA,NA,NA,NA,NA,NA,NA,NA,NA,NA,NA,NA,NA,NA,NA,NA,NA,NA,NA,NA,NA
M17 [Details of deaths reported during the month with probable causes:],17.4.9(d),Number of cases of Maternal deaths (age 15-49 years) with the probable cause being Bleeding,2. 15-49 yrs,7,NA,NA,NA,1,NA,NA,NA,NA,1,NA,NA,1,NA,1,NA,NA,NA,NA,NA,1,2,NA,NA,NA,NA,NA,NA,NA,NA,NA,NA,NA,NA,NA,NA
M17 [Details of deaths reported during the month with probable causes:],17.4.9(d),Number of cases of Maternal deaths (age 15-49 years) with the probable cause being Bleeding,3. Above 49 yrs.,NA,NA,NA,NA,NA,NA,NA,NA,NA,NA,NA,NA,NA,NA,NA,NA,NA,NA,NA,NA,NA,NA,NA,NA,NA,NA,NA,NA,NA,NA,NA,NA,NA,NA,NA,NA
M17 [Details of deaths reported during the month with probable causes:],17.4.9(d),Number of cases of Maternal deaths (age 15-49 years) with the probable cause being Bleeding,4. Total,7,NA,NA,NA,1,NA,NA,NA,NA,1,NA,NA,1,NA,1,NA,NA,NA,NA,NA,1,2,NA,NA,NA,NA,NA,NA,NA,NA,NA,NA,NA,NA,NA,NA
M17 [Details of deaths reported during the month with probable causes:],17.4.9(e),Number of cases of Maternal deaths (age 15-49 years) with the probable cause being High Fever,1. 6-14 yrs,NA,NA,NA,NA,NA,NA,NA,NA,NA,NA,NA,NA,NA,NA,NA,NA,NA,NA,NA,NA,NA,NA,NA,NA,NA,NA,NA,NA,NA,NA,NA,NA,NA,NA,NA,NA
M17 [Details of deaths reported during the month with probable causes:],17.4.9(e),Number of cases of Maternal deaths (age 15-49 years) with the probable cause being High Fever,2. 15-49 yrs,5,NA,NA,NA,NA,NA,NA,4,NA,NA,NA,1,NA,NA,NA,NA,NA,NA,NA,NA,NA,NA,NA,NA,NA,NA,NA,NA,NA,NA,NA,NA,NA,NA,NA,NA
M17 [Details of deaths reported during the month with probable causes:],17.4.9(e),Number of cases of Maternal deaths (age 15-49 years) with the probable cause being High Fever,3. Above 49 yrs.,NA,NA,NA,NA,NA,NA,NA,NA,NA,NA,NA,NA,NA,NA,NA,NA,NA,NA,NA,NA,NA,NA,NA,NA,NA,NA,NA,NA,NA,NA,NA,NA,NA,NA,NA,NA
M17 [Details of deaths reported during the month with probable causes:],17.4.9(e),Number of cases of Maternal deaths (age 15-49 years) with the probable cause being High Fever,4. Total,5,NA,NA,NA,NA,NA,NA,4,NA,NA,NA,1,NA,NA,NA,NA,NA,NA,NA,NA,NA,NA,NA,NA,NA,NA,NA,NA,NA,NA,NA,NA,NA,NA,NA,NA
M17 [Details of deaths reported during the month with probable causes:],17.4.9(f),Number of cases of Maternal deaths (age 15-49 years) with the probable cause being other causes (excluding abortion; obstructed or prolonged labour; severe hypertension or fits;,1. 6-14 yrs,NA,NA,NA,NA,NA,NA,NA,NA,NA,NA,NA,NA,NA,NA,NA,NA,NA,NA,NA,NA,NA,NA,NA,NA,NA,NA,NA,NA,NA,NA,NA,NA,NA,NA,NA,NA
M17 [Details of deaths reported during the month with probable causes:],17.4.9(f),Number of cases of Maternal deaths (age 15-49 years) with the probable cause being other causes (excluding abortion; obstructed or prolonged labour; severe hypertension or fits;,2. 15-49 yrs,54,2,3,5,3,NA,1,5,NA,NA,NA,2,NA,NA,5,NA,NA,NA,3,NA,1,1,NA,NA,2,4,NA,NA,5,1,1,2,5,NA,NA,3
M17 [Details of deaths reported during the month with probable causes:],17.4.9(f),Number of cases of Maternal deaths (age 15-49 years) with the probable cause being other causes (excluding abortion; obstructed or prolonged labour; severe hypertension or fits;,3. Above 49 yrs.,NA,NA,NA,NA,NA,NA,NA,NA,NA,NA,NA,NA,NA,NA,NA,NA,NA,NA,NA,NA,NA,NA,NA,NA,NA,NA,NA,NA,NA,NA,NA,NA,NA,NA,NA,NA
M17 [Details of deaths reported during the month with probable causes:],17.4.9(f),Number of cases of Maternal deaths (age 15-49 years) with the probable cause being other causes (excluding abortion; obstructed or prolonged labour; severe hypertension or fits;,4. Total,54,2,3,5,3,NA,1,5,NA,NA,NA,2,NA,NA,5,NA,NA,NA,3,NA,1,1,NA,NA,2,4,NA,NA,5,1,1,2,5,NA,NA,3
M17 [Details of deaths reported during the month with probable causes:],17.4.10,Number of cases of Adolescent or Adult deaths (age 6 years & above) with the probable cause being Trauma or Accidents or Burn cases,1. 6-14 yrs,44,3,1,3,1,NA,1,1,NA,NA,1,NA,2,3,NA,1,1,2,1,3,NA,7,NA,NA,NA,1,2,1,2,1,NA,NA,1,1,3,1
M17 [Details of deaths reported during the month with probable causes:],17.4.10,Number of cases of Adolescent or Adult deaths (age 6 years & above) with the probable cause being Trauma or Accidents or Burn cases,2. 15-55 yrs.,587,40,6,33,7,7,19,13,17,20,8,11,10,13,38,9,8,3,21,12,12,60,7,28,12,26,21,7,11,37,2,10,22,8,9,20
M17 [Details of deaths reported during the month with probable causes:],17.4.10,Number of cases of Adolescent or Adult deaths (age 6 years & above) with the probable cause being Trauma or Accidents or Burn cases,3. Above 55 yrs.,222,13,5,10,NA,3,4,8,4,4,5,10,3,NA,8,3,7,5,5,5,4,16,2,11,7,14,7,2,5,17,6,9,8,5,2,5
M17 [Details of deaths reported during the month with probable causes:],17.4.10,Number of cases of Adolescent or Adult deaths (age 6 years & above) with the probable cause being Trauma or Accidents or Burn cases,4. Total,853,56,12,46,8,10,24,22,21,24,14,21,15,16,46,13,16,10,27,20,16,83,9,39,19,41,30,10,18,55,8,19,31,14,14,26
M17 [Details of deaths reported during the month with probable causes:],17.4.11,Number of cases of Adolescent or Adult deaths (age 6 years & above) with the probable cause being suicide,1. 6-14 yrs,10,NA,NA,NA,NA,NA,NA,NA,2,NA,NA,NA,1,1,NA,1,NA,NA,NA,NA,NA,1,NA,1,NA,NA,NA,NA,NA,NA,NA,NA,NA,1,1,1
M17 [Details of deaths reported during the month with probable causes:],17.4.11,Number of cases of Adolescent or Adult deaths (age 6 years & above) with the probable cause being suicide,2. 15-55 yrs.,553,22,20,46,13,9,10,NA,21,17,4,12,6,9,27,7,15,9,23,15,8,35,10,36,4,25,15,7,19,28,5,12,20,12,3,29
M17 [Details of deaths reported during the month with probable causes:],17.4.11,Number of cases of Adolescent or Adult deaths (age 6 years & above) with the probable cause being suicide,3. Above 55 yrs.,122,8,8,9,NA,3,3,NA,7,7,2,1,1,3,7,NA,NA,5,3,3,4,7,2,9,NA,5,3,NA,1,6,2,5,2,NA,4,2
M17 [Details of deaths reported during the month with probable causes:],17.4.11,Number of cases of Adolescent or Adult deaths (age 6 years & above) with the probable cause being suicide,4. Total,685,30,28,55,13,12,13,NA,30,24,6,13,8,13,34,8,15,14,26,18,12,43,12,46,4,30,18,7,20,34,7,17,22,13,8,32
M17 [Details of deaths reported during the month with probable causes:],17.4.12,Number of cases of Adolescent or Adult deaths (age 6 years & above) with the probable cause being Animal bites and stings,1. 6-14 yrs,12,NA,NA,NA,NA,NA,4,NA,NA,NA,1,NA,NA,NA,NA,NA,NA,1,NA,1,NA,3,NA,1,NA,NA,NA,NA,NA,NA,NA,NA,NA,NA,1,NA
M17 [Details of deaths reported during the month with probable causes:],17.4.12,Number of cases of Adolescent or Adult deaths (age 6 years & above) with the probable cause being Animal bites and stings,2. 15-55 yrs.,45,4,2,3,NA,3,1,NA,4,1,1,2,NA,NA,1,1,1,NA,2,NA,NA,5,NA,4,2,NA,NA,1,NA,NA,1,2,3,1,NA,NA
M17 [Details of deaths reported during the month with probable causes:],17.4.12,Number of cases of Adolescent or Adult deaths (age 6 years & above) with the probable cause being Animal bites and stings,3. Above 55 yrs.,27,NA,NA,NA,2,NA,NA,NA,4,3,NA,1,2,NA,2,NA,NA,NA,1,1,NA,1,NA,NA,NA,1,1,1,NA,1,NA,NA,NA,NA,2,4
M17 [Details of deaths reported during the month with probable causes:],17.4.12,Number of cases of Adolescent or Adult deaths (age 6 years & above) with the probable cause being Animal bites and stings,4. Total,84,4,2,3,2,3,5,NA,8,4,2,3,2,NA,3,1,1,1,3,2,NA,9,NA,5,2,1,1,2,NA,1,1,2,3,1,3,4
M17 [Details of deaths reported during the month with probable causes:],17.4.13(a),Number of cases of Adolescent or Adult deaths (age 6 years & above) with the probable cause being Known Acute disease,1. 6-14 yrs,26,NA,2,NA,2,NA,NA,3,NA,NA,NA,2,NA,1,1,NA,1,1,NA,1,3,3,NA,1,NA,1,1,1,NA,NA,NA,NA,1,NA,NA,1
M17 [Details of deaths reported during the month with probable causes:],17.4.13(a),Number of cases of Adolescent or Adult deaths (age 6 years & above) with the probable cause being Known Acute disease,2. 15-55 yrs.,366,12,6,19,2,12,2,29,11,7,5,13,6,3,23,2,16,3,11,5,14,18,1,9,2,28,10,5,8,19,2,13,21,6,4,19
M17 [Details of deaths reported during the month with probable causes:],17.4.13(a),Number of cases of Adolescent or Adult deaths (age 6 years & above) with the probable cause being Known Acute disease,3. Above 55 yrs.,1029,64,9,73,5,14,10,34,35,19,20,16,15,6,43,7,57,17,25,19,29,80,3,23,12,76,61,22,42,72,11,42,25,9,6,28
M17 [Details of deaths reported during the month with probable causes:],17.4.13(a),Number of cases of Adolescent or Adult deaths (age 6 years & above) with the probable cause being Known Acute disease,4. Total,1421,76,17,92,9,26,12,66,46,26,25,31,21,10,67,9,74,21,36,25,46,101,4,33,14,105,72,28,50,91,13,55,47,15,10,48
M17 [Details of deaths reported during the month with probable causes:],17.4.13(b),Number of cases of Adolescent or Adult deaths (age 6 years & above) with the probable cause being Known Chronic disease,1. 6-14 yrs,32,1,NA,3,NA,NA,NA,2,NA,1,NA,3,3,NA,1,1,1,NA,NA,1,4,1,NA,3,NA,NA,NA,NA,1,3,1,1,1,NA,NA,NA
M17 [Details of deaths reported during the month with probable causes:],17.4.13(b),Number of cases of Adolescent or Adult deaths (age 6 years & above) with the probable cause being Known Chronic disease,2. 15-55 yrs.,876,43,22,38,10,23,12,35,21,39,11,54,28,8,26,8,29,14,35,22,24,43,10,25,7,47,42,17,26,44,20,33,20,13,4,23
M17 [Details of deaths reported during the month with probable causes:],17.4.13(b),Number of cases of Adolescent or Adult deaths (age 6 years & above) with the probable cause being Known Chronic disease,3. Above 55 yrs.,2488,138,47,154,59,60,25,41,52,109,23,99,85,19,56,41,90,41,79,90,82,118,21,44,31,109,73,77,123,167,59,91,36,48,24,77
M17 [Details of deaths reported during the month with probable causes:],17.4.13(b),Number of cases of Adolescent or Adult deaths (age 6 years & above) with the probable cause being Known Chronic disease,4. Total,3396,182,69,195,69,83,37,78,73,149,34,156,116,27,83,50,120,55,114,113,110,162,31,72,38,156,115,94,150,214,80,125,57,61,28,100
M17 [Details of deaths reported during the month with probable causes:],17.4.13(c),Number of cases of Adolescent or Adult deaths (age 6 years & above) where the cause was not known,1. 6-14 yrs,75,4,NA,3,NA,1,NA,2,3,2,3,4,2,NA,5,2,1,1,2,4,2,6,NA,4,2,5,NA,NA,5,NA,NA,8,2,1,NA,1
M17 [Details of deaths reported during the month with probable causes:],17.4.13(c),Number of cases of Adolescent or Adult deaths (age 6 years & above) where the cause was not known,2. 15-55 yrs.,1184,37,12,28,26,23,11,73,26,30,25,27,28,8,59,3,96,20,13,34,21,60,9,27,9,159,47,22,35,56,11,51,36,18,11,33
M17 [Details of deaths reported during the month with probable causes:],17.4.13(c),Number of cases of Adolescent or Adult deaths (age 6 years & above) where the cause was not known,3. Above 55 yrs.,5802,307,152,225,123,43,144,57,215,106,107,69,98,69,241,48,507,82,73,186,70,343,73,41,98,505,279,177,289,386,89,259,38,111,71,121
M17 [Details of deaths reported during the month with probable causes:],17.4.13(c),Number of cases of Adolescent or Adult deaths (age 6 years & above) where the cause was not known,4. Total,7061,348,164,256,149,67,155,132,244,138,135,100,128,77,305,53,604,103,88,224,93,409,82,72,109,669,326,199,329,442,100,318,76,130,82,155
