Indicator,S.No.,Parameters,Type,District - _Assam - Total [(A+B) or (C+D)],District - _Assam - Public [A],District - _Assam - Private [B],District - _Assam - Urban [C],District - _Assam - Rural [D],District - Baksa - Total [(A+B) or (C+D)],District - Baksa - Public [A],District - Baksa - Private [B],District - Baksa - Urban [C],District - Baksa - Rural [D],District - Barpeta - Total [(A+B) or (C+D)],District - Barpeta - Public [A],District - Barpeta - Private [B],District - Barpeta - Urban [C],District - Barpeta - Rural [D],District - Bongaigaon - Total [(A+B) or (C+D)],District - Bongaigaon - Public [A],District - Bongaigaon - Private [B],District - Bongaigaon - Urban [C],District - Bongaigaon - Rural [D],District - Cachar - Total [(A+B) or (C+D)],District - Cachar - Public [A],District - Cachar - Private [B],District - Cachar - Urban [C],District - Cachar - Rural [D],District - Chirang - Total [(A+B) or (C+D)],District - Chirang - Public [A],District - Chirang - Private [B],District - Chirang - Urban [C],District - Chirang - Rural [D],District - Darrang - Total [(A+B) or (C+D)],District - Darrang - Public [A],District - Darrang - Private [B],District - Darrang - Urban [C],District - Darrang - Rural [D],District - Dhemaji - Total [(A+B) or (C+D)],District - Dhemaji - Public [A],District - Dhemaji - Private [B],District - Dhemaji - Urban [C],District - Dhemaji - Rural [D],District - Dhubri - Total [(A+B) or (C+D)],District - Dhubri - Public [A],District - Dhubri - Private [B],District - Dhubri - Urban [C],District - Dhubri - Rural [D],District - Dibrugarh - Total [(A+B) or (C+D)],District - Dibrugarh - Public [A],District - Dibrugarh - Private [B],District - Dibrugarh - Urban [C],District - Dibrugarh - Rural [D],District - Dima Hasao - Total [(A+B) or (C+D)],District - Dima Hasao - Public [A],District - Dima Hasao - Private [B],District - Dima Hasao - Urban [C],District - Dima Hasao - Rural [D],District - Goalpara - Total [(A+B) or (C+D)],District - Goalpara - Public [A],District - Goalpara - Private [B],District - Goalpara - Urban [C],District - Goalpara - Rural [D],District - Golaghat - Total [(A+B) or (C+D)],District - Golaghat - Public [A],District - Golaghat - Private [B],District - Golaghat - Urban [C],District - Golaghat - Rural [D],District - Hailakandi - Total [(A+B) or (C+D)],District - Hailakandi - Public [A],District - Hailakandi - Private [B],District - Hailakandi - Urban [C],District - Hailakandi - Rural [D],District - Jorhat - Total [(A+B) or (C+D)],District - Jorhat - Public [A],District - Jorhat - Private [B],District - Jorhat - Urban [C],District - Jorhat - Rural [D],District - Kamrup M - Total [(A+B) or (C+D)],District - Kamrup M - Public [A],District - Kamrup M - Private [B],District - Kamrup M - Urban [C],District - Kamrup M - Rural [D],District - Kamrup R - Total [(A+B) or (C+D)],District - Kamrup R - Public [A],District - Kamrup R - Private [B],District - Kamrup R - Urban [C],District - Kamrup R - Rural [D],District - Karbi Anglong - Total [(A+B) or (C+D)],District - Karbi Anglong - Public [A],District - Karbi Anglong - Private [B],District - Karbi Anglong - Urban [C],District - Karbi Anglong - Rural [D],District - Karimganj - Total [(A+B) or (C+D)],District - Karimganj - Public [A],District - Karimganj - Private [B],District - Karimganj - Urban [C],District - Karimganj - Rural [D],District - Kokrajhar - Total [(A+B) or (C+D)],District - Kokrajhar - Public [A],District - Kokrajhar - Private [B],District - Kokrajhar - Urban [C],District - Kokrajhar - Rural [D],District - Lakhimpur - Total [(A+B) or (C+D)],District - Lakhimpur - Public [A],District - Lakhimpur - Private [B],District - Lakhimpur - Urban [C],District - Lakhimpur - Rural [D],District - Marigaon - Total [(A+B) or (C+D)],District - Marigaon - Public [A],District - Marigaon - Private [B],District - Marigaon - Urban [C],District - Marigaon - Rural [D],District - Nagaon - Total [(A+B) or (C+D)],District - Nagaon - Public [A],District - Nagaon - Private [B],District - Nagaon - Urban [C],District - Nagaon - Rural [D],District - Nalbari - Total [(A+B) or (C+D)],District - Nalbari - Public [A],District - Nalbari - Private [B],District - Nalbari - Urban [C],District - Nalbari - Rural [D],District - Sibsagar - Total [(A+B) or (C+D)],District - Sibsagar - Public [A],District - Sibsagar - Private [B],District - Sibsagar - Urban [C],District - Sibsagar - Rural [D],District - Sonitpur - Total [(A+B) or (C+D)],District - Sonitpur - Public [A],District - Sonitpur - Private [B],District - Sonitpur - Urban [C],District - Sonitpur - Rural [D],District - Tinsukia - Total [(A+B) or (C+D)],District - Tinsukia - Public [A],District - Tinsukia - Private [B],District - Tinsukia - Urban [C],District - Tinsukia - Rural [D],District - Udalguri - Total [(A+B) or (C+D)],District - Udalguri - Public [A],District - Udalguri - Private [B],District - Udalguri - Urban [C],District - Udalguri - Rural [D]
M1 [Ante Natal Care (ANC)],1.1,Total number of pregnant women registered for ANC,TOTAL,66296,62701,3595,4554,61742,1611,1607,4,NA,1611,3890,3817,73,NA,3890,1508,1506,2,134,1374,3829,3825,4,196,3633,933,933,NA,NA,933,2042,2032,10,NA,2042,1452,1452,NA,NA,1452,5203,5091,112,83,5120,2444,1838,606,428,2016,339,339,0,NA,339,2465,2465,0,125,2340,1890,1890,0,NA,1890,1632,1632,NA,NA,1632,2139,1926,213,351,1788,2939,2169,770,2342,597,3136,3136,0,0,3136,2122,2119,3,146,1976,3190,3186,4,86,3104,1764,1764,NA,NA,1764,2198,2108,90,89,2109,2398,2398,NA,NA,2398,6421,6367,54,184,6237,1340,1340,NA,NA,1340,2030,1735,295,144,1886,3411,2893,518,34,3377,2536,1827,709,212,2324,1434,1306,128,NA,1434
M1 [Ante Natal Care (ANC)],1.1.1,"Out of the total ANC registered, number registered within 1st trimester (within 12 weeks)",TOTAL,56589,53606,2983,3761,52828,1447,1447,0,NA,1447,3378,3364,14,NA,3378,1272,1272,0,107,1165,3385,3381,4,177,3208,707,707,NA,NA,707,1807,1799,8,NA,1807,1363,1363,NA,NA,1363,4024,3912,112,72,3952,2243,1671,572,381,1862,224,224,0,NA,224,2279,2279,0,119,2160,1659,1659,0,NA,1659,1350,1350,NA,NA,1350,1839,1837,2,133,1706,2626,1868,758,2081,545,2719,2719,0,0,2719,1747,1747,0,106,1641,2801,2797,4,82,2719,1289,1289,NA,NA,1289,1904,1828,76,83,1821,2203,2203,NA,NA,2203,4790,4742,48,75,4715,1273,1273,NA,NA,1273,1869,1612,257,136,1733,3025,2578,447,34,2991,2142,1538,604,175,1967,1224,1147,77,NA,1224
M1 [Ante Natal Care (ANC)],1.2.1,Number of PW given TT1,TOTAL,58645,55297,3348,4156,54489,1527,1526,1,NA,1527,3623,3623,NA,NA,3623,1473,1408,65,160,1313,2889,2791,98,233,2656,887,887,NA,NA,887,1947,1884,63,NA,1947,1342,1342,NA,NA,1342,4713,4623,90,77,4636,2083,1555,528,263,1820,258,258,0,NA,258,2291,2291,0,127,2164,1790,1790,0,NA,1790,1171,1171,NA,NA,1171,2027,1823,204,342,1685,2787,2055,732,2267,520,2715,2715,0,0,2715,1806,1803,3,119,1687,2526,2461,65,72,2454,1582,1582,NA,NA,1582,1831,1774,57,87,1744,2074,2074,NA,NA,2074,5496,5426,70,171,5325,1259,1259,NA,NA,1259,1653,1480,173,66,1587,3273,2770,503,40,3233,2227,1678,549,132,2095,1395,1248,147,NA,1395
M1 [Ante Natal Care (ANC)],1.2.2,Number of PW given TT2,TOTAL,51240,48147,3093,3952,47288,1361,1360,1,NA,1361,3021,3021,NA,NA,3021,1142,1097,45,131,1011,2423,2330,93,216,2207,700,700,NA,NA,700,1649,1638,11,NA,1649,1130,1130,NA,NA,1130,4210,4129,81,75,4135,2038,1476,562,328,1710,252,252,0,NA,252,2004,2004,0,112,1892,1442,1442,0,NA,1442,963,963,NA,NA,963,1703,1602,101,220,1483,2729,1934,795,2281,448,2353,2353,0,0,2353,1815,1812,3,155,1660,2126,2034,92,65,2061,1425,1425,NA,NA,1425,1700,1632,68,59,1641,1739,1739,NA,NA,1739,4575,4481,94,124,4451,1196,1196,NA,NA,1196,1631,1472,159,56,1575,2858,2470,388,30,2828,1926,1437,489,100,1826,1129,1018,111,NA,1129
M1 [Ante Natal Care (ANC)],1.2.3,Number of PW given TT Booster,TOTAL,5749,5399,350,338,5411,60,60,0,NA,60,242,242,NA,NA,242,86,86,0,3,83,638,636,2,28,610,67,67,NA,NA,67,82,81,1,NA,82,109,109,NA,NA,109,365,364,1,8,357,270,180,90,75,195,45,45,0,NA,45,182,182,0,13,169,108,108,0,NA,108,288,288,NA,NA,288,71,66,5,15,56,188,163,25,154,34,170,170,0,0,170,237,237,0,1,236,548,527,21,5,543,122,122,NA,NA,122,161,153,8,4,157,312,312,NA,NA,312,606,600,6,14,592,69,69,NA,NA,69,104,83,21,3,101,148,126,22,1,147,364,227,137,14,350,107,96,11,NA,107
M1 [Ante Natal Care (ANC)],1.2.4,Number of PW given 180 Iron Folic Acid (IFA) tablets,TOTAL,62111,58581,3530,4187,57924,1551,1515,36,NA,1551,3259,3237,22,NA,3259,1509,1507,2,134,1375,3543,3441,102,178,3365,765,765,NA,NA,765,1738,1728,10,NA,1738,1464,1464,NA,NA,1464,4742,4661,81,83,4659,2447,1834,613,428,2019,316,314,2,NA,316,2471,2471,0,134,2337,1572,1572,0,NA,1572,1620,1620,NA,NA,1620,2123,1910,213,351,1772,2739,1979,760,2166,573,2662,2662,0,0,2662,2139,2136,3,139,2000,3057,3057,0,82,2975,1357,1357,NA,NA,1357,1823,1749,74,36,1787,2393,2393,NA,NA,2393,6219,6165,54,127,6092,1457,1457,NA,NA,1457,2035,1796,239,71,1964,3372,2846,526,19,3353,2533,1853,680,239,2294,1205,1092,113,NA,1205
M1 [Ante Natal Care (ANC)],1.2.5,Number of PW given 360 Calcium tablets,TOTAL,26414,24834,1580,2537,23877,353,353,0,NA,353,1867,1844,23,NA,1867,234,234,NA,9,225,438,340,98,266,172,140,140,NA,NA,140,1319,1312,7,NA,1319,594,594,NA,NA,594,3753,3651,102,83,3670,1285,828,457,375,910,282,280,2,NA,282,2008,2008,0,145,1863,119,119,0,NA,119,509,509,NA,NA,509,3328,3115,213,351,2977,1318,1273,45,883,435,852,852,0,0,852,1159,1159,0,6,1153,1328,1328,0,82,1246,351,351,NA,NA,351,194,164,30,68,126,553,553,NA,NA,553,894,878,16,0,894,409,409,NA,NA,409,940,817,123,24,916,337,238,99,0,337,1524,1186,338,245,1279,326,299,27,NA,326
M1 [Ante Natal Care (ANC)],1.2.6,Number of PW given one Albendazole tablet after 1st trimester,TOTAL,19981,19359,622,972,19009,908,908,0,NA,908,452,452,0,NA,452,314,314,0,107,207,858,858,0,164,694,108,108,NA,NA,108,965,960,5,NA,965,237,237,NA,NA,237,2706,2652,54,75,2631,706,569,137,0,706,249,249,0,NA,249,1352,1352,0,100,1252,450,450,0,NA,450,1185,1185,NA,NA,1185,583,583,0,107,476,502,502,0,379,123,545,545,0,0,545,774,774,0,13,761,2911,2911,0,8,2903,279,279,NA,NA,279,0,0,0,0,0,130,130,NA,NA,130,1104,1088,16,0,1104,670,670,NA,NA,670,824,695,129,19,805,256,187,69,0,256,719,531,188,0,719,194,170,24,NA,194
M1 [Ante Natal Care (ANC)],1.2.7,Number of PW received 4 or more ANC check ups,TOTAL,41348,38583,2765,3504,37844,1019,1019,0,NA,1019,2509,2507,2,NA,2509,857,857,0,57,800,2052,1931,121,216,1836,558,558,NA,NA,558,1358,1356,2,NA,1358,745,745,NA,NA,745,2874,2830,44,54,2820,1899,1395,504,285,1614,200,197,3,NA,200,1459,1459,0,125,1334,885,885,0,NA,885,820,820,NA,NA,820,1442,1252,190,316,1126,2717,2048,669,1888,829,1831,1831,0,0,1831,1289,1289,0,66,1223,1911,1865,46,60,1851,751,751,NA,NA,751,1229,1187,42,43,1186,1660,1660,NA,NA,1660,4300,4245,55,120,4180,910,910,NA,NA,910,1209,1011,198,119,1090,2213,1909,304,44,2169,1911,1395,516,111,1800,740,671,69,NA,740
M1 [Ante Natal Care (ANC)],1.2.8,Number of PW given ANC Corticosteroids in Pre Term Labour,TOTAL,151,127,24,3,148,2,2,0,NA,2,12,4,8,NA,12,0,0,NA,NA,0,0,0,0,0,0,5,5,NA,NA,5,20,20,0,NA,20,0,0,NA,NA,0,12,12,0,0,12,5,0,5,0,5,0,0,0,NA,0,14,14,0,0,14,2,2,0,NA,2,0,0,NA,NA,0,8,5,3,3,5,1,1,0,0,1,0,0,0,0,0,5,5,0,0,5,8,0,8,0,8,0,0,NA,NA,0,0,0,0,0,0,22,22,NA,NA,22,14,14,0,0,14,10,10,NA,NA,10,9,9,0,0,9,1,1,0,0,1,1,1,0,0,1,0,0,0,NA,0
M1 [Ante Natal Care (ANC)],1.3.1,New cases of PW with hypertension detected,TOTAL,1417,1280,137,63,1354,34,32,2,NA,34,85,80,5,NA,85,30,30,NA,NA,30,55,35,20,1,54,46,46,NA,NA,46,96,92,4,NA,96,10,10,NA,NA,10,45,45,0,1,44,197,180,17,2,195,15,15,0,NA,15,74,74,0,1,73,27,27,0,NA,27,23,23,NA,NA,23,38,38,0,0,38,125,108,17,49,76,30,30,0,0,30,24,24,0,1,23,38,36,2,1,37,38,38,NA,NA,38,34,34,0,0,34,30,30,NA,NA,30,75,75,0,0,75,15,15,NA,NA,15,69,65,4,0,69,61,39,22,0,61,41,17,24,7,34,62,42,20,NA,62
M1 [Ante Natal Care (ANC)],1.3.1.a,"Out of the new cases of PW with hypertension detected, cases managed at institution",TOTAL,738,675,63,60,678,15,14,1,NA,15,33,28,5,NA,33,17,17,NA,NA,17,34,14,20,0,34,26,26,NA,NA,26,44,44,0,NA,44,5,5,NA,NA,5,19,19,0,1,18,145,138,7,0,145,5,5,0,NA,5,29,29,0,0,29,7,7,0,NA,7,4,4,NA,NA,4,35,35,0,0,35,122,116,6,50,72,9,9,0,0,9,10,10,0,1,9,10,8,2,0,10,14,14,NA,NA,14,15,15,0,0,15,9,9,NA,NA,9,51,51,0,0,51,0,0,NA,NA,0,28,28,0,0,28,24,15,9,0,24,17,5,12,8,9,11,10,1,NA,11
M1 [Ante Natal Care (ANC)],1.3.2,Number of Eclampsia cases managed during delivery,TOTAL,37,31,6,2,35,0,0,0,NA,0,2,2,NA,NA,2,1,1,NA,NA,1,1,0,1,0,1,2,2,NA,NA,2,0,0,0,NA,0,2,2,NA,NA,2,0,0,NA,0,0,3,3,0,0,3,0,0,0,NA,0,4,4,0,0,4,4,4,0,NA,4,0,0,NA,NA,0,0,0,0,0,0,2,0,2,2,0,0,0,0,0,0,1,1,0,0,1,0,0,0,0,0,0,0,NA,NA,0,0,0,0,0,0,1,1,NA,NA,1,0,0,0,0,0,0,0,NA,NA,0,3,3,0,0,3,0,0,0,0,0,3,0,3,0,3,8,8,0,NA,8
M1 [Ante Natal Care (ANC)],1.4.1,Number of PW tested for Haemoglobin (Hb ) 4 or more than 4 times for respective ANCs,TOTAL,38915,37824,1091,1350,37565,1184,1184,0,NA,1184,2192,2187,5,NA,2192,699,697,2,59,640,1894,1892,2,97,1797,736,736,NA,NA,736,1316,1316,0,NA,1316,637,637,NA,NA,637,2829,2785,44,67,2762,1262,1092,170,19,1243,163,163,0,NA,163,1587,1587,0,112,1475,896,896,0,NA,896,782,782,NA,NA,782,1747,1745,2,130,1617,1258,1258,0,774,484,2372,2372,0,0,2372,767,767,0,20,747,2276,2221,55,50,2226,361,361,NA,NA,361,1832,1794,38,0,1832,537,537,NA,NA,537,5459,5452,7,0,5459,822,822,NA,NA,822,1180,1118,62,22,1158,1902,1621,281,0,1902,1473,1099,374,0,1473,752,703,49,NA,752
M1 [Ante Natal Care (ANC)],1.4.2,Number of PW having Hb level<11 (tested cases)(7.1 to 10.9),TOTAL,46894,45302,1592,1720,45174,1299,1299,0,NA,1299,2798,2791,7,NA,2798,801,799,2,59,742,3293,3284,9,10,3283,833,833,NA,NA,833,1139,1139,0,NA,1139,1311,1311,NA,NA,1311,2936,2932,4,225,2711,2072,1882,190,27,2045,397,397,0,NA,397,2198,2198,0,176,2022,1680,1680,0,NA,1680,864,864,NA,NA,864,1193,1193,0,71,1122,1308,1124,184,842,466,2689,2689,0,0,2689,951,949,2,22,929,1582,1516,66,14,1568,865,865,NA,NA,865,1610,1548,62,57,1553,1128,1128,NA,NA,1128,4195,4147,48,0,4195,594,594,NA,NA,594,2026,1855,171,62,1964,3802,3525,277,21,3781,1832,1363,469,134,1698,1498,1397,101,NA,1498
M1 [Ante Natal Care (ANC)],1.4.3,Number of PW having Hb level<7 (tested cases),TOTAL,2115,1937,178,57,2058,22,22,0,NA,22,38,38,NA,NA,38,138,138,NA,NA,138,122,117,5,0,122,31,31,NA,NA,31,81,54,27,NA,81,48,48,NA,NA,48,45,45,0,1,44,64,53,11,0,64,48,48,0,NA,48,46,46,0,9,37,185,185,0,NA,185,52,52,NA,NA,52,76,76,0,2,74,49,44,5,18,31,42,42,0,0,42,31,31,0,10,21,92,89,3,3,89,66,66,NA,NA,66,33,26,7,1,32,24,24,NA,NA,24,135,135,0,1,134,9,9,NA,NA,9,99,90,9,0,99,417,353,64,3,414,77,48,29,9,68,45,27,18,NA,45
M1 [Ante Natal Care (ANC)],1.4.4,Number of PW having severe anaemia (Hb<7) treated,TOTAL,595,542,53,29,566,4,4,0,NA,4,38,38,NA,NA,38,15,15,NA,NA,15,63,58,5,0,63,3,3,NA,NA,3,6,6,0,NA,6,7,7,NA,NA,7,6,6,NA,1,5,23,23,0,0,23,17,17,0,NA,17,23,23,0,3,20,1,1,0,NA,1,20,20,NA,NA,20,33,33,0,0,33,42,37,5,13,29,13,13,0,0,13,24,24,0,9,15,39,36,3,0,39,6,6,NA,NA,6,5,5,0,0,5,16,16,NA,NA,16,82,82,0,0,82,0,0,NA,NA,0,35,32,3,0,35,40,23,17,3,37,16,7,9,0,16,18,7,11,NA,18
M1 [Ante Natal Care (ANC)],1.5.1,Number of PW tested for blood sugar using OGTT (Oral Glucose Tolerance Test),TOTAL,1433,1337,96,149,1284,32,32,0,NA,32,0,0,NA,NA,0,0,0,NA,NA,0,355,323,32,0,355,0,0,NA,NA,0,0,0,0,NA,0,0,0,NA,NA,0,34,34,NA,0,34,262,262,0,0,262,0,0,0,NA,0,0,0,0,0,0,0,0,0,NA,0,0,0,NA,NA,0,0,0,0,0,0,147,102,45,147,0,0,0,0,0,0,0,0,0,0,0,418,410,8,0,418,0,0,NA,NA,0,0,0,0,0,0,17,17,NA,NA,17,29,29,0,0,29,0,0,NA,NA,0,0,0,0,0,0,6,0,6,0,6,133,128,5,2,131,0,0,0,NA,0
M1 [Ante Natal Care (ANC)],1.5.2,Number of PW tested positive for GDM,TOTAL,7,3,4,0,7,0,0,0,NA,0,0,0,NA,NA,0,0,0,NA,NA,0,0,0,0,0,0,2,2,NA,NA,2,0,0,0,NA,0,0,0,NA,NA,0,0,0,NA,0,0,1,1,0,0,1,0,0,0,NA,0,0,0,0,0,0,0,0,0,NA,0,0,0,NA,NA,0,0,0,0,0,0,0,0,0,0,0,0,0,0,0,0,0,0,0,0,0,1,0,1,0,1,0,0,NA,NA,0,0,0,0,0,0,0,0,NA,NA,0,0,0,0,0,0,0,0,NA,NA,0,0,0,0,0,0,0,0,0,0,0,0,0,0,0,0,3,0,3,NA,3
M1 [Ante Natal Care (ANC)],1.5.3,Number of PW given insulin out of total tested positive for GDM,TOTAL,0,0,0,0,0,0,0,0,NA,0,0,0,NA,NA,0,0,0,NA,NA,0,0,0,0,0,0,0,0,NA,NA,0,0,0,0,NA,0,0,0,NA,NA,0,0,0,NA,0,0,0,0,0,0,0,0,0,0,NA,0,0,0,0,0,0,0,0,0,NA,0,0,0,NA,NA,0,0,0,0,0,0,0,0,0,0,0,0,0,0,0,0,0,0,0,0,0,0,0,0,0,0,0,0,NA,NA,0,0,0,0,0,0,0,0,NA,NA,0,0,0,0,0,0,0,0,NA,NA,0,0,0,0,0,0,0,0,0,0,0,0,0,0,0,0,0,0,0,NA,0
M1 [Ante Natal Care (ANC)],1.6.1.a,Number of PW tested using POC test for Syphilis,TOTAL,91,64,27,0,91,3,3,NA,NA,3,0,0,NA,NA,0,0,0,NA,NA,0,0,0,NA,NA,0,0,0,NA,NA,0,5,5,NA,NA,5,0,0,NA,NA,0,0,0,0,NA,0,0,0,0,NA,0,0,0,NA,NA,0,23,23,NA,0,23,0,0,0,NA,0,0,0,NA,NA,0,0,0,NA,0,0,0,0,NA,0,0,0,0,NA,NA,0,0,0,NA,NA,0,0,0,NA,NA,0,6,6,NA,NA,6,27,0,27,NA,27,0,0,NA,NA,0,27,27,0,NA,27,0,0,NA,NA,0,0,0,NA,NA,0,0,0,NA,NA,0,0,0,NA,0,0,0,0,NA,NA,0
M1 [Ante Natal Care (ANC)],1.6.1.b,"Out of above, number of PW found sero positive for syphilis",TOTAL,0,0,0,0,0,0,0,NA,NA,0,0,0,NA,NA,0,0,0,NA,NA,0,0,0,NA,NA,0,0,0,NA,NA,0,0,0,NA,NA,0,0,0,NA,NA,0,0,0,0,NA,0,0,0,0,NA,0,0,0,NA,NA,0,0,0,NA,0,0,0,0,0,NA,0,0,0,NA,NA,0,0,0,NA,0,0,0,0,NA,0,0,0,0,NA,NA,0,0,0,NA,NA,0,0,0,NA,NA,0,0,0,NA,NA,0,0,0,0,NA,0,0,0,NA,NA,0,0,0,0,NA,0,0,0,NA,NA,0,0,0,NA,NA,0,0,0,NA,NA,0,0,0,NA,0,0,0,0,NA,NA,0
M1 [Ante Natal Care (ANC)],1.6.2.a,Number of pregnant women tested for Syphilis,TOTAL,14834,14163,671,619,14215,374,374,0,NA,374,162,160,2,NA,162,198,198,NA,NA,198,1332,1263,69,0,1332,101,101,NA,NA,101,218,174,44,NA,218,722,722,NA,NA,722,392,392,NA,0,392,283,283,0,89,194,54,54,0,NA,54,982,982,0,41,941,23,0,23,NA,23,87,87,NA,NA,87,1157,1126,31,31,1126,443,393,50,348,95,1642,1642,0,0,1642,252,252,0,0,252,853,615,238,0,853,258,258,NA,NA,258,168,139,29,0,168,401,401,NA,NA,401,1289,1289,0,0,1289,718,718,NA,NA,718,810,806,4,0,810,973,943,30,0,973,121,0,121,110,11,821,791,30,NA,821
M1 [Ante Natal Care (ANC)],1.6.2.b,Number of pregnant women tested found sero positive for Syphilis,TOTAL,19,11,8,1,18,0,0,0,NA,0,0,0,NA,NA,0,0,0,NA,NA,0,6,6,0,0,6,0,0,NA,NA,0,0,0,0,NA,0,0,0,NA,NA,0,0,0,NA,0,0,0,0,0,0,0,0,0,0,NA,0,0,0,0,0,0,0,0,0,NA,0,0,0,NA,NA,0,5,5,0,0,5,0,0,0,0,0,0,0,0,0,0,0,0,0,0,0,0,0,0,0,0,0,0,NA,NA,0,0,0,0,0,0,0,0,NA,NA,0,0,0,0,0,0,0,0,NA,NA,0,0,0,0,0,0,7,0,7,0,7,1,0,1,1,0,0,0,0,NA,0
M1 [Ante Natal Care (ANC)],1.6.2.c,Number of syphilis positive pregnant women treated for Syphilis,TOTAL,8,0,8,1,7,0,0,0,NA,0,0,0,NA,NA,0,0,0,NA,NA,0,0,0,0,0,0,0,0,NA,NA,0,0,0,0,NA,0,0,0,NA,NA,0,0,0,NA,0,0,0,0,0,0,0,0,0,0,NA,0,0,0,0,0,0,0,0,0,NA,0,0,0,NA,NA,0,0,0,0,0,0,0,0,0,0,0,0,0,0,0,0,0,0,0,0,0,0,0,0,0,0,0,0,NA,NA,0,0,0,0,0,0,0,0,NA,NA,0,0,0,0,0,0,0,0,NA,NA,0,0,0,0,0,0,7,0,7,0,7,1,0,1,1,0,0,0,0,NA,0
M1 [Ante Natal Care (ANC)],1.6.2.d,Number of babies diagnosed with Congenital Syphilis,TOTAL,7,0,7,0,7,0,0,0,NA,0,0,0,NA,NA,0,0,0,NA,NA,0,0,0,0,0,0,0,0,NA,NA,0,0,0,0,NA,0,0,0,NA,NA,0,0,0,NA,0,0,0,0,0,0,0,0,0,0,NA,0,0,0,0,0,0,0,0,0,NA,0,0,0,NA,NA,0,0,0,0,0,0,0,0,0,0,0,0,0,0,0,0,0,0,0,0,0,0,0,0,0,0,0,0,NA,NA,0,0,0,0,0,0,0,0,NA,NA,0,0,0,0,0,0,0,0,NA,NA,0,0,0,0,0,0,7,0,7,0,7,0,0,0,0,0,0,0,0,NA,0
M1 [Ante Natal Care (ANC)],1.6.2.e,Number of babies treated for congenital Syphilis,TOTAL,0,0,0,0,0,0,0,0,NA,0,0,0,NA,NA,0,0,0,NA,NA,0,0,0,0,0,0,0,0,NA,NA,0,0,0,0,NA,0,0,0,NA,NA,0,0,0,NA,0,0,0,0,0,0,0,0,0,0,NA,0,0,0,0,0,0,0,0,0,NA,0,0,0,NA,NA,0,0,0,0,0,0,0,0,0,0,0,0,0,0,0,0,0,0,0,0,0,0,0,0,0,0,0,0,NA,NA,0,0,0,0,0,0,0,0,NA,NA,0,0,0,0,0,0,0,0,NA,NA,0,0,0,0,0,0,0,0,0,0,0,0,0,0,0,0,0,0,0,NA,0
M2 [Deliveries],2.1.1.a,Number of Home Deliveries attended by Skill Birth Attendant(SBA) (Doctor/Nurse/ANM),TOTAL,1238,1218,20,13,1225,22,22,0,NA,22,257,257,NA,NA,257,1,1,NA,NA,1,51,51,0,0,51,11,11,NA,NA,11,45,45,0,NA,45,4,4,NA,NA,4,96,94,2,0,96,0,0,0,0,0,41,41,0,NA,41,58,58,0,3,55,4,4,0,NA,4,25,25,NA,NA,25,6,6,0,1,5,8,8,0,2,6,22,22,0,NA,22,88,88,0,7,81,177,177,0,0,177,7,7,NA,NA,7,12,11,1,0,12,100,100,NA,NA,100,97,97,0,0,97,33,33,NA,NA,33,11,6,5,0,11,31,24,7,NA,31,12,8,4,0,12,19,18,1,NA,19
M2 [Deliveries],2.1.1.b,Number of Home Deliveries attended by Non SBA (Trained Birth Attendant(TBA) /Relatives/etc.),TOTAL,2760,2709,51,17,2743,18,18,0,NA,18,143,143,NA,NA,143,67,67,NA,7,60,56,56,0,0,56,87,87,NA,NA,87,82,81,1,NA,82,0,0,NA,NA,0,947,942,5,0,947,3,1,2,0,3,53,53,0,NA,53,23,23,0,0,23,21,21,0,NA,21,121,121,NA,NA,121,0,0,0,NA,0,9,9,0,6,3,8,8,0,NA,8,127,127,0,1,126,372,372,0,1,371,71,71,NA,NA,71,6,6,0,2,4,32,32,NA,NA,32,285,285,0,0,285,0,0,NA,NA,0,1,1,0,0,1,170,150,20,NA,170,40,17,23,0,40,18,18,0,NA,18
M2 [Deliveries],2.1.2,Number of PW given Tablet Misoprostol during home delivery,TOTAL,1066,1057,9,4,1062,1,1,0,NA,1,30,30,NA,NA,30,0,0,NA,NA,0,0,0,0,0,0,6,6,NA,NA,6,65,65,0,NA,65,1,1,NA,NA,1,455,455,0,0,455,0,0,0,0,0,57,57,0,NA,57,25,25,0,0,25,2,2,0,NA,2,119,119,NA,NA,119,5,5,0,0,5,6,6,0,2,4,5,5,0,NA,5,50,50,NA,0,50,159,159,0,0,159,2,2,NA,NA,2,2,2,0,2,0,9,9,NA,NA,9,18,18,0,0,18,19,19,NA,NA,19,0,0,0,0,0,18,12,6,NA,18,12,9,3,0,12,0,0,0,NA,0
M2 [Deliveries],2.1.3,Number of newborns received 7 Home Based Newborn Care (HBNC) visits in case of Home delivery,TOTAL,3995,3932,63,23,3972,36,36,0,NA,36,405,405,NA,NA,405,71,71,NA,15,56,87,87,0,0,87,96,96,NA,NA,96,180,178,2,NA,180,4,4,NA,NA,4,1137,1132,5,0,1137,3,2,1,0,3,72,72,0,NA,72,113,113,0,3,110,11,11,0,NA,11,137,137,NA,NA,137,7,7,0,0,7,9,9,0,1,8,13,13,0,NA,13,178,178,0,2,176,613,613,0,0,613,68,68,NA,NA,68,13,12,1,1,12,115,115,NA,NA,115,290,290,0,1,289,26,26,NA,NA,26,9,5,4,0,9,223,196,27,NA,223,51,28,23,0,51,28,28,0,NA,28
M2 [Deliveries],2.2,Number of Institutional Deliveries conducted (Including C-Sections),TOTAL,32563,26824,5739,3339,29224,489,465,24,NA,489,1785,1693,92,NA,1785,809,558,251,251,558,2541,1961,580,268,2273,355,320,35,NA,355,972,921,51,NA,972,858,837,21,NA,858,1560,1503,57,10,1550,1399,999,400,243,1156,200,197,3,NA,200,1347,1236,111,139,1208,839,676,163,NA,839,670,670,NA,NA,670,1007,758,249,192,815,2408,1580,828,892,1516,1146,1004,142,66,1080,1004,1004,0,0,1004,1243,1049,194,37,1206,903,861,42,NA,903,1075,964,111,65,1010,980,977,3,NA,980,3568,2647,921,707,2861,752,436,316,NA,752,781,577,204,102,679,1937,1508,429,144,1793,1411,972,439,223,1188,524,451,73,NA,524
M2 [Deliveries],2.2.1,Out of total institutional deliveries number of women discharged within 48 hours of delivery,TOTAL,8001,7378,623,288,7713,100,100,0,NA,100,368,363,5,NA,368,342,342,NA,NA,342,299,262,37,0,299,67,67,0,NA,67,246,246,0,NA,246,222,222,0,NA,222,909,909,0,0,909,33,30,3,30,3,40,37,3,NA,40,412,367,45,46,366,132,88,44,NA,132,256,256,NA,NA,256,106,0,106,106,0,54,6,48,48,6,72,72,0,0,72,599,599,0,0,599,559,453,106,0,559,163,163,0,NA,163,564,518,46,0,564,162,159,3,NA,162,1264,1231,33,33,1231,29,29,0,NA,29,43,38,5,4,39,575,500,75,17,558,44,39,5,4,40,341,282,59,NA,341
M2 [Deliveries],2.2.2,Number of newborns received 6 HBNC  visits after Institutional Delivery,TOTAL,23277,22611,666,911,22366,613,612,1,NA,613,2243,2243,NA,NA,2243,690,690,NA,44,646,1706,1706,0,0,1706,383,355,28,NA,383,935,930,5,NA,935,701,701,NA,NA,701,461,461,0,34,427,160,93,67,21,139,148,148,0,NA,148,977,977,0,28,949,173,173,0,NA,173,761,761,NA,NA,761,641,638,3,35,606,691,691,0,613,78,1593,1593,0,0,1593,997,997,NA,41,956,1041,1041,0,26,1015,654,654,NA,NA,654,334,299,35,29,305,1080,1080,NA,NA,1080,2685,2666,19,13,2672,481,481,NA,NA,481,854,747,107,10,844,868,740,128,NA,868,898,655,243,17,881,509,479,30,NA,509
M3 [Number of Caesarean (C-Section) deliveries],3.1,Total C -Section deliveries performed,TOTAL,8108,4628,3480,2476,5632,3,3,0,NA,3,401,315,86,NA,401,307,109,198,198,109,773,407,366,248,525,43,26,17,NA,43,147,105,42,NA,147,238,219,19,NA,238,105,66,39,0,105,494,293,201,187,307,47,44,3,NA,47,225,142,83,83,142,199,115,84,NA,199,5,5,NA,NA,5,440,263,177,177,263,1276,789,487,509,767,255,169,86,43,212,56,56,NA,0,56,132,53,79,33,99,163,129,34,NA,163,299,246,53,53,246,66,66,0,NA,66,897,208,689,605,292,332,89,243,NA,332,183,88,95,89,94,604,357,247,115,489,411,266,145,136,275,7,0,7,NA,7
M3 [Number of Caesarean (C-Section) deliveries],3.1.1,"C-sections, performed at night (8 PM- 8 AM)",TOTAL,2230,1176,1054,732,1498,0,0,0,NA,0,93,75,18,NA,93,14,14,NA,NA,14,311,170,141,88,223,7,0,7,NA,7,41,28,13,NA,41,20,10,10,NA,20,28,18,10,0,28,244,130,114,109,135,16,13,3,NA,16,29,6,23,23,6,41,28,13,NA,41,0,0,NA,NA,0,171,114,57,57,114,383,237,146,146,237,34,9,25,11,23,4,4,NA,0,4,30,8,22,1,29,25,10,15,NA,25,85,42,43,43,42,8,8,0,NA,8,258,48,210,176,82,85,23,62,NA,85,33,7,26,26,7,194,134,60,21,173,72,40,32,31,41,4,0,4,NA,4
M4 [Pregnancy outcome & details of new-born],4.1.1.a,Live Birth - Male,TOTAL,18782,15803,2979,1715,17067,281,270,11,NA,281,1070,1032,38,NA,1070,487,356,131,134,353,1375,1074,301,131,1244,228,214,14,NA,228,546,517,29,NA,546,438,427,11,NA,438,1286,1261,25,6,1280,692,523,169,94,598,137,134,3,NA,137,747,683,64,81,666,446,361,85,NA,446,393,393,NA,NA,393,527,409,118,92,435,1232,815,417,456,776,600,517,83,38,562,655,655,0,6,649,909,816,93,17,892,519,501,18,NA,519,588,530,58,33,555,570,569,1,NA,570,1978,1506,472,368,1610,397,238,159,NA,397,419,300,119,57,362,1146,890,256,82,1064,816,551,265,120,696,300,261,39,NA,300
M4 [Pregnancy outcome & details of new-born],4.1.1.b,Live Birth - Female,TOTAL,17242,14470,2772,1630,15612,235,222,13,NA,235,1060,1006,54,NA,1060,372,260,112,116,256,1231,959,272,133,1098,220,201,19,NA,220,537,514,23,NA,537,417,407,10,NA,417,1288,1257,31,4,1284,659,429,230,148,511,156,156,0,NA,156,665,614,51,65,600,407,329,78,NA,407,398,398,NA,NA,398,480,348,132,102,378,1120,711,409,443,677,568,509,59,28,540,559,559,0,2,557,825,734,91,21,804,449,425,24,NA,449,509,457,52,34,475,539,538,1,NA,539,1884,1459,425,325,1559,392,229,163,NA,392,368,278,90,45,323,1003,806,197,62,941,642,442,200,102,540,259,223,36,NA,259
M4 [Pregnancy outcome & details of new-born],4.1.2,Number of Pre term newborns ( < 37 weeks of pregnancy),TOTAL,1258,1064,194,103,1155,13,13,0,NA,13,88,87,1,NA,88,42,42,NA,NA,42,33,32,1,0,33,12,12,0,NA,12,82,82,0,NA,82,6,6,0,NA,6,50,50,0,0,50,123,118,5,0,123,2,2,0,NA,2,46,46,0,2,44,26,25,1,NA,26,4,4,NA,NA,4,2,2,0,0,2,121,52,69,73,48,26,25,1,1,25,15,15,NA,0,15,51,32,19,0,51,3,3,NA,NA,3,24,11,13,0,24,52,52,0,NA,52,131,110,21,17,114,62,41,21,NA,62,84,83,1,0,84,34,4,30,6,28,107,97,10,4,103,19,18,1,NA,19
M4 [Pregnancy outcome & details of new-born],4.1.3,Still Birth,TOTAL,845,728,117,58,787,17,17,0,NA,17,82,82,NA,NA,82,21,12,9,9,12,63,54,9,4,59,6,4,2,NA,6,16,16,0,NA,16,14,14,NA,NA,14,58,49,9,0,58,41,36,5,1,40,4,4,0,NA,4,40,30,10,12,28,17,16,1,NA,17,27,27,NA,NA,27,21,19,2,2,19,75,73,2,2,73,16,12,4,2,14,26,26,NA,0,26,67,53,14,0,67,28,28,NA,NA,28,14,13,1,0,14,6,5,1,NA,6,104,73,31,21,83,6,4,2,NA,6,10,10,0,0,10,42,36,6,2,40,15,7,8,3,12,9,8,1,NA,9
M4 [Pregnancy outcome & details of new-born],4.2,Abortion (spontaneous),TOTAL,2411,2250,161,126,2285,93,93,0,NA,93,226,211,15,NA,226,42,42,NA,NA,42,70,57,13,2,68,7,7,0,NA,7,17,15,2,NA,17,70,70,NA,NA,70,64,64,0,0,64,108,103,5,0,108,20,20,0,NA,20,91,91,0,19,72,66,66,0,NA,66,146,146,NA,NA,146,55,55,0,0,55,75,6,69,69,6,162,162,0,0,162,74,74,NA,0,74,49,49,0,0,49,193,193,NA,NA,193,9,9,0,0,9,105,105,0,NA,105,180,173,7,0,180,163,155,8,NA,163,88,75,13,12,76,110,106,4,1,109,44,20,24,23,21,84,83,1,NA,84
M4 [Pregnancy outcome & details of new-born],4.3.1.a,MTP up to 12 weeks of pregnancy,TOTAL,8364,7671,693,511,7853,215,215,0,NA,215,294,294,NA,NA,294,346,346,NA,NA,346,168,145,23,23,145,118,118,NA,NA,118,757,656,101,NA,757,641,641,NA,NA,641,734,734,NA,207,527,219,215,4,0,219,48,48,0,NA,48,249,210,39,62,187,201,201,0,NA,201,50,50,NA,NA,50,200,193,7,7,193,185,160,25,48,137,254,238,16,0,254,247,247,NA,0,247,100,64,36,36,64,208,208,NA,NA,208,360,360,0,0,360,121,121,NA,NA,121,778,778,0,0,778,482,249,233,NA,482,231,231,0,0,231,302,222,80,NA,302,524,395,129,128,396,332,332,0,NA,332
M4 [Pregnancy outcome & details of new-born],4.3.1.b,MTP more than 12 weeks of pregnancy,TOTAL,310,269,41,16,294,4,4,0,NA,4,0,0,NA,NA,0,0,0,NA,NA,0,0,0,0,0,0,0,0,NA,NA,0,4,3,1,NA,4,82,82,NA,NA,82,0,0,NA,0,0,5,5,0,0,5,1,1,0,NA,1,2,2,0,0,2,2,2,0,NA,2,0,0,NA,NA,0,0,0,0,0,0,29,13,16,16,13,3,3,0,0,3,0,0,NA,0,0,0,0,0,0,0,14,14,NA,NA,14,123,123,0,0,123,1,1,NA,NA,1,11,11,0,0,11,26,3,23,NA,26,2,2,0,0,2,0,0,0,NA,0,1,0,1,0,1,0,0,0,NA,0
M4 [Pregnancy outcome & details of new-born],4.3.2.a,Post Abortion/ MTP Complications Identified,TOTAL,39,26,13,0,39,0,0,0,NA,0,0,0,NA,NA,0,0,0,NA,NA,0,0,0,0,0,0,0,0,NA,NA,0,6,1,5,NA,6,0,0,NA,NA,0,0,0,NA,0,0,0,0,0,0,0,0,0,0,NA,0,5,5,0,0,5,2,2,0,NA,2,0,0,NA,NA,0,0,0,0,0,0,0,0,0,0,0,11,11,0,0,11,0,0,NA,0,0,0,0,0,0,0,7,7,NA,NA,7,0,0,0,0,0,0,0,NA,NA,0,0,0,0,0,0,8,0,8,NA,8,0,0,0,0,0,0,0,0,NA,0,0,0,0,0,0,0,0,0,NA,0
M4 [Pregnancy outcome & details of new-born],4.3.2.b,Post Abortion/ MTP Complications Treated,TOTAL,250,239,11,0,250,0,0,0,NA,0,0,0,NA,NA,0,0,0,NA,NA,0,0,0,0,0,0,0,0,NA,NA,0,2,0,2,NA,2,0,0,NA,NA,0,0,0,NA,0,0,38,38,0,0,38,0,0,0,NA,0,5,5,0,0,5,0,0,0,NA,0,0,0,NA,NA,0,0,0,0,0,0,0,0,0,0,0,11,11,0,0,11,10,10,NA,0,10,0,0,0,0,0,26,26,NA,NA,26,0,0,0,0,0,79,79,NA,NA,79,40,40,0,0,40,8,0,8,NA,8,0,0,0,0,0,25,25,0,NA,25,1,0,1,0,1,5,5,0,NA,5
M4 [Pregnancy outcome & details of new-born],4.3.3,Number of women provided with post abortion/ MTP contraception,TOTAL,879,879,0,42,837,169,169,0,NA,169,0,0,NA,NA,0,0,0,NA,NA,0,0,0,0,0,0,0,0,NA,NA,0,14,14,0,NA,14,101,101,NA,NA,101,271,271,NA,0,271,30,30,0,0,30,5,5,0,NA,5,50,50,0,42,8,49,49,0,NA,49,0,0,NA,NA,0,22,22,0,0,22,0,0,0,0,0,67,67,0,0,67,10,10,NA,0,10,0,0,0,0,0,19,19,NA,NA,19,0,0,0,0,0,0,0,NA,NA,0,59,59,0,0,59,2,2,0,NA,2,0,0,0,0,0,0,0,0,NA,0,0,0,0,0,0,11,11,0,NA,11
M4 [Pregnancy outcome & details of new-born],4.4.1,Number of newborns weighed at birth,TOTAL,35396,29649,5747,3339,32057,515,491,24,NA,515,2128,2036,92,NA,2128,858,615,243,250,608,2606,2033,573,264,2342,450,417,33,NA,450,1040,988,52,NA,1040,853,832,21,NA,853,2558,2502,56,10,2548,1351,952,399,242,1109,293,290,3,NA,293,1409,1294,115,145,1264,852,690,162,NA,852,791,791,NA,NA,791,1007,757,250,194,813,2352,1526,826,895,1457,1159,1017,142,66,1093,1195,1195,0,8,1187,1731,1547,184,37,1694,964,922,42,NA,964,1090,979,111,67,1023,1109,1107,2,NA,1109,3844,2947,897,693,3151,789,467,322,NA,789,785,576,209,102,683,1651,1201,450,144,1507,1457,993,464,222,1235,559,484,75,NA,559
M4 [Pregnancy outcome & details of new-born],4.4.2,Number of newborns having weight less than 2.5 kg,TOTAL,5336,4658,678,295,5041,88,77,11,NA,88,327,306,21,NA,327,110,110,NA,NA,110,456,401,55,22,434,70,70,0,NA,70,112,108,4,NA,112,89,88,1,NA,89,441,430,11,0,441,340,297,43,22,318,27,27,0,NA,27,212,175,37,43,169,86,65,21,NA,86,84,84,NA,NA,84,46,43,3,2,44,289,264,25,37,252,194,146,48,30,164,77,77,0,0,77,238,199,39,10,228,172,154,18,NA,172,132,109,23,19,113,144,144,0,NA,144,428,329,99,71,357,127,57,70,NA,127,108,87,21,10,98,579,531,48,7,572,254,193,61,22,232,106,87,19,NA,106
M4 [Pregnancy outcome & details of new-born],4.4.3,Number of Newborns breast fed within 1 hour of birth ,TOTAL,34160,28680,5480,3172,30988,514,490,24,NA,514,2092,2009,83,NA,2092,858,615,243,250,608,2603,2031,572,264,2339,449,416,33,NA,449,1012,960,52,NA,1012,761,740,21,NA,761,2553,2497,56,10,2543,1351,952,399,242,1109,293,290,3,NA,293,1373,1267,106,136,1237,753,592,161,NA,753,789,789,NA,NA,789,452,361,91,69,383,2351,1525,826,899,1452,1165,1023,142,66,1099,1195,1195,0,8,1187,1708,1535,173,34,1674,949,925,24,NA,949,1095,984,111,67,1028,1087,1085,2,NA,1087,3662,2771,891,687,2975,756,457,299,NA,756,775,570,205,98,677,1555,1130,425,120,1435,1455,992,463,222,1233,554,479,75,NA,554
M5 [Complicated Pregnancies],5.1,"Number of cases of pregnant women with Obstetric Complications attended (Antepartum haemorrhage (APH), Post-Partum Hemorrhage (PPH), Sepsis, Eclampsia and others)",TOTAL,4848,3304,1544,1437,3411,16,16,0,NA,16,25,25,NA,NA,25,355,157,198,198,157,139,117,22,0,139,12,9,3,NA,12,366,366,0,NA,366,50,50,NA,NA,50,128,128,NA,0,128,294,75,219,243,51,44,44,0,NA,44,266,247,19,24,242,75,75,0,NA,75,84,84,NA,NA,84,146,132,14,23,123,115,63,52,78,37,124,118,6,0,124,51,51,NA,0,51,523,440,83,33,490,27,27,NA,NA,27,18,18,0,0,18,249,249,0,NA,249,928,295,633,633,295,90,39,51,NA,90,224,133,91,89,135,66,35,31,5,61,395,273,122,111,284,38,38,0,NA,38
M5 [Complicated Pregnancies],5.2,Number of Complicated pregnancies treated with Blood Transfusion,TOTAL,558,498,60,8,550,0,0,NA,NA,0,0,0,NA,NA,0,0,0,NA,NA,0,4,4,0,0,4,0,0,0,NA,0,129,129,0,NA,129,0,0,NA,NA,0,45,45,NA,NA,45,0,0,0,NA,0,12,12,NA,NA,12,55,55,0,0,55,17,17,NA,NA,17,10,10,NA,NA,10,12,12,0,0,12,28,28,NA,8,20,8,8,0,0,8,9,9,NA,NA,9,38,11,27,0,38,4,4,NA,NA,4,0,0,0,0,0,0,0,NA,NA,0,98,98,0,NA,98,31,1,30,NA,31,16,16,0,NA,16,41,38,3,NA,41,1,1,0,0,1,0,0,NA,NA,0
M6 [Post Natal Care (PNC)],6.1,Women receiving 1st post partum checkup within 48 hours of home delivery,TOTAL,5267,5062,205,65,5202,102,85,17,NA,102,428,428,NA,NA,428,60,60,NA,7,53,105,105,0,0,105,81,81,0,NA,81,135,135,0,NA,135,4,4,NA,NA,4,1051,1046,5,0,1051,3,1,2,0,3,117,114,3,NA,117,70,70,0,4,66,38,38,0,NA,38,194,194,NA,NA,194,6,6,0,1,5,15,15,0,6,9,88,88,0,0,88,218,218,0,8,210,737,700,37,37,700,80,80,NA,NA,80,25,17,8,2,23,116,116,0,NA,116,875,875,0,0,875,33,33,0,NA,33,127,117,10,0,127,442,363,79,0,442,76,35,41,0,76,41,38,3,NA,41
M6 [Post Natal Care (PNC)],6.2,Women receiving 1st post partum checkup between 48 hours and 14 days,TOTAL,29029,26563,2466,1494,27535,853,846,7,NA,853,1236,1236,NA,NA,1236,582,582,NA,119,463,1187,1162,25,0,1187,454,419,35,NA,454,894,893,1,NA,894,510,510,NA,NA,510,1842,1814,28,0,1842,1012,762,250,0,1012,136,136,0,NA,136,864,864,0,36,828,817,813,4,NA,817,649,649,NA,NA,649,1195,1159,36,86,1109,2392,1573,819,885,1507,1077,1077,0,0,1077,974,974,0,6,968,1104,1104,0,0,1104,261,261,NA,NA,261,2351,2208,143,44,2307,1087,1085,2,NA,1087,2447,2439,8,0,2447,986,670,316,NA,986,982,877,105,10,972,1090,854,236,108,982,1644,1239,405,200,1444,403,357,46,NA,403
M6 [Post Natal Care (PNC)],6.3,Number of mothers provided full course of 180 IFA tablets after delivery,TOTAL,27215,25933,1282,750,26465,821,820,1,NA,821,2259,2239,20,NA,2259,274,274,NA,NA,274,1056,1011,45,0,1056,373,338,35,NA,373,1470,1465,5,NA,1470,907,907,NA,NA,907,2109,2071,38,0,2109,908,528,380,213,695,172,172,0,NA,172,1096,1096,0,36,1060,773,765,8,NA,773,319,319,NA,NA,319,1062,1057,5,55,1007,507,459,48,192,315,1033,1027,6,0,1033,955,955,0,24,931,1919,1917,2,0,1919,493,493,NA,NA,493,1087,1046,41,36,1051,1060,1058,2,NA,1060,2659,2641,18,0,2659,728,728,NA,NA,728,840,749,91,10,830,963,692,271,120,843,949,716,233,64,885,423,390,33,NA,423
M6 [Post Natal Care (PNC)],6.4,Number of mothers provided 360 Calcium tablets after delivery,TOTAL,14611,13680,931,706,13905,181,180,1,NA,181,1124,1102,22,NA,1124,55,55,NA,NA,55,90,64,26,0,90,241,206,35,NA,241,1281,1279,2,NA,1281,702,702,NA,NA,702,1753,1728,25,0,1753,506,208,298,213,293,139,139,0,NA,139,953,953,0,35,918,71,70,1,NA,71,170,170,NA,NA,170,844,839,5,55,789,398,350,48,134,264,572,566,6,0,572,567,567,0,9,558,1006,1006,0,0,1006,357,357,NA,NA,357,374,358,16,66,308,326,324,2,NA,326,741,741,0,0,741,405,405,NA,NA,405,547,466,81,10,537,540,301,239,120,420,489,379,110,64,425,179,165,14,NA,179
M7 [Reproductive Tract Infections/Sexually Transmitted Infections (RTI/STI) Cases],7.1.1,New RTI/STI cases identified - Male,TOTAL,1345,1340,5,0,1345,17,17,0,NA,17,3,3,NA,NA,3,29,29,NA,NA,29,44,44,0,0,44,0,0,NA,NA,0,12,12,0,NA,12,60,60,NA,NA,60,31,31,NA,0,31,28,28,0,0,28,0,0,0,NA,0,8,8,0,0,8,111,111,0,NA,111,78,78,NA,NA,78,79,79,0,0,79,46,46,0,0,46,40,40,0,0,40,0,0,NA,0,0,15,15,0,0,15,49,49,NA,NA,49,96,96,0,0,96,39,39,NA,NA,39,26,26,0,0,26,108,108,NA,NA,108,10,6,4,0,10,407,406,1,NA,407,0,0,0,0,0,9,9,0,NA,9
M7 [Reproductive Tract Infections/Sexually Transmitted Infections (RTI/STI) Cases],7.1.2,New RTI/STI cases identified - Female,TOTAL,3123,3119,4,0,3123,68,68,0,NA,68,4,4,NA,NA,4,74,74,NA,NA,74,253,253,0,0,253,0,0,NA,NA,0,120,120,0,NA,120,168,168,NA,NA,168,256,256,NA,0,256,45,45,0,0,45,0,0,0,NA,0,97,97,0,0,97,130,130,0,NA,130,196,196,NA,NA,196,117,117,0,0,117,75,75,0,0,75,95,95,0,0,95,3,3,NA,0,3,12,12,0,0,12,130,130,NA,NA,130,190,190,0,0,190,99,99,NA,NA,99,134,134,0,0,134,178,178,NA,NA,178,102,99,3,0,102,517,516,1,NA,517,0,0,0,0,0,60,60,0,NA,60
M7 [Reproductive Tract Infections/Sexually Transmitted Infections (RTI/STI) Cases],7.2.1,RTI/STI for which treatment initiated - Male,TOTAL,1246,1246,0,0,1246,17,17,0,NA,17,7,7,NA,NA,7,29,29,NA,NA,29,44,44,0,0,44,0,0,NA,NA,0,12,12,0,NA,12,59,59,NA,NA,59,31,31,NA,0,31,28,28,0,0,28,0,0,0,NA,0,8,8,0,0,8,111,111,0,NA,111,75,75,NA,NA,75,79,79,0,0,79,46,46,0,0,46,40,40,0,0,40,0,0,NA,0,0,15,15,0,0,15,20,20,NA,NA,20,96,96,0,0,96,28,28,NA,NA,28,33,33,0,0,33,108,108,NA,NA,108,6,6,0,0,6,345,345,0,NA,345,0,0,0,0,0,9,9,0,NA,9
M7 [Reproductive Tract Infections/Sexually Transmitted Infections (RTI/STI) Cases],7.2.2,RTI/STI for which treatment initiated -Female,TOTAL,2989,2988,1,0,2989,68,68,0,NA,68,6,6,NA,NA,6,74,74,NA,NA,74,253,253,0,0,253,0,0,NA,NA,0,120,120,0,NA,120,167,167,NA,NA,167,256,256,NA,0,256,42,42,0,0,42,0,0,0,NA,0,97,97,0,0,97,126,126,0,NA,126,174,174,NA,NA,174,117,117,0,0,117,72,72,0,0,72,95,95,0,0,95,3,3,NA,0,3,12,12,0,0,12,92,92,NA,NA,92,190,190,0,0,190,89,89,NA,NA,89,126,126,0,0,126,178,178,NA,NA,178,99,99,0,0,99,473,472,1,NA,473,0,0,0,0,0,60,60,0,NA,60
M8 [Family Planning],8.1.1,Number of Non Scalpel Vasectomy (NSV) / Conventional Vasectomy conducted,TOTAL,3,3,0,0,3,0,0,0,NA,0,1,1,NA,NA,1,2,2,NA,NA,2,0,0,0,0,0,0,0,NA,NA,0,0,0,0,NA,0,0,0,NA,NA,0,0,0,NA,0,0,0,0,0,0,0,0,0,0,NA,0,0,0,0,0,0,0,0,0,NA,0,0,0,NA,NA,0,0,0,0,0,0,0,0,0,0,0,0,0,0,0,0,0,0,NA,0,0,0,0,0,0,0,0,0,NA,NA,0,0,0,0,0,0,0,0,NA,NA,0,0,0,0,0,0,0,0,0,NA,0,0,0,0,0,0,0,0,0,NA,0,0,0,0,0,0,0,0,0,NA,0
M8 [Family Planning],8.2.1,Number of Laparoscopic sterilizations (excluding post abortion) conducted,TOTAL,252,251,1,1,251,48,48,0,NA,48,0,0,NA,NA,0,43,43,NA,NA,43,11,11,0,0,11,0,0,NA,NA,0,3,3,0,NA,3,11,11,NA,NA,11,0,0,NA,0,0,7,7,0,0,7,0,0,0,NA,0,1,1,0,1,0,31,31,0,NA,31,0,0,NA,NA,0,0,0,0,0,0,1,1,0,0,1,17,17,0,0,17,0,0,NA,0,0,0,0,0,0,0,0,0,NA,NA,0,0,0,0,0,0,0,0,NA,NA,0,2,1,1,0,2,3,3,0,NA,3,0,0,0,0,0,25,25,0,NA,25,49,49,0,0,49,0,0,0,NA,0
M8 [Family Planning],8.2.2,Number of Interval Mini-lap (other than post-partum and post abortion) sterilizations conducted,TOTAL,29,26,3,3,26,0,0,0,NA,0,2,2,NA,NA,2,0,0,NA,NA,0,0,0,0,0,0,0,0,NA,NA,0,0,0,0,NA,0,1,1,NA,NA,1,0,0,NA,0,0,14,14,0,0,14,0,0,0,NA,0,0,0,0,0,0,0,0,0,NA,0,0,0,NA,NA,0,0,0,0,0,0,9,6,3,3,6,0,0,0,0,0,0,0,NA,0,0,0,0,0,0,0,0,0,NA,NA,0,0,0,0,0,0,0,0,NA,NA,0,0,0,0,0,0,0,0,0,NA,0,0,0,0,0,0,0,0,0,NA,0,3,3,0,0,3,0,0,0,NA,0
M8 [Family Planning],8.2.3,Number of Postpartum sterilizations (within 7 days of delivery by minilap or concurrent with caesarean section) conducted,TOTAL,876,731,145,92,784,0,0,0,NA,0,81,76,5,NA,81,43,14,29,29,14,55,51,4,0,55,5,5,NA,NA,5,18,18,0,NA,18,39,39,NA,NA,39,16,16,NA,0,16,14,14,0,0,14,6,6,0,NA,6,22,10,12,12,10,30,24,6,NA,30,0,0,NA,NA,0,35,34,1,1,34,158,158,0,0,158,33,33,0,0,33,0,0,NA,0,0,18,8,10,6,12,24,24,NA,NA,24,71,71,0,0,71,7,7,NA,NA,7,52,8,44,44,8,36,8,28,NA,36,12,12,0,0,12,46,40,6,NA,46,55,55,0,0,55,0,0,0,NA,0
M8 [Family Planning],8.2.4,Number of Post Abortion sterilizations (within 7 days of spontaneous or surgical abortion) conducted,TOTAL,23,20,3,7,16,0,0,0,NA,0,0,0,NA,NA,0,0,0,NA,NA,0,0,0,0,0,0,0,0,NA,NA,0,0,0,0,NA,0,0,0,NA,NA,0,1,1,NA,0,1,0,0,0,0,0,0,0,0,NA,0,0,0,0,0,0,2,2,0,NA,2,0,0,NA,NA,0,2,0,2,2,0,13,13,0,4,9,0,0,0,0,0,0,0,NA,0,0,0,0,0,0,0,1,1,NA,NA,1,0,0,0,0,0,0,0,NA,NA,0,1,0,1,1,0,2,2,0,NA,2,0,0,0,0,0,1,1,0,NA,1,0,0,0,0,0,0,0,0,NA,0
M8 [Family Planning],8.3,Number of Interval IUCD Insertions (excluding PPIUCD and PAIUCD),TOTAL,3106,3083,23,52,3054,43,43,0,NA,43,162,162,NA,NA,162,108,108,NA,7,101,130,130,0,0,130,84,84,NA,NA,84,167,167,0,NA,167,161,161,NA,NA,161,243,240,3,0,243,160,157,3,5,155,7,7,0,NA,7,192,192,0,5,187,49,49,0,NA,49,275,275,NA,NA,275,130,128,2,2,128,50,50,0,33,17,142,142,0,0,142,83,83,NA,0,83,69,69,0,0,69,108,108,NA,NA,108,187,186,1,0,187,116,116,NA,NA,116,174,174,0,0,174,50,37,13,NA,50,62,62,0,0,62,52,51,1,NA,52,51,51,0,0,51,51,51,0,NA,51
M8 [Family Planning],8.4,Number of Postpartum (within 48 hours of delivery) IUCD insertions,TOTAL,2746,2741,5,56,2690,31,31,0,NA,31,133,133,NA,NA,133,11,11,NA,NA,11,89,89,0,0,89,2,2,NA,NA,2,103,103,0,NA,103,214,214,NA,NA,214,166,166,0,1,165,94,94,0,28,66,25,25,0,NA,25,122,122,0,3,119,218,218,0,NA,218,99,99,NA,NA,99,37,37,0,0,37,463,463,0,19,444,56,56,0,0,56,14,14,NA,0,14,9,9,0,0,9,55,55,NA,NA,55,90,90,0,0,90,26,26,NA,NA,26,197,192,5,5,192,138,138,0,NA,138,65,65,0,0,65,105,105,0,NA,105,147,147,0,0,147,37,37,0,NA,37
M8 [Family Planning],8.5,Number of Post Abortion (within 12 days of spontaneous or surgical abortion) IUCD insertions,TOTAL,571,571,0,54,517,0,0,0,NA,0,26,26,NA,NA,26,0,0,NA,NA,0,11,11,0,0,11,0,0,NA,NA,0,32,32,0,NA,32,1,1,NA,NA,1,42,42,NA,30,12,12,12,0,0,12,0,0,0,NA,0,80,80,0,21,59,8,8,0,NA,8,0,0,NA,NA,0,14,14,0,0,14,17,17,0,3,14,29,29,0,0,29,6,6,NA,0,6,2,2,0,0,2,26,26,NA,NA,26,0,0,0,0,0,9,9,NA,NA,9,36,36,0,0,36,180,180,0,NA,180,1,1,0,0,1,13,13,0,NA,13,15,15,0,0,15,11,11,0,NA,11
M8 [Family Planning],8.6,Number of IUCD Removals,TOTAL,1209,1187,22,28,1181,24,24,0,NA,24,39,39,NA,NA,39,20,20,NA,1,19,11,9,2,0,11,53,53,NA,NA,53,47,45,2,NA,47,84,84,NA,NA,84,32,32,0,0,32,49,47,2,13,36,21,21,0,NA,21,76,76,0,0,76,63,63,0,NA,63,40,40,NA,NA,40,23,23,0,2,21,88,88,0,12,76,72,72,0,0,72,51,51,NA,0,51,19,19,0,0,19,96,96,NA,NA,96,22,22,0,0,22,21,21,NA,NA,21,35,35,0,0,35,33,21,12,NA,33,63,63,0,0,63,24,24,0,NA,24,32,29,3,0,32,71,70,1,NA,71
M8 [Family Planning],8.7,Number of complications following IUCD Insertion,TOTAL,167,167,0,2,165,1,1,0,NA,1,5,5,NA,NA,5,1,1,NA,NA,1,2,2,0,0,2,21,21,NA,NA,21,15,15,0,NA,15,8,8,NA,NA,8,4,4,0,0,4,11,11,0,0,11,10,10,0,NA,10,2,2,0,0,2,4,4,0,NA,4,5,5,NA,NA,5,1,1,0,0,1,3,3,0,2,1,5,5,0,0,5,6,6,NA,0,6,3,3,0,0,3,33,33,NA,NA,33,3,3,0,0,3,5,5,NA,NA,5,13,13,0,0,13,0,0,0,NA,0,1,1,0,0,1,2,2,0,NA,2,0,0,0,0,0,3,3,0,NA,3
M8 [Family Planning],8.8,Injectable Contraceptive-Antara Program- First Dose,TOTAL,476,476,0,1,475,12,12,0,NA,12,5,5,NA,NA,5,32,32,NA,NA,32,11,11,0,0,11,0,0,NA,NA,0,17,17,0,NA,17,47,47,NA,NA,47,77,77,0,0,77,0,0,0,0,0,0,0,0,NA,0,3,3,0,0,3,9,9,0,NA,9,106,106,NA,NA,106,0,0,0,0,0,20,20,0,0,20,20,20,0,0,20,1,1,NA,1,0,19,19,0,0,19,22,22,NA,NA,22,16,16,0,0,16,7,7,NA,NA,7,16,16,0,0,16,0,0,NA,NA,0,11,11,0,0,11,14,14,0,NA,14,10,10,0,0,10,1,1,0,NA,1
M8 [Family Planning],8.9,Injectable Contraceptive-Antara Program- Second Dose,TOTAL,177,177,0,1,176,8,8,0,NA,8,0,0,NA,NA,0,8,8,NA,NA,8,2,2,0,0,2,0,0,NA,NA,0,1,1,0,NA,1,29,29,NA,NA,29,13,13,0,0,13,0,0,0,0,0,0,0,0,NA,0,0,0,0,0,0,4,4,0,NA,4,53,53,NA,NA,53,0,0,0,0,0,7,7,0,0,7,12,12,0,0,12,1,1,NA,1,0,4,4,0,0,4,0,0,NA,NA,0,3,3,0,0,3,6,6,NA,NA,6,6,6,0,0,6,0,0,NA,NA,0,5,5,0,0,5,11,11,0,NA,11,4,4,0,0,4,0,0,0,NA,0
M8 [Family Planning],8.1,Injectable Contraceptive-Antara Program- Third Dose,TOTAL,9,9,0,0,9,0,0,0,NA,0,0,0,NA,NA,0,0,0,NA,NA,0,2,2,0,0,2,0,0,NA,NA,0,0,0,0,NA,0,0,0,NA,NA,0,0,0,0,0,0,0,0,0,0,0,0,0,0,NA,0,0,0,0,0,0,1,1,0,NA,1,0,0,NA,NA,0,0,0,0,0,0,0,0,0,0,0,0,0,0,0,0,0,0,NA,0,0,0,0,0,0,0,0,0,NA,NA,0,0,0,0,0,0,0,0,NA,NA,0,0,0,0,0,0,0,0,NA,NA,0,6,6,0,0,6,0,0,0,NA,0,0,0,0,0,0,0,0,0,NA,0
M8 [Family Planning],8.11,Injectable Contraceptive-Antara Program- Fourth or more than fourth,TOTAL,0,0,0,0,0,0,0,0,NA,0,0,0,NA,NA,0,0,0,NA,NA,0,0,0,0,0,0,0,0,NA,NA,0,0,0,0,NA,0,0,0,NA,NA,0,0,0,0,0,0,0,0,0,0,0,0,0,0,NA,0,0,0,0,0,0,0,0,0,NA,0,0,0,NA,NA,0,0,0,0,0,0,0,0,0,0,0,0,0,0,0,0,0,0,NA,0,0,0,0,0,0,0,0,0,NA,NA,0,0,0,0,0,0,0,0,NA,NA,0,0,0,0,0,0,0,0,NA,NA,0,0,0,0,0,0,0,0,0,NA,0,0,0,0,0,0,0,0,0,NA,0
M8 [Family Planning],8.12,Number of Combined Oral Pill cycles distributed,TOTAL,119486,115950,3536,3570,115916,4638,4621,17,NA,4638,10655,10655,NA,NA,10655,2608,2608,0,387,2221,2791,2791,0,0,2791,2151,2151,NA,NA,2151,3793,3778,15,NA,3793,4394,4394,NA,NA,4394,6559,5989,570,185,6374,5073,4220,853,397,4676,555,555,0,NA,555,6693,6693,0,227,6466,4818,4796,22,NA,4818,3162,3162,NA,NA,3162,2387,2292,95,45,2342,2885,2885,0,1430,1455,7465,7465,0,0,7465,2826,2826,NA,314,2512,2545,2545,0,82,2463,6453,6453,NA,NA,6453,5431,5288,143,187,5244,2384,2384,NA,NA,2384,6173,6158,15,0,6173,3897,3897,NA,NA,3897,3057,2931,126,150,2907,7696,6981,715,41,7655,5101,4378,723,125,4976,3296,3054,242,NA,3296
M8 [Family Planning],8.13,Number of Condom pieces distributed,TOTAL,325279,315904,9375,11733,313546,8775,8763,12,NA,8775,19127,19127,NA,NA,19127,8571,8471,100,1040,7531,8504,8504,0,0,8504,2320,2320,NA,NA,2320,13993,13978,15,NA,13993,4916,4916,NA,NA,4916,20055,19671,384,635,19420,15591,12910,2681,821,14770,1324,1324,0,NA,1324,23674,23674,0,896,22778,14547,14530,17,NA,14547,16177,16177,NA,NA,16177,16921,15471,1450,3712,13209,9697,9697,0,2571,7126,23249,23249,0,0,23249,12767,12767,NA,685,12082,9537,9537,0,350,9187,10689,10689,NA,NA,10689,12000,10034,1966,532,11468,4778,4778,NA,NA,4778,10958,10918,40,37,10921,15178,15178,NA,NA,15178,14867,14248,619,230,14637,16030,14942,1088,24,16006,7520,6708,812,200,7320,3514,3323,191,NA,3514
M8 [Family Planning],8.14,Number of Centchroman (weekly) pill strips distributed,TOTAL,1890,1880,10,25,1865,4,4,0,NA,4,42,42,NA,NA,42,0,0,NA,NA,0,35,35,0,0,35,0,0,NA,NA,0,0,0,0,NA,0,327,327,NA,NA,327,108,108,0,0,108,108,108,0,0,108,0,0,0,NA,0,213,213,0,25,188,62,62,0,NA,62,207,207,NA,NA,207,0,0,0,0,0,43,43,0,0,43,64,64,0,0,64,13,13,NA,0,13,84,84,0,0,84,14,14,NA,NA,14,0,0,0,0,0,5,5,NA,NA,5,214,214,0,0,214,24,24,NA,NA,24,0,0,0,0,0,90,90,0,NA,90,193,183,10,0,193,40,40,0,NA,40
M8 [Family Planning],8.15,Number of Emergency Contraceptive Pills (ECP) given,TOTAL,2648,2635,13,135,2513,326,326,0,NA,326,197,197,NA,NA,197,2,2,NA,NA,2,6,6,0,0,6,104,104,NA,NA,104,31,31,0,NA,31,6,6,NA,NA,6,134,134,0,8,126,72,72,0,0,72,16,16,0,NA,16,241,241,0,12,229,7,7,0,NA,7,254,254,NA,NA,254,29,29,0,1,28,118,118,0,88,30,181,181,0,0,181,87,87,NA,6,81,34,34,0,20,14,84,84,NA,NA,84,241,241,0,0,241,3,3,NA,NA,3,197,197,0,0,197,29,29,NA,NA,29,35,35,0,0,35,81,81,0,NA,81,105,102,3,0,105,28,18,10,NA,28
M8 [Family Planning],8.16,Number of Pregnancy Test Kits (PTK) used,TOTAL,19378,18423,955,866,18512,584,584,0,NA,584,863,858,5,NA,863,315,315,NA,56,259,832,652,180,50,782,207,207,NA,NA,207,431,431,0,NA,431,392,392,NA,NA,392,553,551,2,170,383,1097,957,140,34,1063,236,236,0,NA,236,1363,1363,0,97,1266,752,752,0,NA,752,1003,1003,NA,NA,1003,818,818,0,112,706,513,468,45,272,241,1377,1377,0,0,1377,454,454,NA,36,418,1327,1327,0,0,1327,726,726,NA,NA,726,633,556,77,0,633,152,152,NA,NA,152,1547,1521,26,0,1547,418,418,NA,NA,418,626,569,57,0,626,996,816,180,NA,996,843,626,217,39,804,320,294,26,NA,320
M8 [Family Planning],8.17.1,Complications following male sterilization,TOTAL,0,0,0,0,0,0,0,0,NA,0,0,0,NA,NA,0,0,0,NA,NA,0,0,0,0,0,0,0,0,NA,NA,0,0,0,0,NA,0,0,0,NA,NA,0,0,0,0,0,0,0,0,0,0,0,0,0,0,NA,0,0,0,0,0,0,0,0,0,NA,0,0,0,NA,NA,0,0,0,0,0,0,0,0,0,0,0,0,0,0,0,0,0,0,NA,0,0,0,0,0,0,0,0,0,NA,NA,0,0,0,0,0,0,0,0,NA,NA,0,0,0,0,0,0,0,0,0,NA,0,0,0,0,0,0,0,0,0,NA,0,0,0,0,0,0,0,0,0,NA,0
M8 [Family Planning],8.17.2,Complications following female sterilization,TOTAL,2,2,0,0,2,0,0,0,NA,0,0,0,NA,NA,0,0,0,NA,NA,0,0,0,0,0,0,0,0,NA,NA,0,0,0,0,NA,0,0,0,NA,NA,0,0,0,0,0,0,0,0,0,0,0,0,0,0,NA,0,0,0,0,0,0,0,0,0,NA,0,0,0,NA,NA,0,1,1,0,0,1,0,0,0,0,0,0,0,0,0,0,0,0,NA,0,0,0,0,0,0,0,1,1,NA,NA,1,0,0,0,0,0,0,0,NA,NA,0,0,0,0,0,0,0,0,0,NA,0,0,0,0,0,0,0,0,0,NA,0,0,0,0,0,0,0,0,0,NA,0
M8 [Family Planning],8.17.3,Failures following male sterilization,TOTAL,0,0,0,0,0,0,0,0,NA,0,0,0,NA,NA,0,0,0,NA,NA,0,0,0,0,0,0,0,0,NA,NA,0,0,0,0,NA,0,0,0,NA,NA,0,0,0,NA,0,0,0,0,0,0,0,0,0,0,NA,0,0,0,0,0,0,0,0,0,NA,0,0,0,NA,NA,0,0,0,0,0,0,0,0,0,0,0,0,0,0,0,0,0,0,NA,0,0,0,0,0,0,0,0,0,NA,NA,0,0,0,0,0,0,0,0,NA,NA,0,0,0,0,0,0,0,0,0,NA,0,0,0,0,0,0,0,0,0,NA,0,0,0,0,0,0,0,0,0,NA,0
M8 [Family Planning],8.17.4,Failures following female sterilization,TOTAL,1,1,0,0,1,0,0,0,NA,0,0,0,NA,NA,0,0,0,NA,NA,0,0,0,0,0,0,0,0,NA,NA,0,0,0,0,NA,0,0,0,NA,NA,0,0,0,NA,0,0,0,0,0,0,0,0,0,0,NA,0,0,0,0,0,0,0,0,0,NA,0,0,0,NA,NA,0,0,0,0,0,0,1,1,0,0,1,0,0,0,0,0,0,0,NA,0,0,0,0,0,0,0,0,0,NA,NA,0,0,0,0,0,0,0,0,NA,NA,0,0,0,0,0,0,0,0,0,NA,0,0,0,0,0,0,0,0,0,NA,0,0,0,0,0,0,0,0,0,NA,0
M8 [Family Planning],8.17.5,Deaths following male sterilization,TOTAL,0,0,0,0,0,0,0,0,NA,0,0,0,NA,NA,0,0,0,NA,NA,0,0,0,0,0,0,0,0,NA,NA,0,0,0,0,NA,0,0,0,NA,NA,0,0,0,NA,0,0,0,0,0,0,0,0,0,0,NA,0,0,0,0,0,0,0,0,0,NA,0,0,0,NA,NA,0,0,0,0,0,0,0,0,0,0,0,0,0,0,0,0,0,0,NA,0,0,0,0,0,0,0,0,0,NA,NA,0,0,0,0,0,0,0,0,NA,NA,0,0,0,0,0,0,0,0,0,NA,0,0,0,0,0,0,0,0,0,NA,0,0,0,0,0,0,0,0,0,NA,0
M8 [Family Planning],8.17.6,Deaths following female sterilization,TOTAL,0,0,0,0,0,0,0,0,NA,0,0,0,NA,NA,0,0,0,NA,NA,0,0,0,0,0,0,0,0,NA,NA,0,0,0,0,NA,0,0,0,NA,NA,0,0,0,NA,0,0,0,0,0,0,0,0,0,0,NA,0,0,0,0,0,0,0,0,0,NA,0,0,0,NA,NA,0,0,0,0,0,0,0,0,0,0,0,0,0,0,0,0,0,0,NA,0,0,0,0,0,0,0,0,0,NA,NA,0,0,0,0,0,0,0,0,NA,NA,0,0,0,0,0,0,0,0,0,NA,0,0,0,0,0,0,0,0,0,NA,0,0,0,0,0,0,0,0,0,NA,0
M9 [CHILD IMMUNISATION],9.1.1,Child immunisation - Vitamin K1 (Birth Dose),TOTAL,22841,20618,2223,1106,21735,440,440,0,NA,440,721,721,NA,NA,721,494,494,NA,NA,494,2097,1878,219,0,2097,148,148,NA,NA,148,788,780,8,NA,788,704,704,NA,NA,704,1332,1332,0,10,1322,1031,933,98,14,1017,194,191,3,NA,194,1126,1126,0,27,1099,656,637,19,NA,656,621,621,NA,NA,621,715,708,7,0,715,2320,1494,826,890,1430,632,632,0,0,632,632,632,NA,0,632,957,824,133,NA,957,620,620,NA,NA,620,709,676,33,0,709,415,415,NA,NA,415,2187,1949,238,60,2127,747,432,315,NA,747,500,489,11,0,500,810,611,199,54,756,917,812,105,51,866,328,319,9,NA,328
M9 [CHILD IMMUNISATION],9.1.2,Child immunisation - BCG,TOTAL,42965,40430,2535,2210,40755,966,964,2,NA,966,3246,3206,40,NA,3246,1048,982,66,118,930,3280,2900,380,471,2809,602,602,NA,NA,602,1263,1222,41,NA,1263,844,844,NA,NA,844,3696,3642,54,41,3655,1408,1096,312,139,1269,245,242,3,NA,245,1877,1869,8,66,1811,958,937,21,NA,958,1013,1013,NA,NA,1013,1022,948,74,108,914,2350,2128,222,919,1431,1434,1434,0,0,1434,1419,1419,0,11,1408,2193,2106,87,23,2170,1303,1303,NA,NA,1303,1243,1182,61,21,1222,1729,1729,NA,NA,1729,3828,3649,179,74,3754,786,507,279,NA,786,864,807,57,67,797,2085,1841,244,81,2004,1496,1151,345,71,1425,767,707,60,NA,767
M9 [CHILD IMMUNISATION],9.1.3,Child immunisation - DPT1,TOTAL,26,26,0,0,26,0,0,0,NA,0,0,0,NA,NA,0,0,0,NA,NA,0,0,0,0,0,0,0,0,NA,NA,0,0,0,0,NA,0,3,3,NA,NA,3,4,4,0,0,4,0,0,0,0,0,0,0,0,NA,0,18,18,0,0,18,0,0,0,NA,0,0,0,NA,NA,0,0,0,0,0,0,0,0,0,0,0,0,0,0,0,0,0,0,NA,0,0,0,0,0,0,0,0,0,NA,NA,0,0,0,0,0,0,0,0,NA,NA,0,0,0,0,0,0,0,0,NA,NA,0,0,0,0,0,0,0,0,0,0,0,0,0,0,0,0,1,1,0,NA,1
M9 [CHILD IMMUNISATION],9.1.4,Child immunisation - DPT2,TOTAL,20,20,0,0,20,0,0,0,NA,0,0,0,NA,NA,0,0,0,NA,NA,0,0,0,0,0,0,0,0,NA,NA,0,0,0,0,NA,0,1,1,NA,NA,1,11,11,0,0,11,0,0,0,0,0,0,0,0,NA,0,6,6,0,0,6,0,0,0,NA,0,0,0,NA,NA,0,0,0,0,0,0,0,0,0,0,0,0,0,0,0,0,0,0,NA,0,0,0,0,0,0,0,0,0,NA,NA,0,0,0,0,0,0,0,0,NA,NA,0,2,2,0,0,2,0,0,NA,NA,0,0,0,0,0,0,0,0,0,0,0,0,0,0,0,0,0,0,0,NA,0
M9 [CHILD IMMUNISATION],9.1.5,Child immunisation - DPT3,TOTAL,8,8,0,0,8,0,0,0,NA,0,0,0,NA,NA,0,0,0,NA,NA,0,0,0,0,0,0,0,0,NA,NA,0,0,0,0,NA,0,0,0,NA,NA,0,8,8,0,0,8,0,0,0,0,0,0,0,0,NA,0,0,0,0,0,0,0,0,0,NA,0,0,0,NA,NA,0,0,0,0,0,0,0,0,0,0,0,0,0,0,0,0,0,0,NA,0,0,0,0,0,0,0,0,0,NA,NA,0,0,0,0,0,0,0,0,NA,NA,0,0,0,0,0,0,0,0,NA,NA,0,0,0,0,0,0,0,0,0,0,0,0,0,0,0,0,0,0,0,NA,0
M9 [CHILD IMMUNISATION],9.1.6,Child immunisation - Pentavalent 1,TOTAL,45133,43477,1656,2935,42198,1137,1135,2,NA,1137,2810,2808,2,NA,2810,1102,1069,33,128,974,2698,2622,76,213,2485,643,643,NA,NA,643,1508,1502,6,NA,1508,910,910,NA,NA,910,3647,3575,72,98,3549,1457,1156,301,152,1305,208,208,0,NA,208,1886,1886,0,103,1783,1166,1166,0,NA,1166,1209,1209,NA,NA,1209,1297,1258,39,158,1139,1890,1850,40,1493,397,2201,2201,0,0,2201,1543,1543,0,117,1426,2305,2305,0,36,2269,1295,1295,NA,NA,1295,1362,1301,61,60,1302,1649,1649,NA,NA,1649,4161,4115,46,107,4054,1104,958,146,NA,1104,1175,1063,112,96,1079,2273,1986,287,52,2221,1488,1122,366,122,1366,1009,942,67,NA,1009
M9 [CHILD IMMUNISATION],9.1.7,Child immunisation - Pentavalent 2,TOTAL,46813,44919,1894,3036,43777,1214,1213,1,NA,1214,2928,2926,2,NA,2928,1126,1114,12,98,1028,2838,2769,69,247,2591,672,672,NA,NA,672,1502,1493,9,NA,1502,947,947,NA,NA,947,3753,3675,78,75,3678,1477,1156,321,164,1313,228,228,0,NA,228,1864,1864,0,105,1759,1196,1196,0,NA,1196,1163,1163,NA,NA,1163,1272,1237,35,154,1118,1925,1892,33,1550,375,2236,2236,0,0,2236,1672,1672,0,153,1519,2255,2255,0,38,2217,1286,1286,NA,NA,1286,1549,1472,77,67,1482,1619,1619,NA,NA,1619,4399,4336,63,131,4268,1112,970,142,NA,1112,1403,1235,168,100,1303,2487,2171,316,50,2437,1671,1171,500,104,1567,1019,951,68,NA,1019
M9 [CHILD IMMUNISATION],9.1.8,Child immunisation - Pentavalent 3,TOTAL,49771,47761,2010,3389,46382,1367,1367,0,NA,1367,3099,3095,4,NA,3099,1231,1211,20,123,1108,3000,2856,144,373,2627,715,715,NA,NA,715,1529,1524,5,NA,1529,1149,1149,NA,NA,1149,3943,3847,96,96,3847,1709,1356,353,164,1545,242,242,0,NA,242,2006,2006,0,127,1879,1366,1366,0,NA,1366,1176,1176,NA,NA,1176,1413,1377,36,150,1263,2076,2043,33,1650,426,2437,2437,0,0,2437,1753,1753,0,147,1606,2189,2189,0,39,2150,1432,1432,NA,NA,1432,1657,1591,66,77,1580,1685,1685,NA,NA,1685,4358,4293,65,147,4211,1198,1062,136,NA,1198,1496,1323,173,98,1398,2714,2366,348,62,2652,1767,1316,451,136,1631,1064,984,80,NA,1064
M9 [CHILD IMMUNISATION],9.1.9,Child immunisation - OPV 0 (Birth Dose),TOTAL,23238,20602,2636,1807,21431,422,422,0,NA,422,1435,1395,40,NA,1435,453,391,62,73,380,1888,1513,375,408,1480,143,143,NA,NA,143,745,704,41,NA,745,593,593,NA,NA,593,1174,1174,0,10,1164,1126,892,234,107,1019,187,184,3,NA,187,775,750,25,45,730,602,581,21,NA,602,436,436,NA,NA,436,777,740,37,76,701,2232,1352,880,913,1319,497,497,0,0,497,676,676,NA,0,676,977,854,123,36,941,713,713,NA,NA,713,711,692,19,0,711,462,462,NA,NA,462,2224,2063,161,36,2188,653,351,302,NA,653,557,546,11,4,553,1422,1271,151,69,1353,898,785,113,30,868,460,422,38,NA,460
M9 [CHILD IMMUNISATION],9.1.10,Child immunisation - OPV1,TOTAL,45137,43501,1636,2928,42209,1139,1137,2,NA,1139,2788,2786,2,NA,2788,1093,1060,33,128,965,2721,2651,70,213,2508,641,641,NA,NA,641,1527,1523,4,NA,1527,910,910,NA,NA,910,3705,3633,72,98,3607,1458,1157,301,152,1306,208,208,0,NA,208,1886,1886,0,103,1783,1166,1166,0,NA,1166,1208,1208,NA,NA,1208,1287,1255,32,151,1136,1890,1850,40,1493,397,2201,2201,0,0,2201,1543,1543,0,117,1426,2276,2276,0,36,2240,1285,1285,NA,NA,1285,1362,1301,61,60,1302,1649,1649,NA,NA,1649,4146,4100,46,107,4039,1104,958,146,NA,1104,1178,1066,112,96,1082,2274,1987,287,52,2222,1486,1125,361,122,1364,1006,939,67,NA,1006
M9 [CHILD IMMUNISATION],9.1.11,Child immunisation - OPV2,TOTAL,46815,44931,1884,3032,43783,1218,1217,1,NA,1218,2910,2908,2,NA,2910,1118,1106,12,98,1020,2856,2787,69,247,2609,680,680,NA,NA,680,1490,1485,5,NA,1490,947,947,NA,NA,947,3801,3723,78,75,3726,1475,1154,321,161,1314,228,228,0,NA,228,1864,1864,0,105,1759,1197,1197,0,NA,1197,1155,1155,NA,NA,1155,1268,1234,34,153,1115,1925,1892,33,1550,375,2236,2236,0,0,2236,1672,1672,0,153,1519,2236,2236,0,38,2198,1284,1284,NA,NA,1284,1549,1472,77,67,1482,1619,1619,NA,NA,1619,4395,4337,58,131,4264,1113,971,142,NA,1113,1405,1235,170,100,1305,2487,2171,316,50,2437,1668,1172,496,104,1564,1019,949,70,NA,1019
M9 [CHILD IMMUNISATION],9.1.12,Child immunisation - OPV3,TOTAL,49808,47808,2000,3393,46415,1353,1353,0,NA,1353,3088,3084,4,NA,3088,1224,1204,20,123,1101,3012,2868,144,373,2639,705,705,NA,NA,705,1554,1549,5,NA,1554,1159,1159,NA,NA,1159,4006,3910,96,96,3910,1714,1361,353,167,1547,242,242,0,NA,242,2006,2006,0,127,1879,1366,1366,0,NA,1366,1174,1174,NA,NA,1174,1421,1385,36,150,1271,2076,2043,33,1650,426,2435,2435,0,0,2435,1753,1753,0,147,1606,2159,2158,1,40,2119,1440,1440,NA,NA,1440,1657,1591,66,77,1580,1685,1685,NA,NA,1685,4341,4285,56,147,4194,1195,1059,136,NA,1195,1500,1327,173,98,1402,2712,2363,349,62,2650,1765,1319,446,136,1629,1066,984,82,NA,1066
M9 [CHILD IMMUNISATION],9.1.13,Child immunisation - Hepatitis-B0 (Birth Dose),TOTAL,18502,17202,1300,684,17818,183,183,0,NA,183,1116,1076,40,NA,1116,410,349,61,61,349,1398,1013,385,333,1065,132,132,NA,NA,132,724,683,41,NA,724,511,511,NA,NA,511,1066,1066,0,10,1056,907,756,151,55,852,169,166,3,NA,169,761,761,0,38,723,567,546,21,NA,567,314,314,NA,NA,314,583,583,0,0,583,926,878,48,81,845,462,462,0,0,462,603,603,NA,0,603,866,743,123,36,830,671,671,NA,NA,671,539,532,7,0,539,444,444,NA,NA,444,2152,1993,159,36,2116,476,327,149,NA,476,279,279,0,0,279,1295,1241,54,15,1280,579,550,29,19,560,369,340,29,NA,369
M9 [CHILD IMMUNISATION],9.1.14,Child immunisation - Hepatitis-B1,TOTAL,39,11,28,28,11,0,0,0,NA,0,0,0,NA,NA,0,0,0,NA,NA,0,0,0,0,0,0,0,0,NA,NA,0,0,0,0,NA,0,0,0,NA,NA,0,2,2,0,0,2,0,0,0,0,0,0,0,0,NA,0,10,0,10,10,0,0,0,0,NA,0,0,0,NA,NA,0,0,0,0,0,0,23,5,18,18,5,0,0,0,0,0,0,0,NA,0,0,0,0,0,0,0,0,0,NA,NA,0,0,0,0,0,0,0,0,NA,NA,0,0,0,0,0,0,0,0,NA,NA,0,0,0,0,0,0,0,0,0,0,0,0,0,0,0,0,4,4,0,NA,4
M9 [CHILD IMMUNISATION],9.1.15,Child immunisation - Hepatitis-B2,TOTAL,42,23,19,19,23,0,0,0,NA,0,0,0,NA,NA,0,0,0,NA,NA,0,0,0,0,0,0,0,0,NA,NA,0,0,0,0,NA,0,0,0,NA,NA,0,11,11,0,0,11,0,0,0,0,0,0,0,0,NA,0,0,0,0,0,0,0,0,0,NA,0,0,0,NA,NA,0,0,0,0,0,0,25,6,19,19,6,0,0,0,0,0,0,0,NA,0,0,0,0,0,0,0,0,0,NA,NA,0,0,0,0,0,0,0,0,NA,NA,0,0,0,0,0,0,0,0,NA,NA,0,0,0,0,0,0,0,0,0,0,0,0,0,0,0,0,6,6,0,NA,6
M9 [CHILD IMMUNISATION],9.1.16,Child immunisation - Hepatitis-B3,TOTAL,43,25,18,18,25,0,0,0,NA,0,0,0,NA,NA,0,0,0,NA,NA,0,0,0,0,0,0,0,0,NA,NA,0,0,0,0,NA,0,0,0,NA,NA,0,8,8,0,0,8,0,0,0,0,0,0,0,0,NA,0,0,0,0,0,0,0,0,0,NA,0,0,0,NA,NA,0,0,0,0,0,0,24,6,18,18,6,0,0,0,0,0,0,0,NA,0,0,0,0,0,0,0,0,0,NA,NA,0,0,0,0,0,0,0,0,NA,NA,0,0,0,0,0,0,0,0,NA,NA,0,0,0,0,0,0,0,0,0,0,0,0,0,0,0,0,11,11,0,NA,11
M9 [CHILD IMMUNISATION],9.1.17,Child immunisation - Inactivated Polio Vaccine 1 (IPV 1),TOTAL,38518,37330,1188,2821,35697,1126,1126,0,NA,1126,2084,2084,NA,NA,2084,1071,1063,8,103,968,2050,2050,0,267,1783,628,628,NA,NA,628,837,835,2,NA,837,860,860,NA,NA,860,3382,3310,72,98,3284,1183,947,236,136,1047,208,208,0,NA,208,1759,1759,0,81,1678,1071,1071,0,NA,1071,1196,1196,NA,NA,1196,1254,1252,2,121,1133,1857,1820,37,1464,393,1523,1523,0,0,1523,1409,1409,NA,117,1292,1484,1484,0,36,1448,1288,1288,NA,NA,1288,1308,1248,60,60,1248,1353,1353,NA,NA,1353,3442,3400,42,70,3372,1009,923,86,NA,1009,1135,1030,105,96,1039,1607,1471,136,52,1555,1413,1066,347,120,1293,981,926,55,NA,981
M9 [CHILD IMMUNISATION],9.1.18,Child immunisation - Inactivated Polio Vaccine 2 (IPV 2),TOTAL,41539,40153,1386,3201,38338,1331,1331,0,NA,1331,2201,2201,NA,NA,2201,1232,1207,25,128,1104,2200,2200,0,361,1839,682,682,NA,NA,682,851,851,0,NA,851,1074,1074,NA,NA,1074,3673,3577,96,87,3586,1411,1137,274,160,1251,242,242,0,NA,242,1881,1881,0,106,1775,1147,1147,0,NA,1147,1156,1156,NA,NA,1156,1382,1375,7,121,1261,2013,1987,26,1598,415,1648,1648,0,0,1648,1550,1550,NA,147,1403,1357,1357,0,39,1318,1350,1350,NA,NA,1350,1526,1463,63,72,1454,1254,1254,NA,NA,1254,3434,3375,59,86,3348,1057,988,69,NA,1057,1427,1275,152,98,1329,1852,1699,153,62,1790,1620,1224,396,136,1484,988,922,66,NA,988
M9 [CHILD IMMUNISATION],9.1.19,Child immunisation - Rotavirus 1,TOTAL,45597,44004,1593,2983,42614,1140,1140,0,NA,1140,2748,2746,2,NA,2748,1058,1050,8,103,955,2956,2880,76,319,2637,640,640,NA,NA,640,1508,1504,4,NA,1508,907,907,NA,NA,907,3681,3609,72,98,3583,1462,1163,299,152,1310,208,208,0,NA,208,1866,1865,1,104,1762,1139,1139,0,NA,1139,1432,1432,NA,NA,1432,1282,1254,28,147,1135,1884,1845,39,1487,397,2271,2271,0,0,2271,1528,1528,0,117,1411,2478,2478,0,36,2442,1295,1295,NA,NA,1295,1362,1301,61,60,1302,1692,1692,NA,NA,1692,4028,3981,47,91,3937,1134,988,146,NA,1134,1152,1052,100,96,1056,2261,1974,287,52,2209,1484,1129,355,121,1363,1001,933,68,NA,1001
M9 [CHILD IMMUNISATION],9.1.20,Child immunisation - Rotavirus 2,TOTAL,46558,44706,1852,3136,43422,1171,1171,0,NA,1171,2864,2862,2,NA,2864,1108,1104,4,90,1018,2948,2879,69,375,2573,676,676,NA,NA,676,1474,1469,5,NA,1474,947,947,NA,NA,947,3787,3709,78,75,3712,1473,1151,322,164,1309,228,228,0,NA,228,1847,1847,0,105,1742,1168,1168,0,NA,1168,1311,1311,NA,NA,1311,1266,1234,32,151,1115,1914,1883,31,1540,374,2215,2215,0,0,2215,1658,1658,0,153,1505,2283,2283,0,38,2245,1284,1284,NA,NA,1284,1549,1472,77,67,1482,1556,1556,NA,NA,1556,4181,4118,63,124,4057,1148,1006,142,NA,1148,1344,1199,145,101,1243,2473,2162,311,50,2423,1667,1166,501,103,1564,1018,948,70,NA,1018
M9 [CHILD IMMUNISATION],9.1.21,Child immunisation - Rotavirus 3,TOTAL,49082,47142,1940,3425,45657,1340,1340,0,NA,1340,3021,3017,4,NA,3021,1203,1195,8,111,1092,2986,2842,144,452,2534,707,707,NA,NA,707,1495,1490,5,NA,1495,1160,1160,NA,NA,1160,3952,3856,96,87,3865,1701,1359,342,166,1535,242,242,0,NA,242,1983,1983,0,127,1856,1347,1347,0,NA,1347,1197,1197,NA,NA,1197,1404,1370,34,148,1256,2062,2032,30,1637,425,2346,2346,0,0,2346,1741,1741,NA,147,1594,2126,2126,0,39,2087,1436,1436,NA,NA,1436,1657,1591,66,77,1580,1642,1642,NA,NA,1642,4187,4123,64,138,4049,1208,1072,136,NA,1208,1435,1302,133,98,1337,2722,2363,359,62,2660,1723,1285,438,136,1587,1059,978,81,NA,1059
M9 [CHILD IMMUNISATION],9.2.1,Child immunisation (9-11months) - Measles & Rubella (MR)- 1st Dose,TOTAL,53815,51625,2190,4468,49347,1359,1359,0,NA,1359,4145,4144,1,NA,4145,1264,1221,43,160,1104,2494,2439,55,359,2135,1047,1047,NA,NA,1047,2114,2109,5,NA,2114,1513,1513,NA,NA,1513,5023,4967,56,106,4917,2202,1717,485,230,1972,247,247,0,NA,247,2149,2149,0,133,2016,1873,1872,1,NA,1873,1113,1113,NA,NA,1113,2286,2271,15,211,2075,3039,3018,21,2503,536,2812,2812,0,0,2812,1851,1851,NA,129,1722,2047,2047,0,43,2004,1401,1401,NA,NA,1401,2038,1936,102,132,1906,2129,2129,NA,NA,2129,477,433,44,120,357,1194,1085,109,NA,1194,1668,1481,187,127,1541,2754,2415,339,61,2693,2387,1741,646,154,2233,1189,1108,81,NA,1189
M9 [CHILD IMMUNISATION],9.2.2,Child immunisation (9-11months) - Measles 1st dose,TOTAL,5161,5091,70,17,5144,0,0,0,NA,0,0,0,NA,NA,0,69,69,NA,NA,69,0,0,0,0,0,35,35,NA,NA,35,0,0,0,NA,0,79,79,NA,NA,79,0,0,0,0,0,0,0,0,0,0,3,3,0,NA,3,0,0,0,0,0,6,6,0,NA,6,0,0,NA,NA,0,91,91,0,0,91,49,49,0,0,49,0,0,0,0,0,0,0,0,0,0,0,0,0,0,0,83,83,NA,NA,83,61,61,0,0,61,0,0,NA,NA,0,4574,4545,29,17,4557,0,0,0,NA,0,2,2,0,0,2,6,6,0,0,6,0,0,0,0,0,103,62,41,NA,103
M9 [CHILD IMMUNISATION],9.2.3,Child immunisation (9-11months) - JE 1st dose,TOTAL,55766,53664,2102,4182,51584,1302,1302,0,NA,1302,3914,3914,NA,NA,3914,1303,1293,10,127,1176,2412,2365,47,351,2061,1024,1024,NA,NA,1024,1999,1993,6,NA,1999,1550,1550,NA,NA,1550,4548,4492,56,102,4446,2155,1686,469,227,1928,253,253,0,NA,253,2149,2149,0,133,2016,1793,1792,1,NA,1793,1042,1042,NA,NA,1042,2382,2367,15,211,2171,2701,2686,15,2252,449,2467,2467,0,0,2467,1851,1851,0,129,1722,1780,1780,0,43,1737,1417,1417,NA,NA,1417,2000,1898,102,132,1868,1841,1841,NA,NA,1841,4811,4738,73,137,4674,1208,1093,115,NA,1208,1663,1479,184,128,1535,2778,2435,343,58,2720,2136,1593,543,152,1984,1287,1164,123,NA,1287
M9 [CHILD IMMUNISATION],9.2.4.a,Children aged between 9 and 11 months fully immunized- Male,TOTAL,30155,29006,1149,2277,27878,683,683,0,NA,683,2142,2142,NA,NA,2142,679,657,22,75,604,1253,1223,30,181,1072,546,546,NA,NA,546,1091,1088,3,NA,1091,798,798,NA,NA,798,2575,2543,32,49,2526,1121,892,229,122,999,132,132,0,NA,132,1100,1100,0,63,1037,963,962,1,NA,963,592,592,NA,NA,592,1220,1213,7,112,1108,1543,1532,11,1284,259,1475,1475,0,0,1475,934,934,0,69,865,1068,1068,0,21,1047,742,742,NA,NA,742,1026,969,57,67,959,1079,1079,NA,NA,1079,2556,2526,30,67,2489,626,569,57,NA,626,859,761,98,64,795,1423,1256,167,25,1398,1260,926,334,78,1182,669,598,71,NA,669
M9 [CHILD IMMUNISATION],9.2.4.b,Children aged between 9 and 11 months fully immunized - Female,TOTAL,28220,27124,1096,2130,26090,670,670,0,NA,670,1981,1980,1,NA,1981,653,632,21,85,568,1234,1209,25,178,1056,501,501,NA,NA,501,1010,1007,3,NA,1010,786,786,NA,NA,786,2334,2310,24,54,2280,1081,825,256,108,973,121,121,0,NA,121,1042,1042,0,62,980,904,904,0,NA,904,521,521,NA,NA,521,1157,1149,8,99,1058,1375,1365,10,1164,211,1333,1333,0,0,1333,917,917,0,60,857,982,982,0,22,960,697,697,NA,NA,697,1033,988,45,65,968,1027,1027,NA,NA,1027,2428,2385,43,70,2358,568,516,52,NA,568,808,719,89,63,745,1320,1158,162,26,1294,1119,813,306,74,1045,618,567,51,NA,618
M9 [CHILD IMMUNISATION],9.3.1,Child immunisation - Measles & Rubella (MR)- 1st Dose,TOTAL,2677,2660,17,338,2339,14,14,0,NA,14,993,993,NA,NA,993,11,11,NA,NA,11,34,34,0,0,34,69,69,NA,NA,69,10,10,0,NA,10,51,51,NA,NA,51,205,205,0,0,205,78,78,0,0,78,16,16,0,NA,16,108,108,0,64,44,79,79,0,NA,79,45,45,NA,NA,45,103,103,0,0,103,319,317,2,263,56,48,48,0,0,48,14,14,NA,10,4,55,55,0,0,55,111,111,NA,NA,111,55,55,0,0,55,23,23,NA,NA,23,91,91,0,0,91,3,3,0,NA,3,9,4,5,0,9,68,65,3,0,68,49,48,1,1,48,16,10,6,NA,16
M9 [CHILD IMMUNISATION],9.3.2,Child immunisation - Measles-1st dose,TOTAL,463,457,6,0,463,0,0,0,NA,0,12,12,NA,NA,12,0,0,NA,NA,0,0,0,0,0,0,32,32,NA,NA,32,10,10,0,NA,10,4,4,NA,NA,4,0,0,0,0,0,11,11,0,0,11,0,0,0,NA,0,0,0,0,0,0,0,0,0,NA,0,0,0,NA,NA,0,43,43,0,0,43,0,0,0,0,0,0,0,0,0,0,0,0,NA,0,0,0,0,0,0,0,25,25,NA,NA,25,15,15,0,0,15,0,0,NA,NA,0,306,305,1,0,306,0,0,0,NA,0,0,0,0,0,0,0,0,0,0,0,0,0,0,0,0,5,0,5,NA,5
M9 [CHILD IMMUNISATION],9.3.3,Child immunisation - JE 1st dose,TOTAL,2828,2762,66,330,2498,0,0,0,NA,0,948,948,NA,NA,948,13,13,NA,NA,13,34,17,17,16,18,64,64,NA,NA,64,6,6,0,NA,6,55,55,NA,NA,55,175,175,0,0,175,78,78,0,0,78,16,16,0,NA,16,108,108,0,64,44,77,77,0,NA,77,45,45,NA,NA,45,135,135,0,0,135,296,281,15,239,57,31,31,0,0,31,14,14,NA,10,4,32,32,0,0,32,99,99,NA,NA,99,62,62,0,0,62,0,0,NA,NA,0,374,373,1,0,374,3,3,0,NA,3,5,0,5,0,5,92,82,10,0,92,45,38,7,1,44,21,10,11,NA,21
M9 [CHILD IMMUNISATION],9.4.1,Child immunisation - Measles & Rubella (MR)- 2nd Dose (16-24 months),TOTAL,47109,45305,1804,3383,43726,1293,1293,0,NA,1293,2621,2621,NA,NA,2621,1121,1109,12,101,1020,1846,1821,25,337,1509,883,883,NA,NA,883,1907,1903,4,NA,1907,1345,1345,NA,NA,1345,3766,3674,92,84,3682,2002,1651,351,181,1821,283,283,0,NA,283,2098,2098,0,99,1999,1789,1788,1,NA,1789,1289,1289,NA,NA,1289,1898,1898,0,181,1717,2250,2248,2,1790,460,2720,2720,0,0,2720,1443,1443,NA,120,1323,2172,2172,0,67,2105,1150,1150,NA,NA,1150,1843,1767,76,80,1763,1979,1979,NA,NA,1979,651,589,62,107,544,1164,1063,101,NA,1164,1591,1423,168,92,1499,2643,2352,291,2,2641,2192,1627,565,142,2050,1170,1116,54,NA,1170
M9 [CHILD IMMUNISATION],9.4.2,Child immunisation - Measles 2nd dose (More than 16 months),TOTAL,5327,5214,113,73,5254,28,28,0,NA,28,202,202,NA,NA,202,57,57,NA,NA,57,0,0,0,0,0,60,60,NA,NA,60,13,13,0,NA,13,105,105,NA,NA,105,0,0,0,0,0,32,4,28,14,18,2,2,0,NA,2,0,0,0,0,0,20,20,0,NA,20,0,0,NA,NA,0,73,73,0,0,73,42,42,0,0,42,0,0,0,0,0,52,52,0,0,52,0,0,0,0,0,104,104,NA,NA,104,73,73,0,0,73,0,0,NA,NA,0,4221,4202,19,15,4206,16,16,0,NA,16,21,21,0,0,21,51,51,0,44,7,20,20,0,0,20,135,69,66,NA,135
M9 [CHILD IMMUNISATION],9.4.3,Child immunisation - DPT 1st Booster,TOTAL,52200,50155,2045,3453,48747,1339,1339,0,NA,1339,3238,3235,3,NA,3238,1174,1162,12,101,1073,1993,1951,42,312,1681,823,823,NA,NA,823,1784,1776,8,NA,1784,1319,1319,NA,NA,1319,3726,3634,92,82,3644,1944,1563,381,184,1760,297,297,0,NA,297,2089,2089,0,99,1990,1652,1651,1,NA,1652,1254,1254,NA,NA,1254,1876,1854,22,203,1673,2274,2268,6,1801,473,2774,2774,0,0,2774,1496,1496,0,120,1376,2149,2149,0,67,2082,1205,1205,NA,NA,1205,1908,1839,69,80,1828,1977,1977,NA,NA,1977,4871,4796,75,122,4749,1139,1036,103,NA,1139,1587,1413,174,105,1482,2955,2554,401,53,2902,2048,1515,533,124,1924,1309,1186,123,NA,1309
M9 [CHILD IMMUNISATION],9.4.4,Child immunisation - OPV Booster,TOTAL,52273,50221,2052,3455,48818,1341,1341,0,NA,1341,3238,3235,3,NA,3238,1165,1153,12,101,1064,2129,2087,42,312,1817,823,823,NA,NA,823,1782,1774,8,NA,1782,1304,1304,NA,NA,1304,3718,3626,92,82,3636,1959,1575,384,184,1775,297,297,0,NA,297,2089,2089,0,99,1990,1654,1653,1,NA,1654,1254,1254,NA,NA,1254,1876,1854,22,203,1673,2279,2273,6,1803,476,2751,2751,0,0,2751,1506,1506,0,120,1386,2118,2118,0,67,2051,1202,1202,NA,NA,1202,1908,1839,69,80,1828,1977,1977,NA,NA,1977,4865,4790,75,122,4743,1144,1041,103,NA,1144,1585,1413,172,105,1480,2943,2545,398,53,2890,2056,1514,542,124,1932,1310,1187,123,NA,1310
M9 [CHILD IMMUNISATION],9.4.5,"Child immunisation - Measles, Mumps, Rubella (MMR) Vaccine",TOTAL,260,134,126,156,104,0,0,0,NA,0,0,0,NA,NA,0,0,0,NA,NA,0,45,0,45,41,4,0,0,NA,NA,0,0,0,0,NA,0,0,0,NA,NA,0,0,0,0,0,0,28,0,28,14,14,0,0,0,NA,0,3,0,3,3,0,0,0,0,NA,0,0,0,NA,NA,0,87,61,26,26,61,31,11,20,31,0,0,0,0,0,0,0,0,NA,0,0,0,0,0,0,0,0,0,NA,NA,0,0,0,0,0,0,0,0,NA,NA,0,62,62,0,37,25,0,0,NA,NA,0,0,0,0,0,0,4,0,4,4,0,0,0,0,0,0,0,0,0,NA,0
M9 [CHILD IMMUNISATION],9.4.6,Number of children more than 16 months of age who received Japanese Encephalitis (JE) vaccine,TOTAL,46055,44269,1786,2847,43208,1125,1125,0,NA,1125,2397,2397,NA,NA,2397,1074,1062,12,101,973,1669,1644,25,337,1332,764,764,NA,NA,764,1679,1676,3,NA,1679,1313,1313,NA,NA,1313,3173,3081,92,78,3095,1827,1495,332,181,1646,272,272,0,NA,272,2050,2050,0,79,1971,1545,1544,1,NA,1545,1214,1214,NA,NA,1214,1790,1769,21,202,1588,1691,1691,0,1322,369,2171,2171,0,0,2171,1496,1496,0,120,1376,1861,1861,0,55,1806,1035,1035,NA,NA,1035,1774,1711,63,28,1746,1691,1691,NA,NA,1691,4042,3959,83,80,3962,1155,1054,101,NA,1155,1477,1332,145,99,1378,2734,2387,347,53,2681,1849,1389,460,112,1737,1187,1086,101,NA,1187
M9 [CHILD IMMUNISATION],9.5.1,Child immunisation - Typhoid,TOTAL,210,25,185,97,113,0,0,0,NA,0,0,0,NA,NA,0,0,0,NA,NA,0,43,0,43,37,6,0,0,NA,NA,0,0,0,0,NA,0,0,0,NA,NA,0,0,0,0,0,0,0,0,0,0,0,0,0,0,NA,0,0,0,0,0,0,0,0,0,NA,0,0,0,NA,NA,0,21,3,18,18,3,40,20,20,40,0,0,0,0,0,0,0,0,NA,0,0,0,0,0,0,0,0,0,NA,NA,0,0,0,0,0,0,0,0,NA,NA,0,2,2,0,0,2,102,0,102,NA,102,0,0,0,0,0,2,0,2,2,0,0,0,0,0,0,0,0,0,NA,0
M9 [CHILD IMMUNISATION],9.5.2,Children more than 5 years received DPT5 (2nd Booster),TOTAL,23717,22908,809,2083,21634,622,622,0,NA,622,1115,1115,NA,NA,1115,411,405,6,61,350,1188,1178,10,168,1020,257,257,NA,NA,257,872,865,7,NA,872,451,451,NA,NA,451,1146,1129,17,31,1115,980,830,150,64,916,68,68,0,NA,68,700,700,0,39,661,677,677,0,NA,677,778,778,NA,NA,778,1124,1102,22,156,968,1508,1503,5,1262,246,1317,1317,0,0,1317,485,485,0,29,456,973,973,0,41,932,524,524,NA,NA,524,816,775,41,37,779,1098,1098,NA,NA,1098,2163,2134,29,74,2089,652,570,82,NA,652,841,782,59,59,782,1325,1165,160,4,1321,927,775,152,58,869,699,630,69,NA,699
M9 [CHILD IMMUNISATION],9.5.3,Children more than 10 years received TT10,TOTAL,17102,16469,633,1390,15712,382,382,0,NA,382,972,972,NA,NA,972,205,195,10,53,152,1385,1379,6,170,1215,158,158,NA,NA,158,647,642,5,NA,647,294,294,NA,NA,294,839,829,10,20,819,561,452,109,32,529,55,55,0,NA,55,452,452,0,25,427,435,435,0,NA,435,671,671,NA,NA,671,1029,1013,16,92,937,973,971,2,819,154,759,759,0,0,759,452,452,0,32,420,914,914,0,25,889,325,325,NA,NA,325,489,466,23,20,469,811,811,NA,NA,811,1377,1361,16,34,1343,422,401,21,NA,422,543,503,40,34,509,1073,878,195,2,1071,544,411,133,32,512,335,288,47,NA,335
M9 [CHILD IMMUNISATION],9.5.4,Children more than 16 years received TT16,TOTAL,12627,12068,559,1104,11523,209,209,0,NA,209,780,780,NA,NA,780,114,113,1,31,83,1105,1105,0,159,946,100,100,NA,NA,100,554,549,5,NA,554,205,205,NA,NA,205,609,599,10,10,599,302,214,88,22,280,36,36,0,NA,36,353,353,0,15,338,324,324,0,NA,324,517,517,NA,NA,517,815,815,0,67,748,773,771,2,656,117,521,521,0,0,521,418,418,0,40,378,677,676,1,11,666,318,318,NA,NA,318,363,346,17,22,341,549,549,NA,NA,549,906,888,18,11,895,343,334,9,NA,343,350,311,39,33,317,849,609,240,0,849,326,228,98,27,299,211,180,31,NA,211
M9 [CHILD IMMUNISATION],9.6.1,Number of cases of AEFI - Abscess,TOTAL,36,36,0,0,36,3,3,0,NA,3,6,6,NA,NA,6,0,0,NA,NA,0,0,0,0,0,0,0,0,NA,NA,0,12,12,0,NA,12,0,0,NA,NA,0,4,4,0,0,4,0,0,0,0,0,0,0,0,NA,0,0,0,0,0,0,0,0,0,NA,0,0,0,NA,NA,0,3,3,0,0,3,0,0,0,0,0,4,4,0,0,4,0,0,0,0,0,0,0,0,0,0,0,0,NA,NA,0,0,0,0,0,0,0,0,NA,NA,0,0,0,0,0,0,2,2,0,NA,2,0,0,0,0,0,0,0,0,0,0,0,0,0,0,0,2,2,0,NA,2
M9 [CHILD IMMUNISATION],9.6.2,Number of cases of AEFI - Death,TOTAL,0,0,0,0,0,0,0,0,NA,0,0,0,NA,NA,0,0,0,NA,NA,0,0,0,0,0,0,0,0,NA,NA,0,0,0,0,NA,0,0,0,NA,NA,0,0,0,0,0,0,0,0,0,0,0,0,0,0,NA,0,0,0,0,0,0,0,0,0,NA,0,0,0,NA,NA,0,0,0,0,0,0,0,0,0,0,0,0,0,0,0,0,0,0,0,0,0,0,0,0,0,0,0,0,NA,NA,0,0,0,0,0,0,0,0,NA,NA,0,0,0,0,0,0,0,0,0,NA,0,0,0,0,0,0,0,0,0,0,0,0,0,0,0,0,0,0,0,NA,0
M9 [CHILD IMMUNISATION],9.6.3,Number of cases of AEFI - Others,TOTAL,639,639,0,0,639,84,84,0,NA,84,103,103,NA,NA,103,5,5,NA,NA,5,0,0,0,0,0,0,0,NA,NA,0,142,142,0,NA,142,36,36,NA,NA,36,2,2,0,0,2,0,0,0,0,0,16,16,0,NA,16,0,0,0,0,0,0,0,0,NA,0,0,0,NA,NA,0,16,16,0,0,16,23,23,0,0,23,41,41,0,0,41,4,4,0,0,4,0,0,0,0,0,17,17,NA,NA,17,0,0,0,0,0,0,0,NA,NA,0,42,42,0,0,42,53,53,0,NA,53,0,0,0,0,0,25,25,0,0,25,0,0,0,0,0,30,30,0,NA,30
M9 [CHILD IMMUNISATION],9.7.1,Immunisation sessions planned,TOTAL,28267,27504,763,1244,27023,809,809,0,NA,809,1405,1405,NA,NA,1405,656,656,NA,22,634,1684,1679,5,98,1586,487,487,NA,NA,487,823,821,2,NA,823,637,637,NA,NA,637,1719,1690,29,42,1677,994,848,146,82,912,408,408,0,NA,408,999,999,0,71,928,1128,1128,0,NA,1128,666,666,NA,NA,666,1039,1039,0,92,947,678,678,NA,502,176,1065,1065,0,0,1065,1238,1238,0,36,1202,1178,1178,0,16,1162,1020,1020,NA,NA,1020,1193,1142,51,107,1086,956,956,NA,NA,956,2122,2099,23,53,2069,737,737,NA,NA,737,1162,1087,75,30,1132,1710,1499,211,40,1670,985,821,164,53,932,769,712,57,NA,769
M9 [CHILD IMMUNISATION],9.7.2,Immunisation sessions held,TOTAL,27608,26863,745,1186,26422,795,795,0,NA,795,1379,1379,NA,NA,1379,642,642,NA,22,620,1639,1634,5,98,1541,476,476,NA,NA,476,810,808,2,NA,810,630,630,NA,NA,630,1688,1659,29,33,1655,993,848,145,82,911,372,372,0,NA,372,962,962,0,66,896,1124,1124,0,NA,1124,606,606,NA,NA,606,1023,1023,0,89,934,674,674,NA,500,174,1056,1056,0,0,1056,1225,1225,0,34,1191,1146,1146,0,16,1130,979,979,NA,NA,979,1133,1083,50,73,1060,924,924,NA,NA,924,2046,2023,23,53,1993,737,737,NA,NA,737,1155,1080,75,30,1125,1658,1455,203,37,1621,975,813,162,53,922,761,710,51,NA,761
M9 [CHILD IMMUNISATION],9.7.3,Number of Immunisation sessions where ASHAs were present,TOTAL,27394,26658,736,1090,26304,806,806,0,NA,806,1368,1368,NA,NA,1368,594,594,NA,22,572,1630,1630,0,98,1532,520,520,NA,NA,520,802,800,2,NA,802,631,631,NA,NA,631,1669,1640,29,33,1636,988,850,138,82,906,358,358,0,NA,358,961,961,0,65,896,1121,1121,0,NA,1121,599,599,NA,NA,599,958,958,0,45,913,658,658,NA,482,176,1056,1056,0,0,1056,1213,1213,0,34,1179,1133,1133,0,16,1117,1034,1034,NA,NA,1034,1078,1029,49,49,1029,924,924,NA,NA,924,2045,2022,23,52,1993,684,684,NA,NA,684,1152,1077,75,30,1122,1651,1448,203,33,1618,1001,835,166,49,952,760,709,51,NA,760
M9 [CHILD IMMUNISATION],9.8.1,Child immunisation - Vitamin A Dose - 1,TOTAL,58325,56228,2097,4135,54190,1347,1347,0,NA,1347,4021,4021,NA,NA,4021,1305,1295,10,127,1178,3087,3076,11,304,2783,1040,1040,NA,NA,1040,1967,1960,7,NA,1967,1456,1456,NA,NA,1456,4922,4866,56,101,4821,2170,1701,469,224,1946,262,262,0,NA,262,2154,2154,0,133,2021,1813,1795,18,NA,1813,1122,1122,NA,NA,1122,2379,2364,15,211,2168,2823,2781,42,2299,524,2794,2794,0,0,2794,1855,1855,0,129,1726,2064,2062,2,43,2021,1440,1440,NA,NA,1440,2025,1923,102,101,1924,2079,2079,NA,NA,2079,5050,4977,73,137,4913,1168,1091,77,NA,1168,1668,1476,192,127,1541,2770,2424,346,59,2711,2283,1702,581,140,2143,1261,1165,96,NA,1261
M9 [CHILD IMMUNISATION],9.8.2,Child immunisation - Vitamin A Dose - 5,TOTAL,21295,20674,621,1464,19831,432,432,0,NA,432,1248,1248,NA,NA,1248,282,282,NA,31,251,2034,2032,2,203,1831,193,193,NA,NA,193,644,639,5,NA,644,379,379,NA,NA,379,1260,1242,18,15,1245,744,640,104,69,675,83,83,0,NA,83,548,548,0,34,514,503,503,0,NA,503,417,417,NA,NA,417,914,910,4,70,844,803,803,0,704,99,1066,1066,0,0,1066,615,615,0,83,532,953,953,0,20,933,500,500,NA,NA,500,748,687,61,34,714,657,657,NA,NA,657,2520,2498,22,58,2462,379,339,40,NA,379,1005,950,55,69,936,1276,1141,135,24,1252,757,602,155,50,707,335,315,20,NA,335
M9 [CHILD IMMUNISATION],9.8.3,Child immunisation - Vitamin A Dose - 9,TOTAL,23188,22420,768,1642,21546,596,596,0,NA,596,1131,1131,NA,NA,1131,311,311,NA,45,266,1688,1686,2,158,1530,220,220,NA,NA,220,828,821,7,NA,828,452,452,NA,NA,452,1295,1274,21,6,1289,821,662,159,98,723,77,77,0,NA,77,595,595,0,27,568,509,509,0,NA,509,513,513,NA,NA,513,1064,1060,4,91,973,1150,1150,0,930,220,1442,1442,0,0,1442,605,605,0,92,513,893,873,20,21,872,548,548,NA,NA,548,817,717,100,24,793,1010,1010,NA,NA,1010,2474,2442,32,17,2457,578,553,25,NA,578,811,755,56,56,755,1243,1098,145,27,1216,924,767,157,50,874,593,553,40,NA,593
M9 [CHILD IMMUNISATION],9.9,Number of children (6-59 months) provided 8-10 doses (1ml) of IFA syrup (Bi weekly),TOTAL,619282,600397,18885,10257,609025,45034,44856,178,NA,45034,16355,16355,NA,NA,16355,1537,1537,NA,257,1280,19736,19736,0,266,19470,4632,4632,NA,NA,4632,8338,8326,12,NA,8338,12808,12808,NA,NA,12808,53895,52461,1434,0,53895,26324,21635,4689,2981,23343,13130,13130,0,NA,13130,13519,13511,8,57,13462,10384,10384,0,NA,10384,20714,20714,NA,NA,20714,17287,17287,0,0,17287,13419,13419,0,6492,6927,32124,32124,0,0,32124,27730,27730,0,174,27556,21590,21590,0,30,21560,10072,10072,NA,NA,10072,45705,43303,2402,0,45705,51276,51276,NA,NA,51276,63405,61270,2135,0,63405,10675,10183,492,NA,10675,28312,26953,1359,0,28312,24208,21315,2893,NA,24208,23472,20472,3000,0,23472,3601,3318,283,NA,3601
M9 [CHILD IMMUNISATION],9.1,Number of children (12-59 months) provided Albendazole,TOTAL,24386,22307,2079,1400,22986,1144,1144,0,NA,1144,898,898,NA,NA,898,576,576,NA,163,413,435,419,16,0,435,366,366,NA,NA,366,850,835,15,NA,850,350,350,NA,NA,350,2566,2487,79,0,2566,700,404,296,2,698,704,704,0,NA,704,654,642,12,52,602,532,532,0,NA,532,337,337,NA,NA,337,735,735,0,0,735,1176,1176,0,986,190,645,645,0,0,645,752,752,0,119,633,898,878,20,12,886,771,771,NA,NA,771,1508,1274,234,30,1478,248,248,NA,NA,248,2803,2718,85,0,2803,1129,533,596,NA,1129,1225,1146,79,31,1194,795,568,227,5,790,1079,722,357,0,1079,510,447,63,NA,510
M9 [CHILD IMMUNISATION],9.11,Number of severely underweight children provided Health Checkup (0-5 yrs),TOTAL,6571,6030,541,129,6442,16,16,0,NA,16,534,534,NA,NA,534,123,123,NA,NA,123,88,88,0,0,88,58,58,NA,NA,58,208,196,12,NA,208,40,40,NA,NA,40,828,828,0,0,828,180,84,96,0,180,16,16,0,NA,16,103,101,2,7,96,255,255,0,NA,255,162,162,NA,NA,162,225,225,0,0,225,130,130,0,83,47,138,138,0,0,138,57,57,0,39,18,257,257,0,0,257,170,170,NA,NA,170,17,17,0,0,17,1547,1547,NA,NA,1547,617,617,0,0,617,80,51,29,NA,80,32,32,0,0,32,425,125,300,0,425,193,93,100,0,193,72,70,2,NA,72
M10 [Number of cases of Childhood Diseases (0-5 years)],10.1,Childhood Diseases - Pneumonia,TOTAL,521,377,144,35,486,0,0,0,NA,0,2,2,NA,NA,2,0,0,NA,NA,0,4,2,2,0,4,3,3,NA,NA,3,19,17,2,NA,19,9,9,NA,NA,9,88,88,NA,0,88,5,5,0,0,5,4,4,0,NA,4,38,26,12,12,26,0,0,0,NA,0,23,23,NA,NA,23,0,0,0,0,0,43,41,2,6,37,4,4,0,0,4,8,8,0,0,8,20,0,20,17,3,2,2,NA,NA,2,26,26,0,0,26,2,2,NA,NA,2,19,19,0,0,19,182,83,99,NA,182,13,13,0,0,13,0,0,0,0,0,7,0,7,0,7,0,0,0,NA,0
M10 [Number of cases of Childhood Diseases (0-5 years)],10.2,Childhood Diseases - Asthma,TOTAL,197,117,80,21,176,0,0,0,NA,0,0,0,NA,NA,0,0,0,NA,NA,0,0,0,0,0,0,7,7,NA,NA,7,1,1,0,NA,1,14,14,NA,NA,14,29,29,NA,0,29,2,2,0,0,2,0,0,0,NA,0,11,11,0,3,8,0,0,0,NA,0,1,1,NA,NA,1,0,0,0,0,0,26,23,3,8,18,0,0,0,0,0,1,1,0,0,1,10,0,10,10,0,0,0,NA,NA,0,0,0,0,0,0,0,0,NA,NA,0,1,1,0,0,1,75,20,55,NA,75,9,7,2,0,9,2,0,2,0,2,8,0,8,0,8,0,0,0,NA,0
M10 [Number of cases of Childhood Diseases (0-5 years)],10.3,Childhood Diseases - Sepsis,TOTAL,136,83,53,1,135,0,0,0,NA,0,0,0,NA,NA,0,0,0,NA,NA,0,9,9,0,0,9,1,1,NA,NA,1,23,23,0,NA,23,0,0,NA,NA,0,4,4,NA,0,4,0,0,0,0,0,0,0,0,NA,0,2,1,1,1,1,0,0,0,NA,0,17,17,NA,NA,17,15,15,0,0,15,4,4,0,0,4,0,0,0,0,0,0,0,0,0,0,23,0,23,0,23,0,0,NA,NA,0,0,0,0,0,0,8,8,NA,NA,8,0,0,0,0,0,30,1,29,NA,30,0,0,0,0,0,0,0,0,0,0,0,0,0,0,0,0,0,0,NA,0
M10 [Number of cases of Childhood Diseases (0-5 years)],10.4,Childhood Diseases - Diphtheria,TOTAL,0,0,0,0,0,0,0,0,NA,0,0,0,NA,NA,0,0,0,NA,NA,0,0,0,0,0,0,0,0,NA,NA,0,0,0,0,NA,0,0,0,NA,NA,0,0,0,NA,0,0,0,0,0,0,0,0,0,0,NA,0,0,0,0,0,0,0,0,0,NA,0,0,0,NA,NA,0,0,0,0,0,0,0,0,0,0,0,0,0,0,0,0,0,0,0,0,0,0,0,0,0,0,0,0,NA,NA,0,0,0,0,0,0,0,0,NA,NA,0,0,0,0,0,0,0,0,0,NA,0,0,0,0,0,0,0,0,0,0,0,0,0,0,0,0,0,0,0,NA,0
M10 [Number of cases of Childhood Diseases (0-5 years)],10.5,Childhood Diseases - Pertussis,TOTAL,15,15,0,0,15,0,0,0,NA,0,0,0,NA,NA,0,0,0,NA,NA,0,0,0,0,0,0,0,0,NA,NA,0,0,0,0,NA,0,0,0,NA,NA,0,0,0,NA,0,0,0,0,0,0,0,0,0,0,NA,0,0,0,0,0,0,0,0,0,NA,0,0,0,NA,NA,0,0,0,0,0,0,0,0,0,0,0,0,0,0,0,0,0,0,0,0,0,0,0,0,0,0,0,0,NA,NA,0,15,15,0,0,15,0,0,NA,NA,0,0,0,0,0,0,0,0,0,NA,0,0,0,0,0,0,0,0,0,0,0,0,0,0,0,0,0,0,0,NA,0
M10 [Number of cases of Childhood Diseases (0-5 years)],10.6,Childhood Diseases - Tetanus Neonatorum,TOTAL,0,0,0,0,0,0,0,0,NA,0,0,0,NA,NA,0,0,0,NA,NA,0,0,0,0,0,0,0,0,NA,NA,0,0,0,0,NA,0,0,0,NA,NA,0,0,0,NA,0,0,0,0,0,0,0,0,0,0,NA,0,0,0,0,0,0,0,0,0,NA,0,0,0,NA,NA,0,0,0,0,0,0,0,0,0,0,0,0,0,0,0,0,0,0,0,0,0,0,0,0,0,0,0,0,NA,NA,0,0,0,0,0,0,0,0,NA,NA,0,0,0,0,0,0,0,0,0,NA,0,0,0,0,0,0,0,0,0,0,0,0,0,0,0,0,0,0,0,NA,0
M10 [Number of cases of Childhood Diseases (0-5 years)],10.7,Childhood Diseases - Tuberculosis (TB),TOTAL,29,12,17,0,29,0,0,0,NA,0,2,2,NA,NA,2,0,0,NA,NA,0,0,0,0,0,0,2,2,NA,NA,2,0,0,0,NA,0,0,0,NA,NA,0,4,4,0,0,4,2,0,2,0,2,0,0,0,NA,0,0,0,0,0,0,1,1,0,NA,1,0,0,NA,NA,0,0,0,0,0,0,0,0,0,0,0,0,0,0,0,0,0,0,0,0,0,0,0,0,0,0,1,1,NA,NA,1,1,1,0,0,1,0,0,NA,NA,0,0,0,0,0,0,0,0,0,NA,0,0,0,0,0,0,1,0,1,0,1,7,0,7,0,7,8,1,7,NA,8
M10 [Number of cases of Childhood Diseases (0-5 years)],10.8,Childhood Diseases - Acute Flaccid Paralysis(AFP),TOTAL,5,5,0,0,5,0,0,0,NA,0,0,0,NA,NA,0,0,0,NA,NA,0,2,2,0,0,2,0,0,NA,NA,0,0,0,0,NA,0,0,0,NA,NA,0,0,0,0,0,0,0,0,0,0,0,0,0,0,NA,0,0,0,0,0,0,0,0,0,NA,0,0,0,NA,NA,0,0,0,0,0,0,3,3,0,0,3,0,0,0,0,0,0,0,0,0,0,0,0,0,0,0,0,0,NA,NA,0,0,0,0,0,0,0,0,NA,NA,0,0,0,0,0,0,0,0,0,NA,0,0,0,0,0,0,0,0,0,NA,0,0,0,0,0,0,0,0,0,NA,0
M10 [Number of cases of Childhood Diseases (0-5 years)],10.9,Childhood Diseases - Measles,TOTAL,186,183,3,4,182,3,3,0,NA,3,9,9,NA,NA,9,0,0,NA,NA,0,14,14,0,0,14,2,2,NA,NA,2,17,17,0,NA,17,0,0,NA,NA,0,20,20,0,0,20,4,4,0,0,4,2,2,0,NA,2,12,9,3,3,9,7,7,0,NA,7,16,16,NA,NA,16,0,0,0,0,0,4,4,0,1,3,7,7,0,0,7,3,3,0,0,3,24,24,0,0,24,0,0,NA,NA,0,1,1,0,0,1,0,0,NA,NA,0,10,10,0,0,10,15,15,0,NA,15,2,2,0,0,2,2,2,0,0,2,1,1,0,0,1,11,11,0,NA,11
M10 [Number of cases of Childhood Diseases (0-5 years)],10.1,Childhood Diseases - Malaria,TOTAL,30,29,1,1,29,0,0,0,NA,0,0,0,NA,NA,0,2,2,NA,NA,2,0,0,0,0,0,6,6,NA,NA,6,1,1,0,NA,1,0,0,NA,NA,0,0,0,0,0,0,0,0,0,0,0,2,2,0,NA,2,1,1,0,0,1,0,0,0,NA,0,0,0,NA,NA,0,0,0,0,0,0,0,0,0,0,0,0,0,0,0,0,5,4,1,1,4,0,0,0,0,0,13,13,NA,NA,13,0,0,0,0,0,0,0,NA,NA,0,0,0,0,0,0,0,0,0,NA,0,0,0,0,0,0,0,0,0,0,0,0,0,0,0,0,0,0,0,NA,0
M10 [Number of cases of Childhood Diseases (0-5 years)],10.11,Childhood Diseases - Diarrhoea,TOTAL,12692,12213,479,887,11805,171,171,0,NA,171,298,298,NA,NA,298,35,35,NA,NA,35,1162,1150,12,0,1162,158,158,NA,NA,158,680,666,14,NA,680,246,246,NA,NA,246,1071,1056,15,0,1071,1003,868,135,570,433,196,196,0,NA,196,185,154,31,59,126,125,105,20,NA,125,848,848,NA,NA,848,289,289,0,29,260,325,323,2,206,119,340,340,0,0,340,319,318,1,7,312,2452,2444,8,6,2446,148,148,NA,NA,148,453,411,42,0,453,264,264,NA,NA,264,610,610,0,0,610,356,306,50,NA,356,333,324,9,0,333,257,165,92,8,249,274,234,40,2,272,94,86,8,NA,94
M10 [Number of cases of Childhood Diseases (0-5 years)],10.12,Childhood Diseases - Diarrhoea treated in Inpatients,TOTAL,1253,898,355,179,1074,3,3,0,NA,3,1,1,NA,NA,1,0,0,NA,NA,0,30,18,12,0,30,1,1,NA,NA,1,36,36,0,NA,36,10,10,NA,NA,10,91,91,NA,0,91,17,17,0,0,17,17,17,0,NA,17,67,36,31,31,36,10,10,0,NA,10,46,46,NA,NA,46,17,17,0,0,17,93,93,0,52,41,0,0,0,0,0,111,111,0,96,15,32,30,2,0,32,8,8,NA,NA,8,14,5,9,0,14,119,119,NA,NA,119,107,107,0,0,107,79,47,32,NA,79,42,42,0,0,42,109,22,87,0,109,191,11,180,0,191,2,0,2,NA,2
M10 [Number of cases of Childhood Diseases (0-5 years)],10.13,Children admitted with upper respiratory infections,TOTAL,843,473,370,6,837,0,0,0,NA,0,0,0,NA,NA,0,0,0,NA,NA,0,27,20,7,0,27,13,13,NA,NA,13,40,40,0,NA,40,16,16,NA,NA,16,24,24,NA,0,24,5,5,0,0,5,8,8,0,NA,8,0,0,0,0,0,18,18,0,NA,18,3,3,NA,NA,3,38,38,0,0,38,22,20,2,2,20,2,2,0,0,2,0,0,0,0,0,33,26,7,4,29,10,10,NA,NA,10,0,0,0,0,0,40,40,NA,NA,40,1,1,0,0,1,150,64,86,NA,150,2,2,0,0,2,0,0,0,0,0,367,115,252,0,367,24,8,16,NA,24
M10 [Number of cases of Childhood Diseases (0-5 years)],10.14,Childhood Diseases - Severe Acute Malnutrition (SAM),TOTAL,97,81,16,0,97,0,0,0,NA,0,0,0,NA,NA,0,9,9,NA,NA,9,2,0,2,0,2,1,1,NA,NA,1,0,0,0,NA,0,2,2,NA,NA,2,2,2,NA,0,2,0,0,0,0,0,0,0,0,NA,0,13,13,0,0,13,0,0,0,NA,0,3,3,NA,NA,3,16,16,0,0,16,2,2,0,0,2,0,0,0,0,0,0,0,0,0,0,12,6,6,0,12,0,0,NA,NA,0,0,0,0,0,0,17,17,NA,NA,17,2,2,0,0,2,12,8,4,NA,12,0,0,0,0,0,2,0,2,0,2,2,0,2,0,2,0,0,0,NA,0
M11 [NVBDCP],11.1.1.a,Total Blood Smears Examined for Malaria,TOTAL,174670,172692,1978,4985,169685,7354,7236,118,NA,7354,6225,6225,NA,NA,6225,7814,7814,NA,1432,6382,7118,7041,77,0,7118,3195,3195,NA,NA,3195,3085,3043,42,NA,3085,5773,5773,NA,NA,5773,4886,4886,NA,0,4886,6131,6131,0,0,6131,2202,2189,13,NA,2202,9203,9035,168,218,8985,4827,4783,44,NA,4827,6559,6559,NA,NA,6559,5522,5522,0,0,5522,6912,6271,641,3143,3769,17696,17696,0,0,17696,4266,4266,0,2,4264,6251,6250,1,0,6251,5019,5019,NA,NA,5019,7359,7059,300,0,7359,10450,10450,NA,NA,10450,8590,8590,0,36,8554,4723,4723,NA,NA,4723,7940,7884,56,20,7920,8658,8443,215,19,8639,2748,2542,206,115,2633,4164,4067,97,NA,4164
M11 [NVBDCP],11.1.1.b,Malaria (Microscopy Tests ) - Plasmodium Vivax test positive,TOTAL,127,105,22,16,111,1,1,0,NA,1,0,0,NA,NA,0,0,0,NA,NA,0,1,0,1,0,1,5,5,NA,NA,5,3,3,0,NA,3,1,1,NA,NA,1,0,0,NA,0,0,2,2,0,0,2,1,0,1,NA,1,16,0,16,16,0,2,2,0,NA,2,1,1,NA,NA,1,0,0,0,0,0,0,0,0,0,0,0,0,0,0,0,4,4,0,0,4,3,3,0,0,3,1,1,NA,NA,1,5,1,4,0,5,0,0,NA,NA,0,2,2,0,0,2,1,1,NA,NA,1,1,1,0,0,1,4,4,0,0,4,0,0,0,0,0,73,73,0,NA,73
M11 [NVBDCP],11.1.1.c,Malaria (Microscopy Tests ) - Plasmodium Falciparum test positive,TOTAL,167,151,16,15,152,0,0,0,NA,0,0,0,NA,NA,0,0,0,NA,NA,0,0,0,0,0,0,12,12,NA,NA,12,1,1,0,NA,1,0,0,NA,NA,0,0,0,NA,0,0,0,0,0,0,0,16,15,1,NA,16,16,1,15,15,1,0,0,0,NA,0,6,6,NA,NA,6,1,1,0,0,1,0,0,0,0,0,0,0,0,0,0,26,26,0,0,26,0,0,0,0,0,0,0,NA,NA,0,0,0,0,0,0,1,1,NA,NA,1,0,0,0,0,0,1,1,NA,NA,1,0,0,0,0,0,8,8,0,0,8,2,2,0,0,2,77,77,0,NA,77
M11 [NVBDCP],11.1.2.a,RDT conducted for Malaria,TOTAL,54401,52528,1873,1715,52686,2720,2602,118,NA,2720,3266,3261,5,NA,3266,3801,3801,NA,859,2942,3449,3433,16,0,3449,994,994,NA,NA,994,1223,1195,28,NA,1223,925,925,NA,NA,925,1033,1025,8,0,1033,322,317,5,0,322,319,306,13,NA,319,6356,6081,275,330,6026,1641,1636,5,NA,1641,412,412,NA,NA,412,1722,1722,0,0,1722,1908,1908,0,452,1456,4091,4091,0,0,4091,1666,1666,0,1,1665,897,825,72,0,897,1671,1671,NA,NA,1671,1029,924,105,12,1017,2183,2183,NA,NA,2183,1919,1913,6,0,1919,1975,1975,NA,NA,1975,2761,2745,16,20,2741,3389,3286,103,19,3370,441,346,95,22,419,2288,1285,1003,NA,2288
M11 [NVBDCP],11.1.2.b,Malaria (RDT) - Plasmodium Vivax test positive,TOTAL,129,55,74,0,129,3,3,0,NA,3,3,3,NA,NA,3,1,1,NA,NA,1,0,0,0,0,0,1,1,NA,NA,1,4,4,0,NA,4,0,0,NA,NA,0,1,1,0,0,1,0,0,0,0,0,2,1,1,NA,2,2,2,0,0,2,2,2,0,NA,2,0,0,NA,NA,0,0,0,0,0,0,0,0,0,0,0,0,0,0,0,0,4,4,0,0,4,1,1,0,0,1,7,7,NA,NA,7,0,0,0,0,0,3,3,NA,NA,3,5,5,0,0,5,1,1,NA,NA,1,0,0,0,0,0,7,7,0,0,7,0,0,0,0,0,82,9,73,NA,82
M11 [NVBDCP],11.1.2.c,Malaria (RDT) - Plamodium Falciparum test positive,TOTAL,390,94,296,2,388,0,0,0,NA,0,0,0,NA,NA,0,0,0,NA,NA,0,0,0,0,0,0,7,7,NA,NA,7,1,1,0,NA,1,0,0,NA,NA,0,0,0,0,0,0,1,0,1,0,1,3,2,1,NA,3,4,2,2,2,2,0,0,0,NA,0,2,2,NA,NA,2,24,24,0,0,24,0,0,0,0,0,0,0,0,0,0,7,7,0,0,7,1,1,0,0,1,0,0,NA,NA,0,0,0,0,0,0,0,0,NA,NA,0,1,1,0,0,1,0,0,NA,NA,0,0,0,0,0,0,5,5,0,0,5,0,0,0,0,0,334,42,292,NA,334
M11 [NVBDCP],11.2.1,Kala Azar (RDT) - Tests Conducted,TOTAL,1,0,1,0,1,0,0,0,NA,0,0,0,NA,NA,0,0,0,NA,NA,0,0,0,0,0,0,0,0,NA,NA,0,0,0,0,NA,0,0,0,NA,NA,0,0,0,NA,0,0,0,0,0,0,0,0,0,0,NA,0,0,0,0,0,0,0,0,0,NA,0,0,0,NA,NA,0,0,0,0,0,0,0,0,0,0,0,0,0,0,0,0,0,0,NA,0,0,0,0,0,0,0,0,0,NA,NA,0,0,0,0,0,0,0,0,NA,NA,0,0,0,0,0,0,0,0,NA,NA,0,0,0,0,0,0,1,0,1,NA,1,0,0,0,0,0,0,0,0,NA,0
M11 [NVBDCP],11.2.2,Kala Azar Positive Cases,TOTAL,0,0,0,0,0,0,0,0,NA,0,0,0,NA,NA,0,0,0,NA,NA,0,0,0,0,0,0,0,0,NA,NA,0,0,0,0,NA,0,0,0,NA,NA,0,0,0,NA,0,0,0,0,0,0,0,0,0,0,NA,0,0,0,0,0,0,0,0,0,NA,0,0,0,NA,NA,0,0,0,0,0,0,0,0,NA,0,0,0,0,0,0,0,0,0,NA,0,0,0,0,0,0,0,0,0,NA,NA,0,0,0,0,0,0,0,0,NA,NA,0,0,0,0,0,0,0,0,NA,NA,0,0,0,0,0,0,0,0,0,NA,0,0,0,0,0,0,0,0,0,NA,0
M11 [NVBDCP],11.2.3,Post-kala-azar dermal leishmaniasis (PKDL) cases,TOTAL,0,0,0,0,0,0,0,0,NA,0,0,0,NA,NA,0,0,0,NA,NA,0,0,0,0,0,0,0,0,NA,NA,0,0,0,0,NA,0,0,0,NA,NA,0,0,0,NA,0,0,0,0,0,0,0,0,0,0,NA,0,0,0,0,0,0,0,0,0,NA,0,0,0,NA,NA,0,0,0,0,0,0,0,0,0,0,0,0,0,0,0,0,0,0,NA,0,0,0,0,0,0,0,0,0,NA,NA,0,0,0,0,0,0,0,0,NA,NA,0,0,0,0,0,0,0,0,NA,NA,0,0,0,0,0,0,0,0,0,NA,0,0,0,0,0,0,0,0,0,NA,0
M11 [NVBDCP],11.3.1,Dengue - RDT Test Positive,TOTAL,70,69,1,1,69,0,0,0,NA,0,0,0,NA,NA,0,0,0,NA,NA,0,0,0,0,0,0,0,0,NA,NA,0,0,0,0,NA,0,0,0,NA,NA,0,0,0,NA,0,0,0,0,0,0,0,0,0,0,NA,0,3,2,1,1,2,0,0,0,NA,0,0,0,NA,NA,0,7,7,0,0,7,0,0,0,0,0,0,0,0,0,0,0,0,NA,0,0,0,0,0,0,0,0,0,NA,NA,0,0,0,0,0,0,59,59,NA,NA,59,0,0,0,0,0,1,1,NA,NA,1,0,0,0,0,0,0,0,0,NA,0,0,0,0,0,0,0,0,0,NA,0
M11 [NVBDCP],11.3.2,Dengue - Enzyme- Linked Immuno Sorbent Assay (ELISA) Test Positive,TOTAL,33,33,NA,NA,33,0,0,NA,NA,0,0,0,NA,NA,0,NA,NA,NA,NA,NA,0,0,NA,NA,0,0,0,NA,NA,0,0,0,NA,NA,0,0,0,NA,NA,0,0,0,NA,NA,0,NA,NA,NA,NA,NA,0,0,NA,NA,0,0,0,NA,NA,0,0,0,NA,NA,0,0,0,NA,NA,0,0,0,NA,NA,0,0,0,NA,NA,0,0,0,NA,NA,0,0,0,NA,NA,0,NA,NA,NA,NA,NA,0,0,NA,NA,0,32,32,NA,NA,32,0,0,NA,NA,0,1,1,NA,NA,1,0,0,NA,NA,0,0,0,NA,NA,0,0,0,NA,NA,0,0,0,NA,NA,0,0,0,NA,NA,0
M11 [NVBDCP],11.4.1,Tests Conducted for JE,TOTAL,186,186,NA,NA,186,0,0,NA,NA,0,0,0,NA,NA,0,7,7,NA,NA,7,12,12,NA,NA,12,0,0,NA,NA,0,0,0,NA,NA,0,0,0,NA,NA,0,0,0,NA,NA,0,39,39,NA,NA,39,0,0,NA,NA,0,4,4,NA,NA,4,14,14,NA,NA,14,0,0,NA,NA,0,33,33,NA,NA,33,0,0,NA,NA,0,0,0,NA,NA,0,0,0,NA,NA,0,NA,NA,NA,NA,NA,4,4,NA,NA,4,39,39,NA,NA,39,0,0,NA,NA,0,0,0,NA,NA,0,18,18,NA,NA,18,16,16,NA,NA,16,0,0,NA,NA,0,0,0,NA,NA,0,NA,NA,NA,NA,NA
M11 [NVBDCP],11.4.2,Tests Positive for JE,TOTAL,52,52,NA,NA,52,0,0,NA,NA,0,0,0,NA,NA,0,NA,NA,NA,NA,NA,0,0,NA,NA,0,0,0,NA,NA,0,0,0,NA,NA,0,0,0,NA,NA,0,0,0,NA,NA,0,26,26,NA,NA,26,0,0,NA,NA,0,0,0,NA,NA,0,1,1,NA,NA,1,0,0,NA,NA,0,11,11,NA,NA,11,0,0,NA,NA,0,0,0,NA,NA,0,0,0,NA,NA,0,NA,NA,NA,NA,NA,0,0,NA,NA,0,5,5,NA,NA,5,0,0,NA,NA,0,0,0,NA,NA,0,2,2,NA,NA,2,7,7,NA,NA,7,0,0,NA,NA,0,0,0,NA,NA,0,NA,NA,NA,NA,NA
M12 [Adolscent Health],12.1.1.a,Girls registered in AFHC,TOTAL,1504,1498,6,41,1463,22,22,0,NA,22,0,0,NA,NA,0,0,0,NA,NA,0,14,14,0,0,14,0,0,NA,NA,0,178,178,0,NA,178,0,0,NA,NA,0,9,9,NA,0,9,0,0,0,0,0,0,0,0,NA,0,0,0,0,0,0,107,107,0,NA,107,1,1,NA,NA,1,2,2,0,0,2,265,265,0,41,224,198,198,0,0,198,107,107,NA,0,107,0,0,0,0,0,151,151,NA,NA,151,42,42,0,0,42,20,20,NA,NA,20,51,51,0,0,51,0,0,NA,NA,0,60,60,0,0,60,197,197,0,NA,197,6,0,6,0,6,74,74,0,NA,74
M12 [Adolscent Health],12.1.1.b,Boys registered in AFHC,TOTAL,400,400,0,0,400,20,20,0,NA,20,0,0,NA,NA,0,0,0,NA,NA,0,0,0,0,0,0,0,0,NA,NA,0,12,12,0,NA,12,0,0,NA,NA,0,2,2,NA,0,2,0,0,0,0,0,0,0,0,NA,0,0,0,0,0,0,40,40,0,NA,40,0,0,NA,NA,0,2,2,0,0,2,14,14,0,0,14,61,61,0,0,61,10,10,NA,0,10,0,0,0,0,0,48,48,NA,NA,48,18,18,0,0,18,0,0,NA,NA,0,11,11,0,0,11,0,0,NA,NA,0,50,50,0,0,50,98,98,0,NA,98,0,0,0,0,0,14,14,0,NA,14
M12 [Adolscent Health],12.1.2.a,"Out of registered, Girls received clinical services",TOTAL,1272,1264,8,16,1256,11,11,0,NA,11,0,0,NA,NA,0,0,0,NA,NA,0,14,14,0,0,14,0,0,NA,NA,0,178,178,0,NA,178,0,0,NA,NA,0,13,13,NA,0,13,0,0,0,0,0,0,0,0,NA,0,0,0,0,0,0,27,27,0,NA,27,1,1,NA,NA,1,2,2,0,0,2,133,133,0,16,117,198,198,0,0,198,21,21,NA,0,21,0,0,0,0,0,134,134,NA,NA,134,38,38,0,0,38,20,20,NA,NA,20,241,241,0,0,241,0,0,NA,NA,0,0,0,0,0,0,159,159,0,NA,159,8,0,8,0,8,74,74,0,NA,74
M12 [Adolscent Health],12.1.2.b,"Out of registered, Boys received clinical services",TOTAL,343,337,6,0,343,8,8,0,NA,8,0,0,NA,NA,0,0,0,NA,NA,0,0,0,0,0,0,0,0,NA,NA,0,12,12,0,NA,12,0,0,NA,NA,0,2,2,NA,0,2,0,0,0,0,0,0,0,0,NA,0,0,0,0,0,0,23,23,0,NA,23,0,0,NA,NA,0,0,0,0,0,0,11,11,0,0,11,61,61,0,0,61,0,0,NA,0,0,0,0,0,0,0,44,44,NA,NA,44,10,4,6,0,10,0,0,NA,NA,0,75,75,0,0,75,0,0,NA,NA,0,0,0,0,0,0,83,83,0,NA,83,0,0,0,0,0,14,14,0,NA,14
M12 [Adolscent Health],12.1.3.a,"Out of registered, Girls received counselling",TOTAL,1626,1618,8,41,1585,22,22,0,NA,22,0,0,NA,NA,0,0,0,NA,NA,0,14,14,0,0,14,0,0,NA,NA,0,178,178,0,NA,178,0,0,NA,NA,0,10,10,NA,0,10,0,0,0,0,0,0,0,0,NA,0,0,0,0,0,0,107,107,0,NA,107,1,1,NA,NA,1,22,22,0,0,22,265,265,0,41,224,198,198,0,0,198,86,86,NA,0,86,0,0,0,0,0,151,151,NA,NA,151,32,32,0,0,32,20,20,NA,NA,20,241,241,0,0,241,0,0,NA,NA,0,0,0,0,0,0,197,197,0,NA,197,8,0,8,0,8,74,74,0,NA,74
M12 [Adolscent Health],12.1.3.b,"Out of registered, Boys received counselling",TOTAL,430,430,0,0,430,20,20,0,NA,20,0,0,NA,NA,0,0,0,NA,NA,0,0,0,0,0,0,0,0,NA,NA,0,12,12,0,NA,12,0,0,NA,NA,0,0,0,NA,0,0,0,0,0,0,0,0,0,0,NA,0,0,0,0,0,0,40,40,0,NA,40,0,0,NA,NA,0,21,21,0,0,21,14,14,0,0,14,61,61,0,0,61,10,10,NA,0,10,0,0,0,0,0,48,48,NA,NA,48,17,17,0,0,17,0,0,NA,NA,0,75,75,0,0,75,0,0,NA,NA,0,0,0,0,0,0,98,98,0,NA,98,0,0,0,0,0,14,14,0,NA,14
"M13 [Directly Observed Treatment, Short-course (DOTS)]",13.1,Number of on-going DOTS patients registered,TOTAL,3728,3204,524,214,3514,80,80,0,NA,80,224,224,NA,NA,224,31,31,NA,NA,31,54,54,0,0,54,93,93,NA,NA,93,42,42,0,NA,42,14,14,NA,NA,14,209,209,NA,0,209,205,205,0,0,205,67,67,0,NA,67,70,70,0,0,70,204,194,10,NA,204,123,123,NA,NA,123,185,185,0,0,185,336,336,0,213,123,124,124,0,0,124,45,45,NA,0,45,52,33,19,0,52,160,160,NA,NA,160,130,121,9,0,130,76,76,NA,NA,76,226,226,0,0,226,84,84,NA,NA,84,75,47,28,0,75,180,110,70,NA,180,433,89,344,1,432,206,162,44,NA,206
"M13 [Directly Observed Treatment, Short-course (DOTS)]",13.2,Number of DOTS cases completed successfully,TOTAL,1038,948,90,22,1016,20,20,0,NA,20,48,48,NA,NA,48,3,3,NA,NA,3,46,46,0,0,46,9,9,NA,NA,9,17,17,0,NA,17,11,11,NA,NA,11,19,19,NA,0,19,35,35,0,0,35,47,47,0,NA,47,39,39,0,0,39,53,53,0,NA,53,17,17,NA,NA,17,72,72,0,0,72,134,134,0,22,112,34,34,0,0,34,23,23,NA,0,23,17,17,0,0,17,75,75,NA,NA,75,18,16,2,0,18,8,8,NA,NA,8,67,67,0,0,67,7,7,NA,NA,7,60,49,11,0,60,47,39,8,NA,47,94,33,61,0,94,18,10,8,NA,18
M14 [Patient Services],14.1.1,Outpatient - Diabetes,TOTAL,11185,10099,1086,961,10224,89,89,0,NA,89,683,683,NA,NA,683,71,71,NA,NA,71,220,175,45,10,210,81,81,NA,NA,81,620,618,2,NA,620,71,71,NA,NA,71,885,885,0,22,863,869,795,74,4,865,125,123,2,NA,125,421,63,358,370,51,350,342,8,NA,350,85,85,NA,NA,85,505,478,27,18,487,893,893,NA,358,535,891,891,0,0,891,93,93,0,2,91,577,510,67,NA,577,47,47,NA,NA,47,75,64,11,0,75,153,153,NA,NA,153,1180,1167,13,30,1150,402,402,NA,NA,402,644,601,43,0,644,404,317,87,19,385,613,310,303,128,485,138,92,46,NA,138
M14 [Patient Services],14.1.2,Outpatient - Hypertension,TOTAL,24740,20059,4681,1169,23571,441,441,0,NA,441,1008,1008,NA,NA,1008,193,193,NA,NA,193,655,328,327,17,638,308,308,NA,NA,308,1158,1146,12,NA,1158,334,334,NA,NA,334,974,974,0,32,942,2402,1676,726,42,2360,180,179,1,NA,180,423,331,92,170,253,840,787,53,NA,840,201,201,NA,NA,201,1539,1482,57,18,1521,1383,1383,NA,695,688,1443,1443,0,0,1443,330,330,0,4,326,945,856,89,NA,945,288,288,NA,NA,288,417,254,163,0,417,286,286,NA,NA,286,2227,1883,344,60,2167,1019,1019,NA,NA,1019,2556,1242,1314,0,2556,1514,1007,507,46,1468,1104,319,785,85,1019,572,361,211,NA,572
M14 [Patient Services],14.1.3,Outpatient - Stroke (Paralysis),TOTAL,362,289,73,14,348,13,13,0,NA,13,19,19,NA,NA,19,12,12,NA,NA,12,11,3,8,0,11,0,0,NA,NA,0,60,60,0,NA,60,0,0,NA,NA,0,33,33,0,0,33,12,4,8,0,12,13,13,0,NA,13,2,0,2,2,0,0,0,0,NA,0,0,0,NA,NA,0,37,32,5,5,32,12,12,NA,0,12,3,3,0,0,3,7,7,0,0,7,36,31,5,0,36,2,2,NA,NA,2,2,0,2,0,2,0,0,NA,NA,0,9,9,0,0,9,1,1,NA,NA,1,19,15,4,0,19,19,7,12,0,19,33,7,26,7,26,7,6,1,NA,7
M14 [Patient Services],14.1.4,Outpatient - Acute Heart Diseases,TOTAL,2084,1877,207,134,1950,0,0,0,NA,0,36,36,NA,NA,36,17,17,NA,NA,17,31,3,28,0,31,8,8,NA,NA,8,57,57,0,NA,57,3,3,NA,NA,3,55,55,0,1,54,30,20,10,0,30,28,28,0,NA,28,103,0,103,103,0,2,1,1,NA,2,14,14,NA,NA,14,1300,1295,5,5,1295,6,6,NA,1,5,52,52,0,0,52,14,14,0,1,13,51,50,1,0,51,3,3,NA,NA,3,14,12,2,0,14,64,64,NA,NA,64,86,86,0,3,83,1,1,NA,NA,1,12,9,3,0,12,27,10,17,0,27,55,19,36,20,35,15,14,1,NA,15
M14 [Patient Services],14.1.5,Outpatient - Mental illness,TOTAL,2929,2746,183,38,2891,3,3,0,NA,3,3,3,NA,NA,3,17,17,NA,NA,17,51,30,21,0,51,15,15,NA,NA,15,395,395,0,NA,395,6,6,NA,NA,6,4,4,0,2,2,21,7,14,0,21,23,23,0,NA,23,677,658,19,19,658,12,7,5,NA,12,2,2,NA,NA,2,231,231,0,0,231,424,424,NA,2,422,8,8,0,0,8,9,9,0,0,9,81,68,13,0,81,1,1,NA,NA,1,194,193,1,0,194,337,337,NA,NA,337,54,47,7,10,44,10,10,NA,NA,10,20,8,12,0,20,32,5,27,0,32,277,233,44,5,272,22,2,20,NA,22
M14 [Patient Services],14.1.6,Outpatient - Epilepsy,TOTAL,441,166,275,1,440,1,1,0,NA,1,1,1,NA,NA,1,0,0,NA,NA,0,5,3,2,0,5,2,2,NA,NA,2,19,19,0,NA,19,6,6,NA,NA,6,0,0,0,0,0,54,3,51,0,54,24,24,0,NA,24,8,7,1,1,7,8,2,6,NA,8,0,0,NA,NA,0,39,36,3,0,39,0,0,NA,0,0,0,0,0,0,0,3,3,0,0,3,19,17,2,0,19,3,3,NA,NA,3,8,1,7,0,8,3,3,NA,NA,3,1,1,0,0,1,2,2,NA,NA,2,39,3,36,0,39,70,1,69,0,70,90,5,85,0,90,36,23,13,NA,36
M14 [Patient Services],14.1.7,Outpatient - Ophthalmic Related,TOTAL,32617,31987,630,203,32414,546,546,0,NA,546,1068,1068,NA,NA,1068,682,682,NA,NA,682,279,273,6,0,279,225,225,NA,NA,225,1553,1553,0,NA,1553,315,315,NA,NA,315,2900,2900,0,42,2858,539,414,125,3,536,802,802,0,NA,802,3657,3657,0,25,3632,1663,1647,16,NA,1663,90,90,NA,NA,90,1443,1441,2,0,1443,2453,2453,NA,93,2360,1453,1453,0,0,1453,339,339,0,0,339,290,195,95,0,290,639,639,NA,NA,639,2001,1965,36,0,2001,403,403,NA,NA,403,2412,2332,80,33,2379,2162,2162,NA,NA,2162,314,268,46,0,314,1577,1489,88,3,1574,2010,1901,109,4,2006,802,775,27,NA,802
M14 [Patient Services],14.1.8,Outpatient - Dental,TOTAL,26966,26330,636,453,26513,545,545,0,NA,545,568,568,NA,NA,568,408,408,NA,NA,408,1111,1065,46,26,1085,314,314,NA,NA,314,865,865,0,NA,865,293,293,NA,NA,293,2317,2317,0,32,2285,416,351,65,5,411,159,159,0,NA,159,1218,1169,49,56,1162,931,923,8,NA,931,40,40,NA,NA,40,1789,1788,1,0,1789,1372,1372,NA,236,1136,2656,2656,0,0,2656,196,196,0,0,196,1363,1226,137,0,1363,410,410,NA,NA,410,1778,1762,16,0,1778,899,899,NA,NA,899,1641,1627,14,47,1594,2725,2725,NA,NA,2725,714,679,35,0,714,1130,1032,98,4,1126,581,435,146,47,534,527,506,21,NA,527
M14 [Patient Services],14.1.9,Outpatient - Oncology,TOTAL,397,276,121,3,394,0,0,NA,NA,0,0,0,NA,NA,0,0,0,NA,NA,0,23,0,23,0,23,0,0,NA,NA,0,5,5,0,NA,5,0,0,NA,NA,0,10,10,NA,NA,10,0,0,0,NA,0,0,0,NA,NA,0,3,0,3,3,0,0,0,NA,NA,0,0,0,NA,NA,0,0,0,0,0,0,251,251,NA,0,251,0,0,0,0,0,0,0,NA,NA,0,0,0,0,NA,0,0,0,NA,NA,0,3,3,0,0,3,0,0,NA,NA,0,7,7,0,NA,7,0,0,NA,NA,0,0,0,0,NA,0,0,0,0,NA,0,95,0,95,0,95,0,0,NA,NA,0
M14 [Patient Services],14.2.1,Allopathic- Outpatient attendance,TOTAL,2898996,2290740,608256,80025,2818971,56804,53572,3232,NA,56804,117072,115718,1354,NA,117072,62349,62349,NA,2413,59936,153373,124138,29235,2250,151123,31990,31990,NA,NA,31990,96315,90732,5583,NA,96315,56184,56184,NA,NA,56184,139847,139128,719,2962,136885,223120,121369,101751,3696,219424,18170,17952,218,NA,18170,99357,89003,10354,11119,88238,108679,71467,37212,NA,108679,29450,29450,NA,NA,29450,149030,103579,45451,16192,132838,132785,129409,3376,29042,103743,114947,114947,0,0,114947,41358,41243,115,152,41206,75239,69755,5484,221,75018,50430,50430,NA,NA,50430,97886,79979,17907,1251,96635,88675,86017,2658,NA,88675,199479,176083,23396,1984,197495,69304,69304,NA,NA,69304,152204,89020,63184,2604,149600,274246,144225,130021,862,273384,175853,82727,93126,5277,170576,84850,50970,33880,NA,84850
M14 [Patient Services],14.2.2,Ayush - Outpatient attendance,TOTAL,197615,192725,4890,4742,192873,13276,13276,0,NA,13276,11656,11656,NA,NA,11656,1860,1860,NA,NA,1860,796,796,0,0,796,166,166,NA,NA,166,4610,4610,0,NA,4610,5143,5143,NA,NA,5143,24111,24111,0,0,24111,1280,1280,0,0,1280,1884,1884,0,NA,1884,23277,23277,0,1312,21965,4738,4738,0,NA,4738,0,0,NA,NA,0,1406,1406,0,0,1406,11876,11876,NA,3430,8446,27144,27144,0,0,27144,6061,6061,NA,0,6061,922,922,0,0,922,4186,4186,NA,NA,4186,2629,2629,0,0,2629,4669,4669,NA,NA,4669,6552,6503,49,0,6552,14364,14364,NA,NA,14364,1255,1255,0,0,1255,14674,9844,4830,NA,14674,2090,2090,0,0,2090,6990,6979,11,NA,6990
M14 [Patient Services],14.3.1.a,Inpatient (Male)- Children<18yrs,TOTAL,10314,8164,2150,458,9856,70,62,8,NA,70,531,506,25,NA,531,56,56,NA,NA,56,1193,1062,131,8,1185,53,53,NA,NA,53,427,400,27,NA,427,136,136,NA,NA,136,649,649,NA,0,649,601,378,223,0,601,100,96,4,NA,100,565,230,335,335,230,641,556,85,NA,641,160,160,NA,NA,160,547,529,18,0,547,32,25,7,17,15,102,102,0,0,102,187,185,2,2,185,450,357,93,21,429,112,112,NA,NA,112,542,506,36,0,542,470,470,NA,NA,470,460,446,14,0,460,279,279,NA,NA,279,390,218,172,0,390,718,339,379,NA,718,708,206,502,75,633,135,46,89,NA,135
M14 [Patient Services],14.3.1.b,Inpatient (Male)- Adults,TOTAL,42368,32878,9490,1691,40677,354,326,28,NA,354,1453,1340,113,NA,1453,506,506,NA,NA,506,1660,1305,355,0,1660,183,183,NA,NA,183,1373,1237,136,NA,1373,305,305,NA,NA,305,2009,2009,NA,0,2009,2700,2359,341,58,2642,312,277,35,NA,312,1745,988,757,757,988,1721,1375,346,NA,1721,444,444,NA,NA,444,2069,1930,139,0,2069,5637,5229,408,434,5203,365,365,0,0,365,522,514,8,8,514,615,474,141,1,614,739,739,NA,NA,739,2445,2358,87,0,2445,999,999,NA,NA,999,2976,2928,48,0,2976,709,709,NA,NA,709,1749,953,796,0,1749,4985,2153,2832,NA,4985,3099,511,2588,433,2666,694,362,332,NA,694
M14 [Patient Services],14.3.2.a,Inpatient (Female)- Children<18yrs,TOTAL,9831,7562,2269,452,9379,44,39,5,NA,44,618,600,18,NA,618,67,67,NA,NA,67,1193,1055,138,7,1186,65,65,NA,NA,65,433,408,25,NA,433,113,113,NA,NA,113,603,603,NA,0,603,522,278,244,0,522,113,110,3,NA,113,516,181,335,335,181,779,681,98,NA,779,171,171,NA,NA,171,412,377,35,0,412,25,20,5,16,9,116,116,0,0,116,193,193,0,0,193,344,248,96,16,328,70,70,NA,NA,70,437,399,38,0,437,536,536,NA,NA,536,323,314,9,0,323,222,222,NA,NA,222,359,189,170,0,359,626,256,370,NA,626,732,180,552,78,654,199,71,128,NA,199
M14 [Patient Services],14.3.2.b,Inpatient (Female)- Adults,TOTAL,66605,52741,13864,3070,63535,1043,1009,34,NA,1043,2676,2570,106,NA,2676,1094,1094,NA,NA,1094,3960,2718,1242,280,3680,422,422,NA,NA,422,2776,2552,224,NA,2776,935,935,NA,NA,935,3392,3392,NA,0,3392,3418,2807,611,115,3303,563,539,24,NA,563,3340,2305,1035,1057,2283,2934,2367,567,NA,2934,1757,1757,NA,NA,1757,2700,2427,273,0,2700,3940,3299,641,753,3187,1353,1353,0,0,1353,1513,1505,8,8,1505,1646,1358,288,71,1575,1550,1550,NA,NA,1550,2474,2298,176,0,2474,1415,1415,NA,NA,1415,4190,4167,23,0,4190,1185,1185,NA,NA,1185,2873,1807,1066,0,2873,6441,3332,3109,NA,6441,5560,1816,3744,786,4774,1455,762,693,NA,1455
M14 [Patient Services],14.3.3,Number of Left Against Medical Advice (LAMA) cases,TOTAL,2056,1967,89,10,2046,5,5,0,NA,5,0,0,NA,NA,0,100,100,NA,NA,100,120,119,1,1,119,21,21,NA,NA,21,185,185,NA,NA,185,0,0,NA,NA,0,0,0,NA,0,0,0,0,0,0,0,14,14,0,NA,14,253,250,3,3,250,3,3,0,NA,3,16,16,NA,NA,16,0,0,0,0,0,10,10,NA,6,4,15,15,0,0,15,33,33,0,0,33,0,0,0,0,0,77,77,NA,NA,77,133,133,0,0,133,25,25,NA,NA,25,495,495,0,0,495,241,241,NA,NA,241,88,88,0,0,88,5,0,5,NA,5,80,0,80,0,80,137,137,0,NA,137
M14 [Patient Services],14.4.1,Inpatient - Malaria,TOTAL,93,39,54,13,80,0,0,0,NA,0,0,0,NA,NA,0,0,0,NA,NA,0,2,0,2,0,2,3,3,NA,NA,3,0,0,0,NA,0,0,0,NA,NA,0,0,0,NA,0,0,0,0,0,0,0,7,6,1,NA,7,14,2,12,12,2,2,2,0,NA,2,0,0,NA,NA,0,0,0,0,0,0,0,0,0,0,0,2,2,0,0,2,15,14,1,1,14,1,1,0,0,1,3,3,NA,NA,3,0,0,0,0,0,0,0,NA,NA,0,0,0,0,0,0,1,1,NA,NA,1,0,0,0,0,0,3,3,0,NA,3,0,0,0,0,0,40,2,38,NA,40
M14 [Patient Services],14.4.2,Inpatient - Dengue,TOTAL,9,8,1,1,8,0,0,0,NA,0,0,0,NA,NA,0,0,0,NA,NA,0,0,0,0,0,0,0,0,NA,NA,0,0,0,0,NA,0,0,0,NA,NA,0,0,0,NA,0,0,0,0,0,0,0,0,0,0,NA,0,1,0,1,1,0,0,0,0,NA,0,0,0,NA,NA,0,7,7,0,0,7,0,0,0,0,0,0,0,0,0,0,1,1,0,0,1,0,0,0,0,0,0,0,NA,NA,0,0,0,0,0,0,0,0,NA,NA,0,0,0,0,0,0,0,0,NA,NA,0,0,0,0,0,0,0,0,0,NA,0,0,0,0,0,0,0,0,0,NA,0
M14 [Patient Services],14.4.3,Inpatient - Typhoid,TOTAL,226,154,72,45,181,0,0,0,NA,0,7,7,NA,NA,7,0,0,NA,NA,0,14,0,14,0,14,11,11,NA,NA,11,1,1,0,NA,1,6,6,NA,NA,6,6,6,NA,0,6,0,0,0,0,0,12,12,0,NA,12,28,4,24,24,4,11,1,10,NA,11,0,0,NA,NA,0,21,21,0,0,21,10,5,5,8,2,0,0,0,0,0,11,11,0,0,11,3,3,0,0,3,14,14,NA,NA,14,24,20,4,0,24,0,0,NA,NA,0,1,1,0,0,1,14,14,NA,NA,14,0,0,0,0,0,6,6,0,NA,6,15,2,13,13,2,11,9,2,NA,11
M14 [Patient Services],14.4.4,"Inpatient - Asthma, Chronic Obstructive Pulmonary Disease (COPD), Respiratory infections",TOTAL,1558,1242,316,122,1436,0,0,0,NA,0,27,23,4,NA,27,3,3,NA,NA,3,33,3,30,0,33,5,5,NA,NA,5,45,45,0,NA,45,26,26,NA,NA,26,0,0,NA,0,0,0,0,0,0,0,31,30,1,NA,31,106,35,71,71,35,298,271,27,NA,298,54,54,NA,NA,54,75,75,0,0,75,27,17,10,12,15,26,26,0,0,26,18,17,1,1,17,51,32,19,0,51,19,19,NA,NA,19,77,66,11,0,77,77,77,NA,NA,77,171,171,0,0,171,133,133,NA,NA,133,46,40,6,0,46,32,21,11,NA,32,156,37,119,38,118,22,16,6,NA,22
M14 [Patient Services],14.4.5,Inpatient - Tuberculosis,TOTAL,421,262,159,14,407,0,0,0,NA,0,4,4,0,NA,4,0,0,NA,NA,0,11,1,10,0,11,20,20,NA,NA,20,9,9,0,NA,9,10,10,NA,NA,10,20,20,NA,0,20,0,0,0,0,0,0,0,0,NA,0,24,15,9,9,15,19,19,0,NA,19,0,0,NA,NA,0,45,45,0,0,45,5,3,2,2,3,7,7,0,0,7,15,15,0,0,15,9,4,5,0,9,21,21,NA,NA,21,13,12,1,0,13,2,2,NA,NA,2,20,20,0,0,20,6,6,NA,NA,6,26,20,6,0,26,16,6,10,NA,16,104,2,102,3,101,15,1,14,NA,15
M14 [Patient Services],14.4.6,Inpatient - Pyrexia of unknown origin (PUO),TOTAL,1655,1193,462,21,1634,0,0,0,NA,0,75,73,2,NA,75,0,0,NA,NA,0,43,15,28,0,43,15,15,NA,NA,15,103,103,0,NA,103,30,30,NA,NA,30,0,0,NA,0,0,0,0,0,0,0,84,84,0,NA,84,27,16,11,11,16,0,0,0,NA,0,20,20,NA,NA,20,54,38,16,0,54,20,20,NA,10,10,47,47,0,0,47,66,66,0,0,66,70,55,15,0,70,36,36,NA,NA,36,73,73,0,0,73,59,59,NA,NA,59,296,296,0,0,296,98,98,NA,NA,98,31,19,12,0,31,116,25,91,NA,116,260,4,256,0,260,32,1,31,NA,32
M14 [Patient Services],14.4.7,Inpatient - Diarrhea with dehydration,TOTAL,2779,2205,574,254,2525,44,40,4,NA,44,56,52,4,NA,56,3,3,NA,NA,3,38,11,27,0,38,45,45,NA,NA,45,124,124,0,NA,124,59,59,NA,NA,59,81,81,NA,0,81,24,21,3,0,24,75,75,0,NA,75,126,46,80,80,46,380,376,4,NA,380,122,122,NA,NA,122,91,88,3,0,91,178,78,100,152,26,59,59,0,0,59,150,147,3,3,147,49,40,9,0,49,35,35,NA,NA,35,84,41,43,0,84,105,105,NA,NA,105,147,147,0,0,147,136,136,NA,NA,136,182,167,15,0,182,114,50,64,NA,114,201,18,183,19,182,71,39,32,NA,71
M14 [Patient Services],14.4.8,Inpatient - Hepatitis,TOTAL,54,19,35,20,34,0,0,0,NA,0,0,0,NA,NA,0,0,0,NA,NA,0,6,0,6,0,6,0,0,NA,NA,0,1,1,0,NA,1,0,0,NA,NA,0,0,0,NA,0,0,1,0,1,0,1,0,0,0,NA,0,9,1,8,8,1,2,2,0,NA,2,0,0,NA,NA,0,1,1,0,0,1,16,4,12,12,4,0,0,0,0,0,0,0,0,0,0,1,0,1,0,1,0,0,NA,NA,0,0,0,0,0,0,0,0,NA,NA,0,4,4,0,0,4,0,0,NA,NA,0,1,1,0,0,1,0,0,0,NA,0,7,0,7,0,7,5,5,0,NA,5
M14 [Patient Services],14.5,Patients registered at Emergency Department,TOTAL,65266,64908,358,325,64941,178,178,NA,NA,178,1564,1564,NA,NA,1564,1086,1086,NA,NA,1086,1975,1945,30,0,1975,1549,1549,NA,NA,1549,3459,3459,0,NA,3459,470,470,NA,NA,470,1761,1761,NA,NA,1761,925,925,0,NA,925,1258,1258,NA,NA,1258,1803,1488,315,315,1488,1545,1545,NA,NA,1545,0,0,NA,NA,0,5379,5379,0,0,5379,6408,6408,NA,0,6408,4012,4012,0,0,4012,98,98,NA,NA,98,3519,3519,0,NA,3519,1803,1803,NA,NA,1803,3559,3559,0,0,3559,2572,2572,NA,NA,2572,4345,4345,0,NA,4345,2749,2749,NA,NA,2749,6294,6294,0,NA,6294,3217,3217,0,NA,3217,2546,2533,13,10,2536,1192,1192,NA,NA,1192
M14 [Patient Services],14.6.1,"Emergency - Trauma ( accident, injury, poisoning etc)",TOTAL,6771,6483,288,556,6215,69,69,NA,NA,69,67,67,NA,NA,67,10,10,NA,NA,10,25,5,20,0,25,6,6,NA,NA,6,166,166,0,NA,166,567,567,NA,NA,567,39,39,NA,NA,39,64,64,0,NA,64,99,99,NA,NA,99,743,496,247,247,496,23,23,NA,NA,23,333,333,NA,NA,333,629,629,0,0,629,707,707,NA,303,404,17,17,0,0,17,240,240,NA,NA,240,161,159,2,NA,161,277,277,NA,NA,277,981,981,0,0,981,50,50,NA,NA,50,718,718,0,NA,718,0,0,NA,NA,0,240,240,0,NA,240,317,317,0,NA,317,133,114,19,6,127,90,90,0,NA,90
M14 [Patient Services],14.6.2,Emergency - Burn,TOTAL,442,435,7,19,423,2,2,NA,NA,2,0,0,NA,NA,0,0,0,NA,NA,0,4,2,2,0,4,1,1,NA,NA,1,7,7,0,NA,7,24,24,NA,NA,24,2,2,NA,NA,2,4,4,0,NA,4,3,3,NA,NA,3,15,14,1,1,14,217,217,NA,NA,217,0,0,NA,NA,0,22,22,0,0,22,20,20,NA,17,3,2,2,0,0,2,3,3,NA,NA,3,9,7,2,NA,9,2,2,NA,NA,2,8,8,0,0,8,3,3,NA,NA,3,73,73,0,NA,73,0,0,NA,NA,0,9,9,0,NA,9,5,5,0,NA,5,4,2,2,1,3,3,3,NA,NA,3
M14 [Patient Services],14.6.3,Emergency - Obstetrics complications,TOTAL,1269,1222,47,62,1207,5,5,NA,NA,5,24,5,19,NA,24,25,25,NA,NA,25,0,0,0,0,0,0,0,NA,NA,0,6,6,0,NA,6,23,23,NA,NA,23,0,0,NA,NA,0,10,10,0,NA,10,12,12,NA,NA,12,19,9,10,10,9,50,50,NA,NA,50,0,0,NA,NA,0,122,122,0,0,122,47,47,NA,34,13,30,30,0,0,30,19,19,NA,NA,19,84,84,0,NA,84,330,330,NA,NA,330,5,5,0,0,5,61,61,NA,NA,61,111,111,0,NA,111,0,0,NA,NA,0,220,220,0,NA,220,19,19,0,NA,19,47,29,18,18,29,0,0,NA,NA,0
M14 [Patient Services],14.6.4,Emergency - Snake Bite,TOTAL,148,139,9,0,148,0,0,NA,NA,0,0,0,NA,NA,0,0,0,NA,NA,0,1,0,1,0,1,0,0,NA,NA,0,21,21,0,NA,21,8,8,NA,NA,8,0,0,NA,NA,0,2,2,0,NA,2,0,0,NA,NA,0,1,1,0,0,1,22,22,NA,NA,22,2,2,NA,NA,2,0,0,0,0,0,0,0,NA,0,0,1,1,0,0,1,0,0,NA,NA,0,11,11,0,NA,11,3,3,NA,NA,3,12,12,0,0,12,0,0,NA,NA,0,18,18,0,NA,18,0,0,NA,NA,0,33,33,0,NA,33,3,3,0,NA,3,9,1,8,0,9,1,1,NA,NA,1
M14 [Patient Services],14.6.5,Emergency - Acute Caridiac Emergencies,TOTAL,228,210,18,8,220,0,0,NA,NA,0,5,5,NA,NA,5,0,0,NA,NA,0,7,0,7,0,7,0,0,NA,NA,0,10,10,0,NA,10,13,13,NA,NA,13,2,2,NA,NA,2,0,0,0,NA,0,3,3,NA,NA,3,16,8,8,8,8,0,0,NA,NA,0,0,0,NA,NA,0,2,2,0,0,2,0,0,NA,0,0,0,0,0,0,0,0,0,NA,NA,0,34,34,0,NA,34,0,0,NA,NA,0,0,0,0,0,0,0,0,NA,NA,0,7,7,0,NA,7,0,0,NA,NA,0,119,119,0,NA,119,0,0,0,NA,0,4,1,3,0,4,6,6,NA,NA,6
M14 [Patient Services],14.6.7,Emergency - CVA ( Cerebovascular Disease),TOTAL,497,478,19,14,483,0,0,NA,NA,0,10,10,NA,NA,10,7,7,NA,NA,7,3,0,3,0,3,0,0,NA,NA,0,14,14,0,NA,14,48,48,NA,NA,48,16,16,NA,NA,16,3,3,0,NA,3,6,6,NA,NA,6,43,29,14,14,29,48,48,NA,NA,48,0,0,NA,NA,0,5,5,0,0,5,5,5,NA,0,5,0,0,0,0,0,4,4,NA,NA,4,30,28,2,NA,30,12,12,NA,NA,12,26,26,0,0,26,0,0,NA,NA,0,54,54,0,NA,54,0,0,NA,NA,0,121,121,0,NA,121,0,0,0,NA,0,33,33,0,0,33,9,9,NA,NA,9
M14 [Patient Services],14.7,Number of deaths occurring at Emergency Department,TOTAL,47,43,4,0,47,0,0,NA,NA,0,2,2,NA,NA,2,0,0,NA,NA,0,4,0,4,0,4,0,0,NA,NA,0,1,1,0,NA,1,0,0,NA,NA,0,2,2,NA,NA,2,0,0,0,NA,0,2,2,NA,NA,2,5,5,0,0,5,0,0,NA,NA,0,0,0,NA,NA,0,0,0,0,0,0,3,3,NA,0,3,0,0,0,0,0,0,0,NA,NA,0,0,0,0,NA,0,0,0,NA,NA,0,0,0,0,0,0,0,0,NA,NA,0,2,2,0,NA,2,0,0,NA,NA,0,7,7,0,NA,7,19,19,0,NA,19,0,0,0,0,0,0,0,NA,NA,0
M14 [Patient Services],14.8.1,Operation major (General and spinal anaesthesia),TOTAL,5831,4805,1026,792,5039,0,0,0,NA,0,226,120,106,NA,226,74,74,NA,NA,74,384,345,39,32,352,5,5,NA,NA,5,95,49,46,NA,95,45,45,NA,NA,45,187,187,NA,0,187,798,745,53,53,745,92,75,17,NA,92,536,137,399,399,137,178,178,0,NA,178,5,5,NA,NA,5,651,469,182,182,469,783,750,33,39,744,70,70,0,0,70,42,42,0,0,42,83,54,29,1,82,262,262,NA,NA,262,56,56,0,0,56,121,121,NA,NA,121,53,53,0,0,53,182,182,NA,NA,182,79,79,0,0,79,620,613,7,NA,620,204,89,115,86,118,0,0,0,NA,0
M14 [Patient Services],14.8.2,"Out of Operation major, Gynecology- Hysterectomy surgeries",TOTAL,359,217,142,120,239,0,0,0,NA,0,9,3,6,NA,9,3,3,NA,NA,3,44,9,35,28,16,0,0,NA,NA,0,2,0,2,NA,2,15,15,NA,NA,15,4,4,NA,0,4,37,25,12,12,25,0,0,0,NA,0,29,1,28,28,1,2,2,0,NA,2,0,0,NA,NA,0,14,0,14,14,0,105,76,29,29,76,0,0,0,0,0,2,2,0,0,2,0,0,0,0,0,0,0,NA,NA,0,8,8,0,0,8,4,4,NA,NA,4,3,3,0,0,3,4,4,NA,NA,4,0,0,0,0,0,47,40,7,NA,47,27,18,9,9,18,0,0,0,NA,0
M14 [Patient Services],14.8.3,"Major Surgeries excluding Obstetrics, Gynaecology and Opthalmology etc.",TOTAL,1924,1924,NA,NA,1924,0,0,NA,NA,0,0,0,NA,NA,0,25,25,NA,NA,25,327,327,NA,NA,327,0,0,NA,NA,0,11,11,NA,NA,11,62,62,NA,NA,62,66,66,NA,NA,66,405,405,NA,NA,405,28,28,NA,NA,28,12,12,NA,NA,12,26,26,NA,NA,26,0,0,NA,NA,0,274,274,NA,NA,274,126,126,NA,NA,126,0,0,NA,NA,0,40,40,NA,NA,40,0,0,NA,NA,0,267,267,NA,NA,267,48,48,NA,NA,48,57,57,NA,NA,57,43,43,NA,NA,43,4,4,NA,NA,4,40,40,NA,NA,40,7,7,NA,NA,7,56,56,NA,NA,56,0,0,NA,NA,0
M14 [Patient Services],14.8.4,Operation minor (No or local anaesthesia),TOTAL,3698,3340,358,93,3605,107,107,0,NA,107,113,57,56,NA,113,16,16,NA,NA,16,174,149,25,0,174,34,34,NA,NA,34,34,34,0,NA,34,56,56,NA,NA,56,82,82,NA,0,82,111,111,0,0,111,41,40,1,NA,41,338,314,24,24,314,32,32,0,NA,32,149,149,NA,NA,149,1495,1495,0,0,1495,87,84,3,18,69,110,110,0,0,110,19,19,0,0,19,214,9,205,20,194,37,37,NA,NA,37,12,12,0,0,12,0,0,NA,NA,0,71,71,0,0,71,38,38,NA,NA,38,166,166,0,0,166,78,62,16,6,72,47,22,25,25,22,37,34,3,NA,37
M14 [Patient Services],14.8.5,Number of post operative Surgical Site infection,TOTAL,83,83,NA,NA,83,4,4,NA,NA,4,1,1,NA,NA,1,0,0,NA,NA,0,19,19,NA,NA,19,1,1,NA,NA,1,0,0,NA,NA,0,0,0,NA,NA,0,0,0,NA,NA,0,NA,NA,NA,NA,NA,2,2,NA,NA,2,0,0,NA,NA,0,0,0,NA,NA,0,0,0,NA,NA,0,25,25,NA,NA,25,8,8,NA,NA,8,0,0,NA,NA,0,0,0,NA,NA,0,0,0,NA,NA,0,0,0,NA,NA,0,5,5,NA,NA,5,13,13,NA,NA,13,0,0,NA,NA,0,0,0,NA,NA,0,5,5,NA,NA,5,0,0,NA,NA,0,0,0,NA,NA,0,0,0,NA,NA,0
M14 [Patient Services],14.8.6,Number of blood units issued,TOTAL,3576,3359,217,117,3459,0,0,0,NA,0,10,0,10,NA,10,220,220,NA,NA,220,214,214,0,0,214,0,0,NA,NA,0,3,3,0,NA,3,205,205,NA,NA,205,0,0,NA,0,0,0,0,0,0,0,86,86,0,NA,86,25,9,16,16,9,2,2,0,NA,2,21,21,NA,NA,21,1236,1236,0,0,1236,96,96,0,8,88,0,0,0,0,0,200,200,0,0,200,95,0,95,0,95,10,10,NA,NA,10,0,0,0,0,0,162,162,NA,NA,162,14,14,0,0,14,318,318,NA,NA,318,4,4,0,0,4,524,521,3,NA,524,131,38,93,93,38,0,0,0,NA,0
M14 [Patient Services],14.8.7,Number of blood transfusions done,TOTAL,2829,2664,165,105,2724,0,0,0,NA,0,10,0,10,NA,10,220,220,NA,NA,220,57,48,9,6,51,0,0,NA,NA,0,3,3,0,NA,3,199,199,NA,NA,199,0,0,NA,0,0,0,0,0,0,0,86,86,0,NA,86,19,3,16,16,3,2,2,0,NA,2,19,19,NA,NA,19,1236,1236,0,0,1236,51,51,0,8,43,0,0,0,0,0,200,200,0,0,200,52,0,52,0,52,10,10,NA,NA,10,0,0,0,0,0,124,124,NA,NA,124,13,13,0,0,13,318,318,NA,NA,318,4,4,0,0,4,92,89,3,NA,92,114,39,75,75,39,0,0,0,NA,0
M14 [Patient Services],14.9.1,Inpatient Deaths - Male,TOTAL,304,277,27,14,290,1,1,0,NA,1,7,7,NA,NA,7,0,0,NA,NA,0,15,11,4,0,15,0,0,NA,NA,0,10,10,0,NA,10,9,9,NA,NA,9,3,3,NA,0,3,0,0,0,0,0,4,4,0,NA,4,18,9,9,9,9,28,28,0,NA,28,8,8,NA,NA,8,30,30,0,0,30,2,2,NA,0,2,0,0,0,0,0,5,5,0,0,5,24,24,0,0,24,17,17,NA,NA,17,25,25,0,0,25,6,6,NA,NA,6,26,26,0,0,26,2,2,NA,NA,2,16,16,0,0,16,19,17,2,NA,19,21,9,12,5,16,8,8,0,NA,8
M14 [Patient Services],14.9.2,Inpatient Deaths - Female,TOTAL,219,207,12,8,211,1,1,0,NA,1,5,5,NA,NA,5,0,0,NA,NA,0,9,7,2,0,9,0,0,NA,NA,0,8,8,0,NA,8,1,1,NA,NA,1,4,4,NA,0,4,0,0,0,0,0,1,1,0,NA,1,12,5,7,7,5,15,15,0,NA,15,9,9,NA,NA,9,38,38,0,0,38,1,1,NA,0,1,0,0,0,0,0,15,15,0,0,15,22,22,0,0,22,12,12,NA,NA,12,10,10,0,0,10,6,6,NA,NA,6,18,18,0,0,18,3,3,NA,NA,3,12,12,0,0,12,13,12,1,NA,13,3,1,2,1,2,1,1,0,NA,1
M14 [Patient Services],14.1,In-Patient Head Count at midnight,TOTAL,111444,109408,2036,551,110893,177,158,19,NA,177,2567,2567,NA,NA,2567,2778,2778,NA,NA,2778,5061,4468,593,0,5061,527,527,NA,NA,527,5004,5004,0,NA,5004,5052,5052,NA,NA,5052,6005,6005,NA,0,6005,1148,1148,0,0,1148,3753,3753,0,NA,3753,5105,5096,9,51,5054,11108,11108,0,NA,11108,1833,1833,NA,NA,1833,455,455,0,0,455,2735,2735,NA,336,2399,1979,1979,0,0,1979,5643,5625,18,18,5625,3832,3832,0,0,3832,3847,3847,NA,NA,3847,7348,7054,294,0,7348,3007,3007,NA,NA,3007,8208,8208,0,0,8208,6643,6643,NA,NA,6643,6347,6347,0,0,6347,5753,5383,370,NA,5753,4387,4013,374,146,4241,1142,783,359,NA,1142
M14 [Patient Services],14.11,Number of Admission in NBSU ( New Born Stabilisation Unit),TOTAL,800,720,80,15,785,8,8,0,NA,8,88,88,NA,NA,88,21,21,NA,NA,21,75,48,27,0,75,9,9,NA,NA,9,7,7,0,NA,7,19,19,NA,NA,19,19,19,NA,0,19,19,19,0,1,18,0,0,0,NA,0,34,34,0,2,32,20,20,0,NA,20,1,1,NA,NA,1,30,30,0,0,30,6,6,NA,0,6,23,23,0,0,23,5,5,NA,0,5,106,53,53,12,94,10,10,NA,NA,10,50,50,0,0,50,43,43,NA,NA,43,51,51,0,0,51,7,7,NA,NA,7,61,61,0,0,61,51,51,0,NA,51,31,31,0,0,31,6,6,0,NA,6
M14 [Patient Services],14.12.1,Special Newborn Care Unit (SNCU Admissions) - Inborn Male,TOTAL,1272,1272,0,0,1272,0,0,NA,NA,0,47,47,NA,NA,47,14,14,NA,NA,14,118,118,0,0,118,0,0,NA,NA,0,72,72,0,NA,72,32,32,NA,NA,32,39,39,NA,NA,39,121,121,0,NA,121,17,17,NA,NA,17,42,42,0,0,42,35,35,NA,NA,35,31,31,NA,NA,31,74,74,0,0,74,235,235,NA,0,235,0,0,0,0,0,17,17,NA,NA,17,17,17,0,NA,17,45,45,NA,NA,45,39,39,0,0,39,35,35,NA,NA,35,60,60,0,NA,60,47,47,NA,NA,47,30,30,0,NA,30,73,73,0,NA,73,27,27,0,0,27,5,5,NA,NA,5
M14 [Patient Services],14.12.2,Special Newborn Care Unit (SNCU Admissions) - Inborn Female,TOTAL,992,992,0,0,992,0,0,NA,NA,0,51,51,NA,NA,51,6,6,NA,NA,6,98,98,0,0,98,0,0,NA,NA,0,43,43,0,NA,43,25,25,NA,NA,25,25,25,NA,NA,25,85,85,0,NA,85,11,11,NA,NA,11,29,29,0,0,29,23,23,NA,NA,23,22,22,NA,NA,22,51,51,0,0,51,197,197,NA,0,197,0,0,0,0,0,17,17,NA,NA,17,15,15,0,NA,15,35,35,NA,NA,35,32,32,0,0,32,11,11,NA,NA,11,40,40,0,NA,40,41,41,NA,NA,41,35,35,0,NA,35,76,76,0,NA,76,19,19,0,0,19,5,5,NA,NA,5
M14 [Patient Services],14.12.3,Outborn – Male,TOTAL,779,779,0,0,779,0,0,NA,NA,0,47,47,NA,NA,47,13,13,NA,NA,13,92,92,0,0,92,0,0,NA,NA,0,36,36,0,NA,36,11,11,NA,NA,11,37,37,NA,NA,37,75,75,0,NA,75,2,2,NA,NA,2,19,19,0,0,19,27,27,NA,NA,27,23,23,NA,NA,23,57,57,0,0,57,149,149,NA,0,149,0,0,0,0,0,4,4,NA,NA,4,36,36,0,NA,36,9,9,NA,NA,9,18,18,0,0,18,9,9,NA,NA,9,47,47,0,NA,47,16,16,NA,NA,16,8,8,0,NA,8,23,23,0,NA,23,18,18,0,0,18,3,3,NA,NA,3
M14 [Patient Services],14.12.4,Outborn - Female,TOTAL,422,422,0,0,422,0,0,NA,NA,0,17,17,NA,NA,17,10,10,NA,NA,10,42,42,0,0,42,0,0,NA,NA,0,29,29,0,NA,29,8,8,NA,NA,8,17,17,NA,NA,17,42,42,0,NA,42,2,2,NA,NA,2,14,14,0,0,14,11,11,NA,NA,11,5,5,NA,NA,5,24,24,0,0,24,73,73,NA,0,73,0,0,0,0,0,1,1,NA,NA,1,14,14,0,NA,14,9,9,NA,NA,9,8,8,0,0,8,3,3,NA,NA,3,31,31,0,NA,31,6,6,NA,NA,6,19,19,0,NA,19,22,22,0,NA,22,10,10,0,0,10,5,5,NA,NA,5
M14 [Patient Services],14.12.5,Number of newborns admitted in SNCU - referred by ASHA,TOTAL,76,76,0,0,76,0,0,NA,NA,0,0,0,NA,NA,0,0,0,NA,NA,0,0,0,0,0,0,0,0,NA,NA,0,27,27,0,NA,27,0,0,NA,NA,0,0,0,NA,NA,0,0,0,0,NA,0,0,0,NA,NA,0,5,5,0,0,5,0,0,NA,NA,0,0,0,NA,NA,0,0,0,0,0,0,0,0,NA,0,0,0,0,0,0,0,0,0,NA,NA,0,0,0,0,NA,0,37,37,NA,NA,37,0,0,0,0,0,7,7,NA,NA,7,0,0,0,NA,0,0,0,NA,NA,0,0,0,0,NA,0,0,0,0,NA,0,0,0,0,0,0,0,0,NA,NA,0
M14 [Patient Services],14.13,Number of deaths occurring at SNCU,TOTAL,337,337,0,0,337,0,0,NA,NA,0,27,27,NA,NA,27,4,4,NA,NA,4,36,36,0,0,36,0,0,NA,NA,0,8,8,0,NA,8,5,5,NA,NA,5,12,12,NA,NA,12,31,31,0,NA,31,1,1,NA,NA,1,5,5,0,0,5,12,12,NA,NA,12,5,5,NA,NA,5,31,31,0,0,31,88,88,NA,0,88,0,0,0,0,0,1,1,NA,NA,1,9,9,0,NA,9,4,4,NA,NA,4,14,14,0,0,14,5,5,NA,NA,5,2,2,0,NA,2,2,2,NA,NA,2,5,5,0,NA,5,22,22,0,NA,22,7,7,0,0,7,1,1,NA,NA,1
M14 [Patient Services],14.14.1,Number of children admitted in NRC,TOTAL,140,140,0,0,140,0,0,0,NA,0,3,3,NA,NA,3,9,9,NA,NA,9,0,0,0,0,0,2,2,NA,NA,2,16,16,0,NA,16,3,3,NA,NA,3,6,6,NA,0,6,8,8,0,0,8,0,0,0,NA,0,13,13,0,0,13,8,8,0,NA,8,0,0,NA,NA,0,16,16,0,0,16,15,15,NA,0,15,0,0,0,0,0,0,0,NA,0,0,6,6,0,0,6,0,0,NA,NA,0,15,15,0,0,15,4,4,NA,NA,4,5,5,0,0,5,7,7,NA,NA,7,0,0,0,0,0,0,0,0,NA,0,0,0,0,0,0,4,4,0,NA,4
M14 [Patient Services],14.14.2,Number of children discharged with target weight gain from the NRCs,TOTAL,61,61,0,0,61,0,0,0,NA,0,2,2,NA,NA,2,0,0,NA,NA,0,0,0,0,0,0,2,2,NA,NA,2,12,12,0,NA,12,3,3,NA,NA,3,4,4,NA,0,4,5,5,0,0,5,0,0,0,NA,0,1,1,0,0,1,6,6,0,NA,6,0,0,NA,NA,0,4,4,0,0,4,8,8,NA,0,8,0,0,0,0,0,0,0,NA,0,0,4,4,0,0,4,0,0,NA,NA,0,0,0,0,0,0,2,2,NA,NA,2,3,3,0,0,3,2,2,NA,NA,2,0,0,0,0,0,0,0,0,NA,0,0,0,0,0,0,3,3,0,NA,3
M14 [Patient Services],14.15,Number of Rogi Kalyan Samiti (RKS) meetings held,TOTAL,515,478,37,17,498,20,20,0,NA,20,11,11,NA,NA,11,6,6,NA,1,5,25,25,0,0,25,8,8,NA,NA,8,12,11,1,NA,12,4,4,NA,NA,4,28,28,NA,1,27,9,6,3,0,9,6,6,0,NA,6,12,12,0,0,12,22,22,0,NA,22,3,3,NA,NA,3,28,28,0,0,28,22,22,NA,12,10,20,20,0,0,20,32,32,NA,0,32,7,7,0,0,7,34,34,NA,NA,34,17,11,6,0,17,9,9,NA,NA,9,33,33,0,1,32,21,21,NA,NA,21,21,18,3,0,21,73,55,18,1,72,22,19,3,1,21,10,7,3,NA,10
M14 [Patient Services],14.16,Number of Anganwadi centres/ UPHCs reported to have conducted Village Health & Nutrition Day (VHNDs)/ Urban Health & Nutrition Day (UHNDs)/ Outreach / Special Outreach,TOTAL,25760,25148,612,480,25280,787,787,0,NA,787,1139,1139,NA,NA,1139,588,588,NA,22,566,1529,1528,1,0,1529,477,477,NA,NA,477,764,761,3,NA,764,685,685,NA,NA,685,1554,1525,29,0,1554,1027,882,145,77,950,246,246,0,NA,246,749,749,0,23,726,1020,1020,0,NA,1020,579,579,NA,NA,579,902,902,0,38,864,311,311,NA,108,203,1531,1531,0,NA,1531,1102,1102,NA,41,1061,1104,1104,0,16,1088,993,993,NA,NA,993,831,809,22,0,831,872,872,NA,NA,872,2083,2062,21,57,2026,592,592,NA,NA,592,991,955,36,18,973,1644,1455,189,37,1607,979,843,136,43,936,681,651,30,NA,681
M14 [Patient Services],14.17,Stock out rate of essential Drugs,TOTAL,344,344,NA,NA,344,25,25,NA,NA,25,20,20,NA,NA,20,20,20,NA,NA,20,11,11,NA,NA,11,NA,NA,NA,NA,NA,13,13,NA,NA,13,16,16,NA,NA,16,3,3,NA,NA,3,NA,NA,NA,NA,NA,13,13,NA,NA,13,18,18,NA,NA,18,NA,NA,NA,NA,NA,11,11,NA,NA,11,21,21,NA,NA,21,0,0,NA,NA,0,17,17,NA,NA,17,31,31,NA,NA,31,22,22,NA,NA,22,3,3,NA,NA,3,18,18,NA,NA,18,12,12,NA,NA,12,2,2,NA,NA,2,12,12,NA,NA,12,14,14,NA,NA,14,26,26,NA,NA,26,16,16,NA,NA,16,NA,NA,NA,NA,NA
M14 [Patient Services],14.18,Blood Units Issued on replacement (Family Donors to be considered as replacement donations),TOTAL,4210,4210,NA,NA,4210,0,0,NA,NA,0,0,0,NA,NA,0,211,211,NA,NA,211,402,402,NA,NA,402,NA,NA,NA,NA,NA,326,326,NA,NA,326,205,205,NA,NA,205,155,155,NA,NA,155,NA,NA,NA,NA,NA,105,105,NA,NA,105,303,303,NA,NA,303,63,63,NA,NA,63,19,19,NA,NA,19,315,315,NA,NA,315,88,88,NA,NA,88,0,0,NA,NA,0,180,180,NA,NA,180,65,65,NA,NA,65,306,306,NA,NA,306,30,30,NA,NA,30,111,111,NA,NA,111,702,702,NA,NA,702,291,291,NA,NA,291,194,194,NA,NA,194,89,89,NA,NA,89,50,50,NA,NA,50,0,0,NA,NA,0
M14 [Patient Services],14.19,Total number of blood units issued in year,TOTAL,9149,9149,NA,NA,9149,0,0,NA,NA,0,0,0,NA,NA,0,218,218,NA,NA,218,2032,2032,NA,NA,2032,NA,NA,NA,NA,NA,405,405,NA,NA,405,205,205,NA,NA,205,273,273,NA,NA,273,NA,NA,NA,NA,NA,86,86,NA,NA,86,306,306,NA,NA,306,680,680,NA,NA,680,20,20,NA,NA,20,1236,1236,NA,NA,1236,88,88,NA,NA,88,1,1,NA,NA,1,200,200,NA,NA,200,135,135,NA,NA,135,306,306,NA,NA,306,556,556,NA,NA,556,124,124,NA,NA,124,786,786,NA,NA,786,316,316,NA,NA,316,335,335,NA,NA,335,521,521,NA,NA,521,320,320,NA,NA,320,0,0,NA,NA,0
M14 [Patient Services],14.2,Patient Satisfaction Score of the facility in percentage (from Mera Aspatal),TOTAL,0,0,NA,NA,0,NA,NA,NA,NA,NA,0,0,NA,NA,0,NA,NA,NA,NA,NA,NA,NA,NA,NA,NA,NA,NA,NA,NA,NA,0,0,NA,NA,0,NA,NA,NA,NA,NA,NA,NA,NA,NA,NA,NA,NA,NA,NA,NA,NA,NA,NA,NA,NA,NA,NA,NA,NA,NA,NA,NA,NA,NA,NA,NA,NA,NA,NA,NA,NA,NA,NA,NA,NA,0,0,NA,NA,0,NA,NA,NA,NA,NA,0,0,NA,NA,0,0,0,NA,NA,0,0,0,NA,NA,0,NA,NA,NA,NA,NA,NA,NA,NA,NA,NA,NA,NA,NA,NA,NA,NA,NA,NA,NA,NA,NA,NA,NA,NA,NA,0,0,NA,NA,0,NA,NA,NA,NA,NA,NA,NA,NA,NA,NA
M15 [Laboratory Testing],15.1,Number of Lab Tests done,TOTAL,807834,738092,69742,46957,760877,14865,14566,299,NA,14865,23828,23755,73,NA,23828,22385,22385,NA,34,22351,59395,47574,11821,71,59324,16395,16395,NA,NA,16395,25382,23826,1556,NA,25382,19283,19283,NA,NA,19283,18608,18608,NA,0,18608,14294,13649,645,1670,12624,3834,3672,162,NA,3834,48476,29891,18585,18716,29760,27598,27117,481,NA,27598,7390,7390,NA,NA,7390,51758,51711,47,211,51547,64941,53648,11293,19065,45876,45723,45723,0,0,45723,11008,10833,175,231,10777,25454,19852,5602,0,25454,20532,20532,NA,NA,20532,33645,32359,1286,168,33477,29184,29184,NA,NA,29184,39493,39493,0,37,39456,33283,33283,NA,NA,33283,36975,35899,1076,521,36454,56538,49950,6588,332,56206,38543,30957,7586,5901,32642,19024,16557,2467,NA,19024
M15 [Laboratory Testing],15.2.1,Number of Hb tests conducted,TOTAL,183838,168974,14864,9094,174744,5485,5271,214,NA,5485,8696,8585,111,NA,8696,3149,3147,2,47,3102,13215,11055,2160,22,13193,2462,2462,NA,NA,2462,4397,4109,288,NA,4397,4488,4488,NA,NA,4488,11622,11281,341,351,11271,7172,6212,960,346,6826,575,505,70,NA,575,11361,8797,2564,2772,8589,6150,5994,156,NA,6150,4836,4836,NA,NA,4836,7939,7711,228,1404,6535,8650,8423,227,1689,6961,9900,9900,0,0,9900,2717,2693,24,40,2677,6308,5256,1052,71,6237,3185,3185,NA,NA,3185,5909,5282,627,24,5885,6123,6123,NA,NA,6123,14260,14168,92,13,14247,6541,6541,NA,NA,6541,5673,4954,719,117,5556,10296,9178,1118,190,10106,9122,5603,3519,2008,7114,3607,3215,392,NA,3607
M15 [Laboratory Testing],15.2.2,"Out of the total number of Hb tests done, Number having Hb < 7 mg",TOTAL,3602,3087,515,377,3225,36,24,12,NA,36,77,75,2,NA,77,15,15,NA,NA,15,286,273,13,0,286,215,215,NA,NA,215,68,58,10,NA,68,55,55,NA,NA,55,43,43,0,2,41,114,96,18,14,100,51,51,0,NA,51,144,31,113,117,27,236,236,0,NA,236,51,51,NA,NA,51,55,30,25,28,27,101,101,0,58,43,54,54,0,0,54,16,16,0,0,16,118,44,74,0,118,208,208,NA,NA,208,79,68,11,1,78,102,102,NA,NA,102,170,170,0,0,170,462,462,NA,NA,462,91,75,16,0,91,453,425,28,18,435,216,48,168,139,77,86,61,25,NA,86
M15 [Laboratory Testing],15.3.1.a,Male HIV - Number Tested,TOTAL,6038,5607,431,484,5554,112,112,0,NA,112,169,169,NA,NA,169,236,236,NA,NA,236,159,152,7,0,159,35,35,NA,NA,35,53,53,0,NA,53,127,127,NA,NA,127,91,91,NA,0,91,796,796,0,0,796,141,126,15,NA,141,381,75,306,306,75,326,326,0,NA,326,0,0,NA,NA,0,422,422,0,0,422,171,144,27,116,55,468,468,0,0,468,217,217,0,11,206,167,164,3,0,167,198,198,NA,NA,198,124,124,0,0,124,41,41,NA,NA,41,643,643,0,0,643,229,229,NA,NA,229,173,171,2,0,173,356,347,9,NA,356,174,119,55,51,123,29,22,7,NA,29
M15 [Laboratory Testing],15.3.1.b,Male HIV - Number Positive,TOTAL,50,49,1,3,47,0,0,0,NA,0,2,2,NA,NA,2,1,1,NA,NA,1,3,3,0,0,3,0,0,NA,NA,0,0,0,0,NA,0,0,0,NA,NA,0,0,0,NA,0,0,7,7,0,0,7,0,0,0,NA,0,1,0,1,1,0,1,1,0,NA,1,0,0,NA,NA,0,1,1,0,0,1,4,4,0,2,2,0,0,0,0,0,0,0,0,0,0,5,5,0,0,5,4,4,NA,NA,4,0,0,0,0,0,2,2,NA,NA,2,9,9,0,0,9,3,3,NA,NA,3,5,5,0,0,5,0,0,0,NA,0,2,2,0,0,2,0,0,0,NA,0
M15 [Laboratory Testing],15.3.2.a,Female Non ANC HIV - Number Tested,TOTAL,5705,5160,545,417,5288,64,64,0,NA,64,281,281,NA,NA,281,188,188,NA,NA,188,145,132,13,0,145,82,82,NA,NA,82,258,258,0,NA,258,124,124,NA,NA,124,214,214,NA,0,214,476,476,0,0,476,92,84,8,NA,92,485,169,316,316,169,252,252,0,NA,252,0,0,NA,NA,0,368,368,0,0,368,108,77,31,62,46,222,222,0,0,222,123,123,0,0,123,242,125,117,0,242,201,201,NA,NA,201,302,302,0,0,302,118,118,NA,NA,118,438,438,0,0,438,190,190,NA,NA,190,194,194,0,0,194,328,328,0,NA,328,169,121,48,39,130,41,29,12,NA,41
M15 [Laboratory Testing],15.3.2.b,Female Non ANC HIV - Number Positive,TOTAL,30,30,0,0,30,0,0,0,NA,0,2,2,NA,NA,2,2,2,NA,NA,2,1,1,0,0,1,0,0,NA,NA,0,1,1,0,NA,1,0,0,NA,NA,0,1,1,NA,0,1,3,3,0,0,3,0,0,0,NA,0,0,0,0,0,0,1,1,0,NA,1,0,0,NA,NA,0,0,0,0,0,0,2,2,0,0,2,0,0,0,0,0,0,0,0,0,0,4,4,0,0,4,0,0,NA,NA,0,2,2,0,0,2,3,3,NA,NA,3,3,3,0,0,3,3,3,NA,NA,3,0,0,0,0,0,1,1,0,NA,1,1,1,0,0,1,0,0,0,NA,0
M15 [Laboratory Testing],15.3.3.a,Number of pregnant women screened for HIV,TOTAL,33276,31911,1365,992,32284,942,942,0,NA,942,1844,1844,NA,NA,1844,862,862,NA,NA,862,1776,1459,317,8,1768,215,215,NA,NA,215,879,801,78,NA,879,950,950,NA,NA,950,1766,1654,112,220,1546,1520,1470,50,115,1405,93,93,0,NA,93,1462,1361,101,145,1317,1032,1032,0,NA,1032,191,191,NA,NA,191,1347,1307,40,40,1307,326,286,40,277,49,1708,1708,0,0,1708,836,836,0,0,836,818,580,238,0,818,1047,1047,NA,NA,1047,1166,1126,40,0,1166,1771,1771,NA,NA,1771,3949,3946,3,0,3949,984,984,NA,NA,984,1850,1774,76,81,1769,2001,1952,49,NA,2001,1498,1306,192,106,1392,443,414,29,NA,443
M15 [Laboratory Testing],15.3.3.b,"Out of the above, number screened positive",TOTAL,31,25,6,6,25,0,0,0,NA,0,0,0,NA,NA,0,0,0,NA,NA,0,4,4,0,0,4,0,0,NA,NA,0,0,0,0,NA,0,0,0,NA,NA,0,0,0,0,0,0,0,0,0,0,0,0,0,0,NA,0,0,0,0,0,0,0,0,0,NA,0,0,0,NA,NA,0,0,0,0,0,0,8,2,6,6,2,0,0,0,0,0,0,0,0,0,0,0,0,0,0,0,5,5,NA,NA,5,0,0,0,0,0,1,1,NA,NA,1,1,1,0,0,1,0,0,NA,NA,0,0,0,0,0,0,9,9,0,NA,9,3,3,0,0,3,0,0,0,NA,0
M15 [Laboratory Testing],15.3.3.c,"Out of the above number screened positive, number confirmed with HIV infection at Integrated Counselling and Testing Centre (ICTC)",TOTAL,343,343,0,0,343,0,0,0,NA,0,0,0,NA,NA,0,0,0,NA,NA,0,4,4,0,0,4,0,0,NA,NA,0,0,0,0,NA,0,0,0,NA,NA,0,0,0,NA,0,0,0,0,0,0,0,0,0,0,NA,0,0,0,0,0,0,0,0,0,NA,0,0,0,NA,NA,0,0,0,0,0,0,2,2,NA,0,2,0,0,0,0,0,0,0,0,0,0,0,0,0,0,0,5,5,NA,NA,5,329,329,0,0,329,0,0,NA,NA,0,1,1,0,0,1,0,0,NA,NA,0,0,0,0,0,0,0,0,0,NA,0,2,2,0,0,2,0,0,0,NA,0
M15 [Laboratory Testing],15.3.4.a,Number of Male STI/RTI attendees tested for syphilis,TOTAL,2338,1860,478,154,2184,71,71,0,NA,71,21,21,NA,NA,21,0,0,NA,NA,0,324,317,7,0,324,25,25,NA,NA,25,11,11,0,NA,11,58,58,NA,NA,58,70,70,NA,0,70,188,188,0,0,188,47,47,0,NA,47,8,5,3,3,5,0,0,0,NA,0,0,0,NA,NA,0,87,87,0,0,87,33,6,27,30,3,37,37,0,0,37,10,10,0,0,10,151,145,6,0,151,48,48,NA,NA,48,101,101,0,0,101,13,13,NA,NA,13,155,155,0,0,155,117,117,NA,NA,117,108,108,0,0,108,300,0,300,NA,300,242,110,132,121,121,113,110,3,NA,113
M15 [Laboratory Testing],15.3.4.b,Number of Male STI/RTI attendees found sero Positive for syphilis,TOTAL,112,110,2,2,110,0,0,0,NA,0,0,0,NA,NA,0,0,0,NA,NA,0,0,0,0,0,0,0,0,NA,NA,0,0,0,0,NA,0,0,0,NA,NA,0,0,0,NA,0,0,1,1,0,0,1,0,0,0,NA,0,0,0,0,0,0,0,0,0,NA,0,0,0,NA,NA,0,1,1,0,0,1,4,4,0,0,4,0,0,0,0,0,0,0,0,0,0,0,0,0,0,0,0,0,NA,NA,0,2,2,0,0,2,2,2,NA,NA,2,1,1,0,0,1,0,0,NA,NA,0,99,99,0,0,99,0,0,0,NA,0,2,0,2,2,0,0,0,0,NA,0
M15 [Laboratory Testing],15.3.4.c,Number of Female (Non ANC)STI/RTI attendees tested for syphilis,TOTAL,2771,2495,276,127,2644,15,15,0,NA,15,221,216,5,NA,221,0,0,NA,NA,0,336,324,12,0,336,0,0,NA,NA,0,103,103,0,NA,103,140,140,NA,NA,140,177,177,NA,0,177,21,21,0,0,21,0,0,0,NA,0,175,109,66,66,109,0,0,0,NA,0,0,0,NA,NA,0,292,292,0,0,292,26,3,23,23,3,6,6,0,0,6,207,207,0,0,207,138,21,117,0,138,110,110,NA,NA,110,99,99,0,0,99,95,95,NA,NA,95,119,119,0,0,119,176,176,NA,NA,176,241,241,0,0,241,0,0,0,NA,0,38,0,38,38,0,36,21,15,NA,36
M15 [Laboratory Testing],15.3.4.d,Number of Female (Non ANC) STI/RTI attendees found sero Positive for syphilis,TOTAL,10,9,1,1,9,0,0,0,NA,0,0,0,NA,NA,0,0,0,NA,NA,0,0,0,0,0,0,0,0,NA,NA,0,0,0,0,NA,0,0,0,NA,NA,0,0,0,NA,0,0,0,0,0,0,0,0,0,0,NA,0,1,0,1,1,0,0,0,0,NA,0,0,0,NA,NA,0,0,0,0,0,0,4,4,0,0,4,0,0,0,0,0,0,0,0,0,0,0,0,0,0,0,0,0,NA,NA,0,3,3,0,0,3,2,2,NA,NA,2,0,0,0,0,0,0,0,NA,NA,0,0,0,0,0,0,0,0,0,NA,0,0,0,0,0,0,0,0,0,NA,0
M15 [Laboratory Testing],15.4.1,Widal tests - Number Tested,TOTAL,11335,9562,1773,1073,10262,205,205,0,NA,205,426,411,15,NA,426,407,407,NA,NA,407,547,326,221,0,547,557,557,NA,NA,557,89,18,71,NA,89,689,689,NA,NA,689,467,467,NA,0,467,95,91,4,4,91,245,236,9,NA,245,902,456,446,457,445,193,176,17,NA,193,324,324,NA,NA,324,237,237,0,0,237,1037,833,204,239,798,412,412,0,0,412,20,20,0,0,20,238,160,78,23,215,197,197,NA,NA,197,525,348,177,0,525,274,274,NA,NA,274,314,314,0,3,311,720,720,NA,NA,720,247,233,14,0,247,479,392,87,NA,479,351,0,351,347,4,1138,1059,79,NA,1138
M15 [Laboratory Testing],15.4.2,Widal tests - Number Positive,TOTAL,1523,1243,280,180,1343,39,39,0,NA,39,81,73,8,NA,81,100,100,NA,NA,100,80,64,16,0,80,37,37,NA,NA,37,9,6,3,NA,9,120,120,NA,NA,120,35,35,NA,0,35,0,0,0,0,0,6,3,3,NA,6,187,107,80,81,106,15,5,10,NA,15,79,79,NA,NA,79,21,21,0,0,21,3,3,0,3,0,38,38,0,0,38,0,0,0,0,0,46,42,4,0,46,8,8,NA,NA,8,61,26,35,0,61,22,22,NA,NA,22,23,23,0,0,23,157,157,NA,NA,157,27,26,1,0,27,37,25,12,NA,37,96,0,96,96,0,196,184,12,NA,196
M15 [Laboratory Testing],15.5.1,Radiology - X-ray,TOTAL,59324,52706,6618,4298,55026,1207,1207,NA,NA,1207,2192,2192,0,NA,2192,829,829,NA,NA,829,7621,6905,716,17,7604,58,58,NA,NA,58,3009,2626,383,NA,3009,609,609,NA,NA,609,875,875,NA,NA,875,600,564,36,36,564,717,717,NA,NA,717,3879,1220,2659,2659,1220,2901,2901,NA,NA,2901,1522,1522,NA,NA,1522,4923,4923,0,0,4923,3835,3835,NA,266,3569,1840,1840,0,0,1840,825,825,NA,NA,825,1946,1194,752,0,1946,177,177,NA,NA,177,1378,1378,0,0,1378,636,636,NA,NA,636,3998,3998,0,NA,3998,3244,3244,NA,NA,3244,1170,1170,0,NA,1170,3687,3079,608,NA,3687,3233,1913,1320,1320,1913,2413,2269,144,NA,2413
M15 [Laboratory Testing],15.5.2,Radiology - Ultrasonography (USG),TOTAL,12908,12908,NA,NA,12908,253,253,NA,NA,253,157,157,NA,NA,157,0,0,NA,NA,0,3707,3707,NA,NA,3707,NA,NA,NA,NA,NA,62,62,NA,NA,62,398,398,NA,NA,398,545,545,NA,NA,545,NA,NA,NA,NA,NA,149,149,NA,NA,149,0,0,NA,NA,0,365,365,NA,NA,365,0,0,NA,NA,0,1306,1306,NA,NA,1306,769,769,NA,NA,769,366,366,NA,NA,366,413,413,NA,NA,413,287,287,NA,NA,287,305,305,NA,NA,305,479,479,NA,NA,479,415,415,NA,NA,415,548,548,NA,NA,548,202,202,NA,NA,202,495,495,NA,NA,495,1276,1276,NA,NA,1276,104,104,NA,NA,104,307,307,NA,NA,307
M16 [Details of deaths reported with probable causes:],16.1,Infant deaths within 24 hrs(1 to 23 Hrs) of birth,TOTAL,139,138,1,0,139,0,0,0,NA,0,18,18,NA,NA,18,0,0,NA,NA,0,3,3,0,0,3,2,2,NA,NA,2,0,0,0,NA,0,3,3,NA,NA,3,12,12,0,0,12,7,7,0,0,7,1,1,0,NA,1,3,3,0,0,3,2,2,0,NA,2,6,6,NA,NA,6,1,1,0,0,1,29,29,NA,0,29,0,0,0,0,0,2,2,0,0,2,3,3,0,0,3,13,13,NA,NA,13,1,1,0,0,1,1,1,NA,NA,1,5,5,0,NA,5,6,6,0,NA,6,3,3,0,0,3,14,14,0,NA,14,2,1,1,0,2,2,2,0,NA,2
M16 [Details of deaths reported with probable causes:],16.2.1,Infant Deaths up to 4 weeks due to Sepsis,TOTAL,49,47,2,2,47,1,1,0,NA,1,1,1,NA,NA,1,0,0,NA,NA,0,9,9,0,0,9,0,0,NA,NA,0,1,1,0,NA,1,1,1,NA,NA,1,2,2,0,0,2,4,4,0,0,4,0,0,0,NA,0,0,0,0,0,0,5,5,0,NA,5,0,0,NA,NA,0,15,14,1,1,14,2,2,NA,1,1,0,0,0,0,0,0,0,0,0,0,1,0,1,0,1,0,0,NA,NA,0,1,1,0,0,1,0,0,NA,NA,0,4,4,0,NA,4,0,0,0,NA,0,0,0,0,0,0,0,0,0,NA,0,1,1,0,0,1,1,1,0,NA,1
M16 [Details of deaths reported with probable causes:],16.2.2,Infant Deaths up to 4 weeks due to Asphyxia,TOTAL,80,80,0,0,80,0,0,0,NA,0,0,0,NA,NA,0,0,0,NA,NA,0,6,6,0,0,6,0,0,NA,NA,0,4,4,0,NA,4,3,3,NA,NA,3,8,8,0,0,8,3,3,0,0,3,0,0,0,NA,0,5,5,0,0,5,4,4,0,NA,4,2,2,NA,NA,2,3,3,0,0,3,19,19,NA,0,19,0,0,0,0,0,0,0,0,0,0,3,3,0,0,3,3,3,NA,NA,3,2,2,0,0,2,3,3,NA,NA,3,1,1,0,NA,1,0,0,0,NA,0,3,3,0,0,3,6,6,0,NA,6,2,2,0,0,2,0,0,0,NA,0
M16 [Details of deaths reported with probable causes:],16.2.3,Infant Deaths up to 4 weeks due to Other causes,TOTAL,261,250,11,8,253,2,2,0,NA,2,19,19,NA,NA,19,14,7,7,7,7,31,31,0,0,31,1,1,NA,NA,1,7,7,0,NA,7,6,6,NA,NA,6,12,12,0,0,12,22,22,0,0,22,1,1,0,NA,1,6,6,0,0,6,8,8,0,NA,8,7,7,NA,NA,7,19,19,0,1,18,9,9,NA,0,9,9,9,0,0,9,0,0,0,0,0,21,20,1,0,21,5,5,NA,NA,5,14,14,0,0,14,6,6,NA,NA,6,7,7,0,NA,7,5,5,0,NA,5,5,5,0,0,5,16,14,2,NA,16,6,5,1,0,6,3,3,0,NA,3
M16 [Details of deaths reported with probable causes:],16.3.1,Number of Infant Deaths (1 -12 months) due to Pneumonia,TOTAL,46,43,3,3,43,2,2,0,NA,2,4,4,NA,NA,4,6,4,2,2,4,2,2,0,0,2,0,0,NA,NA,0,1,1,0,NA,1,1,1,NA,NA,1,1,1,0,0,1,1,1,0,0,1,1,1,0,NA,1,3,3,0,0,3,6,6,0,NA,6,1,1,NA,NA,1,0,0,0,0,0,0,0,NA,0,0,3,3,0,0,3,0,0,0,0,0,3,2,1,1,2,1,1,NA,NA,1,1,1,0,0,1,0,0,NA,NA,0,5,5,0,NA,5,1,1,0,NA,1,0,0,0,0,0,1,1,0,NA,1,1,1,0,0,1,1,1,0,NA,1
M16 [Details of deaths reported with probable causes:],16.3.2,Number of Infant Deaths (1 -12 months) due to Diarrhoea,TOTAL,3,3,0,0,3,0,0,0,NA,0,1,1,NA,NA,1,0,0,NA,NA,0,0,0,0,0,0,0,0,NA,NA,0,0,0,0,NA,0,0,0,NA,NA,0,0,0,0,0,0,0,0,0,0,0,0,0,0,NA,0,0,0,0,0,0,0,0,0,NA,0,0,0,NA,NA,0,0,0,0,0,0,0,0,NA,0,0,0,0,0,0,0,0,0,0,0,0,2,2,0,0,2,0,0,NA,NA,0,0,0,0,0,0,0,0,NA,NA,0,0,0,0,NA,0,0,0,0,NA,0,0,0,0,0,0,0,0,0,NA,0,0,0,0,0,0,0,0,0,NA,0
M16 [Details of deaths reported with probable causes:],16.3.3,Number of Infant Deaths (1 -12 months) due to Fever related,TOTAL,27,25,2,0,27,0,0,0,NA,0,1,1,NA,NA,1,0,0,NA,NA,0,3,3,0,0,3,2,2,NA,NA,2,0,0,0,NA,0,0,0,NA,NA,0,0,0,0,0,0,0,0,0,0,0,0,0,0,NA,0,3,3,0,0,3,0,0,0,NA,0,0,0,NA,NA,0,0,0,0,0,0,0,0,NA,0,0,3,3,0,0,3,0,0,0,0,0,2,2,0,0,2,4,4,NA,NA,4,1,1,0,0,1,2,2,NA,NA,2,2,0,2,NA,2,2,2,0,NA,2,0,0,0,0,0,0,0,0,NA,0,0,0,0,0,0,2,2,0,NA,2
M16 [Details of deaths reported with probable causes:],16.3.4,Number of Infant Deaths (1 -12 months) due to Measles,TOTAL,0,0,0,0,0,0,0,0,NA,0,0,0,NA,NA,0,0,0,NA,NA,0,0,0,0,0,0,0,0,NA,NA,0,0,0,0,NA,0,0,0,NA,NA,0,0,0,0,0,0,0,0,0,0,0,0,0,0,NA,0,0,0,0,0,0,0,0,0,NA,0,0,0,NA,NA,0,0,0,0,0,0,0,0,NA,0,0,0,0,0,0,0,0,0,0,0,0,0,0,0,0,0,0,0,NA,NA,0,0,0,0,0,0,0,0,NA,NA,0,0,0,0,NA,0,0,0,0,NA,0,0,0,0,0,0,0,0,0,NA,0,0,0,0,0,0,0,0,0,NA,0
M16 [Details of deaths reported with probable causes:],16.3.5,Number of Infant Deaths (1 -12 months) due to Others,TOTAL,238,232,6,1,237,8,8,0,NA,8,7,7,NA,NA,7,4,4,NA,NA,4,12,12,0,0,12,2,2,NA,NA,2,3,3,0,NA,3,0,0,NA,NA,0,10,10,0,0,10,10,10,0,0,10,1,1,0,NA,1,6,6,0,0,6,5,5,0,NA,5,12,12,NA,NA,12,9,9,0,1,8,65,65,NA,0,65,8,8,0,0,8,2,2,0,0,2,19,16,3,0,19,12,12,NA,NA,12,2,2,0,0,2,2,2,NA,NA,2,10,10,0,NA,10,5,4,1,NA,5,7,7,0,0,7,10,9,1,NA,10,3,2,1,0,3,4,4,0,NA,4
M16 [Details of deaths reported with probable causes:],16.4.1,Number of Child Deaths (1 -5 years) due to Pneumonia,TOTAL,5,5,0,0,5,0,0,0,NA,0,1,1,NA,NA,1,1,1,NA,NA,1,0,0,0,0,0,0,0,NA,NA,0,1,1,0,NA,1,0,0,NA,NA,0,0,0,0,0,0,0,0,0,0,0,0,0,0,NA,0,0,0,0,0,0,1,1,0,NA,1,0,0,NA,NA,0,0,0,0,0,0,0,0,NA,0,0,0,0,0,0,0,0,0,0,0,0,1,1,0,0,1,0,0,NA,NA,0,0,0,0,0,0,0,0,NA,NA,0,0,0,0,NA,0,0,0,0,NA,0,0,0,0,0,0,0,0,0,NA,0,0,0,0,0,0,0,0,0,NA,0
M16 [Details of deaths reported with probable causes:],16.4.2,Number of Child Deaths (1 -5 years) due to Diarrhoea,TOTAL,1,1,0,0,1,0,0,0,NA,0,0,0,NA,NA,0,0,0,NA,NA,0,0,0,0,0,0,0,0,NA,NA,0,0,0,0,NA,0,0,0,NA,NA,0,0,0,0,0,0,0,0,0,0,0,0,0,0,NA,0,0,0,0,0,0,0,0,0,NA,0,0,0,NA,NA,0,0,0,0,0,0,0,0,NA,0,0,0,0,0,0,0,0,0,0,0,0,0,0,0,0,0,0,0,NA,NA,0,0,0,0,0,0,0,0,NA,NA,0,1,1,0,NA,1,0,0,0,NA,0,0,0,0,0,0,0,0,0,NA,0,0,0,0,0,0,0,0,0,NA,0
M16 [Details of deaths reported with probable causes:],16.4.3,Number of Child Deaths (1 -5 years) due to Fever related,TOTAL,3,3,0,0,3,0,0,0,NA,0,0,0,NA,NA,0,0,0,NA,NA,0,0,0,0,0,0,0,0,NA,NA,0,0,0,0,NA,0,0,0,NA,NA,0,1,1,0,0,1,0,0,0,0,0,0,0,0,NA,0,0,0,0,0,0,0,0,0,NA,0,0,0,NA,NA,0,0,0,0,0,0,0,0,NA,0,0,0,0,0,0,0,0,0,0,0,0,0,0,0,0,0,0,0,NA,NA,0,0,0,0,0,0,0,0,NA,NA,0,0,0,0,NA,0,0,0,0,NA,0,0,0,0,0,0,0,0,0,NA,0,0,0,0,0,0,2,2,0,NA,2
M16 [Details of deaths reported with probable causes:],16.4.4,Number of Child Deaths (1 -5 years) due to Measles,TOTAL,0,0,0,0,0,0,0,0,NA,0,0,0,NA,NA,0,0,0,NA,NA,0,0,0,0,0,0,0,0,NA,NA,0,0,0,0,NA,0,0,0,NA,NA,0,0,0,0,0,0,0,0,0,0,0,0,0,0,NA,0,0,0,0,0,0,0,0,0,NA,0,0,0,NA,NA,0,0,0,0,0,0,0,0,NA,0,0,0,0,0,0,0,0,0,0,0,0,0,0,0,0,0,0,0,NA,NA,0,0,0,0,0,0,0,0,NA,NA,0,0,0,0,NA,0,0,0,0,NA,0,0,0,0,0,0,0,0,0,NA,0,0,0,0,0,0,0,0,0,NA,0
M16 [Details of deaths reported with probable causes:],16.4.5,Number of Child Deaths (1 -5 years) due to Others,TOTAL,83,83,0,0,83,2,2,0,NA,2,10,10,NA,NA,10,2,2,NA,NA,2,5,5,0,0,5,1,1,NA,NA,1,2,2,0,NA,2,1,1,NA,NA,1,6,6,0,0,6,3,3,0,0,3,0,0,0,NA,0,7,7,0,0,7,2,2,0,NA,2,2,2,NA,NA,2,3,3,0,0,3,4,4,NA,0,4,3,3,0,0,3,1,1,0,0,1,9,9,0,0,9,0,0,NA,NA,0,0,0,0,0,0,3,3,NA,NA,3,4,4,0,NA,4,2,2,0,NA,2,3,3,0,0,3,5,5,0,NA,5,0,0,0,0,0,3,3,0,NA,3
M16 [Details of deaths reported with probable causes:],16.5.1,Number of Maternal Deaths due to Bleeding,TOTAL,11,10,1,2,9,0,0,0,NA,0,0,0,NA,NA,0,1,0,1,1,0,0,0,0,0,0,1,1,NA,NA,1,0,0,0,NA,0,0,0,NA,NA,0,0,0,0,0,0,1,1,0,0,1,0,0,0,NA,0,2,2,0,1,1,0,0,0,NA,0,0,0,NA,NA,0,0,0,0,0,0,2,2,NA,0,2,0,0,0,0,0,0,0,0,0,0,0,0,0,0,0,2,2,NA,NA,2,0,0,0,0,0,0,0,NA,NA,0,1,1,0,NA,1,0,0,0,NA,0,0,0,0,0,0,0,0,0,NA,0,0,0,0,0,0,1,1,0,NA,1
M16 [Details of deaths reported with probable causes:],16.5.2,Number of Maternal Deaths due to High fever,TOTAL,0,0,0,0,0,0,0,0,NA,0,0,0,NA,NA,0,0,0,NA,NA,0,0,0,0,0,0,0,0,NA,NA,0,0,0,0,NA,0,0,0,NA,NA,0,0,0,0,0,0,0,0,0,0,0,0,0,0,NA,0,0,0,0,0,0,0,0,0,NA,0,0,0,NA,NA,0,0,0,0,0,0,0,0,NA,0,0,0,0,0,0,0,0,0,0,0,0,0,0,0,0,0,0,0,NA,NA,0,0,0,0,0,0,0,0,NA,NA,0,0,0,0,NA,0,0,0,0,NA,0,0,0,0,0,0,0,0,0,NA,0,0,0,0,0,0,0,0,0,NA,0
M16 [Details of deaths reported with probable causes:],16.5.3,Number of Maternal Deaths due to Abortion,TOTAL,1,1,0,0,1,0,0,0,NA,0,0,0,NA,NA,0,0,0,NA,NA,0,0,0,0,0,0,0,0,NA,NA,0,0,0,0,NA,0,0,0,NA,NA,0,0,0,0,0,0,0,0,0,0,0,0,0,0,NA,0,0,0,0,0,0,0,0,0,NA,0,0,0,NA,NA,0,0,0,0,0,0,0,0,NA,0,0,0,0,0,0,0,0,0,0,0,0,0,0,0,0,0,0,0,NA,NA,0,0,0,0,0,0,0,0,NA,NA,0,1,1,0,NA,1,0,0,0,NA,0,0,0,0,0,0,0,0,0,NA,0,0,0,0,0,0,0,0,0,NA,0
M16 [Details of deaths reported with probable causes:],16.5.4,Number of Maternal Deaths due to Obstructed/prolonged labour,TOTAL,3,3,0,0,3,0,0,0,NA,0,0,0,NA,NA,0,0,0,NA,NA,0,0,0,0,0,0,0,0,NA,NA,0,0,0,0,NA,0,0,0,NA,NA,0,0,0,0,0,0,0,0,0,0,0,0,0,0,NA,0,0,0,0,0,0,0,0,0,NA,0,1,1,NA,NA,1,0,0,0,0,0,0,0,NA,0,0,0,0,0,0,0,0,0,0,0,0,0,0,0,0,0,1,1,NA,NA,1,0,0,0,0,0,0,0,NA,NA,0,1,1,0,NA,1,0,0,0,NA,0,0,0,0,0,0,0,0,0,NA,0,0,0,0,0,0,0,0,0,NA,0
M16 [Details of deaths reported with probable causes:],16.5.5,Number of Maternal Deaths due to Severe hypertesnion/fits,TOTAL,11,9,2,0,11,0,0,0,NA,0,0,0,NA,NA,0,1,1,NA,NA,1,1,0,1,0,1,0,0,NA,NA,0,0,0,0,NA,0,0,0,NA,NA,0,0,0,0,0,0,0,0,0,0,0,0,0,0,NA,0,0,0,0,0,0,1,1,0,NA,1,0,0,NA,NA,0,0,0,0,0,0,2,2,NA,0,2,0,0,0,0,0,0,0,0,0,0,2,1,1,0,2,2,2,NA,NA,2,0,0,0,0,0,0,0,NA,NA,0,0,0,0,NA,0,0,0,0,NA,0,0,0,0,0,0,2,2,0,NA,2,0,0,0,0,0,0,0,0,NA,0
M16 [Details of deaths reported with probable causes:],16.5.6,Number of Maternal Deaths due to Other Causes (including causes not known),TOTAL,53,53,0,0,53,0,0,0,NA,0,2,2,NA,NA,2,0,0,NA,NA,0,11,11,0,0,11,0,0,NA,NA,0,1,1,0,NA,1,0,0,NA,NA,0,3,3,0,0,3,3,3,0,0,3,0,0,0,NA,0,2,2,0,0,2,4,4,0,NA,4,0,0,NA,NA,0,2,2,0,0,2,5,5,NA,0,5,1,1,0,0,1,1,1,0,0,1,7,7,0,0,7,2,2,NA,NA,2,3,3,0,0,3,2,2,NA,NA,2,2,2,0,NA,2,0,0,0,NA,0,0,0,0,0,0,2,2,0,NA,2,0,0,0,0,0,0,0,0,NA,0
M16 [Details of deaths reported with probable causes:],16.6,Total Facility Based Maternal Death Reviews (FBMDR) done,TOTAL,42,41,1,0,42,0,0,NA,NA,0,0,0,NA,NA,0,0,0,NA,NA,0,11,11,0,0,11,0,0,NA,NA,0,1,1,0,NA,1,0,0,NA,NA,0,0,0,NA,NA,0,11,11,0,NA,11,0,0,NA,NA,0,0,0,0,0,0,2,2,NA,NA,2,0,0,NA,NA,0,2,2,0,0,2,8,8,NA,0,8,0,0,0,0,0,0,0,NA,NA,0,2,1,1,NA,2,0,0,NA,NA,0,1,1,0,0,1,0,0,NA,NA,0,2,2,0,NA,2,0,0,0,NA,0,0,0,0,NA,0,2,2,0,NA,2,0,0,0,0,0,0,0,NA,NA,0
M16 [Details of deaths reported with probable causes:],16.7.1,Number of Adolscent / Adult deaths due to Diarrhoeal diseases,TOTAL,10,9,1,0,10,0,0,0,NA,0,1,1,NA,NA,1,0,0,NA,NA,0,1,1,0,0,1,0,0,NA,NA,0,1,1,0,NA,1,0,0,NA,NA,0,0,0,0,0,0,0,0,0,0,0,0,0,0,NA,0,1,1,0,0,1,0,0,0,NA,0,0,0,NA,NA,0,0,0,0,0,0,0,0,NA,0,0,1,1,0,0,1,0,0,0,0,0,2,1,1,0,2,0,0,NA,NA,0,1,1,0,0,1,0,0,NA,NA,0,0,0,0,NA,0,0,0,0,NA,0,2,2,0,0,2,0,0,0,NA,0,0,0,0,0,0,0,0,0,NA,0
M16 [Details of deaths reported with probable causes:],16.7.2,Number of Adolscent / Adult deaths due to Tuberculosis,TOTAL,35,30,5,0,35,1,1,0,NA,1,1,1,NA,NA,1,0,0,NA,NA,0,0,0,0,0,0,1,1,NA,NA,1,2,2,0,NA,2,1,1,NA,NA,1,0,0,0,0,0,2,1,1,0,2,0,0,0,NA,0,0,0,0,0,0,6,6,0,NA,6,0,0,NA,NA,0,0,0,0,0,0,0,0,NA,0,0,2,2,0,0,2,1,1,0,0,1,0,0,0,0,0,0,0,NA,NA,0,0,0,0,0,0,0,0,NA,NA,0,4,4,0,NA,4,3,3,0,NA,3,1,1,0,0,1,4,3,1,NA,4,2,0,2,0,2,4,3,1,NA,4
M16 [Details of deaths reported with probable causes:],16.7.3,Number of Adolscent / Adult deaths due to Respiratory diseases including infections (other than TB),TOTAL,117,112,5,0,117,2,2,0,NA,2,4,4,NA,NA,4,3,3,NA,NA,3,1,1,0,0,1,1,1,NA,NA,1,5,5,0,NA,5,4,4,NA,NA,4,4,4,0,0,4,3,2,1,0,3,0,0,0,NA,0,2,2,0,0,2,16,16,0,NA,16,6,6,NA,NA,6,0,0,0,0,0,0,0,NA,0,0,6,6,0,0,6,3,3,0,0,3,0,0,0,0,0,4,4,NA,NA,4,6,6,0,0,6,8,8,NA,NA,8,20,20,0,NA,20,9,9,0,NA,9,2,2,0,0,2,1,1,0,NA,1,4,0,4,0,4,3,3,0,NA,3
M16 [Details of deaths reported with probable causes:],16.7.4,Number of Adolscent / Adult deaths due to Other Fever Related,TOTAL,64,64,0,0,64,10,10,0,NA,10,3,3,NA,NA,3,2,2,NA,NA,2,2,2,0,0,2,0,0,NA,NA,0,0,0,0,NA,0,0,0,NA,NA,0,5,5,0,0,5,1,1,0,0,1,4,4,0,NA,4,1,1,0,0,1,1,1,0,NA,1,4,4,NA,NA,4,0,0,0,0,0,0,0,NA,0,0,4,4,0,0,4,4,4,0,0,4,0,0,0,0,0,4,4,NA,NA,4,0,0,0,0,0,5,5,NA,NA,5,3,3,0,NA,3,3,3,0,NA,3,0,0,0,0,0,0,0,0,NA,0,4,4,0,0,4,4,4,0,NA,4
M16 [Details of deaths reported with probable causes:],16.7.5,Number of Adolscent / Adult deaths due to HIV/AIDS,TOTAL,1,1,0,0,1,0,0,0,NA,0,0,0,NA,NA,0,0,0,NA,NA,0,0,0,0,0,0,0,0,NA,NA,0,0,0,0,NA,0,0,0,NA,NA,0,0,0,0,0,0,0,0,0,0,0,0,0,0,NA,0,0,0,0,0,0,0,0,0,NA,0,0,0,NA,NA,0,0,0,0,0,0,0,0,NA,0,0,0,0,0,0,0,0,0,0,0,0,0,0,0,0,0,0,0,NA,NA,0,0,0,0,0,0,0,0,NA,NA,0,0,0,0,NA,0,0,0,0,NA,0,0,0,0,0,0,0,0,0,NA,0,1,1,0,0,1,0,0,0,NA,0
M16 [Details of deaths reported with probable causes:],16.7.6,Number of Adolscent / Adult deaths due to Heart disease/Hypertension related,TOTAL,403,361,42,27,376,8,8,0,NA,8,12,12,NA,NA,12,4,4,NA,1,3,3,3,0,0,3,3,3,NA,NA,3,21,21,0,NA,21,14,14,NA,NA,14,15,15,0,0,15,12,11,1,0,12,4,4,0,NA,4,22,19,3,3,19,29,29,0,NA,29,12,12,NA,NA,12,6,4,2,2,4,9,9,NA,0,9,29,29,0,0,29,7,7,0,0,7,21,21,0,0,21,15,15,NA,NA,15,43,22,21,21,22,8,8,NA,NA,8,22,20,2,NA,22,5,5,0,NA,5,19,19,0,0,19,21,16,5,NA,21,19,11,8,0,19,20,20,0,NA,20
M16 [Details of deaths reported with probable causes:],16.7.7,Number of Adolscent / Adult deaths due to Cancer,TOTAL,201,191,10,7,194,5,5,0,NA,5,10,10,NA,NA,10,8,8,NA,NA,8,2,2,0,0,2,1,1,NA,NA,1,6,6,0,NA,6,5,5,NA,NA,5,2,2,0,0,2,5,5,0,0,5,5,5,0,NA,5,3,3,0,0,3,12,12,0,NA,12,5,5,NA,NA,5,2,2,0,0,2,9,9,NA,0,9,24,24,0,0,24,1,1,0,0,1,6,6,0,0,6,5,5,NA,NA,5,14,7,7,7,7,5,5,NA,NA,5,13,13,0,NA,13,12,12,0,NA,12,11,11,0,0,11,16,15,1,NA,16,4,3,1,0,4,10,9,1,NA,10
M16 [Details of deaths reported with probable causes:],16.7.8,Number of Adolscent / Adult deaths due to Neurological disease including strokes,TOTAL,114,106,8,0,114,4,4,0,NA,4,1,1,NA,NA,1,4,4,NA,NA,4,1,1,0,0,1,0,0,NA,NA,0,7,7,0,NA,7,4,4,NA,NA,4,13,13,0,0,13,5,4,1,0,5,4,4,0,NA,4,3,3,0,0,3,2,2,0,NA,2,10,10,NA,NA,10,1,1,0,0,1,1,1,NA,0,1,5,5,0,0,5,0,0,0,0,0,1,1,0,0,1,5,5,NA,NA,5,3,3,0,0,3,3,3,NA,NA,3,12,10,2,NA,12,8,8,0,NA,8,6,6,0,0,6,4,4,0,NA,4,5,0,5,0,5,2,2,0,NA,2
M16 [Details of deaths reported with probable causes:],16.7.9,Number of Adolscent / Adult deaths due to Accidents/Burn cases,TOTAL,144,136,8,1,143,7,7,0,NA,7,6,6,NA,NA,6,4,4,NA,NA,4,1,1,0,0,1,0,0,NA,NA,0,6,6,0,NA,6,1,1,NA,NA,1,8,7,1,0,8,3,2,1,0,3,2,2,0,NA,2,15,15,0,0,15,6,6,0,NA,6,4,4,NA,NA,4,2,1,1,1,1,2,2,NA,0,2,13,13,0,0,13,1,1,0,0,1,4,4,0,0,4,4,4,NA,NA,4,2,2,0,0,2,2,2,NA,NA,2,11,11,0,NA,11,3,3,0,NA,3,8,8,0,0,8,15,12,3,NA,15,3,1,2,0,3,11,11,0,NA,11
M16 [Details of deaths reported with probable causes:],16.7.10,Number of Adolscent / Adult deaths due to Suicide,TOTAL,93,93,0,0,93,2,2,0,NA,2,8,8,NA,NA,8,1,1,NA,NA,1,2,2,0,0,2,1,1,NA,NA,1,6,6,0,NA,6,2,2,NA,NA,2,6,6,0,0,6,0,0,0,0,0,1,1,0,NA,1,3,3,0,0,3,4,4,0,NA,4,2,2,NA,NA,2,1,1,0,0,1,0,0,NA,0,0,11,11,0,0,11,1,1,0,0,1,0,0,0,0,0,2,2,NA,NA,2,4,4,0,0,4,4,4,NA,NA,4,6,6,0,NA,6,4,4,0,NA,4,3,3,0,0,3,11,11,0,NA,11,1,1,0,0,1,7,7,0,NA,7
M16 [Details of deaths reported with probable causes:],16.7.11,Number of Adolscent / Adult deaths due to Animal bites and stings,TOTAL,22,22,0,0,22,0,0,0,NA,0,0,0,NA,NA,0,1,1,NA,NA,1,0,0,0,0,0,0,0,NA,NA,0,2,2,0,NA,2,0,0,NA,NA,0,0,0,0,0,0,0,0,0,0,0,0,0,0,NA,0,4,4,0,0,4,0,0,0,NA,0,0,0,NA,NA,0,0,0,0,0,0,0,0,NA,0,0,1,1,0,0,1,0,0,0,0,0,0,0,0,0,0,0,0,NA,NA,0,0,0,0,0,0,0,0,NA,NA,0,7,7,0,NA,7,1,1,0,NA,1,1,1,0,0,1,0,0,0,NA,0,0,0,0,0,0,5,5,0,NA,5
M16 [Details of deaths reported with probable causes:],16.7.12,Number of Adolscent / Adult deaths due to Known Acute Disease,TOTAL,168,158,10,0,168,3,3,0,NA,3,6,6,NA,NA,6,1,1,NA,NA,1,1,1,0,0,1,0,0,NA,NA,0,12,10,2,NA,12,1,1,NA,NA,1,8,8,0,0,8,7,6,1,0,7,0,0,0,NA,0,9,9,0,0,9,13,13,0,NA,13,8,8,NA,NA,8,5,5,0,0,5,4,4,NA,0,4,20,20,0,0,20,6,6,0,0,6,8,7,1,0,8,5,5,NA,NA,5,1,1,0,0,1,1,1,NA,NA,1,7,7,0,NA,7,8,8,0,NA,8,5,4,1,0,5,14,12,2,NA,14,7,4,3,0,7,8,8,0,NA,8
M16 [Details of deaths reported with probable causes:],16.7.13,Number of Adolscent / Adult deaths due to Known Chronic Disease,TOTAL,307,291,16,5,302,13,13,0,NA,13,15,15,NA,NA,15,20,20,NA,3,17,7,7,0,0,7,7,7,NA,NA,7,13,13,0,NA,13,2,2,NA,NA,2,10,10,0,0,10,16,13,3,0,16,2,2,0,NA,2,7,7,0,0,7,15,15,0,NA,15,16,16,NA,NA,16,5,3,2,2,3,3,3,NA,0,3,26,26,0,0,26,6,6,0,0,6,9,7,2,0,9,9,9,NA,NA,9,6,6,0,0,6,6,6,NA,NA,6,15,15,0,NA,15,5,5,0,NA,5,8,8,0,0,8,35,33,2,NA,35,19,12,7,0,19,12,12,0,NA,12
M16 [Details of deaths reported with probable causes:],16.7.14,Number of Adolscent / Adult deaths due to Causes not known,TOTAL,1203,1135,68,13,1190,21,21,0,NA,21,61,61,NA,NA,61,25,25,NA,1,24,34,34,0,0,34,15,15,NA,NA,15,20,20,0,NA,20,15,15,NA,NA,15,80,74,6,0,80,36,25,11,0,36,10,9,1,NA,10,42,42,0,0,42,58,58,0,NA,58,108,108,NA,NA,108,35,35,0,11,24,10,10,NA,0,10,134,134,0,0,134,30,30,0,0,30,44,44,0,0,44,34,34,NA,NA,34,33,29,4,0,33,12,12,NA,NA,12,58,53,5,NA,58,52,52,0,NA,52,49,49,0,0,49,110,91,19,NA,110,40,23,17,1,39,37,32,5,NA,37
M16 [Details of deaths reported with probable causes:],16.8.1,Number of Deaths due to Malaria- Plasmodium Vivax,TOTAL,0,0,0,0,0,0,0,0,NA,0,0,0,NA,NA,0,0,0,NA,NA,0,0,0,0,0,0,0,0,NA,NA,0,0,0,0,NA,0,0,0,NA,NA,0,0,0,0,0,0,0,0,0,0,0,0,0,0,NA,0,0,0,0,0,0,0,0,0,NA,0,0,0,NA,NA,0,0,0,0,0,0,0,0,NA,0,0,0,0,0,0,0,0,0,0,0,0,0,0,0,0,0,0,0,NA,NA,0,0,0,0,0,0,0,0,NA,NA,0,0,0,0,NA,0,0,0,0,NA,0,0,0,0,0,0,0,0,0,NA,0,0,0,0,0,0,0,0,0,NA,0
M16 [Details of deaths reported with probable causes:],16.8.2,Number of Deaths due to Malaria- Plasmodium Falciparum,TOTAL,0,0,0,0,0,0,0,0,NA,0,0,0,NA,NA,0,0,0,NA,NA,0,0,0,0,0,0,0,0,NA,NA,0,0,0,0,NA,0,0,0,NA,NA,0,0,0,0,0,0,0,0,0,0,0,0,0,0,NA,0,0,0,0,0,0,0,0,0,NA,0,0,0,NA,NA,0,0,0,0,0,0,0,0,NA,0,0,0,0,0,0,0,0,0,0,0,0,0,0,0,0,0,0,0,NA,NA,0,0,0,0,0,0,0,0,NA,NA,0,0,0,0,NA,0,0,0,0,NA,0,0,0,0,0,0,0,0,0,NA,0,0,0,0,0,0,0,0,0,NA,0
M16 [Details of deaths reported with probable causes:],16.8.3,Number of Deaths due to Kala Azar,TOTAL,0,0,0,0,0,0,0,0,NA,0,0,0,NA,NA,0,0,0,NA,NA,0,0,0,0,0,0,0,0,NA,NA,0,0,0,0,NA,0,0,0,NA,NA,0,0,0,NA,0,0,0,0,0,0,0,0,0,0,NA,0,0,0,0,0,0,0,0,0,NA,0,0,0,NA,NA,0,0,0,0,0,0,0,0,NA,0,0,0,0,0,0,0,0,0,0,0,0,0,0,0,0,0,0,0,NA,NA,0,0,0,0,0,0,0,0,NA,NA,0,0,0,0,NA,0,0,0,0,NA,0,0,0,0,0,0,0,0,0,NA,0,0,0,0,0,0,0,0,0,NA,0
M16 [Details of deaths reported with probable causes:],16.8.4,Number of Deaths due to Dengue,TOTAL,0,0,0,0,0,0,0,0,NA,0,0,0,NA,NA,0,0,0,NA,NA,0,0,0,0,0,0,0,0,NA,NA,0,0,0,0,NA,0,0,0,NA,NA,0,0,0,NA,0,0,0,0,0,0,0,0,0,0,NA,0,0,0,0,0,0,0,0,0,NA,0,0,0,NA,NA,0,0,0,0,0,0,0,0,NA,0,0,0,0,0,0,0,0,0,0,0,0,0,0,0,0,0,0,0,NA,NA,0,0,0,0,0,0,0,0,NA,NA,0,0,0,0,NA,0,0,0,0,NA,0,0,0,0,0,0,0,0,0,NA,0,0,0,0,0,0,0,0,0,NA,0
M16 [Details of deaths reported with probable causes:],16.8.5,Number of Deaths due to Acute Encephelitis Syndrome (AES),TOTAL,3,3,0,0,3,0,0,0,NA,0,0,0,NA,NA,0,0,0,NA,NA,0,3,3,0,0,3,0,0,NA,NA,0,0,0,0,NA,0,0,0,NA,NA,0,0,0,NA,0,0,0,0,0,0,0,0,0,0,NA,0,0,0,0,0,0,0,0,0,NA,0,0,0,NA,NA,0,0,0,0,0,0,0,0,NA,0,0,0,0,0,0,0,0,0,0,0,0,0,0,0,0,0,0,0,NA,NA,0,0,0,0,0,0,0,0,NA,NA,0,0,0,0,NA,0,0,0,0,NA,0,0,0,0,0,0,0,0,0,NA,0,0,0,0,0,0,0,0,0,NA,0
M16 [Details of deaths reported with probable causes:],16.8.6,Number of Deaths due to Japanese Encephalitis (JE),TOTAL,0,0,0,0,0,0,0,0,NA,0,0,0,NA,NA,0,0,0,NA,NA,0,0,0,0,0,0,0,0,NA,NA,0,0,0,0,NA,0,0,0,NA,NA,0,0,0,NA,0,0,0,0,0,0,0,0,0,0,NA,0,0,0,0,0,0,0,0,0,NA,0,0,0,NA,NA,0,0,0,0,0,0,0,0,NA,0,0,0,0,0,0,0,0,0,0,0,0,0,0,0,0,0,0,0,NA,NA,0,0,0,0,0,0,0,0,NA,NA,0,0,0,0,NA,0,0,0,0,NA,0,0,0,0,0,0,0,0,0,NA,0,0,0,0,0,0,0,0,0,NA,0
M17 [Vaccines],17.1,Vaccine - DPT,1. Balance From Previous Month,95368,NA,NA,NA,NA,10230,NA,NA,NA,NA,9060,NA,NA,NA,NA,5250,NA,NA,NA,NA,0,NA,NA,NA,NA,2430,NA,NA,NA,NA,3400,NA,NA,NA,NA,2800,NA,NA,NA,NA,14000,NA,NA,NA,NA,8,NA,NA,NA,NA,2420,NA,NA,NA,NA,640,NA,NA,NA,NA,4850,NA,NA,NA,NA,3570,NA,NA,NA,NA,20,NA,NA,NA,NA,2520,NA,NA,NA,NA,2080,NA,NA,NA,NA,3560,NA,NA,NA,NA,0,NA,NA,NA,NA,5870,NA,NA,NA,NA,0,NA,NA,NA,NA,4560,NA,NA,NA,NA,840,NA,NA,NA,NA,4000,NA,NA,NA,NA,9210,NA,NA,NA,NA,300,NA,NA,NA,NA,2150,NA,NA,NA,NA,1600,NA,NA,NA,NA
M17 [Vaccines],17.1,Vaccine - DPT,2. Stocks Received,117815,NA,NA,NA,NA,24000,NA,NA,NA,NA,NA,NA,NA,NA,NA,NA,NA,NA,NA,NA,10000,NA,NA,NA,NA,2000,NA,NA,NA,NA,5500,NA,NA,NA,NA,3000,NA,NA,NA,NA,2000,NA,NA,NA,NA,515,NA,NA,NA,NA,0,NA,NA,NA,NA,6500,NA,NA,NA,NA,5000,NA,NA,NA,NA,5000,NA,NA,NA,NA,6000,NA,NA,NA,NA,8000,NA,NA,NA,NA,5000,NA,NA,NA,NA,4000,NA,NA,NA,NA,9000,NA,NA,NA,NA,0,NA,NA,NA,NA,0,NA,NA,NA,NA,2500,NA,NA,NA,NA,NA,NA,NA,NA,NA,6000,NA,NA,NA,NA,4000,NA,NA,NA,NA,800,NA,NA,NA,NA,5000,NA,NA,NA,NA,4000,NA,NA,NA,NA
M17 [Vaccines],17.1,Vaccine - DPT,3. Unusable Stock,2200,NA,NA,NA,NA,0,NA,NA,NA,NA,NA,NA,NA,NA,NA,NA,NA,NA,NA,NA,NA,NA,NA,NA,NA,0,NA,NA,NA,NA,0,NA,NA,NA,NA,0,NA,NA,NA,NA,NA,NA,NA,NA,NA,NA,NA,NA,NA,NA,NA,NA,NA,NA,NA,0,NA,NA,NA,NA,NA,NA,NA,NA,NA,0,NA,NA,NA,NA,0,NA,NA,NA,NA,2200,NA,NA,NA,NA,0,NA,NA,NA,NA,NA,NA,NA,NA,NA,0,NA,NA,NA,NA,0,NA,NA,NA,NA,0,NA,NA,NA,NA,0,NA,NA,NA,NA,NA,NA,NA,NA,NA,0,NA,NA,NA,NA,0,NA,NA,NA,NA,0,NA,NA,NA,NA,NA,NA,NA,NA,NA,NA,NA,NA,NA,NA
M17 [Vaccines],17.1,Vaccine - DPT,4. Stock Distributed,110446,NA,NA,NA,NA,9440,NA,NA,NA,NA,7140,NA,NA,NA,NA,1090,NA,NA,NA,NA,9500,NA,NA,NA,NA,1500,NA,NA,NA,NA,7970,NA,NA,NA,NA,3850,NA,NA,NA,NA,13040,NA,NA,NA,NA,226,NA,NA,NA,NA,330,NA,NA,NA,NA,5480,NA,NA,NA,NA,3170,NA,NA,NA,NA,1750,NA,NA,NA,NA,4100,NA,NA,NA,NA,8320,NA,NA,NA,NA,6380,NA,NA,NA,NA,2370,NA,NA,NA,NA,5700,NA,NA,NA,NA,3360,NA,NA,NA,NA,0,NA,NA,NA,NA,3570,NA,NA,NA,NA,NA,NA,NA,NA,NA,3820,NA,NA,NA,NA,2920,NA,NA,NA,NA,520,NA,NA,NA,NA,3100,NA,NA,NA,NA,1800,NA,NA,NA,NA
M17 [Vaccines],17.1,Vaccine - DPT,5. Total Stock,100537,NA,NA,NA,NA,24790,NA,NA,NA,NA,1920,NA,NA,NA,NA,4160,NA,NA,NA,NA,500,NA,NA,NA,NA,2930,NA,NA,NA,NA,930,NA,NA,NA,NA,1950,NA,NA,NA,NA,2960,NA,NA,NA,NA,297,NA,NA,NA,NA,2090,NA,NA,NA,NA,1660,NA,NA,NA,NA,6680,NA,NA,NA,NA,6820,NA,NA,NA,NA,1920,NA,NA,NA,NA,0,NA,NA,NA,NA,700,NA,NA,NA,NA,5190,NA,NA,NA,NA,3300,NA,NA,NA,NA,2510,NA,NA,NA,NA,0,NA,NA,NA,NA,3490,NA,NA,NA,NA,840,NA,NA,NA,NA,6180,NA,NA,NA,NA,10290,NA,NA,NA,NA,580,NA,NA,NA,NA,4050,NA,NA,NA,NA,3800,NA,NA,NA,NA
M17 [Vaccines],17.2,Vaccine - Pentavalent,1. Balance From Previous Month,237197,NA,NA,NA,NA,7850,NA,NA,NA,NA,7720,NA,NA,NA,NA,5800,NA,NA,NA,NA,30450,NA,NA,NA,NA,4820,NA,NA,NA,NA,9100,NA,NA,NA,NA,6700,NA,NA,NA,NA,6270,NA,NA,NA,NA,251,NA,NA,NA,NA,5850,NA,NA,NA,NA,9800,NA,NA,NA,NA,7150,NA,NA,NA,NA,10500,NA,NA,NA,NA,1740,NA,NA,NA,NA,4040,NA,NA,NA,NA,7580,NA,NA,NA,NA,7250,NA,NA,NA,NA,1700,NA,NA,NA,NA,6370,NA,NA,NA,NA,2160,NA,NA,NA,NA,9730,NA,NA,NA,NA,9680,NA,NA,NA,NA,17400,NA,NA,NA,NA,42530,NA,NA,NA,NA,336,NA,NA,NA,NA,10100,NA,NA,NA,NA,4320,NA,NA,NA,NA
M17 [Vaccines],17.2,Vaccine - Pentavalent,2. Stocks Received,316616,NA,NA,NA,NA,0,NA,NA,NA,NA,11520,NA,NA,NA,NA,5760,NA,NA,NA,NA,20160,NA,NA,NA,NA,8640,NA,NA,NA,NA,5760,NA,NA,NA,NA,4080,NA,NA,NA,NA,25920,NA,NA,NA,NA,472,NA,NA,NA,NA,0,NA,NA,NA,NA,0,NA,NA,NA,NA,4800,NA,NA,NA,NA,2880,NA,NA,NA,NA,8640,NA,NA,NA,NA,8640,NA,NA,NA,NA,8640,NA,NA,NA,NA,5760,NA,NA,NA,NA,17280,NA,NA,NA,NA,5760,NA,NA,NA,NA,10000,NA,NA,NA,NA,0,NA,NA,NA,NA,NA,NA,NA,NA,NA,0,NA,NA,NA,NA,12000,NA,NA,NA,NA,864,NA,NA,NA,NA,144000,NA,NA,NA,NA,5040,NA,NA,NA,NA
M17 [Vaccines],17.2,Vaccine - Pentavalent,3. Unusable Stock,2650,NA,NA,NA,NA,0,NA,NA,NA,NA,NA,NA,NA,NA,NA,NA,NA,NA,NA,NA,NA,NA,NA,NA,NA,0,NA,NA,NA,NA,0,NA,NA,NA,NA,0,NA,NA,NA,NA,NA,NA,NA,NA,NA,NA,NA,NA,NA,NA,NA,NA,NA,NA,NA,0,NA,NA,NA,NA,NA,NA,NA,NA,NA,0,NA,NA,NA,NA,0,NA,NA,NA,NA,2650,NA,NA,NA,NA,0,NA,NA,NA,NA,NA,NA,NA,NA,NA,0,NA,NA,NA,NA,0,NA,NA,NA,NA,0,NA,NA,NA,NA,0,NA,NA,NA,NA,NA,NA,NA,NA,NA,0,NA,NA,NA,NA,0,NA,NA,NA,NA,0,NA,NA,NA,NA,NA,NA,NA,NA,NA,NA,NA,NA,NA,NA
M17 [Vaccines],17.2,Vaccine - Pentavalent,4. Stock Distributed,147304,NA,NA,NA,NA,200,NA,NA,NA,NA,9480,NA,NA,NA,NA,2660,NA,NA,NA,NA,13920,NA,NA,NA,NA,2810,NA,NA,NA,NA,9400,NA,NA,NA,NA,4970,NA,NA,NA,NA,18370,NA,NA,NA,NA,568,NA,NA,NA,NA,1540,NA,NA,NA,NA,7570,NA,NA,NA,NA,4660,NA,NA,NA,NA,3000,NA,NA,NA,NA,4970,NA,NA,NA,NA,10030,NA,NA,NA,NA,6270,NA,NA,NA,NA,5070,NA,NA,NA,NA,9140,NA,NA,NA,NA,1360,NA,NA,NA,NA,6000,NA,NA,NA,NA,4410,NA,NA,NA,NA,NA,NA,NA,NA,NA,4400,NA,NA,NA,NA,6290,NA,NA,NA,NA,696,NA,NA,NA,NA,6160,NA,NA,NA,NA,3360,NA,NA,NA,NA
M17 [Vaccines],17.2,Vaccine - Pentavalent,5. Total Stock,403859,NA,NA,NA,NA,7650,NA,NA,NA,NA,9760,NA,NA,NA,NA,8900,NA,NA,NA,NA,36690,NA,NA,NA,NA,10650,NA,NA,NA,NA,5460,NA,NA,NA,NA,5810,NA,NA,NA,NA,13820,NA,NA,NA,NA,155,NA,NA,NA,NA,4310,NA,NA,NA,NA,2230,NA,NA,NA,NA,7290,NA,NA,NA,NA,10380,NA,NA,NA,NA,5410,NA,NA,NA,NA,0,NA,NA,NA,NA,9950,NA,NA,NA,NA,7940,NA,NA,NA,NA,9840,NA,NA,NA,NA,10770,NA,NA,NA,NA,6160,NA,NA,NA,NA,5320,NA,NA,NA,NA,9680,NA,NA,NA,NA,13000,NA,NA,NA,NA,48240,NA,NA,NA,NA,504,NA,NA,NA,NA,147940,NA,NA,NA,NA,6000,NA,NA,NA,NA
M17 [Vaccines],17.3,Vaccine - OPV,1. Balance From Previous Month,386115,NA,NA,NA,NA,20000,NA,NA,NA,NA,11250,NA,NA,NA,NA,5760,NA,NA,NA,NA,28200,NA,NA,NA,NA,5360,NA,NA,NA,NA,8160,NA,NA,NA,NA,11620,NA,NA,NA,NA,14420,NA,NA,NA,NA,2076,NA,NA,NA,NA,7180,NA,NA,NA,NA,25700,NA,NA,NA,NA,11840,NA,NA,NA,NA,19760,NA,NA,NA,NA,11380,NA,NA,NA,NA,45100,NA,NA,NA,NA,7000,NA,NA,NA,NA,18420,NA,NA,NA,NA,3500,NA,NA,NA,NA,17080,NA,NA,NA,NA,7210,NA,NA,NA,NA,28640,NA,NA,NA,NA,2320,NA,NA,NA,NA,13220,NA,NA,NA,NA,23300,NA,NA,NA,NA,499,NA,NA,NA,NA,20720,NA,NA,NA,NA,16400,NA,NA,NA,NA
M17 [Vaccines],17.3,Vaccine - OPV,2. Stocks Received,270000,NA,NA,NA,NA,6000,NA,NA,NA,NA,12000,NA,NA,NA,NA,5000,NA,NA,NA,NA,30000,NA,NA,NA,NA,10000,NA,NA,NA,NA,13000,NA,NA,NA,NA,4000,NA,NA,NA,NA,40000,NA,NA,NA,NA,0,NA,NA,NA,NA,0,NA,NA,NA,NA,10000,NA,NA,NA,NA,3000,NA,NA,NA,NA,2000,NA,NA,NA,NA,10000,NA,NA,NA,NA,0,NA,NA,NA,NA,20000,NA,NA,NA,NA,6000,NA,NA,NA,NA,20000,NA,NA,NA,NA,20000,NA,NA,NA,NA,10000,NA,NA,NA,NA,0,NA,NA,NA,NA,NA,NA,NA,NA,NA,0,NA,NA,NA,NA,20000,NA,NA,NA,NA,1000,NA,NA,NA,NA,28000,NA,NA,NA,NA,0,NA,NA,NA,NA
M17 [Vaccines],17.3,Vaccine - OPV,3. Unusable Stock,8800,NA,NA,NA,NA,0,NA,NA,NA,NA,NA,NA,NA,NA,NA,NA,NA,NA,NA,NA,NA,NA,NA,NA,NA,0,NA,NA,NA,NA,0,NA,NA,NA,NA,0,NA,NA,NA,NA,NA,NA,NA,NA,NA,NA,NA,NA,NA,NA,NA,NA,NA,NA,NA,0,NA,NA,NA,NA,NA,NA,NA,NA,NA,0,NA,NA,NA,NA,0,NA,NA,NA,NA,8800,NA,NA,NA,NA,0,NA,NA,NA,NA,NA,NA,NA,NA,NA,0,NA,NA,NA,NA,0,NA,NA,NA,NA,0,NA,NA,NA,NA,0,NA,NA,NA,NA,NA,NA,NA,NA,NA,0,NA,NA,NA,NA,0,NA,NA,NA,NA,0,NA,NA,NA,NA,NA,NA,NA,NA,NA,NA,NA,NA,NA,NA
M17 [Vaccines],17.3,Vaccine - OPV,4. Stock Distributed,294886,NA,NA,NA,NA,9000,NA,NA,NA,NA,22880,NA,NA,NA,NA,1700,NA,NA,NA,NA,25700,NA,NA,NA,NA,4380,NA,NA,NA,NA,16800,NA,NA,NA,NA,10100,NA,NA,NA,NA,35000,NA,NA,NA,NA,776,NA,NA,NA,NA,1540,NA,NA,NA,NA,13500,NA,NA,NA,NA,4500,NA,NA,NA,NA,4160,NA,NA,NA,NA,9540,NA,NA,NA,NA,36300,NA,NA,NA,NA,18600,NA,NA,NA,NA,8260,NA,NA,NA,NA,18000,NA,NA,NA,NA,3700,NA,NA,NA,NA,6000,NA,NA,NA,NA,8640,NA,NA,NA,NA,NA,NA,NA,NA,NA,8680,NA,NA,NA,NA,7080,NA,NA,NA,NA,700,NA,NA,NA,NA,8850,NA,NA,NA,NA,10500,NA,NA,NA,NA
M17 [Vaccines],17.3,Vaccine - OPV,5. Total Stock,352429,NA,NA,NA,NA,17000,NA,NA,NA,NA,370,NA,NA,NA,NA,9060,NA,NA,NA,NA,32500,NA,NA,NA,NA,10980,NA,NA,NA,NA,4360,NA,NA,NA,NA,5520,NA,NA,NA,NA,19420,NA,NA,NA,NA,1300,NA,NA,NA,NA,5640,NA,NA,NA,NA,22200,NA,NA,NA,NA,10340,NA,NA,NA,NA,17600,NA,NA,NA,NA,11840,NA,NA,NA,NA,0,NA,NA,NA,NA,8400,NA,NA,NA,NA,16160,NA,NA,NA,NA,5500,NA,NA,NA,NA,33380,NA,NA,NA,NA,11210,NA,NA,NA,NA,20000,NA,NA,NA,NA,2320,NA,NA,NA,NA,4540,NA,NA,NA,NA,36220,NA,NA,NA,NA,799,NA,NA,NA,NA,39870,NA,NA,NA,NA,5900,NA,NA,NA,NA
M17 [Vaccines],17.4,Vaccine - TT,1. Balance From Previous Month,244738,NA,NA,NA,NA,2400,NA,NA,NA,NA,18070,NA,NA,NA,NA,7150,NA,NA,NA,NA,26520,NA,NA,NA,NA,8780,NA,NA,NA,NA,9900,NA,NA,NA,NA,7300,NA,NA,NA,NA,8000,NA,NA,NA,NA,813,NA,NA,NA,NA,4730,NA,NA,NA,NA,8650,NA,NA,NA,NA,6240,NA,NA,NA,NA,15200,NA,NA,NA,NA,2170,NA,NA,NA,NA,6780,NA,NA,NA,NA,8080,NA,NA,NA,NA,13620,NA,NA,NA,NA,2400,NA,NA,NA,NA,12550,NA,NA,NA,NA,3415,NA,NA,NA,NA,13510,NA,NA,NA,NA,18690,NA,NA,NA,NA,16730,NA,NA,NA,NA,7780,NA,NA,NA,NA,1050,NA,NA,NA,NA,7960,NA,NA,NA,NA,6250,NA,NA,NA,NA
M17 [Vaccines],17.4,Vaccine - TT,2. Stocks Received,191500,NA,NA,NA,NA,7600,NA,NA,NA,NA,5000,NA,NA,NA,NA,5000,NA,NA,NA,NA,42400,NA,NA,NA,NA,5000,NA,NA,NA,NA,5000,NA,NA,NA,NA,5000,NA,NA,NA,NA,20000,NA,NA,NA,NA,0,NA,NA,NA,NA,0,NA,NA,NA,NA,12000,NA,NA,NA,NA,4000,NA,NA,NA,NA,2500,NA,NA,NA,NA,3500,NA,NA,NA,NA,8000,NA,NA,NA,NA,5000,NA,NA,NA,NA,3000,NA,NA,NA,NA,15000,NA,NA,NA,NA,7500,NA,NA,NA,NA,10000,NA,NA,NA,NA,0,NA,NA,NA,NA,NA,NA,NA,NA,NA,0,NA,NA,NA,NA,7000,NA,NA,NA,NA,1000,NA,NA,NA,NA,13000,NA,NA,NA,NA,5000,NA,NA,NA,NA
M17 [Vaccines],17.4,Vaccine - TT,3. Unusable Stock,2860,NA,NA,NA,NA,0,NA,NA,NA,NA,NA,NA,NA,NA,NA,NA,NA,NA,NA,NA,NA,NA,NA,NA,NA,0,NA,NA,NA,NA,0,NA,NA,NA,NA,0,NA,NA,NA,NA,NA,NA,NA,NA,NA,NA,NA,NA,NA,NA,NA,NA,NA,NA,NA,0,NA,NA,NA,NA,NA,NA,NA,NA,NA,0,NA,NA,NA,NA,0,NA,NA,NA,NA,2860,NA,NA,NA,NA,0,NA,NA,NA,NA,NA,NA,NA,NA,NA,0,NA,NA,NA,NA,0,NA,NA,NA,NA,0,NA,NA,NA,NA,0,NA,NA,NA,NA,NA,NA,NA,NA,NA,0,NA,NA,NA,NA,0,NA,NA,NA,NA,0,NA,NA,NA,NA,NA,NA,NA,NA,NA,NA,NA,NA,NA,NA
M17 [Vaccines],17.4,Vaccine - TT,4. Stock Distributed,154972,NA,NA,NA,NA,3450,NA,NA,NA,NA,12240,NA,NA,NA,NA,2700,NA,NA,NA,NA,20140,NA,NA,NA,NA,2840,NA,NA,NA,NA,5910,NA,NA,NA,NA,5350,NA,NA,NA,NA,18850,NA,NA,NA,NA,662,NA,NA,NA,NA,730,NA,NA,NA,NA,7500,NA,NA,NA,NA,3990,NA,NA,NA,NA,3040,NA,NA,NA,NA,5060,NA,NA,NA,NA,11920,NA,NA,NA,NA,7320,NA,NA,NA,NA,4710,NA,NA,NA,NA,7700,NA,NA,NA,NA,760,NA,NA,NA,NA,6000,NA,NA,NA,NA,3780,NA,NA,NA,NA,NA,NA,NA,NA,NA,5180,NA,NA,NA,NA,4350,NA,NA,NA,NA,670,NA,NA,NA,NA,5170,NA,NA,NA,NA,4950,NA,NA,NA,NA
M17 [Vaccines],17.4,Vaccine - TT,5. Total Stock,278406,NA,NA,NA,NA,6550,NA,NA,NA,NA,10830,NA,NA,NA,NA,9450,NA,NA,NA,NA,48780,NA,NA,NA,NA,10940,NA,NA,NA,NA,8990,NA,NA,NA,NA,6950,NA,NA,NA,NA,9150,NA,NA,NA,NA,151,NA,NA,NA,NA,4000,NA,NA,NA,NA,13150,NA,NA,NA,NA,6250,NA,NA,NA,NA,14660,NA,NA,NA,NA,610,NA,NA,NA,NA,0,NA,NA,NA,NA,5760,NA,NA,NA,NA,11910,NA,NA,NA,NA,9700,NA,NA,NA,NA,19290,NA,NA,NA,NA,7415,NA,NA,NA,NA,9730,NA,NA,NA,NA,18690,NA,NA,NA,NA,11550,NA,NA,NA,NA,10430,NA,NA,NA,NA,1380,NA,NA,NA,NA,15790,NA,NA,NA,NA,6300,NA,NA,NA,NA
M17 [Vaccines],17.5,Vaccine - DT,1. Balance From Previous Month,0,NA,NA,NA,NA,0,NA,NA,NA,NA,NA,NA,NA,NA,NA,NA,NA,NA,NA,NA,0,NA,NA,NA,NA,0,NA,NA,NA,NA,0,NA,NA,NA,NA,0,NA,NA,NA,NA,NA,NA,NA,NA,NA,NA,NA,NA,NA,NA,0,NA,NA,NA,NA,NA,NA,NA,NA,NA,0,NA,NA,NA,NA,0,NA,NA,NA,NA,0,NA,NA,NA,NA,NA,NA,NA,NA,NA,0,NA,NA,NA,NA,NA,NA,NA,NA,NA,0,NA,NA,NA,NA,NA,NA,NA,NA,NA,0,NA,NA,NA,NA,0,NA,NA,NA,NA,NA,NA,NA,NA,NA,0,NA,NA,NA,NA,0,NA,NA,NA,NA,NA,NA,NA,NA,NA,NA,NA,NA,NA,NA,NA,NA,NA,NA,NA
M17 [Vaccines],17.5,Vaccine - DT,2. Stocks Received,0,NA,NA,NA,NA,0,NA,NA,NA,NA,NA,NA,NA,NA,NA,NA,NA,NA,NA,NA,0,NA,NA,NA,NA,0,NA,NA,NA,NA,0,NA,NA,NA,NA,0,NA,NA,NA,NA,NA,NA,NA,NA,NA,NA,NA,NA,NA,NA,0,NA,NA,NA,NA,NA,NA,NA,NA,NA,0,NA,NA,NA,NA,0,NA,NA,NA,NA,NA,NA,NA,NA,NA,NA,NA,NA,NA,NA,0,NA,NA,NA,NA,NA,NA,NA,NA,NA,0,NA,NA,NA,NA,NA,NA,NA,NA,NA,0,NA,NA,NA,NA,0,NA,NA,NA,NA,NA,NA,NA,NA,NA,0,NA,NA,NA,NA,0,NA,NA,NA,NA,NA,NA,NA,NA,NA,NA,NA,NA,NA,NA,NA,NA,NA,NA,NA
M17 [Vaccines],17.5,Vaccine - DT,3. Unusable Stock,0,NA,NA,NA,NA,0,NA,NA,NA,NA,NA,NA,NA,NA,NA,NA,NA,NA,NA,NA,NA,NA,NA,NA,NA,0,NA,NA,NA,NA,0,NA,NA,NA,NA,0,NA,NA,NA,NA,NA,NA,NA,NA,NA,NA,NA,NA,NA,NA,NA,NA,NA,NA,NA,NA,NA,NA,NA,NA,NA,NA,NA,NA,NA,0,NA,NA,NA,NA,0,NA,NA,NA,NA,NA,NA,NA,NA,NA,0,NA,NA,NA,NA,NA,NA,NA,NA,NA,0,NA,NA,NA,NA,NA,NA,NA,NA,NA,0,NA,NA,NA,NA,0,NA,NA,NA,NA,NA,NA,NA,NA,NA,0,NA,NA,NA,NA,0,NA,NA,NA,NA,NA,NA,NA,NA,NA,NA,NA,NA,NA,NA,NA,NA,NA,NA,NA
M17 [Vaccines],17.5,Vaccine - DT,4. Stock Distributed,0,NA,NA,NA,NA,0,NA,NA,NA,NA,NA,NA,NA,NA,NA,NA,NA,NA,NA,NA,0,NA,NA,NA,NA,0,NA,NA,NA,NA,0,NA,NA,NA,NA,0,NA,NA,NA,NA,NA,NA,NA,NA,NA,NA,NA,NA,NA,NA,0,NA,NA,NA,NA,NA,NA,NA,NA,NA,0,NA,NA,NA,NA,0,NA,NA,NA,NA,NA,NA,NA,NA,NA,NA,NA,NA,NA,NA,0,NA,NA,NA,NA,NA,NA,NA,NA,NA,0,NA,NA,NA,NA,NA,NA,NA,NA,NA,0,NA,NA,NA,NA,0,NA,NA,NA,NA,NA,NA,NA,NA,NA,0,NA,NA,NA,NA,0,NA,NA,NA,NA,NA,NA,NA,NA,NA,NA,NA,NA,NA,NA,NA,NA,NA,NA,NA
M17 [Vaccines],17.5,Vaccine - DT,5. Total Stock,0,NA,NA,NA,NA,0,NA,NA,NA,NA,0,NA,NA,NA,NA,0,NA,NA,NA,NA,0,NA,NA,NA,NA,0,NA,NA,NA,NA,0,NA,NA,NA,NA,0,NA,NA,NA,NA,0,NA,NA,NA,NA,0,NA,NA,NA,NA,0,NA,NA,NA,NA,0,NA,NA,NA,NA,0,NA,NA,NA,NA,0,NA,NA,NA,NA,0,NA,NA,NA,NA,0,NA,NA,NA,NA,0,NA,NA,NA,NA,0,NA,NA,NA,NA,0,NA,NA,NA,NA,0,NA,NA,NA,NA,0,NA,NA,NA,NA,0,NA,NA,NA,NA,0,NA,NA,NA,NA,0,NA,NA,NA,NA,0,NA,NA,NA,NA,0,NA,NA,NA,NA,0,NA,NA,NA,NA,0,NA,NA,NA,NA
M17 [Vaccines],17.6,Vaccine - BCG,1. Balance From Previous Month,199941,NA,NA,NA,NA,8000,NA,NA,NA,NA,14300,NA,NA,NA,NA,2400,NA,NA,NA,NA,24600,NA,NA,NA,NA,4000,NA,NA,NA,NA,5930,NA,NA,NA,NA,5000,NA,NA,NA,NA,11650,NA,NA,NA,NA,791,NA,NA,NA,NA,7070,NA,NA,NA,NA,10630,NA,NA,NA,NA,3150,NA,NA,NA,NA,9250,NA,NA,NA,NA,3630,NA,NA,NA,NA,380,NA,NA,NA,NA,7250,NA,NA,NA,NA,6280,NA,NA,NA,NA,1500,NA,NA,NA,NA,7400,NA,NA,NA,NA,9650,NA,NA,NA,NA,7150,NA,NA,NA,NA,4870,NA,NA,NA,NA,12000,NA,NA,NA,NA,27400,NA,NA,NA,NA,550,NA,NA,NA,NA,2110,NA,NA,NA,NA,3000,NA,NA,NA,NA
M17 [Vaccines],17.6,Vaccine - BCG,2. Stocks Received,182450,NA,NA,NA,NA,3000,NA,NA,NA,NA,8000,NA,NA,NA,NA,5000,NA,NA,NA,NA,14000,NA,NA,NA,NA,7000,NA,NA,NA,NA,3950,NA,NA,NA,NA,2000,NA,NA,NA,NA,20000,NA,NA,NA,NA,0,NA,NA,NA,NA,0,NA,NA,NA,NA,10000,NA,NA,NA,NA,5000,NA,NA,NA,NA,1000,NA,NA,NA,NA,6500,NA,NA,NA,NA,10000,NA,NA,NA,NA,5000,NA,NA,NA,NA,5000,NA,NA,NA,NA,10000,NA,NA,NA,NA,10000,NA,NA,NA,NA,20000,NA,NA,NA,NA,0,NA,NA,NA,NA,NA,NA,NA,NA,NA,2000,NA,NA,NA,NA,20000,NA,NA,NA,NA,1000,NA,NA,NA,NA,10000,NA,NA,NA,NA,4000,NA,NA,NA,NA
M17 [Vaccines],17.6,Vaccine - BCG,3. Unusable Stock,0,NA,NA,NA,NA,0,NA,NA,NA,NA,NA,NA,NA,NA,NA,NA,NA,NA,NA,NA,NA,NA,NA,NA,NA,0,NA,NA,NA,NA,0,NA,NA,NA,NA,0,NA,NA,NA,NA,NA,NA,NA,NA,NA,NA,NA,NA,NA,NA,NA,NA,NA,NA,NA,0,NA,NA,NA,NA,NA,NA,NA,NA,NA,0,NA,NA,NA,NA,0,NA,NA,NA,NA,0,NA,NA,NA,NA,0,NA,NA,NA,NA,NA,NA,NA,NA,NA,0,NA,NA,NA,NA,0,NA,NA,NA,NA,0,NA,NA,NA,NA,0,NA,NA,NA,NA,NA,NA,NA,NA,NA,0,NA,NA,NA,NA,0,NA,NA,NA,NA,0,NA,NA,NA,NA,NA,NA,NA,NA,NA,NA,NA,NA,NA,NA
M17 [Vaccines],17.6,Vaccine - BCG,4. Stock Distributed,144857,NA,NA,NA,NA,4500,NA,NA,NA,NA,14940,NA,NA,NA,NA,2300,NA,NA,NA,NA,9600,NA,NA,NA,NA,3400,NA,NA,NA,NA,7550,NA,NA,NA,NA,5100,NA,NA,NA,NA,18550,NA,NA,NA,NA,527,NA,NA,NA,NA,870,NA,NA,NA,NA,7430,NA,NA,NA,NA,5080,NA,NA,NA,NA,3410,NA,NA,NA,NA,4260,NA,NA,NA,NA,3520,NA,NA,NA,NA,4450,NA,NA,NA,NA,6810,NA,NA,NA,NA,8900,NA,NA,NA,NA,4460,NA,NA,NA,NA,6000,NA,NA,NA,NA,4100,NA,NA,NA,NA,NA,NA,NA,NA,NA,3700,NA,NA,NA,NA,4600,NA,NA,NA,NA,950,NA,NA,NA,NA,5050,NA,NA,NA,NA,4800,NA,NA,NA,NA
M17 [Vaccines],17.6,Vaccine - BCG,5. Total Stock,237534,NA,NA,NA,NA,6500,NA,NA,NA,NA,7360,NA,NA,NA,NA,5100,NA,NA,NA,NA,29000,NA,NA,NA,NA,7600,NA,NA,NA,NA,2330,NA,NA,NA,NA,1900,NA,NA,NA,NA,13100,NA,NA,NA,NA,264,NA,NA,NA,NA,6200,NA,NA,NA,NA,13200,NA,NA,NA,NA,3070,NA,NA,NA,NA,6840,NA,NA,NA,NA,5870,NA,NA,NA,NA,6860,NA,NA,NA,NA,7800,NA,NA,NA,NA,4470,NA,NA,NA,NA,2600,NA,NA,NA,NA,12940,NA,NA,NA,NA,23650,NA,NA,NA,NA,3050,NA,NA,NA,NA,4870,NA,NA,NA,NA,10300,NA,NA,NA,NA,42800,NA,NA,NA,NA,600,NA,NA,NA,NA,7060,NA,NA,NA,NA,2200,NA,NA,NA,NA
M17 [Vaccines],17.7,Vaccine - Measles,1. Balance From Previous Month,8980,NA,NA,NA,NA,0,NA,NA,NA,NA,1430,NA,NA,NA,NA,NA,NA,NA,NA,NA,0,NA,NA,NA,NA,0,NA,NA,NA,NA,0,NA,NA,NA,NA,0,NA,NA,NA,NA,5450,NA,NA,NA,NA,0,NA,NA,NA,NA,0,NA,NA,NA,NA,NA,NA,NA,NA,NA,0,NA,NA,NA,NA,0,NA,NA,NA,NA,NA,NA,NA,NA,NA,0,NA,NA,NA,NA,0,NA,NA,NA,NA,NA,NA,NA,NA,NA,0,NA,NA,NA,NA,NA,NA,NA,NA,NA,2100,NA,NA,NA,NA,0,NA,NA,NA,NA,NA,NA,NA,NA,NA,0,NA,NA,NA,NA,0,NA,NA,NA,NA,0,NA,NA,NA,NA,NA,NA,NA,NA,NA,0,NA,NA,NA,NA
M17 [Vaccines],17.7,Vaccine - Measles,2. Stocks Received,36000,NA,NA,NA,NA,0,NA,NA,NA,NA,16000,NA,NA,NA,NA,NA,NA,NA,NA,NA,0,NA,NA,NA,NA,0,NA,NA,NA,NA,0,NA,NA,NA,NA,0,NA,NA,NA,NA,10000,NA,NA,NA,NA,0,NA,NA,NA,NA,0,NA,NA,NA,NA,NA,NA,NA,NA,NA,0,NA,NA,NA,NA,0,NA,NA,NA,NA,NA,NA,NA,NA,NA,0,NA,NA,NA,NA,0,NA,NA,NA,NA,NA,NA,NA,NA,NA,0,NA,NA,NA,NA,NA,NA,NA,NA,NA,10000,NA,NA,NA,NA,0,NA,NA,NA,NA,NA,NA,NA,NA,NA,0,NA,NA,NA,NA,0,NA,NA,NA,NA,0,NA,NA,NA,NA,NA,NA,NA,NA,NA,0,NA,NA,NA,NA
M17 [Vaccines],17.7,Vaccine - Measles,3. Unusable Stock,0,NA,NA,NA,NA,0,NA,NA,NA,NA,NA,NA,NA,NA,NA,NA,NA,NA,NA,NA,NA,NA,NA,NA,NA,0,NA,NA,NA,NA,0,NA,NA,NA,NA,0,NA,NA,NA,NA,NA,NA,NA,NA,NA,NA,NA,NA,NA,NA,NA,NA,NA,NA,NA,NA,NA,NA,NA,NA,NA,NA,NA,NA,NA,0,NA,NA,NA,NA,0,NA,NA,NA,NA,0,NA,NA,NA,NA,0,NA,NA,NA,NA,NA,NA,NA,NA,NA,0,NA,NA,NA,NA,NA,NA,NA,NA,NA,0,NA,NA,NA,NA,0,NA,NA,NA,NA,NA,NA,NA,NA,NA,0,NA,NA,NA,NA,0,NA,NA,NA,NA,0,NA,NA,NA,NA,NA,NA,NA,NA,NA,NA,NA,NA,NA,NA
M17 [Vaccines],17.7,Vaccine - Measles,4. Stock Distributed,26430,NA,NA,NA,NA,0,NA,NA,NA,NA,7430,NA,NA,NA,NA,NA,NA,NA,NA,NA,0,NA,NA,NA,NA,0,NA,NA,NA,NA,0,NA,NA,NA,NA,0,NA,NA,NA,NA,13000,NA,NA,NA,NA,0,NA,NA,NA,NA,0,NA,NA,NA,NA,NA,NA,NA,NA,NA,0,NA,NA,NA,NA,0,NA,NA,NA,NA,NA,NA,NA,NA,NA,0,NA,NA,NA,NA,0,NA,NA,NA,NA,NA,NA,NA,NA,NA,0,NA,NA,NA,NA,0,NA,NA,NA,NA,6000,NA,NA,NA,NA,0,NA,NA,NA,NA,NA,NA,NA,NA,NA,0,NA,NA,NA,NA,0,NA,NA,NA,NA,0,NA,NA,NA,NA,NA,NA,NA,NA,NA,0,NA,NA,NA,NA
M17 [Vaccines],17.7,Vaccine - Measles,5. Total Stock,18550,NA,NA,NA,NA,0,NA,NA,NA,NA,10000,NA,NA,NA,NA,0,NA,NA,NA,NA,0,NA,NA,NA,NA,0,NA,NA,NA,NA,0,NA,NA,NA,NA,0,NA,NA,NA,NA,2450,NA,NA,NA,NA,0,NA,NA,NA,NA,0,NA,NA,NA,NA,0,NA,NA,NA,NA,0,NA,NA,NA,NA,0,NA,NA,NA,NA,0,NA,NA,NA,NA,0,NA,NA,NA,NA,0,NA,NA,NA,NA,0,NA,NA,NA,NA,0,NA,NA,NA,NA,0,NA,NA,NA,NA,6100,NA,NA,NA,NA,0,NA,NA,NA,NA,0,NA,NA,NA,NA,0,NA,NA,NA,NA,0,NA,NA,NA,NA,0,NA,NA,NA,NA,0,NA,NA,NA,NA,0,NA,NA,NA,NA
M17 [Vaccines],17.8,Vaccine - JE,1. Balance From Previous Month,60367,NA,NA,NA,NA,0,NA,NA,NA,NA,6825,NA,NA,NA,NA,0,NA,NA,NA,NA,6500,NA,NA,NA,NA,300,NA,NA,NA,NA,0,NA,NA,NA,NA,3000,NA,NA,NA,NA,NA,NA,NA,NA,NA,127,NA,NA,NA,NA,690,NA,NA,NA,NA,4630,NA,NA,NA,NA,1040,NA,NA,NA,NA,0,NA,NA,NA,NA,7685,NA,NA,NA,NA,2500,NA,NA,NA,NA,0,NA,NA,NA,NA,40,NA,NA,NA,NA,0,NA,NA,NA,NA,2450,NA,NA,NA,NA,6120,NA,NA,NA,NA,200,NA,NA,NA,NA,0,NA,NA,NA,NA,410,NA,NA,NA,NA,14290,NA,NA,NA,NA,160,NA,NA,NA,NA,2850,NA,NA,NA,NA,550,NA,NA,NA,NA
M17 [Vaccines],17.8,Vaccine - JE,2. Stocks Received,143850,NA,NA,NA,NA,5000,NA,NA,NA,NA,10000,NA,NA,NA,NA,5000,NA,NA,NA,NA,12450,NA,NA,NA,NA,2500,NA,NA,NA,NA,7500,NA,NA,NA,NA,3000,NA,NA,NA,NA,NA,NA,NA,NA,NA,1200,NA,NA,NA,NA,0,NA,NA,NA,NA,2500,NA,NA,NA,NA,5000,NA,NA,NA,NA,7500,NA,NA,NA,NA,7000,NA,NA,NA,NA,5000,NA,NA,NA,NA,7500,NA,NA,NA,NA,10000,NA,NA,NA,NA,10000,NA,NA,NA,NA,5000,NA,NA,NA,NA,10000,NA,NA,NA,NA,5000,NA,NA,NA,NA,NA,NA,NA,NA,NA,5000,NA,NA,NA,NA,7000,NA,NA,NA,NA,1700,NA,NA,NA,NA,5000,NA,NA,NA,NA,4000,NA,NA,NA,NA
M17 [Vaccines],17.8,Vaccine - JE,3. Unusable Stock,2650,NA,NA,NA,NA,0,NA,NA,NA,NA,NA,NA,NA,NA,NA,NA,NA,NA,NA,NA,NA,NA,NA,NA,NA,0,NA,NA,NA,NA,0,NA,NA,NA,NA,0,NA,NA,NA,NA,NA,NA,NA,NA,NA,NA,NA,NA,NA,NA,NA,NA,NA,NA,NA,0,NA,NA,NA,NA,NA,NA,NA,NA,NA,0,NA,NA,NA,NA,0,NA,NA,NA,NA,2650,NA,NA,NA,NA,0,NA,NA,NA,NA,NA,NA,NA,NA,NA,0,NA,NA,NA,NA,0,NA,NA,NA,NA,0,NA,NA,NA,NA,0,NA,NA,NA,NA,NA,NA,NA,NA,NA,0,NA,NA,NA,NA,0,NA,NA,NA,NA,0,NA,NA,NA,NA,NA,NA,NA,NA,NA,NA,NA,NA,NA,NA
M17 [Vaccines],17.8,Vaccine - JE,4. Stock Distributed,114021,NA,NA,NA,NA,4750,NA,NA,NA,NA,8825,NA,NA,NA,NA,3400,NA,NA,NA,NA,7200,NA,NA,NA,NA,1950,NA,NA,NA,NA,7050,NA,NA,NA,NA,2200,NA,NA,NA,NA,NA,NA,NA,NA,NA,611,NA,NA,NA,NA,450,NA,NA,NA,NA,5000,NA,NA,NA,NA,2570,NA,NA,NA,NA,5745,NA,NA,NA,NA,5675,NA,NA,NA,NA,4850,NA,NA,NA,NA,7275,NA,NA,NA,NA,4270,NA,NA,NA,NA,8100,NA,NA,NA,NA,5005,NA,NA,NA,NA,6000,NA,NA,NA,NA,3990,NA,NA,NA,NA,NA,NA,NA,NA,NA,4410,NA,NA,NA,NA,3670,NA,NA,NA,NA,1460,NA,NA,NA,NA,5515,NA,NA,NA,NA,4050,NA,NA,NA,NA
M17 [Vaccines],17.8,Vaccine - JE,5. Total Stock,87546,NA,NA,NA,NA,250,NA,NA,NA,NA,8000,NA,NA,NA,NA,1600,NA,NA,NA,NA,11750,NA,NA,NA,NA,850,NA,NA,NA,NA,450,NA,NA,NA,NA,3800,NA,NA,NA,NA,0,NA,NA,NA,NA,716,NA,NA,NA,NA,240,NA,NA,NA,NA,2130,NA,NA,NA,NA,3470,NA,NA,NA,NA,1755,NA,NA,NA,NA,9010,NA,NA,NA,NA,0,NA,NA,NA,NA,225,NA,NA,NA,NA,5770,NA,NA,NA,NA,1900,NA,NA,NA,NA,2445,NA,NA,NA,NA,10120,NA,NA,NA,NA,1210,NA,NA,NA,NA,0,NA,NA,NA,NA,1000,NA,NA,NA,NA,17620,NA,NA,NA,NA,400,NA,NA,NA,NA,2335,NA,NA,NA,NA,500,NA,NA,NA,NA
M17 [Vaccines],17.9,Vaccine - Hepatitis B,1. Balance From Previous Month,76686,NA,NA,NA,NA,6200,NA,NA,NA,NA,4190,NA,NA,NA,NA,5550,NA,NA,NA,NA,12200,NA,NA,NA,NA,4910,NA,NA,NA,NA,550,NA,NA,NA,NA,600,NA,NA,NA,NA,150,NA,NA,NA,NA,0,NA,NA,NA,NA,1900,NA,NA,NA,NA,1990,NA,NA,NA,NA,30,NA,NA,NA,NA,0,NA,NA,NA,NA,640,NA,NA,NA,NA,0,NA,NA,NA,NA,1530,NA,NA,NA,NA,2080,NA,NA,NA,NA,0,NA,NA,NA,NA,5190,NA,NA,NA,NA,0,NA,NA,NA,NA,6150,NA,NA,NA,NA,5740,NA,NA,NA,NA,5750,NA,NA,NA,NA,8380,NA,NA,NA,NA,90,NA,NA,NA,NA,1736,NA,NA,NA,NA,1130,NA,NA,NA,NA
M17 [Vaccines],17.9,Vaccine - Hepatitis B,2. Stocks Received,32310,NA,NA,NA,NA,3000,NA,NA,NA,NA,NA,NA,NA,NA,NA,900,NA,NA,NA,NA,0,NA,NA,NA,NA,0,NA,NA,NA,NA,1800,NA,NA,NA,NA,900,NA,NA,NA,NA,NA,NA,NA,NA,NA,210,NA,NA,NA,NA,0,NA,NA,NA,NA,2700,NA,NA,NA,NA,2100,NA,NA,NA,NA,900,NA,NA,NA,NA,3000,NA,NA,NA,NA,1500,NA,NA,NA,NA,1800,NA,NA,NA,NA,0,NA,NA,NA,NA,900,NA,NA,NA,NA,3000,NA,NA,NA,NA,0,NA,NA,NA,NA,0,NA,NA,NA,NA,NA,NA,NA,NA,NA,0,NA,NA,NA,NA,3000,NA,NA,NA,NA,300,NA,NA,NA,NA,6000,NA,NA,NA,NA,300,NA,NA,NA,NA
M17 [Vaccines],17.9,Vaccine - Hepatitis B,3. Unusable Stock,8410,NA,NA,NA,NA,0,NA,NA,NA,NA,NA,NA,NA,NA,NA,NA,NA,NA,NA,NA,NA,NA,NA,NA,NA,1760,NA,NA,NA,NA,0,NA,NA,NA,NA,0,NA,NA,NA,NA,NA,NA,NA,NA,NA,NA,NA,NA,NA,NA,1000,NA,NA,NA,NA,0,NA,NA,NA,NA,NA,NA,NA,NA,NA,0,NA,NA,NA,NA,0,NA,NA,NA,NA,790,NA,NA,NA,NA,0,NA,NA,NA,NA,NA,NA,NA,NA,NA,0,NA,NA,NA,NA,4860,NA,NA,NA,NA,0,NA,NA,NA,NA,0,NA,NA,NA,NA,NA,NA,NA,NA,NA,0,NA,NA,NA,NA,0,NA,NA,NA,NA,0,NA,NA,NA,NA,NA,NA,NA,NA,NA,NA,NA,NA,NA,NA
M17 [Vaccines],17.9,Vaccine - Hepatitis B,4. Stock Distributed,41614,NA,NA,NA,NA,8950,NA,NA,NA,NA,3730,NA,NA,NA,NA,850,NA,NA,NA,NA,4170,NA,NA,NA,NA,300,NA,NA,NA,NA,1620,NA,NA,NA,NA,1320,NA,NA,NA,NA,150,NA,NA,NA,NA,200,NA,NA,NA,NA,440,NA,NA,NA,NA,850,NA,NA,NA,NA,1720,NA,NA,NA,NA,900,NA,NA,NA,NA,690,NA,NA,NA,NA,710,NA,NA,NA,NA,2890,NA,NA,NA,NA,1510,NA,NA,NA,NA,850,NA,NA,NA,NA,1370,NA,NA,NA,NA,0,NA,NA,NA,NA,1710,NA,NA,NA,NA,NA,NA,NA,NA,NA,2900,NA,NA,NA,NA,0,NA,NA,NA,NA,354,NA,NA,NA,NA,2700,NA,NA,NA,NA,730,NA,NA,NA,NA
M17 [Vaccines],17.9,Vaccine - Hepatitis B,5. Total Stock,46282,NA,NA,NA,NA,250,NA,NA,NA,NA,460,NA,NA,NA,NA,5600,NA,NA,NA,NA,8030,NA,NA,NA,NA,2850,NA,NA,NA,NA,730,NA,NA,NA,NA,180,NA,NA,NA,NA,0,NA,NA,NA,NA,10,NA,NA,NA,NA,460,NA,NA,NA,NA,3840,NA,NA,NA,NA,410,NA,NA,NA,NA,0,NA,NA,NA,NA,2950,NA,NA,NA,NA,0,NA,NA,NA,NA,440,NA,NA,NA,NA,570,NA,NA,NA,NA,50,NA,NA,NA,NA,1960,NA,NA,NA,NA,0,NA,NA,NA,NA,4440,NA,NA,NA,NA,4430,NA,NA,NA,NA,2850,NA,NA,NA,NA,NA,NA,NA,NA,NA,36,NA,NA,NA,NA,5036,NA,NA,NA,NA,700,NA,NA,NA,NA
M17 [Vaccines],17.1,Vaccine - Typhoid,1. Balance From Previous Month,0,NA,NA,NA,NA,0,NA,NA,NA,NA,NA,NA,NA,NA,NA,NA,NA,NA,NA,NA,0,NA,NA,NA,NA,0,NA,NA,NA,NA,0,NA,NA,NA,NA,0,NA,NA,NA,NA,NA,NA,NA,NA,NA,NA,NA,NA,NA,NA,0,NA,NA,NA,NA,NA,NA,NA,NA,NA,0,NA,NA,NA,NA,0,NA,NA,NA,NA,NA,NA,NA,NA,NA,NA,NA,NA,NA,NA,0,NA,NA,NA,NA,NA,NA,NA,NA,NA,0,NA,NA,NA,NA,NA,NA,NA,NA,NA,0,NA,NA,NA,NA,0,NA,NA,NA,NA,NA,NA,NA,NA,NA,0,NA,NA,NA,NA,NA,NA,NA,NA,NA,NA,NA,NA,NA,NA,NA,NA,NA,NA,NA,NA,NA,NA,NA,NA
M17 [Vaccines],17.1,Vaccine - Typhoid,2. Stocks Received,0,NA,NA,NA,NA,0,NA,NA,NA,NA,NA,NA,NA,NA,NA,NA,NA,NA,NA,NA,0,NA,NA,NA,NA,0,NA,NA,NA,NA,0,NA,NA,NA,NA,0,NA,NA,NA,NA,NA,NA,NA,NA,NA,NA,NA,NA,NA,NA,0,NA,NA,NA,NA,NA,NA,NA,NA,NA,0,NA,NA,NA,NA,0,NA,NA,NA,NA,NA,NA,NA,NA,NA,NA,NA,NA,NA,NA,0,NA,NA,NA,NA,NA,NA,NA,NA,NA,0,NA,NA,NA,NA,NA,NA,NA,NA,NA,0,NA,NA,NA,NA,0,NA,NA,NA,NA,NA,NA,NA,NA,NA,0,NA,NA,NA,NA,NA,NA,NA,NA,NA,NA,NA,NA,NA,NA,NA,NA,NA,NA,NA,NA,NA,NA,NA,NA
M17 [Vaccines],17.1,Vaccine - Typhoid,3. Unusable Stock,0,NA,NA,NA,NA,0,NA,NA,NA,NA,NA,NA,NA,NA,NA,NA,NA,NA,NA,NA,NA,NA,NA,NA,NA,0,NA,NA,NA,NA,0,NA,NA,NA,NA,0,NA,NA,NA,NA,NA,NA,NA,NA,NA,NA,NA,NA,NA,NA,NA,NA,NA,NA,NA,NA,NA,NA,NA,NA,NA,NA,NA,NA,NA,0,NA,NA,NA,NA,0,NA,NA,NA,NA,NA,NA,NA,NA,NA,0,NA,NA,NA,NA,NA,NA,NA,NA,NA,0,NA,NA,NA,NA,NA,NA,NA,NA,NA,0,NA,NA,NA,NA,0,NA,NA,NA,NA,NA,NA,NA,NA,NA,0,NA,NA,NA,NA,NA,NA,NA,NA,NA,NA,NA,NA,NA,NA,NA,NA,NA,NA,NA,NA,NA,NA,NA,NA
M17 [Vaccines],17.1,Vaccine - Typhoid,4. Stock Distributed,0,NA,NA,NA,NA,0,NA,NA,NA,NA,NA,NA,NA,NA,NA,NA,NA,NA,NA,NA,0,NA,NA,NA,NA,0,NA,NA,NA,NA,0,NA,NA,NA,NA,0,NA,NA,NA,NA,NA,NA,NA,NA,NA,NA,NA,NA,NA,NA,0,NA,NA,NA,NA,NA,NA,NA,NA,NA,0,NA,NA,NA,NA,0,NA,NA,NA,NA,NA,NA,NA,NA,NA,NA,NA,NA,NA,NA,0,NA,NA,NA,NA,NA,NA,NA,NA,NA,0,NA,NA,NA,NA,NA,NA,NA,NA,NA,0,NA,NA,NA,NA,0,NA,NA,NA,NA,NA,NA,NA,NA,NA,0,NA,NA,NA,NA,NA,NA,NA,NA,NA,NA,NA,NA,NA,NA,NA,NA,NA,NA,NA,NA,NA,NA,NA,NA
M17 [Vaccines],17.1,Vaccine - Typhoid,5. Total Stock,0,NA,NA,NA,NA,0,NA,NA,NA,NA,NA,NA,NA,NA,NA,NA,NA,NA,NA,NA,0,NA,NA,NA,NA,0,NA,NA,NA,NA,0,NA,NA,NA,NA,0,NA,NA,NA,NA,NA,NA,NA,NA,NA,NA,NA,NA,NA,NA,0,NA,NA,NA,NA,NA,NA,NA,NA,NA,0,NA,NA,NA,NA,0,NA,NA,NA,NA,0,NA,NA,NA,NA,NA,NA,NA,NA,NA,0,NA,NA,NA,NA,NA,NA,NA,NA,NA,0,NA,NA,NA,NA,NA,NA,NA,NA,NA,0,NA,NA,NA,NA,0,NA,NA,NA,NA,NA,NA,NA,NA,NA,0,NA,NA,NA,NA,NA,NA,NA,NA,NA,NA,NA,NA,NA,NA,NA,NA,NA,NA,NA,NA,NA,NA,NA,NA
M17 [Vaccines],17.11,Vaccine - Vitamin K,1. Balance From Previous Month,8090,NA,NA,NA,NA,0,NA,NA,NA,NA,NA,NA,NA,NA,NA,NA,NA,NA,NA,NA,2560,NA,NA,NA,NA,0,NA,NA,NA,NA,0,NA,NA,NA,NA,0,NA,NA,NA,NA,NA,NA,NA,NA,NA,NA,NA,NA,NA,NA,0,NA,NA,NA,NA,NA,NA,NA,NA,NA,0,NA,NA,NA,NA,100,NA,NA,NA,NA,NA,NA,NA,NA,NA,NA,NA,NA,NA,NA,0,NA,NA,NA,NA,NA,NA,NA,NA,NA,0,NA,NA,NA,NA,NA,NA,NA,NA,NA,5430,NA,NA,NA,NA,0,NA,NA,NA,NA,NA,NA,NA,NA,NA,0,NA,NA,NA,NA,NA,NA,NA,NA,NA,NA,NA,NA,NA,NA,NA,NA,NA,NA,NA,NA,NA,NA,NA,NA
M17 [Vaccines],17.11,Vaccine - Vitamin K,2. Stocks Received,10000,NA,NA,NA,NA,0,NA,NA,NA,NA,NA,NA,NA,NA,NA,NA,NA,NA,NA,NA,NA,NA,NA,NA,NA,0,NA,NA,NA,NA,0,NA,NA,NA,NA,0,NA,NA,NA,NA,NA,NA,NA,NA,NA,NA,NA,NA,NA,NA,0,NA,NA,NA,NA,NA,NA,NA,NA,NA,0,NA,NA,NA,NA,0,NA,NA,NA,NA,NA,NA,NA,NA,NA,NA,NA,NA,NA,NA,0,NA,NA,NA,NA,NA,NA,NA,NA,NA,0,NA,NA,NA,NA,NA,NA,NA,NA,NA,10000,NA,NA,NA,NA,0,NA,NA,NA,NA,NA,NA,NA,NA,NA,0,NA,NA,NA,NA,NA,NA,NA,NA,NA,NA,NA,NA,NA,NA,NA,NA,NA,NA,NA,NA,NA,NA,NA,NA
M17 [Vaccines],17.11,Vaccine - Vitamin K,3. Unusable Stock,0,NA,NA,NA,NA,0,NA,NA,NA,NA,NA,NA,NA,NA,NA,NA,NA,NA,NA,NA,NA,NA,NA,NA,NA,0,NA,NA,NA,NA,0,NA,NA,NA,NA,0,NA,NA,NA,NA,NA,NA,NA,NA,NA,NA,NA,NA,NA,NA,NA,NA,NA,NA,NA,NA,NA,NA,NA,NA,NA,NA,NA,NA,NA,0,NA,NA,NA,NA,0,NA,NA,NA,NA,NA,NA,NA,NA,NA,0,NA,NA,NA,NA,NA,NA,NA,NA,NA,0,NA,NA,NA,NA,NA,NA,NA,NA,NA,0,NA,NA,NA,NA,0,NA,NA,NA,NA,NA,NA,NA,NA,NA,0,NA,NA,NA,NA,NA,NA,NA,NA,NA,NA,NA,NA,NA,NA,NA,NA,NA,NA,NA,NA,NA,NA,NA,NA
M17 [Vaccines],17.11,Vaccine - Vitamin K,4. Stock Distributed,320,NA,NA,NA,NA,0,NA,NA,NA,NA,NA,NA,NA,NA,NA,NA,NA,NA,NA,NA,220,NA,NA,NA,NA,0,NA,NA,NA,NA,0,NA,NA,NA,NA,0,NA,NA,NA,NA,NA,NA,NA,NA,NA,NA,NA,NA,NA,NA,0,NA,NA,NA,NA,NA,NA,NA,NA,NA,0,NA,NA,NA,NA,100,NA,NA,NA,NA,NA,NA,NA,NA,NA,NA,NA,NA,NA,NA,0,NA,NA,NA,NA,NA,NA,NA,NA,NA,0,NA,NA,NA,NA,NA,NA,NA,NA,NA,0,NA,NA,NA,NA,0,NA,NA,NA,NA,NA,NA,NA,NA,NA,0,NA,NA,NA,NA,NA,NA,NA,NA,NA,NA,NA,NA,NA,NA,NA,NA,NA,NA,NA,NA,NA,NA,NA,NA
M17 [Vaccines],17.11,Vaccine - Vitamin K,5. Total Stock,17770,NA,NA,NA,NA,0,NA,NA,NA,NA,NA,NA,NA,NA,NA,NA,NA,NA,NA,NA,2340,NA,NA,NA,NA,0,NA,NA,NA,NA,0,NA,NA,NA,NA,0,NA,NA,NA,NA,NA,NA,NA,NA,NA,NA,NA,NA,NA,NA,0,NA,NA,NA,NA,NA,NA,NA,NA,NA,0,NA,NA,NA,NA,0,NA,NA,NA,NA,0,NA,NA,NA,NA,NA,NA,NA,NA,NA,0,NA,NA,NA,NA,NA,NA,NA,NA,NA,0,NA,NA,NA,NA,NA,NA,NA,NA,NA,15430,NA,NA,NA,NA,0,NA,NA,NA,NA,NA,NA,NA,NA,NA,0,NA,NA,NA,NA,NA,NA,NA,NA,NA,NA,NA,NA,NA,NA,NA,NA,NA,NA,NA,NA,NA,NA,NA,NA
M17 [Vaccines],17.12,Rotavirus,1. Balance From Previous Month,185240,NA,NA,NA,NA,8300,NA,NA,NA,NA,11240,NA,NA,NA,NA,1600,NA,NA,NA,NA,25600,NA,NA,NA,NA,6820,NA,NA,NA,NA,8090,NA,NA,NA,NA,6600,NA,NA,NA,NA,25100,NA,NA,NA,NA,940,NA,NA,NA,NA,5260,NA,NA,NA,NA,20460,NA,NA,NA,NA,40,NA,NA,NA,NA,9670,NA,NA,NA,NA,4120,NA,NA,NA,NA,11130,NA,NA,NA,NA,400,NA,NA,NA,NA,12270,NA,NA,NA,NA,17000,NA,NA,NA,NA,830,NA,NA,NA,NA,0,NA,NA,NA,NA,4980,NA,NA,NA,NA,3150,NA,NA,NA,NA,0,NA,NA,NA,NA,NA,NA,NA,NA,NA,0,NA,NA,NA,NA,1340,NA,NA,NA,NA,300,NA,NA,NA,NA
M17 [Vaccines],17.12,Rotavirus,2. Stocks Received,173650,NA,NA,NA,NA,7500,NA,NA,NA,NA,12000,NA,NA,NA,NA,3900,NA,NA,NA,NA,6120,NA,NA,NA,NA,0,NA,NA,NA,NA,3000,NA,NA,NA,NA,5100,NA,NA,NA,NA,15000,NA,NA,NA,NA,0,NA,NA,NA,NA,0,NA,NA,NA,NA,0,NA,NA,NA,NA,12000,NA,NA,NA,NA,3000,NA,NA,NA,NA,7500,NA,NA,NA,NA,4500,NA,NA,NA,NA,7500,NA,NA,NA,NA,3000,NA,NA,NA,NA,3000,NA,NA,NA,NA,15300,NA,NA,NA,NA,25000,NA,NA,NA,NA,9900,NA,NA,NA,NA,NA,NA,NA,NA,NA,0,NA,NA,NA,NA,NA,NA,NA,NA,NA,1980,NA,NA,NA,NA,19200,NA,NA,NA,NA,9150,NA,NA,NA,NA
M17 [Vaccines],17.12,Rotavirus,3. Unusable Stock,3380,NA,NA,NA,NA,0,NA,NA,NA,NA,NA,NA,NA,NA,NA,NA,NA,NA,NA,NA,NA,NA,NA,NA,NA,0,NA,NA,NA,NA,0,NA,NA,NA,NA,0,NA,NA,NA,NA,NA,NA,NA,NA,NA,NA,NA,NA,NA,NA,NA,NA,NA,NA,NA,0,NA,NA,NA,NA,NA,NA,NA,NA,NA,0,NA,NA,NA,NA,0,NA,NA,NA,NA,3380,NA,NA,NA,NA,0,NA,NA,NA,NA,NA,NA,NA,NA,NA,0,NA,NA,NA,NA,0,NA,NA,NA,NA,0,NA,NA,NA,NA,0,NA,NA,NA,NA,NA,NA,NA,NA,NA,0,NA,NA,NA,NA,NA,NA,NA,NA,NA,0,NA,NA,NA,NA,NA,NA,NA,NA,NA,NA,NA,NA,NA,NA
M17 [Vaccines],17.12,Rotavirus,4. Stock Distributed,213117,NA,NA,NA,NA,12190,NA,NA,NA,NA,16340,NA,NA,NA,NA,3250,NA,NA,NA,NA,16020,NA,NA,NA,NA,3900,NA,NA,NA,NA,10600,NA,NA,NA,NA,7220,NA,NA,NA,NA,21500,NA,NA,NA,NA,767,NA,NA,NA,NA,1910,NA,NA,NA,NA,11500,NA,NA,NA,NA,9870,NA,NA,NA,NA,4110,NA,NA,NA,NA,8710,NA,NA,NA,NA,12250,NA,NA,NA,NA,7130,NA,NA,NA,NA,6300,NA,NA,NA,NA,12000,NA,NA,NA,NA,10860,NA,NA,NA,NA,10000,NA,NA,NA,NA,7060,NA,NA,NA,NA,NA,NA,NA,NA,NA,0,NA,NA,NA,NA,NA,NA,NA,NA,NA,1500,NA,NA,NA,NA,9980,NA,NA,NA,NA,8150,NA,NA,NA,NA
M17 [Vaccines],17.12,Rotavirus,5. Total Stock,175693,NA,NA,NA,NA,3610,NA,NA,NA,NA,6900,NA,NA,NA,NA,2250,NA,NA,NA,NA,15700,NA,NA,NA,NA,2920,NA,NA,NA,NA,490,NA,NA,NA,NA,4480,NA,NA,NA,NA,18600,NA,NA,NA,NA,173,NA,NA,NA,NA,3350,NA,NA,NA,NA,8960,NA,NA,NA,NA,2170,NA,NA,NA,NA,8560,NA,NA,NA,NA,2910,NA,NA,NA,NA,28500,NA,NA,NA,NA,770,NA,NA,NA,NA,8970,NA,NA,NA,NA,8000,NA,NA,NA,NA,5270,NA,NA,NA,NA,15000,NA,NA,NA,NA,7820,NA,NA,NA,NA,7950,NA,NA,NA,NA,0,NA,NA,NA,NA,NA,NA,NA,NA,NA,480,NA,NA,NA,NA,10560,NA,NA,NA,NA,1300,NA,NA,NA,NA
M17 [Vaccines],17.13,Inactivated Polio Vaccine,1. Balance From Previous Month,103011,NA,NA,NA,NA,3250,NA,NA,NA,NA,5900,NA,NA,NA,NA,725,NA,NA,NA,NA,1700,NA,NA,NA,NA,1200,NA,NA,NA,NA,2300,NA,NA,NA,NA,3500,NA,NA,NA,NA,16700,NA,NA,NA,NA,2,NA,NA,NA,NA,4125,NA,NA,NA,NA,0,NA,NA,NA,NA,150,NA,NA,NA,NA,0,NA,NA,NA,NA,12225,NA,NA,NA,NA,4150,NA,NA,NA,NA,1650,NA,NA,NA,NA,3800,NA,NA,NA,NA,0,NA,NA,NA,NA,2050,NA,NA,NA,NA,0,NA,NA,NA,NA,3675,NA,NA,NA,NA,75,NA,NA,NA,NA,0,NA,NA,NA,NA,23250,NA,NA,NA,NA,134,NA,NA,NA,NA,12450,NA,NA,NA,NA,0,NA,NA,NA,NA
M17 [Vaccines],17.13,Inactivated Polio Vaccine,2. Stocks Received,121625,NA,NA,NA,NA,5000,NA,NA,NA,NA,3750,NA,NA,NA,NA,3750,NA,NA,NA,NA,9750,NA,NA,NA,NA,3750,NA,NA,NA,NA,5000,NA,NA,NA,NA,4000,NA,NA,NA,NA,7150,NA,NA,NA,NA,325,NA,NA,NA,NA,0,NA,NA,NA,NA,8750,NA,NA,NA,NA,7500,NA,NA,NA,NA,5000,NA,NA,NA,NA,7500,NA,NA,NA,NA,7500,NA,NA,NA,NA,3750,NA,NA,NA,NA,3750,NA,NA,NA,NA,10000,NA,NA,NA,NA,2500,NA,NA,NA,NA,0,NA,NA,NA,NA,2500,NA,NA,NA,NA,NA,NA,NA,NA,NA,0,NA,NA,NA,NA,7500,NA,NA,NA,NA,400,NA,NA,NA,NA,7500,NA,NA,NA,NA,5000,NA,NA,NA,NA
M17 [Vaccines],17.13,Inactivated Polio Vaccine,3. Unusable Stock,7100,NA,NA,NA,NA,0,NA,NA,NA,NA,NA,NA,NA,NA,NA,NA,NA,NA,NA,NA,NA,NA,NA,NA,NA,0,NA,NA,NA,NA,0,NA,NA,NA,NA,0,NA,NA,NA,NA,NA,NA,NA,NA,NA,NA,NA,NA,NA,NA,NA,NA,NA,NA,NA,0,NA,NA,NA,NA,NA,NA,NA,NA,NA,0,NA,NA,NA,NA,0,NA,NA,NA,NA,7100,NA,NA,NA,NA,0,NA,NA,NA,NA,NA,NA,NA,NA,NA,0,NA,NA,NA,NA,0,NA,NA,NA,NA,0,NA,NA,NA,NA,0,NA,NA,NA,NA,NA,NA,NA,NA,NA,0,NA,NA,NA,NA,0,NA,NA,NA,NA,0,NA,NA,NA,NA,NA,NA,NA,NA,NA,NA,NA,NA,NA,NA
M17 [Vaccines],17.13,Inactivated Polio Vaccine,4. Stock Distributed,147958,NA,NA,NA,NA,7550,NA,NA,NA,NA,7575,NA,NA,NA,NA,3000,NA,NA,NA,NA,8600,NA,NA,NA,NA,3750,NA,NA,NA,NA,6850,NA,NA,NA,NA,7450,NA,NA,NA,NA,17250,NA,NA,NA,NA,178,NA,NA,NA,NA,1500,NA,NA,NA,NA,7500,NA,NA,NA,NA,7500,NA,NA,NA,NA,4875,NA,NA,NA,NA,8900,NA,NA,NA,NA,4550,NA,NA,NA,NA,5075,NA,NA,NA,NA,6300,NA,NA,NA,NA,9350,NA,NA,NA,NA,4550,NA,NA,NA,NA,0,NA,NA,NA,NA,4325,NA,NA,NA,NA,NA,NA,NA,NA,NA,0,NA,NA,NA,NA,6325,NA,NA,NA,NA,505,NA,NA,NA,NA,9500,NA,NA,NA,NA,5000,NA,NA,NA,NA
M17 [Vaccines],17.13,Inactivated Polio Vaccine,5. Total Stock,70128,NA,NA,NA,NA,700,NA,NA,NA,NA,2075,NA,NA,NA,NA,1475,NA,NA,NA,NA,2850,NA,NA,NA,NA,1250,NA,NA,NA,NA,450,NA,NA,NA,NA,50,NA,NA,NA,NA,6600,NA,NA,NA,NA,149,NA,NA,NA,NA,2625,NA,NA,NA,NA,1250,NA,NA,NA,NA,150,NA,NA,NA,NA,125,NA,NA,NA,NA,10825,NA,NA,NA,NA,25000,NA,NA,NA,NA,325,NA,NA,NA,NA,1250,NA,NA,NA,NA,650,NA,NA,NA,NA,0,NA,NA,NA,NA,0,NA,NA,NA,NA,1850,NA,NA,NA,NA,0,NA,NA,NA,NA,0,NA,NA,NA,NA,NA,NA,NA,NA,NA,29,NA,NA,NA,NA,10450,NA,NA,NA,NA,0,NA,NA,NA,NA
M17 [Vaccines],17.14,Measles Rubella (MR),1. Balance From Previous Month,856380,NA,NA,NA,NA,1000,NA,NA,NA,NA,NA,NA,NA,NA,NA,1400,NA,NA,NA,NA,1500,NA,NA,NA,NA,32300,NA,NA,NA,NA,12500,NA,NA,NA,NA,2980,NA,NA,NA,NA,NA,NA,NA,NA,NA,33484,NA,NA,NA,NA,9780,NA,NA,NA,NA,3230,NA,NA,NA,NA,241000,NA,NA,NA,NA,160,NA,NA,NA,NA,800,NA,NA,NA,NA,0,NA,NA,NA,NA,2850,NA,NA,NA,NA,72400,NA,NA,NA,NA,75000,NA,NA,NA,NA,1400,NA,NA,NA,NA,0,NA,NA,NA,NA,4796,NA,NA,NA,NA,202070,NA,NA,NA,NA,3740,NA,NA,NA,NA,NA,NA,NA,NA,NA,51200,NA,NA,NA,NA,101790,NA,NA,NA,NA,1000,NA,NA,NA,NA
M17 [Vaccines],17.14,Measles Rubella (MR),2. Stocks Received,247613,NA,NA,NA,NA,24000,NA,NA,NA,NA,NA,NA,NA,NA,NA,0,NA,NA,NA,NA,11000,NA,NA,NA,NA,0,NA,NA,NA,NA,0,NA,NA,NA,NA,5000,NA,NA,NA,NA,NA,NA,NA,NA,NA,613,NA,NA,NA,NA,0,NA,NA,NA,NA,10000,NA,NA,NA,NA,0,NA,NA,NA,NA,12000,NA,NA,NA,NA,25000,NA,NA,NA,NA,10000,NA,NA,NA,NA,5000,NA,NA,NA,NA,0,NA,NA,NA,NA,67000,NA,NA,NA,NA,48000,NA,NA,NA,NA,0,NA,NA,NA,NA,0,NA,NA,NA,NA,0,NA,NA,NA,NA,4000,NA,NA,NA,NA,NA,NA,NA,NA,NA,0,NA,NA,NA,NA,20000,NA,NA,NA,NA,6000,NA,NA,NA,NA
M17 [Vaccines],17.14,Measles Rubella (MR),3. Unusable Stock,3900,NA,NA,NA,NA,0,NA,NA,NA,NA,NA,NA,NA,NA,NA,NA,NA,NA,NA,NA,NA,NA,NA,NA,NA,0,NA,NA,NA,NA,0,NA,NA,NA,NA,0,NA,NA,NA,NA,NA,NA,NA,NA,NA,NA,NA,NA,NA,NA,NA,NA,NA,NA,NA,0,NA,NA,NA,NA,NA,NA,NA,NA,NA,0,NA,NA,NA,NA,0,NA,NA,NA,NA,3900,NA,NA,NA,NA,0,NA,NA,NA,NA,NA,NA,NA,NA,NA,0,NA,NA,NA,NA,0,NA,NA,NA,NA,0,NA,NA,NA,NA,0,NA,NA,NA,NA,NA,NA,NA,NA,NA,0,NA,NA,NA,NA,NA,NA,NA,NA,NA,0,NA,NA,NA,NA,NA,NA,NA,NA,NA,NA,NA,NA,NA,NA
M17 [Vaccines],17.14,Measles Rubella (MR),4. Stock Distributed,127934,NA,NA,NA,NA,2500,NA,NA,NA,NA,NA,NA,NA,NA,NA,1400,NA,NA,NA,NA,11050,NA,NA,NA,NA,4900,NA,NA,NA,NA,0,NA,NA,NA,NA,4200,NA,NA,NA,NA,NA,NA,NA,NA,NA,536,NA,NA,NA,NA,1560,NA,NA,NA,NA,10550,NA,NA,NA,NA,18000,NA,NA,NA,NA,7350,NA,NA,NA,NA,7040,NA,NA,NA,NA,6100,NA,NA,NA,NA,6850,NA,NA,NA,NA,1100,NA,NA,NA,NA,10000,NA,NA,NA,NA,8340,NA,NA,NA,NA,0,NA,NA,NA,NA,4108,NA,NA,NA,NA,NA,NA,NA,NA,NA,3650,NA,NA,NA,NA,NA,NA,NA,NA,NA,4000,NA,NA,NA,NA,8500,NA,NA,NA,NA,6200,NA,NA,NA,NA
M17 [Vaccines],17.14,Measles Rubella (MR),5. Total Stock,951559,NA,NA,NA,NA,22500,NA,NA,NA,NA,NA,NA,NA,NA,NA,0,NA,NA,NA,NA,1450,NA,NA,NA,NA,27400,NA,NA,NA,NA,12500,NA,NA,NA,NA,3780,NA,NA,NA,NA,NA,NA,NA,NA,NA,33561,NA,NA,NA,NA,8220,NA,NA,NA,NA,2680,NA,NA,NA,NA,223000,NA,NA,NA,NA,4810,NA,NA,NA,NA,18760,NA,NA,NA,NA,0,NA,NA,NA,NA,1000,NA,NA,NA,NA,71300,NA,NA,NA,NA,132000,NA,NA,NA,NA,41060,NA,NA,NA,NA,0,NA,NA,NA,NA,688,NA,NA,NA,NA,181470,NA,NA,NA,NA,4090,NA,NA,NA,NA,NA,NA,NA,NA,NA,47200,NA,NA,NA,NA,113290,NA,NA,NA,NA,800,NA,NA,NA,NA
M18 [Family Planning],18.1,IUD 380 A,1. Balance From Previous Month,2292,NA,NA,NA,NA,0,NA,NA,NA,NA,350,NA,NA,NA,NA,0,NA,NA,NA,NA,100,NA,NA,NA,NA,300,NA,NA,NA,NA,0,NA,NA,NA,NA,200,NA,NA,NA,NA,0,NA,NA,NA,NA,0,NA,NA,NA,NA,350,NA,NA,NA,NA,0,NA,NA,NA,NA,0,NA,NA,NA,NA,0,NA,NA,NA,NA,0,NA,NA,NA,NA,NA,NA,NA,NA,NA,0,NA,NA,NA,NA,461,NA,NA,NA,NA,NA,NA,NA,NA,NA,0,NA,NA,NA,NA,0,NA,NA,NA,NA,400,NA,NA,NA,NA,NA,NA,NA,NA,NA,0,NA,NA,NA,NA,NA,NA,NA,NA,NA,0,NA,NA,NA,NA,131,NA,NA,NA,NA,0,NA,NA,NA,NA
M18 [Family Planning],18.1,IUD 380 A,2. Stocks Received,6400,NA,NA,NA,NA,0,NA,NA,NA,NA,0,NA,NA,NA,NA,NA,NA,NA,NA,NA,0,NA,NA,NA,NA,0,NA,NA,NA,NA,150,NA,NA,NA,NA,0,NA,NA,NA,NA,2250,NA,NA,NA,NA,1000,NA,NA,NA,NA,0,NA,NA,NA,NA,0,NA,NA,NA,NA,1300,NA,NA,NA,NA,0,NA,NA,NA,NA,600,NA,NA,NA,NA,NA,NA,NA,NA,NA,0,NA,NA,NA,NA,0,NA,NA,NA,NA,NA,NA,NA,NA,NA,100,NA,NA,NA,NA,0,NA,NA,NA,NA,0,NA,NA,NA,NA,NA,NA,NA,NA,NA,1000,NA,NA,NA,NA,NA,NA,NA,NA,NA,0,NA,NA,NA,NA,NA,NA,NA,NA,NA,0,NA,NA,NA,NA
M18 [Family Planning],18.1,IUD 380 A,3. Unusable Stock,0,NA,NA,NA,NA,0,NA,NA,NA,NA,NA,NA,NA,NA,NA,NA,NA,NA,NA,NA,NA,NA,NA,NA,NA,0,NA,NA,NA,NA,0,NA,NA,NA,NA,0,NA,NA,NA,NA,NA,NA,NA,NA,NA,NA,NA,NA,NA,NA,0,NA,NA,NA,NA,0,NA,NA,NA,NA,NA,NA,NA,NA,NA,0,NA,NA,NA,NA,0,NA,NA,NA,NA,NA,NA,NA,NA,NA,0,NA,NA,NA,NA,NA,NA,NA,NA,NA,NA,NA,NA,NA,NA,0,NA,NA,NA,NA,0,NA,NA,NA,NA,0,NA,NA,NA,NA,NA,NA,NA,NA,NA,0,NA,NA,NA,NA,NA,NA,NA,NA,NA,0,NA,NA,NA,NA,NA,NA,NA,NA,NA,0,NA,NA,NA,NA
M18 [Family Planning],18.1,IUD 380 A,4. Stock Distributed,2440,NA,NA,NA,NA,0,NA,NA,NA,NA,100,NA,NA,NA,NA,NA,NA,NA,NA,NA,100,NA,NA,NA,NA,0,NA,NA,NA,NA,150,NA,NA,NA,NA,200,NA,NA,NA,NA,100,NA,NA,NA,NA,350,NA,NA,NA,NA,100,NA,NA,NA,NA,0,NA,NA,NA,NA,0,NA,NA,NA,NA,0,NA,NA,NA,NA,600,NA,NA,NA,NA,NA,NA,NA,NA,NA,0,NA,NA,NA,NA,0,NA,NA,NA,NA,NA,NA,NA,NA,NA,50,NA,NA,NA,NA,0,NA,NA,NA,NA,100,NA,NA,NA,NA,NA,NA,NA,NA,NA,500,NA,NA,NA,NA,NA,NA,NA,NA,NA,0,NA,NA,NA,NA,90,NA,NA,NA,NA,0,NA,NA,NA,NA
M18 [Family Planning],18.1,IUD 380 A,5. Total Stock,6252,NA,NA,NA,NA,0,NA,NA,NA,NA,250,NA,NA,NA,NA,0,NA,NA,NA,NA,0,NA,NA,NA,NA,300,NA,NA,NA,NA,0,NA,NA,NA,NA,0,NA,NA,NA,NA,2150,NA,NA,NA,NA,650,NA,NA,NA,NA,250,NA,NA,NA,NA,0,NA,NA,NA,NA,1300,NA,NA,NA,NA,0,NA,NA,NA,NA,0,NA,NA,NA,NA,0,NA,NA,NA,NA,0,NA,NA,NA,NA,461,NA,NA,NA,NA,0,NA,NA,NA,NA,50,NA,NA,NA,NA,0,NA,NA,NA,NA,300,NA,NA,NA,NA,0,NA,NA,NA,NA,500,NA,NA,NA,NA,0,NA,NA,NA,NA,0,NA,NA,NA,NA,41,NA,NA,NA,NA,0,NA,NA,NA,NA
M18 [Family Planning],18.2,IUD 375 A,1. Balance From Previous Month,6401,NA,NA,NA,NA,0,NA,NA,NA,NA,200,NA,NA,NA,NA,0,NA,NA,NA,NA,550,NA,NA,NA,NA,0,NA,NA,NA,NA,0,NA,NA,NA,NA,80,NA,NA,NA,NA,0,NA,NA,NA,NA,600,NA,NA,NA,NA,0,NA,NA,NA,NA,0,NA,NA,NA,NA,500,NA,NA,NA,NA,0,NA,NA,NA,NA,100,NA,NA,NA,NA,NA,NA,NA,NA,NA,0,NA,NA,NA,NA,1400,NA,NA,NA,NA,NA,NA,NA,NA,NA,229,NA,NA,NA,NA,600,NA,NA,NA,NA,442,NA,NA,NA,NA,NA,NA,NA,NA,NA,0,NA,NA,NA,NA,NA,NA,NA,NA,NA,0,NA,NA,NA,NA,300,NA,NA,NA,NA,1400,NA,NA,NA,NA
M18 [Family Planning],18.2,IUD 375 A,2. Stocks Received,6550,NA,NA,NA,NA,0,NA,NA,NA,NA,0,NA,NA,NA,NA,NA,NA,NA,NA,NA,0,NA,NA,NA,NA,0,NA,NA,NA,NA,100,NA,NA,NA,NA,0,NA,NA,NA,NA,2250,NA,NA,NA,NA,1000,NA,NA,NA,NA,0,NA,NA,NA,NA,0,NA,NA,NA,NA,1300,NA,NA,NA,NA,0,NA,NA,NA,NA,600,NA,NA,NA,NA,NA,NA,NA,NA,NA,0,NA,NA,NA,NA,0,NA,NA,NA,NA,NA,NA,NA,NA,NA,100,NA,NA,NA,NA,100,NA,NA,NA,NA,0,NA,NA,NA,NA,NA,NA,NA,NA,NA,1100,NA,NA,NA,NA,NA,NA,NA,NA,NA,0,NA,NA,NA,NA,NA,NA,NA,NA,NA,0,NA,NA,NA,NA
M18 [Family Planning],18.2,IUD 375 A,3. Unusable Stock,0,NA,NA,NA,NA,0,NA,NA,NA,NA,NA,NA,NA,NA,NA,NA,NA,NA,NA,NA,NA,NA,NA,NA,NA,0,NA,NA,NA,NA,0,NA,NA,NA,NA,0,NA,NA,NA,NA,NA,NA,NA,NA,NA,NA,NA,NA,NA,NA,0,NA,NA,NA,NA,0,NA,NA,NA,NA,NA,NA,NA,NA,NA,0,NA,NA,NA,NA,0,NA,NA,NA,NA,NA,NA,NA,NA,NA,0,NA,NA,NA,NA,NA,NA,NA,NA,NA,NA,NA,NA,NA,NA,0,NA,NA,NA,NA,0,NA,NA,NA,NA,0,NA,NA,NA,NA,NA,NA,NA,NA,NA,0,NA,NA,NA,NA,NA,NA,NA,NA,NA,NA,NA,NA,NA,NA,NA,NA,NA,NA,NA,0,NA,NA,NA,NA
M18 [Family Planning],18.2,IUD 375 A,4. Stock Distributed,3767,NA,NA,NA,NA,0,NA,NA,NA,NA,200,NA,NA,NA,NA,NA,NA,NA,NA,NA,550,NA,NA,NA,NA,0,NA,NA,NA,NA,100,NA,NA,NA,NA,0,NA,NA,NA,NA,100,NA,NA,NA,NA,900,NA,NA,NA,NA,0,NA,NA,NA,NA,0,NA,NA,NA,NA,0,NA,NA,NA,NA,0,NA,NA,NA,NA,600,NA,NA,NA,NA,NA,NA,NA,NA,NA,0,NA,NA,NA,NA,0,NA,NA,NA,NA,NA,NA,NA,NA,NA,200,NA,NA,NA,NA,0,NA,NA,NA,NA,42,NA,NA,NA,NA,NA,NA,NA,NA,NA,500,NA,NA,NA,NA,NA,NA,NA,NA,NA,0,NA,NA,NA,NA,175,NA,NA,NA,NA,400,NA,NA,NA,NA
M18 [Family Planning],18.2,IUD 375 A,5. Total Stock,9184,NA,NA,NA,NA,0,NA,NA,NA,NA,0,NA,NA,NA,NA,0,NA,NA,NA,NA,0,NA,NA,NA,NA,0,NA,NA,NA,NA,0,NA,NA,NA,NA,80,NA,NA,NA,NA,2150,NA,NA,NA,NA,700,NA,NA,NA,NA,0,NA,NA,NA,NA,0,NA,NA,NA,NA,1800,NA,NA,NA,NA,0,NA,NA,NA,NA,100,NA,NA,NA,NA,0,NA,NA,NA,NA,0,NA,NA,NA,NA,1400,NA,NA,NA,NA,0,NA,NA,NA,NA,129,NA,NA,NA,NA,700,NA,NA,NA,NA,400,NA,NA,NA,NA,0,NA,NA,NA,NA,600,NA,NA,NA,NA,0,NA,NA,NA,NA,0,NA,NA,NA,NA,125,NA,NA,NA,NA,1000,NA,NA,NA,NA
M18 [Family Planning],18.3,Condoms,1. Balance From Previous Month,887142,NA,NA,NA,NA,0,NA,NA,NA,NA,14400,NA,NA,NA,NA,0,NA,NA,NA,NA,50250,NA,NA,NA,NA,2070,NA,NA,NA,NA,9450,NA,NA,NA,NA,129340,NA,NA,NA,NA,0,NA,NA,NA,NA,180000,NA,NA,NA,NA,18100,NA,NA,NA,NA,0,NA,NA,NA,NA,97716,NA,NA,NA,NA,25700,NA,NA,NA,NA,15470,NA,NA,NA,NA,NA,NA,NA,NA,NA,0,NA,NA,NA,NA,84560,NA,NA,NA,NA,NA,NA,NA,NA,NA,67805,NA,NA,NA,NA,12000,NA,NA,NA,NA,51208,NA,NA,NA,NA,NA,NA,NA,NA,NA,18648,NA,NA,NA,NA,0,NA,NA,NA,NA,86960,NA,NA,NA,NA,14815,NA,NA,NA,NA,8650,NA,NA,NA,NA
M18 [Family Planning],18.3,Condoms,2. Stocks Received,2430720,NA,NA,NA,NA,145800,NA,NA,NA,NA,97200,NA,NA,NA,NA,NA,NA,NA,NA,NA,0,NA,NA,NA,NA,119360,NA,NA,NA,NA,141750,NA,NA,NA,NA,124910,NA,NA,NA,NA,316770,NA,NA,NA,NA,440140,NA,NA,NA,NA,48680,NA,NA,NA,NA,232290,NA,NA,NA,NA,9200,NA,NA,NA,NA,0,NA,NA,NA,NA,92570,NA,NA,NA,NA,NA,NA,NA,NA,NA,0,NA,NA,NA,NA,0,NA,NA,NA,NA,NA,NA,NA,NA,NA,97200,NA,NA,NA,NA,151200,NA,NA,NA,NA,0,NA,NA,NA,NA,NA,NA,NA,NA,NA,146600,NA,NA,NA,NA,128000,NA,NA,NA,NA,0,NA,NA,NA,NA,139050,NA,NA,NA,NA,0,NA,NA,NA,NA
M18 [Family Planning],18.3,Condoms,3. Unusable Stock,0,NA,NA,NA,NA,0,NA,NA,NA,NA,NA,NA,NA,NA,NA,NA,NA,NA,NA,NA,NA,NA,NA,NA,NA,0,NA,NA,NA,NA,0,NA,NA,NA,NA,0,NA,NA,NA,NA,NA,NA,NA,NA,NA,NA,NA,NA,NA,NA,0,NA,NA,NA,NA,0,NA,NA,NA,NA,NA,NA,NA,NA,NA,0,NA,NA,NA,NA,0,NA,NA,NA,NA,NA,NA,NA,NA,NA,0,NA,NA,NA,NA,NA,NA,NA,NA,NA,NA,NA,NA,NA,NA,0,NA,NA,NA,NA,0,NA,NA,NA,NA,0,NA,NA,NA,NA,NA,NA,NA,NA,NA,0,NA,NA,NA,NA,0,NA,NA,NA,NA,NA,NA,NA,NA,NA,NA,NA,NA,NA,NA,0,NA,NA,NA,NA
M18 [Family Planning],18.3,Condoms,4. Stock Distributed,1590728,NA,NA,NA,NA,145800,NA,NA,NA,NA,39840,NA,NA,NA,NA,NA,NA,NA,NA,NA,20250,NA,NA,NA,NA,106650,NA,NA,NA,NA,151200,NA,NA,NA,NA,31140,NA,NA,NA,NA,21000,NA,NA,NA,NA,550460,NA,NA,NA,NA,900,NA,NA,NA,NA,194290,NA,NA,NA,NA,10000,NA,NA,NA,NA,5400,NA,NA,NA,NA,60000,NA,NA,NA,NA,NA,NA,NA,NA,NA,0,NA,NA,NA,NA,0,NA,NA,NA,NA,NA,NA,NA,NA,NA,12500,NA,NA,NA,NA,100000,NA,NA,NA,NA,408,NA,NA,NA,NA,NA,NA,NA,NA,NA,20000,NA,NA,NA,NA,0,NA,NA,NA,NA,82640,NA,NA,NA,NA,33750,NA,NA,NA,NA,4500,NA,NA,NA,NA
M18 [Family Planning],18.3,Condoms,5. Total Stock,1727134,NA,NA,NA,NA,0,NA,NA,NA,NA,71760,NA,NA,NA,NA,0,NA,NA,NA,NA,30000,NA,NA,NA,NA,14780,NA,NA,NA,NA,0,NA,NA,NA,NA,223110,NA,NA,NA,NA,295770,NA,NA,NA,NA,69680,NA,NA,NA,NA,65880,NA,NA,NA,NA,38000,NA,NA,NA,NA,96916,NA,NA,NA,NA,20300,NA,NA,NA,NA,48040,NA,NA,NA,NA,0,NA,NA,NA,NA,0,NA,NA,NA,NA,84560,NA,NA,NA,NA,0,NA,NA,NA,NA,152505,NA,NA,NA,NA,63200,NA,NA,NA,NA,50800,NA,NA,NA,NA,0,NA,NA,NA,NA,145248,NA,NA,NA,NA,128000,NA,NA,NA,NA,4320,NA,NA,NA,NA,120115,NA,NA,NA,NA,4150,NA,NA,NA,NA
M18 [Family Planning],18.4,Oral Contraceptive,1. Balance From Previous Month,24005,NA,NA,NA,NA,0,NA,NA,NA,NA,300,NA,NA,NA,NA,0,NA,NA,NA,NA,300,NA,NA,NA,NA,0,NA,NA,NA,NA,0,NA,NA,NA,NA,0,NA,NA,NA,NA,0,NA,NA,NA,NA,0,NA,NA,NA,NA,0,NA,NA,NA,NA,0,NA,NA,NA,NA,200,NA,NA,NA,NA,0,NA,NA,NA,NA,0,NA,NA,NA,NA,NA,NA,NA,NA,NA,0,NA,NA,NA,NA,5200,NA,NA,NA,NA,NA,NA,NA,NA,NA,1000,NA,NA,NA,NA,0,NA,NA,NA,NA,16218,NA,NA,NA,NA,NA,NA,NA,NA,NA,787,NA,NA,NA,NA,NA,NA,NA,NA,NA,NA,NA,NA,NA,NA,NA,NA,NA,NA,NA,0,NA,NA,NA,NA
M18 [Family Planning],18.4,Oral Contraceptive,2. Stocks Received,112000,NA,NA,NA,NA,20000,NA,NA,NA,NA,0,NA,NA,NA,NA,NA,NA,NA,NA,NA,0,NA,NA,NA,NA,0,NA,NA,NA,NA,0,NA,NA,NA,NA,0,NA,NA,NA,NA,20000,NA,NA,NA,NA,12000,NA,NA,NA,NA,0,NA,NA,NA,NA,9000,NA,NA,NA,NA,9000,NA,NA,NA,NA,0,NA,NA,NA,NA,6000,NA,NA,NA,NA,NA,NA,NA,NA,NA,0,NA,NA,NA,NA,0,NA,NA,NA,NA,NA,NA,NA,NA,NA,6000,NA,NA,NA,NA,0,NA,NA,NA,NA,0,NA,NA,NA,NA,NA,NA,NA,NA,NA,30000,NA,NA,NA,NA,NA,NA,NA,NA,NA,NA,NA,NA,NA,NA,NA,NA,NA,NA,NA,0,NA,NA,NA,NA
M18 [Family Planning],18.4,Oral Contraceptive,3. Unusable Stock,0,NA,NA,NA,NA,0,NA,NA,NA,NA,NA,NA,NA,NA,NA,NA,NA,NA,NA,NA,NA,NA,NA,NA,NA,0,NA,NA,NA,NA,0,NA,NA,NA,NA,0,NA,NA,NA,NA,NA,NA,NA,NA,NA,NA,NA,NA,NA,NA,0,NA,NA,NA,NA,0,NA,NA,NA,NA,NA,NA,NA,NA,NA,0,NA,NA,NA,NA,0,NA,NA,NA,NA,NA,NA,NA,NA,NA,0,NA,NA,NA,NA,NA,NA,NA,NA,NA,NA,NA,NA,NA,NA,0,NA,NA,NA,NA,0,NA,NA,NA,NA,0,NA,NA,NA,NA,NA,NA,NA,NA,NA,0,NA,NA,NA,NA,NA,NA,NA,NA,NA,NA,NA,NA,NA,NA,NA,NA,NA,NA,NA,0,NA,NA,NA,NA
M18 [Family Planning],18.4,Oral Contraceptive,4. Stock Distributed,69772,NA,NA,NA,NA,20000,NA,NA,NA,NA,300,NA,NA,NA,NA,NA,NA,NA,NA,NA,300,NA,NA,NA,NA,0,NA,NA,NA,NA,0,NA,NA,NA,NA,0,NA,NA,NA,NA,0,NA,NA,NA,NA,5200,NA,NA,NA,NA,0,NA,NA,NA,NA,9000,NA,NA,NA,NA,7000,NA,NA,NA,NA,0,NA,NA,NA,NA,6000,NA,NA,NA,NA,NA,NA,NA,NA,NA,0,NA,NA,NA,NA,0,NA,NA,NA,NA,NA,NA,NA,NA,NA,1625,NA,NA,NA,NA,0,NA,NA,NA,NA,347,NA,NA,NA,NA,NA,NA,NA,NA,NA,20000,NA,NA,NA,NA,NA,NA,NA,NA,NA,NA,NA,NA,NA,NA,NA,NA,NA,NA,NA,0,NA,NA,NA,NA
M18 [Family Planning],18.4,Oral Contraceptive,5. Total Stock,66233,NA,NA,NA,NA,0,NA,NA,NA,NA,0,NA,NA,NA,NA,0,NA,NA,NA,NA,0,NA,NA,NA,NA,0,NA,NA,NA,NA,0,NA,NA,NA,NA,0,NA,NA,NA,NA,20000,NA,NA,NA,NA,6800,NA,NA,NA,NA,0,NA,NA,NA,NA,0,NA,NA,NA,NA,2200,NA,NA,NA,NA,0,NA,NA,NA,NA,0,NA,NA,NA,NA,0,NA,NA,NA,NA,0,NA,NA,NA,NA,5200,NA,NA,NA,NA,0,NA,NA,NA,NA,5375,NA,NA,NA,NA,0,NA,NA,NA,NA,15871,NA,NA,NA,NA,0,NA,NA,NA,NA,10787,NA,NA,NA,NA,0,NA,NA,NA,NA,0,NA,NA,NA,NA,0,NA,NA,NA,NA,0,NA,NA,NA,NA
M18 [Family Planning],18.5,Emergency Contraceptive Pills,1. Balance From Previous Month,28828,NA,NA,NA,NA,0,NA,NA,NA,NA,0,NA,NA,NA,NA,0,NA,NA,NA,NA,600,NA,NA,NA,NA,0,NA,NA,NA,NA,600,NA,NA,NA,NA,3900,NA,NA,NA,NA,0,NA,NA,NA,NA,0,NA,NA,NA,NA,0,NA,NA,NA,NA,0,NA,NA,NA,NA,2800,NA,NA,NA,NA,0,NA,NA,NA,NA,0,NA,NA,NA,NA,NA,NA,NA,NA,NA,0,NA,NA,NA,NA,5200,NA,NA,NA,NA,NA,NA,NA,NA,NA,9928,NA,NA,NA,NA,0,NA,NA,NA,NA,4000,NA,NA,NA,NA,NA,NA,NA,NA,NA,500,NA,NA,NA,NA,0,NA,NA,NA,NA,400,NA,NA,NA,NA,900,NA,NA,NA,NA,0,NA,NA,NA,NA
M18 [Family Planning],18.5,Emergency Contraceptive Pills,2. Stocks Received,13200,NA,NA,NA,NA,600,NA,NA,NA,NA,0,NA,NA,NA,NA,NA,NA,NA,NA,NA,0,NA,NA,NA,NA,0,NA,NA,NA,NA,1800,NA,NA,NA,NA,3000,NA,NA,NA,NA,0,NA,NA,NA,NA,4600,NA,NA,NA,NA,0,NA,NA,NA,NA,600,NA,NA,NA,NA,0,NA,NA,NA,NA,0,NA,NA,NA,NA,0,NA,NA,NA,NA,NA,NA,NA,NA,NA,0,NA,NA,NA,NA,0,NA,NA,NA,NA,NA,NA,NA,NA,NA,600,NA,NA,NA,NA,0,NA,NA,NA,NA,0,NA,NA,NA,NA,NA,NA,NA,NA,NA,200,NA,NA,NA,NA,600,NA,NA,NA,NA,0,NA,NA,NA,NA,1200,NA,NA,NA,NA,NA,NA,NA,NA,NA
M18 [Family Planning],18.5,Emergency Contraceptive Pills,3. Unusable Stock,0,NA,NA,NA,NA,0,NA,NA,NA,NA,NA,NA,NA,NA,NA,NA,NA,NA,NA,NA,NA,NA,NA,NA,NA,0,NA,NA,NA,NA,0,NA,NA,NA,NA,0,NA,NA,NA,NA,NA,NA,NA,NA,NA,NA,NA,NA,NA,NA,0,NA,NA,NA,NA,0,NA,NA,NA,NA,NA,NA,NA,NA,NA,0,NA,NA,NA,NA,0,NA,NA,NA,NA,NA,NA,NA,NA,NA,0,NA,NA,NA,NA,NA,NA,NA,NA,NA,NA,NA,NA,NA,NA,0,NA,NA,NA,NA,0,NA,NA,NA,NA,0,NA,NA,NA,NA,NA,NA,NA,NA,NA,0,NA,NA,NA,NA,0,NA,NA,NA,NA,0,NA,NA,NA,NA,NA,NA,NA,NA,NA,0,NA,NA,NA,NA
M18 [Family Planning],18.5,Emergency Contraceptive Pills,4. Stock Distributed,12155,NA,NA,NA,NA,600,NA,NA,NA,NA,0,NA,NA,NA,NA,NA,NA,NA,NA,NA,600,NA,NA,NA,NA,0,NA,NA,NA,NA,2400,NA,NA,NA,NA,2400,NA,NA,NA,NA,0,NA,NA,NA,NA,3000,NA,NA,NA,NA,0,NA,NA,NA,NA,600,NA,NA,NA,NA,0,NA,NA,NA,NA,0,NA,NA,NA,NA,0,NA,NA,NA,NA,NA,NA,NA,NA,NA,0,NA,NA,NA,NA,0,NA,NA,NA,NA,NA,NA,NA,NA,NA,1255,NA,NA,NA,NA,0,NA,NA,NA,NA,0,NA,NA,NA,NA,NA,NA,NA,NA,NA,100,NA,NA,NA,NA,0,NA,NA,NA,NA,400,NA,NA,NA,NA,800,NA,NA,NA,NA,0,NA,NA,NA,NA
M18 [Family Planning],18.5,Emergency Contraceptive Pills,5. Total Stock,29873,NA,NA,NA,NA,0,NA,NA,NA,NA,0,NA,NA,NA,NA,0,NA,NA,NA,NA,0,NA,NA,NA,NA,0,NA,NA,NA,NA,0,NA,NA,NA,NA,4500,NA,NA,NA,NA,0,NA,NA,NA,NA,1600,NA,NA,NA,NA,0,NA,NA,NA,NA,0,NA,NA,NA,NA,2800,NA,NA,NA,NA,0,NA,NA,NA,NA,0,NA,NA,NA,NA,0,NA,NA,NA,NA,0,NA,NA,NA,NA,5200,NA,NA,NA,NA,0,NA,NA,NA,NA,9273,NA,NA,NA,NA,0,NA,NA,NA,NA,4000,NA,NA,NA,NA,0,NA,NA,NA,NA,600,NA,NA,NA,NA,600,NA,NA,NA,NA,0,NA,NA,NA,NA,1300,NA,NA,NA,NA,0,NA,NA,NA,NA
M18 [Family Planning],18.6,Centchroman weekly pills,1. Balance From Previous Month,16500,NA,NA,NA,NA,0,NA,NA,NA,NA,2400,NA,NA,NA,NA,0,NA,NA,NA,NA,200,NA,NA,NA,NA,0,NA,NA,NA,NA,0,NA,NA,NA,NA,3600,NA,NA,NA,NA,300,NA,NA,NA,NA,6400,NA,NA,NA,NA,0,NA,NA,NA,NA,0,NA,NA,NA,NA,900,NA,NA,NA,NA,0,NA,NA,NA,NA,1800,NA,NA,NA,NA,NA,NA,NA,NA,NA,0,NA,NA,NA,NA,NA,NA,NA,NA,NA,NA,NA,NA,NA,NA,NA,NA,NA,NA,NA,0,NA,NA,NA,NA,0,NA,NA,NA,NA,NA,NA,NA,NA,NA,900,NA,NA,NA,NA,NA,NA,NA,NA,NA,NA,NA,NA,NA,NA,NA,NA,NA,NA,NA,0,NA,NA,NA,NA
M18 [Family Planning],18.6,Centchroman weekly pills,2. Stocks Received,2500,NA,NA,NA,NA,0,NA,NA,NA,NA,0,NA,NA,NA,NA,NA,NA,NA,NA,NA,0,NA,NA,NA,NA,0,NA,NA,NA,NA,0,NA,NA,NA,NA,0,NA,NA,NA,NA,0,NA,NA,NA,NA,NA,NA,NA,NA,NA,0,NA,NA,NA,NA,0,NA,NA,NA,NA,0,NA,NA,NA,NA,0,NA,NA,NA,NA,2500,NA,NA,NA,NA,NA,NA,NA,NA,NA,0,NA,NA,NA,NA,NA,NA,NA,NA,NA,NA,NA,NA,NA,NA,NA,NA,NA,NA,NA,0,NA,NA,NA,NA,0,NA,NA,NA,NA,NA,NA,NA,NA,NA,0,NA,NA,NA,NA,NA,NA,NA,NA,NA,NA,NA,NA,NA,NA,NA,NA,NA,NA,NA,0,NA,NA,NA,NA
M18 [Family Planning],18.6,Centchroman weekly pills,3. Unusable Stock,0,NA,NA,NA,NA,0,NA,NA,NA,NA,NA,NA,NA,NA,NA,NA,NA,NA,NA,NA,NA,NA,NA,NA,NA,0,NA,NA,NA,NA,0,NA,NA,NA,NA,0,NA,NA,NA,NA,NA,NA,NA,NA,NA,NA,NA,NA,NA,NA,0,NA,NA,NA,NA,0,NA,NA,NA,NA,NA,NA,NA,NA,NA,0,NA,NA,NA,NA,0,NA,NA,NA,NA,NA,NA,NA,NA,NA,0,NA,NA,NA,NA,NA,NA,NA,NA,NA,NA,NA,NA,NA,NA,NA,NA,NA,NA,NA,0,NA,NA,NA,NA,0,NA,NA,NA,NA,NA,NA,NA,NA,NA,0,NA,NA,NA,NA,NA,NA,NA,NA,NA,NA,NA,NA,NA,NA,NA,NA,NA,NA,NA,0,NA,NA,NA,NA
M18 [Family Planning],18.6,Centchroman weekly pills,4. Stock Distributed,12400,NA,NA,NA,NA,0,NA,NA,NA,NA,1600,NA,NA,NA,NA,NA,NA,NA,NA,NA,200,NA,NA,NA,NA,0,NA,NA,NA,NA,0,NA,NA,NA,NA,2400,NA,NA,NA,NA,0,NA,NA,NA,NA,6400,NA,NA,NA,NA,0,NA,NA,NA,NA,0,NA,NA,NA,NA,0,NA,NA,NA,NA,0,NA,NA,NA,NA,1500,NA,NA,NA,NA,NA,NA,NA,NA,NA,0,NA,NA,NA,NA,NA,NA,NA,NA,NA,NA,NA,NA,NA,NA,NA,NA,NA,NA,NA,0,NA,NA,NA,NA,0,NA,NA,NA,NA,NA,NA,NA,NA,NA,300,NA,NA,NA,NA,NA,NA,NA,NA,NA,NA,NA,NA,NA,NA,NA,NA,NA,NA,NA,0,NA,NA,NA,NA
M18 [Family Planning],18.6,Centchroman weekly pills,5. Total Stock,6600,NA,NA,NA,NA,0,NA,NA,NA,NA,800,NA,NA,NA,NA,0,NA,NA,NA,NA,0,NA,NA,NA,NA,0,NA,NA,NA,NA,0,NA,NA,NA,NA,1200,NA,NA,NA,NA,300,NA,NA,NA,NA,0,NA,NA,NA,NA,0,NA,NA,NA,NA,0,NA,NA,NA,NA,900,NA,NA,NA,NA,0,NA,NA,NA,NA,2800,NA,NA,NA,NA,NA,NA,NA,NA,NA,0,NA,NA,NA,NA,NA,NA,NA,NA,NA,NA,NA,NA,NA,NA,NA,NA,NA,NA,NA,0,NA,NA,NA,NA,0,NA,NA,NA,NA,NA,NA,NA,NA,NA,600,NA,NA,NA,NA,NA,NA,NA,NA,NA,NA,NA,NA,NA,NA,NA,NA,NA,NA,NA,NA,NA,NA,NA,NA
M18 [Family Planning],18.7,Injectable Contraceptive MPA (Vials),1. Balance From Previous Month,4891,NA,NA,NA,NA,0,NA,NA,NA,NA,867,NA,NA,NA,NA,0,NA,NA,NA,NA,700,NA,NA,NA,NA,235,NA,NA,NA,NA,665,NA,NA,NA,NA,273,NA,NA,NA,NA,0,NA,NA,NA,NA,238,NA,NA,NA,NA,0,NA,NA,NA,NA,0,NA,NA,NA,NA,572,NA,NA,NA,NA,0,NA,NA,NA,NA,240,NA,NA,NA,NA,NA,NA,NA,NA,NA,0,NA,NA,NA,NA,NA,NA,NA,NA,NA,NA,NA,NA,NA,NA,661,NA,NA,NA,NA,0,NA,NA,NA,NA,0,NA,NA,NA,NA,NA,NA,NA,NA,NA,200,NA,NA,NA,NA,NA,NA,NA,NA,NA,NA,NA,NA,NA,NA,240,NA,NA,NA,NA,0,NA,NA,NA,NA
M18 [Family Planning],18.7,Injectable Contraceptive MPA (Vials),2. Stocks Received,17520,NA,NA,NA,NA,100,NA,NA,NA,NA,0,NA,NA,NA,NA,NA,NA,NA,NA,NA,0,NA,NA,NA,NA,0,NA,NA,NA,NA,120,NA,NA,NA,NA,1200,NA,NA,NA,NA,10120,NA,NA,NA,NA,2000,NA,NA,NA,NA,0,NA,NA,NA,NA,240,NA,NA,NA,NA,0,NA,NA,NA,NA,0,NA,NA,NA,NA,500,NA,NA,NA,NA,NA,NA,NA,NA,NA,0,NA,NA,NA,NA,NA,NA,NA,NA,NA,NA,NA,NA,NA,NA,0,NA,NA,NA,NA,0,NA,NA,NA,NA,0,NA,NA,NA,NA,NA,NA,NA,NA,NA,3000,NA,NA,NA,NA,NA,NA,NA,NA,NA,NA,NA,NA,NA,NA,240,NA,NA,NA,NA,0,NA,NA,NA,NA
M18 [Family Planning],18.7,Injectable Contraceptive MPA (Vials),3. Unusable Stock,0,NA,NA,NA,NA,0,NA,NA,NA,NA,NA,NA,NA,NA,NA,NA,NA,NA,NA,NA,NA,NA,NA,NA,NA,0,NA,NA,NA,NA,0,NA,NA,NA,NA,0,NA,NA,NA,NA,NA,NA,NA,NA,NA,NA,NA,NA,NA,NA,0,NA,NA,NA,NA,0,NA,NA,NA,NA,NA,NA,NA,NA,NA,0,NA,NA,NA,NA,0,NA,NA,NA,NA,NA,NA,NA,NA,NA,0,NA,NA,NA,NA,NA,NA,NA,NA,NA,NA,NA,NA,NA,NA,0,NA,NA,NA,NA,0,NA,NA,NA,NA,0,NA,NA,NA,NA,NA,NA,NA,NA,NA,0,NA,NA,NA,NA,NA,NA,NA,NA,NA,NA,NA,NA,NA,NA,NA,NA,NA,NA,NA,0,NA,NA,NA,NA
M18 [Family Planning],18.7,Injectable Contraceptive MPA (Vials),4. Stock Distributed,1625,NA,NA,NA,NA,100,NA,NA,NA,NA,0,NA,NA,NA,NA,NA,NA,NA,NA,NA,700,NA,NA,NA,NA,10,NA,NA,NA,NA,0,NA,NA,NA,NA,50,NA,NA,NA,NA,0,NA,NA,NA,NA,NA,NA,NA,NA,NA,0,NA,NA,NA,NA,240,NA,NA,NA,NA,0,NA,NA,NA,NA,0,NA,NA,NA,NA,300,NA,NA,NA,NA,NA,NA,NA,NA,NA,0,NA,NA,NA,NA,NA,NA,NA,NA,NA,NA,NA,NA,NA,NA,25,NA,NA,NA,NA,0,NA,NA,NA,NA,0,NA,NA,NA,NA,NA,NA,NA,NA,NA,200,NA,NA,NA,NA,NA,NA,NA,NA,NA,NA,NA,NA,NA,NA,0,NA,NA,NA,NA,0,NA,NA,NA,NA
M18 [Family Planning],18.7,Injectable Contraceptive MPA (Vials),5. Total Stock,20786,NA,NA,NA,NA,0,NA,NA,NA,NA,867,NA,NA,NA,NA,0,NA,NA,NA,NA,0,NA,NA,NA,NA,225,NA,NA,NA,NA,785,NA,NA,NA,NA,1423,NA,NA,NA,NA,10120,NA,NA,NA,NA,2238,NA,NA,NA,NA,0,NA,NA,NA,NA,0,NA,NA,NA,NA,572,NA,NA,NA,NA,0,NA,NA,NA,NA,440,NA,NA,NA,NA,NA,NA,NA,NA,NA,0,NA,NA,NA,NA,NA,NA,NA,NA,NA,NA,NA,NA,NA,NA,636,NA,NA,NA,NA,0,NA,NA,NA,NA,0,NA,NA,NA,NA,NA,NA,NA,NA,NA,3000,NA,NA,NA,NA,NA,NA,NA,NA,NA,NA,NA,NA,NA,NA,480,NA,NA,NA,NA,NA,NA,NA,NA,NA
M18 [Family Planning],18.8,Tubal rings,1. Balance From Previous Month,13201,NA,NA,NA,NA,0,NA,NA,NA,NA,700,NA,NA,NA,NA,0,NA,NA,NA,NA,100,NA,NA,NA,NA,200,NA,NA,NA,NA,725,NA,NA,NA,NA,3800,NA,NA,NA,NA,0,NA,NA,NA,NA,200,NA,NA,NA,NA,0,NA,NA,NA,NA,0,NA,NA,NA,NA,800,NA,NA,NA,NA,100,NA,NA,NA,NA,400,NA,NA,NA,NA,NA,NA,NA,NA,NA,0,NA,NA,NA,NA,3200,NA,NA,NA,NA,NA,NA,NA,NA,NA,1776,NA,NA,NA,NA,0,NA,NA,NA,NA,0,NA,NA,NA,NA,NA,NA,NA,NA,NA,500,NA,NA,NA,NA,NA,NA,NA,NA,NA,0,NA,NA,NA,NA,700,NA,NA,NA,NA,0,NA,NA,NA,NA
M18 [Family Planning],18.8,Tubal rings,2. Stocks Received,9600,NA,NA,NA,NA,700,NA,NA,NA,NA,100,NA,NA,NA,NA,NA,NA,NA,NA,NA,0,NA,NA,NA,NA,0,NA,NA,NA,NA,100,NA,NA,NA,NA,3000,NA,NA,NA,NA,600,NA,NA,NA,NA,1000,NA,NA,NA,NA,0,NA,NA,NA,NA,1000,NA,NA,NA,NA,300,NA,NA,NA,NA,0,NA,NA,NA,NA,700,NA,NA,NA,NA,NA,NA,NA,NA,NA,0,NA,NA,NA,NA,0,NA,NA,NA,NA,NA,NA,NA,NA,NA,0,NA,NA,NA,NA,500,NA,NA,NA,NA,0,NA,NA,NA,NA,NA,NA,NA,NA,NA,1000,NA,NA,NA,NA,100,NA,NA,NA,NA,0,NA,NA,NA,NA,500,NA,NA,NA,NA,0,NA,NA,NA,NA
M18 [Family Planning],18.8,Tubal rings,3. Unusable Stock,0,NA,NA,NA,NA,0,NA,NA,NA,NA,NA,NA,NA,NA,NA,NA,NA,NA,NA,NA,NA,NA,NA,NA,NA,0,NA,NA,NA,NA,0,NA,NA,NA,NA,0,NA,NA,NA,NA,NA,NA,NA,NA,NA,NA,NA,NA,NA,NA,0,NA,NA,NA,NA,0,NA,NA,NA,NA,NA,NA,NA,NA,NA,0,NA,NA,NA,NA,0,NA,NA,NA,NA,NA,NA,NA,NA,NA,0,NA,NA,NA,NA,NA,NA,NA,NA,NA,NA,NA,NA,NA,NA,0,NA,NA,NA,NA,0,NA,NA,NA,NA,0,NA,NA,NA,NA,NA,NA,NA,NA,NA,0,NA,NA,NA,NA,0,NA,NA,NA,NA,0,NA,NA,NA,NA,NA,NA,NA,NA,NA,0,NA,NA,NA,NA
M18 [Family Planning],18.8,Tubal rings,4. Stock Distributed,4236,NA,NA,NA,NA,700,NA,NA,NA,NA,0,NA,NA,NA,NA,NA,NA,NA,NA,NA,100,NA,NA,NA,NA,0,NA,NA,NA,NA,100,NA,NA,NA,NA,0,NA,NA,NA,NA,0,NA,NA,NA,NA,1200,NA,NA,NA,NA,0,NA,NA,NA,NA,0,NA,NA,NA,NA,0,NA,NA,NA,NA,0,NA,NA,NA,NA,700,NA,NA,NA,NA,NA,NA,NA,NA,NA,0,NA,NA,NA,NA,0,NA,NA,NA,NA,NA,NA,NA,NA,NA,36,NA,NA,NA,NA,500,NA,NA,NA,NA,0,NA,NA,NA,NA,NA,NA,NA,NA,NA,500,NA,NA,NA,NA,0,NA,NA,NA,NA,0,NA,NA,NA,NA,400,NA,NA,NA,NA,0,NA,NA,NA,NA
M18 [Family Planning],18.8,Tubal rings,5. Total Stock,18465,NA,NA,NA,NA,0,NA,NA,NA,NA,800,NA,NA,NA,NA,0,NA,NA,NA,NA,0,NA,NA,NA,NA,200,NA,NA,NA,NA,725,NA,NA,NA,NA,6800,NA,NA,NA,NA,600,NA,NA,NA,NA,0,NA,NA,NA,NA,0,NA,NA,NA,NA,1000,NA,NA,NA,NA,1100,NA,NA,NA,NA,100,NA,NA,NA,NA,400,NA,NA,NA,NA,NA,NA,NA,NA,NA,0,NA,NA,NA,NA,3200,NA,NA,NA,NA,NA,NA,NA,NA,NA,1740,NA,NA,NA,NA,0,NA,NA,NA,NA,0,NA,NA,NA,NA,NA,NA,NA,NA,NA,1000,NA,NA,NA,NA,NA,NA,NA,NA,NA,0,NA,NA,NA,NA,800,NA,NA,NA,NA,NA,NA,NA,NA,NA
M18 [Family Planning],18.9,Pregnancy testing Kits (Nischay Kits),1. Balance From Previous Month,18542,NA,NA,NA,NA,0,NA,NA,NA,NA,400,NA,NA,NA,NA,0,NA,NA,NA,NA,200,NA,NA,NA,NA,0,NA,NA,NA,NA,2000,NA,NA,NA,NA,840,NA,NA,NA,NA,0,NA,NA,NA,NA,6500,NA,NA,NA,NA,2600,NA,NA,NA,NA,0,NA,NA,NA,NA,0,NA,NA,NA,NA,1400,NA,NA,NA,NA,700,NA,NA,NA,NA,NA,NA,NA,NA,NA,0,NA,NA,NA,NA,1000,NA,NA,NA,NA,NA,NA,NA,NA,NA,1120,NA,NA,NA,NA,0,NA,NA,NA,NA,50,NA,NA,NA,NA,NA,NA,NA,NA,NA,132,NA,NA,NA,NA,NA,NA,NA,NA,NA,1600,NA,NA,NA,NA,NA,NA,NA,NA,NA,0,NA,NA,NA,NA
M18 [Family Planning],18.9,Pregnancy testing Kits (Nischay Kits),2. Stocks Received,141800,NA,NA,NA,NA,12000,NA,NA,NA,NA,7000,NA,NA,NA,NA,NA,NA,NA,NA,NA,0,NA,NA,NA,NA,6000,NA,NA,NA,NA,4000,NA,NA,NA,NA,4000,NA,NA,NA,NA,18000,NA,NA,NA,NA,NA,NA,NA,NA,NA,10000,NA,NA,NA,NA,10000,NA,NA,NA,NA,12500,NA,NA,NA,NA,0,NA,NA,NA,NA,10000,NA,NA,NA,NA,NA,NA,NA,NA,NA,0,NA,NA,NA,NA,0,NA,NA,NA,NA,NA,NA,NA,NA,NA,10000,NA,NA,NA,NA,10000,NA,NA,NA,NA,0,NA,NA,NA,NA,NA,NA,NA,NA,NA,25900,NA,NA,NA,NA,2000,NA,NA,NA,NA,400,NA,NA,NA,NA,NA,NA,NA,NA,NA,0,NA,NA,NA,NA
M18 [Family Planning],18.9,Pregnancy testing Kits (Nischay Kits),3. Unusable Stock,0,NA,NA,NA,NA,0,NA,NA,NA,NA,NA,NA,NA,NA,NA,NA,NA,NA,NA,NA,NA,NA,NA,NA,NA,0,NA,NA,NA,NA,0,NA,NA,NA,NA,0,NA,NA,NA,NA,NA,NA,NA,NA,NA,NA,NA,NA,NA,NA,0,NA,NA,NA,NA,0,NA,NA,NA,NA,NA,NA,NA,NA,NA,0,NA,NA,NA,NA,0,NA,NA,NA,NA,NA,NA,NA,NA,NA,0,NA,NA,NA,NA,NA,NA,NA,NA,NA,NA,NA,NA,NA,NA,0,NA,NA,NA,NA,0,NA,NA,NA,NA,0,NA,NA,NA,NA,NA,NA,NA,NA,NA,0,NA,NA,NA,NA,0,NA,NA,NA,NA,0,NA,NA,NA,NA,NA,NA,NA,NA,NA,0,NA,NA,NA,NA
M18 [Family Planning],18.9,Pregnancy testing Kits (Nischay Kits),4. Stock Distributed,75800,NA,NA,NA,NA,12000,NA,NA,NA,NA,3400,NA,NA,NA,NA,NA,NA,NA,NA,NA,200,NA,NA,NA,NA,4000,NA,NA,NA,NA,4000,NA,NA,NA,NA,2000,NA,NA,NA,NA,7000,NA,NA,NA,NA,3300,NA,NA,NA,NA,800,NA,NA,NA,NA,6000,NA,NA,NA,NA,3000,NA,NA,NA,NA,1400,NA,NA,NA,NA,10000,NA,NA,NA,NA,NA,NA,NA,NA,NA,0,NA,NA,NA,NA,0,NA,NA,NA,NA,NA,NA,NA,NA,NA,650,NA,NA,NA,NA,6000,NA,NA,NA,NA,50,NA,NA,NA,NA,NA,NA,NA,NA,NA,10000,NA,NA,NA,NA,0,NA,NA,NA,NA,2000,NA,NA,NA,NA,NA,NA,NA,NA,NA,0,NA,NA,NA,NA
M18 [Family Planning],18.9,Pregnancy testing Kits (Nischay Kits),5. Total Stock,82542,NA,NA,NA,NA,0,NA,NA,NA,NA,4000,NA,NA,NA,NA,0,NA,NA,NA,NA,0,NA,NA,NA,NA,2000,NA,NA,NA,NA,2000,NA,NA,NA,NA,2840,NA,NA,NA,NA,11000,NA,NA,NA,NA,3200,NA,NA,NA,NA,11800,NA,NA,NA,NA,4000,NA,NA,NA,NA,9500,NA,NA,NA,NA,0,NA,NA,NA,NA,700,NA,NA,NA,NA,NA,NA,NA,NA,NA,0,NA,NA,NA,NA,1000,NA,NA,NA,NA,NA,NA,NA,NA,NA,10470,NA,NA,NA,NA,4000,NA,NA,NA,NA,0,NA,NA,NA,NA,NA,NA,NA,NA,NA,16032,NA,NA,NA,NA,NA,NA,NA,NA,NA,0,NA,NA,NA,NA,NA,NA,NA,NA,NA,NA,NA,NA,NA,NA
M19 [Other Items],19.1,Gloves,1. Balance From Previous Month,739426,NA,NA,NA,NA,68550,NA,NA,NA,NA,36300,NA,NA,NA,NA,38200,NA,NA,NA,NA,7601,NA,NA,NA,NA,4250,NA,NA,NA,NA,30175,NA,NA,NA,NA,92600,NA,NA,NA,NA,NA,NA,NA,NA,NA,75400,NA,NA,NA,NA,NA,NA,NA,NA,NA,44100,NA,NA,NA,NA,32800,NA,NA,NA,NA,4950,NA,NA,NA,NA,NA,NA,NA,NA,NA,NA,NA,NA,NA,NA,0,NA,NA,NA,NA,6350,NA,NA,NA,NA,NA,NA,NA,NA,NA,36000,NA,NA,NA,NA,0,NA,NA,NA,NA,108400,NA,NA,NA,NA,102500,NA,NA,NA,NA,0,NA,NA,NA,NA,36000,NA,NA,NA,NA,NA,NA,NA,NA,NA,3950,NA,NA,NA,NA,11300,NA,NA,NA,NA
M19 [Other Items],19.1,Gloves,2. Stocks Received,101900,NA,NA,NA,NA,0,NA,NA,NA,NA,0,NA,NA,NA,NA,NA,NA,NA,NA,NA,0,NA,NA,NA,NA,0,NA,NA,NA,NA,0,NA,NA,NA,NA,0,NA,NA,NA,NA,NA,NA,NA,NA,NA,NA,NA,NA,NA,NA,NA,NA,NA,NA,NA,0,NA,NA,NA,NA,0,NA,NA,NA,NA,0,NA,NA,NA,NA,NA,NA,NA,NA,NA,NA,NA,NA,NA,NA,0,NA,NA,NA,NA,0,NA,NA,NA,NA,NA,NA,NA,NA,NA,0,NA,NA,NA,NA,0,NA,NA,NA,NA,15600,NA,NA,NA,NA,0,NA,NA,NA,NA,0,NA,NA,NA,NA,0,NA,NA,NA,NA,NA,NA,NA,NA,NA,NA,NA,NA,NA,NA,86300,NA,NA,NA,NA
M19 [Other Items],19.1,Gloves,3. Unusable Stock,0,NA,NA,NA,NA,0,NA,NA,NA,NA,NA,NA,NA,NA,NA,NA,NA,NA,NA,NA,NA,NA,NA,NA,NA,0,NA,NA,NA,NA,0,NA,NA,NA,NA,0,NA,NA,NA,NA,NA,NA,NA,NA,NA,NA,NA,NA,NA,NA,NA,NA,NA,NA,NA,0,NA,NA,NA,NA,NA,NA,NA,NA,NA,0,NA,NA,NA,NA,NA,NA,NA,NA,NA,NA,NA,NA,NA,NA,0,NA,NA,NA,NA,0,NA,NA,NA,NA,NA,NA,NA,NA,NA,0,NA,NA,NA,NA,0,NA,NA,NA,NA,0,NA,NA,NA,NA,0,NA,NA,NA,NA,0,NA,NA,NA,NA,0,NA,NA,NA,NA,NA,NA,NA,NA,NA,NA,NA,NA,NA,NA,0,NA,NA,NA,NA
M19 [Other Items],19.1,Gloves,4. Stock Distributed,182721,NA,NA,NA,NA,11460,NA,NA,NA,NA,1050,NA,NA,NA,NA,NA,NA,NA,NA,NA,1350,NA,NA,NA,NA,0,NA,NA,NA,NA,2920,NA,NA,NA,NA,40800,NA,NA,NA,NA,NA,NA,NA,NA,NA,49691,NA,NA,NA,NA,NA,NA,NA,NA,NA,10250,NA,NA,NA,NA,5400,NA,NA,NA,NA,800,NA,NA,NA,NA,NA,NA,NA,NA,NA,NA,NA,NA,NA,NA,0,NA,NA,NA,NA,3800,NA,NA,NA,NA,NA,NA,NA,NA,NA,0,NA,NA,NA,NA,0,NA,NA,NA,NA,21700,NA,NA,NA,NA,16700,NA,NA,NA,NA,0,NA,NA,NA,NA,100,NA,NA,NA,NA,NA,NA,NA,NA,NA,3900,NA,NA,NA,NA,12800,NA,NA,NA,NA
M19 [Other Items],19.1,Gloves,5. Total Stock,658605,NA,NA,NA,NA,57090,NA,NA,NA,NA,35250,NA,NA,NA,NA,38200,NA,NA,NA,NA,6251,NA,NA,NA,NA,4250,NA,NA,NA,NA,27255,NA,NA,NA,NA,51800,NA,NA,NA,NA,0,NA,NA,NA,NA,25709,NA,NA,NA,NA,0,NA,NA,NA,NA,33850,NA,NA,NA,NA,27400,NA,NA,NA,NA,4150,NA,NA,NA,NA,0,NA,NA,NA,NA,0,NA,NA,NA,NA,0,NA,NA,NA,NA,2550,NA,NA,NA,NA,0,NA,NA,NA,NA,36000,NA,NA,NA,NA,0,NA,NA,NA,NA,102300,NA,NA,NA,NA,85800,NA,NA,NA,NA,0,NA,NA,NA,NA,35900,NA,NA,NA,NA,0,NA,NA,NA,NA,50,NA,NA,NA,NA,84800,NA,NA,NA,NA
M19 [Other Items],19.2,MVA Syringes,1. Balance From Previous Month,0,NA,NA,NA,NA,0,NA,NA,NA,NA,NA,NA,NA,NA,NA,NA,NA,NA,NA,NA,NA,NA,NA,NA,NA,0,NA,NA,NA,NA,0,NA,NA,NA,NA,0,NA,NA,NA,NA,NA,NA,NA,NA,NA,NA,NA,NA,NA,NA,NA,NA,NA,NA,NA,NA,NA,NA,NA,NA,0,NA,NA,NA,NA,0,NA,NA,NA,NA,NA,NA,NA,NA,NA,NA,NA,NA,NA,NA,0,NA,NA,NA,NA,0,NA,NA,NA,NA,NA,NA,NA,NA,NA,0,NA,NA,NA,NA,0,NA,NA,NA,NA,0,NA,NA,NA,NA,0,NA,NA,NA,NA,0,NA,NA,NA,NA,0,NA,NA,NA,NA,NA,NA,NA,NA,NA,0,NA,NA,NA,NA,0,NA,NA,NA,NA
M19 [Other Items],19.2,MVA Syringes,2. Stocks Received,0,NA,NA,NA,NA,0,NA,NA,NA,NA,NA,NA,NA,NA,NA,NA,NA,NA,NA,NA,NA,NA,NA,NA,NA,0,NA,NA,NA,NA,0,NA,NA,NA,NA,0,NA,NA,NA,NA,NA,NA,NA,NA,NA,NA,NA,NA,NA,NA,NA,NA,NA,NA,NA,NA,NA,NA,NA,NA,0,NA,NA,NA,NA,0,NA,NA,NA,NA,NA,NA,NA,NA,NA,NA,NA,NA,NA,NA,0,NA,NA,NA,NA,0,NA,NA,NA,NA,NA,NA,NA,NA,NA,0,NA,NA,NA,NA,0,NA,NA,NA,NA,0,NA,NA,NA,NA,0,NA,NA,NA,NA,0,NA,NA,NA,NA,0,NA,NA,NA,NA,NA,NA,NA,NA,NA,NA,NA,NA,NA,NA,0,NA,NA,NA,NA
M19 [Other Items],19.2,MVA Syringes,3. Unusable Stock,0,NA,NA,NA,NA,0,NA,NA,NA,NA,NA,NA,NA,NA,NA,NA,NA,NA,NA,NA,NA,NA,NA,NA,NA,0,NA,NA,NA,NA,0,NA,NA,NA,NA,0,NA,NA,NA,NA,NA,NA,NA,NA,NA,NA,NA,NA,NA,NA,NA,NA,NA,NA,NA,NA,NA,NA,NA,NA,NA,NA,NA,NA,NA,0,NA,NA,NA,NA,NA,NA,NA,NA,NA,NA,NA,NA,NA,NA,0,NA,NA,NA,NA,0,NA,NA,NA,NA,NA,NA,NA,NA,NA,0,NA,NA,NA,NA,0,NA,NA,NA,NA,0,NA,NA,NA,NA,0,NA,NA,NA,NA,0,NA,NA,NA,NA,0,NA,NA,NA,NA,NA,NA,NA,NA,NA,NA,NA,NA,NA,NA,0,NA,NA,NA,NA
M19 [Other Items],19.2,MVA Syringes,4. Stock Distributed,0,NA,NA,NA,NA,0,NA,NA,NA,NA,NA,NA,NA,NA,NA,NA,NA,NA,NA,NA,NA,NA,NA,NA,NA,0,NA,NA,NA,NA,0,NA,NA,NA,NA,0,NA,NA,NA,NA,NA,NA,NA,NA,NA,NA,NA,NA,NA,NA,NA,NA,NA,NA,NA,NA,NA,NA,NA,NA,0,NA,NA,NA,NA,0,NA,NA,NA,NA,NA,NA,NA,NA,NA,NA,NA,NA,NA,NA,0,NA,NA,NA,NA,0,NA,NA,NA,NA,NA,NA,NA,NA,NA,0,NA,NA,NA,NA,0,NA,NA,NA,NA,0,NA,NA,NA,NA,0,NA,NA,NA,NA,0,NA,NA,NA,NA,0,NA,NA,NA,NA,NA,NA,NA,NA,NA,0,NA,NA,NA,NA,0,NA,NA,NA,NA
M19 [Other Items],19.2,MVA Syringes,5. Total Stock,0,NA,NA,NA,NA,0,NA,NA,NA,NA,0,NA,NA,NA,NA,0,NA,NA,NA,NA,0,NA,NA,NA,NA,0,NA,NA,NA,NA,0,NA,NA,NA,NA,0,NA,NA,NA,NA,0,NA,NA,NA,NA,0,NA,NA,NA,NA,0,NA,NA,NA,NA,0,NA,NA,NA,NA,0,NA,NA,NA,NA,0,NA,NA,NA,NA,0,NA,NA,NA,NA,0,NA,NA,NA,NA,0,NA,NA,NA,NA,0,NA,NA,NA,NA,0,NA,NA,NA,NA,0,NA,NA,NA,NA,0,NA,NA,NA,NA,0,NA,NA,NA,NA,0,NA,NA,NA,NA,0,NA,NA,NA,NA,0,NA,NA,NA,NA,0,NA,NA,NA,NA,0,NA,NA,NA,NA,0,NA,NA,NA,NA
M19 [Other Items],19.3,Tab. Fluconazole,1. Balance From Previous Month,456310,NA,NA,NA,NA,40400,NA,NA,NA,NA,0,NA,NA,NA,NA,23500,NA,NA,NA,NA,27550,NA,NA,NA,NA,700,NA,NA,NA,NA,15500,NA,NA,NA,NA,4600,NA,NA,NA,NA,NA,NA,NA,NA,NA,15580,NA,NA,NA,NA,3470,NA,NA,NA,NA,8800,NA,NA,NA,NA,5000,NA,NA,NA,NA,3410,NA,NA,NA,NA,NA,NA,NA,NA,NA,NA,NA,NA,NA,NA,0,NA,NA,NA,NA,0,NA,NA,NA,NA,NA,NA,NA,NA,NA,0,NA,NA,NA,NA,0,NA,NA,NA,NA,3000,NA,NA,NA,NA,70100,NA,NA,NA,NA,0,NA,NA,NA,NA,71000,NA,NA,NA,NA,NA,NA,NA,NA,NA,93700,NA,NA,NA,NA,70000,NA,NA,NA,NA
M19 [Other Items],19.3,Tab. Fluconazole,2. Stocks Received,384000,NA,NA,NA,NA,0,NA,NA,NA,NA,70000,NA,NA,NA,NA,97000,NA,NA,NA,NA,0,NA,NA,NA,NA,50000,NA,NA,NA,NA,0,NA,NA,NA,NA,0,NA,NA,NA,NA,NA,NA,NA,NA,NA,100000,NA,NA,NA,NA,3000,NA,NA,NA,NA,0,NA,NA,NA,NA,0,NA,NA,NA,NA,4000,NA,NA,NA,NA,NA,NA,NA,NA,NA,NA,NA,NA,NA,NA,0,NA,NA,NA,NA,0,NA,NA,NA,NA,NA,NA,NA,NA,NA,0,NA,NA,NA,NA,0,NA,NA,NA,NA,0,NA,NA,NA,NA,0,NA,NA,NA,NA,0,NA,NA,NA,NA,60000,NA,NA,NA,NA,NA,NA,NA,NA,NA,NA,NA,NA,NA,NA,0,NA,NA,NA,NA
M19 [Other Items],19.3,Tab. Fluconazole,3. Unusable Stock,0,NA,NA,NA,NA,0,NA,NA,NA,NA,NA,NA,NA,NA,NA,NA,NA,NA,NA,NA,NA,NA,NA,NA,NA,0,NA,NA,NA,NA,0,NA,NA,NA,NA,0,NA,NA,NA,NA,NA,NA,NA,NA,NA,NA,NA,NA,NA,NA,0,NA,NA,NA,NA,0,NA,NA,NA,NA,NA,NA,NA,NA,NA,0,NA,NA,NA,NA,NA,NA,NA,NA,NA,NA,NA,NA,NA,NA,0,NA,NA,NA,NA,0,NA,NA,NA,NA,NA,NA,NA,NA,NA,0,NA,NA,NA,NA,0,NA,NA,NA,NA,0,NA,NA,NA,NA,0,NA,NA,NA,NA,0,NA,NA,NA,NA,0,NA,NA,NA,NA,NA,NA,NA,NA,NA,NA,NA,NA,NA,NA,0,NA,NA,NA,NA
M19 [Other Items],19.3,Tab. Fluconazole,4. Stock Distributed,93600,NA,NA,NA,NA,1450,NA,NA,NA,NA,7900,NA,NA,NA,NA,11200,NA,NA,NA,NA,16600,NA,NA,NA,NA,3000,NA,NA,NA,NA,0,NA,NA,NA,NA,4600,NA,NA,NA,NA,NA,NA,NA,NA,NA,6300,NA,NA,NA,NA,2500,NA,NA,NA,NA,0,NA,NA,NA,NA,0,NA,NA,NA,NA,1250,NA,NA,NA,NA,NA,NA,NA,NA,NA,NA,NA,NA,NA,NA,0,NA,NA,NA,NA,0,NA,NA,NA,NA,NA,NA,NA,NA,NA,0,NA,NA,NA,NA,0,NA,NA,NA,NA,600,NA,NA,NA,NA,600,NA,NA,NA,NA,0,NA,NA,NA,NA,9400,NA,NA,NA,NA,NA,NA,NA,NA,NA,7000,NA,NA,NA,NA,21200,NA,NA,NA,NA
M19 [Other Items],19.3,Tab. Fluconazole,5. Total Stock,746710,NA,NA,NA,NA,38950,NA,NA,NA,NA,62100,NA,NA,NA,NA,109300,NA,NA,NA,NA,10950,NA,NA,NA,NA,47700,NA,NA,NA,NA,15500,NA,NA,NA,NA,0,NA,NA,NA,NA,0,NA,NA,NA,NA,109280,NA,NA,NA,NA,3970,NA,NA,NA,NA,8800,NA,NA,NA,NA,5000,NA,NA,NA,NA,6160,NA,NA,NA,NA,0,NA,NA,NA,NA,0,NA,NA,NA,NA,0,NA,NA,NA,NA,0,NA,NA,NA,NA,0,NA,NA,NA,NA,0,NA,NA,NA,NA,0,NA,NA,NA,NA,2400,NA,NA,NA,NA,69500,NA,NA,NA,NA,0,NA,NA,NA,NA,121600,NA,NA,NA,NA,0,NA,NA,NA,NA,86700,NA,NA,NA,NA,48800,NA,NA,NA,NA
M19 [Other Items],19.4,Blood Transfusion sets,1. Balance From Previous Month,28059,NA,NA,NA,NA,0,NA,NA,NA,NA,890,NA,NA,NA,NA,3000,NA,NA,NA,NA,0,NA,NA,NA,NA,30,NA,NA,NA,NA,1500,NA,NA,NA,NA,1000,NA,NA,NA,NA,NA,NA,NA,NA,NA,3974,NA,NA,NA,NA,NA,NA,NA,NA,NA,1150,NA,NA,NA,NA,2550,NA,NA,NA,NA,0,NA,NA,NA,NA,NA,NA,NA,NA,NA,NA,NA,NA,NA,NA,0,NA,NA,NA,NA,700,NA,NA,NA,NA,NA,NA,NA,NA,NA,1800,NA,NA,NA,NA,0,NA,NA,NA,NA,3965,NA,NA,NA,NA,3000,NA,NA,NA,NA,0,NA,NA,NA,NA,3000,NA,NA,NA,NA,NA,NA,NA,NA,NA,1500,NA,NA,NA,NA,0,NA,NA,NA,NA
M19 [Other Items],19.4,Blood Transfusion sets,2. Stocks Received,0,NA,NA,NA,NA,0,NA,NA,NA,NA,0,NA,NA,NA,NA,NA,NA,NA,NA,NA,0,NA,NA,NA,NA,0,NA,NA,NA,NA,0,NA,NA,NA,NA,0,NA,NA,NA,NA,NA,NA,NA,NA,NA,NA,NA,NA,NA,NA,NA,NA,NA,NA,NA,0,NA,NA,NA,NA,0,NA,NA,NA,NA,0,NA,NA,NA,NA,NA,NA,NA,NA,NA,NA,NA,NA,NA,NA,0,NA,NA,NA,NA,0,NA,NA,NA,NA,NA,NA,NA,NA,NA,0,NA,NA,NA,NA,0,NA,NA,NA,NA,0,NA,NA,NA,NA,0,NA,NA,NA,NA,0,NA,NA,NA,NA,0,NA,NA,NA,NA,NA,NA,NA,NA,NA,NA,NA,NA,NA,NA,0,NA,NA,NA,NA
M19 [Other Items],19.4,Blood Transfusion sets,3. Unusable Stock,0,NA,NA,NA,NA,0,NA,NA,NA,NA,NA,NA,NA,NA,NA,NA,NA,NA,NA,NA,NA,NA,NA,NA,NA,0,NA,NA,NA,NA,0,NA,NA,NA,NA,0,NA,NA,NA,NA,NA,NA,NA,NA,NA,NA,NA,NA,NA,NA,NA,NA,NA,NA,NA,0,NA,NA,NA,NA,NA,NA,NA,NA,NA,0,NA,NA,NA,NA,NA,NA,NA,NA,NA,NA,NA,NA,NA,NA,0,NA,NA,NA,NA,0,NA,NA,NA,NA,NA,NA,NA,NA,NA,0,NA,NA,NA,NA,0,NA,NA,NA,NA,0,NA,NA,NA,NA,0,NA,NA,NA,NA,0,NA,NA,NA,NA,0,NA,NA,NA,NA,NA,NA,NA,NA,NA,NA,NA,NA,NA,NA,0,NA,NA,NA,NA
M19 [Other Items],19.4,Blood Transfusion sets,4. Stock Distributed,5000,NA,NA,NA,NA,0,NA,NA,NA,NA,0,NA,NA,NA,NA,500,NA,NA,NA,NA,0,NA,NA,NA,NA,0,NA,NA,NA,NA,1100,NA,NA,NA,NA,500,NA,NA,NA,NA,NA,NA,NA,NA,NA,NA,NA,NA,NA,NA,NA,NA,NA,NA,NA,0,NA,NA,NA,NA,100,NA,NA,NA,NA,0,NA,NA,NA,NA,NA,NA,NA,NA,NA,NA,NA,NA,NA,NA,0,NA,NA,NA,NA,500,NA,NA,NA,NA,NA,NA,NA,NA,NA,0,NA,NA,NA,NA,0,NA,NA,NA,NA,875,NA,NA,NA,NA,875,NA,NA,NA,NA,0,NA,NA,NA,NA,50,NA,NA,NA,NA,NA,NA,NA,NA,NA,500,NA,NA,NA,NA,0,NA,NA,NA,NA
M19 [Other Items],19.4,Blood Transfusion sets,5. Total Stock,23059,NA,NA,NA,NA,0,NA,NA,NA,NA,890,NA,NA,NA,NA,2500,NA,NA,NA,NA,0,NA,NA,NA,NA,30,NA,NA,NA,NA,400,NA,NA,NA,NA,500,NA,NA,NA,NA,0,NA,NA,NA,NA,3974,NA,NA,NA,NA,0,NA,NA,NA,NA,1150,NA,NA,NA,NA,2450,NA,NA,NA,NA,0,NA,NA,NA,NA,0,NA,NA,NA,NA,0,NA,NA,NA,NA,0,NA,NA,NA,NA,200,NA,NA,NA,NA,0,NA,NA,NA,NA,1800,NA,NA,NA,NA,0,NA,NA,NA,NA,3090,NA,NA,NA,NA,2125,NA,NA,NA,NA,0,NA,NA,NA,NA,2950,NA,NA,NA,NA,0,NA,NA,NA,NA,1000,NA,NA,NA,NA,0,NA,NA,NA,NA
M19 [Other Items],19.5,Gluteraldehyde 2%,1. Balance From Previous Month,162500,NA,NA,NA,NA,0,NA,NA,NA,NA,0,NA,NA,NA,NA,NA,NA,NA,NA,NA,NA,NA,NA,NA,NA,0,NA,NA,NA,NA,0,NA,NA,NA,NA,162500,NA,NA,NA,NA,NA,NA,NA,NA,NA,NA,NA,NA,NA,NA,NA,NA,NA,NA,NA,NA,NA,NA,NA,NA,0,NA,NA,NA,NA,0,NA,NA,NA,NA,NA,NA,NA,NA,NA,NA,NA,NA,NA,NA,0,NA,NA,NA,NA,0,NA,NA,NA,NA,NA,NA,NA,NA,NA,0,NA,NA,NA,NA,0,NA,NA,NA,NA,0,NA,NA,NA,NA,0,NA,NA,NA,NA,0,NA,NA,NA,NA,0,NA,NA,NA,NA,NA,NA,NA,NA,NA,NA,NA,NA,NA,NA,0,NA,NA,NA,NA
M19 [Other Items],19.5,Gluteraldehyde 2%,2. Stocks Received,0,NA,NA,NA,NA,0,NA,NA,NA,NA,0,NA,NA,NA,NA,NA,NA,NA,NA,NA,NA,NA,NA,NA,NA,0,NA,NA,NA,NA,0,NA,NA,NA,NA,0,NA,NA,NA,NA,NA,NA,NA,NA,NA,NA,NA,NA,NA,NA,NA,NA,NA,NA,NA,NA,NA,NA,NA,NA,0,NA,NA,NA,NA,0,NA,NA,NA,NA,NA,NA,NA,NA,NA,NA,NA,NA,NA,NA,0,NA,NA,NA,NA,0,NA,NA,NA,NA,NA,NA,NA,NA,NA,0,NA,NA,NA,NA,0,NA,NA,NA,NA,0,NA,NA,NA,NA,0,NA,NA,NA,NA,0,NA,NA,NA,NA,0,NA,NA,NA,NA,NA,NA,NA,NA,NA,NA,NA,NA,NA,NA,0,NA,NA,NA,NA
M19 [Other Items],19.5,Gluteraldehyde 2%,3. Unusable Stock,0,NA,NA,NA,NA,0,NA,NA,NA,NA,NA,NA,NA,NA,NA,NA,NA,NA,NA,NA,NA,NA,NA,NA,NA,0,NA,NA,NA,NA,0,NA,NA,NA,NA,0,NA,NA,NA,NA,NA,NA,NA,NA,NA,NA,NA,NA,NA,NA,NA,NA,NA,NA,NA,NA,NA,NA,NA,NA,NA,NA,NA,NA,NA,0,NA,NA,NA,NA,NA,NA,NA,NA,NA,NA,NA,NA,NA,NA,0,NA,NA,NA,NA,0,NA,NA,NA,NA,NA,NA,NA,NA,NA,0,NA,NA,NA,NA,0,NA,NA,NA,NA,0,NA,NA,NA,NA,0,NA,NA,NA,NA,0,NA,NA,NA,NA,0,NA,NA,NA,NA,NA,NA,NA,NA,NA,NA,NA,NA,NA,NA,0,NA,NA,NA,NA
M19 [Other Items],19.5,Gluteraldehyde 2%,4. Stock Distributed,12000,NA,NA,NA,NA,0,NA,NA,NA,NA,0,NA,NA,NA,NA,NA,NA,NA,NA,NA,NA,NA,NA,NA,NA,0,NA,NA,NA,NA,0,NA,NA,NA,NA,12000,NA,NA,NA,NA,NA,NA,NA,NA,NA,NA,NA,NA,NA,NA,NA,NA,NA,NA,NA,NA,NA,NA,NA,NA,0,NA,NA,NA,NA,0,NA,NA,NA,NA,NA,NA,NA,NA,NA,NA,NA,NA,NA,NA,0,NA,NA,NA,NA,0,NA,NA,NA,NA,NA,NA,NA,NA,NA,0,NA,NA,NA,NA,0,NA,NA,NA,NA,0,NA,NA,NA,NA,0,NA,NA,NA,NA,0,NA,NA,NA,NA,0,NA,NA,NA,NA,NA,NA,NA,NA,NA,NA,NA,NA,NA,NA,0,NA,NA,NA,NA
M19 [Other Items],19.5,Gluteraldehyde 2%,5. Total Stock,150500,NA,NA,NA,NA,0,NA,NA,NA,NA,0,NA,NA,NA,NA,0,NA,NA,NA,NA,0,NA,NA,NA,NA,0,NA,NA,NA,NA,0,NA,NA,NA,NA,150500,NA,NA,NA,NA,0,NA,NA,NA,NA,0,NA,NA,NA,NA,0,NA,NA,NA,NA,0,NA,NA,NA,NA,0,NA,NA,NA,NA,0,NA,NA,NA,NA,0,NA,NA,NA,NA,0,NA,NA,NA,NA,0,NA,NA,NA,NA,0,NA,NA,NA,NA,0,NA,NA,NA,NA,0,NA,NA,NA,NA,0,NA,NA,NA,NA,0,NA,NA,NA,NA,0,NA,NA,NA,NA,0,NA,NA,NA,NA,0,NA,NA,NA,NA,0,NA,NA,NA,NA,0,NA,NA,NA,NA,0,NA,NA,NA,NA
M19 [Other Items],19.6,IFA tablets ( Adult),1. Balance From Previous Month,43647180,NA,NA,NA,NA,3904820,NA,NA,NA,NA,2883380,NA,NA,NA,NA,953880,NA,NA,NA,NA,3633360,NA,NA,NA,NA,105000,NA,NA,NA,NA,820880,NA,NA,NA,NA,103505,NA,NA,NA,NA,NA,NA,NA,NA,NA,1912560,NA,NA,NA,NA,650330,NA,NA,NA,NA,1371030,NA,NA,NA,NA,7393980,NA,NA,NA,NA,2032320,NA,NA,NA,NA,NA,NA,NA,NA,NA,NA,NA,NA,NA,NA,0,NA,NA,NA,NA,2331760,NA,NA,NA,NA,NA,NA,NA,NA,NA,2135370,NA,NA,NA,NA,13000,NA,NA,NA,NA,0,NA,NA,NA,NA,6308760,NA,NA,NA,NA,933090,NA,NA,NA,NA,1756580,NA,NA,NA,NA,NA,NA,NA,NA,NA,2731375,NA,NA,NA,NA,1672200,NA,NA,NA,NA
M19 [Other Items],19.6,IFA tablets ( Adult),2. Stocks Received,0,NA,NA,NA,NA,0,NA,NA,NA,NA,0,NA,NA,NA,NA,NA,NA,NA,NA,NA,0,NA,NA,NA,NA,0,NA,NA,NA,NA,0,NA,NA,NA,NA,0,NA,NA,NA,NA,NA,NA,NA,NA,NA,NA,NA,NA,NA,NA,0,NA,NA,NA,NA,0,NA,NA,NA,NA,0,NA,NA,NA,NA,0,NA,NA,NA,NA,NA,NA,NA,NA,NA,NA,NA,NA,NA,NA,0,NA,NA,NA,NA,0,NA,NA,NA,NA,NA,NA,NA,NA,NA,0,NA,NA,NA,NA,0,NA,NA,NA,NA,0,NA,NA,NA,NA,0,NA,NA,NA,NA,0,NA,NA,NA,NA,0,NA,NA,NA,NA,NA,NA,NA,NA,NA,NA,NA,NA,NA,NA,0,NA,NA,NA,NA
M19 [Other Items],19.6,IFA tablets ( Adult),3. Unusable Stock,0,NA,NA,NA,NA,0,NA,NA,NA,NA,NA,NA,NA,NA,NA,NA,NA,NA,NA,NA,NA,NA,NA,NA,NA,0,NA,NA,NA,NA,0,NA,NA,NA,NA,0,NA,NA,NA,NA,NA,NA,NA,NA,NA,NA,NA,NA,NA,NA,0,NA,NA,NA,NA,0,NA,NA,NA,NA,NA,NA,NA,NA,NA,0,NA,NA,NA,NA,NA,NA,NA,NA,NA,NA,NA,NA,NA,NA,0,NA,NA,NA,NA,0,NA,NA,NA,NA,NA,NA,NA,NA,NA,0,NA,NA,NA,NA,0,NA,NA,NA,NA,0,NA,NA,NA,NA,0,NA,NA,NA,NA,0,NA,NA,NA,NA,0,NA,NA,NA,NA,NA,NA,NA,NA,NA,NA,NA,NA,NA,NA,0,NA,NA,NA,NA
M19 [Other Items],19.6,IFA tablets ( Adult),4. Stock Distributed,10453910,NA,NA,NA,NA,588500,NA,NA,NA,NA,1068000,NA,NA,NA,NA,320880,NA,NA,NA,NA,720900,NA,NA,NA,NA,70690,NA,NA,NA,NA,261000,NA,NA,NA,NA,0,NA,NA,NA,NA,NA,NA,NA,NA,NA,600350,NA,NA,NA,NA,54170,NA,NA,NA,NA,905500,NA,NA,NA,NA,450300,NA,NA,NA,NA,0,NA,NA,NA,NA,NA,NA,NA,NA,NA,NA,NA,NA,NA,NA,0,NA,NA,NA,NA,313000,NA,NA,NA,NA,NA,NA,NA,NA,NA,326950,NA,NA,NA,NA,6000,NA,NA,NA,NA,0,NA,NA,NA,NA,2153800,NA,NA,NA,NA,842470,NA,NA,NA,NA,537200,NA,NA,NA,NA,NA,NA,NA,NA,NA,534000,NA,NA,NA,NA,700200,NA,NA,NA,NA
M19 [Other Items],19.6,IFA tablets ( Adult),5. Total Stock,33193270,NA,NA,NA,NA,3316320,NA,NA,NA,NA,1815380,NA,NA,NA,NA,633000,NA,NA,NA,NA,2912460,NA,NA,NA,NA,34310,NA,NA,NA,NA,559880,NA,NA,NA,NA,103505,NA,NA,NA,NA,0,NA,NA,NA,NA,1312210,NA,NA,NA,NA,596160,NA,NA,NA,NA,465530,NA,NA,NA,NA,6943680,NA,NA,NA,NA,2032320,NA,NA,NA,NA,0,NA,NA,NA,NA,0,NA,NA,NA,NA,0,NA,NA,NA,NA,2018760,NA,NA,NA,NA,0,NA,NA,NA,NA,1808420,NA,NA,NA,NA,7000,NA,NA,NA,NA,0,NA,NA,NA,NA,4154960,NA,NA,NA,NA,90620,NA,NA,NA,NA,1219380,NA,NA,NA,NA,0,NA,NA,NA,NA,2197375,NA,NA,NA,NA,972000,NA,NA,NA,NA
M19 [Other Items],19.7,IFA - Blue ( Adolescent 10-19 yrs),1. Balance From Previous Month,891815,NA,NA,NA,NA,0,NA,NA,NA,NA,0,NA,NA,NA,NA,20000,NA,NA,NA,NA,0,NA,NA,NA,NA,0,NA,NA,NA,NA,0,NA,NA,NA,NA,75000,NA,NA,NA,NA,NA,NA,NA,NA,NA,30000,NA,NA,NA,NA,0,NA,NA,NA,NA,30000,NA,NA,NA,NA,42500,NA,NA,NA,NA,7530,NA,NA,NA,NA,NA,NA,NA,NA,NA,NA,NA,NA,NA,NA,0,NA,NA,NA,NA,0,NA,NA,NA,NA,NA,NA,NA,NA,NA,25000,NA,NA,NA,NA,30000,NA,NA,NA,NA,0,NA,NA,NA,NA,67700,NA,NA,NA,NA,0,NA,NA,NA,NA,73950,NA,NA,NA,NA,NA,NA,NA,NA,NA,382780,NA,NA,NA,NA,107355,NA,NA,NA,NA
M19 [Other Items],19.7,IFA - Blue ( Adolescent 10-19 yrs),2. Stocks Received,3550,NA,NA,NA,NA,0,NA,NA,NA,NA,0,NA,NA,NA,NA,NA,NA,NA,NA,NA,0,NA,NA,NA,NA,0,NA,NA,NA,NA,0,NA,NA,NA,NA,0,NA,NA,NA,NA,NA,NA,NA,NA,NA,NA,NA,NA,NA,NA,0,NA,NA,NA,NA,0,NA,NA,NA,NA,0,NA,NA,NA,NA,0,NA,NA,NA,NA,NA,NA,NA,NA,NA,NA,NA,NA,NA,NA,0,NA,NA,NA,NA,3550,NA,NA,NA,NA,NA,NA,NA,NA,NA,0,NA,NA,NA,NA,0,NA,NA,NA,NA,0,NA,NA,NA,NA,0,NA,NA,NA,NA,0,NA,NA,NA,NA,0,NA,NA,NA,NA,NA,NA,NA,NA,NA,NA,NA,NA,NA,NA,0,NA,NA,NA,NA
M19 [Other Items],19.7,IFA - Blue ( Adolescent 10-19 yrs),3. Unusable Stock,0,NA,NA,NA,NA,0,NA,NA,NA,NA,NA,NA,NA,NA,NA,NA,NA,NA,NA,NA,NA,NA,NA,NA,NA,0,NA,NA,NA,NA,0,NA,NA,NA,NA,0,NA,NA,NA,NA,NA,NA,NA,NA,NA,NA,NA,NA,NA,NA,0,NA,NA,NA,NA,0,NA,NA,NA,NA,NA,NA,NA,NA,NA,0,NA,NA,NA,NA,NA,NA,NA,NA,NA,NA,NA,NA,NA,NA,0,NA,NA,NA,NA,0,NA,NA,NA,NA,NA,NA,NA,NA,NA,0,NA,NA,NA,NA,0,NA,NA,NA,NA,0,NA,NA,NA,NA,0,NA,NA,NA,NA,0,NA,NA,NA,NA,0,NA,NA,NA,NA,NA,NA,NA,NA,NA,NA,NA,NA,NA,NA,0,NA,NA,NA,NA
M19 [Other Items],19.7,IFA - Blue ( Adolescent 10-19 yrs),4. Stock Distributed,158500,NA,NA,NA,NA,0,NA,NA,NA,NA,0,NA,NA,NA,NA,NA,NA,NA,NA,NA,0,NA,NA,NA,NA,0,NA,NA,NA,NA,0,NA,NA,NA,NA,15000,NA,NA,NA,NA,NA,NA,NA,NA,NA,NA,NA,NA,NA,NA,0,NA,NA,NA,NA,0,NA,NA,NA,NA,0,NA,NA,NA,NA,1000,NA,NA,NA,NA,NA,NA,NA,NA,NA,NA,NA,NA,NA,NA,0,NA,NA,NA,NA,0,NA,NA,NA,NA,NA,NA,NA,NA,NA,0,NA,NA,NA,NA,6000,NA,NA,NA,NA,0,NA,NA,NA,NA,0,NA,NA,NA,NA,0,NA,NA,NA,NA,15000,NA,NA,NA,NA,NA,NA,NA,NA,NA,120000,NA,NA,NA,NA,1500,NA,NA,NA,NA
M19 [Other Items],19.7,IFA - Blue ( Adolescent 10-19 yrs),5. Total Stock,736865,NA,NA,NA,NA,0,NA,NA,NA,NA,0,NA,NA,NA,NA,20000,NA,NA,NA,NA,0,NA,NA,NA,NA,0,NA,NA,NA,NA,0,NA,NA,NA,NA,60000,NA,NA,NA,NA,0,NA,NA,NA,NA,30000,NA,NA,NA,NA,0,NA,NA,NA,NA,30000,NA,NA,NA,NA,42500,NA,NA,NA,NA,6530,NA,NA,NA,NA,0,NA,NA,NA,NA,0,NA,NA,NA,NA,0,NA,NA,NA,NA,3550,NA,NA,NA,NA,0,NA,NA,NA,NA,25000,NA,NA,NA,NA,24000,NA,NA,NA,NA,0,NA,NA,NA,NA,67700,NA,NA,NA,NA,0,NA,NA,NA,NA,58950,NA,NA,NA,NA,0,NA,NA,NA,NA,262780,NA,NA,NA,NA,105855,NA,NA,NA,NA
M19 [Other Items],19.8,IFA- Pink ( Junior 6-10 yrs),1. Balance From Previous Month,28519942,NA,NA,NA,NA,0,NA,NA,NA,NA,3769000,NA,NA,NA,NA,12000,NA,NA,NA,NA,189890,NA,NA,NA,NA,0,NA,NA,NA,NA,0,NA,NA,NA,NA,85810,NA,NA,NA,NA,NA,NA,NA,NA,NA,2442000,NA,NA,NA,NA,491445,NA,NA,NA,NA,1505500,NA,NA,NA,NA,2106000,NA,NA,NA,NA,28545,NA,NA,NA,NA,NA,NA,NA,NA,NA,NA,NA,NA,NA,NA,0,NA,NA,NA,NA,2220700,NA,NA,NA,NA,NA,NA,NA,NA,NA,1945220,NA,NA,NA,NA,30000,NA,NA,NA,NA,0,NA,NA,NA,NA,6291000,NA,NA,NA,NA,1486000,NA,NA,NA,NA,1953450,NA,NA,NA,NA,NA,NA,NA,NA,NA,2232510,NA,NA,NA,NA,1730872,NA,NA,NA,NA
M19 [Other Items],19.8,IFA- Pink ( Junior 6-10 yrs),2. Stocks Received,3532000,NA,NA,NA,NA,0,NA,NA,NA,NA,0,NA,NA,NA,NA,NA,NA,NA,NA,NA,3532000,NA,NA,NA,NA,0,NA,NA,NA,NA,0,NA,NA,NA,NA,0,NA,NA,NA,NA,NA,NA,NA,NA,NA,NA,NA,NA,NA,NA,0,NA,NA,NA,NA,0,NA,NA,NA,NA,0,NA,NA,NA,NA,0,NA,NA,NA,NA,NA,NA,NA,NA,NA,NA,NA,NA,NA,NA,0,NA,NA,NA,NA,0,NA,NA,NA,NA,NA,NA,NA,NA,NA,0,NA,NA,NA,NA,0,NA,NA,NA,NA,0,NA,NA,NA,NA,0,NA,NA,NA,NA,0,NA,NA,NA,NA,0,NA,NA,NA,NA,NA,NA,NA,NA,NA,NA,NA,NA,NA,NA,NA,NA,NA,NA,NA
M19 [Other Items],19.8,IFA- Pink ( Junior 6-10 yrs),3. Unusable Stock,0,NA,NA,NA,NA,0,NA,NA,NA,NA,NA,NA,NA,NA,NA,NA,NA,NA,NA,NA,NA,NA,NA,NA,NA,0,NA,NA,NA,NA,0,NA,NA,NA,NA,0,NA,NA,NA,NA,NA,NA,NA,NA,NA,NA,NA,NA,NA,NA,0,NA,NA,NA,NA,0,NA,NA,NA,NA,NA,NA,NA,NA,NA,0,NA,NA,NA,NA,NA,NA,NA,NA,NA,NA,NA,NA,NA,NA,0,NA,NA,NA,NA,0,NA,NA,NA,NA,NA,NA,NA,NA,NA,0,NA,NA,NA,NA,0,NA,NA,NA,NA,0,NA,NA,NA,NA,0,NA,NA,NA,NA,0,NA,NA,NA,NA,0,NA,NA,NA,NA,NA,NA,NA,NA,NA,NA,NA,NA,NA,NA,0,NA,NA,NA,NA
M19 [Other Items],19.8,IFA- Pink ( Junior 6-10 yrs),4. Stock Distributed,8598900,NA,NA,NA,NA,0,NA,NA,NA,NA,3739000,NA,NA,NA,NA,6000,NA,NA,NA,NA,165000,NA,NA,NA,NA,0,NA,NA,NA,NA,0,NA,NA,NA,NA,15000,NA,NA,NA,NA,NA,NA,NA,NA,NA,860000,NA,NA,NA,NA,0,NA,NA,NA,NA,857000,NA,NA,NA,NA,0,NA,NA,NA,NA,9000,NA,NA,NA,NA,NA,NA,NA,NA,NA,NA,NA,NA,NA,NA,0,NA,NA,NA,NA,67700,NA,NA,NA,NA,NA,NA,NA,NA,NA,9950,NA,NA,NA,NA,6000,NA,NA,NA,NA,0,NA,NA,NA,NA,1312000,NA,NA,NA,NA,511500,NA,NA,NA,NA,229250,NA,NA,NA,NA,NA,NA,NA,NA,NA,810000,NA,NA,NA,NA,1500,NA,NA,NA,NA
M19 [Other Items],19.8,IFA- Pink ( Junior 6-10 yrs),5. Total Stock,23453042,NA,NA,NA,NA,0,NA,NA,NA,NA,30000,NA,NA,NA,NA,6000,NA,NA,NA,NA,3556890,NA,NA,NA,NA,0,NA,NA,NA,NA,0,NA,NA,NA,NA,70810,NA,NA,NA,NA,0,NA,NA,NA,NA,1582000,NA,NA,NA,NA,491445,NA,NA,NA,NA,648500,NA,NA,NA,NA,2106000,NA,NA,NA,NA,19545,NA,NA,NA,NA,0,NA,NA,NA,NA,0,NA,NA,NA,NA,0,NA,NA,NA,NA,2153000,NA,NA,NA,NA,0,NA,NA,NA,NA,1935270,NA,NA,NA,NA,24000,NA,NA,NA,NA,0,NA,NA,NA,NA,4979000,NA,NA,NA,NA,974500,NA,NA,NA,NA,1724200,NA,NA,NA,NA,0,NA,NA,NA,NA,1422510,NA,NA,NA,NA,1729372,NA,NA,NA,NA
M19 [Other Items],19.9,IFA Syrup (Paediatric),1. Balance From Previous Month,77525,NA,NA,NA,NA,1050,NA,NA,NA,NA,700,NA,NA,NA,NA,1600,NA,NA,NA,NA,31275,NA,NA,NA,NA,100,NA,NA,NA,NA,600,NA,NA,NA,NA,0,NA,NA,NA,NA,NA,NA,NA,NA,NA,21200,NA,NA,NA,NA,0,NA,NA,NA,NA,0,NA,NA,NA,NA,0,NA,NA,NA,NA,0,NA,NA,NA,NA,NA,NA,NA,NA,NA,NA,NA,NA,NA,NA,0,NA,NA,NA,NA,0,NA,NA,NA,NA,NA,NA,NA,NA,NA,4800,NA,NA,NA,NA,10000,NA,NA,NA,NA,0,NA,NA,NA,NA,0,NA,NA,NA,NA,4200,NA,NA,NA,NA,0,NA,NA,NA,NA,NA,NA,NA,NA,NA,NA,NA,NA,NA,NA,2000,NA,NA,NA,NA
M19 [Other Items],19.9,IFA Syrup (Paediatric),2. Stocks Received,763000,NA,NA,NA,NA,0,NA,NA,NA,NA,148300,NA,NA,NA,NA,56000,NA,NA,NA,NA,0,NA,NA,NA,NA,36800,NA,NA,NA,NA,0,NA,NA,NA,NA,0,NA,NA,NA,NA,NA,NA,NA,NA,NA,NA,NA,NA,NA,NA,0,NA,NA,NA,NA,96000,NA,NA,NA,NA,0,NA,NA,NA,NA,0,NA,NA,NA,NA,NA,NA,NA,NA,NA,NA,NA,NA,NA,NA,0,NA,NA,NA,NA,79300,NA,NA,NA,NA,NA,NA,NA,NA,NA,54600,NA,NA,NA,NA,0,NA,NA,NA,NA,0,NA,NA,NA,NA,244000,NA,NA,NA,NA,0,NA,NA,NA,NA,0,NA,NA,NA,NA,NA,NA,NA,NA,NA,NA,NA,NA,NA,NA,48000,NA,NA,NA,NA
M19 [Other Items],19.9,IFA Syrup (Paediatric),3. Unusable Stock,0,NA,NA,NA,NA,0,NA,NA,NA,NA,NA,NA,NA,NA,NA,NA,NA,NA,NA,NA,NA,NA,NA,NA,NA,0,NA,NA,NA,NA,0,NA,NA,NA,NA,0,NA,NA,NA,NA,NA,NA,NA,NA,NA,NA,NA,NA,NA,NA,0,NA,NA,NA,NA,0,NA,NA,NA,NA,NA,NA,NA,NA,NA,0,NA,NA,NA,NA,NA,NA,NA,NA,NA,NA,NA,NA,NA,NA,0,NA,NA,NA,NA,0,NA,NA,NA,NA,NA,NA,NA,NA,NA,0,NA,NA,NA,NA,0,NA,NA,NA,NA,0,NA,NA,NA,NA,0,NA,NA,NA,NA,0,NA,NA,NA,NA,0,NA,NA,NA,NA,NA,NA,NA,NA,NA,NA,NA,NA,NA,NA,0,NA,NA,NA,NA
M19 [Other Items],19.9,IFA Syrup (Paediatric),4. Stock Distributed,153770,NA,NA,NA,NA,450,NA,NA,NA,NA,29600,NA,NA,NA,NA,1900,NA,NA,NA,NA,4400,NA,NA,NA,NA,2870,NA,NA,NA,NA,0,NA,NA,NA,NA,0,NA,NA,NA,NA,NA,NA,NA,NA,NA,1900,NA,NA,NA,NA,0,NA,NA,NA,NA,64200,NA,NA,NA,NA,0,NA,NA,NA,NA,0,NA,NA,NA,NA,NA,NA,NA,NA,NA,NA,NA,NA,NA,NA,0,NA,NA,NA,NA,1600,NA,NA,NA,NA,NA,NA,NA,NA,NA,4400,NA,NA,NA,NA,6000,NA,NA,NA,NA,0,NA,NA,NA,NA,33350,NA,NA,NA,NA,2300,NA,NA,NA,NA,0,NA,NA,NA,NA,NA,NA,NA,NA,NA,NA,NA,NA,NA,NA,800,NA,NA,NA,NA
M19 [Other Items],19.9,IFA Syrup (Paediatric),5. Total Stock,686755,NA,NA,NA,NA,600,NA,NA,NA,NA,119400,NA,NA,NA,NA,55700,NA,NA,NA,NA,26875,NA,NA,NA,NA,34030,NA,NA,NA,NA,600,NA,NA,NA,NA,0,NA,NA,NA,NA,0,NA,NA,NA,NA,19300,NA,NA,NA,NA,0,NA,NA,NA,NA,31800,NA,NA,NA,NA,0,NA,NA,NA,NA,0,NA,NA,NA,NA,0,NA,NA,NA,NA,0,NA,NA,NA,NA,0,NA,NA,NA,NA,77700,NA,NA,NA,NA,0,NA,NA,NA,NA,55000,NA,NA,NA,NA,4000,NA,NA,NA,NA,0,NA,NA,NA,NA,210650,NA,NA,NA,NA,1900,NA,NA,NA,NA,0,NA,NA,NA,NA,0,NA,NA,NA,NA,0,NA,NA,NA,NA,49200,NA,NA,NA,NA
M19 [Other Items],19.1,Paediatrics Antibiotics ( Amoxycillin and Injectable Gentamicin),1. Balance From Previous Month,136870,NA,NA,NA,NA,67930,NA,NA,NA,NA,780,NA,NA,NA,NA,10400,NA,NA,NA,NA,2860,NA,NA,NA,NA,8940,NA,NA,NA,NA,5630,NA,NA,NA,NA,0,NA,NA,NA,NA,NA,NA,NA,NA,NA,NA,NA,NA,NA,NA,900,NA,NA,NA,NA,28820,NA,NA,NA,NA,3800,NA,NA,NA,NA,2000,NA,NA,NA,NA,NA,NA,NA,NA,NA,NA,NA,NA,NA,NA,0,NA,NA,NA,NA,120,NA,NA,NA,NA,NA,NA,NA,NA,NA,2620,NA,NA,NA,NA,0,NA,NA,NA,NA,2070,NA,NA,NA,NA,0,NA,NA,NA,NA,0,NA,NA,NA,NA,0,NA,NA,NA,NA,NA,NA,NA,NA,NA,NA,NA,NA,NA,NA,0,NA,NA,NA,NA
M19 [Other Items],19.1,Paediatrics Antibiotics ( Amoxycillin and Injectable Gentamicin),2. Stocks Received,6080,NA,NA,NA,NA,0,NA,NA,NA,NA,0,NA,NA,NA,NA,6080,NA,NA,NA,NA,0,NA,NA,NA,NA,0,NA,NA,NA,NA,0,NA,NA,NA,NA,0,NA,NA,NA,NA,NA,NA,NA,NA,NA,NA,NA,NA,NA,NA,0,NA,NA,NA,NA,0,NA,NA,NA,NA,0,NA,NA,NA,NA,0,NA,NA,NA,NA,NA,NA,NA,NA,NA,NA,NA,NA,NA,NA,0,NA,NA,NA,NA,0,NA,NA,NA,NA,NA,NA,NA,NA,NA,0,NA,NA,NA,NA,0,NA,NA,NA,NA,0,NA,NA,NA,NA,0,NA,NA,NA,NA,0,NA,NA,NA,NA,0,NA,NA,NA,NA,NA,NA,NA,NA,NA,NA,NA,NA,NA,NA,0,NA,NA,NA,NA
M19 [Other Items],19.1,Paediatrics Antibiotics ( Amoxycillin and Injectable Gentamicin),3. Unusable Stock,0,NA,NA,NA,NA,0,NA,NA,NA,NA,NA,NA,NA,NA,NA,NA,NA,NA,NA,NA,NA,NA,NA,NA,NA,0,NA,NA,NA,NA,0,NA,NA,NA,NA,0,NA,NA,NA,NA,NA,NA,NA,NA,NA,NA,NA,NA,NA,NA,0,NA,NA,NA,NA,0,NA,NA,NA,NA,NA,NA,NA,NA,NA,0,NA,NA,NA,NA,NA,NA,NA,NA,NA,NA,NA,NA,NA,NA,0,NA,NA,NA,NA,0,NA,NA,NA,NA,NA,NA,NA,NA,NA,0,NA,NA,NA,NA,0,NA,NA,NA,NA,0,NA,NA,NA,NA,0,NA,NA,NA,NA,0,NA,NA,NA,NA,0,NA,NA,NA,NA,NA,NA,NA,NA,NA,NA,NA,NA,NA,NA,0,NA,NA,NA,NA
M19 [Other Items],19.1,Paediatrics Antibiotics ( Amoxycillin and Injectable Gentamicin),4. Stock Distributed,39700,NA,NA,NA,NA,18960,NA,NA,NA,NA,300,NA,NA,NA,NA,2140,NA,NA,NA,NA,300,NA,NA,NA,NA,1100,NA,NA,NA,NA,0,NA,NA,NA,NA,0,NA,NA,NA,NA,NA,NA,NA,NA,NA,NA,NA,NA,NA,NA,0,NA,NA,NA,NA,14570,NA,NA,NA,NA,650,NA,NA,NA,NA,300,NA,NA,NA,NA,NA,NA,NA,NA,NA,NA,NA,NA,NA,NA,0,NA,NA,NA,NA,120,NA,NA,NA,NA,NA,NA,NA,NA,NA,560,NA,NA,NA,NA,0,NA,NA,NA,NA,700,NA,NA,NA,NA,0,NA,NA,NA,NA,0,NA,NA,NA,NA,0,NA,NA,NA,NA,NA,NA,NA,NA,NA,NA,NA,NA,NA,NA,0,NA,NA,NA,NA
M19 [Other Items],19.1,Paediatrics Antibiotics ( Amoxycillin and Injectable Gentamicin),5. Total Stock,103250,NA,NA,NA,NA,48970,NA,NA,NA,NA,480,NA,NA,NA,NA,14340,NA,NA,NA,NA,2560,NA,NA,NA,NA,7840,NA,NA,NA,NA,5630,NA,NA,NA,NA,0,NA,NA,NA,NA,0,NA,NA,NA,NA,0,NA,NA,NA,NA,900,NA,NA,NA,NA,14250,NA,NA,NA,NA,3150,NA,NA,NA,NA,1700,NA,NA,NA,NA,0,NA,NA,NA,NA,0,NA,NA,NA,NA,0,NA,NA,NA,NA,0,NA,NA,NA,NA,0,NA,NA,NA,NA,2060,NA,NA,NA,NA,0,NA,NA,NA,NA,1370,NA,NA,NA,NA,0,NA,NA,NA,NA,0,NA,NA,NA,NA,0,NA,NA,NA,NA,0,NA,NA,NA,NA,0,NA,NA,NA,NA,0,NA,NA,NA,NA
M19 [Other Items],19.11,Vit A syrup,1. Balance From Previous Month,202504,NA,NA,NA,NA,0,NA,NA,NA,NA,134,NA,NA,NA,NA,196902,NA,NA,NA,NA,50,NA,NA,NA,NA,2,NA,NA,NA,NA,0,NA,NA,NA,NA,0,NA,NA,NA,NA,NA,NA,NA,NA,NA,58,NA,NA,NA,NA,35,NA,NA,NA,NA,170,NA,NA,NA,NA,0,NA,NA,NA,NA,85,NA,NA,NA,NA,NA,NA,NA,NA,NA,NA,NA,NA,NA,NA,0,NA,NA,NA,NA,0,NA,NA,NA,NA,NA,NA,NA,NA,NA,178,NA,NA,NA,NA,4000,NA,NA,NA,NA,0,NA,NA,NA,NA,200,NA,NA,NA,NA,59,NA,NA,NA,NA,27,NA,NA,NA,NA,NA,NA,NA,NA,NA,450,NA,NA,NA,NA,154,NA,NA,NA,NA
M19 [Other Items],19.11,Vit A syrup,2. Stocks Received,20000,NA,NA,NA,NA,0,NA,NA,NA,NA,0,NA,NA,NA,NA,NA,NA,NA,NA,NA,0,NA,NA,NA,NA,0,NA,NA,NA,NA,0,NA,NA,NA,NA,0,NA,NA,NA,NA,NA,NA,NA,NA,NA,NA,NA,NA,NA,NA,0,NA,NA,NA,NA,0,NA,NA,NA,NA,0,NA,NA,NA,NA,0,NA,NA,NA,NA,NA,NA,NA,NA,NA,NA,NA,NA,NA,NA,0,NA,NA,NA,NA,0,NA,NA,NA,NA,NA,NA,NA,NA,NA,0,NA,NA,NA,NA,20000,NA,NA,NA,NA,0,NA,NA,NA,NA,0,NA,NA,NA,NA,0,NA,NA,NA,NA,0,NA,NA,NA,NA,NA,NA,NA,NA,NA,NA,NA,NA,NA,NA,0,NA,NA,NA,NA
M19 [Other Items],19.11,Vit A syrup,3. Unusable Stock,0,NA,NA,NA,NA,0,NA,NA,NA,NA,NA,NA,NA,NA,NA,NA,NA,NA,NA,NA,NA,NA,NA,NA,NA,0,NA,NA,NA,NA,0,NA,NA,NA,NA,0,NA,NA,NA,NA,NA,NA,NA,NA,NA,NA,NA,NA,NA,NA,0,NA,NA,NA,NA,0,NA,NA,NA,NA,NA,NA,NA,NA,NA,0,NA,NA,NA,NA,NA,NA,NA,NA,NA,NA,NA,NA,NA,NA,0,NA,NA,NA,NA,0,NA,NA,NA,NA,NA,NA,NA,NA,NA,0,NA,NA,NA,NA,0,NA,NA,NA,NA,0,NA,NA,NA,NA,0,NA,NA,NA,NA,0,NA,NA,NA,NA,0,NA,NA,NA,NA,NA,NA,NA,NA,NA,NA,NA,NA,NA,NA,0,NA,NA,NA,NA
M19 [Other Items],19.11,Vit A syrup,4. Stock Distributed,207623,NA,NA,NA,NA,0,NA,NA,NA,NA,0,NA,NA,NA,NA,196902,NA,NA,NA,NA,45,NA,NA,NA,NA,0,NA,NA,NA,NA,0,NA,NA,NA,NA,0,NA,NA,NA,NA,NA,NA,NA,NA,NA,30,NA,NA,NA,NA,13,NA,NA,NA,NA,117,NA,NA,NA,NA,0,NA,NA,NA,NA,30,NA,NA,NA,NA,NA,NA,NA,NA,NA,NA,NA,NA,NA,NA,0,NA,NA,NA,NA,0,NA,NA,NA,NA,NA,NA,NA,NA,NA,40,NA,NA,NA,NA,10000,NA,NA,NA,NA,0,NA,NA,NA,NA,0,NA,NA,NA,NA,0,NA,NA,NA,NA,27,NA,NA,NA,NA,NA,NA,NA,NA,NA,409,NA,NA,NA,NA,10,NA,NA,NA,NA
M19 [Other Items],19.11,Vit A syrup,5. Total Stock,14881,NA,NA,NA,NA,0,NA,NA,NA,NA,134,NA,NA,NA,NA,0,NA,NA,NA,NA,5,NA,NA,NA,NA,2,NA,NA,NA,NA,0,NA,NA,NA,NA,0,NA,NA,NA,NA,0,NA,NA,NA,NA,28,NA,NA,NA,NA,22,NA,NA,NA,NA,53,NA,NA,NA,NA,0,NA,NA,NA,NA,55,NA,NA,NA,NA,0,NA,NA,NA,NA,0,NA,NA,NA,NA,0,NA,NA,NA,NA,0,NA,NA,NA,NA,0,NA,NA,NA,NA,138,NA,NA,NA,NA,14000,NA,NA,NA,NA,0,NA,NA,NA,NA,200,NA,NA,NA,NA,59,NA,NA,NA,NA,0,NA,NA,NA,NA,0,NA,NA,NA,NA,41,NA,NA,NA,NA,144,NA,NA,NA,NA
M19 [Other Items],19.12,ORS (New WHO),1. Balance From Previous Month,1095146,NA,NA,NA,NA,11800,NA,NA,NA,NA,125,NA,NA,NA,NA,30702,NA,NA,NA,NA,55424,NA,NA,NA,NA,2600,NA,NA,NA,NA,57500,NA,NA,NA,NA,204935,NA,NA,NA,NA,NA,NA,NA,NA,NA,60900,NA,NA,NA,NA,24850,NA,NA,NA,NA,42600,NA,NA,NA,NA,150000,NA,NA,NA,NA,0,NA,NA,NA,NA,NA,NA,NA,NA,NA,NA,NA,NA,NA,NA,0,NA,NA,NA,NA,4400,NA,NA,NA,NA,NA,NA,NA,NA,NA,74400,NA,NA,NA,NA,9000,NA,NA,NA,NA,5900,NA,NA,NA,NA,157700,NA,NA,NA,NA,56640,NA,NA,NA,NA,75420,NA,NA,NA,NA,NA,NA,NA,NA,NA,6550,NA,NA,NA,NA,63700,NA,NA,NA,NA
M19 [Other Items],19.12,ORS (New WHO),2. Stocks Received,1656900,NA,NA,NA,NA,203800,NA,NA,NA,NA,651000,NA,NA,NA,NA,28000,NA,NA,NA,NA,132000,NA,NA,NA,NA,0,NA,NA,NA,NA,0,NA,NA,NA,NA,0,NA,NA,NA,NA,NA,NA,NA,NA,NA,NA,NA,NA,NA,NA,0,NA,NA,NA,NA,365000,NA,NA,NA,NA,0,NA,NA,NA,NA,0,NA,NA,NA,NA,NA,NA,NA,NA,NA,NA,NA,NA,NA,NA,0,NA,NA,NA,NA,0,NA,NA,NA,NA,NA,NA,NA,NA,NA,0,NA,NA,NA,NA,0,NA,NA,NA,NA,49800,NA,NA,NA,NA,0,NA,NA,NA,NA,0,NA,NA,NA,NA,79800,NA,NA,NA,NA,NA,NA,NA,NA,NA,147500,NA,NA,NA,NA,0,NA,NA,NA,NA
M19 [Other Items],19.12,ORS (New WHO),3. Unusable Stock,0,NA,NA,NA,NA,0,NA,NA,NA,NA,NA,NA,NA,NA,NA,NA,NA,NA,NA,NA,0,NA,NA,NA,NA,0,NA,NA,NA,NA,0,NA,NA,NA,NA,0,NA,NA,NA,NA,NA,NA,NA,NA,NA,NA,NA,NA,NA,NA,0,NA,NA,NA,NA,0,NA,NA,NA,NA,NA,NA,NA,NA,NA,0,NA,NA,NA,NA,NA,NA,NA,NA,NA,NA,NA,NA,NA,NA,0,NA,NA,NA,NA,0,NA,NA,NA,NA,NA,NA,NA,NA,NA,0,NA,NA,NA,NA,0,NA,NA,NA,NA,0,NA,NA,NA,NA,0,NA,NA,NA,NA,0,NA,NA,NA,NA,0,NA,NA,NA,NA,NA,NA,NA,NA,NA,NA,NA,NA,NA,NA,0,NA,NA,NA,NA
M19 [Other Items],19.12,ORS (New WHO),4. Stock Distributed,1406690,NA,NA,NA,NA,34200,NA,NA,NA,NA,216525,NA,NA,NA,NA,10000,NA,NA,NA,NA,183200,NA,NA,NA,NA,2170,NA,NA,NA,NA,0,NA,NA,NA,NA,204835,NA,NA,NA,NA,NA,NA,NA,NA,NA,47850,NA,NA,NA,NA,6650,NA,NA,NA,NA,198950,NA,NA,NA,NA,147640,NA,NA,NA,NA,0,NA,NA,NA,NA,NA,NA,NA,NA,NA,NA,NA,NA,NA,NA,0,NA,NA,NA,NA,4400,NA,NA,NA,NA,NA,NA,NA,NA,NA,30700,NA,NA,NA,NA,0,NA,NA,NA,NA,52800,NA,NA,NA,NA,26040,NA,NA,NA,NA,19400,NA,NA,NA,NA,102280,NA,NA,NA,NA,NA,NA,NA,NA,NA,95650,NA,NA,NA,NA,23400,NA,NA,NA,NA
M19 [Other Items],19.12,ORS (New WHO),5. Total Stock,1292416,NA,NA,NA,NA,181400,NA,NA,NA,NA,434600,NA,NA,NA,NA,48702,NA,NA,NA,NA,4224,NA,NA,NA,NA,430,NA,NA,NA,NA,57500,NA,NA,NA,NA,100,NA,NA,NA,NA,NA,NA,NA,NA,NA,13050,NA,NA,NA,NA,18200,NA,NA,NA,NA,208650,NA,NA,NA,NA,2360,NA,NA,NA,NA,0,NA,NA,NA,NA,NA,NA,NA,NA,NA,NA,NA,NA,NA,NA,0,NA,NA,NA,NA,0,NA,NA,NA,NA,NA,NA,NA,NA,NA,43700,NA,NA,NA,NA,9000,NA,NA,NA,NA,2900,NA,NA,NA,NA,131660,NA,NA,NA,NA,37240,NA,NA,NA,NA,NA,NA,NA,NA,NA,NA,NA,NA,NA,NA,58400,NA,NA,NA,NA,40300,NA,NA,NA,NA
M19 [Other Items],19.13,RTI /STI colour coded syndromic kits ( I to VII),1. Balance From Previous Month,0,NA,NA,NA,NA,0,NA,NA,NA,NA,NA,NA,NA,NA,NA,NA,NA,NA,NA,NA,NA,NA,NA,NA,NA,0,NA,NA,NA,NA,0,NA,NA,NA,NA,0,NA,NA,NA,NA,NA,NA,NA,NA,NA,NA,NA,NA,NA,NA,NA,NA,NA,NA,NA,NA,NA,NA,NA,NA,0,NA,NA,NA,NA,0,NA,NA,NA,NA,NA,NA,NA,NA,NA,NA,NA,NA,NA,NA,0,NA,NA,NA,NA,0,NA,NA,NA,NA,NA,NA,NA,NA,NA,0,NA,NA,NA,NA,0,NA,NA,NA,NA,0,NA,NA,NA,NA,0,NA,NA,NA,NA,0,NA,NA,NA,NA,0,NA,NA,NA,NA,NA,NA,NA,NA,NA,NA,NA,NA,NA,NA,0,NA,NA,NA,NA
M19 [Other Items],19.13,RTI /STI colour coded syndromic kits ( I to VII),2. Stocks Received,70,NA,NA,NA,NA,0,NA,NA,NA,NA,NA,NA,NA,NA,NA,NA,NA,NA,NA,NA,NA,NA,NA,NA,NA,0,NA,NA,NA,NA,0,NA,NA,NA,NA,0,NA,NA,NA,NA,NA,NA,NA,NA,NA,NA,NA,NA,NA,NA,NA,NA,NA,NA,NA,NA,NA,NA,NA,NA,0,NA,NA,NA,NA,0,NA,NA,NA,NA,NA,NA,NA,NA,NA,NA,NA,NA,NA,NA,0,NA,NA,NA,NA,0,NA,NA,NA,NA,NA,NA,NA,NA,NA,0,NA,NA,NA,NA,0,NA,NA,NA,NA,0,NA,NA,NA,NA,0,NA,NA,NA,NA,0,NA,NA,NA,NA,0,NA,NA,NA,NA,NA,NA,NA,NA,NA,NA,NA,NA,NA,NA,70,NA,NA,NA,NA
M19 [Other Items],19.13,RTI /STI colour coded syndromic kits ( I to VII),3. Unusable Stock,0,NA,NA,NA,NA,0,NA,NA,NA,NA,NA,NA,NA,NA,NA,NA,NA,NA,NA,NA,NA,NA,NA,NA,NA,0,NA,NA,NA,NA,0,NA,NA,NA,NA,0,NA,NA,NA,NA,NA,NA,NA,NA,NA,NA,NA,NA,NA,NA,NA,NA,NA,NA,NA,NA,NA,NA,NA,NA,NA,NA,NA,NA,NA,0,NA,NA,NA,NA,NA,NA,NA,NA,NA,NA,NA,NA,NA,NA,0,NA,NA,NA,NA,0,NA,NA,NA,NA,NA,NA,NA,NA,NA,0,NA,NA,NA,NA,0,NA,NA,NA,NA,0,NA,NA,NA,NA,0,NA,NA,NA,NA,0,NA,NA,NA,NA,0,NA,NA,NA,NA,NA,NA,NA,NA,NA,NA,NA,NA,NA,NA,0,NA,NA,NA,NA
M19 [Other Items],19.13,RTI /STI colour coded syndromic kits ( I to VII),4. Stock Distributed,0,NA,NA,NA,NA,0,NA,NA,NA,NA,NA,NA,NA,NA,NA,NA,NA,NA,NA,NA,NA,NA,NA,NA,NA,0,NA,NA,NA,NA,0,NA,NA,NA,NA,0,NA,NA,NA,NA,NA,NA,NA,NA,NA,NA,NA,NA,NA,NA,NA,NA,NA,NA,NA,NA,NA,NA,NA,NA,0,NA,NA,NA,NA,0,NA,NA,NA,NA,NA,NA,NA,NA,NA,NA,NA,NA,NA,NA,0,NA,NA,NA,NA,0,NA,NA,NA,NA,NA,NA,NA,NA,NA,0,NA,NA,NA,NA,0,NA,NA,NA,NA,0,NA,NA,NA,NA,0,NA,NA,NA,NA,0,NA,NA,NA,NA,0,NA,NA,NA,NA,NA,NA,NA,NA,NA,NA,NA,NA,NA,NA,0,NA,NA,NA,NA
M19 [Other Items],19.13,RTI /STI colour coded syndromic kits ( I to VII),5. Total Stock,70,NA,NA,NA,NA,0,NA,NA,NA,NA,NA,NA,NA,NA,NA,NA,NA,NA,NA,NA,NA,NA,NA,NA,NA,0,NA,NA,NA,NA,0,NA,NA,NA,NA,0,NA,NA,NA,NA,NA,NA,NA,NA,NA,NA,NA,NA,NA,NA,NA,NA,NA,NA,NA,NA,NA,NA,NA,NA,0,NA,NA,NA,NA,0,NA,NA,NA,NA,NA,NA,NA,NA,NA,NA,NA,NA,NA,NA,0,NA,NA,NA,NA,0,NA,NA,NA,NA,NA,NA,NA,NA,NA,0,NA,NA,NA,NA,0,NA,NA,NA,NA,0,NA,NA,NA,NA,0,NA,NA,NA,NA,0,NA,NA,NA,NA,NA,NA,NA,NA,NA,NA,NA,NA,NA,NA,NA,NA,NA,NA,NA,70,NA,NA,NA,NA
M19 [Other Items],19.14,Zinc 20 mg tablet,1. Balance From Previous Month,824694,NA,NA,NA,NA,0,NA,NA,NA,NA,8000,NA,NA,NA,NA,4900,NA,NA,NA,NA,0,NA,NA,NA,NA,280,NA,NA,NA,NA,0,NA,NA,NA,NA,128890,NA,NA,NA,NA,NA,NA,NA,NA,NA,188610,NA,NA,NA,NA,7594,NA,NA,NA,NA,80300,NA,NA,NA,NA,17180,NA,NA,NA,NA,5600,NA,NA,NA,NA,NA,NA,NA,NA,NA,NA,NA,NA,NA,NA,0,NA,NA,NA,NA,140,NA,NA,NA,NA,NA,NA,NA,NA,NA,0,NA,NA,NA,NA,0,NA,NA,NA,NA,2250,NA,NA,NA,NA,10000,NA,NA,NA,NA,17860,NA,NA,NA,NA,0,NA,NA,NA,NA,NA,NA,NA,NA,NA,196190,NA,NA,NA,NA,156900,NA,NA,NA,NA
M19 [Other Items],19.14,Zinc 20 mg tablet,2. Stocks Received,18071200,NA,NA,NA,NA,0,NA,NA,NA,NA,1607200,NA,NA,NA,NA,1489600,NA,NA,NA,NA,0,NA,NA,NA,NA,823200,NA,NA,NA,NA,0,NA,NA,NA,NA,980000,NA,NA,NA,NA,NA,NA,NA,NA,NA,1803200,NA,NA,NA,NA,313600,NA,NA,NA,NA,392000,NA,NA,NA,NA,0,NA,NA,NA,NA,392000,NA,NA,NA,NA,NA,NA,NA,NA,NA,NA,NA,NA,NA,NA,0,NA,NA,NA,NA,1372000,NA,NA,NA,NA,NA,NA,NA,NA,NA,1254400,NA,NA,NA,NA,0,NA,NA,NA,NA,1764000,NA,NA,NA,NA,1607200,NA,NA,NA,NA,1411200,NA,NA,NA,NA,470400,NA,NA,NA,NA,NA,NA,NA,NA,NA,1176000,NA,NA,NA,NA,1215200,NA,NA,NA,NA
M19 [Other Items],19.14,Zinc 20 mg tablet,3. Unusable Stock,0,NA,NA,NA,NA,0,NA,NA,NA,NA,NA,NA,NA,NA,NA,NA,NA,NA,NA,NA,NA,NA,NA,NA,NA,0,NA,NA,NA,NA,0,NA,NA,NA,NA,0,NA,NA,NA,NA,NA,NA,NA,NA,NA,NA,NA,NA,NA,NA,0,NA,NA,NA,NA,0,NA,NA,NA,NA,NA,NA,NA,NA,NA,0,NA,NA,NA,NA,NA,NA,NA,NA,NA,NA,NA,NA,NA,NA,0,NA,NA,NA,NA,0,NA,NA,NA,NA,NA,NA,NA,NA,NA,0,NA,NA,NA,NA,0,NA,NA,NA,NA,0,NA,NA,NA,NA,0,NA,NA,NA,NA,0,NA,NA,NA,NA,0,NA,NA,NA,NA,NA,NA,NA,NA,NA,NA,NA,NA,NA,NA,0,NA,NA,NA,NA
M19 [Other Items],19.14,Zinc 20 mg tablet,4. Stock Distributed,3027734,NA,NA,NA,NA,0,NA,NA,NA,NA,236600,NA,NA,NA,NA,235900,NA,NA,NA,NA,0,NA,NA,NA,NA,396200,NA,NA,NA,NA,0,NA,NA,NA,NA,172240,NA,NA,NA,NA,NA,NA,NA,NA,NA,66760,NA,NA,NA,NA,4654,NA,NA,NA,NA,323840,NA,NA,NA,NA,17180,NA,NA,NA,NA,72800,NA,NA,NA,NA,NA,NA,NA,NA,NA,NA,NA,NA,NA,NA,0,NA,NA,NA,NA,429100,NA,NA,NA,NA,NA,NA,NA,NA,NA,76590,NA,NA,NA,NA,0,NA,NA,NA,NA,323610,NA,NA,NA,NA,166700,NA,NA,NA,NA,125220,NA,NA,NA,NA,210140,NA,NA,NA,NA,NA,NA,NA,NA,NA,NA,NA,NA,NA,NA,170200,NA,NA,NA,NA
M19 [Other Items],19.14,Zinc 20 mg tablet,5. Total Stock,15607900,NA,NA,NA,NA,0,NA,NA,NA,NA,1378600,NA,NA,NA,NA,1258600,NA,NA,NA,NA,0,NA,NA,NA,NA,427280,NA,NA,NA,NA,0,NA,NA,NA,NA,936650,NA,NA,NA,NA,NA,NA,NA,NA,NA,1925050,NA,NA,NA,NA,316540,NA,NA,NA,NA,148460,NA,NA,NA,NA,0,NA,NA,NA,NA,324800,NA,NA,NA,NA,NA,NA,NA,NA,NA,NA,NA,NA,NA,NA,0,NA,NA,NA,NA,943040,NA,NA,NA,NA,NA,NA,NA,NA,NA,1177810,NA,NA,NA,NA,0,NA,NA,NA,NA,1442640,NA,NA,NA,NA,1450500,NA,NA,NA,NA,1303840,NA,NA,NA,NA,NA,NA,NA,NA,NA,NA,NA,NA,NA,NA,1372190,NA,NA,NA,NA,1201900,NA,NA,NA,NA
M19 [Other Items],19.15,Albendazole 400 mg tablet,1. Balance From Previous Month,1463380,NA,NA,NA,NA,0,NA,NA,NA,NA,188100,NA,NA,NA,NA,21600,NA,NA,NA,NA,395160,NA,NA,NA,NA,7500,NA,NA,NA,NA,145100,NA,NA,NA,NA,18400,NA,NA,NA,NA,NA,NA,NA,NA,NA,300,NA,NA,NA,NA,47900,NA,NA,NA,NA,3900,NA,NA,NA,NA,28500,NA,NA,NA,NA,700,NA,NA,NA,NA,NA,NA,NA,NA,NA,NA,NA,NA,NA,NA,0,NA,NA,NA,NA,26400,NA,NA,NA,NA,NA,NA,NA,NA,NA,100,NA,NA,NA,NA,3000,NA,NA,NA,NA,6800,NA,NA,NA,NA,271600,NA,NA,NA,NA,3720,NA,NA,NA,NA,75400,NA,NA,NA,NA,NA,NA,NA,NA,NA,32800,NA,NA,NA,NA,186400,NA,NA,NA,NA
M19 [Other Items],19.15,Albendazole 400 mg tablet,2. Stocks Received,0,NA,NA,NA,NA,0,NA,NA,NA,NA,0,NA,NA,NA,NA,NA,NA,NA,NA,NA,0,NA,NA,NA,NA,0,NA,NA,NA,NA,0,NA,NA,NA,NA,0,NA,NA,NA,NA,NA,NA,NA,NA,NA,NA,NA,NA,NA,NA,0,NA,NA,NA,NA,0,NA,NA,NA,NA,0,NA,NA,NA,NA,0,NA,NA,NA,NA,NA,NA,NA,NA,NA,NA,NA,NA,NA,NA,0,NA,NA,NA,NA,0,NA,NA,NA,NA,NA,NA,NA,NA,NA,0,NA,NA,NA,NA,0,NA,NA,NA,NA,0,NA,NA,NA,NA,0,NA,NA,NA,NA,0,NA,NA,NA,NA,0,NA,NA,NA,NA,NA,NA,NA,NA,NA,NA,NA,NA,NA,NA,0,NA,NA,NA,NA
M19 [Other Items],19.15,Albendazole 400 mg tablet,3. Unusable Stock,0,NA,NA,NA,NA,0,NA,NA,NA,NA,NA,NA,NA,NA,NA,NA,NA,NA,NA,NA,NA,NA,NA,NA,NA,0,NA,NA,NA,NA,0,NA,NA,NA,NA,0,NA,NA,NA,NA,NA,NA,NA,NA,NA,NA,NA,NA,NA,NA,0,NA,NA,NA,NA,0,NA,NA,NA,NA,NA,NA,NA,NA,NA,0,NA,NA,NA,NA,NA,NA,NA,NA,NA,NA,NA,NA,NA,NA,0,NA,NA,NA,NA,0,NA,NA,NA,NA,NA,NA,NA,NA,NA,0,NA,NA,NA,NA,0,NA,NA,NA,NA,0,NA,NA,NA,NA,0,NA,NA,NA,NA,0,NA,NA,NA,NA,0,NA,NA,NA,NA,NA,NA,NA,NA,NA,NA,NA,NA,NA,NA,0,NA,NA,NA,NA
M19 [Other Items],19.15,Albendazole 400 mg tablet,4. Stock Distributed,120450,NA,NA,NA,NA,0,NA,NA,NA,NA,26700,NA,NA,NA,NA,7600,NA,NA,NA,NA,29000,NA,NA,NA,NA,2430,NA,NA,NA,NA,0,NA,NA,NA,NA,3000,NA,NA,NA,NA,NA,NA,NA,NA,NA,300,NA,NA,NA,NA,2000,NA,NA,NA,NA,1200,NA,NA,NA,NA,0,NA,NA,NA,NA,0,NA,NA,NA,NA,NA,NA,NA,NA,NA,NA,NA,NA,NA,NA,0,NA,NA,NA,NA,2500,NA,NA,NA,NA,NA,NA,NA,NA,NA,0,NA,NA,NA,NA,0,NA,NA,NA,NA,900,NA,NA,NA,NA,22000,NA,NA,NA,NA,3720,NA,NA,NA,NA,5200,NA,NA,NA,NA,NA,NA,NA,NA,NA,4000,NA,NA,NA,NA,9900,NA,NA,NA,NA
M19 [Other Items],19.15,Albendazole 400 mg tablet,5. Total Stock,1272730,NA,NA,NA,NA,0,NA,NA,NA,NA,161400,NA,NA,NA,NA,14000,NA,NA,NA,NA,366160,NA,NA,NA,NA,5070,NA,NA,NA,NA,145100,NA,NA,NA,NA,15400,NA,NA,NA,NA,NA,NA,NA,NA,NA,0,NA,NA,NA,NA,45900,NA,NA,NA,NA,2700,NA,NA,NA,NA,28500,NA,NA,NA,NA,700,NA,NA,NA,NA,NA,NA,NA,NA,NA,NA,NA,NA,NA,NA,0,NA,NA,NA,NA,23900,NA,NA,NA,NA,NA,NA,NA,NA,NA,100,NA,NA,NA,NA,3000,NA,NA,NA,NA,5900,NA,NA,NA,NA,249600,NA,NA,NA,NA,0,NA,NA,NA,NA,NA,NA,NA,NA,NA,NA,NA,NA,NA,NA,28800,NA,NA,NA,NA,176500,NA,NA,NA,NA
M19 [Other Items],19.16,Calcium Tablets,1. Balance From Previous Month,13915898,NA,NA,NA,NA,0,NA,NA,NA,NA,6018170,NA,NA,NA,NA,4000,NA,NA,NA,NA,153900,NA,NA,NA,NA,700,NA,NA,NA,NA,3349760,NA,NA,NA,NA,11367,NA,NA,NA,NA,NA,NA,NA,NA,NA,300100,NA,NA,NA,NA,239400,NA,NA,NA,NA,24600,NA,NA,NA,NA,72900,NA,NA,NA,NA,3500,NA,NA,NA,NA,NA,NA,NA,NA,NA,NA,NA,NA,NA,NA,0,NA,NA,NA,NA,15634,NA,NA,NA,NA,NA,NA,NA,NA,NA,199000,NA,NA,NA,NA,5000,NA,NA,NA,NA,0,NA,NA,NA,NA,3130567,NA,NA,NA,NA,248000,NA,NA,NA,NA,55700,NA,NA,NA,NA,NA,NA,NA,NA,NA,NA,NA,NA,NA,NA,83600,NA,NA,NA,NA
M19 [Other Items],19.16,Calcium Tablets,2. Stocks Received,13772940,NA,NA,NA,NA,0,NA,NA,NA,NA,0,NA,NA,NA,NA,3173980,NA,NA,NA,NA,0,NA,NA,NA,NA,1965290,NA,NA,NA,NA,0,NA,NA,NA,NA,0,NA,NA,NA,NA,NA,NA,NA,NA,NA,NA,NA,NA,NA,NA,0,NA,NA,NA,NA,0,NA,NA,NA,NA,0,NA,NA,NA,NA,4556290,NA,NA,NA,NA,NA,NA,NA,NA,NA,NA,NA,NA,NA,NA,0,NA,NA,NA,NA,0,NA,NA,NA,NA,NA,NA,NA,NA,NA,4077380,NA,NA,NA,NA,0,NA,NA,NA,NA,0,NA,NA,NA,NA,0,NA,NA,NA,NA,0,NA,NA,NA,NA,0,NA,NA,NA,NA,NA,NA,NA,NA,NA,NA,NA,NA,NA,NA,0,NA,NA,NA,NA
M19 [Other Items],19.16,Calcium Tablets,3. Unusable Stock,0,NA,NA,NA,NA,0,NA,NA,NA,NA,NA,NA,NA,NA,NA,NA,NA,NA,NA,NA,NA,NA,NA,NA,NA,0,NA,NA,NA,NA,0,NA,NA,NA,NA,0,NA,NA,NA,NA,NA,NA,NA,NA,NA,NA,NA,NA,NA,NA,0,NA,NA,NA,NA,0,NA,NA,NA,NA,NA,NA,NA,NA,NA,0,NA,NA,NA,NA,NA,NA,NA,NA,NA,NA,NA,NA,NA,NA,0,NA,NA,NA,NA,0,NA,NA,NA,NA,NA,NA,NA,NA,NA,0,NA,NA,NA,NA,0,NA,NA,NA,NA,0,NA,NA,NA,NA,0,NA,NA,NA,NA,0,NA,NA,NA,NA,0,NA,NA,NA,NA,NA,NA,NA,NA,NA,NA,NA,NA,NA,NA,0,NA,NA,NA,NA
M19 [Other Items],19.16,Calcium Tablets,4. Stock Distributed,3235247,NA,NA,NA,NA,0,NA,NA,NA,NA,1517480,NA,NA,NA,NA,536500,NA,NA,NA,NA,16400,NA,NA,NA,NA,112800,NA,NA,NA,NA,0,NA,NA,NA,NA,11367,NA,NA,NA,NA,NA,NA,NA,NA,NA,200100,NA,NA,NA,NA,25000,NA,NA,NA,NA,0,NA,NA,NA,NA,2100,NA,NA,NA,NA,2000,NA,NA,NA,NA,NA,NA,NA,NA,NA,NA,NA,NA,NA,NA,0,NA,NA,NA,NA,10000,NA,NA,NA,NA,NA,NA,NA,NA,NA,253000,NA,NA,NA,NA,0,NA,NA,NA,NA,0,NA,NA,NA,NA,430600,NA,NA,NA,NA,24000,NA,NA,NA,NA,46500,NA,NA,NA,NA,NA,NA,NA,NA,NA,NA,NA,NA,NA,NA,47400,NA,NA,NA,NA
M19 [Other Items],19.16,Calcium Tablets,5. Total Stock,24444391,NA,NA,NA,NA,0,NA,NA,NA,NA,4500690,NA,NA,NA,NA,2641480,NA,NA,NA,NA,137500,NA,NA,NA,NA,1853190,NA,NA,NA,NA,3349760,NA,NA,NA,NA,0,NA,NA,NA,NA,NA,NA,NA,NA,NA,100000,NA,NA,NA,NA,214400,NA,NA,NA,NA,24600,NA,NA,NA,NA,70800,NA,NA,NA,NA,4557790,NA,NA,NA,NA,NA,NA,NA,NA,NA,NA,NA,NA,NA,NA,0,NA,NA,NA,NA,5634,NA,NA,NA,NA,NA,NA,NA,NA,NA,4023380,NA,NA,NA,NA,5000,NA,NA,NA,NA,0,NA,NA,NA,NA,2699967,NA,NA,NA,NA,224000,NA,NA,NA,NA,NA,NA,NA,NA,NA,NA,NA,NA,NA,NA,NA,NA,NA,NA,NA,36200,NA,NA,NA,NA
M20 [Syringes],20.1,Syringes - 0.1 ml (AD),1. Balance From Previous Month,75902,NA,NA,NA,NA,2600,NA,NA,NA,NA,21210,NA,NA,NA,NA,800,NA,NA,NA,NA,8200,NA,NA,NA,NA,300,NA,NA,NA,NA,1040,NA,NA,NA,NA,2100,NA,NA,NA,NA,1600,NA,NA,NA,NA,2550,NA,NA,NA,NA,1600,NA,NA,NA,NA,2600,NA,NA,NA,NA,5300,NA,NA,NA,NA,300,NA,NA,NA,NA,4640,NA,NA,NA,NA,550,NA,NA,NA,NA,114,NA,NA,NA,NA,1836,NA,NA,NA,NA,3000,NA,NA,NA,NA,4705,NA,NA,NA,NA,3000,NA,NA,NA,NA,900,NA,NA,NA,NA,0,NA,NA,NA,NA,2827,NA,NA,NA,NA,80,NA,NA,NA,NA,1300,NA,NA,NA,NA,0,NA,NA,NA,NA,2750,NA,NA,NA,NA
M20 [Syringes],20.1,Syringes - 0.1 ml (AD),2. Stocks Received,16900,NA,NA,NA,NA,0,NA,NA,NA,NA,NA,NA,NA,NA,NA,NA,NA,NA,NA,NA,0,NA,NA,NA,NA,0,NA,NA,NA,NA,0,NA,NA,NA,NA,0,NA,NA,NA,NA,4000,NA,NA,NA,NA,2800,NA,NA,NA,NA,0,NA,NA,NA,NA,2100,NA,NA,NA,NA,0,NA,NA,NA,NA,0,NA,NA,NA,NA,0,NA,NA,NA,NA,0,NA,NA,NA,NA,0,NA,NA,NA,NA,0,NA,NA,NA,NA,0,NA,NA,NA,NA,0,NA,NA,NA,NA,6000,NA,NA,NA,NA,0,NA,NA,NA,NA,0,NA,NA,NA,NA,0,NA,NA,NA,NA,0,NA,NA,NA,NA,0,NA,NA,NA,NA,2000,NA,NA,NA,NA,0,NA,NA,NA,NA
M20 [Syringes],20.1,Syringes - 0.1 ml (AD),3. Unusable Stock,550,NA,NA,NA,NA,0,NA,NA,NA,NA,NA,NA,NA,NA,NA,NA,NA,NA,NA,NA,NA,NA,NA,NA,NA,0,NA,NA,NA,NA,0,NA,NA,NA,NA,0,NA,NA,NA,NA,NA,NA,NA,NA,NA,NA,NA,NA,NA,NA,0,NA,NA,NA,NA,0,NA,NA,NA,NA,NA,NA,NA,NA,NA,0,NA,NA,NA,NA,0,NA,NA,NA,NA,550,NA,NA,NA,NA,0,NA,NA,NA,NA,NA,NA,NA,NA,NA,0,NA,NA,NA,NA,0,NA,NA,NA,NA,0,NA,NA,NA,NA,0,NA,NA,NA,NA,NA,NA,NA,NA,NA,0,NA,NA,NA,NA,0,NA,NA,NA,NA,0,NA,NA,NA,NA,NA,NA,NA,NA,NA,NA,NA,NA,NA,NA
M20 [Syringes],20.1,Syringes - 0.1 ml (AD),4. Stock Distributed,67269,NA,NA,NA,NA,400,NA,NA,NA,NA,7250,NA,NA,NA,NA,800,NA,NA,NA,NA,8200,NA,NA,NA,NA,300,NA,NA,NA,NA,1040,NA,NA,NA,NA,2100,NA,NA,NA,NA,5500,NA,NA,NA,NA,5300,NA,NA,NA,NA,800,NA,NA,NA,NA,4700,NA,NA,NA,NA,3600,NA,NA,NA,NA,200,NA,NA,NA,NA,3545,NA,NA,NA,NA,0,NA,NA,NA,NA,114,NA,NA,NA,NA,1530,NA,NA,NA,NA,3000,NA,NA,NA,NA,4000,NA,NA,NA,NA,6000,NA,NA,NA,NA,900,NA,NA,NA,NA,0,NA,NA,NA,NA,2750,NA,NA,NA,NA,0,NA,NA,NA,NA,1240,NA,NA,NA,NA,2000,NA,NA,NA,NA,2000,NA,NA,NA,NA
M20 [Syringes],20.1,Syringes - 0.1 ml (AD),5. Total Stock,24983,NA,NA,NA,NA,2200,NA,NA,NA,NA,13960,NA,NA,NA,NA,0,NA,NA,NA,NA,0,NA,NA,NA,NA,0,NA,NA,NA,NA,0,NA,NA,NA,NA,0,NA,NA,NA,NA,100,NA,NA,NA,NA,50,NA,NA,NA,NA,800,NA,NA,NA,NA,0,NA,NA,NA,NA,1700,NA,NA,NA,NA,100,NA,NA,NA,NA,1095,NA,NA,NA,NA,0,NA,NA,NA,NA,0,NA,NA,NA,NA,306,NA,NA,NA,NA,0,NA,NA,NA,NA,705,NA,NA,NA,NA,3000,NA,NA,NA,NA,0,NA,NA,NA,NA,0,NA,NA,NA,NA,77,NA,NA,NA,NA,80,NA,NA,NA,NA,60,NA,NA,NA,NA,0,NA,NA,NA,NA,750,NA,NA,NA,NA
M20 [Syringes],20.2,Syringes - 0.5 ml (AD),1. Balance From Previous Month,5400059,NA,NA,NA,NA,96000,NA,NA,NA,NA,355660,NA,NA,NA,NA,523900,NA,NA,NA,NA,91700,NA,NA,NA,NA,165600,NA,NA,NA,NA,0,NA,NA,NA,NA,482000,NA,NA,NA,NA,66000,NA,NA,NA,NA,215550,NA,NA,NA,NA,50800,NA,NA,NA,NA,118800,NA,NA,NA,NA,725700,NA,NA,NA,NA,38000,NA,NA,NA,NA,265480,NA,NA,NA,NA,39600,NA,NA,NA,NA,22400,NA,NA,NA,NA,372000,NA,NA,NA,NA,209500,NA,NA,NA,NA,10000,NA,NA,NA,NA,3500,NA,NA,NA,NA,13000,NA,NA,NA,NA,165662,NA,NA,NA,NA,532280,NA,NA,NA,NA,94607,NA,NA,NA,NA,85400,NA,NA,NA,NA,464920,NA,NA,NA,NA,192000,NA,NA,NA,NA
M20 [Syringes],20.2,Syringes - 0.5 ml (AD),2. Stocks Received,266000,NA,NA,NA,NA,0,NA,NA,NA,NA,NA,NA,NA,NA,NA,NA,NA,NA,NA,NA,0,NA,NA,NA,NA,0,NA,NA,NA,NA,20000,NA,NA,NA,NA,0,NA,NA,NA,NA,NA,NA,NA,NA,NA,0,NA,NA,NA,NA,0,NA,NA,NA,NA,0,NA,NA,NA,NA,0,NA,NA,NA,NA,0,NA,NA,NA,NA,0,NA,NA,NA,NA,0,NA,NA,NA,NA,60000,NA,NA,NA,NA,180000,NA,NA,NA,NA,0,NA,NA,NA,NA,0,NA,NA,NA,NA,6000,NA,NA,NA,NA,0,NA,NA,NA,NA,NA,NA,NA,NA,NA,0,NA,NA,NA,NA,0,NA,NA,NA,NA,0,NA,NA,NA,NA,NA,NA,NA,NA,NA,0,NA,NA,NA,NA
M20 [Syringes],20.2,Syringes - 0.5 ml (AD),3. Unusable Stock,0,NA,NA,NA,NA,0,NA,NA,NA,NA,NA,NA,NA,NA,NA,NA,NA,NA,NA,NA,NA,NA,NA,NA,NA,0,NA,NA,NA,NA,0,NA,NA,NA,NA,0,NA,NA,NA,NA,NA,NA,NA,NA,NA,NA,NA,NA,NA,NA,0,NA,NA,NA,NA,0,NA,NA,NA,NA,NA,NA,NA,NA,NA,0,NA,NA,NA,NA,0,NA,NA,NA,NA,0,NA,NA,NA,NA,0,NA,NA,NA,NA,NA,NA,NA,NA,NA,0,NA,NA,NA,NA,0,NA,NA,NA,NA,0,NA,NA,NA,NA,0,NA,NA,NA,NA,NA,NA,NA,NA,NA,0,NA,NA,NA,NA,0,NA,NA,NA,NA,0,NA,NA,NA,NA,NA,NA,NA,NA,NA,NA,NA,NA,NA,NA
M20 [Syringes],20.2,Syringes - 0.5 ml (AD),4. Stock Distributed,801486,NA,NA,NA,NA,10000,NA,NA,NA,NA,10000,NA,NA,NA,NA,136000,NA,NA,NA,NA,19000,NA,NA,NA,NA,0,NA,NA,NA,NA,14000,NA,NA,NA,NA,6000,NA,NA,NA,NA,19400,NA,NA,NA,NA,8800,NA,NA,NA,NA,2000,NA,NA,NA,NA,23400,NA,NA,NA,NA,186000,NA,NA,NA,NA,10000,NA,NA,NA,NA,15770,NA,NA,NA,NA,39600,NA,NA,NA,NA,61000,NA,NA,NA,NA,24000,NA,NA,NA,NA,61000,NA,NA,NA,NA,0,NA,NA,NA,NA,6000,NA,NA,NA,NA,4000,NA,NA,NA,NA,NA,NA,NA,NA,NA,54000,NA,NA,NA,NA,17606,NA,NA,NA,NA,32910,NA,NA,NA,NA,41000,NA,NA,NA,NA,0,NA,NA,NA,NA
M20 [Syringes],20.2,Syringes - 0.5 ml (AD),5. Total Stock,4864573,NA,NA,NA,NA,86000,NA,NA,NA,NA,345660,NA,NA,NA,NA,387900,NA,NA,NA,NA,72700,NA,NA,NA,NA,165600,NA,NA,NA,NA,6000,NA,NA,NA,NA,476000,NA,NA,NA,NA,46600,NA,NA,NA,NA,206750,NA,NA,NA,NA,48800,NA,NA,NA,NA,95400,NA,NA,NA,NA,539700,NA,NA,NA,NA,28000,NA,NA,NA,NA,249710,NA,NA,NA,NA,0,NA,NA,NA,NA,21400,NA,NA,NA,NA,528000,NA,NA,NA,NA,148500,NA,NA,NA,NA,10000,NA,NA,NA,NA,3500,NA,NA,NA,NA,9000,NA,NA,NA,NA,165662,NA,NA,NA,NA,478280,NA,NA,NA,NA,77001,NA,NA,NA,NA,52490,NA,NA,NA,NA,423920,NA,NA,NA,NA,192000,NA,NA,NA,NA
M20 [Syringes],20.3,Syringes - 5.0 ml (Disposable),1. Balance From Previous Month,3998605,NA,NA,NA,NA,66650,NA,NA,NA,NA,205334,NA,NA,NA,NA,79200,NA,NA,NA,NA,28000,NA,NA,NA,NA,13400,NA,NA,NA,NA,132280,NA,NA,NA,NA,3400,NA,NA,NA,NA,4300,NA,NA,NA,NA,79700,NA,NA,NA,NA,9300,NA,NA,NA,NA,19400,NA,NA,NA,NA,13900,NA,NA,NA,NA,15000,NA,NA,NA,NA,38000,NA,NA,NA,NA,19200,NA,NA,NA,NA,12800,NA,NA,NA,NA,9584,NA,NA,NA,NA,21400,NA,NA,NA,NA,28450,NA,NA,NA,NA,3000,NA,NA,NA,NA,149750,NA,NA,NA,NA,2731800,NA,NA,NA,NA,27400,NA,NA,NA,NA,226540,NA,NA,NA,NA,6945,NA,NA,NA,NA,25372,NA,NA,NA,NA,28500,NA,NA,NA,NA
M20 [Syringes],20.3,Syringes - 5.0 ml (Disposable),2. Stocks Received,45655,NA,NA,NA,NA,0,NA,NA,NA,NA,NA,NA,NA,NA,NA,NA,NA,NA,NA,NA,0,NA,NA,NA,NA,0,NA,NA,NA,NA,0,NA,NA,NA,NA,0,NA,NA,NA,NA,NA,NA,NA,NA,NA,NA,NA,NA,NA,NA,0,NA,NA,NA,NA,0,NA,NA,NA,NA,0,NA,NA,NA,NA,0,NA,NA,NA,NA,0,NA,NA,NA,NA,0,NA,NA,NA,NA,0,NA,NA,NA,NA,14400,NA,NA,NA,NA,0,NA,NA,NA,NA,0,NA,NA,NA,NA,6000,NA,NA,NA,NA,0,NA,NA,NA,NA,0,NA,NA,NA,NA,0,NA,NA,NA,NA,0,NA,NA,NA,NA,25255,NA,NA,NA,NA,NA,NA,NA,NA,NA,0,NA,NA,NA,NA
M20 [Syringes],20.3,Syringes - 5.0 ml (Disposable),3. Unusable Stock,0,NA,NA,NA,NA,0,NA,NA,NA,NA,NA,NA,NA,NA,NA,NA,NA,NA,NA,NA,NA,NA,NA,NA,NA,0,NA,NA,NA,NA,0,NA,NA,NA,NA,0,NA,NA,NA,NA,NA,NA,NA,NA,NA,NA,NA,NA,NA,NA,0,NA,NA,NA,NA,0,NA,NA,NA,NA,NA,NA,NA,NA,NA,0,NA,NA,NA,NA,0,NA,NA,NA,NA,0,NA,NA,NA,NA,0,NA,NA,NA,NA,NA,NA,NA,NA,NA,0,NA,NA,NA,NA,0,NA,NA,NA,NA,0,NA,NA,NA,NA,0,NA,NA,NA,NA,0,NA,NA,NA,NA,0,NA,NA,NA,NA,0,NA,NA,NA,NA,0,NA,NA,NA,NA,NA,NA,NA,NA,NA,NA,NA,NA,NA,NA
M20 [Syringes],20.3,Syringes - 5.0 ml (Disposable),4. Stock Distributed,202595,NA,NA,NA,NA,12300,NA,NA,NA,NA,23400,NA,NA,NA,NA,4400,NA,NA,NA,NA,2300,NA,NA,NA,NA,1200,NA,NA,NA,NA,0,NA,NA,NA,NA,200,NA,NA,NA,NA,2700,NA,NA,NA,NA,15800,NA,NA,NA,NA,300,NA,NA,NA,NA,3500,NA,NA,NA,NA,1700,NA,NA,NA,NA,400,NA,NA,NA,NA,1695,NA,NA,NA,NA,19200,NA,NA,NA,NA,12800,NA,NA,NA,NA,400,NA,NA,NA,NA,2600,NA,NA,NA,NA,2900,NA,NA,NA,NA,6000,NA,NA,NA,NA,9900,NA,NA,NA,NA,44200,NA,NA,NA,NA,9500,NA,NA,NA,NA,15500,NA,NA,NA,NA,4200,NA,NA,NA,NA,3500,NA,NA,NA,NA,2000,NA,NA,NA,NA
M20 [Syringes],20.3,Syringes - 5.0 ml (Disposable),5. Total Stock,3841665,NA,NA,NA,NA,54350,NA,NA,NA,NA,181934,NA,NA,NA,NA,74800,NA,NA,NA,NA,25700,NA,NA,NA,NA,12200,NA,NA,NA,NA,132280,NA,NA,NA,NA,3200,NA,NA,NA,NA,1600,NA,NA,NA,NA,63900,NA,NA,NA,NA,9000,NA,NA,NA,NA,15900,NA,NA,NA,NA,12200,NA,NA,NA,NA,14600,NA,NA,NA,NA,36305,NA,NA,NA,NA,0,NA,NA,NA,NA,0,NA,NA,NA,NA,23584,NA,NA,NA,NA,18800,NA,NA,NA,NA,25550,NA,NA,NA,NA,3000,NA,NA,NA,NA,139850,NA,NA,NA,NA,2687600,NA,NA,NA,NA,17900,NA,NA,NA,NA,211040,NA,NA,NA,NA,28000,NA,NA,NA,NA,21872,NA,NA,NA,NA,26500,NA,NA,NA,NA
M21 [Rashtriya Bal Swasthaya Karyakram (RBSK)],21.1,Number of newborn screened for defects at birth (as per RBSK),TOTAL,38726,NA,NA,NA,NA,8,NA,NA,NA,NA,NA,NA,NA,NA,NA,23657,NA,NA,NA,NA,984,NA,NA,NA,NA,5,NA,NA,NA,NA,540,NA,NA,NA,NA,541,NA,NA,NA,NA,1610,NA,NA,NA,NA,275,NA,NA,NA,NA,260,NA,NA,NA,NA,856,NA,NA,NA,NA,313,NA,NA,NA,NA,439,NA,NA,NA,NA,NA,NA,NA,NA,NA,498,NA,NA,NA,NA,529,NA,NA,NA,NA,450,NA,NA,NA,NA,1290,NA,NA,NA,NA,976,NA,NA,NA,NA,643,NA,NA,NA,NA,263,NA,NA,NA,NA,837,NA,NA,NA,NA,22,NA,NA,NA,NA,1061,NA,NA,NA,NA,1053,NA,NA,NA,NA,1111,NA,NA,NA,NA,505,NA,NA,NA,NA
M21 [Rashtriya Bal Swasthaya Karyakram (RBSK)],21.2,Number of children (6 month to 6 years) screened by RBSK mobile health teams at Anganwadi center,TOTAL,273828,NA,NA,NA,NA,11950,NA,NA,NA,NA,14864,NA,NA,NA,NA,12932,NA,NA,NA,NA,12133,NA,NA,NA,NA,2730,NA,NA,NA,NA,6600,NA,NA,NA,NA,11987,NA,NA,NA,NA,23025,NA,NA,NA,NA,11433,NA,NA,NA,NA,622,NA,NA,NA,NA,14794,NA,NA,NA,NA,9299,NA,NA,NA,NA,5298,NA,NA,NA,NA,9998,NA,NA,NA,NA,11860,NA,NA,NA,NA,21372,NA,NA,NA,NA,9804,NA,NA,NA,NA,2321,NA,NA,NA,NA,6523,NA,NA,NA,NA,13249,NA,NA,NA,NA,5132,NA,NA,NA,NA,17979,NA,NA,NA,NA,7074,NA,NA,NA,NA,9759,NA,NA,NA,NA,8573,NA,NA,NA,NA,6398,NA,NA,NA,NA,6119,NA,NA,NA,NA
M21 [Rashtriya Bal Swasthaya Karyakram (RBSK)],21.3,Number of children (6 years to 18 years) screened by RBSK mobile health teams at Govt and Govt aided schools,TOTAL,318518,NA,NA,NA,NA,8620,NA,NA,NA,NA,18830,NA,NA,NA,NA,10725,NA,NA,NA,NA,18514,NA,NA,NA,NA,4334,NA,NA,NA,NA,3364,NA,NA,NA,NA,9111,NA,NA,NA,NA,18280,NA,NA,NA,NA,10628,NA,NA,NA,NA,2386,NA,NA,NA,NA,12337,NA,NA,NA,NA,12481,NA,NA,NA,NA,3848,NA,NA,NA,NA,13074,NA,NA,NA,NA,12550,NA,NA,NA,NA,27360,NA,NA,NA,NA,11262,NA,NA,NA,NA,11428,NA,NA,NA,NA,8123,NA,NA,NA,NA,15443,NA,NA,NA,NA,7610,NA,NA,NA,NA,28329,NA,NA,NA,NA,12102,NA,NA,NA,NA,13775,NA,NA,NA,NA,12146,NA,NA,NA,NA,6977,NA,NA,NA,NA,4881,NA,NA,NA,NA
M21 [Rashtriya Bal Swasthaya Karyakram (RBSK)],21.4.1.a,Number of Male children identified with Disease,TOTAL,2953,NA,NA,NA,NA,75,NA,NA,NA,NA,116,NA,NA,NA,NA,287,NA,NA,NA,NA,600,NA,NA,NA,NA,52,NA,NA,NA,NA,88,NA,NA,NA,NA,97,NA,NA,NA,NA,117,NA,NA,NA,NA,56,NA,NA,NA,NA,41,NA,NA,NA,NA,39,NA,NA,NA,NA,61,NA,NA,NA,NA,82,NA,NA,NA,NA,205,NA,NA,NA,NA,98,NA,NA,NA,NA,66,NA,NA,NA,NA,25,NA,NA,NA,NA,38,NA,NA,NA,NA,37,NA,NA,NA,NA,88,NA,NA,NA,NA,224,NA,NA,NA,NA,71,NA,NA,NA,NA,85,NA,NA,NA,NA,84,NA,NA,NA,NA,9,NA,NA,NA,NA,179,NA,NA,NA,NA,33,NA,NA,NA,NA
M21 [Rashtriya Bal Swasthaya Karyakram (RBSK)],21.4.1.b,Number of Female children identified with Disease,TOTAL,3063,NA,NA,NA,NA,59,NA,NA,NA,NA,140,NA,NA,NA,NA,312,NA,NA,NA,NA,589,NA,NA,NA,NA,46,NA,NA,NA,NA,133,NA,NA,NA,NA,81,NA,NA,NA,NA,105,NA,NA,NA,NA,46,NA,NA,NA,NA,55,NA,NA,NA,NA,50,NA,NA,NA,NA,45,NA,NA,NA,NA,53,NA,NA,NA,NA,198,NA,NA,NA,NA,90,NA,NA,NA,NA,68,NA,NA,NA,NA,18,NA,NA,NA,NA,41,NA,NA,NA,NA,61,NA,NA,NA,NA,95,NA,NA,NA,NA,207,NA,NA,NA,NA,74,NA,NA,NA,NA,85,NA,NA,NA,NA,95,NA,NA,NA,NA,7,NA,NA,NA,NA,257,NA,NA,NA,NA,53,NA,NA,NA,NA
M21 [Rashtriya Bal Swasthaya Karyakram (RBSK)],21.4.2.a,Number of Male children identified with Deficiency,TOTAL,376,NA,NA,NA,NA,17,NA,NA,NA,NA,18,NA,NA,NA,NA,9,NA,NA,NA,NA,86,NA,NA,NA,NA,6,NA,NA,NA,NA,3,NA,NA,NA,NA,4,NA,NA,NA,NA,7,NA,NA,NA,NA,13,NA,NA,NA,NA,0,NA,NA,NA,NA,0,NA,NA,NA,NA,13,NA,NA,NA,NA,5,NA,NA,NA,NA,14,NA,NA,NA,NA,40,NA,NA,NA,NA,1,NA,NA,NA,NA,10,NA,NA,NA,NA,1,NA,NA,NA,NA,9,NA,NA,NA,NA,8,NA,NA,NA,NA,31,NA,NA,NA,NA,31,NA,NA,NA,NA,30,NA,NA,NA,NA,8,NA,NA,NA,NA,2,NA,NA,NA,NA,7,NA,NA,NA,NA,3,NA,NA,NA,NA
M21 [Rashtriya Bal Swasthaya Karyakram (RBSK)],21.4.2.b,Number of Female children identified with Deficiency,TOTAL,541,NA,NA,NA,NA,17,NA,NA,NA,NA,34,NA,NA,NA,NA,7,NA,NA,NA,NA,107,NA,NA,NA,NA,6,NA,NA,NA,NA,3,NA,NA,NA,NA,2,NA,NA,NA,NA,17,NA,NA,NA,NA,12,NA,NA,NA,NA,1,NA,NA,NA,NA,7,NA,NA,NA,NA,9,NA,NA,NA,NA,6,NA,NA,NA,NA,34,NA,NA,NA,NA,55,NA,NA,NA,NA,13,NA,NA,NA,NA,12,NA,NA,NA,NA,5,NA,NA,NA,NA,5,NA,NA,NA,NA,12,NA,NA,NA,NA,32,NA,NA,NA,NA,45,NA,NA,NA,NA,34,NA,NA,NA,NA,14,NA,NA,NA,NA,8,NA,NA,NA,NA,33,NA,NA,NA,NA,11,NA,NA,NA,NA
M21 [Rashtriya Bal Swasthaya Karyakram (RBSK)],21.4.3.a,Number of Male children identified with Developmental delay,TOTAL,1196,NA,NA,NA,NA,25,NA,NA,NA,NA,39,NA,NA,NA,NA,73,NA,NA,NA,NA,129,NA,NA,NA,NA,11,NA,NA,NA,NA,45,NA,NA,NA,NA,37,NA,NA,NA,NA,43,NA,NA,NA,NA,45,NA,NA,NA,NA,20,NA,NA,NA,NA,22,NA,NA,NA,NA,53,NA,NA,NA,NA,11,NA,NA,NA,NA,40,NA,NA,NA,NA,31,NA,NA,NA,NA,42,NA,NA,NA,NA,40,NA,NA,NA,NA,11,NA,NA,NA,NA,33,NA,NA,NA,NA,60,NA,NA,NA,NA,71,NA,NA,NA,NA,133,NA,NA,NA,NA,44,NA,NA,NA,NA,37,NA,NA,NA,NA,18,NA,NA,NA,NA,38,NA,NA,NA,NA,45,NA,NA,NA,NA
M21 [Rashtriya Bal Swasthaya Karyakram (RBSK)],21.4.3.b,Number of Female children identified with Developmental delay,TOTAL,1059,NA,NA,NA,NA,28,NA,NA,NA,NA,40,NA,NA,NA,NA,77,NA,NA,NA,NA,100,NA,NA,NA,NA,29,NA,NA,NA,NA,27,NA,NA,NA,NA,22,NA,NA,NA,NA,18,NA,NA,NA,NA,36,NA,NA,NA,NA,29,NA,NA,NA,NA,23,NA,NA,NA,NA,36,NA,NA,NA,NA,5,NA,NA,NA,NA,62,NA,NA,NA,NA,30,NA,NA,NA,NA,32,NA,NA,NA,NA,39,NA,NA,NA,NA,9,NA,NA,NA,NA,31,NA,NA,NA,NA,41,NA,NA,NA,NA,61,NA,NA,NA,NA,95,NA,NA,NA,NA,42,NA,NA,NA,NA,40,NA,NA,NA,NA,13,NA,NA,NA,NA,50,NA,NA,NA,NA,44,NA,NA,NA,NA
M21 [Rashtriya Bal Swasthaya Karyakram (RBSK)],21.5.1,Number of Children Managed by Intervention - Medical,TOTAL,5565,NA,NA,NA,NA,117,NA,NA,NA,NA,306,NA,NA,NA,NA,371,NA,NA,NA,NA,940,NA,NA,NA,NA,41,NA,NA,NA,NA,169,NA,NA,NA,NA,181,NA,NA,NA,NA,224,NA,NA,NA,NA,135,NA,NA,NA,NA,40,NA,NA,NA,NA,85,NA,NA,NA,NA,99,NA,NA,NA,NA,7,NA,NA,NA,NA,507,NA,NA,NA,NA,250,NA,NA,NA,NA,112,NA,NA,NA,NA,115,NA,NA,NA,NA,82,NA,NA,NA,NA,51,NA,NA,NA,NA,270,NA,NA,NA,NA,384,NA,NA,NA,NA,280,NA,NA,NA,NA,209,NA,NA,NA,NA,125,NA,NA,NA,NA,NA,NA,NA,NA,NA,376,NA,NA,NA,NA,89,NA,NA,NA,NA
M21 [Rashtriya Bal Swasthaya Karyakram (RBSK)],21.5.2,Number of Children Managed by Intervention - Surgical,TOTAL,86,NA,NA,NA,NA,0,NA,NA,NA,NA,2,NA,NA,NA,NA,0,NA,NA,NA,NA,2,NA,NA,NA,NA,14,NA,NA,NA,NA,0,NA,NA,NA,NA,3,NA,NA,NA,NA,0,NA,NA,NA,NA,NA,NA,NA,NA,NA,0,NA,NA,NA,NA,1,NA,NA,NA,NA,19,NA,NA,NA,NA,0,NA,NA,NA,NA,3,NA,NA,NA,NA,5,NA,NA,NA,NA,2,NA,NA,NA,NA,6,NA,NA,NA,NA,0,NA,NA,NA,NA,0,NA,NA,NA,NA,2,NA,NA,NA,NA,0,NA,NA,NA,NA,4,NA,NA,NA,NA,3,NA,NA,NA,NA,16,NA,NA,NA,NA,NA,NA,NA,NA,NA,2,NA,NA,NA,NA,2,NA,NA,NA,NA
M21 [Rashtriya Bal Swasthaya Karyakram (RBSK)],21.5.3,Early intervention at DEIC ( District Early Intervention Centre),TOTAL,182,NA,NA,NA,NA,0,NA,NA,NA,NA,0,NA,NA,NA,NA,11,NA,NA,NA,NA,0,NA,NA,NA,NA,0,NA,NA,NA,NA,64,NA,NA,NA,NA,0,NA,NA,NA,NA,0,NA,NA,NA,NA,NA,NA,NA,NA,NA,0,NA,NA,NA,NA,0,NA,NA,NA,NA,40,NA,NA,NA,NA,0,NA,NA,NA,NA,6,NA,NA,NA,NA,56,NA,NA,NA,NA,0,NA,NA,NA,NA,0,NA,NA,NA,NA,0,NA,NA,NA,NA,0,NA,NA,NA,NA,5,NA,NA,NA,NA,0,NA,NA,NA,NA,0,NA,NA,NA,NA,0,NA,NA,NA,NA,0,NA,NA,NA,NA,0,NA,NA,NA,NA,NA,NA,NA,NA,NA,NA,NA,NA,NA,NA
M22 [Adolscent Health],22.1.1.a,Girls (6th -12th class) provided 4 IFA tablets in schools,TOTAL,656094,NA,NA,NA,NA,14996,NA,NA,NA,NA,51125,NA,NA,NA,NA,26923,NA,NA,NA,NA,33020,NA,NA,NA,NA,14185,NA,NA,NA,NA,7791,NA,NA,NA,NA,26794,NA,NA,NA,NA,46302,NA,NA,NA,NA,11876,NA,NA,NA,NA,6582,NA,NA,NA,NA,20971,NA,NA,NA,NA,32708,NA,NA,NA,NA,12273,NA,NA,NA,NA,31894,NA,NA,NA,NA,21635,NA,NA,NA,NA,21152,NA,NA,NA,NA,13533,NA,NA,NA,NA,29359,NA,NA,NA,NA,17895,NA,NA,NA,NA,4404,NA,NA,NA,NA,25339,NA,NA,NA,NA,86549,NA,NA,NA,NA,21726,NA,NA,NA,NA,26985,NA,NA,NA,NA,NA,NA,NA,NA,NA,23946,NA,NA,NA,NA,26131,NA,NA,NA,NA
M22 [Adolscent Health],22.1.1.b,Boys (6th -12th class) provided 4 IFA tablets in schools,TOTAL,623020,NA,NA,NA,NA,15872,NA,NA,NA,NA,44558,NA,NA,NA,NA,25237,NA,NA,NA,NA,26711,NA,NA,NA,NA,13896,NA,NA,NA,NA,6381,NA,NA,NA,NA,27395,NA,NA,NA,NA,47214,NA,NA,NA,NA,12544,NA,NA,NA,NA,5743,NA,NA,NA,NA,18881,NA,NA,NA,NA,31450,NA,NA,NA,NA,12584,NA,NA,NA,NA,28743,NA,NA,NA,NA,21568,NA,NA,NA,NA,21591,NA,NA,NA,NA,13551,NA,NA,NA,NA,27886,NA,NA,NA,NA,18315,NA,NA,NA,NA,4397,NA,NA,NA,NA,17699,NA,NA,NA,NA,94806,NA,NA,NA,NA,24114,NA,NA,NA,NA,26784,NA,NA,NA,NA,NA,NA,NA,NA,NA,22087,NA,NA,NA,NA,13013,NA,NA,NA,NA
M22 [Adolscent Health],22.1.2.a,Girls (6th -12th class) provided albendazole in schools,TOTAL,13854,NA,NA,NA,NA,0,NA,NA,NA,NA,NA,NA,NA,NA,NA,NA,NA,NA,NA,NA,0,NA,NA,NA,NA,0,NA,NA,NA,NA,0,NA,NA,NA,NA,0,NA,NA,NA,NA,0,NA,NA,NA,NA,NA,NA,NA,NA,NA,0,NA,NA,NA,NA,NA,NA,NA,NA,NA,0,NA,NA,NA,NA,0,NA,NA,NA,NA,0,NA,NA,NA,NA,1925,NA,NA,NA,NA,0,NA,NA,NA,NA,0,NA,NA,NA,NA,11929,NA,NA,NA,NA,0,NA,NA,NA,NA,0,NA,NA,NA,NA,0,NA,NA,NA,NA,NA,NA,NA,NA,NA,0,NA,NA,NA,NA,NA,NA,NA,NA,NA,NA,NA,NA,NA,NA,NA,NA,NA,NA,NA,NA,NA,NA,NA,NA
M22 [Adolscent Health],22.1.2.b,Boys (6th -12th class) provided albendazole in schools,TOTAL,12451,NA,NA,NA,NA,0,NA,NA,NA,NA,NA,NA,NA,NA,NA,NA,NA,NA,NA,NA,0,NA,NA,NA,NA,0,NA,NA,NA,NA,0,NA,NA,NA,NA,0,NA,NA,NA,NA,0,NA,NA,NA,NA,NA,NA,NA,NA,NA,0,NA,NA,NA,NA,NA,NA,NA,NA,NA,0,NA,NA,NA,NA,0,NA,NA,NA,NA,0,NA,NA,NA,NA,1459,NA,NA,NA,NA,0,NA,NA,NA,NA,0,NA,NA,NA,NA,10992,NA,NA,NA,NA,0,NA,NA,NA,NA,0,NA,NA,NA,NA,0,NA,NA,NA,NA,NA,NA,NA,NA,NA,0,NA,NA,NA,NA,NA,NA,NA,NA,NA,NA,NA,NA,NA,NA,NA,NA,NA,NA,NA,NA,NA,NA,NA,NA
M22 [Adolscent Health],22.1.3,Number of out of school adolscent girls (10-19 years) provided 4 IFA tablets at Anganwadi Centres,TOTAL,165854,NA,NA,NA,NA,453,NA,NA,NA,NA,6372,NA,NA,NA,NA,NA,NA,NA,NA,NA,13936,NA,NA,NA,NA,1185,NA,NA,NA,NA,10643,NA,NA,NA,NA,1076,NA,NA,NA,NA,4626,NA,NA,NA,NA,4756,NA,NA,NA,NA,1326,NA,NA,NA,NA,NA,NA,NA,NA,NA,8643,NA,NA,NA,NA,4108,NA,NA,NA,NA,6991,NA,NA,NA,NA,2898,NA,NA,NA,NA,3445,NA,NA,NA,NA,3113,NA,NA,NA,NA,7317,NA,NA,NA,NA,7934,NA,NA,NA,NA,302,NA,NA,NA,NA,3699,NA,NA,NA,NA,32481,NA,NA,NA,NA,1531,NA,NA,NA,NA,8798,NA,NA,NA,NA,NA,NA,NA,NA,NA,25310,NA,NA,NA,NA,4911,NA,NA,NA,NA
M22 [Adolscent Health],22.1.4,Number of out of school adolscent girls (10-19 years) provided albendazole at Anganwadi Centres,TOTAL,3639,NA,NA,NA,NA,0,NA,NA,NA,NA,1054,NA,NA,NA,NA,NA,NA,NA,NA,NA,0,NA,NA,NA,NA,0,NA,NA,NA,NA,0,NA,NA,NA,NA,0,NA,NA,NA,NA,0,NA,NA,NA,NA,NA,NA,NA,NA,NA,0,NA,NA,NA,NA,NA,NA,NA,NA,NA,0,NA,NA,NA,NA,0,NA,NA,NA,NA,0,NA,NA,NA,NA,358,NA,NA,NA,NA,0,NA,NA,NA,NA,0,NA,NA,NA,NA,2227,NA,NA,NA,NA,0,NA,NA,NA,NA,0,NA,NA,NA,NA,NA,NA,NA,NA,NA,NA,NA,NA,NA,NA,0,NA,NA,NA,NA,NA,NA,NA,NA,NA,NA,NA,NA,NA,NA,NA,NA,NA,NA,NA,NA,NA,NA,NA,NA
M22 [Adolscent Health],22.2.1,Number of adolescent girls provided sanitary napkin packs,TOTAL,7119,NA,NA,NA,NA,0,NA,NA,NA,NA,NA,NA,NA,NA,NA,NA,NA,NA,NA,NA,180,NA,NA,NA,NA,0,NA,NA,NA,NA,0,NA,NA,NA,NA,0,NA,NA,NA,NA,NA,NA,NA,NA,NA,NA,NA,NA,NA,NA,0,NA,NA,NA,NA,NA,NA,NA,NA,NA,3397,NA,NA,NA,NA,0,NA,NA,NA,NA,NA,NA,NA,NA,NA,2400,NA,NA,NA,NA,0,NA,NA,NA,NA,NA,NA,NA,NA,NA,1142,NA,NA,NA,NA,0,NA,NA,NA,NA,0,NA,NA,NA,NA,0,NA,NA,NA,NA,NA,NA,NA,NA,NA,0,NA,NA,NA,NA,NA,NA,NA,NA,NA,NA,NA,NA,NA,NA,NA,NA,NA,NA,NA,0,NA,NA,NA,NA
M22 [Adolscent Health],22.2.2,Number of sanitary napkin packs sold to adolescent girls,TOTAL,15740,NA,NA,NA,NA,0,NA,NA,NA,NA,NA,NA,NA,NA,NA,NA,NA,NA,NA,NA,180,NA,NA,NA,NA,0,NA,NA,NA,NA,0,NA,NA,NA,NA,6990,NA,NA,NA,NA,NA,NA,NA,NA,NA,NA,NA,NA,NA,NA,0,NA,NA,NA,NA,NA,NA,NA,NA,NA,7188,NA,NA,NA,NA,0,NA,NA,NA,NA,NA,NA,NA,NA,NA,240,NA,NA,NA,NA,0,NA,NA,NA,NA,NA,NA,NA,NA,NA,1142,NA,NA,NA,NA,0,NA,NA,NA,NA,0,NA,NA,NA,NA,0,NA,NA,NA,NA,NA,NA,NA,NA,NA,0,NA,NA,NA,NA,NA,NA,NA,NA,NA,NA,NA,NA,NA,NA,NA,NA,NA,NA,NA,0,NA,NA,NA,NA
M22 [Adolscent Health],22.2.3,Number of sanitary napkin packs distributed free to ASHA,TOTAL,2952,NA,NA,NA,NA,0,NA,NA,NA,NA,NA,NA,NA,NA,NA,NA,NA,NA,NA,NA,26,NA,NA,NA,NA,0,NA,NA,NA,NA,0,NA,NA,NA,NA,2303,NA,NA,NA,NA,NA,NA,NA,NA,NA,NA,NA,NA,NA,NA,0,NA,NA,NA,NA,NA,NA,NA,NA,NA,138,NA,NA,NA,NA,0,NA,NA,NA,NA,NA,NA,NA,NA,NA,350,NA,NA,NA,NA,0,NA,NA,NA,NA,NA,NA,NA,NA,NA,135,NA,NA,NA,NA,0,NA,NA,NA,NA,0,NA,NA,NA,NA,0,NA,NA,NA,NA,NA,NA,NA,NA,NA,0,NA,NA,NA,NA,NA,NA,NA,NA,NA,NA,NA,NA,NA,NA,NA,NA,NA,NA,NA,0,NA,NA,NA,NA
M22 [Adolscent Health],22.2.4,Number of adolescent girls attended monthly meeting,TOTAL,752,NA,NA,NA,NA,0,NA,NA,NA,NA,NA,NA,NA,NA,NA,NA,NA,NA,NA,NA,158,NA,NA,NA,NA,0,NA,NA,NA,NA,0,NA,NA,NA,NA,0,NA,NA,NA,NA,NA,NA,NA,NA,NA,NA,NA,NA,NA,NA,0,NA,NA,NA,NA,NA,NA,NA,NA,NA,123,NA,NA,NA,NA,0,NA,NA,NA,NA,NA,NA,NA,NA,NA,350,NA,NA,NA,NA,0,NA,NA,NA,NA,NA,NA,NA,NA,NA,121,NA,NA,NA,NA,0,NA,NA,NA,NA,0,NA,NA,NA,NA,0,NA,NA,NA,NA,NA,NA,NA,NA,NA,0,NA,NA,NA,NA,NA,NA,NA,NA,NA,NA,NA,NA,NA,NA,NA,NA,NA,NA,NA,0,NA,NA,NA,NA
M23 [Coverage under WIFS JUNIOR (Weekly Iron Folic Acid Supplementation Programme for children 6 - 1,23.1,Number of children covered under WIFS JUNIOR (6 - 10 years ) provided 4-5 IFA tablets in schools,TOTAL,1199857,NA,NA,NA,NA,11722,NA,NA,NA,NA,16228,NA,NA,NA,NA,46240,NA,NA,NA,NA,61311,NA,NA,NA,NA,14303,NA,NA,NA,NA,80571,NA,NA,NA,NA,37529,NA,NA,NA,NA,74135,NA,NA,NA,NA,69295,NA,NA,NA,NA,6330,NA,NA,NA,NA,NA,NA,NA,NA,NA,67169,NA,NA,NA,NA,34981,NA,NA,NA,NA,178900,NA,NA,NA,NA,19740,NA,NA,NA,NA,68825,NA,NA,NA,NA,NA,NA,NA,NA,NA,37939,NA,NA,NA,NA,31256,NA,NA,NA,NA,35204,NA,NA,NA,NA,55783,NA,NA,NA,NA,159128,NA,NA,NA,NA,21521,NA,NA,NA,NA,55405,NA,NA,NA,NA,NA,NA,NA,NA,NA,13221,NA,NA,NA,NA,3121,NA,NA,NA,NA
M23 [Coverage under WIFS JUNIOR (Weekly Iron Folic Acid Supplementation Programme for children 6 - 1,23.2,Number of children (6 - 10 years) provided albendazole in schools,TOTAL,49183,NA,NA,NA,NA,0,NA,NA,NA,NA,2134,NA,NA,NA,NA,NA,NA,NA,NA,NA,0,NA,NA,NA,NA,0,NA,NA,NA,NA,0,NA,NA,NA,NA,0,NA,NA,NA,NA,0,NA,NA,NA,NA,NA,NA,NA,NA,NA,0,NA,NA,NA,NA,NA,NA,NA,NA,NA,0,NA,NA,NA,NA,1000,NA,NA,NA,NA,0,NA,NA,NA,NA,2369,NA,NA,NA,NA,0,NA,NA,NA,NA,NA,NA,NA,NA,NA,22191,NA,NA,NA,NA,0,NA,NA,NA,NA,0,NA,NA,NA,NA,7997,NA,NA,NA,NA,0,NA,NA,NA,NA,0,NA,NA,NA,NA,NA,NA,NA,NA,NA,NA,NA,NA,NA,NA,13492,NA,NA,NA,NA,NA,NA,NA,NA,NA
M23 [Coverage under WIFS JUNIOR (Weekly Iron Folic Acid Supplementation Programme for children 6 - 1,23.3,Number of out of school children (6-10 years) given 4-5 IFA tablets at Anganwadi Centres,TOTAL,36295,NA,NA,NA,NA,451,NA,NA,NA,NA,248,NA,NA,NA,NA,2586,NA,NA,NA,NA,3499,NA,NA,NA,NA,0,NA,NA,NA,NA,0,NA,NA,NA,NA,0,NA,NA,NA,NA,1764,NA,NA,NA,NA,11244,NA,NA,NA,NA,0,NA,NA,NA,NA,NA,NA,NA,NA,NA,758,NA,NA,NA,NA,1529,NA,NA,NA,NA,1903,NA,NA,NA,NA,445,NA,NA,NA,NA,332,NA,NA,NA,NA,NA,NA,NA,NA,NA,1062,NA,NA,NA,NA,0,NA,NA,NA,NA,3231,NA,NA,NA,NA,0,NA,NA,NA,NA,7089,NA,NA,NA,NA,154,NA,NA,NA,NA,NA,NA,NA,NA,NA,NA,NA,NA,NA,NA,NA,NA,NA,NA,NA,NA,NA,NA,NA,NA
M23 [Coverage under WIFS JUNIOR (Weekly Iron Folic Acid Supplementation Programme for children 6 - 1,23.4,Number of out of school children (6-10 years) provided albendazole at Anganwadi Centres,TOTAL,2531,NA,NA,NA,NA,0,NA,NA,NA,NA,56,NA,NA,NA,NA,NA,NA,NA,NA,NA,0,NA,NA,NA,NA,0,NA,NA,NA,NA,0,NA,NA,NA,NA,0,NA,NA,NA,NA,0,NA,NA,NA,NA,NA,NA,NA,NA,NA,0,NA,NA,NA,NA,NA,NA,NA,NA,NA,0,NA,NA,NA,NA,0,NA,NA,NA,NA,0,NA,NA,NA,NA,0,NA,NA,NA,NA,0,NA,NA,NA,NA,NA,NA,NA,NA,NA,1062,NA,NA,NA,NA,0,NA,NA,NA,NA,0,NA,NA,NA,NA,0,NA,NA,NA,NA,0,NA,NA,NA,NA,0,NA,NA,NA,NA,NA,NA,NA,NA,NA,NA,NA,NA,NA,NA,NA,NA,NA,NA,NA,1413,NA,NA,NA,NA
M24 [Maternal Death Reviews (MDR) Done],24.1,Total Maternal Deaths Reviewed (MDR) by CMO,TOTAL,50,NA,NA,NA,NA,0,NA,NA,NA,NA,0,NA,NA,NA,NA,0,NA,NA,NA,NA,12,NA,NA,NA,NA,0,NA,NA,NA,NA,0,NA,NA,NA,NA,0,NA,NA,NA,NA,5,NA,NA,NA,NA,0,NA,NA,NA,NA,0,NA,NA,NA,NA,3,NA,NA,NA,NA,3,NA,NA,NA,NA,0,NA,NA,NA,NA,0,NA,NA,NA,NA,0,NA,NA,NA,NA,1,NA,NA,NA,NA,NA,NA,NA,NA,NA,2,NA,NA,NA,NA,NA,NA,NA,NA,NA,1,NA,NA,NA,NA,3,NA,NA,NA,NA,7,NA,NA,NA,NA,0,NA,NA,NA,NA,0,NA,NA,NA,NA,11,NA,NA,NA,NA,2,NA,NA,NA,NA,NA,NA,NA,NA,NA
M24 [Maternal Death Reviews (MDR) Done],24.2,Total Maternal Deaths Reviewed (MDR) by DM,TOTAL,11,NA,NA,NA,NA,0,NA,NA,NA,NA,0,NA,NA,NA,NA,0,NA,NA,NA,NA,0,NA,NA,NA,NA,0,NA,NA,NA,NA,0,NA,NA,NA,NA,0,NA,NA,NA,NA,0,NA,NA,NA,NA,0,NA,NA,NA,NA,0,NA,NA,NA,NA,3,NA,NA,NA,NA,3,NA,NA,NA,NA,0,NA,NA,NA,NA,0,NA,NA,NA,NA,0,NA,NA,NA,NA,0,NA,NA,NA,NA,NA,NA,NA,NA,NA,0,NA,NA,NA,NA,NA,NA,NA,NA,NA,0,NA,NA,NA,NA,3,NA,NA,NA,NA,0,NA,NA,NA,NA,0,NA,NA,NA,NA,0,NA,NA,NA,NA,0,NA,NA,NA,NA,2,NA,NA,NA,NA,NA,NA,NA,NA,NA
M24 [Maternal Death Reviews (MDR) Done],24.3,Number of maternal deaths reported through Community based Maternal Death Review (CBMDR),TOTAL,58,NA,NA,NA,NA,0,NA,NA,NA,NA,0,NA,NA,NA,NA,3,NA,NA,NA,NA,7,NA,NA,NA,NA,0,NA,NA,NA,NA,0,NA,NA,NA,NA,4,NA,NA,NA,NA,2,NA,NA,NA,NA,0,NA,NA,NA,NA,0,NA,NA,NA,NA,3,NA,NA,NA,NA,3,NA,NA,NA,NA,3,NA,NA,NA,NA,0,NA,NA,NA,NA,0,NA,NA,NA,NA,1,NA,NA,NA,NA,NA,NA,NA,NA,NA,6,NA,NA,NA,NA,NA,NA,NA,NA,NA,1,NA,NA,NA,NA,3,NA,NA,NA,NA,7,NA,NA,NA,NA,0,NA,NA,NA,NA,2,NA,NA,NA,NA,11,NA,NA,NA,NA,2,NA,NA,NA,NA,NA,NA,NA,NA,NA
M25 [Janani Shishu Suraksha Karyakram (JSSK)],25.1.1,Number of Pregnant Women provided - Free Medicines under JSSK,TOTAL,19071,NA,NA,NA,NA,371,NA,NA,NA,NA,394,NA,NA,NA,NA,355,NA,NA,NA,NA,943,NA,NA,NA,NA,226,NA,NA,NA,NA,1345,NA,NA,NA,NA,398,NA,NA,NA,NA,376,NA,NA,NA,NA,851,NA,NA,NA,NA,203,NA,NA,NA,NA,679,NA,NA,NA,NA,1013,NA,NA,NA,NA,665,NA,NA,NA,NA,884,NA,NA,NA,NA,1602,NA,NA,NA,NA,781,NA,NA,NA,NA,612,NA,NA,NA,NA,1181,NA,NA,NA,NA,392,NA,NA,NA,NA,455,NA,NA,NA,NA,807,NA,NA,NA,NA,1676,NA,NA,NA,NA,511,NA,NA,NA,NA,893,NA,NA,NA,NA,320,NA,NA,NA,NA,890,NA,NA,NA,NA,248,NA,NA,NA,NA
M25 [Janani Shishu Suraksha Karyakram (JSSK)],25.1.2,Number of Pregnant Women provided - Free Diet under JSSK,TOTAL,12576,NA,NA,NA,NA,68,NA,NA,NA,NA,328,NA,NA,NA,NA,165,NA,NA,NA,NA,NA,NA,NA,NA,NA,90,NA,NA,NA,NA,2171,NA,NA,NA,NA,368,NA,NA,NA,NA,NA,NA,NA,NA,NA,568,NA,NA,NA,NA,92,NA,NA,NA,NA,343,NA,NA,NA,NA,494,NA,NA,NA,NA,220,NA,NA,NA,NA,817,NA,NA,NA,NA,1478,NA,NA,NA,NA,261,NA,NA,NA,NA,279,NA,NA,NA,NA,267,NA,NA,NA,NA,375,NA,NA,NA,NA,442,NA,NA,NA,NA,396,NA,NA,NA,NA,1291,NA,NA,NA,NA,243,NA,NA,NA,NA,416,NA,NA,NA,NA,194,NA,NA,NA,NA,1204,NA,NA,NA,NA,6,NA,NA,NA,NA
M25 [Janani Shishu Suraksha Karyakram (JSSK)],25.1.3,Number of Pregnant Women provided - Free Diagnostics under JSSK,TOTAL,54742,NA,NA,NA,NA,1574,NA,NA,NA,NA,1618,NA,NA,NA,NA,933,NA,NA,NA,NA,3106,NA,NA,NA,NA,635,NA,NA,NA,NA,1897,NA,NA,NA,NA,1243,NA,NA,NA,NA,3015,NA,NA,NA,NA,2002,NA,NA,NA,NA,456,NA,NA,NA,NA,2465,NA,NA,NA,NA,NA,NA,NA,NA,NA,1160,NA,NA,NA,NA,2139,NA,NA,NA,NA,1622,NA,NA,NA,NA,2452,NA,NA,NA,NA,1928,NA,NA,NA,NA,1504,NA,NA,NA,NA,1262,NA,NA,NA,NA,7158,NA,NA,NA,NA,1739,NA,NA,NA,NA,4718,NA,NA,NA,NA,1348,NA,NA,NA,NA,1827,NA,NA,NA,NA,3167,NA,NA,NA,NA,2335,NA,NA,NA,NA,1439,NA,NA,NA,NA
M25 [Janani Shishu Suraksha Karyakram (JSSK)],25.1.4,Number of Pregnant Women provided - Free Home to facility transport under JSSK,TOTAL,3251,NA,NA,NA,NA,43,NA,NA,NA,NA,17,NA,NA,NA,NA,117,NA,NA,NA,NA,153,NA,NA,NA,NA,42,NA,NA,NA,NA,225,NA,NA,NA,NA,21,NA,NA,NA,NA,265,NA,NA,NA,NA,78,NA,NA,NA,NA,0,NA,NA,NA,NA,150,NA,NA,NA,NA,59,NA,NA,NA,NA,171,NA,NA,NA,NA,368,NA,NA,NA,NA,9,NA,NA,NA,NA,49,NA,NA,NA,NA,146,NA,NA,NA,NA,243,NA,NA,NA,NA,10,NA,NA,NA,NA,16,NA,NA,NA,NA,176,NA,NA,NA,NA,490,NA,NA,NA,NA,11,NA,NA,NA,NA,50,NA,NA,NA,NA,29,NA,NA,NA,NA,180,NA,NA,NA,NA,133,NA,NA,NA,NA
M25 [Janani Shishu Suraksha Karyakram (JSSK)],25.1.5,Number of Pregnant Women provided - Interfacility transfers when needed under JSSK,TOTAL,1443,NA,NA,NA,NA,72,NA,NA,NA,NA,0,NA,NA,NA,NA,43,NA,NA,NA,NA,104,NA,NA,NA,NA,10,NA,NA,NA,NA,130,NA,NA,NA,NA,3,NA,NA,NA,NA,24,NA,NA,NA,NA,52,NA,NA,NA,NA,0,NA,NA,NA,NA,114,NA,NA,NA,NA,44,NA,NA,NA,NA,125,NA,NA,NA,NA,7,NA,NA,NA,NA,14,NA,NA,NA,NA,52,NA,NA,NA,NA,69,NA,NA,NA,NA,188,NA,NA,NA,NA,25,NA,NA,NA,NA,31,NA,NA,NA,NA,26,NA,NA,NA,NA,143,NA,NA,NA,NA,0,NA,NA,NA,NA,17,NA,NA,NA,NA,56,NA,NA,NA,NA,57,NA,NA,NA,NA,37,NA,NA,NA,NA
M25 [Janani Shishu Suraksha Karyakram (JSSK)],25.1.6,Number of Pregnant Women provided - Free Drop Back home under JSSK,TOTAL,9175,NA,NA,NA,NA,225,NA,NA,NA,NA,113,NA,NA,NA,NA,76,NA,NA,NA,NA,1433,NA,NA,NA,NA,30,NA,NA,NA,NA,451,NA,NA,NA,NA,304,NA,NA,NA,NA,273,NA,NA,NA,NA,782,NA,NA,NA,NA,0,NA,NA,NA,NA,251,NA,NA,NA,NA,543,NA,NA,NA,NA,447,NA,NA,NA,NA,54,NA,NA,NA,NA,35,NA,NA,NA,NA,104,NA,NA,NA,NA,282,NA,NA,NA,NA,204,NA,NA,NA,NA,332,NA,NA,NA,NA,518,NA,NA,NA,NA,449,NA,NA,NA,NA,846,NA,NA,NA,NA,301,NA,NA,NA,NA,212,NA,NA,NA,NA,433,NA,NA,NA,NA,318,NA,NA,NA,NA,159,NA,NA,NA,NA
M25 [Janani Shishu Suraksha Karyakram (JSSK)],25.2.1,Number of sick infants provided - Free Medicines under JSSK,TOTAL,11890,NA,NA,NA,NA,100,NA,NA,NA,NA,317,NA,NA,NA,NA,80,NA,NA,NA,NA,1383,NA,NA,NA,NA,236,NA,NA,NA,NA,584,NA,NA,NA,NA,158,NA,NA,NA,NA,97,NA,NA,NA,NA,107,NA,NA,NA,NA,191,NA,NA,NA,NA,146,NA,NA,NA,NA,1066,NA,NA,NA,NA,111,NA,NA,NA,NA,826,NA,NA,NA,NA,1434,NA,NA,NA,NA,184,NA,NA,NA,NA,511,NA,NA,NA,NA,865,NA,NA,NA,NA,547,NA,NA,NA,NA,260,NA,NA,NA,NA,367,NA,NA,NA,NA,904,NA,NA,NA,NA,393,NA,NA,NA,NA,332,NA,NA,NA,NA,31,NA,NA,NA,NA,576,NA,NA,NA,NA,84,NA,NA,NA,NA
M25 [Janani Shishu Suraksha Karyakram (JSSK)],25.2.2,Number of sick infants provided - Free Diagnostics under JSSK,TOTAL,2226,NA,NA,NA,NA,0,NA,NA,NA,NA,NA,NA,NA,NA,NA,NA,NA,NA,NA,NA,852,NA,NA,NA,NA,0,NA,NA,NA,NA,0,NA,NA,NA,NA,NA,NA,NA,NA,NA,NA,NA,NA,NA,NA,360,NA,NA,NA,NA,0,NA,NA,NA,NA,NA,NA,NA,NA,NA,NA,NA,NA,NA,NA,81,NA,NA,NA,NA,102,NA,NA,NA,NA,0,NA,NA,NA,NA,0,NA,NA,NA,NA,0,NA,NA,NA,NA,74,NA,NA,NA,NA,NA,NA,NA,NA,NA,260,NA,NA,NA,NA,0,NA,NA,NA,NA,229,NA,NA,NA,NA,0,NA,NA,NA,NA,NA,NA,NA,NA,NA,245,NA,NA,NA,NA,NA,NA,NA,NA,NA,23,NA,NA,NA,NA
M25 [Janani Shishu Suraksha Karyakram (JSSK)],25.2.3,Number of sick infants provided - Free Home to facility transport under JSSK,TOTAL,241,NA,NA,NA,NA,16,NA,NA,NA,NA,0,NA,NA,NA,NA,NA,NA,NA,NA,NA,4,NA,NA,NA,NA,2,NA,NA,NA,NA,0,NA,NA,NA,NA,4,NA,NA,NA,NA,NA,NA,NA,NA,NA,16,NA,NA,NA,NA,0,NA,NA,NA,NA,29,NA,NA,NA,NA,1,NA,NA,NA,NA,14,NA,NA,NA,NA,0,NA,NA,NA,NA,12,NA,NA,NA,NA,12,NA,NA,NA,NA,2,NA,NA,NA,NA,23,NA,NA,NA,NA,3,NA,NA,NA,NA,4,NA,NA,NA,NA,12,NA,NA,NA,NA,26,NA,NA,NA,NA,0,NA,NA,NA,NA,9,NA,NA,NA,NA,5,NA,NA,NA,NA,27,NA,NA,NA,NA,20,NA,NA,NA,NA
M25 [Janani Shishu Suraksha Karyakram (JSSK)],25.2.4,Number of sick infants provided - Interfacility transfers when needed under JSSK,TOTAL,294,NA,NA,NA,NA,6,NA,NA,NA,NA,0,NA,NA,NA,NA,5,NA,NA,NA,NA,23,NA,NA,NA,NA,0,NA,NA,NA,NA,0,NA,NA,NA,NA,1,NA,NA,NA,NA,NA,NA,NA,NA,NA,16,NA,NA,NA,NA,0,NA,NA,NA,NA,19,NA,NA,NA,NA,2,NA,NA,NA,NA,25,NA,NA,NA,NA,0,NA,NA,NA,NA,3,NA,NA,NA,NA,15,NA,NA,NA,NA,0,NA,NA,NA,NA,16,NA,NA,NA,NA,2,NA,NA,NA,NA,25,NA,NA,NA,NA,26,NA,NA,NA,NA,37,NA,NA,NA,NA,1,NA,NA,NA,NA,34,NA,NA,NA,NA,6,NA,NA,NA,NA,26,NA,NA,NA,NA,6,NA,NA,NA,NA
M25 [Janani Shishu Suraksha Karyakram (JSSK)],25.2.5,Number of sick infants provided - Free Drop Back home under JSSK,TOTAL,5237,NA,NA,NA,NA,18,NA,NA,NA,NA,214,NA,NA,NA,NA,NA,NA,NA,NA,NA,1027,NA,NA,NA,NA,0,NA,NA,NA,NA,0,NA,NA,NA,NA,290,NA,NA,NA,NA,395,NA,NA,NA,NA,47,NA,NA,NA,NA,0,NA,NA,NA,NA,19,NA,NA,NA,NA,451,NA,NA,NA,NA,325,NA,NA,NA,NA,54,NA,NA,NA,NA,0,NA,NA,NA,NA,40,NA,NA,NA,NA,104,NA,NA,NA,NA,168,NA,NA,NA,NA,211,NA,NA,NA,NA,339,NA,NA,NA,NA,62,NA,NA,NA,NA,680,NA,NA,NA,NA,301,NA,NA,NA,NA,136,NA,NA,NA,NA,16,NA,NA,NA,NA,193,NA,NA,NA,NA,147,NA,NA,NA,NA
