Indicator,S.No.,Parameters,Type,District - _Meghalaya - Total [(A+B) or (C+D)],District - _Meghalaya - Public [A],District - _Meghalaya - Private [B],District - _Meghalaya - Urban [C],District - _Meghalaya - Rural [D],District - East Garo Hills - Total [(A+B) or (C+D)],District - East Garo Hills - Public [A],District - East Garo Hills - Private [B],District - East Garo Hills - Urban [C],District - East Garo Hills - Rural [D],District - East Jaintia Hills - Total [(A+B) or (C+D)],District - East Jaintia Hills - Public [A],District - East Jaintia Hills - Private [B],District - East Jaintia Hills - Urban [C],District - East Jaintia Hills - Rural [D],District - East Khasi Hills - Total [(A+B) or (C+D)],District - East Khasi Hills - Public [A],District - East Khasi Hills - Private [B],District - East Khasi Hills - Urban [C],District - East Khasi Hills - Rural [D],District - North Garo Hills - Total [(A+B) or (C+D)],District - North Garo Hills - Public [A],District - North Garo Hills - Private [B],District - North Garo Hills - Urban [C],District - North Garo Hills - Rural [D],District - Ri Bhoi - Total [(A+B) or (C+D)],District - Ri Bhoi - Public [A],District - Ri Bhoi - Private [B],District - Ri Bhoi - Urban [C],District - Ri Bhoi - Rural [D],District - South Garo Hills - Total [(A+B) or (C+D)],District - South Garo Hills - Public [A],District - South Garo Hills - Private [B],District - South Garo Hills - Urban [C],District - South Garo Hills - Rural [D],District - South West Garo Hills - Total [(A+B) or (C+D)],District - South West Garo Hills - Public [A],District - South West Garo Hills - Private [B],District - South West Garo Hills - Urban [C],District - South West Garo Hills - Rural [D],District - South West Khasi Hills - Total [(A+B) or (C+D)],District - South West Khasi Hills - Public [A],District - South West Khasi Hills - Private [B],District - South West Khasi Hills - Urban [C],District - South West Khasi Hills - Rural [D],District - West Garo Hills - Total [(A+B) or (C+D)],District - West Garo Hills - Public [A],District - West Garo Hills - Private [B],District - West Garo Hills - Urban [C],District - West Garo Hills - Rural [D],District - West Jaintia Hills - Total [(A+B) or (C+D)],District - West Jaintia Hills - Public [A],District - West Jaintia Hills - Private [B],District - West Jaintia Hills - Urban [C],District - West Jaintia Hills - Rural [D],District - West Khasi Hills - Total [(A+B) or (C+D)],District - West Khasi Hills - Public [A],District - West Khasi Hills - Private [B],District - West Khasi Hills - Urban [C],District - West Khasi Hills - Rural [D]
M1 [Ante Natal Care (ANC)],'1.1',Total number of pregnant women registered for ANC,TOTAL,12796,10599,2197,375,12421,399,399,NA,NA,399,437,437,NA,NA,437,5668,3921,1747,270,5398,363,363,NA,NA,363,745,702,43,NA,745,307,307,NA,NA,307,366,366,NA,NA,366,351,351,NA,NA,351,1429,1295,134,35,1394,1456,1216,240,58,1398,1275,1242,33,12,1263
M1 [Ante Natal Care (ANC)],'1.1.1',"Out of the total ANC registered, number registered within 1st trimester (within 12 weeks)",TOTAL,4614,4248,366,166,4448,117,117,NA,NA,117,145,145,NA,NA,145,2091,1874,217,133,1958,139,139,NA,NA,139,375,358,17,NA,375,98,98,NA,NA,98,186,186,NA,NA,186,105,105,NA,NA,105,500,463,37,16,484,417,330,87,11,406,441,433,8,6,435
M1 [Ante Natal Care (ANC)],'1.2.1',Number of PW given TT1,TOTAL,6091,5880,211,272,5819,104,104,NA,NA,104,202,202,NA,NA,202,1599,1484,115,214,1385,84,84,NA,NA,84,711,706,5,NA,711,29,29,NA,NA,29,291,291,NA,NA,291,211,211,NA,NA,211,1312,1259,53,19,1293,756,726,30,30,726,792,784,8,9,783
M1 [Ante Natal Care (ANC)],'1.2.2',Number of PW given TT2,TOTAL,4257,4087,170,263,3994,51,51,NA,NA,51,128,128,NA,NA,128,1065,979,86,213,852,30,30,NA,NA,30,398,396,2,NA,398,7,7,NA,NA,7,306,306,NA,NA,306,103,103,NA,NA,103,1148,1089,59,12,1136,486,469,17,32,454,535,529,6,6,529
M1 [Ante Natal Care (ANC)],'1.2.3',Number of PW given TT Booster,TOTAL,2908,2856,52,77,2831,29,29,NA,NA,29,148,148,NA,NA,148,713,680,33,44,669,13,13,NA,NA,13,330,330,NA,NA,330,3,3,NA,NA,3,96,96,NA,NA,96,168,168,NA,NA,168,316,313,3,6,310,461,449,12,20,441,631,627,4,7,624
M1 [Ante Natal Care (ANC)],'1.2.4',Number of PW given 180 Iron Folic Acid (IFA) tablets,TOTAL,5358,4567,791,290,5068,230,230,NA,NA,230,139,139,NA,NA,139,1567,877,690,227,1340,199,199,NA,NA,199,385,385,NA,NA,385,311,311,NA,NA,311,214,214,NA,NA,214,340,340,NA,NA,340,1030,950,80,17,1013,617,617,NA,36,581,326,305,21,10,316
M1 [Ante Natal Care (ANC)],'1.2.5',Number of PW given 360 Calcium tablets,TOTAL,4571,3756,815,233,4338,186,186,NA,NA,186,98,98,NA,NA,98,1345,610,735,189,1156,170,170,NA,NA,170,265,265,NA,NA,265,307,307,NA,NA,307,220,220,NA,NA,220,245,245,NA,NA,245,909,829,80,17,892,456,456,NA,24,432,370,370,0,3,367
M1 [Ante Natal Care (ANC)],'1.2.6',Number of PW given one Albendazole tablet after 1st trimester,TOTAL,2474,2471,3,122,2352,152,152,NA,NA,152,105,105,NA,NA,105,268,268,0,111,157,165,165,NA,NA,165,371,371,NA,NA,371,181,181,NA,NA,181,249,249,NA,NA,249,132,132,NA,NA,132,451,448,3,6,445,129,129,NA,5,124,271,271,0,NA,271
M1 [Ante Natal Care (ANC)],'1.2.7',Number of PW received 4 or more ANC check ups,TOTAL,5876,5377,499,291,5585,237,237,NA,NA,237,95,95,NA,NA,95,2137,1683,454,256,1881,247,247,NA,NA,247,530,530,NA,NA,530,157,157,NA,NA,157,351,351,NA,NA,351,200,200,NA,NA,200,820,796,24,16,804,242,242,NA,2,240,860,839,21,17,843
M1 [Ante Natal Care (ANC)],'1.2.8',Number of PW given ANC Corticosteroids in Pre Term Labour,TOTAL,109,69,40,0,109,0,0,NA,NA,0,0,0,NA,NA,0,71,34,37,NA,71,1,1,NA,NA,1,0,0,NA,NA,0,0,0,NA,NA,0,0,0,NA,NA,0,0,0,NA,NA,0,6,4,2,0,6,7,7,NA,NA,7,24,23,1,NA,24
M1 [Ante Natal Care (ANC)],'1.3.1',New cases of PW with hypertension detected,TOTAL,289,253,36,9,280,12,12,NA,NA,12,19,19,NA,NA,19,63,43,20,7,56,5,5,NA,NA,5,21,21,NA,NA,21,4,4,NA,NA,4,17,17,NA,NA,17,13,13,NA,NA,13,34,18,16,0,34,61,61,NA,1,60,40,40,0,1,39
M1 [Ante Natal Care (ANC)],'1.3.1.a',"Out of the new cases of PW with hypertension detected, cases managed at institution",TOTAL,244,213,31,7,237,9,9,NA,NA,9,17,17,NA,NA,17,48,33,15,6,42,4,4,NA,NA,4,18,18,NA,NA,18,4,4,NA,NA,4,11,11,NA,NA,11,10,10,NA,NA,10,33,17,16,0,33,56,56,NA,1,55,34,34,0,0,34
M1 [Ante Natal Care (ANC)],'1.3.2',Number of Eclampsia cases managed during delivery,TOTAL,15,6,9,0,15,0,0,NA,NA,0,0,0,NA,NA,0,5,1,4,NA,5,1,1,NA,NA,1,0,0,NA,NA,0,0,0,NA,NA,0,0,0,NA,NA,0,0,0,NA,NA,0,5,0,5,0,5,4,4,NA,NA,4,0,0,0,NA,0
M1 [Ante Natal Care (ANC)],'1.4.1',Number of PW tested for Haemoglobin (Hb ) 4 or more than 4 times for respective ANCs,TOTAL,2994,2918,76,62,2932,161,161,NA,NA,161,170,170,NA,NA,170,631,622,9,33,598,181,181,NA,NA,181,450,450,NA,NA,450,127,127,NA,NA,127,181,181,NA,NA,181,84,84,NA,NA,84,601,590,11,5,596,138,138,NA,24,114,270,214,56,0,270
M1 [Ante Natal Care (ANC)],'1.4.2',Number of PW having Hb level<11 (tested cases)(7.1 to 10.9),TOTAL,8638,8257,381,185,8453,220,220,NA,NA,220,429,429,NA,NA,429,2552,2362,190,95,2457,276,276,NA,NA,276,691,658,33,NA,691,303,303,NA,NA,303,324,324,NA,NA,324,331,331,NA,NA,331,1537,1387,150,15,1522,852,852,NA,69,783,1123,1115,8,6,1117
M1 [Ante Natal Care (ANC)],'1.4.3',Number of PW having Hb level<7 (tested cases),TOTAL,533,368,165,3,530,1,1,NA,NA,1,7,7,NA,NA,7,270,138,132,1,269,5,5,NA,NA,5,50,41,9,NA,50,1,1,NA,NA,1,4,4,NA,NA,4,5,5,NA,NA,5,79,55,24,0,79,23,23,NA,1,22,88,88,0,1,87
M1 [Ante Natal Care (ANC)],'1.4.4',Number of PW having severe anaemia (Hb<7) treated,TOTAL,331,304,27,3,328,1,1,NA,NA,1,0,0,NA,NA,0,128,121,7,1,127,2,2,NA,NA,2,43,38,5,NA,43,1,1,NA,NA,1,4,4,NA,NA,4,3,3,NA,NA,3,54,39,15,0,54,17,17,NA,1,16,78,78,0,1,77
M1 [Ante Natal Care (ANC)],'1.5.1',Number of PW tested for blood sugar using OGTT (Oral Glucose Tolerance Test),TOTAL,932,475,457,0,932,25,25,NA,NA,25,5,5,NA,NA,5,405,21,384,NA,405,21,21,NA,NA,21,131,131,NA,NA,131,75,75,NA,NA,75,67,67,NA,NA,67,NA,NA,NA,NA,NA,65,52,13,0,65,4,4,NA,NA,4,134,74,60,NA,134
M1 [Ante Natal Care (ANC)],'1.5.2',Number of PW tested positive for GDM,TOTAL,39,3,36,0,39,0,0,NA,NA,0,0,0,NA,NA,0,35,2,33,NA,35,0,0,NA,NA,0,0,0,NA,NA,0,0,0,NA,NA,0,0,0,NA,NA,0,NA,NA,NA,NA,NA,4,1,3,0,4,0,0,NA,NA,0,0,0,0,NA,0
M1 [Ante Natal Care (ANC)],'1.5.3',Number of PW given insulin out of total tested positive for GDM,TOTAL,6,3,3,0,6,0,0,NA,NA,0,0,0,NA,NA,0,2,2,0,NA,2,0,0,NA,NA,0,0,0,NA,NA,0,0,0,NA,NA,0,0,0,NA,NA,0,NA,NA,NA,NA,NA,4,1,3,0,4,0,0,NA,NA,0,0,0,0,NA,0
M1 [Ante Natal Care (ANC)],'1.6.1.a',Number of PW tested using POC test for Syphilis,TOTAL,14,14,0,NA,14,0,0,NA,NA,0,0,0,NA,NA,0,0,NA,0,NA,0,0,0,NA,NA,0,0,0,NA,NA,0,0,0,NA,NA,0,2,2,NA,NA,2,NA,NA,NA,NA,NA,12,12,NA,NA,12,0,0,NA,NA,0,0,0,NA,NA,0
M1 [Ante Natal Care (ANC)],'1.6.1.b',"Out of above, number of PW found sero positive for syphilis",TOTAL,0,0,0,NA,0,0,0,NA,NA,0,0,0,NA,NA,0,0,NA,0,NA,0,0,0,NA,NA,0,0,0,NA,NA,0,0,0,NA,NA,0,0,0,NA,NA,0,NA,NA,NA,NA,NA,0,0,NA,NA,0,0,0,NA,NA,0,0,0,NA,NA,0
M1 [Ante Natal Care (ANC)],'1.6.2.a',Number of pregnant women tested for Syphilis,TOTAL,6170,5230,940,77,6093,130,130,NA,NA,130,405,405,NA,NA,405,1919,1558,361,34,1885,191,191,NA,NA,191,505,462,43,NA,505,180,180,NA,NA,180,224,224,NA,NA,224,216,216,NA,NA,216,969,491,478,0,969,582,582,NA,40,542,849,791,58,3,846
M1 [Ante Natal Care (ANC)],'1.6.2.b',Number of pregnant women tested found sero positive for Syphilis,TOTAL,80,74,6,10,70,0,0,NA,NA,0,13,13,NA,NA,13,21,17,4,7,14,15,15,NA,NA,15,4,4,0,NA,4,0,0,NA,NA,0,0,0,NA,NA,0,0,0,NA,NA,0,1,0,1,0,1,16,16,NA,0,16,10,9,1,3,7
M1 [Ante Natal Care (ANC)],'1.6.2.c',Number of syphilis positive pregnant women treated for Syphilis,TOTAL,35,29,6,0,35,0,0,NA,NA,0,8,8,NA,NA,8,12,8,4,0,12,0,0,NA,NA,0,4,4,NA,NA,4,0,0,NA,NA,0,0,0,NA,NA,0,0,0,NA,NA,0,1,0,1,0,1,3,3,NA,0,3,7,6,1,0,7
M1 [Ante Natal Care (ANC)],'1.6.2.d',Number of babies diagnosed with Congenital Syphilis,TOTAL,3,2,1,0,3,0,0,NA,NA,0,1,1,NA,NA,1,0,0,0,NA,0,0,0,NA,NA,0,0,0,NA,NA,0,0,0,NA,NA,0,0,0,NA,NA,0,0,0,NA,NA,0,1,0,1,0,1,0,0,NA,0,0,1,1,0,NA,1
M1 [Ante Natal Care (ANC)],'1.6.2.e',Number of babies treated for congenital Syphilis,TOTAL,3,2,1,0,3,0,0,NA,NA,0,1,1,NA,NA,1,0,0,0,NA,0,0,0,NA,NA,0,0,0,NA,NA,0,0,0,NA,NA,0,0,0,NA,NA,0,0,0,NA,NA,0,1,0,1,0,1,0,0,NA,0,0,1,1,0,NA,1
M2 [Deliveries],'2.1.1.a',Number of Home Deliveries attended by Skill Birth Attendant(SBA) (Doctor/Nurse/ANM),TOTAL,126,126,0,0,126,19,19,NA,NA,19,14,14,NA,NA,14,4,4,0,0,4,11,11,NA,NA,11,8,8,NA,NA,8,7,7,NA,NA,7,0,0,NA,NA,0,3,3,NA,NA,3,8,8,NA,0,8,14,14,NA,0,14,38,38,NA,0,38
M2 [Deliveries],'2.1.1.b',Number of Home Deliveries attended by Non SBA (Trained Birth Attendant(TBA) /Relatives/etc.),TOTAL,2700,2700,0,8,2692,200,200,NA,NA,200,111,111,NA,NA,111,532,532,0,5,527,112,112,NA,NA,112,239,239,NA,NA,239,153,153,NA,NA,153,71,71,NA,NA,71,172,172,NA,NA,172,349,349,NA,3,346,331,331,NA,0,331,430,430,NA,0,430
M2 [Deliveries],'2.1.2',Number of PW given Tablet Misoprostol during home delivery,TOTAL,62,62,0,0,62,0,0,NA,NA,0,3,3,NA,NA,3,1,1,0,NA,1,4,4,NA,NA,4,4,4,NA,NA,4,0,0,NA,NA,0,18,18,NA,NA,18,0,0,NA,NA,0,5,5,NA,0,5,0,0,NA,0,0,27,27,NA,NA,27
M2 [Deliveries],'2.1.3',Number of newborns received 7 Home Based Newborn Care (HBNC) visits in case of Home delivery,TOTAL,1832,1832,0,8,1824,155,155,NA,NA,155,51,51,NA,NA,51,257,257,0,3,254,98,98,NA,NA,98,167,167,NA,NA,167,95,95,NA,NA,95,60,60,NA,NA,60,85,85,NA,NA,85,257,257,NA,3,254,219,219,NA,0,219,388,388,NA,2,386
M2 [Deliveries],'2.2',Number of Institutional Deliveries conducted (Including C-Sections),TOTAL,4277,3237,1040,0,4277,127,127,NA,NA,127,83,83,NA,NA,83,1823,1165,658,0,1823,143,143,NA,NA,143,228,197,31,NA,228,74,74,NA,NA,74,214,214,NA,NA,214,73,73,NA,NA,73,575,376,199,0,575,476,339,137,0,476,461,446,15,NA,461
M2 [Deliveries],'2.2.1',Out of total institutional deliveries number of women discharged within 48 hours of delivery,TOTAL,1704,1461,243,2,1702,125,125,NA,NA,125,60,60,NA,NA,60,381,280,101,0,381,76,76,NA,NA,76,60,42,18,NA,60,5,5,NA,NA,5,17,17,NA,NA,17,55,55,NA,NA,55,341,314,27,0,341,384,287,97,2,382,200,200,0,NA,200
M2 [Deliveries],'2.2.2',Number of newborns received 6 HBNC  visits after Institutional Delivery,TOTAL,1848,1848,0,182,1666,42,42,NA,NA,42,66,66,NA,NA,66,548,548,0,129,419,87,87,NA,NA,87,232,232,NA,NA,232,55,55,NA,NA,55,125,125,NA,NA,125,33,33,NA,NA,33,209,209,NA,46,163,235,235,NA,6,229,216,216,NA,1,215
M3 [Number of Caesarean (C-Section) deliveries],'3.1',Total C -Section deliveries performed,TOTAL,619,198,421,0,619,0,0,NA,NA,0,0,0,NA,NA,0,499,158,341,0,499,0,0,NA,NA,0,13,0,13,NA,13,NA,NA,NA,NA,NA,0,0,NA,NA,0,NA,NA,NA,NA,NA,80,13,67,0,80,11,11,NA,NA,11,16,16,0,NA,16
M3 [Number of Caesarean (C-Section) deliveries],'3.1.1',"C-sections, performed at night (8 PM- 8 AM)",TOTAL,114,40,74,0,114,0,0,NA,NA,0,0,0,NA,NA,0,91,34,57,0,91,0,0,NA,NA,0,1,0,1,NA,1,NA,NA,NA,NA,NA,NA,NA,NA,NA,NA,NA,NA,NA,NA,NA,17,1,16,0,17,3,3,NA,NA,3,2,2,0,NA,2
M4 [Pregnancy outcome & details of new-born],'4.1.1.a',Live Birth - Male,TOTAL,3624,3081,543,3,3621,181,181,NA,NA,181,108,108,NA,NA,108,1217,858,359,2,1215,139,139,NA,NA,139,242,220,22,NA,242,128,128,NA,NA,128,150,150,NA,NA,150,134,134,NA,NA,134,454,354,100,1,453,393,338,55,0,393,478,471,7,0,478
M4 [Pregnancy outcome & details of new-born],'4.1.1.b',Live Birth - Female,TOTAL,3357,2885,472,5,3352,160,160,NA,NA,160,97,97,NA,NA,97,1095,804,291,3,1092,126,126,NA,NA,126,230,221,9,NA,230,101,101,NA,NA,101,132,132,NA,NA,132,106,106,NA,NA,106,455,368,87,2,453,407,330,77,0,407,448,440,8,0,448
M4 [Pregnancy outcome & details of new-born],'4.1.2',Number of Pre term newborns ( < 37 weeks of pregnancy),TOTAL,237,154,83,1,236,0,0,NA,NA,0,3,3,NA,NA,3,117,66,51,1,116,5,5,NA,NA,5,8,6,2,NA,8,0,0,NA,NA,0,1,1,NA,NA,1,6,6,NA,NA,6,51,26,25,0,51,20,15,5,0,20,26,26,0,0,26
M4 [Pregnancy outcome & details of new-born],'4.1.3',Still Birth,TOTAL,162,130,32,0,162,5,5,NA,NA,5,3,3,NA,NA,3,55,41,14,0,55,4,4,NA,NA,4,4,4,NA,NA,4,5,5,NA,NA,5,5,5,NA,NA,5,9,9,NA,NA,9,25,14,11,0,25,30,23,7,0,30,17,17,0,0,17
M4 [Pregnancy outcome & details of new-born],'4.2',Abortion (spontaneous),TOTAL,352,259,93,0,352,3,3,NA,NA,3,7,7,NA,NA,7,169,115,54,0,169,4,4,NA,NA,4,13,13,NA,NA,13,0,0,NA,NA,0,12,12,NA,NA,12,18,18,NA,NA,18,17,6,11,0,17,75,55,20,NA,75,34,26,8,0,34
M4 [Pregnancy outcome & details of new-born],'4.3.1.a',MTP up to 12 weeks of pregnancy,TOTAL,45,45,0,0,45,11,11,NA,NA,11,4,4,NA,NA,4,20,20,0,NA,20,0,0,NA,NA,0,0,0,NA,NA,0,0,0,NA,NA,0,5,5,NA,NA,5,0,0,NA,NA,0,0,0,0,0,0,0,0,NA,NA,0,5,5,NA,NA,5
M4 [Pregnancy outcome & details of new-born],'4.3.1.b',MTP more than 12 weeks of pregnancy,TOTAL,0,0,0,0,0,0,0,NA,NA,0,0,0,NA,NA,0,0,0,0,NA,0,0,0,NA,NA,0,0,0,NA,NA,0,0,0,NA,NA,0,0,0,NA,NA,0,0,0,NA,NA,0,0,0,0,0,0,0,0,NA,NA,0,0,0,NA,NA,0
M4 [Pregnancy outcome & details of new-born],'4.3.2.a',Post Abortion/ MTP Complications Identified,TOTAL,0,0,0,0,0,0,0,NA,NA,0,0,0,NA,NA,0,0,0,0,NA,0,0,0,NA,NA,0,0,0,NA,NA,0,0,0,NA,NA,0,0,0,NA,NA,0,0,0,NA,NA,0,0,0,0,0,0,0,0,NA,NA,0,0,0,NA,NA,0
M4 [Pregnancy outcome & details of new-born],'4.3.2.b',Post Abortion/ MTP Complications Treated,TOTAL,0,0,0,0,0,0,0,NA,NA,0,0,0,NA,NA,0,0,0,0,NA,0,0,0,NA,NA,0,0,0,NA,NA,0,0,0,NA,NA,0,0,0,NA,NA,0,0,0,NA,NA,0,0,0,0,0,0,0,0,NA,NA,0,0,0,NA,NA,0
M4 [Pregnancy outcome & details of new-born],'4.3.3',Number of women provided with post abortion/ MTP contraception,TOTAL,0,0,0,0,0,0,0,NA,NA,0,0,0,NA,NA,0,0,0,0,NA,0,0,0,NA,NA,0,0,0,NA,NA,0,0,0,NA,NA,0,0,0,NA,NA,0,0,0,NA,NA,0,0,0,0,0,0,0,0,NA,NA,0,0,0,NA,NA,0
M4 [Pregnancy outcome & details of new-born],'4.4.1',Number of newborns weighed at birth,TOTAL,6699,5812,887,8,6691,337,337,NA,NA,337,195,195,NA,NA,195,2158,1618,540,5,2153,264,264,NA,NA,264,472,441,31,NA,472,225,225,NA,NA,225,282,282,NA,NA,282,222,222,NA,NA,222,901,717,184,3,898,775,658,117,0,775,868,853,15,0,868
M4 [Pregnancy outcome & details of new-born],'4.4.2',Number of newborns having weight less than 2.5 kg,TOTAL,507,377,130,0,507,16,16,NA,NA,16,11,11,NA,NA,11,193,124,69,0,193,18,18,NA,NA,18,13,11,2,NA,13,7,7,NA,NA,7,23,23,NA,NA,23,8,8,NA,NA,8,108,65,43,0,108,60,45,15,0,60,50,49,1,0,50
M4 [Pregnancy outcome & details of new-born],'4.4.3',Number of Newborns breast fed within 1 hour of birth ,TOTAL,6258,5650,608,8,6250,334,334,NA,NA,334,196,196,NA,NA,196,1799,1487,312,5,1794,234,234,NA,NA,234,472,441,31,NA,472,224,224,NA,NA,224,282,282,NA,NA,282,236,236,NA,NA,236,892,715,177,3,889,727,654,73,0,727,862,847,15,0,862
M5 [Complicated Pregnancies],'5.1',"Number of cases of pregnant women with Obstetric Complications attended (Antepartum haemorrhage (APH), Post-Partum Hemorrhage (PPH), Sepsis, Eclampsia and others)",TOTAL,674,551,123,0,674,9,9,NA,NA,9,26,26,NA,NA,26,139,85,54,NA,139,2,2,NA,NA,2,92,91,1,NA,92,0,0,NA,NA,0,47,47,NA,NA,47,44,44,NA,NA,44,167,99,68,0,167,17,17,NA,0,17,131,131,0,NA,131
M5 [Complicated Pregnancies],'5.2',Number of Complicated pregnancies treated with Blood Transfusion,TOTAL,96,69,27,NA,96,0,0,NA,NA,0,0,0,NA,NA,0,2,2,0,NA,2,0,0,NA,NA,0,5,0,5,NA,5,0,0,NA,NA,0,0,0,NA,NA,0,0,0,NA,NA,0,80,58,22,NA,80,9,9,NA,NA,9,NA,NA,NA,NA,NA
M6 [Post Natal Care (PNC)],'6.1',Women receiving 1st post partum checkup within 48 hours of home delivery,TOTAL,1852,1828,24,11,1841,169,169,NA,NA,169,56,56,NA,NA,56,391,391,0,9,382,96,96,NA,NA,96,192,192,0,NA,192,101,101,NA,NA,101,52,52,NA,NA,52,138,138,NA,NA,138,106,97,9,2,104,187,187,NA,0,187,364,349,15,0,364
M6 [Post Natal Care (PNC)],'6.2',Women receiving 1st post partum checkup between 48 hours and 14 days,TOTAL,2994,2796,198,57,2937,251,251,NA,NA,251,114,114,NA,NA,114,634,602,32,39,595,143,143,NA,NA,143,158,127,31,NA,158,116,116,NA,NA,116,160,160,NA,NA,160,125,125,NA,NA,125,660,525,135,11,649,264,264,NA,6,258,369,369,0,1,368
M6 [Post Natal Care (PNC)],'6.3',Number of mothers provided full course of 180 IFA tablets after delivery,TOTAL,3741,3428,313,105,3636,200,200,NA,NA,200,54,54,NA,NA,54,1816,1670,146,81,1735,158,158,NA,NA,158,120,89,31,NA,120,181,181,NA,NA,181,130,130,NA,NA,130,102,102,NA,NA,102,700,564,136,2,698,168,168,NA,21,147,112,112,0,1,111
M6 [Post Natal Care (PNC)],'6.4',Number of mothers provided 360 Calcium tablets after delivery,TOTAL,3527,3214,313,97,3430,190,190,NA,NA,190,34,34,NA,NA,34,1709,1563,146,73,1636,148,148,NA,NA,148,114,83,31,NA,114,177,177,NA,NA,177,138,138,NA,NA,138,75,75,NA,NA,75,664,528,136,2,662,115,115,NA,21,94,163,163,0,1,162
M7 [Reproductive Tract Infections/Sexually Transmitted Infections (RTI/STI) Cases],'7.1.1',New RTI/STI cases identified - Male,TOTAL,328,328,0,0,328,21,21,NA,NA,21,28,28,NA,NA,28,55,55,0,0,55,0,0,NA,NA,0,3,3,NA,NA,3,1,1,NA,NA,1,1,1,NA,NA,1,0,0,NA,NA,0,184,184,0,0,184,34,34,NA,0,34,1,1,0,NA,1
M7 [Reproductive Tract Infections/Sexually Transmitted Infections (RTI/STI) Cases],'7.1.2',New RTI/STI cases identified - Female,TOTAL,960,957,3,58,902,59,59,NA,NA,59,74,74,NA,NA,74,359,356,3,58,301,0,0,NA,NA,0,41,41,NA,NA,41,0,0,NA,NA,0,22,22,NA,NA,22,1,1,NA,NA,1,216,216,0,0,216,105,105,NA,0,105,83,83,0,NA,83
M7 [Reproductive Tract Infections/Sexually Transmitted Infections (RTI/STI) Cases],'7.2.1',RTI/STI for which treatment initiated - Male,TOTAL,126,126,0,0,126,21,21,NA,NA,21,6,6,NA,NA,6,55,55,0,0,55,0,0,NA,NA,0,3,3,NA,NA,3,1,1,NA,NA,1,1,1,NA,NA,1,0,0,NA,NA,0,4,4,0,0,4,34,34,NA,0,34,1,1,0,NA,1
M7 [Reproductive Tract Infections/Sexually Transmitted Infections (RTI/STI) Cases],'7.2.2',RTI/STI for which treatment initiated -Female,TOTAL,756,753,3,47,709,59,59,NA,NA,59,37,37,NA,NA,37,348,345,3,47,301,0,0,NA,NA,0,41,41,NA,NA,41,0,0,NA,NA,0,22,22,NA,NA,22,1,1,NA,NA,1,60,60,0,0,60,105,105,NA,0,105,83,83,0,NA,83
M8 [Family Planning],'8.1.1',Number of Non Scalpel Vasectomy (NSV) / Conventional Vasectomy conducted,TOTAL,0,0,0,0,0,0,0,NA,NA,0,0,0,NA,NA,0,0,0,NA,NA,0,0,0,NA,NA,0,0,0,NA,NA,0,NA,NA,NA,NA,NA,0,0,NA,NA,0,NA,NA,NA,NA,NA,0,0,0,0,0,0,0,NA,NA,0,0,0,NA,NA,0
M8 [Family Planning],'8.2.1',Number of Laparoscopic sterilizations (excluding post abortion) conducted,TOTAL,0,0,0,NA,0,0,0,NA,NA,0,0,0,NA,NA,0,0,0,0,NA,0,0,0,NA,NA,0,0,0,NA,NA,0,NA,NA,NA,NA,NA,0,0,NA,NA,0,NA,NA,NA,NA,NA,0,0,0,NA,0,0,0,NA,NA,0,0,0,NA,NA,0
M8 [Family Planning],'8.2.2',Number of Interval Mini-lap (other than post-partum and post abortion) sterilizations conducted,TOTAL,167,167,0,NA,167,32,32,NA,NA,32,0,0,NA,NA,0,42,42,0,NA,42,0,0,NA,NA,0,10,10,NA,NA,10,NA,NA,NA,NA,NA,0,0,NA,NA,0,NA,NA,NA,NA,NA,71,71,0,NA,71,9,9,NA,NA,9,3,3,NA,NA,3
M8 [Family Planning],'8.2.3',Number of Postpartum sterilizations (within 7 days of delivery by minilap or concurrent with caesarean section) conducted,TOTAL,185,119,66,NA,185,2,2,NA,NA,2,0,0,NA,NA,0,75,30,45,NA,75,0,0,NA,NA,0,0,0,NA,NA,0,NA,NA,NA,NA,NA,35,35,NA,NA,35,NA,NA,NA,NA,NA,30,23,7,NA,30,27,13,14,NA,27,16,16,NA,NA,16
M8 [Family Planning],'8.2.4',Number of Post Abortion sterilizations (within 7 days of spontaneous or surgical abortion) conducted,TOTAL,6,6,0,NA,6,3,3,NA,NA,3,0,0,NA,NA,0,2,2,0,NA,2,0,0,NA,NA,0,0,0,NA,NA,0,NA,NA,NA,NA,NA,0,0,NA,NA,0,NA,NA,NA,NA,NA,0,0,0,NA,0,0,0,NA,NA,0,1,1,NA,NA,1
M8 [Family Planning],'8.3',Number of Interval IUCD Insertions (excluding PPIUCD and PAIUCD),TOTAL,312,306,6,11,301,69,69,NA,NA,69,6,6,NA,NA,6,76,73,3,10,66,4,4,NA,NA,4,23,21,2,NA,23,1,1,NA,NA,1,43,43,NA,NA,43,1,1,NA,NA,1,50,49,1,1,49,20,20,NA,0,20,19,19,NA,NA,19
M8 [Family Planning],'8.4',Number of Postpartum (within 48 hours of delivery) IUCD insertions,TOTAL,41,38,3,0,41,4,4,NA,NA,4,0,0,NA,NA,0,6,6,0,NA,6,0,0,NA,NA,0,6,6,NA,NA,6,0,0,NA,NA,0,7,7,NA,NA,7,0,0,NA,NA,0,13,10,3,0,13,0,0,NA,NA,0,5,5,NA,NA,5
M8 [Family Planning],'8.5',Number of Post Abortion (within 12 days of spontaneous or surgical abortion) IUCD insertions,TOTAL,5,3,2,NA,5,2,2,NA,NA,2,0,0,NA,NA,0,1,0,1,NA,1,0,0,NA,NA,0,1,1,NA,NA,1,0,0,NA,NA,0,0,0,NA,NA,0,0,0,NA,NA,0,1,0,1,NA,1,0,0,NA,NA,0,0,0,NA,NA,0
M8 [Family Planning],'8.6',Number of IUCD Removals,TOTAL,224,217,7,8,216,5,5,NA,NA,5,4,4,NA,NA,4,93,92,1,6,87,2,2,NA,NA,2,34,34,NA,NA,34,3,3,NA,NA,3,14,14,NA,NA,14,0,0,NA,NA,0,51,45,6,1,50,12,12,NA,1,11,6,6,NA,NA,6
M8 [Family Planning],'8.7',Number of complications following IUCD Insertion,TOTAL,31,31,0,0,31,8,8,NA,NA,8,0,0,NA,NA,0,0,0,0,NA,0,0,0,NA,NA,0,9,9,NA,NA,9,0,0,NA,NA,0,4,4,NA,NA,4,5,5,NA,NA,5,3,3,0,0,3,2,2,NA,0,2,0,0,NA,NA,0
M8 [Family Planning],'8.8',Injectable Contraceptive-Antara Program- First Dose,TOTAL,877,877,0,7,870,96,96,NA,NA,96,30,30,NA,NA,30,61,61,NA,0,61,27,27,NA,NA,27,142,142,NA,NA,142,44,44,NA,NA,44,116,116,NA,NA,116,10,10,NA,NA,10,256,256,0,2,254,74,74,NA,5,69,21,21,NA,NA,21
M8 [Family Planning],'8.9',Injectable Contraceptive-Antara Program- Second Dose,TOTAL,268,268,0,4,264,14,14,NA,NA,14,26,26,NA,NA,26,26,26,NA,0,26,0,0,NA,NA,0,48,48,NA,NA,48,22,22,NA,NA,22,67,67,NA,NA,67,5,5,NA,NA,5,0,0,0,0,0,47,47,NA,4,43,13,13,NA,NA,13
M8 [Family Planning],'8.10',Injectable Contraceptive-Antara Program- Third Dose,TOTAL,116,116,0,0,116,4,4,NA,NA,4,4,4,NA,NA,4,3,3,NA,0,3,0,0,NA,NA,0,35,35,NA,NA,35,12,12,NA,NA,12,14,14,NA,NA,14,3,3,NA,NA,3,0,0,0,0,0,26,26,NA,0,26,15,15,NA,NA,15
M8 [Family Planning],'8.11',Injectable Contraceptive-Antara Program- Fourth or more than fourth,TOTAL,251,251,0,0,251,0,0,NA,NA,0,8,8,NA,NA,8,14,14,NA,NA,14,0,0,NA,NA,0,140,140,NA,NA,140,5,5,NA,NA,5,13,13,NA,NA,13,3,3,NA,NA,3,0,0,0,0,0,31,31,NA,0,31,37,37,NA,NA,37
M8 [Family Planning],'8.12',Number of Combined Oral Pill cycles distributed,TOTAL,10796,10790,6,407,10389,1670,1670,NA,NA,1670,515,515,NA,NA,515,1480,1474,6,282,1198,324,324,NA,NA,324,651,651,NA,NA,651,568,568,NA,NA,568,1155,1155,NA,NA,1155,253,253,NA,NA,253,2078,2078,0,56,2022,1316,1316,NA,44,1272,786,786,NA,25,761
M8 [Family Planning],'8.13',Number of Condom pieces distributed,TOTAL,40391,40391,0,3601,36790,1230,1230,NA,NA,1230,1940,1940,NA,NA,1940,12451,12451,0,2924,9527,41,41,NA,NA,41,5661,5661,NA,NA,5661,573,573,NA,NA,573,1994,1994,NA,NA,1994,1271,1271,NA,NA,1271,7635,7635,0,73,7562,4040,4040,NA,129,3911,3555,3555,NA,475,3080
M8 [Family Planning],'8.14',Number of Centchroman (weekly) pill strips distributed,TOTAL,157,157,0,0,157,0,0,NA,NA,0,0,0,NA,NA,0,7,7,0,NA,7,0,0,NA,NA,0,5,5,NA,NA,5,0,0,NA,NA,0,12,12,NA,NA,12,0,0,NA,NA,0,5,5,0,0,5,11,11,NA,NA,11,117,117,NA,0,117
M8 [Family Planning],'8.15',Number of Emergency Contraceptive Pills (ECP) given,TOTAL,166,166,0,3,163,0,0,NA,NA,0,1,1,NA,NA,1,13,13,0,3,10,4,4,NA,NA,4,54,54,NA,NA,54,0,0,NA,NA,0,56,56,NA,NA,56,0,0,NA,NA,0,31,31,0,0,31,0,0,NA,0,0,7,7,NA,0,7
M8 [Family Planning],'8.16',Number of Pregnancy Test Kits (PTK) used,TOTAL,4745,4671,74,231,4514,208,208,NA,NA,208,345,345,NA,NA,345,1081,1043,38,165,916,70,70,NA,NA,70,767,767,NA,NA,767,145,145,NA,NA,145,219,219,NA,NA,219,89,89,NA,NA,89,692,692,0,3,689,555,555,NA,59,496,574,538,36,4,570
M8 [Family Planning],'8.17.1',Complications following male sterilization,TOTAL,0,0,0,0,0,0,0,NA,NA,0,0,0,NA,NA,0,0,0,0,NA,0,0,0,NA,NA,0,0,0,NA,NA,0,NA,NA,NA,NA,NA,0,0,NA,NA,0,NA,NA,NA,NA,NA,0,0,0,0,0,0,0,NA,NA,0,0,0,NA,NA,0
M8 [Family Planning],'8.17.2',Complications following female sterilization,TOTAL,0,0,0,0,0,0,0,NA,NA,0,0,0,NA,NA,0,0,0,0,NA,0,0,0,NA,NA,0,0,0,NA,NA,0,NA,NA,NA,NA,NA,0,0,NA,NA,0,NA,NA,NA,NA,NA,0,0,0,0,0,0,0,NA,NA,0,0,0,NA,NA,0
M8 [Family Planning],'8.17.3',Failures following male sterilization,TOTAL,0,0,0,0,0,0,0,NA,NA,0,0,0,NA,NA,0,0,0,NA,NA,0,0,0,NA,NA,0,0,0,NA,NA,0,NA,NA,NA,NA,NA,0,0,NA,NA,0,NA,NA,NA,NA,NA,0,0,0,0,0,0,0,NA,NA,0,0,0,NA,NA,0
M8 [Family Planning],'8.17.4',Failures following female sterilization,TOTAL,0,0,0,0,0,0,0,NA,NA,0,0,0,NA,NA,0,0,0,0,NA,0,0,0,NA,NA,0,0,0,NA,NA,0,NA,NA,NA,NA,NA,0,0,NA,NA,0,NA,NA,NA,NA,NA,0,0,0,0,0,0,0,NA,NA,0,0,0,NA,NA,0
M8 [Family Planning],'8.17.5',Deaths following male sterilization,TOTAL,0,0,0,0,0,0,0,NA,NA,0,0,0,NA,NA,0,0,0,NA,NA,0,0,0,NA,NA,0,0,0,NA,NA,0,NA,NA,NA,NA,NA,0,0,NA,NA,0,NA,NA,NA,NA,NA,0,0,0,0,0,0,0,NA,NA,0,0,0,NA,NA,0
M8 [Family Planning],'8.17.6',Deaths following female sterilization,TOTAL,0,0,0,0,0,0,0,NA,NA,0,0,0,NA,NA,0,0,0,0,NA,0,0,0,NA,NA,0,0,0,NA,NA,0,NA,NA,NA,NA,NA,0,0,NA,NA,0,NA,NA,NA,NA,NA,0,0,0,0,0,0,0,NA,NA,0,0,0,NA,NA,0
M9 [CHILD IMMUNISATION],'9.1.1',Child immunisation - Vitamin K1 (Birth Dose),TOTAL,3804,2911,893,0,3804,114,114,NA,NA,114,76,76,NA,NA,76,1617,1086,531,0,1617,112,112,NA,NA,112,177,147,30,NA,177,60,60,NA,NA,60,174,174,NA,NA,174,72,72,NA,NA,72,506,319,187,0,506,430,300,130,0,430,466,451,15,NA,466
M9 [CHILD IMMUNISATION],'9.1.2',Child immunisation - BCG,TOTAL,6568,5611,957,39,6529,257,257,NA,NA,257,287,287,NA,NA,287,2098,1454,644,16,2082,239,239,NA,NA,239,459,435,24,NA,459,197,197,NA,NA,197,194,194,NA,NA,194,244,244,NA,NA,244,863,711,152,14,849,776,651,125,3,773,954,942,12,6,948
M9 [CHILD IMMUNISATION],'9.1.3',Child immunisation - DPT1,TOTAL,2,2,0,0,2,0,0,NA,NA,0,0,0,NA,NA,0,0,0,0,NA,0,0,0,NA,NA,0,1,1,0,NA,1,0,0,NA,NA,0,0,0,NA,NA,0,0,0,NA,NA,0,1,1,0,0,1,0,0,NA,NA,0,NA,NA,NA,NA,NA
M9 [CHILD IMMUNISATION],'9.1.4',Child immunisation - DPT2,TOTAL,3,3,0,0,3,0,0,NA,NA,0,1,1,NA,NA,1,0,0,0,NA,0,0,0,NA,NA,0,0,0,0,NA,0,0,0,NA,NA,0,0,0,NA,NA,0,0,0,NA,NA,0,0,0,0,0,0,2,2,NA,NA,2,NA,NA,NA,NA,NA
M9 [CHILD IMMUNISATION],'9.1.5',Child immunisation - DPT3,TOTAL,2,1,1,0,2,0,0,NA,NA,0,1,1,NA,NA,1,1,0,1,NA,1,0,0,NA,NA,0,0,0,0,NA,0,0,0,NA,NA,0,0,0,NA,NA,0,0,0,NA,NA,0,0,0,0,0,0,0,0,NA,NA,0,NA,NA,NA,NA,NA
M9 [CHILD IMMUNISATION],'9.1.6',Child immunisation - Pentavalent 1,TOTAL,6533,6210,323,322,6211,354,354,NA,NA,354,392,392,NA,NA,392,1571,1317,254,248,1323,294,294,NA,NA,294,607,604,3,NA,607,245,245,NA,NA,245,320,320,NA,NA,320,241,241,NA,NA,241,825,784,41,25,800,781,762,19,33,748,903,897,6,16,887
M9 [CHILD IMMUNISATION],'9.1.7',Child immunisation - Pentavalent 2,TOTAL,6535,6288,247,307,6228,317,317,NA,NA,317,422,422,NA,NA,422,1419,1246,173,228,1191,347,347,NA,NA,347,550,550,0,NA,550,250,250,NA,NA,250,362,362,NA,NA,362,331,331,NA,NA,331,848,798,50,30,818,793,776,17,38,755,896,889,7,11,885
M9 [CHILD IMMUNISATION],'9.1.8',Child immunisation - Pentavalent 3,TOTAL,6399,6126,273,352,6047,301,301,NA,NA,301,458,458,NA,NA,458,1462,1262,200,257,1205,314,314,NA,NA,314,499,498,1,NA,499,230,230,NA,NA,230,360,360,NA,NA,360,310,310,NA,NA,310,786,732,54,32,754,754,742,12,37,717,925,919,6,26,899
M9 [CHILD IMMUNISATION],'9.1.9',Child immunisation - OPV 0 (Birth Dose),TOTAL,4473,3484,989,7,4466,182,182,NA,NA,182,106,106,NA,NA,106,1856,1218,638,6,1850,198,198,NA,NA,198,291,262,29,NA,291,66,66,NA,NA,66,203,203,NA,NA,203,91,91,NA,NA,91,523,348,175,0,523,488,357,131,1,487,469,453,16,0,469
M9 [CHILD IMMUNISATION],'9.1.10',Child immunisation - OPV1,TOTAL,6460,6189,271,322,6138,354,354,NA,NA,354,386,386,NA,NA,386,1519,1317,202,248,1271,295,295,NA,NA,295,608,605,3,NA,608,245,245,NA,NA,245,320,320,NA,NA,320,241,241,NA,NA,241,819,778,41,25,794,770,751,19,33,737,903,897,6,16,887
M9 [CHILD IMMUNISATION],'9.1.11',Child immunisation - OPV2,TOTAL,6495,6300,195,307,6188,317,317,NA,NA,317,426,426,NA,NA,426,1367,1246,121,228,1139,347,347,NA,NA,347,550,550,0,NA,550,250,250,NA,NA,250,362,362,NA,NA,362,331,331,NA,NA,331,845,795,50,30,815,791,774,17,38,753,909,902,7,11,898
M9 [CHILD IMMUNISATION],'9.1.12',Child immunisation - OPV3,TOTAL,6364,6111,253,352,6012,301,301,NA,NA,301,445,445,NA,NA,445,1442,1262,180,257,1185,314,314,NA,NA,314,499,498,1,NA,499,230,230,NA,NA,230,360,360,NA,NA,360,310,310,NA,NA,310,781,727,54,32,749,757,745,12,37,720,925,919,6,26,899
M9 [CHILD IMMUNISATION],'9.1.13',Child immunisation - Hepatitis-B0 (Birth Dose),TOTAL,3766,2961,805,0,3766,110,110,NA,NA,110,77,77,NA,NA,77,1584,1110,474,0,1584,118,118,NA,NA,118,225,195,30,NA,225,52,52,NA,NA,52,185,185,NA,NA,185,73,73,NA,NA,73,500,325,175,0,500,416,306,110,NA,416,426,410,16,NA,426
M9 [CHILD IMMUNISATION],'9.1.14',Child immunisation - Hepatitis-B1,TOTAL,10,0,10,0,10,0,0,NA,NA,0,0,0,NA,NA,0,10,0,10,NA,10,0,0,NA,NA,0,0,0,0,NA,0,0,0,NA,NA,0,0,0,NA,NA,0,0,0,NA,NA,0,0,0,0,0,0,0,0,NA,NA,0,0,0,NA,NA,0
M9 [CHILD IMMUNISATION],'9.1.15',Child immunisation - Hepatitis-B2,TOTAL,2,0,2,0,2,0,0,NA,NA,0,0,0,NA,NA,0,2,0,2,NA,2,0,0,NA,NA,0,0,0,0,NA,0,0,0,NA,NA,0,0,0,NA,NA,0,0,0,NA,NA,0,0,0,0,0,0,0,0,NA,NA,0,0,0,NA,NA,0
M9 [CHILD IMMUNISATION],'9.1.16',Child immunisation - Hepatitis-B3,TOTAL,26,18,8,0,26,0,0,NA,NA,0,0,0,NA,NA,0,24,18,6,NA,24,0,0,NA,NA,0,2,0,2,NA,2,0,0,NA,NA,0,0,0,NA,NA,0,0,0,NA,NA,0,0,0,0,0,0,0,0,NA,NA,0,0,0,NA,NA,0
M9 [CHILD IMMUNISATION],'9.1.17',Child immunisation - Inactivated Polio Vaccine 1 (IPV 1),TOTAL,6125,5876,249,321,5804,350,350,NA,NA,350,301,301,NA,NA,301,1485,1302,183,247,1238,285,285,NA,NA,285,577,577,0,NA,577,241,241,NA,NA,241,305,305,NA,NA,305,196,196,NA,NA,196,749,708,41,25,724,751,732,19,33,718,885,879,6,16,869
M9 [CHILD IMMUNISATION],'9.1.18',Child immunisation - Inactivated Polio Vaccine 2 (IPV 2),TOTAL,5884,5698,186,361,5523,296,296,NA,NA,296,307,307,NA,NA,307,1364,1250,114,268,1096,299,299,NA,NA,299,463,463,0,NA,463,227,227,NA,NA,227,354,354,NA,NA,354,258,258,NA,NA,258,715,661,54,30,685,698,686,12,37,661,903,897,6,26,877
M9 [CHILD IMMUNISATION],'9.1.19',Child immunisation - Rotavirus 1,TOTAL,0,0,0,0,0,0,0,NA,NA,0,0,0,NA,NA,0,0,0,0,0,0,0,0,NA,NA,0,0,0,0,NA,0,0,0,NA,NA,0,0,0,NA,NA,0,NA,NA,NA,NA,NA,0,0,0,0,0,NA,NA,NA,NA,NA,NA,NA,NA,NA,NA
M9 [CHILD IMMUNISATION],'9.1.20',Child immunisation - Rotavirus 2,TOTAL,0,0,0,0,0,0,0,NA,NA,0,0,0,NA,NA,0,0,0,0,0,0,0,0,NA,NA,0,0,0,0,NA,0,0,0,NA,NA,0,0,0,NA,NA,0,NA,NA,NA,NA,NA,0,0,0,0,0,NA,NA,NA,NA,NA,NA,NA,NA,NA,NA
M9 [CHILD IMMUNISATION],'9.1.21',Child immunisation - Rotavirus 3,TOTAL,0,0,0,0,0,0,0,NA,NA,0,0,0,NA,NA,0,0,0,0,0,0,0,0,NA,NA,0,0,0,0,NA,0,0,0,NA,NA,0,0,0,NA,NA,0,NA,NA,NA,NA,NA,0,0,0,0,0,NA,NA,NA,NA,NA,NA,NA,NA,NA,NA
M9 [CHILD IMMUNISATION],'9.2.1',Child immunisation (9-11months) - Measles & Rubella (MR)- 1st Dose,TOTAL,4727,4385,342,301,4426,170,170,NA,NA,170,376,376,NA,NA,376,1309,1030,279,237,1072,182,182,NA,NA,182,230,230,0,NA,230,135,135,NA,NA,135,162,162,NA,NA,162,211,211,NA,NA,211,788,725,63,32,756,511,511,NA,26,485,653,653,0,6,647
M9 [CHILD IMMUNISATION],'9.2.2',Child immunisation (9-11months) - Measles 1st dose,TOTAL,1182,1146,36,28,1154,23,23,NA,NA,23,33,33,NA,NA,33,159,159,0,17,142,66,66,NA,NA,66,358,351,7,NA,358,16,16,NA,NA,16,147,147,NA,NA,147,0,0,NA,NA,0,0,0,0,0,0,177,153,24,7,170,203,198,5,4,199
M9 [CHILD IMMUNISATION],'9.2.3',Child immunisation (9-11months) - JE 1st dose,TOTAL,4112,3971,141,346,3766,0,0,NA,NA,0,438,438,NA,NA,438,1284,1174,110,303,981,0,0,NA,NA,0,598,596,2,NA,598,0,0,NA,NA,0,0,0,NA,NA,0,208,208,NA,NA,208,0,0,0,0,0,817,793,24,33,784,767,762,5,10,757
M9 [CHILD IMMUNISATION],'9.2.4.a',Children aged between 9 and 11 months fully immunized- Male,TOTAL,2850,2677,173,172,2678,91,91,NA,NA,91,181,181,NA,NA,181,721,591,130,131,590,122,122,NA,NA,122,247,243,4,NA,247,77,77,NA,NA,77,147,147,NA,NA,147,114,114,NA,NA,114,383,354,29,19,364,338,328,10,19,319,429,429,0,3,426
M9 [CHILD IMMUNISATION],'9.2.4.b',Children aged between 9 and 11 months fully immunized - Female,TOTAL,2918,2714,204,155,2763,98,98,NA,NA,98,217,217,NA,NA,217,714,565,149,121,593,109,109,NA,NA,109,292,289,3,NA,292,71,71,NA,NA,71,149,149,NA,NA,149,87,87,NA,NA,87,403,369,34,13,390,359,345,14,14,345,419,415,4,7,412
M9 [CHILD IMMUNISATION],'9.3.1',Child immunisation - Measles & Rubella (MR)- 1st Dose,TOTAL,946,862,84,117,829,8,8,NA,NA,8,63,63,NA,NA,63,387,355,32,109,278,31,31,NA,NA,31,42,42,0,NA,42,12,12,NA,NA,12,38,38,NA,NA,38,51,51,NA,NA,51,125,92,33,0,125,159,140,19,8,151,30,30,0,0,30
M9 [CHILD IMMUNISATION],'9.3.2',Child immunisation - Measles-1st dose,TOTAL,254,254,0,11,243,6,6,NA,NA,6,0,0,NA,NA,0,91,91,0,11,80,3,3,NA,NA,3,86,86,0,NA,86,4,4,NA,NA,4,22,22,NA,NA,22,0,0,NA,NA,0,0,0,0,0,0,31,31,NA,NA,31,11,11,0,0,11
M9 [CHILD IMMUNISATION],'9.3.3',Child immunisation - JE 1st dose,TOTAL,2028,1908,120,257,1771,0,0,NA,NA,0,122,122,NA,NA,122,1155,1046,109,249,906,0,0,NA,NA,0,329,327,2,NA,329,0,0,NA,NA,0,0,0,NA,NA,0,88,88,NA,NA,88,0,0,0,0,0,305,297,8,8,297,29,28,1,0,29
M9 [CHILD IMMUNISATION],'9.4.1',Child immunisation - Measles & Rubella (MR)- 2nd Dose (16-24 months),TOTAL,3475,3456,19,183,3292,130,130,NA,NA,130,311,311,NA,NA,311,840,821,19,134,706,110,110,NA,NA,110,363,363,0,NA,363,99,99,NA,NA,99,164,164,NA,NA,164,124,124,NA,NA,124,424,424,0,16,408,547,547,NA,29,518,363,363,0,4,359
M9 [CHILD IMMUNISATION],'9.4.2',Child immunisation - Measles 2nd dose (More than 16 months),TOTAL,289,288,1,6,283,15,15,NA,NA,15,8,8,NA,NA,8,48,48,0,6,42,4,4,NA,NA,4,3,3,0,NA,3,5,5,NA,NA,5,104,104,NA,NA,104,4,4,NA,NA,4,0,0,0,0,0,30,30,NA,NA,30,68,67,1,0,68
M9 [CHILD IMMUNISATION],'9.4.3',Child immunisation - DPT 1st Booster,TOTAL,4330,4168,162,264,4066,166,166,NA,NA,166,321,321,NA,NA,321,980,868,112,182,798,169,169,NA,NA,169,431,428,3,NA,431,130,130,NA,NA,130,270,270,NA,NA,270,216,216,NA,NA,216,472,443,29,18,454,637,620,17,30,607,538,537,1,34,504
M9 [CHILD IMMUNISATION],'9.4.4',Child immunisation - OPV Booster,TOTAL,4269,4143,126,262,4007,166,166,NA,NA,166,303,303,NA,NA,303,944,867,77,180,764,169,169,NA,NA,169,431,429,2,NA,431,130,130,NA,NA,130,270,270,NA,NA,270,216,216,NA,NA,216,472,443,29,18,454,642,625,17,30,612,526,525,1,34,492
M9 [CHILD IMMUNISATION],'9.4.5',"Child immunisation - Measles, Mumps, Rubella (MMR) Vaccine",TOTAL,63,38,25,20,43,0,0,NA,NA,0,9,9,NA,NA,9,0,0,NA,NA,0,0,0,NA,NA,0,7,0,7,NA,7,0,0,NA,NA,0,0,0,NA,NA,0,NA,NA,NA,NA,NA,24,6,18,0,24,23,23,NA,20,3,0,0,NA,NA,0
M9 [CHILD IMMUNISATION],'9.4.6',Number of children more than 16 months of age who received Japanese Encephalitis (JE) vaccine,TOTAL,3038,2755,283,243,2795,0,0,NA,NA,0,285,285,NA,NA,285,1296,1028,268,226,1070,0,0,NA,NA,0,382,378,4,NA,382,0,0,NA,NA,0,0,0,NA,NA,0,127,127,NA,NA,127,0,0,0,0,0,583,572,11,13,570,365,365,0,4,361
M9 [CHILD IMMUNISATION],'9.5.1',Child immunisation - Typhoid,TOTAL,290,50,240,0,290,1,1,NA,NA,1,0,0,NA,NA,0,277,46,231,NA,277,0,0,NA,NA,0,9,0,9,NA,9,0,0,NA,NA,0,0,0,NA,NA,0,NA,NA,NA,NA,NA,0,0,0,0,0,NA,NA,NA,NA,NA,3,3,NA,NA,3
M9 [CHILD IMMUNISATION],'9.5.2',Children more than 5 years received DPT5 (2nd Booster),TOTAL,2871,2746,125,242,2629,72,72,NA,NA,72,307,307,NA,NA,307,840,763,77,191,649,73,73,NA,NA,73,371,368,3,NA,371,33,33,NA,NA,33,106,106,NA,NA,106,112,112,NA,NA,112,158,131,27,15,143,549,531,18,32,517,250,250,0,4,246
M9 [CHILD IMMUNISATION],'9.5.3',Children more than 10 years received TT10,TOTAL,1577,1524,53,173,1404,4,4,NA,NA,4,67,67,NA,NA,67,485,449,36,136,349,11,11,NA,NA,11,230,230,0,NA,230,5,5,NA,NA,5,94,94,NA,NA,94,77,77,NA,NA,77,57,53,4,1,56,402,395,7,29,373,145,139,6,7,138
M9 [CHILD IMMUNISATION],'9.5.4',Children more than 16 years received TT16,TOTAL,713,665,48,71,642,7,7,NA,NA,7,8,8,NA,NA,8,177,145,32,61,116,18,18,NA,NA,18,24,24,0,NA,24,2,2,NA,NA,2,119,119,NA,NA,119,27,27,NA,NA,27,127,125,2,1,126,149,143,6,8,141,55,47,8,1,54
M9 [CHILD IMMUNISATION],'9.6.1',Number of cases of AEFI - Abscess,TOTAL,13,13,0,1,12,0,0,NA,NA,0,3,3,NA,NA,3,0,0,0,0,0,0,0,NA,NA,0,0,0,NA,NA,0,0,0,NA,NA,0,0,0,NA,NA,0,0,0,NA,NA,0,6,6,0,0,6,2,2,NA,1,1,2,2,0,0,2
M9 [CHILD IMMUNISATION],'9.6.2',Number of cases of AEFI - Death,TOTAL,0,0,0,0,0,0,0,NA,NA,0,0,0,NA,NA,0,0,0,0,NA,0,0,0,NA,NA,0,0,0,NA,NA,0,0,0,NA,NA,0,0,0,NA,NA,0,0,0,NA,NA,0,0,0,0,0,0,0,0,NA,0,0,0,0,0,0,0
M9 [CHILD IMMUNISATION],'9.6.3',Number of cases of AEFI - Others,TOTAL,92,92,0,6,86,0,0,NA,NA,0,22,22,NA,NA,22,3,3,0,1,2,0,0,NA,NA,0,5,5,NA,NA,5,23,23,NA,NA,23,2,2,NA,NA,2,5,5,NA,NA,5,6,6,0,0,6,2,2,NA,0,2,24,24,0,5,19
M9 [CHILD IMMUNISATION],'9.7.1',Immunisation sessions planned,TOTAL,6887,6855,32,295,6592,472,472,NA,NA,472,276,276,NA,NA,276,1623,1596,27,247,1376,489,489,NA,NA,489,571,571,NA,NA,571,399,399,NA,NA,399,401,401,NA,NA,401,233,233,NA,NA,233,1065,1065,0,15,1050,498,493,5,17,481,860,860,NA,16,844
M9 [CHILD IMMUNISATION],'9.7.2',Immunisation sessions held,TOTAL,6004,5972,32,266,5738,405,405,NA,NA,405,251,251,NA,NA,251,1462,1435,27,220,1242,391,391,NA,NA,391,520,520,NA,NA,520,325,325,NA,NA,325,376,376,NA,NA,376,193,193,NA,NA,193,828,828,0,13,815,459,454,5,17,442,794,794,NA,16,778
M9 [CHILD IMMUNISATION],'9.7.3',Number of Immunisation sessions where ASHAs were present,TOTAL,4649,4649,0,119,4530,377,377,NA,NA,377,168,168,NA,NA,168,1012,1012,0,98,914,344,344,NA,NA,344,310,310,NA,NA,310,281,281,NA,NA,281,367,367,NA,NA,367,150,150,NA,NA,150,770,770,0,10,760,260,260,NA,3,257,610,610,NA,8,602
M9 [CHILD IMMUNISATION],'9.8.1',Child immunisation - Vitamin A Dose - 1,TOTAL,5773,5615,158,449,5324,74,74,NA,NA,74,435,435,NA,NA,435,1577,1514,63,372,1205,186,186,NA,NA,186,728,728,NA,NA,728,149,149,NA,NA,149,269,269,NA,NA,269,243,243,NA,NA,243,707,677,30,33,674,654,589,65,44,610,751,751,0,0,751
M9 [CHILD IMMUNISATION],'9.8.2',Child immunisation - Vitamin A Dose - 5,TOTAL,1963,1803,160,97,1866,27,27,NA,NA,27,131,131,NA,NA,131,497,364,133,81,416,137,137,NA,NA,137,179,179,NA,NA,179,88,88,NA,NA,88,156,156,NA,NA,156,24,24,NA,NA,24,344,326,18,1,343,188,179,9,15,173,192,192,0,0,192
M9 [CHILD IMMUNISATION],'9.8.3',Child immunisation - Vitamin A Dose - 9,TOTAL,807,727,80,39,768,18,18,NA,NA,18,61,61,NA,NA,61,144,84,60,17,127,66,66,NA,NA,66,78,78,NA,NA,78,22,22,NA,NA,22,47,47,NA,NA,47,12,12,NA,NA,12,155,135,20,11,144,102,102,0,7,95,102,102,0,4,98
M9 [CHILD IMMUNISATION],'9.9',Number of children (6-59 months) provided 8-10 doses (1ml) of IFA syrup (Bi weekly),TOTAL,2772,2772,0,58,2714,12,12,NA,NA,12,185,185,NA,NA,185,733,733,0,58,675,412,412,NA,NA,412,910,910,NA,NA,910,73,73,NA,NA,73,0,0,NA,NA,0,58,58,NA,NA,58,307,307,NA,0,307,10,10,NA,0,10,72,72,0,0,72
M9 [CHILD IMMUNISATION],'9.10',Number of children (12-59 months) provided Albendazole,TOTAL,1149,1126,23,147,1002,32,32,NA,NA,32,73,73,NA,NA,73,405,405,0,117,288,60,60,NA,NA,60,58,58,NA,NA,58,65,65,NA,NA,65,55,55,NA,NA,55,12,12,NA,NA,12,43,43,NA,0,43,75,75,NA,20,55,271,248,23,10,261
M9 [CHILD IMMUNISATION],'9.11',Number of severely underweight children provided Health Checkup (0-5 yrs),TOTAL,157,112,45,4,153,15,15,NA,NA,15,0,0,NA,NA,0,66,61,5,4,62,0,0,NA,NA,0,10,10,NA,NA,10,1,1,NA,NA,1,0,0,NA,NA,0,1,1,NA,NA,1,49,9,40,0,49,12,12,NA,0,12,3,3,0,0,3
M10 [Number of cases of Childhood Diseases (0-5 years)],'10.1',Childhood Diseases - Pneumonia,TOTAL,370,203,167,0,370,0,0,NA,NA,0,13,13,NA,NA,13,199,43,156,0,199,1,1,NA,NA,1,14,12,2,NA,14,2,2,NA,NA,2,0,0,NA,NA,0,6,6,NA,NA,6,8,3,5,0,8,60,57,3,0,60,67,66,1,0,67
M10 [Number of cases of Childhood Diseases (0-5 years)],'10.2',Childhood Diseases - Asthma,TOTAL,73,62,11,3,70,0,0,NA,NA,0,3,3,NA,NA,3,16,8,8,3,13,2,2,NA,NA,2,0,0,0,NA,0,0,0,NA,NA,0,0,0,NA,NA,0,0,0,NA,NA,0,3,1,2,0,3,2,2,NA,0,2,47,46,1,0,47
M10 [Number of cases of Childhood Diseases (0-5 years)],'10.3',Childhood Diseases - Sepsis,TOTAL,112,8,104,0,112,0,0,NA,NA,0,0,0,NA,NA,0,96,0,96,0,96,0,0,NA,NA,0,1,1,0,NA,1,0,0,NA,NA,0,0,0,NA,NA,0,3,3,NA,NA,3,7,0,7,0,7,1,1,NA,0,1,4,3,1,0,4
M10 [Number of cases of Childhood Diseases (0-5 years)],'10.4',Childhood Diseases - Diphtheria,TOTAL,0,0,0,0,0,0,0,NA,NA,0,0,0,NA,NA,0,0,0,0,0,0,0,0,NA,NA,0,0,0,0,NA,0,0,0,NA,NA,0,0,0,NA,NA,0,0,0,NA,NA,0,0,0,0,0,0,0,0,NA,0,0,0,0,0,0,0
M10 [Number of cases of Childhood Diseases (0-5 years)],'10.5',Childhood Diseases - Pertussis,TOTAL,0,0,0,0,0,0,0,NA,NA,0,0,0,NA,NA,0,0,0,0,0,0,0,0,NA,NA,0,0,0,0,NA,0,0,0,NA,NA,0,0,0,NA,NA,0,0,0,NA,NA,0,0,0,0,0,0,0,0,NA,0,0,0,0,0,0,0
M10 [Number of cases of Childhood Diseases (0-5 years)],'10.6',Childhood Diseases - Tetanus Neonatorum,TOTAL,2,0,2,0,2,0,0,NA,NA,0,0,0,NA,NA,0,0,0,0,0,0,0,0,NA,NA,0,0,0,0,NA,0,0,0,NA,NA,0,0,0,NA,NA,0,0,0,NA,NA,0,2,0,2,0,2,0,0,NA,0,0,0,0,0,0,0
M10 [Number of cases of Childhood Diseases (0-5 years)],'10.7',Childhood Diseases - Tuberculosis (TB),TOTAL,24,13,11,1,23,0,0,NA,NA,0,0,0,NA,NA,0,17,6,11,1,16,0,0,NA,NA,0,0,0,0,NA,0,0,0,NA,NA,0,0,0,NA,NA,0,0,0,NA,NA,0,0,0,0,0,0,5,5,NA,0,5,2,2,0,0,2
M10 [Number of cases of Childhood Diseases (0-5 years)],'10.8',Childhood Diseases - Acute Flaccid Paralysis(AFP),TOTAL,0,0,0,0,0,0,0,NA,NA,0,0,0,NA,NA,0,0,0,0,0,0,0,0,NA,NA,0,0,0,0,NA,0,0,0,NA,NA,0,0,0,NA,NA,0,0,0,NA,NA,0,0,0,0,0,0,0,0,NA,0,0,0,0,0,0,0
M10 [Number of cases of Childhood Diseases (0-5 years)],'10.9',Childhood Diseases - Measles,TOTAL,10,7,3,0,10,0,0,NA,NA,0,3,3,NA,NA,3,3,0,3,0,3,0,0,NA,NA,0,0,0,0,NA,0,0,0,NA,NA,0,0,0,NA,NA,0,1,1,NA,NA,1,0,0,0,0,0,3,3,NA,0,3,0,0,0,0,0
M10 [Number of cases of Childhood Diseases (0-5 years)],'10.10',Childhood Diseases - Malaria,TOTAL,31,28,3,0,31,3,3,NA,NA,3,0,0,NA,NA,0,0,0,0,0,0,0,0,NA,NA,0,0,0,0,NA,0,10,10,NA,NA,10,0,0,NA,NA,0,0,0,NA,NA,0,7,4,3,0,7,10,10,NA,0,10,1,1,0,0,1
M10 [Number of cases of Childhood Diseases (0-5 years)],'10.11',Childhood Diseases - Diarrhoea,TOTAL,6382,6106,276,192,6190,84,84,NA,NA,84,516,516,NA,NA,516,1768,1548,220,148,1620,140,140,NA,NA,140,864,844,20,NA,864,64,64,NA,NA,64,109,109,NA,NA,109,99,99,NA,NA,99,359,343,16,0,359,1229,1213,16,40,1189,1150,1146,4,4,1146
M10 [Number of cases of Childhood Diseases (0-5 years)],'10.12',Childhood Diseases - Diarrhoea treated in Inpatients,TOTAL,807,614,193,0,807,4,4,NA,NA,4,31,31,NA,NA,31,306,215,91,NA,306,10,10,NA,NA,10,133,113,20,NA,133,10,10,NA,NA,10,14,14,NA,NA,14,20,20,NA,NA,20,24,8,16,0,24,94,83,11,NA,94,161,106,55,NA,161
M10 [Number of cases of Childhood Diseases (0-5 years)],'10.13',Children admitted with upper respiratory infections,TOTAL,923,702,221,0,923,5,5,NA,NA,5,47,47,NA,NA,47,231,102,129,NA,231,5,5,NA,NA,5,201,158,43,NA,201,14,14,NA,NA,14,14,14,NA,NA,14,66,66,NA,NA,66,26,9,17,0,26,140,132,8,NA,140,174,150,24,NA,174
M10 [Number of cases of Childhood Diseases (0-5 years)],'10.14',Childhood Diseases - Severe Acute Malnutrition (SAM),TOTAL,116,99,17,34,82,0,0,NA,NA,0,2,2,NA,NA,2,70,57,13,34,36,0,0,NA,NA,0,14,14,0,NA,14,2,2,NA,NA,2,0,0,NA,NA,0,0,0,NA,NA,0,5,3,2,0,5,19,19,NA,0,19,4,2,2,0,4
M11 [NVBDCP],'11.1.1.a',Total Blood Smears Examined for Malaria,TOTAL,31186,28902,2284,154,31032,2918,2918,NA,NA,2918,992,992,NA,NA,992,2870,1864,1006,0,2870,2750,2750,NA,NA,2750,4449,4154,295,NA,4449,2717,2717,NA,NA,2717,2117,2117,NA,NA,2117,230,230,NA,NA,230,8434,7572,862,103,8331,2695,2582,113,51,2644,1014,1006,8,NA,1014
M11 [NVBDCP],'11.1.1.b',Malaria (Microscopy Tests ) - Plasmodium Vivax test positive,TOTAL,8,6,2,0,8,0,0,NA,NA,0,0,0,NA,NA,0,1,1,0,NA,1,0,0,NA,NA,0,0,0,0,NA,0,1,1,NA,NA,1,0,0,NA,NA,0,0,0,NA,NA,0,2,0,2,0,2,4,4,0,0,4,0,0,0,NA,0
M11 [NVBDCP],'11.1.1.c',Malaria (Microscopy Tests ) - Plasmodium Falciparum test positive,TOTAL,110,100,10,0,110,24,24,NA,NA,24,0,0,NA,NA,0,1,0,1,NA,1,17,17,NA,NA,17,1,0,1,NA,1,34,34,NA,NA,34,0,0,NA,NA,0,1,1,NA,NA,1,29,21,8,0,29,0,0,0,0,0,3,3,0,NA,3
M11 [NVBDCP],'11.1.2.a',RDT conducted for Malaria,TOTAL,15889,13541,2348,97,15792,1851,1851,NA,NA,1851,395,395,NA,NA,395,2403,937,1466,0,2403,1529,1529,NA,NA,1529,1537,1176,361,NA,1537,1955,1955,NA,NA,1955,807,807,NA,NA,807,37,37,NA,NA,37,2975,2575,400,51,2924,1080,967,113,25,1055,1320,1312,8,21,1299
M11 [NVBDCP],'11.1.2.b',Malaria (RDT) - Plasmodium Vivax test positive,TOTAL,64,64,0,0,64,2,2,NA,NA,2,0,0,NA,NA,0,2,2,0,0,2,0,0,NA,NA,0,0,0,0,NA,0,4,4,NA,NA,4,0,0,NA,NA,0,0,0,NA,NA,0,2,2,0,0,2,54,54,0,0,54,0,0,0,0,0
M11 [NVBDCP],'11.1.2.c',Malaria (RDT) - Plamodium Falciparum test positive,TOTAL,164,156,8,1,163,11,11,NA,NA,11,0,0,NA,NA,0,3,1,2,0,3,0,0,NA,NA,0,1,0,1,NA,1,95,95,NA,NA,95,1,1,NA,NA,1,1,1,NA,NA,1,34,29,5,1,33,7,7,0,0,7,11,11,0,0,11
M11 [NVBDCP],'11.2.1',Kala Azar (RDT) - Tests Conducted,TOTAL,0,0,0,0,0,0,0,NA,NA,0,0,0,NA,NA,0,0,0,0,NA,0,0,0,NA,NA,0,0,0,NA,NA,0,NA,NA,NA,NA,NA,0,0,NA,NA,0,NA,NA,NA,NA,NA,0,0,0,0,0,0,0,NA,NA,0,0,0,NA,NA,0
M11 [NVBDCP],'11.2.2',Kala Azar Positive Cases,TOTAL,0,0,0,0,0,0,0,NA,NA,0,0,0,NA,NA,0,0,0,0,NA,0,0,0,NA,NA,0,0,0,NA,NA,0,NA,NA,NA,NA,NA,0,0,NA,NA,0,NA,NA,NA,NA,NA,0,0,0,0,0,0,0,NA,NA,0,0,0,NA,NA,0
M11 [NVBDCP],'11.2.3',Post-kala-azar dermal leishmaniasis (PKDL) cases,TOTAL,33,33,0,0,33,0,0,NA,NA,0,0,0,NA,NA,0,0,0,0,NA,0,33,33,NA,NA,33,0,0,NA,NA,0,NA,NA,NA,NA,NA,0,0,NA,NA,0,NA,NA,NA,NA,NA,0,0,0,0,0,0,0,NA,NA,0,NA,NA,NA,NA,NA
M11 [NVBDCP],'11.3.1',Dengue - RDT Test Positive,TOTAL,25,13,12,0,25,0,0,NA,NA,0,0,0,NA,NA,0,7,0,7,NA,7,1,1,NA,NA,1,0,0,0,NA,0,NA,NA,NA,NA,NA,0,0,NA,NA,0,NA,NA,NA,NA,NA,17,12,5,0,17,0,0,NA,NA,0,0,0,NA,NA,0
M11 [NVBDCP],'11.3.2',Dengue - Enzyme- Linked Immuno Sorbent Assay (ELISA) Test Positive,TOTAL,7,7,0,NA,7,0,0,NA,NA,0,NA,NA,NA,NA,NA,2,2,0,NA,2,NA,NA,NA,NA,NA,0,0,0,NA,0,NA,NA,NA,NA,NA,NA,NA,NA,NA,NA,NA,NA,NA,NA,NA,5,5,0,NA,5,NA,NA,NA,NA,NA,0,0,NA,NA,0
M11 [NVBDCP],'11.4.1',Tests Conducted for JE,TOTAL,150,143,7,NA,150,0,0,NA,NA,0,NA,NA,NA,NA,NA,102,102,0,NA,102,NA,NA,NA,NA,NA,12,5,7,NA,12,NA,NA,NA,NA,NA,NA,NA,NA,NA,NA,NA,NA,NA,NA,NA,36,36,0,NA,36,NA,NA,NA,NA,NA,0,0,NA,NA,0
M11 [NVBDCP],'11.4.2',Tests Positive for JE,TOTAL,66,62,4,NA,66,0,0,NA,NA,0,NA,NA,NA,NA,NA,42,42,0,NA,42,NA,NA,NA,NA,NA,4,0,4,NA,4,NA,NA,NA,NA,NA,NA,NA,NA,NA,NA,NA,NA,NA,NA,NA,20,20,0,NA,20,NA,NA,NA,NA,NA,0,0,NA,NA,0
M12 [Adolscent Health],'12.1.1.a',Girls registered in AFHC,TOTAL,2846,2823,23,40,2806,56,56,NA,NA,56,214,214,NA,NA,214,452,429,23,29,423,11,11,NA,NA,11,394,394,NA,NA,394,322,322,NA,NA,322,181,181,NA,NA,181,113,113,NA,NA,113,319,319,0,0,319,316,316,NA,8,308,468,468,NA,3,465
M12 [Adolscent Health],'12.1.1.b',Boys registered in AFHC,TOTAL,1550,1542,8,24,1526,16,16,NA,NA,16,119,119,NA,NA,119,227,219,8,18,209,0,0,NA,NA,0,225,225,NA,NA,225,215,215,NA,NA,215,101,101,NA,NA,101,60,60,NA,NA,60,198,198,0,0,198,151,151,NA,5,146,238,238,NA,1,237
M12 [Adolscent Health],'12.1.2.a',"Out of registered, Girls received clinical services",TOTAL,2342,2319,23,40,2302,53,53,NA,NA,53,182,182,NA,NA,182,368,345,23,29,339,11,11,NA,NA,11,327,327,NA,NA,327,192,192,NA,NA,192,181,181,NA,NA,181,100,100,NA,NA,100,294,294,0,0,294,194,194,NA,8,186,440,440,NA,3,437
M12 [Adolscent Health],'12.1.2.b',"Out of registered, Boys received clinical services",TOTAL,1223,1215,8,24,1199,14,14,NA,NA,14,113,113,NA,NA,113,177,169,8,18,159,0,0,NA,NA,0,186,186,NA,NA,186,121,121,NA,NA,121,101,101,NA,NA,101,59,59,NA,NA,59,179,179,0,0,179,64,64,NA,5,59,209,209,NA,1,208
M12 [Adolscent Health],'12.1.3.a',"Out of registered, Girls received counselling",TOTAL,2717,2694,23,40,2677,53,53,NA,NA,53,214,214,NA,NA,214,450,427,23,29,421,11,11,NA,NA,11,383,383,NA,NA,383,222,222,NA,NA,222,181,181,NA,NA,181,113,113,NA,NA,113,304,304,0,0,304,318,318,NA,8,310,468,468,NA,3,465
M12 [Adolscent Health],'12.1.3.b',"Out of registered, Boys received counselling",TOTAL,1414,1406,8,24,1390,14,14,NA,NA,14,87,87,NA,NA,87,226,218,8,18,208,0,0,NA,NA,0,217,217,NA,NA,217,135,135,NA,NA,135,101,101,NA,NA,101,60,60,NA,NA,60,185,185,0,0,185,151,151,NA,5,146,238,238,NA,1,237
"M13 [Directly Observed Treatment, Short-course (DOTS)]",'13.1',Number of on-going DOTS patients registered,TOTAL,934,870,64,141,793,12,12,NA,NA,12,26,26,NA,NA,26,393,331,62,117,276,70,70,NA,NA,70,51,51,NA,NA,51,16,16,NA,NA,16,71,71,NA,NA,71,35,35,NA,NA,35,69,69,0,3,66,139,139,NA,21,118,52,50,2,NA,52
"M13 [Directly Observed Treatment, Short-course (DOTS)]",'13.2',Number of DOTS cases completed successfully,TOTAL,224,214,10,42,182,6,6,NA,NA,6,2,2,NA,NA,2,88,78,10,41,47,41,41,NA,NA,41,16,16,NA,NA,16,5,5,NA,NA,5,3,3,NA,NA,3,9,9,NA,NA,9,17,17,0,0,17,14,14,NA,1,13,23,23,0,NA,23
M14 [Patient Services],'14.1.1',Outpatient - Diabetes,TOTAL,1016,623,393,38,978,4,4,NA,NA,4,4,4,NA,NA,4,681,303,378,18,663,2,2,NA,NA,2,51,51,NA,NA,51,4,4,NA,NA,4,11,11,NA,NA,11,0,0,NA,NA,0,168,154,14,10,158,57,57,NA,10,47,34,33,1,0,34
M14 [Patient Services],'14.1.2',Outpatient - Hypertension,TOTAL,4903,4203,700,548,4355,106,106,NA,NA,106,116,116,NA,NA,116,2277,1598,679,468,1809,91,91,NA,NA,91,308,308,NA,NA,308,116,116,NA,NA,116,386,386,NA,NA,386,37,37,NA,NA,37,545,529,16,8,537,423,423,NA,50,373,498,493,5,22,476
M14 [Patient Services],'14.1.3',Outpatient - Stroke (Paralysis),TOTAL,32,20,12,0,32,0,0,NA,NA,0,0,0,NA,NA,0,27,18,9,0,27,0,0,NA,NA,0,0,0,NA,NA,0,0,0,NA,NA,0,0,0,NA,NA,0,0,0,NA,NA,0,4,1,3,0,4,1,1,NA,0,1,0,0,0,0,0
M14 [Patient Services],'14.1.4',Outpatient - Acute Heart Diseases,TOTAL,124,68,56,0,124,0,0,NA,NA,0,0,0,NA,NA,0,81,33,48,0,81,0,0,NA,NA,0,1,1,NA,NA,1,0,0,NA,NA,0,0,0,NA,NA,0,0,0,NA,NA,0,38,31,7,0,38,3,3,NA,0,3,1,0,1,0,1
M14 [Patient Services],'14.1.5',Outpatient - Mental illness,TOTAL,981,721,260,1,980,0,0,NA,NA,0,5,5,NA,NA,5,520,292,228,1,519,0,0,NA,NA,0,0,0,NA,NA,0,2,2,NA,NA,2,4,4,NA,NA,4,0,0,NA,NA,0,415,415,0,0,415,3,3,NA,0,3,32,0,32,0,32
M14 [Patient Services],'14.1.6',Outpatient - Epilepsy,TOTAL,277,209,68,0,277,0,0,NA,NA,0,0,0,NA,NA,0,103,37,66,0,103,0,0,NA,NA,0,0,0,NA,NA,0,0,0,NA,NA,0,0,0,NA,NA,0,0,0,NA,NA,0,172,170,2,0,172,2,2,NA,0,2,0,0,0,0,0
M14 [Patient Services],'14.1.7',Outpatient - Ophthalmic Related,TOTAL,7064,6928,136,29,7035,87,87,NA,NA,87,14,14,NA,NA,14,3956,3827,129,13,3943,68,68,NA,NA,68,412,412,NA,NA,412,140,140,NA,NA,140,90,90,NA,NA,90,5,5,NA,NA,5,1462,1455,7,3,1459,361,361,NA,13,348,469,469,0,NA,469
M14 [Patient Services],'14.1.8',Outpatient - Dental,TOTAL,11074,10615,459,41,11033,428,428,NA,NA,428,171,171,NA,NA,171,4837,4390,447,30,4807,155,155,NA,NA,155,1260,1260,NA,NA,1260,172,172,NA,NA,172,305,305,NA,NA,305,74,74,NA,NA,74,983,971,12,2,981,1185,1185,NA,9,1176,1504,1504,0,NA,1504
M14 [Patient Services],'14.1.9',Outpatient - Oncology,TOTAL,818,807,11,NA,818,0,0,NA,NA,0,0,0,NA,NA,0,764,753,11,NA,764,0,0,NA,NA,0,0,0,NA,NA,0,0,0,NA,NA,0,0,0,NA,NA,0,0,0,NA,NA,0,53,53,0,NA,53,1,1,NA,NA,1,0,0,NA,NA,0
M14 [Patient Services],'14.2.1',Allopathic- Outpatient attendance,TOTAL,359915,305192,54723,18180,341735,11411,11411,NA,NA,11411,12454,12454,NA,NA,12454,142587,99340,43247,14317,128270,9263,9263,NA,NA,9263,38790,36488,2302,NA,38790,7900,7900,NA,NA,7900,16603,16603,NA,NA,16603,6809,6809,NA,NA,6809,40072,35540,4532,788,39284,32978,29744,3234,2267,30711,41048,39640,1408,808,40240
M14 [Patient Services],'14.2.2',Ayush - Outpatient attendance,TOTAL,30777,30777,0,302,30475,993,993,NA,NA,993,1413,1413,NA,NA,1413,7967,7967,0,302,7665,1191,1191,NA,NA,1191,4678,4678,0,NA,4678,763,763,NA,NA,763,910,910,NA,NA,910,1190,1190,NA,NA,1190,2353,2353,0,NA,2353,3377,3377,NA,NA,3377,5942,5942,NA,NA,5942
M14 [Patient Services],'14.3.1.a',Inpatient (Male)- Children<18yrs,TOTAL,4424,3059,1365,0,4424,91,91,NA,NA,91,156,156,NA,NA,156,1960,983,977,NA,1960,126,126,NA,NA,126,611,497,114,NA,611,96,96,NA,NA,96,129,129,NA,NA,129,117,117,NA,NA,117,267,133,134,0,267,454,351,103,NA,454,417,380,37,NA,417
M14 [Patient Services],'14.3.1.b',Inpatient (Male)- Adults,TOTAL,6897,4678,2219,0,6897,191,191,NA,NA,191,104,104,NA,NA,104,3996,2326,1670,NA,3996,156,156,NA,NA,156,537,397,140,NA,537,98,98,NA,NA,98,169,169,NA,NA,169,68,68,NA,NA,68,660,420,240,0,660,539,424,115,NA,539,379,325,54,NA,379
M14 [Patient Services],'14.3.2.a',Inpatient (Female)- Children<18yrs,TOTAL,3922,2660,1262,0,3922,59,59,NA,NA,59,137,137,NA,NA,137,1640,793,847,NA,1640,108,108,NA,NA,108,524,445,79,NA,524,73,73,NA,NA,73,128,128,NA,NA,128,90,90,NA,NA,90,262,122,140,0,262,454,341,113,NA,454,447,364,83,NA,447
M14 [Patient Services],'14.3.2.b',Inpatient (Female)- Adults,TOTAL,13526,9417,4109,0,13526,359,359,NA,NA,359,255,255,NA,NA,255,6712,3755,2957,NA,6712,316,316,NA,NA,316,977,766,211,NA,977,211,211,NA,NA,211,593,593,NA,NA,593,227,227,NA,NA,227,1568,1027,541,0,1568,1180,890,290,NA,1180,1128,1018,110,NA,1128
M14 [Patient Services],'14.3.3',Number of Left Against Medical Advice (LAMA) cases,TOTAL,360,231,129,0,360,10,10,NA,NA,10,8,8,NA,NA,8,203,95,108,NA,203,2,2,NA,NA,2,27,25,2,NA,27,2,2,NA,NA,2,8,8,NA,NA,8,5,5,NA,NA,5,42,27,15,0,42,34,34,NA,NA,34,19,15,4,NA,19
M14 [Patient Services],'14.4.1',Inpatient - Malaria,TOTAL,93,83,10,0,93,12,12,NA,NA,12,0,0,NA,NA,0,6,3,3,NA,6,10,10,NA,NA,10,2,1,1,NA,2,18,18,NA,NA,18,3,3,NA,NA,3,1,1,NA,NA,1,23,17,6,0,23,12,12,NA,NA,12,6,6,0,NA,6
M14 [Patient Services],'14.4.2',Inpatient - Dengue,TOTAL,37,30,7,0,37,0,0,NA,NA,0,0,0,NA,NA,0,1,0,1,NA,1,1,1,NA,NA,1,8,8,0,NA,8,0,0,NA,NA,0,10,10,NA,NA,10,0,0,NA,NA,0,17,11,6,0,17,0,0,NA,NA,0,0,0,0,NA,0
M14 [Patient Services],'14.4.3',Inpatient - Typhoid,TOTAL,236,181,55,0,236,9,9,NA,NA,9,9,9,NA,NA,9,56,25,31,NA,56,47,47,NA,NA,47,25,13,12,NA,25,2,2,NA,NA,2,13,13,NA,NA,13,13,13,NA,NA,13,20,9,11,0,20,18,18,NA,NA,18,24,23,1,NA,24
M14 [Patient Services],'14.4.4',"Inpatient - Asthma, Chronic Obstructive Pulmonary Disease (COPD), Respiratory infections",TOTAL,1623,979,644,0,1623,27,27,NA,NA,27,43,43,NA,NA,43,625,137,488,NA,625,25,25,NA,NA,25,315,221,94,NA,315,33,33,NA,NA,33,28,28,NA,NA,28,61,61,NA,NA,61,95,33,62,0,95,152,152,NA,NA,152,219,219,0,NA,219
M14 [Patient Services],'14.4.5',Inpatient - Tuberculosis,TOTAL,158,98,60,0,158,0,0,NA,NA,0,3,3,NA,NA,3,84,34,50,NA,84,2,2,NA,NA,2,32,28,4,NA,32,3,3,NA,NA,3,0,0,NA,NA,0,0,0,NA,NA,0,12,8,4,0,12,12,12,NA,NA,12,10,8,2,NA,10
M14 [Patient Services],'14.4.6',Inpatient - Pyrexia of unknown origin (PUO),TOTAL,1074,1046,28,0,1074,6,6,NA,NA,6,19,19,NA,NA,19,364,341,23,NA,364,180,180,NA,NA,180,166,164,2,NA,166,25,25,NA,NA,25,38,38,NA,NA,38,4,4,NA,NA,4,88,85,3,0,88,72,72,NA,NA,72,112,112,0,NA,112
M14 [Patient Services],'14.4.7',Inpatient - Diarrhea with dehydration,TOTAL,1596,1285,311,0,1596,44,44,NA,NA,44,44,44,NA,NA,44,488,239,249,NA,488,51,51,NA,NA,51,279,252,27,NA,279,19,19,NA,NA,19,43,43,NA,NA,43,32,32,NA,NA,32,125,90,35,0,125,189,189,NA,NA,189,282,282,0,NA,282
M14 [Patient Services],'14.4.8',Inpatient - Hepatitis,TOTAL,78,38,40,0,78,0,0,NA,NA,0,2,2,NA,NA,2,32,5,27,NA,32,0,0,NA,NA,0,11,6,5,NA,11,0,0,NA,NA,0,1,1,NA,NA,1,3,3,NA,NA,3,21,14,7,0,21,1,1,NA,NA,1,7,6,1,NA,7
M14 [Patient Services],'14.5',Patients registered at Emergency Department,TOTAL,20223,14298,5925,NA,20223,1170,1170,NA,NA,1170,703,703,NA,NA,703,9831,5026,4805,NA,9831,416,416,NA,NA,416,2352,1808,544,NA,2352,214,214,NA,NA,214,638,638,NA,NA,638,327,327,NA,NA,327,2607,2091,516,NA,2607,1438,1438,NA,NA,1438,527,467,60,NA,527
M14 [Patient Services],'14.6.1',"Emergency - Trauma ( accident, injury, poisoning etc)",TOTAL,2089,1892,197,NA,2089,32,32,NA,NA,32,195,195,NA,NA,195,1079,905,174,NA,1079,14,14,NA,NA,14,425,411,14,NA,425,21,21,NA,NA,21,85,85,NA,NA,85,7,7,NA,NA,7,77,68,9,NA,77,97,97,NA,NA,97,57,57,0,NA,57
M14 [Patient Services],'14.6.2',Emergency - Burn,TOTAL,18,15,3,NA,18,1,1,NA,NA,1,2,2,NA,NA,2,6,5,1,NA,6,0,0,NA,NA,0,2,1,1,NA,2,1,1,NA,NA,1,3,3,NA,NA,3,0,0,NA,NA,0,2,1,1,NA,2,1,1,NA,NA,1,0,0,0,NA,0
M14 [Patient Services],'14.6.3',Emergency - Obstetrics complications,TOTAL,407,290,117,NA,407,12,12,NA,NA,12,2,2,NA,NA,2,167,62,105,NA,167,2,2,NA,NA,2,32,32,0,NA,32,2,2,NA,NA,2,15,15,NA,NA,15,37,37,NA,NA,37,110,98,12,NA,110,23,23,NA,NA,23,5,5,0,NA,5
M14 [Patient Services],'14.6.4',Emergency - Snake Bite,TOTAL,58,48,10,NA,58,1,1,NA,NA,1,2,2,NA,NA,2,25,18,7,NA,25,8,8,NA,NA,8,8,8,0,NA,8,2,2,NA,NA,2,1,1,NA,NA,1,1,1,NA,NA,1,5,2,3,NA,5,2,2,NA,NA,2,3,3,0,NA,3
M14 [Patient Services],'14.6.5',Emergency - Acute Caridiac Emergencies,TOTAL,42,36,6,NA,42,0,0,NA,NA,0,0,0,NA,NA,0,6,6,0,NA,6,0,0,NA,NA,0,0,0,0,NA,0,0,0,NA,NA,0,20,20,NA,NA,20,0,0,NA,NA,0,16,10,6,NA,16,0,0,NA,NA,0,0,0,0,NA,0
M14 [Patient Services],'14.6.7',Emergency - CVA ( Cerebovascular Disease),TOTAL,67,44,23,NA,67,3,3,NA,NA,3,0,0,NA,NA,0,23,5,18,NA,23,0,0,NA,NA,0,0,0,0,NA,0,0,0,NA,NA,0,4,4,NA,NA,4,2,2,NA,NA,2,31,26,5,NA,31,1,1,NA,NA,1,3,3,0,NA,3
M14 [Patient Services],'14.7',Number of deaths occurring at Emergency Department,TOTAL,54,48,6,NA,54,1,1,NA,NA,1,2,2,NA,NA,2,19,14,5,NA,19,1,1,NA,NA,1,0,0,0,NA,0,0,0,NA,NA,0,2,2,NA,NA,2,0,0,NA,NA,0,28,27,1,NA,28,0,0,NA,NA,0,1,1,0,NA,1
M14 [Patient Services],'14.8.1',Operation major (General and spinal anaesthesia),TOTAL,1430,468,962,0,1430,0,0,NA,NA,0,0,0,NA,NA,0,1140,295,845,NA,1140,0,0,NA,NA,0,27,11,16,NA,27,NA,NA,NA,NA,NA,0,0,NA,NA,0,NA,NA,NA,NA,NA,160,120,40,0,160,86,25,61,NA,86,17,17,NA,NA,17
M14 [Patient Services],'14.8.2',"Out of Operation major, Gynecology- Hysterectomy surgeries",TOTAL,52,17,35,0,52,0,0,NA,NA,0,0,0,NA,NA,0,31,2,29,NA,31,0,0,NA,NA,0,0,0,0,NA,0,NA,NA,NA,NA,NA,0,0,NA,NA,0,NA,NA,NA,NA,NA,20,14,6,0,20,0,0,NA,NA,0,1,1,NA,NA,1
M14 [Patient Services],'14.8.3',"Major Surgeries excluding Obstetrics, Gynaecology and Opthalmology etc.",TOTAL,657,238,419,NA,657,0,0,NA,NA,0,NA,NA,NA,NA,NA,507,126,381,NA,507,NA,NA,NA,NA,NA,4,1,3,NA,4,NA,NA,NA,NA,NA,NA,NA,NA,NA,NA,NA,NA,NA,NA,NA,128,93,35,NA,128,3,3,NA,NA,3,15,15,NA,NA,15
M14 [Patient Services],'14.8.4',Operation minor (No or local anaesthesia),TOTAL,2717,1947,770,0,2717,34,34,NA,NA,34,145,145,NA,NA,145,1278,684,594,0,1278,39,39,NA,NA,39,84,71,13,NA,84,42,42,NA,NA,42,167,167,NA,NA,167,9,9,NA,NA,9,421,375,46,0,421,296,196,100,NA,296,202,185,17,NA,202
M14 [Patient Services],'14.8.5',Number of post operative Surgical Site infection,TOTAL,55,49,6,NA,55,0,0,NA,NA,0,NA,NA,NA,NA,NA,45,42,3,NA,45,NA,NA,NA,NA,NA,0,0,0,NA,0,NA,NA,NA,NA,NA,0,0,NA,NA,0,NA,NA,NA,NA,NA,5,2,3,NA,5,1,1,NA,NA,1,4,4,NA,NA,4
M14 [Patient Services],'14.8.6',Number of blood units issued,TOTAL,549,293,256,0,549,0,0,NA,NA,0,0,0,NA,NA,0,221,5,216,NA,221,0,0,NA,NA,0,0,0,0,NA,0,NA,NA,NA,NA,NA,0,0,NA,NA,0,NA,NA,NA,NA,NA,328,288,40,0,328,0,0,NA,NA,0,NA,NA,NA,NA,NA
M14 [Patient Services],'14.8.7',Number of blood transfusions done,TOTAL,595,324,271,0,595,0,0,NA,NA,0,0,0,NA,NA,0,236,5,231,NA,236,0,0,NA,NA,0,0,0,0,NA,0,NA,NA,NA,NA,NA,0,0,NA,NA,0,NA,NA,NA,NA,NA,359,319,40,0,359,0,0,NA,NA,0,NA,NA,NA,NA,NA
M14 [Patient Services],'14.9.1',Inpatient Deaths - Male,TOTAL,241,174,67,0,241,5,5,NA,NA,5,0,0,NA,NA,0,167,117,50,NA,167,5,5,NA,NA,5,4,1,3,NA,4,3,3,NA,NA,3,1,1,NA,NA,1,1,1,NA,NA,1,31,23,8,0,31,16,10,6,NA,16,8,8,0,NA,8
M14 [Patient Services],'14.9.2',Inpatient Deaths - Female,TOTAL,118,66,52,0,118,2,2,NA,NA,2,1,1,NA,NA,1,76,41,35,NA,76,1,1,NA,NA,1,3,0,3,NA,3,3,3,NA,NA,3,1,1,NA,NA,1,0,0,NA,NA,0,21,12,9,0,21,6,1,5,NA,6,4,4,0,NA,4
M14 [Patient Services],'14.10',In-Patient Head Count at midnight,TOTAL,98454,75610,22844,0,98454,2616,2616,NA,NA,2616,890,890,NA,NA,890,58636,39992,18644,NA,58636,1863,1863,NA,NA,1863,5898,5321,577,NA,5898,2045,2045,NA,NA,2045,2012,2012,NA,NA,2012,1457,1457,NA,NA,1457,8931,8136,795,0,8931,7062,5262,1800,NA,7062,7044,6016,1028,NA,7044
M14 [Patient Services],'14.11',Number of Admission in NBSU ( New Born Stabilisation Unit),TOTAL,285,69,216,0,285,11,11,NA,NA,11,0,0,NA,NA,0,116,14,102,NA,116,1,1,NA,NA,1,31,0,31,NA,31,0,0,NA,NA,0,0,0,NA,NA,0,NA,NA,NA,NA,NA,107,24,83,0,107,NA,NA,NA,NA,NA,19,19,NA,NA,19
M14 [Patient Services],'14.12.1',Special Newborn Care Unit (SNCU Admissions) - Inborn Male,TOTAL,171,98,73,NA,171,6,6,NA,NA,6,NA,NA,NA,NA,NA,157,84,73,NA,157,0,0,NA,NA,0,0,0,NA,NA,0,0,0,NA,NA,0,0,0,NA,NA,0,0,0,NA,NA,0,8,8,0,NA,8,NA,NA,NA,NA,NA,NA,NA,NA,NA,NA
M14 [Patient Services],'14.12.2',Special Newborn Care Unit (SNCU Admissions) - Inborn Female,TOTAL,141,78,63,NA,141,1,1,NA,NA,1,NA,NA,NA,NA,NA,130,67,63,NA,130,0,0,NA,NA,0,0,0,NA,NA,0,0,0,NA,NA,0,0,0,NA,NA,0,1,1,NA,NA,1,9,9,0,NA,9,NA,NA,NA,NA,NA,NA,NA,NA,NA,NA
M14 [Patient Services],'14.12.3',Outborn – Male,TOTAL,75,20,55,NA,75,2,2,NA,NA,2,NA,NA,NA,NA,NA,61,6,55,NA,61,0,0,NA,NA,0,0,0,NA,NA,0,0,0,NA,NA,0,0,0,NA,NA,0,5,5,NA,NA,5,7,7,0,NA,7,NA,NA,NA,NA,NA,NA,NA,NA,NA,NA
M14 [Patient Services],'14.12.4',Outborn - Female,TOTAL,54,13,41,NA,54,2,2,NA,NA,2,NA,NA,NA,NA,NA,47,6,41,NA,47,0,0,NA,NA,0,0,0,NA,NA,0,0,0,NA,NA,0,0,0,NA,NA,0,1,1,NA,NA,1,4,4,0,NA,4,NA,NA,NA,NA,NA,NA,NA,NA,NA,NA
M14 [Patient Services],'14.12.5',Number of newborns admitted in SNCU - referred by ASHA,TOTAL,0,0,0,NA,0,0,0,NA,NA,0,NA,NA,NA,NA,NA,0,0,0,NA,0,0,0,NA,NA,0,0,0,NA,NA,0,0,0,NA,NA,0,0,0,NA,NA,0,0,0,NA,NA,0,0,0,0,NA,0,NA,NA,NA,NA,NA,NA,NA,NA,NA,NA
M14 [Patient Services],'14.13',Number of deaths occurring at SNCU,TOTAL,43,30,13,NA,43,2,2,NA,NA,2,NA,NA,NA,NA,NA,36,23,13,NA,36,0,0,NA,NA,0,0,0,NA,NA,0,0,0,NA,NA,0,0,0,NA,NA,0,0,0,NA,NA,0,5,5,0,NA,5,NA,NA,NA,NA,NA,NA,NA,NA,NA,NA
M14 [Patient Services],'14.14.1',Number of children admitted in NRC,TOTAL,68,68,0,0,68,2,2,NA,NA,2,0,0,NA,NA,0,16,16,NA,NA,16,0,0,NA,NA,0,12,12,NA,NA,12,2,2,NA,NA,2,0,0,NA,NA,0,NA,NA,NA,NA,NA,4,4,0,0,4,16,16,NA,NA,16,16,16,NA,NA,16
M14 [Patient Services],'14.14.2',Number of children discharged with target weight gain from the NRCs,TOTAL,25,25,0,0,25,2,2,NA,NA,2,0,0,NA,NA,0,3,3,NA,NA,3,0,0,NA,NA,0,6,6,NA,NA,6,2,2,NA,NA,2,0,0,NA,NA,0,NA,NA,NA,NA,NA,2,2,0,0,2,10,10,NA,NA,10,0,0,NA,NA,0
M14 [Patient Services],'14.15',Number of Rogi Kalyan Samiti (RKS) meetings held,TOTAL,7,7,0,0,7,0,0,NA,NA,0,0,0,NA,NA,0,1,1,NA,NA,1,0,0,NA,NA,0,0,0,NA,NA,0,0,0,NA,NA,0,0,0,NA,NA,0,0,0,NA,NA,0,0,0,0,0,0,3,3,NA,NA,3,3,3,NA,NA,3
M14 [Patient Services],'14.16',Number of Anganwadi centres/ UPHCs reported to have conducted Village Health & Nutrition Day (VHNDs)/ Urban Health & Nutrition Day (UHNDs)/ Outreach / Special Outreach,TOTAL,3472,3472,0,33,3439,233,233,NA,NA,233,94,94,NA,NA,94,596,596,0,16,580,300,300,NA,NA,300,213,213,NA,NA,213,130,130,NA,NA,130,283,283,NA,NA,283,129,129,NA,NA,129,688,688,NA,8,680,268,268,NA,1,267,538,538,NA,8,530
M14 [Patient Services],'14.17',Stock out rate of essential Drugs,TOTAL,NA,NA,NA,NA,NA,NA,NA,NA,NA,NA,NA,NA,NA,NA,NA,NA,NA,NA,NA,NA,NA,NA,NA,NA,NA,NA,NA,NA,NA,NA,NA,NA,NA,NA,NA,NA,NA,NA,NA,NA,NA,NA,NA,NA,NA,NA,NA,NA,NA,NA,NA,NA,NA,NA,NA,NA,NA,NA,NA,NA
M14 [Patient Services],'14.18',Blood Units Issued on replacement (Family Donors to be considered as replacement donations),TOTAL,573,464,109,NA,573,NA,NA,NA,NA,NA,NA,NA,NA,NA,NA,109,0,109,NA,109,NA,NA,NA,NA,NA,NA,NA,NA,NA,NA,NA,NA,NA,NA,NA,NA,NA,NA,NA,NA,NA,NA,NA,NA,NA,455,455,0,NA,455,9,9,NA,NA,9,NA,NA,NA,NA,NA
M14 [Patient Services],'14.19',Total number of blood units issued in year,TOTAL,568,530,38,NA,568,NA,NA,NA,NA,NA,NA,NA,NA,NA,NA,38,NA,38,NA,38,NA,NA,NA,NA,NA,NA,NA,NA,NA,NA,NA,NA,NA,NA,NA,NA,NA,NA,NA,NA,NA,NA,NA,NA,NA,513,513,0,NA,513,17,17,NA,NA,17,NA,NA,NA,NA,NA
M14 [Patient Services],'14.20',Patient Satisfaction Score of the facility in percentage (from Mera Aspatal),TOTAL,NA,NA,NA,NA,NA,NA,NA,NA,NA,NA,NA,NA,NA,NA,NA,NA,NA,NA,NA,NA,NA,NA,NA,NA,NA,NA,NA,NA,NA,NA,NA,NA,NA,NA,NA,NA,NA,NA,NA,NA,NA,NA,NA,NA,NA,NA,NA,NA,NA,NA,NA,NA,NA,NA,NA,NA,NA,NA,NA,NA
M15 [Laboratory Testing],'15.1',Number of Lab Tests done,TOTAL,265363,146763,118600,1879,263484,5679,5679,NA,NA,5679,4192,4192,NA,NA,4192,157731,62332,95399,796,156935,2115,2115,NA,NA,2115,19647,12182,7465,NA,19647,2953,2953,NA,NA,2953,4072,4072,NA,NA,4072,1537,1537,NA,NA,1537,41039,25610,15429,225,40814,9935,9935,NA,850,9085,16463,16156,307,8,16455
M15 [Laboratory Testing],'15.2.1',Number of Hb tests conducted,TOTAL,38474,26533,11941,348,38126,634,634,NA,NA,634,1013,1013,NA,NA,1013,17928,9475,8453,275,17653,678,678,NA,NA,678,4978,4117,861,NA,4978,891,891,NA,NA,891,1202,1202,NA,NA,1202,618,618,NA,NA,618,4752,3109,1643,37,4715,3181,2369,812,28,3153,2599,2427,172,8,2591
M15 [Laboratory Testing],'15.2.2',"Out of the total number of Hb tests done, Number having Hb < 7 mg",TOTAL,1088,752,336,10,1078,6,6,NA,NA,6,20,20,NA,NA,20,470,279,191,9,461,3,3,NA,NA,3,78,47,31,NA,78,13,13,NA,NA,13,48,48,NA,NA,48,12,12,NA,NA,12,198,102,96,0,198,140,122,18,0,140,100,100,0,1,99
M15 [Laboratory Testing],'15.3.1.a',Male HIV - Number Tested,TOTAL,3324,2207,1117,12,3312,30,30,NA,NA,30,81,81,NA,NA,81,2348,1450,898,8,2340,9,9,NA,NA,9,107,63,44,NA,107,15,15,NA,NA,15,50,50,NA,NA,50,1,1,NA,NA,1,271,241,30,0,271,361,222,139,4,357,51,45,6,NA,51
M15 [Laboratory Testing],'15.3.1.b',Male HIV - Number Positive,TOTAL,104,84,20,3,101,1,1,NA,NA,1,8,8,NA,NA,8,44,29,15,1,43,0,0,NA,NA,0,2,1,1,NA,2,0,0,NA,NA,0,0,0,NA,NA,0,5,5,NA,NA,5,1,1,0,0,1,42,39,3,2,40,1,0,1,NA,1
M15 [Laboratory Testing],'15.3.2.a',Female Non ANC HIV - Number Tested,TOTAL,3607,2396,1211,15,3592,67,67,NA,NA,67,111,111,NA,NA,111,2358,1360,998,6,2352,32,32,NA,NA,32,92,66,26,NA,92,17,17,NA,NA,17,62,62,NA,NA,62,17,17,NA,NA,17,394,373,21,1,393,372,212,160,8,364,85,79,6,NA,85
M15 [Laboratory Testing],'15.3.2.b',Female Non ANC HIV - Number Positive,TOTAL,59,46,13,1,58,1,1,NA,NA,1,7,7,NA,NA,7,34,25,9,0,34,0,0,NA,NA,0,0,0,0,NA,0,0,0,NA,NA,0,0,0,NA,NA,0,0,0,NA,NA,0,1,1,0,0,1,13,10,3,1,12,3,2,1,NA,3
M15 [Laboratory Testing],'15.3.3.a',Number of pregnant women screened for HIV,TOTAL,8187,7171,1016,146,8041,234,234,NA,NA,234,395,395,NA,NA,395,2440,2139,301,85,2355,291,291,NA,NA,291,588,535,53,NA,588,213,213,NA,NA,213,401,401,NA,NA,401,98,98,NA,NA,98,1285,776,509,16,1269,934,839,95,38,896,1308,1250,58,7,1301
M15 [Laboratory Testing],'15.3.3.b',"Out of the above, number screened positive",TOTAL,30,23,7,1,29,0,0,NA,NA,0,8,8,NA,NA,8,11,10,1,0,11,0,0,NA,NA,0,0,0,0,NA,0,0,0,NA,NA,0,0,0,NA,NA,0,0,0,NA,NA,0,0,0,0,0,0,8,4,4,1,7,3,1,2,0,3
M15 [Laboratory Testing],'15.3.3.c',"Out of the above number screened positive, number confirmed with HIV infection at Integrated Counselling and Testing Centre (ICTC)",TOTAL,35,30,5,1,34,13,13,NA,NA,13,5,5,NA,NA,5,9,8,1,0,9,0,0,NA,NA,0,0,0,0,NA,0,0,0,NA,NA,0,0,0,NA,NA,0,0,0,NA,NA,0,0,0,0,0,0,5,3,2,1,4,3,1,2,NA,3
M15 [Laboratory Testing],'15.3.4.a',Number of Male STI/RTI attendees tested for syphilis,TOTAL,821,553,268,1,820,25,25,NA,NA,25,70,70,NA,NA,70,325,217,108,1,324,16,16,NA,NA,16,65,46,19,NA,65,0,0,NA,NA,0,9,9,NA,NA,9,0,0,NA,NA,0,21,4,17,0,21,211,90,121,0,211,79,76,3,NA,79
M15 [Laboratory Testing],'15.3.4.b',Number of Male STI/RTI attendees found sero Positive for syphilis,TOTAL,52,41,11,0,52,0,0,NA,NA,0,8,8,NA,NA,8,20,17,3,0,20,0,0,NA,NA,0,4,3,1,NA,4,0,0,NA,NA,0,0,0,NA,NA,0,0,0,NA,NA,0,0,0,0,0,0,16,9,7,0,16,4,4,0,NA,4
M15 [Laboratory Testing],'15.3.4.c',Number of Female (Non ANC)STI/RTI attendees tested for syphilis,TOTAL,1530,934,596,5,1525,61,61,NA,NA,61,79,79,NA,NA,79,749,347,402,1,748,0,0,NA,NA,0,54,52,2,NA,54,1,1,NA,NA,1,136,136,NA,NA,136,0,0,NA,NA,0,99,76,23,0,99,266,102,164,4,262,85,80,5,NA,85
M15 [Laboratory Testing],'15.3.4.d',Number of Female (Non ANC) STI/RTI attendees found sero Positive for syphilis,TOTAL,56,46,10,0,56,0,0,NA,NA,0,14,14,NA,NA,14,27,19,8,0,27,0,0,NA,NA,0,3,3,0,NA,3,0,0,NA,NA,0,0,0,NA,NA,0,0,0,NA,NA,0,0,0,0,0,0,12,10,2,0,12,0,0,0,NA,0
M15 [Laboratory Testing],'15.4.1',Widal tests - Number Tested,TOTAL,10343,8526,1817,10,10333,129,129,NA,NA,129,756,756,NA,NA,756,1922,1367,555,5,1917,658,658,NA,NA,658,2035,1820,215,NA,2035,437,437,NA,NA,437,510,510,NA,NA,510,141,141,NA,NA,141,1777,1021,756,5,1772,1325,1084,241,NA,1325,653,603,50,NA,653
M15 [Laboratory Testing],'15.4.2',Widal tests - Number Positive,TOTAL,1774,1553,221,1,1773,5,5,NA,NA,5,193,193,NA,NA,193,376,339,37,1,375,50,50,NA,NA,50,248,203,45,NA,248,10,10,NA,NA,10,6,6,NA,NA,6,27,27,NA,NA,27,61,49,12,0,61,596,470,126,NA,596,202,201,1,NA,202
M15 [Laboratory Testing],'15.5.1',Radiology - X-ray,TOTAL,14220,5768,8452,NA,14220,304,304,NA,NA,304,119,119,NA,NA,119,9852,2718,7134,NA,9852,97,97,NA,NA,97,894,203,691,NA,894,195,195,NA,NA,195,297,297,NA,NA,297,NA,NA,NA,NA,NA,1561,1045,516,NA,1561,557,557,NA,NA,557,344,233,111,NA,344
M15 [Laboratory Testing],'15.5.2',Radiology - Ultrasonography (USG),TOTAL,15475,4613,10862,NA,15475,0,0,NA,NA,0,NA,NA,NA,NA,NA,12973,3706,9267,NA,12973,NA,NA,NA,NA,NA,716,51,665,NA,716,39,39,NA,NA,39,290,290,NA,NA,290,NA,NA,NA,NA,NA,1229,299,930,NA,1229,104,104,NA,NA,104,124,124,NA,NA,124
M16 [Details of deaths reported with probable causes:],'16.1',Infant deaths within 24 hrs(1 to 23 Hrs) of birth,TOTAL,43,37,6,0,43,3,3,NA,NA,3,2,2,NA,NA,2,15,11,4,NA,15,0,0,NA,NA,0,3,3,NA,NA,3,2,2,NA,NA,2,0,0,NA,NA,0,0,0,NA,NA,0,4,4,0,0,4,8,6,2,NA,8,6,6,0,0,6
M16 [Details of deaths reported with probable causes:],'16.2.1',Infant Deaths up to 4 weeks due to Sepsis,TOTAL,16,11,5,0,16,0,0,NA,NA,0,0,0,NA,NA,0,10,6,4,NA,10,0,0,NA,NA,0,0,0,NA,NA,0,1,1,NA,NA,1,0,0,NA,NA,0,0,0,NA,NA,0,2,1,1,0,2,2,2,NA,NA,2,1,1,0,0,1
M16 [Details of deaths reported with probable causes:],'16.2.2',Infant Deaths up to 4 weeks due to Asphyxia,TOTAL,15,9,6,0,15,0,0,NA,NA,0,0,0,NA,NA,0,6,5,1,NA,6,0,0,NA,NA,0,0,0,NA,NA,0,0,0,NA,NA,0,0,0,NA,NA,0,0,0,NA,NA,0,5,0,5,0,5,2,2,NA,NA,2,2,2,0,0,2
M16 [Details of deaths reported with probable causes:],'16.2.3',Infant Deaths up to 4 weeks due to Other causes,TOTAL,49,44,5,0,49,3,3,NA,NA,3,0,0,NA,NA,0,21,18,3,NA,21,4,4,NA,NA,4,3,3,NA,NA,3,3,3,NA,NA,3,1,1,NA,NA,1,2,2,NA,NA,2,2,2,0,0,2,3,1,2,NA,3,7,7,0,0,7
M16 [Details of deaths reported with probable causes:],'16.3.1',Number of Infant Deaths (1 -12 months) due to Pneumonia,TOTAL,16,15,1,0,16,0,0,NA,NA,0,0,0,NA,NA,0,4,3,1,NA,4,1,1,NA,NA,1,2,2,NA,NA,2,0,0,NA,NA,0,6,6,NA,NA,6,0,0,NA,NA,0,2,2,0,0,2,0,0,NA,NA,0,1,1,0,0,1
M16 [Details of deaths reported with probable causes:],'16.3.2',Number of Infant Deaths (1 -12 months) due to Diarrhoea,TOTAL,0,0,0,0,0,0,0,NA,NA,0,0,0,NA,NA,0,0,0,0,NA,0,0,0,NA,NA,0,0,0,NA,NA,0,0,0,NA,NA,0,0,0,NA,NA,0,0,0,NA,NA,0,0,0,0,0,0,0,0,NA,NA,0,0,0,0,0,0
M16 [Details of deaths reported with probable causes:],'16.3.3',Number of Infant Deaths (1 -12 months) due to Fever related,TOTAL,10,9,1,1,9,1,1,NA,NA,1,0,0,NA,NA,0,2,2,0,NA,2,0,0,NA,NA,0,0,0,NA,NA,0,0,0,NA,NA,0,0,0,NA,NA,0,2,2,NA,NA,2,2,2,0,1,1,2,1,1,NA,2,1,1,0,0,1
M16 [Details of deaths reported with probable causes:],'16.3.4',Number of Infant Deaths (1 -12 months) due to Measles,TOTAL,1,1,0,0,1,0,0,NA,NA,0,0,0,NA,NA,0,0,0,0,NA,0,0,0,NA,NA,0,0,0,NA,NA,0,0,0,NA,NA,0,0,0,NA,NA,0,1,1,NA,NA,1,0,0,0,0,0,0,0,NA,NA,0,0,0,0,0,0
M16 [Details of deaths reported with probable causes:],'16.3.5',Number of Infant Deaths (1 -12 months) due to Others,TOTAL,38,31,7,1,37,1,1,NA,NA,1,2,2,NA,NA,2,19,12,7,1,18,0,0,NA,NA,0,3,3,NA,NA,3,0,0,NA,NA,0,1,1,NA,NA,1,3,3,NA,NA,3,2,2,0,0,2,4,4,NA,NA,4,3,3,0,0,3
M16 [Details of deaths reported with probable causes:],'16.4.1',Number of Child Deaths (1 -5 years) due to Pneumonia,TOTAL,9,9,0,0,9,2,2,NA,NA,2,0,0,NA,NA,0,2,2,0,NA,2,0,0,NA,NA,0,0,0,NA,NA,0,0,0,NA,NA,0,4,4,NA,NA,4,0,0,NA,NA,0,1,1,0,0,1,0,0,NA,NA,0,0,0,0,0,0
M16 [Details of deaths reported with probable causes:],'16.4.2',Number of Child Deaths (1 -5 years) due to Diarrhoea,TOTAL,4,4,0,0,4,0,0,NA,NA,0,0,0,NA,NA,0,2,2,0,NA,2,0,0,NA,NA,0,1,1,NA,NA,1,0,0,NA,NA,0,0,0,NA,NA,0,0,0,NA,NA,0,0,0,0,0,0,0,0,NA,NA,0,1,1,0,0,1
M16 [Details of deaths reported with probable causes:],'16.4.3',Number of Child Deaths (1 -5 years) due to Fever related,TOTAL,15,14,1,1,14,0,0,NA,NA,0,0,0,NA,NA,0,2,2,0,NA,2,0,0,NA,NA,0,0,0,NA,NA,0,1,1,NA,NA,1,0,0,NA,NA,0,3,3,NA,NA,3,4,4,0,1,3,3,2,1,NA,3,2,2,0,0,2
M16 [Details of deaths reported with probable causes:],'16.4.4',Number of Child Deaths (1 -5 years) due to Measles,TOTAL,0,0,0,0,0,0,0,NA,NA,0,0,0,NA,NA,0,0,0,0,NA,0,0,0,NA,NA,0,0,0,NA,NA,0,0,0,NA,NA,0,0,0,NA,NA,0,0,0,NA,NA,0,0,0,0,0,0,0,0,NA,NA,0,0,0,0,0,0
M16 [Details of deaths reported with probable causes:],'16.4.5',Number of Child Deaths (1 -5 years) due to Others,TOTAL,51,48,3,1,50,0,0,NA,NA,0,3,3,NA,NA,3,16,13,3,NA,16,4,4,NA,NA,4,2,2,NA,NA,2,2,2,NA,NA,2,2,2,NA,NA,2,0,0,NA,NA,0,6,6,0,1,5,10,10,NA,NA,10,6,6,0,0,6
M16 [Details of deaths reported with probable causes:],'16.5.1',Number of Maternal Deaths due to Bleeding,TOTAL,6,5,1,0,6,0,0,NA,NA,0,0,0,NA,NA,0,1,1,0,NA,1,0,0,NA,NA,0,0,0,NA,NA,0,1,1,NA,NA,1,1,1,NA,NA,1,0,0,NA,NA,0,1,1,0,0,1,1,0,1,NA,1,1,1,0,0,1
M16 [Details of deaths reported with probable causes:],'16.5.2',Number of Maternal Deaths due to High fever,TOTAL,0,0,0,0,0,0,0,NA,NA,0,0,0,NA,NA,0,0,0,0,NA,0,0,0,NA,NA,0,0,0,NA,NA,0,0,0,NA,NA,0,0,0,NA,NA,0,0,0,NA,NA,0,0,0,0,0,0,0,0,NA,NA,0,0,0,0,0,0
M16 [Details of deaths reported with probable causes:],'16.5.3',Number of Maternal Deaths due to Abortion,TOTAL,0,0,0,0,0,0,0,NA,NA,0,0,0,NA,NA,0,0,0,0,NA,0,0,0,NA,NA,0,0,0,NA,NA,0,0,0,NA,NA,0,0,0,NA,NA,0,0,0,NA,NA,0,0,0,0,0,0,0,0,NA,NA,0,0,0,0,0,0
M16 [Details of deaths reported with probable causes:],'16.5.4',Number of Maternal Deaths due to Obstructed/prolonged labour,TOTAL,0,0,0,0,0,0,0,NA,NA,0,0,0,NA,NA,0,0,0,0,NA,0,0,0,NA,NA,0,0,0,NA,NA,0,0,0,NA,NA,0,0,0,NA,NA,0,0,0,NA,NA,0,0,0,0,0,0,0,0,NA,NA,0,0,0,0,0,0
M16 [Details of deaths reported with probable causes:],'16.5.5',Number of Maternal Deaths due to Severe hypertesnion/fits,TOTAL,0,0,0,0,0,0,0,NA,NA,0,0,0,NA,NA,0,0,0,0,NA,0,0,0,NA,NA,0,0,0,NA,NA,0,0,0,NA,NA,0,0,0,NA,NA,0,0,0,NA,NA,0,0,0,0,0,0,0,0,NA,NA,0,0,0,0,0,0
M16 [Details of deaths reported with probable causes:],'16.5.6',Number of Maternal Deaths due to Other Causes (including causes not known),TOTAL,7,4,3,0,7,0,0,NA,NA,0,0,0,NA,NA,0,3,1,2,NA,3,0,0,NA,NA,0,0,0,NA,NA,0,0,0,NA,NA,0,0,0,NA,NA,0,0,0,NA,NA,0,4,3,1,0,4,0,0,NA,NA,0,0,0,0,0,0
M16 [Details of deaths reported with probable causes:],'16.6',Total Facility Based Maternal Death Reviews (FBMDR) done,TOTAL,2,2,0,NA,2,0,0,NA,NA,0,0,0,NA,NA,0,1,1,0,NA,1,0,0,NA,NA,0,0,0,NA,NA,0,0,0,NA,NA,0,0,0,NA,NA,0,0,0,NA,NA,0,0,0,0,NA,0,0,0,NA,NA,0,1,1,0,NA,1
M16 [Details of deaths reported with probable causes:],'16.7.1',Number of Adolscent / Adult deaths due to Diarrhoeal diseases,TOTAL,4,4,0,0,4,0,0,NA,NA,0,0,0,NA,NA,0,1,1,0,NA,1,0,0,NA,NA,0,1,1,NA,NA,1,0,0,NA,NA,0,1,1,NA,NA,1,0,0,NA,NA,0,1,1,0,0,1,0,0,NA,NA,0,0,0,0,0,0
M16 [Details of deaths reported with probable causes:],'16.7.2',Number of Adolscent / Adult deaths due to Tuberculosis,TOTAL,27,23,4,1,26,0,0,NA,NA,0,0,0,NA,NA,0,19,15,4,1,18,4,4,NA,NA,4,0,0,NA,NA,0,0,0,NA,NA,0,0,0,NA,NA,0,0,0,NA,NA,0,1,1,0,0,1,3,3,NA,NA,3,0,0,0,0,0
M16 [Details of deaths reported with probable causes:],'16.7.3',Number of Adolscent / Adult deaths due to Respiratory diseases including infections (other than TB),TOTAL,33,30,3,0,33,1,1,NA,NA,1,0,0,NA,NA,0,12,10,2,NA,12,1,1,NA,NA,1,0,0,NA,NA,0,3,3,NA,NA,3,5,5,NA,NA,5,0,0,NA,NA,0,9,8,1,0,9,0,0,NA,NA,0,2,2,0,0,2
M16 [Details of deaths reported with probable causes:],'16.7.4',Number of Adolscent / Adult deaths due to Other Fever Related,TOTAL,59,53,6,1,58,7,7,NA,NA,7,0,0,NA,NA,0,4,2,2,NA,4,6,6,NA,NA,6,0,0,NA,NA,0,8,8,NA,NA,8,5,5,NA,NA,5,3,3,NA,NA,3,19,19,0,1,18,5,1,4,NA,5,2,2,0,0,2
M16 [Details of deaths reported with probable causes:],'16.7.5',Number of Adolscent / Adult deaths due to HIV/AIDS,TOTAL,3,2,1,0,3,0,0,NA,NA,0,0,0,NA,NA,0,3,2,1,NA,3,0,0,NA,NA,0,0,0,NA,NA,0,0,0,NA,NA,0,0,0,NA,NA,0,0,0,NA,NA,0,0,0,0,0,0,0,0,NA,NA,0,0,0,0,0,0
M16 [Details of deaths reported with probable causes:],'16.7.6',Number of Adolscent / Adult deaths due to Heart disease/Hypertension related,TOTAL,70,58,12,3,67,3,3,NA,NA,3,0,0,NA,NA,0,22,14,8,2,20,8,8,NA,NA,8,1,1,NA,NA,1,2,2,NA,NA,2,4,4,NA,NA,4,1,1,NA,NA,1,18,15,3,1,17,6,5,1,NA,6,5,5,0,0,5
M16 [Details of deaths reported with probable causes:],'16.7.7',Number of Adolscent / Adult deaths due to Cancer,TOTAL,97,87,10,3,94,0,0,NA,NA,0,2,2,NA,NA,2,63,54,9,1,62,3,3,NA,NA,3,5,5,NA,NA,5,0,0,NA,NA,0,3,3,NA,NA,3,0,0,NA,NA,0,9,8,1,1,8,8,8,NA,1,7,4,4,0,0,4
M16 [Details of deaths reported with probable causes:],'16.7.8',Number of Adolscent / Adult deaths due to Neurological disease including strokes,TOTAL,66,59,7,5,61,2,2,NA,NA,2,3,3,NA,NA,3,20,15,5,3,17,2,2,NA,NA,2,0,0,NA,NA,0,0,0,NA,NA,0,8,8,NA,NA,8,1,1,NA,NA,1,18,16,2,2,16,7,7,NA,NA,7,5,5,0,0,5
M16 [Details of deaths reported with probable causes:],'16.7.9',Number of Adolscent / Adult deaths due to Accidents/Burn cases,TOTAL,38,38,0,1,37,3,3,NA,NA,3,3,3,NA,NA,3,9,9,0,NA,9,2,2,NA,NA,2,3,3,NA,NA,3,0,0,NA,NA,0,2,2,NA,NA,2,1,1,NA,NA,1,4,4,0,1,3,7,7,NA,NA,7,4,4,0,0,4
M16 [Details of deaths reported with probable causes:],'16.7.10',Number of Adolscent / Adult deaths due to Suicide,TOTAL,17,17,0,2,15,2,2,NA,NA,2,1,1,NA,NA,1,2,2,0,1,1,2,2,NA,NA,2,1,1,NA,NA,1,0,0,NA,NA,0,1,1,NA,NA,1,0,0,NA,NA,0,3,3,0,1,2,3,3,NA,NA,3,2,2,0,0,2
M16 [Details of deaths reported with probable causes:],'16.7.11',Number of Adolscent / Adult deaths due to Animal bites and stings,TOTAL,0,0,0,0,0,0,0,NA,NA,0,0,0,NA,NA,0,0,0,0,NA,0,0,0,NA,NA,0,0,0,NA,NA,0,0,0,NA,NA,0,0,0,NA,NA,0,0,0,NA,NA,0,0,0,0,0,0,0,0,NA,NA,0,0,0,0,0,0
M16 [Details of deaths reported with probable causes:],'16.7.12',Number of Adolscent / Adult deaths due to Known Acute Disease,TOTAL,58,34,24,0,58,1,1,NA,NA,1,0,0,NA,NA,0,37,14,23,NA,37,1,1,NA,NA,1,2,2,NA,NA,2,0,0,NA,NA,0,5,5,NA,NA,5,0,0,NA,NA,0,10,9,1,0,10,0,0,NA,NA,0,2,2,0,0,2
M16 [Details of deaths reported with probable causes:],'16.7.13',Number of Adolscent / Adult deaths due to Known Chronic Disease,TOTAL,165,157,8,6,159,3,3,NA,NA,3,8,8,NA,NA,8,50,44,6,4,46,5,5,NA,NA,5,10,10,NA,NA,10,3,3,NA,NA,3,18,18,NA,NA,18,3,3,NA,NA,3,35,33,2,0,35,22,22,NA,2,20,8,8,0,0,8
M16 [Details of deaths reported with probable causes:],'16.7.14',Number of Adolscent / Adult deaths due to Causes not known,TOTAL,388,384,4,32,356,18,18,NA,NA,18,9,9,NA,NA,9,175,171,4,24,151,11,11,NA,NA,11,23,23,NA,NA,23,22,22,NA,NA,22,34,34,NA,NA,34,6,6,NA,NA,6,52,52,0,5,47,33,33,NA,3,30,5,5,0,0,5
M16 [Details of deaths reported with probable causes:],'16.8.1',Number of Deaths due to Malaria- Plasmodium Vivax,TOTAL,1,1,0,0,1,1,1,NA,NA,1,0,0,NA,NA,0,0,0,0,NA,0,0,0,NA,NA,0,0,0,NA,NA,0,0,0,NA,NA,0,0,0,NA,NA,0,0,0,NA,NA,0,0,0,0,0,0,0,0,NA,NA,0,0,0,0,0,0
M16 [Details of deaths reported with probable causes:],'16.8.2',Number of Deaths due to Malaria- Plasmodium Falciparum,TOTAL,1,1,0,0,1,0,0,NA,NA,0,0,0,NA,NA,0,0,0,0,NA,0,0,0,NA,NA,0,0,0,NA,NA,0,0,0,NA,NA,0,0,0,NA,NA,0,0,0,NA,NA,0,1,1,0,0,1,0,0,NA,NA,0,0,0,0,0,0
M16 [Details of deaths reported with probable causes:],'16.8.3',Number of Deaths due to Kala Azar,TOTAL,0,0,0,0,0,0,0,NA,NA,0,0,0,NA,NA,0,0,0,0,NA,0,0,0,NA,NA,0,0,0,NA,NA,0,0,0,NA,NA,0,0,0,NA,NA,0,0,0,NA,NA,0,0,0,0,0,0,0,0,NA,NA,0,0,0,0,0,0
M16 [Details of deaths reported with probable causes:],'16.8.4',Number of Deaths due to Dengue,TOTAL,0,0,0,0,0,0,0,NA,NA,0,0,0,NA,NA,0,0,0,0,NA,0,0,0,NA,NA,0,0,0,NA,NA,0,0,0,NA,NA,0,0,0,NA,NA,0,0,0,NA,NA,0,0,0,0,0,0,0,0,NA,NA,0,0,0,0,0,0
M16 [Details of deaths reported with probable causes:],'16.8.5',Number of Deaths due to Acute Encephelitis Syndrome (AES),TOTAL,2,2,0,0,2,0,0,NA,NA,0,0,0,NA,NA,0,2,2,0,NA,2,0,0,NA,NA,0,0,0,NA,NA,0,0,0,NA,NA,0,0,0,NA,NA,0,0,0,NA,NA,0,0,0,0,0,0,0,0,NA,NA,0,0,0,0,0,0
M16 [Details of deaths reported with probable causes:],'16.8.6',Number of Deaths due to Japanese Encephalitis (JE),TOTAL,1,0,1,0,1,0,0,NA,NA,0,0,0,NA,NA,0,1,0,1,NA,1,0,0,NA,NA,0,0,0,NA,NA,0,0,0,NA,NA,0,0,0,NA,NA,0,0,0,NA,NA,0,0,0,0,0,0,0,0,NA,NA,0,0,0,0,0,0
M17 [Vaccines],'17.1',Vaccine - DPT,1. Balance From Previous Month,9673,NA,NA,NA,NA,147,NA,NA,NA,NA,157,NA,NA,NA,NA,2020,NA,NA,NA,NA,NA,NA,NA,NA,NA,242,NA,NA,NA,NA,980,NA,NA,NA,NA,282,NA,NA,NA,NA,NA,NA,NA,NA,NA,638,NA,NA,NA,NA,257,NA,NA,NA,NA,4950,NA,NA,NA,NA
M17 [Vaccines],17.1',Vaccine - DPT,2. Stocks Received,2090,NA,NA,NA,NA,250,NA,NA,NA,NA,NA,NA,NA,NA,NA,1500,NA,NA,NA,NA,NA,NA,NA,NA,NA,150,NA,NA,NA,NA,0,NA,NA,NA,NA,0,NA,NA,NA,NA,90,NA,NA,NA,NA,100,NA,NA,NA,NA,0,NA,NA,NA,NA,0,NA,NA,NA,NA
M17 [Vaccines],17.1',Vaccine - DPT,3. Unusable Stock,1662,NA,NA,NA,NA,0,NA,NA,NA,NA,0,NA,NA,NA,NA,NA,NA,NA,NA,NA,NA,NA,NA,NA,NA,0,NA,NA,NA,NA,NA,NA,NA,NA,NA,0,NA,NA,NA,NA,NA,NA,NA,NA,NA,0,NA,NA,NA,NA,0,NA,NA,NA,NA,1662,NA,NA,NA,NA
M17 [Vaccines],17.1',Vaccine - DPT,4. Stock Distributed,4387,NA,NA,NA,NA,69,NA,NA,NA,NA,52,NA,NA,NA,NA,2510,NA,NA,NA,NA,NA,NA,NA,NA,NA,79,NA,NA,NA,NA,240,NA,NA,NA,NA,41,NA,NA,NA,NA,90,NA,NA,NA,NA,94,NA,NA,NA,NA,122,NA,NA,NA,NA,1090,NA,NA,NA,NA
M17 [Vaccines],17.1',Vaccine - DPT,5. Total Stock,5714,NA,NA,NA,NA,328,NA,NA,NA,NA,105,NA,NA,NA,NA,1010,NA,NA,NA,NA,NA,NA,NA,NA,NA,313,NA,NA,NA,NA,740,NA,NA,NA,NA,241,NA,NA,NA,NA,0,NA,NA,NA,NA,644,NA,NA,NA,NA,135,NA,NA,NA,NA,2198,NA,NA,NA,NA
M17 [Vaccines],'17.2',Vaccine - Pentavalent,1. Balance From Previous Month,10985,NA,NA,NA,NA,77,NA,NA,NA,NA,235,NA,NA,NA,NA,660,NA,NA,NA,NA,NA,NA,NA,NA,NA,315,NA,NA,NA,NA,1970,NA,NA,NA,NA,296,NA,NA,NA,NA,NA,NA,NA,NA,NA,608,NA,NA,NA,NA,744,NA,NA,NA,NA,6080,NA,NA,NA,NA
M17 [Vaccines],17.2',Vaccine - Pentavalent,2. Stocks Received,4601,NA,NA,NA,NA,504,NA,NA,NA,NA,NA,NA,NA,NA,NA,3360,NA,NA,NA,NA,NA,NA,NA,NA,NA,240,NA,NA,NA,NA,0,NA,NA,NA,NA,0,NA,NA,NA,NA,113,NA,NA,NA,NA,384,NA,NA,NA,NA,0,NA,NA,NA,NA,0,NA,NA,NA,NA
M17 [Vaccines],17.2',Vaccine - Pentavalent,3. Unusable Stock,2580,NA,NA,NA,NA,0,NA,NA,NA,NA,NA,NA,NA,NA,NA,NA,NA,NA,NA,NA,NA,NA,NA,NA,NA,0,NA,NA,NA,NA,NA,NA,NA,NA,NA,0,NA,NA,NA,NA,NA,NA,NA,NA,NA,0,NA,NA,NA,NA,0,NA,NA,NA,NA,2580,NA,NA,NA,NA
M17 [Vaccines],17.2',Vaccine - Pentavalent,4. Stock Distributed,8909,NA,NA,NA,NA,205,NA,NA,NA,NA,105,NA,NA,NA,NA,3630,NA,NA,NA,NA,NA,NA,NA,NA,NA,181,NA,NA,NA,NA,1140,NA,NA,NA,NA,111,NA,NA,NA,NA,113,NA,NA,NA,NA,282,NA,NA,NA,NA,232,NA,NA,NA,NA,2910,NA,NA,NA,NA
M17 [Vaccines],17.2',Vaccine - Pentavalent,5. Total Stock,4097,NA,NA,NA,NA,376,NA,NA,NA,NA,130,NA,NA,NA,NA,390,NA,NA,NA,NA,NA,NA,NA,NA,NA,374,NA,NA,NA,NA,830,NA,NA,NA,NA,185,NA,NA,NA,NA,0,NA,NA,NA,NA,710,NA,NA,NA,NA,512,NA,NA,NA,NA,590,NA,NA,NA,NA
M17 [Vaccines],'17.3',Vaccine - OPV,1. Balance From Previous Month,22239,NA,NA,NA,NA,747,NA,NA,NA,NA,276,NA,NA,NA,NA,1020,NA,NA,NA,NA,NA,NA,NA,NA,NA,331,NA,NA,NA,NA,4740,NA,NA,NA,NA,413,NA,NA,NA,NA,NA,NA,NA,NA,NA,475,NA,NA,NA,NA,557,NA,NA,NA,NA,13680,NA,NA,NA,NA
M17 [Vaccines],17.3',Vaccine - OPV,2. Stocks Received,5043,NA,NA,NA,NA,500,NA,NA,NA,NA,NA,NA,NA,NA,NA,4000,NA,NA,NA,NA,NA,NA,NA,NA,NA,200,NA,NA,NA,NA,0,NA,NA,NA,NA,0,NA,NA,NA,NA,93,NA,NA,NA,NA,250,NA,NA,NA,NA,0,NA,NA,NA,NA,0,NA,NA,NA,NA
M17 [Vaccines],17.3',Vaccine - OPV,3. Unusable Stock,4060,NA,NA,NA,NA,0,NA,NA,NA,NA,NA,NA,NA,NA,NA,NA,NA,NA,NA,NA,NA,NA,NA,NA,NA,0,NA,NA,NA,NA,NA,NA,NA,NA,NA,0,NA,NA,NA,NA,NA,NA,NA,NA,NA,0,NA,NA,NA,NA,0,NA,NA,NA,NA,4060,NA,NA,NA,NA
M17 [Vaccines],17.3',Vaccine - OPV,4. Stock Distributed,12111,NA,NA,NA,NA,500,NA,NA,NA,NA,81,NA,NA,NA,NA,4360,NA,NA,NA,NA,NA,NA,NA,NA,NA,174,NA,NA,NA,NA,1900,NA,NA,NA,NA,108,NA,NA,NA,NA,93,NA,NA,NA,NA,220,NA,NA,NA,NA,195,NA,NA,NA,NA,4480,NA,NA,NA,NA
M17 [Vaccines],17.3',Vaccine - OPV,5. Total Stock,11111,NA,NA,NA,NA,747,NA,NA,NA,NA,195,NA,NA,NA,NA,660,NA,NA,NA,NA,NA,NA,NA,NA,NA,357,NA,NA,NA,NA,2840,NA,NA,NA,NA,305,NA,NA,NA,NA,0,NA,NA,NA,NA,505,NA,NA,NA,NA,362,NA,NA,NA,NA,5140,NA,NA,NA,NA
M17 [Vaccines],'17.4',Vaccine - TT,1. Balance From Previous Month,769,NA,NA,NA,NA,0,NA,NA,NA,NA,350,NA,NA,NA,NA,0,NA,NA,NA,NA,NA,NA,NA,NA,NA,0,NA,NA,NA,NA,0,NA,NA,NA,NA,419,NA,NA,NA,NA,NA,NA,NA,NA,NA,0,NA,NA,NA,NA,0,NA,NA,NA,NA,NA,NA,NA,NA,NA
M17 [Vaccines],17.4',Vaccine - TT,2. Stocks Received,4500,NA,NA,NA,NA,500,NA,NA,NA,NA,NA,NA,NA,NA,NA,4000,NA,NA,NA,NA,NA,NA,NA,NA,NA,0,NA,NA,NA,NA,0,NA,NA,NA,NA,0,NA,NA,NA,NA,NA,NA,NA,NA,NA,0,NA,NA,NA,NA,0,NA,NA,NA,NA,NA,NA,NA,NA,NA
M17 [Vaccines],17.4',Vaccine - TT,3. Unusable Stock,0,NA,NA,NA,NA,0,NA,NA,NA,NA,NA,NA,NA,NA,NA,NA,NA,NA,NA,NA,NA,NA,NA,NA,NA,0,NA,NA,NA,NA,NA,NA,NA,NA,NA,0,NA,NA,NA,NA,NA,NA,NA,NA,NA,0,NA,NA,NA,NA,0,NA,NA,NA,NA,NA,NA,NA,NA,NA
M17 [Vaccines],17.4',Vaccine - TT,4. Stock Distributed,4353,NA,NA,NA,NA,152,NA,NA,NA,NA,74,NA,NA,NA,NA,4000,NA,NA,NA,NA,NA,NA,NA,NA,NA,0,NA,NA,NA,NA,0,NA,NA,NA,NA,127,NA,NA,NA,NA,NA,NA,NA,NA,NA,0,NA,NA,NA,NA,0,NA,NA,NA,NA,NA,NA,NA,NA,NA
M17 [Vaccines],17.4',Vaccine - TT,5. Total Stock,916,NA,NA,NA,NA,348,NA,NA,NA,NA,276,NA,NA,NA,NA,0,NA,NA,NA,NA,NA,NA,NA,NA,NA,0,NA,NA,NA,NA,0,NA,NA,NA,NA,292,NA,NA,NA,NA,0,NA,NA,NA,NA,0,NA,NA,NA,NA,0,NA,NA,NA,NA,0,NA,NA,NA,NA
M17 [Vaccines],'17.5',Vaccine - DT,1. Balance From Previous Month,704,NA,NA,NA,NA,0,NA,NA,NA,NA,0,NA,NA,NA,NA,0,NA,NA,NA,NA,NA,NA,NA,NA,NA,322,NA,NA,NA,NA,0,NA,NA,NA,NA,NA,NA,NA,NA,NA,NA,NA,NA,NA,NA,0,NA,NA,NA,NA,382,NA,NA,NA,NA,NA,NA,NA,NA,NA
M17 [Vaccines],17.5',Vaccine - DT,2. Stocks Received,438,NA,NA,NA,NA,0,NA,NA,NA,NA,NA,NA,NA,NA,NA,0,NA,NA,NA,NA,NA,NA,NA,NA,NA,300,NA,NA,NA,NA,0,NA,NA,NA,NA,NA,NA,NA,NA,NA,138,NA,NA,NA,NA,0,NA,NA,NA,NA,0,NA,NA,NA,NA,NA,NA,NA,NA,NA
M17 [Vaccines],17.5',Vaccine - DT,3. Unusable Stock,0,NA,NA,NA,NA,0,NA,NA,NA,NA,NA,NA,NA,NA,NA,NA,NA,NA,NA,NA,NA,NA,NA,NA,NA,0,NA,NA,NA,NA,NA,NA,NA,NA,NA,NA,NA,NA,NA,NA,NA,NA,NA,NA,NA,0,NA,NA,NA,NA,0,NA,NA,NA,NA,NA,NA,NA,NA,NA
M17 [Vaccines],17.5',Vaccine - DT,4. Stock Distributed,591,NA,NA,NA,NA,0,NA,NA,NA,NA,0,NA,NA,NA,NA,0,NA,NA,NA,NA,NA,NA,NA,NA,NA,258,NA,NA,NA,NA,0,NA,NA,NA,NA,NA,NA,NA,NA,NA,138,NA,NA,NA,NA,0,NA,NA,NA,NA,195,NA,NA,NA,NA,NA,NA,NA,NA,NA
M17 [Vaccines],17.5',Vaccine - DT,5. Total Stock,551,NA,NA,NA,NA,0,NA,NA,NA,NA,0,NA,NA,NA,NA,0,NA,NA,NA,NA,NA,NA,NA,NA,NA,364,NA,NA,NA,NA,0,NA,NA,NA,NA,0,NA,NA,NA,NA,0,NA,NA,NA,NA,0,NA,NA,NA,NA,187,NA,NA,NA,NA,0,NA,NA,NA,NA
M17 [Vaccines],'17.6',Vaccine - BCG,1. Balance From Previous Month,11451,NA,NA,NA,NA,172,NA,NA,NA,NA,250,NA,NA,NA,NA,2250,NA,NA,NA,NA,NA,NA,NA,NA,NA,290,NA,NA,NA,NA,1810,NA,NA,NA,NA,344,NA,NA,NA,NA,NA,NA,NA,NA,NA,578,NA,NA,NA,NA,357,NA,NA,NA,NA,5400,NA,NA,NA,NA
M17 [Vaccines],17.6',Vaccine - BCG,2. Stocks Received,3071,NA,NA,NA,NA,500,NA,NA,NA,NA,NA,NA,NA,NA,NA,2000,NA,NA,NA,NA,NA,NA,NA,NA,NA,200,NA,NA,NA,NA,0,NA,NA,NA,NA,0,NA,NA,NA,NA,71,NA,NA,NA,NA,300,NA,NA,NA,NA,0,NA,NA,NA,NA,0,NA,NA,NA,NA
M17 [Vaccines],17.6',Vaccine - BCG,3. Unusable Stock,2060,NA,NA,NA,NA,0,NA,NA,NA,NA,NA,NA,NA,NA,NA,NA,NA,NA,NA,NA,NA,NA,NA,NA,NA,0,NA,NA,NA,NA,NA,NA,NA,NA,NA,0,NA,NA,NA,NA,NA,NA,NA,NA,NA,0,NA,NA,NA,NA,0,NA,NA,NA,NA,2060,NA,NA,NA,NA
M17 [Vaccines],17.6',Vaccine - BCG,4. Stock Distributed,5766,NA,NA,NA,NA,175,NA,NA,NA,NA,53,NA,NA,NA,NA,2560,NA,NA,NA,NA,NA,NA,NA,NA,NA,129,NA,NA,NA,NA,570,NA,NA,NA,NA,138,NA,NA,NA,NA,71,NA,NA,NA,NA,188,NA,NA,NA,NA,162,NA,NA,NA,NA,1720,NA,NA,NA,NA
M17 [Vaccines],17.6',Vaccine - BCG,5. Total Stock,6696,NA,NA,NA,NA,497,NA,NA,NA,NA,197,NA,NA,NA,NA,1690,NA,NA,NA,NA,NA,NA,NA,NA,NA,361,NA,NA,NA,NA,1240,NA,NA,NA,NA,206,NA,NA,NA,NA,0,NA,NA,NA,NA,690,NA,NA,NA,NA,195,NA,NA,NA,NA,1620,NA,NA,NA,NA
M17 [Vaccines],'17.7',Vaccine - Measles,1. Balance From Previous Month,1600,NA,NA,NA,NA,475,NA,NA,NA,NA,50,NA,NA,NA,NA,0,NA,NA,NA,NA,NA,NA,NA,NA,NA,170,NA,NA,NA,NA,365,NA,NA,NA,NA,100,NA,NA,NA,NA,NA,NA,NA,NA,NA,0,NA,NA,NA,NA,100,NA,NA,NA,NA,340,NA,NA,NA,NA
M17 [Vaccines],17.7',Vaccine - Measles,2. Stocks Received,600,NA,NA,NA,NA,100,NA,NA,NA,NA,NA,NA,NA,NA,NA,500,NA,NA,NA,NA,NA,NA,NA,NA,NA,0,NA,NA,NA,NA,0,NA,NA,NA,NA,0,NA,NA,NA,NA,NA,NA,NA,NA,NA,0,NA,NA,NA,NA,0,NA,NA,NA,NA,0,NA,NA,NA,NA
M17 [Vaccines],17.7',Vaccine - Measles,3. Unusable Stock,0,NA,NA,NA,NA,0,NA,NA,NA,NA,NA,NA,NA,NA,NA,NA,NA,NA,NA,NA,NA,NA,NA,NA,NA,0,NA,NA,NA,NA,NA,NA,NA,NA,NA,0,NA,NA,NA,NA,NA,NA,NA,NA,NA,0,NA,NA,NA,NA,0,NA,NA,NA,NA,0,NA,NA,NA,NA
M17 [Vaccines],17.7',Vaccine - Measles,4. Stock Distributed,1154,NA,NA,NA,NA,88,NA,NA,NA,NA,0,NA,NA,NA,NA,435,NA,NA,NA,NA,NA,NA,NA,NA,NA,170,NA,NA,NA,NA,0,NA,NA,NA,NA,86,NA,NA,NA,NA,NA,NA,NA,NA,NA,0,NA,NA,NA,NA,35,NA,NA,NA,NA,340,NA,NA,NA,NA
M17 [Vaccines],17.7',Vaccine - Measles,5. Total Stock,1046,NA,NA,NA,NA,487,NA,NA,NA,NA,50,NA,NA,NA,NA,65,NA,NA,NA,NA,NA,NA,NA,NA,NA,0,NA,NA,NA,NA,365,NA,NA,NA,NA,14,NA,NA,NA,NA,0,NA,NA,NA,NA,0,NA,NA,NA,NA,65,NA,NA,NA,NA,0,NA,NA,NA,NA
M17 [Vaccines],'17.8',Vaccine - JE,1. Balance From Previous Month,5958,NA,NA,NA,NA,0,NA,NA,NA,NA,425,NA,NA,NA,NA,445,NA,NA,NA,NA,NA,NA,NA,NA,NA,197,NA,NA,NA,NA,0,NA,NA,NA,NA,NA,NA,NA,NA,NA,NA,NA,NA,NA,NA,0,NA,NA,NA,NA,651,NA,NA,NA,NA,4240,NA,NA,NA,NA
M17 [Vaccines],17.8',Vaccine - JE,2. Stocks Received,3518,NA,NA,NA,NA,0,NA,NA,NA,NA,NA,NA,NA,NA,NA,3000,NA,NA,NA,NA,NA,NA,NA,NA,NA,350,NA,NA,NA,NA,0,NA,NA,NA,NA,NA,NA,NA,NA,NA,168,NA,NA,NA,NA,0,NA,NA,NA,NA,0,NA,NA,NA,NA,0,NA,NA,NA,NA
M17 [Vaccines],17.8',Vaccine - JE,3. Unusable Stock,1375,NA,NA,NA,NA,0,NA,NA,NA,NA,NA,NA,NA,NA,NA,NA,NA,NA,NA,NA,NA,NA,NA,NA,NA,0,NA,NA,NA,NA,NA,NA,NA,NA,NA,NA,NA,NA,NA,NA,NA,NA,NA,NA,NA,0,NA,NA,NA,NA,0,NA,NA,NA,NA,1375,NA,NA,NA,NA
M17 [Vaccines],17.8',Vaccine - JE,4. Stock Distributed,5972,NA,NA,NA,NA,0,NA,NA,NA,NA,235,NA,NA,NA,NA,3445,NA,NA,NA,NA,NA,NA,NA,NA,NA,283,NA,NA,NA,NA,0,NA,NA,NA,NA,NA,NA,NA,NA,NA,168,NA,NA,NA,NA,0,NA,NA,NA,NA,461,NA,NA,NA,NA,1380,NA,NA,NA,NA
M17 [Vaccines],17.8',Vaccine - JE,5. Total Stock,2129,NA,NA,NA,NA,0,NA,NA,NA,NA,190,NA,NA,NA,NA,0,NA,NA,NA,NA,NA,NA,NA,NA,NA,264,NA,NA,NA,NA,0,NA,NA,NA,NA,0,NA,NA,NA,NA,0,NA,NA,NA,NA,0,NA,NA,NA,NA,190,NA,NA,NA,NA,1485,NA,NA,NA,NA
M17 [Vaccines],'17.9',Vaccine - Hepatitis B,1. Balance From Previous Month,5153,NA,NA,NA,NA,114,NA,NA,NA,NA,79,NA,NA,NA,NA,1290,NA,NA,NA,NA,NA,NA,NA,NA,NA,54,NA,NA,NA,NA,580,NA,NA,NA,NA,132,NA,NA,NA,NA,NA,NA,NA,NA,NA,213,NA,NA,NA,NA,291,NA,NA,NA,NA,2400,NA,NA,NA,NA
M17 [Vaccines],17.9',Vaccine - Hepatitis B,2. Stocks Received,1870,NA,NA,NA,NA,300,NA,NA,NA,NA,NA,NA,NA,NA,NA,1200,NA,NA,NA,NA,NA,NA,NA,NA,NA,150,NA,NA,NA,NA,0,NA,NA,NA,NA,0,NA,NA,NA,NA,20,NA,NA,NA,NA,200,NA,NA,NA,NA,0,NA,NA,NA,NA,0,NA,NA,NA,NA
M17 [Vaccines],17.9',Vaccine - Hepatitis B,3. Unusable Stock,768,NA,NA,NA,NA,0,NA,NA,NA,NA,NA,NA,NA,NA,NA,NA,NA,NA,NA,NA,NA,NA,NA,NA,NA,0,NA,NA,NA,NA,NA,NA,NA,NA,NA,0,NA,NA,NA,NA,NA,NA,NA,NA,NA,118,NA,NA,NA,NA,0,NA,NA,NA,NA,650,NA,NA,NA,NA
M17 [Vaccines],17.9',Vaccine - Hepatitis B,4. Stock Distributed,2763,NA,NA,NA,NA,16,NA,NA,NA,NA,6,NA,NA,NA,NA,1970,NA,NA,NA,NA,NA,NA,NA,NA,NA,20,NA,NA,NA,NA,60,NA,NA,NA,NA,11,NA,NA,NA,NA,20,NA,NA,NA,NA,70,NA,NA,NA,NA,60,NA,NA,NA,NA,530,NA,NA,NA,NA
M17 [Vaccines],17.9',Vaccine - Hepatitis B,5. Total Stock,3492,NA,NA,NA,NA,398,NA,NA,NA,NA,73,NA,NA,NA,NA,520,NA,NA,NA,NA,NA,NA,NA,NA,NA,184,NA,NA,NA,NA,520,NA,NA,NA,NA,121,NA,NA,NA,NA,NA,NA,NA,NA,NA,225,NA,NA,NA,NA,231,NA,NA,NA,NA,1220,NA,NA,NA,NA
M17 [Vaccines],'17.10',Vaccine - Typhoid,1. Balance From Previous Month,0,NA,NA,NA,NA,0,NA,NA,NA,NA,0,NA,NA,NA,NA,0,NA,NA,NA,NA,NA,NA,NA,NA,NA,0,NA,NA,NA,NA,NA,NA,NA,NA,NA,NA,NA,NA,NA,NA,NA,NA,NA,NA,NA,0,NA,NA,NA,NA,0,NA,NA,NA,NA,NA,NA,NA,NA,NA
M17 [Vaccines],17.10',Vaccine - Typhoid,2. Stocks Received,0,NA,NA,NA,NA,0,NA,NA,NA,NA,NA,NA,NA,NA,NA,0,NA,NA,NA,NA,NA,NA,NA,NA,NA,0,NA,NA,NA,NA,NA,NA,NA,NA,NA,NA,NA,NA,NA,NA,NA,NA,NA,NA,NA,0,NA,NA,NA,NA,0,NA,NA,NA,NA,NA,NA,NA,NA,NA
M17 [Vaccines],17.10',Vaccine - Typhoid,3. Unusable Stock,0,NA,NA,NA,NA,0,NA,NA,NA,NA,NA,NA,NA,NA,NA,NA,NA,NA,NA,NA,NA,NA,NA,NA,NA,0,NA,NA,NA,NA,NA,NA,NA,NA,NA,NA,NA,NA,NA,NA,NA,NA,NA,NA,NA,0,NA,NA,NA,NA,0,NA,NA,NA,NA,NA,NA,NA,NA,NA
M17 [Vaccines],17.10',Vaccine - Typhoid,4. Stock Distributed,0,NA,NA,NA,NA,0,NA,NA,NA,NA,0,NA,NA,NA,NA,0,NA,NA,NA,NA,NA,NA,NA,NA,NA,0,NA,NA,NA,NA,NA,NA,NA,NA,NA,NA,NA,NA,NA,NA,NA,NA,NA,NA,NA,0,NA,NA,NA,NA,0,NA,NA,NA,NA,NA,NA,NA,NA,NA
M17 [Vaccines],17.10',Vaccine - Typhoid,5. Total Stock,0,NA,NA,NA,NA,0,NA,NA,NA,NA,0,NA,NA,NA,NA,0,NA,NA,NA,NA,NA,NA,NA,NA,NA,0,NA,NA,NA,NA,NA,NA,NA,NA,NA,NA,NA,NA,NA,NA,NA,NA,NA,NA,NA,0,NA,NA,NA,NA,0,NA,NA,NA,NA,NA,NA,NA,NA,NA
M17 [Vaccines],'17.11',Vaccine - Vitamin K,1. Balance From Previous Month,101,NA,NA,NA,NA,0,NA,NA,NA,NA,0,NA,NA,NA,NA,101,NA,NA,NA,NA,NA,NA,NA,NA,NA,0,NA,NA,NA,NA,NA,NA,NA,NA,NA,NA,NA,NA,NA,NA,NA,NA,NA,NA,NA,0,NA,NA,NA,NA,0,NA,NA,NA,NA,NA,NA,NA,NA,NA
M17 [Vaccines],17.11',Vaccine - Vitamin K,2. Stocks Received,1100,NA,NA,NA,NA,0,NA,NA,NA,NA,NA,NA,NA,NA,NA,1100,NA,NA,NA,NA,NA,NA,NA,NA,NA,0,NA,NA,NA,NA,NA,NA,NA,NA,NA,NA,NA,NA,NA,NA,NA,NA,NA,NA,NA,0,NA,NA,NA,NA,0,NA,NA,NA,NA,NA,NA,NA,NA,NA
M17 [Vaccines],17.11',Vaccine - Vitamin K,3. Unusable Stock,0,NA,NA,NA,NA,0,NA,NA,NA,NA,NA,NA,NA,NA,NA,NA,NA,NA,NA,NA,NA,NA,NA,NA,NA,0,NA,NA,NA,NA,NA,NA,NA,NA,NA,NA,NA,NA,NA,NA,NA,NA,NA,NA,NA,0,NA,NA,NA,NA,0,NA,NA,NA,NA,NA,NA,NA,NA,NA
M17 [Vaccines],17.11',Vaccine - Vitamin K,4. Stock Distributed,1110,NA,NA,NA,NA,0,NA,NA,NA,NA,0,NA,NA,NA,NA,1110,NA,NA,NA,NA,NA,NA,NA,NA,NA,0,NA,NA,NA,NA,NA,NA,NA,NA,NA,NA,NA,NA,NA,NA,NA,NA,NA,NA,NA,0,NA,NA,NA,NA,0,NA,NA,NA,NA,NA,NA,NA,NA,NA
M17 [Vaccines],17.11',Vaccine - Vitamin K,5. Total Stock,91,NA,NA,NA,NA,0,NA,NA,NA,NA,0,NA,NA,NA,NA,91,NA,NA,NA,NA,NA,NA,NA,NA,NA,0,NA,NA,NA,NA,NA,NA,NA,NA,NA,NA,NA,NA,NA,NA,NA,NA,NA,NA,NA,0,NA,NA,NA,NA,0,NA,NA,NA,NA,NA,NA,NA,NA,NA
M17 [Vaccines],'17.12',Rotavirus,1. Balance From Previous Month,1,NA,NA,NA,NA,0,NA,NA,NA,NA,0,NA,NA,NA,NA,NA,NA,NA,NA,NA,NA,NA,NA,NA,NA,0,NA,NA,NA,NA,NA,NA,NA,NA,NA,NA,NA,NA,NA,NA,NA,NA,NA,NA,NA,1,NA,NA,NA,NA,0,NA,NA,NA,NA,NA,NA,NA,NA,NA
M17 [Vaccines],17.12',Rotavirus,2. Stocks Received,588,NA,NA,NA,NA,0,NA,NA,NA,NA,NA,NA,NA,NA,NA,NA,NA,NA,NA,NA,NA,NA,NA,NA,NA,0,NA,NA,NA,NA,NA,NA,NA,NA,NA,NA,NA,NA,NA,NA,88,NA,NA,NA,NA,500,NA,NA,NA,NA,0,NA,NA,NA,NA,NA,NA,NA,NA,NA
M17 [Vaccines],17.12',Rotavirus,3. Unusable Stock,0,NA,NA,NA,NA,0,NA,NA,NA,NA,NA,NA,NA,NA,NA,NA,NA,NA,NA,NA,NA,NA,NA,NA,NA,0,NA,NA,NA,NA,NA,NA,NA,NA,NA,NA,NA,NA,NA,NA,NA,NA,NA,NA,NA,0,NA,NA,NA,NA,0,NA,NA,NA,NA,NA,NA,NA,NA,NA
M17 [Vaccines],17.12',Rotavirus,4. Stock Distributed,88,NA,NA,NA,NA,0,NA,NA,NA,NA,0,NA,NA,NA,NA,NA,NA,NA,NA,NA,NA,NA,NA,NA,NA,0,NA,NA,NA,NA,NA,NA,NA,NA,NA,NA,NA,NA,NA,NA,88,NA,NA,NA,NA,0,NA,NA,NA,NA,0,NA,NA,NA,NA,NA,NA,NA,NA,NA
M17 [Vaccines],17.12',Rotavirus,5. Total Stock,501,NA,NA,NA,NA,0,NA,NA,NA,NA,0,NA,NA,NA,NA,NA,NA,NA,NA,NA,NA,NA,NA,NA,NA,0,NA,NA,NA,NA,NA,NA,NA,NA,NA,NA,NA,NA,NA,NA,NA,NA,NA,NA,NA,501,NA,NA,NA,NA,0,NA,NA,NA,NA,NA,NA,NA,NA,NA
M17 [Vaccines],'17.13',Inactivated Polio Vaccine,1. Balance From Previous Month,7260,NA,NA,NA,NA,9,NA,NA,NA,NA,124,NA,NA,NA,NA,280,NA,NA,NA,NA,NA,NA,NA,NA,NA,108,NA,NA,NA,NA,615,NA,NA,NA,NA,134,NA,NA,NA,NA,NA,NA,NA,NA,NA,194,NA,NA,NA,NA,371,NA,NA,NA,NA,5425,NA,NA,NA,NA
M17 [Vaccines],17.13',Inactivated Polio Vaccine,2. Stocks Received,1337,NA,NA,NA,NA,250,NA,NA,NA,NA,NA,NA,NA,NA,NA,750,NA,NA,NA,NA,NA,NA,NA,NA,NA,150,NA,NA,NA,NA,0,NA,NA,NA,NA,0,NA,NA,NA,NA,87,NA,NA,NA,NA,100,NA,NA,NA,NA,0,NA,NA,NA,NA,0,NA,NA,NA,NA
M17 [Vaccines],17.13',Inactivated Polio Vaccine,3. Unusable Stock,2725,NA,NA,NA,NA,0,NA,NA,NA,NA,NA,NA,NA,NA,NA,NA,NA,NA,NA,NA,NA,NA,NA,NA,NA,0,NA,NA,NA,NA,NA,NA,NA,NA,NA,0,NA,NA,NA,NA,NA,NA,NA,NA,NA,0,NA,NA,NA,NA,0,NA,NA,NA,NA,2725,NA,NA,NA,NA
M17 [Vaccines],17.13',Inactivated Polio Vaccine,4. Stock Distributed,3893,NA,NA,NA,NA,77,NA,NA,NA,NA,36,NA,NA,NA,NA,900,NA,NA,NA,NA,NA,NA,NA,NA,NA,71,NA,NA,NA,NA,200,NA,NA,NA,NA,40,NA,NA,NA,NA,87,NA,NA,NA,NA,87,NA,NA,NA,NA,95,NA,NA,NA,NA,2300,NA,NA,NA,NA
M17 [Vaccines],17.13',Inactivated Polio Vaccine,5. Total Stock,1979,NA,NA,NA,NA,182,NA,NA,NA,NA,88,NA,NA,NA,NA,130,NA,NA,NA,NA,NA,NA,NA,NA,NA,187,NA,NA,NA,NA,415,NA,NA,NA,NA,94,NA,NA,NA,NA,NA,NA,NA,NA,NA,207,NA,NA,NA,NA,276,NA,NA,NA,NA,400,NA,NA,NA,NA
M17 [Vaccines],'17.14',Measles Rubella (MR),1. Balance From Previous Month,4654,NA,NA,NA,NA,2,NA,NA,NA,NA,122,NA,NA,NA,NA,1370,NA,NA,NA,NA,NA,NA,NA,NA,NA,130,NA,NA,NA,NA,610,NA,NA,NA,NA,177,NA,NA,NA,NA,NA,NA,NA,NA,NA,396,NA,NA,NA,NA,327,NA,NA,NA,NA,1520,NA,NA,NA,NA
M17 [Vaccines],17.14',Measles Rubella (MR),2. Stocks Received,1807,NA,NA,NA,NA,100,NA,NA,NA,NA,NA,NA,NA,NA,NA,1000,NA,NA,NA,NA,NA,NA,NA,NA,NA,400,NA,NA,NA,NA,0,NA,NA,NA,NA,0,NA,NA,NA,NA,57,NA,NA,NA,NA,250,NA,NA,NA,NA,0,NA,NA,NA,NA,0,NA,NA,NA,NA
M17 [Vaccines],17.14',Measles Rubella (MR),3. Unusable Stock,820,NA,NA,NA,NA,0,NA,NA,NA,NA,NA,NA,NA,NA,NA,NA,NA,NA,NA,NA,NA,NA,NA,NA,NA,0,NA,NA,NA,NA,NA,NA,NA,NA,NA,0,NA,NA,NA,NA,NA,NA,NA,NA,NA,0,NA,NA,NA,NA,0,NA,NA,NA,NA,820,NA,NA,NA,NA
M17 [Vaccines],17.14',Measles Rubella (MR),4. Stock Distributed,4172,NA,NA,NA,NA,58,NA,NA,NA,NA,77,NA,NA,NA,NA,2340,NA,NA,NA,NA,NA,NA,NA,NA,NA,190,NA,NA,NA,NA,450,NA,NA,NA,NA,35,NA,NA,NA,NA,57,NA,NA,NA,NA,166,NA,NA,NA,NA,99,NA,NA,NA,NA,700,NA,NA,NA,NA
M17 [Vaccines],17.14',Measles Rubella (MR),5. Total Stock,1469,NA,NA,NA,NA,44,NA,NA,NA,NA,45,NA,NA,NA,NA,30,NA,NA,NA,NA,NA,NA,NA,NA,NA,340,NA,NA,NA,NA,160,NA,NA,NA,NA,142,NA,NA,NA,NA,NA,NA,NA,NA,NA,480,NA,NA,NA,NA,228,NA,NA,NA,NA,0,NA,NA,NA,NA
M18 [Family Planning],'18.1',IUD 380 A,1. Balance From Previous Month,472,NA,NA,NA,NA,0,NA,NA,NA,NA,NA,NA,NA,NA,NA,95,NA,NA,NA,NA,NA,NA,NA,NA,NA,15,NA,NA,NA,NA,7,NA,NA,NA,NA,180,NA,NA,NA,NA,NA,NA,NA,NA,NA,5,NA,NA,NA,NA,170,NA,NA,NA,NA,NA,NA,NA,NA,NA
M18 [Family Planning],18.1',IUD 380 A,2. Stocks Received,1559,NA,NA,NA,NA,150,NA,NA,NA,NA,NA,NA,NA,NA,NA,600,NA,NA,NA,NA,NA,NA,NA,NA,NA,209,NA,NA,NA,NA,0,NA,NA,NA,NA,0,NA,NA,NA,NA,NA,NA,NA,NA,NA,500,NA,NA,NA,NA,100,NA,NA,NA,NA,NA,NA,NA,NA,NA
M18 [Family Planning],18.1',IUD 380 A,3. Unusable Stock,0,NA,NA,NA,NA,0,NA,NA,NA,NA,0,NA,NA,NA,NA,NA,NA,NA,NA,NA,NA,NA,NA,NA,NA,0,NA,NA,NA,NA,0,NA,NA,NA,NA,0,NA,NA,NA,NA,NA,NA,NA,NA,NA,0,NA,NA,NA,NA,0,NA,NA,NA,NA,NA,NA,NA,NA,NA
M18 [Family Planning],18.1',IUD 380 A,4. Stock Distributed,961,NA,NA,NA,NA,150,NA,NA,NA,NA,NA,NA,NA,NA,NA,400,NA,NA,NA,NA,NA,NA,NA,NA,NA,100,NA,NA,NA,NA,0,NA,NA,NA,NA,0,NA,NA,NA,NA,NA,NA,NA,NA,NA,141,NA,NA,NA,NA,170,NA,NA,NA,NA,NA,NA,NA,NA,NA
M18 [Family Planning],18.1',IUD 380 A,5. Total Stock,1070,NA,NA,NA,NA,0,NA,NA,NA,NA,0,NA,NA,NA,NA,295,NA,NA,NA,NA,NA,NA,NA,NA,NA,124,NA,NA,NA,NA,7,NA,NA,NA,NA,180,NA,NA,NA,NA,0,NA,NA,NA,NA,364,NA,NA,NA,NA,100,NA,NA,NA,NA,0,NA,NA,NA,NA
M18 [Family Planning],'18.2',IUD 375 A,1. Balance From Previous Month,2710,NA,NA,NA,NA,0,NA,NA,NA,NA,NA,NA,NA,NA,NA,112,NA,NA,NA,NA,NA,NA,NA,NA,NA,1373,NA,NA,NA,NA,NA,NA,NA,NA,NA,1225,NA,NA,NA,NA,NA,NA,NA,NA,NA,0,NA,NA,NA,NA,0,NA,NA,NA,NA,NA,NA,NA,NA,NA
M18 [Family Planning],18.2',IUD 375 A,2. Stocks Received,100,NA,NA,NA,NA,0,NA,NA,NA,NA,NA,NA,NA,NA,NA,0,NA,NA,NA,NA,NA,NA,NA,NA,NA,0,NA,NA,NA,NA,NA,NA,NA,NA,NA,0,NA,NA,NA,NA,NA,NA,NA,NA,NA,0,NA,NA,NA,NA,100,NA,NA,NA,NA,NA,NA,NA,NA,NA
M18 [Family Planning],18.2',IUD 375 A,3. Unusable Stock,0,NA,NA,NA,NA,0,NA,NA,NA,NA,0,NA,NA,NA,NA,NA,NA,NA,NA,NA,NA,NA,NA,NA,NA,0,NA,NA,NA,NA,NA,NA,NA,NA,NA,0,NA,NA,NA,NA,NA,NA,NA,NA,NA,0,NA,NA,NA,NA,0,NA,NA,NA,NA,NA,NA,NA,NA,NA
M18 [Family Planning],18.2',IUD 375 A,4. Stock Distributed,437,NA,NA,NA,NA,0,NA,NA,NA,NA,NA,NA,NA,NA,NA,112,NA,NA,NA,NA,NA,NA,NA,NA,NA,305,NA,NA,NA,NA,NA,NA,NA,NA,NA,0,NA,NA,NA,NA,NA,NA,NA,NA,NA,0,NA,NA,NA,NA,20,NA,NA,NA,NA,NA,NA,NA,NA,NA
M18 [Family Planning],18.2',IUD 375 A,5. Total Stock,2373,NA,NA,NA,NA,0,NA,NA,NA,NA,0,NA,NA,NA,NA,0,NA,NA,NA,NA,NA,NA,NA,NA,NA,1068,NA,NA,NA,NA,0,NA,NA,NA,NA,1225,NA,NA,NA,NA,0,NA,NA,NA,NA,0,NA,NA,NA,NA,80,NA,NA,NA,NA,0,NA,NA,NA,NA
M18 [Family Planning],'18.3',Condoms,1. Balance From Previous Month,44185,NA,NA,NA,NA,0,NA,NA,NA,NA,NA,NA,NA,NA,NA,22480,NA,NA,NA,NA,NA,NA,NA,NA,NA,2380,NA,NA,NA,NA,4554,NA,NA,NA,NA,9546,NA,NA,NA,NA,NA,NA,NA,NA,NA,1265,NA,NA,NA,NA,3960,NA,NA,NA,NA,NA,NA,NA,NA,NA
M18 [Family Planning],18.3',Condoms,2. Stocks Received,42228,NA,NA,NA,NA,3998,NA,NA,NA,NA,NA,NA,NA,NA,NA,3670,NA,NA,NA,NA,NA,NA,NA,NA,NA,12960,NA,NA,NA,NA,0,NA,NA,NA,NA,0,NA,NA,NA,NA,NA,NA,NA,NA,NA,21600,NA,NA,NA,NA,0,NA,NA,NA,NA,NA,NA,NA,NA,NA
M18 [Family Planning],18.3',Condoms,3. Unusable Stock,0,NA,NA,NA,NA,0,NA,NA,NA,NA,NA,NA,NA,NA,NA,NA,NA,NA,NA,NA,NA,NA,NA,NA,NA,0,NA,NA,NA,NA,0,NA,NA,NA,NA,0,NA,NA,NA,NA,NA,NA,NA,NA,NA,0,NA,NA,NA,NA,0,NA,NA,NA,NA,NA,NA,NA,NA,NA
M18 [Family Planning],18.3',Condoms,4. Stock Distributed,32249,NA,NA,NA,NA,3839,NA,NA,NA,NA,NA,NA,NA,NA,NA,2950,NA,NA,NA,NA,NA,NA,NA,NA,NA,9140,NA,NA,NA,NA,1920,NA,NA,NA,NA,360,NA,NA,NA,NA,NA,NA,NA,NA,NA,10080,NA,NA,NA,NA,3960,NA,NA,NA,NA,NA,NA,NA,NA,NA
M18 [Family Planning],18.3',Condoms,5. Total Stock,54164,NA,NA,NA,NA,159,NA,NA,NA,NA,0,NA,NA,NA,NA,23200,NA,NA,NA,NA,NA,NA,NA,NA,NA,6200,NA,NA,NA,NA,2634,NA,NA,NA,NA,9186,NA,NA,NA,NA,0,NA,NA,NA,NA,12785,NA,NA,NA,NA,0,NA,NA,NA,NA,0,NA,NA,NA,NA
M18 [Family Planning],'18.4',Oral Contraceptive,1. Balance From Previous Month,10738,NA,NA,NA,NA,0,NA,NA,NA,NA,NA,NA,NA,NA,NA,900,NA,NA,NA,NA,NA,NA,NA,NA,NA,3200,NA,NA,NA,NA,1762,NA,NA,NA,NA,1976,NA,NA,NA,NA,NA,NA,NA,NA,NA,0,NA,NA,NA,NA,2900,NA,NA,NA,NA,NA,NA,NA,NA,NA
M18 [Family Planning],18.4',Oral Contraceptive,2. Stocks Received,19700,NA,NA,NA,NA,10000,NA,NA,NA,NA,NA,NA,NA,NA,NA,4000,NA,NA,NA,NA,NA,NA,NA,NA,NA,600,NA,NA,NA,NA,NA,NA,NA,NA,NA,0,NA,NA,NA,NA,NA,NA,NA,NA,NA,3100,NA,NA,NA,NA,2000,NA,NA,NA,NA,NA,NA,NA,NA,NA
M18 [Family Planning],18.4',Oral Contraceptive,3. Unusable Stock,0,NA,NA,NA,NA,0,NA,NA,NA,NA,0,NA,NA,NA,NA,NA,NA,NA,NA,NA,NA,NA,NA,NA,NA,0,NA,NA,NA,NA,0,NA,NA,NA,NA,0,NA,NA,NA,NA,NA,NA,NA,NA,NA,0,NA,NA,NA,NA,0,NA,NA,NA,NA,NA,NA,NA,NA,NA
M18 [Family Planning],18.4',Oral Contraceptive,4. Stock Distributed,12600,NA,NA,NA,NA,5600,NA,NA,NA,NA,NA,NA,NA,NA,NA,300,NA,NA,NA,NA,NA,NA,NA,NA,NA,2200,NA,NA,NA,NA,0,NA,NA,NA,NA,0,NA,NA,NA,NA,NA,NA,NA,NA,NA,2400,NA,NA,NA,NA,2100,NA,NA,NA,NA,NA,NA,NA,NA,NA
M18 [Family Planning],18.4',Oral Contraceptive,5. Total Stock,17838,NA,NA,NA,NA,4400,NA,NA,NA,NA,0,NA,NA,NA,NA,4600,NA,NA,NA,NA,NA,NA,NA,NA,NA,1600,NA,NA,NA,NA,1762,NA,NA,NA,NA,1976,NA,NA,NA,NA,0,NA,NA,NA,NA,700,NA,NA,NA,NA,2800,NA,NA,NA,NA,0,NA,NA,NA,NA
M18 [Family Planning],'18.5',Emergency Contraceptive Pills,1. Balance From Previous Month,4402,NA,NA,NA,NA,0,NA,NA,NA,NA,NA,NA,NA,NA,NA,0,NA,NA,NA,NA,NA,NA,NA,NA,NA,1490,NA,NA,NA,NA,1950,NA,NA,NA,NA,562,NA,NA,NA,NA,NA,NA,NA,NA,NA,0,NA,NA,NA,NA,400,NA,NA,NA,NA,NA,NA,NA,NA,NA
M18 [Family Planning],18.5',Emergency Contraceptive Pills,2. Stocks Received,3200,NA,NA,NA,NA,200,NA,NA,NA,NA,0,NA,NA,NA,NA,0,NA,NA,NA,NA,NA,NA,NA,NA,NA,500,NA,NA,NA,NA,0,NA,NA,NA,NA,0,NA,NA,NA,NA,NA,NA,NA,NA,NA,2500,NA,NA,NA,NA,0,NA,NA,NA,NA,NA,NA,NA,NA,NA
M18 [Family Planning],18.5',Emergency Contraceptive Pills,3. Unusable Stock,0,NA,NA,NA,NA,0,NA,NA,NA,NA,0,NA,NA,NA,NA,NA,NA,NA,NA,NA,NA,NA,NA,NA,NA,0,NA,NA,NA,NA,0,NA,NA,NA,NA,0,NA,NA,NA,NA,NA,NA,NA,NA,NA,0,NA,NA,NA,NA,0,NA,NA,NA,NA,NA,NA,NA,NA,NA
M18 [Family Planning],18.5',Emergency Contraceptive Pills,4. Stock Distributed,2200,NA,NA,NA,NA,200,NA,NA,NA,NA,NA,NA,NA,NA,NA,0,NA,NA,NA,NA,NA,NA,NA,NA,NA,650,NA,NA,NA,NA,0,NA,NA,NA,NA,300,NA,NA,NA,NA,NA,NA,NA,NA,NA,950,NA,NA,NA,NA,100,NA,NA,NA,NA,NA,NA,NA,NA,NA
M18 [Family Planning],18.5',Emergency Contraceptive Pills,5. Total Stock,5402,NA,NA,NA,NA,0,NA,NA,NA,NA,0,NA,NA,NA,NA,0,NA,NA,NA,NA,NA,NA,NA,NA,NA,1340,NA,NA,NA,NA,1950,NA,NA,NA,NA,262,NA,NA,NA,NA,0,NA,NA,NA,NA,1550,NA,NA,NA,NA,300,NA,NA,NA,NA,0,NA,NA,NA,NA
M18 [Family Planning],'18.6',Centchroman weekly pills,1. Balance From Previous Month,439,NA,NA,NA,NA,0,NA,NA,NA,NA,NA,NA,NA,NA,NA,0,NA,NA,NA,NA,NA,NA,NA,NA,NA,0,NA,NA,NA,NA,439,NA,NA,NA,NA,0,NA,NA,NA,NA,NA,NA,NA,NA,NA,0,NA,NA,NA,NA,0,NA,NA,NA,NA,NA,NA,NA,NA,NA
M18 [Family Planning],18.6',Centchroman weekly pills,2. Stocks Received,0,NA,NA,NA,NA,0,NA,NA,NA,NA,0,NA,NA,NA,NA,0,NA,NA,NA,NA,NA,NA,NA,NA,NA,0,NA,NA,NA,NA,0,NA,NA,NA,NA,0,NA,NA,NA,NA,NA,NA,NA,NA,NA,0,NA,NA,NA,NA,0,NA,NA,NA,NA,NA,NA,NA,NA,NA
M18 [Family Planning],18.6',Centchroman weekly pills,3. Unusable Stock,0,NA,NA,NA,NA,0,NA,NA,NA,NA,0,NA,NA,NA,NA,NA,NA,NA,NA,NA,NA,NA,NA,NA,NA,0,NA,NA,NA,NA,0,NA,NA,NA,NA,0,NA,NA,NA,NA,NA,NA,NA,NA,NA,0,NA,NA,NA,NA,0,NA,NA,NA,NA,NA,NA,NA,NA,NA
M18 [Family Planning],18.6',Centchroman weekly pills,4. Stock Distributed,0,NA,NA,NA,NA,0,NA,NA,NA,NA,NA,NA,NA,NA,NA,0,NA,NA,NA,NA,NA,NA,NA,NA,NA,0,NA,NA,NA,NA,0,NA,NA,NA,NA,0,NA,NA,NA,NA,NA,NA,NA,NA,NA,0,NA,NA,NA,NA,0,NA,NA,NA,NA,NA,NA,NA,NA,NA
M18 [Family Planning],18.6',Centchroman weekly pills,5. Total Stock,439,NA,NA,NA,NA,0,NA,NA,NA,NA,0,NA,NA,NA,NA,0,NA,NA,NA,NA,NA,NA,NA,NA,NA,0,NA,NA,NA,NA,439,NA,NA,NA,NA,0,NA,NA,NA,NA,NA,NA,NA,NA,NA,0,NA,NA,NA,NA,0,NA,NA,NA,NA,NA,NA,NA,NA,NA
M18 [Family Planning],'18.7',Injectable Contraceptive MPA (Vials),1. Balance From Previous Month,1973,NA,NA,NA,NA,308,NA,NA,NA,NA,NA,NA,NA,NA,NA,469,NA,NA,NA,NA,NA,NA,NA,NA,NA,0,NA,NA,NA,NA,336,NA,NA,NA,NA,380,NA,NA,NA,NA,NA,NA,NA,NA,NA,0,NA,NA,NA,NA,480,NA,NA,NA,NA,NA,NA,NA,NA,NA
M18 [Family Planning],18.7',Injectable Contraceptive MPA (Vials),2. Stocks Received,880,NA,NA,NA,NA,0,NA,NA,NA,NA,0,NA,NA,NA,NA,0,NA,NA,NA,NA,NA,NA,NA,NA,NA,0,NA,NA,NA,NA,NA,NA,NA,NA,NA,0,NA,NA,NA,NA,400,NA,NA,NA,NA,0,NA,NA,NA,NA,480,NA,NA,NA,NA,NA,NA,NA,NA,NA
M18 [Family Planning],18.7',Injectable Contraceptive MPA (Vials),3. Unusable Stock,0,NA,NA,NA,NA,0,NA,NA,NA,NA,0,NA,NA,NA,NA,NA,NA,NA,NA,NA,NA,NA,NA,NA,NA,0,NA,NA,NA,NA,0,NA,NA,NA,NA,0,NA,NA,NA,NA,NA,NA,NA,NA,NA,0,NA,NA,NA,NA,0,NA,NA,NA,NA,NA,NA,NA,NA,NA
M18 [Family Planning],18.7',Injectable Contraceptive MPA (Vials),4. Stock Distributed,1645,NA,NA,NA,NA,298,NA,NA,NA,NA,NA,NA,NA,NA,NA,271,NA,NA,NA,NA,NA,NA,NA,NA,NA,0,NA,NA,NA,NA,128,NA,NA,NA,NA,300,NA,NA,NA,NA,400,NA,NA,NA,NA,0,NA,NA,NA,NA,248,NA,NA,NA,NA,NA,NA,NA,NA,NA
M18 [Family Planning],18.7',Injectable Contraceptive MPA (Vials),5. Total Stock,1208,NA,NA,NA,NA,10,NA,NA,NA,NA,0,NA,NA,NA,NA,198,NA,NA,NA,NA,NA,NA,NA,NA,NA,0,NA,NA,NA,NA,208,NA,NA,NA,NA,80,NA,NA,NA,NA,0,NA,NA,NA,NA,0,NA,NA,NA,NA,712,NA,NA,NA,NA,NA,NA,NA,NA,NA
M18 [Family Planning],'18.8',Tubal rings,1. Balance From Previous Month,0,NA,NA,NA,NA,0,NA,NA,NA,NA,NA,NA,NA,NA,NA,0,NA,NA,NA,NA,NA,NA,NA,NA,NA,0,NA,NA,NA,NA,NA,NA,NA,NA,NA,NA,NA,NA,NA,NA,NA,NA,NA,NA,NA,0,NA,NA,NA,NA,0,NA,NA,NA,NA,NA,NA,NA,NA,NA
M18 [Family Planning],18.8',Tubal rings,2. Stocks Received,0,NA,NA,NA,NA,0,NA,NA,NA,NA,NA,NA,NA,NA,NA,0,NA,NA,NA,NA,NA,NA,NA,NA,NA,0,NA,NA,NA,NA,NA,NA,NA,NA,NA,NA,NA,NA,NA,NA,NA,NA,NA,NA,NA,0,NA,NA,NA,NA,0,NA,NA,NA,NA,NA,NA,NA,NA,NA
M18 [Family Planning],18.8',Tubal rings,3. Unusable Stock,0,NA,NA,NA,NA,0,NA,NA,NA,NA,NA,NA,NA,NA,NA,NA,NA,NA,NA,NA,NA,NA,NA,NA,NA,0,NA,NA,NA,NA,NA,NA,NA,NA,NA,NA,NA,NA,NA,NA,NA,NA,NA,NA,NA,0,NA,NA,NA,NA,0,NA,NA,NA,NA,NA,NA,NA,NA,NA
M18 [Family Planning],18.8',Tubal rings,4. Stock Distributed,0,NA,NA,NA,NA,0,NA,NA,NA,NA,NA,NA,NA,NA,NA,0,NA,NA,NA,NA,NA,NA,NA,NA,NA,0,NA,NA,NA,NA,NA,NA,NA,NA,NA,NA,NA,NA,NA,NA,NA,NA,NA,NA,NA,0,NA,NA,NA,NA,0,NA,NA,NA,NA,NA,NA,NA,NA,NA
M18 [Family Planning],18.8',Tubal rings,5. Total Stock,0,NA,NA,NA,NA,0,NA,NA,NA,NA,NA,NA,NA,NA,NA,0,NA,NA,NA,NA,NA,NA,NA,NA,NA,0,NA,NA,NA,NA,NA,NA,NA,NA,NA,NA,NA,NA,NA,NA,NA,NA,NA,NA,NA,0,NA,NA,NA,NA,0,NA,NA,NA,NA,NA,NA,NA,NA,NA
M18 [Family Planning],'18.9',Pregnancy testing Kits (Nischay Kits),1. Balance From Previous Month,11670,NA,NA,NA,NA,2240,NA,NA,NA,NA,NA,NA,NA,NA,NA,2258,NA,NA,NA,NA,NA,NA,NA,NA,NA,400,NA,NA,NA,NA,1380,NA,NA,NA,NA,482,NA,NA,NA,NA,NA,NA,NA,NA,NA,2910,NA,NA,NA,NA,2000,NA,NA,NA,NA,NA,NA,NA,NA,NA
M18 [Family Planning],18.9',Pregnancy testing Kits (Nischay Kits),2. Stocks Received,16000,NA,NA,NA,NA,0,NA,NA,NA,NA,0,NA,NA,NA,NA,5000,NA,NA,NA,NA,NA,NA,NA,NA,NA,2000,NA,NA,NA,NA,0,NA,NA,NA,NA,0,NA,NA,NA,NA,NA,NA,NA,NA,NA,5000,NA,NA,NA,NA,4000,NA,NA,NA,NA,NA,NA,NA,NA,NA
M18 [Family Planning],18.9',Pregnancy testing Kits (Nischay Kits),3. Unusable Stock,0,NA,NA,NA,NA,0,NA,NA,NA,NA,0,NA,NA,NA,NA,NA,NA,NA,NA,NA,NA,NA,NA,NA,NA,0,NA,NA,NA,NA,0,NA,NA,NA,NA,0,NA,NA,NA,NA,NA,NA,NA,NA,NA,0,NA,NA,NA,NA,0,NA,NA,NA,NA,NA,NA,NA,NA,NA
M18 [Family Planning],18.9',Pregnancy testing Kits (Nischay Kits),4. Stock Distributed,10060,NA,NA,NA,NA,1390,NA,NA,NA,NA,NA,NA,NA,NA,NA,1570,NA,NA,NA,NA,NA,NA,NA,NA,NA,1850,NA,NA,NA,NA,0,NA,NA,NA,NA,150,NA,NA,NA,NA,NA,NA,NA,NA,NA,2200,NA,NA,NA,NA,2900,NA,NA,NA,NA,NA,NA,NA,NA,NA
M18 [Family Planning],18.9',Pregnancy testing Kits (Nischay Kits),5. Total Stock,17610,NA,NA,NA,NA,850,NA,NA,NA,NA,0,NA,NA,NA,NA,5688,NA,NA,NA,NA,NA,NA,NA,NA,NA,550,NA,NA,NA,NA,1380,NA,NA,NA,NA,332,NA,NA,NA,NA,NA,NA,NA,NA,NA,5710,NA,NA,NA,NA,3100,NA,NA,NA,NA,NA,NA,NA,NA,NA
M19 [Other Items],'19.1',Gloves,1. Balance From Previous Month,30600,NA,NA,NA,NA,0,NA,NA,NA,NA,NA,NA,NA,NA,NA,30600,NA,NA,NA,NA,NA,NA,NA,NA,NA,0,NA,NA,NA,NA,NA,NA,NA,NA,NA,NA,NA,NA,NA,NA,NA,NA,NA,NA,NA,0,NA,NA,NA,NA,0,NA,NA,NA,NA,NA,NA,NA,NA,NA
M19 [Other Items],19.1',Gloves,2. Stocks Received,20200,NA,NA,NA,NA,0,NA,NA,NA,NA,NA,NA,NA,NA,NA,20200,NA,NA,NA,NA,NA,NA,NA,NA,NA,0,NA,NA,NA,NA,NA,NA,NA,NA,NA,NA,NA,NA,NA,NA,NA,NA,NA,NA,NA,0,NA,NA,NA,NA,0,NA,NA,NA,NA,NA,NA,NA,NA,NA
M19 [Other Items],19.1',Gloves,3. Unusable Stock,0,NA,NA,NA,NA,0,NA,NA,NA,NA,NA,NA,NA,NA,NA,NA,NA,NA,NA,NA,NA,NA,NA,NA,NA,0,NA,NA,NA,NA,NA,NA,NA,NA,NA,NA,NA,NA,NA,NA,NA,NA,NA,NA,NA,0,NA,NA,NA,NA,0,NA,NA,NA,NA,NA,NA,NA,NA,NA
M19 [Other Items],19.1',Gloves,4. Stock Distributed,30800,NA,NA,NA,NA,0,NA,NA,NA,NA,NA,NA,NA,NA,NA,30800,NA,NA,NA,NA,NA,NA,NA,NA,NA,0,NA,NA,NA,NA,NA,NA,NA,NA,NA,NA,NA,NA,NA,NA,NA,NA,NA,NA,NA,0,NA,NA,NA,NA,0,NA,NA,NA,NA,NA,NA,NA,NA,NA
M19 [Other Items],19.1',Gloves,5. Total Stock,20000,NA,NA,NA,NA,0,NA,NA,NA,NA,0,NA,NA,NA,NA,20000,NA,NA,NA,NA,NA,NA,NA,NA,NA,0,NA,NA,NA,NA,0,NA,NA,NA,NA,0,NA,NA,NA,NA,0,NA,NA,NA,NA,0,NA,NA,NA,NA,0,NA,NA,NA,NA,0,NA,NA,NA,NA
M19 [Other Items],'19.2',MVA Syringes,1. Balance From Previous Month,0,NA,NA,NA,NA,0,NA,NA,NA,NA,NA,NA,NA,NA,NA,NA,NA,NA,NA,NA,NA,NA,NA,NA,NA,0,NA,NA,NA,NA,NA,NA,NA,NA,NA,NA,NA,NA,NA,NA,NA,NA,NA,NA,NA,0,NA,NA,NA,NA,0,NA,NA,NA,NA,NA,NA,NA,NA,NA
M19 [Other Items],19.2',MVA Syringes,2. Stocks Received,0,NA,NA,NA,NA,0,NA,NA,NA,NA,NA,NA,NA,NA,NA,NA,NA,NA,NA,NA,NA,NA,NA,NA,NA,0,NA,NA,NA,NA,NA,NA,NA,NA,NA,NA,NA,NA,NA,NA,NA,NA,NA,NA,NA,0,NA,NA,NA,NA,0,NA,NA,NA,NA,NA,NA,NA,NA,NA
M19 [Other Items],19.2',MVA Syringes,3. Unusable Stock,0,NA,NA,NA,NA,0,NA,NA,NA,NA,NA,NA,NA,NA,NA,NA,NA,NA,NA,NA,NA,NA,NA,NA,NA,0,NA,NA,NA,NA,NA,NA,NA,NA,NA,NA,NA,NA,NA,NA,NA,NA,NA,NA,NA,0,NA,NA,NA,NA,0,NA,NA,NA,NA,NA,NA,NA,NA,NA
M19 [Other Items],19.2',MVA Syringes,4. Stock Distributed,0,NA,NA,NA,NA,0,NA,NA,NA,NA,NA,NA,NA,NA,NA,NA,NA,NA,NA,NA,NA,NA,NA,NA,NA,0,NA,NA,NA,NA,NA,NA,NA,NA,NA,NA,NA,NA,NA,NA,NA,NA,NA,NA,NA,0,NA,NA,NA,NA,0,NA,NA,NA,NA,NA,NA,NA,NA,NA
M19 [Other Items],19.2',MVA Syringes,5. Total Stock,0,NA,NA,NA,NA,0,NA,NA,NA,NA,0,NA,NA,NA,NA,0,NA,NA,NA,NA,NA,NA,NA,NA,NA,0,NA,NA,NA,NA,0,NA,NA,NA,NA,0,NA,NA,NA,NA,0,NA,NA,NA,NA,0,NA,NA,NA,NA,0,NA,NA,NA,NA,0,NA,NA,NA,NA
M19 [Other Items],'19.3',Tab. Fluconazole,1. Balance From Previous Month,0,NA,NA,NA,NA,0,NA,NA,NA,NA,NA,NA,NA,NA,NA,0,NA,NA,NA,NA,NA,NA,NA,NA,NA,0,NA,NA,NA,NA,NA,NA,NA,NA,NA,NA,NA,NA,NA,NA,NA,NA,NA,NA,NA,0,NA,NA,NA,NA,0,NA,NA,NA,NA,NA,NA,NA,NA,NA
M19 [Other Items],19.3',Tab. Fluconazole,2. Stocks Received,10000,NA,NA,NA,NA,0,NA,NA,NA,NA,NA,NA,NA,NA,NA,10000,NA,NA,NA,NA,NA,NA,NA,NA,NA,0,NA,NA,NA,NA,NA,NA,NA,NA,NA,NA,NA,NA,NA,NA,NA,NA,NA,NA,NA,0,NA,NA,NA,NA,0,NA,NA,NA,NA,NA,NA,NA,NA,NA
M19 [Other Items],19.3',Tab. Fluconazole,3. Unusable Stock,0,NA,NA,NA,NA,0,NA,NA,NA,NA,NA,NA,NA,NA,NA,NA,NA,NA,NA,NA,NA,NA,NA,NA,NA,0,NA,NA,NA,NA,NA,NA,NA,NA,NA,NA,NA,NA,NA,NA,NA,NA,NA,NA,NA,0,NA,NA,NA,NA,0,NA,NA,NA,NA,NA,NA,NA,NA,NA
M19 [Other Items],19.3',Tab. Fluconazole,4. Stock Distributed,6450,NA,NA,NA,NA,0,NA,NA,NA,NA,NA,NA,NA,NA,NA,6450,NA,NA,NA,NA,NA,NA,NA,NA,NA,0,NA,NA,NA,NA,NA,NA,NA,NA,NA,NA,NA,NA,NA,NA,NA,NA,NA,NA,NA,0,NA,NA,NA,NA,0,NA,NA,NA,NA,NA,NA,NA,NA,NA
M19 [Other Items],19.3',Tab. Fluconazole,5. Total Stock,3550,NA,NA,NA,NA,0,NA,NA,NA,NA,0,NA,NA,NA,NA,3550,NA,NA,NA,NA,NA,NA,NA,NA,NA,0,NA,NA,NA,NA,0,NA,NA,NA,NA,0,NA,NA,NA,NA,0,NA,NA,NA,NA,0,NA,NA,NA,NA,0,NA,NA,NA,NA,0,NA,NA,NA,NA
M19 [Other Items],'19.4',Blood Transfusion sets,1. Balance From Previous Month,0,NA,NA,NA,NA,0,NA,NA,NA,NA,NA,NA,NA,NA,NA,NA,NA,NA,NA,NA,NA,NA,NA,NA,NA,0,NA,NA,NA,NA,NA,NA,NA,NA,NA,NA,NA,NA,NA,NA,NA,NA,NA,NA,NA,0,NA,NA,NA,NA,0,NA,NA,NA,NA,NA,NA,NA,NA,NA
M19 [Other Items],19.4',Blood Transfusion sets,2. Stocks Received,0,NA,NA,NA,NA,0,NA,NA,NA,NA,NA,NA,NA,NA,NA,NA,NA,NA,NA,NA,NA,NA,NA,NA,NA,0,NA,NA,NA,NA,NA,NA,NA,NA,NA,NA,NA,NA,NA,NA,NA,NA,NA,NA,NA,0,NA,NA,NA,NA,0,NA,NA,NA,NA,NA,NA,NA,NA,NA
M19 [Other Items],19.4',Blood Transfusion sets,3. Unusable Stock,0,NA,NA,NA,NA,0,NA,NA,NA,NA,NA,NA,NA,NA,NA,NA,NA,NA,NA,NA,NA,NA,NA,NA,NA,0,NA,NA,NA,NA,NA,NA,NA,NA,NA,NA,NA,NA,NA,NA,NA,NA,NA,NA,NA,0,NA,NA,NA,NA,0,NA,NA,NA,NA,NA,NA,NA,NA,NA
M19 [Other Items],19.4',Blood Transfusion sets,4. Stock Distributed,0,NA,NA,NA,NA,0,NA,NA,NA,NA,NA,NA,NA,NA,NA,NA,NA,NA,NA,NA,NA,NA,NA,NA,NA,0,NA,NA,NA,NA,NA,NA,NA,NA,NA,NA,NA,NA,NA,NA,NA,NA,NA,NA,NA,0,NA,NA,NA,NA,0,NA,NA,NA,NA,NA,NA,NA,NA,NA
M19 [Other Items],19.4',Blood Transfusion sets,5. Total Stock,0,NA,NA,NA,NA,0,NA,NA,NA,NA,0,NA,NA,NA,NA,0,NA,NA,NA,NA,NA,NA,NA,NA,NA,0,NA,NA,NA,NA,0,NA,NA,NA,NA,0,NA,NA,NA,NA,0,NA,NA,NA,NA,0,NA,NA,NA,NA,0,NA,NA,NA,NA,0,NA,NA,NA,NA
M19 [Other Items],'19.5',Gluteraldehyde 2%,1. Balance From Previous Month,0,NA,NA,NA,NA,0,NA,NA,NA,NA,NA,NA,NA,NA,NA,NA,NA,NA,NA,NA,NA,NA,NA,NA,NA,NA,NA,NA,NA,NA,NA,NA,NA,NA,NA,NA,NA,NA,NA,NA,NA,NA,NA,NA,NA,0,NA,NA,NA,NA,0,NA,NA,NA,NA,NA,NA,NA,NA,NA
M19 [Other Items],19.5',Gluteraldehyde 2%,2. Stocks Received,0,NA,NA,NA,NA,0,NA,NA,NA,NA,NA,NA,NA,NA,NA,NA,NA,NA,NA,NA,NA,NA,NA,NA,NA,NA,NA,NA,NA,NA,NA,NA,NA,NA,NA,NA,NA,NA,NA,NA,NA,NA,NA,NA,NA,0,NA,NA,NA,NA,0,NA,NA,NA,NA,NA,NA,NA,NA,NA
M19 [Other Items],19.5',Gluteraldehyde 2%,3. Unusable Stock,0,NA,NA,NA,NA,0,NA,NA,NA,NA,NA,NA,NA,NA,NA,NA,NA,NA,NA,NA,NA,NA,NA,NA,NA,NA,NA,NA,NA,NA,NA,NA,NA,NA,NA,NA,NA,NA,NA,NA,NA,NA,NA,NA,NA,0,NA,NA,NA,NA,0,NA,NA,NA,NA,NA,NA,NA,NA,NA
M19 [Other Items],19.5',Gluteraldehyde 2%,4. Stock Distributed,0,NA,NA,NA,NA,0,NA,NA,NA,NA,NA,NA,NA,NA,NA,NA,NA,NA,NA,NA,NA,NA,NA,NA,NA,NA,NA,NA,NA,NA,NA,NA,NA,NA,NA,NA,NA,NA,NA,NA,NA,NA,NA,NA,NA,0,NA,NA,NA,NA,0,NA,NA,NA,NA,NA,NA,NA,NA,NA
M19 [Other Items],19.5',Gluteraldehyde 2%,5. Total Stock,0,NA,NA,NA,NA,0,NA,NA,NA,NA,0,NA,NA,NA,NA,0,NA,NA,NA,NA,NA,NA,NA,NA,NA,0,NA,NA,NA,NA,0,NA,NA,NA,NA,0,NA,NA,NA,NA,0,NA,NA,NA,NA,0,NA,NA,NA,NA,0,NA,NA,NA,NA,0,NA,NA,NA,NA
M19 [Other Items],'19.6',IFA tablets ( Adult),1. Balance From Previous Month,730980,NA,NA,NA,NA,0,NA,NA,NA,NA,NA,NA,NA,NA,NA,6000,NA,NA,NA,NA,NA,NA,NA,NA,NA,724980,NA,NA,NA,NA,NA,NA,NA,NA,NA,NA,NA,NA,NA,NA,NA,NA,NA,NA,NA,0,NA,NA,NA,NA,0,NA,NA,NA,NA,NA,NA,NA,NA,NA
M19 [Other Items],19.6',IFA tablets ( Adult),2. Stocks Received,0,NA,NA,NA,NA,0,NA,NA,NA,NA,NA,NA,NA,NA,NA,0,NA,NA,NA,NA,NA,NA,NA,NA,NA,0,NA,NA,NA,NA,NA,NA,NA,NA,NA,NA,NA,NA,NA,NA,NA,NA,NA,NA,NA,0,NA,NA,NA,NA,0,NA,NA,NA,NA,NA,NA,NA,NA,NA
M19 [Other Items],19.6',IFA tablets ( Adult),3. Unusable Stock,0,NA,NA,NA,NA,0,NA,NA,NA,NA,NA,NA,NA,NA,NA,NA,NA,NA,NA,NA,NA,NA,NA,NA,NA,0,NA,NA,NA,NA,NA,NA,NA,NA,NA,NA,NA,NA,NA,NA,NA,NA,NA,NA,NA,0,NA,NA,NA,NA,0,NA,NA,NA,NA,NA,NA,NA,NA,NA
M19 [Other Items],19.6',IFA tablets ( Adult),4. Stock Distributed,95500,NA,NA,NA,NA,0,NA,NA,NA,NA,NA,NA,NA,NA,NA,6000,NA,NA,NA,NA,NA,NA,NA,NA,NA,89500,NA,NA,NA,NA,NA,NA,NA,NA,NA,NA,NA,NA,NA,NA,NA,NA,NA,NA,NA,0,NA,NA,NA,NA,0,NA,NA,NA,NA,NA,NA,NA,NA,NA
M19 [Other Items],19.6',IFA tablets ( Adult),5. Total Stock,635480,NA,NA,NA,NA,0,NA,NA,NA,NA,0,NA,NA,NA,NA,0,NA,NA,NA,NA,NA,NA,NA,NA,NA,635480,NA,NA,NA,NA,0,NA,NA,NA,NA,0,NA,NA,NA,NA,0,NA,NA,NA,NA,0,NA,NA,NA,NA,0,NA,NA,NA,NA,0,NA,NA,NA,NA
M19 [Other Items],'19.7',IFA - Blue ( Adolescent 10-19 yrs),1. Balance From Previous Month,5000,NA,NA,NA,NA,0,NA,NA,NA,NA,NA,NA,NA,NA,NA,NA,NA,NA,NA,NA,NA,NA,NA,NA,NA,0,NA,NA,NA,NA,NA,NA,NA,NA,NA,5000,NA,NA,NA,NA,NA,NA,NA,NA,NA,0,NA,NA,NA,NA,0,NA,NA,NA,NA,NA,NA,NA,NA,NA
M19 [Other Items],19.7',IFA - Blue ( Adolescent 10-19 yrs),2. Stocks Received,160840,NA,NA,NA,NA,0,NA,NA,NA,NA,NA,NA,NA,NA,NA,NA,NA,NA,NA,NA,NA,NA,NA,NA,NA,160840,NA,NA,NA,NA,NA,NA,NA,NA,NA,0,NA,NA,NA,NA,NA,NA,NA,NA,NA,0,NA,NA,NA,NA,0,NA,NA,NA,NA,NA,NA,NA,NA,NA
M19 [Other Items],19.7',IFA - Blue ( Adolescent 10-19 yrs),3. Unusable Stock,0,NA,NA,NA,NA,0,NA,NA,NA,NA,NA,NA,NA,NA,NA,NA,NA,NA,NA,NA,NA,NA,NA,NA,NA,0,NA,NA,NA,NA,NA,NA,NA,NA,NA,0,NA,NA,NA,NA,NA,NA,NA,NA,NA,0,NA,NA,NA,NA,0,NA,NA,NA,NA,NA,NA,NA,NA,NA
M19 [Other Items],19.7',IFA - Blue ( Adolescent 10-19 yrs),4. Stock Distributed,0,NA,NA,NA,NA,0,NA,NA,NA,NA,NA,NA,NA,NA,NA,NA,NA,NA,NA,NA,NA,NA,NA,NA,NA,0,NA,NA,NA,NA,NA,NA,NA,NA,NA,0,NA,NA,NA,NA,NA,NA,NA,NA,NA,0,NA,NA,NA,NA,0,NA,NA,NA,NA,NA,NA,NA,NA,NA
M19 [Other Items],19.7',IFA - Blue ( Adolescent 10-19 yrs),5. Total Stock,165840,NA,NA,NA,NA,0,NA,NA,NA,NA,0,NA,NA,NA,NA,0,NA,NA,NA,NA,NA,NA,NA,NA,NA,160840,NA,NA,NA,NA,0,NA,NA,NA,NA,5000,NA,NA,NA,NA,0,NA,NA,NA,NA,0,NA,NA,NA,NA,0,NA,NA,NA,NA,0,NA,NA,NA,NA
M19 [Other Items],'19.8',IFA- Pink ( Junior 6-10 yrs),1. Balance From Previous Month,115005,NA,NA,NA,NA,0,NA,NA,NA,NA,NA,NA,NA,NA,NA,NA,NA,NA,NA,NA,NA,NA,NA,NA,NA,54600,NA,NA,NA,NA,60405,NA,NA,NA,NA,0,NA,NA,NA,NA,NA,NA,NA,NA,NA,0,NA,NA,NA,NA,0,NA,NA,NA,NA,NA,NA,NA,NA,NA
M19 [Other Items],19.8',IFA- Pink ( Junior 6-10 yrs),2. Stocks Received,0,NA,NA,NA,NA,0,NA,NA,NA,NA,NA,NA,NA,NA,NA,NA,NA,NA,NA,NA,NA,NA,NA,NA,NA,0,NA,NA,NA,NA,0,NA,NA,NA,NA,0,NA,NA,NA,NA,NA,NA,NA,NA,NA,0,NA,NA,NA,NA,0,NA,NA,NA,NA,NA,NA,NA,NA,NA
M19 [Other Items],19.8',IFA- Pink ( Junior 6-10 yrs),3. Unusable Stock,0,NA,NA,NA,NA,0,NA,NA,NA,NA,NA,NA,NA,NA,NA,NA,NA,NA,NA,NA,NA,NA,NA,NA,NA,0,NA,NA,NA,NA,0,NA,NA,NA,NA,0,NA,NA,NA,NA,NA,NA,NA,NA,NA,0,NA,NA,NA,NA,0,NA,NA,NA,NA,NA,NA,NA,NA,NA
M19 [Other Items],19.8',IFA- Pink ( Junior 6-10 yrs),4. Stock Distributed,34800,NA,NA,NA,NA,0,NA,NA,NA,NA,NA,NA,NA,NA,NA,NA,NA,NA,NA,NA,NA,NA,NA,NA,NA,34800,NA,NA,NA,NA,0,NA,NA,NA,NA,0,NA,NA,NA,NA,NA,NA,NA,NA,NA,0,NA,NA,NA,NA,0,NA,NA,NA,NA,NA,NA,NA,NA,NA
M19 [Other Items],19.8',IFA- Pink ( Junior 6-10 yrs),5. Total Stock,80205,NA,NA,NA,NA,0,NA,NA,NA,NA,0,NA,NA,NA,NA,0,NA,NA,NA,NA,NA,NA,NA,NA,NA,19800,NA,NA,NA,NA,60405,NA,NA,NA,NA,0,NA,NA,NA,NA,0,NA,NA,NA,NA,0,NA,NA,NA,NA,0,NA,NA,NA,NA,0,NA,NA,NA,NA
M19 [Other Items],'19.9',IFA Syrup (Paediatric),1. Balance From Previous Month,26560,NA,NA,NA,NA,0,NA,NA,NA,NA,NA,NA,NA,NA,NA,NA,NA,NA,NA,NA,NA,NA,NA,NA,NA,0,NA,NA,NA,NA,26360,NA,NA,NA,NA,200,NA,NA,NA,NA,NA,NA,NA,NA,NA,0,NA,NA,NA,NA,0,NA,NA,NA,NA,NA,NA,NA,NA,NA
M19 [Other Items],19.9',IFA Syrup (Paediatric),2. Stocks Received,2720,NA,NA,NA,NA,0,NA,NA,NA,NA,NA,NA,NA,NA,NA,NA,NA,NA,NA,NA,NA,NA,NA,NA,NA,2720,NA,NA,NA,NA,0,NA,NA,NA,NA,0,NA,NA,NA,NA,NA,NA,NA,NA,NA,0,NA,NA,NA,NA,0,NA,NA,NA,NA,NA,NA,NA,NA,NA
M19 [Other Items],19.9',IFA Syrup (Paediatric),3. Unusable Stock,0,NA,NA,NA,NA,0,NA,NA,NA,NA,NA,NA,NA,NA,NA,NA,NA,NA,NA,NA,NA,NA,NA,NA,NA,0,NA,NA,NA,NA,0,NA,NA,NA,NA,0,NA,NA,NA,NA,NA,NA,NA,NA,NA,0,NA,NA,NA,NA,0,NA,NA,NA,NA,NA,NA,NA,NA,NA
M19 [Other Items],19.9',IFA Syrup (Paediatric),4. Stock Distributed,1800,NA,NA,NA,NA,0,NA,NA,NA,NA,NA,NA,NA,NA,NA,NA,NA,NA,NA,NA,NA,NA,NA,NA,NA,1680,NA,NA,NA,NA,NA,NA,NA,NA,NA,120,NA,NA,NA,NA,NA,NA,NA,NA,NA,0,NA,NA,NA,NA,0,NA,NA,NA,NA,NA,NA,NA,NA,NA
M19 [Other Items],19.9',IFA Syrup (Paediatric),5. Total Stock,27480,NA,NA,NA,NA,0,NA,NA,NA,NA,0,NA,NA,NA,NA,0,NA,NA,NA,NA,NA,NA,NA,NA,NA,1040,NA,NA,NA,NA,26360,NA,NA,NA,NA,80,NA,NA,NA,NA,0,NA,NA,NA,NA,0,NA,NA,NA,NA,0,NA,NA,NA,NA,0,NA,NA,NA,NA
M19 [Other Items],'19.10',Paediatrics Antibiotics ( Amoxycillin and Injectable Gentamicin),1. Balance From Previous Month,28100,NA,NA,NA,NA,0,NA,NA,NA,NA,NA,NA,NA,NA,NA,24600,NA,NA,NA,NA,NA,NA,NA,NA,NA,3500,NA,NA,NA,NA,NA,NA,NA,NA,NA,0,NA,NA,NA,NA,NA,NA,NA,NA,NA,NA,NA,NA,NA,NA,0,NA,NA,NA,NA,NA,NA,NA,NA,NA
M19 [Other Items],19.10',Paediatrics Antibiotics ( Amoxycillin and Injectable Gentamicin),2. Stocks Received,18360,NA,NA,NA,NA,0,NA,NA,NA,NA,NA,NA,NA,NA,NA,18360,NA,NA,NA,NA,NA,NA,NA,NA,NA,0,NA,NA,NA,NA,NA,NA,NA,NA,NA,0,NA,NA,NA,NA,NA,NA,NA,NA,NA,NA,NA,NA,NA,NA,0,NA,NA,NA,NA,NA,NA,NA,NA,NA
M19 [Other Items],19.10',Paediatrics Antibiotics ( Amoxycillin and Injectable Gentamicin),3. Unusable Stock,0,NA,NA,NA,NA,0,NA,NA,NA,NA,NA,NA,NA,NA,NA,NA,NA,NA,NA,NA,NA,NA,NA,NA,NA,0,NA,NA,NA,NA,NA,NA,NA,NA,NA,0,NA,NA,NA,NA,NA,NA,NA,NA,NA,NA,NA,NA,NA,NA,0,NA,NA,NA,NA,NA,NA,NA,NA,NA
M19 [Other Items],19.10',Paediatrics Antibiotics ( Amoxycillin and Injectable Gentamicin),4. Stock Distributed,15447,NA,NA,NA,NA,0,NA,NA,NA,NA,NA,NA,NA,NA,NA,15347,NA,NA,NA,NA,NA,NA,NA,NA,NA,100,NA,NA,NA,NA,NA,NA,NA,NA,NA,0,NA,NA,NA,NA,NA,NA,NA,NA,NA,NA,NA,NA,NA,NA,0,NA,NA,NA,NA,NA,NA,NA,NA,NA
M19 [Other Items],19.10',Paediatrics Antibiotics ( Amoxycillin and Injectable Gentamicin),5. Total Stock,31013,NA,NA,NA,NA,0,NA,NA,NA,NA,0,NA,NA,NA,NA,27613,NA,NA,NA,NA,NA,NA,NA,NA,NA,3400,NA,NA,NA,NA,0,NA,NA,NA,NA,0,NA,NA,NA,NA,0,NA,NA,NA,NA,0,NA,NA,NA,NA,0,NA,NA,NA,NA,0,NA,NA,NA,NA
M19 [Other Items],'19.11',Vit A syrup,1. Balance From Previous Month,42500,NA,NA,NA,NA,0,NA,NA,NA,NA,NA,NA,NA,NA,NA,6000,NA,NA,NA,NA,NA,NA,NA,NA,NA,0,NA,NA,NA,NA,0,NA,NA,NA,NA,5500,NA,NA,NA,NA,NA,NA,NA,NA,NA,31000,NA,NA,NA,NA,0,NA,NA,NA,NA,NA,NA,NA,NA,NA
M19 [Other Items],19.11',Vit A syrup,2. Stocks Received,0,NA,NA,NA,NA,0,NA,NA,NA,NA,NA,NA,NA,NA,NA,0,NA,NA,NA,NA,NA,NA,NA,NA,NA,0,NA,NA,NA,NA,0,NA,NA,NA,NA,0,NA,NA,NA,NA,NA,NA,NA,NA,NA,0,NA,NA,NA,NA,0,NA,NA,NA,NA,NA,NA,NA,NA,NA
M19 [Other Items],19.11',Vit A syrup,3. Unusable Stock,0,NA,NA,NA,NA,0,NA,NA,NA,NA,NA,NA,NA,NA,NA,NA,NA,NA,NA,NA,NA,NA,NA,NA,NA,0,NA,NA,NA,NA,0,NA,NA,NA,NA,0,NA,NA,NA,NA,NA,NA,NA,NA,NA,0,NA,NA,NA,NA,0,NA,NA,NA,NA,NA,NA,NA,NA,NA
M19 [Other Items],19.11',Vit A syrup,4. Stock Distributed,2000,NA,NA,NA,NA,0,NA,NA,NA,NA,NA,NA,NA,NA,NA,1000,NA,NA,NA,NA,NA,NA,NA,NA,NA,0,NA,NA,NA,NA,0,NA,NA,NA,NA,1000,NA,NA,NA,NA,NA,NA,NA,NA,NA,0,NA,NA,NA,NA,0,NA,NA,NA,NA,NA,NA,NA,NA,NA
M19 [Other Items],19.11',Vit A syrup,5. Total Stock,40500,NA,NA,NA,NA,0,NA,NA,NA,NA,0,NA,NA,NA,NA,5000,NA,NA,NA,NA,NA,NA,NA,NA,NA,0,NA,NA,NA,NA,0,NA,NA,NA,NA,4500,NA,NA,NA,NA,0,NA,NA,NA,NA,31000,NA,NA,NA,NA,0,NA,NA,NA,NA,0,NA,NA,NA,NA
M19 [Other Items],'19.12',ORS (New WHO),1. Balance From Previous Month,144350,NA,NA,NA,NA,0,NA,NA,NA,NA,NA,NA,NA,NA,NA,144350,NA,NA,NA,NA,NA,NA,NA,NA,NA,0,NA,NA,NA,NA,NA,NA,NA,NA,NA,0,NA,NA,NA,NA,NA,NA,NA,NA,NA,0,NA,NA,NA,NA,0,NA,NA,NA,NA,NA,NA,NA,NA,NA
M19 [Other Items],19.12',ORS (New WHO),2. Stocks Received,145149,NA,NA,NA,NA,0,NA,NA,NA,NA,NA,NA,NA,NA,NA,0,NA,NA,NA,NA,NA,NA,NA,NA,NA,145149,NA,NA,NA,NA,NA,NA,NA,NA,NA,0,NA,NA,NA,NA,NA,NA,NA,NA,NA,0,NA,NA,NA,NA,0,NA,NA,NA,NA,NA,NA,NA,NA,NA
M19 [Other Items],19.12',ORS (New WHO),3. Unusable Stock,0,NA,NA,NA,NA,0,NA,NA,NA,NA,NA,NA,NA,NA,NA,NA,NA,NA,NA,NA,NA,NA,NA,NA,NA,0,NA,NA,NA,NA,NA,NA,NA,NA,NA,0,NA,NA,NA,NA,NA,NA,NA,NA,NA,0,NA,NA,NA,NA,0,NA,NA,NA,NA,NA,NA,NA,NA,NA
M19 [Other Items],19.12',ORS (New WHO),4. Stock Distributed,6000,NA,NA,NA,NA,0,NA,NA,NA,NA,NA,NA,NA,NA,NA,6000,NA,NA,NA,NA,NA,NA,NA,NA,NA,0,NA,NA,NA,NA,NA,NA,NA,NA,NA,0,NA,NA,NA,NA,NA,NA,NA,NA,NA,0,NA,NA,NA,NA,0,NA,NA,NA,NA,NA,NA,NA,NA,NA
M19 [Other Items],19.12',ORS (New WHO),5. Total Stock,283499,NA,NA,NA,NA,0,NA,NA,NA,NA,NA,NA,NA,NA,NA,138350,NA,NA,NA,NA,NA,NA,NA,NA,NA,145149,NA,NA,NA,NA,NA,NA,NA,NA,NA,0,NA,NA,NA,NA,NA,NA,NA,NA,NA,0,NA,NA,NA,NA,0,NA,NA,NA,NA,NA,NA,NA,NA,NA
M19 [Other Items],'19.13',RTI /STI colour coded syndromic kits ( I to VII),1. Balance From Previous Month,0,NA,NA,NA,NA,0,NA,NA,NA,NA,NA,NA,NA,NA,NA,NA,NA,NA,NA,NA,NA,NA,NA,NA,NA,0,NA,NA,NA,NA,NA,NA,NA,NA,NA,NA,NA,NA,NA,NA,NA,NA,NA,NA,NA,0,NA,NA,NA,NA,0,NA,NA,NA,NA,NA,NA,NA,NA,NA
M19 [Other Items],19.13',RTI /STI colour coded syndromic kits ( I to VII),2. Stocks Received,0,NA,NA,NA,NA,0,NA,NA,NA,NA,NA,NA,NA,NA,NA,NA,NA,NA,NA,NA,NA,NA,NA,NA,NA,0,NA,NA,NA,NA,NA,NA,NA,NA,NA,0,NA,NA,NA,NA,NA,NA,NA,NA,NA,0,NA,NA,NA,NA,0,NA,NA,NA,NA,NA,NA,NA,NA,NA
M19 [Other Items],19.13',RTI /STI colour coded syndromic kits ( I to VII),3. Unusable Stock,0,NA,NA,NA,NA,0,NA,NA,NA,NA,NA,NA,NA,NA,NA,NA,NA,NA,NA,NA,NA,NA,NA,NA,NA,0,NA,NA,NA,NA,NA,NA,NA,NA,NA,0,NA,NA,NA,NA,NA,NA,NA,NA,NA,0,NA,NA,NA,NA,0,NA,NA,NA,NA,NA,NA,NA,NA,NA
M19 [Other Items],19.13',RTI /STI colour coded syndromic kits ( I to VII),4. Stock Distributed,0,NA,NA,NA,NA,0,NA,NA,NA,NA,NA,NA,NA,NA,NA,NA,NA,NA,NA,NA,NA,NA,NA,NA,NA,0,NA,NA,NA,NA,NA,NA,NA,NA,NA,0,NA,NA,NA,NA,NA,NA,NA,NA,NA,0,NA,NA,NA,NA,0,NA,NA,NA,NA,NA,NA,NA,NA,NA
M19 [Other Items],19.13',RTI /STI colour coded syndromic kits ( I to VII),5. Total Stock,0,NA,NA,NA,NA,0,NA,NA,NA,NA,NA,NA,NA,NA,NA,NA,NA,NA,NA,NA,NA,NA,NA,NA,NA,0,NA,NA,NA,NA,NA,NA,NA,NA,NA,0,NA,NA,NA,NA,NA,NA,NA,NA,NA,0,NA,NA,NA,NA,0,NA,NA,NA,NA,NA,NA,NA,NA,NA
M19 [Other Items],'19.14',Zinc 20 mg tablet,1. Balance From Previous Month,25860,NA,NA,NA,NA,0,NA,NA,NA,NA,NA,NA,NA,NA,NA,9500,NA,NA,NA,NA,NA,NA,NA,NA,NA,9360,NA,NA,NA,NA,NA,NA,NA,NA,NA,7000,NA,NA,NA,NA,NA,NA,NA,NA,NA,0,NA,NA,NA,NA,0,NA,NA,NA,NA,NA,NA,NA,NA,NA
M19 [Other Items],19.14',Zinc 20 mg tablet,2. Stocks Received,67080,NA,NA,NA,NA,0,NA,NA,NA,NA,NA,NA,NA,NA,NA,0,NA,NA,NA,NA,NA,NA,NA,NA,NA,67080,NA,NA,NA,NA,NA,NA,NA,NA,NA,0,NA,NA,NA,NA,NA,NA,NA,NA,NA,0,NA,NA,NA,NA,0,NA,NA,NA,NA,NA,NA,NA,NA,NA
M19 [Other Items],19.14',Zinc 20 mg tablet,3. Unusable Stock,0,NA,NA,NA,NA,0,NA,NA,NA,NA,NA,NA,NA,NA,NA,NA,NA,NA,NA,NA,NA,NA,NA,NA,NA,0,NA,NA,NA,NA,NA,NA,NA,NA,NA,0,NA,NA,NA,NA,NA,NA,NA,NA,NA,0,NA,NA,NA,NA,0,NA,NA,NA,NA,NA,NA,NA,NA,NA
M19 [Other Items],19.14',Zinc 20 mg tablet,4. Stock Distributed,5180,NA,NA,NA,NA,0,NA,NA,NA,NA,NA,NA,NA,NA,NA,5180,NA,NA,NA,NA,NA,NA,NA,NA,NA,0,NA,NA,NA,NA,NA,NA,NA,NA,NA,0,NA,NA,NA,NA,NA,NA,NA,NA,NA,0,NA,NA,NA,NA,0,NA,NA,NA,NA,NA,NA,NA,NA,NA
M19 [Other Items],19.14',Zinc 20 mg tablet,5. Total Stock,87760,NA,NA,NA,NA,0,NA,NA,NA,NA,NA,NA,NA,NA,NA,4320,NA,NA,NA,NA,NA,NA,NA,NA,NA,76440,NA,NA,NA,NA,NA,NA,NA,NA,NA,7000,NA,NA,NA,NA,NA,NA,NA,NA,NA,0,NA,NA,NA,NA,0,NA,NA,NA,NA,NA,NA,NA,NA,NA
M19 [Other Items],'19.15',Albendazole 400 mg tablet,1. Balance From Previous Month,65320,NA,NA,NA,NA,13600,NA,NA,NA,NA,NA,NA,NA,NA,NA,2700,NA,NA,NA,NA,NA,NA,NA,NA,NA,6020,NA,NA,NA,NA,NA,NA,NA,NA,NA,43000,NA,NA,NA,NA,NA,NA,NA,NA,NA,0,NA,NA,NA,NA,0,NA,NA,NA,NA,NA,NA,NA,NA,NA
M19 [Other Items],19.15',Albendazole 400 mg tablet,2. Stocks Received,13000,NA,NA,NA,NA,0,NA,NA,NA,NA,NA,NA,NA,NA,NA,13000,NA,NA,NA,NA,NA,NA,NA,NA,NA,0,NA,NA,NA,NA,NA,NA,NA,NA,NA,0,NA,NA,NA,NA,NA,NA,NA,NA,NA,0,NA,NA,NA,NA,0,NA,NA,NA,NA,NA,NA,NA,NA,NA
M19 [Other Items],19.15',Albendazole 400 mg tablet,3. Unusable Stock,0,NA,NA,NA,NA,0,NA,NA,NA,NA,NA,NA,NA,NA,NA,NA,NA,NA,NA,NA,NA,NA,NA,NA,NA,0,NA,NA,NA,NA,NA,NA,NA,NA,NA,0,NA,NA,NA,NA,NA,NA,NA,NA,NA,0,NA,NA,NA,NA,0,NA,NA,NA,NA,NA,NA,NA,NA,NA
M19 [Other Items],19.15',Albendazole 400 mg tablet,4. Stock Distributed,2700,NA,NA,NA,NA,0,NA,NA,NA,NA,NA,NA,NA,NA,NA,2700,NA,NA,NA,NA,NA,NA,NA,NA,NA,0,NA,NA,NA,NA,NA,NA,NA,NA,NA,0,NA,NA,NA,NA,NA,NA,NA,NA,NA,0,NA,NA,NA,NA,0,NA,NA,NA,NA,NA,NA,NA,NA,NA
M19 [Other Items],19.15',Albendazole 400 mg tablet,5. Total Stock,75620,NA,NA,NA,NA,13600,NA,NA,NA,NA,NA,NA,NA,NA,NA,13000,NA,NA,NA,NA,NA,NA,NA,NA,NA,6020,NA,NA,NA,NA,NA,NA,NA,NA,NA,43000,NA,NA,NA,NA,NA,NA,NA,NA,NA,0,NA,NA,NA,NA,0,NA,NA,NA,NA,NA,NA,NA,NA,NA
M19 [Other Items],'19.16',Calcium Tablets,1. Balance From Previous Month,2115460,NA,NA,NA,NA,1000,NA,NA,NA,NA,NA,NA,NA,NA,NA,303400,NA,NA,NA,NA,NA,NA,NA,NA,NA,1759560,NA,NA,NA,NA,1500,NA,NA,NA,NA,50000,NA,NA,NA,NA,NA,NA,NA,NA,NA,0,NA,NA,NA,NA,0,NA,NA,NA,NA,NA,NA,NA,NA,NA
M19 [Other Items],19.16',Calcium Tablets,2. Stocks Received,693200,NA,NA,NA,NA,0,NA,NA,NA,NA,NA,NA,NA,NA,NA,393200,NA,NA,NA,NA,NA,NA,NA,NA,NA,300000,NA,NA,NA,NA,0,NA,NA,NA,NA,0,NA,NA,NA,NA,NA,NA,NA,NA,NA,0,NA,NA,NA,NA,0,NA,NA,NA,NA,NA,NA,NA,NA,NA
M19 [Other Items],19.16',Calcium Tablets,3. Unusable Stock,0,NA,NA,NA,NA,0,NA,NA,NA,NA,NA,NA,NA,NA,NA,NA,NA,NA,NA,NA,NA,NA,NA,NA,NA,0,NA,NA,NA,NA,0,NA,NA,NA,NA,0,NA,NA,NA,NA,NA,NA,NA,NA,NA,0,NA,NA,NA,NA,0,NA,NA,NA,NA,NA,NA,NA,NA,NA
M19 [Other Items],19.16',Calcium Tablets,4. Stock Distributed,678200,NA,NA,NA,NA,1000,NA,NA,NA,NA,NA,NA,NA,NA,NA,324200,NA,NA,NA,NA,NA,NA,NA,NA,NA,353000,NA,NA,NA,NA,0,NA,NA,NA,NA,0,NA,NA,NA,NA,NA,NA,NA,NA,NA,0,NA,NA,NA,NA,0,NA,NA,NA,NA,NA,NA,NA,NA,NA
M19 [Other Items],19.16',Calcium Tablets,5. Total Stock,2130460,NA,NA,NA,NA,0,NA,NA,NA,NA,NA,NA,NA,NA,NA,372400,NA,NA,NA,NA,NA,NA,NA,NA,NA,1706560,NA,NA,NA,NA,1500,NA,NA,NA,NA,50000,NA,NA,NA,NA,NA,NA,NA,NA,NA,0,NA,NA,NA,NA,0,NA,NA,NA,NA,NA,NA,NA,NA,NA
M20 [Syringes],'20.1',Syringes - 0.1 ml (AD),1. Balance From Previous Month,40997,NA,NA,NA,NA,2395,NA,NA,NA,NA,3150,NA,NA,NA,NA,3160,NA,NA,NA,NA,NA,NA,NA,NA,NA,2200,NA,NA,NA,NA,4950,NA,NA,NA,NA,4238,NA,NA,NA,NA,NA,NA,NA,NA,NA,8780,NA,NA,NA,NA,6046,NA,NA,NA,NA,6078,NA,NA,NA,NA
M20 [Syringes],20.1',Syringes - 0.1 ml (AD),2. Stocks Received,12700,NA,NA,NA,NA,4600,NA,NA,NA,NA,NA,NA,NA,NA,NA,2600,NA,NA,NA,NA,NA,NA,NA,NA,NA,2500,NA,NA,NA,NA,0,NA,NA,NA,NA,0,NA,NA,NA,NA,NA,NA,NA,NA,NA,3000,NA,NA,NA,NA,0,NA,NA,NA,NA,0,NA,NA,NA,NA
M20 [Syringes],20.1',Syringes - 0.1 ml (AD),3. Unusable Stock,3278,NA,NA,NA,NA,0,NA,NA,NA,NA,NA,NA,NA,NA,NA,NA,NA,NA,NA,NA,NA,NA,NA,NA,NA,0,NA,NA,NA,NA,NA,NA,NA,NA,NA,0,NA,NA,NA,NA,NA,NA,NA,NA,NA,0,NA,NA,NA,NA,0,NA,NA,NA,NA,3278,NA,NA,NA,NA
M20 [Syringes],20.1',Syringes - 0.1 ml (AD),4. Stock Distributed,22430,NA,NA,NA,NA,3000,NA,NA,NA,NA,1700,NA,NA,NA,NA,4160,NA,NA,NA,NA,NA,NA,NA,NA,NA,3400,NA,NA,NA,NA,800,NA,NA,NA,NA,1460,NA,NA,NA,NA,NA,NA,NA,NA,NA,2510,NA,NA,NA,NA,2960,NA,NA,NA,NA,2440,NA,NA,NA,NA
M20 [Syringes],20.1',Syringes - 0.1 ml (AD),5. Total Stock,27989,NA,NA,NA,NA,3995,NA,NA,NA,NA,1450,NA,NA,NA,NA,1600,NA,NA,NA,NA,NA,NA,NA,NA,NA,1300,NA,NA,NA,NA,4150,NA,NA,NA,NA,2778,NA,NA,NA,NA,0,NA,NA,NA,NA,9270,NA,NA,NA,NA,3086,NA,NA,NA,NA,360,NA,NA,NA,NA
M20 [Syringes],'20.2',Syringes - 0.5 ml (AD),1. Balance From Previous Month,345551,NA,NA,NA,NA,56000,NA,NA,NA,NA,27650,NA,NA,NA,NA,0,NA,NA,NA,NA,NA,NA,NA,NA,NA,49400,NA,NA,NA,NA,25350,NA,NA,NA,NA,24469,NA,NA,NA,NA,NA,NA,NA,NA,NA,60610,NA,NA,NA,NA,50722,NA,NA,NA,NA,51350,NA,NA,NA,NA
M20 [Syringes],20.2',Syringes - 0.5 ml (AD),2. Stocks Received,8000,NA,NA,NA,NA,0,NA,NA,NA,NA,NA,NA,NA,NA,NA,8000,NA,NA,NA,NA,NA,NA,NA,NA,NA,0,NA,NA,NA,NA,0,NA,NA,NA,NA,0,NA,NA,NA,NA,NA,NA,NA,NA,NA,0,NA,NA,NA,NA,0,NA,NA,NA,NA,0,NA,NA,NA,NA
M20 [Syringes],20.2',Syringes - 0.5 ml (AD),3. Unusable Stock,0,NA,NA,NA,NA,0,NA,NA,NA,NA,NA,NA,NA,NA,NA,NA,NA,NA,NA,NA,NA,NA,NA,NA,NA,0,NA,NA,NA,NA,NA,NA,NA,NA,NA,0,NA,NA,NA,NA,NA,NA,NA,NA,NA,0,NA,NA,NA,NA,0,NA,NA,NA,NA,0,NA,NA,NA,NA
M20 [Syringes],20.2',Syringes - 0.5 ml (AD),4. Stock Distributed,44710,NA,NA,NA,NA,6000,NA,NA,NA,NA,3600,NA,NA,NA,NA,8000,NA,NA,NA,NA,NA,NA,NA,NA,NA,7650,NA,NA,NA,NA,1400,NA,NA,NA,NA,3050,NA,NA,NA,NA,NA,NA,NA,NA,NA,7000,NA,NA,NA,NA,7200,NA,NA,NA,NA,810,NA,NA,NA,NA
M20 [Syringes],20.2',Syringes - 0.5 ml (AD),5. Total Stock,308841,NA,NA,NA,NA,50000,NA,NA,NA,NA,24050,NA,NA,NA,NA,0,NA,NA,NA,NA,NA,NA,NA,NA,NA,41750,NA,NA,NA,NA,23950,NA,NA,NA,NA,21419,NA,NA,NA,NA,0,NA,NA,NA,NA,53610,NA,NA,NA,NA,43522,NA,NA,NA,NA,50540,NA,NA,NA,NA
M20 [Syringes],'20.3',Syringes - 5.0 ml (Disposable),1. Balance From Previous Month,45009,NA,NA,NA,NA,6280,NA,NA,NA,NA,7215,NA,NA,NA,NA,8500,NA,NA,NA,NA,NA,NA,NA,NA,NA,7000,NA,NA,NA,NA,1800,NA,NA,NA,NA,981,NA,NA,NA,NA,NA,NA,NA,NA,NA,5023,NA,NA,NA,NA,4610,NA,NA,NA,NA,3600,NA,NA,NA,NA
M20 [Syringes],20.3',Syringes - 5.0 ml (Disposable),2. Stocks Received,44500,NA,NA,NA,NA,3000,NA,NA,NA,NA,NA,NA,NA,NA,NA,41500,NA,NA,NA,NA,NA,NA,NA,NA,NA,0,NA,NA,NA,NA,0,NA,NA,NA,NA,0,NA,NA,NA,NA,NA,NA,NA,NA,NA,0,NA,NA,NA,NA,0,NA,NA,NA,NA,0,NA,NA,NA,NA
M20 [Syringes],20.3',Syringes - 5.0 ml (Disposable),3. Unusable Stock,288,NA,NA,NA,NA,0,NA,NA,NA,NA,NA,NA,NA,NA,NA,NA,NA,NA,NA,NA,NA,NA,NA,NA,NA,0,NA,NA,NA,NA,NA,NA,NA,NA,NA,0,NA,NA,NA,NA,NA,NA,NA,NA,NA,0,NA,NA,NA,NA,0,NA,NA,NA,NA,288,NA,NA,NA,NA
M20 [Syringes],20.3',Syringes - 5.0 ml (Disposable),4. Stock Distributed,14865,NA,NA,NA,NA,800,NA,NA,NA,NA,450,NA,NA,NA,NA,11400,NA,NA,NA,NA,NA,NA,NA,NA,NA,500,NA,NA,NA,NA,100,NA,NA,NA,NA,185,NA,NA,NA,NA,NA,NA,NA,NA,NA,240,NA,NA,NA,NA,850,NA,NA,NA,NA,340,NA,NA,NA,NA
M20 [Syringes],20.3',Syringes - 5.0 ml (Disposable),5. Total Stock,74356,NA,NA,NA,NA,8480,NA,NA,NA,NA,6765,NA,NA,NA,NA,38600,NA,NA,NA,NA,NA,NA,NA,NA,NA,6500,NA,NA,NA,NA,1700,NA,NA,NA,NA,796,NA,NA,NA,NA,0,NA,NA,NA,NA,4783,NA,NA,NA,NA,3760,NA,NA,NA,NA,2972,NA,NA,NA,NA
M21 [Rashtriya Bal Swasthaya Karyakram (RBSK)],'21.1',Number of newborn screened for defects at birth (as per RBSK),TOTAL,5125,NA,NA,NA,NA,399,NA,NA,NA,NA,261,NA,NA,NA,NA,1142,NA,NA,NA,NA,249,NA,NA,NA,NA,472,NA,NA,NA,NA,54,NA,NA,NA,NA,218,NA,NA,NA,NA,171,NA,NA,NA,NA,875,NA,NA,NA,NA,299,NA,NA,NA,NA,985,NA,NA,NA,NA
M21 [Rashtriya Bal Swasthaya Karyakram (RBSK)],'21.2',Number of children (6 month to 6 years) screened by RBSK mobile health teams at Anganwadi center,TOTAL,73281,NA,NA,NA,NA,6731,NA,NA,NA,NA,4167,NA,NA,NA,NA,10112,NA,NA,NA,NA,4980,NA,NA,NA,NA,4888,NA,NA,NA,NA,4920,NA,NA,NA,NA,4377,NA,NA,NA,NA,2275,NA,NA,NA,NA,20491,NA,NA,NA,NA,5124,NA,NA,NA,NA,5216,NA,NA,NA,NA
M21 [Rashtriya Bal Swasthaya Karyakram (RBSK)],'21.3',Number of children (6 years to 18 years) screened by RBSK mobile health teams at Govt and Govt aided schools,TOTAL,25184,NA,NA,NA,NA,499,NA,NA,NA,NA,2199,NA,NA,NA,NA,5606,NA,NA,NA,NA,57,NA,NA,NA,NA,1819,NA,NA,NA,NA,0,NA,NA,NA,NA,0,NA,NA,NA,NA,1746,NA,NA,NA,NA,1615,NA,NA,NA,NA,4768,NA,NA,NA,NA,6875,NA,NA,NA,NA
M21 [Rashtriya Bal Swasthaya Karyakram (RBSK)],'21.4.1.a',Number of Male children identified with Disease,TOTAL,2193,NA,NA,NA,NA,196,NA,NA,NA,NA,232,NA,NA,NA,NA,403,NA,NA,NA,NA,5,NA,NA,NA,NA,15,NA,NA,NA,NA,200,NA,NA,NA,NA,322,NA,NA,NA,NA,121,NA,NA,NA,NA,322,NA,NA,NA,NA,220,NA,NA,NA,NA,157,NA,NA,NA,NA
M21 [Rashtriya Bal Swasthaya Karyakram (RBSK)],'21.4.1.b',Number of Female children identified with Disease,TOTAL,2154,NA,NA,NA,NA,186,NA,NA,NA,NA,249,NA,NA,NA,NA,429,NA,NA,NA,NA,5,NA,NA,NA,NA,7,NA,NA,NA,NA,164,NA,NA,NA,NA,344,NA,NA,NA,NA,131,NA,NA,NA,NA,312,NA,NA,NA,NA,209,NA,NA,NA,NA,118,NA,NA,NA,NA
M21 [Rashtriya Bal Swasthaya Karyakram (RBSK)],'21.4.2.a',Number of Male children identified with Deficiency,TOTAL,209,NA,NA,NA,NA,58,NA,NA,NA,NA,17,NA,NA,NA,NA,32,NA,NA,NA,NA,1,NA,NA,NA,NA,0,NA,NA,NA,NA,5,NA,NA,NA,NA,2,NA,NA,NA,NA,8,NA,NA,NA,NA,61,NA,NA,NA,NA,4,NA,NA,NA,NA,21,NA,NA,NA,NA
M21 [Rashtriya Bal Swasthaya Karyakram (RBSK)],'21.4.2.b',Number of Female children identified with Deficiency,TOTAL,261,NA,NA,NA,NA,47,NA,NA,NA,NA,22,NA,NA,NA,NA,41,NA,NA,NA,NA,1,NA,NA,NA,NA,1,NA,NA,NA,NA,9,NA,NA,NA,NA,9,NA,NA,NA,NA,16,NA,NA,NA,NA,74,NA,NA,NA,NA,3,NA,NA,NA,NA,38,NA,NA,NA,NA
M21 [Rashtriya Bal Swasthaya Karyakram (RBSK)],'21.4.3.a',Number of Male children identified with Developmental delay,TOTAL,205,NA,NA,NA,NA,1,NA,NA,NA,NA,16,NA,NA,NA,NA,83,NA,NA,NA,NA,3,NA,NA,NA,NA,11,NA,NA,NA,NA,0,NA,NA,NA,NA,4,NA,NA,NA,NA,20,NA,NA,NA,NA,49,NA,NA,NA,NA,8,NA,NA,NA,NA,10,NA,NA,NA,NA
M21 [Rashtriya Bal Swasthaya Karyakram (RBSK)],'21.4.3.b',Number of Female children identified with Developmental delay,TOTAL,271,NA,NA,NA,NA,3,NA,NA,NA,NA,19,NA,NA,NA,NA,145,NA,NA,NA,NA,0,NA,NA,NA,NA,11,NA,NA,NA,NA,0,NA,NA,NA,NA,3,NA,NA,NA,NA,26,NA,NA,NA,NA,38,NA,NA,NA,NA,18,NA,NA,NA,NA,8,NA,NA,NA,NA
M21 [Rashtriya Bal Swasthaya Karyakram (RBSK)],'21.5.1',Number of Children Managed by Intervention - Medical,TOTAL,2759,NA,NA,NA,NA,348,NA,NA,NA,NA,317,NA,NA,NA,NA,1058,NA,NA,NA,NA,0,NA,NA,NA,NA,40,NA,NA,NA,NA,178,NA,NA,NA,NA,68,NA,NA,NA,NA,67,NA,NA,NA,NA,433,NA,NA,NA,NA,53,NA,NA,NA,NA,197,NA,NA,NA,NA
M21 [Rashtriya Bal Swasthaya Karyakram (RBSK)],'21.5.2',Number of Children Managed by Intervention - Surgical,TOTAL,129,NA,NA,NA,NA,4,NA,NA,NA,NA,1,NA,NA,NA,NA,85,NA,NA,NA,NA,9,NA,NA,NA,NA,1,NA,NA,NA,NA,NA,NA,NA,NA,NA,0,NA,NA,NA,NA,0,NA,NA,NA,NA,16,NA,NA,NA,NA,0,NA,NA,NA,NA,13,NA,NA,NA,NA
M21 [Rashtriya Bal Swasthaya Karyakram (RBSK)],'21.5.3',Early intervention at DEIC ( District Early Intervention Centre),TOTAL,635,NA,NA,NA,NA,0,NA,NA,NA,NA,16,NA,NA,NA,NA,451,NA,NA,NA,NA,10,NA,NA,NA,NA,25,NA,NA,NA,NA,NA,NA,NA,NA,NA,0,NA,NA,NA,NA,8,NA,NA,NA,NA,115,NA,NA,NA,NA,10,NA,NA,NA,NA,NA,NA,NA,NA,NA
M22 [Adolscent Health],'22.1.1.a',Girls (6th -12th class) provided 4 IFA tablets in schools,TOTAL,22280,NA,NA,NA,NA,1910,NA,NA,NA,NA,3706,NA,NA,NA,NA,4290,NA,NA,NA,NA,0,NA,NA,NA,NA,5062,NA,NA,NA,NA,0,NA,NA,NA,NA,6443,NA,NA,NA,NA,NA,NA,NA,NA,NA,70,NA,NA,NA,NA,96,NA,NA,NA,NA,703,NA,NA,NA,NA
M22 [Adolscent Health],'22.1.1.b',Boys (6th -12th class) provided 4 IFA tablets in schools,TOTAL,20142,NA,NA,NA,NA,2032,NA,NA,NA,NA,2709,NA,NA,NA,NA,3650,NA,NA,NA,NA,0,NA,NA,NA,NA,4861,NA,NA,NA,NA,0,NA,NA,NA,NA,6190,NA,NA,NA,NA,NA,NA,NA,NA,NA,87,NA,NA,NA,NA,64,NA,NA,NA,NA,549,NA,NA,NA,NA
M22 [Adolscent Health],'22.1.2.a',Girls (6th -12th class) provided albendazole in schools,TOTAL,0,NA,NA,NA,NA,NA,NA,NA,NA,NA,NA,NA,NA,NA,NA,0,NA,NA,NA,NA,0,NA,NA,NA,NA,NA,NA,NA,NA,NA,0,NA,NA,NA,NA,0,NA,NA,NA,NA,NA,NA,NA,NA,NA,0,NA,NA,NA,NA,0,NA,NA,NA,NA,NA,NA,NA,NA,NA
M22 [Adolscent Health],'22.1.2.b',Boys (6th -12th class) provided albendazole in schools,TOTAL,0,NA,NA,NA,NA,NA,NA,NA,NA,NA,NA,NA,NA,NA,NA,0,NA,NA,NA,NA,0,NA,NA,NA,NA,NA,NA,NA,NA,NA,0,NA,NA,NA,NA,0,NA,NA,NA,NA,NA,NA,NA,NA,NA,0,NA,NA,NA,NA,0,NA,NA,NA,NA,NA,NA,NA,NA,NA
M22 [Adolscent Health],'22.1.3',Number of out of school adolscent girls (10-19 years) provided 4 IFA tablets at Anganwadi Centres,TOTAL,3770,NA,NA,NA,NA,0,NA,NA,NA,NA,674,NA,NA,NA,NA,145,NA,NA,NA,NA,0,NA,NA,NA,NA,639,NA,NA,NA,NA,0,NA,NA,NA,NA,108,NA,NA,NA,NA,NA,NA,NA,NA,NA,1931,NA,NA,NA,NA,0,NA,NA,NA,NA,273,NA,NA,NA,NA
M22 [Adolscent Health],'22.1.4',Number of out of school adolscent girls (10-19 years) provided albendazole at Anganwadi Centres,TOTAL,528,NA,NA,NA,NA,NA,NA,NA,NA,NA,NA,NA,NA,NA,NA,6,NA,NA,NA,NA,0,NA,NA,NA,NA,0,NA,NA,NA,NA,522,NA,NA,NA,NA,0,NA,NA,NA,NA,NA,NA,NA,NA,NA,0,NA,NA,NA,NA,0,NA,NA,NA,NA,NA,NA,NA,NA,NA
M22 [Adolscent Health],'22.2.1',Number of adolescent girls provided sanitary napkin packs,TOTAL,0,NA,NA,NA,NA,NA,NA,NA,NA,NA,NA,NA,NA,NA,NA,0,NA,NA,NA,NA,0,NA,NA,NA,NA,NA,NA,NA,NA,NA,0,NA,NA,NA,NA,NA,NA,NA,NA,NA,NA,NA,NA,NA,NA,0,NA,NA,NA,NA,0,NA,NA,NA,NA,NA,NA,NA,NA,NA
M22 [Adolscent Health],'22.2.2',Number of sanitary napkin packs sold to adolescent girls,TOTAL,0,NA,NA,NA,NA,NA,NA,NA,NA,NA,NA,NA,NA,NA,NA,0,NA,NA,NA,NA,0,NA,NA,NA,NA,NA,NA,NA,NA,NA,0,NA,NA,NA,NA,NA,NA,NA,NA,NA,NA,NA,NA,NA,NA,0,NA,NA,NA,NA,0,NA,NA,NA,NA,NA,NA,NA,NA,NA
M22 [Adolscent Health],'22.2.3',Number of sanitary napkin packs distributed free to ASHA,TOTAL,0,NA,NA,NA,NA,NA,NA,NA,NA,NA,NA,NA,NA,NA,NA,0,NA,NA,NA,NA,0,NA,NA,NA,NA,NA,NA,NA,NA,NA,0,NA,NA,NA,NA,NA,NA,NA,NA,NA,NA,NA,NA,NA,NA,0,NA,NA,NA,NA,0,NA,NA,NA,NA,NA,NA,NA,NA,NA
M22 [Adolscent Health],'22.2.4',Number of adolescent girls attended monthly meeting,TOTAL,11,NA,NA,NA,NA,NA,NA,NA,NA,NA,NA,NA,NA,NA,NA,0,NA,NA,NA,NA,11,NA,NA,NA,NA,NA,NA,NA,NA,NA,0,NA,NA,NA,NA,NA,NA,NA,NA,NA,NA,NA,NA,NA,NA,0,NA,NA,NA,NA,0,NA,NA,NA,NA,NA,NA,NA,NA,NA
M23 [Coverage under WIFS JUNIOR (Weekly Iron Folic Acid Supplementation Programme for children 6 - 1,'23.1',Number of children covered under WIFS JUNIOR (6 - 10 years ) provided 4-5 IFA tablets in schools,TOTAL,13,NA,NA,NA,NA,NA,NA,NA,NA,NA,13,NA,NA,NA,NA,0,NA,NA,NA,NA,0,NA,NA,NA,NA,NA,NA,NA,NA,NA,NA,NA,NA,NA,NA,NA,NA,NA,NA,NA,NA,NA,NA,NA,NA,0,NA,NA,NA,NA,0,NA,NA,NA,NA,NA,NA,NA,NA,NA
M23 [Coverage under WIFS JUNIOR (Weekly Iron Folic Acid Supplementation Programme for children 6 - 1,'23.2',Number of children (6 - 10 years) provided albendazole in schools,TOTAL,0,NA,NA,NA,NA,NA,NA,NA,NA,NA,0,NA,NA,NA,NA,0,NA,NA,NA,NA,0,NA,NA,NA,NA,NA,NA,NA,NA,NA,NA,NA,NA,NA,NA,NA,NA,NA,NA,NA,NA,NA,NA,NA,NA,0,NA,NA,NA,NA,0,NA,NA,NA,NA,NA,NA,NA,NA,NA
M23 [Coverage under WIFS JUNIOR (Weekly Iron Folic Acid Supplementation Programme for children 6 - 1,'23.3',Number of out of school children (6-10 years) given 4-5 IFA tablets at Anganwadi Centres,TOTAL,86,NA,NA,NA,NA,NA,NA,NA,NA,NA,86,NA,NA,NA,NA,0,NA,NA,NA,NA,0,NA,NA,NA,NA,NA,NA,NA,NA,NA,NA,NA,NA,NA,NA,NA,NA,NA,NA,NA,0,NA,NA,NA,NA,0,NA,NA,NA,NA,0,NA,NA,NA,NA,NA,NA,NA,NA,NA
M23 [Coverage under WIFS JUNIOR (Weekly Iron Folic Acid Supplementation Programme for children 6 - 1,'23.4',Number of out of school children (6-10 years) provided albendazole at Anganwadi Centres,TOTAL,0,NA,NA,NA,NA,NA,NA,NA,NA,NA,0,NA,NA,NA,NA,0,NA,NA,NA,NA,0,NA,NA,NA,NA,NA,NA,NA,NA,NA,NA,NA,NA,NA,NA,NA,NA,NA,NA,NA,0,NA,NA,NA,NA,0,NA,NA,NA,NA,0,NA,NA,NA,NA,NA,NA,NA,NA,NA
M24 [Maternal Death Reviews (MDR) Done],'24.1',Total Maternal Deaths Reviewed (MDR) by CMO,TOTAL,1,NA,NA,NA,NA,0,NA,NA,NA,NA,NA,NA,NA,NA,NA,1,NA,NA,NA,NA,0,NA,NA,NA,NA,0,NA,NA,NA,NA,NA,NA,NA,NA,NA,0,NA,NA,NA,NA,0,NA,NA,NA,NA,0,NA,NA,NA,NA,0,NA,NA,NA,NA,0,NA,NA,NA,NA
M24 [Maternal Death Reviews (MDR) Done],'24.2',Total Maternal Deaths Reviewed (MDR) by DM,TOTAL,0,NA,NA,NA,NA,0,NA,NA,NA,NA,NA,NA,NA,NA,NA,0,NA,NA,NA,NA,0,NA,NA,NA,NA,0,NA,NA,NA,NA,NA,NA,NA,NA,NA,0,NA,NA,NA,NA,0,NA,NA,NA,NA,0,NA,NA,NA,NA,0,NA,NA,NA,NA,0,NA,NA,NA,NA
M24 [Maternal Death Reviews (MDR) Done],'24.3',Number of maternal deaths reported through Community based Maternal Death Review (CBMDR),TOTAL,1,NA,NA,NA,NA,0,NA,NA,NA,NA,NA,NA,NA,NA,NA,0,NA,NA,NA,NA,0,NA,NA,NA,NA,0,NA,NA,NA,NA,NA,NA,NA,NA,NA,0,NA,NA,NA,NA,0,NA,NA,NA,NA,0,NA,NA,NA,NA,0,NA,NA,NA,NA,1,NA,NA,NA,NA
M25 [Janani Shishu Suraksha Karyakram (JSSK)],'25.1.1',Number of Pregnant Women provided - Free Medicines under JSSK,TOTAL,7972,NA,NA,NA,NA,119,NA,NA,NA,NA,NA,NA,NA,NA,NA,3908,NA,NA,NA,NA,100,NA,NA,NA,NA,2534,NA,NA,NA,NA,43,NA,NA,NA,NA,187,NA,NA,NA,NA,0,NA,NA,NA,NA,343,NA,NA,NA,NA,240,NA,NA,NA,NA,498,NA,NA,NA,NA
M25 [Janani Shishu Suraksha Karyakram (JSSK)],'25.1.2',Number of Pregnant Women provided - Free Diet under JSSK,TOTAL,3019,NA,NA,NA,NA,114,NA,NA,NA,NA,9,NA,NA,NA,NA,1102,NA,NA,NA,NA,97,NA,NA,NA,NA,326,NA,NA,NA,NA,23,NA,NA,NA,NA,164,NA,NA,NA,NA,67,NA,NA,NA,NA,231,NA,NA,NA,NA,240,NA,NA,NA,NA,646,NA,NA,NA,NA
M25 [Janani Shishu Suraksha Karyakram (JSSK)],'25.1.3',Number of Pregnant Women provided - Free Diagnostics under JSSK,TOTAL,12317,NA,NA,NA,NA,102,NA,NA,NA,NA,119,NA,NA,NA,NA,4913,NA,NA,NA,NA,103,NA,NA,NA,NA,5211,NA,NA,NA,NA,43,NA,NA,NA,NA,163,NA,NA,NA,NA,358,NA,NA,NA,NA,376,NA,NA,NA,NA,240,NA,NA,NA,NA,689,NA,NA,NA,NA
M25 [Janani Shishu Suraksha Karyakram (JSSK)],'25.1.4',Number of Pregnant Women provided - Free Home to facility transport under JSSK,TOTAL,1655,NA,NA,NA,NA,91,NA,NA,NA,NA,NA,NA,NA,NA,NA,187,NA,NA,NA,NA,62,NA,NA,NA,NA,568,NA,NA,NA,NA,14,NA,NA,NA,NA,96,NA,NA,NA,NA,44,NA,NA,NA,NA,141,NA,NA,NA,NA,219,NA,NA,NA,NA,233,NA,NA,NA,NA
M25 [Janani Shishu Suraksha Karyakram (JSSK)],'25.1.5',Number of Pregnant Women provided - Interfacility transfers when needed under JSSK,TOTAL,847,NA,NA,NA,NA,11,NA,NA,NA,NA,NA,NA,NA,NA,NA,156,NA,NA,NA,NA,3,NA,NA,NA,NA,232,NA,NA,NA,NA,0,NA,NA,NA,NA,334,NA,NA,NA,NA,3,NA,NA,NA,NA,32,NA,NA,NA,NA,0,NA,NA,NA,NA,76,NA,NA,NA,NA
M25 [Janani Shishu Suraksha Karyakram (JSSK)],'25.1.6',Number of Pregnant Women provided - Free Drop Back home under JSSK,TOTAL,1643,NA,NA,NA,NA,98,NA,NA,NA,NA,4,NA,NA,NA,NA,356,NA,NA,NA,NA,70,NA,NA,NA,NA,341,NA,NA,NA,NA,18,NA,NA,NA,NA,109,NA,NA,NA,NA,41,NA,NA,NA,NA,124,NA,NA,NA,NA,240,NA,NA,NA,NA,242,NA,NA,NA,NA
M25 [Janani Shishu Suraksha Karyakram (JSSK)],'25.2.1',Number of sick infants provided - Free Medicines under JSSK,TOTAL,841,NA,NA,NA,NA,4,NA,NA,NA,NA,0,NA,NA,NA,NA,464,NA,NA,NA,NA,14,NA,NA,NA,NA,243,NA,NA,NA,NA,29,NA,NA,NA,NA,0,NA,NA,NA,NA,0,NA,NA,NA,NA,33,NA,NA,NA,NA,35,NA,NA,NA,NA,19,NA,NA,NA,NA
M25 [Janani Shishu Suraksha Karyakram (JSSK)],'25.2.2',Number of sick infants provided - Free Diagnostics under JSSK,TOTAL,747,NA,NA,NA,NA,3,NA,NA,NA,NA,NA,NA,NA,NA,NA,385,NA,NA,NA,NA,14,NA,NA,NA,NA,231,NA,NA,NA,NA,29,NA,NA,NA,NA,0,NA,NA,NA,NA,0,NA,NA,NA,NA,31,NA,NA,NA,NA,35,NA,NA,NA,NA,19,NA,NA,NA,NA
M25 [Janani Shishu Suraksha Karyakram (JSSK)],'25.2.3',Number of sick infants provided - Free Home to facility transport under JSSK,TOTAL,156,NA,NA,NA,NA,3,NA,NA,NA,NA,NA,NA,NA,NA,NA,5,NA,NA,NA,NA,1,NA,NA,NA,NA,112,NA,NA,NA,NA,0,NA,NA,NA,NA,0,NA,NA,NA,NA,2,NA,NA,NA,NA,2,NA,NA,NA,NA,28,NA,NA,NA,NA,3,NA,NA,NA,NA
M25 [Janani Shishu Suraksha Karyakram (JSSK)],'25.2.4',Number of sick infants provided - Interfacility transfers when needed under JSSK,TOTAL,128,NA,NA,NA,NA,2,NA,NA,NA,NA,NA,NA,NA,NA,NA,40,NA,NA,NA,NA,2,NA,NA,NA,NA,56,NA,NA,NA,NA,1,NA,NA,NA,NA,2,NA,NA,NA,NA,2,NA,NA,NA,NA,7,NA,NA,NA,NA,0,NA,NA,NA,NA,16,NA,NA,NA,NA
M25 [Janani Shishu Suraksha Karyakram (JSSK)],'25.2.5',Number of sick infants provided - Free Drop Back home under JSSK,TOTAL,214,NA,NA,NA,NA,3,NA,NA,NA,NA,NA,NA,NA,NA,NA,97,NA,NA,NA,NA,0,NA,NA,NA,NA,76,NA,NA,NA,NA,0,NA,NA,NA,NA,0,NA,NA,NA,NA,0,NA,NA,NA,NA,1,NA,NA,NA,NA,35,NA,NA,NA,NA,2,NA,NA,NA,NA
