Indicator,S.No.,Parameters,Type,District - _Assam,District - Baksa,District - Barpeta,District - Bongaigaon,District - Cachar,District - Chirang,District - Darrang,District - Dhemaji,District - Dhubri,District - Dibrugarh,District - Goalpara,District - Golaghat,District - Hailakandi,District - Jorhat,District - Kamrup M,District - Kamrup R,District - Karbi Anglong,District - Karimganj,District - Kokrajhar,District - Lakhimpur,District - Marigaon,District - Nagaon,District - Nalbari,District - North Cachar Hills,District - Sibsagar,District - Sonitpur,District - Tinsukia,District - Udalguri
M1 [Ante Natal Care Services ANC],1.1,Total number of pregnant women Registered for ANC,TOTAL,71106,1534,4186,1610,3938,1095,2187,1550,5999,2527,2758,2054,1884,2096,3636,3359,2032,3500,1799,2047,2514,6858,1547,435,2057,3831,2466,1607
M1 [Ante Natal Care Services ANC],1.1.1,Of which Number registered within first trimester (within 12 weeks),TOTAL,54003,1246,3333,1196,3192,693,1397,1240,3944,2129,1869,1597,1185,1876,2802,2920,1378,2788,1075,1663,1618,5392,1279,212,1719,3132,1786,1342
M1 [Ante Natal Care Services ANC],1.2,Number of Pregnant women registered under JSY,TOTAL,67547,1529,3901,1610,3938,1058,1646,1547,5797,2311,2755,1969,1884,1867,3376,3317,1967,3406,1743,2000,2403,6498,1544,274,1974,3331,2327,1575
M1 [Ante Natal Care Services ANC],1.3,Number of pregnant women received 3 ANC check ups during pregnancy,TOTAL,49275,1286,2862,1116,2450,756,1675,1114,4107,1903,1999,1500,1093,1368,2553,2381,1322,1986,1297,1488,1672,5388,976,250,1611,2552,1663,907
M1 [Ante Natal Care Services ANC],1.4.1,Number of pregnant women given TT1 during current pregnancy,TOTAL,58648,1178,3600,1457,2856,885,1937,1287,5068,1942,2245,1718,1229,1717,3011,2670,1794,2158,1525,1828,2172,5890,1289,366,1778,3708,1937,1403
M1 [Ante Natal Care Services ANC],1.4.2,Number of pregnant women given TT2 or Booster during current pregnancy,TOTAL,57125,1079,3243,1371,3134,864,1835,1084,4668,1890,2101,1756,1367,1632,2807,2510,1702,2384,1519,1882,2553,5721,1153,387,1757,3347,2111,1268
M1 [Ante Natal Care Services ANC],1.5,Total number of pregnant women given 100 IFA tablets,TOTAL,60429,1292,3259,1495,4085,828,1613,1282,5241,2291,2356,1618,1399,1382,2897,2507,1384,3103,1509,1608,2067,6895,1273,271,1668,3826,2079,1201
M1 [Ante Natal Care Services ANC],1.6.1,Number of new cases of Hypertension (BP>140/90) detected in Pregnant women at the institution,TOTAL,1441,3,60,11,119,21,55,28,84,181,36,99,5,69,81,37,33,63,33,13,20,98,16,8,56,107,49,56
M1 [Ante Natal Care Services ANC],1.6.2,Number of Eclampsia cases managed during delivery,TOTAL,27,0,3,0,0,2,0,0,0,1,2,1,0,2,0,0,0,1,3,1,0,7,0,1,1,2,0,0
M1 [Ante Natal Care Services ANC],1.7.1,Number of Pregnant women with anaemia i.e. Hb level<11 (tested cases),TOTAL,42836,731,2050,1391,3436,390,1149,854,3058,2308,1422,1594,697,1110,2574,2301,901,1314,938,1369,1468,4107,556,152,1493,3212,1248,1013
M1 [Ante Natal Care Services ANC],1.7.2,Number of Pregnant women having severe anaemia (Hb<7) treated at institution,TOTAL,324,0,10,NA,7,11,2,2,11,3,10,9,11,20,13,9,20,3,37,0,7,10,0,2,79,39,7,2
M1 [Ante Natal Care Services ANC],1.8,Number of pregnancy test kits used at SC level,TOTAL,16633,649,1065,302,816,320,453,188,335,484,587,723,859,612,240,1075,226,910,290,633,79,2341,180,106,893,1432,634,201
M2 [Deliveries],2.1.1.a,Number of deliveries conducted at Home and attended by trained SBA(i.e. Doctor or Nurse or ANM),TOTAL,1522,3,202,14,148,0,5,1,558,2,71,2,40,16,1,37,25,95,53,3,26,40,45,20,13,85,14,3
M2 [Deliveries],2.1.1.b,Number of deliveries conducted at Home and attended by non trained SBA (i.e. trained TBA or Relatives etc.),TOTAL,5607,83,609,235,241,145,188,5,1055,24,140,62,344,1,44,65,175,814,108,16,168,425,75,118,11,283,96,77
M2 [Deliveries],2.1.1.c,Total number of deliveries conducted at Home and attended by trained or non-trained SBA (i.e. sum of 2.1.1.a and 2.1.1.b),TOTAL,7129,86,811,249,389,145,193,6,1613,26,211,64,384,17,45,102,200,909,161,19,194,465,120,138,24,368,110,80
M2 [Deliveries],2.1.2,Number of newborns visited within 24 hours of delivery for deliveries conducted at home,TOTAL,5436,78,704,196,283,68,109,4,1350,18,160,47,252,17,44,79,110,678,138,19,102,422,115,74,17,212,82,58
M2 [Deliveries],2.1.3,Number of mothers paid JSY incentive for deliveries conducted at home,TOTAL,18,0,0,0,3,0,0,0,6,0,0,0,1,0,0,2,0,4,0,0,0,0,0,0,1,1,0,0
M2 [Deliveries],2.2,Deliveries conducted at Public Institutions (Including C-Sections),TOTAL,32459,689,1800,573,2229,394,1146,1011,1796,1371,1441,913,721,991,1657,1505,1190,1154,989,1210,1126,3625,639,186,791,1622,1059,631
M2 [Deliveries],2.2.1,"Out of 2.2, Number discharged under 48 hours of delivery",TOTAL,12292,288,567,364,628,387,359,507,914,344,494,178,195,149,8,808,886,432,708,467,322,1662,50,111,116,910,66,372
M2 [Deliveries],2.2.2.a,Number of mothers paid JSY Incentive for deliveries conducted at Public Institutions,TOTAL,31208,699,1795,575,2083,392,1079,1152,1730,1257,1337,1009,721,941,1261,1500,785,1147,971,1229,1168,2911,665,200,824,1783,1256,738
M2 [Deliveries],2.2.2.b,Number of ASHAs paid JSY Incentive for deliveries conducted at Public Institutions,TOTAL,16951,846,977,404,1051,238,252,383,437,347,740,440,633,525,305,1022,506,607,513,634,167,1919,560,113,671,1388,541,732
M2 [Deliveries],2.2.2.c,Number of cases of deliveries conducted at Public Institutions where JSY incentive was paid to ANMs or AWWs [only for High Performing States (HPS)],TOTAL,0,NA,NA,NA,NA,0,NA,NA,NA,NA,NA,0,0,0,NA,NA,NA,0,NA,0,NA,0,NA,NA,0,NA,NA,NA
M2 [Deliveries],2.3,Deliveries conducted at Private Institutions (Including C-Sections),TOTAL,5054,5,82,267,397,0,40,14,9,333,147,171,0,211,705,NA,0,237,36,119,2,640,288,2,265,511,508,65
M2 [Deliveries],2.3.1.a,Number of mothers paid JSY Incentive for deliveries conducted at accredited Private Institutions,TOTAL,539,0,NA,5,97,0,NA,NA,0,0,NA,1,0,0,48,NA,NA,173,NA,24,0,0,NA,0,29,48,43,71
M2 [Deliveries],2.3.1.b,Number of ASHAs paid JSY Incentive for deliveries conducted at accredited Private Institutions,TOTAL,67,0,NA,5,13,0,NA,NA,0,0,NA,0,0,0,0,NA,NA,0,NA,3,NA,0,NA,0,16,9,0,21
M2 [Deliveries],2.3.1.c,Number of cases of deliveries conducted at accredited Private Institutions where JSY incentive was paid to ANMs or AWWs [only for High Performing States (HPS)],TOTAL,0,NA,NA,NA,NA,NA,NA,NA,NA,0,NA,NA,NA,0,0,NA,NA,0,NA,NA,NA,NA,NA,NA,NA,NA,NA,NA
M3 [Number of Caesarean C-Section deliveries performed at],3.1.1,Number of Caesarean (C-Section) deliveries performed at PHCs (Primary Health Centre),TOTAL,0,NA,NA,NA,NA,NA,NA,NA,NA,NA,NA,NA,NA,0,NA,0,NA,0,NA,NA,NA,NA,NA,NA,NA,NA,NA,NA
M3 [Number of Caesarean C-Section deliveries performed at],3.1.2,Number of Caesarean (C-Section) deliveries performed at CHCs (Community Health Centre),TOTAL,457,0,33,NA,NA,0,5,0,0,128,0,0,0,0,41,111,0,0,0,0,0,16,3,NA,14,49,57,0
M3 [Number of Caesarean C-Section deliveries performed at],3.1.3,Number of Caesarean (C-Section) deliveries performed at SDHs (Sub-divisional Hospital) or DHs (District Hospital),TOTAL,3378,NA,213,35,303,NA,17,145,103,200,108,86,8,302,894,22,62,37,51,166,81,61,67,34,57,134,192,NA
M3 [Number of Caesarean C-Section deliveries performed at],3.1.4,Number of Caesarean (C-Section) deliveries performed at other State owned public institutions,TOTAL,NA,NA,NA,NA,NA,NA,NA,NA,NA,NA,NA,NA,NA,NA,NA,NA,NA,NA,NA,NA,NA,NA,NA,NA,NA,NA,NA,NA
M3 [Number of Caesarean C-Section deliveries performed at],3.1.5,"Total Number of Caesarean (C-Section) deliveries performed at Public facilities i.e. PHC, CHC, SDH, DH and other State owned public institutions (sum of items from 3.1.1 to 3.1.4)",TOTAL,3835,0,246,35,303,0,22,145,103,328,108,86,8,302,935,133,62,37,51,166,81,77,70,34,71,183,249,0
M3 [Number of Caesarean C-Section deliveries performed at],3.2,No. of C-section deliveries performed at Private facilities,TOTAL,2763,NA,74,196,286,NA,30,12,NA,124,106,75,NA,60,410,NA,NA,103,24,76,NA,480,201,NA,95,303,108,NA
M4 [Pregnancy outcome & weight of new-born],4.1.1.a,Number of male live births,TOTAL,22793,399,1380,578,1495,294,726,508,1715,794,968,575,577,598,1217,853,716,1148,657,658,662,2425,536,172,545,1321,871,405
M4 [Pregnancy outcome & weight of new-born],4.1.1.b,Number of female live births,TOTAL,20821,358,1262,488,1441,255,634,502,1635,687,797,553,511,604,1131,738,649,1089,521,633,641,2193,499,150,519,1183,789,359
M4 [Pregnancy outcome & weight of new-born],4.1.1.c,Total number of male and female live births (4.1.1.a and 4.1.1.b),TOTAL,43614,757,2642,1066,2936,549,1360,1010,3350,1481,1765,1128,1088,1202,2348,1591,1365,2237,1178,1291,1303,4618,1035,322,1064,2504,1660,764
M4 [Pregnancy outcome & weight of new-born],4.1.2,Number of still births,TOTAL,1054,26,70,28,94,2,25,26,96,42,42,34,27,21,63,21,34,62,21,15,23,135,16,7,28,56,27,13
M4 [Pregnancy outcome & weight of new-born],4.1.3,Number of Abortions (spontaneous or induced),TOTAL,8477,49,244,180,267,18,356,443,741,387,154,122,100,202,174,560,212,243,144,966,123,688,715,36,373,386,318,276
M4 [Pregnancy outcome & weight of new-born],4.2.1,Number of Newborns weighed at birth,TOTAL,42526,750,2636,1033,2934,525,1292,1006,3337,1410,1758,551,1087,1207,2403,1537,1342,2235,1183,1291,1315,4602,1034,291,1052,2338,1643,734
M4 [Pregnancy outcome & weight of new-born],4.2.2,Number of Newborns having weight less than 2.5 kg,TOTAL,7878,94,644,135,596,112,346,103,531,379,237,201,102,468,219,206,136,261,317,263,308,659,179,22,214,537,468,141
M4 [Pregnancy outcome & weight of new-born],4.3,Number of Newborns breast fed within 1 hour of birth,TOTAL,42224,749,2623,1066,2904,520,1275,973,3283,1406,1738,1002,1085,1198,2346,1532,1309,2147,1120,1287,1295,4451,1009,318,961,2276,1624,727
M5 [Complicated pregnanices],5.1.1,Number of cases of pregnant women with Obstetric Complications and attended at PHCs,TOTAL,311,0,0,3,9,0,2,1,21,2,4,0,40,1,0,13,12,106,40,15,9,14,0,0,1,0,14,4
M5 [Complicated pregnanices],5.1.2,Number of cases of pregnant women with Obstetric Complications and attended at CHCs,TOTAL,771,0,109,6,NA,6,4,2,10,0,5,11,5,2,32,70,0,16,13,0,54,28,117,26,149,4,102,0
M5 [Complicated pregnanices],5.1.3,Number of cases of pregnant women with Obstetric Complications and attended at SDHs or DHs,TOTAL,3408,4,25,35,30,NA,180,0,540,200,8,17,24,302,961,0,62,9,8,1,NA,135,2,38,583,24,192,28
M5 [Complicated pregnanices],5.1.4,Number of cases of pregnant women with Obstetric Complications and attended at other State owned public institutions,TOTAL,NA,NA,NA,NA,NA,NA,NA,NA,NA,NA,NA,NA,NA,NA,NA,NA,NA,NA,NA,NA,NA,NA,NA,NA,NA,NA,NA,NA
M5 [Complicated pregnanices],5.1.5,"Number of cases of pregnant women with Obstetric Complications and attended at Public facilities i.e. PHC, CHC, SDH, DH and other State owned public institutions (sum of items from 5.1.1 to 5.1.4)",TOTAL,4490,4,134,44,39,6,186,3,571,202,17,28,69,305,993,83,74,131,61,16,63,177,119,64,733,28,308,32
M5 [Complicated pregnanices],5.2,Number of cases of pregnant women with Obstetric Complications and attended at Private facilities,TOTAL,519,0,NA,196,5,0,NA,NA,NA,0,NA,0,0,60,70,NA,NA,36,NA,0,NA,0,129,0,0,1,22,0
M5 [Complicated pregnanices],5.3.1,Number of cases of complicated pregnancies treated with IV antibiotics,TOTAL,8600,0,101,14,200,14,392,1,805,0,20,464,22,420,152,306,74,1092,37,425,2261,77,159,39,726,521,271,7
M5 [Complicated pregnanices],5.3.2,Number of cases of complicated pregnancies treated with IV Antihypertensive/Magsulph injection,TOTAL,1004,24,15,0,12,5,141,0,153,0,14,4,24,217,3,52,10,206,7,28,14,9,14,5,12,24,10,1
M5 [Complicated pregnanices],5.3.3,Number of cases of complicated pregnancies treated with IV Oxytocis,TOTAL,5667,25,101,36,231,24,267,3,756,0,20,416,11,484,107,415,74,330,26,399,597,48,176,60,644,293,119,5
M5 [Complicated pregnanices],5.3.4,Number of cases of complicated pregnancies treated with Blood Transfusion,TOTAL,804,0,0,NA,8,0,23,0,55,254,33,66,1,54,1,22,4,18,8,35,0,99,9,25,48,24,17,0
M6 [Post - Natal Care],6.1,Women getting post partum check-up within 48 hours after delivery,TOTAL,33857,805,2098,863,2304,281,1004,698,2741,1384,1589,1004,949,920,2341,1196,873,1486,423,977,1005,3510,750,219,864,1471,1519,583
M6 [Post - Natal Care],6.2,Women getting a post partum check up between 48 hours and 14 days after delivery,TOTAL,32830,757,1997,744,2552,250,998,539,2429,1068,1366,815,775,1089,1728,1425,801,1247,580,2884,622,3340,714,205,1072,1471,1014,348
M6 [Post - Natal Care],6.3,PNC maternal complications attended,TOTAL,280,0,0,1,0,0,0,0,145,2,53,12,0,0,10,2,0,2,0,0,0,11,0,0,12,24,0,6
M7 [Medical Termination of Pregnancy (MTP)],7.1.1,Number of MTPs conducted at Public Institutions up to 12 weeks of pregnancy,TOTAL,5517,33,154,171,142,39,378,422,438,293,64,57,29,150,100,375,118,89,75,483,51,467,247,10,262,368,310,192
M7 [Medical Termination of Pregnancy (MTP)],7.1.2,Number of MTPs conducted at Public Institutions for more than 12 weeks of pregnancy,TOTAL,305,0,3,0,1,0,99,5,0,18,1,0,1,3,2,72,18,0,19,0,2,56,0,3,0,0,2,0
M7 [Medical Termination of Pregnancy (MTP)],7.1.3,Total number of MTPs conducted at Public Institutions (sum of items 7.1.1 and 7.1.2),TOTAL,5822,33,157,171,143,39,477,427,438,311,65,57,30,153,102,447,136,89,94,483,53,523,247,13,262,368,312,192
M7 [Medical Termination of Pregnancy (MTP)],7.2,Number of MTPs conducted at Private Facilities,TOTAL,366,NA,0,0,62,NA,0,0,NA,0,0,0,NA,0,28,0,NA,26,0,0,NA,0,210,NA,0,0,40,NA
M8 [RTI/STI Cases],8.1.a,Number of new cases of RTI/STI in males for which treatment was initiated,TOTAL,1397,3,43,15,26,0,22,74,42,0,220,35,90,1,182,7,4,192,5,50,78,59,103,23,0,23,97,3
M8 [RTI/STI Cases],8.1.b,Number of new cases of RTI/STI in females for which treatment was initiated,TOTAL,3452,21,265,129,430,16,204,138,295,79,451,59,181,27,142,47,13,166,10,103,88,94,146,34,2,105,122,85
M8 [RTI/STI Cases],8.1.c,Total number of new cases of RTI/STI in males and females for which treatment was initiated (sum of items 8.1.a and 8.1.b),TOTAL,4849,24,308,144,456,16,226,212,337,79,671,94,271,28,324,54,17,358,15,153,166,153,249,57,2,128,219,88
M8 [RTI/STI Cases],8.2,Number of suspected RTI/STI cases for whom wet mount test was conducted,TOTAL,9,0,0,0,0,9,0,0,0,0,0,0,0,0,0,0,0,0,0,0,0,0,0,0,0,0,0,0
M9 [Family Planning],9.1.1.a,Number of NSV (No Scalpel Vasectomy) or Conventional Vasectomy conducted at PHCs,TOTAL,22,0,0,0,2,0,0,0,0,0,0,20,0,0,0,0,0,0,0,0,0,0,0,0,0,0,0,0
M9 [Family Planning],9.1.1.b,Number of NSV or Conventional Vasectomy conducted at CHCs,TOTAL,57,0,0,NA,0,0,0,0,0,0,0,20,0,0,4,0,0,0,0,0,0,0,0,0,0,0,33,0
M9 [Family Planning],9.1.1.c,Number of NSV or Conventional Vasectomy conducted at SDHs or DHs,TOTAL,38,NA,0,NA,NA,NA,0,0,0,0,0,0,5,21,0,0,0,0,0,0,NA,0,0,0,6,6,NA,NA
M9 [Family Planning],9.1.1.d,Number of NSV or Conventional Vasectomy conducted at other State owned public institutions,TOTAL,NA,NA,NA,NA,NA,NA,NA,NA,NA,NA,NA,NA,NA,NA,NA,NA,NA,NA,NA,NA,NA,NA,NA,NA,NA,NA,NA,NA
M9 [Family Planning],9.1.1.e,"Total Number of NSV or Conventional Vasectomy conducted at Public facilities i.e. PHC, CHC, SDH, DH and other State owned public institutions (sum of items from 9.1.1.a to 9.1.1.d)",TOTAL,117,0,0,0,2,0,0,0,0,0,0,40,5,21,4,0,0,0,0,0,0,0,0,0,6,6,33,0
M9 [Family Planning],9.1.2,Number of NSV or Conventional Vasectomy conducted at Private facilities,TOTAL,2,0,NA,NA,0,0,NA,NA,NA,0,NA,0,0,2,0,NA,0,0,NA,0,NA,0,0,0,0,0,NA,0
M9 [Family Planning],9.2.1.a,Number of Laparoscopic sterilizations conducted at PHCs,TOTAL,670,0,0,0,179,0,30,72,0,0,0,60,37,0,0,0,0,120,0,0,88,11,73,0,0,0,0,0
M9 [Family Planning],9.2.1.b,Number of Laparoscopic sterilizations conducted at CHCs,TOTAL,518,0,7,NA,NA,0,9,126,0,0,0,57,30,0,5,40,0,34,0,61,0,11,37,0,0,0,101,0
M9 [Family Planning],9.2.1.c,Number of Laparoscopic sterilizations conducted at SDHs or DHs,TOTAL,622,NA,33,NA,67,NA,42,0,0,16,0,0,11,39,8,0,0,4,0,117,74,11,0,0,0,200,0,NA
M9 [Family Planning],9.2.1.d,Number of Laparoscopic sterilizations conducted at other State owned public institutions,TOTAL,NA,NA,NA,NA,NA,NA,NA,NA,NA,NA,NA,NA,NA,NA,NA,NA,NA,NA,NA,NA,NA,NA,NA,NA,NA,NA,NA,NA
M9 [Family Planning],9.2.1.e,"Total Number of Laparoscopic sterilizations conducted at Public facilities i.e. PHC, CHC, SDH, DH and other State owned public institutions (sum of items from 9.2.1.a to 9.2.1.d)",TOTAL,1810,0,40,0,246,0,81,198,0,16,0,117,78,39,13,40,0,158,0,178,162,33,110,0,0,200,101,0
M9 [Family Planning],9.2.2,Number of Laparoscopic sterilizations conducted at Private facilities,TOTAL,42,0,NA,NA,0,0,NA,NA,NA,0,NA,0,0,9,26,NA,0,0,NA,0,NA,0,0,0,0,0,7,0
M9 [Family Planning],9.3.1.a,Number of Mini-lap sterilizations conducted at PHCs,TOTAL,20,0,0,0,0,0,0,0,0,0,0,0,0,1,19,0,0,0,0,0,0,0,0,0,0,0,0,0
M9 [Family Planning],9.3.1.b,Number of Mini-lap sterilizations conducted at CHCs,TOTAL,13,0,0,NA,NA,0,0,0,0,0,0,0,0,0,0,0,0,0,0,0,0,3,0,0,0,0,10,0
M9 [Family Planning],9.3.1.c,Number of Mini-lap sterilizations conducted at SDHs or DHs,TOTAL,81,NA,0,1,NA,NA,0,17,0,25,0,0,0,30,0,0,0,1,7,0,NA,0,0,0,0,0,0,NA
M9 [Family Planning],9.3.1.d,Number of Mini-lap sterilizations conducted at other State owned public institutions,TOTAL,NA,NA,NA,NA,NA,NA,NA,NA,NA,NA,NA,NA,NA,NA,NA,NA,NA,NA,NA,NA,NA,NA,NA,NA,NA,NA,NA,NA
M9 [Family Planning],9.3.1.e,"Total Number of Mini-lap sterilizations conducted at Public facilities i.e. PHC, CHC, SDH, DH and other State owned public institutions (sum of items from 9.3.1.a to 9.3.1.d)",TOTAL,114,0,0,1,0,0,0,17,0,25,0,0,0,31,19,0,0,1,7,0,0,3,0,0,0,0,10,0
M9 [Family Planning],9.3.2,Number of Mini-lap sterilizations conducted at Private facilities,TOTAL,42,0,NA,NA,0,0,NA,NA,NA,0,NA,0,0,1,19,NA,0,19,NA,0,NA,2,1,0,0,0,NA,0
M9 [Family Planning],9.4.1.a,Number of Post-Partum sterilizations conducted at PHCs,TOTAL,0,0,0,0,0,0,0,0,0,0,0,0,0,0,0,0,0,0,0,0,0,0,0,0,0,0,0,0
M9 [Family Planning],9.4.1.b,Number of Post-Partum sterilizations conducted at CHCs,TOTAL,56,0,9,NA,NA,0,1,0,0,11,0,0,0,0,7,19,0,0,0,0,0,3,2,0,1,0,3,0
M9 [Family Planning],9.4.1.c,Number of Post-Partum sterilizations conducted at SDHs or DHs,TOTAL,250,NA,53,NA,23,NA,3,16,17,25,10,0,0,30,22,0,0,1,0,0,4,0,5,3,2,21,15,NA
M9 [Family Planning],9.4.1.d,Number of Post-Partum sterilizations conducted at other State owned public institutions,TOTAL,NA,NA,NA,NA,NA,NA,NA,NA,NA,NA,NA,NA,NA,NA,NA,NA,NA,NA,NA,NA,NA,NA,NA,NA,NA,NA,NA,NA
M9 [Family Planning],9.4.1.e,"Total Number of Post-Partum sterilizations conducted at Public facilities i.e. PHC, CHC, SDH, DH and other State owned public institutions (sum of items from 9.4.1.a to 9.4.1.d)",TOTAL,306,0,62,0,23,0,4,16,17,36,10,0,0,30,29,19,0,1,0,0,4,3,7,3,3,21,18,0
M9 [Family Planning],9.4.2,Number of Post-Partum sterilizations conducted at Private facilities,TOTAL,113,0,NA,NA,3,0,NA,NA,NA,0,NA,0,0,1,24,NA,0,19,NA,0,NA,51,15,0,0,0,NA,0
M9 [Family Planning],9.5.1.a,Number of IUCD Insertions conducted at SCs,TOTAL,2477,17,152,72,101,67,148,123,317,47,66,77,130,36,24,190,131,85,29,50,77,170,19,3,90,56,170,30
M9 [Family Planning],9.5.1.b,Number of IUCD Insertions conducted at PHCs,TOTAL,1526,53,37,6,55,46,60,95,117,129,54,50,63,67,81,72,43,13,121,23,16,74,77,11,51,20,50,42
M9 [Family Planning],9.5.1.c,Number of IUCD Insertions conducted at CHCs,TOTAL,658,0,36,NA,NA,2,27,26,24,5,60,12,25,23,13,90,26,2,0,22,3,27,24,3,8,19,93,88
M9 [Family Planning],9.5.1.d,Number of IUCD Insertions conducted at SDHs or DHs,TOTAL,1518,4,24,3,22,10,110,137,8,72,79,35,11,31,668,0,23,4,38,3,9,70,4,33,34,3,80,3
M9 [Family Planning],9.5.1.e,Number of IUCD Insertions conducted at other State owned public institutions,TOTAL,NA,NA,NA,NA,NA,NA,NA,NA,NA,NA,NA,NA,NA,NA,NA,NA,NA,NA,NA,NA,NA,NA,NA,NA,NA,NA,NA,NA
M9 [Family Planning],9.5.1.f,"Total Number of IUCD Insertions conducted at Public facilities i.e. SC, PHC, CHC, SDH, DH and other State owned public institutions (sum of items from 9.5.1.a to 9.5.1.e)",TOTAL,6179,74,249,81,178,125,345,381,466,253,259,174,229,157,786,352,223,104,188,98,105,341,124,50,183,98,393,163
M9 [Family Planning],9.5.1A,"Out of above total, Post Partum (within 48 hours of delivery) IUCD insertions",TOTAL,1470,0,98,NA,9,0,114,23,42,93,81,440,63,3,180,18,16,0,0,0,18,60,7,2,53,20,130,0
M9 [Family Planning],9.5.2,Number of IUCD Insertions conducted at Private facilities,TOTAL,115,0,NA,NA,4,1,NA,NA,NA,2,NA,0,0,3,13,NA,0,3,NA,0,NA,0,35,0,8,3,32,11
M9 [Family Planning],9.06,Number of IUCD removals,TOTAL,846,11,5,19,22,27,20,52,24,59,28,25,16,10,44,42,43,34,34,21,42,35,28,6,46,93,26,34
M9 [Family Planning],9.07,Number of Oral Pills cycles distributed,TOTAL,124257,3555,11819,3269,5578,1590,3852,2758,9711,3813,5579,4249,2158,3077,2039,7441,3367,3857,4490,4324,4965,7012,3768,974,4602,9885,4208,2317
M9 [Family Planning],9.08,Number of Condom pieces distributed,TOTAL,355136,7830,26710,9806,20551,2868,13960,2943,27797,16344,20621,8204,16538,19876,8072,21834,19524,16753,12296,7569,7031,8754,16295,2742,17544,15325,4431,2918
M9 [Family Planning],9.09,Number of Centchroman (weekly) pills given,TOTAL,1368,0,0,0,230,0,0,22,0,95,0,62,0,0,0,21,4,31,50,0,20,256,95,0,48,424,10,0
M9 [Family Planning],9.1,Number of Emergency Contraceptive Pills distributed,TOTAL,1417,17,158,8,37,0,38,10,166,50,91,0,113,17,118,140,17,32,104,77,20,40,32,10,3,63,29,27
M9 [Family Planning],9.11.1.a,Number of cases of complications following male sterilization,TOTAL,0,0,0,0,0,0,0,0,0,0,0,0,0,0,0,0,0,0,0,0,0,0,0,0,0,0,0,0
M9 [Family Planning],9.11.1.b,Number of cases of complications following female sterilization,TOTAL,6,0,2,0,0,0,0,0,0,0,0,0,0,0,1,0,0,1,2,0,0,0,0,0,0,0,0,0
M9 [Family Planning],9.11.2.a,Number of failures following male sterilization,TOTAL,0,0,0,0,0,0,0,0,0,0,0,0,0,0,0,0,0,0,0,0,0,0,0,0,0,0,0,0
M9 [Family Planning],9.11.2.b,Number of failures following female sterilization,TOTAL,11,0,0,0,1,0,1,3,0,0,0,0,1,0,0,0,1,1,0,0,0,0,0,0,3,0,0,0
M9 [Family Planning],9.11.3.a,Number of deaths following male sterilization,TOTAL,0,0,0,0,0,0,0,0,0,0,0,0,0,0,0,0,0,0,0,0,0,0,0,0,0,0,0,0
M9 [Family Planning],9.11.3.b,Number of deaths following female sterilization,TOTAL,0,0,0,0,0,0,0,0,0,0,0,0,0,0,0,0,0,0,0,0,0,0,0,0,0,0,0,0
M9 [Family Planning],9.12,Number of Institutions having NSV trained doctors,TOTAL,45,3,3,3,1,1,1,2,1,4,3,1,1,1,2,2,1,1,1,1,2,2,2,NA,3,2,1,NA
M10 [CHILD IMMUNIZATION],10.1.01,Number of Infants (0 to 11 months old)received BCG immunisation,TOTAL,44245,550,2425,1532,4085,603,1100,1059,3706,1883,1329,906,1363,1311,3166,1880,1368,1585,736,1372,1829,3145,984,332,1214,2174,1690,918
M10 [CHILD IMMUNIZATION],10.1.02,Number of Infants (0 to 11 months old) received DPT1 immunisation,TOTAL,53456,1288,3279,1230,3408,857,1648,1114,3979,1824,2097,1399,1439,1632,2529,2591,1507,2469,1273,1645,1938,5204,1242,347,1534,2883,1864,1236
M10 [CHILD IMMUNIZATION],10.1.03,Number of Infants (0 to 11 months old) received DPT2 immunisation,TOTAL,53872,1291,3255,1378,3308,798,1699,1204,3919,1830,2037,1518,1339,1641,2210,2679,1558,2357,1380,1757,2013,4878,1441,330,1634,3187,2012,1219
M10 [CHILD IMMUNIZATION],10.1.04,Number of Infants (0 to 11 months old) received DPT3 immunisation,TOTAL,52575,1194,3251,1277,3274,713,1681,1206,3631,1780,1930,1498,1322,1669,2200,2752,1534,2144,1285,1797,1954,4902,1322,334,1605,3215,1892,1213
M10 [CHILD IMMUNIZATION],10.1.04A,Number of Infants (0 to 11 months old) received Pentavalent1 immunisation,TOTAL,0,0,0,0,0,0,0,0,0,0,0,0,0,0,0,0,0,0,0,0,0,0,0,0,0,0,0,0
M10 [CHILD IMMUNIZATION],10.1.04B,Number of Infants (0 to 11 months old) received Pentavalent2 immunisation,TOTAL,0,0,0,0,0,0,0,0,0,0,0,0,0,0,0,0,0,0,0,0,0,0,0,0,0,0,0,0
M10 [CHILD IMMUNIZATION],10.1.04C,Number of Infants (0 to 11 months old) received Pentavalent3 immunisation,TOTAL,0,0,0,0,0,0,0,0,0,0,0,0,0,0,0,0,0,0,0,0,0,0,0,0,0,0,0,0
M10 [CHILD IMMUNIZATION],10.1.05,Number of Infants (0 to 11 months old) received OPV 0 (Birth Dose),TOTAL,18020,238,794,132,960,56,595,326,1270,1279,411,459,238,904,1856,840,533,226,262,772,408,2298,604,218,485,828,682,346
M10 [CHILD IMMUNIZATION],10.1.06,Number of Infants (0 to 11 months old) received OPV1 (First Dose),TOTAL,42925,1281,2276,1011,1486,612,1648,724,3962,1808,688,875,1295,1632,2104,2557,1507,242,1219,1647,1799,4419,1268,347,1530,2101,1730,1157
M10 [CHILD IMMUNIZATION],10.1.07,Number of Infants (0 to 11 months old) received OPV2 (Second Dose),TOTAL,43924,1295,2253,1120,1403,535,1700,806,3952,1814,691,974,1220,1641,2174,2652,1558,262,1342,1766,1827,4209,1441,330,1609,2359,1863,1128
M10 [CHILD IMMUNIZATION],10.1.08,Number of Infants (0 to 11 months old) received OPV3 (Third Dose),TOTAL,42873,1195,2188,1020,1394,481,1686,812,3614,1783,633,920,1183,1669,2146,2731,1544,238,1255,1792,1760,4296,1324,334,1605,2421,1739,1110
M10 [CHILD IMMUNIZATION],10.1.09A,Number of Infants (upto 48 hrs of age) received Hepatitis-B0 immunisation,TOTAL,14021,122,739,78,644,8,643,339,785,971,442,523,115,545,1784,432,308,306,61,765,323,1505,482,170,365,779,564,223
M10 [CHILD IMMUNIZATION],10.1.09,Number of Infants (0 to 11 months old) received Hepatitis-B1 immunisation,TOTAL,54822,1341,3335,1233,3391,855,1609,1117,4173,1980,2125,1502,1598,1632,2529,2675,1488,2120,1246,1656,1935,5359,1387,347,1748,2907,2288,1246
M10 [CHILD IMMUNIZATION],10.1.10,Number of Infants (0 to 11 months old) received Hepatitis-B2 immunisation,TOTAL,54931,1282,3228,1365,3311,793,1652,1224,4031,2147,2052,1565,1507,1641,2212,2778,1531,2211,1305,1748,1985,4866,1597,330,1731,3219,2379,1241
M10 [CHILD IMMUNIZATION],10.1.11,Number of Infants (0 to 11 months old) received Hepatitis-B3 immunisation,TOTAL,51614,1126,3208,1280,3187,721,1619,1234,3460,1863,1821,1479,1273,1669,2199,2792,1514,1733,1188,1773,1936,4910,1316,334,1668,3232,1867,1212
M10 [CHILD IMMUNIZATION],10.1.12,Number of Infants (0 to 11 months old) received Measles immunisation (First Dose),TOTAL,46837,1108,2716,1209,2586,664,1581,1024,3221,1697,1658,1353,1098,1568,1943,2398,1419,1888,1086,1692,1697,4408,1166,297,1513,2925,1802,1120
M10 [CHILD IMMUNIZATION],10.1.12B,Number of Infants (more than 16 months old) received Measles immunisation (Second Dose),TOTAL,39835,1035,2674,951,2520,604,1161,622,1920,1565,1231,1374,1073,1453,1467,2569,963,1526,485,1407,1649,3324,1181,256,1404,2631,1716,1074
M10 [CHILD IMMUNIZATION],10.1A,No. of Children aged 9 to 12 months who received JE 1st dose,TOTAL,19900,0,0,0,0,0,0,693,0,1640,11,1181,0,1480,0,2254,0,0,0,1655,0,4043,0,0,1437,2946,1494,1066
M10 [CHILD IMMUNIZATION],10.1.13.a,Total number of male children (9 to 11 months old) fully immunised (BCG+DPT123/Pentavalent123+OPV123+Measles) during the month,TOTAL,23929,574,1390,605,1358,318,827,497,1623,863,850,688,593,831,961,1236,741,922,557,861,877,2290,608,133,768,1426,961,571
M10 [CHILD IMMUNIZATION],10.1.13.b,Total number of female children (9 to 11 months old) fully immunised (BCG+DPT123/Pentavalent123+OPV123+Measles) during the month,TOTAL,22101,535,1283,561,1225,335,747,523,1471,835,792,613,502,731,937,1135,678,824,512,831,818,2049,543,161,717,1374,832,537
M10 [CHILD IMMUNIZATION],10.1.13.c,Total number of children (9 to 11 months old) fully immunised (BCG+DPT123/Pentavalent123+OPV123+Measles) during the month (sum of items 10.1.13.a and 10.1.13.b),TOTAL,46030,1109,2673,1166,2583,653,1574,1020,3094,1698,1642,1301,1095,1562,1898,2371,1419,1746,1069,1692,1695,4339,1151,294,1485,2800,1793,1108
M10 [CHILD IMMUNIZATION],10.2.1,Number of Infants (more than 16 months old) received DPT Booster dose,TOTAL,43403,1091,2841,1052,2872,635,1203,912,2129,1751,1344,1350,1129,1596,1727,2588,1059,1717,878,1409,1659,3525,1231,256,1546,2841,1926,1136
M10 [CHILD IMMUNIZATION],10.2.2,Number of Infants (more than 16 months old) received OPV Booster dose,TOTAL,36390,1090,2283,731,1189,541,1199,628,2131,1762,587,899,1035,1594,1719,2558,1057,236,866,1417,1527,3152,1223,256,1565,2274,1820,1051
M10 [CHILD IMMUNIZATION],10.2.3,"Number of Infants (more than 16 months old) received Measles, Mumps, Rubella (MMR) Vaccination",TOTAL,63,0,0,0,2,0,0,0,0,42,0,0,0,0,8,0,0,0,0,0,0,0,0,0,0,4,7,0
M10 [CHILD IMMUNIZATION],10.3.1.a,Total number of male children (12 to 23 months old) fully immunised (BCG+DPT123/Pentavalent123+OPV123+Measles) during the month,TOTAL,4088,137,248,152,194,110,32,5,353,42,319,84,14,30,137,315,33,166,111,94,352,393,60,70,262,272,42,61
M10 [CHILD IMMUNIZATION],10.3.1.b,Total number of female children (12 to 23 months old) fully immunised (BCG+DPT123/Pentavalent123+OPV123+Measles) during the month,TOTAL,3896,133,238,144,162,121,30,1,377,49,290,87,23,47,151,267,43,148,91,83,344,365,47,72,235,266,33,49
M10 [CHILD IMMUNIZATION],10.3.1.c,Total number of children (12 to 23 months old) fully immunised (BCG+DPT123+OPV123/Pentavalent123+Measles) during the month (sum of items 10.3.1.a and 10.3.1.b),TOTAL,7984,270,486,296,356,231,62,6,730,91,609,171,37,77,288,582,76,314,202,177,696,758,107,142,497,538,75,110
M10 [CHILD IMMUNIZATION],10.3.2,Number of children (more than 5 years old) given DT5,TOTAL,19452,430,988,315,1595,209,571,354,854,886,390,617,669,1077,793,1078,496,785,404,770,807,1649,450,84,508,1371,807,495
M10 [CHILD IMMUNIZATION],10.3.3,Number of children (more than 10 years old) given TT10,TOTAL,17604,279,813,183,1823,152,512,253,735,511,430,512,895,963,609,817,539,1121,405,647,685,1458,426,112,453,1377,568,326
M10 [CHILD IMMUNIZATION],10.3.4,Number of children (more than 16 years old) given TT16,TOTAL,13647,212,665,126,1452,134,518,185,599,268,295,378,746,705,485,564,534,909,366,475,486,950,298,94,346,1135,510,212
M10 [CHILD IMMUNIZATION],10.3.5.a,Number of cases of Abscess reported following immunisation [Adverse Event Following Immunisation (AEFI)],TOTAL,10,4,0,0,0,0,2,1,0,0,0,0,0,0,1,1,0,0,0,0,0,0,0,0,0,0,0,1
M10 [CHILD IMMUNIZATION],10.3.5.b,Number of cases of Death reported following immunisation [Adverse Event Following Immunisation (AEFI)],TOTAL,0,0,0,0,0,0,0,0,0,0,0,0,0,0,0,0,0,0,0,0,0,0,0,0,0,0,0,0
M10 [CHILD IMMUNIZATION],10.3.5.c,Number of cases of other complications reported following immunisation [Adverse Event Following Immunisation (AEFI)],TOTAL,152,23,0,0,0,0,90,17,0,0,0,0,0,1,10,2,0,0,0,0,0,0,7,0,0,0,0,2
M10 [CHILD IMMUNIZATION],10.4.1,Number of Immunisation sessions planned to be held during the month,TOTAL,27980,796,1308,646,1595,465,938,703,1468,1039,904,1189,666,1059,657,1043,1081,1176,929,1271,975,2168,777,406,1172,1761,983,805
M10 [CHILD IMMUNIZATION],10.4.2,Number of Immunisation sessions held during the month,TOTAL,27318,776,1300,632,1569,450,909,696,1412,1040,866,1186,646,1028,650,1037,1031,1131,901,1242,967,2107,769,369,1129,1719,977,779
M10 [CHILD IMMUNIZATION],10.4.3,Number of Immunisation sessions held during the month where ASHAs were present,TOTAL,26562,773,1295,577,1540,449,858,692,1360,1030,834,1178,598,1000,649,1025,1012,1069,887,1236,947,2004,737,318,1100,1668,950,776
M10 [CHILD IMMUNIZATION],10.5.1,Number of children (more than 16 months old) received Japanese Encephalitis (JE) vaccination,TOTAL,18729,0,0,0,0,0,4,511,0,1498,31,1281,0,1374,0,2538,0,0,0,1335,0,3058,4,0,1287,3025,1684,1099
M11 [Number of Vitamin A doses],11.1.1,Number of children (9 months to 5 years old) administered 1st dose of Vitamin A (Dose-1),TOTAL,44443,1102,2624,1151,2526,645,1523,714,3140,1572,1679,1339,1096,1498,1534,2366,1396,1824,1021,1646,1599,4407,1001,302,1475,2674,1626,963
M11 [Number of Vitamin A doses],11.1.2,Number of children (9 months to 5 years old) were administered 5th dose of Vitamin A (Dose-5),TOTAL,11750,187,644,119,865,66,498,111,754,301,203,447,298,637,645,650,180,550,276,496,335,1281,127,69,541,708,586,176
M11 [Number of Vitamin A doses],11.1.3,Number of children (9 months to 5 years old) administered 9th dose of Vitamin A (Dose-9),TOTAL,13064,281,712,116,970,132,616,182,719,592,242,471,376,739,723,773,309,378,221,467,525,1106,301,56,441,700,658,258
M12 [Number of cases of Childhood Diseases reported during the month0-5 years:],12.1,Number of cases of Diptheria reported in children below 5 years of age,TOTAL,0,0,0,0,0,0,0,0,0,0,0,0,0,0,0,0,0,0,0,0,0,0,0,0,0,0,0,0
M12 [Number of cases of Childhood Diseases reported during the month0-5 years:],12.2,Number of cases of Pertusis reported in children below 5 years of age,TOTAL,0,0,0,0,0,0,0,0,0,0,0,0,0,0,0,0,0,0,0,0,0,0,0,0,0,0,0,0
M12 [Number of cases of Childhood Diseases reported during the month0-5 years:],12.3,Number of cases of Tetanus neonatarum reported in children below 5 years of age,TOTAL,0,0,0,0,0,0,0,0,0,0,0,0,0,0,0,0,0,0,0,0,0,0,0,0,0,0,0,0
M12 [Number of cases of Childhood Diseases reported during the month0-5 years:],12.4,Number of cases of Tetanus other than neonatarum reported in children below 5 years of age,TOTAL,0,0,0,0,0,0,0,0,0,0,0,0,0,0,0,0,0,0,0,0,0,0,0,0,0,0,0,0
M12 [Number of cases of Childhood Diseases reported during the month0-5 years:],12.5,Number of cases of Polio reported in children below 5 years of age,TOTAL,0,0,0,0,0,0,0,0,0,0,0,0,0,0,0,0,0,0,0,0,0,0,0,0,0,0,0,0
M12 [Number of cases of Childhood Diseases reported during the month0-5 years:],12.6,Number of cases of Measles reported in children below 5 years of age,TOTAL,294,9,10,2,29,7,6,15,17,4,1,30,2,4,3,5,6,15,8,40,0,41,15,1,10,2,5,7
M12 [Number of cases of Childhood Diseases reported during the month0-5 years:],12.7,Number of cases of Diarrhoea and Dehydration reported in children below 5 years of age,TOTAL,12944,270,258,30,469,341,885,483,816,506,320,348,538,356,361,208,326,1040,339,617,239,787,593,315,450,499,1351,199
M12 [Number of cases of Childhood Diseases reported during the month0-5 years:],12.8,Number of cases of Malaria reported in children below 5 years of age,TOTAL,192,0,0,0,2,149,0,0,2,0,7,1,0,0,0,0,21,0,0,3,0,0,0,4,0,0,0,3
M12 [Number of cases of Childhood Diseases reported during the month0-5 years:],12.9,Number of children below 5 years of age admitted with Respiratory Infections,TOTAL,2618,62,53,16,13,382,17,7,60,13,132,37,220,71,163,0,159,161,17,288,2,56,491,74,30,51,43,0
M13 [Blindness Control Programme],13.1,Number of Patients operated for cataract,TOTAL,2371,0,139,0,11,0,2,9,33,126,118,83,0,239,303,109,93,122,120,91,0,162,187,4,151,51,118,100
M13 [Blindness Control Programme],13.2,Number of Intraocular Lens(IOL) implantations,TOTAL,1764,0,139,0,11,0,2,5,33,126,109,83,0,125,10,90,93,110,120,91,0,157,187,4,151,45,0,73
M13 [Blindness Control Programme],13.3,Number of School children detected with Refractive errors,TOTAL,514,0,18,4,0,0,38,33,24,26,13,34,0,0,5,54,132,0,0,7,2,0,21,20,8,50,0,25
M13 [Blindness Control Programme],13.4,Number of children provided free glasses,TOTAL,279,0,12,0,0,0,4,33,0,26,28,2,0,0,5,18,122,0,0,0,0,0,15,0,0,2,0,12
M13 [Blindness Control Programme],13.5,Number of eyes collected through eye donation,TOTAL,0,NA,0,NA,0,0,0,0,0,0,0,0,0,0,0,0,0,0,0,0,0,0,0,0,0,0,0,0
M13 [Blindness Control Programme],13.6,Number of eyes utilised for corneal transplant,TOTAL,0,NA,0,NA,0,0,0,0,0,0,0,0,0,0,0,0,0,0,0,0,0,0,0,0,0,0,0,0
M14 [Patient Services],14.01,Number of CHC or SDH or DH functioning as First Referral units (FRUs),TOTAL,45,NA,2,2,NA,NA,2,NA,1,2,1,1,NA,4,2,7,1,1,1,1,1,5,1,NA,4,2,4,NA
M14 [Patient Services],14.02,Number of PHCs functioning 24X7 with atleast 3 Staff Nurses,TOTAL,372,18,12,16,16,7,8,14,14,12,22,21,6,12,8,16,11,11,23,16,11,21,13,4,16,23,12,9
M14 [Patient Services],14.03,Number of Anganwadi centres reported to have conducted VHNDs,TOTAL,23523,713,953,515,1411,411,713,696,1258,893,568,1000,576,697,198,1391,881,1019,778,1103,904,2086,522,157,852,1686,824,718
M14 [Patient Services],14.04,Number of facilities having a Rogi Kalyan Samiti (RKS),TOTAL,136,3,5,3,2,3,3,5,8,4,6,5,3,6,3,13,6,2,2,9,5,10,6,3,4,7,7,3
M14 [Patient Services],14.05,Number of RKS meetings held during the month,TOTAL,384,31,13,12,4,8,14,5,18,8,14,24,4,31,3,35,9,8,28,8,17,15,12,6,13,19,14,11
M14 [Patient Services],14.06,Number of facilities having Ambulance services (Assured Referral Services),TOTAL,574,27,19,16,26,10,15,13,20,18,22,27,12,22,13,29,21,21,16,29,17,27,21,10,28,45,16,34
M14 [Patient Services],14.07,Total Number of times the Ambulance was used for transporting patients during the month,TOTAL,7524,237,522,85,394,272,97,75,521,48,295,589,324,88,151,314,231,246,164,489,308,245,123,22,622,634,153,275
M14 [Patient Services],14.08,Number of Institutions having Operational Sick New Born and Child Care Units (SNCU),TOTAL,21,NA,NA,1,1,NA,1,1,1,1,1,1,1,1,1,NA,NA,1,2,1,1,1,1,NA,1,1,1,NA
M14 [Patient Services],14.09,Number of functional Laproscopes in CHC/SDH/DH,TOTAL,28,NA,1,NA,0,0,1,0,5,0,0,0,3,4,0,0,0,1,0,4,2,1,1,0,2,0,3,0
M14 [Patient Services],14.10.1.a,Number of male patients admitted (Inpatients) during the month,1. Children,7160,23,408,30,525,6,262,46,571,434,248,478,184,534,231,172,183,264,87,421,351,171,310,65,388,489,191,88
M14 [Patient Services],14.10.1.a,Number of male patients admitted (Inpatients) during the month,2. Adults,32240,195,801,367,1566,13,957,296,1679,3257,642,1291,800,1863,4075,300,555,502,569,3579,717,1849,678,316,1692,1719,1450,512
M14 [Patient Services],14.10.1.b,Number of female patients (Inpatients) admitted during the month,1. Children,7522,23,582,46,592,4,177,42,726,525,194,503,248,449,210,296,239,356,56,277,281,186,309,71,352,471,199,108
M14 [Patient Services],14.10.1.b,Number of female patients (Inpatients) admitted during the month,2. Adults,54930,714,1257,627,3940,84,1989,813,2286,3930,1179,2002,1808,2452,5361,1062,1236,1788,847,5882,1422,3072,1177,531,2612,3604,2421,834
M14 [Patient Services],14.10.1.c,Total number of patients admitted (Inpatients) during the month (sum of items 14.10.1.a and 14.10.1.b),1. Children,14682,46,990,76,1117,10,439,88,1297,959,442,981,432,983,441,468,422,620,143,698,632,357,619,136,740,960,390,196
M14 [Patient Services],14.10.1.c,Total number of patients admitted (Inpatients) during the month (sum of items 14.10.1.a and 14.10.1.b),2. Adults,87170,909,2058,994,5506,97,2946,1109,3965,7187,1821,3293,2608,4315,9436,1362,1791,2290,1416,9461,2139,4921,1855,847,4304,5323,3871,1346
M14 [Patient Services],14.10.2.a,Number of death cases of Inpatient males,TOTAL,728,0,45,8,0,0,7,17,41,0,21,33,14,43,356,1,17,17,7,3,6,31,6,4,23,7,16,5
M14 [Patient Services],14.10.2.b,Number of death cases of Inpatient females,TOTAL,462,0,33,6,0,0,9,10,35,0,5,14,10,30,172,1,7,15,14,1,11,29,9,5,19,9,15,3
M14 [Patient Services],14.10.2.c,Number of cases of death of Inpatients (sum of items 14.10.2.a and 14.10.2.b),TOTAL,1190,0,78,14,0,0,16,27,76,0,26,47,24,73,528,2,24,32,21,4,17,60,15,9,42,16,31,8
M14 [Patient Services],14.11,In-Patient Head Count at midnight,TOTAL,56379,35,2703,1,4459,23,2328,3091,6667,190,3727,404,1777,706,5617,927,550,281,260,384,3734,915,4330,3124,2409,2923,3838,976
M14 [Patient Services],14.12.1,OPD attendance (All),TOTAL,2465845,56741,110494,59546,118675,23484,66725,49572,184970,156119,79324,91857,40962,106385,128870,120778,45782,65779,40554,80951,85343,141546,74776,20926,114355,200365,126060,74906
M14 [Patient Services],14.13.1,Number of major operations carried out using general or spinal anaesthesia,TOTAL,2736,NA,81,24,158,0,9,0,37,21,43,60,0,242,453,11,18,128,84,312,70,125,72,22,135,319,311,1
M14 [Patient Services],14.13.1A,"Out of 14.13.1,Gynecology- Hysterectomy surgeries",TOTAL,203,NA,27,NA,54,0,3,0,1,5,1,7,0,0,1,1,1,1,14,11,0,4,0,NA,0,12,60,0
M14 [Patient Services],14.13.2,Number of minor operations carried out without anaesthesia or using local anaesthesia,TOTAL,2198,0,114,41,159,1,40,4,643,9,18,21,9,291,282,119,6,57,46,9,0,24,31,18,14,43,194,5
M14 [Patient Services],14.14.a,Number of patients given AYUSH treatment,TOTAL,52555,1084,0,85,163,942,2384,2912,627,2452,13855,1233,222,350,787,5277,555,1700,300,232,0,822,13264,1003,561,751,212,782
M14 [Patient Services],14.14.b,Number of patients on whom Dental Procedure was conducted,TOTAL,10801,75,169,123,154,0,210,203,531,0,703,603,0,543,0,658,248,878,315,702,130,364,1394,68,1223,929,473,105
M14 [Patient Services],14.14.c,Number of Adolescents counselled,TOTAL,1383,47,63,0,79,210,327,0,2,108,115,137,20,0,10,181,0,0,0,0,0,10,72,0,2,0,0,0
M15 [Laboratory Testing],15.1.1.a,Number of Haemoglobin (Hb) tests conducted,TOTAL,146808,4218,8037,2787,12955,1218,2770,3559,10436,8444,6298,4318,3781,5665,2975,9189,2040,6776,1894,4964,5528,10375,5022,650,3781,10060,6750,2318
M15 [Laboratory Testing],15.1.1.b,"Out of the total number of Hb tests conducted, number of cases having Hb less than 7gm/dl",TOTAL,3387,9,27,32,397,190,226,96,126,261,31,39,13,69,44,53,61,101,54,147,40,309,40,24,119,452,401,26
M15 [Laboratory Testing],15.1.2.a,Number of HIV tests conducted on males,1. Number tested,4793,50,204,231,63,0,71,203,139,15,159,408,29,405,86,449,170,129,147,94,139,431,179,52,167,442,306,25
M15 [Laboratory Testing],15.1.2.a,Number of HIV tests conducted on males,2. Number Positive,32,0,5,0,1,0,0,0,1,0,1,3,0,1,2,1,0,5,0,1,0,7,1,0,1,1,1,0
M15 [Laboratory Testing],15.1.2.b,Number of HIV tests conducted on Female-Non ANC (i.e. non pregnant females),1. Number tested,4828,129,327,173,86,0,195,159,280,17,352,212,351,260,41,246,15,106,218,302,269,521,229,32,151,33,94,30
M15 [Laboratory Testing],15.1.2.b,Number of HIV tests conducted on Female-Non ANC (i.e. non pregnant females),2. Number Positive,24,1,3,2,1,0,0,0,0,0,0,1,2,1,1,0,0,6,0,1,0,4,0,0,0,0,1,0
M15 [Laboratory Testing],15.1.2.c,Number of HIV tests conducted on Female with ANC (i.e. pregnant females),1. Number tested,22289,78,1606,852,1285,0,563,810,578,618,707,1769,203,1360,1335,2086,398,377,598,542,760,2282,881,131,497,1000,651,322
M15 [Laboratory Testing],15.1.2.c,Number of HIV tests conducted on Female with ANC (i.e. pregnant females),2. Number Positive,43,0,2,0,3,0,0,0,1,0,1,2,0,27,2,1,0,2,0,0,1,0,0,0,1,0,0,0
M15 [Laboratory Testing],15.1.2.d,Total number of HIV tests conducted (sum of items 15.1.2.a to 15.1.2.c),1. Number tested,31910,257,2137,1256,1434,0,829,1172,997,650,1218,2389,583,2025,1462,2781,583,612,963,938,1168,3234,1289,215,815,1475,1051,377
M15 [Laboratory Testing],15.1.2.d,Total number of HIV tests conducted (sum of items 15.1.2.a to 15.1.2.c),2. Number Positive,99,1,10,2,5,0,0,0,2,0,2,6,2,29,5,2,0,13,0,2,1,11,1,0,2,1,2,0
M15 [Laboratory Testing],15.2,Number of Widal tests conducted,Number tested,5448,67,158,18,60,256,152,478,132,106,219,116,231,225,155,446,50,112,125,512,113,298,271,76,153,416,133,370
M15 [Laboratory Testing],15.3.a,Number of VDRL tests conducted on males,Number tested,909,9,3,6,25,0,0,7,70,3,448,0,0,3,1,47,0,83,0,26,0,54,101,2,0,19,0,2
M15 [Laboratory Testing],15.3.b,Number of VDRL tests conducted on Female-Non ANC (i.e. non pregnant females),Number tested,1858,6,1,0,468,0,0,5,278,0,0,0,0,523,7,17,0,176,0,23,0,93,142,1,0,97,0,21
M15 [Laboratory Testing],15.3.c,Number of VDRL tests conducted on Female with ANC (i.e. pregnant females),Number tested,9398,14,624,63,316,21,8,355,563,96,105,255,2,792,426,1721,72,316,0,443,209,917,128,41,66,1372,158,315
M15 [Laboratory Testing],15.3.d,Total number of VDRL tests conducted (sum of items 15.3.a to 15.3.c),Number tested,12165,29,628,69,809,21,8,367,911,99,553,255,2,1318,434,1785,72,575,0,492,209,1064,371,44,66,1488,158,338
M15 [Laboratory Testing],15.4.1,Number of blood smears examined for Malaria,TOTAL,192108,5728,8374,12048,10630,3326,2082,5555,9131,7115,5184,8936,4073,7397,2906,18910,5139,3364,2893,10781,5273,13114,4016,1264,10492,13134,6555,4688
M15 [Laboratory Testing],15.4.2,"Out of blood smears examined for malaria, number of blood smears tested positive for Plasmodium Vivax",TOTAL,1517,15,1,4,1,13,2,1,0,0,106,1,6,0,0,4,22,669,6,148,2,377,2,34,37,5,7,54
M15 [Laboratory Testing],15.4.3,"Out of blood smears examined for malaria, number of blood smears tested positive for Plasmodium Falciparum",TOTAL,489,19,5,1,9,62,1,3,27,2,34,2,14,1,0,9,187,6,10,5,0,2,0,42,0,4,3,41
M16 [Stock Position (During the month)],16.1.1,Stock position of DPT vaccines,1. Balance From Previous Month,575964,5820,20600,3000,7000,30245,22490,50220,22900,2337,46530,11220,2250,70470,8500,6300,35610,46750,12350,56300,810,NA,15990,47850,1481,1439,302,47200
M16 [Stock Position (During the month)],16.1.1,Stock position of DPT vaccines,2. Stocks Received,219600,10000,20000,20000,25000,10000,10000,0,25000,2000,0,0,1500,NA,10000,15000,16000,NA,15000,16000,1500,NA,10000,NA,0,1000,1600,10000
M16 [Stock Position (During the month)],16.1.1,Stock position of DPT vaccines,3. Unusable Stock,0,0,NA,NA,NA,NA,NA,0,NA,0,0,NA,0,NA,0,NA,NA,NA,0,0,0,NA,0,NA,0,0,0,0
M16 [Stock Position (During the month)],16.1.1,Stock position of DPT vaccines,4. Stock Distributed,204996,7570,18800,11000,17500,4620,9500,8000,15500,1525,10000,7630,850,8650,7000,13700,11040,14000,2720,14000,604,NA,6587,1700,1390,1939,1171,8000
M16 [Stock Position (During the month)],16.1.1,Stock position of DPT vaccines,5. Total Stock,590568,8250,21800,12000,14500,35625,22990,42220,32400,2812,36530,3590,2900,61820,11500,7600,40570,32750,24630,58300,1706,0,19403,46150,91,500,731,49200
M16 [Stock Position (During the month)],16.1.1A,Stock Position of Pentavalent,1. Balance From Previous Month,0,0,NA,NA,NA,NA,NA,0,NA,0,NA,0,NA,NA,NA,NA,NA,0,NA,0,NA,NA,NA,NA,0,NA,0,0
M16 [Stock Position (During the month)],16.1.1A,Stock Position of Pentavalent,2. Stocks Received,0,0,NA,NA,NA,NA,NA,0,NA,0,NA,0,NA,NA,NA,NA,NA,NA,NA,0,NA,NA,NA,NA,0,NA,0,0
M16 [Stock Position (During the month)],16.1.1A,Stock Position of Pentavalent,3. Unusable Stock,0,0,NA,NA,NA,NA,NA,0,NA,0,NA,NA,NA,NA,NA,NA,NA,NA,NA,0,NA,NA,NA,NA,0,NA,0,0
M16 [Stock Position (During the month)],16.1.1A,Stock Position of Pentavalent,4. Stock Distributed,0,0,NA,NA,NA,NA,NA,0,NA,0,NA,0,NA,NA,NA,NA,NA,NA,NA,0,NA,NA,NA,NA,0,NA,0,0
M16 [Stock Position (During the month)],16.1.1A,Stock Position of Pentavalent,5. Total Stock,0,0,0,0,0,0,0,0,0,0,0,0,0,0,0,0,0,0,0,0,0,0,0,0,0,0,0,0
M16 [Stock Position (During the month)],16.1.2,Stock position of OPV vaccines,1. Balance From Previous Month,665842,11320,0,NA,0,400,0,540,2700,315,0,8000,25,96580,0,4300,700,400,6460,473740,10,NA,7880,19660,342,90,80,32300
M16 [Stock Position (During the month)],16.1.2,Stock position of OPV vaccines,2. Stocks Received,200550,15000,14000,15000,0,NA,12500,0,45000,550,26000,0,400,NA,9000,11000,11000,NA,19000,11000,550,NA,10000,NA,0,0,550,0
M16 [Stock Position (During the month)],16.1.2,Stock position of OPV vaccines,3. Unusable Stock,0,0,NA,NA,NA,NA,NA,0,NA,0,0,NA,0,NA,0,NA,NA,NA,0,0,0,NA,0,NA,0,0,0,0
M16 [Stock Position (During the month)],16.1.2,Stock position of OPV vaccines,4. Stock Distributed,134016,13080,7500,NA,0,400,11500,540,17700,822,0,8000,415,13700,9000,3500,11200,NA,5620,13500,289,NA,9094,2240,340,90,486,5000
M16 [Stock Position (During the month)],16.1.2,Stock position of OPV vaccines,5. Total Stock,732376,13240,6500,15000,0,0,1000,0,30000,43,26000,0,10,82880,0,11800,500,400,19840,471240,271,0,8786,17420,2,0,144,27300
M16 [Stock Position (During the month)],16.1.3,Stock position of TT vaccines,1. Balance From Previous Month,426308,270,21820,5500,16000,1960,28580,0,27750,3020,74350,19950,4450,38430,200,200,15310,19800,3350,60500,754,NA,15665,16660,3492,344,1453,46500
M16 [Stock Position (During the month)],16.1.3,Stock position of TT vaccines,2. Stocks Received,207300,12000,0,20000,25000,10000,12400,20000,20000,1000,0,0,3900,NA,10000,10000,15000,NA,15000,20000,0,NA,0,NA,0,2000,1000,10000
M16 [Stock Position (During the month)],16.1.3,Stock position of TT vaccines,3. Unusable Stock,0,0,NA,NA,NA,NA,NA,0,NA,0,0,NA,0,NA,0,NA,NA,NA,0,0,0,NA,0,NA,0,0,0,0
M16 [Stock Position (During the month)],16.1.3,Stock position of TT vaccines,4. Stock Distributed,181470,2000,15780,9500,15500,1600,10210,8500,13000,1805,10000,12420,2250,7290,4200,8900,12050,10500,3500,14500,449,NA,5289,1400,760,1694,873,7500
M16 [Stock Position (During the month)],16.1.3,Stock position of TT vaccines,5. Total Stock,452138,10270,6040,16000,25500,10360,30770,11500,34750,2215,64350,7530,6100,31140,6000,1300,18260,9300,14850,66000,305,0,10376,15260,2732,650,1580,49000
M16 [Stock Position (During the month)],16.1.4,Stock position of DT vaccines,1. Balance From Previous Month,2920,0,NA,NA,0,NA,2920,0,0,0,NA,0,0,NA,0,NA,NA,0,0,0,NA,NA,NA,NA,0,NA,0,0
M16 [Stock Position (During the month)],16.1.4,Stock position of DT vaccines,2. Stocks Received,0,0,NA,NA,0,NA,0,0,0,0,NA,0,0,NA,0,NA,NA,NA,0,0,NA,NA,NA,NA,0,NA,0,0
M16 [Stock Position (During the month)],16.1.4,Stock position of DT vaccines,3. Unusable Stock,0,0,NA,NA,NA,NA,NA,0,NA,0,NA,NA,0,NA,0,NA,NA,NA,0,0,NA,NA,NA,NA,0,NA,0,0
M16 [Stock Position (During the month)],16.1.4,Stock position of DT vaccines,4. Stock Distributed,0,0,NA,NA,0,NA,0,0,0,0,NA,0,0,NA,0,NA,NA,NA,0,0,NA,NA,NA,NA,0,NA,0,0
M16 [Stock Position (During the month)],16.1.4,Stock position of DT vaccines,5. Total Stock,2920,0,0,0,0,0,2920,0,0,0,0,0,0,0,0,0,0,0,0,0,0,0,0,0,0,0,0,0
M16 [Stock Position (During the month)],16.1.5,Stock position of BCG vaccines,1. Balance From Previous Month,135228,880,13980,NA,0,300,9970,9900,600,194,6320,22710,0,10830,0,9610,3800,250,0,18700,807,NA,4410,10490,1249,228,0,10000
M16 [Stock Position (During the month)],16.1.5,Stock position of BCG vaccines,2. Stocks Received,135350,7500,3000,6000,17000,5500,10000,9500,14500,1100,11000,0,750,NA,0,10500,11500,NA,9500,5500,200,NA,9500,NA,0,1700,1100,0
M16 [Stock Position (During the month)],16.1.5,Stock position of BCG vaccines,3. Unusable Stock,0,0,NA,NA,NA,NA,NA,0,NA,0,0,NA,0,NA,0,NA,NA,NA,0,0,0,NA,0,NA,0,0,0,0
M16 [Stock Position (During the month)],16.1.5,Stock position of BCG vaccines,4. Stock Distributed,127153,2170,15800,5000,14100,4500,1500,6000,12500,839,3800,11840,700,4860,0,9950,9040,NA,2580,5300,465,NA,4140,2350,500,1078,641,7500
M16 [Stock Position (During the month)],16.1.5,Stock position of BCG vaccines,5. Total Stock,143425,6210,1180,1000,2900,1300,18470,13400,2600,455,13520,10870,50,5970,0,10160,6260,250,6920,18900,542,0,9770,8140,749,850,459,2500
M16 [Stock Position (During the month)],16.1.6,Stock position of Measles vaccines,1. Balance From Previous Month,220260,5915,12625,2500,2175,7425,24875,9250,15000,2780,5450,11470,1550,15400,3250,10380,10265,8000,5830,25250,719,NA,12265,6875,4094,2588,579,13750
M16 [Stock Position (During the month)],16.1.6,Stock position of Measles vaccines,2. Stocks Received,119000,5000,10000,5000,15000,5000,5000,5000,10000,3000,10000,0,2000,NA,5000,5000,5000,NA,10000,10000,0,NA,0,NA,0,2000,2000,5000
M16 [Stock Position (During the month)],16.1.6,Stock position of Measles vaccines,3. Unusable Stock,0,0,NA,NA,NA,NA,NA,0,NA,0,0,NA,0,NA,0,NA,NA,NA,0,0,0,NA,0,NA,0,0,0,0
M16 [Stock Position (During the month)],16.1.6,Stock position of Measles vaccines,4. Stock Distributed,108544,4575,8650,1000,9250,2050,4500,2950,8000,1535,4250,9560,950,3780,6500,6850,6670,4500,1400,8250,510,NA,4000,1175,920,2088,631,4000
M16 [Stock Position (During the month)],16.1.6,Stock position of Measles vaccines,5. Total Stock,230716,6340,13975,6500,7925,10375,25375,11300,17000,4245,11200,1910,2600,11620,1750,8530,8595,3500,14430,27000,209,0,8265,5700,3174,2500,1948,14750
M16 [Stock Position (During the month)],16.1.7,Stock position of JE vaccines,1. Balance From Previous Month,598975,0,0,NA,0,NA,0,23465,0,3072,0,700,0,1560,0,2710,NA,0,0,538200,NA,NA,NA,NA,0,903,7265,21100
M16 [Stock Position (During the month)],16.1.7,Stock position of JE vaccines,2. Stocks Received,38000,0,10000,NA,0,NA,5000,0,0,3000,5000,0,0,NA,NA,10000,NA,NA,0,0,NA,NA,NA,NA,0,3000,2000,0
M16 [Stock Position (During the month)],16.1.7,Stock position of JE vaccines,3. Unusable Stock,0,0,NA,NA,NA,NA,NA,0,NA,0,0,NA,0,NA,NA,NA,NA,NA,0,0,NA,NA,NA,NA,0,0,0,0
M16 [Stock Position (During the month)],16.1.7,Stock position of JE vaccines,4. Stock Distributed,21702,0,0,NA,0,NA,0,1000,0,735,0,530,0,970,NA,7500,NA,NA,0,5000,NA,NA,NA,NA,0,2103,614,3250
M16 [Stock Position (During the month)],16.1.7,Stock position of JE vaccines,5. Total Stock,615273,0,10000,0,0,0,5000,22465,0,5337,5000,170,0,590,0,5210,0,0,0,533200,0,0,0,0,0,1800,8651,17850
M16 [Stock Position (During the month)],16.1.8,Stock position of Hepatitis B vaccines,1. Balance From Previous Month,212521,3620,24500,5500,0,4800,8000,11250,13000,435,7800,17420,450,26020,NA,18070,100,1900,9610,17330,608,NA,14514,15680,1842,1892,780,7400
M16 [Stock Position (During the month)],16.1.8,Stock position of Hepatitis B vaccines,2. Stocks Received,169100,7500,7000,6000,17000,5500,10000,9500,20000,1100,20500,0,750,NA,NA,10500,11500,NA,9500,11000,1950,NA,9000,NA,0,1700,1100,8000
M16 [Stock Position (During the month)],16.1.8,Stock position of Hepatitis B vaccines,3. Unusable Stock,0,0,NA,NA,NA,NA,NA,0,NA,0,0,NA,0,NA,NA,NA,NA,NA,0,0,0,NA,0,NA,0,0,0,0
M16 [Stock Position (During the month)],16.1.8,Stock position of Hepatitis B vaccines,4. Stock Distributed,167374,2590,17800,9000,8900,4600,9620,6450,16000,1135,7500,12870,525,7290,NA,14300,6900,1500,3260,14000,883,NA,6161,2050,830,3092,1118,9000
M16 [Stock Position (During the month)],16.1.8,Stock position of Hepatitis B vaccines,5. Total Stock,214247,8530,13700,2500,8100,5700,8380,14300,17000,400,20800,4550,675,18730,0,14270,4700,400,15850,14330,1675,0,17353,13630,1012,500,762,6400
M16 [Stock Position (During the month)],16.2.1,Stock Position of IU 380 A (to be used for Family Planning),1. Balance From Previous Month,13151,0,1631,NA,1190,NA,600,3400,775,475,1250,3260,0,NA,NA,NA,80,40,0,0,NA,NA,NA,350,0,0,100,NA
M16 [Stock Position (During the month)],16.2.1,Stock Position of IU 380 A (to be used for Family Planning),2. Stocks Received,10600,0,0,NA,400,NA,3000,600,0,0,3600,0,1200,NA,NA,NA,NA,NA,0,0,NA,NA,NA,NA,0,1800,0,NA
M16 [Stock Position (During the month)],16.2.1,Stock Position of IU 380 A (to be used for Family Planning),3. Unusable Stock,0,0,NA,NA,NA,NA,NA,0,NA,0,0,NA,0,NA,NA,NA,NA,NA,0,0,NA,NA,NA,NA,0,0,0,NA
M16 [Stock Position (During the month)],16.2.1,Stock Position of IU 380 A (to be used for Family Planning),4. Stock Distributed,11320,0,300,NA,0,NA,2450,2520,0,0,500,3000,900,NA,NA,NA,50,NA,0,0,NA,NA,NA,300,0,1200,100,NA
M16 [Stock Position (During the month)],16.2.1,Stock Position of IU 380 A (to be used for Family Planning),5. Total Stock,12431,0,1331,0,1590,0,1150,1480,775,475,4350,260,300,0,0,0,30,40,0,0,0,0,0,50,0,600,0,0
M16 [Stock Position (During the month)],16.2.2,Stock Position of Condoms (to be used for Family Planning),1. Balance From Previous Month,172544,0,0,NA,0,NA,9000,26360,0,25342,21180,20000,12000,NA,NA,NA,20680,4000,0,0,0,NA,NA,3040,0,3000,27942,NA
M16 [Stock Position (During the month)],16.2.2,Stock Position of Condoms (to be used for Family Planning),2. Stocks Received,21160,0,0,NA,0,NA,0,0,0,0,20160,0,0,NA,NA,NA,0,NA,0,0,0,NA,NA,1000,0,0,0,NA
M16 [Stock Position (During the month)],16.2.2,Stock Position of Condoms (to be used for Family Planning),3. Unusable Stock,10600,0,NA,NA,NA,NA,NA,0,NA,0,0,NA,0,NA,NA,NA,10600,NA,0,0,0,NA,NA,NA,0,0,0,NA
M16 [Stock Position (During the month)],16.2.2,Stock Position of Condoms (to be used for Family Planning),4. Stock Distributed,86240,0,0,NA,0,NA,0,19000,0,0,18040,14000,6000,NA,NA,NA,10080,4000,0,0,0,NA,NA,0,0,0,15120,NA
M16 [Stock Position (During the month)],16.2.2,Stock Position of Condoms (to be used for Family Planning),5. Total Stock,96864,0,0,0,0,0,9000,7360,0,25342,23300,6000,6000,0,0,0,0,0,0,0,0,0,0,4040,0,3000,12822,0
M16 [Stock Position (During the month)],16.2.3,Stock Position of Oral Contraceptive (to be used for Family Planning),1. Balance From Previous Month,766856,0,30500,NA,300740,NA,0,11400,0,99900,44100,38500,39,NA,NA,NA,148800,28000,0,0,0,NA,NA,4100,0,1100,59677,NA
M16 [Stock Position (During the month)],16.2.3,Stock Position of Oral Contraceptive (to be used for Family Planning),2. Stocks Received,15000,0,0,NA,0,NA,0,0,0,0,10000,0,0,NA,NA,NA,0,NA,0,0,5000,NA,NA,NA,0,0,0,NA
M16 [Stock Position (During the month)],16.2.3,Stock Position of Oral Contraceptive (to be used for Family Planning),3. Unusable Stock,0,0,NA,NA,NA,NA,NA,0,NA,0,0,NA,0,NA,NA,NA,NA,NA,0,0,0,NA,NA,NA,0,0,0,NA
M16 [Stock Position (During the month)],16.2.3,Stock Position of Oral Contraceptive (to be used for Family Planning),4. Stock Distributed,69900,0,6000,NA,0,NA,0,11000,0,0,1000,18000,0,NA,NA,NA,3600,19000,0,0,1100,NA,NA,0,0,0,10200,NA
M16 [Stock Position (During the month)],16.2.3,Stock Position of Oral Contraceptive (to be used for Family Planning),5. Total Stock,711956,0,24500,0,300740,0,0,400,0,99900,53100,20500,39,0,0,0,145200,9000,0,0,3900,0,0,4100,0,1100,49477,0
M16 [Stock Position (During the month)],16.2.4,Stock Position of Emergency Contraceptive (to be used for Family Planning),1. Balance From Previous Month,21900,0,5100,NA,0,NA,0,1200,0,600,4800,2300,1600,NA,NA,NA,5800,200,0,0,0,NA,NA,NA,0,NA,300,NA
M16 [Stock Position (During the month)],16.2.4,Stock Position of Emergency Contraceptive (to be used for Family Planning),2. Stocks Received,4000,0,0,NA,0,NA,0,2000,0,0,0,0,0,NA,NA,NA,0,NA,0,0,2000,NA,NA,NA,0,NA,0,NA
M16 [Stock Position (During the month)],16.2.4,Stock Position of Emergency Contraceptive (to be used for Family Planning),3. Unusable Stock,0,0,NA,NA,NA,NA,NA,0,NA,0,0,NA,0,NA,NA,NA,NA,NA,0,0,0,NA,NA,NA,0,NA,0,NA
M16 [Stock Position (During the month)],16.2.4,Stock Position of Emergency Contraceptive (to be used for Family Planning),4. Stock Distributed,6100,0,1300,NA,0,NA,0,2000,0,0,0,2000,600,NA,NA,NA,0,NA,0,0,0,NA,NA,NA,0,NA,200,NA
M16 [Stock Position (During the month)],16.2.4,Stock Position of Emergency Contraceptive (to be used for Family Planning),5. Total Stock,19800,0,3800,0,0,0,0,1200,0,600,4800,300,1000,0,0,0,5800,200,0,0,2000,0,0,0,0,0,100,0
M16 [Stock Position (During the month)],16.2.5,Stock Position of Tubal Rings (to be used for Family Planning),1. Balance From Previous Month,19685,0,1200,NA,4900,NA,300,4207,0,1478,2700,0,2700,NA,NA,NA,NA,100,1500,0,NA,NA,NA,NA,0,400,200,NA
M16 [Stock Position (During the month)],16.2.5,Stock Position of Tubal Rings (to be used for Family Planning),2. Stocks Received,7000,0,0,NA,0,NA,0,5000,0,0,0,0,0,NA,NA,NA,NA,NA,0,0,NA,NA,NA,NA,0,2000,0,NA
M16 [Stock Position (During the month)],16.2.5,Stock Position of Tubal Rings (to be used for Family Planning),3. Unusable Stock,0,0,NA,NA,NA,NA,NA,0,NA,0,0,NA,0,NA,NA,NA,NA,NA,0,0,NA,NA,NA,NA,0,0,0,NA
M16 [Stock Position (During the month)],16.2.5,Stock Position of Tubal Rings (to be used for Family Planning),4. Stock Distributed,1098,0,0,NA,300,NA,0,198,0,0,0,0,0,NA,NA,NA,NA,NA,0,0,NA,NA,NA,NA,0,500,100,NA
M16 [Stock Position (During the month)],16.2.5,Stock Position of Tubal Rings (to be used for Family Planning),5. Total Stock,25587,0,1200,0,4600,0,300,9009,0,1478,2700,0,2700,0,0,0,0,100,1500,0,0,0,0,0,0,1900,100,0
M16 [Stock Position (During the month)],16.3.01,Stock Position of Oxytocin Injection,1. Balance From Previous Month,3992,0,0,NA,NA,NA,3012,0,NA,NA,NA,0,0,NA,NA,NA,NA,0,0,0,NA,NA,980,NA,0,NA,0,NA
M16 [Stock Position (During the month)],16.3.01,Stock Position of Oxytocin Injection,2. Stocks Received,0,0,0,NA,NA,NA,0,0,NA,NA,NA,0,0,NA,NA,NA,NA,NA,0,0,NA,NA,0,NA,0,NA,0,NA
M16 [Stock Position (During the month)],16.3.01,Stock Position of Oxytocin Injection,3. Unusable Stock,0,0,NA,NA,NA,NA,NA,0,NA,NA,NA,NA,0,NA,NA,NA,NA,NA,0,0,NA,NA,0,NA,0,NA,0,NA
M16 [Stock Position (During the month)],16.3.01,Stock Position of Oxytocin Injection,4. Stock Distributed,660,0,0,NA,NA,NA,660,0,NA,NA,NA,0,0,NA,NA,NA,NA,NA,0,0,NA,NA,0,NA,0,NA,0,NA
M16 [Stock Position (During the month)],16.3.01,Stock Position of Oxytocin Injection,5. Total Stock,3332,0,0,0,0,0,2352,0,0,0,0,0,0,0,0,0,0,0,0,0,0,0,980,0,0,0,0,0
M16 [Stock Position (During the month)],16.3.02,Stock Position of Gloves,1. Balance From Previous Month,48938,1500,NA,NA,550,18500,6514,0,NA,NA,NA,1500,950,NA,NA,NA,NA,1100,0,0,124,NA,0,18000,0,NA,200,NA
M16 [Stock Position (During the month)],16.3.02,Stock Position of Gloves,2. Stocks Received,11000,0,NA,NA,2000,NA,1000,0,NA,NA,NA,0,0,NA,NA,NA,NA,4000,0,0,4000,NA,0,NA,0,NA,0,NA
M16 [Stock Position (During the month)],16.3.02,Stock Position of Gloves,3. Unusable Stock,0,0,NA,NA,NA,NA,NA,0,NA,NA,NA,NA,0,NA,NA,NA,NA,0,0,0,0,NA,0,NA,0,NA,0,NA
M16 [Stock Position (During the month)],16.3.02,Stock Position of Gloves,4. Stock Distributed,17620,0,NA,NA,600,4400,2970,0,NA,NA,NA,1400,700,NA,NA,NA,NA,750,0,0,2400,NA,0,4200,0,NA,200,NA
M16 [Stock Position (During the month)],16.3.02,Stock Position of Gloves,5. Total Stock,42318,1500,0,0,1950,14100,4544,0,0,0,0,100,250,0,0,0,0,4350,0,0,1724,0,0,13800,0,0,0,0
M16 [Stock Position (During the month)],16.3.03,Stock Position of MVA Syringes,1. Balance From Previous Month,0,0,NA,NA,NA,NA,0,0,NA,NA,NA,0,0,NA,NA,NA,NA,NA,0,0,NA,NA,0,NA,0,NA,0,NA
M16 [Stock Position (During the month)],16.3.03,Stock Position of MVA Syringes,2. Stocks Received,0,0,NA,NA,NA,NA,NA,0,NA,NA,NA,0,0,NA,NA,NA,NA,NA,0,0,NA,NA,0,NA,0,NA,0,NA
M16 [Stock Position (During the month)],16.3.03,Stock Position of MVA Syringes,3. Unusable Stock,0,0,NA,NA,NA,NA,NA,0,NA,NA,NA,NA,0,NA,NA,NA,NA,NA,0,0,NA,NA,0,NA,0,NA,0,NA
M16 [Stock Position (During the month)],16.3.03,Stock Position of MVA Syringes,4. Stock Distributed,0,0,NA,NA,NA,NA,NA,0,NA,NA,NA,0,0,NA,NA,NA,NA,NA,0,0,NA,NA,0,NA,0,NA,0,NA
M16 [Stock Position (During the month)],16.3.03,Stock Position of MVA Syringes,5. Total Stock,0,0,0,0,0,0,0,0,0,0,0,0,0,0,0,0,0,0,0,0,0,0,0,0,0,0,0,0
M16 [Stock Position (During the month)],16.3.04,Stock Position of Fluconazole Tablets,1. Balance From Previous Month,0,0,0,NA,NA,NA,0,0,NA,NA,NA,0,0,NA,NA,NA,NA,NA,0,0,NA,NA,0,NA,0,NA,0,NA
M16 [Stock Position (During the month)],16.3.04,Stock Position of Fluconazole Tablets,2. Stocks Received,5000,0,0,NA,NA,NA,NA,0,NA,NA,NA,0,5000,NA,NA,NA,NA,NA,0,0,NA,NA,0,NA,0,NA,0,NA
M16 [Stock Position (During the month)],16.3.04,Stock Position of Fluconazole Tablets,3. Unusable Stock,0,0,NA,NA,NA,NA,NA,0,NA,NA,NA,NA,0,NA,NA,NA,NA,NA,0,0,NA,NA,0,NA,0,NA,0,NA
M16 [Stock Position (During the month)],16.3.04,Stock Position of Fluconazole Tablets,4. Stock Distributed,3800,0,0,NA,NA,NA,NA,0,NA,NA,NA,0,3800,NA,NA,NA,NA,NA,0,0,NA,NA,0,NA,0,NA,0,NA
M16 [Stock Position (During the month)],16.3.04,Stock Position of Fluconazole Tablets,5. Total Stock,1200,0,0,0,0,0,0,0,0,0,0,0,1200,0,0,0,0,0,0,0,0,0,0,0,0,0,0,0
M16 [Stock Position (During the month)],16.3.05,Stock Position of Blood Transfusion Sets,1. Balance From Previous Month,0,0,NA,NA,NA,NA,0,0,NA,NA,NA,0,0,NA,NA,NA,NA,NA,0,0,NA,NA,0,NA,0,NA,0,NA
M16 [Stock Position (During the month)],16.3.05,Stock Position of Blood Transfusion Sets,2. Stocks Received,0,0,NA,NA,NA,NA,NA,0,NA,NA,NA,0,0,NA,NA,NA,NA,NA,0,0,NA,NA,0,NA,0,NA,0,NA
M16 [Stock Position (During the month)],16.3.05,Stock Position of Blood Transfusion Sets,3. Unusable Stock,0,0,NA,NA,NA,NA,NA,0,NA,NA,NA,NA,0,NA,NA,NA,NA,NA,0,0,NA,NA,0,NA,0,NA,0,NA
M16 [Stock Position (During the month)],16.3.05,Stock Position of Blood Transfusion Sets,4. Stock Distributed,0,0,NA,NA,NA,NA,NA,0,NA,NA,NA,0,0,NA,NA,NA,NA,NA,0,0,NA,NA,0,NA,0,NA,0,NA
M16 [Stock Position (During the month)],16.3.05,Stock Position of Blood Transfusion Sets,5. Total Stock,0,0,0,0,0,0,0,0,0,0,0,0,0,0,0,0,0,0,0,0,0,0,0,0,0,0,0,0
M16 [Stock Position (During the month)],16.3.06,Stock Position of Gluteraldehyde solution of 2% concentration,1. Balance From Previous Month,0,0,NA,NA,NA,NA,0,0,NA,NA,NA,0,0,NA,NA,NA,NA,NA,0,0,NA,NA,0,NA,0,NA,0,NA
M16 [Stock Position (During the month)],16.3.06,Stock Position of Gluteraldehyde solution of 2% concentration,2. Stocks Received,0,0,NA,NA,NA,NA,NA,0,NA,NA,NA,0,0,NA,NA,NA,NA,NA,0,0,NA,NA,0,NA,0,NA,0,NA
M16 [Stock Position (During the month)],16.3.06,Stock Position of Gluteraldehyde solution of 2% concentration,3. Unusable Stock,0,0,NA,NA,NA,NA,NA,0,NA,NA,NA,NA,0,NA,NA,NA,NA,NA,0,0,NA,NA,0,NA,0,NA,0,NA
M16 [Stock Position (During the month)],16.3.06,Stock Position of Gluteraldehyde solution of 2% concentration,4. Stock Distributed,0,0,NA,NA,NA,NA,NA,0,NA,NA,NA,0,0,NA,NA,NA,NA,NA,0,0,NA,NA,0,NA,0,NA,0,NA
M16 [Stock Position (During the month)],16.3.06,Stock Position of Gluteraldehyde solution of 2% concentration,5. Total Stock,0,0,0,0,0,0,0,0,0,0,0,0,0,0,0,0,0,0,0,0,0,0,0,0,0,0,0,0
M16 [Stock Position (During the month)],16.3.07,Stock Position of IFA Tablets,1. Balance From Previous Month,45690193,7458850,NA,NA,NA,NA,1874500,3725500,NA,NA,NA,3584500,1445560,NA,NA,NA,NA,7601544,0,593000,NA,NA,5323859,601400,5893950,NA,7587530,NA
M16 [Stock Position (During the month)],16.3.07,Stock Position of IFA Tablets,2. Stocks Received,110000,0,NA,NA,NA,NA,110000,0,NA,NA,NA,0,0,NA,NA,NA,NA,NA,0,0,NA,NA,0,NA,0,NA,0,NA
M16 [Stock Position (During the month)],16.3.07,Stock Position of IFA Tablets,3. Unusable Stock,0,0,NA,NA,NA,NA,NA,0,NA,NA,NA,NA,0,NA,NA,NA,NA,NA,0,0,NA,NA,0,NA,0,NA,0,NA
M16 [Stock Position (During the month)],16.3.07,Stock Position of IFA Tablets,4. Stock Distributed,15436522,7458850,NA,NA,NA,NA,10000,689000,NA,NA,NA,178500,210000,NA,NA,NA,NA,155000,0,0,NA,NA,265000,0,994000,NA,5476172,NA
M16 [Stock Position (During the month)],16.3.07,Stock Position of IFA Tablets,5. Total Stock,30363671,0,0,0,0,0,1974500,3036500,0,0,0,3406000,1235560,0,0,0,0,7446544,0,593000,0,0,5058859,601400,4899950,0,2111358,0
M16 [Stock Position (During the month)],16.3.08,Stock Position of IFA Syrup (Paediatric),1. Balance From Previous Month,135010,0,NA,NA,NA,NA,12000,10000,NA,NA,NA,14300,7100,NA,NA,NA,NA,20200,0,0,NA,NA,12410,14900,7400,NA,36700,NA
M16 [Stock Position (During the month)],16.3.08,Stock Position of IFA Syrup (Paediatric),2. Stocks Received,0,0,NA,NA,NA,NA,0,0,NA,NA,NA,0,0,NA,NA,NA,NA,NA,0,0,NA,NA,0,NA,0,NA,0,NA
M16 [Stock Position (During the month)],16.3.08,Stock Position of IFA Syrup (Paediatric),3. Unusable Stock,0,0,NA,NA,NA,NA,NA,0,NA,NA,NA,NA,0,NA,NA,NA,NA,NA,0,0,NA,NA,0,NA,0,NA,0,NA
M16 [Stock Position (During the month)],16.3.08,Stock Position of IFA Syrup (Paediatric),4. Stock Distributed,23430,0,NA,NA,NA,NA,700,700,NA,NA,NA,500,1000,NA,NA,NA,NA,2400,0,0,NA,NA,1230,0,3600,NA,13300,NA
M16 [Stock Position (During the month)],16.3.08,Stock Position of IFA Syrup (Paediatric),5. Total Stock,111580,0,0,0,0,0,11300,9300,0,0,0,13800,6100,0,0,0,0,17800,0,0,0,0,11180,14900,3800,0,23400,0
M16 [Stock Position (During the month)],16.3.09,Stock Position of Paediatrics Antibiotics (Cotrimaxozole and Injectable Gentamicin),1. Balance From Previous Month,2240,0,0,NA,NA,NA,0,0,NA,NA,NA,0,0,NA,NA,NA,NA,0,0,0,NA,NA,2240,NA,0,NA,0,NA
M16 [Stock Position (During the month)],16.3.09,Stock Position of Paediatrics Antibiotics (Cotrimaxozole and Injectable Gentamicin),2. Stocks Received,10500,0,0,NA,NA,NA,10500,0,NA,NA,NA,0,0,NA,NA,NA,NA,NA,0,0,NA,NA,0,NA,0,NA,0,NA
M16 [Stock Position (During the month)],16.3.09,Stock Position of Paediatrics Antibiotics (Cotrimaxozole and Injectable Gentamicin),3. Unusable Stock,0,0,NA,NA,NA,NA,NA,0,NA,NA,NA,NA,0,NA,NA,NA,NA,NA,0,0,NA,NA,0,NA,0,NA,0,NA
M16 [Stock Position (During the month)],16.3.09,Stock Position of Paediatrics Antibiotics (Cotrimaxozole and Injectable Gentamicin),4. Stock Distributed,1500,0,0,NA,NA,NA,1500,0,NA,NA,NA,0,0,NA,NA,NA,NA,NA,0,0,NA,NA,0,NA,0,NA,0,NA
M16 [Stock Position (During the month)],16.3.09,Stock Position of Paediatrics Antibiotics (Cotrimaxozole and Injectable Gentamicin),5. Total Stock,11240,0,0,0,0,0,9000,0,0,0,0,0,0,0,0,0,0,0,0,0,0,0,2240,0,0,0,0,0
M16 [Stock Position (During the month)],16.3.10,Stock Position of Vitamin A solution,1. Balance From Previous Month,909,0,0,NA,0,NA,0,50,NA,NA,NA,200,50,NA,NA,NA,NA,50,0,0,NA,NA,0,50,459,NA,0,50
M16 [Stock Position (During the month)],16.3.10,Stock Position of Vitamin A solution,2. Stocks Received,0,0,0,NA,0,NA,NA,0,NA,NA,NA,0,0,NA,NA,NA,NA,NA,0,0,NA,NA,0,NA,0,NA,0,0
M16 [Stock Position (During the month)],16.3.10,Stock Position of Vitamin A solution,3. Unusable Stock,0,0,NA,NA,NA,NA,NA,0,NA,NA,NA,NA,0,NA,NA,NA,NA,NA,0,0,NA,NA,0,NA,0,NA,0,NA
M16 [Stock Position (During the month)],16.3.10,Stock Position of Vitamin A solution,4. Stock Distributed,114,0,0,NA,0,NA,NA,50,NA,NA,NA,0,0,NA,NA,NA,NA,50,0,0,NA,NA,0,0,14,NA,0,0
M16 [Stock Position (During the month)],16.3.10,Stock Position of Vitamin A solution,5. Total Stock,795,0,0,0,0,0,0,0,0,0,0,200,50,0,0,0,0,0,0,0,0,0,0,50,445,0,0,50
M16 [Stock Position (During the month)],16.3.11,Stock of ORS (New WHO formulation),1. Balance From Previous Month,194900,0,55150,NA,0,4500,13800,8300,NA,NA,NA,7967,1700,NA,NA,NA,NA,1100,0,0,NA,NA,38808,1425,30150,NA,0,32000
M16 [Stock Position (During the month)],16.3.11,Stock of ORS (New WHO formulation),2. Stocks Received,133000,0,18000,NA,18000,4800,22500,2500,NA,NA,NA,10000,4800,NA,NA,NA,NA,50000,0,0,NA,NA,0,NA,0,NA,2400,0
M16 [Stock Position (During the month)],16.3.11,Stock of ORS (New WHO formulation),3. Unusable Stock,0,0,NA,NA,NA,NA,NA,0,NA,NA,NA,NA,0,NA,NA,NA,NA,NA,0,0,NA,NA,0,NA,0,NA,0,0
M16 [Stock Position (During the month)],16.3.11,Stock of ORS (New WHO formulation),4. Stock Distributed,56725,0,6300,NA,0,6600,5400,4500,NA,NA,NA,2300,4100,NA,NA,NA,NA,500,0,0,NA,NA,1000,1425,11500,NA,1100,12000
M16 [Stock Position (During the month)],16.3.11,Stock of ORS (New WHO formulation),5. Total Stock,271175,0,66850,0,18000,2700,30900,6300,0,0,0,15667,2400,0,0,0,0,50600,0,0,0,0,37808,0,18650,0,1300,20000
M16 [Stock Position (During the month)],16.4.1,Stock Position of 0.1 ml Syringes(AD),1. Balance From Previous Month,48964,0,0,1400,0,2100,0,0,0,5870,0,0,5900,5349,0,10180,320,300,815,2400,500,NA,0,9100,2100,NA,630,2000
M16 [Stock Position (During the month)],16.4.1,Stock Position of 0.1 ml Syringes(AD),2. Stocks Received,880,0,0,NA,0,NA,880,0,0,0,0,0,0,NA,0,0,0,NA,0,0,0,NA,0,NA,0,NA,0,0
M16 [Stock Position (During the month)],16.4.1,Stock Position of 0.1 ml Syringes(AD),3. Unusable Stock,0,0,NA,NA,NA,NA,NA,0,NA,0,0,NA,0,NA,0,NA,NA,NA,0,0,0,NA,0,NA,0,NA,0,0
M16 [Stock Position (During the month)],16.4.1,Stock Position of 0.1 ml Syringes(AD),4. Stock Distributed,17005,0,0,NA,0,2100,350,0,0,2810,0,0,600,740,0,1340,320,200,115,2400,500,NA,0,800,2100,NA,630,2000
M16 [Stock Position (During the month)],16.4.1,Stock Position of 0.1 ml Syringes(AD),5. Total Stock,32839,0,0,1400,0,0,530,0,0,3060,0,0,5300,4609,0,8840,0,100,700,0,0,0,0,8300,0,0,0,0
M16 [Stock Position (During the month)],16.4.2,Stock Position of 0.5 ml Syringes(AD),1. Balance From Previous Month,2009196,15500,58300,28400,19000,16250,15400,41200,2400,35780,101400,67900,10000,148326,0,163840,30100,15900,18060,653600,245400,NA,27000,29400,76900,25740,53200,110200
M16 [Stock Position (During the month)],16.4.2,Stock Position of 0.5 ml Syringes(AD),2. Stocks Received,516000,24000,48000,24000,48000,12000,24000,28800,96000,21600,0,0,24000,NA,0,0,24000,NA,24000,0,36000,NA,24000,NA,0,33600,0,24000
M16 [Stock Position (During the month)],16.4.2,Stock Position of 0.5 ml Syringes(AD),3. Unusable Stock,0,0,NA,NA,NA,NA,NA,0,NA,0,0,NA,0,NA,0,NA,NA,NA,0,0,0,NA,0,NA,0,NA,0,0
M16 [Stock Position (During the month)],16.4.2,Stock Position of 0.5 ml Syringes(AD),4. Stock Distributed,663720,9750,12600,24000,51200,6850,10000,12000,31200,24400,14000,21000,9600,11100,0,26000,9600,12000,5060,16800,226800,NA,13620,3800,13200,41340,17000,40800
M16 [Stock Position (During the month)],16.4.2,Stock Position of 0.5 ml Syringes(AD),5. Total Stock,1861476,29750,93700,28400,15800,21400,29400,58000,67200,32980,87400,46900,24400,137226,0,137840,44500,3900,37000,636800,54600,0,37380,25600,63700,18000,36200,93400
M16 [Stock Position (During the month)],16.4.3,Stock Position of 5.0 ml Syringes(Disposable),1. Balance From Previous Month,321006,34656,15000,5800,2950,NA,10112,6300,7400,4710,20270,2470,14600,10500,0,12090,3750,NA,3110,132400,3500,NA,2980,5200,7450,5778,2700,7280
M16 [Stock Position (During the month)],16.4.3,Stock Position of 5.0 ml Syringes(Disposable),2. Stocks Received,84780,4000,4000,4000,10000,2000,4780,4000,8000,6000,2000,0,4000,NA,0,0,4000,NA,4000,0,6000,NA,4000,NA,0,8000,2000,4000
M16 [Stock Position (During the month)],16.4.3,Stock Position of 5.0 ml Syringes(Disposable),3. Unusable Stock,0,0,NA,NA,NA,NA,NA,0,NA,0,0,NA,0,NA,0,NA,NA,NA,0,0,0,NA,0,NA,0,NA,0,0
M16 [Stock Position (During the month)],16.4.3,Stock Position of 5.0 ml Syringes(Disposable),4. Stock Distributed,84491,18163,3900,1500,3000,1900,1990,900,2200,1950,1800,1200,0,1200,0,3600,4520,NA,1110,3700,8000,NA,5980,0,2200,12178,1700,1800
M16 [Stock Position (During the month)],16.4.3,Stock Position of 5.0 ml Syringes(Disposable),5. Total Stock,321295,20493,15100,8300,9950,100,12902,9400,13200,8760,20470,1270,18600,9300,0,8490,3230,0,6000,128700,1500,0,1000,5200,5250,1600,3000,9480
M17 [Details of deaths reported during the month with probable causes:],17.1,Number of cases of Infant deaths within 24 hrs of birth,TOTAL,13,NA,NA,1,1,NA,NA,NA,1,1,NA,NA,1,NA,NA,NA,NA,3,NA,NA,NA,NA,4,NA,NA,NA,1,NA
M17 [Details of deaths reported during the month with probable causes:],17.2.1,Number of cases of Infant deaths 24 hours to 4 weeks of birth with the probable cause being Sepsis,1. Up to 1 Weeks of Birth,15,NA,5,NA,NA,NA,NA,NA,2,NA,NA,NA,2,NA,NA,NA,NA,1,NA,2,NA,NA,NA,NA,1,2,NA,NA
M17 [Details of deaths reported during the month with probable causes:],17.2.1,Number of cases of Infant deaths 24 hours to 4 weeks of birth with the probable cause being Sepsis,2. Between 1 week & 4 weeks of birth,NA,NA,NA,NA,NA,NA,NA,NA,NA,NA,NA,NA,NA,NA,NA,NA,NA,NA,NA,NA,NA,NA,NA,NA,NA,NA,NA,NA
M17 [Details of deaths reported during the month with probable causes:],17.2.1,Number of cases of Infant deaths 24 hours to 4 weeks of birth with the probable cause being Sepsis,3. Total,15,NA,5,NA,NA,NA,NA,NA,2,NA,NA,NA,2,NA,NA,NA,NA,1,NA,2,NA,NA,NA,NA,1,2,NA,NA
M17 [Details of deaths reported during the month with probable causes:],17.2.2,Number of cases of Infant deaths 24 hours to 4 weeks of birth with the probable cause being Asphyxia,1. Up to 1 Weeks of Birth,59,NA,10,2,1,NA,NA,4,22,NA,NA,NA,5,NA,NA,NA,NA,NA,NA,7,2,NA,1,1,NA,3,NA,1
M17 [Details of deaths reported during the month with probable causes:],17.2.2,Number of cases of Infant deaths 24 hours to 4 weeks of birth with the probable cause being Asphyxia,2. Between 1 week & 4 weeks of birth,NA,NA,NA,NA,NA,NA,NA,NA,NA,NA,NA,NA,NA,NA,NA,NA,NA,NA,NA,NA,NA,NA,NA,NA,NA,NA,NA,NA
M17 [Details of deaths reported during the month with probable causes:],17.2.2,Number of cases of Infant deaths 24 hours to 4 weeks of birth with the probable cause being Asphyxia,3. Total,59,NA,10,2,1,NA,NA,4,22,NA,NA,NA,5,NA,NA,NA,NA,NA,NA,7,2,NA,1,1,NA,3,NA,1
M17 [Details of deaths reported during the month with probable causes:],17.2.3,Number of cases of Infant deaths 24 hours to 4 weeks of birth with the probable cause being LBW,1. Up to 1 Weeks of Birth,49,NA,3,2,8,1,NA,1,10,NA,1,3,2,NA,NA,NA,NA,4,1,2,3,2,3,NA,1,2,NA,NA
M17 [Details of deaths reported during the month with probable causes:],17.2.3,Number of cases of Infant deaths 24 hours to 4 weeks of birth with the probable cause being LBW,2. Between 1 week & 4 weeks of birth,1,NA,NA,NA,NA,NA,NA,NA,NA,NA,NA,NA,NA,NA,NA,NA,NA,NA,NA,NA,1,NA,NA,NA,NA,NA,NA,NA
M17 [Details of deaths reported during the month with probable causes:],17.2.3,Number of cases of Infant deaths 24 hours to 4 weeks of birth with the probable cause being LBW,3. Total,50,NA,3,2,8,1,NA,1,10,NA,1,3,2,NA,NA,NA,NA,4,1,2,4,2,3,NA,1,2,NA,NA
M17 [Details of deaths reported during the month with probable causes:],17.2.4,"Number of cases of Infant deaths 24 hours to 4 weeks of birth with the probable cause being other than Sepsis, Asphyxia and LBW",1. Up to 1 Weeks of Birth,74,1,5,6,12,1,8,NA,5,3,2,NA,2,1,1,3,1,7,NA,3,1,3,1,2,NA,2,1,3
M17 [Details of deaths reported during the month with probable causes:],17.2.4,"Number of cases of Infant deaths 24 hours to 4 weeks of birth with the probable cause being other than Sepsis, Asphyxia and LBW",2. Between 1 week & 4 weeks of birth,NA,NA,NA,NA,NA,NA,NA,NA,NA,NA,NA,NA,NA,NA,NA,NA,NA,NA,NA,NA,NA,NA,NA,NA,NA,NA,NA,NA
M17 [Details of deaths reported during the month with probable causes:],17.2.4,"Number of cases of Infant deaths 24 hours to 4 weeks of birth with the probable cause being other than Sepsis, Asphyxia and LBW",3. Total,74,1,5,6,12,1,8,NA,5,3,2,NA,2,1,1,3,1,7,NA,3,1,3,1,2,NA,2,1,3
M17 [Details of deaths reported during the month with probable causes:],17.3.1,Number of cases of Infant or Child deaths between 1 month to 5 years of age with the probable cause being Pneumonia,1. Between 1 month and 11 months,13,1,1,1,1,NA,2,1,NA,NA,NA,NA,NA,NA,NA,NA,NA,1,NA,1,2,NA,NA,NA,NA,NA,2,NA
M17 [Details of deaths reported during the month with probable causes:],17.3.1,Number of cases of Infant or Child deaths between 1 month to 5 years of age with the probable cause being Pneumonia,2. Between 1 year & 5 years,1,NA,NA,NA,NA,NA,NA,1,NA,NA,NA,NA,NA,NA,NA,NA,NA,NA,NA,NA,NA,NA,NA,NA,NA,NA,NA,NA
M17 [Details of deaths reported during the month with probable causes:],17.3.1,Number of cases of Infant or Child deaths between 1 month to 5 years of age with the probable cause being Pneumonia,3. Total,14,1,1,1,1,NA,2,2,NA,NA,NA,NA,NA,NA,NA,NA,NA,1,NA,1,2,NA,NA,NA,NA,NA,2,NA
M17 [Details of deaths reported during the month with probable causes:],17.3.2,Number of cases of Infant or Child deaths between 1 month to 5 years of age with the probable cause being Diarrhoea,1. Between 1 month and 11 months,1,NA,NA,NA,NA,NA,NA,NA,NA,NA,NA,NA,NA,NA,NA,NA,NA,NA,NA,NA,NA,NA,NA,NA,NA,NA,NA,1
M17 [Details of deaths reported during the month with probable causes:],17.3.2,Number of cases of Infant or Child deaths between 1 month to 5 years of age with the probable cause being Diarrhoea,2. Between 1 year & 5 years,2,NA,NA,NA,NA,NA,NA,NA,1,NA,NA,NA,NA,NA,NA,1,NA,NA,NA,NA,NA,NA,NA,NA,NA,NA,NA,NA
M17 [Details of deaths reported during the month with probable causes:],17.3.2,Number of cases of Infant or Child deaths between 1 month to 5 years of age with the probable cause being Diarrhoea,3. Total,3,NA,NA,NA,NA,NA,NA,NA,1,NA,NA,NA,NA,NA,NA,1,NA,NA,NA,NA,NA,NA,NA,NA,NA,NA,NA,1
M17 [Details of deaths reported during the month with probable causes:],17.3.3,Number of cases of Infant or Child deaths between 1 month to 5 years of age with the probable cause being Fever related,1. Between 1 month and 11 months,9,NA,NA,NA,1,NA,1,1,NA,NA,NA,NA,NA,NA,NA,NA,NA,1,NA,1,2,NA,NA,NA,NA,NA,1,1
M17 [Details of deaths reported during the month with probable causes:],17.3.3,Number of cases of Infant or Child deaths between 1 month to 5 years of age with the probable cause being Fever related,2. Between 1 year & 5 years,5,NA,2,NA,NA,NA,1,NA,NA,NA,NA,NA,NA,NA,NA,NA,NA,1,NA,1,NA,NA,NA,NA,NA,NA,NA,NA
M17 [Details of deaths reported during the month with probable causes:],17.3.3,Number of cases of Infant or Child deaths between 1 month to 5 years of age with the probable cause being Fever related,3. Total,14,NA,2,NA,1,NA,2,1,NA,NA,NA,NA,NA,NA,NA,NA,NA,2,NA,2,2,NA,NA,NA,NA,NA,1,1
M17 [Details of deaths reported during the month with probable causes:],17.3.4,Number of cases of Infant or Child deaths between 1 month to 5 years of age with the probable cause being Measles,1. Between 1 month and 11 months,NA,NA,NA,NA,NA,NA,NA,NA,NA,NA,NA,NA,NA,NA,NA,NA,NA,NA,NA,NA,NA,NA,NA,NA,NA,NA,NA,NA
M17 [Details of deaths reported during the month with probable causes:],17.3.4,Number of cases of Infant or Child deaths between 1 month to 5 years of age with the probable cause being Measles,2. Between 1 year & 5 years,NA,NA,NA,NA,NA,NA,NA,NA,NA,NA,NA,NA,NA,NA,NA,NA,NA,NA,NA,NA,NA,NA,NA,NA,NA,NA,NA,NA
M17 [Details of deaths reported during the month with probable causes:],17.3.4,Number of cases of Infant or Child deaths between 1 month to 5 years of age with the probable cause being Measles,3. Total,NA,NA,NA,NA,NA,NA,NA,NA,NA,NA,NA,NA,NA,NA,NA,NA,NA,NA,NA,NA,NA,NA,NA,NA,NA,NA,NA,NA
M17 [Details of deaths reported during the month with probable causes:],17.3.5,"Number of cases of Infant or Child deaths between 1 month to 5 years of age with the probable cause being other than Pneumonia, Diarrhoea, Fever related and Measles",1. Between 1 month and 11 months,57,1,7,3,3,2,2,6,2,1,6,NA,1,NA,NA,1,1,1,1,3,4,2,NA,2,NA,2,2,4
M17 [Details of deaths reported during the month with probable causes:],17.3.5,"Number of cases of Infant or Child deaths between 1 month to 5 years of age with the probable cause being other than Pneumonia, Diarrhoea, Fever related and Measles",2. Between 1 year & 5 years,17,1,2,3,NA,NA,1,1,3,NA,1,NA,NA,NA,NA,NA,NA,1,NA,2,2,NA,NA,NA,NA,NA,NA,NA
M17 [Details of deaths reported during the month with probable causes:],17.3.5,"Number of cases of Infant or Child deaths between 1 month to 5 years of age with the probable cause being other than Pneumonia, Diarrhoea, Fever related and Measles",3. Total,74,2,9,6,3,2,3,7,5,1,7,NA,1,NA,NA,1,1,2,1,5,6,2,NA,2,NA,2,2,4
M17 [Details of deaths reported during the month with probable causes:],17.4.1,Number of cases of Adolescent or Adult deaths (age 6 years & above) with the probable cause being Diarrhoeal diseases,1. 6-14 yrs,1,NA,NA,NA,NA,NA,NA,NA,NA,NA,NA,NA,NA,NA,NA,NA,NA,NA,NA,NA,NA,NA,NA,NA,NA,NA,1,NA
M17 [Details of deaths reported during the month with probable causes:],17.4.1,Number of cases of Adolescent or Adult deaths (age 6 years & above) with the probable cause being Diarrhoeal diseases,2. 15-55 yrs.,2,NA,NA,NA,NA,NA,NA,1,NA,NA,NA,NA,NA,NA,NA,NA,NA,NA,NA,NA,1,NA,NA,NA,NA,NA,NA,NA
M17 [Details of deaths reported during the month with probable causes:],17.4.1,Number of cases of Adolescent or Adult deaths (age 6 years & above) with the probable cause being Diarrhoeal diseases,3. Above 55 yrs.,4,1,NA,NA,NA,NA,NA,NA,NA,NA,3,NA,NA,NA,NA,NA,NA,NA,NA,NA,NA,NA,NA,NA,NA,NA,NA,NA
M17 [Details of deaths reported during the month with probable causes:],17.4.1,Number of cases of Adolescent or Adult deaths (age 6 years & above) with the probable cause being Diarrhoeal diseases,4. Total,7,1,NA,NA,NA,NA,NA,1,NA,NA,3,NA,NA,NA,NA,NA,NA,NA,NA,NA,1,NA,NA,NA,NA,NA,1,NA
M17 [Details of deaths reported during the month with probable causes:],17.4.2,Number of cases of Adolescent or Adult deaths (age 6 years & above) with the probable cause being Tuberculosis,1. 6-14 yrs,1,NA,NA,NA,NA,NA,NA,NA,NA,NA,NA,NA,NA,NA,NA,NA,NA,NA,NA,NA,NA,NA,NA,NA,NA,1,NA,NA
M17 [Details of deaths reported during the month with probable causes:],17.4.2,Number of cases of Adolescent or Adult deaths (age 6 years & above) with the probable cause being Tuberculosis,2. 15-55 yrs.,27,NA,3,NA,NA,NA,1,NA,2,1,NA,3,NA,NA,NA,3,1,NA,1,NA,1,2,NA,NA,NA,NA,8,1
M17 [Details of deaths reported during the month with probable causes:],17.4.2,Number of cases of Adolescent or Adult deaths (age 6 years & above) with the probable cause being Tuberculosis,3. Above 55 yrs.,7,NA,2,NA,NA,NA,NA,NA,NA,NA,NA,1,NA,NA,NA,NA,NA,NA,NA,NA,NA,NA,1,NA,NA,1,1,1
M17 [Details of deaths reported during the month with probable causes:],17.4.2,Number of cases of Adolescent or Adult deaths (age 6 years & above) with the probable cause being Tuberculosis,4. Total,35,NA,5,NA,NA,NA,1,NA,2,1,NA,4,NA,NA,NA,3,1,NA,1,NA,1,2,1,NA,NA,2,9,2
M17 [Details of deaths reported during the month with probable causes:],17.4.3,Number of cases of Adolescent or Adult deaths (age 6 years & above) with the probable cause being Respiratory diseases including infections,1. 6-14 yrs,3,NA,NA,NA,NA,NA,NA,NA,3,NA,NA,NA,NA,NA,NA,NA,NA,NA,NA,NA,NA,NA,NA,NA,NA,NA,NA,NA
M17 [Details of deaths reported during the month with probable causes:],17.4.3,Number of cases of Adolescent or Adult deaths (age 6 years & above) with the probable cause being Respiratory diseases including infections,2. 15-55 yrs.,27,NA,2,NA,1,NA,NA,NA,1,NA,NA,4,1,NA,NA,NA,1,2,NA,NA,3,NA,3,1,NA,NA,6,2
M17 [Details of deaths reported during the month with probable causes:],17.4.3,Number of cases of Adolescent or Adult deaths (age 6 years & above) with the probable cause being Respiratory diseases including infections,3. Above 55 yrs.,33,NA,4,NA,3,NA,1,1,1,NA,NA,3,2,NA,NA,3,NA,4,1,NA,1,NA,5,NA,NA,2,NA,2
M17 [Details of deaths reported during the month with probable causes:],17.4.3,Number of cases of Adolescent or Adult deaths (age 6 years & above) with the probable cause being Respiratory diseases including infections,4. Total,63,NA,6,NA,4,NA,1,1,5,NA,NA,7,3,NA,NA,3,1,6,1,NA,4,NA,8,1,NA,2,6,4
M17 [Details of deaths reported during the month with probable causes:],17.4.4,Number of cases of Adolescent or Adult deaths (age 6 years & above) with the probable cause being Malaria,1. 6-14 yrs,1,NA,NA,NA,NA,NA,NA,NA,NA,NA,NA,NA,NA,NA,NA,NA,NA,1,NA,NA,NA,NA,NA,NA,NA,NA,NA,NA
M17 [Details of deaths reported during the month with probable causes:],17.4.4,Number of cases of Adolescent or Adult deaths (age 6 years & above) with the probable cause being Malaria,2. 15-55 yrs.,2,NA,NA,NA,1,NA,NA,NA,NA,NA,NA,NA,NA,NA,NA,NA,1,NA,NA,NA,NA,NA,NA,NA,NA,NA,NA,NA
M17 [Details of deaths reported during the month with probable causes:],17.4.4,Number of cases of Adolescent or Adult deaths (age 6 years & above) with the probable cause being Malaria,3. Above 55 yrs.,1,NA,NA,NA,NA,NA,NA,NA,NA,NA,NA,NA,NA,NA,NA,NA,NA,NA,NA,NA,NA,NA,1,NA,NA,NA,NA,NA
M17 [Details of deaths reported during the month with probable causes:],17.4.4,Number of cases of Adolescent or Adult deaths (age 6 years & above) with the probable cause being Malaria,4. Total,4,NA,NA,NA,1,NA,NA,NA,NA,NA,NA,NA,NA,NA,NA,NA,1,1,NA,NA,NA,NA,1,NA,NA,NA,NA,NA
M17 [Details of deaths reported during the month with probable causes:],17.4.5,Number of cases of Adolescent or Adult deaths (age 6 years & above) with the probable cause being other Fever related,1. 6-14 yrs,3,NA,1,NA,NA,NA,NA,NA,NA,NA,NA,NA,NA,NA,NA,NA,1,NA,NA,NA,NA,NA,NA,NA,1,NA,NA,NA
M17 [Details of deaths reported during the month with probable causes:],17.4.5,Number of cases of Adolescent or Adult deaths (age 6 years & above) with the probable cause being other Fever related,2. 15-55 yrs.,38,NA,4,2,2,NA,NA,1,5,1,2,2,2,NA,NA,1,4,1,1,1,1,NA,NA,NA,NA,3,2,3
M17 [Details of deaths reported during the month with probable causes:],17.4.5,Number of cases of Adolescent or Adult deaths (age 6 years & above) with the probable cause being other Fever related,3. Above 55 yrs.,24,2,1,NA,1,NA,6,NA,6,NA,NA,NA,NA,NA,NA,NA,1,NA,3,NA,1,1,NA,NA,NA,NA,NA,2
M17 [Details of deaths reported during the month with probable causes:],17.4.5,Number of cases of Adolescent or Adult deaths (age 6 years & above) with the probable cause being other Fever related,4. Total,65,2,6,2,3,NA,6,1,11,1,2,2,2,NA,NA,1,6,1,4,1,2,1,NA,NA,1,3,2,5
M17 [Details of deaths reported during the month with probable causes:],17.4.6,Number of cases of Adolescent or Adult deaths (age 6 years & above) with the probable cause being HIV/AIDS,1. 6-14 yrs,NA,NA,NA,NA,NA,NA,NA,NA,NA,NA,NA,NA,NA,NA,NA,NA,NA,NA,NA,NA,NA,NA,NA,NA,NA,NA,NA,NA
M17 [Details of deaths reported during the month with probable causes:],17.4.6,Number of cases of Adolescent or Adult deaths (age 6 years & above) with the probable cause being HIV/AIDS,2. 15-55 yrs.,2,NA,NA,NA,NA,NA,NA,NA,NA,NA,NA,NA,NA,NA,NA,NA,NA,1,1,NA,NA,NA,NA,NA,NA,NA,NA,NA
M17 [Details of deaths reported during the month with probable causes:],17.4.6,Number of cases of Adolescent or Adult deaths (age 6 years & above) with the probable cause being HIV/AIDS,3. Above 55 yrs.,NA,NA,NA,NA,NA,NA,NA,NA,NA,NA,NA,NA,NA,NA,NA,NA,NA,NA,NA,NA,NA,NA,NA,NA,NA,NA,NA,NA
M17 [Details of deaths reported during the month with probable causes:],17.4.6,Number of cases of Adolescent or Adult deaths (age 6 years & above) with the probable cause being HIV/AIDS,4. Total,2,NA,NA,NA,NA,NA,NA,NA,NA,NA,NA,NA,NA,NA,NA,NA,NA,1,1,NA,NA,NA,NA,NA,NA,NA,NA,NA
M17 [Details of deaths reported during the month with probable causes:],17.4.7,Number of cases of Adolescent or Adult deaths (age 6 years & above) with the probable cause being Heart disease or related to Hypertension,1. 6-14 yrs,2,NA,NA,NA,NA,NA,NA,NA,1,NA,NA,NA,NA,NA,NA,NA,NA,NA,NA,NA,NA,NA,NA,NA,NA,NA,1,NA
M17 [Details of deaths reported during the month with probable causes:],17.4.7,Number of cases of Adolescent or Adult deaths (age 6 years & above) with the probable cause being Heart disease or related to Hypertension,2. 15-55 yrs.,99,1,4,3,3,NA,3,2,10,2,1,5,1,1,NA,5,3,2,5,1,NA,4,1,NA,NA,12,18,12
M17 [Details of deaths reported during the month with probable causes:],17.4.7,Number of cases of Adolescent or Adult deaths (age 6 years & above) with the probable cause being Heart disease or related to Hypertension,3. Above 55 yrs.,141,7,11,2,11,NA,7,3,6,1,1,9,4,2,NA,8,1,7,4,2,4,6,1,1,3,16,13,11
M17 [Details of deaths reported during the month with probable causes:],17.4.7,Number of cases of Adolescent or Adult deaths (age 6 years & above) with the probable cause being Heart disease or related to Hypertension,4. Total,242,8,15,5,14,NA,10,5,17,3,2,14,5,3,NA,13,4,9,9,3,4,10,2,1,3,28,32,23
M17 [Details of deaths reported during the month with probable causes:],17.4.8,Number of cases of Adolescent or Adult deaths (age 6 years & above) with the probable cause being Neurological disease including strokes,1. 6-14 yrs,NA,NA,NA,NA,NA,NA,NA,NA,NA,NA,NA,NA,NA,NA,NA,NA,NA,NA,NA,NA,NA,NA,NA,NA,NA,NA,NA,NA
M17 [Details of deaths reported during the month with probable causes:],17.4.8,Number of cases of Adolescent or Adult deaths (age 6 years & above) with the probable cause being Neurological disease including strokes,2. 15-55 yrs.,26,5,2,1,NA,2,NA,NA,NA,1,NA,1,1,NA,NA,NA,NA,NA,1,1,NA,NA,NA,1,NA,NA,8,2
M17 [Details of deaths reported during the month with probable causes:],17.4.8,Number of cases of Adolescent or Adult deaths (age 6 years & above) with the probable cause being Neurological disease including strokes,3. Above 55 yrs.,37,1,9,NA,3,1,1,NA,1,NA,1,2,2,NA,NA,2,NA,1,NA,2,NA,NA,1,1,NA,2,5,2
M17 [Details of deaths reported during the month with probable causes:],17.4.8,Number of cases of Adolescent or Adult deaths (age 6 years & above) with the probable cause being Neurological disease including strokes,4. Total,63,6,11,1,3,3,1,NA,1,1,1,3,3,NA,NA,2,NA,1,1,3,NA,NA,1,2,NA,2,13,4
M17 [Details of deaths reported during the month with probable causes:],17.4.9(a),Number of cases of Maternal deaths (age 15-49 years) with the probable cause being Abortion,1. 6-14 yrs,NA,NA,NA,NA,NA,NA,NA,NA,NA,NA,NA,NA,NA,NA,NA,NA,NA,NA,NA,NA,NA,NA,NA,NA,NA,NA,NA,NA
M17 [Details of deaths reported during the month with probable causes:],17.4.9(a),Number of cases of Maternal deaths (age 15-49 years) with the probable cause being Abortion,2. 15-49 yrs,2,NA,NA,NA,NA,NA,NA,NA,2,NA,NA,NA,NA,NA,NA,NA,NA,NA,NA,NA,NA,NA,NA,NA,NA,NA,NA,NA
M17 [Details of deaths reported during the month with probable causes:],17.4.9(a),Number of cases of Maternal deaths (age 15-49 years) with the probable cause being Abortion,3. Above 49 yrs.,NA,NA,NA,NA,NA,NA,NA,NA,NA,NA,NA,NA,NA,NA,NA,NA,NA,NA,NA,NA,NA,NA,NA,NA,NA,NA,NA,NA
M17 [Details of deaths reported during the month with probable causes:],17.4.9(a),Number of cases of Maternal deaths (age 15-49 years) with the probable cause being Abortion,4. Total,2,NA,NA,NA,NA,NA,NA,NA,2,NA,NA,NA,NA,NA,NA,NA,NA,NA,NA,NA,NA,NA,NA,NA,NA,NA,NA,NA
M17 [Details of deaths reported during the month with probable causes:],17.4.9(b),Number of cases of Maternal deaths (age 15-49 years) with the probable cause being Obstructed or prolonged labour,1. 6-14 yrs,NA,NA,NA,NA,NA,NA,NA,NA,NA,NA,NA,NA,NA,NA,NA,NA,NA,NA,NA,NA,NA,NA,NA,NA,NA,NA,NA,NA
M17 [Details of deaths reported during the month with probable causes:],17.4.9(b),Number of cases of Maternal deaths (age 15-49 years) with the probable cause being Obstructed or prolonged labour,2. 15-49 yrs,1,NA,NA,NA,NA,NA,NA,NA,NA,NA,NA,NA,NA,NA,NA,NA,NA,NA,NA,NA,NA,NA,NA,NA,NA,1,NA,NA
M17 [Details of deaths reported during the month with probable causes:],17.4.9(b),Number of cases of Maternal deaths (age 15-49 years) with the probable cause being Obstructed or prolonged labour,3. Above 49 yrs.,NA,NA,NA,NA,NA,NA,NA,NA,NA,NA,NA,NA,NA,NA,NA,NA,NA,NA,NA,NA,NA,NA,NA,NA,NA,NA,NA,NA
M17 [Details of deaths reported during the month with probable causes:],17.4.9(b),Number of cases of Maternal deaths (age 15-49 years) with the probable cause being Obstructed or prolonged labour,4. Total,1,NA,NA,NA,NA,NA,NA,NA,NA,NA,NA,NA,NA,NA,NA,NA,NA,NA,NA,NA,NA,NA,NA,NA,NA,1,NA,NA
M17 [Details of deaths reported during the month with probable causes:],17.4.9(c),Number of cases of Maternal deaths (age 15-49 years) with the probable cause being Severe hypertesnion or fits,1. 6-14 yrs,NA,NA,NA,NA,NA,NA,NA,NA,NA,NA,NA,NA,NA,NA,NA,NA,NA,NA,NA,NA,NA,NA,NA,NA,NA,NA,NA,NA
M17 [Details of deaths reported during the month with probable causes:],17.4.9(c),Number of cases of Maternal deaths (age 15-49 years) with the probable cause being Severe hypertesnion or fits,2. 15-49 yrs,4,NA,NA,NA,NA,NA,NA,NA,1,NA,NA,NA,NA,NA,NA,NA,NA,NA,1,NA,1,NA,NA,NA,NA,NA,1,NA
M17 [Details of deaths reported during the month with probable causes:],17.4.9(c),Number of cases of Maternal deaths (age 15-49 years) with the probable cause being Severe hypertesnion or fits,3. Above 49 yrs.,NA,NA,NA,NA,NA,NA,NA,NA,NA,NA,NA,NA,NA,NA,NA,NA,NA,NA,NA,NA,NA,NA,NA,NA,NA,NA,NA,NA
M17 [Details of deaths reported during the month with probable causes:],17.4.9(c),Number of cases of Maternal deaths (age 15-49 years) with the probable cause being Severe hypertesnion or fits,4. Total,4,NA,NA,NA,NA,NA,NA,NA,1,NA,NA,NA,NA,NA,NA,NA,NA,NA,1,NA,1,NA,NA,NA,NA,NA,1,NA
M17 [Details of deaths reported during the month with probable causes:],17.4.9(d),Number of cases of Maternal deaths (age 15-49 years) with the probable cause being Bleeding,1. 6-14 yrs,NA,NA,NA,NA,NA,NA,NA,NA,NA,NA,NA,NA,NA,NA,NA,NA,NA,NA,NA,NA,NA,NA,NA,NA,NA,NA,NA,NA
M17 [Details of deaths reported during the month with probable causes:],17.4.9(d),Number of cases of Maternal deaths (age 15-49 years) with the probable cause being Bleeding,2. 15-49 yrs,6,NA,2,NA,1,NA,1,NA,1,NA,NA,NA,NA,1,NA,NA,NA,NA,NA,NA,NA,NA,NA,NA,NA,NA,NA,NA
M17 [Details of deaths reported during the month with probable causes:],17.4.9(d),Number of cases of Maternal deaths (age 15-49 years) with the probable cause being Bleeding,3. Above 49 yrs.,NA,NA,NA,NA,NA,NA,NA,NA,NA,NA,NA,NA,NA,NA,NA,NA,NA,NA,NA,NA,NA,NA,NA,NA,NA,NA,NA,NA
M17 [Details of deaths reported during the month with probable causes:],17.4.9(d),Number of cases of Maternal deaths (age 15-49 years) with the probable cause being Bleeding,4. Total,6,NA,2,NA,1,NA,1,NA,1,NA,NA,NA,NA,1,NA,NA,NA,NA,NA,NA,NA,NA,NA,NA,NA,NA,NA,NA
M17 [Details of deaths reported during the month with probable causes:],17.4.9(e),Number of cases of Maternal deaths (age 15-49 years) with the probable cause being High Fever,1. 6-14 yrs,NA,NA,NA,NA,NA,NA,NA,NA,NA,NA,NA,NA,NA,NA,NA,NA,NA,NA,NA,NA,NA,NA,NA,NA,NA,NA,NA,NA
M17 [Details of deaths reported during the month with probable causes:],17.4.9(e),Number of cases of Maternal deaths (age 15-49 years) with the probable cause being High Fever,2. 15-49 yrs,NA,NA,NA,NA,NA,NA,NA,NA,NA,NA,NA,NA,NA,NA,NA,NA,NA,NA,NA,NA,NA,NA,NA,NA,NA,NA,NA,NA
M17 [Details of deaths reported during the month with probable causes:],17.4.9(e),Number of cases of Maternal deaths (age 15-49 years) with the probable cause being High Fever,3. Above 49 yrs.,NA,NA,NA,NA,NA,NA,NA,NA,NA,NA,NA,NA,NA,NA,NA,NA,NA,NA,NA,NA,NA,NA,NA,NA,NA,NA,NA,NA
M17 [Details of deaths reported during the month with probable causes:],17.4.9(e),Number of cases of Maternal deaths (age 15-49 years) with the probable cause being High Fever,4. Total,NA,NA,NA,NA,NA,NA,NA,NA,NA,NA,NA,NA,NA,NA,NA,NA,NA,NA,NA,NA,NA,NA,NA,NA,NA,NA,NA,NA
M17 [Details of deaths reported during the month with probable causes:],17.4.9(f),Number of cases of Maternal deaths (age 15-49 years) with the probable cause being other causes (excluding abortion; obstructed or prolonged labour; severe hypertension or fits;,1. 6-14 yrs,NA,NA,NA,NA,NA,NA,NA,NA,NA,NA,NA,NA,NA,NA,NA,NA,NA,NA,NA,NA,NA,NA,NA,NA,NA,NA,NA,NA
M17 [Details of deaths reported during the month with probable causes:],17.4.9(f),Number of cases of Maternal deaths (age 15-49 years) with the probable cause being other causes (excluding abortion; obstructed or prolonged labour; severe hypertension or fits;,2. 15-49 yrs,33,NA,2,NA,1,1,NA,1,3,2,NA,NA,2,NA,NA,1,3,1,1,1,2,NA,NA,NA,5,2,5,NA
M17 [Details of deaths reported during the month with probable causes:],17.4.9(f),Number of cases of Maternal deaths (age 15-49 years) with the probable cause being other causes (excluding abortion; obstructed or prolonged labour; severe hypertension or fits;,3. Above 49 yrs.,NA,NA,NA,NA,NA,NA,NA,NA,NA,NA,NA,NA,NA,NA,NA,NA,NA,NA,NA,NA,NA,NA,NA,NA,NA,NA,NA,NA
M17 [Details of deaths reported during the month with probable causes:],17.4.9(f),Number of cases of Maternal deaths (age 15-49 years) with the probable cause being other causes (excluding abortion; obstructed or prolonged labour; severe hypertension or fits;,4. Total,33,NA,2,NA,1,1,NA,1,3,2,NA,NA,2,NA,NA,1,3,1,1,1,2,NA,NA,NA,5,2,5,NA
M17 [Details of deaths reported during the month with probable causes:],17.4.10,Number of cases of Adolescent or Adult deaths (age 6 years & above) with the probable cause being Trauma or Accidents or Burn cases,1. 6-14 yrs,11,NA,1,NA,NA,NA,1,1,NA,2,NA,NA,2,NA,NA,NA,NA,1,NA,NA,NA,NA,NA,NA,NA,2,1,NA
M17 [Details of deaths reported during the month with probable causes:],17.4.10,Number of cases of Adolescent or Adult deaths (age 6 years & above) with the probable cause being Trauma or Accidents or Burn cases,2. 15-55 yrs.,78,2,5,6,2,1,3,2,8,2,1,4,1,1,NA,3,1,2,1,2,5,NA,1,1,5,12,4,3
M17 [Details of deaths reported during the month with probable causes:],17.4.10,Number of cases of Adolescent or Adult deaths (age 6 years & above) with the probable cause being Trauma or Accidents or Burn cases,3. Above 55 yrs.,17,1,1,1,NA,NA,NA,NA,3,1,NA,NA,NA,NA,NA,2,NA,2,NA,NA,3,NA,NA,NA,1,1,1,NA
M17 [Details of deaths reported during the month with probable causes:],17.4.10,Number of cases of Adolescent or Adult deaths (age 6 years & above) with the probable cause being Trauma or Accidents or Burn cases,4. Total,106,3,7,7,2,1,4,3,11,5,1,4,3,1,NA,5,1,5,1,2,8,NA,1,1,6,15,6,3
M17 [Details of deaths reported during the month with probable causes:],17.4.11,Number of cases of Adolescent or Adult deaths (age 6 years & above) with the probable cause being suicide,1. 6-14 yrs,1,NA,NA,NA,NA,NA,NA,NA,NA,NA,NA,NA,NA,NA,NA,1,NA,NA,NA,NA,NA,NA,NA,NA,NA,NA,NA,NA
M17 [Details of deaths reported during the month with probable causes:],17.4.11,Number of cases of Adolescent or Adult deaths (age 6 years & above) with the probable cause being suicide,2. 15-55 yrs.,57,5,5,2,1,2,4,6,2,NA,3,NA,1,1,NA,6,1,NA,NA,NA,2,NA,1,NA,4,4,4,3
M17 [Details of deaths reported during the month with probable causes:],17.4.11,Number of cases of Adolescent or Adult deaths (age 6 years & above) with the probable cause being suicide,3. Above 55 yrs.,8,1,1,NA,NA,NA,NA,NA,NA,NA,1,NA,NA,NA,NA,NA,NA,NA,1,1,NA,NA,NA,NA,NA,NA,3,NA
M17 [Details of deaths reported during the month with probable causes:],17.4.11,Number of cases of Adolescent or Adult deaths (age 6 years & above) with the probable cause being suicide,4. Total,66,6,6,2,1,2,4,6,2,NA,4,NA,1,1,NA,7,1,NA,1,1,2,NA,1,NA,4,4,7,3
M17 [Details of deaths reported during the month with probable causes:],17.4.12,Number of cases of Adolescent or Adult deaths (age 6 years & above) with the probable cause being Animal bites and stings,1. 6-14 yrs,2,NA,NA,NA,NA,NA,NA,1,NA,NA,NA,NA,NA,NA,NA,NA,NA,NA,NA,NA,NA,NA,NA,NA,NA,NA,1,NA
M17 [Details of deaths reported during the month with probable causes:],17.4.12,Number of cases of Adolescent or Adult deaths (age 6 years & above) with the probable cause being Animal bites and stings,2. 15-55 yrs.,2,NA,NA,NA,NA,NA,NA,NA,NA,NA,NA,NA,NA,NA,NA,NA,NA,NA,NA,NA,NA,NA,1,NA,NA,NA,NA,1
M17 [Details of deaths reported during the month with probable causes:],17.4.12,Number of cases of Adolescent or Adult deaths (age 6 years & above) with the probable cause being Animal bites and stings,3. Above 55 yrs.,5,NA,NA,NA,NA,NA,1,NA,NA,NA,NA,1,NA,NA,NA,1,1,NA,NA,NA,NA,NA,1,NA,NA,NA,NA,NA
M17 [Details of deaths reported during the month with probable causes:],17.4.12,Number of cases of Adolescent or Adult deaths (age 6 years & above) with the probable cause being Animal bites and stings,4. Total,9,NA,NA,NA,NA,NA,1,1,NA,NA,NA,1,NA,NA,NA,1,1,NA,NA,NA,NA,NA,2,NA,NA,NA,1,1
M17 [Details of deaths reported during the month with probable causes:],17.4.13(a),Number of cases of Adolescent or Adult deaths (age 6 years & above) with the probable cause being Known Acute disease,1. 6-14 yrs,5,NA,2,NA,NA,NA,NA,NA,NA,NA,NA,1,1,NA,NA,NA,NA,1,NA,NA,NA,NA,NA,NA,NA,NA,NA,NA
M17 [Details of deaths reported during the month with probable causes:],17.4.13(a),Number of cases of Adolescent or Adult deaths (age 6 years & above) with the probable cause being Known Acute disease,2. 15-55 yrs.,65,5,9,NA,NA,NA,3,NA,6,2,1,1,4,NA,NA,4,1,NA,1,2,7,NA,1,1,NA,6,6,5
M17 [Details of deaths reported during the month with probable causes:],17.4.13(a),Number of cases of Adolescent or Adult deaths (age 6 years & above) with the probable cause being Known Acute disease,3. Above 55 yrs.,99,21,7,4,5,2,5,NA,4,3,NA,1,3,NA,NA,4,NA,1,1,2,6,1,1,NA,1,15,8,4
M17 [Details of deaths reported during the month with probable causes:],17.4.13(a),Number of cases of Adolescent or Adult deaths (age 6 years & above) with the probable cause being Known Acute disease,4. Total,169,26,18,4,5,2,8,NA,10,5,1,3,8,NA,NA,8,1,2,2,4,13,1,2,1,1,21,14,9
M17 [Details of deaths reported during the month with probable causes:],17.4.13(b),Number of cases of Adolescent or Adult deaths (age 6 years & above) with the probable cause being Known Chronic disease,1. 6-14 yrs,4,NA,NA,1,NA,NA,NA,NA,NA,NA,NA,NA,NA,NA,NA,NA,1,NA,NA,NA,NA,NA,NA,NA,NA,NA,1,1
M17 [Details of deaths reported during the month with probable causes:],17.4.13(b),Number of cases of Adolescent or Adult deaths (age 6 years & above) with the probable cause being Known Chronic disease,2. 15-55 yrs.,84,7,6,4,2,1,1,2,2,4,3,6,2,1,NA,4,1,NA,5,2,3,3,2,NA,4,3,9,7
M17 [Details of deaths reported during the month with probable causes:],17.4.13(b),Number of cases of Adolescent or Adult deaths (age 6 years & above) with the probable cause being Known Chronic disease,3. Above 55 yrs.,184,10,12,8,11,4,10,1,2,6,3,20,4,2,NA,11,NA,3,7,10,17,4,5,2,4,10,8,10
M17 [Details of deaths reported during the month with probable causes:],17.4.13(b),Number of cases of Adolescent or Adult deaths (age 6 years & above) with the probable cause being Known Chronic disease,4. Total,272,17,18,13,13,5,11,3,4,10,6,26,6,3,NA,15,2,3,12,12,20,7,7,2,8,13,18,18
M17 [Details of deaths reported during the month with probable causes:],17.4.13(c),Number of cases of Adolescent or Adult deaths (age 6 years & above) where the cause was not known,1. 6-14 yrs,24,1,2,NA,2,NA,NA,3,2,NA,NA,3,NA,NA,NA,1,1,NA,NA,3,NA,1,NA,NA,NA,1,3,1
M17 [Details of deaths reported during the month with probable causes:],17.4.13(c),Number of cases of Adolescent or Adult deaths (age 6 years & above) where the cause was not known,2. 15-55 yrs.,330,18,18,9,18,2,5,13,16,8,11,12,11,NA,NA,35,9,8,10,10,4,6,2,11,21,15,47,11
M17 [Details of deaths reported during the month with probable causes:],17.4.13(c),Number of cases of Adolescent or Adult deaths (age 6 years & above) where the cause was not known,3. Above 55 yrs.,546,33,37,18,60,4,20,17,27,8,15,21,23,4,NA,41,12,19,18,9,16,16,7,15,16,34,38,18
M17 [Details of deaths reported during the month with probable causes:],17.4.13(c),Number of cases of Adolescent or Adult deaths (age 6 years & above) where the cause was not known,4. Total,900,52,57,27,80,6,25,33,45,16,26,36,34,4,NA,77,22,27,28,22,20,23,9,26,37,50,88,30
