Indicator,S.No.,Parameters,Type,District - _Maharashtra,District - Ahmednagar,District - Akola,District - Amravati,District - Aurangabad,District - Bhandara,District - Bid,District - Brihan Mumbai,District - Buldana,District - Chandrapur,District - Dhule,District - Gadchiroli,District - Gondiya,District - Hingoli,District - Jalgaon,District - Jalna,District - Kolhapur,District - Latur,District - Nagpur,District - Nanded,District - Nandurbar,District - Nashik,District - Osmanabad,District - Palghar,District - Parbhani,District - Pune,District - Raigarh,District - Ratnagiri,District - Sangli,District - Satara,District - Sindhudurg,District - Solapur,District - Thane,District - Wardha,District - Washim,District - Yavatmal
M1 [Ante Natal Care Services ANC],1.1,Total number of pregnant women Registered for ANC,TOTAL,186911,7983,3478,4048,8011,1515,3342,21678,4921,2841,3784,1671,1584,2089,7146,4030,5525,4573,5163,5836,3213,10494,2681,5859,3689,16982,2998,1436,4577,4604,732,8586,13630,1907,1671,4634
M1 [Ante Natal Care Services ANC],1.1.1,Of which Number registered within first trimester (within 12 weeks),TOTAL,122870,6081,2572,3414,5044,1434,2484,4409,4315,2459,3135,1417,1403,1814,6001,3192,4123,3631,3015,5079,1805,6885,2254,3154,2961,9315,1899,1103,3582,3307,635,5551,8838,1611,1456,3492
M1 [Ante Natal Care Services ANC],1.2,Number of Pregnant women registered under JSY,TOTAL,54964,1952,1017,2187,1442,739,714,4164,2026,1431,1889,1224,999,881,2747,954,947,1189,1303,2129,2871,4916,812,2094,1260,2691,710,274,643,681,114,2023,2450,606,854,2031
M1 [Ante Natal Care Services ANC],1.3,Number of pregnant women received 3 ANC check ups during pregnancy,TOTAL,157114,6386,2934,4015,6425,1558,3230,9519,4125,3276,3658,1770,1618,1811,7007,3423,5952,4128,4291,5427,2708,9499,2414,5666,2564,12158,3234,1598,4300,4779,774,6564,12920,1560,1820,4003
M1 [Ante Natal Care Services ANC],1.4.1,Number of pregnant women given TT1 during current pregnancy,TOTAL,115323,4666,1994,2514,5319,1071,2088,10080,3631,2121,2343,1097,1010,1369,4323,3130,3608,2221,2909,2786,1869,7436,1470,3469,2709,9105,2289,1079,3791,3483,451,5687,8570,1449,1173,3013
M1 [Ante Natal Care Services ANC],1.4.2,Number of pregnant women given TT2 or Booster during current pregnancy,TOTAL,157242,7339,3049,3603,5978,1388,2761,15592,4508,2529,3373,1421,1532,1924,8546,3690,5280,3849,3331,4905,2896,9779,2341,5036,2529,12083,2631,1352,4317,4582,600,5705,10982,2197,1750,3864
M1 [Ante Natal Care Services ANC],1.5,Total number of pregnant women given 100 IFA tablets,TOTAL,117196,6495,2161,1612,3272,493,2437,22369,3768,1233,1952,573,1746,622,3133,2871,4129,1987,2668,1812,1950,5364,1535,3787,1273,8963,2291,1298,1344,2802,208,4974,11325,560,1181,3008
M1 [Ante Natal Care Services ANC],1.6.1,Number of new cases of Hypertension (BP>140/90) detected in Pregnant women at the institution,TOTAL,2509,94,131,219,39,78,42,355,31,19,6,14,28,55,55,14,35,58,174,77,17,42,26,31,20,319,56,17,19,49,5,123,203,21,3,34
M1 [Ante Natal Care Services ANC],1.6.2,Number of Eclampsia cases managed during delivery,TOTAL,438,0,5,10,4,3,1,109,4,5,1,4,6,53,2,2,2,7,14,4,13,14,3,6,20,43,1,17,0,1,0,41,27,10,1,5
M1 [Ante Natal Care Services ANC],1.7.1,Number of Pregnant women with anaemia i.e. Hb level<11 (tested cases),TOTAL,145726,6982,4193,3664,4347,1829,2689,5686,3271,2907,2367,1625,1871,1910,5221,2828,5783,4835,5533,4582,3248,9426,2426,6231,3492,12261,2300,1461,4404,4862,591,6036,9456,1798,1562,4049
M1 [Ante Natal Care Services ANC],1.7.2,Number of Pregnant women having severe anaemia (Hb<7) treated at institution,TOTAL,1491,4,87,10,51,4,94,188,7,22,11,6,5,66,42,24,16,128,34,172,2,60,9,38,63,84,1,6,53,42,0,45,71,5,3,38
M1 [Ante Natal Care Services ANC],1.8,Number of pregnancy test kits used at SC level,TOTAL,36681,1618,911,882,1185,810,609,NA,772,1543,716,1365,933,743,1420,1377,1488,1265,895,915,1154,1371,1111,844,493,1255,412,572,1269,2859,638,1348,998,1315,289,1306
M2 [Deliveries],2.1.1.a,Number of deliveries conducted at Home and attended by trained SBA(i.e. Doctor or Nurse or ANM),TOTAL,898,18,19,60,41,0,9,NA,31,8,109,103,0,8,51,0,2,1,1,3,252,78,0,9,1,7,64,0,0,1,0,5,4,2,4,7
M2 [Deliveries],2.1.1.b,Number of deliveries conducted at Home and attended by non trained SBA (i.e. trained TBA or Relatives etc.),TOTAL,454,4,2,58,5,0,1,NA,3,3,10,19,4,5,1,0,0,0,0,5,201,82,0,9,1,3,17,0,0,0,0,2,17,1,0,1
M2 [Deliveries],2.1.1.c,Total number of deliveries conducted at Home and attended by trained or non-trained SBA (i.e. sum of 2.1.1.a and 2.1.1.b),TOTAL,1352,22,21,118,46,0,10,NA,34,11,119,122,4,13,52,0,2,1,1,8,453,160,0,18,2,10,81,0,0,1,0,7,21,3,4,8
M2 [Deliveries],2.1.2,Number of newborns visited within 24 hours of delivery for deliveries conducted at home,TOTAL,1176,17,17,108,42,0,7,1,32,11,117,103,4,12,46,0,2,1,1,7,365,142,0,16,2,9,75,0,0,1,0,7,20,2,4,5
M2 [Deliveries],2.1.3,Number of mothers paid JSY incentive for deliveries conducted at home,TOTAL,906,19,5,125,10,0,5,NA,14,5,53,35,5,0,28,0,1,7,1,3,361,125,0,27,2,5,39,0,0,0,0,1,23,0,1,6
M2 [Deliveries],2.2,Deliveries conducted at Public Institutions (Including C-Sections),TOTAL,82792,2674,2442,2700,2931,1203,2225,6687,1469,1923,1206,1169,1339,921,2136,1300,1913,2476,1827,5869,1589,6139,1539,3443,1593,5892,924,620,2355,1825,440,2265,6207,920,654,1977
M2 [Deliveries],2.2.1,"Out of 2.2, Number discharged under 48 hours of delivery",TOTAL,21819,385,383,989,1228,2,329,818,457,181,625,553,588,459,911,765,102,831,189,1908,692,2436,73,1836,726,757,244,27,3,1,23,543,1626,16,170,943
M2 [Deliveries],2.2.2.a,Number of mothers paid JSY Incentive for deliveries conducted at Public Institutions,TOTAL,23138,607,615,864,678,441,406,1362,609,898,616,757,764,311,1210,302,519,719,551,1061,990,1647,298,1131,468,1415,312,112,339,229,113,594,883,272,349,696
M2 [Deliveries],2.2.2.b,Number of ASHAs paid JSY Incentive for deliveries conducted at Public Institutions,TOTAL,16738,932,226,630,515,288,414,32,472,899,566,436,643,187,802,145,614,449,603,426,843,989,326,1156,251,846,171,162,281,550,33,657,466,8,281,439
M2 [Deliveries],2.2.2.c,Number of cases of deliveries conducted at Public Institutions where JSY incentive was paid to ANMs or AWWs [only for High Performing States (HPS)],TOTAL,0,NA,NA,NA,NA,NA,0,NA,0,0,NA,0,NA,NA,NA,0,NA,NA,0,NA,0,NA,NA,NA,0,0,NA,NA,NA,0,0,NA,0,NA,NA,0
M2 [Deliveries],2.3,Deliveries conducted at Private Institutions (Including C-Sections),TOTAL,39613,4019,352,426,2984,212,765,2062,1980,267,337,50,161,295,3169,951,1081,857,545,418,189,1410,467,179,346,4936,1110,1076,1144,1761,199,2436,337,831,819,1442
M2 [Deliveries],2.3.1.a,Number of mothers paid JSY Incentive for deliveries conducted at accredited Private Institutions,TOTAL,4746,464,43,149,100,8,170,178,203,23,87,69,9,54,601,153,200,114,100,53,95,143,58,143,35,119,30,80,190,169,4,337,76,177,87,225
M2 [Deliveries],2.3.1.b,Number of ASHAs paid JSY Incentive for deliveries conducted at accredited Private Institutions,TOTAL,892,70,4,2,15,0,51,NA,18,19,26,27,4,1,78,0,22,18,9,47,27,45,4,90,10,17,8,55,12,95,0,63,28,0,9,18
M2 [Deliveries],2.3.1.c,Number of cases of deliveries conducted at accredited Private Institutions where JSY incentive was paid to ANMs or AWWs [only for High Performing States (HPS)],TOTAL,0,NA,NA,NA,NA,NA,NA,NA,NA,NA,NA,NA,NA,NA,NA,NA,NA,NA,0,NA,NA,NA,NA,NA,NA,NA,NA,NA,NA,NA,NA,NA,NA,NA,NA,NA
M3 [Number of Caesarean C-Section deliveries performed at],3.1.1,Number of Caesarean (C-Section) deliveries performed at PHCs (Primary Health Centre),TOTAL,0,NA,NA,NA,NA,NA,NA,NA,NA,NA,NA,NA,NA,NA,NA,NA,NA,NA,0,NA,0,NA,NA,NA,0,NA,NA,NA,NA,NA,0,NA,0,NA,NA,0
M3 [Number of Caesarean C-Section deliveries performed at],3.1.2,Number of Caesarean (C-Section) deliveries performed at CHCs (Community Health Centre),TOTAL,1248,3,0,29,2,8,40,584,0,2,0,10,14,0,0,1,24,2,20,3,0,55,20,118,0,192,48,7,7,15,23,0,10,0,0,11
M3 [Number of Caesarean C-Section deliveries performed at],3.1.3,Number of Caesarean (C-Section) deliveries performed at SDHs (Sub-divisional Hospital) or DHs (District Hospital),TOTAL,7862,302,723,272,215,370,414,705,27,246,0,137,191,76,183,45,39,46,467,365,126,410,143,60,196,902,123,98,4,194,81,33,419,69,0,181
M3 [Number of Caesarean C-Section deliveries performed at],3.1.4,Number of Caesarean (C-Section) deliveries performed at other State owned public institutions,TOTAL,NA,NA,NA,NA,NA,NA,NA,NA,NA,NA,NA,NA,NA,NA,NA,NA,NA,NA,NA,NA,NA,NA,NA,NA,NA,NA,NA,NA,NA,NA,NA,NA,NA,NA,NA,NA
M3 [Number of Caesarean C-Section deliveries performed at],3.1.5,"Total Number of Caesarean (C-Section) deliveries performed at Public facilities i.e. PHC, CHC, SDH, DH and other State owned public institutions (sum of items from 3.1.1 to 3.1.4)",TOTAL,9110,305,723,301,217,378,454,1289,27,248,0,147,205,76,183,46,63,48,487,368,126,465,163,178,196,1094,171,105,11,209,104,33,429,69,0,192
M3 [Number of Caesarean C-Section deliveries performed at],3.2,No. of C-section deliveries performed at Private facilities,TOTAL,6731,308,115,216,327,118,211,658,152,122,25,6,0,33,602,163,356,106,133,72,0,118,140,0,7,692,210,117,186,365,43,451,119,198,107,255
M4 [Pregnancy outcome & weight of new-born],4.1.1.a,Number of male live births,TOTAL,64081,3510,1429,1634,3161,710,1575,4629,1736,1136,863,687,764,650,2868,1187,1542,1712,1259,3177,1138,3996,1083,1922,1011,5650,1095,838,1851,1841,315,2476,3402,724,761,1749
M4 [Pregnancy outcome & weight of new-born],4.1.1.b,Number of female live births,TOTAL,58630,3157,1351,1568,2790,692,1427,4275,1722,1042,789,637,728,573,2459,1054,1427,1619,1111,3049,1072,3658,904,1715,924,5055,1009,856,1630,1724,325,2193,3092,654,707,1642
M4 [Pregnancy outcome & weight of new-born],4.1.1.c,Total number of male and female live births (4.1.1.a and 4.1.1.b),TOTAL,122711,6667,2780,3202,5951,1402,3002,8904,3458,2178,1652,1324,1492,1223,5327,2241,2969,3331,2370,6226,2210,7654,1987,3637,1935,10705,2104,1694,3481,3565,640,4669,6494,1378,1468,3391
M4 [Pregnancy outcome & weight of new-born],4.1.2,Number of still births,TOTAL,1368,52,48,61,51,22,2,114,28,30,13,24,20,11,43,28,31,17,11,70,35,93,27,32,14,152,25,7,32,36,2,78,81,10,11,57
M4 [Pregnancy outcome & weight of new-born],4.1.3,Number of Abortions (spontaneous or induced),TOTAL,16095,622,217,463,916,75,380,1601,180,192,157,105,155,44,409,138,411,147,308,182,75,479,446,607,81,2298,1227,314,298,895,254,378,1549,315,11,166
M4 [Pregnancy outcome & weight of new-born],4.2.1,Number of Newborns weighed at birth,TOTAL,116266,6609,2754,3019,5758,1399,2943,4781,3442,2161,1497,1202,1486,1221,5252,2240,2969,3269,2366,6015,2182,7440,1960,3605,1925,10404,2103,1694,3479,3561,636,4665,6151,1368,1467,3243
M4 [Pregnancy outcome & weight of new-born],4.2.2,Number of Newborns having weight less than 2.5 kg,TOTAL,15012,604,306,439,646,230,226,1085,127,398,87,298,253,77,381,181,419,157,650,288,308,1076,192,616,162,1690,224,234,398,470,140,381,980,561,95,633
M4 [Pregnancy outcome & weight of new-born],4.3,Number of Newborns breast fed within 1 hour of birth,TOTAL,112346,6475,2543,3065,5642,1412,2972,3938,3426,2045,1577,1197,1206,1195,5224,2234,2969,3177,1827,6175,2137,7074,1974,3529,1926,10160,2093,1071,3480,3565,617,4443,5805,1345,1398,3430
M5 [Complicated pregnanices],5.1.1,Number of cases of pregnant women with Obstetric Complications and attended at PHCs,TOTAL,1178,12,3,24,35,3,0,212,8,2,4,13,16,27,30,7,9,0,16,147,46,21,0,32,16,147,20,1,2,7,1,253,61,0,0,3
M5 [Complicated pregnanices],5.1.2,Number of cases of pregnant women with Obstetric Complications and attended at CHCs,TOTAL,1639,25,13,23,21,3,16,269,54,36,20,13,49,6,80,18,13,100,41,80,25,45,27,128,72,218,35,6,5,10,6,46,48,28,12,48
M5 [Complicated pregnanices],5.1.3,Number of cases of pregnant women with Obstetric Complications and attended at SDHs or DHs,TOTAL,8615,163,1045,294,457,370,320,481,97,284,31,421,255,30,346,88,9,110,632,104,95,219,208,190,141,1151,14,65,9,35,159,33,693,23,20,23
M5 [Complicated pregnanices],5.1.4,Number of cases of pregnant women with Obstetric Complications and attended at other State owned public institutions,TOTAL,NA,NA,NA,NA,NA,NA,NA,NA,NA,NA,NA,NA,NA,NA,NA,NA,NA,NA,NA,NA,NA,NA,NA,NA,NA,NA,NA,NA,NA,NA,NA,NA,NA,NA,NA,NA
M5 [Complicated pregnanices],5.1.5,"Number of cases of pregnant women with Obstetric Complications and attended at Public facilities i.e. PHC, CHC, SDH, DH and other State owned public institutions (sum of items from 5.1.1 to 5.1.4)",TOTAL,11432,200,1061,341,513,376,336,962,159,322,55,447,320,63,456,113,31,210,689,331,166,285,235,350,229,1516,69,72,16,52,166,332,802,51,32,74
M5 [Complicated pregnanices],5.2,Number of cases of pregnant women with Obstetric Complications and attended at Private facilities,TOTAL,2845,133,39,27,275,23,89,24,50,65,18,6,0,0,98,0,0,33,66,87,22,98,142,0,10,602,3,0,3,9,11,333,408,44,35,92
M5 [Complicated pregnanices],5.3.1,Number of cases of complicated pregnancies treated with IV antibiotics,TOTAL,9928,323,1090,150,79,375,330,786,111,415,69,419,225,46,346,106,14,142,650,147,82,271,333,166,172,1122,22,66,12,42,132,609,825,42,41,168
M5 [Complicated pregnanices],5.3.2,Number of cases of complicated pregnancies treated with IV Antihypertensive/Magsulph injection,TOTAL,1516,47,96,53,116,31,16,108,5,73,0,46,7,4,39,17,5,33,61,24,8,39,34,15,26,142,9,20,2,13,3,169,183,13,6,53
M5 [Complicated pregnanices],5.3.3,Number of cases of complicated pregnancies treated with IV Oxytocis,TOTAL,7194,323,77,51,369,381,85,611,114,100,0,63,46,11,137,91,21,128,457,197,92,246,167,244,53,1046,21,68,8,43,80,459,1109,39,5,252
M5 [Complicated pregnanices],5.3.4,Number of cases of complicated pregnancies treated with Blood Transfusion,TOTAL,2557,55,164,222,264,153,92,255,78,36,0,9,47,2,95,9,4,27,46,25,66,101,85,91,4,364,15,14,0,13,24,10,132,20,15,20
M6 [Post - Natal Care],6.1,Women getting post partum check-up within 48 hours after delivery,TOTAL,72022,3970,1908,1721,2832,666,1441,2525,3017,1635,1105,709,1056,524,3425,1131,1480,1488,817,5245,1554,4219,1543,2511,1405,6546,1362,789,2377,1513,280,2864,5328,502,860,1674
M6 [Post - Natal Care],6.2,Women getting a post partum check up between 48 hours and 14 days after delivery,TOTAL,43140,4448,282,893,1389,586,654,749,890,1239,608,393,1168,413,2109,1082,828,962,1440,3394,571,1427,1499,606,159,4464,475,644,723,1234,366,2749,2482,410,690,1114
M6 [Post - Natal Care],6.3,PNC maternal complications attended,TOTAL,1310,2,49,45,20,30,33,240,64,22,0,19,20,9,29,12,6,29,71,23,13,289,24,16,6,57,5,26,4,5,4,31,86,13,2,6
M7 [Medical Termination of Pregnancy (MTP)],7.1.1,Number of MTPs conducted at Public Institutions up to 12 weeks of pregnancy,TOTAL,5215,126,133,77,117,65,283,1302,41,29,70,23,36,11,52,30,150,34,79,23,26,280,83,47,56,931,80,50,82,191,105,97,458,45,0,3
M7 [Medical Termination of Pregnancy (MTP)],7.1.2,Number of MTPs conducted at Public Institutions for more than 12 weeks of pregnancy,TOTAL,253,6,10,0,15,2,19,50,0,3,6,1,0,0,2,0,11,0,5,0,0,1,8,0,0,37,0,6,14,14,4,5,31,3,0,0
M7 [Medical Termination of Pregnancy (MTP)],7.1.3,Total number of MTPs conducted at Public Institutions (sum of items 7.1.1 and 7.1.2),TOTAL,5468,132,143,77,132,67,302,1352,41,32,76,24,36,11,54,30,161,34,84,23,26,281,91,47,56,968,80,56,96,205,109,102,489,48,0,3
M7 [Medical Termination of Pregnancy (MTP)],7.2,Number of MTPs conducted at Private Facilities,TOTAL,9402,232,2,683,723,11,30,2,38,159,75,31,97,0,282,85,319,87,248,41,0,103,341,492,25,1549,1152,252,153,0,95,288,1422,255,0,130
M8 [RTI/STI Cases],8.1.a,Number of new cases of RTI/STI in males for which treatment was initiated,TOTAL,8714,127,266,99,364,140,246,665,213,724,60,1694,15,20,229,161,116,54,238,235,105,295,328,114,184,446,34,293,156,209,33,281,185,138,199,48
M8 [RTI/STI Cases],8.1.b,Number of new cases of RTI/STI in females for which treatment was initiated,TOTAL,13756,237,828,231,840,176,481,673,340,612,67,1561,21,51,456,349,233,98,619,411,130,618,227,109,402,1191,321,428,185,248,54,348,596,319,231,65
M8 [RTI/STI Cases],8.1.c,Total number of new cases of RTI/STI in males and females for which treatment was initiated (sum of items 8.1.a and 8.1.b),TOTAL,22470,364,1094,330,1204,316,727,1338,553,1336,127,3255,36,71,685,510,349,152,857,646,235,913,555,223,586,1637,355,721,341,457,87,629,781,457,430,113
M8 [RTI/STI Cases],8.2,Number of suspected RTI/STI cases for whom wet mount test was conducted,TOTAL,77,0,0,0,0,0,0,77,0,0,0,0,0,0,0,0,0,0,0,0,0,0,0,0,0,0,0,0,0,0,0,0,0,0,0,0
M9 [Family Planning],9.1.1.a,Number of NSV (No Scalpel Vasectomy) or Conventional Vasectomy conducted at PHCs,TOTAL,943,3,35,90,13,68,0,13,11,108,22,180,130,0,4,0,19,8,39,4,18,120,0,2,0,9,0,2,4,3,8,0,5,18,1,6
M9 [Family Planning],9.1.1.b,Number of NSV or Conventional Vasectomy conducted at CHCs,TOTAL,134,0,0,0,0,19,1,47,0,17,0,12,11,0,7,0,0,0,7,0,0,5,0,0,0,6,0,0,0,0,0,1,0,1,0,0
M9 [Family Planning],9.1.1.c,Number of NSV or Conventional Vasectomy conducted at SDHs or DHs,TOTAL,69,1,1,6,1,6,0,2,0,2,0,10,0,0,0,0,0,1,0,0,0,0,0,0,2,27,0,1,0,0,1,0,1,2,0,5
M9 [Family Planning],9.1.1.d,Number of NSV or Conventional Vasectomy conducted at other State owned public institutions,TOTAL,NA,NA,NA,NA,NA,NA,NA,NA,NA,NA,NA,NA,NA,NA,NA,NA,NA,NA,NA,NA,NA,NA,NA,NA,NA,NA,NA,NA,NA,NA,NA,NA,NA,NA,NA,NA
M9 [Family Planning],9.1.1.e,"Total Number of NSV or Conventional Vasectomy conducted at Public facilities i.e. PHC, CHC, SDH, DH and other State owned public institutions (sum of items from 9.1.1.a to 9.1.1.d)",TOTAL,1146,4,36,96,14,93,1,62,11,127,22,202,141,0,11,0,19,9,46,4,18,125,0,2,2,42,0,3,4,3,9,1,6,21,1,11
M9 [Family Planning],9.1.2,Number of NSV or Conventional Vasectomy conducted at Private facilities,TOTAL,47,0,0,12,0,0,0,30,1,1,0,0,0,0,0,0,0,0,0,0,0,0,0,0,0,2,0,0,0,0,0,1,0,0,0,0
M9 [Family Planning],9.2.1.a,Number of Laparoscopic sterilizations conducted at PHCs,TOTAL,4240,650,0,103,472,0,168,79,44,0,70,0,0,0,0,0,30,208,0,174,0,0,92,250,0,880,0,48,2,599,0,76,286,0,9,0
M9 [Family Planning],9.2.1.b,Number of Laparoscopic sterilizations conducted at CHCs,TOTAL,1561,0,0,39,95,0,52,99,177,0,0,0,0,0,0,0,161,45,0,0,297,0,95,30,0,200,47,97,13,8,0,106,0,0,0,0
M9 [Family Planning],9.2.1.c,Number of Laparoscopic sterilizations conducted at SDHs or DHs,TOTAL,1335,0,0,127,0,0,58,14,0,0,0,0,0,0,0,0,126,0,0,0,219,29,60,118,0,163,45,71,4,31,15,11,238,0,0,6
M9 [Family Planning],9.2.1.d,Number of Laparoscopic sterilizations conducted at other State owned public institutions,TOTAL,NA,NA,NA,NA,NA,NA,NA,NA,NA,NA,NA,NA,NA,NA,NA,NA,NA,NA,NA,NA,NA,NA,NA,NA,NA,NA,NA,NA,NA,NA,NA,NA,NA,NA,NA,NA
M9 [Family Planning],9.2.1.e,"Total Number of Laparoscopic sterilizations conducted at Public facilities i.e. PHC, CHC, SDH, DH and other State owned public institutions (sum of items from 9.2.1.a to 9.2.1.d)",TOTAL,7136,650,0,269,567,0,278,192,221,0,70,0,0,0,0,0,317,253,0,174,516,29,247,398,0,1243,92,216,19,638,15,193,524,0,9,6
M9 [Family Planning],9.2.2,Number of Laparoscopic sterilizations conducted at Private facilities,TOTAL,1558,49,2,11,32,0,41,350,0,18,0,0,0,0,19,32,59,5,15,0,0,12,0,45,0,260,58,16,53,24,42,31,377,7,0,0
M9 [Family Planning],9.3.1.a,Number of Mini-lap sterilizations conducted at PHCs,TOTAL,16887,432,440,462,774,250,120,86,1536,622,395,234,555,367,1213,798,551,693,629,837,572,1145,116,0,336,264,117,65,506,278,22,427,26,286,403,1330
M9 [Family Planning],9.3.1.b,Number of Mini-lap sterilizations conducted at CHCs,TOTAL,3346,119,73,86,127,65,82,280,215,149,60,65,102,4,263,76,59,72,66,377,16,205,67,2,122,36,26,0,14,15,20,67,0,54,104,258
M9 [Family Planning],9.3.1.c,Number of Mini-lap sterilizations conducted at SDHs or DHs,TOTAL,2982,38,74,146,252,98,151,28,179,23,38,76,32,136,164,99,13,77,58,206,41,184,83,32,152,137,41,8,8,10,35,38,7,66,106,146
M9 [Family Planning],9.3.1.d,Number of Mini-lap sterilizations conducted at other State owned public institutions,TOTAL,NA,NA,NA,NA,NA,NA,NA,NA,NA,NA,NA,NA,NA,NA,NA,NA,NA,NA,NA,NA,NA,NA,NA,NA,NA,NA,NA,NA,NA,NA,NA,NA,NA,NA,NA,NA
M9 [Family Planning],9.3.1.e,"Total Number of Mini-lap sterilizations conducted at Public facilities i.e. PHC, CHC, SDH, DH and other State owned public institutions (sum of items from 9.3.1.a to 9.3.1.d)",TOTAL,23215,589,587,694,1153,413,353,394,1930,794,493,375,689,507,1640,973,623,842,753,1420,629,1534,266,34,610,437,184,73,528,303,77,532,33,406,613,1734
M9 [Family Planning],9.3.2,Number of Mini-lap sterilizations conducted at Private facilities,TOTAL,4474,250,190,57,179,5,48,215,15,71,32,0,45,16,547,169,229,65,77,28,0,204,11,54,74,461,95,27,151,336,3,426,246,23,23,102
M9 [Family Planning],9.4.1.a,Number of Post-Partum sterilizations conducted at PHCs,TOTAL,397,0,0,10,0,1,0,62,0,0,0,0,0,0,7,0,45,0,21,0,0,63,0,0,0,39,0,1,30,6,4,69,37,2,0,0
M9 [Family Planning],9.4.1.b,Number of Post-Partum sterilizations conducted at CHCs,TOTAL,295,0,18,7,1,1,7,42,0,1,0,0,0,0,1,0,4,0,5,0,0,19,4,4,0,84,23,4,9,8,13,0,0,21,0,19
M9 [Family Planning],9.4.1.c,Number of Post-Partum sterilizations conducted at SDHs or DHs,TOTAL,1134,50,37,48,3,25,41,82,3,82,0,0,3,7,31,7,14,4,165,1,24,60,7,4,15,134,28,19,1,88,13,3,61,36,0,38
M9 [Family Planning],9.4.1.d,Number of Post-Partum sterilizations conducted at other State owned public institutions,TOTAL,NA,NA,NA,NA,NA,NA,NA,NA,NA,NA,NA,NA,NA,NA,NA,NA,NA,NA,NA,NA,NA,NA,NA,NA,NA,NA,NA,NA,NA,NA,NA,NA,NA,NA,NA,NA
M9 [Family Planning],9.4.1.e,"Total Number of Post-Partum sterilizations conducted at Public facilities i.e. PHC, CHC, SDH, DH and other State owned public institutions (sum of items from 9.4.1.a to 9.4.1.d)",TOTAL,1826,50,55,65,4,27,48,186,3,83,0,0,3,7,39,7,63,4,191,1,24,142,11,8,15,257,51,24,40,102,30,72,98,59,0,57
M9 [Family Planning],9.4.2,Number of Post-Partum sterilizations conducted at Private facilities,TOTAL,1312,38,19,89,6,0,16,13,3,35,0,0,0,0,148,9,108,0,128,0,0,11,3,22,0,214,27,50,58,84,12,68,80,37,0,34
M9 [Family Planning],9.5.1.a,Number of IUCD Insertions conducted at SCs,TOTAL,14384,1238,261,325,387,169,602,NA,311,301,306,35,221,178,636,472,1350,456,478,296,135,431,270,128,296,686,320,357,910,635,320,857,178,295,212,332
M9 [Family Planning],9.5.1.b,Number of IUCD Insertions conducted at PHCs,TOTAL,7401,505,95,177,276,21,107,1003,115,222,91,26,35,31,311,113,465,102,157,216,75,201,73,142,83,716,107,133,315,260,70,377,482,54,50,195
M9 [Family Planning],9.5.1.c,Number of IUCD Insertions conducted at CHCs,TOTAL,2268,101,41,10,54,27,39,716,76,41,8,2,6,0,114,8,95,29,30,51,72,95,20,10,13,252,13,26,28,27,10,52,152,34,10,6
M9 [Family Planning],9.5.1.d,Number of IUCD Insertions conducted at SDHs or DHs,TOTAL,2203,16,79,46,77,23,321,163,82,71,13,14,11,4,41,35,30,37,58,17,13,138,31,41,12,350,25,47,24,70,5,47,106,101,0,55
M9 [Family Planning],9.5.1.e,Number of IUCD Insertions conducted at other State owned public institutions,TOTAL,NA,NA,NA,NA,NA,NA,NA,NA,NA,NA,NA,NA,NA,NA,NA,NA,NA,NA,NA,NA,NA,NA,NA,NA,NA,NA,NA,NA,NA,NA,NA,NA,NA,NA,NA,NA
M9 [Family Planning],9.5.1.f,"Total Number of IUCD Insertions conducted at Public facilities i.e. SC, PHC, CHC, SDH, DH and other State owned public institutions (sum of items from 9.5.1.a to 9.5.1.e)",TOTAL,26256,1860,476,558,794,240,1069,1882,584,635,418,77,273,213,1102,628,1940,624,723,580,295,865,394,321,404,2004,465,563,1277,992,405,1333,918,484,272,588
M9 [Family Planning],9.5.1A,"Out of above total, Post Partum (within 48 hours of delivery) IUCD insertions",TOTAL,3345,40,50,16,96,154,310,500,2,62,1,68,18,3,47,0,58,152,31,352,71,193,95,48,5,380,28,79,35,101,0,75,185,88,2,0
M9 [Family Planning],9.5.2,Number of IUCD Insertions conducted at Private facilities,TOTAL,6581,246,60,158,432,22,104,1348,47,25,24,3,7,11,174,73,450,44,160,124,19,412,48,134,125,769,69,38,189,28,6,177,881,80,31,63
M9 [Family Planning],9.06,Number of IUCD removals,TOTAL,7391,373,146,148,197,87,314,264,190,192,107,38,122,76,274,159,603,166,149,217,75,255,111,142,135,595,121,211,263,372,266,385,354,95,52,137
M9 [Family Planning],9.07,Number of Oral Pills cycles distributed,TOTAL,247251,16731,4575,2510,6288,2379,8031,19050,4844,4212,6552,1779,2044,2126,8626,1583,24837,5725,3039,7153,3619,10621,3346,5920,3449,17357,3573,6614,11054,12695,3631,11618,12034,3452,3538,2646
M9 [Family Planning],9.08,Number of Condom pieces distributed,TOTAL,1489383,50586,13584,15906,64136,15897,27698,401016,36847,24112,26240,19808,15753,23496,21625,15513,46678,35016,23326,32492,12441,37482,12997,26530,21056,117444,10923,43789,43545,62988,24449,18392,73082,55840,13519,5177
M9 [Family Planning],9.09,Number of Centchroman (weekly) pills given,TOTAL,0,NA,0,0,NA,NA,0,NA,0,0,0,0,0,NA,0,NA,0,0,0,0,0,0,0,NA,0,0,0,NA,NA,0,0,0,0,NA,0,0
M9 [Family Planning],9.1,Number of Emergency Contraceptive Pills distributed,TOTAL,3724,233,127,50,140,40,88,5,74,65,45,42,67,60,139,75,236,106,14,319,49,203,68,253,0,176,104,28,115,242,127,109,110,76,71,68
M9 [Family Planning],9.11.1.a,Number of cases of complications following male sterilization,TOTAL,0,0,0,0,0,0,0,NA,0,0,0,0,0,0,0,0,0,0,0,0,0,0,0,0,0,0,0,0,0,0,0,0,0,0,0,0
M9 [Family Planning],9.11.1.b,Number of cases of complications following female sterilization,TOTAL,9,1,0,0,0,0,0,NA,0,0,0,0,0,0,6,0,0,1,0,0,0,0,1,0,0,0,0,0,0,0,0,0,0,0,0,0
M9 [Family Planning],9.11.2.a,Number of failures following male sterilization,TOTAL,0,0,0,0,0,0,0,NA,0,0,0,0,0,0,0,0,0,0,0,0,0,0,0,0,0,0,0,0,0,0,0,0,0,0,0,0
M9 [Family Planning],9.11.2.b,Number of failures following female sterilization,TOTAL,23,9,0,0,1,0,0,NA,4,0,0,0,0,6,0,0,0,0,0,0,0,0,0,0,0,2,0,0,0,1,0,0,0,0,0,0
M9 [Family Planning],9.11.3.a,Number of deaths following male sterilization,TOTAL,0,0,0,0,0,0,0,NA,0,0,0,0,0,0,0,0,0,0,0,0,0,0,0,0,0,0,0,0,0,0,0,0,0,0,0,0
M9 [Family Planning],9.11.3.b,Number of deaths following female sterilization,TOTAL,1,0,0,0,0,0,0,NA,0,0,0,0,0,0,0,0,0,0,0,0,0,0,0,0,0,1,0,0,0,0,0,0,0,0,0,0
M9 [Family Planning],9.12,Number of Institutions having NSV trained doctors,TOTAL,259,6,3,2,3,7,4,43,3,4,3,6,6,3,7,2,15,4,8,6,1,36,3,3,1,18,7,5,7,7,1,4,23,4,NA,4
M10 [CHILD IMMUNIZATION],10.1.01,Number of Infants (0 to 11 months old)received BCG immunisation,TOTAL,158264,7191,3347,3888,5882,1482,3438,15167,4079,2456,3340,1502,1693,2275,6802,4040,5660,4511,2901,5015,2870,8231,2496,4329,3557,12101,3141,1543,4543,5021,564,6791,11379,1416,1744,3869
M10 [CHILD IMMUNIZATION],10.1.02,Number of Infants (0 to 11 months old) received DPT1 immunisation,TOTAL,23085,968,51,416,532,5,349,5379,203,59,94,122,10,726,305,3089,707,879,219,192,742,782,47,428,424,1551,1085,44,101,161,25,791,1752,10,68,769
M10 [CHILD IMMUNIZATION],10.1.03,Number of Infants (0 to 11 months old) received DPT2 immunisation,TOTAL,40082,1572,239,685,2068,41,720,7626,618,207,424,230,38,1283,677,3702,982,1284,571,743,1014,1573,363,771,1119,2842,1314,83,302,385,35,2018,3443,23,231,856
M10 [CHILD IMMUNIZATION],10.1.04,Number of Infants (0 to 11 months old) received DPT3 immunisation,TOTAL,70859,2755,616,1615,3977,262,1872,11274,1373,1106,956,887,139,1451,1827,3623,1764,1758,1671,1983,1665,3654,911,1467,1993,4303,1815,374,928,924,139,3780,5997,206,546,1248
M10 [CHILD IMMUNIZATION],10.1.04A,Number of Infants (0 to 11 months old) received Pentavalent1 immunisation,TOTAL,137422,6175,2580,3293,5350,1425,3578,10668,3647,2984,3576,1714,1479,1647,6118,1378,4679,3505,3576,4943,2326,8691,2439,4634,2614,9935,2112,1541,4002,4407,519,6054,9598,1633,1529,3073
M10 [CHILD IMMUNIZATION],10.1.04B,Number of Infants (0 to 11 months old) received Pentavalent2 immunisation,TOTAL,138720,6034,2965,3320,4890,1971,3279,9921,3705,3308,3600,1749,2028,1303,6039,1037,5069,3534,3855,4925,2263,8765,2319,4759,2606,10439,2024,1732,4376,4482,590,5294,9945,1765,1730,3099
M10 [CHILD IMMUNIZATION],10.1.04C,Number of Infants (0 to 11 months old) received Pentavalent3 immunisation,TOTAL,108972,5244,2559,2582,3062,1644,2504,6996,3279,2450,2595,922,1799,847,5006,234,4046,3052,2923,3800,1740,7237,1830,3537,2308,8655,1374,1238,3672,3781,503,3805,7839,1651,1395,2863
M10 [CHILD IMMUNIZATION],10.1.05,Number of Infants (0 to 11 months old) received OPV 0 (Birth Dose),TOTAL,128252,5132,2955,2620,4494,1260,3002,13862,3452,1840,2580,1103,1426,1250,4715,2935,4794,4128,2311,5732,1905,6227,2109,3741,2396,10366,2327,1237,4084,3748,581,5582,8585,1196,1586,2991
M10 [CHILD IMMUNIZATION],10.1.06,Number of Infants (0 to 11 months old) received OPV1 (First Dose),TOTAL,139075,5842,2408,3138,5308,1313,3445,15764,3280,2988,2876,1615,1454,1872,5561,3663,4629,3425,3063,4303,2286,9092,2288,4631,2187,8732,2805,1417,3756,4369,548,5803,9233,1643,1601,2737
M10 [CHILD IMMUNIZATION],10.1.07,Number of Infants (0 to 11 months old) received OPV2 (Second Dose),TOTAL,154982,6278,2988,3381,5851,1878,3469,16269,3702,3436,3104,1801,2004,2100,5876,4149,5270,3864,3491,4709,2418,9922,2396,5231,2794,10122,2896,1624,4331,4645,622,6377,11416,1788,1840,2940
M10 [CHILD IMMUNIZATION],10.1.08,Number of Infants (0 to 11 months old) received OPV3 (Third Dose),TOTAL,159141,6787,3055,3706,5808,1782,3788,17892,3928,3465,2786,1620,1888,1984,5905,3695,5260,3794,3751,4806,2601,10189,2665,4772,3425,10513,2876,1444,4211,4464,636,6568,12114,1857,1796,3310
M10 [CHILD IMMUNIZATION],10.1.09A,Number of Infants (upto 48 hrs of age) received Hepatitis-B0 immunisation,TOTAL,79131,2656,1979,1890,1962,1105,1495,8503,1796,1704,1679,854,921,691,3152,2490,2043,2142,1831,1900,1492,4332,1672,2164,1600,7032,1520,715,1615,1605,481,3082,6171,874,1339,2644
M10 [CHILD IMMUNIZATION],10.1.09,Number of Infants (0 to 11 months old) received Hepatitis-B1 immunisation,TOTAL,24322,945,70,420,823,4,545,5163,192,59,122,139,15,746,590,3109,733,853,372,281,863,340,123,358,534,1554,1087,55,135,192,27,1184,1787,8,106,788
M10 [CHILD IMMUNIZATION],10.1.10,Number of Infants (0 to 11 months old) received Hepatitis-B2 immunisation,TOTAL,40007,1536,266,675,2190,42,853,6880,684,200,440,266,41,1277,865,3712,953,1251,632,855,953,1154,391,725,1257,2920,1338,100,369,429,32,2330,3256,16,232,887
M10 [CHILD IMMUNIZATION],10.1.11,Number of Infants (0 to 11 months old) received Hepatitis-B3 immunisation,TOTAL,70176,2682,613,1605,4026,260,1975,11083,1426,1090,925,884,130,1465,1936,3629,1700,1691,1778,2058,1362,3242,926,1442,2008,4327,1944,366,938,891,131,3873,5679,205,537,1349
M10 [CHILD IMMUNIZATION],10.1.12,Number of Infants (0 to 11 months old) received Measles immunisation (First Dose),TOTAL,155687,6814,2888,3746,5612,1353,3194,16603,4234,2519,3477,1336,1338,1956,6347,3921,5280,3565,3722,4884,2565,9599,2222,4872,3105,11616,3352,1463,4102,4049,642,6383,11948,1603,1721,3656
M10 [CHILD IMMUNIZATION],10.1.12B,Number of Infants (more than 16 months old) received Measles immunisation (Second Dose),TOTAL,158428,6767,2569,3998,5579,1760,3548,16521,4493,2930,3143,1680,1659,2116,6214,3940,5401,3878,4224,5189,2616,9142,2426,4924,2822,11238,3209,1373,4251,4233,696,6650,11880,1799,1798,3762
M10 [CHILD IMMUNIZATION],10.1A,No. of Children aged 9 to 12 months who received JE 1st dose,TOTAL,18132,0,0,2920,0,1322,2729,NA,0,0,0,1103,0,0,0,0,0,2866,2463,0,0,0,0,0,0,0,0,0,0,0,0,0,0,0,1665,3064
M10 [CHILD IMMUNIZATION],10.1.13.a,Total number of male children (9 to 11 months old) fully immunised (BCG+DPT123/Pentavalent123+OPV123+Measles) during the month,TOTAL,80473,3503,1487,1844,2896,701,1669,8762,2245,1315,1793,688,718,1004,3380,2090,2754,1872,2018,2517,1353,4551,1186,2456,1657,5772,1818,769,2154,2150,327,3305,6081,809,900,1929
M10 [CHILD IMMUNIZATION],10.1.13.b,Total number of female children (9 to 11 months old) fully immunised (BCG+DPT123/Pentavalent123+OPV123+Measles) during the month,TOTAL,72885,3248,1401,1705,2716,650,1493,8088,1989,1245,1599,648,618,945,2902,1831,2526,1607,1807,2311,1209,4232,1029,2276,1441,5195,1532,675,1948,1899,315,2925,5535,794,811,1740
M10 [CHILD IMMUNIZATION],10.1.13.c,Total number of children (9 to 11 months old) fully immunised (BCG+DPT123/Pentavalent123+OPV123+Measles) during the month (sum of items 10.1.13.a and 10.1.13.b),TOTAL,153358,6751,2888,3549,5612,1351,3162,16850,4234,2560,3392,1336,1336,1949,6282,3921,5280,3479,3825,4828,2562,8783,2215,4732,3098,10967,3350,1444,4102,4049,642,6230,11616,1603,1711,3669
M10 [CHILD IMMUNIZATION],10.2.1,Number of Infants (more than 16 months old) received DPT Booster dose,TOTAL,158581,6845,2571,4058,5571,1761,3539,16657,4464,2926,3142,1680,1664,2122,6240,3562,5404,3903,4263,5189,2658,9080,2405,4866,2822,11394,3208,1378,4251,4249,696,6626,11960,1799,1785,3843
M10 [CHILD IMMUNIZATION],10.2.2,Number of Infants (more than 16 months old) received OPV Booster dose,TOTAL,158564,6845,2572,4058,5568,1761,3540,16667,4455,2926,3142,1680,1664,2123,6240,3575,5404,3909,4263,5189,2654,9081,2399,4864,2822,11437,3212,1376,4251,4249,696,6629,11895,1799,1786,3833
M10 [CHILD IMMUNIZATION],10.2.3,"Number of Infants (more than 16 months old) received Measles, Mumps, Rubella (MMR) Vaccination",TOTAL,0,NA,NA,NA,NA,NA,0,NA,0,0,NA,0,NA,NA,NA,NA,NA,NA,0,0,NA,NA,0,NA,0,0,NA,NA,NA,0,0,NA,0,NA,NA,0
M10 [CHILD IMMUNIZATION],10.3.1.a,Total number of male children (12 to 23 months old) fully immunised (BCG+DPT123/Pentavalent123+OPV123+Measles) during the month,TOTAL,36163,3192,536,585,165,148,345,8084,1343,158,1254,151,166,553,569,374,0,637,853,698,800,1092,822,1359,333,4568,722,367,109,0,0,1090,2885,497,280,1428
M10 [CHILD IMMUNIZATION],10.3.1.b,Total number of female children (12 to 23 months old) fully immunised (BCG+DPT123/Pentavalent123+OPV123+Measles) during the month,TOTAL,33301,2979,519,503,155,137,330,7533,1167,139,1143,131,153,578,465,321,0,514,830,632,753,1041,721,1241,273,4455,627,283,86,0,0,996,2607,492,249,1248
M10 [CHILD IMMUNIZATION],10.3.1.c,Total number of children (12 to 23 months old) fully immunised (BCG+DPT123+OPV123/Pentavalent123+Measles) during the month (sum of items 10.3.1.a and 10.3.1.b),TOTAL,69464,6171,1055,1088,320,285,675,15617,2510,297,2397,282,319,1131,1034,695,0,1151,1683,1330,1553,2133,1543,2600,606,9023,1349,650,195,0,0,2086,5492,989,529,2676
M10 [CHILD IMMUNIZATION],10.3.2,Number of children (more than 5 years old) given DT5,TOTAL,118891,6108,1518,3340,2826,754,2432,16653,4148,2308,2118,1662,484,2305,2459,3763,2061,2997,3205,3054,2581,11043,2593,3985,2172,4239,3251,1136,1464,1085,575,5260,10348,984,1028,2952
M10 [CHILD IMMUNIZATION],10.3.3,Number of children (more than 10 years old) given TT10,TOTAL,125931,6207,1687,3617,3172,239,2952,21703,5334,1422,2007,1711,457,2231,3345,3493,2509,3177,3077,3050,2831,10396,2898,3903,2310,4822,3308,764,1454,762,277,5766,10232,1052,1082,2684
M10 [CHILD IMMUNIZATION],10.3.4,Number of children (more than 16 years old) given TT16,TOTAL,128862,6181,1498,3647,3620,269,3296,18016,5299,1569,2240,2009,73,2329,4102,3749,2351,3090,3539,3060,2645,11732,3061,3272,2485,5627,3721,1322,1343,1142,129,6758,9986,1197,1428,3077
M10 [CHILD IMMUNIZATION],10.3.5.a,Number of cases of Abscess reported following immunisation [Adverse Event Following Immunisation (AEFI)],TOTAL,22,0,0,0,0,0,0,4,0,0,0,0,0,0,0,0,0,0,0,0,0,0,0,0,1,4,0,0,0,0,0,7,5,1,0,0
M10 [CHILD IMMUNIZATION],10.3.5.b,Number of cases of Death reported following immunisation [Adverse Event Following Immunisation (AEFI)],TOTAL,1,0,0,0,0,1,0,NA,0,0,0,0,0,0,0,0,0,0,0,0,0,0,0,0,0,0,0,0,0,0,0,0,0,0,0,0
M10 [CHILD IMMUNIZATION],10.3.5.c,Number of cases of other complications reported following immunisation [Adverse Event Following Immunisation (AEFI)],TOTAL,378,97,0,0,2,37,0,10,1,8,0,0,0,1,0,0,1,0,0,9,0,4,0,7,4,25,0,0,0,0,2,7,157,0,0,6
M10 [CHILD IMMUNIZATION],10.4.1,Number of Immunisation sessions planned to be held during the month,TOTAL,60026,2601,1238,1949,1765,766,1879,2591,1514,1375,1212,1053,1302,950,2165,1304,2018,1780,1577,2277,1525,3825,1132,2087,1312,2757,2027,1083,1314,1838,508,2036,3079,869,952,2366
M10 [CHILD IMMUNIZATION],10.4.2,Number of Immunisation sessions held during the month,TOTAL,59696,2601,1237,1946,1763,767,1879,2390,1495,1383,1212,1052,1300,950,2165,1300,2018,1780,1549,2277,1525,3825,1132,2085,1312,2707,2040,1078,1314,1838,508,2032,3055,869,943,2369
M10 [CHILD IMMUNIZATION],10.4.3,Number of Immunisation sessions held during the month where ASHAs were present,TOTAL,43299,2054,904,1694,1373,678,1561,16,1151,1253,904,711,1000,846,1769,1153,1716,1422,1237,783,1216,2516,783,1798,649,1854,1534,842,1205,1469,432,1426,1919,726,824,1881
M10 [CHILD IMMUNIZATION],10.5.1,Number of children (more than 16 months old) received Japanese Encephalitis (JE) vaccination,TOTAL,19680,0,0,3082,0,1725,3227,NA,0,0,0,1418,0,0,0,0,0,3005,2733,0,0,0,0,0,0,0,1,0,0,0,0,0,0,0,1713,2776
M11 [Number of Vitamin A doses],11.1.1,Number of children (9 months to 5 years old) administered 1st dose of Vitamin A (Dose-1),TOTAL,142763,6892,2667,3548,5677,1329,3067,11419,4006,2478,3028,1300,1369,1941,5786,3276,5127,3359,3721,4697,2457,8627,2314,4773,3085,8595,3534,1257,3935,3661,539,6915,11635,1603,1695,3451
M11 [Number of Vitamin A doses],11.1.2,Number of children (9 months to 5 years old) were administered 5th dose of Vitamin A (Dose-5),TOTAL,54331,4563,1345,1504,2125,129,2518,1338,2188,177,759,609,201,1148,1335,2222,1125,864,1209,2833,539,2866,822,2213,1771,4301,1121,252,450,318,218,1884,5673,399,1338,1974
M11 [Number of Vitamin A doses],11.1.3,Number of children (9 months to 5 years old) administered 9th dose of Vitamin A (Dose-9),TOTAL,55601,3440,1250,1628,2265,195,2022,6466,1632,406,438,760,222,1085,1125,2053,713,708,1555,2643,368,1876,548,2504,1095,2947,1501,462,399,292,449,1921,7328,432,1197,1676
M12 [Number of cases of Childhood Diseases reported during the month0-5 years:],12.1,Number of cases of Diptheria reported in children below 5 years of age,TOTAL,3,0,0,0,0,0,0,NA,0,0,0,0,0,0,0,0,0,0,0,0,0,0,0,3,0,0,0,0,0,0,0,0,0,0,0,0
M12 [Number of cases of Childhood Diseases reported during the month0-5 years:],12.2,Number of cases of Pertusis reported in children below 5 years of age,TOTAL,0,0,0,0,0,0,0,NA,0,0,0,0,0,0,0,0,0,0,0,0,0,0,0,0,0,0,0,0,0,0,0,0,0,0,0,0
M12 [Number of cases of Childhood Diseases reported during the month0-5 years:],12.3,Number of cases of Tetanus neonatarum reported in children below 5 years of age,TOTAL,0,0,0,0,0,0,0,NA,0,0,0,0,0,0,0,0,0,0,0,0,0,0,0,0,0,0,0,0,0,0,0,0,0,0,0,0
M12 [Number of cases of Childhood Diseases reported during the month0-5 years:],12.4,Number of cases of Tetanus other than neonatarum reported in children below 5 years of age,TOTAL,0,0,0,0,0,0,0,NA,0,0,0,0,0,0,0,0,0,0,0,0,0,0,0,0,0,0,0,0,0,0,0,0,0,0,0,0
M12 [Number of cases of Childhood Diseases reported during the month0-5 years:],12.5,Number of cases of Polio reported in children below 5 years of age,TOTAL,0,0,0,0,0,0,0,NA,0,0,0,0,0,0,0,0,0,0,0,0,0,0,0,0,0,0,0,0,0,0,0,0,0,0,0,0
M12 [Number of cases of Childhood Diseases reported during the month0-5 years:],12.6,Number of cases of Measles reported in children below 5 years of age,TOTAL,268,0,0,0,2,2,4,66,1,12,0,9,0,9,0,1,0,1,0,20,0,26,0,18,10,31,0,2,0,0,0,16,30,1,0,7
M12 [Number of cases of Childhood Diseases reported during the month0-5 years:],12.7,Number of cases of Diarrhoea and Dehydration reported in children below 5 years of age,TOTAL,5409,74,3,14,448,93,229,486,25,132,82,24,8,52,94,57,110,129,73,169,74,198,213,142,63,1644,50,115,132,66,15,84,139,98,3,71
M12 [Number of cases of Childhood Diseases reported during the month0-5 years:],12.8,Number of cases of Malaria reported in children below 5 years of age,TOTAL,11,0,0,0,0,0,0,NA,0,2,0,5,0,0,0,0,0,0,0,0,0,0,0,0,0,2,0,0,0,0,0,0,2,0,0,0
M12 [Number of cases of Childhood Diseases reported during the month0-5 years:],12.9,Number of children below 5 years of age admitted with Respiratory Infections,TOTAL,8684,50,15,31,228,55,176,2278,44,336,4,29,30,226,19,118,33,38,336,84,14,193,436,38,89,2465,31,110,5,29,4,186,198,675,0,81
M13 [Blindness Control Programme],13.1,Number of Patients operated for cataract,TOTAL,61455,1913,1607,2407,2694,1143,1366,2391,301,1236,1494,0,456,363,2981,849,1434,2745,2608,1283,1242,3262,731,38,856,8359,849,685,3182,1670,797,2475,5114,1009,322,1593
M13 [Blindness Control Programme],13.2,Number of Intraocular Lens(IOL) implantations,TOTAL,60405,1890,1606,2057,2694,1143,1366,2456,301,1236,1486,0,456,361,2891,828,1428,2735,2602,1263,1213,3262,729,31,853,8117,653,685,3140,1670,797,2475,5069,1009,322,1581
M13 [Blindness Control Programme],13.3,Number of School children detected with Refractive errors,TOTAL,14220,787,0,89,6,25,52,493,60,406,2,106,167,415,114,2468,117,74,160,1560,34,915,74,709,51,1067,205,133,194,233,147,26,2284,52,143,852
M13 [Blindness Control Programme],13.4,Number of children provided free glasses,TOTAL,7665,686,0,21,0,805,0,NA,0,0,0,21,803,0,22,443,0,18,0,1504,0,342,0,0,0,2630,86,2,0,0,0,3,0,6,0,273
M13 [Blindness Control Programme],13.5,Number of eyes collected through eye donation,TOTAL,494,33,20,8,14,3,16,NA,8,2,0,0,2,4,13,18,14,4,48,2,2,12,6,NA,0,122,14,4,36,4,2,10,69,2,2,0
M13 [Blindness Control Programme],13.6,Number of eyes utilised for corneal transplant,TOTAL,197,16,0,4,4,0,6,NA,2,0,0,0,0,1,4,16,3,4,12,1,0,2,4,NA,0,32,7,4,18,2,2,10,43,0,0,0
M14 [Patient Services],14.01,Number of CHC or SDH or DH functioning as First Referral units (FRUs),TOTAL,319,15,7,10,9,6,6,3,10,9,5,11,6,2,11,6,11,8,8,16,8,26,8,9,6,25,8,3,12,7,5,14,8,7,1,13
M14 [Patient Services],14.02,Number of PHCs functioning 24X7 with atleast 3 Staff Nurses,TOTAL,948,44,13,30,24,8,16,19,23,14,31,21,22,15,37,25,36,24,22,27,26,83,15,28,11,83,25,19,27,42,7,29,41,17,15,29
M14 [Patient Services],14.03,Number of Anganwadi centres reported to have conducted VHNDs,TOTAL,43994,2696,793,1372,1541,836,1475,NA,1402,1168,1184,1057,981,701,1854,1040,1438,1083,1195,971,1483,2291,905,1743,844,2297,1891,1237,1151,1246,426,2086,1017,625,609,1356
M14 [Patient Services],14.04,Number of facilities having a Rogi Kalyan Samiti (RKS),TOTAL,479,23,8,15,14,10,13,5,12,14,6,12,12,6,21,11,19,13,13,17,14,29,11,12,10,30,15,11,17,18,11,16,9,9,7,16
M14 [Patient Services],14.05,Number of RKS meetings held during the month,TOTAL,774,34,21,21,19,19,16,3,16,16,14,17,14,2,34,25,19,18,26,15,26,41,24,16,38,41,21,22,42,31,19,28,17,12,14,33
M14 [Patient Services],14.06,Number of facilities having Ambulance services (Assured Referral Services),TOTAL,2024,99,32,64,50,41,45,26,51,44,35,40,52,25,97,50,74,45,63,71,49,153,43,46,30,119,57,59,71,88,46,81,59,30,32,57
M14 [Patient Services],14.07,Total Number of times the Ambulance was used for transporting patients during the month,TOTAL,39927,826,875,1765,2170,1366,1485,1186,1054,870,306,758,1364,520,903,892,967,1047,2189,1079,844,2553,1317,832,381,4862,610,527,954,1364,437,836,1235,208,339,1006
M14 [Patient Services],14.08,Number of Institutions having Operational Sick New Born and Child Care Units (SNCU),TOTAL,264,7,5,8,5,6,6,12,11,6,4,8,6,2,9,6,8,8,10,15,5,13,7,7,3,15,6,6,12,7,5,8,10,5,4,9
M14 [Patient Services],14.09,Number of functional Laproscopes in CHC/SDH/DH,TOTAL,171,0,2,1,1,2,15,10,7,3,2,1,4,6,1,4,8,3,2,3,3,7,1,18,0,20,6,6,1,2,8,6,11,2,1,4
M14 [Patient Services],14.09.a,Health Facility Services/Patient Services/Stock out rate of essential Drugs,TOTAL,NA,NA,NA,NA,NA,NA,NA,NA,NA,NA,NA,NA,NA,NA,NA,NA,NA,NA,NA,NA,NA,NA,NA,NA,NA,NA,NA,NA,NA,NA,NA,NA,NA,NA,NA,NA
M14 [Patient Services],14.09.b,Health Facility Services/Patient Services/Blood Units Issued on replacement,TOTAL,NA,NA,NA,NA,NA,NA,NA,NA,NA,NA,NA,NA,NA,NA,NA,NA,NA,NA,NA,NA,NA,NA,NA,NA,NA,NA,NA,NA,NA,NA,NA,NA,NA,NA,NA,NA
M14 [Patient Services],14.09.c,Health Facility Services/Patient Services/Total no. of blood units issued in year,TOTAL,NA,NA,NA,NA,NA,NA,NA,NA,NA,NA,NA,NA,NA,NA,NA,NA,NA,NA,NA,NA,NA,NA,NA,NA,NA,NA,NA,NA,NA,NA,NA,NA,NA,NA,NA,NA
M14 [Patient Services],14.10.1.a,Number of male patients admitted (Inpatients) during the month,1. Children,43136,1027,1169,1413,801,1087,1449,5134,1519,1495,537,930,776,874,1284,885,934,855,1085,1433,1220,2874,1003,1207,1511,2174,882,815,332,1030,363,576,1842,699,388,1533
M14 [Patient Services],14.10.1.a,Number of male patients admitted (Inpatients) during the month,2. Adults,103902,2827,1327,3762,2068,2716,3290,14161,3081,2703,1440,1800,1481,1202,3223,1796,4354,1686,1117,3423,1711,6101,2587,1629,3354,6615,2589,2991,1933,3479,1351,2640,3962,1396,1240,2867
M14 [Patient Services],14.10.1.b,Number of female patients (Inpatients) admitted during the month,1. Children,41203,900,1070,1452,806,1126,1191,5490,1407,1301,614,878,634,637,1125,728,818,782,913,1462,1006,3027,927,1241,1439,2519,804,805,335,855,392,638,1525,591,360,1405
M14 [Patient Services],14.10.1.b,Number of female patients (Inpatients) admitted during the month,2. Adults,194785,5813,5255,5884,5093,4305,6187,17235,5524,4811,1969,2947,4317,2749,5949,3820,8758,4392,4305,6362,3611,12844,5745,4058,5296,13971,3903,5431,3441,6415,2119,5107,7125,2729,2892,4423
M14 [Patient Services],14.10.1.c,Total number of patients admitted (Inpatients) during the month (sum of items 14.10.1.a and 14.10.1.b),1. Children,84339,1927,2239,2865,1607,2213,2640,10624,2926,2796,1151,1808,1410,1511,2409,1613,1752,1637,1998,2895,2226,5901,1930,2448,2950,4693,1686,1620,667,1885,755,1214,3367,1290,748,2938
M14 [Patient Services],14.10.1.c,Total number of patients admitted (Inpatients) during the month (sum of items 14.10.1.a and 14.10.1.b),2. Adults,298687,8640,6582,9646,7161,7021,9477,31396,8605,7514,3409,4747,5798,3951,9172,5616,13112,6078,5422,9785,5322,18945,8332,5687,8650,20586,6492,8422,5374,9894,3470,7747,11087,4125,4132,7290
M14 [Patient Services],14.10.2.a,Number of death cases of Inpatient males,TOTAL,1474,48,17,66,2,41,34,452,28,56,0,48,4,3,55,11,10,2,13,6,24,109,25,22,33,110,12,46,0,53,18,2,96,12,6,10
M14 [Patient Services],14.10.2.b,Number of death cases of Inpatient females,TOTAL,957,31,10,37,1,30,30,321,14,39,0,24,4,7,22,7,5,1,3,2,23,59,14,21,28,67,21,26,0,26,10,1,61,6,2,4
M14 [Patient Services],14.10.2.c,Number of cases of death of Inpatients (sum of items 14.10.2.a and 14.10.2.b),TOTAL,2431,79,27,103,3,71,64,773,42,95,0,72,8,10,77,18,15,3,16,8,47,168,39,43,61,177,33,72,0,79,28,3,157,18,8,14
M14 [Patient Services],14.11,In-Patient Head Count at midnight,TOTAL,546053,14513,18688,28568,8636,19574,24217,47628,18616,19433,2666,14870,10989,7356,16009,11531,10371,10177,19434,14168,12756,31837,17142,13628,21541,24821,10298,10587,4077,18817,8373,6724,19545,13101,5545,9817
M14 [Patient Services],14.12.1,OPD attendance (All),TOTAL,7388708,260735,123587,210392,193592,147710,265514,920988,180835,214510,92631,136372,116982,68630,219110,121461,205751,165457,208820,216974,109754,425668,161804,182475,164398,633740,124206,126754,125121,184214,85095,202147,355237,171615,92765,173664
M14 [Patient Services],14.13.1,Number of major operations carried out using general or spinal anaesthesia,TOTAL,30495,711,793,1050,26,1004,1120,6783,934,947,170,542,869,329,517,438,485,459,721,594,597,1387,948,419,750,2230,612,411,594,607,270,443,1745,375,176,439
M14 [Patient Services],14.13.1A,"Out of 14.13.1,Gynecology- Hysterectomy surgeries",TOTAL,1862,4,5,288,4,7,58,319,2,6,0,14,37,13,2,1,77,6,13,0,13,91,38,1,11,21,24,74,13,14,73,0,451,19,0,163
M14 [Patient Services],14.13.1.B,"Patient Services/Operation major (General and spinal anaesthesia)/Major Surgeries excluding Obstetrics, Gynaecology and Opthalmology etc",TOTAL,NA,NA,NA,NA,NA,NA,NA,NA,NA,NA,NA,NA,NA,NA,NA,NA,NA,NA,NA,NA,NA,NA,NA,NA,NA,NA,NA,NA,NA,NA,NA,NA,NA,NA,NA,NA
M14 [Patient Services],14.13.2,Number of minor operations carried out without anaesthesia or using local anaesthesia,TOTAL,28540,515,707,908,480,841,1606,1941,563,893,178,450,586,2112,234,453,1219,477,1232,657,296,1413,726,448,1076,1784,383,672,685,1027,559,317,1793,938,110,261
M14 [Patient Services],14.13.3,Health Facility Services/Patient Services/Number of post operative Surgical Site infection,TOTAL,NA,NA,NA,NA,NA,NA,NA,NA,NA,NA,NA,NA,NA,NA,NA,NA,NA,NA,NA,NA,NA,NA,NA,NA,NA,NA,NA,NA,NA,NA,NA,NA,NA,NA,NA,NA
M14 [Patient Services],14.14.a,Number of patients given AYUSH treatment,TOTAL,528444,7604,7036,20945,13312,16995,31017,14570,29042,27404,7075,13159,16731,7609,13852,16016,13282,29122,11083,19327,4159,18367,20112,14408,17144,19759,25501,4210,12498,9145,6596,6424,11006,26307,7826,9801
M14 [Patient Services],14.14.b,Number of patients on whom Dental Procedure was conducted,TOTAL,35362,828,67,696,724,1294,2042,10693,1537,584,37,669,909,537,1046,656,781,360,233,569,582,1381,225,524,643,2012,200,622,546,786,277,576,888,1063,377,398
M14 [Patient Services],14.14.c,Number of Adolescents counselled,TOTAL,55321,3460,253,2733,867,221,4706,1221,2388,1050,1746,3452,355,2557,740,1065,1191,425,362,2997,3051,864,1427,1489,868,3808,1015,655,719,882,572,4692,1810,537,831,312
M15 [Laboratory Testing],15.1.a,Health Facility Services/Laboratory Testing/Total Number of lab Tests Done,TOTAL,NA,NA,NA,NA,NA,NA,NA,NA,NA,NA,NA,NA,NA,NA,NA,NA,NA,NA,NA,NA,NA,NA,NA,NA,NA,NA,NA,NA,NA,NA,NA,NA,NA,NA,NA,NA
M15 [Laboratory Testing],15.1.1.a,Number of Haemoglobin (Hb) tests conducted,TOTAL,665063,23086,7635,21889,18033,10468,21173,76009,15400,18679,8669,12991,11309,13317,15689,11227,31686,12787,13824,13496,14016,31320,13046,22431,13621,57363,10132,15998,14206,22133,7484,19241,35270,10162,8399,12874
M15 [Laboratory Testing],15.1.1.b,"Out of the total number of Hb tests conducted, number of cases having Hb less than 7gm/dl",TOTAL,33829,429,188,732,508,301,604,2134,564,944,1291,738,151,708,838,1181,758,1826,378,2050,857,1776,561,507,1873,5904,339,204,460,496,325,404,798,1928,505,569
M15 [Laboratory Testing],15.1.2.a,Number of HIV tests conducted on males,1. Number tested,86873,2798,1441,5238,1684,1512,2253,13292,1853,3242,1203,763,997,2155,2095,2242,2294,2113,3793,1691,532,4326,2100,1690,1100,4989,1814,1070,1579,2003,596,2208,5099,1715,912,2481
M15 [Laboratory Testing],15.1.2.a,Number of HIV tests conducted on males,2. Number Positive,1109,24,4,19,7,6,19,402,10,19,8,2,5,7,15,4,19,9,21,15,5,53,12,27,40,70,13,11,16,29,2,45,138,7,5,21
M15 [Laboratory Testing],15.1.2.b,Number of HIV tests conducted on Female-Non ANC (i.e. non pregnant females),1. Number tested,68132,2499,1345,2482,1997,1153,2617,7379,2018,1940,1319,563,500,1356,2116,1528,2071,2536,1966,1478,1327,3107,1802,1488,1624,4483,1199,1248,1508,2106,540,1612,3453,1237,725,1810
M15 [Laboratory Testing],15.1.2.b,Number of HIV tests conducted on Female-Non ANC (i.e. non pregnant females),2. Number Positive,774,13,3,14,4,5,18,307,9,17,3,3,3,3,8,5,13,7,6,10,19,37,13,6,10,58,13,12,15,24,2,9,84,1,4,16
M15 [Laboratory Testing],15.1.2.c,Number of HIV tests conducted on Female with ANC (i.e. pregnant females),1. Number tested,105220,4328,1733,2702,3265,1321,1829,9223,2469,3120,2284,1127,1309,2262,6252,2399,2890,2456,4136,3030,2367,6022,2344,5272,1540,9279,1795,998,2495,2093,595,1319,6261,987,1365,2353
M15 [Laboratory Testing],15.1.2.c,Number of HIV tests conducted on Female with ANC (i.e. pregnant females),2. Number Positive,120,3,0,0,9,1,1,20,0,2,2,0,9,2,2,0,2,3,32,1,0,1,1,7,0,3,0,1,0,2,0,3,9,0,1,3
M15 [Laboratory Testing],15.1.2.d,Total number of HIV tests conducted (sum of items 15.1.2.a to 15.1.2.c),1. Number tested,260225,9625,4519,10422,6946,3986,6699,29894,6340,8302,4806,2453,2806,5773,10463,6169,7255,7105,9895,6199,4226,13455,6246,8450,4264,18751,4808,3316,5582,6202,1731,5139,14813,3939,3002,6644
M15 [Laboratory Testing],15.1.2.d,Total number of HIV tests conducted (sum of items 15.1.2.a to 15.1.2.c),2. Number Positive,2003,40,7,33,20,12,38,729,19,38,13,5,17,12,25,9,34,19,59,26,24,91,26,40,50,131,26,24,31,55,4,57,231,8,10,40
M15 [Laboratory Testing],15.2,Number of Widal tests conducted,Number tested,32096,676,453,680,688,452,1006,2239,1773,420,249,534,476,2069,523,634,617,692,921,1318,1060,1754,1472,1117,1657,2535,525,432,387,703,270,318,1771,485,687,503
M15 [Laboratory Testing],15.3.a,Number of VDRL tests conducted on males,Number tested,10742,423,4,1232,81,397,40,2874,714,91,0,139,8,10,584,17,107,226,901,40,0,169,267,69,111,484,118,82,25,384,109,82,759,172,0,23
M15 [Laboratory Testing],15.3.b,Number of VDRL tests conducted on Female-Non ANC (i.e. non pregnant females),Number tested,13788,364,40,290,92,558,209,3487,502,157,2,175,96,81,577,220,203,293,952,290,33,693,380,156,107,1292,149,86,94,870,83,75,942,131,50,59
M15 [Laboratory Testing],15.3.c,Number of VDRL tests conducted on Female with ANC (i.e. pregnant females),Number tested,59499,1792,350,2076,975,1145,1292,8027,1144,1675,22,523,440,1058,1846,490,1470,958,3231,1393,480,3459,1006,2250,840,9793,959,1068,1460,1279,431,404,4734,1108,114,207
M15 [Laboratory Testing],15.3.d,Total number of VDRL tests conducted (sum of items 15.3.a to 15.3.c),Number tested,84029,2579,394,3598,1148,2100,1541,14388,2360,1923,24,837,544,1149,3007,727,1780,1477,5084,1723,513,4321,1653,2475,1058,11569,1226,1236,1579,2533,623,561,6435,1411,164,289
M15 [Laboratory Testing],15.4.1,Number of blood smears examined for Malaria,TOTAL,1293835,34789,28316,56583,20385,16294,25312,105386,23328,31815,25538,46535,31249,7327,36261,17765,45630,52331,30265,24753,18090,78302,21486,28670,3857,142913,48955,22142,30230,46091,11198,31641,56986,52657,5744,35011
M15 [Laboratory Testing],15.4.2,"Out of blood smears examined for malaria, number of blood smears tested positive for Plasmodium Vivax",TOTAL,2547,0,10,4,1,5,1,247,1,25,2,326,46,0,1,0,6,12,4,2,7,6,0,47,0,7,277,15,1,1,7,1,670,1,1,813
M15 [Laboratory Testing],15.4.3,"Out of blood smears examined for malaria, number of blood smears tested positive for Plasmodium Falciparum",TOTAL,1296,0,0,0,2,0,0,21,1,10,0,376,47,0,0,0,0,2,0,0,6,1,0,8,0,2,6,0,0,0,0,0,12,0,0,802
M16 [Stock Position (During the month)],16.1.1,Stock position of DPT vaccines,1. Balance From Previous Month,861757,32300,12760,7300,2500,9590,0,27094,NA,9000,8800,1100,15400,1000,87850,10000,2470,18000,6150,3820,3900,47140,5535,27150,426500,15190,3900,3830,7100,25820,NA,18100,NA,8500,4550,9408
M16 [Stock Position (During the month)],16.1.1,Stock position of DPT vaccines,2. Stocks Received,296201,45000,0,12200,1000,0,NA,20275,NA,15000,0,15000,0,20000,1300,0,15000,0,32500,10900,15000,5408,4170,NA,12000,7500,19000,7000,0,0,NA,15000,NA,0,10000,12948
M16 [Stock Position (During the month)],16.1.1,Stock position of DPT vaccines,3. Unusable Stock,3531,0,0,0,0,0,0,726,NA,0,0,0,0,0,0,0,0,0,432,0,0,2141,0,NA,0,0,0,0,0,0,NA,0,NA,0,0,232
M16 [Stock Position (During the month)],16.1.1,Stock position of DPT vaccines,4. Stock Distributed,313577,34900,5710,10300,3000,1200,NA,22367,NA,12600,5500,5400,2500,12400,1200,7000,7510,7000,18268,13220,2900,20577,3687,3350,35000,10980,10200,3000,3220,16400,NA,16100,NA,4300,3700,10088
M16 [Stock Position (During the month)],16.1.1,Stock position of DPT vaccines,5. Total Stock,840850,42400,7050,9200,500,8390,0,24276,0,11400,3300,10700,12900,8600,87950,3000,9960,11000,19950,1500,16000,29830,6018,23800,403500,11710,12700,7830,3880,9420,0,17000,0,4200,10850,12036
M16 [Stock Position (During the month)],16.1.1A,Stock Position of Pentavalent,1. Balance From Previous Month,485406,17300,0,27300,2000,7000,2000,24292,NA,8900,10800,4650,7750,18070,14000,19500,3680,32830,16600,9537,3900,31740,4183,9610,31840,79380,6150,11720,19980,0,NA,43700,NA,3580,0,13414
M16 [Stock Position (During the month)],16.1.1A,Stock Position of Pentavalent,2. Stocks Received,325940,54000,0,0,15000,14400,1500,18376,NA,0,0,7200,14400,14400,14000,0,20000,0,0,6000,14400,36399,6515,10000,5000,0,14400,7200,13200,0,NA,14400,NA,14400,0,10750
M16 [Stock Position (During the month)],16.1.1A,Stock Position of Pentavalent,3. Unusable Stock,1897,0,0,0,0,0,0,407,NA,0,0,0,0,0,0,0,0,0,0,0,0,1156,0,NA,0,0,0,0,0,0,NA,0,NA,0,0,334
M16 [Stock Position (During the month)],16.1.1A,Stock Position of Pentavalent,4. Stock Distributed,362941,30500,0,10700,15000,4050,3000,16153,NA,8900,3000,8300,5800,6300,1800,10000,21080,25830,7600,14100,3600,32167,4417,7160,17800,39510,18200,5460,12210,0,NA,13300,NA,6500,0,10504
M16 [Stock Position (During the month)],16.1.1A,Stock Position of Pentavalent,5. Total Stock,446508,40800,0,16600,2000,17350,500,26108,0,0,7800,3550,16350,26170,26200,9500,2600,7000,9000,1437,14700,34816,6281,12450,19040,39870,2350,13460,20970,0,0,44800,0,11480,0,13326
M16 [Stock Position (During the month)],16.1.2,Stock position of OPV vaccines,1. Balance From Previous Month,697330,56670,25660,6500,2000,15740,300,56285,NA,25000,0,15600,2600,2000,90300,20000,14600,39420,40080,6064,200,90840,15715,NA,44700,6400,500,25000,40000,19300,NA,21400,NA,0,2400,12056
M16 [Stock Position (During the month)],16.1.2,Stock position of OPV vaccines,2. Stocks Received,3857367,560000,12500,15000,15000,20000,250,327828,NA,20000,340000,40000,20000,208000,18000,0,475520,360000,40000,8700,20000,222023,59406,NA,5700,670000,30000,25000,250000,0,NA,20000,NA,40000,12000,22440
M16 [Stock Position (During the month)],16.1.2,Stock position of OPV vaccines,3. Unusable Stock,30518,0,0,0,0,0,0,1479,NA,0,0,0,0,0,0,0,0,0,517,0,0,28346,0,NA,0,0,0,0,0,0,NA,0,NA,0,0,176
M16 [Stock Position (During the month)],16.1.2,Stock position of OPV vaccines,4. Stock Distributed,3859526,575800,7220,21000,15000,17300,400,296912,NA,20100,332375,47600,4700,198000,19000,8000,467680,374420,46503,13220,3600,222777,56840,NA,25000,673900,10400,39300,274100,3200,NA,18900,NA,38700,5400,22179
M16 [Stock Position (During the month)],16.1.2,Stock position of OPV vaccines,5. Total Stock,664653,40870,30940,500,2000,18440,150,85722,0,24900,7625,8000,17900,12000,89300,12000,22440,25000,33060,1544,16600,61740,18281,0,25400,2500,20100,10700,15900,16100,0,22500,0,1300,9000,12141
M16 [Stock Position (During the month)],16.1.3,Stock position of TT vaccines,1. Balance From Previous Month,544949,34600,24690,8000,1000,5890,500,30407,NA,10800,9700,5850,7400,4700,139130,7000,6280,17850,9510,6840,4800,47980,6206,13130,18700,19500,10600,13550,6490,26620,NA,16300,NA,12850,6000,12076
M16 [Stock Position (During the month)],16.1.3,Stock position of TT vaccines,2. Stocks Received,379696,45000,2500,10570,15000,5000,400,18941,NA,5000,0,7500,10000,20000,22000,0,15000,0,17500,5000,10000,36085,5350,NA,19000,25000,0,5000,5000,20000,NA,32500,NA,5000,5000,12350
M16 [Stock Position (During the month)],16.1.3,Stock position of TT vaccines,3. Unusable Stock,3140,0,0,0,0,0,0,327,NA,0,0,0,0,0,0,0,0,0,322,0,0,2118,0,NA,0,0,0,0,0,0,NA,0,NA,0,0,373
M16 [Stock Position (During the month)],16.1.3,Stock position of TT vaccines,4. Stock Distributed,353945,34150,7150,16100,12000,2540,700,21531,NA,3600,3000,6400,3500,13200,17000,4000,13900,13850,20478,5400,2100,29507,5404,7250,17000,14530,6700,3210,7850,14900,NA,22800,NA,6050,4550,13595
M16 [Stock Position (During the month)],16.1.3,Stock position of TT vaccines,5. Total Stock,567560,45450,20040,2470,4000,8350,200,27490,0,12200,6700,6950,13900,11500,144130,3000,7380,4000,6210,6440,12700,52440,6152,5880,20700,29970,3900,15340,3640,31720,0,26000,0,11800,6450,10458
M16 [Stock Position (During the month)],16.1.4,Stock position of DT vaccines,1. Balance From Previous Month,474,0,0,0,0,0,NA,174,NA,0,0,0,0,0,0,0,0,0,0,0,0,0,0,NA,0,0,0,0,0,NA,NA,0,NA,0,0,300
M16 [Stock Position (During the month)],16.1.4,Stock position of DT vaccines,2. Stocks Received,500,0,0,0,0,0,NA,100,NA,0,0,0,0,0,0,0,0,0,0,0,0,0,0,NA,0,0,0,0,0,NA,NA,0,NA,0,0,400
M16 [Stock Position (During the month)],16.1.4,Stock position of DT vaccines,3. Unusable Stock,0,0,0,0,0,0,0,NA,NA,0,0,0,0,0,0,0,0,0,0,0,0,0,0,NA,0,0,0,0,0,NA,NA,0,NA,0,0,0
M16 [Stock Position (During the month)],16.1.4,Stock position of DT vaccines,4. Stock Distributed,424,0,0,0,0,0,NA,74,NA,0,0,0,0,0,0,0,0,0,0,0,0,0,0,NA,0,0,0,0,0,NA,NA,0,NA,0,0,350
M16 [Stock Position (During the month)],16.1.4,Stock position of DT vaccines,5. Total Stock,550,0,0,0,0,0,0,200,0,0,0,0,0,0,0,0,0,0,0,0,0,0,0,0,0,0,0,0,0,0,0,0,0,0,0,350
M16 [Stock Position (During the month)],16.1.5,Stock position of BCG vaccines,1. Balance From Previous Month,381641,16550,10230,1800,10000,3890,500,14502,NA,5500,6100,4200,3750,7700,131730,10000,4730,3850,11240,6132,1500,21990,4725,9070,31400,10000,100,4430,7480,6350,NA,13900,NA,8740,3200,6352
M16 [Stock Position (During the month)],16.1.5,Stock position of BCG vaccines,2. Stocks Received,276252,30000,6000,10000,10000,5000,2000,12288,NA,5000,0,5000,5000,15000,30000,0,10000,10000,10000,10000,20000,15079,5505,5000,11000,0,10000,5000,4000,0,NA,10000,NA,5000,3000,7380
M16 [Stock Position (During the month)],16.1.5,Stock position of BCG vaccines,3. Unusable Stock,4990,0,0,0,0,0,0,502,NA,0,0,0,0,0,0,0,0,0,406,0,0,3735,0,NA,0,0,0,0,0,0,NA,0,NA,0,0,347
M16 [Stock Position (During the month)],16.1.5,Stock position of BCG vaccines,4. Stock Distributed,267494,24800,5950,8200,15000,2250,2300,12706,NA,8300,2600,5900,3200,10900,28000,3000,14280,4550,12134,7600,3000,14134,3971,3850,14000,9430,0,3470,6550,6350,NA,17300,NA,3950,3050,6769
M16 [Stock Position (During the month)],16.1.5,Stock position of BCG vaccines,5. Total Stock,385409,21750,10280,3600,5000,6640,200,13582,0,2200,3500,3300,5550,11800,133730,7000,450,9300,8700,8532,18500,19200,6259,10220,28400,570,10100,5960,4930,0,0,6600,0,9790,3150,6616
M16 [Stock Position (During the month)],16.1.6,Stock position of Measles vaccines,1. Balance From Previous Month,258326,16350,9170,0,1000,2400,550,9870,NA,5200,7450,1950,5300,5000,52190,5000,3485,9300,7480,4246,6000,40005,3261,NA,23950,975,100,8775,4465,8250,NA,11800,NA,0,0,4804
M16 [Stock Position (During the month)],16.1.6,Stock position of Measles vaccines,2. Stocks Received,241131,30000,5000,10000,10000,5000,2000,9183,NA,5000,0,5000,5000,10000,16000,0,8000,5000,10000,10000,5000,2048,4200,NA,6000,13500,10000,5000,6500,10000,NA,10000,NA,10000,5000,8700
M16 [Stock Position (During the month)],16.1.6,Stock position of Measles vaccines,3. Unusable Stock,2134,0,0,0,0,0,0,222,NA,0,0,0,0,0,0,0,0,0,336,0,0,1185,0,NA,0,0,0,0,0,0,NA,0,NA,0,0,391
M16 [Stock Position (During the month)],16.1.6,Stock position of Measles vaccines,4. Stock Distributed,258849,26500,5925,9050,9000,2700,2000,10419,NA,8500,1750,5000,3750,6000,17000,2000,10760,9300,15764,6100,2350,20348,3725,NA,8500,13440,8450,4280,8050,9100,NA,14350,NA,3400,3700,7638
M16 [Stock Position (During the month)],16.1.6,Stock position of Measles vaccines,5. Total Stock,238474,19850,8245,950,2000,4700,550,8412,0,1700,5700,1950,6550,9000,51190,3000,725,5000,1380,8146,8650,20520,3736,0,21450,1035,1650,9495,2915,9150,0,7450,0,6600,1300,5475
M16 [Stock Position (During the month)],16.1.7,Stock position of JE vaccines,1. Balance From Previous Month,11270,0,0,0,0,400,400,NA,NA,0,0,0,0,0,0,0,0,4000,3200,0,0,0,0,NA,0,0,0,0,0,NA,NA,0,NA,0,100,3170
M16 [Stock Position (During the month)],16.1.7,Stock position of JE vaccines,2. Stocks Received,45330,0,0,1000,0,5000,2400,NA,NA,0,0,10000,5000,0,0,0,0,10000,6000,0,0,0,0,NA,0,0,0,0,0,NA,NA,0,NA,0,3000,2930
M16 [Stock Position (During the month)],16.1.7,Stock position of JE vaccines,3. Unusable Stock,52,0,0,0,0,0,0,NA,NA,0,0,0,0,0,0,0,0,0,0,0,0,0,0,NA,0,0,0,0,0,NA,NA,0,NA,0,0,52
M16 [Stock Position (During the month)],16.1.7,Stock position of JE vaccines,4. Stock Distributed,36213,0,0,1000,0,5050,2500,NA,NA,0,0,6300,0,0,0,0,0,9000,5300,0,0,0,0,NA,0,0,0,0,0,NA,NA,0,NA,0,2900,4163
M16 [Stock Position (During the month)],16.1.7,Stock position of JE vaccines,5. Total Stock,20335,0,0,0,0,350,300,0,0,0,0,3700,5000,0,0,0,0,5000,3900,0,0,0,0,0,0,0,0,0,0,0,0,0,0,0,200,1885
M16 [Stock Position (During the month)],16.1.8,Stock position of Hepatitis B vaccines,1. Balance From Previous Month,323209,28150,9450,10600,1600,5550,500,20729,NA,17500,13200,2000,1950,1400,19950,11500,6120,19850,4570,6240,1200,37130,6442,11640,3000,9580,7900,7860,4020,15200,NA,16300,NA,11020,1900,9158
M16 [Stock Position (During the month)],16.1.8,Stock position of Hepatitis B vaccines,2. Stocks Received,260576,30000,2500,5000,12000,5250,1200,9468,NA,5000,0,7500,5000,16000,15000,0,10000,0,14000,10000,15000,203,2470,NA,9800,12000,15000,5000,0,20000,NA,20000,NA,0,5000,8185
M16 [Stock Position (During the month)],16.1.8,Stock position of Hepatitis B vaccines,3. Unusable Stock,2297,0,0,0,0,0,0,390,NA,0,0,0,0,0,0,0,0,0,425,0,0,1347,0,NA,0,0,0,0,0,0,NA,0,NA,0,0,135
M16 [Stock Position (During the month)],16.1.8,Stock position of Hepatitis B vaccines,4. Stock Distributed,249485,23900,5200,6900,11000,1200,1000,8755,NA,5500,3300,5800,2050,9100,20000,6000,4390,6850,17775,14500,2100,12086,2344,5150,6000,9460,10700,1110,950,16100,NA,16500,NA,4200,2350,7215
M16 [Stock Position (During the month)],16.1.8,Stock position of Hepatitis B vaccines,5. Total Stock,332003,34250,6750,8700,2600,9600,700,21052,0,17000,9900,3700,4900,8300,14950,5500,11730,13000,370,1740,14100,23900,6568,6490,6800,12120,12200,11750,3070,19100,0,19800,0,6820,4550,9993
M16 [Stock Position (During the month)],16.2.1,Stock Position of IU 380 A (to be used for Family Planning),1. Balance From Previous Month,172034,8750,2100,0,500,900,NA,4240,NA,7952,5000,8100,1120,0,59120,400,5750,0,2100,9072,14200,5860,8628,6150,0,2300,0,0,0,2131,NA,4060,NA,9900,0,3701
M16 [Stock Position (During the month)],16.2.1,Stock Position of IU 380 A (to be used for Family Planning),2. Stocks Received,53997,0,2000,0,2000,0,NA,964,NA,0,0,0,0,0,28000,0,0,0,3000,0,0,45,2453,NA,0,0,0,0,15000,0,NA,0,NA,0,0,535
M16 [Stock Position (During the month)],16.2.1,Stock Position of IU 380 A (to be used for Family Planning),3. Unusable Stock,404,0,0,0,0,0,0,88,NA,0,0,0,0,0,0,0,0,0,3,0,0,144,0,NA,0,0,0,0,0,0,NA,0,NA,0,0,169
M16 [Stock Position (During the month)],16.2.1,Stock Position of IU 380 A (to be used for Family Planning),4. Stock Distributed,40025,1400,0,0,2000,0,NA,831,NA,1100,200,600,100,0,18000,400,300,0,590,1120,1000,449,1431,6150,0,1300,0,0,0,1300,NA,400,NA,350,0,1004
M16 [Stock Position (During the month)],16.2.1,Stock Position of IU 380 A (to be used for Family Planning),5. Total Stock,185602,7350,4100,0,500,900,0,4285,0,6852,4800,7500,1020,0,69120,0,5450,0,4507,7952,13200,5312,9650,0,0,1000,0,0,15000,831,0,3660,0,9550,0,3063
M16 [Stock Position (During the month)],16.2.2,Stock Position of Condoms (to be used for Family Planning),1. Balance From Previous Month,2956598,249600,12000,0,80000,24360,NA,317899,NA,174680,41200,233000,0,206000,461322,0,55440,0,31550,88950,55400,192966,261986,257040,0,4280,500,66440,0,89310,NA,3480,NA,0,0,49195
M16 [Stock Position (During the month)],16.2.2,Stock Position of Condoms (to be used for Family Planning),2. Stocks Received,812253,0,0,0,0,0,NA,181182,NA,0,0,0,0,0,160000,0,0,0,46579,0,0,15670,64048,NA,0,0,0,0,263250,0,NA,75600,NA,0,0,5924
M16 [Stock Position (During the month)],16.2.2,Stock Position of Condoms (to be used for Family Planning),3. Unusable Stock,11769,0,0,0,0,0,0,2040,NA,0,0,0,0,0,0,0,0,0,19,0,0,7410,0,NA,0,0,0,0,0,0,NA,0,NA,0,0,2300
M16 [Stock Position (During the month)],16.2.2,Stock Position of Condoms (to be used for Family Planning),4. Stock Distributed,972724,60440,0,0,60000,5880,NA,199228,NA,65520,15000,50400,0,50000,88000,0,35280,0,33790,54300,25000,24320,62536,NA,0,0,0,20800,0,89310,NA,18600,NA,0,0,14320
M16 [Stock Position (During the month)],16.2.2,Stock Position of Condoms (to be used for Family Planning),5. Total Stock,2784358,189160,12000,0,20000,18480,0,297813,0,109160,26200,182600,0,156000,533322,0,20160,0,44320,34650,30400,176906,263498,257040,0,4280,500,45640,263250,0,0,60480,0,0,0,38499
M16 [Stock Position (During the month)],16.2.3,Stock Position of Oral Contraceptive (to be used for Family Planning),1. Balance From Previous Month,2168743,10800,8200,0,600,1400,NA,31716,NA,25970,18000,1000,840,14650,1959400,300,300,0,550,4149,0,18693,22735,NA,0,7198,1000,12700,10000,1848,NA,5000,NA,2000,0,9694
M16 [Stock Position (During the month)],16.2.3,Stock Position of Oral Contraceptive (to be used for Family Planning),2. Stocks Received,77398,0,3000,0,1200,0,NA,6186,NA,0,0,0,0,0,14000,0,0,0,5000,0,0,2320,6293,NA,0,0,0,0,10000,24000,NA,0,NA,0,0,5399
M16 [Stock Position (During the month)],16.2.3,Stock Position of Oral Contraceptive (to be used for Family Planning),3. Unusable Stock,2550,0,0,0,0,0,0,NA,NA,0,0,0,0,0,0,0,0,0,3,0,0,1330,0,NA,0,0,0,0,0,0,NA,0,NA,0,0,1217
M16 [Stock Position (During the month)],16.2.3,Stock Position of Oral Contraceptive (to be used for Family Planning),4. Stock Distributed,253716,9000,300,0,1500,100,NA,7639,NA,5600,4800,1000,840,2000,175000,300,300,0,3367,1190,0,3173,6118,NA,0,5000,500,5000,2000,10400,NA,2400,NA,1600,0,4589
M16 [Stock Position (During the month)],16.2.3,Stock Position of Oral Contraceptive (to be used for Family Planning),5. Total Stock,1989875,1800,10900,0,300,1300,0,30263,0,20370,13200,0,0,12650,1798400,0,0,0,2180,2959,0,16510,22910,0,0,2198,500,7700,18000,15448,0,2600,0,400,0,9287
M16 [Stock Position (During the month)],16.2.4,Stock Position of Emergency Contraceptive (to be used for Family Planning),1. Balance From Previous Month,57699,3250,2000,0,100,350,60,NA,NA,4390,2000,600,500,500,25320,0,1450,0,0,1515,0,0,2786,3400,0,1250,300,0,0,NA,NA,450,NA,5600,0,1878
M16 [Stock Position (During the month)],16.2.4,Stock Position of Emergency Contraceptive (to be used for Family Planning),2. Stocks Received,8562,0,0,0,100,0,50,NA,NA,0,0,0,0,0,6000,0,0,0,0,0,0,0,327,NA,0,0,700,0,1000,NA,NA,0,NA,0,0,385
M16 [Stock Position (During the month)],16.2.4,Stock Position of Emergency Contraceptive (to be used for Family Planning),3. Unusable Stock,0,0,0,0,0,0,0,NA,NA,0,0,0,0,0,0,0,0,0,0,0,0,0,0,NA,0,0,0,0,0,NA,NA,0,NA,0,0,0
M16 [Stock Position (During the month)],16.2.4,Stock Position of Emergency Contraceptive (to be used for Family Planning),4. Stock Distributed,21119,1400,0,0,150,0,100,NA,NA,2000,100,600,500,0,13000,0,800,0,0,110,0,0,518,NA,0,750,0,0,0,NA,NA,300,NA,450,0,341
M16 [Stock Position (During the month)],16.2.4,Stock Position of Emergency Contraceptive (to be used for Family Planning),5. Total Stock,45142,1850,2000,0,50,350,10,0,0,2390,1900,0,0,500,18320,0,650,0,0,1405,0,0,2595,3400,0,500,1000,0,1000,0,0,150,0,5150,0,1922
M16 [Stock Position (During the month)],16.2.5,Stock Position of Tubal Rings (to be used for Family Planning),1. Balance From Previous Month,61835,2950,4010,1300,5000,119,NA,290,NA,0,0,0,0,500,25420,1300,0,0,3340,0,0,0,865,750,2000,3450,100,1276,3000,900,NA,1500,NA,600,3165,0
M16 [Stock Position (During the month)],16.2.5,Stock Position of Tubal Rings (to be used for Family Planning),2. Stocks Received,12502,0,0,0,0,0,NA,2,NA,0,0,0,0,0,7000,0,0,0,0,0,0,0,0,NA,0,0,0,0,0,0,NA,0,NA,5000,500,0
M16 [Stock Position (During the month)],16.2.5,Stock Position of Tubal Rings (to be used for Family Planning),3. Unusable Stock,10,0,0,0,0,0,0,10,NA,0,0,0,0,0,0,0,0,0,0,0,0,0,0,NA,0,0,0,0,0,0,NA,0,NA,0,0,0
M16 [Stock Position (During the month)],16.2.5,Stock Position of Tubal Rings (to be used for Family Planning),4. Stock Distributed,13936,1050,0,0,4000,0,NA,71,NA,0,0,0,0,0,5000,300,0,0,0,0,0,0,0,150,0,500,0,600,0,0,NA,600,NA,0,1665,0
M16 [Stock Position (During the month)],16.2.5,Stock Position of Tubal Rings (to be used for Family Planning),5. Total Stock,60391,1900,4010,1300,1000,119,0,211,0,0,0,0,0,500,27420,1000,0,0,3340,0,0,0,865,600,2000,2950,100,676,3000,900,0,900,0,5600,2000,0
M16 [Stock Position (During the month)],16.3.01,Stock Position of Oxytocin Injection,1. Balance From Previous Month,89135,0,0,0,2000,270,10,12650,NA,0,0,850,930,0,53500,0,5,0,722,70,0,10050,655,NA,0,10,5620,0,0,390,NA,0,NA,0,0,1403
M16 [Stock Position (During the month)],16.3.01,Stock Position of Oxytocin Injection,2. Stocks Received,274705,15000,0,0,0,0,10,5800,NA,0,0,0,0,0,22000,0,0,0,0,0,0,210000,984,NA,0,0,20000,0,0,NA,NA,0,NA,0,500,411
M16 [Stock Position (During the month)],16.3.01,Stock Position of Oxytocin Injection,3. Unusable Stock,88,0,0,0,0,0,0,NA,NA,0,0,0,0,0,0,0,0,0,0,0,0,0,0,NA,0,0,0,0,0,NA,NA,0,NA,0,0,88
M16 [Stock Position (During the month)],16.3.01,Stock Position of Oxytocin Injection,4. Stock Distributed,43340,6420,0,0,1500,220,15,4500,NA,0,0,850,0,0,18000,0,0,0,700,70,0,5050,707,NA,0,0,4350,0,0,265,NA,0,NA,0,0,693
M16 [Stock Position (During the month)],16.3.01,Stock Position of Oxytocin Injection,5. Total Stock,320412,8580,0,0,500,50,5,13950,0,0,0,0,930,0,57500,0,5,0,22,0,0,215000,932,0,0,10,21270,0,0,125,0,0,0,0,500,1033
M16 [Stock Position (During the month)],16.3.02,Stock Position of Gloves,1. Balance From Previous Month,625255,0,4020,71000,1000,4468,NA,47234,NA,50,0,27975,42075,0,223100,6250,1150,0,23082,384,350,0,5960,NA,1352,33050,29000,43000,6100,31510,NA,0,NA,0,0,23145
M16 [Stock Position (During the month)],16.3.02,Stock Position of Gloves,2. Stocks Received,751601,0,0,0,2000,0,NA,10254,NA,0,25000,0,0,0,48000,0,155647,0,0,0,39500,0,2329,NA,5000,279000,130000,0,38300,0,NA,0,NA,0,13000,3571
M16 [Stock Position (During the month)],16.3.02,Stock Position of Gloves,3. Unusable Stock,1370,0,0,0,0,0,0,54,NA,0,0,0,0,0,0,0,0,0,0,0,0,0,0,NA,0,0,0,0,0,0,NA,0,NA,0,0,1316
M16 [Stock Position (During the month)],16.3.02,Stock Position of Gloves,4. Stock Distributed,283949,0,600,26625,2500,1000,NA,11199,NA,50,0,3400,24070,0,26000,500,800,0,50,280,350,0,2135,NA,1680,10000,135500,5000,200,24700,NA,0,NA,0,2000,5310
M16 [Stock Position (During the month)],16.3.02,Stock Position of Gloves,5. Total Stock,1091537,0,3420,44375,500,3468,0,46235,0,0,25000,24575,18005,0,245100,5750,155997,0,23032,104,39500,0,6154,0,4672,302050,23500,38000,44200,6810,0,0,0,0,11000,20090
M16 [Stock Position (During the month)],16.3.03,Stock Position of MVA Syringes,1. Balance From Previous Month,30073,0,0,0,0,0,NA,12,NA,0,0,0,0,0,30000,0,0,0,0,0,0,0,9,NA,0,0,0,0,0,NA,NA,0,NA,0,0,52
M16 [Stock Position (During the month)],16.3.03,Stock Position of MVA Syringes,2. Stocks Received,21006,0,0,0,0,0,NA,6,NA,0,0,0,0,0,21000,0,0,0,0,0,0,0,0,NA,0,0,0,0,0,NA,NA,0,NA,0,0,0
M16 [Stock Position (During the month)],16.3.03,Stock Position of MVA Syringes,3. Unusable Stock,0,0,0,0,0,0,0,NA,NA,0,0,0,0,0,0,0,0,0,0,0,0,0,0,NA,0,0,0,0,0,NA,NA,0,NA,0,0,0
M16 [Stock Position (During the month)],16.3.03,Stock Position of MVA Syringes,4. Stock Distributed,19005,0,0,0,0,0,NA,5,NA,0,0,0,0,0,19000,0,0,0,0,0,0,0,0,NA,0,0,0,0,0,NA,NA,0,NA,0,0,0
M16 [Stock Position (During the month)],16.3.03,Stock Position of MVA Syringes,5. Total Stock,32074,0,0,0,0,0,0,13,0,0,0,0,0,0,32000,0,0,0,0,0,0,0,9,0,0,0,0,0,0,0,0,0,0,0,0,52
M16 [Stock Position (During the month)],16.3.04,Stock Position of Fluconazole Tablets,1. Balance From Previous Month,684558,0,200,0,0,0,NA,33114,NA,0,0,0,0,0,501900,750,0,0,0,144271,0,0,1003,NA,0,50,3270,0,0,NA,NA,0,NA,0,0,0
M16 [Stock Position (During the month)],16.3.04,Stock Position of Fluconazole Tablets,2. Stocks Received,68123,0,0,0,0,0,NA,16123,NA,0,0,0,0,0,52000,0,0,0,0,0,0,0,0,NA,0,0,0,0,0,NA,NA,0,NA,0,0,0
M16 [Stock Position (During the month)],16.3.04,Stock Position of Fluconazole Tablets,3. Unusable Stock,0,0,0,0,0,0,0,NA,NA,0,0,0,0,0,0,0,0,0,0,0,0,0,0,NA,0,0,0,0,0,NA,NA,0,NA,0,0,0
M16 [Stock Position (During the month)],16.3.04,Stock Position of Fluconazole Tablets,4. Stock Distributed,116126,0,0,0,0,0,NA,3226,NA,0,0,0,0,0,46000,200,0,0,0,65000,0,0,500,NA,0,0,1200,0,0,NA,NA,0,NA,0,0,0
M16 [Stock Position (During the month)],16.3.04,Stock Position of Fluconazole Tablets,5. Total Stock,636555,0,200,0,0,0,0,46011,0,0,0,0,0,0,507900,550,0,0,0,79271,0,0,503,0,0,50,2070,0,0,0,0,0,0,0,0,0
M16 [Stock Position (During the month)],16.3.05,Stock Position of Blood Transfusion Sets,1. Balance From Previous Month,437605,0,0,12355,10000,0,NA,750,NA,0,0,0,9250,0,398400,0,0,0,0,51,0,0,100,NA,0,0,6410,0,0,183,NA,0,NA,0,0,106
M16 [Stock Position (During the month)],16.3.05,Stock Position of Blood Transfusion Sets,2. Stocks Received,44650,0,0,0,0,0,NA,450,NA,0,0,0,0,0,44000,0,0,0,0,0,0,0,200,NA,0,0,0,0,0,NA,NA,0,NA,0,0,0
M16 [Stock Position (During the month)],16.3.05,Stock Position of Blood Transfusion Sets,3. Unusable Stock,0,0,0,0,0,0,0,NA,NA,0,0,0,0,0,0,0,0,0,0,0,0,0,0,NA,0,0,0,0,0,NA,NA,0,NA,0,0,0
M16 [Stock Position (During the month)],16.3.05,Stock Position of Blood Transfusion Sets,4. Stock Distributed,39386,0,0,625,9000,0,NA,305,NA,0,0,0,400,0,28000,0,0,0,0,51,0,0,150,NA,0,0,855,0,0,NA,NA,0,NA,0,0,0
M16 [Stock Position (During the month)],16.3.05,Stock Position of Blood Transfusion Sets,5. Total Stock,442869,0,0,11730,1000,0,0,895,0,0,0,0,8850,0,414400,0,0,0,0,0,0,0,150,0,0,0,5555,0,0,183,0,0,0,0,0,106
M16 [Stock Position (During the month)],16.3.06,Stock Position of Gluteraldehyde solution of 2% concentration,1. Balance From Previous Month,4281,40,40,0,140,8,2,2000,NA,69,0,135,186,0,0,20,0,0,192,94,55,0,388,NA,0,1,735,0,0,154,NA,0,NA,0,0,22
M16 [Stock Position (During the month)],16.3.06,Stock Position of Gluteraldehyde solution of 2% concentration,2. Stocks Received,2058,0,0,0,0,0,5,2000,NA,0,0,0,33,0,0,0,0,0,0,0,0,0,0,NA,0,0,20,0,0,NA,NA,0,NA,0,0,0
M16 [Stock Position (During the month)],16.3.06,Stock Position of Gluteraldehyde solution of 2% concentration,3. Unusable Stock,0,0,0,0,0,0,0,NA,NA,0,0,0,0,0,0,0,0,0,0,0,0,0,0,NA,0,0,0,0,0,NA,NA,0,NA,0,0,0
M16 [Stock Position (During the month)],16.3.06,Stock Position of Gluteraldehyde solution of 2% concentration,4. Stock Distributed,855,18,0,0,120,0,5,200,NA,46,0,2,192,0,0,5,0,0,172,51,8,0,21,NA,0,0,11,0,0,NA,NA,0,NA,0,0,4
M16 [Stock Position (During the month)],16.3.06,Stock Position of Gluteraldehyde solution of 2% concentration,5. Total Stock,5484,22,40,0,20,8,2,3800,0,23,0,133,27,0,0,15,0,0,20,43,47,0,367,0,0,1,744,0,0,154,0,0,0,0,0,18
M16 [Stock Position (During the month)],16.3.07,Stock Position of IFA Tablets,1. Balance From Previous Month,621717,0,0,0,0,0,NA,249542,NA,0,0,0,28420,0,57800,9000,0,0,5885,101460,0,0,98500,NA,0,500,28830,0,0,NA,NA,0,NA,0,0,41780
M16 [Stock Position (During the month)],16.3.07,Stock Position of IFA Tablets,2. Stocks Received,824504,0,0,0,0,0,NA,595594,NA,0,0,0,0,0,57000,0,0,0,0,0,0,0,112415,NA,0,0,0,0,0,NA,NA,0,NA,0,0,59495
M16 [Stock Position (During the month)],16.3.07,Stock Position of IFA Tablets,3. Unusable Stock,3205,0,0,0,0,0,0,NA,NA,0,0,0,0,0,0,0,0,0,0,0,0,0,0,NA,0,0,0,0,0,NA,NA,0,NA,0,0,3205
M16 [Stock Position (During the month)],16.3.07,Stock Position of IFA Tablets,4. Stock Distributed,869002,0,0,0,0,0,NA,422447,NA,0,0,0,13500,0,49000,5000,0,0,4885,101460,0,0,160421,NA,0,0,25200,0,0,NA,NA,0,NA,0,0,87089
M16 [Stock Position (During the month)],16.3.07,Stock Position of IFA Tablets,5. Total Stock,574014,0,0,0,0,0,0,422689,0,0,0,0,14920,0,65800,4000,0,0,1000,0,0,0,50494,0,0,500,3630,0,0,0,0,0,0,0,0,10981
M16 [Stock Position (During the month)],16.3.08,Stock Position of IFA Syrup (Paediatric),1. Balance From Previous Month,94866,0,0,0,0,0,NA,3697,NA,0,0,37473,0,0,24900,0,0,0,0,16159,2440,0,395,NA,0,10,2980,0,0,722,NA,0,NA,0,0,6090
M16 [Stock Position (During the month)],16.3.08,Stock Position of IFA Syrup (Paediatric),2. Stocks Received,67364,0,0,0,0,0,NA,2300,NA,0,0,0,0,0,12000,0,0,0,35000,0,0,0,330,NA,0,0,12000,0,0,NA,NA,0,NA,0,0,5734
M16 [Stock Position (During the month)],16.3.08,Stock Position of IFA Syrup (Paediatric),3. Unusable Stock,989,0,0,0,0,0,0,NA,NA,0,0,0,0,0,0,0,0,0,0,0,0,0,0,NA,0,0,0,0,0,NA,NA,0,NA,0,0,989
M16 [Stock Position (During the month)],16.3.08,Stock Position of IFA Syrup (Paediatric),4. Stock Distributed,55538,0,0,0,0,0,NA,2637,NA,0,0,18072,0,0,8000,0,0,0,0,16159,2440,0,778,NA,0,0,1600,0,0,NA,NA,0,NA,0,0,5852
M16 [Stock Position (During the month)],16.3.08,Stock Position of IFA Syrup (Paediatric),5. Total Stock,105703,0,0,0,0,0,0,3360,0,0,0,19401,0,0,28900,0,0,0,35000,0,0,0,-53,0,0,10,13380,0,0,722,0,0,0,0,0,4983
M16 [Stock Position (During the month)],16.3.09,Stock Position of Paediatrics Antibiotics (Cotrimaxozole and Injectable Gentamicin),1. Balance From Previous Month,873021,96000,133122,840,500,1680,NA,NA,NA,40,3000,82000,0,0,0,159915,7800,0,9884,16818,39050,16600,5102,NA,0,3900,2725,20000,0,43733,NA,0,NA,210000,14200,6112
M16 [Stock Position (During the month)],16.3.09,Stock Position of Paediatrics Antibiotics (Cotrimaxozole and Injectable Gentamicin),2. Stocks Received,15945,0,0,0,1000,0,NA,NA,NA,0,0,0,0,0,0,0,0,0,0,0,0,0,100,NA,0,0,0,0,0,0,NA,0,NA,0,0,14845
M16 [Stock Position (During the month)],16.3.09,Stock Position of Paediatrics Antibiotics (Cotrimaxozole and Injectable Gentamicin),3. Unusable Stock,4925,0,0,0,0,0,0,NA,NA,0,0,0,0,0,0,0,0,0,0,0,0,4900,0,NA,0,0,0,0,0,0,NA,0,NA,0,0,25
M16 [Stock Position (During the month)],16.3.09,Stock Position of Paediatrics Antibiotics (Cotrimaxozole and Injectable Gentamicin),4. Stock Distributed,333944,68000,0,0,1200,120,NA,NA,NA,40,800,40000,0,0,0,69250,3500,0,6500,15100,1800,0,1170,NA,0,3500,650,5200,0,3026,NA,0,NA,110000,200,3888
M16 [Stock Position (During the month)],16.3.09,Stock Position of Paediatrics Antibiotics (Cotrimaxozole and Injectable Gentamicin),5. Total Stock,550097,28000,133122,840,300,1560,0,0,0,0,2200,42000,0,0,0,90665,4300,0,3384,1718,37250,11700,4032,0,0,400,2075,14800,0,40707,0,0,0,100000,14000,17044
M16 [Stock Position (During the month)],16.3.10,Stock Position of Vitamin A solution,1. Balance From Previous Month,332316,0,2500,0,300,117,9,NA,NA,0,0,0,250,0,212600,100,0,0,693,4200,5,108210,0,215,0,10,2246,0,0,861,NA,0,NA,0,0,0
M16 [Stock Position (During the month)],16.3.10,Stock Position of Vitamin A solution,2. Stocks Received,22702,0,0,0,1200,0,20,NA,NA,0,0,0,0,0,17000,0,0,0,0,0,0,0,1356,NA,0,0,500,0,0,0,NA,0,NA,0,0,2626
M16 [Stock Position (During the month)],16.3.10,Stock Position of Vitamin A solution,3. Unusable Stock,887,0,0,0,0,0,0,NA,NA,0,0,0,50,0,0,0,0,0,0,0,0,752,0,NA,0,0,0,0,0,0,NA,0,NA,0,0,85
M16 [Stock Position (During the month)],16.3.10,Stock Position of Vitamin A solution,4. Stock Distributed,40048,0,0,0,1300,57,25,NA,NA,0,0,0,100,0,16000,0,0,0,0,3400,0,14418,1829,NA,0,0,736,0,0,0,NA,0,NA,0,0,2183
M16 [Stock Position (During the month)],16.3.10,Stock Position of Vitamin A solution,5. Total Stock,314083,0,2500,0,200,60,4,0,0,0,0,0,100,0,213600,100,0,0,693,800,5,93040,-473,215,0,10,2010,0,0,861,0,0,0,0,0,358
M16 [Stock Position (During the month)],16.3.11,Stock of ORS (New WHO formulation),1. Balance From Previous Month,1670460,40900,172900,2030,70000,7200,30,80009,NA,1000,22000,10700,176790,285000,41450,4400,11900,0,14115,40214,51965,76824,92715,55400,12000,59028,218900,185,450,69555,NA,0,NA,0,42000,10800
M16 [Stock Position (During the month)],16.3.11,Stock of ORS (New WHO formulation),2. Stocks Received,190809,0,0,0,0,0,25,4960,NA,0,0,10000,0,0,8000,140085,0,0,0,0,0,362,16076,NA,0,0,0,0,0,0,NA,0,NA,0,0,11301
M16 [Stock Position (During the month)],16.3.11,Stock of ORS (New WHO formulation),3. Unusable Stock,14109,0,0,0,0,0,0,500,NA,0,0,0,0,0,0,0,0,0,0,0,0,12901,0,NA,0,0,0,0,0,0,NA,0,NA,0,0,708
M16 [Stock Position (During the month)],16.3.11,Stock of ORS (New WHO formulation),4. Stock Distributed,329820,9200,6000,0,60000,1200,50,14749,NA,900,5000,3855,47562,30000,6000,5060,5900,0,2300,3450,3000,1440,18307,6880,6000,45000,4000,0,0,30490,NA,0,NA,0,2000,11477
M16 [Stock Position (During the month)],16.3.11,Stock of ORS (New WHO formulation),5. Total Stock,1517340,31700,166900,2030,10000,6000,5,69720,0,100,17000,16845,129228,255000,43450,139425,6000,0,11815,36764,48965,62845,90484,48520,6000,14028,214900,185,450,39065,0,0,0,0,40000,9916
M16 [Stock Position (During the month)],16.4.1,Stock Position of 0.1 ml Syringes(AD),1. Balance From Previous Month,506237,18500,22400,36800,300,9500,50,28203,NA,19637,15500,14800,0,3400,46600,41000,34050,29600,5000,2618,0,32944,10230,3600,0,30115,2820,4100,11170,39000,NA,24800,NA,0,7900,11600
M16 [Stock Position (During the month)],16.4.1,Stock Position of 0.1 ml Syringes(AD),2. Stocks Received,337924,20000,39000,0,0,0,100,4810,NA,6000,0,0,0,20000,16000,44400,0,0,10000,0,0,2000,8568,NA,0,0,22000,21000,35000,18000,NA,15000,NA,0,45000,11046
M16 [Stock Position (During the month)],16.4.1,Stock Position of 0.1 ml Syringes(AD),3. Unusable Stock,8358,0,0,0,0,0,0,141,NA,0,0,0,0,0,0,0,0,0,0,0,0,6537,0,NA,0,0,0,0,0,0,NA,0,NA,0,0,1680
M16 [Stock Position (During the month)],16.4.1,Stock Position of 0.1 ml Syringes(AD),4. Stock Distributed,165167,11400,5000,9000,200,1500,100,5435,NA,13700,300,3000,0,5000,8000,8600,5850,13600,1600,1780,0,3530,3579,1200,0,5400,22860,2500,5500,6200,NA,8200,NA,0,4000,8133
M16 [Stock Position (During the month)],16.4.1,Stock Position of 0.1 ml Syringes(AD),5. Total Stock,670636,27100,56400,27800,100,8000,50,27437,0,11937,15200,11800,0,18400,54600,76800,28200,16000,13400,838,0,24877,15219,2400,0,24715,1960,22600,40670,50800,0,31600,0,0,48900,12833
M16 [Stock Position (During the month)],16.4.2,Stock Position of 0.5 ml Syringes(AD),1. Balance From Previous Month,2337998,91600,276300,62400,50000,45400,600,110065,NA,49900,186000,51800,52000,121200,51400,5000,80800,106500,9200,36173,0,279068,24342,146300,62100,77700,15600,15000,79200,161000,NA,28800,NA,0,13300,49250
M16 [Stock Position (During the month)],16.4.2,Stock Position of 0.5 ml Syringes(AD),2. Stocks Received,1037507,134400,178800,0,0,0,5000,162115,NA,0,0,0,0,0,14000,0,0,0,24000,0,0,17224,47211,NA,5000,0,0,120000,120000,48000,NA,14400,NA,0,48000,99357
M16 [Stock Position (During the month)],16.4.2,Stock Position of 0.5 ml Syringes(AD),3. Unusable Stock,154003,0,0,0,0,0,0,52620,NA,0,0,0,0,0,0,0,0,0,0,0,0,68032,0,NA,0,0,0,0,0,0,NA,0,NA,0,0,33351
M16 [Stock Position (During the month)],16.4.2,Stock Position of 0.5 ml Syringes(AD),4. Stock Distributed,735937,41500,31200,21600,48000,11000,5000,57136,NA,33400,6000,19000,0,21200,7000,2000,45000,68600,21600,5670,0,28131,22397,2000,21000,44500,3400,8200,22400,30600,NA,31800,NA,0,27000,49603
M16 [Stock Position (During the month)],16.4.2,Stock Position of 0.5 ml Syringes(AD),5. Total Stock,2485565,184500,423900,40800,2000,34400,600,162424,0,16500,180000,32800,52000,100000,58400,3000,35800,37900,11600,30503,0,200129,49156,144300,46100,33200,12200,126800,176800,178400,0,11400,0,0,34300,65653
M16 [Stock Position (During the month)],16.4.3,Stock Position of 5.0 ml Syringes(Disposable),1. Balance From Previous Month,2454687,14025,4100,8300,7000,19900,4000,37159,NA,15000,0,108300,437950,4000,17600,20000,5600,3000,552200,783,199070,31398,11204,117000,130448,18900,430140,300,25460,40050,NA,7100,NA,27000,18500,139200
M16 [Stock Position (During the month)],16.4.3,Stock Position of 5.0 ml Syringes(Disposable),2. Stocks Received,555319,10000,19000,0,0,0,2000,2425,NA,10000,0,0,0,0,12000,426800,0,0,0,0,0,1700,3710,NA,0,0,0,10000,8000,0,NA,10000,NA,0,20000,19684
M16 [Stock Position (During the month)],16.4.3,Stock Position of 5.0 ml Syringes(Disposable),3. Unusable Stock,8816,0,0,0,0,0,0,162,NA,0,0,0,0,0,0,0,0,0,0,0,0,6429,0,NA,0,0,0,0,0,0,NA,0,NA,0,0,2225
M16 [Stock Position (During the month)],16.4.3,Stock Position of 5.0 ml Syringes(Disposable),4. Stock Distributed,254441,7600,2200,2400,6000,0,5000,13960,NA,24800,0,21400,25000,1000,6000,15200,1300,2600,36400,783,7000,2115,3471,NA,4000,3675,2900,8700,3350,13300,NA,3400,NA,7000,5000,18887
M16 [Stock Position (During the month)],16.4.3,Stock Position of 5.0 ml Syringes(Disposable),5. Total Stock,2746749,16425,20900,5900,1000,19900,1000,25462,0,200,0,86900,412950,3000,23600,431600,4300,400,515800,0,192070,24554,11443,117000,126448,15225,427240,1600,30110,26750,0,13700,0,20000,33500,137772
M17 [Details of deaths reported during the month with probable causes:],17.1,Number of cases of Infant deaths within 24 hrs of birth,TOTAL,126,2,10,1,2,5,1,3,5,7,16,NA,2,NA,5,3,3,1,3,NA,3,8,7,NA,NA,7,5,1,6,2,2,1,12,2,NA,1
M17 [Details of deaths reported during the month with probable causes:],17.2.1,Number of cases of Infant deaths 24 hours to 4 weeks of birth with the probable cause being Sepsis,1. Up to 1 Weeks of Birth,35,2,6,2,NA,2,NA,7,1,NA,1,NA,NA,NA,1,NA,NA,NA,NA,NA,3,1,NA,3,NA,NA,NA,NA,3,NA,NA,NA,3,NA,NA,NA
M17 [Details of deaths reported during the month with probable causes:],17.2.1,Number of cases of Infant deaths 24 hours to 4 weeks of birth with the probable cause being Sepsis,2. Between 1 week & 4 weeks of birth,23,NA,8,NA,NA,NA,1,4,NA,NA,2,1,NA,NA,1,NA,NA,NA,1,NA,NA,NA,NA,1,NA,1,NA,NA,3,NA,NA,NA,NA,NA,NA,NA
M17 [Details of deaths reported during the month with probable causes:],17.2.1,Number of cases of Infant deaths 24 hours to 4 weeks of birth with the probable cause being Sepsis,3. Total,58,2,14,2,NA,2,1,11,1,NA,3,1,NA,NA,2,NA,NA,NA,1,NA,3,1,NA,4,NA,1,NA,NA,6,NA,NA,NA,3,NA,NA,NA
M17 [Details of deaths reported during the month with probable causes:],17.2.2,Number of cases of Infant deaths 24 hours to 4 weeks of birth with the probable cause being Asphyxia,1. Up to 1 Weeks of Birth,73,2,7,2,1,4,6,2,1,3,NA,1,NA,1,7,NA,1,NA,1,NA,2,5,2,3,2,NA,3,5,2,2,1,2,4,NA,1,NA
M17 [Details of deaths reported during the month with probable causes:],17.2.2,Number of cases of Infant deaths 24 hours to 4 weeks of birth with the probable cause being Asphyxia,2. Between 1 week & 4 weeks of birth,8,NA,NA,NA,NA,1,NA,1,NA,NA,NA,NA,NA,1,2,NA,1,NA,NA,NA,1,NA,NA,NA,NA,NA,NA,NA,NA,1,NA,NA,NA,NA,NA,NA
M17 [Details of deaths reported during the month with probable causes:],17.2.2,Number of cases of Infant deaths 24 hours to 4 weeks of birth with the probable cause being Asphyxia,3. Total,81,2,7,2,1,5,6,3,1,3,NA,1,NA,2,9,NA,2,NA,1,NA,3,5,2,3,2,NA,3,5,2,3,1,2,4,NA,1,NA
M17 [Details of deaths reported during the month with probable causes:],17.2.3,Number of cases of Infant deaths 24 hours to 4 weeks of birth with the probable cause being LBW,1. Up to 1 Weeks of Birth,175,4,13,5,2,15,6,14,1,3,4,4,4,4,9,1,4,NA,3,3,10,10,1,7,NA,4,8,4,7,11,NA,1,6,NA,3,4
M17 [Details of deaths reported during the month with probable causes:],17.2.3,Number of cases of Infant deaths 24 hours to 4 weeks of birth with the probable cause being LBW,2. Between 1 week & 4 weeks of birth,25,NA,3,NA,2,1,3,3,1,NA,NA,NA,1,3,1,NA,NA,NA,NA,NA,1,1,NA,NA,NA,1,4,NA,NA,NA,NA,NA,NA,NA,NA,NA
M17 [Details of deaths reported during the month with probable causes:],17.2.3,Number of cases of Infant deaths 24 hours to 4 weeks of birth with the probable cause being LBW,3. Total,200,4,16,5,4,16,9,17,2,3,4,4,5,7,10,1,4,NA,3,3,11,11,1,7,NA,5,12,4,7,11,NA,1,6,NA,3,4
M17 [Details of deaths reported during the month with probable causes:],17.2.4,"Number of cases of Infant deaths 24 hours to 4 weeks of birth with the probable cause being other than Sepsis, Asphyxia and LBW",1. Up to 1 Weeks of Birth,185,6,7,1,NA,3,4,13,4,4,11,3,1,5,19,1,14,NA,5,4,1,6,2,3,6,13,2,1,12,9,1,2,10,1,NA,11
M17 [Details of deaths reported during the month with probable causes:],17.2.4,"Number of cases of Infant deaths 24 hours to 4 weeks of birth with the probable cause being other than Sepsis, Asphyxia and LBW",2. Between 1 week & 4 weeks of birth,24,2,2,1,NA,4,NA,3,1,NA,NA,NA,NA,1,NA,NA,1,NA,NA,NA,NA,NA,NA,1,NA,1,NA,1,2,1,NA,1,1,NA,NA,1
M17 [Details of deaths reported during the month with probable causes:],17.2.4,"Number of cases of Infant deaths 24 hours to 4 weeks of birth with the probable cause being other than Sepsis, Asphyxia and LBW",3. Total,209,8,9,2,NA,7,4,16,5,4,11,3,1,6,19,1,15,NA,5,4,1,6,2,4,6,14,2,2,14,10,1,3,11,1,NA,12
M17 [Details of deaths reported during the month with probable causes:],17.3.1,Number of cases of Infant or Child deaths between 1 month to 5 years of age with the probable cause being Pneumonia,1. Between 1 month and 11 months,29,1,NA,2,NA,2,NA,3,5,1,1,1,1,NA,NA,1,NA,NA,NA,NA,1,6,NA,1,NA,NA,1,NA,NA,NA,NA,1,1,NA,NA,NA
M17 [Details of deaths reported during the month with probable causes:],17.3.1,Number of cases of Infant or Child deaths between 1 month to 5 years of age with the probable cause being Pneumonia,2. Between 1 year & 5 years,11,NA,NA,1,NA,NA,NA,2,1,NA,1,NA,1,NA,NA,NA,NA,NA,NA,NA,2,NA,NA,1,NA,NA,NA,NA,1,NA,NA,NA,1,NA,NA,NA
M17 [Details of deaths reported during the month with probable causes:],17.3.1,Number of cases of Infant or Child deaths between 1 month to 5 years of age with the probable cause being Pneumonia,3. Total,40,1,NA,3,NA,2,NA,5,6,1,2,1,2,NA,NA,1,NA,NA,NA,NA,3,6,NA,2,NA,NA,1,NA,1,NA,NA,1,2,NA,NA,NA
M17 [Details of deaths reported during the month with probable causes:],17.3.2,Number of cases of Infant or Child deaths between 1 month to 5 years of age with the probable cause being Diarrhoea,1. Between 1 month and 11 months,NA,NA,NA,NA,NA,NA,NA,NA,NA,NA,NA,NA,NA,NA,NA,NA,NA,NA,NA,NA,NA,NA,NA,NA,NA,NA,NA,NA,NA,NA,NA,NA,NA,NA,NA,NA
M17 [Details of deaths reported during the month with probable causes:],17.3.2,Number of cases of Infant or Child deaths between 1 month to 5 years of age with the probable cause being Diarrhoea,2. Between 1 year & 5 years,NA,NA,NA,NA,NA,NA,NA,NA,NA,NA,NA,NA,NA,NA,NA,NA,NA,NA,NA,NA,NA,NA,NA,NA,NA,NA,NA,NA,NA,NA,NA,NA,NA,NA,NA,NA
M17 [Details of deaths reported during the month with probable causes:],17.3.2,Number of cases of Infant or Child deaths between 1 month to 5 years of age with the probable cause being Diarrhoea,3. Total,NA,NA,NA,NA,NA,NA,NA,NA,NA,NA,NA,NA,NA,NA,NA,NA,NA,NA,NA,NA,NA,NA,NA,NA,NA,NA,NA,NA,NA,NA,NA,NA,NA,NA,NA,NA
M17 [Details of deaths reported during the month with probable causes:],17.3.3,Number of cases of Infant or Child deaths between 1 month to 5 years of age with the probable cause being Fever related,1. Between 1 month and 11 months,1,NA,NA,NA,NA,NA,NA,1,NA,NA,NA,NA,NA,NA,NA,NA,NA,NA,NA,NA,NA,NA,NA,NA,NA,NA,NA,NA,NA,NA,NA,NA,NA,NA,NA,NA
M17 [Details of deaths reported during the month with probable causes:],17.3.3,Number of cases of Infant or Child deaths between 1 month to 5 years of age with the probable cause being Fever related,2. Between 1 year & 5 years,NA,NA,NA,NA,NA,NA,NA,NA,NA,NA,NA,NA,NA,NA,NA,NA,NA,NA,NA,NA,NA,NA,NA,NA,NA,NA,NA,NA,NA,NA,NA,NA,NA,NA,NA,NA
M17 [Details of deaths reported during the month with probable causes:],17.3.3,Number of cases of Infant or Child deaths between 1 month to 5 years of age with the probable cause being Fever related,3. Total,1,NA,NA,NA,NA,NA,NA,1,NA,NA,NA,NA,NA,NA,NA,NA,NA,NA,NA,NA,NA,NA,NA,NA,NA,NA,NA,NA,NA,NA,NA,NA,NA,NA,NA,NA
M17 [Details of deaths reported during the month with probable causes:],17.3.4,Number of cases of Infant or Child deaths between 1 month to 5 years of age with the probable cause being Measles,1. Between 1 month and 11 months,NA,NA,NA,NA,NA,NA,NA,NA,NA,NA,NA,NA,NA,NA,NA,NA,NA,NA,NA,NA,NA,NA,NA,NA,NA,NA,NA,NA,NA,NA,NA,NA,NA,NA,NA,NA
M17 [Details of deaths reported during the month with probable causes:],17.3.4,Number of cases of Infant or Child deaths between 1 month to 5 years of age with the probable cause being Measles,2. Between 1 year & 5 years,1,NA,NA,NA,NA,NA,NA,NA,NA,NA,1,NA,NA,NA,NA,NA,NA,NA,NA,NA,NA,NA,NA,NA,NA,NA,NA,NA,NA,NA,NA,NA,NA,NA,NA,NA
M17 [Details of deaths reported during the month with probable causes:],17.3.4,Number of cases of Infant or Child deaths between 1 month to 5 years of age with the probable cause being Measles,3. Total,1,NA,NA,NA,NA,NA,NA,NA,NA,NA,1,NA,NA,NA,NA,NA,NA,NA,NA,NA,NA,NA,NA,NA,NA,NA,NA,NA,NA,NA,NA,NA,NA,NA,NA,NA
M17 [Details of deaths reported during the month with probable causes:],17.3.5,"Number of cases of Infant or Child deaths between 1 month to 5 years of age with the probable cause being other than Pneumonia, Diarrhoea, Fever related and Measles",1. Between 1 month and 11 months,172,10,9,4,2,2,3,5,5,NA,1,4,4,5,12,5,3,NA,4,2,10,12,2,3,3,7,3,3,8,14,1,3,12,NA,2,9
M17 [Details of deaths reported during the month with probable causes:],17.3.5,"Number of cases of Infant or Child deaths between 1 month to 5 years of age with the probable cause being other than Pneumonia, Diarrhoea, Fever related and Measles",2. Between 1 year & 5 years,159,6,4,10,NA,4,NA,4,1,3,8,3,2,4,5,NA,8,NA,3,5,8,25,4,2,4,9,6,4,5,3,1,6,5,3,NA,4
M17 [Details of deaths reported during the month with probable causes:],17.3.5,"Number of cases of Infant or Child deaths between 1 month to 5 years of age with the probable cause being other than Pneumonia, Diarrhoea, Fever related and Measles",3. Total,331,16,13,14,2,6,3,9,6,3,9,7,6,9,17,5,11,NA,7,7,18,37,6,5,7,16,9,7,13,17,2,9,17,3,2,13
M17 [Details of deaths reported during the month with probable causes:],17.4.1,Number of cases of Adolescent or Adult deaths (age 6 years & above) with the probable cause being Diarrhoeal diseases,1. 6-14 yrs,NA,NA,NA,NA,NA,NA,NA,NA,NA,NA,NA,NA,NA,NA,NA,NA,NA,NA,NA,NA,NA,NA,NA,NA,NA,NA,NA,NA,NA,NA,NA,NA,NA,NA,NA,NA
M17 [Details of deaths reported during the month with probable causes:],17.4.1,Number of cases of Adolescent or Adult deaths (age 6 years & above) with the probable cause being Diarrhoeal diseases,2. 15-55 yrs.,27,NA,NA,1,NA,NA,NA,16,NA,NA,NA,1,NA,NA,2,NA,1,NA,NA,2,NA,2,NA,NA,NA,NA,NA,2,NA,NA,NA,NA,NA,NA,NA,NA
M17 [Details of deaths reported during the month with probable causes:],17.4.1,Number of cases of Adolescent or Adult deaths (age 6 years & above) with the probable cause being Diarrhoeal diseases,3. Above 55 yrs.,23,NA,2,3,NA,NA,NA,1,NA,NA,2,NA,1,NA,1,NA,2,NA,2,NA,NA,NA,NA,2,2,NA,NA,2,NA,NA,1,NA,2,NA,NA,NA
M17 [Details of deaths reported during the month with probable causes:],17.4.1,Number of cases of Adolescent or Adult deaths (age 6 years & above) with the probable cause being Diarrhoeal diseases,4. Total,50,NA,2,4,NA,NA,NA,17,NA,NA,2,1,1,NA,3,NA,3,NA,2,2,NA,2,NA,2,2,NA,NA,4,NA,NA,1,NA,2,NA,NA,NA
M17 [Details of deaths reported during the month with probable causes:],17.4.2,Number of cases of Adolescent or Adult deaths (age 6 years & above) with the probable cause being Tuberculosis,1. 6-14 yrs,2,NA,NA,NA,NA,NA,NA,1,NA,NA,NA,NA,NA,NA,NA,NA,NA,NA,NA,NA,1,NA,NA,NA,NA,NA,NA,NA,NA,NA,NA,NA,NA,NA,NA,NA
M17 [Details of deaths reported during the month with probable causes:],17.4.2,Number of cases of Adolescent or Adult deaths (age 6 years & above) with the probable cause being Tuberculosis,2. 15-55 yrs.,183,6,4,6,2,2,1,25,1,7,3,2,4,2,8,NA,5,2,3,2,6,12,2,1,3,4,15,13,1,9,2,1,21,3,1,4
M17 [Details of deaths reported during the month with probable causes:],17.4.2,Number of cases of Adolescent or Adult deaths (age 6 years & above) with the probable cause being Tuberculosis,3. Above 55 yrs.,93,3,2,2,NA,6,2,14,1,5,2,3,3,2,3,NA,1,1,1,1,2,2,1,NA,1,1,4,4,2,10,4,NA,8,NA,NA,2
M17 [Details of deaths reported during the month with probable causes:],17.4.2,Number of cases of Adolescent or Adult deaths (age 6 years & above) with the probable cause being Tuberculosis,4. Total,278,9,6,8,2,8,3,40,2,12,5,5,7,4,11,NA,6,3,4,3,9,14,3,1,4,5,19,17,3,19,6,1,29,3,1,6
M17 [Details of deaths reported during the month with probable causes:],17.4.3,Number of cases of Adolescent or Adult deaths (age 6 years & above) with the probable cause being Respiratory diseases including infections,1. 6-14 yrs,90,2,NA,NA,NA,NA,NA,84,1,NA,NA,NA,NA,NA,2,NA,NA,1,NA,NA,NA,NA,NA,NA,NA,NA,NA,NA,NA,NA,NA,NA,NA,NA,NA,NA
M17 [Details of deaths reported during the month with probable causes:],17.4.3,Number of cases of Adolescent or Adult deaths (age 6 years & above) with the probable cause being Respiratory diseases including infections,2. 15-55 yrs.,606,4,4,6,4,13,1,435,3,12,3,6,16,1,10,5,12,1,8,4,6,13,1,4,2,5,2,1,3,7,NA,3,3,4,1,3
M17 [Details of deaths reported during the month with probable causes:],17.4.3,Number of cases of Adolescent or Adult deaths (age 6 years & above) with the probable cause being Respiratory diseases including infections,3. Above 55 yrs.,1457,41,37,99,10,67,13,122,18,62,21,24,49,19,83,24,42,28,84,53,48,77,12,17,30,18,24,19,39,47,44,27,18,59,14,68
M17 [Details of deaths reported during the month with probable causes:],17.4.3,Number of cases of Adolescent or Adult deaths (age 6 years & above) with the probable cause being Respiratory diseases including infections,4. Total,2153,47,41,105,14,80,14,641,22,74,24,30,65,20,95,29,54,30,92,57,54,90,13,21,32,23,26,20,42,54,44,30,21,63,15,71
M17 [Details of deaths reported during the month with probable causes:],17.4.4,Number of cases of Adolescent or Adult deaths (age 6 years & above) with the probable cause being Malaria,1. 6-14 yrs,NA,NA,NA,NA,NA,NA,NA,NA,NA,NA,NA,NA,NA,NA,NA,NA,NA,NA,NA,NA,NA,NA,NA,NA,NA,NA,NA,NA,NA,NA,NA,NA,NA,NA,NA,NA
M17 [Details of deaths reported during the month with probable causes:],17.4.4,Number of cases of Adolescent or Adult deaths (age 6 years & above) with the probable cause being Malaria,2. 15-55 yrs.,1,1,NA,NA,NA,NA,NA,NA,NA,NA,NA,NA,NA,NA,NA,NA,NA,NA,NA,NA,NA,NA,NA,NA,NA,NA,NA,NA,NA,NA,NA,NA,NA,NA,NA,NA
M17 [Details of deaths reported during the month with probable causes:],17.4.4,Number of cases of Adolescent or Adult deaths (age 6 years & above) with the probable cause being Malaria,3. Above 55 yrs.,10,1,NA,NA,NA,NA,NA,NA,NA,NA,NA,NA,1,NA,NA,NA,1,NA,NA,1,NA,1,NA,NA,NA,1,1,NA,NA,2,NA,1,NA,NA,NA,NA
M17 [Details of deaths reported during the month with probable causes:],17.4.4,Number of cases of Adolescent or Adult deaths (age 6 years & above) with the probable cause being Malaria,4. Total,11,2,NA,NA,NA,NA,NA,NA,NA,NA,NA,NA,1,NA,NA,NA,1,NA,NA,1,NA,1,NA,NA,NA,1,1,NA,NA,2,NA,1,NA,NA,NA,NA
M17 [Details of deaths reported during the month with probable causes:],17.4.5,Number of cases of Adolescent or Adult deaths (age 6 years & above) with the probable cause being other Fever related,1. 6-14 yrs,4,NA,1,NA,NA,NA,NA,NA,NA,NA,NA,NA,1,NA,2,NA,NA,NA,NA,NA,NA,NA,NA,NA,NA,NA,NA,NA,NA,NA,NA,NA,NA,NA,NA,NA
M17 [Details of deaths reported during the month with probable causes:],17.4.5,Number of cases of Adolescent or Adult deaths (age 6 years & above) with the probable cause being other Fever related,2. 15-55 yrs.,46,NA,1,3,NA,NA,2,4,1,5,NA,NA,NA,NA,12,NA,8,1,2,1,NA,NA,NA,1,3,NA,1,NA,NA,NA,NA,NA,NA,1,NA,NA
M17 [Details of deaths reported during the month with probable causes:],17.4.5,Number of cases of Adolescent or Adult deaths (age 6 years & above) with the probable cause being other Fever related,3. Above 55 yrs.,106,1,1,5,NA,3,NA,6,1,1,NA,NA,NA,NA,50,2,15,NA,8,3,1,1,1,NA,3,NA,NA,NA,NA,1,NA,2,NA,NA,NA,1
M17 [Details of deaths reported during the month with probable causes:],17.4.5,Number of cases of Adolescent or Adult deaths (age 6 years & above) with the probable cause being other Fever related,4. Total,156,1,3,8,NA,3,2,10,2,6,NA,NA,1,NA,64,2,23,1,10,4,1,1,1,1,6,NA,1,NA,NA,1,NA,2,NA,1,NA,1
M17 [Details of deaths reported during the month with probable causes:],17.4.6,Number of cases of Adolescent or Adult deaths (age 6 years & above) with the probable cause being HIV/AIDS,1. 6-14 yrs,1,NA,NA,NA,NA,NA,NA,NA,NA,NA,NA,NA,NA,NA,1,NA,NA,NA,NA,NA,NA,NA,NA,NA,NA,NA,NA,NA,NA,NA,NA,NA,NA,NA,NA,NA
M17 [Details of deaths reported during the month with probable causes:],17.4.6,Number of cases of Adolescent or Adult deaths (age 6 years & above) with the probable cause being HIV/AIDS,2. 15-55 yrs.,91,9,1,NA,NA,2,3,7,NA,3,NA,NA,1,1,3,1,3,1,2,3,2,7,1,NA,NA,3,1,4,3,6,NA,7,3,4,1,9
M17 [Details of deaths reported during the month with probable causes:],17.4.6,Number of cases of Adolescent or Adult deaths (age 6 years & above) with the probable cause being HIV/AIDS,3. Above 55 yrs.,14,NA,NA,NA,NA,NA,NA,3,NA,1,NA,NA,NA,NA,1,NA,1,2,NA,2,NA,NA,NA,NA,1,2,NA,1,NA,NA,NA,NA,NA,NA,NA,NA
M17 [Details of deaths reported during the month with probable causes:],17.4.6,Number of cases of Adolescent or Adult deaths (age 6 years & above) with the probable cause being HIV/AIDS,4. Total,106,9,1,NA,NA,2,3,10,NA,4,NA,NA,1,1,5,1,4,3,2,5,2,7,1,NA,1,5,1,5,3,6,NA,7,3,4,1,9
M17 [Details of deaths reported during the month with probable causes:],17.4.7,Number of cases of Adolescent or Adult deaths (age 6 years & above) with the probable cause being Heart disease or related to Hypertension,1. 6-14 yrs,15,1,1,1,NA,NA,NA,NA,NA,NA,NA,NA,1,NA,1,NA,3,NA,NA,1,NA,1,NA,1,NA,NA,NA,NA,NA,NA,NA,3,1,NA,NA,NA
M17 [Details of deaths reported during the month with probable causes:],17.4.7,Number of cases of Adolescent or Adult deaths (age 6 years & above) with the probable cause being Heart disease or related to Hypertension,2. 15-55 yrs.,898,41,14,23,14,14,5,14,8,17,16,9,31,6,44,8,113,8,26,15,31,66,4,24,6,34,18,30,79,70,29,29,16,11,10,15
M17 [Details of deaths reported during the month with probable causes:],17.4.7,Number of cases of Adolescent or Adult deaths (age 6 years & above) with the probable cause being Heart disease or related to Hypertension,3. Above 55 yrs.,2680,156,29,59,17,73,18,47,20,61,31,28,65,18,84,17,259,23,61,31,33,182,16,36,30,125,73,135,222,350,175,74,52,38,7,35
M17 [Details of deaths reported during the month with probable causes:],17.4.7,Number of cases of Adolescent or Adult deaths (age 6 years & above) with the probable cause being Heart disease or related to Hypertension,4. Total,3593,198,44,83,31,87,23,61,28,78,47,37,97,24,129,25,375,31,87,47,64,249,20,61,36,159,91,165,301,420,204,106,69,49,17,50
M17 [Details of deaths reported during the month with probable causes:],17.4.8,Number of cases of Adolescent or Adult deaths (age 6 years & above) with the probable cause being Neurological disease including strokes,1. 6-14 yrs,10,1,2,NA,NA,NA,NA,1,NA,NA,NA,1,NA,NA,NA,NA,NA,NA,NA,NA,1,2,NA,NA,NA,NA,NA,NA,NA,NA,NA,NA,1,NA,NA,1
M17 [Details of deaths reported during the month with probable causes:],17.4.8,Number of cases of Adolescent or Adult deaths (age 6 years & above) with the probable cause being Neurological disease including strokes,2. 15-55 yrs.,193,11,5,8,NA,16,1,8,2,4,NA,5,17,2,9,NA,7,NA,9,2,7,10,2,5,1,11,5,10,2,10,1,4,6,4,3,6
M17 [Details of deaths reported during the month with probable causes:],17.4.8,Number of cases of Adolescent or Adult deaths (age 6 years & above) with the probable cause being Neurological disease including strokes,3. Above 55 yrs.,934,50,14,47,1,103,2,5,3,65,7,45,125,13,13,6,23,8,38,12,7,72,5,23,10,15,21,43,22,38,21,16,5,23,11,22
M17 [Details of deaths reported during the month with probable causes:],17.4.8,Number of cases of Adolescent or Adult deaths (age 6 years & above) with the probable cause being Neurological disease including strokes,4. Total,1137,62,21,55,1,119,3,14,5,69,7,51,142,15,22,6,30,8,47,14,15,84,7,28,11,26,26,53,24,48,22,20,12,27,14,29
M17 [Details of deaths reported during the month with probable causes:],17.4.9(a),Number of cases of Maternal deaths (age 15-49 years) with the probable cause being Abortion,1. 6-14 yrs,NA,NA,NA,NA,NA,NA,NA,NA,NA,NA,NA,NA,NA,NA,NA,NA,NA,NA,NA,NA,NA,NA,NA,NA,NA,NA,NA,NA,NA,NA,NA,NA,NA,NA,NA,NA
M17 [Details of deaths reported during the month with probable causes:],17.4.9(a),Number of cases of Maternal deaths (age 15-49 years) with the probable cause being Abortion,2. 15-49 yrs,4,NA,NA,NA,NA,NA,NA,NA,NA,NA,NA,NA,NA,NA,NA,NA,NA,NA,NA,NA,NA,NA,NA,1,NA,NA,1,NA,2,NA,NA,NA,NA,NA,NA,NA
M17 [Details of deaths reported during the month with probable causes:],17.4.9(a),Number of cases of Maternal deaths (age 15-49 years) with the probable cause being Abortion,3. Above 49 yrs.,NA,NA,NA,NA,NA,NA,NA,NA,NA,NA,NA,NA,NA,NA,NA,NA,NA,NA,NA,NA,NA,NA,NA,NA,NA,NA,NA,NA,NA,NA,NA,NA,NA,NA,NA,NA
M17 [Details of deaths reported during the month with probable causes:],17.4.9(a),Number of cases of Maternal deaths (age 15-49 years) with the probable cause being Abortion,4. Total,4,NA,NA,NA,NA,NA,NA,NA,NA,NA,NA,NA,NA,NA,NA,NA,NA,NA,NA,NA,NA,NA,NA,1,NA,NA,1,NA,2,NA,NA,NA,NA,NA,NA,NA
M17 [Details of deaths reported during the month with probable causes:],17.4.9(b),Number of cases of Maternal deaths (age 15-49 years) with the probable cause being Obstructed or prolonged labour,1. 6-14 yrs,NA,NA,NA,NA,NA,NA,NA,NA,NA,NA,NA,NA,NA,NA,NA,NA,NA,NA,NA,NA,NA,NA,NA,NA,NA,NA,NA,NA,NA,NA,NA,NA,NA,NA,NA,NA
M17 [Details of deaths reported during the month with probable causes:],17.4.9(b),Number of cases of Maternal deaths (age 15-49 years) with the probable cause being Obstructed or prolonged labour,2. 15-49 yrs,1,NA,NA,NA,NA,NA,NA,NA,NA,NA,NA,NA,NA,NA,1,NA,NA,NA,NA,NA,NA,NA,NA,NA,NA,NA,NA,NA,NA,NA,NA,NA,NA,NA,NA,NA
M17 [Details of deaths reported during the month with probable causes:],17.4.9(b),Number of cases of Maternal deaths (age 15-49 years) with the probable cause being Obstructed or prolonged labour,3. Above 49 yrs.,NA,NA,NA,NA,NA,NA,NA,NA,NA,NA,NA,NA,NA,NA,NA,NA,NA,NA,NA,NA,NA,NA,NA,NA,NA,NA,NA,NA,NA,NA,NA,NA,NA,NA,NA,NA
M17 [Details of deaths reported during the month with probable causes:],17.4.9(b),Number of cases of Maternal deaths (age 15-49 years) with the probable cause being Obstructed or prolonged labour,4. Total,1,NA,NA,NA,NA,NA,NA,NA,NA,NA,NA,NA,NA,NA,1,NA,NA,NA,NA,NA,NA,NA,NA,NA,NA,NA,NA,NA,NA,NA,NA,NA,NA,NA,NA,NA
M17 [Details of deaths reported during the month with probable causes:],17.4.9(c),Number of cases of Maternal deaths (age 15-49 years) with the probable cause being Severe hypertesnion or fits,1. 6-14 yrs,NA,NA,NA,NA,NA,NA,NA,NA,NA,NA,NA,NA,NA,NA,NA,NA,NA,NA,NA,NA,NA,NA,NA,NA,NA,NA,NA,NA,NA,NA,NA,NA,NA,NA,NA,NA
M17 [Details of deaths reported during the month with probable causes:],17.4.9(c),Number of cases of Maternal deaths (age 15-49 years) with the probable cause being Severe hypertesnion or fits,2. 15-49 yrs,3,NA,NA,NA,NA,NA,NA,NA,NA,NA,1,NA,NA,NA,1,NA,NA,NA,NA,NA,NA,NA,NA,NA,NA,NA,NA,1,NA,NA,NA,NA,NA,NA,NA,NA
M17 [Details of deaths reported during the month with probable causes:],17.4.9(c),Number of cases of Maternal deaths (age 15-49 years) with the probable cause being Severe hypertesnion or fits,3. Above 49 yrs.,NA,NA,NA,NA,NA,NA,NA,NA,NA,NA,NA,NA,NA,NA,NA,NA,NA,NA,NA,NA,NA,NA,NA,NA,NA,NA,NA,NA,NA,NA,NA,NA,NA,NA,NA,NA
M17 [Details of deaths reported during the month with probable causes:],17.4.9(c),Number of cases of Maternal deaths (age 15-49 years) with the probable cause being Severe hypertesnion or fits,4. Total,3,NA,NA,NA,NA,NA,NA,NA,NA,NA,1,NA,NA,NA,1,NA,NA,NA,NA,NA,NA,NA,NA,NA,NA,NA,NA,1,NA,NA,NA,NA,NA,NA,NA,NA
M17 [Details of deaths reported during the month with probable causes:],17.4.9(d),Number of cases of Maternal deaths (age 15-49 years) with the probable cause being Bleeding,1. 6-14 yrs,NA,NA,NA,NA,NA,NA,NA,NA,NA,NA,NA,NA,NA,NA,NA,NA,NA,NA,NA,NA,NA,NA,NA,NA,NA,NA,NA,NA,NA,NA,NA,NA,NA,NA,NA,NA
M17 [Details of deaths reported during the month with probable causes:],17.4.9(d),Number of cases of Maternal deaths (age 15-49 years) with the probable cause being Bleeding,2. 15-49 yrs,6,NA,1,2,NA,NA,NA,NA,NA,1,NA,NA,NA,NA,1,NA,NA,NA,NA,NA,NA,NA,1,NA,NA,NA,NA,NA,NA,NA,NA,NA,NA,NA,NA,NA
M17 [Details of deaths reported during the month with probable causes:],17.4.9(d),Number of cases of Maternal deaths (age 15-49 years) with the probable cause being Bleeding,3. Above 49 yrs.,NA,NA,NA,NA,NA,NA,NA,NA,NA,NA,NA,NA,NA,NA,NA,NA,NA,NA,NA,NA,NA,NA,NA,NA,NA,NA,NA,NA,NA,NA,NA,NA,NA,NA,NA,NA
M17 [Details of deaths reported during the month with probable causes:],17.4.9(d),Number of cases of Maternal deaths (age 15-49 years) with the probable cause being Bleeding,4. Total,6,NA,1,2,NA,NA,NA,NA,NA,1,NA,NA,NA,NA,1,NA,NA,NA,NA,NA,NA,NA,1,NA,NA,NA,NA,NA,NA,NA,NA,NA,NA,NA,NA,NA
M17 [Details of deaths reported during the month with probable causes:],17.4.9(e),Number of cases of Maternal deaths (age 15-49 years) with the probable cause being High Fever,1. 6-14 yrs,NA,NA,NA,NA,NA,NA,NA,NA,NA,NA,NA,NA,NA,NA,NA,NA,NA,NA,NA,NA,NA,NA,NA,NA,NA,NA,NA,NA,NA,NA,NA,NA,NA,NA,NA,NA
M17 [Details of deaths reported during the month with probable causes:],17.4.9(e),Number of cases of Maternal deaths (age 15-49 years) with the probable cause being High Fever,2. 15-49 yrs,1,NA,NA,NA,NA,NA,NA,NA,NA,NA,NA,NA,NA,NA,NA,NA,NA,1,NA,NA,NA,NA,NA,NA,NA,NA,NA,NA,NA,NA,NA,NA,NA,NA,NA,NA
M17 [Details of deaths reported during the month with probable causes:],17.4.9(e),Number of cases of Maternal deaths (age 15-49 years) with the probable cause being High Fever,3. Above 49 yrs.,NA,NA,NA,NA,NA,NA,NA,NA,NA,NA,NA,NA,NA,NA,NA,NA,NA,NA,NA,NA,NA,NA,NA,NA,NA,NA,NA,NA,NA,NA,NA,NA,NA,NA,NA,NA
M17 [Details of deaths reported during the month with probable causes:],17.4.9(e),Number of cases of Maternal deaths (age 15-49 years) with the probable cause being High Fever,4. Total,1,NA,NA,NA,NA,NA,NA,NA,NA,NA,NA,NA,NA,NA,NA,NA,NA,1,NA,NA,NA,NA,NA,NA,NA,NA,NA,NA,NA,NA,NA,NA,NA,NA,NA,NA
M17 [Details of deaths reported during the month with probable causes:],17.4.9(f),Number of cases of Maternal deaths (age 15-49 years) with the probable cause being other causes (excluding abortion; obstructed or prolonged labour; severe hypertension or fits;,1. 6-14 yrs,NA,NA,NA,NA,NA,NA,NA,NA,NA,NA,NA,NA,NA,NA,NA,NA,NA,NA,NA,NA,NA,NA,NA,NA,NA,NA,NA,NA,NA,NA,NA,NA,NA,NA,NA,NA
M17 [Details of deaths reported during the month with probable causes:],17.4.9(f),Number of cases of Maternal deaths (age 15-49 years) with the probable cause being other causes (excluding abortion; obstructed or prolonged labour; severe hypertension or fits;,2. 15-49 yrs,35,4,2,3,3,NA,1,2,NA,1,NA,NA,NA,NA,1,1,3,NA,1,NA,1,2,NA,NA,NA,NA,2,NA,1,NA,NA,2,3,NA,NA,2
M17 [Details of deaths reported during the month with probable causes:],17.4.9(f),Number of cases of Maternal deaths (age 15-49 years) with the probable cause being other causes (excluding abortion; obstructed or prolonged labour; severe hypertension or fits;,3. Above 49 yrs.,NA,NA,NA,NA,NA,NA,NA,NA,NA,NA,NA,NA,NA,NA,NA,NA,NA,NA,NA,NA,NA,NA,NA,NA,NA,NA,NA,NA,NA,NA,NA,NA,NA,NA,NA,NA
M17 [Details of deaths reported during the month with probable causes:],17.4.9(f),Number of cases of Maternal deaths (age 15-49 years) with the probable cause being other causes (excluding abortion; obstructed or prolonged labour; severe hypertension or fits;,4. Total,35,4,2,3,3,NA,1,2,NA,1,NA,NA,NA,NA,1,1,3,NA,1,NA,1,2,NA,NA,NA,NA,2,NA,1,NA,NA,2,3,NA,NA,2
M17 [Details of deaths reported during the month with probable causes:],17.4.10,Number of cases of Adolescent or Adult deaths (age 6 years & above) with the probable cause being Trauma or Accidents or Burn cases,1. 6-14 yrs,31,5,NA,NA,NA,NA,1,1,3,2,1,1,1,NA,NA,1,4,1,2,3,NA,2,1,NA,NA,1,NA,1,NA,NA,NA,NA,NA,NA,NA,NA
M17 [Details of deaths reported during the month with probable causes:],17.4.10,Number of cases of Adolescent or Adult deaths (age 6 years & above) with the probable cause being Trauma or Accidents or Burn cases,2. 15-55 yrs.,561,45,11,16,7,7,22,10,24,12,10,10,10,8,16,7,17,10,13,10,12,62,13,12,8,37,19,11,11,35,5,20,23,11,6,11
M17 [Details of deaths reported during the month with probable causes:],17.4.10,Number of cases of Adolescent or Adult deaths (age 6 years & above) with the probable cause being Trauma or Accidents or Burn cases,3. Above 55 yrs.,163,11,1,11,1,2,5,1,5,4,NA,1,4,1,4,4,5,2,8,4,6,20,2,3,1,4,4,9,4,8,5,8,5,1,NA,9
M17 [Details of deaths reported during the month with probable causes:],17.4.10,Number of cases of Adolescent or Adult deaths (age 6 years & above) with the probable cause being Trauma or Accidents or Burn cases,4. Total,755,61,12,27,8,9,28,12,32,18,11,12,15,9,20,12,26,13,23,17,18,84,16,15,9,42,23,21,15,43,10,28,28,12,6,20
M17 [Details of deaths reported during the month with probable causes:],17.4.11,Number of cases of Adolescent or Adult deaths (age 6 years & above) with the probable cause being suicide,1. 6-14 yrs,8,NA,NA,NA,NA,NA,1,NA,NA,NA,NA,NA,NA,NA,1,1,NA,NA,NA,1,1,NA,NA,NA,NA,NA,NA,NA,1,1,NA,NA,NA,NA,NA,1
M17 [Details of deaths reported during the month with probable causes:],17.4.11,Number of cases of Adolescent or Adult deaths (age 6 years & above) with the probable cause being suicide,2. 15-55 yrs.,412,20,16,18,9,7,6,1,12,16,6,5,10,6,17,13,20,6,7,18,10,26,10,12,2,25,12,7,13,21,5,16,11,7,9,13
M17 [Details of deaths reported during the month with probable causes:],17.4.11,Number of cases of Adolescent or Adult deaths (age 6 years & above) with the probable cause being suicide,3. Above 55 yrs.,96,8,4,9,NA,2,3,NA,NA,3,1,1,3,NA,4,NA,2,6,3,3,1,3,5,4,1,2,2,1,1,6,1,6,1,3,1,6
M17 [Details of deaths reported during the month with probable causes:],17.4.11,Number of cases of Adolescent or Adult deaths (age 6 years & above) with the probable cause being suicide,4. Total,516,28,20,27,9,9,10,1,12,19,7,6,13,6,22,14,22,12,10,22,12,29,15,16,3,27,14,8,15,28,6,22,12,10,10,20
M17 [Details of deaths reported during the month with probable causes:],17.4.12,Number of cases of Adolescent or Adult deaths (age 6 years & above) with the probable cause being Animal bites and stings,1. 6-14 yrs,4,NA,NA,NA,NA,NA,NA,NA,NA,NA,NA,NA,NA,NA,NA,NA,NA,NA,NA,NA,NA,NA,1,2,NA,NA,NA,NA,NA,NA,NA,NA,NA,NA,1,NA
M17 [Details of deaths reported during the month with probable causes:],17.4.12,Number of cases of Adolescent or Adult deaths (age 6 years & above) with the probable cause being Animal bites and stings,2. 15-55 yrs.,13,2,1,1,NA,2,NA,NA,NA,NA,NA,1,1,NA,NA,NA,NA,1,NA,NA,1,1,NA,NA,NA,NA,NA,1,NA,NA,NA,1,NA,NA,NA,NA
M17 [Details of deaths reported during the month with probable causes:],17.4.12,Number of cases of Adolescent or Adult deaths (age 6 years & above) with the probable cause being Animal bites and stings,3. Above 55 yrs.,17,1,NA,NA,1,NA,NA,NA,NA,NA,1,NA,NA,NA,1,NA,1,NA,1,NA,1,1,NA,NA,NA,2,NA,2,1,2,NA,NA,NA,1,NA,1
M17 [Details of deaths reported during the month with probable causes:],17.4.12,Number of cases of Adolescent or Adult deaths (age 6 years & above) with the probable cause being Animal bites and stings,4. Total,34,3,1,1,1,2,NA,NA,NA,NA,1,1,1,NA,1,NA,1,1,1,NA,2,2,1,2,NA,2,NA,3,1,2,NA,1,NA,1,1,1
M17 [Details of deaths reported during the month with probable causes:],17.4.13(a),Number of cases of Adolescent or Adult deaths (age 6 years & above) with the probable cause being Known Acute disease,1. 6-14 yrs,9,NA,NA,NA,NA,1,NA,NA,NA,1,NA,NA,NA,NA,1,NA,NA,NA,NA,NA,1,1,NA,NA,NA,1,1,NA,NA,NA,NA,2,NA,NA,NA,NA
M17 [Details of deaths reported during the month with probable causes:],17.4.13(a),Number of cases of Adolescent or Adult deaths (age 6 years & above) with the probable cause being Known Acute disease,2. 15-55 yrs.,279,5,3,10,2,8,1,10,5,10,4,13,3,1,6,1,26,4,10,8,13,17,2,NA,3,11,21,13,9,19,4,11,11,6,2,7
M17 [Details of deaths reported during the month with probable causes:],17.4.13(a),Number of cases of Adolescent or Adult deaths (age 6 years & above) with the probable cause being Known Acute disease,3. Above 55 yrs.,781,39,5,37,10,15,11,21,27,17,7,14,21,3,12,10,53,9,18,9,20,57,5,21,5,35,41,38,45,81,15,24,20,10,7,19
M17 [Details of deaths reported during the month with probable causes:],17.4.13(a),Number of cases of Adolescent or Adult deaths (age 6 years & above) with the probable cause being Known Acute disease,4. Total,1069,44,8,47,12,24,12,31,32,28,11,27,24,4,19,11,79,13,28,17,34,75,7,21,8,47,63,51,54,100,19,37,31,16,9,26
M17 [Details of deaths reported during the month with probable causes:],17.4.13(b),Number of cases of Adolescent or Adult deaths (age 6 years & above) with the probable cause being Known Chronic disease,1. 6-14 yrs,27,1,NA,1,NA,1,NA,NA,2,1,NA,NA,1,NA,1,2,1,NA,1,NA,3,4,NA,1,NA,NA,1,1,NA,NA,NA,2,1,1,1,NA
M17 [Details of deaths reported during the month with probable causes:],17.4.13(b),Number of cases of Adolescent or Adult deaths (age 6 years & above) with the probable cause being Known Chronic disease,2. 15-55 yrs.,741,31,17,27,6,29,6,9,22,37,10,21,21,6,28,12,38,10,20,15,18,60,4,13,5,35,25,15,32,62,17,27,26,7,3,27
M17 [Details of deaths reported during the month with probable causes:],17.4.13(b),Number of cases of Adolescent or Adult deaths (age 6 years & above) with the probable cause being Known Chronic disease,3. Above 55 yrs.,2024,121,22,108,27,35,6,11,46,68,16,64,54,22,62,30,83,39,68,58,52,106,19,21,21,68,66,95,97,232,62,100,43,33,7,62
M17 [Details of deaths reported during the month with probable causes:],17.4.13(b),Number of cases of Adolescent or Adult deaths (age 6 years & above) with the probable cause being Known Chronic disease,4. Total,2792,153,39,136,33,65,12,20,70,106,26,85,76,28,91,44,122,49,89,73,73,170,23,35,26,103,92,111,129,294,79,129,70,41,11,89
M17 [Details of deaths reported during the month with probable causes:],17.4.13(c),Number of cases of Adolescent or Adult deaths (age 6 years & above) where the cause was not known,1. 6-14 yrs,53,3,1,1,2,NA,NA,9,NA,1,1,NA,1,1,3,1,3,2,NA,NA,NA,6,NA,2,1,2,1,NA,3,4,NA,2,1,NA,1,1
M17 [Details of deaths reported during the month with probable causes:],17.4.13(c),Number of cases of Adolescent or Adult deaths (age 6 years & above) where the cause was not known,2. 15-55 yrs.,1040,31,11,22,7,14,8,116,24,25,28,10,16,9,51,11,163,7,15,17,22,56,10,14,14,118,25,20,49,36,7,35,17,4,8,20
M17 [Details of deaths reported during the month with probable causes:],17.4.13(c),Number of cases of Adolescent or Adult deaths (age 6 years & above) where the cause was not known,3. Above 55 yrs.,4410,175,135,154,77,55,71,74,130,75,88,42,48,58,150,28,443,48,40,68,47,267,65,42,54,482,273,190,241,269,70,225,42,62,38,84
M17 [Details of deaths reported during the month with probable causes:],17.4.13(c),Number of cases of Adolescent or Adult deaths (age 6 years & above) where the cause was not known,4. Total,5503,209,147,177,86,69,79,199,154,101,117,52,65,68,204,40,609,57,55,85,69,329,75,58,69,602,299,210,293,309,77,262,60,66,47,105
