Indicator,S.No.,Parameters,Type,District - _Assam,District - Baksa,District - Barpeta,District - Bongaigaon,District - Cachar,District - Chirang,District - Darrang,District - Dhemaji,District - Dhubri,District - Dibrugarh,District - Dima Hasao,District - Goalpara,District - Golaghat,District - Hailakandi,District - Jorhat,District - Kamrup M,District - Kamrup R,District - Karbi Anglong,District - Karimganj,District - Kokrajhar,District - Lakhimpur,District - Marigaon,District - Nagaon,District - Nalbari,District - Sibsagar,District - Sonitpur,District - Tinsukia,District - Udalguri
M1 [Ante Natal Care Services ANC],1.1,Total number of pregnant women Registered for ANC,TOTAL,66280,1650,3725,1507,3806,938,2139,1458,6017,2446,561,2496,1805,1613,1901,3064,3034,2072,3084,1837,2051,2371,5954,1433,1869,3626,2431,1392
M1 [Ante Natal Care Services ANC],1.1.1,Of which Number registered within first trimester (within 12 weeks),TOTAL,55695,1391,3122,1377,3364,738,1774,1323,4646,2114,342,2212,1524,1292,1683,2680,2682,1370,2641,1364,1891,2106,4949,1335,1564,3182,1852,1177
M1 [Ante Natal Care Services ANC],1.2,Number of Pregnant women registered under JSY,TOTAL,62193,1639,3489,1507,3777,937,1623,1458,5930,2003,491,2491,1805,1613,1630,1658,3034,2060,2958,1810,2049,2352,5876,1433,1781,3115,2282,1392
M1 [Ante Natal Care Services ANC],1.3,Number of pregnant women received 3 ANC check ups during pregnancy,TOTAL,53054,1302,3164,1160,3007,735,1847,1142,4174,2194,301,2106,1453,1233,1553,2565,2409,1400,2279,1277,1780,1935,5439,1111,1400,3134,1862,1092
M1 [Ante Natal Care Services ANC],1.4.1,Number of pregnant women given TT1 during current pregnancy,TOTAL,56282,1463,3272,1348,2857,823,1867,1181,5195,1813,471,2270,1555,1158,1586,2744,2440,1822,2238,1607,1746,2026,5213,1183,1504,3821,1842,1237
M1 [Ante Natal Care Services ANC],1.4.2,Number of pregnant women given TT2 or Booster during current pregnancy,TOTAL,59919,1402,3408,1351,3377,914,2107,1325,5053,2167,422,2448,1629,1438,1623,2691,2458,1888,2642,1599,1743,2318,5802,1185,1588,3890,2145,1306
M1 [Ante Natal Care Services ANC],1.5,Total number of pregnant women given 100 IFA tablets,TOTAL,62707,1554,3825,1345,3601,938,2223,1308,5593,2391,336,2830,1555,1600,1709,2937,2538,1521,2930,1647,1688,2361,5935,1325,1684,3954,2276,1103
M1 [Ante Natal Care Services ANC],1.6.1,Number of new cases of Hypertension (BP>140/90) detected in Pregnant women at the institution,TOTAL,1320,3,33,16,44,10,96,12,59,132,2,44,19,9,21,283,38,69,18,55,21,18,70,1,90,60,55,42
M1 [Ante Natal Care Services ANC],1.6.2,Number of Eclampsia cases managed during delivery,TOTAL,61,0,1,0,2,0,1,0,5,2,0,4,0,0,6,31,0,1,0,4,0,0,2,0,0,1,0,1
M1 [Ante Natal Care Services ANC],1.7.1,Number of Pregnant women with anaemia i.e. Hb level<11 (tested cases),TOTAL,39974,780,1622,1055,3985,336,889,834,2172,2176,308,1910,1105,732,1361,1070,2079,635,1782,1107,1628,1198,3461,435,2021,2107,1931,1255
M1 [Ante Natal Care Services ANC],1.7.2,Number of Pregnant women having severe anaemia (Hb<7) treated at institution,TOTAL,595,0,122,0,6,4,127,2,3,96,0,10,4,5,15,28,16,2,9,39,4,7,15,0,49,10,16,6
M1 [Ante Natal Care Services ANC],1.8,Number of pregnancy test kits used at SC level,TOTAL,17508,670,709,348,898,173,326,350,835,624,131,1077,674,1290,676,291,1379,250,1150,502,768,94,1586,260,598,698,800,351
M2 [Deliveries],2.1.1.a,Number of deliveries conducted at Home and attended by trained SBA(i.e. Doctor or Nurse or ANM),TOTAL,1675,13,383,26,111,17,86,2,396,1,37,85,29,59,16,1,15,27,50,56,14,94,41,40,13,27,14,22
M2 [Deliveries],2.1.1.b,Number of deliveries conducted at Home and attended by non trained SBA (i.e. trained TBA or Relatives etc.),TOTAL,3881,41,177,114,76,96,104,2,1115,8,96,76,27,212,1,18,52,154,660,52,8,39,362,6,7,259,76,43
M2 [Deliveries],2.1.1.c,Total number of deliveries conducted at Home and attended by trained or non-trained SBA (i.e. sum of 2.1.1.a and 2.1.1.b),TOTAL,5556,54,560,140,187,113,190,4,1511,9,133,161,56,271,17,19,67,181,710,108,22,133,403,46,20,286,90,65
M2 [Deliveries],2.1.2,Number of newborns visited within 24 hours of delivery for deliveries conducted at home,TOTAL,4766,51,534,137,178,70,113,2,1382,9,63,129,52,237,14,19,49,71,648,91,22,133,376,45,19,200,88,34
M2 [Deliveries],2.1.3,Number of mothers paid JSY incentive for deliveries conducted at home,TOTAL,6,0,0,0,0,0,0,0,4,0,0,0,0,2,0,0,0,0,0,0,0,0,0,0,0,0,0,0
M2 [Deliveries],2.2,Deliveries conducted at Public Institutions (Including C-Sections),TOTAL,29539,561,1730,632,1910,324,975,1002,1789,1132,190,1462,842,633,853,1565,1315,1038,928,918,1166,1120,3144,583,626,1643,963,495
M2 [Deliveries],2.2.1,"Out of 2.2, Number discharged under 48 hours of delivery",TOTAL,9331,250,268,467,574,26,227,513,863,154,30,923,58,221,72,79,96,626,422,392,372,102,1813,41,36,236,274,196
M2 [Deliveries],2.2.2.a,Number of mothers paid JSY Incentive for deliveries conducted at Public Institutions,TOTAL,25330,1189,460,506,2130,324,38,1041,1639,1107,189,1839,856,613,930,1044,1178,1279,963,847,1147,954,1370,568,659,1177,700,583
M2 [Deliveries],2.2.2.b,Number of ASHAs paid JSY Incentive for deliveries conducted at Public Institutions,TOTAL,31468,489,62,405,3343,209,264,780,1005,517,126,1330,606,928,662,191,10527,872,2276,298,661,807,1243,1093,804,836,376,758
M2 [Deliveries],2.2.2.c,Number of cases of deliveries conducted at Public Institutions where JSY incentive was paid to ANMs or AWWs [only for High Performing States (HPS)],TOTAL,0,NA,NA,NA,NA,NA,NA,NA,NA,0,NA,NA,NA,NA,0,NA,NA,NA,NA,NA,0,NA,NA,NA,NA,NA,NA,NA
M2 [Deliveries],2.3,Deliveries conducted at Private Institutions (Including C-Sections),TOTAL,6052,42,84,249,618,24,62,27,48,415,2,105,157,NA,233,1042,89,0,190,49,150,3,870,298,225,532,465,73
M2 [Deliveries],2.3.1.a,Number of mothers paid JSY Incentive for deliveries conducted at accredited Private Institutions,TOTAL,482,9,NA,3,152,0,0,NA,0,0,2,NA,22,NA,0,9,0,NA,119,NA,16,0,0,NA,32,52,0,66
M2 [Deliveries],2.3.1.b,Number of ASHAs paid JSY Incentive for deliveries conducted at accredited Private Institutions,TOTAL,108,0,NA,NA,15,0,NA,NA,0,0,2,NA,0,NA,0,0,0,NA,0,NA,0,0,0,NA,4,0,0,87
M2 [Deliveries],2.3.1.c,Number of cases of deliveries conducted at accredited Private Institutions where JSY incentive was paid to ANMs or AWWs [only for High Performing States (HPS)],TOTAL,0,NA,NA,NA,NA,NA,NA,NA,NA,0,NA,NA,NA,NA,NA,0,NA,NA,NA,NA,0,NA,NA,NA,NA,NA,NA,NA
M3 [Number of Caesarean C-Section deliveries performed at],3.1.1,Number of Caesarean (C-Section) deliveries performed at PHCs (Primary Health Centre),TOTAL,0,NA,NA,NA,NA,NA,NA,NA,NA,0,NA,NA,NA,NA,0,NA,NA,NA,NA,NA,NA,NA,NA,NA,NA,NA,NA,NA
M3 [Number of Caesarean C-Section deliveries performed at],3.1.2,Number of Caesarean (C-Section) deliveries performed at CHCs (Community Health Centre),TOTAL,350,0,19,0,0,0,18,0,0,0,0,6,0,0,0,39,160,NA,0,0,0,0,37,4,15,0,52,0
M3 [Number of Caesarean C-Section deliveries performed at],3.1.3,Number of Caesarean (C-Section) deliveries performed at SDHs (Sub-divisional Hospital) or DHs (District Hospital),TOTAL,3658,2,332,63,277,NA,33,159,52,241,33,105,116,0,352,738,27,63,24,73,203,45,123,76,56,318,147,NA
M3 [Number of Caesarean C-Section deliveries performed at],3.1.4,Number of Caesarean (C-Section) deliveries performed at other State owned public institutions,TOTAL,NA,NA,NA,NA,NA,NA,NA,NA,NA,NA,NA,NA,NA,NA,NA,NA,NA,NA,NA,NA,NA,NA,NA,NA,NA,NA,NA,NA
M3 [Number of Caesarean C-Section deliveries performed at],3.1.5,"Total Number of Caesarean (C-Section) deliveries performed at Public facilities i.e. PHC, CHC, SDH, DH and other State owned public institutions (sum of items from 3.1.1 to 3.1.4)",TOTAL,4008,2,351,63,277,0,51,159,52,241,33,111,116,0,352,777,187,63,24,73,203,45,160,80,71,318,199,0
M3 [Number of Caesarean C-Section deliveries performed at],3.2,No. of C-section deliveries performed at Private facilities,TOTAL,3131,NA,77,176,311,8,42,26,NA,225,NA,82,63,NA,46,401,59,NA,117,41,68,NA,644,259,112,264,106,4
M4 [Pregnancy outcome & weight of new-born],4.1.1.a,Number of male live births,TOTAL,21134,320,1187,482,1406,247,594,537,1743,835,167,904,536,472,600,1292,768,635,951,588,693,633,2273,469,434,1245,799,324
M4 [Pregnancy outcome & weight of new-born],4.1.1.b,Number of female live births,TOTAL,19287,327,1154,519,1239,204,617,483,1561,689,153,810,490,400,491,1267,686,565,841,474,591,612,2043,448,423,1200,699,301
M4 [Pregnancy outcome & weight of new-born],4.1.1.c,Total number of male and female live births (4.1.1.a and 4.1.1.b),TOTAL,40421,647,2341,1001,2645,451,1211,1020,3304,1524,320,1714,1026,872,1091,2559,1454,1200,1792,1062,1284,1245,4316,917,857,2445,1498,625
M4 [Pregnancy outcome & weight of new-born],4.1.2,Number of still births,TOTAL,944,13,46,33,74,11,22,18,73,53,6,36,26,36,18,72,22,29,54,13,22,16,120,18,20,55,27,11
M4 [Pregnancy outcome & weight of new-born],4.1.3,Number of Abortions (spontaneous or induced),TOTAL,8584,205,128,293,186,29,670,542,941,358,29,125,86,64,355,284,504,306,109,295,458,256,593,523,413,337,307,188
M4 [Pregnancy outcome & weight of new-born],4.2.1,Number of Newborns weighed at birth,TOTAL,40054,645,2339,1001,2645,451,1190,1017,3311,1522,320,1704,1023,872,1032,2563,1443,1168,1652,1012,1284,1245,4302,917,855,2448,1496,597
M4 [Pregnancy outcome & weight of new-born],4.2.2,Number of Newborns having weight less than 2.5 kg,TOTAL,5908,92,390,152,245,74,128,89,584,351,26,324,105,105,163,179,221,131,167,282,333,252,464,129,164,397,262,99
M4 [Pregnancy outcome & weight of new-born],4.3,Number of Newborns breast fed within 1 hour of birth,TOTAL,39590,642,2333,1001,2645,450,1193,988,3233,1490,319,1659,1015,871,1020,2559,1440,1127,1719,1008,1281,1221,4250,898,825,2394,1489,520
M5 [Complicated pregnanices],5.1.1,Number of cases of pregnant women with Obstetric Complications and attended at PHCs,TOTAL,720,1,0,3,231,11,1,2,13,41,0,14,5,21,0,0,3,0,149,33,13,111,9,2,0,41,10,6
M5 [Complicated pregnanices],5.1.2,Number of cases of pregnant women with Obstetric Complications and attended at CHCs,TOTAL,544,0,34,0,NA,13,4,1,4,5,0,60,6,18,1,45,92,2,20,0,0,75,53,38,0,0,60,13
M5 [Complicated pregnanices],5.1.3,Number of cases of pregnant women with Obstetric Complications and attended at SDHs or DHs,TOTAL,2946,1,333,63,0,5,43,13,195,325,33,21,51,3,55,829,102,63,64,22,10,41,67,11,369,11,196,20
M5 [Complicated pregnanices],5.1.4,Number of cases of pregnant women with Obstetric Complications and attended at other State owned public institutions,TOTAL,NA,NA,NA,NA,NA,NA,NA,NA,NA,NA,NA,NA,NA,NA,NA,NA,NA,NA,NA,NA,NA,NA,NA,NA,NA,NA,NA,NA
M5 [Complicated pregnanices],5.1.5,"Number of cases of pregnant women with Obstetric Complications and attended at Public facilities i.e. PHC, CHC, SDH, DH and other State owned public institutions (sum of items from 5.1.1 to 5.1.4)",TOTAL,4210,2,367,66,231,29,48,16,212,371,33,95,62,42,56,874,197,65,233,55,23,227,129,51,369,52,266,39
M5 [Complicated pregnanices],5.2,Number of cases of pregnant women with Obstetric Complications and attended at Private facilities,TOTAL,1752,0,77,176,34,0,0,NA,NA,239,0,NA,0,NA,0,391,0,0,59,NA,1,0,543,34,0,134,58,6
M5 [Complicated pregnanices],5.3.1,Number of cases of complicated pregnancies treated with IV antibiotics,TOTAL,5319,0,15,4,74,8,711,2,617,283,70,75,266,31,414,410,162,63,246,44,488,109,231,14,263,282,420,17
M5 [Complicated pregnanices],5.3.2,Number of cases of complicated pregnancies treated with IV Antihypertensive/Magsulph injection,TOTAL,1991,0,2,2,2,1,33,2,1173,9,5,23,25,5,444,27,4,2,61,23,10,41,10,30,35,13,8,1
M5 [Complicated pregnanices],5.3.3,Number of cases of complicated pregnancies treated with IV Oxytocis,TOTAL,6321,30,10,46,297,31,615,2,1794,117,65,77,924,1,379,277,168,63,273,47,215,131,17,8,265,312,137,20
M5 [Complicated pregnanices],5.3.4,Number of cases of complicated pregnancies treated with Blood Transfusion,TOTAL,884,0,0,NA,0,0,21,13,77,260,22,28,68,0,13,48,12,18,13,8,6,17,143,25,52,4,36,0
M6 [Post - Natal Care],6.1,Women getting post partum check-up within 48 hours after delivery,TOTAL,30151,818,1901,883,1031,252,984,673,2672,1497,232,1596,958,765,919,2100,952,728,807,619,1253,866,3054,543,555,1842,1295,356
M6 [Post - Natal Care],6.2,Women getting a post partum check up between 48 hours and 14 days after delivery,TOTAL,31251,723,1901,942,1269,251,983,939,2313,1144,190,1034,854,683,844,867,1299,764,905,541,3052,1253,3595,954,814,1663,1141,333
M6 [Post - Natal Care],6.3,PNC maternal complications attended,TOTAL,203,19,1,1,4,37,10,0,14,0,2,28,0,0,38,1,5,8,0,8,0,0,0,2,0,19,0,6
M7 [Medical Termination of Pregnancy (MTP)],7.1.1,Number of MTPs conducted at Public Institutions up to 12 weeks of pregnancy,TOTAL,5682,174,60,284,103,28,585,364,639,174,12,101,93,21,232,163,344,181,30,154,441,107,309,198,338,209,191,147
M7 [Medical Termination of Pregnancy (MTP)],7.1.2,Number of MTPs conducted at Public Institutions for more than 12 weeks of pregnancy,TOTAL,402,0,4,0,2,0,0,109,3,5,5,9,0,0,6,1,17,26,0,3,0,3,171,0,0,0,24,14
M7 [Medical Termination of Pregnancy (MTP)],7.1.3,Total number of MTPs conducted at Public Institutions (sum of items 7.1.1 and 7.1.2),TOTAL,6084,174,64,284,105,28,585,473,642,179,17,110,93,21,238,164,361,207,30,157,441,110,480,198,338,209,215,161
M7 [Medical Termination of Pregnancy (MTP)],7.2,Number of MTPs conducted at Private Facilities,TOTAL,492,NA,1,0,47,0,0,0,NA,23,NA,0,0,0,32,45,9,NA,11,NA,0,NA,0,235,0,34,55,0
M8 [RTI/STI Cases],8.1.a,Number of new cases of RTI/STI in males for which treatment was initiated,TOTAL,1683,30,115,25,0,8,23,104,85,0,15,186,71,105,181,25,4,4,0,69,100,21,36,135,28,49,220,44
M8 [RTI/STI Cases],8.1.b,Number of new cases of RTI/STI in females for which treatment was initiated,TOTAL,4032,77,359,129,5,75,201,251,597,33,43,415,129,178,181,26,33,6,0,124,209,114,160,176,89,131,225,66
M8 [RTI/STI Cases],8.1.c,Total number of new cases of RTI/STI in males and females for which treatment was initiated (sum of items 8.1.a and 8.1.b),TOTAL,5715,107,474,154,5,83,224,355,682,33,58,601,200,283,362,51,37,10,0,193,309,135,196,311,117,180,445,110
M8 [RTI/STI Cases],8.2,Number of suspected RTI/STI cases for whom wet mount test was conducted,TOTAL,0,0,0,0,0,0,0,0,0,0,0,0,0,0,0,0,0,0,0,0,0,0,0,0,0,0,0,0
M9 [Family Planning],9.1.1.a,Number of NSV (No Scalpel Vasectomy) or Conventional Vasectomy conducted at PHCs,TOTAL,0,0,0,0,0,0,0,0,0,0,0,0,0,0,0,0,0,0,0,0,0,0,0,0,0,0,0,0
M9 [Family Planning],9.1.1.b,Number of NSV or Conventional Vasectomy conducted at CHCs,TOTAL,16,0,0,0,NA,0,0,0,0,0,0,0,0,0,0,16,0,0,0,0,0,0,0,0,0,0,0,0
M9 [Family Planning],9.1.1.c,Number of NSV or Conventional Vasectomy conducted at SDHs or DHs,TOTAL,8,NA,0,NA,0,0,0,0,0,0,0,0,0,0,0,0,0,0,0,0,3,0,0,5,0,0,NA,NA
M9 [Family Planning],9.1.1.d,Number of NSV or Conventional Vasectomy conducted at other State owned public institutions,TOTAL,NA,NA,NA,NA,NA,NA,NA,NA,NA,NA,NA,NA,NA,NA,NA,NA,NA,NA,NA,NA,NA,NA,NA,NA,NA,NA,NA,NA
M9 [Family Planning],9.1.1.e,"Total Number of NSV or Conventional Vasectomy conducted at Public facilities i.e. PHC, CHC, SDH, DH and other State owned public institutions (sum of items from 9.1.1.a to 9.1.1.d)",TOTAL,24,0,0,0,0,0,0,0,0,0,0,0,0,0,0,16,0,0,0,0,3,0,0,5,0,0,0,0
M9 [Family Planning],9.1.2,Number of NSV or Conventional Vasectomy conducted at Private facilities,TOTAL,6,0,NA,NA,0,0,0,NA,NA,0,0,NA,0,NA,3,0,0,0,0,NA,0,NA,0,0,0,3,0,0
M9 [Family Planning],9.2.1.a,Number of Laparoscopic sterilizations conducted at PHCs,TOTAL,393,0,0,0,63,0,0,0,31,100,0,3,0,30,70,10,0,0,0,0,0,31,0,0,55,0,0,0
M9 [Family Planning],9.2.1.b,Number of Laparoscopic sterilizations conducted at CHCs,TOTAL,86,0,0,12,NA,0,0,0,0,0,0,0,0,31,0,14,0,0,0,0,0,0,0,29,0,0,0,0
M9 [Family Planning],9.2.1.c,Number of Laparoscopic sterilizations conducted at SDHs or DHs,TOTAL,175,NA,0,NA,15,0,9,0,0,7,0,0,0,3,0,27,0,1,0,0,63,49,NA,0,0,1,0,NA
M9 [Family Planning],9.2.1.d,Number of Laparoscopic sterilizations conducted at other State owned public institutions,TOTAL,NA,NA,NA,NA,NA,NA,NA,NA,NA,NA,NA,NA,NA,NA,NA,NA,NA,NA,NA,NA,NA,NA,NA,NA,NA,NA,NA,NA
M9 [Family Planning],9.2.1.e,"Total Number of Laparoscopic sterilizations conducted at Public facilities i.e. PHC, CHC, SDH, DH and other State owned public institutions (sum of items from 9.2.1.a to 9.2.1.d)",TOTAL,654,0,0,12,78,0,9,0,31,107,0,3,0,64,70,51,0,1,0,0,63,80,0,29,55,1,0,0
M9 [Family Planning],9.2.2,Number of Laparoscopic sterilizations conducted at Private facilities,TOTAL,17,0,NA,NA,4,0,0,NA,NA,0,0,NA,0,NA,3,8,0,NA,0,NA,0,0,0,0,0,0,2,0
M9 [Family Planning],9.3.1.a,Number of Mini-lap sterilizations conducted at PHCs,TOTAL,4,0,0,0,0,0,0,0,0,0,0,0,0,0,0,4,0,0,0,0,0,0,0,0,0,0,0,0
M9 [Family Planning],9.3.1.b,Number of Mini-lap sterilizations conducted at CHCs,TOTAL,9,0,0,0,NA,0,0,0,0,0,0,0,0,0,0,0,0,0,0,0,0,0,0,0,0,0,9,0
M9 [Family Planning],9.3.1.c,Number of Mini-lap sterilizations conducted at SDHs or DHs,TOTAL,143,NA,0,NA,0,0,0,29,0,26,0,0,0,0,0,54,4,9,0,21,0,0,NA,0,0,0,0,NA
M9 [Family Planning],9.3.1.d,Number of Mini-lap sterilizations conducted at other State owned public institutions,TOTAL,NA,NA,NA,NA,NA,NA,NA,NA,NA,NA,NA,NA,NA,NA,NA,NA,NA,NA,NA,NA,NA,NA,NA,NA,NA,NA,NA,NA
M9 [Family Planning],9.3.1.e,"Total Number of Mini-lap sterilizations conducted at Public facilities i.e. PHC, CHC, SDH, DH and other State owned public institutions (sum of items from 9.3.1.a to 9.3.1.d)",TOTAL,156,0,0,0,0,0,0,29,0,26,0,0,0,0,0,58,4,9,0,21,0,0,0,0,0,0,9,0
M9 [Family Planning],9.3.2,Number of Mini-lap sterilizations conducted at Private facilities,TOTAL,30,0,NA,NA,0,0,0,NA,NA,0,0,NA,0,NA,0,4,0,0,6,NA,0,NA,1,19,0,0,0,0
M9 [Family Planning],9.4.1.a,Number of Post-Partum sterilizations conducted at PHCs,TOTAL,5,0,0,0,5,0,0,0,0,0,0,0,0,0,0,0,0,0,0,0,0,0,0,0,0,0,0,0
M9 [Family Planning],9.4.1.b,Number of Post-Partum sterilizations conducted at CHCs,TOTAL,49,0,6,0,NA,0,1,0,0,0,0,0,0,0,0,3,19,0,0,0,0,0,7,0,4,0,9,0
M9 [Family Planning],9.4.1.c,Number of Post-Partum sterilizations conducted at SDHs or DHs,TOTAL,407,NA,0,12,16,0,3,26,10,26,4,15,28,0,37,129,4,0,8,0,0,1,4,10,6,33,35,NA
M9 [Family Planning],9.4.1.d,Number of Post-Partum sterilizations conducted at other State owned public institutions,TOTAL,NA,NA,NA,NA,NA,NA,NA,NA,NA,NA,NA,NA,NA,NA,NA,NA,NA,NA,NA,NA,NA,NA,NA,NA,NA,NA,NA,NA
M9 [Family Planning],9.4.1.e,"Total Number of Post-Partum sterilizations conducted at Public facilities i.e. PHC, CHC, SDH, DH and other State owned public institutions (sum of items from 9.4.1.a to 9.4.1.d)",TOTAL,461,0,6,12,21,0,4,26,10,26,4,15,28,0,37,132,23,0,8,0,0,1,11,10,10,33,44,0
M9 [Family Planning],9.4.2,Number of Post-Partum sterilizations conducted at Private facilities,TOTAL,104,0,10,12,2,0,0,NA,NA,0,0,13,0,NA,1,9,0,0,6,NA,0,NA,24,22,0,5,0,0
M9 [Family Planning],9.5.1.a,Number of IUCD Insertions conducted at SCs,TOTAL,2163,16,132,106,36,39,83,42,556,39,31,54,48,82,61,22,202,70,63,22,27,59,107,61,40,46,101,18
M9 [Family Planning],9.5.1.b,Number of IUCD Insertions conducted at PHCs,TOTAL,1258,21,36,5,19,28,16,127,160,122,6,62,49,37,68,77,33,44,5,69,16,22,58,66,38,23,47,4
M9 [Family Planning],9.5.1.c,Number of IUCD Insertions conducted at CHCs,TOTAL,973,1,10,52,40,3,89,118,20,20,6,112,21,38,20,18,99,20,1,0,22,5,41,90,7,16,74,30
M9 [Family Planning],9.5.1.d,Number of IUCD Insertions conducted at SDHs or DHs,TOTAL,1900,8,52,8,11,2,79,114,128,138,40,4,183,19,49,694,5,20,0,52,13,1,16,3,101,35,122,3
M9 [Family Planning],9.5.1.e,Number of IUCD Insertions conducted at other State owned public institutions,TOTAL,NA,NA,NA,NA,NA,NA,NA,NA,NA,NA,NA,NA,NA,NA,NA,NA,NA,NA,NA,NA,NA,NA,NA,NA,NA,NA,NA,NA
M9 [Family Planning],9.5.1.f,"Total Number of IUCD Insertions conducted at Public facilities i.e. SC, PHC, CHC, SDH, DH and other State owned public institutions (sum of items from 9.5.1.a to 9.5.1.e)",TOTAL,6294,46,230,171,106,72,267,401,864,319,83,232,301,176,198,811,339,154,69,143,78,87,222,220,186,120,344,55
M9 [Family Planning],9.5.1A,"Out of above total, Post Partum (within 48 hours of delivery) IUCD insertions",TOTAL,2375,6,40,62,153,0,137,280,288,309,32,22,245,67,43,122,37,7,1,9,32,12,28,73,122,52,196,0
M9 [Family Planning],9.5.2,Number of IUCD Insertions conducted at Private facilities,TOTAL,84,0,NA,NA,2,0,0,NA,17,8,0,NA,0,NA,1,7,0,0,0,NA,1,0,1,13,0,2,22,10
M9 [Family Planning],9.06,Number of IUCD removals,TOTAL,1010,19,6,7,21,25,16,85,61,34,8,58,75,19,21,105,65,43,14,38,22,8,63,28,40,65,23,41
M9 [Family Planning],9.07,Number of Oral Pills cycles distributed,TOTAL,145123,4857,10905,3655,5857,2132,3133,2980,10566,4250,865,8556,6022,2579,3334,2751,8505,4370,5830,5550,5922,5321,10085,4266,5948,9734,4160,2990
M9 [Family Planning],9.08,Number of Condom pieces distributed,TOTAL,328247,12432,17655,6031,16791,2060,8206,2450,20945,17465,1454,23280,12280,11867,19121,8238,24830,22553,8913,10198,9444,8263,8814,16439,13353,16961,4273,3931
M9 [Family Planning],9.09,Number of Centchroman (weekly) pills given,TOTAL,1590,0,0,0,173,0,1,120,0,2,4,260,0,0,5,16,139,320,8,135,2,64,16,12,0,261,19,33
M9 [Family Planning],9.1,Number of Emergency Contraceptive Pills distributed,TOTAL,2296,22,97,0,35,0,15,61,758,62,6,161,1,98,35,118,192,14,99,38,78,37,150,22,17,78,69,33
M9 [Family Planning],9.11.1.a,Number of cases of complications following male sterilization,TOTAL,0,0,0,0,0,0,0,0,0,0,0,0,0,0,0,0,0,0,0,0,0,0,0,0,0,0,0,0
M9 [Family Planning],9.11.1.b,Number of cases of complications following female sterilization,TOTAL,0,0,0,0,0,0,0,0,0,0,0,0,0,0,0,0,0,0,0,0,0,0,0,0,0,0,0,0
M9 [Family Planning],9.11.2.a,Number of failures following male sterilization,TOTAL,0,0,0,0,0,0,0,0,0,0,0,0,0,0,0,0,0,0,0,0,0,0,0,0,0,0,0,0
M9 [Family Planning],9.11.2.b,Number of failures following female sterilization,TOTAL,1,0,0,0,0,0,0,1,0,0,0,0,0,0,0,0,0,0,0,0,0,0,0,0,0,0,0,0
M9 [Family Planning],9.11.3.a,Number of deaths following male sterilization,TOTAL,0,0,0,0,0,0,0,0,0,0,0,0,0,0,0,0,0,0,0,0,0,0,0,0,0,0,0,0
M9 [Family Planning],9.11.3.b,Number of deaths following female sterilization,TOTAL,0,0,0,0,0,0,0,0,0,0,0,0,0,0,0,0,0,0,0,0,0,0,0,0,0,0,0,0
M9 [Family Planning],9.12,Number of Institutions having NSV trained doctors,TOTAL,39,4,2,1,3,NA,1,1,1,2,1,2,1,2,2,1,2,1,NA,NA,1,3,1,1,1,2,2,1
M10 [CHILD IMMUNIZATION],10.1.01,Number of Infants (0 to 11 months old)received BCG immunisation,TOTAL,51221,1106,2808,1357,3319,663,1152,942,4697,1462,349,2556,1329,1325,1107,2413,2643,1391,3147,1387,1508,1921,5148,965,1037,3002,1665,822
M10 [CHILD IMMUNIZATION],10.1.02,Number of Infants (0 to 11 months old) received DPT1 immunisation,TOTAL,228,2,0,0,91,0,0,0,8,0,0,9,0,0,0,107,0,0,5,0,0,0,6,0,0,0,0,0
M10 [CHILD IMMUNIZATION],10.1.03,Number of Infants (0 to 11 months old) received DPT2 immunisation,TOTAL,184,1,0,0,76,2,0,0,4,1,0,0,0,0,0,66,0,0,21,2,0,0,9,2,0,0,0,0
M10 [CHILD IMMUNIZATION],10.1.04,Number of Infants (0 to 11 months old) received DPT3 immunisation,TOTAL,191,6,0,0,70,0,0,0,5,0,0,2,0,0,0,77,0,0,18,10,0,0,3,0,0,0,0,0
M10 [CHILD IMMUNIZATION],10.1.04A,Number of Infants (0 to 11 months old) received Pentavalent1 immunisation,TOTAL,48075,1332,2878,1242,2855,722,1485,909,4533,1445,347,1989,1241,1388,1221,1827,2172,1628,2462,1291,1485,1758,4688,1106,1077,2489,1519,986
M10 [CHILD IMMUNIZATION],10.1.04B,Number of Infants (0 to 11 months old) received Pentavalent2 immunisation,TOTAL,53582,1411,3150,1337,2977,734,1637,1349,4632,1675,344,2267,1563,1534,1464,1909,2554,1599,2609,1447,1653,1945,5217,1349,1375,2893,1905,1053
M10 [CHILD IMMUNIZATION],10.1.04C,Number of Infants (0 to 11 months old) received Pentavalent3 immunisation,TOTAL,53580,1381,3265,1280,2802,804,1555,1269,4355,1804,352,2264,1540,1516,1603,1956,2750,1601,2244,1441,1657,2000,4900,1370,1518,3227,1881,1245
M10 [CHILD IMMUNIZATION],10.1.05,Number of Infants (0 to 11 months old) received OPV 0 (Birth Dose),TOTAL,20183,276,678,241,1093,161,769,635,903,667,223,747,724,399,842,1628,609,397,719,600,820,875,2521,587,545,1413,776,335
M10 [CHILD IMMUNIZATION],10.1.06,Number of Infants (0 to 11 months old) received OPV1 (First Dose),TOTAL,47542,1253,2675,1239,2871,666,1495,912,4566,1380,345,1992,1019,1391,1121,1979,2141,1571,2553,1277,1490,1750,4695,1110,1096,2427,1561,967
M10 [CHILD IMMUNIZATION],10.1.07,Number of Infants (0 to 11 months old) received OPV2 (Second Dose),TOTAL,52575,1338,3019,1343,3018,706,1609,1124,4469,1645,344,2252,1287,1530,1426,2024,2551,1559,2644,1404,1651,1934,5162,1353,1397,2830,1912,1044
M10 [CHILD IMMUNIZATION],10.1.08,Number of Infants (0 to 11 months old) received OPV3 (Third Dose),TOTAL,51863,1343,3033,1279,2605,728,1482,1279,4279,1789,352,2266,1193,1382,1572,2045,2716,1532,1965,1415,1657,2016,4786,1361,1564,3174,1817,1233
M10 [CHILD IMMUNIZATION],10.1.09A,Number of Infants (upto 48 hrs of age) received Hepatitis-B0 immunisation,TOTAL,16296,134,515,141,904,51,754,564,757,768,156,544,693,392,523,1339,537,303,664,525,404,844,1732,434,390,1374,564,290
M10 [CHILD IMMUNIZATION],10.1.09,Number of Infants (0 to 11 months old) received Hepatitis-B1 immunisation,TOTAL,380,2,0,0,40,0,0,0,0,0,0,0,0,0,0,300,0,0,2,0,25,0,3,8,0,0,0,0
M10 [CHILD IMMUNIZATION],10.1.10,Number of Infants (0 to 11 months old) received Hepatitis-B2 immunisation,TOTAL,331,1,0,0,31,2,0,0,0,1,0,0,0,0,0,231,0,0,4,2,39,0,3,17,0,0,0,0
M10 [CHILD IMMUNIZATION],10.1.11,Number of Infants (0 to 11 months old) received Hepatitis-B3 immunisation,TOTAL,297,6,0,0,10,0,0,0,0,0,0,0,0,0,0,215,0,0,1,11,36,0,6,12,0,0,0,0
M10 [CHILD IMMUNIZATION],10.1.12,Number of Infants (0 to 11 months old) received Measles immunisation (First Dose),TOTAL,49806,1269,2778,1173,2942,684,1554,1175,4129,1825,349,1952,1507,1185,1529,2044,2319,1572,2075,1233,1685,1804,4317,1158,1600,2865,1947,1136
M10 [CHILD IMMUNIZATION],10.1.12B,Number of Infants (more than 16 months old) received Measles immunisation (Second Dose),TOTAL,47462,1335,2763,1093,2948,651,1408,1178,2905,1708,333,2025,1560,1458,1369,1715,2629,1106,2082,1510,1491,1906,3952,1087,1635,2778,1736,1101
M10 [CHILD IMMUNIZATION],10.1A,No. of Children aged 9 to 12 months who received JE 1st dose,TOTAL,33520,1189,2639,1162,2442,638,1550,1200,1054,382,339,1938,1169,943,1419,1653,1477,1304,333,759,1685,1507,1548,1129,736,2410,488,427
M10 [CHILD IMMUNIZATION],10.1.13.a,Total number of male children (9 to 11 months old) fully immunised (BCG+DPT123/Pentavalent123+OPV123+Measles) during the month,TOTAL,24873,660,1454,624,1480,345,832,564,2130,946,173,970,743,605,790,998,1169,818,640,624,865,946,2098,591,810,1438,974,586
M10 [CHILD IMMUNIZATION],10.1.13.b,Total number of female children (9 to 11 months old) fully immunised (BCG+DPT123/Pentavalent123+OPV123+Measles) during the month,TOTAL,23251,596,1321,549,1406,327,715,597,1971,872,175,968,756,562,736,925,1118,754,608,598,816,856,1827,565,782,1398,929,524
M10 [CHILD IMMUNIZATION],10.1.13.c,Total number of children (9 to 11 months old) fully immunised (BCG+DPT123/Pentavalent123+OPV123+Measles) during the month (sum of items 10.1.13.a and 10.1.13.b),TOTAL,48124,1256,2775,1173,2886,672,1547,1161,4101,1818,348,1938,1499,1167,1526,1923,2287,1572,1248,1222,1681,1802,3925,1156,1592,2836,1903,1110
M10 [CHILD IMMUNIZATION],10.2.1,Number of Infants (more than 16 months old) received DPT Booster dose,TOTAL,49415,1360,2841,1093,2980,648,1412,1180,3024,1796,333,2036,1616,1481,1521,1885,2745,1150,2121,1575,1494,1946,4243,1100,1613,3129,1984,1109
M10 [CHILD IMMUNIZATION],10.2.2,Number of Infants (more than 16 months old) received OPV Booster dose,TOTAL,48887,1354,2770,1093,2889,639,1405,1184,3022,1769,333,2046,1387,1505,1518,1876,2729,1150,2136,1565,1494,1946,4259,1100,1616,3085,1923,1094
M10 [CHILD IMMUNIZATION],10.2.3,"Number of Infants (more than 16 months old) received Measles, Mumps, Rubella (MMR) Vaccination",TOTAL,110,0,0,0,0,0,0,0,0,72,0,0,0,0,0,16,0,0,1,0,0,0,0,0,0,21,0,0
M10 [CHILD IMMUNIZATION],10.3.1.a,Total number of male children (12 to 23 months old) fully immunised (BCG+DPT123/Pentavalent123+OPV123+Measles) during the month,TOTAL,7050,36,366,43,391,113,75,32,848,149,106,534,111,37,47,418,212,120,396,449,119,560,762,112,397,467,50,100
M10 [CHILD IMMUNIZATION],10.3.1.b,Total number of female children (12 to 23 months old) fully immunised (BCG+DPT123/Pentavalent123+OPV123+Measles) during the month,TOTAL,6728,29,371,42,404,126,54,33,813,138,102,536,101,32,42,433,208,114,365,424,106,494,695,100,334,453,58,121
M10 [CHILD IMMUNIZATION],10.3.1.c,Total number of children (12 to 23 months old) fully immunised (BCG+DPT123+OPV123/Pentavalent123+Measles) during the month (sum of items 10.3.1.a and 10.3.1.b),TOTAL,13778,65,737,85,795,239,129,65,1661,287,208,1070,212,69,89,851,420,234,761,873,225,1054,1457,212,731,920,108,221
M10 [CHILD IMMUNIZATION],10.3.2,Number of children (more than 5 years old) given DT5,TOTAL,22779,555,1067,372,1799,264,758,364,832,953,90,729,670,785,909,1240,1187,496,907,477,801,1207,2139,557,723,1527,858,513
M10 [CHILD IMMUNIZATION],10.3.3,Number of children (more than 10 years old) given TT10,TOTAL,17351,281,855,179,1648,162,598,223,605,507,92,540,456,706,797,933,801,517,909,406,642,1106,1501,412,553,1103,552,267
M10 [CHILD IMMUNIZATION],10.3.4,Number of children (more than 16 years old) given TT16,TOTAL,13195,196,661,103,1223,132,556,135,486,269,79,351,350,508,668,722,562,724,849,342,447,700,1035,305,378,853,350,211
M10 [CHILD IMMUNIZATION],10.3.5.a,Number of cases of Abscess reported following immunisation [Adverse Event Following Immunisation (AEFI)],TOTAL,7,0,0,0,0,0,1,0,0,0,0,0,0,0,0,0,0,0,0,5,0,0,0,0,0,0,0,1
M10 [CHILD IMMUNIZATION],10.3.5.b,Number of cases of Death reported following immunisation [Adverse Event Following Immunisation (AEFI)],TOTAL,0,0,0,0,0,0,0,0,0,0,0,0,0,0,0,0,0,0,0,0,0,0,0,0,0,0,0,0
M10 [CHILD IMMUNIZATION],10.3.5.c,Number of cases of other complications reported following immunisation [Adverse Event Following Immunisation (AEFI)],TOTAL,422,90,5,0,0,0,69,2,0,0,6,0,0,0,3,5,10,0,0,106,0,0,4,25,0,0,0,97
M10 [CHILD IMMUNIZATION],10.4.1,Number of Immunisation sessions planned to be held during the month,TOTAL,28267,795,1435,612,1561,491,887,684,1608,1005,372,1002,1176,666,1062,679,1060,1215,1163,1006,1270,902,2196,768,1121,1727,992,812
M10 [CHILD IMMUNIZATION],10.4.2,Number of Immunisation sessions held during the month,TOTAL,27718,791,1433,605,1529,477,875,670,1550,999,375,955,1171,655,1046,676,1056,1197,1118,989,1216,889,2142,761,1082,1680,986,795
M10 [CHILD IMMUNIZATION],10.4.3,Number of Immunisation sessions held during the month where ASHAs were present,TOTAL,27059,787,1423,574,1491,476,846,656,1489,993,326,925,1161,609,947,664,1055,1187,1081,981,1214,880,2066,710,1080,1669,978,791
M10 [CHILD IMMUNIZATION],10.5.1,Number of children (more than 16 months old) received Japanese Encephalitis (JE) vaccination,TOTAL,31916,1258,2467,1086,2592,538,1321,1198,551,434,328,1930,1183,1174,1365,1393,1737,856,306,875,1489,1461,1339,1071,615,2497,409,443
M11 [Number of Vitamin A doses],11.1.1,Number of children (9 months to 5 years old) administered 1st dose of Vitamin A (Dose-1),TOTAL,48542,1263,2664,1144,2813,690,1588,981,3967,1773,354,1964,1506,1179,1508,1924,2316,1573,2041,1242,1673,1780,4269,1141,1515,2748,1811,1115
M11 [Number of Vitamin A doses],11.1.2,Number of children (9 months to 5 years old) were administered 5th dose of Vitamin A (Dose-5),TOTAL,14531,217,746,220,1098,123,639,158,1034,402,83,360,458,338,563,802,736,244,576,329,572,597,1718,243,502,1126,435,212
M11 [Number of Vitamin A doses],11.1.3,Number of children (9 months to 5 years old) administered 9th dose of Vitamin A (Dose-9),TOTAL,17026,401,838,180,1298,188,688,217,851,679,87,462,513,430,740,1096,919,340,427,334,563,966,1872,460,490,928,682,377
M12 [Number of cases of Childhood Diseases reported during the month0-5 years:],12.1,Number of cases of Diptheria reported in children below 5 years of age,TOTAL,0,0,0,0,0,0,0,0,0,0,0,0,0,0,0,0,0,0,0,0,0,0,0,0,0,0,0,0
M12 [Number of cases of Childhood Diseases reported during the month0-5 years:],12.2,Number of cases of Pertusis reported in children below 5 years of age,TOTAL,0,0,0,0,0,0,0,0,0,0,0,0,0,0,0,0,0,0,0,0,0,0,0,0,0,0,0,0
M12 [Number of cases of Childhood Diseases reported during the month0-5 years:],12.3,Number of cases of Tetanus neonatarum reported in children below 5 years of age,TOTAL,1,0,0,0,0,0,0,0,0,0,0,0,0,0,0,0,0,0,0,0,0,0,0,1,0,0,0,0
M12 [Number of cases of Childhood Diseases reported during the month0-5 years:],12.4,Number of cases of Tetanus other than neonatarum reported in children below 5 years of age,TOTAL,0,0,0,0,0,0,0,0,0,0,0,0,0,0,0,0,0,0,0,0,0,0,0,0,0,0,0,0
M12 [Number of cases of Childhood Diseases reported during the month0-5 years:],12.5,Number of cases of Polio reported in children below 5 years of age,TOTAL,0,0,0,0,0,0,0,0,0,0,0,0,0,0,0,0,0,0,0,0,0,0,0,0,0,0,0,0
M12 [Number of cases of Childhood Diseases reported during the month0-5 years:],12.6,Number of cases of Measles reported in children below 5 years of age,TOTAL,299,10,10,6,20,4,7,2,7,7,2,0,28,9,0,0,14,11,20,11,11,0,28,28,12,14,6,32
M12 [Number of cases of Childhood Diseases reported during the month0-5 years:],12.7,Number of cases of Diarrhoea and Dehydration reported in children below 5 years of age,TOTAL,8558,179,187,127,402,130,413,305,652,352,259,148,190,372,229,349,213,351,361,122,463,234,760,378,311,322,543,206
M12 [Number of cases of Childhood Diseases reported during the month0-5 years:],12.8,Number of cases of Malaria reported in children below 5 years of age,TOTAL,68,0,0,0,5,0,0,0,0,0,4,1,0,0,0,1,0,14,0,5,0,0,0,0,0,0,0,38
M12 [Number of cases of Childhood Diseases reported during the month0-5 years:],12.9,Number of children below 5 years of age admitted with Respiratory Infections,TOTAL,3187,1,37,37,205,16,433,32,370,0,109,96,41,61,6,392,30,80,9,1,159,48,64,392,95,21,36,416
M13 [Blindness Control Programme],13.1,Number of Patients operated for cataract,TOTAL,1525,25,55,0,42,4,1,6,66,0,4,137,69,0,120,6,84,113,0,151,31,73,114,148,113,21,118,24
M13 [Blindness Control Programme],13.2,Number of Intraocular Lens(IOL) implantations,TOTAL,1195,0,55,0,42,0,1,2,7,0,4,137,69,0,97,6,54,113,0,151,31,1,108,148,106,21,30,12
M13 [Blindness Control Programme],13.3,Number of School children detected with Refractive errors,TOTAL,2051,0,40,0,0,0,45,175,40,5,18,5,13,0,12,0,367,36,0,0,6,4,69,56,25,52,1076,7
M13 [Blindness Control Programme],13.4,Number of children provided free glasses,TOTAL,330,0,12,0,0,0,31,12,0,0,2,0,5,0,8,0,34,28,0,0,0,0,110,20,8,0,60,0
M13 [Blindness Control Programme],13.5,Number of eyes collected through eye donation,TOTAL,0,0,0,NA,0,0,0,0,0,0,0,0,0,0,0,0,0,0,0,0,0,0,0,0,0,0,0,0
M13 [Blindness Control Programme],13.6,Number of eyes utilised for corneal transplant,TOTAL,0,0,0,NA,0,0,0,0,0,0,0,0,0,0,0,0,0,0,0,0,0,0,0,0,0,0,0,0
M14 [Patient Services],14.01,Number of CHC or SDH or DH functioning as First Referral units (FRUs),TOTAL,63,1,2,4,2,NA,3,1,2,3,NA,1,1,NA,5,2,8,1,1,1,2,1,6,4,5,3,4,NA
M14 [Patient Services],14.02,Number of PHCs functioning 24X7 with atleast 3 Staff Nurses,TOTAL,396,25,8,17,22,7,9,14,20,14,5,18,23,7,20,3,14,15,11,24,16,14,22,12,13,20,14,9
M14 [Patient Services],14.03,Number of Anganwadi centres reported to have conducted VHNDs,TOTAL,24194,729,1097,558,1463,433,718,686,1332,913,208,624,1025,583,769,219,1471,1010,1069,782,1001,874,2041,531,916,1653,846,643
M14 [Patient Services],14.04,Number of facilities having a Rogi Kalyan Samiti (RKS),TOTAL,152,4,6,5,4,3,5,5,7,4,3,6,5,3,6,3,13,6,2,3,9,4,13,11,4,7,5,6
M14 [Patient Services],14.05,Number of RKS meetings held during the month,TOTAL,370,29,11,7,6,11,12,9,10,6,5,19,12,8,19,13,27,6,8,24,7,26,19,12,23,19,12,10
M14 [Patient Services],14.06,Number of facilities having Ambulance services (Assured Referral Services),TOTAL,583,26,14,15,27,14,12,13,20,17,8,23,31,10,25,12,32,21,19,16,36,16,34,22,36,41,14,29
M14 [Patient Services],14.07,Total Number of times the Ambulance was used for transporting patients during the month,TOTAL,5838,171,56,72,295,138,66,23,105,92,25,186,979,172,21,52,163,96,78,103,290,558,238,110,694,459,247,349
M14 [Patient Services],14.08,Number of Institutions having Operational Sick New Born and Child Care Units (SNCU),TOTAL,21,NA,1,1,1,NA,1,1,1,1,NA,1,NA,1,1,2,NA,NA,1,1,1,1,1,1,1,1,1,NA
M14 [Patient Services],14.09,Number of functional Laproscopes in CHC/SDH/DH,TOTAL,28,0,0,NA,0,0,2,0,2,0,0,0,0,3,4,4,0,1,0,0,4,2,2,1,3,0,0,0
M14 [Patient Services],14.09.a,Health Facility Services/Patient Services/Stock out rate of essential Drugs,TOTAL,21,NA,NA,NA,NA,NA,21,NA,NA,NA,NA,NA,NA,NA,NA,NA,NA,NA,NA,NA,NA,NA,NA,NA,NA,NA,NA,NA
M14 [Patient Services],14.09.b,Health Facility Services/Patient Services/Blood Units Issued on replacement,TOTAL,43,NA,NA,NA,NA,NA,43,NA,NA,NA,NA,NA,NA,NA,NA,NA,NA,NA,NA,NA,NA,NA,NA,NA,NA,NA,NA,NA
M14 [Patient Services],14.09.c,Health Facility Services/Patient Services/Total no. of blood units issued in year,TOTAL,215,NA,NA,NA,NA,NA,215,NA,NA,NA,NA,NA,NA,NA,NA,NA,NA,NA,NA,NA,NA,NA,NA,NA,NA,NA,NA,NA
M14 [Patient Services],14.10.1.a,Number of male patients admitted (Inpatients) during the month,1. Children,8799,47,506,48,703,4,389,113,488,639,174,246,582,282,507,236,152,211,97,162,531,566,250,290,353,853,245,125
M14 [Patient Services],14.10.1.a,Number of male patients admitted (Inpatients) during the month,2. Adults,34185,190,1054,519,1683,53,815,801,2431,3652,470,709,1421,655,1501,4442,565,701,258,600,1382,1387,2011,745,1333,3002,1090,715
M14 [Patient Services],14.10.1.b,Number of female patients (Inpatients) admitted during the month,1. Children,8714,62,551,48,594,3,328,98,495,659,183,227,513,629,379,170,163,237,136,259,445,400,349,303,308,818,237,120
M14 [Patient Services],14.10.1.b,Number of female patients (Inpatients) admitted during the month,2. Adults,55261,884,1969,906,3444,57,1438,496,3582,4531,677,1569,2284,830,2071,5102,1559,1531,913,1279,2516,1530,3664,1365,2597,4628,2503,1336
M14 [Patient Services],14.10.1.c,Total number of patients admitted (Inpatients) during the month (sum of items 14.10.1.a and 14.10.1.b),1. Children,17513,109,1057,96,1297,7,717,211,983,1298,357,473,1095,911,886,406,315,448,233,421,976,966,599,593,661,1671,482,245
M14 [Patient Services],14.10.1.c,Total number of patients admitted (Inpatients) during the month (sum of items 14.10.1.a and 14.10.1.b),2. Adults,89446,1074,3023,1425,5127,110,2253,1297,6013,8183,1147,2278,3705,1485,3572,9544,2124,2232,1171,1879,3898,2917,5675,2110,3930,7630,3593,2051
M14 [Patient Services],14.10.2.a,Number of death cases of Inpatient males,TOTAL,576,0,67,10,0,0,16,9,0,1,6,22,15,11,43,3,0,10,8,14,35,6,31,12,26,4,54,173
M14 [Patient Services],14.10.2.b,Number of death cases of Inpatient females,TOTAL,528,0,32,4,0,0,4,7,0,2,6,13,17,12,28,3,0,10,8,9,20,4,25,6,21,1,32,264
M14 [Patient Services],14.10.2.c,Number of cases of death of Inpatients (sum of items 14.10.2.a and 14.10.2.b),TOTAL,1104,0,99,14,0,0,20,16,0,3,12,35,32,23,71,6,0,20,16,23,55,10,56,18,47,5,86,437
M14 [Patient Services],14.11,In-Patient Head Count at midnight,TOTAL,86954,33,2621,0,364,115,5351,3267,120,163,3469,4992,344,1270,324,1420,1192,5686,726,1491,11263,3513,9942,4229,1510,6912,3263,13374
M14 [Patient Services],14.12.1,OPD attendance (All),TOTAL,3106972,64864,134927,65147,126361,31419,80048,60625,171777,252323,23280,100432,115846,32694,114550,154583,158765,53520,55529,49041,107511,102881,214511,91959,168094,298786,191779,85720
M14 [Patient Services],14.13.1,Number of major operations carried out using general or spinal anaesthesia,TOTAL,6860,2,671,104,212,0,79,169,52,188,48,146,162,0,912,1564,259,77,0,134,254,92,210,174,196,752,403,0
M14 [Patient Services],14.13.1A,"Out of 14.13.1,Gynecology- Hysterectomy surgeries",TOTAL,430,0,10,NA,12,0,3,0,0,0,0,0,5,0,0,261,1,2,0,7,1,0,1,76,0,42,9,0
M14 [Patient Services],14.13.1.B,"Patient Services/Operation major (General and spinal anaesthesia)/Major Surgeries excluding Obstetrics, Gynaecology and Opthalmology etc",TOTAL,NA,NA,NA,NA,NA,NA,NA,NA,NA,NA,NA,NA,NA,NA,NA,NA,NA,NA,NA,NA,NA,NA,NA,NA,NA,NA,NA,NA
M14 [Patient Services],14.13.2,Number of minor operations carried out without anaesthesia or using local anaesthesia,TOTAL,2730,0,47,48,0,8,40,7,150,10,45,66,32,10,502,1159,192,13,127,21,10,0,16,32,13,59,102,21
M14 [Patient Services],14.13.3,Health Facility Services/Patient Services/Number of post operative Surgical Site infection,TOTAL,0,NA,NA,NA,NA,NA,0,NA,NA,NA,NA,NA,NA,NA,NA,NA,NA,NA,NA,NA,NA,NA,NA,NA,NA,NA,NA,NA
M14 [Patient Services],14.14.a,Number of patients given AYUSH treatment,TOTAL,134249,11503,1957,1134,124,4406,1256,6000,28691,2506,597,15408,2867,271,914,7999,6330,3481,8999,675,3752,480,1378,17501,1100,2029,1218,1673
M14 [Patient Services],14.14.b,Number of patients on whom Dental Procedure was conducted,TOTAL,13777,152,182,124,538,12,316,332,1773,1,26,1080,674,27,1177,637,793,241,0,0,856,148,508,1777,713,1150,435,105
M14 [Patient Services],14.14.c,Number of Adolescents counselled,TOTAL,1241,45,108,0,26,130,181,0,0,0,0,0,63,0,0,15,77,45,0,0,42,60,91,0,0,0,303,55
M15 [Laboratory Testing],15.1.a,Health Facility Services/Laboratory Testing/Total Number of lab Tests Done,TOTAL,NA,NA,NA,NA,NA,NA,NA,NA,NA,NA,NA,NA,NA,NA,NA,NA,NA,NA,NA,NA,NA,NA,NA,NA,NA,NA,NA,NA
M15 [Laboratory Testing],15.1.1.a,Number of Haemoglobin (Hb) tests conducted,TOTAL,175941,4527,8271,3383,12066,1041,2544,3441,11316,8754,576,7644,6140,4029,4426,6575,10892,2038,2380,2356,6243,6334,12723,4530,3989,31150,6412,2161
M15 [Laboratory Testing],15.1.1.b,"Out of the total number of Hb tests conducted, number of cases having Hb less than 7gm/dl",TOTAL,2141,13,11,24,230,18,140,68,48,128,32,25,48,24,49,104,66,66,32,81,86,22,105,58,97,170,328,68
M15 [Laboratory Testing],15.1.2.a,Number of HIV tests conducted on males,1. Number tested,5281,298,160,269,31,32,55,225,136,21,40,115,219,208,402,193,570,100,13,221,125,63,422,249,187,743,179,5
M15 [Laboratory Testing],15.1.2.a,Number of HIV tests conducted on males,2. Number Positive,28,0,0,0,1,1,1,0,1,1,0,1,1,0,2,4,0,0,0,1,1,3,5,0,2,1,2,0
M15 [Laboratory Testing],15.1.2.b,Number of HIV tests conducted on Female-Non ANC (i.e. non pregnant females),1. Number tested,5233,295,397,205,25,122,218,135,450,20,69,264,227,66,380,92,272,29,9,158,279,160,528,174,159,317,148,35
M15 [Laboratory Testing],15.1.2.b,Number of HIV tests conducted on Female-Non ANC (i.e. non pregnant females),2. Number Positive,7,0,0,1,0,0,0,0,2,0,0,0,0,0,1,0,0,0,0,1,0,1,1,0,0,0,0,0
M15 [Laboratory Testing],15.1.2.c,Number of HIV tests conducted on Female with ANC (i.e. pregnant females),1. Number tested,27482,825,1543,853,838,85,576,750,1296,896,161,1065,1311,437,1035,1800,2497,603,276,767,1038,1294,2959,970,791,1909,515,392
M15 [Laboratory Testing],15.1.2.c,Number of HIV tests conducted on Female with ANC (i.e. pregnant females),2. Number Positive,11,0,0,0,1,0,0,0,1,1,0,0,1,0,0,2,1,0,0,0,0,1,1,0,1,0,1,0
M15 [Laboratory Testing],15.1.2.d,Total number of HIV tests conducted (sum of items 15.1.2.a to 15.1.2.c),1. Number tested,37996,1418,2100,1327,894,239,849,1110,1882,937,270,1444,1757,711,1817,2085,3339,732,298,1146,1442,1517,3909,1393,1137,2969,842,432
M15 [Laboratory Testing],15.1.2.d,Total number of HIV tests conducted (sum of items 15.1.2.a to 15.1.2.c),2. Number Positive,46,0,0,1,2,1,1,0,4,2,0,1,2,0,3,6,1,0,0,2,1,5,7,0,3,1,3,0
M15 [Laboratory Testing],15.2,Number of Widal tests conducted,Number tested,13464,481,354,578,440,376,247,983,47,226,69,671,217,156,252,959,1619,85,191,199,1356,160,513,592,559,865,236,1033
M15 [Laboratory Testing],15.3.a,Number of VDRL tests conducted on males,Number tested,1149,246,7,0,11,44,5,123,0,0,0,5,0,0,3,1,9,0,14,2,343,0,65,135,0,93,0,43
M15 [Laboratory Testing],15.3.b,Number of VDRL tests conducted on Female-Non ANC (i.e. non pregnant females),Number tested,1584,155,5,0,23,1,91,137,96,0,1,0,0,0,128,14,247,0,10,12,1,0,180,178,0,236,2,67
M15 [Laboratory Testing],15.3.c,Number of VDRL tests conducted on Female with ANC (i.e. pregnant females),Number tested,12564,243,764,328,298,75,323,585,230,165,97,680,302,24,665,346,1973,66,465,180,975,142,987,738,93,1270,91,459
M15 [Laboratory Testing],15.3.d,Total number of VDRL tests conducted (sum of items 15.3.a to 15.3.c),Number tested,15297,644,776,328,332,120,419,845,326,165,98,685,302,24,796,361,2229,66,489,194,1319,142,1232,1051,93,1599,93,569
M15 [Laboratory Testing],15.4.1,Number of blood smears examined for Malaria,TOTAL,249230,8240,8344,11980,11396,3628,5955,7321,8551,13567,2909,9506,9687,3429,5774,6532,36761,6540,3742,6028,8257,11484,14708,8745,9972,16091,3879,6204
M15 [Laboratory Testing],15.4.2,"Out of blood smears examined for malaria, number of blood smears tested positive for Plasmodium Vivax",TOTAL,679,13,3,2,4,16,1,2,5,1,6,46,0,2,0,19,3,29,5,24,340,2,77,1,0,10,5,63
M15 [Laboratory Testing],15.4.3,"Out of blood smears examined for malaria, number of blood smears tested positive for Plasmodium Falciparum",TOTAL,485,12,1,0,6,52,0,1,11,0,77,14,1,9,1,1,5,146,7,7,2,2,6,0,0,6,33,85
M16 [Stock Position (During the month)],16.1.1,Stock position of DPT vaccines,1. Balance From Previous Month,135108,3500,5950,1450,10940,2320,4950,12820,5400,812,NA,9830,2480,5000,NA,8090,2730,8610,16600,3050,0,589,6250,712,15785,170,570,6500
M16 [Stock Position (During the month)],16.1.1,Stock position of DPT vaccines,2. Stocks Received,58018,0,8000,5000,0,2500,2000,0,5000,1518,NA,NA,4000,0,NA,5000,7000,0,0,0,0,500,6500,10000,0,600,400,0
M16 [Stock Position (During the month)],16.1.1,Stock position of DPT vaccines,3. Unusable Stock,0,0,NA,NA,0,0,0,0,NA,0,NA,NA,NA,0,NA,0,NA,NA,0,0,0,0,NA,NA,0,0,NA,0
M16 [Stock Position (During the month)],16.1.1,Stock position of DPT vaccines,4. Stock Distributed,93888,3500,6300,1300,10300,4080,2050,1600,6000,1450,NA,4700,3350,4750,NA,5070,4300,1890,2500,3050,0,690,11350,8600,3060,698,800,2500
M16 [Stock Position (During the month)],16.1.1,Stock position of DPT vaccines,5. Total Stock,99238,0,7650,5150,640,740,4900,11220,4400,880,0,5130,3130,250,0,8020,5430,6720,14100,0,0,399,1400,2112,12725,72,170,4000
M16 [Stock Position (During the month)],16.1.1A,Stock Position of Pentavalent,1. Balance From Previous Month,132289,5160,90,8380,7680,4970,8060,6650,260,1745,NA,14050,7570,12480,NA,5820,3430,13950,12460,9380,3000,879,0,170,513,172,780,4640
M16 [Stock Position (During the month)],16.1.1A,Stock Position of Pentavalent,2. Stocks Received,127296,0,11520,8640,0,0,5760,2400,20160,1000,NA,NA,8840,5760,NA,2880,5760,0,8640,2880,0,288,20160,NA,17280,1056,1152,3120
M16 [Stock Position (During the month)],16.1.1A,Stock Position of Pentavalent,3. Unusable Stock,0,0,NA,NA,0,0,0,0,NA,0,NA,NA,NA,0,NA,0,NA,NA,0,0,0,0,NA,NA,0,0,NA,0
M16 [Stock Position (During the month)],16.1.1A,Stock Position of Pentavalent,4. Stock Distributed,133117,4080,11150,3360,7680,1360,1680,1520,15500,1614,NA,6000,6020,5040,NA,8040,7820,5940,7920,6630,0,857,19500,NA,5930,856,1500,3120
M16 [Stock Position (During the month)],16.1.1A,Stock Position of Pentavalent,5. Total Stock,126468,1080,460,13660,0,3610,12140,7530,4920,1131,0,8050,10390,13200,0,660,1370,8010,13180,5630,3000,310,660,170,11863,372,432,4640
M16 [Stock Position (During the month)],16.1.2,Stock position of OPV vaccines,1. Balance From Previous Month,152167,11480,520,2180,20800,9960,3580,2500,60,534,NA,5000,1340,1480,NA,6180,1300,13840,9500,720,10000,474,1160,11260,34472,427,400,3000
M16 [Stock Position (During the month)],16.1.2,Stock position of OPV vaccines,2. Stocks Received,309050,0,53000,14000,0,0,10000,6500,30000,1000,NA,6000,7000,20000,NA,20500,13100,20000,20000,10000,0,300,44000,14000,10000,650,1000,8000
M16 [Stock Position (During the month)],16.1.2,Stock position of OPV vaccines,3. Unusable Stock,0,0,NA,NA,0,0,0,0,NA,0,NA,NA,NA,0,NA,0,NA,NA,0,0,0,0,NA,NA,0,0,NA,0
M16 [Stock Position (During the month)],16.1.2,Stock position of OPV vaccines,4. Stock Distributed,257553,11380,22400,4300,20800,4560,3580,6700,21000,644,NA,7900,8340,11300,NA,14200,12800,10240,21000,10120,0,635,41960,9700,8880,914,1000,3200
M16 [Stock Position (During the month)],16.1.2,Stock position of OPV vaccines,5. Total Stock,203664,100,31120,11880,0,5400,10000,2300,9060,890,0,3100,0,10180,0,12480,1600,23600,8500,600,10000,139,3200,15560,35592,163,400,7800
M16 [Stock Position (During the month)],16.1.3,Stock position of TT vaccines,1. Balance From Previous Month,168534,5000,13520,5650,14200,6185,10250,9500,14500,608,NA,8590,2200,3550,NA,13410,1010,19980,3700,8660,3000,1192,2620,1804,10815,1890,200,6500
M16 [Stock Position (During the month)],16.1.3,Stock position of TT vaccines,2. Stocks Received,139100,0,20000,NA,0,0,4000,3500,15000,1000,NA,NA,5000,10000,NA,7500,10000,0,20000,5000,0,0,25000,10000,0,0,600,2500
M16 [Stock Position (During the month)],16.1.3,Stock position of TT vaccines,3. Unusable Stock,0,0,NA,NA,0,0,0,0,NA,0,NA,NA,NA,0,NA,0,NA,NA,0,0,0,0,NA,NA,0,0,NA,0
M16 [Stock Position (During the month)],16.1.3,Stock position of TT vaccines,4. Stock Distributed,133635,3250,12550,1450,12700,970,2500,1550,10500,795,NA,4800,6340,7050,NA,9030,6570,5110,9000,4060,0,760,20950,2610,6920,970,700,2500
M16 [Stock Position (During the month)],16.1.3,Stock position of TT vaccines,5. Total Stock,173999,1750,20970,4200,1500,5215,11750,11450,19000,813,0,3790,860,6500,0,11880,4440,14870,14700,9600,3000,432,6670,9194,3895,920,100,6500
M16 [Stock Position (During the month)],16.1.4,Stock position of DT vaccines,1. Balance From Previous Month,9380,0,NA,NA,0,NA,NA,0,NA,NA,NA,0,0,NA,NA,0,NA,NA,0,9380,0,0,0,0,0,NA,0,NA
M16 [Stock Position (During the month)],16.1.4,Stock position of DT vaccines,2. Stocks Received,4310,0,NA,NA,0,NA,NA,0,NA,NA,NA,1430,0,NA,NA,0,NA,NA,0,2880,0,0,NA,NA,0,NA,0,NA
M16 [Stock Position (During the month)],16.1.4,Stock position of DT vaccines,3. Unusable Stock,0,0,NA,NA,0,NA,NA,0,NA,NA,NA,NA,NA,NA,NA,0,NA,NA,0,0,0,0,NA,NA,0,NA,0,NA
M16 [Stock Position (During the month)],16.1.4,Stock position of DT vaccines,4. Stock Distributed,8060,0,NA,NA,0,NA,NA,0,NA,NA,NA,1430,0,NA,NA,0,NA,NA,0,6630,0,0,NA,NA,0,NA,0,NA
M16 [Stock Position (During the month)],16.1.4,Stock position of DT vaccines,5. Total Stock,5630,0,0,0,0,0,0,0,0,0,0,0,0,0,0,0,0,0,0,5630,0,0,0,0,0,0,0,0
M16 [Stock Position (During the month)],16.1.5,Stock position of BCG vaccines,1. Balance From Previous Month,164485,5740,2540,7950,13500,9080,5900,14780,1000,2385,NA,11130,3140,4500,NA,9000,3340,16040,13500,12080,3000,615,4100,3720,14914,481,300,1750
M16 [Stock Position (During the month)],16.1.5,Stock position of BCG vaccines,2. Stocks Received,104900,0,20000,4000,0,0,3500,0,17500,0,NA,NA,6000,5000,NA,5000,3500,0,10000,0,0,400,12000,7000,6000,500,500,4000
M16 [Stock Position (During the month)],16.1.5,Stock position of BCG vaccines,3. Unusable Stock,0,0,NA,NA,0,0,0,0,NA,0,NA,NA,NA,0,NA,0,NA,NA,0,0,0,0,NA,NA,0,0,NA,0
M16 [Stock Position (During the month)],16.1.5,Stock position of BCG vaccines,4. Stock Distributed,107478,2500,10150,2100,8300,2960,1000,1500,13000,1463,NA,5000,3200,3200,NA,7950,4250,4410,7000,6160,0,646,12700,1500,5210,979,800,1500
M16 [Stock Position (During the month)],16.1.5,Stock position of BCG vaccines,5. Total Stock,161907,3240,12390,9850,5200,6120,8400,13280,5500,922,0,6130,5940,6300,0,6050,2590,11630,16500,5920,3000,369,3400,9220,15704,2,0,4250
M16 [Stock Position (During the month)],16.1.6,Stock position of Measles vaccines,1. Balance From Previous Month,135914,2750,6830,1650,10700,2919,8250,2055,13000,691,NA,9780,835,3750,NA,10025,430,9265,8000,2080,6000,536,2650,5360,21818,1630,410,4500
M16 [Stock Position (During the month)],16.1.6,Stock position of Measles vaccines,2. Stocks Received,76125,0,10000,6500,0,0,5000,3250,1750,2200,NA,NA,6000,0,NA,5000,6725,0,0,2500,0,1000,15000,5000,0,700,3500,2000
M16 [Stock Position (During the month)],16.1.6,Stock position of Measles vaccines,3. Unusable Stock,0,0,NA,NA,0,0,0,0,NA,0,NA,NA,NA,0,NA,0,NA,NA,0,0,0,0,NA,NA,0,0,NA,0
M16 [Stock Position (During the month)],16.1.6,Stock position of Measles vaccines,4. Stock Distributed,92045,2625,6800,1550,7250,1175,1750,1400,8000,1062,NA,4000,3980,3250,NA,5725,5475,2915,5250,3355,0,1013,12150,2090,3895,1585,3500,2250
M16 [Stock Position (During the month)],16.1.6,Stock position of Measles vaccines,5. Total Stock,119994,125,10030,6600,3450,1744,11500,3905,6750,1829,0,5780,2855,500,0,9300,1680,6350,2750,1225,6000,523,5500,8270,17923,745,410,4250
M16 [Stock Position (During the month)],16.1.7,Stock position of JE vaccines,1. Balance From Previous Month,46735,850,3050,5750,6500,3925,800,1620,1400,0,NA,7270,140,950,NA,1425,0,1445,150,3400,3000,0,1150,360,3550,0,0,0
M16 [Stock Position (During the month)],16.1.7,Stock position of JE vaccines,2. Stocks Received,28825,0,5000,NA,0,0,5000,0,0,500,NA,NA,0,0,NA,2500,3125,0,0,0,0,1000,NA,5000,0,1700,0,5000
M16 [Stock Position (During the month)],16.1.7,Stock position of JE vaccines,3. Unusable Stock,0,0,NA,NA,0,0,0,0,NA,0,NA,NA,NA,0,NA,0,NA,NA,0,0,0,0,NA,NA,0,0,0,0
M16 [Stock Position (During the month)],16.1.7,Stock position of JE vaccines,4. Stock Distributed,35890,850,1550,1450,6400,2180,800,1350,900,385,NA,4200,50,950,NA,3300,3125,1445,50,2050,0,440,1150,1585,0,1680,0,0
M16 [Stock Position (During the month)],16.1.7,Stock position of JE vaccines,5. Total Stock,39670,0,6500,4300,100,1745,5000,270,500,115,0,3070,90,0,0,625,0,0,100,1350,3000,560,0,3775,3550,20,0,5000
M16 [Stock Position (During the month)],16.1.8,Stock position of Hepatitis B vaccines,1. Balance From Previous Month,128920,6500,1060,14850,1350,1650,940,5090,NA,1234,NA,80,9400,NA,NA,2040,6670,4630,13500,13680,0,94,26400,9814,498,600,2590,6250
M16 [Stock Position (During the month)],16.1.8,Stock position of Hepatitis B vaccines,2. Stocks Received,1900,0,0,0,0,0,500,0,NA,900,NA,NA,0,NA,NA,0,0,0,0,0,0,0,NA,0,0,0,500,0
M16 [Stock Position (During the month)],16.1.8,Stock position of Hepatitis B vaccines,3. Unusable Stock,0,0,NA,0,0,0,0,0,NA,0,NA,NA,NA,NA,NA,0,NA,NA,0,0,0,0,NA,NA,0,0,0,0
M16 [Stock Position (During the month)],16.1.8,Stock position of Hepatitis B vaccines,4. Stock Distributed,8602,500,200,0,1050,750,170,200,NA,100,NA,NA,900,NA,NA,850,250,320,1000,500,0,0,740,530,133,109,300,0
M16 [Stock Position (During the month)],16.1.8,Stock position of Hepatitis B vaccines,5. Total Stock,122218,6000,860,14850,300,900,1270,4890,0,2034,0,80,8500,0,0,1190,6420,4310,12500,13180,0,94,25660,9284,365,491,2790,6250
M16 [Stock Position (During the month)],16.2.1,Stock Position of IU 380 A (to be used for Family Planning),1. Balance From Previous Month,9328,0,630,NA,200,NA,NA,945,NA,600,NA,2100,1045,750,NA,NA,NA,321,380,907,0,0,0,NA,0,1150,200,100
M16 [Stock Position (During the month)],16.2.1,Stock Position of IU 380 A (to be used for Family Planning),2. Stocks Received,5400,0,1200,NA,0,NA,NA,0,2400,1800,NA,NA,0,0,NA,NA,NA,0,0,0,0,0,NA,NA,0,0,NA,0
M16 [Stock Position (During the month)],16.2.1,Stock Position of IU 380 A (to be used for Family Planning),3. Unusable Stock,0,0,NA,NA,0,NA,NA,0,NA,NA,NA,NA,NA,0,NA,NA,NA,NA,0,0,0,0,NA,NA,0,0,NA,0
M16 [Stock Position (During the month)],16.2.1,Stock Position of IU 380 A (to be used for Family Planning),4. Stock Distributed,4045,0,900,NA,150,NA,NA,0,NA,0,NA,550,895,500,NA,NA,NA,0,50,600,0,0,NA,NA,0,350,NA,50
M16 [Stock Position (During the month)],16.2.1,Stock Position of IU 380 A (to be used for Family Planning),5. Total Stock,10683,0,930,0,50,0,0,945,2400,2400,0,1550,150,250,0,0,0,321,330,307,0,0,0,0,0,800,200,50
M16 [Stock Position (During the month)],16.2.2,Stock Position of Condoms (to be used for Family Planning),1. Balance From Previous Month,351500,0,8520,NA,0,NA,NA,23540,NA,19980,NA,39080,14830,40080,NA,NA,NA,0,18480,0,0,21120,0,NA,0,138660,27060,150
M16 [Stock Position (During the month)],16.2.2,Stock Position of Condoms (to be used for Family Planning),2. Stocks Received,305280,0,97200,NA,4050,NA,NA,12150,35280,0,NA,NA,52650,0,NA,NA,NA,60750,4050,0,0,28350,NA,NA,0,0,NA,10800
M16 [Stock Position (During the month)],16.2.2,Stock Position of Condoms (to be used for Family Planning),3. Unusable Stock,0,0,NA,NA,0,NA,NA,0,NA,NA,NA,NA,NA,0,NA,NA,NA,NA,0,0,0,0,NA,NA,0,0,NA,0
M16 [Stock Position (During the month)],16.2.2,Stock Position of Condoms (to be used for Family Planning),4. Stock Distributed,322170,0,89520,NA,0,NA,NA,0,NA,9990,NA,32120,9360,0,NA,NA,NA,45990,10080,0,0,41850,NA,NA,0,81000,NA,2260
M16 [Stock Position (During the month)],16.2.2,Stock Position of Condoms (to be used for Family Planning),5. Total Stock,334610,0,16200,0,4050,0,0,35690,35280,9990,0,6960,58120,40080,0,0,0,14760,12450,0,0,7620,0,0,0,57660,27060,8690
M16 [Stock Position (During the month)],16.2.3,Stock Position of Oral Contraceptive (to be used for Family Planning),1. Balance From Previous Month,100566,0,1000,NA,0,NA,NA,1399,NA,4200,NA,6600,4200,12000,NA,NA,NA,36800,5590,0,0,5000,0,NA,0,18900,2877,2000
M16 [Stock Position (During the month)],16.2.3,Stock Position of Oral Contraceptive (to be used for Family Planning),2. Stocks Received,122400,0,55600,NA,600,NA,NA,2400,8000,0,NA,NA,9000,0,NA,NA,NA,36000,1200,0,0,7200,NA,NA,0,0,NA,2400
M16 [Stock Position (During the month)],16.2.3,Stock Position of Oral Contraceptive (to be used for Family Planning),3. Unusable Stock,0,0,NA,NA,0,NA,NA,0,NA,NA,NA,NA,NA,0,NA,NA,NA,NA,0,0,0,0,NA,NA,0,0,NA,0
M16 [Stock Position (During the month)],16.2.3,Stock Position of Oral Contraceptive (to be used for Family Planning),4. Stock Distributed,123300,0,51600,NA,0,NA,NA,0,NA,0,NA,6600,2500,4200,NA,NA,NA,27000,1800,0,0,9800,NA,NA,0,18000,NA,1800
M16 [Stock Position (During the month)],16.2.3,Stock Position of Oral Contraceptive (to be used for Family Planning),5. Total Stock,99666,0,5000,0,600,0,0,3799,8000,4200,0,0,10700,7800,0,0,0,45800,4990,0,0,2400,0,0,0,900,2877,2600
M16 [Stock Position (During the month)],16.2.4,Stock Position of Emergency Contraceptive (to be used for Family Planning),1. Balance From Previous Month,24270,0,0,NA,200,NA,NA,370,NA,0,NA,3650,650,1100,NA,NA,NA,2300,2350,0,0,1100,0,NA,0,2000,10250,300
M16 [Stock Position (During the month)],16.2.4,Stock Position of Emergency Contraceptive (to be used for Family Planning),2. Stocks Received,22900,0,16900,NA,0,NA,NA,0,NA,6000,NA,NA,0,0,NA,NA,NA,0,0,0,0,0,NA,NA,0,0,NA,0
M16 [Stock Position (During the month)],16.2.4,Stock Position of Emergency Contraceptive (to be used for Family Planning),3. Unusable Stock,0,0,NA,NA,0,NA,NA,0,NA,NA,NA,NA,NA,0,NA,NA,NA,NA,0,0,0,0,NA,NA,0,0,NA,0
M16 [Stock Position (During the month)],16.2.4,Stock Position of Emergency Contraceptive (to be used for Family Planning),4. Stock Distributed,18550,0,15900,NA,0,NA,NA,0,NA,0,NA,NA,650,200,NA,NA,NA,900,400,0,0,500,NA,NA,0,0,NA,0
M16 [Stock Position (During the month)],16.2.4,Stock Position of Emergency Contraceptive (to be used for Family Planning),5. Total Stock,28620,0,1000,0,200,0,0,370,0,6000,0,3650,0,900,0,0,0,1400,1950,0,0,600,0,0,0,2000,10250,300
M16 [Stock Position (During the month)],16.2.5,Stock Position of Tubal Rings (to be used for Family Planning),1. Balance From Previous Month,42161,0,2200,NA,350,NA,NA,13950,NA,3900,NA,911,9500,NA,NA,NA,NA,5000,2400,700,0,0,0,NA,1200,1100,950,0
M16 [Stock Position (During the month)],16.2.5,Stock Position of Tubal Rings (to be used for Family Planning),2. Stocks Received,3000,0,0,NA,0,NA,NA,0,NA,0,NA,NA,0,NA,NA,NA,NA,3000,0,0,0,0,NA,NA,0,0,NA,0
M16 [Stock Position (During the month)],16.2.5,Stock Position of Tubal Rings (to be used for Family Planning),3. Unusable Stock,200,0,200,NA,0,NA,NA,0,NA,NA,NA,NA,NA,NA,NA,NA,NA,NA,0,0,0,0,NA,NA,0,0,NA,0
M16 [Stock Position (During the month)],16.2.5,Stock Position of Tubal Rings (to be used for Family Planning),4. Stock Distributed,803,0,0,NA,200,NA,NA,0,NA,600,NA,3,0,NA,NA,NA,NA,0,0,0,0,0,NA,NA,0,0,NA,0
M16 [Stock Position (During the month)],16.2.5,Stock Position of Tubal Rings (to be used for Family Planning),5. Total Stock,44158,0,2000,0,150,0,0,13950,0,3300,0,908,9500,0,0,0,0,8000,2400,700,0,0,0,0,1200,1100,950,0
M16 [Stock Position (During the month)],16.3.01,Stock Position of Oxytocin Injection,1. Balance From Previous Month,263770,2580,NA,NA,28600,NA,7500,4400,NA,NA,NA,NA,0,2500,NA,NA,NA,NA,900,0,0,110,168100,8000,13180,23400,0,4500
M16 [Stock Position (During the month)],16.3.01,Stock Position of Oxytocin Injection,2. Stocks Received,13100,8100,NA,NA,0,NA,0,0,NA,NA,NA,NA,0,3000,NA,NA,NA,NA,0,0,0,0,NA,0,0,2000,0,0
M16 [Stock Position (During the month)],16.3.01,Stock Position of Oxytocin Injection,3. Unusable Stock,0,0,NA,NA,0,NA,0,0,NA,NA,NA,NA,NA,0,NA,NA,NA,NA,0,0,0,0,NA,NA,0,0,0,0
M16 [Stock Position (During the month)],16.3.01,Stock Position of Oxytocin Injection,4. Stock Distributed,38460,10680,NA,NA,3800,NA,3000,3500,NA,NA,NA,NA,0,1800,NA,NA,NA,NA,440,0,0,0,NA,4500,540,10000,0,200
M16 [Stock Position (During the month)],16.3.01,Stock Position of Oxytocin Injection,5. Total Stock,238410,0,0,0,24800,0,4500,900,0,0,0,0,0,3700,0,0,0,0,460,0,0,110,168100,3500,12640,15400,0,4300
M16 [Stock Position (During the month)],16.3.02,Stock Position of Gloves,1. Balance From Previous Month,26055,2580,NA,NA,1800,50,1700,0,NA,NA,NA,NA,0,0,NA,NA,NA,NA,3000,0,0,4400,11500,0,0,0,925,100
M16 [Stock Position (During the month)],16.3.02,Stock Position of Gloves,2. Stocks Received,36400,8100,NA,NA,1800,500,0,0,NA,NA,NA,NA,0,10000,NA,NA,NA,NA,0,0,0,1500,NA,0,0,0,NA,14500
M16 [Stock Position (During the month)],16.3.02,Stock Position of Gloves,3. Unusable Stock,0,0,NA,NA,0,0,0,0,NA,NA,NA,NA,NA,0,NA,NA,NA,NA,0,0,0,0,NA,NA,0,0,NA,0
M16 [Stock Position (During the month)],16.3.02,Stock Position of Gloves,4. Stock Distributed,20805,10680,NA,NA,1000,150,500,0,NA,NA,NA,NA,0,NA,NA,NA,NA,NA,2400,0,0,4250,NA,0,0,0,925,900
M16 [Stock Position (During the month)],16.3.02,Stock Position of Gloves,5. Total Stock,41650,0,0,0,2600,400,1200,0,0,0,0,0,0,10000,0,0,0,0,600,0,0,1650,11500,0,0,0,0,13700
M16 [Stock Position (During the month)],16.3.03,Stock Position of MVA Syringes,1. Balance From Previous Month,0,0,NA,NA,NA,NA,0,0,NA,NA,NA,NA,0,NA,NA,NA,NA,NA,0,0,0,0,0,0,0,0,NA,0
M16 [Stock Position (During the month)],16.3.03,Stock Position of MVA Syringes,2. Stocks Received,0,0,NA,NA,NA,NA,0,0,NA,NA,NA,NA,0,NA,NA,NA,NA,NA,0,0,0,0,NA,0,0,0,NA,0
M16 [Stock Position (During the month)],16.3.03,Stock Position of MVA Syringes,3. Unusable Stock,0,0,NA,NA,NA,NA,0,0,NA,NA,NA,NA,NA,NA,NA,NA,NA,NA,0,0,0,0,NA,NA,0,0,NA,0
M16 [Stock Position (During the month)],16.3.03,Stock Position of MVA Syringes,4. Stock Distributed,0,0,NA,NA,NA,NA,0,0,NA,NA,NA,NA,0,NA,NA,NA,NA,NA,0,0,0,0,NA,0,0,0,NA,0
M16 [Stock Position (During the month)],16.3.03,Stock Position of MVA Syringes,5. Total Stock,0,0,0,0,0,0,0,0,0,0,0,0,0,0,0,0,0,0,0,0,0,0,0,0,0,0,0,0
M16 [Stock Position (During the month)],16.3.04,Stock Position of Fluconazole Tablets,1. Balance From Previous Month,502815,0,NA,NA,117000,1900,16050,0,NA,NA,NA,NA,0,6225,NA,NA,NA,NA,11600,0,0,0,14000,0,13850,302400,10700,9090
M16 [Stock Position (During the month)],16.3.04,Stock Position of Fluconazole Tablets,2. Stocks Received,35210,1000,NA,NA,0,0,800,0,NA,NA,NA,NA,0,NA,NA,NA,NA,NA,0,0,0,0,NA,0,0,0,NA,33410
M16 [Stock Position (During the month)],16.3.04,Stock Position of Fluconazole Tablets,3. Unusable Stock,0,0,NA,NA,0,0,0,0,NA,NA,NA,NA,NA,NA,NA,NA,NA,NA,0,0,0,0,NA,NA,0,0,NA,0
M16 [Stock Position (During the month)],16.3.04,Stock Position of Fluconazole Tablets,4. Stock Distributed,83650,0,NA,NA,22800,1700,1900,0,NA,NA,NA,NA,0,1950,NA,NA,NA,NA,7800,0,0,0,NA,0,7300,25100,1100,14000
M16 [Stock Position (During the month)],16.3.04,Stock Position of Fluconazole Tablets,5. Total Stock,454375,1000,0,0,94200,200,14950,0,0,0,0,0,0,4275,0,0,0,0,3800,0,0,0,14000,0,6550,277300,9600,28500
M16 [Stock Position (During the month)],16.3.05,Stock Position of Blood Transfusion Sets,1. Balance From Previous Month,950,0,NA,NA,700,NA,NA,0,NA,NA,NA,NA,0,100,NA,NA,NA,NA,0,0,0,0,150,0,0,0,0,0
M16 [Stock Position (During the month)],16.3.05,Stock Position of Blood Transfusion Sets,2. Stocks Received,0,0,NA,NA,0,NA,NA,0,NA,NA,NA,NA,0,NA,NA,NA,NA,NA,0,0,0,0,NA,0,0,0,0,0
M16 [Stock Position (During the month)],16.3.05,Stock Position of Blood Transfusion Sets,3. Unusable Stock,0,0,NA,NA,0,NA,NA,0,NA,NA,NA,NA,NA,NA,NA,NA,NA,NA,0,0,0,0,NA,NA,0,0,0,0
M16 [Stock Position (During the month)],16.3.05,Stock Position of Blood Transfusion Sets,4. Stock Distributed,0,0,NA,NA,0,NA,NA,0,NA,NA,NA,NA,0,NA,NA,NA,NA,NA,0,0,0,0,NA,0,0,0,0,0
M16 [Stock Position (During the month)],16.3.05,Stock Position of Blood Transfusion Sets,5. Total Stock,950,0,0,0,700,0,0,0,0,0,0,0,0,100,0,0,0,0,0,0,0,0,150,0,0,0,0,0
M16 [Stock Position (During the month)],16.3.06,Stock Position of Gluteraldehyde solution of 2% concentration,1. Balance From Previous Month,0,0,NA,NA,NA,NA,NA,0,NA,NA,NA,NA,0,NA,NA,NA,NA,NA,0,0,0,0,0,0,0,0,0,0
M16 [Stock Position (During the month)],16.3.06,Stock Position of Gluteraldehyde solution of 2% concentration,2. Stocks Received,0,0,NA,NA,NA,NA,NA,0,NA,NA,NA,NA,0,NA,NA,NA,NA,NA,0,0,0,0,NA,0,0,0,0,0
M16 [Stock Position (During the month)],16.3.06,Stock Position of Gluteraldehyde solution of 2% concentration,3. Unusable Stock,0,0,NA,NA,NA,NA,NA,0,NA,NA,NA,NA,NA,NA,NA,NA,NA,NA,0,0,0,0,NA,NA,0,0,0,0
M16 [Stock Position (During the month)],16.3.06,Stock Position of Gluteraldehyde solution of 2% concentration,4. Stock Distributed,0,0,NA,NA,NA,NA,NA,0,NA,NA,NA,NA,0,NA,NA,NA,NA,NA,0,0,0,0,NA,0,0,0,0,0
M16 [Stock Position (During the month)],16.3.06,Stock Position of Gluteraldehyde solution of 2% concentration,5. Total Stock,0,0,0,0,0,0,0,0,0,0,0,0,0,0,0,0,0,0,0,0,0,0,0,0,0,0,0,0
M16 [Stock Position (During the month)],16.3.07,Stock Position of IFA Tablets,1. Balance From Previous Month,33184910,45000,NA,NA,846000,188000,4293000,1924000,NA,NA,NA,NA,50000,1202650,NA,NA,NA,NA,2900000,0,0,0,9247215,149995,5274800,3357600,3034650,672000
M16 [Stock Position (During the month)],16.3.07,Stock Position of IFA Tablets,2. Stocks Received,0,0,NA,NA,0,0,0,0,NA,NA,NA,NA,0,0,NA,NA,NA,NA,0,0,0,0,NA,0,0,0,NA,0
M16 [Stock Position (During the month)],16.3.07,Stock Position of IFA Tablets,3. Unusable Stock,0,0,NA,NA,0,0,0,0,NA,NA,NA,NA,NA,NA,NA,NA,NA,NA,0,0,0,0,NA,NA,0,0,NA,0
M16 [Stock Position (During the month)],16.3.07,Stock Position of IFA Tablets,4. Stock Distributed,5802458,0,NA,NA,681000,162500,136000,1770600,NA,NA,NA,NA,50000,165000,NA,NA,NA,NA,1123000,0,0,0,NA,3000,618258,608100,485000,0
M16 [Stock Position (During the month)],16.3.07,Stock Position of IFA Tablets,5. Total Stock,27382452,45000,0,0,165000,25500,4157000,153400,0,0,0,0,0,1037650,0,0,0,0,1777000,0,0,0,9247215,146995,4656542,2749500,2549650,672000
M16 [Stock Position (During the month)],16.3.08,Stock Position of IFA Syrup (Paediatric),1. Balance From Previous Month,694564,13547,NA,NA,13068,6267,13185,11700,NA,NA,NA,NA,0,132050,NA,NA,NA,NA,0,0,0,0,29800,15143,427255,21105,NA,11444
M16 [Stock Position (During the month)],16.3.08,Stock Position of IFA Syrup (Paediatric),2. Stocks Received,85459,26707,NA,NA,24804,0,0,0,NA,NA,NA,NA,0,3796,NA,NA,NA,NA,0,0,0,0,NA,11058,0,0,19094,0
M16 [Stock Position (During the month)],16.3.08,Stock Position of IFA Syrup (Paediatric),3. Unusable Stock,0,0,NA,NA,0,0,0,0,NA,NA,NA,NA,NA,NA,NA,NA,NA,NA,0,0,0,0,NA,NA,0,0,NA,0
M16 [Stock Position (During the month)],16.3.08,Stock Position of IFA Syrup (Paediatric),4. Stock Distributed,172093,40254,NA,NA,6000,4667,1000,1422,NA,NA,NA,NA,0,200,NA,NA,NA,NA,0,0,0,0,NA,7300,89350,13000,8900,0
M16 [Stock Position (During the month)],16.3.08,Stock Position of IFA Syrup (Paediatric),5. Total Stock,607930,0,0,0,31872,1600,12185,10278,0,0,0,0,0,135646,0,0,0,0,0,0,0,0,29800,18901,337905,8105,10194,11444
M16 [Stock Position (During the month)],16.3.09,Stock Position of Paediatrics Antibiotics (Cotrimaxozole and Injectable Gentamicin),1. Balance From Previous Month,17700,6000,NA,NA,1500,NA,1500,0,NA,NA,NA,NA,0,NA,NA,NA,NA,NA,2200,0,0,0,1000,2500,3000,0,NA,0
M16 [Stock Position (During the month)],16.3.09,Stock Position of Paediatrics Antibiotics (Cotrimaxozole and Injectable Gentamicin),2. Stocks Received,4000,0,NA,NA,0,NA,0,0,NA,NA,NA,NA,0,NA,NA,NA,NA,NA,4000,0,0,0,NA,0,0,0,NA,0
M16 [Stock Position (During the month)],16.3.09,Stock Position of Paediatrics Antibiotics (Cotrimaxozole and Injectable Gentamicin),3. Unusable Stock,0,0,NA,NA,NA,NA,0,0,NA,NA,NA,NA,NA,NA,NA,NA,NA,NA,0,0,0,0,NA,NA,0,0,NA,0
M16 [Stock Position (During the month)],16.3.09,Stock Position of Paediatrics Antibiotics (Cotrimaxozole and Injectable Gentamicin),4. Stock Distributed,15110,6000,NA,NA,1400,NA,200,0,NA,NA,NA,NA,0,NA,NA,NA,NA,NA,5000,0,0,0,NA,0,2510,0,NA,0
M16 [Stock Position (During the month)],16.3.09,Stock Position of Paediatrics Antibiotics (Cotrimaxozole and Injectable Gentamicin),5. Total Stock,6590,0,0,0,100,0,1300,0,0,0,0,0,0,0,0,0,0,0,1200,0,0,0,1000,2500,490,0,0,0
M16 [Stock Position (During the month)],16.3.10,Stock Position of Vitamin A solution,1. Balance From Previous Month,15900,114,NA,NA,396,88,1380,316,NA,NA,NA,NA,0,100,NA,NA,NA,NA,592,0,0,0,3000,1963,323,6731,240,657
M16 [Stock Position (During the month)],16.3.10,Stock Position of Vitamin A solution,2. Stocks Received,678,0,NA,NA,0,0,0,353,NA,NA,NA,NA,0,146,NA,NA,NA,NA,0,0,0,0,NA,0,179,0,NA,0
M16 [Stock Position (During the month)],16.3.10,Stock Position of Vitamin A solution,3. Unusable Stock,0,0,NA,NA,0,0,0,0,NA,NA,NA,NA,NA,NA,NA,NA,NA,NA,0,0,0,0,NA,NA,0,0,NA,0
M16 [Stock Position (During the month)],16.3.10,Stock Position of Vitamin A solution,4. Stock Distributed,2896,0,NA,NA,396,0,110,156,NA,NA,NA,NA,0,50,NA,NA,NA,NA,550,0,0,0,NA,0,94,1300,240,0
M16 [Stock Position (During the month)],16.3.10,Stock Position of Vitamin A solution,5. Total Stock,13682,114,0,0,0,88,1270,513,0,0,0,0,0,196,0,0,0,0,42,0,0,0,3000,1963,408,5431,0,657
M16 [Stock Position (During the month)],16.3.11,Stock of ORS (New WHO formulation),1. Balance From Previous Month,2987937,44200,NA,NA,423135,6600,274900,35400,NA,NA,NA,NA,31930,45150,NA,NA,NA,NA,600,0,0,0,1404800,208530,212542,37950,240400,21800
M16 [Stock Position (During the month)],16.3.11,Stock of ORS (New WHO formulation),2. Stocks Received,239600,0,NA,NA,0,0,0,0,NA,NA,NA,NA,0,NA,NA,NA,NA,NA,0,0,0,0,NA,0,137600,102000,NA,0
M16 [Stock Position (During the month)],16.3.11,Stock of ORS (New WHO formulation),3. Unusable Stock,0,0,NA,NA,0,0,0,0,NA,NA,NA,NA,NA,NA,NA,NA,NA,NA,0,0,0,0,NA,NA,0,0,NA,0
M16 [Stock Position (During the month)],16.3.11,Stock of ORS (New WHO formulation),4. Stock Distributed,568050,0,NA,NA,60250,6000,69600,7900,NA,NA,NA,NA,15000,8400,NA,NA,NA,NA,0,0,0,0,NA,174600,178600,34200,12000,1500
M16 [Stock Position (During the month)],16.3.11,Stock of ORS (New WHO formulation),5. Total Stock,2659487,44200,0,0,362885,600,205300,27500,0,0,0,0,16930,36750,0,0,0,0,600,0,0,0,1404800,33930,171542,105750,228400,20300
M16 [Stock Position (During the month)],16.4.1,Stock Position of 0.1 ml Syringes(AD),1. Balance From Previous Month,85124,2327,2695,600,6000,3700,350,1300,2600,5037,NA,1550,12570,NA,NA,3660,2060,2700,890,335,8000,0,5900,1200,8250,3000,8900,1500
M16 [Stock Position (During the month)],16.4.1,Stock Position of 0.1 ml Syringes(AD),2. Stocks Received,72600,0,9000,6000,0,3000,3000,1800,6000,0,NA,3000,0,NA,NA,3000,3000,6000,6000,NA,0,6000,9000,3000,0,3600,NA,1200
M16 [Stock Position (During the month)],16.4.1,Stock Position of 0.1 ml Syringes(AD),3. Unusable Stock,0,0,NA,NA,0,0,0,0,NA,0,NA,NA,NA,NA,NA,0,NA,NA,0,NA,0,0,NA,NA,0,0,NA,0
M16 [Stock Position (During the month)],16.4.1,Stock Position of 0.1 ml Syringes(AD),4. Stock Distributed,75621,2300,3870,2400,5800,2200,350,1000,8100,1800,NA,4350,3500,NA,NA,3570,3440,2980,4600,105,0,3533,9200,1800,1050,5573,2800,1300
M16 [Stock Position (During the month)],16.4.1,Stock Position of 0.1 ml Syringes(AD),5. Total Stock,82103,27,7825,4200,200,4500,3000,2100,500,3237,0,200,9070,0,0,3090,1620,5720,2290,230,8000,2467,5700,2400,7200,1027,6100,1400
M16 [Stock Position (During the month)],16.4.2,Stock Position of 0.5 ml Syringes(AD),1. Balance From Previous Month,2822369,16200,296800,113400,111500,87600,144600,74600,159000,17340,NA,221000,139700,NA,NA,46890,71400,120300,17000,84800,5000,102100,110500,72739,149940,375700,91660,192600
M16 [Stock Position (During the month)],16.4.2,Stock Position of 0.5 ml Syringes(AD),2. Stocks Received,148000,0,0,0,0,0,0,0,0,20000,NA,NA,0,NA,NA,0,15000,60000,8000,NA,0,0,NA,45000,0,0,NA,0
M16 [Stock Position (During the month)],16.4.2,Stock Position of 0.5 ml Syringes(AD),3. Unusable Stock,0,0,NA,0,0,0,0,0,NA,0,NA,NA,NA,NA,NA,0,NA,NA,0,NA,0,0,NA,NA,0,0,NA,0
M16 [Stock Position (During the month)],16.4.2,Stock Position of 0.5 ml Syringes(AD),4. Stock Distributed,306180,1200,0,0,39900,9400,7200,4000,24000,26990,NA,28800,17900,NA,NA,20800,30800,18800,8000,8415,0,15600,NA,23400,4775,7400,8800,0
M16 [Stock Position (During the month)],16.4.2,Stock Position of 0.5 ml Syringes(AD),5. Total Stock,2664189,15000,296800,113400,71600,78200,137400,70600,135000,10350,0,192200,121800,0,0,26090,55600,161500,17000,76385,5000,86500,110500,94339,145165,368300,82860,192600
M16 [Stock Position (During the month)],16.4.3,Stock Position of 5.0 ml Syringes(Disposable),1. Balance From Previous Month,209845,6000,8300,4000,2200,3550,4500,2700,20700,1200,NA,6570,1200,NA,NA,6210,4080,8230,5300,6405,5000,3200,15910,1900,58990,3100,27000,3600
M16 [Stock Position (During the month)],16.4.3,Stock Position of 5.0 ml Syringes(Disposable),2. Stocks Received,289200,2700,4000,0,0,2000,0,2000,0,10000,NA,NA,6000,120000,NA,4000,4000,4000,2000,NA,0,0,NA,4000,120000,4500,NA,0
M16 [Stock Position (During the month)],16.4.3,Stock Position of 5.0 ml Syringes(Disposable),3. Unusable Stock,0,0,NA,0,0,0,0,0,NA,0,NA,NA,NA,0,NA,0,NA,NA,0,NA,0,0,NA,NA,0,0,NA,0
M16 [Stock Position (During the month)],16.4.3,Stock Position of 5.0 ml Syringes(Disposable),4. Stock Distributed,138447,3400,2600,0,2200,0,400,1300,700,2800,NA,3500,2600,51700,NA,3050,3650,4400,500,805,0,3200,NA,2500,44842,3200,400,700
M16 [Stock Position (During the month)],16.4.3,Stock Position of 5.0 ml Syringes(Disposable),5. Total Stock,360598,5300,9700,4000,0,5550,4100,3400,20000,8400,0,3070,4600,68300,0,7160,4430,7830,6800,5600,5000,0,15910,3400,134148,4400,26600,2900
M17 [Details of deaths reported during the month with probable causes:],17.1,Number of cases of Infant deaths within 24 hrs of birth,TOTAL,22,NA,2,2,1,NA,NA,NA,1,NA,NA,1,NA,NA,NA,NA,NA,2,NA,NA,6,NA,NA,NA,4,2,1,NA
M17 [Details of deaths reported during the month with probable causes:],17.2.1,Number of cases of Infant deaths 24 hours to 4 weeks of birth with the probable cause being Sepsis,1. Up to 1 Weeks of Birth,29,NA,6,NA,NA,NA,NA,NA,NA,5,NA,NA,NA,2,NA,15,NA,NA,NA,1,NA,NA,NA,NA,NA,NA,NA,NA
M17 [Details of deaths reported during the month with probable causes:],17.2.1,Number of cases of Infant deaths 24 hours to 4 weeks of birth with the probable cause being Sepsis,2. Between 1 week & 4 weeks of birth,10,NA,1,NA,NA,NA,NA,NA,NA,NA,NA,NA,NA,NA,NA,9,NA,NA,NA,NA,NA,NA,NA,NA,NA,NA,NA,NA
M17 [Details of deaths reported during the month with probable causes:],17.2.1,Number of cases of Infant deaths 24 hours to 4 weeks of birth with the probable cause being Sepsis,3. Total,39,NA,7,NA,NA,NA,NA,NA,NA,5,NA,NA,NA,2,NA,24,NA,NA,NA,1,NA,NA,NA,NA,NA,NA,NA,NA
M17 [Details of deaths reported during the month with probable causes:],17.2.2,Number of cases of Infant deaths 24 hours to 4 weeks of birth with the probable cause being Asphyxia,1. Up to 1 Weeks of Birth,121,NA,39,2,1,NA,NA,NA,NA,NA,NA,12,NA,7,NA,48,NA,NA,1,NA,6,NA,2,1,NA,NA,NA,2
M17 [Details of deaths reported during the month with probable causes:],17.2.2,Number of cases of Infant deaths 24 hours to 4 weeks of birth with the probable cause being Asphyxia,2. Between 1 week & 4 weeks of birth,5,NA,NA,NA,NA,NA,NA,NA,NA,NA,NA,NA,NA,NA,NA,5,NA,NA,NA,NA,NA,NA,NA,NA,NA,NA,NA,NA
M17 [Details of deaths reported during the month with probable causes:],17.2.2,Number of cases of Infant deaths 24 hours to 4 weeks of birth with the probable cause being Asphyxia,3. Total,126,NA,39,2,1,NA,NA,NA,NA,NA,NA,12,NA,7,NA,53,NA,NA,1,NA,6,NA,2,1,NA,NA,NA,2
M17 [Details of deaths reported during the month with probable causes:],17.2.3,Number of cases of Infant deaths 24 hours to 4 weeks of birth with the probable cause being LBW,1. Up to 1 Weeks of Birth,59,NA,18,1,1,NA,1,3,6,NA,NA,4,1,3,NA,NA,1,2,NA,NA,4,3,4,3,1,2,1,NA
M17 [Details of deaths reported during the month with probable causes:],17.2.3,Number of cases of Infant deaths 24 hours to 4 weeks of birth with the probable cause being LBW,2. Between 1 week & 4 weeks of birth,2,NA,NA,NA,NA,NA,NA,NA,NA,NA,NA,NA,NA,NA,NA,NA,NA,1,NA,NA,NA,NA,NA,NA,NA,1,NA,NA
M17 [Details of deaths reported during the month with probable causes:],17.2.3,Number of cases of Infant deaths 24 hours to 4 weeks of birth with the probable cause being LBW,3. Total,61,NA,18,1,1,NA,1,3,6,NA,NA,4,1,3,NA,NA,1,3,NA,NA,4,3,4,3,1,3,1,NA
M17 [Details of deaths reported during the month with probable causes:],17.2.4,"Number of cases of Infant deaths 24 hours to 4 weeks of birth with the probable cause being other than Sepsis, Asphyxia and LBW",1. Up to 1 Weeks of Birth,74,4,4,2,4,2,2,5,6,1,1,7,1,2,NA,15,NA,NA,3,NA,2,NA,5,1,1,1,4,1
M17 [Details of deaths reported during the month with probable causes:],17.2.4,"Number of cases of Infant deaths 24 hours to 4 weeks of birth with the probable cause being other than Sepsis, Asphyxia and LBW",2. Between 1 week & 4 weeks of birth,2,NA,NA,NA,NA,NA,NA,NA,NA,NA,NA,NA,NA,NA,NA,2,NA,NA,NA,NA,NA,NA,NA,NA,NA,NA,NA,NA
M17 [Details of deaths reported during the month with probable causes:],17.2.4,"Number of cases of Infant deaths 24 hours to 4 weeks of birth with the probable cause being other than Sepsis, Asphyxia and LBW",3. Total,76,4,4,2,4,2,2,5,6,1,1,7,1,2,NA,17,NA,NA,3,NA,2,NA,5,1,1,1,4,1
M17 [Details of deaths reported during the month with probable causes:],17.3.1,Number of cases of Infant or Child deaths between 1 month to 5 years of age with the probable cause being Pneumonia,1. Between 1 month and 11 months,21,1,2,2,NA,NA,1,NA,NA,NA,NA,3,NA,NA,NA,1,NA,NA,NA,NA,4,5,1,NA,1,NA,NA,NA
M17 [Details of deaths reported during the month with probable causes:],17.3.1,Number of cases of Infant or Child deaths between 1 month to 5 years of age with the probable cause being Pneumonia,2. Between 1 year & 5 years,4,NA,NA,NA,NA,NA,NA,NA,NA,NA,NA,3,NA,1,NA,NA,NA,NA,NA,NA,NA,NA,NA,NA,NA,NA,NA,NA
M17 [Details of deaths reported during the month with probable causes:],17.3.1,Number of cases of Infant or Child deaths between 1 month to 5 years of age with the probable cause being Pneumonia,3. Total,25,1,2,2,NA,NA,1,NA,NA,NA,NA,6,NA,1,NA,1,NA,NA,NA,NA,4,5,1,NA,1,NA,NA,NA
M17 [Details of deaths reported during the month with probable causes:],17.3.2,Number of cases of Infant or Child deaths between 1 month to 5 years of age with the probable cause being Diarrhoea,1. Between 1 month and 11 months,1,NA,1,NA,NA,NA,NA,NA,NA,NA,NA,NA,NA,NA,NA,NA,NA,NA,NA,NA,NA,NA,NA,NA,NA,NA,NA,NA
M17 [Details of deaths reported during the month with probable causes:],17.3.2,Number of cases of Infant or Child deaths between 1 month to 5 years of age with the probable cause being Diarrhoea,2. Between 1 year & 5 years,NA,NA,NA,NA,NA,NA,NA,NA,NA,NA,NA,NA,NA,NA,NA,NA,NA,NA,NA,NA,NA,NA,NA,NA,NA,NA,NA,NA
M17 [Details of deaths reported during the month with probable causes:],17.3.2,Number of cases of Infant or Child deaths between 1 month to 5 years of age with the probable cause being Diarrhoea,3. Total,1,NA,1,NA,NA,NA,NA,NA,NA,NA,NA,NA,NA,NA,NA,NA,NA,NA,NA,NA,NA,NA,NA,NA,NA,NA,NA,NA
M17 [Details of deaths reported during the month with probable causes:],17.3.3,Number of cases of Infant or Child deaths between 1 month to 5 years of age with the probable cause being Fever related,1. Between 1 month and 11 months,12,2,NA,1,1,1,NA,NA,NA,2,NA,1,1,NA,NA,NA,NA,NA,NA,NA,NA,3,NA,NA,NA,NA,NA,NA
M17 [Details of deaths reported during the month with probable causes:],17.3.3,Number of cases of Infant or Child deaths between 1 month to 5 years of age with the probable cause being Fever related,2. Between 1 year & 5 years,NA,NA,NA,NA,NA,NA,NA,NA,NA,NA,NA,NA,NA,NA,NA,NA,NA,NA,NA,NA,NA,NA,NA,NA,NA,NA,NA,NA
M17 [Details of deaths reported during the month with probable causes:],17.3.3,Number of cases of Infant or Child deaths between 1 month to 5 years of age with the probable cause being Fever related,3. Total,12,2,NA,1,1,1,NA,NA,NA,2,NA,1,1,NA,NA,NA,NA,NA,NA,NA,NA,3,NA,NA,NA,NA,NA,NA
M17 [Details of deaths reported during the month with probable causes:],17.3.4,Number of cases of Infant or Child deaths between 1 month to 5 years of age with the probable cause being Measles,1. Between 1 month and 11 months,NA,NA,NA,NA,NA,NA,NA,NA,NA,NA,NA,NA,NA,NA,NA,NA,NA,NA,NA,NA,NA,NA,NA,NA,NA,NA,NA,NA
M17 [Details of deaths reported during the month with probable causes:],17.3.4,Number of cases of Infant or Child deaths between 1 month to 5 years of age with the probable cause being Measles,2. Between 1 year & 5 years,NA,NA,NA,NA,NA,NA,NA,NA,NA,NA,NA,NA,NA,NA,NA,NA,NA,NA,NA,NA,NA,NA,NA,NA,NA,NA,NA,NA
M17 [Details of deaths reported during the month with probable causes:],17.3.4,Number of cases of Infant or Child deaths between 1 month to 5 years of age with the probable cause being Measles,3. Total,NA,NA,NA,NA,NA,NA,NA,NA,NA,NA,NA,NA,NA,NA,NA,NA,NA,NA,NA,NA,NA,NA,NA,NA,NA,NA,NA,NA
M17 [Details of deaths reported during the month with probable causes:],17.3.5,"Number of cases of Infant or Child deaths between 1 month to 5 years of age with the probable cause being other than Pneumonia, Diarrhoea, Fever related and Measles",1. Between 1 month and 11 months,57,1,1,3,5,2,2,1,1,NA,1,5,2,7,NA,2,2,1,3,NA,7,4,1,NA,2,2,NA,2
M17 [Details of deaths reported during the month with probable causes:],17.3.5,"Number of cases of Infant or Child deaths between 1 month to 5 years of age with the probable cause being other than Pneumonia, Diarrhoea, Fever related and Measles",2. Between 1 year & 5 years,29,1,5,1,4,NA,NA,2,NA,NA,NA,6,NA,1,NA,NA,NA,NA,NA,NA,2,2,1,NA,2,2,NA,NA
M17 [Details of deaths reported during the month with probable causes:],17.3.5,"Number of cases of Infant or Child deaths between 1 month to 5 years of age with the probable cause being other than Pneumonia, Diarrhoea, Fever related and Measles",3. Total,86,2,6,4,9,2,2,3,1,NA,1,11,2,8,NA,2,2,1,3,NA,9,6,2,NA,4,4,NA,2
M17 [Details of deaths reported during the month with probable causes:],17.4.1,Number of cases of Adolescent or Adult deaths (age 6 years & above) with the probable cause being Diarrhoeal diseases,1. 6-14 yrs,NA,NA,NA,NA,NA,NA,NA,NA,NA,NA,NA,NA,NA,NA,NA,NA,NA,NA,NA,NA,NA,NA,NA,NA,NA,NA,NA,NA
M17 [Details of deaths reported during the month with probable causes:],17.4.1,Number of cases of Adolescent or Adult deaths (age 6 years & above) with the probable cause being Diarrhoeal diseases,2. 15-55 yrs.,1,NA,NA,NA,NA,NA,NA,NA,NA,NA,NA,NA,NA,1,NA,NA,NA,NA,NA,NA,NA,NA,NA,NA,NA,NA,NA,NA
M17 [Details of deaths reported during the month with probable causes:],17.4.1,Number of cases of Adolescent or Adult deaths (age 6 years & above) with the probable cause being Diarrhoeal diseases,3. Above 55 yrs.,5,NA,NA,NA,NA,NA,NA,1,NA,NA,NA,NA,NA,NA,NA,NA,NA,NA,NA,1,NA,1,NA,NA,NA,NA,2,NA
M17 [Details of deaths reported during the month with probable causes:],17.4.1,Number of cases of Adolescent or Adult deaths (age 6 years & above) with the probable cause being Diarrhoeal diseases,4. Total,6,NA,NA,NA,NA,NA,NA,1,NA,NA,NA,NA,NA,1,NA,NA,NA,NA,NA,1,NA,1,NA,NA,NA,NA,2,NA
M17 [Details of deaths reported during the month with probable causes:],17.4.2,Number of cases of Adolescent or Adult deaths (age 6 years & above) with the probable cause being Tuberculosis,1. 6-14 yrs,NA,NA,NA,NA,NA,NA,NA,NA,NA,NA,NA,NA,NA,NA,NA,NA,NA,NA,NA,NA,NA,NA,NA,NA,NA,NA,NA,NA
M17 [Details of deaths reported during the month with probable causes:],17.4.2,Number of cases of Adolescent or Adult deaths (age 6 years & above) with the probable cause being Tuberculosis,2. 15-55 yrs.,27,NA,1,NA,NA,NA,NA,1,1,NA,NA,1,2,2,NA,NA,NA,2,NA,NA,1,NA,NA,NA,3,3,10,NA
M17 [Details of deaths reported during the month with probable causes:],17.4.2,Number of cases of Adolescent or Adult deaths (age 6 years & above) with the probable cause being Tuberculosis,3. Above 55 yrs.,16,NA,2,NA,NA,NA,1,NA,4,NA,NA,NA,2,1,NA,NA,NA,NA,NA,NA,1,1,NA,NA,2,NA,1,1
M17 [Details of deaths reported during the month with probable causes:],17.4.2,Number of cases of Adolescent or Adult deaths (age 6 years & above) with the probable cause being Tuberculosis,4. Total,43,NA,3,NA,NA,NA,1,1,5,NA,NA,1,4,3,NA,NA,NA,2,NA,NA,2,1,NA,NA,5,3,11,1
M17 [Details of deaths reported during the month with probable causes:],17.4.3,Number of cases of Adolescent or Adult deaths (age 6 years & above) with the probable cause being Respiratory diseases including infections,1. 6-14 yrs,1,NA,1,NA,NA,NA,NA,NA,NA,NA,NA,NA,NA,NA,NA,NA,NA,NA,NA,NA,NA,NA,NA,NA,NA,NA,NA,NA
M17 [Details of deaths reported during the month with probable causes:],17.4.3,Number of cases of Adolescent or Adult deaths (age 6 years & above) with the probable cause being Respiratory diseases including infections,2. 15-55 yrs.,29,NA,1,NA,NA,NA,1,2,NA,1,NA,NA,NA,3,NA,NA,NA,1,NA,1,NA,NA,NA,5,2,1,10,1
M17 [Details of deaths reported during the month with probable causes:],17.4.3,Number of cases of Adolescent or Adult deaths (age 6 years & above) with the probable cause being Respiratory diseases including infections,3. Above 55 yrs.,33,1,NA,NA,NA,NA,1,NA,NA,2,2,NA,4,5,1,NA,1,NA,1,2,1,NA,NA,5,NA,4,2,1
M17 [Details of deaths reported during the month with probable causes:],17.4.3,Number of cases of Adolescent or Adult deaths (age 6 years & above) with the probable cause being Respiratory diseases including infections,4. Total,63,1,2,NA,NA,NA,2,2,NA,3,2,NA,4,8,1,NA,1,1,1,3,1,NA,NA,10,2,5,12,2
M17 [Details of deaths reported during the month with probable causes:],17.4.4,Number of cases of Adolescent or Adult deaths (age 6 years & above) with the probable cause being Malaria,1. 6-14 yrs,NA,NA,NA,NA,NA,NA,NA,NA,NA,NA,NA,NA,NA,NA,NA,NA,NA,NA,NA,NA,NA,NA,NA,NA,NA,NA,NA,NA
M17 [Details of deaths reported during the month with probable causes:],17.4.4,Number of cases of Adolescent or Adult deaths (age 6 years & above) with the probable cause being Malaria,2. 15-55 yrs.,2,NA,NA,NA,NA,NA,NA,NA,NA,NA,NA,NA,NA,NA,NA,NA,NA,1,NA,NA,NA,1,NA,NA,NA,NA,NA,NA
M17 [Details of deaths reported during the month with probable causes:],17.4.4,Number of cases of Adolescent or Adult deaths (age 6 years & above) with the probable cause being Malaria,3. Above 55 yrs.,1,NA,NA,NA,NA,NA,NA,NA,NA,NA,NA,NA,NA,NA,NA,NA,NA,1,NA,NA,NA,NA,NA,NA,NA,NA,NA,NA
M17 [Details of deaths reported during the month with probable causes:],17.4.4,Number of cases of Adolescent or Adult deaths (age 6 years & above) with the probable cause being Malaria,4. Total,3,NA,NA,NA,NA,NA,NA,NA,NA,NA,NA,NA,NA,NA,NA,NA,NA,2,NA,NA,NA,1,NA,NA,NA,NA,NA,NA
M17 [Details of deaths reported during the month with probable causes:],17.4.5,Number of cases of Adolescent or Adult deaths (age 6 years & above) with the probable cause being other Fever related,1. 6-14 yrs,7,NA,1,NA,NA,NA,NA,NA,2,NA,NA,1,NA,NA,NA,NA,NA,NA,NA,NA,NA,NA,NA,1,1,NA,1,NA
M17 [Details of deaths reported during the month with probable causes:],17.4.5,Number of cases of Adolescent or Adult deaths (age 6 years & above) with the probable cause being other Fever related,2. 15-55 yrs.,24,NA,1,NA,NA,NA,NA,NA,NA,NA,NA,2,NA,2,NA,NA,NA,1,NA,NA,NA,6,1,NA,6,NA,2,3
M17 [Details of deaths reported during the month with probable causes:],17.4.5,Number of cases of Adolescent or Adult deaths (age 6 years & above) with the probable cause being other Fever related,3. Above 55 yrs.,49,10,1,2,NA,NA,2,NA,10,NA,2,1,1,4,NA,NA,1,1,NA,NA,NA,5,1,NA,NA,3,1,4
M17 [Details of deaths reported during the month with probable causes:],17.4.5,Number of cases of Adolescent or Adult deaths (age 6 years & above) with the probable cause being other Fever related,4. Total,80,10,3,2,NA,NA,2,NA,12,NA,2,4,1,6,NA,NA,1,2,NA,NA,NA,11,2,1,7,3,4,7
M17 [Details of deaths reported during the month with probable causes:],17.4.6,Number of cases of Adolescent or Adult deaths (age 6 years & above) with the probable cause being HIV/AIDS,1. 6-14 yrs,NA,NA,NA,NA,NA,NA,NA,NA,NA,NA,NA,NA,NA,NA,NA,NA,NA,NA,NA,NA,NA,NA,NA,NA,NA,NA,NA,NA
M17 [Details of deaths reported during the month with probable causes:],17.4.6,Number of cases of Adolescent or Adult deaths (age 6 years & above) with the probable cause being HIV/AIDS,2. 15-55 yrs.,NA,NA,NA,NA,NA,NA,NA,NA,NA,NA,NA,NA,NA,NA,NA,NA,NA,NA,NA,NA,NA,NA,NA,NA,NA,NA,NA,NA
M17 [Details of deaths reported during the month with probable causes:],17.4.6,Number of cases of Adolescent or Adult deaths (age 6 years & above) with the probable cause being HIV/AIDS,3. Above 55 yrs.,1,NA,NA,NA,NA,NA,NA,NA,NA,NA,NA,NA,NA,NA,NA,NA,NA,NA,NA,NA,NA,NA,NA,NA,NA,1,NA,NA
M17 [Details of deaths reported during the month with probable causes:],17.4.6,Number of cases of Adolescent or Adult deaths (age 6 years & above) with the probable cause being HIV/AIDS,4. Total,1,NA,NA,NA,NA,NA,NA,NA,NA,NA,NA,NA,NA,NA,NA,NA,NA,NA,NA,NA,NA,NA,NA,NA,NA,1,NA,NA
M17 [Details of deaths reported during the month with probable causes:],17.4.7,Number of cases of Adolescent or Adult deaths (age 6 years & above) with the probable cause being Heart disease or related to Hypertension,1. 6-14 yrs,2,NA,NA,NA,NA,NA,NA,NA,NA,NA,NA,NA,NA,NA,NA,NA,NA,NA,NA,NA,NA,NA,NA,NA,NA,NA,NA,2
M17 [Details of deaths reported during the month with probable causes:],17.4.7,Number of cases of Adolescent or Adult deaths (age 6 years & above) with the probable cause being Heart disease or related to Hypertension,2. 15-55 yrs.,113,14,7,2,2,NA,1,2,8,2,2,4,8,5,NA,NA,1,2,2,3,NA,5,3,2,10,6,11,11
M17 [Details of deaths reported during the month with probable causes:],17.4.7,Number of cases of Adolescent or Adult deaths (age 6 years & above) with the probable cause being Heart disease or related to Hypertension,3. Above 55 yrs.,147,2,7,4,7,NA,5,3,11,NA,2,3,8,5,NA,NA,10,1,1,5,2,14,7,2,7,20,12,9
M17 [Details of deaths reported during the month with probable causes:],17.4.7,Number of cases of Adolescent or Adult deaths (age 6 years & above) with the probable cause being Heart disease or related to Hypertension,4. Total,262,16,14,6,9,NA,6,5,19,2,4,7,16,10,NA,NA,11,3,3,8,2,19,10,4,17,26,23,22
M17 [Details of deaths reported during the month with probable causes:],17.4.8,Number of cases of Adolescent or Adult deaths (age 6 years & above) with the probable cause being Neurological disease including strokes,1. 6-14 yrs,NA,NA,NA,NA,NA,NA,NA,NA,NA,NA,NA,NA,NA,NA,NA,NA,NA,NA,NA,NA,NA,NA,NA,NA,NA,NA,NA,NA
M17 [Details of deaths reported during the month with probable causes:],17.4.8,Number of cases of Adolescent or Adult deaths (age 6 years & above) with the probable cause being Neurological disease including strokes,2. 15-55 yrs.,18,NA,2,NA,NA,NA,2,NA,NA,3,NA,NA,2,2,NA,NA,NA,NA,NA,NA,NA,2,NA,NA,NA,NA,2,3
M17 [Details of deaths reported during the month with probable causes:],17.4.8,Number of cases of Adolescent or Adult deaths (age 6 years & above) with the probable cause being Neurological disease including strokes,3. Above 55 yrs.,35,3,2,1,5,NA,2,NA,NA,2,3,NA,1,1,NA,NA,NA,NA,NA,NA,2,2,NA,1,4,4,1,1
M17 [Details of deaths reported during the month with probable causes:],17.4.8,Number of cases of Adolescent or Adult deaths (age 6 years & above) with the probable cause being Neurological disease including strokes,4. Total,53,3,4,1,5,NA,4,NA,NA,5,3,NA,3,3,NA,NA,NA,NA,NA,NA,2,4,NA,1,4,4,3,4
M17 [Details of deaths reported during the month with probable causes:],17.4.9(a),Number of cases of Maternal deaths (age 15-49 years) with the probable cause being Abortion,1. 6-14 yrs,NA,NA,NA,NA,NA,NA,NA,NA,NA,NA,NA,NA,NA,NA,NA,NA,NA,NA,NA,NA,NA,NA,NA,NA,NA,NA,NA,NA
M17 [Details of deaths reported during the month with probable causes:],17.4.9(a),Number of cases of Maternal deaths (age 15-49 years) with the probable cause being Abortion,2. 15-49 yrs,1,NA,NA,NA,NA,NA,NA,NA,NA,NA,NA,NA,NA,NA,NA,NA,NA,NA,NA,NA,NA,NA,NA,NA,NA,1,NA,NA
M17 [Details of deaths reported during the month with probable causes:],17.4.9(a),Number of cases of Maternal deaths (age 15-49 years) with the probable cause being Abortion,3. Above 49 yrs.,NA,NA,NA,NA,NA,NA,NA,NA,NA,NA,NA,NA,NA,NA,NA,NA,NA,NA,NA,NA,NA,NA,NA,NA,NA,NA,NA,NA
M17 [Details of deaths reported during the month with probable causes:],17.4.9(a),Number of cases of Maternal deaths (age 15-49 years) with the probable cause being Abortion,4. Total,1,NA,NA,NA,NA,NA,NA,NA,NA,NA,NA,NA,NA,NA,NA,NA,NA,NA,NA,NA,NA,NA,NA,NA,NA,1,NA,NA
M17 [Details of deaths reported during the month with probable causes:],17.4.9(b),Number of cases of Maternal deaths (age 15-49 years) with the probable cause being Obstructed or prolonged labour,1. 6-14 yrs,NA,NA,NA,NA,NA,NA,NA,NA,NA,NA,NA,NA,NA,NA,NA,NA,NA,NA,NA,NA,NA,NA,NA,NA,NA,NA,NA,NA
M17 [Details of deaths reported during the month with probable causes:],17.4.9(b),Number of cases of Maternal deaths (age 15-49 years) with the probable cause being Obstructed or prolonged labour,2. 15-49 yrs,3,NA,NA,NA,NA,NA,NA,NA,1,NA,NA,NA,NA,NA,NA,NA,NA,1,NA,NA,NA,NA,NA,NA,NA,NA,1,NA
M17 [Details of deaths reported during the month with probable causes:],17.4.9(b),Number of cases of Maternal deaths (age 15-49 years) with the probable cause being Obstructed or prolonged labour,3. Above 49 yrs.,NA,NA,NA,NA,NA,NA,NA,NA,NA,NA,NA,NA,NA,NA,NA,NA,NA,NA,NA,NA,NA,NA,NA,NA,NA,NA,NA,NA
M17 [Details of deaths reported during the month with probable causes:],17.4.9(b),Number of cases of Maternal deaths (age 15-49 years) with the probable cause being Obstructed or prolonged labour,4. Total,3,NA,NA,NA,NA,NA,NA,NA,1,NA,NA,NA,NA,NA,NA,NA,NA,1,NA,NA,NA,NA,NA,NA,NA,NA,1,NA
M17 [Details of deaths reported during the month with probable causes:],17.4.9(c),Number of cases of Maternal deaths (age 15-49 years) with the probable cause being Severe hypertesnion or fits,1. 6-14 yrs,NA,NA,NA,NA,NA,NA,NA,NA,NA,NA,NA,NA,NA,NA,NA,NA,NA,NA,NA,NA,NA,NA,NA,NA,NA,NA,NA,NA
M17 [Details of deaths reported during the month with probable causes:],17.4.9(c),Number of cases of Maternal deaths (age 15-49 years) with the probable cause being Severe hypertesnion or fits,2. 15-49 yrs,2,NA,NA,NA,NA,NA,NA,NA,NA,NA,NA,NA,NA,1,NA,NA,NA,NA,NA,NA,NA,NA,NA,NA,1,NA,NA,NA
M17 [Details of deaths reported during the month with probable causes:],17.4.9(c),Number of cases of Maternal deaths (age 15-49 years) with the probable cause being Severe hypertesnion or fits,3. Above 49 yrs.,NA,NA,NA,NA,NA,NA,NA,NA,NA,NA,NA,NA,NA,NA,NA,NA,NA,NA,NA,NA,NA,NA,NA,NA,NA,NA,NA,NA
M17 [Details of deaths reported during the month with probable causes:],17.4.9(c),Number of cases of Maternal deaths (age 15-49 years) with the probable cause being Severe hypertesnion or fits,4. Total,2,NA,NA,NA,NA,NA,NA,NA,NA,NA,NA,NA,NA,1,NA,NA,NA,NA,NA,NA,NA,NA,NA,NA,1,NA,NA,NA
M17 [Details of deaths reported during the month with probable causes:],17.4.9(d),Number of cases of Maternal deaths (age 15-49 years) with the probable cause being Bleeding,1. 6-14 yrs,NA,NA,NA,NA,NA,NA,NA,NA,NA,NA,NA,NA,NA,NA,NA,NA,NA,NA,NA,NA,NA,NA,NA,NA,NA,NA,NA,NA
M17 [Details of deaths reported during the month with probable causes:],17.4.9(d),Number of cases of Maternal deaths (age 15-49 years) with the probable cause being Bleeding,2. 15-49 yrs,9,NA,NA,NA,NA,NA,NA,NA,2,NA,NA,NA,NA,NA,NA,NA,NA,NA,1,NA,NA,2,1,NA,NA,2,1,NA
M17 [Details of deaths reported during the month with probable causes:],17.4.9(d),Number of cases of Maternal deaths (age 15-49 years) with the probable cause being Bleeding,3. Above 49 yrs.,NA,NA,NA,NA,NA,NA,NA,NA,NA,NA,NA,NA,NA,NA,NA,NA,NA,NA,NA,NA,NA,NA,NA,NA,NA,NA,NA,NA
M17 [Details of deaths reported during the month with probable causes:],17.4.9(d),Number of cases of Maternal deaths (age 15-49 years) with the probable cause being Bleeding,4. Total,9,NA,NA,NA,NA,NA,NA,NA,2,NA,NA,NA,NA,NA,NA,NA,NA,NA,1,NA,NA,2,1,NA,NA,2,1,NA
M17 [Details of deaths reported during the month with probable causes:],17.4.9(e),Number of cases of Maternal deaths (age 15-49 years) with the probable cause being High Fever,1. 6-14 yrs,NA,NA,NA,NA,NA,NA,NA,NA,NA,NA,NA,NA,NA,NA,NA,NA,NA,NA,NA,NA,NA,NA,NA,NA,NA,NA,NA,NA
M17 [Details of deaths reported during the month with probable causes:],17.4.9(e),Number of cases of Maternal deaths (age 15-49 years) with the probable cause being High Fever,2. 15-49 yrs,1,NA,NA,NA,NA,NA,NA,NA,NA,NA,NA,NA,NA,NA,NA,NA,NA,NA,NA,NA,NA,NA,NA,NA,NA,NA,NA,1
M17 [Details of deaths reported during the month with probable causes:],17.4.9(e),Number of cases of Maternal deaths (age 15-49 years) with the probable cause being High Fever,3. Above 49 yrs.,NA,NA,NA,NA,NA,NA,NA,NA,NA,NA,NA,NA,NA,NA,NA,NA,NA,NA,NA,NA,NA,NA,NA,NA,NA,NA,NA,NA
M17 [Details of deaths reported during the month with probable causes:],17.4.9(e),Number of cases of Maternal deaths (age 15-49 years) with the probable cause being High Fever,4. Total,1,NA,NA,NA,NA,NA,NA,NA,NA,NA,NA,NA,NA,NA,NA,NA,NA,NA,NA,NA,NA,NA,NA,NA,NA,NA,NA,1
M17 [Details of deaths reported during the month with probable causes:],17.4.9(f),Number of cases of Maternal deaths (age 15-49 years) with the probable cause being other causes (excluding abortion; obstructed or prolonged labour; severe hypertension or fits;,1. 6-14 yrs,NA,NA,NA,NA,NA,NA,NA,NA,NA,NA,NA,NA,NA,NA,NA,NA,NA,NA,NA,NA,NA,NA,NA,NA,NA,NA,NA,NA
M17 [Details of deaths reported during the month with probable causes:],17.4.9(f),Number of cases of Maternal deaths (age 15-49 years) with the probable cause being other causes (excluding abortion; obstructed or prolonged labour; severe hypertension or fits;,2. 15-49 yrs,31,NA,1,1,1,NA,NA,1,2,NA,2,NA,NA,1,1,6,NA,2,NA,NA,3,1,3,NA,1,1,2,2
M17 [Details of deaths reported during the month with probable causes:],17.4.9(f),Number of cases of Maternal deaths (age 15-49 years) with the probable cause being other causes (excluding abortion; obstructed or prolonged labour; severe hypertension or fits;,3. Above 49 yrs.,NA,NA,NA,NA,NA,NA,NA,NA,NA,NA,NA,NA,NA,NA,NA,NA,NA,NA,NA,NA,NA,NA,NA,NA,NA,NA,NA,NA
M17 [Details of deaths reported during the month with probable causes:],17.4.9(f),Number of cases of Maternal deaths (age 15-49 years) with the probable cause being other causes (excluding abortion; obstructed or prolonged labour; severe hypertension or fits;,4. Total,31,NA,1,1,1,NA,NA,1,2,NA,2,NA,NA,1,1,6,NA,2,NA,NA,3,1,3,NA,1,1,2,2
M17 [Details of deaths reported during the month with probable causes:],17.4.10,Number of cases of Adolescent or Adult deaths (age 6 years & above) with the probable cause being Trauma or Accidents or Burn cases,1. 6-14 yrs,15,NA,1,NA,NA,NA,NA,1,1,NA,NA,2,1,1,NA,NA,2,NA,1,NA,1,1,1,NA,NA,NA,1,1
M17 [Details of deaths reported during the month with probable causes:],17.4.10,Number of cases of Adolescent or Adult deaths (age 6 years & above) with the probable cause being Trauma or Accidents or Burn cases,2. 15-55 yrs.,76,NA,5,2,2,NA,2,5,3,5,3,4,2,2,NA,NA,9,1,1,1,4,3,2,1,1,5,5,8
M17 [Details of deaths reported during the month with probable causes:],17.4.10,Number of cases of Adolescent or Adult deaths (age 6 years & above) with the probable cause being Trauma or Accidents or Burn cases,3. Above 55 yrs.,22,1,1,NA,NA,NA,1,1,2,2,1,2,NA,1,NA,NA,NA,NA,NA,NA,NA,1,1,NA,2,3,1,2
M17 [Details of deaths reported during the month with probable causes:],17.4.10,Number of cases of Adolescent or Adult deaths (age 6 years & above) with the probable cause being Trauma or Accidents or Burn cases,4. Total,113,1,7,2,2,NA,3,7,6,7,4,8,3,4,NA,NA,11,1,2,1,5,5,4,1,3,8,7,11
M17 [Details of deaths reported during the month with probable causes:],17.4.11,Number of cases of Adolescent or Adult deaths (age 6 years & above) with the probable cause being suicide,1. 6-14 yrs,3,NA,NA,NA,NA,NA,NA,NA,NA,NA,NA,NA,NA,NA,NA,NA,3,NA,NA,NA,NA,NA,NA,NA,NA,NA,NA,NA
M17 [Details of deaths reported during the month with probable causes:],17.4.11,Number of cases of Adolescent or Adult deaths (age 6 years & above) with the probable cause being suicide,2. 15-55 yrs.,56,4,6,3,1,NA,2,NA,2,1,1,1,2,2,1,NA,2,2,1,NA,NA,7,1,1,3,1,5,7
M17 [Details of deaths reported during the month with probable causes:],17.4.11,Number of cases of Adolescent or Adult deaths (age 6 years & above) with the probable cause being suicide,3. Above 55 yrs.,9,2,1,1,NA,NA,NA,NA,1,NA,NA,1,NA,1,NA,NA,NA,NA,NA,NA,NA,NA,NA,NA,1,NA,1,NA
M17 [Details of deaths reported during the month with probable causes:],17.4.11,Number of cases of Adolescent or Adult deaths (age 6 years & above) with the probable cause being suicide,4. Total,68,6,7,4,1,NA,2,NA,3,1,1,2,2,3,1,NA,5,2,1,NA,NA,7,1,1,4,1,6,7
M17 [Details of deaths reported during the month with probable causes:],17.4.12,Number of cases of Adolescent or Adult deaths (age 6 years & above) with the probable cause being Animal bites and stings,1. 6-14 yrs,3,NA,NA,NA,NA,NA,NA,NA,1,NA,NA,NA,NA,NA,NA,NA,NA,NA,NA,NA,1,1,NA,NA,NA,NA,NA,NA
M17 [Details of deaths reported during the month with probable causes:],17.4.12,Number of cases of Adolescent or Adult deaths (age 6 years & above) with the probable cause being Animal bites and stings,2. 15-55 yrs.,6,NA,NA,NA,NA,NA,NA,NA,NA,NA,NA,NA,NA,NA,NA,NA,1,NA,NA,NA,NA,NA,NA,NA,1,3,NA,1
M17 [Details of deaths reported during the month with probable causes:],17.4.12,Number of cases of Adolescent or Adult deaths (age 6 years & above) with the probable cause being Animal bites and stings,3. Above 55 yrs.,2,NA,1,NA,NA,NA,NA,NA,NA,NA,NA,NA,NA,NA,NA,NA,1,NA,NA,NA,NA,NA,NA,NA,NA,NA,NA,NA
M17 [Details of deaths reported during the month with probable causes:],17.4.12,Number of cases of Adolescent or Adult deaths (age 6 years & above) with the probable cause being Animal bites and stings,4. Total,11,NA,1,NA,NA,NA,NA,NA,1,NA,NA,NA,NA,NA,NA,NA,2,NA,NA,NA,1,1,NA,NA,1,3,NA,1
M17 [Details of deaths reported during the month with probable causes:],17.4.13(a),Number of cases of Adolescent or Adult deaths (age 6 years & above) with the probable cause being Known Acute disease,1. 6-14 yrs,3,NA,NA,NA,NA,NA,NA,NA,NA,NA,NA,1,NA,NA,NA,NA,NA,NA,NA,NA,NA,NA,NA,NA,1,NA,1,NA
M17 [Details of deaths reported during the month with probable causes:],17.4.13(a),Number of cases of Adolescent or Adult deaths (age 6 years & above) with the probable cause being Known Acute disease,2. 15-55 yrs.,62,1,3,2,3,NA,3,2,2,2,4,1,2,2,NA,NA,NA,4,NA,3,1,4,1,NA,2,4,10,6
M17 [Details of deaths reported during the month with probable causes:],17.4.13(a),Number of cases of Adolescent or Adult deaths (age 6 years & above) with the probable cause being Known Acute disease,3. Above 55 yrs.,81,5,7,11,NA,NA,2,3,5,2,NA,1,3,NA,NA,NA,8,1,NA,3,2,1,4,1,11,3,5,3
M17 [Details of deaths reported during the month with probable causes:],17.4.13(a),Number of cases of Adolescent or Adult deaths (age 6 years & above) with the probable cause being Known Acute disease,4. Total,146,6,10,13,3,NA,5,5,7,4,4,3,5,2,NA,NA,8,5,NA,6,3,5,5,1,14,7,16,9
M17 [Details of deaths reported during the month with probable causes:],17.4.13(b),Number of cases of Adolescent or Adult deaths (age 6 years & above) with the probable cause being Known Chronic disease,1. 6-14 yrs,1,NA,NA,NA,NA,NA,NA,NA,NA,NA,NA,1,NA,NA,NA,NA,NA,NA,NA,NA,NA,NA,NA,NA,NA,NA,NA,NA
M17 [Details of deaths reported during the month with probable causes:],17.4.13(b),Number of cases of Adolescent or Adult deaths (age 6 years & above) with the probable cause being Known Chronic disease,2. 15-55 yrs.,102,6,4,5,4,NA,1,7,3,6,2,1,9,5,1,NA,1,4,3,1,3,7,3,1,7,6,5,7
M17 [Details of deaths reported during the month with probable causes:],17.4.13(b),Number of cases of Adolescent or Adult deaths (age 6 years & above) with the probable cause being Known Chronic disease,3. Above 55 yrs.,222,10,9,19,5,NA,16,4,14,14,4,1,4,14,3,NA,7,1,9,1,8,9,5,6,16,16,16,11
M17 [Details of deaths reported during the month with probable causes:],17.4.13(b),Number of cases of Adolescent or Adult deaths (age 6 years & above) with the probable cause being Known Chronic disease,4. Total,325,16,13,24,9,NA,17,11,17,20,6,3,13,19,4,NA,8,5,12,2,11,16,8,7,23,22,21,18
M17 [Details of deaths reported during the month with probable causes:],17.4.13(c),Number of cases of Adolescent or Adult deaths (age 6 years & above) where the cause was not known,1. 6-14 yrs,21,1,NA,1,2,NA,NA,NA,2,NA,NA,NA,2,1,NA,NA,NA,5,NA,NA,1,2,NA,NA,1,2,1,NA
M17 [Details of deaths reported during the month with probable causes:],17.4.13(c),Number of cases of Adolescent or Adult deaths (age 6 years & above) where the cause was not known,2. 15-55 yrs.,371,15,20,8,22,NA,6,8,15,6,8,13,24,24,NA,NA,26,10,12,NA,8,9,10,3,29,27,47,21
M17 [Details of deaths reported during the month with probable causes:],17.4.13(c),Number of cases of Adolescent or Adult deaths (age 6 years & above) where the cause was not known,3. Above 55 yrs.,727,30,60,9,46,NA,28,16,50,19,17,22,32,61,6,NA,80,9,26,NA,16,13,9,10,33,61,41,33
M17 [Details of deaths reported during the month with probable causes:],17.4.13(c),Number of cases of Adolescent or Adult deaths (age 6 years & above) where the cause was not known,4. Total,1119,46,80,18,70,NA,34,24,67,25,25,35,58,86,6,NA,106,24,38,NA,25,24,19,13,63,90,89,54
