Indicator,S.No.,Parameters,Type,District - _Haryana - Total [(A+B) or (C+D)],District - _Haryana - Public [A],District - _Haryana - Private [B],District - _Haryana - Urban [C],District - _Haryana - Rural [D],District - Ambala - Total [(A+B) or (C+D)],District - Ambala - Public [A],District - Ambala - Private [B],District - Ambala - Urban [C],District - Ambala - Rural [D],District - Bhiwani - Total [(A+B) or (C+D)],District - Bhiwani - Public [A],District - Bhiwani - Private [B],District - Bhiwani - Urban [C],District - Bhiwani - Rural [D],District - Charkhi Dadri - Total [(A+B) or (C+D)],District - Charkhi Dadri - Public [A],District - Charkhi Dadri - Private [B],District - Charkhi Dadri - Urban [C],District - Charkhi Dadri - Rural [D],District - Faridabad - Total [(A+B) or (C+D)],District - Faridabad - Public [A],District - Faridabad - Private [B],District - Faridabad - Urban [C],District - Faridabad - Rural [D],District - Fatehabad - Total [(A+B) or (C+D)],District - Fatehabad - Public [A],District - Fatehabad - Private [B],District - Fatehabad - Urban [C],District - Fatehabad - Rural [D],District - Gurugram - Total [(A+B) or (C+D)],District - Gurugram - Public [A],District - Gurugram - Private [B],District - Gurugram - Urban [C],District - Gurugram - Rural [D],District - Hisar - Total [(A+B) or (C+D)],District - Hisar - Public [A],District - Hisar - Private [B],District - Hisar - Urban [C],District - Hisar - Rural [D],District - Jhajjar - Total [(A+B) or (C+D)],District - Jhajjar - Public [A],District - Jhajjar - Private [B],District - Jhajjar - Urban [C],District - Jhajjar - Rural [D],District - Jind - Total [(A+B) or (C+D)],District - Jind - Public [A],District - Jind - Private [B],District - Jind - Urban [C],District - Jind - Rural [D],District - Kaithal - Total [(A+B) or (C+D)],District - Kaithal - Public [A],District - Kaithal - Private [B],District - Kaithal - Urban [C],District - Kaithal - Rural [D],District - Karnal - Total [(A+B) or (C+D)],District - Karnal - Public [A],District - Karnal - Private [B],District - Karnal - Urban [C],District - Karnal - Rural [D],District - Kurukshetra - Total [(A+B) or (C+D)],District - Kurukshetra - Public [A],District - Kurukshetra - Private [B],District - Kurukshetra - Urban [C],District - Kurukshetra - Rural [D],District - Mahendragarh - Total [(A+B) or (C+D)],District - Mahendragarh - Public [A],District - Mahendragarh - Private [B],District - Mahendragarh - Urban [C],District - Mahendragarh - Rural [D],District - Mewat - Total [(A+B) or (C+D)],District - Mewat - Public [A],District - Mewat - Private [B],District - Mewat - Urban [C],District - Mewat - Rural [D],District - Palwal - Total [(A+B) or (C+D)],District - Palwal - Public [A],District - Palwal - Private [B],District - Palwal - Urban [C],District - Palwal - Rural [D],District - Panchkula - Total [(A+B) or (C+D)],District - Panchkula - Public [A],District - Panchkula - Private [B],District - Panchkula - Urban [C],District - Panchkula - Rural [D],District - Panipat - Total [(A+B) or (C+D)],District - Panipat - Public [A],District - Panipat - Private [B],District - Panipat - Urban [C],District - Panipat - Rural [D],District - Rewari - Total [(A+B) or (C+D)],District - Rewari - Public [A],District - Rewari - Private [B],District - Rewari - Urban [C],District - Rewari - Rural [D],District - Rohtak - Total [(A+B) or (C+D)],District - Rohtak - Public [A],District - Rohtak - Private [B],District - Rohtak - Urban [C],District - Rohtak - Rural [D],District - Sirsa - Total [(A+B) or (C+D)],District - Sirsa - Public [A],District - Sirsa - Private [B],District - Sirsa - Urban [C],District - Sirsa - Rural [D],District - Sonipat - Total [(A+B) or (C+D)],District - Sonipat - Public [A],District - Sonipat - Private [B],District - Sonipat - Urban [C],District - Sonipat - Rural [D],District - Yamunanagar - Total [(A+B) or (C+D)],District - Yamunanagar - Public [A],District - Yamunanagar - Private [B],District - Yamunanagar - Urban [C],District - Yamunanagar - Rural [D]
M1 [Ante Natal Care (ANC)],'1.1',Total number of pregnant women registered for ANC,TOTAL,56711,56711,0,14748,41963,1824,1824,NA,349,1475,1940,1940,NA,315,1625,834,834,NA,124,710,6000,6000,NA,4119,1881,1798,1798,NA,328,1470,6447,6447,0,3318,3129,3069,3069,0,645,2424,1654,1654,0,508,1146,2341,2341,NA,174,2167,2061,2061,NA,278,1783,2992,2992,NA,628,2364,1615,1615,NA,221,1394,1352,1352,0,0,1352,5253,5253,0,0,5253,2945,2945,0,321,2624,1188,1188,NA,330,858,2824,2824,NA,990,1834,1550,1550,0,262,1288,1717,1717,NA,513,1204,2198,2198,NA,355,1843,2996,2996,0,453,2543,2113,2113,NA,517,1596
M1 [Ante Natal Care (ANC)],'1.1.1',"Out of the total ANC registered, number registered within 1st trimester (within 12 weeks)",TOTAL,41801,41801,0,9056,32745,1491,1491,NA,230,1261,1608,1608,NA,142,1466,632,632,NA,82,550,3377,3377,NA,2168,1209,1473,1473,NA,249,1224,3578,3578,0,1767,1811,2565,2565,0,427,2138,1438,1438,0,378,1060,1922,1922,NA,146,1776,1835,1835,NA,219,1616,2580,2580,NA,459,2121,1406,1406,NA,178,1228,1070,1070,0,0,1070,3450,3450,0,0,3450,1908,1908,0,214,1694,853,853,NA,217,636,2113,2113,NA,669,1444,1240,1240,0,200,1040,1310,1310,NA,346,964,1857,1857,NA,266,1591,2430,2430,0,374,2056,1665,1665,NA,325,1340
M1 [Ante Natal Care (ANC)],'1.2.1',Number of PW given TT1,TOTAL,41411,40062,1349,10280,31131,1661,1645,16,265,1396,1769,1769,NA,223,1546,712,712,NA,71,641,3561,3561,NA,2127,1434,1364,1196,168,402,962,4594,4344,250,2341,2253,2142,2059,83,503,1639,1610,1596,14,349,1261,1637,1613,24,133,1504,1447,1447,NA,175,1272,1879,1879,NA,429,1450,1364,1154,210,346,1018,1096,1096,0,19,1077,3084,3084,0,0,3084,1855,1753,102,262,1593,1133,955,178,373,760,1870,1870,NA,589,1281,1289,1257,32,162,1127,1517,1517,NA,340,1177,1816,1810,6,270,1546,2376,2312,64,381,1995,1635,1433,202,520,1115
M1 [Ante Natal Care (ANC)],'1.2.2',Number of PW given TT2,TOTAL,34606,33477,1129,8353,26253,1302,1270,32,265,1037,1513,1513,NA,170,1343,644,644,NA,80,564,2724,2724,NA,1534,1190,1238,1088,150,336,902,3459,3359,100,1865,1594,1859,1777,82,422,1437,1528,1519,9,239,1289,1384,1366,18,110,1274,1404,1404,NA,156,1248,1725,1725,NA,338,1387,1217,965,252,358,859,1033,1033,0,20,1013,2170,2170,0,0,2170,1549,1454,95,264,1285,796,715,81,211,585,1399,1399,NA,438,961,1011,987,24,158,853,1409,1409,NA,324,1085,1834,1830,4,295,1539,1944,1890,54,310,1634,1464,1236,228,460,1004
M1 [Ante Natal Care (ANC)],'1.2.3',Number of PW given TT Booster,TOTAL,16181,15957,224,3795,12386,538,509,29,106,432,142,142,NA,42,100,74,74,NA,21,53,1540,1540,NA,1012,528,383,373,10,60,323,965,915,50,604,361,1082,1060,22,212,870,296,296,0,109,187,734,689,45,102,632,586,586,NA,83,503,1091,1091,NA,204,887,405,405,NA,59,346,271,271,0,7,264,2857,2857,0,0,2857,1412,1412,0,177,1235,442,409,33,127,315,885,885,NA,329,556,299,280,19,55,244,263,263,NA,69,194,383,383,NA,86,297,861,861,0,158,703,672,656,16,173,499
M1 [Ante Natal Care (ANC)],'1.2.4',Number of PW given 180 Iron Folic Acid (IFA) tablets,TOTAL,38252,37912,340,8500,29752,1835,1835,NA,191,1644,2044,2044,NA,193,1851,640,640,NA,20,620,3808,3808,NA,2142,1666,972,972,NA,204,768,3765,3425,340,2161,1604,585,585,0,173,412,1366,1366,0,379,987,1781,1781,NA,72,1709,1673,1673,NA,173,1500,2466,2466,NA,583,1883,1235,1235,NA,116,1119,1310,1310,NA,188,1122,3048,3048,0,0,3048,2904,2904,NA,215,2689,951,951,NA,214,737,1156,1156,NA,217,939,978,978,NA,55,923,1303,1303,NA,306,997,746,746,NA,68,678,2471,2471,0,455,2016,1215,1215,NA,375,840
M1 [Ante Natal Care (ANC)],'1.2.5',Number of PW given 360 Calcium tablets,TOTAL,36616,36076,540,7868,28748,1843,1843,NA,193,1650,1843,1843,NA,193,1650,518,518,NA,14,504,2113,2113,NA,905,1208,1019,1019,NA,204,815,3409,3069,340,2074,1335,784,784,0,174,610,1323,1323,0,362,961,1702,1502,200,215,1487,1705,1705,NA,179,1526,2443,2443,NA,579,1864,1233,1233,NA,154,1079,975,975,NA,0,975,3253,3253,0,0,3253,3147,3147,0,299,2848,831,831,NA,207,624,820,820,NA,199,621,1010,1010,NA,31,979,1417,1417,NA,345,1072,1892,1892,NA,777,1115,2090,2090,0,376,1714,1246,1246,NA,388,858
M1 [Ante Natal Care (ANC)],'1.2.6',Number of PW given one Albendazole tablet after 1st trimester,TOTAL,34704,34254,450,6679,28025,1820,1820,NA,218,1602,1328,1328,NA,209,1119,605,605,NA,89,516,1926,1926,NA,1011,915,1333,1333,NA,216,1117,1970,1970,NA,846,1124,2538,2538,0,379,2159,1544,1544,0,263,1281,1364,914,450,450,914,1737,1737,NA,201,1536,2696,2696,NA,425,2271,1065,1065,NA,112,953,982,982,NA,4,978,2510,2510,0,0,2510,1111,1111,0,50,1061,816,816,NA,198,618,1615,1615,NA,469,1146,714,714,NA,248,466,1384,1384,NA,330,1054,1556,1556,NA,241,1315,2404,2404,0,346,2058,1686,1686,NA,374,1312
M1 [Ante Natal Care (ANC)],'1.2.7',Number of PW received 4 or more ANC check ups,TOTAL,34261,34261,0,7607,26654,1529,1529,NA,246,1283,1434,1434,NA,154,1280,426,426,NA,64,362,3121,3121,NA,1770,1351,1062,1062,NA,223,839,2678,2678,NA,1211,1467,1735,1735,0,414,1321,1056,1056,0,213,843,1498,1498,NA,166,1332,1370,1370,NA,190,1180,2422,2422,NA,446,1976,1036,1036,NA,169,867,1031,1031,0,26,1005,3070,3070,0,0,3070,1933,1933,0,137,1796,633,633,NA,183,450,1496,1496,NA,488,1008,786,786,NA,150,636,1208,1208,NA,326,882,1475,1475,NA,227,1248,1837,1837,0,426,1411,1425,1425,NA,378,1047
M1 [Ante Natal Care (ANC)],'1.2.8',Number of PW given ANC Corticosteroids in Pre Term Labour,TOTAL,651,651,0,6,645,25,25,NA,0,25,168,168,NA,0,168,21,21,NA,0,21,13,13,NA,5,8,44,44,NA,0,44,28,28,NA,0,28,42,42,0,0,42,3,3,0,0,3,0,0,NA,0,0,4,4,NA,0,4,97,97,NA,0,97,5,5,NA,0,5,10,10,NA,NA,10,31,31,0,0,31,0,0,0,0,0,0,0,NA,NA,0,33,33,NA,1,32,28,28,NA,0,28,0,0,NA,0,0,20,20,NA,0,20,15,15,0,0,15,64,64,NA,0,64
M1 [Ante Natal Care (ANC)],'1.3.1',New cases of PW with hypertension detected,TOTAL,851,839,12,93,758,59,59,NA,15,44,9,9,NA,0,9,19,19,NA,0,19,46,46,NA,12,34,29,29,NA,1,28,23,23,NA,7,16,53,53,0,7,46,15,15,0,0,15,47,47,NA,2,45,28,28,NA,7,21,34,34,NA,3,31,91,91,NA,1,90,56,54,2,5,51,66,66,0,0,66,17,17,0,0,17,68,68,NA,1,67,9,9,NA,2,7,19,19,NA,1,18,19,19,NA,5,14,18,16,2,3,15,38,38,0,2,36,88,80,8,19,69
M1 [Ante Natal Care (ANC)],'1.3.1.a',"Out of the new cases of PW with hypertension detected, cases managed at institution",TOTAL,546,536,10,58,488,41,41,NA,12,29,5,5,NA,0,5,9,9,NA,0,9,35,35,NA,8,27,24,24,NA,0,24,17,17,NA,5,12,34,34,0,2,32,4,4,0,0,4,20,20,NA,0,20,28,28,NA,6,22,9,9,NA,0,9,81,81,NA,1,80,33,31,2,2,31,6,6,0,0,6,12,12,0,0,12,66,66,NA,NA,66,8,8,NA,2,6,14,14,NA,0,14,15,15,NA,3,12,8,8,NA,0,8,17,17,0,0,17,60,52,8,17,43
M1 [Ante Natal Care (ANC)],'1.3.2',Number of Eclampsia cases managed during delivery,TOTAL,51,51,0,0,51,0,0,NA,0,0,0,0,NA,0,0,0,0,NA,0,0,0,0,NA,0,0,2,2,NA,0,2,0,0,NA,0,0,12,12,0,0,12,0,0,0,0,0,21,21,NA,0,21,0,0,0,0,0,10,10,NA,0,10,0,0,NA,0,0,0,0,NA,NA,0,1,1,0,0,1,0,0,0,0,0,0,0,NA,NA,0,0,0,NA,0,0,0,0,NA,0,0,0,0,NA,0,0,2,2,NA,0,2,0,0,0,0,0,3,3,NA,0,3
M1 [Ante Natal Care (ANC)],'1.4.1',Number of PW tested for Haemoglobin (Hb ) 4 or more than 4 times for respective ANCs,TOTAL,31988,31988,0,6132,25856,876,876,NA,222,654,1608,1608,NA,155,1453,371,371,NA,25,346,3578,3578,NA,1294,2284,1048,1048,NA,222,826,2175,2175,NA,1045,1130,1745,1745,0,409,1336,1192,1192,0,352,840,1427,1427,NA,166,1261,1874,1874,NA,219,1655,1836,1836,NA,331,1505,933,933,NA,155,778,902,902,NA,NA,902,3034,3034,0,0,3034,1090,1090,0,5,1085,653,653,NA,132,521,1240,1240,NA,215,1025,770,770,NA,100,670,1200,1200,NA,246,954,1458,1458,NA,227,1231,1715,1715,0,279,1436,1263,1263,NA,333,930
M1 [Ante Natal Care (ANC)],'1.4.2',Number of PW having Hb level<11 (tested cases)(7.1 to 10.9),TOTAL,47293,47287,6,9710,37583,1606,1606,NA,367,1239,1856,1856,NA,235,1621,750,750,NA,103,647,4596,4596,NA,2176,2420,1680,1680,0,303,1377,5282,5282,NA,2331,2951,2451,2451,0,470,1981,1227,1227,0,274,953,1745,1745,NA,173,1572,1646,1646,NA,207,1439,2559,2559,NA,534,2025,1438,1438,NA,136,1302,1114,1114,0,0,1114,4882,4882,0,0,4882,2158,2158,0,8,2150,879,879,NA,221,658,2619,2619,NA,787,1832,1209,1209,NA,144,1065,1455,1455,NA,251,1204,2000,1994,6,362,1638,2090,2090,0,269,1821,2051,2051,NA,359,1692
M1 [Ante Natal Care (ANC)],'1.4.3',Number of PW having Hb level<7 (tested cases),TOTAL,2975,2969,6,271,2704,142,142,NA,11,131,48,48,NA,14,34,24,24,NA,1,23,181,181,NA,53,128,81,81,0,0,81,46,46,NA,16,30,141,141,0,39,102,155,155,0,7,148,151,151,NA,5,146,110,110,NA,10,100,78,78,NA,15,63,73,73,NA,0,73,104,104,NA,NA,104,759,759,0,0,759,236,236,0,8,228,91,85,6,9,82,126,126,NA,38,88,75,75,NA,1,74,52,52,NA,12,40,25,25,NA,2,23,165,165,0,10,155,112,112,NA,20,92
M1 [Ante Natal Care (ANC)],'1.4.4',Number of PW having severe anaemia (Hb<7) treated,TOTAL,2133,2062,71,222,1911,139,139,NA,5,134,63,63,NA,7,56,22,22,NA,0,22,72,72,NA,37,35,60,60,0,0,60,40,40,NA,7,33,26,26,0,4,22,66,66,0,0,66,106,106,NA,4,102,121,121,NA,10,111,87,87,NA,9,78,58,58,NA,0,58,122,57,65,65,57,672,672,0,0,672,36,36,0,4,32,89,83,6,8,81,47,47,NA,7,40,39,39,NA,0,39,52,52,NA,34,18,56,56,NA,7,49,68,68,0,4,64,92,92,NA,10,82
M1 [Ante Natal Care (ANC)],'1.5.1',Number of PW tested for blood sugar using OGTT (Oral Glucose Tolerance Test),TOTAL,10727,10671,56,2795,7932,1366,1366,NA,191,1175,914,914,NA,166,748,129,129,NA,0,129,376,376,NA,234,142,459,403,56,134,325,1385,1385,NA,791,594,694,694,0,141,553,451,451,0,235,216,213,213,NA,0,213,698,698,NA,170,528,656,656,NA,344,312,138,138,NA,3,135,903,903,NA,0,903,110,110,0,0,110,370,370,0,0,370,396,396,NA,16,380,473,473,NA,113,360,5,5,NA,0,5,19,19,NA,6,13,0,0,NA,0,0,326,326,0,23,303,646,646,NA,228,418
M1 [Ante Natal Care (ANC)],'1.5.2',Number of PW tested positive for GDM,TOTAL,268,268,0,17,251,2,2,NA,0,2,24,24,NA,0,24,0,0,NA,0,0,2,2,NA,2,0,1,1,0,0,1,9,9,NA,9,0,21,21,0,1,20,8,8,0,2,6,16,16,NA,0,16,5,5,NA,0,5,11,11,NA,1,10,2,2,NA,0,2,3,3,0,0,3,0,0,0,0,0,0,0,0,0,0,0,0,NA,NA,0,3,3,NA,2,1,0,0,NA,0,0,0,0,NA,0,0,0,0,NA,0,0,160,160,0,0,160,1,1,NA,0,1
M1 [Ante Natal Care (ANC)],'1.5.3',Number of PW given insulin out of total tested positive for GDM,TOTAL,21,21,0,0,21,0,0,NA,0,0,0,0,NA,0,0,0,0,NA,0,0,0,0,NA,0,0,0,0,0,0,0,0,0,NA,0,0,0,0,0,0,0,0,0,0,0,0,0,0,NA,0,0,4,4,NA,0,4,0,0,NA,0,0,0,0,NA,0,0,0,0,0,0,0,0,0,0,0,0,0,0,0,0,0,0,0,NA,NA,0,0,0,NA,0,0,0,0,NA,0,0,0,0,NA,0,0,0,0,NA,0,0,17,17,0,0,17,0,0,NA,0,0
M1 [Ante Natal Care (ANC)],'1.6.1.a',Number of PW tested using POC test for Syphilis,TOTAL,542,542,NA,22,520,73,73,NA,NA,73,10,10,NA,0,10,0,0,NA,NA,0,22,22,NA,22,0,203,203,NA,NA,203,0,0,NA,NA,0,0,0,NA,0,0,0,0,NA,NA,0,0,0,NA,NA,0,0,0,NA,NA,0,72,72,NA,NA,72,0,0,NA,NA,0,0,0,NA,NA,0,0,0,NA,NA,0,0,0,NA,0,0,0,0,NA,NA,0,97,97,NA,NA,97,0,0,NA,0,0,8,8,NA,0,8,0,0,NA,NA,0,57,57,NA,0,57,0,0,NA,NA,0
M1 [Ante Natal Care (ANC)],'1.6.1.b',"Out of above, number of PW found sero positive for syphilis",TOTAL,0,0,NA,0,0,0,0,NA,NA,0,0,0,NA,0,0,0,0,NA,NA,0,0,0,NA,0,0,0,0,NA,NA,0,0,0,NA,NA,0,0,0,NA,0,0,0,0,NA,NA,0,0,0,NA,NA,0,0,0,NA,NA,0,0,0,NA,NA,0,0,0,NA,NA,0,0,0,NA,NA,0,0,0,NA,NA,0,0,0,NA,0,0,0,0,NA,NA,0,0,0,NA,NA,0,0,0,NA,0,0,0,0,NA,0,0,0,0,NA,NA,0,0,0,NA,0,0,0,0,NA,NA,0
M1 [Ante Natal Care (ANC)],'1.6.2.a',Number of pregnant women tested for Syphilis,TOTAL,29604,29569,35,4761,24843,1636,1636,NA,213,1423,1866,1866,NA,119,1747,465,465,NA,0,465,2003,2003,NA,543,1460,967,967,0,148,819,1989,1989,NA,800,1189,2122,2122,0,268,1854,363,363,0,109,254,945,945,NA,90,855,966,966,NA,278,688,2439,2439,NA,306,2133,1883,1883,NA,167,1716,650,615,35,35,615,1298,1298,0,0,1298,789,789,0,240,549,1390,1390,NA,288,1102,1147,1147,NA,253,894,1420,1420,NA,166,1254,1416,1416,NA,150,1266,618,618,NA,68,550,1280,1280,0,284,996,1952,1952,NA,236,1716
M1 [Ante Natal Care (ANC)],'1.6.2.b',Number of pregnant women tested found sero positive for Syphilis,TOTAL,61,61,0,1,60,0,0,NA,0,0,1,1,NA,0,1,0,0,NA,0,0,0,0,NA,0,0,0,0,0,0,0,0,0,NA,0,0,0,0,0,0,0,1,1,0,0,1,0,0,NA,0,0,2,2,NA,0,2,7,7,NA,0,7,0,0,NA,0,0,1,1,0,0,1,0,0,0,0,0,0,0,0,0,0,1,1,NA,NA,1,1,1,NA,1,0,0,0,NA,0,0,0,0,NA,0,0,47,47,NA,0,47,0,0,0,0,0,0,0,NA,0,0
M1 [Ante Natal Care (ANC)],'1.6.2.c',Number of syphilis positive pregnant women treated for Syphilis,TOTAL,9,9,0,0,9,0,0,NA,0,0,1,1,NA,0,1,0,0,NA,0,0,0,0,NA,0,0,0,0,0,0,0,0,0,NA,0,0,0,0,0,0,0,0,0,0,0,0,0,0,NA,0,0,0,0,NA,0,0,7,7,NA,0,7,0,0,NA,0,0,1,1,0,0,1,0,0,0,0,0,0,0,0,0,0,0,0,NA,NA,0,0,0,NA,0,0,0,0,NA,0,0,0,0,NA,0,0,0,0,NA,0,0,0,0,0,0,0,0,0,NA,0,0
M1 [Ante Natal Care (ANC)],'1.6.2.d',Number of babies diagnosed with Congenital Syphilis,TOTAL,0,0,0,0,0,0,0,NA,0,0,0,0,NA,0,0,0,0,NA,0,0,0,0,NA,0,0,0,0,0,0,0,0,0,NA,0,0,0,0,0,0,0,0,0,0,0,0,0,0,NA,0,0,0,0,NA,0,0,0,0,NA,0,0,0,0,NA,0,0,0,0,0,0,0,0,0,0,0,0,0,0,0,0,0,0,0,NA,NA,0,0,0,NA,0,0,0,0,NA,0,0,0,0,NA,0,0,0,0,NA,0,0,0,0,0,0,0,0,0,NA,0,0
M1 [Ante Natal Care (ANC)],'1.6.2.e',Number of babies treated for congenital Syphilis,TOTAL,0,0,0,0,0,0,0,NA,0,0,0,0,NA,0,0,0,0,NA,0,0,0,0,NA,0,0,0,0,0,0,0,0,0,NA,0,0,0,0,0,0,0,0,0,0,0,0,0,0,NA,0,0,0,0,NA,0,0,0,0,NA,0,0,0,0,NA,0,0,0,0,NA,NA,0,0,0,0,0,0,0,0,0,0,0,0,0,NA,NA,0,0,0,NA,0,0,0,0,NA,0,0,0,0,NA,0,0,0,0,NA,0,0,0,0,0,0,0,0,0,NA,0,0
M2 [Deliveries],'2.1.1.a',Number of Home Deliveries attended by Skill Birth Attendant(SBA) (Doctor/Nurse/ANM),TOTAL,90,90,NA,4,86,0,0,NA,0,0,1,1,NA,0,1,0,0,NA,0,0,0,0,NA,0,0,0,0,NA,0,0,8,8,NA,2,6,0,0,NA,0,0,1,1,NA,0,1,0,0,NA,0,0,0,0,NA,0,0,0,0,NA,0,0,0,0,NA,0,0,5,5,NA,0,5,30,30,NA,NA,30,39,39,NA,0,39,0,0,NA,NA,0,4,4,NA,2,2,0,0,NA,0,0,2,2,NA,0,2,0,0,NA,0,0,0,0,NA,0,0,0,0,NA,0,0
M2 [Deliveries],'2.1.1.b',Number of Home Deliveries attended by Non SBA (Trained Birth Attendant(TBA) /Relatives/etc.),TOTAL,1183,1183,NA,115,1068,0,0,NA,0,0,6,6,NA,2,4,2,2,NA,0,2,179,179,NA,89,90,6,6,NA,0,6,8,8,NA,1,7,9,9,NA,1,8,3,3,NA,3,0,13,13,NA,5,8,2,2,NA,0,2,5,5,NA,0,5,0,0,NA,0,0,4,4,NA,0,4,676,676,NA,NA,676,205,205,NA,0,205,5,5,NA,NA,5,24,24,NA,3,21,2,2,NA,0,2,6,6,NA,6,0,4,4,NA,3,1,8,8,NA,0,8,16,16,NA,2,14
M2 [Deliveries],'2.1.2',Number of PW given Tablet Misoprostol during home delivery,TOTAL,6,6,NA,0,6,0,0,NA,0,0,1,1,NA,0,1,0,0,NA,0,0,0,0,NA,0,0,0,0,NA,0,0,0,0,NA,0,0,0,0,NA,0,0,0,0,NA,0,0,0,0,NA,0,0,0,0,NA,0,0,0,0,NA,0,0,0,0,NA,0,0,2,2,NA,0,2,3,3,NA,NA,3,0,0,NA,0,0,0,0,NA,NA,0,0,0,NA,0,0,0,0,NA,0,0,0,0,NA,0,0,0,0,NA,0,0,0,0,NA,0,0,0,0,NA,0,0
M2 [Deliveries],'2.1.3',Number of newborns received 7 Home Based Newborn Care (HBNC) visits in case of Home delivery,TOTAL,799,799,NA,68,731,0,0,NA,0,0,7,7,NA,2,5,3,3,NA,0,3,113,113,NA,42,71,5,5,NA,0,5,15,15,NA,5,10,3,3,NA,1,2,8,8,NA,0,8,9,9,NA,5,4,6,6,NA,0,6,7,7,NA,0,7,0,0,NA,0,0,5,5,NA,0,5,310,310,NA,NA,310,250,250,NA,0,250,4,4,NA,NA,4,34,34,NA,5,29,1,1,NA,0,1,8,8,NA,6,2,1,1,NA,1,0,6,6,NA,0,6,4,4,NA,1,3
M2 [Deliveries],'2.2',Number of Institutional Deliveries conducted (Including C-Sections),TOTAL,32210,17827,14383,15081,17129,1233,887,346,397,836,1204,591,613,613,591,340,137,203,206,134,2590,1177,1413,1677,913,1202,703,499,513,689,2796,1086,1710,1798,998,2018,933,1085,1161,857,820,533,287,287,533,1397,754,643,643,754,1120,617,503,518,602,1807,1074,733,733,1074,1034,435,599,604,430,427,427,NA,0,427,2541,1523,1018,1018,1523,1489,882,607,607,882,785,653,132,234,551,1481,933,548,576,905,1064,450,614,614,450,1926,1296,630,630,1296,1421,786,635,635,786,1901,1179,722,746,1155,1614,771,843,871,743
M2 [Deliveries],'2.2.1',Out of total institutional deliveries number of women discharged within 48 hours of delivery,TOTAL,17397,11002,6395,6902,10495,492,492,0,0,492,587,362,225,225,362,58,58,NA,3,55,1227,849,378,575,652,383,282,101,115,268,975,635,340,393,582,1308,569,739,812,496,657,422,235,235,422,1171,571,600,600,571,189,163,26,26,163,1464,734,730,730,734,265,152,113,113,152,314,314,NA,0,314,2368,1350,1018,1018,1350,1184,577,607,607,577,292,232,60,129,163,1034,779,255,277,757,510,336,174,197,313,687,622,65,72,615,739,473,266,266,473,877,718,159,183,694,616,312,304,326,290
M2 [Deliveries],'2.2.2',Number of newborns received 6 HBNC  visits after Institutional Delivery,TOTAL,10459,10459,0,1650,8809,260,260,NA,48,212,304,304,NA,12,292,42,42,NA,0,42,548,548,NA,159,389,487,487,NA,0,487,1064,1064,NA,535,529,1,1,0,0,1,108,108,0,0,108,1021,1021,NA,140,881,643,643,NA,52,591,591,591,NA,0,591,448,448,NA,39,409,406,406,NA,NA,406,360,360,NA,NA,360,266,266,0,0,266,128,128,NA,NA,128,183,183,NA,7,176,591,591,NA,139,452,831,831,NA,187,644,1184,1184,NA,143,1041,358,358,0,0,358,635,635,NA,189,446
M3 [Number of Caesarean (C-Section) deliveries],'3.1',Total C -Section deliveries performed,TOTAL,6481,2627,3854,3990,2491,433,238,195,214,219,178,87,91,91,87,36,3,33,33,3,597,195,402,471,126,270,171,99,99,171,888,134,754,770,118,450,133,317,317,133,55,38,17,17,38,98,55,43,43,55,254,76,178,178,76,226,146,80,80,146,260,77,183,183,77,71,71,NA,0,71,84,84,0,0,84,167,88,79,79,88,236,160,76,102,134,307,34,273,273,34,245,71,174,174,71,463,299,164,164,299,494,125,369,369,125,202,139,63,63,139,467,203,264,270,197
M3 [Number of Caesarean (C-Section) deliveries],'3.1.1',"C-sections, performed at night (8 PM- 8 AM)",TOTAL,585,463,122,146,439,55,55,0,0,55,9,9,NA,0,9,0,0,0,0,0,39,39,NA,15,24,37,37,NA,0,37,15,15,NA,9,6,58,58,0,0,58,7,0,7,7,0,8,8,NA,0,8,2,2,NA,0,2,61,61,NA,0,61,19,19,NA,0,19,22,22,NA,0,22,0,0,0,0,0,21,21,0,0,21,9,9,NA,NA,9,116,1,115,115,1,5,5,NA,0,5,0,0,NA,0,0,24,24,NA,0,24,26,26,0,0,26,52,52,NA,0,52
M4 [Pregnancy outcome & details of new-born],'4.1.1.a',Live Birth - Male,TOTAL,17489,9804,7685,8127,9362,637,449,188,216,421,636,327,309,311,325,179,77,102,104,75,1433,692,741,938,495,634,357,277,282,352,1484,584,900,950,534,1033,481,552,595,438,430,259,171,173,257,727,391,336,339,388,597,338,259,267,330,935,530,405,405,530,547,229,318,321,226,373,222,151,151,222,1652,1131,521,521,1131,911,578,333,333,578,386,326,60,107,279,770,502,268,286,484,553,229,324,324,229,971,655,316,319,652,765,427,338,340,425,1010,630,380,396,614,826,390,436,449,377
M4 [Pregnancy outcome & details of new-born],'4.1.1.b',Live Birth - Female,TOTAL,15947,8982,6965,7344,8603,580,423,157,180,400,564,268,296,296,268,162,61,101,102,60,1328,656,672,832,496,546,324,222,231,315,1320,510,810,854,466,961,435,526,560,401,392,276,116,117,275,676,369,307,308,368,519,273,246,253,266,829,501,328,328,501,483,202,281,283,200,357,202,155,155,202,1568,1071,497,497,1071,811,537,274,274,537,398,325,73,128,270,703,441,262,275,428,511,221,290,290,221,911,606,305,308,603,644,347,297,298,346,892,550,342,350,542,792,384,408,425,367
M4 [Pregnancy outcome & details of new-born],'4.1.2',Number of Pre term newborns ( < 37 weeks of pregnancy),TOTAL,2074,1949,125,204,1870,179,179,NA,50,129,24,24,NA,0,24,13,13,NA,0,13,182,182,NA,18,164,80,80,0,0,80,68,68,NA,0,68,127,127,0,4,123,27,27,0,0,27,20,20,NA,0,20,79,79,NA,1,78,115,80,35,35,80,60,60,NA,3,57,46,32,14,14,32,114,102,12,12,102,168,153,15,15,153,30,30,NA,1,29,105,99,6,7,98,33,33,NA,0,33,359,316,43,43,316,105,105,NA,0,105,81,81,0,1,80,59,59,NA,0,59
M4 [Pregnancy outcome & details of new-born],'4.1.3',Still Birth,TOTAL,511,427,84,91,420,22,19,3,3,19,11,3,8,8,3,2,2,0,0,2,19,19,NA,3,16,21,20,1,1,20,11,11,NA,0,11,57,29,28,28,29,2,2,0,0,2,7,7,NA,0,7,11,9,2,2,9,50,50,0,0,50,8,6,2,2,6,12,6,6,6,6,70,70,0,0,70,20,17,3,3,17,11,11,NA,NA,11,42,24,18,20,22,7,7,0,0,7,75,66,9,9,66,24,23,1,3,21,9,9,0,0,9,20,17,3,3,17
M4 [Pregnancy outcome & details of new-born],'4.2',Abortion (spontaneous),TOTAL,1452,1424,28,119,1333,60,55,5,8,52,26,26,NA,0,26,10,10,NA,0,10,46,46,NA,21,25,76,76,0,3,73,59,59,NA,3,56,107,107,0,10,97,36,36,0,0,36,105,105,NA,0,105,93,93,NA,5,88,84,84,0,0,84,44,44,NA,2,42,25,25,0,0,25,85,85,0,0,85,31,31,0,0,31,82,59,23,23,59,60,60,0,6,54,13,13,NA,0,13,143,143,NA,7,136,102,102,NA,11,91,64,64,0,11,53,101,101,NA,9,92
M4 [Pregnancy outcome & details of new-born],'4.3.1.a',MTP up to 12 weeks of pregnancy,TOTAL,3573,1167,2406,2520,1053,267,163,104,112,155,42,20,22,22,20,28,28,NA,0,28,100,100,NA,70,30,140,68,72,76,64,481,20,461,461,20,193,73,120,120,73,9,9,0,0,9,114,55,59,59,55,204,83,121,121,83,188,90,98,98,90,392,6,386,386,6,39,32,7,7,32,1,1,NA,NA,1,79,27,52,52,27,345,150,195,204,141,166,11,155,155,11,80,58,22,22,58,396,90,306,306,90,12,3,9,9,3,76,46,30,32,44,221,34,187,208,13
M4 [Pregnancy outcome & details of new-born],'4.3.1.b',MTP more than 12 weeks of pregnancy,TOTAL,99,75,24,27,72,9,9,NA,0,9,0,0,NA,0,0,0,0,NA,0,0,2,2,NA,2,0,3,3,0,1,2,1,1,NA,0,1,26,21,5,5,21,0,0,0,0,0,1,1,NA,0,1,1,0,1,1,0,5,3,2,2,3,1,1,0,0,1,2,0,2,2,0,0,0,NA,NA,0,3,3,0,0,3,13,9,4,4,9,2,0,2,2,0,0,0,NA,0,0,17,17,NA,0,17,1,0,1,1,0,0,0,0,0,0,12,5,7,7,5
M4 [Pregnancy outcome & details of new-born],'4.3.2.a',Post Abortion/ MTP Complications Identified,TOTAL,1,1,0,0,1,0,0,NA,0,0,0,0,NA,0,0,0,0,NA,0,0,0,0,NA,0,0,0,0,NA,0,0,0,0,NA,0,0,0,0,0,0,0,0,0,0,0,0,0,0,NA,0,0,1,1,0,0,1,0,0,NA,0,0,0,0,NA,0,0,0,0,NA,0,0,0,0,NA,NA,0,0,0,0,0,0,0,0,NA,NA,0,0,0,NA,0,0,0,0,NA,0,0,0,0,NA,0,0,0,0,NA,0,0,0,0,0,0,0,0,0,NA,0,0
M4 [Pregnancy outcome & details of new-born],'4.3.2.b',Post Abortion/ MTP Complications Treated,TOTAL,1,1,0,0,1,0,0,NA,0,0,0,0,NA,0,0,0,0,NA,0,0,0,0,NA,0,0,0,0,NA,0,0,0,0,NA,0,0,0,0,0,0,0,0,0,0,0,0,0,0,NA,0,0,1,1,0,0,1,0,0,NA,0,0,0,0,NA,0,0,0,0,NA,0,0,0,0,NA,NA,0,0,0,0,0,0,0,0,NA,NA,0,0,0,NA,0,0,0,0,NA,0,0,0,0,NA,0,0,0,0,NA,0,0,0,0,0,0,0,0,0,NA,0,0
M4 [Pregnancy outcome & details of new-born],'4.3.3',Number of women provided with post abortion/ MTP contraception,TOTAL,139,129,10,17,122,12,12,NA,4,8,0,0,NA,0,0,0,0,NA,0,0,1,1,NA,1,0,10,0,10,10,0,18,18,NA,0,18,0,0,0,0,0,0,0,0,0,0,0,0,NA,0,0,33,33,0,0,33,24,24,NA,0,24,0,0,NA,0,0,0,0,NA,0,0,0,0,NA,NA,0,4,4,0,0,4,19,19,NA,NA,19,0,0,NA,0,0,0,0,NA,0,0,16,16,NA,0,16,0,0,NA,0,0,0,0,0,0,0,2,2,NA,2,0
M4 [Pregnancy outcome & details of new-born],'4.4.1',Number of newborns weighed at birth,TOTAL,33164,18625,14539,15491,17673,1217,872,345,396,821,1196,591,605,607,589,341,138,203,206,135,2855,1442,1413,1907,948,1129,630,499,513,616,2780,1090,1690,1782,998,1994,916,1078,1155,839,821,534,287,290,531,1399,756,643,647,752,1115,610,505,520,595,1763,1030,733,733,1030,1030,431,599,604,426,681,426,255,255,426,3049,2051,998,998,2051,1699,1100,599,599,1100,767,646,121,223,544,1467,937,530,560,907,1071,457,614,614,457,1880,1259,621,625,1255,1407,772,635,637,770,1885,1163,722,746,1139,1618,774,844,874,744
M4 [Pregnancy outcome & details of new-born],'4.4.2',Number of newborns having weight less than 2.5 kg,TOTAL,3559,2765,794,929,2630,173,173,NA,0,173,199,64,135,135,64,19,19,0,3,16,419,343,76,174,245,106,106,0,0,106,220,201,19,19,201,389,171,218,227,162,72,66,6,6,66,87,87,NA,0,87,147,95,52,53,94,173,173,NA,0,173,130,80,50,52,78,77,59,18,18,59,280,210,70,70,210,148,148,0,0,148,108,79,29,47,61,134,118,16,17,117,45,45,0,0,45,178,126,52,53,125,142,135,7,7,135,185,185,0,2,183,128,82,46,46,82
M4 [Pregnancy outcome & details of new-born],'4.4.3',Number of Newborns breast fed within 1 hour of birth ,TOTAL,31222,17414,13808,14636,16586,1181,836,345,396,785,1050,535,515,517,533,330,131,199,202,128,2519,1284,1235,1643,876,1065,566,499,513,552,2735,1045,1690,1782,953,1726,784,942,1015,711,750,475,275,275,475,1375,732,643,647,728,1064,566,498,513,551,1714,981,733,733,981,958,359,599,604,354,646,372,274,274,372,2990,2012,978,978,2012,1546,1039,507,507,1039,704,604,100,176,528,1402,872,530,560,842,1040,428,612,612,428,1774,1208,566,572,1202,1366,731,635,637,729,1845,1123,722,746,1099,1442,731,711,734,708
M5 [Complicated Pregnancies],'5.1',"Number of cases of pregnant women with Obstetric Complications attended (Antepartum haemorrhage (APH), Post-Partum Hemorrhage (PPH), Sepsis, Eclampsia and others)",TOTAL,2896,2650,246,358,2538,368,368,NA,0,368,48,48,NA,0,48,41,41,NA,0,41,280,280,NA,89,191,259,81,178,178,81,275,275,NA,17,258,119,119,0,6,113,110,110,0,0,110,53,53,NA,0,53,248,248,0,0,248,231,231,NA,0,231,34,34,NA,0,34,24,10,14,14,10,59,59,NA,NA,59,32,32,0,0,32,190,143,47,47,143,82,82,NA,0,82,16,16,NA,0,16,75,75,NA,0,75,126,119,7,7,119,74,74,0,0,74,152,152,NA,0,152
M5 [Complicated Pregnancies],'5.2',Number of Complicated pregnancies treated with Blood Transfusion,TOTAL,1336,1275,61,61,1275,124,124,NA,0,124,18,18,NA,NA,18,9,9,NA,NA,9,25,25,NA,0,25,87,42,45,45,42,28,28,NA,0,28,153,153,0,0,153,32,32,0,0,32,74,74,NA,NA,74,119,119,0,0,119,199,199,NA,NA,199,38,38,NA,0,38,22,15,7,7,15,16,16,NA,NA,16,21,21,0,0,21,31,29,2,2,29,67,67,NA,0,67,20,20,NA,NA,20,9,9,NA,0,9,90,83,7,7,83,66,66,0,0,66,88,88,NA,NA,88
M6 [Post Natal Care (PNC)],'6.1',Women receiving 1st post partum checkup within 48 hours of home delivery,TOTAL,1444,1444,0,116,1328,0,0,0,0,0,7,7,NA,2,5,2,2,NA,0,2,156,156,NA,75,81,6,6,NA,0,6,19,19,0,10,9,9,9,0,1,8,4,4,0,3,1,8,8,NA,1,7,2,2,NA,0,2,4,4,NA,0,4,1,1,NA,0,1,7,7,0,0,7,886,886,NA,NA,886,288,288,0,11,277,1,1,NA,NA,1,17,17,NA,4,13,2,2,NA,0,2,8,8,NA,6,2,2,2,NA,1,1,6,6,0,0,6,9,9,NA,2,7
M6 [Post Natal Care (PNC)],'6.2',Women receiving 1st post partum checkup between 48 hours and 14 days,TOTAL,21059,19574,1485,4565,16494,1058,1058,0,128,930,960,960,NA,156,804,260,260,NA,13,247,884,884,NA,186,698,999,949,50,222,777,2738,1368,1370,1925,813,1631,1631,0,220,1411,452,452,0,65,387,1110,1110,NA,112,998,967,967,0,116,851,1229,1229,NA,275,954,512,512,NA,23,489,561,561,0,0,561,663,663,NA,NA,663,688,688,0,31,657,685,620,65,144,541,610,610,NA,42,568,732,732,NA,126,606,1786,1786,NA,222,1564,1315,1315,NA,308,1007,1154,1154,0,251,903,65,65,NA,0,65
M6 [Post Natal Care (PNC)],'6.3',Number of mothers provided full course of 180 IFA tablets after delivery,TOTAL,15201,14886,315,2767,12434,1163,1163,NA,158,1005,335,335,NA,25,310,132,132,NA,0,132,1321,1321,NA,253,1068,578,578,NA,161,417,1919,1604,315,972,947,40,40,0,30,10,565,565,0,54,511,589,589,NA,50,539,800,800,0,137,663,1029,1029,NA,228,801,503,503,NA,62,441,647,647,NA,0,647,777,777,NA,NA,777,546,546,0,0,546,677,677,NA,39,638,552,552,NA,74,478,540,540,NA,29,511,717,717,NA,133,584,331,331,NA,0,331,844,844,0,152,692,596,596,NA,210,386
M6 [Post Natal Care (PNC)],'6.4',Number of mothers provided 360 Calcium tablets after delivery,TOTAL,14291,13976,315,2744,11547,1111,1111,NA,158,953,254,254,NA,18,236,108,108,NA,0,108,899,899,NA,250,649,617,617,NA,143,474,1909,1594,315,950,959,110,110,0,28,82,552,552,0,54,498,564,564,NA,53,511,792,792,0,137,655,1034,1034,NA,228,806,508,508,NA,62,446,580,580,NA,0,580,731,731,NA,NA,731,517,517,0,0,517,668,668,NA,39,629,235,235,NA,14,221,485,485,NA,29,456,726,726,NA,132,594,568,568,NA,81,487,703,703,0,154,549,620,620,NA,214,406
M7 [Reproductive Tract Infections/Sexually Transmitted Infections (RTI/STI) Cases],'7.1.1',New RTI/STI cases identified - Male,TOTAL,3862,3862,0,647,3215,678,678,NA,212,466,165,165,NA,0,165,22,22,NA,22,0,245,245,NA,127,118,44,44,NA,7,37,319,319,NA,0,319,367,367,0,0,367,104,104,0,18,86,193,193,NA,0,193,127,127,NA,0,127,55,55,NA,19,36,46,46,NA,8,38,197,197,NA,0,197,82,82,NA,NA,82,369,369,0,202,167,115,115,NA,NA,115,45,45,NA,0,45,133,133,NA,2,131,135,135,NA,0,135,90,90,NA,0,90,125,125,0,13,112,206,206,NA,17,189
M7 [Reproductive Tract Infections/Sexually Transmitted Infections (RTI/STI) Cases],'7.1.2',New RTI/STI cases identified - Female,TOTAL,14825,14825,0,1936,12889,1268,1268,NA,204,1064,546,546,NA,32,514,41,41,NA,20,21,1626,1626,NA,654,972,467,467,NA,59,408,420,420,NA,47,373,1202,1202,0,12,1190,922,922,0,122,800,472,472,NA,45,427,352,352,NA,34,318,944,944,NA,157,787,560,560,NA,71,489,894,894,NA,27,867,289,289,NA,NA,289,483,483,0,136,347,540,540,NA,NA,540,385,385,NA,16,369,374,374,NA,10,364,838,838,NA,62,776,860,860,NA,57,803,477,477,0,48,429,865,865,NA,123,742
M7 [Reproductive Tract Infections/Sexually Transmitted Infections (RTI/STI) Cases],'7.2.1',RTI/STI for which treatment initiated - Male,TOTAL,2954,2954,0,429,2525,573,573,NA,212,361,33,33,NA,0,33,22,22,NA,22,0,232,232,NA,116,116,36,36,NA,4,32,50,50,NA,0,50,367,367,0,0,367,103,103,0,17,86,127,127,NA,0,127,127,127,NA,0,127,55,55,NA,19,36,46,46,NA,8,38,126,126,NA,0,126,82,82,NA,NA,82,164,164,0,0,164,79,79,NA,NA,79,45,45,NA,0,45,133,133,NA,2,131,135,135,NA,0,135,90,90,NA,0,90,124,124,0,12,112,205,205,NA,17,188
M7 [Reproductive Tract Infections/Sexually Transmitted Infections (RTI/STI) Cases],'7.2.2',RTI/STI for which treatment initiated -Female,TOTAL,13934,13934,0,1736,12198,1268,1268,NA,204,1064,411,411,NA,26,385,41,41,NA,20,21,1569,1569,NA,601,968,410,410,NA,26,384,257,257,NA,47,210,1200,1200,0,10,1190,887,887,0,88,799,370,370,NA,45,325,417,417,NA,99,318,944,944,NA,157,787,560,560,NA,71,489,771,771,NA,27,744,289,289,NA,NA,289,333,333,0,0,333,410,410,NA,NA,410,385,385,NA,16,369,372,372,NA,10,362,838,838,NA,62,776,861,861,NA,57,804,476,476,0,47,429,865,865,NA,123,742
M8 [Family Planning],'8.1.1',Number of Non Scalpel Vasectomy (NSV) / Conventional Vasectomy conducted,TOTAL,100,100,0,4,96,12,12,NA,1,11,2,2,NA,0,2,0,0,NA,0,0,3,3,NA,0,3,4,4,0,0,4,3,3,NA,0,3,1,1,0,1,0,2,2,0,0,2,0,0,0,0,0,9,9,0,0,9,16,16,NA,0,16,10,10,NA,0,10,4,4,NA,0,4,1,1,NA,NA,1,1,1,0,0,1,2,2,NA,NA,2,5,5,0,0,5,11,11,NA,0,11,2,2,NA,0,2,0,0,NA,0,0,4,4,0,0,4,8,8,NA,2,6
M8 [Family Planning],'8.2.1',Number of Laparoscopic sterilizations (excluding post abortion) conducted,TOTAL,672,666,6,26,646,191,191,NA,4,187,0,0,NA,0,0,0,0,NA,0,0,16,16,NA,9,7,0,0,0,0,0,97,97,0,6,91,2,2,0,0,2,0,0,0,0,0,0,0,0,0,0,0,0,0,0,0,0,0,NA,0,0,0,0,NA,0,0,75,75,NA,0,75,6,6,NA,NA,6,91,91,0,0,91,62,62,NA,1,61,6,0,6,6,0,126,126,NA,0,126,0,0,NA,0,0,0,0,NA,0,0,0,0,0,0,0,0,0,NA,0,0
M8 [Family Planning],'8.2.2',Number of Interval Mini-lap (other than post-partum and post abortion) sterilizations conducted,TOTAL,2919,2142,777,790,2129,56,56,NA,2,54,176,166,10,10,166,44,44,NA,0,44,79,79,NA,3,76,309,278,31,31,278,24,12,12,12,12,567,88,479,484,83,92,92,0,0,92,225,212,13,13,212,172,127,45,45,127,76,76,NA,0,76,103,97,6,6,97,6,6,NA,0,6,41,41,NA,NA,41,10,0,10,10,0,4,4,NA,2,2,170,111,59,59,111,0,0,NA,0,0,148,146,2,2,146,220,214,6,6,214,304,206,98,98,206,93,87,6,7,86
M8 [Family Planning],'8.2.3',Number of Postpartum sterilizations (within 7 days of delivery by minilap or concurrent with caesarean section) conducted,TOTAL,698,658,40,76,622,40,34,6,11,29,38,38,NA,0,38,3,3,NA,0,3,32,32,NA,20,12,58,58,0,0,58,26,26,NA,6,20,34,26,8,8,26,21,21,0,0,21,41,41,0,0,41,37,37,0,0,37,47,47,NA,0,47,24,24,NA,0,24,0,0,NA,0,0,20,20,NA,NA,20,11,11,0,0,11,43,39,4,7,36,15,6,9,9,6,16,16,NA,0,16,52,52,NA,0,52,36,36,NA,0,36,66,53,13,13,53,38,38,0,2,36
M8 [Family Planning],'8.2.4',Number of Post Abortion sterilizations (within 7 days of spontaneous or surgical abortion) conducted,TOTAL,64,64,0,8,56,0,0,NA,0,0,4,4,NA,0,4,0,0,NA,0,0,12,12,NA,8,4,2,2,0,0,2,0,0,NA,0,0,0,0,0,0,0,0,0,0,0,0,0,0,NA,0,0,5,5,0,0,5,0,0,NA,0,0,0,0,NA,0,0,0,0,NA,0,0,23,23,NA,NA,23,0,0,0,0,0,15,15,NA,NA,15,2,2,0,0,2,0,0,NA,0,0,0,0,NA,0,0,0,0,NA,0,0,1,1,0,0,1,0,0,0,0,0
M8 [Family Planning],'8.3',Number of Interval IUCD Insertions (excluding PPIUCD and PAIUCD),TOTAL,9055,8550,505,1445,7610,368,368,NA,55,313,382,371,11,23,359,235,235,NA,0,235,590,590,NA,210,380,324,305,19,55,269,594,549,45,154,440,641,545,96,128,513,267,267,0,27,240,511,489,22,56,455,551,496,55,77,474,710,710,NA,119,591,296,286,10,20,276,293,293,NA,0,293,82,82,NA,NA,82,482,406,76,95,387,187,132,55,93,94,336,336,0,27,309,430,430,NA,42,388,433,381,52,114,319,421,419,2,9,412,630,594,36,67,563,292,266,26,74,218
M8 [Family Planning],'8.4',Number of Postpartum (within 48 hours of delivery) IUCD insertions,TOTAL,6163,6063,100,321,5842,422,422,NA,10,412,236,236,NA,0,236,78,78,NA,0,78,357,357,NA,89,268,282,268,14,18,264,376,299,77,106,270,183,183,0,33,150,335,335,0,0,335,251,251,NA,0,251,185,185,0,8,177,116,116,NA,0,116,167,167,NA,5,162,190,190,NA,0,190,40,40,NA,NA,40,360,360,0,0,360,488,486,2,15,473,688,688,0,21,667,128,128,NA,0,128,192,192,NA,0,192,389,388,1,1,388,292,286,6,8,284,408,408,0,7,401
M8 [Family Planning],'8.5',Number of Post Abortion (within 12 days of spontaneous or surgical abortion) IUCD insertions,TOTAL,121,121,0,8,113,0,0,NA,0,0,2,2,NA,0,2,0,0,NA,0,0,14,14,NA,8,6,0,0,NA,0,0,0,0,NA,0,0,0,0,0,0,0,16,16,0,0,16,1,1,NA,0,1,4,4,0,0,4,1,1,NA,0,1,0,0,NA,0,0,0,0,NA,0,0,28,28,NA,NA,28,4,4,NA,0,4,26,26,NA,NA,26,1,1,0,0,1,0,0,NA,0,0,24,24,NA,0,24,0,0,NA,0,0,0,0,0,0,0,0,0,0,0,0
M8 [Family Planning],'8.6',Number of IUCD Removals,TOTAL,2655,2636,19,288,2367,145,145,NA,4,141,148,148,NA,9,139,61,61,NA,3,58,154,154,NA,71,83,90,90,NA,8,82,135,135,NA,34,101,245,227,18,44,201,104,104,0,12,92,166,166,NA,3,163,111,111,0,6,105,149,149,NA,10,139,86,86,NA,5,81,97,97,NA,0,97,24,24,NA,NA,24,72,72,0,4,68,79,78,1,20,59,120,120,0,13,107,134,134,NA,2,132,114,114,NA,14,100,143,143,NA,8,135,184,184,0,9,175,94,94,0,9,85
M8 [Family Planning],'8.7',Number of complications following IUCD Insertion,TOTAL,364,360,4,32,332,12,12,NA,0,12,10,10,NA,0,10,0,0,NA,0,0,41,41,NA,11,30,8,8,NA,0,8,3,3,NA,1,2,22,22,0,1,21,1,1,0,0,1,17,17,NA,0,17,58,58,0,1,57,18,18,NA,0,18,16,16,NA,0,16,20,20,NA,0,20,3,3,NA,NA,3,30,30,0,6,24,0,0,NA,NA,0,9,9,0,0,9,44,44,NA,0,44,1,1,NA,0,1,15,15,NA,3,12,17,17,0,0,17,19,15,4,9,10
M8 [Family Planning],'8.8',Injectable Contraceptive-Antara Program- First Dose,TOTAL,2610,2610,0,616,1994,102,102,NA,10,92,68,68,NA,0,68,0,0,NA,0,0,299,299,NA,202,97,98,98,NA,13,85,412,412,NA,217,195,64,64,0,5,59,47,47,0,0,47,71,71,NA,0,71,110,110,0,11,99,105,105,NA,0,105,61,61,NA,10,51,193,193,NA,0,193,159,159,NA,NA,159,158,158,0,12,146,44,44,NA,NA,44,296,296,0,91,205,127,127,NA,23,104,52,52,NA,0,52,34,34,NA,0,34,29,29,0,6,23,81,81,0,16,65
M8 [Family Planning],'8.9',Injectable Contraceptive-Antara Program- Second Dose,TOTAL,842,842,0,158,684,30,30,NA,9,21,30,30,NA,0,30,0,0,NA,0,0,148,148,NA,96,52,49,49,NA,6,43,26,26,NA,8,18,18,18,0,0,18,13,13,0,0,13,23,23,NA,0,23,36,36,0,1,35,39,39,NA,0,39,16,16,NA,1,15,55,55,NA,0,55,92,92,NA,NA,92,45,45,0,0,45,2,2,NA,NA,2,114,114,0,23,91,36,36,NA,7,29,8,8,NA,0,8,20,20,NA,0,20,5,5,0,0,5,37,37,0,7,30
M8 [Family Planning],'8.10',Injectable Contraceptive-Antara Program- Third Dose,TOTAL,179,179,0,10,169,1,1,NA,0,1,3,3,NA,0,3,0,0,NA,0,0,17,17,NA,8,9,26,26,NA,0,26,5,5,NA,1,4,2,2,0,0,2,6,6,0,0,6,5,5,NA,0,5,4,4,0,0,4,0,0,NA,0,0,0,0,NA,0,0,8,8,NA,NA,8,55,55,NA,NA,55,18,18,0,0,18,0,0,NA,NA,0,6,6,0,0,6,0,0,NA,0,0,14,14,NA,0,14,3,3,NA,0,3,1,1,0,0,1,5,5,0,1,4
M8 [Family Planning],'8.11',Injectable Contraceptive-Antara Program- Fourth or more than fourth,TOTAL,127,127,0,0,127,0,0,NA,0,0,37,37,NA,0,37,0,0,NA,0,0,17,17,NA,0,17,6,6,NA,0,6,6,6,NA,0,6,0,0,0,0,0,7,7,0,0,7,6,6,NA,0,6,2,2,0,0,2,0,0,NA,0,0,2,2,NA,0,2,0,0,NA,NA,0,34,34,NA,NA,34,0,0,0,0,0,1,1,NA,NA,1,2,2,0,0,2,0,0,NA,0,0,1,1,NA,0,1,1,1,NA,0,1,2,2,0,0,2,3,3,0,0,3
M8 [Family Planning],'8.12',Number of Combined Oral Pill cycles distributed,TOTAL,67718,64660,3058,14107,53611,4045,3079,966,1658,2387,2640,2640,NA,132,2508,1103,1103,NA,130,973,2840,2840,NA,1137,1703,3224,3224,NA,423,2801,5194,4649,545,3592,1602,2097,1947,150,516,1581,3040,3040,0,393,2647,2844,2844,NA,135,2709,2159,2140,19,207,1952,4107,4107,NA,572,3535,2526,2526,NA,191,2335,2927,2927,NA,NA,2927,2510,2510,NA,NA,2510,2882,2882,0,278,2604,1856,1646,210,511,1345,2466,2321,145,1043,1423,2151,2151,NA,250,1901,3826,2946,880,1426,2400,4507,4507,NA,544,3963,6262,6262,0,461,5801,2512,2369,143,508,2004
M8 [Family Planning],'8.13',Number of Condom pieces distributed,TOTAL,1435536,1310880,124656,281323,1154213,105117,73171,31946,41130,63987,44274,44274,NA,2326,41948,34131,34131,NA,2000,32131,54616,54616,NA,23621,30995,76764,76758,6,7380,69384,76436,60917,15519,44648,31788,63169,60603,2566,8481,54688,54938,54938,0,2938,52000,61213,61213,NA,4410,56803,65969,49730,16239,17386,48583,80759,80759,NA,12123,68636,61712,61712,NA,3704,58008,49405,49405,NA,5000,44405,20754,20754,NA,NA,20754,57287,57287,0,5532,51755,50578,41438,9140,15552,35026,61029,40464,20565,27015,34014,42230,42230,NA,910,41320,85944,62059,23885,32967,52977,88885,88885,NA,4815,84070,133112,133112,0,6472,126640,67214,62424,4790,12913,54301
M8 [Family Planning],'8.14',Number of Centchroman (weekly) pill strips distributed,TOTAL,4704,4660,44,648,4056,113,113,NA,40,73,46,46,NA,0,46,668,668,NA,0,668,562,562,NA,45,517,134,106,28,47,87,426,426,NA,28,398,24,24,0,21,3,234,234,0,22,212,400,400,NA,0,400,200,200,NA,145,55,5,5,NA,3,2,530,530,NA,0,530,24,24,NA,NA,24,56,56,NA,NA,56,5,5,0,5,0,40,40,NA,NA,40,158,142,16,80,78,26,26,NA,3,23,294,294,NA,190,104,564,564,NA,14,550,153,153,0,0,153,42,42,0,5,37
M8 [Family Planning],'8.15',Number of Emergency Contraceptive Pills (ECP) given,TOTAL,2642,2375,267,594,2048,149,149,NA,30,119,95,95,NA,4,91,107,107,NA,23,84,127,127,NA,67,60,95,95,0,32,63,80,80,NA,13,67,28,28,0,8,20,199,199,0,0,199,168,168,NA,34,134,34,34,0,13,21,151,151,NA,14,137,95,95,NA,10,85,27,27,NA,NA,27,439,439,NA,NA,439,71,71,0,0,71,250,151,99,103,147,74,74,NA,28,46,37,37,NA,17,20,35,35,NA,0,35,139,139,NA,26,113,56,56,0,0,56,186,18,168,172,14
M8 [Family Planning],'8.16',Number of Pregnancy Test Kits (PTK) used,TOTAL,28788,28436,352,4335,24453,1524,1524,NA,238,1286,848,848,NA,109,739,565,565,NA,99,466,1449,1449,NA,1134,315,1855,1841,14,183,1672,1435,1435,NA,511,924,1827,1827,0,168,1659,1091,1091,0,158,933,2337,2337,NA,155,2182,1301,1301,0,57,1244,1649,1649,NA,165,1484,1418,1418,NA,164,1254,619,619,NA,40,579,1757,1757,NA,NA,1757,634,634,0,0,634,1235,1115,120,148,1087,1222,1222,NA,142,1080,567,567,NA,0,567,1257,1257,NA,255,1002,1159,1159,NA,30,1129,1269,1269,0,16,1253,1770,1552,218,563,1207
M8 [Family Planning],'8.17.1',Complications following male sterilization,TOTAL,2,2,0,0,2,0,0,NA,0,0,0,0,NA,0,0,0,0,NA,0,0,0,0,NA,0,0,0,0,0,0,0,0,0,NA,0,0,0,0,0,0,0,0,0,0,0,0,0,0,NA,0,0,0,0,0,0,0,0,0,NA,0,0,0,0,NA,0,0,0,0,NA,0,0,0,0,NA,NA,0,0,0,0,0,0,0,0,NA,NA,0,0,0,NA,0,0,0,0,NA,0,0,0,0,NA,0,0,0,0,NA,0,0,0,0,0,0,0,2,2,0,0,2
M8 [Family Planning],'8.17.2',Complications following female sterilization,TOTAL,18,18,0,0,18,0,0,NA,0,0,0,0,NA,0,0,0,0,NA,0,0,6,6,NA,0,6,2,2,0,0,2,0,0,NA,0,0,1,1,0,0,1,0,0,0,0,0,0,0,NA,0,0,0,0,0,0,0,0,0,NA,0,0,0,0,NA,0,0,6,6,NA,0,6,0,0,NA,NA,0,0,0,0,0,0,0,0,NA,NA,0,2,2,NA,0,2,0,0,NA,0,0,0,0,NA,0,0,0,0,NA,0,0,0,0,0,0,0,1,1,0,0,1
M8 [Family Planning],'8.17.3',Failures following male sterilization,TOTAL,0,0,0,0,0,0,0,NA,0,0,0,0,NA,0,0,0,0,NA,0,0,0,0,NA,0,0,0,0,0,0,0,0,0,NA,0,0,0,0,0,0,0,0,0,0,0,0,0,0,NA,0,0,0,0,0,0,0,0,0,NA,0,0,0,0,NA,0,0,0,0,NA,0,0,0,0,NA,NA,0,0,0,0,0,0,0,0,NA,NA,0,0,0,NA,0,0,0,0,NA,0,0,0,0,NA,0,0,0,0,NA,0,0,0,0,0,0,0,0,0,0,0,0
M8 [Family Planning],'8.17.4',Failures following female sterilization,TOTAL,5,5,0,0,5,0,0,NA,0,0,0,0,NA,0,0,0,0,NA,0,0,0,0,NA,0,0,0,0,0,0,0,0,0,NA,0,0,0,0,0,0,0,1,1,0,0,1,0,0,NA,0,0,0,0,0,0,0,0,0,NA,0,0,0,0,NA,0,0,0,0,NA,0,0,0,0,NA,NA,0,2,2,0,0,2,0,0,NA,NA,0,0,0,NA,0,0,0,0,NA,0,0,1,1,NA,0,1,0,0,NA,0,0,1,1,0,0,1,0,0,0,0,0
M8 [Family Planning],'8.17.5',Deaths following male sterilization,TOTAL,0,0,0,0,0,0,0,NA,0,0,0,0,NA,0,0,0,0,NA,0,0,0,0,NA,0,0,0,0,0,0,0,0,0,NA,0,0,0,0,0,0,0,0,0,0,0,0,0,0,NA,0,0,0,0,0,0,0,0,0,NA,0,0,0,0,NA,0,0,0,0,NA,NA,0,0,0,NA,NA,0,0,0,0,0,0,0,0,NA,NA,0,0,0,NA,0,0,0,0,NA,0,0,0,0,NA,0,0,0,0,NA,0,0,0,0,0,0,0,0,0,0,0,0
M8 [Family Planning],'8.17.6',Deaths following female sterilization,TOTAL,0,0,0,0,0,0,0,NA,0,0,0,0,NA,0,0,0,0,NA,0,0,0,0,NA,0,0,0,0,0,0,0,0,0,NA,0,0,0,0,0,0,0,0,0,0,0,0,0,0,NA,0,0,0,0,0,0,0,0,0,NA,0,0,0,0,NA,0,0,0,0,NA,NA,0,0,0,NA,NA,0,0,0,0,0,0,0,0,NA,NA,0,0,0,NA,0,0,0,0,NA,0,0,0,0,NA,0,0,0,0,NA,0,0,0,0,0,0,0,0,0,0,0,0
M9 [CHILD IMMUNISATION],'9.1.1',Child immunisation - Vitamin K1 (Birth Dose),TOTAL,21893,17277,4616,5169,16724,823,823,NA,48,775,529,529,NA,0,529,156,114,42,42,114,972,972,NA,230,742,836,612,224,238,598,2624,934,1690,1781,843,802,802,0,31,771,567,532,35,41,526,985,685,300,300,685,779,607,172,187,592,1534,1032,502,502,1032,757,407,350,355,402,706,434,272,272,434,1091,1091,NA,NA,1091,2189,2189,0,0,2189,562,562,NA,19,543,991,991,NA,52,939,709,315,394,394,315,1239,1239,NA,0,1239,1212,577,635,635,577,1096,1096,0,24,1072,734,734,NA,18,716
M9 [CHILD IMMUNISATION],'9.1.2',Child immunisation - BCG,TOTAL,36875,31338,5537,9571,27304,1221,1063,158,227,994,1716,1566,150,274,1442,504,504,NA,78,426,3171,2648,523,1708,1463,1147,1005,142,189,958,3541,1851,1690,2261,1280,2137,1876,261,645,1492,854,817,37,150,704,1748,1648,100,185,1563,1167,995,172,283,884,1928,1666,262,363,1565,1131,781,350,410,721,764,764,NA,5,759,2654,2654,NA,NA,2654,2020,1999,21,137,1883,808,701,107,219,589,1715,1715,NA,213,1502,1099,749,350,387,712,1919,1621,298,483,1436,1841,1719,122,223,1618,2033,1932,101,293,1740,1757,1064,693,838,919
M9 [CHILD IMMUNISATION],'9.1.3',Child immunisation - DPT1,TOTAL,70,63,7,7,63,0,0,NA,0,0,0,0,NA,0,0,0,0,NA,0,0,0,0,NA,0,0,4,4,0,0,4,0,0,NA,0,0,0,0,0,0,0,7,0,7,7,0,0,0,NA,0,0,0,0,NA,0,0,0,0,NA,0,0,0,0,NA,0,0,0,0,NA,NA,0,59,59,NA,NA,59,0,0,0,0,0,0,0,NA,NA,0,0,0,NA,0,0,0,0,NA,0,0,0,0,NA,0,0,0,0,NA,0,0,0,0,0,0,0,0,0,NA,0,0
M9 [CHILD IMMUNISATION],'9.1.4',Child immunisation - DPT2,TOTAL,36,36,0,1,35,0,0,NA,0,0,0,0,NA,0,0,0,0,NA,0,0,0,0,NA,0,0,6,6,0,1,5,0,0,NA,0,0,0,0,0,0,0,0,0,0,0,0,0,0,NA,0,0,0,0,NA,0,0,0,0,NA,0,0,0,0,NA,0,0,0,0,NA,NA,0,30,30,NA,NA,30,0,0,0,0,0,0,0,NA,NA,0,0,0,NA,0,0,0,0,NA,0,0,0,0,NA,0,0,0,0,NA,0,0,0,0,0,0,0,0,0,NA,0,0
M9 [CHILD IMMUNISATION],'9.1.5',Child immunisation - DPT3,TOTAL,20,20,0,0,20,0,0,NA,0,0,0,0,NA,0,0,0,0,NA,0,0,0,0,NA,0,0,0,0,0,0,0,0,0,NA,0,0,0,0,0,0,0,0,0,0,0,0,0,0,NA,0,0,0,0,NA,0,0,0,0,NA,0,0,0,0,NA,0,0,0,0,NA,NA,0,20,20,NA,NA,20,0,0,0,0,0,0,0,NA,NA,0,0,0,NA,0,0,0,0,NA,0,0,0,0,NA,0,0,0,0,NA,0,0,0,0,0,0,0,0,0,NA,0,0
M9 [CHILD IMMUNISATION],'9.1.6',Child immunisation - Pentavalent 1,TOTAL,41445,39296,2149,11862,29583,1521,1494,27,360,1161,1752,1552,200,465,1287,576,576,NA,115,461,4251,3728,523,2781,1470,1301,1185,116,298,1003,3966,3531,435,2300,1666,2429,2339,90,608,1821,1290,1289,1,323,967,2182,1915,267,434,1748,1486,1486,NA,225,1261,2318,2278,40,558,1760,1184,1184,NA,193,991,1172,1172,NA,13,1159,2315,2315,NA,NA,2315,2212,2212,0,277,1935,952,915,37,304,648,2108,2108,NA,652,1456,1107,1082,25,159,948,1428,1394,34,425,1003,1867,1747,120,383,1484,2207,2189,18,385,1822,1821,1605,216,604,1217
M9 [CHILD IMMUNISATION],'9.1.7',Child immunisation - Pentavalent 2,TOTAL,45963,43573,2390,13535,32428,1786,1692,94,483,1303,1875,1675,200,474,1401,627,627,NA,103,524,4748,4236,512,3157,1591,1548,1373,175,372,1176,4537,4117,420,2741,1796,2630,2538,92,674,1956,1452,1451,1,334,1118,2182,1909,273,438,1744,1682,1682,NA,263,1419,2684,2563,121,700,1984,1403,1403,NA,221,1182,1262,1262,NA,12,1250,2191,2191,NA,NA,2191,2486,2486,0,323,2163,1026,988,38,311,715,2206,2206,NA,683,1523,1287,1265,22,179,1108,1568,1535,33,471,1097,2263,2104,159,510,1753,2453,2434,19,423,2030,2067,1836,231,663,1404
M9 [CHILD IMMUNISATION],'9.1.8',Child immunisation - Pentavalent 3,TOTAL,46355,43776,2579,12949,33406,1936,1822,114,513,1423,1915,1715,200,454,1461,708,708,NA,99,609,4223,3745,478,2755,1468,1628,1440,188,375,1253,4381,3983,398,2508,1873,2730,2639,91,698,2032,1518,1516,2,317,1201,2227,2039,188,358,1869,1696,1696,NA,237,1459,2754,2562,192,745,2009,1485,1473,12,219,1266,1381,1381,NA,11,1370,1892,1892,NA,NA,1892,2436,2436,0,225,2211,1132,1084,48,342,790,2263,2161,102,699,1564,1277,1258,19,175,1102,1675,1642,33,495,1180,2208,2019,189,530,1678,2676,2609,67,489,2187,2214,1956,258,705,1509
M9 [CHILD IMMUNISATION],'9.1.9',Child immunisation - OPV 0 (Birth Dose),TOTAL,29834,23192,6642,8937,20897,1144,976,168,233,911,1460,960,500,570,890,181,181,NA,3,178,2691,2168,523,1445,1246,983,759,224,245,738,3041,1351,1690,1958,1083,1737,1453,284,480,1257,651,614,37,66,585,1428,1128,300,323,1105,1132,960,172,283,849,1969,1424,545,591,1378,1008,658,350,379,629,505,505,NA,5,500,1501,1501,NA,NA,1501,1321,1285,36,56,1265,786,679,107,209,577,1711,1214,497,553,1158,941,516,425,425,516,1761,1469,292,439,1322,1292,1275,17,48,1244,1267,1226,41,153,1114,1324,890,434,473,851
M9 [CHILD IMMUNISATION],'9.1.10',Child immunisation - OPV1,TOTAL,41522,39352,2170,11778,29744,1576,1499,77,410,1166,1754,1554,200,472,1282,562,562,NA,115,447,4361,3838,523,2781,1580,1305,1189,116,298,1007,3862,3427,435,2201,1661,2412,2322,90,607,1805,1306,1306,0,342,964,2204,1915,289,456,1748,1486,1486,NA,225,1261,2315,2275,40,558,1757,1192,1192,NA,193,999,1164,1164,NA,13,1151,2439,2439,NA,NA,2439,2144,2144,0,254,1890,952,915,37,304,648,2112,2112,NA,643,1469,1091,1078,13,147,944,1410,1396,14,405,1005,1862,1742,120,383,1479,2194,2194,0,367,1827,1819,1603,216,604,1215
M9 [CHILD IMMUNISATION],'9.1.11',Child immunisation - OPV2,TOTAL,45723,43408,2315,13382,32341,1784,1690,94,483,1301,1875,1675,200,474,1401,626,626,NA,103,523,4687,4175,512,3118,1569,1554,1379,175,373,1181,4521,4101,420,2741,1780,2615,2523,92,672,1943,1465,1465,0,343,1122,2187,1909,278,443,1744,1682,1682,NA,263,1419,2665,2563,102,681,1984,1403,1403,NA,221,1182,1258,1258,NA,12,1246,2196,2196,NA,NA,2196,2424,2424,0,294,2130,1026,988,38,311,715,2177,2177,NA,664,1513,1269,1262,7,164,1105,1547,1534,13,451,1096,2259,2106,153,504,1755,2436,2436,0,404,2032,2067,1836,231,663,1404
M9 [CHILD IMMUNISATION],'9.1.12',Child immunisation - OPV3,TOTAL,45976,43682,2294,12603,33373,1891,1777,114,513,1378,1914,1714,200,454,1460,708,708,NA,99,609,4190,3712,478,2716,1474,1628,1440,188,375,1253,4379,3981,398,2503,1876,2715,2624,91,698,2017,1509,1509,0,315,1194,2029,2029,0,170,1859,1698,1698,NA,237,1461,2778,2581,197,750,2028,1486,1474,12,219,1267,1377,1377,NA,11,1366,1933,1933,NA,NA,1933,2430,2430,0,225,2205,1132,1084,48,342,790,2246,2144,102,682,1564,1252,1246,6,162,1090,1657,1644,13,475,1182,2191,2002,189,530,1661,2619,2619,0,422,2197,2214,1956,258,705,1509
M9 [CHILD IMMUNISATION],'9.1.13',Child immunisation - Hepatitis-B0 (Birth Dose),TOTAL,22266,15382,6884,7685,14581,887,719,168,212,675,1378,878,500,540,838,132,132,NA,3,129,1669,1146,523,869,800,914,640,274,284,630,2588,898,1690,1781,807,1231,897,334,407,824,471,434,37,37,434,1027,727,300,300,727,778,606,172,186,592,1528,1003,525,525,1003,762,412,350,355,407,468,416,52,52,416,957,957,NA,NA,957,844,702,142,142,702,750,643,107,209,541,745,248,497,518,227,723,433,290,290,433,1523,1065,458,458,1065,999,982,17,17,982,1116,1060,56,80,1036,776,384,392,420,356
M9 [CHILD IMMUNISATION],'9.1.14',Child immunisation - Hepatitis-B1,TOTAL,14,0,14,14,0,0,0,NA,0,0,0,0,NA,0,0,0,0,NA,0,0,0,0,NA,0,0,0,0,0,0,0,0,0,NA,0,0,0,0,0,0,0,14,0,14,14,0,0,0,NA,0,0,0,0,NA,0,0,0,0,0,0,0,0,0,NA,0,0,0,0,NA,NA,0,0,0,NA,NA,0,0,0,0,0,0,0,0,NA,NA,0,0,0,NA,0,0,0,0,0,0,0,0,0,NA,0,0,0,0,NA,0,0,0,0,0,0,0,0,0,NA,0,0
M9 [CHILD IMMUNISATION],'9.1.15',Child immunisation - Hepatitis-B2,TOTAL,12,0,12,12,0,0,0,NA,0,0,0,0,NA,0,0,0,0,NA,0,0,0,0,NA,0,0,0,0,0,0,0,0,0,NA,0,0,0,0,0,0,0,12,0,12,12,0,0,0,NA,0,0,0,0,NA,0,0,0,0,0,0,0,0,0,NA,0,0,0,0,NA,NA,0,0,0,NA,NA,0,0,0,0,0,0,0,0,NA,NA,0,0,0,NA,0,0,0,0,0,0,0,0,0,NA,0,0,0,0,NA,0,0,0,0,0,0,0,0,0,NA,0,0
M9 [CHILD IMMUNISATION],'9.1.16',Child immunisation - Hepatitis-B3,TOTAL,9,0,9,9,0,0,0,NA,0,0,0,0,NA,0,0,0,0,NA,0,0,0,0,NA,0,0,0,0,0,0,0,0,0,NA,0,0,0,0,0,0,0,9,0,9,9,0,0,0,NA,0,0,0,0,NA,0,0,0,0,0,0,0,0,0,NA,0,0,0,0,NA,NA,0,0,0,NA,NA,0,0,0,0,0,0,0,0,NA,NA,0,0,0,NA,0,0,0,0,0,0,0,0,0,NA,0,0,0,0,NA,0,0,0,0,0,0,0,0,0,NA,0,0
M9 [CHILD IMMUNISATION],'9.1.17',Child immunisation - Inactivated Polio Vaccine 1 (IPV 1),TOTAL,35709,35691,18,8759,26950,1525,1525,NA,348,1177,1443,1443,NA,232,1211,480,480,NA,115,365,3236,3236,NA,1837,1399,1323,1323,0,195,1128,3125,3125,NA,1759,1366,2481,2468,13,552,1929,1195,1195,0,306,889,1586,1586,NA,77,1509,1486,1486,NA,225,1261,2087,2087,0,453,1634,1202,1202,NA,193,1009,867,867,NA,7,860,1738,1738,NA,NA,1738,1727,1727,0,185,1542,877,872,5,222,655,1730,1730,NA,531,1199,889,889,NA,92,797,1367,1367,NA,388,979,1743,1743,NA,296,1447,2004,2004,0,365,1639,1598,1598,NA,381,1217
M9 [CHILD IMMUNISATION],'9.1.18',Child immunisation - Inactivated Polio Vaccine 2 (IPV 2),TOTAL,38376,38347,29,9356,29020,1817,1817,NA,375,1442,1459,1459,NA,249,1210,574,574,NA,91,483,3589,3589,NA,2333,1256,1438,1438,0,202,1236,3204,3204,NA,1779,1425,2714,2689,25,591,2123,1266,1266,0,281,985,1686,1686,NA,60,1626,1697,1697,NA,237,1460,2189,2189,0,435,1754,1463,1463,NA,209,1254,1026,1026,NA,4,1022,1261,1261,NA,NA,1261,1446,1446,0,132,1314,996,992,4,234,762,1723,1723,NA,443,1280,1008,1008,NA,105,903,1620,1620,NA,445,1175,1894,1894,NA,325,1569,2367,2367,0,391,1976,1939,1939,NA,435,1504
M9 [CHILD IMMUNISATION],'9.1.19',Child immunisation - Rotavirus 1,TOTAL,37789,36217,1572,10399,27390,1526,1449,77,376,1150,1489,1489,NA,265,1224,559,559,NA,115,444,3218,2695,523,2270,948,1177,1111,66,243,934,3827,3392,435,2282,1545,2338,2296,42,534,1804,1258,1258,0,312,946,2063,1798,265,422,1641,1488,1488,NA,225,1263,2367,2242,125,643,1724,1191,1191,NA,189,1002,1157,1157,NA,13,1144,2283,2283,NA,NA,2283,1420,1420,0,139,1281,929,905,24,291,638,1924,1924,NA,624,1300,756,741,15,92,664,1367,1367,NA,391,976,1729,1729,NA,264,1465,2200,2200,0,367,1833,1523,1523,NA,342,1181
M9 [CHILD IMMUNISATION],'9.1.20',Child immunisation - Rotavirus 2,TOTAL,41620,39969,1651,11520,30100,1660,1566,94,424,1236,1575,1575,NA,274,1301,609,609,NA,103,506,3495,2983,512,2368,1127,1331,1281,50,223,1108,4666,4246,420,2703,1963,2557,2490,67,620,1937,1423,1415,8,365,1058,2065,1795,270,426,1639,1682,1682,NA,263,1419,2723,2523,200,779,1944,1405,1405,NA,221,1184,1228,1228,NA,12,1216,2159,2159,NA,NA,2159,1534,1534,0,136,1398,1005,982,23,296,709,1936,1936,NA,615,1321,704,697,7,83,621,1529,1529,NA,438,1091,2098,2098,NA,352,1746,2456,2456,0,404,2052,1780,1780,NA,415,1365
M9 [CHILD IMMUNISATION],'9.1.21',Child immunisation - Rotavirus 3,TOTAL,41595,39925,1670,10936,30659,1817,1703,114,465,1352,1628,1628,NA,254,1374,692,692,NA,99,593,3064,2586,478,2144,920,1377,1330,47,208,1169,4275,3877,398,2462,1813,2664,2599,65,644,2020,1441,1434,7,314,1127,2186,1910,276,436,1750,1698,1698,NA,237,1461,2738,2488,250,749,1989,1466,1466,NA,207,1259,1386,1386,NA,13,1373,1861,1861,NA,NA,1861,1358,1358,0,99,1259,1109,1081,28,322,787,1957,1957,NA,568,1389,713,706,7,77,636,1637,1637,NA,462,1175,2014,2014,NA,343,1671,2617,2617,0,422,2195,1897,1897,NA,411,1486
M9 [CHILD IMMUNISATION],'9.2.1',Child immunisation (9-11months) - Measles & Rubella (MR)- 1st Dose,TOTAL,42878,39876,3002,13180,29698,1586,1521,65,471,1115,1850,1650,200,469,1381,611,611,NA,55,556,3619,3141,478,2394,1225,1674,1475,199,385,1289,4773,4253,520,3077,1696,2568,2463,105,777,1791,1384,1382,2,333,1051,2120,1864,256,450,1670,1433,1433,NA,223,1210,2415,2308,107,671,1744,1186,1151,35,214,972,1246,1246,NA,6,1240,2262,2262,NA,NA,2262,2211,2211,0,230,1981,908,877,31,287,621,2084,1982,102,671,1413,1493,1168,325,482,1011,1392,1383,9,402,990,2020,1808,212,509,1511,2248,2187,61,416,1832,1795,1500,295,658,1137
M9 [CHILD IMMUNISATION],'9.2.2',Child immunisation (9-11months) - Measles 1st dose,TOTAL,0,0,0,0,0,0,0,NA,0,0,0,0,NA,0,0,0,0,NA,0,0,0,0,NA,0,0,0,0,0,0,0,0,0,NA,0,0,0,0,0,0,0,0,0,0,0,0,0,0,NA,0,0,0,0,NA,0,0,0,0,0,0,0,0,0,NA,0,0,0,0,NA,NA,0,0,0,NA,NA,0,0,0,0,0,0,0,0,NA,NA,0,0,0,NA,0,0,0,0,NA,0,0,0,0,NA,0,0,0,0,NA,0,0,0,0,0,0,0,0,0,NA,0,0
M9 [CHILD IMMUNISATION],'9.2.3',Child immunisation (9-11months) - JE 1st dose,TOTAL,10250,9898,352,2678,7572,1588,1523,65,471,1117,0,0,NA,0,0,0,0,NA,0,0,0,0,NA,0,0,0,0,0,0,0,0,0,NA,0,0,0,0,0,0,0,0,0,0,0,0,0,0,NA,0,0,1433,1433,NA,223,1210,2317,2317,0,566,1751,1153,1153,NA,179,974,0,0,NA,NA,0,0,0,NA,NA,0,0,0,0,0,0,0,0,NA,NA,0,1979,1979,NA,589,1390,0,0,NA,0,0,0,0,NA,0,0,0,0,NA,0,0,0,0,0,0,0,1780,1493,287,650,1130
M9 [CHILD IMMUNISATION],'9.2.4.a',Children aged between 9 and 11 months fully immunized- Male,TOTAL,22530,21009,1521,6630,15900,834,799,35,236,598,950,850,100,220,730,328,328,NA,30,298,1866,1608,258,1223,643,886,792,94,197,689,2469,2204,265,1529,940,1394,1334,60,412,982,742,742,0,160,582,1134,998,136,227,907,755,755,NA,110,645,1350,1292,58,340,1010,588,568,20,111,477,640,640,NA,NA,640,1116,1116,NA,NA,1116,1179,1179,0,124,1055,504,489,15,144,360,1106,1051,55,348,758,813,646,167,258,555,744,744,NA,213,531,991,916,75,191,800,1191,1160,31,215,976,950,798,152,342,608
M9 [CHILD IMMUNISATION],'9.2.4.b',Children aged between 9 and 11 months fully immunized - Female,TOTAL,20040,18640,1400,6257,13783,752,722,30,235,517,877,777,100,226,651,277,277,NA,25,252,1733,1513,220,1171,562,788,683,105,188,600,2300,2045,255,1436,864,1174,1129,45,365,809,638,638,0,172,466,977,857,120,223,754,677,677,NA,113,564,1177,1128,49,326,851,555,540,15,98,457,581,581,NA,NA,581,1064,1064,NA,NA,1064,980,980,0,99,881,404,388,16,143,261,976,929,47,316,660,671,513,158,224,447,653,653,NA,200,453,889,822,67,180,709,1052,1022,30,201,851,845,702,143,316,529
M9 [CHILD IMMUNISATION],'9.3.1',Child immunisation - Measles & Rubella (MR)- 1st Dose,TOTAL,4094,3852,242,1374,2720,169,169,NA,28,141,351,351,NA,78,273,160,160,NA,79,81,304,62,242,291,13,81,81,0,4,77,660,660,NA,448,212,26,26,0,22,4,190,190,0,26,164,5,5,NA,4,1,144,144,NA,131,13,11,11,NA,9,2,64,64,NA,0,64,172,172,NA,NA,172,507,507,NA,NA,507,651,651,0,138,513,0,0,NA,NA,0,478,478,NA,102,376,46,46,NA,0,46,0,0,NA,0,0,71,71,NA,10,61,0,0,0,0,0,4,4,NA,4,0
M9 [CHILD IMMUNISATION],'9.3.2',Child immunisation - Measles-1st dose,TOTAL,0,0,0,0,0,0,0,NA,0,0,0,0,NA,0,0,0,0,NA,0,0,0,0,NA,0,0,0,0,0,0,0,0,0,NA,0,0,0,0,0,0,0,0,0,0,0,0,0,0,NA,0,0,0,0,NA,0,0,0,0,NA,0,0,0,0,NA,0,0,0,0,NA,NA,0,0,0,NA,NA,0,0,0,0,0,0,0,0,NA,NA,0,0,0,NA,0,0,0,0,NA,0,0,0,0,NA,0,0,0,0,NA,0,0,0,0,0,0,0,0,0,NA,0,0
M9 [CHILD IMMUNISATION],'9.3.3',Child immunisation - JE 1st dose,TOTAL,893,893,0,285,608,170,170,NA,28,142,0,0,NA,0,0,0,0,NA,0,0,0,0,NA,0,0,0,0,0,0,0,0,0,NA,0,0,0,0,0,0,0,0,0,0,0,0,0,0,NA,0,0,144,144,NA,131,13,10,10,NA,8,2,64,64,NA,0,64,0,0,NA,NA,0,0,0,NA,NA,0,0,0,0,0,0,0,0,NA,NA,0,501,501,NA,114,387,0,0,NA,0,0,0,0,NA,0,0,0,0,NA,0,0,0,0,0,0,0,4,4,NA,4,0
M9 [CHILD IMMUNISATION],'9.4.1',Child immunisation - Measles & Rubella (MR)- 2nd Dose (16-24 months),TOTAL,45890,45603,287,11713,34177,1774,1774,NA,481,1293,1683,1683,NA,271,1412,674,674,NA,98,576,3890,3890,NA,2482,1408,2062,1929,133,377,1685,4165,4165,NA,2255,1910,2817,2774,43,701,2116,1538,1537,1,315,1223,2116,2116,NA,196,1920,1921,1921,NA,245,1676,2882,2882,0,669,2213,1489,1489,NA,233,1256,1403,1403,NA,12,1391,1649,1649,NA,NA,1649,2441,2441,0,327,2114,1084,1057,27,342,742,2391,2391,NA,686,1705,1367,1367,NA,230,1137,1756,1756,NA,489,1267,2121,2121,NA,376,1745,2649,2642,7,377,2272,2018,1942,76,551,1467
M9 [CHILD IMMUNISATION],'9.4.2',Child immunisation - Measles 2nd dose (More than 16 months),TOTAL,283,283,0,0,283,283,283,NA,0,283,0,0,NA,0,0,0,0,NA,0,0,0,0,NA,0,0,0,0,NA,0,0,0,0,NA,0,0,0,0,0,0,0,0,0,0,0,0,0,0,NA,0,0,0,0,NA,0,0,0,0,0,0,0,0,0,NA,0,0,0,0,NA,NA,0,0,0,NA,NA,0,0,0,0,0,0,0,0,NA,NA,0,0,0,NA,0,0,0,0,NA,0,0,0,0,NA,0,0,0,0,NA,0,0,0,0,0,0,0,0,0,NA,0,0
M9 [CHILD IMMUNISATION],'9.4.3',Child immunisation - DPT 1st Booster,TOTAL,46592,46286,306,11932,34660,1781,1781,NA,483,1298,1827,1827,NA,323,1504,737,737,NA,122,615,4216,4216,NA,2625,1591,1844,1711,133,375,1469,4202,4202,NA,2229,1973,2796,2744,52,703,2093,1620,1618,2,299,1321,2224,2224,NA,196,2028,1920,1920,NA,245,1675,2841,2841,0,655,2186,1513,1513,NA,247,1266,1405,1405,NA,12,1393,1648,1648,NA,NA,1648,2469,2469,0,327,2142,1080,1046,34,331,749,2227,2227,NA,645,1582,1440,1440,NA,229,1211,1636,1636,NA,489,1147,2172,2164,8,382,1790,2993,2992,1,464,2529,2001,1925,76,551,1450
M9 [CHILD IMMUNISATION],'9.4.4',Child immunisation - OPV Booster,TOTAL,46431,46125,306,11908,34523,1771,1771,NA,481,1290,1863,1863,NA,323,1540,737,737,NA,122,615,4216,4216,NA,2625,1591,1858,1725,133,376,1482,4257,4257,NA,2229,2028,2805,2753,52,705,2100,1543,1541,2,346,1197,2178,2178,NA,123,2055,1921,1921,NA,245,1676,2865,2865,0,655,2210,1513,1513,NA,247,1266,1400,1400,NA,12,1388,1653,1653,NA,NA,1653,2326,2326,0,327,1999,1080,1046,34,331,749,2225,2225,NA,638,1587,1452,1452,NA,229,1223,1634,1634,NA,489,1145,2177,2169,8,382,1795,2956,2955,1,472,2484,2001,1925,76,551,1450
M9 [CHILD IMMUNISATION],'9.4.5',"Child immunisation - Measles, Mumps, Rubella (MMR) Vaccine",TOTAL,102,102,0,66,36,0,0,NA,0,0,68,68,NA,66,2,0,0,NA,0,0,0,0,NA,0,0,0,0,0,0,0,0,0,NA,0,0,0,0,0,0,0,0,0,0,0,0,0,0,NA,0,0,0,0,NA,0,0,0,0,0,0,0,0,0,NA,0,0,4,4,NA,NA,4,0,0,NA,NA,0,0,0,0,0,0,0,0,NA,NA,0,30,30,NA,0,30,0,0,NA,0,0,0,0,NA,0,0,0,0,NA,0,0,0,0,0,0,0,0,0,NA,0,0
M9 [CHILD IMMUNISATION],'9.4.6',Number of children more than 16 months of age who received Japanese Encephalitis (JE) vaccine,TOTAL,11206,11206,0,2370,8836,1438,1438,NA,341,1097,0,0,NA,0,0,0,0,NA,0,0,0,0,NA,0,0,0,0,0,0,0,0,0,NA,0,0,0,0,0,0,0,0,0,0,0,0,0,0,NA,0,0,1909,1909,NA,245,1664,2712,2712,0,490,2222,1361,1361,NA,247,1114,0,0,NA,NA,0,0,0,NA,NA,0,0,0,0,0,0,0,0,NA,NA,0,1923,1923,NA,572,1351,0,0,NA,0,0,0,0,NA,0,0,0,0,NA,0,0,0,0,0,0,0,1863,1863,NA,475,1388
M9 [CHILD IMMUNISATION],'9.5.1',Child immunisation - Typhoid,TOTAL,67,17,50,59,8,0,0,NA,0,0,1,1,NA,0,1,0,0,NA,0,0,0,0,NA,0,0,49,0,49,49,0,0,0,NA,0,0,0,0,0,0,0,1,0,1,1,0,0,0,NA,0,0,0,0,NA,0,0,4,4,0,0,4,0,0,NA,0,0,0,0,NA,NA,0,0,0,NA,NA,0,9,9,0,9,0,0,0,NA,NA,0,3,3,NA,0,3,0,0,NA,0,0,0,0,NA,0,0,0,0,NA,0,0,0,0,0,0,0,0,0,NA,0,0
M9 [CHILD IMMUNISATION],'9.5.2',Children more than 5 years received DPT5 (2nd Booster),TOTAL,18939,18853,86,6470,12469,1279,1279,NA,316,963,349,349,NA,168,181,150,150,NA,13,137,2034,2034,NA,1287,747,1154,1104,50,256,898,1856,1856,NA,1133,723,809,796,13,365,444,471,471,0,208,263,398,398,NA,98,300,682,682,NA,65,617,1426,1426,0,433,993,965,965,NA,155,810,308,308,NA,NA,308,433,433,NA,NA,433,708,708,0,142,566,743,722,21,300,443,911,911,NA,360,551,206,204,2,80,126,516,516,NA,246,270,1234,1234,NA,169,1065,731,731,0,279,452,1576,1576,NA,397,1179
M9 [CHILD IMMUNISATION],'9.5.3',Children more than 10 years received TT10,TOTAL,10591,10544,47,3262,7329,825,825,NA,194,631,120,120,NA,63,57,84,84,NA,6,78,921,921,NA,507,414,241,206,35,85,156,783,783,NA,497,286,314,306,8,209,105,212,212,0,131,81,227,227,NA,26,201,482,482,NA,153,329,900,900,0,303,597,484,484,NA,47,437,315,315,NA,NA,315,1192,1192,NA,NA,1192,427,427,0,91,336,369,365,4,180,189,388,388,NA,132,256,50,50,NA,35,15,247,247,NA,144,103,740,740,NA,66,674,350,350,0,153,197,920,920,NA,240,680
M9 [CHILD IMMUNISATION],'9.5.4',Children more than 16 years received TT16,TOTAL,7480,7465,15,1953,5527,602,602,NA,114,488,60,60,NA,28,32,56,56,NA,1,55,636,636,NA,273,363,89,79,10,27,62,413,413,NA,259,154,186,181,5,123,63,131,131,0,88,43,196,196,NA,20,176,369,369,NA,75,294,1074,1074,0,237,837,191,191,NA,16,175,213,213,NA,NA,213,593,593,NA,NA,593,414,414,NA,75,339,216,216,NA,105,111,295,295,NA,77,218,13,13,NA,8,5,270,270,NA,105,165,571,571,NA,19,552,281,281,0,126,155,611,611,NA,177,434
M9 [CHILD IMMUNISATION],'9.6.1',Number of cases of AEFI - Abscess,TOTAL,55,55,0,12,43,1,1,NA,0,1,0,0,NA,0,0,0,0,NA,0,0,0,0,NA,0,0,3,3,0,0,3,0,0,NA,0,0,3,3,0,0,3,5,5,0,4,1,9,9,NA,0,9,9,9,NA,2,7,0,0,NA,0,0,3,3,NA,0,3,0,0,NA,NA,0,1,1,NA,NA,1,0,0,0,0,0,1,1,NA,1,0,1,1,NA,0,1,0,0,NA,0,0,3,3,NA,0,3,11,11,NA,0,11,0,0,0,0,0,5,5,NA,5,0
M9 [CHILD IMMUNISATION],'9.6.2',Number of cases of AEFI - Death,TOTAL,1,1,0,0,1,0,0,NA,0,0,0,0,NA,0,0,0,0,NA,0,0,0,0,NA,0,0,0,0,0,0,0,0,0,NA,0,0,0,0,0,0,0,0,0,0,0,0,0,0,NA,0,0,0,0,NA,0,0,1,1,NA,0,1,0,0,NA,0,0,0,0,NA,NA,0,0,0,NA,NA,0,0,0,0,0,0,0,0,NA,NA,0,0,0,NA,0,0,0,0,NA,0,0,0,0,NA,0,0,0,0,NA,0,0,0,0,0,0,0,0,0,NA,0,0
M9 [CHILD IMMUNISATION],'9.6.3',Number of cases of AEFI - Others,TOTAL,495,495,0,58,437,8,8,NA,0,8,0,0,NA,0,0,0,0,NA,0,0,2,2,NA,0,2,45,45,0,18,27,0,0,NA,0,0,33,33,0,0,33,103,103,0,9,94,28,28,NA,8,20,90,90,NA,3,87,2,2,NA,1,1,23,23,NA,0,23,0,0,NA,NA,0,37,37,NA,NA,37,1,1,0,0,1,7,7,NA,3,4,42,42,NA,0,42,6,6,NA,0,6,33,33,NA,12,21,22,22,NA,0,22,0,0,0,0,0,13,13,NA,4,9
M9 [CHILD IMMUNISATION],'9.7.1',Immunisation sessions planned,TOTAL,22822,22822,0,5001,17821,1183,1183,NA,389,794,967,967,NA,152,815,450,450,NA,36,414,1719,1719,NA,1025,694,854,854,NA,120,734,1439,1439,NA,736,703,1419,1419,0,280,1139,788,788,0,203,585,1057,1057,NA,0,1057,940,940,NA,103,837,1355,1355,NA,289,1066,756,756,NA,105,651,649,649,NA,NA,649,1226,1226,NA,NA,1226,1101,1101,0,100,1001,726,726,NA,258,468,1056,1056,NA,309,747,804,804,NA,84,720,762,762,NA,196,566,1007,1007,NA,147,860,1207,1207,0,177,1030,1357,1357,NA,292,1065
M9 [CHILD IMMUNISATION],'9.7.2',Immunisation sessions held,TOTAL,22423,22423,0,4922,17501,1172,1172,NA,387,785,948,948,NA,143,805,443,443,NA,36,407,1682,1682,NA,1018,664,836,836,NA,120,716,1414,1414,NA,732,682,1403,1403,0,268,1135,780,780,0,192,588,1031,1031,NA,0,1031,938,938,NA,103,835,1347,1347,NA,293,1054,752,752,NA,105,647,643,643,NA,NA,643,1122,1122,NA,NA,1122,1083,1083,0,99,984,726,726,NA,258,468,1015,1015,NA,294,721,804,804,NA,84,720,759,759,NA,196,563,987,987,NA,146,841,1206,1206,0,177,1029,1332,1332,NA,271,1061
M9 [CHILD IMMUNISATION],'9.7.3',Number of Immunisation sessions where ASHAs were present,TOTAL,19444,19444,0,3222,16222,797,797,NA,71,726,863,863,NA,56,807,371,371,NA,0,371,1492,1492,NA,873,619,750,750,NA,93,657,1217,1217,NA,612,605,1183,1183,0,92,1091,703,703,0,179,524,845,845,NA,0,845,797,797,NA,42,755,1128,1128,NA,165,963,661,661,NA,64,597,652,652,NA,NA,652,1072,1072,NA,NA,1072,1001,1001,0,95,906,545,545,NA,133,412,985,985,NA,272,713,737,737,NA,84,653,622,622,NA,83,539,862,862,NA,105,757,1094,1094,0,94,1000,1067,1067,NA,109,958
M9 [CHILD IMMUNISATION],'9.8.1',Child immunisation - Vitamin A Dose - 1,TOTAL,32602,32602,0,8158,24444,1297,1297,NA,258,1039,934,934,NA,135,799,500,500,NA,55,445,2930,2930,NA,1729,1201,1472,1472,NA,184,1288,2990,2990,NA,1678,1312,2169,2169,0,616,1553,1170,1170,0,303,867,677,677,NA,0,677,1155,1155,NA,223,932,1786,1786,0,421,1365,1054,1054,NA,201,853,958,958,NA,6,952,1842,1842,NA,NA,1842,1797,1797,0,230,1567,870,870,NA,246,624,1815,1815,NA,606,1209,988,988,NA,58,930,1079,1079,NA,258,821,1563,1563,NA,261,1302,2119,2119,0,346,1773,1437,1437,NA,344,1093
M9 [CHILD IMMUNISATION],'9.8.2',Child immunisation - Vitamin A Dose - 5,TOTAL,24562,24562,0,6915,17647,1438,1438,NA,383,1055,714,714,NA,109,605,408,408,NA,71,337,1868,1868,NA,1200,668,1503,1503,NA,293,1210,2003,2003,NA,1053,950,1300,1300,0,425,875,799,799,0,363,436,331,331,NA,0,331,773,773,NA,170,603,1367,1367,0,583,784,654,654,NA,79,575,929,929,NA,NA,929,848,848,NA,NA,848,1140,1140,0,189,951,1341,1341,NA,204,1137,1744,1744,NA,481,1263,761,761,NA,38,723,560,560,NA,132,428,756,756,NA,75,681,1191,1191,0,341,850,2134,2134,NA,726,1408
M9 [CHILD IMMUNISATION],'9.8.3',Child immunisation - Vitamin A Dose - 9,TOTAL,23307,23307,0,6809,16498,1565,1565,NA,389,1176,656,656,NA,116,540,379,379,NA,90,289,2168,2168,NA,1408,760,1444,1444,NA,352,1092,1975,1975,NA,991,984,1178,1178,0,353,825,714,714,0,291,423,180,180,NA,0,180,905,905,NA,142,763,1340,1340,0,497,843,724,724,NA,155,569,827,827,NA,10,817,559,559,NA,NA,559,715,715,0,113,602,1163,1163,NA,226,937,1570,1570,NA,371,1199,802,802,NA,25,777,355,355,NA,90,265,844,844,NA,110,734,795,795,0,223,572,2449,2449,NA,857,1592
M9 [CHILD IMMUNISATION],'9.9',Number of children (6-59 months) provided 8-10 doses (1ml) of IFA syrup (Bi weekly),TOTAL,43254,43254,0,11290,31964,469,469,NA,73,396,8673,8673,NA,5222,3451,200,200,NA,15,185,3954,3954,NA,3771,183,1146,1146,NA,111,1035,799,799,NA,499,300,375,375,0,77,298,1506,1506,0,30,1476,1510,1510,NA,0,1510,333,333,NA,147,186,433,433,0,69,364,202,202,NA,0,202,746,746,NA,NA,746,681,681,NA,NA,681,11954,11954,0,0,11954,469,469,NA,46,423,261,261,NA,6,255,604,604,NA,0,604,732,732,NA,250,482,1732,1732,NA,180,1552,741,741,0,132,609,5734,5734,NA,662,5072
M9 [CHILD IMMUNISATION],'9.10',Number of children (12-59 months) provided Albendazole,TOTAL,155145,155145,0,58171,96974,521,521,NA,174,347,431,431,NA,29,402,292,292,NA,50,242,4458,4458,NA,3303,1155,936,936,NA,82,854,8771,8771,NA,5148,3623,1924,1924,0,976,948,16068,16068,0,1003,15065,4514,4514,NA,0,4514,912,912,NA,375,537,37856,37856,0,1417,36439,1404,1404,NA,15,1389,1281,1281,NA,0,1281,1216,1216,NA,NA,1216,4279,4279,0,0,4279,293,293,NA,152,141,55072,55072,NA,37198,17874,361,361,NA,108,253,1261,1261,NA,690,571,2856,2856,NA,868,1988,615,615,0,141,474,9824,9824,NA,6442,3382
M9 [CHILD IMMUNISATION],'9.11',Number of severely underweight children provided Health Checkup (0-5 yrs),TOTAL,1869,1869,0,64,1805,32,32,NA,6,26,167,167,NA,0,167,26,26,NA,0,26,130,130,NA,16,114,263,263,NA,11,252,5,5,NA,2,3,148,148,0,6,142,52,52,0,2,50,14,14,NA,0,14,19,19,NA,1,18,50,50,0,0,50,28,28,NA,0,28,304,304,NA,0,304,17,17,NA,NA,17,19,19,0,0,19,98,98,NA,7,91,35,35,NA,0,35,1,1,NA,0,1,22,22,NA,11,11,69,69,NA,0,69,34,34,0,0,34,336,336,NA,2,334
M10 [Number of cases of Childhood Diseases (0-5 years)],'10.1',Childhood Diseases - Pneumonia,TOTAL,366,366,0,29,337,30,30,NA,0,30,0,0,NA,0,0,0,0,NA,0,0,26,26,NA,17,9,15,15,NA,0,15,3,3,NA,0,3,44,44,0,0,44,2,2,0,2,0,36,36,NA,0,36,0,0,NA,0,0,34,34,NA,5,29,1,1,NA,1,0,42,42,0,0,42,23,23,NA,NA,23,2,2,0,0,2,7,7,NA,NA,7,70,70,NA,4,66,0,0,NA,0,0,24,24,NA,0,24,0,0,NA,0,0,0,0,0,0,0,7,7,NA,0,7
M10 [Number of cases of Childhood Diseases (0-5 years)],'10.2',Childhood Diseases - Asthma,TOTAL,320,320,0,34,286,12,12,NA,0,12,0,0,NA,0,0,0,0,NA,0,0,26,26,NA,26,0,10,10,NA,0,10,0,0,NA,0,0,13,13,0,0,13,22,22,0,0,22,7,7,NA,0,7,6,6,NA,6,0,60,60,NA,2,58,0,0,NA,0,0,17,17,0,0,17,10,10,NA,NA,10,0,0,0,0,0,0,0,NA,NA,0,66,66,NA,0,66,59,59,NA,0,59,10,10,NA,0,10,0,0,NA,0,0,0,0,0,0,0,2,2,NA,0,2
M10 [Number of cases of Childhood Diseases (0-5 years)],'10.3',Childhood Diseases - Sepsis,TOTAL,275,275,0,2,273,10,10,NA,0,10,0,0,NA,0,0,0,0,NA,0,0,2,2,NA,0,2,15,15,NA,0,15,0,0,NA,0,0,56,56,0,0,56,16,16,0,0,16,26,26,NA,0,26,2,2,NA,2,0,31,31,NA,0,31,0,0,NA,0,0,71,71,0,0,71,0,0,NA,NA,0,0,0,0,0,0,0,0,NA,NA,0,13,13,NA,0,13,0,0,NA,0,0,32,32,NA,0,32,0,0,NA,0,0,0,0,0,0,0,1,1,NA,0,1
M10 [Number of cases of Childhood Diseases (0-5 years)],'10.4',Childhood Diseases - Diphtheria,TOTAL,0,0,0,0,0,0,0,NA,0,0,0,0,NA,0,0,0,0,NA,0,0,0,0,NA,0,0,0,0,NA,0,0,0,0,NA,0,0,0,0,0,0,0,0,0,0,0,0,0,0,NA,0,0,0,0,NA,0,0,0,0,NA,0,0,0,0,NA,0,0,0,0,0,0,0,0,0,NA,NA,0,0,0,0,0,0,0,0,NA,NA,0,0,0,NA,0,0,0,0,NA,0,0,0,0,NA,0,0,0,0,NA,0,0,0,0,0,0,0,0,0,NA,0,0
M10 [Number of cases of Childhood Diseases (0-5 years)],'10.5',Childhood Diseases - Pertussis,TOTAL,0,0,0,0,0,0,0,NA,0,0,0,0,NA,0,0,0,0,NA,0,0,0,0,NA,0,0,0,0,NA,0,0,0,0,NA,0,0,0,0,0,0,0,0,0,0,0,0,0,0,NA,0,0,0,0,NA,0,0,0,0,NA,0,0,0,0,NA,0,0,0,0,0,0,0,0,0,NA,NA,0,0,0,0,0,0,0,0,NA,NA,0,0,0,NA,0,0,0,0,NA,0,0,0,0,NA,0,0,0,0,NA,0,0,0,0,0,0,0,0,0,NA,0,0
M10 [Number of cases of Childhood Diseases (0-5 years)],'10.6',Childhood Diseases - Tetanus Neonatorum,TOTAL,0,0,0,0,0,0,0,NA,0,0,0,0,NA,0,0,0,0,NA,0,0,0,0,NA,0,0,0,0,NA,0,0,0,0,NA,0,0,0,0,0,0,0,0,0,0,0,0,0,0,NA,0,0,0,0,NA,0,0,0,0,NA,0,0,0,0,NA,0,0,0,0,0,0,0,0,0,NA,NA,0,0,0,0,0,0,0,0,NA,NA,0,0,0,NA,0,0,0,0,NA,0,0,0,0,NA,0,0,0,0,NA,0,0,0,0,0,0,0,0,0,NA,0,0
M10 [Number of cases of Childhood Diseases (0-5 years)],'10.7',Childhood Diseases - Tuberculosis (TB),TOTAL,35,35,0,0,35,1,1,NA,0,1,0,0,NA,0,0,0,0,NA,0,0,5,5,NA,0,5,4,4,NA,0,4,0,0,NA,0,0,5,5,0,0,5,4,4,0,0,4,0,0,NA,0,0,0,0,NA,0,0,0,0,NA,0,0,1,1,NA,0,1,8,8,NA,0,8,4,4,NA,NA,4,1,1,0,0,1,0,0,NA,NA,0,0,0,NA,0,0,0,0,NA,0,0,2,2,NA,0,2,0,0,NA,0,0,0,0,0,0,0,0,0,NA,0,0
M10 [Number of cases of Childhood Diseases (0-5 years)],'10.8',Childhood Diseases - Acute Flaccid Paralysis(AFP),TOTAL,16,16,0,1,15,1,1,NA,0,1,1,1,NA,0,1,0,0,NA,0,0,0,0,NA,0,0,0,0,NA,0,0,0,0,NA,0,0,0,0,0,0,0,2,2,0,0,2,3,3,NA,0,3,0,0,NA,0,0,6,6,NA,0,6,0,0,NA,0,0,0,0,NA,0,0,0,0,NA,NA,0,0,0,0,0,0,0,0,NA,NA,0,0,0,NA,0,0,0,0,NA,0,0,1,1,NA,1,0,2,2,NA,0,2,0,0,0,0,0,0,0,NA,0,0
M10 [Number of cases of Childhood Diseases (0-5 years)],'10.9',Childhood Diseases - Measles,TOTAL,8,8,0,1,7,0,0,NA,0,0,0,0,NA,0,0,0,0,NA,0,0,0,0,NA,0,0,0,0,NA,0,0,0,0,NA,0,0,0,0,0,0,0,1,1,0,1,0,2,2,NA,0,2,0,0,NA,0,0,0,0,NA,0,0,1,1,NA,0,1,0,0,NA,0,0,1,1,NA,NA,1,0,0,0,0,0,0,0,NA,NA,0,0,0,NA,0,0,0,0,NA,0,0,3,3,NA,0,3,0,0,NA,0,0,0,0,0,0,0,0,0,NA,0,0
M10 [Number of cases of Childhood Diseases (0-5 years)],'10.10',Childhood Diseases - Malaria,TOTAL,11,11,0,0,11,0,0,NA,0,0,7,7,NA,0,7,0,0,NA,0,0,0,0,NA,0,0,0,0,NA,0,0,0,0,NA,0,0,2,2,0,0,2,0,0,0,0,0,0,0,NA,0,0,0,0,NA,0,0,0,0,NA,0,0,0,0,NA,0,0,0,0,NA,0,0,2,2,NA,NA,2,0,0,0,0,0,0,0,NA,NA,0,0,0,NA,0,0,0,0,NA,0,0,0,0,NA,0,0,0,0,NA,0,0,0,0,0,0,0,0,0,NA,0,0
M10 [Number of cases of Childhood Diseases (0-5 years)],'10.11',Childhood Diseases - Diarrhoea,TOTAL,3309,3309,0,671,2638,121,121,NA,0,121,49,49,NA,13,36,5,5,NA,0,5,441,441,NA,291,150,159,159,NA,51,108,195,195,NA,138,57,223,223,0,4,219,222,222,0,12,210,203,203,NA,0,203,57,57,NA,20,37,273,273,NA,44,229,68,68,NA,28,40,170,170,NA,NA,170,154,154,NA,NA,154,65,65,0,0,65,66,66,NA,NA,66,96,96,NA,6,90,339,339,NA,0,339,228,228,NA,47,181,37,37,NA,4,33,55,55,0,0,55,83,83,NA,13,70
M10 [Number of cases of Childhood Diseases (0-5 years)],'10.12',Childhood Diseases - Diarrhoea treated in Inpatients,TOTAL,473,473,0,59,414,25,25,NA,0,25,0,0,NA,0,0,0,0,NA,0,0,76,76,NA,50,26,10,10,NA,0,10,4,4,NA,4,0,73,73,0,1,72,2,2,0,0,2,27,27,NA,0,27,0,0,NA,0,0,36,36,NA,0,36,0,0,NA,0,0,37,37,NA,NA,37,8,8,NA,NA,8,0,0,0,0,0,62,62,NA,NA,62,6,6,NA,0,6,51,51,NA,0,51,14,14,NA,0,14,6,6,NA,4,2,1,1,0,0,1,35,35,NA,0,35
M10 [Number of cases of Childhood Diseases (0-5 years)],'10.13',Children admitted with upper respiratory infections,TOTAL,523,523,0,106,417,56,56,NA,0,56,0,0,NA,0,0,0,0,NA,0,0,7,7,NA,7,0,45,45,NA,39,6,0,0,NA,0,0,64,64,0,0,64,12,12,0,0,12,40,40,NA,0,40,9,9,NA,9,0,15,15,NA,0,15,51,51,NA,51,0,66,66,NA,NA,66,35,35,NA,NA,35,2,2,0,0,2,0,0,NA,NA,0,23,23,NA,0,23,82,82,NA,0,82,2,2,NA,0,2,2,2,NA,0,2,0,0,0,0,0,12,12,NA,0,12
M10 [Number of cases of Childhood Diseases (0-5 years)],'10.14',Childhood Diseases - Severe Acute Malnutrition (SAM),TOTAL,159,159,0,15,144,11,11,NA,0,11,0,0,NA,0,0,0,0,NA,0,0,10,10,NA,3,7,12,12,NA,11,1,1,1,NA,1,0,32,32,0,0,32,1,1,0,0,1,14,14,NA,0,14,0,0,NA,0,0,18,18,NA,0,18,0,0,NA,0,0,9,9,NA,NA,9,33,33,NA,NA,33,13,13,0,0,13,0,0,NA,NA,0,0,0,NA,0,0,0,0,NA,0,0,2,2,NA,0,2,0,0,NA,0,0,0,0,0,0,0,3,3,NA,0,3
M11 [NVBDCP],'11.1.1.a',Total Blood Smears Examined for Malaria,TOTAL,151765,151765,0,9363,142402,3803,3803,NA,275,3528,6700,6700,NA,24,6676,3237,3237,NA,0,3237,6850,6850,NA,2231,4619,4501,4501,NA,378,4123,6185,6185,NA,1507,4678,14372,14372,0,338,14034,5278,5278,NA,24,5254,9377,9377,NA,59,9318,12041,12041,NA,157,11884,12376,12376,NA,791,11585,6251,6251,NA,789,5462,4826,4826,0,0,4826,413,413,NA,NA,413,4628,4628,0,90,4538,5290,5290,NA,1163,4127,5440,5440,NA,398,5042,6661,6661,NA,35,6626,7338,7338,NA,91,7247,5122,5122,NA,84,5038,15288,15288,0,293,14995,5788,5788,NA,636,5152
M11 [NVBDCP],'11.1.1.b',Malaria (Microscopy Tests ) - Plasmodium Vivax test positive,TOTAL,188,188,0,0,188,1,1,NA,0,1,0,0,NA,0,0,0,0,NA,0,0,0,0,NA,0,0,0,0,NA,0,0,0,0,NA,0,0,1,1,0,0,1,0,0,NA,0,0,0,0,NA,0,0,0,0,NA,0,0,0,0,NA,0,0,0,0,NA,0,0,0,0,0,0,0,180,180,NA,NA,180,1,1,0,0,1,4,4,NA,NA,4,0,0,NA,0,0,0,0,NA,0,0,0,0,NA,0,0,0,0,NA,0,0,0,0,0,0,0,1,1,NA,0,1
M11 [NVBDCP],'11.1.1.c',Malaria (Microscopy Tests ) - Plasmodium Falciparum test positive,TOTAL,0,0,0,0,0,0,0,NA,0,0,0,0,NA,0,0,0,0,NA,0,0,0,0,NA,0,0,0,0,NA,0,0,0,0,NA,0,0,0,0,0,0,0,0,0,NA,0,0,0,0,NA,0,0,0,0,NA,0,0,0,0,NA,0,0,0,0,NA,0,0,0,0,0,0,0,0,0,NA,NA,0,0,0,0,0,0,0,0,NA,NA,0,0,0,NA,0,0,0,0,NA,0,0,0,0,NA,0,0,0,0,NA,0,0,0,0,0,0,0,0,0,NA,0,0
M11 [NVBDCP],'11.1.2.a',RDT conducted for Malaria,TOTAL,4047,4047,0,79,3968,12,12,NA,0,12,571,571,NA,35,536,0,0,NA,0,0,12,12,NA,12,0,76,76,NA,0,76,0,0,NA,0,0,93,93,0,0,93,0,0,NA,0,0,0,0,NA,0,0,22,22,NA,0,22,735,735,NA,0,735,0,0,NA,0,0,35,35,0,0,35,1643,1643,NA,NA,1643,13,13,0,5,8,0,0,NA,NA,0,534,534,NA,3,531,0,0,NA,0,0,70,70,NA,0,70,120,120,NA,0,120,14,14,0,14,0,97,97,NA,10,87
M11 [NVBDCP],'11.1.2.b',Malaria (RDT) - Plasmodium Vivax test positive,TOTAL,9,9,0,1,8,0,0,NA,0,0,0,0,NA,0,0,0,0,NA,0,0,0,0,NA,0,0,0,0,NA,0,0,0,0,NA,0,0,0,0,0,0,0,0,0,NA,0,0,0,0,NA,0,0,0,0,NA,0,0,0,0,NA,0,0,0,0,NA,0,0,0,0,0,0,0,3,3,NA,NA,3,0,0,0,0,0,0,0,NA,NA,0,1,1,NA,1,0,0,0,NA,0,0,0,0,NA,0,0,0,0,NA,0,0,5,5,0,0,5,0,0,NA,0,0
M11 [NVBDCP],'11.1.2.c',Malaria (RDT) - Plamodium Falciparum test positive,TOTAL,4,4,0,0,4,0,0,NA,0,0,4,4,NA,0,4,0,0,NA,0,0,0,0,NA,0,0,0,0,NA,0,0,0,0,NA,0,0,0,0,0,0,0,0,0,NA,0,0,0,0,NA,0,0,0,0,NA,0,0,0,0,NA,0,0,0,0,NA,0,0,0,0,0,0,0,0,0,NA,NA,0,0,0,0,0,0,0,0,NA,NA,0,0,0,NA,0,0,0,0,NA,0,0,0,0,NA,0,0,0,0,NA,0,0,0,0,0,0,0,0,0,NA,0,0
M11 [NVBDCP],'11.2.1',Kala Azar (RDT) - Tests Conducted,TOTAL,0,0,0,0,0,0,0,NA,0,0,0,0,NA,0,0,0,0,NA,0,0,0,0,NA,0,0,0,0,NA,0,0,0,0,NA,0,0,0,0,0,0,0,0,0,NA,0,0,0,0,NA,0,0,0,0,NA,0,0,0,0,NA,0,0,0,0,NA,0,0,0,0,NA,0,0,0,0,NA,NA,0,0,0,0,0,0,0,0,NA,NA,0,0,0,NA,0,0,0,0,NA,0,0,0,0,NA,0,0,0,0,NA,0,0,0,0,0,0,0,0,0,NA,0,0
M11 [NVBDCP],'11.2.2',Kala Azar Positive Cases,TOTAL,0,0,0,0,0,0,0,NA,0,0,0,0,NA,0,0,0,0,NA,0,0,0,0,NA,0,0,0,0,NA,0,0,0,0,NA,0,0,0,0,0,0,0,0,0,NA,0,0,0,0,NA,0,0,0,0,NA,0,0,0,0,NA,0,0,0,0,NA,0,0,0,0,0,0,0,0,0,NA,NA,0,0,0,0,0,0,0,0,NA,NA,0,0,0,NA,0,0,0,0,NA,0,0,0,0,NA,0,0,0,0,NA,0,0,0,0,0,0,0,0,0,NA,0,0
M11 [NVBDCP],'11.2.3',Post-kala-azar dermal leishmaniasis (PKDL) cases,TOTAL,0,0,0,0,0,0,0,NA,0,0,0,0,NA,0,0,0,0,NA,0,0,0,0,NA,0,0,0,0,NA,0,0,0,0,NA,0,0,0,0,0,0,0,0,0,NA,0,0,0,0,NA,0,0,0,0,NA,0,0,0,0,NA,0,0,0,0,NA,0,0,0,0,0,0,0,0,0,NA,NA,0,0,0,0,0,0,0,0,NA,NA,0,0,0,NA,0,0,0,0,NA,0,0,0,0,NA,0,0,0,0,NA,0,0,0,0,0,0,0,0,0,NA,0,0
M11 [NVBDCP],'11.3.1',Dengue - RDT Test Positive,TOTAL,0,0,0,0,0,0,0,NA,0,0,0,0,NA,0,0,0,0,NA,0,0,0,0,NA,0,0,0,0,NA,0,0,0,0,NA,0,0,0,0,0,0,0,0,0,NA,0,0,0,0,NA,0,0,0,0,NA,0,0,0,0,NA,0,0,0,0,NA,0,0,0,0,0,0,0,0,0,NA,NA,0,0,0,0,0,0,0,0,NA,NA,0,0,0,NA,0,0,0,0,NA,0,0,0,0,NA,0,0,0,0,NA,0,0,0,0,0,0,0,0,0,NA,0,0
M11 [NVBDCP],'11.3.2',Dengue - Enzyme- Linked Immuno Sorbent Assay (ELISA) Test Positive,TOTAL,57,57,NA,0,57,0,0,NA,NA,0,0,0,NA,NA,0,0,0,NA,NA,0,0,0,NA,0,0,0,0,NA,NA,0,0,0,NA,NA,0,55,55,NA,NA,55,0,0,NA,NA,0,0,0,NA,NA,0,0,0,NA,NA,0,0,0,NA,NA,0,0,0,NA,NA,0,0,0,NA,NA,0,0,0,NA,NA,0,0,0,NA,NA,0,NA,NA,NA,NA,NA,0,0,NA,NA,0,0,0,NA,NA,0,2,2,NA,NA,2,0,0,NA,NA,0,0,0,NA,NA,0,0,0,NA,NA,0
M11 [NVBDCP],'11.4.1',Tests Conducted for JE,TOTAL,0,0,NA,0,0,0,0,NA,NA,0,0,0,NA,NA,0,0,0,NA,NA,0,0,0,NA,0,0,0,0,NA,NA,0,0,0,NA,NA,0,0,0,NA,NA,0,0,0,NA,NA,0,0,0,NA,NA,0,0,0,NA,NA,0,0,0,NA,NA,0,0,0,NA,NA,0,0,0,NA,NA,0,0,0,NA,NA,0,0,0,NA,NA,0,NA,NA,NA,NA,NA,0,0,NA,NA,0,0,0,NA,NA,0,0,0,NA,NA,0,0,0,NA,NA,0,0,0,NA,NA,0,0,0,NA,NA,0
M11 [NVBDCP],'11.4.2',Tests Positive for JE,TOTAL,0,0,NA,0,0,0,0,NA,NA,0,0,0,NA,NA,0,0,0,NA,NA,0,0,0,NA,0,0,0,0,NA,NA,0,0,0,NA,NA,0,0,0,NA,NA,0,0,0,NA,NA,0,0,0,NA,NA,0,0,0,NA,NA,0,0,0,NA,NA,0,0,0,NA,NA,0,0,0,NA,NA,0,0,0,NA,NA,0,0,0,NA,NA,0,NA,NA,NA,NA,NA,0,0,NA,NA,0,0,0,NA,NA,0,0,0,NA,NA,0,0,0,NA,NA,0,0,0,NA,NA,0,0,0,NA,NA,0
M12 [Adolscent Health],'12.1.1.a',Girls registered in AFHC,TOTAL,9951,9951,0,316,9635,930,930,NA,29,901,933,933,NA,0,933,278,278,NA,0,278,322,322,NA,114,208,141,141,NA,0,141,398,398,NA,10,388,152,152,0,0,152,174,174,NA,0,174,733,733,NA,0,733,546,546,NA,0,546,834,834,NA,0,834,539,539,NA,138,401,132,132,0,0,132,3,3,NA,NA,3,411,411,0,0,411,502,502,NA,NA,502,677,677,NA,20,657,345,345,NA,0,345,172,172,NA,0,172,415,415,NA,0,415,156,156,0,5,151,1158,1158,NA,0,1158
M12 [Adolscent Health],'12.1.1.b',Boys registered in AFHC,TOTAL,9450,9450,0,218,9232,629,629,NA,26,603,1046,1046,NA,0,1046,358,358,NA,0,358,140,140,NA,73,67,97,97,NA,0,97,393,393,NA,8,385,118,118,0,0,118,138,138,NA,0,138,777,777,NA,0,777,477,477,NA,0,477,732,732,NA,0,732,436,436,NA,88,348,191,191,0,0,191,6,6,NA,NA,6,584,584,0,0,584,320,320,NA,NA,320,586,586,NA,19,567,334,334,NA,0,334,151,151,NA,0,151,363,363,NA,0,363,80,80,0,4,76,1494,1494,NA,0,1494
M12 [Adolscent Health],'12.1.2.a',"Out of registered, Girls received clinical services",TOTAL,6857,6857,0,573,6284,748,748,NA,29,719,49,49,NA,0,49,175,175,NA,0,175,115,115,NA,95,20,135,135,NA,0,135,388,388,NA,10,378,102,102,0,0,102,129,129,NA,0,129,445,445,NA,0,445,348,348,NA,75,273,652,652,NA,0,652,783,783,NA,316,467,122,122,NA,0,122,3,3,NA,NA,3,371,371,0,34,337,401,401,NA,NA,401,470,470,NA,9,461,244,244,NA,0,244,151,151,NA,0,151,346,346,NA,0,346,308,308,0,5,303,372,372,NA,0,372
M12 [Adolscent Health],'12.1.2.b',"Out of registered, Boys received clinical services",TOTAL,5639,5639,0,340,5299,449,449,NA,26,423,0,0,NA,0,0,207,207,NA,0,207,78,78,NA,58,20,94,94,NA,0,94,376,376,NA,8,368,79,79,0,0,79,117,117,NA,0,117,477,477,NA,0,477,296,296,NA,53,243,549,549,NA,0,549,557,557,NA,187,370,129,129,NA,0,129,6,6,NA,NA,6,431,431,0,0,431,205,205,NA,NA,205,353,353,NA,4,349,240,240,NA,0,240,172,172,NA,0,172,288,288,NA,0,288,163,163,0,4,159,373,373,NA,0,373
M12 [Adolscent Health],'12.1.3.a',"Out of registered, Girls received counselling",TOTAL,11478,11478,0,445,11033,698,698,NA,29,669,53,53,NA,4,49,278,278,NA,0,278,319,319,NA,111,208,141,141,NA,0,141,402,402,NA,21,381,80,80,0,0,80,109,109,NA,0,109,2637,2637,NA,0,2637,621,621,NA,75,546,817,817,NA,0,817,460,460,NA,138,322,114,114,NA,NA,114,3,3,NA,NA,3,375,375,0,53,322,443,443,NA,NA,443,1710,1710,NA,9,1701,292,292,NA,0,292,138,138,NA,0,138,396,396,NA,0,396,278,278,0,5,273,1114,1114,NA,0,1114
M12 [Adolscent Health],'12.1.3.b',"Out of registered, Boys received counselling",TOTAL,9592,9592,0,253,9339,403,403,NA,26,377,6,6,NA,6,0,358,358,NA,0,358,135,135,NA,68,67,97,97,NA,0,97,389,389,NA,4,385,55,55,0,0,55,92,92,NA,0,92,1846,1846,NA,0,1846,530,530,NA,53,477,709,709,NA,0,709,399,399,NA,88,311,120,120,NA,NA,120,6,6,NA,NA,6,419,419,0,0,419,301,301,NA,NA,301,1547,1547,NA,4,1543,264,264,NA,0,264,0,0,NA,0,0,351,351,NA,0,351,137,137,0,4,133,1428,1428,NA,0,1428
"M13 [Directly Observed Treatment, Short-course (DOTS)]",'13.1',Number of on-going DOTS patients registered,TOTAL,4063,4063,0,1116,2947,282,282,NA,156,126,82,82,NA,25,57,24,24,NA,0,24,480,480,NA,280,200,138,138,NA,10,128,369,369,NA,200,169,512,512,0,0,512,75,75,NA,0,75,78,78,NA,0,78,124,124,NA,6,118,439,439,NA,233,206,108,108,NA,77,31,75,75,NA,NA,75,77,77,NA,NA,77,168,168,0,12,156,112,112,NA,7,105,89,89,NA,35,54,178,178,NA,26,152,40,40,NA,0,40,219,219,NA,18,201,107,107,0,0,107,287,287,NA,31,256
"M13 [Directly Observed Treatment, Short-course (DOTS)]",'13.2',Number of DOTS cases completed successfully,TOTAL,1613,1613,0,344,1269,99,99,NA,6,93,18,18,NA,3,15,7,7,NA,0,7,340,340,NA,237,103,58,58,NA,2,56,102,102,NA,17,85,318,318,0,0,318,13,13,NA,0,13,6,6,NA,0,6,67,67,NA,1,66,124,124,NA,32,92,32,32,NA,12,20,24,24,NA,NA,24,44,44,NA,NA,44,95,95,0,0,95,22,22,NA,NA,22,22,22,NA,3,19,51,51,NA,10,41,22,22,NA,0,22,29,29,NA,1,28,18,18,0,0,18,102,102,NA,20,82
M14 [Patient Services],'14.1.1',Outpatient - Diabetes,TOTAL,37152,37152,0,6716,30436,3613,3613,NA,500,3113,2192,2192,NA,46,2146,566,566,NA,19,547,2582,2582,NA,539,2043,1544,1544,NA,178,1366,1525,1525,NA,403,1122,1210,1210,0,326,884,1049,1049,NA,412,637,1815,1815,NA,35,1780,1468,1468,NA,536,932,4275,4275,NA,464,3811,1148,1148,NA,363,785,1220,1220,0,67,1153,426,426,NA,NA,426,699,699,0,32,667,2793,2793,NA,1225,1568,1351,1351,NA,240,1111,910,910,NA,165,745,492,492,NA,215,277,2430,2430,NA,517,1913,1296,1296,0,309,987,2548,2548,NA,125,2423
M14 [Patient Services],'14.1.2',Outpatient - Hypertension,TOTAL,41162,41162,0,6919,34243,4273,4273,NA,526,3747,2369,2369,NA,47,2322,575,575,NA,5,570,2676,2676,NA,655,2021,1686,1686,NA,268,1418,2009,2009,NA,405,1604,1874,1874,0,464,1410,1356,1356,NA,349,1007,2030,2030,NA,23,2007,1205,1205,NA,385,820,4172,4172,NA,515,3657,1495,1495,NA,324,1171,1432,1432,0,92,1340,289,289,NA,NA,289,594,594,0,44,550,2899,2899,NA,1285,1614,1160,1160,NA,182,978,2038,2038,NA,133,1905,548,548,NA,206,342,2299,2299,NA,583,1716,1669,1669,0,299,1370,2514,2514,NA,129,2385
M14 [Patient Services],'14.1.3',Outpatient - Stroke (Paralysis),TOTAL,195,195,0,6,189,13,13,NA,0,13,33,33,NA,0,33,0,0,NA,0,0,15,15,NA,4,11,5,5,NA,0,5,7,7,NA,0,7,1,1,0,0,1,6,6,NA,0,6,8,8,NA,0,8,2,2,NA,0,2,21,21,NA,0,21,4,4,NA,0,4,4,4,0,0,4,33,33,NA,NA,33,0,0,0,0,0,0,0,NA,NA,0,2,2,NA,0,2,4,4,NA,0,4,0,0,NA,0,0,12,12,NA,0,12,20,20,0,0,20,5,5,NA,2,3
M14 [Patient Services],'14.1.4',Outpatient - Acute Heart Diseases,TOTAL,1883,1883,0,84,1799,131,131,NA,3,128,309,309,NA,0,309,0,0,NA,0,0,55,55,NA,32,23,38,38,NA,3,35,76,76,NA,2,74,2,2,0,0,2,6,6,NA,0,6,19,19,NA,0,19,103,103,NA,0,103,485,485,NA,0,485,97,97,NA,10,87,39,39,0,0,39,2,2,NA,NA,2,9,9,0,0,9,289,289,NA,NA,289,68,68,NA,0,68,75,75,NA,0,75,0,0,NA,0,0,8,8,NA,1,7,41,41,0,28,13,31,31,NA,5,26
M14 [Patient Services],'14.1.5',Outpatient - Mental illness,TOTAL,13901,13901,0,46,13855,919,919,NA,4,915,29,29,NA,0,29,1,1,NA,0,1,1338,1338,NA,12,1326,1100,1100,NA,0,1100,246,246,NA,4,242,6,6,0,0,6,55,55,NA,0,55,200,200,NA,0,200,42,42,NA,5,37,2861,2861,NA,0,2861,1871,1871,NA,0,1871,582,582,0,0,582,2,2,NA,NA,2,498,498,0,0,498,215,215,NA,NA,215,42,42,NA,0,42,521,521,NA,0,521,18,18,NA,6,12,1087,1087,NA,4,1083,9,9,0,8,1,2259,2259,NA,3,2256
M14 [Patient Services],'14.1.6',Outpatient - Epilepsy,TOTAL,1427,1427,0,37,1390,77,77,NA,9,68,1,1,NA,0,1,0,0,NA,0,0,18,18,NA,9,9,26,26,NA,0,26,36,36,NA,0,36,13,13,0,2,11,36,36,NA,0,36,8,8,NA,0,8,180,180,NA,3,177,262,262,NA,0,262,42,42,NA,0,42,24,24,0,0,24,0,0,NA,NA,0,68,68,0,0,68,337,337,NA,NA,337,46,46,NA,0,46,0,0,NA,0,0,0,0,NA,0,0,239,239,NA,11,228,2,2,0,2,0,12,12,NA,1,11
M14 [Patient Services],'14.1.7',Outpatient - Ophthalmic Related,TOTAL,106675,106675,0,5111,101564,5961,5961,NA,168,5793,6771,6771,NA,76,6695,276,276,NA,0,276,6001,6001,NA,1257,4744,6212,6212,NA,173,6039,2384,2384,NA,323,2061,7186,7186,0,730,6456,3443,3443,NA,140,3303,3124,3124,NA,0,3124,3732,3732,NA,279,3453,11120,11120,NA,90,11030,4101,4101,NA,22,4079,4689,4689,0,46,4643,2032,2032,NA,NA,2032,3328,3328,0,2,3326,7923,7923,NA,237,7686,2464,2464,NA,466,1998,5026,5026,NA,57,4969,9251,9251,NA,113,9138,5019,5019,NA,770,4249,1437,1437,0,49,1388,5195,5195,NA,113,5082
M14 [Patient Services],'14.1.8',Outpatient - Dental,TOTAL,164001,164001,0,12350,151651,11846,11846,NA,409,11437,7006,7006,NA,31,6975,2423,2423,NA,0,2423,11765,11765,NA,4583,7182,5196,5196,NA,114,5082,6620,6620,NA,367,6253,11272,11272,0,627,10645,9283,9283,NA,168,9115,5455,5455,NA,0,5455,6175,6175,NA,363,5812,13683,13683,NA,644,13039,7701,7701,NA,458,7243,7515,7515,0,23,7492,1317,1317,NA,NA,1317,4681,4681,0,12,4669,10445,10445,NA,1658,8787,5038,5038,NA,896,4142,5120,5120,NA,179,4941,7846,7846,NA,416,7430,4902,4902,NA,498,4404,10519,10519,0,725,9794,8193,8193,NA,179,8014
M14 [Patient Services],'14.1.9',Outpatient - Oncology,TOTAL,993,993,0,2,991,170,170,NA,0,170,0,0,NA,NA,0,0,0,NA,NA,0,2,2,NA,2,0,0,0,NA,0,0,0,0,NA,0,0,0,0,0,0,0,3,3,NA,NA,3,0,0,NA,NA,0,6,6,NA,NA,6,0,0,NA,NA,0,265,265,NA,0,265,0,0,0,0,0,0,0,NA,NA,0,0,0,0,0,0,428,428,NA,NA,428,0,0,NA,0,0,116,116,NA,NA,116,3,3,NA,0,3,0,0,NA,NA,0,0,0,0,0,0,0,0,NA,NA,0
M14 [Patient Services],'14.2.1',Allopathic- Outpatient attendance,TOTAL,2763107,2763107,0,308599,2454508,205548,205548,NA,20323,185225,111802,111802,NA,7259,104543,30991,30991,NA,1125,29866,179738,179738,NA,58011,121727,91816,91816,NA,8740,83076,143386,143386,NA,34497,108889,175066,175066,0,10722,164344,135894,135894,NA,11857,124037,129657,129657,NA,5121,124536,128015,128015,NA,6513,121502,192560,192560,NA,10996,181564,117144,117144,NA,11703,105441,82068,82068,0,1699,80369,76392,76392,NA,NA,76392,73024,73024,0,4005,69019,179136,179136,NA,32604,146532,78609,78609,NA,13130,65479,68951,68951,NA,3432,65519,109905,109905,NA,10233,99672,110937,110937,NA,14207,96730,206519,206519,0,21547,184972,135949,135949,NA,20875,115074
M14 [Patient Services],'14.2.2',Ayush - Outpatient attendance,TOTAL,203817,203817,0,9943,193874,13678,13678,NA,424,13254,5987,5987,NA,0,5987,793,793,NA,793,0,8806,8806,NA,1720,7086,6647,6647,NA,0,6647,11686,11686,NA,0,11686,14587,14587,0,1772,12815,9713,9713,NA,0,9713,10479,10479,NA,214,10265,10931,10931,NA,0,10931,10725,10725,NA,0,10725,8491,8491,NA,1370,7121,8533,8533,0,0,8533,6093,6093,NA,NA,6093,9405,9405,0,0,9405,8058,8058,NA,NA,8058,6901,6901,NA,954,5947,6495,6495,NA,0,6495,7659,7659,NA,712,6947,10447,10447,NA,1347,9100,14312,14312,0,215,14097,13391,13391,NA,422,12969
M14 [Patient Services],'14.3.1.a',Inpatient (Male)- Children<18yrs,TOTAL,11458,11458,0,191,11267,552,552,NA,0,552,380,380,NA,1,379,76,76,NA,2,74,640,640,NA,95,545,266,266,NA,5,261,1246,1246,NA,18,1228,766,766,0,32,734,581,581,NA,0,581,315,315,NA,0,315,443,443,NA,0,443,684,684,NA,0,684,211,211,NA,1,210,280,280,0,0,280,780,780,NA,NA,780,998,998,0,0,998,650,650,NA,12,638,445,445,NA,3,442,334,334,NA,0,334,332,332,NA,0,332,305,305,NA,0,305,561,561,0,16,545,613,613,NA,6,607
M14 [Patient Services],'14.3.1.b',Inpatient (Male)- Adults,TOTAL,19461,19461,0,260,19201,874,874,NA,9,865,1227,1227,NA,63,1164,291,291,NA,0,291,786,786,NA,21,765,493,493,NA,0,493,1247,1247,NA,0,1247,2482,2482,0,0,2482,546,546,NA,1,545,256,256,NA,0,256,435,435,NA,0,435,851,851,NA,0,851,962,962,NA,11,951,802,802,0,0,802,1087,1087,NA,NA,1087,1035,1035,0,0,1035,763,763,NA,37,726,200,200,NA,0,200,286,286,NA,0,286,469,469,NA,0,469,634,634,NA,0,634,1909,1909,0,6,1903,1826,1826,NA,112,1714
M14 [Patient Services],'14.3.2.a',Inpatient (Female)- Children<18yrs,TOTAL,9122,9122,0,218,8904,557,557,NA,1,556,332,332,NA,4,328,49,49,NA,1,48,497,497,NA,120,377,181,181,NA,9,172,848,848,NA,16,832,600,600,0,25,575,467,467,NA,0,467,294,294,NA,0,294,328,328,NA,0,328,427,427,NA,0,427,345,345,NA,1,344,276,276,0,0,276,541,541,NA,NA,541,441,441,0,0,441,527,527,NA,13,514,414,414,NA,3,411,295,295,NA,0,295,310,310,NA,0,310,239,239,NA,0,239,502,502,0,18,484,652,652,NA,7,645
M14 [Patient Services],'14.3.2.b',Inpatient (Female)- Adults,TOTAL,44476,44476,0,1155,43321,2149,2149,NA,19,2130,1883,1883,NA,46,1837,546,546,NA,5,541,2119,2119,NA,429,1690,2154,2154,NA,3,2151,2800,2800,NA,36,2764,3512,3512,0,78,3434,1674,1674,NA,5,1669,1743,1743,NA,0,1743,1758,1758,NA,71,1687,2432,2432,NA,0,2432,1826,1826,NA,27,1799,1493,1493,NA,0,1493,2213,2213,NA,NA,2213,1722,1722,0,0,1722,1941,1941,NA,163,1778,1600,1600,NA,30,1570,1281,1281,NA,4,1277,1399,1399,NA,0,1399,1243,1243,NA,0,1243,3277,3277,0,44,3233,3711,3711,NA,195,3516
M14 [Patient Services],'14.3.3',Number of Left Against Medical Advice (LAMA) cases,TOTAL,3330,3330,0,88,3242,66,66,NA,0,66,106,106,NA,0,106,15,15,NA,0,15,136,136,NA,56,80,229,229,NA,10,219,339,339,NA,0,339,380,380,0,21,359,87,87,NA,0,87,214,214,NA,0,214,173,173,NA,0,173,74,74,NA,0,74,233,233,NA,1,232,4,4,NA,0,4,314,314,NA,NA,314,35,35,0,0,35,1,1,NA,NA,1,186,186,NA,0,186,128,128,NA,0,128,44,44,NA,0,44,194,194,NA,0,194,126,126,0,0,126,246,246,NA,0,246
M14 [Patient Services],'14.4.1',Inpatient - Malaria,TOTAL,84,84,0,6,78,0,0,NA,0,0,68,68,NA,0,68,0,0,NA,0,0,0,0,NA,0,0,6,6,NA,6,0,0,0,NA,0,0,0,0,0,0,0,0,0,NA,0,0,0,0,NA,0,0,0,0,NA,0,0,0,0,NA,0,0,0,0,NA,0,0,0,0,NA,0,0,0,0,NA,NA,0,2,2,0,0,2,0,0,NA,NA,0,0,0,NA,0,0,0,0,NA,0,0,0,0,NA,0,0,0,0,NA,0,0,8,8,0,0,8,0,0,NA,0,0
M14 [Patient Services],'14.4.2',Inpatient - Dengue,TOTAL,0,0,0,0,0,0,0,NA,0,0,0,0,NA,0,0,0,0,NA,0,0,0,0,NA,0,0,0,0,NA,0,0,0,0,NA,0,0,0,0,0,0,0,0,0,NA,0,0,0,0,NA,0,0,0,0,NA,0,0,0,0,NA,0,0,0,0,NA,0,0,0,0,NA,0,0,0,0,NA,NA,0,0,0,0,0,0,0,0,NA,NA,0,0,0,NA,0,0,0,0,NA,0,0,0,0,NA,0,0,0,0,NA,0,0,0,0,0,0,0,0,0,NA,0,0
M14 [Patient Services],'14.4.3',Inpatient - Typhoid,TOTAL,609,609,0,38,571,6,6,NA,0,6,284,284,NA,2,282,0,0,NA,0,0,3,3,NA,0,3,2,2,NA,0,2,4,4,NA,0,4,2,2,0,0,2,6,6,NA,0,6,1,1,NA,0,1,12,12,NA,0,12,143,143,NA,0,143,26,26,NA,0,26,0,0,NA,0,0,0,0,NA,NA,0,0,0,0,0,0,82,82,NA,36,46,0,0,NA,0,0,11,11,NA,0,11,12,12,NA,0,12,0,0,NA,0,0,13,13,0,0,13,2,2,NA,0,2
M14 [Patient Services],'14.4.4',"Inpatient - Asthma, Chronic Obstructive Pulmonary Disease (COPD), Respiratory infections",TOTAL,3111,3111,0,33,3078,20,20,NA,0,20,1693,1693,NA,0,1693,9,9,NA,0,9,19,19,NA,0,19,5,5,NA,0,5,53,53,NA,6,47,26,26,0,0,26,18,18,NA,0,18,1,1,NA,0,1,77,77,NA,0,77,119,119,NA,0,119,34,34,NA,0,34,47,47,NA,0,47,25,25,NA,NA,25,348,348,0,0,348,356,356,NA,2,354,16,16,NA,0,16,29,29,NA,0,29,18,18,NA,0,18,57,57,NA,0,57,49,49,0,0,49,92,92,NA,25,67
M14 [Patient Services],'14.4.5',Inpatient - Tuberculosis,TOTAL,595,595,0,2,593,5,5,NA,0,5,454,454,NA,0,454,0,0,NA,0,0,7,7,NA,0,7,5,5,NA,0,5,0,0,NA,0,0,2,2,0,0,2,3,3,NA,0,3,0,0,NA,0,0,18,18,NA,0,18,14,14,NA,0,14,10,10,NA,0,10,3,3,NA,0,3,6,6,NA,NA,6,0,0,0,0,0,1,1,NA,NA,1,9,9,NA,0,9,13,13,NA,0,13,0,0,NA,0,0,18,18,NA,0,18,21,21,0,0,21,6,6,NA,2,4
M14 [Patient Services],'14.4.6',Inpatient - Pyrexia of unknown origin (PUO),TOTAL,3464,3464,0,67,3397,37,37,NA,0,37,2157,2157,NA,0,2157,29,29,NA,0,29,48,48,NA,26,22,96,96,NA,0,96,22,22,NA,0,22,23,23,0,0,23,127,127,NA,0,127,72,72,NA,0,72,67,67,NA,0,67,259,259,NA,0,259,102,102,NA,4,98,35,35,NA,NA,35,6,6,NA,NA,6,56,56,0,0,56,8,8,NA,1,7,6,6,NA,0,6,28,28,NA,0,28,13,13,NA,0,13,59,59,NA,0,59,116,116,0,3,113,98,98,NA,33,65
M14 [Patient Services],'14.4.7',Inpatient - Diarrhea with dehydration,TOTAL,2066,2066,0,122,1944,29,29,NA,0,29,68,68,NA,5,63,33,33,NA,0,33,162,162,NA,21,141,65,65,NA,0,65,113,113,NA,0,113,39,39,0,0,39,128,128,NA,0,128,27,27,NA,0,27,40,40,NA,0,40,93,93,NA,0,93,98,98,NA,28,70,105,105,NA,NA,105,6,6,NA,NA,6,98,98,0,0,98,403,403,NA,27,376,32,32,NA,0,32,60,60,NA,0,60,247,247,NA,0,247,33,33,NA,0,33,56,56,0,10,46,131,131,NA,31,100
M14 [Patient Services],'14.4.8',Inpatient - Hepatitis,TOTAL,37,37,0,4,33,2,2,NA,0,2,0,0,NA,0,0,0,0,NA,0,0,2,2,NA,1,1,0,0,NA,0,0,0,0,NA,0,0,0,0,0,0,0,4,4,NA,0,4,0,0,NA,0,0,0,0,NA,0,0,3,3,NA,0,3,0,0,NA,0,0,0,0,NA,NA,0,2,2,NA,NA,2,0,0,0,0,0,5,5,NA,NA,5,0,0,NA,0,0,2,2,NA,0,2,2,2,NA,0,2,0,0,NA,0,0,11,11,0,0,11,4,4,NA,3,1
M14 [Patient Services],'14.5',Patients registered at Emergency Department,TOTAL,85807,85807,0,2447,83360,2270,2270,NA,0,2270,8624,8624,NA,NA,8624,324,324,NA,NA,324,5971,5971,NA,89,5882,848,848,NA,26,822,8047,8047,NA,0,8047,3018,3018,0,0,3018,9038,9038,NA,NA,9038,186,186,NA,NA,186,524,524,NA,NA,524,9359,9359,NA,NA,9359,2966,2966,NA,0,2966,3797,3797,NA,NA,3797,3131,3131,NA,NA,3131,2013,2013,0,0,2013,11222,11222,NA,2332,8890,218,218,NA,0,218,1704,1704,NA,NA,1704,5397,5397,NA,0,5397,2411,2411,NA,NA,2411,1602,1602,0,0,1602,3137,3137,NA,NA,3137
M14 [Patient Services],'14.6.1',"Emergency - Trauma ( accident, injury, poisoning etc)",TOTAL,8205,8205,0,206,7999,159,159,NA,0,159,169,169,NA,NA,169,141,141,NA,NA,141,39,39,NA,1,38,215,215,NA,0,215,452,452,NA,0,452,1539,1539,0,0,1539,774,774,NA,NA,774,29,29,NA,NA,29,106,106,NA,NA,106,380,380,NA,NA,380,234,234,NA,0,234,190,190,NA,NA,190,24,24,NA,NA,24,740,740,0,0,740,722,722,NA,205,517,56,56,NA,0,56,309,309,NA,NA,309,626,626,NA,0,626,602,602,NA,NA,602,403,403,0,0,403,296,296,NA,NA,296
M14 [Patient Services],'14.6.2',Emergency - Burn,TOTAL,335,335,0,3,332,7,7,NA,0,7,0,0,NA,NA,0,1,1,NA,NA,1,2,2,NA,1,1,6,6,NA,0,6,13,13,NA,0,13,13,13,0,0,13,171,171,NA,NA,171,0,0,NA,NA,0,2,2,NA,NA,2,1,1,NA,NA,1,7,7,NA,0,7,3,3,NA,NA,3,0,0,NA,NA,0,5,5,0,0,5,30,30,NA,2,28,3,3,NA,0,3,11,11,NA,NA,11,9,9,NA,0,9,37,37,NA,NA,37,5,5,0,0,5,9,9,NA,NA,9
M14 [Patient Services],'14.6.3',Emergency - Obstetrics complications,TOTAL,1840,1840,0,22,1818,0,0,NA,0,0,4,4,NA,NA,4,41,41,NA,NA,41,17,17,NA,17,0,87,87,NA,0,87,43,43,NA,0,43,383,383,0,0,383,101,101,NA,NA,101,0,0,NA,NA,0,31,31,NA,NA,31,169,169,NA,NA,169,35,35,NA,0,35,0,0,NA,NA,0,469,469,NA,NA,469,71,71,0,0,71,13,13,NA,5,8,6,6,NA,0,6,14,14,NA,NA,14,105,105,NA,0,105,37,37,NA,NA,37,61,61,0,0,61,153,153,NA,NA,153
M14 [Patient Services],'14.6.4',Emergency - Snake Bite,TOTAL,92,92,0,0,92,7,7,NA,0,7,2,2,NA,NA,2,0,0,NA,NA,0,0,0,NA,0,0,5,5,NA,0,5,4,4,NA,0,4,8,8,0,0,8,10,10,NA,NA,10,1,1,NA,NA,1,3,3,NA,NA,3,1,1,NA,NA,1,11,11,NA,0,11,2,2,NA,NA,2,2,2,NA,NA,2,4,4,0,0,4,2,2,NA,NA,2,1,1,NA,0,1,6,6,NA,NA,6,1,1,NA,0,1,8,8,NA,NA,8,4,4,0,0,4,10,10,NA,NA,10
M14 [Patient Services],'14.6.5',Emergency - Acute Caridiac Emergencies,TOTAL,662,662,0,0,662,24,24,NA,0,24,3,3,NA,NA,3,0,0,NA,NA,0,0,0,NA,0,0,3,3,NA,0,3,0,0,NA,0,0,51,51,0,0,51,108,108,NA,NA,108,0,0,NA,NA,0,0,0,NA,NA,0,32,32,NA,NA,32,2,2,NA,0,2,0,0,NA,NA,0,1,1,NA,NA,1,1,1,0,0,1,295,295,NA,NA,295,4,4,NA,0,4,9,9,NA,NA,9,108,108,NA,0,108,0,0,NA,NA,0,0,0,0,0,0,21,21,NA,NA,21
M14 [Patient Services],'14.6.7',Emergency - CVA ( Cerebovascular Disease),TOTAL,106,106,0,0,106,2,2,NA,0,2,0,0,NA,NA,0,0,0,NA,NA,0,0,0,NA,0,0,0,0,NA,0,0,0,0,NA,0,0,92,92,0,0,92,0,0,NA,NA,0,0,0,NA,NA,0,0,0,NA,NA,0,2,2,NA,NA,2,6,6,NA,0,6,0,0,NA,NA,0,1,1,NA,NA,1,0,0,0,0,0,0,0,NA,NA,0,0,0,NA,0,0,1,1,NA,NA,1,0,0,NA,0,0,0,0,NA,NA,0,0,0,0,0,0,2,2,NA,NA,2
M14 [Patient Services],'14.7',Number of deaths occurring at Emergency Department,TOTAL,274,274,0,1,273,34,34,NA,0,34,19,19,NA,NA,19,0,0,NA,NA,0,8,8,NA,0,8,2,2,NA,0,2,10,10,NA,0,10,50,50,0,0,50,7,7,NA,NA,7,2,2,NA,NA,2,10,10,NA,NA,10,3,3,NA,NA,3,20,20,NA,0,20,0,0,NA,NA,0,12,12,NA,NA,12,1,1,0,0,1,33,33,NA,1,32,3,3,NA,0,3,8,8,NA,NA,8,4,4,NA,0,4,28,28,NA,NA,28,4,4,0,0,4,16,16,NA,NA,16
M14 [Patient Services],'14.8.1',Operation major (General and spinal anaesthesia),TOTAL,4846,4846,0,24,4822,210,210,NA,0,210,331,331,NA,0,331,4,4,NA,0,4,325,325,NA,15,310,155,155,NA,0,155,222,222,NA,0,222,507,507,0,0,507,138,138,NA,0,138,49,49,NA,0,49,117,117,NA,0,117,227,227,NA,0,227,71,71,NA,0,71,95,95,NA,0,95,600,600,NA,NA,600,104,104,0,0,104,245,245,NA,NA,245,55,55,NA,0,55,128,128,NA,0,128,246,246,NA,0,246,203,203,NA,0,203,423,423,0,0,423,391,391,NA,9,382
M14 [Patient Services],'14.8.2',"Out of Operation major, Gynecology- Hysterectomy surgeries",TOTAL,574,574,0,8,566,9,9,NA,0,9,9,9,NA,0,9,0,0,NA,0,0,16,16,NA,2,14,20,20,NA,0,20,3,3,NA,0,3,167,167,0,0,167,3,3,NA,0,3,5,5,NA,0,5,48,48,NA,0,48,9,9,NA,0,9,14,14,NA,0,14,5,5,NA,NA,5,134,134,NA,NA,134,3,3,0,0,3,11,11,NA,NA,11,4,4,NA,0,4,33,33,NA,0,33,10,10,NA,0,10,6,6,NA,0,6,22,22,0,0,22,43,43,NA,6,37
M14 [Patient Services],'14.8.3',"Major Surgeries excluding Obstetrics, Gynaecology and Opthalmology etc.",TOTAL,2288,2288,NA,NA,2288,60,60,NA,NA,60,165,165,NA,NA,165,0,0,NA,NA,0,152,152,NA,NA,152,41,41,NA,NA,41,156,156,NA,NA,156,364,364,NA,NA,364,75,75,NA,NA,75,44,44,NA,NA,44,35,35,NA,NA,35,76,76,NA,NA,76,57,57,NA,NA,57,157,157,NA,NA,157,350,350,NA,NA,350,58,58,NA,NA,58,201,201,NA,NA,201,13,13,NA,NA,13,50,50,NA,NA,50,51,51,NA,NA,51,40,40,NA,NA,40,75,75,NA,NA,75,68,68,NA,NA,68
M14 [Patient Services],'14.8.4',Operation minor (No or local anaesthesia),TOTAL,7940,7940,0,162,7778,630,630,NA,0,630,51,51,NA,17,34,167,167,NA,0,167,529,529,NA,106,423,52,52,NA,0,52,222,222,NA,0,222,176,176,0,0,176,244,244,NA,0,244,43,43,NA,0,43,68,68,NA,0,68,246,246,NA,0,246,170,170,NA,0,170,196,196,NA,NA,196,2964,2964,NA,NA,2964,109,109,0,0,109,502,502,NA,NA,502,194,194,NA,0,194,425,425,NA,0,425,199,199,NA,0,199,254,254,NA,0,254,42,42,0,0,42,457,457,NA,39,418
M14 [Patient Services],'14.8.5',Number of post operative Surgical Site infection,TOTAL,36,36,NA,NA,36,0,0,NA,NA,0,0,0,NA,NA,0,0,0,NA,NA,0,5,5,NA,NA,5,2,2,NA,NA,2,0,0,NA,NA,0,0,0,NA,NA,0,0,0,NA,NA,0,0,0,NA,NA,0,10,10,NA,NA,10,0,0,NA,NA,0,1,1,NA,NA,1,0,0,NA,NA,0,4,4,NA,NA,4,4,4,NA,NA,4,4,4,NA,NA,4,1,1,NA,NA,1,1,1,NA,NA,1,0,0,NA,NA,0,0,0,NA,NA,0,0,0,NA,NA,0,4,4,NA,NA,4
M14 [Patient Services],'14.8.6',Number of blood units issued,TOTAL,5229,5229,0,12,5217,330,330,NA,0,330,351,351,NA,0,351,0,0,NA,0,0,0,0,NA,0,0,265,265,NA,0,265,173,173,NA,0,173,5,5,0,0,5,263,263,NA,0,263,472,472,NA,0,472,0,0,NA,0,0,0,0,NA,0,0,32,32,NA,0,32,292,292,NA,NA,292,0,0,NA,NA,0,335,335,0,0,335,238,238,NA,NA,238,0,0,NA,0,0,272,272,NA,0,272,0,0,NA,0,0,600,600,NA,0,600,765,765,0,0,765,836,836,NA,12,824
M14 [Patient Services],'14.8.7',Number of blood transfusions done,TOTAL,2559,2559,0,12,2547,319,319,NA,0,319,0,0,NA,0,0,0,0,NA,0,0,0,0,NA,0,0,0,0,NA,0,0,173,173,NA,0,173,5,5,0,0,5,250,250,NA,0,250,472,472,NA,0,472,0,0,NA,0,0,143,143,NA,0,143,37,37,NA,0,37,0,0,NA,NA,0,0,0,NA,NA,0,21,21,0,0,21,0,0,NA,NA,0,0,0,NA,0,0,217,217,NA,0,217,0,0,NA,0,0,86,86,NA,0,86,0,0,0,0,0,836,836,NA,12,824
M14 [Patient Services],'14.9.1',Inpatient Deaths - Male,TOTAL,164,164,0,1,163,6,6,NA,0,6,11,11,NA,0,11,0,0,NA,0,0,0,0,NA,0,0,11,11,NA,0,11,0,0,NA,0,0,92,92,0,0,92,0,0,NA,0,0,0,0,NA,0,0,0,0,NA,0,0,1,1,NA,0,1,2,2,NA,0,2,0,0,NA,NA,0,4,4,NA,NA,4,1,1,0,0,1,16,16,NA,NA,16,0,0,NA,0,0,0,0,NA,0,0,0,0,NA,0,0,0,0,NA,0,0,6,6,0,0,6,14,14,NA,1,13
M14 [Patient Services],'14.9.2',Inpatient Deaths - Female,TOTAL,61,61,0,0,61,7,7,NA,0,7,6,6,NA,0,6,0,0,NA,0,0,0,0,NA,0,0,2,2,NA,0,2,0,0,NA,0,0,28,28,0,0,28,0,0,NA,0,0,0,0,NA,0,0,0,0,NA,0,0,0,0,NA,0,0,0,0,NA,0,0,0,0,NA,NA,0,2,2,NA,NA,2,0,0,0,0,0,6,6,NA,NA,6,0,0,NA,0,0,0,0,NA,0,0,0,0,NA,0,0,0,0,NA,0,0,4,4,0,0,4,6,6,NA,0,6
M14 [Patient Services],'14.10',In-Patient Head Count at midnight,TOTAL,126066,126066,0,507,125559,9963,9963,NA,0,9963,11395,11395,NA,0,11395,1541,1541,NA,8,1533,5658,5658,NA,289,5369,4589,4589,NA,0,4589,4324,4324,NA,0,4324,6211,6211,0,46,6165,4178,4178,NA,0,4178,4831,4831,NA,0,4831,6108,6108,NA,0,6108,7540,7540,NA,0,7540,8847,8847,NA,40,8807,2189,2189,NA,NA,2189,0,0,NA,NA,0,2778,2778,0,0,2778,8585,8585,NA,NA,8585,4239,4239,NA,20,4219,5400,5400,NA,0,5400,7085,7085,NA,0,7085,7738,7738,NA,0,7738,5519,5519,0,0,5519,7348,7348,NA,104,7244
M14 [Patient Services],'14.11',Number of Admission in NBSU ( New Born Stabilisation Unit),TOTAL,1392,1392,0,6,1386,28,28,NA,0,28,128,128,NA,0,128,7,7,NA,0,7,16,16,NA,6,10,142,142,NA,0,142,4,4,NA,0,4,160,160,0,0,160,0,0,NA,0,0,3,3,NA,0,3,83,83,NA,0,83,107,107,NA,0,107,118,118,NA,0,118,0,0,NA,NA,0,0,0,NA,NA,0,115,115,0,0,115,0,0,NA,NA,0,83,83,NA,0,83,100,100,NA,0,100,1,1,NA,0,1,34,34,NA,0,34,28,28,0,0,28,235,235,NA,0,235
M14 [Patient Services],'14.12.1',Special Newborn Care Unit (SNCU Admissions) - Inborn Male,TOTAL,867,867,0,1,866,26,26,NA,0,26,38,38,NA,NA,38,0,0,NA,NA,0,44,44,NA,1,43,36,36,NA,0,36,45,45,NA,0,45,47,47,0,0,47,42,42,NA,NA,42,26,26,NA,NA,26,29,29,NA,NA,29,54,54,NA,NA,54,33,33,NA,0,33,27,27,NA,NA,27,11,11,NA,NA,11,120,120,0,0,120,36,36,NA,NA,36,39,39,NA,0,39,47,47,NA,NA,47,32,32,NA,0,32,23,23,NA,NA,23,26,26,0,0,26,86,86,NA,NA,86
M14 [Patient Services],'14.12.2',Special Newborn Care Unit (SNCU Admissions) - Inborn Female,TOTAL,671,671,0,1,670,24,24,NA,0,24,37,37,NA,NA,37,0,0,NA,NA,0,43,43,NA,1,42,18,18,NA,0,18,28,28,NA,0,28,35,35,0,0,35,40,40,NA,NA,40,26,26,NA,NA,26,20,20,NA,NA,20,50,50,NA,NA,50,23,23,NA,0,23,23,23,NA,NA,23,6,6,NA,NA,6,99,99,0,0,99,32,32,NA,NA,32,13,13,NA,0,13,16,16,NA,NA,16,25,25,NA,0,25,23,23,NA,NA,23,26,26,0,0,26,64,64,NA,NA,64
M14 [Patient Services],'14.12.3',Outborn – Male,TOTAL,533,533,0,0,533,24,24,NA,0,24,36,36,NA,NA,36,0,0,NA,NA,0,37,37,NA,0,37,28,28,NA,0,28,24,24,NA,0,24,44,44,0,0,44,33,33,NA,NA,33,16,16,NA,NA,16,25,25,NA,NA,25,33,33,NA,NA,33,32,32,NA,0,32,18,18,NA,NA,18,11,11,NA,NA,11,9,9,0,0,9,33,33,NA,NA,33,17,17,NA,0,17,15,15,NA,NA,15,19,19,NA,0,19,30,30,NA,NA,30,27,27,0,0,27,22,22,NA,NA,22
M14 [Patient Services],'14.12.4',Outborn - Female,TOTAL,354,354,0,0,354,16,16,NA,0,16,17,17,NA,NA,17,0,0,NA,NA,0,31,31,NA,0,31,19,19,NA,0,19,19,19,NA,0,19,23,23,0,0,23,16,16,NA,NA,16,13,13,NA,NA,13,15,15,NA,NA,15,22,22,NA,NA,22,19,19,NA,0,19,17,17,NA,NA,17,10,10,NA,NA,10,9,9,0,0,9,18,18,NA,NA,18,14,14,NA,0,14,12,12,NA,NA,12,14,14,NA,0,14,14,14,NA,NA,14,15,15,0,0,15,21,21,NA,NA,21
M14 [Patient Services],'14.12.5',Number of newborns admitted in SNCU - referred by ASHA,TOTAL,84,84,0,0,84,0,0,NA,0,0,0,0,NA,NA,0,0,0,NA,NA,0,3,3,NA,0,3,0,0,NA,0,0,0,0,NA,0,0,0,0,0,0,0,0,0,NA,NA,0,0,0,NA,NA,0,6,6,NA,NA,6,11,11,NA,NA,11,0,0,NA,0,0,0,0,NA,NA,0,2,2,NA,NA,2,0,0,0,0,0,NA,NA,NA,NA,NA,29,29,NA,0,29,0,0,NA,NA,0,0,0,NA,0,0,30,30,NA,NA,30,3,3,0,0,3,0,0,NA,NA,0
M14 [Patient Services],'14.13',Number of deaths occurring at SNCU,TOTAL,40,40,0,0,40,0,0,NA,0,0,0,0,NA,NA,0,0,0,NA,NA,0,10,10,NA,0,10,12,12,NA,0,12,3,3,NA,0,3,2,2,0,0,2,0,0,NA,NA,0,2,2,NA,NA,2,3,3,NA,NA,3,0,0,NA,NA,0,0,0,NA,0,0,1,1,NA,NA,1,1,1,NA,NA,1,1,1,0,0,1,NA,NA,NA,NA,NA,1,1,NA,0,1,0,0,NA,NA,0,0,0,NA,0,0,1,1,NA,NA,1,0,0,0,0,0,3,3,NA,NA,3
M14 [Patient Services],'14.14.1',Number of children admitted in NRC,TOTAL,189,189,0,11,178,21,21,NA,0,21,1,1,NA,0,1,0,0,NA,0,0,11,11,NA,11,0,0,0,NA,0,0,0,0,NA,0,0,1,1,0,0,1,0,0,NA,0,0,6,6,NA,0,6,0,0,NA,0,0,18,18,NA,0,18,0,0,NA,0,0,43,43,NA,0,43,18,18,NA,NA,18,13,13,0,0,13,45,45,NA,NA,45,12,12,NA,0,12,0,0,NA,0,0,0,0,NA,0,0,0,0,NA,0,0,0,0,0,0,0,0,0,NA,0,0
M14 [Patient Services],'14.14.2',Number of children discharged with target weight gain from the NRCs,TOTAL,112,112,0,2,110,17,17,NA,0,17,0,0,NA,0,0,0,0,NA,0,0,2,2,NA,2,0,0,0,NA,0,0,0,0,NA,0,0,1,1,0,0,1,0,0,NA,0,0,9,9,NA,0,9,0,0,NA,0,0,13,13,NA,0,13,0,0,NA,0,0,32,32,NA,0,32,8,8,NA,NA,8,11,11,0,0,11,7,7,NA,NA,7,12,12,NA,0,12,0,0,NA,0,0,0,0,NA,0,0,0,0,NA,0,0,0,0,0,0,0,0,0,NA,0,0
M14 [Patient Services],'14.15',Number of Rogi Kalyan Samiti (RKS) meetings held,TOTAL,156,156,0,25,131,20,20,NA,4,16,10,10,NA,0,10,2,2,NA,0,2,8,8,NA,3,5,2,2,NA,0,2,10,10,NA,7,3,15,15,0,2,13,3,3,NA,1,2,5,5,NA,0,5,5,5,NA,0,5,9,9,NA,1,8,8,8,NA,2,6,8,8,NA,0,8,0,0,NA,NA,0,2,2,0,0,2,3,3,NA,NA,3,5,5,NA,3,2,4,4,NA,1,3,23,23,NA,0,23,3,3,NA,1,2,1,1,0,0,1,10,10,NA,0,10
M14 [Patient Services],'14.16',Number of Anganwadi centres/ UPHCs reported to have conducted Village Health & Nutrition Day (VHNDs)/ Urban Health & Nutrition Day (UHNDs)/ Outreach / Special Outreach,TOTAL,9370,9370,NA,1002,8368,605,605,NA,153,452,333,333,NA,9,324,123,123,NA,0,123,332,332,NA,152,180,419,419,NA,40,379,463,463,NA,215,248,710,710,NA,56,654,260,260,NA,8,252,319,319,NA,12,307,757,757,NA,18,739,558,558,NA,50,508,448,448,NA,36,412,443,443,NA,0,443,171,171,NA,NA,171,329,329,NA,12,317,79,79,NA,10,69,279,279,NA,42,237,477,477,NA,30,447,774,774,NA,72,702,296,296,NA,1,295,339,339,NA,18,321,856,856,NA,68,788
M14 [Patient Services],'14.17',Stock out rate of essential Drugs,TOTAL,1343,1343,NA,NA,1343,63,63,NA,NA,63,64,64,NA,NA,64,67,67,NA,NA,67,51,51,NA,NA,51,76,76,NA,NA,76,93,93,NA,NA,93,63,63,NA,NA,63,54,54,NA,NA,54,81,81,NA,NA,81,24,24,NA,NA,24,7,7,NA,NA,7,67,67,NA,NA,67,41,41,NA,NA,41,63,63,NA,NA,63,70,70,NA,NA,70,76,76,NA,NA,76,76,76,NA,NA,76,80,80,NA,NA,80,12,12,NA,NA,12,74,74,NA,NA,74,75,75,NA,NA,75,66,66,NA,NA,66
M14 [Patient Services],'14.18',Blood Units Issued on replacement (Family Donors to be considered as replacement donations),TOTAL,170,170,NA,NA,170,0,0,NA,NA,0,0,0,NA,NA,0,0,0,NA,NA,0,0,0,NA,NA,0,0,0,NA,NA,0,0,0,NA,NA,0,123,123,NA,NA,123,0,0,NA,NA,0,0,0,NA,NA,0,0,0,NA,NA,0,14,14,NA,NA,14,0,0,NA,NA,0,0,0,NA,NA,0,17,17,NA,NA,17,12,12,NA,NA,12,4,4,NA,NA,4,NA,NA,NA,NA,NA,0,0,NA,NA,0,0,0,NA,NA,0,0,0,NA,NA,0,0,0,NA,NA,0,0,0,NA,NA,0
M14 [Patient Services],'14.19',Total number of blood units issued in year,TOTAL,8686,8686,NA,NA,8686,413,413,NA,NA,413,351,351,NA,NA,351,67,67,NA,NA,67,302,302,NA,NA,302,265,265,NA,NA,265,173,173,NA,NA,173,1517,1517,NA,NA,1517,249,249,NA,NA,249,472,472,NA,NA,472,653,653,NA,NA,653,790,790,NA,NA,790,420,420,NA,NA,420,292,292,NA,NA,292,49,49,NA,NA,49,335,335,NA,NA,335,338,338,NA,NA,338,NA,NA,NA,NA,NA,272,272,NA,NA,272,44,44,NA,NA,44,514,514,NA,NA,514,346,346,NA,NA,346,824,824,NA,NA,824
M14 [Patient Services],'14.20',Patient Satisfaction Score of the facility in percentage (from Mera Aspatal),TOTAL,922,922,NA,NA,922,66,66,NA,NA,66,56,56,NA,NA,56,0,0,NA,NA,0,55,55,NA,NA,55,62,62,NA,NA,62,NA,NA,NA,NA,NA,57,57,NA,NA,57,57,57,NA,NA,57,NA,NA,NA,NA,NA,50,50,NA,NA,50,0,0,NA,NA,0,62,62,NA,NA,62,57,57,NA,NA,57,56,56,NA,NA,56,47,47,NA,NA,47,67,67,NA,NA,67,NA,NA,NA,NA,NA,NA,NA,NA,NA,NA,59,59,NA,NA,59,61,61,NA,NA,61,50,50,NA,NA,50,60,60,NA,NA,60
M15 [Laboratory Testing],'15.1',Number of Lab Tests done,TOTAL,1708484,1708484,0,153156,1555328,124824,124824,NA,14709,110115,87338,87338,NA,4025,83313,12510,12510,NA,0,12510,81943,81943,NA,25387,56556,45682,45682,NA,2741,42941,62792,62792,NA,19122,43670,182972,182972,0,4498,178474,46766,46766,NA,2271,44495,70343,70343,NA,3181,67162,93748,93748,NA,10401,83347,212182,212182,NA,6560,205622,63235,63235,NA,7204,56031,34627,34627,NA,1205,33422,73143,73143,NA,NA,73143,35304,35304,0,623,34681,139591,139591,NA,12135,127456,54941,54941,NA,9275,45666,38461,38461,NA,1834,36627,59943,59943,NA,4074,55869,49316,49316,NA,7532,41784,69563,69563,0,5337,64226,69260,69260,NA,11042,58218
M15 [Laboratory Testing],'15.2.1',Number of Hb tests conducted,TOTAL,249683,249683,0,38064,211619,17980,17980,NA,4744,13236,7552,7552,NA,968,6584,3203,3203,NA,0,3203,15335,15335,NA,5315,10020,8291,8291,NA,661,7630,12106,12106,NA,4180,7926,20392,20392,0,1294,19098,10530,10530,NA,1068,9462,15690,15690,NA,911,14779,11363,11363,NA,2143,9220,19738,19738,NA,1420,18318,10514,10514,NA,1704,8810,4920,4920,NA,238,4682,2540,2540,NA,NA,2540,7635,7635,0,447,7188,18708,18708,NA,2469,16239,7863,7863,NA,2419,5444,8925,8925,NA,449,8476,10558,10558,NA,1203,9355,10840,10840,NA,2572,8268,13523,13523,0,1936,11587,11477,11477,NA,1923,9554
M15 [Laboratory Testing],'15.2.2',"Out of the total number of Hb tests done, Number having Hb < 7 mg",TOTAL,10434,10434,0,1065,9369,346,346,NA,30,316,234,234,NA,16,218,157,157,NA,0,157,547,547,NA,90,457,366,366,NA,18,348,278,278,NA,75,203,891,891,0,53,838,434,434,NA,42,392,1441,1441,NA,61,1380,803,803,NA,25,778,352,352,NA,32,320,357,357,NA,53,304,405,405,NA,11,394,151,151,NA,NA,151,321,321,0,2,319,255,255,NA,33,222,430,430,NA,77,353,363,363,NA,10,353,398,398,NA,65,333,688,688,NA,119,569,689,689,0,61,628,528,528,NA,192,336
M15 [Laboratory Testing],'15.3.1.a',Male HIV - Number Tested,TOTAL,27028,27028,0,458,26570,2115,2115,NA,38,2077,1856,1856,NA,23,1833,638,638,NA,0,638,1601,1601,NA,8,1593,1168,1168,NA,2,1166,547,547,NA,15,532,2622,2622,0,0,2622,796,796,NA,27,769,620,620,NA,1,619,1647,1647,NA,103,1544,1650,1650,NA,1,1649,998,998,NA,4,994,800,800,NA,14,786,782,782,NA,NA,782,1107,1107,0,0,1107,1583,1583,NA,56,1527,1319,1319,NA,4,1315,622,622,NA,1,621,944,944,NA,33,911,1017,1017,NA,43,974,1511,1511,0,2,1509,1085,1085,NA,83,1002
M15 [Laboratory Testing],'15.3.1.b',Male HIV - Number Positive,TOTAL,332,332,0,1,331,21,21,NA,0,21,3,3,NA,0,3,4,4,NA,0,4,28,28,NA,1,27,12,12,NA,0,12,8,8,NA,0,8,28,28,0,0,28,6,6,NA,0,6,77,77,NA,0,77,16,16,NA,0,16,21,21,NA,0,21,6,6,NA,0,6,4,4,NA,0,4,2,2,NA,NA,2,8,8,0,0,8,3,3,NA,NA,3,31,31,NA,0,31,7,7,NA,0,7,6,6,NA,0,6,10,10,NA,0,10,22,22,0,0,22,9,9,NA,0,9
M15 [Laboratory Testing],'15.3.2.a',Female Non ANC HIV - Number Tested,TOTAL,22890,22890,0,568,22322,1138,1138,NA,35,1103,1536,1536,NA,24,1512,370,370,NA,0,370,953,953,NA,11,942,1539,1539,NA,5,1534,441,441,NA,8,433,2087,2087,0,31,2056,778,778,NA,49,729,897,897,NA,1,896,1103,1103,NA,183,920,1342,1342,NA,0,1342,928,928,NA,0,928,711,711,NA,74,637,591,591,NA,NA,591,928,928,0,0,928,1205,1205,NA,20,1185,1083,1083,NA,11,1072,821,821,NA,0,821,656,656,NA,8,648,1223,1223,NA,14,1209,1330,1330,0,2,1328,1230,1230,NA,92,1138
M15 [Laboratory Testing],'15.3.2.b',Female Non ANC HIV - Number Positive,TOTAL,135,135,0,1,134,5,5,NA,0,5,4,4,NA,0,4,2,2,NA,0,2,11,11,NA,0,11,5,5,NA,0,5,3,3,NA,0,3,21,21,0,1,20,4,4,NA,0,4,11,11,NA,0,11,4,4,NA,0,4,11,11,NA,0,11,5,5,NA,0,5,2,2,NA,0,2,6,6,NA,NA,6,2,2,0,0,2,0,0,NA,NA,0,8,8,NA,0,8,5,5,NA,0,5,3,3,NA,0,3,6,6,NA,0,6,9,9,0,0,9,8,8,NA,0,8
M15 [Laboratory Testing],'15.3.3.a',Number of pregnant women screened for HIV,TOTAL,44421,44421,0,6926,37495,2082,2082,NA,159,1923,2489,2489,NA,119,2370,840,840,NA,0,840,2528,2528,NA,1307,1221,1870,1870,NA,150,1720,3698,3698,NA,1698,2000,2599,2599,0,197,2402,1548,1548,NA,180,1368,1954,1954,NA,91,1863,2325,2325,NA,469,1856,3138,3138,NA,248,2890,1698,1698,NA,93,1605,1360,1360,NA,NA,1360,843,843,NA,NA,843,1799,1799,0,158,1641,1528,1528,NA,262,1266,2163,2163,NA,652,1511,1291,1291,NA,166,1125,2201,2201,NA,131,2070,1865,1865,NA,353,1512,2718,2718,0,300,2418,1884,1884,NA,193,1691
M15 [Laboratory Testing],'15.3.3.b',"Out of the above, number screened positive",TOTAL,320,320,0,107,213,6,6,NA,1,5,0,0,NA,0,0,0,0,NA,0,0,133,133,NA,105,28,0,0,NA,0,0,0,0,NA,0,0,5,5,0,0,5,4,4,NA,0,4,0,0,NA,0,0,151,151,NA,0,151,11,11,NA,1,10,0,0,NA,0,0,0,0,NA,NA,0,0,0,NA,NA,0,3,3,0,0,3,0,0,NA,NA,0,2,2,NA,0,2,1,1,NA,0,1,3,3,NA,0,3,1,1,NA,0,1,0,0,0,0,0,0,0,NA,0,0
M15 [Laboratory Testing],'15.3.3.c',"Out of the above number screened positive, number confirmed with HIV infection at Integrated Counselling and Testing Centre (ICTC)",TOTAL,679,679,0,3,676,6,6,NA,1,5,0,0,NA,0,0,0,0,NA,0,0,42,42,NA,1,41,0,0,NA,0,0,0,0,NA,0,0,6,6,0,0,6,2,2,NA,0,2,433,433,NA,0,433,166,166,NA,0,166,5,5,NA,1,4,0,0,NA,0,0,1,1,NA,NA,1,2,2,NA,NA,2,2,2,0,0,2,0,0,NA,NA,0,2,2,NA,0,2,5,5,NA,0,5,3,3,NA,0,3,0,0,NA,0,0,2,2,0,0,2,2,2,NA,0,2
M15 [Laboratory Testing],'15.3.4.a',Number of Male STI/RTI attendees tested for syphilis,TOTAL,4766,4766,0,654,4112,499,499,NA,14,485,231,231,NA,27,204,0,0,NA,0,0,93,93,NA,75,18,228,228,NA,0,228,342,342,NA,4,338,216,216,0,0,216,132,132,NA,0,132,152,152,NA,0,152,377,377,NA,0,377,76,76,NA,70,6,82,82,NA,3,79,0,0,0,0,0,76,76,NA,NA,76,226,226,0,0,226,556,556,NA,76,480,258,258,NA,48,210,436,436,NA,0,436,116,116,NA,0,116,244,244,NA,104,140,315,315,0,228,87,111,111,NA,5,106
M15 [Laboratory Testing],'15.3.4.b',Number of Male STI/RTI attendees found sero Positive for syphilis,TOTAL,279,279,0,1,278,1,1,NA,0,1,2,2,NA,0,2,0,0,NA,0,0,0,0,NA,0,0,1,1,NA,0,1,1,1,NA,1,0,2,2,0,0,2,87,87,NA,0,87,1,1,NA,0,1,182,182,NA,0,182,0,0,NA,0,0,0,0,NA,0,0,0,0,0,0,0,0,0,NA,NA,0,0,0,0,0,0,0,0,NA,NA,0,0,0,NA,0,0,0,0,NA,0,0,1,1,NA,0,1,0,0,NA,0,0,0,0,0,0,0,1,1,NA,0,1
M15 [Laboratory Testing],'15.3.4.c',Number of Female (Non ANC)STI/RTI attendees tested for syphilis,TOTAL,6944,6944,0,149,6795,689,689,NA,23,666,208,208,NA,8,200,0,0,NA,0,0,349,349,NA,41,308,601,601,NA,1,600,177,177,NA,5,172,516,516,0,30,486,115,115,NA,0,115,526,526,NA,0,526,198,198,NA,0,198,395,395,NA,0,395,401,401,NA,1,400,2,2,NA,0,2,280,280,NA,NA,280,168,168,0,0,168,343,343,NA,14,329,416,416,NA,0,416,291,291,NA,0,291,190,190,NA,7,183,676,676,NA,0,676,32,32,0,12,20,371,371,NA,7,364
M15 [Laboratory Testing],'15.3.4.d',Number of Female (Non ANC) STI/RTI attendees found sero Positive for syphilis,TOTAL,17,17,0,1,16,0,0,NA,0,0,1,1,NA,0,1,0,0,NA,0,0,0,0,NA,0,0,1,1,NA,0,1,1,1,NA,1,0,0,0,0,0,0,1,1,NA,0,1,0,0,NA,0,0,2,2,NA,0,2,0,0,NA,0,0,0,0,NA,0,0,0,0,NA,0,0,0,0,NA,NA,0,0,0,0,0,0,0,0,NA,NA,0,0,0,NA,0,0,9,9,NA,0,9,1,1,NA,0,1,0,0,NA,0,0,1,1,0,0,1,0,0,NA,0,0
M15 [Laboratory Testing],'15.4.1',Widal tests - Number Tested,TOTAL,26159,26159,0,2959,23200,913,913,NA,35,878,716,716,NA,83,633,139,139,NA,0,139,606,606,NA,116,490,1057,1057,NA,89,968,652,652,NA,19,633,1387,1387,0,150,1237,1125,1125,NA,1,1124,1263,1263,NA,27,1236,1410,1410,NA,368,1042,1840,1840,NA,30,1810,905,905,NA,225,680,1053,1053,NA,0,1053,389,389,NA,NA,389,729,729,0,27,702,2891,2891,NA,897,1994,1054,1054,NA,226,828,1016,1016,NA,27,989,1205,1205,NA,80,1125,952,952,NA,230,722,3046,3046,0,62,2984,1811,1811,NA,267,1544
M15 [Laboratory Testing],'15.4.2',Widal tests - Number Positive,TOTAL,5170,5170,0,584,4586,142,142,NA,2,140,208,208,NA,27,181,22,22,NA,0,22,20,20,NA,5,15,201,201,NA,44,157,100,100,NA,0,100,298,298,0,43,255,218,218,NA,0,218,164,164,NA,8,156,420,420,NA,46,374,500,500,NA,2,498,212,212,NA,53,159,187,187,NA,0,187,222,222,NA,NA,222,87,87,0,15,72,283,283,NA,116,167,254,254,NA,117,137,163,163,NA,6,157,238,238,NA,16,222,253,253,NA,52,201,685,685,0,4,681,293,293,NA,28,265
M15 [Laboratory Testing],'15.5.1',Radiology - X-ray,TOTAL,108266,108266,0,724,107542,5723,5723,NA,0,5723,711,711,NA,NA,711,694,694,NA,NA,694,3522,3522,NA,300,3222,1345,1345,NA,0,1345,5564,5564,NA,0,5564,11312,11312,0,0,11312,2446,2446,NA,NA,2446,5906,5906,NA,NA,5906,2295,2295,NA,NA,2295,9946,9946,NA,NA,9946,3251,3251,NA,0,3251,3176,3176,NA,NA,3176,10387,10387,NA,NA,10387,1810,1810,0,0,1810,8899,8899,NA,365,8534,3210,3210,NA,0,3210,3748,3748,NA,NA,3748,3802,3802,NA,59,3743,2330,2330,NA,NA,2330,14457,14457,0,0,14457,3732,3732,NA,NA,3732
M15 [Laboratory Testing],'15.5.2',Radiology - Ultrasonography (USG),TOTAL,24379,24379,NA,0,24379,2670,2670,NA,NA,2670,0,0,NA,NA,0,402,402,NA,NA,402,1304,1304,NA,0,1304,173,173,NA,NA,173,1413,1413,NA,NA,1413,3243,3243,NA,NA,3243,610,610,NA,NA,610,795,795,NA,NA,795,0,0,NA,NA,0,1758,1758,NA,NA,1758,1316,1316,NA,NA,1316,765,765,NA,NA,765,1197,1197,NA,NA,1197,550,550,NA,NA,550,1579,1579,NA,NA,1579,NA,NA,NA,NA,NA,917,917,NA,NA,917,1187,1187,NA,NA,1187,750,750,NA,NA,750,3314,3314,NA,NA,3314,436,436,NA,NA,436
M16 [Details of deaths reported with probable causes:],'16.1',Infant deaths within 24 hrs(1 to 23 Hrs) of birth,TOTAL,183,183,0,21,162,2,2,NA,0,2,6,6,NA,1,5,1,1,NA,0,1,18,18,NA,10,8,8,8,NA,0,8,15,15,NA,2,13,4,4,NA,0,4,6,6,NA,0,6,8,8,NA,0,8,6,6,NA,1,5,6,6,NA,0,6,7,7,NA,1,6,6,6,0,0,6,35,35,NA,0,35,8,8,0,0,8,2,2,NA,1,1,15,15,NA,3,12,1,1,NA,0,1,3,3,NA,2,1,10,10,NA,0,10,7,7,0,0,7,9,9,NA,0,9
M16 [Details of deaths reported with probable causes:],'16.2.1',Infant Deaths up to 4 weeks due to Sepsis,TOTAL,46,46,0,4,42,1,1,NA,0,1,0,0,NA,0,0,0,0,NA,0,0,6,6,NA,2,4,0,0,NA,0,0,1,1,NA,1,0,2,2,NA,0,2,1,1,NA,0,1,1,1,NA,0,1,1,1,NA,0,1,1,1,NA,1,0,0,0,NA,0,0,1,1,0,0,1,2,2,NA,NA,2,4,4,0,0,4,0,0,NA,NA,0,4,4,NA,0,4,0,0,NA,0,0,18,18,NA,0,18,0,0,NA,0,0,3,3,0,0,3,0,0,NA,0,0
M16 [Details of deaths reported with probable causes:],'16.2.2',Infant Deaths up to 4 weeks due to Asphyxia,TOTAL,29,29,0,3,26,2,2,NA,1,1,0,0,NA,0,0,0,0,NA,0,0,2,2,NA,0,2,5,5,NA,0,5,4,4,NA,0,4,0,0,NA,0,0,0,0,NA,0,0,0,0,NA,0,0,2,2,NA,0,2,1,1,NA,0,1,0,0,NA,0,0,0,0,0,0,0,0,0,NA,NA,0,1,1,0,0,1,0,0,NA,NA,0,3,3,NA,0,3,0,0,NA,0,0,8,8,NA,2,6,1,1,NA,0,1,0,0,0,0,0,0,0,NA,0,0
M16 [Details of deaths reported with probable causes:],'16.2.3',Infant Deaths up to 4 weeks due to Other causes,TOTAL,260,260,0,20,240,2,2,NA,0,2,8,8,NA,1,7,1,1,NA,0,1,17,17,NA,5,12,11,11,NA,0,11,14,14,NA,3,11,15,15,NA,1,14,2,2,NA,0,2,13,13,NA,1,12,4,4,NA,0,4,6,6,NA,0,6,6,6,NA,1,5,5,5,0,0,5,16,16,NA,NA,16,2,2,0,2,0,3,3,NA,NA,3,21,21,NA,3,18,5,5,NA,0,5,75,75,NA,2,73,14,14,NA,1,13,11,11,0,0,11,9,9,NA,0,9
M16 [Details of deaths reported with probable causes:],'16.3.1',Number of Infant Deaths (1 -12 months) due to Pneumonia,TOTAL,20,20,0,5,15,0,0,NA,0,0,3,3,NA,1,2,0,0,NA,0,0,3,3,NA,1,2,0,0,NA,0,0,0,0,NA,0,0,2,2,NA,1,1,0,0,NA,0,0,2,2,NA,0,2,1,1,NA,0,1,2,2,NA,2,0,1,1,NA,0,1,0,0,0,0,0,1,1,NA,NA,1,0,0,0,0,0,0,0,NA,NA,0,0,0,NA,0,0,0,0,NA,0,0,1,1,NA,0,1,1,1,NA,0,1,1,1,0,0,1,2,2,NA,0,2
M16 [Details of deaths reported with probable causes:],'16.3.2',Number of Infant Deaths (1 -12 months) due to Diarrhoea,TOTAL,11,11,0,1,10,0,0,NA,0,0,0,0,NA,0,0,0,0,NA,0,0,2,2,NA,1,1,0,0,NA,0,0,0,0,NA,0,0,0,0,NA,0,0,1,1,NA,0,1,0,0,NA,0,0,0,0,NA,0,0,0,0,NA,0,0,0,0,NA,0,0,1,1,0,0,1,4,4,NA,NA,4,1,1,0,0,1,0,0,NA,NA,0,0,0,NA,0,0,0,0,NA,0,0,0,0,NA,0,0,2,2,NA,0,2,0,0,0,0,0,0,0,NA,0,0
M16 [Details of deaths reported with probable causes:],'16.3.3',Number of Infant Deaths (1 -12 months) due to Fever related,TOTAL,15,15,0,1,14,1,1,NA,0,1,2,2,NA,0,2,0,0,NA,0,0,1,1,NA,0,1,0,0,NA,0,0,2,2,NA,1,1,0,0,NA,0,0,0,0,NA,0,0,2,2,NA,0,2,0,0,NA,0,0,0,0,NA,0,0,0,0,NA,0,0,1,1,0,0,1,2,2,NA,NA,2,0,0,0,0,0,0,0,NA,NA,0,0,0,NA,0,0,0,0,NA,0,0,1,1,NA,0,1,2,2,NA,0,2,1,1,0,0,1,0,0,NA,0,0
M16 [Details of deaths reported with probable causes:],'16.3.4',Number of Infant Deaths (1 -12 months) due to Measles,TOTAL,0,0,0,0,0,0,0,NA,0,0,0,0,NA,0,0,0,0,NA,0,0,0,0,NA,0,0,0,0,NA,0,0,0,0,NA,0,0,0,0,NA,0,0,0,0,NA,0,0,0,0,NA,0,0,0,0,NA,0,0,0,0,NA,0,0,0,0,NA,0,0,0,0,0,0,0,0,0,NA,NA,0,0,0,0,0,0,0,0,NA,NA,0,0,0,NA,0,0,0,0,NA,0,0,0,0,NA,0,0,0,0,NA,0,0,0,0,0,0,0,0,0,NA,0,0
M16 [Details of deaths reported with probable causes:],'16.3.5',Number of Infant Deaths (1 -12 months) due to Others,TOTAL,199,199,0,14,185,4,4,NA,0,4,2,2,NA,0,2,2,2,NA,0,2,12,12,NA,6,6,7,7,NA,0,7,7,7,NA,2,5,17,17,NA,0,17,4,4,NA,1,3,4,4,NA,0,4,6,6,NA,0,6,10,10,NA,0,10,9,9,NA,1,8,3,3,0,0,3,32,32,NA,NA,32,11,11,0,2,9,0,0,NA,NA,0,9,9,NA,1,8,3,3,NA,0,3,34,34,NA,1,33,1,1,NA,0,1,13,13,0,0,13,9,9,NA,0,9
M16 [Details of deaths reported with probable causes:],'16.4.1',Number of Child Deaths (1 -5 years) due to Pneumonia,TOTAL,4,4,0,1,3,1,1,NA,1,0,0,0,NA,0,0,0,0,NA,0,0,1,1,NA,0,1,0,0,NA,0,0,0,0,NA,0,0,1,1,NA,0,1,0,0,NA,0,0,0,0,NA,0,0,0,0,NA,0,0,0,0,NA,0,0,1,1,NA,0,1,0,0,0,0,0,0,0,NA,NA,0,0,0,0,0,0,0,0,NA,NA,0,0,0,NA,0,0,0,0,NA,0,0,0,0,NA,0,0,0,0,NA,0,0,0,0,0,0,0,0,0,NA,0,0
M16 [Details of deaths reported with probable causes:],'16.4.2',Number of Child Deaths (1 -5 years) due to Diarrhoea,TOTAL,4,4,0,0,4,0,0,NA,0,0,0,0,NA,0,0,0,0,NA,0,0,0,0,NA,0,0,0,0,NA,0,0,1,1,NA,0,1,0,0,NA,0,0,0,0,NA,0,0,0,0,NA,0,0,0,0,NA,0,0,1,1,NA,0,1,0,0,NA,0,0,1,1,NA,0,1,0,0,NA,NA,0,0,0,0,0,0,0,0,NA,NA,0,0,0,NA,0,0,0,0,NA,0,0,0,0,NA,0,0,0,0,NA,0,0,1,1,0,0,1,0,0,NA,0,0
M16 [Details of deaths reported with probable causes:],'16.4.3',Number of Child Deaths (1 -5 years) due to Fever related,TOTAL,4,4,0,0,4,0,0,NA,0,0,0,0,NA,0,0,0,0,NA,0,0,1,1,NA,0,1,0,0,NA,0,0,0,0,NA,0,0,0,0,NA,0,0,0,0,NA,0,0,1,1,NA,0,1,0,0,NA,0,0,0,0,NA,0,0,0,0,NA,0,0,0,0,NA,0,0,0,0,NA,NA,0,1,1,0,0,1,0,0,NA,NA,0,0,0,NA,0,0,0,0,NA,0,0,0,0,NA,0,0,0,0,NA,0,0,0,0,0,0,0,1,1,NA,0,1
M16 [Details of deaths reported with probable causes:],'16.4.4',Number of Child Deaths (1 -5 years) due to Measles,TOTAL,2,2,0,0,2,1,1,NA,0,1,0,0,NA,0,0,0,0,NA,0,0,0,0,NA,0,0,0,0,NA,0,0,0,0,NA,0,0,0,0,NA,0,0,0,0,NA,0,0,0,0,NA,0,0,0,0,NA,0,0,0,0,NA,0,0,0,0,NA,0,0,0,0,NA,0,0,0,0,NA,NA,0,0,0,0,0,0,0,0,NA,NA,0,1,1,NA,0,1,0,0,NA,0,0,0,0,NA,0,0,0,0,NA,0,0,0,0,0,0,0,0,0,NA,0,0
M16 [Details of deaths reported with probable causes:],'16.4.5',Number of Child Deaths (1 -5 years) due to Others,TOTAL,92,92,0,9,83,1,1,NA,0,1,6,6,NA,2,4,1,1,NA,0,1,4,4,NA,0,4,5,5,NA,0,5,4,4,NA,0,4,7,7,NA,1,6,3,3,NA,0,3,5,5,NA,0,5,1,1,NA,0,1,4,4,NA,1,3,4,4,NA,1,3,1,1,NA,0,1,14,14,NA,NA,14,7,7,0,1,6,4,4,NA,1,3,5,5,NA,1,4,0,0,NA,0,0,2,2,NA,1,1,7,7,NA,0,7,2,2,0,0,2,5,5,NA,0,5
M16 [Details of deaths reported with probable causes:],'16.5.1',Number of Maternal Deaths due to Bleeding,TOTAL,6,6,0,3,3,0,0,NA,0,0,1,1,NA,0,1,0,0,NA,0,0,3,3,NA,2,1,0,0,NA,0,0,0,0,NA,0,0,0,0,NA,0,0,0,0,NA,0,0,0,0,NA,0,0,0,0,NA,0,0,0,0,NA,0,0,0,0,NA,0,0,0,0,NA,0,0,0,0,NA,NA,0,0,0,0,0,0,0,0,NA,NA,0,0,0,NA,0,0,0,0,NA,0,0,0,0,NA,0,0,1,1,NA,1,0,0,0,0,0,0,1,1,NA,0,1
M16 [Details of deaths reported with probable causes:],'16.5.2',Number of Maternal Deaths due to High fever,TOTAL,1,1,0,1,0,0,0,NA,0,0,1,1,NA,1,0,0,0,NA,0,0,0,0,NA,0,0,0,0,NA,0,0,0,0,NA,0,0,0,0,NA,0,0,0,0,NA,0,0,0,0,NA,0,0,0,0,NA,0,0,0,0,NA,0,0,0,0,NA,0,0,0,0,NA,0,0,0,0,NA,NA,0,0,0,0,0,0,0,0,NA,NA,0,0,0,NA,0,0,0,0,NA,0,0,0,0,NA,0,0,0,0,NA,0,0,0,0,0,0,0,0,0,NA,0,0
M16 [Details of deaths reported with probable causes:],'16.5.3',Number of Maternal Deaths due to Abortion,TOTAL,0,0,0,0,0,0,0,NA,0,0,0,0,NA,0,0,0,0,NA,0,0,0,0,NA,0,0,0,0,NA,0,0,0,0,NA,0,0,0,0,NA,0,0,0,0,NA,0,0,0,0,NA,0,0,0,0,NA,0,0,0,0,NA,0,0,0,0,NA,0,0,0,0,NA,0,0,0,0,NA,NA,0,0,0,0,0,0,0,0,NA,NA,0,0,0,NA,0,0,0,0,NA,0,0,0,0,NA,0,0,0,0,NA,0,0,0,0,0,0,0,0,0,NA,0,0
M16 [Details of deaths reported with probable causes:],'16.5.4',Number of Maternal Deaths due to Obstructed/prolonged labour,TOTAL,0,0,0,0,0,0,0,NA,0,0,0,0,NA,0,0,0,0,NA,0,0,0,0,NA,0,0,0,0,NA,0,0,0,0,NA,0,0,0,0,NA,0,0,0,0,NA,0,0,0,0,NA,0,0,0,0,NA,0,0,0,0,NA,0,0,0,0,NA,0,0,0,0,NA,0,0,0,0,NA,NA,0,0,0,0,0,0,0,0,NA,NA,0,0,0,NA,0,0,0,0,NA,0,0,0,0,NA,0,0,0,0,NA,0,0,0,0,0,0,0,0,0,NA,0,0
M16 [Details of deaths reported with probable causes:],'16.5.5',Number of Maternal Deaths due to Severe hypertesnion/fits,TOTAL,5,5,0,1,4,1,1,NA,0,1,1,1,NA,0,1,0,0,NA,0,0,2,2,NA,1,1,0,0,NA,0,0,0,0,NA,0,0,0,0,NA,0,0,0,0,NA,0,0,0,0,NA,0,0,0,0,NA,0,0,0,0,NA,0,0,0,0,NA,0,0,0,0,NA,0,0,0,0,NA,NA,0,0,0,0,0,0,0,0,NA,NA,0,0,0,NA,0,0,0,0,NA,0,0,1,1,NA,0,1,0,0,NA,0,0,0,0,0,0,0,0,0,NA,0,0
M16 [Details of deaths reported with probable causes:],'16.5.6',Number of Maternal Deaths due to Other Causes (including causes not known),TOTAL,27,27,0,1,26,1,1,NA,0,1,0,0,NA,0,0,1,1,NA,0,1,0,0,NA,0,0,0,0,NA,0,0,2,2,NA,1,1,0,0,NA,0,0,1,1,NA,0,1,1,1,NA,0,1,2,2,NA,0,2,3,3,NA,0,3,0,0,NA,0,0,1,1,NA,0,1,7,7,NA,NA,7,4,4,0,0,4,0,0,NA,NA,0,1,1,NA,0,1,1,1,NA,0,1,1,1,NA,0,1,0,0,NA,0,0,0,0,0,0,0,1,1,NA,0,1
M16 [Details of deaths reported with probable causes:],'16.6',Total Facility Based Maternal Death Reviews (FBMDR) done,TOTAL,6,6,0,0,6,0,0,NA,0,0,0,0,NA,NA,0,0,0,NA,NA,0,0,0,NA,0,0,0,0,NA,0,0,0,0,NA,NA,0,0,0,NA,0,0,0,0,NA,NA,0,0,0,NA,NA,0,0,0,NA,NA,0,0,0,NA,NA,0,0,0,NA,0,0,0,0,NA,NA,0,6,6,NA,NA,6,0,0,0,0,0,NA,NA,NA,NA,NA,0,0,NA,0,0,0,0,NA,NA,0,0,0,NA,0,0,0,0,NA,NA,0,0,0,0,0,0,0,0,NA,NA,0
M16 [Details of deaths reported with probable causes:],'16.7.1',Number of Adolscent / Adult deaths due to Diarrhoeal diseases,TOTAL,5,5,0,0,5,1,1,NA,0,1,0,0,NA,0,0,0,0,NA,0,0,0,0,NA,0,0,0,0,NA,0,0,1,1,NA,0,1,0,0,NA,0,0,0,0,NA,0,0,0,0,NA,0,0,0,0,NA,0,0,0,0,NA,0,0,0,0,NA,0,0,0,0,NA,0,0,1,1,NA,NA,1,0,0,0,0,0,0,0,NA,NA,0,0,0,NA,0,0,0,0,NA,0,0,0,0,NA,0,0,1,1,NA,0,1,0,0,0,0,0,1,1,NA,0,1
M16 [Details of deaths reported with probable causes:],'16.7.2',Number of Adolscent / Adult deaths due to Tuberculosis,TOTAL,135,135,0,12,123,6,6,NA,0,6,9,9,NA,2,7,0,0,NA,0,0,6,6,NA,2,4,11,11,NA,1,10,8,8,NA,1,7,13,13,NA,0,13,2,2,NA,0,2,4,4,NA,0,4,11,11,NA,0,11,9,9,NA,1,8,9,9,NA,2,7,5,5,NA,NA,5,9,9,NA,NA,9,4,4,0,1,3,0,0,NA,NA,0,6,6,NA,1,5,3,3,NA,1,2,3,3,NA,0,3,5,5,NA,0,5,3,3,0,0,3,9,9,NA,0,9
M16 [Details of deaths reported with probable causes:],'16.7.3',Number of Adolscent / Adult deaths due to Respiratory diseases including infections (other than TB),TOTAL,225,225,0,18,207,17,17,NA,0,17,5,5,NA,1,4,0,0,NA,0,0,14,14,NA,0,14,4,4,NA,0,4,27,27,NA,3,24,8,8,NA,1,7,8,8,NA,1,7,10,10,NA,0,10,24,24,NA,1,23,10,10,NA,0,10,5,5,NA,1,4,13,13,NA,NA,13,5,5,NA,NA,5,6,6,0,2,4,2,2,NA,1,1,7,7,NA,0,7,1,1,NA,0,1,7,7,NA,0,7,7,7,NA,0,7,7,7,0,0,7,38,38,NA,7,31
M16 [Details of deaths reported with probable causes:],'16.7.4',Number of Adolscent / Adult deaths due to Other Fever Related,TOTAL,56,56,0,20,36,1,1,NA,0,1,0,0,NA,0,0,0,0,NA,0,0,5,5,NA,0,5,0,0,NA,0,0,7,7,NA,6,1,0,0,NA,0,0,0,0,NA,0,0,2,2,NA,0,2,4,4,NA,0,4,8,8,NA,6,2,2,2,NA,0,2,0,0,NA,NA,0,2,2,NA,NA,2,2,2,0,2,0,0,0,NA,NA,0,11,11,NA,5,6,0,0,NA,0,0,2,2,NA,0,2,3,3,NA,0,3,0,0,0,0,0,7,7,NA,1,6
M16 [Details of deaths reported with probable causes:],'16.7.5',Number of Adolscent / Adult deaths due to HIV/AIDS,TOTAL,18,18,0,1,17,5,5,NA,0,5,1,1,NA,0,1,0,0,NA,0,0,0,0,NA,0,0,0,0,NA,0,0,0,0,NA,0,0,3,3,NA,0,3,1,1,NA,0,1,2,2,NA,0,2,2,2,NA,0,2,1,1,NA,0,1,1,1,NA,1,0,0,0,NA,NA,0,0,0,NA,NA,0,0,0,0,0,0,0,0,NA,NA,0,1,1,NA,0,1,0,0,NA,0,0,0,0,NA,0,0,0,0,NA,0,0,1,1,0,0,1,0,0,NA,0,0
M16 [Details of deaths reported with probable causes:],'16.7.6',Number of Adolscent / Adult deaths due to Heart disease/Hypertension related,TOTAL,865,865,0,56,809,63,63,NA,0,63,24,24,NA,6,18,0,0,NA,0,0,25,25,NA,2,23,40,40,NA,4,36,35,35,NA,3,32,61,61,NA,0,61,35,35,NA,1,34,26,26,NA,0,26,72,72,NA,5,67,41,41,NA,2,39,27,27,NA,2,25,34,34,NA,NA,34,13,13,NA,NA,13,20,20,0,5,15,20,20,NA,NA,20,13,13,NA,2,11,19,19,NA,4,15,28,28,NA,10,18,79,79,NA,2,77,33,33,0,0,33,157,157,NA,8,149
M16 [Details of deaths reported with probable causes:],'16.7.7',Number of Adolscent / Adult deaths due to Cancer,TOTAL,401,401,0,30,371,15,15,NA,0,15,8,8,NA,1,7,0,0,NA,0,0,13,13,NA,5,8,26,26,NA,1,25,27,27,NA,1,26,32,32,NA,1,31,25,25,NA,1,24,14,14,NA,0,14,22,22,NA,2,20,27,27,NA,4,23,9,9,NA,0,9,24,24,NA,NA,24,11,11,NA,NA,11,9,9,0,1,8,3,3,NA,NA,3,14,14,NA,1,13,19,19,NA,6,13,21,21,NA,5,16,28,28,NA,0,28,20,20,0,0,20,34,34,NA,1,33
M16 [Details of deaths reported with probable causes:],'16.7.8',Number of Adolscent / Adult deaths due to Neurological disease including strokes,TOTAL,63,63,0,3,60,2,2,NA,0,2,5,5,NA,2,3,0,0,NA,0,0,1,1,NA,1,0,2,2,NA,0,2,3,3,NA,0,3,1,1,NA,0,1,4,4,NA,0,4,9,9,NA,0,9,5,5,NA,0,5,5,5,NA,0,5,3,3,NA,0,3,4,4,NA,NA,4,0,0,NA,NA,0,2,2,0,0,2,0,0,NA,NA,0,2,2,NA,0,2,0,0,NA,0,0,1,1,NA,0,1,5,5,NA,0,5,1,1,0,0,1,8,8,NA,0,8
M16 [Details of deaths reported with probable causes:],'16.7.9',Number of Adolscent / Adult deaths due to Accidents/Burn cases,TOTAL,304,304,0,23,281,16,16,NA,3,13,7,7,NA,1,6,0,0,NA,0,0,6,6,NA,2,4,11,11,NA,0,11,9,9,NA,0,9,30,30,NA,1,29,29,29,NA,0,29,3,3,NA,0,3,23,23,NA,1,22,25,25,NA,4,21,10,10,NA,0,10,13,13,NA,NA,13,8,8,NA,NA,8,23,23,0,3,20,2,2,NA,NA,2,14,14,NA,1,13,11,11,NA,1,10,9,9,NA,2,7,10,10,NA,0,10,12,12,0,0,12,33,33,NA,4,29
M16 [Details of deaths reported with probable causes:],'16.7.10',Number of Adolscent / Adult deaths due to Suicide,TOTAL,170,170,0,15,155,3,3,NA,0,3,5,5,NA,0,5,0,0,NA,0,0,14,14,NA,4,10,17,17,NA,1,16,7,7,NA,0,7,15,15,NA,0,15,12,12,NA,1,11,9,9,NA,0,9,11,11,NA,0,11,10,10,NA,2,8,4,4,NA,0,4,6,6,NA,NA,6,2,2,NA,NA,2,10,10,0,2,8,2,2,NA,NA,2,8,8,NA,1,7,4,4,NA,1,3,8,8,NA,3,5,5,5,NA,0,5,12,12,0,0,12,6,6,NA,0,6
M16 [Details of deaths reported with probable causes:],'16.7.11',Number of Adolscent / Adult deaths due to Animal bites and stings,TOTAL,13,13,0,2,11,0,0,NA,0,0,1,1,NA,0,1,0,0,NA,0,0,2,2,NA,2,0,0,0,NA,0,0,0,0,NA,0,0,1,1,NA,0,1,1,1,NA,0,1,3,3,NA,0,3,1,1,NA,0,1,0,0,NA,0,0,0,0,NA,0,0,1,1,NA,NA,1,2,2,NA,NA,2,0,0,0,0,0,0,0,NA,NA,0,1,1,NA,0,1,0,0,NA,0,0,0,0,NA,0,0,0,0,NA,0,0,0,0,0,0,0,0,0,NA,0,0
M16 [Details of deaths reported with probable causes:],'16.7.12',Number of Adolscent / Adult deaths due to Known Acute Disease,TOTAL,110,110,0,14,96,5,5,NA,0,5,3,3,NA,0,3,0,0,NA,0,0,10,10,NA,5,5,2,2,NA,0,2,2,2,NA,0,2,3,3,NA,0,3,9,9,NA,0,9,10,10,NA,0,10,4,4,NA,4,0,2,2,NA,1,1,1,1,NA,0,1,10,10,NA,NA,10,2,2,NA,NA,2,2,2,0,0,2,1,1,NA,NA,1,13,13,NA,0,13,4,4,NA,4,0,4,4,NA,0,4,4,4,NA,0,4,5,5,0,0,5,14,14,NA,0,14
M16 [Details of deaths reported with probable causes:],'16.7.13',Number of Adolscent / Adult deaths due to Known Chronic Disease,TOTAL,268,268,0,29,239,21,21,NA,0,21,21,21,NA,6,15,0,0,NA,0,0,4,4,NA,1,3,8,8,NA,1,7,7,7,NA,1,6,12,12,NA,0,12,33,33,NA,1,32,31,31,NA,0,31,11,11,NA,0,11,9,9,NA,5,4,21,21,NA,0,21,14,14,NA,NA,14,7,7,NA,NA,7,9,9,0,2,7,3,3,NA,NA,3,3,3,NA,0,3,9,9,NA,4,5,8,8,NA,6,2,5,5,NA,0,5,6,6,0,0,6,26,26,NA,2,24
M16 [Details of deaths reported with probable causes:],'16.7.14',Number of Adolscent / Adult deaths due to Causes not known,TOTAL,5459,5459,0,240,5219,152,152,NA,2,150,279,279,NA,18,261,131,131,NA,0,131,70,70,NA,25,45,299,299,NA,13,286,207,207,NA,5,202,526,526,NA,3,523,240,240,NA,11,229,342,342,NA,11,331,309,309,NA,3,306,365,365,NA,12,353,207,207,NA,0,207,214,214,NA,NA,214,180,180,NA,NA,180,182,182,0,17,165,72,72,NA,3,69,376,376,NA,23,353,254,254,NA,28,226,239,239,NA,55,184,279,279,NA,5,274,394,394,0,0,394,142,142,NA,6,136
M16 [Details of deaths reported with probable causes:],'16.8.1',Number of Deaths due to Malaria- Plasmodium Vivax,TOTAL,0,0,0,0,0,0,0,NA,0,0,0,0,NA,0,0,0,0,NA,0,0,0,0,NA,0,0,0,0,NA,0,0,0,0,NA,0,0,0,0,NA,0,0,0,0,NA,0,0,0,0,NA,0,0,0,0,NA,0,0,0,0,NA,0,0,0,0,NA,0,0,0,0,NA,NA,0,0,0,NA,NA,0,0,0,0,0,0,0,0,NA,NA,0,0,0,NA,0,0,0,0,NA,0,0,0,0,NA,0,0,0,0,NA,0,0,0,0,0,0,0,0,0,NA,0,0
M16 [Details of deaths reported with probable causes:],'16.8.2',Number of Deaths due to Malaria- Plasmodium Falciparum,TOTAL,1,1,0,0,1,0,0,NA,0,0,0,0,NA,0,0,0,0,NA,0,0,0,0,NA,0,0,0,0,NA,0,0,0,0,NA,0,0,0,0,NA,0,0,0,0,NA,0,0,0,0,NA,0,0,0,0,NA,0,0,1,1,NA,0,1,0,0,NA,0,0,0,0,NA,NA,0,0,0,NA,NA,0,0,0,0,0,0,0,0,NA,NA,0,0,0,NA,0,0,0,0,NA,0,0,0,0,NA,0,0,0,0,NA,0,0,0,0,0,0,0,0,0,NA,0,0
M16 [Details of deaths reported with probable causes:],'16.8.3',Number of Deaths due to Kala Azar,TOTAL,0,0,0,0,0,0,0,NA,0,0,0,0,NA,0,0,0,0,NA,0,0,0,0,NA,0,0,0,0,NA,0,0,0,0,NA,0,0,0,0,NA,0,0,0,0,NA,0,0,0,0,NA,0,0,0,0,NA,0,0,0,0,NA,0,0,0,0,NA,0,0,0,0,NA,NA,0,0,0,NA,NA,0,0,0,0,0,0,0,0,NA,NA,0,0,0,NA,0,0,0,0,NA,0,0,0,0,NA,0,0,0,0,NA,0,0,0,0,0,0,0,0,0,NA,0,0
M16 [Details of deaths reported with probable causes:],'16.8.4',Number of Deaths due to Dengue,TOTAL,0,0,0,0,0,0,0,NA,0,0,0,0,NA,0,0,0,0,NA,0,0,0,0,NA,0,0,0,0,NA,0,0,0,0,NA,0,0,0,0,NA,0,0,0,0,NA,0,0,0,0,NA,0,0,0,0,NA,0,0,0,0,NA,0,0,0,0,NA,0,0,0,0,NA,NA,0,0,0,NA,NA,0,0,0,0,0,0,0,0,NA,NA,0,0,0,NA,0,0,0,0,NA,0,0,0,0,NA,0,0,0,0,NA,0,0,0,0,0,0,0,0,0,NA,0,0
M16 [Details of deaths reported with probable causes:],'16.8.5',Number of Deaths due to Acute Encephelitis Syndrome (AES),TOTAL,0,0,0,0,0,0,0,NA,0,0,0,0,NA,0,0,0,0,NA,0,0,0,0,NA,0,0,0,0,NA,0,0,0,0,NA,0,0,0,0,NA,0,0,0,0,NA,0,0,0,0,NA,0,0,0,0,NA,0,0,0,0,NA,0,0,0,0,NA,0,0,0,0,NA,NA,0,0,0,NA,NA,0,0,0,0,0,0,0,0,NA,NA,0,0,0,NA,0,0,0,0,NA,0,0,0,0,NA,0,0,0,0,NA,0,0,0,0,0,0,0,0,0,NA,0,0
M16 [Details of deaths reported with probable causes:],'16.8.6',Number of Deaths due to Japanese Encephalitis (JE),TOTAL,0,0,0,0,0,0,0,NA,0,0,0,0,NA,0,0,0,0,NA,0,0,0,0,NA,0,0,0,0,NA,0,0,0,0,NA,0,0,0,0,NA,0,0,0,0,NA,0,0,0,0,NA,0,0,0,0,NA,0,0,0,0,NA,0,0,0,0,NA,0,0,0,0,NA,NA,0,0,0,NA,NA,0,0,0,0,0,0,0,0,NA,NA,0,0,0,NA,0,0,0,0,NA,0,0,0,0,NA,0,0,0,0,NA,0,0,0,0,0,0,0,0,0,NA,0,0
M17 [Vaccines],'17.1',Vaccine - DPT,1. Balance From Previous Month,69140,NA,NA,NA,NA,3800,NA,NA,NA,NA,4750,NA,NA,NA,NA,NA,NA,NA,NA,NA,0,NA,NA,NA,NA,650,NA,NA,NA,NA,5700,NA,NA,NA,NA,3500,NA,NA,NA,NA,1740,NA,NA,NA,NA,4460,NA,NA,NA,NA,3000,NA,NA,NA,NA,NA,NA,NA,NA,NA,2750,NA,NA,NA,NA,NA,NA,NA,NA,NA,6900,NA,NA,NA,NA,5510,NA,NA,NA,NA,4470,NA,NA,NA,NA,4450,NA,NA,NA,NA,3660,NA,NA,NA,NA,1850,NA,NA,NA,NA,3400,NA,NA,NA,NA,4900,NA,NA,NA,NA,3650,NA,NA,NA,NA
M17 [Vaccines],17.1',Vaccine - DPT,2. Stocks Received,115200,NA,NA,NA,NA,3200,NA,NA,NA,NA,5000,NA,NA,NA,NA,NA,NA,NA,NA,NA,8300,NA,NA,NA,NA,5000,NA,NA,NA,NA,13700,NA,NA,NA,NA,NA,NA,NA,NA,NA,3500,NA,NA,NA,NA,7000,NA,NA,NA,NA,3500,NA,NA,NA,NA,12000,NA,NA,NA,NA,6500,NA,NA,NA,NA,NA,NA,NA,NA,NA,5000,NA,NA,NA,NA,3500,NA,NA,NA,NA,2500,NA,NA,NA,NA,5000,NA,NA,NA,NA,1000,NA,NA,NA,NA,15000,NA,NA,NA,NA,5000,NA,NA,NA,NA,7000,NA,NA,NA,NA,3500,NA,NA,NA,NA
M17 [Vaccines],17.1',Vaccine - DPT,3. Unusable Stock,8385,NA,NA,NA,NA,0,NA,NA,NA,NA,0,NA,NA,NA,NA,NA,NA,NA,NA,NA,NA,NA,NA,NA,NA,0,NA,NA,NA,NA,NA,NA,NA,NA,NA,NA,NA,NA,NA,NA,0,NA,NA,NA,NA,0,NA,NA,NA,NA,0,NA,NA,NA,NA,NA,NA,NA,NA,NA,0,NA,NA,NA,NA,NA,NA,NA,NA,NA,0,NA,NA,NA,NA,0,NA,NA,NA,NA,NA,NA,NA,NA,NA,0,NA,NA,NA,NA,NA,NA,NA,NA,NA,2785,NA,NA,NA,NA,0,NA,NA,NA,NA,5600,NA,NA,NA,NA,NA,NA,NA,NA,NA
M17 [Vaccines],17.1',Vaccine - DPT,4. Stock Distributed,87640,NA,NA,NA,NA,3700,NA,NA,NA,NA,5950,NA,NA,NA,NA,NA,NA,NA,NA,NA,2710,NA,NA,NA,NA,1860,NA,NA,NA,NA,8100,NA,NA,NA,NA,3500,NA,NA,NA,NA,2320,NA,NA,NA,NA,4750,NA,NA,NA,NA,4100,NA,NA,NA,NA,6450,NA,NA,NA,NA,1950,NA,NA,NA,NA,NA,NA,NA,NA,NA,2200,NA,NA,NA,NA,3760,NA,NA,NA,NA,1840,NA,NA,NA,NA,4550,NA,NA,NA,NA,2100,NA,NA,NA,NA,12700,NA,NA,NA,NA,4200,NA,NA,NA,NA,6300,NA,NA,NA,NA,4600,NA,NA,NA,NA
M17 [Vaccines],17.1',Vaccine - DPT,5. Total Stock,88315,NA,NA,NA,NA,3300,NA,NA,NA,NA,3800,NA,NA,NA,NA,0,NA,NA,NA,NA,5590,NA,NA,NA,NA,3790,NA,NA,NA,NA,11300,NA,NA,NA,NA,0,NA,NA,NA,NA,2920,NA,NA,NA,NA,6710,NA,NA,NA,NA,2400,NA,NA,NA,NA,5550,NA,NA,NA,NA,7300,NA,NA,NA,NA,NA,NA,NA,NA,NA,9700,NA,NA,NA,NA,5250,NA,NA,NA,NA,5130,NA,NA,NA,NA,4900,NA,NA,NA,NA,2560,NA,NA,NA,NA,1365,NA,NA,NA,NA,4200,NA,NA,NA,NA,0,NA,NA,NA,NA,2550,NA,NA,NA,NA
M17 [Vaccines],'17.2',Vaccine - Pentavalent,1. Balance From Previous Month,185440,NA,NA,NA,NA,5400,NA,NA,NA,NA,14300,NA,NA,NA,NA,NA,NA,NA,NA,NA,10600,NA,NA,NA,NA,5000,NA,NA,NA,NA,17410,NA,NA,NA,NA,3350,NA,NA,NA,NA,9720,NA,NA,NA,NA,5980,NA,NA,NA,NA,11380,NA,NA,NA,NA,6480,NA,NA,NA,NA,0,NA,NA,NA,NA,NA,NA,NA,NA,NA,6360,NA,NA,NA,NA,11610,NA,NA,NA,NA,4170,NA,NA,NA,NA,16600,NA,NA,NA,NA,11370,NA,NA,NA,NA,2800,NA,NA,NA,NA,16400,NA,NA,NA,NA,15600,NA,NA,NA,NA,10910,NA,NA,NA,NA
M17 [Vaccines],17.2',Vaccine - Pentavalent,2. Stocks Received,245350,NA,NA,NA,NA,19200,NA,NA,NA,NA,9000,NA,NA,NA,NA,NA,NA,NA,NA,NA,34560,NA,NA,NA,NA,10000,NA,NA,NA,NA,11520,NA,NA,NA,NA,3180,NA,NA,NA,NA,0,NA,NA,NA,NA,6000,NA,NA,NA,NA,5760,NA,NA,NA,NA,26640,NA,NA,NA,NA,20160,NA,NA,NA,NA,NA,NA,NA,NA,NA,17280,NA,NA,NA,NA,5760,NA,NA,NA,NA,5760,NA,NA,NA,NA,15000,NA,NA,NA,NA,2880,NA,NA,NA,NA,15750,NA,NA,NA,NA,5000,NA,NA,NA,NA,17500,NA,NA,NA,NA,14400,NA,NA,NA,NA
M17 [Vaccines],17.2',Vaccine - Pentavalent,3. Unusable Stock,26220,NA,NA,NA,NA,0,NA,NA,NA,NA,0,NA,NA,NA,NA,NA,NA,NA,NA,NA,NA,NA,NA,NA,NA,0,NA,NA,NA,NA,NA,NA,NA,NA,NA,NA,NA,NA,NA,NA,0,NA,NA,NA,NA,0,NA,NA,NA,NA,0,NA,NA,NA,NA,NA,NA,NA,NA,NA,0,NA,NA,NA,NA,NA,NA,NA,NA,NA,0,NA,NA,NA,NA,0,NA,NA,NA,NA,NA,NA,NA,NA,NA,0,NA,NA,NA,NA,0,NA,NA,NA,NA,2970,NA,NA,NA,NA,0,NA,NA,NA,NA,23250,NA,NA,NA,NA,NA,NA,NA,NA,NA
M17 [Vaccines],17.2',Vaccine - Pentavalent,4. Stock Distributed,146370,NA,NA,NA,NA,5160,NA,NA,NA,NA,12000,NA,NA,NA,NA,NA,NA,NA,NA,NA,15800,NA,NA,NA,NA,5450,NA,NA,NA,NA,12710,NA,NA,NA,NA,6330,NA,NA,NA,NA,2520,NA,NA,NA,NA,5000,NA,NA,NA,NA,6790,NA,NA,NA,NA,7810,NA,NA,NA,NA,3790,NA,NA,NA,NA,NA,NA,NA,NA,NA,7200,NA,NA,NA,NA,7220,NA,NA,NA,NA,4300,NA,NA,NA,NA,5910,NA,NA,NA,NA,4420,NA,NA,NA,NA,12480,NA,NA,NA,NA,6100,NA,NA,NA,NA,9850,NA,NA,NA,NA,5530,NA,NA,NA,NA
M17 [Vaccines],17.2',Vaccine - Pentavalent,5. Total Stock,258200,NA,NA,NA,NA,19440,NA,NA,NA,NA,11300,NA,NA,NA,NA,0,NA,NA,NA,NA,29360,NA,NA,NA,NA,9550,NA,NA,NA,NA,16220,NA,NA,NA,NA,200,NA,NA,NA,NA,7200,NA,NA,NA,NA,6980,NA,NA,NA,NA,10350,NA,NA,NA,NA,25310,NA,NA,NA,NA,16370,NA,NA,NA,NA,NA,NA,NA,NA,NA,16440,NA,NA,NA,NA,10150,NA,NA,NA,NA,5630,NA,NA,NA,NA,25690,NA,NA,NA,NA,9830,NA,NA,NA,NA,3100,NA,NA,NA,NA,15300,NA,NA,NA,NA,0,NA,NA,NA,NA,19780,NA,NA,NA,NA
M17 [Vaccines],'17.3',Vaccine - OPV,1. Balance From Previous Month,298820,NA,NA,NA,NA,21800,NA,NA,NA,NA,10400,NA,NA,NA,NA,NA,NA,NA,NA,NA,27980,NA,NA,NA,NA,7560,NA,NA,NA,NA,22400,NA,NA,NA,NA,14800,NA,NA,NA,NA,3720,NA,NA,NA,NA,20240,NA,NA,NA,NA,12900,NA,NA,NA,NA,19900,NA,NA,NA,NA,7260,NA,NA,NA,NA,NA,NA,NA,NA,NA,25000,NA,NA,NA,NA,27200,NA,NA,NA,NA,10700,NA,NA,NA,NA,6480,NA,NA,NA,NA,20500,NA,NA,NA,NA,120,NA,NA,NA,NA,14500,NA,NA,NA,NA,10860,NA,NA,NA,NA,14500,NA,NA,NA,NA
M17 [Vaccines],17.3',Vaccine - OPV,2. Stocks Received,163460,NA,NA,NA,NA,7000,NA,NA,NA,NA,6000,NA,NA,NA,NA,NA,NA,NA,NA,NA,25000,NA,NA,NA,NA,5360,NA,NA,NA,NA,21500,NA,NA,NA,NA,NA,NA,NA,NA,NA,5000,NA,NA,NA,NA,5000,NA,NA,NA,NA,3500,NA,NA,NA,NA,0,NA,NA,NA,NA,11000,NA,NA,NA,NA,NA,NA,NA,NA,NA,16100,NA,NA,NA,NA,10000,NA,NA,NA,NA,NA,NA,NA,NA,NA,4500,NA,NA,NA,NA,6000,NA,NA,NA,NA,14000,NA,NA,NA,NA,5000,NA,NA,NA,NA,15000,NA,NA,NA,NA,3500,NA,NA,NA,NA
M17 [Vaccines],17.3',Vaccine - OPV,3. Unusable Stock,10910,NA,NA,NA,NA,0,NA,NA,NA,NA,0,NA,NA,NA,NA,NA,NA,NA,NA,NA,NA,NA,NA,NA,NA,0,NA,NA,NA,NA,NA,NA,NA,NA,NA,NA,NA,NA,NA,NA,0,NA,NA,NA,NA,0,NA,NA,NA,NA,0,NA,NA,NA,NA,NA,NA,NA,NA,NA,0,NA,NA,NA,NA,NA,NA,NA,NA,NA,0,NA,NA,NA,NA,0,NA,NA,NA,NA,NA,NA,NA,NA,NA,0,NA,NA,NA,NA,0,NA,NA,NA,NA,1250,NA,NA,NA,NA,0,NA,NA,NA,NA,9660,NA,NA,NA,NA,NA,NA,NA,NA,NA
M17 [Vaccines],17.3',Vaccine - OPV,4. Stock Distributed,187595,NA,NA,NA,NA,4720,NA,NA,NA,NA,10500,NA,NA,NA,NA,NA,NA,NA,NA,NA,9300,NA,NA,NA,NA,6240,NA,NA,NA,NA,19560,NA,NA,NA,NA,NA,NA,NA,NA,NA,4920,NA,NA,NA,NA,6500,NA,NA,NA,NA,10500,NA,NA,NA,NA,13400,NA,NA,NA,NA,6700,NA,NA,NA,NA,NA,NA,NA,NA,NA,14500,NA,NA,NA,NA,16000,NA,NA,NA,NA,5180,NA,NA,NA,NA,7100,NA,NA,NA,NA,5600,NA,NA,NA,NA,12475,NA,NA,NA,NA,10700,NA,NA,NA,NA,16200,NA,NA,NA,NA,7500,NA,NA,NA,NA
M17 [Vaccines],17.3',Vaccine - OPV,5. Total Stock,263775,NA,NA,NA,NA,24080,NA,NA,NA,NA,5900,NA,NA,NA,NA,0,NA,NA,NA,NA,43680,NA,NA,NA,NA,6680,NA,NA,NA,NA,24340,NA,NA,NA,NA,14800,NA,NA,NA,NA,3800,NA,NA,NA,NA,18740,NA,NA,NA,NA,5900,NA,NA,NA,NA,6500,NA,NA,NA,NA,11560,NA,NA,NA,NA,NA,NA,NA,NA,NA,26600,NA,NA,NA,NA,21200,NA,NA,NA,NA,5520,NA,NA,NA,NA,3880,NA,NA,NA,NA,20900,NA,NA,NA,NA,395,NA,NA,NA,NA,8800,NA,NA,NA,NA,0,NA,NA,NA,NA,10500,NA,NA,NA,NA
M17 [Vaccines],'17.4',Vaccine - TT,1. Balance From Previous Month,26450,NA,NA,NA,NA,0,NA,NA,NA,NA,NA,NA,NA,NA,NA,NA,NA,NA,NA,NA,NA,NA,NA,NA,NA,0,NA,NA,NA,NA,1300,NA,NA,NA,NA,7000,NA,NA,NA,NA,0,NA,NA,NA,NA,0,NA,NA,NA,NA,6200,NA,NA,NA,NA,0,NA,NA,NA,NA,5300,NA,NA,NA,NA,NA,NA,NA,NA,NA,0,NA,NA,NA,NA,0,NA,NA,NA,NA,NA,NA,NA,NA,NA,3350,NA,NA,NA,NA,0,NA,NA,NA,NA,0,NA,NA,NA,NA,NA,NA,NA,NA,NA,0,NA,NA,NA,NA,3300,NA,NA,NA,NA
M17 [Vaccines],17.4',Vaccine - TT,2. Stocks Received,9500,NA,NA,NA,NA,3000,NA,NA,NA,NA,NA,NA,NA,NA,NA,NA,NA,NA,NA,NA,NA,NA,NA,NA,NA,2500,NA,NA,NA,NA,NA,NA,NA,NA,NA,NA,NA,NA,NA,NA,0,NA,NA,NA,NA,0,NA,NA,NA,NA,1000,NA,NA,NA,NA,0,NA,NA,NA,NA,3000,NA,NA,NA,NA,NA,NA,NA,NA,NA,0,NA,NA,NA,NA,0,NA,NA,NA,NA,NA,NA,NA,NA,NA,0,NA,NA,NA,NA,0,NA,NA,NA,NA,0,NA,NA,NA,NA,0,NA,NA,NA,NA,0,NA,NA,NA,NA,0,NA,NA,NA,NA
M17 [Vaccines],17.4',Vaccine - TT,3. Unusable Stock,0,NA,NA,NA,NA,0,NA,NA,NA,NA,NA,NA,NA,NA,NA,NA,NA,NA,NA,NA,NA,NA,NA,NA,NA,0,NA,NA,NA,NA,NA,NA,NA,NA,NA,NA,NA,NA,NA,NA,0,NA,NA,NA,NA,0,NA,NA,NA,NA,0,NA,NA,NA,NA,NA,NA,NA,NA,NA,0,NA,NA,NA,NA,NA,NA,NA,NA,NA,0,NA,NA,NA,NA,0,NA,NA,NA,NA,NA,NA,NA,NA,NA,0,NA,NA,NA,NA,0,NA,NA,NA,NA,0,NA,NA,NA,NA,0,NA,NA,NA,NA,0,NA,NA,NA,NA,NA,NA,NA,NA,NA
M17 [Vaccines],17.4',Vaccine - TT,4. Stock Distributed,27520,NA,NA,NA,NA,2800,NA,NA,NA,NA,NA,NA,NA,NA,NA,NA,NA,NA,NA,NA,NA,NA,NA,NA,NA,2500,NA,NA,NA,NA,NA,NA,NA,NA,NA,6600,NA,NA,NA,NA,0,NA,NA,NA,NA,0,NA,NA,NA,NA,5720,NA,NA,NA,NA,0,NA,NA,NA,NA,4750,NA,NA,NA,NA,NA,NA,NA,NA,NA,0,NA,NA,NA,NA,0,NA,NA,NA,NA,NA,NA,NA,NA,NA,2200,NA,NA,NA,NA,0,NA,NA,NA,NA,0,NA,NA,NA,NA,0,NA,NA,NA,NA,0,NA,NA,NA,NA,2950,NA,NA,NA,NA
M17 [Vaccines],17.4',Vaccine - TT,5. Total Stock,8430,NA,NA,NA,NA,200,NA,NA,NA,NA,0,NA,NA,NA,NA,0,NA,NA,NA,NA,0,NA,NA,NA,NA,0,NA,NA,NA,NA,1300,NA,NA,NA,NA,400,NA,NA,NA,NA,0,NA,NA,NA,NA,0,NA,NA,NA,NA,1480,NA,NA,NA,NA,0,NA,NA,NA,NA,3550,NA,NA,NA,NA,NA,NA,NA,NA,NA,0,NA,NA,NA,NA,0,NA,NA,NA,NA,0,NA,NA,NA,NA,1150,NA,NA,NA,NA,0,NA,NA,NA,NA,0,NA,NA,NA,NA,0,NA,NA,NA,NA,0,NA,NA,NA,NA,350,NA,NA,NA,NA
M17 [Vaccines],'17.5',Vaccine - DT,1. Balance From Previous Month,38020,NA,NA,NA,NA,0,NA,NA,NA,NA,NA,NA,NA,NA,NA,NA,NA,NA,NA,NA,9200,NA,NA,NA,NA,0,NA,NA,NA,NA,0,NA,NA,NA,NA,0,NA,NA,NA,NA,0,NA,NA,NA,NA,8350,NA,NA,NA,NA,0,NA,NA,NA,NA,0,NA,NA,NA,NA,0,NA,NA,NA,NA,NA,NA,NA,NA,NA,0,NA,NA,NA,NA,7200,NA,NA,NA,NA,1620,NA,NA,NA,NA,NA,NA,NA,NA,NA,0,NA,NA,NA,NA,5950,NA,NA,NA,NA,5700,NA,NA,NA,NA,0,NA,NA,NA,NA,0,NA,NA,NA,NA
M17 [Vaccines],17.5',Vaccine - DT,2. Stocks Received,39800,NA,NA,NA,NA,0,NA,NA,NA,NA,NA,NA,NA,NA,NA,NA,NA,NA,NA,NA,NA,NA,NA,NA,NA,6500,NA,NA,NA,NA,NA,NA,NA,NA,NA,0,NA,NA,NA,NA,0,NA,NA,NA,NA,2000,NA,NA,NA,NA,0,NA,NA,NA,NA,10500,NA,NA,NA,NA,0,NA,NA,NA,NA,NA,NA,NA,NA,NA,0,NA,NA,NA,NA,0,NA,NA,NA,NA,2000,NA,NA,NA,NA,NA,NA,NA,NA,NA,0,NA,NA,NA,NA,17800,NA,NA,NA,NA,1000,NA,NA,NA,NA,0,NA,NA,NA,NA,0,NA,NA,NA,NA
M17 [Vaccines],17.5',Vaccine - DT,3. Unusable Stock,4120,NA,NA,NA,NA,0,NA,NA,NA,NA,NA,NA,NA,NA,NA,NA,NA,NA,NA,NA,NA,NA,NA,NA,NA,0,NA,NA,NA,NA,NA,NA,NA,NA,NA,0,NA,NA,NA,NA,0,NA,NA,NA,NA,0,NA,NA,NA,NA,0,NA,NA,NA,NA,NA,NA,NA,NA,NA,0,NA,NA,NA,NA,NA,NA,NA,NA,NA,0,NA,NA,NA,NA,0,NA,NA,NA,NA,NA,NA,NA,NA,NA,NA,NA,NA,NA,NA,0,NA,NA,NA,NA,4120,NA,NA,NA,NA,NA,NA,NA,NA,NA,0,NA,NA,NA,NA,NA,NA,NA,NA,NA
M17 [Vaccines],17.5',Vaccine - DT,4. Stock Distributed,54410,NA,NA,NA,NA,0,NA,NA,NA,NA,NA,NA,NA,NA,NA,NA,NA,NA,NA,NA,9050,NA,NA,NA,NA,1700,NA,NA,NA,NA,NA,NA,NA,NA,NA,0,NA,NA,NA,NA,0,NA,NA,NA,NA,5100,NA,NA,NA,NA,0,NA,NA,NA,NA,5900,NA,NA,NA,NA,0,NA,NA,NA,NA,NA,NA,NA,NA,NA,0,NA,NA,NA,NA,7200,NA,NA,NA,NA,3560,NA,NA,NA,NA,NA,NA,NA,NA,NA,0,NA,NA,NA,NA,15500,NA,NA,NA,NA,6400,NA,NA,NA,NA,0,NA,NA,NA,NA,0,NA,NA,NA,NA
M17 [Vaccines],17.5',Vaccine - DT,5. Total Stock,19290,NA,NA,NA,NA,0,NA,NA,NA,NA,0,NA,NA,NA,NA,0,NA,NA,NA,NA,150,NA,NA,NA,NA,4800,NA,NA,NA,NA,0,NA,NA,NA,NA,0,NA,NA,NA,NA,0,NA,NA,NA,NA,5250,NA,NA,NA,NA,0,NA,NA,NA,NA,4600,NA,NA,NA,NA,0,NA,NA,NA,NA,NA,NA,NA,NA,NA,0,NA,NA,NA,NA,0,NA,NA,NA,NA,60,NA,NA,NA,NA,0,NA,NA,NA,NA,0,NA,NA,NA,NA,4130,NA,NA,NA,NA,300,NA,NA,NA,NA,0,NA,NA,NA,NA,0,NA,NA,NA,NA
M17 [Vaccines],'17.6',Vaccine - BCG,1. Balance From Previous Month,231830,NA,NA,NA,NA,9870,NA,NA,NA,NA,21900,NA,NA,NA,NA,NA,NA,NA,NA,NA,17710,NA,NA,NA,NA,12050,NA,NA,NA,NA,7400,NA,NA,NA,NA,4550,NA,NA,NA,NA,10140,NA,NA,NA,NA,5130,NA,NA,NA,NA,8890,NA,NA,NA,NA,3300,NA,NA,NA,NA,2000,NA,NA,NA,NA,NA,NA,NA,NA,NA,17500,NA,NA,NA,NA,14500,NA,NA,NA,NA,8570,NA,NA,NA,NA,31580,NA,NA,NA,NA,10140,NA,NA,NA,NA,14120,NA,NA,NA,NA,8500,NA,NA,NA,NA,13310,NA,NA,NA,NA,10670,NA,NA,NA,NA
M17 [Vaccines],17.6',Vaccine - BCG,2. Stocks Received,159080,NA,NA,NA,NA,4500,NA,NA,NA,NA,6500,NA,NA,NA,NA,NA,NA,NA,NA,NA,21000,NA,NA,NA,NA,650,NA,NA,NA,NA,14000,NA,NA,NA,NA,3000,NA,NA,NA,NA,0,NA,NA,NA,NA,10000,NA,NA,NA,NA,5000,NA,NA,NA,NA,18000,NA,NA,NA,NA,14000,NA,NA,NA,NA,NA,NA,NA,NA,NA,10000,NA,NA,NA,NA,5000,NA,NA,NA,NA,NA,NA,NA,NA,NA,750,NA,NA,NA,NA,4000,NA,NA,NA,NA,18680,NA,NA,NA,NA,10000,NA,NA,NA,NA,0,NA,NA,NA,NA,14000,NA,NA,NA,NA
M17 [Vaccines],17.6',Vaccine - BCG,3. Unusable Stock,4860,NA,NA,NA,NA,0,NA,NA,NA,NA,0,NA,NA,NA,NA,NA,NA,NA,NA,NA,NA,NA,NA,NA,NA,0,NA,NA,NA,NA,NA,NA,NA,NA,NA,NA,NA,NA,NA,NA,0,NA,NA,NA,NA,0,NA,NA,NA,NA,0,NA,NA,NA,NA,NA,NA,NA,NA,NA,0,NA,NA,NA,NA,NA,NA,NA,NA,NA,0,NA,NA,NA,NA,0,NA,NA,NA,NA,NA,NA,NA,NA,NA,0,NA,NA,NA,NA,0,NA,NA,NA,NA,1850,NA,NA,NA,NA,0,NA,NA,NA,NA,3010,NA,NA,NA,NA,NA,NA,NA,NA,NA
M17 [Vaccines],17.6',Vaccine - BCG,4. Stock Distributed,130560,NA,NA,NA,NA,1750,NA,NA,NA,NA,11200,NA,NA,NA,NA,NA,NA,NA,NA,NA,9550,NA,NA,NA,NA,3050,NA,NA,NA,NA,7760,NA,NA,NA,NA,7300,NA,NA,NA,NA,3380,NA,NA,NA,NA,3400,NA,NA,NA,NA,4050,NA,NA,NA,NA,5100,NA,NA,NA,NA,3700,NA,NA,NA,NA,NA,NA,NA,NA,NA,12500,NA,NA,NA,NA,9500,NA,NA,NA,NA,3320,NA,NA,NA,NA,4750,NA,NA,NA,NA,5300,NA,NA,NA,NA,16450,NA,NA,NA,NA,4300,NA,NA,NA,NA,10300,NA,NA,NA,NA,3900,NA,NA,NA,NA
M17 [Vaccines],17.6',Vaccine - BCG,5. Total Stock,255490,NA,NA,NA,NA,12620,NA,NA,NA,NA,17200,NA,NA,NA,NA,0,NA,NA,NA,NA,29160,NA,NA,NA,NA,9650,NA,NA,NA,NA,13640,NA,NA,NA,NA,250,NA,NA,NA,NA,6760,NA,NA,NA,NA,11730,NA,NA,NA,NA,9840,NA,NA,NA,NA,16200,NA,NA,NA,NA,12300,NA,NA,NA,NA,NA,NA,NA,NA,NA,15000,NA,NA,NA,NA,10000,NA,NA,NA,NA,5250,NA,NA,NA,NA,27580,NA,NA,NA,NA,8840,NA,NA,NA,NA,14500,NA,NA,NA,NA,14200,NA,NA,NA,NA,0,NA,NA,NA,NA,20770,NA,NA,NA,NA
M17 [Vaccines],'17.7',Vaccine - Measles,1. Balance From Previous Month,6490,NA,NA,NA,NA,0,NA,NA,NA,NA,NA,NA,NA,NA,NA,NA,NA,NA,NA,NA,NA,NA,NA,NA,NA,NA,NA,NA,NA,NA,0,NA,NA,NA,NA,0,NA,NA,NA,NA,0,NA,NA,NA,NA,6490,NA,NA,NA,NA,0,NA,NA,NA,NA,0,NA,NA,NA,NA,0,NA,NA,NA,NA,NA,NA,NA,NA,NA,0,NA,NA,NA,NA,0,NA,NA,NA,NA,NA,NA,NA,NA,NA,NA,NA,NA,NA,NA,0,NA,NA,NA,NA,0,NA,NA,NA,NA,NA,NA,NA,NA,NA,0,NA,NA,NA,NA,0,NA,NA,NA,NA
M17 [Vaccines],17.7',Vaccine - Measles,2. Stocks Received,9500,NA,NA,NA,NA,0,NA,NA,NA,NA,NA,NA,NA,NA,NA,NA,NA,NA,NA,NA,NA,NA,NA,NA,NA,NA,NA,NA,NA,NA,NA,NA,NA,NA,NA,0,NA,NA,NA,NA,0,NA,NA,NA,NA,9500,NA,NA,NA,NA,0,NA,NA,NA,NA,0,NA,NA,NA,NA,0,NA,NA,NA,NA,NA,NA,NA,NA,NA,0,NA,NA,NA,NA,0,NA,NA,NA,NA,NA,NA,NA,NA,NA,NA,NA,NA,NA,NA,0,NA,NA,NA,NA,0,NA,NA,NA,NA,0,NA,NA,NA,NA,0,NA,NA,NA,NA,0,NA,NA,NA,NA
M17 [Vaccines],17.7',Vaccine - Measles,3. Unusable Stock,0,NA,NA,NA,NA,0,NA,NA,NA,NA,NA,NA,NA,NA,NA,NA,NA,NA,NA,NA,NA,NA,NA,NA,NA,NA,NA,NA,NA,NA,NA,NA,NA,NA,NA,0,NA,NA,NA,NA,0,NA,NA,NA,NA,0,NA,NA,NA,NA,0,NA,NA,NA,NA,NA,NA,NA,NA,NA,0,NA,NA,NA,NA,NA,NA,NA,NA,NA,0,NA,NA,NA,NA,0,NA,NA,NA,NA,NA,NA,NA,NA,NA,NA,NA,NA,NA,NA,0,NA,NA,NA,NA,0,NA,NA,NA,NA,NA,NA,NA,NA,NA,0,NA,NA,NA,NA,NA,NA,NA,NA,NA
M17 [Vaccines],17.7',Vaccine - Measles,4. Stock Distributed,7950,NA,NA,NA,NA,0,NA,NA,NA,NA,NA,NA,NA,NA,NA,NA,NA,NA,NA,NA,NA,NA,NA,NA,NA,NA,NA,NA,NA,NA,NA,NA,NA,NA,NA,0,NA,NA,NA,NA,0,NA,NA,NA,NA,7950,NA,NA,NA,NA,0,NA,NA,NA,NA,0,NA,NA,NA,NA,0,NA,NA,NA,NA,NA,NA,NA,NA,NA,0,NA,NA,NA,NA,0,NA,NA,NA,NA,NA,NA,NA,NA,NA,NA,NA,NA,NA,NA,0,NA,NA,NA,NA,0,NA,NA,NA,NA,0,NA,NA,NA,NA,0,NA,NA,NA,NA,0,NA,NA,NA,NA
M17 [Vaccines],17.7',Vaccine - Measles,5. Total Stock,8040,NA,NA,NA,NA,0,NA,NA,NA,NA,0,NA,NA,NA,NA,0,NA,NA,NA,NA,0,NA,NA,NA,NA,0,NA,NA,NA,NA,0,NA,NA,NA,NA,0,NA,NA,NA,NA,0,NA,NA,NA,NA,8040,NA,NA,NA,NA,0,NA,NA,NA,NA,0,NA,NA,NA,NA,0,NA,NA,NA,NA,NA,NA,NA,NA,NA,0,NA,NA,NA,NA,0,NA,NA,NA,NA,0,NA,NA,NA,NA,0,NA,NA,NA,NA,0,NA,NA,NA,NA,0,NA,NA,NA,NA,0,NA,NA,NA,NA,0,NA,NA,NA,NA,0,NA,NA,NA,NA
M17 [Vaccines],'17.8',Vaccine - JE,1. Balance From Previous Month,38270,NA,NA,NA,NA,10250,NA,NA,NA,NA,NA,NA,NA,NA,NA,NA,NA,NA,NA,NA,NA,NA,NA,NA,NA,NA,NA,NA,NA,NA,0,NA,NA,NA,NA,0,NA,NA,NA,NA,0,NA,NA,NA,NA,0,NA,NA,NA,NA,7000,NA,NA,NA,NA,3100,NA,NA,NA,NA,3770,NA,NA,NA,NA,NA,NA,NA,NA,NA,0,NA,NA,NA,NA,0,NA,NA,NA,NA,NA,NA,NA,NA,NA,5450,NA,NA,NA,NA,0,NA,NA,NA,NA,0,NA,NA,NA,NA,NA,NA,NA,NA,NA,0,NA,NA,NA,NA,8700,NA,NA,NA,NA
M17 [Vaccines],17.8',Vaccine - JE,2. Stocks Received,43500,NA,NA,NA,NA,5200,NA,NA,NA,NA,NA,NA,NA,NA,NA,NA,NA,NA,NA,NA,NA,NA,NA,NA,NA,NA,NA,NA,NA,NA,NA,NA,NA,NA,NA,0,NA,NA,NA,NA,0,NA,NA,NA,NA,0,NA,NA,NA,NA,5000,NA,NA,NA,NA,14000,NA,NA,NA,NA,7000,NA,NA,NA,NA,NA,NA,NA,NA,NA,0,NA,NA,NA,NA,0,NA,NA,NA,NA,NA,NA,NA,NA,NA,7000,NA,NA,NA,NA,0,NA,NA,NA,NA,0,NA,NA,NA,NA,0,NA,NA,NA,NA,0,NA,NA,NA,NA,5300,NA,NA,NA,NA
M17 [Vaccines],17.8',Vaccine - JE,3. Unusable Stock,0,NA,NA,NA,NA,0,NA,NA,NA,NA,NA,NA,NA,NA,NA,NA,NA,NA,NA,NA,NA,NA,NA,NA,NA,NA,NA,NA,NA,NA,NA,NA,NA,NA,NA,0,NA,NA,NA,NA,0,NA,NA,NA,NA,0,NA,NA,NA,NA,0,NA,NA,NA,NA,NA,NA,NA,NA,NA,0,NA,NA,NA,NA,NA,NA,NA,NA,NA,0,NA,NA,NA,NA,0,NA,NA,NA,NA,NA,NA,NA,NA,NA,0,NA,NA,NA,NA,0,NA,NA,NA,NA,0,NA,NA,NA,NA,NA,NA,NA,NA,NA,0,NA,NA,NA,NA,NA,NA,NA,NA,NA
M17 [Vaccines],17.8',Vaccine - JE,4. Stock Distributed,35325,NA,NA,NA,NA,5350,NA,NA,NA,NA,NA,NA,NA,NA,NA,NA,NA,NA,NA,NA,NA,NA,NA,NA,NA,NA,NA,NA,NA,NA,NA,NA,NA,NA,NA,0,NA,NA,NA,NA,0,NA,NA,NA,NA,0,NA,NA,NA,NA,4750,NA,NA,NA,NA,7650,NA,NA,NA,NA,3600,NA,NA,NA,NA,NA,NA,NA,NA,NA,0,NA,NA,NA,NA,0,NA,NA,NA,NA,NA,NA,NA,NA,NA,5275,NA,NA,NA,NA,0,NA,NA,NA,NA,0,NA,NA,NA,NA,0,NA,NA,NA,NA,0,NA,NA,NA,NA,8700,NA,NA,NA,NA
M17 [Vaccines],17.8',Vaccine - JE,5. Total Stock,46445,NA,NA,NA,NA,10100,NA,NA,NA,NA,0,NA,NA,NA,NA,0,NA,NA,NA,NA,0,NA,NA,NA,NA,0,NA,NA,NA,NA,0,NA,NA,NA,NA,0,NA,NA,NA,NA,0,NA,NA,NA,NA,0,NA,NA,NA,NA,7250,NA,NA,NA,NA,9450,NA,NA,NA,NA,7170,NA,NA,NA,NA,NA,NA,NA,NA,NA,0,NA,NA,NA,NA,0,NA,NA,NA,NA,0,NA,NA,NA,NA,7175,NA,NA,NA,NA,0,NA,NA,NA,NA,0,NA,NA,NA,NA,0,NA,NA,NA,NA,0,NA,NA,NA,NA,5300,NA,NA,NA,NA
M17 [Vaccines],'17.9',Vaccine - Hepatitis B,1. Balance From Previous Month,9210,NA,NA,NA,NA,0,NA,NA,NA,NA,540,NA,NA,NA,NA,NA,NA,NA,NA,NA,800,NA,NA,NA,NA,260,NA,NA,NA,NA,190,NA,NA,NA,NA,920,NA,NA,NA,NA,1700,NA,NA,NA,NA,800,NA,NA,NA,NA,0,NA,NA,NA,NA,20,NA,NA,NA,NA,380,NA,NA,NA,NA,NA,NA,NA,NA,NA,360,NA,NA,NA,NA,1720,NA,NA,NA,NA,220,NA,NA,NA,NA,10,NA,NA,NA,NA,700,NA,NA,NA,NA,30,NA,NA,NA,NA,480,NA,NA,NA,NA,60,NA,NA,NA,NA,20,NA,NA,NA,NA
M17 [Vaccines],17.9',Vaccine - Hepatitis B,2. Stocks Received,42750,NA,NA,NA,NA,2000,NA,NA,NA,NA,3000,NA,NA,NA,NA,NA,NA,NA,NA,NA,3000,NA,NA,NA,NA,1500,NA,NA,NA,NA,2800,NA,NA,NA,NA,NA,NA,NA,NA,NA,0,NA,NA,NA,NA,2100,NA,NA,NA,NA,2000,NA,NA,NA,NA,3000,NA,NA,NA,NA,3400,NA,NA,NA,NA,NA,NA,NA,NA,NA,1800,NA,NA,NA,NA,1800,NA,NA,NA,NA,1000,NA,NA,NA,NA,2100,NA,NA,NA,NA,0,NA,NA,NA,NA,6150,NA,NA,NA,NA,2100,NA,NA,NA,NA,2700,NA,NA,NA,NA,2300,NA,NA,NA,NA
M17 [Vaccines],17.9',Vaccine - Hepatitis B,3. Unusable Stock,3900,NA,NA,NA,NA,0,NA,NA,NA,NA,0,NA,NA,NA,NA,NA,NA,NA,NA,NA,NA,NA,NA,NA,NA,0,NA,NA,NA,NA,NA,NA,NA,NA,NA,NA,NA,NA,NA,NA,0,NA,NA,NA,NA,0,NA,NA,NA,NA,0,NA,NA,NA,NA,NA,NA,NA,NA,NA,0,NA,NA,NA,NA,NA,NA,NA,NA,NA,0,NA,NA,NA,NA,0,NA,NA,NA,NA,NA,NA,NA,NA,NA,0,NA,NA,NA,NA,0,NA,NA,NA,NA,1750,NA,NA,NA,NA,0,NA,NA,NA,NA,2150,NA,NA,NA,NA,NA,NA,NA,NA,NA
M17 [Vaccines],17.9',Vaccine - Hepatitis B,4. Stock Distributed,18250,NA,NA,NA,NA,0,NA,NA,NA,NA,1440,NA,NA,NA,NA,NA,NA,NA,NA,NA,830,NA,NA,NA,NA,730,NA,NA,NA,NA,280,NA,NA,NA,NA,NA,NA,NA,NA,NA,570,NA,NA,NA,NA,1010,NA,NA,NA,NA,790,NA,NA,NA,NA,1390,NA,NA,NA,NA,860,NA,NA,NA,NA,NA,NA,NA,NA,NA,1080,NA,NA,NA,NA,850,NA,NA,NA,NA,590,NA,NA,NA,NA,760,NA,NA,NA,NA,700,NA,NA,NA,NA,4100,NA,NA,NA,NA,940,NA,NA,NA,NA,600,NA,NA,NA,NA,730,NA,NA,NA,NA
M17 [Vaccines],17.9',Vaccine - Hepatitis B,5. Total Stock,29800,NA,NA,NA,NA,2000,NA,NA,NA,NA,2100,NA,NA,NA,NA,NA,NA,NA,NA,NA,2970,NA,NA,NA,NA,1030,NA,NA,NA,NA,2710,NA,NA,NA,NA,920,NA,NA,NA,NA,1130,NA,NA,NA,NA,1890,NA,NA,NA,NA,1210,NA,NA,NA,NA,1630,NA,NA,NA,NA,2920,NA,NA,NA,NA,NA,NA,NA,NA,NA,1080,NA,NA,NA,NA,2670,NA,NA,NA,NA,630,NA,NA,NA,NA,1350,NA,NA,NA,NA,0,NA,NA,NA,NA,330,NA,NA,NA,NA,1640,NA,NA,NA,NA,0,NA,NA,NA,NA,1590,NA,NA,NA,NA
M17 [Vaccines],'17.10',Vaccine - Typhoid,1. Balance From Previous Month,0,NA,NA,NA,NA,0,NA,NA,NA,NA,NA,NA,NA,NA,NA,NA,NA,NA,NA,NA,NA,NA,NA,NA,NA,0,NA,NA,NA,NA,0,NA,NA,NA,NA,0,NA,NA,NA,NA,0,NA,NA,NA,NA,0,NA,NA,NA,NA,0,NA,NA,NA,NA,0,NA,NA,NA,NA,0,NA,NA,NA,NA,NA,NA,NA,NA,NA,0,NA,NA,NA,NA,0,NA,NA,NA,NA,NA,NA,NA,NA,NA,NA,NA,NA,NA,NA,0,NA,NA,NA,NA,0,NA,NA,NA,NA,NA,NA,NA,NA,NA,0,NA,NA,NA,NA,0,NA,NA,NA,NA
M17 [Vaccines],17.10',Vaccine - Typhoid,2. Stocks Received,0,NA,NA,NA,NA,0,NA,NA,NA,NA,NA,NA,NA,NA,NA,NA,NA,NA,NA,NA,NA,NA,NA,NA,NA,NA,NA,NA,NA,NA,NA,NA,NA,NA,NA,0,NA,NA,NA,NA,0,NA,NA,NA,NA,0,NA,NA,NA,NA,0,NA,NA,NA,NA,0,NA,NA,NA,NA,0,NA,NA,NA,NA,NA,NA,NA,NA,NA,0,NA,NA,NA,NA,0,NA,NA,NA,NA,NA,NA,NA,NA,NA,NA,NA,NA,NA,NA,0,NA,NA,NA,NA,0,NA,NA,NA,NA,0,NA,NA,NA,NA,0,NA,NA,NA,NA,0,NA,NA,NA,NA
M17 [Vaccines],17.10',Vaccine - Typhoid,3. Unusable Stock,0,NA,NA,NA,NA,0,NA,NA,NA,NA,NA,NA,NA,NA,NA,NA,NA,NA,NA,NA,NA,NA,NA,NA,NA,NA,NA,NA,NA,NA,NA,NA,NA,NA,NA,0,NA,NA,NA,NA,0,NA,NA,NA,NA,0,NA,NA,NA,NA,0,NA,NA,NA,NA,NA,NA,NA,NA,NA,0,NA,NA,NA,NA,NA,NA,NA,NA,NA,0,NA,NA,NA,NA,0,NA,NA,NA,NA,NA,NA,NA,NA,NA,NA,NA,NA,NA,NA,0,NA,NA,NA,NA,0,NA,NA,NA,NA,NA,NA,NA,NA,NA,0,NA,NA,NA,NA,NA,NA,NA,NA,NA
M17 [Vaccines],17.10',Vaccine - Typhoid,4. Stock Distributed,0,NA,NA,NA,NA,0,NA,NA,NA,NA,NA,NA,NA,NA,NA,NA,NA,NA,NA,NA,NA,NA,NA,NA,NA,NA,NA,NA,NA,NA,NA,NA,NA,NA,NA,0,NA,NA,NA,NA,0,NA,NA,NA,NA,0,NA,NA,NA,NA,0,NA,NA,NA,NA,0,NA,NA,NA,NA,0,NA,NA,NA,NA,NA,NA,NA,NA,NA,0,NA,NA,NA,NA,0,NA,NA,NA,NA,NA,NA,NA,NA,NA,NA,NA,NA,NA,NA,0,NA,NA,NA,NA,0,NA,NA,NA,NA,0,NA,NA,NA,NA,0,NA,NA,NA,NA,0,NA,NA,NA,NA
M17 [Vaccines],17.10',Vaccine - Typhoid,5. Total Stock,0,NA,NA,NA,NA,0,NA,NA,NA,NA,NA,NA,NA,NA,NA,NA,NA,NA,NA,NA,NA,NA,NA,NA,NA,NA,NA,NA,NA,NA,0,NA,NA,NA,NA,0,NA,NA,NA,NA,0,NA,NA,NA,NA,0,NA,NA,NA,NA,0,NA,NA,NA,NA,0,NA,NA,NA,NA,0,NA,NA,NA,NA,NA,NA,NA,NA,NA,0,NA,NA,NA,NA,0,NA,NA,NA,NA,NA,NA,NA,NA,NA,NA,NA,NA,NA,NA,0,NA,NA,NA,NA,0,NA,NA,NA,NA,0,NA,NA,NA,NA,0,NA,NA,NA,NA,0,NA,NA,NA,NA
M17 [Vaccines],'17.11',Vaccine - Vitamin K,1. Balance From Previous Month,0,NA,NA,NA,NA,0,NA,NA,NA,NA,NA,NA,NA,NA,NA,NA,NA,NA,NA,NA,NA,NA,NA,NA,NA,NA,NA,NA,NA,NA,0,NA,NA,NA,NA,0,NA,NA,NA,NA,0,NA,NA,NA,NA,0,NA,NA,NA,NA,0,NA,NA,NA,NA,0,NA,NA,NA,NA,0,NA,NA,NA,NA,NA,NA,NA,NA,NA,0,NA,NA,NA,NA,0,NA,NA,NA,NA,NA,NA,NA,NA,NA,NA,NA,NA,NA,NA,0,NA,NA,NA,NA,0,NA,NA,NA,NA,NA,NA,NA,NA,NA,0,NA,NA,NA,NA,0,NA,NA,NA,NA
M17 [Vaccines],17.11',Vaccine - Vitamin K,2. Stocks Received,0,NA,NA,NA,NA,0,NA,NA,NA,NA,NA,NA,NA,NA,NA,NA,NA,NA,NA,NA,NA,NA,NA,NA,NA,NA,NA,NA,NA,NA,NA,NA,NA,NA,NA,0,NA,NA,NA,NA,0,NA,NA,NA,NA,0,NA,NA,NA,NA,0,NA,NA,NA,NA,0,NA,NA,NA,NA,0,NA,NA,NA,NA,NA,NA,NA,NA,NA,0,NA,NA,NA,NA,0,NA,NA,NA,NA,NA,NA,NA,NA,NA,NA,NA,NA,NA,NA,0,NA,NA,NA,NA,0,NA,NA,NA,NA,0,NA,NA,NA,NA,0,NA,NA,NA,NA,0,NA,NA,NA,NA
M17 [Vaccines],17.11',Vaccine - Vitamin K,3. Unusable Stock,0,NA,NA,NA,NA,0,NA,NA,NA,NA,NA,NA,NA,NA,NA,NA,NA,NA,NA,NA,NA,NA,NA,NA,NA,NA,NA,NA,NA,NA,NA,NA,NA,NA,NA,0,NA,NA,NA,NA,0,NA,NA,NA,NA,0,NA,NA,NA,NA,0,NA,NA,NA,NA,NA,NA,NA,NA,NA,0,NA,NA,NA,NA,NA,NA,NA,NA,NA,0,NA,NA,NA,NA,0,NA,NA,NA,NA,NA,NA,NA,NA,NA,NA,NA,NA,NA,NA,0,NA,NA,NA,NA,0,NA,NA,NA,NA,NA,NA,NA,NA,NA,0,NA,NA,NA,NA,NA,NA,NA,NA,NA
M17 [Vaccines],17.11',Vaccine - Vitamin K,4. Stock Distributed,0,NA,NA,NA,NA,0,NA,NA,NA,NA,NA,NA,NA,NA,NA,NA,NA,NA,NA,NA,NA,NA,NA,NA,NA,NA,NA,NA,NA,NA,NA,NA,NA,NA,NA,0,NA,NA,NA,NA,0,NA,NA,NA,NA,0,NA,NA,NA,NA,0,NA,NA,NA,NA,0,NA,NA,NA,NA,0,NA,NA,NA,NA,NA,NA,NA,NA,NA,0,NA,NA,NA,NA,0,NA,NA,NA,NA,NA,NA,NA,NA,NA,NA,NA,NA,NA,NA,0,NA,NA,NA,NA,0,NA,NA,NA,NA,0,NA,NA,NA,NA,0,NA,NA,NA,NA,0,NA,NA,NA,NA
M17 [Vaccines],17.11',Vaccine - Vitamin K,5. Total Stock,0,NA,NA,NA,NA,0,NA,NA,NA,NA,NA,NA,NA,NA,NA,NA,NA,NA,NA,NA,NA,NA,NA,NA,NA,NA,NA,NA,NA,NA,0,NA,NA,NA,NA,0,NA,NA,NA,NA,0,NA,NA,NA,NA,0,NA,NA,NA,NA,0,NA,NA,NA,NA,0,NA,NA,NA,NA,0,NA,NA,NA,NA,NA,NA,NA,NA,NA,0,NA,NA,NA,NA,0,NA,NA,NA,NA,NA,NA,NA,NA,NA,NA,NA,NA,NA,NA,0,NA,NA,NA,NA,0,NA,NA,NA,NA,0,NA,NA,NA,NA,0,NA,NA,NA,NA,0,NA,NA,NA,NA
M17 [Vaccines],'17.12',Rotavirus,1. Balance From Previous Month,61580,NA,NA,NA,NA,4070,NA,NA,NA,NA,4800,NA,NA,NA,NA,NA,NA,NA,NA,NA,130,NA,NA,NA,NA,0,NA,NA,NA,NA,8400,NA,NA,NA,NA,4800,NA,NA,NA,NA,3000,NA,NA,NA,NA,4440,NA,NA,NA,NA,1150,NA,NA,NA,NA,0,NA,NA,NA,NA,3720,NA,NA,NA,NA,NA,NA,NA,NA,NA,0,NA,NA,NA,NA,3700,NA,NA,NA,NA,2550,NA,NA,NA,NA,2600,NA,NA,NA,NA,3000,NA,NA,NA,NA,2590,NA,NA,NA,NA,2800,NA,NA,NA,NA,7130,NA,NA,NA,NA,2700,NA,NA,NA,NA
M17 [Vaccines],17.12',Rotavirus,2. Stocks Received,572000,NA,NA,NA,NA,29100,NA,NA,NA,NA,41400,NA,NA,NA,NA,NA,NA,NA,NA,NA,54300,NA,NA,NA,NA,24600,NA,NA,NA,NA,53700,NA,NA,NA,NA,6800,NA,NA,NA,NA,24000,NA,NA,NA,NA,14400,NA,NA,NA,NA,27000,NA,NA,NA,NA,43300,NA,NA,NA,NA,32600,NA,NA,NA,NA,NA,NA,NA,NA,NA,30000,NA,NA,NA,NA,14400,NA,NA,NA,NA,8400,NA,NA,NA,NA,33600,NA,NA,NA,NA,10200,NA,NA,NA,NA,25500,NA,NA,NA,NA,27900,NA,NA,NA,NA,39600,NA,NA,NA,NA,31200,NA,NA,NA,NA
M17 [Vaccines],17.12',Rotavirus,3. Unusable Stock,34050,NA,NA,NA,NA,0,NA,NA,NA,NA,0,NA,NA,NA,NA,NA,NA,NA,NA,NA,NA,NA,NA,NA,NA,0,NA,NA,NA,NA,NA,NA,NA,NA,NA,NA,NA,NA,NA,NA,0,NA,NA,NA,NA,0,NA,NA,NA,NA,0,NA,NA,NA,NA,NA,NA,NA,NA,NA,0,NA,NA,NA,NA,NA,NA,NA,NA,NA,0,NA,NA,NA,NA,0,NA,NA,NA,NA,NA,NA,NA,NA,NA,0,NA,NA,NA,NA,0,NA,NA,NA,NA,3200,NA,NA,NA,NA,0,NA,NA,NA,NA,30850,NA,NA,NA,NA,NA,NA,NA,NA,NA
M17 [Vaccines],17.12',Rotavirus,4. Stock Distributed,253500,NA,NA,NA,NA,7160,NA,NA,NA,NA,18100,NA,NA,NA,NA,NA,NA,NA,NA,NA,24870,NA,NA,NA,NA,12800,NA,NA,NA,NA,19380,NA,NA,NA,NA,11130,NA,NA,NA,NA,10510,NA,NA,NA,NA,5490,NA,NA,NA,NA,10250,NA,NA,NA,NA,14770,NA,NA,NA,NA,8050,NA,NA,NA,NA,NA,NA,NA,NA,NA,17400,NA,NA,NA,NA,9600,NA,NA,NA,NA,6580,NA,NA,NA,NA,13030,NA,NA,NA,NA,3600,NA,NA,NA,NA,23800,NA,NA,NA,NA,8800,NA,NA,NA,NA,15880,NA,NA,NA,NA,12300,NA,NA,NA,NA
M17 [Vaccines],17.12',Rotavirus,5. Total Stock,346030,NA,NA,NA,NA,26010,NA,NA,NA,NA,28100,NA,NA,NA,NA,NA,NA,NA,NA,NA,29560,NA,NA,NA,NA,11800,NA,NA,NA,NA,42720,NA,NA,NA,NA,470,NA,NA,NA,NA,16490,NA,NA,NA,NA,13350,NA,NA,NA,NA,17900,NA,NA,NA,NA,28530,NA,NA,NA,NA,28270,NA,NA,NA,NA,NA,NA,NA,NA,NA,12600,NA,NA,NA,NA,8500,NA,NA,NA,NA,4370,NA,NA,NA,NA,23170,NA,NA,NA,NA,9600,NA,NA,NA,NA,1090,NA,NA,NA,NA,21900,NA,NA,NA,NA,0,NA,NA,NA,NA,21600,NA,NA,NA,NA
M17 [Vaccines],'17.13',Inactivated Polio Vaccine,1. Balance From Previous Month,17802,NA,NA,NA,NA,193,NA,NA,NA,NA,161,NA,NA,NA,NA,NA,NA,NA,NA,NA,158,NA,NA,NA,NA,45,NA,NA,NA,NA,188,NA,NA,NA,NA,30,NA,NA,NA,NA,2825,NA,NA,NA,NA,4475,NA,NA,NA,NA,156,NA,NA,NA,NA,0,NA,NA,NA,NA,31,NA,NA,NA,NA,NA,NA,NA,NA,NA,0,NA,NA,NA,NA,3775,NA,NA,NA,NA,170,NA,NA,NA,NA,4975,NA,NA,NA,NA,140,NA,NA,NA,NA,0,NA,NA,NA,NA,246,NA,NA,NA,NA,210,NA,NA,NA,NA,24,NA,NA,NA,NA
M17 [Vaccines],17.13',Inactivated Polio Vaccine,2. Stocks Received,33819,NA,NA,NA,NA,300,NA,NA,NA,NA,450,NA,NA,NA,NA,NA,NA,NA,NA,NA,419,NA,NA,NA,NA,275,NA,NA,NA,NA,555,NA,NA,NA,NA,285,NA,NA,NA,NA,6500,NA,NA,NA,NA,7500,NA,NA,NA,NA,250,NA,NA,NA,NA,650,NA,NA,NA,NA,410,NA,NA,NA,NA,NA,NA,NA,NA,NA,0,NA,NA,NA,NA,6375,NA,NA,NA,NA,0,NA,NA,NA,NA,8750,NA,NA,NA,NA,0,NA,NA,NA,NA,0,NA,NA,NA,NA,350,NA,NA,NA,NA,400,NA,NA,NA,NA,350,NA,NA,NA,NA
M17 [Vaccines],17.13',Inactivated Polio Vaccine,3. Unusable Stock,338,NA,NA,NA,NA,0,NA,NA,NA,NA,0,NA,NA,NA,NA,NA,NA,NA,NA,NA,NA,NA,NA,NA,NA,0,NA,NA,NA,NA,NA,NA,NA,NA,NA,NA,NA,NA,NA,NA,0,NA,NA,NA,NA,0,NA,NA,NA,NA,0,NA,NA,NA,NA,NA,NA,NA,NA,NA,0,NA,NA,NA,NA,NA,NA,NA,NA,NA,0,NA,NA,NA,NA,0,NA,NA,NA,NA,NA,NA,NA,NA,NA,0,NA,NA,NA,NA,0,NA,NA,NA,NA,0,NA,NA,NA,NA,0,NA,NA,NA,NA,338,NA,NA,NA,NA,NA,NA,NA,NA,NA
M17 [Vaccines],17.13',Inactivated Polio Vaccine,4. Stock Distributed,25735,NA,NA,NA,NA,175,NA,NA,NA,NA,230,NA,NA,NA,NA,NA,NA,NA,NA,NA,34,NA,NA,NA,NA,186,NA,NA,NA,NA,313,NA,NA,NA,NA,305,NA,NA,NA,NA,3700,NA,NA,NA,NA,5175,NA,NA,NA,NA,231,NA,NA,NA,NA,310,NA,NA,NA,NA,163,NA,NA,NA,NA,NA,NA,NA,NA,NA,0,NA,NA,NA,NA,9000,NA,NA,NA,NA,157,NA,NA,NA,NA,5025,NA,NA,NA,NA,134,NA,NA,NA,NA,0,NA,NA,NA,NA,287,NA,NA,NA,NA,272,NA,NA,NA,NA,38,NA,NA,NA,NA
M17 [Vaccines],17.13',Inactivated Polio Vaccine,5. Total Stock,25848,NA,NA,NA,NA,318,NA,NA,NA,NA,381,NA,NA,NA,NA,NA,NA,NA,NA,NA,543,NA,NA,NA,NA,134,NA,NA,NA,NA,430,NA,NA,NA,NA,10,NA,NA,NA,NA,5625,NA,NA,NA,NA,7100,NA,NA,NA,NA,175,NA,NA,NA,NA,340,NA,NA,NA,NA,278,NA,NA,NA,NA,NA,NA,NA,NA,NA,0,NA,NA,NA,NA,1150,NA,NA,NA,NA,13,NA,NA,NA,NA,8700,NA,NA,NA,NA,6,NA,NA,NA,NA,0,NA,NA,NA,NA,309,NA,NA,NA,NA,0,NA,NA,NA,NA,336,NA,NA,NA,NA
M17 [Vaccines],'17.14',Measles Rubella (MR),1. Balance From Previous Month,93790,NA,NA,NA,NA,6000,NA,NA,NA,NA,7150,NA,NA,NA,NA,NA,NA,NA,NA,NA,1170,NA,NA,NA,NA,750,NA,NA,NA,NA,7200,NA,NA,NA,NA,4900,NA,NA,NA,NA,2600,NA,NA,NA,NA,6490,NA,NA,NA,NA,4550,NA,NA,NA,NA,100,NA,NA,NA,NA,1200,NA,NA,NA,NA,NA,NA,NA,NA,NA,3500,NA,NA,NA,NA,13700,NA,NA,NA,NA,3830,NA,NA,NA,NA,6200,NA,NA,NA,NA,5350,NA,NA,NA,NA,1100,NA,NA,NA,NA,5300,NA,NA,NA,NA,7700,NA,NA,NA,NA,5000,NA,NA,NA,NA
M17 [Vaccines],17.14',Measles Rubella (MR),2. Stocks Received,427000,NA,NA,NA,NA,22000,NA,NA,NA,NA,10000,NA,NA,NA,NA,NA,NA,NA,NA,NA,42000,NA,NA,NA,NA,17000,NA,NA,NA,NA,40100,NA,NA,NA,NA,5500,NA,NA,NA,NA,17500,NA,NA,NA,NA,9500,NA,NA,NA,NA,16000,NA,NA,NA,NA,36500,NA,NA,NA,NA,23500,NA,NA,NA,NA,NA,NA,NA,NA,NA,28500,NA,NA,NA,NA,15000,NA,NA,NA,NA,9000,NA,NA,NA,NA,26000,NA,NA,NA,NA,6500,NA,NA,NA,NA,26400,NA,NA,NA,NA,20000,NA,NA,NA,NA,31000,NA,NA,NA,NA,25000,NA,NA,NA,NA
M17 [Vaccines],17.14',Measles Rubella (MR),3. Unusable Stock,28300,NA,NA,NA,NA,0,NA,NA,NA,NA,0,NA,NA,NA,NA,NA,NA,NA,NA,NA,NA,NA,NA,NA,NA,0,NA,NA,NA,NA,NA,NA,NA,NA,NA,NA,NA,NA,NA,NA,0,NA,NA,NA,NA,0,NA,NA,NA,NA,0,NA,NA,NA,NA,NA,NA,NA,NA,NA,0,NA,NA,NA,NA,NA,NA,NA,NA,NA,0,NA,NA,NA,NA,0,NA,NA,NA,NA,NA,NA,NA,NA,NA,NA,NA,NA,NA,NA,0,NA,NA,NA,NA,2200,NA,NA,NA,NA,0,NA,NA,NA,NA,26100,NA,NA,NA,NA,NA,NA,NA,NA,NA
M17 [Vaccines],17.14',Measles Rubella (MR),4. Stock Distributed,216140,NA,NA,NA,NA,8000,NA,NA,NA,NA,9200,NA,NA,NA,NA,NA,NA,NA,NA,NA,16340,NA,NA,NA,NA,8100,NA,NA,NA,NA,15760,NA,NA,NA,NA,9200,NA,NA,NA,NA,9300,NA,NA,NA,NA,7950,NA,NA,NA,NA,9100,NA,NA,NA,NA,14450,NA,NA,NA,NA,6700,NA,NA,NA,NA,NA,NA,NA,NA,NA,10500,NA,NA,NA,NA,10200,NA,NA,NA,NA,6440,NA,NA,NA,NA,11750,NA,NA,NA,NA,5650,NA,NA,NA,NA,24500,NA,NA,NA,NA,11250,NA,NA,NA,NA,12600,NA,NA,NA,NA,9150,NA,NA,NA,NA
M17 [Vaccines],17.14',Measles Rubella (MR),5. Total Stock,276350,NA,NA,NA,NA,20000,NA,NA,NA,NA,7950,NA,NA,NA,NA,NA,NA,NA,NA,NA,26830,NA,NA,NA,NA,9650,NA,NA,NA,NA,31540,NA,NA,NA,NA,1200,NA,NA,NA,NA,10800,NA,NA,NA,NA,8040,NA,NA,NA,NA,11450,NA,NA,NA,NA,22150,NA,NA,NA,NA,18000,NA,NA,NA,NA,NA,NA,NA,NA,NA,21500,NA,NA,NA,NA,18500,NA,NA,NA,NA,6390,NA,NA,NA,NA,20450,NA,NA,NA,NA,6200,NA,NA,NA,NA,800,NA,NA,NA,NA,14050,NA,NA,NA,NA,0,NA,NA,NA,NA,20850,NA,NA,NA,NA
M18 [Family Planning],'18.1',IUD 380 A,1. Balance From Previous Month,60220,NA,NA,NA,NA,140,NA,NA,NA,NA,8150,NA,NA,NA,NA,2250,NA,NA,NA,NA,NA,NA,NA,NA,NA,5850,NA,NA,NA,NA,1950,NA,NA,NA,NA,2125,NA,NA,NA,NA,800,NA,NA,NA,NA,3500,NA,NA,NA,NA,3950,NA,NA,NA,NA,4850,NA,NA,NA,NA,0,NA,NA,NA,NA,NA,NA,NA,NA,NA,4200,NA,NA,NA,NA,5000,NA,NA,NA,NA,1040,NA,NA,NA,NA,NA,NA,NA,NA,NA,2000,NA,NA,NA,NA,4915,NA,NA,NA,NA,6800,NA,NA,NA,NA,0,NA,NA,NA,NA,2700,NA,NA,NA,NA
M18 [Family Planning],18.1',IUD 380 A,2. Stocks Received,20676,NA,NA,NA,NA,0,NA,NA,NA,NA,0,NA,NA,NA,NA,0,NA,NA,NA,NA,NA,NA,NA,NA,NA,0,NA,NA,NA,NA,NA,NA,NA,NA,NA,6500,NA,NA,NA,NA,6000,NA,NA,NA,NA,0,NA,NA,NA,NA,0,NA,NA,NA,NA,0,NA,NA,NA,NA,4000,NA,NA,NA,NA,NA,NA,NA,NA,NA,0,NA,NA,NA,NA,0,NA,NA,NA,NA,NA,NA,NA,NA,NA,NA,NA,NA,NA,NA,0,NA,NA,NA,NA,4176,NA,NA,NA,NA,0,NA,NA,NA,NA,0,NA,NA,NA,NA,0,NA,NA,NA,NA
M18 [Family Planning],18.1',IUD 380 A,3. Unusable Stock,0,NA,NA,NA,NA,0,NA,NA,NA,NA,0,NA,NA,NA,NA,0,NA,NA,NA,NA,NA,NA,NA,NA,NA,0,NA,NA,NA,NA,NA,NA,NA,NA,NA,0,NA,NA,NA,NA,0,NA,NA,NA,NA,0,NA,NA,NA,NA,0,NA,NA,NA,NA,0,NA,NA,NA,NA,0,NA,NA,NA,NA,NA,NA,NA,NA,NA,0,NA,NA,NA,NA,0,NA,NA,NA,NA,NA,NA,NA,NA,NA,NA,NA,NA,NA,NA,0,NA,NA,NA,NA,0,NA,NA,NA,NA,0,NA,NA,NA,NA,0,NA,NA,NA,NA,NA,NA,NA,NA,NA
M18 [Family Planning],18.1',IUD 380 A,4. Stock Distributed,15440,NA,NA,NA,NA,140,NA,NA,NA,NA,1250,NA,NA,NA,NA,1850,NA,NA,NA,NA,NA,NA,NA,NA,NA,0,NA,NA,NA,NA,550,NA,NA,NA,NA,1700,NA,NA,NA,NA,450,NA,NA,NA,NA,1500,NA,NA,NA,NA,200,NA,NA,NA,NA,1700,NA,NA,NA,NA,0,NA,NA,NA,NA,NA,NA,NA,NA,NA,200,NA,NA,NA,NA,300,NA,NA,NA,NA,160,NA,NA,NA,NA,NA,NA,NA,NA,NA,100,NA,NA,NA,NA,1440,NA,NA,NA,NA,1200,NA,NA,NA,NA,0,NA,NA,NA,NA,2700,NA,NA,NA,NA
M18 [Family Planning],18.1',IUD 380 A,5. Total Stock,65456,NA,NA,NA,NA,0,NA,NA,NA,NA,6900,NA,NA,NA,NA,400,NA,NA,NA,NA,0,NA,NA,NA,NA,5850,NA,NA,NA,NA,1400,NA,NA,NA,NA,6925,NA,NA,NA,NA,6350,NA,NA,NA,NA,2000,NA,NA,NA,NA,3750,NA,NA,NA,NA,3150,NA,NA,NA,NA,4000,NA,NA,NA,NA,NA,NA,NA,NA,NA,4000,NA,NA,NA,NA,4700,NA,NA,NA,NA,880,NA,NA,NA,NA,0,NA,NA,NA,NA,1900,NA,NA,NA,NA,7651,NA,NA,NA,NA,5600,NA,NA,NA,NA,0,NA,NA,NA,NA,0,NA,NA,NA,NA
M18 [Family Planning],'18.2',IUD 375 A,1. Balance From Previous Month,3567,NA,NA,NA,NA,0,NA,NA,NA,NA,0,NA,NA,NA,NA,0,NA,NA,NA,NA,NA,NA,NA,NA,NA,0,NA,NA,NA,NA,150,NA,NA,NA,NA,1325,NA,NA,NA,NA,0,NA,NA,NA,NA,0,NA,NA,NA,NA,0,NA,NA,NA,NA,0,NA,NA,NA,NA,50,NA,NA,NA,NA,NA,NA,NA,NA,NA,50,NA,NA,NA,NA,NA,NA,NA,NA,NA,0,NA,NA,NA,NA,NA,NA,NA,NA,NA,1250,NA,NA,NA,NA,0,NA,NA,NA,NA,0,NA,NA,NA,NA,0,NA,NA,NA,NA,742,NA,NA,NA,NA
M18 [Family Planning],18.2',IUD 375 A,2. Stocks Received,7800,NA,NA,NA,NA,0,NA,NA,NA,NA,0,NA,NA,NA,NA,0,NA,NA,NA,NA,NA,NA,NA,NA,NA,0,NA,NA,NA,NA,NA,NA,NA,NA,NA,0,NA,NA,NA,NA,0,NA,NA,NA,NA,0,NA,NA,NA,NA,0,NA,NA,NA,NA,0,NA,NA,NA,NA,0,NA,NA,NA,NA,NA,NA,NA,NA,NA,0,NA,NA,NA,NA,NA,NA,NA,NA,NA,NA,NA,NA,NA,NA,NA,NA,NA,NA,NA,0,NA,NA,NA,NA,7800,NA,NA,NA,NA,0,NA,NA,NA,NA,0,NA,NA,NA,NA,0,NA,NA,NA,NA
M18 [Family Planning],18.2',IUD 375 A,3. Unusable Stock,0,NA,NA,NA,NA,0,NA,NA,NA,NA,0,NA,NA,NA,NA,0,NA,NA,NA,NA,NA,NA,NA,NA,NA,0,NA,NA,NA,NA,NA,NA,NA,NA,NA,0,NA,NA,NA,NA,0,NA,NA,NA,NA,0,NA,NA,NA,NA,0,NA,NA,NA,NA,0,NA,NA,NA,NA,0,NA,NA,NA,NA,NA,NA,NA,NA,NA,0,NA,NA,NA,NA,NA,NA,NA,NA,NA,NA,NA,NA,NA,NA,NA,NA,NA,NA,NA,0,NA,NA,NA,NA,0,NA,NA,NA,NA,0,NA,NA,NA,NA,0,NA,NA,NA,NA,NA,NA,NA,NA,NA
M18 [Family Planning],18.2',IUD 375 A,4. Stock Distributed,3965,NA,NA,NA,NA,0,NA,NA,NA,NA,0,NA,NA,NA,NA,0,NA,NA,NA,NA,NA,NA,NA,NA,NA,0,NA,NA,NA,NA,NA,NA,NA,NA,NA,1325,NA,NA,NA,NA,0,NA,NA,NA,NA,0,NA,NA,NA,NA,0,NA,NA,NA,NA,0,NA,NA,NA,NA,50,NA,NA,NA,NA,NA,NA,NA,NA,NA,50,NA,NA,NA,NA,NA,NA,NA,NA,NA,0,NA,NA,NA,NA,NA,NA,NA,NA,NA,100,NA,NA,NA,NA,1840,NA,NA,NA,NA,0,NA,NA,NA,NA,0,NA,NA,NA,NA,600,NA,NA,NA,NA
M18 [Family Planning],18.2',IUD 375 A,5. Total Stock,7402,NA,NA,NA,NA,0,NA,NA,NA,NA,0,NA,NA,NA,NA,0,NA,NA,NA,NA,0,NA,NA,NA,NA,0,NA,NA,NA,NA,150,NA,NA,NA,NA,0,NA,NA,NA,NA,0,NA,NA,NA,NA,0,NA,NA,NA,NA,0,NA,NA,NA,NA,0,NA,NA,NA,NA,0,NA,NA,NA,NA,NA,NA,NA,NA,NA,0,NA,NA,NA,NA,0,NA,NA,NA,NA,0,NA,NA,NA,NA,0,NA,NA,NA,NA,1150,NA,NA,NA,NA,5960,NA,NA,NA,NA,0,NA,NA,NA,NA,0,NA,NA,NA,NA,142,NA,NA,NA,NA
M18 [Family Planning],'18.3',Condoms,1. Balance From Previous Month,2543640,NA,NA,NA,NA,33750,NA,NA,NA,NA,376470,NA,NA,NA,NA,208160,NA,NA,NA,NA,NA,NA,NA,NA,NA,60520,NA,NA,NA,NA,185750,NA,NA,NA,NA,147750,NA,NA,NA,NA,31180,NA,NA,NA,NA,124200,NA,NA,NA,NA,132300,NA,NA,NA,NA,45250,NA,NA,NA,NA,0,NA,NA,NA,NA,NA,NA,NA,NA,NA,201960,NA,NA,NA,NA,148250,NA,NA,NA,NA,61800,NA,NA,NA,NA,NA,NA,NA,NA,NA,17650,NA,NA,NA,NA,172840,NA,NA,NA,NA,391690,NA,NA,NA,NA,0,NA,NA,NA,NA,204120,NA,NA,NA,NA
M18 [Family Planning],18.3',Condoms,2. Stocks Received,810880,NA,NA,NA,NA,0,NA,NA,NA,NA,0,NA,NA,NA,NA,0,NA,NA,NA,NA,NA,NA,NA,NA,NA,0,NA,NA,NA,NA,NA,NA,NA,NA,NA,0,NA,NA,NA,NA,162000,NA,NA,NA,NA,0,NA,NA,NA,NA,0,NA,NA,NA,NA,0,NA,NA,NA,NA,0,NA,NA,NA,NA,NA,NA,NA,NA,NA,0,NA,NA,NA,NA,0,NA,NA,NA,NA,NA,NA,NA,NA,NA,NA,NA,NA,NA,NA,0,NA,NA,NA,NA,648880,NA,NA,NA,NA,0,NA,NA,NA,NA,0,NA,NA,NA,NA,0,NA,NA,NA,NA
M18 [Family Planning],18.3',Condoms,3. Unusable Stock,0,NA,NA,NA,NA,0,NA,NA,NA,NA,0,NA,NA,NA,NA,0,NA,NA,NA,NA,NA,NA,NA,NA,NA,0,NA,NA,NA,NA,NA,NA,NA,NA,NA,0,NA,NA,NA,NA,0,NA,NA,NA,NA,0,NA,NA,NA,NA,0,NA,NA,NA,NA,0,NA,NA,NA,NA,0,NA,NA,NA,NA,NA,NA,NA,NA,NA,0,NA,NA,NA,NA,0,NA,NA,NA,NA,NA,NA,NA,NA,NA,NA,NA,NA,NA,NA,0,NA,NA,NA,NA,0,NA,NA,NA,NA,0,NA,NA,NA,NA,0,NA,NA,NA,NA,NA,NA,NA,NA,NA
M18 [Family Planning],18.3',Condoms,4. Stock Distributed,1165080,NA,NA,NA,NA,32400,NA,NA,NA,NA,93150,NA,NA,NA,NA,122500,NA,NA,NA,NA,NA,NA,NA,NA,NA,0,NA,NA,NA,NA,39560,NA,NA,NA,NA,97450,NA,NA,NA,NA,63580,NA,NA,NA,NA,116100,NA,NA,NA,NA,5400,NA,NA,NA,NA,44550,NA,NA,NA,NA,0,NA,NA,NA,NA,NA,NA,NA,NA,NA,71160,NA,NA,NA,NA,20000,NA,NA,NA,NA,0,NA,NA,NA,NA,NA,NA,NA,NA,NA,17650,NA,NA,NA,NA,205000,NA,NA,NA,NA,47520,NA,NA,NA,NA,0,NA,NA,NA,NA,189060,NA,NA,NA,NA
M18 [Family Planning],18.3',Condoms,5. Total Stock,2189440,NA,NA,NA,NA,1350,NA,NA,NA,NA,283320,NA,NA,NA,NA,85660,NA,NA,NA,NA,0,NA,NA,NA,NA,60520,NA,NA,NA,NA,146190,NA,NA,NA,NA,50300,NA,NA,NA,NA,129600,NA,NA,NA,NA,8100,NA,NA,NA,NA,126900,NA,NA,NA,NA,700,NA,NA,NA,NA,0,NA,NA,NA,NA,NA,NA,NA,NA,NA,130800,NA,NA,NA,NA,128250,NA,NA,NA,NA,61800,NA,NA,NA,NA,0,NA,NA,NA,NA,0,NA,NA,NA,NA,616720,NA,NA,NA,NA,344170,NA,NA,NA,NA,0,NA,NA,NA,NA,15060,NA,NA,NA,NA
M18 [Family Planning],'18.4',Oral Contraceptive,1. Balance From Previous Month,127480,NA,NA,NA,NA,0,NA,NA,NA,NA,14000,NA,NA,NA,NA,12300,NA,NA,NA,NA,NA,NA,NA,NA,NA,2200,NA,NA,NA,NA,8200,NA,NA,NA,NA,5700,NA,NA,NA,NA,8100,NA,NA,NA,NA,1800,NA,NA,NA,NA,16700,NA,NA,NA,NA,3500,NA,NA,NA,NA,0,NA,NA,NA,NA,NA,NA,NA,NA,NA,8400,NA,NA,NA,NA,8000,NA,NA,NA,NA,6280,NA,NA,NA,NA,NA,NA,NA,NA,NA,5400,NA,NA,NA,NA,0,NA,NA,NA,NA,18000,NA,NA,NA,NA,0,NA,NA,NA,NA,8900,NA,NA,NA,NA
M18 [Family Planning],18.4',Oral Contraceptive,2. Stocks Received,4800,NA,NA,NA,NA,0,NA,NA,NA,NA,0,NA,NA,NA,NA,0,NA,NA,NA,NA,NA,NA,NA,NA,NA,0,NA,NA,NA,NA,NA,NA,NA,NA,NA,4800,NA,NA,NA,NA,0,NA,NA,NA,NA,0,NA,NA,NA,NA,0,NA,NA,NA,NA,0,NA,NA,NA,NA,0,NA,NA,NA,NA,NA,NA,NA,NA,NA,0,NA,NA,NA,NA,0,NA,NA,NA,NA,NA,NA,NA,NA,NA,NA,NA,NA,NA,NA,0,NA,NA,NA,NA,0,NA,NA,NA,NA,0,NA,NA,NA,NA,0,NA,NA,NA,NA,0,NA,NA,NA,NA
M18 [Family Planning],18.4',Oral Contraceptive,3. Unusable Stock,0,NA,NA,NA,NA,0,NA,NA,NA,NA,0,NA,NA,NA,NA,0,NA,NA,NA,NA,NA,NA,NA,NA,NA,0,NA,NA,NA,NA,NA,NA,NA,NA,NA,0,NA,NA,NA,NA,0,NA,NA,NA,NA,0,NA,NA,NA,NA,0,NA,NA,NA,NA,0,NA,NA,NA,NA,0,NA,NA,NA,NA,NA,NA,NA,NA,NA,0,NA,NA,NA,NA,0,NA,NA,NA,NA,NA,NA,NA,NA,NA,NA,NA,NA,NA,NA,0,NA,NA,NA,NA,0,NA,NA,NA,NA,0,NA,NA,NA,NA,0,NA,NA,NA,NA,NA,NA,NA,NA,NA
M18 [Family Planning],18.4',Oral Contraceptive,4. Stock Distributed,46850,NA,NA,NA,NA,0,NA,NA,NA,NA,1900,NA,NA,NA,NA,2700,NA,NA,NA,NA,NA,NA,NA,NA,NA,0,NA,NA,NA,NA,2750,NA,NA,NA,NA,7800,NA,NA,NA,NA,4200,NA,NA,NA,NA,1800,NA,NA,NA,NA,1000,NA,NA,NA,NA,3500,NA,NA,NA,NA,0,NA,NA,NA,NA,NA,NA,NA,NA,NA,4400,NA,NA,NA,NA,1800,NA,NA,NA,NA,0,NA,NA,NA,NA,NA,NA,NA,NA,NA,600,NA,NA,NA,NA,0,NA,NA,NA,NA,6000,NA,NA,NA,NA,0,NA,NA,NA,NA,8400,NA,NA,NA,NA
M18 [Family Planning],18.4',Oral Contraceptive,5. Total Stock,85430,NA,NA,NA,NA,0,NA,NA,NA,NA,12100,NA,NA,NA,NA,9600,NA,NA,NA,NA,0,NA,NA,NA,NA,2200,NA,NA,NA,NA,5450,NA,NA,NA,NA,2700,NA,NA,NA,NA,3900,NA,NA,NA,NA,0,NA,NA,NA,NA,15700,NA,NA,NA,NA,0,NA,NA,NA,NA,0,NA,NA,NA,NA,NA,NA,NA,NA,NA,4000,NA,NA,NA,NA,6200,NA,NA,NA,NA,6280,NA,NA,NA,NA,0,NA,NA,NA,NA,4800,NA,NA,NA,NA,0,NA,NA,NA,NA,12000,NA,NA,NA,NA,0,NA,NA,NA,NA,500,NA,NA,NA,NA
M18 [Family Planning],'18.5',Emergency Contraceptive Pills,1. Balance From Previous Month,38350,NA,NA,NA,NA,1090,NA,NA,NA,NA,2380,NA,NA,NA,NA,1300,NA,NA,NA,NA,NA,NA,NA,NA,NA,3700,NA,NA,NA,NA,1000,NA,NA,NA,NA,130,NA,NA,NA,NA,1400,NA,NA,NA,NA,2750,NA,NA,NA,NA,3230,NA,NA,NA,NA,1500,NA,NA,NA,NA,0,NA,NA,NA,NA,NA,NA,NA,NA,NA,3800,NA,NA,NA,NA,3800,NA,NA,NA,NA,450,NA,NA,NA,NA,NA,NA,NA,NA,NA,2100,NA,NA,NA,NA,2010,NA,NA,NA,NA,4450,NA,NA,NA,NA,0,NA,NA,NA,NA,3260,NA,NA,NA,NA
M18 [Family Planning],18.5',Emergency Contraceptive Pills,2. Stocks Received,6350,NA,NA,NA,NA,0,NA,NA,NA,NA,0,NA,NA,NA,NA,0,NA,NA,NA,NA,NA,NA,NA,NA,NA,0,NA,NA,NA,NA,NA,NA,NA,NA,NA,1800,NA,NA,NA,NA,900,NA,NA,NA,NA,0,NA,NA,NA,NA,0,NA,NA,NA,NA,0,NA,NA,NA,NA,900,NA,NA,NA,NA,NA,NA,NA,NA,NA,0,NA,NA,NA,NA,0,NA,NA,NA,NA,NA,NA,NA,NA,NA,NA,NA,NA,NA,NA,0,NA,NA,NA,NA,2750,NA,NA,NA,NA,0,NA,NA,NA,NA,0,NA,NA,NA,NA,0,NA,NA,NA,NA
M18 [Family Planning],18.5',Emergency Contraceptive Pills,3. Unusable Stock,0,NA,NA,NA,NA,0,NA,NA,NA,NA,0,NA,NA,NA,NA,0,NA,NA,NA,NA,NA,NA,NA,NA,NA,0,NA,NA,NA,NA,NA,NA,NA,NA,NA,0,NA,NA,NA,NA,0,NA,NA,NA,NA,0,NA,NA,NA,NA,0,NA,NA,NA,NA,0,NA,NA,NA,NA,0,NA,NA,NA,NA,NA,NA,NA,NA,NA,0,NA,NA,NA,NA,0,NA,NA,NA,NA,NA,NA,NA,NA,NA,NA,NA,NA,NA,NA,0,NA,NA,NA,NA,0,NA,NA,NA,NA,0,NA,NA,NA,NA,0,NA,NA,NA,NA,NA,NA,NA,NA,NA
M18 [Family Planning],18.5',Emergency Contraceptive Pills,4. Stock Distributed,9070,NA,NA,NA,NA,200,NA,NA,NA,NA,100,NA,NA,NA,NA,950,NA,NA,NA,NA,NA,NA,NA,NA,NA,0,NA,NA,NA,NA,700,NA,NA,NA,NA,0,NA,NA,NA,NA,200,NA,NA,NA,NA,850,NA,NA,NA,NA,50,NA,NA,NA,NA,800,NA,NA,NA,NA,0,NA,NA,NA,NA,NA,NA,NA,NA,NA,200,NA,NA,NA,NA,1200,NA,NA,NA,NA,0,NA,NA,NA,NA,NA,NA,NA,NA,NA,0,NA,NA,NA,NA,1020,NA,NA,NA,NA,200,NA,NA,NA,NA,0,NA,NA,NA,NA,2600,NA,NA,NA,NA
M18 [Family Planning],18.5',Emergency Contraceptive Pills,5. Total Stock,35630,NA,NA,NA,NA,890,NA,NA,NA,NA,2280,NA,NA,NA,NA,350,NA,NA,NA,NA,0,NA,NA,NA,NA,3700,NA,NA,NA,NA,300,NA,NA,NA,NA,1930,NA,NA,NA,NA,2100,NA,NA,NA,NA,1900,NA,NA,NA,NA,3180,NA,NA,NA,NA,700,NA,NA,NA,NA,900,NA,NA,NA,NA,NA,NA,NA,NA,NA,3600,NA,NA,NA,NA,2600,NA,NA,NA,NA,450,NA,NA,NA,NA,0,NA,NA,NA,NA,2100,NA,NA,NA,NA,3740,NA,NA,NA,NA,4250,NA,NA,NA,NA,0,NA,NA,NA,NA,660,NA,NA,NA,NA
M18 [Family Planning],'18.6',Centchroman weekly pills,1. Balance From Previous Month,14948,NA,NA,NA,NA,60,NA,NA,NA,NA,0,NA,NA,NA,NA,162,NA,NA,NA,NA,NA,NA,NA,NA,NA,200,NA,NA,NA,NA,275,NA,NA,NA,NA,0,NA,NA,NA,NA,4800,NA,NA,NA,NA,300,NA,NA,NA,NA,3808,NA,NA,NA,NA,650,NA,NA,NA,NA,0,NA,NA,NA,NA,NA,NA,NA,NA,NA,0,NA,NA,NA,NA,2000,NA,NA,NA,NA,968,NA,NA,NA,NA,NA,NA,NA,NA,NA,0,NA,NA,NA,NA,700,NA,NA,NA,NA,625,NA,NA,NA,NA,0,NA,NA,NA,NA,400,NA,NA,NA,NA
M18 [Family Planning],18.6',Centchroman weekly pills,2. Stocks Received,3600,NA,NA,NA,NA,0,NA,NA,NA,NA,0,NA,NA,NA,NA,0,NA,NA,NA,NA,NA,NA,NA,NA,NA,0,NA,NA,NA,NA,NA,NA,NA,NA,NA,0,NA,NA,NA,NA,0,NA,NA,NA,NA,0,NA,NA,NA,NA,0,NA,NA,NA,NA,0,NA,NA,NA,NA,0,NA,NA,NA,NA,NA,NA,NA,NA,NA,0,NA,NA,NA,NA,0,NA,NA,NA,NA,NA,NA,NA,NA,NA,NA,NA,NA,NA,NA,0,NA,NA,NA,NA,3600,NA,NA,NA,NA,0,NA,NA,NA,NA,0,NA,NA,NA,NA,0,NA,NA,NA,NA
M18 [Family Planning],18.6',Centchroman weekly pills,3. Unusable Stock,0,NA,NA,NA,NA,0,NA,NA,NA,NA,0,NA,NA,NA,NA,0,NA,NA,NA,NA,NA,NA,NA,NA,NA,0,NA,NA,NA,NA,NA,NA,NA,NA,NA,0,NA,NA,NA,NA,0,NA,NA,NA,NA,0,NA,NA,NA,NA,0,NA,NA,NA,NA,0,NA,NA,NA,NA,0,NA,NA,NA,NA,NA,NA,NA,NA,NA,0,NA,NA,NA,NA,0,NA,NA,NA,NA,NA,NA,NA,NA,NA,NA,NA,NA,NA,NA,0,NA,NA,NA,NA,0,NA,NA,NA,NA,0,NA,NA,NA,NA,0,NA,NA,NA,NA,NA,NA,NA,NA,NA
M18 [Family Planning],18.6',Centchroman weekly pills,4. Stock Distributed,2382,NA,NA,NA,NA,50,NA,NA,NA,NA,0,NA,NA,NA,NA,152,NA,NA,NA,NA,NA,NA,NA,NA,NA,0,NA,NA,NA,NA,NA,NA,NA,NA,NA,0,NA,NA,NA,NA,0,NA,NA,NA,NA,250,NA,NA,NA,NA,200,NA,NA,NA,NA,250,NA,NA,NA,NA,0,NA,NA,NA,NA,NA,NA,NA,NA,NA,0,NA,NA,NA,NA,100,NA,NA,NA,NA,NA,NA,NA,NA,NA,NA,NA,NA,NA,NA,0,NA,NA,NA,NA,980,NA,NA,NA,NA,0,NA,NA,NA,NA,0,NA,NA,NA,NA,400,NA,NA,NA,NA
M18 [Family Planning],18.6',Centchroman weekly pills,5. Total Stock,16216,NA,NA,NA,NA,10,NA,NA,NA,NA,0,NA,NA,NA,NA,10,NA,NA,NA,NA,NA,NA,NA,NA,NA,200,NA,NA,NA,NA,275,NA,NA,NA,NA,0,NA,NA,NA,NA,4800,NA,NA,NA,NA,300,NA,NA,NA,NA,3408,NA,NA,NA,NA,400,NA,NA,NA,NA,0,NA,NA,NA,NA,NA,NA,NA,NA,NA,0,NA,NA,NA,NA,1900,NA,NA,NA,NA,968,NA,NA,NA,NA,NA,NA,NA,NA,NA,0,NA,NA,NA,NA,3320,NA,NA,NA,NA,625,NA,NA,NA,NA,0,NA,NA,NA,NA,0,NA,NA,NA,NA
M18 [Family Planning],'18.7',Injectable Contraceptive MPA (Vials),1. Balance From Previous Month,18016,NA,NA,NA,NA,30,NA,NA,NA,NA,146,NA,NA,NA,NA,600,NA,NA,NA,NA,NA,NA,NA,NA,NA,40,NA,NA,NA,NA,6640,NA,NA,NA,NA,240,NA,NA,NA,NA,0,NA,NA,NA,NA,240,NA,NA,NA,NA,248,NA,NA,NA,NA,0,NA,NA,NA,NA,0,NA,NA,NA,NA,NA,NA,NA,NA,NA,3072,NA,NA,NA,NA,2000,NA,NA,NA,NA,0,NA,NA,NA,NA,NA,NA,NA,NA,NA,3828,NA,NA,NA,NA,932,NA,NA,NA,NA,0,NA,NA,NA,NA,0,NA,NA,NA,NA,0,NA,NA,NA,NA
M18 [Family Planning],18.7',Injectable Contraceptive MPA (Vials),2. Stocks Received,720,NA,NA,NA,NA,0,NA,NA,NA,NA,0,NA,NA,NA,NA,0,NA,NA,NA,NA,NA,NA,NA,NA,NA,0,NA,NA,NA,NA,NA,NA,NA,NA,NA,0,NA,NA,NA,NA,0,NA,NA,NA,NA,0,NA,NA,NA,NA,0,NA,NA,NA,NA,0,NA,NA,NA,NA,0,NA,NA,NA,NA,NA,NA,NA,NA,NA,0,NA,NA,NA,NA,0,NA,NA,NA,NA,NA,NA,NA,NA,NA,NA,NA,NA,NA,NA,0,NA,NA,NA,NA,480,NA,NA,NA,NA,0,NA,NA,NA,NA,0,NA,NA,NA,NA,240,NA,NA,NA,NA
M18 [Family Planning],18.7',Injectable Contraceptive MPA (Vials),3. Unusable Stock,0,NA,NA,NA,NA,0,NA,NA,NA,NA,0,NA,NA,NA,NA,0,NA,NA,NA,NA,NA,NA,NA,NA,NA,0,NA,NA,NA,NA,NA,NA,NA,NA,NA,0,NA,NA,NA,NA,0,NA,NA,NA,NA,0,NA,NA,NA,NA,0,NA,NA,NA,NA,0,NA,NA,NA,NA,0,NA,NA,NA,NA,NA,NA,NA,NA,NA,0,NA,NA,NA,NA,0,NA,NA,NA,NA,NA,NA,NA,NA,NA,NA,NA,NA,NA,NA,0,NA,NA,NA,NA,0,NA,NA,NA,NA,0,NA,NA,NA,NA,0,NA,NA,NA,NA,NA,NA,NA,NA,NA
M18 [Family Planning],18.7',Injectable Contraceptive MPA (Vials),4. Stock Distributed,1983,NA,NA,NA,NA,30,NA,NA,NA,NA,122,NA,NA,NA,NA,232,NA,NA,NA,NA,NA,NA,NA,NA,NA,0,NA,NA,NA,NA,449,NA,NA,NA,NA,30,NA,NA,NA,NA,0,NA,NA,NA,NA,240,NA,NA,NA,NA,136,NA,NA,NA,NA,0,NA,NA,NA,NA,0,NA,NA,NA,NA,NA,NA,NA,NA,NA,0,NA,NA,NA,NA,300,NA,NA,NA,NA,NA,NA,NA,NA,NA,NA,NA,NA,NA,NA,20,NA,NA,NA,NA,240,NA,NA,NA,NA,0,NA,NA,NA,NA,0,NA,NA,NA,NA,184,NA,NA,NA,NA
M18 [Family Planning],18.7',Injectable Contraceptive MPA (Vials),5. Total Stock,16993,NA,NA,NA,NA,0,NA,NA,NA,NA,24,NA,NA,NA,NA,368,NA,NA,NA,NA,NA,NA,NA,NA,NA,40,NA,NA,NA,NA,6191,NA,NA,NA,NA,210,NA,NA,NA,NA,0,NA,NA,NA,NA,240,NA,NA,NA,NA,112,NA,NA,NA,NA,0,NA,NA,NA,NA,0,NA,NA,NA,NA,NA,NA,NA,NA,NA,3072,NA,NA,NA,NA,1700,NA,NA,NA,NA,0,NA,NA,NA,NA,NA,NA,NA,NA,NA,3808,NA,NA,NA,NA,1172,NA,NA,NA,NA,0,NA,NA,NA,NA,0,NA,NA,NA,NA,56,NA,NA,NA,NA
M18 [Family Planning],'18.8',Tubal rings,1. Balance From Previous Month,2600,NA,NA,NA,NA,0,NA,NA,NA,NA,NA,NA,NA,NA,NA,0,NA,NA,NA,NA,NA,NA,NA,NA,NA,0,NA,NA,NA,NA,2000,NA,NA,NA,NA,0,NA,NA,NA,NA,0,NA,NA,NA,NA,0,NA,NA,NA,NA,0,NA,NA,NA,NA,0,NA,NA,NA,NA,0,NA,NA,NA,NA,NA,NA,NA,NA,NA,0,NA,NA,NA,NA,NA,NA,NA,NA,NA,600,NA,NA,NA,NA,NA,NA,NA,NA,NA,0,NA,NA,NA,NA,0,NA,NA,NA,NA,NA,NA,NA,NA,NA,0,NA,NA,NA,NA,0,NA,NA,NA,NA
M18 [Family Planning],18.8',Tubal rings,2. Stocks Received,0,NA,NA,NA,NA,0,NA,NA,NA,NA,NA,NA,NA,NA,NA,0,NA,NA,NA,NA,NA,NA,NA,NA,NA,0,NA,NA,NA,NA,NA,NA,NA,NA,NA,0,NA,NA,NA,NA,0,NA,NA,NA,NA,0,NA,NA,NA,NA,0,NA,NA,NA,NA,0,NA,NA,NA,NA,0,NA,NA,NA,NA,NA,NA,NA,NA,NA,0,NA,NA,NA,NA,NA,NA,NA,NA,NA,NA,NA,NA,NA,NA,NA,NA,NA,NA,NA,0,NA,NA,NA,NA,0,NA,NA,NA,NA,NA,NA,NA,NA,NA,0,NA,NA,NA,NA,0,NA,NA,NA,NA
M18 [Family Planning],18.8',Tubal rings,3. Unusable Stock,0,NA,NA,NA,NA,0,NA,NA,NA,NA,NA,NA,NA,NA,NA,0,NA,NA,NA,NA,NA,NA,NA,NA,NA,0,NA,NA,NA,NA,NA,NA,NA,NA,NA,0,NA,NA,NA,NA,0,NA,NA,NA,NA,0,NA,NA,NA,NA,0,NA,NA,NA,NA,0,NA,NA,NA,NA,0,NA,NA,NA,NA,NA,NA,NA,NA,NA,0,NA,NA,NA,NA,NA,NA,NA,NA,NA,NA,NA,NA,NA,NA,NA,NA,NA,NA,NA,0,NA,NA,NA,NA,0,NA,NA,NA,NA,NA,NA,NA,NA,NA,NA,NA,NA,NA,NA,NA,NA,NA,NA,NA
M18 [Family Planning],18.8',Tubal rings,4. Stock Distributed,0,NA,NA,NA,NA,0,NA,NA,NA,NA,0,NA,NA,NA,NA,0,NA,NA,NA,NA,NA,NA,NA,NA,NA,0,NA,NA,NA,NA,NA,NA,NA,NA,NA,0,NA,NA,NA,NA,0,NA,NA,NA,NA,0,NA,NA,NA,NA,0,NA,NA,NA,NA,0,NA,NA,NA,NA,0,NA,NA,NA,NA,NA,NA,NA,NA,NA,0,NA,NA,NA,NA,NA,NA,NA,NA,NA,NA,NA,NA,NA,NA,NA,NA,NA,NA,NA,0,NA,NA,NA,NA,0,NA,NA,NA,NA,NA,NA,NA,NA,NA,0,NA,NA,NA,NA,0,NA,NA,NA,NA
M18 [Family Planning],18.8',Tubal rings,5. Total Stock,2600,NA,NA,NA,NA,0,NA,NA,NA,NA,0,NA,NA,NA,NA,0,NA,NA,NA,NA,NA,NA,NA,NA,NA,0,NA,NA,NA,NA,2000,NA,NA,NA,NA,0,NA,NA,NA,NA,0,NA,NA,NA,NA,0,NA,NA,NA,NA,0,NA,NA,NA,NA,0,NA,NA,NA,NA,0,NA,NA,NA,NA,NA,NA,NA,NA,NA,0,NA,NA,NA,NA,NA,NA,NA,NA,NA,600,NA,NA,NA,NA,NA,NA,NA,NA,NA,0,NA,NA,NA,NA,0,NA,NA,NA,NA,NA,NA,NA,NA,NA,0,NA,NA,NA,NA,0,NA,NA,NA,NA
M18 [Family Planning],'18.9',Pregnancy testing Kits (Nischay Kits),1. Balance From Previous Month,131278,NA,NA,NA,NA,0,NA,NA,NA,NA,18200,NA,NA,NA,NA,2320,NA,NA,NA,NA,NA,NA,NA,NA,NA,9925,NA,NA,NA,NA,5523,NA,NA,NA,NA,0,NA,NA,NA,NA,0,NA,NA,NA,NA,7000,NA,NA,NA,NA,4500,NA,NA,NA,NA,1320,NA,NA,NA,NA,0,NA,NA,NA,NA,NA,NA,NA,NA,NA,10200,NA,NA,NA,NA,20000,NA,NA,NA,NA,7000,NA,NA,NA,NA,NA,NA,NA,NA,NA,0,NA,NA,NA,NA,4090,NA,NA,NA,NA,34200,NA,NA,NA,NA,0,NA,NA,NA,NA,7000,NA,NA,NA,NA
M18 [Family Planning],18.9',Pregnancy testing Kits (Nischay Kits),2. Stocks Received,39000,NA,NA,NA,NA,0,NA,NA,NA,NA,0,NA,NA,NA,NA,8000,NA,NA,NA,NA,NA,NA,NA,NA,NA,0,NA,NA,NA,NA,0,NA,NA,NA,NA,0,NA,NA,NA,NA,0,NA,NA,NA,NA,0,NA,NA,NA,NA,0,NA,NA,NA,NA,0,NA,NA,NA,NA,0,NA,NA,NA,NA,NA,NA,NA,NA,NA,0,NA,NA,NA,NA,0,NA,NA,NA,NA,NA,NA,NA,NA,NA,NA,NA,NA,NA,NA,0,NA,NA,NA,NA,31000,NA,NA,NA,NA,0,NA,NA,NA,NA,0,NA,NA,NA,NA,0,NA,NA,NA,NA
M18 [Family Planning],18.9',Pregnancy testing Kits (Nischay Kits),3. Unusable Stock,0,NA,NA,NA,NA,0,NA,NA,NA,NA,0,NA,NA,NA,NA,0,NA,NA,NA,NA,NA,NA,NA,NA,NA,0,NA,NA,NA,NA,NA,NA,NA,NA,NA,0,NA,NA,NA,NA,0,NA,NA,NA,NA,0,NA,NA,NA,NA,0,NA,NA,NA,NA,0,NA,NA,NA,NA,0,NA,NA,NA,NA,NA,NA,NA,NA,NA,0,NA,NA,NA,NA,0,NA,NA,NA,NA,NA,NA,NA,NA,NA,NA,NA,NA,NA,NA,0,NA,NA,NA,NA,0,NA,NA,NA,NA,0,NA,NA,NA,NA,0,NA,NA,NA,NA,NA,NA,NA,NA,NA
M18 [Family Planning],18.9',Pregnancy testing Kits (Nischay Kits),4. Stock Distributed,37660,NA,NA,NA,NA,0,NA,NA,NA,NA,1800,NA,NA,NA,NA,3600,NA,NA,NA,NA,NA,NA,NA,NA,NA,0,NA,NA,NA,NA,4200,NA,NA,NA,NA,0,NA,NA,NA,NA,0,NA,NA,NA,NA,2000,NA,NA,NA,NA,500,NA,NA,NA,NA,0,NA,NA,NA,NA,0,NA,NA,NA,NA,NA,NA,NA,NA,NA,4200,NA,NA,NA,NA,100,NA,NA,NA,NA,NA,NA,NA,NA,NA,NA,NA,NA,NA,NA,0,NA,NA,NA,NA,8160,NA,NA,NA,NA,7100,NA,NA,NA,NA,0,NA,NA,NA,NA,6000,NA,NA,NA,NA
M18 [Family Planning],18.9',Pregnancy testing Kits (Nischay Kits),5. Total Stock,134618,NA,NA,NA,NA,0,NA,NA,NA,NA,16400,NA,NA,NA,NA,6720,NA,NA,NA,NA,NA,NA,NA,NA,NA,9925,NA,NA,NA,NA,1323,NA,NA,NA,NA,0,NA,NA,NA,NA,0,NA,NA,NA,NA,7000,NA,NA,NA,NA,4000,NA,NA,NA,NA,1320,NA,NA,NA,NA,0,NA,NA,NA,NA,NA,NA,NA,NA,NA,6000,NA,NA,NA,NA,19900,NA,NA,NA,NA,7000,NA,NA,NA,NA,NA,NA,NA,NA,NA,0,NA,NA,NA,NA,26930,NA,NA,NA,NA,27100,NA,NA,NA,NA,0,NA,NA,NA,NA,1000,NA,NA,NA,NA
M19 [Other Items],'19.1',Gloves,1. Balance From Previous Month,6000,NA,NA,NA,NA,NA,NA,NA,NA,NA,NA,NA,NA,NA,NA,NA,NA,NA,NA,NA,NA,NA,NA,NA,NA,NA,NA,NA,NA,NA,NA,NA,NA,NA,NA,0,NA,NA,NA,NA,0,NA,NA,NA,NA,NA,NA,NA,NA,NA,0,NA,NA,NA,NA,NA,NA,NA,NA,NA,NA,NA,NA,NA,NA,NA,NA,NA,NA,NA,6000,NA,NA,NA,NA,NA,NA,NA,NA,NA,NA,NA,NA,NA,NA,NA,NA,NA,NA,NA,NA,NA,NA,NA,NA,NA,NA,NA,NA,NA,0,NA,NA,NA,NA,NA,NA,NA,NA,NA,0,NA,NA,NA,NA
M19 [Other Items],19.1',Gloves,2. Stocks Received,4500,NA,NA,NA,NA,NA,NA,NA,NA,NA,NA,NA,NA,NA,NA,NA,NA,NA,NA,NA,NA,NA,NA,NA,NA,NA,NA,NA,NA,NA,NA,NA,NA,NA,NA,0,NA,NA,NA,NA,0,NA,NA,NA,NA,NA,NA,NA,NA,NA,0,NA,NA,NA,NA,NA,NA,NA,NA,NA,NA,NA,NA,NA,NA,NA,NA,NA,NA,NA,4500,NA,NA,NA,NA,NA,NA,NA,NA,NA,NA,NA,NA,NA,NA,NA,NA,NA,NA,NA,NA,NA,NA,NA,NA,NA,NA,NA,NA,NA,0,NA,NA,NA,NA,0,NA,NA,NA,NA,0,NA,NA,NA,NA
M19 [Other Items],19.1',Gloves,3. Unusable Stock,0,NA,NA,NA,NA,NA,NA,NA,NA,NA,NA,NA,NA,NA,NA,NA,NA,NA,NA,NA,NA,NA,NA,NA,NA,NA,NA,NA,NA,NA,NA,NA,NA,NA,NA,0,NA,NA,NA,NA,0,NA,NA,NA,NA,NA,NA,NA,NA,NA,0,NA,NA,NA,NA,NA,NA,NA,NA,NA,NA,NA,NA,NA,NA,NA,NA,NA,NA,NA,0,NA,NA,NA,NA,NA,NA,NA,NA,NA,NA,NA,NA,NA,NA,NA,NA,NA,NA,NA,NA,NA,NA,NA,NA,NA,NA,NA,NA,NA,0,NA,NA,NA,NA,0,NA,NA,NA,NA,NA,NA,NA,NA,NA
M19 [Other Items],19.1',Gloves,4. Stock Distributed,7000,NA,NA,NA,NA,NA,NA,NA,NA,NA,NA,NA,NA,NA,NA,NA,NA,NA,NA,NA,NA,NA,NA,NA,NA,NA,NA,NA,NA,NA,NA,NA,NA,NA,NA,0,NA,NA,NA,NA,0,NA,NA,NA,NA,NA,NA,NA,NA,NA,0,NA,NA,NA,NA,NA,NA,NA,NA,NA,NA,NA,NA,NA,NA,NA,NA,NA,NA,NA,7000,NA,NA,NA,NA,NA,NA,NA,NA,NA,NA,NA,NA,NA,NA,NA,NA,NA,NA,NA,NA,NA,NA,NA,NA,NA,NA,NA,NA,NA,0,NA,NA,NA,NA,0,NA,NA,NA,NA,0,NA,NA,NA,NA
M19 [Other Items],19.1',Gloves,5. Total Stock,3500,NA,NA,NA,NA,0,NA,NA,NA,NA,0,NA,NA,NA,NA,0,NA,NA,NA,NA,0,NA,NA,NA,NA,0,NA,NA,NA,NA,0,NA,NA,NA,NA,0,NA,NA,NA,NA,0,NA,NA,NA,NA,0,NA,NA,NA,NA,0,NA,NA,NA,NA,0,NA,NA,NA,NA,0,NA,NA,NA,NA,NA,NA,NA,NA,NA,3500,NA,NA,NA,NA,0,NA,NA,NA,NA,0,NA,NA,NA,NA,0,NA,NA,NA,NA,0,NA,NA,NA,NA,0,NA,NA,NA,NA,0,NA,NA,NA,NA,0,NA,NA,NA,NA,0,NA,NA,NA,NA
M19 [Other Items],'19.2',MVA Syringes,1. Balance From Previous Month,0,NA,NA,NA,NA,NA,NA,NA,NA,NA,NA,NA,NA,NA,NA,NA,NA,NA,NA,NA,NA,NA,NA,NA,NA,NA,NA,NA,NA,NA,NA,NA,NA,NA,NA,0,NA,NA,NA,NA,0,NA,NA,NA,NA,NA,NA,NA,NA,NA,0,NA,NA,NA,NA,NA,NA,NA,NA,NA,NA,NA,NA,NA,NA,NA,NA,NA,NA,NA,0,NA,NA,NA,NA,NA,NA,NA,NA,NA,NA,NA,NA,NA,NA,NA,NA,NA,NA,NA,NA,NA,NA,NA,NA,NA,NA,NA,NA,NA,0,NA,NA,NA,NA,0,NA,NA,NA,NA,0,NA,NA,NA,NA
M19 [Other Items],19.2',MVA Syringes,2. Stocks Received,0,NA,NA,NA,NA,NA,NA,NA,NA,NA,NA,NA,NA,NA,NA,NA,NA,NA,NA,NA,NA,NA,NA,NA,NA,NA,NA,NA,NA,NA,NA,NA,NA,NA,NA,0,NA,NA,NA,NA,0,NA,NA,NA,NA,NA,NA,NA,NA,NA,0,NA,NA,NA,NA,NA,NA,NA,NA,NA,NA,NA,NA,NA,NA,NA,NA,NA,NA,NA,0,NA,NA,NA,NA,NA,NA,NA,NA,NA,NA,NA,NA,NA,NA,NA,NA,NA,NA,NA,NA,NA,NA,NA,NA,NA,NA,NA,NA,NA,0,NA,NA,NA,NA,0,NA,NA,NA,NA,0,NA,NA,NA,NA
M19 [Other Items],19.2',MVA Syringes,3. Unusable Stock,0,NA,NA,NA,NA,NA,NA,NA,NA,NA,NA,NA,NA,NA,NA,NA,NA,NA,NA,NA,NA,NA,NA,NA,NA,NA,NA,NA,NA,NA,NA,NA,NA,NA,NA,0,NA,NA,NA,NA,0,NA,NA,NA,NA,NA,NA,NA,NA,NA,0,NA,NA,NA,NA,NA,NA,NA,NA,NA,NA,NA,NA,NA,NA,NA,NA,NA,NA,NA,0,NA,NA,NA,NA,NA,NA,NA,NA,NA,NA,NA,NA,NA,NA,NA,NA,NA,NA,NA,NA,NA,NA,NA,NA,NA,NA,NA,NA,NA,0,NA,NA,NA,NA,NA,NA,NA,NA,NA,NA,NA,NA,NA,NA
M19 [Other Items],19.2',MVA Syringes,4. Stock Distributed,0,NA,NA,NA,NA,NA,NA,NA,NA,NA,NA,NA,NA,NA,NA,NA,NA,NA,NA,NA,NA,NA,NA,NA,NA,NA,NA,NA,NA,NA,NA,NA,NA,NA,NA,0,NA,NA,NA,NA,0,NA,NA,NA,NA,NA,NA,NA,NA,NA,0,NA,NA,NA,NA,NA,NA,NA,NA,NA,NA,NA,NA,NA,NA,NA,NA,NA,NA,NA,0,NA,NA,NA,NA,NA,NA,NA,NA,NA,NA,NA,NA,NA,NA,NA,NA,NA,NA,NA,NA,NA,NA,NA,NA,NA,NA,NA,NA,NA,0,NA,NA,NA,NA,0,NA,NA,NA,NA,0,NA,NA,NA,NA
M19 [Other Items],19.2',MVA Syringes,5. Total Stock,0,NA,NA,NA,NA,0,NA,NA,NA,NA,0,NA,NA,NA,NA,0,NA,NA,NA,NA,0,NA,NA,NA,NA,0,NA,NA,NA,NA,0,NA,NA,NA,NA,0,NA,NA,NA,NA,0,NA,NA,NA,NA,0,NA,NA,NA,NA,0,NA,NA,NA,NA,0,NA,NA,NA,NA,0,NA,NA,NA,NA,NA,NA,NA,NA,NA,0,NA,NA,NA,NA,0,NA,NA,NA,NA,0,NA,NA,NA,NA,0,NA,NA,NA,NA,0,NA,NA,NA,NA,0,NA,NA,NA,NA,0,NA,NA,NA,NA,0,NA,NA,NA,NA,0,NA,NA,NA,NA
M19 [Other Items],'19.3',Tab. Fluconazole,1. Balance From Previous Month,0,NA,NA,NA,NA,NA,NA,NA,NA,NA,NA,NA,NA,NA,NA,NA,NA,NA,NA,NA,NA,NA,NA,NA,NA,NA,NA,NA,NA,NA,NA,NA,NA,NA,NA,0,NA,NA,NA,NA,0,NA,NA,NA,NA,NA,NA,NA,NA,NA,0,NA,NA,NA,NA,NA,NA,NA,NA,NA,NA,NA,NA,NA,NA,NA,NA,NA,NA,NA,0,NA,NA,NA,NA,NA,NA,NA,NA,NA,NA,NA,NA,NA,NA,NA,NA,NA,NA,NA,NA,NA,NA,NA,NA,NA,NA,NA,NA,NA,0,NA,NA,NA,NA,0,NA,NA,NA,NA,0,NA,NA,NA,NA
M19 [Other Items],19.3',Tab. Fluconazole,2. Stocks Received,0,NA,NA,NA,NA,NA,NA,NA,NA,NA,NA,NA,NA,NA,NA,NA,NA,NA,NA,NA,NA,NA,NA,NA,NA,NA,NA,NA,NA,NA,NA,NA,NA,NA,NA,0,NA,NA,NA,NA,0,NA,NA,NA,NA,NA,NA,NA,NA,NA,0,NA,NA,NA,NA,NA,NA,NA,NA,NA,NA,NA,NA,NA,NA,NA,NA,NA,NA,NA,0,NA,NA,NA,NA,NA,NA,NA,NA,NA,NA,NA,NA,NA,NA,NA,NA,NA,NA,NA,NA,NA,NA,NA,NA,NA,NA,NA,NA,NA,0,NA,NA,NA,NA,0,NA,NA,NA,NA,0,NA,NA,NA,NA
M19 [Other Items],19.3',Tab. Fluconazole,3. Unusable Stock,0,NA,NA,NA,NA,NA,NA,NA,NA,NA,NA,NA,NA,NA,NA,NA,NA,NA,NA,NA,NA,NA,NA,NA,NA,NA,NA,NA,NA,NA,NA,NA,NA,NA,NA,0,NA,NA,NA,NA,0,NA,NA,NA,NA,NA,NA,NA,NA,NA,0,NA,NA,NA,NA,NA,NA,NA,NA,NA,NA,NA,NA,NA,NA,NA,NA,NA,NA,NA,0,NA,NA,NA,NA,NA,NA,NA,NA,NA,NA,NA,NA,NA,NA,NA,NA,NA,NA,NA,NA,NA,NA,NA,NA,NA,NA,NA,NA,NA,0,NA,NA,NA,NA,0,NA,NA,NA,NA,NA,NA,NA,NA,NA
M19 [Other Items],19.3',Tab. Fluconazole,4. Stock Distributed,0,NA,NA,NA,NA,NA,NA,NA,NA,NA,NA,NA,NA,NA,NA,NA,NA,NA,NA,NA,NA,NA,NA,NA,NA,NA,NA,NA,NA,NA,NA,NA,NA,NA,NA,0,NA,NA,NA,NA,0,NA,NA,NA,NA,NA,NA,NA,NA,NA,0,NA,NA,NA,NA,NA,NA,NA,NA,NA,NA,NA,NA,NA,NA,NA,NA,NA,NA,NA,0,NA,NA,NA,NA,NA,NA,NA,NA,NA,NA,NA,NA,NA,NA,NA,NA,NA,NA,NA,NA,NA,NA,NA,NA,NA,NA,NA,NA,NA,0,NA,NA,NA,NA,0,NA,NA,NA,NA,0,NA,NA,NA,NA
M19 [Other Items],19.3',Tab. Fluconazole,5. Total Stock,0,NA,NA,NA,NA,0,NA,NA,NA,NA,0,NA,NA,NA,NA,0,NA,NA,NA,NA,0,NA,NA,NA,NA,0,NA,NA,NA,NA,0,NA,NA,NA,NA,0,NA,NA,NA,NA,0,NA,NA,NA,NA,0,NA,NA,NA,NA,0,NA,NA,NA,NA,0,NA,NA,NA,NA,0,NA,NA,NA,NA,NA,NA,NA,NA,NA,0,NA,NA,NA,NA,0,NA,NA,NA,NA,0,NA,NA,NA,NA,0,NA,NA,NA,NA,0,NA,NA,NA,NA,0,NA,NA,NA,NA,0,NA,NA,NA,NA,0,NA,NA,NA,NA,0,NA,NA,NA,NA
M19 [Other Items],'19.4',Blood Transfusion sets,1. Balance From Previous Month,0,NA,NA,NA,NA,NA,NA,NA,NA,NA,NA,NA,NA,NA,NA,NA,NA,NA,NA,NA,NA,NA,NA,NA,NA,NA,NA,NA,NA,NA,NA,NA,NA,NA,NA,0,NA,NA,NA,NA,0,NA,NA,NA,NA,NA,NA,NA,NA,NA,0,NA,NA,NA,NA,NA,NA,NA,NA,NA,NA,NA,NA,NA,NA,NA,NA,NA,NA,NA,0,NA,NA,NA,NA,NA,NA,NA,NA,NA,NA,NA,NA,NA,NA,NA,NA,NA,NA,NA,NA,NA,NA,NA,NA,NA,NA,NA,NA,NA,0,NA,NA,NA,NA,0,NA,NA,NA,NA,0,NA,NA,NA,NA
M19 [Other Items],19.4',Blood Transfusion sets,2. Stocks Received,0,NA,NA,NA,NA,NA,NA,NA,NA,NA,NA,NA,NA,NA,NA,NA,NA,NA,NA,NA,NA,NA,NA,NA,NA,NA,NA,NA,NA,NA,NA,NA,NA,NA,NA,0,NA,NA,NA,NA,0,NA,NA,NA,NA,NA,NA,NA,NA,NA,0,NA,NA,NA,NA,NA,NA,NA,NA,NA,NA,NA,NA,NA,NA,NA,NA,NA,NA,NA,0,NA,NA,NA,NA,NA,NA,NA,NA,NA,NA,NA,NA,NA,NA,NA,NA,NA,NA,NA,NA,NA,NA,NA,NA,NA,NA,NA,NA,NA,0,NA,NA,NA,NA,0,NA,NA,NA,NA,0,NA,NA,NA,NA
M19 [Other Items],19.4',Blood Transfusion sets,3. Unusable Stock,0,NA,NA,NA,NA,NA,NA,NA,NA,NA,NA,NA,NA,NA,NA,NA,NA,NA,NA,NA,NA,NA,NA,NA,NA,NA,NA,NA,NA,NA,NA,NA,NA,NA,NA,0,NA,NA,NA,NA,0,NA,NA,NA,NA,NA,NA,NA,NA,NA,0,NA,NA,NA,NA,NA,NA,NA,NA,NA,NA,NA,NA,NA,NA,NA,NA,NA,NA,NA,0,NA,NA,NA,NA,NA,NA,NA,NA,NA,NA,NA,NA,NA,NA,NA,NA,NA,NA,NA,NA,NA,NA,NA,NA,NA,NA,NA,NA,NA,0,NA,NA,NA,NA,0,NA,NA,NA,NA,NA,NA,NA,NA,NA
M19 [Other Items],19.4',Blood Transfusion sets,4. Stock Distributed,0,NA,NA,NA,NA,NA,NA,NA,NA,NA,NA,NA,NA,NA,NA,NA,NA,NA,NA,NA,NA,NA,NA,NA,NA,NA,NA,NA,NA,NA,NA,NA,NA,NA,NA,0,NA,NA,NA,NA,0,NA,NA,NA,NA,NA,NA,NA,NA,NA,0,NA,NA,NA,NA,NA,NA,NA,NA,NA,NA,NA,NA,NA,NA,NA,NA,NA,NA,NA,0,NA,NA,NA,NA,NA,NA,NA,NA,NA,NA,NA,NA,NA,NA,NA,NA,NA,NA,NA,NA,NA,NA,NA,NA,NA,NA,NA,NA,NA,0,NA,NA,NA,NA,0,NA,NA,NA,NA,0,NA,NA,NA,NA
M19 [Other Items],19.4',Blood Transfusion sets,5. Total Stock,0,NA,NA,NA,NA,0,NA,NA,NA,NA,0,NA,NA,NA,NA,0,NA,NA,NA,NA,0,NA,NA,NA,NA,0,NA,NA,NA,NA,0,NA,NA,NA,NA,0,NA,NA,NA,NA,0,NA,NA,NA,NA,0,NA,NA,NA,NA,0,NA,NA,NA,NA,0,NA,NA,NA,NA,0,NA,NA,NA,NA,NA,NA,NA,NA,NA,0,NA,NA,NA,NA,0,NA,NA,NA,NA,0,NA,NA,NA,NA,0,NA,NA,NA,NA,0,NA,NA,NA,NA,0,NA,NA,NA,NA,0,NA,NA,NA,NA,0,NA,NA,NA,NA,0,NA,NA,NA,NA
M19 [Other Items],'19.5',Gluteraldehyde 2%,1. Balance From Previous Month,0,NA,NA,NA,NA,NA,NA,NA,NA,NA,NA,NA,NA,NA,NA,NA,NA,NA,NA,NA,NA,NA,NA,NA,NA,NA,NA,NA,NA,NA,NA,NA,NA,NA,NA,0,NA,NA,NA,NA,0,NA,NA,NA,NA,NA,NA,NA,NA,NA,0,NA,NA,NA,NA,NA,NA,NA,NA,NA,NA,NA,NA,NA,NA,NA,NA,NA,NA,NA,0,NA,NA,NA,NA,NA,NA,NA,NA,NA,NA,NA,NA,NA,NA,NA,NA,NA,NA,NA,NA,NA,NA,NA,NA,NA,NA,NA,NA,NA,0,NA,NA,NA,NA,0,NA,NA,NA,NA,0,NA,NA,NA,NA
M19 [Other Items],19.5',Gluteraldehyde 2%,2. Stocks Received,0,NA,NA,NA,NA,NA,NA,NA,NA,NA,NA,NA,NA,NA,NA,NA,NA,NA,NA,NA,NA,NA,NA,NA,NA,NA,NA,NA,NA,NA,NA,NA,NA,NA,NA,0,NA,NA,NA,NA,0,NA,NA,NA,NA,NA,NA,NA,NA,NA,0,NA,NA,NA,NA,NA,NA,NA,NA,NA,NA,NA,NA,NA,NA,NA,NA,NA,NA,NA,0,NA,NA,NA,NA,NA,NA,NA,NA,NA,NA,NA,NA,NA,NA,NA,NA,NA,NA,NA,NA,NA,NA,NA,NA,NA,NA,NA,NA,NA,0,NA,NA,NA,NA,0,NA,NA,NA,NA,0,NA,NA,NA,NA
M19 [Other Items],19.5',Gluteraldehyde 2%,3. Unusable Stock,0,NA,NA,NA,NA,NA,NA,NA,NA,NA,NA,NA,NA,NA,NA,NA,NA,NA,NA,NA,NA,NA,NA,NA,NA,NA,NA,NA,NA,NA,NA,NA,NA,NA,NA,0,NA,NA,NA,NA,0,NA,NA,NA,NA,NA,NA,NA,NA,NA,0,NA,NA,NA,NA,NA,NA,NA,NA,NA,NA,NA,NA,NA,NA,NA,NA,NA,NA,NA,0,NA,NA,NA,NA,NA,NA,NA,NA,NA,NA,NA,NA,NA,NA,NA,NA,NA,NA,NA,NA,NA,NA,NA,NA,NA,NA,NA,NA,NA,0,NA,NA,NA,NA,0,NA,NA,NA,NA,NA,NA,NA,NA,NA
M19 [Other Items],19.5',Gluteraldehyde 2%,4. Stock Distributed,0,NA,NA,NA,NA,NA,NA,NA,NA,NA,NA,NA,NA,NA,NA,NA,NA,NA,NA,NA,NA,NA,NA,NA,NA,NA,NA,NA,NA,NA,NA,NA,NA,NA,NA,0,NA,NA,NA,NA,0,NA,NA,NA,NA,NA,NA,NA,NA,NA,0,NA,NA,NA,NA,NA,NA,NA,NA,NA,NA,NA,NA,NA,NA,NA,NA,NA,NA,NA,0,NA,NA,NA,NA,NA,NA,NA,NA,NA,NA,NA,NA,NA,NA,NA,NA,NA,NA,NA,NA,NA,NA,NA,NA,NA,NA,NA,NA,NA,0,NA,NA,NA,NA,0,NA,NA,NA,NA,0,NA,NA,NA,NA
M19 [Other Items],19.5',Gluteraldehyde 2%,5. Total Stock,0,NA,NA,NA,NA,0,NA,NA,NA,NA,0,NA,NA,NA,NA,0,NA,NA,NA,NA,0,NA,NA,NA,NA,0,NA,NA,NA,NA,0,NA,NA,NA,NA,0,NA,NA,NA,NA,0,NA,NA,NA,NA,0,NA,NA,NA,NA,0,NA,NA,NA,NA,0,NA,NA,NA,NA,0,NA,NA,NA,NA,NA,NA,NA,NA,NA,0,NA,NA,NA,NA,0,NA,NA,NA,NA,0,NA,NA,NA,NA,0,NA,NA,NA,NA,0,NA,NA,NA,NA,0,NA,NA,NA,NA,0,NA,NA,NA,NA,0,NA,NA,NA,NA,0,NA,NA,NA,NA
M19 [Other Items],'19.6',IFA tablets ( Adult),1. Balance From Previous Month,288450,NA,NA,NA,NA,NA,NA,NA,NA,NA,NA,NA,NA,NA,NA,NA,NA,NA,NA,NA,NA,NA,NA,NA,NA,NA,NA,NA,NA,NA,5000,NA,NA,NA,NA,0,NA,NA,NA,NA,0,NA,NA,NA,NA,NA,NA,NA,NA,NA,0,NA,NA,NA,NA,NA,NA,NA,NA,NA,NA,NA,NA,NA,NA,NA,NA,NA,NA,NA,283450,NA,NA,NA,NA,NA,NA,NA,NA,NA,NA,NA,NA,NA,NA,NA,NA,NA,NA,NA,NA,NA,NA,NA,NA,NA,NA,NA,NA,NA,0,NA,NA,NA,NA,0,NA,NA,NA,NA,0,NA,NA,NA,NA
M19 [Other Items],19.6',IFA tablets ( Adult),2. Stocks Received,0,NA,NA,NA,NA,NA,NA,NA,NA,NA,NA,NA,NA,NA,NA,NA,NA,NA,NA,NA,NA,NA,NA,NA,NA,NA,NA,NA,NA,NA,NA,NA,NA,NA,NA,0,NA,NA,NA,NA,0,NA,NA,NA,NA,NA,NA,NA,NA,NA,0,NA,NA,NA,NA,NA,NA,NA,NA,NA,NA,NA,NA,NA,NA,NA,NA,NA,NA,NA,0,NA,NA,NA,NA,NA,NA,NA,NA,NA,NA,NA,NA,NA,NA,NA,NA,NA,NA,NA,NA,NA,NA,NA,NA,NA,NA,NA,NA,NA,0,NA,NA,NA,NA,0,NA,NA,NA,NA,0,NA,NA,NA,NA
M19 [Other Items],19.6',IFA tablets ( Adult),3. Unusable Stock,0,NA,NA,NA,NA,NA,NA,NA,NA,NA,NA,NA,NA,NA,NA,NA,NA,NA,NA,NA,NA,NA,NA,NA,NA,NA,NA,NA,NA,NA,NA,NA,NA,NA,NA,0,NA,NA,NA,NA,0,NA,NA,NA,NA,NA,NA,NA,NA,NA,0,NA,NA,NA,NA,NA,NA,NA,NA,NA,NA,NA,NA,NA,NA,NA,NA,NA,NA,NA,0,NA,NA,NA,NA,NA,NA,NA,NA,NA,NA,NA,NA,NA,NA,NA,NA,NA,NA,NA,NA,NA,NA,NA,NA,NA,NA,NA,NA,NA,0,NA,NA,NA,NA,0,NA,NA,NA,NA,NA,NA,NA,NA,NA
M19 [Other Items],19.6',IFA tablets ( Adult),4. Stock Distributed,41450,NA,NA,NA,NA,NA,NA,NA,NA,NA,NA,NA,NA,NA,NA,NA,NA,NA,NA,NA,NA,NA,NA,NA,NA,NA,NA,NA,NA,NA,NA,NA,NA,NA,NA,0,NA,NA,NA,NA,0,NA,NA,NA,NA,NA,NA,NA,NA,NA,0,NA,NA,NA,NA,NA,NA,NA,NA,NA,NA,NA,NA,NA,NA,NA,NA,NA,NA,NA,41450,NA,NA,NA,NA,NA,NA,NA,NA,NA,NA,NA,NA,NA,NA,NA,NA,NA,NA,NA,NA,NA,NA,NA,NA,NA,NA,NA,NA,NA,0,NA,NA,NA,NA,0,NA,NA,NA,NA,0,NA,NA,NA,NA
M19 [Other Items],19.6',IFA tablets ( Adult),5. Total Stock,247000,NA,NA,NA,NA,0,NA,NA,NA,NA,0,NA,NA,NA,NA,0,NA,NA,NA,NA,0,NA,NA,NA,NA,0,NA,NA,NA,NA,5000,NA,NA,NA,NA,0,NA,NA,NA,NA,0,NA,NA,NA,NA,0,NA,NA,NA,NA,0,NA,NA,NA,NA,0,NA,NA,NA,NA,0,NA,NA,NA,NA,NA,NA,NA,NA,NA,242000,NA,NA,NA,NA,0,NA,NA,NA,NA,0,NA,NA,NA,NA,0,NA,NA,NA,NA,0,NA,NA,NA,NA,0,NA,NA,NA,NA,0,NA,NA,NA,NA,0,NA,NA,NA,NA,0,NA,NA,NA,NA
M19 [Other Items],'19.7',IFA - Blue ( Adolescent 10-19 yrs),1. Balance From Previous Month,0,NA,NA,NA,NA,NA,NA,NA,NA,NA,0,NA,NA,NA,NA,NA,NA,NA,NA,NA,NA,NA,NA,NA,NA,NA,NA,NA,NA,NA,NA,NA,NA,NA,NA,0,NA,NA,NA,NA,0,NA,NA,NA,NA,NA,NA,NA,NA,NA,0,NA,NA,NA,NA,NA,NA,NA,NA,NA,NA,NA,NA,NA,NA,NA,NA,NA,NA,NA,0,NA,NA,NA,NA,NA,NA,NA,NA,NA,NA,NA,NA,NA,NA,NA,NA,NA,NA,NA,NA,NA,NA,NA,NA,NA,NA,NA,NA,NA,0,NA,NA,NA,NA,0,NA,NA,NA,NA,0,NA,NA,NA,NA
M19 [Other Items],19.7',IFA - Blue ( Adolescent 10-19 yrs),2. Stocks Received,0,NA,NA,NA,NA,NA,NA,NA,NA,NA,0,NA,NA,NA,NA,NA,NA,NA,NA,NA,NA,NA,NA,NA,NA,NA,NA,NA,NA,NA,NA,NA,NA,NA,NA,0,NA,NA,NA,NA,0,NA,NA,NA,NA,NA,NA,NA,NA,NA,0,NA,NA,NA,NA,NA,NA,NA,NA,NA,NA,NA,NA,NA,NA,NA,NA,NA,NA,NA,0,NA,NA,NA,NA,NA,NA,NA,NA,NA,NA,NA,NA,NA,NA,NA,NA,NA,NA,NA,NA,NA,NA,NA,NA,NA,NA,NA,NA,NA,0,NA,NA,NA,NA,0,NA,NA,NA,NA,0,NA,NA,NA,NA
M19 [Other Items],19.7',IFA - Blue ( Adolescent 10-19 yrs),3. Unusable Stock,0,NA,NA,NA,NA,NA,NA,NA,NA,NA,0,NA,NA,NA,NA,NA,NA,NA,NA,NA,NA,NA,NA,NA,NA,NA,NA,NA,NA,NA,NA,NA,NA,NA,NA,0,NA,NA,NA,NA,0,NA,NA,NA,NA,NA,NA,NA,NA,NA,0,NA,NA,NA,NA,NA,NA,NA,NA,NA,NA,NA,NA,NA,NA,NA,NA,NA,NA,NA,0,NA,NA,NA,NA,NA,NA,NA,NA,NA,NA,NA,NA,NA,NA,NA,NA,NA,NA,NA,NA,NA,NA,NA,NA,NA,NA,NA,NA,NA,0,NA,NA,NA,NA,0,NA,NA,NA,NA,NA,NA,NA,NA,NA
M19 [Other Items],19.7',IFA - Blue ( Adolescent 10-19 yrs),4. Stock Distributed,0,NA,NA,NA,NA,NA,NA,NA,NA,NA,0,NA,NA,NA,NA,NA,NA,NA,NA,NA,NA,NA,NA,NA,NA,NA,NA,NA,NA,NA,NA,NA,NA,NA,NA,0,NA,NA,NA,NA,0,NA,NA,NA,NA,NA,NA,NA,NA,NA,0,NA,NA,NA,NA,NA,NA,NA,NA,NA,NA,NA,NA,NA,NA,NA,NA,NA,NA,NA,0,NA,NA,NA,NA,NA,NA,NA,NA,NA,NA,NA,NA,NA,NA,NA,NA,NA,NA,NA,NA,NA,NA,NA,NA,NA,NA,NA,NA,NA,0,NA,NA,NA,NA,0,NA,NA,NA,NA,0,NA,NA,NA,NA
M19 [Other Items],19.7',IFA - Blue ( Adolescent 10-19 yrs),5. Total Stock,0,NA,NA,NA,NA,0,NA,NA,NA,NA,0,NA,NA,NA,NA,0,NA,NA,NA,NA,0,NA,NA,NA,NA,0,NA,NA,NA,NA,0,NA,NA,NA,NA,0,NA,NA,NA,NA,0,NA,NA,NA,NA,0,NA,NA,NA,NA,0,NA,NA,NA,NA,0,NA,NA,NA,NA,0,NA,NA,NA,NA,NA,NA,NA,NA,NA,0,NA,NA,NA,NA,0,NA,NA,NA,NA,0,NA,NA,NA,NA,0,NA,NA,NA,NA,0,NA,NA,NA,NA,0,NA,NA,NA,NA,0,NA,NA,NA,NA,0,NA,NA,NA,NA,0,NA,NA,NA,NA
M19 [Other Items],'19.8',IFA- Pink ( Junior 6-10 yrs),1. Balance From Previous Month,0,NA,NA,NA,NA,NA,NA,NA,NA,NA,NA,NA,NA,NA,NA,NA,NA,NA,NA,NA,NA,NA,NA,NA,NA,NA,NA,NA,NA,NA,NA,NA,NA,NA,NA,0,NA,NA,NA,NA,0,NA,NA,NA,NA,NA,NA,NA,NA,NA,0,NA,NA,NA,NA,NA,NA,NA,NA,NA,NA,NA,NA,NA,NA,NA,NA,NA,NA,NA,0,NA,NA,NA,NA,NA,NA,NA,NA,NA,NA,NA,NA,NA,NA,NA,NA,NA,NA,NA,NA,NA,NA,NA,NA,NA,NA,NA,NA,NA,0,NA,NA,NA,NA,0,NA,NA,NA,NA,0,NA,NA,NA,NA
M19 [Other Items],19.8',IFA- Pink ( Junior 6-10 yrs),2. Stocks Received,0,NA,NA,NA,NA,NA,NA,NA,NA,NA,NA,NA,NA,NA,NA,NA,NA,NA,NA,NA,NA,NA,NA,NA,NA,NA,NA,NA,NA,NA,NA,NA,NA,NA,NA,0,NA,NA,NA,NA,0,NA,NA,NA,NA,NA,NA,NA,NA,NA,0,NA,NA,NA,NA,NA,NA,NA,NA,NA,NA,NA,NA,NA,NA,NA,NA,NA,NA,NA,0,NA,NA,NA,NA,NA,NA,NA,NA,NA,NA,NA,NA,NA,NA,NA,NA,NA,NA,NA,NA,NA,NA,NA,NA,NA,NA,NA,NA,NA,0,NA,NA,NA,NA,NA,NA,NA,NA,NA,0,NA,NA,NA,NA
M19 [Other Items],19.8',IFA- Pink ( Junior 6-10 yrs),3. Unusable Stock,0,NA,NA,NA,NA,NA,NA,NA,NA,NA,NA,NA,NA,NA,NA,NA,NA,NA,NA,NA,NA,NA,NA,NA,NA,NA,NA,NA,NA,NA,NA,NA,NA,NA,NA,0,NA,NA,NA,NA,0,NA,NA,NA,NA,NA,NA,NA,NA,NA,0,NA,NA,NA,NA,NA,NA,NA,NA,NA,NA,NA,NA,NA,NA,NA,NA,NA,NA,NA,0,NA,NA,NA,NA,NA,NA,NA,NA,NA,NA,NA,NA,NA,NA,NA,NA,NA,NA,NA,NA,NA,NA,NA,NA,NA,NA,NA,NA,NA,0,NA,NA,NA,NA,0,NA,NA,NA,NA,NA,NA,NA,NA,NA
M19 [Other Items],19.8',IFA- Pink ( Junior 6-10 yrs),4. Stock Distributed,0,NA,NA,NA,NA,NA,NA,NA,NA,NA,NA,NA,NA,NA,NA,NA,NA,NA,NA,NA,NA,NA,NA,NA,NA,NA,NA,NA,NA,NA,NA,NA,NA,NA,NA,0,NA,NA,NA,NA,0,NA,NA,NA,NA,NA,NA,NA,NA,NA,0,NA,NA,NA,NA,NA,NA,NA,NA,NA,NA,NA,NA,NA,NA,NA,NA,NA,NA,NA,0,NA,NA,NA,NA,NA,NA,NA,NA,NA,NA,NA,NA,NA,NA,NA,NA,NA,NA,NA,NA,NA,NA,NA,NA,NA,NA,NA,NA,NA,0,NA,NA,NA,NA,0,NA,NA,NA,NA,0,NA,NA,NA,NA
M19 [Other Items],19.8',IFA- Pink ( Junior 6-10 yrs),5. Total Stock,0,NA,NA,NA,NA,0,NA,NA,NA,NA,0,NA,NA,NA,NA,0,NA,NA,NA,NA,0,NA,NA,NA,NA,0,NA,NA,NA,NA,0,NA,NA,NA,NA,0,NA,NA,NA,NA,0,NA,NA,NA,NA,0,NA,NA,NA,NA,0,NA,NA,NA,NA,0,NA,NA,NA,NA,0,NA,NA,NA,NA,NA,NA,NA,NA,NA,0,NA,NA,NA,NA,0,NA,NA,NA,NA,0,NA,NA,NA,NA,0,NA,NA,NA,NA,0,NA,NA,NA,NA,0,NA,NA,NA,NA,0,NA,NA,NA,NA,0,NA,NA,NA,NA,0,NA,NA,NA,NA
M19 [Other Items],'19.9',IFA Syrup (Paediatric),1. Balance From Previous Month,0,NA,NA,NA,NA,NA,NA,NA,NA,NA,NA,NA,NA,NA,NA,NA,NA,NA,NA,NA,NA,NA,NA,NA,NA,0,NA,NA,NA,NA,0,NA,NA,NA,NA,0,NA,NA,NA,NA,0,NA,NA,NA,NA,NA,NA,NA,NA,NA,0,NA,NA,NA,NA,NA,NA,NA,NA,NA,NA,NA,NA,NA,NA,NA,NA,NA,NA,NA,0,NA,NA,NA,NA,NA,NA,NA,NA,NA,NA,NA,NA,NA,NA,NA,NA,NA,NA,NA,NA,NA,NA,NA,NA,NA,NA,NA,NA,NA,0,NA,NA,NA,NA,0,NA,NA,NA,NA,0,NA,NA,NA,NA
M19 [Other Items],19.9',IFA Syrup (Paediatric),2. Stocks Received,0,NA,NA,NA,NA,NA,NA,NA,NA,NA,NA,NA,NA,NA,NA,NA,NA,NA,NA,NA,NA,NA,NA,NA,NA,0,NA,NA,NA,NA,NA,NA,NA,NA,NA,0,NA,NA,NA,NA,0,NA,NA,NA,NA,NA,NA,NA,NA,NA,0,NA,NA,NA,NA,NA,NA,NA,NA,NA,NA,NA,NA,NA,NA,NA,NA,NA,NA,NA,0,NA,NA,NA,NA,NA,NA,NA,NA,NA,NA,NA,NA,NA,NA,NA,NA,NA,NA,NA,NA,NA,NA,NA,NA,NA,NA,NA,NA,NA,0,NA,NA,NA,NA,0,NA,NA,NA,NA,0,NA,NA,NA,NA
M19 [Other Items],19.9',IFA Syrup (Paediatric),3. Unusable Stock,0,NA,NA,NA,NA,NA,NA,NA,NA,NA,NA,NA,NA,NA,NA,NA,NA,NA,NA,NA,NA,NA,NA,NA,NA,0,NA,NA,NA,NA,NA,NA,NA,NA,NA,0,NA,NA,NA,NA,0,NA,NA,NA,NA,NA,NA,NA,NA,NA,0,NA,NA,NA,NA,NA,NA,NA,NA,NA,NA,NA,NA,NA,NA,NA,NA,NA,NA,NA,0,NA,NA,NA,NA,NA,NA,NA,NA,NA,NA,NA,NA,NA,NA,NA,NA,NA,NA,NA,NA,NA,NA,NA,NA,NA,NA,NA,NA,NA,0,NA,NA,NA,NA,0,NA,NA,NA,NA,NA,NA,NA,NA,NA
M19 [Other Items],19.9',IFA Syrup (Paediatric),4. Stock Distributed,0,NA,NA,NA,NA,NA,NA,NA,NA,NA,NA,NA,NA,NA,NA,NA,NA,NA,NA,NA,NA,NA,NA,NA,NA,0,NA,NA,NA,NA,NA,NA,NA,NA,NA,0,NA,NA,NA,NA,0,NA,NA,NA,NA,NA,NA,NA,NA,NA,0,NA,NA,NA,NA,NA,NA,NA,NA,NA,NA,NA,NA,NA,NA,NA,NA,NA,NA,NA,0,NA,NA,NA,NA,NA,NA,NA,NA,NA,NA,NA,NA,NA,NA,NA,NA,NA,NA,NA,NA,NA,NA,NA,NA,NA,NA,NA,NA,NA,0,NA,NA,NA,NA,0,NA,NA,NA,NA,0,NA,NA,NA,NA
M19 [Other Items],19.9',IFA Syrup (Paediatric),5. Total Stock,0,NA,NA,NA,NA,0,NA,NA,NA,NA,0,NA,NA,NA,NA,0,NA,NA,NA,NA,0,NA,NA,NA,NA,0,NA,NA,NA,NA,0,NA,NA,NA,NA,0,NA,NA,NA,NA,0,NA,NA,NA,NA,0,NA,NA,NA,NA,0,NA,NA,NA,NA,0,NA,NA,NA,NA,0,NA,NA,NA,NA,NA,NA,NA,NA,NA,0,NA,NA,NA,NA,0,NA,NA,NA,NA,0,NA,NA,NA,NA,0,NA,NA,NA,NA,0,NA,NA,NA,NA,0,NA,NA,NA,NA,0,NA,NA,NA,NA,0,NA,NA,NA,NA,0,NA,NA,NA,NA
M19 [Other Items],'19.10',Paediatrics Antibiotics ( Amoxycillin and Injectable Gentamicin),1. Balance From Previous Month,0,NA,NA,NA,NA,NA,NA,NA,NA,NA,NA,NA,NA,NA,NA,NA,NA,NA,NA,NA,NA,NA,NA,NA,NA,NA,NA,NA,NA,NA,NA,NA,NA,NA,NA,0,NA,NA,NA,NA,0,NA,NA,NA,NA,NA,NA,NA,NA,NA,0,NA,NA,NA,NA,NA,NA,NA,NA,NA,NA,NA,NA,NA,NA,NA,NA,NA,NA,NA,0,NA,NA,NA,NA,NA,NA,NA,NA,NA,NA,NA,NA,NA,NA,NA,NA,NA,NA,NA,NA,NA,NA,NA,NA,NA,NA,NA,NA,NA,0,NA,NA,NA,NA,0,NA,NA,NA,NA,0,NA,NA,NA,NA
M19 [Other Items],19.10',Paediatrics Antibiotics ( Amoxycillin and Injectable Gentamicin),2. Stocks Received,0,NA,NA,NA,NA,NA,NA,NA,NA,NA,NA,NA,NA,NA,NA,NA,NA,NA,NA,NA,NA,NA,NA,NA,NA,NA,NA,NA,NA,NA,NA,NA,NA,NA,NA,0,NA,NA,NA,NA,0,NA,NA,NA,NA,NA,NA,NA,NA,NA,0,NA,NA,NA,NA,NA,NA,NA,NA,NA,NA,NA,NA,NA,NA,NA,NA,NA,NA,NA,0,NA,NA,NA,NA,NA,NA,NA,NA,NA,NA,NA,NA,NA,NA,NA,NA,NA,NA,NA,NA,NA,NA,NA,NA,NA,NA,NA,NA,NA,0,NA,NA,NA,NA,0,NA,NA,NA,NA,0,NA,NA,NA,NA
M19 [Other Items],19.10',Paediatrics Antibiotics ( Amoxycillin and Injectable Gentamicin),3. Unusable Stock,0,NA,NA,NA,NA,NA,NA,NA,NA,NA,NA,NA,NA,NA,NA,NA,NA,NA,NA,NA,NA,NA,NA,NA,NA,NA,NA,NA,NA,NA,NA,NA,NA,NA,NA,0,NA,NA,NA,NA,0,NA,NA,NA,NA,NA,NA,NA,NA,NA,0,NA,NA,NA,NA,NA,NA,NA,NA,NA,NA,NA,NA,NA,NA,NA,NA,NA,NA,NA,0,NA,NA,NA,NA,NA,NA,NA,NA,NA,NA,NA,NA,NA,NA,NA,NA,NA,NA,NA,NA,NA,NA,NA,NA,NA,NA,NA,NA,NA,0,NA,NA,NA,NA,0,NA,NA,NA,NA,NA,NA,NA,NA,NA
M19 [Other Items],19.10',Paediatrics Antibiotics ( Amoxycillin and Injectable Gentamicin),4. Stock Distributed,0,NA,NA,NA,NA,NA,NA,NA,NA,NA,NA,NA,NA,NA,NA,NA,NA,NA,NA,NA,NA,NA,NA,NA,NA,NA,NA,NA,NA,NA,NA,NA,NA,NA,NA,0,NA,NA,NA,NA,0,NA,NA,NA,NA,NA,NA,NA,NA,NA,0,NA,NA,NA,NA,NA,NA,NA,NA,NA,NA,NA,NA,NA,NA,NA,NA,NA,NA,NA,0,NA,NA,NA,NA,NA,NA,NA,NA,NA,NA,NA,NA,NA,NA,NA,NA,NA,NA,NA,NA,NA,NA,NA,NA,NA,NA,NA,NA,NA,0,NA,NA,NA,NA,0,NA,NA,NA,NA,0,NA,NA,NA,NA
M19 [Other Items],19.10',Paediatrics Antibiotics ( Amoxycillin and Injectable Gentamicin),5. Total Stock,0,NA,NA,NA,NA,0,NA,NA,NA,NA,0,NA,NA,NA,NA,0,NA,NA,NA,NA,0,NA,NA,NA,NA,0,NA,NA,NA,NA,0,NA,NA,NA,NA,0,NA,NA,NA,NA,0,NA,NA,NA,NA,0,NA,NA,NA,NA,0,NA,NA,NA,NA,0,NA,NA,NA,NA,0,NA,NA,NA,NA,NA,NA,NA,NA,NA,0,NA,NA,NA,NA,0,NA,NA,NA,NA,0,NA,NA,NA,NA,0,NA,NA,NA,NA,0,NA,NA,NA,NA,0,NA,NA,NA,NA,0,NA,NA,NA,NA,0,NA,NA,NA,NA,0,NA,NA,NA,NA
M19 [Other Items],'19.11',Vit A syrup,1. Balance From Previous Month,250,NA,NA,NA,NA,NA,NA,NA,NA,NA,NA,NA,NA,NA,NA,NA,NA,NA,NA,NA,NA,NA,NA,NA,NA,NA,NA,NA,NA,NA,0,NA,NA,NA,NA,0,NA,NA,NA,NA,0,NA,NA,NA,NA,NA,NA,NA,NA,NA,0,NA,NA,NA,NA,NA,NA,NA,NA,NA,NA,NA,NA,NA,NA,NA,NA,NA,NA,NA,250,NA,NA,NA,NA,NA,NA,NA,NA,NA,NA,NA,NA,NA,NA,NA,NA,NA,NA,NA,NA,NA,NA,NA,NA,NA,NA,NA,NA,NA,0,NA,NA,NA,NA,0,NA,NA,NA,NA,0,NA,NA,NA,NA
M19 [Other Items],19.11',Vit A syrup,2. Stocks Received,0,NA,NA,NA,NA,NA,NA,NA,NA,NA,NA,NA,NA,NA,NA,NA,NA,NA,NA,NA,NA,NA,NA,NA,NA,NA,NA,NA,NA,NA,NA,NA,NA,NA,NA,0,NA,NA,NA,NA,0,NA,NA,NA,NA,NA,NA,NA,NA,NA,0,NA,NA,NA,NA,NA,NA,NA,NA,NA,NA,NA,NA,NA,NA,NA,NA,NA,NA,NA,0,NA,NA,NA,NA,NA,NA,NA,NA,NA,NA,NA,NA,NA,NA,NA,NA,NA,NA,NA,NA,NA,NA,NA,NA,NA,NA,NA,NA,NA,0,NA,NA,NA,NA,0,NA,NA,NA,NA,0,NA,NA,NA,NA
M19 [Other Items],19.11',Vit A syrup,3. Unusable Stock,0,NA,NA,NA,NA,NA,NA,NA,NA,NA,NA,NA,NA,NA,NA,NA,NA,NA,NA,NA,NA,NA,NA,NA,NA,NA,NA,NA,NA,NA,NA,NA,NA,NA,NA,0,NA,NA,NA,NA,0,NA,NA,NA,NA,NA,NA,NA,NA,NA,0,NA,NA,NA,NA,NA,NA,NA,NA,NA,NA,NA,NA,NA,NA,NA,NA,NA,NA,NA,0,NA,NA,NA,NA,NA,NA,NA,NA,NA,NA,NA,NA,NA,NA,NA,NA,NA,NA,NA,NA,NA,NA,NA,NA,NA,NA,NA,NA,NA,0,NA,NA,NA,NA,0,NA,NA,NA,NA,NA,NA,NA,NA,NA
M19 [Other Items],19.11',Vit A syrup,4. Stock Distributed,100,NA,NA,NA,NA,NA,NA,NA,NA,NA,NA,NA,NA,NA,NA,NA,NA,NA,NA,NA,NA,NA,NA,NA,NA,NA,NA,NA,NA,NA,NA,NA,NA,NA,NA,0,NA,NA,NA,NA,0,NA,NA,NA,NA,NA,NA,NA,NA,NA,0,NA,NA,NA,NA,NA,NA,NA,NA,NA,NA,NA,NA,NA,NA,NA,NA,NA,NA,NA,100,NA,NA,NA,NA,NA,NA,NA,NA,NA,NA,NA,NA,NA,NA,NA,NA,NA,NA,NA,NA,NA,NA,NA,NA,NA,NA,NA,NA,NA,0,NA,NA,NA,NA,0,NA,NA,NA,NA,0,NA,NA,NA,NA
M19 [Other Items],19.11',Vit A syrup,5. Total Stock,150,NA,NA,NA,NA,0,NA,NA,NA,NA,0,NA,NA,NA,NA,0,NA,NA,NA,NA,0,NA,NA,NA,NA,0,NA,NA,NA,NA,0,NA,NA,NA,NA,0,NA,NA,NA,NA,0,NA,NA,NA,NA,0,NA,NA,NA,NA,0,NA,NA,NA,NA,0,NA,NA,NA,NA,0,NA,NA,NA,NA,NA,NA,NA,NA,NA,150,NA,NA,NA,NA,0,NA,NA,NA,NA,0,NA,NA,NA,NA,0,NA,NA,NA,NA,0,NA,NA,NA,NA,0,NA,NA,NA,NA,0,NA,NA,NA,NA,0,NA,NA,NA,NA,0,NA,NA,NA,NA
M19 [Other Items],'19.12',ORS (New WHO),1. Balance From Previous Month,51575,NA,NA,NA,NA,NA,NA,NA,NA,NA,NA,NA,NA,NA,NA,NA,NA,NA,NA,NA,NA,NA,NA,NA,NA,NA,NA,NA,NA,NA,0,NA,NA,NA,NA,0,NA,NA,NA,NA,0,NA,NA,NA,NA,NA,NA,NA,NA,NA,0,NA,NA,NA,NA,NA,NA,NA,NA,NA,NA,NA,NA,NA,NA,NA,NA,NA,NA,NA,41100,NA,NA,NA,NA,NA,NA,NA,NA,NA,9275,NA,NA,NA,NA,NA,NA,NA,NA,NA,NA,NA,NA,NA,NA,NA,NA,NA,NA,NA,0,NA,NA,NA,NA,0,NA,NA,NA,NA,1200,NA,NA,NA,NA
M19 [Other Items],19.12',ORS (New WHO),2. Stocks Received,0,NA,NA,NA,NA,NA,NA,NA,NA,NA,NA,NA,NA,NA,NA,NA,NA,NA,NA,NA,NA,NA,NA,NA,NA,NA,NA,NA,NA,NA,NA,NA,NA,NA,NA,0,NA,NA,NA,NA,0,NA,NA,NA,NA,NA,NA,NA,NA,NA,0,NA,NA,NA,NA,NA,NA,NA,NA,NA,NA,NA,NA,NA,NA,NA,NA,NA,NA,NA,0,NA,NA,NA,NA,NA,NA,NA,NA,NA,NA,NA,NA,NA,NA,NA,NA,NA,NA,NA,NA,NA,NA,NA,NA,NA,NA,NA,NA,NA,0,NA,NA,NA,NA,0,NA,NA,NA,NA,0,NA,NA,NA,NA
M19 [Other Items],19.12',ORS (New WHO),3. Unusable Stock,0,NA,NA,NA,NA,NA,NA,NA,NA,NA,NA,NA,NA,NA,NA,NA,NA,NA,NA,NA,NA,NA,NA,NA,NA,NA,NA,NA,NA,NA,NA,NA,NA,NA,NA,0,NA,NA,NA,NA,0,NA,NA,NA,NA,NA,NA,NA,NA,NA,0,NA,NA,NA,NA,NA,NA,NA,NA,NA,NA,NA,NA,NA,NA,NA,NA,NA,NA,NA,0,NA,NA,NA,NA,NA,NA,NA,NA,NA,NA,NA,NA,NA,NA,NA,NA,NA,NA,NA,NA,NA,NA,NA,NA,NA,NA,NA,NA,NA,0,NA,NA,NA,NA,0,NA,NA,NA,NA,NA,NA,NA,NA,NA
M19 [Other Items],19.12',ORS (New WHO),4. Stock Distributed,20700,NA,NA,NA,NA,NA,NA,NA,NA,NA,NA,NA,NA,NA,NA,NA,NA,NA,NA,NA,NA,NA,NA,NA,NA,NA,NA,NA,NA,NA,NA,NA,NA,NA,NA,0,NA,NA,NA,NA,0,NA,NA,NA,NA,NA,NA,NA,NA,NA,0,NA,NA,NA,NA,NA,NA,NA,NA,NA,NA,NA,NA,NA,NA,NA,NA,NA,NA,NA,17700,NA,NA,NA,NA,NA,NA,NA,NA,NA,1800,NA,NA,NA,NA,NA,NA,NA,NA,NA,NA,NA,NA,NA,NA,NA,NA,NA,NA,NA,0,NA,NA,NA,NA,0,NA,NA,NA,NA,1200,NA,NA,NA,NA
M19 [Other Items],19.12',ORS (New WHO),5. Total Stock,30875,NA,NA,NA,NA,NA,NA,NA,NA,NA,NA,NA,NA,NA,NA,NA,NA,NA,NA,NA,NA,NA,NA,NA,NA,NA,NA,NA,NA,NA,0,NA,NA,NA,NA,0,NA,NA,NA,NA,0,NA,NA,NA,NA,NA,NA,NA,NA,NA,0,NA,NA,NA,NA,NA,NA,NA,NA,NA,NA,NA,NA,NA,NA,NA,NA,NA,NA,NA,23400,NA,NA,NA,NA,NA,NA,NA,NA,NA,7475,NA,NA,NA,NA,NA,NA,NA,NA,NA,NA,NA,NA,NA,NA,NA,NA,NA,NA,NA,0,NA,NA,NA,NA,0,NA,NA,NA,NA,0,NA,NA,NA,NA
M19 [Other Items],'19.13',RTI /STI colour coded syndromic kits ( I to VII),1. Balance From Previous Month,0,NA,NA,NA,NA,NA,NA,NA,NA,NA,NA,NA,NA,NA,NA,NA,NA,NA,NA,NA,NA,NA,NA,NA,NA,NA,NA,NA,NA,NA,NA,NA,NA,NA,NA,0,NA,NA,NA,NA,0,NA,NA,NA,NA,NA,NA,NA,NA,NA,0,NA,NA,NA,NA,NA,NA,NA,NA,NA,NA,NA,NA,NA,NA,NA,NA,NA,NA,NA,NA,NA,NA,NA,NA,NA,NA,NA,NA,NA,NA,NA,NA,NA,NA,NA,NA,NA,NA,NA,NA,NA,NA,NA,NA,NA,NA,NA,NA,NA,0,NA,NA,NA,NA,0,NA,NA,NA,NA,0,NA,NA,NA,NA
M19 [Other Items],19.13',RTI /STI colour coded syndromic kits ( I to VII),2. Stocks Received,0,NA,NA,NA,NA,NA,NA,NA,NA,NA,NA,NA,NA,NA,NA,NA,NA,NA,NA,NA,NA,NA,NA,NA,NA,NA,NA,NA,NA,NA,NA,NA,NA,NA,NA,0,NA,NA,NA,NA,0,NA,NA,NA,NA,NA,NA,NA,NA,NA,0,NA,NA,NA,NA,NA,NA,NA,NA,NA,NA,NA,NA,NA,NA,NA,NA,NA,NA,NA,NA,NA,NA,NA,NA,NA,NA,NA,NA,NA,NA,NA,NA,NA,NA,NA,NA,NA,NA,NA,NA,NA,NA,NA,NA,NA,NA,NA,NA,NA,0,NA,NA,NA,NA,0,NA,NA,NA,NA,0,NA,NA,NA,NA
M19 [Other Items],19.13',RTI /STI colour coded syndromic kits ( I to VII),3. Unusable Stock,0,NA,NA,NA,NA,NA,NA,NA,NA,NA,NA,NA,NA,NA,NA,NA,NA,NA,NA,NA,NA,NA,NA,NA,NA,NA,NA,NA,NA,NA,NA,NA,NA,NA,NA,0,NA,NA,NA,NA,0,NA,NA,NA,NA,NA,NA,NA,NA,NA,0,NA,NA,NA,NA,NA,NA,NA,NA,NA,NA,NA,NA,NA,NA,NA,NA,NA,NA,NA,NA,NA,NA,NA,NA,NA,NA,NA,NA,NA,NA,NA,NA,NA,NA,NA,NA,NA,NA,NA,NA,NA,NA,NA,NA,NA,NA,NA,NA,NA,0,NA,NA,NA,NA,NA,NA,NA,NA,NA,NA,NA,NA,NA,NA
M19 [Other Items],19.13',RTI /STI colour coded syndromic kits ( I to VII),4. Stock Distributed,0,NA,NA,NA,NA,NA,NA,NA,NA,NA,NA,NA,NA,NA,NA,NA,NA,NA,NA,NA,NA,NA,NA,NA,NA,NA,NA,NA,NA,NA,NA,NA,NA,NA,NA,0,NA,NA,NA,NA,0,NA,NA,NA,NA,NA,NA,NA,NA,NA,0,NA,NA,NA,NA,NA,NA,NA,NA,NA,NA,NA,NA,NA,NA,NA,NA,NA,NA,NA,NA,NA,NA,NA,NA,NA,NA,NA,NA,NA,NA,NA,NA,NA,NA,NA,NA,NA,NA,NA,NA,NA,NA,NA,NA,NA,NA,NA,NA,NA,0,NA,NA,NA,NA,0,NA,NA,NA,NA,0,NA,NA,NA,NA
M19 [Other Items],19.13',RTI /STI colour coded syndromic kits ( I to VII),5. Total Stock,0,NA,NA,NA,NA,NA,NA,NA,NA,NA,NA,NA,NA,NA,NA,NA,NA,NA,NA,NA,NA,NA,NA,NA,NA,NA,NA,NA,NA,NA,NA,NA,NA,NA,NA,0,NA,NA,NA,NA,0,NA,NA,NA,NA,NA,NA,NA,NA,NA,0,NA,NA,NA,NA,NA,NA,NA,NA,NA,NA,NA,NA,NA,NA,NA,NA,NA,NA,NA,NA,NA,NA,NA,NA,NA,NA,NA,NA,NA,NA,NA,NA,NA,NA,NA,NA,NA,NA,NA,NA,NA,NA,NA,NA,NA,NA,NA,NA,NA,0,NA,NA,NA,NA,0,NA,NA,NA,NA,0,NA,NA,NA,NA
M19 [Other Items],'19.14',Zinc 20 mg tablet,1. Balance From Previous Month,47600,NA,NA,NA,NA,NA,NA,NA,NA,NA,NA,NA,NA,NA,NA,NA,NA,NA,NA,NA,NA,NA,NA,NA,NA,NA,NA,NA,NA,NA,26100,NA,NA,NA,NA,0,NA,NA,NA,NA,0,NA,NA,NA,NA,NA,NA,NA,NA,NA,0,NA,NA,NA,NA,NA,NA,NA,NA,NA,NA,NA,NA,NA,NA,NA,NA,NA,NA,NA,20000,NA,NA,NA,NA,NA,NA,NA,NA,NA,1500,NA,NA,NA,NA,NA,NA,NA,NA,NA,NA,NA,NA,NA,NA,NA,NA,NA,NA,NA,0,NA,NA,NA,NA,0,NA,NA,NA,NA,0,NA,NA,NA,NA
M19 [Other Items],19.14',Zinc 20 mg tablet,2. Stocks Received,0,NA,NA,NA,NA,NA,NA,NA,NA,NA,NA,NA,NA,NA,NA,NA,NA,NA,NA,NA,NA,NA,NA,NA,NA,NA,NA,NA,NA,NA,NA,NA,NA,NA,NA,0,NA,NA,NA,NA,0,NA,NA,NA,NA,NA,NA,NA,NA,NA,0,NA,NA,NA,NA,NA,NA,NA,NA,NA,NA,NA,NA,NA,NA,NA,NA,NA,NA,NA,0,NA,NA,NA,NA,NA,NA,NA,NA,NA,NA,NA,NA,NA,NA,NA,NA,NA,NA,NA,NA,NA,NA,NA,NA,NA,NA,NA,NA,NA,0,NA,NA,NA,NA,0,NA,NA,NA,NA,0,NA,NA,NA,NA
M19 [Other Items],19.14',Zinc 20 mg tablet,3. Unusable Stock,0,NA,NA,NA,NA,NA,NA,NA,NA,NA,NA,NA,NA,NA,NA,NA,NA,NA,NA,NA,NA,NA,NA,NA,NA,NA,NA,NA,NA,NA,NA,NA,NA,NA,NA,0,NA,NA,NA,NA,0,NA,NA,NA,NA,NA,NA,NA,NA,NA,0,NA,NA,NA,NA,NA,NA,NA,NA,NA,NA,NA,NA,NA,NA,NA,NA,NA,NA,NA,0,NA,NA,NA,NA,NA,NA,NA,NA,NA,NA,NA,NA,NA,NA,NA,NA,NA,NA,NA,NA,NA,NA,NA,NA,NA,NA,NA,NA,NA,0,NA,NA,NA,NA,0,NA,NA,NA,NA,NA,NA,NA,NA,NA
M19 [Other Items],19.14',Zinc 20 mg tablet,4. Stock Distributed,12100,NA,NA,NA,NA,NA,NA,NA,NA,NA,NA,NA,NA,NA,NA,NA,NA,NA,NA,NA,NA,NA,NA,NA,NA,NA,NA,NA,NA,NA,NA,NA,NA,NA,NA,0,NA,NA,NA,NA,0,NA,NA,NA,NA,NA,NA,NA,NA,NA,0,NA,NA,NA,NA,NA,NA,NA,NA,NA,NA,NA,NA,NA,NA,NA,NA,NA,NA,NA,12000,NA,NA,NA,NA,NA,NA,NA,NA,NA,100,NA,NA,NA,NA,NA,NA,NA,NA,NA,NA,NA,NA,NA,NA,NA,NA,NA,NA,NA,0,NA,NA,NA,NA,0,NA,NA,NA,NA,0,NA,NA,NA,NA
M19 [Other Items],19.14',Zinc 20 mg tablet,5. Total Stock,35500,NA,NA,NA,NA,NA,NA,NA,NA,NA,NA,NA,NA,NA,NA,NA,NA,NA,NA,NA,NA,NA,NA,NA,NA,NA,NA,NA,NA,NA,26100,NA,NA,NA,NA,0,NA,NA,NA,NA,0,NA,NA,NA,NA,NA,NA,NA,NA,NA,0,NA,NA,NA,NA,NA,NA,NA,NA,NA,NA,NA,NA,NA,NA,NA,NA,NA,NA,NA,8000,NA,NA,NA,NA,NA,NA,NA,NA,NA,1400,NA,NA,NA,NA,NA,NA,NA,NA,NA,NA,NA,NA,NA,NA,NA,NA,NA,NA,NA,0,NA,NA,NA,NA,0,NA,NA,NA,NA,0,NA,NA,NA,NA
M19 [Other Items],'19.15',Albendazole 400 mg tablet,1. Balance From Previous Month,480000,NA,NA,NA,NA,NA,NA,NA,NA,NA,NA,NA,NA,NA,NA,NA,NA,NA,NA,NA,NA,NA,NA,NA,NA,NA,NA,NA,NA,NA,0,NA,NA,NA,NA,0,NA,NA,NA,NA,0,NA,NA,NA,NA,NA,NA,NA,NA,NA,0,NA,NA,NA,NA,NA,NA,NA,NA,NA,NA,NA,NA,NA,NA,NA,NA,NA,NA,NA,480000,NA,NA,NA,NA,NA,NA,NA,NA,NA,NA,NA,NA,NA,NA,NA,NA,NA,NA,NA,NA,NA,NA,NA,NA,NA,NA,NA,NA,NA,0,NA,NA,NA,NA,0,NA,NA,NA,NA,0,NA,NA,NA,NA
M19 [Other Items],19.15',Albendazole 400 mg tablet,2. Stocks Received,195660,NA,NA,NA,NA,NA,NA,NA,NA,NA,NA,NA,NA,NA,NA,NA,NA,NA,NA,NA,NA,NA,NA,NA,NA,NA,NA,NA,NA,NA,195660,NA,NA,NA,NA,0,NA,NA,NA,NA,0,NA,NA,NA,NA,NA,NA,NA,NA,NA,0,NA,NA,NA,NA,NA,NA,NA,NA,NA,NA,NA,NA,NA,NA,NA,NA,NA,NA,NA,0,NA,NA,NA,NA,NA,NA,NA,NA,NA,NA,NA,NA,NA,NA,NA,NA,NA,NA,NA,NA,NA,NA,NA,NA,NA,NA,NA,NA,NA,0,NA,NA,NA,NA,0,NA,NA,NA,NA,0,NA,NA,NA,NA
M19 [Other Items],19.15',Albendazole 400 mg tablet,3. Unusable Stock,0,NA,NA,NA,NA,NA,NA,NA,NA,NA,NA,NA,NA,NA,NA,NA,NA,NA,NA,NA,NA,NA,NA,NA,NA,NA,NA,NA,NA,NA,NA,NA,NA,NA,NA,0,NA,NA,NA,NA,0,NA,NA,NA,NA,NA,NA,NA,NA,NA,0,NA,NA,NA,NA,NA,NA,NA,NA,NA,NA,NA,NA,NA,NA,NA,NA,NA,NA,NA,0,NA,NA,NA,NA,NA,NA,NA,NA,NA,NA,NA,NA,NA,NA,NA,NA,NA,NA,NA,NA,NA,NA,NA,NA,NA,NA,NA,NA,NA,0,NA,NA,NA,NA,0,NA,NA,NA,NA,NA,NA,NA,NA,NA
M19 [Other Items],19.15',Albendazole 400 mg tablet,4. Stock Distributed,675660,NA,NA,NA,NA,NA,NA,NA,NA,NA,NA,NA,NA,NA,NA,NA,NA,NA,NA,NA,NA,NA,NA,NA,NA,NA,NA,NA,NA,NA,195660,NA,NA,NA,NA,0,NA,NA,NA,NA,0,NA,NA,NA,NA,NA,NA,NA,NA,NA,0,NA,NA,NA,NA,NA,NA,NA,NA,NA,NA,NA,NA,NA,NA,NA,NA,NA,NA,NA,480000,NA,NA,NA,NA,NA,NA,NA,NA,NA,NA,NA,NA,NA,NA,NA,NA,NA,NA,NA,NA,NA,NA,NA,NA,NA,NA,NA,NA,NA,0,NA,NA,NA,NA,0,NA,NA,NA,NA,0,NA,NA,NA,NA
M19 [Other Items],19.15',Albendazole 400 mg tablet,5. Total Stock,0,NA,NA,NA,NA,NA,NA,NA,NA,NA,NA,NA,NA,NA,NA,NA,NA,NA,NA,NA,NA,NA,NA,NA,NA,NA,NA,NA,NA,NA,0,NA,NA,NA,NA,0,NA,NA,NA,NA,0,NA,NA,NA,NA,NA,NA,NA,NA,NA,0,NA,NA,NA,NA,NA,NA,NA,NA,NA,NA,NA,NA,NA,NA,NA,NA,NA,NA,NA,0,NA,NA,NA,NA,NA,NA,NA,NA,NA,NA,NA,NA,NA,NA,NA,NA,NA,NA,NA,NA,NA,NA,NA,NA,NA,NA,NA,NA,NA,0,NA,NA,NA,NA,0,NA,NA,NA,NA,0,NA,NA,NA,NA
M19 [Other Items],'19.16',Calcium Tablets,1. Balance From Previous Month,152500,NA,NA,NA,NA,NA,NA,NA,NA,NA,NA,NA,NA,NA,NA,NA,NA,NA,NA,NA,NA,NA,NA,NA,NA,NA,NA,NA,NA,NA,0,NA,NA,NA,NA,37000,NA,NA,NA,NA,0,NA,NA,NA,NA,NA,NA,NA,NA,NA,0,NA,NA,NA,NA,NA,NA,NA,NA,NA,NA,NA,NA,NA,NA,NA,NA,NA,NA,NA,115500,NA,NA,NA,NA,NA,NA,NA,NA,NA,NA,NA,NA,NA,NA,NA,NA,NA,NA,NA,NA,NA,NA,NA,NA,NA,NA,NA,NA,NA,0,NA,NA,NA,NA,0,NA,NA,NA,NA,0,NA,NA,NA,NA
M19 [Other Items],19.16',Calcium Tablets,2. Stocks Received,0,NA,NA,NA,NA,NA,NA,NA,NA,NA,NA,NA,NA,NA,NA,NA,NA,NA,NA,NA,NA,NA,NA,NA,NA,NA,NA,NA,NA,NA,NA,NA,NA,NA,NA,0,NA,NA,NA,NA,0,NA,NA,NA,NA,NA,NA,NA,NA,NA,0,NA,NA,NA,NA,NA,NA,NA,NA,NA,NA,NA,NA,NA,NA,NA,NA,NA,NA,NA,0,NA,NA,NA,NA,NA,NA,NA,NA,NA,NA,NA,NA,NA,NA,NA,NA,NA,NA,NA,NA,NA,NA,NA,NA,NA,NA,NA,NA,NA,0,NA,NA,NA,NA,0,NA,NA,NA,NA,0,NA,NA,NA,NA
M19 [Other Items],19.16',Calcium Tablets,3. Unusable Stock,0,NA,NA,NA,NA,NA,NA,NA,NA,NA,NA,NA,NA,NA,NA,NA,NA,NA,NA,NA,NA,NA,NA,NA,NA,NA,NA,NA,NA,NA,NA,NA,NA,NA,NA,0,NA,NA,NA,NA,0,NA,NA,NA,NA,NA,NA,NA,NA,NA,0,NA,NA,NA,NA,NA,NA,NA,NA,NA,NA,NA,NA,NA,NA,NA,NA,NA,NA,NA,0,NA,NA,NA,NA,NA,NA,NA,NA,NA,NA,NA,NA,NA,NA,NA,NA,NA,NA,NA,NA,NA,NA,NA,NA,NA,NA,NA,NA,NA,0,NA,NA,NA,NA,0,NA,NA,NA,NA,NA,NA,NA,NA,NA
M19 [Other Items],19.16',Calcium Tablets,4. Stock Distributed,59500,NA,NA,NA,NA,NA,NA,NA,NA,NA,NA,NA,NA,NA,NA,NA,NA,NA,NA,NA,NA,NA,NA,NA,NA,NA,NA,NA,NA,NA,NA,NA,NA,NA,NA,37000,NA,NA,NA,NA,0,NA,NA,NA,NA,NA,NA,NA,NA,NA,0,NA,NA,NA,NA,NA,NA,NA,NA,NA,NA,NA,NA,NA,NA,NA,NA,NA,NA,NA,22500,NA,NA,NA,NA,NA,NA,NA,NA,NA,NA,NA,NA,NA,NA,NA,NA,NA,NA,NA,NA,NA,NA,NA,NA,NA,NA,NA,NA,NA,0,NA,NA,NA,NA,0,NA,NA,NA,NA,0,NA,NA,NA,NA
M19 [Other Items],19.16',Calcium Tablets,5. Total Stock,130000,NA,NA,NA,NA,NA,NA,NA,NA,NA,NA,NA,NA,NA,NA,NA,NA,NA,NA,NA,NA,NA,NA,NA,NA,NA,NA,NA,NA,NA,0,NA,NA,NA,NA,37000,NA,NA,NA,NA,0,NA,NA,NA,NA,NA,NA,NA,NA,NA,0,NA,NA,NA,NA,NA,NA,NA,NA,NA,NA,NA,NA,NA,NA,NA,NA,NA,NA,NA,93000,NA,NA,NA,NA,NA,NA,NA,NA,NA,NA,NA,NA,NA,NA,NA,NA,NA,NA,NA,NA,NA,NA,NA,NA,NA,NA,NA,NA,NA,0,NA,NA,NA,NA,0,NA,NA,NA,NA,0,NA,NA,NA,NA
M20 [Syringes],'20.1',Syringes - 0.1 ml (AD),1. Balance From Previous Month,116050,NA,NA,NA,NA,0,NA,NA,NA,NA,6700,NA,NA,NA,NA,NA,NA,NA,NA,NA,10400,NA,NA,NA,NA,NA,NA,NA,NA,NA,8000,NA,NA,NA,NA,6700,NA,NA,NA,NA,4000,NA,NA,NA,NA,6700,NA,NA,NA,NA,6400,NA,NA,NA,NA,50,NA,NA,NA,NA,1400,NA,NA,NA,NA,NA,NA,NA,NA,NA,8000,NA,NA,NA,NA,6000,NA,NA,NA,NA,5700,NA,NA,NA,NA,9450,NA,NA,NA,NA,9350,NA,NA,NA,NA,NA,NA,NA,NA,NA,11800,NA,NA,NA,NA,8200,NA,NA,NA,NA,7200,NA,NA,NA,NA
M20 [Syringes],20.1',Syringes - 0.1 ml (AD),2. Stocks Received,26000,NA,NA,NA,NA,6000,NA,NA,NA,NA,0,NA,NA,NA,NA,NA,NA,NA,NA,NA,NA,NA,NA,NA,NA,NA,NA,NA,NA,NA,2000,NA,NA,NA,NA,0,NA,NA,NA,NA,0,NA,NA,NA,NA,0,NA,NA,NA,NA,0,NA,NA,NA,NA,8000,NA,NA,NA,NA,6000,NA,NA,NA,NA,NA,NA,NA,NA,NA,0,NA,NA,NA,NA,0,NA,NA,NA,NA,4000,NA,NA,NA,NA,0,NA,NA,NA,NA,0,NA,NA,NA,NA,NA,NA,NA,NA,NA,0,NA,NA,NA,NA,0,NA,NA,NA,NA,0,NA,NA,NA,NA
M20 [Syringes],20.1',Syringes - 0.1 ml (AD),3. Unusable Stock,0,NA,NA,NA,NA,0,NA,NA,NA,NA,0,NA,NA,NA,NA,NA,NA,NA,NA,NA,NA,NA,NA,NA,NA,NA,NA,NA,NA,NA,NA,NA,NA,NA,NA,0,NA,NA,NA,NA,0,NA,NA,NA,NA,0,NA,NA,NA,NA,0,NA,NA,NA,NA,NA,NA,NA,NA,NA,0,NA,NA,NA,NA,NA,NA,NA,NA,NA,0,NA,NA,NA,NA,0,NA,NA,NA,NA,NA,NA,NA,NA,NA,0,NA,NA,NA,NA,0,NA,NA,NA,NA,NA,NA,NA,NA,NA,0,NA,NA,NA,NA,0,NA,NA,NA,NA,NA,NA,NA,NA,NA
M20 [Syringes],20.1',Syringes - 0.1 ml (AD),4. Stock Distributed,112650,NA,NA,NA,NA,5600,NA,NA,NA,NA,6700,NA,NA,NA,NA,NA,NA,NA,NA,NA,10300,NA,NA,NA,NA,NA,NA,NA,NA,NA,8800,NA,NA,NA,NA,6300,NA,NA,NA,NA,1600,NA,NA,NA,NA,6600,NA,NA,NA,NA,4600,NA,NA,NA,NA,7450,NA,NA,NA,NA,5200,NA,NA,NA,NA,NA,NA,NA,NA,NA,7800,NA,NA,NA,NA,6000,NA,NA,NA,NA,3200,NA,NA,NA,NA,6200,NA,NA,NA,NA,4200,NA,NA,NA,NA,NA,NA,NA,NA,NA,6900,NA,NA,NA,NA,8200,NA,NA,NA,NA,7000,NA,NA,NA,NA
M20 [Syringes],20.1',Syringes - 0.1 ml (AD),5. Total Stock,29400,NA,NA,NA,NA,400,NA,NA,NA,NA,0,NA,NA,NA,NA,0,NA,NA,NA,NA,100,NA,NA,NA,NA,0,NA,NA,NA,NA,1200,NA,NA,NA,NA,400,NA,NA,NA,NA,2400,NA,NA,NA,NA,100,NA,NA,NA,NA,1800,NA,NA,NA,NA,600,NA,NA,NA,NA,2200,NA,NA,NA,NA,NA,NA,NA,NA,NA,200,NA,NA,NA,NA,0,NA,NA,NA,NA,6500,NA,NA,NA,NA,3250,NA,NA,NA,NA,5150,NA,NA,NA,NA,0,NA,NA,NA,NA,4900,NA,NA,NA,NA,0,NA,NA,NA,NA,200,NA,NA,NA,NA
M20 [Syringes],'20.2',Syringes - 0.5 ml (AD),1. Balance From Previous Month,1316895,NA,NA,NA,NA,89550,NA,NA,NA,NA,97000,NA,NA,NA,NA,NA,NA,NA,NA,NA,99695,NA,NA,NA,NA,NA,NA,NA,NA,NA,34850,NA,NA,NA,NA,12750,NA,NA,NA,NA,49000,NA,NA,NA,NA,22400,NA,NA,NA,NA,65050,NA,NA,NA,NA,18400,NA,NA,NA,NA,10600,NA,NA,NA,NA,NA,NA,NA,NA,NA,51000,NA,NA,NA,NA,7000,NA,NA,NA,NA,36640,NA,NA,NA,NA,223900,NA,NA,NA,NA,75610,NA,NA,NA,NA,NA,NA,NA,NA,NA,159800,NA,NA,NA,NA,222100,NA,NA,NA,NA,41550,NA,NA,NA,NA
M20 [Syringes],20.2',Syringes - 0.5 ml (AD),2. Stocks Received,147000,NA,NA,NA,NA,25200,NA,NA,NA,NA,0,NA,NA,NA,NA,NA,NA,NA,NA,NA,NA,NA,NA,NA,NA,NA,NA,NA,NA,NA,21000,NA,NA,NA,NA,16800,NA,NA,NA,NA,0,NA,NA,NA,NA,0,NA,NA,NA,NA,0,NA,NA,NA,NA,16800,NA,NA,NA,NA,25200,NA,NA,NA,NA,NA,NA,NA,NA,NA,21000,NA,NA,NA,NA,0,NA,NA,NA,NA,21000,NA,NA,NA,NA,0,NA,NA,NA,NA,0,NA,NA,NA,NA,NA,NA,NA,NA,NA,0,NA,NA,NA,NA,0,NA,NA,NA,NA,0,NA,NA,NA,NA
M20 [Syringes],20.2',Syringes - 0.5 ml (AD),3. Unusable Stock,136350,NA,NA,NA,NA,0,NA,NA,NA,NA,0,NA,NA,NA,NA,NA,NA,NA,NA,NA,NA,NA,NA,NA,NA,NA,NA,NA,NA,NA,NA,NA,NA,NA,NA,0,NA,NA,NA,NA,0,NA,NA,NA,NA,0,NA,NA,NA,NA,0,NA,NA,NA,NA,NA,NA,NA,NA,NA,0,NA,NA,NA,NA,NA,NA,NA,NA,NA,0,NA,NA,NA,NA,0,NA,NA,NA,NA,NA,NA,NA,NA,NA,0,NA,NA,NA,NA,0,NA,NA,NA,NA,NA,NA,NA,NA,NA,0,NA,NA,NA,NA,136350,NA,NA,NA,NA,NA,NA,NA,NA,NA
M20 [Syringes],20.2',Syringes - 0.5 ml (AD),4. Stock Distributed,510450,NA,NA,NA,NA,16800,NA,NA,NA,NA,41100,NA,NA,NA,NA,NA,NA,NA,NA,NA,63200,NA,NA,NA,NA,NA,NA,NA,NA,NA,36350,NA,NA,NA,NA,24650,NA,NA,NA,NA,1400,NA,NA,NA,NA,0,NA,NA,NA,NA,15000,NA,NA,NA,NA,30300,NA,NA,NA,NA,15750,NA,NA,NA,NA,NA,NA,NA,NA,NA,21000,NA,NA,NA,NA,7000,NA,NA,NA,NA,24500,NA,NA,NA,NA,40950,NA,NA,NA,NA,11600,NA,NA,NA,NA,NA,NA,NA,NA,NA,34500,NA,NA,NA,NA,85750,NA,NA,NA,NA,40600,NA,NA,NA,NA
M20 [Syringes],20.2',Syringes - 0.5 ml (AD),5. Total Stock,817095,NA,NA,NA,NA,97950,NA,NA,NA,NA,55900,NA,NA,NA,NA,0,NA,NA,NA,NA,36495,NA,NA,NA,NA,0,NA,NA,NA,NA,19500,NA,NA,NA,NA,4900,NA,NA,NA,NA,47600,NA,NA,NA,NA,22400,NA,NA,NA,NA,50050,NA,NA,NA,NA,4900,NA,NA,NA,NA,20050,NA,NA,NA,NA,NA,NA,NA,NA,NA,51000,NA,NA,NA,NA,0,NA,NA,NA,NA,33140,NA,NA,NA,NA,182950,NA,NA,NA,NA,64010,NA,NA,NA,NA,0,NA,NA,NA,NA,125300,NA,NA,NA,NA,0,NA,NA,NA,NA,950,NA,NA,NA,NA
M20 [Syringes],'20.3',Syringes - 5.0 ml (Disposable),1. Balance From Previous Month,39320,NA,NA,NA,NA,0,NA,NA,NA,NA,1840,NA,NA,NA,NA,NA,NA,NA,NA,NA,3200,NA,NA,NA,NA,NA,NA,NA,NA,NA,2700,NA,NA,NA,NA,1200,NA,NA,NA,NA,1100,NA,NA,NA,NA,2200,NA,NA,NA,NA,2100,NA,NA,NA,NA,NA,NA,NA,NA,NA,100,NA,NA,NA,NA,NA,NA,NA,NA,NA,1200,NA,NA,NA,NA,2400,NA,NA,NA,NA,730,NA,NA,NA,NA,1200,NA,NA,NA,NA,2750,NA,NA,NA,NA,NA,NA,NA,NA,NA,2000,NA,NA,NA,NA,12600,NA,NA,NA,NA,2000,NA,NA,NA,NA
M20 [Syringes],20.3',Syringes - 5.0 ml (Disposable),2. Stocks Received,9600,NA,NA,NA,NA,2400,NA,NA,NA,NA,0,NA,NA,NA,NA,NA,NA,NA,NA,NA,NA,NA,NA,NA,NA,NA,NA,NA,NA,NA,NA,NA,NA,NA,NA,NA,NA,NA,NA,NA,0,NA,NA,NA,NA,0,NA,NA,NA,NA,0,NA,NA,NA,NA,2400,NA,NA,NA,NA,2800,NA,NA,NA,NA,NA,NA,NA,NA,NA,0,NA,NA,NA,NA,0,NA,NA,NA,NA,2000,NA,NA,NA,NA,0,NA,NA,NA,NA,0,NA,NA,NA,NA,NA,NA,NA,NA,NA,0,NA,NA,NA,NA,0,NA,NA,NA,NA,0,NA,NA,NA,NA
M20 [Syringes],20.3',Syringes - 5.0 ml (Disposable),3. Unusable Stock,7700,NA,NA,NA,NA,0,NA,NA,NA,NA,0,NA,NA,NA,NA,NA,NA,NA,NA,NA,NA,NA,NA,NA,NA,NA,NA,NA,NA,NA,NA,NA,NA,NA,NA,0,NA,NA,NA,NA,0,NA,NA,NA,NA,0,NA,NA,NA,NA,0,NA,NA,NA,NA,NA,NA,NA,NA,NA,0,NA,NA,NA,NA,NA,NA,NA,NA,NA,0,NA,NA,NA,NA,0,NA,NA,NA,NA,NA,NA,NA,NA,NA,0,NA,NA,NA,NA,0,NA,NA,NA,NA,NA,NA,NA,NA,NA,0,NA,NA,NA,NA,7700,NA,NA,NA,NA,NA,NA,NA,NA,NA
M20 [Syringes],20.3',Syringes - 5.0 ml (Disposable),4. Stock Distributed,36630,NA,NA,NA,NA,2300,NA,NA,NA,NA,1840,NA,NA,NA,NA,NA,NA,NA,NA,NA,3200,NA,NA,NA,NA,NA,NA,NA,NA,NA,2700,NA,NA,NA,NA,1200,NA,NA,NA,NA,850,NA,NA,NA,NA,2000,NA,NA,NA,NA,1700,NA,NA,NA,NA,2400,NA,NA,NA,NA,2500,NA,NA,NA,NA,NA,NA,NA,NA,NA,1200,NA,NA,NA,NA,2400,NA,NA,NA,NA,920,NA,NA,NA,NA,1200,NA,NA,NA,NA,2100,NA,NA,NA,NA,NA,NA,NA,NA,NA,1500,NA,NA,NA,NA,4900,NA,NA,NA,NA,1720,NA,NA,NA,NA
M20 [Syringes],20.3',Syringes - 5.0 ml (Disposable),5. Total Stock,4590,NA,NA,NA,NA,100,NA,NA,NA,NA,0,NA,NA,NA,NA,0,NA,NA,NA,NA,0,NA,NA,NA,NA,0,NA,NA,NA,NA,0,NA,NA,NA,NA,0,NA,NA,NA,NA,250,NA,NA,NA,NA,200,NA,NA,NA,NA,400,NA,NA,NA,NA,0,NA,NA,NA,NA,400,NA,NA,NA,NA,NA,NA,NA,NA,NA,0,NA,NA,NA,NA,0,NA,NA,NA,NA,1810,NA,NA,NA,NA,0,NA,NA,NA,NA,650,NA,NA,NA,NA,0,NA,NA,NA,NA,500,NA,NA,NA,NA,0,NA,NA,NA,NA,280,NA,NA,NA,NA
M21 [Rashtriya Bal Swasthaya Karyakram (RBSK)],'21.1',Number of newborn screened for defects at birth (as per RBSK),TOTAL,14570,NA,NA,NA,NA,721,NA,NA,NA,NA,591,NA,NA,NA,NA,174,NA,NA,NA,NA,1171,NA,NA,NA,NA,89,NA,NA,NA,NA,174,NA,NA,NA,NA,639,NA,NA,NA,NA,256,NA,NA,NA,NA,780,NA,NA,NA,NA,600,NA,NA,NA,NA,1063,NA,NA,NA,NA,439,NA,NA,NA,NA,NA,NA,NA,NA,NA,1880,NA,NA,NA,NA,653,NA,NA,NA,NA,880,NA,NA,NA,NA,92,NA,NA,NA,NA,450,NA,NA,NA,NA,1222,NA,NA,NA,NA,38,NA,NA,NA,NA,1929,NA,NA,NA,NA,729,NA,NA,NA,NA
M21 [Rashtriya Bal Swasthaya Karyakram (RBSK)],'21.2',Number of children (6 month to 6 years) screened by RBSK mobile health teams at Anganwadi center,TOTAL,248045,NA,NA,NA,NA,9894,NA,NA,NA,NA,14802,NA,NA,NA,NA,6163,NA,NA,NA,NA,19900,NA,NA,NA,NA,2848,NA,NA,NA,NA,11867,NA,NA,NA,NA,16300,NA,NA,NA,NA,7375,NA,NA,NA,NA,1178,NA,NA,NA,NA,10728,NA,NA,NA,NA,15697,NA,NA,NA,NA,9643,NA,NA,NA,NA,8615,NA,NA,NA,NA,23769,NA,NA,NA,NA,11619,NA,NA,NA,NA,3178,NA,NA,NA,NA,12801,NA,NA,NA,NA,6631,NA,NA,NA,NA,6258,NA,NA,NA,NA,13840,NA,NA,NA,NA,16561,NA,NA,NA,NA,18378,NA,NA,NA,NA
M21 [Rashtriya Bal Swasthaya Karyakram (RBSK)],'21.3',Number of children (6 years to 18 years) screened by RBSK mobile health teams at Govt and Govt aided schools,TOTAL,10927,NA,NA,NA,NA,0,NA,NA,NA,NA,1,NA,NA,NA,NA,0,NA,NA,NA,NA,1708,NA,NA,NA,NA,16,NA,NA,NA,NA,508,NA,NA,NA,NA,0,NA,NA,NA,NA,21,NA,NA,NA,NA,1171,NA,NA,NA,NA,2349,NA,NA,NA,NA,197,NA,NA,NA,NA,506,NA,NA,NA,NA,968,NA,NA,NA,NA,0,NA,NA,NA,NA,0,NA,NA,NA,NA,2045,NA,NA,NA,NA,0,NA,NA,NA,NA,0,NA,NA,NA,NA,0,NA,NA,NA,NA,76,NA,NA,NA,NA,1357,NA,NA,NA,NA,4,NA,NA,NA,NA
M21 [Rashtriya Bal Swasthaya Karyakram (RBSK)],'21.4.1.a',Number of Male children identified with Disease,TOTAL,39361,NA,NA,NA,NA,1898,NA,NA,NA,NA,1444,NA,NA,NA,NA,921,NA,NA,NA,NA,5232,NA,NA,NA,NA,1286,NA,NA,NA,NA,2528,NA,NA,NA,NA,1901,NA,NA,NA,NA,728,NA,NA,NA,NA,902,NA,NA,NA,NA,1414,NA,NA,NA,NA,1795,NA,NA,NA,NA,2118,NA,NA,NA,NA,1130,NA,NA,NA,NA,2752,NA,NA,NA,NA,2323,NA,NA,NA,NA,1019,NA,NA,NA,NA,1411,NA,NA,NA,NA,909,NA,NA,NA,NA,580,NA,NA,NA,NA,1911,NA,NA,NA,NA,1845,NA,NA,NA,NA,3314,NA,NA,NA,NA
M21 [Rashtriya Bal Swasthaya Karyakram (RBSK)],'21.4.1.b',Number of Female children identified with Disease,TOTAL,44547,NA,NA,NA,NA,1794,NA,NA,NA,NA,1370,NA,NA,NA,NA,819,NA,NA,NA,NA,5201,NA,NA,NA,NA,1199,NA,NA,NA,NA,2475,NA,NA,NA,NA,1812,NA,NA,NA,NA,685,NA,NA,NA,NA,980,NA,NA,NA,NA,1200,NA,NA,NA,NA,1755,NA,NA,NA,NA,1946,NA,NA,NA,NA,927,NA,NA,NA,NA,2663,NA,NA,NA,NA,2287,NA,NA,NA,NA,885,NA,NA,NA,NA,8138,NA,NA,NA,NA,896,NA,NA,NA,NA,481,NA,NA,NA,NA,1897,NA,NA,NA,NA,1723,NA,NA,NA,NA,3414,NA,NA,NA,NA
M21 [Rashtriya Bal Swasthaya Karyakram (RBSK)],'21.4.2.a',Number of Male children identified with Deficiency,TOTAL,14615,NA,NA,NA,NA,661,NA,NA,NA,NA,1119,NA,NA,NA,NA,495,NA,NA,NA,NA,257,NA,NA,NA,NA,534,NA,NA,NA,NA,673,NA,NA,NA,NA,1599,NA,NA,NA,NA,514,NA,NA,NA,NA,909,NA,NA,NA,NA,1055,NA,NA,NA,NA,85,NA,NA,NA,NA,502,NA,NA,NA,NA,347,NA,NA,NA,NA,655,NA,NA,NA,NA,535,NA,NA,NA,NA,110,NA,NA,NA,NA,360,NA,NA,NA,NA,156,NA,NA,NA,NA,1237,NA,NA,NA,NA,1444,NA,NA,NA,NA,760,NA,NA,NA,NA,608,NA,NA,NA,NA
M21 [Rashtriya Bal Swasthaya Karyakram (RBSK)],'21.4.2.b',Number of Female children identified with Deficiency,TOTAL,15039,NA,NA,NA,NA,728,NA,NA,NA,NA,1110,NA,NA,NA,NA,499,NA,NA,NA,NA,261,NA,NA,NA,NA,513,NA,NA,NA,NA,873,NA,NA,NA,NA,1384,NA,NA,NA,NA,475,NA,NA,NA,NA,1149,NA,NA,NA,NA,983,NA,NA,NA,NA,85,NA,NA,NA,NA,517,NA,NA,NA,NA,342,NA,NA,NA,NA,725,NA,NA,NA,NA,505,NA,NA,NA,NA,113,NA,NA,NA,NA,396,NA,NA,NA,NA,136,NA,NA,NA,NA,1270,NA,NA,NA,NA,1497,NA,NA,NA,NA,803,NA,NA,NA,NA,675,NA,NA,NA,NA
M21 [Rashtriya Bal Swasthaya Karyakram (RBSK)],'21.4.3.a',Number of Male children identified with Developmental delay,TOTAL,3233,NA,NA,NA,NA,145,NA,NA,NA,NA,125,NA,NA,NA,NA,93,NA,NA,NA,NA,265,NA,NA,NA,NA,155,NA,NA,NA,NA,272,NA,NA,NA,NA,133,NA,NA,NA,NA,60,NA,NA,NA,NA,146,NA,NA,NA,NA,174,NA,NA,NA,NA,102,NA,NA,NA,NA,118,NA,NA,NA,NA,33,NA,NA,NA,NA,98,NA,NA,NA,NA,270,NA,NA,NA,NA,145,NA,NA,NA,NA,142,NA,NA,NA,NA,19,NA,NA,NA,NA,269,NA,NA,NA,NA,139,NA,NA,NA,NA,164,NA,NA,NA,NA,166,NA,NA,NA,NA
M21 [Rashtriya Bal Swasthaya Karyakram (RBSK)],'21.4.3.b',Number of Female children identified with Developmental delay,TOTAL,2765,NA,NA,NA,NA,98,NA,NA,NA,NA,129,NA,NA,NA,NA,87,NA,NA,NA,NA,268,NA,NA,NA,NA,92,NA,NA,NA,NA,260,NA,NA,NA,NA,144,NA,NA,NA,NA,37,NA,NA,NA,NA,188,NA,NA,NA,NA,128,NA,NA,NA,NA,95,NA,NA,NA,NA,97,NA,NA,NA,NA,30,NA,NA,NA,NA,72,NA,NA,NA,NA,255,NA,NA,NA,NA,154,NA,NA,NA,NA,112,NA,NA,NA,NA,13,NA,NA,NA,NA,143,NA,NA,NA,NA,131,NA,NA,NA,NA,135,NA,NA,NA,NA,97,NA,NA,NA,NA
M21 [Rashtriya Bal Swasthaya Karyakram (RBSK)],'21.5.1',Number of Children Managed by Intervention - Medical,TOTAL,59578,NA,NA,NA,NA,3205,NA,NA,NA,NA,2784,NA,NA,NA,NA,1405,NA,NA,NA,NA,5663,NA,NA,NA,NA,2468,NA,NA,NA,NA,3001,NA,NA,NA,NA,3240,NA,NA,NA,NA,191,NA,NA,NA,NA,1140,NA,NA,NA,NA,2903,NA,NA,NA,NA,2502,NA,NA,NA,NA,2137,NA,NA,NA,NA,1818,NA,NA,NA,NA,3301,NA,NA,NA,NA,4241,NA,NA,NA,NA,2667,NA,NA,NA,NA,2440,NA,NA,NA,NA,1119,NA,NA,NA,NA,1470,NA,NA,NA,NA,3761,NA,NA,NA,NA,2680,NA,NA,NA,NA,5442,NA,NA,NA,NA
M21 [Rashtriya Bal Swasthaya Karyakram (RBSK)],'21.5.2',Number of Children Managed by Intervention - Surgical,TOTAL,107,NA,NA,NA,NA,1,NA,NA,NA,NA,1,NA,NA,NA,NA,1,NA,NA,NA,NA,4,NA,NA,NA,NA,3,NA,NA,NA,NA,3,NA,NA,NA,NA,3,NA,NA,NA,NA,2,NA,NA,NA,NA,7,NA,NA,NA,NA,2,NA,NA,NA,NA,0,NA,NA,NA,NA,6,NA,NA,NA,NA,23,NA,NA,NA,NA,1,NA,NA,NA,NA,10,NA,NA,NA,NA,6,NA,NA,NA,NA,6,NA,NA,NA,NA,3,NA,NA,NA,NA,1,NA,NA,NA,NA,11,NA,NA,NA,NA,6,NA,NA,NA,NA,7,NA,NA,NA,NA
M21 [Rashtriya Bal Swasthaya Karyakram (RBSK)],'21.5.3',Early intervention at DEIC ( District Early Intervention Centre),TOTAL,2614,NA,NA,NA,NA,57,NA,NA,NA,NA,0,NA,NA,NA,NA,0,NA,NA,NA,NA,680,NA,NA,NA,NA,51,NA,NA,NA,NA,25,NA,NA,NA,NA,10,NA,NA,NA,NA,1,NA,NA,NA,NA,4,NA,NA,NA,NA,584,NA,NA,NA,NA,17,NA,NA,NA,NA,73,NA,NA,NA,NA,11,NA,NA,NA,NA,20,NA,NA,NA,NA,45,NA,NA,NA,NA,46,NA,NA,NA,NA,411,NA,NA,NA,NA,20,NA,NA,NA,NA,64,NA,NA,NA,NA,423,NA,NA,NA,NA,16,NA,NA,NA,NA,56,NA,NA,NA,NA
M22 [Adolscent Health],'22.1.1.a',Girls (6th -12th class) provided 4 IFA tablets in schools,TOTAL,496672,NA,NA,NA,NA,20173,NA,NA,NA,NA,24686,NA,NA,NA,NA,6555,NA,NA,NA,NA,19680,NA,NA,NA,NA,19773,NA,NA,NA,NA,30500,NA,NA,NA,NA,43033,NA,NA,NA,NA,13564,NA,NA,NA,NA,25389,NA,NA,NA,NA,25832,NA,NA,NA,NA,29569,NA,NA,NA,NA,19337,NA,NA,NA,NA,NA,NA,NA,NA,NA,26924,NA,NA,NA,NA,33765,NA,NA,NA,NA,12080,NA,NA,NA,NA,23616,NA,NA,NA,NA,15818,NA,NA,NA,NA,19940,NA,NA,NA,NA,30939,NA,NA,NA,NA,28987,NA,NA,NA,NA,26512,NA,NA,NA,NA
M22 [Adolscent Health],'22.1.1.b',Boys (6th -12th class) provided 4 IFA tablets in schools,TOTAL,484070,NA,NA,NA,NA,21219,NA,NA,NA,NA,20106,NA,NA,NA,NA,5591,NA,NA,NA,NA,17041,NA,NA,NA,NA,21555,NA,NA,NA,NA,37450,NA,NA,NA,NA,37757,NA,NA,NA,NA,12365,NA,NA,NA,NA,23181,NA,NA,NA,NA,26943,NA,NA,NA,NA,28046,NA,NA,NA,NA,19930,NA,NA,NA,NA,NA,NA,NA,NA,NA,34872,NA,NA,NA,NA,31924,NA,NA,NA,NA,11870,NA,NA,NA,NA,21823,NA,NA,NA,NA,14073,NA,NA,NA,NA,15670,NA,NA,NA,NA,30514,NA,NA,NA,NA,27265,NA,NA,NA,NA,24875,NA,NA,NA,NA
M22 [Adolscent Health],'22.1.2.a',Girls (6th -12th class) provided albendazole in schools,TOTAL,2512,NA,NA,NA,NA,0,NA,NA,NA,NA,NA,NA,NA,NA,NA,0,NA,NA,NA,NA,NA,NA,NA,NA,NA,0,NA,NA,NA,NA,0,NA,NA,NA,NA,0,NA,NA,NA,NA,0,NA,NA,NA,NA,0,NA,NA,NA,NA,0,NA,NA,NA,NA,NA,NA,NA,NA,NA,NA,NA,NA,NA,NA,NA,NA,NA,NA,NA,NA,NA,NA,NA,NA,NA,NA,NA,NA,NA,2512,NA,NA,NA,NA,NA,NA,NA,NA,NA,NA,NA,NA,NA,NA,NA,NA,NA,NA,NA,0,NA,NA,NA,NA,0,NA,NA,NA,NA,NA,NA,NA,NA,NA
M22 [Adolscent Health],'22.1.2.b',Boys (6th -12th class) provided albendazole in schools,TOTAL,2250,NA,NA,NA,NA,0,NA,NA,NA,NA,NA,NA,NA,NA,NA,0,NA,NA,NA,NA,NA,NA,NA,NA,NA,0,NA,NA,NA,NA,0,NA,NA,NA,NA,0,NA,NA,NA,NA,0,NA,NA,NA,NA,0,NA,NA,NA,NA,0,NA,NA,NA,NA,NA,NA,NA,NA,NA,NA,NA,NA,NA,NA,NA,NA,NA,NA,NA,NA,NA,NA,NA,NA,NA,NA,NA,NA,NA,2250,NA,NA,NA,NA,NA,NA,NA,NA,NA,NA,NA,NA,NA,NA,NA,NA,NA,NA,NA,0,NA,NA,NA,NA,0,NA,NA,NA,NA,NA,NA,NA,NA,NA
M22 [Adolscent Health],'22.1.3',Number of out of school adolscent girls (10-19 years) provided 4 IFA tablets at Anganwadi Centres,TOTAL,26211,NA,NA,NA,NA,12,NA,NA,NA,NA,2310,NA,NA,NA,NA,0,NA,NA,NA,NA,NA,NA,NA,NA,NA,1482,NA,NA,NA,NA,2230,NA,NA,NA,NA,1386,NA,NA,NA,NA,0,NA,NA,NA,NA,2193,NA,NA,NA,NA,2487,NA,NA,NA,NA,69,NA,NA,NA,NA,1243,NA,NA,NA,NA,NA,NA,NA,NA,NA,2796,NA,NA,NA,NA,743,NA,NA,NA,NA,86,NA,NA,NA,NA,1004,NA,NA,NA,NA,NA,NA,NA,NA,NA,800,NA,NA,NA,NA,2343,NA,NA,NA,NA,2703,NA,NA,NA,NA,2324,NA,NA,NA,NA
M22 [Adolscent Health],'22.1.4',Number of out of school adolscent girls (10-19 years) provided albendazole at Anganwadi Centres,TOTAL,0,NA,NA,NA,NA,0,NA,NA,NA,NA,NA,NA,NA,NA,NA,0,NA,NA,NA,NA,NA,NA,NA,NA,NA,0,NA,NA,NA,NA,0,NA,NA,NA,NA,0,NA,NA,NA,NA,0,NA,NA,NA,NA,0,NA,NA,NA,NA,0,NA,NA,NA,NA,NA,NA,NA,NA,NA,NA,NA,NA,NA,NA,NA,NA,NA,NA,NA,NA,NA,NA,NA,NA,NA,NA,NA,NA,NA,NA,NA,NA,NA,NA,NA,NA,NA,NA,NA,NA,NA,NA,NA,NA,NA,NA,NA,NA,NA,0,NA,NA,NA,NA,0,NA,NA,NA,NA,NA,NA,NA,NA,NA
M22 [Adolscent Health],'22.2.1',Number of adolescent girls provided sanitary napkin packs,TOTAL,0,NA,NA,NA,NA,0,NA,NA,NA,NA,0,NA,NA,NA,NA,0,NA,NA,NA,NA,NA,NA,NA,NA,NA,NA,NA,NA,NA,NA,0,NA,NA,NA,NA,0,NA,NA,NA,NA,0,NA,NA,NA,NA,0,NA,NA,NA,NA,NA,NA,NA,NA,NA,NA,NA,NA,NA,NA,NA,NA,NA,NA,NA,NA,NA,NA,NA,NA,NA,NA,NA,NA,NA,NA,NA,NA,NA,NA,NA,NA,NA,NA,NA,NA,NA,NA,NA,NA,NA,NA,NA,NA,NA,NA,NA,NA,NA,NA,0,NA,NA,NA,NA,0,NA,NA,NA,NA,NA,NA,NA,NA,NA
M22 [Adolscent Health],'22.2.2',Number of sanitary napkin packs sold to adolescent girls,TOTAL,0,NA,NA,NA,NA,0,NA,NA,NA,NA,0,NA,NA,NA,NA,0,NA,NA,NA,NA,NA,NA,NA,NA,NA,NA,NA,NA,NA,NA,0,NA,NA,NA,NA,0,NA,NA,NA,NA,0,NA,NA,NA,NA,0,NA,NA,NA,NA,NA,NA,NA,NA,NA,NA,NA,NA,NA,NA,NA,NA,NA,NA,NA,NA,NA,NA,NA,NA,NA,NA,NA,NA,NA,NA,NA,NA,NA,NA,NA,NA,NA,NA,NA,NA,NA,NA,NA,NA,NA,NA,NA,NA,NA,NA,NA,NA,NA,NA,0,NA,NA,NA,NA,0,NA,NA,NA,NA,NA,NA,NA,NA,NA
M22 [Adolscent Health],'22.2.3',Number of sanitary napkin packs distributed free to ASHA,TOTAL,0,NA,NA,NA,NA,0,NA,NA,NA,NA,0,NA,NA,NA,NA,0,NA,NA,NA,NA,NA,NA,NA,NA,NA,NA,NA,NA,NA,NA,0,NA,NA,NA,NA,0,NA,NA,NA,NA,0,NA,NA,NA,NA,0,NA,NA,NA,NA,NA,NA,NA,NA,NA,NA,NA,NA,NA,NA,NA,NA,NA,NA,NA,NA,NA,NA,NA,NA,NA,NA,NA,NA,NA,NA,NA,NA,NA,NA,NA,NA,NA,NA,NA,NA,NA,NA,NA,NA,NA,NA,NA,NA,NA,NA,NA,NA,NA,NA,0,NA,NA,NA,NA,0,NA,NA,NA,NA,NA,NA,NA,NA,NA
M22 [Adolscent Health],'22.2.4',Number of adolescent girls attended monthly meeting,TOTAL,0,NA,NA,NA,NA,0,NA,NA,NA,NA,NA,NA,NA,NA,NA,0,NA,NA,NA,NA,NA,NA,NA,NA,NA,NA,NA,NA,NA,NA,0,NA,NA,NA,NA,0,NA,NA,NA,NA,0,NA,NA,NA,NA,0,NA,NA,NA,NA,NA,NA,NA,NA,NA,NA,NA,NA,NA,NA,NA,NA,NA,NA,NA,NA,NA,NA,NA,NA,NA,NA,NA,NA,NA,NA,NA,NA,NA,NA,NA,NA,NA,NA,NA,NA,NA,NA,NA,NA,NA,NA,NA,NA,NA,NA,NA,NA,NA,NA,0,NA,NA,NA,NA,0,NA,NA,NA,NA,NA,NA,NA,NA,NA
M23 [Coverage under WIFS JUNIOR (Weekly Iron Folic Acid Supplementation Programme for children 6 - 1,'23.1',Number of children covered under WIFS JUNIOR (6 - 10 years ) provided 4-5 IFA tablets in schools,TOTAL,0,NA,NA,NA,NA,0,NA,NA,NA,NA,NA,NA,NA,NA,NA,0,NA,NA,NA,NA,NA,NA,NA,NA,NA,0,NA,NA,NA,NA,0,NA,NA,NA,NA,0,NA,NA,NA,NA,0,NA,NA,NA,NA,NA,NA,NA,NA,NA,NA,NA,NA,NA,NA,NA,NA,NA,NA,NA,NA,NA,NA,NA,NA,NA,NA,NA,NA,NA,NA,NA,NA,NA,NA,0,NA,NA,NA,NA,NA,NA,NA,NA,NA,NA,NA,NA,NA,NA,NA,NA,NA,NA,NA,NA,NA,NA,NA,NA,0,NA,NA,NA,NA,0,NA,NA,NA,NA,NA,NA,NA,NA,NA
M23 [Coverage under WIFS JUNIOR (Weekly Iron Folic Acid Supplementation Programme for children 6 - 1,'23.2',Number of children (6 - 10 years) provided albendazole in schools,TOTAL,0,NA,NA,NA,NA,0,NA,NA,NA,NA,NA,NA,NA,NA,NA,0,NA,NA,NA,NA,NA,NA,NA,NA,NA,0,NA,NA,NA,NA,0,NA,NA,NA,NA,0,NA,NA,NA,NA,0,NA,NA,NA,NA,NA,NA,NA,NA,NA,NA,NA,NA,NA,NA,NA,NA,NA,NA,NA,NA,NA,NA,NA,NA,NA,NA,NA,NA,NA,NA,NA,NA,NA,NA,0,NA,NA,NA,NA,NA,NA,NA,NA,NA,NA,NA,NA,NA,NA,NA,NA,NA,NA,NA,NA,NA,NA,NA,NA,0,NA,NA,NA,NA,0,NA,NA,NA,NA,NA,NA,NA,NA,NA
M23 [Coverage under WIFS JUNIOR (Weekly Iron Folic Acid Supplementation Programme for children 6 - 1,'23.3',Number of out of school children (6-10 years) given 4-5 IFA tablets at Anganwadi Centres,TOTAL,0,NA,NA,NA,NA,0,NA,NA,NA,NA,NA,NA,NA,NA,NA,0,NA,NA,NA,NA,NA,NA,NA,NA,NA,0,NA,NA,NA,NA,0,NA,NA,NA,NA,0,NA,NA,NA,NA,0,NA,NA,NA,NA,NA,NA,NA,NA,NA,NA,NA,NA,NA,NA,NA,NA,NA,NA,NA,NA,NA,NA,NA,NA,NA,NA,NA,NA,NA,NA,NA,NA,NA,NA,0,NA,NA,NA,NA,NA,NA,NA,NA,NA,NA,NA,NA,NA,NA,NA,NA,NA,NA,NA,NA,NA,NA,NA,NA,0,NA,NA,NA,NA,0,NA,NA,NA,NA,NA,NA,NA,NA,NA
M23 [Coverage under WIFS JUNIOR (Weekly Iron Folic Acid Supplementation Programme for children 6 - 1,'23.4',Number of out of school children (6-10 years) provided albendazole at Anganwadi Centres,TOTAL,0,NA,NA,NA,NA,0,NA,NA,NA,NA,NA,NA,NA,NA,NA,0,NA,NA,NA,NA,NA,NA,NA,NA,NA,0,NA,NA,NA,NA,0,NA,NA,NA,NA,0,NA,NA,NA,NA,0,NA,NA,NA,NA,NA,NA,NA,NA,NA,NA,NA,NA,NA,NA,NA,NA,NA,NA,NA,NA,NA,NA,NA,NA,NA,NA,NA,NA,NA,NA,NA,NA,NA,NA,0,NA,NA,NA,NA,NA,NA,NA,NA,NA,NA,NA,NA,NA,NA,NA,NA,NA,NA,NA,NA,NA,NA,NA,NA,0,NA,NA,NA,NA,0,NA,NA,NA,NA,NA,NA,NA,NA,NA
M24 [Maternal Death Reviews (MDR) Done],'24.1',Total Maternal Deaths Reviewed (MDR) by CMO,TOTAL,6,NA,NA,NA,NA,1,NA,NA,NA,NA,0,NA,NA,NA,NA,0,NA,NA,NA,NA,NA,NA,NA,NA,NA,NA,NA,NA,NA,NA,3,NA,NA,NA,NA,0,NA,NA,NA,NA,0,NA,NA,NA,NA,NA,NA,NA,NA,NA,0,NA,NA,NA,NA,2,NA,NA,NA,NA,0,NA,NA,NA,NA,NA,NA,NA,NA,NA,NA,NA,NA,NA,NA,0,NA,NA,NA,NA,NA,NA,NA,NA,NA,NA,NA,NA,NA,NA,0,NA,NA,NA,NA,NA,NA,NA,NA,NA,0,NA,NA,NA,NA,0,NA,NA,NA,NA,NA,NA,NA,NA,NA
M24 [Maternal Death Reviews (MDR) Done],'24.2',Total Maternal Deaths Reviewed (MDR) by DM,TOTAL,0,NA,NA,NA,NA,0,NA,NA,NA,NA,0,NA,NA,NA,NA,0,NA,NA,NA,NA,NA,NA,NA,NA,NA,NA,NA,NA,NA,NA,NA,NA,NA,NA,NA,0,NA,NA,NA,NA,0,NA,NA,NA,NA,NA,NA,NA,NA,NA,0,NA,NA,NA,NA,0,NA,NA,NA,NA,0,NA,NA,NA,NA,NA,NA,NA,NA,NA,NA,NA,NA,NA,NA,0,NA,NA,NA,NA,NA,NA,NA,NA,NA,NA,NA,NA,NA,NA,0,NA,NA,NA,NA,NA,NA,NA,NA,NA,0,NA,NA,NA,NA,0,NA,NA,NA,NA,NA,NA,NA,NA,NA
M24 [Maternal Death Reviews (MDR) Done],'24.3',Number of maternal deaths reported through Community based Maternal Death Review (CBMDR),TOTAL,10,NA,NA,NA,NA,1,NA,NA,NA,NA,3,NA,NA,NA,NA,0,NA,NA,NA,NA,NA,NA,NA,NA,NA,NA,NA,NA,NA,NA,3,NA,NA,NA,NA,0,NA,NA,NA,NA,0,NA,NA,NA,NA,NA,NA,NA,NA,NA,0,NA,NA,NA,NA,3,NA,NA,NA,NA,0,NA,NA,NA,NA,NA,NA,NA,NA,NA,NA,NA,NA,NA,NA,0,NA,NA,NA,NA,NA,NA,NA,NA,NA,NA,NA,NA,NA,NA,0,NA,NA,NA,NA,NA,NA,NA,NA,NA,0,NA,NA,NA,NA,0,NA,NA,NA,NA,NA,NA,NA,NA,NA
M25 [Janani Shishu Suraksha Karyakram (JSSK)],'25.1.1',Number of Pregnant Women provided - Free Medicines under JSSK,TOTAL,24859,NA,NA,NA,NA,1824,NA,NA,NA,NA,1940,NA,NA,NA,NA,829,NA,NA,NA,NA,773,NA,NA,NA,NA,1471,NA,NA,NA,NA,821,NA,NA,NA,NA,2078,NA,NA,NA,NA,531,NA,NA,NA,NA,1754,NA,NA,NA,NA,607,NA,NA,NA,NA,1073,NA,NA,NA,NA,1615,NA,NA,NA,NA,NA,NA,NA,NA,NA,1897,NA,NA,NA,NA,2628,NA,NA,NA,NA,491,NA,NA,NA,NA,1001,NA,NA,NA,NA,441,NA,NA,NA,NA,345,NA,NA,NA,NA,821,NA,NA,NA,NA,1179,NA,NA,NA,NA,740,NA,NA,NA,NA
M25 [Janani Shishu Suraksha Karyakram (JSSK)],'25.1.2',Number of Pregnant Women provided - Free Diet under JSSK,TOTAL,19584,NA,NA,NA,NA,721,NA,NA,NA,NA,1924,NA,NA,NA,NA,135,NA,NA,NA,NA,773,NA,NA,NA,NA,1471,NA,NA,NA,NA,805,NA,NA,NA,NA,2070,NA,NA,NA,NA,521,NA,NA,NA,NA,715,NA,NA,NA,NA,604,NA,NA,NA,NA,1033,NA,NA,NA,NA,432,NA,NA,NA,NA,NA,NA,NA,NA,NA,1851,NA,NA,NA,NA,807,NA,NA,NA,NA,491,NA,NA,NA,NA,827,NA,NA,NA,NA,436,NA,NA,NA,NA,1277,NA,NA,NA,NA,772,NA,NA,NA,NA,1179,NA,NA,NA,NA,740,NA,NA,NA,NA
M25 [Janani Shishu Suraksha Karyakram (JSSK)],'25.1.3',Number of Pregnant Women provided - Free Diagnostics under JSSK,TOTAL,25537,NA,NA,NA,NA,1824,NA,NA,NA,NA,1940,NA,NA,NA,NA,829,NA,NA,NA,NA,773,NA,NA,NA,NA,1471,NA,NA,NA,NA,821,NA,NA,NA,NA,2078,NA,NA,NA,NA,521,NA,NA,NA,NA,1754,NA,NA,NA,NA,570,NA,NA,NA,NA,1033,NA,NA,NA,NA,1615,NA,NA,NA,NA,NA,NA,NA,NA,NA,1897,NA,NA,NA,NA,2627,NA,NA,NA,NA,491,NA,NA,NA,NA,921,NA,NA,NA,NA,430,NA,NA,NA,NA,1277,NA,NA,NA,NA,746,NA,NA,NA,NA,1179,NA,NA,NA,NA,740,NA,NA,NA,NA
M25 [Janani Shishu Suraksha Karyakram (JSSK)],'25.1.4',Number of Pregnant Women provided - Free Home to facility transport under JSSK,TOTAL,8997,NA,NA,NA,NA,309,NA,NA,NA,NA,289,NA,NA,NA,NA,61,NA,NA,NA,NA,203,NA,NA,NA,NA,527,NA,NA,NA,NA,200,NA,NA,NA,NA,596,NA,NA,NA,NA,228,NA,NA,NA,NA,513,NA,NA,NA,NA,101,NA,NA,NA,NA,226,NA,NA,NA,NA,350,NA,NA,NA,NA,NA,NA,NA,NA,NA,1625,NA,NA,NA,NA,1037,NA,NA,NA,NA,279,NA,NA,NA,NA,600,NA,NA,NA,NA,221,NA,NA,NA,NA,256,NA,NA,NA,NA,448,NA,NA,NA,NA,460,NA,NA,NA,NA,468,NA,NA,NA,NA
M25 [Janani Shishu Suraksha Karyakram (JSSK)],'25.1.5',Number of Pregnant Women provided - Interfacility transfers when needed under JSSK,TOTAL,3075,NA,NA,NA,NA,72,NA,NA,NA,NA,40,NA,NA,NA,NA,3,NA,NA,NA,NA,283,NA,NA,NA,NA,122,NA,NA,NA,NA,170,NA,NA,NA,NA,99,NA,NA,NA,NA,55,NA,NA,NA,NA,0,NA,NA,NA,NA,20,NA,NA,NA,NA,141,NA,NA,NA,NA,0,NA,NA,NA,NA,NA,NA,NA,NA,NA,31,NA,NA,NA,NA,172,NA,NA,NA,NA,108,NA,NA,NA,NA,208,NA,NA,NA,NA,3,NA,NA,NA,NA,872,NA,NA,NA,NA,41,NA,NA,NA,NA,59,NA,NA,NA,NA,576,NA,NA,NA,NA
M25 [Janani Shishu Suraksha Karyakram (JSSK)],'25.1.6',Number of Pregnant Women provided - Free Drop Back home under JSSK,TOTAL,6963,NA,NA,NA,NA,359,NA,NA,NA,NA,293,NA,NA,NA,NA,41,NA,NA,NA,NA,241,NA,NA,NA,NA,352,NA,NA,NA,NA,102,NA,NA,NA,NA,265,NA,NA,NA,NA,80,NA,NA,NA,NA,294,NA,NA,NA,NA,102,NA,NA,NA,NA,245,NA,NA,NA,NA,402,NA,NA,NA,NA,NA,NA,NA,NA,NA,1250,NA,NA,NA,NA,1052,NA,NA,NA,NA,190,NA,NA,NA,NA,253,NA,NA,NA,NA,237,NA,NA,NA,NA,266,NA,NA,NA,NA,434,NA,NA,NA,NA,141,NA,NA,NA,NA,364,NA,NA,NA,NA
M25 [Janani Shishu Suraksha Karyakram (JSSK)],'25.2.1',Number of sick infants provided - Free Medicines under JSSK,TOTAL,3316,NA,NA,NA,NA,92,NA,NA,NA,NA,139,NA,NA,NA,NA,1,NA,NA,NA,NA,168,NA,NA,NA,NA,222,NA,NA,NA,NA,200,NA,NA,NA,NA,85,NA,NA,NA,NA,152,NA,NA,NA,NA,754,NA,NA,NA,NA,150,NA,NA,NA,NA,99,NA,NA,NA,NA,107,NA,NA,NA,NA,NA,NA,NA,NA,NA,351,NA,NA,NA,NA,54,NA,NA,NA,NA,45,NA,NA,NA,NA,116,NA,NA,NA,NA,135,NA,NA,NA,NA,6,NA,NA,NA,NA,152,NA,NA,NA,NA,213,NA,NA,NA,NA,75,NA,NA,NA,NA
M25 [Janani Shishu Suraksha Karyakram (JSSK)],'25.2.2',Number of sick infants provided - Free Diagnostics under JSSK,TOTAL,3092,NA,NA,NA,NA,92,NA,NA,NA,NA,139,NA,NA,NA,NA,1,NA,NA,NA,NA,168,NA,NA,NA,NA,181,NA,NA,NA,NA,198,NA,NA,NA,NA,85,NA,NA,NA,NA,78,NA,NA,NA,NA,754,NA,NA,NA,NA,144,NA,NA,NA,NA,99,NA,NA,NA,NA,107,NA,NA,NA,NA,NA,NA,NA,NA,NA,351,NA,NA,NA,NA,49,NA,NA,NA,NA,NA,NA,NA,NA,NA,116,NA,NA,NA,NA,130,NA,NA,NA,NA,12,NA,NA,NA,NA,115,NA,NA,NA,NA,213,NA,NA,NA,NA,60,NA,NA,NA,NA
M25 [Janani Shishu Suraksha Karyakram (JSSK)],'25.2.3',Number of sick infants provided - Free Home to facility transport under JSSK,TOTAL,1264,NA,NA,NA,NA,89,NA,NA,NA,NA,15,NA,NA,NA,NA,1,NA,NA,NA,NA,27,NA,NA,NA,NA,22,NA,NA,NA,NA,103,NA,NA,NA,NA,2,NA,NA,NA,NA,124,NA,NA,NA,NA,NA,NA,NA,NA,NA,94,NA,NA,NA,NA,8,NA,NA,NA,NA,107,NA,NA,NA,NA,NA,NA,NA,NA,NA,349,NA,NA,NA,NA,12,NA,NA,NA,NA,32,NA,NA,NA,NA,33,NA,NA,NA,NA,78,NA,NA,NA,NA,10,NA,NA,NA,NA,92,NA,NA,NA,NA,30,NA,NA,NA,NA,36,NA,NA,NA,NA
M25 [Janani Shishu Suraksha Karyakram (JSSK)],'25.2.4',Number of sick infants provided - Interfacility transfers when needed under JSSK,TOTAL,722,NA,NA,NA,NA,57,NA,NA,NA,NA,8,NA,NA,NA,NA,0,NA,NA,NA,NA,74,NA,NA,NA,NA,37,NA,NA,NA,NA,98,NA,NA,NA,NA,22,NA,NA,NA,NA,113,NA,NA,NA,NA,NA,NA,NA,NA,NA,30,NA,NA,NA,NA,8,NA,NA,NA,NA,0,NA,NA,NA,NA,NA,NA,NA,NA,NA,145,NA,NA,NA,NA,35,NA,NA,NA,NA,4,NA,NA,NA,NA,16,NA,NA,NA,NA,0,NA,NA,NA,NA,5,NA,NA,NA,NA,16,NA,NA,NA,NA,18,NA,NA,NA,NA,36,NA,NA,NA,NA
M25 [Janani Shishu Suraksha Karyakram (JSSK)],'25.2.5',Number of sick infants provided - Free Drop Back home under JSSK,TOTAL,1846,NA,NA,NA,NA,5,NA,NA,NA,NA,122,NA,NA,NA,NA,0,NA,NA,NA,NA,241,NA,NA,NA,NA,128,NA,NA,NA,NA,90,NA,NA,NA,NA,73,NA,NA,NA,NA,48,NA,NA,NA,NA,294,NA,NA,NA,NA,90,NA,NA,NA,NA,26,NA,NA,NA,NA,107,NA,NA,NA,NA,NA,NA,NA,NA,NA,278,NA,NA,NA,NA,45,NA,NA,NA,NA,21,NA,NA,NA,NA,23,NA,NA,NA,NA,83,NA,NA,NA,NA,10,NA,NA,NA,NA,102,NA,NA,NA,NA,24,NA,NA,NA,NA,36,NA,NA,NA,NA
