Indicator,S.No.,Parameters,Type,District - _Meghalaya - Total [(A+B) or (C+D)],District - _Meghalaya - Public [A],District - _Meghalaya - Private [B],District - _Meghalaya - Urban [C],District - _Meghalaya - Rural [D],District - East Garo Hills - Total [(A+B) or (C+D)],District - East Garo Hills - Public [A],District - East Garo Hills - Private [B],District - East Garo Hills - Urban [C],District - East Garo Hills - Rural [D],District - East Jaintia Hills - Total [(A+B) or (C+D)],District - East Jaintia Hills - Public [A],District - East Jaintia Hills - Private [B],District - East Jaintia Hills - Urban [C],District - East Jaintia Hills - Rural [D],District - East Khasi Hills - Total [(A+B) or (C+D)],District - East Khasi Hills - Public [A],District - East Khasi Hills - Private [B],District - East Khasi Hills - Urban [C],District - East Khasi Hills - Rural [D],District - North Garo Hills - Total [(A+B) or (C+D)],District - North Garo Hills - Public [A],District - North Garo Hills - Private [B],District - North Garo Hills - Urban [C],District - North Garo Hills - Rural [D],District - Ri Bhoi - Total [(A+B) or (C+D)],District - Ri Bhoi - Public [A],District - Ri Bhoi - Private [B],District - Ri Bhoi - Urban [C],District - Ri Bhoi - Rural [D],District - South Garo Hills - Total [(A+B) or (C+D)],District - South Garo Hills - Public [A],District - South Garo Hills - Private [B],District - South Garo Hills - Urban [C],District - South Garo Hills - Rural [D],District - South West Garo Hills - Total [(A+B) or (C+D)],District - South West Garo Hills - Public [A],District - South West Garo Hills - Private [B],District - South West Garo Hills - Urban [C],District - South West Garo Hills - Rural [D],District - South West Khasi Hills - Total [(A+B) or (C+D)],District - South West Khasi Hills - Public [A],District - South West Khasi Hills - Private [B],District - South West Khasi Hills - Urban [C],District - South West Khasi Hills - Rural [D],District - West Garo Hills - Total [(A+B) or (C+D)],District - West Garo Hills - Public [A],District - West Garo Hills - Private [B],District - West Garo Hills - Urban [C],District - West Garo Hills - Rural [D],District - West Jaintia Hills - Total [(A+B) or (C+D)],District - West Jaintia Hills - Public [A],District - West Jaintia Hills - Private [B],District - West Jaintia Hills - Urban [C],District - West Jaintia Hills - Rural [D],District - West Khasi Hills - Total [(A+B) or (C+D)],District - West Khasi Hills - Public [A],District - West Khasi Hills - Private [B],District - West Khasi Hills - Urban [C],District - West Khasi Hills - Rural [D]
M1 [Ante Natal Care (ANC)],1.1,Total number of pregnant women registered for ANC,TOTAL,10814,9280,1534,369,10445,585,585,NA,NA,585,382,382,NA,NA,382,4173,3074,1099,277,3896,382,382,NA,NA,382,894,878,16,NA,894,426,426,NA,NA,426,402,402,NA,NA,402,203,203,NA,NA,203,1217,1147,70,44,1173,1141,881,260,31,1110,1009,920,89,17,992
M1 [Ante Natal Care (ANC)],1.1.1,"Out of the total ANC registered, number registered within 1st trimester (within 12 weeks)",TOTAL,4018,3324,694,158,3860,176,176,NA,NA,176,107,107,NA,NA,107,1617,1117,500,123,1494,148,148,NA,NA,148,399,395,4,NA,399,129,129,NA,NA,129,199,199,NA,NA,199,69,69,NA,NA,69,446,408,38,21,425,400,285,115,9,391,328,291,37,5,323
M1 [Ante Natal Care (ANC)],1.2.1,Number of PW given TT1,TOTAL,4707,4365,342,160,4547,307,307,NA,NA,307,210,210,NA,NA,210,1035,816,219,115,920,298,298,NA,NA,298,400,398,2,NA,400,234,234,NA,NA,234,282,282,NA,NA,282,96,96,NA,NA,96,885,839,46,18,867,473,414,59,20,453,487,471,16,7,480
M1 [Ante Natal Care (ANC)],1.2.2,Number of PW given TT2,TOTAL,3730,3479,251,154,3576,261,261,NA,NA,261,174,174,NA,NA,174,851,669,182,120,731,248,248,NA,NA,248,324,318,6,NA,324,156,156,NA,NA,156,169,169,NA,NA,169,115,115,NA,NA,115,651,617,34,8,643,393,365,28,14,379,388,387,1,12,376
M1 [Ante Natal Care (ANC)],1.2.3,Number of PW given TT Booster,TOTAL,2245,2194,51,52,2193,122,122,NA,NA,122,168,168,NA,NA,168,519,489,30,44,475,63,63,NA,NA,63,246,246,0,NA,246,87,87,NA,NA,87,78,78,NA,NA,78,82,82,NA,NA,82,229,221,8,1,228,271,261,10,5,266,380,377,3,2,378
M1 [Ante Natal Care (ANC)],1.2.4,Number of PW given 180 Iron Folic Acid (IFA) tablets,TOTAL,4072,3593,479,179,3893,350,350,NA,NA,350,149,149,NA,NA,149,1160,729,431,142,1018,222,222,NA,NA,222,164,164,0,NA,164,314,314,NA,NA,314,346,346,NA,NA,346,109,109,NA,NA,109,623,597,26,28,595,238,238,0,3,235,397,375,22,6,391
M1 [Ante Natal Care (ANC)],1.2.5,Number of PW given 360 Calcium tablets,TOTAL,2363,1885,478,119,2244,321,321,NA,NA,321,68,68,NA,NA,68,826,374,452,90,736,41,41,NA,NA,41,65,65,0,NA,65,271,271,NA,NA,271,147,147,NA,NA,147,14,14,NA,NA,14,402,376,26,25,377,111,111,0,0,111,97,97,0,4,93
M1 [Ante Natal Care (ANC)],1.2.6,Number of PW given one Albendazole tablet after 1st trimester,TOTAL,1404,1404,0,75,1329,205,205,NA,NA,205,36,36,NA,NA,36,177,177,0,75,102,157,157,NA,NA,157,146,146,0,NA,146,156,156,NA,NA,156,173,173,NA,NA,173,11,11,NA,NA,11,216,216,0,0,216,11,11,0,0,11,116,116,0,0,116
M1 [Ante Natal Care (ANC)],1.2.7,Number of PW received 4 or more ANC check ups,TOTAL,4543,3617,926,176,4367,204,204,NA,NA,204,77,77,NA,NA,77,2069,1186,883,152,1917,219,219,NA,NA,219,304,304,0,NA,304,147,147,NA,NA,147,237,237,NA,NA,237,98,98,NA,NA,98,489,468,21,16,473,212,212,0,1,211,487,465,22,7,480
M1 [Ante Natal Care (ANC)],1.2.8,Number of PW given ANC Corticosteroids in Pre Term Labour,TOTAL,77,0,77,0,77,0,0,NA,NA,0,0,0,NA,NA,0,75,0,75,0,75,0,0,NA,NA,0,0,0,0,NA,0,0,0,NA,NA,0,0,0,NA,NA,0,0,0,NA,NA,0,2,0,2,0,2,0,0,0,0,0,0,0,NA,0,0
M1 [Ante Natal Care (ANC)],1.3.1,New cases of PW with hypertension detected,TOTAL,319,272,47,0,319,16,16,NA,NA,16,12,12,NA,NA,12,140,99,41,0,140,9,9,NA,NA,9,4,4,0,NA,4,2,2,NA,NA,2,7,7,NA,NA,7,7,7,NA,NA,7,30,26,4,0,30,44,44,0,0,44,48,46,2,0,48
M1 [Ante Natal Care (ANC)],1.3.1.a,"Out of the new cases of PW with hypertension detected, cases managed at institution",TOTAL,252,227,25,0,252,15,15,NA,NA,15,9,9,NA,NA,9,115,92,23,0,115,8,8,NA,NA,8,1,1,0,NA,1,2,2,NA,NA,2,4,4,NA,NA,4,2,2,NA,NA,2,15,15,0,0,15,35,35,0,0,35,46,44,2,0,46
M1 [Ante Natal Care (ANC)],1.3.2,Number of Eclampsia cases managed during delivery,TOTAL,9,8,1,0,9,0,0,NA,NA,0,0,0,NA,NA,0,7,6,1,0,7,0,0,NA,NA,0,0,0,0,NA,0,0,0,NA,NA,0,0,0,NA,NA,0,0,0,NA,NA,0,0,0,0,0,0,1,1,0,0,1,1,1,0,0,1
M1 [Ante Natal Care (ANC)],1.4.1,Number of PW tested for Haemoglobin (Hb ) 4 or more than 4 times for respective ANCs,TOTAL,6638,6619,19,69,6569,299,299,NA,NA,299,214,214,NA,NA,214,4490,4471,19,68,4422,189,189,NA,NA,189,301,301,0,NA,301,104,104,NA,NA,104,328,328,NA,NA,328,24,24,NA,NA,24,130,130,0,0,130,277,277,0,1,276,282,282,0,0,282
M1 [Ante Natal Care (ANC)],1.4.2,Number of PW having Hb level<11 (tested cases)(7.1 to 10.9),TOTAL,6450,6286,164,175,6275,346,346,NA,NA,346,284,284,NA,NA,284,1904,1756,148,138,1766,325,325,NA,NA,325,941,941,0,NA,941,250,250,NA,NA,250,469,469,NA,NA,469,195,195,NA,NA,195,484,468,16,15,469,751,751,0,22,729,501,501,0,0,501
M1 [Ante Natal Care (ANC)],1.4.3,Number of PW having Hb level<7 (tested cases),TOTAL,242,220,22,12,230,2,2,NA,NA,2,3,3,NA,NA,3,93,83,10,11,82,3,3,NA,NA,3,32,32,0,NA,32,19,19,NA,NA,19,14,14,NA,NA,14,3,3,NA,NA,3,23,11,12,0,23,25,25,0,1,24,25,25,0,0,25
M1 [Ante Natal Care (ANC)],1.4.4,Number of PW having severe anaemia (Hb<7) treated,TOTAL,146,124,22,1,145,2,2,NA,NA,2,1,1,NA,NA,1,69,59,10,0,69,3,3,NA,NA,3,5,5,0,NA,5,6,6,NA,NA,6,5,5,NA,NA,5,1,1,NA,NA,1,18,6,12,0,18,21,21,0,1,20,15,15,0,0,15
M1 [Ante Natal Care (ANC)],1.5.1,Number of PW tested for blood sugar using OGTT (Oral Glucose Tolerance Test),TOTAL,1481,819,662,2,1479,0,0,NA,NA,0,250,250,NA,NA,250,651,17,634,NA,651,52,52,NA,NA,52,150,150,0,NA,150,119,119,NA,NA,119,50,50,NA,NA,50,NA,NA,NA,NA,NA,2,2,0,2,0,72,72,0,0,72,135,107,28,0,135
M1 [Ante Natal Care (ANC)],1.5.2,Number of PW tested positive for GDM,TOTAL,37,6,31,0,37,0,0,NA,NA,0,4,4,NA,NA,4,32,1,31,NA,32,0,0,NA,NA,0,0,0,0,NA,0,1,1,NA,NA,1,0,0,NA,NA,0,NA,NA,NA,NA,NA,0,0,0,0,0,0,0,0,0,0,0,0,0,0,0
M1 [Ante Natal Care (ANC)],1.5.3,Number of PW given insulin out of total tested positive for GDM,TOTAL,7,0,7,0,7,0,0,NA,NA,0,0,0,NA,NA,0,7,0,7,NA,7,0,0,NA,NA,0,0,0,0,NA,0,0,0,NA,NA,0,0,0,NA,NA,0,NA,NA,NA,NA,NA,0,0,0,0,0,0,0,0,0,0,0,0,0,0,0
M1 [Ante Natal Care (ANC)],1.6.1.a,Number of PW tested using POC test for Syphilis,TOTAL,12,12,0,NA,12,0,0,NA,NA,0,0,0,NA,NA,0,0,0,0,NA,0,10,10,NA,NA,10,0,0,NA,NA,0,0,0,NA,NA,0,0,0,NA,NA,0,0,0,NA,NA,0,2,2,NA,NA,2,0,0,NA,NA,0,0,0,NA,NA,0
M1 [Ante Natal Care (ANC)],1.6.1.b,"Out of above, number of PW found sero positive for syphilis",TOTAL,2,2,0,NA,2,0,0,NA,NA,0,0,0,NA,NA,0,0,0,0,NA,0,0,0,NA,NA,0,0,0,NA,NA,0,0,0,NA,NA,0,0,0,NA,NA,0,0,0,NA,NA,0,2,2,NA,NA,2,0,0,NA,NA,0,0,0,NA,NA,0
M1 [Ante Natal Care (ANC)],1.6.2.a,Number of pregnant women tested for Syphilis,TOTAL,4096,3667,429,68,4028,121,121,NA,NA,121,224,224,NA,NA,224,1319,918,401,68,1251,149,149,NA,NA,149,473,473,0,NA,473,55,55,NA,NA,55,136,136,NA,NA,136,107,107,NA,NA,107,353,353,0,0,353,498,498,0,0,498,661,633,28,0,661
M1 [Ante Natal Care (ANC)],1.6.2.b,Number of pregnant women tested found sero positive for Syphilis,TOTAL,22,19,3,0,22,0,0,NA,NA,0,7,7,NA,NA,7,4,1,3,0,4,0,0,NA,NA,0,1,1,0,NA,1,0,0,NA,NA,0,0,0,NA,NA,0,0,0,NA,NA,0,0,0,0,0,0,8,8,0,0,8,2,2,0,0,2
M1 [Ante Natal Care (ANC)],1.6.2.c,Number of syphilis positive pregnant women treated for Syphilis,TOTAL,33,30,3,0,33,0,0,NA,NA,0,2,2,NA,NA,2,4,1,3,0,4,0,0,NA,NA,0,25,25,0,NA,25,0,0,NA,NA,0,0,0,NA,NA,0,0,0,NA,NA,0,0,0,0,0,0,0,0,0,0,0,2,2,0,0,2
M1 [Ante Natal Care (ANC)],1.6.2.d,Number of babies diagnosed with Congenital Syphilis,TOTAL,0,0,0,0,0,0,0,NA,NA,0,0,0,NA,NA,0,0,0,0,NA,0,0,0,NA,NA,0,0,0,0,NA,0,0,0,NA,NA,0,0,0,NA,NA,0,0,0,NA,NA,0,0,0,0,0,0,0,0,0,0,0,0,0,0,0,0
M1 [Ante Natal Care (ANC)],1.6.2.e,Number of babies treated for congenital Syphilis,TOTAL,0,0,0,0,0,0,0,NA,NA,0,0,0,NA,NA,0,0,0,0,NA,0,0,0,NA,NA,0,0,0,0,NA,0,0,0,NA,NA,0,0,0,NA,NA,0,0,0,NA,NA,0,0,0,0,0,0,0,0,0,0,0,0,0,0,0,0
M2 [Deliveries],2.1.1.a,Number of Home Deliveries attended by Skill Birth Attendant(SBA) (Doctor/Nurse/ANM),TOTAL,135,135,0,0,135,18,18,NA,NA,18,5,5,NA,NA,5,9,9,0,0,9,39,39,NA,NA,39,8,8,NA,NA,8,11,11,NA,NA,11,6,6,NA,NA,6,0,0,NA,NA,0,6,6,NA,0,6,11,11,NA,0,11,22,22,NA,0,22
M2 [Deliveries],2.1.1.b,Number of Home Deliveries attended by Non SBA (Trained Birth Attendant(TBA) /Relatives/etc.),TOTAL,3241,3241,0,29,3212,269,269,NA,NA,269,141,141,NA,NA,141,481,481,0,16,465,126,126,NA,NA,126,299,299,NA,NA,299,170,170,NA,NA,170,158,158,NA,NA,158,154,154,NA,NA,154,636,636,NA,10,626,331,331,NA,0,331,476,476,NA,3,473
M2 [Deliveries],2.1.2,Number of PW given Tablet Misoprostol during home delivery,TOTAL,12,12,0,0,12,0,0,NA,NA,0,0,0,NA,NA,0,1,1,0,0,1,1,1,NA,NA,1,5,5,NA,NA,5,0,0,NA,NA,0,0,0,NA,NA,0,0,0,NA,NA,0,0,0,NA,0,0,0,0,NA,0,0,5,5,NA,0,5
M2 [Deliveries],2.1.3,Number of newborns received 7 Home Based Newborn Care (HBNC) visits in case of Home delivery,TOTAL,1734,1734,0,29,1705,171,171,NA,NA,171,53,53,NA,NA,53,314,314,0,10,304,95,95,NA,NA,95,167,167,NA,NA,167,95,95,NA,NA,95,114,114,NA,NA,114,101,101,NA,NA,101,172,172,NA,19,153,159,159,NA,0,159,293,293,NA,0,293
M2 [Deliveries],2.2,Number of Institutional Deliveries conducted (Including C-Sections),TOTAL,4098,3195,903,0,4098,143,143,NA,NA,143,68,68,NA,NA,68,1649,1132,517,0,1649,124,124,NA,NA,124,219,190,29,NA,219,82,82,NA,NA,82,164,164,NA,NA,164,67,67,NA,NA,67,643,470,173,0,643,563,399,164,0,563,376,356,20,0,376
M2 [Deliveries],2.2.1,Out of total institutional deliveries number of women discharged within 48 hours of delivery,TOTAL,1503,1326,177,0,1503,129,129,NA,NA,129,64,64,NA,NA,64,352,321,31,0,352,36,36,NA,NA,36,42,24,18,NA,42,14,14,NA,NA,14,50,50,NA,NA,50,47,47,NA,NA,47,203,189,14,0,203,454,340,114,0,454,112,112,0,0,112
M2 [Deliveries],2.2.2,Number of newborns received 6 HBNC  visits after Institutional Delivery,TOTAL,1339,1339,0,107,1232,55,55,NA,NA,55,64,64,NA,NA,64,434,434,0,106,328,61,61,NA,NA,61,145,145,NA,NA,145,35,35,NA,NA,35,122,122,NA,NA,122,20,20,NA,NA,20,48,48,NA,1,47,196,196,NA,0,196,159,159,NA,0,159
M3 [Number of Caesarean (C-Section) deliveries],3.1,Total C -Section deliveries performed,TOTAL,587,216,371,0,587,0,0,NA,NA,0,0,0,NA,NA,0,420,169,251,0,420,0,0,NA,NA,0,12,0,12,NA,12,0,0,NA,NA,0,0,0,NA,NA,0,NA,NA,NA,NA,NA,92,17,75,0,92,44,11,33,0,44,19,19,0,0,19
M3 [Number of Caesarean (C-Section) deliveries],3.1.1,"C-sections, performed at night (8 PM- 8 AM)",TOTAL,73,21,52,0,73,0,0,NA,NA,0,0,0,NA,NA,0,52,17,35,0,52,0,0,NA,NA,0,3,0,3,NA,3,0,0,NA,NA,0,0,0,NA,NA,0,NA,NA,NA,NA,NA,15,1,14,0,15,2,2,0,0,2,1,1,0,0,1
M4 [Pregnancy outcome & details of new-born],4.1.1.a,Live Birth - Male,TOTAL,3890,3399,491,14,3876,233,233,NA,NA,233,112,112,NA,NA,112,1117,831,286,7,1110,175,175,NA,NA,175,268,256,12,NA,268,129,129,NA,NA,129,175,175,NA,NA,175,113,113,NA,NA,113,706,609,97,5,701,444,357,87,0,444,418,409,9,2,416
M4 [Pregnancy outcome & details of new-born],4.1.1.b,Live Birth - Female,TOTAL,3545,3139,406,14,3531,190,190,NA,NA,190,100,100,NA,NA,100,984,758,226,8,976,144,144,NA,NA,144,258,240,18,NA,258,130,130,NA,NA,130,151,151,NA,NA,151,110,110,NA,NA,110,574,502,72,5,569,458,379,79,0,458,446,435,11,1,445
M4 [Pregnancy outcome & details of new-born],4.1.2,Number of Pre term newborns ( < 37 weeks of pregnancy),TOTAL,142,98,44,0,142,15,15,NA,NA,15,1,1,NA,NA,1,51,25,26,0,51,4,4,NA,NA,4,7,7,NA,NA,7,3,3,NA,NA,3,2,2,NA,NA,2,4,4,NA,NA,4,13,0,13,0,13,30,25,5,0,30,12,12,0,0,12
M4 [Pregnancy outcome & details of new-born],4.1.3,Still Birth,TOTAL,133,118,15,0,133,7,7,NA,NA,7,5,5,NA,NA,5,47,37,10,0,47,4,4,NA,NA,4,6,6,0,NA,6,4,4,NA,NA,4,3,3,NA,NA,3,2,2,NA,NA,2,15,11,4,0,15,22,21,1,0,22,18,18,0,0,18
M4 [Pregnancy outcome & details of new-born],4.2,Abortion (spontaneous),TOTAL,289,211,78,0,289,1,1,NA,NA,1,3,3,NA,NA,3,76,44,32,0,76,5,5,NA,NA,5,13,13,0,NA,13,1,1,NA,NA,1,3,3,NA,NA,3,19,19,NA,NA,19,44,44,0,0,44,90,49,41,0,90,34,29,5,0,34
M4 [Pregnancy outcome & details of new-born],4.3.1.a,MTP up to 12 weeks of pregnancy,TOTAL,36,35,1,0,36,0,0,NA,NA,0,0,0,NA,NA,0,6,5,1,NA,6,0,0,NA,NA,0,0,0,0,NA,0,0,0,NA,NA,0,8,8,NA,NA,8,NA,NA,NA,NA,NA,19,19,0,0,19,0,0,0,0,0,3,3,NA,0,3
M4 [Pregnancy outcome & details of new-born],4.3.1.b,MTP more than 12 weeks of pregnancy,TOTAL,1,1,0,0,1,0,0,NA,NA,0,0,0,NA,NA,0,0,0,0,NA,0,0,0,NA,NA,0,0,0,0,NA,0,0,0,NA,NA,0,0,0,NA,NA,0,NA,NA,NA,NA,NA,0,0,0,0,0,1,1,0,0,1,0,0,NA,0,0
M4 [Pregnancy outcome & details of new-born],4.3.2.a,Post Abortion/ MTP Complications Identified,TOTAL,9,9,0,0,9,0,0,NA,NA,0,0,0,NA,NA,0,0,0,0,NA,0,0,0,NA,NA,0,0,0,0,NA,0,0,0,NA,NA,0,0,0,NA,NA,0,NA,NA,NA,NA,NA,0,0,0,0,0,9,9,0,0,9,0,0,NA,0,0
M4 [Pregnancy outcome & details of new-born],4.3.2.b,Post Abortion/ MTP Complications Treated,TOTAL,0,0,0,0,0,0,0,NA,NA,0,0,0,NA,NA,0,0,0,0,NA,0,0,0,NA,NA,0,0,0,0,NA,0,0,0,NA,NA,0,0,0,NA,NA,0,NA,NA,NA,NA,NA,0,0,0,0,0,0,0,0,0,0,0,0,NA,0,0
M4 [Pregnancy outcome & details of new-born],4.3.3,Number of women provided with post abortion/ MTP contraception,TOTAL,22,22,0,0,22,0,0,NA,NA,0,0,0,NA,NA,0,2,2,0,NA,2,0,0,NA,NA,0,0,0,0,NA,0,0,0,NA,NA,0,9,9,NA,NA,9,NA,NA,NA,NA,NA,0,0,0,0,0,9,9,0,0,9,2,2,NA,0,2
M4 [Pregnancy outcome & details of new-born],4.4.1,Number of newborns weighed at birth,TOTAL,7122,6243,879,23,7099,422,422,NA,NA,422,189,189,NA,NA,189,2071,1559,512,15,2056,313,313,NA,NA,313,496,466,30,NA,496,262,262,NA,NA,262,325,325,NA,NA,325,211,211,NA,NA,211,1275,1106,169,5,1270,797,649,148,0,797,761,741,20,3,758
M4 [Pregnancy outcome & details of new-born],4.4.2,Number of newborns having weight less than 2.5 kg,TOTAL,472,382,90,0,472,22,22,NA,NA,22,3,3,NA,NA,3,197,144,53,0,197,26,26,NA,NA,26,43,39,4,NA,43,9,9,NA,NA,9,15,15,NA,NA,15,8,8,NA,NA,8,70,54,16,0,70,51,34,17,0,51,28,28,0,0,28
M4 [Pregnancy outcome & details of new-born],4.4.3,Number of Newborns breast fed within 1 hour of birth ,TOTAL,6815,6222,593,23,6792,415,415,NA,NA,415,199,199,NA,NA,199,1690,1421,269,15,1675,316,316,NA,NA,316,503,473,30,NA,503,254,254,NA,NA,254,322,322,NA,NA,322,211,211,NA,NA,211,1267,1106,161,5,1262,814,701,113,0,814,824,804,20,3,821
M5 [Complicated Pregnancies],5.1,"Number of cases of pregnant women with Obstetric Complications attended (Antepartum haemorrhage (APH), Post-Partum Hemorrhage (PPH), Sepsis, Eclampsia and others)",TOTAL,507,446,61,0,507,6,6,NA,NA,6,27,27,NA,NA,27,154,119,35,NA,154,1,1,NA,NA,1,51,51,0,NA,51,2,2,NA,NA,2,29,29,NA,NA,29,43,43,NA,NA,43,68,42,26,0,68,21,21,0,0,21,105,105,0,0,105
M5 [Complicated Pregnancies],5.2,Number of Complicated pregnancies treated with Blood Transfusion,TOTAL,45,31,14,NA,45,0,0,NA,NA,0,0,0,NA,NA,0,0,0,0,NA,0,0,0,NA,NA,0,0,0,0,NA,0,0,0,NA,NA,0,NA,NA,NA,NA,NA,NA,NA,NA,NA,NA,30,16,14,NA,30,15,15,0,NA,15,0,0,NA,NA,0
M6 [Post Natal Care (PNC)],6.1,Women receiving 1st post partum checkup within 48 hours of home delivery,TOTAL,2054,2031,23,13,2041,241,241,NA,NA,241,77,77,NA,NA,77,418,418,0,6,412,120,120,NA,NA,120,182,182,0,NA,182,123,123,NA,NA,123,105,105,NA,NA,105,140,140,NA,NA,140,144,141,3,7,137,193,193,0,0,193,311,291,20,0,311
M6 [Post Natal Care (PNC)],6.2,Women receiving 1st post partum checkup between 48 hours and 14 days,TOTAL,3752,3598,154,73,3679,351,351,NA,NA,351,120,120,NA,NA,120,885,828,57,70,815,197,197,NA,NA,197,211,182,29,NA,211,173,173,NA,NA,173,205,205,NA,NA,205,89,89,NA,NA,89,824,756,68,3,821,291,291,0,0,291,406,406,0,0,406
M6 [Post Natal Care (PNC)],6.3,Number of mothers provided full course of 180 IFA tablets after delivery,TOTAL,2381,2111,270,42,2339,197,197,NA,NA,197,69,69,NA,NA,69,411,268,143,32,379,213,213,NA,NA,213,92,63,29,NA,92,215,215,NA,NA,215,198,198,NA,NA,198,102,102,NA,NA,102,627,529,98,10,617,74,74,0,0,74,183,183,0,0,183
M6 [Post Natal Care (PNC)],6.4,Number of mothers provided 360 Calcium tablets after delivery,TOTAL,1821,1551,270,32,1789,175,175,NA,NA,175,34,34,NA,NA,34,498,355,143,22,476,61,61,NA,NA,61,75,46,29,NA,75,177,177,NA,NA,177,82,82,NA,NA,82,28,28,NA,NA,28,580,482,98,10,570,18,18,0,0,18,93,93,0,0,93
M7 [Reproductive Tract Infections/Sexually Transmitted Infections (RTI/STI) Cases],7.1.1,New RTI/STI cases identified - Male,TOTAL,329,325,4,0,329,0,0,NA,NA,0,27,27,NA,NA,27,46,42,4,0,46,0,0,NA,NA,0,1,1,0,NA,1,5,5,NA,NA,5,0,0,NA,NA,0,0,0,NA,NA,0,213,213,0,0,213,33,33,0,0,33,4,4,NA,0,4
M7 [Reproductive Tract Infections/Sexually Transmitted Infections (RTI/STI) Cases],7.1.2,New RTI/STI cases identified - Female,TOTAL,769,768,1,73,696,0,0,NA,NA,0,36,36,NA,NA,36,343,342,1,63,280,0,0,NA,NA,0,31,31,0,NA,31,5,5,NA,NA,5,10,10,NA,NA,10,2,2,NA,NA,2,162,162,0,0,162,94,94,0,10,84,86,86,NA,0,86
M7 [Reproductive Tract Infections/Sexually Transmitted Infections (RTI/STI) Cases],7.2.1,RTI/STI for which treatment initiated - Male,TOTAL,108,104,4,0,108,0,0,NA,NA,0,12,12,NA,NA,12,46,42,4,0,46,0,0,NA,NA,0,1,1,0,NA,1,4,4,NA,NA,4,1,1,NA,NA,1,0,0,NA,NA,0,7,7,0,0,7,33,33,0,0,33,4,4,NA,0,4
M7 [Reproductive Tract Infections/Sexually Transmitted Infections (RTI/STI) Cases],7.2.2,RTI/STI for which treatment initiated -Female,TOTAL,590,589,1,57,533,0,0,NA,NA,0,23,23,NA,NA,23,326,325,1,47,279,0,0,NA,NA,0,31,31,0,NA,31,5,5,NA,NA,5,12,12,NA,NA,12,2,2,NA,NA,2,14,14,0,0,14,91,91,0,10,81,86,86,NA,0,86
M8 [Family Planning],8.1.1,Number of Non Scalpel Vasectomy (NSV) / Conventional Vasectomy conducted,TOTAL,0,0,0,0,0,0,0,NA,NA,0,0,0,NA,NA,0,0,0,NA,NA,0,0,0,NA,NA,0,0,0,0,NA,0,0,0,NA,NA,0,0,0,NA,NA,0,NA,NA,NA,NA,NA,0,0,0,0,0,0,0,0,0,0,0,0,NA,0,0
M8 [Family Planning],8.2.1,Number of Laparoscopic sterilizations (excluding post abortion) conducted,TOTAL,1,1,0,0,1,0,0,NA,NA,0,0,0,NA,NA,0,1,1,0,NA,1,0,0,NA,NA,0,0,0,0,NA,0,0,0,NA,NA,0,NA,NA,NA,NA,NA,NA,NA,NA,NA,NA,0,0,0,0,0,0,0,0,0,0,0,0,NA,0,0
M8 [Family Planning],8.2.2,Number of Interval Mini-lap (other than post-partum and post abortion) sterilizations conducted,TOTAL,119,119,0,0,119,29,29,NA,NA,29,0,0,NA,NA,0,52,52,0,NA,52,0,0,NA,NA,0,4,4,0,NA,4,0,0,NA,NA,0,NA,NA,NA,NA,NA,NA,NA,NA,NA,NA,22,22,0,0,22,12,12,0,0,12,0,0,NA,0,0
M8 [Family Planning],8.2.3,Number of Postpartum sterilizations (within 7 days of delivery by minilap or concurrent with caesarean section) conducted,TOTAL,103,56,47,0,103,4,4,NA,NA,4,0,0,NA,NA,0,42,13,29,NA,42,0,0,NA,NA,0,0,0,0,NA,0,0,0,NA,NA,0,NA,NA,NA,NA,NA,NA,NA,NA,NA,NA,20,11,9,0,20,25,16,9,0,25,12,12,NA,0,12
M8 [Family Planning],8.2.4,Number of Post Abortion sterilizations (within 7 days of spontaneous or surgical abortion) conducted,TOTAL,3,2,1,2,1,0,0,NA,NA,0,0,0,NA,NA,0,1,0,1,NA,1,0,0,NA,NA,0,0,0,0,NA,0,0,0,NA,NA,0,NA,NA,NA,NA,NA,NA,NA,NA,NA,NA,0,0,0,0,0,2,2,0,2,0,0,0,NA,0,0
M8 [Family Planning],8.3,Number of Interval IUCD Insertions (excluding PPIUCD and PAIUCD),TOTAL,299,298,1,10,289,35,35,NA,NA,35,8,8,NA,NA,8,77,76,1,8,69,12,12,NA,NA,12,29,29,0,NA,29,3,3,NA,NA,3,11,11,NA,NA,11,2,2,NA,NA,2,66,66,0,2,64,28,28,0,0,28,28,28,NA,0,28
M8 [Family Planning],8.4,Number of Postpartum (within 48 hours of delivery) IUCD insertions,TOTAL,57,54,3,0,57,0,0,NA,NA,0,0,0,NA,NA,0,13,13,0,NA,13,0,0,NA,NA,0,7,7,0,NA,7,0,0,NA,NA,0,3,3,NA,NA,3,0,0,NA,NA,0,30,27,3,0,30,2,2,0,0,2,2,2,NA,0,2
M8 [Family Planning],8.5,Number of Post Abortion (within 12 days of spontaneous or surgical abortion) IUCD insertions,TOTAL,6,5,1,0,6,0,0,NA,NA,0,0,0,NA,NA,0,0,0,0,NA,0,0,0,NA,NA,0,1,1,0,NA,1,0,0,NA,NA,0,1,1,NA,NA,1,0,0,NA,NA,0,2,1,1,0,2,0,0,0,0,0,2,2,NA,0,2
M8 [Family Planning],8.6,Number of IUCD Removals,TOTAL,230,227,3,9,221,10,10,NA,NA,10,3,3,NA,NA,3,85,83,2,7,78,1,1,NA,NA,1,23,23,0,NA,23,2,2,NA,NA,2,10,10,NA,NA,10,1,1,NA,NA,1,80,79,1,2,78,9,9,0,0,9,6,6,NA,0,6
M8 [Family Planning],8.7,Number of complications following IUCD Insertion,TOTAL,23,23,0,0,23,10,10,NA,NA,10,2,2,NA,NA,2,2,2,0,NA,2,3,3,NA,NA,3,1,1,0,NA,1,0,0,NA,NA,0,0,0,NA,NA,0,0,0,NA,NA,0,0,0,0,0,0,4,4,0,0,4,1,1,NA,0,1
M8 [Family Planning],8.8,Injectable Contraceptive-Antara Program- First Dose,TOTAL,0,0,0,0,0,0,0,NA,NA,0,0,0,NA,NA,0,0,0,NA,NA,0,0,0,NA,NA,0,0,0,0,NA,0,0,0,NA,NA,0,0,0,NA,NA,0,NA,NA,NA,NA,NA,0,0,0,0,0,0,0,0,0,0,0,0,NA,NA,0
M8 [Family Planning],8.9,Injectable Contraceptive-Antara Program- Second Dose,TOTAL,0,0,0,0,0,0,0,NA,NA,0,0,0,NA,NA,0,0,0,NA,NA,0,0,0,NA,NA,0,0,0,0,NA,0,0,0,NA,NA,0,0,0,NA,NA,0,NA,NA,NA,NA,NA,0,0,0,0,0,0,0,0,0,0,0,0,NA,NA,0
M8 [Family Planning],8.1,Injectable Contraceptive-Antara Program- Third Dose,TOTAL,0,0,0,0,0,0,0,NA,NA,0,0,0,NA,NA,0,0,0,NA,NA,0,0,0,NA,NA,0,0,0,0,NA,0,0,0,NA,NA,0,0,0,NA,NA,0,NA,NA,NA,NA,NA,0,0,0,0,0,0,0,0,0,0,0,0,NA,NA,0
M8 [Family Planning],8.11,Injectable Contraceptive-Antara Program- Fourth or more than fourth,TOTAL,0,0,0,0,0,0,0,NA,NA,0,0,0,NA,NA,0,0,0,NA,NA,0,0,0,NA,NA,0,0,0,0,NA,0,0,0,NA,NA,0,0,0,NA,NA,0,NA,NA,NA,NA,NA,0,0,0,0,0,0,0,0,0,0,0,0,NA,NA,0
M8 [Family Planning],8.12,Number of Combined Oral Pill cycles distributed,TOTAL,8245,8238,7,318,7927,427,427,NA,NA,427,428,428,NA,NA,428,1329,1322,7,191,1138,32,32,NA,NA,32,915,915,0,NA,915,373,373,NA,NA,373,1048,1048,NA,NA,1048,168,168,NA,NA,168,1263,1263,0,63,1200,1231,1231,0,55,1176,1031,1031,NA,9,1022
M8 [Family Planning],8.13,Number of Condom pieces distributed,TOTAL,27155,27155,0,1905,25250,825,825,NA,NA,825,592,592,NA,NA,592,8534,8534,0,1563,6971,0,0,NA,NA,0,4328,4328,0,NA,4328,457,457,NA,NA,457,2167,2167,NA,NA,2167,752,752,NA,NA,752,3641,3641,0,207,3434,1547,1547,0,0,1547,4312,4312,NA,135,4177
M8 [Family Planning],8.14,Number of Centchroman (weekly) pill strips distributed,TOTAL,29,29,0,0,29,27,27,NA,NA,27,0,0,NA,NA,0,0,0,0,NA,0,0,0,NA,NA,0,0,0,0,NA,0,2,2,NA,NA,2,0,0,NA,NA,0,0,0,NA,NA,0,0,0,0,0,0,0,0,0,0,0,0,0,NA,0,0
M8 [Family Planning],8.15,Number of Emergency Contraceptive Pills (ECP) given,TOTAL,126,126,0,14,112,12,12,NA,NA,12,3,3,NA,NA,3,8,8,0,0,8,0,0,NA,NA,0,11,11,0,NA,11,13,13,NA,NA,13,0,0,NA,NA,0,0,0,NA,NA,0,21,21,0,0,21,30,30,0,14,16,28,28,NA,0,28
M8 [Family Planning],8.16,Number of Pregnancy Test Kits (PTK) used,TOTAL,3740,3733,7,235,3505,131,131,NA,NA,131,171,171,NA,NA,171,1064,1057,7,184,880,47,47,NA,NA,47,640,640,0,NA,640,89,89,NA,NA,89,18,18,NA,NA,18,98,98,NA,NA,98,391,391,0,14,377,586,586,0,37,549,505,505,0,0,505
M8 [Family Planning],8.17.1,Complications following male sterilization,TOTAL,2,2,0,0,2,0,0,NA,NA,0,0,0,NA,NA,0,0,0,0,NA,0,0,0,NA,NA,0,0,0,0,NA,0,0,0,NA,NA,0,0,0,NA,NA,0,NA,NA,NA,NA,NA,0,0,0,0,0,2,2,0,0,2,0,0,NA,0,0
M8 [Family Planning],8.17.2,Complications following female sterilization,TOTAL,4,4,0,0,4,0,0,NA,NA,0,0,0,NA,NA,0,0,0,0,NA,0,4,4,NA,NA,4,0,0,0,NA,0,0,0,NA,NA,0,0,0,NA,NA,0,NA,NA,NA,NA,NA,0,0,0,0,0,0,0,0,0,0,0,0,NA,0,0
M8 [Family Planning],8.17.3,Failures following male sterilization,TOTAL,0,0,0,0,0,0,0,NA,NA,0,0,0,NA,NA,0,0,0,NA,NA,0,0,0,NA,NA,0,0,0,0,NA,0,NA,NA,NA,NA,NA,0,0,NA,NA,0,NA,NA,NA,NA,NA,0,0,0,0,0,0,0,0,0,0,0,0,NA,0,0
M8 [Family Planning],8.17.4,Failures following female sterilization,TOTAL,1,1,0,0,1,0,0,NA,NA,0,0,0,NA,NA,0,0,0,0,NA,0,0,0,NA,NA,0,0,0,0,NA,0,NA,NA,NA,NA,NA,0,0,NA,NA,0,NA,NA,NA,NA,NA,0,0,0,0,0,1,1,0,0,1,0,0,NA,0,0
M8 [Family Planning],8.17.5,Deaths following male sterilization,TOTAL,0,0,0,0,0,0,0,NA,NA,0,0,0,NA,NA,0,0,0,NA,NA,0,0,0,NA,NA,0,0,0,0,NA,0,NA,NA,NA,NA,NA,0,0,NA,NA,0,NA,NA,NA,NA,NA,0,0,0,0,0,0,0,0,0,0,0,0,NA,0,0
M8 [Family Planning],8.17.6,Deaths following female sterilization,TOTAL,0,0,0,0,0,0,0,NA,NA,0,0,0,NA,NA,0,0,0,0,NA,0,0,0,NA,NA,0,0,0,0,NA,0,NA,NA,NA,NA,NA,0,0,NA,NA,0,NA,NA,NA,NA,NA,0,0,0,0,0,0,0,0,0,0,0,0,NA,0,0
M9 [CHILD IMMUNISATION],9.1.1,Child immunisation - Vitamin K1 (Birth Dose),TOTAL,3656,2843,813,0,3656,146,146,NA,NA,146,61,61,NA,NA,61,1481,1051,430,0,1481,128,128,NA,NA,128,182,151,31,NA,182,66,66,NA,NA,66,122,122,NA,NA,122,63,63,NA,NA,63,549,380,169,0,549,480,317,163,0,480,378,358,20,0,378
M9 [CHILD IMMUNISATION],9.1.2,Child immunisation - BCG,TOTAL,6621,5815,806,26,6595,136,136,NA,NA,136,318,318,NA,NA,318,1883,1458,425,8,1875,268,268,NA,NA,268,434,403,31,NA,434,283,283,NA,NA,283,211,211,NA,NA,211,153,153,NA,NA,153,1168,1009,159,1,1167,905,735,170,11,894,862,841,21,6,856
M9 [CHILD IMMUNISATION],9.1.3,Child immunisation - DPT1,TOTAL,74,44,30,2,72,0,0,NA,NA,0,4,4,NA,NA,4,38,8,30,2,36,3,3,NA,NA,3,0,0,0,NA,0,1,1,NA,NA,1,0,0,NA,NA,0,0,0,NA,NA,0,0,0,0,0,0,28,28,0,0,28,0,0,0,NA,0
M9 [CHILD IMMUNISATION],9.1.4,Child immunisation - DPT2,TOTAL,51,17,34,0,51,0,0,NA,NA,0,4,4,NA,NA,4,36,2,34,0,36,2,2,NA,NA,2,0,0,0,NA,0,1,1,NA,NA,1,0,0,NA,NA,0,0,0,NA,NA,0,1,1,0,0,1,7,7,0,0,7,0,0,0,NA,0
M9 [CHILD IMMUNISATION],9.1.5,Child immunisation - DPT3,TOTAL,68,33,35,2,66,0,0,NA,NA,0,1,1,NA,NA,1,49,14,35,2,47,7,7,NA,NA,7,0,0,0,NA,0,0,0,NA,NA,0,0,0,NA,NA,0,0,0,NA,NA,0,3,3,0,0,3,8,8,0,0,8,0,0,0,NA,0
M9 [CHILD IMMUNISATION],9.1.6,Child immunisation - Pentavalent 1,TOTAL,6464,6096,368,324,6140,336,336,NA,NA,336,431,431,NA,NA,431,1530,1262,268,246,1284,341,341,NA,NA,341,534,528,6,NA,534,265,265,NA,NA,265,227,227,NA,NA,227,228,228,NA,NA,228,987,930,57,27,960,762,737,25,37,725,823,811,12,14,809
M9 [CHILD IMMUNISATION],9.1.7,Child immunisation - Pentavalent 2,TOTAL,5991,5780,211,332,5659,276,276,NA,NA,276,356,356,NA,NA,356,1253,1124,129,228,1025,312,312,NA,NA,312,483,478,5,NA,483,292,292,NA,NA,292,282,282,NA,NA,282,234,234,NA,NA,234,976,919,57,38,938,687,671,16,46,641,840,836,4,20,820
M9 [CHILD IMMUNISATION],9.1.8,Child immunisation - Pentavalent 3,TOTAL,5466,5271,195,289,5177,239,239,NA,NA,239,320,320,NA,NA,320,1146,1025,121,220,926,306,306,NA,NA,306,490,486,4,NA,490,237,237,NA,NA,237,236,236,NA,NA,236,210,210,NA,NA,210,839,807,32,23,816,694,663,31,38,656,749,742,7,8,741
M9 [CHILD IMMUNISATION],9.1.9,Child immunisation - OPV 0 (Birth Dose),TOTAL,4545,3715,830,2,4543,277,277,NA,NA,277,112,112,NA,NA,112,1652,1229,423,2,1650,239,239,NA,NA,239,306,279,27,NA,306,117,117,NA,NA,117,155,155,NA,NA,155,52,52,NA,NA,52,642,473,169,0,642,606,417,189,0,606,387,365,22,0,387
M9 [CHILD IMMUNISATION],9.1.10,Child immunisation - OPV1,TOTAL,6431,6120,311,325,6106,336,336,NA,NA,336,431,431,NA,NA,431,1480,1269,211,247,1233,341,341,NA,NA,341,534,528,6,NA,534,280,280,NA,NA,280,222,222,NA,NA,222,228,228,NA,NA,228,987,930,57,27,960,767,742,25,37,730,825,813,12,14,811
M9 [CHILD IMMUNISATION],9.1.11,Child immunisation - OPV2,TOTAL,6016,5781,235,333,5683,276,276,NA,NA,276,356,356,NA,NA,356,1280,1127,153,229,1051,300,300,NA,NA,300,483,478,5,NA,483,288,288,NA,NA,288,270,270,NA,NA,270,234,234,NA,NA,234,977,920,57,38,939,712,696,16,46,666,840,836,4,20,820
M9 [CHILD IMMUNISATION],9.1.12,Child immunisation - OPV3,TOTAL,5447,5211,236,290,5157,239,239,NA,NA,239,320,320,NA,NA,320,1200,1038,162,221,979,305,305,NA,NA,305,490,486,4,NA,490,225,225,NA,NA,225,170,170,NA,NA,170,210,210,NA,NA,210,842,810,32,23,819,697,666,31,38,659,749,742,7,8,741
M9 [CHILD IMMUNISATION],9.1.13,Child immunisation - Hepatitis-B0 (Birth Dose),TOTAL,3616,2940,676,0,3616,149,149,NA,NA,149,59,59,NA,NA,59,1408,1101,307,0,1408,130,130,NA,NA,130,197,168,29,NA,197,59,59,NA,NA,59,134,134,NA,NA,134,41,41,NA,NA,41,599,448,151,0,599,527,360,167,0,527,313,291,22,0,313
M9 [CHILD IMMUNISATION],9.1.14,Child immunisation - Hepatitis-B1,TOTAL,73,0,73,0,73,0,0,NA,NA,0,0,0,NA,NA,0,73,0,73,0,73,0,0,NA,NA,0,0,0,0,NA,0,0,0,NA,NA,0,0,0,NA,NA,0,0,0,NA,NA,0,0,0,0,0,0,0,0,0,0,0,0,0,0,NA,0
M9 [CHILD IMMUNISATION],9.1.15,Child immunisation - Hepatitis-B2,TOTAL,10,0,10,0,10,0,0,NA,NA,0,0,0,NA,NA,0,10,0,10,0,10,0,0,NA,NA,0,0,0,0,NA,0,0,0,NA,NA,0,0,0,NA,NA,0,0,0,NA,NA,0,0,0,0,0,0,0,0,0,0,0,0,0,0,NA,0
M9 [CHILD IMMUNISATION],9.1.16,Child immunisation - Hepatitis-B3,TOTAL,32,18,14,16,16,0,0,NA,NA,0,0,0,NA,NA,0,16,2,14,0,16,0,0,NA,NA,0,0,0,0,NA,0,0,0,NA,NA,0,0,0,NA,NA,0,0,0,NA,NA,0,0,0,0,0,0,16,16,0,16,0,0,0,0,NA,0
M9 [CHILD IMMUNISATION],9.1.17,Child immunisation - Inactivated Polio Vaccine 1 (IPV 1),TOTAL,4666,4409,257,291,4375,279,279,NA,NA,279,241,241,NA,NA,241,1269,1103,166,247,1022,158,158,NA,NA,158,310,310,0,NA,310,239,239,NA,NA,239,69,69,NA,NA,69,117,117,NA,NA,117,717,669,48,15,702,526,495,31,15,511,741,729,12,14,727
M9 [CHILD IMMUNISATION],9.1.18,Child immunisation - Inactivated Polio Vaccine 2 (IPV 2),TOTAL,3234,3153,81,234,3000,188,188,NA,NA,188,101,101,NA,NA,101,793,760,33,208,585,118,118,NA,NA,118,144,144,0,NA,144,228,228,NA,NA,228,57,57,NA,NA,57,136,136,NA,NA,136,556,531,25,9,547,293,277,16,9,284,620,613,7,8,612
M9 [CHILD IMMUNISATION],9.1.19,Child immunisation - Rotavirus 1,TOTAL,18,0,18,0,18,0,0,NA,NA,0,0,0,NA,NA,0,0,0,NA,NA,0,0,0,NA,NA,0,0,0,0,NA,0,0,0,NA,NA,0,0,0,NA,NA,0,NA,NA,NA,NA,NA,18,0,18,0,18,0,0,0,0,0,0,0,NA,NA,0
M9 [CHILD IMMUNISATION],9.1.20,Child immunisation - Rotavirus 2,TOTAL,20,0,20,0,20,0,0,NA,NA,0,0,0,NA,NA,0,0,0,NA,NA,0,0,0,NA,NA,0,0,0,0,NA,0,0,0,NA,NA,0,0,0,NA,NA,0,NA,NA,NA,NA,NA,20,0,20,0,20,0,0,0,0,0,0,0,NA,NA,0
M9 [CHILD IMMUNISATION],9.1.21,Child immunisation - Rotavirus 3,TOTAL,0,0,0,0,0,0,0,NA,NA,0,0,0,NA,NA,0,0,0,NA,NA,0,0,0,NA,NA,0,0,0,0,NA,0,0,0,NA,NA,0,0,0,NA,NA,0,NA,NA,NA,NA,NA,0,0,0,0,0,0,0,0,0,0,0,0,NA,NA,0
M9 [CHILD IMMUNISATION],9.2.1,Child immunisation (9-11months) - Measles & Rubella (MR)- 1st Dose,TOTAL,0,0,0,0,0,0,0,NA,NA,0,0,0,NA,NA,0,0,0,NA,NA,0,0,0,NA,NA,0,0,0,0,NA,0,0,0,NA,NA,0,0,0,NA,NA,0,NA,NA,NA,NA,NA,0,0,0,0,0,0,0,0,0,0,0,0,NA,NA,0
M9 [CHILD IMMUNISATION],9.2.2,Child immunisation (9-11months) - Measles 1st dose,TOTAL,626,546,80,59,567,0,0,NA,NA,0,31,31,NA,NA,31,204,141,63,59,145,20,20,NA,NA,20,0,0,0,NA,0,68,68,NA,NA,68,1,1,NA,NA,1,37,37,NA,NA,37,11,1,10,0,11,52,52,0,0,52,202,195,7,0,202
M9 [CHILD IMMUNISATION],9.2.3,Child immunisation (9-11months) - JE 1st dose,TOTAL,2366,2289,77,184,2182,0,0,NA,NA,0,210,210,NA,NA,210,691,651,40,165,526,0,0,NA,NA,0,365,362,3,NA,365,0,0,NA,NA,0,0,0,NA,NA,0,87,87,NA,NA,87,0,0,0,0,0,498,471,27,19,479,515,508,7,0,515
M9 [CHILD IMMUNISATION],9.2.4.a,Children aged between 9 and 11 months fully immunized- Male,TOTAL,372,303,69,33,339,0,0,NA,NA,0,17,17,NA,NA,17,113,72,41,25,88,9,9,NA,NA,9,1,0,1,NA,1,37,37,NA,NA,37,1,1,NA,NA,1,28,28,NA,NA,28,6,0,6,0,6,62,44,18,8,54,98,95,3,0,98
M9 [CHILD IMMUNISATION],9.2.4.b,Children aged between 9 and 11 months fully immunized - Female,TOTAL,351,276,75,31,320,0,0,NA,NA,0,21,21,NA,NA,21,129,71,58,29,100,11,11,NA,NA,11,2,0,2,NA,2,29,29,NA,NA,29,0,0,NA,NA,0,12,12,NA,NA,12,5,1,4,0,5,40,31,9,2,38,102,100,2,0,102
M9 [CHILD IMMUNISATION],9.3.1,Child immunisation - Measles & Rubella (MR)- 1st Dose,TOTAL,0,0,0,0,0,0,0,NA,NA,0,0,0,NA,NA,0,0,0,NA,NA,0,0,0,NA,NA,0,0,0,0,NA,0,0,0,NA,NA,0,0,0,NA,NA,0,NA,NA,NA,NA,NA,0,0,0,0,0,0,0,0,0,0,0,0,NA,NA,0
M9 [CHILD IMMUNISATION],9.3.2,Child immunisation - Measles-1st dose,TOTAL,81,81,0,9,72,0,0,NA,NA,0,1,1,NA,NA,1,33,33,0,9,24,0,0,NA,NA,0,0,0,0,NA,0,17,17,NA,NA,17,0,0,NA,NA,0,4,4,NA,NA,4,0,0,0,0,0,17,17,0,0,17,9,9,NA,0,9
M9 [CHILD IMMUNISATION],9.3.3,Child immunisation - JE 1st dose,TOTAL,759,693,66,110,649,0,0,NA,NA,0,35,35,NA,NA,35,418,355,63,108,310,0,0,NA,NA,0,87,86,1,NA,87,0,0,NA,NA,0,0,0,NA,NA,0,6,6,NA,NA,6,2,0,2,0,2,141,141,0,2,139,70,70,NA,0,70
M9 [CHILD IMMUNISATION],9.4.1,Child immunisation - Measles & Rubella (MR)- 2nd Dose (16-24 months),TOTAL,8,8,0,0,8,0,0,NA,NA,0,0,0,NA,NA,0,0,0,NA,NA,0,8,8,NA,NA,8,0,0,0,NA,0,0,0,NA,NA,0,0,0,NA,NA,0,NA,NA,NA,NA,NA,0,0,0,0,0,0,0,0,0,0,0,0,NA,NA,0
M9 [CHILD IMMUNISATION],9.4.2,Child immunisation - Measles 2nd dose (More than 16 months),TOTAL,535,531,4,49,486,0,0,NA,NA,0,45,45,NA,NA,45,145,141,4,49,96,14,14,NA,NA,14,0,0,0,NA,0,75,75,NA,NA,75,2,2,NA,NA,2,14,14,NA,NA,14,20,20,0,0,20,74,74,0,0,74,146,146,0,0,146
M9 [CHILD IMMUNISATION],9.4.3,Child immunisation - DPT 1st Booster,TOTAL,4103,3965,138,251,3852,149,149,NA,NA,149,272,272,NA,NA,272,948,860,88,186,762,96,96,NA,NA,96,457,455,2,NA,457,174,174,NA,NA,174,143,143,NA,NA,143,148,148,NA,NA,148,531,505,26,17,514,530,515,15,17,513,655,648,7,31,624
M9 [CHILD IMMUNISATION],9.4.4,Child immunisation - OPV Booster,TOTAL,4063,3908,155,251,3812,149,149,NA,NA,149,262,262,NA,NA,262,964,860,104,186,778,92,92,NA,NA,92,458,455,3,NA,458,169,169,NA,NA,169,143,143,NA,NA,143,148,148,NA,NA,148,531,505,26,17,514,500,485,15,17,483,647,640,7,31,616
M9 [CHILD IMMUNISATION],9.4.5,"Child immunisation - Measles, Mumps, Rubella (MMR) Vaccine",TOTAL,84,14,70,0,84,0,0,NA,NA,0,0,0,NA,NA,0,0,0,NA,NA,0,0,0,NA,NA,0,2,0,2,NA,2,0,0,NA,NA,0,0,0,NA,NA,0,NA,NA,NA,NA,NA,82,14,68,0,82,0,0,0,0,0,0,0,NA,NA,0
M9 [CHILD IMMUNISATION],9.4.6,Number of children more than 16 months of age who received Japanese Encephalitis (JE) vaccine,TOTAL,2265,2150,115,238,2027,0,0,NA,NA,0,234,234,NA,NA,234,776,679,97,218,558,0,0,NA,NA,0,329,326,3,NA,329,0,0,NA,NA,0,0,0,NA,NA,0,93,93,NA,NA,93,0,0,0,NA,0,492,477,15,20,472,341,341,0,0,341
M9 [CHILD IMMUNISATION],9.5.1,Child immunisation - Typhoid,TOTAL,299,47,252,0,299,0,0,NA,NA,0,0,0,NA,NA,0,269,36,233,NA,269,3,3,NA,NA,3,8,8,0,NA,8,0,0,NA,NA,0,0,0,NA,NA,0,0,0,NA,NA,0,19,0,19,0,19,0,0,0,0,0,0,0,NA,0,0
M9 [CHILD IMMUNISATION],9.5.2,Children more than 5 years received DPT5 (2nd Booster),TOTAL,2104,1999,105,148,1956,77,77,NA,NA,77,170,170,NA,NA,170,573,497,76,135,438,103,103,NA,NA,103,303,302,1,NA,303,28,28,NA,NA,28,54,54,NA,NA,54,74,74,NA,NA,74,150,133,17,3,147,355,344,11,9,346,217,217,0,1,216
M9 [CHILD IMMUNISATION],9.5.3,Children more than 10 years received TT10,TOTAL,1572,1514,58,114,1458,137,137,NA,NA,137,69,69,NA,NA,69,326,280,46,101,225,95,95,NA,NA,95,112,112,0,NA,112,127,127,NA,NA,127,115,115,NA,NA,115,39,39,NA,NA,39,169,164,5,2,167,233,229,4,10,223,150,147,3,1,149
M9 [CHILD IMMUNISATION],9.5.4,Children more than 16 years received TT16,TOTAL,1603,1575,28,100,1503,225,225,NA,NA,225,12,12,NA,NA,12,195,192,3,98,97,83,83,NA,NA,83,64,64,0,NA,64,236,236,NA,NA,236,139,139,NA,NA,139,26,26,NA,NA,26,326,324,2,0,326,147,147,0,2,145,150,127,23,0,150
M9 [CHILD IMMUNISATION],9.6.1,Number of cases of AEFI - Abscess,TOTAL,0,0,0,0,0,0,0,NA,NA,0,0,0,NA,NA,0,0,0,0,NA,0,0,0,NA,NA,0,0,0,0,NA,0,0,0,NA,NA,0,0,0,NA,NA,0,0,0,NA,NA,0,0,0,0,0,0,0,0,0,0,0,0,0,0,0,0
M9 [CHILD IMMUNISATION],9.6.2,Number of cases of AEFI - Death,TOTAL,0,0,0,0,0,0,0,NA,NA,0,0,0,NA,NA,0,0,0,0,NA,0,0,0,NA,NA,0,0,0,0,NA,0,0,0,NA,NA,0,0,0,NA,NA,0,0,0,NA,NA,0,0,0,0,0,0,0,0,0,0,0,0,0,0,0,0
M9 [CHILD IMMUNISATION],9.6.3,Number of cases of AEFI - Others,TOTAL,84,84,0,0,84,0,0,NA,NA,0,40,40,NA,NA,40,0,0,0,NA,0,0,0,NA,NA,0,1,1,0,NA,1,38,38,NA,NA,38,0,0,NA,NA,0,4,4,NA,NA,4,0,0,0,0,0,0,0,0,0,0,1,1,0,0,1
M9 [CHILD IMMUNISATION],9.7.1,Immunisation sessions planned,TOTAL,6773,6735,38,278,6495,502,502,NA,NA,502,292,292,NA,NA,292,1545,1511,34,237,1308,409,409,NA,NA,409,548,548,0,NA,548,424,424,NA,NA,424,408,408,NA,NA,408,240,240,NA,NA,240,1026,1026,0,12,1014,484,480,4,13,471,895,895,NA,16,879
M9 [CHILD IMMUNISATION],9.7.2,Immunisation sessions held,TOTAL,5830,5792,38,265,5565,423,423,NA,NA,423,259,259,NA,NA,259,1422,1388,34,226,1196,331,331,NA,NA,331,478,478,0,NA,478,344,344,NA,NA,344,333,333,NA,NA,333,192,192,NA,NA,192,832,832,0,10,822,418,414,4,13,405,798,798,NA,16,782
M9 [CHILD IMMUNISATION],9.7.3,Number of Immunisation sessions where ASHAs were present,TOTAL,4666,4666,0,101,4565,408,408,NA,NA,408,198,198,NA,NA,198,1008,1008,0,82,926,303,303,NA,NA,303,326,326,0,NA,326,316,316,NA,NA,316,339,339,NA,NA,339,144,144,NA,NA,144,781,781,0,7,774,238,238,0,9,229,605,605,NA,3,602
M9 [CHILD IMMUNISATION],9.8.1,Child immunisation - Vitamin A Dose - 1,TOTAL,2656,2519,137,205,2451,9,9,NA,NA,9,152,152,NA,NA,152,775,707,68,172,603,48,48,NA,NA,48,248,248,0,NA,248,90,90,NA,NA,90,3,3,NA,NA,3,117,117,NA,NA,117,124,124,0,12,112,666,604,62,21,645,424,417,7,0,424
M9 [CHILD IMMUNISATION],9.8.2,Child immunisation - Vitamin A Dose - 5,TOTAL,1897,1686,211,81,1816,66,66,NA,NA,66,112,112,NA,NA,112,525,314,211,71,454,102,102,NA,NA,102,127,127,0,NA,127,148,148,NA,NA,148,8,8,NA,NA,8,83,83,NA,NA,83,323,323,0,3,320,201,201,0,6,195,202,202,0,1,201
M9 [CHILD IMMUNISATION],9.8.3,Child immunisation - Vitamin A Dose - 9,TOTAL,898,809,89,41,857,122,122,NA,NA,122,55,55,NA,NA,55,163,74,89,34,129,69,69,NA,NA,69,31,31,0,NA,31,52,52,NA,NA,52,8,8,NA,NA,8,19,19,NA,NA,19,125,125,0,4,121,157,157,0,2,155,97,97,0,1,96
M9 [CHILD IMMUNISATION],9.9,Number of children (6-59 months) provided 8-10 doses (1ml) of IFA syrup (Bi weekly),TOTAL,2293,2293,0,164,2129,131,131,NA,NA,131,0,0,NA,NA,0,1877,1877,0,164,1713,24,24,NA,NA,24,5,5,NA,NA,5,76,76,NA,NA,76,0,0,NA,NA,0,2,2,NA,NA,2,22,22,NA,0,22,0,0,NA,0,0,156,156,0,0,156
M9 [CHILD IMMUNISATION],9.1,Number of children (12-59 months) provided Albendazole,TOTAL,1061,1056,5,140,921,83,83,NA,NA,83,74,74,NA,NA,74,449,444,5,136,313,47,47,NA,NA,47,7,7,NA,NA,7,105,105,NA,NA,105,12,12,NA,NA,12,24,24,NA,NA,24,14,14,NA,0,14,70,70,NA,4,66,176,176,0,0,176
M9 [CHILD IMMUNISATION],9.11,Number of severely underweight children provided Health Checkup (0-5 yrs),TOTAL,72,72,0,1,71,5,5,NA,NA,5,1,1,NA,NA,1,39,39,0,1,38,0,0,NA,NA,0,7,7,0,NA,7,7,7,NA,NA,7,0,0,NA,NA,0,0,0,NA,NA,0,0,0,0,0,0,4,4,0,0,4,9,9,0,0,9
M10 [Number of cases of Childhood Diseases (0-5 years)],10.1,Childhood Diseases - Pneumonia,TOTAL,262,200,62,2,260,0,0,NA,NA,0,6,6,NA,NA,6,78,20,58,2,76,0,0,NA,NA,0,3,3,0,NA,3,7,7,NA,NA,7,0,0,NA,NA,0,11,11,NA,NA,11,7,5,2,0,7,30,30,0,0,30,120,118,2,0,120
M10 [Number of cases of Childhood Diseases (0-5 years)],10.2,Childhood Diseases - Asthma,TOTAL,64,59,5,0,64,0,0,NA,NA,0,4,4,NA,NA,4,4,3,1,0,4,0,0,NA,NA,0,1,1,0,NA,1,0,0,NA,NA,0,0,0,NA,NA,0,0,0,NA,NA,0,3,0,3,0,3,0,0,0,0,0,52,51,1,0,52
M10 [Number of cases of Childhood Diseases (0-5 years)],10.3,Childhood Diseases - Sepsis,TOTAL,55,13,42,0,55,0,0,NA,NA,0,0,0,NA,NA,0,38,5,33,0,38,0,0,NA,NA,0,0,0,0,NA,0,0,0,NA,NA,0,0,0,NA,NA,0,0,0,NA,NA,0,3,1,2,0,3,10,3,7,0,10,4,4,0,0,4
M10 [Number of cases of Childhood Diseases (0-5 years)],10.4,Childhood Diseases - Diphtheria,TOTAL,0,0,0,0,0,0,0,NA,NA,0,0,0,NA,NA,0,0,0,0,0,0,0,0,NA,NA,0,0,0,0,NA,0,0,0,NA,NA,0,0,0,NA,NA,0,0,0,NA,NA,0,0,0,0,0,0,0,0,0,0,0,0,0,0,0,0
M10 [Number of cases of Childhood Diseases (0-5 years)],10.5,Childhood Diseases - Pertussis,TOTAL,0,0,0,0,0,0,0,NA,NA,0,0,0,NA,NA,0,0,0,0,0,0,0,0,NA,NA,0,0,0,0,NA,0,0,0,NA,NA,0,0,0,NA,NA,0,0,0,NA,NA,0,0,0,0,0,0,0,0,0,0,0,0,0,0,0,0
M10 [Number of cases of Childhood Diseases (0-5 years)],10.6,Childhood Diseases - Tetanus Neonatorum,TOTAL,0,0,0,0,0,0,0,NA,NA,0,0,0,NA,NA,0,0,0,0,0,0,0,0,NA,NA,0,0,0,0,NA,0,0,0,NA,NA,0,0,0,NA,NA,0,0,0,NA,NA,0,0,0,0,0,0,0,0,0,0,0,0,0,0,0,0
M10 [Number of cases of Childhood Diseases (0-5 years)],10.7,Childhood Diseases - Tuberculosis (TB),TOTAL,23,16,7,0,23,0,0,NA,NA,0,0,0,NA,NA,0,12,6,6,0,12,0,0,NA,NA,0,0,0,0,NA,0,0,0,NA,NA,0,0,0,NA,NA,0,7,7,NA,NA,7,1,0,1,0,1,3,3,0,0,3,0,0,0,0,0
M10 [Number of cases of Childhood Diseases (0-5 years)],10.8,Childhood Diseases - Acute Flaccid Paralysis(AFP),TOTAL,1,1,0,0,1,0,0,NA,NA,0,0,0,NA,NA,0,1,1,0,0,1,0,0,NA,NA,0,0,0,0,NA,0,0,0,NA,NA,0,0,0,NA,NA,0,0,0,NA,NA,0,0,0,0,0,0,0,0,0,0,0,0,0,0,0,0
M10 [Number of cases of Childhood Diseases (0-5 years)],10.9,Childhood Diseases - Measles,TOTAL,22,20,2,0,22,5,5,NA,NA,5,4,4,NA,NA,4,5,4,1,0,5,0,0,NA,NA,0,2,1,1,NA,2,0,0,NA,NA,0,0,0,NA,NA,0,1,1,NA,NA,1,1,1,0,0,1,3,3,0,0,3,1,1,0,0,1
M10 [Number of cases of Childhood Diseases (0-5 years)],10.1,Childhood Diseases - Malaria,TOTAL,136,136,0,0,136,5,5,NA,NA,5,1,1,NA,NA,1,0,0,0,0,0,14,14,NA,NA,14,55,55,0,NA,55,49,49,NA,NA,49,2,2,NA,NA,2,0,0,NA,NA,0,5,5,0,0,5,4,4,0,0,4,1,1,0,0,1
M10 [Number of cases of Childhood Diseases (0-5 years)],10.11,Childhood Diseases - Diarrhoea,TOTAL,7230,5033,2197,220,7010,171,171,NA,NA,171,466,466,NA,NA,466,3490,1311,2179,159,3331,119,119,NA,NA,119,537,537,0,NA,537,159,159,NA,NA,159,246,246,NA,NA,246,115,115,NA,NA,115,283,270,13,3,280,848,848,0,54,794,796,791,5,4,792
M10 [Number of cases of Childhood Diseases (0-5 years)],10.12,Childhood Diseases - Diarrhoea treated in Inpatients,TOTAL,860,708,152,0,860,21,21,NA,NA,21,41,41,NA,NA,41,235,111,124,NA,235,29,29,NA,NA,29,100,100,0,NA,100,9,9,NA,NA,9,7,7,NA,NA,7,28,28,NA,NA,28,66,53,13,0,66,160,160,0,0,160,164,149,15,0,164
M10 [Number of cases of Childhood Diseases (0-5 years)],10.13,Children admitted with upper respiratory infections,TOTAL,1413,1215,198,203,1210,2,2,NA,NA,2,5,5,NA,NA,5,297,175,122,0,297,6,6,NA,NA,6,358,358,0,NA,358,7,7,NA,NA,7,9,9,NA,NA,9,49,49,NA,NA,49,11,5,6,0,11,550,550,0,203,347,119,49,70,0,119
M10 [Number of cases of Childhood Diseases (0-5 years)],10.14,Childhood Diseases - Severe Acute Malnutrition (SAM),TOTAL,15,12,3,0,15,0,0,NA,NA,0,0,0,NA,NA,0,3,2,1,0,3,0,0,NA,NA,0,2,2,0,NA,2,0,0,NA,NA,0,0,0,NA,NA,0,0,0,NA,NA,0,2,0,2,0,2,6,6,0,0,6,2,2,0,0,2
M11 [NVBDCP],11.1.1.a,Total Blood Smears Examined for Malaria,TOTAL,16401,15225,1176,53,16348,977,977,NA,NA,977,476,476,NA,NA,476,1657,1028,629,0,1657,1134,1134,NA,NA,1134,1291,1248,43,NA,1291,1909,1909,NA,NA,1909,1411,1411,NA,NA,1411,158,158,NA,NA,158,5252,4757,495,37,5215,1467,1467,0,16,1451,669,660,9,0,669
M11 [NVBDCP],11.1.1.b,Malaria (Microscopy Tests ) - Plasmodium Vivax test positive,TOTAL,18,18,0,0,18,0,0,NA,NA,0,0,0,NA,NA,0,0,0,0,NA,0,2,2,NA,NA,2,0,0,0,NA,0,14,14,NA,NA,14,0,0,NA,NA,0,0,0,NA,NA,0,0,0,0,0,0,1,1,0,0,1,1,1,0,0,1
M11 [NVBDCP],11.1.1.c,Malaria (Microscopy Tests ) - Plasmodium Falciparum test positive,TOTAL,456,456,0,0,456,5,5,NA,NA,5,0,0,NA,NA,0,1,1,0,NA,1,35,35,NA,NA,35,0,0,0,NA,0,374,374,NA,NA,374,9,9,NA,NA,9,0,0,NA,NA,0,19,19,0,0,19,8,8,0,0,8,5,5,0,0,5
M11 [NVBDCP],11.1.2.a,RDT conducted for Malaria,TOTAL,6318,5225,1093,13,6305,802,802,NA,NA,802,115,115,NA,NA,115,1236,381,855,0,1236,563,563,NA,NA,563,566,443,123,NA,566,299,299,NA,NA,299,324,324,NA,NA,324,39,39,NA,NA,39,1132,1025,107,11,1121,165,165,0,2,163,1077,1069,8,0,1077
M11 [NVBDCP],11.1.2.b,Malaria (RDT) - Plasmodium Vivax test positive,TOTAL,31,30,1,0,31,0,0,NA,NA,0,1,1,NA,NA,1,1,0,1,NA,1,5,5,NA,NA,5,22,22,0,NA,22,0,0,NA,NA,0,0,0,NA,NA,0,0,0,NA,NA,0,0,0,0,0,0,1,1,0,0,1,1,1,0,0,1
M11 [NVBDCP],11.1.2.c,Malaria (RDT) - Plamodium Falciparum test positive,TOTAL,53,53,0,0,53,4,4,NA,NA,4,0,0,NA,NA,0,2,2,0,NA,2,11,11,NA,NA,11,6,6,0,NA,6,15,15,NA,NA,15,1,1,NA,NA,1,0,0,NA,NA,0,6,6,0,0,6,1,1,0,0,1,7,7,0,0,7
M11 [NVBDCP],11.2.1,Kala Azar (RDT) - Tests Conducted,TOTAL,0,0,0,0,0,0,0,NA,NA,0,0,0,NA,NA,0,0,0,0,NA,0,0,0,NA,NA,0,0,0,0,NA,0,0,0,NA,NA,0,0,0,NA,NA,0,NA,NA,NA,NA,NA,0,0,0,0,0,0,0,0,0,0,0,0,NA,NA,0
M11 [NVBDCP],11.2.2,Kala Azar Positive Cases,TOTAL,0,0,0,0,0,0,0,NA,NA,0,0,0,NA,NA,0,0,0,0,NA,0,0,0,NA,NA,0,0,0,0,NA,0,0,0,NA,NA,0,0,0,NA,NA,0,NA,NA,NA,NA,NA,0,0,0,0,0,0,0,0,0,0,0,0,NA,NA,0
M11 [NVBDCP],11.2.3,Post-kala-azar dermal leishmaniasis (PKDL) cases,TOTAL,0,0,0,0,0,0,0,NA,NA,0,0,0,NA,NA,0,0,0,0,NA,0,0,0,NA,NA,0,0,0,0,NA,0,0,0,NA,NA,0,0,0,NA,NA,0,NA,NA,NA,NA,NA,0,0,0,0,0,0,0,0,0,0,0,0,NA,NA,0
M11 [NVBDCP],11.3.1,Dengue - RDT Test Positive,TOTAL,18,0,18,0,18,0,0,NA,NA,0,0,0,NA,NA,0,5,0,5,NA,5,0,0,NA,NA,0,13,0,13,NA,13,0,0,NA,NA,0,0,0,NA,NA,0,NA,NA,NA,NA,NA,0,0,0,0,0,0,0,0,0,0,0,0,NA,NA,0
M11 [NVBDCP],11.3.2,Dengue - Enzyme- Linked Immuno Sorbent Assay (ELISA) Test Positive,TOTAL,0,0,0,NA,0,0,0,NA,NA,0,NA,NA,NA,NA,NA,0,0,0,NA,0,NA,NA,NA,NA,NA,0,0,0,NA,0,NA,NA,NA,NA,NA,NA,NA,NA,NA,NA,NA,NA,NA,NA,NA,0,NA,0,NA,0,0,0,0,NA,0,0,0,NA,NA,0
M11 [NVBDCP],11.4.1,Tests Conducted for JE,TOTAL,4,4,0,NA,4,0,0,NA,NA,0,NA,NA,NA,NA,NA,0,0,0,NA,0,NA,NA,NA,NA,NA,0,0,0,NA,0,NA,NA,NA,NA,NA,NA,NA,NA,NA,NA,NA,NA,NA,NA,NA,4,4,0,NA,4,0,0,0,NA,0,NA,NA,NA,NA,NA
M11 [NVBDCP],11.4.2,Tests Positive for JE,TOTAL,0,0,0,NA,0,0,0,NA,NA,0,NA,NA,NA,NA,NA,0,0,0,NA,0,NA,NA,NA,NA,NA,0,0,0,NA,0,NA,NA,NA,NA,NA,NA,NA,NA,NA,NA,NA,NA,NA,NA,NA,0,NA,0,NA,0,0,0,0,NA,0,NA,NA,NA,NA,NA
M12 [Adolscent Health],12.1.1.a,Girls registered in AFHC,TOTAL,2092,2088,4,74,2018,31,31,NA,NA,31,66,66,NA,NA,66,554,550,4,60,494,8,8,NA,NA,8,140,140,NA,NA,140,151,151,NA,NA,151,74,74,NA,NA,74,80,80,NA,NA,80,457,457,0,0,457,138,138,0,10,128,393,393,NA,4,389
M12 [Adolscent Health],12.1.1.b,Boys registered in AFHC,TOTAL,940,940,0,57,883,16,16,NA,NA,16,26,26,NA,NA,26,214,214,0,49,165,1,1,NA,NA,1,65,65,NA,NA,65,155,155,NA,NA,155,39,39,NA,NA,39,22,22,NA,NA,22,162,162,0,0,162,52,52,0,6,46,188,188,NA,2,186
M12 [Adolscent Health],12.1.2.a,"Out of registered, Girls received clinical services",TOTAL,1636,1636,0,74,1562,31,31,NA,NA,31,66,66,NA,NA,66,322,322,0,60,262,8,8,NA,NA,8,132,132,NA,NA,132,75,75,NA,NA,75,70,70,NA,NA,70,27,27,NA,NA,27,457,457,0,0,457,74,74,0,10,64,374,374,NA,4,370
M12 [Adolscent Health],12.1.2.b,"Out of registered, Boys received clinical services",TOTAL,720,720,0,57,663,16,16,NA,NA,16,26,26,NA,NA,26,122,122,0,49,73,1,1,NA,NA,1,64,64,NA,NA,64,96,96,NA,NA,96,36,36,NA,NA,36,17,17,NA,NA,17,162,162,0,0,162,20,20,0,6,14,160,160,NA,2,158
M12 [Adolscent Health],12.1.3.a,"Out of registered, Girls received counselling",TOTAL,1830,1826,4,74,1756,31,31,NA,NA,31,66,66,NA,NA,66,529,525,4,60,469,8,8,NA,NA,8,136,136,NA,NA,136,68,68,NA,NA,68,67,67,NA,NA,67,29,29,NA,NA,29,380,380,0,0,380,135,135,0,10,125,381,381,NA,4,377
M12 [Adolscent Health],12.1.3.b,"Out of registered, Boys received counselling",TOTAL,773,773,0,57,716,16,16,NA,NA,16,26,26,NA,NA,26,193,193,0,49,144,1,1,NA,NA,1,64,64,NA,NA,64,76,76,NA,NA,76,34,34,NA,NA,34,20,20,NA,NA,20,107,107,0,0,107,51,51,0,6,45,185,185,NA,2,183
"M13 [Directly Observed Treatment, Short-course (DOTS)]",13.1,Number of on-going DOTS patients registered,TOTAL,753,656,97,97,656,19,19,NA,NA,19,33,33,NA,NA,33,367,270,97,93,274,27,27,NA,NA,27,44,44,NA,NA,44,22,22,NA,NA,22,47,47,NA,NA,47,17,17,NA,NA,17,39,39,0,0,39,107,107,0,4,103,31,31,0,0,31
"M13 [Directly Observed Treatment, Short-course (DOTS)]",13.2,Number of DOTS cases completed successfully,TOTAL,184,172,12,25,159,7,7,NA,NA,7,7,7,NA,NA,7,96,85,11,24,72,9,9,NA,NA,9,8,8,NA,NA,8,5,5,NA,NA,5,8,8,NA,NA,8,6,6,NA,NA,6,7,7,0,0,7,25,25,0,1,24,6,5,1,0,6
M14 [Patient Services],14.1.1,Outpatient - Diabetes,TOTAL,633,401,232,26,607,2,2,NA,NA,2,3,3,NA,NA,3,488,277,211,20,468,0,0,NA,NA,0,3,3,NA,NA,3,0,0,NA,NA,0,12,12,NA,NA,12,0,0,NA,NA,0,75,56,19,0,75,37,37,0,6,31,13,11,2,0,13
M14 [Patient Services],14.1.2,Outpatient - Hypertension,TOTAL,3499,3001,498,526,2973,44,44,NA,NA,44,81,81,NA,NA,81,1971,1505,466,474,1497,56,56,NA,NA,56,130,130,NA,NA,130,75,75,NA,NA,75,111,111,NA,NA,111,39,39,NA,NA,39,252,225,27,2,250,314,314,0,41,273,426,421,5,9,417
M14 [Patient Services],14.1.3,Outpatient - Stroke (Paralysis),TOTAL,51,42,9,0,51,0,0,NA,NA,0,0,0,NA,NA,0,31,24,7,0,31,0,0,NA,NA,0,0,0,NA,NA,0,1,1,NA,NA,1,15,15,NA,NA,15,0,0,NA,NA,0,4,2,2,0,4,0,0,0,0,0,0,0,0,0,0
M14 [Patient Services],14.1.4,Outpatient - Acute Heart Diseases,TOTAL,84,63,21,0,84,0,0,NA,NA,0,0,0,NA,NA,0,31,20,11,0,31,0,0,NA,NA,0,0,0,NA,NA,0,1,1,NA,NA,1,13,13,NA,NA,13,0,0,NA,NA,0,38,28,10,0,38,0,0,0,0,0,1,1,0,0,1
M14 [Patient Services],14.1.5,Outpatient - Mental illness,TOTAL,311,142,169,0,311,0,0,NA,NA,0,24,24,NA,NA,24,218,83,135,0,218,0,0,NA,NA,0,0,0,NA,NA,0,0,0,NA,NA,0,0,0,NA,NA,0,3,3,NA,NA,3,33,31,2,0,33,1,1,0,0,1,32,0,32,0,32
M14 [Patient Services],14.1.6,Outpatient - Epilepsy,TOTAL,71,32,39,0,71,0,0,NA,NA,0,2,2,NA,NA,2,66,29,37,0,66,0,0,NA,NA,0,0,0,NA,NA,0,0,0,NA,NA,0,0,0,NA,NA,0,0,0,NA,NA,0,3,1,2,0,3,0,0,0,0,0,0,0,0,0,0
M14 [Patient Services],14.1.7,Outpatient - Ophthalmic Related,TOTAL,5109,5007,102,71,5038,25,25,NA,NA,25,7,7,NA,NA,7,2910,2815,95,61,2849,113,113,NA,NA,113,408,408,NA,NA,408,117,117,NA,NA,117,62,62,NA,NA,62,2,2,NA,NA,2,1129,1122,7,0,1129,75,75,0,10,65,261,261,0,0,261
M14 [Patient Services],14.1.8,Outpatient - Dental,TOTAL,7918,7780,138,41,7877,287,287,NA,NA,287,132,132,NA,NA,132,4104,3989,115,36,4068,166,166,NA,NA,166,587,587,NA,NA,587,66,66,NA,NA,66,96,96,NA,NA,96,74,74,NA,NA,74,692,669,23,0,692,582,582,0,5,577,1132,1132,0,0,1132
M14 [Patient Services],14.1.9,Outpatient - Oncology,TOTAL,770,761,9,NA,770,0,0,NA,NA,0,0,0,NA,NA,0,696,687,9,NA,696,0,0,NA,NA,0,0,0,NA,NA,0,0,0,NA,NA,0,0,0,NA,NA,0,0,0,NA,NA,0,74,74,0,NA,74,0,0,0,NA,0,0,0,0,NA,0
M14 [Patient Services],14.2.1,Allopathic- Outpatient attendance,TOTAL,309543,265434,44109,14825,294718,11413,11413,NA,NA,11413,9940,9940,NA,NA,9940,138571,105471,33100,11946,126625,9232,9232,NA,NA,9232,29818,26659,3159,NA,29818,6353,6353,NA,NA,6353,12057,12057,NA,NA,12057,5514,5514,NA,NA,5514,30989,27765,3224,621,30368,23691,20433,3258,1843,21848,31965,30597,1368,415,31550
M14 [Patient Services],14.2.2,Ayush - Outpatient attendance,TOTAL,22913,22913,0,826,22087,1018,1018,NA,NA,1018,1345,1345,NA,NA,1345,5764,5764,0,826,4938,83,83,NA,NA,83,2983,2983,0,NA,2983,996,996,NA,NA,996,685,685,NA,NA,685,1037,1037,NA,NA,1037,2528,2528,NA,NA,2528,1524,1524,0,0,1524,4950,4950,NA,0,4950
M14 [Patient Services],14.3.1.a,Inpatient (Male)- Children<18yrs,TOTAL,3239,2217,1022,0,3239,185,185,NA,NA,185,61,61,NA,NA,61,1285,587,698,NA,1285,165,165,NA,NA,165,264,212,52,NA,264,24,24,NA,NA,24,86,86,NA,NA,86,83,83,NA,NA,83,214,104,110,0,214,608,486,122,0,608,264,224,40,NA,264
M14 [Patient Services],14.3.1.b,Inpatient (Male)- Adults,TOTAL,5898,4286,1612,0,5898,400,400,NA,NA,400,56,56,NA,NA,56,3059,1849,1210,NA,3059,186,186,NA,NA,186,231,165,66,NA,231,74,74,NA,NA,74,160,160,NA,NA,160,41,41,NA,NA,41,595,393,202,0,595,886,778,108,0,886,210,184,26,NA,210
M14 [Patient Services],14.3.2.a,Inpatient (Female)- Children<18yrs,TOTAL,3205,2253,952,0,3205,172,172,NA,NA,172,74,74,NA,NA,74,1170,531,639,NA,1170,144,144,NA,NA,144,302,226,76,NA,302,32,32,NA,NA,32,64,64,NA,NA,64,64,64,NA,NA,64,189,93,96,0,189,577,485,92,0,577,417,368,49,NA,417
M14 [Patient Services],14.3.2.b,Inpatient (Female)- Adults,TOTAL,11874,8820,3054,0,11874,932,932,NA,NA,932,104,104,NA,NA,104,4906,2849,2057,NA,4906,312,312,NA,NA,312,591,512,79,NA,591,157,157,NA,NA,157,285,285,NA,NA,285,171,171,NA,NA,171,1419,958,461,0,1419,2211,1843,368,0,2211,786,697,89,NA,786
M14 [Patient Services],14.3.3,Number of Left Against Medical Advice (LAMA) cases,TOTAL,219,174,45,0,219,2,2,NA,NA,2,0,0,NA,NA,0,141,103,38,NA,141,3,3,NA,NA,3,5,5,0,NA,5,5,5,NA,NA,5,4,4,NA,NA,4,4,4,NA,NA,4,22,15,7,0,22,28,28,0,0,28,5,5,0,NA,5
M14 [Patient Services],14.4.1,Inpatient - Malaria,TOTAL,109,108,1,0,109,1,1,NA,NA,1,0,0,NA,NA,0,2,1,1,NA,2,33,33,NA,NA,33,0,0,0,NA,0,50,50,NA,NA,50,8,8,NA,NA,8,0,0,NA,NA,0,1,1,0,0,1,4,4,0,0,4,10,10,0,NA,10
M14 [Patient Services],14.4.2,Inpatient - Dengue,TOTAL,7,0,7,0,7,0,0,NA,NA,0,0,0,NA,NA,0,0,0,0,NA,0,0,0,NA,NA,0,5,0,5,NA,5,0,0,NA,NA,0,0,0,NA,NA,0,0,0,NA,NA,0,2,0,2,0,2,0,0,0,0,0,0,0,0,NA,0
M14 [Patient Services],14.4.3,Inpatient - Typhoid,TOTAL,229,154,75,0,229,5,5,NA,NA,5,8,8,NA,NA,8,20,16,4,NA,20,45,45,NA,NA,45,56,5,51,NA,56,9,9,NA,NA,9,5,5,NA,NA,5,6,6,NA,NA,6,9,0,9,0,9,43,43,0,0,43,23,12,11,NA,23
M14 [Patient Services],14.4.4,"Inpatient - Asthma, Chronic Obstructive Pulmonary Disease (COPD), Respiratory infections",TOTAL,751,449,302,0,751,29,29,NA,NA,29,10,10,NA,NA,10,373,108,265,NA,373,39,39,NA,NA,39,79,55,24,NA,79,8,8,NA,NA,8,5,5,NA,NA,5,1,1,NA,NA,1,33,20,13,0,33,121,121,0,0,121,53,53,0,NA,53
M14 [Patient Services],14.4.5,Inpatient - Tuberculosis,TOTAL,146,95,51,0,146,0,0,NA,NA,0,0,0,NA,NA,0,105,62,43,NA,105,0,0,NA,NA,0,6,3,3,NA,6,2,2,NA,NA,2,1,1,NA,NA,1,0,0,NA,NA,0,5,1,4,0,5,16,16,0,0,16,11,10,1,NA,11
M14 [Patient Services],14.4.6,Inpatient - Pyrexia of unknown origin (PUO),TOTAL,589,559,30,0,589,14,14,NA,NA,14,23,23,NA,NA,23,272,269,3,NA,272,53,53,NA,NA,53,143,118,25,NA,143,6,6,NA,NA,6,18,18,NA,NA,18,2,2,NA,NA,2,16,14,2,0,16,14,14,0,0,14,28,28,0,NA,28
M14 [Patient Services],14.4.7,Inpatient - Diarrhea with dehydration,TOTAL,1227,1019,208,0,1227,34,34,NA,NA,34,74,74,NA,NA,74,463,305,158,NA,463,33,33,NA,NA,33,186,171,15,NA,186,6,6,NA,NA,6,21,21,NA,NA,21,15,15,NA,NA,15,49,34,15,0,49,195,195,0,0,195,151,131,20,NA,151
M14 [Patient Services],14.4.8,Inpatient - Hepatitis,TOTAL,51,36,15,0,51,0,0,NA,NA,0,0,0,NA,NA,0,29,18,11,NA,29,0,0,NA,NA,0,0,0,0,NA,0,0,0,NA,NA,0,1,1,NA,NA,1,2,2,NA,NA,2,10,6,4,0,10,7,7,0,0,7,2,2,0,NA,2
M14 [Patient Services],14.5,Patients registered at Emergency Department,TOTAL,17091,11969,5122,NA,17091,742,742,NA,NA,742,647,647,NA,NA,647,9030,4545,4485,NA,9030,78,78,NA,NA,78,1844,1571,273,NA,1844,205,205,NA,NA,205,267,267,NA,NA,267,334,334,NA,NA,334,1771,1469,302,NA,1771,1480,1480,0,NA,1480,693,631,62,NA,693
M14 [Patient Services],14.6.1,"Emergency - Trauma ( accident, injury, poisoning etc)",TOTAL,1770,1592,178,NA,1770,10,10,NA,NA,10,559,559,NA,NA,559,724,573,151,NA,724,0,0,NA,NA,0,95,87,8,NA,95,12,12,NA,NA,12,34,34,NA,NA,34,57,57,NA,NA,57,73,54,19,NA,73,146,146,0,NA,146,60,60,0,NA,60
M14 [Patient Services],14.6.2,Emergency - Burn,TOTAL,30,21,9,NA,30,2,2,NA,NA,2,5,5,NA,NA,5,10,5,5,NA,10,1,1,NA,NA,1,1,1,0,NA,1,0,0,NA,NA,0,6,6,NA,NA,6,0,0,NA,NA,0,4,0,4,NA,4,0,0,0,NA,0,1,1,0,NA,1
M14 [Patient Services],14.6.3,Emergency - Obstetrics complications,TOTAL,237,134,103,NA,237,0,0,NA,NA,0,2,2,NA,NA,2,111,16,95,NA,111,0,0,NA,NA,0,19,19,0,NA,19,0,0,NA,NA,0,0,0,NA,NA,0,12,12,NA,NA,12,69,61,8,NA,69,16,16,0,NA,16,8,8,0,NA,8
M14 [Patient Services],14.6.4,Emergency - Snake Bite,TOTAL,10,6,4,NA,10,0,0,NA,NA,0,0,0,NA,NA,0,1,0,1,NA,1,4,4,NA,NA,4,0,0,0,NA,0,0,0,NA,NA,0,0,0,NA,NA,0,0,0,NA,NA,0,4,1,3,NA,4,0,0,0,NA,0,1,1,0,NA,1
M14 [Patient Services],14.6.5,Emergency - Acute Caridiac Emergencies,TOTAL,13,2,11,NA,13,0,0,NA,NA,0,0,0,NA,NA,0,4,2,2,NA,4,0,0,NA,NA,0,0,0,0,NA,0,0,0,NA,NA,0,0,0,NA,NA,0,0,0,NA,NA,0,9,0,9,NA,9,0,0,0,NA,0,0,0,0,NA,0
M14 [Patient Services],14.6.7,Emergency - CVA ( Cerebovascular Disease),TOTAL,32,8,24,NA,32,0,0,NA,NA,0,0,0,NA,NA,0,24,5,19,NA,24,1,1,NA,NA,1,0,0,0,NA,0,0,0,NA,NA,0,0,0,NA,NA,0,0,0,NA,NA,0,5,0,5,NA,5,1,1,0,NA,1,1,1,0,NA,1
M14 [Patient Services],14.7,Number of deaths occurring at Emergency Department,TOTAL,18,14,4,NA,18,0,0,NA,NA,0,1,1,NA,NA,1,14,12,2,NA,14,0,0,NA,NA,0,1,0,1,NA,1,0,0,NA,NA,0,0,0,NA,NA,0,0,0,NA,NA,0,1,0,1,NA,1,1,1,0,NA,1,0,0,0,NA,0
M14 [Patient Services],14.8.1,Operation major (General and spinal anaesthesia),TOTAL,1326,558,768,0,1326,0,0,NA,NA,0,0,0,NA,NA,0,1060,430,630,NA,1060,0,0,NA,NA,0,27,4,23,NA,27,0,0,NA,NA,0,0,0,NA,NA,0,0,0,NA,NA,0,139,83,56,0,139,93,34,59,0,93,7,7,0,NA,7
M14 [Patient Services],14.8.2,"Out of Operation major, Gynecology- Hysterectomy surgeries",TOTAL,50,36,14,0,50,0,0,NA,NA,0,0,0,NA,NA,0,21,10,11,NA,21,0,0,NA,NA,0,0,0,0,NA,0,0,0,NA,NA,0,0,0,NA,NA,0,0,0,NA,NA,0,3,0,3,0,3,26,26,0,0,26,0,0,0,NA,0
M14 [Patient Services],14.8.3,"Major Surgeries excluding Obstetrics, Gynaecology and Opthalmology etc.",TOTAL,519,181,338,NA,519,0,0,NA,NA,0,NA,NA,NA,NA,NA,344,94,250,NA,344,NA,NA,NA,NA,NA,6,0,6,NA,6,NA,NA,NA,NA,NA,NA,NA,NA,NA,NA,NA,NA,NA,NA,NA,156,74,82,NA,156,8,8,0,NA,8,5,5,NA,NA,5
M14 [Patient Services],14.8.4,Operation minor (No or local anaesthesia),TOTAL,2130,1581,549,0,2130,66,66,NA,NA,66,231,231,NA,NA,231,875,491,384,NA,875,33,33,NA,NA,33,58,48,10,NA,58,24,24,NA,NA,24,71,71,NA,NA,71,6,6,NA,NA,6,303,269,34,0,303,255,139,116,0,255,208,203,5,NA,208
M14 [Patient Services],14.8.5,Number of post operative Surgical Site infection,TOTAL,9,5,4,NA,9,0,0,NA,NA,0,NA,NA,NA,NA,NA,3,1,2,NA,3,NA,NA,NA,NA,NA,0,0,0,NA,0,NA,NA,NA,NA,NA,NA,NA,NA,NA,NA,NA,NA,NA,NA,NA,2,0,2,NA,2,4,4,0,NA,4,0,0,NA,NA,0
M14 [Patient Services],14.8.6,Number of blood units issued,TOTAL,76,8,68,0,76,0,0,NA,NA,0,0,0,NA,NA,0,68,0,68,NA,68,0,0,NA,NA,0,0,0,0,NA,0,0,0,NA,NA,0,0,0,NA,NA,0,0,0,NA,NA,0,8,8,0,0,8,0,0,0,0,0,0,0,NA,NA,0
M14 [Patient Services],14.8.7,Number of blood transfusions done,TOTAL,102,10,92,0,102,0,0,NA,NA,0,0,0,NA,NA,0,77,0,77,NA,77,0,0,NA,NA,0,0,0,0,NA,0,0,0,NA,NA,0,0,0,NA,NA,0,0,0,NA,NA,0,23,8,15,0,23,2,2,0,0,2,0,0,NA,NA,0
M14 [Patient Services],14.9.1,Inpatient Deaths - Male,TOTAL,134,84,50,0,134,3,3,NA,NA,3,0,0,NA,NA,0,79,41,38,NA,79,2,2,NA,NA,2,4,1,3,NA,4,0,0,NA,NA,0,0,0,NA,NA,0,1,1,NA,NA,1,27,24,3,0,27,14,8,6,0,14,4,4,0,NA,4
M14 [Patient Services],14.9.2,Inpatient Deaths - Female,TOTAL,83,43,40,0,83,1,1,NA,NA,1,0,0,NA,NA,0,46,19,27,NA,46,1,1,NA,NA,1,0,0,0,NA,0,1,1,NA,NA,1,1,1,NA,NA,1,1,1,NA,NA,1,15,7,8,0,15,13,8,5,0,13,4,4,0,NA,4
M14 [Patient Services],14.1,In-Patient Head Count at midnight,TOTAL,78315,62792,15523,0,78315,1839,1839,NA,NA,1839,629,629,NA,NA,629,49694,37402,12292,NA,49694,2291,2291,NA,NA,2291,2450,2144,306,NA,2450,1405,1405,NA,NA,1405,465,465,NA,NA,465,975,975,NA,NA,975,7635,7078,557,0,7635,5845,4053,1792,0,5845,5087,4511,576,NA,5087
M14 [Patient Services],14.11,Number of Admission in NBSU ( New Born Stabilisation Unit),TOTAL,157,108,49,0,157,73,73,NA,NA,73,0,0,NA,NA,0,49,0,49,NA,49,0,0,NA,NA,0,13,13,0,NA,13,0,0,NA,NA,0,0,0,NA,NA,0,NA,NA,NA,NA,NA,7,7,0,0,7,0,0,0,0,0,15,15,NA,NA,15
M14 [Patient Services],14.12.1,Special Newborn Care Unit (SNCU Admissions) - Inborn Male,TOTAL,171,97,74,NA,171,3,3,NA,NA,3,NA,NA,NA,NA,NA,138,64,74,NA,138,0,0,NA,NA,0,3,3,0,NA,3,0,0,NA,NA,0,NA,NA,NA,NA,NA,NA,NA,NA,NA,NA,10,10,0,NA,10,17,17,0,NA,17,0,0,NA,NA,0
M14 [Patient Services],14.12.2,Special Newborn Care Unit (SNCU Admissions) - Inborn Female,TOTAL,120,79,41,NA,120,2,2,NA,NA,2,NA,NA,NA,NA,NA,102,61,41,NA,102,0,0,NA,NA,0,3,3,0,NA,3,0,0,NA,NA,0,NA,NA,NA,NA,NA,NA,NA,NA,NA,NA,5,5,0,NA,5,8,8,0,NA,8,0,0,NA,NA,0
M14 [Patient Services],14.12.3,Outborn – Male,TOTAL,77,39,38,NA,77,2,2,NA,NA,2,NA,NA,NA,NA,NA,55,21,34,NA,55,0,0,NA,NA,0,7,3,4,NA,7,0,0,NA,NA,0,NA,NA,NA,NA,NA,NA,NA,NA,NA,NA,7,7,0,NA,7,6,6,0,NA,6,0,0,NA,NA,0
M14 [Patient Services],14.12.4,Outborn - Female,TOTAL,56,35,21,NA,56,3,3,NA,NA,3,NA,NA,NA,NA,NA,34,17,17,NA,34,0,0,NA,NA,0,8,4,4,NA,8,0,0,NA,NA,0,NA,NA,NA,NA,NA,NA,NA,NA,NA,NA,7,7,0,NA,7,4,4,0,NA,4,0,0,NA,NA,0
M14 [Patient Services],14.12.5,Number of newborns admitted in SNCU - referred by ASHA,TOTAL,1,0,1,NA,1,0,0,NA,NA,0,NA,NA,NA,NA,NA,1,0,1,NA,1,0,0,NA,NA,0,0,0,0,NA,0,0,0,NA,NA,0,NA,NA,NA,NA,NA,NA,NA,NA,NA,NA,0,0,0,NA,0,0,0,0,NA,0,0,0,NA,NA,0
M14 [Patient Services],14.13,Number of deaths occurring at SNCU,TOTAL,37,34,3,NA,37,0,0,NA,NA,0,NA,NA,NA,NA,NA,31,28,3,NA,31,0,0,NA,NA,0,0,0,0,NA,0,0,0,NA,NA,0,NA,NA,NA,NA,NA,NA,NA,NA,NA,NA,6,6,0,NA,6,0,0,0,NA,0,0,0,NA,NA,0
M14 [Patient Services],14.14.1,Number of children admitted in NRC,TOTAL,18,18,0,0,18,1,1,NA,NA,1,0,0,NA,NA,0,2,2,NA,NA,2,0,0,NA,NA,0,2,2,0,NA,2,0,0,NA,NA,0,0,0,NA,NA,0,NA,NA,NA,NA,NA,3,3,0,0,3,6,6,0,0,6,4,4,NA,0,4
M14 [Patient Services],14.14.2,Number of children discharged with target weight gain from the NRCs,TOTAL,9,9,0,0,9,1,1,NA,NA,1,0,0,NA,NA,0,2,2,NA,NA,2,0,0,NA,NA,0,2,2,0,NA,2,0,0,NA,NA,0,0,0,NA,NA,0,NA,NA,NA,NA,NA,0,0,0,0,0,4,4,0,0,4,0,0,NA,NA,0
M14 [Patient Services],14.15,Number of Rogi Kalyan Samiti (RKS) meetings held,TOTAL,20,20,0,0,20,0,0,NA,NA,0,0,0,NA,NA,0,5,5,NA,NA,5,1,1,NA,NA,1,2,2,0,NA,2,0,0,NA,NA,0,2,2,NA,NA,2,0,0,NA,NA,0,0,0,0,0,0,4,4,0,0,4,6,6,NA,0,6
M14 [Patient Services],14.16,Number of Anganwadi centres/ UPHCs reported to have conducted Village Health & Nutrition Day (VHNDs)/ Urban Health & Nutrition Day (UHNDs)/ Outreach / Special Outreach,TOTAL,3206,3206,0,36,3170,232,232,NA,NA,232,90,90,NA,NA,90,594,594,0,19,575,233,233,NA,NA,233,188,188,NA,NA,188,134,134,NA,NA,134,273,273,NA,NA,273,93,93,NA,NA,93,678,678,NA,7,671,211,211,NA,2,209,480,480,NA,8,472
M14 [Patient Services],14.17,Stock out rate of essential Drugs,TOTAL,0,0,0,NA,0,NA,NA,NA,NA,NA,NA,NA,NA,NA,NA,NA,NA,NA,NA,NA,NA,NA,NA,NA,NA,0,NA,0,NA,0,NA,NA,NA,NA,NA,NA,NA,NA,NA,NA,NA,NA,NA,NA,NA,NA,NA,NA,NA,NA,0,0,0,NA,0,NA,NA,NA,NA,NA
M14 [Patient Services],14.18,Blood Units Issued on replacement (Family Donors to be considered as replacement donations),TOTAL,281,238,43,NA,281,NA,NA,NA,NA,NA,NA,NA,NA,NA,NA,43,0,43,NA,43,NA,NA,NA,NA,NA,0,NA,0,NA,0,NA,NA,NA,NA,NA,NA,NA,NA,NA,NA,NA,NA,NA,NA,NA,225,225,0,NA,225,13,13,0,NA,13,NA,NA,NA,NA,NA
M14 [Patient Services],14.19,Total number of blood units issued in year,TOTAL,353,277,76,NA,353,NA,NA,NA,NA,NA,NA,NA,NA,NA,NA,76,0,76,NA,76,NA,NA,NA,NA,NA,0,NA,0,NA,0,NA,NA,NA,NA,NA,NA,NA,NA,NA,NA,NA,NA,NA,NA,NA,251,251,0,NA,251,26,26,0,NA,26,NA,NA,NA,NA,NA
M14 [Patient Services],14.2,Patient Satisfaction Score of the facility in percentage (from Mera Aspatal),TOTAL,0,0,0,NA,0,NA,NA,NA,NA,NA,NA,NA,NA,NA,NA,NA,NA,NA,NA,NA,NA,NA,NA,NA,NA,0,NA,0,NA,0,NA,NA,NA,NA,NA,NA,NA,NA,NA,NA,NA,NA,NA,NA,NA,NA,NA,NA,NA,NA,0,0,0,NA,0,NA,NA,NA,NA,NA
M15 [Laboratory Testing],15.1,Number of Lab Tests done,TOTAL,192636,113466,79170,865,191771,3433,3433,NA,NA,3433,2353,2353,NA,NA,2353,130904,62346,68558,651,130253,550,550,NA,NA,550,9587,5496,4091,NA,9587,3652,3652,NA,NA,3652,3015,3015,NA,NA,3015,873,873,NA,NA,873,22400,16410,5990,25,22375,7415,7415,0,189,7226,8454,7923,531,0,8454
M15 [Laboratory Testing],15.2.1,Number of Hb tests conducted,TOTAL,37975,29046,8929,255,37720,793,793,NA,NA,793,651,651,NA,NA,651,23089,16891,6198,215,22874,600,600,NA,NA,600,2381,1990,391,NA,2381,572,572,NA,NA,572,1095,1095,NA,NA,1095,332,332,NA,NA,332,3380,2139,1241,23,3357,3052,2177,875,11,3041,2030,1806,224,6,2024
M15 [Laboratory Testing],15.2.2,"Out of the total number of Hb tests done, Number having Hb < 7 mg",TOTAL,939,688,251,5,934,60,60,NA,NA,60,6,6,NA,NA,6,475,315,160,4,471,7,7,NA,NA,7,49,27,22,NA,49,45,45,NA,NA,45,13,13,NA,NA,13,3,3,NA,NA,3,183,127,56,0,183,55,43,12,1,54,43,42,1,0,43
M15 [Laboratory Testing],15.3.1.a,Male HIV - Number Tested,TOTAL,1996,1497,499,2,1994,0,0,NA,NA,0,21,21,NA,NA,21,1397,1041,356,2,1395,1,1,NA,NA,1,72,47,25,NA,72,5,5,NA,NA,5,29,29,NA,NA,29,3,3,NA,NA,3,254,241,13,0,254,193,93,100,0,193,21,16,5,0,21
M15 [Laboratory Testing],15.3.1.b,Male HIV - Number Positive,TOTAL,41,23,18,0,41,0,0,NA,NA,0,1,1,NA,NA,1,28,14,14,NA,28,0,0,NA,NA,0,0,0,0,NA,0,0,0,NA,NA,0,1,1,NA,NA,1,0,0,NA,NA,0,1,1,0,0,1,9,5,4,0,9,1,1,0,0,1
M15 [Laboratory Testing],15.3.2.a,Female Non ANC HIV - Number Tested,TOTAL,2244,1519,725,1,2243,0,0,NA,NA,0,20,20,NA,NA,20,1513,1009,504,1,1512,0,0,NA,NA,0,65,46,19,NA,65,4,4,NA,NA,4,25,25,NA,NA,25,21,21,NA,NA,21,240,218,22,0,240,313,135,178,0,313,43,41,2,0,43
M15 [Laboratory Testing],15.3.2.b,Female Non ANC HIV - Number Positive,TOTAL,31,15,16,0,31,0,0,NA,NA,0,2,2,NA,NA,2,17,6,11,0,17,0,0,NA,NA,0,0,0,0,NA,0,0,0,NA,NA,0,1,1,NA,NA,1,0,0,NA,NA,0,1,1,0,0,1,10,5,5,0,10,0,0,0,0,0
M15 [Laboratory Testing],15.3.3.a,Number of pregnant women screened for HIV,TOTAL,3665,3033,632,39,3626,115,115,NA,NA,115,247,247,NA,NA,247,1322,1071,251,39,1283,0,0,NA,NA,0,331,331,0,NA,331,30,30,NA,NA,30,0,0,NA,NA,0,111,111,NA,NA,111,461,232,229,0,461,527,403,124,0,527,521,493,28,0,521
M15 [Laboratory Testing],15.3.3.b,"Out of the above, number screened positive",TOTAL,39,38,1,0,39,0,0,NA,NA,0,1,1,NA,NA,1,31,31,0,0,31,0,0,NA,NA,0,1,1,0,NA,1,0,0,NA,NA,0,0,0,NA,NA,0,0,0,NA,NA,0,0,0,0,0,0,4,3,1,0,4,2,2,0,0,2
M15 [Laboratory Testing],15.3.3.c,"Out of the above number screened positive, number confirmed with HIV infection at Integrated Counselling and Testing Centre (ICTC)",TOTAL,33,16,17,0,33,0,0,NA,NA,0,1,1,NA,NA,1,25,11,14,0,25,0,0,NA,NA,0,1,1,0,NA,1,0,0,NA,NA,0,0,0,NA,NA,0,0,0,NA,NA,0,0,0,0,0,0,4,1,3,0,4,2,2,0,0,2
M15 [Laboratory Testing],15.3.4.a,Number of Male STI/RTI attendees tested for syphilis,TOTAL,281,159,122,0,281,15,15,NA,NA,15,9,9,NA,NA,9,97,81,16,NA,97,0,0,NA,NA,0,1,1,0,NA,1,0,0,NA,NA,0,22,22,NA,NA,22,0,0,NA,NA,0,9,9,0,0,9,112,7,105,0,112,16,15,1,0,16
M15 [Laboratory Testing],15.3.4.b,Number of Male STI/RTI attendees found sero Positive for syphilis,TOTAL,21,10,11,0,21,0,0,NA,NA,0,0,0,NA,NA,0,13,9,4,NA,13,0,0,NA,NA,0,0,0,0,NA,0,0,0,NA,NA,0,0,0,NA,NA,0,0,0,NA,NA,0,0,0,0,0,0,7,0,7,0,7,1,1,0,0,1
M15 [Laboratory Testing],15.3.4.c,Number of Female (Non ANC)STI/RTI attendees tested for syphilis,TOTAL,672,324,348,0,672,32,32,NA,NA,32,19,19,NA,NA,19,383,218,165,NA,383,0,0,NA,NA,0,5,5,0,NA,5,0,0,NA,NA,0,0,0,NA,NA,0,0,0,NA,NA,0,0,0,0,0,0,193,11,182,0,193,40,39,1,0,40
M15 [Laboratory Testing],15.3.4.d,Number of Female (Non ANC) STI/RTI attendees found sero Positive for syphilis,TOTAL,9,5,4,0,9,0,0,NA,NA,0,0,0,NA,NA,0,4,3,1,NA,4,0,0,NA,NA,0,0,0,0,NA,0,0,0,NA,NA,0,0,0,NA,NA,0,0,0,NA,NA,0,0,0,0,0,0,3,0,3,0,3,2,2,0,0,2
M15 [Laboratory Testing],15.4.1,Widal tests - Number Tested,TOTAL,4605,3388,1217,2,4603,61,61,NA,NA,61,323,323,NA,NA,323,1184,795,389,2,1182,179,179,NA,NA,179,681,519,162,NA,681,188,188,NA,NA,188,215,215,NA,NA,215,68,68,NA,NA,68,753,328,425,0,753,661,489,172,0,661,292,223,69,0,292
M15 [Laboratory Testing],15.4.2,Widal tests - Number Positive,TOTAL,834,643,191,1,833,11,11,NA,NA,11,112,112,NA,NA,112,142,128,14,1,141,16,16,NA,NA,16,55,6,49,NA,55,22,22,NA,NA,22,4,4,NA,NA,4,7,7,NA,NA,7,75,49,26,0,75,342,254,88,0,342,48,34,14,0,48
M15 [Laboratory Testing],15.5.1,Radiology - X-ray,TOTAL,18139,11723,6416,NA,18139,250,250,NA,NA,250,38,38,NA,NA,38,14697,9170,5527,NA,14697,85,85,NA,NA,85,427,153,274,NA,427,112,112,NA,NA,112,245,245,NA,NA,245,NA,NA,NA,NA,NA,1610,1080,530,NA,1610,389,389,0,NA,389,286,201,85,NA,286
M15 [Laboratory Testing],15.5.2,Radiology - Ultrasonography (USG),TOTAL,12639,3650,8989,NA,12639,0,0,NA,NA,0,NA,NA,NA,NA,NA,10280,2805,7475,NA,10280,NA,NA,NA,NA,NA,480,6,474,NA,480,NA,NA,NA,NA,NA,NA,NA,NA,NA,NA,NA,NA,NA,NA,NA,1335,295,1040,NA,1335,544,544,0,NA,544,NA,NA,NA,NA,NA
M16 [Details of deaths reported with probable causes:],16.1,Infant deaths within 24 hrs(1 to 23 Hrs) of birth,TOTAL,35,29,6,0,35,4,4,NA,NA,4,0,0,NA,NA,0,11,10,1,NA,11,1,1,NA,NA,1,4,4,NA,NA,4,3,3,NA,NA,3,0,0,NA,NA,0,1,1,NA,NA,1,5,2,3,0,5,2,0,2,0,2,4,4,0,0,4
M16 [Details of deaths reported with probable causes:],16.2.1,Infant Deaths up to 4 weeks due to Sepsis,TOTAL,15,10,5,0,15,0,0,NA,NA,0,0,0,NA,NA,0,7,5,2,NA,7,0,0,NA,NA,0,0,0,NA,NA,0,1,1,NA,NA,1,0,0,NA,NA,0,0,0,NA,NA,0,1,1,0,0,1,6,3,3,0,6,0,0,0,0,0
M16 [Details of deaths reported with probable causes:],16.2.2,Infant Deaths up to 4 weeks due to Asphyxia,TOTAL,16,15,1,0,16,0,0,NA,NA,0,0,0,NA,NA,0,9,8,1,NA,9,0,0,NA,NA,0,0,0,NA,NA,0,0,0,NA,NA,0,0,0,NA,NA,0,1,1,NA,NA,1,0,0,0,0,0,5,5,0,0,5,1,1,0,0,1
M16 [Details of deaths reported with probable causes:],16.2.3,Infant Deaths up to 4 weeks due to Other causes,TOTAL,49,47,2,1,48,1,1,NA,NA,1,1,1,NA,NA,1,23,23,0,1,22,0,0,NA,NA,0,3,3,NA,NA,3,0,0,NA,NA,0,1,1,NA,NA,1,0,0,NA,NA,0,9,9,0,0,9,6,4,2,0,6,5,5,0,0,5
M16 [Details of deaths reported with probable causes:],16.3.1,Number of Infant Deaths (1 -12 months) due to Pneumonia,TOTAL,22,21,1,0,22,1,1,NA,NA,1,0,0,NA,NA,0,6,5,1,NA,6,1,1,NA,NA,1,2,2,NA,NA,2,2,2,NA,NA,2,3,3,NA,NA,3,1,1,NA,NA,1,3,3,0,0,3,1,1,0,0,1,2,2,0,0,2
M16 [Details of deaths reported with probable causes:],16.3.2,Number of Infant Deaths (1 -12 months) due to Diarrhoea,TOTAL,7,7,0,0,7,0,0,NA,NA,0,0,0,NA,NA,0,4,4,0,NA,4,0,0,NA,NA,0,1,1,NA,NA,1,0,0,NA,NA,0,0,0,NA,NA,0,0,0,NA,NA,0,0,0,0,0,0,1,1,0,0,1,1,1,0,0,1
M16 [Details of deaths reported with probable causes:],16.3.3,Number of Infant Deaths (1 -12 months) due to Fever related,TOTAL,5,5,0,0,5,1,1,NA,NA,1,0,0,NA,NA,0,2,2,0,NA,2,0,0,NA,NA,0,1,1,NA,NA,1,0,0,NA,NA,0,0,0,NA,NA,0,0,0,NA,NA,0,0,0,0,0,0,0,0,0,0,0,1,1,0,0,1
M16 [Details of deaths reported with probable causes:],16.3.4,Number of Infant Deaths (1 -12 months) due to Measles,TOTAL,0,0,0,0,0,0,0,NA,NA,0,0,0,NA,NA,0,0,0,0,NA,0,0,0,NA,NA,0,0,0,NA,NA,0,0,0,NA,NA,0,0,0,NA,NA,0,0,0,NA,NA,0,0,0,0,0,0,0,0,0,0,0,0,0,0,0,0
M16 [Details of deaths reported with probable causes:],16.3.5,Number of Infant Deaths (1 -12 months) due to Others,TOTAL,48,47,1,0,48,1,1,NA,NA,1,1,1,NA,NA,1,20,20,0,0,20,2,2,NA,NA,2,1,1,NA,NA,1,2,2,NA,NA,2,0,0,NA,NA,0,1,1,NA,NA,1,6,5,1,0,6,10,10,0,0,10,4,4,0,0,4
M16 [Details of deaths reported with probable causes:],16.4.1,Number of Child Deaths (1 -5 years) due to Pneumonia,TOTAL,10,10,0,0,10,0,0,NA,NA,0,1,1,NA,NA,1,1,1,0,NA,1,0,0,NA,NA,0,0,0,NA,NA,0,0,0,NA,NA,0,0,0,NA,NA,0,0,0,NA,NA,0,7,7,0,0,7,0,0,0,0,0,1,1,0,0,1
M16 [Details of deaths reported with probable causes:],16.4.2,Number of Child Deaths (1 -5 years) due to Diarrhoea,TOTAL,1,1,0,0,1,0,0,NA,NA,0,0,0,NA,NA,0,0,0,0,NA,0,0,0,NA,NA,0,0,0,NA,NA,0,0,0,NA,NA,0,0,0,NA,NA,0,0,0,NA,NA,0,0,0,0,0,0,0,0,0,0,0,1,1,0,0,1
M16 [Details of deaths reported with probable causes:],16.4.3,Number of Child Deaths (1 -5 years) due to Fever related,TOTAL,6,6,0,0,6,1,1,NA,NA,1,0,0,NA,NA,0,1,1,0,NA,1,1,1,NA,NA,1,0,0,NA,NA,0,0,0,NA,NA,0,1,1,NA,NA,1,1,1,NA,NA,1,0,0,0,0,0,1,1,0,0,1,0,0,0,0,0
M16 [Details of deaths reported with probable causes:],16.4.4,Number of Child Deaths (1 -5 years) due to Measles,TOTAL,0,0,0,0,0,0,0,NA,NA,0,0,0,NA,NA,0,0,0,0,NA,0,0,0,NA,NA,0,0,0,NA,NA,0,0,0,NA,NA,0,0,0,NA,NA,0,0,0,NA,NA,0,0,0,0,0,0,0,0,0,0,0,0,0,0,0,0
M16 [Details of deaths reported with probable causes:],16.4.5,Number of Child Deaths (1 -5 years) due to Others,TOTAL,18,17,1,1,17,2,2,NA,NA,2,1,1,NA,NA,1,7,6,1,1,6,0,0,NA,NA,0,1,1,NA,NA,1,2,2,NA,NA,2,1,1,NA,NA,1,0,0,NA,NA,0,2,2,0,0,2,2,2,0,0,2,0,0,0,0,0
M16 [Details of deaths reported with probable causes:],16.5.1,Number of Maternal Deaths due to Bleeding,TOTAL,6,6,0,0,6,0,0,NA,NA,0,0,0,NA,NA,0,1,1,0,NA,1,0,0,NA,NA,0,1,1,NA,NA,1,1,1,NA,NA,1,1,1,NA,NA,1,0,0,NA,NA,0,2,2,0,0,2,0,0,0,0,0,0,0,0,0,0
M16 [Details of deaths reported with probable causes:],16.5.2,Number of Maternal Deaths due to High fever,TOTAL,0,0,0,0,0,0,0,NA,NA,0,0,0,NA,NA,0,0,0,0,NA,0,0,0,NA,NA,0,0,0,NA,NA,0,0,0,NA,NA,0,0,0,NA,NA,0,0,0,NA,NA,0,0,0,0,0,0,0,0,0,0,0,0,0,0,0,0
M16 [Details of deaths reported with probable causes:],16.5.3,Number of Maternal Deaths due to Abortion,TOTAL,0,0,0,0,0,0,0,NA,NA,0,0,0,NA,NA,0,0,0,0,NA,0,0,0,NA,NA,0,0,0,NA,NA,0,0,0,NA,NA,0,0,0,NA,NA,0,0,0,NA,NA,0,0,0,0,0,0,0,0,0,0,0,0,0,0,0,0
M16 [Details of deaths reported with probable causes:],16.5.4,Number of Maternal Deaths due to Obstructed/prolonged labour,TOTAL,0,0,0,0,0,0,0,NA,NA,0,0,0,NA,NA,0,0,0,0,NA,0,0,0,NA,NA,0,0,0,NA,NA,0,0,0,NA,NA,0,0,0,NA,NA,0,0,0,NA,NA,0,0,0,0,0,0,0,0,0,0,0,0,0,0,0,0
M16 [Details of deaths reported with probable causes:],16.5.5,Number of Maternal Deaths due to Severe hypertesnion/fits,TOTAL,1,0,1,0,1,0,0,NA,NA,0,0,0,NA,NA,0,0,0,0,NA,0,0,0,NA,NA,0,0,0,NA,NA,0,0,0,NA,NA,0,0,0,NA,NA,0,0,0,NA,NA,0,0,0,0,0,0,1,0,1,0,1,0,0,0,0,0
M16 [Details of deaths reported with probable causes:],16.5.6,Number of Maternal Deaths due to Other Causes (including causes not known),TOTAL,6,4,2,0,6,0,0,NA,NA,0,0,0,NA,NA,0,4,2,2,NA,4,0,0,NA,NA,0,0,0,NA,NA,0,0,0,NA,NA,0,0,0,NA,NA,0,0,0,NA,NA,0,2,2,0,0,2,0,0,0,0,0,0,0,0,0,0
M16 [Details of deaths reported with probable causes:],16.6,Total Facility Based Maternal Death Reviews (FBMDR) done,TOTAL,0,0,0,NA,0,0,0,NA,NA,0,NA,NA,NA,NA,NA,0,0,0,NA,0,0,0,NA,NA,0,0,0,NA,NA,0,0,0,NA,NA,0,0,0,NA,NA,0,0,0,NA,NA,0,0,0,0,NA,0,0,0,0,NA,0,0,0,0,NA,0
M16 [Details of deaths reported with probable causes:],16.7.1,Number of Adolscent / Adult deaths due to Diarrhoeal diseases,TOTAL,2,2,0,0,2,0,0,NA,NA,0,0,0,NA,NA,0,0,0,0,NA,0,0,0,NA,NA,0,0,0,NA,NA,0,0,0,NA,NA,0,1,1,NA,NA,1,0,0,NA,NA,0,0,0,0,0,0,1,1,0,0,1,0,0,0,0,0
M16 [Details of deaths reported with probable causes:],16.7.2,Number of Adolscent / Adult deaths due to Tuberculosis,TOTAL,19,15,4,0,19,1,1,NA,NA,1,0,0,NA,NA,0,9,5,4,NA,9,0,0,NA,NA,0,0,0,NA,NA,0,0,0,NA,NA,0,2,2,NA,NA,2,0,0,NA,NA,0,2,2,0,0,2,3,3,0,0,3,2,2,0,0,2
M16 [Details of deaths reported with probable causes:],16.7.3,Number of Adolscent / Adult deaths due to Respiratory diseases including infections (other than TB),TOTAL,28,25,3,0,28,1,1,NA,NA,1,0,0,NA,NA,0,7,4,3,NA,7,0,0,NA,NA,0,2,2,NA,NA,2,1,1,NA,NA,1,4,4,NA,NA,4,1,1,NA,NA,1,4,4,0,0,4,4,4,0,0,4,4,4,0,0,4
M16 [Details of deaths reported with probable causes:],16.7.4,Number of Adolscent / Adult deaths due to Other Fever Related,TOTAL,38,35,3,0,38,10,10,NA,NA,10,0,0,NA,NA,0,3,3,0,NA,3,4,4,NA,NA,4,1,1,NA,NA,1,2,2,NA,NA,2,0,0,NA,NA,0,0,0,NA,NA,0,11,11,0,0,11,4,1,3,0,4,3,3,0,0,3
M16 [Details of deaths reported with probable causes:],16.7.5,Number of Adolscent / Adult deaths due to HIV/AIDS,TOTAL,1,1,0,0,1,0,0,NA,NA,0,0,0,NA,NA,0,0,0,0,NA,0,0,0,NA,NA,0,0,0,NA,NA,0,0,0,NA,NA,0,0,0,NA,NA,0,0,0,NA,NA,0,1,1,0,0,1,0,0,0,0,0,0,0,0,0,0
M16 [Details of deaths reported with probable causes:],16.7.6,Number of Adolscent / Adult deaths due to Heart disease/Hypertension related,TOTAL,51,42,9,3,48,0,0,NA,NA,0,1,1,NA,NA,1,18,12,6,2,16,4,4,NA,NA,4,1,1,NA,NA,1,2,2,NA,NA,2,4,4,NA,NA,4,3,3,NA,NA,3,13,10,3,1,12,1,1,0,0,1,4,4,0,0,4
M16 [Details of deaths reported with probable causes:],16.7.7,Number of Adolscent / Adult deaths due to Cancer,TOTAL,79,74,5,7,72,1,1,NA,NA,1,1,1,NA,NA,1,32,27,5,5,27,3,3,NA,NA,3,9,9,NA,NA,9,1,1,NA,NA,1,5,5,NA,NA,5,4,4,NA,NA,4,9,9,0,1,8,6,6,0,1,5,8,8,0,0,8
M16 [Details of deaths reported with probable causes:],16.7.8,Number of Adolscent / Adult deaths due to Neurological disease including strokes,TOTAL,47,40,7,2,45,0,0,NA,NA,0,0,0,NA,NA,0,11,6,5,2,9,3,3,NA,NA,3,2,2,NA,NA,2,2,2,NA,NA,2,8,8,NA,NA,8,1,1,NA,NA,1,12,10,2,0,12,4,4,0,0,4,4,4,0,0,4
M16 [Details of deaths reported with probable causes:],16.7.9,Number of Adolscent / Adult deaths due to Accidents/Burn cases,TOTAL,47,47,0,4,43,3,3,NA,NA,3,1,1,NA,NA,1,8,8,0,NA,8,2,2,NA,NA,2,3,3,NA,NA,3,3,3,NA,NA,3,0,0,NA,NA,0,2,2,NA,NA,2,16,16,0,2,14,6,6,0,2,4,3,3,0,0,3
M16 [Details of deaths reported with probable causes:],16.7.10,Number of Adolscent / Adult deaths due to Suicide,TOTAL,8,8,0,0,8,1,1,NA,NA,1,0,0,NA,NA,0,0,0,0,NA,0,0,0,NA,NA,0,3,3,NA,NA,3,0,0,NA,NA,0,0,0,NA,NA,0,0,0,NA,NA,0,0,0,0,0,0,4,4,0,0,4,0,0,0,0,0
M16 [Details of deaths reported with probable causes:],16.7.11,Number of Adolscent / Adult deaths due to Animal bites and stings,TOTAL,3,3,0,1,2,1,1,NA,NA,1,0,0,NA,NA,0,0,0,0,NA,0,0,0,NA,NA,0,0,0,NA,NA,0,0,0,NA,NA,0,0,0,NA,NA,0,0,0,NA,NA,0,0,0,0,0,0,2,2,0,1,1,0,0,0,0,0
M16 [Details of deaths reported with probable causes:],16.7.12,Number of Adolscent / Adult deaths due to Known Acute Disease,TOTAL,39,22,17,0,39,1,1,NA,NA,1,1,1,NA,NA,1,23,6,17,NA,23,1,1,NA,NA,1,2,2,NA,NA,2,0,0,NA,NA,0,2,2,NA,NA,2,1,1,NA,NA,1,5,5,0,0,5,2,2,0,0,2,1,1,0,0,1
M16 [Details of deaths reported with probable causes:],16.7.13,Number of Adolscent / Adult deaths due to Known Chronic Disease,TOTAL,143,135,8,6,137,4,4,NA,NA,4,12,12,NA,NA,12,39,33,6,6,33,3,3,NA,NA,3,9,9,NA,NA,9,1,1,NA,NA,1,20,20,NA,NA,20,6,6,NA,NA,6,23,21,2,0,23,18,18,0,0,18,8,8,0,0,8
M16 [Details of deaths reported with probable causes:],16.7.14,Number of Adolscent / Adult deaths due to Causes not known,TOTAL,323,323,0,17,306,11,11,NA,NA,11,14,14,NA,NA,14,131,131,0,14,117,3,3,NA,NA,3,16,16,NA,NA,16,11,11,NA,NA,11,25,25,NA,NA,25,1,1,NA,NA,1,52,52,0,2,50,37,37,0,1,36,22,22,0,0,22
M16 [Details of deaths reported with probable causes:],16.8.1,Number of Deaths due to Malaria- Plasmodium Vivax,TOTAL,0,0,0,0,0,0,0,NA,NA,0,0,0,NA,NA,0,0,0,0,NA,0,0,0,NA,NA,0,0,0,NA,NA,0,0,0,NA,NA,0,0,0,NA,NA,0,0,0,NA,NA,0,0,0,0,0,0,0,0,0,0,0,0,0,0,0,0
M16 [Details of deaths reported with probable causes:],16.8.2,Number of Deaths due to Malaria- Plasmodium Falciparum,TOTAL,0,0,0,0,0,0,0,NA,NA,0,0,0,NA,NA,0,0,0,0,NA,0,0,0,NA,NA,0,0,0,NA,NA,0,0,0,NA,NA,0,0,0,NA,NA,0,0,0,NA,NA,0,0,0,0,0,0,0,0,0,0,0,0,0,0,0,0
M16 [Details of deaths reported with probable causes:],16.8.3,Number of Deaths due to Kala Azar,TOTAL,0,0,0,0,0,0,0,NA,NA,0,NA,NA,NA,NA,NA,0,0,0,NA,0,0,0,NA,NA,0,0,0,NA,NA,0,0,0,NA,NA,0,0,0,NA,NA,0,0,0,NA,NA,0,0,0,0,0,0,0,0,0,0,0,0,0,0,0,0
M16 [Details of deaths reported with probable causes:],16.8.4,Number of Deaths due to Dengue,TOTAL,0,0,0,0,0,0,0,NA,NA,0,NA,NA,NA,NA,NA,0,0,0,NA,0,0,0,NA,NA,0,0,0,NA,NA,0,0,0,NA,NA,0,0,0,NA,NA,0,0,0,NA,NA,0,0,0,0,0,0,0,0,0,0,0,0,0,0,0,0
M16 [Details of deaths reported with probable causes:],16.8.5,Number of Deaths due to Acute Encephelitis Syndrome (AES),TOTAL,0,0,0,0,0,0,0,NA,NA,0,NA,NA,NA,NA,NA,0,0,0,NA,0,0,0,NA,NA,0,0,0,NA,NA,0,0,0,NA,NA,0,0,0,NA,NA,0,0,0,NA,NA,0,0,0,0,0,0,0,0,0,0,0,0,0,0,0,0
M16 [Details of deaths reported with probable causes:],16.8.6,Number of Deaths due to Japanese Encephalitis (JE),TOTAL,0,0,0,0,0,0,0,NA,NA,0,NA,NA,NA,NA,NA,0,0,0,NA,0,0,0,NA,NA,0,0,0,NA,NA,0,0,0,NA,NA,0,0,0,NA,NA,0,0,0,NA,NA,0,0,0,0,0,0,0,0,0,0,0,0,0,0,0,0
M17 [Vaccines],17.1,Vaccine - DPT,1. Balance From Previous Month,6016,NA,NA,NA,NA,101,NA,NA,NA,NA,0,NA,NA,NA,NA,2300,NA,NA,NA,NA,NA,NA,NA,NA,NA,16,NA,NA,NA,NA,1580,NA,NA,NA,NA,18,NA,NA,NA,NA,NA,NA,NA,NA,NA,604,NA,NA,NA,NA,57,NA,NA,NA,NA,1340,NA,NA,NA,NA
M17 [Vaccines],17.1,Vaccine - DPT,2. Stocks Received,6643,NA,NA,NA,NA,200,NA,NA,NA,NA,43,NA,NA,NA,NA,2000,NA,NA,NA,NA,NA,NA,NA,NA,NA,0,NA,NA,NA,NA,NA,NA,NA,NA,NA,150,NA,NA,NA,NA,NA,NA,NA,NA,NA,150,NA,NA,NA,NA,100,NA,NA,NA,NA,4000,NA,NA,NA,NA
M17 [Vaccines],17.1,Vaccine - DPT,3. Unusable Stock,0,NA,NA,NA,NA,0,NA,NA,NA,NA,0,NA,NA,NA,NA,0,NA,NA,NA,NA,NA,NA,NA,NA,NA,0,NA,NA,NA,NA,NA,NA,NA,NA,NA,0,NA,NA,NA,NA,NA,NA,NA,NA,NA,0,NA,NA,NA,NA,0,NA,NA,NA,NA,0,NA,NA,NA,NA
M17 [Vaccines],17.1,Vaccine - DPT,4. Stock Distributed,3839,NA,NA,NA,NA,71,NA,NA,NA,NA,43,NA,NA,NA,NA,1880,NA,NA,NA,NA,NA,NA,NA,NA,NA,16,NA,NA,NA,NA,220,NA,NA,NA,NA,69,NA,NA,NA,NA,NA,NA,NA,NA,NA,88,NA,NA,NA,NA,112,NA,NA,NA,NA,1340,NA,NA,NA,NA
M17 [Vaccines],17.1,Vaccine - DPT,5. Total Stock,8820,NA,NA,NA,NA,230,NA,NA,NA,NA,0,NA,NA,NA,NA,2420,NA,NA,NA,NA,NA,NA,NA,NA,NA,0,NA,NA,NA,NA,1360,NA,NA,NA,NA,99,NA,NA,NA,NA,0,NA,NA,NA,NA,666,NA,NA,NA,NA,45,NA,NA,NA,NA,4000,NA,NA,NA,NA
M17 [Vaccines],17.2,Vaccine - Pentavalent,1. Balance From Previous Month,13887,NA,NA,NA,NA,185,NA,NA,NA,NA,0,NA,NA,NA,NA,1340,NA,NA,NA,NA,NA,NA,NA,NA,NA,445,NA,NA,NA,NA,2940,NA,NA,NA,NA,30,NA,NA,NA,NA,NA,NA,NA,NA,NA,261,NA,NA,NA,NA,536,NA,NA,NA,NA,8150,NA,NA,NA,NA
M17 [Vaccines],17.2,Vaccine - Pentavalent,2. Stocks Received,11142,NA,NA,NA,NA,480,NA,NA,NA,NA,78,NA,NA,NA,NA,4800,NA,NA,NA,NA,NA,NA,NA,NA,NA,0,NA,NA,NA,NA,NA,NA,NA,NA,NA,288,NA,NA,NA,NA,NA,NA,NA,NA,NA,696,NA,NA,NA,NA,0,NA,NA,NA,NA,4800,NA,NA,NA,NA
M17 [Vaccines],17.2,Vaccine - Pentavalent,3. Unusable Stock,0,NA,NA,NA,NA,0,NA,NA,NA,NA,0,NA,NA,NA,NA,0,NA,NA,NA,NA,NA,NA,NA,NA,NA,0,NA,NA,NA,NA,NA,NA,NA,NA,NA,0,NA,NA,NA,NA,NA,NA,NA,NA,NA,0,NA,NA,NA,NA,0,NA,NA,NA,NA,0,NA,NA,NA,NA
M17 [Vaccines],17.2,Vaccine - Pentavalent,4. Stock Distributed,8842,NA,NA,NA,NA,142,NA,NA,NA,NA,78,NA,NA,NA,NA,4210,NA,NA,NA,NA,NA,NA,NA,NA,NA,195,NA,NA,NA,NA,780,NA,NA,NA,NA,175,NA,NA,NA,NA,NA,NA,NA,NA,NA,261,NA,NA,NA,NA,321,NA,NA,NA,NA,2680,NA,NA,NA,NA
M17 [Vaccines],17.2,Vaccine - Pentavalent,5. Total Stock,16187,NA,NA,NA,NA,523,NA,NA,NA,NA,0,NA,NA,NA,NA,1930,NA,NA,NA,NA,NA,NA,NA,NA,NA,250,NA,NA,NA,NA,2160,NA,NA,NA,NA,143,NA,NA,NA,NA,0,NA,NA,NA,NA,696,NA,NA,NA,NA,215,NA,NA,NA,NA,10270,NA,NA,NA,NA
M17 [Vaccines],17.3,Vaccine - OPV,1. Balance From Previous Month,16158,NA,NA,NA,NA,2973,NA,NA,NA,NA,0,NA,NA,NA,NA,4980,NA,NA,NA,NA,NA,NA,NA,NA,NA,0,NA,NA,NA,NA,3900,NA,NA,NA,NA,13,NA,NA,NA,NA,NA,NA,NA,NA,NA,73,NA,NA,NA,NA,439,NA,NA,NA,NA,3780,NA,NA,NA,NA
M17 [Vaccines],17.3,Vaccine - OPV,2. Stocks Received,69509,NA,NA,NA,NA,3000,NA,NA,NA,NA,79,NA,NA,NA,NA,8080,NA,NA,NA,NA,NA,NA,NA,NA,NA,0,NA,NA,NA,NA,32000,NA,NA,NA,NA,300,NA,NA,NA,NA,NA,NA,NA,NA,NA,850,NA,NA,NA,NA,3200,NA,NA,NA,NA,22000,NA,NA,NA,NA
M17 [Vaccines],17.3,Vaccine - OPV,3. Unusable Stock,0,NA,NA,NA,NA,0,NA,NA,NA,NA,0,NA,NA,NA,NA,0,NA,NA,NA,NA,NA,NA,NA,NA,NA,0,NA,NA,NA,NA,NA,NA,NA,NA,NA,0,NA,NA,NA,NA,NA,NA,NA,NA,NA,0,NA,NA,NA,NA,0,NA,NA,NA,NA,0,NA,NA,NA,NA
M17 [Vaccines],17.3,Vaccine - OPV,4. Stock Distributed,51692,NA,NA,NA,NA,3767,NA,NA,NA,NA,79,NA,NA,NA,NA,3140,NA,NA,NA,NA,NA,NA,NA,NA,NA,0,NA,NA,NA,NA,33700,NA,NA,NA,NA,112,NA,NA,NA,NA,NA,NA,NA,NA,NA,213,NA,NA,NA,NA,3401,NA,NA,NA,NA,7280,NA,NA,NA,NA
M17 [Vaccines],17.3,Vaccine - OPV,5. Total Stock,33975,NA,NA,NA,NA,2206,NA,NA,NA,NA,0,NA,NA,NA,NA,9920,NA,NA,NA,NA,NA,NA,NA,NA,NA,0,NA,NA,NA,NA,2200,NA,NA,NA,NA,201,NA,NA,NA,NA,0,NA,NA,NA,NA,710,NA,NA,NA,NA,238,NA,NA,NA,NA,18500,NA,NA,NA,NA
M17 [Vaccines],17.4,Vaccine - TT,1. Balance From Previous Month,19330,NA,NA,NA,NA,492,NA,NA,NA,NA,0,NA,NA,NA,NA,2740,NA,NA,NA,NA,NA,NA,NA,NA,NA,478,NA,NA,NA,NA,2370,NA,NA,NA,NA,0,NA,NA,NA,NA,NA,NA,NA,NA,NA,451,NA,NA,NA,NA,469,NA,NA,NA,NA,12330,NA,NA,NA,NA
M17 [Vaccines],17.4,Vaccine - TT,2. Stocks Received,7552,NA,NA,NA,NA,500,NA,NA,NA,NA,102,NA,NA,NA,NA,4000,NA,NA,NA,NA,NA,NA,NA,NA,NA,0,NA,NA,NA,NA,NA,NA,NA,NA,NA,350,NA,NA,NA,NA,NA,NA,NA,NA,NA,600,NA,NA,NA,NA,0,NA,NA,NA,NA,2000,NA,NA,NA,NA
M17 [Vaccines],17.4,Vaccine - TT,3. Unusable Stock,0,NA,NA,NA,NA,0,NA,NA,NA,NA,0,NA,NA,NA,NA,0,NA,NA,NA,NA,NA,NA,NA,NA,NA,0,NA,NA,NA,NA,NA,NA,NA,NA,NA,0,NA,NA,NA,NA,NA,NA,NA,NA,NA,0,NA,NA,NA,NA,0,NA,NA,NA,NA,0,NA,NA,NA,NA
M17 [Vaccines],17.4,Vaccine - TT,4. Stock Distributed,8511,NA,NA,NA,NA,201,NA,NA,NA,NA,102,NA,NA,NA,NA,4320,NA,NA,NA,NA,NA,NA,NA,NA,NA,206,NA,NA,NA,NA,970,NA,NA,NA,NA,143,NA,NA,NA,NA,NA,NA,NA,NA,NA,251,NA,NA,NA,NA,148,NA,NA,NA,NA,2170,NA,NA,NA,NA
M17 [Vaccines],17.4,Vaccine - TT,5. Total Stock,18371,NA,NA,NA,NA,791,NA,NA,NA,NA,0,NA,NA,NA,NA,2420,NA,NA,NA,NA,NA,NA,NA,NA,NA,272,NA,NA,NA,NA,1400,NA,NA,NA,NA,207,NA,NA,NA,NA,0,NA,NA,NA,NA,800,NA,NA,NA,NA,321,NA,NA,NA,NA,12160,NA,NA,NA,NA
M17 [Vaccines],17.5,Vaccine - DT,1. Balance From Previous Month,0,NA,NA,NA,NA,0,NA,NA,NA,NA,0,NA,NA,NA,NA,NA,NA,NA,NA,NA,NA,NA,NA,NA,NA,0,NA,NA,NA,NA,NA,NA,NA,NA,NA,NA,NA,NA,NA,NA,NA,NA,NA,NA,NA,0,NA,NA,NA,NA,0,NA,NA,NA,NA,NA,NA,NA,NA,NA
M17 [Vaccines],17.5,Vaccine - DT,2. Stocks Received,0,NA,NA,NA,NA,0,NA,NA,NA,NA,0,NA,NA,NA,NA,NA,NA,NA,NA,NA,NA,NA,NA,NA,NA,0,NA,NA,NA,NA,NA,NA,NA,NA,NA,NA,NA,NA,NA,NA,NA,NA,NA,NA,NA,0,NA,NA,NA,NA,0,NA,NA,NA,NA,NA,NA,NA,NA,NA
M17 [Vaccines],17.5,Vaccine - DT,3. Unusable Stock,0,NA,NA,NA,NA,0,NA,NA,NA,NA,0,NA,NA,NA,NA,NA,NA,NA,NA,NA,NA,NA,NA,NA,NA,0,NA,NA,NA,NA,NA,NA,NA,NA,NA,NA,NA,NA,NA,NA,NA,NA,NA,NA,NA,0,NA,NA,NA,NA,0,NA,NA,NA,NA,NA,NA,NA,NA,NA
M17 [Vaccines],17.5,Vaccine - DT,4. Stock Distributed,0,NA,NA,NA,NA,0,NA,NA,NA,NA,0,NA,NA,NA,NA,NA,NA,NA,NA,NA,NA,NA,NA,NA,NA,0,NA,NA,NA,NA,NA,NA,NA,NA,NA,NA,NA,NA,NA,NA,NA,NA,NA,NA,NA,0,NA,NA,NA,NA,0,NA,NA,NA,NA,NA,NA,NA,NA,NA
M17 [Vaccines],17.5,Vaccine - DT,5. Total Stock,0,NA,NA,NA,NA,0,NA,NA,NA,NA,0,NA,NA,NA,NA,0,NA,NA,NA,NA,NA,NA,NA,NA,NA,0,NA,NA,NA,NA,0,NA,NA,NA,NA,0,NA,NA,NA,NA,0,NA,NA,NA,NA,0,NA,NA,NA,NA,0,NA,NA,NA,NA,0,NA,NA,NA,NA
M17 [Vaccines],17.6,Vaccine - BCG,1. Balance From Previous Month,6279,NA,NA,NA,NA,199,NA,NA,NA,NA,0,NA,NA,NA,NA,1090,NA,NA,NA,NA,NA,NA,NA,NA,NA,38,NA,NA,NA,NA,550,NA,NA,NA,NA,0,NA,NA,NA,NA,NA,NA,NA,NA,NA,335,NA,NA,NA,NA,287,NA,NA,NA,NA,3780,NA,NA,NA,NA
M17 [Vaccines],17.6,Vaccine - BCG,2. Stocks Received,9703,NA,NA,NA,NA,300,NA,NA,NA,NA,53,NA,NA,NA,NA,4500,NA,NA,NA,NA,NA,NA,NA,NA,NA,0,NA,NA,NA,NA,NA,NA,NA,NA,NA,250,NA,NA,NA,NA,NA,NA,NA,NA,NA,600,NA,NA,NA,NA,0,NA,NA,NA,NA,4000,NA,NA,NA,NA
M17 [Vaccines],17.6,Vaccine - BCG,3. Unusable Stock,0,NA,NA,NA,NA,0,NA,NA,NA,NA,0,NA,NA,NA,NA,0,NA,NA,NA,NA,NA,NA,NA,NA,NA,0,NA,NA,NA,NA,NA,NA,NA,NA,NA,0,NA,NA,NA,NA,NA,NA,NA,NA,NA,0,NA,NA,NA,NA,0,NA,NA,NA,NA,0,NA,NA,NA,NA
M17 [Vaccines],17.6,Vaccine - BCG,4. Stock Distributed,5481,NA,NA,NA,NA,20,NA,NA,NA,NA,53,NA,NA,NA,NA,2340,NA,NA,NA,NA,NA,NA,NA,NA,NA,38,NA,NA,NA,NA,490,NA,NA,NA,NA,115,NA,NA,NA,NA,NA,NA,NA,NA,NA,215,NA,NA,NA,NA,130,NA,NA,NA,NA,2080,NA,NA,NA,NA
M17 [Vaccines],17.6,Vaccine - BCG,5. Total Stock,10501,NA,NA,NA,NA,479,NA,NA,NA,NA,0,NA,NA,NA,NA,3250,NA,NA,NA,NA,NA,NA,NA,NA,NA,0,NA,NA,NA,NA,60,NA,NA,NA,NA,135,NA,NA,NA,NA,0,NA,NA,NA,NA,720,NA,NA,NA,NA,157,NA,NA,NA,NA,5700,NA,NA,NA,NA
M17 [Vaccines],17.7,Vaccine - Measles,1. Balance From Previous Month,44,NA,NA,NA,NA,0,NA,NA,NA,NA,0,NA,NA,NA,NA,0,NA,NA,NA,NA,NA,NA,NA,NA,NA,0,NA,NA,NA,NA,0,NA,NA,NA,NA,0,NA,NA,NA,NA,NA,NA,NA,NA,NA,0,NA,NA,NA,NA,44,NA,NA,NA,NA,0,NA,NA,NA,NA
M17 [Vaccines],17.7,Vaccine - Measles,2. Stocks Received,11900,NA,NA,NA,NA,500,NA,NA,NA,NA,0,NA,NA,NA,NA,5000,NA,NA,NA,NA,NA,NA,NA,NA,NA,0,NA,NA,NA,NA,NA,NA,NA,NA,NA,400,NA,NA,NA,NA,NA,NA,NA,NA,NA,1000,NA,NA,NA,NA,0,NA,NA,NA,NA,5000,NA,NA,NA,NA
M17 [Vaccines],17.7,Vaccine - Measles,3. Unusable Stock,0,NA,NA,NA,NA,0,NA,NA,NA,NA,0,NA,NA,NA,NA,0,NA,NA,NA,NA,NA,NA,NA,NA,NA,0,NA,NA,NA,NA,NA,NA,NA,NA,NA,0,NA,NA,NA,NA,NA,NA,NA,NA,NA,0,NA,NA,NA,NA,0,NA,NA,NA,NA,0,NA,NA,NA,NA
M17 [Vaccines],17.7,Vaccine - Measles,4. Stock Distributed,1358,NA,NA,NA,NA,15,NA,NA,NA,NA,0,NA,NA,NA,NA,1045,NA,NA,NA,NA,NA,NA,NA,NA,NA,0,NA,NA,NA,NA,0,NA,NA,NA,NA,219,NA,NA,NA,NA,NA,NA,NA,NA,NA,35,NA,NA,NA,NA,44,NA,NA,NA,NA,0,NA,NA,NA,NA
M17 [Vaccines],17.7,Vaccine - Measles,5. Total Stock,10586,NA,NA,NA,NA,485,NA,NA,NA,NA,0,NA,NA,NA,NA,3955,NA,NA,NA,NA,NA,NA,NA,NA,NA,0,NA,NA,NA,NA,0,NA,NA,NA,NA,181,NA,NA,NA,NA,0,NA,NA,NA,NA,965,NA,NA,NA,NA,0,NA,NA,NA,NA,5000,NA,NA,NA,NA
M17 [Vaccines],17.8,Vaccine - JE,1. Balance From Previous Month,9752,NA,NA,NA,NA,0,NA,NA,NA,NA,0,NA,NA,NA,NA,3200,NA,NA,NA,NA,NA,NA,NA,NA,NA,590,NA,NA,NA,NA,NA,NA,NA,NA,NA,NA,NA,NA,NA,NA,NA,NA,NA,NA,NA,0,NA,NA,NA,NA,542,NA,NA,NA,NA,5420,NA,NA,NA,NA
M17 [Vaccines],17.8,Vaccine - JE,2. Stocks Received,6644,NA,NA,NA,NA,0,NA,NA,NA,NA,144,NA,NA,NA,NA,4000,NA,NA,NA,NA,NA,NA,NA,NA,NA,0,NA,NA,NA,NA,NA,NA,NA,NA,NA,NA,NA,NA,NA,NA,NA,NA,NA,NA,NA,0,NA,NA,NA,NA,0,NA,NA,NA,NA,2500,NA,NA,NA,NA
M17 [Vaccines],17.8,Vaccine - JE,3. Unusable Stock,0,NA,NA,NA,NA,0,NA,NA,NA,NA,0,NA,NA,NA,NA,0,NA,NA,NA,NA,NA,NA,NA,NA,NA,0,NA,NA,NA,NA,NA,NA,NA,NA,NA,NA,NA,NA,NA,NA,NA,NA,NA,NA,NA,0,NA,NA,NA,NA,0,NA,NA,NA,NA,0,NA,NA,NA,NA
M17 [Vaccines],17.8,Vaccine - JE,4. Stock Distributed,5464,NA,NA,NA,NA,0,NA,NA,NA,NA,144,NA,NA,NA,NA,2950,NA,NA,NA,NA,NA,NA,NA,NA,NA,312,NA,NA,NA,NA,NA,NA,NA,NA,NA,NA,NA,NA,NA,NA,NA,NA,NA,NA,NA,0,NA,NA,NA,NA,388,NA,NA,NA,NA,1670,NA,NA,NA,NA
M17 [Vaccines],17.8,Vaccine - JE,5. Total Stock,10932,NA,NA,NA,NA,0,NA,NA,NA,NA,0,NA,NA,NA,NA,4250,NA,NA,NA,NA,NA,NA,NA,NA,NA,278,NA,NA,NA,NA,0,NA,NA,NA,NA,0,NA,NA,NA,NA,0,NA,NA,NA,NA,0,NA,NA,NA,NA,154,NA,NA,NA,NA,6250,NA,NA,NA,NA
M17 [Vaccines],17.9,Vaccine - Hepatitis B,1. Balance From Previous Month,4278,NA,NA,NA,NA,143,NA,NA,NA,NA,0,NA,NA,NA,NA,250,NA,NA,NA,NA,NA,NA,NA,NA,NA,75,NA,NA,NA,NA,480,NA,NA,NA,NA,0,NA,NA,NA,NA,NA,NA,NA,NA,NA,189,NA,NA,NA,NA,221,NA,NA,NA,NA,2920,NA,NA,NA,NA
M17 [Vaccines],17.9,Vaccine - Hepatitis B,2. Stocks Received,1858,NA,NA,NA,NA,0,NA,NA,NA,NA,8,NA,NA,NA,NA,1500,NA,NA,NA,NA,NA,NA,NA,NA,NA,0,NA,NA,NA,NA,NA,NA,NA,NA,NA,150,NA,NA,NA,NA,NA,NA,NA,NA,NA,200,NA,NA,NA,NA,0,NA,NA,NA,NA,0,NA,NA,NA,NA
M17 [Vaccines],17.9,Vaccine - Hepatitis B,3. Unusable Stock,0,NA,NA,NA,NA,0,NA,NA,NA,NA,0,NA,NA,NA,NA,0,NA,NA,NA,NA,NA,NA,NA,NA,NA,0,NA,NA,NA,NA,NA,NA,NA,NA,NA,0,NA,NA,NA,NA,NA,NA,NA,NA,NA,0,NA,NA,NA,NA,0,NA,NA,NA,NA,0,NA,NA,NA,NA
M17 [Vaccines],17.9,Vaccine - Hepatitis B,4. Stock Distributed,1845,NA,NA,NA,NA,31,NA,NA,NA,NA,8,NA,NA,NA,NA,960,NA,NA,NA,NA,NA,NA,NA,NA,NA,14,NA,NA,NA,NA,0,NA,NA,NA,NA,32,NA,NA,NA,NA,NA,NA,NA,NA,NA,38,NA,NA,NA,NA,62,NA,NA,NA,NA,700,NA,NA,NA,NA
M17 [Vaccines],17.9,Vaccine - Hepatitis B,5. Total Stock,4291,NA,NA,NA,NA,112,NA,NA,NA,NA,0,NA,NA,NA,NA,790,NA,NA,NA,NA,NA,NA,NA,NA,NA,61,NA,NA,NA,NA,480,NA,NA,NA,NA,118,NA,NA,NA,NA,NA,NA,NA,NA,NA,351,NA,NA,NA,NA,159,NA,NA,NA,NA,2220,NA,NA,NA,NA
M17 [Vaccines],17.1,Vaccine - Typhoid,1. Balance From Previous Month,0,NA,NA,NA,NA,0,NA,NA,NA,NA,NA,NA,NA,NA,NA,NA,NA,NA,NA,NA,NA,NA,NA,NA,NA,0,NA,NA,NA,NA,NA,NA,NA,NA,NA,NA,NA,NA,NA,NA,NA,NA,NA,NA,NA,0,NA,NA,NA,NA,0,NA,NA,NA,NA,NA,NA,NA,NA,NA
M17 [Vaccines],17.1,Vaccine - Typhoid,2. Stocks Received,0,NA,NA,NA,NA,0,NA,NA,NA,NA,NA,NA,NA,NA,NA,NA,NA,NA,NA,NA,NA,NA,NA,NA,NA,0,NA,NA,NA,NA,NA,NA,NA,NA,NA,NA,NA,NA,NA,NA,NA,NA,NA,NA,NA,0,NA,NA,NA,NA,0,NA,NA,NA,NA,NA,NA,NA,NA,NA
M17 [Vaccines],17.1,Vaccine - Typhoid,3. Unusable Stock,0,NA,NA,NA,NA,0,NA,NA,NA,NA,NA,NA,NA,NA,NA,NA,NA,NA,NA,NA,NA,NA,NA,NA,NA,0,NA,NA,NA,NA,NA,NA,NA,NA,NA,NA,NA,NA,NA,NA,NA,NA,NA,NA,NA,0,NA,NA,NA,NA,0,NA,NA,NA,NA,NA,NA,NA,NA,NA
M17 [Vaccines],17.1,Vaccine - Typhoid,4. Stock Distributed,0,NA,NA,NA,NA,0,NA,NA,NA,NA,NA,NA,NA,NA,NA,NA,NA,NA,NA,NA,NA,NA,NA,NA,NA,0,NA,NA,NA,NA,NA,NA,NA,NA,NA,NA,NA,NA,NA,NA,NA,NA,NA,NA,NA,0,NA,NA,NA,NA,0,NA,NA,NA,NA,NA,NA,NA,NA,NA
M17 [Vaccines],17.1,Vaccine - Typhoid,5. Total Stock,0,NA,NA,NA,NA,0,NA,NA,NA,NA,NA,NA,NA,NA,NA,NA,NA,NA,NA,NA,NA,NA,NA,NA,NA,0,NA,NA,NA,NA,NA,NA,NA,NA,NA,NA,NA,NA,NA,NA,NA,NA,NA,NA,NA,0,NA,NA,NA,NA,0,NA,NA,NA,NA,NA,NA,NA,NA,NA
M17 [Vaccines],17.11,Vaccine - Vitamin K,1. Balance From Previous Month,0,NA,NA,NA,NA,0,NA,NA,NA,NA,NA,NA,NA,NA,NA,NA,NA,NA,NA,NA,NA,NA,NA,NA,NA,0,NA,NA,NA,NA,NA,NA,NA,NA,NA,NA,NA,NA,NA,NA,NA,NA,NA,NA,NA,0,NA,NA,NA,NA,0,NA,NA,NA,NA,NA,NA,NA,NA,NA
M17 [Vaccines],17.11,Vaccine - Vitamin K,2. Stocks Received,0,NA,NA,NA,NA,0,NA,NA,NA,NA,NA,NA,NA,NA,NA,NA,NA,NA,NA,NA,NA,NA,NA,NA,NA,0,NA,NA,NA,NA,NA,NA,NA,NA,NA,NA,NA,NA,NA,NA,NA,NA,NA,NA,NA,0,NA,NA,NA,NA,0,NA,NA,NA,NA,NA,NA,NA,NA,NA
M17 [Vaccines],17.11,Vaccine - Vitamin K,3. Unusable Stock,0,NA,NA,NA,NA,0,NA,NA,NA,NA,NA,NA,NA,NA,NA,NA,NA,NA,NA,NA,NA,NA,NA,NA,NA,0,NA,NA,NA,NA,NA,NA,NA,NA,NA,NA,NA,NA,NA,NA,NA,NA,NA,NA,NA,0,NA,NA,NA,NA,0,NA,NA,NA,NA,NA,NA,NA,NA,NA
M17 [Vaccines],17.11,Vaccine - Vitamin K,4. Stock Distributed,0,NA,NA,NA,NA,0,NA,NA,NA,NA,NA,NA,NA,NA,NA,NA,NA,NA,NA,NA,NA,NA,NA,NA,NA,0,NA,NA,NA,NA,NA,NA,NA,NA,NA,NA,NA,NA,NA,NA,NA,NA,NA,NA,NA,0,NA,NA,NA,NA,0,NA,NA,NA,NA,NA,NA,NA,NA,NA
M17 [Vaccines],17.11,Vaccine - Vitamin K,5. Total Stock,0,NA,NA,NA,NA,0,NA,NA,NA,NA,NA,NA,NA,NA,NA,NA,NA,NA,NA,NA,NA,NA,NA,NA,NA,0,NA,NA,NA,NA,NA,NA,NA,NA,NA,NA,NA,NA,NA,NA,NA,NA,NA,NA,NA,0,NA,NA,NA,NA,0,NA,NA,NA,NA,NA,NA,NA,NA,NA
M17 [Vaccines],17.12,Rotavirus,1. Balance From Previous Month,0,NA,NA,NA,NA,0,NA,NA,NA,NA,NA,NA,NA,NA,NA,NA,NA,NA,NA,NA,NA,NA,NA,NA,NA,0,NA,NA,NA,NA,NA,NA,NA,NA,NA,NA,NA,NA,NA,NA,NA,NA,NA,NA,NA,NA,NA,NA,NA,NA,0,NA,NA,NA,NA,NA,NA,NA,NA,NA
M17 [Vaccines],17.12,Rotavirus,2. Stocks Received,0,NA,NA,NA,NA,0,NA,NA,NA,NA,NA,NA,NA,NA,NA,NA,NA,NA,NA,NA,NA,NA,NA,NA,NA,0,NA,NA,NA,NA,NA,NA,NA,NA,NA,NA,NA,NA,NA,NA,NA,NA,NA,NA,NA,NA,NA,NA,NA,NA,0,NA,NA,NA,NA,NA,NA,NA,NA,NA
M17 [Vaccines],17.12,Rotavirus,3. Unusable Stock,0,NA,NA,NA,NA,0,NA,NA,NA,NA,NA,NA,NA,NA,NA,NA,NA,NA,NA,NA,NA,NA,NA,NA,NA,0,NA,NA,NA,NA,NA,NA,NA,NA,NA,NA,NA,NA,NA,NA,NA,NA,NA,NA,NA,NA,NA,NA,NA,NA,0,NA,NA,NA,NA,NA,NA,NA,NA,NA
M17 [Vaccines],17.12,Rotavirus,4. Stock Distributed,0,NA,NA,NA,NA,0,NA,NA,NA,NA,NA,NA,NA,NA,NA,NA,NA,NA,NA,NA,NA,NA,NA,NA,NA,0,NA,NA,NA,NA,NA,NA,NA,NA,NA,NA,NA,NA,NA,NA,NA,NA,NA,NA,NA,NA,NA,NA,NA,NA,0,NA,NA,NA,NA,NA,NA,NA,NA,NA
M17 [Vaccines],17.12,Rotavirus,5. Total Stock,0,NA,NA,NA,NA,0,NA,NA,NA,NA,NA,NA,NA,NA,NA,NA,NA,NA,NA,NA,NA,NA,NA,NA,NA,0,NA,NA,NA,NA,NA,NA,NA,NA,NA,NA,NA,NA,NA,NA,NA,NA,NA,NA,NA,NA,NA,NA,NA,NA,0,NA,NA,NA,NA,NA,NA,NA,NA,NA
M17 [Vaccines],17.13,Inactivated Polio Vaccine,1. Balance From Previous Month,6818,NA,NA,NA,NA,17,NA,NA,NA,NA,0,NA,NA,NA,NA,155,NA,NA,NA,NA,NA,NA,NA,NA,NA,137,NA,NA,NA,NA,705,NA,NA,NA,NA,0,NA,NA,NA,NA,NA,NA,NA,NA,NA,18,NA,NA,NA,NA,211,NA,NA,NA,NA,5575,NA,NA,NA,NA
M17 [Vaccines],17.13,Inactivated Polio Vaccine,2. Stocks Received,8372,NA,NA,NA,NA,300,NA,NA,NA,NA,22,NA,NA,NA,NA,1400,NA,NA,NA,NA,NA,NA,NA,NA,NA,0,NA,NA,NA,NA,NA,NA,NA,NA,NA,150,NA,NA,NA,NA,NA,NA,NA,NA,NA,250,NA,NA,NA,NA,0,NA,NA,NA,NA,6250,NA,NA,NA,NA
M17 [Vaccines],17.13,Inactivated Polio Vaccine,3. Unusable Stock,109,NA,NA,NA,NA,0,NA,NA,NA,NA,0,NA,NA,NA,NA,0,NA,NA,NA,NA,NA,NA,NA,NA,NA,0,NA,NA,NA,NA,NA,NA,NA,NA,NA,0,NA,NA,NA,NA,NA,NA,NA,NA,NA,0,NA,NA,NA,NA,109,NA,NA,NA,NA,0,NA,NA,NA,NA
M17 [Vaccines],17.13,Inactivated Polio Vaccine,4. Stock Distributed,3040,NA,NA,NA,NA,8,NA,NA,NA,NA,22,NA,NA,NA,NA,840,NA,NA,NA,NA,NA,NA,NA,NA,NA,62,NA,NA,NA,NA,235,NA,NA,NA,NA,73,NA,NA,NA,NA,NA,NA,NA,NA,NA,68,NA,NA,NA,NA,82,NA,NA,NA,NA,1650,NA,NA,NA,NA
M17 [Vaccines],17.13,Inactivated Polio Vaccine,5. Total Stock,12041,NA,NA,NA,NA,309,NA,NA,NA,NA,0,NA,NA,NA,NA,715,NA,NA,NA,NA,NA,NA,NA,NA,NA,75,NA,NA,NA,NA,470,NA,NA,NA,NA,77,NA,NA,NA,NA,NA,NA,NA,NA,NA,200,NA,NA,NA,NA,20,NA,NA,NA,NA,10175,NA,NA,NA,NA
M17 [Vaccines],17.14,Measles Rubella (MR),1. Balance From Previous Month,0,NA,NA,NA,NA,0,NA,NA,NA,NA,0,NA,NA,NA,NA,NA,NA,NA,NA,NA,NA,NA,NA,NA,NA,0,NA,NA,NA,NA,NA,NA,NA,NA,NA,NA,NA,NA,NA,NA,NA,NA,NA,NA,NA,NA,NA,NA,NA,NA,0,NA,NA,NA,NA,NA,NA,NA,NA,NA
M17 [Vaccines],17.14,Measles Rubella (MR),2. Stocks Received,0,NA,NA,NA,NA,0,NA,NA,NA,NA,0,NA,NA,NA,NA,NA,NA,NA,NA,NA,NA,NA,NA,NA,NA,0,NA,NA,NA,NA,NA,NA,NA,NA,NA,NA,NA,NA,NA,NA,NA,NA,NA,NA,NA,NA,NA,NA,NA,NA,0,NA,NA,NA,NA,NA,NA,NA,NA,NA
M17 [Vaccines],17.14,Measles Rubella (MR),3. Unusable Stock,0,NA,NA,NA,NA,0,NA,NA,NA,NA,0,NA,NA,NA,NA,NA,NA,NA,NA,NA,NA,NA,NA,NA,NA,0,NA,NA,NA,NA,NA,NA,NA,NA,NA,NA,NA,NA,NA,NA,NA,NA,NA,NA,NA,NA,NA,NA,NA,NA,0,NA,NA,NA,NA,NA,NA,NA,NA,NA
M17 [Vaccines],17.14,Measles Rubella (MR),4. Stock Distributed,0,NA,NA,NA,NA,0,NA,NA,NA,NA,0,NA,NA,NA,NA,NA,NA,NA,NA,NA,NA,NA,NA,NA,NA,0,NA,NA,NA,NA,NA,NA,NA,NA,NA,NA,NA,NA,NA,NA,NA,NA,NA,NA,NA,NA,NA,NA,NA,NA,0,NA,NA,NA,NA,NA,NA,NA,NA,NA
M17 [Vaccines],17.14,Measles Rubella (MR),5. Total Stock,0,NA,NA,NA,NA,0,NA,NA,NA,NA,0,NA,NA,NA,NA,NA,NA,NA,NA,NA,NA,NA,NA,NA,NA,0,NA,NA,NA,NA,NA,NA,NA,NA,NA,NA,NA,NA,NA,NA,NA,NA,NA,NA,NA,NA,NA,NA,NA,NA,0,NA,NA,NA,NA,NA,NA,NA,NA,NA
M18 [Family Planning],18.1,IUD 380 A,1. Balance From Previous Month,730,NA,NA,NA,NA,0,NA,NA,NA,NA,NA,NA,NA,NA,NA,0,NA,NA,NA,NA,NA,NA,NA,NA,NA,0,NA,NA,NA,NA,NA,NA,NA,NA,NA,0,NA,NA,NA,NA,NA,NA,NA,NA,NA,123,NA,NA,NA,NA,607,NA,NA,NA,NA,0,NA,NA,NA,NA
M18 [Family Planning],18.1,IUD 380 A,2. Stocks Received,67,NA,NA,NA,NA,0,NA,NA,NA,NA,NA,NA,NA,NA,NA,0,NA,NA,NA,NA,NA,NA,NA,NA,NA,0,NA,NA,NA,NA,NA,NA,NA,NA,NA,0,NA,NA,NA,NA,NA,NA,NA,NA,NA,67,NA,NA,NA,NA,0,NA,NA,NA,NA,0,NA,NA,NA,NA
M18 [Family Planning],18.1,IUD 380 A,3. Unusable Stock,0,NA,NA,NA,NA,0,NA,NA,NA,NA,NA,NA,NA,NA,NA,0,NA,NA,NA,NA,NA,NA,NA,NA,NA,0,NA,NA,NA,NA,NA,NA,NA,NA,NA,0,NA,NA,NA,NA,NA,NA,NA,NA,NA,0,NA,NA,NA,NA,0,NA,NA,NA,NA,0,NA,NA,NA,NA
M18 [Family Planning],18.1,IUD 380 A,4. Stock Distributed,185,NA,NA,NA,NA,0,NA,NA,NA,NA,NA,NA,NA,NA,NA,0,NA,NA,NA,NA,NA,NA,NA,NA,NA,0,NA,NA,NA,NA,NA,NA,NA,NA,NA,0,NA,NA,NA,NA,NA,NA,NA,NA,NA,115,NA,NA,NA,NA,70,NA,NA,NA,NA,0,NA,NA,NA,NA
M18 [Family Planning],18.1,IUD 380 A,5. Total Stock,612,NA,NA,NA,NA,0,NA,NA,NA,NA,0,NA,NA,NA,NA,0,NA,NA,NA,NA,NA,NA,NA,NA,NA,0,NA,NA,NA,NA,0,NA,NA,NA,NA,0,NA,NA,NA,NA,0,NA,NA,NA,NA,75,NA,NA,NA,NA,537,NA,NA,NA,NA,0,NA,NA,NA,NA
M18 [Family Planning],18.2,IUD 375 A,1. Balance From Previous Month,630,NA,NA,NA,NA,0,NA,NA,NA,NA,NA,NA,NA,NA,NA,7,NA,NA,NA,NA,NA,NA,NA,NA,NA,0,NA,NA,NA,NA,NA,NA,NA,NA,NA,0,NA,NA,NA,NA,NA,NA,NA,NA,NA,0,NA,NA,NA,NA,623,NA,NA,NA,NA,NA,NA,NA,NA,NA
M18 [Family Planning],18.2,IUD 375 A,2. Stocks Received,550,NA,NA,NA,NA,0,NA,NA,NA,NA,NA,NA,NA,NA,NA,0,NA,NA,NA,NA,NA,NA,NA,NA,NA,0,NA,NA,NA,NA,NA,NA,NA,NA,NA,0,NA,NA,NA,NA,NA,NA,NA,NA,NA,0,NA,NA,NA,NA,550,NA,NA,NA,NA,NA,NA,NA,NA,NA
M18 [Family Planning],18.2,IUD 375 A,3. Unusable Stock,623,NA,NA,NA,NA,0,NA,NA,NA,NA,NA,NA,NA,NA,NA,0,NA,NA,NA,NA,NA,NA,NA,NA,NA,0,NA,NA,NA,NA,NA,NA,NA,NA,NA,0,NA,NA,NA,NA,NA,NA,NA,NA,NA,0,NA,NA,NA,NA,623,NA,NA,NA,NA,NA,NA,NA,NA,NA
M18 [Family Planning],18.2,IUD 375 A,4. Stock Distributed,106,NA,NA,NA,NA,0,NA,NA,NA,NA,NA,NA,NA,NA,NA,6,NA,NA,NA,NA,NA,NA,NA,NA,NA,0,NA,NA,NA,NA,NA,NA,NA,NA,NA,0,NA,NA,NA,NA,NA,NA,NA,NA,NA,0,NA,NA,NA,NA,100,NA,NA,NA,NA,NA,NA,NA,NA,NA
M18 [Family Planning],18.2,IUD 375 A,5. Total Stock,451,NA,NA,NA,NA,0,NA,NA,NA,NA,0,NA,NA,NA,NA,1,NA,NA,NA,NA,NA,NA,NA,NA,NA,0,NA,NA,NA,NA,0,NA,NA,NA,NA,0,NA,NA,NA,NA,0,NA,NA,NA,NA,0,NA,NA,NA,NA,450,NA,NA,NA,NA,0,NA,NA,NA,NA
M18 [Family Planning],18.3,Condoms,1. Balance From Previous Month,48938,NA,NA,NA,NA,0,NA,NA,NA,NA,NA,NA,NA,NA,NA,9740,NA,NA,NA,NA,NA,NA,NA,NA,NA,11998,NA,NA,NA,NA,NA,NA,NA,NA,NA,0,NA,NA,NA,NA,NA,NA,NA,NA,NA,27200,NA,NA,NA,NA,0,NA,NA,NA,NA,0,NA,NA,NA,NA
M18 [Family Planning],18.3,Condoms,2. Stocks Received,0,NA,NA,NA,NA,0,NA,NA,NA,NA,NA,NA,NA,NA,NA,0,NA,NA,NA,NA,NA,NA,NA,NA,NA,0,NA,NA,NA,NA,NA,NA,NA,NA,NA,0,NA,NA,NA,NA,NA,NA,NA,NA,NA,0,NA,NA,NA,NA,0,NA,NA,NA,NA,0,NA,NA,NA,NA
M18 [Family Planning],18.3,Condoms,3. Unusable Stock,0,NA,NA,NA,NA,0,NA,NA,NA,NA,NA,NA,NA,NA,NA,0,NA,NA,NA,NA,NA,NA,NA,NA,NA,0,NA,NA,NA,NA,NA,NA,NA,NA,NA,0,NA,NA,NA,NA,NA,NA,NA,NA,NA,0,NA,NA,NA,NA,0,NA,NA,NA,NA,0,NA,NA,NA,NA
M18 [Family Planning],18.3,Condoms,4. Stock Distributed,14490,NA,NA,NA,NA,0,NA,NA,NA,NA,NA,NA,NA,NA,NA,9360,NA,NA,NA,NA,NA,NA,NA,NA,NA,1920,NA,NA,NA,NA,NA,NA,NA,NA,NA,0,NA,NA,NA,NA,NA,NA,NA,NA,NA,3210,NA,NA,NA,NA,0,NA,NA,NA,NA,0,NA,NA,NA,NA
M18 [Family Planning],18.3,Condoms,5. Total Stock,34448,NA,NA,NA,NA,0,NA,NA,NA,NA,0,NA,NA,NA,NA,380,NA,NA,NA,NA,NA,NA,NA,NA,NA,10078,NA,NA,NA,NA,0,NA,NA,NA,NA,0,NA,NA,NA,NA,0,NA,NA,NA,NA,23990,NA,NA,NA,NA,0,NA,NA,NA,NA,0,NA,NA,NA,NA
M18 [Family Planning],18.4,Oral Contraceptive,1. Balance From Previous Month,12930,NA,NA,NA,NA,0,NA,NA,NA,NA,NA,NA,NA,NA,NA,NA,NA,NA,NA,NA,NA,NA,NA,NA,NA,3900,NA,NA,NA,NA,NA,NA,NA,NA,NA,0,NA,NA,NA,NA,NA,NA,NA,NA,NA,5430,NA,NA,NA,NA,3600,NA,NA,NA,NA,0,NA,NA,NA,NA
M18 [Family Planning],18.4,Oral Contraceptive,2. Stocks Received,0,NA,NA,NA,NA,0,NA,NA,NA,NA,NA,NA,NA,NA,NA,NA,NA,NA,NA,NA,NA,NA,NA,NA,NA,0,NA,NA,NA,NA,NA,NA,NA,NA,NA,0,NA,NA,NA,NA,NA,NA,NA,NA,NA,0,NA,NA,NA,NA,0,NA,NA,NA,NA,0,NA,NA,NA,NA
M18 [Family Planning],18.4,Oral Contraceptive,3. Unusable Stock,0,NA,NA,NA,NA,0,NA,NA,NA,NA,NA,NA,NA,NA,NA,NA,NA,NA,NA,NA,NA,NA,NA,NA,NA,0,NA,NA,NA,NA,NA,NA,NA,NA,NA,0,NA,NA,NA,NA,NA,NA,NA,NA,NA,0,NA,NA,NA,NA,0,NA,NA,NA,NA,0,NA,NA,NA,NA
M18 [Family Planning],18.4,Oral Contraceptive,4. Stock Distributed,5400,NA,NA,NA,NA,0,NA,NA,NA,NA,NA,NA,NA,NA,NA,NA,NA,NA,NA,NA,NA,NA,NA,NA,NA,1500,NA,NA,NA,NA,NA,NA,NA,NA,NA,0,NA,NA,NA,NA,NA,NA,NA,NA,NA,3000,NA,NA,NA,NA,900,NA,NA,NA,NA,0,NA,NA,NA,NA
M18 [Family Planning],18.4,Oral Contraceptive,5. Total Stock,7530,NA,NA,NA,NA,0,NA,NA,NA,NA,0,NA,NA,NA,NA,0,NA,NA,NA,NA,NA,NA,NA,NA,NA,2400,NA,NA,NA,NA,0,NA,NA,NA,NA,0,NA,NA,NA,NA,0,NA,NA,NA,NA,2430,NA,NA,NA,NA,2700,NA,NA,NA,NA,0,NA,NA,NA,NA
M18 [Family Planning],18.5,Emergency Contraceptive Pills,1. Balance From Previous Month,25352,NA,NA,NA,NA,0,NA,NA,NA,NA,NA,NA,NA,NA,NA,4852,NA,NA,NA,NA,NA,NA,NA,NA,NA,7440,NA,NA,NA,NA,NA,NA,NA,NA,NA,0,NA,NA,NA,NA,NA,NA,NA,NA,NA,12210,NA,NA,NA,NA,850,NA,NA,NA,NA,0,NA,NA,NA,NA
M18 [Family Planning],18.5,Emergency Contraceptive Pills,2. Stocks Received,0,NA,NA,NA,NA,0,NA,NA,NA,NA,NA,NA,NA,NA,NA,0,NA,NA,NA,NA,NA,NA,NA,NA,NA,0,NA,NA,NA,NA,NA,NA,NA,NA,NA,0,NA,NA,NA,NA,NA,NA,NA,NA,NA,0,NA,NA,NA,NA,0,NA,NA,NA,NA,0,NA,NA,NA,NA
M18 [Family Planning],18.5,Emergency Contraceptive Pills,3. Unusable Stock,7440,NA,NA,NA,NA,0,NA,NA,NA,NA,NA,NA,NA,NA,NA,0,NA,NA,NA,NA,NA,NA,NA,NA,NA,7440,NA,NA,NA,NA,NA,NA,NA,NA,NA,0,NA,NA,NA,NA,NA,NA,NA,NA,NA,0,NA,NA,NA,NA,0,NA,NA,NA,NA,0,NA,NA,NA,NA
M18 [Family Planning],18.5,Emergency Contraceptive Pills,4. Stock Distributed,0,NA,NA,NA,NA,0,NA,NA,NA,NA,NA,NA,NA,NA,NA,0,NA,NA,NA,NA,NA,NA,NA,NA,NA,0,NA,NA,NA,NA,NA,NA,NA,NA,NA,0,NA,NA,NA,NA,NA,NA,NA,NA,NA,0,NA,NA,NA,NA,0,NA,NA,NA,NA,0,NA,NA,NA,NA
M18 [Family Planning],18.5,Emergency Contraceptive Pills,5. Total Stock,17912,NA,NA,NA,NA,0,NA,NA,NA,NA,0,NA,NA,NA,NA,4852,NA,NA,NA,NA,NA,NA,NA,NA,NA,0,NA,NA,NA,NA,0,NA,NA,NA,NA,0,NA,NA,NA,NA,0,NA,NA,NA,NA,12210,NA,NA,NA,NA,850,NA,NA,NA,NA,0,NA,NA,NA,NA
M18 [Family Planning],18.6,Centchroman weekly pills,1. Balance From Previous Month,0,NA,NA,NA,NA,0,NA,NA,NA,NA,NA,NA,NA,NA,NA,0,NA,NA,NA,NA,NA,NA,NA,NA,NA,0,NA,NA,NA,NA,NA,NA,NA,NA,NA,NA,NA,NA,NA,NA,0,NA,NA,NA,NA,0,NA,NA,NA,NA,0,NA,NA,NA,NA,NA,NA,NA,NA,NA
M18 [Family Planning],18.6,Centchroman weekly pills,2. Stocks Received,450,NA,NA,NA,NA,0,NA,NA,NA,NA,NA,NA,NA,NA,NA,150,NA,NA,NA,NA,NA,NA,NA,NA,NA,0,NA,NA,NA,NA,NA,NA,NA,NA,NA,NA,NA,NA,NA,NA,300,NA,NA,NA,NA,0,NA,NA,NA,NA,0,NA,NA,NA,NA,NA,NA,NA,NA,NA
M18 [Family Planning],18.6,Centchroman weekly pills,3. Unusable Stock,0,NA,NA,NA,NA,0,NA,NA,NA,NA,NA,NA,NA,NA,NA,0,NA,NA,NA,NA,NA,NA,NA,NA,NA,0,NA,NA,NA,NA,NA,NA,NA,NA,NA,NA,NA,NA,NA,NA,NA,NA,NA,NA,NA,0,NA,NA,NA,NA,0,NA,NA,NA,NA,NA,NA,NA,NA,NA
M18 [Family Planning],18.6,Centchroman weekly pills,4. Stock Distributed,349,NA,NA,NA,NA,0,NA,NA,NA,NA,NA,NA,NA,NA,NA,49,NA,NA,NA,NA,NA,NA,NA,NA,NA,0,NA,NA,NA,NA,NA,NA,NA,NA,NA,NA,NA,NA,NA,NA,300,NA,NA,NA,NA,0,NA,NA,NA,NA,0,NA,NA,NA,NA,NA,NA,NA,NA,NA
M18 [Family Planning],18.6,Centchroman weekly pills,5. Total Stock,101,NA,NA,NA,NA,0,NA,NA,NA,NA,NA,NA,NA,NA,NA,101,NA,NA,NA,NA,NA,NA,NA,NA,NA,0,NA,NA,NA,NA,NA,NA,NA,NA,NA,0,NA,NA,NA,NA,0,NA,NA,NA,NA,0,NA,NA,NA,NA,0,NA,NA,NA,NA,NA,NA,NA,NA,NA
M18 [Family Planning],18.7,Injectable Contraceptive MPA (Vials),1. Balance From Previous Month,450,NA,NA,NA,NA,0,NA,NA,NA,NA,NA,NA,NA,NA,NA,0,NA,NA,NA,NA,NA,NA,NA,NA,NA,0,NA,NA,NA,NA,NA,NA,NA,NA,NA,NA,NA,NA,NA,NA,0,NA,NA,NA,NA,0,NA,NA,NA,NA,0,NA,NA,NA,NA,450,NA,NA,NA,NA
M18 [Family Planning],18.7,Injectable Contraceptive MPA (Vials),2. Stocks Received,750,NA,NA,NA,NA,0,NA,NA,NA,NA,NA,NA,NA,NA,NA,600,NA,NA,NA,NA,NA,NA,NA,NA,NA,0,NA,NA,NA,NA,NA,NA,NA,NA,NA,NA,NA,NA,NA,NA,150,NA,NA,NA,NA,0,NA,NA,NA,NA,0,NA,NA,NA,NA,0,NA,NA,NA,NA
M18 [Family Planning],18.7,Injectable Contraceptive MPA (Vials),3. Unusable Stock,0,NA,NA,NA,NA,0,NA,NA,NA,NA,NA,NA,NA,NA,NA,0,NA,NA,NA,NA,NA,NA,NA,NA,NA,0,NA,NA,NA,NA,NA,NA,NA,NA,NA,NA,NA,NA,NA,NA,NA,NA,NA,NA,NA,0,NA,NA,NA,NA,0,NA,NA,NA,NA,0,NA,NA,NA,NA
M18 [Family Planning],18.7,Injectable Contraceptive MPA (Vials),4. Stock Distributed,242,NA,NA,NA,NA,0,NA,NA,NA,NA,NA,NA,NA,NA,NA,92,NA,NA,NA,NA,NA,NA,NA,NA,NA,0,NA,NA,NA,NA,NA,NA,NA,NA,NA,NA,NA,NA,NA,NA,150,NA,NA,NA,NA,0,NA,NA,NA,NA,0,NA,NA,NA,NA,0,NA,NA,NA,NA
M18 [Family Planning],18.7,Injectable Contraceptive MPA (Vials),5. Total Stock,958,NA,NA,NA,NA,0,NA,NA,NA,NA,NA,NA,NA,NA,NA,508,NA,NA,NA,NA,NA,NA,NA,NA,NA,0,NA,NA,NA,NA,NA,NA,NA,NA,NA,0,NA,NA,NA,NA,0,NA,NA,NA,NA,0,NA,NA,NA,NA,0,NA,NA,NA,NA,450,NA,NA,NA,NA
M18 [Family Planning],18.8,Tubal rings,1. Balance From Previous Month,300,NA,NA,NA,NA,0,NA,NA,NA,NA,NA,NA,NA,NA,NA,NA,NA,NA,NA,NA,NA,NA,NA,NA,NA,0,NA,NA,NA,NA,NA,NA,NA,NA,NA,NA,NA,NA,NA,NA,NA,NA,NA,NA,NA,0,NA,NA,NA,NA,300,NA,NA,NA,NA,NA,NA,NA,NA,NA
M18 [Family Planning],18.8,Tubal rings,2. Stocks Received,0,NA,NA,NA,NA,0,NA,NA,NA,NA,NA,NA,NA,NA,NA,NA,NA,NA,NA,NA,NA,NA,NA,NA,NA,0,NA,NA,NA,NA,NA,NA,NA,NA,NA,NA,NA,NA,NA,NA,NA,NA,NA,NA,NA,0,NA,NA,NA,NA,0,NA,NA,NA,NA,NA,NA,NA,NA,NA
M18 [Family Planning],18.8,Tubal rings,3. Unusable Stock,300,NA,NA,NA,NA,0,NA,NA,NA,NA,NA,NA,NA,NA,NA,NA,NA,NA,NA,NA,NA,NA,NA,NA,NA,0,NA,NA,NA,NA,NA,NA,NA,NA,NA,NA,NA,NA,NA,NA,NA,NA,NA,NA,NA,0,NA,NA,NA,NA,300,NA,NA,NA,NA,NA,NA,NA,NA,NA
M18 [Family Planning],18.8,Tubal rings,4. Stock Distributed,0,NA,NA,NA,NA,0,NA,NA,NA,NA,NA,NA,NA,NA,NA,NA,NA,NA,NA,NA,NA,NA,NA,NA,NA,0,NA,NA,NA,NA,NA,NA,NA,NA,NA,NA,NA,NA,NA,NA,NA,NA,NA,NA,NA,0,NA,NA,NA,NA,0,NA,NA,NA,NA,NA,NA,NA,NA,NA
M18 [Family Planning],18.8,Tubal rings,5. Total Stock,0,NA,NA,NA,NA,0,NA,NA,NA,NA,NA,NA,NA,NA,NA,NA,NA,NA,NA,NA,NA,NA,NA,NA,NA,0,NA,NA,NA,NA,NA,NA,NA,NA,NA,0,NA,NA,NA,NA,NA,NA,NA,NA,NA,0,NA,NA,NA,NA,0,NA,NA,NA,NA,NA,NA,NA,NA,NA
M18 [Family Planning],18.9,Pregnancy testing Kits (Nischay Kits),1. Balance From Previous Month,19410,NA,NA,NA,NA,0,NA,NA,NA,NA,NA,NA,NA,NA,NA,NA,NA,NA,NA,NA,NA,NA,NA,NA,NA,1540,NA,NA,NA,NA,NA,NA,NA,NA,NA,NA,NA,NA,NA,NA,NA,NA,NA,NA,NA,5880,NA,NA,NA,NA,11990,NA,NA,NA,NA,0,NA,NA,NA,NA
M18 [Family Planning],18.9,Pregnancy testing Kits (Nischay Kits),2. Stocks Received,0,NA,NA,NA,NA,0,NA,NA,NA,NA,NA,NA,NA,NA,NA,NA,NA,NA,NA,NA,NA,NA,NA,NA,NA,0,NA,NA,NA,NA,NA,NA,NA,NA,NA,NA,NA,NA,NA,NA,NA,NA,NA,NA,NA,0,NA,NA,NA,NA,0,NA,NA,NA,NA,0,NA,NA,NA,NA
M18 [Family Planning],18.9,Pregnancy testing Kits (Nischay Kits),3. Unusable Stock,0,NA,NA,NA,NA,0,NA,NA,NA,NA,NA,NA,NA,NA,NA,NA,NA,NA,NA,NA,NA,NA,NA,NA,NA,0,NA,NA,NA,NA,NA,NA,NA,NA,NA,NA,NA,NA,NA,NA,NA,NA,NA,NA,NA,0,NA,NA,NA,NA,0,NA,NA,NA,NA,0,NA,NA,NA,NA
M18 [Family Planning],18.9,Pregnancy testing Kits (Nischay Kits),4. Stock Distributed,2200,NA,NA,NA,NA,0,NA,NA,NA,NA,NA,NA,NA,NA,NA,NA,NA,NA,NA,NA,NA,NA,NA,NA,NA,660,NA,NA,NA,NA,NA,NA,NA,NA,NA,NA,NA,NA,NA,NA,NA,NA,NA,NA,NA,950,NA,NA,NA,NA,590,NA,NA,NA,NA,0,NA,NA,NA,NA
M18 [Family Planning],18.9,Pregnancy testing Kits (Nischay Kits),5. Total Stock,17210,NA,NA,NA,NA,0,NA,NA,NA,NA,NA,NA,NA,NA,NA,NA,NA,NA,NA,NA,NA,NA,NA,NA,NA,880,NA,NA,NA,NA,NA,NA,NA,NA,NA,0,NA,NA,NA,NA,NA,NA,NA,NA,NA,4930,NA,NA,NA,NA,11400,NA,NA,NA,NA,0,NA,NA,NA,NA
M19 [Other Items],19.1,Gloves,1. Balance From Previous Month,13385,NA,NA,NA,NA,0,NA,NA,NA,NA,NA,NA,NA,NA,NA,11135,NA,NA,NA,NA,NA,NA,NA,NA,NA,2250,NA,NA,NA,NA,NA,NA,NA,NA,NA,NA,NA,NA,NA,NA,NA,NA,NA,NA,NA,0,NA,NA,NA,NA,0,NA,NA,NA,NA,0,NA,NA,NA,NA
M19 [Other Items],19.1,Gloves,2. Stocks Received,0,NA,NA,NA,NA,0,NA,NA,NA,NA,NA,NA,NA,NA,NA,0,NA,NA,NA,NA,NA,NA,NA,NA,NA,0,NA,NA,NA,NA,NA,NA,NA,NA,NA,NA,NA,NA,NA,NA,NA,NA,NA,NA,NA,0,NA,NA,NA,NA,0,NA,NA,NA,NA,0,NA,NA,NA,NA
M19 [Other Items],19.1,Gloves,3. Unusable Stock,0,NA,NA,NA,NA,0,NA,NA,NA,NA,NA,NA,NA,NA,NA,0,NA,NA,NA,NA,NA,NA,NA,NA,NA,0,NA,NA,NA,NA,NA,NA,NA,NA,NA,NA,NA,NA,NA,NA,NA,NA,NA,NA,NA,0,NA,NA,NA,NA,0,NA,NA,NA,NA,0,NA,NA,NA,NA
M19 [Other Items],19.1,Gloves,4. Stock Distributed,7425,NA,NA,NA,NA,0,NA,NA,NA,NA,NA,NA,NA,NA,NA,6950,NA,NA,NA,NA,NA,NA,NA,NA,NA,475,NA,NA,NA,NA,NA,NA,NA,NA,NA,NA,NA,NA,NA,NA,NA,NA,NA,NA,NA,0,NA,NA,NA,NA,0,NA,NA,NA,NA,0,NA,NA,NA,NA
M19 [Other Items],19.1,Gloves,5. Total Stock,5960,NA,NA,NA,NA,0,NA,NA,NA,NA,0,NA,NA,NA,NA,4185,NA,NA,NA,NA,NA,NA,NA,NA,NA,1775,NA,NA,NA,NA,0,NA,NA,NA,NA,0,NA,NA,NA,NA,0,NA,NA,NA,NA,0,NA,NA,NA,NA,0,NA,NA,NA,NA,0,NA,NA,NA,NA
M19 [Other Items],19.2,MVA Syringes,1. Balance From Previous Month,0,NA,NA,NA,NA,0,NA,NA,NA,NA,NA,NA,NA,NA,NA,NA,NA,NA,NA,NA,NA,NA,NA,NA,NA,0,NA,NA,NA,NA,NA,NA,NA,NA,NA,NA,NA,NA,NA,NA,NA,NA,NA,NA,NA,0,NA,NA,NA,NA,0,NA,NA,NA,NA,0,NA,NA,NA,NA
M19 [Other Items],19.2,MVA Syringes,2. Stocks Received,0,NA,NA,NA,NA,0,NA,NA,NA,NA,NA,NA,NA,NA,NA,NA,NA,NA,NA,NA,NA,NA,NA,NA,NA,0,NA,NA,NA,NA,NA,NA,NA,NA,NA,NA,NA,NA,NA,NA,NA,NA,NA,NA,NA,0,NA,NA,NA,NA,0,NA,NA,NA,NA,0,NA,NA,NA,NA
M19 [Other Items],19.2,MVA Syringes,3. Unusable Stock,0,NA,NA,NA,NA,0,NA,NA,NA,NA,NA,NA,NA,NA,NA,NA,NA,NA,NA,NA,NA,NA,NA,NA,NA,0,NA,NA,NA,NA,NA,NA,NA,NA,NA,NA,NA,NA,NA,NA,NA,NA,NA,NA,NA,0,NA,NA,NA,NA,0,NA,NA,NA,NA,0,NA,NA,NA,NA
M19 [Other Items],19.2,MVA Syringes,4. Stock Distributed,0,NA,NA,NA,NA,0,NA,NA,NA,NA,NA,NA,NA,NA,NA,NA,NA,NA,NA,NA,NA,NA,NA,NA,NA,0,NA,NA,NA,NA,NA,NA,NA,NA,NA,NA,NA,NA,NA,NA,NA,NA,NA,NA,NA,0,NA,NA,NA,NA,0,NA,NA,NA,NA,0,NA,NA,NA,NA
M19 [Other Items],19.2,MVA Syringes,5. Total Stock,0,NA,NA,NA,NA,0,NA,NA,NA,NA,0,NA,NA,NA,NA,0,NA,NA,NA,NA,NA,NA,NA,NA,NA,0,NA,NA,NA,NA,0,NA,NA,NA,NA,0,NA,NA,NA,NA,0,NA,NA,NA,NA,0,NA,NA,NA,NA,0,NA,NA,NA,NA,0,NA,NA,NA,NA
M19 [Other Items],19.3,Tab. Fluconazole,1. Balance From Previous Month,0,NA,NA,NA,NA,0,NA,NA,NA,NA,NA,NA,NA,NA,NA,NA,NA,NA,NA,NA,NA,NA,NA,NA,NA,0,NA,NA,NA,NA,NA,NA,NA,NA,NA,NA,NA,NA,NA,NA,NA,NA,NA,NA,NA,0,NA,NA,NA,NA,0,NA,NA,NA,NA,0,NA,NA,NA,NA
M19 [Other Items],19.3,Tab. Fluconazole,2. Stocks Received,0,NA,NA,NA,NA,0,NA,NA,NA,NA,NA,NA,NA,NA,NA,NA,NA,NA,NA,NA,NA,NA,NA,NA,NA,0,NA,NA,NA,NA,NA,NA,NA,NA,NA,NA,NA,NA,NA,NA,NA,NA,NA,NA,NA,0,NA,NA,NA,NA,0,NA,NA,NA,NA,0,NA,NA,NA,NA
M19 [Other Items],19.3,Tab. Fluconazole,3. Unusable Stock,0,NA,NA,NA,NA,0,NA,NA,NA,NA,NA,NA,NA,NA,NA,NA,NA,NA,NA,NA,NA,NA,NA,NA,NA,0,NA,NA,NA,NA,NA,NA,NA,NA,NA,NA,NA,NA,NA,NA,NA,NA,NA,NA,NA,0,NA,NA,NA,NA,0,NA,NA,NA,NA,0,NA,NA,NA,NA
M19 [Other Items],19.3,Tab. Fluconazole,4. Stock Distributed,0,NA,NA,NA,NA,0,NA,NA,NA,NA,NA,NA,NA,NA,NA,NA,NA,NA,NA,NA,NA,NA,NA,NA,NA,0,NA,NA,NA,NA,NA,NA,NA,NA,NA,NA,NA,NA,NA,NA,NA,NA,NA,NA,NA,0,NA,NA,NA,NA,0,NA,NA,NA,NA,0,NA,NA,NA,NA
M19 [Other Items],19.3,Tab. Fluconazole,5. Total Stock,0,NA,NA,NA,NA,0,NA,NA,NA,NA,0,NA,NA,NA,NA,0,NA,NA,NA,NA,NA,NA,NA,NA,NA,0,NA,NA,NA,NA,0,NA,NA,NA,NA,0,NA,NA,NA,NA,0,NA,NA,NA,NA,0,NA,NA,NA,NA,0,NA,NA,NA,NA,0,NA,NA,NA,NA
M19 [Other Items],19.4,Blood Transfusion sets,1. Balance From Previous Month,0,NA,NA,NA,NA,0,NA,NA,NA,NA,NA,NA,NA,NA,NA,NA,NA,NA,NA,NA,NA,NA,NA,NA,NA,0,NA,NA,NA,NA,NA,NA,NA,NA,NA,NA,NA,NA,NA,NA,NA,NA,NA,NA,NA,0,NA,NA,NA,NA,0,NA,NA,NA,NA,0,NA,NA,NA,NA
M19 [Other Items],19.4,Blood Transfusion sets,2. Stocks Received,0,NA,NA,NA,NA,0,NA,NA,NA,NA,NA,NA,NA,NA,NA,NA,NA,NA,NA,NA,NA,NA,NA,NA,NA,0,NA,NA,NA,NA,NA,NA,NA,NA,NA,NA,NA,NA,NA,NA,NA,NA,NA,NA,NA,0,NA,NA,NA,NA,0,NA,NA,NA,NA,0,NA,NA,NA,NA
M19 [Other Items],19.4,Blood Transfusion sets,3. Unusable Stock,0,NA,NA,NA,NA,0,NA,NA,NA,NA,NA,NA,NA,NA,NA,NA,NA,NA,NA,NA,NA,NA,NA,NA,NA,0,NA,NA,NA,NA,NA,NA,NA,NA,NA,NA,NA,NA,NA,NA,NA,NA,NA,NA,NA,0,NA,NA,NA,NA,0,NA,NA,NA,NA,0,NA,NA,NA,NA
M19 [Other Items],19.4,Blood Transfusion sets,4. Stock Distributed,0,NA,NA,NA,NA,0,NA,NA,NA,NA,NA,NA,NA,NA,NA,NA,NA,NA,NA,NA,NA,NA,NA,NA,NA,0,NA,NA,NA,NA,NA,NA,NA,NA,NA,NA,NA,NA,NA,NA,NA,NA,NA,NA,NA,0,NA,NA,NA,NA,0,NA,NA,NA,NA,0,NA,NA,NA,NA
M19 [Other Items],19.4,Blood Transfusion sets,5. Total Stock,0,NA,NA,NA,NA,0,NA,NA,NA,NA,0,NA,NA,NA,NA,0,NA,NA,NA,NA,NA,NA,NA,NA,NA,0,NA,NA,NA,NA,0,NA,NA,NA,NA,0,NA,NA,NA,NA,0,NA,NA,NA,NA,0,NA,NA,NA,NA,0,NA,NA,NA,NA,0,NA,NA,NA,NA
M19 [Other Items],19.5,Gluteraldehyde 2%,1. Balance From Previous Month,0,NA,NA,NA,NA,0,NA,NA,NA,NA,NA,NA,NA,NA,NA,NA,NA,NA,NA,NA,NA,NA,NA,NA,NA,0,NA,NA,NA,NA,NA,NA,NA,NA,NA,NA,NA,NA,NA,NA,NA,NA,NA,NA,NA,0,NA,NA,NA,NA,0,NA,NA,NA,NA,0,NA,NA,NA,NA
M19 [Other Items],19.5,Gluteraldehyde 2%,2. Stocks Received,0,NA,NA,NA,NA,0,NA,NA,NA,NA,NA,NA,NA,NA,NA,NA,NA,NA,NA,NA,NA,NA,NA,NA,NA,0,NA,NA,NA,NA,NA,NA,NA,NA,NA,NA,NA,NA,NA,NA,NA,NA,NA,NA,NA,0,NA,NA,NA,NA,0,NA,NA,NA,NA,0,NA,NA,NA,NA
M19 [Other Items],19.5,Gluteraldehyde 2%,3. Unusable Stock,0,NA,NA,NA,NA,0,NA,NA,NA,NA,NA,NA,NA,NA,NA,NA,NA,NA,NA,NA,NA,NA,NA,NA,NA,0,NA,NA,NA,NA,NA,NA,NA,NA,NA,NA,NA,NA,NA,NA,NA,NA,NA,NA,NA,0,NA,NA,NA,NA,0,NA,NA,NA,NA,0,NA,NA,NA,NA
M19 [Other Items],19.5,Gluteraldehyde 2%,4. Stock Distributed,0,NA,NA,NA,NA,0,NA,NA,NA,NA,NA,NA,NA,NA,NA,NA,NA,NA,NA,NA,NA,NA,NA,NA,NA,0,NA,NA,NA,NA,NA,NA,NA,NA,NA,NA,NA,NA,NA,NA,NA,NA,NA,NA,NA,0,NA,NA,NA,NA,0,NA,NA,NA,NA,0,NA,NA,NA,NA
M19 [Other Items],19.5,Gluteraldehyde 2%,5. Total Stock,0,NA,NA,NA,NA,0,NA,NA,NA,NA,0,NA,NA,NA,NA,0,NA,NA,NA,NA,NA,NA,NA,NA,NA,0,NA,NA,NA,NA,0,NA,NA,NA,NA,0,NA,NA,NA,NA,0,NA,NA,NA,NA,0,NA,NA,NA,NA,0,NA,NA,NA,NA,0,NA,NA,NA,NA
M19 [Other Items],19.6,IFA tablets ( Adult),1. Balance From Previous Month,7206070,NA,NA,NA,NA,10495,NA,NA,NA,NA,NA,NA,NA,NA,NA,3644070,NA,NA,NA,NA,NA,NA,NA,NA,NA,1066310,NA,NA,NA,NA,NA,NA,NA,NA,NA,0,NA,NA,NA,NA,NA,NA,NA,NA,NA,2440195,NA,NA,NA,NA,0,NA,NA,NA,NA,45000,NA,NA,NA,NA
M19 [Other Items],19.6,IFA tablets ( Adult),2. Stocks Received,0,NA,NA,NA,NA,0,NA,NA,NA,NA,NA,NA,NA,NA,NA,0,NA,NA,NA,NA,NA,NA,NA,NA,NA,0,NA,NA,NA,NA,NA,NA,NA,NA,NA,0,NA,NA,NA,NA,NA,NA,NA,NA,NA,0,NA,NA,NA,NA,0,NA,NA,NA,NA,0,NA,NA,NA,NA
M19 [Other Items],19.6,IFA tablets ( Adult),3. Unusable Stock,0,NA,NA,NA,NA,0,NA,NA,NA,NA,NA,NA,NA,NA,NA,0,NA,NA,NA,NA,NA,NA,NA,NA,NA,0,NA,NA,NA,NA,NA,NA,NA,NA,NA,0,NA,NA,NA,NA,NA,NA,NA,NA,NA,0,NA,NA,NA,NA,0,NA,NA,NA,NA,0,NA,NA,NA,NA
M19 [Other Items],19.6,IFA tablets ( Adult),4. Stock Distributed,574725,NA,NA,NA,NA,10495,NA,NA,NA,NA,NA,NA,NA,NA,NA,54230,NA,NA,NA,NA,NA,NA,NA,NA,NA,45000,NA,NA,NA,NA,NA,NA,NA,NA,NA,0,NA,NA,NA,NA,NA,NA,NA,NA,NA,465000,NA,NA,NA,NA,0,NA,NA,NA,NA,0,NA,NA,NA,NA
M19 [Other Items],19.6,IFA tablets ( Adult),5. Total Stock,6631345,NA,NA,NA,NA,0,NA,NA,NA,NA,0,NA,NA,NA,NA,3589840,NA,NA,NA,NA,NA,NA,NA,NA,NA,1021310,NA,NA,NA,NA,0,NA,NA,NA,NA,0,NA,NA,NA,NA,0,NA,NA,NA,NA,1975195,NA,NA,NA,NA,0,NA,NA,NA,NA,45000,NA,NA,NA,NA
M19 [Other Items],19.7,IFA - Blue ( Adolescent 10-19 yrs),1. Balance From Previous Month,2138025,NA,NA,NA,NA,784995,NA,NA,NA,NA,NA,NA,NA,NA,NA,NA,NA,NA,NA,NA,NA,NA,NA,NA,NA,46860,NA,NA,NA,NA,NA,NA,NA,NA,NA,NA,NA,NA,NA,NA,NA,NA,NA,NA,NA,0,NA,NA,NA,NA,0,NA,NA,NA,NA,1306170,NA,NA,NA,NA
M19 [Other Items],19.7,IFA - Blue ( Adolescent 10-19 yrs),2. Stocks Received,0,NA,NA,NA,NA,0,NA,NA,NA,NA,NA,NA,NA,NA,NA,NA,NA,NA,NA,NA,NA,NA,NA,NA,NA,0,NA,NA,NA,NA,NA,NA,NA,NA,NA,NA,NA,NA,NA,NA,NA,NA,NA,NA,NA,0,NA,NA,NA,NA,0,NA,NA,NA,NA,0,NA,NA,NA,NA
M19 [Other Items],19.7,IFA - Blue ( Adolescent 10-19 yrs),3. Unusable Stock,0,NA,NA,NA,NA,0,NA,NA,NA,NA,NA,NA,NA,NA,NA,NA,NA,NA,NA,NA,NA,NA,NA,NA,NA,0,NA,NA,NA,NA,NA,NA,NA,NA,NA,NA,NA,NA,NA,NA,NA,NA,NA,NA,NA,0,NA,NA,NA,NA,0,NA,NA,NA,NA,0,NA,NA,NA,NA
M19 [Other Items],19.7,IFA - Blue ( Adolescent 10-19 yrs),4. Stock Distributed,753000,NA,NA,NA,NA,708150,NA,NA,NA,NA,NA,NA,NA,NA,NA,NA,NA,NA,NA,NA,NA,NA,NA,NA,NA,44850,NA,NA,NA,NA,NA,NA,NA,NA,NA,NA,NA,NA,NA,NA,NA,NA,NA,NA,NA,0,NA,NA,NA,NA,0,NA,NA,NA,NA,0,NA,NA,NA,NA
M19 [Other Items],19.7,IFA - Blue ( Adolescent 10-19 yrs),5. Total Stock,1385025,NA,NA,NA,NA,76845,NA,NA,NA,NA,0,NA,NA,NA,NA,0,NA,NA,NA,NA,NA,NA,NA,NA,NA,2010,NA,NA,NA,NA,0,NA,NA,NA,NA,0,NA,NA,NA,NA,0,NA,NA,NA,NA,0,NA,NA,NA,NA,0,NA,NA,NA,NA,1306170,NA,NA,NA,NA
M19 [Other Items],19.8,IFA- Pink ( Junior 6-10 yrs),1. Balance From Previous Month,1382375,NA,NA,NA,NA,424940,NA,NA,NA,NA,NA,NA,NA,NA,NA,NA,NA,NA,NA,NA,NA,NA,NA,NA,NA,937590,NA,NA,NA,NA,NA,NA,NA,NA,NA,NA,NA,NA,NA,NA,NA,NA,NA,NA,NA,0,NA,NA,NA,NA,0,NA,NA,NA,NA,19845,NA,NA,NA,NA
M19 [Other Items],19.8,IFA- Pink ( Junior 6-10 yrs),2. Stocks Received,0,NA,NA,NA,NA,0,NA,NA,NA,NA,NA,NA,NA,NA,NA,NA,NA,NA,NA,NA,NA,NA,NA,NA,NA,0,NA,NA,NA,NA,NA,NA,NA,NA,NA,NA,NA,NA,NA,NA,NA,NA,NA,NA,NA,0,NA,NA,NA,NA,0,NA,NA,NA,NA,0,NA,NA,NA,NA
M19 [Other Items],19.8,IFA- Pink ( Junior 6-10 yrs),3. Unusable Stock,0,NA,NA,NA,NA,0,NA,NA,NA,NA,NA,NA,NA,NA,NA,NA,NA,NA,NA,NA,NA,NA,NA,NA,NA,0,NA,NA,NA,NA,NA,NA,NA,NA,NA,NA,NA,NA,NA,NA,NA,NA,NA,NA,NA,0,NA,NA,NA,NA,0,NA,NA,NA,NA,0,NA,NA,NA,NA
M19 [Other Items],19.8,IFA- Pink ( Junior 6-10 yrs),4. Stock Distributed,297000,NA,NA,NA,NA,297000,NA,NA,NA,NA,NA,NA,NA,NA,NA,NA,NA,NA,NA,NA,NA,NA,NA,NA,NA,0,NA,NA,NA,NA,NA,NA,NA,NA,NA,NA,NA,NA,NA,NA,NA,NA,NA,NA,NA,0,NA,NA,NA,NA,0,NA,NA,NA,NA,0,NA,NA,NA,NA
M19 [Other Items],19.8,IFA- Pink ( Junior 6-10 yrs),5. Total Stock,1085375,NA,NA,NA,NA,127940,NA,NA,NA,NA,0,NA,NA,NA,NA,0,NA,NA,NA,NA,NA,NA,NA,NA,NA,937590,NA,NA,NA,NA,0,NA,NA,NA,NA,0,NA,NA,NA,NA,0,NA,NA,NA,NA,0,NA,NA,NA,NA,0,NA,NA,NA,NA,19845,NA,NA,NA,NA
M19 [Other Items],19.9,IFA Syrup (Paediatric),1. Balance From Previous Month,41522,NA,NA,NA,NA,16160,NA,NA,NA,NA,NA,NA,NA,NA,NA,9839,NA,NA,NA,NA,NA,NA,NA,NA,NA,15163,NA,NA,NA,NA,NA,NA,NA,NA,NA,NA,NA,NA,NA,NA,NA,NA,NA,NA,NA,0,NA,NA,NA,NA,0,NA,NA,NA,NA,360,NA,NA,NA,NA
M19 [Other Items],19.9,IFA Syrup (Paediatric),2. Stocks Received,0,NA,NA,NA,NA,0,NA,NA,NA,NA,NA,NA,NA,NA,NA,0,NA,NA,NA,NA,NA,NA,NA,NA,NA,0,NA,NA,NA,NA,NA,NA,NA,NA,NA,NA,NA,NA,NA,NA,NA,NA,NA,NA,NA,0,NA,NA,NA,NA,0,NA,NA,NA,NA,0,NA,NA,NA,NA
M19 [Other Items],19.9,IFA Syrup (Paediatric),3. Unusable Stock,0,NA,NA,NA,NA,0,NA,NA,NA,NA,NA,NA,NA,NA,NA,0,NA,NA,NA,NA,NA,NA,NA,NA,NA,0,NA,NA,NA,NA,NA,NA,NA,NA,NA,NA,NA,NA,NA,NA,NA,NA,NA,NA,NA,0,NA,NA,NA,NA,0,NA,NA,NA,NA,0,NA,NA,NA,NA
M19 [Other Items],19.9,IFA Syrup (Paediatric),4. Stock Distributed,4680,NA,NA,NA,NA,1440,NA,NA,NA,NA,NA,NA,NA,NA,NA,3000,NA,NA,NA,NA,NA,NA,NA,NA,NA,240,NA,NA,NA,NA,NA,NA,NA,NA,NA,NA,NA,NA,NA,NA,NA,NA,NA,NA,NA,0,NA,NA,NA,NA,0,NA,NA,NA,NA,0,NA,NA,NA,NA
M19 [Other Items],19.9,IFA Syrup (Paediatric),5. Total Stock,36842,NA,NA,NA,NA,14720,NA,NA,NA,NA,0,NA,NA,NA,NA,6839,NA,NA,NA,NA,NA,NA,NA,NA,NA,14923,NA,NA,NA,NA,0,NA,NA,NA,NA,0,NA,NA,NA,NA,0,NA,NA,NA,NA,0,NA,NA,NA,NA,0,NA,NA,NA,NA,360,NA,NA,NA,NA
M19 [Other Items],19.1,Paediatrics Antibiotics ( Amoxycillin and Injectable Gentamicin),1. Balance From Previous Month,8238,NA,NA,NA,NA,0,NA,NA,NA,NA,NA,NA,NA,NA,NA,8238,NA,NA,NA,NA,NA,NA,NA,NA,NA,0,NA,NA,NA,NA,NA,NA,NA,NA,NA,NA,NA,NA,NA,NA,NA,NA,NA,NA,NA,NA,NA,NA,NA,NA,0,NA,NA,NA,NA,0,NA,NA,NA,NA
M19 [Other Items],19.1,Paediatrics Antibiotics ( Amoxycillin and Injectable Gentamicin),2. Stocks Received,0,NA,NA,NA,NA,0,NA,NA,NA,NA,NA,NA,NA,NA,NA,0,NA,NA,NA,NA,NA,NA,NA,NA,NA,0,NA,NA,NA,NA,NA,NA,NA,NA,NA,NA,NA,NA,NA,NA,NA,NA,NA,NA,NA,NA,NA,NA,NA,NA,0,NA,NA,NA,NA,0,NA,NA,NA,NA
M19 [Other Items],19.1,Paediatrics Antibiotics ( Amoxycillin and Injectable Gentamicin),3. Unusable Stock,0,NA,NA,NA,NA,0,NA,NA,NA,NA,NA,NA,NA,NA,NA,0,NA,NA,NA,NA,NA,NA,NA,NA,NA,0,NA,NA,NA,NA,NA,NA,NA,NA,NA,NA,NA,NA,NA,NA,NA,NA,NA,NA,NA,NA,NA,NA,NA,NA,0,NA,NA,NA,NA,0,NA,NA,NA,NA
M19 [Other Items],19.1,Paediatrics Antibiotics ( Amoxycillin and Injectable Gentamicin),4. Stock Distributed,650,NA,NA,NA,NA,0,NA,NA,NA,NA,NA,NA,NA,NA,NA,650,NA,NA,NA,NA,NA,NA,NA,NA,NA,0,NA,NA,NA,NA,NA,NA,NA,NA,NA,NA,NA,NA,NA,NA,NA,NA,NA,NA,NA,NA,NA,NA,NA,NA,0,NA,NA,NA,NA,0,NA,NA,NA,NA
M19 [Other Items],19.1,Paediatrics Antibiotics ( Amoxycillin and Injectable Gentamicin),5. Total Stock,7588,NA,NA,NA,NA,0,NA,NA,NA,NA,0,NA,NA,NA,NA,7588,NA,NA,NA,NA,NA,NA,NA,NA,NA,0,NA,NA,NA,NA,0,NA,NA,NA,NA,0,NA,NA,NA,NA,0,NA,NA,NA,NA,0,NA,NA,NA,NA,0,NA,NA,NA,NA,0,NA,NA,NA,NA
M19 [Other Items],19.11,Vit A syrup,1. Balance From Previous Month,3670,NA,NA,NA,NA,0,NA,NA,NA,NA,NA,NA,NA,NA,NA,21,NA,NA,NA,NA,NA,NA,NA,NA,NA,3152,NA,NA,NA,NA,NA,NA,NA,NA,NA,0,NA,NA,NA,NA,NA,NA,NA,NA,NA,497,NA,NA,NA,NA,0,NA,NA,NA,NA,0,NA,NA,NA,NA
M19 [Other Items],19.11,Vit A syrup,2. Stocks Received,0,NA,NA,NA,NA,0,NA,NA,NA,NA,NA,NA,NA,NA,NA,0,NA,NA,NA,NA,NA,NA,NA,NA,NA,0,NA,NA,NA,NA,NA,NA,NA,NA,NA,0,NA,NA,NA,NA,NA,NA,NA,NA,NA,0,NA,NA,NA,NA,0,NA,NA,NA,NA,0,NA,NA,NA,NA
M19 [Other Items],19.11,Vit A syrup,3. Unusable Stock,0,NA,NA,NA,NA,0,NA,NA,NA,NA,NA,NA,NA,NA,NA,0,NA,NA,NA,NA,NA,NA,NA,NA,NA,0,NA,NA,NA,NA,NA,NA,NA,NA,NA,0,NA,NA,NA,NA,NA,NA,NA,NA,NA,0,NA,NA,NA,NA,0,NA,NA,NA,NA,0,NA,NA,NA,NA
M19 [Other Items],19.11,Vit A syrup,4. Stock Distributed,71,NA,NA,NA,NA,0,NA,NA,NA,NA,NA,NA,NA,NA,NA,21,NA,NA,NA,NA,NA,NA,NA,NA,NA,0,NA,NA,NA,NA,NA,NA,NA,NA,NA,0,NA,NA,NA,NA,NA,NA,NA,NA,NA,50,NA,NA,NA,NA,0,NA,NA,NA,NA,0,NA,NA,NA,NA
M19 [Other Items],19.11,Vit A syrup,5. Total Stock,3599,NA,NA,NA,NA,0,NA,NA,NA,NA,0,NA,NA,NA,NA,0,NA,NA,NA,NA,NA,NA,NA,NA,NA,3152,NA,NA,NA,NA,0,NA,NA,NA,NA,0,NA,NA,NA,NA,0,NA,NA,NA,NA,447,NA,NA,NA,NA,0,NA,NA,NA,NA,0,NA,NA,NA,NA
M19 [Other Items],19.12,ORS (New WHO),1. Balance From Previous Month,139000,NA,NA,NA,NA,0,NA,NA,NA,NA,NA,NA,NA,NA,NA,28650,NA,NA,NA,NA,NA,NA,NA,NA,NA,64350,NA,NA,NA,NA,NA,NA,NA,NA,NA,NA,NA,NA,NA,NA,NA,NA,NA,NA,NA,0,NA,NA,NA,NA,0,NA,NA,NA,NA,46000,NA,NA,NA,NA
M19 [Other Items],19.12,ORS (New WHO),2. Stocks Received,0,NA,NA,NA,NA,0,NA,NA,NA,NA,NA,NA,NA,NA,NA,0,NA,NA,NA,NA,NA,NA,NA,NA,NA,0,NA,NA,NA,NA,NA,NA,NA,NA,NA,NA,NA,NA,NA,NA,NA,NA,NA,NA,NA,0,NA,NA,NA,NA,0,NA,NA,NA,NA,0,NA,NA,NA,NA
M19 [Other Items],19.12,ORS (New WHO),3. Unusable Stock,0,NA,NA,NA,NA,0,NA,NA,NA,NA,NA,NA,NA,NA,NA,0,NA,NA,NA,NA,NA,NA,NA,NA,NA,0,NA,NA,NA,NA,NA,NA,NA,NA,NA,NA,NA,NA,NA,NA,NA,NA,NA,NA,NA,0,NA,NA,NA,NA,0,NA,NA,NA,NA,0,NA,NA,NA,NA
M19 [Other Items],19.12,ORS (New WHO),4. Stock Distributed,16150,NA,NA,NA,NA,0,NA,NA,NA,NA,NA,NA,NA,NA,NA,13850,NA,NA,NA,NA,NA,NA,NA,NA,NA,2300,NA,NA,NA,NA,NA,NA,NA,NA,NA,NA,NA,NA,NA,NA,NA,NA,NA,NA,NA,0,NA,NA,NA,NA,0,NA,NA,NA,NA,0,NA,NA,NA,NA
M19 [Other Items],19.12,ORS (New WHO),5. Total Stock,122850,NA,NA,NA,NA,0,NA,NA,NA,NA,NA,NA,NA,NA,NA,14800,NA,NA,NA,NA,NA,NA,NA,NA,NA,62050,NA,NA,NA,NA,NA,NA,NA,NA,NA,NA,NA,NA,NA,NA,NA,NA,NA,NA,NA,0,NA,NA,NA,NA,0,NA,NA,NA,NA,46000,NA,NA,NA,NA
M19 [Other Items],19.13,RTI /STI colour coded syndromic kits ( I to VII),1. Balance From Previous Month,0,NA,NA,NA,NA,0,NA,NA,NA,NA,NA,NA,NA,NA,NA,NA,NA,NA,NA,NA,NA,NA,NA,NA,NA,0,NA,NA,NA,NA,NA,NA,NA,NA,NA,NA,NA,NA,NA,NA,NA,NA,NA,NA,NA,0,NA,NA,NA,NA,0,NA,NA,NA,NA,0,NA,NA,NA,NA
M19 [Other Items],19.13,RTI /STI colour coded syndromic kits ( I to VII),2. Stocks Received,0,NA,NA,NA,NA,0,NA,NA,NA,NA,NA,NA,NA,NA,NA,NA,NA,NA,NA,NA,NA,NA,NA,NA,NA,0,NA,NA,NA,NA,NA,NA,NA,NA,NA,NA,NA,NA,NA,NA,NA,NA,NA,NA,NA,0,NA,NA,NA,NA,0,NA,NA,NA,NA,0,NA,NA,NA,NA
M19 [Other Items],19.13,RTI /STI colour coded syndromic kits ( I to VII),3. Unusable Stock,0,NA,NA,NA,NA,0,NA,NA,NA,NA,NA,NA,NA,NA,NA,NA,NA,NA,NA,NA,NA,NA,NA,NA,NA,0,NA,NA,NA,NA,NA,NA,NA,NA,NA,NA,NA,NA,NA,NA,NA,NA,NA,NA,NA,0,NA,NA,NA,NA,0,NA,NA,NA,NA,0,NA,NA,NA,NA
M19 [Other Items],19.13,RTI /STI colour coded syndromic kits ( I to VII),4. Stock Distributed,0,NA,NA,NA,NA,0,NA,NA,NA,NA,NA,NA,NA,NA,NA,NA,NA,NA,NA,NA,NA,NA,NA,NA,NA,0,NA,NA,NA,NA,NA,NA,NA,NA,NA,NA,NA,NA,NA,NA,NA,NA,NA,NA,NA,0,NA,NA,NA,NA,0,NA,NA,NA,NA,0,NA,NA,NA,NA
M19 [Other Items],19.13,RTI /STI colour coded syndromic kits ( I to VII),5. Total Stock,0,NA,NA,NA,NA,0,NA,NA,NA,NA,NA,NA,NA,NA,NA,NA,NA,NA,NA,NA,NA,NA,NA,NA,NA,0,NA,NA,NA,NA,NA,NA,NA,NA,NA,NA,NA,NA,NA,NA,NA,NA,NA,NA,NA,0,NA,NA,NA,NA,0,NA,NA,NA,NA,0,NA,NA,NA,NA
M19 [Other Items],19.14,Zinc 20 mg tablet,1. Balance From Previous Month,88568,NA,NA,NA,NA,0,NA,NA,NA,NA,NA,NA,NA,NA,NA,77798,NA,NA,NA,NA,NA,NA,NA,NA,NA,0,NA,NA,NA,NA,NA,NA,NA,NA,NA,NA,NA,NA,NA,NA,NA,NA,NA,NA,NA,0,NA,NA,NA,NA,0,NA,NA,NA,NA,10770,NA,NA,NA,NA
M19 [Other Items],19.14,Zinc 20 mg tablet,2. Stocks Received,0,NA,NA,NA,NA,0,NA,NA,NA,NA,NA,NA,NA,NA,NA,0,NA,NA,NA,NA,NA,NA,NA,NA,NA,0,NA,NA,NA,NA,NA,NA,NA,NA,NA,NA,NA,NA,NA,NA,NA,NA,NA,NA,NA,0,NA,NA,NA,NA,0,NA,NA,NA,NA,0,NA,NA,NA,NA
M19 [Other Items],19.14,Zinc 20 mg tablet,3. Unusable Stock,0,NA,NA,NA,NA,0,NA,NA,NA,NA,NA,NA,NA,NA,NA,0,NA,NA,NA,NA,NA,NA,NA,NA,NA,0,NA,NA,NA,NA,NA,NA,NA,NA,NA,NA,NA,NA,NA,NA,NA,NA,NA,NA,NA,0,NA,NA,NA,NA,0,NA,NA,NA,NA,0,NA,NA,NA,NA
M19 [Other Items],19.14,Zinc 20 mg tablet,4. Stock Distributed,60900,NA,NA,NA,NA,0,NA,NA,NA,NA,NA,NA,NA,NA,NA,60900,NA,NA,NA,NA,NA,NA,NA,NA,NA,0,NA,NA,NA,NA,NA,NA,NA,NA,NA,NA,NA,NA,NA,NA,NA,NA,NA,NA,NA,0,NA,NA,NA,NA,0,NA,NA,NA,NA,0,NA,NA,NA,NA
M19 [Other Items],19.14,Zinc 20 mg tablet,5. Total Stock,27668,NA,NA,NA,NA,0,NA,NA,NA,NA,NA,NA,NA,NA,NA,16898,NA,NA,NA,NA,NA,NA,NA,NA,NA,0,NA,NA,NA,NA,NA,NA,NA,NA,NA,NA,NA,NA,NA,NA,NA,NA,NA,NA,NA,0,NA,NA,NA,NA,0,NA,NA,NA,NA,10770,NA,NA,NA,NA
M19 [Other Items],19.15,Albendazole 400 mg tablet,1. Balance From Previous Month,0,NA,NA,NA,NA,0,NA,NA,NA,NA,NA,NA,NA,NA,NA,0,NA,NA,NA,NA,NA,NA,NA,NA,NA,0,NA,NA,NA,NA,NA,NA,NA,NA,NA,NA,NA,NA,NA,NA,NA,NA,NA,NA,NA,0,NA,NA,NA,NA,0,NA,NA,NA,NA,0,NA,NA,NA,NA
M19 [Other Items],19.15,Albendazole 400 mg tablet,2. Stocks Received,0,NA,NA,NA,NA,0,NA,NA,NA,NA,NA,NA,NA,NA,NA,0,NA,NA,NA,NA,NA,NA,NA,NA,NA,0,NA,NA,NA,NA,NA,NA,NA,NA,NA,NA,NA,NA,NA,NA,NA,NA,NA,NA,NA,0,NA,NA,NA,NA,0,NA,NA,NA,NA,0,NA,NA,NA,NA
M19 [Other Items],19.15,Albendazole 400 mg tablet,3. Unusable Stock,0,NA,NA,NA,NA,0,NA,NA,NA,NA,NA,NA,NA,NA,NA,0,NA,NA,NA,NA,NA,NA,NA,NA,NA,0,NA,NA,NA,NA,NA,NA,NA,NA,NA,NA,NA,NA,NA,NA,NA,NA,NA,NA,NA,0,NA,NA,NA,NA,0,NA,NA,NA,NA,0,NA,NA,NA,NA
M19 [Other Items],19.15,Albendazole 400 mg tablet,4. Stock Distributed,0,NA,NA,NA,NA,0,NA,NA,NA,NA,NA,NA,NA,NA,NA,0,NA,NA,NA,NA,NA,NA,NA,NA,NA,0,NA,NA,NA,NA,NA,NA,NA,NA,NA,NA,NA,NA,NA,NA,NA,NA,NA,NA,NA,0,NA,NA,NA,NA,0,NA,NA,NA,NA,0,NA,NA,NA,NA
M19 [Other Items],19.15,Albendazole 400 mg tablet,5. Total Stock,0,NA,NA,NA,NA,0,NA,NA,NA,NA,NA,NA,NA,NA,NA,0,NA,NA,NA,NA,NA,NA,NA,NA,NA,0,NA,NA,NA,NA,NA,NA,NA,NA,NA,NA,NA,NA,NA,NA,NA,NA,NA,NA,NA,0,NA,NA,NA,NA,0,NA,NA,NA,NA,0,NA,NA,NA,NA
M19 [Other Items],19.16,Calcium Tablets,1. Balance From Previous Month,55500,NA,NA,NA,NA,0,NA,NA,NA,NA,NA,NA,NA,NA,NA,0,NA,NA,NA,NA,NA,NA,NA,NA,NA,55500,NA,NA,NA,NA,NA,NA,NA,NA,NA,NA,NA,NA,NA,NA,NA,NA,NA,NA,NA,0,NA,NA,NA,NA,0,NA,NA,NA,NA,0,NA,NA,NA,NA
M19 [Other Items],19.16,Calcium Tablets,2. Stocks Received,0,NA,NA,NA,NA,0,NA,NA,NA,NA,NA,NA,NA,NA,NA,0,NA,NA,NA,NA,NA,NA,NA,NA,NA,0,NA,NA,NA,NA,NA,NA,NA,NA,NA,NA,NA,NA,NA,NA,NA,NA,NA,NA,NA,0,NA,NA,NA,NA,0,NA,NA,NA,NA,0,NA,NA,NA,NA
M19 [Other Items],19.16,Calcium Tablets,3. Unusable Stock,0,NA,NA,NA,NA,0,NA,NA,NA,NA,NA,NA,NA,NA,NA,0,NA,NA,NA,NA,NA,NA,NA,NA,NA,0,NA,NA,NA,NA,NA,NA,NA,NA,NA,NA,NA,NA,NA,NA,NA,NA,NA,NA,NA,0,NA,NA,NA,NA,0,NA,NA,NA,NA,0,NA,NA,NA,NA
M19 [Other Items],19.16,Calcium Tablets,4. Stock Distributed,0,NA,NA,NA,NA,0,NA,NA,NA,NA,NA,NA,NA,NA,NA,0,NA,NA,NA,NA,NA,NA,NA,NA,NA,0,NA,NA,NA,NA,NA,NA,NA,NA,NA,NA,NA,NA,NA,NA,NA,NA,NA,NA,NA,0,NA,NA,NA,NA,0,NA,NA,NA,NA,0,NA,NA,NA,NA
M19 [Other Items],19.16,Calcium Tablets,5. Total Stock,55500,NA,NA,NA,NA,0,NA,NA,NA,NA,NA,NA,NA,NA,NA,0,NA,NA,NA,NA,NA,NA,NA,NA,NA,55500,NA,NA,NA,NA,NA,NA,NA,NA,NA,NA,NA,NA,NA,NA,NA,NA,NA,NA,NA,0,NA,NA,NA,NA,0,NA,NA,NA,NA,0,NA,NA,NA,NA
M20 [Syringes],20.1,Syringes - 0.1 ml (AD),1. Balance From Previous Month,26018,NA,NA,NA,NA,1500,NA,NA,NA,NA,NA,NA,NA,NA,NA,2940,NA,NA,NA,NA,NA,NA,NA,NA,NA,7850,NA,NA,NA,NA,2200,NA,NA,NA,NA,115,NA,NA,NA,NA,NA,NA,NA,NA,NA,3203,NA,NA,NA,NA,6560,NA,NA,NA,NA,1650,NA,NA,NA,NA
M20 [Syringes],20.1,Syringes - 0.1 ml (AD),2. Stocks Received,27150,NA,NA,NA,NA,6000,NA,NA,NA,NA,650,NA,NA,NA,NA,3300,NA,NA,NA,NA,NA,NA,NA,NA,NA,0,NA,NA,NA,NA,NA,NA,NA,NA,NA,4000,NA,NA,NA,NA,NA,NA,NA,NA,NA,6600,NA,NA,NA,NA,0,NA,NA,NA,NA,6600,NA,NA,NA,NA
M20 [Syringes],20.1,Syringes - 0.1 ml (AD),3. Unusable Stock,0,NA,NA,NA,NA,0,NA,NA,NA,NA,NA,NA,NA,NA,NA,0,NA,NA,NA,NA,NA,NA,NA,NA,NA,0,NA,NA,NA,NA,NA,NA,NA,NA,NA,0,NA,NA,NA,NA,NA,NA,NA,NA,NA,0,NA,NA,NA,NA,0,NA,NA,NA,NA,0,NA,NA,NA,NA
M20 [Syringes],20.1,Syringes - 0.1 ml (AD),4. Stock Distributed,13517,NA,NA,NA,NA,950,NA,NA,NA,NA,650,NA,NA,NA,NA,2800,NA,NA,NA,NA,NA,NA,NA,NA,NA,800,NA,NA,NA,NA,750,NA,NA,NA,NA,1690,NA,NA,NA,NA,NA,NA,NA,NA,NA,2405,NA,NA,NA,NA,1822,NA,NA,NA,NA,1650,NA,NA,NA,NA
M20 [Syringes],20.1,Syringes - 0.1 ml (AD),5. Total Stock,39651,NA,NA,NA,NA,6550,NA,NA,NA,NA,0,NA,NA,NA,NA,3440,NA,NA,NA,NA,NA,NA,NA,NA,NA,7050,NA,NA,NA,NA,1450,NA,NA,NA,NA,2425,NA,NA,NA,NA,0,NA,NA,NA,NA,7398,NA,NA,NA,NA,4738,NA,NA,NA,NA,6600,NA,NA,NA,NA
M20 [Syringes],20.2,Syringes - 0.5 ml (AD),1. Balance From Previous Month,121681,NA,NA,NA,NA,5070,NA,NA,NA,NA,NA,NA,NA,NA,NA,23700,NA,NA,NA,NA,NA,NA,NA,NA,NA,14600,NA,NA,NA,NA,5300,NA,NA,NA,NA,350,NA,NA,NA,NA,NA,NA,NA,NA,NA,26760,NA,NA,NA,NA,16468,NA,NA,NA,NA,29433,NA,NA,NA,NA
M20 [Syringes],20.2,Syringes - 0.5 ml (AD),2. Stocks Received,48700,NA,NA,NA,NA,9000,NA,NA,NA,NA,3000,NA,NA,NA,NA,6000,NA,NA,NA,NA,NA,NA,NA,NA,NA,0,NA,NA,NA,NA,NA,NA,NA,NA,NA,6600,NA,NA,NA,NA,NA,NA,NA,NA,NA,6100,NA,NA,NA,NA,0,NA,NA,NA,NA,18000,NA,NA,NA,NA
M20 [Syringes],20.2,Syringes - 0.5 ml (AD),3. Unusable Stock,0,NA,NA,NA,NA,0,NA,NA,NA,NA,NA,NA,NA,NA,NA,0,NA,NA,NA,NA,NA,NA,NA,NA,NA,0,NA,NA,NA,NA,NA,NA,NA,NA,NA,0,NA,NA,NA,NA,NA,NA,NA,NA,NA,0,NA,NA,NA,NA,0,NA,NA,NA,NA,0,NA,NA,NA,NA
M20 [Syringes],20.2,Syringes - 0.5 ml (AD),4. Stock Distributed,55450,NA,NA,NA,NA,4400,NA,NA,NA,NA,3000,NA,NA,NA,NA,14200,NA,NA,NA,NA,NA,NA,NA,NA,NA,3800,NA,NA,NA,NA,1400,NA,NA,NA,NA,3550,NA,NA,NA,NA,NA,NA,NA,NA,NA,6500,NA,NA,NA,NA,9800,NA,NA,NA,NA,8800,NA,NA,NA,NA
M20 [Syringes],20.2,Syringes - 0.5 ml (AD),5. Total Stock,114931,NA,NA,NA,NA,9670,NA,NA,NA,NA,0,NA,NA,NA,NA,15500,NA,NA,NA,NA,NA,NA,NA,NA,NA,10800,NA,NA,NA,NA,3900,NA,NA,NA,NA,3400,NA,NA,NA,NA,0,NA,NA,NA,NA,26360,NA,NA,NA,NA,6668,NA,NA,NA,NA,38633,NA,NA,NA,NA
M20 [Syringes],20.3,Syringes - 5.0 ml (Disposable),1. Balance From Previous Month,25112,NA,NA,NA,NA,10265,NA,NA,NA,NA,NA,NA,NA,NA,NA,1558,NA,NA,NA,NA,NA,NA,NA,NA,NA,1600,NA,NA,NA,NA,2290,NA,NA,NA,NA,51,NA,NA,NA,NA,NA,NA,NA,NA,NA,2419,NA,NA,NA,NA,2832,NA,NA,NA,NA,4097,NA,NA,NA,NA
M20 [Syringes],20.3,Syringes - 5.0 ml (Disposable),2. Stocks Received,3360,NA,NA,NA,NA,0,NA,NA,NA,NA,260,NA,NA,NA,NA,0,NA,NA,NA,NA,NA,NA,NA,NA,NA,0,NA,NA,NA,NA,NA,NA,NA,NA,NA,600,NA,NA,NA,NA,NA,NA,NA,NA,NA,0,NA,NA,NA,NA,0,NA,NA,NA,NA,2500,NA,NA,NA,NA
M20 [Syringes],20.3,Syringes - 5.0 ml (Disposable),3. Unusable Stock,0,NA,NA,NA,NA,0,NA,NA,NA,NA,NA,NA,NA,NA,NA,0,NA,NA,NA,NA,NA,NA,NA,NA,NA,0,NA,NA,NA,NA,NA,NA,NA,NA,NA,0,NA,NA,NA,NA,NA,NA,NA,NA,NA,0,NA,NA,NA,NA,0,NA,NA,NA,NA,0,NA,NA,NA,NA
M20 [Syringes],20.3,Syringes - 5.0 ml (Disposable),4. Stock Distributed,4624,NA,NA,NA,NA,950,NA,NA,NA,NA,260,NA,NA,NA,NA,500,NA,NA,NA,NA,NA,NA,NA,NA,NA,100,NA,NA,NA,NA,150,NA,NA,NA,NA,349,NA,NA,NA,NA,NA,NA,NA,NA,NA,191,NA,NA,NA,NA,824,NA,NA,NA,NA,1300,NA,NA,NA,NA
M20 [Syringes],20.3,Syringes - 5.0 ml (Disposable),5. Total Stock,23848,NA,NA,NA,NA,9315,NA,NA,NA,NA,0,NA,NA,NA,NA,1058,NA,NA,NA,NA,NA,NA,NA,NA,NA,1500,NA,NA,NA,NA,2140,NA,NA,NA,NA,302,NA,NA,NA,NA,0,NA,NA,NA,NA,2228,NA,NA,NA,NA,2008,NA,NA,NA,NA,5297,NA,NA,NA,NA
M21 [Rashtriya Bal Swasthaya Karyakram (RBSK)],21.1,Number of newborn screened for defects at birth (as per RBSK),TOTAL,1686,NA,NA,NA,NA,3,NA,NA,NA,NA,13,NA,NA,NA,NA,727,NA,NA,NA,NA,NA,NA,NA,NA,NA,526,NA,NA,NA,NA,26,NA,NA,NA,NA,220,NA,NA,NA,NA,135,NA,NA,NA,NA,0,NA,NA,NA,NA,7,NA,NA,NA,NA,29,NA,NA,NA,NA
M21 [Rashtriya Bal Swasthaya Karyakram (RBSK)],21.2,Number of children (6 month to 6 years) screened by RBSK mobile health teams at Anganwadi center,TOTAL,21443,NA,NA,NA,NA,1679,NA,NA,NA,NA,3130,NA,NA,NA,NA,2051,NA,NA,NA,NA,NA,NA,NA,NA,NA,1593,NA,NA,NA,NA,0,NA,NA,NA,NA,0,NA,NA,NA,NA,2222,NA,NA,NA,NA,361,NA,NA,NA,NA,7082,NA,NA,NA,NA,3325,NA,NA,NA,NA
M21 [Rashtriya Bal Swasthaya Karyakram (RBSK)],21.3,Number of children (6 years to 18 years) screened by RBSK mobile health teams at Govt and Govt aided schools,TOTAL,59611,NA,NA,NA,NA,5753,NA,NA,NA,NA,4652,NA,NA,NA,NA,8679,NA,NA,NA,NA,NA,NA,NA,NA,NA,3852,NA,NA,NA,NA,4448,NA,NA,NA,NA,4654,NA,NA,NA,NA,3134,NA,NA,NA,NA,6918,NA,NA,NA,NA,11834,NA,NA,NA,NA,5687,NA,NA,NA,NA
M21 [Rashtriya Bal Swasthaya Karyakram (RBSK)],21.4.1.a,Number of Male children identified with Disease,TOTAL,1779,NA,NA,NA,NA,342,NA,NA,NA,NA,169,NA,NA,NA,NA,248,NA,NA,NA,NA,NA,NA,NA,NA,NA,16,NA,NA,NA,NA,98,NA,NA,NA,NA,207,NA,NA,NA,NA,40,NA,NA,NA,NA,141,NA,NA,NA,NA,399,NA,NA,NA,NA,119,NA,NA,NA,NA
M21 [Rashtriya Bal Swasthaya Karyakram (RBSK)],21.4.1.b,Number of Female children identified with Disease,TOTAL,1769,NA,NA,NA,NA,265,NA,NA,NA,NA,160,NA,NA,NA,NA,227,NA,NA,NA,NA,NA,NA,NA,NA,NA,23,NA,NA,NA,NA,73,NA,NA,NA,NA,203,NA,NA,NA,NA,36,NA,NA,NA,NA,148,NA,NA,NA,NA,499,NA,NA,NA,NA,135,NA,NA,NA,NA
M21 [Rashtriya Bal Swasthaya Karyakram (RBSK)],21.4.2.a,Number of Male children identified with Deficiency,TOTAL,176,NA,NA,NA,NA,16,NA,NA,NA,NA,22,NA,NA,NA,NA,29,NA,NA,NA,NA,NA,NA,NA,NA,NA,7,NA,NA,NA,NA,4,NA,NA,NA,NA,2,NA,NA,NA,NA,3,NA,NA,NA,NA,6,NA,NA,NA,NA,61,NA,NA,NA,NA,26,NA,NA,NA,NA
M21 [Rashtriya Bal Swasthaya Karyakram (RBSK)],21.4.2.b,Number of Female children identified with Deficiency,TOTAL,140,NA,NA,NA,NA,10,NA,NA,NA,NA,18,NA,NA,NA,NA,25,NA,NA,NA,NA,NA,NA,NA,NA,NA,8,NA,NA,NA,NA,6,NA,NA,NA,NA,2,NA,NA,NA,NA,3,NA,NA,NA,NA,5,NA,NA,NA,NA,56,NA,NA,NA,NA,7,NA,NA,NA,NA
M21 [Rashtriya Bal Swasthaya Karyakram (RBSK)],21.4.3.a,Number of Male children identified with Developmental delay,TOTAL,220,NA,NA,NA,NA,31,NA,NA,NA,NA,11,NA,NA,NA,NA,82,NA,NA,NA,NA,NA,NA,NA,NA,NA,10,NA,NA,NA,NA,1,NA,NA,NA,NA,4,NA,NA,NA,NA,3,NA,NA,NA,NA,56,NA,NA,NA,NA,9,NA,NA,NA,NA,13,NA,NA,NA,NA
M21 [Rashtriya Bal Swasthaya Karyakram (RBSK)],21.4.3.b,Number of Female children identified with Developmental delay,TOTAL,239,NA,NA,NA,NA,34,NA,NA,NA,NA,15,NA,NA,NA,NA,97,NA,NA,NA,NA,NA,NA,NA,NA,NA,14,NA,NA,NA,NA,1,NA,NA,NA,NA,1,NA,NA,NA,NA,2,NA,NA,NA,NA,53,NA,NA,NA,NA,12,NA,NA,NA,NA,10,NA,NA,NA,NA
M21 [Rashtriya Bal Swasthaya Karyakram (RBSK)],21.5.1,Number of Children Managed by Intervention - Medical,TOTAL,2830,NA,NA,NA,NA,615,NA,NA,NA,NA,189,NA,NA,NA,NA,699,NA,NA,NA,NA,NA,NA,NA,NA,NA,35,NA,NA,NA,NA,81,NA,NA,NA,NA,25,NA,NA,NA,NA,48,NA,NA,NA,NA,195,NA,NA,NA,NA,792,NA,NA,NA,NA,151,NA,NA,NA,NA
M21 [Rashtriya Bal Swasthaya Karyakram (RBSK)],21.5.2,Number of Children Managed by Intervention - Surgical,TOTAL,70,NA,NA,NA,NA,56,NA,NA,NA,NA,2,NA,NA,NA,NA,5,NA,NA,NA,NA,NA,NA,NA,NA,NA,5,NA,NA,NA,NA,NA,NA,NA,NA,NA,0,NA,NA,NA,NA,0,NA,NA,NA,NA,1,NA,NA,NA,NA,1,NA,NA,NA,NA,0,NA,NA,NA,NA
M21 [Rashtriya Bal Swasthaya Karyakram (RBSK)],21.5.3,Early intervention at DEIC ( District Early Intervention Centre),TOTAL,128,NA,NA,NA,NA,0,NA,NA,NA,NA,0,NA,NA,NA,NA,73,NA,NA,NA,NA,NA,NA,NA,NA,NA,20,NA,NA,NA,NA,NA,NA,NA,NA,NA,0,NA,NA,NA,NA,6,NA,NA,NA,NA,11,NA,NA,NA,NA,18,NA,NA,NA,NA,0,NA,NA,NA,NA
M22 [Adolscent Health],22.1.1.a,Girls (6th -12th class) provided 4 IFA tablets in schools,TOTAL,15350,NA,NA,NA,NA,3817,NA,NA,NA,NA,0,NA,NA,NA,NA,0,NA,NA,NA,NA,NA,NA,NA,NA,NA,1407,NA,NA,NA,NA,NA,NA,NA,NA,NA,8133,NA,NA,NA,NA,NA,NA,NA,NA,NA,0,NA,NA,NA,NA,1068,NA,NA,NA,NA,925,NA,NA,NA,NA
M22 [Adolscent Health],22.1.1.b,Boys (6th -12th class) provided 4 IFA tablets in schools,TOTAL,15138,NA,NA,NA,NA,3997,NA,NA,NA,NA,0,NA,NA,NA,NA,0,NA,NA,NA,NA,NA,NA,NA,NA,NA,1241,NA,NA,NA,NA,NA,NA,NA,NA,NA,8361,NA,NA,NA,NA,NA,NA,NA,NA,NA,0,NA,NA,NA,NA,789,NA,NA,NA,NA,750,NA,NA,NA,NA
M22 [Adolscent Health],22.1.2.a,Girls (6th -12th class) provided albendazole in schools,TOTAL,0,NA,NA,NA,NA,0,NA,NA,NA,NA,0,NA,NA,NA,NA,0,NA,NA,NA,NA,NA,NA,NA,NA,NA,0,NA,NA,NA,NA,NA,NA,NA,NA,NA,0,NA,NA,NA,NA,NA,NA,NA,NA,NA,0,NA,NA,NA,NA,0,NA,NA,NA,NA,NA,NA,NA,NA,NA
M22 [Adolscent Health],22.1.2.b,Boys (6th -12th class) provided albendazole in schools,TOTAL,0,NA,NA,NA,NA,0,NA,NA,NA,NA,0,NA,NA,NA,NA,0,NA,NA,NA,NA,NA,NA,NA,NA,NA,0,NA,NA,NA,NA,NA,NA,NA,NA,NA,0,NA,NA,NA,NA,NA,NA,NA,NA,NA,0,NA,NA,NA,NA,0,NA,NA,NA,NA,NA,NA,NA,NA,NA
M22 [Adolscent Health],22.1.3,Number of out of school adolscent girls (10-19 years) provided 4 IFA tablets at Anganwadi Centres,TOTAL,3004,NA,NA,NA,NA,0,NA,NA,NA,NA,832,NA,NA,NA,NA,0,NA,NA,NA,NA,NA,NA,NA,NA,NA,258,NA,NA,NA,NA,NA,NA,NA,NA,NA,304,NA,NA,NA,NA,NA,NA,NA,NA,NA,0,NA,NA,NA,NA,1610,NA,NA,NA,NA,0,NA,NA,NA,NA
M22 [Adolscent Health],22.1.4,Number of out of school adolscent girls (10-19 years) provided albendazole at Anganwadi Centres,TOTAL,258,NA,NA,NA,NA,0,NA,NA,NA,NA,0,NA,NA,NA,NA,0,NA,NA,NA,NA,NA,NA,NA,NA,NA,258,NA,NA,NA,NA,NA,NA,NA,NA,NA,0,NA,NA,NA,NA,NA,NA,NA,NA,NA,0,NA,NA,NA,NA,0,NA,NA,NA,NA,NA,NA,NA,NA,NA
M22 [Adolscent Health],22.2.1,Number of adolescent girls provided sanitary napkin packs,TOTAL,0,NA,NA,NA,NA,0,NA,NA,NA,NA,NA,NA,NA,NA,NA,NA,NA,NA,NA,NA,NA,NA,NA,NA,NA,NA,NA,NA,NA,NA,NA,NA,NA,NA,NA,NA,NA,NA,NA,NA,NA,NA,NA,NA,NA,NA,NA,NA,NA,NA,0,NA,NA,NA,NA,NA,NA,NA,NA,NA
M22 [Adolscent Health],22.2.2,Number of sanitary napkin packs sold to adolescent girls,TOTAL,0,NA,NA,NA,NA,0,NA,NA,NA,NA,NA,NA,NA,NA,NA,NA,NA,NA,NA,NA,NA,NA,NA,NA,NA,NA,NA,NA,NA,NA,NA,NA,NA,NA,NA,NA,NA,NA,NA,NA,NA,NA,NA,NA,NA,NA,NA,NA,NA,NA,0,NA,NA,NA,NA,NA,NA,NA,NA,NA
M22 [Adolscent Health],22.2.3,Number of sanitary napkin packs distributed free to ASHA,TOTAL,0,NA,NA,NA,NA,0,NA,NA,NA,NA,NA,NA,NA,NA,NA,NA,NA,NA,NA,NA,NA,NA,NA,NA,NA,NA,NA,NA,NA,NA,NA,NA,NA,NA,NA,NA,NA,NA,NA,NA,NA,NA,NA,NA,NA,NA,NA,NA,NA,NA,0,NA,NA,NA,NA,NA,NA,NA,NA,NA
M22 [Adolscent Health],22.2.4,Number of adolescent girls attended monthly meeting,TOTAL,0,NA,NA,NA,NA,0,NA,NA,NA,NA,NA,NA,NA,NA,NA,NA,NA,NA,NA,NA,NA,NA,NA,NA,NA,NA,NA,NA,NA,NA,NA,NA,NA,NA,NA,NA,NA,NA,NA,NA,NA,NA,NA,NA,NA,NA,NA,NA,NA,NA,0,NA,NA,NA,NA,NA,NA,NA,NA,NA
M23 [Coverage under WIFS JUNIOR (Weekly Iron Folic Acid Supplementation Programme for children 6 - 1,23.1,Number of children covered under WIFS JUNIOR (6 - 10 years ) provided 4-5 IFA tablets in schools,TOTAL,0,NA,NA,NA,NA,0,NA,NA,NA,NA,NA,NA,NA,NA,NA,NA,NA,NA,NA,NA,NA,NA,NA,NA,NA,NA,NA,NA,NA,NA,NA,NA,NA,NA,NA,NA,NA,NA,NA,NA,NA,NA,NA,NA,NA,0,NA,NA,NA,NA,0,NA,NA,NA,NA,NA,NA,NA,NA,NA
M23 [Coverage under WIFS JUNIOR (Weekly Iron Folic Acid Supplementation Programme for children 6 - 1,23.2,Number of children (6 - 10 years) provided albendazole in schools,TOTAL,0,NA,NA,NA,NA,0,NA,NA,NA,NA,NA,NA,NA,NA,NA,NA,NA,NA,NA,NA,NA,NA,NA,NA,NA,NA,NA,NA,NA,NA,NA,NA,NA,NA,NA,NA,NA,NA,NA,NA,NA,NA,NA,NA,NA,0,NA,NA,NA,NA,0,NA,NA,NA,NA,NA,NA,NA,NA,NA
M23 [Coverage under WIFS JUNIOR (Weekly Iron Folic Acid Supplementation Programme for children 6 - 1,23.3,Number of out of school children (6-10 years) given 4-5 IFA tablets at Anganwadi Centres,TOTAL,0,NA,NA,NA,NA,0,NA,NA,NA,NA,NA,NA,NA,NA,NA,NA,NA,NA,NA,NA,NA,NA,NA,NA,NA,NA,NA,NA,NA,NA,NA,NA,NA,NA,NA,NA,NA,NA,NA,NA,NA,NA,NA,NA,NA,0,NA,NA,NA,NA,0,NA,NA,NA,NA,NA,NA,NA,NA,NA
M23 [Coverage under WIFS JUNIOR (Weekly Iron Folic Acid Supplementation Programme for children 6 - 1,23.4,Number of out of school children (6-10 years) provided albendazole at Anganwadi Centres,TOTAL,0,NA,NA,NA,NA,0,NA,NA,NA,NA,NA,NA,NA,NA,NA,NA,NA,NA,NA,NA,NA,NA,NA,NA,NA,NA,NA,NA,NA,NA,NA,NA,NA,NA,NA,NA,NA,NA,NA,NA,NA,NA,NA,NA,NA,0,NA,NA,NA,NA,0,NA,NA,NA,NA,NA,NA,NA,NA,NA
M24 [Maternal Death Reviews (MDR) Done],24.1,Total Maternal Deaths Reviewed (MDR) by CMO,TOTAL,12,NA,NA,NA,NA,0,NA,NA,NA,NA,NA,NA,NA,NA,NA,0,NA,NA,NA,NA,NA,NA,NA,NA,NA,0,NA,NA,NA,NA,NA,NA,NA,NA,NA,5,NA,NA,NA,NA,0,NA,NA,NA,NA,0,NA,NA,NA,NA,7,NA,NA,NA,NA,0,NA,NA,NA,NA
M24 [Maternal Death Reviews (MDR) Done],24.2,Total Maternal Deaths Reviewed (MDR) by DM,TOTAL,0,NA,NA,NA,NA,0,NA,NA,NA,NA,NA,NA,NA,NA,NA,0,NA,NA,NA,NA,NA,NA,NA,NA,NA,0,NA,NA,NA,NA,NA,NA,NA,NA,NA,0,NA,NA,NA,NA,0,NA,NA,NA,NA,0,NA,NA,NA,NA,0,NA,NA,NA,NA,0,NA,NA,NA,NA
M24 [Maternal Death Reviews (MDR) Done],24.3,Number of maternal deaths reported through Community based Maternal Death Review (CBMDR),TOTAL,1,NA,NA,NA,NA,NA,NA,NA,NA,NA,NA,NA,NA,NA,NA,0,NA,NA,NA,NA,NA,NA,NA,NA,NA,0,NA,NA,NA,NA,NA,NA,NA,NA,NA,0,NA,NA,NA,NA,0,NA,NA,NA,NA,0,NA,NA,NA,NA,1,NA,NA,NA,NA,0,NA,NA,NA,NA
M25 [Janani Shishu Suraksha Karyakram (JSSK)],25.1.1,Number of Pregnant Women provided - Free Medicines under JSSK,TOTAL,5498,NA,NA,NA,NA,140,NA,NA,NA,NA,0,NA,NA,NA,NA,2611,NA,NA,NA,NA,NA,NA,NA,NA,NA,1509,NA,NA,NA,NA,23,NA,NA,NA,NA,133,NA,NA,NA,NA,0,NA,NA,NA,NA,235,NA,NA,NA,NA,396,NA,NA,NA,NA,451,NA,NA,NA,NA
M25 [Janani Shishu Suraksha Karyakram (JSSK)],25.1.2,Number of Pregnant Women provided - Free Diet under JSSK,TOTAL,2559,NA,NA,NA,NA,135,NA,NA,NA,NA,7,NA,NA,NA,NA,1095,NA,NA,NA,NA,NA,NA,NA,NA,NA,191,NA,NA,NA,NA,23,NA,NA,NA,NA,147,NA,NA,NA,NA,36,NA,NA,NA,NA,259,NA,NA,NA,NA,381,NA,NA,NA,NA,285,NA,NA,NA,NA
M25 [Janani Shishu Suraksha Karyakram (JSSK)],25.1.3,Number of Pregnant Women provided - Free Diagnostics under JSSK,TOTAL,8200,NA,NA,NA,NA,101,NA,NA,NA,NA,99,NA,NA,NA,NA,2463,NA,NA,NA,NA,NA,NA,NA,NA,NA,1841,NA,NA,NA,NA,23,NA,NA,NA,NA,113,NA,NA,NA,NA,2167,NA,NA,NA,NA,280,NA,NA,NA,NA,396,NA,NA,NA,NA,717,NA,NA,NA,NA
M25 [Janani Shishu Suraksha Karyakram (JSSK)],25.1.4,Number of Pregnant Women provided - Free Home to facility transport under JSSK,TOTAL,1095,NA,NA,NA,NA,29,NA,NA,NA,NA,1,NA,NA,NA,NA,151,NA,NA,NA,NA,NA,NA,NA,NA,NA,456,NA,NA,NA,NA,20,NA,NA,NA,NA,71,NA,NA,NA,NA,175,NA,NA,NA,NA,119,NA,NA,NA,NA,58,NA,NA,NA,NA,15,NA,NA,NA,NA
M25 [Janani Shishu Suraksha Karyakram (JSSK)],25.1.5,Number of Pregnant Women provided - Interfacility transfers when needed under JSSK,TOTAL,393,NA,NA,NA,NA,12,NA,NA,NA,NA,0,NA,NA,NA,NA,122,NA,NA,NA,NA,NA,NA,NA,NA,NA,143,NA,NA,NA,NA,7,NA,NA,NA,NA,29,NA,NA,NA,NA,16,NA,NA,NA,NA,21,NA,NA,NA,NA,0,NA,NA,NA,NA,43,NA,NA,NA,NA
M25 [Janani Shishu Suraksha Karyakram (JSSK)],25.1.6,Number of Pregnant Women provided - Free Drop Back home under JSSK,TOTAL,1311,NA,NA,NA,NA,54,NA,NA,NA,NA,7,NA,NA,NA,NA,438,NA,NA,NA,NA,NA,NA,NA,NA,NA,333,NA,NA,NA,NA,14,NA,NA,NA,NA,91,NA,NA,NA,NA,162,NA,NA,NA,NA,120,NA,NA,NA,NA,75,NA,NA,NA,NA,17,NA,NA,NA,NA
M25 [Janani Shishu Suraksha Karyakram (JSSK)],25.2.1,Number of sick infants provided - Free Medicines under JSSK,TOTAL,741,NA,NA,NA,NA,1,NA,NA,NA,NA,0,NA,NA,NA,NA,178,NA,NA,NA,NA,NA,NA,NA,NA,NA,505,NA,NA,NA,NA,0,NA,NA,NA,NA,0,NA,NA,NA,NA,0,NA,NA,NA,NA,8,NA,NA,NA,NA,31,NA,NA,NA,NA,18,NA,NA,NA,NA
M25 [Janani Shishu Suraksha Karyakram (JSSK)],25.2.2,Number of sick infants provided - Free Diagnostics under JSSK,TOTAL,816,NA,NA,NA,NA,0,NA,NA,NA,NA,0,NA,NA,NA,NA,513,NA,NA,NA,NA,NA,NA,NA,NA,NA,246,NA,NA,NA,NA,0,NA,NA,NA,NA,0,NA,NA,NA,NA,0,NA,NA,NA,NA,8,NA,NA,NA,NA,31,NA,NA,NA,NA,18,NA,NA,NA,NA
M25 [Janani Shishu Suraksha Karyakram (JSSK)],25.2.3,Number of sick infants provided - Free Home to facility transport under JSSK,TOTAL,177,NA,NA,NA,NA,8,NA,NA,NA,NA,0,NA,NA,NA,NA,9,NA,NA,NA,NA,NA,NA,NA,NA,NA,103,NA,NA,NA,NA,0,NA,NA,NA,NA,13,NA,NA,NA,NA,1,NA,NA,NA,NA,0,NA,NA,NA,NA,43,NA,NA,NA,NA,0,NA,NA,NA,NA
M25 [Janani Shishu Suraksha Karyakram (JSSK)],25.2.4,Number of sick infants provided - Interfacility transfers when needed under JSSK,TOTAL,51,NA,NA,NA,NA,1,NA,NA,NA,NA,0,NA,NA,NA,NA,19,NA,NA,NA,NA,NA,NA,NA,NA,NA,16,NA,NA,NA,NA,0,NA,NA,NA,NA,2,NA,NA,NA,NA,4,NA,NA,NA,NA,1,NA,NA,NA,NA,0,NA,NA,NA,NA,8,NA,NA,NA,NA
M25 [Janani Shishu Suraksha Karyakram (JSSK)],25.2.5,Number of sick infants provided - Free Drop Back home under JSSK,TOTAL,237,NA,NA,NA,NA,8,NA,NA,NA,NA,0,NA,NA,NA,NA,98,NA,NA,NA,NA,NA,NA,NA,NA,NA,88,NA,NA,NA,NA,0,NA,NA,NA,NA,12,NA,NA,NA,NA,0,NA,NA,NA,NA,0,NA,NA,NA,NA,31,NA,NA,NA,NA,0,NA,NA,NA,NA
