Indicator,S.No.,Parameters,Type,District - _Assam - Total [(A+B) or (C+D)],District - _Assam - Public [A],District - _Assam - Private [B],District - _Assam - Urban [C],District - _Assam - Rural [D],District - Baksa - Total [(A+B) or (C+D)],District - Baksa - Public [A],District - Baksa - Private [B],District - Baksa - Urban [C],District - Baksa - Rural [D],District - Barpeta - Total [(A+B) or (C+D)],District - Barpeta - Public [A],District - Barpeta - Private [B],District - Barpeta - Urban [C],District - Barpeta - Rural [D],District - Bongaigaon - Total [(A+B) or (C+D)],District - Bongaigaon - Public [A],District - Bongaigaon - Private [B],District - Bongaigaon - Urban [C],District - Bongaigaon - Rural [D],District - Cachar - Total [(A+B) or (C+D)],District - Cachar - Public [A],District - Cachar - Private [B],District - Cachar - Urban [C],District - Cachar - Rural [D],District - Chirang - Total [(A+B) or (C+D)],District - Chirang - Public [A],District - Chirang - Private [B],District - Chirang - Urban [C],District - Chirang - Rural [D],District - Darrang - Total [(A+B) or (C+D)],District - Darrang - Public [A],District - Darrang - Private [B],District - Darrang - Urban [C],District - Darrang - Rural [D],District - Dhemaji - Total [(A+B) or (C+D)],District - Dhemaji - Public [A],District - Dhemaji - Private [B],District - Dhemaji - Urban [C],District - Dhemaji - Rural [D],District - Dhubri - Total [(A+B) or (C+D)],District - Dhubri - Public [A],District - Dhubri - Private [B],District - Dhubri - Urban [C],District - Dhubri - Rural [D],District - Dibrugarh - Total [(A+B) or (C+D)],District - Dibrugarh - Public [A],District - Dibrugarh - Private [B],District - Dibrugarh - Urban [C],District - Dibrugarh - Rural [D],District - Dima Hasao - Total [(A+B) or (C+D)],District - Dima Hasao - Public [A],District - Dima Hasao - Private [B],District - Dima Hasao - Urban [C],District - Dima Hasao - Rural [D],District - Goalpara - Total [(A+B) or (C+D)],District - Goalpara - Public [A],District - Goalpara - Private [B],District - Goalpara - Urban [C],District - Goalpara - Rural [D],District - Golaghat - Total [(A+B) or (C+D)],District - Golaghat - Public [A],District - Golaghat - Private [B],District - Golaghat - Urban [C],District - Golaghat - Rural [D],District - Hailakandi - Total [(A+B) or (C+D)],District - Hailakandi - Public [A],District - Hailakandi - Private [B],District - Hailakandi - Urban [C],District - Hailakandi - Rural [D],District - Jorhat - Total [(A+B) or (C+D)],District - Jorhat - Public [A],District - Jorhat - Private [B],District - Jorhat - Urban [C],District - Jorhat - Rural [D],District - Kamrup M - Total [(A+B) or (C+D)],District - Kamrup M - Public [A],District - Kamrup M - Private [B],District - Kamrup M - Urban [C],District - Kamrup M - Rural [D],District - Kamrup R - Total [(A+B) or (C+D)],District - Kamrup R - Public [A],District - Kamrup R - Private [B],District - Kamrup R - Urban [C],District - Kamrup R - Rural [D],District - Karbi Anglong - Total [(A+B) or (C+D)],District - Karbi Anglong - Public [A],District - Karbi Anglong - Private [B],District - Karbi Anglong - Urban [C],District - Karbi Anglong - Rural [D],District - Karimganj - Total [(A+B) or (C+D)],District - Karimganj - Public [A],District - Karimganj - Private [B],District - Karimganj - Urban [C],District - Karimganj - Rural [D],District - Kokrajhar - Total [(A+B) or (C+D)],District - Kokrajhar - Public [A],District - Kokrajhar - Private [B],District - Kokrajhar - Urban [C],District - Kokrajhar - Rural [D],District - Lakhimpur - Total [(A+B) or (C+D)],District - Lakhimpur - Public [A],District - Lakhimpur - Private [B],District - Lakhimpur - Urban [C],District - Lakhimpur - Rural [D],District - Marigaon - Total [(A+B) or (C+D)],District - Marigaon - Public [A],District - Marigaon - Private [B],District - Marigaon - Urban [C],District - Marigaon - Rural [D],District - Nagaon - Total [(A+B) or (C+D)],District - Nagaon - Public [A],District - Nagaon - Private [B],District - Nagaon - Urban [C],District - Nagaon - Rural [D],District - Nalbari - Total [(A+B) or (C+D)],District - Nalbari - Public [A],District - Nalbari - Private [B],District - Nalbari - Urban [C],District - Nalbari - Rural [D],District - Sibsagar - Total [(A+B) or (C+D)],District - Sibsagar - Public [A],District - Sibsagar - Private [B],District - Sibsagar - Urban [C],District - Sibsagar - Rural [D],District - Sonitpur - Total [(A+B) or (C+D)],District - Sonitpur - Public [A],District - Sonitpur - Private [B],District - Sonitpur - Urban [C],District - Sonitpur - Rural [D],District - Tinsukia - Total [(A+B) or (C+D)],District - Tinsukia - Public [A],District - Tinsukia - Private [B],District - Tinsukia - Urban [C],District - Tinsukia - Rural [D],District - Udalguri - Total [(A+B) or (C+D)],District - Udalguri - Public [A],District - Udalguri - Private [B],District - Udalguri - Urban [C],District - Udalguri - Rural [D]
M1 [Ante Natal Care (ANC)],1.1,Total number of pregnant women registered for ANC,TOTAL,50206,47319,2887,3875,46331,1160,1158,2,NA,1160,2696,2627,69,NA,2696,1016,1016,0,46,970,2882,2870,12,134,2748,656,656,NA,NA,656,1538,1533,5,NA,1538,847,847,NA,NA,847,4114,4044,70,61,4053,1780,1224,556,415,1365,405,401,4,NA,405,1970,1970,0,99,1871,1272,1272,0,NA,1272,1414,1414,NA,NA,1414,1722,1430,292,436,1286,2787,2112,675,2274,513,2318,2318,0,NA,2318,1865,1865,0,0,1865,2666,2643,23,10,2656,1289,1289,NA,NA,1289,1519,1444,75,99,1420,1812,1812,0,NA,1812,5081,5064,17,39,5042,826,826,NA,NA,826,1355,1120,235,137,1218,2529,2259,270,32,2497,1695,1212,483,93,1602,992,893,99,NA,992
M1 [Ante Natal Care (ANC)],1.1.1,"Out of the total ANC registered, number registered within 1st trimester (within 12 weeks)",TOTAL,42090,39612,2478,3289,38801,1050,1050,0,NA,1050,2272,2267,5,NA,2272,894,894,0,40,854,2476,2466,10,96,2380,506,506,NA,NA,506,1322,1318,4,NA,1322,777,777,NA,NA,777,3207,3137,70,39,3168,1577,1063,514,367,1210,268,264,4,NA,268,1757,1757,0,93,1664,1083,1083,0,NA,1083,1142,1142,NA,NA,1142,1586,1325,261,381,1205,2430,1778,652,1995,435,2105,2105,0,NA,2105,1343,1343,0,0,1343,2134,2111,23,7,2127,891,891,NA,NA,891,1333,1265,68,46,1287,1455,1455,0,NA,1455,4156,4139,17,16,4140,767,767,NA,NA,767,1235,1022,213,127,1108,2191,1984,207,32,2159,1295,945,350,50,1245,838,758,80,NA,838
M1 [Ante Natal Care (ANC)],1.2.1,Number of PW given TT1,TOTAL,44453,41735,2718,3475,40978,1083,1082,1,NA,1083,2544,2544,NA,NA,2544,999,951,48,95,904,2423,2286,137,257,2166,559,559,NA,NA,559,1605,1601,4,NA,1605,729,729,NA,NA,729,3789,3725,64,53,3736,1441,988,453,250,1191,319,318,1,NA,319,1832,1832,0,102,1730,1131,1131,0,NA,1131,1086,1086,NA,NA,1086,1585,1307,278,388,1197,2501,1828,673,2100,401,2095,2095,0,NA,2095,1656,1656,0,0,1656,2161,2068,93,20,2141,1261,1261,NA,NA,1261,1208,1142,66,48,1160,1554,1554,0,NA,1554,4466,4423,43,37,4429,782,782,NA,NA,782,1042,919,123,29,1013,2398,2141,257,32,2366,1356,964,392,64,1292,848,763,85,NA,848
M1 [Ante Natal Care (ANC)],1.2.2,Number of PW given TT2,TOTAL,46924,44273,2651,3294,43630,1207,1206,1,NA,1207,2822,2822,NA,NA,2822,1278,1225,53,120,1158,2440,2336,104,213,2227,675,675,NA,NA,675,1711,1705,6,NA,1711,863,863,NA,NA,863,4299,4233,66,98,4201,1379,1042,337,197,1182,258,258,0,NA,258,1767,1767,0,108,1659,1116,1116,0,NA,1116,1138,1138,NA,NA,1138,1548,1252,296,356,1192,2382,1757,625,1952,430,2249,2249,0,NA,2249,1539,1539,0,0,1539,2388,2169,219,34,2354,1414,1414,NA,NA,1414,1293,1238,55,52,1241,1545,1545,0,NA,1545,4635,4601,34,42,4593,890,890,NA,NA,890,1302,1149,153,30,1272,2465,2239,226,18,2447,1385,1005,380,74,1311,936,840,96,NA,936
M1 [Ante Natal Care (ANC)],1.2.3,Number of PW given TT Booster,TOTAL,5587,5253,334,224,5363,45,45,0,NA,45,192,192,NA,NA,192,67,67,0,1,66,617,614,3,13,604,55,55,NA,NA,55,93,92,1,NA,93,75,75,NA,NA,75,445,444,1,3,442,255,131,124,83,172,50,50,0,NA,50,159,159,0,6,153,120,120,0,NA,120,332,332,NA,NA,332,115,105,10,21,94,88,65,23,59,29,134,134,0,NA,134,204,204,0,0,204,623,604,19,0,623,120,120,NA,NA,120,146,145,1,12,134,252,252,0,NA,252,730,727,3,8,722,66,66,NA,NA,66,87,71,16,4,83,178,146,32,5,173,260,165,95,9,251,79,73,6,NA,79
M1 [Ante Natal Care (ANC)],1.2.4,Number of PW given 180 Iron Folic Acid (IFA) tablets,TOTAL,53548,50263,3285,3557,49991,1380,1335,45,NA,1380,2625,2598,27,NA,2625,1035,1035,0,52,983,2594,2579,15,126,2468,574,574,NA,NA,574,1973,1968,5,NA,1973,1145,1145,NA,NA,1145,4252,4177,75,53,4199,1765,1207,558,415,1350,311,306,5,NA,311,2132,2132,0,112,2020,1265,1265,0,NA,1265,1412,1412,NA,NA,1412,1728,1436,292,365,1363,2513,1957,556,2104,409,2653,2653,0,NA,2653,1865,1865,0,0,1865,3345,3038,307,126,3219,1561,1561,NA,NA,1561,1365,1295,70,54,1311,1811,1811,0,NA,1811,5248,5233,15,47,5201,864,864,NA,NA,864,1768,1563,205,0,1768,3134,2860,274,NA,3134,1969,1290,679,103,1866,1261,1104,157,NA,1261
M1 [Ante Natal Care (ANC)],1.2.5,Number of PW given 360 Calcium tablets,TOTAL,7121,5642,1479,1028,6093,53,53,0,NA,53,50,25,25,NA,50,24,24,NA,4,20,431,6,425,0,431,118,118,NA,NA,118,527,522,5,NA,527,194,194,NA,NA,194,642,641,1,0,642,715,355,360,413,302,232,227,5,NA,232,212,212,0,83,129,115,115,0,NA,115,73,73,NA,NA,73,428,428,0,83,345,396,396,NA,396,0,217,217,0,NA,217,303,303,0,0,303,446,50,396,0,446,212,212,NA,NA,212,50,37,13,18,32,270,270,0,NA,270,289,289,0,NA,289,38,38,NA,NA,38,502,491,11,0,502,30,30,0,NA,30,481,260,221,31,450,73,56,17,NA,73
M1 [Ante Natal Care (ANC)],1.2.6,Number of PW given one Albendazole tablet after 1st trimester,TOTAL,10664,10447,217,282,10382,688,688,0,NA,688,176,176,0,NA,176,117,117,NA,34,83,482,480,2,157,325,23,23,NA,NA,23,468,466,2,NA,468,94,94,NA,NA,94,1302,1299,3,20,1282,197,167,30,NA,197,309,308,1,NA,309,700,700,0,0,700,292,292,0,NA,292,1205,1205,NA,NA,1205,224,224,0,45,179,63,63,NA,19,44,282,282,0,NA,282,527,527,0,0,527,479,479,0,7,472,210,210,NA,NA,210,13,7,6,0,13,101,101,0,NA,101,1444,1443,1,NA,1444,394,394,NA,NA,394,305,305,0,0,305,106,70,36,NA,106,381,255,126,0,381,82,72,10,NA,82
M1 [Ante Natal Care (ANC)],1.2.7,Number of PW received 4 or more ANC check ups,TOTAL,49310,46739,2571,3296,46014,1290,1290,0,NA,1290,3252,3250,2,NA,3252,1077,1077,0,50,1027,2938,2762,176,287,2651,600,600,NA,NA,600,1738,1735,3,NA,1738,1193,1193,NA,NA,1193,4087,4010,77,68,4019,1595,1084,511,332,1263,183,180,3,NA,183,1787,1787,0,109,1678,1256,1256,0,NA,1256,1050,1050,NA,NA,1050,1448,1251,197,274,1174,2406,1961,445,1724,682,2660,2660,0,NA,2660,1270,1270,0,0,1270,2460,2435,25,4,2456,1154,1154,NA,NA,1154,1533,1467,66,60,1473,1733,1733,0,NA,1733,4882,4857,25,54,4828,930,930,NA,NA,930,1582,1337,245,130,1452,2736,2474,262,42,2694,1583,1137,446,162,1421,887,799,88,NA,887
M1 [Ante Natal Care (ANC)],1.2.8,Number of PW given ANC Corticosteroids in Pre Term Labour,TOTAL,85,75,10,0,85,0,0,0,NA,0,18,10,8,NA,18,0,0,NA,NA,0,0,0,0,0,0,3,3,NA,NA,3,0,0,0,NA,0,2,2,NA,NA,2,0,0,0,0,0,0,0,0,NA,0,0,0,0,NA,0,0,0,0,0,0,3,3,0,NA,3,0,0,NA,NA,0,18,18,0,0,18,1,1,NA,0,1,0,0,0,NA,0,0,0,0,0,0,2,0,2,0,2,5,5,NA,NA,5,17,17,0,0,17,0,0,0,NA,0,6,6,0,NA,6,0,0,NA,NA,0,3,3,0,NA,3,0,0,0,NA,0,1,1,0,0,1,6,6,0,NA,6
M1 [Ante Natal Care (ANC)],1.3.1,New cases of PW with hypertension detected,TOTAL,1945,1535,410,316,1629,40,40,0,NA,40,62,56,6,NA,62,21,21,NA,1,20,105,72,33,0,105,24,24,NA,NA,24,136,136,0,NA,136,56,56,NA,NA,56,84,84,0,0,84,197,180,17,NA,197,20,20,0,NA,20,65,65,0,5,60,23,23,0,NA,23,22,22,NA,NA,22,55,55,0,0,55,339,35,304,307,32,42,42,0,NA,42,21,21,0,0,21,72,65,7,NA,72,33,33,NA,NA,33,138,136,2,0,138,8,8,0,NA,8,91,91,0,NA,91,10,10,NA,NA,10,96,95,1,NA,96,95,87,8,NA,95,41,14,27,3,38,49,44,5,NA,49
M1 [Ante Natal Care (ANC)],1.3.1.a,"Out of the new cases of PW with hypertension detected, cases managed at institution",TOTAL,715,646,69,8,707,10,10,0,NA,10,29,23,6,NA,29,2,2,NA,1,1,35,7,28,0,35,8,8,NA,NA,8,91,91,0,NA,91,30,30,NA,NA,30,13,13,0,0,13,147,139,8,NA,147,8,8,0,NA,8,32,32,0,1,31,9,9,0,NA,9,6,6,NA,NA,6,25,25,0,0,25,25,19,6,6,19,7,7,0,NA,7,2,2,0,0,2,33,26,7,NA,33,19,19,NA,NA,19,33,32,1,0,33,1,1,0,NA,1,36,36,0,NA,36,1,1,NA,NA,1,41,41,0,NA,41,30,29,1,NA,30,14,2,12,0,14,28,28,0,NA,28
M1 [Ante Natal Care (ANC)],1.3.2,Number of Eclampsia cases managed during delivery,TOTAL,77,72,5,3,74,1,1,0,NA,1,7,7,NA,NA,7,2,2,NA,NA,2,6,4,2,0,6,3,3,NA,NA,3,1,1,0,NA,1,1,1,NA,NA,1,0,0,NA,0,0,11,11,0,NA,11,0,0,0,NA,0,1,1,0,0,1,3,3,0,NA,3,5,5,NA,NA,5,4,4,0,0,4,8,5,3,3,5,0,0,0,NA,0,2,2,0,0,2,2,2,0,NA,2,8,8,NA,NA,8,1,1,0,0,1,6,6,0,NA,6,0,0,0,NA,0,0,0,NA,NA,0,3,3,0,NA,3,1,1,0,NA,1,0,0,0,0,0,1,1,0,NA,1
M1 [Ante Natal Care (ANC)],1.4.1,Number of PW tested for Haemoglobin (Hb ) 4 or more than 4 times for respective ANCs,TOTAL,39025,38022,1003,1251,37774,1168,1168,0,NA,1168,2261,2256,5,NA,2261,851,851,0,58,793,2539,2531,8,119,2420,374,374,NA,NA,374,1534,1534,0,NA,1534,1157,1157,NA,NA,1157,3737,3660,77,0,3737,1165,1019,146,214,951,153,153,0,NA,153,1969,1969,0,211,1758,1102,1102,0,NA,1102,965,965,NA,NA,965,1045,1045,0,38,1007,812,812,0,564,248,2419,2419,0,NA,2419,535,535,0,0,535,2692,2653,39,4,2688,525,525,NA,NA,525,1842,1777,65,0,1842,527,527,0,NA,527,3573,3573,0,NA,3573,805,805,NA,NA,805,1343,1245,98,NA,1343,1706,1560,146,NA,1706,1724,1400,324,43,1681,502,407,95,NA,502
M1 [Ante Natal Care (ANC)],1.4.2,Number of PW having Hb level<11 (tested cases)(7.1 to 10.9),TOTAL,42394,40799,1595,1944,40450,910,910,0,NA,910,2537,2528,9,NA,2537,1180,1180,0,73,1107,2974,2879,95,38,2936,352,352,NA,NA,352,1228,1228,0,NA,1228,860,860,NA,NA,860,2654,2654,0,94,2560,1887,1668,219,78,1809,408,402,6,NA,408,1902,1902,0,315,1587,1534,1534,0,NA,1534,1070,1070,NA,NA,1070,973,973,0,49,924,1466,1132,334,1205,261,2915,2915,0,NA,2915,609,609,0,0,609,2055,1948,107,NA,2055,1141,1141,NA,NA,1141,1557,1430,127,23,1534,914,914,0,NA,914,3172,3140,32,9,3163,497,497,NA,NA,497,2691,2573,118,NA,2691,2606,2425,181,18,2588,1323,1058,265,42,1281,979,877,102,NA,979
M1 [Ante Natal Care (ANC)],1.4.3,Number of PW having Hb level<7 (tested cases),TOTAL,1354,1245,109,66,1288,13,13,0,NA,13,118,118,NA,NA,118,30,30,NA,2,28,126,110,16,0,126,23,23,NA,NA,23,17,17,0,NA,17,18,18,NA,NA,18,54,54,0,4,50,101,86,15,11,90,12,12,0,NA,12,22,22,0,2,20,20,20,0,NA,20,34,34,NA,NA,34,52,52,0,1,51,29,20,9,20,9,46,46,0,NA,46,33,33,0,0,33,117,111,6,NA,117,90,90,NA,NA,90,25,16,9,0,25,26,26,0,NA,26,48,48,0,NA,48,4,4,NA,NA,4,98,93,5,NA,98,66,58,8,4,62,97,69,28,22,75,35,22,13,NA,35
M1 [Ante Natal Care (ANC)],1.4.4,Number of PW having severe anaemia (Hb<7) treated,TOTAL,375,314,61,28,347,5,5,0,NA,5,1,1,NA,NA,1,12,12,NA,NA,12,62,49,13,0,62,3,3,NA,NA,3,6,6,0,NA,6,6,6,NA,NA,6,4,4,NA,4,0,41,40,1,0,41,0,0,0,NA,0,9,9,0,1,8,3,3,0,NA,3,7,7,NA,NA,7,11,11,0,0,11,25,16,9,17,8,20,20,0,NA,20,29,29,0,0,29,34,28,6,NA,34,11,11,NA,NA,11,3,0,3,0,3,0,0,0,NA,0,4,4,0,NA,4,2,2,NA,NA,2,23,18,5,NA,23,22,18,4,4,18,23,9,14,2,21,9,3,6,NA,9
M1 [Ante Natal Care (ANC)],1.5.1,Number of PW tested for blood sugar using OGTT (Oral Glucose Tolerance Test),TOTAL,961,909,52,96,865,28,28,0,NA,28,0,0,NA,NA,0,0,0,NA,NA,0,396,383,13,0,396,0,0,NA,NA,0,0,0,0,NA,0,0,0,NA,NA,0,0,0,0,0,0,0,0,0,NA,0,0,0,0,NA,0,0,0,0,0,0,0,0,0,NA,0,0,0,NA,NA,0,1,1,0,0,1,96,96,NA,96,0,0,0,0,NA,0,0,0,0,0,0,193,165,28,NA,193,0,0,NA,NA,0,0,0,0,0,0,20,20,0,NA,20,34,34,0,NA,34,1,1,NA,NA,1,181,181,0,NA,181,5,0,5,NA,5,6,0,6,0,6,0,0,0,NA,0
M1 [Ante Natal Care (ANC)],1.5.2,Number of PW tested positive for GDM,TOTAL,50,42,8,0,50,0,0,0,NA,0,0,0,NA,NA,0,0,0,NA,NA,0,2,0,2,0,2,0,0,NA,NA,0,0,0,0,NA,0,0,0,NA,NA,0,0,0,0,0,0,0,0,0,NA,0,0,0,0,NA,0,0,0,0,0,0,0,0,0,NA,0,0,0,NA,NA,0,0,0,0,0,0,0,0,NA,0,0,0,0,0,NA,0,0,0,0,0,0,18,12,6,NA,18,0,0,NA,NA,0,0,0,0,0,0,0,0,0,NA,0,0,0,0,NA,0,0,0,NA,NA,0,0,0,0,NA,0,0,0,0,NA,0,30,30,0,0,30,0,0,0,NA,0
M1 [Ante Natal Care (ANC)],1.5.3,Number of PW given insulin out of total tested positive for GDM,TOTAL,2,0,2,0,2,0,0,0,NA,0,0,0,NA,NA,0,0,0,NA,NA,0,2,0,2,0,2,0,0,NA,NA,0,0,0,0,NA,0,0,0,NA,NA,0,0,0,0,0,0,0,0,0,NA,0,0,0,0,NA,0,0,0,0,0,0,0,0,0,NA,0,0,0,NA,NA,0,0,0,0,0,0,0,0,NA,0,0,0,0,0,NA,0,0,0,0,0,0,0,0,0,NA,0,0,0,NA,NA,0,0,0,0,0,0,0,0,0,NA,0,0,0,0,NA,0,0,0,NA,NA,0,0,0,0,NA,0,0,0,0,NA,0,0,0,0,0,0,0,0,0,NA,0
M1 [Ante Natal Care (ANC)],1.6.1.a,Number of PW tested using POC test for Syphilis,TOTAL,141,120,21,0,141,0,0,NA,NA,0,0,0,NA,NA,0,0,0,NA,NA,0,0,0,NA,NA,0,0,0,NA,NA,0,5,5,NA,NA,5,0,0,NA,NA,0,0,0,0,NA,0,0,0,0,NA,0,0,0,NA,NA,0,25,25,NA,0,25,0,0,0,NA,0,0,0,NA,NA,0,0,0,NA,NA,0,0,0,NA,0,0,0,0,NA,NA,0,29,29,NA,NA,29,0,0,NA,NA,0,15,15,NA,NA,15,21,0,21,0,21,0,0,NA,NA,0,0,0,0,NA,0,0,0,NA,NA,0,7,7,0,NA,7,10,10,0,NA,10,29,29,NA,0,29,0,0,NA,NA,0
M1 [Ante Natal Care (ANC)],1.6.1.b,"Out of above, number of PW found sero positive for syphilis",TOTAL,0,0,0,0,0,0,0,NA,NA,0,0,0,NA,NA,0,0,0,NA,NA,0,0,0,NA,NA,0,0,0,NA,NA,0,0,0,NA,NA,0,0,0,NA,NA,0,0,0,0,NA,0,0,0,0,NA,0,0,0,NA,NA,0,0,0,NA,0,0,0,0,0,NA,0,0,0,NA,NA,0,0,0,NA,NA,0,0,0,NA,0,0,0,0,NA,NA,0,0,0,NA,NA,0,0,0,NA,NA,0,0,0,NA,NA,0,0,0,0,0,0,0,0,NA,NA,0,0,0,0,NA,0,0,0,NA,NA,0,0,0,0,NA,0,0,0,0,NA,0,0,0,NA,0,0,0,0,NA,NA,0
M1 [Ante Natal Care (ANC)],1.6.2.a,Number of pregnant women tested for Syphilis,TOTAL,12426,11925,501,713,11713,440,440,0,NA,440,171,169,2,NA,171,4,4,NA,NA,4,1511,1440,71,134,1377,246,246,NA,NA,246,451,451,0,NA,451,801,801,NA,NA,801,365,365,NA,0,365,171,171,0,102,69,72,66,6,NA,72,797,797,0,117,680,162,156,6,NA,162,137,137,NA,NA,137,1054,1054,0,0,1054,311,276,35,276,35,913,913,0,NA,913,151,151,0,0,151,1023,762,261,NA,1023,278,278,NA,NA,278,318,299,19,0,318,241,241,0,NA,241,806,806,0,NA,806,261,261,NA,NA,261,290,284,6,NA,290,861,857,4,NA,861,242,158,84,84,158,349,342,7,NA,349
M1 [Ante Natal Care (ANC)],1.6.2.b,Number of pregnant women tested found sero positive for Syphilis,TOTAL,17,15,2,2,15,0,0,0,NA,0,0,0,NA,NA,0,0,0,NA,NA,0,0,0,0,0,0,0,0,NA,NA,0,0,0,0,NA,0,1,1,NA,NA,1,0,0,0,0,0,0,0,0,0,0,0,0,0,NA,0,0,0,0,0,0,10,10,0,NA,10,0,0,NA,NA,0,2,2,0,0,2,2,2,0,2,0,0,0,0,NA,0,0,0,0,0,0,2,0,2,NA,2,0,0,NA,NA,0,0,0,0,0,0,0,0,0,NA,0,0,0,0,NA,0,0,0,NA,NA,0,0,0,0,NA,0,0,0,0,NA,0,0,0,0,0,0,0,0,0,NA,0
M1 [Ante Natal Care (ANC)],1.6.2.c,Number of syphilis positive pregnant women treated for Syphilis,TOTAL,3,3,0,0,3,0,0,0,NA,0,0,0,NA,NA,0,0,0,NA,NA,0,0,0,0,0,0,0,0,NA,NA,0,0,0,0,NA,0,1,1,NA,NA,1,0,0,0,0,0,0,0,0,0,0,0,0,0,NA,0,0,0,0,0,0,0,0,0,NA,0,0,0,NA,NA,0,2,2,0,0,2,0,0,0,0,0,0,0,0,NA,0,0,0,0,0,0,0,0,0,NA,0,0,0,NA,NA,0,0,0,0,0,0,0,0,0,NA,0,0,0,0,NA,0,0,0,NA,NA,0,0,0,0,NA,0,0,0,0,NA,0,0,0,0,0,0,0,0,0,NA,0
M1 [Ante Natal Care (ANC)],1.6.2.d,Number of babies diagnosed with Congenital Syphilis,TOTAL,0,0,0,0,0,0,0,0,NA,0,0,0,NA,NA,0,0,0,NA,NA,0,0,0,0,0,0,0,0,NA,NA,0,0,0,0,NA,0,0,0,NA,NA,0,0,0,0,0,0,0,0,0,NA,0,0,0,0,NA,0,0,0,0,0,0,0,0,0,NA,0,0,0,NA,NA,0,0,0,0,0,0,0,0,0,0,0,0,0,0,NA,0,0,0,0,0,0,0,0,0,NA,0,0,0,NA,NA,0,0,0,0,0,0,0,0,0,NA,0,0,0,0,NA,0,0,0,NA,NA,0,0,0,0,NA,0,0,0,0,NA,0,0,0,0,0,0,0,0,0,NA,0
M1 [Ante Natal Care (ANC)],1.6.2.e,Number of babies treated for congenital Syphilis,TOTAL,0,0,0,0,0,0,0,0,NA,0,0,0,NA,NA,0,0,0,NA,NA,0,0,0,0,0,0,0,0,NA,NA,0,0,0,0,NA,0,0,0,NA,NA,0,0,0,0,0,0,0,0,0,NA,0,0,0,0,NA,0,0,0,0,0,0,0,0,0,NA,0,0,0,NA,NA,0,0,0,0,0,0,0,0,0,0,0,0,0,0,NA,0,0,0,0,0,0,0,0,0,NA,0,0,0,NA,NA,0,0,0,0,0,0,0,0,0,NA,0,0,0,0,NA,0,0,0,NA,NA,0,0,0,0,NA,0,0,0,0,NA,0,0,0,0,0,0,0,0,0,NA,0
M2 [Deliveries],2.1.1.a,Number of Home Deliveries attended by Skill Birth Attendant(SBA) (Doctor/Nurse/ANM),TOTAL,1728,1692,36,12,1716,45,45,0,NA,45,384,384,NA,NA,384,14,14,NA,3,11,65,65,0,0,65,9,9,NA,NA,9,156,156,0,NA,156,5,5,NA,NA,5,213,213,0,0,213,2,2,0,NA,2,36,36,0,NA,36,91,91,0,2,89,8,8,0,NA,8,34,34,NA,NA,34,6,6,0,3,3,9,9,0,4,5,24,24,0,NA,24,45,45,NA,0,45,112,112,0,0,112,13,13,NA,NA,13,9,8,1,0,9,104,104,0,NA,104,160,160,0,NA,160,46,46,NA,NA,46,25,18,7,NA,25,66,53,13,NA,66,24,9,15,0,24,23,23,0,NA,23
M2 [Deliveries],2.1.1.b,Number of Home Deliveries attended by Non SBA (Trained Birth Attendant(TBA) /Relatives/etc.),TOTAL,5194,5112,82,30,5164,31,31,0,NA,31,477,477,NA,NA,477,138,138,NA,9,129,88,88,0,0,88,130,130,NA,NA,130,162,162,0,NA,162,2,2,NA,NA,2,1767,1759,8,0,1767,7,3,4,NA,7,82,82,0,NA,82,73,73,0,2,71,25,25,0,NA,25,198,198,NA,NA,198,0,0,0,0,0,20,20,0,8,12,5,5,0,NA,5,170,170,NA,7,163,902,902,0,3,899,141,141,NA,NA,141,3,3,0,0,3,178,178,0,NA,178,197,197,0,1,196,5,5,NA,NA,5,0,0,0,NA,0,271,241,30,NA,271,67,32,35,0,67,55,50,5,NA,55
M2 [Deliveries],2.1.2,Number of PW given Tablet Misoprostol during home delivery,TOTAL,1856,1843,13,5,1851,7,7,0,NA,7,14,14,NA,NA,14,0,0,NA,NA,0,0,0,0,0,0,7,7,NA,NA,7,35,35,0,NA,35,0,0,NA,NA,0,1101,1101,0,0,1101,0,0,0,NA,0,69,69,0,NA,69,45,45,0,0,45,0,0,0,NA,0,177,177,NA,NA,177,1,1,0,NA,1,16,16,0,5,11,1,1,0,NA,1,25,25,NA,0,25,238,238,0,NA,238,2,2,NA,NA,2,0,0,0,0,0,12,12,0,NA,12,39,39,0,NA,39,39,39,NA,NA,39,2,0,2,NA,2,20,12,8,NA,20,4,1,3,0,4,2,2,0,NA,2
M2 [Deliveries],2.1.3,Number of newborns received 7 Home Based Newborn Care (HBNC) visits in case of Home delivery,TOTAL,6468,6360,108,59,6409,77,77,0,NA,77,821,821,NA,NA,821,193,193,NA,14,179,219,219,0,0,219,110,110,0,NA,110,276,276,0,NA,276,12,12,NA,NA,12,1814,1804,10,3,1811,4,4,0,NA,4,81,81,0,NA,81,187,187,0,0,187,22,22,0,NA,22,206,206,NA,NA,206,3,3,0,0,3,21,21,0,8,13,24,24,0,NA,24,197,197,0,32,165,915,915,0,0,915,145,145,NA,NA,145,17,17,0,0,17,243,243,0,NA,243,381,381,0,2,379,48,48,NA,NA,48,25,16,9,NA,25,239,223,16,NA,239,119,48,71,0,119,69,67,2,NA,69
M2 [Deliveries],2.2,Number of Institutional Deliveries conducted (Including C-Sections),TOTAL,50543,42496,8047,4519,46024,848,814,34,NA,848,2858,2720,138,NA,2858,1310,961,349,349,961,4118,3250,868,395,3723,566,536,30,NA,566,1284,1201,83,NA,1284,1443,1404,39,NA,1443,2807,2735,72,31,2776,2239,1611,628,360,1879,239,236,3,NA,239,2091,1925,166,219,1872,1433,1140,293,NA,1433,1058,1058,NA,NA,1058,1645,1235,410,301,1344,3466,2316,1150,1249,2217,1981,1855,126,NA,1981,1324,1324,0,0,1324,1833,1476,357,129,1704,1458,1380,78,NA,1458,1730,1588,142,81,1649,1439,1436,3,NA,1439,5113,4058,1055,833,4280,1190,746,444,NA,1190,1339,1035,304,131,1208,2948,2353,595,186,2762,1955,1395,560,255,1700,828,708,120,NA,828
M2 [Deliveries],2.2.1,Out of total institutional deliveries number of women discharged within 48 hours of delivery,TOTAL,14619,13866,753,208,14411,130,130,0,NA,130,990,980,10,NA,990,657,655,2,2,655,436,405,31,0,436,100,100,0,NA,100,311,311,0,NA,311,362,362,0,NA,362,1774,1774,0,26,1748,27,19,8,0,27,47,44,3,NA,47,869,855,14,26,843,333,247,86,NA,333,432,432,NA,NA,432,111,111,0,0,111,92,25,67,68,24,54,54,0,NA,54,787,787,0,0,787,903,902,1,0,903,770,692,78,NA,770,1136,1075,61,0,1136,361,361,0,NA,361,2200,2174,26,24,2176,69,69,0,NA,69,104,92,12,4,100,801,694,107,0,801,367,192,175,58,309,396,324,72,NA,396
M2 [Deliveries],2.2.2,Number of newborns received 6 HBNC  visits after Institutional Delivery,TOTAL,28365,27698,667,713,27652,756,752,4,NA,756,2235,2235,NA,NA,2235,1039,1039,NA,33,1006,2281,2276,5,0,2281,530,530,NA,NA,530,1050,1042,8,NA,1050,1314,1314,NA,NA,1314,834,834,0,38,796,122,72,50,1,121,152,152,0,NA,152,1191,1191,0,0,1191,44,44,0,NA,44,905,905,NA,NA,905,872,863,9,42,830,589,589,NA,513,76,1573,1573,0,NA,1573,1163,1163,NA,NA,1163,1242,1242,0,NA,1242,918,918,NA,NA,918,49,37,12,0,49,1301,1301,0,NA,1301,3723,3704,19,11,3712,605,605,NA,NA,605,1326,1171,155,35,1291,559,501,58,NA,559,1290,977,313,40,1250,702,668,34,NA,702
M3 [Number of Caesarean (C-Section) deliveries],3.1,Total C -Section deliveries performed,TOTAL,10549,5885,4664,3198,7351,6,6,0,NA,6,519,395,124,NA,519,367,120,247,247,120,1122,544,578,360,762,38,27,11,NA,38,103,43,60,NA,103,311,277,34,NA,311,158,99,59,0,158,682,393,289,275,407,54,52,2,NA,54,316,185,131,131,185,260,122,138,NA,260,3,3,NA,NA,3,665,378,287,287,378,1671,1062,609,638,1033,245,177,68,NA,245,72,72,NA,NA,72,250,59,191,108,142,214,147,67,NA,214,368,302,66,66,302,64,63,1,NA,64,1080,281,799,689,391,421,102,319,NA,421,266,146,120,109,157,812,522,290,144,668,457,300,157,144,313,25,8,17,NA,25
M3 [Number of Caesarean (C-Section) deliveries],3.1.1,"C-sections, performed at night (8 PM- 8 AM)",TOTAL,2997,1554,1443,1026,1971,0,0,0,NA,0,112,84,28,NA,112,8,8,NA,NA,8,521,259,262,164,357,6,0,6,NA,6,1,1,0,NA,1,31,22,9,NA,31,37,21,16,0,37,263,108,155,155,108,10,10,0,NA,10,76,21,55,55,21,58,26,32,NA,58,0,0,NA,NA,0,237,147,90,90,147,658,427,231,231,427,18,6,12,NA,18,3,3,NA,NA,3,55,7,48,4,51,51,19,32,NA,51,84,47,37,37,47,6,6,0,NA,6,314,81,233,190,124,67,17,50,NA,67,52,10,42,42,10,285,204,81,37,248,41,20,21,21,20,3,0,3,NA,3
M4 [Pregnancy outcome & details of new-born],4.1.1.a,Live Birth - Male,TOTAL,28857,24623,4234,2366,26491,449,436,13,NA,449,1847,1761,86,NA,1847,726,552,174,183,543,2130,1685,445,199,1931,338,322,16,NA,338,818,777,41,NA,818,708,687,21,NA,708,2405,2366,39,16,2389,1179,856,323,184,995,201,200,1,NA,201,1164,1068,96,120,1044,719,570,149,NA,719,594,594,NA,NA,594,864,641,223,173,691,1736,1160,576,634,1102,1002,932,70,NA,1002,764,764,NA,4,760,1416,1225,191,80,1336,822,775,47,NA,822,903,832,71,44,859,856,854,2,NA,856,2744,2204,540,429,2315,624,383,241,NA,624,697,532,165,65,632,1679,1338,341,106,1573,1015,713,302,129,886,457,396,61,NA,457
M4 [Pregnancy outcome & details of new-born],4.1.1.b,Live Birth - Female,TOTAL,27740,23867,3873,2182,25558,460,439,21,NA,460,1797,1745,52,NA,1797,721,546,175,178,543,2018,1603,415,196,1822,355,341,14,NA,355,778,736,42,NA,778,730,712,18,NA,730,2328,2290,38,14,2314,1029,722,307,176,853,150,148,2,NA,150,1066,995,71,103,963,729,587,142,NA,729,671,671,NA,NA,671,771,586,185,129,642,1639,1071,568,621,1018,999,943,56,NA,999,766,766,NA,3,763,1359,1202,157,51,1308,781,750,31,NA,781,821,750,71,37,784,853,852,1,NA,853,2614,2111,503,398,2216,613,405,208,NA,613,650,509,141,66,584,1586,1292,294,81,1505,1012,714,298,129,883,444,381,63,NA,444
M4 [Pregnancy outcome & details of new-born],4.1.2,Number of Pre term newborns ( < 37 weeks of pregnancy),TOTAL,1652,1451,201,133,1519,4,4,0,NA,4,179,172,7,NA,179,82,82,NA,NA,82,81,74,7,0,81,1,1,0,NA,1,92,92,0,NA,92,171,171,NA,NA,171,65,65,0,0,65,107,104,3,0,107,0,0,0,NA,0,54,54,0,5,49,31,29,2,NA,31,20,20,NA,NA,20,11,11,0,0,11,161,60,101,109,52,78,77,1,NA,78,14,14,NA,NA,14,97,71,26,0,97,4,4,NA,NA,4,39,24,15,0,39,70,70,0,NA,70,53,34,19,19,34,25,15,10,NA,25,93,91,2,NA,93,71,69,2,0,71,26,24,2,0,26,23,19,4,NA,23
M4 [Pregnancy outcome & details of new-born],4.1.3,Still Birth,TOTAL,1247,1143,104,48,1199,18,18,0,NA,18,114,114,NA,NA,114,22,19,3,3,19,140,124,16,6,134,16,16,0,NA,16,15,15,0,NA,15,19,19,NA,NA,19,90,87,3,1,89,58,56,2,1,57,8,8,0,NA,8,46,40,6,7,39,23,20,3,NA,23,34,34,NA,NA,34,22,19,3,2,20,127,121,6,7,120,19,18,1,NA,19,19,19,NA,NA,19,91,77,14,2,89,54,54,NA,NA,54,35,34,1,0,35,19,19,0,NA,19,144,121,23,17,127,13,13,0,NA,13,22,16,6,0,22,32,26,6,0,32,32,22,10,2,30,15,14,1,NA,15
M4 [Pregnancy outcome & details of new-born],4.2,Abortion (spontaneous),TOTAL,1686,1598,88,99,1587,49,49,0,NA,49,159,150,9,NA,159,19,19,NA,NA,19,92,79,13,0,92,2,2,0,NA,2,12,12,0,NA,12,190,190,NA,NA,190,26,26,0,0,26,107,105,2,NA,107,21,21,0,NA,21,99,99,0,43,56,50,50,0,NA,50,78,78,NA,NA,78,30,30,0,0,30,39,4,35,35,4,120,120,0,NA,120,76,76,NA,NA,76,36,36,0,0,36,32,32,NA,NA,32,5,5,0,0,5,54,54,NA,NA,54,164,162,2,NA,164,80,76,4,NA,80,43,21,22,21,22,50,50,0,0,50,13,12,1,0,13,40,40,0,NA,40
M4 [Pregnancy outcome & details of new-born],4.3.1.a,MTP up to 12 weeks of pregnancy,TOTAL,5305,4879,426,374,4931,115,115,0,NA,115,140,140,NA,NA,140,250,250,NA,NA,250,121,114,7,7,114,39,39,NA,NA,39,404,404,0,NA,404,370,370,NA,NA,370,436,436,0,122,314,176,176,0,NA,176,41,41,0,NA,41,211,181,30,51,160,101,101,0,NA,101,47,47,NA,NA,47,179,179,0,0,179,216,158,58,68,148,239,239,0,NA,239,177,177,NA,NA,177,110,71,39,39,71,133,133,NA,NA,133,332,332,0,0,332,65,65,NA,NA,65,390,390,0,NA,390,301,126,175,NA,301,173,173,0,NA,173,172,142,30,0,172,211,124,87,87,124,156,156,0,NA,156
M4 [Pregnancy outcome & details of new-born],4.3.1.b,MTP more than 12 weeks of pregnancy,TOTAL,314,263,51,12,302,5,5,0,NA,5,1,1,NA,NA,1,0,0,NA,NA,0,0,0,0,0,0,10,10,NA,NA,10,1,1,0,NA,1,3,3,NA,NA,3,1,1,0,0,1,10,10,0,NA,10,4,4,0,NA,4,6,6,0,0,6,0,0,0,NA,0,0,0,NA,NA,0,3,3,0,0,3,16,5,11,11,5,0,0,0,NA,0,0,0,NA,NA,0,1,0,1,1,0,2,2,NA,NA,2,108,108,0,0,108,0,0,NA,NA,0,100,100,0,NA,100,36,0,36,NA,36,0,0,0,NA,0,0,0,0,NA,0,5,2,3,0,5,2,2,0,NA,2
M4 [Pregnancy outcome & details of new-born],4.3.2.a,Post Abortion/ MTP Complications Identified,TOTAL,221,216,5,16,205,0,0,0,NA,0,57,57,NA,NA,57,0,0,NA,NA,0,0,0,0,0,0,0,0,NA,NA,0,0,0,0,NA,0,0,0,NA,NA,0,0,0,0,0,0,55,55,0,NA,55,3,3,0,NA,3,49,49,0,0,49,1,1,0,NA,1,0,0,NA,NA,0,27,27,0,0,27,16,16,0,16,0,0,0,0,NA,0,0,0,NA,NA,0,0,0,0,NA,0,8,8,NA,NA,8,0,0,0,0,0,0,0,NA,NA,0,0,0,0,NA,0,5,0,5,NA,5,0,0,0,NA,0,0,0,0,NA,0,0,0,0,0,0,0,0,0,NA,0
M4 [Pregnancy outcome & details of new-born],4.3.2.b,Post Abortion/ MTP Complications Treated,TOTAL,167,162,5,0,167,0,0,0,NA,0,0,0,NA,NA,0,0,0,NA,NA,0,0,0,0,0,0,0,0,NA,NA,0,0,0,0,NA,0,0,0,NA,NA,0,0,0,0,0,0,55,55,0,NA,55,3,3,0,NA,3,40,40,0,0,40,34,34,0,NA,34,0,0,NA,NA,0,0,0,0,0,0,0,0,0,0,0,0,0,0,NA,0,0,0,NA,NA,0,0,0,0,NA,0,8,8,NA,NA,8,0,0,0,0,0,5,5,NA,NA,5,8,8,0,NA,8,5,0,5,NA,5,0,0,0,NA,0,9,9,0,NA,9,0,0,0,0,0,0,0,0,NA,0
M4 [Pregnancy outcome & details of new-born],4.3.3,Number of women provided with post abortion/ MTP contraception,TOTAL,425,425,0,0,425,90,90,0,NA,90,0,0,NA,NA,0,4,4,NA,NA,4,0,0,0,0,0,0,0,NA,NA,0,27,27,0,NA,27,0,0,NA,NA,0,0,0,0,0,0,49,49,0,NA,49,4,4,0,NA,4,48,48,0,0,48,1,1,0,NA,1,0,0,NA,NA,0,0,0,0,0,0,0,0,0,0,0,24,24,0,NA,24,0,0,NA,NA,0,0,0,0,NA,0,32,32,NA,NA,32,37,37,0,0,37,0,0,NA,NA,0,107,107,0,NA,107,1,1,0,NA,1,1,1,0,NA,1,0,0,0,NA,0,0,0,0,0,0,0,0,0,NA,0
M4 [Pregnancy outcome & details of new-born],4.4.1,Number of newborns weighed at birth,TOTAL,56273,48189,8084,4525,51748,908,874,34,NA,908,3638,3500,138,NA,3638,1446,1097,349,361,1085,4148,3288,860,395,3753,698,668,30,NA,698,1563,1480,83,NA,1563,1434,1395,39,NA,1434,4733,4656,77,30,4703,2206,1576,630,360,1846,351,348,3,NA,351,2225,2062,163,219,2006,1432,1141,291,NA,1432,1264,1264,NA,NA,1264,1635,1227,408,302,1333,3373,2229,1144,1251,2122,1996,1870,126,NA,1996,1504,1504,0,0,1504,2732,2384,348,128,2604,1489,1411,78,NA,1489,1717,1575,142,81,1636,1709,1706,3,NA,1709,5317,4275,1042,827,4490,1237,788,449,NA,1237,1345,1039,306,131,1214,3273,2643,630,186,3087,2022,1435,587,254,1768,878,754,124,NA,878
M4 [Pregnancy outcome & details of new-born],4.4.2,Number of newborns having weight less than 2.5 kg,TOTAL,7674,6820,854,298,7376,132,115,17,NA,132,442,428,14,NA,442,201,201,NA,NA,201,761,618,143,54,707,109,109,0,NA,109,151,151,0,NA,151,145,143,2,NA,145,655,641,14,3,652,552,495,57,25,527,17,17,0,NA,17,312,244,68,80,232,204,159,45,NA,204,150,150,NA,NA,150,254,242,12,8,246,296,283,13,35,261,278,259,19,NA,278,109,109,0,0,109,360,286,74,16,344,186,186,NA,NA,186,210,190,20,8,202,205,205,0,NA,205,448,406,42,21,427,184,99,85,NA,184,199,173,26,14,185,532,441,91,5,527,407,316,91,29,378,175,154,21,NA,175
M4 [Pregnancy outcome & details of new-born],4.4.3,Number of Newborns breast fed within 1 hour of birth ,TOTAL,55026,47141,7885,4507,50519,908,874,34,NA,908,3593,3463,130,NA,3593,1323,974,349,361,962,4140,3280,860,395,3745,696,666,30,NA,696,1505,1505,0,NA,1505,1383,1344,39,NA,1383,4733,4656,77,30,4703,2186,1556,630,360,1826,351,348,3,NA,351,2204,2050,154,210,1994,1423,1132,291,NA,1423,1257,1257,NA,NA,1257,1634,1227,407,302,1332,3371,2227,1144,1255,2116,1997,1871,126,NA,1997,1470,1470,0,0,1470,2743,2415,328,113,2630,1505,1494,11,NA,1505,1717,1575,142,81,1636,1688,1685,3,NA,1688,5283,4243,1040,825,4458,1217,772,445,NA,1217,1299,1001,298,129,1170,2475,1845,630,186,2289,2041,1451,590,260,1781,884,760,124,NA,884
M5 [Complicated Pregnancies],5.1,"Number of cases of pregnant women with Obstetric Complications attended (Antepartum haemorrhage (APH), Post-Partum Hemorrhage (PPH), Sepsis, Eclampsia and others)",TOTAL,7117,4835,2282,2133,4984,65,65,0,NA,65,29,29,NA,NA,29,374,127,247,247,127,247,206,41,0,247,8,8,0,NA,8,367,367,0,NA,367,48,48,NA,NA,48,165,165,0,0,165,430,114,316,360,70,52,52,0,NA,52,244,236,8,20,224,69,68,1,NA,69,146,146,NA,NA,146,284,284,0,0,284,1530,1087,443,475,1055,155,143,12,NA,155,11,11,NA,NA,11,311,181,130,108,203,58,58,NA,NA,58,35,31,4,0,35,293,293,0,NA,293,870,176,694,694,176,97,62,35,NA,97,309,200,109,109,200,622,490,132,12,610,273,163,110,108,165,25,25,0,NA,25
M5 [Complicated Pregnancies],5.2,Number of Complicated pregnancies treated with Blood Transfusion,TOTAL,695,675,20,2,693,0,0,NA,NA,0,0,0,NA,NA,0,0,0,NA,NA,0,12,9,3,0,12,0,0,NA,NA,0,58,58,NA,NA,58,0,0,NA,NA,0,68,68,NA,NA,68,3,3,0,NA,3,20,20,NA,NA,20,43,43,0,0,43,14,14,NA,NA,14,0,0,NA,NA,0,33,33,0,0,33,52,52,NA,2,50,26,26,0,NA,26,8,8,NA,NA,8,24,24,0,NA,24,25,25,NA,NA,25,72,72,0,0,72,27,27,NA,NA,27,90,90,0,NA,90,18,1,17,NA,18,28,28,0,NA,28,32,32,0,NA,32,42,42,0,0,42,0,0,NA,NA,0
M6 [Post Natal Care (PNC)],6.1,Women receiving 1st post partum checkup within 48 hours of home delivery,TOTAL,10184,9637,547,136,10048,288,262,26,NA,288,1026,1026,NA,NA,1026,146,146,NA,12,134,134,134,0,0,134,159,133,26,NA,159,385,385,0,NA,385,101,101,NA,NA,101,1765,1732,33,0,1765,15,11,4,NA,15,113,110,3,NA,113,142,142,0,4,138,45,39,6,NA,45,283,283,NA,NA,283,14,14,0,3,11,27,27,0,10,17,182,182,0,NA,182,679,679,0,0,679,1144,1037,107,107,1037,811,811,NA,NA,811,12,11,1,0,12,305,305,0,NA,305,951,951,0,NA,951,48,48,NA,NA,48,118,79,39,NA,118,861,653,208,0,861,239,164,75,0,239,191,172,19,NA,191
M6 [Post Natal Care (PNC)],6.2,Women receiving 1st post partum checkup between 48 hours and 14 days,TOTAL,43358,39578,3780,2266,41092,1309,1301,8,NA,1309,2056,2056,NA,NA,2056,1207,960,247,338,869,2188,1931,257,202,1986,424,398,26,NA,424,1593,1593,0,NA,1593,930,930,NA,NA,930,2440,2401,39,0,2440,1769,1435,334,35,1734,156,155,1,NA,156,1146,1146,0,52,1094,1213,1210,3,NA,1213,1022,1022,NA,NA,1022,1435,1435,0,31,1404,1783,746,1037,1134,649,1718,1718,0,NA,1718,1309,1309,0,0,1309,1347,1347,0,NA,1347,666,666,NA,NA,666,4357,4183,174,97,4260,1215,1213,2,NA,1215,3940,3924,16,NA,3940,1565,1121,444,NA,1565,1651,1470,181,NA,1651,2012,1632,380,131,1881,2229,1684,545,246,1983,678,592,86,NA,678
M6 [Post Natal Care (PNC)],6.3,Number of mothers provided full course of 180 IFA tablets after delivery,TOTAL,34146,32623,1523,608,33538,1046,1046,0,NA,1046,1514,1484,30,NA,1514,313,313,NA,NA,313,1136,998,138,0,1136,238,212,26,NA,238,1941,1941,0,NA,1941,880,880,NA,NA,880,2528,2505,23,0,2528,1191,991,200,35,1156,137,137,0,NA,137,2128,2128,0,63,2065,1225,1209,16,NA,1225,1019,1019,NA,NA,1019,791,778,13,53,738,626,573,53,261,365,1281,1267,14,NA,1281,1010,1010,0,0,1010,1913,1913,0,NA,1913,578,578,NA,NA,578,1455,1393,62,0,1455,1317,1315,2,NA,1317,3832,3818,14,NA,3832,975,975,NA,NA,975,1266,1137,129,NA,1266,2148,1818,330,131,2017,1113,681,432,65,1048,545,504,41,NA,545
M6 [Post Natal Care (PNC)],6.4,Number of mothers provided 360 Calcium tablets after delivery,TOTAL,8098,7457,641,303,7795,20,20,0,NA,20,84,34,50,NA,84,7,7,NA,NA,7,150,38,112,0,150,83,57,26,NA,83,693,693,0,NA,693,299,299,NA,NA,299,439,439,0,0,439,239,213,26,35,204,109,109,0,NA,109,236,236,0,22,214,14,13,1,NA,14,242,242,NA,NA,242,331,318,13,53,278,323,270,53,146,177,297,283,14,NA,297,271,271,0,0,271,6,6,0,NA,6,586,586,NA,NA,586,235,235,0,0,235,143,141,2,NA,143,1092,1082,10,NA,1092,415,415,NA,NA,415,517,464,53,NA,517,799,740,59,12,787,400,181,219,35,365,68,65,3,NA,68
M7 [Reproductive Tract Infections/Sexually Transmitted Infections (RTI/STI) Cases],7.1.1,New RTI/STI cases identified - Male,TOTAL,1016,992,24,0,1016,29,29,0,NA,29,46,46,NA,NA,46,20,20,NA,NA,20,1,1,0,0,1,11,11,NA,NA,11,16,16,0,NA,16,83,83,NA,NA,83,40,40,0,0,40,0,0,0,NA,0,44,31,13,NA,44,14,14,0,0,14,102,102,0,NA,102,0,0,NA,NA,0,78,78,0,0,78,67,67,0,0,67,29,29,0,NA,29,0,0,NA,NA,0,87,87,0,NA,87,0,0,NA,NA,0,99,99,0,0,99,17,17,NA,NA,17,19,19,0,NA,19,77,77,NA,NA,77,0,0,0,NA,0,11,0,11,NA,11,91,91,0,0,91,35,35,0,NA,35
M7 [Reproductive Tract Infections/Sexually Transmitted Infections (RTI/STI) Cases],7.1.2,New RTI/STI cases identified - Female,TOTAL,2632,2609,23,0,2632,85,85,0,NA,85,270,270,NA,NA,270,18,18,NA,NA,18,0,0,0,0,0,16,16,NA,NA,16,169,169,0,NA,169,238,238,NA,NA,238,186,186,0,0,186,6,6,0,NA,6,33,20,13,NA,33,149,149,0,0,149,109,109,0,NA,109,0,0,NA,NA,0,118,118,0,0,118,219,219,0,0,219,104,104,0,NA,104,0,0,NA,NA,0,59,59,0,NA,59,9,9,NA,NA,9,216,216,0,0,216,108,108,NA,NA,108,126,126,0,NA,126,113,113,NA,NA,113,3,2,1,NA,3,9,0,9,NA,9,204,204,0,0,204,65,65,0,NA,65
M7 [Reproductive Tract Infections/Sexually Transmitted Infections (RTI/STI) Cases],7.2.1,RTI/STI for which treatment initiated - Male,TOTAL,841,841,0,0,841,29,29,0,NA,29,41,41,NA,NA,41,20,20,NA,NA,20,1,1,0,0,1,11,11,NA,NA,11,17,17,0,NA,17,83,83,NA,NA,83,40,40,0,0,40,0,0,0,NA,0,0,0,0,NA,0,14,14,0,0,14,102,102,0,NA,102,0,0,NA,NA,0,72,72,0,0,72,6,6,0,0,6,29,29,0,NA,29,0,0,NA,NA,0,87,87,0,NA,87,0,0,NA,NA,0,99,99,0,0,99,17,17,NA,NA,17,19,19,0,NA,19,74,74,NA,NA,74,0,0,0,NA,0,0,0,0,NA,0,45,45,0,0,45,35,35,0,NA,35
M7 [Reproductive Tract Infections/Sexually Transmitted Infections (RTI/STI) Cases],7.2.2,RTI/STI for which treatment initiated -Female,TOTAL,2235,2234,1,0,2235,85,85,0,NA,85,267,267,NA,NA,267,18,18,NA,NA,18,0,0,0,0,0,16,16,NA,NA,16,159,159,0,NA,159,238,238,NA,NA,238,128,128,0,0,128,6,6,0,NA,6,0,0,0,NA,0,149,149,0,0,149,109,109,0,NA,109,0,0,NA,NA,0,110,110,0,0,110,14,14,0,0,14,104,104,0,NA,104,2,2,NA,NA,2,59,59,0,NA,59,9,9,NA,NA,9,216,216,0,0,216,108,108,NA,NA,108,126,126,0,NA,126,106,106,NA,NA,106,3,2,1,NA,3,0,0,0,NA,0,138,138,0,0,138,65,65,0,NA,65
M8 [Family Planning],8.1.1,Number of Non Scalpel Vasectomy (NSV) / Conventional Vasectomy conducted,TOTAL,367,366,1,4,363,0,0,0,NA,0,14,14,NA,NA,14,10,10,NA,3,7,0,0,0,0,0,0,0,NA,NA,0,1,1,0,NA,1,2,2,NA,NA,2,9,9,0,0,9,3,3,0,NA,3,0,0,0,NA,0,1,1,0,1,0,15,15,0,NA,15,0,0,NA,NA,0,11,11,0,0,11,0,0,NA,0,0,44,44,0,NA,44,0,0,NA,NA,0,0,0,0,0,0,0,0,NA,NA,0,0,0,0,0,0,14,14,NA,NA,14,105,105,0,NA,105,0,0,0,NA,0,0,0,0,NA,0,46,45,1,NA,46,92,92,0,0,92,0,0,0,NA,0
M8 [Family Planning],8.2.1,Number of Laparoscopic sterilizations (excluding post abortion) conducted,TOTAL,1678,1608,70,33,1645,34,34,0,NA,34,8,8,NA,NA,8,12,12,NA,NA,12,169,169,0,22,147,0,0,NA,NA,0,96,96,0,NA,96,0,0,NA,NA,0,12,12,0,0,12,167,167,0,0,167,0,0,0,NA,0,49,49,0,8,41,0,0,0,NA,0,31,31,NA,NA,31,26,26,0,0,26,31,31,NA,3,28,98,98,0,NA,98,0,0,NA,NA,0,38,38,0,0,38,0,0,NA,NA,0,119,117,2,0,119,0,0,NA,NA,0,34,34,0,NA,34,20,20,0,NA,20,311,248,63,NA,311,347,342,5,NA,347,76,76,0,0,76,0,0,0,NA,0
M8 [Family Planning],8.2.2,Number of Interval Mini-lap (other than post-partum and post abortion) sterilizations conducted,TOTAL,106,83,23,0,106,0,0,0,NA,0,8,0,8,NA,8,0,0,NA,NA,0,0,0,0,0,0,0,0,NA,NA,0,0,0,0,NA,0,0,0,NA,NA,0,0,0,0,0,0,0,0,0,NA,0,0,0,0,NA,0,0,0,0,0,0,0,0,0,NA,0,0,0,NA,NA,0,1,1,0,0,1,67,67,NA,0,67,0,0,0,NA,0,12,12,NA,NA,12,0,0,0,0,0,0,0,NA,NA,0,0,0,0,0,0,0,0,NA,NA,0,0,0,0,NA,0,15,0,15,NA,15,0,0,0,NA,0,0,0,0,NA,0,3,3,0,0,3,0,0,0,NA,0
M8 [Family Planning],8.2.3,Number of Postpartum sterilizations (within 7 days of delivery by minilap or concurrent with caesarean section) conducted,TOTAL,1190,1027,163,116,1074,0,0,0,NA,0,110,101,9,NA,110,40,18,22,22,18,60,50,10,3,57,1,1,NA,NA,1,9,9,0,NA,9,54,54,NA,NA,54,29,29,0,0,29,24,24,0,NA,24,3,3,0,NA,3,50,37,13,13,37,27,27,0,NA,27,0,0,NA,NA,0,65,65,0,0,65,237,237,NA,0,237,43,43,0,NA,43,0,0,NA,NA,0,19,2,17,17,2,31,31,NA,NA,31,70,70,0,0,70,1,1,NA,NA,1,127,57,70,61,66,26,12,14,NA,26,28,28,0,NA,28,73,66,7,NA,73,62,62,0,0,62,1,0,1,NA,1
M8 [Family Planning],8.2.4,Number of Post Abortion sterilizations (within 7 days of spontaneous or surgical abortion) conducted,TOTAL,40,25,15,17,23,0,0,0,NA,0,0,0,NA,NA,0,0,0,NA,NA,0,0,0,0,0,0,0,0,NA,NA,0,0,0,0,NA,0,0,0,NA,NA,0,0,0,0,0,0,18,18,0,NA,18,0,0,0,NA,0,0,0,0,0,0,0,0,0,NA,0,0,0,NA,NA,0,0,0,0,0,0,6,6,NA,2,4,0,0,0,NA,0,0,0,NA,NA,0,0,0,0,0,0,0,0,NA,NA,0,0,0,0,0,0,0,0,NA,NA,0,15,0,15,15,0,1,1,0,NA,1,0,0,0,NA,0,0,0,0,NA,0,0,0,0,0,0,0,0,0,NA,0
M8 [Family Planning],8.3,Number of Interval IUCD Insertions (excluding PPIUCD and PAIUCD),TOTAL,3804,3764,40,104,3700,69,69,0,NA,69,244,244,NA,NA,244,245,245,NA,21,224,66,62,4,2,64,84,84,NA,NA,84,201,197,4,NA,201,141,141,NA,NA,141,534,521,13,34,500,120,119,1,0,120,18,18,0,NA,18,163,163,0,11,152,51,51,0,NA,51,187,187,NA,NA,187,161,161,0,0,161,346,346,NA,32,314,252,252,0,NA,252,150,150,NA,NA,150,94,94,0,0,94,82,82,NA,NA,82,40,40,0,0,40,47,47,NA,NA,47,138,136,2,NA,138,49,38,11,NA,49,100,98,2,2,98,71,70,1,NA,71,68,66,2,2,66,83,83,0,NA,83
M8 [Family Planning],8.4,Number of Postpartum (within 48 hours of delivery) IUCD insertions,TOTAL,4448,4446,2,95,4353,62,62,0,NA,62,131,131,NA,NA,131,41,41,NA,NA,41,130,130,0,0,130,12,12,NA,NA,12,427,427,0,NA,427,340,340,NA,NA,340,373,373,0,6,367,344,342,2,45,299,18,18,0,NA,18,173,173,0,18,155,634,634,0,NA,634,170,170,NA,NA,170,72,72,0,0,72,338,338,NA,26,312,46,46,0,NA,46,17,17,NA,NA,17,45,45,0,0,45,57,57,NA,NA,57,34,34,0,0,34,21,21,NA,NA,21,179,179,0,NA,179,163,163,0,NA,163,263,263,0,NA,263,84,84,0,NA,84,271,271,0,0,271,3,3,0,NA,3
M8 [Family Planning],8.5,Number of Post Abortion (within 12 days of spontaneous or surgical abortion) IUCD insertions,TOTAL,316,316,0,1,315,0,0,0,NA,0,0,0,NA,NA,0,2,2,NA,NA,2,3,3,0,0,3,0,0,NA,NA,0,76,76,0,NA,76,2,2,NA,NA,2,55,55,0,0,55,20,20,0,NA,20,0,0,0,NA,0,25,25,0,1,24,17,17,0,NA,17,0,0,NA,NA,0,0,0,0,0,0,1,1,NA,0,1,24,24,0,NA,24,0,0,NA,NA,0,0,0,0,NA,0,32,32,NA,NA,32,0,0,0,0,0,0,0,NA,NA,0,2,2,0,NA,2,5,5,0,NA,5,5,5,0,NA,5,0,0,0,NA,0,47,47,0,0,47,0,0,0,NA,0
M8 [Family Planning],8.6,Number of IUCD Removals,TOTAL,1171,1149,22,36,1135,31,31,0,NA,31,28,28,NA,NA,28,41,41,NA,2,39,24,22,2,0,24,34,34,NA,NA,34,48,48,0,NA,48,52,52,NA,NA,52,46,46,0,0,46,69,69,0,20,49,14,14,0,NA,14,55,55,0,0,55,69,69,0,NA,69,37,37,NA,NA,37,34,34,0,0,34,105,105,NA,14,91,68,68,0,NA,68,52,52,NA,NA,52,45,45,0,NA,45,75,75,NA,NA,75,15,15,0,0,15,26,26,NA,NA,26,49,48,1,NA,49,27,15,12,NA,27,39,39,0,NA,39,20,20,0,NA,20,33,26,7,0,33,35,35,0,NA,35
M8 [Family Planning],8.7,Number of complications following IUCD Insertion,TOTAL,248,247,1,3,245,5,5,0,NA,5,13,13,NA,NA,13,5,5,NA,3,2,2,2,0,0,2,8,8,NA,NA,8,21,21,0,NA,21,10,10,NA,NA,10,17,17,0,0,17,5,5,0,NA,5,3,3,0,NA,3,14,14,0,0,14,4,4,0,NA,4,7,7,NA,NA,7,2,2,0,0,2,2,2,NA,0,2,9,9,0,NA,9,10,10,NA,NA,10,5,5,0,NA,5,63,63,NA,NA,63,0,0,0,0,0,13,13,NA,NA,13,6,6,0,NA,6,2,2,0,NA,2,9,9,0,NA,9,12,11,1,NA,12,0,0,0,0,0,1,1,0,NA,1
M8 [Family Planning],8.8,Injectable Contraceptive-Antara Program- First Dose,TOTAL,0,0,0,0,0,0,0,0,NA,0,0,0,NA,NA,0,0,0,NA,NA,0,0,0,0,0,0,0,0,NA,NA,0,0,0,0,NA,0,0,0,NA,NA,0,0,0,0,0,0,0,0,0,NA,0,0,0,0,NA,0,0,0,0,0,0,0,0,0,NA,0,0,0,NA,NA,0,0,0,0,0,0,0,0,NA,0,0,0,0,0,NA,0,0,0,NA,NA,0,0,0,0,NA,0,0,0,NA,NA,0,0,0,0,0,0,0,0,NA,NA,0,0,0,0,NA,0,0,0,NA,NA,0,0,0,0,NA,0,0,0,0,NA,0,0,0,0,0,0,0,0,0,NA,0
M8 [Family Planning],8.9,Injectable Contraceptive-Antara Program- Second Dose,TOTAL,0,0,0,0,0,0,0,0,NA,0,0,0,NA,NA,0,0,0,NA,NA,0,0,0,0,0,0,0,0,NA,NA,0,0,0,0,NA,0,0,0,NA,NA,0,0,0,0,0,0,0,0,0,NA,0,0,0,0,NA,0,0,0,0,0,0,0,0,0,NA,0,0,0,NA,NA,0,0,0,0,0,0,0,0,NA,0,0,0,0,0,NA,0,0,0,NA,NA,0,0,0,0,NA,0,0,0,NA,NA,0,0,0,0,0,0,0,0,NA,NA,0,0,0,0,NA,0,0,0,NA,NA,0,0,0,0,NA,0,0,0,0,NA,0,0,0,0,0,0,0,0,0,NA,0
M8 [Family Planning],8.1,Injectable Contraceptive-Antara Program- Third Dose,TOTAL,0,0,0,0,0,0,0,0,NA,0,0,0,NA,NA,0,0,0,NA,NA,0,0,0,0,0,0,0,0,NA,NA,0,0,0,0,NA,0,0,0,NA,NA,0,0,0,0,0,0,0,0,0,NA,0,0,0,0,NA,0,0,0,0,0,0,0,0,0,NA,0,0,0,NA,NA,0,0,0,0,0,0,0,0,NA,0,0,0,0,0,NA,0,0,0,NA,NA,0,0,0,0,NA,0,0,0,NA,NA,0,0,0,0,0,0,0,0,NA,NA,0,0,0,0,NA,0,0,0,NA,NA,0,0,0,0,NA,0,0,0,0,NA,0,0,0,0,0,0,0,0,0,NA,0
M8 [Family Planning],8.11,Injectable Contraceptive-Antara Program- Fourth or more than fourth,TOTAL,21,10,11,0,21,0,0,0,NA,0,0,0,NA,NA,0,0,0,NA,NA,0,0,0,0,0,0,0,0,NA,NA,0,0,0,0,NA,0,0,0,NA,NA,0,0,0,0,0,0,0,0,0,NA,0,0,0,0,NA,0,0,0,0,0,0,0,0,0,NA,0,0,0,NA,NA,0,0,0,0,0,0,0,0,NA,0,0,0,0,0,NA,0,0,0,NA,NA,0,0,0,0,NA,0,0,0,NA,NA,0,0,0,0,0,0,0,0,NA,NA,0,0,0,0,NA,0,0,0,NA,NA,0,0,0,0,NA,0,10,10,0,NA,10,11,0,11,0,11,0,0,0,NA,0
M8 [Family Planning],8.12,Number of Combined Oral Pill cycles distributed,TOTAL,164420,160670,3750,4036,160384,4764,4730,34,NA,4764,11766,11766,NA,NA,11766,4442,4436,6,263,4179,6629,6540,89,160,6469,2402,2402,NA,NA,2402,4190,4170,20,NA,4190,4160,4160,NA,NA,4160,8669,8275,394,167,8502,5344,4666,678,324,5020,855,855,0,NA,855,10902,10902,0,597,10305,8297,8278,19,NA,8297,4213,4213,NA,NA,4213,4792,4752,40,124,4668,3606,3606,NA,2060,1546,10649,10649,0,NA,10649,4309,4309,NA,NA,4309,4138,4136,2,20,4118,7130,7130,NA,NA,7130,7128,6782,346,49,7079,3453,3453,NA,NA,3453,13744,13561,183,78,13666,5078,5078,NA,NA,5078,3960,3763,197,43,3917,9609,8886,723,26,9583,6042,5359,683,125,5917,4149,3813,336,NA,4149
M8 [Family Planning],8.13,Number of Condom pieces distributed,TOTAL,387266,380791,6475,11313,375953,15475,15463,12,NA,15475,20712,20712,NA,NA,20712,8957,8857,100,663,8294,20451,20181,270,785,19666,3128,3128,NA,NA,3128,11269,11248,21,NA,11269,4417,4417,NA,NA,4417,22533,21786,747,260,22273,17870,15101,2769,530,17340,1536,1536,0,NA,1536,28479,28479,0,1294,27185,18273,18259,14,NA,18273,12938,12938,NA,NA,12938,20394,20369,25,2606,17788,9628,9628,NA,3904,5724,33350,33350,0,NA,33350,22650,22650,NA,NA,22650,9372,9372,0,30,9342,11610,11610,NA,NA,11610,10745,10464,281,814,9931,6819,6819,NA,NA,6819,16280,16213,67,10,16270,16253,16253,NA,NA,16253,13885,13519,366,270,13615,17625,16918,707,27,17598,7968,7128,840,120,7848,4649,4393,256,NA,4649
M8 [Family Planning],8.14,Number of Centchroman (weekly) pill strips distributed,TOTAL,1702,1672,30,160,1542,0,0,0,NA,0,0,0,NA,NA,0,0,0,NA,NA,0,149,149,0,18,131,0,0,NA,NA,0,0,0,0,NA,0,0,0,NA,NA,0,0,0,0,0,0,50,44,6,0,50,0,0,0,NA,0,49,49,0,15,34,20,20,0,NA,20,2,2,NA,NA,2,0,0,0,0,0,127,127,NA,127,0,36,36,0,NA,36,62,62,NA,NA,62,86,86,0,0,86,15,15,NA,NA,15,0,0,0,0,0,100,100,NA,NA,100,376,376,0,NA,376,0,0,NA,NA,0,70,70,0,NA,70,516,497,19,NA,516,33,28,5,0,33,11,11,0,NA,11
M8 [Family Planning],8.15,Number of Emergency Contraceptive Pills (ECP) given,TOTAL,2928,2913,15,185,2743,110,110,0,NA,110,220,220,NA,NA,220,10,10,NA,5,5,51,51,0,0,51,59,59,NA,NA,59,10,10,0,NA,10,24,24,NA,NA,24,323,323,0,38,285,29,27,2,0,29,18,18,0,NA,18,339,339,0,20,319,88,88,0,NA,88,228,228,NA,NA,228,44,44,0,0,44,148,148,NA,112,36,206,206,0,NA,206,60,60,NA,NA,60,137,137,0,10,127,93,93,NA,NA,93,97,93,4,0,97,1,1,NA,NA,1,353,353,0,NA,353,41,41,NA,NA,41,10,10,0,NA,10,83,78,5,NA,83,96,96,0,0,96,50,46,4,NA,50
M8 [Family Planning],8.16,Number of Pregnancy Test Kits (PTK) used,TOTAL,17545,16873,672,885,16660,451,449,2,NA,451,768,766,2,NA,768,278,278,NA,35,243,1271,1111,160,140,1131,284,284,NA,NA,284,252,252,0,NA,252,312,312,NA,NA,312,545,538,7,0,545,775,663,112,27,748,276,276,0,NA,276,1344,1344,0,168,1176,510,510,0,NA,510,1013,1013,NA,NA,1013,638,638,0,101,537,815,815,NA,351,464,1407,1407,0,NA,1407,656,656,NA,NA,656,625,625,0,0,625,609,609,NA,NA,609,514,497,17,0,514,143,143,NA,NA,143,1557,1541,16,NA,1557,331,331,NA,NA,331,371,358,13,NA,371,716,623,93,NA,716,775,539,236,63,712,309,295,14,NA,309
M8 [Family Planning],8.17.1,Complications following male sterilization,TOTAL,2,2,0,0,2,0,0,0,NA,0,0,0,NA,NA,0,0,0,NA,NA,0,0,0,0,0,0,0,0,NA,NA,0,0,0,0,NA,0,0,0,NA,NA,0,0,0,0,0,0,0,0,0,NA,0,0,0,0,NA,0,0,0,0,0,0,0,0,0,NA,0,0,0,NA,NA,0,0,0,0,0,0,0,0,NA,0,0,0,0,0,NA,0,0,0,NA,NA,0,0,0,0,NA,0,0,0,NA,NA,0,0,0,0,0,0,0,0,0,NA,0,2,2,0,NA,2,0,0,0,NA,0,0,0,0,NA,0,0,0,0,NA,0,0,0,0,0,0,0,0,0,NA,0
M8 [Family Planning],8.17.2,Complications following female sterilization,TOTAL,50,50,0,0,50,0,0,0,NA,0,8,8,NA,NA,8,0,0,NA,NA,0,0,0,0,0,0,0,0,NA,NA,0,2,2,0,NA,2,0,0,NA,NA,0,0,0,0,0,0,0,0,0,NA,0,0,0,0,NA,0,37,37,0,0,37,0,0,0,NA,0,0,0,NA,NA,0,0,0,0,0,0,0,0,NA,0,0,0,0,0,NA,0,0,0,NA,NA,0,1,1,0,NA,1,0,0,NA,NA,0,0,0,0,0,0,0,0,0,NA,0,1,1,0,NA,1,0,0,0,NA,0,0,0,0,NA,0,1,1,0,NA,1,0,0,0,0,0,0,0,0,NA,0
M8 [Family Planning],8.17.3,Failures following male sterilization,TOTAL,0,0,0,0,0,0,0,0,NA,0,0,0,NA,NA,0,0,0,NA,NA,0,0,0,0,0,0,0,0,NA,NA,0,0,0,0,NA,0,0,0,NA,NA,0,0,0,0,0,0,0,0,0,NA,0,0,0,0,NA,0,0,0,0,0,0,0,0,0,NA,0,0,0,NA,NA,0,0,0,0,0,0,0,0,NA,0,0,0,0,0,NA,0,0,0,NA,NA,0,0,0,0,NA,0,0,0,NA,NA,0,0,0,0,0,0,0,0,0,NA,0,0,0,0,NA,0,0,0,0,NA,0,0,0,0,NA,0,0,0,0,NA,0,0,0,0,0,0,0,0,0,NA,0
M8 [Family Planning],8.17.4,Failures following female sterilization,TOTAL,2,2,0,0,2,0,0,0,NA,0,0,0,NA,NA,0,0,0,NA,NA,0,0,0,0,0,0,0,0,NA,NA,0,0,0,0,NA,0,0,0,NA,NA,0,0,0,0,0,0,0,0,0,NA,0,0,0,0,NA,0,0,0,0,0,0,0,0,0,NA,0,0,0,NA,NA,0,0,0,0,0,0,0,0,NA,0,0,2,2,0,NA,2,0,0,NA,NA,0,0,0,0,NA,0,0,0,NA,NA,0,0,0,0,0,0,0,0,0,NA,0,0,0,0,NA,0,0,0,0,NA,0,0,0,0,NA,0,0,0,0,NA,0,0,0,0,0,0,0,0,0,NA,0
M8 [Family Planning],8.17.5,Deaths following male sterilization,TOTAL,0,0,0,0,0,0,0,0,NA,0,0,0,NA,NA,0,0,0,NA,NA,0,0,0,0,0,0,0,0,NA,NA,0,0,0,0,NA,0,0,0,NA,NA,0,0,0,0,0,0,0,0,0,NA,0,0,0,0,NA,0,0,0,0,0,0,0,0,0,NA,0,0,0,NA,NA,0,0,0,0,0,0,0,0,NA,0,0,0,0,0,NA,0,0,0,NA,NA,0,0,0,0,NA,0,0,0,NA,NA,0,0,0,0,0,0,0,0,0,NA,0,0,0,0,NA,0,0,0,0,NA,0,0,0,0,NA,0,0,0,0,NA,0,0,0,0,0,0,0,0,0,NA,0
M8 [Family Planning],8.17.6,Deaths following female sterilization,TOTAL,0,0,0,0,0,0,0,0,NA,0,0,0,NA,NA,0,0,0,NA,NA,0,0,0,0,0,0,0,0,NA,NA,0,0,0,0,NA,0,0,0,NA,NA,0,0,0,0,0,0,0,0,0,NA,0,0,0,0,NA,0,0,0,0,0,0,0,0,0,NA,0,0,0,NA,NA,0,0,0,0,0,0,0,0,NA,0,0,0,0,0,NA,0,0,0,NA,NA,0,0,0,0,NA,0,0,0,NA,NA,0,0,0,0,0,0,0,0,0,NA,0,0,0,0,NA,0,0,0,0,NA,0,0,0,0,NA,0,0,0,0,NA,0,0,0,0,0,0,0,0,0,NA,0
M9 [CHILD IMMUNISATION],9.1.1,Child immunisation - Vitamin K1 (Birth Dose),TOTAL,31477,29460,2017,623,30854,784,784,0,NA,784,1255,1255,NA,NA,1255,456,454,2,2,454,2349,2001,348,0,2349,204,204,0,NA,204,678,678,0,NA,678,1115,1115,NA,NA,1115,2477,2477,0,30,2447,1741,1562,179,49,1692,217,214,3,NA,217,1700,1700,0,52,1648,1013,1004,9,NA,1013,1006,1006,NA,NA,1006,530,488,42,0,530,2434,2085,349,445,1989,893,893,0,NA,893,771,771,NA,NA,771,1353,1157,196,NA,1353,996,996,NA,NA,996,1136,1087,49,0,1136,741,741,0,NA,741,2991,2838,153,0,2991,1154,716,438,NA,1154,914,914,0,NA,914,829,741,88,NA,829,1300,1157,143,45,1255,440,422,18,NA,440
M9 [CHILD IMMUNISATION],9.1.2,Child immunisation - BCG,TOTAL,64285,60816,3469,3145,61140,1278,1277,1,NA,1278,4072,4011,61,NA,4072,1614,1565,49,111,1503,4610,4018,592,593,4017,893,893,0,NA,893,1858,1854,4,NA,1858,1274,1274,NA,NA,1274,5830,5771,59,50,5780,2258,1835,423,192,2066,373,370,3,NA,373,2626,2599,27,132,2494,1686,1651,35,NA,1686,1453,1453,NA,NA,1453,1529,1497,32,51,1478,2571,2231,340,1698,873,2444,2444,0,NA,2444,2286,2284,2,2,2284,3098,2960,138,25,3073,1952,1952,NA,NA,1952,1990,1905,85,47,1943,2036,2036,0,NA,2036,6678,6509,169,27,6651,1350,912,438,NA,1350,1485,1350,135,108,1377,3603,3338,265,12,3591,2255,1756,499,97,2158,1183,1071,112,NA,1183
M9 [CHILD IMMUNISATION],9.1.3,Child immunisation - DPT1,TOTAL,68,68,0,0,68,0,0,0,NA,0,0,0,NA,NA,0,0,0,NA,NA,0,0,0,0,0,0,0,0,0,NA,0,1,1,0,NA,1,1,1,NA,NA,1,7,7,0,0,7,0,0,0,0,0,0,0,0,NA,0,19,19,0,0,19,2,2,0,NA,2,0,0,NA,NA,0,0,0,0,0,0,0,0,0,0,0,0,0,0,NA,0,0,0,NA,NA,0,0,0,0,0,0,9,9,NA,NA,9,0,0,0,0,0,0,0,NA,NA,0,29,29,0,0,29,0,0,NA,NA,0,0,0,0,0,0,0,0,0,NA,0,0,0,0,0,0,0,0,0,NA,0
M9 [CHILD IMMUNISATION],9.1.4,Child immunisation - DPT2,TOTAL,29,29,0,0,29,0,0,0,NA,0,0,0,NA,NA,0,0,0,NA,NA,0,0,0,0,0,0,0,0,0,NA,0,0,0,0,NA,0,0,0,NA,NA,0,8,8,0,0,8,0,0,0,0,0,0,0,0,NA,0,10,10,0,0,10,7,7,0,NA,7,0,0,NA,NA,0,0,0,0,0,0,0,0,0,0,0,0,0,0,NA,0,0,0,NA,NA,0,0,0,0,0,0,0,0,NA,NA,0,0,0,0,0,0,0,0,NA,NA,0,4,4,0,0,4,0,0,NA,NA,0,0,0,0,0,0,0,0,0,NA,0,0,0,0,0,0,0,0,0,NA,0
M9 [CHILD IMMUNISATION],9.1.5,Child immunisation - DPT3,TOTAL,24,24,0,0,24,0,0,0,NA,0,0,0,NA,NA,0,0,0,NA,NA,0,0,0,0,0,0,0,0,NA,NA,0,0,0,0,NA,0,0,0,NA,NA,0,5,5,0,0,5,0,0,0,0,0,0,0,0,NA,0,0,0,0,0,0,4,4,0,NA,4,0,0,NA,NA,0,0,0,0,0,0,0,0,0,0,0,0,0,0,NA,0,0,0,NA,NA,0,0,0,0,0,0,0,0,NA,NA,0,0,0,0,0,0,0,0,NA,NA,0,2,2,0,0,2,0,0,NA,NA,0,0,0,0,0,0,13,13,0,NA,13,0,0,0,0,0,0,0,0,NA,0
M9 [CHILD IMMUNISATION],9.1.6,Child immunisation - Pentavalent 1,TOTAL,58804,56530,2274,2921,55883,1380,1379,1,NA,1380,3557,3551,6,NA,3557,1434,1404,30,111,1323,3047,2922,125,292,2755,863,863,NA,NA,863,1946,1946,0,NA,1946,1216,1216,NA,NA,1216,5469,5397,72,90,5379,1958,1539,419,187,1771,380,380,0,NA,380,2245,2245,0,122,2123,1650,1636,14,NA,1650,1439,1439,NA,NA,1439,1584,1574,10,133,1451,1995,1984,11,1505,490,2716,2716,0,NA,2716,2285,2281,4,4,2281,2437,2437,0,41,2396,1678,1678,NA,NA,1678,1940,1836,104,78,1862,2055,2055,0,NA,2055,6048,5999,49,70,5978,1361,1173,188,NA,1361,1604,1426,178,76,1528,3071,2749,322,45,3026,2145,1534,611,167,1978,1301,1171,130,NA,1301
M9 [CHILD IMMUNISATION],9.1.7,Child immunisation - Pentavalent 2,TOTAL,54040,51958,2082,2833,51207,1307,1307,0,NA,1307,3146,3144,2,NA,3146,1306,1286,20,94,1212,2633,2536,97,268,2365,858,858,NA,NA,858,1920,1914,6,NA,1920,1105,1105,NA,NA,1105,5000,4921,79,77,4923,1725,1366,359,164,1561,319,319,0,NA,319,2180,2180,0,140,2040,1547,1530,17,NA,1547,1238,1238,NA,NA,1238,1552,1543,9,129,1423,1989,1975,14,1500,489,2556,2556,0,NA,2556,1924,1917,7,7,1917,2226,2226,0,43,2183,1543,1543,NA,NA,1543,1793,1717,76,75,1718,1904,1904,0,NA,1904,5463,5416,47,54,5409,1140,986,154,NA,1140,1551,1398,153,80,1471,2872,2578,294,41,2831,2101,1478,623,161,1940,1142,1017,125,NA,1142
M9 [CHILD IMMUNISATION],9.1.8,Child immunisation - Pentavalent 3,TOTAL,49302,47664,1638,2675,46627,1153,1153,0,NA,1153,2995,2995,0,NA,2995,1175,1155,20,77,1098,2757,2652,105,282,2475,839,839,NA,NA,839,1768,1764,4,NA,1768,925,925,NA,NA,925,4547,4475,72,69,4478,1410,1101,309,133,1277,327,327,0,NA,327,1852,1852,0,127,1725,1257,1249,8,NA,1257,1257,1257,NA,NA,1257,1406,1405,1,99,1307,1920,1907,13,1493,427,2329,2329,0,NA,2329,1557,1556,1,1,1556,2144,2144,0,35,2109,1404,1404,NA,NA,1404,1537,1476,61,76,1461,1720,1720,0,NA,1720,5290,5259,31,60,5230,1078,930,148,NA,1078,1291,1148,143,73,1218,2700,2488,212,32,2668,1651,1226,425,118,1533,1013,928,85,NA,1013
M9 [CHILD IMMUNISATION],9.1.9,Child immunisation - OPV 0 (Birth Dose),TOTAL,34434,32054,2380,1179,33255,753,753,0,NA,753,1930,1869,61,NA,1930,520,492,28,33,487,3068,2377,691,558,2510,392,392,NA,NA,392,894,894,0,NA,894,961,961,NA,NA,961,1934,1934,0,24,1910,2008,1702,306,148,1860,241,238,3,NA,241,1229,1203,26,67,1162,1170,1135,35,NA,1170,687,687,NA,NA,687,1280,1251,29,51,1229,2150,2083,67,149,2001,1091,1091,0,NA,1091,916,916,NA,NA,916,1441,1205,236,98,1343,1158,1158,NA,NA,1158,1162,1143,19,19,1143,648,648,0,NA,648,3510,3344,166,0,3510,1057,627,430,NA,1057,1002,987,15,8,994,1835,1769,66,NA,1835,724,594,130,24,700,673,601,72,NA,673
M9 [CHILD IMMUNISATION],9.1.10,Child immunisation - OPV1,TOTAL,58695,56415,2280,2940,55755,1373,1372,1,NA,1373,3432,3426,6,NA,3432,1441,1411,30,111,1330,3032,2921,111,292,2740,868,868,NA,NA,868,1924,1924,0,NA,1924,1217,1217,NA,NA,1217,5507,5435,72,90,5417,1943,1524,419,178,1765,380,380,0,NA,380,2254,2253,1,123,2131,1633,1619,14,NA,1633,1439,1439,NA,NA,1439,1590,1580,10,133,1457,2022,1984,38,1532,490,2716,2716,0,NA,2716,2285,2281,4,4,2281,2440,2440,0,41,2399,1680,1680,NA,NA,1680,1940,1836,104,78,1862,2053,2053,0,NA,2053,6080,6032,48,70,6010,1356,1173,183,NA,1356,1599,1424,175,76,1523,3068,2750,318,45,3023,2143,1527,616,167,1976,1280,1150,130,NA,1280
M9 [CHILD IMMUNISATION],9.1.11,Child immunisation - OPV2,TOTAL,53892,51797,2095,2852,51040,1299,1299,0,NA,1299,3069,3067,2,NA,3069,1301,1281,20,94,1207,2623,2533,90,268,2355,857,857,NA,NA,857,1892,1886,6,NA,1892,1096,1096,NA,NA,1096,5006,4927,79,77,4929,1716,1357,359,160,1556,319,319,0,NA,319,2173,2173,0,140,2033,1561,1544,17,NA,1561,1238,1238,NA,NA,1238,1549,1540,9,129,1420,2012,1975,37,1523,489,2556,2556,0,NA,2556,1924,1917,7,7,1917,2218,2218,0,43,2175,1548,1548,NA,NA,1548,1793,1717,76,75,1718,1899,1899,0,NA,1899,5471,5424,47,54,5417,1134,982,152,NA,1134,1559,1406,153,80,1479,2871,2573,298,41,2830,2092,1474,618,161,1931,1116,991,125,NA,1116
M9 [CHILD IMMUNISATION],9.1.12,Child immunisation - OPV3,TOTAL,48860,47194,1666,2719,46141,1147,1147,0,NA,1147,2900,2900,0,NA,2900,1179,1159,20,77,1102,2748,2649,99,282,2466,834,834,NA,NA,834,1746,1742,4,NA,1746,925,925,NA,NA,925,4553,4481,72,69,4484,1425,1116,309,156,1269,327,327,0,NA,327,1838,1838,0,127,1711,1264,1256,8,NA,1264,1259,1259,NA,NA,1259,1394,1393,1,99,1295,1943,1907,36,1516,427,2331,2331,0,NA,2331,1557,1556,1,1,1556,2142,2142,0,35,2107,1381,1381,NA,NA,1381,1537,1476,61,76,1461,1719,1719,0,NA,1719,5276,5245,31,60,5216,1080,930,150,NA,1080,1299,1155,144,73,1226,2410,2198,212,32,2378,1650,1218,432,116,1534,996,910,86,NA,996
M9 [CHILD IMMUNISATION],9.1.13,Child immunisation - Hepatitis-B0 (Birth Dose),TOTAL,31343,29561,1782,983,30360,325,325,0,NA,325,1708,1647,61,NA,1708,415,403,12,12,403,2910,2247,663,558,2352,225,225,NA,NA,225,853,853,0,NA,853,886,886,NA,NA,886,1660,1660,0,24,1636,1701,1506,195,40,1661,198,195,3,NA,198,1145,1145,0,41,1104,1104,1069,35,NA,1104,680,680,NA,NA,680,987,958,29,0,987,2167,2100,67,165,2002,1063,1063,0,NA,1063,800,800,NA,NA,800,1354,1118,236,98,1256,1028,1028,NA,NA,1028,949,941,8,19,930,627,627,0,NA,627,3409,3256,153,0,3409,763,569,194,NA,763,852,852,0,NA,852,2036,2015,21,NA,2036,909,858,51,26,883,589,535,54,NA,589
M9 [CHILD IMMUNISATION],9.1.14,Child immunisation - Hepatitis-B1,TOTAL,98,73,25,59,39,0,0,0,NA,0,0,0,NA,NA,0,0,0,NA,NA,0,0,0,0,0,0,0,0,NA,NA,0,0,0,0,NA,0,0,0,NA,NA,0,4,4,0,0,4,0,0,0,0,0,0,0,0,NA,0,64,39,25,59,5,14,14,0,NA,14,0,0,NA,NA,0,0,0,0,0,0,0,0,0,0,0,4,4,0,NA,4,0,0,NA,NA,0,0,0,0,0,0,12,12,NA,NA,12,0,0,0,0,0,0,0,NA,NA,0,0,0,0,0,0,0,0,0,NA,0,0,0,0,NA,0,0,0,0,NA,0,0,0,0,0,0,0,0,0,NA,0
M9 [CHILD IMMUNISATION],9.1.15,Child immunisation - Hepatitis-B2,TOTAL,111,100,11,64,47,0,0,0,NA,0,0,0,NA,NA,0,0,0,NA,NA,0,0,0,0,0,0,0,0,NA,NA,0,0,0,0,NA,0,0,0,NA,NA,0,1,1,0,0,1,0,0,0,0,0,0,0,0,NA,0,67,67,0,53,14,13,13,0,NA,13,0,0,NA,NA,0,0,0,0,0,0,11,0,11,11,0,6,6,0,NA,6,0,0,NA,NA,0,0,0,0,0,0,13,13,NA,NA,13,0,0,0,0,0,0,0,NA,NA,0,0,0,0,0,0,0,0,0,NA,0,0,0,0,NA,0,0,0,0,NA,0,0,0,0,0,0,0,0,0,NA,0
M9 [CHILD IMMUNISATION],9.1.16,Child immunisation - Hepatitis-B3,TOTAL,96,82,14,58,38,0,0,0,NA,0,0,0,NA,NA,0,0,0,NA,NA,0,0,0,0,0,0,0,0,NA,NA,0,0,0,0,NA,0,0,0,NA,NA,0,0,0,0,0,0,0,0,0,0,0,0,0,0,NA,0,52,52,0,44,8,3,3,0,NA,3,0,0,NA,NA,0,0,0,0,0,0,14,0,14,14,0,10,10,0,NA,10,0,0,NA,NA,0,0,0,0,0,0,17,17,NA,NA,17,0,0,0,0,0,0,0,NA,NA,0,0,0,0,0,0,0,0,0,NA,0,0,0,0,NA,0,0,0,0,NA,0,0,0,0,0,0,0,0,0,NA,0
M9 [CHILD IMMUNISATION],9.1.17,Child immunisation - Inactivated Polio Vaccine 1 (IPV 1),TOTAL,47028,45507,1521,2398,44630,1279,1279,0,NA,1279,2525,2525,NA,NA,2525,1286,1281,5,86,1200,1809,1796,13,193,1616,660,660,NA,NA,660,1084,1084,0,NA,1084,944,944,NA,NA,944,4605,4554,51,90,4515,1610,1290,320,183,1427,352,352,0,NA,352,1856,1856,0,115,1741,1425,1425,0,NA,1425,1131,1131,NA,NA,1131,1451,1441,10,133,1318,1596,1596,0,1211,385,2077,2077,0,NA,2077,1825,1825,NA,NA,1825,1738,1738,0,43,1695,1364,1364,NA,NA,1364,1843,1748,95,78,1765,1697,1697,0,NA,1697,5425,5380,45,70,5355,1107,1002,105,NA,1107,1273,1144,129,29,1244,2369,2185,184,45,2324,1685,1209,476,122,1563,1012,924,88,NA,1012
M9 [CHILD IMMUNISATION],9.1.18,Child immunisation - Inactivated Polio Vaccine 2 (IPV 2),TOTAL,32101,31220,881,2132,29969,710,710,0,NA,710,1832,1832,NA,NA,1832,949,926,23,80,869,1317,1309,8,185,1132,467,467,NA,NA,467,775,775,0,NA,775,624,624,NA,NA,624,3130,3088,42,65,3065,1022,839,183,126,896,250,250,0,NA,250,1321,1321,0,99,1222,935,935,0,NA,935,839,839,NA,NA,839,1218,1217,1,99,1119,1372,1372,0,1110,262,1227,1227,0,NA,1227,1033,1033,NA,NA,1033,1227,1227,0,35,1192,677,677,NA,NA,677,1433,1380,53,76,1357,621,621,0,NA,621,4122,4110,12,62,4060,763,666,97,NA,763,940,856,84,73,867,1506,1395,111,24,1482,1028,816,212,98,930,763,708,55,NA,763
M9 [CHILD IMMUNISATION],9.1.19,Child immunisation - Rotavirus 1,TOTAL,57947,55787,2160,2887,55060,1382,1382,0,NA,1382,3443,3437,6,NA,3443,1404,1394,10,91,1313,3005,2888,117,292,2713,855,855,NA,NA,855,1770,1770,0,NA,1770,1216,1216,NA,NA,1216,5429,5357,72,90,5339,1936,1521,415,185,1751,375,375,0,NA,375,2228,2228,0,122,2106,1607,1593,14,NA,1607,1409,1409,NA,NA,1409,1595,1585,10,133,1462,2031,2020,11,1501,530,2657,2657,0,NA,2657,2251,2249,2,2,2249,2354,2354,0,43,2311,1637,1637,NA,NA,1637,1937,1833,104,78,1859,2002,2002,0,NA,2002,5962,5914,48,70,5892,1339,1156,183,NA,1339,1603,1431,172,76,1527,3053,2736,317,45,3008,2186,1622,564,159,2027,1281,1166,115,NA,1281
M9 [CHILD IMMUNISATION],9.1.20,Child immunisation - Rotavirus 2,TOTAL,52391,50440,1951,2788,49603,1268,1268,0,NA,1268,3062,3060,2,NA,3062,1275,1267,8,82,1193,2561,2463,98,268,2293,801,801,NA,NA,801,1742,1739,3,NA,1742,1091,1091,NA,NA,1091,4926,4845,81,77,4849,1720,1367,353,163,1557,295,295,0,NA,295,2122,2122,0,127,1995,1520,1503,17,NA,1520,1209,1209,NA,NA,1209,1538,1529,9,129,1409,1997,1983,14,1485,512,2487,2487,0,NA,2487,1862,1858,4,4,1858,2070,2070,0,43,2027,1389,1389,NA,NA,1389,1770,1694,76,75,1695,1792,1792,0,NA,1792,5345,5298,47,54,5291,1109,957,152,NA,1109,1528,1392,136,80,1448,2838,2549,289,41,2797,1979,1422,557,160,1819,1095,990,105,NA,1095
M9 [CHILD IMMUNISATION],9.1.21,Child immunisation - Rotavirus 3,TOTAL,46466,44963,1503,2659,43807,1088,1088,0,NA,1088,2872,2872,0,NA,2872,1125,1120,5,59,1066,2595,2490,105,282,2313,755,755,NA,NA,755,1548,1545,3,NA,1548,915,915,NA,NA,915,4356,4287,69,110,4246,1404,1107,297,133,1271,306,306,0,NA,306,1777,1777,0,114,1663,1198,1190,8,NA,1198,1188,1188,NA,NA,1188,1402,1401,1,99,1303,1874,1861,13,1469,405,2196,2196,0,NA,2196,1466,1466,NA,NA,1466,1926,1926,0,35,1891,1221,1221,NA,NA,1221,1553,1492,61,76,1477,1588,1588,0,NA,1588,5017,4985,32,60,4957,1043,893,150,NA,1043,1240,1119,121,73,1167,2366,2160,206,32,2334,1477,1118,359,117,1360,970,897,73,NA,970
M9 [CHILD IMMUNISATION],9.2.1,Child immunisation (9-11months) - Measles & Rubella (MR)- 1st Dose,TOTAL,51,27,24,24,27,0,0,0,NA,0,0,0,NA,NA,0,0,0,NA,NA,0,0,0,0,0,0,0,0,NA,NA,0,0,0,0,NA,0,0,0,NA,NA,0,0,0,0,0,0,0,0,0,0,0,0,0,0,NA,0,0,0,0,0,0,0,0,0,NA,0,0,0,NA,NA,0,0,0,0,0,0,24,0,24,24,0,0,0,0,NA,0,0,0,NA,NA,0,0,0,0,0,0,4,4,NA,NA,4,0,0,0,0,0,0,0,NA,NA,0,23,23,0,0,23,0,0,NA,NA,0,0,0,0,NA,0,0,0,0,NA,0,0,0,0,0,0,0,0,0,NA,0
M9 [CHILD IMMUNISATION],9.2.2,Child immunisation (9-11months) - Measles 1st dose,TOTAL,59397,57306,2091,3021,56376,1542,1542,0,NA,1542,3266,3261,5,NA,3266,2056,1986,70,278,1778,3623,3552,71,271,3352,800,800,NA,NA,800,1945,1940,5,NA,1945,1315,1315,NA,NA,1315,4964,4885,79,76,4888,1781,1414,367,163,1618,354,354,0,NA,354,2268,2268,0,132,2136,1641,1629,12,NA,1641,1367,1367,NA,NA,1367,1562,1559,3,118,1444,1995,1992,3,1503,492,2783,2783,0,NA,2783,1942,1936,6,6,1936,2531,2531,0,30,2501,1594,1594,NA,NA,1594,1981,1904,77,80,1901,2089,2089,0,NA,2089,6420,6381,39,67,6353,1287,1165,122,NA,1287,1562,1385,177,119,1443,3351,2995,356,40,3311,2082,1497,585,138,1944,1296,1182,114,NA,1296
M9 [CHILD IMMUNISATION],9.2.3,Child immunisation (9-11months) - JE 1st dose,TOTAL,59453,57395,2058,2885,56568,1490,1490,0,NA,1490,3224,3224,NA,NA,3224,2037,2001,36,244,1793,3569,3489,80,232,3337,812,812,NA,NA,812,2025,2020,5,NA,2025,1399,1399,NA,NA,1399,4954,4875,79,76,4878,1841,1446,395,168,1673,358,358,0,NA,358,2386,2386,0,132,2254,1811,1799,12,NA,1811,1362,1362,NA,NA,1362,1567,1564,3,138,1429,1887,1884,3,1409,478,2590,2590,0,NA,2590,1944,1938,6,6,1938,2654,2654,0,30,2624,1592,1592,NA,NA,1592,1990,1913,77,80,1910,2064,2064,0,NA,2064,6369,6335,34,67,6302,1289,1165,124,NA,1289,1571,1402,169,119,1452,3190,2877,313,42,3148,2151,1544,607,142,2009,1327,1212,115,NA,1327
M9 [CHILD IMMUNISATION],9.2.4.a,Children aged between 9 and 11 months fully immunized- Male,TOTAL,30704,29608,1096,1557,29147,789,789,0,NA,789,1668,1666,2,NA,1668,1044,1002,42,152,892,1824,1790,34,140,1684,429,429,NA,NA,429,981,979,2,NA,981,679,679,NA,NA,679,2735,2691,44,47,2688,944,755,189,79,865,172,172,0,NA,172,1201,1201,0,65,1136,838,838,0,NA,838,721,721,NA,NA,721,844,843,1,64,780,987,973,14,777,210,1388,1388,0,NA,1388,1016,1015,1,1,1015,1314,1314,0,20,1294,835,835,NA,NA,835,1001,966,35,33,968,1082,1082,0,NA,1082,3310,3290,20,36,3274,664,599,65,NA,664,814,705,109,56,758,1690,1510,180,17,1673,1083,778,305,70,1013,651,598,53,NA,651
M9 [CHILD IMMUNISATION],9.2.4.b,Children aged between 9 and 11 months fully immunized - Female,TOTAL,28892,27876,1016,1421,27471,749,749,0,NA,749,1567,1564,3,NA,1567,1012,984,28,126,886,1750,1713,37,131,1619,379,379,NA,NA,379,966,963,3,NA,966,650,650,NA,NA,650,2498,2463,35,29,2469,836,659,177,83,753,182,182,0,NA,182,1181,1181,0,67,1114,791,791,0,NA,791,645,645,NA,NA,645,754,752,2,54,700,884,873,11,684,200,1395,1395,0,NA,1395,926,921,5,5,921,1232,1232,0,10,1222,754,754,NA,NA,754,977,935,42,47,930,1010,1010,0,NA,1010,3095,3076,19,31,3064,616,559,57,NA,616,748,680,68,63,685,1656,1480,176,23,1633,994,702,292,68,926,645,584,61,NA,645
M9 [CHILD IMMUNISATION],9.3.1,Child immunisation - Measles & Rubella (MR)- 1st Dose,TOTAL,23,0,23,23,0,0,0,0,NA,0,0,0,NA,NA,0,0,0,NA,NA,0,14,0,14,14,0,0,0,NA,NA,0,0,0,0,NA,0,0,0,NA,NA,0,0,0,0,0,0,0,0,0,NA,0,0,0,0,NA,0,0,0,0,0,0,0,0,0,NA,0,0,0,NA,NA,0,0,0,0,0,0,9,0,9,9,0,0,0,0,NA,0,0,0,NA,NA,0,0,0,0,0,0,0,0,NA,NA,0,0,0,0,0,0,0,0,NA,NA,0,0,0,0,0,0,0,0,NA,NA,0,0,0,0,NA,0,0,0,0,NA,0,0,0,0,0,0,0,0,0,NA,0
M9 [CHILD IMMUNISATION],9.3.2,Child immunisation - Measles-1st dose,TOTAL,3843,3767,76,307,3536,1,1,0,NA,1,707,707,NA,NA,707,10,10,NA,NA,10,200,178,22,22,178,76,76,NA,NA,76,20,20,0,NA,20,24,24,NA,NA,24,241,241,0,32,209,64,30,34,NA,64,18,18,0,NA,18,229,229,0,92,137,82,82,0,NA,82,1,1,NA,NA,1,102,102,0,0,102,76,73,3,51,25,136,136,0,NA,136,71,71,NA,NA,71,430,430,0,30,400,226,226,NA,NA,226,141,141,0,80,61,5,5,0,NA,5,648,642,6,0,648,40,40,NA,NA,40,20,20,0,NA,20,146,139,7,NA,146,46,42,4,0,46,83,83,0,NA,83
M9 [CHILD IMMUNISATION],9.3.3,Child immunisation - JE 1st dose,TOTAL,4044,3958,86,301,3743,1,1,0,NA,1,789,789,NA,NA,789,10,10,NA,NA,10,196,178,18,18,178,81,81,NA,NA,81,18,18,0,NA,18,24,24,NA,NA,24,295,295,0,32,263,85,40,45,NA,85,18,18,0,NA,18,235,235,0,92,143,92,92,0,NA,92,1,1,NA,NA,1,102,102,0,0,102,73,73,0,48,25,152,152,0,NA,152,71,71,NA,NA,71,451,451,0,30,421,230,230,NA,NA,230,141,141,0,80,61,5,5,0,NA,5,632,626,6,0,632,40,40,NA,NA,40,24,24,0,NA,24,141,130,11,NA,141,53,47,6,1,52,84,84,0,NA,84
M9 [CHILD IMMUNISATION],9.4.1,Child immunisation - Measles & Rubella (MR)- 2nd Dose (16-24 months),TOTAL,98,83,15,24,74,0,0,0,NA,0,0,0,NA,NA,0,0,0,NA,NA,0,0,0,0,0,0,0,0,NA,NA,0,0,0,0,NA,0,0,0,NA,NA,0,16,16,0,0,16,6,0,6,0,6,5,5,0,NA,5,21,21,0,15,6,0,0,0,NA,0,0,0,NA,NA,0,8,8,0,0,8,9,0,9,9,0,0,0,0,NA,0,0,0,NA,NA,0,0,0,0,0,0,24,24,NA,NA,24,0,0,0,0,0,0,0,NA,NA,0,0,0,0,0,0,0,0,NA,NA,0,0,0,0,NA,0,9,9,0,NA,9,0,0,0,0,0,0,0,0,NA,0
M9 [CHILD IMMUNISATION],9.4.2,Child immunisation - Measles 2nd dose (More than 16 months),TOTAL,56237,54619,1618,2657,53580,1628,1628,0,NA,1628,2537,2537,NA,NA,2537,2335,2293,42,301,2034,3573,3568,5,234,3339,948,948,NA,NA,948,1903,1899,4,NA,1903,1250,1250,NA,NA,1250,4838,4772,66,73,4765,1450,1158,292,143,1307,401,401,0,NA,401,2486,2486,0,135,2351,1510,1510,0,NA,1510,1607,1607,NA,NA,1607,1506,1506,0,152,1354,1686,1686,0,1301,385,2370,2370,0,NA,2370,2407,2405,2,2,2405,2388,2388,0,30,2358,1347,1347,NA,NA,1347,1714,1631,83,11,1703,2023,2023,0,NA,2023,5714,5681,33,39,5675,1350,1244,106,NA,1350,1469,1368,101,67,1402,2721,2475,246,44,2677,1903,1367,536,125,1778,1173,1071,102,NA,1173
M9 [CHILD IMMUNISATION],9.4.3,Child immunisation - DPT 1st Booster,TOTAL,60480,58548,1932,2870,57610,1783,1783,0,NA,1783,2995,2995,NA,NA,2995,2377,2335,42,301,2076,3862,3825,37,266,3596,998,998,NA,NA,998,2183,2179,4,NA,2183,1355,1355,NA,NA,1355,4565,4565,0,101,4464,1925,1530,395,144,1781,401,401,0,NA,401,2668,2668,0,150,2518,1667,1660,7,NA,1667,1648,1648,NA,NA,1648,1519,1516,3,108,1411,1756,1741,15,1330,426,2487,2487,0,NA,2487,2458,2456,2,2,2456,2574,2574,0,30,2544,1425,1425,NA,NA,1425,1821,1737,84,84,1737,2096,2096,0,NA,2096,6136,6098,38,70,6066,1375,1261,114,NA,1375,1604,1500,104,101,1503,3039,2737,302,45,2994,2537,1849,688,138,2399,1226,1129,97,NA,1226
M9 [CHILD IMMUNISATION],9.4.4,Child immunisation - OPV Booster,TOTAL,59484,57596,1888,2867,56617,1729,1729,0,NA,1729,2872,2872,NA,NA,2872,2346,2304,42,301,2045,3795,3758,37,266,3529,1000,1000,NA,NA,1000,1953,1949,4,NA,1953,1310,1310,NA,NA,1310,5050,4984,66,100,4950,1751,1399,352,141,1610,403,403,0,NA,403,2552,2552,0,152,2400,1562,1555,7,NA,1562,1614,1614,NA,NA,1614,1514,1511,3,108,1406,1759,1744,15,1329,430,2540,2540,0,NA,2540,2458,2456,2,2,2456,2447,2447,0,30,2417,1417,1417,NA,NA,1417,1818,1734,84,84,1734,2059,2059,0,NA,2059,6086,6048,38,70,6016,1359,1244,115,NA,1359,1566,1469,97,101,1465,3027,2732,295,45,2982,2295,1661,634,138,2157,1202,1105,97,NA,1202
M9 [CHILD IMMUNISATION],9.4.5,"Child immunisation - Measles, Mumps, Rubella (MMR) Vaccine",TOTAL,147,65,82,74,73,0,0,0,NA,0,0,0,NA,NA,0,0,0,NA,NA,0,19,0,19,19,0,0,0,NA,NA,0,0,0,0,NA,0,0,0,NA,NA,0,0,0,0,0,0,42,3,39,0,42,0,0,0,NA,0,6,6,0,0,6,0,0,0,NA,0,0,0,NA,NA,0,12,12,0,0,12,23,0,23,23,0,0,0,0,NA,0,0,0,NA,NA,0,1,0,1,1,0,11,11,NA,NA,11,0,0,0,0,0,0,0,NA,NA,0,33,33,0,31,2,0,0,NA,NA,0,0,0,0,NA,0,0,0,0,NA,0,0,0,0,0,0,0,0,0,NA,0
M9 [CHILD IMMUNISATION],9.4.6,Number of children more than 16 months of age who received Japanese Encephalitis (JE) vaccine,TOTAL,50915,49365,1550,1978,48937,1479,1479,0,NA,1479,2102,2102,NA,NA,2102,2142,2100,42,301,1841,3357,3344,13,200,3157,904,904,NA,NA,904,1714,1711,3,NA,1714,1293,1293,NA,NA,1293,3475,3409,66,74,3401,1496,1183,313,144,1352,382,382,0,NA,382,2507,2507,0,135,2372,1489,1489,0,NA,1489,1547,1547,NA,NA,1547,1487,1487,0,152,1335,963,963,NA,608,355,1912,1912,0,NA,1912,2356,2354,2,2,2354,2243,2243,0,30,2213,1132,1132,NA,NA,1132,1708,1624,84,84,1624,1987,1987,0,NA,1987,5144,5113,31,0,5144,1295,1206,89,NA,1295,1328,1256,72,67,1261,2485,2281,204,44,2441,1902,1374,528,137,1765,1086,983,103,NA,1086
M9 [CHILD IMMUNISATION],9.5.1,Child immunisation - Typhoid,TOTAL,133,1,132,30,103,0,0,0,NA,0,0,0,NA,NA,0,0,0,NA,NA,0,30,0,30,30,0,0,0,NA,NA,0,0,0,0,NA,0,0,0,NA,NA,0,0,0,0,0,0,0,0,0,0,0,0,0,0,NA,0,0,0,0,0,0,0,0,0,NA,0,0,0,NA,NA,0,0,0,0,0,0,0,0,NA,0,0,0,0,0,NA,0,0,0,NA,NA,0,0,0,0,0,0,1,1,NA,NA,1,0,0,0,0,0,0,0,0,NA,0,0,0,0,NA,0,102,0,102,NA,102,0,0,0,NA,0,0,0,0,NA,0,0,0,0,0,0,0,0,0,NA,0
M9 [CHILD IMMUNISATION],9.5.2,Children more than 5 years received DPT5 (2nd Booster),TOTAL,33118,31859,1259,1955,31163,1090,1090,0,NA,1090,1189,1189,NA,NA,1189,619,610,9,58,561,2666,2642,24,260,2406,444,444,NA,NA,444,994,990,4,NA,994,790,790,NA,NA,790,1318,1295,23,40,1278,1768,1427,341,132,1636,118,118,0,NA,118,872,872,0,56,816,1081,1079,2,NA,1081,1196,1196,NA,NA,1196,1147,1147,0,90,1057,1285,1285,NA,981,304,1206,1206,0,NA,1206,867,867,0,0,867,1161,1161,0,35,1126,698,698,NA,NA,698,1016,983,33,49,967,1670,1670,0,NA,1670,2929,2905,24,41,2888,737,678,59,NA,737,1297,1243,54,90,1207,2310,2085,225,27,2283,1721,1341,380,96,1625,929,848,81,NA,929
M9 [CHILD IMMUNISATION],9.5.3,Children more than 10 years received TT10,TOTAL,19906,19216,690,1421,18485,408,408,0,NA,408,957,957,NA,NA,957,261,255,6,31,230,1660,1647,13,164,1496,162,162,NA,NA,162,736,733,3,NA,736,328,328,NA,NA,328,950,938,12,26,924,687,567,120,42,645,81,81,0,NA,81,441,441,0,27,414,550,550,0,NA,550,890,890,NA,NA,890,1053,1053,0,102,951,1019,1019,NA,859,160,809,809,0,NA,809,587,587,0,0,587,1125,1123,2,34,1091,358,358,NA,NA,358,576,549,27,16,560,1063,1063,0,NA,1063,1756,1743,13,11,1745,473,441,32,NA,473,652,596,56,59,593,1292,1116,176,9,1283,690,509,181,41,649,342,293,49,NA,342
M9 [CHILD IMMUNISATION],9.5.4,Children more than 16 years received TT16,TOTAL,14233,13666,567,1088,13145,274,274,0,NA,274,736,736,NA,NA,736,144,141,3,20,124,1239,1233,6,114,1125,100,100,NA,NA,100,612,609,3,NA,612,199,199,NA,NA,199,706,697,9,7,699,316,238,78,15,301,49,49,0,NA,49,311,311,0,24,287,379,379,0,NA,379,710,710,NA,NA,710,893,893,0,95,798,770,770,NA,689,81,529,529,0,NA,529,614,614,0,0,614,799,798,1,47,752,355,355,NA,NA,355,391,356,35,8,383,598,598,0,NA,598,1196,1186,10,10,1186,346,328,18,NA,346,373,326,47,38,335,1002,809,193,3,999,367,252,115,18,349,225,176,49,NA,225
M9 [CHILD IMMUNISATION],9.6.1,Number of cases of AEFI - Abscess,TOTAL,36,36,0,0,36,3,3,0,NA,3,23,23,NA,NA,23,0,0,NA,NA,0,0,0,0,0,0,0,0,NA,NA,0,4,4,0,NA,4,0,0,NA,NA,0,0,0,0,0,0,0,0,0,NA,0,0,0,0,NA,0,0,0,0,0,0,1,1,0,NA,1,2,2,NA,NA,2,0,0,0,0,0,0,0,NA,0,0,0,0,0,NA,0,0,0,0,0,0,0,0,0,0,0,0,0,NA,NA,0,0,0,0,0,0,0,0,0,NA,0,0,0,0,NA,0,0,0,0,NA,0,0,0,0,NA,0,0,0,0,NA,0,0,0,0,0,0,3,3,0,NA,3
M9 [CHILD IMMUNISATION],9.6.2,Number of cases of AEFI - Death,TOTAL,0,0,0,0,0,0,0,0,NA,0,0,0,NA,NA,0,0,0,NA,NA,0,0,0,0,0,0,0,0,NA,NA,0,0,0,0,NA,0,0,0,NA,NA,0,0,0,0,0,0,0,0,0,NA,0,0,0,0,NA,0,0,0,0,0,0,0,0,0,NA,0,0,0,NA,NA,0,0,0,0,0,0,0,0,NA,0,0,0,0,0,NA,0,0,0,0,0,0,0,0,0,0,0,0,0,NA,NA,0,0,0,0,0,0,0,0,0,NA,0,0,0,0,NA,0,0,0,0,NA,0,0,0,0,NA,0,0,0,0,NA,0,0,0,0,0,0,0,0,0,NA,0
M9 [CHILD IMMUNISATION],9.6.3,Number of cases of AEFI - Others,TOTAL,547,547,0,0,547,99,99,0,NA,99,110,110,NA,NA,110,2,2,NA,NA,2,0,0,0,0,0,0,0,NA,NA,0,60,60,0,NA,60,20,20,NA,NA,20,24,24,0,0,24,0,0,0,NA,0,6,6,0,NA,6,0,0,0,0,0,0,0,0,NA,0,4,4,NA,NA,4,21,21,0,0,21,12,12,NA,0,12,41,41,0,NA,41,0,0,0,0,0,0,0,0,0,0,58,58,NA,NA,58,0,0,0,0,0,0,0,0,NA,0,0,0,0,NA,0,22,22,0,NA,22,0,0,0,NA,0,16,16,0,NA,16,0,0,0,0,0,52,52,0,NA,52
M9 [CHILD IMMUNISATION],9.7.1,Immunisation sessions planned,TOTAL,28610,27895,715,1176,27434,808,806,2,NA,808,1450,1450,NA,NA,1450,670,670,NA,30,640,1695,1679,16,110,1585,493,493,NA,NA,493,822,820,2,NA,822,643,643,NA,NA,643,1808,1780,28,68,1740,982,840,142,79,903,409,409,0,NA,409,990,990,0,69,921,1120,1120,0,NA,1120,668,668,NA,NA,668,1024,1024,0,85,939,674,674,NA,490,184,1071,1071,0,NA,1071,1363,1363,0,0,1363,1190,1190,0,16,1174,1030,1030,NA,NA,1030,1196,1144,52,107,1089,949,949,0,NA,949,2134,2120,14,30,2104,746,746,NA,NA,746,1186,1110,76,12,1174,1746,1591,155,37,1709,981,810,171,43,938,762,705,57,NA,762
M9 [CHILD IMMUNISATION],9.7.2,Immunisation sessions held,TOTAL,28170,27473,697,1158,27012,804,804,0,NA,804,1401,1401,NA,NA,1401,670,670,NA,30,640,1673,1658,15,110,1563,487,487,NA,NA,487,813,811,2,NA,813,625,625,NA,NA,625,1780,1752,28,68,1712,980,838,142,79,901,392,392,0,NA,392,982,982,0,67,915,1115,1115,0,NA,1115,662,662,NA,NA,662,1005,1005,0,81,924,673,673,NA,490,183,1062,1062,0,NA,1062,1308,1308,0,0,1308,1174,1174,0,16,1158,1018,1018,NA,NA,1018,1167,1117,50,101,1066,925,925,0,NA,925,2111,2097,14,28,2083,744,744,NA,NA,744,1180,1104,76,9,1171,1701,1552,149,37,1664,966,799,167,42,924,752,698,54,NA,752
M9 [CHILD IMMUNISATION],9.7.3,Number of Immunisation sessions where ASHAs were present,TOTAL,28015,27326,689,1085,26930,803,803,0,NA,803,1401,1401,NA,NA,1401,620,620,NA,30,590,1655,1651,4,102,1553,509,509,NA,NA,509,806,804,2,NA,806,623,623,NA,NA,623,1773,1745,28,42,1731,976,835,141,76,900,372,372,0,NA,372,972,972,0,67,905,1128,1128,0,NA,1128,632,632,NA,NA,632,974,974,0,81,893,677,677,NA,473,204,1061,1061,0,NA,1061,1293,1293,0,0,1293,1144,1144,0,9,1135,1077,1077,NA,NA,1077,1163,1118,45,101,1062,924,924,0,NA,924,2122,2109,13,23,2099,698,698,NA,NA,698,1177,1101,76,9,1168,1680,1530,150,35,1645,1006,831,175,37,969,749,694,55,NA,749
M9 [CHILD IMMUNISATION],9.8.1,Child immunisation - Vitamin A Dose - 1,TOTAL,62220,60308,1912,3080,59140,1627,1627,0,NA,1627,3314,3314,NA,NA,3314,2026,1990,36,244,1782,3621,3600,21,209,3412,840,840,NA,NA,840,1826,1821,5,NA,1826,1934,1934,NA,NA,1934,5035,4956,79,76,4959,1782,1433,349,182,1600,372,372,0,NA,372,2309,2309,0,132,2177,1606,1594,12,NA,1606,1398,1398,NA,NA,1398,1776,1773,3,169,1607,2130,2113,17,1634,496,2911,2911,0,NA,2911,1998,1992,6,6,1992,2892,2890,2,30,2862,1641,1641,NA,NA,1641,1998,1920,78,83,1915,2729,2729,0,NA,2729,6686,6647,39,67,6619,1286,1206,80,NA,1286,1564,1401,163,119,1445,3477,3119,358,40,3437,2085,1541,544,89,1996,1357,1237,120,NA,1357
M9 [CHILD IMMUNISATION],9.8.2,Child immunisation - Vitamin A Dose - 5,TOTAL,85327,83745,1582,2188,83139,4371,4371,0,NA,4371,4273,4273,NA,NA,4273,3615,3597,18,107,3508,5024,5003,21,102,4922,551,551,NA,NA,551,834,829,5,NA,834,3727,3727,NA,NA,3727,4229,4182,47,14,4215,1645,1436,209,179,1466,789,789,0,NA,789,2567,2567,0,44,2523,2562,2562,0,NA,2562,4197,4197,NA,NA,4197,2333,2329,4,101,2232,2272,2272,NA,1421,851,5278,5278,0,NA,5278,3805,3805,0,0,3805,2483,2478,5,27,2456,1419,1419,NA,NA,1419,2729,2588,141,26,2703,5344,5344,0,NA,5344,7491,7448,43,41,7450,1307,1249,58,NA,1307,2084,2024,60,60,2024,5271,4882,389,16,5255,1797,1605,192,50,1747,3330,2940,390,NA,3330
M9 [CHILD IMMUNISATION],9.8.3,Child immunisation - Vitamin A Dose - 9,TOTAL,77571,75881,1690,2242,75329,3932,3932,0,NA,3932,3903,3903,NA,NA,3903,2920,2920,0,9,2911,4149,4120,29,244,3905,679,679,NA,NA,679,910,904,6,NA,910,3698,3698,NA,NA,3698,3702,3668,34,1,3701,1743,1459,284,142,1601,618,618,0,NA,618,2543,2543,0,34,2509,1947,1947,0,NA,1947,3172,3172,NA,NA,3172,2399,2391,8,79,2320,2448,2448,NA,1531,917,4125,4125,0,NA,4125,3749,3747,2,2,3747,2246,2246,0,27,2219,1082,1082,NA,NA,1082,2387,2228,159,46,2341,5417,5417,0,NA,5417,6609,6572,37,31,6578,1288,1258,30,NA,1288,1653,1563,90,38,1615,4594,4173,421,22,4572,3097,2776,321,36,3061,2561,2292,269,NA,2561
M9 [CHILD IMMUNISATION],9.9,Number of children (6-59 months) provided 8-10 doses (1ml) of IFA syrup (Bi weekly),TOTAL,447115,437767,9348,28563,418552,26548,26548,0,NA,26548,10691,10691,NA,NA,10691,355,355,NA,NA,355,8956,8955,1,5300,3656,889,889,NA,NA,889,2541,2541,0,NA,2541,10820,10820,NA,NA,10820,60053,58618,1435,0,60053,21584,16777,4807,853,20731,9738,9738,0,NA,9738,10047,10047,0,223,9824,9843,9843,0,NA,9843,11447,11447,NA,NA,11447,30233,30233,0,0,30233,27508,27508,NA,22187,5321,12915,12915,0,NA,12915,27821,27821,0,0,27821,13879,13879,0,0,13879,4131,4131,NA,NA,4131,19086,18183,903,0,19086,33714,33714,0,NA,33714,46208,45983,225,NA,46208,8033,8033,NA,NA,8033,12520,11657,863,NA,12520,14652,14291,361,NA,14652,7047,6294,753,0,7047,5856,5856,0,NA,5856
M9 [CHILD IMMUNISATION],9.1,Number of children (12-59 months) provided Albendazole,TOTAL,36573,34997,1576,964,35609,3437,3437,0,NA,3437,1115,1115,NA,NA,1115,517,517,NA,179,338,620,584,36,0,620,420,420,NA,NA,420,317,307,10,NA,317,501,501,NA,NA,501,4001,3966,35,0,4001,568,443,125,0,568,3078,3078,0,NA,3078,758,758,0,26,732,612,612,0,NA,612,557,557,NA,NA,557,864,864,0,0,864,946,946,NA,678,268,6885,6885,0,NA,6885,1706,1646,60,60,1646,779,779,0,12,767,983,983,NA,NA,983,673,538,135,0,673,308,308,0,NA,308,2106,2086,20,NA,2106,1875,1383,492,NA,1875,460,418,42,NA,460,1134,993,141,9,1125,1070,645,425,0,1070,283,228,55,NA,283
M9 [CHILD IMMUNISATION],9.11,Number of severely underweight children provided Health Checkup (0-5 yrs),TOTAL,4728,4586,142,616,4112,35,35,0,NA,35,316,316,NA,NA,316,77,77,NA,NA,77,67,67,0,0,67,41,41,NA,NA,41,42,42,0,NA,42,38,38,NA,NA,38,632,632,0,0,632,297,214,83,0,297,55,55,0,NA,55,688,688,0,616,72,53,53,0,NA,53,502,502,NA,NA,502,175,175,0,0,175,29,29,NA,0,29,124,124,0,NA,124,82,82,0,0,82,246,246,0,0,246,256,256,NA,NA,256,108,104,4,0,108,14,14,0,NA,14,406,406,0,NA,406,156,124,32,NA,156,25,22,3,NA,25,178,177,1,NA,178,53,34,19,0,53,33,33,0,NA,33
M10 [Number of cases of Childhood Diseases (0-5 years)],10.1,Childhood Diseases - Pneumonia,TOTAL,1130,999,131,19,1111,0,0,0,NA,0,0,0,NA,NA,0,2,2,NA,NA,2,8,4,4,0,8,5,5,NA,NA,5,72,72,0,NA,72,34,34,NA,NA,34,110,110,0,0,110,13,13,0,NA,13,12,12,0,NA,12,33,31,2,2,31,0,0,0,NA,0,8,8,NA,NA,8,4,4,0,0,4,9,9,NA,3,6,1,1,0,NA,1,6,6,0,0,6,21,7,14,14,7,2,2,NA,NA,2,19,18,1,0,19,3,3,0,NA,3,76,76,0,NA,76,667,569,98,NA,667,10,10,0,NA,10,0,0,0,0,0,13,1,12,0,13,2,2,0,NA,2
M10 [Number of cases of Childhood Diseases (0-5 years)],10.2,Childhood Diseases - Asthma,TOTAL,254,177,77,12,242,0,0,0,NA,0,0,0,NA,NA,0,1,1,NA,NA,1,0,0,0,0,0,0,0,NA,NA,0,19,19,0,NA,19,20,20,NA,NA,20,4,4,0,0,4,0,0,0,NA,0,0,0,0,NA,0,25,25,0,3,22,0,0,0,NA,0,10,10,NA,NA,10,14,14,0,0,14,7,7,NA,1,6,0,0,0,NA,0,3,3,0,0,3,52,44,8,8,44,3,3,NA,NA,3,3,2,1,0,3,2,2,0,NA,2,3,3,0,NA,3,64,12,52,NA,64,6,4,2,NA,6,1,0,1,NA,1,14,1,13,0,14,3,3,0,NA,3
M10 [Number of cases of Childhood Diseases (0-5 years)],10.3,Childhood Diseases - Sepsis,TOTAL,169,116,53,5,164,0,0,0,NA,0,0,0,NA,NA,0,0,0,NA,NA,0,9,9,0,0,9,0,0,NA,NA,0,0,0,0,NA,0,0,0,NA,NA,0,9,9,0,0,9,14,14,0,NA,14,0,0,0,NA,0,16,16,0,0,16,22,22,0,NA,22,0,0,NA,NA,0,15,15,0,0,15,0,0,NA,0,0,0,0,0,NA,0,0,0,0,0,0,34,2,32,5,29,17,17,NA,NA,17,3,2,1,0,3,8,8,0,NA,8,1,1,0,NA,1,21,1,20,NA,21,0,0,0,NA,0,0,0,0,NA,0,0,0,0,0,0,0,0,0,NA,0
M10 [Number of cases of Childhood Diseases (0-5 years)],10.4,Childhood Diseases - Diphtheria,TOTAL,0,0,0,0,0,0,0,0,NA,0,0,0,NA,NA,0,0,0,NA,NA,0,0,0,0,0,0,0,0,NA,NA,0,0,0,0,NA,0,0,0,NA,NA,0,0,0,0,0,0,0,0,0,NA,0,0,0,0,NA,0,0,0,0,0,0,0,0,0,NA,0,0,0,NA,NA,0,0,0,0,0,0,0,0,NA,0,0,0,0,0,NA,0,0,0,0,0,0,0,0,0,NA,0,0,0,NA,NA,0,0,0,0,0,0,0,0,0,NA,0,0,0,0,NA,0,0,0,0,NA,0,0,0,0,NA,0,0,0,0,NA,0,0,0,0,0,0,0,0,0,NA,0
M10 [Number of cases of Childhood Diseases (0-5 years)],10.5,Childhood Diseases - Pertussis,TOTAL,0,0,0,0,0,0,0,0,NA,0,0,0,NA,NA,0,0,0,NA,NA,0,0,0,0,0,0,0,0,NA,NA,0,0,0,0,NA,0,0,0,NA,NA,0,0,0,0,0,0,0,0,0,NA,0,0,0,0,NA,0,0,0,0,0,0,0,0,0,NA,0,0,0,NA,NA,0,0,0,0,0,0,0,0,NA,0,0,0,0,0,NA,0,0,0,0,0,0,0,0,0,NA,0,0,0,NA,NA,0,0,0,0,0,0,0,0,0,NA,0,0,0,0,NA,0,0,0,0,NA,0,0,0,0,NA,0,0,0,0,NA,0,0,0,0,0,0,0,0,0,NA,0
M10 [Number of cases of Childhood Diseases (0-5 years)],10.6,Childhood Diseases - Tetanus Neonatorum,TOTAL,0,0,0,0,0,0,0,0,NA,0,0,0,NA,NA,0,0,0,NA,NA,0,0,0,0,0,0,0,0,NA,NA,0,0,0,0,NA,0,0,0,NA,NA,0,0,0,NA,0,0,0,0,0,NA,0,0,0,0,NA,0,0,0,0,0,0,0,0,0,NA,0,0,0,NA,NA,0,0,0,0,0,0,0,0,NA,0,0,0,0,0,NA,0,0,0,0,0,0,0,0,0,NA,0,0,0,NA,NA,0,0,0,0,0,0,0,0,0,NA,0,0,0,0,NA,0,0,0,0,NA,0,0,0,0,NA,0,0,0,0,NA,0,0,0,0,0,0,0,0,0,NA,0
M10 [Number of cases of Childhood Diseases (0-5 years)],10.7,Childhood Diseases - Tuberculosis (TB),TOTAL,31,19,12,0,31,0,0,0,NA,0,2,2,NA,NA,2,0,0,NA,NA,0,0,0,0,0,0,0,0,NA,NA,0,0,0,0,NA,0,0,0,NA,NA,0,0,0,0,0,0,0,0,0,NA,0,0,0,0,NA,0,0,0,0,0,0,0,0,0,NA,0,0,0,NA,NA,0,0,0,0,0,0,0,0,NA,0,0,4,4,0,NA,4,0,0,0,0,0,1,1,0,NA,1,2,2,NA,NA,2,1,1,0,0,1,0,0,0,NA,0,0,0,0,NA,0,1,1,0,NA,1,0,0,0,NA,0,0,0,0,NA,0,17,7,10,0,17,3,1,2,NA,3
M10 [Number of cases of Childhood Diseases (0-5 years)],10.8,Childhood Diseases - Acute Flaccid Paralysis(AFP),TOTAL,78,78,0,0,78,0,0,0,NA,0,0,0,NA,NA,0,1,1,NA,NA,1,0,0,0,0,0,0,0,NA,NA,0,0,0,0,NA,0,0,0,NA,NA,0,0,0,0,0,0,0,0,0,NA,0,1,1,0,NA,1,0,0,0,0,0,0,0,0,NA,0,0,0,NA,NA,0,0,0,0,0,0,0,0,NA,0,0,0,0,0,NA,0,1,1,0,0,1,0,0,0,NA,0,0,0,NA,NA,0,75,75,0,0,75,0,0,0,NA,0,0,0,0,NA,0,0,0,0,NA,0,0,0,0,NA,0,0,0,0,NA,0,0,0,0,0,0,0,0,0,NA,0
M10 [Number of cases of Childhood Diseases (0-5 years)],10.9,Childhood Diseases - Measles,TOTAL,76,75,1,0,76,0,0,0,NA,0,3,3,NA,NA,3,2,2,NA,NA,2,4,4,0,0,4,0,0,NA,NA,0,3,3,0,NA,3,2,2,NA,NA,2,4,4,0,0,4,0,0,0,NA,0,1,1,0,NA,1,0,0,0,0,0,6,6,0,NA,6,6,6,NA,NA,6,1,1,0,0,1,0,0,NA,0,0,4,4,0,NA,4,2,2,0,0,2,8,8,0,NA,8,15,15,NA,NA,15,0,0,0,0,0,0,0,0,NA,0,4,4,0,NA,4,5,5,0,NA,5,1,1,0,NA,1,0,0,0,NA,0,4,3,1,0,4,1,1,0,NA,1
M10 [Number of cases of Childhood Diseases (0-5 years)],10.1,Childhood Diseases - Malaria,TOTAL,382,366,16,0,382,0,0,0,NA,0,0,0,NA,NA,0,0,0,NA,NA,0,0,0,0,0,0,0,0,NA,NA,0,0,0,0,NA,0,0,0,NA,NA,0,0,0,0,0,0,0,0,0,NA,0,1,1,0,NA,1,183,183,0,0,183,0,0,0,NA,0,0,0,NA,NA,0,0,0,0,0,0,0,0,NA,0,0,0,0,0,NA,0,4,4,0,0,4,0,0,0,NA,0,13,13,NA,NA,13,155,155,0,0,155,0,0,0,NA,0,10,10,0,NA,10,1,0,1,NA,1,0,0,0,NA,0,0,0,0,NA,0,0,0,0,0,0,15,0,15,NA,15
M10 [Number of cases of Childhood Diseases (0-5 years)],10.11,Childhood Diseases - Diarrhoea,TOTAL,6936,6526,410,348,6588,96,96,0,NA,96,93,93,NA,NA,93,46,46,NA,NA,46,380,362,18,0,380,92,92,NA,NA,92,180,180,0,NA,180,137,137,NA,NA,137,1967,1965,2,0,1967,179,101,78,NA,179,162,162,0,NA,162,80,77,3,23,57,80,80,0,NA,80,296,296,NA,NA,296,174,174,0,20,154,157,146,11,112,45,118,118,0,NA,118,164,164,0,0,164,459,445,14,7,452,92,92,NA,NA,92,531,495,36,183,348,90,90,0,NA,90,423,423,0,NA,423,341,211,130,NA,341,245,242,3,NA,245,99,80,19,2,97,187,101,86,1,186,68,58,10,NA,68
M10 [Number of cases of Childhood Diseases (0-5 years)],10.12,Childhood Diseases - Diarrhoea treated in Inpatients,TOTAL,567,505,62,8,559,7,7,0,NA,7,4,4,NA,NA,4,0,0,NA,NA,0,8,0,8,0,8,1,1,NA,NA,1,18,18,0,NA,18,7,7,NA,NA,7,74,74,0,0,74,4,4,0,NA,4,7,7,0,NA,7,31,28,3,3,28,1,1,0,NA,1,56,56,NA,NA,56,48,48,0,0,48,5,3,2,3,2,0,0,0,NA,0,0,0,0,0,0,42,38,4,NA,42,11,11,NA,NA,11,21,21,0,0,21,28,28,0,NA,28,62,62,0,NA,62,33,17,16,NA,33,41,39,2,NA,41,12,12,0,2,10,43,16,27,0,43,3,3,0,NA,3
M10 [Number of cases of Childhood Diseases (0-5 years)],10.13,Children admitted with upper respiratory infections,TOTAL,317,239,78,7,310,0,0,0,NA,0,0,0,NA,NA,0,1,1,NA,NA,1,4,0,4,0,4,2,2,NA,NA,2,20,20,0,NA,20,0,0,NA,NA,0,24,24,0,0,24,0,0,0,NA,0,6,6,0,NA,6,9,9,0,0,9,0,0,0,NA,0,0,0,NA,NA,0,35,35,0,0,35,5,1,4,4,1,12,12,0,NA,12,9,9,0,0,9,14,9,5,3,11,0,0,NA,NA,0,1,0,1,0,1,0,0,0,NA,0,0,0,0,NA,0,71,37,34,NA,71,12,6,6,NA,12,7,6,1,NA,7,85,62,23,0,85,0,0,0,NA,0
M10 [Number of cases of Childhood Diseases (0-5 years)],10.14,Childhood Diseases - Severe Acute Malnutrition (SAM),TOTAL,42,22,20,0,42,0,0,0,NA,0,0,0,NA,NA,0,0,0,NA,NA,0,0,0,0,0,0,0,0,NA,NA,0,3,3,0,NA,3,0,0,NA,NA,0,3,3,0,0,3,4,4,0,NA,4,0,0,0,NA,0,5,5,0,0,5,0,0,0,NA,0,0,0,NA,NA,0,4,4,0,0,4,0,0,NA,0,0,0,0,0,NA,0,0,0,0,0,0,3,3,0,NA,3,0,0,NA,NA,0,0,0,0,0,0,0,0,0,NA,0,0,0,0,NA,0,12,0,12,NA,12,0,0,0,NA,0,1,0,1,NA,1,7,0,7,0,7,0,0,0,NA,0
M11 [NVBDCP],11.1.1.a,Total Blood Smears Examined for Malaria,TOTAL,141423,140451,972,3915,137508,5515,5470,45,NA,5515,6327,6327,NA,NA,6327,7086,7086,NA,1379,5707,5679,5605,74,0,5679,2628,2628,NA,NA,2628,1756,1751,5,NA,1756,3490,3490,NA,NA,3490,4463,4463,0,11,4452,4799,4799,0,0,4799,1847,1832,15,NA,1847,6867,6867,0,99,6768,4056,4035,21,NA,4056,5196,5196,NA,NA,5196,2849,2849,0,0,2849,4266,4172,94,2309,1957,18845,18845,0,NA,18845,4001,4001,0,0,4001,5286,5187,99,NA,5286,4563,4563,NA,NA,4563,6405,6172,233,0,6405,7476,7476,NA,NA,7476,8813,8813,0,1,8812,2603,2603,NA,NA,2603,5126,4932,194,11,5115,6263,6235,28,11,6252,2170,2031,139,94,2076,3048,3023,25,NA,3048
M11 [NVBDCP],11.1.1.b,Malaria (Microscopy Tests ) - Plasmodium Vivax test positive,TOTAL,54,49,5,1,53,0,0,0,NA,0,1,1,NA,NA,1,0,0,NA,NA,0,1,1,0,0,1,26,26,NA,NA,26,1,1,0,NA,1,1,1,NA,NA,1,0,0,0,0,0,0,0,0,0,0,3,0,3,NA,3,0,0,0,0,0,0,0,0,NA,0,0,0,NA,NA,0,1,1,0,0,1,0,0,0,0,0,0,0,0,NA,0,3,3,0,0,3,1,1,0,NA,1,4,4,NA,NA,4,1,1,0,0,1,0,0,NA,NA,0,0,0,0,NA,0,0,0,NA,NA,0,0,0,0,0,0,2,2,0,0,2,2,1,1,1,1,7,6,1,NA,7
M11 [NVBDCP],11.1.1.c,Malaria (Microscopy Tests ) - Plasmodium Falciparum test positive,TOTAL,85,78,7,0,85,2,2,0,NA,2,0,0,NA,NA,0,0,0,NA,NA,0,0,0,0,0,0,6,6,NA,NA,6,0,0,0,NA,0,0,0,NA,NA,0,0,0,0,0,0,0,0,0,0,0,22,16,6,NA,22,3,3,0,0,3,2,2,0,NA,2,0,0,NA,NA,0,0,0,0,0,0,0,0,0,0,0,4,4,0,NA,4,32,32,0,0,32,1,1,0,NA,1,7,7,NA,NA,7,0,0,0,0,0,1,1,NA,NA,1,0,0,0,NA,0,0,0,NA,NA,0,0,0,0,0,0,1,1,0,0,1,0,0,0,0,0,4,3,1,NA,4
M11 [NVBDCP],11.1.2.a,RDT conducted for Malaria,TOTAL,47645,46463,1182,1708,45937,2502,2340,162,NA,2502,2141,2132,9,NA,2141,2793,2793,NA,493,2300,1780,1620,160,0,1780,301,301,NA,NA,301,778,773,5,NA,778,1328,1328,NA,NA,1328,832,817,15,9,823,1337,1337,0,0,1337,1769,1754,15,NA,1769,5224,5007,217,379,4845,864,863,1,NA,864,1340,1340,NA,NA,1340,1032,1032,0,0,1032,2064,2064,NA,744,1320,5347,5347,0,NA,5347,1983,1983,0,5,1978,637,637,0,NA,637,1046,1046,NA,NA,1046,1461,1269,192,0,1461,1813,1813,NA,NA,1813,2572,2572,0,NA,2572,1528,1528,NA,NA,1528,741,732,9,22,719,3175,3081,94,11,3164,449,395,54,45,404,808,559,249,NA,808
M11 [NVBDCP],11.1.2.b,Malaria (RDT) - Plasmodium Vivax test positive,TOTAL,109,89,20,7,102,3,1,2,NA,3,8,8,0,NA,8,0,0,NA,NA,0,1,1,0,0,1,2,2,NA,NA,2,0,0,0,NA,0,3,3,NA,NA,3,19,19,0,0,19,1,1,0,NA,1,3,0,3,NA,3,7,0,7,7,0,0,0,0,NA,0,0,0,NA,NA,0,3,3,0,0,3,0,0,NA,0,0,0,0,0,NA,0,11,11,0,0,11,0,0,0,NA,0,17,17,NA,NA,17,0,0,0,0,0,1,1,NA,NA,1,0,0,0,NA,0,8,8,NA,NA,8,4,4,0,0,4,7,7,0,0,7,0,0,0,0,0,11,3,8,NA,11
M11 [NVBDCP],11.1.2.c,Malaria (RDT) - Plamodium Falciparum test positive,TOTAL,160,66,94,27,133,1,1,0,NA,1,0,0,0,NA,0,0,0,NA,NA,0,1,1,0,0,1,8,8,NA,NA,8,0,0,0,NA,0,1,1,NA,NA,1,6,6,0,0,6,0,0,0,NA,0,13,7,6,NA,13,31,4,27,27,4,0,0,0,NA,0,0,0,NA,NA,0,1,1,0,0,1,0,0,NA,0,0,1,1,0,NA,1,24,24,0,0,24,0,0,0,NA,0,6,6,NA,NA,6,0,0,0,0,0,0,0,NA,NA,0,0,0,0,NA,0,0,0,NA,NA,0,0,0,0,0,0,4,4,0,0,4,0,0,0,0,0,63,2,61,NA,63
M11 [NVBDCP],11.2.1,Kala Azar (RDT) - Tests Conducted,TOTAL,16,16,0,0,16,0,0,0,NA,0,0,0,NA,NA,0,0,0,NA,NA,0,0,0,0,0,0,0,0,NA,NA,0,0,0,0,NA,0,0,0,NA,NA,0,0,0,0,0,0,16,16,0,NA,16,0,0,0,NA,0,0,0,0,0,0,0,0,0,NA,0,0,0,NA,NA,0,0,0,0,0,0,0,0,NA,0,0,0,0,0,NA,0,0,0,NA,NA,0,0,0,0,NA,0,0,0,NA,NA,0,0,0,0,0,0,0,0,NA,NA,0,0,0,0,NA,0,0,0,NA,NA,0,0,0,0,NA,0,0,0,0,NA,0,0,0,0,0,0,0,0,0,NA,0
M11 [NVBDCP],11.2.2,Kala Azar Positive Cases,TOTAL,0,0,0,0,0,0,0,0,NA,0,0,0,NA,NA,0,0,0,NA,NA,0,0,0,0,0,0,0,0,NA,NA,0,0,0,0,NA,0,0,0,NA,NA,0,0,0,0,0,0,0,0,0,NA,0,0,0,0,NA,0,0,0,0,0,0,0,0,0,NA,0,0,0,NA,NA,0,0,0,0,0,0,0,0,NA,0,0,0,0,0,NA,0,0,0,NA,NA,0,0,0,0,NA,0,0,0,NA,NA,0,0,0,0,0,0,0,0,NA,NA,0,0,0,0,NA,0,0,0,NA,NA,0,0,0,0,NA,0,0,0,0,NA,0,0,0,0,0,0,0,0,0,NA,0
M11 [NVBDCP],11.2.3,Post-kala-azar dermal leishmaniasis (PKDL) cases,TOTAL,0,0,0,0,0,0,0,0,NA,0,0,0,NA,NA,0,0,0,NA,NA,0,0,0,0,0,0,0,0,NA,NA,0,0,0,0,NA,0,0,0,NA,NA,0,0,0,0,0,0,0,0,0,NA,0,0,0,0,NA,0,0,0,0,0,0,0,0,0,NA,0,0,0,NA,NA,0,0,0,0,0,0,0,0,NA,0,0,0,0,0,NA,0,0,0,NA,NA,0,0,0,0,NA,0,0,0,NA,NA,0,0,0,0,0,0,0,0,NA,NA,0,0,0,0,NA,0,0,0,NA,NA,0,0,0,0,NA,0,0,0,0,NA,0,0,0,0,0,0,0,0,0,NA,0
M11 [NVBDCP],11.3.1,Dengue - RDT Test Positive,TOTAL,261,257,4,51,210,0,0,0,NA,0,0,0,NA,NA,0,1,1,NA,NA,1,0,0,0,0,0,0,0,NA,NA,0,0,0,0,NA,0,0,0,NA,NA,0,0,0,0,0,0,0,0,0,NA,0,0,0,0,NA,0,2,0,2,2,0,0,0,0,NA,0,0,0,NA,NA,0,19,19,0,0,19,47,47,NA,47,0,0,0,0,NA,0,63,63,NA,NA,63,0,0,0,NA,0,0,0,NA,NA,0,0,0,0,0,0,126,126,NA,NA,126,0,0,0,NA,0,1,1,NA,NA,1,0,0,0,NA,0,0,0,0,NA,0,2,0,2,2,0,0,0,0,NA,0
M11 [NVBDCP],11.3.2,Dengue - Enzyme- Linked Immuno Sorbent Assay (ELISA) Test Positive,TOTAL,94,94,NA,NA,94,0,0,NA,NA,0,0,0,NA,NA,0,2,2,NA,NA,2,0,0,NA,NA,0,0,0,NA,NA,0,0,0,NA,NA,0,0,0,NA,NA,0,4,4,NA,NA,4,NA,NA,NA,NA,NA,0,0,NA,NA,0,8,8,NA,NA,8,9,9,NA,NA,9,0,0,NA,NA,0,0,0,NA,NA,0,37,37,NA,NA,37,0,0,NA,NA,0,1,1,NA,NA,1,0,0,NA,NA,0,16,16,NA,NA,16,7,7,NA,NA,7,9,9,NA,NA,9,0,0,NA,NA,0,1,1,NA,NA,1,0,0,NA,NA,0,0,0,NA,NA,0,NA,NA,NA,NA,NA,NA,NA,NA,NA,NA
M11 [NVBDCP],11.4.1,Tests Conducted for JE,TOTAL,209,209,NA,NA,209,0,0,NA,NA,0,0,0,NA,NA,0,NA,NA,NA,NA,NA,15,15,NA,NA,15,0,0,NA,NA,0,0,0,NA,NA,0,0,0,NA,NA,0,4,4,NA,NA,4,NA,NA,NA,NA,NA,0,0,NA,NA,0,8,8,NA,NA,8,62,62,NA,NA,62,0,0,NA,NA,0,37,37,NA,NA,37,0,0,NA,NA,0,0,0,NA,NA,0,0,0,NA,NA,0,0,0,NA,NA,0,0,0,NA,NA,0,18,18,NA,NA,18,0,0,NA,NA,0,22,22,NA,NA,22,20,20,NA,NA,20,7,7,NA,NA,7,16,16,NA,NA,16,NA,NA,NA,NA,NA,NA,NA,NA,NA,NA
M11 [NVBDCP],11.4.2,Tests Positive for JE,TOTAL,44,44,NA,NA,44,0,0,NA,NA,0,0,0,NA,NA,0,NA,NA,NA,NA,NA,0,0,NA,NA,0,0,0,NA,NA,0,0,0,NA,NA,0,0,0,NA,NA,0,0,0,NA,NA,0,NA,NA,NA,NA,NA,0,0,NA,NA,0,1,1,NA,NA,1,18,18,NA,NA,18,0,0,NA,NA,0,19,19,NA,NA,19,0,0,NA,NA,0,0,0,NA,NA,0,0,0,NA,NA,0,0,0,NA,NA,0,0,0,NA,NA,0,0,0,NA,NA,0,0,0,NA,NA,0,4,4,NA,NA,4,0,0,NA,NA,0,2,2,NA,NA,2,0,0,NA,NA,0,NA,NA,NA,NA,NA,NA,NA,NA,NA,NA
M12 [Adolscent Health],12.1.1.a,Girls registered in AFHC,TOTAL,1248,1248,0,4,1244,21,21,0,NA,21,0,0,NA,NA,0,0,0,NA,NA,0,0,0,0,0,0,0,0,NA,NA,0,143,143,0,NA,143,0,0,NA,NA,0,0,0,0,0,0,0,0,0,NA,0,0,0,0,NA,0,7,7,0,0,7,102,102,0,NA,102,4,4,NA,NA,4,16,16,0,0,16,164,164,NA,4,160,165,165,0,NA,165,70,70,NA,NA,70,0,0,0,NA,0,178,178,NA,NA,178,112,112,0,0,112,45,45,NA,NA,45,94,94,0,NA,94,0,0,NA,NA,0,0,0,0,NA,0,0,0,0,NA,0,68,68,0,0,68,59,59,0,NA,59
M12 [Adolscent Health],12.1.1.b,Boys registered in AFHC,TOTAL,358,358,0,5,353,24,24,0,NA,24,0,0,NA,NA,0,0,0,NA,NA,0,0,0,0,0,0,0,0,NA,NA,0,2,2,0,NA,2,0,0,NA,NA,0,0,0,0,0,0,0,0,0,NA,0,0,0,0,NA,0,3,3,0,0,3,28,28,0,NA,28,0,0,NA,NA,0,8,8,0,0,8,39,39,NA,5,34,52,52,0,NA,52,7,7,NA,NA,7,0,0,0,NA,0,8,8,NA,NA,8,62,62,0,0,62,9,9,NA,NA,9,25,25,0,NA,25,0,0,NA,NA,0,0,0,0,NA,0,0,0,0,NA,0,61,61,0,0,61,30,30,0,NA,30
M12 [Adolscent Health],12.1.2.a,"Out of registered, Girls received clinical services",TOTAL,1256,1256,0,0,1256,11,11,0,NA,11,0,0,NA,NA,0,0,0,NA,NA,0,0,0,0,0,0,0,0,NA,NA,0,145,145,0,NA,145,0,0,NA,NA,0,0,0,0,0,0,0,0,0,NA,0,0,0,0,NA,0,0,0,0,0,0,27,27,0,NA,27,4,4,NA,NA,4,79,79,0,0,79,145,145,NA,0,145,165,165,0,NA,165,16,16,NA,NA,16,0,0,0,NA,0,177,177,NA,NA,177,32,32,0,0,32,44,44,NA,NA,44,256,256,0,NA,256,29,29,NA,NA,29,0,0,0,NA,0,0,0,0,NA,0,68,68,0,0,68,58,58,0,NA,58
M12 [Adolscent Health],12.1.2.b,"Out of registered, Boys received clinical services",TOTAL,432,432,0,0,432,7,7,0,NA,7,0,0,NA,NA,0,0,0,NA,NA,0,0,0,0,0,0,0,0,NA,NA,0,5,5,0,NA,5,0,0,NA,NA,0,0,0,0,0,0,0,0,0,NA,0,0,0,0,NA,0,0,0,0,0,0,18,18,0,NA,18,0,0,NA,NA,0,76,76,0,0,76,31,31,NA,0,31,52,52,0,NA,52,0,0,NA,NA,0,0,0,0,NA,0,3,3,NA,NA,3,28,28,0,0,28,0,0,NA,NA,0,80,80,0,NA,80,42,42,NA,NA,42,0,0,0,NA,0,0,0,0,NA,0,61,61,0,0,61,29,29,0,NA,29
M12 [Adolscent Health],12.1.3.a,"Out of registered, Girls received counselling",TOTAL,1535,1535,0,0,1535,15,15,0,NA,15,0,0,NA,NA,0,0,0,NA,NA,0,0,0,0,0,0,0,0,NA,NA,0,145,145,0,NA,145,0,0,NA,NA,0,0,0,0,0,0,0,0,0,NA,0,0,0,0,NA,0,0,0,0,0,0,176,176,0,NA,176,4,4,NA,NA,4,20,20,0,0,20,160,160,NA,0,160,165,165,0,NA,165,54,54,NA,NA,54,0,0,0,NA,0,179,179,NA,NA,179,180,180,0,0,180,45,45,NA,NA,45,256,256,0,NA,256,9,9,NA,NA,9,0,0,0,NA,0,0,0,0,NA,0,68,68,0,0,68,59,59,0,NA,59
M12 [Adolscent Health],12.1.3.b,"Out of registered, Boys received counselling",TOTAL,508,508,0,0,508,18,18,0,NA,18,0,0,NA,NA,0,0,0,NA,NA,0,0,0,0,0,0,0,0,NA,NA,0,5,5,0,NA,5,0,0,NA,NA,0,0,0,0,0,0,0,0,0,NA,0,0,0,0,NA,0,0,0,0,0,0,123,123,0,NA,123,0,0,NA,NA,0,8,8,0,0,8,34,34,NA,0,34,52,52,0,NA,52,7,7,NA,NA,7,0,0,0,NA,0,8,8,NA,NA,8,70,70,0,0,70,9,9,NA,NA,9,80,80,0,NA,80,3,3,NA,NA,3,0,0,0,NA,0,0,0,0,NA,0,61,61,0,0,61,30,30,0,NA,30
"M13 [Directly Observed Treatment, Short-course (DOTS)]",13.1,Number of on-going DOTS patients registered,TOTAL,3816,3415,401,195,3621,101,101,0,NA,101,95,95,NA,NA,95,5,5,NA,NA,5,26,26,0,0,26,73,73,NA,NA,73,24,24,0,NA,24,10,10,NA,NA,10,213,213,0,1,212,218,218,0,NA,218,46,46,0,NA,46,62,62,0,0,62,201,201,0,NA,201,111,111,NA,NA,111,223,223,0,0,223,192,192,NA,191,1,96,96,0,NA,96,226,226,NA,NA,226,50,39,11,NA,50,97,97,NA,NA,97,129,120,9,0,129,62,62,NA,NA,62,146,146,0,NA,146,111,111,NA,NA,111,52,31,21,NA,52,319,256,63,NA,319,503,239,264,3,500,425,392,33,NA,425
"M13 [Directly Observed Treatment, Short-course (DOTS)]",13.2,Number of DOTS cases completed successfully,TOTAL,868,795,73,48,820,22,22,0,NA,22,13,13,NA,NA,13,0,0,NA,NA,0,36,36,0,0,36,6,6,NA,NA,6,10,10,0,NA,10,8,8,NA,NA,8,10,10,0,1,9,51,51,0,NA,51,18,18,0,NA,18,38,38,0,0,38,70,70,0,NA,70,17,17,NA,NA,17,79,79,0,0,79,47,47,NA,47,0,37,37,0,NA,37,32,32,NA,NA,32,14,13,1,NA,14,52,52,NA,NA,52,28,26,2,0,28,26,26,NA,NA,26,44,44,0,NA,44,8,8,NA,NA,8,18,16,2,NA,18,40,34,6,NA,40,132,77,55,0,132,12,5,7,NA,12
M14 [Patient Services],14.1.1,Outpatient - Diabetes,TOTAL,9965,8852,1113,934,9031,48,48,0,NA,48,820,820,NA,NA,820,75,75,NA,NA,75,551,495,56,32,519,58,58,NA,NA,58,399,399,0,NA,399,122,122,NA,NA,122,241,241,0,22,219,391,307,84,NA,391,102,101,1,NA,102,256,103,153,178,78,285,272,13,NA,285,190,190,NA,NA,190,372,372,0,0,372,684,363,321,505,179,941,941,0,NA,941,38,37,1,1,37,526,432,94,39,487,50,50,NA,NA,50,329,320,9,0,329,261,261,NA,NA,261,1702,1683,19,17,1685,450,450,NA,NA,450,351,325,26,NA,351,240,206,34,21,219,396,133,263,119,277,87,48,39,NA,87
M14 [Patient Services],14.1.2,Outpatient - Hypertension,TOTAL,25350,22124,3226,1338,24012,347,347,0,NA,347,1054,1054,NA,NA,1054,125,125,NA,NA,125,1478,919,559,47,1431,252,252,NA,NA,252,1244,1244,0,NA,1244,578,578,NA,NA,578,737,737,0,36,701,1556,1144,412,NA,1556,244,239,5,NA,244,400,338,62,114,286,849,794,55,NA,849,245,245,NA,NA,245,1920,1920,0,0,1920,1216,864,352,928,288,1851,1851,0,NA,1851,191,190,1,2,189,2085,1965,120,87,1998,240,240,NA,NA,240,753,601,152,0,753,334,334,NA,NA,334,3498,3283,215,10,3488,756,756,NA,NA,756,953,867,86,NA,953,1215,767,448,52,1163,853,236,617,62,791,376,234,142,NA,376
M14 [Patient Services],14.1.3,Outpatient - Stroke (Paralysis),TOTAL,1088,1001,87,52,1036,7,7,0,NA,7,3,3,NA,NA,3,0,0,NA,NA,0,7,4,3,0,7,0,0,NA,NA,0,140,140,0,NA,140,18,18,NA,NA,18,45,45,0,0,45,11,6,5,NA,11,12,12,0,NA,12,4,3,1,1,3,5,4,1,NA,5,0,0,NA,NA,0,12,12,0,0,12,49,7,42,43,6,6,6,0,NA,6,9,9,0,0,9,56,49,7,NA,56,3,3,NA,NA,3,4,1,3,0,4,5,5,NA,NA,5,39,37,2,0,39,2,2,NA,NA,2,10,7,3,NA,10,16,10,6,NA,16,620,606,14,8,612,5,5,0,NA,5
M14 [Patient Services],14.1.4,Outpatient - Acute Heart Diseases,TOTAL,2225,1587,638,594,1631,3,3,0,NA,3,17,17,NA,NA,17,6,6,NA,NA,6,9,8,1,0,9,0,0,NA,NA,0,39,39,0,NA,39,12,12,NA,NA,12,37,37,0,1,36,15,7,8,NA,15,6,6,0,NA,6,134,0,134,134,0,1,1,0,NA,1,33,33,NA,NA,33,1040,1040,0,0,1040,439,16,423,423,16,35,35,0,NA,35,11,11,0,0,11,63,62,1,NA,63,1,1,NA,NA,1,26,25,1,0,26,35,35,NA,NA,35,120,120,0,0,120,4,4,NA,NA,4,10,8,2,NA,10,33,27,6,NA,33,70,14,56,36,34,26,20,6,NA,26
M14 [Patient Services],14.1.5,Outpatient - Mental illness,TOTAL,2190,1781,409,325,1865,7,7,0,NA,7,2,2,NA,NA,2,50,50,NA,NA,50,5,5,0,0,5,3,3,NA,NA,3,157,157,0,NA,157,7,7,NA,NA,7,72,72,0,1,71,17,7,10,NA,17,13,13,0,NA,13,504,488,16,16,488,279,276,3,NA,279,4,4,NA,NA,4,228,228,0,0,228,319,13,306,307,12,94,94,0,NA,94,11,11,0,0,11,39,39,0,NA,39,3,3,NA,NA,3,2,0,2,0,2,220,220,NA,NA,220,39,30,9,1,38,11,11,NA,NA,11,6,2,4,NA,6,13,6,7,NA,13,80,32,48,0,80,5,1,4,NA,5
M14 [Patient Services],14.1.6,Outpatient - Epilepsy,TOTAL,399,181,218,24,375,0,0,0,NA,0,0,0,NA,NA,0,0,0,NA,NA,0,2,0,2,0,2,0,0,NA,NA,0,7,7,0,NA,7,17,17,NA,NA,17,2,2,0,0,2,42,5,37,NA,42,12,12,0,NA,12,8,8,0,0,8,5,1,4,NA,5,0,0,NA,NA,0,64,64,0,0,64,24,3,21,23,1,0,0,0,NA,0,1,1,0,0,1,19,18,1,NA,19,0,0,NA,NA,0,10,1,9,0,10,0,0,NA,NA,0,5,3,2,1,4,0,0,NA,NA,0,18,1,17,NA,18,39,0,39,NA,39,96,16,80,0,96,28,22,6,NA,28
M14 [Patient Services],14.1.7,Outpatient - Ophthalmic Related,TOTAL,23654,23008,646,136,23518,595,595,0,NA,595,890,890,NA,NA,890,55,55,NA,NA,55,429,414,15,0,429,124,124,NA,NA,124,1764,1764,0,NA,1764,252,252,NA,NA,252,439,439,0,60,379,181,105,76,NA,181,819,819,0,NA,819,3694,3694,0,17,3677,1448,1418,30,NA,1448,633,633,NA,NA,633,1570,1570,0,0,1570,833,827,6,45,788,1526,1526,0,NA,1526,373,373,0,0,373,904,808,96,NA,904,276,276,NA,NA,276,119,86,33,0,119,880,880,NA,NA,880,1913,1891,22,14,1899,646,646,NA,NA,646,362,268,94,NA,362,2147,2031,116,NA,2147,180,25,155,0,180,602,599,3,NA,602
M14 [Patient Services],14.1.8,Outpatient - Dental,TOTAL,22007,21386,621,482,21525,248,248,0,NA,248,486,486,NA,NA,486,293,293,NA,NA,293,1128,1082,46,24,1104,264,264,NA,NA,264,910,910,0,NA,910,490,490,NA,NA,490,1837,1837,0,20,1817,115,76,39,NA,115,110,110,0,NA,110,1174,1126,48,70,1104,739,728,11,NA,739,166,166,NA,NA,166,2151,2151,0,0,2151,434,334,100,323,111,1075,1075,0,NA,1075,285,285,0,1,284,927,818,109,NA,927,428,428,NA,NA,428,1381,1368,13,0,1381,530,530,NA,NA,530,1330,1316,14,10,1320,2277,2277,NA,NA,2277,583,567,16,NA,583,1786,1715,71,NA,1786,523,380,143,34,489,337,326,11,NA,337
M14 [Patient Services],14.1.9,Outpatient - Oncology,TOTAL,46,46,0,0,46,0,0,NA,NA,0,0,0,NA,NA,0,0,0,NA,NA,0,0,0,0,0,0,0,0,NA,NA,0,3,3,NA,NA,3,0,0,NA,NA,0,0,0,NA,NA,0,0,0,0,NA,0,0,0,NA,NA,0,0,0,0,0,0,1,1,NA,NA,1,1,1,NA,NA,1,0,0,0,0,0,5,5,NA,0,5,0,0,0,NA,0,4,4,NA,NA,4,0,0,0,NA,0,0,0,NA,NA,0,2,2,0,0,2,0,0,NA,NA,0,26,26,0,NA,26,0,0,NA,NA,0,0,0,0,NA,0,3,3,0,NA,3,1,1,0,0,1,0,0,NA,NA,0
M14 [Patient Services],14.2.1,Allopathic- Outpatient attendance,TOTAL,2764618,2229556,535062,85902,2678716,45838,42977,2861,NA,45838,120849,119532,1317,NA,120849,59915,59915,NA,2693,57222,144175,123233,20942,2277,141898,26475,26475,NA,NA,26475,72356,69874,2482,NA,72356,57973,57973,NA,NA,57973,153415,152739,676,3478,149937,187465,103679,83786,5532,181933,17843,17683,160,NA,17843,91041,81234,9807,12266,78775,105742,80044,25698,NA,105742,35318,35318,NA,NA,35318,124205,95389,28816,9864,114341,148827,147066,1761,36595,112232,110252,110252,0,NA,110252,41395,41339,56,129,41266,80721,74434,6287,1785,78936,46567,46567,NA,NA,46567,86134,74583,11551,1579,84555,88530,86803,1727,NA,88530,202432,187355,15077,1602,200830,64597,64597,NA,NA,64597,139628,87738,51890,2391,137237,293880,140524,153356,875,293005,146891,64572,82319,4836,142055,72154,37661,34493,NA,72154
M14 [Patient Services],14.2.2,Ayush - Outpatient attendance,TOTAL,189543,189429,114,3073,186470,10336,10336,0,NA,10336,6035,6035,NA,NA,6035,1988,1988,NA,NA,1988,786,786,0,0,786,110,110,NA,NA,110,4873,4873,0,NA,4873,3539,3539,NA,NA,3539,22733,22733,0,0,22733,1229,1229,0,NA,1229,1717,1717,0,NA,1717,17229,17229,0,928,16301,4841,4841,0,NA,4841,403,403,NA,NA,403,1397,1397,0,0,1397,11647,11647,0,2145,9502,34983,34983,0,NA,34983,5683,5683,NA,NA,5683,6131,6131,0,NA,6131,3010,3010,NA,NA,3010,2375,2375,0,0,2375,8425,8425,NA,NA,8425,10328,10328,0,NA,10328,14316,14316,NA,NA,14316,2876,2876,0,NA,2876,7885,7885,0,NA,7885,2010,2010,0,0,2010,2658,2544,114,NA,2658
M14 [Patient Services],14.3.1.a,Inpatient (Male)- Children<18yrs,TOTAL,9479,8151,1328,394,9085,22,16,6,NA,22,499,463,36,NA,499,46,46,NA,NA,46,2008,1974,34,0,2008,25,25,NA,NA,25,197,197,0,NA,197,136,136,NA,NA,136,471,471,0,0,471,409,266,143,NA,409,83,81,2,NA,83,473,209,264,264,209,549,505,44,NA,549,143,143,NA,NA,143,495,490,5,0,495,145,130,15,38,107,103,103,0,NA,103,145,145,0,0,145,506,403,103,23,483,85,85,NA,NA,85,488,464,24,0,488,394,394,NA,NA,394,349,347,2,NA,349,188,188,NA,NA,188,320,200,120,NA,320,526,444,82,NA,526,594,197,397,69,525,80,29,51,NA,80
M14 [Patient Services],14.3.1.b,Inpatient (Male)- Adults,TOTAL,34845,28955,5890,1617,33228,282,272,10,NA,282,1383,1261,122,NA,1383,360,360,NA,NA,360,382,160,222,0,382,114,114,NA,NA,114,1824,1824,0,NA,1824,396,396,NA,NA,396,1114,1114,0,0,1114,2737,2165,572,359,2378,334,313,21,NA,334,1473,839,634,634,839,1608,1468,140,NA,1608,536,536,NA,NA,536,1670,1566,104,0,1670,4791,4545,246,306,4485,692,692,0,NA,692,536,532,4,4,532,707,575,132,0,707,637,637,NA,NA,637,1682,1624,58,0,1682,950,950,NA,NA,950,2709,2705,4,NA,2709,658,658,NA,NA,658,1306,922,384,NA,1306,3071,1984,1087,NA,3071,2488,541,1947,314,2174,405,202,203,NA,405
M14 [Patient Services],14.3.2.a,Inpatient (Female)- Children<18yrs,TOTAL,10505,9034,1471,381,10124,25,18,7,NA,25,581,556,25,NA,581,52,52,NA,NA,52,2961,2895,66,19,2942,23,23,NA,NA,23,274,274,0,NA,274,106,106,NA,NA,106,533,533,0,0,533,417,199,218,NA,417,72,71,1,NA,72,418,164,254,254,164,477,427,50,NA,477,345,345,NA,NA,345,336,332,4,0,336,124,109,15,36,88,112,112,0,NA,112,167,166,1,1,166,524,410,114,19,505,63,63,NA,NA,63,437,418,19,0,437,440,440,NA,NA,440,348,348,0,NA,348,210,210,NA,NA,210,257,151,106,NA,257,479,374,105,NA,479,630,203,427,52,578,94,35,59,NA,94
M14 [Patient Services],14.3.2.b,Inpatient (Female)- Adults,TOTAL,66401,57646,8755,2709,63692,1036,1014,22,NA,1036,2269,2147,122,NA,2269,1273,1273,NA,NA,1273,3616,2638,978,323,3293,491,491,NA,NA,491,1305,1305,0,NA,1305,1080,1080,NA,NA,1080,3302,3302,0,35,3267,3920,3260,660,409,3511,514,488,26,NA,514,3407,2504,903,953,2454,2544,2294,250,NA,2544,1921,1921,NA,NA,1921,2076,2011,65,0,2076,6127,5979,148,357,5770,1491,1491,0,NA,1491,1424,1422,2,2,1422,1862,1446,416,138,1724,2159,2159,NA,NA,2159,2808,2681,127,0,2808,1718,1718,NA,NA,1718,4402,4398,4,NA,4402,1346,1346,NA,NA,1346,2671,2058,613,NA,2671,6126,4772,1354,NA,6126,4617,1943,2674,492,4125,896,505,391,NA,896
M14 [Patient Services],14.3.3,Number of Left Against Medical Advice (LAMA) cases,TOTAL,2193,2147,46,7,2186,13,13,0,NA,13,43,43,NA,NA,43,191,191,NA,NA,191,189,189,0,0,189,1,1,NA,NA,1,132,132,NA,NA,132,22,22,NA,NA,22,248,248,0,0,248,8,8,0,NA,8,9,9,0,NA,9,167,165,2,2,165,11,11,0,NA,11,20,20,NA,NA,20,0,0,0,0,0,29,29,0,5,24,0,0,0,NA,0,31,31,0,0,31,56,17,39,NA,56,10,10,NA,NA,10,25,25,0,0,25,30,30,NA,NA,30,526,526,0,NA,526,149,149,NA,NA,149,92,92,0,NA,92,57,57,0,NA,57,5,0,5,0,5,129,129,0,NA,129
M14 [Patient Services],14.4.1,Inpatient - Malaria,TOTAL,296,258,38,28,268,3,0,3,NA,3,0,0,NA,NA,0,0,0,NA,NA,0,1,0,1,0,1,41,41,NA,NA,41,0,0,0,NA,0,0,0,NA,NA,0,0,0,0,0,0,0,0,0,NA,0,14,12,2,NA,14,12,4,8,8,4,2,2,0,NA,2,0,0,NA,NA,0,0,0,0,0,0,0,0,0,0,0,4,4,0,NA,4,19,17,2,2,17,0,0,0,NA,0,3,3,NA,NA,3,1,1,0,0,1,172,172,NA,NA,172,0,0,0,NA,0,0,0,NA,NA,0,0,0,0,NA,0,1,1,0,NA,1,18,0,18,18,0,5,1,4,NA,5
M14 [Patient Services],14.4.2,Inpatient - Dengue,TOTAL,282,228,54,97,185,0,0,0,NA,0,2,0,2,NA,2,1,1,NA,NA,1,0,0,0,0,0,0,0,NA,NA,0,1,1,0,NA,1,0,0,NA,NA,0,0,0,0,0,0,0,0,0,NA,0,0,0,0,NA,0,9,6,3,3,6,22,22,0,NA,22,0,0,NA,NA,0,19,19,0,0,19,109,61,48,93,16,0,0,0,NA,0,7,7,0,0,7,0,0,0,NA,0,0,0,NA,NA,0,0,0,0,0,0,100,100,NA,NA,100,0,0,0,NA,0,2,2,NA,NA,2,0,0,0,NA,0,0,0,0,NA,0,8,7,1,1,7,2,2,0,NA,2
M14 [Patient Services],14.4.3,Inpatient - Typhoid,TOTAL,326,295,31,31,295,0,0,0,NA,0,0,0,NA,NA,0,0,0,NA,NA,0,4,2,2,0,4,3,3,NA,NA,3,0,0,0,NA,0,1,1,NA,NA,1,21,21,0,0,21,0,0,0,NA,0,15,15,0,NA,15,12,4,8,8,4,0,0,0,NA,0,1,1,NA,NA,1,6,6,0,0,6,6,6,0,6,0,7,7,0,NA,7,20,19,1,1,19,1,0,1,NA,1,4,4,NA,NA,4,39,39,0,0,39,130,130,NA,NA,130,2,2,0,NA,2,15,15,NA,NA,15,0,0,0,NA,0,6,6,0,NA,6,17,1,16,16,1,16,13,3,NA,16
M14 [Patient Services],14.4.4,"Inpatient - Asthma, Chronic Obstructive Pulmonary Disease (COPD), Respiratory infections",TOTAL,2087,1627,460,222,1865,3,3,0,NA,3,2,0,2,NA,2,0,0,NA,NA,0,39,35,4,0,39,5,5,NA,NA,5,79,79,0,NA,79,8,8,NA,NA,8,76,76,0,0,76,8,8,0,NA,8,24,23,1,NA,24,67,29,38,38,29,275,263,12,NA,275,65,65,NA,NA,65,92,92,0,0,92,145,10,135,140,5,4,4,0,NA,4,12,12,0,0,12,256,232,24,NA,256,19,19,NA,NA,19,81,77,4,0,81,247,247,NA,NA,247,119,119,0,NA,119,140,140,NA,NA,140,25,22,3,NA,25,41,32,9,NA,41,243,15,228,44,199,12,12,0,NA,12
M14 [Patient Services],14.4.5,Inpatient - Tuberculosis,TOTAL,391,301,90,15,376,0,0,0,NA,0,5,5,NA,NA,5,4,4,NA,NA,4,4,0,4,0,4,0,0,NA,NA,0,10,10,0,NA,10,3,3,NA,NA,3,5,5,0,0,5,7,7,0,NA,7,1,1,0,NA,1,9,6,3,3,6,42,42,0,NA,42,0,0,NA,NA,0,63,63,0,0,63,6,1,5,6,0,3,3,0,NA,3,10,10,0,0,10,14,14,0,NA,14,10,10,NA,NA,10,14,13,1,0,14,41,41,NA,NA,41,24,24,0,NA,24,3,3,NA,NA,3,25,16,9,NA,25,10,0,10,NA,10,55,2,53,6,49,23,18,5,NA,23
M14 [Patient Services],14.4.6,Inpatient - Pyrexia of unknown origin (PUO),TOTAL,1323,1088,235,52,1271,0,0,0,NA,0,80,80,NA,NA,80,27,27,NA,NA,27,42,0,42,0,42,7,7,NA,NA,7,30,30,0,NA,30,5,5,NA,NA,5,58,58,0,0,58,5,5,0,NA,5,47,47,0,NA,47,90,50,40,40,50,1,1,0,NA,1,34,34,NA,NA,34,35,35,0,0,35,32,32,0,4,28,31,31,0,NA,31,62,62,0,0,62,205,187,18,NA,205,20,20,NA,NA,20,55,55,0,0,55,0,0,NA,NA,0,64,64,0,NA,64,88,88,NA,NA,88,140,120,20,NA,140,60,32,28,NA,60,95,18,77,8,87,10,0,10,NA,10
M14 [Patient Services],14.4.7,Inpatient - Diarrhea with dehydration,TOTAL,2490,2005,485,98,2392,9,7,2,NA,9,75,68,7,NA,75,0,0,NA,NA,0,41,14,27,0,41,20,20,NA,NA,20,84,84,0,NA,84,30,30,NA,NA,30,154,154,0,0,154,30,29,1,NA,30,46,44,2,NA,46,76,38,38,38,38,132,132,0,NA,132,216,216,NA,NA,216,52,52,0,0,52,52,7,45,45,7,53,53,0,NA,53,128,128,0,0,128,209,204,5,NA,209,20,20,NA,NA,20,90,75,15,0,90,223,223,NA,NA,223,57,57,0,NA,57,71,71,NA,NA,71,177,166,11,NA,177,91,66,25,NA,91,287,10,277,15,272,67,37,30,NA,67
M14 [Patient Services],14.4.8,Inpatient - Hepatitis,TOTAL,74,23,51,13,61,0,0,0,NA,0,0,0,NA,NA,0,1,1,NA,NA,1,0,0,0,0,0,0,0,NA,NA,0,2,2,0,NA,2,0,0,NA,NA,0,0,0,0,0,0,0,0,0,NA,0,1,1,0,NA,1,9,3,6,6,3,4,4,0,NA,4,0,0,NA,NA,0,0,0,0,0,0,4,1,3,4,0,0,0,0,NA,0,4,4,0,0,4,0,0,0,NA,0,6,6,NA,NA,6,0,0,0,0,0,0,0,NA,NA,0,1,1,0,NA,1,0,0,NA,NA,0,0,0,0,NA,0,0,0,0,NA,0,42,0,42,3,39,0,0,0,NA,0
M14 [Patient Services],14.5,Patients registered at Emergency Department,TOTAL,48845,48634,211,199,48646,17,17,NA,NA,17,1825,1825,NA,NA,1825,682,682,NA,NA,682,57,57,0,0,57,381,381,NA,NA,381,3854,3854,NA,NA,3854,1888,1888,NA,NA,1888,23,23,NA,NA,23,658,658,0,NA,658,692,692,NA,NA,692,404,209,195,195,209,596,596,NA,NA,596,0,0,NA,NA,0,4773,4773,0,0,4773,1867,1867,NA,0,1867,2438,2438,0,NA,2438,163,163,NA,NA,163,2548,2548,0,NA,2548,1451,1451,NA,NA,1451,6578,6578,0,0,6578,2305,2305,NA,NA,2305,3505,3505,0,NA,3505,1819,1819,NA,NA,1819,5586,5586,0,NA,5586,2972,2972,0,NA,2972,202,186,16,4,198,1561,1561,NA,NA,1561
M14 [Patient Services],14.6.1,"Emergency - Trauma ( accident, injury, poisoning etc)",TOTAL,7262,7236,26,247,7015,35,35,NA,NA,35,0,0,NA,NA,0,23,23,NA,NA,23,17,12,5,0,17,4,4,NA,NA,4,669,669,NA,NA,669,420,420,NA,NA,420,173,173,NA,NA,173,75,75,0,NA,75,75,75,NA,NA,75,186,174,12,12,174,149,149,NA,NA,149,48,48,NA,NA,48,2486,2486,0,0,2486,231,231,NA,227,4,0,0,0,NA,0,176,176,NA,NA,176,74,74,0,NA,74,296,296,NA,NA,296,522,522,0,0,522,70,70,NA,NA,70,1173,1173,0,NA,1173,2,2,NA,NA,2,202,202,0,NA,202,40,40,0,NA,40,75,66,9,8,67,41,41,NA,NA,41
M14 [Patient Services],14.6.2,Emergency - Burn,TOTAL,170,166,4,18,152,0,0,NA,NA,0,0,0,NA,NA,0,3,3,NA,NA,3,0,0,0,0,0,0,0,NA,NA,0,17,17,NA,NA,17,6,6,NA,NA,6,4,4,NA,NA,4,0,0,0,NA,0,0,0,NA,NA,0,17,15,2,2,15,9,9,NA,NA,9,4,4,NA,NA,4,29,29,0,0,29,16,16,NA,16,0,0,0,0,NA,0,5,5,NA,NA,5,8,8,0,NA,8,6,6,NA,NA,6,15,15,0,0,15,4,4,NA,NA,4,8,8,0,NA,8,0,0,NA,NA,0,12,12,0,NA,12,2,2,0,NA,2,3,1,2,0,3,2,2,NA,NA,2
M14 [Patient Services],14.6.3,Emergency - Obstetrics complications,TOTAL,1873,1808,65,73,1800,22,22,NA,NA,22,27,0,27,NA,27,0,0,NA,NA,0,3,3,0,0,3,4,4,NA,NA,4,29,29,NA,NA,29,27,27,NA,NA,27,36,36,NA,NA,36,4,4,0,NA,4,11,11,NA,NA,11,34,18,16,16,18,24,24,NA,NA,24,0,0,NA,NA,0,551,551,0,0,551,42,42,NA,35,7,20,20,0,NA,20,57,57,NA,NA,57,61,61,0,NA,61,60,60,NA,NA,60,125,125,0,0,125,111,111,NA,NA,111,127,127,0,NA,127,0,0,NA,NA,0,445,445,0,NA,445,13,13,0,NA,13,38,16,22,22,16,2,2,NA,NA,2
M14 [Patient Services],14.6.4,Emergency - Snake Bite,TOTAL,118,109,9,3,115,0,0,NA,NA,0,0,0,NA,NA,0,0,0,NA,NA,0,2,2,0,0,2,0,0,NA,NA,0,15,15,NA,NA,15,10,10,NA,NA,10,0,0,NA,NA,0,3,3,0,NA,3,0,0,NA,NA,0,0,0,0,0,0,12,12,NA,NA,12,0,0,NA,NA,0,3,3,0,0,3,3,3,NA,3,0,0,0,0,NA,0,1,1,NA,NA,1,3,3,0,NA,3,3,3,NA,NA,3,4,4,0,0,4,0,0,NA,NA,0,33,33,0,NA,33,0,0,NA,NA,0,14,14,0,NA,14,2,2,0,NA,2,10,1,9,0,10,0,0,NA,NA,0
M14 [Patient Services],14.6.5,Emergency - Acute Caridiac Emergencies,TOTAL,172,162,10,10,162,0,0,NA,NA,0,0,0,NA,NA,0,0,0,NA,NA,0,0,0,0,0,0,0,0,NA,NA,0,26,26,NA,NA,26,7,7,NA,NA,7,0,0,NA,NA,0,2,2,0,NA,2,4,4,NA,NA,4,8,0,8,8,0,0,0,NA,NA,0,0,0,NA,NA,0,2,2,0,0,2,2,2,NA,2,0,0,0,0,NA,0,0,0,NA,NA,0,8,8,0,NA,8,17,17,NA,NA,17,0,0,0,0,0,0,0,NA,NA,0,2,2,0,NA,2,0,0,NA,NA,0,90,90,0,NA,90,1,1,0,NA,1,2,0,2,0,2,1,1,NA,NA,1
M14 [Patient Services],14.6.7,Emergency - CVA ( Cerebovascular Disease),TOTAL,415,401,14,12,403,2,2,NA,NA,2,0,0,NA,NA,0,26,26,NA,NA,26,0,0,0,0,0,0,0,NA,NA,0,28,28,NA,NA,28,13,13,NA,NA,13,0,0,NA,NA,0,2,2,0,NA,2,6,6,NA,NA,6,12,2,10,10,2,48,48,NA,NA,48,1,1,NA,NA,1,3,3,0,0,3,2,2,NA,2,0,0,0,0,NA,0,15,15,NA,NA,15,16,13,3,NA,16,48,48,NA,NA,48,21,21,0,0,21,0,0,NA,NA,0,47,47,0,NA,47,0,0,NA,NA,0,94,94,0,NA,94,3,3,0,NA,3,21,20,1,0,21,7,7,NA,NA,7
M14 [Patient Services],14.7,Number of deaths occurring at Emergency Department,TOTAL,51,51,0,0,51,1,1,NA,NA,1,0,0,NA,NA,0,0,0,NA,NA,0,0,0,0,0,0,0,0,NA,NA,0,6,6,NA,NA,6,5,5,NA,NA,5,0,0,NA,NA,0,0,0,0,NA,0,4,4,NA,NA,4,0,0,0,0,0,0,0,NA,NA,0,0,0,NA,NA,0,0,0,0,0,0,0,0,NA,0,0,0,0,0,NA,0,0,0,NA,NA,0,0,0,0,NA,0,13,13,NA,NA,13,8,8,0,0,8,0,0,NA,NA,0,0,0,0,NA,0,0,0,NA,NA,0,12,12,0,NA,12,0,0,0,NA,0,0,0,0,0,0,2,2,NA,NA,2
M14 [Patient Services],14.8.1,Operation major (General and spinal anaesthesia),TOTAL,7693,7159,534,374,7319,0,0,0,NA,0,273,160,113,NA,273,35,35,NA,NA,35,143,128,15,15,128,0,0,NA,NA,0,70,70,0,NA,70,334,334,NA,NA,334,240,240,0,0,240,6,0,6,6,0,81,72,9,NA,81,400,197,203,203,197,119,119,0,NA,119,0,0,NA,NA,0,952,952,0,0,952,3202,3174,28,33,3169,70,70,0,NA,70,38,38,0,0,38,89,59,30,26,63,284,284,NA,NA,284,35,35,0,0,35,53,53,0,NA,53,73,73,0,NA,73,2,2,NA,NA,2,148,148,0,NA,148,743,735,8,NA,743,292,173,119,91,201,11,8,3,NA,11
M14 [Patient Services],14.8.2,"Out of Operation major, Gynecology- Hysterectomy surgeries",TOTAL,237,144,93,74,163,0,0,0,NA,0,9,5,4,NA,9,3,3,NA,NA,3,17,4,13,13,4,0,0,NA,NA,0,0,0,0,NA,0,13,13,NA,NA,13,0,0,0,0,0,0,0,0,NA,0,0,0,0,NA,0,25,0,25,25,0,1,1,0,NA,1,0,0,NA,NA,0,0,0,0,0,0,31,3,28,28,3,54,54,0,NA,54,3,3,0,0,3,5,0,5,1,4,7,7,NA,NA,7,11,11,0,0,11,3,3,0,NA,3,3,3,0,NA,3,0,0,NA,NA,0,0,0,0,NA,0,24,16,8,NA,24,25,18,7,7,18,3,0,3,NA,3
M14 [Patient Services],14.8.3,"Major Surgeries excluding Obstetrics, Gynaecology and Opthalmology etc.",TOTAL,3477,3477,NA,NA,3477,0,0,NA,NA,0,0,0,NA,NA,0,32,32,NA,NA,32,514,514,NA,NA,514,0,0,NA,NA,0,2,2,NA,NA,2,61,61,NA,NA,61,48,48,NA,NA,48,NA,NA,NA,NA,NA,16,16,NA,NA,16,25,25,NA,NA,25,24,24,NA,NA,24,0,0,NA,NA,0,191,191,NA,NA,191,2284,2284,NA,NA,2284,1,1,NA,NA,1,33,33,NA,NA,33,1,1,NA,NA,1,47,47,NA,NA,47,24,24,NA,NA,24,36,36,NA,NA,36,50,50,NA,NA,50,2,2,NA,NA,2,24,24,NA,NA,24,7,7,NA,NA,7,55,55,NA,NA,55,0,0,NA,NA,0
M14 [Patient Services],14.8.4,Operation minor (No or local anaesthesia),TOTAL,2614,2428,186,138,2476,35,35,0,NA,35,92,55,37,NA,92,35,35,NA,NA,35,10,0,10,10,0,10,10,NA,NA,10,36,36,0,NA,36,10,10,NA,NA,10,44,44,0,0,44,0,0,0,NA,0,49,45,4,NA,49,268,237,31,31,237,69,69,0,NA,69,31,31,NA,NA,31,1293,1293,0,0,1293,109,95,14,27,82,103,103,0,NA,103,6,6,0,0,6,16,12,4,4,12,34,34,NA,NA,34,2,2,0,0,2,0,0,NA,NA,0,98,98,0,NA,98,30,30,NA,NA,30,53,53,0,NA,53,63,43,20,NA,63,100,34,66,66,34,18,18,0,NA,18
M14 [Patient Services],14.8.5,Number of post operative Surgical Site infection,TOTAL,140,140,NA,NA,140,2,2,NA,NA,2,1,1,NA,NA,1,0,0,NA,NA,0,0,0,NA,NA,0,0,0,NA,NA,0,1,1,NA,NA,1,0,0,NA,NA,0,0,0,NA,NA,0,NA,NA,NA,NA,NA,0,0,NA,NA,0,0,0,NA,NA,0,3,3,NA,NA,3,0,0,NA,NA,0,122,122,NA,NA,122,7,7,NA,NA,7,0,0,NA,NA,0,1,1,NA,NA,1,0,0,NA,NA,0,0,0,NA,NA,0,0,0,NA,NA,0,0,0,NA,NA,0,0,0,NA,NA,0,1,1,NA,NA,1,0,0,NA,NA,0,0,0,NA,NA,0,0,0,NA,NA,0,2,2,NA,NA,2
M14 [Patient Services],14.8.6,Number of blood units issued,TOTAL,3289,3260,29,18,3271,0,0,0,NA,0,4,0,4,NA,4,209,209,NA,NA,209,0,0,0,0,0,0,0,NA,NA,0,0,0,0,NA,0,144,144,NA,NA,144,9,9,0,0,9,0,0,0,0,0,92,89,3,NA,92,8,8,0,0,8,627,627,0,NA,627,0,0,NA,NA,0,1016,1016,0,0,1016,2,2,0,0,2,31,31,0,NA,31,134,134,0,0,134,0,0,0,NA,0,28,28,NA,NA,28,448,448,0,0,448,98,98,0,NA,98,20,20,0,NA,20,265,265,NA,NA,265,5,5,0,NA,5,4,0,4,NA,4,145,127,18,18,127,0,0,0,NA,0
M14 [Patient Services],14.8.7,Number of blood transfusions done,TOTAL,2833,2799,34,25,2808,0,0,0,NA,0,15,11,4,NA,15,209,209,NA,NA,209,8,1,7,7,1,0,0,NA,NA,0,0,0,0,NA,0,144,144,NA,NA,144,9,9,0,0,9,0,0,0,0,0,91,89,2,NA,91,8,8,0,0,8,643,643,0,NA,643,0,0,NA,NA,0,523,523,0,0,523,4,4,0,0,4,31,31,0,NA,31,134,134,0,0,134,0,0,0,NA,0,28,28,NA,NA,28,448,448,0,0,448,105,105,0,NA,105,20,20,0,NA,20,260,260,NA,NA,260,5,5,0,NA,5,3,0,3,NA,3,145,127,18,18,127,0,0,0,NA,0
M14 [Patient Services],14.9.1,Inpatient Deaths - Male,TOTAL,384,357,27,5,379,0,0,0,NA,0,11,10,1,NA,11,14,14,NA,NA,14,8,7,1,0,8,0,0,NA,NA,0,12,12,0,NA,12,16,16,NA,NA,16,37,37,0,0,37,0,0,0,NA,0,6,6,0,NA,6,13,9,4,4,9,26,26,0,NA,26,5,5,NA,NA,5,38,38,0,0,38,1,1,NA,0,1,0,0,0,NA,0,10,10,0,0,10,43,33,10,NA,43,22,22,NA,NA,22,22,22,0,0,22,1,1,NA,NA,1,33,33,0,NA,33,5,5,NA,NA,5,16,16,0,NA,16,12,11,1,NA,12,24,14,10,1,23,9,9,0,NA,9
M14 [Patient Services],14.9.2,Inpatient Deaths - Female,TOTAL,229,207,22,7,222,0,0,0,NA,0,3,3,NA,NA,3,5,5,NA,NA,5,7,7,0,0,7,0,0,NA,NA,0,10,10,0,NA,10,4,4,NA,NA,4,13,13,0,0,13,0,0,0,NA,0,7,7,0,NA,7,17,12,5,5,12,10,10,0,NA,10,3,3,NA,NA,3,12,12,0,0,12,0,0,NA,0,0,0,0,0,NA,0,3,3,0,0,3,28,21,7,NA,28,25,25,NA,NA,25,12,12,0,0,12,0,0,NA,NA,0,25,25,0,NA,25,2,2,NA,NA,2,14,14,0,NA,14,8,8,0,NA,8,14,4,10,2,12,7,7,0,NA,7
M14 [Patient Services],14.1,In-Patient Head Count at midnight,TOTAL,114194,110992,3202,415,113779,270,270,0,NA,270,2229,2229,NA,NA,2229,2842,2842,NA,NA,2842,2992,2845,147,0,2992,634,634,NA,NA,634,5123,5123,0,NA,5123,5937,5937,NA,NA,5937,5608,5608,0,0,5608,64,64,0,NA,64,3014,3014,0,NA,3014,5128,5128,0,84,5044,10780,10780,0,NA,10780,2170,2170,NA,NA,2170,402,402,0,0,402,2802,2802,NA,211,2591,1086,1086,0,NA,1086,5576,5569,7,7,5569,7724,5429,2295,NA,7724,4264,4264,NA,NA,4264,8155,7933,222,0,8155,3054,3054,NA,NA,3054,8746,8746,0,NA,8746,6272,6272,NA,NA,6272,7349,7349,0,NA,7349,6510,6242,268,NA,6510,4520,4331,189,113,4407,943,869,74,NA,943
M14 [Patient Services],14.11,Number of Admission in NBSU ( New Born Stabilisation Unit),TOTAL,1188,1088,100,18,1170,6,6,0,NA,6,146,146,NA,NA,146,56,56,NA,NA,56,120,88,32,0,120,0,0,NA,NA,0,25,25,0,NA,25,14,14,NA,NA,14,43,43,0,1,42,44,44,0,2,42,4,4,0,NA,4,65,65,0,2,63,41,41,0,NA,41,9,9,NA,NA,9,39,39,0,0,39,6,6,NA,0,6,28,28,0,NA,28,0,0,NA,NA,0,154,86,68,13,141,31,31,NA,NA,31,64,64,0,0,64,36,36,NA,NA,36,79,79,0,NA,79,8,8,NA,NA,8,89,89,0,NA,89,48,48,0,NA,48,24,24,0,0,24,9,9,0,NA,9
M14 [Patient Services],14.12.1,Special Newborn Care Unit (SNCU Admissions) - Inborn Male,TOTAL,1504,1504,0,0,1504,0,0,NA,NA,0,65,65,NA,NA,65,19,19,NA,NA,19,108,108,0,0,108,0,0,NA,NA,0,72,72,NA,NA,72,60,60,NA,NA,60,42,42,NA,NA,42,97,97,0,NA,97,19,19,NA,NA,19,46,46,0,0,46,54,54,NA,NA,54,35,35,NA,NA,35,106,106,0,0,106,277,277,NA,0,277,0,0,0,NA,0,30,30,NA,NA,30,23,23,0,NA,23,54,54,NA,NA,54,47,47,0,0,47,30,30,NA,NA,30,76,76,0,NA,76,48,48,NA,NA,48,51,51,0,NA,51,95,95,0,NA,95,35,35,0,0,35,15,15,NA,NA,15
M14 [Patient Services],14.12.2,Special Newborn Care Unit (SNCU Admissions) - Inborn Female,TOTAL,1054,1054,0,0,1054,0,0,NA,NA,0,54,54,NA,NA,54,19,19,NA,NA,19,95,95,0,0,95,0,0,NA,NA,0,49,49,NA,NA,49,45,45,NA,NA,45,24,24,NA,NA,24,79,79,0,NA,79,11,11,NA,NA,11,35,35,0,0,35,33,33,NA,NA,33,29,29,NA,NA,29,64,64,0,0,64,167,167,NA,0,167,0,0,0,NA,0,28,28,NA,NA,28,13,13,0,NA,13,39,39,NA,NA,39,35,35,0,0,35,16,16,NA,NA,16,68,68,0,NA,68,42,42,NA,NA,42,30,30,0,NA,30,50,50,0,NA,50,24,24,0,0,24,5,5,NA,NA,5
M14 [Patient Services],14.12.3,Outborn – Male,TOTAL,927,927,0,0,927,0,0,NA,NA,0,62,62,NA,NA,62,12,12,NA,NA,12,95,95,0,0,95,0,0,NA,NA,0,46,46,NA,NA,46,17,17,NA,NA,17,53,53,NA,NA,53,79,79,0,NA,79,3,3,NA,NA,3,24,24,0,0,24,32,32,NA,NA,32,29,29,NA,NA,29,44,44,0,0,44,195,195,NA,0,195,0,0,0,NA,0,4,4,NA,NA,4,48,48,0,NA,48,12,12,NA,NA,12,18,18,0,0,18,11,11,NA,NA,11,66,66,0,NA,66,20,20,NA,NA,20,13,13,0,NA,13,28,28,0,NA,28,10,10,0,0,10,6,6,NA,NA,6
M14 [Patient Services],14.12.4,Outborn - Female,TOTAL,604,604,0,0,604,0,0,NA,NA,0,31,31,NA,NA,31,8,8,NA,NA,8,74,74,0,0,74,0,0,NA,NA,0,28,28,NA,NA,28,13,13,NA,NA,13,17,17,NA,NA,17,47,47,0,NA,47,1,1,NA,NA,1,11,11,0,0,11,20,20,NA,NA,20,63,63,NA,NA,63,33,33,0,0,33,92,92,NA,0,92,0,0,0,NA,0,3,3,NA,NA,3,34,34,0,NA,34,8,8,NA,NA,8,18,18,0,0,18,7,7,NA,NA,7,47,47,0,NA,47,5,5,NA,NA,5,10,10,0,NA,10,16,16,0,NA,16,10,10,0,0,10,8,8,NA,NA,8
M14 [Patient Services],14.12.5,Number of newborns admitted in SNCU - referred by ASHA,TOTAL,143,143,0,0,143,0,0,NA,NA,0,0,0,NA,NA,0,0,0,NA,NA,0,0,0,0,0,0,0,0,NA,NA,0,27,27,NA,NA,27,18,18,NA,NA,18,0,0,NA,NA,0,0,0,0,NA,0,34,34,NA,NA,34,4,4,0,0,4,14,14,NA,NA,14,0,0,NA,NA,0,0,0,0,0,0,0,0,NA,0,0,0,0,0,NA,0,0,0,NA,NA,0,0,0,0,NA,0,41,41,NA,NA,41,0,0,0,0,0,5,5,NA,NA,5,0,0,0,NA,0,0,0,NA,NA,0,0,0,0,NA,0,0,0,0,NA,0,0,0,0,0,0,0,0,NA,NA,0
M14 [Patient Services],14.13,Number of deaths occurring at SNCU,TOTAL,412,412,0,0,412,0,0,NA,NA,0,36,36,NA,NA,36,5,5,NA,NA,5,33,33,0,0,33,0,0,NA,NA,0,10,10,NA,NA,10,13,13,NA,NA,13,22,22,NA,NA,22,32,32,0,NA,32,1,1,NA,NA,1,14,14,0,0,14,18,18,NA,NA,18,6,6,NA,NA,6,26,26,0,0,26,115,115,NA,0,115,0,0,0,NA,0,0,0,NA,NA,0,13,13,0,NA,13,12,12,NA,NA,12,17,17,0,0,17,1,1,NA,NA,1,1,1,0,NA,1,3,3,NA,NA,3,4,4,0,NA,4,14,14,0,NA,14,13,13,0,0,13,3,3,NA,NA,3
M14 [Patient Services],14.14.1,Number of children admitted in NRC,TOTAL,82,82,0,0,82,0,0,0,NA,0,2,2,NA,NA,2,0,0,NA,NA,0,2,2,0,0,2,1,1,NA,NA,1,7,7,0,NA,7,3,3,NA,NA,3,8,8,0,0,8,12,12,0,NA,12,0,0,0,NA,0,5,5,0,0,5,8,8,0,NA,8,0,0,NA,NA,0,4,4,0,0,4,5,5,NA,0,5,0,0,0,NA,0,0,0,NA,NA,0,5,5,0,NA,5,0,0,NA,NA,0,9,9,0,0,9,4,4,NA,NA,4,6,6,0,NA,6,1,1,NA,NA,1,0,0,0,NA,0,0,0,0,NA,0,0,0,0,0,0,0,0,0,NA,0
M14 [Patient Services],14.14.2,Number of children discharged with target weight gain from the NRCs,TOTAL,51,51,0,0,51,0,0,0,NA,0,0,0,NA,NA,0,0,0,NA,NA,0,2,2,0,0,2,1,1,NA,NA,1,11,11,0,NA,11,3,3,NA,NA,3,6,6,0,0,6,6,6,0,NA,6,0,0,0,NA,0,5,5,0,0,5,0,0,0,NA,0,0,0,NA,NA,0,0,0,0,0,0,3,3,NA,0,3,0,0,0,NA,0,0,0,NA,NA,0,4,4,0,NA,4,0,0,NA,NA,0,5,5,0,0,5,0,0,NA,NA,0,3,3,0,NA,3,2,2,NA,NA,2,0,0,0,NA,0,0,0,0,NA,0,0,0,0,0,0,0,0,0,NA,0
M14 [Patient Services],14.15,Number of Rogi Kalyan Samiti (RKS) meetings held,TOTAL,346,331,15,10,336,25,25,0,NA,25,11,11,NA,NA,11,7,7,NA,1,6,6,6,0,0,6,9,9,NA,NA,9,7,7,0,NA,7,5,5,NA,NA,5,19,19,0,0,19,3,3,0,NA,3,7,7,0,NA,7,17,17,0,0,17,13,13,0,NA,13,2,2,NA,NA,2,20,20,0,0,20,16,16,NA,9,7,13,13,0,NA,13,5,5,NA,NA,5,10,10,0,NA,10,20,20,NA,NA,20,13,12,1,0,13,10,10,NA,NA,10,31,31,0,NA,31,12,12,NA,NA,12,23,17,6,NA,23,15,15,0,NA,15,20,13,7,0,20,7,6,1,NA,7
M14 [Patient Services],14.16,Number of Anganwadi centres/ UPHCs reported to have conducted Village Health & Nutrition Day (VHNDs)/ Urban Health & Nutrition Day (UHNDs)/ Outreach / Special Outreach,TOTAL,26141,25566,575,466,25675,778,778,0,NA,778,1139,1139,NA,NA,1139,611,611,NA,30,581,1532,1528,4,0,1532,468,468,NA,NA,468,754,751,3,NA,754,697,697,NA,NA,697,1553,1525,28,0,1553,1029,886,143,78,951,222,222,0,NA,222,788,788,0,75,713,1062,1062,0,NA,1062,606,606,NA,NA,606,888,888,0,20,868,346,346,NA,141,205,1536,1536,0,NA,1536,1114,1114,NA,NA,1114,1126,1126,0,16,1110,968,968,NA,NA,968,1008,979,29,0,1008,868,868,NA,NA,868,2157,2147,10,28,2129,603,603,NA,NA,603,988,954,34,9,979,1625,1490,135,37,1588,990,847,143,32,958,685,639,46,NA,685
M14 [Patient Services],14.17,Stock out rate of essential Drugs,TOTAL,368,368,NA,NA,368,30,30,NA,NA,30,7,7,NA,NA,7,9,9,NA,NA,9,22,22,NA,NA,22,NA,NA,NA,NA,NA,11,11,NA,NA,11,22,22,NA,NA,22,20,20,NA,NA,20,NA,NA,NA,NA,NA,5,5,NA,NA,5,7,7,NA,NA,7,16,16,NA,NA,16,21,21,NA,NA,21,NA,NA,NA,NA,NA,30,30,NA,NA,30,14,14,NA,NA,14,32,32,NA,NA,32,32,32,NA,NA,32,3,3,NA,NA,3,15,15,NA,NA,15,12,12,NA,NA,12,7,7,NA,NA,7,20,20,NA,NA,20,4,4,NA,NA,4,18,18,NA,NA,18,11,11,NA,NA,11,NA,NA,NA,NA,NA
M14 [Patient Services],14.18,Blood Units Issued on replacement (Family Donors to be considered as replacement donations),TOTAL,4171,4171,NA,NA,4171,0,0,NA,NA,0,0,0,NA,NA,0,189,189,NA,NA,189,0,0,NA,NA,0,NA,NA,NA,NA,NA,271,271,NA,NA,271,53,53,NA,NA,53,11,11,NA,NA,11,NA,NA,NA,NA,NA,89,89,NA,NA,89,238,238,NA,NA,238,87,87,NA,NA,87,0,0,NA,NA,0,995,995,NA,NA,995,77,77,NA,NA,77,0,0,NA,NA,0,32,32,NA,NA,32,81,81,NA,NA,81,251,251,NA,NA,251,26,26,NA,NA,26,98,98,NA,NA,98,619,619,NA,NA,619,282,282,NA,NA,282,262,262,NA,NA,262,493,493,NA,NA,493,17,17,NA,NA,17,0,0,NA,NA,0
M14 [Patient Services],14.19,Total number of blood units issued in year,TOTAL,8261,8261,NA,NA,8261,0,0,NA,NA,0,0,0,NA,NA,0,209,209,NA,NA,209,2031,2031,NA,NA,2031,NA,NA,NA,NA,NA,300,300,NA,NA,300,144,144,NA,NA,144,267,267,NA,NA,267,NA,NA,NA,NA,NA,89,89,NA,NA,89,240,240,NA,NA,240,640,640,NA,NA,640,1,1,NA,NA,1,1015,1015,NA,NA,1015,81,81,NA,NA,81,2,2,NA,NA,2,159,159,NA,NA,159,165,165,NA,NA,165,256,256,NA,NA,256,448,448,NA,NA,448,105,105,NA,NA,105,702,702,NA,NA,702,265,265,NA,NA,265,289,289,NA,NA,289,525,525,NA,NA,525,327,327,NA,NA,327,1,1,NA,NA,1
M14 [Patient Services],14.2,Patient Satisfaction Score of the facility in percentage (from Mera Aspatal),TOTAL,0,0,NA,NA,0,NA,NA,NA,NA,NA,0,0,NA,NA,0,NA,NA,NA,NA,NA,NA,NA,NA,NA,NA,NA,NA,NA,NA,NA,NA,NA,NA,NA,NA,NA,NA,NA,NA,NA,NA,NA,NA,NA,NA,NA,NA,NA,NA,NA,NA,NA,NA,NA,NA,NA,NA,NA,NA,NA,NA,NA,NA,NA,NA,NA,NA,NA,NA,NA,NA,NA,NA,NA,NA,0,0,NA,NA,0,NA,NA,NA,NA,NA,0,0,NA,NA,0,NA,NA,NA,NA,NA,0,0,NA,NA,0,NA,NA,NA,NA,NA,NA,NA,NA,NA,NA,NA,NA,NA,NA,NA,0,0,NA,NA,0,NA,NA,NA,NA,NA,NA,NA,NA,NA,NA,NA,NA,NA,NA,NA,NA,NA,NA,NA,NA
M15 [Laboratory Testing],15.1,Number of Lab Tests done,TOTAL,568572,531591,36981,30969,537603,13638,12849,789,NA,13638,12181,12091,90,NA,12181,17231,17231,NA,2002,15229,39422,36472,2950,34,39388,7737,7737,NA,NA,7737,6831,6831,0,NA,6831,9082,9082,NA,NA,9082,14311,14311,NA,531,13780,9312,8368,944,1721,7591,3270,3146,124,NA,3270,32273,26775,5498,6857,25416,17438,17161,277,NA,17438,9446,9446,NA,NA,9446,48639,48639,0,0,48639,26181,18497,7684,14406,11775,31746,31746,0,NA,31746,8300,8268,32,32,8268,18403,11798,6605,21,18382,19157,19157,NA,NA,19157,17364,16164,1200,0,17364,23306,23306,0,NA,23306,33634,33623,11,14,33620,21950,21950,NA,NA,21950,28141,27437,704,526,27615,54487,52065,2422,118,54369,37211,31133,6078,4707,32504,7881,6308,1573,NA,7881
M15 [Laboratory Testing],15.2.1,Number of Hb tests conducted,TOTAL,174504,159995,14509,7788,166716,5664,5396,268,NA,5664,7436,7304,132,NA,7436,4154,4154,NA,117,4037,17482,15370,2112,118,17364,1818,1818,NA,NA,1818,2860,2856,4,NA,2860,3391,3391,NA,NA,3391,12126,11812,314,130,11996,7564,5707,1857,1358,6206,715,644,71,NA,715,9806,7591,2215,2549,7257,5428,5355,73,NA,5428,5741,5741,NA,NA,5741,6530,6530,0,112,6418,6624,6444,180,1343,5281,8630,8630,0,NA,8630,2829,2825,4,4,2825,7137,5911,1226,178,6959,4102,4102,NA,NA,4102,6112,5461,651,0,6112,5956,5956,NA,NA,5956,10755,10710,45,NA,10755,4324,4324,NA,NA,4324,5123,4320,803,5,5118,10232,9292,940,20,10212,9843,6518,3325,1854,7989,2122,1833,289,NA,2122
M15 [Laboratory Testing],15.2.2,"Out of the total number of Hb tests done, Number having Hb < 7 mg",TOTAL,2814,1927,887,362,2452,20,17,3,NA,20,46,46,0,NA,46,27,27,NA,NA,27,376,357,19,2,374,44,44,NA,NA,44,49,48,1,NA,49,23,23,NA,NA,23,80,80,0,4,76,155,69,86,49,106,7,7,0,NA,7,195,35,160,162,33,37,36,1,NA,37,47,47,NA,NA,47,49,49,0,1,48,70,70,0,13,57,49,49,0,NA,49,42,42,0,0,42,134,60,74,NA,134,368,368,NA,NA,368,129,36,93,0,129,31,31,NA,NA,31,75,75,0,NA,75,33,33,NA,NA,33,85,74,11,0,85,356,85,271,4,352,251,92,159,127,124,36,27,9,NA,36
M15 [Laboratory Testing],15.3.1.a,Male HIV - Number Tested,TOTAL,5109,4787,322,399,4710,100,100,0,NA,100,156,156,NA,NA,156,210,210,NA,NA,210,89,86,3,4,85,28,28,NA,NA,28,42,42,0,NA,42,161,161,NA,NA,161,28,28,0,0,28,75,75,0,NA,75,75,62,13,NA,75,353,109,244,244,109,292,292,0,NA,292,176,176,NA,NA,176,457,457,0,0,457,346,320,26,121,225,355,355,0,NA,355,229,229,0,0,229,187,187,0,NA,187,173,173,NA,NA,173,116,116,0,0,116,52,52,NA,NA,52,353,353,0,NA,353,226,226,NA,NA,226,154,152,2,0,154,474,474,0,NA,474,147,116,31,30,117,55,52,3,NA,55
M15 [Laboratory Testing],15.3.1.b,Male HIV - Number Positive,TOTAL,48,47,1,1,47,1,1,0,NA,1,3,3,NA,NA,3,0,0,NA,NA,0,2,2,0,0,2,0,0,NA,NA,0,0,0,0,NA,0,1,1,NA,NA,1,0,0,0,0,0,0,0,0,NA,0,1,1,0,NA,1,1,0,1,1,0,1,1,0,NA,1,2,2,NA,NA,2,1,1,0,0,1,4,4,0,0,4,0,0,0,NA,0,2,2,0,0,2,4,4,0,NA,4,2,2,NA,NA,2,0,0,0,0,0,1,1,NA,NA,1,15,15,0,NA,15,0,0,NA,NA,0,1,1,0,0,1,3,3,0,NA,3,3,3,0,0,3,0,0,0,NA,0
M15 [Laboratory Testing],15.3.2.a,Female Non ANC HIV - Number Tested,TOTAL,4861,4409,452,383,4478,99,90,9,NA,99,346,346,NA,NA,346,249,249,NA,NA,249,149,138,11,2,147,42,42,NA,NA,42,155,155,0,NA,155,126,126,NA,NA,126,38,38,0,0,38,25,25,0,NA,25,77,64,13,NA,77,532,218,314,314,218,168,168,0,NA,168,80,80,NA,NA,80,344,344,0,0,344,285,260,25,45,240,170,170,0,NA,170,118,118,0,0,118,250,217,33,NA,250,132,132,NA,NA,132,402,385,17,0,402,112,112,NA,NA,112,285,285,0,NA,285,175,175,NA,NA,175,160,158,2,0,160,112,112,0,NA,112,192,168,24,22,170,38,34,4,NA,38
M15 [Laboratory Testing],15.3.2.b,Female Non ANC HIV - Number Positive,TOTAL,36,36,0,0,36,0,0,0,NA,0,1,1,NA,NA,1,0,0,NA,NA,0,0,0,0,0,0,0,0,NA,NA,0,0,0,0,NA,0,0,0,NA,NA,0,0,0,0,0,0,0,0,0,NA,0,0,0,0,NA,0,1,1,0,0,1,0,0,0,NA,0,1,1,NA,NA,1,1,1,0,0,1,0,0,0,0,0,0,0,0,NA,0,1,1,0,0,1,2,2,0,NA,2,0,0,NA,NA,0,1,1,0,0,1,0,0,NA,NA,0,26,26,0,NA,26,0,0,NA,NA,0,0,0,0,0,0,1,1,0,NA,1,0,0,0,0,0,1,1,0,NA,1
M15 [Laboratory Testing],15.3.3.a,Number of pregnant women screened for HIV,TOTAL,42778,41630,1148,1083,41695,1236,1221,15,NA,1236,1470,1470,NA,NA,1470,965,965,NA,NA,965,2052,1850,202,142,1910,246,246,NA,NA,246,1921,1921,0,NA,1921,625,625,NA,NA,625,3942,3872,70,112,3830,1188,1113,75,114,1074,390,386,4,NA,390,2206,2060,146,288,1918,1130,1130,0,NA,1130,1852,1852,NA,NA,1852,1606,1606,0,0,1606,806,766,40,284,522,2045,2045,0,NA,2045,1324,1324,0,0,1324,2903,2642,261,NA,2903,1530,1530,NA,NA,1530,1055,1036,19,0,1055,1488,1488,NA,NA,1488,4517,4513,4,NA,4517,838,838,NA,NA,838,1592,1558,34,27,1565,1836,1796,40,NA,1836,1533,1313,220,116,1417,482,464,18,NA,482
M15 [Laboratory Testing],15.3.3.b,"Out of the above, number screened positive",TOTAL,35,35,0,0,35,1,1,0,NA,1,0,0,NA,NA,0,0,0,NA,NA,0,0,0,0,0,0,0,0,NA,NA,0,0,0,0,NA,0,0,0,NA,NA,0,0,0,0,0,0,0,0,0,0,0,1,1,0,NA,1,0,0,0,0,0,1,1,0,NA,1,4,4,NA,NA,4,0,0,0,0,0,0,0,0,0,0,0,0,0,NA,0,2,2,0,0,2,2,2,0,NA,2,1,1,NA,NA,1,0,0,0,0,0,0,0,NA,NA,0,19,19,0,NA,19,0,0,NA,NA,0,0,0,0,0,0,2,2,0,NA,2,2,2,0,0,2,0,0,0,NA,0
M15 [Laboratory Testing],15.3.3.c,"Out of the above number screened positive, number confirmed with HIV infection at Integrated Counselling and Testing Centre (ICTC)",TOTAL,23,9,14,0,23,1,1,0,NA,1,0,0,NA,NA,0,0,0,NA,NA,0,0,0,0,0,0,0,0,NA,NA,0,0,0,0,NA,0,0,0,NA,NA,0,0,0,0,0,0,0,0,0,NA,0,0,0,0,NA,0,0,0,0,0,0,0,0,0,NA,0,0,0,NA,NA,0,0,0,0,0,0,0,0,0,0,0,0,0,0,NA,0,1,1,0,0,1,1,1,0,NA,1,1,1,NA,NA,1,1,1,0,0,1,0,0,NA,NA,0,1,1,0,NA,1,0,0,NA,NA,0,0,0,0,0,0,1,1,0,NA,1,16,2,14,0,16,0,0,0,NA,0
M15 [Laboratory Testing],15.3.4.a,Number of Male STI/RTI attendees tested for syphilis,TOTAL,2159,2100,59,46,2113,49,49,0,NA,49,48,48,NA,NA,48,0,0,NA,NA,0,751,747,4,8,743,39,39,NA,NA,39,5,5,0,NA,5,44,44,NA,NA,44,32,32,0,0,32,0,0,0,0,0,24,21,3,NA,24,43,12,31,31,12,0,0,0,NA,0,0,0,NA,NA,0,356,356,0,0,356,72,71,1,1,71,85,85,0,NA,85,0,0,0,0,0,148,139,9,NA,148,84,84,NA,NA,84,3,0,3,0,3,41,41,NA,NA,41,160,160,0,NA,160,69,69,NA,NA,69,86,86,0,NA,86,0,0,0,NA,0,16,10,6,6,10,4,2,2,NA,4
M15 [Laboratory Testing],15.3.4.b,Number of Male STI/RTI attendees found sero Positive for syphilis,TOTAL,3,3,0,0,3,0,0,0,NA,0,0,0,NA,NA,0,0,0,NA,NA,0,0,0,0,0,0,0,0,NA,NA,0,0,0,0,NA,0,1,1,NA,NA,1,0,0,0,0,0,0,0,0,0,0,0,0,0,NA,0,0,0,0,0,0,0,0,0,NA,0,0,0,NA,NA,0,1,1,0,0,1,0,0,0,0,0,0,0,0,NA,0,0,0,0,0,0,0,0,0,NA,0,0,0,NA,NA,0,0,0,0,0,0,0,0,NA,NA,0,1,1,0,NA,1,0,0,NA,NA,0,0,0,0,NA,0,0,0,0,NA,0,0,0,0,0,0,0,0,0,NA,0
M15 [Laboratory Testing],15.3.4.c,Number of Female (Non ANC)STI/RTI attendees tested for syphilis,TOTAL,2804,2605,199,100,2704,21,21,0,NA,21,271,265,6,NA,271,0,0,NA,NA,0,69,0,69,0,69,0,0,NA,NA,0,104,104,0,NA,104,175,175,NA,NA,175,192,192,0,0,192,0,0,0,NA,0,32,31,1,NA,32,202,159,43,43,159,5,5,0,NA,5,0,0,NA,NA,0,864,864,0,0,864,279,244,35,35,244,10,10,0,NA,10,0,0,0,0,0,0,0,0,NA,0,102,102,NA,NA,102,106,89,17,0,106,65,65,NA,NA,65,90,90,0,NA,90,110,110,NA,NA,110,58,58,0,NA,58,9,9,0,NA,9,22,0,22,22,0,18,12,6,NA,18
M15 [Laboratory Testing],15.3.4.d,Number of Female (Non ANC) STI/RTI attendees found sero Positive for syphilis,TOTAL,4,4,0,0,4,0,0,0,NA,0,0,0,NA,NA,0,0,0,NA,NA,0,0,0,0,0,0,0,0,NA,NA,0,0,0,0,NA,0,0,0,NA,NA,0,0,0,0,0,0,0,0,0,NA,0,0,0,0,NA,0,0,0,0,0,0,0,0,0,NA,0,0,0,NA,NA,0,2,2,0,0,2,0,0,0,0,0,0,0,0,NA,0,0,0,0,0,0,0,0,0,NA,0,0,0,NA,NA,0,0,0,0,0,0,0,0,NA,NA,0,0,0,0,NA,0,0,0,NA,NA,0,2,2,0,NA,2,0,0,0,NA,0,0,0,0,0,0,0,0,0,NA,0
M15 [Laboratory Testing],15.4.1,Widal tests - Number Tested,TOTAL,8465,7107,1358,1087,7378,170,170,0,NA,170,247,233,14,NA,247,308,308,NA,1,307,427,240,187,0,427,513,513,NA,NA,513,289,289,0,NA,289,461,461,NA,NA,461,298,298,0,0,298,38,38,0,NA,38,40,31,9,NA,40,835,571,264,312,523,119,109,10,NA,119,270,270,NA,NA,270,153,153,0,0,153,659,415,244,385,274,270,270,0,NA,270,24,24,0,0,24,233,75,158,71,162,215,215,NA,NA,215,396,310,86,0,396,215,215,NA,NA,215,477,477,0,NA,477,352,352,NA,NA,352,153,148,5,NA,153,401,401,0,NA,401,320,0,320,318,2,582,521,61,NA,582
M15 [Laboratory Testing],15.4.2,Widal tests - Number Positive,TOTAL,1093,920,173,133,960,44,44,0,NA,44,64,61,3,NA,64,42,42,NA,NA,42,67,57,10,0,67,11,11,NA,NA,11,0,0,0,NA,0,39,39,NA,NA,39,33,33,0,0,33,0,0,0,NA,0,7,1,6,NA,7,162,105,57,60,102,5,5,0,NA,5,69,69,NA,NA,69,8,8,0,0,8,27,27,0,8,19,13,13,0,NA,13,0,0,0,0,0,39,21,18,NA,39,1,1,NA,NA,1,38,28,10,0,38,8,8,NA,NA,8,19,19,0,NA,19,65,65,NA,NA,65,18,18,0,NA,18,25,25,0,NA,25,65,0,65,65,0,224,220,4,NA,224
M15 [Laboratory Testing],15.5.1,Radiology - X-ray,TOTAL,45713,41701,4012,2638,43075,830,830,NA,NA,830,1633,1633,0,NA,1633,388,388,NA,NA,388,6823,6439,384,10,6813,51,51,NA,NA,51,1671,1671,NA,NA,1671,407,407,NA,NA,407,702,702,NA,NA,702,250,210,40,NA,250,665,665,NA,NA,665,2533,1266,1267,1267,1266,2827,2827,NA,NA,2827,0,0,NA,NA,0,3972,3972,0,0,3972,3503,3503,NA,167,3336,1659,1659,0,NA,1659,839,839,NA,NA,839,1096,359,737,0,1096,473,473,NA,NA,473,792,792,0,0,792,526,526,NA,NA,526,3910,3910,0,NA,3910,1955,1955,NA,NA,1955,1305,1305,0,NA,1305,4281,3974,307,NA,4281,2513,1236,1277,1194,1319,109,109,0,NA,109
M15 [Laboratory Testing],15.5.2,Radiology - Ultrasonography (USG),TOTAL,15702,15702,NA,NA,15702,225,225,NA,NA,225,107,107,NA,NA,107,0,0,NA,NA,0,3262,3262,NA,NA,3262,NA,NA,NA,NA,NA,0,0,NA,NA,0,339,339,NA,NA,339,551,551,NA,NA,551,NA,NA,NA,NA,NA,302,302,NA,NA,302,2,2,NA,NA,2,362,362,NA,NA,362,0,0,NA,NA,0,1594,1594,NA,NA,1594,2318,2318,NA,NA,2318,342,342,NA,NA,342,451,451,NA,NA,451,0,0,NA,NA,0,421,421,NA,NA,421,523,523,NA,NA,523,481,481,NA,NA,481,712,712,NA,NA,712,229,229,NA,NA,229,1287,1287,NA,NA,1287,1641,1641,NA,NA,1641,231,231,NA,NA,231,322,322,NA,NA,322
M16 [Details of deaths reported with probable causes:],16.1,Infant deaths within 24 hrs(1 to 23 Hrs) of birth,TOTAL,118,115,3,1,117,1,1,0,NA,1,5,5,NA,NA,5,3,2,1,1,2,3,3,0,0,3,0,0,NA,NA,0,2,2,0,NA,2,3,3,NA,NA,3,15,15,0,0,15,10,10,0,NA,10,1,1,0,NA,1,3,3,0,0,3,3,3,0,NA,3,10,10,NA,NA,10,4,4,0,0,4,0,0,NA,0,0,3,3,0,NA,3,0,0,0,0,0,9,9,0,NA,9,2,2,NA,NA,2,2,2,0,0,2,1,1,NA,NA,1,6,6,0,0,6,4,4,NA,NA,4,5,5,0,NA,5,13,13,0,NA,13,7,5,2,0,7,3,3,0,NA,3
M16 [Details of deaths reported with probable causes:],16.2.1,Infant Deaths up to 4 weeks due to Sepsis,TOTAL,91,89,2,0,91,0,0,0,NA,0,8,8,NA,NA,8,1,1,NA,NA,1,14,14,0,0,14,0,0,NA,NA,0,3,3,0,NA,3,1,1,NA,NA,1,9,9,0,0,9,13,12,1,NA,13,0,0,0,NA,0,1,1,0,0,1,7,7,0,NA,7,2,2,NA,NA,2,14,14,0,0,14,0,0,NA,0,0,1,1,0,NA,1,0,0,0,0,0,3,2,1,NA,3,3,3,NA,NA,3,1,1,0,0,1,0,0,NA,NA,0,2,2,0,0,2,1,1,NA,NA,1,0,0,0,NA,0,4,4,0,NA,4,2,2,0,0,2,1,1,0,NA,1
M16 [Details of deaths reported with probable causes:],16.2.2,Infant Deaths up to 4 weeks due to Asphyxia,TOTAL,149,147,2,0,149,1,1,0,NA,1,24,24,NA,NA,24,0,0,NA,NA,0,13,13,0,0,13,0,0,NA,NA,0,5,5,0,NA,5,3,3,NA,NA,3,20,20,0,0,20,8,8,0,NA,8,0,0,0,NA,0,16,16,0,0,16,5,5,0,NA,5,5,5,NA,NA,5,4,4,0,0,4,0,0,NA,0,0,2,2,0,NA,2,0,0,0,0,0,9,8,1,0,9,6,6,NA,NA,6,6,6,0,0,6,5,5,NA,NA,5,3,2,1,0,3,3,3,NA,NA,3,3,3,0,NA,3,1,1,0,NA,1,6,6,0,0,6,1,1,0,NA,1
M16 [Details of deaths reported with probable causes:],16.2.3,Infant Deaths up to 4 weeks due to Other causes,TOTAL,366,351,15,6,360,12,12,0,NA,12,26,26,NA,NA,26,16,11,5,6,10,30,30,0,0,30,8,8,NA,NA,8,7,7,0,NA,7,20,20,NA,NA,20,33,33,0,0,33,23,20,3,NA,23,2,2,0,NA,2,8,8,0,0,8,17,17,0,NA,17,6,6,NA,NA,6,10,10,0,0,10,1,1,NA,0,1,15,15,0,NA,15,3,3,0,0,3,25,24,1,0,25,7,7,NA,NA,7,12,12,0,0,12,5,5,NA,NA,5,23,21,2,0,23,7,7,NA,NA,7,13,12,1,NA,13,15,15,0,NA,15,15,12,3,0,15,7,7,0,NA,7
M16 [Details of deaths reported with probable causes:],16.3.1,Number of Infant Deaths (1 -12 months) due to Pneumonia,TOTAL,82,82,0,0,82,5,5,0,NA,5,3,3,NA,NA,3,2,2,NA,NA,2,5,5,0,0,5,1,1,NA,NA,1,1,1,0,NA,1,3,3,NA,NA,3,3,3,0,0,3,1,1,0,NA,1,2,2,0,NA,2,3,3,0,0,3,5,5,0,NA,5,1,1,NA,NA,1,1,1,0,0,1,0,0,NA,0,0,3,3,0,NA,3,1,1,0,0,1,4,4,0,NA,4,4,4,NA,NA,4,5,5,0,0,5,6,6,NA,NA,6,16,16,0,0,16,2,2,NA,NA,2,1,1,0,NA,1,0,0,0,NA,0,1,1,0,0,1,3,3,0,NA,3
M16 [Details of deaths reported with probable causes:],16.3.2,Number of Infant Deaths (1 -12 months) due to Diarrhoea,TOTAL,4,3,1,0,4,0,0,0,NA,0,0,0,NA,NA,0,0,0,NA,NA,0,1,1,0,0,1,0,0,NA,NA,0,0,0,0,NA,0,0,0,NA,NA,0,0,0,0,0,0,1,1,0,NA,1,0,0,0,NA,0,0,0,0,0,0,0,0,0,NA,0,0,0,NA,NA,0,0,0,0,0,0,0,0,NA,0,0,0,0,0,NA,0,0,0,0,0,0,1,0,1,NA,1,0,0,NA,NA,0,0,0,0,0,0,1,1,NA,NA,1,0,0,0,0,0,0,0,NA,NA,0,0,0,0,NA,0,0,0,0,NA,0,0,0,0,0,0,0,0,0,NA,0
M16 [Details of deaths reported with probable causes:],16.3.3,Number of Infant Deaths (1 -12 months) due to Fever related,TOTAL,33,33,0,0,33,1,1,0,NA,1,1,1,NA,NA,1,0,0,NA,NA,0,1,1,0,0,1,2,2,NA,NA,2,0,0,0,NA,0,1,1,NA,NA,1,1,1,0,0,1,0,0,0,NA,0,0,0,0,NA,0,0,0,0,0,0,2,2,0,NA,2,1,1,NA,NA,1,0,0,0,0,0,0,0,NA,0,0,1,1,0,NA,1,5,5,0,0,5,6,6,0,NA,6,3,3,NA,NA,3,0,0,0,0,0,2,2,NA,NA,2,4,4,0,0,4,1,1,NA,NA,1,0,0,0,NA,0,1,1,0,NA,1,0,0,0,0,0,0,0,0,NA,0
M16 [Details of deaths reported with probable causes:],16.3.4,Number of Infant Deaths (1 -12 months) due to Measles,TOTAL,1,1,0,0,1,0,0,0,NA,0,0,0,NA,NA,0,0,0,NA,NA,0,0,0,0,0,0,0,0,NA,NA,0,0,0,0,NA,0,0,0,NA,NA,0,0,0,0,0,0,0,0,0,NA,0,1,1,0,NA,1,0,0,0,0,0,0,0,0,NA,0,0,0,NA,NA,0,0,0,0,0,0,0,0,NA,0,0,0,0,0,NA,0,0,0,0,0,0,0,0,0,NA,0,0,0,NA,NA,0,0,0,0,0,0,0,0,NA,NA,0,0,0,0,0,0,0,0,NA,NA,0,0,0,0,NA,0,0,0,0,NA,0,0,0,0,0,0,0,0,0,NA,0
M16 [Details of deaths reported with probable causes:],16.3.5,Number of Infant Deaths (1 -12 months) due to Others,TOTAL,313,298,15,6,307,10,10,0,NA,10,5,5,NA,NA,5,7,3,4,4,3,37,37,0,0,37,16,16,NA,NA,16,2,2,0,NA,2,26,26,NA,NA,26,14,14,0,0,14,13,12,1,NA,13,0,0,0,NA,0,10,9,1,1,9,2,2,0,NA,2,14,14,NA,NA,14,6,6,0,0,6,0,0,NA,0,0,9,9,0,NA,9,8,8,0,0,8,51,49,2,1,50,14,14,NA,NA,14,3,3,0,0,3,7,7,NA,NA,7,13,13,0,0,13,4,2,2,NA,4,12,10,2,NA,12,13,11,2,NA,13,3,3,0,0,3,14,13,1,NA,14
M16 [Details of deaths reported with probable causes:],16.4.1,Number of Child Deaths (1 -5 years) due to Pneumonia,TOTAL,9,9,0,0,9,1,1,0,NA,1,1,1,NA,NA,1,0,0,NA,NA,0,0,0,0,0,0,0,0,NA,NA,0,0,0,0,NA,0,0,0,NA,NA,0,0,0,0,0,0,0,0,0,NA,0,0,0,0,NA,0,2,2,0,0,2,1,1,0,NA,1,1,1,NA,NA,1,0,0,0,0,0,0,0,NA,0,0,0,0,0,NA,0,1,1,0,0,1,0,0,0,NA,0,0,0,NA,NA,0,0,0,0,0,0,0,0,NA,NA,0,2,2,0,0,2,0,0,NA,NA,0,0,0,0,NA,0,0,0,0,NA,0,0,0,0,0,0,0,0,0,NA,0
M16 [Details of deaths reported with probable causes:],16.4.2,Number of Child Deaths (1 -5 years) due to Diarrhoea,TOTAL,2,2,0,0,2,0,0,0,NA,0,0,0,NA,NA,0,0,0,NA,NA,0,0,0,0,0,0,0,0,NA,NA,0,0,0,0,NA,0,0,0,NA,NA,0,0,0,0,0,0,1,1,0,NA,1,0,0,0,NA,0,0,0,0,0,0,0,0,0,NA,0,0,0,NA,NA,0,0,0,0,0,0,0,0,NA,0,0,0,0,0,NA,0,0,0,0,0,0,0,0,0,NA,0,0,0,NA,NA,0,0,0,0,0,0,0,0,NA,NA,0,0,0,0,0,0,1,1,NA,NA,1,0,0,0,NA,0,0,0,0,NA,0,0,0,0,0,0,0,0,0,NA,0
M16 [Details of deaths reported with probable causes:],16.4.3,Number of Child Deaths (1 -5 years) due to Fever related,TOTAL,5,5,0,0,5,0,0,0,NA,0,0,0,NA,NA,0,0,0,NA,NA,0,0,0,0,0,0,0,0,NA,NA,0,0,0,0,NA,0,0,0,NA,NA,0,1,1,0,0,1,0,0,0,NA,0,0,0,0,NA,0,0,0,0,0,0,0,0,0,NA,0,0,0,NA,NA,0,0,0,0,0,0,0,0,NA,0,0,0,0,0,NA,0,0,0,0,0,0,0,0,0,NA,0,1,1,NA,NA,1,0,0,0,0,0,1,1,NA,NA,1,0,0,0,0,0,0,0,NA,NA,0,1,1,0,NA,1,1,1,0,NA,1,0,0,0,0,0,0,0,0,NA,0
M16 [Details of deaths reported with probable causes:],16.4.4,Number of Child Deaths (1 -5 years) due to Measles,TOTAL,1,1,0,0,1,0,0,0,NA,0,1,1,NA,NA,1,0,0,NA,NA,0,0,0,0,0,0,0,0,NA,NA,0,0,0,0,NA,0,0,0,NA,NA,0,0,0,0,0,0,0,0,0,NA,0,0,0,0,NA,0,0,0,0,0,0,0,0,0,NA,0,0,0,NA,NA,0,0,0,0,0,0,0,0,NA,0,0,0,0,0,NA,0,0,0,0,0,0,0,0,0,NA,0,0,0,NA,NA,0,0,0,0,0,0,0,0,NA,NA,0,0,0,0,0,0,0,0,NA,NA,0,0,0,0,NA,0,0,0,0,NA,0,0,0,0,0,0,0,0,0,NA,0
M16 [Details of deaths reported with probable causes:],16.4.5,Number of Child Deaths (1 -5 years) due to Others,TOTAL,100,96,4,1,99,0,0,0,NA,0,6,6,NA,NA,6,5,4,1,1,4,3,3,0,0,3,4,4,NA,NA,4,2,2,0,NA,2,0,0,NA,NA,0,4,3,1,0,4,4,4,0,NA,4,1,1,0,NA,1,2,2,0,0,2,7,7,0,NA,7,5,5,NA,NA,5,8,8,0,0,8,0,0,NA,0,0,6,6,0,NA,6,1,1,0,0,1,11,11,0,NA,11,1,1,NA,NA,1,2,2,0,0,2,4,4,NA,NA,4,8,7,1,0,8,2,2,NA,NA,2,3,3,0,NA,3,4,4,0,NA,4,3,2,1,0,3,4,4,0,NA,4
M16 [Details of deaths reported with probable causes:],16.5.1,Number of Maternal Deaths due to Bleeding,TOTAL,9,9,0,0,9,0,0,0,NA,0,0,0,NA,NA,0,0,0,NA,NA,0,1,1,0,0,1,0,0,NA,NA,0,1,1,0,NA,1,1,1,NA,NA,1,1,1,0,0,1,1,1,0,NA,1,0,0,0,NA,0,1,1,0,0,1,0,0,0,NA,0,0,0,NA,NA,0,0,0,0,0,0,0,0,NA,0,0,0,0,0,NA,0,1,1,0,0,1,2,2,0,NA,2,0,0,NA,NA,0,0,0,0,0,0,0,0,NA,NA,0,0,0,0,0,0,0,0,NA,NA,0,0,0,0,NA,0,0,0,0,NA,0,0,0,0,0,0,0,0,0,NA,0
M16 [Details of deaths reported with probable causes:],16.5.2,Number of Maternal Deaths due to High fever,TOTAL,4,4,0,0,4,0,0,0,NA,0,0,0,NA,NA,0,0,0,NA,NA,0,0,0,0,0,0,0,0,NA,NA,0,1,1,0,NA,1,1,1,NA,NA,1,1,1,0,0,1,0,0,0,NA,0,0,0,0,NA,0,0,0,0,0,0,0,0,0,NA,0,0,0,NA,NA,0,0,0,0,0,0,0,0,NA,0,0,0,0,0,NA,0,0,0,0,0,0,1,1,0,NA,1,0,0,NA,NA,0,0,0,0,0,0,0,0,NA,NA,0,0,0,0,0,0,0,0,NA,NA,0,0,0,0,NA,0,0,0,0,NA,0,0,0,0,0,0,0,0,0,NA,0
M16 [Details of deaths reported with probable causes:],16.5.3,Number of Maternal Deaths due to Abortion,TOTAL,0,0,0,0,0,0,0,0,NA,0,0,0,NA,NA,0,0,0,NA,NA,0,0,0,0,0,0,0,0,NA,NA,0,0,0,0,NA,0,0,0,NA,NA,0,0,0,0,0,0,0,0,0,NA,0,0,0,0,NA,0,0,0,0,0,0,0,0,0,NA,0,0,0,NA,NA,0,0,0,0,0,0,0,0,NA,0,0,0,0,0,NA,0,0,0,0,0,0,0,0,0,NA,0,0,0,NA,NA,0,0,0,0,0,0,0,0,NA,NA,0,0,0,0,0,0,0,0,NA,NA,0,0,0,0,NA,0,0,0,0,NA,0,0,0,0,0,0,0,0,0,NA,0
M16 [Details of deaths reported with probable causes:],16.5.4,Number of Maternal Deaths due to Obstructed/prolonged labour,TOTAL,3,3,0,0,3,0,0,0,NA,0,0,0,NA,NA,0,0,0,NA,NA,0,0,0,0,0,0,0,0,NA,NA,0,0,0,0,NA,0,0,0,NA,NA,0,0,0,0,0,0,1,1,0,NA,1,0,0,0,NA,0,0,0,0,0,0,0,0,0,NA,0,0,0,NA,NA,0,0,0,0,0,0,0,0,NA,0,0,0,0,0,NA,0,0,0,0,0,0,1,1,0,NA,1,1,1,NA,NA,1,0,0,0,0,0,0,0,NA,NA,0,0,0,0,0,0,0,0,NA,NA,0,0,0,0,NA,0,0,0,0,NA,0,0,0,0,0,0,0,0,0,NA,0
M16 [Details of deaths reported with probable causes:],16.5.5,Number of Maternal Deaths due to Severe hypertesnion/fits,TOTAL,8,6,2,0,8,0,0,0,NA,0,0,0,NA,NA,0,0,0,NA,NA,0,0,0,0,0,0,0,0,NA,NA,0,0,0,0,NA,0,0,0,NA,NA,0,0,0,0,0,0,1,1,0,NA,1,0,0,0,NA,0,0,0,0,0,0,1,1,0,NA,1,0,0,NA,NA,0,0,0,0,0,0,0,0,NA,0,0,0,0,0,NA,0,1,1,0,0,1,2,1,1,NA,2,0,0,NA,NA,0,0,0,0,0,0,0,0,NA,NA,0,2,2,0,0,2,0,0,NA,NA,0,0,0,0,NA,0,1,0,1,NA,1,0,0,0,0,0,0,0,0,NA,0
M16 [Details of deaths reported with probable causes:],16.5.6,Number of Maternal Deaths due to Other Causes (including causes not known),TOTAL,94,90,4,1,93,1,1,0,NA,1,3,3,NA,NA,3,3,2,1,1,2,20,20,0,0,20,1,1,NA,NA,1,1,1,0,NA,1,2,2,NA,NA,2,4,4,0,0,4,6,5,1,NA,6,0,0,0,NA,0,1,1,0,0,1,3,3,0,NA,3,1,1,NA,NA,1,1,1,0,0,1,14,14,NA,0,14,1,1,0,NA,1,2,2,0,0,2,11,10,1,NA,11,5,5,NA,NA,5,1,1,0,0,1,2,2,NA,NA,2,5,4,1,0,5,0,0,NA,NA,0,1,1,0,NA,1,3,3,0,NA,3,0,0,0,0,0,2,2,0,NA,2
M16 [Details of deaths reported with probable causes:],16.6,Total Facility Based Maternal Death Reviews (FBMDR) done,TOTAL,21,20,1,0,21,0,0,NA,NA,0,0,0,NA,NA,0,0,0,NA,NA,0,6,6,0,0,6,0,0,NA,NA,0,0,0,NA,NA,0,0,0,NA,NA,0,0,0,NA,NA,0,7,7,0,NA,7,0,0,NA,NA,0,1,1,0,0,1,3,3,NA,NA,3,0,0,NA,NA,0,1,1,0,0,1,0,0,NA,0,0,0,0,0,NA,0,0,0,NA,NA,0,1,0,1,NA,1,0,0,NA,NA,0,0,0,0,0,0,1,1,NA,NA,1,1,1,0,0,1,0,0,NA,NA,0,0,0,0,NA,0,0,0,0,NA,0,0,0,0,0,0,0,0,NA,NA,0
M16 [Details of deaths reported with probable causes:],16.7.1,Number of Adolscent / Adult deaths due to Diarrhoeal diseases,TOTAL,10,10,0,0,10,1,1,0,NA,1,0,0,NA,NA,0,1,1,NA,NA,1,0,0,0,0,0,0,0,NA,NA,0,0,0,0,NA,0,0,0,NA,NA,0,0,0,0,0,0,0,0,0,NA,0,0,0,0,NA,0,0,0,0,0,0,4,4,0,NA,4,0,0,NA,NA,0,0,0,0,0,0,0,0,NA,0,0,0,0,0,NA,0,0,0,0,0,0,0,0,0,NA,0,0,0,NA,NA,0,0,0,0,0,0,2,2,NA,NA,2,0,0,0,0,0,0,0,NA,NA,0,1,1,0,NA,1,0,0,0,NA,0,0,0,0,0,0,1,1,0,NA,1
M16 [Details of deaths reported with probable causes:],16.7.2,Number of Adolscent / Adult deaths due to Tuberculosis,TOTAL,43,30,13,0,43,0,0,0,NA,0,2,2,NA,NA,2,1,1,NA,NA,1,1,1,0,0,1,1,1,NA,NA,1,3,3,0,NA,3,0,0,NA,NA,0,0,0,0,0,0,1,0,1,NA,1,0,0,0,NA,0,3,3,0,0,3,9,9,0,NA,9,0,0,NA,NA,0,0,0,0,0,0,0,0,NA,0,0,3,3,0,NA,3,0,0,0,0,0,1,0,1,NA,1,0,0,NA,NA,0,0,0,0,0,0,0,0,NA,NA,0,1,1,0,0,1,0,0,NA,NA,0,2,2,0,NA,2,2,1,1,NA,2,9,0,9,0,9,4,3,1,NA,4
M16 [Details of deaths reported with probable causes:],16.7.3,Number of Adolscent / Adult deaths due to Respiratory diseases including infections (other than TB),TOTAL,138,130,8,0,138,3,3,0,NA,3,4,4,NA,NA,4,1,1,NA,NA,1,2,2,0,0,2,0,0,NA,NA,0,3,3,0,NA,3,1,1,NA,NA,1,3,3,0,0,3,1,1,0,NA,1,3,3,0,NA,3,4,4,0,0,4,10,10,0,NA,10,6,6,NA,NA,6,4,4,0,0,4,1,1,NA,0,1,9,9,0,NA,9,0,0,0,0,0,4,3,1,NA,4,5,5,NA,NA,5,1,1,0,0,1,4,4,NA,NA,4,31,31,0,0,31,6,6,NA,NA,6,2,2,0,NA,2,1,1,0,NA,1,25,18,7,0,25,4,4,0,NA,4
M16 [Details of deaths reported with probable causes:],16.7.4,Number of Adolscent / Adult deaths due to Other Fever Related,TOTAL,87,77,10,0,87,4,4,0,NA,4,1,1,NA,NA,1,0,0,NA,NA,0,6,6,0,0,6,2,2,NA,NA,2,2,2,0,NA,2,1,1,NA,NA,1,8,6,2,0,8,1,1,0,NA,1,5,5,0,NA,5,5,5,0,0,5,1,1,0,NA,1,5,5,NA,NA,5,1,1,0,0,1,0,0,NA,0,0,1,1,0,NA,1,3,3,0,0,3,3,3,0,NA,3,7,7,NA,NA,7,0,0,0,0,0,1,1,NA,NA,1,5,5,0,0,5,6,6,NA,NA,6,0,0,0,NA,0,5,5,0,NA,5,2,0,2,0,2,12,6,6,NA,12
M16 [Details of deaths reported with probable causes:],16.7.5,Number of Adolscent / Adult deaths due to HIV/AIDS,TOTAL,2,2,0,0,2,0,0,0,NA,0,0,0,NA,NA,0,0,0,NA,NA,0,0,0,0,0,0,0,0,NA,NA,0,0,0,0,NA,0,0,0,NA,NA,0,0,0,0,0,0,0,0,0,NA,0,0,0,0,NA,0,0,0,0,0,0,0,0,0,NA,0,0,0,NA,NA,0,0,0,0,0,0,0,0,NA,0,0,1,1,0,NA,1,0,0,0,0,0,0,0,0,NA,0,0,0,NA,NA,0,0,0,0,0,0,0,0,NA,NA,0,0,0,0,0,0,0,0,NA,NA,0,0,0,0,NA,0,1,1,0,NA,1,0,0,0,0,0,0,0,0,NA,0
M16 [Details of deaths reported with probable causes:],16.7.6,Number of Adolscent / Adult deaths due to Heart disease/Hypertension related,TOTAL,369,345,24,8,361,10,10,0,NA,10,17,17,NA,NA,17,4,4,NA,2,2,6,6,0,0,6,4,4,NA,NA,4,12,12,0,NA,12,12,12,NA,NA,12,8,8,0,0,8,7,7,0,NA,7,4,4,0,NA,4,12,12,0,0,12,23,23,0,NA,23,4,4,NA,NA,4,12,12,0,0,12,2,2,NA,0,2,21,21,0,NA,21,4,4,0,0,4,21,21,0,NA,21,23,23,NA,NA,23,8,8,0,0,8,18,18,NA,NA,18,32,31,1,0,32,10,10,NA,NA,10,20,20,0,NA,20,35,30,5,NA,35,22,5,17,6,16,18,17,1,NA,18
M16 [Details of deaths reported with probable causes:],16.7.7,Number of Adolscent / Adult deaths due to Cancer,TOTAL,220,217,3,2,218,5,5,0,NA,5,9,9,NA,NA,9,13,13,NA,2,11,8,8,0,0,8,1,1,NA,NA,1,6,6,0,NA,6,5,5,NA,NA,5,11,11,0,0,11,5,5,0,NA,5,1,1,0,NA,1,5,5,0,0,5,20,20,0,NA,20,1,1,NA,NA,1,9,9,0,NA,9,2,2,NA,0,2,18,18,0,NA,18,1,1,0,0,1,2,2,0,NA,2,10,10,NA,NA,10,4,3,1,0,4,3,3,NA,NA,3,28,28,0,0,28,17,17,NA,NA,17,11,11,0,NA,11,15,15,0,NA,15,6,4,2,0,6,4,4,0,NA,4
M16 [Details of deaths reported with probable causes:],16.7.8,Number of Adolscent / Adult deaths due to Neurological disease including strokes,TOTAL,140,127,13,0,140,3,3,0,NA,3,4,4,NA,NA,4,6,6,NA,NA,6,7,7,0,0,7,2,2,NA,NA,2,5,5,0,NA,5,3,3,NA,NA,3,4,4,0,0,4,1,0,1,NA,1,4,4,0,NA,4,1,1,0,0,1,11,11,0,NA,11,5,5,NA,NA,5,1,1,0,0,1,0,0,NA,0,0,2,2,0,NA,2,3,3,0,0,3,14,14,0,NA,14,6,6,NA,NA,6,4,4,0,0,4,0,0,NA,NA,0,8,8,0,0,8,9,9,NA,NA,9,6,6,0,NA,6,16,13,3,NA,16,10,3,7,0,10,5,3,2,NA,5
M16 [Details of deaths reported with probable causes:],16.7.9,Number of Adolscent / Adult deaths due to Accidents/Burn cases,TOTAL,159,156,3,0,159,2,2,0,NA,2,4,4,NA,NA,4,2,2,NA,NA,2,4,4,0,0,4,0,0,NA,NA,0,9,9,0,NA,9,5,5,NA,NA,5,5,5,0,0,5,2,2,0,NA,2,2,2,0,NA,2,8,8,0,0,8,9,9,0,NA,9,1,1,NA,NA,1,6,6,0,0,6,2,2,NA,0,2,21,21,0,NA,21,3,3,0,0,3,2,2,0,NA,2,7,7,NA,NA,7,4,4,0,0,4,1,1,NA,NA,1,7,7,0,0,7,8,8,NA,NA,8,9,9,0,NA,9,24,24,0,NA,24,8,6,2,0,8,4,3,1,NA,4
M16 [Details of deaths reported with probable causes:],16.7.10,Number of Adolscent / Adult deaths due to Suicide,TOTAL,81,77,4,0,81,5,5,0,NA,5,4,4,NA,NA,4,3,3,NA,NA,3,3,3,0,0,3,2,2,NA,NA,2,5,5,0,NA,5,1,1,NA,NA,1,2,2,0,0,2,7,4,3,NA,7,0,0,0,NA,0,4,4,0,0,4,5,5,0,NA,5,0,0,NA,NA,0,0,0,0,0,0,0,0,NA,0,0,11,11,0,NA,11,2,2,0,0,2,0,0,0,NA,0,3,3,NA,NA,3,2,2,0,0,2,0,0,NA,NA,0,3,3,0,0,3,5,5,NA,NA,5,2,2,0,NA,2,6,6,0,NA,6,3,2,1,0,3,3,3,0,NA,3
M16 [Details of deaths reported with probable causes:],16.7.11,Number of Adolscent / Adult deaths due to Animal bites and stings,TOTAL,16,15,1,0,16,0,0,0,NA,0,2,2,NA,NA,2,1,1,NA,NA,1,0,0,0,0,0,1,1,NA,NA,1,0,0,0,NA,0,0,0,NA,NA,0,0,0,0,0,0,0,0,0,NA,0,0,0,0,NA,0,0,0,0,0,0,1,1,0,NA,1,0,0,NA,NA,0,0,0,0,0,0,0,0,NA,0,0,3,3,0,NA,3,1,1,0,0,1,0,0,0,NA,0,0,0,NA,NA,0,0,0,0,0,0,0,0,NA,NA,0,2,2,0,0,2,0,0,NA,NA,0,0,0,0,NA,0,2,2,0,NA,2,2,1,1,0,2,1,1,0,NA,1
M16 [Details of deaths reported with probable causes:],16.7.12,Number of Adolscent / Adult deaths due to Known Acute Disease,TOTAL,210,193,17,0,210,5,5,0,NA,5,7,7,NA,NA,7,7,7,NA,NA,7,1,1,0,0,1,1,1,NA,NA,1,14,14,0,NA,14,1,1,NA,NA,1,7,7,0,0,7,3,3,0,NA,3,0,0,0,NA,0,4,4,0,0,4,19,19,0,NA,19,15,15,NA,NA,15,9,9,0,0,9,5,5,NA,0,5,15,15,0,NA,15,4,4,0,0,4,6,5,1,NA,6,16,16,NA,NA,16,11,10,1,0,11,6,6,NA,NA,6,4,4,0,0,4,4,4,NA,NA,4,14,10,4,NA,14,14,12,2,NA,14,9,1,8,0,9,9,8,1,NA,9
M16 [Details of deaths reported with probable causes:],16.7.13,Number of Adolscent / Adult deaths due to Known Chronic Disease,TOTAL,410,385,25,0,410,8,8,0,NA,8,14,14,NA,NA,14,23,23,NA,NA,23,12,12,0,0,12,5,5,NA,NA,5,28,28,0,NA,28,2,2,NA,NA,2,19,19,0,0,19,10,10,0,NA,10,1,1,0,NA,1,16,16,0,0,16,45,45,0,NA,45,11,11,NA,NA,11,10,10,0,0,10,5,5,NA,0,5,26,26,0,NA,26,1,1,0,0,1,7,6,1,NA,7,14,14,NA,NA,14,6,4,2,0,6,4,4,NA,NA,4,10,8,2,0,10,21,21,NA,NA,21,25,25,0,NA,25,32,29,3,NA,32,26,11,15,0,26,29,27,2,NA,29
M16 [Details of deaths reported with probable causes:],16.7.14,Number of Adolscent / Adult deaths due to Causes not known,TOTAL,1329,1212,117,4,1325,28,28,0,NA,28,48,48,NA,NA,48,28,28,NA,3,25,61,61,0,0,61,15,15,NA,NA,15,25,25,0,NA,25,35,35,NA,NA,35,52,51,1,0,52,45,30,15,NA,45,26,25,1,NA,26,46,46,0,0,46,80,79,1,NA,80,80,80,NA,NA,80,29,29,0,0,29,10,10,NA,0,10,148,148,0,NA,148,29,29,0,0,29,40,40,0,NA,40,40,40,NA,NA,40,26,26,0,0,26,13,13,NA,NA,13,50,48,2,0,50,52,52,NA,NA,52,49,49,0,NA,49,165,111,54,NA,165,57,26,31,1,56,52,40,12,NA,52
M16 [Details of deaths reported with probable causes:],16.8.1,Number of Deaths due to Malaria- Plasmodium Vivax,TOTAL,0,0,0,0,0,0,0,0,NA,0,0,0,NA,NA,0,0,0,NA,NA,0,0,0,0,0,0,0,0,NA,NA,0,0,0,0,NA,0,0,0,NA,NA,0,0,0,0,0,0,0,0,0,NA,0,0,0,0,NA,0,0,0,0,0,0,0,0,0,NA,0,0,0,NA,NA,0,0,0,0,0,0,0,0,NA,0,0,0,0,0,NA,0,0,0,0,0,0,0,0,0,NA,0,0,0,NA,NA,0,0,0,0,0,0,0,0,NA,NA,0,0,0,0,0,0,0,0,NA,NA,0,0,0,0,NA,0,0,0,0,NA,0,0,0,0,0,0,0,0,0,NA,0
M16 [Details of deaths reported with probable causes:],16.8.2,Number of Deaths due to Malaria- Plasmodium Falciparum,TOTAL,0,0,0,0,0,0,0,0,NA,0,0,0,NA,NA,0,0,0,NA,NA,0,0,0,0,0,0,0,0,NA,NA,0,0,0,0,NA,0,0,0,NA,NA,0,0,0,0,0,0,0,0,0,NA,0,0,0,0,NA,0,0,0,0,0,0,0,0,0,NA,0,0,0,NA,NA,0,0,0,0,0,0,0,0,NA,0,0,0,0,0,NA,0,0,0,0,0,0,0,0,0,NA,0,0,0,NA,NA,0,0,0,0,0,0,0,0,NA,NA,0,0,0,0,0,0,0,0,NA,NA,0,0,0,0,NA,0,0,0,0,NA,0,0,0,0,0,0,0,0,0,NA,0
M16 [Details of deaths reported with probable causes:],16.8.3,Number of Deaths due to Kala Azar,TOTAL,0,0,0,0,0,0,0,0,NA,0,0,0,NA,NA,0,0,0,NA,NA,0,0,0,0,0,0,0,0,NA,NA,0,0,0,0,NA,0,0,0,NA,NA,0,0,0,0,0,0,0,0,0,NA,0,0,0,0,NA,0,0,0,0,0,0,0,0,0,NA,0,0,0,NA,NA,0,0,0,0,0,0,0,0,NA,0,0,0,0,0,NA,0,0,0,0,0,0,0,0,0,NA,0,0,0,NA,NA,0,0,0,0,0,0,0,0,NA,NA,0,0,0,0,0,0,0,0,NA,NA,0,0,0,0,NA,0,0,0,0,NA,0,0,0,0,0,0,0,0,0,NA,0
M16 [Details of deaths reported with probable causes:],16.8.4,Number of Deaths due to Dengue,TOTAL,0,0,0,0,0,0,0,0,NA,0,0,0,NA,NA,0,0,0,NA,NA,0,0,0,0,0,0,0,0,NA,NA,0,0,0,0,NA,0,0,0,NA,NA,0,0,0,0,0,0,0,0,0,NA,0,0,0,0,NA,0,0,0,0,0,0,0,0,0,NA,0,0,0,NA,NA,0,0,0,0,0,0,0,0,NA,0,0,0,0,0,NA,0,0,0,0,0,0,0,0,0,NA,0,0,0,NA,NA,0,0,0,0,0,0,0,0,NA,NA,0,0,0,0,0,0,0,0,NA,NA,0,0,0,0,NA,0,0,0,0,NA,0,0,0,0,0,0,0,0,0,NA,0
M16 [Details of deaths reported with probable causes:],16.8.5,Number of Deaths due to Acute Encephelitis Syndrome (AES),TOTAL,0,0,0,0,0,0,0,0,NA,0,0,0,NA,NA,0,0,0,NA,NA,0,0,0,0,0,0,0,0,NA,NA,0,0,0,0,NA,0,0,0,NA,NA,0,0,0,0,0,0,0,0,0,NA,0,0,0,0,NA,0,0,0,0,0,0,0,0,0,NA,0,0,0,NA,NA,0,0,0,0,0,0,0,0,NA,0,0,0,0,0,NA,0,0,0,0,0,0,0,0,0,NA,0,0,0,NA,NA,0,0,0,0,0,0,0,0,NA,NA,0,0,0,0,0,0,0,0,NA,NA,0,0,0,0,NA,0,0,0,0,NA,0,0,0,0,0,0,0,0,0,NA,0
M16 [Details of deaths reported with probable causes:],16.8.6,Number of Deaths due to Japanese Encephalitis (JE),TOTAL,1,0,1,0,1,0,0,0,NA,0,0,0,NA,NA,0,0,0,NA,NA,0,0,0,0,0,0,0,0,NA,NA,0,0,0,0,NA,0,0,0,NA,NA,0,0,0,0,0,0,0,0,0,NA,0,0,0,0,NA,0,0,0,0,0,0,0,0,0,NA,0,0,0,NA,NA,0,0,0,0,0,0,0,0,NA,0,0,0,0,0,NA,0,0,0,0,0,0,0,0,0,NA,0,0,0,NA,NA,0,0,0,0,0,0,0,0,NA,NA,0,0,0,0,0,0,0,0,NA,NA,0,0,0,0,NA,0,0,0,0,NA,0,1,0,1,0,1,0,0,0,NA,0
M17 [Vaccines],17.1,Vaccine - DPT,1. Balance From Previous Month,53878,NA,NA,NA,NA,190,NA,NA,NA,NA,0,NA,NA,NA,NA,100,NA,NA,NA,NA,0,NA,NA,NA,NA,50,NA,NA,NA,NA,3650,NA,NA,NA,NA,700,NA,NA,NA,NA,2960,NA,NA,NA,NA,18,NA,NA,NA,NA,NA,NA,NA,NA,NA,2850,NA,NA,NA,NA,0,NA,NA,NA,NA,3740,NA,NA,NA,NA,240,NA,NA,NA,NA,1750,NA,NA,NA,NA,2830,NA,NA,NA,NA,9860,NA,NA,NA,NA,7400,NA,NA,NA,NA,2620,NA,NA,NA,NA,0,NA,NA,NA,NA,3000,NA,NA,NA,NA,11080,NA,NA,NA,NA,0,NA,NA,NA,NA,NA,NA,NA,NA,NA,150,NA,NA,NA,NA,690,NA,NA,NA,NA,0,NA,NA,NA,NA
M17 [Vaccines],17.1,Vaccine - DPT,2. Stocks Received,141115,NA,NA,NA,NA,3000,NA,NA,NA,NA,0,NA,NA,NA,NA,6000,NA,NA,NA,NA,12000,NA,NA,NA,NA,6000,NA,NA,NA,NA,2000,NA,NA,NA,NA,5750,NA,NA,NA,NA,18000,NA,NA,NA,NA,800,NA,NA,NA,NA,NA,NA,NA,NA,NA,5500,NA,NA,NA,NA,10000,NA,NA,NA,NA,5000,NA,NA,NA,NA,4000,NA,NA,NA,NA,4000,NA,NA,NA,NA,6000,NA,NA,NA,NA,2000,NA,NA,NA,NA,8000,NA,NA,NA,NA,5500,NA,NA,NA,NA,0,NA,NA,NA,NA,3800,NA,NA,NA,NA,10000,NA,NA,NA,NA,6000,NA,NA,NA,NA,NA,NA,NA,NA,NA,1415,NA,NA,NA,NA,10000,NA,NA,NA,NA,6350,NA,NA,NA,NA
M17 [Vaccines],17.1,Vaccine - DPT,3. Unusable Stock,0,NA,NA,NA,NA,0,NA,NA,NA,NA,0,NA,NA,NA,NA,NA,NA,NA,NA,NA,NA,NA,NA,NA,NA,0,NA,NA,NA,NA,NA,NA,NA,NA,NA,0,NA,NA,NA,NA,NA,NA,NA,NA,NA,NA,NA,NA,NA,NA,NA,NA,NA,NA,NA,NA,NA,NA,NA,NA,NA,NA,NA,NA,NA,0,NA,NA,NA,NA,NA,NA,NA,NA,NA,0,NA,NA,NA,NA,NA,NA,NA,NA,NA,NA,NA,NA,NA,NA,0,NA,NA,NA,NA,NA,NA,NA,NA,NA,0,NA,NA,NA,NA,0,NA,NA,NA,NA,NA,NA,NA,NA,NA,NA,NA,NA,NA,NA,NA,NA,NA,NA,NA,NA,NA,NA,NA,NA,NA,NA,NA,NA,NA,NA,NA,NA,NA,NA
M17 [Vaccines],17.1,Vaccine - DPT,4. Stock Distributed,102293,NA,NA,NA,NA,190,NA,NA,NA,NA,0,NA,NA,NA,NA,3300,NA,NA,NA,NA,10650,NA,NA,NA,NA,4050,NA,NA,NA,NA,3960,NA,NA,NA,NA,2050,NA,NA,NA,NA,9800,NA,NA,NA,NA,73,NA,NA,NA,NA,NA,NA,NA,NA,NA,6570,NA,NA,NA,NA,1000,NA,NA,NA,NA,2280,NA,NA,NA,NA,210,NA,NA,NA,NA,3080,NA,NA,NA,NA,6940,NA,NA,NA,NA,5700,NA,NA,NA,NA,6900,NA,NA,NA,NA,4330,NA,NA,NA,NA,0,NA,NA,NA,NA,6800,NA,NA,NA,NA,14810,NA,NA,NA,NA,2970,NA,NA,NA,NA,NA,NA,NA,NA,NA,690,NA,NA,NA,NA,4140,NA,NA,NA,NA,1800,NA,NA,NA,NA
M17 [Vaccines],17.1,Vaccine - DPT,5. Total Stock,92700,NA,NA,NA,NA,3000,NA,NA,NA,NA,0,NA,NA,NA,NA,2800,NA,NA,NA,NA,1350,NA,NA,NA,NA,2000,NA,NA,NA,NA,1690,NA,NA,NA,NA,4400,NA,NA,NA,NA,11160,NA,NA,NA,NA,745,NA,NA,NA,NA,NA,NA,NA,NA,NA,1780,NA,NA,NA,NA,9000,NA,NA,NA,NA,6460,NA,NA,NA,NA,4030,NA,NA,NA,NA,2670,NA,NA,NA,NA,1890,NA,NA,NA,NA,6160,NA,NA,NA,NA,8500,NA,NA,NA,NA,3790,NA,NA,NA,NA,0,NA,NA,NA,NA,0,NA,NA,NA,NA,6270,NA,NA,NA,NA,3030,NA,NA,NA,NA,0,NA,NA,NA,NA,875,NA,NA,NA,NA,6550,NA,NA,NA,NA,4550,NA,NA,NA,NA
M17 [Vaccines],17.2,Vaccine - Pentavalent,1. Balance From Previous Month,234346,NA,NA,NA,NA,8400,NA,NA,NA,NA,8020,NA,NA,NA,NA,9150,NA,NA,NA,NA,11780,NA,NA,NA,NA,2380,NA,NA,NA,NA,2330,NA,NA,NA,NA,4670,NA,NA,NA,NA,13820,NA,NA,NA,NA,524,NA,NA,NA,NA,NA,NA,NA,NA,NA,11540,NA,NA,NA,NA,17070,NA,NA,NA,NA,11970,NA,NA,NA,NA,7860,NA,NA,NA,NA,10680,NA,NA,NA,NA,16270,NA,NA,NA,NA,17620,NA,NA,NA,NA,17040,NA,NA,NA,NA,15340,NA,NA,NA,NA,9000,NA,NA,NA,NA,5940,NA,NA,NA,NA,14758,NA,NA,NA,NA,9720,NA,NA,NA,NA,NA,NA,NA,NA,NA,1224,NA,NA,NA,NA,3980,NA,NA,NA,NA,3260,NA,NA,NA,NA
M17 [Vaccines],17.2,Vaccine - Pentavalent,2. Stocks Received,202520,NA,NA,NA,NA,2880,NA,NA,NA,NA,12000,NA,NA,NA,NA,11520,NA,NA,NA,NA,17200,NA,NA,NA,NA,11520,NA,NA,NA,NA,5760,NA,NA,NA,NA,10560,NA,NA,NA,NA,28400,NA,NA,NA,NA,1152,NA,NA,NA,NA,NA,NA,NA,NA,NA,0,NA,NA,NA,NA,0,NA,NA,NA,NA,8640,NA,NA,NA,NA,1440,NA,NA,NA,NA,5760,NA,NA,NA,NA,5760,NA,NA,NA,NA,5760,NA,NA,NA,NA,9680,NA,NA,NA,NA,14400,NA,NA,NA,NA,0,NA,NA,NA,NA,5760,NA,NA,NA,NA,20160,NA,NA,NA,NA,2880,NA,NA,NA,NA,NA,NA,NA,NA,NA,1848,NA,NA,NA,NA,9600,NA,NA,NA,NA,9840,NA,NA,NA,NA
M17 [Vaccines],17.2,Vaccine - Pentavalent,3. Unusable Stock,0,NA,NA,NA,NA,0,NA,NA,NA,NA,0,NA,NA,NA,NA,NA,NA,NA,NA,NA,NA,NA,NA,NA,NA,0,NA,NA,NA,NA,NA,NA,NA,NA,NA,0,NA,NA,NA,NA,NA,NA,NA,NA,NA,NA,NA,NA,NA,NA,NA,NA,NA,NA,NA,NA,NA,NA,NA,NA,NA,NA,NA,NA,NA,0,NA,NA,NA,NA,NA,NA,NA,NA,NA,0,NA,NA,NA,NA,NA,NA,NA,NA,NA,NA,NA,NA,NA,NA,0,NA,NA,NA,NA,NA,NA,NA,NA,NA,0,NA,NA,NA,NA,0,NA,NA,NA,NA,NA,NA,NA,NA,NA,NA,NA,NA,NA,NA,NA,NA,NA,NA,NA,NA,NA,NA,NA,NA,NA,NA,NA,NA,NA,NA,NA,NA,NA,NA
M17 [Vaccines],17.2,Vaccine - Pentavalent,4. Stock Distributed,157102,NA,NA,NA,NA,2640,NA,NA,NA,NA,14010,NA,NA,NA,NA,2500,NA,NA,NA,NA,15060,NA,NA,NA,NA,6020,NA,NA,NA,NA,6020,NA,NA,NA,NA,1400,NA,NA,NA,NA,14950,NA,NA,NA,NA,63,NA,NA,NA,NA,NA,NA,NA,NA,NA,5080,NA,NA,NA,NA,4950,NA,NA,NA,NA,2980,NA,NA,NA,NA,2270,NA,NA,NA,NA,6000,NA,NA,NA,NA,12460,NA,NA,NA,NA,7300,NA,NA,NA,NA,4800,NA,NA,NA,NA,12270,NA,NA,NA,NA,0,NA,NA,NA,NA,9330,NA,NA,NA,NA,16475,NA,NA,NA,NA,2510,NA,NA,NA,NA,NA,NA,NA,NA,NA,1224,NA,NA,NA,NA,5350,NA,NA,NA,NA,1440,NA,NA,NA,NA
M17 [Vaccines],17.2,Vaccine - Pentavalent,5. Total Stock,279764,NA,NA,NA,NA,8640,NA,NA,NA,NA,6010,NA,NA,NA,NA,18170,NA,NA,NA,NA,13920,NA,NA,NA,NA,7880,NA,NA,NA,NA,2070,NA,NA,NA,NA,13830,NA,NA,NA,NA,27270,NA,NA,NA,NA,1613,NA,NA,NA,NA,NA,NA,NA,NA,NA,6460,NA,NA,NA,NA,12120,NA,NA,NA,NA,17630,NA,NA,NA,NA,7030,NA,NA,NA,NA,10440,NA,NA,NA,NA,9570,NA,NA,NA,NA,16080,NA,NA,NA,NA,21920,NA,NA,NA,NA,17470,NA,NA,NA,NA,9000,NA,NA,NA,NA,2370,NA,NA,NA,NA,18443,NA,NA,NA,NA,10090,NA,NA,NA,NA,0,NA,NA,NA,NA,1848,NA,NA,NA,NA,8230,NA,NA,NA,NA,11660,NA,NA,NA,NA
M17 [Vaccines],17.3,Vaccine - OPV,1. Balance From Previous Month,406701,NA,NA,NA,NA,4000,NA,NA,NA,NA,17200,NA,NA,NA,NA,25560,NA,NA,NA,NA,1900,NA,NA,NA,NA,4400,NA,NA,NA,NA,1840,NA,NA,NA,NA,9700,NA,NA,NA,NA,19120,NA,NA,NA,NA,446,NA,NA,NA,NA,NA,NA,NA,NA,NA,16300,NA,NA,NA,NA,30080,NA,NA,NA,NA,22620,NA,NA,NA,NA,32420,NA,NA,NA,NA,11160,NA,NA,NA,NA,27800,NA,NA,NA,NA,23680,NA,NA,NA,NA,25300,NA,NA,NA,NA,25180,NA,NA,NA,NA,7230,NA,NA,NA,NA,20670,NA,NA,NA,NA,39940,NA,NA,NA,NA,2340,NA,NA,NA,NA,NA,NA,NA,NA,NA,575,NA,NA,NA,NA,16980,NA,NA,NA,NA,20260,NA,NA,NA,NA
M17 [Vaccines],17.3,Vaccine - OPV,2. Stocks Received,409950,NA,NA,NA,NA,16000,NA,NA,NA,NA,16000,NA,NA,NA,NA,10000,NA,NA,NA,NA,40000,NA,NA,NA,NA,15000,NA,NA,NA,NA,12500,NA,NA,NA,NA,26000,NA,NA,NA,NA,40000,NA,NA,NA,NA,1450,NA,NA,NA,NA,NA,NA,NA,NA,NA,20000,NA,NA,NA,NA,0,NA,NA,NA,NA,10000,NA,NA,NA,NA,2000,NA,NA,NA,NA,20000,NA,NA,NA,NA,10000,NA,NA,NA,NA,14000,NA,NA,NA,NA,20000,NA,NA,NA,NA,20000,NA,NA,NA,NA,0,NA,NA,NA,NA,10000,NA,NA,NA,NA,36000,NA,NA,NA,NA,15000,NA,NA,NA,NA,NA,NA,NA,NA,NA,2000,NA,NA,NA,NA,40000,NA,NA,NA,NA,14000,NA,NA,NA,NA
M17 [Vaccines],17.3,Vaccine - OPV,3. Unusable Stock,0,NA,NA,NA,NA,0,NA,NA,NA,NA,0,NA,NA,NA,NA,NA,NA,NA,NA,NA,NA,NA,NA,NA,NA,0,NA,NA,NA,NA,NA,NA,NA,NA,NA,0,NA,NA,NA,NA,NA,NA,NA,NA,NA,NA,NA,NA,NA,NA,NA,NA,NA,NA,NA,NA,NA,NA,NA,NA,NA,NA,NA,NA,NA,0,NA,NA,NA,NA,NA,NA,NA,NA,NA,0,NA,NA,NA,NA,NA,NA,NA,NA,NA,NA,NA,NA,NA,NA,0,NA,NA,NA,NA,NA,NA,NA,NA,NA,0,NA,NA,NA,NA,0,NA,NA,NA,NA,NA,NA,NA,NA,NA,NA,NA,NA,NA,NA,NA,NA,NA,NA,NA,NA,NA,NA,NA,NA,NA,NA,NA,NA,NA,NA,NA,NA,NA,NA
M17 [Vaccines],17.3,Vaccine - OPV,4. Stock Distributed,322003,NA,NA,NA,NA,3500,NA,NA,NA,NA,32700,NA,NA,NA,NA,5900,NA,NA,NA,NA,25000,NA,NA,NA,NA,11200,NA,NA,NA,NA,11000,NA,NA,NA,NA,6600,NA,NA,NA,NA,24400,NA,NA,NA,NA,163,NA,NA,NA,NA,NA,NA,NA,NA,NA,10480,NA,NA,NA,NA,10380,NA,NA,NA,NA,6020,NA,NA,NA,NA,7740,NA,NA,NA,NA,12240,NA,NA,NA,NA,24300,NA,NA,NA,NA,13420,NA,NA,NA,NA,17500,NA,NA,NA,NA,20640,NA,NA,NA,NA,0,NA,NA,NA,NA,16140,NA,NA,NA,NA,35580,NA,NA,NA,NA,5100,NA,NA,NA,NA,NA,NA,NA,NA,NA,1200,NA,NA,NA,NA,15800,NA,NA,NA,NA,5000,NA,NA,NA,NA
M17 [Vaccines],17.3,Vaccine - OPV,5. Total Stock,494648,NA,NA,NA,NA,16500,NA,NA,NA,NA,500,NA,NA,NA,NA,29660,NA,NA,NA,NA,16900,NA,NA,NA,NA,8200,NA,NA,NA,NA,3340,NA,NA,NA,NA,29100,NA,NA,NA,NA,34720,NA,NA,NA,NA,1733,NA,NA,NA,NA,NA,NA,NA,NA,NA,25820,NA,NA,NA,NA,19700,NA,NA,NA,NA,26600,NA,NA,NA,NA,26680,NA,NA,NA,NA,18920,NA,NA,NA,NA,13500,NA,NA,NA,NA,24260,NA,NA,NA,NA,27800,NA,NA,NA,NA,24540,NA,NA,NA,NA,7230,NA,NA,NA,NA,14530,NA,NA,NA,NA,40360,NA,NA,NA,NA,12240,NA,NA,NA,NA,0,NA,NA,NA,NA,1375,NA,NA,NA,NA,41180,NA,NA,NA,NA,29260,NA,NA,NA,NA
M17 [Vaccines],17.4,Vaccine - TT,1. Balance From Previous Month,231501,NA,NA,NA,NA,6750,NA,NA,NA,NA,15000,NA,NA,NA,NA,7930,NA,NA,NA,NA,11900,NA,NA,NA,NA,6960,NA,NA,NA,NA,5290,NA,NA,NA,NA,5750,NA,NA,NA,NA,9150,NA,NA,NA,NA,889,NA,NA,NA,NA,NA,NA,NA,NA,NA,16960,NA,NA,NA,NA,12380,NA,NA,NA,NA,12770,NA,NA,NA,NA,5700,NA,NA,NA,NA,9850,NA,NA,NA,NA,13240,NA,NA,NA,NA,17500,NA,NA,NA,NA,15000,NA,NA,NA,NA,10560,NA,NA,NA,NA,4000,NA,NA,NA,NA,3870,NA,NA,NA,NA,20390,NA,NA,NA,NA,5220,NA,NA,NA,NA,NA,NA,NA,NA,NA,1672,NA,NA,NA,NA,9570,NA,NA,NA,NA,3200,NA,NA,NA,NA
M17 [Vaccines],17.4,Vaccine - TT,2. Stocks Received,208800,NA,NA,NA,NA,2000,NA,NA,NA,NA,10000,NA,NA,NA,NA,5000,NA,NA,NA,NA,20000,NA,NA,NA,NA,8000,NA,NA,NA,NA,5000,NA,NA,NA,NA,11000,NA,NA,NA,NA,30000,NA,NA,NA,NA,1000,NA,NA,NA,NA,NA,NA,NA,NA,NA,0,NA,NA,NA,NA,8000,NA,NA,NA,NA,10000,NA,NA,NA,NA,2000,NA,NA,NA,NA,5000,NA,NA,NA,NA,5000,NA,NA,NA,NA,10000,NA,NA,NA,NA,5000,NA,NA,NA,NA,15000,NA,NA,NA,NA,0,NA,NA,NA,NA,6000,NA,NA,NA,NA,15000,NA,NA,NA,NA,9000,NA,NA,NA,NA,NA,NA,NA,NA,NA,1800,NA,NA,NA,NA,10000,NA,NA,NA,NA,15000,NA,NA,NA,NA
M17 [Vaccines],17.4,Vaccine - TT,3. Unusable Stock,4270,NA,NA,NA,NA,0,NA,NA,NA,NA,0,NA,NA,NA,NA,NA,NA,NA,NA,NA,NA,NA,NA,NA,NA,0,NA,NA,NA,NA,NA,NA,NA,NA,NA,0,NA,NA,NA,NA,NA,NA,NA,NA,NA,NA,NA,NA,NA,NA,NA,NA,NA,NA,NA,NA,NA,NA,NA,NA,NA,NA,NA,NA,NA,4270,NA,NA,NA,NA,NA,NA,NA,NA,NA,0,NA,NA,NA,NA,NA,NA,NA,NA,NA,NA,NA,NA,NA,NA,0,NA,NA,NA,NA,NA,NA,NA,NA,NA,0,NA,NA,NA,NA,0,NA,NA,NA,NA,NA,NA,NA,NA,NA,NA,NA,NA,NA,NA,NA,NA,NA,NA,NA,NA,NA,NA,NA,NA,NA,NA,NA,NA,NA,NA,NA,NA,NA,NA
M17 [Vaccines],17.4,Vaccine - TT,4. Stock Distributed,138683,NA,NA,NA,NA,520,NA,NA,NA,NA,12480,NA,NA,NA,NA,1000,NA,NA,NA,NA,10500,NA,NA,NA,NA,5480,NA,NA,NA,NA,6030,NA,NA,NA,NA,850,NA,NA,NA,NA,13500,NA,NA,NA,NA,31,NA,NA,NA,NA,NA,NA,NA,NA,NA,7740,NA,NA,NA,NA,7770,NA,NA,NA,NA,0,NA,NA,NA,NA,2160,NA,NA,NA,NA,4150,NA,NA,NA,NA,12450,NA,NA,NA,NA,7130,NA,NA,NA,NA,5200,NA,NA,NA,NA,9310,NA,NA,NA,NA,0,NA,NA,NA,NA,7510,NA,NA,NA,NA,14740,NA,NA,NA,NA,2300,NA,NA,NA,NA,NA,NA,NA,NA,NA,1052,NA,NA,NA,NA,4030,NA,NA,NA,NA,2750,NA,NA,NA,NA
M17 [Vaccines],17.4,Vaccine - TT,5. Total Stock,297348,NA,NA,NA,NA,8230,NA,NA,NA,NA,12520,NA,NA,NA,NA,11930,NA,NA,NA,NA,21400,NA,NA,NA,NA,9480,NA,NA,NA,NA,4260,NA,NA,NA,NA,15900,NA,NA,NA,NA,25650,NA,NA,NA,NA,1858,NA,NA,NA,NA,NA,NA,NA,NA,NA,9220,NA,NA,NA,NA,12610,NA,NA,NA,NA,18500,NA,NA,NA,NA,5540,NA,NA,NA,NA,10700,NA,NA,NA,NA,5790,NA,NA,NA,NA,20370,NA,NA,NA,NA,14800,NA,NA,NA,NA,16250,NA,NA,NA,NA,4000,NA,NA,NA,NA,2360,NA,NA,NA,NA,20650,NA,NA,NA,NA,11920,NA,NA,NA,NA,0,NA,NA,NA,NA,2420,NA,NA,NA,NA,15540,NA,NA,NA,NA,15450,NA,NA,NA,NA
M17 [Vaccines],17.5,Vaccine - DT,1. Balance From Previous Month,0,NA,NA,NA,NA,0,NA,NA,NA,NA,0,NA,NA,NA,NA,0,NA,NA,NA,NA,0,NA,NA,NA,NA,0,NA,NA,NA,NA,0,NA,NA,NA,NA,0,NA,NA,NA,NA,NA,NA,NA,NA,NA,NA,NA,NA,NA,NA,NA,NA,NA,NA,NA,NA,NA,NA,NA,NA,0,NA,NA,NA,NA,0,NA,NA,NA,NA,NA,NA,NA,NA,NA,0,NA,NA,NA,NA,NA,NA,NA,NA,NA,NA,NA,NA,NA,NA,0,NA,NA,NA,NA,NA,NA,NA,NA,NA,0,NA,NA,NA,NA,0,NA,NA,NA,NA,NA,NA,NA,NA,NA,0,NA,NA,NA,NA,NA,NA,NA,NA,NA,0,NA,NA,NA,NA,NA,NA,NA,NA,NA,0,NA,NA,NA,NA
M17 [Vaccines],17.5,Vaccine - DT,2. Stocks Received,0,NA,NA,NA,NA,0,NA,NA,NA,NA,0,NA,NA,NA,NA,NA,NA,NA,NA,NA,0,NA,NA,NA,NA,0,NA,NA,NA,NA,NA,NA,NA,NA,NA,0,NA,NA,NA,NA,NA,NA,NA,NA,NA,NA,NA,NA,NA,NA,NA,NA,NA,NA,NA,NA,NA,NA,NA,NA,0,NA,NA,NA,NA,0,NA,NA,NA,NA,NA,NA,NA,NA,NA,0,NA,NA,NA,NA,NA,NA,NA,NA,NA,NA,NA,NA,NA,NA,0,NA,NA,NA,NA,NA,NA,NA,NA,NA,0,NA,NA,NA,NA,0,NA,NA,NA,NA,NA,NA,NA,NA,NA,NA,NA,NA,NA,NA,NA,NA,NA,NA,NA,NA,NA,NA,NA,NA,NA,NA,NA,NA,NA,NA,NA,NA,NA,NA
M17 [Vaccines],17.5,Vaccine - DT,3. Unusable Stock,0,NA,NA,NA,NA,0,NA,NA,NA,NA,0,NA,NA,NA,NA,NA,NA,NA,NA,NA,NA,NA,NA,NA,NA,0,NA,NA,NA,NA,NA,NA,NA,NA,NA,0,NA,NA,NA,NA,NA,NA,NA,NA,NA,NA,NA,NA,NA,NA,NA,NA,NA,NA,NA,NA,NA,NA,NA,NA,NA,NA,NA,NA,NA,0,NA,NA,NA,NA,NA,NA,NA,NA,NA,0,NA,NA,NA,NA,NA,NA,NA,NA,NA,NA,NA,NA,NA,NA,0,NA,NA,NA,NA,NA,NA,NA,NA,NA,0,NA,NA,NA,NA,0,NA,NA,NA,NA,NA,NA,NA,NA,NA,NA,NA,NA,NA,NA,NA,NA,NA,NA,NA,NA,NA,NA,NA,NA,NA,NA,NA,NA,NA,NA,NA,NA,NA,NA
M17 [Vaccines],17.5,Vaccine - DT,4. Stock Distributed,0,NA,NA,NA,NA,0,NA,NA,NA,NA,0,NA,NA,NA,NA,NA,NA,NA,NA,NA,0,NA,NA,NA,NA,0,NA,NA,NA,NA,NA,NA,NA,NA,NA,0,NA,NA,NA,NA,NA,NA,NA,NA,NA,NA,NA,NA,NA,NA,NA,NA,NA,NA,NA,NA,NA,NA,NA,NA,0,NA,NA,NA,NA,0,NA,NA,NA,NA,NA,NA,NA,NA,NA,0,NA,NA,NA,NA,NA,NA,NA,NA,NA,NA,NA,NA,NA,NA,0,NA,NA,NA,NA,NA,NA,NA,NA,NA,0,NA,NA,NA,NA,0,NA,NA,NA,NA,NA,NA,NA,NA,NA,NA,NA,NA,NA,NA,NA,NA,NA,NA,NA,0,NA,NA,NA,NA,NA,NA,NA,NA,NA,NA,NA,NA,NA,NA
M17 [Vaccines],17.5,Vaccine - DT,5. Total Stock,0,NA,NA,NA,NA,0,NA,NA,NA,NA,0,NA,NA,NA,NA,0,NA,NA,NA,NA,0,NA,NA,NA,NA,0,NA,NA,NA,NA,0,NA,NA,NA,NA,0,NA,NA,NA,NA,0,NA,NA,NA,NA,0,NA,NA,NA,NA,NA,NA,NA,NA,NA,0,NA,NA,NA,NA,0,NA,NA,NA,NA,0,NA,NA,NA,NA,0,NA,NA,NA,NA,0,NA,NA,NA,NA,0,NA,NA,NA,NA,0,NA,NA,NA,NA,0,NA,NA,NA,NA,0,NA,NA,NA,NA,0,NA,NA,NA,NA,0,NA,NA,NA,NA,0,NA,NA,NA,NA,0,NA,NA,NA,NA,0,NA,NA,NA,NA,0,NA,NA,NA,NA,0,NA,NA,NA,NA,0,NA,NA,NA,NA
M17 [Vaccines],17.6,Vaccine - BCG,1. Balance From Previous Month,183646,NA,NA,NA,NA,5250,NA,NA,NA,NA,7260,NA,NA,NA,NA,5000,NA,NA,NA,NA,7100,NA,NA,NA,NA,2400,NA,NA,NA,NA,1550,NA,NA,NA,NA,1210,NA,NA,NA,NA,13100,NA,NA,NA,NA,231,NA,NA,NA,NA,NA,NA,NA,NA,NA,5120,NA,NA,NA,NA,6610,NA,NA,NA,NA,7830,NA,NA,NA,NA,9210,NA,NA,NA,NA,8460,NA,NA,NA,NA,9450,NA,NA,NA,NA,17780,NA,NA,NA,NA,14500,NA,NA,NA,NA,6910,NA,NA,NA,NA,8000,NA,NA,NA,NA,6820,NA,NA,NA,NA,21005,NA,NA,NA,NA,4900,NA,NA,NA,NA,NA,NA,NA,NA,NA,500,NA,NA,NA,NA,10350,NA,NA,NA,NA,3100,NA,NA,NA,NA
M17 [Vaccines],17.6,Vaccine - BCG,2. Stocks Received,196900,NA,NA,NA,NA,4000,NA,NA,NA,NA,10000,NA,NA,NA,NA,10000,NA,NA,NA,NA,15000,NA,NA,NA,NA,8000,NA,NA,NA,NA,6000,NA,NA,NA,NA,10000,NA,NA,NA,NA,20000,NA,NA,NA,NA,1000,NA,NA,NA,NA,NA,NA,NA,NA,NA,5000,NA,NA,NA,NA,5000,NA,NA,NA,NA,5000,NA,NA,NA,NA,3000,NA,NA,NA,NA,10000,NA,NA,NA,NA,5000,NA,NA,NA,NA,4000,NA,NA,NA,NA,15000,NA,NA,NA,NA,10000,NA,NA,NA,NA,0,NA,NA,NA,NA,8000,NA,NA,NA,NA,20000,NA,NA,NA,NA,3000,NA,NA,NA,NA,NA,NA,NA,NA,NA,1900,NA,NA,NA,NA,10000,NA,NA,NA,NA,8000,NA,NA,NA,NA
M17 [Vaccines],17.6,Vaccine - BCG,3. Unusable Stock,0,NA,NA,NA,NA,0,NA,NA,NA,NA,0,NA,NA,NA,NA,NA,NA,NA,NA,NA,NA,NA,NA,NA,NA,0,NA,NA,NA,NA,NA,NA,NA,NA,NA,0,NA,NA,NA,NA,NA,NA,NA,NA,NA,NA,NA,NA,NA,NA,NA,NA,NA,NA,NA,NA,NA,NA,NA,NA,NA,NA,NA,NA,NA,0,NA,NA,NA,NA,NA,NA,NA,NA,NA,0,NA,NA,NA,NA,NA,NA,NA,NA,NA,NA,NA,NA,NA,NA,0,NA,NA,NA,NA,NA,NA,NA,NA,NA,0,NA,NA,NA,NA,0,NA,NA,NA,NA,NA,NA,NA,NA,NA,NA,NA,NA,NA,NA,NA,NA,NA,NA,NA,NA,NA,NA,NA,NA,NA,NA,NA,NA,NA,NA,NA,NA,NA,NA
M17 [Vaccines],17.6,Vaccine - BCG,4. Stock Distributed,151695,NA,NA,NA,NA,1250,NA,NA,NA,NA,15270,NA,NA,NA,NA,2900,NA,NA,NA,NA,9900,NA,NA,NA,NA,6800,NA,NA,NA,NA,4140,NA,NA,NA,NA,2800,NA,NA,NA,NA,14950,NA,NA,NA,NA,220,NA,NA,NA,NA,NA,NA,NA,NA,NA,5600,NA,NA,NA,NA,5220,NA,NA,NA,NA,4010,NA,NA,NA,NA,3820,NA,NA,NA,NA,7300,NA,NA,NA,NA,7400,NA,NA,NA,NA,8070,NA,NA,NA,NA,8500,NA,NA,NA,NA,10630,NA,NA,NA,NA,0,NA,NA,NA,NA,9180,NA,NA,NA,NA,14705,NA,NA,NA,NA,1100,NA,NA,NA,NA,NA,NA,NA,NA,NA,1150,NA,NA,NA,NA,3680,NA,NA,NA,NA,3100,NA,NA,NA,NA
M17 [Vaccines],17.6,Vaccine - BCG,5. Total Stock,228851,NA,NA,NA,NA,8000,NA,NA,NA,NA,1990,NA,NA,NA,NA,12100,NA,NA,NA,NA,12200,NA,NA,NA,NA,3600,NA,NA,NA,NA,3410,NA,NA,NA,NA,8410,NA,NA,NA,NA,18150,NA,NA,NA,NA,1011,NA,NA,NA,NA,NA,NA,NA,NA,NA,4520,NA,NA,NA,NA,6390,NA,NA,NA,NA,8820,NA,NA,NA,NA,8390,NA,NA,NA,NA,11160,NA,NA,NA,NA,7050,NA,NA,NA,NA,13710,NA,NA,NA,NA,21000,NA,NA,NA,NA,6280,NA,NA,NA,NA,8000,NA,NA,NA,NA,5640,NA,NA,NA,NA,26300,NA,NA,NA,NA,6800,NA,NA,NA,NA,0,NA,NA,NA,NA,1250,NA,NA,NA,NA,16670,NA,NA,NA,NA,8000,NA,NA,NA,NA
M17 [Vaccines],17.7,Vaccine - Measles,1. Balance From Previous Month,159224,NA,NA,NA,NA,250,NA,NA,NA,NA,5750,NA,NA,NA,NA,3400,NA,NA,NA,NA,13250,NA,NA,NA,NA,4375,NA,NA,NA,NA,3240,NA,NA,NA,NA,6025,NA,NA,NA,NA,2450,NA,NA,NA,NA,160,NA,NA,NA,NA,NA,NA,NA,NA,NA,3990,NA,NA,NA,NA,9460,NA,NA,NA,NA,13000,NA,NA,NA,NA,4620,NA,NA,NA,NA,8200,NA,NA,NA,NA,7200,NA,NA,NA,NA,11670,NA,NA,NA,NA,9850,NA,NA,NA,NA,13125,NA,NA,NA,NA,7000,NA,NA,NA,NA,2380,NA,NA,NA,NA,12899,NA,NA,NA,NA,8445,NA,NA,NA,NA,NA,NA,NA,NA,NA,2180,NA,NA,NA,NA,3555,NA,NA,NA,NA,2750,NA,NA,NA,NA
M17 [Vaccines],17.7,Vaccine - Measles,2. Stocks Received,93825,NA,NA,NA,NA,2000,NA,NA,NA,NA,5000,NA,NA,NA,NA,5250,NA,NA,NA,NA,5000,NA,NA,NA,NA,5000,NA,NA,NA,NA,1500,NA,NA,NA,NA,4000,NA,NA,NA,NA,14000,NA,NA,NA,NA,1000,NA,NA,NA,NA,NA,NA,NA,NA,NA,5000,NA,NA,NA,NA,5000,NA,NA,NA,NA,2000,NA,NA,NA,NA,2000,NA,NA,NA,NA,0,NA,NA,NA,NA,2500,NA,NA,NA,NA,2000,NA,NA,NA,NA,3000,NA,NA,NA,NA,2000,NA,NA,NA,NA,0,NA,NA,NA,NA,4425,NA,NA,NA,NA,6500,NA,NA,NA,NA,2750,NA,NA,NA,NA,NA,NA,NA,NA,NA,1900,NA,NA,NA,NA,5000,NA,NA,NA,NA,7000,NA,NA,NA,NA
M17 [Vaccines],17.7,Vaccine - Measles,3. Unusable Stock,0,NA,NA,NA,NA,0,NA,NA,NA,NA,0,NA,NA,NA,NA,NA,NA,NA,NA,NA,NA,NA,NA,NA,NA,0,NA,NA,NA,NA,NA,NA,NA,NA,NA,0,NA,NA,NA,NA,NA,NA,NA,NA,NA,NA,NA,NA,NA,NA,NA,NA,NA,NA,NA,NA,NA,NA,NA,NA,NA,NA,NA,NA,NA,0,NA,NA,NA,NA,NA,NA,NA,NA,NA,0,NA,NA,NA,NA,NA,NA,NA,NA,NA,NA,NA,NA,NA,NA,0,NA,NA,NA,NA,NA,NA,NA,NA,NA,0,NA,NA,NA,NA,0,NA,NA,NA,NA,NA,NA,NA,NA,NA,NA,NA,NA,NA,NA,NA,NA,NA,NA,NA,NA,NA,NA,NA,NA,NA,NA,NA,NA,NA,NA,NA,NA,NA,NA
M17 [Vaccines],17.7,Vaccine - Measles,4. Stock Distributed,119975,NA,NA,NA,NA,250,NA,NA,NA,NA,10500,NA,NA,NA,NA,2200,NA,NA,NA,NA,9500,NA,NA,NA,NA,5175,NA,NA,NA,NA,3920,NA,NA,NA,NA,1325,NA,NA,NA,NA,9300,NA,NA,NA,NA,38,NA,NA,NA,NA,NA,NA,NA,NA,NA,3775,NA,NA,NA,NA,6150,NA,NA,NA,NA,3095,NA,NA,NA,NA,2525,NA,NA,NA,NA,3700,NA,NA,NA,NA,8025,NA,NA,NA,NA,5350,NA,NA,NA,NA,5500,NA,NA,NA,NA,9350,NA,NA,NA,NA,0,NA,NA,NA,NA,6760,NA,NA,NA,NA,11817,NA,NA,NA,NA,2100,NA,NA,NA,NA,NA,NA,NA,NA,NA,2280,NA,NA,NA,NA,3990,NA,NA,NA,NA,3350,NA,NA,NA,NA
M17 [Vaccines],17.7,Vaccine - Measles,5. Total Stock,133074,NA,NA,NA,NA,2000,NA,NA,NA,NA,250,NA,NA,NA,NA,6450,NA,NA,NA,NA,8750,NA,NA,NA,NA,4200,NA,NA,NA,NA,820,NA,NA,NA,NA,8700,NA,NA,NA,NA,7150,NA,NA,NA,NA,1122,NA,NA,NA,NA,NA,NA,NA,NA,NA,5215,NA,NA,NA,NA,8310,NA,NA,NA,NA,11905,NA,NA,NA,NA,4095,NA,NA,NA,NA,4500,NA,NA,NA,NA,1675,NA,NA,NA,NA,8320,NA,NA,NA,NA,7350,NA,NA,NA,NA,5775,NA,NA,NA,NA,7000,NA,NA,NA,NA,45,NA,NA,NA,NA,7582,NA,NA,NA,NA,9095,NA,NA,NA,NA,0,NA,NA,NA,NA,1800,NA,NA,NA,NA,4565,NA,NA,NA,NA,6400,NA,NA,NA,NA
M17 [Vaccines],17.8,Vaccine - JE,1. Balance From Previous Month,94153,NA,NA,NA,NA,0,NA,NA,NA,NA,10565,NA,NA,NA,NA,0,NA,NA,NA,NA,0,NA,NA,NA,NA,950,NA,NA,NA,NA,3050,NA,NA,NA,NA,700,NA,NA,NA,NA,0,NA,NA,NA,NA,760,NA,NA,NA,NA,NA,NA,NA,NA,NA,6600,NA,NA,NA,NA,9100,NA,NA,NA,NA,5625,NA,NA,NA,NA,2740,NA,NA,NA,NA,4150,NA,NA,NA,NA,4850,NA,NA,NA,NA,5000,NA,NA,NA,NA,10100,NA,NA,NA,NA,5000,NA,NA,NA,NA,3000,NA,NA,NA,NA,4150,NA,NA,NA,NA,14103,NA,NA,NA,NA,850,NA,NA,NA,NA,NA,NA,NA,NA,NA,110,NA,NA,NA,NA,2700,NA,NA,NA,NA,50,NA,NA,NA,NA
M17 [Vaccines],17.8,Vaccine - JE,2. Stocks Received,163300,NA,NA,NA,NA,2500,NA,NA,NA,NA,10000,NA,NA,NA,NA,7500,NA,NA,NA,NA,15000,NA,NA,NA,NA,7500,NA,NA,NA,NA,3500,NA,NA,NA,NA,6000,NA,NA,NA,NA,20000,NA,NA,NA,NA,2000,NA,NA,NA,NA,NA,NA,NA,NA,NA,5000,NA,NA,NA,NA,10000,NA,NA,NA,NA,2500,NA,NA,NA,NA,2000,NA,NA,NA,NA,8500,NA,NA,NA,NA,8000,NA,NA,NA,NA,3500,NA,NA,NA,NA,2500,NA,NA,NA,NA,5000,NA,NA,NA,NA,0,NA,NA,NA,NA,1000,NA,NA,NA,NA,12500,NA,NA,NA,NA,7000,NA,NA,NA,NA,NA,NA,NA,NA,NA,3300,NA,NA,NA,NA,10000,NA,NA,NA,NA,8500,NA,NA,NA,NA
M17 [Vaccines],17.8,Vaccine - JE,3. Unusable Stock,0,NA,NA,NA,NA,0,NA,NA,NA,NA,0,NA,NA,NA,NA,NA,NA,NA,NA,NA,NA,NA,NA,NA,NA,0,NA,NA,NA,NA,NA,NA,NA,NA,NA,0,NA,NA,NA,NA,NA,NA,NA,NA,NA,NA,NA,NA,NA,NA,NA,NA,NA,NA,NA,NA,NA,NA,NA,NA,NA,NA,NA,NA,NA,0,NA,NA,NA,NA,NA,NA,NA,NA,NA,0,NA,NA,NA,NA,NA,NA,NA,NA,NA,NA,NA,NA,NA,NA,0,NA,NA,NA,NA,NA,NA,NA,NA,NA,0,NA,NA,NA,NA,0,NA,NA,NA,NA,NA,NA,NA,NA,NA,NA,NA,NA,NA,NA,NA,NA,NA,NA,NA,NA,NA,NA,NA,NA,NA,NA,NA,NA,NA,NA,NA,NA,NA,NA
M17 [Vaccines],17.8,Vaccine - JE,4. Stock Distributed,141482,NA,NA,NA,NA,50,NA,NA,NA,NA,9165,NA,NA,NA,NA,4500,NA,NA,NA,NA,11600,NA,NA,NA,NA,5100,NA,NA,NA,NA,5800,NA,NA,NA,NA,2750,NA,NA,NA,NA,13200,NA,NA,NA,NA,131,NA,NA,NA,NA,NA,NA,NA,NA,NA,5000,NA,NA,NA,NA,6500,NA,NA,NA,NA,3270,NA,NA,NA,NA,2610,NA,NA,NA,NA,5500,NA,NA,NA,NA,9125,NA,NA,NA,NA,4975,NA,NA,NA,NA,9500,NA,NA,NA,NA,7740,NA,NA,NA,NA,0,NA,NA,NA,NA,1000,NA,NA,NA,NA,16971,NA,NA,NA,NA,5000,NA,NA,NA,NA,NA,NA,NA,NA,NA,2620,NA,NA,NA,NA,3625,NA,NA,NA,NA,5750,NA,NA,NA,NA
M17 [Vaccines],17.8,Vaccine - JE,5. Total Stock,115971,NA,NA,NA,NA,2450,NA,NA,NA,NA,11400,NA,NA,NA,NA,3000,NA,NA,NA,NA,3400,NA,NA,NA,NA,3350,NA,NA,NA,NA,750,NA,NA,NA,NA,3950,NA,NA,NA,NA,6800,NA,NA,NA,NA,2629,NA,NA,NA,NA,NA,NA,NA,NA,NA,6600,NA,NA,NA,NA,12600,NA,NA,NA,NA,4855,NA,NA,NA,NA,2130,NA,NA,NA,NA,7150,NA,NA,NA,NA,3725,NA,NA,NA,NA,3525,NA,NA,NA,NA,3100,NA,NA,NA,NA,2260,NA,NA,NA,NA,3000,NA,NA,NA,NA,4150,NA,NA,NA,NA,9632,NA,NA,NA,NA,2850,NA,NA,NA,NA,0,NA,NA,NA,NA,790,NA,NA,NA,NA,9075,NA,NA,NA,NA,2800,NA,NA,NA,NA
M17 [Vaccines],17.9,Vaccine - Hepatitis B,1. Balance From Previous Month,126000,NA,NA,NA,NA,1680,NA,NA,NA,NA,3300,NA,NA,NA,NA,5600,NA,NA,NA,NA,23400,NA,NA,NA,NA,5000,NA,NA,NA,NA,390,NA,NA,NA,NA,1690,NA,NA,NA,NA,11200,NA,NA,NA,NA,970,NA,NA,NA,NA,NA,NA,NA,NA,NA,2750,NA,NA,NA,NA,5600,NA,NA,NA,NA,3800,NA,NA,NA,NA,6860,NA,NA,NA,NA,3520,NA,NA,NA,NA,6320,NA,NA,NA,NA,5450,NA,NA,NA,NA,4800,NA,NA,NA,NA,5040,NA,NA,NA,NA,0,NA,NA,NA,NA,4350,NA,NA,NA,NA,9770,NA,NA,NA,NA,4900,NA,NA,NA,NA,NA,NA,NA,NA,NA,90,NA,NA,NA,NA,5600,NA,NA,NA,NA,3920,NA,NA,NA,NA
M17 [Vaccines],17.9,Vaccine - Hepatitis B,2. Stocks Received,30780,NA,NA,NA,NA,0,NA,NA,NA,NA,0,NA,NA,NA,NA,NA,NA,NA,NA,NA,0,NA,NA,NA,NA,0,NA,NA,NA,NA,1500,NA,NA,NA,NA,3300,NA,NA,NA,NA,5000,NA,NA,NA,NA,0,NA,NA,NA,NA,NA,NA,NA,NA,NA,0,NA,NA,NA,NA,0,NA,NA,NA,NA,0,NA,NA,NA,NA,0,NA,NA,NA,NA,2000,NA,NA,NA,NA,0,NA,NA,NA,NA,0,NA,NA,NA,NA,0,NA,NA,NA,NA,5000,NA,NA,NA,NA,0,NA,NA,NA,NA,2000,NA,NA,NA,NA,5000,NA,NA,NA,NA,2000,NA,NA,NA,NA,NA,NA,NA,NA,NA,480,NA,NA,NA,NA,2400,NA,NA,NA,NA,2100,NA,NA,NA,NA
M17 [Vaccines],17.9,Vaccine - Hepatitis B,3. Unusable Stock,0,NA,NA,NA,NA,0,NA,NA,NA,NA,0,NA,NA,NA,NA,NA,NA,NA,NA,NA,NA,NA,NA,NA,NA,0,NA,NA,NA,NA,NA,NA,NA,NA,NA,0,NA,NA,NA,NA,NA,NA,NA,NA,NA,NA,NA,NA,NA,NA,NA,NA,NA,NA,NA,NA,NA,NA,NA,NA,NA,NA,NA,NA,NA,0,NA,NA,NA,NA,NA,NA,NA,NA,NA,0,NA,NA,NA,NA,NA,NA,NA,NA,NA,NA,NA,NA,NA,NA,0,NA,NA,NA,NA,NA,NA,NA,NA,NA,0,NA,NA,NA,NA,0,NA,NA,NA,NA,NA,NA,NA,NA,NA,NA,NA,NA,NA,NA,NA,NA,NA,NA,NA,NA,NA,NA,NA,NA,NA,NA,NA,NA,NA,NA,NA,NA,NA,NA
M17 [Vaccines],17.9,Vaccine - Hepatitis B,4. Stock Distributed,29415,NA,NA,NA,NA,300,NA,NA,NA,NA,900,NA,NA,NA,NA,500,NA,NA,NA,NA,2700,NA,NA,NA,NA,300,NA,NA,NA,NA,750,NA,NA,NA,NA,1150,NA,NA,NA,NA,5100,NA,NA,NA,NA,125,NA,NA,NA,NA,NA,NA,NA,NA,NA,800,NA,NA,NA,NA,1820,NA,NA,NA,NA,1060,NA,NA,NA,NA,700,NA,NA,NA,NA,1250,NA,NA,NA,NA,1550,NA,NA,NA,NA,800,NA,NA,NA,NA,600,NA,NA,NA,NA,2670,NA,NA,NA,NA,0,NA,NA,NA,NA,1260,NA,NA,NA,NA,2150,NA,NA,NA,NA,920,NA,NA,NA,NA,NA,NA,NA,NA,NA,210,NA,NA,NA,NA,1500,NA,NA,NA,NA,300,NA,NA,NA,NA
M17 [Vaccines],17.9,Vaccine - Hepatitis B,5. Total Stock,127365,NA,NA,NA,NA,1380,NA,NA,NA,NA,2400,NA,NA,NA,NA,5100,NA,NA,NA,NA,20700,NA,NA,NA,NA,4700,NA,NA,NA,NA,1140,NA,NA,NA,NA,3840,NA,NA,NA,NA,11100,NA,NA,NA,NA,845,NA,NA,NA,NA,NA,NA,NA,NA,NA,1950,NA,NA,NA,NA,3780,NA,NA,NA,NA,2740,NA,NA,NA,NA,6160,NA,NA,NA,NA,4270,NA,NA,NA,NA,4770,NA,NA,NA,NA,4650,NA,NA,NA,NA,4200,NA,NA,NA,NA,7370,NA,NA,NA,NA,0,NA,NA,NA,NA,5090,NA,NA,NA,NA,12620,NA,NA,NA,NA,5980,NA,NA,NA,NA,NA,NA,NA,NA,NA,360,NA,NA,NA,NA,6500,NA,NA,NA,NA,5720,NA,NA,NA,NA
M17 [Vaccines],17.1,Vaccine - Typhoid,1. Balance From Previous Month,0,NA,NA,NA,NA,0,NA,NA,NA,NA,0,NA,NA,NA,NA,0,NA,NA,NA,NA,0,NA,NA,NA,NA,0,NA,NA,NA,NA,0,NA,NA,NA,NA,NA,NA,NA,NA,NA,NA,NA,NA,NA,NA,NA,NA,NA,NA,NA,NA,NA,NA,NA,NA,NA,NA,NA,NA,NA,0,NA,NA,NA,NA,0,NA,NA,NA,NA,NA,NA,NA,NA,NA,0,NA,NA,NA,NA,NA,NA,NA,NA,NA,NA,NA,NA,NA,NA,0,NA,NA,NA,NA,NA,NA,NA,NA,NA,0,NA,NA,NA,NA,0,NA,NA,NA,NA,NA,NA,NA,NA,NA,0,NA,NA,NA,NA,NA,NA,NA,NA,NA,NA,NA,NA,NA,NA,NA,NA,NA,NA,NA,NA,NA,NA,NA,NA
M17 [Vaccines],17.1,Vaccine - Typhoid,2. Stocks Received,0,NA,NA,NA,NA,0,NA,NA,NA,NA,0,NA,NA,NA,NA,NA,NA,NA,NA,NA,0,NA,NA,NA,NA,0,NA,NA,NA,NA,NA,NA,NA,NA,NA,NA,NA,NA,NA,NA,NA,NA,NA,NA,NA,NA,NA,NA,NA,NA,NA,NA,NA,NA,NA,NA,NA,NA,NA,NA,0,NA,NA,NA,NA,0,NA,NA,NA,NA,NA,NA,NA,NA,NA,0,NA,NA,NA,NA,NA,NA,NA,NA,NA,NA,NA,NA,NA,NA,0,NA,NA,NA,NA,NA,NA,NA,NA,NA,0,NA,NA,NA,NA,0,NA,NA,NA,NA,NA,NA,NA,NA,NA,NA,NA,NA,NA,NA,NA,NA,NA,NA,NA,NA,NA,NA,NA,NA,NA,NA,NA,NA,NA,NA,NA,NA,NA,NA
M17 [Vaccines],17.1,Vaccine - Typhoid,3. Unusable Stock,0,NA,NA,NA,NA,0,NA,NA,NA,NA,0,NA,NA,NA,NA,NA,NA,NA,NA,NA,NA,NA,NA,NA,NA,0,NA,NA,NA,NA,NA,NA,NA,NA,NA,NA,NA,NA,NA,NA,NA,NA,NA,NA,NA,NA,NA,NA,NA,NA,NA,NA,NA,NA,NA,NA,NA,NA,NA,NA,NA,NA,NA,NA,NA,0,NA,NA,NA,NA,NA,NA,NA,NA,NA,0,NA,NA,NA,NA,NA,NA,NA,NA,NA,NA,NA,NA,NA,NA,0,NA,NA,NA,NA,NA,NA,NA,NA,NA,0,NA,NA,NA,NA,0,NA,NA,NA,NA,NA,NA,NA,NA,NA,NA,NA,NA,NA,NA,NA,NA,NA,NA,NA,NA,NA,NA,NA,NA,NA,NA,NA,NA,NA,NA,NA,NA,NA,NA
M17 [Vaccines],17.1,Vaccine - Typhoid,4. Stock Distributed,0,NA,NA,NA,NA,0,NA,NA,NA,NA,0,NA,NA,NA,NA,NA,NA,NA,NA,NA,NA,NA,NA,NA,NA,0,NA,NA,NA,NA,NA,NA,NA,NA,NA,NA,NA,NA,NA,NA,NA,NA,NA,NA,NA,NA,NA,NA,NA,NA,NA,NA,NA,NA,NA,NA,NA,NA,NA,NA,0,NA,NA,NA,NA,0,NA,NA,NA,NA,NA,NA,NA,NA,NA,0,NA,NA,NA,NA,NA,NA,NA,NA,NA,NA,NA,NA,NA,NA,0,NA,NA,NA,NA,NA,NA,NA,NA,NA,0,NA,NA,NA,NA,0,NA,NA,NA,NA,NA,NA,NA,NA,NA,0,NA,NA,NA,NA,NA,NA,NA,NA,NA,NA,NA,NA,NA,NA,NA,NA,NA,NA,NA,NA,NA,NA,NA,NA
M17 [Vaccines],17.1,Vaccine - Typhoid,5. Total Stock,0,NA,NA,NA,NA,0,NA,NA,NA,NA,0,NA,NA,NA,NA,0,NA,NA,NA,NA,0,NA,NA,NA,NA,0,NA,NA,NA,NA,0,NA,NA,NA,NA,NA,NA,NA,NA,NA,NA,NA,NA,NA,NA,NA,NA,NA,NA,NA,NA,NA,NA,NA,NA,NA,NA,NA,NA,NA,0,NA,NA,NA,NA,0,NA,NA,NA,NA,NA,NA,NA,NA,NA,0,NA,NA,NA,NA,NA,NA,NA,NA,NA,NA,NA,NA,NA,NA,0,NA,NA,NA,NA,NA,NA,NA,NA,NA,0,NA,NA,NA,NA,0,NA,NA,NA,NA,NA,NA,NA,NA,NA,0,NA,NA,NA,NA,NA,NA,NA,NA,NA,NA,NA,NA,NA,NA,NA,NA,NA,NA,NA,NA,NA,NA,NA,NA
M17 [Vaccines],17.11,Vaccine - Vitamin K,1. Balance From Previous Month,7970,NA,NA,NA,NA,0,NA,NA,NA,NA,0,NA,NA,NA,NA,0,NA,NA,NA,NA,0,NA,NA,NA,NA,0,NA,NA,NA,NA,0,NA,NA,NA,NA,NA,NA,NA,NA,NA,NA,NA,NA,NA,NA,NA,NA,NA,NA,NA,NA,NA,NA,NA,NA,NA,NA,NA,NA,NA,0,NA,NA,NA,NA,3770,NA,NA,NA,NA,NA,NA,NA,NA,NA,0,NA,NA,NA,NA,NA,NA,NA,NA,NA,NA,NA,NA,NA,NA,0,NA,NA,NA,NA,NA,NA,NA,NA,NA,0,NA,NA,NA,NA,0,NA,NA,NA,NA,NA,NA,NA,NA,NA,0,NA,NA,NA,NA,NA,NA,NA,NA,NA,NA,NA,NA,NA,NA,NA,NA,NA,NA,NA,4200,NA,NA,NA,NA
M17 [Vaccines],17.11,Vaccine - Vitamin K,2. Stocks Received,0,NA,NA,NA,NA,0,NA,NA,NA,NA,0,NA,NA,NA,NA,NA,NA,NA,NA,NA,NA,NA,NA,NA,NA,0,NA,NA,NA,NA,NA,NA,NA,NA,NA,NA,NA,NA,NA,NA,NA,NA,NA,NA,NA,NA,NA,NA,NA,NA,NA,NA,NA,NA,NA,NA,NA,NA,NA,NA,0,NA,NA,NA,NA,0,NA,NA,NA,NA,NA,NA,NA,NA,NA,0,NA,NA,NA,NA,NA,NA,NA,NA,NA,NA,NA,NA,NA,NA,0,NA,NA,NA,NA,NA,NA,NA,NA,NA,0,NA,NA,NA,NA,0,NA,NA,NA,NA,NA,NA,NA,NA,NA,NA,NA,NA,NA,NA,NA,NA,NA,NA,NA,NA,NA,NA,NA,NA,NA,NA,NA,NA,NA,NA,NA,NA,NA,NA
M17 [Vaccines],17.11,Vaccine - Vitamin K,3. Unusable Stock,0,NA,NA,NA,NA,0,NA,NA,NA,NA,0,NA,NA,NA,NA,NA,NA,NA,NA,NA,NA,NA,NA,NA,NA,0,NA,NA,NA,NA,NA,NA,NA,NA,NA,NA,NA,NA,NA,NA,NA,NA,NA,NA,NA,NA,NA,NA,NA,NA,NA,NA,NA,NA,NA,NA,NA,NA,NA,NA,NA,NA,NA,NA,NA,0,NA,NA,NA,NA,NA,NA,NA,NA,NA,0,NA,NA,NA,NA,NA,NA,NA,NA,NA,NA,NA,NA,NA,NA,0,NA,NA,NA,NA,NA,NA,NA,NA,NA,0,NA,NA,NA,NA,0,NA,NA,NA,NA,NA,NA,NA,NA,NA,NA,NA,NA,NA,NA,NA,NA,NA,NA,NA,NA,NA,NA,NA,NA,NA,NA,NA,NA,NA,NA,NA,NA,NA,NA
M17 [Vaccines],17.11,Vaccine - Vitamin K,4. Stock Distributed,400,NA,NA,NA,NA,0,NA,NA,NA,NA,0,NA,NA,NA,NA,NA,NA,NA,NA,NA,NA,NA,NA,NA,NA,0,NA,NA,NA,NA,NA,NA,NA,NA,NA,NA,NA,NA,NA,NA,NA,NA,NA,NA,NA,NA,NA,NA,NA,NA,NA,NA,NA,NA,NA,NA,NA,NA,NA,NA,0,NA,NA,NA,NA,400,NA,NA,NA,NA,NA,NA,NA,NA,NA,0,NA,NA,NA,NA,NA,NA,NA,NA,NA,NA,NA,NA,NA,NA,0,NA,NA,NA,NA,NA,NA,NA,NA,NA,0,NA,NA,NA,NA,0,NA,NA,NA,NA,NA,NA,NA,NA,NA,NA,NA,NA,NA,NA,NA,NA,NA,NA,NA,NA,NA,NA,NA,NA,NA,NA,NA,NA,NA,NA,NA,NA,NA,NA
M17 [Vaccines],17.11,Vaccine - Vitamin K,5. Total Stock,7570,NA,NA,NA,NA,0,NA,NA,NA,NA,0,NA,NA,NA,NA,0,NA,NA,NA,NA,0,NA,NA,NA,NA,0,NA,NA,NA,NA,0,NA,NA,NA,NA,NA,NA,NA,NA,NA,NA,NA,NA,NA,NA,NA,NA,NA,NA,NA,NA,NA,NA,NA,NA,NA,NA,NA,NA,NA,0,NA,NA,NA,NA,3370,NA,NA,NA,NA,NA,NA,NA,NA,NA,0,NA,NA,NA,NA,NA,NA,NA,NA,NA,NA,NA,NA,NA,NA,0,NA,NA,NA,NA,NA,NA,NA,NA,NA,0,NA,NA,NA,NA,0,NA,NA,NA,NA,NA,NA,NA,NA,NA,0,NA,NA,NA,NA,NA,NA,NA,NA,NA,NA,NA,NA,NA,NA,NA,NA,NA,NA,NA,4200,NA,NA,NA,NA
M17 [Vaccines],17.12,Rotavirus,1. Balance From Previous Month,339825,NA,NA,NA,NA,2700,NA,NA,NA,NA,0,NA,NA,NA,NA,9400,NA,NA,NA,NA,36000,NA,NA,NA,NA,4550,NA,NA,NA,NA,1980,NA,NA,NA,NA,20520,NA,NA,NA,NA,18600,NA,NA,NA,NA,955,NA,NA,NA,NA,NA,NA,NA,NA,NA,9970,NA,NA,NA,NA,15030,NA,NA,NA,NA,21950,NA,NA,NA,NA,50820,NA,NA,NA,NA,11960,NA,NA,NA,NA,18410,NA,NA,NA,NA,17710,NA,NA,NA,NA,20700,NA,NA,NA,NA,15130,NA,NA,NA,NA,0,NA,NA,NA,NA,7770,NA,NA,NA,NA,26090,NA,NA,NA,NA,0,NA,NA,NA,NA,NA,NA,NA,NA,NA,210,NA,NA,NA,NA,18580,NA,NA,NA,NA,10790,NA,NA,NA,NA
M17 [Vaccines],17.12,Rotavirus,2. Stocks Received,169490,NA,NA,NA,NA,5100,NA,NA,NA,NA,0,NA,NA,NA,NA,3000,NA,NA,NA,NA,0,NA,NA,NA,NA,9000,NA,NA,NA,NA,8100,NA,NA,NA,NA,10200,NA,NA,NA,NA,21000,NA,NA,NA,NA,1500,NA,NA,NA,NA,NA,NA,NA,NA,NA,20000,NA,NA,NA,NA,0,NA,NA,NA,NA,5100,NA,NA,NA,NA,0,NA,NA,NA,NA,6000,NA,NA,NA,NA,0,NA,NA,NA,NA,9900,NA,NA,NA,NA,9900,NA,NA,NA,NA,18000,NA,NA,NA,NA,0,NA,NA,NA,NA,8100,NA,NA,NA,NA,12000,NA,NA,NA,NA,NA,NA,NA,NA,NA,NA,NA,NA,NA,NA,2490,NA,NA,NA,NA,10200,NA,NA,NA,NA,9900,NA,NA,NA,NA
M17 [Vaccines],17.12,Rotavirus,3. Unusable Stock,0,NA,NA,NA,NA,0,NA,NA,NA,NA,0,NA,NA,NA,NA,NA,NA,NA,NA,NA,NA,NA,NA,NA,NA,0,NA,NA,NA,NA,NA,NA,NA,NA,NA,0,NA,NA,NA,NA,NA,NA,NA,NA,NA,NA,NA,NA,NA,NA,NA,NA,NA,NA,NA,NA,NA,NA,NA,NA,NA,NA,NA,NA,NA,0,NA,NA,NA,NA,NA,NA,NA,NA,NA,0,NA,NA,NA,NA,NA,NA,NA,NA,NA,NA,NA,NA,NA,NA,0,NA,NA,NA,NA,NA,NA,NA,NA,NA,0,NA,NA,NA,NA,0,NA,NA,NA,NA,NA,NA,NA,NA,NA,NA,NA,NA,NA,NA,NA,NA,NA,NA,NA,NA,NA,NA,NA,NA,NA,NA,NA,NA,NA,NA,NA,NA,NA,NA
M17 [Vaccines],17.12,Rotavirus,4. Stock Distributed,190578,NA,NA,NA,NA,1500,NA,NA,NA,NA,0,NA,NA,NA,NA,3550,NA,NA,NA,NA,11100,NA,NA,NA,NA,8300,NA,NA,NA,NA,6360,NA,NA,NA,NA,3200,NA,NA,NA,NA,17600,NA,NA,NA,NA,98,NA,NA,NA,NA,NA,NA,NA,NA,NA,5970,NA,NA,NA,NA,8320,NA,NA,NA,NA,5750,NA,NA,NA,NA,10140,NA,NA,NA,NA,7410,NA,NA,NA,NA,16590,NA,NA,NA,NA,8550,NA,NA,NA,NA,8700,NA,NA,NA,NA,16530,NA,NA,NA,NA,0,NA,NA,NA,NA,12790,NA,NA,NA,NA,22400,NA,NA,NA,NA,NA,NA,NA,NA,NA,NA,NA,NA,NA,NA,1820,NA,NA,NA,NA,7600,NA,NA,NA,NA,6300,NA,NA,NA,NA
M17 [Vaccines],17.12,Rotavirus,5. Total Stock,318737,NA,NA,NA,NA,6300,NA,NA,NA,NA,0,NA,NA,NA,NA,8850,NA,NA,NA,NA,24900,NA,NA,NA,NA,5250,NA,NA,NA,NA,3720,NA,NA,NA,NA,27520,NA,NA,NA,NA,22000,NA,NA,NA,NA,2357,NA,NA,NA,NA,NA,NA,NA,NA,NA,24000,NA,NA,NA,NA,6710,NA,NA,NA,NA,21300,NA,NA,NA,NA,40680,NA,NA,NA,NA,10550,NA,NA,NA,NA,1820,NA,NA,NA,NA,19060,NA,NA,NA,NA,21900,NA,NA,NA,NA,16600,NA,NA,NA,NA,0,NA,NA,NA,NA,3080,NA,NA,NA,NA,15690,NA,NA,NA,NA,0,NA,NA,NA,NA,NA,NA,NA,NA,NA,880,NA,NA,NA,NA,21180,NA,NA,NA,NA,14390,NA,NA,NA,NA
M17 [Vaccines],17.13,Inactivated Polio Vaccine,1. Balance From Previous Month,94196,NA,NA,NA,NA,200,NA,NA,NA,NA,0,NA,NA,NA,NA,2250,NA,NA,NA,NA,16400,NA,NA,NA,NA,0,NA,NA,NA,NA,1500,NA,NA,NA,NA,900,NA,NA,NA,NA,200,NA,NA,NA,NA,62,NA,NA,NA,NA,NA,NA,NA,NA,NA,4950,NA,NA,NA,NA,0,NA,NA,NA,NA,800,NA,NA,NA,NA,16450,NA,NA,NA,NA,150,NA,NA,NA,NA,3950,NA,NA,NA,NA,7500,NA,NA,NA,NA,16750,NA,NA,NA,NA,10050,NA,NA,NA,NA,0,NA,NA,NA,NA,4880,NA,NA,NA,NA,6250,NA,NA,NA,NA,0,NA,NA,NA,NA,NA,NA,NA,NA,NA,4,NA,NA,NA,NA,0,NA,NA,NA,NA,950,NA,NA,NA,NA
M17 [Vaccines],17.13,Inactivated Polio Vaccine,2. Stocks Received,406350,NA,NA,NA,NA,15000,NA,NA,NA,NA,0,NA,NA,NA,NA,13750,NA,NA,NA,NA,15000,NA,NA,NA,NA,16250,NA,NA,NA,NA,15000,NA,NA,NA,NA,29500,NA,NA,NA,NA,40000,NA,NA,NA,NA,1200,NA,NA,NA,NA,NA,NA,NA,NA,NA,25000,NA,NA,NA,NA,20000,NA,NA,NA,NA,20000,NA,NA,NA,NA,2000,NA,NA,NA,NA,27500,NA,NA,NA,NA,25000,NA,NA,NA,NA,15000,NA,NA,NA,NA,16250,NA,NA,NA,NA,12500,NA,NA,NA,NA,0,NA,NA,NA,NA,7500,NA,NA,NA,NA,32500,NA,NA,NA,NA,NA,NA,NA,NA,NA,NA,NA,NA,NA,NA,1900,NA,NA,NA,NA,25000,NA,NA,NA,NA,30500,NA,NA,NA,NA
M17 [Vaccines],17.13,Inactivated Polio Vaccine,3. Unusable Stock,0,NA,NA,NA,NA,0,NA,NA,NA,NA,0,NA,NA,NA,NA,NA,NA,NA,NA,NA,NA,NA,NA,NA,NA,0,NA,NA,NA,NA,NA,NA,NA,NA,NA,0,NA,NA,NA,NA,NA,NA,NA,NA,NA,NA,NA,NA,NA,NA,NA,NA,NA,NA,NA,NA,NA,NA,NA,NA,NA,NA,NA,NA,NA,0,NA,NA,NA,NA,NA,NA,NA,NA,NA,0,NA,NA,NA,NA,NA,NA,NA,NA,NA,NA,NA,NA,NA,NA,0,NA,NA,NA,NA,NA,NA,NA,NA,NA,0,NA,NA,NA,NA,NA,NA,NA,NA,NA,NA,NA,NA,NA,NA,NA,NA,NA,NA,NA,NA,NA,NA,NA,NA,NA,NA,NA,NA,NA,NA,NA,NA,NA,NA,NA,NA,NA,NA,NA
M17 [Vaccines],17.13,Inactivated Polio Vaccine,4. Stock Distributed,205984,NA,NA,NA,NA,800,NA,NA,NA,NA,0,NA,NA,NA,NA,6050,NA,NA,NA,NA,12600,NA,NA,NA,NA,16000,NA,NA,NA,NA,9700,NA,NA,NA,NA,4850,NA,NA,NA,NA,17100,NA,NA,NA,NA,118,NA,NA,NA,NA,NA,NA,NA,NA,NA,8950,NA,NA,NA,NA,3250,NA,NA,NA,NA,800,NA,NA,NA,NA,5480,NA,NA,NA,NA,15575,NA,NA,NA,NA,17100,NA,NA,NA,NA,7450,NA,NA,NA,NA,12500,NA,NA,NA,NA,14700,NA,NA,NA,NA,0,NA,NA,NA,NA,12380,NA,NA,NA,NA,25400,NA,NA,NA,NA,NA,NA,NA,NA,NA,NA,NA,NA,NA,NA,896,NA,NA,NA,NA,4085,NA,NA,NA,NA,10200,NA,NA,NA,NA
M17 [Vaccines],17.13,Inactivated Polio Vaccine,5. Total Stock,294562,NA,NA,NA,NA,14400,NA,NA,NA,NA,0,NA,NA,NA,NA,9950,NA,NA,NA,NA,18800,NA,NA,NA,NA,250,NA,NA,NA,NA,6800,NA,NA,NA,NA,25550,NA,NA,NA,NA,23100,NA,NA,NA,NA,1144,NA,NA,NA,NA,NA,NA,NA,NA,NA,21000,NA,NA,NA,NA,16750,NA,NA,NA,NA,20000,NA,NA,NA,NA,12970,NA,NA,NA,NA,12075,NA,NA,NA,NA,11850,NA,NA,NA,NA,15050,NA,NA,NA,NA,20500,NA,NA,NA,NA,7850,NA,NA,NA,NA,0,NA,NA,NA,NA,0,NA,NA,NA,NA,13350,NA,NA,NA,NA,0,NA,NA,NA,NA,NA,NA,NA,NA,NA,1008,NA,NA,NA,NA,20915,NA,NA,NA,NA,21250,NA,NA,NA,NA
M17 [Vaccines],17.14,Measles Rubella (MR),1. Balance From Previous Month,11300,NA,NA,NA,NA,0,NA,NA,NA,NA,0,NA,NA,NA,NA,0,NA,NA,NA,NA,0,NA,NA,NA,NA,0,NA,NA,NA,NA,0,NA,NA,NA,NA,NA,NA,NA,NA,NA,NA,NA,NA,NA,NA,NA,NA,NA,NA,NA,NA,NA,NA,NA,NA,NA,NA,NA,NA,NA,0,NA,NA,NA,NA,0,NA,NA,NA,NA,NA,NA,NA,NA,NA,8200,NA,NA,NA,NA,NA,NA,NA,NA,NA,NA,NA,NA,NA,NA,0,NA,NA,NA,NA,NA,NA,NA,NA,NA,0,NA,NA,NA,NA,0,NA,NA,NA,NA,NA,NA,NA,NA,NA,3100,NA,NA,NA,NA,NA,NA,NA,NA,NA,NA,NA,NA,NA,NA,NA,NA,NA,NA,NA,NA,NA,NA,NA,NA
M17 [Vaccines],17.14,Measles Rubella (MR),2. Stocks Received,0,NA,NA,NA,NA,0,NA,NA,NA,NA,0,NA,NA,NA,NA,NA,NA,NA,NA,NA,0,NA,NA,NA,NA,0,NA,NA,NA,NA,NA,NA,NA,NA,NA,NA,NA,NA,NA,NA,NA,NA,NA,NA,NA,NA,NA,NA,NA,NA,NA,NA,NA,NA,NA,NA,NA,NA,NA,NA,0,NA,NA,NA,NA,0,NA,NA,NA,NA,NA,NA,NA,NA,NA,0,NA,NA,NA,NA,NA,NA,NA,NA,NA,NA,NA,NA,NA,NA,0,NA,NA,NA,NA,NA,NA,NA,NA,NA,0,NA,NA,NA,NA,NA,NA,NA,NA,NA,NA,NA,NA,NA,NA,NA,NA,NA,NA,NA,NA,NA,NA,NA,NA,NA,NA,NA,NA,NA,NA,NA,NA,NA,NA,NA,NA,NA,NA,NA
M17 [Vaccines],17.14,Measles Rubella (MR),3. Unusable Stock,0,NA,NA,NA,NA,0,NA,NA,NA,NA,0,NA,NA,NA,NA,NA,NA,NA,NA,NA,NA,NA,NA,NA,NA,0,NA,NA,NA,NA,NA,NA,NA,NA,NA,NA,NA,NA,NA,NA,NA,NA,NA,NA,NA,NA,NA,NA,NA,NA,NA,NA,NA,NA,NA,NA,NA,NA,NA,NA,NA,NA,NA,NA,NA,0,NA,NA,NA,NA,NA,NA,NA,NA,NA,0,NA,NA,NA,NA,NA,NA,NA,NA,NA,NA,NA,NA,NA,NA,0,NA,NA,NA,NA,NA,NA,NA,NA,NA,0,NA,NA,NA,NA,NA,NA,NA,NA,NA,NA,NA,NA,NA,NA,NA,NA,NA,NA,NA,NA,NA,NA,NA,NA,NA,NA,NA,NA,NA,NA,NA,NA,NA,NA,NA,NA,NA,NA,NA
M17 [Vaccines],17.14,Measles Rubella (MR),4. Stock Distributed,3700,NA,NA,NA,NA,0,NA,NA,NA,NA,0,NA,NA,NA,NA,NA,NA,NA,NA,NA,0,NA,NA,NA,NA,0,NA,NA,NA,NA,NA,NA,NA,NA,NA,NA,NA,NA,NA,NA,NA,NA,NA,NA,NA,NA,NA,NA,NA,NA,NA,NA,NA,NA,NA,NA,NA,NA,NA,NA,0,NA,NA,NA,NA,0,NA,NA,NA,NA,NA,NA,NA,NA,NA,3700,NA,NA,NA,NA,NA,NA,NA,NA,NA,NA,NA,NA,NA,NA,0,NA,NA,NA,NA,NA,NA,NA,NA,NA,0,NA,NA,NA,NA,NA,NA,NA,NA,NA,NA,NA,NA,NA,NA,NA,NA,NA,NA,NA,NA,NA,NA,NA,NA,NA,NA,NA,NA,NA,NA,NA,NA,NA,NA,NA,NA,NA,NA,NA
M17 [Vaccines],17.14,Measles Rubella (MR),5. Total Stock,7600,NA,NA,NA,NA,0,NA,NA,NA,NA,0,NA,NA,NA,NA,0,NA,NA,NA,NA,0,NA,NA,NA,NA,0,NA,NA,NA,NA,0,NA,NA,NA,NA,NA,NA,NA,NA,NA,NA,NA,NA,NA,NA,NA,NA,NA,NA,NA,NA,NA,NA,NA,NA,NA,NA,NA,NA,NA,0,NA,NA,NA,NA,0,NA,NA,NA,NA,NA,NA,NA,NA,NA,4500,NA,NA,NA,NA,NA,NA,NA,NA,NA,NA,NA,NA,NA,NA,0,NA,NA,NA,NA,NA,NA,NA,NA,NA,0,NA,NA,NA,NA,0,NA,NA,NA,NA,NA,NA,NA,NA,NA,3100,NA,NA,NA,NA,NA,NA,NA,NA,NA,NA,NA,NA,NA,NA,NA,NA,NA,NA,NA,NA,NA,NA,NA,NA
M18 [Family Planning],18.1,IUD 380 A,1. Balance From Previous Month,3797,NA,NA,NA,NA,0,NA,NA,NA,NA,100,NA,NA,NA,NA,50,NA,NA,NA,NA,0,NA,NA,NA,NA,0,NA,NA,NA,NA,350,NA,NA,NA,NA,150,NA,NA,NA,NA,NA,NA,NA,NA,NA,150,NA,NA,NA,NA,NA,NA,NA,NA,NA,0,NA,NA,NA,NA,0,NA,NA,NA,NA,650,NA,NA,NA,NA,NA,NA,NA,NA,NA,NA,NA,NA,NA,NA,NA,NA,NA,NA,NA,521,NA,NA,NA,NA,400,NA,NA,NA,NA,485,NA,NA,NA,NA,0,NA,NA,NA,NA,650,NA,NA,NA,NA,NA,NA,NA,NA,NA,291,NA,NA,NA,NA,NA,NA,NA,NA,NA,0,NA,NA,NA,NA,0,NA,NA,NA,NA,0,NA,NA,NA,NA
M18 [Family Planning],18.1,IUD 380 A,2. Stocks Received,0,NA,NA,NA,NA,0,NA,NA,NA,NA,0,NA,NA,NA,NA,NA,NA,NA,NA,NA,0,NA,NA,NA,NA,0,NA,NA,NA,NA,0,NA,NA,NA,NA,0,NA,NA,NA,NA,NA,NA,NA,NA,NA,NA,NA,NA,NA,NA,NA,NA,NA,NA,NA,0,NA,NA,NA,NA,0,NA,NA,NA,NA,0,NA,NA,NA,NA,NA,NA,NA,NA,NA,NA,NA,NA,NA,NA,NA,NA,NA,NA,NA,0,NA,NA,NA,NA,0,NA,NA,NA,NA,NA,NA,NA,NA,NA,0,NA,NA,NA,NA,0,NA,NA,NA,NA,NA,NA,NA,NA,NA,0,NA,NA,NA,NA,NA,NA,NA,NA,NA,0,NA,NA,NA,NA,0,NA,NA,NA,NA,0,NA,NA,NA,NA
M18 [Family Planning],18.1,IUD 380 A,3. Unusable Stock,0,NA,NA,NA,NA,0,NA,NA,NA,NA,0,NA,NA,NA,NA,NA,NA,NA,NA,NA,0,NA,NA,NA,NA,0,NA,NA,NA,NA,0,NA,NA,NA,NA,0,NA,NA,NA,NA,NA,NA,NA,NA,NA,NA,NA,NA,NA,NA,NA,NA,NA,NA,NA,0,NA,NA,NA,NA,NA,NA,NA,NA,NA,0,NA,NA,NA,NA,NA,NA,NA,NA,NA,NA,NA,NA,NA,NA,NA,NA,NA,NA,NA,NA,NA,NA,NA,NA,0,NA,NA,NA,NA,NA,NA,NA,NA,NA,0,NA,NA,NA,NA,0,NA,NA,NA,NA,NA,NA,NA,NA,NA,NA,NA,NA,NA,NA,NA,NA,NA,NA,NA,0,NA,NA,NA,NA,NA,NA,NA,NA,NA,NA,NA,NA,NA,NA
M18 [Family Planning],18.1,IUD 380 A,4. Stock Distributed,865,NA,NA,NA,NA,0,NA,NA,NA,NA,0,NA,NA,NA,NA,15,NA,NA,NA,NA,0,NA,NA,NA,NA,0,NA,NA,NA,NA,0,NA,NA,NA,NA,50,NA,NA,NA,NA,NA,NA,NA,NA,NA,NA,NA,NA,NA,NA,NA,NA,NA,NA,NA,0,NA,NA,NA,NA,0,NA,NA,NA,NA,450,NA,NA,NA,NA,NA,NA,NA,NA,NA,NA,NA,NA,NA,NA,NA,NA,NA,NA,NA,0,NA,NA,NA,NA,0,NA,NA,NA,NA,250,NA,NA,NA,NA,0,NA,NA,NA,NA,0,NA,NA,NA,NA,NA,NA,NA,NA,NA,100,NA,NA,NA,NA,NA,NA,NA,NA,NA,0,NA,NA,NA,NA,0,NA,NA,NA,NA,0,NA,NA,NA,NA
M18 [Family Planning],18.1,IUD 380 A,5. Total Stock,2932,NA,NA,NA,NA,0,NA,NA,NA,NA,100,NA,NA,NA,NA,35,NA,NA,NA,NA,0,NA,NA,NA,NA,0,NA,NA,NA,NA,350,NA,NA,NA,NA,100,NA,NA,NA,NA,0,NA,NA,NA,NA,150,NA,NA,NA,NA,NA,NA,NA,NA,NA,0,NA,NA,NA,NA,0,NA,NA,NA,NA,200,NA,NA,NA,NA,0,NA,NA,NA,NA,0,NA,NA,NA,NA,0,NA,NA,NA,NA,521,NA,NA,NA,NA,400,NA,NA,NA,NA,235,NA,NA,NA,NA,0,NA,NA,NA,NA,650,NA,NA,NA,NA,0,NA,NA,NA,NA,191,NA,NA,NA,NA,0,NA,NA,NA,NA,0,NA,NA,NA,NA,0,NA,NA,NA,NA,0,NA,NA,NA,NA
M18 [Family Planning],18.2,IUD 375 A,1. Balance From Previous Month,16783,NA,NA,NA,NA,0,NA,NA,NA,NA,120,NA,NA,NA,NA,2550,NA,NA,NA,NA,950,NA,NA,NA,NA,0,NA,NA,NA,NA,450,NA,NA,NA,NA,100,NA,NA,NA,NA,NA,NA,NA,NA,NA,1450,NA,NA,NA,NA,NA,NA,NA,NA,NA,850,NA,NA,NA,NA,2680,NA,NA,NA,NA,0,NA,NA,NA,NA,NA,NA,NA,NA,NA,NA,NA,NA,NA,NA,NA,NA,NA,NA,NA,1550,NA,NA,NA,NA,900,NA,NA,NA,NA,3258,NA,NA,NA,NA,0,NA,NA,NA,NA,400,NA,NA,NA,NA,NA,NA,NA,NA,NA,0,NA,NA,NA,NA,NA,NA,NA,NA,NA,100,NA,NA,NA,NA,1025,NA,NA,NA,NA,400,NA,NA,NA,NA
M18 [Family Planning],18.2,IUD 375 A,2. Stocks Received,0,NA,NA,NA,NA,0,NA,NA,NA,NA,0,NA,NA,NA,NA,NA,NA,NA,NA,NA,0,NA,NA,NA,NA,0,NA,NA,NA,NA,0,NA,NA,NA,NA,0,NA,NA,NA,NA,NA,NA,NA,NA,NA,NA,NA,NA,NA,NA,NA,NA,NA,NA,NA,0,NA,NA,NA,NA,0,NA,NA,NA,NA,0,NA,NA,NA,NA,NA,NA,NA,NA,NA,NA,NA,NA,NA,NA,NA,NA,NA,NA,NA,0,NA,NA,NA,NA,0,NA,NA,NA,NA,NA,NA,NA,NA,NA,0,NA,NA,NA,NA,0,NA,NA,NA,NA,NA,NA,NA,NA,NA,0,NA,NA,NA,NA,NA,NA,NA,NA,NA,0,NA,NA,NA,NA,0,NA,NA,NA,NA,0,NA,NA,NA,NA
M18 [Family Planning],18.2,IUD 375 A,3. Unusable Stock,0,NA,NA,NA,NA,0,NA,NA,NA,NA,0,NA,NA,NA,NA,NA,NA,NA,NA,NA,0,NA,NA,NA,NA,0,NA,NA,NA,NA,0,NA,NA,NA,NA,0,NA,NA,NA,NA,NA,NA,NA,NA,NA,NA,NA,NA,NA,NA,NA,NA,NA,NA,NA,0,NA,NA,NA,NA,NA,NA,NA,NA,NA,0,NA,NA,NA,NA,NA,NA,NA,NA,NA,NA,NA,NA,NA,NA,NA,NA,NA,NA,NA,NA,NA,NA,NA,NA,0,NA,NA,NA,NA,NA,NA,NA,NA,NA,0,NA,NA,NA,NA,0,NA,NA,NA,NA,NA,NA,NA,NA,NA,NA,NA,NA,NA,NA,NA,NA,NA,NA,NA,NA,NA,NA,NA,NA,NA,NA,NA,NA,NA,NA,NA,NA,NA,NA
M18 [Family Planning],18.2,IUD 375 A,4. Stock Distributed,5617,NA,NA,NA,NA,0,NA,NA,NA,NA,0,NA,NA,NA,NA,1800,NA,NA,NA,NA,950,NA,NA,NA,NA,0,NA,NA,NA,NA,0,NA,NA,NA,NA,100,NA,NA,NA,NA,NA,NA,NA,NA,NA,1250,NA,NA,NA,NA,NA,NA,NA,NA,NA,220,NA,NA,NA,NA,400,NA,NA,NA,NA,0,NA,NA,NA,NA,NA,NA,NA,NA,NA,NA,NA,NA,NA,NA,NA,NA,NA,NA,NA,200,NA,NA,NA,NA,150,NA,NA,NA,NA,132,NA,NA,NA,NA,0,NA,NA,NA,NA,0,NA,NA,NA,NA,NA,NA,NA,NA,NA,0,NA,NA,NA,NA,NA,NA,NA,NA,NA,0,NA,NA,NA,NA,415,NA,NA,NA,NA,0,NA,NA,NA,NA
M18 [Family Planning],18.2,IUD 375 A,5. Total Stock,11166,NA,NA,NA,NA,0,NA,NA,NA,NA,120,NA,NA,NA,NA,750,NA,NA,NA,NA,0,NA,NA,NA,NA,0,NA,NA,NA,NA,450,NA,NA,NA,NA,0,NA,NA,NA,NA,0,NA,NA,NA,NA,200,NA,NA,NA,NA,NA,NA,NA,NA,NA,630,NA,NA,NA,NA,2280,NA,NA,NA,NA,0,NA,NA,NA,NA,0,NA,NA,NA,NA,0,NA,NA,NA,NA,0,NA,NA,NA,NA,1350,NA,NA,NA,NA,750,NA,NA,NA,NA,3126,NA,NA,NA,NA,0,NA,NA,NA,NA,400,NA,NA,NA,NA,0,NA,NA,NA,NA,0,NA,NA,NA,NA,0,NA,NA,NA,NA,100,NA,NA,NA,NA,610,NA,NA,NA,NA,400,NA,NA,NA,NA
M18 [Family Planning],18.3,Condoms,1. Balance From Previous Month,692297,NA,NA,NA,NA,0,NA,NA,NA,NA,3000,NA,NA,NA,NA,101240,NA,NA,NA,NA,0,NA,NA,NA,NA,0,NA,NA,NA,NA,8100,NA,NA,NA,NA,39700,NA,NA,NA,NA,NA,NA,NA,NA,NA,102060,NA,NA,NA,NA,NA,NA,NA,NA,NA,70310,NA,NA,NA,NA,108956,NA,NA,NA,NA,24840,NA,NA,NA,NA,NA,NA,NA,NA,NA,NA,NA,NA,NA,NA,NA,NA,NA,NA,NA,31850,NA,NA,NA,NA,29600,NA,NA,NA,NA,38516,NA,NA,NA,NA,0,NA,NA,NA,NA,15570,NA,NA,NA,NA,NA,NA,NA,NA,NA,22650,NA,NA,NA,NA,NA,NA,NA,NA,NA,45360,NA,NA,NA,NA,38395,NA,NA,NA,NA,12150,NA,NA,NA,NA
M18 [Family Planning],18.3,Condoms,2. Stocks Received,63200,NA,NA,NA,NA,0,NA,NA,NA,NA,20000,NA,NA,NA,NA,NA,NA,NA,NA,NA,43200,NA,NA,NA,NA,0,NA,NA,NA,NA,0,NA,NA,NA,NA,0,NA,NA,NA,NA,NA,NA,NA,NA,NA,NA,NA,NA,NA,NA,NA,NA,NA,NA,NA,0,NA,NA,NA,NA,0,NA,NA,NA,NA,0,NA,NA,NA,NA,NA,NA,NA,NA,NA,NA,NA,NA,NA,NA,NA,NA,NA,NA,NA,0,NA,NA,NA,NA,0,NA,NA,NA,NA,NA,NA,NA,NA,NA,0,NA,NA,NA,NA,0,NA,NA,NA,NA,NA,NA,NA,NA,NA,0,NA,NA,NA,NA,NA,NA,NA,NA,NA,0,NA,NA,NA,NA,0,NA,NA,NA,NA,0,NA,NA,NA,NA
M18 [Family Planning],18.3,Condoms,3. Unusable Stock,0,NA,NA,NA,NA,0,NA,NA,NA,NA,0,NA,NA,NA,NA,NA,NA,NA,NA,NA,0,NA,NA,NA,NA,0,NA,NA,NA,NA,0,NA,NA,NA,NA,0,NA,NA,NA,NA,NA,NA,NA,NA,NA,NA,NA,NA,NA,NA,NA,NA,NA,NA,NA,0,NA,NA,NA,NA,NA,NA,NA,NA,NA,0,NA,NA,NA,NA,NA,NA,NA,NA,NA,NA,NA,NA,NA,NA,NA,NA,NA,NA,NA,NA,NA,NA,NA,NA,0,NA,NA,NA,NA,NA,NA,NA,NA,NA,0,NA,NA,NA,NA,0,NA,NA,NA,NA,NA,NA,NA,NA,NA,NA,NA,NA,NA,NA,NA,NA,NA,NA,NA,NA,NA,NA,NA,NA,NA,NA,NA,NA,NA,NA,NA,NA,NA,NA
M18 [Family Planning],18.3,Condoms,4. Stock Distributed,356374,NA,NA,NA,NA,0,NA,NA,NA,NA,15000,NA,NA,NA,NA,77760,NA,NA,NA,NA,43200,NA,NA,NA,NA,0,NA,NA,NA,NA,0,NA,NA,NA,NA,0,NA,NA,NA,NA,NA,NA,NA,NA,NA,91620,NA,NA,NA,NA,NA,NA,NA,NA,NA,13630,NA,NA,NA,NA,21590,NA,NA,NA,NA,9450,NA,NA,NA,NA,NA,NA,NA,NA,NA,NA,NA,NA,NA,NA,NA,NA,NA,NA,NA,990,NA,NA,NA,NA,8100,NA,NA,NA,NA,11594,NA,NA,NA,NA,0,NA,NA,NA,NA,0,NA,NA,NA,NA,NA,NA,NA,NA,NA,8100,NA,NA,NA,NA,NA,NA,NA,NA,NA,20240,NA,NA,NA,NA,35100,NA,NA,NA,NA,0,NA,NA,NA,NA
M18 [Family Planning],18.3,Condoms,5. Total Stock,399123,NA,NA,NA,NA,0,NA,NA,NA,NA,8000,NA,NA,NA,NA,23480,NA,NA,NA,NA,0,NA,NA,NA,NA,0,NA,NA,NA,NA,8100,NA,NA,NA,NA,39700,NA,NA,NA,NA,0,NA,NA,NA,NA,10440,NA,NA,NA,NA,NA,NA,NA,NA,NA,56680,NA,NA,NA,NA,87366,NA,NA,NA,NA,15390,NA,NA,NA,NA,0,NA,NA,NA,NA,0,NA,NA,NA,NA,0,NA,NA,NA,NA,30860,NA,NA,NA,NA,21500,NA,NA,NA,NA,26922,NA,NA,NA,NA,0,NA,NA,NA,NA,15570,NA,NA,NA,NA,0,NA,NA,NA,NA,14550,NA,NA,NA,NA,0,NA,NA,NA,NA,25120,NA,NA,NA,NA,3295,NA,NA,NA,NA,12150,NA,NA,NA,NA
M18 [Family Planning],18.4,Oral Contraceptive,1. Balance From Previous Month,98198,NA,NA,NA,NA,0,NA,NA,NA,NA,1000,NA,NA,NA,NA,900,NA,NA,NA,NA,0,NA,NA,NA,NA,0,NA,NA,NA,NA,4800,NA,NA,NA,NA,3400,NA,NA,NA,NA,NA,NA,NA,NA,NA,9000,NA,NA,NA,NA,NA,NA,NA,NA,NA,4300,NA,NA,NA,NA,5000,NA,NA,NA,NA,6800,NA,NA,NA,NA,NA,NA,NA,NA,NA,NA,NA,NA,NA,NA,NA,NA,NA,NA,NA,3300,NA,NA,NA,NA,0,NA,NA,NA,NA,30498,NA,NA,NA,NA,0,NA,NA,NA,NA,200,NA,NA,NA,NA,NA,NA,NA,NA,NA,600,NA,NA,NA,NA,NA,NA,NA,NA,NA,21000,NA,NA,NA,NA,4400,NA,NA,NA,NA,3000,NA,NA,NA,NA
M18 [Family Planning],18.4,Oral Contraceptive,2. Stocks Received,12400,NA,NA,NA,NA,0,NA,NA,NA,NA,0,NA,NA,NA,NA,NA,NA,NA,NA,NA,12400,NA,NA,NA,NA,0,NA,NA,NA,NA,0,NA,NA,NA,NA,0,NA,NA,NA,NA,NA,NA,NA,NA,NA,NA,NA,NA,NA,NA,NA,NA,NA,NA,NA,0,NA,NA,NA,NA,0,NA,NA,NA,NA,0,NA,NA,NA,NA,NA,NA,NA,NA,NA,NA,NA,NA,NA,NA,NA,NA,NA,NA,NA,0,NA,NA,NA,NA,0,NA,NA,NA,NA,NA,NA,NA,NA,NA,0,NA,NA,NA,NA,0,NA,NA,NA,NA,NA,NA,NA,NA,NA,0,NA,NA,NA,NA,NA,NA,NA,NA,NA,0,NA,NA,NA,NA,0,NA,NA,NA,NA,0,NA,NA,NA,NA
M18 [Family Planning],18.4,Oral Contraceptive,3. Unusable Stock,0,NA,NA,NA,NA,0,NA,NA,NA,NA,0,NA,NA,NA,NA,NA,NA,NA,NA,NA,0,NA,NA,NA,NA,0,NA,NA,NA,NA,0,NA,NA,NA,NA,0,NA,NA,NA,NA,NA,NA,NA,NA,NA,NA,NA,NA,NA,NA,NA,NA,NA,NA,NA,0,NA,NA,NA,NA,NA,NA,NA,NA,NA,0,NA,NA,NA,NA,NA,NA,NA,NA,NA,NA,NA,NA,NA,NA,NA,NA,NA,NA,NA,NA,NA,NA,NA,NA,0,NA,NA,NA,NA,NA,NA,NA,NA,NA,0,NA,NA,NA,NA,0,NA,NA,NA,NA,NA,NA,NA,NA,NA,NA,NA,NA,NA,NA,NA,NA,NA,NA,NA,NA,NA,NA,NA,NA,NA,NA,NA,NA,NA,NA,NA,NA,NA,NA
M18 [Family Planning],18.4,Oral Contraceptive,4. Stock Distributed,47990,NA,NA,NA,NA,0,NA,NA,NA,NA,0,NA,NA,NA,NA,0,NA,NA,NA,NA,12400,NA,NA,NA,NA,0,NA,NA,NA,NA,0,NA,NA,NA,NA,600,NA,NA,NA,NA,NA,NA,NA,NA,NA,7800,NA,NA,NA,NA,NA,NA,NA,NA,NA,4100,NA,NA,NA,NA,900,NA,NA,NA,NA,4800,NA,NA,NA,NA,NA,NA,NA,NA,NA,NA,NA,NA,NA,NA,NA,NA,NA,NA,NA,400,NA,NA,NA,NA,0,NA,NA,NA,NA,9590,NA,NA,NA,NA,0,NA,NA,NA,NA,0,NA,NA,NA,NA,NA,NA,NA,NA,NA,300,NA,NA,NA,NA,NA,NA,NA,NA,NA,3400,NA,NA,NA,NA,3700,NA,NA,NA,NA,0,NA,NA,NA,NA
M18 [Family Planning],18.4,Oral Contraceptive,5. Total Stock,62608,NA,NA,NA,NA,0,NA,NA,NA,NA,1000,NA,NA,NA,NA,900,NA,NA,NA,NA,0,NA,NA,NA,NA,0,NA,NA,NA,NA,4800,NA,NA,NA,NA,2800,NA,NA,NA,NA,0,NA,NA,NA,NA,1200,NA,NA,NA,NA,NA,NA,NA,NA,NA,200,NA,NA,NA,NA,4100,NA,NA,NA,NA,2000,NA,NA,NA,NA,0,NA,NA,NA,NA,0,NA,NA,NA,NA,0,NA,NA,NA,NA,2900,NA,NA,NA,NA,0,NA,NA,NA,NA,20908,NA,NA,NA,NA,0,NA,NA,NA,NA,200,NA,NA,NA,NA,0,NA,NA,NA,NA,300,NA,NA,NA,NA,0,NA,NA,NA,NA,17600,NA,NA,NA,NA,700,NA,NA,NA,NA,3000,NA,NA,NA,NA
M18 [Family Planning],18.5,Emergency Contraceptive Pills,1. Balance From Previous Month,44714,NA,NA,NA,NA,0,NA,NA,NA,NA,50,NA,NA,NA,NA,2750,NA,NA,NA,NA,0,NA,NA,NA,NA,0,NA,NA,NA,NA,2400,NA,NA,NA,NA,3900,NA,NA,NA,NA,NA,NA,NA,NA,NA,3000,NA,NA,NA,NA,NA,NA,NA,NA,NA,1450,NA,NA,NA,NA,5400,NA,NA,NA,NA,3900,NA,NA,NA,NA,NA,NA,NA,NA,NA,NA,NA,NA,NA,NA,NA,NA,NA,NA,NA,3500,NA,NA,NA,NA,0,NA,NA,NA,NA,11164,NA,NA,NA,NA,0,NA,NA,NA,NA,0,NA,NA,NA,NA,NA,NA,NA,NA,NA,100,NA,NA,NA,NA,NA,NA,NA,NA,NA,3300,NA,NA,NA,NA,2700,NA,NA,NA,NA,1100,NA,NA,NA,NA
M18 [Family Planning],18.5,Emergency Contraceptive Pills,2. Stocks Received,2400,NA,NA,NA,NA,0,NA,NA,NA,NA,0,NA,NA,NA,NA,NA,NA,NA,NA,NA,2400,NA,NA,NA,NA,0,NA,NA,NA,NA,0,NA,NA,NA,NA,0,NA,NA,NA,NA,NA,NA,NA,NA,NA,NA,NA,NA,NA,NA,NA,NA,NA,NA,NA,0,NA,NA,NA,NA,0,NA,NA,NA,NA,0,NA,NA,NA,NA,NA,NA,NA,NA,NA,NA,NA,NA,NA,NA,NA,NA,NA,NA,NA,0,NA,NA,NA,NA,0,NA,NA,NA,NA,NA,NA,NA,NA,NA,0,NA,NA,NA,NA,0,NA,NA,NA,NA,NA,NA,NA,NA,NA,0,NA,NA,NA,NA,NA,NA,NA,NA,NA,0,NA,NA,NA,NA,0,NA,NA,NA,NA,0,NA,NA,NA,NA
M18 [Family Planning],18.5,Emergency Contraceptive Pills,3. Unusable Stock,0,NA,NA,NA,NA,0,NA,NA,NA,NA,0,NA,NA,NA,NA,NA,NA,NA,NA,NA,0,NA,NA,NA,NA,0,NA,NA,NA,NA,0,NA,NA,NA,NA,0,NA,NA,NA,NA,NA,NA,NA,NA,NA,NA,NA,NA,NA,NA,NA,NA,NA,NA,NA,0,NA,NA,NA,NA,NA,NA,NA,NA,NA,0,NA,NA,NA,NA,NA,NA,NA,NA,NA,NA,NA,NA,NA,NA,NA,NA,NA,NA,NA,NA,NA,NA,NA,NA,0,NA,NA,NA,NA,NA,NA,NA,NA,NA,0,NA,NA,NA,NA,0,NA,NA,NA,NA,NA,NA,NA,NA,NA,NA,NA,NA,NA,NA,NA,NA,NA,NA,NA,0,NA,NA,NA,NA,NA,NA,NA,NA,NA,NA,NA,NA,NA,NA
M18 [Family Planning],18.5,Emergency Contraceptive Pills,4. Stock Distributed,16720,NA,NA,NA,NA,0,NA,NA,NA,NA,0,NA,NA,NA,NA,1800,NA,NA,NA,NA,2400,NA,NA,NA,NA,0,NA,NA,NA,NA,0,NA,NA,NA,NA,600,NA,NA,NA,NA,NA,NA,NA,NA,NA,2400,NA,NA,NA,NA,NA,NA,NA,NA,NA,1370,NA,NA,NA,NA,1200,NA,NA,NA,NA,3900,NA,NA,NA,NA,NA,NA,NA,NA,NA,NA,NA,NA,NA,NA,NA,NA,NA,NA,NA,0,NA,NA,NA,NA,0,NA,NA,NA,NA,350,NA,NA,NA,NA,0,NA,NA,NA,NA,0,NA,NA,NA,NA,NA,NA,NA,NA,NA,0,NA,NA,NA,NA,NA,NA,NA,NA,NA,0,NA,NA,NA,NA,2700,NA,NA,NA,NA,0,NA,NA,NA,NA
M18 [Family Planning],18.5,Emergency Contraceptive Pills,5. Total Stock,30394,NA,NA,NA,NA,0,NA,NA,NA,NA,50,NA,NA,NA,NA,950,NA,NA,NA,NA,0,NA,NA,NA,NA,0,NA,NA,NA,NA,2400,NA,NA,NA,NA,3300,NA,NA,NA,NA,0,NA,NA,NA,NA,600,NA,NA,NA,NA,NA,NA,NA,NA,NA,80,NA,NA,NA,NA,4200,NA,NA,NA,NA,0,NA,NA,NA,NA,0,NA,NA,NA,NA,0,NA,NA,NA,NA,0,NA,NA,NA,NA,3500,NA,NA,NA,NA,0,NA,NA,NA,NA,10814,NA,NA,NA,NA,0,NA,NA,NA,NA,0,NA,NA,NA,NA,0,NA,NA,NA,NA,100,NA,NA,NA,NA,0,NA,NA,NA,NA,3300,NA,NA,NA,NA,0,NA,NA,NA,NA,1100,NA,NA,NA,NA
M18 [Family Planning],18.6,Centchroman weekly pills,1. Balance From Previous Month,113610,NA,NA,NA,NA,0,NA,NA,NA,NA,0,NA,NA,NA,NA,20400,NA,NA,NA,NA,0,NA,NA,NA,NA,0,NA,NA,NA,NA,9600,NA,NA,NA,NA,4200,NA,NA,NA,NA,NA,NA,NA,NA,NA,24000,NA,NA,NA,NA,NA,NA,NA,NA,NA,5400,NA,NA,NA,NA,6400,NA,NA,NA,NA,0,NA,NA,NA,NA,NA,NA,NA,NA,NA,NA,NA,NA,NA,NA,NA,NA,NA,NA,NA,NA,NA,NA,NA,NA,0,NA,NA,NA,NA,NA,NA,NA,NA,NA,0,NA,NA,NA,NA,0,NA,NA,NA,NA,NA,NA,NA,NA,NA,0,NA,NA,NA,NA,NA,NA,NA,NA,NA,19200,NA,NA,NA,NA,24010,NA,NA,NA,NA,400,NA,NA,NA,NA
M18 [Family Planning],18.6,Centchroman weekly pills,2. Stocks Received,5412,NA,NA,NA,NA,0,NA,NA,NA,NA,0,NA,NA,NA,NA,NA,NA,NA,NA,NA,5412,NA,NA,NA,NA,0,NA,NA,NA,NA,0,NA,NA,NA,NA,0,NA,NA,NA,NA,NA,NA,NA,NA,NA,NA,NA,NA,NA,NA,NA,NA,NA,NA,NA,0,NA,NA,NA,NA,0,NA,NA,NA,NA,0,NA,NA,NA,NA,NA,NA,NA,NA,NA,NA,NA,NA,NA,NA,NA,NA,NA,NA,NA,NA,NA,NA,NA,NA,0,NA,NA,NA,NA,NA,NA,NA,NA,NA,0,NA,NA,NA,NA,0,NA,NA,NA,NA,NA,NA,NA,NA,NA,0,NA,NA,NA,NA,NA,NA,NA,NA,NA,0,NA,NA,NA,NA,0,NA,NA,NA,NA,0,NA,NA,NA,NA
M18 [Family Planning],18.6,Centchroman weekly pills,3. Unusable Stock,0,NA,NA,NA,NA,0,NA,NA,NA,NA,0,NA,NA,NA,NA,NA,NA,NA,NA,NA,0,NA,NA,NA,NA,0,NA,NA,NA,NA,0,NA,NA,NA,NA,0,NA,NA,NA,NA,NA,NA,NA,NA,NA,NA,NA,NA,NA,NA,NA,NA,NA,NA,NA,0,NA,NA,NA,NA,NA,NA,NA,NA,NA,0,NA,NA,NA,NA,NA,NA,NA,NA,NA,NA,NA,NA,NA,NA,NA,NA,NA,NA,NA,NA,NA,NA,NA,NA,0,NA,NA,NA,NA,NA,NA,NA,NA,NA,0,NA,NA,NA,NA,0,NA,NA,NA,NA,NA,NA,NA,NA,NA,NA,NA,NA,NA,NA,NA,NA,NA,NA,NA,NA,NA,NA,NA,NA,NA,NA,NA,NA,NA,NA,NA,NA,NA,NA
M18 [Family Planning],18.6,Centchroman weekly pills,4. Stock Distributed,76912,NA,NA,NA,NA,0,NA,NA,NA,NA,0,NA,NA,NA,NA,0,NA,NA,NA,NA,5412,NA,NA,NA,NA,0,NA,NA,NA,NA,0,NA,NA,NA,NA,1200,NA,NA,NA,NA,NA,NA,NA,NA,NA,16800,NA,NA,NA,NA,NA,NA,NA,NA,NA,5200,NA,NA,NA,NA,5600,NA,NA,NA,NA,0,NA,NA,NA,NA,NA,NA,NA,NA,NA,NA,NA,NA,NA,NA,NA,NA,NA,NA,NA,NA,NA,NA,NA,NA,0,NA,NA,NA,NA,NA,NA,NA,NA,NA,0,NA,NA,NA,NA,0,NA,NA,NA,NA,NA,NA,NA,NA,NA,0,NA,NA,NA,NA,NA,NA,NA,NA,NA,19200,NA,NA,NA,NA,23500,NA,NA,NA,NA,0,NA,NA,NA,NA
M18 [Family Planning],18.6,Centchroman weekly pills,5. Total Stock,42110,NA,NA,NA,NA,0,NA,NA,NA,NA,0,NA,NA,NA,NA,20400,NA,NA,NA,NA,0,NA,NA,NA,NA,0,NA,NA,NA,NA,9600,NA,NA,NA,NA,3000,NA,NA,NA,NA,NA,NA,NA,NA,NA,7200,NA,NA,NA,NA,NA,NA,NA,NA,NA,200,NA,NA,NA,NA,800,NA,NA,NA,NA,0,NA,NA,NA,NA,NA,NA,NA,NA,NA,NA,NA,NA,NA,NA,NA,NA,NA,NA,NA,NA,NA,NA,NA,NA,0,NA,NA,NA,NA,NA,NA,NA,NA,NA,0,NA,NA,NA,NA,0,NA,NA,NA,NA,NA,NA,NA,NA,NA,0,NA,NA,NA,NA,NA,NA,NA,NA,NA,0,NA,NA,NA,NA,510,NA,NA,NA,NA,400,NA,NA,NA,NA
M18 [Family Planning],18.7,Injectable Contraceptive MPA (Vials),1. Balance From Previous Month,0,NA,NA,NA,NA,0,NA,NA,NA,NA,0,NA,NA,NA,NA,0,NA,NA,NA,NA,0,NA,NA,NA,NA,0,NA,NA,NA,NA,0,NA,NA,NA,NA,NA,NA,NA,NA,NA,NA,NA,NA,NA,NA,NA,NA,NA,NA,NA,NA,NA,NA,NA,NA,0,NA,NA,NA,NA,0,NA,NA,NA,NA,0,NA,NA,NA,NA,NA,NA,NA,NA,NA,NA,NA,NA,NA,NA,NA,NA,NA,NA,NA,NA,NA,NA,NA,NA,0,NA,NA,NA,NA,NA,NA,NA,NA,NA,0,NA,NA,NA,NA,0,NA,NA,NA,NA,NA,NA,NA,NA,NA,0,NA,NA,NA,NA,NA,NA,NA,NA,NA,NA,NA,NA,NA,NA,0,NA,NA,NA,NA,0,NA,NA,NA,NA
M18 [Family Planning],18.7,Injectable Contraceptive MPA (Vials),2. Stocks Received,0,NA,NA,NA,NA,0,NA,NA,NA,NA,0,NA,NA,NA,NA,NA,NA,NA,NA,NA,0,NA,NA,NA,NA,0,NA,NA,NA,NA,0,NA,NA,NA,NA,NA,NA,NA,NA,NA,NA,NA,NA,NA,NA,NA,NA,NA,NA,NA,NA,NA,NA,NA,NA,0,NA,NA,NA,NA,0,NA,NA,NA,NA,0,NA,NA,NA,NA,NA,NA,NA,NA,NA,NA,NA,NA,NA,NA,NA,NA,NA,NA,NA,NA,NA,NA,NA,NA,0,NA,NA,NA,NA,NA,NA,NA,NA,NA,0,NA,NA,NA,NA,0,NA,NA,NA,NA,NA,NA,NA,NA,NA,0,NA,NA,NA,NA,NA,NA,NA,NA,NA,NA,NA,NA,NA,NA,0,NA,NA,NA,NA,0,NA,NA,NA,NA
M18 [Family Planning],18.7,Injectable Contraceptive MPA (Vials),3. Unusable Stock,0,NA,NA,NA,NA,0,NA,NA,NA,NA,0,NA,NA,NA,NA,NA,NA,NA,NA,NA,0,NA,NA,NA,NA,0,NA,NA,NA,NA,0,NA,NA,NA,NA,NA,NA,NA,NA,NA,NA,NA,NA,NA,NA,NA,NA,NA,NA,NA,NA,NA,NA,NA,NA,0,NA,NA,NA,NA,NA,NA,NA,NA,NA,0,NA,NA,NA,NA,NA,NA,NA,NA,NA,NA,NA,NA,NA,NA,NA,NA,NA,NA,NA,NA,NA,NA,NA,NA,0,NA,NA,NA,NA,NA,NA,NA,NA,NA,0,NA,NA,NA,NA,0,NA,NA,NA,NA,NA,NA,NA,NA,NA,NA,NA,NA,NA,NA,NA,NA,NA,NA,NA,NA,NA,NA,NA,NA,NA,NA,NA,NA,NA,NA,NA,NA,NA,NA
M18 [Family Planning],18.7,Injectable Contraceptive MPA (Vials),4. Stock Distributed,0,NA,NA,NA,NA,0,NA,NA,NA,NA,0,NA,NA,NA,NA,0,NA,NA,NA,NA,0,NA,NA,NA,NA,0,NA,NA,NA,NA,0,NA,NA,NA,NA,NA,NA,NA,NA,NA,NA,NA,NA,NA,NA,NA,NA,NA,NA,NA,NA,NA,NA,NA,NA,0,NA,NA,NA,NA,0,NA,NA,NA,NA,0,NA,NA,NA,NA,NA,NA,NA,NA,NA,NA,NA,NA,NA,NA,NA,NA,NA,NA,NA,NA,NA,NA,NA,NA,0,NA,NA,NA,NA,NA,NA,NA,NA,NA,0,NA,NA,NA,NA,0,NA,NA,NA,NA,NA,NA,NA,NA,NA,0,NA,NA,NA,NA,NA,NA,NA,NA,NA,NA,NA,NA,NA,NA,0,NA,NA,NA,NA,0,NA,NA,NA,NA
M18 [Family Planning],18.7,Injectable Contraceptive MPA (Vials),5. Total Stock,0,NA,NA,NA,NA,0,NA,NA,NA,NA,0,NA,NA,NA,NA,0,NA,NA,NA,NA,0,NA,NA,NA,NA,0,NA,NA,NA,NA,0,NA,NA,NA,NA,NA,NA,NA,NA,NA,NA,NA,NA,NA,NA,NA,NA,NA,NA,NA,NA,NA,NA,NA,NA,0,NA,NA,NA,NA,0,NA,NA,NA,NA,0,NA,NA,NA,NA,NA,NA,NA,NA,NA,NA,NA,NA,NA,NA,NA,NA,NA,NA,NA,NA,NA,NA,NA,NA,0,NA,NA,NA,NA,NA,NA,NA,NA,NA,0,NA,NA,NA,NA,0,NA,NA,NA,NA,NA,NA,NA,NA,NA,0,NA,NA,NA,NA,NA,NA,NA,NA,NA,NA,NA,NA,NA,NA,0,NA,NA,NA,NA,0,NA,NA,NA,NA
M18 [Family Planning],18.8,Tubal rings,1. Balance From Previous Month,24090,NA,NA,NA,NA,0,NA,NA,NA,NA,1100,NA,NA,NA,NA,0,NA,NA,NA,NA,0,NA,NA,NA,NA,0,NA,NA,NA,NA,1500,NA,NA,NA,NA,8450,NA,NA,NA,NA,NA,NA,NA,NA,NA,600,NA,NA,NA,NA,NA,NA,NA,NA,NA,497,NA,NA,NA,NA,2000,NA,NA,NA,NA,300,NA,NA,NA,NA,NA,NA,NA,NA,NA,NA,NA,NA,NA,NA,NA,NA,NA,NA,NA,2800,NA,NA,NA,NA,1900,NA,NA,NA,NA,2093,NA,NA,NA,NA,0,NA,NA,NA,NA,0,NA,NA,NA,NA,NA,NA,NA,NA,NA,150,NA,NA,NA,NA,NA,NA,NA,NA,NA,800,NA,NA,NA,NA,1600,NA,NA,NA,NA,300,NA,NA,NA,NA
M18 [Family Planning],18.8,Tubal rings,2. Stocks Received,1700,NA,NA,NA,NA,0,NA,NA,NA,NA,0,NA,NA,NA,NA,NA,NA,NA,NA,NA,1500,NA,NA,NA,NA,0,NA,NA,NA,NA,0,NA,NA,NA,NA,0,NA,NA,NA,NA,NA,NA,NA,NA,NA,NA,NA,NA,NA,NA,NA,NA,NA,NA,NA,0,NA,NA,NA,NA,0,NA,NA,NA,NA,200,NA,NA,NA,NA,NA,NA,NA,NA,NA,NA,NA,NA,NA,NA,NA,NA,NA,NA,NA,0,NA,NA,NA,NA,0,NA,NA,NA,NA,NA,NA,NA,NA,NA,0,NA,NA,NA,NA,0,NA,NA,NA,NA,NA,NA,NA,NA,NA,0,NA,NA,NA,NA,NA,NA,NA,NA,NA,0,NA,NA,NA,NA,0,NA,NA,NA,NA,0,NA,NA,NA,NA
M18 [Family Planning],18.8,Tubal rings,3. Unusable Stock,0,NA,NA,NA,NA,0,NA,NA,NA,NA,0,NA,NA,NA,NA,NA,NA,NA,NA,NA,0,NA,NA,NA,NA,0,NA,NA,NA,NA,0,NA,NA,NA,NA,0,NA,NA,NA,NA,NA,NA,NA,NA,NA,NA,NA,NA,NA,NA,NA,NA,NA,NA,NA,0,NA,NA,NA,NA,NA,NA,NA,NA,NA,0,NA,NA,NA,NA,NA,NA,NA,NA,NA,NA,NA,NA,NA,NA,NA,NA,NA,NA,NA,NA,NA,NA,NA,NA,0,NA,NA,NA,NA,NA,NA,NA,NA,NA,0,NA,NA,NA,NA,0,NA,NA,NA,NA,NA,NA,NA,NA,NA,NA,NA,NA,NA,NA,NA,NA,NA,NA,NA,0,NA,NA,NA,NA,NA,NA,NA,NA,NA,NA,NA,NA,NA,NA
M18 [Family Planning],18.8,Tubal rings,4. Stock Distributed,1981,NA,NA,NA,NA,0,NA,NA,NA,NA,0,NA,NA,NA,NA,0,NA,NA,NA,NA,300,NA,NA,NA,NA,0,NA,NA,NA,NA,0,NA,NA,NA,NA,100,NA,NA,NA,NA,NA,NA,NA,NA,NA,100,NA,NA,NA,NA,NA,NA,NA,NA,NA,49,NA,NA,NA,NA,0,NA,NA,NA,NA,0,NA,NA,NA,NA,NA,NA,NA,NA,NA,NA,NA,NA,NA,NA,NA,NA,NA,NA,NA,0,NA,NA,NA,NA,0,NA,NA,NA,NA,32,NA,NA,NA,NA,0,NA,NA,NA,NA,0,NA,NA,NA,NA,NA,NA,NA,NA,NA,0,NA,NA,NA,NA,NA,NA,NA,NA,NA,800,NA,NA,NA,NA,600,NA,NA,NA,NA,0,NA,NA,NA,NA
M18 [Family Planning],18.8,Tubal rings,5. Total Stock,23809,NA,NA,NA,NA,0,NA,NA,NA,NA,1100,NA,NA,NA,NA,0,NA,NA,NA,NA,1200,NA,NA,NA,NA,0,NA,NA,NA,NA,1500,NA,NA,NA,NA,8350,NA,NA,NA,NA,NA,NA,NA,NA,NA,500,NA,NA,NA,NA,NA,NA,NA,NA,NA,448,NA,NA,NA,NA,2000,NA,NA,NA,NA,500,NA,NA,NA,NA,NA,NA,NA,NA,NA,NA,NA,NA,NA,NA,NA,NA,NA,NA,NA,2800,NA,NA,NA,NA,1900,NA,NA,NA,NA,2061,NA,NA,NA,NA,0,NA,NA,NA,NA,0,NA,NA,NA,NA,NA,NA,NA,NA,NA,150,NA,NA,NA,NA,NA,NA,NA,NA,NA,0,NA,NA,NA,NA,1000,NA,NA,NA,NA,300,NA,NA,NA,NA
M18 [Family Planning],18.9,Pregnancy testing Kits (Nischay Kits),1. Balance From Previous Month,68127,NA,NA,NA,NA,0,NA,NA,NA,NA,0,NA,NA,NA,NA,5000,NA,NA,NA,NA,0,NA,NA,NA,NA,0,NA,NA,NA,NA,10980,NA,NA,NA,NA,4900,NA,NA,NA,NA,NA,NA,NA,NA,NA,5000,NA,NA,NA,NA,NA,NA,NA,NA,NA,2870,NA,NA,NA,NA,6460,NA,NA,NA,NA,7400,NA,NA,NA,NA,NA,NA,NA,NA,NA,NA,NA,NA,NA,NA,NA,NA,NA,NA,NA,0,NA,NA,NA,NA,1150,NA,NA,NA,NA,8485,NA,NA,NA,NA,0,NA,NA,NA,NA,0,NA,NA,NA,NA,NA,NA,NA,NA,NA,1100,NA,NA,NA,NA,NA,NA,NA,NA,NA,8000,NA,NA,NA,NA,5082,NA,NA,NA,NA,1700,NA,NA,NA,NA
M18 [Family Planning],18.9,Pregnancy testing Kits (Nischay Kits),2. Stocks Received,8000,NA,NA,NA,NA,0,NA,NA,NA,NA,0,NA,NA,NA,NA,NA,NA,NA,NA,NA,7000,NA,NA,NA,NA,0,NA,NA,NA,NA,0,NA,NA,NA,NA,0,NA,NA,NA,NA,NA,NA,NA,NA,NA,NA,NA,NA,NA,NA,NA,NA,NA,NA,NA,0,NA,NA,NA,NA,0,NA,NA,NA,NA,0,NA,NA,NA,NA,NA,NA,NA,NA,NA,NA,NA,NA,NA,NA,NA,NA,NA,NA,NA,0,NA,NA,NA,NA,1000,NA,NA,NA,NA,NA,NA,NA,NA,NA,0,NA,NA,NA,NA,0,NA,NA,NA,NA,NA,NA,NA,NA,NA,0,NA,NA,NA,NA,NA,NA,NA,NA,NA,0,NA,NA,NA,NA,0,NA,NA,NA,NA,0,NA,NA,NA,NA
M18 [Family Planning],18.9,Pregnancy testing Kits (Nischay Kits),3. Unusable Stock,0,NA,NA,NA,NA,0,NA,NA,NA,NA,0,NA,NA,NA,NA,NA,NA,NA,NA,NA,0,NA,NA,NA,NA,0,NA,NA,NA,NA,0,NA,NA,NA,NA,0,NA,NA,NA,NA,NA,NA,NA,NA,NA,NA,NA,NA,NA,NA,NA,NA,NA,NA,NA,0,NA,NA,NA,NA,NA,NA,NA,NA,NA,0,NA,NA,NA,NA,NA,NA,NA,NA,NA,NA,NA,NA,NA,NA,NA,NA,NA,NA,NA,NA,NA,NA,NA,NA,0,NA,NA,NA,NA,NA,NA,NA,NA,NA,0,NA,NA,NA,NA,0,NA,NA,NA,NA,NA,NA,NA,NA,NA,NA,NA,NA,NA,NA,NA,NA,NA,NA,NA,NA,NA,NA,NA,NA,NA,NA,NA,NA,NA,NA,NA,NA,NA,NA
M18 [Family Planning],18.9,Pregnancy testing Kits (Nischay Kits),4. Stock Distributed,32435,NA,NA,NA,NA,0,NA,NA,NA,NA,0,NA,NA,NA,NA,4000,NA,NA,NA,NA,7000,NA,NA,NA,NA,0,NA,NA,NA,NA,0,NA,NA,NA,NA,1000,NA,NA,NA,NA,NA,NA,NA,NA,NA,2500,NA,NA,NA,NA,NA,NA,NA,NA,NA,2180,NA,NA,NA,NA,1400,NA,NA,NA,NA,5000,NA,NA,NA,NA,NA,NA,NA,NA,NA,NA,NA,NA,NA,NA,NA,NA,NA,NA,NA,0,NA,NA,NA,NA,0,NA,NA,NA,NA,1055,NA,NA,NA,NA,0,NA,NA,NA,NA,0,NA,NA,NA,NA,NA,NA,NA,NA,NA,500,NA,NA,NA,NA,NA,NA,NA,NA,NA,6000,NA,NA,NA,NA,1800,NA,NA,NA,NA,0,NA,NA,NA,NA
M18 [Family Planning],18.9,Pregnancy testing Kits (Nischay Kits),5. Total Stock,43692,NA,NA,NA,NA,0,NA,NA,NA,NA,0,NA,NA,NA,NA,1000,NA,NA,NA,NA,0,NA,NA,NA,NA,0,NA,NA,NA,NA,10980,NA,NA,NA,NA,3900,NA,NA,NA,NA,NA,NA,NA,NA,NA,2500,NA,NA,NA,NA,NA,NA,NA,NA,NA,690,NA,NA,NA,NA,5060,NA,NA,NA,NA,2400,NA,NA,NA,NA,NA,NA,NA,NA,NA,NA,NA,NA,NA,NA,NA,NA,NA,NA,NA,0,NA,NA,NA,NA,2150,NA,NA,NA,NA,7430,NA,NA,NA,NA,0,NA,NA,NA,NA,0,NA,NA,NA,NA,NA,NA,NA,NA,NA,600,NA,NA,NA,NA,NA,NA,NA,NA,NA,2000,NA,NA,NA,NA,3282,NA,NA,NA,NA,1700,NA,NA,NA,NA
M19 [Other Items],19.1,Gloves,1. Balance From Previous Month,401047,NA,NA,NA,NA,9640,NA,NA,NA,NA,0,NA,NA,NA,NA,9000,NA,NA,NA,NA,4050,NA,NA,NA,NA,14100,NA,NA,NA,NA,NA,NA,NA,NA,NA,5770,NA,NA,NA,NA,NA,NA,NA,NA,NA,78637,NA,NA,NA,NA,NA,NA,NA,NA,NA,NA,NA,NA,NA,NA,0,NA,NA,NA,NA,67650,NA,NA,NA,NA,NA,NA,NA,NA,NA,NA,NA,NA,NA,NA,NA,NA,NA,NA,NA,NA,NA,NA,NA,NA,58600,NA,NA,NA,NA,NA,NA,NA,NA,NA,0,NA,NA,NA,NA,32200,NA,NA,NA,NA,93350,NA,NA,NA,NA,0,NA,NA,NA,NA,NA,NA,NA,NA,NA,NA,NA,NA,NA,NA,8550,NA,NA,NA,NA,19500,NA,NA,NA,NA
M19 [Other Items],19.1,Gloves,2. Stocks Received,47360,NA,NA,NA,NA,27360,NA,NA,NA,NA,0,NA,NA,NA,NA,NA,NA,NA,NA,NA,20000,NA,NA,NA,NA,0,NA,NA,NA,NA,NA,NA,NA,NA,NA,0,NA,NA,NA,NA,NA,NA,NA,NA,NA,0,NA,NA,NA,NA,NA,NA,NA,NA,NA,NA,NA,NA,NA,NA,0,NA,NA,NA,NA,NA,NA,NA,NA,NA,NA,NA,NA,NA,NA,NA,NA,NA,NA,NA,NA,NA,NA,NA,NA,NA,NA,NA,NA,NA,0,NA,NA,NA,NA,NA,NA,NA,NA,NA,0,NA,NA,NA,NA,0,NA,NA,NA,NA,0,NA,NA,NA,NA,NA,NA,NA,NA,NA,NA,NA,NA,NA,NA,NA,NA,NA,NA,NA,NA,NA,NA,NA,NA,0,NA,NA,NA,NA
M19 [Other Items],19.1,Gloves,3. Unusable Stock,0,NA,NA,NA,NA,0,NA,NA,NA,NA,0,NA,NA,NA,NA,NA,NA,NA,NA,NA,NA,NA,NA,NA,NA,0,NA,NA,NA,NA,NA,NA,NA,NA,NA,0,NA,NA,NA,NA,NA,NA,NA,NA,NA,NA,NA,NA,NA,NA,NA,NA,NA,NA,NA,NA,NA,NA,NA,NA,NA,NA,NA,NA,NA,NA,NA,NA,NA,NA,NA,NA,NA,NA,NA,NA,NA,NA,NA,NA,NA,NA,NA,NA,NA,NA,NA,NA,NA,NA,0,NA,NA,NA,NA,NA,NA,NA,NA,NA,0,NA,NA,NA,NA,0,NA,NA,NA,NA,0,NA,NA,NA,NA,NA,NA,NA,NA,NA,NA,NA,NA,NA,NA,NA,NA,NA,NA,NA,NA,NA,NA,NA,NA,NA,NA,NA,NA,NA
M19 [Other Items],19.1,Gloves,4. Stock Distributed,86754,NA,NA,NA,NA,22400,NA,NA,NA,NA,0,NA,NA,NA,NA,2000,NA,NA,NA,NA,5397,NA,NA,NA,NA,4400,NA,NA,NA,NA,NA,NA,NA,NA,NA,3819,NA,NA,NA,NA,NA,NA,NA,NA,NA,16218,NA,NA,NA,NA,NA,NA,NA,NA,NA,NA,NA,NA,NA,NA,0,NA,NA,NA,NA,6600,NA,NA,NA,NA,NA,NA,NA,NA,NA,NA,NA,NA,NA,NA,NA,NA,NA,NA,NA,NA,NA,NA,NA,NA,3000,NA,NA,NA,NA,NA,NA,NA,NA,NA,0,NA,NA,NA,NA,1420,NA,NA,NA,NA,11450,NA,NA,NA,NA,NA,NA,NA,NA,NA,NA,NA,NA,NA,NA,NA,NA,NA,NA,NA,2650,NA,NA,NA,NA,7400,NA,NA,NA,NA
M19 [Other Items],19.1,Gloves,5. Total Stock,361653,NA,NA,NA,NA,14600,NA,NA,NA,NA,0,NA,NA,NA,NA,7000,NA,NA,NA,NA,18653,NA,NA,NA,NA,9700,NA,NA,NA,NA,0,NA,NA,NA,NA,1951,NA,NA,NA,NA,0,NA,NA,NA,NA,62419,NA,NA,NA,NA,NA,NA,NA,NA,NA,0,NA,NA,NA,NA,0,NA,NA,NA,NA,61050,NA,NA,NA,NA,0,NA,NA,NA,NA,0,NA,NA,NA,NA,0,NA,NA,NA,NA,0,NA,NA,NA,NA,55600,NA,NA,NA,NA,0,NA,NA,NA,NA,0,NA,NA,NA,NA,30780,NA,NA,NA,NA,81900,NA,NA,NA,NA,0,NA,NA,NA,NA,0,NA,NA,NA,NA,0,NA,NA,NA,NA,5900,NA,NA,NA,NA,12100,NA,NA,NA,NA
M19 [Other Items],19.2,MVA Syringes,1. Balance From Previous Month,100,NA,NA,NA,NA,0,NA,NA,NA,NA,0,NA,NA,NA,NA,0,NA,NA,NA,NA,NA,NA,NA,NA,NA,0,NA,NA,NA,NA,NA,NA,NA,NA,NA,100,NA,NA,NA,NA,NA,NA,NA,NA,NA,NA,NA,NA,NA,NA,NA,NA,NA,NA,NA,NA,NA,NA,NA,NA,0,NA,NA,NA,NA,NA,NA,NA,NA,NA,NA,NA,NA,NA,NA,NA,NA,NA,NA,NA,NA,NA,NA,NA,NA,NA,NA,NA,NA,NA,0,NA,NA,NA,NA,NA,NA,NA,NA,NA,0,NA,NA,NA,NA,0,NA,NA,NA,NA,0,NA,NA,NA,NA,0,NA,NA,NA,NA,NA,NA,NA,NA,NA,NA,NA,NA,NA,NA,0,NA,NA,NA,NA,0,NA,NA,NA,NA
M19 [Other Items],19.2,MVA Syringes,2. Stocks Received,0,NA,NA,NA,NA,0,NA,NA,NA,NA,0,NA,NA,NA,NA,NA,NA,NA,NA,NA,NA,NA,NA,NA,NA,0,NA,NA,NA,NA,NA,NA,NA,NA,NA,0,NA,NA,NA,NA,NA,NA,NA,NA,NA,NA,NA,NA,NA,NA,NA,NA,NA,NA,NA,NA,NA,NA,NA,NA,0,NA,NA,NA,NA,NA,NA,NA,NA,NA,NA,NA,NA,NA,NA,NA,NA,NA,NA,NA,NA,NA,NA,NA,NA,NA,NA,NA,NA,NA,0,NA,NA,NA,NA,NA,NA,NA,NA,NA,0,NA,NA,NA,NA,0,NA,NA,NA,NA,0,NA,NA,NA,NA,NA,NA,NA,NA,NA,NA,NA,NA,NA,NA,NA,NA,NA,NA,NA,0,NA,NA,NA,NA,0,NA,NA,NA,NA
M19 [Other Items],19.2,MVA Syringes,3. Unusable Stock,0,NA,NA,NA,NA,0,NA,NA,NA,NA,0,NA,NA,NA,NA,NA,NA,NA,NA,NA,NA,NA,NA,NA,NA,0,NA,NA,NA,NA,NA,NA,NA,NA,NA,0,NA,NA,NA,NA,NA,NA,NA,NA,NA,NA,NA,NA,NA,NA,NA,NA,NA,NA,NA,NA,NA,NA,NA,NA,NA,NA,NA,NA,NA,NA,NA,NA,NA,NA,NA,NA,NA,NA,NA,NA,NA,NA,NA,NA,NA,NA,NA,NA,NA,NA,NA,NA,NA,NA,0,NA,NA,NA,NA,NA,NA,NA,NA,NA,0,NA,NA,NA,NA,0,NA,NA,NA,NA,0,NA,NA,NA,NA,NA,NA,NA,NA,NA,NA,NA,NA,NA,NA,NA,NA,NA,NA,NA,NA,NA,NA,NA,NA,NA,NA,NA,NA,NA
M19 [Other Items],19.2,MVA Syringes,4. Stock Distributed,0,NA,NA,NA,NA,0,NA,NA,NA,NA,0,NA,NA,NA,NA,NA,NA,NA,NA,NA,NA,NA,NA,NA,NA,0,NA,NA,NA,NA,NA,NA,NA,NA,NA,0,NA,NA,NA,NA,NA,NA,NA,NA,NA,NA,NA,NA,NA,NA,NA,NA,NA,NA,NA,NA,NA,NA,NA,NA,0,NA,NA,NA,NA,NA,NA,NA,NA,NA,NA,NA,NA,NA,NA,NA,NA,NA,NA,NA,NA,NA,NA,NA,NA,NA,NA,NA,NA,NA,0,NA,NA,NA,NA,NA,NA,NA,NA,NA,0,NA,NA,NA,NA,0,NA,NA,NA,NA,0,NA,NA,NA,NA,NA,NA,NA,NA,NA,NA,NA,NA,NA,NA,NA,NA,NA,NA,NA,0,NA,NA,NA,NA,NA,NA,NA,NA,NA
M19 [Other Items],19.2,MVA Syringes,5. Total Stock,100,NA,NA,NA,NA,0,NA,NA,NA,NA,0,NA,NA,NA,NA,0,NA,NA,NA,NA,0,NA,NA,NA,NA,0,NA,NA,NA,NA,0,NA,NA,NA,NA,100,NA,NA,NA,NA,0,NA,NA,NA,NA,0,NA,NA,NA,NA,NA,NA,NA,NA,NA,0,NA,NA,NA,NA,0,NA,NA,NA,NA,0,NA,NA,NA,NA,0,NA,NA,NA,NA,0,NA,NA,NA,NA,0,NA,NA,NA,NA,0,NA,NA,NA,NA,0,NA,NA,NA,NA,0,NA,NA,NA,NA,0,NA,NA,NA,NA,0,NA,NA,NA,NA,0,NA,NA,NA,NA,0,NA,NA,NA,NA,0,NA,NA,NA,NA,0,NA,NA,NA,NA,0,NA,NA,NA,NA,0,NA,NA,NA,NA
M19 [Other Items],19.3,Tab. Fluconazole,1. Balance From Previous Month,148480,NA,NA,NA,NA,0,NA,NA,NA,NA,0,NA,NA,NA,NA,1500,NA,NA,NA,NA,0,NA,NA,NA,NA,0,NA,NA,NA,NA,NA,NA,NA,NA,NA,0,NA,NA,NA,NA,NA,NA,NA,NA,NA,0,NA,NA,NA,NA,NA,NA,NA,NA,NA,NA,NA,NA,NA,NA,0,NA,NA,NA,NA,NA,NA,NA,NA,NA,NA,NA,NA,NA,NA,NA,NA,NA,NA,NA,NA,NA,NA,NA,NA,NA,NA,NA,NA,NA,4410,NA,NA,NA,NA,NA,NA,NA,NA,NA,0,NA,NA,NA,NA,1200,NA,NA,NA,NA,16720,NA,NA,NA,NA,0,NA,NA,NA,NA,4750,NA,NA,NA,NA,NA,NA,NA,NA,NA,0,NA,NA,NA,NA,119900,NA,NA,NA,NA
M19 [Other Items],19.3,Tab. Fluconazole,2. Stocks Received,927450,NA,NA,NA,NA,91600,NA,NA,NA,NA,0,NA,NA,NA,NA,116000,NA,NA,NA,NA,95850,NA,NA,NA,NA,0,NA,NA,NA,NA,NA,NA,NA,NA,NA,78000,NA,NA,NA,NA,NA,NA,NA,NA,NA,69600,NA,NA,NA,NA,NA,NA,NA,NA,NA,NA,NA,NA,NA,NA,30000,NA,NA,NA,NA,60600,NA,NA,NA,NA,NA,NA,NA,NA,NA,NA,NA,NA,NA,NA,NA,NA,NA,NA,NA,NA,NA,NA,NA,NA,3500,NA,NA,NA,NA,NA,NA,NA,NA,NA,0,NA,NA,NA,NA,33300,NA,NA,NA,NA,159000,NA,NA,NA,NA,NA,NA,NA,NA,NA,40000,NA,NA,NA,NA,NA,NA,NA,NA,NA,150000,NA,NA,NA,NA,0,NA,NA,NA,NA
M19 [Other Items],19.3,Tab. Fluconazole,3. Unusable Stock,0,NA,NA,NA,NA,0,NA,NA,NA,NA,0,NA,NA,NA,NA,NA,NA,NA,NA,NA,NA,NA,NA,NA,NA,0,NA,NA,NA,NA,NA,NA,NA,NA,NA,0,NA,NA,NA,NA,NA,NA,NA,NA,NA,NA,NA,NA,NA,NA,NA,NA,NA,NA,NA,NA,NA,NA,NA,NA,NA,NA,NA,NA,NA,NA,NA,NA,NA,NA,NA,NA,NA,NA,NA,NA,NA,NA,NA,NA,NA,NA,NA,NA,NA,NA,NA,NA,NA,NA,0,NA,NA,NA,NA,NA,NA,NA,NA,NA,0,NA,NA,NA,NA,0,NA,NA,NA,NA,0,NA,NA,NA,NA,NA,NA,NA,NA,NA,0,NA,NA,NA,NA,NA,NA,NA,NA,NA,NA,NA,NA,NA,NA,NA,NA,NA,NA,NA
M19 [Other Items],19.3,Tab. Fluconazole,4. Stock Distributed,250870,NA,NA,NA,NA,28800,NA,NA,NA,NA,0,NA,NA,NA,NA,49500,NA,NA,NA,NA,24430,NA,NA,NA,NA,0,NA,NA,NA,NA,NA,NA,NA,NA,NA,17400,NA,NA,NA,NA,NA,NA,NA,NA,NA,5090,NA,NA,NA,NA,NA,NA,NA,NA,NA,NA,NA,NA,NA,NA,15000,NA,NA,NA,NA,32300,NA,NA,NA,NA,NA,NA,NA,NA,NA,NA,NA,NA,NA,NA,NA,NA,NA,NA,NA,NA,NA,NA,NA,NA,2200,NA,NA,NA,NA,NA,NA,NA,NA,NA,0,NA,NA,NA,NA,13900,NA,NA,NA,NA,41200,NA,NA,NA,NA,NA,NA,NA,NA,NA,7850,NA,NA,NA,NA,NA,NA,NA,NA,NA,6000,NA,NA,NA,NA,7200,NA,NA,NA,NA
M19 [Other Items],19.3,Tab. Fluconazole,5. Total Stock,825060,NA,NA,NA,NA,62800,NA,NA,NA,NA,0,NA,NA,NA,NA,68000,NA,NA,NA,NA,71420,NA,NA,NA,NA,0,NA,NA,NA,NA,0,NA,NA,NA,NA,60600,NA,NA,NA,NA,0,NA,NA,NA,NA,64510,NA,NA,NA,NA,NA,NA,NA,NA,NA,0,NA,NA,NA,NA,15000,NA,NA,NA,NA,28300,NA,NA,NA,NA,0,NA,NA,NA,NA,0,NA,NA,NA,NA,0,NA,NA,NA,NA,0,NA,NA,NA,NA,5710,NA,NA,NA,NA,0,NA,NA,NA,NA,0,NA,NA,NA,NA,20600,NA,NA,NA,NA,134520,NA,NA,NA,NA,0,NA,NA,NA,NA,36900,NA,NA,NA,NA,0,NA,NA,NA,NA,144000,NA,NA,NA,NA,112700,NA,NA,NA,NA
M19 [Other Items],19.4,Blood Transfusion sets,1. Balance From Previous Month,15599,NA,NA,NA,NA,0,NA,NA,NA,NA,0,NA,NA,NA,NA,1000,NA,NA,NA,NA,0,NA,NA,NA,NA,0,NA,NA,NA,NA,NA,NA,NA,NA,NA,4000,NA,NA,NA,NA,NA,NA,NA,NA,NA,4174,NA,NA,NA,NA,NA,NA,NA,NA,NA,NA,NA,NA,NA,NA,0,NA,NA,NA,NA,200,NA,NA,NA,NA,NA,NA,NA,NA,NA,NA,NA,NA,NA,NA,NA,NA,NA,NA,NA,NA,NA,NA,NA,NA,200,NA,NA,NA,NA,NA,NA,NA,NA,NA,0,NA,NA,NA,NA,1125,NA,NA,NA,NA,150,NA,NA,NA,NA,0,NA,NA,NA,NA,4750,NA,NA,NA,NA,NA,NA,NA,NA,NA,0,NA,NA,NA,NA,NA,NA,NA,NA,NA
M19 [Other Items],19.4,Blood Transfusion sets,2. Stocks Received,400,NA,NA,NA,NA,0,NA,NA,NA,NA,0,NA,NA,NA,NA,NA,NA,NA,NA,NA,NA,NA,NA,NA,NA,0,NA,NA,NA,NA,NA,NA,NA,NA,NA,0,NA,NA,NA,NA,NA,NA,NA,NA,NA,NA,NA,NA,NA,NA,NA,NA,NA,NA,NA,NA,NA,NA,NA,NA,0,NA,NA,NA,NA,NA,NA,NA,NA,NA,NA,NA,NA,NA,NA,NA,NA,NA,NA,NA,NA,NA,NA,NA,NA,NA,NA,NA,NA,NA,0,NA,NA,NA,NA,NA,NA,NA,NA,NA,0,NA,NA,NA,NA,400,NA,NA,NA,NA,0,NA,NA,NA,NA,NA,NA,NA,NA,NA,0,NA,NA,NA,NA,NA,NA,NA,NA,NA,0,NA,NA,NA,NA,NA,NA,NA,NA,NA
M19 [Other Items],19.4,Blood Transfusion sets,3. Unusable Stock,0,NA,NA,NA,NA,0,NA,NA,NA,NA,0,NA,NA,NA,NA,NA,NA,NA,NA,NA,NA,NA,NA,NA,NA,0,NA,NA,NA,NA,NA,NA,NA,NA,NA,0,NA,NA,NA,NA,NA,NA,NA,NA,NA,NA,NA,NA,NA,NA,NA,NA,NA,NA,NA,NA,NA,NA,NA,NA,NA,NA,NA,NA,NA,NA,NA,NA,NA,NA,NA,NA,NA,NA,NA,NA,NA,NA,NA,NA,NA,NA,NA,NA,NA,NA,NA,NA,NA,NA,0,NA,NA,NA,NA,NA,NA,NA,NA,NA,0,NA,NA,NA,NA,0,NA,NA,NA,NA,0,NA,NA,NA,NA,NA,NA,NA,NA,NA,0,NA,NA,NA,NA,NA,NA,NA,NA,NA,NA,NA,NA,NA,NA,NA,NA,NA,NA,NA
M19 [Other Items],19.4,Blood Transfusion sets,4. Stock Distributed,200,NA,NA,NA,NA,0,NA,NA,NA,NA,0,NA,NA,NA,NA,NA,NA,NA,NA,NA,NA,NA,NA,NA,NA,0,NA,NA,NA,NA,NA,NA,NA,NA,NA,0,NA,NA,NA,NA,NA,NA,NA,NA,NA,NA,NA,NA,NA,NA,NA,NA,NA,NA,NA,NA,NA,NA,NA,NA,0,NA,NA,NA,NA,200,NA,NA,NA,NA,NA,NA,NA,NA,NA,NA,NA,NA,NA,NA,NA,NA,NA,NA,NA,NA,NA,NA,NA,NA,0,NA,NA,NA,NA,NA,NA,NA,NA,NA,0,NA,NA,NA,NA,0,NA,NA,NA,NA,0,NA,NA,NA,NA,NA,NA,NA,NA,NA,0,NA,NA,NA,NA,NA,NA,NA,NA,NA,0,NA,NA,NA,NA,NA,NA,NA,NA,NA
M19 [Other Items],19.4,Blood Transfusion sets,5. Total Stock,15799,NA,NA,NA,NA,0,NA,NA,NA,NA,0,NA,NA,NA,NA,1000,NA,NA,NA,NA,0,NA,NA,NA,NA,0,NA,NA,NA,NA,0,NA,NA,NA,NA,4000,NA,NA,NA,NA,0,NA,NA,NA,NA,4174,NA,NA,NA,NA,NA,NA,NA,NA,NA,0,NA,NA,NA,NA,0,NA,NA,NA,NA,0,NA,NA,NA,NA,0,NA,NA,NA,NA,0,NA,NA,NA,NA,0,NA,NA,NA,NA,0,NA,NA,NA,NA,200,NA,NA,NA,NA,0,NA,NA,NA,NA,0,NA,NA,NA,NA,1525,NA,NA,NA,NA,150,NA,NA,NA,NA,0,NA,NA,NA,NA,4750,NA,NA,NA,NA,0,NA,NA,NA,NA,0,NA,NA,NA,NA,0,NA,NA,NA,NA
M19 [Other Items],19.5,Gluteraldehyde 2%,1. Balance From Previous Month,176000,NA,NA,NA,NA,0,NA,NA,NA,NA,0,NA,NA,NA,NA,NA,NA,NA,NA,NA,NA,NA,NA,NA,NA,0,NA,NA,NA,NA,NA,NA,NA,NA,NA,176000,NA,NA,NA,NA,NA,NA,NA,NA,NA,NA,NA,NA,NA,NA,NA,NA,NA,NA,NA,NA,NA,NA,NA,NA,0,NA,NA,NA,NA,NA,NA,NA,NA,NA,NA,NA,NA,NA,NA,NA,NA,NA,NA,NA,NA,NA,NA,NA,NA,NA,NA,NA,NA,NA,0,NA,NA,NA,NA,NA,NA,NA,NA,NA,0,NA,NA,NA,NA,0,NA,NA,NA,NA,0,NA,NA,NA,NA,0,NA,NA,NA,NA,0,NA,NA,NA,NA,NA,NA,NA,NA,NA,0,NA,NA,NA,NA,NA,NA,NA,NA,NA
M19 [Other Items],19.5,Gluteraldehyde 2%,2. Stocks Received,0,NA,NA,NA,NA,0,NA,NA,NA,NA,0,NA,NA,NA,NA,NA,NA,NA,NA,NA,NA,NA,NA,NA,NA,0,NA,NA,NA,NA,NA,NA,NA,NA,NA,0,NA,NA,NA,NA,NA,NA,NA,NA,NA,NA,NA,NA,NA,NA,NA,NA,NA,NA,NA,NA,NA,NA,NA,NA,0,NA,NA,NA,NA,NA,NA,NA,NA,NA,NA,NA,NA,NA,NA,NA,NA,NA,NA,NA,NA,NA,NA,NA,NA,NA,NA,NA,NA,NA,0,NA,NA,NA,NA,NA,NA,NA,NA,NA,0,NA,NA,NA,NA,0,NA,NA,NA,NA,0,NA,NA,NA,NA,NA,NA,NA,NA,NA,0,NA,NA,NA,NA,NA,NA,NA,NA,NA,0,NA,NA,NA,NA,NA,NA,NA,NA,NA
M19 [Other Items],19.5,Gluteraldehyde 2%,3. Unusable Stock,0,NA,NA,NA,NA,0,NA,NA,NA,NA,0,NA,NA,NA,NA,NA,NA,NA,NA,NA,NA,NA,NA,NA,NA,0,NA,NA,NA,NA,NA,NA,NA,NA,NA,0,NA,NA,NA,NA,NA,NA,NA,NA,NA,NA,NA,NA,NA,NA,NA,NA,NA,NA,NA,NA,NA,NA,NA,NA,NA,NA,NA,NA,NA,NA,NA,NA,NA,NA,NA,NA,NA,NA,NA,NA,NA,NA,NA,NA,NA,NA,NA,NA,NA,NA,NA,NA,NA,NA,0,NA,NA,NA,NA,NA,NA,NA,NA,NA,0,NA,NA,NA,NA,0,NA,NA,NA,NA,0,NA,NA,NA,NA,NA,NA,NA,NA,NA,0,NA,NA,NA,NA,NA,NA,NA,NA,NA,NA,NA,NA,NA,NA,NA,NA,NA,NA,NA
M19 [Other Items],19.5,Gluteraldehyde 2%,4. Stock Distributed,0,NA,NA,NA,NA,0,NA,NA,NA,NA,0,NA,NA,NA,NA,NA,NA,NA,NA,NA,NA,NA,NA,NA,NA,0,NA,NA,NA,NA,NA,NA,NA,NA,NA,0,NA,NA,NA,NA,NA,NA,NA,NA,NA,NA,NA,NA,NA,NA,NA,NA,NA,NA,NA,NA,NA,NA,NA,NA,0,NA,NA,NA,NA,NA,NA,NA,NA,NA,NA,NA,NA,NA,NA,NA,NA,NA,NA,NA,NA,NA,NA,NA,NA,NA,NA,NA,NA,NA,0,NA,NA,NA,NA,NA,NA,NA,NA,NA,0,NA,NA,NA,NA,0,NA,NA,NA,NA,0,NA,NA,NA,NA,NA,NA,NA,NA,NA,0,NA,NA,NA,NA,NA,NA,NA,NA,NA,0,NA,NA,NA,NA,NA,NA,NA,NA,NA
M19 [Other Items],19.5,Gluteraldehyde 2%,5. Total Stock,176000,NA,NA,NA,NA,0,NA,NA,NA,NA,0,NA,NA,NA,NA,0,NA,NA,NA,NA,0,NA,NA,NA,NA,0,NA,NA,NA,NA,0,NA,NA,NA,NA,176000,NA,NA,NA,NA,0,NA,NA,NA,NA,0,NA,NA,NA,NA,NA,NA,NA,NA,NA,0,NA,NA,NA,NA,0,NA,NA,NA,NA,0,NA,NA,NA,NA,0,NA,NA,NA,NA,0,NA,NA,NA,NA,0,NA,NA,NA,NA,0,NA,NA,NA,NA,0,NA,NA,NA,NA,0,NA,NA,NA,NA,0,NA,NA,NA,NA,0,NA,NA,NA,NA,0,NA,NA,NA,NA,0,NA,NA,NA,NA,0,NA,NA,NA,NA,0,NA,NA,NA,NA,0,NA,NA,NA,NA,0,NA,NA,NA,NA
M19 [Other Items],19.6,IFA tablets ( Adult),1. Balance From Previous Month,15030425,NA,NA,NA,NA,2396640,NA,NA,NA,NA,0,NA,NA,NA,NA,471800,NA,NA,NA,NA,1002600,NA,NA,NA,NA,2640,NA,NA,NA,NA,NA,NA,NA,NA,NA,1985680,NA,NA,NA,NA,NA,NA,NA,NA,NA,1548420,NA,NA,NA,NA,NA,NA,NA,NA,NA,NA,NA,NA,NA,NA,0,NA,NA,NA,NA,456800,NA,NA,NA,NA,NA,NA,NA,NA,NA,NA,NA,NA,NA,NA,NA,NA,NA,NA,NA,NA,NA,NA,NA,NA,1065270,NA,NA,NA,NA,NA,NA,NA,NA,NA,0,NA,NA,NA,NA,0,NA,NA,NA,NA,550000,NA,NA,NA,NA,1033560,NA,NA,NA,NA,1036330,NA,NA,NA,NA,NA,NA,NA,NA,NA,1984575,NA,NA,NA,NA,1496110,NA,NA,NA,NA
M19 [Other Items],19.6,IFA tablets ( Adult),2. Stocks Received,6359320,NA,NA,NA,NA,0,NA,NA,NA,NA,0,NA,NA,NA,NA,NA,NA,NA,NA,NA,2359320,NA,NA,NA,NA,0,NA,NA,NA,NA,NA,NA,NA,NA,NA,0,NA,NA,NA,NA,NA,NA,NA,NA,NA,NA,NA,NA,NA,NA,NA,NA,NA,NA,NA,NA,NA,NA,NA,NA,0,NA,NA,NA,NA,NA,NA,NA,NA,NA,NA,NA,NA,NA,NA,NA,NA,NA,NA,NA,NA,NA,NA,NA,NA,NA,NA,NA,NA,NA,0,NA,NA,NA,NA,NA,NA,NA,NA,NA,0,NA,NA,NA,NA,0,NA,NA,NA,NA,4000000,NA,NA,NA,NA,0,NA,NA,NA,NA,0,NA,NA,NA,NA,NA,NA,NA,NA,NA,NA,NA,NA,NA,NA,0,NA,NA,NA,NA
M19 [Other Items],19.6,IFA tablets ( Adult),3. Unusable Stock,0,NA,NA,NA,NA,0,NA,NA,NA,NA,0,NA,NA,NA,NA,NA,NA,NA,NA,NA,NA,NA,NA,NA,NA,0,NA,NA,NA,NA,NA,NA,NA,NA,NA,0,NA,NA,NA,NA,NA,NA,NA,NA,NA,NA,NA,NA,NA,NA,NA,NA,NA,NA,NA,NA,NA,NA,NA,NA,NA,NA,NA,NA,NA,NA,NA,NA,NA,NA,NA,NA,NA,NA,NA,NA,NA,NA,NA,NA,NA,NA,NA,NA,NA,NA,NA,NA,NA,NA,0,NA,NA,NA,NA,NA,NA,NA,NA,NA,0,NA,NA,NA,NA,0,NA,NA,NA,NA,0,NA,NA,NA,NA,NA,NA,NA,NA,NA,0,NA,NA,NA,NA,NA,NA,NA,NA,NA,NA,NA,NA,NA,NA,NA,NA,NA,NA,NA
M19 [Other Items],19.6,IFA tablets ( Adult),4. Stock Distributed,5206000,NA,NA,NA,NA,402000,NA,NA,NA,NA,0,NA,NA,NA,NA,150000,NA,NA,NA,NA,763900,NA,NA,NA,NA,2400,NA,NA,NA,NA,NA,NA,NA,NA,NA,480000,NA,NA,NA,NA,NA,NA,NA,NA,NA,666750,NA,NA,NA,NA,NA,NA,NA,NA,NA,NA,NA,NA,NA,NA,0,NA,NA,NA,NA,154950,NA,NA,NA,NA,NA,NA,NA,NA,NA,NA,NA,NA,NA,NA,NA,NA,NA,NA,NA,NA,NA,NA,NA,NA,180000,NA,NA,NA,NA,NA,NA,NA,NA,NA,0,NA,NA,NA,NA,0,NA,NA,NA,NA,1550000,NA,NA,NA,NA,227000,NA,NA,NA,NA,381000,NA,NA,NA,NA,NA,NA,NA,NA,NA,188000,NA,NA,NA,NA,60000,NA,NA,NA,NA
M19 [Other Items],19.6,IFA tablets ( Adult),5. Total Stock,16183745,NA,NA,NA,NA,1994640,NA,NA,NA,NA,0,NA,NA,NA,NA,321800,NA,NA,NA,NA,2598020,NA,NA,NA,NA,240,NA,NA,NA,NA,0,NA,NA,NA,NA,1505680,NA,NA,NA,NA,0,NA,NA,NA,NA,881670,NA,NA,NA,NA,NA,NA,NA,NA,NA,0,NA,NA,NA,NA,0,NA,NA,NA,NA,301850,NA,NA,NA,NA,0,NA,NA,NA,NA,0,NA,NA,NA,NA,0,NA,NA,NA,NA,0,NA,NA,NA,NA,885270,NA,NA,NA,NA,0,NA,NA,NA,NA,0,NA,NA,NA,NA,0,NA,NA,NA,NA,3000000,NA,NA,NA,NA,806560,NA,NA,NA,NA,655330,NA,NA,NA,NA,0,NA,NA,NA,NA,1796575,NA,NA,NA,NA,1436110,NA,NA,NA,NA
M19 [Other Items],19.7,IFA - Blue ( Adolescent 10-19 yrs),1. Balance From Previous Month,6507495,NA,NA,NA,NA,0,NA,NA,NA,NA,0,NA,NA,NA,NA,0,NA,NA,NA,NA,724320,NA,NA,NA,NA,0,NA,NA,NA,NA,NA,NA,NA,NA,NA,2038980,NA,NA,NA,NA,NA,NA,NA,NA,NA,420080,NA,NA,NA,NA,NA,NA,NA,NA,NA,NA,NA,NA,NA,NA,0,NA,NA,NA,NA,117570,NA,NA,NA,NA,NA,NA,NA,NA,NA,NA,NA,NA,NA,NA,NA,NA,NA,NA,NA,NA,NA,NA,NA,NA,NA,NA,NA,NA,NA,NA,NA,NA,NA,NA,0,NA,NA,NA,NA,0,NA,NA,NA,NA,450000,NA,NA,NA,NA,58190,NA,NA,NA,NA,1214650,NA,NA,NA,NA,NA,NA,NA,NA,NA,1452780,NA,NA,NA,NA,30925,NA,NA,NA,NA
M19 [Other Items],19.7,IFA - Blue ( Adolescent 10-19 yrs),2. Stocks Received,2000000,NA,NA,NA,NA,0,NA,NA,NA,NA,0,NA,NA,NA,NA,NA,NA,NA,NA,NA,NA,NA,NA,NA,NA,0,NA,NA,NA,NA,NA,NA,NA,NA,NA,0,NA,NA,NA,NA,NA,NA,NA,NA,NA,NA,NA,NA,NA,NA,NA,NA,NA,NA,NA,NA,NA,NA,NA,NA,0,NA,NA,NA,NA,NA,NA,NA,NA,NA,NA,NA,NA,NA,NA,NA,NA,NA,NA,NA,NA,NA,NA,NA,NA,NA,NA,NA,NA,NA,NA,NA,NA,NA,NA,NA,NA,NA,NA,NA,0,NA,NA,NA,NA,0,NA,NA,NA,NA,2000000,NA,NA,NA,NA,0,NA,NA,NA,NA,0,NA,NA,NA,NA,NA,NA,NA,NA,NA,NA,NA,NA,NA,NA,0,NA,NA,NA,NA
M19 [Other Items],19.7,IFA - Blue ( Adolescent 10-19 yrs),3. Unusable Stock,0,NA,NA,NA,NA,0,NA,NA,NA,NA,0,NA,NA,NA,NA,NA,NA,NA,NA,NA,NA,NA,NA,NA,NA,0,NA,NA,NA,NA,NA,NA,NA,NA,NA,0,NA,NA,NA,NA,NA,NA,NA,NA,NA,NA,NA,NA,NA,NA,NA,NA,NA,NA,NA,NA,NA,NA,NA,NA,NA,NA,NA,NA,NA,NA,NA,NA,NA,NA,NA,NA,NA,NA,NA,NA,NA,NA,NA,NA,NA,NA,NA,NA,NA,NA,NA,NA,NA,NA,NA,NA,NA,NA,NA,NA,NA,NA,NA,NA,0,NA,NA,NA,NA,0,NA,NA,NA,NA,0,NA,NA,NA,NA,NA,NA,NA,NA,NA,0,NA,NA,NA,NA,NA,NA,NA,NA,NA,NA,NA,NA,NA,NA,NA,NA,NA,NA,NA
M19 [Other Items],19.7,IFA - Blue ( Adolescent 10-19 yrs),4. Stock Distributed,1155075,NA,NA,NA,NA,0,NA,NA,NA,NA,0,NA,NA,NA,NA,NA,NA,NA,NA,NA,90000,NA,NA,NA,NA,0,NA,NA,NA,NA,NA,NA,NA,NA,NA,95000,NA,NA,NA,NA,NA,NA,NA,NA,NA,20075,NA,NA,NA,NA,NA,NA,NA,NA,NA,NA,NA,NA,NA,NA,0,NA,NA,NA,NA,NA,NA,NA,NA,NA,NA,NA,NA,NA,NA,NA,NA,NA,NA,NA,NA,NA,NA,NA,NA,NA,NA,NA,NA,NA,NA,NA,NA,NA,NA,NA,NA,NA,NA,NA,0,NA,NA,NA,NA,0,NA,NA,NA,NA,950000,NA,NA,NA,NA,0,NA,NA,NA,NA,0,NA,NA,NA,NA,NA,NA,NA,NA,NA,0,NA,NA,NA,NA,0,NA,NA,NA,NA
M19 [Other Items],19.7,IFA - Blue ( Adolescent 10-19 yrs),5. Total Stock,7352420,NA,NA,NA,NA,0,NA,NA,NA,NA,0,NA,NA,NA,NA,0,NA,NA,NA,NA,634320,NA,NA,NA,NA,0,NA,NA,NA,NA,0,NA,NA,NA,NA,1943980,NA,NA,NA,NA,0,NA,NA,NA,NA,400005,NA,NA,NA,NA,NA,NA,NA,NA,NA,0,NA,NA,NA,NA,0,NA,NA,NA,NA,117570,NA,NA,NA,NA,0,NA,NA,NA,NA,0,NA,NA,NA,NA,0,NA,NA,NA,NA,0,NA,NA,NA,NA,0,NA,NA,NA,NA,0,NA,NA,NA,NA,0,NA,NA,NA,NA,0,NA,NA,NA,NA,1500000,NA,NA,NA,NA,58190,NA,NA,NA,NA,1214650,NA,NA,NA,NA,0,NA,NA,NA,NA,1452780,NA,NA,NA,NA,30925,NA,NA,NA,NA
M19 [Other Items],19.8,IFA- Pink ( Junior 6-10 yrs),1. Balance From Previous Month,8027515,NA,NA,NA,NA,0,NA,NA,NA,NA,0,NA,NA,NA,NA,0,NA,NA,NA,NA,2016690,NA,NA,NA,NA,980,NA,NA,NA,NA,NA,NA,NA,NA,NA,928810,NA,NA,NA,NA,NA,NA,NA,NA,NA,1233120,NA,NA,NA,NA,NA,NA,NA,NA,NA,NA,NA,NA,NA,NA,0,NA,NA,NA,NA,402357,NA,NA,NA,NA,NA,NA,NA,NA,NA,NA,NA,NA,NA,NA,NA,NA,NA,NA,NA,NA,NA,NA,NA,NA,NA,NA,NA,NA,NA,NA,NA,NA,NA,NA,0,NA,NA,NA,NA,0,NA,NA,NA,NA,120000,NA,NA,NA,NA,539900,NA,NA,NA,NA,654800,NA,NA,NA,NA,NA,NA,NA,NA,NA,1144010,NA,NA,NA,NA,986848,NA,NA,NA,NA
M19 [Other Items],19.8,IFA- Pink ( Junior 6-10 yrs),2. Stocks Received,502700,NA,NA,NA,NA,0,NA,NA,NA,NA,0,NA,NA,NA,NA,NA,NA,NA,NA,NA,NA,NA,NA,NA,NA,0,NA,NA,NA,NA,NA,NA,NA,NA,NA,0,NA,NA,NA,NA,NA,NA,NA,NA,NA,NA,NA,NA,NA,NA,NA,NA,NA,NA,NA,NA,NA,NA,NA,NA,0,NA,NA,NA,NA,NA,NA,NA,NA,NA,NA,NA,NA,NA,NA,NA,NA,NA,NA,NA,NA,NA,NA,NA,NA,NA,NA,NA,NA,NA,NA,NA,NA,NA,NA,NA,NA,NA,NA,NA,0,NA,NA,NA,NA,0,NA,NA,NA,NA,0,NA,NA,NA,NA,502700,NA,NA,NA,NA,0,NA,NA,NA,NA,NA,NA,NA,NA,NA,NA,NA,NA,NA,NA,0,NA,NA,NA,NA
M19 [Other Items],19.8,IFA- Pink ( Junior 6-10 yrs),3. Unusable Stock,0,NA,NA,NA,NA,0,NA,NA,NA,NA,0,NA,NA,NA,NA,NA,NA,NA,NA,NA,NA,NA,NA,NA,NA,0,NA,NA,NA,NA,NA,NA,NA,NA,NA,0,NA,NA,NA,NA,NA,NA,NA,NA,NA,NA,NA,NA,NA,NA,NA,NA,NA,NA,NA,NA,NA,NA,NA,NA,NA,NA,NA,NA,NA,NA,NA,NA,NA,NA,NA,NA,NA,NA,NA,NA,NA,NA,NA,NA,NA,NA,NA,NA,NA,NA,NA,NA,NA,NA,NA,NA,NA,NA,NA,NA,NA,NA,NA,NA,0,NA,NA,NA,NA,0,NA,NA,NA,NA,0,NA,NA,NA,NA,NA,NA,NA,NA,NA,0,NA,NA,NA,NA,NA,NA,NA,NA,NA,NA,NA,NA,NA,NA,NA,NA,NA,NA,NA
M19 [Other Items],19.8,IFA- Pink ( Junior 6-10 yrs),4. Stock Distributed,1316380,NA,NA,NA,NA,0,NA,NA,NA,NA,0,NA,NA,NA,NA,NA,NA,NA,NA,NA,135000,NA,NA,NA,NA,980,NA,NA,NA,NA,NA,NA,NA,NA,NA,643000,NA,NA,NA,NA,NA,NA,NA,NA,NA,16000,NA,NA,NA,NA,NA,NA,NA,NA,NA,NA,NA,NA,NA,NA,0,NA,NA,NA,NA,120000,NA,NA,NA,NA,NA,NA,NA,NA,NA,NA,NA,NA,NA,NA,NA,NA,NA,NA,NA,NA,NA,NA,NA,NA,NA,NA,NA,NA,NA,NA,NA,NA,NA,NA,0,NA,NA,NA,NA,0,NA,NA,NA,NA,120000,NA,NA,NA,NA,227400,NA,NA,NA,NA,54000,NA,NA,NA,NA,NA,NA,NA,NA,NA,0,NA,NA,NA,NA,0,NA,NA,NA,NA
M19 [Other Items],19.8,IFA- Pink ( Junior 6-10 yrs),5. Total Stock,7213835,NA,NA,NA,NA,0,NA,NA,NA,NA,0,NA,NA,NA,NA,0,NA,NA,NA,NA,1881690,NA,NA,NA,NA,0,NA,NA,NA,NA,0,NA,NA,NA,NA,285810,NA,NA,NA,NA,0,NA,NA,NA,NA,1217120,NA,NA,NA,NA,NA,NA,NA,NA,NA,0,NA,NA,NA,NA,0,NA,NA,NA,NA,282357,NA,NA,NA,NA,0,NA,NA,NA,NA,0,NA,NA,NA,NA,0,NA,NA,NA,NA,0,NA,NA,NA,NA,0,NA,NA,NA,NA,0,NA,NA,NA,NA,0,NA,NA,NA,NA,0,NA,NA,NA,NA,0,NA,NA,NA,NA,815200,NA,NA,NA,NA,600800,NA,NA,NA,NA,0,NA,NA,NA,NA,1144010,NA,NA,NA,NA,986848,NA,NA,NA,NA
M19 [Other Items],19.9,IFA Syrup (Paediatric),1. Balance From Previous Month,255278,NA,NA,NA,NA,17600,NA,NA,NA,NA,0,NA,NA,NA,NA,9500,NA,NA,NA,NA,65100,NA,NA,NA,NA,14400,NA,NA,NA,NA,NA,NA,NA,NA,NA,9000,NA,NA,NA,NA,NA,NA,NA,NA,NA,40127,NA,NA,NA,NA,NA,NA,NA,NA,NA,NA,NA,NA,NA,NA,0,NA,NA,NA,NA,3770,NA,NA,NA,NA,NA,NA,NA,NA,NA,NA,NA,NA,NA,NA,NA,NA,NA,NA,NA,NA,NA,NA,NA,NA,9900,NA,NA,NA,NA,NA,NA,NA,NA,NA,0,NA,NA,NA,NA,0,NA,NA,NA,NA,68837,NA,NA,NA,NA,2700,NA,NA,NA,NA,2000,NA,NA,NA,NA,NA,NA,NA,NA,NA,9900,NA,NA,NA,NA,2444,NA,NA,NA,NA
M19 [Other Items],19.9,IFA Syrup (Paediatric),2. Stocks Received,14056,NA,NA,NA,NA,0,NA,NA,NA,NA,0,NA,NA,NA,NA,NA,NA,NA,NA,NA,NA,NA,NA,NA,NA,0,NA,NA,NA,NA,NA,NA,NA,NA,NA,0,NA,NA,NA,NA,NA,NA,NA,NA,NA,NA,NA,NA,NA,NA,NA,NA,NA,NA,NA,NA,NA,NA,NA,NA,0,NA,NA,NA,NA,NA,NA,NA,NA,NA,NA,NA,NA,NA,NA,NA,NA,NA,NA,NA,NA,NA,NA,NA,NA,NA,NA,NA,NA,NA,0,NA,NA,NA,NA,NA,NA,NA,NA,NA,0,NA,NA,NA,NA,0,NA,NA,NA,NA,0,NA,NA,NA,NA,0,NA,NA,NA,NA,0,NA,NA,NA,NA,NA,NA,NA,NA,NA,0,NA,NA,NA,NA,14056,NA,NA,NA,NA
M19 [Other Items],19.9,IFA Syrup (Paediatric),3. Unusable Stock,0,NA,NA,NA,NA,0,NA,NA,NA,NA,0,NA,NA,NA,NA,NA,NA,NA,NA,NA,NA,NA,NA,NA,NA,0,NA,NA,NA,NA,NA,NA,NA,NA,NA,0,NA,NA,NA,NA,NA,NA,NA,NA,NA,NA,NA,NA,NA,NA,NA,NA,NA,NA,NA,NA,NA,NA,NA,NA,NA,NA,NA,NA,NA,NA,NA,NA,NA,NA,NA,NA,NA,NA,NA,NA,NA,NA,NA,NA,NA,NA,NA,NA,NA,NA,NA,NA,NA,NA,0,NA,NA,NA,NA,NA,NA,NA,NA,NA,0,NA,NA,NA,NA,0,NA,NA,NA,NA,0,NA,NA,NA,NA,NA,NA,NA,NA,NA,0,NA,NA,NA,NA,NA,NA,NA,NA,NA,NA,NA,NA,NA,NA,NA,NA,NA,NA,NA
M19 [Other Items],19.9,IFA Syrup (Paediatric),4. Stock Distributed,31048,NA,NA,NA,NA,500,NA,NA,NA,NA,0,NA,NA,NA,NA,NA,NA,NA,NA,NA,7700,NA,NA,NA,NA,2050,NA,NA,NA,NA,NA,NA,NA,NA,NA,1900,NA,NA,NA,NA,NA,NA,NA,NA,NA,500,NA,NA,NA,NA,NA,NA,NA,NA,NA,NA,NA,NA,NA,NA,0,NA,NA,NA,NA,2600,NA,NA,NA,NA,NA,NA,NA,NA,NA,NA,NA,NA,NA,NA,NA,NA,NA,NA,NA,NA,NA,NA,NA,NA,6800,NA,NA,NA,NA,NA,NA,NA,NA,NA,0,NA,NA,NA,NA,0,NA,NA,NA,NA,7098,NA,NA,NA,NA,200,NA,NA,NA,NA,1100,NA,NA,NA,NA,NA,NA,NA,NA,NA,600,NA,NA,NA,NA,0,NA,NA,NA,NA
M19 [Other Items],19.9,IFA Syrup (Paediatric),5. Total Stock,238286,NA,NA,NA,NA,17100,NA,NA,NA,NA,0,NA,NA,NA,NA,9500,NA,NA,NA,NA,57400,NA,NA,NA,NA,12350,NA,NA,NA,NA,0,NA,NA,NA,NA,7100,NA,NA,NA,NA,0,NA,NA,NA,NA,39627,NA,NA,NA,NA,NA,NA,NA,NA,NA,0,NA,NA,NA,NA,0,NA,NA,NA,NA,1170,NA,NA,NA,NA,0,NA,NA,NA,NA,0,NA,NA,NA,NA,0,NA,NA,NA,NA,0,NA,NA,NA,NA,3100,NA,NA,NA,NA,0,NA,NA,NA,NA,0,NA,NA,NA,NA,0,NA,NA,NA,NA,61739,NA,NA,NA,NA,2500,NA,NA,NA,NA,900,NA,NA,NA,NA,0,NA,NA,NA,NA,9300,NA,NA,NA,NA,16500,NA,NA,NA,NA
M19 [Other Items],19.1,Paediatrics Antibiotics ( Amoxycillin and Injectable Gentamicin),1. Balance From Previous Month,42810,NA,NA,NA,NA,2500,NA,NA,NA,NA,0,NA,NA,NA,NA,16100,NA,NA,NA,NA,100,NA,NA,NA,NA,12300,NA,NA,NA,NA,NA,NA,NA,NA,NA,0,NA,NA,NA,NA,NA,NA,NA,NA,NA,NA,NA,NA,NA,NA,NA,NA,NA,NA,NA,NA,NA,NA,NA,NA,0,NA,NA,NA,NA,8510,NA,NA,NA,NA,NA,NA,NA,NA,NA,NA,NA,NA,NA,NA,NA,NA,NA,NA,NA,NA,NA,NA,NA,NA,1400,NA,NA,NA,NA,NA,NA,NA,NA,NA,0,NA,NA,NA,NA,1900,NA,NA,NA,NA,0,NA,NA,NA,NA,0,NA,NA,NA,NA,NA,NA,NA,NA,NA,NA,NA,NA,NA,NA,0,NA,NA,NA,NA,NA,NA,NA,NA,NA
M19 [Other Items],19.1,Paediatrics Antibiotics ( Amoxycillin and Injectable Gentamicin),2. Stocks Received,6890,NA,NA,NA,NA,0,NA,NA,NA,NA,0,NA,NA,NA,NA,NA,NA,NA,NA,NA,4500,NA,NA,NA,NA,2390,NA,NA,NA,NA,NA,NA,NA,NA,NA,0,NA,NA,NA,NA,NA,NA,NA,NA,NA,NA,NA,NA,NA,NA,NA,NA,NA,NA,NA,NA,NA,NA,NA,NA,0,NA,NA,NA,NA,NA,NA,NA,NA,NA,NA,NA,NA,NA,NA,NA,NA,NA,NA,NA,NA,NA,NA,NA,NA,NA,NA,NA,NA,NA,0,NA,NA,NA,NA,NA,NA,NA,NA,NA,0,NA,NA,NA,NA,0,NA,NA,NA,NA,0,NA,NA,NA,NA,NA,NA,NA,NA,NA,NA,NA,NA,NA,NA,NA,NA,NA,NA,NA,0,NA,NA,NA,NA,NA,NA,NA,NA,NA
M19 [Other Items],19.1,Paediatrics Antibiotics ( Amoxycillin and Injectable Gentamicin),3. Unusable Stock,0,NA,NA,NA,NA,0,NA,NA,NA,NA,0,NA,NA,NA,NA,NA,NA,NA,NA,NA,NA,NA,NA,NA,NA,0,NA,NA,NA,NA,NA,NA,NA,NA,NA,0,NA,NA,NA,NA,NA,NA,NA,NA,NA,NA,NA,NA,NA,NA,NA,NA,NA,NA,NA,NA,NA,NA,NA,NA,NA,NA,NA,NA,NA,NA,NA,NA,NA,NA,NA,NA,NA,NA,NA,NA,NA,NA,NA,NA,NA,NA,NA,NA,NA,NA,NA,NA,NA,NA,0,NA,NA,NA,NA,NA,NA,NA,NA,NA,0,NA,NA,NA,NA,0,NA,NA,NA,NA,0,NA,NA,NA,NA,NA,NA,NA,NA,NA,NA,NA,NA,NA,NA,NA,NA,NA,NA,NA,NA,NA,NA,NA,NA,NA,NA,NA,NA,NA
M19 [Other Items],19.1,Paediatrics Antibiotics ( Amoxycillin and Injectable Gentamicin),4. Stock Distributed,15310,NA,NA,NA,NA,700,NA,NA,NA,NA,0,NA,NA,NA,NA,4600,NA,NA,NA,NA,1500,NA,NA,NA,NA,3000,NA,NA,NA,NA,NA,NA,NA,NA,NA,0,NA,NA,NA,NA,NA,NA,NA,NA,NA,NA,NA,NA,NA,NA,NA,NA,NA,NA,NA,NA,NA,NA,NA,NA,0,NA,NA,NA,NA,4010,NA,NA,NA,NA,NA,NA,NA,NA,NA,NA,NA,NA,NA,NA,NA,NA,NA,NA,NA,NA,NA,NA,NA,NA,0,NA,NA,NA,NA,NA,NA,NA,NA,NA,0,NA,NA,NA,NA,1500,NA,NA,NA,NA,0,NA,NA,NA,NA,NA,NA,NA,NA,NA,NA,NA,NA,NA,NA,NA,NA,NA,NA,NA,0,NA,NA,NA,NA,NA,NA,NA,NA,NA
M19 [Other Items],19.1,Paediatrics Antibiotics ( Amoxycillin and Injectable Gentamicin),5. Total Stock,34390,NA,NA,NA,NA,1800,NA,NA,NA,NA,0,NA,NA,NA,NA,11500,NA,NA,NA,NA,3100,NA,NA,NA,NA,11690,NA,NA,NA,NA,0,NA,NA,NA,NA,0,NA,NA,NA,NA,0,NA,NA,NA,NA,0,NA,NA,NA,NA,NA,NA,NA,NA,NA,0,NA,NA,NA,NA,0,NA,NA,NA,NA,4500,NA,NA,NA,NA,0,NA,NA,NA,NA,0,NA,NA,NA,NA,0,NA,NA,NA,NA,0,NA,NA,NA,NA,1400,NA,NA,NA,NA,0,NA,NA,NA,NA,0,NA,NA,NA,NA,400,NA,NA,NA,NA,0,NA,NA,NA,NA,0,NA,NA,NA,NA,0,NA,NA,NA,NA,0,NA,NA,NA,NA,0,NA,NA,NA,NA,0,NA,NA,NA,NA
M19 [Other Items],19.11,Vit A syrup,1. Balance From Previous Month,3654,NA,NA,NA,NA,0,NA,NA,NA,NA,0,NA,NA,NA,NA,0,NA,NA,NA,NA,0,NA,NA,NA,NA,0,NA,NA,NA,NA,NA,NA,NA,NA,NA,0,NA,NA,NA,NA,NA,NA,NA,NA,NA,854,NA,NA,NA,NA,NA,NA,NA,NA,NA,NA,NA,NA,NA,NA,0,NA,NA,NA,NA,120,NA,NA,NA,NA,NA,NA,NA,NA,NA,NA,NA,NA,NA,NA,NA,NA,NA,NA,NA,NA,NA,NA,NA,NA,249,NA,NA,NA,NA,NA,NA,NA,NA,NA,0,NA,NA,NA,NA,0,NA,NA,NA,NA,2008,NA,NA,NA,NA,50,NA,NA,NA,NA,69,NA,NA,NA,NA,NA,NA,NA,NA,NA,304,NA,NA,NA,NA,NA,NA,NA,NA,NA
M19 [Other Items],19.11,Vit A syrup,2. Stocks Received,20913,NA,NA,NA,NA,0,NA,NA,NA,NA,0,NA,NA,NA,NA,1338,NA,NA,NA,NA,4101,NA,NA,NA,NA,577,NA,NA,NA,NA,NA,NA,NA,NA,NA,1586,NA,NA,NA,NA,NA,NA,NA,NA,NA,636,NA,NA,NA,NA,NA,NA,NA,NA,NA,NA,NA,NA,NA,NA,1749,NA,NA,NA,NA,1754,NA,NA,NA,NA,NA,NA,NA,NA,NA,NA,NA,NA,NA,NA,NA,NA,NA,NA,NA,NA,NA,NA,NA,NA,3126,NA,NA,NA,NA,NA,NA,NA,NA,NA,0,NA,NA,NA,NA,1846,NA,NA,NA,NA,0,NA,NA,NA,NA,0,NA,NA,NA,NA,200,NA,NA,NA,NA,NA,NA,NA,NA,NA,2176,NA,NA,NA,NA,1824,NA,NA,NA,NA
M19 [Other Items],19.11,Vit A syrup,3. Unusable Stock,0,NA,NA,NA,NA,0,NA,NA,NA,NA,0,NA,NA,NA,NA,NA,NA,NA,NA,NA,NA,NA,NA,NA,NA,0,NA,NA,NA,NA,NA,NA,NA,NA,NA,0,NA,NA,NA,NA,NA,NA,NA,NA,NA,NA,NA,NA,NA,NA,NA,NA,NA,NA,NA,NA,NA,NA,NA,NA,NA,NA,NA,NA,NA,NA,NA,NA,NA,NA,NA,NA,NA,NA,NA,NA,NA,NA,NA,NA,NA,NA,NA,NA,NA,NA,NA,NA,NA,NA,0,NA,NA,NA,NA,NA,NA,NA,NA,NA,0,NA,NA,NA,NA,0,NA,NA,NA,NA,0,NA,NA,NA,NA,NA,NA,NA,NA,NA,0,NA,NA,NA,NA,NA,NA,NA,NA,NA,NA,NA,NA,NA,NA,NA,NA,NA,NA,NA
M19 [Other Items],19.11,Vit A syrup,4. Stock Distributed,9232,NA,NA,NA,NA,0,NA,NA,NA,NA,0,NA,NA,NA,NA,1238,NA,NA,NA,NA,2000,NA,NA,NA,NA,500,NA,NA,NA,NA,NA,NA,NA,NA,NA,857,NA,NA,NA,NA,NA,NA,NA,NA,NA,205,NA,NA,NA,NA,NA,NA,NA,NA,NA,NA,NA,NA,NA,NA,1000,NA,NA,NA,NA,680,NA,NA,NA,NA,NA,NA,NA,NA,NA,NA,NA,NA,NA,NA,NA,NA,NA,NA,NA,NA,NA,NA,NA,NA,450,NA,NA,NA,NA,NA,NA,NA,NA,NA,0,NA,NA,NA,NA,0,NA,NA,NA,NA,1658,NA,NA,NA,NA,50,NA,NA,NA,NA,190,NA,NA,NA,NA,NA,NA,NA,NA,NA,404,NA,NA,NA,NA,0,NA,NA,NA,NA
M19 [Other Items],19.11,Vit A syrup,5. Total Stock,15335,NA,NA,NA,NA,0,NA,NA,NA,NA,0,NA,NA,NA,NA,100,NA,NA,NA,NA,2101,NA,NA,NA,NA,77,NA,NA,NA,NA,0,NA,NA,NA,NA,729,NA,NA,NA,NA,0,NA,NA,NA,NA,1285,NA,NA,NA,NA,NA,NA,NA,NA,NA,0,NA,NA,NA,NA,749,NA,NA,NA,NA,1194,NA,NA,NA,NA,0,NA,NA,NA,NA,0,NA,NA,NA,NA,0,NA,NA,NA,NA,0,NA,NA,NA,NA,2925,NA,NA,NA,NA,0,NA,NA,NA,NA,0,NA,NA,NA,NA,1846,NA,NA,NA,NA,350,NA,NA,NA,NA,0,NA,NA,NA,NA,79,NA,NA,NA,NA,0,NA,NA,NA,NA,2076,NA,NA,NA,NA,1824,NA,NA,NA,NA
M19 [Other Items],19.12,ORS (New WHO),1. Balance From Previous Month,896740,NA,NA,NA,NA,14400,NA,NA,NA,NA,0,NA,NA,NA,NA,702,NA,NA,NA,NA,69684,NA,NA,NA,NA,350,NA,NA,NA,NA,NA,NA,NA,NA,NA,342955,NA,NA,NA,NA,NA,NA,NA,NA,NA,4800,NA,NA,NA,NA,NA,NA,NA,NA,NA,NA,NA,NA,NA,NA,13400,NA,NA,NA,NA,600,NA,NA,NA,NA,NA,NA,NA,NA,NA,NA,NA,NA,NA,NA,NA,NA,NA,NA,NA,NA,NA,NA,NA,NA,44480,NA,NA,NA,NA,NA,NA,NA,NA,NA,0,NA,NA,NA,NA,0,NA,NA,NA,NA,251295,NA,NA,NA,NA,107071,NA,NA,NA,NA,0,NA,NA,NA,NA,NA,NA,NA,NA,NA,10403,NA,NA,NA,NA,36600,NA,NA,NA,NA
M19 [Other Items],19.12,ORS (New WHO),2. Stocks Received,702000,NA,NA,NA,NA,0,NA,NA,NA,NA,0,NA,NA,NA,NA,330000,NA,NA,NA,NA,NA,NA,NA,NA,NA,0,NA,NA,NA,NA,NA,NA,NA,NA,NA,0,NA,NA,NA,NA,NA,NA,NA,NA,NA,329000,NA,NA,NA,NA,NA,NA,NA,NA,NA,NA,NA,NA,NA,NA,0,NA,NA,NA,NA,3000,NA,NA,NA,NA,NA,NA,NA,NA,NA,NA,NA,NA,NA,NA,NA,NA,NA,NA,NA,NA,NA,NA,NA,NA,0,NA,NA,NA,NA,NA,NA,NA,NA,NA,0,NA,NA,NA,NA,0,NA,NA,NA,NA,0,NA,NA,NA,NA,0,NA,NA,NA,NA,40000,NA,NA,NA,NA,NA,NA,NA,NA,NA,0,NA,NA,NA,NA,0,NA,NA,NA,NA
M19 [Other Items],19.12,ORS (New WHO),3. Unusable Stock,0,NA,NA,NA,NA,0,NA,NA,NA,NA,0,NA,NA,NA,NA,NA,NA,NA,NA,NA,NA,NA,NA,NA,NA,0,NA,NA,NA,NA,NA,NA,NA,NA,NA,0,NA,NA,NA,NA,NA,NA,NA,NA,NA,NA,NA,NA,NA,NA,NA,NA,NA,NA,NA,NA,NA,NA,NA,NA,NA,NA,NA,NA,NA,NA,NA,NA,NA,NA,NA,NA,NA,NA,NA,NA,NA,NA,NA,NA,NA,NA,NA,NA,NA,NA,NA,NA,NA,NA,0,NA,NA,NA,NA,NA,NA,NA,NA,NA,0,NA,NA,NA,NA,0,NA,NA,NA,NA,0,NA,NA,NA,NA,NA,NA,NA,NA,NA,0,NA,NA,NA,NA,NA,NA,NA,NA,NA,NA,NA,NA,NA,NA,NA,NA,NA,NA,NA
M19 [Other Items],19.12,ORS (New WHO),4. Stock Distributed,311313,NA,NA,NA,NA,13200,NA,NA,NA,NA,0,NA,NA,NA,NA,85200,NA,NA,NA,NA,32200,NA,NA,NA,NA,150,NA,NA,NA,NA,NA,NA,NA,NA,NA,28220,NA,NA,NA,NA,NA,NA,NA,NA,NA,7640,NA,NA,NA,NA,NA,NA,NA,NA,NA,NA,NA,NA,NA,NA,13400,NA,NA,NA,NA,600,NA,NA,NA,NA,NA,NA,NA,NA,NA,NA,NA,NA,NA,NA,NA,NA,NA,NA,NA,NA,NA,NA,NA,NA,0,NA,NA,NA,NA,NA,NA,NA,NA,NA,0,NA,NA,NA,NA,0,NA,NA,NA,NA,53100,NA,NA,NA,NA,54800,NA,NA,NA,NA,0,NA,NA,NA,NA,NA,NA,NA,NA,NA,8403,NA,NA,NA,NA,14400,NA,NA,NA,NA
M19 [Other Items],19.12,ORS (New WHO),5. Total Stock,1247427,NA,NA,NA,NA,1200,NA,NA,NA,NA,0,NA,NA,NA,NA,245502,NA,NA,NA,NA,37484,NA,NA,NA,NA,200,NA,NA,NA,NA,NA,NA,NA,NA,NA,314735,NA,NA,NA,NA,NA,NA,NA,NA,NA,326160,NA,NA,NA,NA,NA,NA,NA,NA,NA,NA,NA,NA,NA,NA,0,NA,NA,NA,NA,3000,NA,NA,NA,NA,NA,NA,NA,NA,NA,NA,NA,NA,NA,NA,NA,NA,NA,NA,NA,NA,NA,NA,NA,NA,44480,NA,NA,NA,NA,NA,NA,NA,NA,NA,0,NA,NA,NA,NA,0,NA,NA,NA,NA,198195,NA,NA,NA,NA,52271,NA,NA,NA,NA,NA,NA,NA,NA,NA,NA,NA,NA,NA,NA,2000,NA,NA,NA,NA,22200,NA,NA,NA,NA
M19 [Other Items],19.13,RTI /STI colour coded syndromic kits ( I to VII),1. Balance From Previous Month,0,NA,NA,NA,NA,0,NA,NA,NA,NA,0,NA,NA,NA,NA,NA,NA,NA,NA,NA,NA,NA,NA,NA,NA,0,NA,NA,NA,NA,NA,NA,NA,NA,NA,0,NA,NA,NA,NA,NA,NA,NA,NA,NA,NA,NA,NA,NA,NA,NA,NA,NA,NA,NA,NA,NA,NA,NA,NA,0,NA,NA,NA,NA,NA,NA,NA,NA,NA,NA,NA,NA,NA,NA,NA,NA,NA,NA,NA,NA,NA,NA,NA,NA,NA,NA,NA,NA,NA,NA,NA,NA,NA,NA,NA,NA,NA,NA,NA,0,NA,NA,NA,NA,0,NA,NA,NA,NA,0,NA,NA,NA,NA,0,NA,NA,NA,NA,NA,NA,NA,NA,NA,NA,NA,NA,NA,NA,0,NA,NA,NA,NA,NA,NA,NA,NA,NA
M19 [Other Items],19.13,RTI /STI colour coded syndromic kits ( I to VII),2. Stocks Received,0,NA,NA,NA,NA,0,NA,NA,NA,NA,0,NA,NA,NA,NA,NA,NA,NA,NA,NA,NA,NA,NA,NA,NA,0,NA,NA,NA,NA,NA,NA,NA,NA,NA,0,NA,NA,NA,NA,NA,NA,NA,NA,NA,NA,NA,NA,NA,NA,NA,NA,NA,NA,NA,NA,NA,NA,NA,NA,0,NA,NA,NA,NA,NA,NA,NA,NA,NA,NA,NA,NA,NA,NA,NA,NA,NA,NA,NA,NA,NA,NA,NA,NA,NA,NA,NA,NA,NA,NA,NA,NA,NA,NA,NA,NA,NA,NA,NA,0,NA,NA,NA,NA,0,NA,NA,NA,NA,0,NA,NA,NA,NA,NA,NA,NA,NA,NA,NA,NA,NA,NA,NA,NA,NA,NA,NA,NA,0,NA,NA,NA,NA,NA,NA,NA,NA,NA
M19 [Other Items],19.13,RTI /STI colour coded syndromic kits ( I to VII),3. Unusable Stock,0,NA,NA,NA,NA,0,NA,NA,NA,NA,0,NA,NA,NA,NA,NA,NA,NA,NA,NA,NA,NA,NA,NA,NA,0,NA,NA,NA,NA,NA,NA,NA,NA,NA,0,NA,NA,NA,NA,NA,NA,NA,NA,NA,NA,NA,NA,NA,NA,NA,NA,NA,NA,NA,NA,NA,NA,NA,NA,NA,NA,NA,NA,NA,NA,NA,NA,NA,NA,NA,NA,NA,NA,NA,NA,NA,NA,NA,NA,NA,NA,NA,NA,NA,NA,NA,NA,NA,NA,NA,NA,NA,NA,NA,NA,NA,NA,NA,NA,0,NA,NA,NA,NA,0,NA,NA,NA,NA,0,NA,NA,NA,NA,NA,NA,NA,NA,NA,NA,NA,NA,NA,NA,NA,NA,NA,NA,NA,NA,NA,NA,NA,NA,NA,NA,NA,NA,NA
M19 [Other Items],19.13,RTI /STI colour coded syndromic kits ( I to VII),4. Stock Distributed,0,NA,NA,NA,NA,0,NA,NA,NA,NA,0,NA,NA,NA,NA,NA,NA,NA,NA,NA,NA,NA,NA,NA,NA,0,NA,NA,NA,NA,NA,NA,NA,NA,NA,0,NA,NA,NA,NA,NA,NA,NA,NA,NA,NA,NA,NA,NA,NA,NA,NA,NA,NA,NA,NA,NA,NA,NA,NA,0,NA,NA,NA,NA,NA,NA,NA,NA,NA,NA,NA,NA,NA,NA,NA,NA,NA,NA,NA,NA,NA,NA,NA,NA,NA,NA,NA,NA,NA,NA,NA,NA,NA,NA,NA,NA,NA,NA,NA,0,NA,NA,NA,NA,0,NA,NA,NA,NA,0,NA,NA,NA,NA,NA,NA,NA,NA,NA,NA,NA,NA,NA,NA,NA,NA,NA,NA,NA,0,NA,NA,NA,NA,NA,NA,NA,NA,NA
M19 [Other Items],19.13,RTI /STI colour coded syndromic kits ( I to VII),5. Total Stock,0,NA,NA,NA,NA,0,NA,NA,NA,NA,0,NA,NA,NA,NA,NA,NA,NA,NA,NA,NA,NA,NA,NA,NA,0,NA,NA,NA,NA,NA,NA,NA,NA,NA,0,NA,NA,NA,NA,NA,NA,NA,NA,NA,NA,NA,NA,NA,NA,NA,NA,NA,NA,NA,NA,NA,NA,NA,NA,0,NA,NA,NA,NA,NA,NA,NA,NA,NA,NA,NA,NA,NA,NA,NA,NA,NA,NA,NA,NA,NA,NA,NA,NA,NA,NA,NA,NA,NA,NA,NA,NA,NA,NA,NA,NA,NA,NA,NA,0,NA,NA,NA,NA,0,NA,NA,NA,NA,0,NA,NA,NA,NA,0,NA,NA,NA,NA,NA,NA,NA,NA,NA,NA,NA,NA,NA,NA,0,NA,NA,NA,NA,NA,NA,NA,NA,NA
M19 [Other Items],19.14,Zinc 20 mg tablet,1. Balance From Previous Month,350833,NA,NA,NA,NA,0,NA,NA,NA,NA,0,NA,NA,NA,NA,4950,NA,NA,NA,NA,9979,NA,NA,NA,NA,294,NA,NA,NA,NA,NA,NA,NA,NA,NA,166270,NA,NA,NA,NA,NA,NA,NA,NA,NA,36460,NA,NA,NA,NA,NA,NA,NA,NA,NA,NA,NA,NA,NA,NA,0,NA,NA,NA,NA,75000,NA,NA,NA,NA,NA,NA,NA,NA,NA,NA,NA,NA,NA,NA,NA,NA,NA,NA,NA,NA,NA,NA,NA,NA,NA,NA,NA,NA,NA,NA,NA,NA,NA,NA,0,NA,NA,NA,NA,0,NA,NA,NA,NA,0,NA,NA,NA,NA,3500,NA,NA,NA,NA,20500,NA,NA,NA,NA,NA,NA,NA,NA,NA,0,NA,NA,NA,NA,33880,NA,NA,NA,NA
M19 [Other Items],19.14,Zinc 20 mg tablet,2. Stocks Received,25000,NA,NA,NA,NA,0,NA,NA,NA,NA,0,NA,NA,NA,NA,NA,NA,NA,NA,NA,NA,NA,NA,NA,NA,0,NA,NA,NA,NA,NA,NA,NA,NA,NA,0,NA,NA,NA,NA,NA,NA,NA,NA,NA,NA,NA,NA,NA,NA,NA,NA,NA,NA,NA,NA,NA,NA,NA,NA,0,NA,NA,NA,NA,NA,NA,NA,NA,NA,NA,NA,NA,NA,NA,NA,NA,NA,NA,NA,NA,NA,NA,NA,NA,NA,NA,NA,NA,NA,NA,NA,NA,NA,NA,NA,NA,NA,NA,NA,0,NA,NA,NA,NA,25000,NA,NA,NA,NA,0,NA,NA,NA,NA,0,NA,NA,NA,NA,0,NA,NA,NA,NA,NA,NA,NA,NA,NA,0,NA,NA,NA,NA,0,NA,NA,NA,NA
M19 [Other Items],19.14,Zinc 20 mg tablet,3. Unusable Stock,0,NA,NA,NA,NA,0,NA,NA,NA,NA,0,NA,NA,NA,NA,NA,NA,NA,NA,NA,NA,NA,NA,NA,NA,0,NA,NA,NA,NA,NA,NA,NA,NA,NA,0,NA,NA,NA,NA,NA,NA,NA,NA,NA,NA,NA,NA,NA,NA,NA,NA,NA,NA,NA,NA,NA,NA,NA,NA,NA,NA,NA,NA,NA,NA,NA,NA,NA,NA,NA,NA,NA,NA,NA,NA,NA,NA,NA,NA,NA,NA,NA,NA,NA,NA,NA,NA,NA,NA,NA,NA,NA,NA,NA,NA,NA,NA,NA,NA,0,NA,NA,NA,NA,0,NA,NA,NA,NA,0,NA,NA,NA,NA,NA,NA,NA,NA,NA,0,NA,NA,NA,NA,NA,NA,NA,NA,NA,NA,NA,NA,NA,NA,NA,NA,NA,NA,NA
M19 [Other Items],19.14,Zinc 20 mg tablet,4. Stock Distributed,117620,NA,NA,NA,NA,0,NA,NA,NA,NA,0,NA,NA,NA,NA,NA,NA,NA,NA,NA,1820,NA,NA,NA,NA,0,NA,NA,NA,NA,NA,NA,NA,NA,NA,5000,NA,NA,NA,NA,NA,NA,NA,NA,NA,7400,NA,NA,NA,NA,NA,NA,NA,NA,NA,NA,NA,NA,NA,NA,0,NA,NA,NA,NA,71100,NA,NA,NA,NA,NA,NA,NA,NA,NA,NA,NA,NA,NA,NA,NA,NA,NA,NA,NA,NA,NA,NA,NA,NA,NA,NA,NA,NA,NA,NA,NA,NA,NA,NA,0,NA,NA,NA,NA,25000,NA,NA,NA,NA,0,NA,NA,NA,NA,0,NA,NA,NA,NA,7300,NA,NA,NA,NA,NA,NA,NA,NA,NA,0,NA,NA,NA,NA,0,NA,NA,NA,NA
M19 [Other Items],19.14,Zinc 20 mg tablet,5. Total Stock,245013,NA,NA,NA,NA,0,NA,NA,NA,NA,0,NA,NA,NA,NA,4950,NA,NA,NA,NA,8159,NA,NA,NA,NA,294,NA,NA,NA,NA,NA,NA,NA,NA,NA,161270,NA,NA,NA,NA,NA,NA,NA,NA,NA,29060,NA,NA,NA,NA,NA,NA,NA,NA,NA,NA,NA,NA,NA,NA,0,NA,NA,NA,NA,3900,NA,NA,NA,NA,NA,NA,NA,NA,NA,NA,NA,NA,NA,NA,NA,NA,NA,NA,NA,NA,NA,NA,NA,NA,NA,NA,NA,NA,NA,NA,NA,NA,NA,NA,0,NA,NA,NA,NA,0,NA,NA,NA,NA,0,NA,NA,NA,NA,3500,NA,NA,NA,NA,NA,NA,NA,NA,NA,NA,NA,NA,NA,NA,0,NA,NA,NA,NA,33880,NA,NA,NA,NA
M19 [Other Items],19.15,Albendazole 400 mg tablet,1. Balance From Previous Month,387129,NA,NA,NA,NA,0,NA,NA,NA,NA,0,NA,NA,NA,NA,4520,NA,NA,NA,NA,84904,NA,NA,NA,NA,0,NA,NA,NA,NA,NA,NA,NA,NA,NA,121515,NA,NA,NA,NA,NA,NA,NA,NA,NA,20138,NA,NA,NA,NA,NA,NA,NA,NA,NA,NA,NA,NA,NA,NA,0,NA,NA,NA,NA,39046,NA,NA,NA,NA,NA,NA,NA,NA,NA,NA,NA,NA,NA,NA,NA,NA,NA,NA,NA,NA,NA,NA,NA,NA,NA,NA,NA,NA,NA,NA,NA,NA,NA,NA,0,NA,NA,NA,NA,2000,NA,NA,NA,NA,40379,NA,NA,NA,NA,0,NA,NA,NA,NA,NA,NA,NA,NA,NA,NA,NA,NA,NA,NA,28627,NA,NA,NA,NA,46000,NA,NA,NA,NA
M19 [Other Items],19.15,Albendazole 400 mg tablet,2. Stocks Received,41100,NA,NA,NA,NA,0,NA,NA,NA,NA,0,NA,NA,NA,NA,NA,NA,NA,NA,NA,NA,NA,NA,NA,NA,0,NA,NA,NA,NA,NA,NA,NA,NA,NA,0,NA,NA,NA,NA,NA,NA,NA,NA,NA,NA,NA,NA,NA,NA,NA,NA,NA,NA,NA,NA,NA,NA,NA,NA,0,NA,NA,NA,NA,34000,NA,NA,NA,NA,NA,NA,NA,NA,NA,NA,NA,NA,NA,NA,NA,NA,NA,NA,NA,NA,NA,NA,NA,NA,NA,NA,NA,NA,NA,NA,NA,NA,NA,NA,0,NA,NA,NA,NA,7100,NA,NA,NA,NA,0,NA,NA,NA,NA,0,NA,NA,NA,NA,NA,NA,NA,NA,NA,NA,NA,NA,NA,NA,NA,NA,NA,NA,NA,0,NA,NA,NA,NA
M19 [Other Items],19.15,Albendazole 400 mg tablet,3. Unusable Stock,0,NA,NA,NA,NA,0,NA,NA,NA,NA,0,NA,NA,NA,NA,NA,NA,NA,NA,NA,NA,NA,NA,NA,NA,0,NA,NA,NA,NA,NA,NA,NA,NA,NA,0,NA,NA,NA,NA,NA,NA,NA,NA,NA,NA,NA,NA,NA,NA,NA,NA,NA,NA,NA,NA,NA,NA,NA,NA,NA,NA,NA,NA,NA,NA,NA,NA,NA,NA,NA,NA,NA,NA,NA,NA,NA,NA,NA,NA,NA,NA,NA,NA,NA,NA,NA,NA,NA,NA,NA,NA,NA,NA,NA,NA,NA,NA,NA,NA,0,NA,NA,NA,NA,0,NA,NA,NA,NA,0,NA,NA,NA,NA,NA,NA,NA,NA,NA,NA,NA,NA,NA,NA,NA,NA,NA,NA,NA,NA,NA,NA,NA,NA,NA,NA,NA,NA,NA
M19 [Other Items],19.15,Albendazole 400 mg tablet,4. Stock Distributed,70254,NA,NA,NA,NA,0,NA,NA,NA,NA,0,NA,NA,NA,NA,994,NA,NA,NA,NA,44200,NA,NA,NA,NA,0,NA,NA,NA,NA,NA,NA,NA,NA,NA,0,NA,NA,NA,NA,NA,NA,NA,NA,NA,7600,NA,NA,NA,NA,NA,NA,NA,NA,NA,NA,NA,NA,NA,NA,0,NA,NA,NA,NA,NA,NA,NA,NA,NA,NA,NA,NA,NA,NA,NA,NA,NA,NA,NA,NA,NA,NA,NA,NA,NA,NA,NA,NA,NA,NA,NA,NA,NA,NA,NA,NA,NA,NA,NA,0,NA,NA,NA,NA,500,NA,NA,NA,NA,9000,NA,NA,NA,NA,0,NA,NA,NA,NA,NA,NA,NA,NA,NA,NA,NA,NA,NA,NA,5960,NA,NA,NA,NA,2000,NA,NA,NA,NA
M19 [Other Items],19.15,Albendazole 400 mg tablet,5. Total Stock,357975,NA,NA,NA,NA,0,NA,NA,NA,NA,0,NA,NA,NA,NA,3526,NA,NA,NA,NA,40704,NA,NA,NA,NA,0,NA,NA,NA,NA,NA,NA,NA,NA,NA,121515,NA,NA,NA,NA,NA,NA,NA,NA,NA,12538,NA,NA,NA,NA,NA,NA,NA,NA,NA,NA,NA,NA,NA,NA,0,NA,NA,NA,NA,73046,NA,NA,NA,NA,NA,NA,NA,NA,NA,NA,NA,NA,NA,NA,NA,NA,NA,NA,NA,NA,NA,NA,NA,NA,NA,NA,NA,NA,NA,NA,NA,NA,NA,NA,0,NA,NA,NA,NA,8600,NA,NA,NA,NA,31379,NA,NA,NA,NA,0,NA,NA,NA,NA,NA,NA,NA,NA,NA,NA,NA,NA,NA,NA,22667,NA,NA,NA,NA,44000,NA,NA,NA,NA
M19 [Other Items],19.16,Calcium Tablets,1. Balance From Previous Month,91980,NA,NA,NA,NA,0,NA,NA,NA,NA,0,NA,NA,NA,NA,2000,NA,NA,NA,NA,1900,NA,NA,NA,NA,0,NA,NA,NA,NA,NA,NA,NA,NA,NA,0,NA,NA,NA,NA,NA,NA,NA,NA,NA,1900,NA,NA,NA,NA,NA,NA,NA,NA,NA,NA,NA,NA,NA,NA,0,NA,NA,NA,NA,5480,NA,NA,NA,NA,NA,NA,NA,NA,NA,NA,NA,NA,NA,NA,NA,NA,NA,NA,NA,NA,NA,NA,NA,NA,NA,NA,NA,NA,NA,NA,NA,NA,NA,NA,0,NA,NA,NA,NA,73900,NA,NA,NA,NA,6800,NA,NA,NA,NA,0,NA,NA,NA,NA,NA,NA,NA,NA,NA,NA,NA,NA,NA,NA,NA,NA,NA,NA,NA,0,NA,NA,NA,NA
M19 [Other Items],19.16,Calcium Tablets,2. Stocks Received,637500,NA,NA,NA,NA,0,NA,NA,NA,NA,0,NA,NA,NA,NA,100000,NA,NA,NA,NA,132000,NA,NA,NA,NA,0,NA,NA,NA,NA,NA,NA,NA,NA,NA,0,NA,NA,NA,NA,NA,NA,NA,NA,NA,195500,NA,NA,NA,NA,NA,NA,NA,NA,NA,NA,NA,NA,NA,NA,0,NA,NA,NA,NA,210000,NA,NA,NA,NA,NA,NA,NA,NA,NA,NA,NA,NA,NA,NA,NA,NA,NA,NA,NA,NA,NA,NA,NA,NA,NA,NA,NA,NA,NA,NA,NA,NA,NA,NA,0,NA,NA,NA,NA,0,NA,NA,NA,NA,0,NA,NA,NA,NA,0,NA,NA,NA,NA,NA,NA,NA,NA,NA,NA,NA,NA,NA,NA,NA,NA,NA,NA,NA,0,NA,NA,NA,NA
M19 [Other Items],19.16,Calcium Tablets,3. Unusable Stock,0,NA,NA,NA,NA,0,NA,NA,NA,NA,0,NA,NA,NA,NA,NA,NA,NA,NA,NA,NA,NA,NA,NA,NA,0,NA,NA,NA,NA,NA,NA,NA,NA,NA,0,NA,NA,NA,NA,NA,NA,NA,NA,NA,NA,NA,NA,NA,NA,NA,NA,NA,NA,NA,NA,NA,NA,NA,NA,NA,NA,NA,NA,NA,NA,NA,NA,NA,NA,NA,NA,NA,NA,NA,NA,NA,NA,NA,NA,NA,NA,NA,NA,NA,NA,NA,NA,NA,NA,NA,NA,NA,NA,NA,NA,NA,NA,NA,NA,0,NA,NA,NA,NA,0,NA,NA,NA,NA,0,NA,NA,NA,NA,NA,NA,NA,NA,NA,NA,NA,NA,NA,NA,NA,NA,NA,NA,NA,NA,NA,NA,NA,NA,NA,NA,NA,NA,NA
M19 [Other Items],19.16,Calcium Tablets,4. Stock Distributed,403600,NA,NA,NA,NA,0,NA,NA,NA,NA,0,NA,NA,NA,NA,74000,NA,NA,NA,NA,89100,NA,NA,NA,NA,0,NA,NA,NA,NA,NA,NA,NA,NA,NA,0,NA,NA,NA,NA,NA,NA,NA,NA,NA,29100,NA,NA,NA,NA,NA,NA,NA,NA,NA,NA,NA,NA,NA,NA,0,NA,NA,NA,NA,137500,NA,NA,NA,NA,NA,NA,NA,NA,NA,NA,NA,NA,NA,NA,NA,NA,NA,NA,NA,NA,NA,NA,NA,NA,NA,NA,NA,NA,NA,NA,NA,NA,NA,NA,0,NA,NA,NA,NA,73900,NA,NA,NA,NA,0,NA,NA,NA,NA,0,NA,NA,NA,NA,NA,NA,NA,NA,NA,NA,NA,NA,NA,NA,NA,NA,NA,NA,NA,NA,NA,NA,NA,NA
M19 [Other Items],19.16,Calcium Tablets,5. Total Stock,325880,NA,NA,NA,NA,0,NA,NA,NA,NA,0,NA,NA,NA,NA,28000,NA,NA,NA,NA,44800,NA,NA,NA,NA,0,NA,NA,NA,NA,NA,NA,NA,NA,NA,0,NA,NA,NA,NA,NA,NA,NA,NA,NA,168300,NA,NA,NA,NA,NA,NA,NA,NA,NA,NA,NA,NA,NA,NA,0,NA,NA,NA,NA,77980,NA,NA,NA,NA,NA,NA,NA,NA,NA,NA,NA,NA,NA,NA,NA,NA,NA,NA,NA,NA,NA,NA,NA,NA,NA,NA,NA,NA,NA,NA,NA,NA,NA,NA,0,NA,NA,NA,NA,0,NA,NA,NA,NA,6800,NA,NA,NA,NA,0,NA,NA,NA,NA,NA,NA,NA,NA,NA,NA,NA,NA,NA,NA,NA,NA,NA,NA,NA,0,NA,NA,NA,NA
M20 [Syringes],20.1,Syringes - 0.1 ml (AD),1. Balance From Previous Month,60627,NA,NA,NA,NA,1200,NA,NA,NA,NA,0,NA,NA,NA,NA,2350,NA,NA,NA,NA,400,NA,NA,NA,NA,400,NA,NA,NA,NA,600,NA,NA,NA,NA,1200,NA,NA,NA,NA,1600,NA,NA,NA,NA,1100,NA,NA,NA,NA,NA,NA,NA,NA,NA,1850,NA,NA,NA,NA,400,NA,NA,NA,NA,6100,NA,NA,NA,NA,20,NA,NA,NA,NA,1700,NA,NA,NA,NA,1880,NA,NA,NA,NA,4040,NA,NA,NA,NA,14500,NA,NA,NA,NA,6150,NA,NA,NA,NA,1000,NA,NA,NA,NA,1750,NA,NA,NA,NA,3883,NA,NA,NA,NA,300,NA,NA,NA,NA,NA,NA,NA,NA,NA,3754,NA,NA,NA,NA,3500,NA,NA,NA,NA,950,NA,NA,NA,NA
M20 [Syringes],20.1,Syringes - 0.1 ml (AD),2. Stocks Received,146400,NA,NA,NA,NA,3300,NA,NA,NA,NA,0,NA,NA,NA,NA,5300,NA,NA,NA,NA,14000,NA,NA,NA,NA,6600,NA,NA,NA,NA,3300,NA,NA,NA,NA,6500,NA,NA,NA,NA,23100,NA,NA,NA,NA,4000,NA,NA,NA,NA,NA,NA,NA,NA,NA,6600,NA,NA,NA,NA,3000,NA,NA,NA,NA,0,NA,NA,NA,NA,2000,NA,NA,NA,NA,5600,NA,NA,NA,NA,5300,NA,NA,NA,NA,3300,NA,NA,NA,NA,0,NA,NA,NA,NA,6600,NA,NA,NA,NA,0,NA,NA,NA,NA,2000,NA,NA,NA,NA,13200,NA,NA,NA,NA,4000,NA,NA,NA,NA,NA,NA,NA,NA,NA,16000,NA,NA,NA,NA,4000,NA,NA,NA,NA,8700,NA,NA,NA,NA
M20 [Syringes],20.1,Syringes - 0.1 ml (AD),3. Unusable Stock,0,NA,NA,NA,NA,0,NA,NA,NA,NA,0,NA,NA,NA,NA,NA,NA,NA,NA,NA,NA,NA,NA,NA,NA,0,NA,NA,NA,NA,NA,NA,NA,NA,NA,0,NA,NA,NA,NA,NA,NA,NA,NA,NA,NA,NA,NA,NA,NA,NA,NA,NA,NA,NA,NA,NA,NA,NA,NA,NA,NA,NA,NA,NA,0,NA,NA,NA,NA,NA,NA,NA,NA,NA,0,NA,NA,NA,NA,NA,NA,NA,NA,NA,NA,NA,NA,NA,NA,0,NA,NA,NA,NA,NA,NA,NA,NA,NA,0,NA,NA,NA,NA,0,NA,NA,NA,NA,NA,NA,NA,NA,NA,NA,NA,NA,NA,NA,NA,NA,NA,NA,NA,0,NA,NA,NA,NA,NA,NA,NA,NA,NA,NA,NA,NA,NA,NA
M20 [Syringes],20.1,Syringes - 0.1 ml (AD),4. Stock Distributed,92470,NA,NA,NA,NA,700,NA,NA,NA,NA,0,NA,NA,NA,NA,3300,NA,NA,NA,NA,4600,NA,NA,NA,NA,4400,NA,NA,NA,NA,3500,NA,NA,NA,NA,1500,NA,NA,NA,NA,11800,NA,NA,NA,NA,1372,NA,NA,NA,NA,NA,NA,NA,NA,NA,3850,NA,NA,NA,NA,200,NA,NA,NA,NA,800,NA,NA,NA,NA,150,NA,NA,NA,NA,2870,NA,NA,NA,NA,4850,NA,NA,NA,NA,3980,NA,NA,NA,NA,5500,NA,NA,NA,NA,6600,NA,NA,NA,NA,0,NA,NA,NA,NA,2600,NA,NA,NA,NA,9383,NA,NA,NA,NA,3137,NA,NA,NA,NA,NA,NA,NA,NA,NA,10254,NA,NA,NA,NA,3200,NA,NA,NA,NA,3924,NA,NA,NA,NA
M20 [Syringes],20.1,Syringes - 0.1 ml (AD),5. Total Stock,114557,NA,NA,NA,NA,3800,NA,NA,NA,NA,0,NA,NA,NA,NA,4350,NA,NA,NA,NA,9800,NA,NA,NA,NA,2600,NA,NA,NA,NA,400,NA,NA,NA,NA,6200,NA,NA,NA,NA,12900,NA,NA,NA,NA,3728,NA,NA,NA,NA,NA,NA,NA,NA,NA,4600,NA,NA,NA,NA,3200,NA,NA,NA,NA,5300,NA,NA,NA,NA,1870,NA,NA,NA,NA,4430,NA,NA,NA,NA,2330,NA,NA,NA,NA,3360,NA,NA,NA,NA,9000,NA,NA,NA,NA,6150,NA,NA,NA,NA,1000,NA,NA,NA,NA,1150,NA,NA,NA,NA,7700,NA,NA,NA,NA,1163,NA,NA,NA,NA,0,NA,NA,NA,NA,9500,NA,NA,NA,NA,4300,NA,NA,NA,NA,5726,NA,NA,NA,NA
M20 [Syringes],20.2,Syringes - 0.5 ml (AD),1. Balance From Previous Month,1599730,NA,NA,NA,NA,2400,NA,NA,NA,NA,0,NA,NA,NA,NA,193900,NA,NA,NA,NA,59650,NA,NA,NA,NA,10900,NA,NA,NA,NA,2000,NA,NA,NA,NA,54400,NA,NA,NA,NA,66000,NA,NA,NA,NA,850,NA,NA,NA,NA,NA,NA,NA,NA,NA,20000,NA,NA,NA,NA,41800,NA,NA,NA,NA,46900,NA,NA,NA,NA,21560,NA,NA,NA,NA,16290,NA,NA,NA,NA,16000,NA,NA,NA,NA,194000,NA,NA,NA,NA,39500,NA,NA,NA,NA,32100,NA,NA,NA,NA,1500,NA,NA,NA,NA,9600,NA,NA,NA,NA,34400,NA,NA,NA,NA,407180,NA,NA,NA,NA,NA,NA,NA,NA,NA,34200,NA,NA,NA,NA,259400,NA,NA,NA,NA,35200,NA,NA,NA,NA
M20 [Syringes],20.2,Syringes - 0.5 ml (AD),2. Stocks Received,1111000,NA,NA,NA,NA,30000,NA,NA,NA,NA,0,NA,NA,NA,NA,140000,NA,NA,NA,NA,0,NA,NA,NA,NA,158000,NA,NA,NA,NA,0,NA,NA,NA,NA,10000,NA,NA,NA,NA,60000,NA,NA,NA,NA,30000,NA,NA,NA,NA,NA,NA,NA,NA,NA,30000,NA,NA,NA,NA,0,NA,NA,NA,NA,0,NA,NA,NA,NA,9000,NA,NA,NA,NA,40000,NA,NA,NA,NA,60000,NA,NA,NA,NA,116000,NA,NA,NA,NA,0,NA,NA,NA,NA,140000,NA,NA,NA,NA,0,NA,NA,NA,NA,0,NA,NA,NA,NA,152000,NA,NA,NA,NA,0,NA,NA,NA,NA,NA,NA,NA,NA,NA,76000,NA,NA,NA,NA,30000,NA,NA,NA,NA,30000,NA,NA,NA,NA
M20 [Syringes],20.2,Syringes - 0.5 ml (AD),3. Unusable Stock,13200,NA,NA,NA,NA,0,NA,NA,NA,NA,0,NA,NA,NA,NA,NA,NA,NA,NA,NA,NA,NA,NA,NA,NA,13200,NA,NA,NA,NA,NA,NA,NA,NA,NA,0,NA,NA,NA,NA,NA,NA,NA,NA,NA,NA,NA,NA,NA,NA,NA,NA,NA,NA,NA,NA,NA,NA,NA,NA,NA,NA,NA,NA,NA,0,NA,NA,NA,NA,NA,NA,NA,NA,NA,0,NA,NA,NA,NA,NA,NA,NA,NA,NA,NA,NA,NA,NA,NA,0,NA,NA,NA,NA,NA,NA,NA,NA,NA,0,NA,NA,NA,NA,0,NA,NA,NA,NA,NA,NA,NA,NA,NA,NA,NA,NA,NA,NA,NA,NA,NA,NA,NA,0,NA,NA,NA,NA,NA,NA,NA,NA,NA,NA,NA,NA,NA,NA
M20 [Syringes],20.2,Syringes - 0.5 ml (AD),4. Stock Distributed,426850,NA,NA,NA,NA,1000,NA,NA,NA,NA,0,NA,NA,NA,NA,4000,NA,NA,NA,NA,26600,NA,NA,NA,NA,0,NA,NA,NA,NA,2000,NA,NA,NA,NA,5000,NA,NA,NA,NA,74800,NA,NA,NA,NA,200,NA,NA,NA,NA,NA,NA,NA,NA,NA,15800,NA,NA,NA,NA,11200,NA,NA,NA,NA,10400,NA,NA,NA,NA,11650,NA,NA,NA,NA,6000,NA,NA,NA,NA,31000,NA,NA,NA,NA,22000,NA,NA,NA,NA,8000,NA,NA,NA,NA,60000,NA,NA,NA,NA,0,NA,NA,NA,NA,3300,NA,NA,NA,NA,48900,NA,NA,NA,NA,500,NA,NA,NA,NA,NA,NA,NA,NA,NA,36000,NA,NA,NA,NA,13200,NA,NA,NA,NA,35300,NA,NA,NA,NA
M20 [Syringes],20.2,Syringes - 0.5 ml (AD),5. Total Stock,2270680,NA,NA,NA,NA,31400,NA,NA,NA,NA,0,NA,NA,NA,NA,329900,NA,NA,NA,NA,33050,NA,NA,NA,NA,155700,NA,NA,NA,NA,0,NA,NA,NA,NA,59400,NA,NA,NA,NA,51200,NA,NA,NA,NA,30650,NA,NA,NA,NA,NA,NA,NA,NA,NA,34200,NA,NA,NA,NA,30600,NA,NA,NA,NA,36500,NA,NA,NA,NA,18910,NA,NA,NA,NA,50290,NA,NA,NA,NA,45000,NA,NA,NA,NA,288000,NA,NA,NA,NA,31500,NA,NA,NA,NA,112100,NA,NA,NA,NA,1500,NA,NA,NA,NA,6300,NA,NA,NA,NA,137500,NA,NA,NA,NA,406680,NA,NA,NA,NA,0,NA,NA,NA,NA,74200,NA,NA,NA,NA,276200,NA,NA,NA,NA,29900,NA,NA,NA,NA
M20 [Syringes],20.3,Syringes - 5.0 ml (Disposable),1. Balance From Previous Month,2203081,NA,NA,NA,NA,9000,NA,NA,NA,NA,0,NA,NA,NA,NA,50675,NA,NA,NA,NA,300,NA,NA,NA,NA,2500,NA,NA,NA,NA,1100,NA,NA,NA,NA,4100,NA,NA,NA,NA,4300,NA,NA,NA,NA,260775,NA,NA,NA,NA,NA,NA,NA,NA,NA,2900,NA,NA,NA,NA,0,NA,NA,NA,NA,5400,NA,NA,NA,NA,2201,NA,NA,NA,NA,2745,NA,NA,NA,NA,2310,NA,NA,NA,NA,3370,NA,NA,NA,NA,2700,NA,NA,NA,NA,2900,NA,NA,NA,NA,1000,NA,NA,NA,NA,73900,NA,NA,NA,NA,1530212,NA,NA,NA,NA,32900,NA,NA,NA,NA,201000,NA,NA,NA,NA,1143,NA,NA,NA,NA,4000,NA,NA,NA,NA,1650,NA,NA,NA,NA
M20 [Syringes],20.3,Syringes - 5.0 ml (Disposable),2. Stocks Received,211700,NA,NA,NA,NA,27800,NA,NA,NA,NA,0,NA,NA,NA,NA,NA,NA,NA,NA,NA,1500,NA,NA,NA,NA,1800,NA,NA,NA,NA,1800,NA,NA,NA,NA,1200,NA,NA,NA,NA,6600,NA,NA,NA,NA,NA,NA,NA,NA,NA,NA,NA,NA,NA,NA,1800,NA,NA,NA,NA,3000,NA,NA,NA,NA,0,NA,NA,NA,NA,1500,NA,NA,NA,NA,1800,NA,NA,NA,NA,1800,NA,NA,NA,NA,1800,NA,NA,NA,NA,1800,NA,NA,NA,NA,1200,NA,NA,NA,NA,0,NA,NA,NA,NA,2000,NA,NA,NA,NA,123600,NA,NA,NA,NA,1800,NA,NA,NA,NA,0,NA,NA,NA,NA,6500,NA,NA,NA,NA,20000,NA,NA,NA,NA,2400,NA,NA,NA,NA
M20 [Syringes],20.3,Syringes - 5.0 ml (Disposable),3. Unusable Stock,1100,NA,NA,NA,NA,0,NA,NA,NA,NA,0,NA,NA,NA,NA,NA,NA,NA,NA,NA,NA,NA,NA,NA,NA,1100,NA,NA,NA,NA,NA,NA,NA,NA,NA,0,NA,NA,NA,NA,NA,NA,NA,NA,NA,NA,NA,NA,NA,NA,NA,NA,NA,NA,NA,NA,NA,NA,NA,NA,NA,NA,NA,NA,NA,0,NA,NA,NA,NA,NA,NA,NA,NA,NA,0,NA,NA,NA,NA,NA,NA,NA,NA,NA,NA,NA,NA,NA,NA,0,NA,NA,NA,NA,NA,NA,NA,NA,NA,0,NA,NA,NA,NA,0,NA,NA,NA,NA,NA,NA,NA,NA,NA,NA,NA,NA,NA,NA,0,NA,NA,NA,NA,0,NA,NA,NA,NA,NA,NA,NA,NA,NA,NA,NA,NA,NA,NA
M20 [Syringes],20.3,Syringes - 5.0 ml (Disposable),4. Stock Distributed,188540,NA,NA,NA,NA,24100,NA,NA,NA,NA,0,NA,NA,NA,NA,12000,NA,NA,NA,NA,1700,NA,NA,NA,NA,0,NA,NA,NA,NA,2600,NA,NA,NA,NA,700,NA,NA,NA,NA,8100,NA,NA,NA,NA,25510,NA,NA,NA,NA,NA,NA,NA,NA,NA,2400,NA,NA,NA,NA,0,NA,NA,NA,NA,300,NA,NA,NA,NA,840,NA,NA,NA,NA,1650,NA,NA,NA,NA,3600,NA,NA,NA,NA,2950,NA,NA,NA,NA,2700,NA,NA,NA,NA,2700,NA,NA,NA,NA,0,NA,NA,NA,NA,5720,NA,NA,NA,NA,54130,NA,NA,NA,NA,500,NA,NA,NA,NA,30420,NA,NA,NA,NA,3100,NA,NA,NA,NA,1300,NA,NA,NA,NA,1520,NA,NA,NA,NA
M20 [Syringes],20.3,Syringes - 5.0 ml (Disposable),5. Total Stock,2225141,NA,NA,NA,NA,12700,NA,NA,NA,NA,0,NA,NA,NA,NA,38675,NA,NA,NA,NA,100,NA,NA,NA,NA,3200,NA,NA,NA,NA,300,NA,NA,NA,NA,4600,NA,NA,NA,NA,2800,NA,NA,NA,NA,235265,NA,NA,NA,NA,NA,NA,NA,NA,NA,2300,NA,NA,NA,NA,3000,NA,NA,NA,NA,5100,NA,NA,NA,NA,2861,NA,NA,NA,NA,2895,NA,NA,NA,NA,510,NA,NA,NA,NA,2220,NA,NA,NA,NA,1800,NA,NA,NA,NA,1400,NA,NA,NA,NA,1000,NA,NA,NA,NA,70180,NA,NA,NA,NA,1599682,NA,NA,NA,NA,34200,NA,NA,NA,NA,170580,NA,NA,NA,NA,4543,NA,NA,NA,NA,22700,NA,NA,NA,NA,2530,NA,NA,NA,NA
M21 [Rashtriya Bal Swasthaya Karyakram (RBSK)],21.1,Number of newborn screened for defects at birth (as per RBSK),TOTAL,27825,NA,NA,NA,NA,9,NA,NA,NA,NA,0,NA,NA,NA,NA,3500,NA,NA,NA,NA,3106,NA,NA,NA,NA,7,NA,NA,NA,NA,16,NA,NA,NA,NA,1088,NA,NA,NA,NA,NA,NA,NA,NA,NA,1777,NA,NA,NA,NA,NA,NA,NA,NA,NA,828,NA,NA,NA,NA,763,NA,NA,NA,NA,5,NA,NA,NA,NA,NA,NA,NA,NA,NA,NA,NA,NA,NA,NA,154,NA,NA,NA,NA,NA,NA,NA,NA,NA,640,NA,NA,NA,NA,484,NA,NA,NA,NA,14321,NA,NA,NA,NA,94,NA,NA,NA,NA,NA,NA,NA,NA,NA,0,NA,NA,NA,NA,420,NA,NA,NA,NA,NA,NA,NA,NA,NA,NA,NA,NA,NA,NA,613,NA,NA,NA,NA
M21 [Rashtriya Bal Swasthaya Karyakram (RBSK)],21.2,Number of children (6 month to 6 years) screened by RBSK mobile health teams at Anganwadi center,TOTAL,131063,NA,NA,NA,NA,5199,NA,NA,NA,NA,0,NA,NA,NA,NA,8325,NA,NA,NA,NA,5327,NA,NA,NA,NA,2904,NA,NA,NA,NA,5122,NA,NA,NA,NA,7006,NA,NA,NA,NA,NA,NA,NA,NA,NA,6457,NA,NA,NA,NA,NA,NA,NA,NA,NA,10960,NA,NA,NA,NA,7973,NA,NA,NA,NA,4148,NA,NA,NA,NA,NA,NA,NA,NA,NA,NA,NA,NA,NA,NA,17573,NA,NA,NA,NA,NA,NA,NA,NA,NA,1102,NA,NA,NA,NA,6250,NA,NA,NA,NA,10740,NA,NA,NA,NA,653,NA,NA,NA,NA,NA,NA,NA,NA,NA,9451,NA,NA,NA,NA,8943,NA,NA,NA,NA,NA,NA,NA,NA,NA,8346,NA,NA,NA,NA,4584,NA,NA,NA,NA
M21 [Rashtriya Bal Swasthaya Karyakram (RBSK)],21.3,Number of children (6 years to 18 years) screened by RBSK mobile health teams at Govt and Govt aided schools,TOTAL,258048,NA,NA,NA,NA,16486,NA,NA,NA,NA,0,NA,NA,NA,NA,15954,NA,NA,NA,NA,25403,NA,NA,NA,NA,6014,NA,NA,NA,NA,8392,NA,NA,NA,NA,12078,NA,NA,NA,NA,NA,NA,NA,NA,NA,18723,NA,NA,NA,NA,NA,NA,NA,NA,NA,15931,NA,NA,NA,NA,15725,NA,NA,NA,NA,6360,NA,NA,NA,NA,NA,NA,NA,NA,NA,NA,NA,NA,NA,NA,24986,NA,NA,NA,NA,NA,NA,NA,NA,NA,10969,NA,NA,NA,NA,10447,NA,NA,NA,NA,8632,NA,NA,NA,NA,10478,NA,NA,NA,NA,NA,NA,NA,NA,NA,11429,NA,NA,NA,NA,15204,NA,NA,NA,NA,NA,NA,NA,NA,NA,15089,NA,NA,NA,NA,9748,NA,NA,NA,NA
M21 [Rashtriya Bal Swasthaya Karyakram (RBSK)],21.4.1.a,Number of Male children identified with Disease,TOTAL,3327,NA,NA,NA,NA,100,NA,NA,NA,NA,0,NA,NA,NA,NA,620,NA,NA,NA,NA,815,NA,NA,NA,NA,36,NA,NA,NA,NA,203,NA,NA,NA,NA,45,NA,NA,NA,NA,NA,NA,NA,NA,NA,113,NA,NA,NA,NA,NA,NA,NA,NA,NA,47,NA,NA,NA,NA,91,NA,NA,NA,NA,148,NA,NA,NA,NA,NA,NA,NA,NA,NA,NA,NA,NA,NA,NA,43,NA,NA,NA,NA,NA,NA,NA,NA,NA,64,NA,NA,NA,NA,65,NA,NA,NA,NA,0,NA,NA,NA,NA,295,NA,NA,NA,NA,NA,NA,NA,NA,NA,116,NA,NA,NA,NA,87,NA,NA,NA,NA,NA,NA,NA,NA,NA,276,NA,NA,NA,NA,163,NA,NA,NA,NA
M21 [Rashtriya Bal Swasthaya Karyakram (RBSK)],21.4.1.b,Number of Female children identified with Disease,TOTAL,3189,NA,NA,NA,NA,109,NA,NA,NA,NA,0,NA,NA,NA,NA,677,NA,NA,NA,NA,826,NA,NA,NA,NA,42,NA,NA,NA,NA,205,NA,NA,NA,NA,32,NA,NA,NA,NA,NA,NA,NA,NA,NA,87,NA,NA,NA,NA,NA,NA,NA,NA,NA,37,NA,NA,NA,NA,66,NA,NA,NA,NA,145,NA,NA,NA,NA,NA,NA,NA,NA,NA,NA,NA,NA,NA,NA,38,NA,NA,NA,NA,NA,NA,NA,NA,NA,57,NA,NA,NA,NA,70,NA,NA,NA,NA,0,NA,NA,NA,NA,305,NA,NA,NA,NA,NA,NA,NA,NA,NA,86,NA,NA,NA,NA,78,NA,NA,NA,NA,NA,NA,NA,NA,NA,256,NA,NA,NA,NA,73,NA,NA,NA,NA
M21 [Rashtriya Bal Swasthaya Karyakram (RBSK)],21.4.2.a,Number of Male children identified with Deficiency,TOTAL,293,NA,NA,NA,NA,7,NA,NA,NA,NA,0,NA,NA,NA,NA,8,NA,NA,NA,NA,134,NA,NA,NA,NA,0,NA,NA,NA,NA,6,NA,NA,NA,NA,0,NA,NA,NA,NA,NA,NA,NA,NA,NA,18,NA,NA,NA,NA,NA,NA,NA,NA,NA,11,NA,NA,NA,NA,8,NA,NA,NA,NA,10,NA,NA,NA,NA,NA,NA,NA,NA,NA,NA,NA,NA,NA,NA,2,NA,NA,NA,NA,NA,NA,NA,NA,NA,11,NA,NA,NA,NA,5,NA,NA,NA,NA,0,NA,NA,NA,NA,9,NA,NA,NA,NA,NA,NA,NA,NA,NA,9,NA,NA,NA,NA,17,NA,NA,NA,NA,NA,NA,NA,NA,NA,13,NA,NA,NA,NA,25,NA,NA,NA,NA
M21 [Rashtriya Bal Swasthaya Karyakram (RBSK)],21.4.2.b,Number of Female children identified with Deficiency,TOTAL,338,NA,NA,NA,NA,4,NA,NA,NA,NA,0,NA,NA,NA,NA,9,NA,NA,NA,NA,122,NA,NA,NA,NA,2,NA,NA,NA,NA,19,NA,NA,NA,NA,2,NA,NA,NA,NA,NA,NA,NA,NA,NA,18,NA,NA,NA,NA,NA,NA,NA,NA,NA,16,NA,NA,NA,NA,7,NA,NA,NA,NA,27,NA,NA,NA,NA,NA,NA,NA,NA,NA,NA,NA,NA,NA,NA,1,NA,NA,NA,NA,NA,NA,NA,NA,NA,8,NA,NA,NA,NA,11,NA,NA,NA,NA,0,NA,NA,NA,NA,10,NA,NA,NA,NA,NA,NA,NA,NA,NA,13,NA,NA,NA,NA,19,NA,NA,NA,NA,NA,NA,NA,NA,NA,36,NA,NA,NA,NA,14,NA,NA,NA,NA
M21 [Rashtriya Bal Swasthaya Karyakram (RBSK)],21.4.3.a,Number of Male children identified with Developmental delay,TOTAL,1218,NA,NA,NA,NA,89,NA,NA,NA,NA,0,NA,NA,NA,NA,151,NA,NA,NA,NA,191,NA,NA,NA,NA,14,NA,NA,NA,NA,97,NA,NA,NA,NA,35,NA,NA,NA,NA,NA,NA,NA,NA,NA,91,NA,NA,NA,NA,NA,NA,NA,NA,NA,48,NA,NA,NA,NA,83,NA,NA,NA,NA,18,NA,NA,NA,NA,NA,NA,NA,NA,NA,NA,NA,NA,NA,NA,24,NA,NA,NA,NA,NA,NA,NA,NA,NA,31,NA,NA,NA,NA,54,NA,NA,NA,NA,0,NA,NA,NA,NA,58,NA,NA,NA,NA,NA,NA,NA,NA,NA,60,NA,NA,NA,NA,57,NA,NA,NA,NA,NA,NA,NA,NA,NA,42,NA,NA,NA,NA,75,NA,NA,NA,NA
M21 [Rashtriya Bal Swasthaya Karyakram (RBSK)],21.4.3.b,Number of Female children identified with Developmental delay,TOTAL,1177,NA,NA,NA,NA,114,NA,NA,NA,NA,0,NA,NA,NA,NA,147,NA,NA,NA,NA,189,NA,NA,NA,NA,6,NA,NA,NA,NA,81,NA,NA,NA,NA,13,NA,NA,NA,NA,NA,NA,NA,NA,NA,127,NA,NA,NA,NA,NA,NA,NA,NA,NA,35,NA,NA,NA,NA,58,NA,NA,NA,NA,4,NA,NA,NA,NA,NA,NA,NA,NA,NA,NA,NA,NA,NA,NA,23,NA,NA,NA,NA,NA,NA,NA,NA,NA,20,NA,NA,NA,NA,67,NA,NA,NA,NA,0,NA,NA,NA,NA,94,NA,NA,NA,NA,NA,NA,NA,NA,NA,47,NA,NA,NA,NA,40,NA,NA,NA,NA,NA,NA,NA,NA,NA,72,NA,NA,NA,NA,40,NA,NA,NA,NA
M21 [Rashtriya Bal Swasthaya Karyakram (RBSK)],21.5.1,Number of Children Managed by Intervention - Medical,TOTAL,5940,NA,NA,NA,NA,324,NA,NA,NA,NA,0,NA,NA,NA,NA,1050,NA,NA,NA,NA,952,NA,NA,NA,NA,49,NA,NA,NA,NA,724,NA,NA,NA,NA,94,NA,NA,NA,NA,NA,NA,NA,NA,NA,285,NA,NA,NA,NA,NA,NA,NA,NA,NA,142,NA,NA,NA,NA,134,NA,NA,NA,NA,178,NA,NA,NA,NA,NA,NA,NA,NA,NA,NA,NA,NA,NA,NA,29,NA,NA,NA,NA,NA,NA,NA,NA,NA,163,NA,NA,NA,NA,192,NA,NA,NA,NA,0,NA,NA,NA,NA,251,NA,NA,NA,NA,NA,NA,NA,NA,NA,198,NA,NA,NA,NA,289,NA,NA,NA,NA,NA,NA,NA,NA,NA,640,NA,NA,NA,NA,246,NA,NA,NA,NA
M21 [Rashtriya Bal Swasthaya Karyakram (RBSK)],21.5.2,Number of Children Managed by Intervention - Surgical,TOTAL,86,NA,NA,NA,NA,4,NA,NA,NA,NA,0,NA,NA,NA,NA,2,NA,NA,NA,NA,3,NA,NA,NA,NA,24,NA,NA,NA,NA,0,NA,NA,NA,NA,5,NA,NA,NA,NA,NA,NA,NA,NA,NA,1,NA,NA,NA,NA,NA,NA,NA,NA,NA,3,NA,NA,NA,NA,2,NA,NA,NA,NA,1,NA,NA,NA,NA,NA,NA,NA,NA,NA,NA,NA,NA,NA,NA,2,NA,NA,NA,NA,NA,NA,NA,NA,NA,1,NA,NA,NA,NA,3,NA,NA,NA,NA,0,NA,NA,NA,NA,19,NA,NA,NA,NA,NA,NA,NA,NA,NA,0,NA,NA,NA,NA,4,NA,NA,NA,NA,NA,NA,NA,NA,NA,12,NA,NA,NA,NA,0,NA,NA,NA,NA
M21 [Rashtriya Bal Swasthaya Karyakram (RBSK)],21.5.3,Early intervention at DEIC ( District Early Intervention Centre),TOTAL,172,NA,NA,NA,NA,0,NA,NA,NA,NA,0,NA,NA,NA,NA,NA,NA,NA,NA,NA,NA,NA,NA,NA,NA,0,NA,NA,NA,NA,106,NA,NA,NA,NA,0,NA,NA,NA,NA,NA,NA,NA,NA,NA,NA,NA,NA,NA,NA,NA,NA,NA,NA,NA,NA,NA,NA,NA,NA,66,NA,NA,NA,NA,0,NA,NA,NA,NA,NA,NA,NA,NA,NA,NA,NA,NA,NA,NA,0,NA,NA,NA,NA,NA,NA,NA,NA,NA,0,NA,NA,NA,NA,0,NA,NA,NA,NA,0,NA,NA,NA,NA,0,NA,NA,NA,NA,NA,NA,NA,NA,NA,0,NA,NA,NA,NA,NA,NA,NA,NA,NA,NA,NA,NA,NA,NA,NA,NA,NA,NA,NA,0,NA,NA,NA,NA
M22 [Adolscent Health],22.1.1.a,Girls (6th -12th class) provided 4 IFA tablets in schools,TOTAL,448563,NA,NA,NA,NA,15178,NA,NA,NA,NA,0,NA,NA,NA,NA,26845,NA,NA,NA,NA,45820,NA,NA,NA,NA,12587,NA,NA,NA,NA,25748,NA,NA,NA,NA,25642,NA,NA,NA,NA,NA,NA,NA,NA,NA,26730,NA,NA,NA,NA,NA,NA,NA,NA,NA,23402,NA,NA,NA,NA,34598,NA,NA,NA,NA,13596,NA,NA,NA,NA,NA,NA,NA,NA,NA,NA,NA,NA,NA,NA,52988,NA,NA,NA,NA,NA,NA,NA,NA,NA,14595,NA,NA,NA,NA,23457,NA,NA,NA,NA,347,NA,NA,NA,NA,24264,NA,NA,NA,NA,NA,NA,NA,NA,NA,25122,NA,NA,NA,NA,26352,NA,NA,NA,NA,NA,NA,NA,NA,NA,31292,NA,NA,NA,NA,0,NA,NA,NA,NA
M22 [Adolscent Health],22.1.1.b,Boys (6th -12th class) provided 4 IFA tablets in schools,TOTAL,423464,NA,NA,NA,NA,14605,NA,NA,NA,NA,0,NA,NA,NA,NA,26059,NA,NA,NA,NA,38231,NA,NA,NA,NA,11838,NA,NA,NA,NA,15057,NA,NA,NA,NA,24717,NA,NA,NA,NA,NA,NA,NA,NA,NA,24967,NA,NA,NA,NA,NA,NA,NA,NA,NA,21850,NA,NA,NA,NA,32993,NA,NA,NA,NA,10772,NA,NA,NA,NA,NA,NA,NA,NA,NA,NA,NA,NA,NA,NA,52869,NA,NA,NA,NA,NA,NA,NA,NA,NA,16986,NA,NA,NA,NA,24311,NA,NA,NA,NA,416,NA,NA,NA,NA,25242,NA,NA,NA,NA,NA,NA,NA,NA,NA,26730,NA,NA,NA,NA,25784,NA,NA,NA,NA,NA,NA,NA,NA,NA,30037,NA,NA,NA,NA,0,NA,NA,NA,NA
M22 [Adolscent Health],22.1.2.a,Girls (6th -12th class) provided albendazole in schools,TOTAL,6126,NA,NA,NA,NA,0,NA,NA,NA,NA,0,NA,NA,NA,NA,NA,NA,NA,NA,NA,3200,NA,NA,NA,NA,0,NA,NA,NA,NA,0,NA,NA,NA,NA,0,NA,NA,NA,NA,NA,NA,NA,NA,NA,NA,NA,NA,NA,NA,NA,NA,NA,NA,NA,NA,NA,NA,NA,NA,0,NA,NA,NA,NA,2550,NA,NA,NA,NA,NA,NA,NA,NA,NA,NA,NA,NA,NA,NA,NA,NA,NA,NA,NA,NA,NA,NA,NA,NA,NA,NA,NA,NA,NA,0,NA,NA,NA,NA,376,NA,NA,NA,NA,0,NA,NA,NA,NA,NA,NA,NA,NA,NA,0,NA,NA,NA,NA,NA,NA,NA,NA,NA,NA,NA,NA,NA,NA,0,NA,NA,NA,NA,0,NA,NA,NA,NA
M22 [Adolscent Health],22.1.2.b,Boys (6th -12th class) provided albendazole in schools,TOTAL,5594,NA,NA,NA,NA,0,NA,NA,NA,NA,0,NA,NA,NA,NA,NA,NA,NA,NA,NA,2788,NA,NA,NA,NA,0,NA,NA,NA,NA,0,NA,NA,NA,NA,0,NA,NA,NA,NA,NA,NA,NA,NA,NA,NA,NA,NA,NA,NA,NA,NA,NA,NA,NA,NA,NA,NA,NA,NA,0,NA,NA,NA,NA,2450,NA,NA,NA,NA,NA,NA,NA,NA,NA,NA,NA,NA,NA,NA,NA,NA,NA,NA,NA,NA,NA,NA,NA,NA,NA,NA,NA,NA,NA,0,NA,NA,NA,NA,356,NA,NA,NA,NA,0,NA,NA,NA,NA,NA,NA,NA,NA,NA,0,NA,NA,NA,NA,NA,NA,NA,NA,NA,NA,NA,NA,NA,NA,0,NA,NA,NA,NA,0,NA,NA,NA,NA
M22 [Adolscent Health],22.1.3,Number of out of school adolscent girls (10-19 years) provided 4 IFA tablets at Anganwadi Centres,TOTAL,156189,NA,NA,NA,NA,1061,NA,NA,NA,NA,0,NA,NA,NA,NA,3851,NA,NA,NA,NA,16849,NA,NA,NA,NA,542,NA,NA,NA,NA,11211,NA,NA,NA,NA,1126,NA,NA,NA,NA,NA,NA,NA,NA,NA,16988,NA,NA,NA,NA,NA,NA,NA,NA,NA,4928,NA,NA,NA,NA,9488,NA,NA,NA,NA,5754,NA,NA,NA,NA,NA,NA,NA,NA,NA,NA,NA,NA,NA,NA,11650,NA,NA,NA,NA,NA,NA,NA,NA,NA,5631,NA,NA,NA,NA,8984,NA,NA,NA,NA,392,NA,NA,NA,NA,3987,NA,NA,NA,NA,NA,NA,NA,NA,NA,1817,NA,NA,NA,NA,8958,NA,NA,NA,NA,NA,NA,NA,NA,NA,38302,NA,NA,NA,NA,4670,NA,NA,NA,NA
M22 [Adolscent Health],22.1.4,Number of out of school adolscent girls (10-19 years) provided albendazole at Anganwadi Centres,TOTAL,3529,NA,NA,NA,NA,0,NA,NA,NA,NA,0,NA,NA,NA,NA,NA,NA,NA,NA,NA,2522,NA,NA,NA,NA,0,NA,NA,NA,NA,0,NA,NA,NA,NA,0,NA,NA,NA,NA,NA,NA,NA,NA,NA,NA,NA,NA,NA,NA,NA,NA,NA,NA,NA,NA,NA,NA,NA,NA,NA,NA,NA,NA,NA,0,NA,NA,NA,NA,NA,NA,NA,NA,NA,NA,NA,NA,NA,NA,587,NA,NA,NA,NA,NA,NA,NA,NA,NA,NA,NA,NA,NA,NA,0,NA,NA,NA,NA,420,NA,NA,NA,NA,0,NA,NA,NA,NA,NA,NA,NA,NA,NA,0,NA,NA,NA,NA,NA,NA,NA,NA,NA,NA,NA,NA,NA,NA,0,NA,NA,NA,NA,0,NA,NA,NA,NA
M22 [Adolscent Health],22.2.1,Number of adolescent girls provided sanitary napkin packs,TOTAL,1314,NA,NA,NA,NA,0,NA,NA,NA,NA,0,NA,NA,NA,NA,NA,NA,NA,NA,NA,891,NA,NA,NA,NA,0,NA,NA,NA,NA,0,NA,NA,NA,NA,0,NA,NA,NA,NA,NA,NA,NA,NA,NA,NA,NA,NA,NA,NA,NA,NA,NA,NA,NA,NA,NA,NA,NA,NA,0,NA,NA,NA,NA,NA,NA,NA,NA,NA,NA,NA,NA,NA,NA,NA,NA,NA,NA,NA,NA,NA,NA,NA,NA,NA,NA,NA,NA,NA,143,NA,NA,NA,NA,0,NA,NA,NA,NA,0,NA,NA,NA,NA,280,NA,NA,NA,NA,NA,NA,NA,NA,NA,NA,NA,NA,NA,NA,NA,NA,NA,NA,NA,NA,NA,NA,NA,NA,NA,NA,NA,NA,NA,0,NA,NA,NA,NA
M22 [Adolscent Health],22.2.2,Number of sanitary napkin packs sold to adolescent girls,TOTAL,1357,NA,NA,NA,NA,0,NA,NA,NA,NA,0,NA,NA,NA,NA,NA,NA,NA,NA,NA,1027,NA,NA,NA,NA,0,NA,NA,NA,NA,0,NA,NA,NA,NA,0,NA,NA,NA,NA,NA,NA,NA,NA,NA,NA,NA,NA,NA,NA,NA,NA,NA,NA,NA,NA,NA,NA,NA,NA,0,NA,NA,NA,NA,NA,NA,NA,NA,NA,NA,NA,NA,NA,NA,NA,NA,NA,NA,NA,NA,NA,NA,NA,NA,NA,NA,NA,NA,NA,50,NA,NA,NA,NA,0,NA,NA,NA,NA,0,NA,NA,NA,NA,280,NA,NA,NA,NA,NA,NA,NA,NA,NA,NA,NA,NA,NA,NA,NA,NA,NA,NA,NA,NA,NA,NA,NA,NA,NA,NA,NA,NA,NA,0,NA,NA,NA,NA
M22 [Adolscent Health],22.2.3,Number of sanitary napkin packs distributed free to ASHA,TOTAL,689,NA,NA,NA,NA,0,NA,NA,NA,NA,0,NA,NA,NA,NA,NA,NA,NA,NA,NA,682,NA,NA,NA,NA,0,NA,NA,NA,NA,0,NA,NA,NA,NA,0,NA,NA,NA,NA,NA,NA,NA,NA,NA,NA,NA,NA,NA,NA,NA,NA,NA,NA,NA,NA,NA,NA,NA,NA,0,NA,NA,NA,NA,NA,NA,NA,NA,NA,NA,NA,NA,NA,NA,NA,NA,NA,NA,NA,NA,NA,NA,NA,NA,NA,NA,NA,NA,NA,5,NA,NA,NA,NA,0,NA,NA,NA,NA,0,NA,NA,NA,NA,2,NA,NA,NA,NA,NA,NA,NA,NA,NA,NA,NA,NA,NA,NA,NA,NA,NA,NA,NA,NA,NA,NA,NA,NA,NA,NA,NA,NA,NA,0,NA,NA,NA,NA
M22 [Adolscent Health],22.2.4,Number of adolescent girls attended monthly meeting,TOTAL,628,NA,NA,NA,NA,0,NA,NA,NA,NA,0,NA,NA,NA,NA,NA,NA,NA,NA,NA,580,NA,NA,NA,NA,0,NA,NA,NA,NA,0,NA,NA,NA,NA,0,NA,NA,NA,NA,NA,NA,NA,NA,NA,NA,NA,NA,NA,NA,NA,NA,NA,NA,NA,NA,NA,NA,NA,NA,0,NA,NA,NA,NA,NA,NA,NA,NA,NA,NA,NA,NA,NA,NA,NA,NA,NA,NA,NA,29,NA,NA,NA,NA,NA,NA,NA,NA,NA,1,NA,NA,NA,NA,0,NA,NA,NA,NA,0,NA,NA,NA,NA,18,NA,NA,NA,NA,NA,NA,NA,NA,NA,NA,NA,NA,NA,NA,NA,NA,NA,NA,NA,NA,NA,NA,NA,NA,NA,NA,NA,NA,NA,0,NA,NA,NA,NA
M23 [Coverage under WIFS JUNIOR (Weekly Iron Folic Acid Supplementation Programme for children 6 - 1,23.1,Number of children covered under WIFS JUNIOR (6 - 10 years ) provided 4-5 IFA tablets in schools,TOTAL,491037,NA,NA,NA,NA,37681,NA,NA,NA,NA,0,NA,NA,NA,NA,45559,NA,NA,NA,NA,27116,NA,NA,NA,NA,3744,NA,NA,NA,NA,49799,NA,NA,NA,NA,32403,NA,NA,NA,NA,NA,NA,NA,NA,NA,NA,NA,NA,NA,NA,NA,NA,NA,NA,NA,64101,NA,NA,NA,NA,50189,NA,NA,NA,NA,18473,NA,NA,NA,NA,NA,NA,NA,NA,NA,NA,NA,NA,NA,NA,84562,NA,NA,NA,NA,NA,NA,NA,NA,NA,NA,NA,NA,NA,NA,10995,NA,NA,NA,NA,287,NA,NA,NA,NA,NA,NA,NA,NA,NA,NA,NA,NA,NA,NA,64115,NA,NA,NA,NA,NA,NA,NA,NA,NA,NA,NA,NA,NA,NA,2013,NA,NA,NA,NA,0,NA,NA,NA,NA
M23 [Coverage under WIFS JUNIOR (Weekly Iron Folic Acid Supplementation Programme for children 6 - 1,23.2,Number of children (6 - 10 years) provided albendazole in schools,TOTAL,3387,NA,NA,NA,NA,0,NA,NA,NA,NA,0,NA,NA,NA,NA,NA,NA,NA,NA,NA,0,NA,NA,NA,NA,0,NA,NA,NA,NA,0,NA,NA,NA,NA,0,NA,NA,NA,NA,NA,NA,NA,NA,NA,NA,NA,NA,NA,NA,NA,NA,NA,NA,NA,NA,NA,NA,NA,NA,0,NA,NA,NA,NA,3120,NA,NA,NA,NA,NA,NA,NA,NA,NA,NA,NA,NA,NA,NA,NA,NA,NA,NA,NA,NA,NA,NA,NA,NA,NA,NA,NA,NA,NA,0,NA,NA,NA,NA,267,NA,NA,NA,NA,0,NA,NA,NA,NA,NA,NA,NA,NA,NA,0,NA,NA,NA,NA,NA,NA,NA,NA,NA,NA,NA,NA,NA,NA,0,NA,NA,NA,NA,0,NA,NA,NA,NA
M23 [Coverage under WIFS JUNIOR (Weekly Iron Folic Acid Supplementation Programme for children 6 - 1,23.3,Number of out of school children (6-10 years) given 4-5 IFA tablets at Anganwadi Centres,TOTAL,8003,NA,NA,NA,NA,120,NA,NA,NA,NA,0,NA,NA,NA,NA,2720,NA,NA,NA,NA,541,NA,NA,NA,NA,0,NA,NA,NA,NA,0,NA,NA,NA,NA,0,NA,NA,NA,NA,NA,NA,NA,NA,NA,NA,NA,NA,NA,NA,NA,NA,NA,NA,NA,NA,NA,NA,NA,NA,1265,NA,NA,NA,NA,2880,NA,NA,NA,NA,NA,NA,NA,NA,NA,NA,NA,NA,NA,NA,232,NA,NA,NA,NA,NA,NA,NA,NA,NA,NA,NA,NA,NA,NA,0,NA,NA,NA,NA,245,NA,NA,NA,NA,0,NA,NA,NA,NA,NA,NA,NA,NA,NA,0,NA,NA,NA,NA,NA,NA,NA,NA,NA,NA,NA,NA,NA,NA,0,NA,NA,NA,NA,0,NA,NA,NA,NA
M23 [Coverage under WIFS JUNIOR (Weekly Iron Folic Acid Supplementation Programme for children 6 - 1,23.4,Number of out of school children (6-10 years) provided albendazole at Anganwadi Centres,TOTAL,514,NA,NA,NA,NA,0,NA,NA,NA,NA,0,NA,NA,NA,NA,NA,NA,NA,NA,NA,0,NA,NA,NA,NA,0,NA,NA,NA,NA,0,NA,NA,NA,NA,0,NA,NA,NA,NA,NA,NA,NA,NA,NA,NA,NA,NA,NA,NA,NA,NA,NA,NA,NA,207,NA,NA,NA,NA,0,NA,NA,NA,NA,21,NA,NA,NA,NA,NA,NA,NA,NA,NA,NA,NA,NA,NA,NA,NA,NA,NA,NA,NA,NA,NA,NA,NA,NA,NA,NA,NA,NA,NA,0,NA,NA,NA,NA,286,NA,NA,NA,NA,0,NA,NA,NA,NA,NA,NA,NA,NA,NA,0,NA,NA,NA,NA,NA,NA,NA,NA,NA,NA,NA,NA,NA,NA,0,NA,NA,NA,NA,0,NA,NA,NA,NA
M24 [Maternal Death Reviews (MDR) Done],24.1,Total Maternal Deaths Reviewed (MDR) by CMO,TOTAL,33,NA,NA,NA,NA,0,NA,NA,NA,NA,0,NA,NA,NA,NA,NA,NA,NA,NA,NA,NA,NA,NA,NA,NA,0,NA,NA,NA,NA,NA,NA,NA,NA,NA,NA,NA,NA,NA,NA,20,NA,NA,NA,NA,NA,NA,NA,NA,NA,NA,NA,NA,NA,NA,0,NA,NA,NA,NA,8,NA,NA,NA,NA,NA,NA,NA,NA,NA,NA,NA,NA,NA,NA,NA,NA,NA,NA,NA,NA,NA,NA,NA,NA,0,NA,NA,NA,NA,5,NA,NA,NA,NA,NA,NA,NA,NA,NA,0,NA,NA,NA,NA,0,NA,NA,NA,NA,NA,NA,NA,NA,NA,0,NA,NA,NA,NA,0,NA,NA,NA,NA,NA,NA,NA,NA,NA,NA,NA,NA,NA,NA,0,NA,NA,NA,NA
M24 [Maternal Death Reviews (MDR) Done],24.2,Total Maternal Deaths Reviewed (MDR) by DM,TOTAL,9,NA,NA,NA,NA,0,NA,NA,NA,NA,0,NA,NA,NA,NA,NA,NA,NA,NA,NA,NA,NA,NA,NA,NA,0,NA,NA,NA,NA,NA,NA,NA,NA,NA,NA,NA,NA,NA,NA,0,NA,NA,NA,NA,NA,NA,NA,NA,NA,NA,NA,NA,NA,NA,0,NA,NA,NA,NA,8,NA,NA,NA,NA,NA,NA,NA,NA,NA,NA,NA,NA,NA,NA,NA,NA,NA,NA,NA,NA,NA,NA,NA,NA,0,NA,NA,NA,NA,1,NA,NA,NA,NA,NA,NA,NA,NA,NA,0,NA,NA,NA,NA,0,NA,NA,NA,NA,NA,NA,NA,NA,NA,0,NA,NA,NA,NA,0,NA,NA,NA,NA,NA,NA,NA,NA,NA,NA,NA,NA,NA,NA,0,NA,NA,NA,NA
M24 [Maternal Death Reviews (MDR) Done],24.3,Number of maternal deaths reported through Community based Maternal Death Review (CBMDR),TOTAL,50,NA,NA,NA,NA,1,NA,NA,NA,NA,0,NA,NA,NA,NA,4,NA,NA,NA,NA,14,NA,NA,NA,NA,0,NA,NA,NA,NA,NA,NA,NA,NA,NA,NA,NA,NA,NA,NA,6,NA,NA,NA,NA,4,NA,NA,NA,NA,NA,NA,NA,NA,NA,0,NA,NA,NA,NA,8,NA,NA,NA,NA,6,NA,NA,NA,NA,NA,NA,NA,NA,NA,NA,NA,NA,NA,NA,NA,NA,NA,NA,NA,0,NA,NA,NA,NA,5,NA,NA,NA,NA,NA,NA,NA,NA,NA,2,NA,NA,NA,NA,0,NA,NA,NA,NA,NA,NA,NA,NA,NA,0,NA,NA,NA,NA,0,NA,NA,NA,NA,NA,NA,NA,NA,NA,NA,NA,NA,NA,NA,0,NA,NA,NA,NA
M25 [Janani Shishu Suraksha Karyakram (JSSK)],25.1.1,Number of Pregnant Women provided - Free Medicines under JSSK,TOTAL,17591,NA,NA,NA,NA,604,NA,NA,NA,NA,737,NA,NA,NA,NA,398,NA,NA,NA,NA,2126,NA,NA,NA,NA,316,NA,NA,NA,NA,NA,NA,NA,NA,NA,1443,NA,NA,NA,NA,NA,NA,NA,NA,NA,1231,NA,NA,NA,NA,NA,NA,NA,NA,NA,1071,NA,NA,NA,NA,1166,NA,NA,NA,NA,336,NA,NA,NA,NA,NA,NA,NA,NA,NA,2077,NA,NA,NA,NA,0,NA,NA,NA,NA,807,NA,NA,NA,NA,1023,NA,NA,NA,NA,NA,NA,NA,NA,NA,818,NA,NA,NA,NA,0,NA,NA,NA,NA,NA,NA,NA,NA,NA,594,NA,NA,NA,NA,1131,NA,NA,NA,NA,NA,NA,NA,NA,NA,1520,NA,NA,NA,NA,193,NA,NA,NA,NA
M25 [Janani Shishu Suraksha Karyakram (JSSK)],25.1.2,Number of Pregnant Women provided - Free Diet under JSSK,TOTAL,6424,NA,NA,NA,NA,0,NA,NA,NA,NA,573,NA,NA,NA,NA,307,NA,NA,NA,NA,NA,NA,NA,NA,NA,0,NA,NA,NA,NA,NA,NA,NA,NA,NA,0,NA,NA,NA,NA,NA,NA,NA,NA,NA,897,NA,NA,NA,NA,NA,NA,NA,NA,NA,0,NA,NA,NA,NA,78,NA,NA,NA,NA,NA,NA,NA,NA,NA,NA,NA,NA,NA,NA,2063,NA,NA,NA,NA,0,NA,NA,NA,NA,347,NA,NA,NA,NA,349,NA,NA,NA,NA,NA,NA,NA,NA,NA,260,NA,NA,NA,NA,0,NA,NA,NA,NA,NA,NA,NA,NA,NA,353,NA,NA,NA,NA,325,NA,NA,NA,NA,NA,NA,NA,NA,NA,872,NA,NA,NA,NA,0,NA,NA,NA,NA
M25 [Janani Shishu Suraksha Karyakram (JSSK)],25.1.3,Number of Pregnant Women provided - Free Diagnostics under JSSK,TOTAL,54180,NA,NA,NA,NA,1667,NA,NA,NA,NA,1184,NA,NA,NA,NA,1151,NA,NA,NA,NA,3997,NA,NA,NA,NA,602,NA,NA,NA,NA,NA,NA,NA,NA,NA,1392,NA,NA,NA,NA,NA,NA,NA,NA,NA,NA,NA,NA,NA,NA,NA,NA,NA,NA,NA,1755,NA,NA,NA,NA,1148,NA,NA,NA,NA,1049,NA,NA,NA,NA,NA,NA,NA,NA,NA,9695,NA,NA,NA,NA,0,NA,NA,NA,NA,NA,NA,NA,NA,NA,9450,NA,NA,NA,NA,NA,NA,NA,NA,NA,7612,NA,NA,NA,NA,0,NA,NA,NA,NA,NA,NA,NA,NA,NA,799,NA,NA,NA,NA,7914,NA,NA,NA,NA,NA,NA,NA,NA,NA,3631,NA,NA,NA,NA,1134,NA,NA,NA,NA
M25 [Janani Shishu Suraksha Karyakram (JSSK)],25.1.4,Number of Pregnant Women provided - Free Home to facility transport under JSSK,TOTAL,1801,NA,NA,NA,NA,207,NA,NA,NA,NA,70,NA,NA,NA,NA,191,NA,NA,NA,NA,88,NA,NA,NA,NA,57,NA,NA,NA,NA,NA,NA,NA,NA,NA,7,NA,NA,NA,NA,NA,NA,NA,NA,NA,162,NA,NA,NA,NA,NA,NA,NA,NA,NA,191,NA,NA,NA,NA,77,NA,NA,NA,NA,131,NA,NA,NA,NA,NA,NA,NA,NA,NA,17,NA,NA,NA,NA,0,NA,NA,NA,NA,15,NA,NA,NA,NA,211,NA,NA,NA,NA,NA,NA,NA,NA,NA,18,NA,NA,NA,NA,0,NA,NA,NA,NA,NA,NA,NA,NA,NA,0,NA,NA,NA,NA,44,NA,NA,NA,NA,NA,NA,NA,NA,NA,164,NA,NA,NA,NA,151,NA,NA,NA,NA
M25 [Janani Shishu Suraksha Karyakram (JSSK)],25.1.5,Number of Pregnant Women provided - Interfacility transfers when needed under JSSK,TOTAL,1198,NA,NA,NA,NA,148,NA,NA,NA,NA,0,NA,NA,NA,NA,30,NA,NA,NA,NA,184,NA,NA,NA,NA,4,NA,NA,NA,NA,NA,NA,NA,NA,NA,6,NA,NA,NA,NA,NA,NA,NA,NA,NA,59,NA,NA,NA,NA,NA,NA,NA,NA,NA,28,NA,NA,NA,NA,61,NA,NA,NA,NA,172,NA,NA,NA,NA,NA,NA,NA,NA,NA,67,NA,NA,NA,NA,0,NA,NA,NA,NA,9,NA,NA,NA,NA,85,NA,NA,NA,NA,NA,NA,NA,NA,NA,21,NA,NA,NA,NA,0,NA,NA,NA,NA,NA,NA,NA,NA,NA,9,NA,NA,NA,NA,54,NA,NA,NA,NA,NA,NA,NA,NA,NA,133,NA,NA,NA,NA,128,NA,NA,NA,NA
M25 [Janani Shishu Suraksha Karyakram (JSSK)],25.1.6,Number of Pregnant Women provided - Free Drop Back home under JSSK,TOTAL,6909,NA,NA,NA,NA,281,NA,NA,NA,NA,119,NA,NA,NA,NA,170,NA,NA,NA,NA,1219,NA,NA,NA,NA,40,NA,NA,NA,NA,NA,NA,NA,NA,NA,364,NA,NA,NA,NA,NA,NA,NA,NA,NA,107,NA,NA,NA,NA,NA,NA,NA,NA,NA,170,NA,NA,NA,NA,652,NA,NA,NA,NA,467,NA,NA,NA,NA,NA,NA,NA,NA,NA,1003,NA,NA,NA,NA,0,NA,NA,NA,NA,191,NA,NA,NA,NA,216,NA,NA,NA,NA,NA,NA,NA,NA,NA,520,NA,NA,NA,NA,0,NA,NA,NA,NA,NA,NA,NA,NA,NA,340,NA,NA,NA,NA,250,NA,NA,NA,NA,NA,NA,NA,NA,NA,562,NA,NA,NA,NA,238,NA,NA,NA,NA
M25 [Janani Shishu Suraksha Karyakram (JSSK)],25.2.1,Number of sick infants provided - Free Medicines under JSSK,TOTAL,8340,NA,NA,NA,NA,141,NA,NA,NA,NA,583,NA,NA,NA,NA,38,NA,NA,NA,NA,941,NA,NA,NA,NA,264,NA,NA,NA,NA,NA,NA,NA,NA,NA,134,NA,NA,NA,NA,NA,NA,NA,NA,NA,172,NA,NA,NA,NA,NA,NA,NA,NA,NA,140,NA,NA,NA,NA,354,NA,NA,NA,NA,324,NA,NA,NA,NA,NA,NA,NA,NA,NA,1380,NA,NA,NA,NA,0,NA,NA,NA,NA,765,NA,NA,NA,NA,674,NA,NA,NA,NA,NA,NA,NA,NA,NA,434,NA,NA,NA,NA,0,NA,NA,NA,NA,NA,NA,NA,NA,NA,589,NA,NA,NA,NA,144,NA,NA,NA,NA,NA,NA,NA,NA,NA,1259,NA,NA,NA,NA,4,NA,NA,NA,NA
M25 [Janani Shishu Suraksha Karyakram (JSSK)],25.2.2,Number of sick infants provided - Free Diagnostics under JSSK,TOTAL,893,NA,NA,NA,NA,0,NA,NA,NA,NA,0,NA,NA,NA,NA,NA,NA,NA,NA,NA,893,NA,NA,NA,NA,0,NA,NA,NA,NA,NA,NA,NA,NA,NA,NA,NA,NA,NA,NA,NA,NA,NA,NA,NA,NA,NA,NA,NA,NA,NA,NA,NA,NA,NA,NA,NA,NA,NA,NA,NA,NA,NA,NA,NA,NA,NA,NA,NA,NA,NA,NA,NA,NA,NA,0,NA,NA,NA,NA,0,NA,NA,NA,NA,NA,NA,NA,NA,NA,0,NA,NA,NA,NA,NA,NA,NA,NA,NA,0,NA,NA,NA,NA,0,NA,NA,NA,NA,NA,NA,NA,NA,NA,0,NA,NA,NA,NA,NA,NA,NA,NA,NA,NA,NA,NA,NA,NA,NA,NA,NA,NA,NA,0,NA,NA,NA,NA
M25 [Janani Shishu Suraksha Karyakram (JSSK)],25.2.3,Number of sick infants provided - Free Home to facility transport under JSSK,TOTAL,255,NA,NA,NA,NA,0,NA,NA,NA,NA,4,NA,NA,NA,NA,NA,NA,NA,NA,NA,39,NA,NA,NA,NA,24,NA,NA,NA,NA,NA,NA,NA,NA,NA,2,NA,NA,NA,NA,NA,NA,NA,NA,NA,7,NA,NA,NA,NA,NA,NA,NA,NA,NA,NA,NA,NA,NA,NA,2,NA,NA,NA,NA,10,NA,NA,NA,NA,NA,NA,NA,NA,NA,16,NA,NA,NA,NA,0,NA,NA,NA,NA,0,NA,NA,NA,NA,9,NA,NA,NA,NA,NA,NA,NA,NA,NA,6,NA,NA,NA,NA,0,NA,NA,NA,NA,NA,NA,NA,NA,NA,0,NA,NA,NA,NA,2,NA,NA,NA,NA,NA,NA,NA,NA,NA,49,NA,NA,NA,NA,85,NA,NA,NA,NA
M25 [Janani Shishu Suraksha Karyakram (JSSK)],25.2.4,Number of sick infants provided - Interfacility transfers when needed under JSSK,TOTAL,419,NA,NA,NA,NA,1,NA,NA,NA,NA,0,NA,NA,NA,NA,1,NA,NA,NA,NA,21,NA,NA,NA,NA,135,NA,NA,NA,NA,NA,NA,NA,NA,NA,2,NA,NA,NA,NA,NA,NA,NA,NA,NA,17,NA,NA,NA,NA,NA,NA,NA,NA,NA,NA,NA,NA,NA,NA,4,NA,NA,NA,NA,27,NA,NA,NA,NA,NA,NA,NA,NA,NA,0,NA,NA,NA,NA,0,NA,NA,NA,NA,0,NA,NA,NA,NA,6,NA,NA,NA,NA,NA,NA,NA,NA,NA,14,NA,NA,NA,NA,0,NA,NA,NA,NA,NA,NA,NA,NA,NA,0,NA,NA,NA,NA,32,NA,NA,NA,NA,NA,NA,NA,NA,NA,94,NA,NA,NA,NA,65,NA,NA,NA,NA
M25 [Janani Shishu Suraksha Karyakram (JSSK)],25.2.5,Number of sick infants provided - Free Drop Back home under JSSK,TOTAL,4526,NA,NA,NA,NA,9,NA,NA,NA,NA,267,NA,NA,NA,NA,NA,NA,NA,NA,NA,1136,NA,NA,NA,NA,22,NA,NA,NA,NA,NA,NA,NA,NA,NA,13,NA,NA,NA,NA,NA,NA,NA,NA,NA,90,NA,NA,NA,NA,NA,NA,NA,NA,NA,NA,NA,NA,NA,NA,589,NA,NA,NA,NA,407,NA,NA,NA,NA,NA,NA,NA,NA,NA,0,NA,NA,NA,NA,0,NA,NA,NA,NA,166,NA,NA,NA,NA,180,NA,NA,NA,NA,NA,NA,NA,NA,NA,472,NA,NA,NA,NA,0,NA,NA,NA,NA,NA,NA,NA,NA,NA,340,NA,NA,NA,NA,98,NA,NA,NA,NA,NA,NA,NA,NA,NA,535,NA,NA,NA,NA,202,NA,NA,NA,NA
