Indicator,S.No.,Parameters,Type,District - _Assam - Total [(A+B) or (C+D)],District - _Assam - Public [A],District - _Assam - Private [B],District - _Assam - Urban [C],District - _Assam - Rural [D],District - Baksa - Total [(A+B) or (C+D)],District - Baksa - Public [A],District - Baksa - Private [B],District - Baksa - Urban [C],District - Baksa - Rural [D],District - Barpeta - Total [(A+B) or (C+D)],District - Barpeta - Public [A],District - Barpeta - Private [B],District - Barpeta - Urban [C],District - Barpeta - Rural [D],District - Bongaigaon - Total [(A+B) or (C+D)],District - Bongaigaon - Public [A],District - Bongaigaon - Private [B],District - Bongaigaon - Urban [C],District - Bongaigaon - Rural [D],District - Cachar - Total [(A+B) or (C+D)],District - Cachar - Public [A],District - Cachar - Private [B],District - Cachar - Urban [C],District - Cachar - Rural [D],District - Chirang - Total [(A+B) or (C+D)],District - Chirang - Public [A],District - Chirang - Private [B],District - Chirang - Urban [C],District - Chirang - Rural [D],District - Darrang - Total [(A+B) or (C+D)],District - Darrang - Public [A],District - Darrang - Private [B],District - Darrang - Urban [C],District - Darrang - Rural [D],District - Dhemaji - Total [(A+B) or (C+D)],District - Dhemaji - Public [A],District - Dhemaji - Private [B],District - Dhemaji - Urban [C],District - Dhemaji - Rural [D],District - Dhubri - Total [(A+B) or (C+D)],District - Dhubri - Public [A],District - Dhubri - Private [B],District - Dhubri - Urban [C],District - Dhubri - Rural [D],District - Dibrugarh - Total [(A+B) or (C+D)],District - Dibrugarh - Public [A],District - Dibrugarh - Private [B],District - Dibrugarh - Urban [C],District - Dibrugarh - Rural [D],District - Dima Hasao - Total [(A+B) or (C+D)],District - Dima Hasao - Public [A],District - Dima Hasao - Private [B],District - Dima Hasao - Urban [C],District - Dima Hasao - Rural [D],District - Goalpara - Total [(A+B) or (C+D)],District - Goalpara - Public [A],District - Goalpara - Private [B],District - Goalpara - Urban [C],District - Goalpara - Rural [D],District - Golaghat - Total [(A+B) or (C+D)],District - Golaghat - Public [A],District - Golaghat - Private [B],District - Golaghat - Urban [C],District - Golaghat - Rural [D],District - Hailakandi - Total [(A+B) or (C+D)],District - Hailakandi - Public [A],District - Hailakandi - Private [B],District - Hailakandi - Urban [C],District - Hailakandi - Rural [D],District - Jorhat - Total [(A+B) or (C+D)],District - Jorhat - Public [A],District - Jorhat - Private [B],District - Jorhat - Urban [C],District - Jorhat - Rural [D],District - Kamrup M - Total [(A+B) or (C+D)],District - Kamrup M - Public [A],District - Kamrup M - Private [B],District - Kamrup M - Urban [C],District - Kamrup M - Rural [D],District - Kamrup R - Total [(A+B) or (C+D)],District - Kamrup R - Public [A],District - Kamrup R - Private [B],District - Kamrup R - Urban [C],District - Kamrup R - Rural [D],District - Karbi Anglong - Total [(A+B) or (C+D)],District - Karbi Anglong - Public [A],District - Karbi Anglong - Private [B],District - Karbi Anglong - Urban [C],District - Karbi Anglong - Rural [D],District - Karimganj - Total [(A+B) or (C+D)],District - Karimganj - Public [A],District - Karimganj - Private [B],District - Karimganj - Urban [C],District - Karimganj - Rural [D],District - Kokrajhar - Total [(A+B) or (C+D)],District - Kokrajhar - Public [A],District - Kokrajhar - Private [B],District - Kokrajhar - Urban [C],District - Kokrajhar - Rural [D],District - Lakhimpur - Total [(A+B) or (C+D)],District - Lakhimpur - Public [A],District - Lakhimpur - Private [B],District - Lakhimpur - Urban [C],District - Lakhimpur - Rural [D],District - Marigaon - Total [(A+B) or (C+D)],District - Marigaon - Public [A],District - Marigaon - Private [B],District - Marigaon - Urban [C],District - Marigaon - Rural [D],District - Nagaon - Total [(A+B) or (C+D)],District - Nagaon - Public [A],District - Nagaon - Private [B],District - Nagaon - Urban [C],District - Nagaon - Rural [D],District - Nalbari - Total [(A+B) or (C+D)],District - Nalbari - Public [A],District - Nalbari - Private [B],District - Nalbari - Urban [C],District - Nalbari - Rural [D],District - Sibsagar - Total [(A+B) or (C+D)],District - Sibsagar - Public [A],District - Sibsagar - Private [B],District - Sibsagar - Urban [C],District - Sibsagar - Rural [D],District - Sonitpur - Total [(A+B) or (C+D)],District - Sonitpur - Public [A],District - Sonitpur - Private [B],District - Sonitpur - Urban [C],District - Sonitpur - Rural [D],District - Tinsukia - Total [(A+B) or (C+D)],District - Tinsukia - Public [A],District - Tinsukia - Private [B],District - Tinsukia - Urban [C],District - Tinsukia - Rural [D],District - Udalguri - Total [(A+B) or (C+D)],District - Udalguri - Public [A],District - Udalguri - Private [B],District - Udalguri - Urban [C],District - Udalguri - Rural [D]
M1 [Ante Natal Care (ANC)],1.1,Total number of pregnant women registered for ANC,TOTAL,60533,57422,3111,3992,56541,1610,1607,3,NA,1610,3502,3451,51,NA,3502,1416,1416,0,74,1342,3077,3071,6,150,2927,935,935,NA,NA,935,1896,1892,4,NA,1896,1410,1410,NA,NA,1410,4342,4247,95,78,4264,2251,1699,552,377,1874,450,432,18,NA,450,2413,2413,0,139,2274,1766,1766,0,NA,1766,1361,1361,NA,NA,1361,2296,2005,291,308,1988,2859,2150,709,2309,550,2870,2870,0,NA,2870,1955,1949,6,124,1831,2489,2486,3,11,2478,1548,1548,NA,NA,1548,1921,1835,86,70,1851,2201,2201,NA,NA,2201,6035,6006,29,70,5965,1230,1230,NA,NA,1230,1926,1679,247,117,1809,3089,2799,290,22,3067,2384,1783,601,143,2241,1301,1181,120,NA,1301
M1 [Ante Natal Care (ANC)],1.1.1,"Out of the total ANC registered, number registered within 1st trimester (within 12 weeks)",TOTAL,53376,50643,2733,3400,49976,1472,1469,3,NA,1472,3104,3097,7,NA,3104,1237,1237,0,62,1175,2883,2878,5,121,2762,763,763,NA,NA,763,1755,1751,4,NA,1755,1326,1326,NA,NA,1326,3634,3539,95,56,3578,1987,1498,489,321,1666,291,283,8,NA,291,2244,2244,0,128,2116,1587,1587,0,NA,1587,1103,1103,NA,NA,1103,2199,1927,272,288,1911,2500,1812,688,2027,473,2686,2686,0,NA,2686,1526,1524,2,85,1441,2153,2150,3,9,2144,1188,1188,NA,NA,1188,1710,1633,77,58,1652,1891,1891,NA,NA,1891,5243,5217,26,29,5214,1153,1153,NA,NA,1153,1782,1560,222,115,1667,2788,2530,258,22,2766,2035,1551,484,79,1956,1136,1046,90,NA,1136
M1 [Ante Natal Care (ANC)],1.2.1,Number of PW given TT1,TOTAL,50829,47816,3013,3934,46895,1269,1266,3,NA,1269,2683,2683,NA,NA,2683,1106,1059,47,91,1015,2375,2259,116,244,2131,785,785,NA,NA,785,2171,2168,3,NA,2171,1124,1124,NA,NA,1124,3724,3664,60,58,3666,2006,1367,639,456,1550,283,281,2,NA,283,2196,2196,0,135,2061,1475,1475,0,NA,1475,1037,1037,NA,NA,1037,2064,1773,291,305,1759,2741,2056,685,2298,443,2177,2177,0,NA,2177,1669,1668,1,78,1591,1906,1847,59,5,1901,1303,1303,NA,NA,1303,1495,1432,63,63,1432,1914,1914,NA,NA,1914,5064,5018,46,67,4997,1010,1010,NA,NA,1010,1233,1097,136,32,1201,2982,2682,300,25,2957,1891,1426,465,77,1814,1146,1049,97,NA,1146
M1 [Ante Natal Care (ANC)],1.2.2,Number of PW given TT2,TOTAL,41218,38562,2656,3586,37632,1028,1027,1,NA,1028,2186,2186,NA,NA,2186,834,799,35,76,758,2640,2556,84,201,2439,596,596,NA,NA,596,1445,1444,1,NA,1445,823,823,NA,NA,823,3056,3004,52,44,3012,1604,1072,532,416,1188,254,254,0,NA,254,1682,1682,0,120,1562,1068,1068,0,NA,1068,902,902,NA,NA,902,1926,1641,285,300,1626,2485,1798,687,2128,357,1700,1700,0,NA,1700,1535,1534,1,93,1442,1795,1618,177,5,1790,990,990,NA,NA,990,1195,1143,52,38,1157,1372,1372,NA,NA,1372,4021,3988,33,54,3967,766,766,NA,NA,766,965,869,96,29,936,2210,1984,226,25,2185,1304,974,330,57,1247,836,772,64,NA,836
M1 [Ante Natal Care (ANC)],1.2.3,Number of PW given TT Booster,TOTAL,4899,4567,332,231,4668,47,47,0,NA,47,166,166,NA,NA,166,67,67,0,2,65,607,605,2,24,583,69,69,NA,NA,69,78,78,0,NA,78,76,76,NA,NA,76,200,197,3,7,193,290,187,103,79,211,70,70,0,NA,70,160,160,0,6,154,105,105,0,NA,105,230,230,NA,NA,230,120,110,10,11,109,101,68,33,81,20,140,140,0,NA,140,192,192,0,2,190,483,470,13,0,483,77,77,NA,NA,77,129,110,19,7,122,274,274,NA,NA,274,616,613,3,3,613,54,54,NA,NA,54,81,62,19,4,77,140,117,23,2,138,259,157,102,3,256,68,66,2,NA,68
M1 [Ante Natal Care (ANC)],1.2.4,Number of PW given 180 Iron Folic Acid (IFA) tablets,TOTAL,61979,59107,2872,3431,58548,2273,2243,30,NA,2273,2998,2978,20,NA,2998,1425,1425,0,76,1349,7112,7017,95,162,6950,732,732,NA,NA,732,1757,1751,6,NA,1757,1165,1165,NA,NA,1165,4118,4051,67,58,4060,2279,1694,585,413,1866,266,263,3,NA,266,2414,2414,0,180,2234,1565,1565,0,NA,1565,1284,1284,NA,NA,1284,2152,2145,7,24,2128,2655,1947,708,2179,476,2457,2457,0,NA,2457,1817,1812,5,80,1737,3086,2855,231,4,3082,1219,1219,NA,NA,1219,1601,1527,74,57,1544,2168,2168,NA,NA,2168,6254,6235,19,39,6215,1070,1070,NA,NA,1070,1987,1830,157,58,1929,3095,2810,285,22,3073,2112,1588,524,79,2033,918,862,56,NA,918
M1 [Ante Natal Care (ANC)],1.2.5,Number of PW given 360 Calcium tablets,TOTAL,10084,9421,663,1229,8855,30,30,0,NA,30,133,115,18,NA,133,26,26,NA,2,24,56,12,44,12,44,91,91,NA,NA,91,531,529,2,NA,531,268,268,NA,NA,268,889,889,0,58,831,730,413,317,413,317,196,194,2,NA,196,457,457,0,79,378,387,387,0,NA,387,175,175,NA,NA,175,720,720,0,24,696,774,741,33,560,214,787,787,0,NA,787,296,296,0,0,296,45,45,0,0,45,334,334,NA,NA,334,331,311,20,8,323,302,302,NA,NA,302,717,717,0,NA,717,129,129,NA,NA,129,568,532,36,0,568,122,116,6,NA,122,835,658,177,73,762,155,147,8,NA,155
M1 [Ante Natal Care (ANC)],1.2.6,Number of PW given one Albendazole tablet after 1st trimester,TOTAL,13189,12877,312,378,12811,808,808,0,NA,808,279,279,0,NA,279,200,198,2,33,167,643,618,25,176,467,70,70,NA,NA,70,864,864,0,NA,864,122,122,NA,NA,122,1401,1401,0,58,1343,537,442,95,0,537,240,240,0,NA,240,891,891,0,65,826,434,434,0,NA,434,977,977,NA,NA,977,303,303,0,0,303,126,126,0,32,94,355,355,0,NA,355,716,716,0,14,702,548,548,0,0,548,264,264,NA,NA,264,0,0,0,0,0,187,187,NA,NA,187,1355,1352,3,NA,1355,563,563,NA,NA,563,503,500,3,0,503,166,145,21,NA,166,427,312,115,0,427,210,162,48,NA,210
M1 [Ante Natal Care (ANC)],1.2.7,Number of PW received 4 or more ANC check ups,TOTAL,46064,43580,2484,3255,42809,1091,1090,1,NA,1091,2870,2869,1,NA,2870,958,958,0,46,912,3405,3265,140,270,3135,655,655,NA,NA,655,1560,1557,3,NA,1560,889,889,NA,NA,889,3833,3780,53,66,3767,1397,983,414,230,1167,180,178,2,NA,180,1833,1833,0,82,1751,1081,1081,0,NA,1081,1056,1056,NA,NA,1056,1701,1415,286,302,1399,2364,1804,560,1778,586,2240,2240,0,NA,2240,1175,1175,0,67,1108,2189,2168,21,12,2177,966,966,NA,NA,966,1448,1397,51,53,1395,1438,1438,NA,NA,1438,4816,4803,13,47,4769,830,830,NA,NA,830,1370,1196,174,118,1252,2348,2113,235,28,2320,1500,1031,469,156,1344,871,810,61,NA,871
M1 [Ante Natal Care (ANC)],1.2.8,Number of PW given ANC Corticosteroids in Pre Term Labour,TOTAL,102,83,19,0,102,6,6,0,NA,6,8,3,5,NA,8,0,0,NA,NA,0,0,0,0,0,0,1,1,NA,NA,1,13,13,0,NA,13,0,0,NA,NA,0,20,20,0,0,20,13,2,11,NA,13,0,0,0,NA,0,0,0,0,0,0,2,2,0,NA,2,0,0,NA,NA,0,0,0,0,0,0,0,0,0,0,0,0,0,0,NA,0,0,0,0,0,0,3,3,0,0,3,3,3,NA,NA,3,2,2,0,0,2,0,0,NA,NA,0,1,1,0,NA,1,2,2,NA,NA,2,2,2,0,NA,2,3,0,3,NA,3,9,9,0,0,9,14,14,0,NA,14
M1 [Ante Natal Care (ANC)],1.3.1,New cases of PW with hypertension detected,TOTAL,1775,1462,313,278,1497,29,29,0,NA,29,81,79,2,NA,81,21,21,NA,1,20,91,70,21,0,91,21,21,NA,NA,21,77,77,0,NA,77,11,11,NA,NA,11,99,99,0,1,98,183,167,16,0,183,12,12,0,NA,12,85,85,0,10,75,24,24,0,NA,24,17,17,NA,NA,17,59,59,0,0,59,365,126,239,260,105,59,59,0,NA,59,34,34,0,0,34,41,35,6,0,41,73,73,NA,NA,73,43,40,3,0,43,18,18,NA,NA,18,112,112,0,NA,112,6,6,NA,NA,6,80,77,3,NA,80,55,47,8,NA,55,22,12,10,6,16,57,52,5,NA,57
M1 [Ante Natal Care (ANC)],1.3.1.a,"Out of the new cases of PW with hypertension detected, cases managed at institution",TOTAL,805,750,55,32,773,7,7,0,NA,7,56,54,2,NA,56,8,8,NA,NA,8,52,32,20,0,52,8,8,NA,NA,8,58,58,0,NA,58,8,8,NA,NA,8,32,32,0,0,32,31,31,0,0,31,6,6,0,NA,6,45,45,0,10,35,17,17,0,NA,17,7,7,NA,NA,7,39,39,0,0,39,115,107,8,17,98,21,21,0,NA,21,29,29,0,0,29,23,17,6,0,23,51,51,NA,NA,51,13,13,0,0,13,3,3,NA,NA,3,73,73,0,NA,73,0,0,NA,NA,0,32,32,0,NA,32,23,20,3,NA,23,18,4,14,5,13,30,28,2,NA,30
M1 [Ante Natal Care (ANC)],1.3.2,Number of Eclampsia cases managed during delivery,TOTAL,42,38,4,2,40,0,0,0,NA,0,3,3,NA,NA,3,2,2,NA,NA,2,2,0,2,0,2,3,3,NA,NA,3,0,0,0,NA,0,0,0,NA,NA,0,0,0,0,0,0,2,2,0,NA,2,0,0,0,NA,0,0,0,0,0,0,2,2,0,NA,2,2,2,NA,NA,2,1,1,0,0,1,8,6,2,2,6,0,0,0,NA,0,1,1,0,0,1,4,4,0,0,4,2,2,NA,NA,2,0,0,0,0,0,5,5,NA,NA,5,2,2,0,NA,2,0,0,NA,NA,0,2,2,0,NA,2,0,0,0,NA,0,0,0,0,0,0,1,1,0,NA,1
M1 [Ante Natal Care (ANC)],1.4.1,Number of PW tested for Haemoglobin (Hb ) 4 or more than 4 times for respective ANCs,TOTAL,38570,37804,766,1361,37209,1076,1076,0,NA,1076,2451,2449,2,NA,2451,804,804,NA,46,758,3293,3275,18,138,3155,520,520,NA,NA,520,1219,1219,0,NA,1219,679,679,NA,NA,679,3688,3630,58,77,3611,871,753,118,211,660,171,169,2,NA,171,2150,2150,0,213,1937,993,993,0,NA,993,1157,1157,NA,NA,1157,1241,1241,0,21,1220,923,923,0,634,289,2514,2514,0,NA,2514,422,422,0,15,407,2259,2229,30,4,2255,343,343,NA,NA,343,1925,1880,45,0,1925,508,508,NA,NA,508,3681,3669,12,NA,3681,695,695,NA,NA,695,1423,1371,52,NA,1423,1763,1646,117,NA,1763,1354,1064,290,2,1352,447,425,22,NA,447
M1 [Ante Natal Care (ANC)],1.4.2,Number of PW having Hb level<11 (tested cases)(7.1 to 10.9),TOTAL,42661,40993,1668,1815,40846,834,834,0,NA,834,2705,2694,11,NA,2705,692,692,NA,63,629,3494,3412,82,33,3461,514,514,NA,NA,514,767,765,2,NA,767,837,837,NA,NA,837,2435,2427,8,157,2278,1898,1683,215,78,1820,360,356,4,NA,360,2115,2115,0,214,1901,1372,1370,2,NA,1372,837,837,NA,NA,837,1179,1179,0,12,1167,1371,1091,280,1082,289,2728,2728,0,NA,2728,594,594,0,13,581,1869,1721,148,0,1869,995,995,NA,NA,995,1370,1283,87,75,1295,988,988,NA,NA,988,3924,3891,33,NA,3924,687,687,NA,NA,687,2734,2667,67,NA,2734,2633,2415,218,13,2620,1766,1325,441,75,1691,963,893,70,NA,963
M1 [Ante Natal Care (ANC)],1.4.3,Number of PW having Hb level<7 (tested cases),TOTAL,1765,1648,117,85,1680,12,12,0,NA,12,46,46,NA,NA,46,21,21,NA,2,19,224,203,21,0,224,15,15,NA,NA,15,23,21,2,NA,23,25,25,NA,NA,25,10,10,0,1,9,76,65,11,2,74,121,121,0,NA,121,32,32,0,0,32,96,96,0,NA,96,26,26,NA,NA,26,63,63,0,0,63,50,43,7,22,28,37,37,0,NA,37,32,32,0,0,32,121,112,9,0,121,83,83,NA,NA,83,218,207,11,50,168,13,13,NA,NA,13,49,49,0,NA,49,5,5,NA,NA,5,114,104,10,NA,114,121,109,12,0,121,107,75,32,8,99,25,23,2,NA,25
M1 [Ante Natal Care (ANC)],1.4.4,Number of PW having severe anaemia (Hb<7) treated,TOTAL,359,301,58,14,345,2,2,0,NA,2,0,0,NA,NA,0,2,2,NA,2,0,54,34,20,0,54,0,0,NA,NA,0,0,0,0,NA,0,1,1,NA,NA,1,3,3,0,1,2,34,32,2,0,34,0,0,0,NA,0,11,11,0,0,11,2,2,0,NA,2,7,7,NA,NA,7,38,38,0,0,38,21,14,7,9,12,16,16,0,NA,16,29,29,0,0,29,34,25,9,0,34,17,17,NA,NA,17,5,5,0,0,5,5,5,NA,NA,5,22,22,0,NA,22,0,0,NA,NA,0,23,22,1,NA,23,9,5,4,0,9,22,9,13,2,20,2,0,2,NA,2
M1 [Ante Natal Care (ANC)],1.5.1,Number of PW tested for blood sugar using OGTT (Oral Glucose Tolerance Test),TOTAL,945,797,148,161,784,16,16,0,NA,16,0,0,NA,NA,0,0,0,NA,NA,0,370,331,39,0,370,0,0,NA,NA,0,0,0,0,NA,0,0,0,NA,NA,0,0,0,0,0,0,0,0,0,NA,0,0,0,0,NA,0,0,0,0,0,0,0,0,0,NA,0,0,0,NA,NA,0,0,0,0,0,0,161,128,33,161,0,0,0,0,NA,0,0,0,0,0,0,314,286,28,0,314,0,0,NA,NA,0,0,0,0,0,0,18,18,NA,NA,18,18,18,0,NA,18,0,0,NA,NA,0,0,0,0,NA,0,6,0,6,NA,6,30,0,30,0,30,12,0,12,NA,12
M1 [Ante Natal Care (ANC)],1.5.2,Number of PW tested positive for GDM,TOTAL,49,38,11,1,48,0,0,0,NA,0,0,0,NA,NA,0,0,0,NA,NA,0,0,0,0,0,0,0,0,NA,NA,0,0,0,0,NA,0,0,0,NA,NA,0,0,0,0,0,0,0,0,0,NA,0,0,0,0,NA,0,0,0,0,0,0,0,0,0,NA,0,0,0,NA,NA,0,0,0,0,0,0,1,1,0,1,0,0,0,0,NA,0,0,0,0,0,0,7,0,7,0,7,0,0,NA,NA,0,0,0,0,0,0,0,0,NA,NA,0,0,0,0,NA,0,0,0,NA,NA,0,0,0,0,NA,0,0,0,0,NA,0,41,37,4,0,41,0,0,0,NA,0
M1 [Ante Natal Care (ANC)],1.5.3,Number of PW given insulin out of total tested positive for GDM,TOTAL,0,0,0,0,0,0,0,0,NA,0,0,0,NA,NA,0,0,0,NA,NA,0,0,0,0,0,0,0,0,NA,NA,0,0,0,0,NA,0,0,0,NA,NA,0,0,0,0,0,0,0,0,0,NA,0,0,0,0,NA,0,0,0,0,0,0,0,0,0,NA,0,0,0,NA,NA,0,0,0,0,0,0,0,0,0,0,0,0,0,0,NA,0,0,0,0,0,0,0,0,0,0,0,0,0,NA,NA,0,0,0,0,0,0,0,0,NA,NA,0,0,0,0,NA,0,0,0,NA,NA,0,0,0,0,NA,0,0,0,0,NA,0,0,0,0,0,0,0,0,0,NA,0
M1 [Ante Natal Care (ANC)],1.6.1.a,Number of PW tested using POC test for Syphilis,TOTAL,59,39,20,0,59,0,0,NA,NA,0,0,0,NA,NA,0,0,0,NA,NA,0,0,0,NA,NA,0,0,0,NA,NA,0,22,22,NA,NA,22,0,0,NA,NA,0,0,0,0,NA,0,0,0,0,NA,0,0,0,NA,NA,0,17,17,NA,0,17,0,0,0,NA,0,0,0,NA,NA,0,0,0,NA,NA,0,0,0,NA,0,0,0,0,NA,NA,0,0,0,NA,NA,0,0,0,NA,NA,0,0,0,NA,NA,0,20,0,20,0,20,0,0,NA,NA,0,0,0,0,NA,0,0,0,NA,NA,0,0,0,0,NA,0,0,0,0,NA,0,0,0,NA,0,0,0,0,NA,NA,0
M1 [Ante Natal Care (ANC)],1.6.1.b,"Out of above, number of PW found sero positive for syphilis",TOTAL,0,0,0,0,0,0,0,NA,NA,0,0,0,NA,NA,0,0,0,NA,NA,0,0,0,NA,NA,0,0,0,NA,NA,0,0,0,NA,NA,0,0,0,NA,NA,0,0,0,0,NA,0,0,0,0,NA,0,0,0,NA,NA,0,0,0,NA,0,0,0,0,0,NA,0,0,0,NA,NA,0,0,0,NA,NA,0,0,0,NA,0,0,0,0,NA,NA,0,0,0,NA,NA,0,0,0,NA,NA,0,0,0,NA,NA,0,0,0,0,0,0,0,0,NA,NA,0,0,0,0,NA,0,0,0,NA,NA,0,0,0,0,NA,0,0,0,0,NA,0,0,0,NA,0,0,0,0,NA,NA,0
M1 [Ante Natal Care (ANC)],1.6.2.a,Number of pregnant women tested for Syphilis,TOTAL,12393,11933,460,572,11821,402,402,0,NA,402,408,406,2,NA,408,196,196,NA,NA,196,1519,1453,66,150,1369,273,273,NA,NA,273,149,149,0,NA,149,343,343,NA,NA,343,140,140,0,0,140,158,158,0,136,22,48,44,4,NA,48,398,398,0,40,358,4,0,4,NA,4,168,168,NA,NA,168,1196,1196,0,0,1196,599,568,31,164,435,673,673,0,NA,673,189,189,0,0,189,952,721,231,0,952,347,347,NA,NA,347,261,242,19,0,261,428,428,NA,NA,428,1022,1022,0,NA,1022,360,360,NA,NA,360,581,575,6,NA,581,682,682,0,NA,682,303,215,88,82,221,594,585,9,NA,594
M1 [Ante Natal Care (ANC)],1.6.2.b,Number of pregnant women tested found sero positive for Syphilis,TOTAL,38,38,0,0,38,0,0,0,NA,0,0,0,NA,NA,0,0,0,NA,NA,0,1,1,0,0,1,0,0,NA,NA,0,0,0,0,NA,0,36,36,NA,NA,36,0,0,0,0,0,0,0,0,0,0,0,0,0,NA,0,0,0,0,0,0,0,0,0,NA,0,0,0,NA,NA,0,0,0,0,0,0,1,1,0,0,1,0,0,0,NA,0,0,0,0,0,0,0,0,0,0,0,0,0,NA,NA,0,0,0,0,0,0,0,0,NA,NA,0,0,0,0,NA,0,0,0,NA,NA,0,0,0,0,NA,0,0,0,0,NA,0,0,0,0,0,0,0,0,0,NA,0
M1 [Ante Natal Care (ANC)],1.6.2.c,Number of syphilis positive pregnant women treated for Syphilis,TOTAL,37,37,0,0,37,0,0,0,NA,0,0,0,NA,NA,0,0,0,NA,NA,0,0,0,0,0,0,0,0,NA,NA,0,0,0,0,NA,0,36,36,NA,NA,36,0,0,0,0,0,0,0,0,0,0,0,0,0,NA,0,0,0,0,0,0,0,0,0,NA,0,0,0,NA,NA,0,0,0,0,0,0,0,0,0,0,0,0,0,0,NA,0,0,0,0,0,0,0,0,0,0,0,0,0,NA,NA,0,1,1,0,0,1,0,0,NA,NA,0,0,0,0,NA,0,0,0,NA,NA,0,0,0,0,NA,0,0,0,0,NA,0,0,0,0,0,0,0,0,0,NA,0
M1 [Ante Natal Care (ANC)],1.6.2.d,Number of babies diagnosed with Congenital Syphilis,TOTAL,36,36,0,0,36,0,0,0,NA,0,0,0,NA,NA,0,0,0,NA,NA,0,0,0,0,0,0,0,0,NA,NA,0,0,0,0,NA,0,36,36,NA,NA,36,0,0,0,0,0,0,0,0,NA,0,0,0,0,NA,0,0,0,0,0,0,0,0,0,NA,0,0,0,NA,NA,0,0,0,0,0,0,0,0,0,0,0,0,0,0,NA,0,0,0,0,0,0,0,0,0,0,0,0,0,NA,NA,0,0,0,0,0,0,0,0,NA,NA,0,0,0,0,NA,0,0,0,NA,NA,0,0,0,0,NA,0,0,0,0,NA,0,0,0,0,0,0,0,0,0,NA,0
M1 [Ante Natal Care (ANC)],1.6.2.e,Number of babies treated for congenital Syphilis,TOTAL,0,0,0,0,0,0,0,0,NA,0,0,0,NA,NA,0,0,0,NA,NA,0,0,0,0,0,0,0,0,NA,NA,0,0,0,0,NA,0,0,0,NA,NA,0,0,0,0,0,0,0,0,0,NA,0,0,0,0,NA,0,0,0,0,0,0,0,0,0,NA,0,0,0,NA,NA,0,0,0,0,0,0,0,0,0,0,0,0,0,0,NA,0,0,0,0,0,0,0,0,0,0,0,0,0,NA,NA,0,0,0,0,0,0,0,0,NA,NA,0,0,0,0,NA,0,0,0,NA,NA,0,0,0,0,NA,0,0,0,0,NA,0,0,0,0,0,0,0,0,0,NA,0
M2 [Deliveries],2.1.1.a,Number of Home Deliveries attended by Skill Birth Attendant(SBA) (Doctor/Nurse/ANM),TOTAL,1314,1289,25,17,1297,21,21,0,NA,21,311,311,NA,NA,311,13,13,NA,0,13,61,61,0,0,61,7,7,NA,NA,7,67,67,0,NA,67,4,4,NA,NA,4,161,159,2,0,161,1,1,0,NA,1,20,20,0,NA,20,66,66,0,1,65,5,5,0,NA,5,35,35,NA,NA,35,7,7,0,1,6,21,21,0,9,12,18,18,0,NA,18,48,48,0,4,44,120,120,0,2,118,12,12,NA,NA,12,6,5,1,0,6,73,73,NA,NA,73,113,113,0,NA,113,51,51,NA,NA,51,25,20,5,NA,25,16,8,8,NA,16,18,9,9,0,18,14,14,0,NA,14
M2 [Deliveries],2.1.1.b,Number of Home Deliveries attended by Non SBA (Trained Birth Attendant(TBA) /Relatives/etc.),TOTAL,4422,4361,61,25,4397,18,18,0,NA,18,313,313,NA,NA,313,90,90,NA,2,88,67,67,0,0,67,122,122,NA,NA,122,116,116,0,NA,116,0,0,NA,NA,0,1894,1883,11,5,1889,6,3,3,NA,6,68,68,0,NA,68,21,21,0,0,21,28,28,0,NA,28,101,101,NA,NA,101,0,0,0,0,0,16,16,0,11,5,12,12,0,NA,12,169,169,0,6,163,566,566,0,NA,566,91,91,NA,NA,91,1,1,0,0,1,112,112,NA,NA,112,252,252,0,1,251,10,10,NA,NA,10,0,0,0,NA,0,240,220,20,NA,240,58,32,26,0,58,51,50,1,NA,51
M2 [Deliveries],2.1.2,Number of PW given Tablet Misoprostol during home delivery,TOTAL,2033,2017,16,0,2033,6,6,0,NA,6,13,13,NA,NA,13,0,0,NA,NA,0,0,0,0,0,0,3,3,NA,NA,3,73,73,0,NA,73,1,1,NA,NA,1,1403,1403,0,0,1403,0,0,0,NA,0,43,43,0,NA,43,24,24,0,0,24,4,4,0,NA,4,111,111,NA,NA,111,1,1,0,NA,1,14,14,0,0,14,2,2,0,NA,2,19,19,NA,NA,19,201,201,0,NA,201,7,7,NA,NA,7,0,0,0,0,0,5,5,NA,NA,5,29,29,0,NA,29,48,48,NA,NA,48,0,0,0,NA,0,15,4,11,NA,15,11,6,5,0,11,0,0,0,NA,0
M2 [Deliveries],2.1.3,Number of newborns received 7 Home Based Newborn Care (HBNC) visits in case of Home delivery,TOTAL,5811,5701,110,41,5770,51,51,0,NA,51,617,617,NA,NA,617,97,97,NA,12,85,136,136,0,0,136,95,95,NA,NA,95,220,219,1,NA,220,12,12,NA,NA,12,1964,1957,7,1,1963,9,2,7,NA,9,77,77,0,NA,77,156,156,0,0,156,22,22,0,NA,22,152,152,NA,NA,152,48,48,0,6,42,27,27,0,14,13,25,25,0,NA,25,193,193,0,7,186,730,730,0,1,729,106,106,NA,NA,106,15,15,0,0,15,178,178,NA,NA,178,370,370,0,NA,370,53,53,NA,NA,53,13,10,3,NA,13,299,251,48,NA,299,84,42,42,0,84,62,60,2,NA,62
M2 [Deliveries],2.2,Number of Institutional Deliveries conducted (Including C-Sections),TOTAL,41630,35214,6416,3646,37984,723,708,15,NA,723,2245,2150,95,NA,2245,1074,809,265,265,809,3263,2556,707,322,2941,492,452,40,NA,492,1157,1087,70,NA,1157,1173,1150,23,NA,1173,2119,2090,29,18,2101,1790,1304,486,290,1500,193,190,3,NA,193,1838,1705,133,185,1653,1190,968,222,NA,1190,868,868,NA,NA,868,1290,976,314,248,1042,2926,1998,928,990,1936,1569,1486,83,NA,1569,1107,1104,3,3,1104,1536,1238,298,70,1466,1137,1072,65,NA,1137,1390,1264,126,82,1308,1320,1319,1,NA,1320,4331,3464,867,675,3656,977,645,332,NA,977,1107,850,257,102,1005,2569,2046,523,171,2398,1575,1116,459,225,1350,671,599,72,NA,671
M2 [Deliveries],2.2.1,Out of total institutional deliveries number of women discharged within 48 hours of delivery,TOTAL,11034,10568,466,91,10943,106,106,0,NA,106,737,736,1,NA,737,580,579,1,1,579,341,318,23,0,341,27,27,0,NA,27,320,320,0,NA,320,302,302,0,NA,302,1558,1558,0,1,1557,57,49,8,37,20,53,51,2,NA,53,645,645,0,3,642,208,142,66,NA,208,399,399,NA,NA,399,5,5,0,0,5,21,14,7,7,14,37,37,0,NA,37,617,617,0,0,617,835,697,138,NA,835,144,144,0,NA,144,923,879,44,0,923,380,380,0,NA,380,1723,1700,23,23,1700,48,48,0,NA,48,87,80,7,5,82,440,378,62,13,427,82,57,25,1,81,359,300,59,NA,359
M2 [Deliveries],2.2.2,Number of newborns received 6 HBNC  visits after Institutional Delivery,TOTAL,25878,25350,528,521,25357,697,695,2,NA,697,2016,2016,NA,NA,2016,945,945,NA,34,911,1962,1955,7,0,1962,493,493,NA,NA,493,1029,1026,3,NA,1029,1113,1113,NA,NA,1113,689,689,0,19,670,103,61,42,10,93,138,138,0,NA,138,1081,1081,0,13,1068,43,43,0,NA,43,836,836,NA,NA,836,674,674,0,0,674,406,406,NA,358,48,1664,1664,0,NA,1664,1035,1035,NA,47,988,1128,1128,0,NA,1128,863,863,NA,NA,863,59,39,20,7,52,1279,1279,NA,NA,1279,3631,3614,17,NA,3631,527,527,NA,NA,527,1174,1047,127,0,1174,500,458,42,NA,500,1104,882,222,33,1071,689,643,46,NA,689
M3 [Number of Caesarean (C-Section) deliveries],3.1,Total C -Section deliveries performed,TOTAL,8811,5097,3714,2592,6219,9,9,0,NA,9,468,378,90,NA,468,318,110,208,208,110,869,411,458,293,576,63,40,23,NA,63,80,41,39,NA,80,267,247,20,NA,267,90,70,20,0,90,567,327,240,230,337,42,41,1,NA,42,240,134,106,106,134,223,129,94,NA,223,4,4,NA,NA,4,482,285,197,197,285,1391,905,486,509,882,253,187,66,NA,253,86,86,NA,NA,86,191,47,144,65,126,202,143,59,NA,202,311,245,66,66,245,84,83,1,NA,84,888,271,617,554,334,344,97,247,NA,344,194,99,95,91,103,734,447,287,140,594,400,261,139,133,267,11,0,11,NA,11
M3 [Number of Caesarean (C-Section) deliveries],3.1.1,"C-sections, performed at night (8 PM- 8 AM)",TOTAL,2231,1189,1042,744,1487,0,0,0,NA,0,115,88,27,NA,115,10,10,NA,NA,10,349,221,128,94,255,8,0,8,NA,8,2,2,0,NA,2,22,10,12,NA,22,22,20,2,0,22,124,0,124,120,4,15,14,1,NA,15,44,6,38,38,6,41,33,8,NA,41,0,0,NA,NA,0,168,115,53,53,115,392,252,140,140,252,43,11,32,NA,43,7,7,NA,NA,7,48,9,39,8,40,27,6,21,NA,27,97,61,36,36,61,12,12,0,NA,12,272,76,196,171,101,74,17,57,NA,74,36,11,25,25,11,248,175,73,37,211,55,33,22,22,33,0,0,0,NA,0
M4 [Pregnancy outcome & details of new-born],4.1.1.a,Live Birth - Male,TOTAL,24234,20918,3316,1841,22393,357,350,7,NA,357,1471,1414,57,NA,1471,586,456,130,131,455,1681,1331,350,167,1514,320,302,18,NA,320,696,673,23,NA,696,640,626,14,NA,640,2110,2087,23,10,2100,982,746,236,132,850,137,135,2,NA,137,984,921,63,90,894,626,509,117,NA,626,485,485,NA,NA,485,666,508,158,121,545,1497,1036,461,504,993,804,753,51,NA,804,677,675,2,5,672,1112,958,154,36,1076,642,604,38,NA,642,689,636,53,36,653,759,759,0,NA,759,2361,1921,440,343,2018,563,380,183,NA,563,595,449,146,56,539,1493,1198,295,87,1406,938,680,258,123,815,363,326,37,NA,363
M4 [Pregnancy outcome & details of new-born],4.1.1.b,Live Birth - Female,TOTAL,22527,19419,3108,1815,20712,387,379,8,NA,387,1344,1306,38,NA,1344,576,448,128,129,447,1637,1285,352,155,1482,297,277,20,NA,297,607,582,25,NA,607,557,548,9,NA,557,2017,2001,16,13,2004,810,557,253,157,653,139,138,1,NA,139,914,843,71,95,819,585,483,102,NA,585,498,498,NA,NA,498,635,481,154,127,508,1381,921,460,499,882,787,755,32,NA,787,619,618,1,8,611,1063,925,138,38,1025,581,554,27,NA,581,694,621,73,46,648,744,743,1,NA,744,2254,1834,420,326,1928,471,322,149,NA,471,528,413,115,46,482,1326,1089,237,68,1258,708,466,242,108,600,368,332,36,NA,368
M4 [Pregnancy outcome & details of new-born],4.1.2,Number of Pre term newborns ( < 37 weeks of pregnancy),TOTAL,1409,1236,173,98,1311,20,20,0,NA,20,88,78,10,NA,88,46,46,NA,NA,46,45,45,0,0,45,4,4,0,NA,4,69,69,0,NA,69,119,119,0,NA,119,41,41,0,0,41,34,33,1,0,34,1,1,0,NA,1,28,28,0,0,28,25,25,0,NA,25,12,12,NA,NA,12,9,9,0,0,9,129,41,88,90,39,36,36,0,NA,36,8,8,NA,NA,8,30,15,15,0,30,6,6,NA,NA,6,26,8,18,0,26,99,99,0,NA,99,196,196,0,0,196,18,8,10,NA,18,85,85,0,NA,85,99,74,25,4,95,106,102,4,4,102,30,28,2,NA,30
M4 [Pregnancy outcome & details of new-born],4.1.3,Still Birth,TOTAL,929,846,83,44,885,12,12,0,NA,12,69,68,1,NA,69,23,11,12,12,11,81,75,6,0,81,12,10,2,NA,12,21,21,0,NA,21,15,15,NA,NA,15,79,75,4,0,79,35,34,1,1,34,5,5,0,NA,5,38,34,4,6,32,18,15,3,NA,18,30,30,NA,NA,30,22,19,3,1,21,87,80,7,7,80,17,15,2,NA,17,32,32,NA,NA,32,60,49,11,1,59,29,29,NA,NA,29,21,20,1,0,21,9,9,0,NA,9,103,90,13,13,90,7,6,1,NA,7,14,11,3,0,14,65,62,3,0,65,17,11,6,3,14,8,8,0,NA,8
M4 [Pregnancy outcome & details of new-born],4.2,Abortion (spontaneous),TOTAL,1957,1822,135,139,1818,64,64,0,NA,64,170,150,20,NA,170,14,14,NA,NA,14,73,58,15,0,73,6,6,0,NA,6,18,18,0,NA,18,127,127,NA,NA,127,39,39,0,0,39,83,83,0,NA,83,16,16,0,NA,16,97,97,0,42,55,48,48,0,NA,48,108,108,NA,NA,108,67,67,0,0,67,126,31,95,95,31,170,170,0,NA,170,55,55,NA,NA,55,45,45,0,2,43,87,87,NA,NA,87,1,1,0,0,1,66,66,NA,NA,66,144,144,0,0,144,123,119,4,NA,123,43,43,0,0,43,62,62,0,0,62,27,26,1,0,27,78,78,0,NA,78
M4 [Pregnancy outcome & details of new-born],4.3.1.a,MTP up to 12 weeks of pregnancy,TOTAL,7857,7298,559,627,7230,142,142,0,NA,142,219,219,NA,NA,219,318,318,NA,NA,318,173,151,22,22,151,69,69,NA,NA,69,595,595,0,NA,595,650,650,NA,NA,650,620,620,0,221,399,145,145,0,NA,145,49,49,0,NA,49,353,313,40,121,232,189,189,0,NA,189,97,97,NA,NA,97,245,245,0,0,245,167,116,51,80,87,327,319,8,NA,327,130,130,NA,NA,130,32,0,32,32,0,257,257,NA,NA,257,398,398,0,0,398,98,98,NA,NA,98,699,699,0,NA,699,417,222,195,NA,417,348,348,0,NA,348,346,276,70,10,336,497,356,141,141,356,277,277,0,NA,277
M4 [Pregnancy outcome & details of new-born],4.3.1.b,MTP more than 12 weeks of pregnancy,TOTAL,507,437,70,11,496,17,17,0,NA,17,0,0,NA,NA,0,0,0,NA,NA,0,0,0,0,0,0,0,0,NA,NA,0,3,3,0,NA,3,249,249,NA,NA,249,0,0,0,0,0,39,39,0,NA,39,6,6,0,NA,6,2,2,0,0,2,0,0,0,NA,0,0,0,NA,NA,0,0,0,0,0,0,15,4,11,11,4,2,2,0,NA,2,0,0,NA,NA,0,0,0,0,NA,0,2,2,NA,NA,2,96,96,0,0,96,1,1,NA,NA,1,7,7,0,NA,7,59,0,59,NA,59,8,8,0,NA,8,0,0,0,NA,0,0,0,0,0,0,1,1,0,NA,1
M4 [Pregnancy outcome & details of new-born],4.3.2.a,Post Abortion/ MTP Complications Identified,TOTAL,112,108,4,3,109,0,0,0,NA,0,74,74,NA,NA,74,0,0,NA,NA,0,0,0,0,0,0,0,0,NA,NA,0,0,0,0,NA,0,10,10,NA,NA,10,0,0,0,0,0,0,0,0,NA,0,0,0,0,NA,0,15,15,0,3,12,0,0,0,NA,0,0,0,NA,NA,0,0,0,0,0,0,0,0,0,0,0,2,2,0,NA,2,1,1,NA,NA,1,0,0,0,NA,0,5,5,NA,NA,5,0,0,0,0,0,0,0,NA,NA,0,0,0,0,NA,0,4,0,4,NA,4,1,1,0,NA,1,0,0,0,NA,0,0,0,0,0,0,0,0,0,NA,0
M4 [Pregnancy outcome & details of new-born],4.3.2.b,Post Abortion/ MTP Complications Treated,TOTAL,183,179,4,3,180,0,0,0,NA,0,74,74,NA,NA,74,0,0,NA,NA,0,0,0,0,0,0,0,0,NA,NA,0,0,0,0,NA,0,5,5,NA,NA,5,0,0,0,0,0,0,0,0,NA,0,0,0,0,NA,0,15,15,0,3,12,9,9,0,NA,9,0,0,NA,NA,0,0,0,0,0,0,0,0,0,0,0,2,2,0,NA,2,2,2,NA,NA,2,0,0,0,NA,0,2,2,NA,NA,2,0,0,0,0,0,48,48,NA,NA,48,13,13,0,NA,13,4,0,4,NA,4,0,0,0,NA,0,9,9,0,NA,9,0,0,0,0,0,0,0,0,NA,0
M4 [Pregnancy outcome & details of new-born],4.3.3,Number of women provided with post abortion/ MTP contraception,TOTAL,631,631,0,115,516,113,113,0,NA,113,50,50,NA,NA,50,0,0,NA,NA,0,0,0,0,0,0,0,0,NA,NA,0,40,40,0,NA,40,0,0,NA,NA,0,0,0,0,0,0,18,18,0,NA,18,13,13,0,NA,13,115,115,0,115,0,110,110,0,NA,110,0,0,NA,NA,0,0,0,0,0,0,0,0,0,0,0,38,38,0,NA,38,0,0,NA,NA,0,0,0,0,NA,0,8,8,NA,NA,8,42,42,0,0,42,0,0,NA,NA,0,45,45,0,NA,45,3,3,NA,NA,3,0,0,0,NA,0,0,0,0,NA,0,0,0,0,0,0,36,36,0,NA,36
M4 [Pregnancy outcome & details of new-born],4.4.1,Number of newborns weighed at birth,TOTAL,46424,40010,6414,3639,42785,739,724,15,NA,739,2791,2696,95,NA,2791,1162,904,258,260,902,3318,2616,702,322,2996,617,579,38,NA,617,1293,1245,48,NA,1293,1197,1174,23,NA,1197,4110,4071,39,18,4092,1792,1303,489,289,1503,277,274,3,NA,277,1892,1763,129,180,1712,1206,987,219,NA,1206,983,983,NA,NA,983,1274,963,311,248,1026,2875,1954,921,999,1876,1588,1505,83,NA,1588,1254,1251,3,11,1243,2157,1865,292,74,2083,1171,1106,65,NA,1171,1379,1253,126,82,1297,1503,1502,1,NA,1503,4592,3734,858,667,3925,1034,702,332,NA,1034,1121,861,260,102,1019,2798,2249,549,173,2625,1645,1163,482,214,1431,656,583,73,NA,656
M4 [Pregnancy outcome & details of new-born],4.4.2,Number of newborns having weight less than 2.5 kg,TOTAL,6207,5559,648,283,5924,93,91,2,NA,93,326,310,16,NA,326,132,132,NA,NA,132,546,448,98,50,496,80,80,0,NA,80,101,101,0,NA,101,154,152,2,NA,154,465,463,2,2,463,398,346,52,23,375,15,15,0,NA,15,236,197,39,43,193,129,112,17,NA,129,100,100,NA,NA,100,32,22,10,10,22,562,479,83,97,465,243,217,26,NA,243,124,122,2,2,122,300,261,39,6,294,128,128,NA,NA,128,217,200,17,14,203,251,251,0,NA,251,256,237,19,9,247,167,103,64,NA,167,175,159,16,3,172,577,515,62,4,573,270,200,70,20,250,130,118,12,NA,130
M4 [Pregnancy outcome & details of new-born],4.4.3,Number of Newborns breast fed within 1 hour of birth ,TOTAL,45541,39225,6316,3614,41927,740,725,15,NA,740,2766,2677,89,NA,2766,1162,904,258,260,902,3318,2616,702,322,2996,611,573,38,NA,611,1250,1250,0,NA,1250,1166,1143,23,NA,1166,4130,4091,39,18,4112,1081,592,489,289,792,277,274,3,NA,277,1867,1740,127,178,1689,1203,984,219,NA,1203,979,979,NA,NA,979,1298,987,311,248,1050,2874,1953,921,1003,1871,1589,1506,83,NA,1589,1278,1275,3,11,1267,2149,1864,285,69,2080,1213,1148,65,NA,1213,1379,1253,126,82,1297,1464,1463,1,NA,1464,4559,3705,854,664,3895,1016,698,318,NA,1016,1103,844,259,102,1001,2699,2179,520,144,2555,1641,1146,495,224,1417,729,656,73,NA,729
M5 [Complicated Pregnancies],5.1,"Number of cases of pregnant women with Obstetric Complications attended (Antepartum haemorrhage (APH), Post-Partum Hemorrhage (PPH), Sepsis, Eclampsia and others)",TOTAL,5563,4016,1547,1420,4143,31,31,0,NA,31,35,35,NA,NA,35,323,115,208,208,115,232,191,41,0,232,20,20,NA,NA,20,280,280,0,NA,280,44,44,NA,NA,44,302,302,0,0,302,718,461,257,289,429,42,39,3,NA,42,213,208,5,26,187,75,75,0,NA,75,93,93,NA,NA,93,137,115,22,22,115,586,511,75,102,484,109,104,5,NA,109,19,19,NA,NA,19,267,217,50,NA,267,43,43,NA,NA,43,25,25,0,0,25,274,274,0,NA,274,756,196,560,560,196,86,50,36,NA,86,276,183,93,93,183,153,79,74,3,150,356,238,118,117,239,68,68,0,NA,68
M5 [Complicated Pregnancies],5.2,Number of Complicated pregnancies treated with Blood Transfusion,TOTAL,518,480,38,1,517,0,0,NA,NA,0,0,0,NA,NA,0,5,5,NA,NA,5,5,2,3,0,5,0,0,NA,NA,0,56,56,NA,NA,56,4,4,NA,NA,4,44,44,NA,NA,44,0,0,0,NA,0,10,10,NA,NA,10,21,21,NA,NA,21,4,4,NA,NA,4,0,0,NA,NA,0,36,36,0,0,36,2,2,NA,0,2,11,11,0,NA,11,8,8,NA,NA,8,25,15,10,NA,25,8,8,NA,NA,8,0,0,0,0,0,14,14,NA,NA,14,55,55,0,NA,55,24,0,24,NA,24,29,29,0,NA,29,34,34,0,NA,34,123,122,1,1,122,0,0,NA,NA,0
M6 [Post Natal Care (PNC)],6.1,Women receiving 1st post partum checkup within 48 hours of home delivery,TOTAL,8821,8417,404,93,8728,166,152,14,NA,166,1024,1024,NA,NA,1024,112,112,NA,2,110,120,120,0,0,120,181,148,33,NA,181,203,203,0,NA,203,60,60,NA,NA,60,2113,2098,15,0,2113,7,4,3,NA,7,94,91,3,NA,94,79,79,0,1,78,43,42,1,NA,43,485,485,NA,NA,485,7,7,0,1,6,32,32,0,9,23,111,111,0,NA,111,347,347,0,8,339,832,762,70,72,760,208,208,NA,NA,208,7,6,1,0,7,181,181,0,NA,181,772,772,0,NA,772,60,60,NA,NA,60,451,422,29,NA,451,897,728,169,0,897,90,55,35,0,90,139,108,31,NA,139
M6 [Post Natal Care (PNC)],6.2,Women receiving 1st post partum checkup between 48 hours and 14 days,TOTAL,39020,35755,3265,1964,37056,1120,1119,1,NA,1120,2340,2340,NA,NA,2340,1084,876,208,289,795,1780,1737,43,0,1780,475,442,33,NA,475,874,874,0,NA,874,868,868,NA,NA,868,2457,2430,27,0,2457,1898,1604,294,20,1878,102,99,3,NA,102,1153,1153,0,62,1091,1088,1080,8,NA,1088,776,776,NA,NA,776,1727,1456,271,249,1478,1759,854,905,933,826,1538,1538,0,NA,1538,961,958,3,18,943,1247,1187,60,2,1245,369,369,NA,NA,369,3312,3186,126,32,3280,1446,1445,1,NA,1446,3654,3650,4,NA,3654,1307,975,332,NA,1307,1355,1204,151,NA,1355,1953,1632,321,129,1824,1808,1392,416,230,1578,569,511,58,NA,569
M6 [Post Natal Care (PNC)],6.3,Number of mothers provided full course of 180 IFA tablets after delivery,TOTAL,33659,32330,1329,857,32802,1028,1028,0,NA,1028,1904,1889,15,NA,1904,467,467,NA,NA,467,1258,1194,64,0,1258,325,292,33,NA,325,1644,1641,3,NA,1644,778,778,NA,NA,778,3195,3165,30,0,3195,1054,917,137,36,1018,108,106,2,NA,108,1563,1563,0,52,1511,1100,1091,9,NA,1100,731,731,NA,NA,731,1309,1285,24,1,1308,902,606,296,511,391,1112,1104,8,NA,1112,844,841,3,29,815,1667,1667,0,1,1666,652,652,NA,NA,652,1274,1235,39,46,1228,1313,1313,0,NA,1313,3736,3731,5,NA,3736,890,890,NA,NA,890,1203,1080,123,NA,1203,2110,1809,301,123,1987,944,747,197,58,886,548,508,40,NA,548
M6 [Post Natal Care (PNC)],6.4,Number of mothers provided 360 Calcium tablets after delivery,TOTAL,9784,9256,528,329,9455,27,27,0,NA,27,129,116,13,NA,129,197,197,NA,NA,197,50,12,38,0,50,207,174,33,NA,207,1028,1026,2,NA,1028,634,634,NA,NA,634,491,491,0,0,491,215,177,38,36,179,79,77,2,NA,79,351,351,0,32,319,243,239,4,NA,243,224,224,NA,NA,224,881,874,7,1,880,412,351,61,130,282,470,462,8,NA,470,198,198,0,0,198,23,23,0,0,23,425,425,NA,NA,425,325,325,0,0,325,359,359,0,NA,359,1002,1002,0,NA,1002,417,417,NA,NA,417,630,536,94,NA,630,169,57,112,72,97,415,306,109,58,357,183,176,7,NA,183
M7 [Reproductive Tract Infections/Sexually Transmitted Infections (RTI/STI) Cases],7.1.1,New RTI/STI cases identified - Male,TOTAL,1240,1226,14,0,1240,16,16,0,NA,16,12,12,NA,NA,12,9,9,NA,NA,9,20,20,0,0,20,17,17,NA,NA,17,23,23,0,NA,23,68,68,NA,NA,68,30,30,0,0,30,36,36,0,NA,36,42,28,14,NA,42,8,8,0,0,8,116,116,0,NA,116,82,82,NA,NA,82,91,91,0,0,91,7,7,0,0,7,32,32,0,NA,32,2,2,NA,NA,2,89,89,0,NA,89,31,31,NA,NA,31,94,94,0,0,94,13,13,NA,NA,13,17,17,0,NA,17,124,124,NA,NA,124,30,30,0,NA,30,0,0,0,NA,0,189,189,0,0,189,42,42,0,NA,42
M7 [Reproductive Tract Infections/Sexually Transmitted Infections (RTI/STI) Cases],7.1.2,New RTI/STI cases identified - Female,TOTAL,2622,2608,14,2,2620,52,52,0,NA,52,26,26,NA,NA,26,15,15,NA,NA,15,144,144,0,0,144,25,25,NA,NA,25,168,168,0,NA,168,196,196,NA,NA,196,161,161,0,0,161,36,36,0,NA,36,35,24,11,NA,35,131,131,0,2,129,145,145,0,NA,145,215,215,NA,NA,215,132,132,0,0,132,27,27,0,0,27,65,65,0,NA,65,4,4,NA,NA,4,65,65,0,NA,65,82,82,NA,NA,82,198,198,0,0,198,144,144,NA,NA,144,139,139,0,NA,139,145,145,NA,NA,145,114,114,0,NA,114,3,0,3,NA,3,88,88,0,0,88,67,67,0,NA,67
M7 [Reproductive Tract Infections/Sexually Transmitted Infections (RTI/STI) Cases],7.2.1,RTI/STI for which treatment initiated - Male,TOTAL,928,928,0,0,928,16,16,0,NA,16,8,8,NA,NA,8,9,9,NA,NA,9,20,20,0,0,20,17,17,NA,NA,17,20,20,0,NA,20,68,68,NA,NA,68,24,24,0,0,24,0,0,0,NA,0,0,0,0,NA,0,8,8,0,0,8,116,116,0,NA,116,75,75,NA,NA,75,85,85,0,0,85,7,7,0,0,7,32,32,0,NA,32,2,2,NA,NA,2,88,88,0,NA,88,19,19,NA,NA,19,94,94,0,0,94,12,12,NA,NA,12,17,17,0,NA,17,119,119,NA,NA,119,30,30,0,NA,30,0,0,0,NA,0,0,0,0,0,0,42,42,0,NA,42
M7 [Reproductive Tract Infections/Sexually Transmitted Infections (RTI/STI) Cases],7.2.2,RTI/STI for which treatment initiated -Female,TOTAL,2310,2310,0,2,2308,52,52,0,NA,52,9,9,NA,NA,9,15,15,NA,NA,15,144,144,0,0,144,25,25,NA,NA,25,162,162,0,NA,162,196,196,NA,NA,196,126,126,0,0,126,6,6,0,NA,6,0,0,0,NA,0,131,131,0,2,129,109,109,0,NA,109,197,197,NA,NA,197,123,123,0,0,123,27,27,0,0,27,64,64,0,NA,64,4,4,NA,NA,4,64,64,0,NA,64,50,50,NA,NA,50,198,198,0,0,198,143,143,NA,NA,143,138,138,0,NA,138,140,140,NA,NA,140,114,114,0,NA,114,0,0,0,NA,0,6,6,0,0,6,67,67,0,NA,67
M8 [Family Planning],8.1.1,Number of Non Scalpel Vasectomy (NSV) / Conventional Vasectomy conducted,TOTAL,36,35,1,1,35,0,0,0,NA,0,1,1,NA,NA,1,0,0,NA,NA,0,3,3,0,0,3,0,0,NA,NA,0,0,0,0,NA,0,0,0,NA,NA,0,1,1,0,0,1,0,0,0,NA,0,0,0,0,NA,0,0,0,0,0,0,0,0,0,NA,0,0,0,NA,NA,0,4,3,1,1,3,0,0,0,0,0,0,0,0,NA,0,0,0,NA,NA,0,0,0,0,0,0,0,0,NA,NA,0,0,0,0,0,0,0,0,NA,NA,0,6,6,0,NA,6,0,0,0,NA,0,3,3,0,NA,3,4,4,0,NA,4,14,14,0,0,14,0,0,0,NA,0
M8 [Family Planning],8.2.1,Number of Laparoscopic sterilizations (excluding post abortion) conducted,TOTAL,2092,2073,19,110,1982,88,88,0,NA,88,0,0,NA,NA,0,23,23,NA,NA,23,261,261,0,0,261,0,0,NA,NA,0,109,109,0,NA,109,138,138,NA,NA,138,25,25,0,0,25,196,196,0,43,153,0,0,0,NA,0,94,94,0,3,91,0,0,0,NA,0,26,26,NA,NA,26,1,0,1,1,0,70,62,8,63,7,14,14,0,NA,14,0,0,NA,NA,0,120,120,0,0,120,0,0,NA,NA,0,184,184,0,0,184,0,0,NA,NA,0,14,4,10,NA,14,91,91,0,NA,91,150,150,0,NA,150,169,169,0,NA,169,319,319,0,0,319,0,0,0,NA,0
M8 [Family Planning],8.2.2,Number of Interval Mini-lap (other than post-partum and post abortion) sterilizations conducted,TOTAL,61,29,32,13,48,0,0,0,NA,0,0,0,NA,NA,0,0,0,NA,NA,0,0,0,0,0,0,0,0,NA,NA,0,0,0,0,NA,0,0,0,NA,NA,0,0,0,0,0,0,17,17,0,NA,17,0,0,0,NA,0,0,0,0,0,0,0,0,0,NA,0,0,0,NA,NA,0,2,2,0,0,2,19,7,12,12,7,0,0,0,NA,0,0,0,NA,NA,0,0,0,0,0,0,0,0,NA,NA,0,0,0,0,0,0,0,0,NA,NA,0,0,0,0,NA,0,19,0,19,NA,19,0,0,0,NA,0,0,0,0,NA,0,4,3,1,1,3,0,0,0,NA,0
M8 [Family Planning],8.2.3,Number of Postpartum sterilizations (within 7 days of delivery by minilap or concurrent with caesarean section) conducted,TOTAL,945,818,127,95,850,1,1,0,NA,1,92,80,12,NA,92,33,17,16,16,17,58,55,3,2,56,3,3,NA,NA,3,5,5,0,NA,5,47,47,NA,NA,47,20,20,0,0,20,17,17,0,NA,17,1,1,0,NA,1,31,22,9,9,22,32,32,0,NA,32,0,0,NA,NA,0,20,20,0,0,20,215,208,7,9,206,31,31,0,NA,31,7,7,NA,NA,7,18,3,15,10,8,26,26,NA,NA,26,64,64,0,0,64,5,5,NA,NA,5,63,14,49,49,14,17,7,10,NA,17,18,18,0,NA,18,56,50,6,NA,56,65,65,0,0,65,0,0,0,NA,0
M8 [Family Planning],8.2.4,Number of Post Abortion sterilizations (within 7 days of spontaneous or surgical abortion) conducted,TOTAL,24,7,17,17,7,0,0,0,NA,0,0,0,NA,NA,0,0,0,NA,NA,0,5,5,0,0,5,0,0,NA,NA,0,0,0,0,NA,0,0,0,NA,NA,0,0,0,0,0,0,0,0,0,NA,0,0,0,0,NA,0,0,0,0,0,0,0,0,0,NA,0,0,0,NA,NA,0,0,0,0,0,0,0,0,0,0,0,0,0,0,NA,0,0,0,NA,NA,0,0,0,0,0,0,2,2,NA,NA,2,0,0,0,0,0,0,0,NA,NA,0,17,0,17,17,0,0,0,0,NA,0,0,0,0,NA,0,0,0,0,NA,0,0,0,0,0,0,0,0,0,NA,0
M8 [Family Planning],8.3,Number of Interval IUCD Insertions (excluding PPIUCD and PAIUCD),TOTAL,4132,4090,42,43,4089,49,49,0,NA,49,192,192,NA,NA,192,127,127,NA,6,121,408,408,0,0,408,74,74,NA,NA,74,214,214,0,NA,214,275,275,NA,NA,275,405,391,14,0,405,207,207,0,2,205,19,19,0,NA,19,241,241,0,2,239,70,70,0,NA,70,189,189,NA,NA,189,164,164,0,0,164,51,51,0,28,23,226,226,0,NA,226,163,163,NA,1,162,71,71,0,0,71,104,104,NA,NA,104,29,28,1,0,29,234,234,NA,NA,234,223,221,2,NA,223,58,46,12,NA,58,131,127,4,4,127,76,75,1,NA,76,91,83,8,0,91,41,41,0,NA,41
M8 [Family Planning],8.4,Number of Postpartum (within 48 hours of delivery) IUCD insertions,TOTAL,4286,4286,0,36,4250,29,29,0,NA,29,93,93,NA,NA,93,65,65,NA,NA,65,151,151,0,0,151,31,31,NA,NA,31,523,523,0,NA,523,270,270,NA,NA,270,266,266,0,1,265,238,238,0,6,232,12,12,0,NA,12,167,167,0,21,146,350,350,0,NA,350,201,201,NA,NA,201,33,33,0,0,33,908,908,0,8,900,29,29,0,NA,29,12,12,NA,0,12,7,7,0,0,7,97,97,NA,NA,97,11,11,0,0,11,24,24,NA,NA,24,266,266,0,NA,266,148,148,0,NA,148,39,39,0,0,39,102,102,0,NA,102,200,200,0,0,200,14,14,0,NA,14
M8 [Family Planning],8.5,Number of Post Abortion (within 12 days of spontaneous or surgical abortion) IUCD insertions,TOTAL,494,494,0,94,400,0,0,0,NA,0,7,7,NA,NA,7,0,0,NA,NA,0,0,0,0,0,0,0,0,NA,NA,0,45,45,0,NA,45,6,6,NA,NA,6,77,77,0,40,37,1,1,0,NA,1,0,0,0,NA,0,95,95,0,54,41,43,43,0,NA,43,6,6,NA,NA,6,0,0,0,0,0,3,3,0,0,3,32,32,0,NA,32,7,7,NA,0,7,0,0,0,NA,0,13,13,NA,NA,13,1,1,0,0,1,0,0,NA,NA,0,4,4,0,NA,4,72,72,0,NA,72,0,0,0,NA,0,25,25,0,NA,25,21,21,0,0,21,36,36,0,NA,36
M8 [Family Planning],8.6,Number of IUCD Removals,TOTAL,990,967,23,24,966,29,29,0,NA,29,27,25,2,NA,27,22,22,NA,NA,22,12,12,0,0,12,51,51,NA,NA,51,35,35,0,NA,35,53,53,NA,NA,53,39,39,0,0,39,47,47,0,15,32,7,7,0,NA,7,38,38,0,0,38,69,69,0,NA,69,26,26,NA,NA,26,35,35,0,0,35,82,82,0,9,73,50,50,0,NA,50,45,45,NA,0,45,17,17,0,NA,17,55,55,NA,NA,55,15,15,0,0,15,27,27,NA,NA,27,42,29,13,NA,42,45,37,8,NA,45,31,31,0,NA,31,24,24,0,NA,24,26,26,0,0,26,41,41,0,NA,41
M8 [Family Planning],8.7,Number of complications following IUCD Insertion,TOTAL,196,196,0,3,193,2,2,0,NA,2,7,7,NA,NA,7,1,1,NA,NA,1,3,3,0,0,3,13,13,NA,NA,13,6,6,0,NA,6,11,11,NA,NA,11,9,9,0,0,9,3,3,0,0,3,8,8,0,NA,8,17,17,0,0,17,7,7,0,NA,7,3,3,NA,NA,3,4,4,0,0,4,3,3,0,3,0,13,13,0,NA,13,6,6,NA,0,6,2,2,0,NA,2,5,5,NA,NA,5,12,12,0,0,12,45,45,NA,NA,45,3,3,0,NA,3,0,0,0,NA,0,8,8,0,NA,8,4,4,0,NA,4,0,0,0,0,0,1,1,0,NA,1
M8 [Family Planning],8.8,Injectable Contraceptive-Antara Program- First Dose,TOTAL,161,161,0,2,159,5,5,0,NA,5,0,0,NA,NA,0,12,12,NA,NA,12,8,8,0,0,8,0,0,NA,NA,0,1,1,0,NA,1,30,30,NA,NA,30,0,0,0,0,0,2,2,0,NA,2,0,0,0,NA,0,0,0,0,0,0,7,7,0,NA,7,0,0,NA,NA,0,0,0,0,0,0,26,26,0,0,26,10,10,0,NA,10,2,2,NA,2,0,0,0,0,NA,0,0,0,NA,NA,0,0,0,0,0,0,15,15,NA,NA,15,11,11,0,NA,11,0,0,0,NA,0,8,8,0,NA,8,24,24,0,NA,24,0,0,0,0,0,0,0,0,NA,0
M8 [Family Planning],8.9,Injectable Contraceptive-Antara Program- Second Dose,TOTAL,3,3,0,0,3,0,0,0,NA,0,0,0,NA,NA,0,0,0,NA,NA,0,0,0,0,0,0,0,0,NA,NA,0,0,0,0,NA,0,0,0,NA,NA,0,0,0,0,0,0,2,2,0,NA,2,0,0,0,NA,0,0,0,0,0,0,0,0,0,NA,0,0,0,NA,NA,0,0,0,0,0,0,0,0,0,0,0,0,0,0,NA,0,0,0,NA,0,0,0,0,0,NA,0,0,0,NA,NA,0,0,0,0,0,0,0,0,NA,NA,0,0,0,0,NA,0,0,0,0,NA,0,0,0,0,NA,0,0,0,0,NA,0,1,1,0,0,1,0,0,0,NA,0
M8 [Family Planning],8.1,Injectable Contraceptive-Antara Program- Third Dose,TOTAL,0,0,0,0,0,0,0,0,NA,0,0,0,NA,NA,0,0,0,NA,NA,0,0,0,0,0,0,0,0,NA,NA,0,0,0,0,NA,0,0,0,NA,NA,0,0,0,0,0,0,0,0,0,NA,0,0,0,0,NA,0,0,0,0,0,0,0,0,0,NA,0,0,0,NA,NA,0,0,0,0,0,0,0,0,0,0,0,0,0,0,NA,0,0,0,NA,0,0,0,0,0,NA,0,0,0,NA,NA,0,0,0,0,0,0,0,0,NA,NA,0,0,0,0,NA,0,0,0,0,NA,0,0,0,0,NA,0,0,0,0,NA,0,0,0,0,0,0,0,0,0,NA,0
M8 [Family Planning],8.11,Injectable Contraceptive-Antara Program- Fourth or more than fourth,TOTAL,4,4,0,0,4,0,0,0,NA,0,0,0,NA,NA,0,0,0,NA,NA,0,0,0,0,0,0,0,0,NA,NA,0,0,0,0,NA,0,0,0,NA,NA,0,0,0,0,0,0,0,0,0,NA,0,0,0,0,NA,0,0,0,0,0,0,0,0,0,NA,0,0,0,NA,NA,0,0,0,0,0,0,0,0,0,0,0,0,0,0,NA,0,0,0,NA,0,0,0,0,0,NA,0,0,0,NA,NA,0,0,0,0,0,0,0,0,NA,NA,0,0,0,0,NA,0,0,0,0,NA,0,0,0,0,NA,0,0,0,0,NA,0,4,4,0,0,4,0,0,0,NA,0
M8 [Family Planning],8.12,Number of Combined Oral Pill cycles distributed,TOTAL,148239,144461,3778,3665,144574,4555,4528,27,NA,4555,12165,12165,NA,NA,12165,3782,3775,7,279,3503,5445,5339,106,199,5246,2581,2581,NA,NA,2581,3913,3887,26,NA,3913,4256,4256,NA,NA,4256,7302,6720,582,218,7084,5363,4653,710,375,4988,810,810,0,NA,810,9133,9133,0,198,8935,7081,7030,51,NA,7081,4129,4129,NA,NA,4129,5434,5340,94,160,5274,3481,3481,0,1839,1642,9306,9306,0,NA,9306,3799,3799,NA,126,3673,2888,2888,0,0,2888,6532,6532,NA,NA,6532,6007,5837,170,82,5925,2434,2434,NA,NA,2434,11119,10967,152,18,11101,4599,4599,0,NA,4599,2819,2771,48,47,2772,10138,9191,947,25,10113,5512,4902,610,99,5413,3656,3408,248,NA,3656
M8 [Family Planning],8.13,Number of Condom pieces distributed,TOTAL,351304,342450,8854,11980,339324,11285,11285,0,NA,11285,19810,19810,NA,NA,19810,8984,8884,100,700,8284,14830,14500,330,1595,13235,3059,3059,NA,NA,3059,11726,11716,10,NA,11726,4018,4018,NA,NA,4018,17870,17161,709,165,17705,16000,13411,2589,530,15470,1615,1615,0,NA,1615,25995,25995,0,1210,24785,18278,18217,61,NA,18278,14214,14214,NA,NA,14214,18919,17719,1200,1235,17684,10810,10810,0,4473,6337,31014,31014,0,NA,31014,17844,17844,NA,1114,16730,6790,6790,0,0,6790,9683,9683,NA,NA,9683,10893,9096,1797,594,10299,6162,6162,NA,NA,6162,14854,14846,8,4,14850,16158,16158,0,NA,16158,13269,12817,452,177,13092,16175,15176,999,18,16157,7642,7236,406,165,7477,3407,3214,193,NA,3407
M8 [Family Planning],8.14,Number of Centchroman (weekly) pill strips distributed,TOTAL,1895,1849,46,223,1672,0,0,0,NA,0,25,25,NA,NA,25,0,0,NA,NA,0,382,382,0,176,206,0,0,NA,NA,0,20,20,0,NA,20,89,89,NA,NA,89,2,2,0,0,2,10,10,0,0,10,0,0,0,NA,0,47,47,0,25,22,24,24,0,NA,24,26,26,NA,NA,26,0,0,0,0,0,22,22,0,22,0,45,45,0,NA,45,28,28,NA,0,28,126,126,0,0,126,425,425,NA,NA,425,0,0,0,0,0,150,150,NA,NA,150,87,87,0,NA,87,0,0,0,NA,0,161,118,43,NA,161,167,164,3,NA,167,59,59,0,0,59,0,0,0,NA,0
M8 [Family Planning],8.15,Number of Emergency Contraceptive Pills (ECP) given,TOTAL,2531,2524,7,169,2362,98,98,0,NA,98,273,273,NA,NA,273,15,15,NA,NA,15,122,122,0,18,104,51,51,NA,NA,51,19,19,0,NA,19,35,35,NA,NA,35,268,268,0,38,230,60,56,4,0,60,17,17,0,NA,17,182,182,0,6,176,20,20,0,NA,20,229,229,NA,NA,229,82,82,0,0,82,126,126,0,103,23,166,166,0,NA,166,31,31,NA,0,31,52,52,0,0,52,105,105,NA,NA,105,26,26,0,2,24,0,0,NA,NA,0,282,281,1,NA,282,45,45,NA,NA,45,72,72,0,NA,72,45,45,0,NA,45,74,74,0,2,72,36,34,2,NA,36
M8 [Family Planning],8.16,Number of Pregnancy Test Kits (PTK) used,TOTAL,20715,19818,897,729,19986,601,597,4,NA,601,933,930,3,NA,933,275,275,NA,38,237,1371,1191,180,130,1241,332,332,NA,NA,332,288,288,0,NA,288,432,432,NA,NA,432,520,514,6,0,520,891,734,157,31,860,299,299,0,NA,299,1185,1185,0,105,1080,876,876,0,NA,876,877,877,NA,NA,877,811,811,0,24,787,618,557,61,324,294,1617,1617,0,NA,1617,707,707,NA,13,694,689,689,0,0,689,817,817,NA,NA,817,680,656,24,0,680,119,119,NA,NA,119,1912,1901,11,NA,1912,460,460,NA,NA,460,483,450,33,NA,483,1496,1358,138,NA,1496,1063,805,258,64,999,363,341,22,NA,363
M8 [Family Planning],8.17.1,Complications following male sterilization,TOTAL,3,3,0,0,3,0,0,0,NA,0,0,0,NA,NA,0,0,0,NA,NA,0,0,0,0,0,0,0,0,NA,NA,0,1,1,0,NA,1,0,0,NA,NA,0,0,0,0,0,0,0,0,0,NA,0,0,0,0,NA,0,0,0,0,0,0,0,0,0,NA,0,0,0,NA,NA,0,0,0,0,0,0,0,0,0,0,0,0,0,0,NA,0,0,0,NA,NA,0,0,0,0,NA,0,0,0,NA,NA,0,0,0,0,0,0,0,0,NA,NA,0,2,2,0,NA,2,0,0,0,NA,0,0,0,0,NA,0,0,0,0,NA,0,0,0,0,0,0,0,0,0,NA,0
M8 [Family Planning],8.17.2,Complications following female sterilization,TOTAL,2,2,0,0,2,0,0,0,NA,0,0,0,NA,NA,0,0,0,NA,NA,0,0,0,0,0,0,0,0,NA,NA,0,0,0,0,NA,0,2,2,NA,NA,2,0,0,0,0,0,0,0,0,NA,0,0,0,0,NA,0,0,0,0,0,0,0,0,0,NA,0,0,0,NA,NA,0,0,0,0,0,0,0,0,0,0,0,0,0,0,NA,0,0,0,NA,NA,0,0,0,0,NA,0,0,0,NA,NA,0,0,0,0,0,0,0,0,NA,NA,0,0,0,0,NA,0,0,0,0,NA,0,0,0,0,NA,0,0,0,0,NA,0,0,0,0,0,0,0,0,0,NA,0
M8 [Family Planning],8.17.3,Failures following male sterilization,TOTAL,0,0,0,0,0,0,0,0,NA,0,0,0,NA,NA,0,0,0,NA,NA,0,0,0,0,0,0,0,0,NA,NA,0,0,0,0,NA,0,0,0,NA,NA,0,0,0,0,0,0,0,0,0,NA,0,0,0,0,NA,0,0,0,0,0,0,0,0,0,NA,0,0,0,NA,NA,0,0,0,0,0,0,0,0,0,0,0,0,0,0,NA,0,0,0,NA,NA,0,0,0,0,NA,0,0,0,NA,NA,0,0,0,0,0,0,0,0,NA,NA,0,0,0,0,NA,0,0,0,0,NA,0,0,0,0,NA,0,0,0,0,NA,0,0,0,0,0,0,0,0,0,NA,0
M8 [Family Planning],8.17.4,Failures following female sterilization,TOTAL,1,1,0,0,1,0,0,0,NA,0,0,0,NA,NA,0,0,0,NA,NA,0,0,0,0,0,0,0,0,NA,NA,0,0,0,0,NA,0,0,0,NA,NA,0,0,0,0,0,0,0,0,0,NA,0,0,0,0,NA,0,1,1,0,0,1,0,0,0,NA,0,0,0,NA,NA,0,0,0,0,0,0,0,0,0,0,0,0,0,0,NA,0,0,0,NA,NA,0,0,0,0,NA,0,0,0,NA,NA,0,0,0,0,0,0,0,0,NA,NA,0,0,0,0,NA,0,0,0,0,NA,0,0,0,0,NA,0,0,0,0,NA,0,0,0,0,0,0,0,0,0,NA,0
M8 [Family Planning],8.17.5,Deaths following male sterilization,TOTAL,0,0,0,0,0,0,0,0,NA,0,0,0,NA,NA,0,0,0,NA,NA,0,0,0,0,0,0,0,0,NA,NA,0,0,0,0,NA,0,0,0,NA,NA,0,0,0,0,0,0,0,0,0,NA,0,0,0,0,NA,0,0,0,0,0,0,0,0,0,NA,0,0,0,NA,NA,0,0,0,0,0,0,0,0,0,0,0,0,0,0,NA,0,0,0,NA,NA,0,0,0,0,NA,0,0,0,NA,NA,0,0,0,0,0,0,0,0,NA,NA,0,0,0,0,NA,0,0,0,0,NA,0,0,0,0,NA,0,0,0,0,NA,0,0,0,0,0,0,0,0,0,NA,0
M8 [Family Planning],8.17.6,Deaths following female sterilization,TOTAL,0,0,0,0,0,0,0,0,NA,0,0,0,NA,NA,0,0,0,NA,NA,0,0,0,0,0,0,0,0,NA,NA,0,0,0,0,NA,0,0,0,NA,NA,0,0,0,0,0,0,0,0,0,NA,0,0,0,0,NA,0,0,0,0,0,0,0,0,0,NA,0,0,0,NA,NA,0,0,0,0,0,0,0,0,0,0,0,0,0,0,NA,0,0,0,NA,NA,0,0,0,0,NA,0,0,0,NA,NA,0,0,0,0,0,0,0,0,NA,NA,0,0,0,0,NA,0,0,0,0,NA,0,0,0,0,NA,0,0,0,0,NA,0,0,0,0,0,0,0,0,0,NA,0
M9 [CHILD IMMUNISATION],9.1.1,Child immunisation - Vitamin K1 (Birth Dose),TOTAL,25027,23025,2002,814,24213,676,676,0,NA,676,901,901,NA,NA,901,642,642,NA,NA,642,1909,1599,310,0,1909,229,229,NA,NA,229,600,600,0,NA,600,867,867,NA,NA,867,1951,1951,0,18,1933,732,566,166,36,696,193,190,3,NA,193,1438,1438,0,50,1388,930,926,4,NA,930,819,819,NA,NA,819,749,458,291,259,490,931,639,292,354,577,976,976,0,NA,976,522,522,NA,0,522,1166,977,189,0,1166,844,844,NA,NA,844,888,874,14,0,888,606,606,NA,NA,606,2735,2538,197,59,2676,954,644,310,NA,954,488,484,4,NA,488,791,684,107,0,791,1128,1027,101,38,1090,362,348,14,NA,362
M9 [CHILD IMMUNISATION],9.1.2,Child immunisation - BCG,TOTAL,53138,49812,3326,3327,49811,1204,1202,2,NA,1204,3645,3604,41,NA,3645,1486,1390,96,135,1351,4489,3877,612,603,3886,803,803,NA,NA,803,1575,1571,4,NA,1575,1047,1047,NA,NA,1047,3962,3903,59,56,3906,1940,1489,451,191,1749,277,274,3,NA,277,2257,2244,13,88,2169,1416,1367,49,NA,1416,1276,1276,NA,NA,1276,1489,1214,275,279,1210,2875,2596,279,1618,1257,2208,2208,0,NA,2208,1871,1868,3,22,1849,2672,2613,59,0,2672,1584,1584,NA,NA,1584,1531,1479,52,33,1498,1963,1963,NA,NA,1963,4221,4023,198,58,4163,1051,741,310,NA,1051,1335,1210,125,109,1226,2035,1808,227,65,1970,1966,1582,384,70,1896,960,876,84,NA,960
M9 [CHILD IMMUNISATION],9.1.3,Child immunisation - DPT1,TOTAL,39,21,18,18,21,0,0,0,NA,0,0,0,NA,NA,0,0,0,NA,NA,0,0,0,0,0,0,0,0,NA,NA,0,0,0,0,NA,0,4,4,NA,NA,4,6,6,0,0,6,0,0,0,0,0,0,0,0,NA,0,9,9,0,0,9,0,0,0,NA,0,0,0,NA,NA,0,0,0,0,0,0,0,0,0,0,0,0,0,0,NA,0,0,0,NA,0,0,0,0,0,0,0,2,2,NA,NA,2,0,0,0,0,0,0,0,NA,NA,0,0,0,0,0,0,0,0,NA,NA,0,0,0,0,0,0,18,0,18,18,0,0,0,0,0,0,0,0,0,NA,0
M9 [CHILD IMMUNISATION],9.1.4,Child immunisation - DPT2,TOTAL,28,28,0,0,28,0,0,0,NA,0,0,0,NA,NA,0,0,0,NA,NA,0,0,0,0,0,0,0,0,NA,NA,0,0,0,0,NA,0,0,0,NA,NA,0,15,15,0,0,15,0,0,0,0,0,0,0,0,NA,0,13,13,0,0,13,0,0,0,NA,0,0,0,NA,NA,0,0,0,0,0,0,0,0,0,0,0,0,0,0,NA,0,0,0,NA,0,0,0,0,0,0,0,0,0,NA,NA,0,0,0,0,0,0,0,0,NA,NA,0,0,0,0,0,0,0,0,NA,NA,0,0,0,0,0,0,0,0,0,0,0,0,0,0,0,0,0,0,0,NA,0
M9 [CHILD IMMUNISATION],9.1.5,Child immunisation - DPT3,TOTAL,33,33,0,0,33,0,0,0,NA,0,0,0,NA,NA,0,0,0,NA,NA,0,0,0,0,0,0,0,0,NA,NA,0,0,0,0,NA,0,0,0,NA,NA,0,18,18,0,0,18,0,0,0,0,0,0,0,0,NA,0,1,1,0,0,1,0,0,0,NA,0,0,0,NA,NA,0,0,0,0,0,0,0,0,0,0,0,0,0,0,NA,0,0,0,NA,0,0,0,0,0,0,0,2,2,NA,NA,2,0,0,0,0,0,0,0,NA,NA,0,0,0,0,0,0,0,0,NA,NA,0,0,0,0,0,0,12,12,0,0,12,0,0,0,0,0,0,0,0,NA,0
M9 [CHILD IMMUNISATION],9.1.6,Child immunisation - Pentavalent 1,TOTAL,58421,56313,2108,2953,55468,1451,1450,1,NA,1451,3562,3557,5,NA,3562,1322,1305,17,76,1246,3638,3563,75,233,3405,841,841,NA,NA,841,1777,1772,5,NA,1777,1319,1319,NA,NA,1319,4226,4136,90,89,4137,1993,1565,428,160,1833,340,340,0,NA,340,2127,2127,0,95,2032,2126,2126,0,NA,2126,1537,1537,NA,NA,1537,1679,1672,7,110,1569,2090,2069,21,1551,539,2787,2787,0,NA,2787,1920,1918,2,160,1760,2729,2729,0,16,2713,1460,1460,NA,NA,1460,1865,1794,71,84,1781,2140,2140,NA,NA,2140,5721,5676,45,96,5625,1421,1265,156,NA,1421,1675,1499,176,117,1558,3273,2935,338,45,3228,2102,1542,560,121,1981,1300,1189,111,NA,1300
M9 [CHILD IMMUNISATION],9.1.7,Child immunisation - Pentavalent 2,TOTAL,56794,54772,2022,3015,53779,1391,1391,0,NA,1391,3680,3678,2,NA,3680,1343,1322,21,84,1259,3566,3484,82,300,3266,818,818,NA,NA,818,1913,1905,8,NA,1913,1212,1212,NA,NA,1212,4231,4148,83,82,4149,1806,1436,370,184,1622,313,313,0,NA,313,2082,2082,0,136,1946,2198,2198,0,NA,2198,1470,1470,NA,NA,1470,1540,1531,9,112,1428,1949,1937,12,1514,435,2711,2711,0,NA,2711,1998,1994,4,162,1836,2390,2390,0,6,2384,1405,1405,NA,NA,1405,1884,1811,73,73,1811,2032,2032,NA,NA,2032,5536,5482,54,114,5422,1388,1251,137,NA,1388,1635,1480,155,95,1540,3115,2775,340,54,3061,1992,1432,560,99,1893,1196,1084,112,NA,1196
M9 [CHILD IMMUNISATION],9.1.8,Child immunisation - Pentavalent 3,TOTAL,58172,56160,2012,3133,55039,1445,1445,0,NA,1445,3628,3626,2,NA,3628,1347,1330,17,78,1269,3377,3276,101,335,3042,823,823,NA,NA,823,1916,1904,12,NA,1916,1357,1357,NA,NA,1357,4165,4089,76,88,4077,1958,1573,385,176,1782,311,311,0,NA,311,2192,2192,0,118,2074,2329,2322,7,NA,2329,1435,1435,NA,NA,1435,1621,1614,7,109,1512,2066,2052,14,1615,451,2740,2740,0,NA,2740,2190,2190,0,161,2029,2331,2330,1,12,2319,1494,1494,NA,NA,1494,1989,1896,93,95,1894,2066,2066,NA,NA,2066,5670,5625,45,102,5568,1370,1241,129,NA,1370,1671,1522,149,98,1573,3260,2957,303,31,3229,2050,1507,543,115,1935,1371,1243,128,NA,1371
M9 [CHILD IMMUNISATION],9.1.9,Child immunisation - OPV 0 (Birth Dose),TOTAL,29590,27151,2439,1374,28216,677,677,0,NA,677,1430,1389,41,NA,1430,609,517,92,97,512,2564,1931,633,535,2029,377,377,NA,NA,377,810,809,1,NA,810,730,730,NA,NA,730,1627,1627,0,18,1609,1571,1289,282,108,1463,184,181,3,NA,184,1055,1042,13,52,1003,911,862,49,NA,911,589,589,NA,NA,589,1267,996,271,271,996,1842,1781,61,92,1750,900,900,0,NA,900,801,801,NA,19,782,1221,1017,204,72,1149,881,881,NA,NA,881,894,882,12,15,879,716,716,NA,NA,716,3018,2833,185,41,2977,855,550,305,NA,855,876,835,41,0,876,1580,1514,66,18,1562,1037,903,134,36,1001,568,522,46,NA,568
M9 [CHILD IMMUNISATION],9.1.10,Child immunisation - OPV1,TOTAL,58469,56298,2171,3033,55436,1452,1450,2,NA,1452,3549,3544,5,NA,3549,1322,1305,17,76,1246,3639,3574,65,233,3406,847,847,NA,NA,847,1760,1755,5,NA,1760,1300,1300,NA,NA,1300,4270,4180,90,91,4179,1989,1557,432,160,1829,340,340,0,NA,340,2128,2128,0,95,2033,2105,2105,0,NA,2105,1535,1535,NA,NA,1535,1679,1672,7,110,1569,2119,2069,50,1580,539,2787,2787,0,NA,2787,1920,1918,2,160,1760,2726,2726,0,16,2710,1465,1465,NA,NA,1465,1865,1794,71,84,1781,2140,2140,NA,NA,2140,5729,5685,44,96,5633,1416,1260,156,NA,1416,1671,1495,176,117,1554,3323,2938,385,94,3229,2101,1548,553,121,1980,1292,1181,111,NA,1292
M9 [CHILD IMMUNISATION],9.1.11,Child immunisation - OPV2,TOTAL,56829,54781,2048,3033,53796,1385,1385,0,NA,1385,3677,3675,2,NA,3677,1344,1323,21,84,1260,3573,3496,77,300,3273,818,818,NA,NA,818,1889,1881,8,NA,1889,1220,1220,NA,NA,1220,4255,4172,83,82,4173,1802,1430,372,184,1618,313,313,0,NA,313,2084,2084,0,136,1948,2188,2188,0,NA,2188,1469,1469,NA,NA,1469,1540,1531,9,112,1428,1967,1937,30,1532,435,2711,2711,0,NA,2711,1998,1994,4,162,1836,2386,2386,0,6,2380,1403,1403,NA,NA,1403,1884,1811,73,73,1811,2032,2032,NA,NA,2032,5553,5499,54,114,5439,1379,1242,137,NA,1379,1636,1481,155,95,1541,3128,2788,340,54,3074,2000,1429,571,99,1901,1195,1083,112,NA,1195
M9 [CHILD IMMUNISATION],9.1.12,Child immunisation - OPV3,TOTAL,57990,55980,2010,3146,54844,1433,1433,0,NA,1433,3593,3591,2,NA,3593,1345,1328,17,78,1267,3394,3299,95,335,3059,823,823,NA,NA,823,1924,1912,12,NA,1924,1357,1357,NA,NA,1357,4188,4112,76,88,4100,1951,1573,378,166,1785,311,311,0,NA,311,2193,2193,0,118,2075,2313,2306,7,NA,2313,1435,1435,NA,NA,1435,1621,1614,7,109,1512,2089,2052,37,1638,451,2749,2749,0,NA,2749,2190,2190,0,161,2029,2321,2320,1,12,2309,1494,1494,NA,NA,1494,1989,1896,93,95,1894,2068,2068,NA,NA,2068,5638,5597,41,102,5536,1368,1239,129,NA,1368,1669,1520,149,98,1571,3131,2828,303,31,3100,2041,1506,535,115,1926,1362,1234,128,NA,1362
M9 [CHILD IMMUNISATION],9.1.13,Child immunisation - Hepatitis-B0 (Birth Dose),TOTAL,25351,23352,1999,1316,24035,300,300,0,NA,300,1268,1268,NA,NA,1268,573,479,94,99,474,2118,1493,625,535,1583,213,213,NA,NA,213,770,770,0,NA,770,626,626,NA,NA,626,1278,1278,0,18,1260,830,605,225,97,733,160,157,3,NA,160,989,989,0,39,950,894,845,49,NA,894,587,587,NA,NA,587,1042,771,271,247,795,1860,1799,61,92,1768,879,879,0,NA,879,641,641,NA,19,622,984,780,204,72,912,864,864,NA,NA,864,714,706,8,15,699,685,685,NA,NA,685,2909,2729,180,41,2868,658,517,141,NA,658,727,726,1,NA,727,1676,1614,62,18,1658,642,595,47,24,618,464,436,28,NA,464
M9 [CHILD IMMUNISATION],9.1.14,Child immunisation - Hepatitis-B1,TOTAL,33,22,11,21,12,0,0,0,NA,0,0,0,NA,NA,0,0,0,NA,NA,0,0,0,0,0,0,0,0,NA,NA,0,0,0,0,NA,0,0,0,NA,NA,0,3,3,0,0,3,0,0,0,0,0,0,0,0,NA,0,30,19,11,21,9,0,0,0,NA,0,0,0,NA,NA,0,0,0,0,0,0,0,0,0,0,0,0,0,0,NA,0,0,0,NA,0,0,0,0,0,0,0,0,0,NA,NA,0,0,0,0,0,0,0,0,NA,NA,0,0,0,0,0,0,0,0,NA,NA,0,0,0,0,NA,0,0,0,0,0,0,0,0,0,0,0,0,0,0,NA,0
M9 [CHILD IMMUNISATION],9.1.15,Child immunisation - Hepatitis-B2,TOTAL,39,27,12,16,23,0,0,0,NA,0,0,0,NA,NA,0,0,0,NA,NA,0,0,0,0,0,0,0,0,NA,NA,0,0,0,0,NA,0,0,0,NA,NA,0,15,15,0,0,15,0,0,0,0,0,0,0,0,NA,0,12,12,0,4,8,0,0,0,NA,0,0,0,NA,NA,0,0,0,0,0,0,12,0,12,12,0,0,0,0,NA,0,0,0,NA,0,0,0,0,0,0,0,0,0,NA,NA,0,0,0,0,0,0,0,0,NA,NA,0,0,0,0,0,0,0,0,NA,NA,0,0,0,0,NA,0,0,0,0,0,0,0,0,0,0,0,0,0,0,NA,0
M9 [CHILD IMMUNISATION],9.1.16,Child immunisation - Hepatitis-B3,TOTAL,52,38,14,24,28,0,0,0,NA,0,0,0,NA,NA,0,0,0,NA,NA,0,0,0,0,0,0,0,0,NA,NA,0,0,0,0,NA,0,0,0,NA,NA,0,18,18,0,0,18,0,0,0,0,0,0,0,0,NA,0,20,20,0,10,10,0,0,0,NA,0,0,0,NA,NA,0,0,0,0,0,0,14,0,14,14,0,0,0,0,NA,0,0,0,NA,0,0,0,0,0,0,0,0,0,NA,NA,0,0,0,0,0,0,0,0,NA,NA,0,0,0,0,0,0,0,0,NA,NA,0,0,0,0,NA,0,0,0,0,0,0,0,0,0,0,0,0,0,0,NA,0
M9 [CHILD IMMUNISATION],9.1.17,Child immunisation - Inactivated Polio Vaccine 1 (IPV 1),TOTAL,52279,50753,1526,2829,49450,1412,1412,0,NA,1412,3016,3016,NA,NA,3016,1274,1256,18,77,1197,2972,2958,14,176,2796,736,736,NA,NA,736,1571,1569,2,NA,1571,1189,1189,NA,NA,1189,3928,3848,80,88,3840,1808,1472,336,152,1656,339,339,0,NA,339,2007,2007,0,97,1910,1587,1585,2,NA,1587,1522,1522,NA,NA,1522,1620,1613,7,110,1510,2058,2043,15,1514,544,2384,2384,0,NA,2384,1750,1750,NA,158,1592,2503,2503,0,NA,2503,1306,1306,NA,NA,1306,1811,1751,60,84,1727,1867,1867,NA,NA,1867,5400,5360,40,92,5308,1345,1257,88,NA,1345,1626,1483,143,117,1509,2206,2073,133,45,2161,1833,1348,485,119,1714,1209,1106,103,NA,1209
M9 [CHILD IMMUNISATION],9.1.18,Child immunisation - Inactivated Polio Vaccine 2 (IPV 2),TOTAL,50008,48587,1421,2994,47014,1360,1360,0,NA,1360,2845,2845,NA,NA,2845,1303,1294,9,68,1235,2460,2450,10,245,2215,721,721,NA,NA,721,1573,1569,4,NA,1573,1246,1246,NA,NA,1246,3672,3600,72,88,3584,1824,1514,310,172,1652,314,314,0,NA,314,2008,2008,0,111,1897,1433,1433,0,NA,1433,1408,1408,NA,NA,1408,1523,1516,7,109,1414,2055,2053,2,1601,454,2213,2213,0,NA,2213,1981,1981,NA,161,1820,2039,2039,0,NA,2039,1249,1249,NA,NA,1249,1942,1855,87,95,1847,1631,1631,NA,NA,1631,5205,5177,28,100,5105,1322,1244,78,NA,1322,1572,1453,119,98,1474,2147,2023,124,31,2116,1746,1287,459,115,1631,1216,1104,112,NA,1216
M9 [CHILD IMMUNISATION],9.1.19,Child immunisation - Rotavirus 1,TOTAL,57235,55203,2032,2936,54299,1379,1379,0,NA,1379,3546,3541,5,NA,3546,1311,1305,6,65,1246,3625,3552,73,233,3392,832,832,NA,NA,832,1742,1731,11,NA,1742,1316,1316,NA,NA,1316,4182,4095,87,89,4093,1997,1555,442,160,1837,340,340,0,NA,340,2107,2107,0,95,2012,1613,1613,0,NA,1613,1517,1517,NA,NA,1517,1672,1665,7,110,1562,1991,1970,21,1549,442,2776,2776,0,NA,2776,1907,1905,2,160,1747,2705,2705,0,16,2689,1458,1458,NA,NA,1458,1864,1793,71,84,1780,2132,2132,NA,NA,2132,5666,5619,47,92,5574,1421,1265,156,NA,1421,1640,1493,147,117,1523,3107,2823,284,45,3062,2090,1528,562,121,1969,1299,1188,111,NA,1299
M9 [CHILD IMMUNISATION],9.1.20,Child immunisation - Rotavirus 2,TOTAL,55597,53654,1943,2995,52602,1344,1344,0,NA,1344,3624,3622,2,NA,3624,1315,1309,6,69,1246,3545,3467,78,300,3245,802,802,NA,NA,802,1901,1893,8,NA,1901,1312,1312,NA,NA,1312,4168,4081,87,82,4086,1802,1426,376,184,1618,313,313,0,NA,313,2059,2059,0,136,1923,1529,1529,0,NA,1529,1466,1466,NA,NA,1466,1534,1525,9,112,1422,1946,1934,12,1513,433,2702,2702,0,NA,2702,1978,1974,4,162,1816,2365,2365,0,6,2359,1396,1396,NA,NA,1396,1879,1806,73,73,1806,2032,2032,NA,NA,2032,5433,5386,47,110,5323,1462,1325,137,NA,1462,1602,1468,134,95,1507,2947,2638,309,54,2893,1960,1411,549,99,1861,1181,1069,112,NA,1181
M9 [CHILD IMMUNISATION],9.1.21,Child immunisation - Rotavirus 3,TOTAL,56555,54636,1919,3121,53434,1370,1370,0,NA,1370,3585,3583,2,NA,3585,1336,1327,9,70,1266,3361,3262,99,335,3026,814,814,NA,NA,814,1889,1883,6,NA,1889,1356,1356,NA,NA,1356,4084,4002,82,88,3996,1934,1557,377,167,1767,311,311,0,NA,311,2163,2163,0,118,2045,1538,1531,7,NA,1538,1442,1442,NA,NA,1442,1614,1607,7,109,1505,2076,2062,14,1623,453,2718,2718,0,NA,2718,2172,2172,NA,161,2011,2282,2282,0,11,2271,1468,1468,NA,NA,1468,1988,1895,93,95,1893,2063,2063,NA,NA,2063,5569,5529,40,100,5469,1372,1243,129,NA,1372,1656,1527,129,98,1558,2983,2715,268,31,2952,2053,1525,528,115,1938,1358,1229,129,NA,1358
M9 [CHILD IMMUNISATION],9.2.1,Child immunisation (9-11months) - Measles & Rubella (MR)- 1st Dose,TOTAL,63,14,49,49,14,0,0,0,NA,0,0,0,NA,NA,0,0,0,NA,NA,0,16,0,16,16,0,0,0,NA,NA,0,0,0,0,NA,0,0,0,NA,NA,0,0,0,0,0,0,0,0,0,NA,0,0,0,0,NA,0,0,0,0,0,0,0,0,0,NA,0,0,0,NA,NA,0,0,0,0,0,0,33,0,33,33,0,0,0,0,NA,0,0,0,NA,0,0,0,0,0,0,0,4,4,NA,NA,4,0,0,0,0,0,0,0,NA,NA,0,10,10,0,0,10,0,0,NA,NA,0,0,0,0,NA,0,0,0,0,NA,0,0,0,0,0,0,0,0,0,NA,0
M9 [CHILD IMMUNISATION],9.2.2,Child immunisation (9-11months) - Measles 1st dose,TOTAL,31739,30664,1075,1702,30037,474,474,0,NA,474,472,469,3,NA,472,805,752,53,92,713,3064,2954,110,286,2778,637,637,NA,NA,637,1173,1173,0,NA,1173,886,886,NA,NA,886,2072,2031,41,51,2021,1360,1098,262,170,1190,270,270,0,NA,270,884,884,0,79,805,1612,1605,7,NA,1612,1279,1279,NA,NA,1279,1323,1318,5,90,1233,599,598,1,477,122,243,243,0,NA,243,1722,1722,0,109,1613,1461,1461,0,12,1449,1193,1193,NA,NA,1193,1467,1413,54,36,1431,28,28,NA,NA,28,3356,3328,28,66,3290,1036,904,132,NA,1036,1075,1008,67,103,972,1578,1483,95,49,1529,765,627,138,82,683,905,826,79,NA,905
M9 [CHILD IMMUNISATION],9.2.3,Child immunisation (9-11months) - JE 1st dose,TOTAL,40976,39619,1357,2097,38879,827,827,0,NA,827,1791,1789,2,NA,1791,854,841,13,52,802,3112,3002,110,286,2826,640,640,NA,NA,640,1509,1507,2,NA,1509,893,893,NA,NA,893,2613,2572,41,52,2561,1362,1104,258,160,1202,270,270,0,NA,270,1480,1480,0,106,1374,1747,1740,7,NA,1747,1280,1280,NA,NA,1280,1398,1393,5,90,1308,1148,1148,0,884,264,1766,1766,0,NA,1766,1723,1723,0,109,1614,1913,1913,0,12,1901,1179,1179,NA,NA,1179,1429,1375,54,39,1390,1323,1323,NA,NA,1323,4155,4125,30,66,4089,1020,906,114,NA,1020,1156,1053,103,103,1053,2073,1915,158,49,2024,1361,984,377,89,1272,954,871,83,NA,954
M9 [CHILD IMMUNISATION],9.2.4.a,Children aged between 9 and 11 months fully immunized- Male,TOTAL,16402,15821,581,866,15536,236,236,0,NA,236,242,241,1,NA,242,420,396,24,41,379,1502,1451,51,145,1357,332,332,NA,NA,332,662,662,0,NA,662,463,463,NA,NA,463,1077,1059,18,28,1049,693,551,142,82,611,144,144,0,NA,144,453,453,0,38,415,844,841,3,NA,844,651,651,NA,NA,651,663,660,3,44,619,307,286,21,239,68,127,127,0,NA,127,900,900,0,71,829,771,771,0,7,764,590,590,NA,NA,590,762,732,30,17,745,14,14,NA,NA,14,1752,1738,14,38,1714,568,495,73,NA,568,563,528,35,51,512,806,759,47,26,780,410,326,84,39,371,450,415,35,NA,450
M9 [CHILD IMMUNISATION],9.2.4.b,Children aged between 9 and 11 months fully immunized - Female,TOTAL,15438,14888,550,845,14593,228,228,0,NA,228,225,223,2,NA,225,385,356,29,51,334,1542,1488,54,141,1401,304,304,NA,NA,304,547,547,0,NA,547,437,437,NA,NA,437,1036,1013,23,23,1013,668,548,120,88,580,126,126,0,NA,126,397,397,0,41,356,770,766,4,NA,770,628,628,NA,NA,628,657,655,2,46,611,277,265,12,223,54,116,116,0,NA,116,849,849,0,66,783,705,705,0,5,700,645,645,NA,NA,645,707,683,24,19,688,14,14,NA,NA,14,1591,1577,14,28,1563,470,411,59,NA,470,512,480,32,52,460,758,713,45,20,738,387,301,86,42,345,457,413,44,NA,457
M9 [CHILD IMMUNISATION],9.3.1,Child immunisation - Measles & Rubella (MR)- 1st Dose,TOTAL,38,12,26,25,13,0,0,0,NA,0,0,0,NA,NA,0,0,0,NA,NA,0,0,0,0,0,0,0,0,NA,NA,0,0,0,0,NA,0,0,0,NA,NA,0,0,0,0,0,0,0,0,0,NA,0,0,0,0,NA,0,0,0,0,0,0,0,0,0,NA,0,0,0,NA,NA,0,0,0,0,0,0,25,0,25,25,0,0,0,0,NA,0,0,0,NA,0,0,0,0,0,0,0,0,0,NA,NA,0,0,0,0,0,0,0,0,NA,NA,0,10,10,0,0,10,0,0,NA,NA,0,0,0,0,NA,0,3,2,1,0,3,0,0,0,0,0,0,0,0,NA,0
M9 [CHILD IMMUNISATION],9.3.2,Child immunisation - Measles-1st dose,TOTAL,1878,1859,19,250,1628,4,4,0,NA,4,126,126,NA,NA,126,10,10,NA,NA,10,68,68,0,0,68,25,25,NA,NA,25,99,99,0,NA,99,13,13,NA,NA,13,57,57,0,0,57,39,26,13,NA,39,25,25,0,NA,25,86,86,0,55,31,45,45,0,NA,45,64,64,NA,NA,64,46,46,0,0,46,149,148,1,121,28,22,22,0,NA,22,35,35,NA,21,14,211,211,0,0,211,117,117,NA,NA,117,110,110,0,36,74,0,0,NA,NA,0,354,354,0,17,337,9,9,NA,NA,9,0,0,0,NA,0,41,40,1,0,41,13,9,4,0,13,110,110,0,NA,110
M9 [CHILD IMMUNISATION],9.3.3,Child immunisation - JE 1st dose,TOTAL,2738,2708,30,334,2404,4,4,0,NA,4,496,496,NA,NA,496,10,10,NA,NA,10,68,68,0,0,68,25,25,NA,NA,25,142,142,0,NA,142,13,13,NA,NA,13,120,120,0,0,120,54,40,14,NA,54,23,23,0,NA,23,106,106,0,66,40,52,52,0,NA,52,67,67,NA,NA,67,67,67,0,0,67,195,195,0,191,4,97,97,0,NA,97,35,35,NA,21,14,269,269,0,0,269,116,116,NA,NA,116,113,113,0,39,74,9,9,NA,NA,9,462,462,0,17,445,9,9,NA,NA,9,13,1,12,NA,13,40,40,0,0,40,23,19,4,0,23,110,110,0,NA,110
M9 [CHILD IMMUNISATION],9.4.1,Child immunisation - Measles & Rubella (MR)- 2nd Dose (16-24 months),TOTAL,144,92,52,40,104,0,0,0,NA,0,0,0,NA,NA,0,0,0,NA,NA,0,0,0,0,0,0,0,0,NA,NA,0,0,0,0,NA,0,3,3,NA,NA,3,20,20,0,0,20,2,0,2,0,2,0,0,0,NA,0,4,4,0,0,4,0,0,0,NA,0,0,0,NA,NA,0,0,0,0,0,0,74,34,40,40,34,1,1,0,NA,1,0,0,NA,0,0,0,0,0,0,0,9,9,NA,NA,9,0,0,0,0,0,0,0,NA,NA,0,21,21,0,0,21,0,0,NA,NA,0,0,0,0,NA,0,10,0,10,NA,10,0,0,0,0,0,0,0,0,NA,0
M9 [CHILD IMMUNISATION],9.4.2,Child immunisation - Measles 2nd dose (More than 16 months),TOTAL,32371,31299,1072,1457,30914,465,465,0,NA,465,557,557,NA,NA,557,875,868,7,59,816,2729,2684,45,281,2448,725,725,NA,NA,725,1491,1489,2,NA,1491,1025,1025,NA,NA,1025,2665,2604,61,57,2608,1719,1387,332,153,1566,245,245,0,NA,245,914,914,0,70,844,1234,1234,0,NA,1234,1279,1279,NA,NA,1279,1421,1418,3,118,1303,644,644,0,484,160,251,251,0,NA,251,1596,1593,3,76,1520,1295,1295,0,0,1295,1033,1033,NA,NA,1033,1534,1447,87,6,1528,54,54,NA,NA,54,2702,2670,32,42,2660,1125,1027,98,NA,1125,1150,1101,49,NA,1150,1885,1765,120,45,1840,746,600,146,66,680,1012,925,87,NA,1012
M9 [CHILD IMMUNISATION],9.4.3,Child immunisation - DPT 1st Booster,TOTAL,48314,46573,1741,2572,45742,1113,1113,0,NA,1113,2881,2879,2,NA,2881,1106,1099,7,59,1047,3016,2949,67,302,2714,731,731,NA,NA,731,2264,2260,4,NA,2264,1052,1052,NA,NA,1052,3642,3581,61,57,3585,1816,1475,341,159,1657,245,245,0,NA,245,1703,1703,0,99,1604,1399,1396,3,NA,1399,1294,1294,NA,NA,1294,1679,1679,0,118,1561,1655,1641,14,1284,371,1832,1832,0,NA,1832,1647,1644,3,107,1540,1945,1945,0,0,1945,1104,1104,NA,NA,1104,1632,1545,87,64,1568,1605,1605,NA,NA,1605,4620,4572,48,93,4527,1131,1031,100,NA,1131,1481,1387,94,101,1380,2782,2531,251,45,2737,1816,1280,536,84,1732,1123,1000,123,NA,1123
M9 [CHILD IMMUNISATION],9.4.4,Child immunisation - OPV Booster,TOTAL,47968,46266,1702,2589,45379,1118,1118,0,NA,1118,2828,2826,2,NA,2828,1103,1096,7,59,1044,2960,2894,66,302,2658,699,699,NA,NA,699,2191,2187,4,NA,2191,1063,1063,NA,NA,1063,3607,3546,61,57,3550,1793,1471,322,159,1634,245,245,0,NA,245,1698,1698,0,99,1599,1310,1307,3,NA,1310,1294,1294,NA,NA,1294,1671,1671,0,118,1553,1672,1658,14,1301,371,1956,1956,0,NA,1956,1647,1644,3,107,1540,1907,1907,0,0,1907,1083,1083,NA,NA,1083,1631,1544,87,64,1567,1588,1588,NA,NA,1588,4616,4568,48,93,4523,1130,1030,100,NA,1130,1475,1386,89,101,1374,2771,2522,249,45,2726,1792,1268,524,84,1708,1120,997,123,NA,1120
M9 [CHILD IMMUNISATION],9.4.5,"Child immunisation - Measles, Mumps, Rubella (MMR) Vaccine",TOTAL,102,22,80,45,57,0,0,0,NA,0,0,0,NA,NA,0,0,0,NA,NA,0,15,0,15,15,0,0,0,NA,NA,0,0,0,0,NA,0,0,0,NA,NA,0,0,0,0,0,0,30,2,28,0,30,0,0,0,NA,0,0,0,0,0,0,0,0,0,NA,0,0,0,NA,NA,0,0,0,0,0,0,25,0,25,25,0,0,0,0,NA,0,0,0,NA,0,0,0,0,0,0,0,16,16,NA,NA,16,0,0,0,0,0,0,0,NA,NA,0,0,0,0,0,0,0,0,NA,NA,0,0,0,0,NA,0,16,4,12,5,11,0,0,0,0,0,0,0,0,NA,0
M9 [CHILD IMMUNISATION],9.4.6,Number of children more than 16 months of age who received Japanese Encephalitis (JE) vaccine,TOTAL,41130,39676,1454,1852,39278,970,970,0,NA,970,1765,1765,NA,NA,1765,983,976,7,59,924,2907,2852,55,349,2558,707,707,NA,NA,707,1994,1992,2,NA,1994,910,910,NA,NA,910,2393,2332,61,58,2335,1590,1268,322,119,1471,243,243,0,NA,243,1587,1587,0,86,1501,1221,1218,3,NA,1221,1273,1273,NA,NA,1273,1462,1459,3,118,1344,1125,1125,0,806,319,1894,1894,0,NA,1894,1532,1532,0,11,1521,1829,1829,0,0,1829,975,975,NA,NA,975,1602,1515,87,70,1532,1476,1476,NA,NA,1476,3473,3435,38,51,3422,1036,940,96,NA,1036,1135,1084,51,0,1135,2489,2314,175,45,2444,1506,1072,434,80,1426,1053,933,120,NA,1053
M9 [CHILD IMMUNISATION],9.5.1,Child immunisation - Typhoid,TOTAL,153,8,145,48,105,0,0,0,NA,0,0,0,NA,NA,0,0,0,NA,NA,0,21,3,18,18,3,0,0,NA,NA,0,5,5,0,NA,5,0,0,NA,NA,0,0,0,0,0,0,0,0,0,NA,0,0,0,0,NA,0,0,0,0,0,0,0,0,0,NA,0,0,0,NA,NA,0,0,0,0,0,0,28,0,28,28,0,0,0,0,NA,0,0,0,NA,0,0,0,0,0,NA,0,0,0,NA,NA,0,0,0,0,0,0,0,0,NA,NA,0,0,0,0,NA,0,97,0,97,NA,97,0,0,0,NA,0,2,0,2,2,0,0,0,0,0,0,0,0,0,NA,0
M9 [CHILD IMMUNISATION],9.5.2,Children more than 5 years received DPT5 (2nd Booster),TOTAL,28432,27487,945,1793,26639,714,714,0,NA,714,1204,1204,NA,NA,1204,439,431,8,38,401,1922,1899,23,15,1907,309,309,NA,NA,309,1088,1081,7,NA,1088,507,507,NA,NA,507,1194,1181,13,39,1155,1561,1282,279,89,1472,98,98,0,NA,98,757,757,0,36,721,918,916,2,NA,918,849,849,NA,NA,849,1838,1838,0,163,1675,1265,1260,5,974,291,1323,1323,0,NA,1323,639,639,0,145,494,1019,1019,0,7,1012,590,590,NA,NA,590,955,916,39,61,894,1096,1096,NA,NA,1096,2499,2484,15,36,2463,668,604,64,NA,668,1175,1094,81,81,1094,1871,1752,119,34,1837,1159,923,236,75,1084,775,721,54,NA,775
M9 [CHILD IMMUNISATION],9.5.3,Children more than 10 years received TT10,TOTAL,19394,18811,583,1396,17998,449,449,0,NA,449,980,980,NA,NA,980,224,222,2,26,198,1411,1399,12,6,1405,136,136,NA,NA,136,732,726,6,NA,732,284,284,NA,NA,284,910,902,8,15,895,794,679,115,53,741,72,72,0,NA,72,474,474,0,20,454,555,555,0,NA,555,777,777,NA,NA,777,1395,1395,0,163,1232,949,933,16,819,130,886,886,0,NA,886,541,541,0,131,410,979,978,1,5,974,374,374,NA,NA,374,604,578,26,30,574,903,903,NA,NA,903,1641,1625,16,28,1613,457,430,27,NA,457,625,585,40,50,575,1281,1130,151,14,1267,604,490,114,36,568,357,308,49,NA,357
M9 [CHILD IMMUNISATION],9.5.4,Children more than 16 years received TT16,TOTAL,13768,13246,522,1054,12714,230,230,0,NA,230,748,748,NA,NA,748,125,125,0,10,115,1053,1050,3,0,1053,97,97,NA,NA,97,580,575,5,NA,580,205,205,NA,NA,205,743,737,6,12,731,305,231,74,23,282,51,51,0,NA,51,341,341,0,16,325,350,350,0,NA,350,639,639,NA,NA,639,1131,1131,0,131,1000,728,728,0,635,93,531,531,0,NA,531,469,469,0,129,340,732,732,0,2,730,325,325,NA,NA,325,377,346,31,14,363,598,598,NA,NA,598,1112,1102,10,11,1101,319,307,12,NA,319,426,385,41,52,374,1019,814,205,2,1017,316,222,94,17,299,218,177,41,NA,218
M9 [CHILD IMMUNISATION],9.6.1,Number of cases of AEFI - Abscess,TOTAL,32,32,0,0,32,1,1,0,NA,1,17,17,NA,NA,17,0,0,NA,NA,0,0,0,0,0,0,0,0,NA,NA,0,1,1,0,NA,1,5,5,NA,NA,5,0,0,0,0,0,0,0,0,NA,0,0,0,0,NA,0,0,0,0,0,0,0,0,0,NA,0,8,8,NA,NA,8,0,0,0,0,0,0,0,0,0,0,0,0,0,NA,0,0,0,0,0,0,0,0,0,0,0,0,0,NA,NA,0,0,0,0,0,0,0,0,NA,NA,0,0,0,0,NA,0,0,0,0,NA,0,0,0,0,NA,0,0,0,0,0,0,0,0,0,0,0,0,0,0,NA,0
M9 [CHILD IMMUNISATION],9.6.2,Number of cases of AEFI - Death,TOTAL,1,1,0,0,1,1,1,0,NA,1,0,0,NA,NA,0,0,0,NA,NA,0,0,0,0,0,0,0,0,NA,NA,0,0,0,0,NA,0,0,0,NA,NA,0,0,0,0,0,0,0,0,0,NA,0,0,0,0,NA,0,0,0,0,0,0,0,0,0,NA,0,0,0,NA,NA,0,0,0,0,0,0,0,0,0,0,0,0,0,0,NA,0,0,0,0,0,0,0,0,0,0,0,0,0,NA,NA,0,0,0,0,0,0,0,0,NA,NA,0,0,0,0,NA,0,0,0,0,NA,0,0,0,0,NA,0,0,0,0,0,0,0,0,0,0,0,0,0,0,NA,0
M9 [CHILD IMMUNISATION],9.6.3,Number of cases of AEFI - Others,TOTAL,412,410,2,0,412,65,65,0,NA,65,118,118,NA,NA,118,0,0,NA,NA,0,0,0,0,0,0,0,0,NA,NA,0,47,47,0,NA,47,21,21,NA,NA,21,1,1,0,0,1,0,0,0,NA,0,12,12,0,NA,12,0,0,0,0,0,0,0,0,NA,0,4,4,NA,NA,4,9,9,0,0,9,0,0,0,0,0,27,27,0,NA,27,0,0,0,0,0,0,0,0,0,0,24,24,NA,NA,24,0,0,0,0,0,0,0,NA,NA,0,10,10,0,NA,10,15,15,0,NA,15,0,0,0,NA,0,20,20,0,0,20,0,0,0,0,0,39,37,2,NA,39
M9 [CHILD IMMUNISATION],9.7.1,Immunisation sessions planned,TOTAL,28225,27513,712,1086,27139,803,803,0,NA,803,1428,1428,NA,NA,1428,684,684,NA,30,654,1693,1686,7,110,1583,484,484,NA,NA,484,821,819,2,NA,821,640,640,NA,NA,640,1727,1698,29,42,1685,985,843,142,78,907,418,418,0,NA,418,984,984,0,59,925,1145,1145,0,NA,1145,667,667,NA,NA,667,950,950,0,0,950,675,675,0,491,184,1066,1066,0,NA,1066,1232,1232,0,33,1199,1182,1167,15,31,1151,1004,1004,NA,NA,1004,1177,1131,46,104,1073,943,943,NA,NA,943,2123,2110,13,30,2093,735,735,NA,NA,735,1139,1067,72,0,1139,1759,1610,149,36,1723,988,812,176,42,946,773,712,61,NA,773
M9 [CHILD IMMUNISATION],9.7.2,Immunisation sessions held,TOTAL,27661,26939,722,1043,26618,800,796,4,NA,800,1377,1377,NA,NA,1377,674,674,NA,30,644,1659,1652,7,110,1549,472,472,NA,NA,472,807,805,2,NA,807,633,633,NA,NA,633,1688,1659,29,32,1656,980,838,142,78,902,377,377,0,NA,377,957,957,0,59,898,1145,1145,0,NA,1145,652,652,NA,NA,652,938,938,0,0,938,672,672,0,491,181,1057,1057,0,NA,1057,1236,1236,0,32,1204,1150,1117,33,49,1101,973,973,NA,NA,973,1105,1059,46,62,1043,919,919,NA,NA,919,2090,2077,13,30,2060,732,732,NA,NA,732,1133,1061,72,0,1133,1699,1552,147,29,1670,975,807,168,41,934,761,702,59,NA,761
M9 [CHILD IMMUNISATION],9.7.3,Number of Immunisation sessions where ASHAs were present,TOTAL,27586,26925,661,985,26601,797,797,0,NA,797,1375,1375,NA,NA,1375,627,627,NA,30,597,1654,1651,3,109,1545,505,505,NA,NA,505,799,797,2,NA,799,634,634,NA,NA,634,1681,1652,29,32,1649,979,838,141,78,901,363,363,0,NA,363,956,956,0,59,897,1153,1153,0,NA,1153,626,626,NA,NA,626,905,905,0,0,905,680,680,0,476,204,1057,1057,0,NA,1057,1224,1224,0,32,1192,1094,1094,0,16,1078,1085,1085,NA,NA,1085,1121,1077,44,62,1059,917,917,NA,NA,917,2083,2070,13,25,2058,686,686,NA,NA,686,1133,1061,72,0,1133,1682,1541,141,29,1653,1012,855,157,37,975,758,699,59,NA,758
M9 [CHILD IMMUNISATION],9.8.1,Child immunisation - Vitamin A Dose - 1,TOTAL,39922,38702,1220,2095,37827,845,845,0,NA,845,1843,1843,NA,NA,1843,835,822,13,52,783,2785,2776,9,189,2596,635,635,NA,NA,635,1420,1420,0,NA,1420,886,886,NA,NA,886,2797,2756,41,52,2745,1321,1082,239,160,1161,270,270,0,NA,270,1383,1383,0,85,1298,1650,1608,42,NA,1650,1290,1290,NA,NA,1290,1217,1212,5,90,1127,1239,1206,33,973,266,1637,1637,0,NA,1637,1712,1712,0,106,1606,1819,1815,4,12,1807,1199,1199,NA,NA,1199,1483,1436,47,63,1420,1336,1336,NA,NA,1336,4026,3996,30,66,3960,985,901,84,NA,985,1126,1062,64,103,1023,1960,1833,127,44,1916,1300,903,397,100,1200,923,838,85,NA,923
M9 [CHILD IMMUNISATION],9.8.2,Child immunisation - Vitamin A Dose - 5,TOTAL,17923,17518,405,1329,16594,344,344,0,NA,344,995,995,NA,NA,995,265,254,11,40,225,1280,1274,6,188,1092,118,118,NA,NA,118,717,711,6,NA,717,215,215,NA,NA,215,1390,1380,10,19,1371,660,576,84,40,620,124,124,0,NA,124,408,408,0,15,393,672,672,0,NA,672,489,489,NA,NA,489,827,823,4,76,751,784,784,0,692,92,734,734,0,NA,734,375,375,0,63,312,690,687,3,5,685,442,442,NA,NA,442,571,569,2,31,540,645,645,NA,NA,645,1980,1971,9,49,1931,425,370,55,NA,425,737,720,17,54,683,1122,1046,76,19,1103,664,564,100,38,626,250,228,22,NA,250
M9 [CHILD IMMUNISATION],9.8.3,Child immunisation - Vitamin A Dose - 9,TOTAL,23583,22986,597,1513,22070,605,605,0,NA,605,1142,1142,NA,NA,1142,269,269,NA,29,240,1656,1654,2,215,1441,233,233,NA,NA,233,885,877,8,NA,885,396,396,NA,NA,396,1467,1453,14,4,1463,1196,1019,177,77,1119,101,101,0,NA,101,574,574,0,13,561,749,749,0,NA,749,597,597,NA,NA,597,1395,1388,7,69,1326,1020,1020,0,741,279,1105,1105,0,NA,1105,600,600,0,145,455,643,643,0,4,639,500,500,NA,NA,500,758,735,23,42,716,943,943,NA,NA,943,2346,2342,4,37,2309,586,564,22,NA,586,916,870,46,81,835,1345,1248,97,23,1322,1040,885,155,33,1007,516,474,42,NA,516
M9 [CHILD IMMUNISATION],9.9,Number of children (6-59 months) provided 8-10 doses (1ml) of IFA syrup (Bi weekly),TOTAL,673923,659521,14402,29307,644616,36840,36840,0,NA,36840,21997,21997,NA,NA,21997,2846,2846,NA,112,2734,22232,22154,78,168,22064,4815,4815,NA,NA,4815,8104,8094,10,NA,8104,13978,13978,NA,NA,13978,85315,83612,1703,0,85315,25559,20836,4723,1558,24001,7628,7628,0,NA,7628,20251,20251,0,730,19521,20867,20867,0,NA,20867,24653,24653,NA,NA,24653,21040,21040,0,0,21040,35791,35791,0,26517,9274,25940,25940,0,NA,25940,37175,37175,0,222,36953,26867,26867,0,NA,26867,10040,10040,NA,NA,10040,47162,44833,2329,0,47162,21640,21640,NA,NA,21640,67859,67597,262,NA,67859,9711,9711,NA,NA,9711,24981,23215,1766,NA,24981,27925,26765,1160,NA,27925,14747,12495,2252,0,14747,7960,7841,119,NA,7960
M9 [CHILD IMMUNISATION],9.1,Number of children (12-59 months) provided Albendazole,TOTAL,856921,832922,23999,11245,845676,63462,63462,0,NA,63462,17092,17092,NA,NA,17092,15499,15339,160,2966,12533,44102,43885,217,243,43859,7090,7090,NA,NA,7090,22901,22881,20,NA,22901,26916,26916,NA,NA,26916,57641,55789,1852,0,57641,24138,19116,5022,3921,20217,1022,1022,0,NA,1022,25726,25726,0,2375,23351,17629,17629,0,NA,17629,21370,21370,NA,NA,21370,73145,73145,0,0,73145,7025,7025,0,1246,5779,47431,47431,0,NA,47431,53378,53277,101,419,52959,21239,21205,34,NA,21239,4957,4957,NA,NA,4957,47327,45235,2092,65,47262,9458,9458,NA,NA,9458,79104,79088,16,NA,79104,4767,4767,0,NA,4767,29372,28909,463,NA,29372,70929,65183,5746,10,70919,27700,23169,4531,0,27700,36501,32756,3745,NA,36501
M9 [CHILD IMMUNISATION],9.11,Number of severely underweight children provided Health Checkup (0-5 yrs),TOTAL,11839,11254,585,122,11717,54,54,0,NA,54,195,195,NA,NA,195,40,40,NA,NA,40,505,505,0,0,505,23,23,NA,NA,23,253,253,0,NA,253,372,372,NA,NA,372,1101,1099,2,0,1101,628,412,216,0,628,56,56,0,NA,56,359,359,0,30,329,129,129,0,NA,129,44,44,NA,NA,44,200,200,0,0,200,104,104,0,92,12,762,762,0,NA,762,3022,3022,0,0,3022,409,409,0,NA,409,790,790,NA,NA,790,54,50,4,0,54,384,384,NA,NA,384,1428,1428,0,NA,1428,37,37,0,NA,37,35,35,0,NA,35,791,450,341,0,791,47,30,17,0,47,17,12,5,NA,17
M10 [Number of cases of Childhood Diseases (0-5 years)],10.1,Childhood Diseases - Pneumonia,TOTAL,540,410,130,8,532,0,0,0,NA,0,0,0,NA,NA,0,0,0,NA,NA,0,2,1,1,0,2,2,2,NA,NA,2,30,30,0,NA,30,18,18,NA,NA,18,169,169,0,0,169,6,6,0,NA,6,4,4,0,NA,4,18,13,5,5,13,8,8,0,NA,8,5,5,NA,NA,5,8,8,0,0,8,4,2,2,3,1,6,6,0,NA,6,8,8,0,0,8,4,1,3,NA,4,2,2,NA,NA,2,41,40,1,0,41,11,11,NA,NA,11,38,38,0,NA,38,126,20,106,NA,126,10,10,0,NA,10,0,0,0,0,0,19,7,12,0,19,1,1,0,NA,1
M10 [Number of cases of Childhood Diseases (0-5 years)],10.2,Childhood Diseases - Asthma,TOTAL,189,100,89,14,175,1,1,0,NA,1,0,0,NA,NA,0,0,0,NA,NA,0,0,0,0,0,0,0,0,NA,NA,0,7,7,0,NA,7,19,19,NA,NA,19,7,7,0,0,7,0,0,0,NA,0,0,0,0,NA,0,6,6,0,3,3,0,0,0,NA,0,0,0,NA,NA,0,8,8,0,0,8,18,13,5,11,7,10,10,0,NA,10,3,3,0,0,3,6,5,1,NA,6,3,3,NA,NA,3,2,1,1,0,2,0,0,NA,NA,0,2,2,0,NA,2,86,13,73,NA,86,2,2,0,NA,2,0,0,0,NA,0,9,0,9,0,9,0,0,0,NA,0
M10 [Number of cases of Childhood Diseases (0-5 years)],10.3,Childhood Diseases - Sepsis,TOTAL,138,90,48,0,138,0,0,0,NA,0,0,0,NA,NA,0,0,0,NA,NA,0,10,10,0,0,10,0,0,NA,NA,0,18,18,0,NA,18,0,0,NA,NA,0,4,4,0,0,4,0,0,0,NA,0,1,1,0,NA,1,2,2,0,0,2,14,14,0,NA,14,0,0,NA,NA,0,29,29,0,0,29,0,0,0,0,0,0,0,0,NA,0,0,0,0,0,0,16,0,16,NA,16,0,0,NA,NA,0,2,2,0,0,2,10,10,NA,NA,10,0,0,0,NA,0,32,0,32,NA,32,0,0,0,NA,0,0,0,0,NA,0,0,0,0,0,0,0,0,0,NA,0
M10 [Number of cases of Childhood Diseases (0-5 years)],10.4,Childhood Diseases - Diphtheria,TOTAL,0,0,0,0,0,0,0,0,NA,0,0,0,NA,NA,0,0,0,NA,NA,0,0,0,0,0,0,0,0,NA,NA,0,0,0,0,NA,0,0,0,NA,NA,0,0,0,0,0,0,0,0,0,NA,0,0,0,0,NA,0,0,0,0,0,0,0,0,0,NA,0,0,0,NA,NA,0,0,0,0,0,0,0,0,0,0,0,0,0,0,NA,0,0,0,0,0,0,0,0,0,NA,0,0,0,NA,NA,0,0,0,0,0,0,0,0,NA,NA,0,0,0,0,NA,0,0,0,0,NA,0,0,0,0,NA,0,0,0,0,NA,0,0,0,0,0,0,0,0,0,NA,0
M10 [Number of cases of Childhood Diseases (0-5 years)],10.5,Childhood Diseases - Pertussis,TOTAL,0,0,0,0,0,0,0,0,NA,0,0,0,NA,NA,0,0,0,NA,NA,0,0,0,0,0,0,0,0,NA,NA,0,0,0,0,NA,0,0,0,NA,NA,0,0,0,0,0,0,0,0,0,NA,0,0,0,0,NA,0,0,0,0,0,0,0,0,0,NA,0,0,0,NA,NA,0,0,0,0,0,0,0,0,0,0,0,0,0,0,NA,0,0,0,0,0,0,0,0,0,NA,0,0,0,NA,NA,0,0,0,0,0,0,0,0,NA,NA,0,0,0,0,NA,0,0,0,0,NA,0,0,0,0,NA,0,0,0,0,NA,0,0,0,0,0,0,0,0,0,NA,0
M10 [Number of cases of Childhood Diseases (0-5 years)],10.6,Childhood Diseases - Tetanus Neonatorum,TOTAL,0,0,0,0,0,0,0,0,NA,0,0,0,NA,NA,0,0,0,NA,NA,0,0,0,0,0,0,0,0,NA,NA,0,0,0,0,NA,0,0,0,NA,NA,0,0,0,0,0,0,0,0,0,NA,0,0,0,0,NA,0,0,0,0,0,0,0,0,0,NA,0,0,0,NA,NA,0,0,0,0,0,0,0,0,0,0,0,0,0,0,NA,0,0,0,0,0,0,0,0,0,NA,0,0,0,NA,NA,0,0,0,0,0,0,0,0,NA,NA,0,0,0,0,NA,0,0,0,0,NA,0,0,0,0,NA,0,0,0,0,NA,0,0,0,0,0,0,0,0,0,NA,0
M10 [Number of cases of Childhood Diseases (0-5 years)],10.7,Childhood Diseases - Tuberculosis (TB),TOTAL,29,22,7,0,29,0,0,0,NA,0,2,2,NA,NA,2,0,0,NA,NA,0,0,0,0,0,0,0,0,NA,NA,0,2,2,0,NA,2,0,0,NA,NA,0,0,0,0,0,0,2,0,2,NA,2,3,3,0,NA,3,0,0,0,0,0,0,0,0,NA,0,1,1,NA,NA,1,0,0,0,0,0,0,0,0,0,0,6,6,0,NA,6,0,0,0,0,0,0,0,0,NA,0,0,0,NA,NA,0,3,2,1,0,3,0,0,NA,NA,0,0,0,0,NA,0,0,0,0,NA,0,0,0,0,NA,0,1,1,0,NA,1,8,5,3,0,8,1,0,1,NA,1
M10 [Number of cases of Childhood Diseases (0-5 years)],10.8,Childhood Diseases - Acute Flaccid Paralysis(AFP),TOTAL,1,1,0,0,1,0,0,0,NA,0,0,0,NA,NA,0,0,0,NA,NA,0,0,0,0,0,0,0,0,NA,NA,0,0,0,0,NA,0,0,0,NA,NA,0,0,0,0,0,0,0,0,0,NA,0,0,0,0,NA,0,0,0,0,0,0,0,0,0,NA,0,0,0,NA,NA,0,0,0,0,0,0,0,0,0,0,0,0,0,0,NA,0,0,0,0,0,0,0,0,0,NA,0,1,1,NA,NA,1,0,0,0,0,0,0,0,NA,NA,0,0,0,0,NA,0,0,0,0,NA,0,0,0,0,NA,0,0,0,0,NA,0,0,0,0,0,0,0,0,0,NA,0
M10 [Number of cases of Childhood Diseases (0-5 years)],10.9,Childhood Diseases - Measles,TOTAL,96,95,1,0,96,0,0,0,NA,0,4,4,NA,NA,4,0,0,NA,NA,0,4,4,0,0,4,0,0,NA,NA,0,6,6,0,NA,6,0,0,NA,NA,0,12,12,0,0,12,2,2,0,NA,2,3,3,0,NA,3,0,0,0,0,0,6,6,0,NA,6,6,6,NA,NA,6,4,4,0,0,4,0,0,0,0,0,7,7,0,NA,7,0,0,0,0,0,4,4,0,NA,4,1,1,NA,NA,1,0,0,0,0,0,11,11,NA,NA,11,11,11,0,NA,11,10,9,1,NA,10,0,0,0,NA,0,0,0,0,NA,0,0,0,0,0,0,5,5,0,NA,5
M10 [Number of cases of Childhood Diseases (0-5 years)],10.1,Childhood Diseases - Malaria,TOTAL,25,19,6,0,25,0,0,0,NA,0,0,0,NA,NA,0,0,0,NA,NA,0,0,0,0,0,0,2,2,NA,NA,2,0,0,0,NA,0,0,0,NA,NA,0,0,0,0,0,0,0,0,0,NA,0,11,11,0,NA,11,1,1,0,0,1,0,0,0,NA,0,0,0,NA,NA,0,0,0,0,0,0,0,0,0,0,0,2,2,0,NA,2,1,1,0,0,1,0,0,0,NA,0,0,0,NA,NA,0,0,0,0,0,0,0,0,NA,NA,0,0,0,0,NA,0,2,0,2,NA,2,0,0,0,NA,0,0,0,0,NA,0,0,0,0,0,0,6,2,4,NA,6
M10 [Number of cases of Childhood Diseases (0-5 years)],10.11,Childhood Diseases - Diarrhoea,TOTAL,6526,6248,278,121,6405,127,127,0,NA,127,66,66,NA,NA,66,53,53,NA,NA,53,336,324,12,0,336,50,50,NA,NA,50,398,398,0,NA,398,159,159,NA,NA,159,1464,1460,4,0,1464,178,99,79,NA,178,188,188,0,NA,188,167,161,6,20,147,90,90,0,NA,90,338,338,NA,NA,338,181,181,0,0,181,171,168,3,96,75,153,153,0,NA,153,139,139,0,2,137,405,398,7,NA,405,60,60,NA,NA,60,326,295,31,0,326,118,118,NA,NA,118,438,438,0,NA,438,311,232,79,NA,311,260,256,4,NA,260,53,52,1,0,53,216,178,38,3,213,81,67,14,NA,81
M10 [Number of cases of Childhood Diseases (0-5 years)],10.12,Childhood Diseases - Diarrhoea treated in Inpatients,TOTAL,1359,1238,121,45,1314,5,5,0,NA,5,0,0,NA,NA,0,0,0,NA,NA,0,12,0,12,0,12,1,1,NA,NA,1,131,131,0,NA,131,14,14,NA,NA,14,318,318,0,0,318,4,4,0,NA,4,10,10,0,NA,10,117,111,6,6,111,105,105,0,NA,105,35,35,NA,NA,35,40,40,0,0,40,15,13,2,13,2,0,0,0,NA,0,2,2,0,0,2,88,55,33,26,62,10,10,NA,NA,10,33,33,0,0,33,48,48,NA,NA,48,146,146,0,NA,146,120,75,45,NA,120,53,53,0,NA,53,3,3,0,0,3,36,15,21,0,36,13,11,2,NA,13
M10 [Number of cases of Childhood Diseases (0-5 years)],10.13,Children admitted with upper respiratory infections,TOTAL,344,244,100,2,342,0,0,0,NA,0,0,0,NA,NA,0,0,0,NA,NA,0,3,0,3,0,3,0,0,NA,NA,0,12,12,0,NA,12,0,0,NA,NA,0,15,15,0,0,15,5,5,0,NA,5,2,2,0,NA,2,13,13,0,0,13,29,29,0,NA,29,0,0,NA,NA,0,16,16,0,0,16,1,1,0,0,1,0,0,0,NA,0,3,3,0,0,3,6,3,3,2,4,15,15,NA,NA,15,105,102,3,0,105,0,0,NA,NA,0,0,0,0,NA,0,95,19,76,NA,95,2,2,0,NA,2,2,2,0,0,2,15,0,15,0,15,5,5,0,NA,5
M10 [Number of cases of Childhood Diseases (0-5 years)],10.14,Childhood Diseases - Severe Acute Malnutrition (SAM),TOTAL,19,14,5,0,19,0,0,0,NA,0,0,0,NA,NA,0,2,2,NA,NA,2,0,0,0,0,0,0,0,NA,NA,0,1,1,0,NA,1,0,0,NA,NA,0,0,0,0,0,0,0,0,0,NA,0,0,0,0,NA,0,4,4,0,0,4,0,0,0,NA,0,0,0,NA,NA,0,7,7,0,0,7,0,0,0,0,0,0,0,0,NA,0,0,0,0,0,0,1,0,1,NA,1,0,0,NA,NA,0,0,0,0,0,0,0,0,NA,NA,0,0,0,0,NA,0,4,0,4,NA,4,0,0,0,NA,0,0,0,0,0,0,0,0,0,0,0,0,0,0,NA,0
M11 [NVBDCP],11.1.1.a,Total Blood Smears Examined for Malaria,TOTAL,105538,104927,611,2634,102904,3900,3900,0,NA,3900,3508,3508,NA,NA,3508,4932,4932,NA,1065,3867,4128,4094,34,0,4128,1763,1763,NA,NA,1763,835,832,3,NA,835,3234,3234,NA,NA,3234,3813,3813,0,0,3813,3550,3550,0,0,3550,903,903,0,NA,903,5096,4892,204,236,4860,2994,2976,18,NA,2994,5086,5086,NA,NA,5086,2966,2966,0,0,2966,2591,2546,45,1277,1314,11617,11617,0,NA,11617,2243,2243,0,0,2243,4658,4658,0,NA,4658,3531,3531,NA,NA,3531,4597,4438,159,0,4597,6149,6149,NA,NA,6149,7780,7780,0,2,7778,1976,1976,NA,NA,1976,4469,4454,15,0,4469,5315,5308,7,6,5309,1506,1428,78,48,1458,2398,2350,48,NA,2398
M11 [NVBDCP],11.1.1.b,Malaria (Microscopy Tests ) - Plasmodium Vivax test positive,TOTAL,35,28,7,6,29,0,0,0,NA,0,2,2,NA,NA,2,0,0,NA,NA,0,1,1,0,0,1,1,1,NA,NA,1,0,0,0,NA,0,0,0,NA,NA,0,0,0,0,0,0,0,0,0,0,0,1,1,0,NA,1,5,0,5,5,0,0,0,0,NA,0,0,0,NA,NA,0,0,0,0,0,0,0,0,0,0,0,0,0,0,NA,0,0,0,0,0,0,0,0,0,NA,0,0,0,NA,NA,0,22,22,0,0,22,0,0,NA,NA,0,0,0,0,NA,0,0,0,NA,NA,0,0,0,0,0,0,1,1,0,0,1,1,0,1,1,0,1,0,1,NA,1
M11 [NVBDCP],11.1.1.c,Malaria (Microscopy Tests ) - Plasmodium Falciparum test positive,TOTAL,38,26,12,9,29,0,0,0,NA,0,9,9,NA,NA,9,0,0,NA,NA,0,1,1,0,0,1,1,1,NA,NA,1,0,0,0,NA,0,0,0,NA,NA,0,0,0,0,0,0,0,0,0,0,0,0,0,0,NA,0,9,0,9,9,0,0,0,0,NA,0,1,1,NA,NA,1,0,0,0,0,0,0,0,0,0,0,0,0,0,NA,0,8,8,0,0,8,5,5,0,NA,5,0,0,NA,NA,0,0,0,0,0,0,0,0,NA,NA,0,0,0,0,NA,0,1,1,NA,NA,1,0,0,0,0,0,0,0,0,0,0,0,0,0,0,0,3,0,3,NA,3
M11 [NVBDCP],11.1.2.a,RDT conducted for Malaria,TOTAL,35866,35361,505,1061,34805,1937,1861,76,NA,1937,1763,1757,6,NA,1763,1788,1788,NA,342,1446,1506,1479,27,0,1506,304,304,NA,NA,304,529,527,2,NA,529,912,912,NA,NA,912,869,866,3,0,869,1407,1402,5,0,1407,806,800,6,NA,806,3743,3668,75,129,3614,656,653,3,NA,656,1546,1546,NA,NA,1546,1041,1041,0,0,1041,1269,1269,0,515,754,3033,3033,0,NA,3033,1105,1105,0,0,1105,749,691,58,NA,749,408,408,NA,NA,408,1740,1647,93,9,1731,1493,1493,NA,NA,1493,1916,1916,0,NA,1916,1044,1044,NA,NA,1044,1037,1028,9,18,1019,2199,2174,25,6,2193,610,550,60,42,568,456,399,57,NA,456
M11 [NVBDCP],11.1.2.b,Malaria (RDT) - Plasmodium Vivax test positive,TOTAL,39,33,6,7,32,0,0,0,NA,0,0,0,NA,NA,0,0,0,NA,NA,0,0,0,0,0,0,2,2,NA,NA,2,0,0,0,NA,0,0,0,NA,NA,0,4,4,0,0,4,0,0,0,NA,0,1,0,1,NA,1,7,2,5,5,2,0,0,0,NA,0,1,1,NA,NA,1,0,0,0,0,0,0,0,0,0,0,0,0,0,NA,0,8,8,0,2,6,9,9,0,NA,9,0,0,NA,NA,0,0,0,0,0,0,0,0,NA,NA,0,0,0,0,NA,0,0,0,NA,NA,0,0,0,0,0,0,2,2,0,0,2,0,0,0,0,0,5,5,0,NA,5
M11 [NVBDCP],11.1.2.c,Malaria (RDT) - Plamodium Falciparum test positive,TOTAL,114,112,2,4,110,0,0,0,NA,0,0,0,NA,NA,0,0,0,NA,NA,0,0,0,0,0,0,0,0,NA,NA,0,0,0,0,NA,0,0,0,NA,NA,0,0,0,0,0,0,0,0,0,NA,0,1,1,0,NA,1,3,1,2,2,1,0,0,0,NA,0,0,0,NA,NA,0,0,0,0,0,0,0,0,0,0,0,0,0,0,NA,0,6,6,0,2,4,0,0,0,NA,0,94,94,NA,NA,94,0,0,0,0,0,0,0,NA,NA,0,1,1,0,NA,1,1,1,NA,NA,1,0,0,0,0,0,0,0,0,0,0,0,0,0,0,0,8,8,0,NA,8
M11 [NVBDCP],11.2.1,Kala Azar (RDT) - Tests Conducted,TOTAL,88,88,0,18,70,0,0,0,NA,0,48,48,NA,NA,48,0,0,NA,NA,0,0,0,0,0,0,0,0,NA,NA,0,0,0,0,NA,0,22,22,NA,NA,22,0,0,0,0,0,0,0,0,NA,0,0,0,0,NA,0,0,0,0,0,0,0,0,0,NA,0,0,0,NA,NA,0,0,0,0,0,0,18,18,0,18,0,0,0,0,NA,0,0,0,NA,0,0,0,0,0,NA,0,0,0,NA,NA,0,0,0,0,0,0,0,0,NA,NA,0,0,0,0,NA,0,0,0,NA,NA,0,0,0,0,NA,0,0,0,0,NA,0,0,0,0,0,0,0,0,0,NA,0
M11 [NVBDCP],11.2.2,Kala Azar Positive Cases,TOTAL,0,0,0,0,0,0,0,0,NA,0,0,0,NA,NA,0,0,0,NA,NA,0,0,0,0,0,0,0,0,NA,NA,0,0,0,0,NA,0,0,0,NA,NA,0,0,0,0,0,0,0,0,0,NA,0,0,0,0,NA,0,0,0,0,0,0,0,0,0,NA,0,0,0,NA,NA,0,0,0,0,0,0,0,0,0,0,0,0,0,0,NA,0,0,0,NA,0,0,0,0,0,NA,0,0,0,NA,NA,0,0,0,0,0,0,0,0,NA,NA,0,0,0,0,NA,0,0,0,NA,NA,0,0,0,0,NA,0,0,0,0,NA,0,0,0,0,0,0,0,0,0,NA,0
M11 [NVBDCP],11.2.3,Post-kala-azar dermal leishmaniasis (PKDL) cases,TOTAL,0,0,0,0,0,0,0,0,NA,0,0,0,NA,NA,0,0,0,NA,NA,0,0,0,0,0,0,0,0,NA,NA,0,0,0,0,NA,0,0,0,NA,NA,0,0,0,0,0,0,0,0,0,NA,0,0,0,0,NA,0,0,0,0,0,0,0,0,0,NA,0,0,0,NA,NA,0,0,0,0,0,0,0,0,0,0,0,0,0,0,NA,0,0,0,NA,0,0,0,0,0,NA,0,0,0,NA,NA,0,0,0,0,0,0,0,0,NA,NA,0,0,0,0,NA,0,0,0,NA,NA,0,0,0,0,NA,0,0,0,0,NA,0,0,0,0,0,0,0,0,0,NA,0
M11 [NVBDCP],11.3.1,Dengue - RDT Test Positive,TOTAL,16,16,0,0,16,3,3,0,NA,3,0,0,NA,NA,0,0,0,NA,NA,0,0,0,0,0,0,0,0,NA,NA,0,0,0,0,NA,0,0,0,NA,NA,0,0,0,0,0,0,0,0,0,NA,0,0,0,0,NA,0,0,0,0,0,0,0,0,0,NA,0,0,0,NA,NA,0,2,2,0,0,2,0,0,0,0,0,0,0,0,NA,0,0,0,NA,0,0,0,0,0,NA,0,0,0,NA,NA,0,0,0,0,0,0,11,11,NA,NA,11,0,0,0,NA,0,0,0,NA,NA,0,0,0,0,NA,0,0,0,0,NA,0,0,0,0,0,0,0,0,0,NA,0
M11 [NVBDCP],11.3.2,Dengue - Enzyme- Linked Immuno Sorbent Assay (ELISA) Test Positive,TOTAL,6,6,NA,NA,6,0,0,NA,NA,0,0,0,NA,NA,0,NA,NA,NA,NA,NA,0,0,NA,NA,0,0,0,NA,NA,0,0,0,NA,NA,0,0,0,NA,NA,0,0,0,NA,NA,0,NA,NA,NA,NA,NA,0,0,NA,NA,0,0,0,NA,NA,0,0,0,NA,NA,0,0,0,NA,NA,0,0,0,NA,NA,0,0,0,NA,NA,0,0,0,NA,NA,0,0,0,NA,NA,0,0,0,NA,NA,0,0,0,NA,NA,0,1,1,NA,NA,1,0,0,NA,NA,0,5,5,NA,NA,5,0,0,NA,NA,0,0,0,NA,NA,0,0,0,NA,NA,0,0,0,NA,NA,0,NA,NA,NA,NA,NA
M11 [NVBDCP],11.4.1,Tests Conducted for JE,TOTAL,37,37,NA,NA,37,0,0,NA,NA,0,0,0,NA,NA,0,3,3,NA,NA,3,0,0,NA,NA,0,0,0,NA,NA,0,NA,NA,NA,NA,NA,0,0,NA,NA,0,0,0,NA,NA,0,NA,NA,NA,NA,NA,0,0,NA,NA,0,2,2,NA,NA,2,0,0,NA,NA,0,0,0,NA,NA,0,19,19,NA,NA,19,0,0,NA,NA,0,0,0,NA,NA,0,0,0,NA,NA,0,0,0,NA,NA,0,0,0,NA,NA,0,0,0,NA,NA,0,0,0,NA,NA,0,7,7,NA,NA,7,6,6,NA,NA,6,0,0,NA,NA,0,0,0,NA,NA,0,0,0,NA,NA,0,NA,NA,NA,NA,NA
M11 [NVBDCP],11.4.2,Tests Positive for JE,TOTAL,2,2,NA,NA,2,0,0,NA,NA,0,0,0,NA,NA,0,NA,NA,NA,NA,NA,0,0,NA,NA,0,0,0,NA,NA,0,NA,NA,NA,NA,NA,0,0,NA,NA,0,0,0,NA,NA,0,NA,NA,NA,NA,NA,0,0,NA,NA,0,0,0,NA,NA,0,0,0,NA,NA,0,0,0,NA,NA,0,2,2,NA,NA,2,0,0,NA,NA,0,0,0,NA,NA,0,0,0,NA,NA,0,0,0,NA,NA,0,0,0,NA,NA,0,0,0,NA,NA,0,0,0,NA,NA,0,0,0,NA,NA,0,0,0,NA,NA,0,0,0,NA,NA,0,0,0,NA,NA,0,0,0,NA,NA,0,NA,NA,NA,NA,NA
M12 [Adolscent Health],12.1.1.a,Girls registered in AFHC,TOTAL,1186,1186,0,32,1154,20,20,0,NA,20,0,0,NA,NA,0,0,0,NA,NA,0,16,16,0,0,16,0,0,NA,NA,0,178,178,0,NA,178,0,0,NA,NA,0,0,0,0,0,0,0,0,0,NA,0,0,0,0,NA,0,16,16,0,0,16,80,80,0,NA,80,2,2,NA,NA,2,8,8,0,0,8,175,175,0,32,143,141,141,0,NA,141,69,69,NA,NA,69,0,0,0,NA,0,191,191,NA,NA,191,11,11,0,0,11,45,45,NA,NA,45,120,120,0,NA,120,0,0,NA,NA,0,60,60,0,NA,60,0,0,0,NA,0,0,0,0,0,0,54,54,0,NA,54
M12 [Adolscent Health],12.1.1.b,Boys registered in AFHC,TOTAL,312,312,0,0,312,25,25,0,NA,25,0,0,NA,NA,0,0,0,NA,NA,0,0,0,0,0,0,0,0,NA,NA,0,2,2,0,NA,2,0,0,NA,NA,0,0,0,0,0,0,0,0,0,NA,0,0,0,0,NA,0,13,13,0,0,13,35,35,0,NA,35,0,0,NA,NA,0,3,3,0,0,3,18,18,0,0,18,85,85,0,NA,85,4,4,NA,NA,4,0,0,0,NA,0,25,25,NA,NA,25,8,8,0,0,8,0,0,NA,NA,0,13,13,0,NA,13,0,0,NA,NA,0,50,50,0,NA,50,0,0,0,NA,0,0,0,0,0,0,31,31,0,NA,31
M12 [Adolscent Health],12.1.2.a,"Out of registered, Girls received clinical services",TOTAL,1004,1004,0,11,993,9,9,0,NA,9,0,0,NA,NA,0,0,0,NA,NA,0,16,16,0,0,16,0,0,NA,NA,0,178,178,0,NA,178,0,0,NA,NA,0,0,0,0,0,0,0,0,0,NA,0,0,0,0,NA,0,0,0,0,0,0,16,16,0,NA,16,2,2,NA,NA,2,7,7,0,0,7,149,149,0,11,138,141,141,0,NA,141,12,12,NA,NA,12,0,0,0,NA,0,153,153,NA,NA,153,14,14,0,0,14,45,45,NA,NA,45,180,180,0,NA,180,28,28,NA,NA,28,0,0,0,NA,0,0,0,0,NA,0,0,0,0,0,0,54,54,0,NA,54
M12 [Adolscent Health],12.1.2.b,"Out of registered, Boys received clinical services",TOTAL,239,239,0,0,239,8,8,0,NA,8,0,0,NA,NA,0,0,0,NA,NA,0,0,0,0,0,0,0,0,NA,NA,0,2,2,0,NA,2,0,0,NA,NA,0,0,0,0,0,0,0,0,0,NA,0,0,0,0,NA,0,0,0,0,0,0,11,11,0,NA,11,0,0,NA,NA,0,1,1,0,0,1,18,18,0,0,18,85,85,0,NA,85,0,0,NA,NA,0,0,0,0,NA,0,9,9,NA,NA,9,6,6,0,0,6,0,0,NA,NA,0,39,39,0,NA,39,29,29,NA,NA,29,0,0,0,NA,0,0,0,0,NA,0,0,0,0,0,0,31,31,0,NA,31
M12 [Adolscent Health],12.1.3.a,"Out of registered, Girls received counselling",TOTAL,1069,1069,0,29,1040,20,20,0,NA,20,0,0,NA,NA,0,0,0,NA,NA,0,16,16,0,0,16,0,0,NA,NA,0,178,178,0,NA,178,0,0,NA,NA,0,0,0,0,0,0,0,0,0,NA,0,0,0,0,NA,0,0,0,0,0,0,76,76,0,NA,76,2,2,NA,NA,2,4,4,0,0,4,172,172,0,29,143,141,141,0,NA,141,57,57,NA,NA,57,0,0,0,NA,0,191,191,NA,NA,191,20,20,0,0,20,45,45,NA,NA,45,87,87,0,NA,87,6,6,NA,NA,6,0,0,0,NA,0,0,0,0,NA,0,0,0,0,0,0,54,54,0,NA,54
M12 [Adolscent Health],12.1.3.b,"Out of registered, Boys received counselling",TOTAL,252,252,0,0,252,25,25,0,NA,25,0,0,NA,NA,0,0,0,NA,NA,0,0,0,0,0,0,0,0,NA,NA,0,2,2,0,NA,2,0,0,NA,NA,0,0,0,0,0,0,0,0,0,NA,0,0,0,0,NA,0,0,0,0,0,0,31,31,0,NA,31,0,0,NA,NA,0,1,1,0,0,1,18,18,0,0,18,85,85,0,NA,85,4,4,NA,NA,4,0,0,0,NA,0,25,25,NA,NA,25,8,8,0,0,8,0,0,NA,NA,0,19,19,0,NA,19,3,3,NA,NA,3,0,0,0,NA,0,0,0,0,NA,0,0,0,0,0,0,31,31,0,NA,31
"M13 [Directly Observed Treatment, Short-course (DOTS)]",13.1,Number of on-going DOTS patients registered,TOTAL,3278,2867,411,218,3060,88,88,0,NA,88,87,87,NA,NA,87,13,13,NA,NA,13,39,39,0,0,39,96,96,NA,NA,96,26,26,0,NA,26,14,14,NA,NA,14,173,173,0,0,173,237,237,0,NA,237,34,34,0,NA,34,126,126,0,0,126,135,135,0,NA,135,107,107,NA,NA,107,220,220,0,0,220,223,223,0,218,5,94,94,0,NA,94,183,183,NA,NA,183,63,52,11,NA,63,141,141,NA,NA,141,83,76,7,0,83,73,73,NA,NA,73,185,185,0,NA,185,56,56,NA,NA,56,47,35,12,NA,47,142,86,56,NA,142,477,181,296,0,477,116,87,29,NA,116
"M13 [Directly Observed Treatment, Short-course (DOTS)]",13.2,Number of DOTS cases completed successfully,TOTAL,856,782,74,42,814,25,25,0,NA,25,9,9,NA,NA,9,2,2,NA,NA,2,38,38,0,0,38,1,1,NA,NA,1,5,5,0,NA,5,7,7,NA,NA,7,39,39,0,0,39,76,76,0,NA,76,20,20,0,NA,20,28,28,0,0,28,60,60,0,NA,60,14,14,NA,NA,14,69,69,0,0,69,42,42,0,40,2,51,51,0,NA,51,27,27,NA,NA,27,15,14,1,NA,15,56,56,NA,NA,56,3,2,1,0,3,3,3,NA,NA,3,54,54,0,NA,54,12,12,NA,NA,12,23,20,3,NA,23,39,28,11,NA,39,105,58,47,2,103,33,22,11,NA,33
M14 [Patient Services],14.1.1,Outpatient - Diabetes,TOTAL,8387,7410,977,660,7727,80,80,0,NA,80,701,701,NA,NA,701,51,51,NA,NA,51,217,162,55,29,188,66,66,NA,NA,66,266,266,0,NA,266,79,79,NA,NA,79,210,210,0,12,198,437,320,117,NA,437,77,75,2,NA,77,248,108,140,158,90,273,266,7,NA,273,189,189,NA,NA,189,502,502,0,0,502,509,407,102,270,239,863,863,0,NA,863,31,31,0,0,31,699,627,72,25,674,52,52,NA,NA,52,207,196,11,0,207,186,186,0,NA,186,888,877,11,9,879,490,490,NA,NA,490,333,298,35,NA,333,219,169,50,10,209,385,77,308,147,238,129,62,67,NA,129
M14 [Patient Services],14.1.2,Outpatient - Hypertension,TOTAL,22614,18755,3859,1518,21096,482,482,0,NA,482,710,710,NA,NA,710,252,252,NA,NA,252,817,386,431,53,764,226,226,NA,NA,226,705,705,0,NA,705,370,370,NA,NA,370,627,627,0,31,596,1944,1155,789,NA,1944,234,230,4,NA,234,521,439,82,123,398,821,765,56,NA,821,295,295,NA,NA,295,1141,1141,0,0,1141,1490,922,568,1112,378,1647,1647,0,NA,1647,155,155,0,2,153,2335,2195,140,50,2285,272,272,NA,NA,272,690,525,165,0,690,305,305,0,NA,305,2245,1924,321,8,2237,801,801,NA,NA,801,1019,851,168,NA,1019,1103,780,323,53,1050,967,335,632,86,881,440,260,180,NA,440
M14 [Patient Services],14.1.3,Outpatient - Stroke (Paralysis),TOTAL,591,522,69,34,557,2,2,0,NA,2,9,9,NA,NA,9,0,0,NA,NA,0,6,3,3,0,6,0,0,NA,NA,0,290,290,0,NA,290,14,14,NA,NA,14,45,45,0,0,45,7,3,4,NA,7,14,14,0,NA,14,4,0,4,4,0,0,0,0,NA,0,1,1,NA,NA,1,35,35,0,0,35,27,6,21,21,6,4,4,0,NA,4,3,3,0,0,3,41,38,3,NA,41,5,5,NA,NA,5,2,0,2,0,2,1,1,0,NA,1,12,12,0,0,12,10,10,NA,NA,10,12,8,4,NA,12,15,4,11,0,15,21,5,16,9,12,11,10,1,NA,11
M14 [Patient Services],14.1.4,Outpatient - Acute Heart Diseases,TOTAL,2042,1634,408,355,1687,0,0,0,NA,0,26,26,NA,NA,26,35,35,NA,NA,35,12,8,4,0,12,0,0,NA,NA,0,93,93,0,NA,93,23,23,NA,NA,23,36,36,0,1,35,29,11,18,NA,29,10,10,0,NA,10,98,0,98,98,0,2,2,0,NA,2,11,11,NA,NA,11,1057,1057,0,0,1057,228,7,221,223,5,36,36,0,NA,36,7,7,0,0,7,81,81,0,NA,81,3,3,NA,NA,3,16,16,0,0,16,40,40,0,NA,40,62,62,0,0,62,3,3,NA,NA,3,15,13,2,NA,15,28,12,16,0,28,70,22,48,33,37,21,20,1,NA,21
M14 [Patient Services],14.1.5,Outpatient - Mental illness,TOTAL,2332,1872,460,359,1973,2,2,0,NA,2,1,1,NA,NA,1,62,62,NA,NA,62,3,1,2,0,3,2,2,NA,NA,2,278,278,0,NA,278,10,10,NA,NA,10,6,6,0,2,4,22,5,17,NA,22,9,9,0,NA,9,507,493,14,14,493,300,300,0,NA,300,2,2,NA,NA,2,184,184,0,0,184,352,11,341,343,9,1,1,0,NA,1,5,5,0,0,5,49,49,0,NA,49,2,2,NA,NA,2,246,244,2,0,246,134,134,0,NA,134,33,23,10,0,33,10,10,NA,NA,10,9,4,5,NA,9,34,3,31,0,34,55,30,25,0,55,14,1,13,NA,14
M14 [Patient Services],14.1.6,Outpatient - Epilepsy,TOTAL,354,139,215,13,341,1,1,0,NA,1,0,0,NA,NA,0,0,0,NA,NA,0,2,0,2,0,2,1,1,NA,NA,1,10,10,0,NA,10,12,12,NA,NA,12,0,0,0,0,0,41,4,37,NA,41,12,12,0,NA,12,12,12,0,0,12,3,3,0,NA,3,0,0,NA,NA,0,14,14,0,0,14,12,0,12,12,0,1,1,0,NA,1,2,2,0,0,2,20,20,0,NA,20,2,2,NA,NA,2,17,2,15,0,17,1,1,0,NA,1,10,9,1,0,10,0,0,NA,NA,0,25,1,24,NA,25,50,2,48,0,50,82,10,72,1,81,24,20,4,NA,24
M14 [Patient Services],14.1.7,Outpatient - Ophthalmic Related,TOTAL,23780,23293,487,96,23684,506,506,0,NA,506,884,884,NA,NA,884,147,147,NA,NA,147,368,368,0,0,368,118,118,NA,NA,118,1318,1318,0,NA,1318,179,179,NA,NA,179,2572,2572,0,42,2530,198,102,96,NA,198,710,710,0,NA,710,3619,3619,0,11,3608,1210,1192,18,NA,1210,332,332,NA,NA,332,1343,1343,0,0,1343,1648,1648,0,34,1614,1140,1140,0,NA,1140,354,354,0,0,354,1273,1191,82,NA,1273,255,255,NA,NA,255,348,269,79,0,348,802,802,0,NA,802,1959,1927,32,8,1951,1467,1467,NA,NA,1467,85,73,12,NA,85,193,133,60,NA,193,169,63,106,1,168,583,581,2,NA,583
M14 [Patient Services],14.1.8,Outpatient - Dental,TOTAL,22039,21277,762,520,21519,237,237,0,NA,237,341,341,NA,NA,341,380,380,NA,NA,380,1313,1285,28,18,1295,230,230,NA,NA,230,895,895,0,NA,895,501,501,NA,NA,501,1757,1757,0,23,1734,219,121,98,NA,219,99,99,0,NA,99,1021,988,33,44,977,774,768,6,NA,774,145,145,NA,NA,145,2039,2039,0,0,2039,868,657,211,388,480,1069,1069,0,NA,1069,199,199,0,12,187,1250,1147,103,NA,1250,444,444,NA,NA,444,859,811,48,0,859,779,779,0,NA,779,1202,1180,22,10,1192,2390,2390,NA,NA,2390,555,548,7,NA,555,1784,1729,55,NA,1784,359,217,142,25,334,330,321,9,NA,330
M14 [Patient Services],14.1.9,Outpatient - Oncology,TOTAL,270,234,36,6,264,0,0,NA,NA,0,0,0,NA,NA,0,0,0,NA,NA,0,30,0,30,0,30,0,0,NA,NA,0,0,0,NA,NA,0,0,0,NA,NA,0,4,4,NA,NA,4,0,0,0,NA,0,0,0,NA,NA,0,6,0,6,6,0,0,0,NA,NA,0,0,0,NA,NA,0,0,0,0,0,0,211,211,NA,0,211,0,0,0,NA,0,2,2,NA,NA,2,0,0,0,NA,0,0,0,NA,NA,0,4,4,0,0,4,0,0,NA,NA,0,12,12,0,NA,12,0,0,NA,NA,0,0,0,0,NA,0,1,1,0,NA,1,0,0,0,0,0,0,0,NA,NA,0
M14 [Patient Services],14.2.1,Allopathic- Outpatient attendance,TOTAL,2256041,1831096,424945,72262,2183779,39840,37568,2272,NA,39840,96279,95088,1191,NA,96279,50677,50677,NA,2266,48411,112619,97261,15358,1607,111012,24414,24414,NA,NA,24414,60466,58918,1548,NA,60466,37146,37146,NA,NA,37146,102671,101965,706,3092,99579,174358,98205,76153,6034,168324,12953,12823,130,NA,12953,77322,69140,8182,10571,66751,80826,59568,21258,NA,80826,27727,27727,NA,NA,27727,110030,82985,27045,9954,100076,101767,100156,1611,28361,73406,94046,94046,0,NA,94046,35189,35119,70,115,35074,69536,64764,4772,1131,68405,38721,38721,NA,NA,38721,75273,67278,7995,1364,73909,72776,71344,1432,NA,72776,169398,158253,11145,996,168402,60992,60992,NA,NA,60992,120869,78267,42602,2027,118842,245860,114753,131107,770,245090,109911,58717,51194,3974,105937,54375,35201,19174,NA,54375
M14 [Patient Services],14.2.2,Ayush - Outpatient attendance,TOTAL,159888,159559,329,3238,156650,8653,8653,0,NA,8653,4054,4054,NA,NA,4054,1734,1734,NA,NA,1734,673,673,0,0,673,89,89,NA,NA,89,3569,3569,0,NA,3569,5392,5392,NA,NA,5392,17894,17894,0,0,17894,2052,1812,240,NA,2052,1129,1129,0,NA,1129,18106,18106,0,854,17252,3925,3925,0,NA,3925,0,0,NA,NA,0,1412,1412,0,0,1412,9349,9349,0,2384,6965,28729,28729,0,NA,28729,4924,4924,NA,0,4924,3946,3946,0,NA,3946,3589,3589,NA,NA,3589,1414,1414,0,0,1414,5079,5079,NA,NA,5079,7324,7324,0,NA,7324,10930,10930,NA,NA,10930,2903,2903,0,NA,2903,8860,8860,0,NA,8860,2175,2175,0,0,2175,1984,1895,89,NA,1984
M14 [Patient Services],14.3.1.a,Inpatient (Male)- Children<18yrs,TOTAL,8299,7062,1237,418,7881,14,8,6,NA,14,403,381,22,NA,403,33,33,NA,NA,33,884,818,66,0,884,20,20,NA,NA,20,244,244,0,NA,244,45,45,NA,NA,45,616,616,0,0,616,588,358,230,15,573,84,83,1,NA,84,436,166,270,270,166,457,428,29,NA,457,108,108,NA,NA,108,463,436,27,0,463,151,140,11,23,128,70,70,0,NA,70,169,169,0,0,169,623,484,139,44,579,106,106,NA,NA,106,509,500,9,0,509,395,395,NA,NA,395,367,366,1,NA,367,235,235,NA,NA,235,248,174,74,NA,248,561,470,91,NA,561,441,198,243,66,375,29,11,18,NA,29
M14 [Patient Services],14.3.1.b,Inpatient (Male)- Adults,TOTAL,27932,23491,4441,1645,26287,165,150,15,NA,165,919,885,34,NA,919,268,268,NA,NA,268,1099,949,150,0,1099,70,70,NA,NA,70,708,708,0,NA,708,187,187,NA,NA,187,856,856,0,0,856,2800,2087,713,486,2314,295,281,14,NA,295,1318,645,673,673,645,1386,1284,102,NA,1386,459,459,NA,NA,459,1289,1203,86,0,1289,4185,3989,196,217,3968,436,436,0,NA,436,448,447,1,1,447,714,593,121,1,713,482,482,NA,NA,482,1386,1354,32,0,1386,933,933,NA,NA,933,1833,1831,2,NA,1833,385,385,NA,NA,385,1011,736,275,NA,1011,2415,1786,629,NA,2415,1432,312,1120,267,1165,453,175,278,NA,453
M14 [Patient Services],14.3.2.a,Inpatient (Female)- Children<18yrs,TOTAL,8473,7293,1180,330,8143,28,22,6,NA,28,510,498,12,NA,510,40,40,NA,NA,40,1725,1622,103,21,1704,17,17,NA,NA,17,208,208,0,NA,208,31,31,NA,NA,31,452,452,0,0,452,463,222,241,12,451,81,81,0,NA,81,335,140,195,195,140,431,401,30,NA,431,241,241,NA,NA,241,359,349,10,0,359,86,79,7,27,59,123,123,0,NA,123,193,193,0,0,193,548,442,106,23,525,31,31,NA,NA,31,537,529,8,0,537,433,433,NA,NA,433,258,258,0,NA,258,194,194,NA,NA,194,225,131,94,NA,225,437,338,99,NA,437,445,197,248,52,393,42,21,21,NA,42
M14 [Patient Services],14.3.2.b,Inpatient (Female)- Adults,TOTAL,56804,49708,7096,2927,53877,898,869,29,NA,898,1923,1764,159,NA,1923,924,924,NA,NA,924,3402,2614,788,236,3166,460,460,NA,NA,460,1600,1600,0,NA,1600,704,704,NA,NA,704,2641,2641,0,0,2641,3762,2839,923,559,3203,455,444,11,NA,455,2933,2044,889,932,2001,2025,1842,183,NA,2025,1640,1640,NA,NA,1640,1854,1769,85,0,1854,6322,5807,515,598,5724,1268,1268,0,NA,1268,1003,998,5,5,998,2033,1694,339,93,1940,1384,1384,NA,NA,1384,2316,2216,100,0,2316,1479,1479,NA,NA,1479,4066,4065,1,NA,4066,997,997,NA,NA,997,2067,1637,430,NA,2067,4843,4114,729,NA,4843,3302,1563,1739,504,2798,503,332,171,NA,503
M14 [Patient Services],14.3.3,Number of Left Against Medical Advice (LAMA) cases,TOTAL,1568,1550,18,0,1568,5,5,0,NA,5,0,0,NA,NA,0,126,126,NA,NA,126,73,73,0,0,73,1,1,NA,NA,1,117,117,NA,NA,117,0,0,NA,NA,0,0,0,0,0,0,0,0,0,NA,0,7,7,0,NA,7,211,211,0,0,211,7,3,4,NA,7,16,16,NA,NA,16,12,12,0,0,12,5,5,0,0,5,7,7,0,NA,7,18,18,0,0,18,12,0,12,NA,12,14,14,NA,NA,14,147,147,0,0,147,20,20,NA,NA,20,353,353,0,NA,353,169,169,NA,NA,169,76,76,0,NA,76,43,43,0,NA,43,2,0,2,0,2,127,127,0,NA,127
M14 [Patient Services],14.4.1,Inpatient - Malaria,TOTAL,254,246,8,6,248,1,0,1,NA,1,0,0,NA,NA,0,2,2,NA,NA,2,1,0,1,0,1,2,2,NA,NA,2,29,29,0,NA,29,0,0,NA,NA,0,0,0,0,0,0,0,0,0,NA,0,4,4,0,NA,4,6,1,5,5,1,0,0,0,NA,0,0,0,NA,NA,0,0,0,0,0,0,3,3,0,0,3,0,0,0,NA,0,15,14,1,1,14,0,0,0,NA,0,6,6,NA,NA,6,0,0,0,0,0,185,185,NA,NA,185,0,0,0,NA,0,0,0,NA,NA,0,0,0,0,NA,0,0,0,0,NA,0,0,0,0,0,0,0,0,0,NA,0
M14 [Patient Services],14.4.2,Inpatient - Dengue,TOTAL,147,147,0,0,147,0,0,0,NA,0,0,0,NA,NA,0,0,0,NA,NA,0,0,0,0,0,0,0,0,NA,NA,0,0,0,0,NA,0,0,0,NA,NA,0,0,0,0,0,0,0,0,0,NA,0,0,0,0,NA,0,0,0,0,0,0,0,0,0,NA,0,0,0,NA,NA,0,2,2,0,0,2,0,0,0,0,0,0,0,0,NA,0,2,2,0,0,2,0,0,0,NA,0,0,0,NA,NA,0,1,1,0,0,1,140,140,NA,NA,140,0,0,0,NA,0,0,0,NA,NA,0,0,0,0,NA,0,0,0,0,NA,0,2,2,0,0,2,0,0,0,NA,0
M14 [Patient Services],14.4.3,Inpatient - Typhoid,TOTAL,193,169,24,23,170,0,0,0,NA,0,1,1,NA,NA,1,0,0,NA,NA,0,1,0,1,0,1,3,3,NA,NA,3,0,0,0,NA,0,2,2,NA,NA,2,1,1,0,0,1,0,0,0,NA,0,11,11,0,NA,11,13,1,12,12,1,0,0,0,NA,0,0,0,NA,NA,0,7,7,0,0,7,7,0,7,7,0,0,0,0,NA,0,9,9,0,0,9,0,0,0,NA,0,3,3,NA,NA,3,10,10,0,0,10,118,118,NA,NA,118,0,0,0,NA,0,0,0,NA,NA,0,0,0,0,NA,0,0,0,0,NA,0,5,1,4,4,1,2,2,0,NA,2
M14 [Patient Services],14.4.4,"Inpatient - Asthma, Chronic Obstructive Pulmonary Disease (COPD), Respiratory infections",TOTAL,2234,1868,366,218,2016,0,0,0,NA,0,9,3,6,NA,9,10,10,NA,NA,10,6,0,6,0,6,2,2,NA,NA,2,73,73,0,NA,73,29,29,NA,NA,29,21,21,0,0,21,0,0,0,NA,0,19,19,0,NA,19,112,26,86,86,26,198,193,5,NA,198,18,18,NA,NA,18,595,595,0,0,595,116,10,106,106,10,19,19,0,NA,19,28,28,0,0,28,278,254,24,NA,278,23,23,NA,NA,23,56,48,8,0,56,184,184,NA,NA,184,125,125,0,NA,125,117,117,NA,NA,117,26,19,7,NA,26,29,10,19,NA,29,108,14,94,26,82,33,28,5,NA,33
M14 [Patient Services],14.4.5,Inpatient - Tuberculosis,TOTAL,335,256,79,11,324,1,0,1,NA,1,4,3,1,NA,4,0,0,NA,NA,0,0,0,0,0,0,0,0,NA,NA,0,7,7,0,NA,7,4,4,NA,NA,4,2,2,0,0,2,45,45,0,NA,45,1,1,0,NA,1,14,8,6,6,8,10,10,0,NA,10,0,0,NA,NA,0,39,39,0,0,39,2,0,2,2,0,13,13,0,NA,13,7,7,0,0,7,12,12,0,NA,12,12,12,NA,NA,12,11,10,1,0,11,43,43,NA,NA,43,15,15,0,NA,15,3,3,NA,NA,3,17,12,5,NA,17,7,0,7,NA,7,55,10,45,3,52,11,0,11,NA,11
M14 [Patient Services],14.4.6,Inpatient - Pyrexia of unknown origin (PUO),TOTAL,824,696,128,23,801,0,0,0,NA,0,17,16,1,NA,17,0,0,NA,NA,0,18,6,12,0,18,0,0,NA,NA,0,21,21,0,NA,21,3,3,NA,NA,3,33,33,0,0,33,0,0,0,NA,0,32,32,0,NA,32,29,17,12,12,17,0,0,0,NA,0,0,0,NA,NA,0,37,37,0,0,37,84,84,0,7,77,37,37,0,NA,37,78,78,0,0,78,195,182,13,NA,195,8,8,NA,NA,8,3,0,3,0,3,16,16,NA,NA,16,33,33,0,NA,33,38,38,NA,NA,38,42,39,3,NA,42,25,13,12,NA,25,69,3,66,4,65,6,0,6,NA,6
M14 [Patient Services],14.4.7,Inpatient - Diarrhea with dehydration,TOTAL,2128,1861,267,146,1982,12,10,2,NA,12,11,7,4,NA,11,6,6,NA,NA,6,24,1,23,0,24,9,9,NA,NA,9,102,102,0,NA,102,20,20,NA,NA,20,62,62,0,0,62,7,7,0,NA,7,67,67,0,NA,67,111,28,83,83,28,140,133,7,NA,140,164,164,NA,NA,164,38,38,0,0,38,60,48,12,30,30,37,37,0,NA,37,144,144,0,0,144,189,183,6,NA,189,15,15,NA,NA,15,57,46,11,0,57,307,307,NA,NA,307,102,102,0,NA,102,137,137,NA,NA,137,129,120,9,NA,129,38,23,15,NA,38,104,15,89,33,71,36,30,6,NA,36
M14 [Patient Services],14.4.8,Inpatient - Hepatitis,TOTAL,40,20,20,10,30,0,0,0,NA,0,0,0,NA,NA,0,1,1,NA,NA,1,0,0,0,0,0,0,0,NA,NA,0,0,0,0,NA,0,1,1,NA,NA,1,2,2,0,0,2,0,0,0,NA,0,2,2,0,NA,2,7,2,5,5,2,4,4,0,NA,4,0,0,NA,NA,0,0,0,0,0,0,5,0,5,5,0,0,0,0,NA,0,2,2,0,0,2,0,0,0,NA,0,1,1,NA,NA,1,0,0,0,0,0,0,0,NA,NA,0,5,5,0,NA,5,0,0,NA,NA,0,0,0,0,NA,0,0,0,0,NA,0,10,0,10,0,10,0,0,0,NA,0
M14 [Patient Services],14.5,Patients registered at Emergency Department,TOTAL,52793,52448,345,207,52586,122,122,NA,NA,122,1283,1283,NA,NA,1283,817,817,NA,NA,817,228,98,130,0,228,341,341,NA,NA,341,4546,4546,NA,NA,4546,1611,1611,NA,NA,1611,0,0,NA,NA,0,706,706,0,NA,706,786,786,NA,NA,786,623,422,201,201,422,616,616,NA,NA,616,33,33,NA,NA,33,5496,5496,0,0,5496,10133,10133,NA,0,10133,2205,2205,0,NA,2205,28,28,NA,NA,28,2157,2157,0,NA,2157,1378,1378,NA,NA,1378,4036,4036,0,0,4036,2132,2132,NA,NA,2132,2563,2563,0,NA,2563,1061,1061,NA,NA,1061,5276,5276,0,NA,5276,3685,3685,0,NA,3685,126,112,14,6,120,805,805,NA,NA,805
M14 [Patient Services],14.6.1,"Emergency - Trauma ( accident, injury, poisoning etc)",TOTAL,5822,5779,43,235,5587,110,110,NA,NA,110,0,0,NA,NA,0,23,23,NA,NA,23,9,7,2,0,9,14,14,NA,NA,14,773,773,NA,NA,773,210,210,NA,NA,210,163,163,NA,NA,163,32,32,0,NA,32,75,75,NA,NA,75,403,377,26,26,377,271,271,NA,NA,271,38,38,NA,NA,38,110,110,0,0,110,851,851,NA,198,653,6,6,0,NA,6,227,227,NA,NA,227,178,177,1,NA,178,421,421,NA,NA,421,682,682,0,0,682,55,55,NA,NA,55,437,437,0,NA,437,142,142,NA,NA,142,231,231,0,NA,231,166,166,0,NA,166,90,77,13,11,79,105,104,1,NA,105
M14 [Patient Services],14.6.2,Emergency - Burn,TOTAL,262,253,9,16,246,0,0,NA,NA,0,0,0,NA,NA,0,9,9,NA,NA,9,1,0,1,0,1,0,0,NA,NA,0,16,16,NA,NA,16,6,6,NA,NA,6,7,7,NA,NA,7,0,0,0,NA,0,2,2,NA,NA,2,17,13,4,4,13,11,11,NA,NA,11,0,0,NA,NA,0,23,23,0,0,23,12,12,NA,12,0,1,1,0,NA,1,14,14,NA,NA,14,2,1,1,NA,2,7,7,NA,NA,7,7,7,0,0,7,4,4,NA,NA,4,36,36,0,NA,36,41,41,NA,NA,41,21,21,0,NA,21,11,11,0,NA,11,6,3,3,0,6,8,8,NA,NA,8
M14 [Patient Services],14.6.3,Emergency - Obstetrics complications,TOTAL,2371,2313,58,60,2311,8,8,NA,NA,8,25,0,25,NA,25,0,0,NA,NA,0,3,1,2,0,3,8,8,NA,NA,8,18,18,NA,NA,18,24,24,NA,NA,24,400,400,NA,NA,400,2,2,0,NA,2,14,14,NA,NA,14,28,12,16,16,12,39,39,NA,NA,39,0,0,NA,NA,0,552,552,0,0,552,250,250,NA,29,221,25,25,0,NA,25,96,96,NA,NA,96,18,18,0,NA,18,45,45,NA,NA,45,0,0,0,0,0,74,74,NA,NA,74,131,131,0,NA,131,219,219,NA,NA,219,358,358,0,NA,358,3,3,0,NA,3,31,16,15,15,16,0,0,NA,NA,0
M14 [Patient Services],14.6.4,Emergency - Snake Bite,TOTAL,59,59,0,0,59,0,0,NA,NA,0,0,0,NA,NA,0,0,0,NA,NA,0,0,0,0,0,0,0,0,NA,NA,0,2,2,NA,NA,2,0,0,NA,NA,0,0,0,NA,NA,0,0,0,0,NA,0,0,0,NA,NA,0,0,0,0,0,0,3,3,NA,NA,3,0,0,NA,NA,0,5,5,0,0,5,0,0,NA,0,0,0,0,0,NA,0,0,0,NA,NA,0,1,1,0,NA,1,1,1,NA,NA,1,0,0,0,0,0,0,0,NA,NA,0,32,32,0,NA,32,2,2,NA,NA,2,3,3,0,NA,3,5,5,0,NA,5,4,4,0,0,4,1,1,NA,NA,1
M14 [Patient Services],14.6.5,Emergency - Acute Caridiac Emergencies,TOTAL,199,160,39,13,186,0,0,NA,NA,0,0,0,NA,NA,0,1,1,NA,NA,1,3,0,3,0,3,0,0,NA,NA,0,13,13,NA,NA,13,6,6,NA,NA,6,3,3,NA,NA,3,0,0,0,NA,0,4,4,NA,NA,4,27,16,11,11,16,0,0,NA,NA,0,0,0,NA,NA,0,7,7,0,0,7,3,3,NA,2,1,0,0,0,NA,0,0,0,NA,NA,0,2,2,0,NA,2,4,4,NA,NA,4,2,2,0,0,2,0,0,NA,NA,0,5,5,0,NA,5,21,21,NA,NA,21,72,72,0,NA,72,0,0,0,NA,0,25,0,25,0,25,1,1,NA,NA,1
M14 [Patient Services],14.6.7,Emergency - CVA ( Cerebovascular Disease),TOTAL,583,539,44,10,573,2,2,NA,NA,2,0,0,NA,NA,0,10,10,NA,NA,10,0,0,0,0,0,0,0,NA,NA,0,21,21,NA,NA,21,23,23,NA,NA,23,0,0,NA,NA,0,4,4,0,NA,4,15,15,NA,NA,15,12,4,8,8,4,63,63,NA,NA,63,0,0,NA,NA,0,2,2,0,0,2,45,45,NA,2,43,0,0,0,NA,0,12,12,NA,NA,12,21,17,4,NA,21,59,59,NA,NA,59,27,27,0,0,27,0,0,NA,NA,0,95,95,0,NA,95,47,47,NA,NA,47,82,82,0,NA,82,0,0,0,NA,0,41,9,32,0,41,2,2,NA,NA,2
M14 [Patient Services],14.7,Number of deaths occurring at Emergency Department,TOTAL,46,46,0,0,46,1,1,NA,NA,1,0,0,NA,NA,0,0,0,NA,NA,0,0,0,0,0,0,0,0,NA,NA,0,4,4,NA,NA,4,2,2,NA,NA,2,0,0,NA,NA,0,0,0,0,NA,0,3,3,NA,NA,3,0,0,0,0,0,0,0,NA,NA,0,0,0,NA,NA,0,0,0,0,0,0,0,0,NA,0,0,0,0,0,NA,0,0,0,NA,NA,0,0,0,0,NA,0,1,1,NA,NA,1,3,3,0,0,3,0,0,NA,NA,0,1,1,0,NA,1,0,0,NA,NA,0,9,9,0,NA,9,20,20,0,NA,20,0,0,0,0,0,2,2,NA,NA,2
M14 [Patient Services],14.8.1,Operation major (General and spinal anaesthesia),TOTAL,5672,4320,1352,1202,4470,0,0,0,NA,0,158,55,103,NA,158,52,52,NA,NA,52,161,152,9,5,156,3,3,NA,NA,3,44,44,0,NA,44,277,277,NA,NA,277,151,151,0,0,151,205,0,205,205,0,69,69,0,NA,69,470,140,330,330,140,66,66,0,NA,66,0,0,NA,NA,0,348,348,0,0,348,2102,1512,590,590,1512,6,6,0,NA,6,30,30,0,0,30,89,47,42,9,80,202,202,NA,NA,202,43,43,0,0,43,79,79,0,NA,79,53,53,0,NA,53,5,5,NA,NA,5,76,76,0,NA,76,623,617,6,NA,623,356,293,63,63,293,4,0,4,NA,4
M14 [Patient Services],14.8.2,"Out of Operation major, Gynecology- Hysterectomy surgeries",TOTAL,455,88,367,318,137,0,0,0,NA,0,10,4,6,NA,10,4,4,NA,NA,4,7,1,6,3,4,0,0,NA,NA,0,0,0,0,NA,0,20,20,NA,NA,20,4,4,0,0,4,20,0,20,20,0,0,0,0,NA,0,13,0,13,13,0,0,0,0,NA,0,0,0,NA,NA,0,0,0,0,0,0,282,2,280,280,2,0,0,0,NA,0,1,1,0,0,1,33,0,33,0,33,5,5,NA,NA,5,6,6,0,0,6,3,3,0,NA,3,4,4,0,NA,4,0,0,NA,NA,0,0,0,0,NA,0,28,22,6,NA,28,14,12,2,2,12,1,0,1,NA,1
M14 [Patient Services],14.8.3,"Major Surgeries excluding Obstetrics, Gynaecology and Opthalmology etc.",TOTAL,2499,2499,NA,NA,2499,0,0,NA,NA,0,0,0,NA,NA,0,28,28,NA,NA,28,0,0,NA,NA,0,0,0,NA,NA,0,1,1,NA,NA,1,45,45,NA,NA,45,36,36,NA,NA,36,NA,NA,NA,NA,NA,24,24,NA,NA,24,14,14,NA,NA,14,20,20,NA,NA,20,0,0,NA,NA,0,57,57,NA,NA,57,2021,2021,NA,NA,2021,0,0,NA,NA,0,28,28,NA,NA,28,0,0,NA,NA,0,25,25,NA,NA,25,37,37,NA,NA,37,35,35,NA,NA,35,49,49,NA,NA,49,1,1,NA,NA,1,22,22,NA,NA,22,13,13,NA,NA,13,43,43,NA,NA,43,0,0,NA,NA,0
M14 [Patient Services],14.8.4,Operation minor (No or local anaesthesia),TOTAL,1913,1668,245,155,1758,42,42,0,NA,42,115,63,52,NA,115,45,45,NA,NA,45,0,0,0,0,0,14,14,NA,NA,14,26,26,0,NA,26,8,8,NA,NA,8,37,37,0,0,37,0,0,0,NA,0,29,27,2,NA,29,296,205,91,91,205,41,41,0,NA,41,39,39,NA,NA,39,642,642,0,0,642,52,50,2,12,40,134,134,0,NA,134,18,18,0,0,18,40,14,26,20,20,47,47,NA,NA,47,3,3,0,0,3,0,0,NA,NA,0,92,92,0,NA,92,22,22,NA,NA,22,48,48,0,NA,48,31,19,12,NA,31,78,22,56,32,46,14,10,4,NA,14
M14 [Patient Services],14.8.5,Number of post operative Surgical Site infection,TOTAL,47,47,NA,NA,47,4,4,NA,NA,4,0,0,NA,NA,0,0,0,NA,NA,0,0,0,NA,NA,0,0,0,NA,NA,0,0,0,NA,NA,0,0,0,NA,NA,0,NA,NA,NA,NA,NA,NA,NA,NA,NA,NA,0,0,NA,NA,0,0,0,NA,NA,0,1,1,NA,NA,1,0,0,NA,NA,0,32,32,NA,NA,32,4,4,NA,NA,4,0,0,NA,NA,0,1,1,NA,NA,1,0,0,NA,NA,0,0,0,NA,NA,0,1,1,NA,NA,1,0,0,NA,NA,0,1,1,NA,NA,1,1,1,NA,NA,1,2,2,NA,NA,2,0,0,NA,NA,0,0,0,NA,NA,0,NA,NA,NA,NA,NA
M14 [Patient Services],14.8.6,Number of blood units issued,TOTAL,2936,2931,5,0,2936,0,0,0,NA,0,3,0,3,NA,3,146,146,NA,NA,146,491,491,0,0,491,0,0,NA,NA,0,0,0,0,NA,0,117,117,NA,NA,117,4,4,0,0,4,278,278,0,0,278,87,87,0,NA,87,3,3,0,0,3,2,2,0,NA,2,0,0,NA,NA,0,712,712,0,0,712,76,76,0,0,76,33,33,0,NA,33,114,114,0,0,114,0,0,0,NA,0,26,26,NA,NA,26,361,361,0,0,361,84,84,0,NA,84,21,21,0,NA,21,325,325,NA,NA,325,4,4,0,NA,4,2,0,2,NA,2,47,47,0,0,47,0,0,0,NA,0
M14 [Patient Services],14.8.7,Number of blood transfusions done,TOTAL,3717,3706,11,3,3714,0,0,0,NA,0,3,0,3,NA,3,146,146,NA,NA,146,1713,1707,6,3,1710,0,0,NA,NA,0,0,0,0,NA,0,117,117,NA,NA,117,4,4,0,0,4,0,0,0,0,0,87,87,0,NA,87,3,3,0,0,3,2,2,0,NA,2,0,0,NA,NA,0,869,869,0,0,869,82,82,0,0,82,33,33,0,NA,33,114,114,0,0,114,0,0,0,NA,0,26,26,NA,NA,26,38,38,0,0,38,84,84,0,NA,84,18,18,0,NA,18,325,325,NA,NA,325,4,4,0,NA,4,2,0,2,NA,2,47,47,0,0,47,0,0,0,NA,0
M14 [Patient Services],14.9.1,Inpatient Deaths - Male,TOTAL,425,393,32,15,410,2,2,0,NA,2,8,8,NA,NA,8,4,4,NA,NA,4,8,8,0,0,8,0,0,NA,NA,0,19,19,0,NA,19,2,2,NA,NA,2,22,22,0,0,22,0,0,0,NA,0,7,7,0,NA,7,19,11,8,8,11,30,30,0,NA,30,4,4,NA,NA,4,58,58,0,0,58,3,3,0,0,3,0,0,0,NA,0,26,26,0,0,26,43,35,8,NA,43,27,27,NA,NA,27,25,25,0,0,25,2,2,NA,NA,2,42,42,0,NA,42,3,3,NA,NA,3,22,21,1,NA,22,20,19,1,NA,20,21,7,14,7,14,8,8,0,NA,8
M14 [Patient Services],14.9.2,Inpatient Deaths - Female,TOTAL,270,252,18,6,264,0,0,0,NA,0,3,3,NA,NA,3,5,5,NA,NA,5,6,6,0,0,6,0,0,NA,NA,0,12,12,0,NA,12,1,1,NA,NA,1,22,22,0,0,22,0,0,0,NA,0,5,5,0,NA,5,10,7,3,3,7,27,27,0,NA,27,1,1,NA,NA,1,38,38,0,0,38,0,0,0,0,0,0,0,0,NA,0,9,9,0,0,9,31,22,9,NA,31,11,11,NA,NA,11,11,11,0,0,11,1,1,NA,NA,1,27,27,0,NA,27,10,10,NA,NA,10,21,21,0,NA,21,5,4,1,NA,5,13,8,5,3,10,1,1,0,NA,1
M14 [Patient Services],14.1,In-Patient Head Count at midnight,TOTAL,100661,97901,2760,369,100292,201,201,0,NA,201,1600,1600,NA,NA,1600,2462,2462,NA,NA,2462,2367,2277,90,0,2367,757,757,NA,NA,757,4999,4999,0,NA,4999,4883,4883,NA,NA,4883,5153,5153,0,0,5153,69,69,0,NA,69,2649,2649,0,NA,2649,4793,4793,0,80,4713,9098,9098,0,NA,9098,1701,1701,NA,NA,1701,820,820,0,0,820,1958,1958,0,159,1799,793,793,0,NA,793,4643,4637,6,6,4637,7374,5190,2184,NA,7374,3480,3480,NA,NA,3480,6958,6837,121,0,6958,2452,2452,NA,NA,2452,8282,8282,0,NA,8282,6061,6061,NA,NA,6061,6571,6571,0,NA,6571,5848,5744,104,NA,5848,3991,3824,167,124,3867,698,610,88,NA,698
M14 [Patient Services],14.11,Number of Admission in NBSU ( New Born Stabilisation Unit),TOTAL,1363,1267,96,4,1359,8,8,0,NA,8,50,50,NA,NA,50,32,32,NA,NA,32,109,61,48,0,109,0,0,NA,NA,0,21,21,0,NA,21,14,14,NA,NA,14,36,36,0,1,35,567,567,0,0,567,0,0,0,NA,0,33,33,0,3,30,39,39,0,NA,39,3,3,NA,NA,3,35,35,0,0,35,8,8,NA,0,8,30,30,0,NA,30,2,2,NA,NA,2,102,54,48,NA,102,9,9,NA,NA,9,62,62,0,0,62,24,24,NA,NA,24,62,62,0,NA,62,10,10,NA,NA,10,50,50,0,NA,50,36,36,0,NA,36,20,20,0,0,20,1,1,0,NA,1
M14 [Patient Services],14.12.1,Special Newborn Care Unit (SNCU Admissions) - Inborn Male,TOTAL,1219,1219,0,0,1219,0,0,NA,NA,0,77,77,NA,NA,77,16,16,NA,NA,16,97,97,0,0,97,0,0,NA,NA,0,61,61,NA,NA,61,42,42,NA,NA,42,34,34,NA,NA,34,110,110,0,NA,110,13,13,NA,NA,13,27,27,0,0,27,29,29,NA,NA,29,34,34,NA,NA,34,69,69,0,0,69,239,239,NA,0,239,0,0,0,NA,0,24,24,NA,NA,24,11,11,0,NA,11,32,32,NA,NA,32,50,50,0,0,50,16,16,NA,NA,16,58,58,0,NA,58,47,47,NA,NA,47,25,25,0,NA,25,82,82,0,NA,82,21,21,0,0,21,5,5,NA,NA,5
M14 [Patient Services],14.12.2,Special Newborn Care Unit (SNCU Admissions) - Inborn Female,TOTAL,902,901,1,0,902,0,0,NA,NA,0,50,50,NA,NA,50,9,9,NA,NA,9,95,95,0,0,95,0,0,NA,NA,0,42,42,NA,NA,42,27,27,NA,NA,27,22,22,NA,NA,22,60,60,0,NA,60,11,11,NA,NA,11,31,31,0,0,31,26,26,NA,NA,26,9,9,NA,NA,9,51,51,0,0,51,155,155,NA,0,155,0,0,0,NA,0,17,17,NA,NA,17,10,10,0,NA,10,30,30,NA,NA,30,36,36,0,0,36,22,22,NA,NA,22,52,52,0,NA,52,39,39,NA,NA,39,23,23,0,NA,23,68,67,1,NA,68,15,15,0,0,15,2,2,NA,NA,2
M14 [Patient Services],14.12.3,Outborn – Male,TOTAL,878,878,0,0,878,0,0,NA,NA,0,37,37,NA,NA,37,12,12,NA,NA,12,89,89,0,0,89,0,0,NA,NA,0,49,49,NA,NA,49,14,14,NA,NA,14,48,48,NA,NA,48,68,68,0,NA,68,2,2,NA,NA,2,21,21,0,0,21,25,25,NA,NA,25,38,38,NA,NA,38,41,41,0,0,41,215,215,NA,0,215,0,0,0,NA,0,5,5,NA,NA,5,32,32,0,NA,32,12,12,NA,NA,12,22,22,0,0,22,6,6,NA,NA,6,54,54,0,NA,54,25,25,NA,NA,25,14,14,0,NA,14,28,28,0,NA,28,20,20,0,0,20,1,1,NA,NA,1
M14 [Patient Services],14.12.4,Outborn - Female,TOTAL,496,496,0,0,496,0,0,NA,NA,0,31,31,NA,NA,31,8,8,NA,NA,8,41,41,0,0,41,0,0,NA,NA,0,15,15,NA,NA,15,7,7,NA,NA,7,24,24,NA,NA,24,33,33,0,NA,33,3,3,NA,NA,3,14,14,0,0,14,28,28,NA,NA,28,15,15,NA,NA,15,33,33,0,0,33,112,112,NA,0,112,0,0,0,NA,0,2,2,NA,NA,2,18,18,0,NA,18,5,5,NA,NA,5,19,19,0,0,19,1,1,NA,NA,1,37,37,0,NA,37,10,10,NA,NA,10,6,6,0,NA,6,18,18,0,NA,18,10,10,0,0,10,6,6,NA,NA,6
M14 [Patient Services],14.12.5,Number of newborns admitted in SNCU - referred by ASHA,TOTAL,114,114,0,0,114,0,0,NA,NA,0,0,0,NA,NA,0,0,0,NA,NA,0,0,0,0,0,0,0,0,NA,NA,0,24,24,NA,NA,24,20,20,NA,NA,20,0,0,NA,NA,0,0,0,0,NA,0,29,29,NA,NA,29,0,0,0,0,0,0,0,NA,NA,0,0,0,NA,NA,0,0,0,0,0,0,0,0,NA,0,0,0,0,0,NA,0,0,0,NA,NA,0,0,0,0,NA,0,36,36,NA,NA,36,0,0,0,0,0,5,5,NA,NA,5,0,0,0,NA,0,0,0,NA,NA,0,0,0,0,NA,0,0,0,0,NA,0,0,0,0,0,0,0,0,NA,NA,0
M14 [Patient Services],14.13,Number of deaths occurring at SNCU,TOTAL,401,401,0,0,401,0,0,NA,NA,0,36,36,NA,NA,36,10,10,NA,NA,10,31,31,0,0,31,0,0,NA,NA,0,15,15,NA,NA,15,5,5,NA,NA,5,17,17,NA,NA,17,28,28,0,NA,28,1,1,NA,NA,1,12,12,0,0,12,10,10,NA,NA,10,4,4,NA,NA,4,32,32,0,0,32,122,122,NA,0,122,0,0,0,NA,0,2,2,NA,NA,2,11,11,0,NA,11,6,6,NA,NA,6,21,21,0,0,21,3,3,NA,NA,3,1,1,0,NA,1,4,4,NA,NA,4,8,8,0,NA,8,17,17,0,NA,17,5,5,0,0,5,0,0,NA,NA,0
M14 [Patient Services],14.14.1,Number of children admitted in NRC,TOTAL,93,93,0,0,93,0,0,0,NA,0,3,3,NA,NA,3,4,4,NA,NA,4,0,0,0,0,0,0,0,NA,NA,0,9,9,0,NA,9,5,5,NA,NA,5,5,5,0,0,5,8,8,0,NA,8,0,0,0,NA,0,4,4,0,0,4,5,5,0,NA,5,0,0,NA,NA,0,7,7,0,0,7,4,4,NA,0,4,0,0,0,NA,0,0,0,NA,NA,0,4,4,0,NA,4,5,5,NA,NA,5,10,10,0,0,10,1,1,NA,NA,1,9,9,0,NA,9,7,7,NA,NA,7,0,0,0,NA,0,0,0,0,NA,0,0,0,0,0,0,3,3,0,NA,3
M14 [Patient Services],14.14.2,Number of children discharged with target weight gain from the NRCs,TOTAL,41,41,0,0,41,0,0,0,NA,0,0,0,NA,NA,0,3,3,NA,NA,3,2,2,0,0,2,0,0,NA,NA,0,7,7,0,NA,7,5,5,NA,NA,5,3,3,0,0,3,7,7,0,NA,7,0,0,0,NA,0,1,1,0,0,1,0,0,0,NA,0,0,0,NA,NA,0,7,7,0,0,7,1,1,NA,0,1,0,0,0,NA,0,0,0,NA,NA,0,2,2,0,NA,2,0,0,NA,NA,0,0,0,0,0,0,1,1,NA,NA,1,0,0,0,NA,0,2,2,NA,NA,2,0,0,0,NA,0,0,0,0,NA,0,0,0,0,0,0,0,0,0,NA,0
M14 [Patient Services],14.15,Number of Rogi Kalyan Samiti (RKS) meetings held,TOTAL,379,363,16,10,369,24,24,0,NA,24,13,13,NA,NA,13,13,13,NA,1,12,10,10,0,0,10,9,9,NA,NA,9,9,8,1,NA,9,9,9,NA,NA,9,23,23,0,1,22,2,2,0,NA,2,16,16,0,NA,16,17,17,0,0,17,18,18,0,NA,18,3,3,NA,NA,3,20,20,0,0,20,16,16,NA,8,8,12,12,0,NA,12,7,7,NA,0,7,10,10,0,NA,10,17,17,NA,NA,17,12,11,1,0,12,8,8,NA,NA,8,29,29,0,NA,29,19,19,NA,NA,19,22,16,6,NA,22,14,14,0,NA,14,18,12,6,0,18,9,7,2,NA,9
M14 [Patient Services],14.16,Number of Anganwadi centres/ UPHCs reported to have conducted Village Health & Nutrition Day (VHNDs)/ Urban Health & Nutrition Day (UHNDs)/ Outreach / Special Outreach,TOTAL,25811,25239,572,380,25431,785,785,0,NA,785,1131,1131,NA,NA,1131,588,588,NA,30,558,1517,1513,4,0,1517,479,479,NA,NA,479,764,760,4,NA,764,672,672,NA,NA,672,1538,1509,29,0,1538,1017,872,145,74,943,240,240,0,NA,240,769,769,0,39,730,1040,1040,0,NA,1040,598,598,NA,NA,598,904,904,0,38,866,302,302,NA,96,206,1524,1524,0,NA,1524,1022,1022,NA,31,991,1060,1060,0,NA,1060,941,941,NA,NA,941,1002,974,28,0,1002,860,860,NA,NA,860,2219,2209,10,30,2189,585,585,NA,NA,585,990,944,46,10,980,1616,1477,139,NA,1616,966,845,121,32,934,682,636,46,NA,682
M14 [Patient Services],14.17,Stock out rate of essential Drugs,TOTAL,748,748,NA,NA,748,28,28,NA,NA,28,24,24,NA,NA,24,40,40,NA,NA,40,24,24,NA,NA,24,NA,NA,NA,NA,NA,28,28,NA,NA,28,20,20,NA,NA,20,19,19,NA,NA,19,NA,NA,NA,NA,NA,3,3,NA,NA,3,38,38,NA,NA,38,48,48,NA,NA,48,62,62,NA,NA,62,77,77,NA,NA,77,28,28,NA,NA,28,52,52,NA,NA,52,28,28,NA,NA,28,24,24,NA,NA,24,20,20,NA,NA,20,40,40,NA,NA,40,26,26,NA,NA,26,3,3,NA,NA,3,25,25,NA,NA,25,27,27,NA,NA,27,52,52,NA,NA,52,12,12,NA,NA,12,NA,NA,NA,NA,NA
M14 [Patient Services],14.18,Blood Units Issued on replacement (Family Donors to be considered as replacement donations),TOTAL,2596,2596,NA,NA,2596,0,0,NA,NA,0,0,0,NA,NA,0,146,146,NA,NA,146,45,45,NA,NA,45,NA,NA,NA,NA,NA,142,142,NA,NA,142,45,45,NA,NA,45,12,12,NA,NA,12,NA,NA,NA,NA,NA,83,83,NA,NA,83,218,218,NA,NA,218,24,24,NA,NA,24,1,1,NA,NA,1,52,52,NA,NA,52,76,76,NA,NA,76,0,0,NA,NA,0,46,46,NA,NA,46,73,73,NA,NA,73,242,242,NA,NA,242,28,28,NA,NA,28,82,82,NA,NA,82,546,546,NA,NA,546,101,101,NA,NA,101,228,228,NA,NA,228,367,367,NA,NA,367,39,39,NA,NA,39,0,0,NA,NA,0
M14 [Patient Services],14.19,Total number of blood units issued in year,TOTAL,6906,6906,NA,NA,6906,0,0,NA,NA,0,0,0,NA,NA,0,146,146,NA,NA,146,1603,1603,NA,NA,1603,NA,NA,NA,NA,NA,267,267,NA,NA,267,117,117,NA,NA,117,244,244,NA,NA,244,NA,NA,NA,NA,NA,87,87,NA,NA,87,218,218,NA,NA,218,478,478,NA,NA,478,8,8,NA,NA,8,869,869,NA,NA,869,76,76,NA,NA,76,5,5,NA,NA,5,114,114,NA,NA,114,120,120,NA,NA,120,242,242,NA,NA,242,362,362,NA,NA,362,84,84,NA,NA,84,638,638,NA,NA,638,325,325,NA,NA,325,263,263,NA,NA,263,418,418,NA,NA,418,222,222,NA,NA,222,0,0,NA,NA,0
M14 [Patient Services],14.2,Patient Satisfaction Score of the facility in percentage (from Mera Aspatal),TOTAL,0,0,NA,NA,0,NA,NA,NA,NA,NA,0,0,NA,NA,0,NA,NA,NA,NA,NA,NA,NA,NA,NA,NA,NA,NA,NA,NA,NA,0,0,NA,NA,0,NA,NA,NA,NA,NA,NA,NA,NA,NA,NA,NA,NA,NA,NA,NA,NA,NA,NA,NA,NA,NA,NA,NA,NA,NA,NA,NA,NA,NA,NA,NA,NA,NA,NA,NA,NA,NA,NA,NA,NA,0,0,NA,NA,0,NA,NA,NA,NA,NA,0,0,NA,NA,0,NA,NA,NA,NA,NA,0,0,NA,NA,0,NA,NA,NA,NA,NA,NA,NA,NA,NA,NA,NA,NA,NA,NA,NA,NA,NA,NA,NA,NA,NA,NA,NA,NA,NA,NA,NA,NA,NA,NA,NA,NA,NA,NA,NA,NA,NA,NA,NA,NA
M15 [Laboratory Testing],15.1,Number of Lab Tests done,TOTAL,489684,462224,27460,20495,469189,11239,10821,418,NA,11239,11156,11082,74,NA,11156,13189,13189,NA,22,13167,34388,31136,3252,27,34361,8355,8355,NA,NA,8355,5635,5635,0,NA,5635,8460,8460,NA,NA,8460,13614,13614,0,1068,12546,9603,9070,533,1622,7981,1560,1531,29,NA,1560,27085,22214,4871,5086,21999,22690,22438,252,NA,22690,8964,8964,NA,NA,8964,32780,32780,0,0,32780,14824,12392,2432,7602,7222,28363,28363,0,NA,28363,5844,5814,30,30,5814,17426,11961,5465,16,17410,19611,19611,NA,NA,19611,22530,21823,707,155,22375,19489,19489,0,NA,19489,29290,29227,63,11,29279,18623,18623,NA,NA,18623,26244,25828,416,366,25878,43189,41085,2104,71,43118,26625,20944,5681,4419,22206,8908,7775,1133,NA,8908
M15 [Laboratory Testing],15.2.1,Number of Hb tests conducted,TOTAL,150184,139433,10751,6612,143572,5021,4885,136,NA,5021,8364,8253,111,NA,8364,3472,3472,NA,100,3372,15611,14081,1530,16,15595,2135,2135,NA,NA,2135,3757,3755,2,NA,3757,3267,3267,NA,NA,3267,9485,9208,277,274,9211,6409,4917,1492,1316,5093,393,380,13,NA,393,9516,7606,1910,2105,7411,4007,3855,152,NA,4007,4748,4748,NA,NA,4748,6252,6252,0,51,6201,3343,3176,167,1184,2159,8228,8228,0,NA,8228,2302,2295,7,7,2295,4454,3586,868,57,4397,2341,2341,NA,NA,2341,5106,4729,377,25,5081,5299,5299,NA,NA,5299,11730,11678,52,NA,11730,3931,3931,NA,NA,3931,4714,4451,263,83,4631,6909,6269,640,14,6895,7006,4445,2561,1380,5626,2384,2191,193,NA,2384
M15 [Laboratory Testing],15.2.2,"Out of the total number of Hb tests done, Number having Hb < 7 mg",TOTAL,2662,2274,388,287,2375,18,11,7,NA,18,17,17,0,NA,17,23,23,NA,2,21,446,395,51,0,446,62,62,NA,NA,62,56,56,0,NA,56,16,16,NA,NA,16,30,30,0,3,27,132,94,38,35,97,4,4,0,NA,4,193,63,130,130,63,119,117,2,NA,119,100,100,NA,NA,100,60,60,0,0,60,48,48,0,22,26,35,35,0,NA,35,31,30,1,1,30,90,75,15,NA,90,562,562,NA,NA,562,68,57,11,0,68,48,48,NA,NA,48,120,120,0,NA,120,53,53,NA,NA,53,74,71,3,1,73,54,49,5,0,54,160,46,114,93,67,43,32,11,NA,43
M15 [Laboratory Testing],15.3.1.a,Male HIV - Number Tested,TOTAL,4846,4471,375,475,4371,75,75,0,NA,75,179,179,NA,NA,179,222,222,NA,NA,222,116,106,10,3,113,18,18,NA,NA,18,43,43,0,NA,43,181,181,NA,NA,181,62,62,0,0,62,44,44,0,NA,44,49,35,14,NA,49,355,78,277,277,78,282,282,0,NA,282,136,136,NA,NA,136,336,336,0,0,336,408,395,13,149,259,403,403,0,NA,403,279,279,0,0,279,194,194,0,NA,194,113,113,NA,NA,113,36,36,0,0,36,40,40,NA,NA,40,379,379,0,NA,379,228,228,NA,NA,228,221,217,4,0,221,225,225,0,NA,225,197,151,46,46,151,25,14,11,NA,25
M15 [Laboratory Testing],15.3.1.b,Male HIV - Number Positive,TOTAL,25,25,0,1,24,0,0,0,NA,0,1,1,NA,NA,1,1,1,NA,NA,1,3,3,0,0,3,1,1,NA,NA,1,0,0,0,NA,0,1,1,NA,NA,1,1,1,0,0,1,0,0,0,NA,0,1,1,0,NA,1,1,1,0,0,1,0,0,0,NA,0,1,1,NA,NA,1,2,2,0,0,2,2,2,0,1,1,3,3,0,NA,3,0,0,0,0,0,3,3,0,NA,3,1,1,NA,NA,1,0,0,0,0,0,0,0,NA,NA,0,0,0,0,NA,0,0,0,NA,NA,0,2,2,0,0,2,1,1,0,NA,1,0,0,0,0,0,0,0,0,NA,0
M15 [Laboratory Testing],15.3.2.a,Female Non ANC HIV - Number Tested,TOTAL,5255,4784,471,433,4822,87,87,0,NA,87,156,156,NA,NA,156,143,143,NA,NA,143,84,70,14,0,84,118,118,NA,NA,118,178,178,0,NA,178,139,139,NA,NA,139,269,269,0,0,269,36,36,0,NA,36,99,88,11,NA,99,566,195,371,372,194,194,194,0,NA,194,84,84,NA,NA,84,404,404,0,0,404,244,229,15,37,207,269,269,0,NA,269,72,72,0,0,72,299,288,11,NA,299,181,181,NA,NA,181,350,350,0,0,350,171,171,NA,NA,171,287,287,0,NA,287,198,198,NA,NA,198,185,176,9,0,185,269,269,0,NA,269,128,104,24,24,104,45,29,16,NA,45
M15 [Laboratory Testing],15.3.2.b,Female Non ANC HIV - Number Positive,TOTAL,26,26,0,0,26,0,0,0,NA,0,1,1,NA,NA,1,0,0,NA,NA,0,1,1,0,0,1,1,1,NA,NA,1,0,0,0,NA,0,1,1,NA,NA,1,0,0,0,0,0,0,0,0,NA,0,0,0,0,NA,0,0,0,0,0,0,0,0,0,NA,0,0,0,NA,NA,0,1,1,0,0,1,1,1,0,0,1,1,1,0,NA,1,0,0,0,0,0,3,3,0,NA,3,0,0,NA,NA,0,0,0,0,0,0,0,0,NA,NA,0,16,16,0,NA,16,0,0,NA,NA,0,0,0,0,0,0,0,0,0,NA,0,0,0,0,0,0,0,0,0,NA,0
M15 [Laboratory Testing],15.3.3.a,Number of pregnant women screened for HIV,TOTAL,30013,29238,775,1146,28867,860,860,0,NA,860,325,325,NA,NA,325,627,627,NA,NA,627,1704,1669,35,152,1552,239,239,NA,NA,239,737,737,0,NA,737,636,636,NA,NA,636,2297,2202,95,194,2103,1478,1448,30,148,1330,331,331,0,NA,331,1799,1663,136,199,1600,750,750,0,NA,750,1331,1331,NA,NA,1331,698,698,0,0,698,793,760,33,330,463,1211,1211,0,NA,1211,702,702,0,0,702,2090,1854,236,NA,2090,864,864,NA,NA,864,1127,1097,30,50,1077,1329,1329,NA,NA,1329,2799,2795,4,NA,2799,902,902,NA,NA,902,1412,1399,13,0,1412,1291,1273,18,NA,1291,1300,1167,133,73,1227,381,369,12,NA,381
M15 [Laboratory Testing],15.3.3.b,"Out of the above, number screened positive",TOTAL,10,10,0,0,10,0,0,0,NA,0,1,1,NA,NA,1,1,1,NA,NA,1,1,1,0,0,1,0,0,NA,NA,0,0,0,0,NA,0,0,0,NA,NA,0,1,1,0,0,1,0,0,0,0,0,0,0,0,NA,0,0,0,0,0,0,0,0,0,NA,0,0,0,NA,NA,0,0,0,0,0,0,0,0,0,0,0,0,0,0,NA,0,1,1,0,0,1,3,3,0,NA,3,0,0,NA,NA,0,0,0,0,0,0,0,0,NA,NA,0,0,0,0,NA,0,0,0,NA,NA,0,0,0,0,0,0,0,0,0,NA,0,2,2,0,0,2,0,0,0,NA,0
M15 [Laboratory Testing],15.3.3.c,"Out of the above number screened positive, number confirmed with HIV infection at Integrated Counselling and Testing Centre (ICTC)",TOTAL,12,7,5,0,12,0,0,0,NA,0,1,1,NA,NA,1,1,1,NA,NA,1,0,0,0,0,0,0,0,NA,NA,0,0,0,0,NA,0,0,0,NA,NA,0,0,0,0,0,0,0,0,0,NA,0,0,0,0,NA,0,0,0,0,0,0,0,0,0,NA,0,0,0,NA,NA,0,0,0,0,0,0,0,0,0,0,0,0,0,0,NA,0,1,1,0,0,1,3,3,0,NA,3,0,0,NA,NA,0,0,0,0,0,0,0,0,NA,NA,0,0,0,0,NA,0,0,0,NA,NA,0,0,0,0,0,0,0,0,0,NA,0,6,1,5,0,6,0,0,0,NA,0
M15 [Laboratory Testing],15.3.4.a,Number of Male STI/RTI attendees tested for syphilis,TOTAL,1393,1288,105,77,1316,46,46,0,NA,46,28,28,NA,NA,28,0,0,NA,NA,0,229,199,30,0,229,15,15,NA,NA,15,11,11,0,NA,11,36,36,NA,NA,36,32,32,0,0,32,116,116,0,0,116,28,28,0,NA,28,27,7,20,20,7,0,0,0,NA,0,0,0,NA,NA,0,90,90,0,0,90,37,3,34,37,0,41,41,0,NA,41,0,0,0,0,0,109,109,0,NA,109,29,29,NA,NA,29,98,98,0,0,98,7,7,NA,NA,7,37,37,0,NA,37,87,87,NA,NA,87,264,264,0,0,264,0,0,0,NA,0,20,0,20,20,0,6,5,1,NA,6
M15 [Laboratory Testing],15.3.4.b,Number of Male STI/RTI attendees found sero Positive for syphilis,TOTAL,3,3,0,0,3,0,0,0,NA,0,0,0,NA,NA,0,0,0,NA,NA,0,0,0,0,0,0,0,0,NA,NA,0,0,0,0,NA,0,0,0,NA,NA,0,0,0,0,0,0,0,0,0,0,0,0,0,0,NA,0,1,1,0,0,1,0,0,0,NA,0,0,0,NA,NA,0,0,0,0,0,0,0,0,0,0,0,0,0,0,NA,0,0,0,0,0,0,0,0,0,NA,0,0,0,NA,NA,0,1,1,0,0,1,0,0,NA,NA,0,1,1,0,NA,1,0,0,NA,NA,0,0,0,0,0,0,0,0,0,NA,0,0,0,0,0,0,0,0,0,NA,0
M15 [Laboratory Testing],15.3.4.c,Number of Female (Non ANC)STI/RTI attendees tested for syphilis,TOTAL,2371,2279,92,74,2297,20,20,0,NA,20,227,218,9,NA,227,0,0,NA,NA,0,2,2,0,0,2,0,0,NA,NA,0,149,149,0,NA,149,139,139,NA,NA,139,0,0,0,0,0,42,42,0,NA,42,24,24,0,NA,24,195,142,53,53,142,0,0,0,NA,0,0,0,NA,NA,0,785,785,0,0,785,0,0,0,0,0,22,22,0,NA,22,0,0,0,0,0,2,2,0,NA,2,82,82,NA,NA,82,8,8,0,0,8,136,136,NA,NA,136,124,124,0,NA,124,125,125,NA,NA,125,208,208,0,0,208,24,24,0,NA,24,21,0,21,21,0,36,27,9,NA,36
M15 [Laboratory Testing],15.3.4.d,Number of Female (Non ANC) STI/RTI attendees found sero Positive for syphilis,TOTAL,3,3,0,0,3,0,0,0,NA,0,0,0,0,NA,0,0,0,NA,NA,0,0,0,0,0,0,0,0,NA,NA,0,0,0,0,NA,0,0,0,NA,NA,0,0,0,0,0,0,0,0,0,NA,0,0,0,0,NA,0,1,1,0,0,1,0,0,0,NA,0,0,0,NA,NA,0,0,0,0,0,0,0,0,0,0,0,0,0,0,NA,0,0,0,0,0,0,0,0,0,NA,0,0,0,NA,NA,0,2,2,0,0,2,0,0,NA,NA,0,0,0,0,NA,0,0,0,NA,NA,0,0,0,0,0,0,0,0,0,NA,0,0,0,0,0,0,0,0,0,NA,0
M15 [Laboratory Testing],15.4.1,Widal tests - Number Tested,TOTAL,5122,4260,862,560,4562,86,86,0,NA,86,144,136,8,NA,144,116,116,NA,2,114,471,260,211,1,470,510,510,NA,NA,510,98,98,0,NA,98,212,212,NA,NA,212,153,153,0,0,153,22,14,8,8,14,4,0,4,NA,4,485,249,236,241,244,32,21,11,NA,32,257,257,NA,NA,257,86,86,0,0,86,218,162,56,99,119,141,141,0,NA,141,85,85,0,0,85,160,93,67,21,139,75,75,NA,NA,75,239,195,44,0,239,77,77,NA,NA,77,339,339,0,NA,339,207,207,NA,NA,207,70,70,0,0,70,251,249,2,NA,251,190,0,190,188,2,394,369,25,NA,394
M15 [Laboratory Testing],15.4.2,Widal tests - Number Positive,TOTAL,603,533,70,62,541,32,32,0,NA,32,22,19,3,NA,22,28,28,NA,NA,28,38,38,0,0,38,31,31,NA,NA,31,0,0,0,NA,0,15,15,NA,NA,15,6,6,0,0,6,0,0,0,NA,0,0,0,0,NA,0,100,70,30,30,70,2,2,0,NA,2,72,72,NA,NA,72,0,0,0,0,0,9,9,0,3,6,4,4,0,NA,4,18,18,0,0,18,24,18,6,NA,24,0,0,NA,NA,0,17,15,2,0,17,3,3,NA,NA,3,2,2,0,NA,2,38,38,NA,NA,38,6,6,0,0,6,23,23,0,NA,23,29,0,29,29,0,84,84,0,NA,84
M15 [Laboratory Testing],15.5.1,Radiology - X-ray,TOTAL,44626,39602,5024,3493,41133,803,803,NA,NA,803,1768,1768,0,NA,1768,343,343,NA,NA,343,5788,5289,499,12,5776,51,51,NA,NA,51,1654,1654,NA,NA,1654,506,506,NA,NA,506,678,678,NA,NA,678,660,381,279,279,381,524,524,NA,NA,524,3175,1147,2028,2028,1147,1745,1745,NA,NA,1745,0,0,NA,NA,0,3302,3302,0,0,3302,3962,3962,NA,233,3729,2101,2101,0,NA,2101,821,821,NA,NA,821,1675,936,739,4,1671,501,501,NA,NA,501,873,873,0,0,873,474,474,NA,NA,474,3985,3985,0,NA,3985,1737,1737,NA,NA,1737,1139,1139,0,NA,1139,3114,2805,309,NA,3114,2108,1088,1020,937,1171,1139,989,150,NA,1139
M15 [Laboratory Testing],15.5.2,Radiology - Ultrasonography (USG),TOTAL,13208,13208,NA,NA,13208,101,101,NA,NA,101,180,180,NA,NA,180,0,0,NA,NA,0,3658,3658,NA,NA,3658,NA,NA,NA,NA,NA,21,21,NA,NA,21,296,296,NA,NA,296,493,493,NA,NA,493,NA,NA,NA,NA,NA,101,101,NA,NA,101,0,0,NA,NA,0,374,374,NA,NA,374,0,0,NA,NA,0,854,854,NA,NA,854,1919,1919,NA,NA,1919,73,73,NA,NA,73,310,310,NA,NA,310,285,285,NA,NA,285,307,307,NA,NA,307,448,448,NA,NA,448,391,391,NA,NA,391,614,614,NA,NA,614,241,241,NA,NA,241,1114,1114,NA,NA,1114,1285,1285,NA,NA,1285,NA,NA,NA,NA,NA,143,143,NA,NA,143
M16 [Details of deaths reported with probable causes:],16.1,Infant deaths within 24 hrs(1 to 23 Hrs) of birth,TOTAL,125,123,2,0,125,4,4,0,NA,4,5,5,NA,NA,5,9,9,NA,NA,9,4,4,0,0,4,1,1,NA,NA,1,0,0,0,NA,0,0,0,NA,NA,0,15,15,0,0,15,9,9,0,NA,9,0,0,0,NA,0,14,14,0,0,14,6,6,0,NA,6,6,6,NA,NA,6,3,3,0,0,3,0,0,NA,0,0,5,5,0,NA,5,2,2,0,0,2,3,2,1,NA,3,5,5,NA,NA,5,4,4,0,0,4,0,0,NA,NA,0,3,3,0,NA,3,5,4,1,NA,5,3,3,0,NA,3,15,15,0,NA,15,2,2,0,0,2,2,2,0,NA,2
M16 [Details of deaths reported with probable causes:],16.2.1,Infant Deaths up to 4 weeks due to Sepsis,TOTAL,78,75,3,0,78,0,0,0,NA,0,6,6,NA,NA,6,3,3,NA,NA,3,14,14,0,0,14,1,1,NA,NA,1,2,2,0,NA,2,1,1,NA,NA,1,2,2,0,0,2,4,4,0,NA,4,0,0,0,NA,0,1,1,0,0,1,0,0,0,NA,0,2,2,NA,NA,2,25,25,0,0,25,1,1,NA,0,1,1,1,0,NA,1,0,0,0,0,0,5,2,3,NA,5,0,0,NA,NA,0,7,7,0,0,7,0,0,NA,NA,0,0,0,0,NA,0,1,1,0,NA,1,0,0,0,NA,0,1,1,0,NA,1,1,1,0,0,1,0,0,0,NA,0
M16 [Details of deaths reported with probable causes:],16.2.2,Infant Deaths up to 4 weeks due to Asphyxia,TOTAL,134,130,4,4,130,0,0,0,NA,0,26,26,NA,NA,26,1,1,NA,NA,1,5,5,0,0,5,0,0,NA,NA,0,9,9,0,NA,9,1,1,NA,NA,1,18,18,0,0,18,4,4,0,NA,4,0,0,0,NA,0,16,12,4,4,12,2,2,0,NA,2,2,2,NA,NA,2,2,2,0,0,2,0,0,NA,0,0,5,5,0,NA,5,1,1,0,0,1,1,1,0,NA,1,7,7,NA,NA,7,8,8,0,0,8,2,2,NA,NA,2,0,0,0,NA,0,1,1,0,NA,1,5,5,0,NA,5,12,12,0,NA,12,3,3,0,0,3,3,3,0,NA,3
M16 [Details of deaths reported with probable causes:],16.2.3,Infant Deaths up to 4 weeks due to Other causes,TOTAL,283,268,15,8,275,3,3,0,NA,3,12,12,NA,NA,12,20,12,8,8,12,14,14,0,0,14,2,2,NA,NA,2,6,6,0,NA,6,9,9,NA,NA,9,33,32,1,0,33,23,23,0,NA,23,0,0,0,NA,0,16,16,0,0,16,6,6,0,NA,6,8,8,NA,NA,8,5,5,0,0,5,3,3,NA,0,3,18,18,0,NA,18,5,5,0,0,5,28,26,2,NA,28,4,4,NA,NA,4,6,6,0,0,6,4,4,NA,NA,4,15,15,0,NA,15,7,7,0,NA,7,12,11,1,NA,12,16,14,2,NA,16,5,4,1,0,5,3,3,0,NA,3
M16 [Details of deaths reported with probable causes:],16.3.1,Number of Infant Deaths (1 -12 months) due to Pneumonia,TOTAL,62,61,1,1,61,2,2,0,NA,2,3,3,NA,NA,3,4,4,NA,NA,4,2,2,0,0,2,3,3,NA,NA,3,2,2,0,NA,2,2,2,NA,NA,2,9,9,0,0,9,4,4,0,NA,4,0,0,0,NA,0,3,3,0,0,3,3,3,0,NA,3,2,2,NA,NA,2,0,0,0,0,0,0,0,NA,0,0,4,4,0,NA,4,0,0,0,0,0,3,3,0,NA,3,2,2,NA,NA,2,2,2,0,0,2,3,3,NA,NA,3,3,3,0,NA,3,1,1,0,NA,1,0,0,0,NA,0,1,1,0,NA,1,2,1,1,1,1,2,2,0,NA,2
M16 [Details of deaths reported with probable causes:],16.3.2,Number of Infant Deaths (1 -12 months) due to Diarrhoea,TOTAL,4,4,0,0,4,0,0,0,NA,0,0,0,NA,NA,0,0,0,NA,NA,0,0,0,0,0,0,0,0,NA,NA,0,1,1,0,NA,1,0,0,NA,NA,0,0,0,0,0,0,0,0,0,NA,0,0,0,0,NA,0,1,1,0,0,1,1,1,0,NA,1,0,0,NA,NA,0,0,0,0,0,0,0,0,NA,0,0,0,0,0,NA,0,0,0,0,0,0,0,0,0,NA,0,1,1,NA,NA,1,0,0,0,0,0,0,0,NA,NA,0,0,0,0,NA,0,0,0,0,NA,0,0,0,0,NA,0,0,0,0,NA,0,0,0,0,0,0,0,0,0,NA,0
M16 [Details of deaths reported with probable causes:],16.3.3,Number of Infant Deaths (1 -12 months) due to Fever related,TOTAL,20,20,0,0,20,1,1,0,NA,1,1,1,NA,NA,1,1,1,NA,NA,1,2,2,0,0,2,2,2,NA,NA,2,0,0,0,NA,0,0,0,NA,NA,0,0,0,0,0,0,0,0,0,NA,0,2,2,0,NA,2,3,3,0,0,3,0,0,0,NA,0,0,0,NA,NA,0,0,0,0,0,0,0,0,NA,0,0,1,1,0,NA,1,1,1,0,0,1,1,1,0,NA,1,2,2,NA,NA,2,0,0,0,0,0,0,0,NA,NA,0,2,2,0,NA,2,1,1,0,NA,1,0,0,0,NA,0,0,0,0,NA,0,0,0,0,0,0,0,0,0,NA,0
M16 [Details of deaths reported with probable causes:],16.3.4,Number of Infant Deaths (1 -12 months) due to Measles,TOTAL,0,0,0,0,0,0,0,0,NA,0,0,0,NA,NA,0,0,0,NA,NA,0,0,0,0,0,0,0,0,NA,NA,0,0,0,0,NA,0,0,0,NA,NA,0,0,0,0,0,0,0,0,0,NA,0,0,0,0,NA,0,0,0,0,0,0,0,0,0,NA,0,0,0,NA,NA,0,0,0,0,0,0,0,0,NA,0,0,0,0,0,NA,0,0,0,0,0,0,0,0,0,NA,0,0,0,NA,NA,0,0,0,0,0,0,0,0,NA,NA,0,0,0,0,NA,0,0,0,0,NA,0,0,0,0,NA,0,0,0,0,NA,0,0,0,0,0,0,0,0,0,NA,0
M16 [Details of deaths reported with probable causes:],16.3.5,Number of Infant Deaths (1 -12 months) due to Others,TOTAL,240,233,7,2,238,5,5,0,NA,5,4,4,NA,NA,4,4,4,NA,NA,4,31,31,0,0,31,9,9,NA,NA,9,2,2,0,NA,2,7,7,NA,NA,7,13,13,0,0,13,8,8,0,NA,8,2,2,0,NA,2,6,5,1,1,5,3,3,0,NA,3,16,16,NA,NA,16,5,5,0,0,5,1,1,NA,0,1,13,13,0,NA,13,11,11,0,0,11,40,39,1,1,39,7,7,NA,NA,7,4,4,0,0,4,3,3,NA,NA,3,19,19,0,NA,19,5,5,0,NA,5,2,2,0,NA,2,4,2,2,NA,4,9,7,2,0,9,7,6,1,NA,7
M16 [Details of deaths reported with probable causes:],16.4.1,Number of Child Deaths (1 -5 years) due to Pneumonia,TOTAL,13,12,1,1,12,0,0,0,NA,0,0,0,NA,NA,0,1,1,NA,NA,1,1,1,0,0,1,0,0,NA,NA,0,0,0,0,NA,0,0,0,NA,NA,0,6,6,0,0,6,0,0,0,NA,0,0,0,0,NA,0,0,0,0,0,0,0,0,0,NA,0,2,2,NA,NA,2,0,0,0,0,0,0,0,NA,0,0,1,1,0,NA,1,0,0,0,0,0,1,0,1,1,0,0,0,NA,NA,0,0,0,0,0,0,1,1,NA,NA,1,0,0,0,NA,0,0,0,0,NA,0,0,0,0,NA,0,0,0,0,NA,0,0,0,0,0,0,0,0,0,NA,0
M16 [Details of deaths reported with probable causes:],16.4.2,Number of Child Deaths (1 -5 years) due to Diarrhoea,TOTAL,3,3,0,0,3,0,0,0,NA,0,0,0,NA,NA,0,0,0,NA,NA,0,0,0,0,0,0,0,0,NA,NA,0,0,0,0,NA,0,0,0,NA,NA,0,0,0,0,0,0,1,1,0,NA,1,0,0,0,NA,0,0,0,0,0,0,0,0,0,NA,0,0,0,NA,NA,0,0,0,0,0,0,0,0,NA,0,0,0,0,0,NA,0,0,0,0,0,0,1,1,0,NA,1,0,0,NA,NA,0,0,0,0,0,0,0,0,NA,NA,0,1,1,0,NA,1,0,0,0,NA,0,0,0,0,NA,0,0,0,0,NA,0,0,0,0,0,0,0,0,0,NA,0
M16 [Details of deaths reported with probable causes:],16.4.3,Number of Child Deaths (1 -5 years) due to Fever related,TOTAL,5,5,0,0,5,0,0,0,NA,0,0,0,NA,NA,0,0,0,NA,NA,0,0,0,0,0,0,0,0,NA,NA,0,0,0,0,NA,0,0,0,NA,NA,0,0,0,0,0,0,0,0,0,NA,0,0,0,0,NA,0,0,0,0,0,0,1,1,0,NA,1,0,0,NA,NA,0,1,1,0,0,1,0,0,NA,0,0,1,1,0,NA,1,0,0,0,0,0,1,1,0,NA,1,1,1,NA,NA,1,0,0,0,0,0,0,0,NA,NA,0,0,0,0,NA,0,0,0,0,NA,0,0,0,0,NA,0,0,0,0,NA,0,0,0,0,0,0,0,0,0,NA,0
M16 [Details of deaths reported with probable causes:],16.4.4,Number of Child Deaths (1 -5 years) due to Measles,TOTAL,0,0,0,0,0,0,0,0,NA,0,0,0,NA,NA,0,0,0,NA,NA,0,0,0,0,0,0,0,0,NA,NA,0,0,0,0,NA,0,0,0,NA,NA,0,0,0,0,0,0,0,0,0,NA,0,0,0,0,NA,0,0,0,0,0,0,0,0,0,NA,0,0,0,NA,NA,0,0,0,0,0,0,0,0,NA,0,0,0,0,0,NA,0,0,0,0,0,0,0,0,0,NA,0,0,0,NA,NA,0,0,0,0,0,0,0,0,NA,NA,0,0,0,0,NA,0,0,0,0,NA,0,0,0,0,NA,0,0,0,0,NA,0,0,0,0,0,0,0,0,0,NA,0
M16 [Details of deaths reported with probable causes:],16.4.5,Number of Child Deaths (1 -5 years) due to Others,TOTAL,48,47,1,0,48,2,2,0,NA,2,5,5,NA,NA,5,0,0,NA,NA,0,2,2,0,0,2,0,0,NA,NA,0,2,2,0,NA,2,0,0,NA,NA,0,8,8,0,0,8,1,1,0,NA,1,2,2,0,NA,2,2,2,0,0,2,0,0,0,NA,0,0,0,NA,NA,0,5,5,0,0,5,1,1,NA,0,1,2,2,0,NA,2,1,1,0,0,1,3,3,0,NA,3,3,3,NA,NA,3,0,0,0,0,0,0,0,NA,NA,0,2,2,0,NA,2,2,2,0,NA,2,1,1,0,NA,1,0,0,0,NA,0,1,1,0,0,1,3,2,1,NA,3
M16 [Details of deaths reported with probable causes:],16.5.1,Number of Maternal Deaths due to Bleeding,TOTAL,5,5,0,0,5,0,0,0,NA,0,0,0,NA,NA,0,0,0,NA,NA,0,0,0,0,0,0,0,0,NA,NA,0,0,0,0,NA,0,0,0,NA,NA,0,1,1,0,0,1,1,1,0,NA,1,0,0,0,NA,0,0,0,0,0,0,0,0,0,NA,0,0,0,NA,NA,0,0,0,0,0,0,0,0,NA,0,0,0,0,0,NA,0,1,1,0,0,1,0,0,0,NA,0,0,0,NA,NA,0,0,0,0,0,0,1,1,NA,NA,1,0,0,0,NA,0,0,0,0,NA,0,0,0,0,NA,0,1,1,0,NA,1,0,0,0,0,0,0,0,0,NA,0
M16 [Details of deaths reported with probable causes:],16.5.2,Number of Maternal Deaths due to High fever,TOTAL,0,0,0,0,0,0,0,0,NA,0,0,0,NA,NA,0,0,0,NA,NA,0,0,0,0,0,0,0,0,NA,NA,0,0,0,0,NA,0,0,0,NA,NA,0,0,0,0,0,0,0,0,0,NA,0,0,0,0,NA,0,0,0,0,0,0,0,0,0,NA,0,0,0,NA,NA,0,0,0,0,0,0,0,0,NA,0,0,0,0,0,NA,0,0,0,0,0,0,0,0,0,NA,0,0,0,NA,NA,0,0,0,0,0,0,0,0,NA,NA,0,0,0,0,NA,0,0,0,0,NA,0,0,0,0,NA,0,0,0,0,NA,0,0,0,0,0,0,0,0,0,NA,0
M16 [Details of deaths reported with probable causes:],16.5.3,Number of Maternal Deaths due to Abortion,TOTAL,0,0,0,0,0,0,0,0,NA,0,0,0,NA,NA,0,0,0,NA,NA,0,0,0,0,0,0,0,0,NA,NA,0,0,0,0,NA,0,0,0,NA,NA,0,0,0,0,0,0,0,0,0,NA,0,0,0,0,NA,0,0,0,0,0,0,0,0,0,NA,0,0,0,NA,NA,0,0,0,0,0,0,0,0,NA,0,0,0,0,0,NA,0,0,0,0,0,0,0,0,0,NA,0,0,0,NA,NA,0,0,0,0,0,0,0,0,NA,NA,0,0,0,0,NA,0,0,0,0,NA,0,0,0,0,NA,0,0,0,0,NA,0,0,0,0,0,0,0,0,0,NA,0
M16 [Details of deaths reported with probable causes:],16.5.4,Number of Maternal Deaths due to Obstructed/prolonged labour,TOTAL,3,2,1,0,3,0,0,0,NA,0,0,0,NA,NA,0,0,0,NA,NA,0,0,0,0,0,0,0,0,NA,NA,0,0,0,0,NA,0,0,0,NA,NA,0,0,0,0,0,0,1,1,0,NA,1,0,0,0,NA,0,0,0,0,0,0,0,0,0,NA,0,0,0,NA,NA,0,0,0,0,0,0,0,0,NA,0,0,0,0,0,NA,0,0,0,0,0,0,0,0,0,NA,0,1,1,NA,NA,1,0,0,0,0,0,0,0,NA,NA,0,0,0,0,NA,0,0,0,0,NA,0,0,0,0,NA,0,0,0,0,NA,0,1,0,1,0,1,0,0,0,NA,0
M16 [Details of deaths reported with probable causes:],16.5.5,Number of Maternal Deaths due to Severe hypertesnion/fits,TOTAL,4,3,1,0,4,0,0,0,NA,0,1,1,NA,NA,1,0,0,NA,NA,0,0,0,0,0,0,0,0,NA,NA,0,0,0,0,NA,0,0,0,NA,NA,0,0,0,0,0,0,1,1,0,NA,1,0,0,0,NA,0,0,0,0,0,0,0,0,0,NA,0,0,0,NA,NA,0,0,0,0,0,0,0,0,NA,0,0,0,0,0,NA,0,0,0,0,0,0,1,1,0,NA,1,0,0,NA,NA,0,0,0,0,0,0,0,0,NA,NA,0,1,0,1,NA,1,0,0,0,NA,0,0,0,0,NA,0,0,0,0,NA,0,0,0,0,0,0,0,0,0,NA,0
M16 [Details of deaths reported with probable causes:],16.5.6,Number of Maternal Deaths due to Other Causes (including causes not known),TOTAL,62,58,4,2,60,1,1,0,NA,1,0,0,NA,NA,0,1,0,1,1,0,15,15,0,0,15,3,3,NA,NA,3,1,1,0,NA,1,2,2,NA,NA,2,4,4,0,0,4,0,0,0,NA,0,0,0,0,NA,0,2,1,1,1,1,0,0,0,NA,0,0,0,NA,NA,0,1,1,0,0,1,11,11,NA,0,11,3,3,0,NA,3,2,2,0,0,2,5,5,0,NA,5,1,1,NA,NA,1,2,2,0,0,2,3,3,NA,NA,3,1,1,0,NA,1,0,0,0,NA,0,0,0,0,NA,0,4,2,2,NA,4,0,0,0,0,0,0,0,0,NA,0
M16 [Details of deaths reported with probable causes:],16.6,Total Facility Based Maternal Death Reviews (FBMDR) done,TOTAL,15,15,0,0,15,0,0,NA,NA,0,0,0,NA,NA,0,0,0,NA,NA,0,4,4,0,0,4,0,0,NA,NA,0,0,0,NA,NA,0,0,0,NA,NA,0,1,1,NA,NA,1,4,4,0,NA,4,0,0,NA,NA,0,1,1,NA,NA,1,1,1,NA,NA,1,0,0,NA,NA,0,1,1,0,0,1,0,0,NA,0,0,0,0,0,NA,0,1,1,NA,NA,1,0,0,0,NA,0,0,0,NA,NA,0,2,2,0,0,2,0,0,NA,NA,0,0,0,0,NA,0,0,0,0,NA,0,0,0,0,NA,0,0,0,0,NA,0,0,0,0,0,0,0,0,NA,NA,0
M16 [Details of deaths reported with probable causes:],16.7.1,Number of Adolscent / Adult deaths due to Diarrhoeal diseases,TOTAL,13,13,0,0,13,0,0,0,NA,0,0,0,NA,NA,0,0,0,NA,NA,0,0,0,0,0,0,0,0,NA,NA,0,0,0,0,NA,0,0,0,NA,NA,0,7,7,0,0,7,0,0,0,NA,0,0,0,0,NA,0,0,0,0,0,0,1,1,0,NA,1,0,0,NA,NA,0,2,2,0,0,2,0,0,NA,0,0,0,0,0,NA,0,0,0,0,0,0,0,0,0,NA,0,2,2,NA,NA,2,0,0,0,0,0,0,0,NA,NA,0,0,0,0,NA,0,0,0,0,NA,0,0,0,0,NA,0,0,0,0,NA,0,0,0,0,0,0,1,1,0,NA,1
M16 [Details of deaths reported with probable causes:],16.7.2,Number of Adolscent / Adult deaths due to Tuberculosis,TOTAL,37,22,15,0,37,0,0,0,NA,0,0,0,NA,NA,0,0,0,NA,NA,0,1,1,0,0,1,0,0,NA,NA,0,0,0,0,NA,0,1,1,NA,NA,1,0,0,0,0,0,1,0,1,NA,1,1,1,0,NA,1,1,1,0,0,1,4,4,0,NA,4,0,0,NA,NA,0,0,0,0,0,0,0,0,NA,0,0,0,0,0,NA,0,2,2,0,0,2,0,0,0,NA,0,1,1,NA,NA,1,0,0,0,0,0,1,1,NA,NA,1,4,4,0,NA,4,1,0,1,NA,1,0,0,0,NA,0,8,5,3,NA,8,10,0,10,0,10,1,1,0,NA,1
M16 [Details of deaths reported with probable causes:],16.7.3,Number of Adolscent / Adult deaths due to Respiratory diseases including infections (other than TB),TOTAL,128,122,6,0,128,0,0,0,NA,0,1,1,NA,NA,1,1,1,NA,NA,1,2,2,0,0,2,1,1,NA,NA,1,4,4,0,NA,4,6,6,NA,NA,6,6,6,0,0,6,3,2,1,NA,3,0,0,0,NA,0,2,2,0,0,2,23,23,0,NA,23,2,2,NA,NA,2,1,1,0,0,1,1,1,NA,0,1,1,1,0,NA,1,1,1,0,0,1,1,1,0,NA,1,6,6,NA,NA,6,0,0,0,0,0,5,5,NA,NA,5,23,23,0,NA,23,15,14,1,NA,15,3,3,0,NA,3,5,5,0,NA,5,12,8,4,0,12,3,3,0,NA,3
M16 [Details of deaths reported with probable causes:],16.7.4,Number of Adolscent / Adult deaths due to Other Fever Related,TOTAL,102,94,8,0,102,9,9,0,NA,9,1,1,NA,NA,1,1,1,NA,NA,1,0,0,0,0,0,6,6,NA,NA,6,1,1,0,NA,1,0,0,NA,NA,0,13,12,1,0,13,1,1,0,NA,1,9,9,0,NA,9,3,3,0,0,3,5,5,0,NA,5,0,0,NA,NA,0,2,2,0,0,2,1,1,NA,0,1,1,1,0,NA,1,3,3,0,0,3,1,1,0,NA,1,9,9,NA,NA,9,1,0,1,0,1,2,2,NA,NA,2,5,5,0,NA,5,4,4,0,NA,4,2,2,0,NA,2,3,3,0,NA,3,7,1,6,0,7,12,12,0,NA,12
M16 [Details of deaths reported with probable causes:],16.7.5,Number of Adolscent / Adult deaths due to HIV/AIDS,TOTAL,0,0,0,0,0,0,0,0,NA,0,0,0,NA,NA,0,0,0,NA,NA,0,0,0,0,0,0,0,0,NA,NA,0,0,0,0,NA,0,0,0,NA,NA,0,0,0,0,0,0,0,0,0,NA,0,0,0,0,NA,0,0,0,0,0,0,0,0,0,NA,0,0,0,NA,NA,0,0,0,0,0,0,0,0,NA,0,0,0,0,0,NA,0,0,0,0,0,0,0,0,0,NA,0,0,0,NA,NA,0,0,0,0,0,0,0,0,NA,NA,0,0,0,0,NA,0,0,0,0,NA,0,0,0,0,NA,0,0,0,0,NA,0,0,0,0,0,0,0,0,0,NA,0
M16 [Details of deaths reported with probable causes:],16.7.6,Number of Adolscent / Adult deaths due to Heart disease/Hypertension related,TOTAL,414,379,35,5,409,8,8,0,NA,8,10,10,NA,NA,10,8,8,NA,1,7,8,8,0,0,8,3,3,NA,NA,3,11,11,0,NA,11,14,14,NA,NA,14,11,11,0,0,11,17,12,5,NA,17,6,6,0,NA,6,9,9,0,0,9,25,25,0,NA,25,13,13,NA,NA,13,9,9,0,0,9,5,5,NA,0,5,23,23,0,NA,23,13,13,0,0,13,24,23,1,NA,24,12,12,NA,NA,12,16,15,1,0,16,19,19,NA,NA,19,44,44,0,NA,44,15,14,1,NA,15,20,20,0,NA,20,26,20,6,NA,26,29,9,20,4,25,16,15,1,NA,16
M16 [Details of deaths reported with probable causes:],16.7.7,Number of Adolscent / Adult deaths due to Cancer,TOTAL,172,166,6,1,171,5,5,0,NA,5,6,6,NA,NA,6,11,11,NA,1,10,3,3,0,0,3,1,1,NA,NA,1,6,6,0,NA,6,0,0,NA,NA,0,9,9,0,0,9,3,3,0,NA,3,1,1,0,NA,1,4,4,0,0,4,15,15,0,NA,15,6,6,NA,NA,6,9,9,0,0,9,5,5,NA,0,5,14,14,0,NA,14,3,3,0,0,3,5,3,2,NA,5,2,2,NA,NA,2,2,2,0,0,2,5,5,NA,NA,5,16,16,0,NA,16,7,7,0,NA,7,7,7,0,NA,7,9,9,0,NA,9,11,7,4,0,11,7,7,0,NA,7
M16 [Details of deaths reported with probable causes:],16.7.8,Number of Adolscent / Adult deaths due to Neurological disease including strokes,TOTAL,131,117,14,1,130,1,1,0,NA,1,1,1,NA,NA,1,4,4,NA,1,3,3,3,0,0,3,0,0,NA,NA,0,7,7,0,NA,7,6,6,NA,NA,6,14,14,0,0,14,1,0,1,NA,1,4,4,0,NA,4,1,1,0,0,1,4,4,0,NA,4,4,4,NA,NA,4,1,1,0,0,1,0,0,NA,0,0,7,7,0,NA,7,1,1,0,0,1,17,14,3,NA,17,5,5,NA,NA,5,3,3,0,0,3,0,0,NA,NA,0,14,14,0,NA,14,4,4,0,NA,4,5,5,0,NA,5,12,11,1,NA,12,9,0,9,0,9,3,3,0,NA,3
M16 [Details of deaths reported with probable causes:],16.7.9,Number of Adolscent / Adult deaths due to Accidents/Burn cases,TOTAL,148,143,5,1,147,5,5,0,NA,5,4,4,NA,NA,4,6,6,NA,1,5,5,5,0,0,5,5,5,NA,NA,5,1,1,0,NA,1,2,2,NA,NA,2,9,9,0,0,9,4,3,1,NA,4,0,0,0,NA,0,6,6,0,0,6,13,13,0,NA,13,1,1,NA,NA,1,0,0,0,0,0,8,8,NA,0,8,13,13,0,NA,13,8,8,0,0,8,4,3,1,NA,4,5,5,NA,NA,5,6,6,0,0,6,1,1,NA,NA,1,13,13,0,NA,13,8,8,0,NA,8,2,2,0,NA,2,8,7,1,NA,8,6,5,1,0,6,5,4,1,NA,5
M16 [Details of deaths reported with probable causes:],16.7.10,Number of Adolscent / Adult deaths due to Suicide,TOTAL,71,67,4,0,71,2,2,0,NA,2,2,2,NA,NA,2,4,4,NA,NA,4,0,0,0,0,0,1,1,NA,NA,1,2,2,0,NA,2,1,1,NA,NA,1,1,1,0,0,1,4,3,1,NA,4,2,2,0,NA,2,2,2,0,0,2,12,12,0,NA,12,1,1,NA,NA,1,1,1,0,0,1,2,2,NA,0,2,15,15,0,NA,15,0,0,0,0,0,0,0,0,NA,0,1,1,NA,NA,1,3,3,0,0,3,0,0,NA,NA,0,3,3,0,NA,3,3,3,0,NA,3,0,0,0,NA,0,6,5,1,NA,6,2,0,2,0,2,1,1,0,NA,1
M16 [Details of deaths reported with probable causes:],16.7.11,Number of Adolscent / Adult deaths due to Animal bites and stings,TOTAL,6,5,1,0,6,0,0,0,NA,0,0,0,NA,NA,0,1,1,NA,NA,1,0,0,0,0,0,2,2,NA,NA,2,0,0,0,NA,0,0,0,NA,NA,0,0,0,0,0,0,0,0,0,NA,0,0,0,0,NA,0,0,0,0,0,0,0,0,0,NA,0,0,0,NA,NA,0,0,0,0,0,0,0,0,NA,0,0,0,0,0,NA,0,0,0,0,0,0,0,0,0,NA,0,0,0,NA,NA,0,0,0,0,0,0,0,0,NA,NA,0,2,2,0,NA,2,0,0,0,NA,0,0,0,0,NA,0,1,0,1,NA,1,0,0,0,0,0,0,0,0,NA,0
M16 [Details of deaths reported with probable causes:],16.7.12,Number of Adolscent / Adult deaths due to Known Acute Disease,TOTAL,201,188,13,0,201,15,15,0,NA,15,3,3,NA,NA,3,7,7,NA,NA,7,0,0,0,0,0,1,1,NA,NA,1,17,17,0,NA,17,2,2,NA,NA,2,6,6,0,0,6,6,6,0,NA,6,2,2,0,NA,2,9,9,0,0,9,22,22,0,NA,22,14,14,NA,NA,14,1,1,0,0,1,1,1,NA,0,1,9,9,0,NA,9,6,6,0,0,6,6,3,3,NA,6,12,12,NA,NA,12,4,4,0,0,4,2,2,NA,NA,2,10,9,1,NA,10,12,12,0,NA,12,6,6,0,NA,6,8,7,1,NA,8,9,1,8,0,9,11,11,0,NA,11
M16 [Details of deaths reported with probable causes:],16.7.13,Number of Adolscent / Adult deaths due to Known Chronic Disease,TOTAL,347,333,14,3,344,6,6,0,NA,6,8,8,NA,NA,8,21,21,NA,1,20,18,18,0,0,18,3,3,NA,NA,3,26,26,0,NA,26,1,1,NA,NA,1,7,7,0,0,7,18,14,4,NA,18,5,5,0,NA,5,12,12,0,0,12,28,28,0,NA,28,8,8,NA,NA,8,10,10,0,0,10,4,4,NA,2,2,34,34,0,NA,34,7,7,0,0,7,6,4,2,NA,6,16,16,NA,NA,16,10,10,0,0,10,6,6,NA,NA,6,23,23,0,NA,23,10,10,0,NA,10,18,18,0,NA,18,19,17,2,NA,19,12,8,4,0,12,11,9,2,NA,11
M16 [Details of deaths reported with probable causes:],16.7.14,Number of Adolscent / Adult deaths due to Causes not known,TOTAL,1226,1171,55,1,1225,25,25,0,NA,25,66,66,NA,NA,66,30,30,NA,NA,30,73,73,0,0,73,14,14,NA,NA,14,21,21,0,NA,21,13,13,NA,NA,13,59,58,1,0,59,23,15,8,NA,23,11,11,0,NA,11,40,40,0,0,40,88,88,0,NA,88,92,92,NA,NA,92,23,23,0,0,23,22,22,NA,0,22,121,121,0,NA,121,29,29,0,0,29,45,45,0,NA,45,27,27,NA,NA,27,22,19,3,0,22,17,17,NA,NA,17,81,76,5,NA,81,50,50,0,NA,50,64,64,0,NA,64,105,83,22,NA,105,31,18,13,1,30,34,31,3,NA,34
M16 [Details of deaths reported with probable causes:],16.8.1,Number of Deaths due to Malaria- Plasmodium Vivax,TOTAL,0,0,0,0,0,0,0,0,NA,0,0,0,NA,NA,0,0,0,NA,NA,0,0,0,0,0,0,0,0,NA,NA,0,0,0,0,NA,0,0,0,NA,NA,0,0,0,0,0,0,0,0,0,NA,0,0,0,0,NA,0,0,0,0,0,0,0,0,0,NA,0,0,0,NA,NA,0,0,0,0,0,0,0,0,NA,0,0,0,0,0,NA,0,0,0,0,0,0,0,0,0,NA,0,0,0,NA,NA,0,0,0,0,0,0,0,0,NA,NA,0,0,0,0,NA,0,0,0,0,NA,0,0,0,0,NA,0,0,0,0,NA,0,0,0,0,0,0,0,0,0,NA,0
M16 [Details of deaths reported with probable causes:],16.8.2,Number of Deaths due to Malaria- Plasmodium Falciparum,TOTAL,0,0,0,0,0,0,0,0,NA,0,0,0,NA,NA,0,0,0,NA,NA,0,0,0,0,0,0,0,0,NA,NA,0,0,0,0,NA,0,0,0,NA,NA,0,0,0,0,0,0,0,0,0,NA,0,0,0,0,NA,0,0,0,0,0,0,0,0,0,NA,0,0,0,NA,NA,0,0,0,0,0,0,0,0,NA,0,0,0,0,0,NA,0,0,0,0,0,0,0,0,0,NA,0,0,0,NA,NA,0,0,0,0,0,0,0,0,NA,NA,0,0,0,0,NA,0,0,0,0,NA,0,0,0,0,NA,0,0,0,0,NA,0,0,0,0,0,0,0,0,0,NA,0
M16 [Details of deaths reported with probable causes:],16.8.3,Number of Deaths due to Kala Azar,TOTAL,0,0,0,0,0,0,0,0,NA,0,0,0,NA,NA,0,0,0,NA,NA,0,0,0,0,0,0,0,0,NA,NA,0,0,0,0,NA,0,0,0,NA,NA,0,0,0,0,0,0,0,0,0,NA,0,0,0,0,NA,0,0,0,0,0,0,0,0,0,NA,0,0,0,NA,NA,0,0,0,0,0,0,0,0,NA,0,0,0,0,0,NA,0,0,0,0,0,0,0,0,0,NA,0,0,0,NA,NA,0,0,0,0,0,0,0,0,NA,NA,0,0,0,0,NA,0,0,0,0,NA,0,0,0,0,NA,0,0,0,0,NA,0,0,0,0,0,0,0,0,0,NA,0
M16 [Details of deaths reported with probable causes:],16.8.4,Number of Deaths due to Dengue,TOTAL,0,0,0,0,0,0,0,0,NA,0,0,0,NA,NA,0,0,0,NA,NA,0,0,0,0,0,0,0,0,NA,NA,0,0,0,0,NA,0,0,0,NA,NA,0,0,0,0,0,0,0,0,0,NA,0,0,0,0,NA,0,0,0,0,0,0,0,0,0,NA,0,0,0,NA,NA,0,0,0,0,0,0,0,0,NA,0,0,0,0,0,NA,0,0,0,0,0,0,0,0,0,NA,0,0,0,NA,NA,0,0,0,0,0,0,0,0,NA,NA,0,0,0,0,NA,0,0,0,0,NA,0,0,0,0,NA,0,0,0,0,NA,0,0,0,0,0,0,0,0,0,NA,0
M16 [Details of deaths reported with probable causes:],16.8.5,Number of Deaths due to Acute Encephelitis Syndrome (AES),TOTAL,0,0,0,0,0,0,0,0,NA,0,0,0,NA,NA,0,0,0,NA,NA,0,0,0,0,0,0,0,0,NA,NA,0,0,0,0,NA,0,0,0,NA,NA,0,0,0,0,0,0,0,0,0,NA,0,0,0,0,NA,0,0,0,0,0,0,0,0,0,NA,0,0,0,NA,NA,0,0,0,0,0,0,0,0,NA,0,0,0,0,0,NA,0,0,0,0,0,0,0,0,0,NA,0,0,0,NA,NA,0,0,0,0,0,0,0,0,NA,NA,0,0,0,0,NA,0,0,0,0,NA,0,0,0,0,NA,0,0,0,0,NA,0,0,0,0,0,0,0,0,0,NA,0
M16 [Details of deaths reported with probable causes:],16.8.6,Number of Deaths due to Japanese Encephalitis (JE),TOTAL,1,0,1,0,1,0,0,0,NA,0,0,0,NA,NA,0,0,0,NA,NA,0,0,0,0,0,0,0,0,NA,NA,0,0,0,0,NA,0,0,0,NA,NA,0,0,0,0,0,0,0,0,0,NA,0,0,0,0,NA,0,0,0,0,0,0,0,0,0,NA,0,0,0,NA,NA,0,0,0,0,0,0,0,0,NA,0,0,0,0,0,NA,0,0,0,0,0,0,0,0,0,NA,0,0,0,NA,NA,0,0,0,0,0,0,0,0,NA,NA,0,0,0,0,NA,0,0,0,0,NA,0,0,0,0,NA,0,0,0,0,NA,0,1,0,1,0,1,0,0,0,NA,0
M17 [Vaccines],17.1,Vaccine - DPT,1. Balance From Previous Month,67446,NA,NA,NA,NA,500,NA,NA,NA,NA,0,NA,NA,NA,NA,4420,NA,NA,NA,NA,4000,NA,NA,NA,NA,3850,NA,NA,NA,NA,950,NA,NA,NA,NA,3400,NA,NA,NA,NA,NA,NA,NA,NA,NA,166,NA,NA,NA,NA,NA,NA,NA,NA,NA,5030,NA,NA,NA,NA,5870,NA,NA,NA,NA,6800,NA,NA,NA,NA,5280,NA,NA,NA,NA,0,NA,NA,NA,NA,3000,NA,NA,NA,NA,NA,NA,NA,NA,NA,NA,NA,NA,NA,NA,8650,NA,NA,NA,NA,0,NA,NA,NA,NA,870,NA,NA,NA,NA,4790,NA,NA,NA,NA,1510,NA,NA,NA,NA,NA,NA,NA,NA,NA,10,NA,NA,NA,NA,4320,NA,NA,NA,NA,4030,NA,NA,NA,NA
M17 [Vaccines],17.1,Vaccine - DPT,2. Stocks Received,24766,NA,NA,NA,NA,2000,NA,NA,NA,NA,0,NA,NA,NA,NA,5000,NA,NA,NA,NA,0,NA,NA,NA,NA,0,NA,NA,NA,NA,2000,NA,NA,NA,NA,0,NA,NA,NA,NA,NA,NA,NA,NA,NA,266,NA,NA,NA,NA,NA,NA,NA,NA,NA,2000,NA,NA,NA,NA,0,NA,NA,NA,NA,0,NA,NA,NA,NA,0,NA,NA,NA,NA,3000,NA,NA,NA,NA,NA,NA,NA,NA,NA,NA,NA,NA,NA,NA,NA,NA,NA,NA,NA,0,NA,NA,NA,NA,0,NA,NA,NA,NA,2000,NA,NA,NA,NA,5000,NA,NA,NA,NA,3000,NA,NA,NA,NA,NA,NA,NA,NA,NA,500,NA,NA,NA,NA,0,NA,NA,NA,NA,0,NA,NA,NA,NA
M17 [Vaccines],17.1,Vaccine - DPT,3. Unusable Stock,0,NA,NA,NA,NA,0,NA,NA,NA,NA,0,NA,NA,NA,NA,NA,NA,NA,NA,NA,NA,NA,NA,NA,NA,0,NA,NA,NA,NA,NA,NA,NA,NA,NA,0,NA,NA,NA,NA,NA,NA,NA,NA,NA,NA,NA,NA,NA,NA,NA,NA,NA,NA,NA,0,NA,NA,NA,NA,NA,NA,NA,NA,NA,0,NA,NA,NA,NA,NA,NA,NA,NA,NA,0,NA,NA,NA,NA,NA,NA,NA,NA,NA,NA,NA,NA,NA,NA,NA,NA,NA,NA,NA,NA,NA,NA,NA,NA,0,NA,NA,NA,NA,0,NA,NA,NA,NA,NA,NA,NA,NA,NA,NA,NA,NA,NA,NA,NA,NA,NA,NA,NA,0,NA,NA,NA,NA,0,NA,NA,NA,NA,NA,NA,NA,NA,NA
M17 [Vaccines],17.1,Vaccine - DPT,4. Stock Distributed,56098,NA,NA,NA,NA,2400,NA,NA,NA,NA,0,NA,NA,NA,NA,2250,NA,NA,NA,NA,4000,NA,NA,NA,NA,1150,NA,NA,NA,NA,2950,NA,NA,NA,NA,1800,NA,NA,NA,NA,NA,NA,NA,NA,NA,348,NA,NA,NA,NA,NA,NA,NA,NA,NA,4440,NA,NA,NA,NA,3000,NA,NA,NA,NA,2650,NA,NA,NA,NA,3990,NA,NA,NA,NA,3000,NA,NA,NA,NA,3000,NA,NA,NA,NA,NA,NA,NA,NA,NA,NA,NA,NA,NA,NA,3350,NA,NA,NA,NA,0,NA,NA,NA,NA,1350,NA,NA,NA,NA,7290,NA,NA,NA,NA,2190,NA,NA,NA,NA,NA,NA,NA,NA,NA,440,NA,NA,NA,NA,3500,NA,NA,NA,NA,3000,NA,NA,NA,NA
M17 [Vaccines],17.1,Vaccine - DPT,5. Total Stock,36114,NA,NA,NA,NA,100,NA,NA,NA,NA,0,NA,NA,NA,NA,7170,NA,NA,NA,NA,0,NA,NA,NA,NA,2700,NA,NA,NA,NA,0,NA,NA,NA,NA,1600,NA,NA,NA,NA,NA,NA,NA,NA,NA,84,NA,NA,NA,NA,NA,NA,NA,NA,NA,2590,NA,NA,NA,NA,2870,NA,NA,NA,NA,4150,NA,NA,NA,NA,1290,NA,NA,NA,NA,0,NA,NA,NA,NA,0,NA,NA,NA,NA,NA,NA,NA,NA,NA,0,NA,NA,NA,NA,5300,NA,NA,NA,NA,0,NA,NA,NA,NA,1520,NA,NA,NA,NA,2500,NA,NA,NA,NA,2320,NA,NA,NA,NA,NA,NA,NA,NA,NA,70,NA,NA,NA,NA,820,NA,NA,NA,NA,1030,NA,NA,NA,NA
M17 [Vaccines],17.2,Vaccine - Pentavalent,1. Balance From Previous Month,209527,NA,NA,NA,NA,6220,NA,NA,NA,NA,5510,NA,NA,NA,NA,15630,NA,NA,NA,NA,22290,NA,NA,NA,NA,10630,NA,NA,NA,NA,5600,NA,NA,NA,NA,9590,NA,NA,NA,NA,NA,NA,NA,NA,NA,261,NA,NA,NA,NA,NA,NA,NA,NA,NA,10370,NA,NA,NA,NA,2740,NA,NA,NA,NA,10440,NA,NA,NA,NA,10130,NA,NA,NA,NA,10460,NA,NA,NA,NA,15120,NA,NA,NA,NA,NA,NA,NA,NA,NA,NA,NA,NA,NA,NA,25610,NA,NA,NA,NA,9000,NA,NA,NA,NA,5780,NA,NA,NA,NA,7450,NA,NA,NA,NA,11320,NA,NA,NA,NA,NA,NA,NA,NA,NA,1056,NA,NA,NA,NA,8800,NA,NA,NA,NA,5520,NA,NA,NA,NA
M17 [Vaccines],17.2,Vaccine - Pentavalent,2. Stocks Received,112080,NA,NA,NA,NA,0,NA,NA,NA,NA,10080,NA,NA,NA,NA,5760,NA,NA,NA,NA,0,NA,NA,NA,NA,0,NA,NA,NA,NA,5760,NA,NA,NA,NA,2160,NA,NA,NA,NA,NA,NA,NA,NA,NA,2352,NA,NA,NA,NA,NA,NA,NA,NA,NA,11520,NA,NA,NA,NA,6000,NA,NA,NA,NA,5760,NA,NA,NA,NA,0,NA,NA,NA,NA,5760,NA,NA,NA,NA,NA,NA,NA,NA,NA,NA,NA,NA,NA,NA,NA,NA,NA,NA,NA,0,NA,NA,NA,NA,0,NA,NA,NA,NA,5760,NA,NA,NA,NA,20160,NA,NA,NA,NA,11520,NA,NA,NA,NA,NA,NA,NA,NA,NA,1008,NA,NA,NA,NA,14400,NA,NA,NA,NA,4080,NA,NA,NA,NA
M17 [Vaccines],17.2,Vaccine - Pentavalent,3. Unusable Stock,0,NA,NA,NA,NA,0,NA,NA,NA,NA,0,NA,NA,NA,NA,NA,NA,NA,NA,NA,NA,NA,NA,NA,NA,0,NA,NA,NA,NA,NA,NA,NA,NA,NA,0,NA,NA,NA,NA,NA,NA,NA,NA,NA,NA,NA,NA,NA,NA,NA,NA,NA,NA,NA,0,NA,NA,NA,NA,NA,NA,NA,NA,NA,0,NA,NA,NA,NA,NA,NA,NA,NA,NA,0,NA,NA,NA,NA,NA,NA,NA,NA,NA,NA,NA,NA,NA,NA,NA,NA,NA,NA,NA,NA,NA,NA,NA,NA,0,NA,NA,NA,NA,0,NA,NA,NA,NA,NA,NA,NA,NA,NA,NA,NA,NA,NA,NA,NA,NA,NA,NA,NA,0,NA,NA,NA,NA,NA,NA,NA,NA,NA,NA,NA,NA,NA,NA
M17 [Vaccines],17.2,Vaccine - Pentavalent,4. Stock Distributed,122608,NA,NA,NA,NA,4300,NA,NA,NA,NA,12710,NA,NA,NA,NA,4410,NA,NA,NA,NA,10560,NA,NA,NA,NA,2780,NA,NA,NA,NA,9150,NA,NA,NA,NA,3740,NA,NA,NA,NA,NA,NA,NA,NA,NA,744,NA,NA,NA,NA,NA,NA,NA,NA,NA,7920,NA,NA,NA,NA,3600,NA,NA,NA,NA,4400,NA,NA,NA,NA,5480,NA,NA,NA,NA,5160,NA,NA,NA,NA,8800,NA,NA,NA,NA,NA,NA,NA,NA,NA,NA,NA,NA,NA,NA,3850,NA,NA,NA,NA,0,NA,NA,NA,NA,4206,NA,NA,NA,NA,16290,NA,NA,NA,NA,3980,NA,NA,NA,NA,NA,NA,NA,NA,NA,1488,NA,NA,NA,NA,5190,NA,NA,NA,NA,3850,NA,NA,NA,NA
M17 [Vaccines],17.2,Vaccine - Pentavalent,5. Total Stock,198999,NA,NA,NA,NA,1920,NA,NA,NA,NA,2880,NA,NA,NA,NA,16980,NA,NA,NA,NA,11730,NA,NA,NA,NA,7850,NA,NA,NA,NA,2210,NA,NA,NA,NA,8010,NA,NA,NA,NA,NA,NA,NA,NA,NA,1869,NA,NA,NA,NA,NA,NA,NA,NA,NA,13970,NA,NA,NA,NA,5140,NA,NA,NA,NA,11800,NA,NA,NA,NA,4650,NA,NA,NA,NA,11060,NA,NA,NA,NA,6320,NA,NA,NA,NA,NA,NA,NA,NA,NA,0,NA,NA,NA,NA,21760,NA,NA,NA,NA,9000,NA,NA,NA,NA,7334,NA,NA,NA,NA,11320,NA,NA,NA,NA,18860,NA,NA,NA,NA,NA,NA,NA,NA,NA,576,NA,NA,NA,NA,18010,NA,NA,NA,NA,5750,NA,NA,NA,NA
M17 [Vaccines],17.3,Vaccine - OPV,1. Balance From Previous Month,330750,NA,NA,NA,NA,11000,NA,NA,NA,NA,6500,NA,NA,NA,NA,22200,NA,NA,NA,NA,23920,NA,NA,NA,NA,7240,NA,NA,NA,NA,200,NA,NA,NA,NA,17800,NA,NA,NA,NA,NA,NA,NA,NA,NA,1030,NA,NA,NA,NA,NA,NA,NA,NA,NA,16660,NA,NA,NA,NA,4840,NA,NA,NA,NA,15400,NA,NA,NA,NA,37680,NA,NA,NA,NA,47600,NA,NA,NA,NA,20000,NA,NA,NA,NA,NA,NA,NA,NA,NA,NA,NA,NA,NA,NA,27200,NA,NA,NA,NA,7230,NA,NA,NA,NA,18310,NA,NA,NA,NA,6300,NA,NA,NA,NA,11960,NA,NA,NA,NA,NA,NA,NA,NA,NA,300,NA,NA,NA,NA,21740,NA,NA,NA,NA,5640,NA,NA,NA,NA
M17 [Vaccines],17.3,Vaccine - OPV,2. Stocks Received,306235,NA,NA,NA,NA,152000,NA,NA,NA,NA,30000,NA,NA,NA,NA,10000,NA,NA,NA,NA,0,NA,NA,NA,NA,0,NA,NA,NA,NA,15000,NA,NA,NA,NA,4000,NA,NA,NA,NA,NA,NA,NA,NA,NA,1000,NA,NA,NA,NA,NA,NA,NA,NA,NA,20000,NA,NA,NA,NA,10000,NA,NA,NA,NA,4360,NA,NA,NA,NA,0,NA,NA,NA,NA,0,NA,NA,NA,NA,NA,NA,NA,NA,NA,NA,NA,NA,NA,NA,NA,NA,NA,NA,NA,0,NA,NA,NA,NA,0,NA,NA,NA,NA,0,NA,NA,NA,NA,30000,NA,NA,NA,NA,7000,NA,NA,NA,NA,NA,NA,NA,NA,NA,875,NA,NA,NA,NA,15000,NA,NA,NA,NA,7000,NA,NA,NA,NA
M17 [Vaccines],17.3,Vaccine - OPV,3. Unusable Stock,0,NA,NA,NA,NA,0,NA,NA,NA,NA,0,NA,NA,NA,NA,NA,NA,NA,NA,NA,NA,NA,NA,NA,NA,0,NA,NA,NA,NA,NA,NA,NA,NA,NA,0,NA,NA,NA,NA,NA,NA,NA,NA,NA,NA,NA,NA,NA,NA,NA,NA,NA,NA,NA,0,NA,NA,NA,NA,NA,NA,NA,NA,NA,0,NA,NA,NA,NA,NA,NA,NA,NA,NA,0,NA,NA,NA,NA,NA,NA,NA,NA,NA,NA,NA,NA,NA,NA,NA,NA,NA,NA,NA,NA,NA,NA,NA,NA,0,NA,NA,NA,NA,0,NA,NA,NA,NA,NA,NA,NA,NA,NA,NA,NA,NA,NA,NA,NA,NA,NA,NA,NA,0,NA,NA,NA,NA,NA,NA,NA,NA,NA,NA,NA,NA,NA,NA
M17 [Vaccines],17.3,Vaccine - OPV,4. Stock Distributed,157932,NA,NA,NA,NA,6000,NA,NA,NA,NA,20000,NA,NA,NA,NA,6500,NA,NA,NA,NA,13720,NA,NA,NA,NA,2440,NA,NA,NA,NA,15200,NA,NA,NA,NA,6340,NA,NA,NA,NA,NA,NA,NA,NA,NA,802,NA,NA,NA,NA,NA,NA,NA,NA,NA,14480,NA,NA,NA,NA,1800,NA,NA,NA,NA,3100,NA,NA,NA,NA,4560,NA,NA,NA,NA,6500,NA,NA,NA,NA,9000,NA,NA,NA,NA,NA,NA,NA,NA,NA,NA,NA,NA,NA,NA,300,NA,NA,NA,NA,0,NA,NA,NA,NA,8860,NA,NA,NA,NA,15800,NA,NA,NA,NA,4500,NA,NA,NA,NA,NA,NA,NA,NA,NA,450,NA,NA,NA,NA,10580,NA,NA,NA,NA,7000,NA,NA,NA,NA
M17 [Vaccines],17.3,Vaccine - OPV,5. Total Stock,479053,NA,NA,NA,NA,157000,NA,NA,NA,NA,16500,NA,NA,NA,NA,25700,NA,NA,NA,NA,10200,NA,NA,NA,NA,4800,NA,NA,NA,NA,0,NA,NA,NA,NA,15460,NA,NA,NA,NA,NA,NA,NA,NA,NA,1228,NA,NA,NA,NA,NA,NA,NA,NA,NA,22180,NA,NA,NA,NA,13040,NA,NA,NA,NA,16660,NA,NA,NA,NA,33120,NA,NA,NA,NA,41100,NA,NA,NA,NA,11000,NA,NA,NA,NA,NA,NA,NA,NA,NA,0,NA,NA,NA,NA,26900,NA,NA,NA,NA,7230,NA,NA,NA,NA,9450,NA,NA,NA,NA,20500,NA,NA,NA,NA,14460,NA,NA,NA,NA,NA,NA,NA,NA,NA,725,NA,NA,NA,NA,26160,NA,NA,NA,NA,5640,NA,NA,NA,NA
M17 [Vaccines],17.4,Vaccine - TT,1. Balance From Previous Month,244765,NA,NA,NA,NA,12300,NA,NA,NA,NA,320,NA,NA,NA,NA,7030,NA,NA,NA,NA,32700,NA,NA,NA,NA,7400,NA,NA,NA,NA,7560,NA,NA,NA,NA,13050,NA,NA,NA,NA,NA,NA,NA,NA,NA,413,NA,NA,NA,NA,NA,NA,NA,NA,NA,14130,NA,NA,NA,NA,8180,NA,NA,NA,NA,12640,NA,NA,NA,NA,9880,NA,NA,NA,NA,6890,NA,NA,NA,NA,15630,NA,NA,NA,NA,NA,NA,NA,NA,NA,NA,NA,NA,NA,NA,25530,NA,NA,NA,NA,4000,NA,NA,NA,NA,5880,NA,NA,NA,NA,18910,NA,NA,NA,NA,12930,NA,NA,NA,NA,NA,NA,NA,NA,NA,2152,NA,NA,NA,NA,14290,NA,NA,NA,NA,12950,NA,NA,NA,NA
M17 [Vaccines],17.4,Vaccine - TT,2. Stocks Received,72800,NA,NA,NA,NA,0,NA,NA,NA,NA,13000,NA,NA,NA,NA,5000,NA,NA,NA,NA,0,NA,NA,NA,NA,0,NA,NA,NA,NA,6000,NA,NA,NA,NA,0,NA,NA,NA,NA,NA,NA,NA,NA,NA,800,NA,NA,NA,NA,NA,NA,NA,NA,NA,10000,NA,NA,NA,NA,4000,NA,NA,NA,NA,3000,NA,NA,NA,NA,0,NA,NA,NA,NA,5000,NA,NA,NA,NA,NA,NA,NA,NA,NA,NA,NA,NA,NA,NA,NA,NA,NA,NA,NA,0,NA,NA,NA,NA,0,NA,NA,NA,NA,6000,NA,NA,NA,NA,10000,NA,NA,NA,NA,2000,NA,NA,NA,NA,NA,NA,NA,NA,NA,0,NA,NA,NA,NA,5000,NA,NA,NA,NA,3000,NA,NA,NA,NA
M17 [Vaccines],17.4,Vaccine - TT,3. Unusable Stock,0,NA,NA,NA,NA,0,NA,NA,NA,NA,0,NA,NA,NA,NA,NA,NA,NA,NA,NA,NA,NA,NA,NA,NA,0,NA,NA,NA,NA,NA,NA,NA,NA,NA,0,NA,NA,NA,NA,NA,NA,NA,NA,NA,NA,NA,NA,NA,NA,NA,NA,NA,NA,NA,0,NA,NA,NA,NA,NA,NA,NA,NA,NA,0,NA,NA,NA,NA,NA,NA,NA,NA,NA,0,NA,NA,NA,NA,NA,NA,NA,NA,NA,NA,NA,NA,NA,NA,NA,NA,NA,NA,NA,NA,NA,NA,NA,NA,0,NA,NA,NA,NA,0,NA,NA,NA,NA,NA,NA,NA,NA,NA,NA,NA,NA,NA,NA,NA,NA,NA,NA,NA,0,NA,NA,NA,NA,NA,NA,NA,NA,NA,NA,NA,NA,NA,NA
M17 [Vaccines],17.4,Vaccine - TT,4. Stock Distributed,93566,NA,NA,NA,NA,4600,NA,NA,NA,NA,9730,NA,NA,NA,NA,3300,NA,NA,NA,NA,8000,NA,NA,NA,NA,2450,NA,NA,NA,NA,9800,NA,NA,NA,NA,3600,NA,NA,NA,NA,NA,NA,NA,NA,NA,686,NA,NA,NA,NA,NA,NA,NA,NA,NA,4630,NA,NA,NA,NA,2990,NA,NA,NA,NA,5060,NA,NA,NA,NA,3740,NA,NA,NA,NA,3150,NA,NA,NA,NA,6600,NA,NA,NA,NA,NA,NA,NA,NA,NA,NA,NA,NA,NA,NA,1450,NA,NA,NA,NA,0,NA,NA,NA,NA,3420,NA,NA,NA,NA,7750,NA,NA,NA,NA,2850,NA,NA,NA,NA,NA,NA,NA,NA,NA,630,NA,NA,NA,NA,4480,NA,NA,NA,NA,4650,NA,NA,NA,NA
M17 [Vaccines],17.4,Vaccine - TT,5. Total Stock,223999,NA,NA,NA,NA,7700,NA,NA,NA,NA,3590,NA,NA,NA,NA,8730,NA,NA,NA,NA,24700,NA,NA,NA,NA,4950,NA,NA,NA,NA,3760,NA,NA,NA,NA,9450,NA,NA,NA,NA,NA,NA,NA,NA,NA,527,NA,NA,NA,NA,NA,NA,NA,NA,NA,19500,NA,NA,NA,NA,9190,NA,NA,NA,NA,10580,NA,NA,NA,NA,6140,NA,NA,NA,NA,8740,NA,NA,NA,NA,9030,NA,NA,NA,NA,NA,NA,NA,NA,NA,0,NA,NA,NA,NA,24080,NA,NA,NA,NA,4000,NA,NA,NA,NA,8460,NA,NA,NA,NA,21160,NA,NA,NA,NA,12080,NA,NA,NA,NA,NA,NA,NA,NA,NA,1522,NA,NA,NA,NA,14810,NA,NA,NA,NA,11300,NA,NA,NA,NA
M17 [Vaccines],17.5,Vaccine - DT,1. Balance From Previous Month,0,NA,NA,NA,NA,0,NA,NA,NA,NA,0,NA,NA,NA,NA,0,NA,NA,NA,NA,0,NA,NA,NA,NA,0,NA,NA,NA,NA,0,NA,NA,NA,NA,0,NA,NA,NA,NA,NA,NA,NA,NA,NA,NA,NA,NA,NA,NA,NA,NA,NA,NA,NA,0,NA,NA,NA,NA,0,NA,NA,NA,NA,0,NA,NA,NA,NA,0,NA,NA,NA,NA,0,NA,NA,NA,NA,NA,NA,NA,NA,NA,NA,NA,NA,NA,NA,NA,NA,NA,NA,NA,NA,NA,NA,NA,NA,0,NA,NA,NA,NA,0,NA,NA,NA,NA,NA,NA,NA,NA,NA,0,NA,NA,NA,NA,NA,NA,NA,NA,NA,NA,NA,NA,NA,NA,0,NA,NA,NA,NA,0,NA,NA,NA,NA
M17 [Vaccines],17.5,Vaccine - DT,2. Stocks Received,0,NA,NA,NA,NA,0,NA,NA,NA,NA,0,NA,NA,NA,NA,NA,NA,NA,NA,NA,0,NA,NA,NA,NA,0,NA,NA,NA,NA,NA,NA,NA,NA,NA,0,NA,NA,NA,NA,NA,NA,NA,NA,NA,NA,NA,NA,NA,NA,NA,NA,NA,NA,NA,0,NA,NA,NA,NA,0,NA,NA,NA,NA,0,NA,NA,NA,NA,NA,NA,NA,NA,NA,0,NA,NA,NA,NA,NA,NA,NA,NA,NA,NA,NA,NA,NA,NA,NA,NA,NA,NA,NA,NA,NA,NA,NA,NA,0,NA,NA,NA,NA,0,NA,NA,NA,NA,NA,NA,NA,NA,NA,0,NA,NA,NA,NA,NA,NA,NA,NA,NA,NA,NA,NA,NA,NA,0,NA,NA,NA,NA,NA,NA,NA,NA,NA
M17 [Vaccines],17.5,Vaccine - DT,3. Unusable Stock,0,NA,NA,NA,NA,0,NA,NA,NA,NA,0,NA,NA,NA,NA,NA,NA,NA,NA,NA,NA,NA,NA,NA,NA,0,NA,NA,NA,NA,NA,NA,NA,NA,NA,0,NA,NA,NA,NA,NA,NA,NA,NA,NA,NA,NA,NA,NA,NA,NA,NA,NA,NA,NA,0,NA,NA,NA,NA,NA,NA,NA,NA,NA,0,NA,NA,NA,NA,NA,NA,NA,NA,NA,0,NA,NA,NA,NA,NA,NA,NA,NA,NA,NA,NA,NA,NA,NA,NA,NA,NA,NA,NA,NA,NA,NA,NA,NA,0,NA,NA,NA,NA,0,NA,NA,NA,NA,NA,NA,NA,NA,NA,NA,NA,NA,NA,NA,NA,NA,NA,NA,NA,NA,NA,NA,NA,NA,NA,NA,NA,NA,NA,NA,NA,NA,NA,NA
M17 [Vaccines],17.5,Vaccine - DT,4. Stock Distributed,0,NA,NA,NA,NA,0,NA,NA,NA,NA,0,NA,NA,NA,NA,NA,NA,NA,NA,NA,0,NA,NA,NA,NA,0,NA,NA,NA,NA,NA,NA,NA,NA,NA,0,NA,NA,NA,NA,NA,NA,NA,NA,NA,NA,NA,NA,NA,NA,NA,NA,NA,NA,NA,0,NA,NA,NA,NA,0,NA,NA,NA,NA,0,NA,NA,NA,NA,NA,NA,NA,NA,NA,0,NA,NA,NA,NA,NA,NA,NA,NA,NA,NA,NA,NA,NA,NA,NA,NA,NA,NA,NA,NA,NA,NA,NA,NA,0,NA,NA,NA,NA,0,NA,NA,NA,NA,NA,NA,NA,NA,NA,0,NA,NA,NA,NA,NA,NA,NA,NA,NA,NA,NA,NA,NA,NA,0,NA,NA,NA,NA,NA,NA,NA,NA,NA
M17 [Vaccines],17.5,Vaccine - DT,5. Total Stock,0,NA,NA,NA,NA,0,NA,NA,NA,NA,0,NA,NA,NA,NA,0,NA,NA,NA,NA,0,NA,NA,NA,NA,0,NA,NA,NA,NA,0,NA,NA,NA,NA,0,NA,NA,NA,NA,NA,NA,NA,NA,NA,0,NA,NA,NA,NA,NA,NA,NA,NA,NA,0,NA,NA,NA,NA,0,NA,NA,NA,NA,0,NA,NA,NA,NA,0,NA,NA,NA,NA,0,NA,NA,NA,NA,0,NA,NA,NA,NA,NA,NA,NA,NA,NA,0,NA,NA,NA,NA,0,NA,NA,NA,NA,0,NA,NA,NA,NA,0,NA,NA,NA,NA,0,NA,NA,NA,NA,0,NA,NA,NA,NA,NA,NA,NA,NA,NA,0,NA,NA,NA,NA,0,NA,NA,NA,NA,0,NA,NA,NA,NA
M17 [Vaccines],17.6,Vaccine - BCG,1. Balance From Previous Month,127157,NA,NA,NA,NA,1000,NA,NA,NA,NA,520,NA,NA,NA,NA,8700,NA,NA,NA,NA,12800,NA,NA,NA,NA,4150,NA,NA,NA,NA,750,NA,NA,NA,NA,2460,NA,NA,NA,NA,NA,NA,NA,NA,NA,1147,NA,NA,NA,NA,NA,NA,NA,NA,NA,9530,NA,NA,NA,NA,2980,NA,NA,NA,NA,4990,NA,NA,NA,NA,10090,NA,NA,NA,NA,9410,NA,NA,NA,NA,12900,NA,NA,NA,NA,NA,NA,NA,NA,NA,NA,NA,NA,NA,NA,9650,NA,NA,NA,NA,8000,NA,NA,NA,NA,3820,NA,NA,NA,NA,460,NA,NA,NA,NA,6800,NA,NA,NA,NA,NA,NA,NA,NA,NA,300,NA,NA,NA,NA,11500,NA,NA,NA,NA,5200,NA,NA,NA,NA
M17 [Vaccines],17.6,Vaccine - BCG,2. Stocks Received,88000,NA,NA,NA,NA,5000,NA,NA,NA,NA,12000,NA,NA,NA,NA,7000,NA,NA,NA,NA,0,NA,NA,NA,NA,0,NA,NA,NA,NA,5000,NA,NA,NA,NA,3000,NA,NA,NA,NA,NA,NA,NA,NA,NA,1000,NA,NA,NA,NA,NA,NA,NA,NA,NA,10000,NA,NA,NA,NA,5000,NA,NA,NA,NA,5000,NA,NA,NA,NA,0,NA,NA,NA,NA,5000,NA,NA,NA,NA,NA,NA,NA,NA,NA,NA,NA,NA,NA,NA,NA,NA,NA,NA,NA,0,NA,NA,NA,NA,0,NA,NA,NA,NA,6000,NA,NA,NA,NA,14000,NA,NA,NA,NA,3000,NA,NA,NA,NA,NA,NA,NA,NA,NA,1000,NA,NA,NA,NA,5000,NA,NA,NA,NA,1000,NA,NA,NA,NA
M17 [Vaccines],17.6,Vaccine - BCG,3. Unusable Stock,300,NA,NA,NA,NA,0,NA,NA,NA,NA,0,NA,NA,NA,NA,NA,NA,NA,NA,NA,NA,NA,NA,NA,NA,0,NA,NA,NA,NA,NA,NA,NA,NA,NA,0,NA,NA,NA,NA,NA,NA,NA,NA,NA,NA,NA,NA,NA,NA,NA,NA,NA,NA,NA,0,NA,NA,NA,NA,NA,NA,NA,NA,NA,0,NA,NA,NA,NA,NA,NA,NA,NA,NA,0,NA,NA,NA,NA,NA,NA,NA,NA,NA,NA,NA,NA,NA,NA,NA,NA,NA,NA,NA,NA,NA,NA,NA,NA,0,NA,NA,NA,NA,0,NA,NA,NA,NA,NA,NA,NA,NA,NA,NA,NA,NA,NA,NA,NA,NA,NA,NA,NA,0,NA,NA,NA,NA,NA,NA,NA,NA,NA,300,NA,NA,NA,NA
M17 [Vaccines],17.6,Vaccine - BCG,4. Stock Distributed,106979,NA,NA,NA,NA,4000,NA,NA,NA,NA,10320,NA,NA,NA,NA,3800,NA,NA,NA,NA,10100,NA,NA,NA,NA,2250,NA,NA,NA,NA,5550,NA,NA,NA,NA,3320,NA,NA,NA,NA,NA,NA,NA,NA,NA,479,NA,NA,NA,NA,NA,NA,NA,NA,NA,6630,NA,NA,NA,NA,3700,NA,NA,NA,NA,5190,NA,NA,NA,NA,5630,NA,NA,NA,NA,4650,NA,NA,NA,NA,5500,NA,NA,NA,NA,NA,NA,NA,NA,NA,NA,NA,NA,NA,NA,3620,NA,NA,NA,NA,0,NA,NA,NA,NA,4540,NA,NA,NA,NA,14460,NA,NA,NA,NA,3150,NA,NA,NA,NA,NA,NA,NA,NA,NA,950,NA,NA,NA,NA,4020,NA,NA,NA,NA,5120,NA,NA,NA,NA
M17 [Vaccines],17.6,Vaccine - BCG,5. Total Stock,107878,NA,NA,NA,NA,2000,NA,NA,NA,NA,2200,NA,NA,NA,NA,11900,NA,NA,NA,NA,2700,NA,NA,NA,NA,1900,NA,NA,NA,NA,200,NA,NA,NA,NA,2140,NA,NA,NA,NA,NA,NA,NA,NA,NA,1668,NA,NA,NA,NA,NA,NA,NA,NA,NA,12900,NA,NA,NA,NA,4280,NA,NA,NA,NA,4800,NA,NA,NA,NA,4460,NA,NA,NA,NA,9760,NA,NA,NA,NA,7400,NA,NA,NA,NA,NA,NA,NA,NA,NA,0,NA,NA,NA,NA,6030,NA,NA,NA,NA,8000,NA,NA,NA,NA,5280,NA,NA,NA,NA,0,NA,NA,NA,NA,6650,NA,NA,NA,NA,NA,NA,NA,NA,NA,350,NA,NA,NA,NA,12480,NA,NA,NA,NA,780,NA,NA,NA,NA
M17 [Vaccines],17.7,Vaccine - Measles,1. Balance From Previous Month,32354,NA,NA,NA,NA,0,NA,NA,NA,NA,800,NA,NA,NA,NA,800,NA,NA,NA,NA,750,NA,NA,NA,NA,3050,NA,NA,NA,NA,0,NA,NA,NA,NA,2120,NA,NA,NA,NA,NA,NA,NA,NA,NA,224,NA,NA,NA,NA,NA,NA,NA,NA,NA,0,NA,NA,NA,NA,575,NA,NA,NA,NA,5380,NA,NA,NA,NA,770,NA,NA,NA,NA,5200,NA,NA,NA,NA,0,NA,NA,NA,NA,NA,NA,NA,NA,NA,NA,NA,NA,NA,NA,2100,NA,NA,NA,NA,7000,NA,NA,NA,NA,0,NA,NA,NA,NA,0,NA,NA,NA,NA,3000,NA,NA,NA,NA,NA,NA,NA,NA,NA,10,NA,NA,NA,NA,75,NA,NA,NA,NA,500,NA,NA,NA,NA
M17 [Vaccines],17.7,Vaccine - Measles,2. Stocks Received,22458,NA,NA,NA,NA,0,NA,NA,NA,NA,10000,NA,NA,NA,NA,NA,NA,NA,NA,NA,0,NA,NA,NA,NA,0,NA,NA,NA,NA,750,NA,NA,NA,NA,0,NA,NA,NA,NA,NA,NA,NA,NA,NA,258,NA,NA,NA,NA,NA,NA,NA,NA,NA,750,NA,NA,NA,NA,0,NA,NA,NA,NA,0,NA,NA,NA,NA,0,NA,NA,NA,NA,5000,NA,NA,NA,NA,375,NA,NA,NA,NA,NA,NA,NA,NA,NA,NA,NA,NA,NA,NA,0,NA,NA,NA,NA,0,NA,NA,NA,NA,0,NA,NA,NA,NA,5325,NA,NA,NA,NA,0,NA,NA,NA,NA,NA,NA,NA,NA,NA,0,NA,NA,NA,NA,0,NA,NA,NA,NA,0,NA,NA,NA,NA
M17 [Vaccines],17.7,Vaccine - Measles,3. Unusable Stock,0,NA,NA,NA,NA,0,NA,NA,NA,NA,0,NA,NA,NA,NA,NA,NA,NA,NA,NA,NA,NA,NA,NA,NA,0,NA,NA,NA,NA,NA,NA,NA,NA,NA,0,NA,NA,NA,NA,NA,NA,NA,NA,NA,NA,NA,NA,NA,NA,NA,NA,NA,NA,NA,0,NA,NA,NA,NA,NA,NA,NA,NA,NA,0,NA,NA,NA,NA,NA,NA,NA,NA,NA,0,NA,NA,NA,NA,NA,NA,NA,NA,NA,NA,NA,NA,NA,NA,NA,NA,NA,NA,NA,NA,NA,NA,NA,NA,0,NA,NA,NA,NA,0,NA,NA,NA,NA,NA,NA,NA,NA,NA,NA,NA,NA,NA,NA,NA,NA,NA,NA,NA,0,NA,NA,NA,NA,0,NA,NA,NA,NA,NA,NA,NA,NA,NA
M17 [Vaccines],17.7,Vaccine - Measles,4. Stock Distributed,27713,NA,NA,NA,NA,0,NA,NA,NA,NA,7960,NA,NA,NA,NA,600,NA,NA,NA,NA,0,NA,NA,NA,NA,1700,NA,NA,NA,NA,750,NA,NA,NA,NA,2120,NA,NA,NA,NA,NA,NA,NA,NA,NA,363,NA,NA,NA,NA,NA,NA,NA,NA,NA,750,NA,NA,NA,NA,575,NA,NA,NA,NA,3880,NA,NA,NA,NA,755,NA,NA,NA,NA,NA,NA,NA,NA,NA,170,NA,NA,NA,NA,NA,NA,NA,NA,NA,NA,NA,NA,NA,NA,2100,NA,NA,NA,NA,0,NA,NA,NA,NA,0,NA,NA,NA,NA,5305,NA,NA,NA,NA,100,NA,NA,NA,NA,NA,NA,NA,NA,NA,10,NA,NA,NA,NA,75,NA,NA,NA,NA,500,NA,NA,NA,NA
M17 [Vaccines],17.7,Vaccine - Measles,5. Total Stock,27099,NA,NA,NA,NA,0,NA,NA,NA,NA,2840,NA,NA,NA,NA,200,NA,NA,NA,NA,750,NA,NA,NA,NA,1350,NA,NA,NA,NA,0,NA,NA,NA,NA,0,NA,NA,NA,NA,NA,NA,NA,NA,NA,119,NA,NA,NA,NA,NA,NA,NA,NA,NA,0,NA,NA,NA,NA,0,NA,NA,NA,NA,1500,NA,NA,NA,NA,15,NA,NA,NA,NA,10200,NA,NA,NA,NA,205,NA,NA,NA,NA,NA,NA,NA,NA,NA,0,NA,NA,NA,NA,0,NA,NA,NA,NA,7000,NA,NA,NA,NA,0,NA,NA,NA,NA,20,NA,NA,NA,NA,2900,NA,NA,NA,NA,NA,NA,NA,NA,NA,0,NA,NA,NA,NA,0,NA,NA,NA,NA,0,NA,NA,NA,NA
M17 [Vaccines],17.8,Vaccine - JE,1. Balance From Previous Month,134142,NA,NA,NA,NA,450,NA,NA,NA,NA,3500,NA,NA,NA,NA,1700,NA,NA,NA,NA,2200,NA,NA,NA,NA,6400,NA,NA,NA,NA,250,NA,NA,NA,NA,2800,NA,NA,NA,NA,NA,NA,NA,NA,NA,1897,NA,NA,NA,NA,NA,NA,NA,NA,NA,4290,NA,NA,NA,NA,7345,NA,NA,NA,NA,8425,NA,NA,NA,NA,9635,NA,NA,NA,NA,50,NA,NA,NA,NA,49000,NA,NA,NA,NA,NA,NA,NA,NA,NA,NA,NA,NA,NA,NA,11430,NA,NA,NA,NA,3000,NA,NA,NA,NA,7010,NA,NA,NA,NA,4425,NA,NA,NA,NA,1415,NA,NA,NA,NA,NA,NA,NA,NA,NA,370,NA,NA,NA,NA,7000,NA,NA,NA,NA,1550,NA,NA,NA,NA
M17 [Vaccines],17.8,Vaccine - JE,2. Stocks Received,90200,NA,NA,NA,NA,5000,NA,NA,NA,NA,5000,NA,NA,NA,NA,10000,NA,NA,NA,NA,0,NA,NA,NA,NA,0,NA,NA,NA,NA,5000,NA,NA,NA,NA,3000,NA,NA,NA,NA,NA,NA,NA,NA,NA,0,NA,NA,NA,NA,NA,NA,NA,NA,NA,10000,NA,NA,NA,NA,4000,NA,NA,NA,NA,5000,NA,NA,NA,NA,0,NA,NA,NA,NA,10000,NA,NA,NA,NA,5000,NA,NA,NA,NA,NA,NA,NA,NA,NA,NA,NA,NA,NA,NA,0,NA,NA,NA,NA,0,NA,NA,NA,NA,5000,NA,NA,NA,NA,10000,NA,NA,NA,NA,5000,NA,NA,NA,NA,NA,NA,NA,NA,NA,2200,NA,NA,NA,NA,2000,NA,NA,NA,NA,4000,NA,NA,NA,NA
M17 [Vaccines],17.8,Vaccine - JE,3. Unusable Stock,0,NA,NA,NA,NA,0,NA,NA,NA,NA,0,NA,NA,NA,NA,NA,NA,NA,NA,NA,NA,NA,NA,NA,NA,0,NA,NA,NA,NA,NA,NA,NA,NA,NA,0,NA,NA,NA,NA,NA,NA,NA,NA,NA,NA,NA,NA,NA,NA,NA,NA,NA,NA,NA,0,NA,NA,NA,NA,NA,NA,NA,NA,NA,0,NA,NA,NA,NA,NA,NA,NA,NA,NA,0,NA,NA,NA,NA,NA,NA,NA,NA,NA,NA,NA,NA,NA,NA,NA,NA,NA,NA,NA,NA,NA,NA,NA,NA,0,NA,NA,NA,NA,0,NA,NA,NA,NA,NA,NA,NA,NA,NA,NA,NA,NA,NA,NA,NA,NA,NA,NA,NA,0,NA,NA,NA,NA,NA,NA,NA,NA,NA,NA,NA,NA,NA,NA
M17 [Vaccines],17.8,Vaccine - JE,4. Stock Distributed,88317,NA,NA,NA,NA,3650,NA,NA,NA,NA,8100,NA,NA,NA,NA,1450,NA,NA,NA,NA,2200,NA,NA,NA,NA,1850,NA,NA,NA,NA,5250,NA,NA,NA,NA,3250,NA,NA,NA,NA,NA,NA,NA,NA,NA,957,NA,NA,NA,NA,NA,NA,NA,NA,NA,4750,NA,NA,NA,NA,4205,NA,NA,NA,NA,4060,NA,NA,NA,NA,5195,NA,NA,NA,NA,2225,NA,NA,NA,NA,5550,NA,NA,NA,NA,NA,NA,NA,NA,NA,NA,NA,NA,NA,NA,5380,NA,NA,NA,NA,0,NA,NA,NA,NA,4595,NA,NA,NA,NA,11350,NA,NA,NA,NA,3310,NA,NA,NA,NA,NA,NA,NA,NA,NA,2110,NA,NA,NA,NA,4980,NA,NA,NA,NA,3900,NA,NA,NA,NA
M17 [Vaccines],17.8,Vaccine - JE,5. Total Stock,136025,NA,NA,NA,NA,1800,NA,NA,NA,NA,400,NA,NA,NA,NA,10250,NA,NA,NA,NA,0,NA,NA,NA,NA,4550,NA,NA,NA,NA,0,NA,NA,NA,NA,2550,NA,NA,NA,NA,NA,NA,NA,NA,NA,940,NA,NA,NA,NA,NA,NA,NA,NA,NA,9540,NA,NA,NA,NA,7140,NA,NA,NA,NA,9365,NA,NA,NA,NA,4440,NA,NA,NA,NA,7825,NA,NA,NA,NA,48450,NA,NA,NA,NA,NA,NA,NA,NA,NA,0,NA,NA,NA,NA,6050,NA,NA,NA,NA,3000,NA,NA,NA,NA,7415,NA,NA,NA,NA,3075,NA,NA,NA,NA,3105,NA,NA,NA,NA,NA,NA,NA,NA,NA,460,NA,NA,NA,NA,4020,NA,NA,NA,NA,1650,NA,NA,NA,NA
M17 [Vaccines],17.9,Vaccine - Hepatitis B,1. Balance From Previous Month,96464,NA,NA,NA,NA,2300,NA,NA,NA,NA,900,NA,NA,NA,NA,2500,NA,NA,NA,NA,16500,NA,NA,NA,NA,4200,NA,NA,NA,NA,500,NA,NA,NA,NA,4020,NA,NA,NA,NA,NA,NA,NA,NA,NA,1544,NA,NA,NA,NA,NA,NA,NA,NA,NA,3910,NA,NA,NA,NA,4030,NA,NA,NA,NA,1290,NA,NA,NA,NA,4020,NA,NA,NA,NA,5360,NA,NA,NA,NA,8720,NA,NA,NA,NA,NA,NA,NA,NA,NA,NA,NA,NA,NA,NA,8470,NA,NA,NA,NA,0,NA,NA,NA,NA,5040,NA,NA,NA,NA,7240,NA,NA,NA,NA,7280,NA,NA,NA,NA,NA,NA,NA,NA,NA,30,NA,NA,NA,NA,4310,NA,NA,NA,NA,4300,NA,NA,NA,NA
M17 [Vaccines],17.9,Vaccine - Hepatitis B,2. Stocks Received,20350,NA,NA,NA,NA,1000,NA,NA,NA,NA,0,NA,NA,NA,NA,5000,NA,NA,NA,NA,0,NA,NA,NA,NA,0,NA,NA,NA,NA,1000,NA,NA,NA,NA,0,NA,NA,NA,NA,NA,NA,NA,NA,NA,0,NA,NA,NA,NA,NA,NA,NA,NA,NA,0,NA,NA,NA,NA,0,NA,NA,NA,NA,2000,NA,NA,NA,NA,0,NA,NA,NA,NA,0,NA,NA,NA,NA,NA,NA,NA,NA,NA,NA,NA,NA,NA,NA,NA,NA,NA,NA,NA,0,NA,NA,NA,NA,0,NA,NA,NA,NA,0,NA,NA,NA,NA,10000,NA,NA,NA,NA,0,NA,NA,NA,NA,NA,NA,NA,NA,NA,350,NA,NA,NA,NA,0,NA,NA,NA,NA,1000,NA,NA,NA,NA
M17 [Vaccines],17.9,Vaccine - Hepatitis B,3. Unusable Stock,0,NA,NA,NA,NA,0,NA,NA,NA,NA,0,NA,NA,NA,NA,NA,NA,NA,NA,NA,NA,NA,NA,NA,NA,0,NA,NA,NA,NA,NA,NA,NA,NA,NA,0,NA,NA,NA,NA,NA,NA,NA,NA,NA,NA,NA,NA,NA,NA,NA,NA,NA,NA,NA,0,NA,NA,NA,NA,NA,NA,NA,NA,NA,0,NA,NA,NA,NA,NA,NA,NA,NA,NA,0,NA,NA,NA,NA,NA,NA,NA,NA,NA,NA,NA,NA,NA,NA,NA,NA,NA,NA,NA,NA,NA,NA,NA,NA,0,NA,NA,NA,NA,0,NA,NA,NA,NA,NA,NA,NA,NA,NA,NA,NA,NA,NA,NA,NA,NA,NA,NA,NA,0,NA,NA,NA,NA,NA,NA,NA,NA,NA,NA,NA,NA,NA,NA
M17 [Vaccines],17.9,Vaccine - Hepatitis B,4. Stock Distributed,19555,NA,NA,NA,NA,1800,NA,NA,NA,NA,600,NA,NA,NA,NA,NA,NA,NA,NA,NA,1200,NA,NA,NA,NA,100,NA,NA,NA,NA,1290,NA,NA,NA,NA,810,NA,NA,NA,NA,NA,NA,NA,NA,NA,335,NA,NA,NA,NA,NA,NA,NA,NA,NA,1310,NA,NA,NA,NA,150,NA,NA,NA,NA,1010,NA,NA,NA,NA,1740,NA,NA,NA,NA,2000,NA,NA,NA,NA,1750,NA,NA,NA,NA,NA,NA,NA,NA,NA,NA,NA,NA,NA,NA,1800,NA,NA,NA,NA,0,NA,NA,NA,NA,600,NA,NA,NA,NA,1450,NA,NA,NA,NA,0,NA,NA,NA,NA,NA,NA,NA,NA,NA,250,NA,NA,NA,NA,310,NA,NA,NA,NA,1050,NA,NA,NA,NA
M17 [Vaccines],17.9,Vaccine - Hepatitis B,5. Total Stock,97259,NA,NA,NA,NA,1500,NA,NA,NA,NA,300,NA,NA,NA,NA,7500,NA,NA,NA,NA,15300,NA,NA,NA,NA,4100,NA,NA,NA,NA,210,NA,NA,NA,NA,3210,NA,NA,NA,NA,NA,NA,NA,NA,NA,1209,NA,NA,NA,NA,NA,NA,NA,NA,NA,2600,NA,NA,NA,NA,3880,NA,NA,NA,NA,2280,NA,NA,NA,NA,2280,NA,NA,NA,NA,3360,NA,NA,NA,NA,6970,NA,NA,NA,NA,NA,NA,NA,NA,NA,NA,NA,NA,NA,NA,6670,NA,NA,NA,NA,0,NA,NA,NA,NA,4440,NA,NA,NA,NA,15790,NA,NA,NA,NA,7280,NA,NA,NA,NA,NA,NA,NA,NA,NA,130,NA,NA,NA,NA,4000,NA,NA,NA,NA,4250,NA,NA,NA,NA
M17 [Vaccines],17.1,Vaccine - Typhoid,1. Balance From Previous Month,0,NA,NA,NA,NA,0,NA,NA,NA,NA,0,NA,NA,NA,NA,0,NA,NA,NA,NA,0,NA,NA,NA,NA,0,NA,NA,NA,NA,0,NA,NA,NA,NA,NA,NA,NA,NA,NA,NA,NA,NA,NA,NA,NA,NA,NA,NA,NA,NA,NA,NA,NA,NA,0,NA,NA,NA,NA,0,NA,NA,NA,NA,0,NA,NA,NA,NA,NA,NA,NA,NA,NA,0,NA,NA,NA,NA,NA,NA,NA,NA,NA,NA,NA,NA,NA,NA,NA,NA,NA,NA,NA,NA,NA,NA,NA,NA,0,NA,NA,NA,NA,0,NA,NA,NA,NA,NA,NA,NA,NA,NA,0,NA,NA,NA,NA,NA,NA,NA,NA,NA,NA,NA,NA,NA,NA,0,NA,NA,NA,NA,NA,NA,NA,NA,NA
M17 [Vaccines],17.1,Vaccine - Typhoid,2. Stocks Received,0,NA,NA,NA,NA,0,NA,NA,NA,NA,0,NA,NA,NA,NA,NA,NA,NA,NA,NA,0,NA,NA,NA,NA,0,NA,NA,NA,NA,0,NA,NA,NA,NA,NA,NA,NA,NA,NA,NA,NA,NA,NA,NA,NA,NA,NA,NA,NA,NA,NA,NA,NA,NA,0,NA,NA,NA,NA,0,NA,NA,NA,NA,0,NA,NA,NA,NA,NA,NA,NA,NA,NA,0,NA,NA,NA,NA,NA,NA,NA,NA,NA,NA,NA,NA,NA,NA,NA,NA,NA,NA,NA,NA,NA,NA,NA,NA,0,NA,NA,NA,NA,0,NA,NA,NA,NA,NA,NA,NA,NA,NA,NA,NA,NA,NA,NA,NA,NA,NA,NA,NA,NA,NA,NA,NA,NA,0,NA,NA,NA,NA,NA,NA,NA,NA,NA
M17 [Vaccines],17.1,Vaccine - Typhoid,3. Unusable Stock,0,NA,NA,NA,NA,0,NA,NA,NA,NA,0,NA,NA,NA,NA,NA,NA,NA,NA,NA,NA,NA,NA,NA,NA,0,NA,NA,NA,NA,NA,NA,NA,NA,NA,NA,NA,NA,NA,NA,NA,NA,NA,NA,NA,NA,NA,NA,NA,NA,NA,NA,NA,NA,NA,0,NA,NA,NA,NA,NA,NA,NA,NA,NA,0,NA,NA,NA,NA,NA,NA,NA,NA,NA,0,NA,NA,NA,NA,NA,NA,NA,NA,NA,NA,NA,NA,NA,NA,NA,NA,NA,NA,NA,NA,NA,NA,NA,NA,0,NA,NA,NA,NA,0,NA,NA,NA,NA,NA,NA,NA,NA,NA,NA,NA,NA,NA,NA,NA,NA,NA,NA,NA,NA,NA,NA,NA,NA,NA,NA,NA,NA,NA,NA,NA,NA,NA,NA
M17 [Vaccines],17.1,Vaccine - Typhoid,4. Stock Distributed,0,NA,NA,NA,NA,0,NA,NA,NA,NA,0,NA,NA,NA,NA,NA,NA,NA,NA,NA,0,NA,NA,NA,NA,0,NA,NA,NA,NA,NA,NA,NA,NA,NA,NA,NA,NA,NA,NA,NA,NA,NA,NA,NA,NA,NA,NA,NA,NA,NA,NA,NA,NA,NA,0,NA,NA,NA,NA,0,NA,NA,NA,NA,0,NA,NA,NA,NA,NA,NA,NA,NA,NA,0,NA,NA,NA,NA,NA,NA,NA,NA,NA,NA,NA,NA,NA,NA,NA,NA,NA,NA,NA,NA,NA,NA,NA,NA,0,NA,NA,NA,NA,0,NA,NA,NA,NA,NA,NA,NA,NA,NA,NA,NA,NA,NA,NA,NA,NA,NA,NA,NA,NA,NA,NA,NA,NA,0,NA,NA,NA,NA,NA,NA,NA,NA,NA
M17 [Vaccines],17.1,Vaccine - Typhoid,5. Total Stock,0,NA,NA,NA,NA,0,NA,NA,NA,NA,0,NA,NA,NA,NA,0,NA,NA,NA,NA,0,NA,NA,NA,NA,0,NA,NA,NA,NA,0,NA,NA,NA,NA,NA,NA,NA,NA,NA,NA,NA,NA,NA,NA,NA,NA,NA,NA,NA,NA,NA,NA,NA,NA,0,NA,NA,NA,NA,0,NA,NA,NA,NA,0,NA,NA,NA,NA,NA,NA,NA,NA,NA,0,NA,NA,NA,NA,NA,NA,NA,NA,NA,NA,NA,NA,NA,NA,NA,NA,NA,NA,NA,NA,NA,NA,NA,NA,0,NA,NA,NA,NA,0,NA,NA,NA,NA,NA,NA,NA,NA,NA,0,NA,NA,NA,NA,NA,NA,NA,NA,NA,NA,NA,NA,NA,NA,0,NA,NA,NA,NA,NA,NA,NA,NA,NA
M17 [Vaccines],17.11,Vaccine - Vitamin K,1. Balance From Previous Month,7470,NA,NA,NA,NA,0,NA,NA,NA,NA,0,NA,NA,NA,NA,0,NA,NA,NA,NA,0,NA,NA,NA,NA,0,NA,NA,NA,NA,0,NA,NA,NA,NA,NA,NA,NA,NA,NA,NA,NA,NA,NA,NA,NA,NA,NA,NA,NA,NA,NA,NA,NA,NA,0,NA,NA,NA,NA,0,NA,NA,NA,NA,3270,NA,NA,NA,NA,NA,NA,NA,NA,NA,0,NA,NA,NA,NA,NA,NA,NA,NA,NA,NA,NA,NA,NA,NA,NA,NA,NA,NA,NA,NA,NA,NA,NA,NA,0,NA,NA,NA,NA,0,NA,NA,NA,NA,NA,NA,NA,NA,NA,0,NA,NA,NA,NA,NA,NA,NA,NA,NA,NA,NA,NA,NA,NA,0,NA,NA,NA,NA,4200,NA,NA,NA,NA
M17 [Vaccines],17.11,Vaccine - Vitamin K,2. Stocks Received,0,NA,NA,NA,NA,0,NA,NA,NA,NA,0,NA,NA,NA,NA,NA,NA,NA,NA,NA,0,NA,NA,NA,NA,0,NA,NA,NA,NA,0,NA,NA,NA,NA,NA,NA,NA,NA,NA,NA,NA,NA,NA,NA,NA,NA,NA,NA,NA,NA,NA,NA,NA,NA,0,NA,NA,NA,NA,0,NA,NA,NA,NA,0,NA,NA,NA,NA,NA,NA,NA,NA,NA,0,NA,NA,NA,NA,NA,NA,NA,NA,NA,NA,NA,NA,NA,NA,NA,NA,NA,NA,NA,NA,NA,NA,NA,NA,0,NA,NA,NA,NA,0,NA,NA,NA,NA,NA,NA,NA,NA,NA,NA,NA,NA,NA,NA,NA,NA,NA,NA,NA,NA,NA,NA,NA,NA,0,NA,NA,NA,NA,NA,NA,NA,NA,NA
M17 [Vaccines],17.11,Vaccine - Vitamin K,3. Unusable Stock,0,NA,NA,NA,NA,0,NA,NA,NA,NA,0,NA,NA,NA,NA,NA,NA,NA,NA,NA,NA,NA,NA,NA,NA,0,NA,NA,NA,NA,NA,NA,NA,NA,NA,NA,NA,NA,NA,NA,NA,NA,NA,NA,NA,NA,NA,NA,NA,NA,NA,NA,NA,NA,NA,0,NA,NA,NA,NA,NA,NA,NA,NA,NA,0,NA,NA,NA,NA,NA,NA,NA,NA,NA,0,NA,NA,NA,NA,NA,NA,NA,NA,NA,NA,NA,NA,NA,NA,NA,NA,NA,NA,NA,NA,NA,NA,NA,NA,0,NA,NA,NA,NA,0,NA,NA,NA,NA,NA,NA,NA,NA,NA,NA,NA,NA,NA,NA,NA,NA,NA,NA,NA,NA,NA,NA,NA,NA,NA,NA,NA,NA,NA,NA,NA,NA,NA,NA
M17 [Vaccines],17.11,Vaccine - Vitamin K,4. Stock Distributed,200,NA,NA,NA,NA,0,NA,NA,NA,NA,0,NA,NA,NA,NA,NA,NA,NA,NA,NA,0,NA,NA,NA,NA,0,NA,NA,NA,NA,NA,NA,NA,NA,NA,NA,NA,NA,NA,NA,NA,NA,NA,NA,NA,NA,NA,NA,NA,NA,NA,NA,NA,NA,NA,0,NA,NA,NA,NA,0,NA,NA,NA,NA,200,NA,NA,NA,NA,NA,NA,NA,NA,NA,0,NA,NA,NA,NA,NA,NA,NA,NA,NA,NA,NA,NA,NA,NA,NA,NA,NA,NA,NA,NA,NA,NA,NA,NA,0,NA,NA,NA,NA,0,NA,NA,NA,NA,NA,NA,NA,NA,NA,NA,NA,NA,NA,NA,NA,NA,NA,NA,NA,NA,NA,NA,NA,NA,0,NA,NA,NA,NA,NA,NA,NA,NA,NA
M17 [Vaccines],17.11,Vaccine - Vitamin K,5. Total Stock,7270,NA,NA,NA,NA,0,NA,NA,NA,NA,0,NA,NA,NA,NA,0,NA,NA,NA,NA,0,NA,NA,NA,NA,0,NA,NA,NA,NA,0,NA,NA,NA,NA,NA,NA,NA,NA,NA,NA,NA,NA,NA,NA,NA,NA,NA,NA,NA,NA,NA,NA,NA,NA,0,NA,NA,NA,NA,0,NA,NA,NA,NA,3070,NA,NA,NA,NA,NA,NA,NA,NA,NA,0,NA,NA,NA,NA,NA,NA,NA,NA,NA,NA,NA,NA,NA,NA,NA,NA,NA,NA,NA,NA,NA,NA,NA,NA,0,NA,NA,NA,NA,0,NA,NA,NA,NA,NA,NA,NA,NA,NA,0,NA,NA,NA,NA,NA,NA,NA,NA,NA,NA,NA,NA,NA,NA,0,NA,NA,NA,NA,4200,NA,NA,NA,NA
M17 [Vaccines],17.12,Rotavirus,1. Balance From Previous Month,225363,NA,NA,NA,NA,900,NA,NA,NA,NA,0,NA,NA,NA,NA,6570,NA,NA,NA,NA,25300,NA,NA,NA,NA,6000,NA,NA,NA,NA,5190,NA,NA,NA,NA,22240,NA,NA,NA,NA,NA,NA,NA,NA,NA,3549,NA,NA,NA,NA,NA,NA,NA,NA,NA,22740,NA,NA,NA,NA,3970,NA,NA,NA,NA,10370,NA,NA,NA,NA,36230,NA,NA,NA,NA,0,NA,NA,NA,NA,12290,NA,NA,NA,NA,NA,NA,NA,NA,NA,NA,NA,NA,NA,NA,26780,NA,NA,NA,NA,0,NA,NA,NA,NA,5740,NA,NA,NA,NA,7844,NA,NA,NA,NA,0,NA,NA,NA,NA,NA,NA,NA,NA,NA,580,NA,NA,NA,NA,15920,NA,NA,NA,NA,13150,NA,NA,NA,NA
M17 [Vaccines],17.12,Rotavirus,2. Stocks Received,68400,NA,NA,NA,NA,5100,NA,NA,NA,NA,0,NA,NA,NA,NA,4500,NA,NA,NA,NA,0,NA,NA,NA,NA,0,NA,NA,NA,NA,6000,NA,NA,NA,NA,0,NA,NA,NA,NA,NA,NA,NA,NA,NA,0,NA,NA,NA,NA,NA,NA,NA,NA,NA,0,NA,NA,NA,NA,6000,NA,NA,NA,NA,0,NA,NA,NA,NA,0,NA,NA,NA,NA,10800,NA,NA,NA,NA,NA,NA,NA,NA,NA,NA,NA,NA,NA,NA,NA,NA,NA,NA,NA,0,NA,NA,NA,NA,0,NA,NA,NA,NA,9000,NA,NA,NA,NA,18000,NA,NA,NA,NA,NA,NA,NA,NA,NA,NA,NA,NA,NA,NA,1500,NA,NA,NA,NA,6000,NA,NA,NA,NA,1500,NA,NA,NA,NA
M17 [Vaccines],17.12,Rotavirus,3. Unusable Stock,0,NA,NA,NA,NA,0,NA,NA,NA,NA,0,NA,NA,NA,NA,NA,NA,NA,NA,NA,NA,NA,NA,NA,NA,0,NA,NA,NA,NA,NA,NA,NA,NA,NA,0,NA,NA,NA,NA,NA,NA,NA,NA,NA,NA,NA,NA,NA,NA,NA,NA,NA,NA,NA,0,NA,NA,NA,NA,NA,NA,NA,NA,NA,0,NA,NA,NA,NA,NA,NA,NA,NA,NA,0,NA,NA,NA,NA,NA,NA,NA,NA,NA,NA,NA,NA,NA,NA,NA,NA,NA,NA,NA,NA,NA,NA,NA,NA,0,NA,NA,NA,NA,0,NA,NA,NA,NA,NA,NA,NA,NA,NA,NA,NA,NA,NA,NA,NA,NA,NA,NA,NA,0,NA,NA,NA,NA,NA,NA,NA,NA,NA,NA,NA,NA,NA,NA
M17 [Vaccines],17.12,Rotavirus,4. Stock Distributed,140584,NA,NA,NA,NA,6000,NA,NA,NA,NA,0,NA,NA,NA,NA,5620,NA,NA,NA,NA,13600,NA,NA,NA,NA,3250,NA,NA,NA,NA,10950,NA,NA,NA,NA,5280,NA,NA,NA,NA,NA,NA,NA,NA,NA,1030,NA,NA,NA,NA,NA,NA,NA,NA,NA,8390,NA,NA,NA,NA,8750,NA,NA,NA,NA,8010,NA,NA,NA,NA,7650,NA,NA,NA,NA,1650,NA,NA,NA,NA,11830,NA,NA,NA,NA,NA,NA,NA,NA,NA,NA,NA,NA,NA,NA,6450,NA,NA,NA,NA,0,NA,NA,NA,NA,7740,NA,NA,NA,NA,19624,NA,NA,NA,NA,NA,NA,NA,NA,NA,NA,NA,NA,NA,NA,1570,NA,NA,NA,NA,7040,NA,NA,NA,NA,6150,NA,NA,NA,NA
M17 [Vaccines],17.12,Rotavirus,5. Total Stock,153179,NA,NA,NA,NA,0,NA,NA,NA,NA,0,NA,NA,NA,NA,5450,NA,NA,NA,NA,11700,NA,NA,NA,NA,2750,NA,NA,NA,NA,240,NA,NA,NA,NA,16960,NA,NA,NA,NA,NA,NA,NA,NA,NA,2519,NA,NA,NA,NA,NA,NA,NA,NA,NA,14350,NA,NA,NA,NA,1220,NA,NA,NA,NA,2360,NA,NA,NA,NA,28580,NA,NA,NA,NA,9150,NA,NA,NA,NA,460,NA,NA,NA,NA,NA,NA,NA,NA,NA,NA,NA,NA,NA,NA,20330,NA,NA,NA,NA,0,NA,NA,NA,NA,7000,NA,NA,NA,NA,6220,NA,NA,NA,NA,0,NA,NA,NA,NA,NA,NA,NA,NA,NA,510,NA,NA,NA,NA,14880,NA,NA,NA,NA,8500,NA,NA,NA,NA
M17 [Vaccines],17.13,Inactivated Polio Vaccine,1. Balance From Previous Month,172274,NA,NA,NA,NA,750,NA,NA,NA,NA,0,NA,NA,NA,NA,6325,NA,NA,NA,NA,9550,NA,NA,NA,NA,3375,NA,NA,NA,NA,550,NA,NA,NA,NA,12300,NA,NA,NA,NA,NA,NA,NA,NA,NA,272,NA,NA,NA,NA,NA,NA,NA,NA,NA,12200,NA,NA,NA,NA,5800,NA,NA,NA,NA,12350,NA,NA,NA,NA,30425,NA,NA,NA,NA,150,NA,NA,NA,NA,16400,NA,NA,NA,NA,NA,NA,NA,NA,NA,NA,NA,NA,NA,NA,13750,NA,NA,NA,NA,0,NA,NA,NA,NA,825,NA,NA,NA,NA,6175,NA,NA,NA,NA,0,NA,NA,NA,NA,NA,NA,NA,NA,NA,312,NA,NA,NA,NA,34915,NA,NA,NA,NA,5850,NA,NA,NA,NA
M17 [Vaccines],17.13,Inactivated Polio Vaccine,2. Stocks Received,65295,NA,NA,NA,NA,7500,NA,NA,NA,NA,0,NA,NA,NA,NA,7500,NA,NA,NA,NA,0,NA,NA,NA,NA,0,NA,NA,NA,NA,3750,NA,NA,NA,NA,2000,NA,NA,NA,NA,NA,NA,NA,NA,NA,600,NA,NA,NA,NA,NA,NA,NA,NA,NA,5000,NA,NA,NA,NA,5000,NA,NA,NA,NA,7500,NA,NA,NA,NA,0,NA,NA,NA,NA,0,NA,NA,NA,NA,NA,NA,NA,NA,NA,NA,NA,NA,NA,NA,NA,NA,NA,NA,NA,0,NA,NA,NA,NA,0,NA,NA,NA,NA,7500,NA,NA,NA,NA,5325,NA,NA,NA,NA,NA,NA,NA,NA,NA,NA,NA,NA,NA,NA,370,NA,NA,NA,NA,8750,NA,NA,NA,NA,4500,NA,NA,NA,NA
M17 [Vaccines],17.13,Inactivated Polio Vaccine,3. Unusable Stock,0,NA,NA,NA,NA,0,NA,NA,NA,NA,0,NA,NA,NA,NA,NA,NA,NA,NA,NA,NA,NA,NA,NA,NA,0,NA,NA,NA,NA,NA,NA,NA,NA,NA,0,NA,NA,NA,NA,NA,NA,NA,NA,NA,NA,NA,NA,NA,NA,NA,NA,NA,NA,NA,0,NA,NA,NA,NA,NA,NA,NA,NA,NA,0,NA,NA,NA,NA,NA,NA,NA,NA,NA,0,NA,NA,NA,NA,NA,NA,NA,NA,NA,NA,NA,NA,NA,NA,NA,NA,NA,NA,NA,NA,NA,NA,NA,NA,0,NA,NA,NA,NA,NA,NA,NA,NA,NA,NA,NA,NA,NA,NA,NA,NA,NA,NA,NA,NA,NA,NA,NA,NA,0,NA,NA,NA,NA,NA,NA,NA,NA,NA,NA,NA,NA,NA,NA
M17 [Vaccines],17.13,Inactivated Polio Vaccine,4. Stock Distributed,117226,NA,NA,NA,NA,5750,NA,NA,NA,NA,0,NA,NA,NA,NA,4650,NA,NA,NA,NA,9550,NA,NA,NA,NA,1500,NA,NA,NA,NA,4300,NA,NA,NA,NA,5400,NA,NA,NA,NA,NA,NA,NA,NA,NA,339,NA,NA,NA,NA,NA,NA,NA,NA,NA,8225,NA,NA,NA,NA,6950,NA,NA,NA,NA,5100,NA,NA,NA,NA,7250,NA,NA,NA,NA,150,NA,NA,NA,NA,9775,NA,NA,NA,NA,NA,NA,NA,NA,NA,NA,NA,NA,NA,NA,8800,NA,NA,NA,NA,0,NA,NA,NA,NA,5850,NA,NA,NA,NA,11480,NA,NA,NA,NA,NA,NA,NA,NA,NA,NA,NA,NA,NA,NA,482,NA,NA,NA,NA,13950,NA,NA,NA,NA,7725,NA,NA,NA,NA
M17 [Vaccines],17.13,Inactivated Polio Vaccine,5. Total Stock,120343,NA,NA,NA,NA,2500,NA,NA,NA,NA,0,NA,NA,NA,NA,9175,NA,NA,NA,NA,0,NA,NA,NA,NA,1875,NA,NA,NA,NA,0,NA,NA,NA,NA,8900,NA,NA,NA,NA,NA,NA,NA,NA,NA,533,NA,NA,NA,NA,NA,NA,NA,NA,NA,8975,NA,NA,NA,NA,3850,NA,NA,NA,NA,14750,NA,NA,NA,NA,23175,NA,NA,NA,NA,0,NA,NA,NA,NA,6625,NA,NA,NA,NA,NA,NA,NA,NA,NA,NA,NA,NA,NA,NA,4950,NA,NA,NA,NA,0,NA,NA,NA,NA,2475,NA,NA,NA,NA,20,NA,NA,NA,NA,0,NA,NA,NA,NA,NA,NA,NA,NA,NA,200,NA,NA,NA,NA,29715,NA,NA,NA,NA,2625,NA,NA,NA,NA
M17 [Vaccines],17.14,Measles Rubella (MR),1. Balance From Previous Month,3100,NA,NA,NA,NA,0,NA,NA,NA,NA,0,NA,NA,NA,NA,0,NA,NA,NA,NA,0,NA,NA,NA,NA,0,NA,NA,NA,NA,0,NA,NA,NA,NA,NA,NA,NA,NA,NA,NA,NA,NA,NA,NA,NA,NA,NA,NA,NA,NA,NA,NA,NA,NA,0,NA,NA,NA,NA,0,NA,NA,NA,NA,0,NA,NA,NA,NA,NA,NA,NA,NA,NA,0,NA,NA,NA,NA,NA,NA,NA,NA,NA,NA,NA,NA,NA,NA,NA,NA,NA,NA,NA,NA,NA,NA,NA,NA,0,NA,NA,NA,NA,0,NA,NA,NA,NA,NA,NA,NA,NA,NA,3100,NA,NA,NA,NA,NA,NA,NA,NA,NA,NA,NA,NA,NA,NA,0,NA,NA,NA,NA,NA,NA,NA,NA,NA
M17 [Vaccines],17.14,Measles Rubella (MR),2. Stocks Received,288000,NA,NA,NA,NA,0,NA,NA,NA,NA,0,NA,NA,NA,NA,NA,NA,NA,NA,NA,0,NA,NA,NA,NA,0,NA,NA,NA,NA,0,NA,NA,NA,NA,NA,NA,NA,NA,NA,NA,NA,NA,NA,NA,NA,NA,NA,NA,NA,NA,NA,NA,NA,NA,0,NA,NA,NA,NA,288000,NA,NA,NA,NA,0,NA,NA,NA,NA,NA,NA,NA,NA,NA,0,NA,NA,NA,NA,NA,NA,NA,NA,NA,NA,NA,NA,NA,NA,NA,NA,NA,NA,NA,NA,NA,NA,NA,NA,0,NA,NA,NA,NA,NA,NA,NA,NA,NA,NA,NA,NA,NA,NA,0,NA,NA,NA,NA,NA,NA,NA,NA,NA,NA,NA,NA,NA,NA,0,NA,NA,NA,NA,NA,NA,NA,NA,NA
M17 [Vaccines],17.14,Measles Rubella (MR),3. Unusable Stock,0,NA,NA,NA,NA,0,NA,NA,NA,NA,0,NA,NA,NA,NA,NA,NA,NA,NA,NA,NA,NA,NA,NA,NA,0,NA,NA,NA,NA,NA,NA,NA,NA,NA,NA,NA,NA,NA,NA,NA,NA,NA,NA,NA,NA,NA,NA,NA,NA,NA,NA,NA,NA,NA,0,NA,NA,NA,NA,NA,NA,NA,NA,NA,0,NA,NA,NA,NA,NA,NA,NA,NA,NA,0,NA,NA,NA,NA,NA,NA,NA,NA,NA,NA,NA,NA,NA,NA,NA,NA,NA,NA,NA,NA,NA,NA,NA,NA,0,NA,NA,NA,NA,NA,NA,NA,NA,NA,NA,NA,NA,NA,NA,NA,NA,NA,NA,NA,NA,NA,NA,NA,NA,NA,NA,NA,NA,NA,NA,NA,NA,NA,NA,NA,NA,NA,NA,NA
M17 [Vaccines],17.14,Measles Rubella (MR),4. Stock Distributed,0,NA,NA,NA,NA,0,NA,NA,NA,NA,0,NA,NA,NA,NA,NA,NA,NA,NA,NA,0,NA,NA,NA,NA,0,NA,NA,NA,NA,NA,NA,NA,NA,NA,NA,NA,NA,NA,NA,NA,NA,NA,NA,NA,NA,NA,NA,NA,NA,NA,NA,NA,NA,NA,0,NA,NA,NA,NA,0,NA,NA,NA,NA,0,NA,NA,NA,NA,NA,NA,NA,NA,NA,0,NA,NA,NA,NA,NA,NA,NA,NA,NA,NA,NA,NA,NA,NA,NA,NA,NA,NA,NA,NA,NA,NA,NA,NA,0,NA,NA,NA,NA,NA,NA,NA,NA,NA,NA,NA,NA,NA,NA,0,NA,NA,NA,NA,NA,NA,NA,NA,NA,NA,NA,NA,NA,NA,0,NA,NA,NA,NA,NA,NA,NA,NA,NA
M17 [Vaccines],17.14,Measles Rubella (MR),5. Total Stock,291100,NA,NA,NA,NA,0,NA,NA,NA,NA,0,NA,NA,NA,NA,0,NA,NA,NA,NA,0,NA,NA,NA,NA,0,NA,NA,NA,NA,0,NA,NA,NA,NA,NA,NA,NA,NA,NA,NA,NA,NA,NA,NA,NA,NA,NA,NA,NA,NA,NA,NA,NA,NA,0,NA,NA,NA,NA,288000,NA,NA,NA,NA,0,NA,NA,NA,NA,NA,NA,NA,NA,NA,0,NA,NA,NA,NA,NA,NA,NA,NA,NA,NA,NA,NA,NA,NA,NA,NA,NA,NA,NA,NA,NA,NA,NA,NA,0,NA,NA,NA,NA,0,NA,NA,NA,NA,NA,NA,NA,NA,NA,3100,NA,NA,NA,NA,NA,NA,NA,NA,NA,NA,NA,NA,NA,NA,0,NA,NA,NA,NA,NA,NA,NA,NA,NA
M18 [Family Planning],18.1,IUD 380 A,1. Balance From Previous Month,1111,NA,NA,NA,NA,0,NA,NA,NA,NA,100,NA,NA,NA,NA,35,NA,NA,NA,NA,100,NA,NA,NA,NA,0,NA,NA,NA,NA,50,NA,NA,NA,NA,0,NA,NA,NA,NA,NA,NA,NA,NA,NA,NA,NA,NA,NA,NA,NA,NA,NA,NA,NA,0,NA,NA,NA,NA,0,NA,NA,NA,NA,200,NA,NA,NA,NA,NA,NA,NA,NA,NA,NA,NA,NA,NA,NA,NA,NA,NA,NA,NA,NA,NA,NA,NA,NA,400,NA,NA,NA,NA,35,NA,NA,NA,NA,0,NA,NA,NA,NA,0,NA,NA,NA,NA,NA,NA,NA,NA,NA,91,NA,NA,NA,NA,NA,NA,NA,NA,NA,100,NA,NA,NA,NA,0,NA,NA,NA,NA,0,NA,NA,NA,NA
M18 [Family Planning],18.1,IUD 380 A,2. Stocks Received,2000,NA,NA,NA,NA,0,NA,NA,NA,NA,0,NA,NA,NA,NA,NA,NA,NA,NA,NA,0,NA,NA,NA,NA,0,NA,NA,NA,NA,500,NA,NA,NA,NA,0,NA,NA,NA,NA,NA,NA,NA,NA,NA,NA,NA,NA,NA,NA,NA,NA,NA,NA,NA,0,NA,NA,NA,NA,0,NA,NA,NA,NA,0,NA,NA,NA,NA,NA,NA,NA,NA,NA,NA,NA,NA,NA,NA,NA,NA,NA,NA,NA,NA,NA,NA,NA,NA,0,NA,NA,NA,NA,NA,NA,NA,NA,NA,0,NA,NA,NA,NA,0,NA,NA,NA,NA,NA,NA,NA,NA,NA,0,NA,NA,NA,NA,NA,NA,NA,NA,NA,1500,NA,NA,NA,NA,0,NA,NA,NA,NA,0,NA,NA,NA,NA
M18 [Family Planning],18.1,IUD 380 A,3. Unusable Stock,0,NA,NA,NA,NA,0,NA,NA,NA,NA,0,NA,NA,NA,NA,NA,NA,NA,NA,NA,NA,NA,NA,NA,NA,0,NA,NA,NA,NA,0,NA,NA,NA,NA,0,NA,NA,NA,NA,NA,NA,NA,NA,NA,NA,NA,NA,NA,NA,NA,NA,NA,NA,NA,0,NA,NA,NA,NA,NA,NA,NA,NA,NA,0,NA,NA,NA,NA,NA,NA,NA,NA,NA,NA,NA,NA,NA,NA,NA,NA,NA,NA,NA,NA,NA,NA,NA,NA,0,NA,NA,NA,NA,NA,NA,NA,NA,NA,0,NA,NA,NA,NA,0,NA,NA,NA,NA,NA,NA,NA,NA,NA,NA,NA,NA,NA,NA,NA,NA,NA,NA,NA,0,NA,NA,NA,NA,0,NA,NA,NA,NA,NA,NA,NA,NA,NA
M18 [Family Planning],18.1,IUD 380 A,4. Stock Distributed,785,NA,NA,NA,NA,0,NA,NA,NA,NA,100,NA,NA,NA,NA,0,NA,NA,NA,NA,0,NA,NA,NA,NA,0,NA,NA,NA,NA,550,NA,NA,NA,NA,0,NA,NA,NA,NA,NA,NA,NA,NA,NA,NA,NA,NA,NA,NA,NA,NA,NA,NA,NA,0,NA,NA,NA,NA,0,NA,NA,NA,NA,0,NA,NA,NA,NA,NA,NA,NA,NA,NA,NA,NA,NA,NA,NA,NA,NA,NA,NA,NA,NA,NA,NA,NA,NA,0,NA,NA,NA,NA,35,NA,NA,NA,NA,0,NA,NA,NA,NA,0,NA,NA,NA,NA,NA,NA,NA,NA,NA,0,NA,NA,NA,NA,NA,NA,NA,NA,NA,100,NA,NA,NA,NA,0,NA,NA,NA,NA,0,NA,NA,NA,NA
M18 [Family Planning],18.1,IUD 380 A,5. Total Stock,2326,NA,NA,NA,NA,0,NA,NA,NA,NA,0,NA,NA,NA,NA,35,NA,NA,NA,NA,100,NA,NA,NA,NA,0,NA,NA,NA,NA,0,NA,NA,NA,NA,0,NA,NA,NA,NA,NA,NA,NA,NA,NA,0,NA,NA,NA,NA,NA,NA,NA,NA,NA,0,NA,NA,NA,NA,0,NA,NA,NA,NA,200,NA,NA,NA,NA,0,NA,NA,NA,NA,0,NA,NA,NA,NA,0,NA,NA,NA,NA,NA,NA,NA,NA,NA,400,NA,NA,NA,NA,0,NA,NA,NA,NA,0,NA,NA,NA,NA,0,NA,NA,NA,NA,0,NA,NA,NA,NA,91,NA,NA,NA,NA,NA,NA,NA,NA,NA,1500,NA,NA,NA,NA,0,NA,NA,NA,NA,0,NA,NA,NA,NA
M18 [Family Planning],18.2,IUD 375 A,1. Balance From Previous Month,6339,NA,NA,NA,NA,0,NA,NA,NA,NA,120,NA,NA,NA,NA,750,NA,NA,NA,NA,250,NA,NA,NA,NA,0,NA,NA,NA,NA,150,NA,NA,NA,NA,0,NA,NA,NA,NA,NA,NA,NA,NA,NA,NA,NA,NA,NA,NA,NA,NA,NA,NA,NA,230,NA,NA,NA,NA,0,NA,NA,NA,NA,0,NA,NA,NA,NA,NA,NA,NA,NA,NA,NA,NA,NA,NA,NA,NA,NA,NA,NA,NA,NA,NA,NA,NA,NA,500,NA,NA,NA,NA,2529,NA,NA,NA,NA,0,NA,NA,NA,NA,0,NA,NA,NA,NA,NA,NA,NA,NA,NA,0,NA,NA,NA,NA,NA,NA,NA,NA,NA,1000,NA,NA,NA,NA,410,NA,NA,NA,NA,400,NA,NA,NA,NA
M18 [Family Planning],18.2,IUD 375 A,2. Stocks Received,122340,NA,NA,NA,NA,0,NA,NA,NA,NA,80,NA,NA,NA,NA,NA,NA,NA,NA,NA,0,NA,NA,NA,NA,0,NA,NA,NA,NA,550,NA,NA,NA,NA,0,NA,NA,NA,NA,NA,NA,NA,NA,NA,600,NA,NA,NA,NA,NA,NA,NA,NA,NA,0,NA,NA,NA,NA,0,NA,NA,NA,NA,150,NA,NA,NA,NA,NA,NA,NA,NA,NA,NA,NA,NA,NA,NA,NA,NA,NA,NA,NA,NA,NA,NA,NA,NA,0,NA,NA,NA,NA,NA,NA,NA,NA,NA,0,NA,NA,NA,NA,0,NA,NA,NA,NA,NA,NA,NA,NA,NA,0,NA,NA,NA,NA,NA,NA,NA,NA,NA,120960,NA,NA,NA,NA,0,NA,NA,NA,NA,0,NA,NA,NA,NA
M18 [Family Planning],18.2,IUD 375 A,3. Unusable Stock,0,NA,NA,NA,NA,0,NA,NA,NA,NA,0,NA,NA,NA,NA,NA,NA,NA,NA,NA,NA,NA,NA,NA,NA,0,NA,NA,NA,NA,0,NA,NA,NA,NA,0,NA,NA,NA,NA,NA,NA,NA,NA,NA,NA,NA,NA,NA,NA,NA,NA,NA,NA,NA,0,NA,NA,NA,NA,NA,NA,NA,NA,NA,0,NA,NA,NA,NA,NA,NA,NA,NA,NA,NA,NA,NA,NA,NA,NA,NA,NA,NA,NA,NA,NA,NA,NA,NA,0,NA,NA,NA,NA,NA,NA,NA,NA,NA,0,NA,NA,NA,NA,0,NA,NA,NA,NA,NA,NA,NA,NA,NA,NA,NA,NA,NA,NA,NA,NA,NA,NA,NA,NA,NA,NA,NA,NA,0,NA,NA,NA,NA,NA,NA,NA,NA,NA
M18 [Family Planning],18.2,IUD 375 A,4. Stock Distributed,2130,NA,NA,NA,NA,0,NA,NA,NA,NA,0,NA,NA,NA,NA,0,NA,NA,NA,NA,0,NA,NA,NA,NA,0,NA,NA,NA,NA,700,NA,NA,NA,NA,0,NA,NA,NA,NA,NA,NA,NA,NA,NA,100,NA,NA,NA,NA,NA,NA,NA,NA,NA,230,NA,NA,NA,NA,0,NA,NA,NA,NA,0,NA,NA,NA,NA,NA,NA,NA,NA,NA,NA,NA,NA,NA,NA,NA,NA,NA,NA,NA,NA,NA,NA,NA,NA,0,NA,NA,NA,NA,350,NA,NA,NA,NA,0,NA,NA,NA,NA,0,NA,NA,NA,NA,NA,NA,NA,NA,NA,0,NA,NA,NA,NA,NA,NA,NA,NA,NA,400,NA,NA,NA,NA,350,NA,NA,NA,NA,0,NA,NA,NA,NA
M18 [Family Planning],18.2,IUD 375 A,5. Total Stock,126549,NA,NA,NA,NA,0,NA,NA,NA,NA,200,NA,NA,NA,NA,750,NA,NA,NA,NA,250,NA,NA,NA,NA,0,NA,NA,NA,NA,0,NA,NA,NA,NA,0,NA,NA,NA,NA,NA,NA,NA,NA,NA,500,NA,NA,NA,NA,NA,NA,NA,NA,NA,0,NA,NA,NA,NA,0,NA,NA,NA,NA,150,NA,NA,NA,NA,0,NA,NA,NA,NA,0,NA,NA,NA,NA,0,NA,NA,NA,NA,NA,NA,NA,NA,NA,500,NA,NA,NA,NA,2179,NA,NA,NA,NA,0,NA,NA,NA,NA,0,NA,NA,NA,NA,0,NA,NA,NA,NA,0,NA,NA,NA,NA,NA,NA,NA,NA,NA,121560,NA,NA,NA,NA,60,NA,NA,NA,NA,400,NA,NA,NA,NA
M18 [Family Planning],18.3,Condoms,1. Balance From Previous Month,410574,NA,NA,NA,NA,0,NA,NA,NA,NA,8000,NA,NA,NA,NA,23480,NA,NA,NA,NA,86250,NA,NA,NA,NA,0,NA,NA,NA,NA,8100,NA,NA,NA,NA,72100,NA,NA,NA,NA,NA,NA,NA,NA,NA,NA,NA,NA,NA,NA,NA,NA,NA,NA,NA,6910,NA,NA,NA,NA,81316,NA,NA,NA,NA,39330,NA,NA,NA,NA,NA,NA,NA,NA,NA,NA,NA,NA,NA,NA,NA,NA,NA,NA,NA,NA,NA,NA,NA,NA,64610,NA,NA,NA,NA,2863,NA,NA,NA,NA,0,NA,NA,NA,NA,1570,NA,NA,NA,NA,NA,NA,NA,NA,NA,0,NA,NA,NA,NA,NA,NA,NA,NA,NA,600,NA,NA,NA,NA,3295,NA,NA,NA,NA,12150,NA,NA,NA,NA
M18 [Family Planning],18.3,Condoms,2. Stocks Received,260640,NA,NA,NA,NA,0,NA,NA,NA,NA,72840,NA,NA,NA,NA,NA,NA,NA,NA,NA,0,NA,NA,NA,NA,0,NA,NA,NA,NA,0,NA,NA,NA,NA,0,NA,NA,NA,NA,NA,NA,NA,NA,NA,151200,NA,NA,NA,NA,NA,NA,NA,NA,NA,0,NA,NA,NA,NA,0,NA,NA,NA,NA,21600,NA,NA,NA,NA,NA,NA,NA,NA,NA,NA,NA,NA,NA,NA,NA,NA,NA,NA,NA,NA,NA,NA,NA,NA,0,NA,NA,NA,NA,10000,NA,NA,NA,NA,0,NA,NA,NA,NA,5000,NA,NA,NA,NA,NA,NA,NA,NA,NA,0,NA,NA,NA,NA,NA,NA,NA,NA,NA,0,NA,NA,NA,NA,0,NA,NA,NA,NA,0,NA,NA,NA,NA
M18 [Family Planning],18.3,Condoms,3. Unusable Stock,0,NA,NA,NA,NA,0,NA,NA,NA,NA,0,NA,NA,NA,NA,NA,NA,NA,NA,NA,NA,NA,NA,NA,NA,0,NA,NA,NA,NA,0,NA,NA,NA,NA,0,NA,NA,NA,NA,NA,NA,NA,NA,NA,NA,NA,NA,NA,NA,NA,NA,NA,NA,NA,0,NA,NA,NA,NA,NA,NA,NA,NA,NA,0,NA,NA,NA,NA,NA,NA,NA,NA,NA,NA,NA,NA,NA,NA,NA,NA,NA,NA,NA,NA,NA,NA,NA,NA,0,NA,NA,NA,NA,NA,NA,NA,NA,NA,0,NA,NA,NA,NA,0,NA,NA,NA,NA,NA,NA,NA,NA,NA,NA,NA,NA,NA,NA,NA,NA,NA,NA,NA,NA,NA,NA,NA,NA,0,NA,NA,NA,NA,NA,NA,NA,NA,NA
M18 [Family Planning],18.3,Condoms,4. Stock Distributed,262976,NA,NA,NA,NA,0,NA,NA,NA,NA,63880,NA,NA,NA,NA,4050,NA,NA,NA,NA,6000,NA,NA,NA,NA,0,NA,NA,NA,NA,0,NA,NA,NA,NA,0,NA,NA,NA,NA,NA,NA,NA,NA,NA,120960,NA,NA,NA,NA,NA,NA,NA,NA,NA,6910,NA,NA,NA,NA,11900,NA,NA,NA,NA,30505,NA,NA,NA,NA,NA,NA,NA,NA,NA,NA,NA,NA,NA,NA,NA,NA,NA,NA,NA,NA,NA,NA,NA,NA,0,NA,NA,NA,NA,12009,NA,NA,NA,NA,0,NA,NA,NA,NA,6162,NA,NA,NA,NA,NA,NA,NA,NA,NA,0,NA,NA,NA,NA,NA,NA,NA,NA,NA,600,NA,NA,NA,NA,0,NA,NA,NA,NA,0,NA,NA,NA,NA
M18 [Family Planning],18.3,Condoms,5. Total Stock,408238,NA,NA,NA,NA,0,NA,NA,NA,NA,16960,NA,NA,NA,NA,19430,NA,NA,NA,NA,80250,NA,NA,NA,NA,0,NA,NA,NA,NA,8100,NA,NA,NA,NA,72100,NA,NA,NA,NA,NA,NA,NA,NA,NA,30240,NA,NA,NA,NA,NA,NA,NA,NA,NA,0,NA,NA,NA,NA,69416,NA,NA,NA,NA,30425,NA,NA,NA,NA,0,NA,NA,NA,NA,0,NA,NA,NA,NA,0,NA,NA,NA,NA,NA,NA,NA,NA,NA,64610,NA,NA,NA,NA,854,NA,NA,NA,NA,0,NA,NA,NA,NA,408,NA,NA,NA,NA,0,NA,NA,NA,NA,0,NA,NA,NA,NA,NA,NA,NA,NA,NA,0,NA,NA,NA,NA,3295,NA,NA,NA,NA,12150,NA,NA,NA,NA
M18 [Family Planning],18.4,Oral Contraceptive,1. Balance From Previous Month,15038,NA,NA,NA,NA,0,NA,NA,NA,NA,1000,NA,NA,NA,NA,900,NA,NA,NA,NA,300,NA,NA,NA,NA,0,NA,NA,NA,NA,4800,NA,NA,NA,NA,1100,NA,NA,NA,NA,NA,NA,NA,NA,NA,NA,NA,NA,NA,NA,NA,NA,NA,NA,NA,200,NA,NA,NA,NA,500,NA,NA,NA,NA,1000,NA,NA,NA,NA,NA,NA,NA,NA,NA,NA,NA,NA,NA,NA,NA,NA,NA,NA,NA,NA,NA,NA,NA,NA,0,NA,NA,NA,NA,1438,NA,NA,NA,NA,0,NA,NA,NA,NA,0,NA,NA,NA,NA,NA,NA,NA,NA,NA,0,NA,NA,NA,NA,NA,NA,NA,NA,NA,600,NA,NA,NA,NA,200,NA,NA,NA,NA,3000,NA,NA,NA,NA
M18 [Family Planning],18.4,Oral Contraceptive,2. Stocks Received,15000,NA,NA,NA,NA,0,NA,NA,NA,NA,0,NA,NA,NA,NA,NA,NA,NA,NA,NA,0,NA,NA,NA,NA,0,NA,NA,NA,NA,0,NA,NA,NA,NA,0,NA,NA,NA,NA,NA,NA,NA,NA,NA,NA,NA,NA,NA,NA,NA,NA,NA,NA,NA,0,NA,NA,NA,NA,0,NA,NA,NA,NA,0,NA,NA,NA,NA,NA,NA,NA,NA,NA,NA,NA,NA,NA,NA,NA,NA,NA,NA,NA,NA,NA,NA,NA,NA,0,NA,NA,NA,NA,10000,NA,NA,NA,NA,0,NA,NA,NA,NA,5000,NA,NA,NA,NA,NA,NA,NA,NA,NA,0,NA,NA,NA,NA,NA,NA,NA,NA,NA,0,NA,NA,NA,NA,0,NA,NA,NA,NA,0,NA,NA,NA,NA
M18 [Family Planning],18.4,Oral Contraceptive,3. Unusable Stock,0,NA,NA,NA,NA,0,NA,NA,NA,NA,0,NA,NA,NA,NA,NA,NA,NA,NA,NA,NA,NA,NA,NA,NA,0,NA,NA,NA,NA,0,NA,NA,NA,NA,0,NA,NA,NA,NA,NA,NA,NA,NA,NA,NA,NA,NA,NA,NA,NA,NA,NA,NA,NA,0,NA,NA,NA,NA,NA,NA,NA,NA,NA,0,NA,NA,NA,NA,NA,NA,NA,NA,NA,NA,NA,NA,NA,NA,NA,NA,NA,NA,NA,NA,NA,NA,NA,NA,0,NA,NA,NA,NA,NA,NA,NA,NA,NA,0,NA,NA,NA,NA,0,NA,NA,NA,NA,NA,NA,NA,NA,NA,NA,NA,NA,NA,NA,NA,NA,NA,NA,NA,NA,NA,NA,NA,NA,0,NA,NA,NA,NA,NA,NA,NA,NA,NA
M18 [Family Planning],18.4,Oral Contraceptive,4. Stock Distributed,14634,NA,NA,NA,NA,0,NA,NA,NA,NA,400,NA,NA,NA,NA,0,NA,NA,NA,NA,0,NA,NA,NA,NA,0,NA,NA,NA,NA,0,NA,NA,NA,NA,800,NA,NA,NA,NA,NA,NA,NA,NA,NA,NA,NA,NA,NA,NA,NA,NA,NA,NA,NA,200,NA,NA,NA,NA,500,NA,NA,NA,NA,1000,NA,NA,NA,NA,NA,NA,NA,NA,NA,NA,NA,NA,NA,NA,NA,NA,NA,NA,NA,NA,NA,NA,NA,NA,0,NA,NA,NA,NA,9200,NA,NA,NA,NA,0,NA,NA,NA,NA,2434,NA,NA,NA,NA,NA,NA,NA,NA,NA,0,NA,NA,NA,NA,NA,NA,NA,NA,NA,0,NA,NA,NA,NA,100,NA,NA,NA,NA,0,NA,NA,NA,NA
M18 [Family Planning],18.4,Oral Contraceptive,5. Total Stock,15404,NA,NA,NA,NA,0,NA,NA,NA,NA,600,NA,NA,NA,NA,900,NA,NA,NA,NA,300,NA,NA,NA,NA,0,NA,NA,NA,NA,4800,NA,NA,NA,NA,300,NA,NA,NA,NA,NA,NA,NA,NA,NA,0,NA,NA,NA,NA,NA,NA,NA,NA,NA,0,NA,NA,NA,NA,0,NA,NA,NA,NA,0,NA,NA,NA,NA,0,NA,NA,NA,NA,0,NA,NA,NA,NA,0,NA,NA,NA,NA,NA,NA,NA,NA,NA,0,NA,NA,NA,NA,2238,NA,NA,NA,NA,0,NA,NA,NA,NA,2566,NA,NA,NA,NA,0,NA,NA,NA,NA,0,NA,NA,NA,NA,NA,NA,NA,NA,NA,600,NA,NA,NA,NA,100,NA,NA,NA,NA,3000,NA,NA,NA,NA
M18 [Family Planning],18.5,Emergency Contraceptive Pills,1. Balance From Previous Month,21693,NA,NA,NA,NA,0,NA,NA,NA,NA,50,NA,NA,NA,NA,950,NA,NA,NA,NA,600,NA,NA,NA,NA,0,NA,NA,NA,NA,0,NA,NA,NA,NA,2700,NA,NA,NA,NA,NA,NA,NA,NA,NA,NA,NA,NA,NA,NA,NA,NA,NA,NA,NA,180,NA,NA,NA,NA,3600,NA,NA,NA,NA,2400,NA,NA,NA,NA,NA,NA,NA,NA,NA,NA,NA,NA,NA,NA,NA,NA,NA,NA,NA,NA,NA,NA,NA,NA,0,NA,NA,NA,NA,10113,NA,NA,NA,NA,0,NA,NA,NA,NA,0,NA,NA,NA,NA,NA,NA,NA,NA,NA,0,NA,NA,NA,NA,NA,NA,NA,NA,NA,0,NA,NA,NA,NA,0,NA,NA,NA,NA,1100,NA,NA,NA,NA
M18 [Family Planning],18.5,Emergency Contraceptive Pills,2. Stocks Received,2400,NA,NA,NA,NA,0,NA,NA,NA,NA,200,NA,NA,NA,NA,NA,NA,NA,NA,NA,0,NA,NA,NA,NA,0,NA,NA,NA,NA,0,NA,NA,NA,NA,0,NA,NA,NA,NA,NA,NA,NA,NA,NA,NA,NA,NA,NA,NA,NA,NA,NA,NA,NA,0,NA,NA,NA,NA,0,NA,NA,NA,NA,1000,NA,NA,NA,NA,NA,NA,NA,NA,NA,NA,NA,NA,NA,NA,NA,NA,NA,NA,NA,NA,NA,NA,NA,NA,300,NA,NA,NA,NA,NA,NA,NA,NA,NA,0,NA,NA,NA,NA,0,NA,NA,NA,NA,NA,NA,NA,NA,NA,0,NA,NA,NA,NA,NA,NA,NA,NA,NA,900,NA,NA,NA,NA,0,NA,NA,NA,NA,0,NA,NA,NA,NA
M18 [Family Planning],18.5,Emergency Contraceptive Pills,3. Unusable Stock,0,NA,NA,NA,NA,0,NA,NA,NA,NA,0,NA,NA,NA,NA,NA,NA,NA,NA,NA,NA,NA,NA,NA,NA,0,NA,NA,NA,NA,0,NA,NA,NA,NA,0,NA,NA,NA,NA,NA,NA,NA,NA,NA,NA,NA,NA,NA,NA,NA,NA,NA,NA,NA,0,NA,NA,NA,NA,NA,NA,NA,NA,NA,0,NA,NA,NA,NA,NA,NA,NA,NA,NA,NA,NA,NA,NA,NA,NA,NA,NA,NA,NA,NA,NA,NA,NA,NA,0,NA,NA,NA,NA,NA,NA,NA,NA,NA,0,NA,NA,NA,NA,0,NA,NA,NA,NA,NA,NA,NA,NA,NA,NA,NA,NA,NA,NA,NA,NA,NA,NA,NA,0,NA,NA,NA,NA,0,NA,NA,NA,NA,NA,NA,NA,NA,NA
M18 [Family Planning],18.5,Emergency Contraceptive Pills,4. Stock Distributed,2550,NA,NA,NA,NA,0,NA,NA,NA,NA,0,NA,NA,NA,NA,0,NA,NA,NA,NA,0,NA,NA,NA,NA,0,NA,NA,NA,NA,0,NA,NA,NA,NA,0,NA,NA,NA,NA,NA,NA,NA,NA,NA,NA,NA,NA,NA,NA,NA,NA,NA,NA,NA,100,NA,NA,NA,NA,0,NA,NA,NA,NA,2100,NA,NA,NA,NA,NA,NA,NA,NA,NA,NA,NA,NA,NA,NA,NA,NA,NA,NA,NA,NA,NA,NA,NA,NA,0,NA,NA,NA,NA,350,NA,NA,NA,NA,0,NA,NA,NA,NA,0,NA,NA,NA,NA,NA,NA,NA,NA,NA,0,NA,NA,NA,NA,NA,NA,NA,NA,NA,0,NA,NA,NA,NA,0,NA,NA,NA,NA,0,NA,NA,NA,NA
M18 [Family Planning],18.5,Emergency Contraceptive Pills,5. Total Stock,21543,NA,NA,NA,NA,0,NA,NA,NA,NA,250,NA,NA,NA,NA,950,NA,NA,NA,NA,600,NA,NA,NA,NA,0,NA,NA,NA,NA,0,NA,NA,NA,NA,2700,NA,NA,NA,NA,NA,NA,NA,NA,NA,0,NA,NA,NA,NA,NA,NA,NA,NA,NA,80,NA,NA,NA,NA,3600,NA,NA,NA,NA,1300,NA,NA,NA,NA,0,NA,NA,NA,NA,0,NA,NA,NA,NA,0,NA,NA,NA,NA,NA,NA,NA,NA,NA,300,NA,NA,NA,NA,9763,NA,NA,NA,NA,0,NA,NA,NA,NA,0,NA,NA,NA,NA,0,NA,NA,NA,NA,0,NA,NA,NA,NA,NA,NA,NA,NA,NA,900,NA,NA,NA,NA,0,NA,NA,NA,NA,1100,NA,NA,NA,NA
M18 [Family Planning],18.6,Centchroman weekly pills,1. Balance From Previous Month,34110,NA,NA,NA,NA,0,NA,NA,NA,NA,0,NA,NA,NA,NA,20400,NA,NA,NA,NA,200,NA,NA,NA,NA,0,NA,NA,NA,NA,9600,NA,NA,NA,NA,3000,NA,NA,NA,NA,NA,NA,NA,NA,NA,NA,NA,NA,NA,NA,NA,NA,NA,NA,NA,0,NA,NA,NA,NA,0,NA,NA,NA,NA,0,NA,NA,NA,NA,NA,NA,NA,NA,NA,NA,NA,NA,NA,NA,NA,NA,NA,NA,NA,NA,NA,NA,NA,NA,0,NA,NA,NA,NA,NA,NA,NA,NA,NA,0,NA,NA,NA,NA,0,NA,NA,NA,NA,NA,NA,NA,NA,NA,0,NA,NA,NA,NA,NA,NA,NA,NA,NA,NA,NA,NA,NA,NA,510,NA,NA,NA,NA,400,NA,NA,NA,NA
M18 [Family Planning],18.6,Centchroman weekly pills,2. Stocks Received,38400,NA,NA,NA,NA,0,NA,NA,NA,NA,0,NA,NA,NA,NA,NA,NA,NA,NA,NA,0,NA,NA,NA,NA,0,NA,NA,NA,NA,0,NA,NA,NA,NA,0,NA,NA,NA,NA,NA,NA,NA,NA,NA,24000,NA,NA,NA,NA,NA,NA,NA,NA,NA,0,NA,NA,NA,NA,0,NA,NA,NA,NA,0,NA,NA,NA,NA,NA,NA,NA,NA,NA,NA,NA,NA,NA,NA,NA,NA,NA,NA,NA,NA,NA,NA,NA,NA,14400,NA,NA,NA,NA,NA,NA,NA,NA,NA,0,NA,NA,NA,NA,0,NA,NA,NA,NA,NA,NA,NA,NA,NA,0,NA,NA,NA,NA,NA,NA,NA,NA,NA,NA,NA,NA,NA,NA,0,NA,NA,NA,NA,0,NA,NA,NA,NA
M18 [Family Planning],18.6,Centchroman weekly pills,3. Unusable Stock,0,NA,NA,NA,NA,0,NA,NA,NA,NA,0,NA,NA,NA,NA,NA,NA,NA,NA,NA,NA,NA,NA,NA,NA,0,NA,NA,NA,NA,0,NA,NA,NA,NA,0,NA,NA,NA,NA,NA,NA,NA,NA,NA,NA,NA,NA,NA,NA,NA,NA,NA,NA,NA,0,NA,NA,NA,NA,NA,NA,NA,NA,NA,0,NA,NA,NA,NA,NA,NA,NA,NA,NA,NA,NA,NA,NA,NA,NA,NA,NA,NA,NA,NA,NA,NA,NA,NA,0,NA,NA,NA,NA,NA,NA,NA,NA,NA,0,NA,NA,NA,NA,0,NA,NA,NA,NA,NA,NA,NA,NA,NA,NA,NA,NA,NA,NA,NA,NA,NA,NA,NA,NA,NA,NA,NA,NA,0,NA,NA,NA,NA,NA,NA,NA,NA,NA
M18 [Family Planning],18.6,Centchroman weekly pills,4. Stock Distributed,15000,NA,NA,NA,NA,0,NA,NA,NA,NA,0,NA,NA,NA,NA,0,NA,NA,NA,NA,0,NA,NA,NA,NA,0,NA,NA,NA,NA,9600,NA,NA,NA,NA,600,NA,NA,NA,NA,NA,NA,NA,NA,NA,4800,NA,NA,NA,NA,NA,NA,NA,NA,NA,0,NA,NA,NA,NA,0,NA,NA,NA,NA,0,NA,NA,NA,NA,NA,NA,NA,NA,NA,NA,NA,NA,NA,NA,NA,NA,NA,NA,NA,NA,NA,NA,NA,NA,0,NA,NA,NA,NA,NA,NA,NA,NA,NA,0,NA,NA,NA,NA,0,NA,NA,NA,NA,NA,NA,NA,NA,NA,0,NA,NA,NA,NA,NA,NA,NA,NA,NA,NA,NA,NA,NA,NA,0,NA,NA,NA,NA,0,NA,NA,NA,NA
M18 [Family Planning],18.6,Centchroman weekly pills,5. Total Stock,57510,NA,NA,NA,NA,0,NA,NA,NA,NA,0,NA,NA,NA,NA,20400,NA,NA,NA,NA,200,NA,NA,NA,NA,0,NA,NA,NA,NA,0,NA,NA,NA,NA,2400,NA,NA,NA,NA,NA,NA,NA,NA,NA,19200,NA,NA,NA,NA,NA,NA,NA,NA,NA,0,NA,NA,NA,NA,0,NA,NA,NA,NA,0,NA,NA,NA,NA,NA,NA,NA,NA,NA,NA,NA,NA,NA,NA,NA,NA,NA,NA,NA,NA,NA,NA,NA,NA,14400,NA,NA,NA,NA,NA,NA,NA,NA,NA,0,NA,NA,NA,NA,0,NA,NA,NA,NA,NA,NA,NA,NA,NA,0,NA,NA,NA,NA,NA,NA,NA,NA,NA,NA,NA,NA,NA,NA,510,NA,NA,NA,NA,400,NA,NA,NA,NA
M18 [Family Planning],18.7,Injectable Contraceptive MPA (Vials),1. Balance From Previous Month,2833,NA,NA,NA,NA,0,NA,NA,NA,NA,0,NA,NA,NA,NA,0,NA,NA,NA,NA,805,NA,NA,NA,NA,0,NA,NA,NA,NA,425,NA,NA,NA,NA,133,NA,NA,NA,NA,NA,NA,NA,NA,NA,238,NA,NA,NA,NA,NA,NA,NA,NA,NA,0,NA,NA,NA,NA,0,NA,NA,NA,NA,0,NA,NA,NA,NA,NA,NA,NA,NA,NA,NA,NA,NA,NA,NA,NA,NA,NA,NA,NA,NA,NA,NA,NA,NA,604,NA,NA,NA,NA,NA,NA,NA,NA,NA,0,NA,NA,NA,NA,0,NA,NA,NA,NA,NA,NA,NA,NA,NA,0,NA,NA,NA,NA,NA,NA,NA,NA,NA,NA,NA,NA,NA,NA,628,NA,NA,NA,NA,0,NA,NA,NA,NA
M18 [Family Planning],18.7,Injectable Contraceptive MPA (Vials),2. Stocks Received,830,NA,NA,NA,NA,0,NA,NA,NA,NA,830,NA,NA,NA,NA,NA,NA,NA,NA,NA,0,NA,NA,NA,NA,0,NA,NA,NA,NA,0,NA,NA,NA,NA,0,NA,NA,NA,NA,NA,NA,NA,NA,NA,NA,NA,NA,NA,NA,NA,NA,NA,NA,NA,0,NA,NA,NA,NA,0,NA,NA,NA,NA,0,NA,NA,NA,NA,NA,NA,NA,NA,NA,NA,NA,NA,NA,NA,NA,NA,NA,NA,NA,NA,NA,NA,NA,NA,0,NA,NA,NA,NA,NA,NA,NA,NA,NA,0,NA,NA,NA,NA,0,NA,NA,NA,NA,NA,NA,NA,NA,NA,0,NA,NA,NA,NA,NA,NA,NA,NA,NA,NA,NA,NA,NA,NA,0,NA,NA,NA,NA,0,NA,NA,NA,NA
M18 [Family Planning],18.7,Injectable Contraceptive MPA (Vials),3. Unusable Stock,0,NA,NA,NA,NA,0,NA,NA,NA,NA,0,NA,NA,NA,NA,NA,NA,NA,NA,NA,NA,NA,NA,NA,NA,0,NA,NA,NA,NA,0,NA,NA,NA,NA,0,NA,NA,NA,NA,NA,NA,NA,NA,NA,NA,NA,NA,NA,NA,NA,NA,NA,NA,NA,0,NA,NA,NA,NA,NA,NA,NA,NA,NA,0,NA,NA,NA,NA,NA,NA,NA,NA,NA,NA,NA,NA,NA,NA,NA,NA,NA,NA,NA,NA,NA,NA,NA,NA,0,NA,NA,NA,NA,NA,NA,NA,NA,NA,0,NA,NA,NA,NA,0,NA,NA,NA,NA,NA,NA,NA,NA,NA,NA,NA,NA,NA,NA,NA,NA,NA,NA,NA,NA,NA,NA,NA,NA,0,NA,NA,NA,NA,NA,NA,NA,NA,NA
M18 [Family Planning],18.7,Injectable Contraceptive MPA (Vials),4. Stock Distributed,0,NA,NA,NA,NA,0,NA,NA,NA,NA,0,NA,NA,NA,NA,0,NA,NA,NA,NA,0,NA,NA,NA,NA,0,NA,NA,NA,NA,0,NA,NA,NA,NA,0,NA,NA,NA,NA,NA,NA,NA,NA,NA,NA,NA,NA,NA,NA,NA,NA,NA,NA,NA,0,NA,NA,NA,NA,0,NA,NA,NA,NA,0,NA,NA,NA,NA,NA,NA,NA,NA,NA,NA,NA,NA,NA,NA,NA,NA,NA,NA,NA,NA,NA,NA,NA,NA,0,NA,NA,NA,NA,NA,NA,NA,NA,NA,0,NA,NA,NA,NA,0,NA,NA,NA,NA,NA,NA,NA,NA,NA,0,NA,NA,NA,NA,NA,NA,NA,NA,NA,NA,NA,NA,NA,NA,0,NA,NA,NA,NA,0,NA,NA,NA,NA
M18 [Family Planning],18.7,Injectable Contraceptive MPA (Vials),5. Total Stock,3663,NA,NA,NA,NA,0,NA,NA,NA,NA,830,NA,NA,NA,NA,0,NA,NA,NA,NA,805,NA,NA,NA,NA,0,NA,NA,NA,NA,425,NA,NA,NA,NA,133,NA,NA,NA,NA,NA,NA,NA,NA,NA,238,NA,NA,NA,NA,NA,NA,NA,NA,NA,0,NA,NA,NA,NA,0,NA,NA,NA,NA,0,NA,NA,NA,NA,NA,NA,NA,NA,NA,NA,NA,NA,NA,NA,NA,NA,NA,NA,NA,NA,NA,NA,NA,NA,604,NA,NA,NA,NA,NA,NA,NA,NA,NA,0,NA,NA,NA,NA,0,NA,NA,NA,NA,NA,NA,NA,NA,NA,0,NA,NA,NA,NA,NA,NA,NA,NA,NA,NA,NA,NA,NA,NA,628,NA,NA,NA,NA,0,NA,NA,NA,NA
M18 [Family Planning],18.8,Tubal rings,1. Balance From Previous Month,17110,NA,NA,NA,NA,0,NA,NA,NA,NA,1100,NA,NA,NA,NA,0,NA,NA,NA,NA,700,NA,NA,NA,NA,0,NA,NA,NA,NA,1500,NA,NA,NA,NA,8150,NA,NA,NA,NA,NA,NA,NA,NA,NA,500,NA,NA,NA,NA,NA,NA,NA,NA,NA,349,NA,NA,NA,NA,1000,NA,NA,NA,NA,500,NA,NA,NA,NA,NA,NA,NA,NA,NA,NA,NA,NA,NA,NA,NA,NA,NA,NA,NA,NA,NA,NA,NA,NA,0,NA,NA,NA,NA,2011,NA,NA,NA,NA,0,NA,NA,NA,NA,0,NA,NA,NA,NA,NA,NA,NA,NA,NA,0,NA,NA,NA,NA,NA,NA,NA,NA,NA,0,NA,NA,NA,NA,1000,NA,NA,NA,NA,300,NA,NA,NA,NA
M18 [Family Planning],18.8,Tubal rings,2. Stocks Received,1800,NA,NA,NA,NA,0,NA,NA,NA,NA,200,NA,NA,NA,NA,NA,NA,NA,NA,NA,0,NA,NA,NA,NA,0,NA,NA,NA,NA,0,NA,NA,NA,NA,0,NA,NA,NA,NA,NA,NA,NA,NA,NA,500,NA,NA,NA,NA,NA,NA,NA,NA,NA,0,NA,NA,NA,NA,0,NA,NA,NA,NA,100,NA,NA,NA,NA,NA,NA,NA,NA,NA,NA,NA,NA,NA,NA,NA,NA,NA,NA,NA,NA,NA,NA,NA,NA,0,NA,NA,NA,NA,NA,NA,NA,NA,NA,0,NA,NA,NA,NA,0,NA,NA,NA,NA,NA,NA,NA,NA,NA,0,NA,NA,NA,NA,NA,NA,NA,NA,NA,1000,NA,NA,NA,NA,0,NA,NA,NA,NA,0,NA,NA,NA,NA
M18 [Family Planning],18.8,Tubal rings,3. Unusable Stock,0,NA,NA,NA,NA,0,NA,NA,NA,NA,0,NA,NA,NA,NA,NA,NA,NA,NA,NA,NA,NA,NA,NA,NA,0,NA,NA,NA,NA,0,NA,NA,NA,NA,0,NA,NA,NA,NA,NA,NA,NA,NA,NA,NA,NA,NA,NA,NA,NA,NA,NA,NA,NA,0,NA,NA,NA,NA,NA,NA,NA,NA,NA,0,NA,NA,NA,NA,NA,NA,NA,NA,NA,NA,NA,NA,NA,NA,NA,NA,NA,NA,NA,NA,NA,NA,NA,NA,0,NA,NA,NA,NA,NA,NA,NA,NA,NA,0,NA,NA,NA,NA,0,NA,NA,NA,NA,NA,NA,NA,NA,NA,NA,NA,NA,NA,NA,NA,NA,NA,NA,NA,0,NA,NA,NA,NA,0,NA,NA,NA,NA,NA,NA,NA,NA,NA
M18 [Family Planning],18.8,Tubal rings,4. Stock Distributed,1444,NA,NA,NA,NA,0,NA,NA,NA,NA,0,NA,NA,NA,NA,0,NA,NA,NA,NA,0,NA,NA,NA,NA,0,NA,NA,NA,NA,0,NA,NA,NA,NA,0,NA,NA,NA,NA,NA,NA,NA,NA,NA,200,NA,NA,NA,NA,NA,NA,NA,NA,NA,94,NA,NA,NA,NA,0,NA,NA,NA,NA,500,NA,NA,NA,NA,NA,NA,NA,NA,NA,NA,NA,NA,NA,NA,NA,NA,NA,NA,NA,NA,NA,NA,NA,NA,0,NA,NA,NA,NA,50,NA,NA,NA,NA,0,NA,NA,NA,NA,0,NA,NA,NA,NA,NA,NA,NA,NA,NA,0,NA,NA,NA,NA,NA,NA,NA,NA,NA,500,NA,NA,NA,NA,100,NA,NA,NA,NA,0,NA,NA,NA,NA
M18 [Family Planning],18.8,Tubal rings,5. Total Stock,17466,NA,NA,NA,NA,0,NA,NA,NA,NA,1300,NA,NA,NA,NA,0,NA,NA,NA,NA,700,NA,NA,NA,NA,0,NA,NA,NA,NA,1500,NA,NA,NA,NA,8150,NA,NA,NA,NA,NA,NA,NA,NA,NA,800,NA,NA,NA,NA,NA,NA,NA,NA,NA,255,NA,NA,NA,NA,1000,NA,NA,NA,NA,100,NA,NA,NA,NA,NA,NA,NA,NA,NA,NA,NA,NA,NA,NA,NA,NA,NA,NA,NA,NA,NA,NA,NA,NA,0,NA,NA,NA,NA,1961,NA,NA,NA,NA,0,NA,NA,NA,NA,0,NA,NA,NA,NA,NA,NA,NA,NA,NA,0,NA,NA,NA,NA,NA,NA,NA,NA,NA,500,NA,NA,NA,NA,900,NA,NA,NA,NA,300,NA,NA,NA,NA
M18 [Family Planning],18.9,Pregnancy testing Kits (Nischay Kits),1. Balance From Previous Month,34202,NA,NA,NA,NA,0,NA,NA,NA,NA,0,NA,NA,NA,NA,1000,NA,NA,NA,NA,300,NA,NA,NA,NA,0,NA,NA,NA,NA,9300,NA,NA,NA,NA,3200,NA,NA,NA,NA,NA,NA,NA,NA,NA,1500,NA,NA,NA,NA,NA,NA,NA,NA,NA,490,NA,NA,NA,NA,0,NA,NA,NA,NA,6400,NA,NA,NA,NA,NA,NA,NA,NA,NA,NA,NA,NA,NA,NA,NA,NA,NA,NA,NA,NA,NA,NA,NA,NA,2150,NA,NA,NA,NA,5480,NA,NA,NA,NA,0,NA,NA,NA,NA,0,NA,NA,NA,NA,NA,NA,NA,NA,NA,0,NA,NA,NA,NA,NA,NA,NA,NA,NA,0,NA,NA,NA,NA,2682,NA,NA,NA,NA,1700,NA,NA,NA,NA
M18 [Family Planning],18.9,Pregnancy testing Kits (Nischay Kits),2. Stocks Received,2200,NA,NA,NA,NA,0,NA,NA,NA,NA,900,NA,NA,NA,NA,NA,NA,NA,NA,NA,0,NA,NA,NA,NA,0,NA,NA,NA,NA,0,NA,NA,NA,NA,0,NA,NA,NA,NA,NA,NA,NA,NA,NA,1000,NA,NA,NA,NA,NA,NA,NA,NA,NA,0,NA,NA,NA,NA,0,NA,NA,NA,NA,0,NA,NA,NA,NA,NA,NA,NA,NA,NA,NA,NA,NA,NA,NA,NA,NA,NA,NA,NA,NA,NA,NA,NA,NA,0,NA,NA,NA,NA,NA,NA,NA,NA,NA,0,NA,NA,NA,NA,0,NA,NA,NA,NA,NA,NA,NA,NA,NA,0,NA,NA,NA,NA,NA,NA,NA,NA,NA,300,NA,NA,NA,NA,0,NA,NA,NA,NA,0,NA,NA,NA,NA
M18 [Family Planning],18.9,Pregnancy testing Kits (Nischay Kits),3. Unusable Stock,0,NA,NA,NA,NA,0,NA,NA,NA,NA,0,NA,NA,NA,NA,NA,NA,NA,NA,NA,NA,NA,NA,NA,NA,0,NA,NA,NA,NA,0,NA,NA,NA,NA,0,NA,NA,NA,NA,NA,NA,NA,NA,NA,NA,NA,NA,NA,NA,NA,NA,NA,NA,NA,0,NA,NA,NA,NA,NA,NA,NA,NA,NA,0,NA,NA,NA,NA,NA,NA,NA,NA,NA,NA,NA,NA,NA,NA,NA,NA,NA,NA,NA,NA,NA,NA,NA,NA,0,NA,NA,NA,NA,NA,NA,NA,NA,NA,0,NA,NA,NA,NA,0,NA,NA,NA,NA,NA,NA,NA,NA,NA,NA,NA,NA,NA,NA,NA,NA,NA,NA,NA,0,NA,NA,NA,NA,0,NA,NA,NA,NA,NA,NA,NA,NA,NA
M18 [Family Planning],18.9,Pregnancy testing Kits (Nischay Kits),4. Stock Distributed,18042,NA,NA,NA,NA,0,NA,NA,NA,NA,0,NA,NA,NA,NA,0,NA,NA,NA,NA,0,NA,NA,NA,NA,0,NA,NA,NA,NA,7300,NA,NA,NA,NA,0,NA,NA,NA,NA,NA,NA,NA,NA,NA,500,NA,NA,NA,NA,NA,NA,NA,NA,NA,0,NA,NA,NA,NA,0,NA,NA,NA,NA,4600,NA,NA,NA,NA,NA,NA,NA,NA,NA,NA,NA,NA,NA,NA,NA,NA,NA,NA,NA,NA,NA,NA,NA,NA,50,NA,NA,NA,NA,4280,NA,NA,NA,NA,0,NA,NA,NA,NA,0,NA,NA,NA,NA,NA,NA,NA,NA,NA,0,NA,NA,NA,NA,NA,NA,NA,NA,NA,0,NA,NA,NA,NA,1312,NA,NA,NA,NA,0,NA,NA,NA,NA
M18 [Family Planning],18.9,Pregnancy testing Kits (Nischay Kits),5. Total Stock,18360,NA,NA,NA,NA,0,NA,NA,NA,NA,900,NA,NA,NA,NA,1000,NA,NA,NA,NA,300,NA,NA,NA,NA,0,NA,NA,NA,NA,2000,NA,NA,NA,NA,3200,NA,NA,NA,NA,NA,NA,NA,NA,NA,2000,NA,NA,NA,NA,NA,NA,NA,NA,NA,490,NA,NA,NA,NA,0,NA,NA,NA,NA,1800,NA,NA,NA,NA,NA,NA,NA,NA,NA,NA,NA,NA,NA,NA,NA,NA,NA,NA,NA,NA,NA,NA,NA,NA,2100,NA,NA,NA,NA,1200,NA,NA,NA,NA,0,NA,NA,NA,NA,0,NA,NA,NA,NA,NA,NA,NA,NA,NA,0,NA,NA,NA,NA,NA,NA,NA,NA,NA,300,NA,NA,NA,NA,1370,NA,NA,NA,NA,1700,NA,NA,NA,NA
M19 [Other Items],19.1,Gloves,1. Balance From Previous Month,247145,NA,NA,NA,NA,18860,NA,NA,NA,NA,0,NA,NA,NA,NA,9800,NA,NA,NA,NA,13595,NA,NA,NA,NA,2050,NA,NA,NA,NA,NA,NA,NA,NA,NA,1051,NA,NA,NA,NA,NA,NA,NA,NA,NA,53219,NA,NA,NA,NA,NA,NA,NA,NA,NA,NA,NA,NA,NA,NA,0,NA,NA,NA,NA,57790,NA,NA,NA,NA,NA,NA,NA,NA,NA,NA,NA,NA,NA,NA,NA,NA,NA,NA,NA,NA,NA,NA,NA,NA,54100,NA,NA,NA,NA,NA,NA,NA,NA,NA,0,NA,NA,NA,NA,24580,NA,NA,NA,NA,NA,NA,NA,NA,NA,0,NA,NA,NA,NA,NA,NA,NA,NA,NA,NA,NA,NA,NA,NA,0,NA,NA,NA,NA,12100,NA,NA,NA,NA
M19 [Other Items],19.1,Gloves,2. Stocks Received,0,NA,NA,NA,NA,0,NA,NA,NA,NA,0,NA,NA,NA,NA,NA,NA,NA,NA,NA,0,NA,NA,NA,NA,0,NA,NA,NA,NA,NA,NA,NA,NA,NA,0,NA,NA,NA,NA,NA,NA,NA,NA,NA,NA,NA,NA,NA,NA,NA,NA,NA,NA,NA,NA,NA,NA,NA,NA,0,NA,NA,NA,NA,0,NA,NA,NA,NA,NA,NA,NA,NA,NA,NA,NA,NA,NA,NA,NA,NA,NA,NA,NA,NA,NA,NA,NA,NA,0,NA,NA,NA,NA,NA,NA,NA,NA,NA,0,NA,NA,NA,NA,0,NA,NA,NA,NA,NA,NA,NA,NA,NA,NA,NA,NA,NA,NA,NA,NA,NA,NA,NA,NA,NA,NA,NA,NA,NA,NA,NA,NA,NA,0,NA,NA,NA,NA
M19 [Other Items],19.1,Gloves,3. Unusable Stock,0,NA,NA,NA,NA,0,NA,NA,NA,NA,0,NA,NA,NA,NA,NA,NA,NA,NA,NA,NA,NA,NA,NA,NA,0,NA,NA,NA,NA,NA,NA,NA,NA,NA,0,NA,NA,NA,NA,NA,NA,NA,NA,NA,NA,NA,NA,NA,NA,NA,NA,NA,NA,NA,NA,NA,NA,NA,NA,NA,NA,NA,NA,NA,0,NA,NA,NA,NA,NA,NA,NA,NA,NA,NA,NA,NA,NA,NA,NA,NA,NA,NA,NA,NA,NA,NA,NA,NA,0,NA,NA,NA,NA,NA,NA,NA,NA,NA,0,NA,NA,NA,NA,0,NA,NA,NA,NA,NA,NA,NA,NA,NA,NA,NA,NA,NA,NA,NA,NA,NA,NA,NA,NA,NA,NA,NA,NA,NA,NA,NA,NA,NA,0,NA,NA,NA,NA
M19 [Other Items],19.1,Gloves,4. Stock Distributed,73128,NA,NA,NA,NA,9060,NA,NA,NA,NA,0,NA,NA,NA,NA,6700,NA,NA,NA,NA,3619,NA,NA,NA,NA,800,NA,NA,NA,NA,NA,NA,NA,NA,NA,450,NA,NA,NA,NA,NA,NA,NA,NA,NA,44569,NA,NA,NA,NA,NA,NA,NA,NA,NA,NA,NA,NA,NA,NA,0,NA,NA,NA,NA,2250,NA,NA,NA,NA,NA,NA,NA,NA,NA,NA,NA,NA,NA,NA,NA,NA,NA,NA,NA,NA,NA,NA,NA,NA,850,NA,NA,NA,NA,NA,NA,NA,NA,NA,0,NA,NA,NA,NA,4030,NA,NA,NA,NA,NA,NA,NA,NA,NA,NA,NA,NA,NA,NA,NA,NA,NA,NA,NA,NA,NA,NA,NA,NA,NA,NA,NA,NA,NA,800,NA,NA,NA,NA
M19 [Other Items],19.1,Gloves,5. Total Stock,174017,NA,NA,NA,NA,9800,NA,NA,NA,NA,0,NA,NA,NA,NA,3100,NA,NA,NA,NA,9976,NA,NA,NA,NA,1250,NA,NA,NA,NA,0,NA,NA,NA,NA,601,NA,NA,NA,NA,NA,NA,NA,NA,NA,8650,NA,NA,NA,NA,NA,NA,NA,NA,NA,0,NA,NA,NA,NA,0,NA,NA,NA,NA,55540,NA,NA,NA,NA,0,NA,NA,NA,NA,0,NA,NA,NA,NA,0,NA,NA,NA,NA,NA,NA,NA,NA,NA,53250,NA,NA,NA,NA,0,NA,NA,NA,NA,0,NA,NA,NA,NA,20550,NA,NA,NA,NA,0,NA,NA,NA,NA,0,NA,NA,NA,NA,NA,NA,NA,NA,NA,0,NA,NA,NA,NA,0,NA,NA,NA,NA,11300,NA,NA,NA,NA
M19 [Other Items],19.2,MVA Syringes,1. Balance From Previous Month,0,NA,NA,NA,NA,0,NA,NA,NA,NA,0,NA,NA,NA,NA,NA,NA,NA,NA,NA,NA,NA,NA,NA,NA,0,NA,NA,NA,NA,NA,NA,NA,NA,NA,0,NA,NA,NA,NA,NA,NA,NA,NA,NA,NA,NA,NA,NA,NA,NA,NA,NA,NA,NA,NA,NA,NA,NA,NA,0,NA,NA,NA,NA,0,NA,NA,NA,NA,NA,NA,NA,NA,NA,NA,NA,NA,NA,NA,NA,NA,NA,NA,NA,NA,NA,NA,NA,NA,0,NA,NA,NA,NA,NA,NA,NA,NA,NA,0,NA,NA,NA,NA,0,NA,NA,NA,NA,NA,NA,NA,NA,NA,0,NA,NA,NA,NA,NA,NA,NA,NA,NA,NA,NA,NA,NA,NA,0,NA,NA,NA,NA,0,NA,NA,NA,NA
M19 [Other Items],19.2,MVA Syringes,2. Stocks Received,0,NA,NA,NA,NA,0,NA,NA,NA,NA,0,NA,NA,NA,NA,NA,NA,NA,NA,NA,NA,NA,NA,NA,NA,0,NA,NA,NA,NA,NA,NA,NA,NA,NA,0,NA,NA,NA,NA,NA,NA,NA,NA,NA,NA,NA,NA,NA,NA,NA,NA,NA,NA,NA,NA,NA,NA,NA,NA,0,NA,NA,NA,NA,0,NA,NA,NA,NA,NA,NA,NA,NA,NA,NA,NA,NA,NA,NA,NA,NA,NA,NA,NA,NA,NA,NA,NA,NA,0,NA,NA,NA,NA,NA,NA,NA,NA,NA,0,NA,NA,NA,NA,0,NA,NA,NA,NA,NA,NA,NA,NA,NA,NA,NA,NA,NA,NA,NA,NA,NA,NA,NA,NA,NA,NA,NA,NA,NA,NA,NA,NA,NA,0,NA,NA,NA,NA
M19 [Other Items],19.2,MVA Syringes,3. Unusable Stock,0,NA,NA,NA,NA,0,NA,NA,NA,NA,0,NA,NA,NA,NA,NA,NA,NA,NA,NA,NA,NA,NA,NA,NA,0,NA,NA,NA,NA,NA,NA,NA,NA,NA,0,NA,NA,NA,NA,NA,NA,NA,NA,NA,NA,NA,NA,NA,NA,NA,NA,NA,NA,NA,NA,NA,NA,NA,NA,NA,NA,NA,NA,NA,0,NA,NA,NA,NA,NA,NA,NA,NA,NA,NA,NA,NA,NA,NA,NA,NA,NA,NA,NA,NA,NA,NA,NA,NA,0,NA,NA,NA,NA,NA,NA,NA,NA,NA,0,NA,NA,NA,NA,0,NA,NA,NA,NA,NA,NA,NA,NA,NA,NA,NA,NA,NA,NA,NA,NA,NA,NA,NA,NA,NA,NA,NA,NA,NA,NA,NA,NA,NA,0,NA,NA,NA,NA
M19 [Other Items],19.2,MVA Syringes,4. Stock Distributed,0,NA,NA,NA,NA,0,NA,NA,NA,NA,0,NA,NA,NA,NA,NA,NA,NA,NA,NA,NA,NA,NA,NA,NA,0,NA,NA,NA,NA,NA,NA,NA,NA,NA,0,NA,NA,NA,NA,NA,NA,NA,NA,NA,NA,NA,NA,NA,NA,NA,NA,NA,NA,NA,NA,NA,NA,NA,NA,0,NA,NA,NA,NA,0,NA,NA,NA,NA,NA,NA,NA,NA,NA,NA,NA,NA,NA,NA,NA,NA,NA,NA,NA,NA,NA,NA,NA,NA,0,NA,NA,NA,NA,NA,NA,NA,NA,NA,0,NA,NA,NA,NA,0,NA,NA,NA,NA,NA,NA,NA,NA,NA,NA,NA,NA,NA,NA,NA,NA,NA,NA,NA,NA,NA,NA,NA,NA,NA,NA,NA,NA,NA,0,NA,NA,NA,NA
M19 [Other Items],19.2,MVA Syringes,5. Total Stock,0,NA,NA,NA,NA,0,NA,NA,NA,NA,0,NA,NA,NA,NA,0,NA,NA,NA,NA,0,NA,NA,NA,NA,0,NA,NA,NA,NA,0,NA,NA,NA,NA,0,NA,NA,NA,NA,NA,NA,NA,NA,NA,0,NA,NA,NA,NA,NA,NA,NA,NA,NA,0,NA,NA,NA,NA,0,NA,NA,NA,NA,0,NA,NA,NA,NA,0,NA,NA,NA,NA,0,NA,NA,NA,NA,0,NA,NA,NA,NA,NA,NA,NA,NA,NA,0,NA,NA,NA,NA,0,NA,NA,NA,NA,0,NA,NA,NA,NA,0,NA,NA,NA,NA,0,NA,NA,NA,NA,0,NA,NA,NA,NA,NA,NA,NA,NA,NA,0,NA,NA,NA,NA,0,NA,NA,NA,NA,0,NA,NA,NA,NA
M19 [Other Items],19.3,Tab. Fluconazole,1. Balance From Previous Month,470599,NA,NA,NA,NA,56400,NA,NA,NA,NA,0,NA,NA,NA,NA,59900,NA,NA,NA,NA,57180,NA,NA,NA,NA,2500,NA,NA,NA,NA,NA,NA,NA,NA,NA,45000,NA,NA,NA,NA,NA,NA,NA,NA,NA,16810,NA,NA,NA,NA,NA,NA,NA,NA,NA,NA,NA,NA,NA,NA,0,NA,NA,NA,NA,17799,NA,NA,NA,NA,NA,NA,NA,NA,NA,NA,NA,NA,NA,NA,NA,NA,NA,NA,NA,NA,NA,NA,NA,NA,4410,NA,NA,NA,NA,NA,NA,NA,NA,NA,0,NA,NA,NA,NA,12700,NA,NA,NA,NA,NA,NA,NA,NA,NA,0,NA,NA,NA,NA,NA,NA,NA,NA,NA,NA,NA,NA,NA,NA,119200,NA,NA,NA,NA,78700,NA,NA,NA,NA
M19 [Other Items],19.3,Tab. Fluconazole,2. Stocks Received,107000,NA,NA,NA,NA,0,NA,NA,NA,NA,0,NA,NA,NA,NA,NA,NA,NA,NA,NA,0,NA,NA,NA,NA,0,NA,NA,NA,NA,NA,NA,NA,NA,NA,40000,NA,NA,NA,NA,NA,NA,NA,NA,NA,37000,NA,NA,NA,NA,NA,NA,NA,NA,NA,NA,NA,NA,NA,NA,0,NA,NA,NA,NA,0,NA,NA,NA,NA,NA,NA,NA,NA,NA,NA,NA,NA,NA,NA,NA,NA,NA,NA,NA,NA,NA,NA,NA,NA,0,NA,NA,NA,NA,NA,NA,NA,NA,NA,0,NA,NA,NA,NA,0,NA,NA,NA,NA,NA,NA,NA,NA,NA,NA,NA,NA,NA,NA,NA,NA,NA,NA,NA,NA,NA,NA,NA,NA,NA,NA,NA,NA,NA,30000,NA,NA,NA,NA
M19 [Other Items],19.3,Tab. Fluconazole,3. Unusable Stock,0,NA,NA,NA,NA,0,NA,NA,NA,NA,0,NA,NA,NA,NA,NA,NA,NA,NA,NA,NA,NA,NA,NA,NA,0,NA,NA,NA,NA,NA,NA,NA,NA,NA,0,NA,NA,NA,NA,NA,NA,NA,NA,NA,NA,NA,NA,NA,NA,NA,NA,NA,NA,NA,NA,NA,NA,NA,NA,NA,NA,NA,NA,NA,0,NA,NA,NA,NA,NA,NA,NA,NA,NA,NA,NA,NA,NA,NA,NA,NA,NA,NA,NA,NA,NA,NA,NA,NA,0,NA,NA,NA,NA,NA,NA,NA,NA,NA,0,NA,NA,NA,NA,0,NA,NA,NA,NA,NA,NA,NA,NA,NA,NA,NA,NA,NA,NA,NA,NA,NA,NA,NA,NA,NA,NA,NA,NA,NA,NA,NA,NA,NA,0,NA,NA,NA,NA
M19 [Other Items],19.3,Tab. Fluconazole,4. Stock Distributed,87500,NA,NA,NA,NA,6400,NA,NA,NA,NA,0,NA,NA,NA,NA,12100,NA,NA,NA,NA,5100,NA,NA,NA,NA,2000,NA,NA,NA,NA,NA,NA,NA,NA,NA,19500,NA,NA,NA,NA,NA,NA,NA,NA,NA,13800,NA,NA,NA,NA,NA,NA,NA,NA,NA,NA,NA,NA,NA,NA,0,NA,NA,NA,NA,5300,NA,NA,NA,NA,NA,NA,NA,NA,NA,NA,NA,NA,NA,NA,NA,NA,NA,NA,NA,NA,NA,NA,NA,NA,4000,NA,NA,NA,NA,NA,NA,NA,NA,NA,0,NA,NA,NA,NA,3800,NA,NA,NA,NA,NA,NA,NA,NA,NA,NA,NA,NA,NA,NA,NA,NA,NA,NA,NA,NA,NA,NA,NA,NA,NA,NA,NA,NA,NA,15500,NA,NA,NA,NA
M19 [Other Items],19.3,Tab. Fluconazole,5. Total Stock,490099,NA,NA,NA,NA,50000,NA,NA,NA,NA,0,NA,NA,NA,NA,47800,NA,NA,NA,NA,52080,NA,NA,NA,NA,500,NA,NA,NA,NA,0,NA,NA,NA,NA,65500,NA,NA,NA,NA,NA,NA,NA,NA,NA,40010,NA,NA,NA,NA,NA,NA,NA,NA,NA,0,NA,NA,NA,NA,0,NA,NA,NA,NA,12499,NA,NA,NA,NA,0,NA,NA,NA,NA,0,NA,NA,NA,NA,0,NA,NA,NA,NA,NA,NA,NA,NA,NA,410,NA,NA,NA,NA,0,NA,NA,NA,NA,0,NA,NA,NA,NA,8900,NA,NA,NA,NA,0,NA,NA,NA,NA,0,NA,NA,NA,NA,NA,NA,NA,NA,NA,0,NA,NA,NA,NA,119200,NA,NA,NA,NA,93200,NA,NA,NA,NA
M19 [Other Items],19.4,Blood Transfusion sets,1. Balance From Previous Month,10644,NA,NA,NA,NA,0,NA,NA,NA,NA,0,NA,NA,NA,NA,500,NA,NA,NA,NA,0,NA,NA,NA,NA,0,NA,NA,NA,NA,NA,NA,NA,NA,NA,4000,NA,NA,NA,NA,NA,NA,NA,NA,NA,3974,NA,NA,NA,NA,NA,NA,NA,NA,NA,NA,NA,NA,NA,NA,0,NA,NA,NA,NA,0,NA,NA,NA,NA,NA,NA,NA,NA,NA,NA,NA,NA,NA,NA,NA,NA,NA,NA,NA,NA,NA,NA,NA,NA,200,NA,NA,NA,NA,NA,NA,NA,NA,NA,0,NA,NA,NA,NA,1470,NA,NA,NA,NA,NA,NA,NA,NA,NA,0,NA,NA,NA,NA,NA,NA,NA,NA,NA,NA,NA,NA,NA,NA,500,NA,NA,NA,NA,NA,NA,NA,NA,NA
M19 [Other Items],19.4,Blood Transfusion sets,2. Stocks Received,0,NA,NA,NA,NA,0,NA,NA,NA,NA,0,NA,NA,NA,NA,NA,NA,NA,NA,NA,0,NA,NA,NA,NA,0,NA,NA,NA,NA,NA,NA,NA,NA,NA,0,NA,NA,NA,NA,NA,NA,NA,NA,NA,NA,NA,NA,NA,NA,NA,NA,NA,NA,NA,NA,NA,NA,NA,NA,0,NA,NA,NA,NA,0,NA,NA,NA,NA,NA,NA,NA,NA,NA,NA,NA,NA,NA,NA,NA,NA,NA,NA,NA,NA,NA,NA,NA,NA,0,NA,NA,NA,NA,NA,NA,NA,NA,NA,0,NA,NA,NA,NA,0,NA,NA,NA,NA,NA,NA,NA,NA,NA,NA,NA,NA,NA,NA,NA,NA,NA,NA,NA,NA,NA,NA,NA,NA,NA,NA,NA,NA,NA,0,NA,NA,NA,NA
M19 [Other Items],19.4,Blood Transfusion sets,3. Unusable Stock,0,NA,NA,NA,NA,0,NA,NA,NA,NA,0,NA,NA,NA,NA,NA,NA,NA,NA,NA,NA,NA,NA,NA,NA,0,NA,NA,NA,NA,NA,NA,NA,NA,NA,0,NA,NA,NA,NA,NA,NA,NA,NA,NA,NA,NA,NA,NA,NA,NA,NA,NA,NA,NA,NA,NA,NA,NA,NA,NA,NA,NA,NA,NA,0,NA,NA,NA,NA,NA,NA,NA,NA,NA,NA,NA,NA,NA,NA,NA,NA,NA,NA,NA,NA,NA,NA,NA,NA,0,NA,NA,NA,NA,NA,NA,NA,NA,NA,0,NA,NA,NA,NA,0,NA,NA,NA,NA,NA,NA,NA,NA,NA,NA,NA,NA,NA,NA,NA,NA,NA,NA,NA,NA,NA,NA,NA,NA,NA,NA,NA,NA,NA,0,NA,NA,NA,NA
M19 [Other Items],19.4,Blood Transfusion sets,4. Stock Distributed,205,NA,NA,NA,NA,0,NA,NA,NA,NA,0,NA,NA,NA,NA,NA,NA,NA,NA,NA,0,NA,NA,NA,NA,0,NA,NA,NA,NA,NA,NA,NA,NA,NA,0,NA,NA,NA,NA,NA,NA,NA,NA,NA,NA,NA,NA,NA,NA,NA,NA,NA,NA,NA,NA,NA,NA,NA,NA,0,NA,NA,NA,NA,0,NA,NA,NA,NA,NA,NA,NA,NA,NA,NA,NA,NA,NA,NA,NA,NA,NA,NA,NA,NA,NA,NA,NA,NA,200,NA,NA,NA,NA,NA,NA,NA,NA,NA,0,NA,NA,NA,NA,5,NA,NA,NA,NA,NA,NA,NA,NA,NA,NA,NA,NA,NA,NA,NA,NA,NA,NA,NA,NA,NA,NA,NA,NA,NA,NA,NA,NA,NA,0,NA,NA,NA,NA
M19 [Other Items],19.4,Blood Transfusion sets,5. Total Stock,10439,NA,NA,NA,NA,0,NA,NA,NA,NA,0,NA,NA,NA,NA,500,NA,NA,NA,NA,0,NA,NA,NA,NA,0,NA,NA,NA,NA,0,NA,NA,NA,NA,4000,NA,NA,NA,NA,NA,NA,NA,NA,NA,3974,NA,NA,NA,NA,NA,NA,NA,NA,NA,0,NA,NA,NA,NA,0,NA,NA,NA,NA,0,NA,NA,NA,NA,0,NA,NA,NA,NA,0,NA,NA,NA,NA,0,NA,NA,NA,NA,NA,NA,NA,NA,NA,0,NA,NA,NA,NA,0,NA,NA,NA,NA,0,NA,NA,NA,NA,1465,NA,NA,NA,NA,0,NA,NA,NA,NA,0,NA,NA,NA,NA,NA,NA,NA,NA,NA,0,NA,NA,NA,NA,500,NA,NA,NA,NA,0,NA,NA,NA,NA
M19 [Other Items],19.5,Gluteraldehyde 2%,1. Balance From Previous Month,176000,NA,NA,NA,NA,0,NA,NA,NA,NA,0,NA,NA,NA,NA,NA,NA,NA,NA,NA,NA,NA,NA,NA,NA,0,NA,NA,NA,NA,NA,NA,NA,NA,NA,176000,NA,NA,NA,NA,NA,NA,NA,NA,NA,NA,NA,NA,NA,NA,NA,NA,NA,NA,NA,NA,NA,NA,NA,NA,0,NA,NA,NA,NA,0,NA,NA,NA,NA,NA,NA,NA,NA,NA,NA,NA,NA,NA,NA,NA,NA,NA,NA,NA,NA,NA,NA,NA,NA,0,NA,NA,NA,NA,NA,NA,NA,NA,NA,0,NA,NA,NA,NA,0,NA,NA,NA,NA,NA,NA,NA,NA,NA,0,NA,NA,NA,NA,NA,NA,NA,NA,NA,NA,NA,NA,NA,NA,0,NA,NA,NA,NA,NA,NA,NA,NA,NA
M19 [Other Items],19.5,Gluteraldehyde 2%,2. Stocks Received,0,NA,NA,NA,NA,0,NA,NA,NA,NA,0,NA,NA,NA,NA,NA,NA,NA,NA,NA,NA,NA,NA,NA,NA,0,NA,NA,NA,NA,NA,NA,NA,NA,NA,0,NA,NA,NA,NA,NA,NA,NA,NA,NA,NA,NA,NA,NA,NA,NA,NA,NA,NA,NA,NA,NA,NA,NA,NA,0,NA,NA,NA,NA,0,NA,NA,NA,NA,NA,NA,NA,NA,NA,NA,NA,NA,NA,NA,NA,NA,NA,NA,NA,NA,NA,NA,NA,NA,0,NA,NA,NA,NA,NA,NA,NA,NA,NA,0,NA,NA,NA,NA,0,NA,NA,NA,NA,NA,NA,NA,NA,NA,NA,NA,NA,NA,NA,NA,NA,NA,NA,NA,NA,NA,NA,NA,NA,NA,NA,NA,NA,NA,0,NA,NA,NA,NA
M19 [Other Items],19.5,Gluteraldehyde 2%,3. Unusable Stock,0,NA,NA,NA,NA,0,NA,NA,NA,NA,0,NA,NA,NA,NA,NA,NA,NA,NA,NA,NA,NA,NA,NA,NA,0,NA,NA,NA,NA,NA,NA,NA,NA,NA,0,NA,NA,NA,NA,NA,NA,NA,NA,NA,NA,NA,NA,NA,NA,NA,NA,NA,NA,NA,NA,NA,NA,NA,NA,NA,NA,NA,NA,NA,0,NA,NA,NA,NA,NA,NA,NA,NA,NA,NA,NA,NA,NA,NA,NA,NA,NA,NA,NA,NA,NA,NA,NA,NA,0,NA,NA,NA,NA,NA,NA,NA,NA,NA,0,NA,NA,NA,NA,0,NA,NA,NA,NA,NA,NA,NA,NA,NA,NA,NA,NA,NA,NA,NA,NA,NA,NA,NA,NA,NA,NA,NA,NA,NA,NA,NA,NA,NA,0,NA,NA,NA,NA
M19 [Other Items],19.5,Gluteraldehyde 2%,4. Stock Distributed,0,NA,NA,NA,NA,0,NA,NA,NA,NA,0,NA,NA,NA,NA,NA,NA,NA,NA,NA,NA,NA,NA,NA,NA,0,NA,NA,NA,NA,NA,NA,NA,NA,NA,0,NA,NA,NA,NA,NA,NA,NA,NA,NA,NA,NA,NA,NA,NA,NA,NA,NA,NA,NA,NA,NA,NA,NA,NA,0,NA,NA,NA,NA,0,NA,NA,NA,NA,NA,NA,NA,NA,NA,NA,NA,NA,NA,NA,NA,NA,NA,NA,NA,NA,NA,NA,NA,NA,0,NA,NA,NA,NA,NA,NA,NA,NA,NA,0,NA,NA,NA,NA,0,NA,NA,NA,NA,NA,NA,NA,NA,NA,NA,NA,NA,NA,NA,NA,NA,NA,NA,NA,NA,NA,NA,NA,NA,NA,NA,NA,NA,NA,0,NA,NA,NA,NA
M19 [Other Items],19.5,Gluteraldehyde 2%,5. Total Stock,176000,NA,NA,NA,NA,0,NA,NA,NA,NA,0,NA,NA,NA,NA,0,NA,NA,NA,NA,0,NA,NA,NA,NA,0,NA,NA,NA,NA,0,NA,NA,NA,NA,176000,NA,NA,NA,NA,NA,NA,NA,NA,NA,0,NA,NA,NA,NA,NA,NA,NA,NA,NA,0,NA,NA,NA,NA,0,NA,NA,NA,NA,0,NA,NA,NA,NA,0,NA,NA,NA,NA,0,NA,NA,NA,NA,0,NA,NA,NA,NA,NA,NA,NA,NA,NA,0,NA,NA,NA,NA,0,NA,NA,NA,NA,0,NA,NA,NA,NA,0,NA,NA,NA,NA,0,NA,NA,NA,NA,0,NA,NA,NA,NA,NA,NA,NA,NA,NA,0,NA,NA,NA,NA,0,NA,NA,NA,NA,0,NA,NA,NA,NA
M19 [Other Items],19.6,IFA tablets ( Adult),1. Balance From Previous Month,5256380,NA,NA,NA,NA,644640,NA,NA,NA,NA,0,NA,NA,NA,NA,19050,NA,NA,NA,NA,334400,NA,NA,NA,NA,0,NA,NA,NA,NA,NA,NA,NA,NA,NA,1318930,NA,NA,NA,NA,NA,NA,NA,NA,NA,231070,NA,NA,NA,NA,NA,NA,NA,NA,NA,NA,NA,NA,NA,NA,0,NA,NA,NA,NA,187850,NA,NA,NA,NA,NA,NA,NA,NA,NA,NA,NA,NA,NA,NA,NA,NA,NA,NA,NA,NA,NA,NA,NA,NA,558515,NA,NA,NA,NA,NA,NA,NA,NA,NA,0,NA,NA,NA,NA,0,NA,NA,NA,NA,NA,NA,NA,NA,NA,90800,NA,NA,NA,NA,NA,NA,NA,NA,NA,NA,NA,NA,NA,NA,1208575,NA,NA,NA,NA,662550,NA,NA,NA,NA
M19 [Other Items],19.6,IFA tablets ( Adult),2. Stocks Received,0,NA,NA,NA,NA,0,NA,NA,NA,NA,0,NA,NA,NA,NA,NA,NA,NA,NA,NA,0,NA,NA,NA,NA,0,NA,NA,NA,NA,NA,NA,NA,NA,NA,0,NA,NA,NA,NA,NA,NA,NA,NA,NA,NA,NA,NA,NA,NA,NA,NA,NA,NA,NA,NA,NA,NA,NA,NA,0,NA,NA,NA,NA,0,NA,NA,NA,NA,NA,NA,NA,NA,NA,NA,NA,NA,NA,NA,NA,NA,NA,NA,NA,NA,NA,NA,NA,NA,0,NA,NA,NA,NA,NA,NA,NA,NA,NA,0,NA,NA,NA,NA,0,NA,NA,NA,NA,NA,NA,NA,NA,NA,0,NA,NA,NA,NA,NA,NA,NA,NA,NA,NA,NA,NA,NA,NA,NA,NA,NA,NA,NA,0,NA,NA,NA,NA
M19 [Other Items],19.6,IFA tablets ( Adult),3. Unusable Stock,0,NA,NA,NA,NA,0,NA,NA,NA,NA,0,NA,NA,NA,NA,NA,NA,NA,NA,NA,NA,NA,NA,NA,NA,0,NA,NA,NA,NA,NA,NA,NA,NA,NA,0,NA,NA,NA,NA,NA,NA,NA,NA,NA,NA,NA,NA,NA,NA,NA,NA,NA,NA,NA,NA,NA,NA,NA,NA,NA,NA,NA,NA,NA,0,NA,NA,NA,NA,NA,NA,NA,NA,NA,NA,NA,NA,NA,NA,NA,NA,NA,NA,NA,NA,NA,NA,NA,NA,0,NA,NA,NA,NA,NA,NA,NA,NA,NA,0,NA,NA,NA,NA,0,NA,NA,NA,NA,NA,NA,NA,NA,NA,NA,NA,NA,NA,NA,NA,NA,NA,NA,NA,NA,NA,NA,NA,NA,NA,NA,NA,NA,NA,0,NA,NA,NA,NA
M19 [Other Items],19.6,IFA tablets ( Adult),4. Stock Distributed,1149150,NA,NA,NA,NA,30000,NA,NA,NA,NA,0,NA,NA,NA,NA,NA,NA,NA,NA,NA,63000,NA,NA,NA,NA,0,NA,NA,NA,NA,NA,NA,NA,NA,NA,274500,NA,NA,NA,NA,NA,NA,NA,NA,NA,145000,NA,NA,NA,NA,NA,NA,NA,NA,NA,NA,NA,NA,NA,NA,0,NA,NA,NA,NA,144000,NA,NA,NA,NA,NA,NA,NA,NA,NA,NA,NA,NA,NA,NA,NA,NA,NA,NA,NA,NA,NA,NA,NA,NA,343950,NA,NA,NA,NA,NA,NA,NA,NA,NA,0,NA,NA,NA,NA,0,NA,NA,NA,NA,NA,NA,NA,NA,NA,80000,NA,NA,NA,NA,NA,NA,NA,NA,NA,NA,NA,NA,NA,NA,NA,NA,NA,NA,NA,68700,NA,NA,NA,NA
M19 [Other Items],19.6,IFA tablets ( Adult),5. Total Stock,4107230,NA,NA,NA,NA,614640,NA,NA,NA,NA,0,NA,NA,NA,NA,19050,NA,NA,NA,NA,271400,NA,NA,NA,NA,0,NA,NA,NA,NA,0,NA,NA,NA,NA,1044430,NA,NA,NA,NA,NA,NA,NA,NA,NA,86070,NA,NA,NA,NA,NA,NA,NA,NA,NA,0,NA,NA,NA,NA,0,NA,NA,NA,NA,43850,NA,NA,NA,NA,0,NA,NA,NA,NA,0,NA,NA,NA,NA,0,NA,NA,NA,NA,NA,NA,NA,NA,NA,214565,NA,NA,NA,NA,0,NA,NA,NA,NA,0,NA,NA,NA,NA,0,NA,NA,NA,NA,0,NA,NA,NA,NA,10800,NA,NA,NA,NA,NA,NA,NA,NA,NA,0,NA,NA,NA,NA,1208575,NA,NA,NA,NA,593850,NA,NA,NA,NA
M19 [Other Items],19.7,IFA - Blue ( Adolescent 10-19 yrs),1. Balance From Previous Month,1909720,NA,NA,NA,NA,0,NA,NA,NA,NA,0,NA,NA,NA,NA,NA,NA,NA,NA,NA,4320,NA,NA,NA,NA,0,NA,NA,NA,NA,NA,NA,NA,NA,NA,NA,NA,NA,NA,NA,NA,NA,NA,NA,NA,45005,NA,NA,NA,NA,NA,NA,NA,NA,NA,NA,NA,NA,NA,NA,0,NA,NA,NA,NA,42570,NA,NA,NA,NA,NA,NA,NA,NA,NA,NA,NA,NA,NA,NA,NA,NA,NA,NA,NA,NA,NA,NA,NA,NA,NA,NA,NA,NA,NA,NA,NA,NA,NA,NA,0,NA,NA,NA,NA,0,NA,NA,NA,NA,NA,NA,NA,NA,NA,198190,NA,NA,NA,NA,NA,NA,NA,NA,NA,NA,NA,NA,NA,NA,1332780,NA,NA,NA,NA,286855,NA,NA,NA,NA
M19 [Other Items],19.7,IFA - Blue ( Adolescent 10-19 yrs),2. Stocks Received,0,NA,NA,NA,NA,0,NA,NA,NA,NA,0,NA,NA,NA,NA,NA,NA,NA,NA,NA,0,NA,NA,NA,NA,0,NA,NA,NA,NA,NA,NA,NA,NA,NA,NA,NA,NA,NA,NA,NA,NA,NA,NA,NA,NA,NA,NA,NA,NA,NA,NA,NA,NA,NA,NA,NA,NA,NA,NA,0,NA,NA,NA,NA,0,NA,NA,NA,NA,NA,NA,NA,NA,NA,NA,NA,NA,NA,NA,NA,NA,NA,NA,NA,NA,NA,NA,NA,NA,NA,NA,NA,NA,NA,NA,NA,NA,NA,NA,0,NA,NA,NA,NA,0,NA,NA,NA,NA,NA,NA,NA,NA,NA,0,NA,NA,NA,NA,NA,NA,NA,NA,NA,NA,NA,NA,NA,NA,NA,NA,NA,NA,NA,0,NA,NA,NA,NA
M19 [Other Items],19.7,IFA - Blue ( Adolescent 10-19 yrs),3. Unusable Stock,0,NA,NA,NA,NA,0,NA,NA,NA,NA,0,NA,NA,NA,NA,NA,NA,NA,NA,NA,NA,NA,NA,NA,NA,0,NA,NA,NA,NA,NA,NA,NA,NA,NA,NA,NA,NA,NA,NA,NA,NA,NA,NA,NA,NA,NA,NA,NA,NA,NA,NA,NA,NA,NA,NA,NA,NA,NA,NA,NA,NA,NA,NA,NA,0,NA,NA,NA,NA,NA,NA,NA,NA,NA,NA,NA,NA,NA,NA,NA,NA,NA,NA,NA,NA,NA,NA,NA,NA,NA,NA,NA,NA,NA,NA,NA,NA,NA,NA,0,NA,NA,NA,NA,0,NA,NA,NA,NA,NA,NA,NA,NA,NA,NA,NA,NA,NA,NA,NA,NA,NA,NA,NA,NA,NA,NA,NA,NA,NA,NA,NA,NA,NA,0,NA,NA,NA,NA
M19 [Other Items],19.7,IFA - Blue ( Adolescent 10-19 yrs),4. Stock Distributed,30000,NA,NA,NA,NA,0,NA,NA,NA,NA,0,NA,NA,NA,NA,NA,NA,NA,NA,NA,0,NA,NA,NA,NA,0,NA,NA,NA,NA,NA,NA,NA,NA,NA,NA,NA,NA,NA,NA,NA,NA,NA,NA,NA,30000,NA,NA,NA,NA,NA,NA,NA,NA,NA,NA,NA,NA,NA,NA,0,NA,NA,NA,NA,0,NA,NA,NA,NA,NA,NA,NA,NA,NA,NA,NA,NA,NA,NA,NA,NA,NA,NA,NA,NA,NA,NA,NA,NA,NA,NA,NA,NA,NA,NA,NA,NA,NA,NA,0,NA,NA,NA,NA,0,NA,NA,NA,NA,NA,NA,NA,NA,NA,0,NA,NA,NA,NA,NA,NA,NA,NA,NA,NA,NA,NA,NA,NA,NA,NA,NA,NA,NA,0,NA,NA,NA,NA
M19 [Other Items],19.7,IFA - Blue ( Adolescent 10-19 yrs),5. Total Stock,1879720,NA,NA,NA,NA,0,NA,NA,NA,NA,0,NA,NA,NA,NA,0,NA,NA,NA,NA,4320,NA,NA,NA,NA,0,NA,NA,NA,NA,0,NA,NA,NA,NA,0,NA,NA,NA,NA,NA,NA,NA,NA,NA,15005,NA,NA,NA,NA,NA,NA,NA,NA,NA,0,NA,NA,NA,NA,0,NA,NA,NA,NA,42570,NA,NA,NA,NA,0,NA,NA,NA,NA,0,NA,NA,NA,NA,0,NA,NA,NA,NA,NA,NA,NA,NA,NA,0,NA,NA,NA,NA,0,NA,NA,NA,NA,0,NA,NA,NA,NA,0,NA,NA,NA,NA,0,NA,NA,NA,NA,198190,NA,NA,NA,NA,NA,NA,NA,NA,NA,0,NA,NA,NA,NA,1332780,NA,NA,NA,NA,286855,NA,NA,NA,NA
M19 [Other Items],19.8,IFA- Pink ( Junior 6-10 yrs),1. Balance From Previous Month,2705028,NA,NA,NA,NA,0,NA,NA,NA,NA,0,NA,NA,NA,NA,NA,NA,NA,NA,NA,426690,NA,NA,NA,NA,0,NA,NA,NA,NA,NA,NA,NA,NA,NA,NA,NA,NA,NA,NA,NA,NA,NA,NA,NA,312383,NA,NA,NA,NA,NA,NA,NA,NA,NA,NA,NA,NA,NA,NA,0,NA,NA,NA,NA,147357,NA,NA,NA,NA,NA,NA,NA,NA,NA,NA,NA,NA,NA,NA,NA,NA,NA,NA,NA,NA,NA,NA,NA,NA,NA,NA,NA,NA,NA,NA,NA,NA,NA,NA,0,NA,NA,NA,NA,0,NA,NA,NA,NA,NA,NA,NA,NA,NA,615200,NA,NA,NA,NA,NA,NA,NA,NA,NA,NA,NA,NA,NA,NA,892510,NA,NA,NA,NA,310888,NA,NA,NA,NA
M19 [Other Items],19.8,IFA- Pink ( Junior 6-10 yrs),2. Stocks Received,0,NA,NA,NA,NA,0,NA,NA,NA,NA,0,NA,NA,NA,NA,NA,NA,NA,NA,NA,0,NA,NA,NA,NA,0,NA,NA,NA,NA,NA,NA,NA,NA,NA,NA,NA,NA,NA,NA,NA,NA,NA,NA,NA,NA,NA,NA,NA,NA,NA,NA,NA,NA,NA,NA,NA,NA,NA,NA,0,NA,NA,NA,NA,0,NA,NA,NA,NA,NA,NA,NA,NA,NA,NA,NA,NA,NA,NA,NA,NA,NA,NA,NA,NA,NA,NA,NA,NA,NA,NA,NA,NA,NA,NA,NA,NA,NA,NA,0,NA,NA,NA,NA,0,NA,NA,NA,NA,NA,NA,NA,NA,NA,0,NA,NA,NA,NA,NA,NA,NA,NA,NA,NA,NA,NA,NA,NA,NA,NA,NA,NA,NA,0,NA,NA,NA,NA
M19 [Other Items],19.8,IFA- Pink ( Junior 6-10 yrs),3. Unusable Stock,0,NA,NA,NA,NA,0,NA,NA,NA,NA,0,NA,NA,NA,NA,NA,NA,NA,NA,NA,NA,NA,NA,NA,NA,0,NA,NA,NA,NA,NA,NA,NA,NA,NA,NA,NA,NA,NA,NA,NA,NA,NA,NA,NA,NA,NA,NA,NA,NA,NA,NA,NA,NA,NA,NA,NA,NA,NA,NA,NA,NA,NA,NA,NA,0,NA,NA,NA,NA,NA,NA,NA,NA,NA,NA,NA,NA,NA,NA,NA,NA,NA,NA,NA,NA,NA,NA,NA,NA,NA,NA,NA,NA,NA,NA,NA,NA,NA,NA,0,NA,NA,NA,NA,0,NA,NA,NA,NA,NA,NA,NA,NA,NA,NA,NA,NA,NA,NA,NA,NA,NA,NA,NA,NA,NA,NA,NA,NA,NA,NA,NA,NA,NA,0,NA,NA,NA,NA
M19 [Other Items],19.8,IFA- Pink ( Junior 6-10 yrs),4. Stock Distributed,389008,NA,NA,NA,NA,0,NA,NA,NA,NA,0,NA,NA,NA,NA,NA,NA,NA,NA,NA,100000,NA,NA,NA,NA,0,NA,NA,NA,NA,NA,NA,NA,NA,NA,NA,NA,NA,NA,NA,NA,NA,NA,NA,NA,145000,NA,NA,NA,NA,NA,NA,NA,NA,NA,NA,NA,NA,NA,NA,0,NA,NA,NA,NA,91500,NA,NA,NA,NA,NA,NA,NA,NA,NA,NA,NA,NA,NA,NA,NA,NA,NA,NA,NA,NA,NA,NA,NA,NA,NA,NA,NA,NA,NA,NA,NA,NA,NA,NA,0,NA,NA,NA,NA,0,NA,NA,NA,NA,NA,NA,NA,NA,NA,52500,NA,NA,NA,NA,NA,NA,NA,NA,NA,NA,NA,NA,NA,NA,NA,NA,NA,NA,NA,8,NA,NA,NA,NA
M19 [Other Items],19.8,IFA- Pink ( Junior 6-10 yrs),5. Total Stock,2316020,NA,NA,NA,NA,0,NA,NA,NA,NA,0,NA,NA,NA,NA,0,NA,NA,NA,NA,326690,NA,NA,NA,NA,0,NA,NA,NA,NA,0,NA,NA,NA,NA,0,NA,NA,NA,NA,NA,NA,NA,NA,NA,167383,NA,NA,NA,NA,NA,NA,NA,NA,NA,0,NA,NA,NA,NA,0,NA,NA,NA,NA,55857,NA,NA,NA,NA,0,NA,NA,NA,NA,0,NA,NA,NA,NA,0,NA,NA,NA,NA,NA,NA,NA,NA,NA,0,NA,NA,NA,NA,0,NA,NA,NA,NA,0,NA,NA,NA,NA,0,NA,NA,NA,NA,0,NA,NA,NA,NA,562700,NA,NA,NA,NA,NA,NA,NA,NA,NA,0,NA,NA,NA,NA,892510,NA,NA,NA,NA,310880,NA,NA,NA,NA
M19 [Other Items],19.9,IFA Syrup (Paediatric),1. Balance From Previous Month,132077,NA,NA,NA,NA,7100,NA,NA,NA,NA,0,NA,NA,NA,NA,9500,NA,NA,NA,NA,45300,NA,NA,NA,NA,5300,NA,NA,NA,NA,NA,NA,NA,NA,NA,10000,NA,NA,NA,NA,NA,NA,NA,NA,NA,31177,NA,NA,NA,NA,NA,NA,NA,NA,NA,NA,NA,NA,NA,NA,0,NA,NA,NA,NA,0,NA,NA,NA,NA,NA,NA,NA,NA,NA,NA,NA,NA,NA,NA,NA,NA,NA,NA,NA,NA,NA,NA,NA,NA,11200,NA,NA,NA,NA,NA,NA,NA,NA,NA,0,NA,NA,NA,NA,0,NA,NA,NA,NA,NA,NA,NA,NA,NA,4500,NA,NA,NA,NA,NA,NA,NA,NA,NA,NA,NA,NA,NA,NA,0,NA,NA,NA,NA,8000,NA,NA,NA,NA
M19 [Other Items],19.9,IFA Syrup (Paediatric),2. Stocks Received,0,NA,NA,NA,NA,0,NA,NA,NA,NA,0,NA,NA,NA,NA,NA,NA,NA,NA,NA,0,NA,NA,NA,NA,0,NA,NA,NA,NA,NA,NA,NA,NA,NA,0,NA,NA,NA,NA,NA,NA,NA,NA,NA,NA,NA,NA,NA,NA,NA,NA,NA,NA,NA,NA,NA,NA,NA,NA,0,NA,NA,NA,NA,0,NA,NA,NA,NA,NA,NA,NA,NA,NA,NA,NA,NA,NA,NA,NA,NA,NA,NA,NA,NA,NA,NA,NA,NA,0,NA,NA,NA,NA,NA,NA,NA,NA,NA,0,NA,NA,NA,NA,0,NA,NA,NA,NA,NA,NA,NA,NA,NA,0,NA,NA,NA,NA,NA,NA,NA,NA,NA,NA,NA,NA,NA,NA,NA,NA,NA,NA,NA,0,NA,NA,NA,NA
M19 [Other Items],19.9,IFA Syrup (Paediatric),3. Unusable Stock,0,NA,NA,NA,NA,0,NA,NA,NA,NA,0,NA,NA,NA,NA,NA,NA,NA,NA,NA,NA,NA,NA,NA,NA,0,NA,NA,NA,NA,NA,NA,NA,NA,NA,0,NA,NA,NA,NA,NA,NA,NA,NA,NA,NA,NA,NA,NA,NA,NA,NA,NA,NA,NA,NA,NA,NA,NA,NA,NA,NA,NA,NA,NA,0,NA,NA,NA,NA,NA,NA,NA,NA,NA,NA,NA,NA,NA,NA,NA,NA,NA,NA,NA,NA,NA,NA,NA,NA,0,NA,NA,NA,NA,NA,NA,NA,NA,NA,0,NA,NA,NA,NA,0,NA,NA,NA,NA,NA,NA,NA,NA,NA,NA,NA,NA,NA,NA,NA,NA,NA,NA,NA,NA,NA,NA,NA,NA,NA,NA,NA,NA,NA,0,NA,NA,NA,NA
M19 [Other Items],19.9,IFA Syrup (Paediatric),4. Stock Distributed,16377,NA,NA,NA,NA,0,NA,NA,NA,NA,0,NA,NA,NA,NA,1600,NA,NA,NA,NA,1200,NA,NA,NA,NA,4300,NA,NA,NA,NA,NA,NA,NA,NA,NA,3000,NA,NA,NA,NA,NA,NA,NA,NA,NA,6277,NA,NA,NA,NA,NA,NA,NA,NA,NA,NA,NA,NA,NA,NA,0,NA,NA,NA,NA,0,NA,NA,NA,NA,NA,NA,NA,NA,NA,NA,NA,NA,NA,NA,NA,NA,NA,NA,NA,NA,NA,NA,NA,NA,0,NA,NA,NA,NA,NA,NA,NA,NA,NA,0,NA,NA,NA,NA,0,NA,NA,NA,NA,NA,NA,NA,NA,NA,0,NA,NA,NA,NA,NA,NA,NA,NA,NA,NA,NA,NA,NA,NA,NA,NA,NA,NA,NA,0,NA,NA,NA,NA
M19 [Other Items],19.9,IFA Syrup (Paediatric),5. Total Stock,115700,NA,NA,NA,NA,7100,NA,NA,NA,NA,0,NA,NA,NA,NA,7900,NA,NA,NA,NA,44100,NA,NA,NA,NA,1000,NA,NA,NA,NA,0,NA,NA,NA,NA,7000,NA,NA,NA,NA,NA,NA,NA,NA,NA,24900,NA,NA,NA,NA,NA,NA,NA,NA,NA,0,NA,NA,NA,NA,0,NA,NA,NA,NA,0,NA,NA,NA,NA,0,NA,NA,NA,NA,0,NA,NA,NA,NA,0,NA,NA,NA,NA,NA,NA,NA,NA,NA,11200,NA,NA,NA,NA,0,NA,NA,NA,NA,0,NA,NA,NA,NA,0,NA,NA,NA,NA,0,NA,NA,NA,NA,4500,NA,NA,NA,NA,NA,NA,NA,NA,NA,0,NA,NA,NA,NA,0,NA,NA,NA,NA,8000,NA,NA,NA,NA
M19 [Other Items],19.1,Paediatrics Antibiotics ( Amoxycillin and Injectable Gentamicin),1. Balance From Previous Month,48030,NA,NA,NA,NA,800,NA,NA,NA,NA,0,NA,NA,NA,NA,25560,NA,NA,NA,NA,3100,NA,NA,NA,NA,13870,NA,NA,NA,NA,NA,NA,NA,NA,NA,0,NA,NA,NA,NA,NA,NA,NA,NA,NA,NA,NA,NA,NA,NA,NA,NA,NA,NA,NA,NA,NA,NA,NA,NA,0,NA,NA,NA,NA,4300,NA,NA,NA,NA,NA,NA,NA,NA,NA,NA,NA,NA,NA,NA,NA,NA,NA,NA,NA,NA,NA,NA,NA,NA,0,NA,NA,NA,NA,NA,NA,NA,NA,NA,0,NA,NA,NA,NA,400,NA,NA,NA,NA,NA,NA,NA,NA,NA,0,NA,NA,NA,NA,NA,NA,NA,NA,NA,NA,NA,NA,NA,NA,0,NA,NA,NA,NA,NA,NA,NA,NA,NA
M19 [Other Items],19.1,Paediatrics Antibiotics ( Amoxycillin and Injectable Gentamicin),2. Stocks Received,20300,NA,NA,NA,NA,5800,NA,NA,NA,NA,0,NA,NA,NA,NA,2000,NA,NA,NA,NA,3300,NA,NA,NA,NA,0,NA,NA,NA,NA,NA,NA,NA,NA,NA,0,NA,NA,NA,NA,NA,NA,NA,NA,NA,NA,NA,NA,NA,NA,NA,NA,NA,NA,NA,NA,NA,NA,NA,NA,0,NA,NA,NA,NA,0,NA,NA,NA,NA,NA,NA,NA,NA,NA,NA,NA,NA,NA,NA,NA,NA,NA,NA,NA,NA,NA,NA,NA,NA,0,NA,NA,NA,NA,NA,NA,NA,NA,NA,0,NA,NA,NA,NA,9200,NA,NA,NA,NA,NA,NA,NA,NA,NA,NA,NA,NA,NA,NA,NA,NA,NA,NA,NA,NA,NA,NA,NA,NA,NA,NA,NA,NA,NA,0,NA,NA,NA,NA
M19 [Other Items],19.1,Paediatrics Antibiotics ( Amoxycillin and Injectable Gentamicin),3. Unusable Stock,0,NA,NA,NA,NA,0,NA,NA,NA,NA,0,NA,NA,NA,NA,NA,NA,NA,NA,NA,NA,NA,NA,NA,NA,0,NA,NA,NA,NA,NA,NA,NA,NA,NA,0,NA,NA,NA,NA,NA,NA,NA,NA,NA,NA,NA,NA,NA,NA,NA,NA,NA,NA,NA,NA,NA,NA,NA,NA,NA,NA,NA,NA,NA,0,NA,NA,NA,NA,NA,NA,NA,NA,NA,NA,NA,NA,NA,NA,NA,NA,NA,NA,NA,NA,NA,NA,NA,NA,0,NA,NA,NA,NA,NA,NA,NA,NA,NA,0,NA,NA,NA,NA,0,NA,NA,NA,NA,NA,NA,NA,NA,NA,NA,NA,NA,NA,NA,NA,NA,NA,NA,NA,NA,NA,NA,NA,NA,NA,NA,NA,NA,NA,0,NA,NA,NA,NA
M19 [Other Items],19.1,Paediatrics Antibiotics ( Amoxycillin and Injectable Gentamicin),4. Stock Distributed,8850,NA,NA,NA,NA,100,NA,NA,NA,NA,0,NA,NA,NA,NA,7050,NA,NA,NA,NA,0,NA,NA,NA,NA,1100,NA,NA,NA,NA,NA,NA,NA,NA,NA,0,NA,NA,NA,NA,NA,NA,NA,NA,NA,NA,NA,NA,NA,NA,NA,NA,NA,NA,NA,NA,NA,NA,NA,NA,0,NA,NA,NA,NA,0,NA,NA,NA,NA,NA,NA,NA,NA,NA,NA,NA,NA,NA,NA,NA,NA,NA,NA,NA,NA,NA,NA,NA,NA,0,NA,NA,NA,NA,NA,NA,NA,NA,NA,0,NA,NA,NA,NA,600,NA,NA,NA,NA,NA,NA,NA,NA,NA,NA,NA,NA,NA,NA,NA,NA,NA,NA,NA,NA,NA,NA,NA,NA,NA,NA,NA,NA,NA,0,NA,NA,NA,NA
M19 [Other Items],19.1,Paediatrics Antibiotics ( Amoxycillin and Injectable Gentamicin),5. Total Stock,59480,NA,NA,NA,NA,6500,NA,NA,NA,NA,0,NA,NA,NA,NA,20510,NA,NA,NA,NA,6400,NA,NA,NA,NA,12770,NA,NA,NA,NA,0,NA,NA,NA,NA,0,NA,NA,NA,NA,NA,NA,NA,NA,NA,0,NA,NA,NA,NA,NA,NA,NA,NA,NA,0,NA,NA,NA,NA,0,NA,NA,NA,NA,4300,NA,NA,NA,NA,0,NA,NA,NA,NA,0,NA,NA,NA,NA,0,NA,NA,NA,NA,NA,NA,NA,NA,NA,0,NA,NA,NA,NA,0,NA,NA,NA,NA,0,NA,NA,NA,NA,9000,NA,NA,NA,NA,0,NA,NA,NA,NA,0,NA,NA,NA,NA,NA,NA,NA,NA,NA,0,NA,NA,NA,NA,0,NA,NA,NA,NA,0,NA,NA,NA,NA
M19 [Other Items],19.11,Vit A syrup,1. Balance From Previous Month,9519,NA,NA,NA,NA,988,NA,NA,NA,NA,0,NA,NA,NA,NA,100,NA,NA,NA,NA,591,NA,NA,NA,NA,0,NA,NA,NA,NA,NA,NA,NA,NA,NA,729,NA,NA,NA,NA,NA,NA,NA,NA,NA,735,NA,NA,NA,NA,NA,NA,NA,NA,NA,NA,NA,NA,NA,NA,49,NA,NA,NA,NA,1094,NA,NA,NA,NA,NA,NA,NA,NA,NA,NA,NA,NA,NA,NA,NA,NA,NA,NA,NA,NA,NA,NA,NA,NA,2205,NA,NA,NA,NA,NA,NA,NA,NA,NA,0,NA,NA,NA,NA,0,NA,NA,NA,NA,NA,NA,NA,NA,NA,104,NA,NA,NA,NA,NA,NA,NA,NA,NA,NA,NA,NA,NA,NA,1100,NA,NA,NA,NA,1824,NA,NA,NA,NA
M19 [Other Items],19.11,Vit A syrup,2. Stocks Received,0,NA,NA,NA,NA,0,NA,NA,NA,NA,0,NA,NA,NA,NA,NA,NA,NA,NA,NA,0,NA,NA,NA,NA,0,NA,NA,NA,NA,NA,NA,NA,NA,NA,0,NA,NA,NA,NA,NA,NA,NA,NA,NA,NA,NA,NA,NA,NA,NA,NA,NA,NA,NA,NA,NA,NA,NA,NA,0,NA,NA,NA,NA,0,NA,NA,NA,NA,NA,NA,NA,NA,NA,NA,NA,NA,NA,NA,NA,NA,NA,NA,NA,NA,NA,NA,NA,NA,0,NA,NA,NA,NA,NA,NA,NA,NA,NA,0,NA,NA,NA,NA,0,NA,NA,NA,NA,NA,NA,NA,NA,NA,0,NA,NA,NA,NA,NA,NA,NA,NA,NA,NA,NA,NA,NA,NA,NA,NA,NA,NA,NA,0,NA,NA,NA,NA
M19 [Other Items],19.11,Vit A syrup,3. Unusable Stock,0,NA,NA,NA,NA,0,NA,NA,NA,NA,0,NA,NA,NA,NA,NA,NA,NA,NA,NA,NA,NA,NA,NA,NA,0,NA,NA,NA,NA,NA,NA,NA,NA,NA,0,NA,NA,NA,NA,NA,NA,NA,NA,NA,NA,NA,NA,NA,NA,NA,NA,NA,NA,NA,NA,NA,NA,NA,NA,NA,NA,NA,NA,NA,0,NA,NA,NA,NA,NA,NA,NA,NA,NA,NA,NA,NA,NA,NA,NA,NA,NA,NA,NA,NA,NA,NA,NA,NA,0,NA,NA,NA,NA,NA,NA,NA,NA,NA,0,NA,NA,NA,NA,0,NA,NA,NA,NA,NA,NA,NA,NA,NA,NA,NA,NA,NA,NA,NA,NA,NA,NA,NA,NA,NA,NA,NA,NA,NA,NA,NA,NA,NA,0,NA,NA,NA,NA
M19 [Other Items],19.11,Vit A syrup,4. Stock Distributed,727,NA,NA,NA,NA,250,NA,NA,NA,NA,0,NA,NA,NA,NA,NA,NA,NA,NA,NA,0,NA,NA,NA,NA,0,NA,NA,NA,NA,NA,NA,NA,NA,NA,200,NA,NA,NA,NA,NA,NA,NA,NA,NA,NA,NA,NA,NA,NA,NA,NA,NA,NA,NA,NA,NA,NA,NA,NA,49,NA,NA,NA,NA,0,NA,NA,NA,NA,NA,NA,NA,NA,NA,NA,NA,NA,NA,NA,NA,NA,NA,NA,NA,NA,NA,NA,NA,NA,175,NA,NA,NA,NA,NA,NA,NA,NA,NA,0,NA,NA,NA,NA,0,NA,NA,NA,NA,NA,NA,NA,NA,NA,53,NA,NA,NA,NA,NA,NA,NA,NA,NA,NA,NA,NA,NA,NA,NA,NA,NA,NA,NA,0,NA,NA,NA,NA
M19 [Other Items],19.11,Vit A syrup,5. Total Stock,8792,NA,NA,NA,NA,738,NA,NA,NA,NA,0,NA,NA,NA,NA,100,NA,NA,NA,NA,591,NA,NA,NA,NA,0,NA,NA,NA,NA,0,NA,NA,NA,NA,529,NA,NA,NA,NA,NA,NA,NA,NA,NA,735,NA,NA,NA,NA,NA,NA,NA,NA,NA,0,NA,NA,NA,NA,0,NA,NA,NA,NA,1094,NA,NA,NA,NA,0,NA,NA,NA,NA,0,NA,NA,NA,NA,0,NA,NA,NA,NA,NA,NA,NA,NA,NA,2030,NA,NA,NA,NA,0,NA,NA,NA,NA,0,NA,NA,NA,NA,0,NA,NA,NA,NA,0,NA,NA,NA,NA,51,NA,NA,NA,NA,NA,NA,NA,NA,NA,0,NA,NA,NA,NA,1100,NA,NA,NA,NA,1824,NA,NA,NA,NA
M19 [Other Items],19.12,ORS (New WHO),1. Balance From Previous Month,2157301,NA,NA,NA,NA,11600,NA,NA,NA,NA,0,NA,NA,NA,NA,244302,NA,NA,NA,NA,237324,NA,NA,NA,NA,134400,NA,NA,NA,NA,NA,NA,NA,NA,NA,497435,NA,NA,NA,NA,NA,NA,NA,NA,NA,227860,NA,NA,NA,NA,NA,NA,NA,NA,NA,NA,NA,NA,NA,NA,31300,NA,NA,NA,NA,73800,NA,NA,NA,NA,NA,NA,NA,NA,NA,NA,NA,NA,NA,NA,NA,NA,NA,NA,NA,NA,NA,NA,NA,NA,61230,NA,NA,NA,NA,NA,NA,NA,NA,NA,0,NA,NA,NA,NA,170850,NA,NA,NA,NA,NA,NA,NA,NA,NA,167000,NA,NA,NA,NA,NA,NA,NA,NA,NA,NA,NA,NA,NA,NA,114200,NA,NA,NA,NA,186000,NA,NA,NA,NA
M19 [Other Items],19.12,ORS (New WHO),2. Stocks Received,0,NA,NA,NA,NA,0,NA,NA,NA,NA,0,NA,NA,NA,NA,NA,NA,NA,NA,NA,0,NA,NA,NA,NA,0,NA,NA,NA,NA,NA,NA,NA,NA,NA,0,NA,NA,NA,NA,NA,NA,NA,NA,NA,NA,NA,NA,NA,NA,NA,NA,NA,NA,NA,NA,NA,NA,NA,NA,0,NA,NA,NA,NA,0,NA,NA,NA,NA,NA,NA,NA,NA,NA,NA,NA,NA,NA,NA,NA,NA,NA,NA,NA,NA,NA,NA,NA,NA,0,NA,NA,NA,NA,NA,NA,NA,NA,NA,0,NA,NA,NA,NA,0,NA,NA,NA,NA,NA,NA,NA,NA,NA,0,NA,NA,NA,NA,NA,NA,NA,NA,NA,NA,NA,NA,NA,NA,NA,NA,NA,NA,NA,0,NA,NA,NA,NA
M19 [Other Items],19.12,ORS (New WHO),3. Unusable Stock,0,NA,NA,NA,NA,0,NA,NA,NA,NA,0,NA,NA,NA,NA,NA,NA,NA,NA,NA,0,NA,NA,NA,NA,0,NA,NA,NA,NA,NA,NA,NA,NA,NA,0,NA,NA,NA,NA,NA,NA,NA,NA,NA,NA,NA,NA,NA,NA,NA,NA,NA,NA,NA,NA,NA,NA,NA,NA,NA,NA,NA,NA,NA,0,NA,NA,NA,NA,NA,NA,NA,NA,NA,NA,NA,NA,NA,NA,NA,NA,NA,NA,NA,NA,NA,NA,NA,NA,0,NA,NA,NA,NA,NA,NA,NA,NA,NA,0,NA,NA,NA,NA,0,NA,NA,NA,NA,NA,NA,NA,NA,NA,NA,NA,NA,NA,NA,NA,NA,NA,NA,NA,NA,NA,NA,NA,NA,NA,NA,NA,NA,NA,0,NA,NA,NA,NA
M19 [Other Items],19.12,ORS (New WHO),4. Stock Distributed,222510,NA,NA,NA,NA,19800,NA,NA,NA,NA,0,NA,NA,NA,NA,18600,NA,NA,NA,NA,7600,NA,NA,NA,NA,10200,NA,NA,NA,NA,NA,NA,NA,NA,NA,25100,NA,NA,NA,NA,NA,NA,NA,NA,NA,40660,NA,NA,NA,NA,NA,NA,NA,NA,NA,NA,NA,NA,NA,NA,12000,NA,NA,NA,NA,16200,NA,NA,NA,NA,NA,NA,NA,NA,NA,NA,NA,NA,NA,NA,NA,NA,NA,NA,NA,NA,NA,NA,NA,NA,10100,NA,NA,NA,NA,NA,NA,NA,NA,NA,0,NA,NA,NA,NA,37650,NA,NA,NA,NA,NA,NA,NA,NA,NA,NA,NA,NA,NA,NA,NA,NA,NA,NA,NA,NA,NA,NA,NA,NA,NA,NA,NA,NA,NA,24600,NA,NA,NA,NA
M19 [Other Items],19.12,ORS (New WHO),5. Total Stock,2039191,NA,NA,NA,NA,96200,NA,NA,NA,NA,0,NA,NA,NA,NA,225702,NA,NA,NA,NA,229724,NA,NA,NA,NA,124200,NA,NA,NA,NA,NA,NA,NA,NA,NA,472335,NA,NA,NA,NA,NA,NA,NA,NA,NA,187200,NA,NA,NA,NA,NA,NA,NA,NA,NA,NA,NA,NA,NA,NA,19300,NA,NA,NA,NA,57600,NA,NA,NA,NA,NA,NA,NA,NA,NA,NA,NA,NA,NA,NA,NA,NA,NA,NA,NA,NA,NA,NA,NA,NA,51130,NA,NA,NA,NA,NA,NA,NA,NA,NA,0,NA,NA,NA,NA,133200,NA,NA,NA,NA,NA,NA,NA,NA,NA,167000,NA,NA,NA,NA,NA,NA,NA,NA,NA,NA,NA,NA,NA,NA,114200,NA,NA,NA,NA,161400,NA,NA,NA,NA
M19 [Other Items],19.13,RTI /STI colour coded syndromic kits ( I to VII),1. Balance From Previous Month,0,NA,NA,NA,NA,0,NA,NA,NA,NA,0,NA,NA,NA,NA,NA,NA,NA,NA,NA,NA,NA,NA,NA,NA,0,NA,NA,NA,NA,NA,NA,NA,NA,NA,NA,NA,NA,NA,NA,NA,NA,NA,NA,NA,NA,NA,NA,NA,NA,NA,NA,NA,NA,NA,NA,NA,NA,NA,NA,0,NA,NA,NA,NA,0,NA,NA,NA,NA,NA,NA,NA,NA,NA,NA,NA,NA,NA,NA,NA,NA,NA,NA,NA,NA,NA,NA,NA,NA,NA,NA,NA,NA,NA,NA,NA,NA,NA,NA,0,NA,NA,NA,NA,0,NA,NA,NA,NA,NA,NA,NA,NA,NA,0,NA,NA,NA,NA,NA,NA,NA,NA,NA,NA,NA,NA,NA,NA,0,NA,NA,NA,NA,NA,NA,NA,NA,NA
M19 [Other Items],19.13,RTI /STI colour coded syndromic kits ( I to VII),2. Stocks Received,0,NA,NA,NA,NA,0,NA,NA,NA,NA,0,NA,NA,NA,NA,NA,NA,NA,NA,NA,NA,NA,NA,NA,NA,0,NA,NA,NA,NA,NA,NA,NA,NA,NA,NA,NA,NA,NA,NA,NA,NA,NA,NA,NA,NA,NA,NA,NA,NA,NA,NA,NA,NA,NA,NA,NA,NA,NA,NA,0,NA,NA,NA,NA,0,NA,NA,NA,NA,NA,NA,NA,NA,NA,NA,NA,NA,NA,NA,NA,NA,NA,NA,NA,NA,NA,NA,NA,NA,NA,NA,NA,NA,NA,NA,NA,NA,NA,NA,0,NA,NA,NA,NA,0,NA,NA,NA,NA,NA,NA,NA,NA,NA,NA,NA,NA,NA,NA,NA,NA,NA,NA,NA,NA,NA,NA,NA,NA,NA,NA,NA,NA,NA,0,NA,NA,NA,NA
M19 [Other Items],19.13,RTI /STI colour coded syndromic kits ( I to VII),3. Unusable Stock,0,NA,NA,NA,NA,0,NA,NA,NA,NA,0,NA,NA,NA,NA,NA,NA,NA,NA,NA,NA,NA,NA,NA,NA,0,NA,NA,NA,NA,NA,NA,NA,NA,NA,NA,NA,NA,NA,NA,NA,NA,NA,NA,NA,NA,NA,NA,NA,NA,NA,NA,NA,NA,NA,NA,NA,NA,NA,NA,NA,NA,NA,NA,NA,0,NA,NA,NA,NA,NA,NA,NA,NA,NA,NA,NA,NA,NA,NA,NA,NA,NA,NA,NA,NA,NA,NA,NA,NA,NA,NA,NA,NA,NA,NA,NA,NA,NA,NA,0,NA,NA,NA,NA,0,NA,NA,NA,NA,NA,NA,NA,NA,NA,NA,NA,NA,NA,NA,NA,NA,NA,NA,NA,NA,NA,NA,NA,NA,NA,NA,NA,NA,NA,0,NA,NA,NA,NA
M19 [Other Items],19.13,RTI /STI colour coded syndromic kits ( I to VII),4. Stock Distributed,0,NA,NA,NA,NA,0,NA,NA,NA,NA,0,NA,NA,NA,NA,NA,NA,NA,NA,NA,NA,NA,NA,NA,NA,0,NA,NA,NA,NA,NA,NA,NA,NA,NA,NA,NA,NA,NA,NA,NA,NA,NA,NA,NA,NA,NA,NA,NA,NA,NA,NA,NA,NA,NA,NA,NA,NA,NA,NA,0,NA,NA,NA,NA,0,NA,NA,NA,NA,NA,NA,NA,NA,NA,NA,NA,NA,NA,NA,NA,NA,NA,NA,NA,NA,NA,NA,NA,NA,NA,NA,NA,NA,NA,NA,NA,NA,NA,NA,0,NA,NA,NA,NA,0,NA,NA,NA,NA,NA,NA,NA,NA,NA,NA,NA,NA,NA,NA,NA,NA,NA,NA,NA,NA,NA,NA,NA,NA,NA,NA,NA,NA,NA,0,NA,NA,NA,NA
M19 [Other Items],19.13,RTI /STI colour coded syndromic kits ( I to VII),5. Total Stock,0,NA,NA,NA,NA,0,NA,NA,NA,NA,0,NA,NA,NA,NA,NA,NA,NA,NA,NA,NA,NA,NA,NA,NA,0,NA,NA,NA,NA,NA,NA,NA,NA,NA,NA,NA,NA,NA,NA,NA,NA,NA,NA,NA,NA,NA,NA,NA,NA,NA,NA,NA,NA,NA,NA,NA,NA,NA,NA,0,NA,NA,NA,NA,0,NA,NA,NA,NA,NA,NA,NA,NA,NA,NA,NA,NA,NA,NA,NA,NA,NA,NA,NA,NA,NA,NA,NA,NA,NA,NA,NA,NA,NA,NA,NA,NA,NA,NA,0,NA,NA,NA,NA,0,NA,NA,NA,NA,NA,NA,NA,NA,NA,0,NA,NA,NA,NA,NA,NA,NA,NA,NA,NA,NA,NA,NA,NA,0,NA,NA,NA,NA,0,NA,NA,NA,NA
M19 [Other Items],19.14,Zinc 20 mg tablet,1. Balance From Previous Month,156464,NA,NA,NA,NA,0,NA,NA,NA,NA,0,NA,NA,NA,NA,2950,NA,NA,NA,NA,0,NA,NA,NA,NA,294,NA,NA,NA,NA,NA,NA,NA,NA,NA,NA,NA,NA,NA,NA,NA,NA,NA,NA,NA,17340,NA,NA,NA,NA,NA,NA,NA,NA,NA,NA,NA,NA,NA,NA,0,NA,NA,NA,NA,0,NA,NA,NA,NA,NA,NA,NA,NA,NA,NA,NA,NA,NA,NA,NA,NA,NA,NA,NA,NA,NA,NA,NA,NA,NA,NA,NA,NA,NA,NA,NA,NA,NA,NA,0,NA,NA,NA,NA,0,NA,NA,NA,NA,NA,NA,NA,NA,NA,2000,NA,NA,NA,NA,NA,NA,NA,NA,NA,NA,NA,NA,NA,NA,0,NA,NA,NA,NA,133880,NA,NA,NA,NA
M19 [Other Items],19.14,Zinc 20 mg tablet,2. Stocks Received,84660,NA,NA,NA,NA,0,NA,NA,NA,NA,0,NA,NA,NA,NA,NA,NA,NA,NA,NA,0,NA,NA,NA,NA,0,NA,NA,NA,NA,NA,NA,NA,NA,NA,NA,NA,NA,NA,NA,NA,NA,NA,NA,NA,43960,NA,NA,NA,NA,NA,NA,NA,NA,NA,NA,NA,NA,NA,NA,0,NA,NA,NA,NA,0,NA,NA,NA,NA,NA,NA,NA,NA,NA,NA,NA,NA,NA,NA,NA,NA,NA,NA,NA,NA,NA,NA,NA,NA,NA,NA,NA,NA,NA,NA,NA,NA,NA,NA,0,NA,NA,NA,NA,40700,NA,NA,NA,NA,NA,NA,NA,NA,NA,0,NA,NA,NA,NA,NA,NA,NA,NA,NA,NA,NA,NA,NA,NA,NA,NA,NA,NA,NA,0,NA,NA,NA,NA
M19 [Other Items],19.14,Zinc 20 mg tablet,3. Unusable Stock,0,NA,NA,NA,NA,0,NA,NA,NA,NA,0,NA,NA,NA,NA,NA,NA,NA,NA,NA,NA,NA,NA,NA,NA,0,NA,NA,NA,NA,NA,NA,NA,NA,NA,NA,NA,NA,NA,NA,NA,NA,NA,NA,NA,NA,NA,NA,NA,NA,NA,NA,NA,NA,NA,NA,NA,NA,NA,NA,NA,NA,NA,NA,NA,0,NA,NA,NA,NA,NA,NA,NA,NA,NA,NA,NA,NA,NA,NA,NA,NA,NA,NA,NA,NA,NA,NA,NA,NA,NA,NA,NA,NA,NA,NA,NA,NA,NA,NA,0,NA,NA,NA,NA,0,NA,NA,NA,NA,NA,NA,NA,NA,NA,NA,NA,NA,NA,NA,NA,NA,NA,NA,NA,NA,NA,NA,NA,NA,NA,NA,NA,NA,NA,0,NA,NA,NA,NA
M19 [Other Items],19.14,Zinc 20 mg tablet,4. Stock Distributed,36464,NA,NA,NA,NA,0,NA,NA,NA,NA,0,NA,NA,NA,NA,1950,NA,NA,NA,NA,0,NA,NA,NA,NA,294,NA,NA,NA,NA,NA,NA,NA,NA,NA,NA,NA,NA,NA,NA,NA,NA,NA,NA,NA,24940,NA,NA,NA,NA,NA,NA,NA,NA,NA,NA,NA,NA,NA,NA,0,NA,NA,NA,NA,0,NA,NA,NA,NA,NA,NA,NA,NA,NA,NA,NA,NA,NA,NA,NA,NA,NA,NA,NA,NA,NA,NA,NA,NA,NA,NA,NA,NA,NA,NA,NA,NA,NA,NA,0,NA,NA,NA,NA,9000,NA,NA,NA,NA,NA,NA,NA,NA,NA,0,NA,NA,NA,NA,NA,NA,NA,NA,NA,NA,NA,NA,NA,NA,NA,NA,NA,NA,NA,280,NA,NA,NA,NA
M19 [Other Items],19.14,Zinc 20 mg tablet,5. Total Stock,204660,NA,NA,NA,NA,0,NA,NA,NA,NA,0,NA,NA,NA,NA,1000,NA,NA,NA,NA,0,NA,NA,NA,NA,0,NA,NA,NA,NA,NA,NA,NA,NA,NA,NA,NA,NA,NA,NA,NA,NA,NA,NA,NA,36360,NA,NA,NA,NA,NA,NA,NA,NA,NA,NA,NA,NA,NA,NA,0,NA,NA,NA,NA,0,NA,NA,NA,NA,NA,NA,NA,NA,NA,NA,NA,NA,NA,NA,NA,NA,NA,NA,NA,NA,NA,NA,NA,NA,NA,NA,NA,NA,NA,NA,NA,NA,NA,NA,0,NA,NA,NA,NA,31700,NA,NA,NA,NA,NA,NA,NA,NA,NA,2000,NA,NA,NA,NA,NA,NA,NA,NA,NA,NA,NA,NA,NA,NA,0,NA,NA,NA,NA,133600,NA,NA,NA,NA
M19 [Other Items],19.15,Albendazole 400 mg tablet,1. Balance From Previous Month,138664,NA,NA,NA,NA,0,NA,NA,NA,NA,0,NA,NA,NA,NA,926,NA,NA,NA,NA,36754,NA,NA,NA,NA,0,NA,NA,NA,NA,NA,NA,NA,NA,NA,NA,NA,NA,NA,NA,NA,NA,NA,NA,NA,10938,NA,NA,NA,NA,NA,NA,NA,NA,NA,NA,NA,NA,NA,NA,0,NA,NA,NA,NA,62346,NA,NA,NA,NA,NA,NA,NA,NA,NA,NA,NA,NA,NA,NA,NA,NA,NA,NA,NA,NA,NA,NA,NA,NA,NA,NA,NA,NA,NA,NA,NA,NA,NA,NA,0,NA,NA,NA,NA,2600,NA,NA,NA,NA,NA,NA,NA,NA,NA,0,NA,NA,NA,NA,NA,NA,NA,NA,NA,NA,NA,NA,NA,NA,0,NA,NA,NA,NA,25100,NA,NA,NA,NA
M19 [Other Items],19.15,Albendazole 400 mg tablet,2. Stocks Received,2960600,NA,NA,NA,NA,0,NA,NA,NA,NA,0,NA,NA,NA,NA,NA,NA,NA,NA,NA,837100,NA,NA,NA,NA,238100,NA,NA,NA,NA,NA,NA,NA,NA,NA,NA,NA,NA,NA,NA,NA,NA,NA,NA,NA,520300,NA,NA,NA,NA,NA,NA,NA,NA,NA,NA,NA,NA,NA,NA,0,NA,NA,NA,NA,270500,NA,NA,NA,NA,NA,NA,NA,NA,NA,NA,NA,NA,NA,NA,NA,NA,NA,NA,NA,NA,NA,NA,NA,NA,NA,NA,NA,NA,NA,NA,NA,NA,NA,NA,0,NA,NA,NA,NA,399800,NA,NA,NA,NA,NA,NA,NA,NA,NA,294300,NA,NA,NA,NA,NA,NA,NA,NA,NA,NA,NA,NA,NA,NA,NA,NA,NA,NA,NA,400500,NA,NA,NA,NA
M19 [Other Items],19.15,Albendazole 400 mg tablet,3. Unusable Stock,0,NA,NA,NA,NA,0,NA,NA,NA,NA,0,NA,NA,NA,NA,NA,NA,NA,NA,NA,NA,NA,NA,NA,NA,0,NA,NA,NA,NA,NA,NA,NA,NA,NA,NA,NA,NA,NA,NA,NA,NA,NA,NA,NA,NA,NA,NA,NA,NA,NA,NA,NA,NA,NA,NA,NA,NA,NA,NA,NA,NA,NA,NA,NA,0,NA,NA,NA,NA,NA,NA,NA,NA,NA,NA,NA,NA,NA,NA,NA,NA,NA,NA,NA,NA,NA,NA,NA,NA,NA,NA,NA,NA,NA,NA,NA,NA,NA,NA,0,NA,NA,NA,NA,0,NA,NA,NA,NA,NA,NA,NA,NA,NA,NA,NA,NA,NA,NA,NA,NA,NA,NA,NA,NA,NA,NA,NA,NA,NA,NA,NA,NA,NA,0,NA,NA,NA,NA
M19 [Other Items],19.15,Albendazole 400 mg tablet,4. Stock Distributed,2263305,NA,NA,NA,NA,0,NA,NA,NA,NA,0,NA,NA,NA,NA,926,NA,NA,NA,NA,530260,NA,NA,NA,NA,216700,NA,NA,NA,NA,NA,NA,NA,NA,NA,NA,NA,NA,NA,NA,NA,NA,NA,NA,NA,511539,NA,NA,NA,NA,NA,NA,NA,NA,NA,NA,NA,NA,NA,NA,0,NA,NA,NA,NA,244000,NA,NA,NA,NA,NA,NA,NA,NA,NA,NA,NA,NA,NA,NA,NA,NA,NA,NA,NA,NA,NA,NA,NA,NA,NA,NA,NA,NA,NA,NA,NA,NA,NA,NA,0,NA,NA,NA,NA,282600,NA,NA,NA,NA,NA,NA,NA,NA,NA,290180,NA,NA,NA,NA,NA,NA,NA,NA,NA,NA,NA,NA,NA,NA,NA,NA,NA,NA,NA,187100,NA,NA,NA,NA
M19 [Other Items],19.15,Albendazole 400 mg tablet,5. Total Stock,835959,NA,NA,NA,NA,0,NA,NA,NA,NA,0,NA,NA,NA,NA,0,NA,NA,NA,NA,343594,NA,NA,NA,NA,21400,NA,NA,NA,NA,NA,NA,NA,NA,NA,NA,NA,NA,NA,NA,NA,NA,NA,NA,NA,19699,NA,NA,NA,NA,NA,NA,NA,NA,NA,NA,NA,NA,NA,NA,0,NA,NA,NA,NA,88846,NA,NA,NA,NA,NA,NA,NA,NA,NA,NA,NA,NA,NA,NA,NA,NA,NA,NA,NA,NA,NA,NA,NA,NA,NA,NA,NA,NA,NA,NA,NA,NA,NA,NA,0,NA,NA,NA,NA,119800,NA,NA,NA,NA,NA,NA,NA,NA,NA,4120,NA,NA,NA,NA,NA,NA,NA,NA,NA,NA,NA,NA,NA,NA,0,NA,NA,NA,NA,238500,NA,NA,NA,NA
M19 [Other Items],19.16,Calcium Tablets,1. Balance From Previous Month,1189613,NA,NA,NA,NA,0,NA,NA,NA,NA,0,NA,NA,NA,NA,8800,NA,NA,NA,NA,105100,NA,NA,NA,NA,82000,NA,NA,NA,NA,NA,NA,NA,NA,NA,NA,NA,NA,NA,NA,NA,NA,NA,NA,NA,168533,NA,NA,NA,NA,NA,NA,NA,NA,NA,NA,NA,NA,NA,NA,0,NA,NA,NA,NA,20980,NA,NA,NA,NA,NA,NA,NA,NA,NA,NA,NA,NA,NA,NA,NA,NA,NA,NA,NA,NA,NA,NA,NA,NA,NA,NA,NA,NA,NA,NA,NA,NA,NA,NA,0,NA,NA,NA,NA,0,NA,NA,NA,NA,NA,NA,NA,NA,NA,504000,NA,NA,NA,NA,NA,NA,NA,NA,NA,NA,NA,NA,NA,NA,0,NA,NA,NA,NA,300200,NA,NA,NA,NA
M19 [Other Items],19.16,Calcium Tablets,2. Stocks Received,1017467,NA,NA,NA,NA,0,NA,NA,NA,NA,0,NA,NA,NA,NA,239400,NA,NA,NA,NA,216000,NA,NA,NA,NA,0,NA,NA,NA,NA,NA,NA,NA,NA,NA,NA,NA,NA,NA,NA,NA,NA,NA,NA,NA,162067,NA,NA,NA,NA,NA,NA,NA,NA,NA,NA,NA,NA,NA,NA,0,NA,NA,NA,NA,400000,NA,NA,NA,NA,NA,NA,NA,NA,NA,NA,NA,NA,NA,NA,NA,NA,NA,NA,NA,NA,NA,NA,NA,NA,NA,NA,NA,NA,NA,NA,NA,NA,NA,NA,0,NA,NA,NA,NA,0,NA,NA,NA,NA,NA,NA,NA,NA,NA,0,NA,NA,NA,NA,NA,NA,NA,NA,NA,NA,NA,NA,NA,NA,NA,NA,NA,NA,NA,0,NA,NA,NA,NA
M19 [Other Items],19.16,Calcium Tablets,3. Unusable Stock,0,NA,NA,NA,NA,0,NA,NA,NA,NA,0,NA,NA,NA,NA,NA,NA,NA,NA,NA,NA,NA,NA,NA,NA,0,NA,NA,NA,NA,NA,NA,NA,NA,NA,NA,NA,NA,NA,NA,NA,NA,NA,NA,NA,NA,NA,NA,NA,NA,NA,NA,NA,NA,NA,NA,NA,NA,NA,NA,NA,NA,NA,NA,NA,0,NA,NA,NA,NA,NA,NA,NA,NA,NA,NA,NA,NA,NA,NA,NA,NA,NA,NA,NA,NA,NA,NA,NA,NA,NA,NA,NA,NA,NA,NA,NA,NA,NA,NA,0,NA,NA,NA,NA,0,NA,NA,NA,NA,NA,NA,NA,NA,NA,NA,NA,NA,NA,NA,NA,NA,NA,NA,NA,NA,NA,NA,NA,NA,NA,NA,NA,NA,NA,0,NA,NA,NA,NA
M19 [Other Items],19.16,Calcium Tablets,4. Stock Distributed,696780,NA,NA,NA,NA,0,NA,NA,NA,NA,0,NA,NA,NA,NA,45200,NA,NA,NA,NA,28200,NA,NA,NA,NA,47000,NA,NA,NA,NA,NA,NA,NA,NA,NA,NA,NA,NA,NA,NA,NA,NA,NA,NA,NA,170400,NA,NA,NA,NA,NA,NA,NA,NA,NA,NA,NA,NA,NA,NA,0,NA,NA,NA,NA,282980,NA,NA,NA,NA,NA,NA,NA,NA,NA,NA,NA,NA,NA,NA,NA,NA,NA,NA,NA,NA,NA,NA,NA,NA,NA,NA,NA,NA,NA,NA,NA,NA,NA,NA,0,NA,NA,NA,NA,0,NA,NA,NA,NA,NA,NA,NA,NA,NA,72000,NA,NA,NA,NA,NA,NA,NA,NA,NA,NA,NA,NA,NA,NA,NA,NA,NA,NA,NA,51000,NA,NA,NA,NA
M19 [Other Items],19.16,Calcium Tablets,5. Total Stock,1510300,NA,NA,NA,NA,0,NA,NA,NA,NA,0,NA,NA,NA,NA,203000,NA,NA,NA,NA,292900,NA,NA,NA,NA,35000,NA,NA,NA,NA,NA,NA,NA,NA,NA,NA,NA,NA,NA,NA,NA,NA,NA,NA,NA,160200,NA,NA,NA,NA,NA,NA,NA,NA,NA,NA,NA,NA,NA,NA,0,NA,NA,NA,NA,138000,NA,NA,NA,NA,NA,NA,NA,NA,NA,NA,NA,NA,NA,NA,NA,NA,NA,NA,NA,NA,NA,NA,NA,NA,NA,NA,NA,NA,NA,NA,NA,NA,NA,NA,0,NA,NA,NA,NA,0,NA,NA,NA,NA,NA,NA,NA,NA,NA,432000,NA,NA,NA,NA,NA,NA,NA,NA,NA,NA,NA,NA,NA,NA,0,NA,NA,NA,NA,249200,NA,NA,NA,NA
M20 [Syringes],20.1,Syringes - 0.1 ml (AD),1. Balance From Previous Month,36009,NA,NA,NA,NA,1400,NA,NA,NA,NA,0,NA,NA,NA,NA,950,NA,NA,NA,NA,5300,NA,NA,NA,NA,3100,NA,NA,NA,NA,600,NA,NA,NA,NA,300,NA,NA,NA,NA,NA,NA,NA,NA,NA,428,NA,NA,NA,NA,NA,NA,NA,NA,NA,200,NA,NA,NA,NA,0,NA,NA,NA,NA,3200,NA,NA,NA,NA,800,NA,NA,NA,NA,1216,NA,NA,NA,NA,3600,NA,NA,NA,NA,NA,NA,NA,NA,NA,NA,NA,NA,NA,NA,9900,NA,NA,NA,NA,1000,NA,NA,NA,NA,0,NA,NA,NA,NA,1450,NA,NA,NA,NA,315,NA,NA,NA,NA,NA,NA,NA,NA,NA,900,NA,NA,NA,NA,0,NA,NA,NA,NA,1350,NA,NA,NA,NA
M20 [Syringes],20.1,Syringes - 0.1 ml (AD),2. Stocks Received,31300,NA,NA,NA,NA,3300,NA,NA,NA,NA,0,NA,NA,NA,NA,3300,NA,NA,NA,NA,3300,NA,NA,NA,NA,0,NA,NA,NA,NA,3400,NA,NA,NA,NA,3300,NA,NA,NA,NA,NA,NA,NA,NA,NA,500,NA,NA,NA,NA,NA,NA,NA,NA,NA,2300,NA,NA,NA,NA,0,NA,NA,NA,NA,0,NA,NA,NA,NA,0,NA,NA,NA,NA,3300,NA,NA,NA,NA,NA,NA,NA,NA,NA,NA,NA,NA,NA,NA,NA,NA,NA,NA,NA,0,NA,NA,NA,NA,0,NA,NA,NA,NA,1000,NA,NA,NA,NA,4300,NA,NA,NA,NA,3300,NA,NA,NA,NA,NA,NA,NA,NA,NA,0,NA,NA,NA,NA,NA,NA,NA,NA,NA,0,NA,NA,NA,NA
M20 [Syringes],20.1,Syringes - 0.1 ml (AD),3. Unusable Stock,0,NA,NA,NA,NA,0,NA,NA,NA,NA,0,NA,NA,NA,NA,NA,NA,NA,NA,NA,NA,NA,NA,NA,NA,0,NA,NA,NA,NA,NA,NA,NA,NA,NA,0,NA,NA,NA,NA,NA,NA,NA,NA,NA,NA,NA,NA,NA,NA,NA,NA,NA,NA,NA,NA,NA,NA,NA,NA,NA,NA,NA,NA,NA,0,NA,NA,NA,NA,NA,NA,NA,NA,NA,0,NA,NA,NA,NA,NA,NA,NA,NA,NA,NA,NA,NA,NA,NA,NA,NA,NA,NA,NA,NA,NA,NA,NA,NA,0,NA,NA,NA,NA,0,NA,NA,NA,NA,NA,NA,NA,NA,NA,NA,NA,NA,NA,NA,NA,NA,NA,NA,NA,0,NA,NA,NA,NA,NA,NA,NA,NA,NA,NA,NA,NA,NA,NA
M20 [Syringes],20.1,Syringes - 0.1 ml (AD),4. Stock Distributed,41498,NA,NA,NA,NA,1300,NA,NA,NA,NA,0,NA,NA,NA,NA,1400,NA,NA,NA,NA,7700,NA,NA,NA,NA,1300,NA,NA,NA,NA,4000,NA,NA,NA,NA,300,NA,NA,NA,NA,NA,NA,NA,NA,NA,800,NA,NA,NA,NA,NA,NA,NA,NA,NA,2500,NA,NA,NA,NA,0,NA,NA,NA,NA,1800,NA,NA,NA,NA,770,NA,NA,NA,NA,1392,NA,NA,NA,NA,3600,NA,NA,NA,NA,NA,NA,NA,NA,NA,NA,NA,NA,NA,NA,4050,NA,NA,NA,NA,0,NA,NA,NA,NA,1000,NA,NA,NA,NA,5750,NA,NA,NA,NA,2200,NA,NA,NA,NA,NA,NA,NA,NA,NA,786,NA,NA,NA,NA,NA,NA,NA,NA,NA,850,NA,NA,NA,NA
M20 [Syringes],20.1,Syringes - 0.1 ml (AD),5. Total Stock,25811,NA,NA,NA,NA,3400,NA,NA,NA,NA,0,NA,NA,NA,NA,2850,NA,NA,NA,NA,900,NA,NA,NA,NA,1800,NA,NA,NA,NA,0,NA,NA,NA,NA,3300,NA,NA,NA,NA,NA,NA,NA,NA,NA,128,NA,NA,NA,NA,NA,NA,NA,NA,NA,0,NA,NA,NA,NA,0,NA,NA,NA,NA,1400,NA,NA,NA,NA,30,NA,NA,NA,NA,3124,NA,NA,NA,NA,0,NA,NA,NA,NA,NA,NA,NA,NA,NA,0,NA,NA,NA,NA,5850,NA,NA,NA,NA,1000,NA,NA,NA,NA,0,NA,NA,NA,NA,0,NA,NA,NA,NA,1415,NA,NA,NA,NA,NA,NA,NA,NA,NA,114,NA,NA,NA,NA,0,NA,NA,NA,NA,500,NA,NA,NA,NA
M20 [Syringes],20.2,Syringes - 0.5 ml (AD),1. Balance From Previous Month,2581330,NA,NA,NA,NA,66800,NA,NA,NA,NA,0,NA,NA,NA,NA,195900,NA,NA,NA,NA,34100,NA,NA,NA,NA,144700,NA,NA,NA,NA,26000,NA,NA,NA,NA,144400,NA,NA,NA,NA,NA,NA,NA,NA,NA,7650,NA,NA,NA,NA,NA,NA,NA,NA,NA,197000,NA,NA,NA,NA,295700,NA,NA,NA,NA,37800,NA,NA,NA,NA,37350,NA,NA,NA,NA,37690,NA,NA,NA,NA,99600,NA,NA,NA,NA,NA,NA,NA,NA,NA,NA,NA,NA,NA,NA,216000,NA,NA,NA,NA,1500,NA,NA,NA,NA,0,NA,NA,NA,NA,100600,NA,NA,NA,NA,486280,NA,NA,NA,NA,NA,NA,NA,NA,NA,20200,NA,NA,NA,NA,301900,NA,NA,NA,NA,130160,NA,NA,NA,NA
M20 [Syringes],20.2,Syringes - 0.5 ml (AD),2. Stocks Received,213000,NA,NA,NA,NA,40000,NA,NA,NA,NA,0,NA,NA,NA,NA,NA,NA,NA,NA,NA,0,NA,NA,NA,NA,0,NA,NA,NA,NA,0,NA,NA,NA,NA,80000,NA,NA,NA,NA,NA,NA,NA,NA,NA,60000,NA,NA,NA,NA,NA,NA,NA,NA,NA,0,NA,NA,NA,NA,0,NA,NA,NA,NA,0,NA,NA,NA,NA,0,NA,NA,NA,NA,18000,NA,NA,NA,NA,NA,NA,NA,NA,NA,NA,NA,NA,NA,NA,NA,NA,NA,NA,NA,0,NA,NA,NA,NA,0,NA,NA,NA,NA,9000,NA,NA,NA,NA,0,NA,NA,NA,NA,0,NA,NA,NA,NA,NA,NA,NA,NA,NA,6000,NA,NA,NA,NA,NA,NA,NA,NA,NA,0,NA,NA,NA,NA
M20 [Syringes],20.2,Syringes - 0.5 ml (AD),3. Unusable Stock,0,NA,NA,NA,NA,0,NA,NA,NA,NA,0,NA,NA,NA,NA,NA,NA,NA,NA,NA,NA,NA,NA,NA,NA,0,NA,NA,NA,NA,NA,NA,NA,NA,NA,0,NA,NA,NA,NA,NA,NA,NA,NA,NA,NA,NA,NA,NA,NA,NA,NA,NA,NA,NA,NA,NA,NA,NA,NA,NA,NA,NA,NA,NA,0,NA,NA,NA,NA,NA,NA,NA,NA,NA,0,NA,NA,NA,NA,NA,NA,NA,NA,NA,NA,NA,NA,NA,NA,NA,NA,NA,NA,NA,NA,NA,NA,NA,NA,0,NA,NA,NA,NA,0,NA,NA,NA,NA,NA,NA,NA,NA,NA,NA,NA,NA,NA,NA,NA,NA,NA,NA,NA,0,NA,NA,NA,NA,NA,NA,NA,NA,NA,NA,NA,NA,NA,NA
M20 [Syringes],20.2,Syringes - 0.5 ml (AD),4. Stock Distributed,293400,NA,NA,NA,NA,10000,NA,NA,NA,NA,0,NA,NA,NA,NA,NA,NA,NA,NA,NA,21200,NA,NA,NA,NA,3400,NA,NA,NA,NA,6000,NA,NA,NA,NA,9800,NA,NA,NA,NA,NA,NA,NA,NA,NA,40000,NA,NA,NA,NA,NA,NA,NA,NA,NA,20000,NA,NA,NA,NA,17800,NA,NA,NA,NA,18000,NA,NA,NA,NA,17050,NA,NA,NA,NA,10200,NA,NA,NA,NA,26200,NA,NA,NA,NA,NA,NA,NA,NA,NA,NA,NA,NA,NA,NA,14000,NA,NA,NA,NA,0,NA,NA,NA,NA,9000,NA,NA,NA,NA,28550,NA,NA,NA,NA,20000,NA,NA,NA,NA,NA,NA,NA,NA,NA,22200,NA,NA,NA,NA,NA,NA,NA,NA,NA,0,NA,NA,NA,NA
M20 [Syringes],20.2,Syringes - 0.5 ml (AD),5. Total Stock,2500930,NA,NA,NA,NA,96800,NA,NA,NA,NA,0,NA,NA,NA,NA,195900,NA,NA,NA,NA,12900,NA,NA,NA,NA,141300,NA,NA,NA,NA,20000,NA,NA,NA,NA,214600,NA,NA,NA,NA,NA,NA,NA,NA,NA,27650,NA,NA,NA,NA,NA,NA,NA,NA,NA,177000,NA,NA,NA,NA,277900,NA,NA,NA,NA,19800,NA,NA,NA,NA,20300,NA,NA,NA,NA,45490,NA,NA,NA,NA,73400,NA,NA,NA,NA,NA,NA,NA,NA,NA,0,NA,NA,NA,NA,202000,NA,NA,NA,NA,1500,NA,NA,NA,NA,0,NA,NA,NA,NA,72050,NA,NA,NA,NA,466280,NA,NA,NA,NA,NA,NA,NA,NA,NA,4000,NA,NA,NA,NA,301900,NA,NA,NA,NA,130160,NA,NA,NA,NA
M20 [Syringes],20.3,Syringes - 5.0 ml (Disposable),1. Balance From Previous Month,360196,NA,NA,NA,NA,11000,NA,NA,NA,NA,0,NA,NA,NA,NA,26675,NA,NA,NA,NA,300,NA,NA,NA,NA,3300,NA,NA,NA,NA,200,NA,NA,NA,NA,4400,NA,NA,NA,NA,NA,NA,NA,NA,NA,189985,NA,NA,NA,NA,NA,NA,NA,NA,NA,0,NA,NA,NA,NA,30,NA,NA,NA,NA,2800,NA,NA,NA,NA,1336,NA,NA,NA,NA,3940,NA,NA,NA,NA,0,NA,NA,NA,NA,NA,NA,NA,NA,NA,NA,NA,NA,NA,NA,1250,NA,NA,NA,NA,1000,NA,NA,NA,NA,61880,NA,NA,NA,NA,0,NA,NA,NA,NA,32700,NA,NA,NA,NA,NA,NA,NA,NA,NA,5000,NA,NA,NA,NA,14400,NA,NA,NA,NA,0,NA,NA,NA,NA
M20 [Syringes],20.3,Syringes - 5.0 ml (Disposable),2. Stocks Received,65020,NA,NA,NA,NA,0,NA,NA,NA,NA,0,NA,NA,NA,NA,NA,NA,NA,NA,NA,0,NA,NA,NA,NA,0,NA,NA,NA,NA,200,NA,NA,NA,NA,0,NA,NA,NA,NA,NA,NA,NA,NA,NA,NA,NA,NA,NA,NA,NA,NA,NA,NA,NA,200,NA,NA,NA,NA,0,NA,NA,NA,NA,0,NA,NA,NA,NA,0,NA,NA,NA,NA,0,NA,NA,NA,NA,NA,NA,NA,NA,NA,NA,NA,NA,NA,NA,NA,NA,NA,NA,NA,0,NA,NA,NA,NA,0,NA,NA,NA,NA,64120,NA,NA,NA,NA,500,NA,NA,NA,NA,0,NA,NA,NA,NA,NA,NA,NA,NA,NA,0,NA,NA,NA,NA,NA,NA,NA,NA,NA,0,NA,NA,NA,NA
M20 [Syringes],20.3,Syringes - 5.0 ml (Disposable),3. Unusable Stock,0,NA,NA,NA,NA,0,NA,NA,NA,NA,0,NA,NA,NA,NA,NA,NA,NA,NA,NA,NA,NA,NA,NA,NA,0,NA,NA,NA,NA,NA,NA,NA,NA,NA,0,NA,NA,NA,NA,NA,NA,NA,NA,NA,NA,NA,NA,NA,NA,NA,NA,NA,NA,NA,NA,NA,NA,NA,NA,NA,NA,NA,NA,NA,0,NA,NA,NA,NA,NA,NA,NA,NA,NA,0,NA,NA,NA,NA,NA,NA,NA,NA,NA,NA,NA,NA,NA,NA,NA,NA,NA,NA,NA,NA,NA,NA,NA,NA,0,NA,NA,NA,NA,0,NA,NA,NA,NA,NA,NA,NA,NA,NA,NA,NA,NA,NA,NA,NA,NA,NA,NA,NA,0,NA,NA,NA,NA,NA,NA,NA,NA,NA,NA,NA,NA,NA,NA
M20 [Syringes],20.3,Syringes - 5.0 ml (Disposable),4. Stock Distributed,101480,NA,NA,NA,NA,3000,NA,NA,NA,NA,0,NA,NA,NA,NA,4900,NA,NA,NA,NA,300,NA,NA,NA,NA,900,NA,NA,NA,NA,400,NA,NA,NA,NA,2100,NA,NA,NA,NA,NA,NA,NA,NA,NA,57785,NA,NA,NA,NA,NA,NA,NA,NA,NA,200,NA,NA,NA,NA,30,NA,NA,NA,NA,1800,NA,NA,NA,NA,150,NA,NA,NA,NA,750,NA,NA,NA,NA,0,NA,NA,NA,NA,NA,NA,NA,NA,NA,NA,NA,NA,NA,NA,550,NA,NA,NA,NA,0,NA,NA,NA,NA,25700,NA,NA,NA,NA,500,NA,NA,NA,NA,1200,NA,NA,NA,NA,NA,NA,NA,NA,NA,1215,NA,NA,NA,NA,NA,NA,NA,NA,NA,0,NA,NA,NA,NA
M20 [Syringes],20.3,Syringes - 5.0 ml (Disposable),5. Total Stock,323736,NA,NA,NA,NA,8000,NA,NA,NA,NA,0,NA,NA,NA,NA,21775,NA,NA,NA,NA,0,NA,NA,NA,NA,2400,NA,NA,NA,NA,0,NA,NA,NA,NA,2300,NA,NA,NA,NA,NA,NA,NA,NA,NA,132200,NA,NA,NA,NA,NA,NA,NA,NA,NA,0,NA,NA,NA,NA,0,NA,NA,NA,NA,1000,NA,NA,NA,NA,1186,NA,NA,NA,NA,3190,NA,NA,NA,NA,0,NA,NA,NA,NA,NA,NA,NA,NA,NA,0,NA,NA,NA,NA,700,NA,NA,NA,NA,1000,NA,NA,NA,NA,100300,NA,NA,NA,NA,0,NA,NA,NA,NA,31500,NA,NA,NA,NA,NA,NA,NA,NA,NA,3785,NA,NA,NA,NA,14400,NA,NA,NA,NA,0,NA,NA,NA,NA
M21 [Rashtriya Bal Swasthaya Karyakram (RBSK)],21.1,Number of newborn screened for defects at birth (as per RBSK),TOTAL,22037,NA,NA,NA,NA,12,NA,NA,NA,NA,0,NA,NA,NA,NA,3500,NA,NA,NA,NA,1467,NA,NA,NA,NA,9,NA,NA,NA,NA,6,NA,NA,NA,NA,90,NA,NA,NA,NA,NA,NA,NA,NA,NA,2607,NA,NA,NA,NA,NA,NA,NA,NA,NA,13,NA,NA,NA,NA,294,NA,NA,NA,NA,0,NA,NA,NA,NA,NA,NA,NA,NA,NA,NA,NA,NA,NA,NA,3,NA,NA,NA,NA,NA,NA,NA,NA,NA,NA,NA,NA,NA,NA,NA,NA,NA,NA,NA,11287,NA,NA,NA,NA,27,NA,NA,NA,NA,NA,NA,NA,NA,NA,NA,NA,NA,NA,NA,558,NA,NA,NA,NA,NA,NA,NA,NA,NA,684,NA,NA,NA,NA,1480,NA,NA,NA,NA
M21 [Rashtriya Bal Swasthaya Karyakram (RBSK)],21.2,Number of children (6 month to 6 years) screened by RBSK mobile health teams at Anganwadi center,TOTAL,106793,NA,NA,NA,NA,8744,NA,NA,NA,NA,0,NA,NA,NA,NA,10059,NA,NA,NA,NA,6304,NA,NA,NA,NA,2268,NA,NA,NA,NA,4914,NA,NA,NA,NA,12040,NA,NA,NA,NA,NA,NA,NA,NA,NA,6171,NA,NA,NA,NA,NA,NA,NA,NA,NA,4773,NA,NA,NA,NA,6364,NA,NA,NA,NA,0,NA,NA,NA,NA,NA,NA,NA,NA,NA,NA,NA,NA,NA,NA,15172,NA,NA,NA,NA,NA,NA,NA,NA,NA,NA,NA,NA,NA,NA,NA,NA,NA,NA,NA,7645,NA,NA,NA,NA,3152,NA,NA,NA,NA,NA,NA,NA,NA,NA,NA,NA,NA,NA,NA,6401,NA,NA,NA,NA,NA,NA,NA,NA,NA,8937,NA,NA,NA,NA,3849,NA,NA,NA,NA
M21 [Rashtriya Bal Swasthaya Karyakram (RBSK)],21.3,Number of children (6 years to 18 years) screened by RBSK mobile health teams at Govt and Govt aided schools,TOTAL,197385,NA,NA,NA,NA,8407,NA,NA,NA,NA,0,NA,NA,NA,NA,12770,NA,NA,NA,NA,17976,NA,NA,NA,NA,6255,NA,NA,NA,NA,6735,NA,NA,NA,NA,7886,NA,NA,NA,NA,NA,NA,NA,NA,NA,20250,NA,NA,NA,NA,NA,NA,NA,NA,NA,16285,NA,NA,NA,NA,11472,NA,NA,NA,NA,0,NA,NA,NA,NA,NA,NA,NA,NA,NA,NA,NA,NA,NA,NA,32531,NA,NA,NA,NA,NA,NA,NA,NA,NA,NA,NA,NA,NA,NA,NA,NA,NA,NA,NA,7924,NA,NA,NA,NA,8684,NA,NA,NA,NA,NA,NA,NA,NA,NA,NA,NA,NA,NA,NA,20967,NA,NA,NA,NA,NA,NA,NA,NA,NA,11978,NA,NA,NA,NA,7265,NA,NA,NA,NA
M21 [Rashtriya Bal Swasthaya Karyakram (RBSK)],21.4.1.a,Number of Male children identified with Disease,TOTAL,1970,NA,NA,NA,NA,44,NA,NA,NA,NA,0,NA,NA,NA,NA,433,NA,NA,NA,NA,585,NA,NA,NA,NA,31,NA,NA,NA,NA,120,NA,NA,NA,NA,93,NA,NA,NA,NA,NA,NA,NA,NA,NA,75,NA,NA,NA,NA,NA,NA,NA,NA,NA,25,NA,NA,NA,NA,17,NA,NA,NA,NA,0,NA,NA,NA,NA,NA,NA,NA,NA,NA,NA,NA,NA,NA,NA,99,NA,NA,NA,NA,NA,NA,NA,NA,NA,NA,NA,NA,NA,NA,NA,NA,NA,NA,NA,0,NA,NA,NA,NA,212,NA,NA,NA,NA,NA,NA,NA,NA,NA,NA,NA,NA,NA,NA,178,NA,NA,NA,NA,NA,NA,NA,NA,NA,50,NA,NA,NA,NA,8,NA,NA,NA,NA
M21 [Rashtriya Bal Swasthaya Karyakram (RBSK)],21.4.1.b,Number of Female children identified with Disease,TOTAL,2091,NA,NA,NA,NA,53,NA,NA,NA,NA,0,NA,NA,NA,NA,475,NA,NA,NA,NA,588,NA,NA,NA,NA,47,NA,NA,NA,NA,109,NA,NA,NA,NA,82,NA,NA,NA,NA,NA,NA,NA,NA,NA,95,NA,NA,NA,NA,NA,NA,NA,NA,NA,25,NA,NA,NA,NA,15,NA,NA,NA,NA,0,NA,NA,NA,NA,NA,NA,NA,NA,NA,NA,NA,NA,NA,NA,104,NA,NA,NA,NA,NA,NA,NA,NA,NA,NA,NA,NA,NA,NA,NA,NA,NA,NA,NA,0,NA,NA,NA,NA,244,NA,NA,NA,NA,NA,NA,NA,NA,NA,NA,NA,NA,NA,NA,192,NA,NA,NA,NA,NA,NA,NA,NA,NA,54,NA,NA,NA,NA,8,NA,NA,NA,NA
M21 [Rashtriya Bal Swasthaya Karyakram (RBSK)],21.4.2.a,Number of Male children identified with Deficiency,TOTAL,209,NA,NA,NA,NA,2,NA,NA,NA,NA,0,NA,NA,NA,NA,4,NA,NA,NA,NA,98,NA,NA,NA,NA,2,NA,NA,NA,NA,5,NA,NA,NA,NA,0,NA,NA,NA,NA,NA,NA,NA,NA,NA,23,NA,NA,NA,NA,NA,NA,NA,NA,NA,4,NA,NA,NA,NA,2,NA,NA,NA,NA,0,NA,NA,NA,NA,NA,NA,NA,NA,NA,NA,NA,NA,NA,NA,1,NA,NA,NA,NA,NA,NA,NA,NA,NA,NA,NA,NA,NA,NA,NA,NA,NA,NA,NA,0,NA,NA,NA,NA,25,NA,NA,NA,NA,NA,NA,NA,NA,NA,NA,NA,NA,NA,NA,33,NA,NA,NA,NA,NA,NA,NA,NA,NA,8,NA,NA,NA,NA,2,NA,NA,NA,NA
M21 [Rashtriya Bal Swasthaya Karyakram (RBSK)],21.4.2.b,Number of Female children identified with Deficiency,TOTAL,266,NA,NA,NA,NA,7,NA,NA,NA,NA,0,NA,NA,NA,NA,8,NA,NA,NA,NA,134,NA,NA,NA,NA,1,NA,NA,NA,NA,5,NA,NA,NA,NA,0,NA,NA,NA,NA,NA,NA,NA,NA,NA,42,NA,NA,NA,NA,NA,NA,NA,NA,NA,0,NA,NA,NA,NA,4,NA,NA,NA,NA,0,NA,NA,NA,NA,NA,NA,NA,NA,NA,NA,NA,NA,NA,NA,0,NA,NA,NA,NA,NA,NA,NA,NA,NA,NA,NA,NA,NA,NA,NA,NA,NA,NA,NA,0,NA,NA,NA,NA,32,NA,NA,NA,NA,NA,NA,NA,NA,NA,NA,NA,NA,NA,NA,29,NA,NA,NA,NA,NA,NA,NA,NA,NA,2,NA,NA,NA,NA,2,NA,NA,NA,NA
M21 [Rashtriya Bal Swasthaya Karyakram (RBSK)],21.4.3.a,Number of Male children identified with Developmental delay,TOTAL,704,NA,NA,NA,NA,24,NA,NA,NA,NA,0,NA,NA,NA,NA,143,NA,NA,NA,NA,145,NA,NA,NA,NA,8,NA,NA,NA,NA,56,NA,NA,NA,NA,21,NA,NA,NA,NA,NA,NA,NA,NA,NA,66,NA,NA,NA,NA,NA,NA,NA,NA,NA,28,NA,NA,NA,NA,31,NA,NA,NA,NA,0,NA,NA,NA,NA,NA,NA,NA,NA,NA,NA,NA,NA,NA,NA,28,NA,NA,NA,NA,NA,NA,NA,NA,NA,NA,NA,NA,NA,NA,NA,NA,NA,NA,NA,0,NA,NA,NA,NA,49,NA,NA,NA,NA,NA,NA,NA,NA,NA,NA,NA,NA,NA,NA,63,NA,NA,NA,NA,NA,NA,NA,NA,NA,33,NA,NA,NA,NA,9,NA,NA,NA,NA
M21 [Rashtriya Bal Swasthaya Karyakram (RBSK)],21.4.3.b,Number of Female children identified with Developmental delay,TOTAL,602,NA,NA,NA,NA,24,NA,NA,NA,NA,0,NA,NA,NA,NA,109,NA,NA,NA,NA,122,NA,NA,NA,NA,8,NA,NA,NA,NA,42,NA,NA,NA,NA,22,NA,NA,NA,NA,NA,NA,NA,NA,NA,81,NA,NA,NA,NA,NA,NA,NA,NA,NA,19,NA,NA,NA,NA,15,NA,NA,NA,NA,0,NA,NA,NA,NA,NA,NA,NA,NA,NA,NA,NA,NA,NA,NA,15,NA,NA,NA,NA,NA,NA,NA,NA,NA,NA,NA,NA,NA,NA,NA,NA,NA,NA,NA,0,NA,NA,NA,NA,65,NA,NA,NA,NA,NA,NA,NA,NA,NA,NA,NA,NA,NA,NA,42,NA,NA,NA,NA,NA,NA,NA,NA,NA,32,NA,NA,NA,NA,6,NA,NA,NA,NA
M21 [Rashtriya Bal Swasthaya Karyakram (RBSK)],21.5.1,Number of Children Managed by Intervention - Medical,TOTAL,4472,NA,NA,NA,NA,73,NA,NA,NA,NA,0,NA,NA,NA,NA,863,NA,NA,NA,NA,631,NA,NA,NA,NA,27,NA,NA,NA,NA,653,NA,NA,NA,NA,171,NA,NA,NA,NA,NA,NA,NA,NA,NA,103,NA,NA,NA,NA,NA,NA,NA,NA,NA,157,NA,NA,NA,NA,237,NA,NA,NA,NA,0,NA,NA,NA,NA,NA,NA,NA,NA,NA,NA,NA,NA,NA,NA,84,NA,NA,NA,NA,NA,NA,NA,NA,NA,NA,NA,NA,NA,NA,NA,NA,NA,NA,NA,0,NA,NA,NA,NA,722,NA,NA,NA,NA,NA,NA,NA,NA,NA,NA,NA,NA,NA,NA,458,NA,NA,NA,NA,NA,NA,NA,NA,NA,205,NA,NA,NA,NA,88,NA,NA,NA,NA
M21 [Rashtriya Bal Swasthaya Karyakram (RBSK)],21.5.2,Number of Children Managed by Intervention - Surgical,TOTAL,45,NA,NA,NA,NA,1,NA,NA,NA,NA,0,NA,NA,NA,NA,3,NA,NA,NA,NA,2,NA,NA,NA,NA,3,NA,NA,NA,NA,0,NA,NA,NA,NA,0,NA,NA,NA,NA,NA,NA,NA,NA,NA,NA,NA,NA,NA,NA,NA,NA,NA,NA,NA,4,NA,NA,NA,NA,0,NA,NA,NA,NA,0,NA,NA,NA,NA,NA,NA,NA,NA,NA,NA,NA,NA,NA,NA,14,NA,NA,NA,NA,NA,NA,NA,NA,NA,NA,NA,NA,NA,NA,NA,NA,NA,NA,NA,0,NA,NA,NA,NA,15,NA,NA,NA,NA,NA,NA,NA,NA,NA,NA,NA,NA,NA,NA,1,NA,NA,NA,NA,NA,NA,NA,NA,NA,2,NA,NA,NA,NA,0,NA,NA,NA,NA
M21 [Rashtriya Bal Swasthaya Karyakram (RBSK)],21.5.3,Early intervention at DEIC ( District Early Intervention Centre),TOTAL,96,NA,NA,NA,NA,0,NA,NA,NA,NA,0,NA,NA,NA,NA,NA,NA,NA,NA,NA,0,NA,NA,NA,NA,0,NA,NA,NA,NA,68,NA,NA,NA,NA,0,NA,NA,NA,NA,NA,NA,NA,NA,NA,NA,NA,NA,NA,NA,NA,NA,NA,NA,NA,NA,NA,NA,NA,NA,26,NA,NA,NA,NA,0,NA,NA,NA,NA,NA,NA,NA,NA,NA,NA,NA,NA,NA,NA,2,NA,NA,NA,NA,NA,NA,NA,NA,NA,NA,NA,NA,NA,NA,NA,NA,NA,NA,NA,0,NA,NA,NA,NA,0,NA,NA,NA,NA,NA,NA,NA,NA,NA,NA,NA,NA,NA,NA,0,NA,NA,NA,NA,NA,NA,NA,NA,NA,NA,NA,NA,NA,NA,0,NA,NA,NA,NA
M22 [Adolscent Health],22.1.1.a,Girls (6th -12th class) provided 4 IFA tablets in schools,TOTAL,408035,NA,NA,NA,NA,20587,NA,NA,NA,NA,0,NA,NA,NA,NA,27932,NA,NA,NA,NA,44117,NA,NA,NA,NA,13520,NA,NA,NA,NA,9639,NA,NA,NA,NA,27236,NA,NA,NA,NA,NA,NA,NA,NA,NA,26320,NA,NA,NA,NA,NA,NA,NA,NA,NA,33975,NA,NA,NA,NA,34298,NA,NA,NA,NA,0,NA,NA,NA,NA,NA,NA,NA,NA,NA,NA,NA,NA,NA,NA,60954,NA,NA,NA,NA,NA,NA,NA,NA,NA,NA,NA,NA,NA,NA,NA,NA,NA,NA,NA,204,NA,NA,NA,NA,35127,NA,NA,NA,NA,NA,NA,NA,NA,NA,NA,NA,NA,NA,NA,25871,NA,NA,NA,NA,NA,NA,NA,NA,NA,30913,NA,NA,NA,NA,17342,NA,NA,NA,NA
M22 [Adolscent Health],22.1.1.b,Boys (6th -12th class) provided 4 IFA tablets in schools,TOTAL,383980,NA,NA,NA,NA,19050,NA,NA,NA,NA,0,NA,NA,NA,NA,26237,NA,NA,NA,NA,42543,NA,NA,NA,NA,13209,NA,NA,NA,NA,9276,NA,NA,NA,NA,26641,NA,NA,NA,NA,NA,NA,NA,NA,NA,24988,NA,NA,NA,NA,NA,NA,NA,NA,NA,32459,NA,NA,NA,NA,33357,NA,NA,NA,NA,0,NA,NA,NA,NA,NA,NA,NA,NA,NA,NA,NA,NA,NA,NA,55061,NA,NA,NA,NA,NA,NA,NA,NA,NA,NA,NA,NA,NA,NA,NA,NA,NA,NA,NA,218,NA,NA,NA,NA,27345,NA,NA,NA,NA,NA,NA,NA,NA,NA,NA,NA,NA,NA,NA,24982,NA,NA,NA,NA,NA,NA,NA,NA,NA,31626,NA,NA,NA,NA,16988,NA,NA,NA,NA
M22 [Adolscent Health],22.1.2.a,Girls (6th -12th class) provided albendazole in schools,TOTAL,385962,NA,NA,NA,NA,39027,NA,NA,NA,NA,0,NA,NA,NA,NA,27392,NA,NA,NA,NA,43015,NA,NA,NA,NA,35518,NA,NA,NA,NA,0,NA,NA,NA,NA,42767,NA,NA,NA,NA,NA,NA,NA,NA,NA,NA,NA,NA,NA,NA,NA,NA,NA,NA,NA,NA,NA,NA,NA,NA,40371,NA,NA,NA,NA,0,NA,NA,NA,NA,NA,NA,NA,NA,NA,NA,NA,NA,NA,NA,57165,NA,NA,NA,NA,NA,NA,NA,NA,NA,NA,NA,NA,NA,NA,NA,NA,NA,NA,NA,211,NA,NA,NA,NA,41644,NA,NA,NA,NA,NA,NA,NA,NA,NA,NA,NA,NA,NA,NA,NA,NA,NA,NA,NA,NA,NA,NA,NA,NA,58852,NA,NA,NA,NA,0,NA,NA,NA,NA
M22 [Adolscent Health],22.1.2.b,Boys (6th -12th class) provided albendazole in schools,TOTAL,365133,NA,NA,NA,NA,39468,NA,NA,NA,NA,0,NA,NA,NA,NA,26237,NA,NA,NA,NA,42688,NA,NA,NA,NA,30404,NA,NA,NA,NA,0,NA,NA,NA,NA,40039,NA,NA,NA,NA,NA,NA,NA,NA,NA,NA,NA,NA,NA,NA,NA,NA,NA,NA,NA,NA,NA,NA,NA,NA,41053,NA,NA,NA,NA,0,NA,NA,NA,NA,NA,NA,NA,NA,NA,NA,NA,NA,NA,NA,52648,NA,NA,NA,NA,NA,NA,NA,NA,NA,NA,NA,NA,NA,NA,NA,NA,NA,NA,NA,223,NA,NA,NA,NA,32045,NA,NA,NA,NA,NA,NA,NA,NA,NA,NA,NA,NA,NA,NA,NA,NA,NA,NA,NA,NA,NA,NA,NA,NA,60328,NA,NA,NA,NA,0,NA,NA,NA,NA
M22 [Adolscent Health],22.1.3,Number of out of school adolscent girls (10-19 years) provided 4 IFA tablets at Anganwadi Centres,TOTAL,100313,NA,NA,NA,NA,1079,NA,NA,NA,NA,0,NA,NA,NA,NA,3851,NA,NA,NA,NA,2568,NA,NA,NA,NA,1023,NA,NA,NA,NA,1015,NA,NA,NA,NA,1078,NA,NA,NA,NA,NA,NA,NA,NA,NA,17527,NA,NA,NA,NA,NA,NA,NA,NA,NA,NA,NA,NA,NA,NA,9631,NA,NA,NA,NA,0,NA,NA,NA,NA,NA,NA,NA,NA,NA,NA,NA,NA,NA,NA,6388,NA,NA,NA,NA,NA,NA,NA,NA,NA,NA,NA,NA,NA,NA,NA,NA,NA,NA,NA,191,NA,NA,NA,NA,4779,NA,NA,NA,NA,NA,NA,NA,NA,NA,NA,NA,NA,NA,NA,8854,NA,NA,NA,NA,NA,NA,NA,NA,NA,38302,NA,NA,NA,NA,4027,NA,NA,NA,NA
M22 [Adolscent Health],22.1.4,Number of out of school adolscent girls (10-19 years) provided albendazole at Anganwadi Centres,TOTAL,82075,NA,NA,NA,NA,1058,NA,NA,NA,NA,0,NA,NA,NA,NA,3851,NA,NA,NA,NA,17823,NA,NA,NA,NA,0,NA,NA,NA,NA,0,NA,NA,NA,NA,1120,NA,NA,NA,NA,NA,NA,NA,NA,NA,NA,NA,NA,NA,NA,NA,NA,NA,NA,NA,NA,NA,NA,NA,NA,10418,NA,NA,NA,NA,0,NA,NA,NA,NA,NA,NA,NA,NA,NA,NA,NA,NA,NA,NA,5192,NA,NA,NA,NA,NA,NA,NA,NA,NA,NA,NA,NA,NA,NA,NA,NA,NA,NA,NA,196,NA,NA,NA,NA,4115,NA,NA,NA,NA,NA,NA,NA,NA,NA,NA,NA,NA,NA,NA,NA,NA,NA,NA,NA,NA,NA,NA,NA,NA,38302,NA,NA,NA,NA,0,NA,NA,NA,NA
M22 [Adolscent Health],22.2.1,Number of adolescent girls provided sanitary napkin packs,TOTAL,448,NA,NA,NA,NA,0,NA,NA,NA,NA,0,NA,NA,NA,NA,NA,NA,NA,NA,NA,448,NA,NA,NA,NA,0,NA,NA,NA,NA,0,NA,NA,NA,NA,NA,NA,NA,NA,NA,NA,NA,NA,NA,NA,NA,NA,NA,NA,NA,NA,NA,NA,NA,NA,NA,NA,NA,NA,NA,0,NA,NA,NA,NA,0,NA,NA,NA,NA,NA,NA,NA,NA,NA,NA,NA,NA,NA,NA,NA,NA,NA,NA,NA,NA,NA,NA,NA,NA,NA,NA,NA,NA,NA,NA,NA,NA,NA,NA,0,NA,NA,NA,NA,0,NA,NA,NA,NA,NA,NA,NA,NA,NA,NA,NA,NA,NA,NA,NA,NA,NA,NA,NA,NA,NA,NA,NA,NA,NA,NA,NA,NA,NA,0,NA,NA,NA,NA
M22 [Adolscent Health],22.2.2,Number of sanitary napkin packs sold to adolescent girls,TOTAL,448,NA,NA,NA,NA,0,NA,NA,NA,NA,0,NA,NA,NA,NA,NA,NA,NA,NA,NA,448,NA,NA,NA,NA,0,NA,NA,NA,NA,0,NA,NA,NA,NA,NA,NA,NA,NA,NA,NA,NA,NA,NA,NA,NA,NA,NA,NA,NA,NA,NA,NA,NA,NA,NA,NA,NA,NA,NA,0,NA,NA,NA,NA,0,NA,NA,NA,NA,NA,NA,NA,NA,NA,NA,NA,NA,NA,NA,NA,NA,NA,NA,NA,NA,NA,NA,NA,NA,NA,NA,NA,NA,NA,NA,NA,NA,NA,NA,0,NA,NA,NA,NA,0,NA,NA,NA,NA,NA,NA,NA,NA,NA,NA,NA,NA,NA,NA,NA,NA,NA,NA,NA,NA,NA,NA,NA,NA,NA,NA,NA,NA,NA,0,NA,NA,NA,NA
M22 [Adolscent Health],22.2.3,Number of sanitary napkin packs distributed free to ASHA,TOTAL,43,NA,NA,NA,NA,0,NA,NA,NA,NA,0,NA,NA,NA,NA,NA,NA,NA,NA,NA,43,NA,NA,NA,NA,0,NA,NA,NA,NA,0,NA,NA,NA,NA,NA,NA,NA,NA,NA,NA,NA,NA,NA,NA,NA,NA,NA,NA,NA,NA,NA,NA,NA,NA,NA,NA,NA,NA,NA,0,NA,NA,NA,NA,0,NA,NA,NA,NA,NA,NA,NA,NA,NA,NA,NA,NA,NA,NA,NA,NA,NA,NA,NA,NA,NA,NA,NA,NA,NA,NA,NA,NA,NA,NA,NA,NA,NA,NA,0,NA,NA,NA,NA,0,NA,NA,NA,NA,NA,NA,NA,NA,NA,NA,NA,NA,NA,NA,NA,NA,NA,NA,NA,NA,NA,NA,NA,NA,NA,NA,NA,NA,NA,0,NA,NA,NA,NA
M22 [Adolscent Health],22.2.4,Number of adolescent girls attended monthly meeting,TOTAL,460,NA,NA,NA,NA,0,NA,NA,NA,NA,0,NA,NA,NA,NA,NA,NA,NA,NA,NA,441,NA,NA,NA,NA,0,NA,NA,NA,NA,0,NA,NA,NA,NA,NA,NA,NA,NA,NA,NA,NA,NA,NA,NA,NA,NA,NA,NA,NA,NA,NA,NA,NA,NA,NA,NA,NA,NA,NA,0,NA,NA,NA,NA,0,NA,NA,NA,NA,NA,NA,NA,NA,NA,NA,NA,NA,NA,NA,NA,NA,NA,NA,NA,NA,NA,NA,NA,NA,NA,NA,NA,NA,NA,NA,NA,NA,NA,NA,0,NA,NA,NA,NA,19,NA,NA,NA,NA,NA,NA,NA,NA,NA,NA,NA,NA,NA,NA,NA,NA,NA,NA,NA,NA,NA,NA,NA,NA,NA,NA,NA,NA,NA,0,NA,NA,NA,NA
M23 [Coverage under WIFS JUNIOR (Weekly Iron Folic Acid Supplementation Programme for children 6 - 1,23.1,Number of children covered under WIFS JUNIOR (6 - 10 years ) provided 4-5 IFA tablets in schools,TOTAL,739283,NA,NA,NA,NA,43849,NA,NA,NA,NA,0,NA,NA,NA,NA,41575,NA,NA,NA,NA,62897,NA,NA,NA,NA,10333,NA,NA,NA,NA,60373,NA,NA,NA,NA,35996,NA,NA,NA,NA,NA,NA,NA,NA,NA,56361,NA,NA,NA,NA,NA,NA,NA,NA,NA,77111,NA,NA,NA,NA,78585,NA,NA,NA,NA,0,NA,NA,NA,NA,NA,NA,NA,NA,NA,NA,NA,NA,NA,NA,125568,NA,NA,NA,NA,NA,NA,NA,NA,NA,NA,NA,NA,NA,NA,NA,NA,NA,NA,NA,166,NA,NA,NA,NA,74816,NA,NA,NA,NA,NA,NA,NA,NA,NA,NA,NA,NA,NA,NA,53924,NA,NA,NA,NA,NA,NA,NA,NA,NA,17729,NA,NA,NA,NA,0,NA,NA,NA,NA
M23 [Coverage under WIFS JUNIOR (Weekly Iron Folic Acid Supplementation Programme for children 6 - 1,23.2,Number of children (6 - 10 years) provided albendazole in schools,TOTAL,570239,NA,NA,NA,NA,36457,NA,NA,NA,NA,0,NA,NA,NA,NA,41575,NA,NA,NA,NA,95163,NA,NA,NA,NA,70983,NA,NA,NA,NA,0,NA,NA,NA,NA,31155,NA,NA,NA,NA,NA,NA,NA,NA,NA,NA,NA,NA,NA,NA,NA,NA,NA,NA,NA,NA,NA,NA,NA,NA,88737,NA,NA,NA,NA,0,NA,NA,NA,NA,NA,NA,NA,NA,NA,NA,NA,NA,NA,NA,112046,NA,NA,NA,NA,NA,NA,NA,NA,NA,NA,NA,NA,NA,NA,NA,NA,NA,NA,NA,164,NA,NA,NA,NA,0,NA,NA,NA,NA,NA,NA,NA,NA,NA,NA,NA,NA,NA,NA,NA,NA,NA,NA,NA,NA,NA,NA,NA,NA,93959,NA,NA,NA,NA,0,NA,NA,NA,NA
M23 [Coverage under WIFS JUNIOR (Weekly Iron Folic Acid Supplementation Programme for children 6 - 1,23.3,Number of out of school children (6-10 years) given 4-5 IFA tablets at Anganwadi Centres,TOTAL,9615,NA,NA,NA,NA,221,NA,NA,NA,NA,0,NA,NA,NA,NA,2438,NA,NA,NA,NA,2568,NA,NA,NA,NA,0,NA,NA,NA,NA,0,NA,NA,NA,NA,NA,NA,NA,NA,NA,NA,NA,NA,NA,NA,NA,NA,NA,NA,NA,NA,NA,NA,NA,NA,NA,NA,NA,NA,NA,1478,NA,NA,NA,NA,0,NA,NA,NA,NA,NA,NA,NA,NA,NA,NA,NA,NA,NA,NA,2765,NA,NA,NA,NA,NA,NA,NA,NA,NA,NA,NA,NA,NA,NA,NA,NA,NA,NA,NA,145,NA,NA,NA,NA,0,NA,NA,NA,NA,NA,NA,NA,NA,NA,NA,NA,NA,NA,NA,NA,NA,NA,NA,NA,NA,NA,NA,NA,NA,0,NA,NA,NA,NA,0,NA,NA,NA,NA
M23 [Coverage under WIFS JUNIOR (Weekly Iron Folic Acid Supplementation Programme for children 6 - 1,23.4,Number of out of school children (6-10 years) provided albendazole at Anganwadi Centres,TOTAL,50419,NA,NA,NA,NA,465,NA,NA,NA,NA,0,NA,NA,NA,NA,610,NA,NA,NA,NA,2782,NA,NA,NA,NA,38568,NA,NA,NA,NA,0,NA,NA,NA,NA,NA,NA,NA,NA,NA,NA,NA,NA,NA,NA,NA,NA,NA,NA,NA,NA,NA,NA,NA,NA,NA,NA,NA,NA,NA,4908,NA,NA,NA,NA,0,NA,NA,NA,NA,NA,NA,NA,NA,NA,NA,NA,NA,NA,NA,2952,NA,NA,NA,NA,NA,NA,NA,NA,NA,NA,NA,NA,NA,NA,NA,NA,NA,NA,NA,134,NA,NA,NA,NA,0,NA,NA,NA,NA,NA,NA,NA,NA,NA,NA,NA,NA,NA,NA,NA,NA,NA,NA,NA,NA,NA,NA,NA,NA,0,NA,NA,NA,NA,0,NA,NA,NA,NA
M24 [Maternal Death Reviews (MDR) Done],24.1,Total Maternal Deaths Reviewed (MDR) by CMO,TOTAL,0,NA,NA,NA,NA,0,NA,NA,NA,NA,0,NA,NA,NA,NA,0,NA,NA,NA,NA,NA,NA,NA,NA,NA,0,NA,NA,NA,NA,NA,NA,NA,NA,NA,NA,NA,NA,NA,NA,NA,NA,NA,NA,NA,NA,NA,NA,NA,NA,NA,NA,NA,NA,NA,0,NA,NA,NA,NA,0,NA,NA,NA,NA,0,NA,NA,NA,NA,NA,NA,NA,NA,NA,0,NA,NA,NA,NA,NA,NA,NA,NA,NA,NA,NA,NA,NA,NA,NA,NA,NA,NA,NA,NA,NA,NA,NA,NA,0,NA,NA,NA,NA,0,NA,NA,NA,NA,NA,NA,NA,NA,NA,0,NA,NA,NA,NA,0,NA,NA,NA,NA,NA,NA,NA,NA,NA,0,NA,NA,NA,NA,0,NA,NA,NA,NA
M24 [Maternal Death Reviews (MDR) Done],24.2,Total Maternal Deaths Reviewed (MDR) by DM,TOTAL,2,NA,NA,NA,NA,0,NA,NA,NA,NA,0,NA,NA,NA,NA,0,NA,NA,NA,NA,NA,NA,NA,NA,NA,0,NA,NA,NA,NA,NA,NA,NA,NA,NA,NA,NA,NA,NA,NA,NA,NA,NA,NA,NA,NA,NA,NA,NA,NA,NA,NA,NA,NA,NA,0,NA,NA,NA,NA,0,NA,NA,NA,NA,0,NA,NA,NA,NA,NA,NA,NA,NA,NA,0,NA,NA,NA,NA,NA,NA,NA,NA,NA,NA,NA,NA,NA,NA,NA,NA,NA,NA,NA,NA,NA,NA,NA,NA,0,NA,NA,NA,NA,0,NA,NA,NA,NA,NA,NA,NA,NA,NA,0,NA,NA,NA,NA,2,NA,NA,NA,NA,NA,NA,NA,NA,NA,0,NA,NA,NA,NA,0,NA,NA,NA,NA
M24 [Maternal Death Reviews (MDR) Done],24.3,Number of maternal deaths reported through Community based Maternal Death Review (CBMDR),TOTAL,14,NA,NA,NA,NA,1,NA,NA,NA,NA,0,NA,NA,NA,NA,0,NA,NA,NA,NA,9,NA,NA,NA,NA,0,NA,NA,NA,NA,NA,NA,NA,NA,NA,NA,NA,NA,NA,NA,NA,NA,NA,NA,NA,2,NA,NA,NA,NA,NA,NA,NA,NA,NA,0,NA,NA,NA,NA,0,NA,NA,NA,NA,0,NA,NA,NA,NA,NA,NA,NA,NA,NA,0,NA,NA,NA,NA,NA,NA,NA,NA,NA,NA,NA,NA,NA,NA,NA,NA,NA,NA,NA,NA,NA,NA,NA,NA,0,NA,NA,NA,NA,0,NA,NA,NA,NA,NA,NA,NA,NA,NA,0,NA,NA,NA,NA,0,NA,NA,NA,NA,NA,NA,NA,NA,NA,2,NA,NA,NA,NA,0,NA,NA,NA,NA
M25 [Janani Shishu Suraksha Karyakram (JSSK)],25.1.1,Number of Pregnant Women provided - Free Medicines under JSSK,TOTAL,13881,NA,NA,NA,NA,471,NA,NA,NA,NA,492,NA,NA,NA,NA,464,NA,NA,NA,NA,2129,NA,NA,NA,NA,322,NA,NA,NA,NA,NA,NA,NA,NA,NA,262,NA,NA,NA,NA,NA,NA,NA,NA,NA,953,NA,NA,NA,NA,NA,NA,NA,NA,NA,977,NA,NA,NA,NA,1141,NA,NA,NA,NA,442,NA,NA,NA,NA,NA,NA,NA,NA,NA,2015,NA,NA,NA,NA,0,NA,NA,NA,NA,NA,NA,NA,NA,NA,NA,NA,NA,NA,NA,425,NA,NA,NA,NA,831,NA,NA,NA,NA,0,NA,NA,NA,NA,NA,NA,NA,NA,NA,448,NA,NA,NA,NA,784,NA,NA,NA,NA,NA,NA,NA,NA,NA,1352,NA,NA,NA,NA,373,NA,NA,NA,NA
M25 [Janani Shishu Suraksha Karyakram (JSSK)],25.1.2,Number of Pregnant Women provided - Free Diet under JSSK,TOTAL,7853,NA,NA,NA,NA,0,NA,NA,NA,NA,397,NA,NA,NA,NA,277,NA,NA,NA,NA,NA,NA,NA,NA,NA,0,NA,NA,NA,NA,NA,NA,NA,NA,NA,64,NA,NA,NA,NA,NA,NA,NA,NA,NA,782,NA,NA,NA,NA,NA,NA,NA,NA,NA,412,NA,NA,NA,NA,611,NA,NA,NA,NA,231,NA,NA,NA,NA,NA,NA,NA,NA,NA,1822,NA,NA,NA,NA,0,NA,NA,NA,NA,NA,NA,NA,NA,NA,NA,NA,NA,NA,NA,510,NA,NA,NA,NA,471,NA,NA,NA,NA,0,NA,NA,NA,NA,NA,NA,NA,NA,NA,345,NA,NA,NA,NA,519,NA,NA,NA,NA,NA,NA,NA,NA,NA,1412,NA,NA,NA,NA,0,NA,NA,NA,NA
M25 [Janani Shishu Suraksha Karyakram (JSSK)],25.1.3,Number of Pregnant Women provided - Free Diagnostics under JSSK,TOTAL,41689,NA,NA,NA,NA,1440,NA,NA,NA,NA,1204,NA,NA,NA,NA,992,NA,NA,NA,NA,3663,NA,NA,NA,NA,436,NA,NA,NA,NA,NA,NA,NA,NA,NA,1338,NA,NA,NA,NA,NA,NA,NA,NA,NA,NA,NA,NA,NA,NA,NA,NA,NA,NA,NA,1819,NA,NA,NA,NA,954,NA,NA,NA,NA,733,NA,NA,NA,NA,NA,NA,NA,NA,NA,8971,NA,NA,NA,NA,0,NA,NA,NA,NA,NA,NA,NA,NA,NA,NA,NA,NA,NA,NA,2312,NA,NA,NA,NA,5332,NA,NA,NA,NA,0,NA,NA,NA,NA,NA,NA,NA,NA,NA,758,NA,NA,NA,NA,8153,NA,NA,NA,NA,NA,NA,NA,NA,NA,2644,NA,NA,NA,NA,940,NA,NA,NA,NA
M25 [Janani Shishu Suraksha Karyakram (JSSK)],25.1.4,Number of Pregnant Women provided - Free Home to facility transport under JSSK,TOTAL,2363,NA,NA,NA,NA,148,NA,NA,NA,NA,16,NA,NA,NA,NA,212,NA,NA,NA,NA,251,NA,NA,NA,NA,67,NA,NA,NA,NA,NA,NA,NA,NA,NA,9,NA,NA,NA,NA,NA,NA,NA,NA,NA,173,NA,NA,NA,NA,NA,NA,NA,NA,NA,216,NA,NA,NA,NA,53,NA,NA,NA,NA,118,NA,NA,NA,NA,NA,NA,NA,NA,NA,6,NA,NA,NA,NA,0,NA,NA,NA,NA,NA,NA,NA,NA,NA,NA,NA,NA,NA,NA,110,NA,NA,NA,NA,457,NA,NA,NA,NA,0,NA,NA,NA,NA,NA,NA,NA,NA,NA,127,NA,NA,NA,NA,53,NA,NA,NA,NA,NA,NA,NA,NA,NA,202,NA,NA,NA,NA,145,NA,NA,NA,NA
M25 [Janani Shishu Suraksha Karyakram (JSSK)],25.1.5,Number of Pregnant Women provided - Interfacility transfers when needed under JSSK,TOTAL,1070,NA,NA,NA,NA,130,NA,NA,NA,NA,0,NA,NA,NA,NA,25,NA,NA,NA,NA,194,NA,NA,NA,NA,10,NA,NA,NA,NA,NA,NA,NA,NA,NA,4,NA,NA,NA,NA,NA,NA,NA,NA,NA,89,NA,NA,NA,NA,NA,NA,NA,NA,NA,74,NA,NA,NA,NA,37,NA,NA,NA,NA,162,NA,NA,NA,NA,NA,NA,NA,NA,NA,7,NA,NA,NA,NA,0,NA,NA,NA,NA,NA,NA,NA,NA,NA,NA,NA,NA,NA,NA,33,NA,NA,NA,NA,29,NA,NA,NA,NA,0,NA,NA,NA,NA,NA,NA,NA,NA,NA,43,NA,NA,NA,NA,38,NA,NA,NA,NA,NA,NA,NA,NA,NA,113,NA,NA,NA,NA,82,NA,NA,NA,NA
M25 [Janani Shishu Suraksha Karyakram (JSSK)],25.1.6,Number of Pregnant Women provided - Free Drop Back home under JSSK,TOTAL,7080,NA,NA,NA,NA,328,NA,NA,NA,NA,200,NA,NA,NA,NA,182,NA,NA,NA,NA,1466,NA,NA,NA,NA,33,NA,NA,NA,NA,NA,NA,NA,NA,NA,29,NA,NA,NA,NA,NA,NA,NA,NA,NA,120,NA,NA,NA,NA,NA,NA,NA,NA,NA,276,NA,NA,NA,NA,581,NA,NA,NA,NA,260,NA,NA,NA,NA,NA,NA,NA,NA,NA,1305,NA,NA,NA,NA,0,NA,NA,NA,NA,NA,NA,NA,NA,NA,NA,NA,NA,NA,NA,443,NA,NA,NA,NA,515,NA,NA,NA,NA,0,NA,NA,NA,NA,NA,NA,NA,NA,NA,317,NA,NA,NA,NA,222,NA,NA,NA,NA,NA,NA,NA,NA,NA,527,NA,NA,NA,NA,276,NA,NA,NA,NA
M25 [Janani Shishu Suraksha Karyakram (JSSK)],25.2.1,Number of sick infants provided - Free Medicines under JSSK,TOTAL,7798,NA,NA,NA,NA,119,NA,NA,NA,NA,397,NA,NA,NA,NA,125,NA,NA,NA,NA,1055,NA,NA,NA,NA,250,NA,NA,NA,NA,NA,NA,NA,NA,NA,155,NA,NA,NA,NA,NA,NA,NA,NA,NA,120,NA,NA,NA,NA,NA,NA,NA,NA,NA,165,NA,NA,NA,NA,747,NA,NA,NA,NA,259,NA,NA,NA,NA,NA,NA,NA,NA,NA,1988,NA,NA,NA,NA,0,NA,NA,NA,NA,NA,NA,NA,NA,NA,NA,NA,NA,NA,NA,452,NA,NA,NA,NA,181,NA,NA,NA,NA,0,NA,NA,NA,NA,NA,NA,NA,NA,NA,454,NA,NA,NA,NA,280,NA,NA,NA,NA,NA,NA,NA,NA,NA,905,NA,NA,NA,NA,146,NA,NA,NA,NA
M25 [Janani Shishu Suraksha Karyakram (JSSK)],25.2.2,Number of sick infants provided - Free Diagnostics under JSSK,TOTAL,809,NA,NA,NA,NA,0,NA,NA,NA,NA,0,NA,NA,NA,NA,NA,NA,NA,NA,NA,809,NA,NA,NA,NA,0,NA,NA,NA,NA,NA,NA,NA,NA,NA,NA,NA,NA,NA,NA,NA,NA,NA,NA,NA,NA,NA,NA,NA,NA,NA,NA,NA,NA,NA,NA,NA,NA,NA,NA,NA,NA,NA,NA,NA,0,NA,NA,NA,NA,NA,NA,NA,NA,NA,0,NA,NA,NA,NA,0,NA,NA,NA,NA,NA,NA,NA,NA,NA,NA,NA,NA,NA,NA,0,NA,NA,NA,NA,0,NA,NA,NA,NA,0,NA,NA,NA,NA,NA,NA,NA,NA,NA,0,NA,NA,NA,NA,NA,NA,NA,NA,NA,NA,NA,NA,NA,NA,NA,NA,NA,NA,NA,0,NA,NA,NA,NA
M25 [Janani Shishu Suraksha Karyakram (JSSK)],25.2.3,Number of sick infants provided - Free Home to facility transport under JSSK,TOTAL,647,NA,NA,NA,NA,17,NA,NA,NA,NA,6,NA,NA,NA,NA,NA,NA,NA,NA,NA,11,NA,NA,NA,NA,20,NA,NA,NA,NA,NA,NA,NA,NA,NA,2,NA,NA,NA,NA,NA,NA,NA,NA,NA,13,NA,NA,NA,NA,NA,NA,NA,NA,NA,3,NA,NA,NA,NA,2,NA,NA,NA,NA,6,NA,NA,NA,NA,NA,NA,NA,NA,NA,0,NA,NA,NA,NA,0,NA,NA,NA,NA,NA,NA,NA,NA,NA,NA,NA,NA,NA,NA,66,NA,NA,NA,NA,426,NA,NA,NA,NA,0,NA,NA,NA,NA,NA,NA,NA,NA,NA,0,NA,NA,NA,NA,13,NA,NA,NA,NA,NA,NA,NA,NA,NA,44,NA,NA,NA,NA,18,NA,NA,NA,NA
M25 [Janani Shishu Suraksha Karyakram (JSSK)],25.2.4,Number of sick infants provided - Interfacility transfers when needed under JSSK,TOTAL,209,NA,NA,NA,NA,0,NA,NA,NA,NA,0,NA,NA,NA,NA,3,NA,NA,NA,NA,26,NA,NA,NA,NA,10,NA,NA,NA,NA,NA,NA,NA,NA,NA,4,NA,NA,NA,NA,NA,NA,NA,NA,NA,17,NA,NA,NA,NA,NA,NA,NA,NA,NA,NA,NA,NA,NA,NA,6,NA,NA,NA,NA,30,NA,NA,NA,NA,NA,NA,NA,NA,NA,0,NA,NA,NA,NA,0,NA,NA,NA,NA,NA,NA,NA,NA,NA,NA,NA,NA,NA,NA,2,NA,NA,NA,NA,3,NA,NA,NA,NA,0,NA,NA,NA,NA,NA,NA,NA,NA,NA,0,NA,NA,NA,NA,28,NA,NA,NA,NA,NA,NA,NA,NA,NA,70,NA,NA,NA,NA,10,NA,NA,NA,NA
M25 [Janani Shishu Suraksha Karyakram (JSSK)],25.2.5,Number of sick infants provided - Free Drop Back home under JSSK,TOTAL,3845,NA,NA,NA,NA,15,NA,NA,NA,NA,133,NA,NA,NA,NA,NA,NA,NA,NA,NA,1454,NA,NA,NA,NA,6,NA,NA,NA,NA,NA,NA,NA,NA,NA,21,NA,NA,NA,NA,NA,NA,NA,NA,NA,86,NA,NA,NA,NA,NA,NA,NA,NA,NA,NA,NA,NA,NA,NA,522,NA,NA,NA,NA,97,NA,NA,NA,NA,NA,NA,NA,NA,NA,0,NA,NA,NA,NA,0,NA,NA,NA,NA,NA,NA,NA,NA,NA,NA,NA,NA,NA,NA,250,NA,NA,NA,NA,452,NA,NA,NA,NA,0,NA,NA,NA,NA,NA,NA,NA,NA,NA,317,NA,NA,NA,NA,127,NA,NA,NA,NA,NA,NA,NA,NA,NA,155,NA,NA,NA,NA,210,NA,NA,NA,NA
