Indicator,S.No.,Parameters,Type,District - _Assam,District - Baksa,District - Barpeta,District - Bongaigaon,District - Cachar,District - Chirang,District - Darrang,District - Dhemaji,District - Dhubri,District - Dibrugarh,District - Dima Hasao,District - Goalpara,District - Golaghat,District - Hailakandi,District - Jorhat,District - Kamrup M,District - Kamrup R,District - Karbi Anglong,District - Karimganj,District - Kokrajhar,District - Lakhimpur,District - Marigaon,District - Nagaon,District - Nalbari,District - Sibsagar,District - Sonitpur,District - Tinsukia,District - Udalguri
M1 [Ante Natal Care Services ANC],1.1,Total number of pregnant women Registered for ANC,TOTAL,69743,1765,4068,1596,3824,1018,2100,1492,5531,2389,466,2776,1916,1800,2069,3832,3249,2149,3159,2005,1984,2476,6777,1479,1988,3788,2559,1488
M1 [Ante Natal Care Services ANC],1.1.1,Of which Number registered within first trimester (within 12 weeks),TOTAL,55070,1479,3316,1181,3046,729,1353,1204,3844,1986,265,2250,1612,1377,1883,3231,2923,1402,2629,1194,1695,2127,5442,1320,1642,2919,1787,1234
M1 [Ante Natal Care Services ANC],1.2,Number of Pregnant women registered under JSY,TOTAL,65493,1743,3906,1596,3818,1018,1367,1449,5104,2104,331,2775,2115,1800,1644,3060,3201,1981,3046,1980,1961,2372,6447,1478,1912,3365,2430,1490
M1 [Ante Natal Care Services ANC],1.3,Number of pregnant women received 3 ANC check ups during pregnancy,TOTAL,50618,1260,2961,1065,2314,727,1624,1125,4083,1878,254,1878,1408,1175,1376,3187,2325,1220,2112,1288,1562,1783,5646,987,1561,2706,2128,985
M1 [Ante Natal Care Services ANC],1.4.1,Number of pregnant women given TT1 during current pregnancy,TOTAL,59283,1441,3300,1473,2841,932,1896,1258,4857,2108,340,2784,1570,1339,1754,3400,2645,1897,2155,1737,1773,2054,5812,1238,1682,3594,2046,1357
M1 [Ante Natal Care Services ANC],1.4.2,Number of pregnant women given TT2 or Booster during current pregnancy,TOTAL,57564,1299,2912,1298,3124,757,1880,1184,4783,2066,330,2570,1598,1502,1679,3227,2441,1771,2446,1526,1801,2092,5908,1067,1671,3273,2139,1220
M1 [Ante Natal Care Services ANC],1.5,Total number of pregnant women given 100 IFA tablets,TOTAL,61716,1607,3377,1294,3068,1012,1288,1167,4889,2206,272,2382,1560,1662,1852,2712,2723,1701,2694,1805,1465,2460,6526,1204,1945,5236,2046,1563
M1 [Ante Natal Care Services ANC],1.6.1,Number of new cases of Hypertension (BP>140/90) detected in Pregnant women at the institution,TOTAL,1322,7,42,12,31,35,203,2,104,66,2,46,58,17,33,96,33,109,21,29,4,13,72,3,45,125,73,41
M1 [Ante Natal Care Services ANC],1.6.2,Number of Eclampsia cases managed during delivery,TOTAL,57,0,1,0,0,0,30,0,5,5,0,0,1,0,0,9,0,0,2,0,3,0,0,0,0,1,0,0
M1 [Ante Natal Care Services ANC],1.7.1,Number of Pregnant women with anaemia i.e. Hb level<11 (tested cases),TOTAL,37222,693,1831,1194,3026,271,908,955,2228,1868,220,1447,1033,838,1233,1466,2235,708,1412,1106,1187,1454,3296,454,1436,2431,1289,1003
M1 [Ante Natal Care Services ANC],1.7.2,Number of Pregnant women having severe anaemia (Hb<7) treated at institution,TOTAL,449,0,2,2,0,4,182,7,10,13,0,6,19,5,5,18,6,4,3,72,4,0,0,0,17,67,2,1
M1 [Ante Natal Care Services ANC],1.8,Number of pregnancy test kits used at SC level,TOTAL,14996,383,385,146,691,256,307,208,648,441,59,879,727,944,447,121,1324,321,789,106,604,212,1788,177,671,1064,1034,264
M2 [Deliveries],2.1.1.a,Number of deliveries conducted at Home and attended by trained SBA(i.e. Doctor or Nurse or ANM),TOTAL,1165,2,155,2,53,13,23,3,285,2,26,74,27,62,12,2,35,37,73,56,1,32,77,44,10,33,16,10
M2 [Deliveries],2.1.1.b,Number of deliveries conducted at Home and attended by non trained SBA (i.e. trained TBA or Relatives etc.),TOTAL,4990,71,523,216,232,132,181,9,1194,8,108,112,16,311,0,35,49,163,616,58,11,140,321,26,13,321,77,47
M2 [Deliveries],2.1.1.c,Total number of deliveries conducted at Home and attended by trained or non-trained SBA (i.e. sum of 2.1.1.a and 2.1.1.b),TOTAL,6155,73,678,218,285,145,204,12,1479,10,134,186,43,373,12,37,84,200,689,114,12,172,398,70,23,354,93,57
M2 [Deliveries],2.1.2,Number of newborns visited within 24 hours of delivery for deliveries conducted at home,TOTAL,4711,66,655,171,195,76,76,9,1128,10,63,118,29,263,8,37,84,103,571,103,9,155,374,66,17,189,86,50
M2 [Deliveries],2.1.3,Number of mothers paid JSY incentive for deliveries conducted at home,TOTAL,76,0,0,0,0,0,0,0,76,0,0,0,0,0,0,0,0,0,0,0,0,0,0,0,0,0,0,0
M2 [Deliveries],2.2,Deliveries conducted at Public Institutions (Including C-Sections),TOTAL,29909,640,1607,539,1896,407,925,954,1502,1110,192,1345,776,683,887,1656,1414,1172,907,996,1046,1211,3583,582,707,1497,1049,626
M2 [Deliveries],2.2.1,"Out of 2.2, Number discharged under 48 hours of delivery",TOTAL,10231,199,336,288,701,1,111,546,792,333,27,545,342,233,199,10,306,937,447,749,507,183,1409,52,93,329,235,321
M2 [Deliveries],2.2.2.a,Number of mothers paid JSY Incentive for deliveries conducted at Public Institutions,TOTAL,26564,528,1223,535,2064,407,842,775,1553,1235,183,1358,885,684,853,1043,1386,597,768,949,925,1342,2146,561,800,1296,1007,619
M2 [Deliveries],2.2.2.b,Number of ASHAs paid JSY Incentive for deliveries conducted at Public Institutions,TOTAL,16621,237,669,410,1472,292,380,216,301,116,93,1148,1064,634,648,369,704,917,584,555,620,473,1655,429,744,1160,334,397
M2 [Deliveries],2.2.2.c,Number of cases of deliveries conducted at Public Institutions where JSY incentive was paid to ANMs or AWWs [only for High Performing States (HPS)],TOTAL,0,NA,NA,NA,NA,NA,NA,NA,NA,0,NA,NA,NA,NA,0,NA,NA,NA,NA,NA,0,NA,NA,NA,NA,NA,NA,NA
M2 [Deliveries],2.3,Deliveries conducted at Private Institutions (Including C-Sections),TOTAL,5873,37,74,290,440,17,78,29,16,473,1,151,181,NA,207,986,70,2,265,55,70,4,739,303,234,552,505,94
M2 [Deliveries],2.3.1.a,Number of mothers paid JSY Incentive for deliveries conducted at accredited Private Institutions,TOTAL,763,0,NA,1,166,0,0,NA,0,9,1,NA,12,NA,0,77,0,0,177,NA,24,NA,6,NA,26,138,66,60
M2 [Deliveries],2.3.1.b,Number of ASHAs paid JSY Incentive for deliveries conducted at accredited Private Institutions,TOTAL,163,0,NA,NA,16,0,0,NA,0,0,1,NA,9,NA,0,0,0,0,0,NA,0,NA,0,NA,10,127,0,0
M2 [Deliveries],2.3.1.c,Number of cases of deliveries conducted at accredited Private Institutions where JSY incentive was paid to ANMs or AWWs [only for High Performing States (HPS)],TOTAL,0,NA,NA,NA,NA,NA,NA,NA,NA,0,NA,NA,NA,NA,0,0,NA,NA,NA,NA,NA,NA,NA,NA,NA,NA,NA,NA
M3 [Number of Caesarean C-Section deliveries performed at],3.1.1,Number of Caesarean (C-Section) deliveries performed at PHCs (Primary Health Centre),TOTAL,0,NA,NA,NA,NA,NA,NA,NA,NA,0,NA,NA,0,0,0,NA,NA,NA,0,NA,NA,NA,NA,NA,NA,NA,NA,NA
M3 [Number of Caesarean C-Section deliveries performed at],3.1.2,Number of Caesarean (C-Section) deliveries performed at CHCs (Community Health Centre),TOTAL,296,0,45,NA,NA,0,19,0,0,0,0,5,0,0,0,25,134,0,0,NA,0,0,8,4,18,0,38,0
M3 [Number of Caesarean C-Section deliveries performed at],3.1.3,Number of Caesarean (C-Section) deliveries performed at SDHs (Sub-divisional Hospital) or DHs (District Hospital),TOTAL,3341,NA,273,30,246,NA,31,146,57,250,40,95,94,7,340,734,17,59,15,76,178,69,57,55,56,241,175,NA
M3 [Number of Caesarean C-Section deliveries performed at],3.1.4,Number of Caesarean (C-Section) deliveries performed at other State owned public institutions,TOTAL,NA,NA,NA,NA,NA,NA,NA,NA,NA,NA,NA,NA,NA,NA,NA,NA,NA,NA,NA,NA,NA,NA,NA,NA,NA,NA,NA,NA
M3 [Number of Caesarean C-Section deliveries performed at],3.1.5,"Total Number of Caesarean (C-Section) deliveries performed at Public facilities i.e. PHC, CHC, SDH, DH and other State owned public institutions (sum of items from 3.1.1 to 3.1.4)",TOTAL,3637,0,318,30,246,0,50,146,57,250,40,100,94,7,340,759,151,59,15,76,178,69,65,59,74,241,213,0
M3 [Number of Caesarean C-Section deliveries performed at],3.2,No. of C-section deliveries performed at Private facilities,TOTAL,3339,NA,67,208,254,8,52,26,NA,252,NA,109,59,NA,0,687,43,NA,143,43,29,NA,554,243,99,340,123,NA
M4 [Pregnancy outcome & weight of new-born],4.1.1.a,Number of male live births,TOTAL,21456,409,1247,539,1369,308,626,533,1556,828,173,878,476,543,557,1283,808,726,965,581,530,695,2337,515,512,1217,861,384
M4 [Pregnancy outcome & weight of new-born],4.1.1.b,Number of female live births,TOTAL,19779,318,1063,489,1232,262,574,452,1352,725,151,777,498,490,534,1313,731,624,874,581,569,681,2270,441,433,1201,763,381
M4 [Pregnancy outcome & weight of new-born],4.1.1.c,Total number of male and female live births (4.1.1.a and 4.1.1.b),TOTAL,41235,727,2310,1028,2601,570,1200,985,2908,1553,324,1655,974,1033,1091,2596,1539,1350,1839,1162,1099,1376,4607,956,945,2418,1624,765
M4 [Pregnancy outcome & weight of new-born],4.1.2,Number of still births,TOTAL,1035,22,70,26,80,3,18,19,108,35,5,43,12,29,23,83,10,40,60,23,27,15,131,8,23,65,35,22
M4 [Pregnancy outcome & weight of new-born],4.1.3,Number of Abortions (spontaneous or induced),TOTAL,7951,106,249,244,139,10,539,595,608,231,33,323,96,159,341,317,509,231,72,65,637,67,823,665,351,94,190,257
M4 [Pregnancy outcome & weight of new-born],4.2.1,Number of Newborns weighed at birth,TOTAL,40420,738,2310,1031,2600,569,1148,975,2901,1551,315,1644,977,1032,938,2659,1478,1311,1817,1101,1096,1380,4577,956,943,2006,1612,755
M4 [Pregnancy outcome & weight of new-born],4.2.2,Number of Newborns having weight less than 2.5 kg,TOTAL,6822,96,391,103,646,98,152,85,502,300,23,315,150,108,512,207,218,170,163,291,329,185,668,118,173,400,283,136
M4 [Pregnancy outcome & weight of new-born],4.3,Number of Newborns breast fed within 1 hour of birth,TOTAL,39228,725,2309,1022,2434,566,1154,965,2866,1540,324,1612,959,1027,1062,2596,1477,1287,1725,883,1092,1334,4486,928,724,1883,1520,728
M5 [Complicated pregnanices],5.1.1,Number of cases of pregnant women with Obstetric Complications and attended at PHCs,TOTAL,435,0,0,0,23,26,1,3,11,2,0,11,2,70,2,68,5,1,74,38,0,0,22,1,16,50,8,1
M5 [Complicated pregnanices],5.1.2,Number of cases of pregnant women with Obstetric Complications and attended at CHCs,TOTAL,788,0,63,0,NA,66,7,13,5,81,0,34,8,22,0,49,75,1,20,0,21,44,29,53,129,0,59,9
M5 [Complicated pregnanices],5.1.3,Number of cases of pregnant women with Obstetric Complications and attended at SDHs or DHs,TOTAL,2726,3,23,30,4,15,94,21,115,260,40,16,36,10,520,641,0,59,3,19,5,24,140,2,401,23,211,11
M5 [Complicated pregnanices],5.1.4,Number of cases of pregnant women with Obstetric Complications and attended at other State owned public institutions,TOTAL,NA,NA,NA,NA,NA,NA,NA,NA,NA,NA,NA,NA,NA,NA,NA,NA,NA,NA,NA,NA,NA,NA,NA,NA,NA,NA,NA,NA
M5 [Complicated pregnanices],5.1.5,"Number of cases of pregnant women with Obstetric Complications and attended at Public facilities i.e. PHC, CHC, SDH, DH and other State owned public institutions (sum of items from 5.1.1 to 5.1.4)",TOTAL,3949,3,86,30,27,107,102,37,131,343,40,61,46,102,522,758,80,61,97,57,26,68,191,56,546,73,278,21
M5 [Complicated pregnanices],5.2,Number of cases of pregnant women with Obstetric Complications and attended at Private facilities,TOTAL,1764,0,NA,208,0,0,0,NA,NA,264,NA,NA,0,NA,0,496,0,0,2,NA,0,NA,480,136,0,88,86,4
M5 [Complicated pregnanices],5.3.1,Number of cases of complicated pregnancies treated with IV antibiotics,TOTAL,7336,0,57,3,296,7,610,1,616,269,40,158,134,63,496,374,178,166,853,180,424,1078,26,133,460,260,444,10
M5 [Complicated pregnanices],5.3.2,Number of cases of complicated pregnancies treated with IV Antihypertensive/Magsulph injection,TOTAL,743,0,3,0,0,1,32,0,16,0,0,105,6,22,311,63,22,59,7,22,5,25,9,9,10,15,0,1
M5 [Complicated pregnanices],5.3.3,Number of cases of complicated pregnancies treated with IV Oxytocis,TOTAL,6385,58,55,3,327,90,468,25,635,76,40,110,479,70,453,371,195,158,638,177,319,616,15,108,544,163,187,5
M5 [Complicated pregnanices],5.3.4,Number of cases of complicated pregnancies treated with Blood Transfusion,TOTAL,1014,0,0,NA,19,0,25,21,65,279,27,14,79,0,45,49,28,14,18,7,87,120,0,50,53,3,11,0
M6 [Post - Natal Care],6.1,Women getting post partum check-up within 48 hours after delivery,TOTAL,30974,818,1852,757,1765,452,863,715,2528,1187,234,1177,829,877,963,2641,1153,869,1283,500,760,881,3129,706,615,1481,1406,533
M6 [Post - Natal Care],6.2,Women getting a post partum check up between 48 hours and 14 days after delivery,TOTAL,32030,688,1876,1188,1693,388,903,822,2399,1084,121,1173,620,689,1012,1734,1460,703,1127,571,2562,1196,3327,888,781,1404,1155,466
M6 [Post - Natal Care],6.3,PNC maternal complications attended,TOTAL,344,16,3,0,0,51,1,0,36,0,0,24,0,0,2,0,13,9,1,22,2,8,32,3,38,46,29,8
M7 [Medical Termination of Pregnancy (MTP)],7.1.1,Number of MTPs conducted at Public Institutions up to 12 weeks of pregnancy,TOTAL,5080,84,151,233,121,8,655,400,369,214,12,145,28,58,168,130,381,177,0,66,348,43,293,208,278,138,171,201
M7 [Medical Termination of Pregnancy (MTP)],7.1.2,Number of MTPs conducted at Public Institutions for more than 12 weeks of pregnancy,TOTAL,498,3,11,0,0,0,55,35,0,8,7,14,10,0,9,0,28,10,0,18,10,14,237,0,0,0,9,20
M7 [Medical Termination of Pregnancy (MTP)],7.1.3,Total number of MTPs conducted at Public Institutions (sum of items 7.1.1 and 7.1.2),TOTAL,5578,87,162,233,121,8,710,435,369,222,19,159,38,58,177,130,409,187,0,84,358,57,530,208,278,138,180,221
M7 [Medical Termination of Pregnancy (MTP)],7.2,Number of MTPs conducted at Private Facilities,TOTAL,692,NA,2,0,91,0,0,0,NA,11,NA,0,0,NA,85,47,0,NA,27,0,0,NA,0,242,3,94,90,NA
M8 [RTI/STI Cases],8.1.a,Number of new cases of RTI/STI in males for which treatment was initiated,TOTAL,1411,21,35,9,0,0,59,63,23,0,11,126,74,42,98,124,6,8,56,81,136,28,65,107,24,15,169,31
M8 [RTI/STI Cases],8.1.b,Number of new cases of RTI/STI in females for which treatment was initiated,TOTAL,4025,39,330,68,97,15,336,181,208,7,66,309,115,151,142,227,21,10,47,193,384,147,229,189,152,174,134,54
M8 [RTI/STI Cases],8.1.c,Total number of new cases of RTI/STI in males and females for which treatment was initiated (sum of items 8.1.a and 8.1.b),TOTAL,5436,60,365,77,97,15,395,244,231,7,77,435,189,193,240,351,27,18,103,274,520,175,294,296,176,189,303,85
M8 [RTI/STI Cases],8.2,Number of suspected RTI/STI cases for whom wet mount test was conducted,TOTAL,33,0,0,0,0,7,0,0,0,0,0,0,0,0,0,26,0,0,0,0,0,0,0,0,0,0,0,0
M9 [Family Planning],9.1.1.a,Number of NSV (No Scalpel Vasectomy) or Conventional Vasectomy conducted at PHCs,TOTAL,58,0,0,0,17,0,0,0,0,0,0,0,0,0,0,0,4,0,0,0,0,0,0,0,37,0,0,0
M9 [Family Planning],9.1.1.b,Number of NSV or Conventional Vasectomy conducted at CHCs,TOTAL,30,0,0,0,NA,0,1,0,0,0,0,0,0,0,0,29,0,0,0,0,0,0,0,0,0,0,0,0
M9 [Family Planning],9.1.1.c,Number of NSV or Conventional Vasectomy conducted at SDHs or DHs,TOTAL,224,NA,0,NA,0,NA,0,0,0,NA,0,0,76,3,0,0,0,0,0,0,2,NA,NA,6,137,0,0,NA
M9 [Family Planning],9.1.1.d,Number of NSV or Conventional Vasectomy conducted at other State owned public institutions,TOTAL,NA,NA,NA,NA,NA,NA,NA,NA,NA,NA,NA,NA,NA,NA,NA,NA,NA,NA,NA,NA,NA,NA,NA,NA,NA,NA,NA,NA
M9 [Family Planning],9.1.1.e,"Total Number of NSV or Conventional Vasectomy conducted at Public facilities i.e. PHC, CHC, SDH, DH and other State owned public institutions (sum of items from 9.1.1.a to 9.1.1.d)",TOTAL,312,0,0,0,17,0,1,0,0,0,0,0,76,3,0,29,4,0,0,0,2,0,0,6,174,0,0,0
M9 [Family Planning],9.1.2,Number of NSV or Conventional Vasectomy conducted at Private facilities,TOTAL,0,0,NA,NA,0,0,0,NA,NA,0,0,NA,0,NA,0,0,0,0,0,NA,0,NA,0,0,0,0,0,0
M9 [Family Planning],9.2.1.a,Number of Laparoscopic sterilizations conducted at PHCs,TOTAL,688,78,0,0,264,0,30,0,0,60,0,34,0,0,0,57,109,0,0,0,0,0,42,0,14,0,0,0
M9 [Family Planning],9.2.1.b,Number of Laparoscopic sterilizations conducted at CHCs,TOTAL,293,40,13,42,NA,0,1,0,0,0,0,0,0,0,0,33,55,0,0,0,0,0,40,42,9,0,18,0
M9 [Family Planning],9.2.1.c,Number of Laparoscopic sterilizations conducted at SDHs or DHs,TOTAL,440,34,0,NA,11,NA,48,0,0,7,0,0,0,0,1,18,0,0,0,0,56,NA,10,0,62,193,0,NA
M9 [Family Planning],9.2.1.d,Number of Laparoscopic sterilizations conducted at other State owned public institutions,TOTAL,NA,NA,NA,NA,NA,NA,NA,NA,NA,NA,NA,NA,NA,NA,NA,NA,NA,NA,NA,NA,NA,NA,NA,NA,NA,NA,NA,NA
M9 [Family Planning],9.2.1.e,"Total Number of Laparoscopic sterilizations conducted at Public facilities i.e. PHC, CHC, SDH, DH and other State owned public institutions (sum of items from 9.2.1.a to 9.2.1.d)",TOTAL,1421,152,13,42,275,0,79,0,0,67,0,34,0,0,1,108,164,0,0,0,56,0,92,42,85,193,18,0
M9 [Family Planning],9.2.2,Number of Laparoscopic sterilizations conducted at Private facilities,TOTAL,81,0,NA,NA,0,0,0,NA,NA,0,0,NA,0,NA,0,53,0,0,0,NA,0,NA,0,0,23,0,2,3
M9 [Family Planning],9.3.1.a,Number of Mini-lap sterilizations conducted at PHCs,TOTAL,13,0,0,0,0,0,0,0,0,0,0,0,0,0,4,9,0,0,0,0,0,0,0,0,0,0,0,0
M9 [Family Planning],9.3.1.b,Number of Mini-lap sterilizations conducted at CHCs,TOTAL,6,0,0,0,NA,0,0,0,0,0,0,0,0,0,0,0,0,0,0,0,0,0,0,0,0,0,6,0
M9 [Family Planning],9.3.1.c,Number of Mini-lap sterilizations conducted at SDHs or DHs,TOTAL,238,NA,39,NA,0,NA,0,28,0,34,1,21,0,0,37,35,0,1,0,16,25,NA,NA,0,0,0,1,NA
M9 [Family Planning],9.3.1.d,Number of Mini-lap sterilizations conducted at other State owned public institutions,TOTAL,NA,NA,NA,NA,NA,NA,NA,NA,NA,NA,NA,NA,NA,NA,NA,NA,NA,NA,NA,NA,NA,NA,NA,NA,NA,NA,NA,NA
M9 [Family Planning],9.3.1.e,"Total Number of Mini-lap sterilizations conducted at Public facilities i.e. PHC, CHC, SDH, DH and other State owned public institutions (sum of items from 9.3.1.a to 9.3.1.d)",TOTAL,257,0,39,0,0,0,0,28,0,34,1,21,0,0,41,44,0,1,0,16,25,0,0,0,0,0,7,0
M9 [Family Planning],9.3.2,Number of Mini-lap sterilizations conducted at Private facilities,TOTAL,25,0,NA,NA,0,0,0,NA,NA,0,0,NA,0,NA,4,9,0,0,4,NA,0,NA,8,0,0,0,0,0
M9 [Family Planning],9.4.1.a,Number of Post-Partum sterilizations conducted at PHCs,TOTAL,3,0,0,0,3,0,0,0,0,0,0,0,0,0,0,0,0,0,0,0,0,0,0,0,0,0,0,0
M9 [Family Planning],9.4.1.b,Number of Post-Partum sterilizations conducted at CHCs,TOTAL,40,0,11,0,NA,0,3,0,0,0,0,0,0,0,0,6,12,0,0,0,0,0,0,2,0,0,6,0
M9 [Family Planning],9.4.1.c,Number of Post-Partum sterilizations conducted at SDHs or DHs,TOTAL,389,NA,3,NA,42,NA,9,28,18,34,4,3,19,0,32,123,0,15,0,0,2,NA,NA,7,0,23,27,NA
M9 [Family Planning],9.4.1.d,Number of Post-Partum sterilizations conducted at other State owned public institutions,TOTAL,NA,NA,NA,NA,NA,NA,NA,NA,NA,NA,NA,NA,NA,NA,NA,NA,NA,NA,NA,NA,NA,NA,NA,NA,NA,NA,NA,NA
M9 [Family Planning],9.4.1.e,"Total Number of Post-Partum sterilizations conducted at Public facilities i.e. PHC, CHC, SDH, DH and other State owned public institutions (sum of items from 9.4.1.a to 9.4.1.d)",TOTAL,432,0,14,0,45,0,12,28,18,34,4,3,19,0,32,129,12,15,0,0,2,0,0,9,0,23,33,0
M9 [Family Planning],9.4.2,Number of Post-Partum sterilizations conducted at Private facilities,TOTAL,82,0,NA,NA,6,0,0,NA,NA,0,0,NA,0,NA,0,11,0,0,4,NA,0,NA,56,5,0,0,0,0
M9 [Family Planning],9.5.1.a,Number of IUCD Insertions conducted at SCs,TOTAL,1728,23,141,82,62,20,42,92,179,14,4,45,37,109,27,24,156,115,59,15,32,92,123,19,40,54,94,28
M9 [Family Planning],9.5.1.b,Number of IUCD Insertions conducted at PHCs,TOTAL,996,48,37,23,48,38,14,56,52,40,6,52,32,56,48,44,45,64,5,34,20,28,60,25,33,16,50,22
M9 [Family Planning],9.5.1.c,Number of IUCD Insertions conducted at CHCs,TOTAL,625,4,11,1,7,1,34,78,11,12,3,80,16,9,11,19,142,19,0,0,39,2,17,38,3,4,42,22
M9 [Family Planning],9.5.1.d,Number of IUCD Insertions conducted at SDHs or DHs,TOTAL,599,14,43,2,20,NA,13,54,6,0,30,46,28,34,53,26,0,30,NA,94,2,5,19,9,36,7,27,1
M9 [Family Planning],9.5.1.e,Number of IUCD Insertions conducted at other State owned public institutions,TOTAL,NA,NA,NA,NA,NA,NA,NA,NA,NA,NA,NA,NA,NA,NA,NA,NA,NA,NA,NA,NA,NA,NA,NA,NA,NA,NA,NA,NA
M9 [Family Planning],9.5.1.f,"Total Number of IUCD Insertions conducted at Public facilities i.e. SC, PHC, CHC, SDH, DH and other State owned public institutions (sum of items from 9.5.1.a to 9.5.1.e)",TOTAL,3948,89,232,108,137,59,103,280,248,66,43,223,113,208,139,113,343,228,64,143,93,127,219,91,112,81,213,73
M9 [Family Planning],9.5.1A,"Out of above total, Post Partum (within 48 hours of delivery) IUCD insertions",TOTAL,753,0,44,NA,22,0,29,99,40,31,17,64,66,64,23,19,52,2,4,0,0,28,9,24,27,10,64,15
M9 [Family Planning],9.5.2,Number of IUCD Insertions conducted at Private facilities,TOTAL,63,0,NA,NA,3,0,0,NA,5,0,0,NA,0,NA,0,12,0,0,2,NA,0,NA,4,11,0,0,25,1
M9 [Family Planning],9.06,Number of IUCD removals,TOTAL,1049,37,10,5,24,20,56,143,21,33,12,35,57,19,13,86,74,116,31,41,12,33,20,23,29,39,22,38
M9 [Family Planning],9.07,Number of Oral Pills cycles distributed,TOTAL,124821,3440,10956,3416,4766,1792,2787,2555,9752,4586,782,5467,4484,2606,2915,2032,8169,4002,4282,5853,4676,2922,8270,3968,4951,9340,3478,2574
M9 [Family Planning],9.08,Number of Condom pieces distributed,TOTAL,286006,7828,15592,5673,12563,3854,4522,2597,20072,21694,1885,16718,12346,7473,19068,6375,28011,19045,4071,9708,8231,4467,8372,11594,14760,12231,3346,3910
M9 [Family Planning],9.09,Number of Centchroman (weekly) pills given,TOTAL,691,0,0,0,64,0,0,0,0,1,0,3,3,0,0,2,101,120,5,52,0,13,37,100,122,45,15,8
M9 [Family Planning],9.1,Number of Emergency Contraceptive Pills distributed,TOTAL,2306,2,234,0,29,0,51,14,418,17,26,138,7,123,24,47,173,37,93,110,75,31,189,35,81,174,118,60
M9 [Family Planning],9.11.1.a,Number of cases of complications following male sterilization,TOTAL,1,0,0,0,0,0,0,0,0,0,0,0,0,0,0,0,0,0,0,0,0,0,0,0,1,0,0,0
M9 [Family Planning],9.11.1.b,Number of cases of complications following female sterilization,TOTAL,3,0,0,0,0,0,0,0,0,0,0,0,0,0,0,0,0,0,0,0,0,0,2,1,0,0,0,0
M9 [Family Planning],9.11.2.a,Number of failures following male sterilization,TOTAL,0,0,0,0,0,0,0,0,0,0,0,0,0,0,0,0,0,0,0,0,0,0,0,0,0,0,0,0
M9 [Family Planning],9.11.2.b,Number of failures following female sterilization,TOTAL,2,0,0,0,0,0,0,0,0,0,0,0,0,0,0,0,0,0,0,0,0,0,0,2,0,0,0,0
M9 [Family Planning],9.11.3.a,Number of deaths following male sterilization,TOTAL,0,0,0,0,0,0,0,0,0,0,0,0,0,0,0,0,0,0,0,0,0,0,0,0,0,0,0,0
M9 [Family Planning],9.11.3.b,Number of deaths following female sterilization,TOTAL,0,0,0,0,0,0,0,0,0,0,0,0,0,0,0,0,0,0,0,0,0,0,0,0,0,0,0,0
M9 [Family Planning],9.12,Number of Institutions having NSV trained doctors,TOTAL,46,4,3,2,7,2,1,1,1,2,1,3,1,2,1,1,2,1,NA,NA,1,2,3,1,2,1,1,NA
M10 [CHILD IMMUNIZATION],10.1.01,Number of Infants (0 to 11 months old)received BCG immunisation,TOTAL,53503,899,2544,1503,3435,682,1371,1071,4170,1723,364,2266,1203,1808,1233,2533,2136,1615,3010,1696,1305,1964,5541,1039,1120,2914,3318,1040
M10 [CHILD IMMUNIZATION],10.1.02,Number of Infants (0 to 11 months old) received DPT1 immunisation,TOTAL,2659,37,62,104,387,39,27,0,101,38,13,60,23,3,141,599,0,123,109,171,0,21,150,229,0,70,98,54
M10 [CHILD IMMUNIZATION],10.1.03,Number of Infants (0 to 11 months old) received DPT2 immunisation,TOTAL,10710,196,615,544,854,163,256,51,1496,129,49,506,130,247,246,747,210,399,717,585,49,230,1101,237,118,389,236,210
M10 [CHILD IMMUNIZATION],10.1.04,Number of Infants (0 to 11 months old) received DPT3 immunisation,TOTAL,24265,632,1379,1034,1611,399,779,254,2459,473,119,1169,444,758,492,992,931,842,1391,939,432,578,2608,545,496,1131,727,651
M10 [CHILD IMMUNIZATION],10.1.04A,Number of Infants (0 to 11 months old) received Pentavalent1 immunisation,TOTAL,51132,1296,3042,1362,2815,723,1697,1164,3401,1810,394,2291,1319,1695,1303,1754,2552,1520,2944,524,1621,1844,5693,1147,1537,2700,1861,1123
M10 [CHILD IMMUNIZATION],10.1.04B,Number of Infants (0 to 11 months old) received Pentavalent2 immunisation,TOTAL,45401,1018,2601,815,2342,548,1621,1186,3077,1781,280,2170,1232,1398,1283,1663,2574,1175,2314,402,1618,1686,4718,1040,1533,2600,1722,1004
M10 [CHILD IMMUNIZATION],10.1.04C,Number of Infants (0 to 11 months old) received Pentavalent3 immunisation,TOTAL,28503,452,1716,151,1396,263,819,883,1554,1268,224,1034,1011,846,978,1480,1822,698,957,158,1243,1272,2767,838,1149,1741,1269,514
M10 [CHILD IMMUNIZATION],10.1.05,Number of Infants (0 to 11 months old) received OPV 0 (Birth Dose),TOTAL,20025,245,703,217,1328,112,652,398,1002,910,239,479,597,504,905,2018,742,496,617,330,666,822,2361,684,613,1309,702,374
M10 [CHILD IMMUNIZATION],10.1.06,Number of Infants (0 to 11 months old) received OPV1 (First Dose),TOTAL,50566,1230,2597,1414,2674,536,1641,1172,3722,1666,407,2308,1180,1724,1448,2028,2483,1258,3006,1064,1521,1719,5486,1322,1337,2686,1859,1078
M10 [CHILD IMMUNIZATION],10.1.07,Number of Infants (0 to 11 months old) received OPV2 (Second Dose),TOTAL,51607,1137,2693,1309,2738,522,1748,1255,3968,1730,329,2620,1182,1640,1489,2169,2563,1208,2824,1138,1564,1687,5479,1239,1472,2919,1833,1152
M10 [CHILD IMMUNIZATION],10.1.08,Number of Infants (0 to 11 months old) received OPV3 (Third Dose),TOTAL,49178,1025,2647,1216,2756,518,1491,1160,3410,1721,343,2074,1310,1587,1430,2186,2596,1325,2351,1139,1545,1617,5110,1345,1470,2821,1868,1117
M10 [CHILD IMMUNIZATION],10.1.09A,Number of Infants (upto 48 hrs of age) received Hepatitis-B0 immunisation,TOTAL,14953,160,700,153,900,42,616,478,796,608,163,397,549,361,495,1690,536,214,366,181,524,705,1445,403,508,1151,514,298
M10 [CHILD IMMUNIZATION],10.1.09,Number of Infants (0 to 11 months old) received Hepatitis-B1 immunisation,TOTAL,2433,43,99,57,386,30,20,0,62,59,13,43,41,25,134,408,0,76,114,198,3,29,48,275,10,114,104,42
M10 [CHILD IMMUNIZATION],10.1.10,Number of Infants (0 to 11 months old) received Hepatitis-B2 immunisation,TOTAL,10623,253,678,507,879,162,259,67,1380,175,49,491,170,274,253,484,220,371,717,632,53,193,1094,169,150,433,303,207
M10 [CHILD IMMUNIZATION],10.1.11,Number of Infants (0 to 11 months old) received Hepatitis-B3 immunisation,TOTAL,23993,620,1469,1016,1553,485,777,254,2366,643,119,1122,444,792,443,770,945,827,1373,874,363,485,2613,496,513,1170,815,646
M10 [CHILD IMMUNIZATION],10.1.12,Number of Infants (0 to 11 months old) received Measles immunisation (First Dose),TOTAL,46728,967,2665,1282,2704,546,1516,1060,3297,1755,297,1815,1179,1229,1457,2079,2296,1328,1998,1208,1464,1672,4569,1112,1439,2756,2011,1027
M10 [CHILD IMMUNIZATION],10.1.12B,Number of Infants (more than 16 months old) received Measles immunisation (Second Dose),TOTAL,44121,806,2440,1236,2581,639,1564,902,2715,1598,243,1962,1126,1828,1268,1570,2447,1034,2094,846,1462,1722,4535,1072,1313,2401,1657,1060
M10 [CHILD IMMUNIZATION],10.1A,No. of Children aged 9 to 12 months who received JE 1st dose,TOTAL,26543,0,1949,0,15,0,1369,964,0,1558,0,1751,1115,39,1212,74,2285,0,0,0,1244,640,4532,949,1373,2822,1685,967
M10 [CHILD IMMUNIZATION],10.1.13.a,Total number of male children (9 to 11 months old) fully immunised (BCG+DPT123/Pentavalent123+OPV123+Measles) during the month,TOTAL,23923,513,1378,628,1357,270,798,529,1712,912,152,936,574,627,778,1061,1172,707,998,615,718,826,2294,580,769,1438,1058,523
M10 [CHILD IMMUNIZATION],10.1.13.b,Total number of female children (9 to 11 months old) fully immunised (BCG+DPT123/Pentavalent123+OPV123+Measles) during the month,TOTAL,22357,458,1282,654,1295,270,695,525,1586,843,145,845,578,592,674,984,1089,649,1005,581,719,841,2187,526,656,1271,921,486
M10 [CHILD IMMUNIZATION],10.1.13.c,Total number of children (9 to 11 months old) fully immunised (BCG+DPT123/Pentavalent123+OPV123+Measles) during the month (sum of items 10.1.13.a and 10.1.13.b),TOTAL,46280,971,2660,1282,2652,540,1493,1054,3298,1755,297,1781,1152,1219,1452,2045,2261,1356,2003,1196,1437,1667,4481,1106,1425,2709,1979,1009
M10 [CHILD IMMUNIZATION],10.2.1,Number of Infants (more than 16 months old) received DPT Booster dose,TOTAL,47113,927,2568,1313,2747,679,1582,962,2828,1725,243,2012,1184,1845,1465,1836,2462,1118,2177,1047,1462,1753,5002,1136,1466,2719,1771,1084
M10 [CHILD IMMUNIZATION],10.2.2,Number of Infants (more than 16 months old) received OPV Booster dose,TOTAL,46588,921,2516,1302,2669,655,1566,971,2816,1729,243,2014,1149,1847,1465,1799,2460,1117,2169,1046,1453,1689,4909,1136,1454,2683,1765,1045
M10 [CHILD IMMUNIZATION],10.2.3,"Number of Infants (more than 16 months old) received Measles, Mumps, Rubella (MMR) Vaccination",TOTAL,100,0,0,0,0,0,0,0,0,70,0,0,0,0,0,10,0,0,8,0,0,0,0,0,0,12,0,0
M10 [CHILD IMMUNIZATION],10.3.1.a,Total number of male children (12 to 23 months old) fully immunised (BCG+DPT123/Pentavalent123+OPV123+Measles) during the month,TOTAL,5570,45,200,30,181,115,109,82,708,107,101,479,55,77,24,182,245,112,516,175,73,224,988,56,234,327,55,70
M10 [CHILD IMMUNIZATION],10.3.1.b,Total number of female children (12 to 23 months old) fully immunised (BCG+DPT123/Pentavalent123+OPV123+Measles) during the month,TOTAL,5224,37,185,22,198,108,76,88,629,99,105,451,52,71,20,173,228,115,508,168,60,194,929,63,214,307,51,73
M10 [CHILD IMMUNIZATION],10.3.1.c,Total number of children (12 to 23 months old) fully immunised (BCG+DPT123+OPV123/Pentavalent123+Measles) during the month (sum of items 10.3.1.a and 10.3.1.b),TOTAL,10794,82,385,52,379,223,185,170,1337,206,206,930,107,148,44,355,473,227,1024,343,133,418,1917,119,448,634,106,143
M10 [CHILD IMMUNIZATION],10.3.2,Number of children (more than 5 years old) given DT5,TOTAL,19776,448,974,328,1705,238,540,278,828,781,95,506,556,679,945,1054,1142,476,762,325,730,905,1859,484,544,1306,781,507
M10 [CHILD IMMUNIZATION],10.3.3,Number of children (more than 10 years old) given TT10,TOTAL,16544,291,851,195,1570,168,489,220,710,503,122,354,493,709,802,832,784,565,944,359,590,744,1372,427,465,1209,511,265
M10 [CHILD IMMUNIZATION],10.3.4,Number of children (more than 16 years old) given TT16,TOTAL,12305,220,690,105,1170,135,415,137,512,259,94,273,314,576,592,595,552,481,730,317,437,555,932,330,305,1049,347,183
M10 [CHILD IMMUNIZATION],10.3.5.a,Number of cases of Abscess reported following immunisation [Adverse Event Following Immunisation (AEFI)],TOTAL,7,1,0,0,0,0,1,0,0,0,0,0,0,0,0,1,0,0,0,0,0,0,0,0,0,1,0,3
M10 [CHILD IMMUNIZATION],10.3.5.b,Number of cases of Death reported following immunisation [Adverse Event Following Immunisation (AEFI)],TOTAL,0,0,0,0,0,0,0,0,0,0,0,0,0,0,0,0,0,0,0,0,0,0,0,0,0,0,0,0
M10 [CHILD IMMUNIZATION],10.3.5.c,Number of cases of other complications reported following immunisation [Adverse Event Following Immunisation (AEFI)],TOTAL,396,23,0,0,0,0,105,4,0,0,48,0,0,0,5,100,0,0,0,0,0,0,0,37,0,0,0,74
M10 [CHILD IMMUNIZATION],10.4.1,Number of Immunisation sessions planned to be held during the month,TOTAL,27493,808,1288,611,1548,461,886,676,1499,1001,388,898,1180,666,1008,672,1045,1105,1136,948,1268,907,2126,747,1151,1697,1009,764
M10 [CHILD IMMUNIZATION],10.4.2,Number of Immunisation sessions held during the month,TOTAL,26792,774,1262,602,1478,442,868,646,1424,990,362,876,1171,657,1005,661,1032,1075,1083,915,1194,885,2092,744,1114,1687,997,756
M10 [CHILD IMMUNIZATION],10.4.3,Number of Immunisation sessions held during the month where ASHAs were present,TOTAL,26096,774,1260,561,1455,442,832,645,1327,962,341,841,1142,609,936,658,1030,1062,1008,903,1195,877,2081,695,1073,1657,975,755
M10 [CHILD IMMUNIZATION],10.5.1,Number of children (more than 16 months old) received Japanese Encephalitis (JE) vaccination,TOTAL,24950,0,1609,0,22,0,1148,796,0,1495,0,1288,1094,0,1240,0,2473,250,0,26,1221,739,4532,529,1174,2651,1599,1064
M11 [Number of Vitamin A doses],11.1.1,Number of children (9 months to 5 years old) administered 1st dose of Vitamin A (Dose-1),TOTAL,38397,917,2165,1062,2438,471,1199,480,2982,1273,297,1770,1064,1061,1213,1124,1896,1189,1885,1118,1304,1306,4151,803,1210,1813,1390,816
M11 [Number of Vitamin A doses],11.1.2,Number of children (9 months to 5 years old) were administered 5th dose of Vitamin A (Dose-5),TOTAL,9557,183,475,155,718,78,413,70,765,245,70,245,289,213,368,427,519,158,423,252,391,350,1239,114,446,466,292,193
M11 [Number of Vitamin A doses],11.1.3,Number of children (9 months to 5 years old) administered 9th dose of Vitamin A (Dose-9),TOTAL,10705,267,539,116,823,143,431,61,573,439,58,281,285,346,475,478,673,226,393,194,312,443,1254,281,296,503,496,319
M12 [Number of cases of Childhood Diseases reported during the month0-5 years:],12.1,Number of cases of Diptheria reported in children below 5 years of age,TOTAL,0,0,0,0,0,0,0,0,0,0,0,0,0,0,0,0,0,0,0,0,0,0,0,0,0,0,0,0
M12 [Number of cases of Childhood Diseases reported during the month0-5 years:],12.2,Number of cases of Pertusis reported in children below 5 years of age,TOTAL,0,0,0,0,0,0,0,0,0,0,0,0,0,0,0,0,0,0,0,0,0,0,0,0,0,0,0,0
M12 [Number of cases of Childhood Diseases reported during the month0-5 years:],12.3,Number of cases of Tetanus neonatarum reported in children below 5 years of age,TOTAL,0,0,0,0,0,0,0,0,0,0,0,0,0,0,0,0,0,0,0,0,0,0,0,0,0,0,0,0
M12 [Number of cases of Childhood Diseases reported during the month0-5 years:],12.4,Number of cases of Tetanus other than neonatarum reported in children below 5 years of age,TOTAL,0,0,0,0,0,0,0,0,0,0,0,0,0,0,0,0,0,0,0,0,0,0,0,0,0,0,0,0
M12 [Number of cases of Childhood Diseases reported during the month0-5 years:],12.5,Number of cases of Polio reported in children below 5 years of age,TOTAL,0,0,0,0,0,0,0,0,0,0,0,0,0,0,0,0,0,0,0,0,0,0,0,0,0,0,0,0
M12 [Number of cases of Childhood Diseases reported during the month0-5 years:],12.6,Number of cases of Measles reported in children below 5 years of age,TOTAL,288,10,0,0,8,0,6,8,38,5,2,6,25,2,0,0,6,6,70,5,5,0,20,31,17,1,5,12
M12 [Number of cases of Childhood Diseases reported during the month0-5 years:],12.7,Number of cases of Diarrhoea and Dehydration reported in children below 5 years of age,TOTAL,7924,105,134,19,218,169,482,382,615,245,292,143,182,435,256,242,165,261,605,97,354,278,533,361,284,150,702,215
M12 [Number of cases of Childhood Diseases reported during the month0-5 years:],12.8,Number of cases of Malaria reported in children below 5 years of age,TOTAL,154,0,0,0,0,14,0,0,0,0,13,11,0,0,0,1,0,11,3,1,0,0,19,2,0,0,5,74
M12 [Number of cases of Childhood Diseases reported during the month0-5 years:],12.9,Number of children below 5 years of age admitted with Respiratory Infections,TOTAL,3159,17,52,0,5,109,447,23,436,0,67,65,56,107,28,271,0,98,15,14,26,20,64,475,2,28,551,183
M13 [Blindness Control Programme],13.1,Number of Patients operated for cataract,TOTAL,2037,0,0,0,52,0,74,1,52,13,7,104,85,0,198,202,98,0,143,158,72,73,117,176,157,28,158,69
M13 [Blindness Control Programme],13.2,Number of Intraocular Lens(IOL) implantations,TOTAL,1545,0,0,0,52,0,0,1,52,13,7,102,85,0,149,12,85,0,132,158,72,72,116,176,143,19,22,77
M13 [Blindness Control Programme],13.3,Number of School children detected with Refractive errors,TOTAL,1885,0,33,0,0,0,13,52,9,6,16,8,12,0,0,0,66,601,0,0,34,2,127,33,22,62,685,104
M13 [Blindness Control Programme],13.4,Number of children provided free glasses,TOTAL,959,0,25,0,0,0,0,38,48,6,0,0,0,0,0,0,66,565,0,0,47,0,56,31,6,0,49,22
M13 [Blindness Control Programme],13.5,Number of eyes collected through eye donation,TOTAL,0,0,0,NA,0,0,0,0,0,0,0,0,0,0,0,0,0,0,0,0,0,0,0,0,0,0,0,0
M13 [Blindness Control Programme],13.6,Number of eyes utilised for corneal transplant,TOTAL,0,0,0,NA,0,0,0,0,0,0,0,0,0,0,0,0,0,0,0,0,0,0,0,0,0,0,0,0
M14 [Patient Services],14.01,Number of CHC or SDH or DH functioning as First Referral units (FRUs),TOTAL,53,1,2,3,1,NA,3,NA,3,2,1,1,1,NA,2,2,7,NA,1,2,2,1,5,2,4,3,4,NA
M14 [Patient Services],14.02,Number of PHCs functioning 24X7 with atleast 3 Staff Nurses,TOTAL,396,17,9,16,22,5,11,14,18,12,7,23,22,7,21,8,17,12,10,21,17,12,25,14,15,18,14,9
M14 [Patient Services],14.03,Number of Anganwadi centres reported to have conducted VHNDs,TOTAL,23241,721,978,546,1394,411,676,662,1241,875,189,577,1018,579,705,198,1463,860,998,779,1028,843,1988,525,899,1533,866,689
M14 [Patient Services],14.04,Number of facilities having a Rogi Kalyan Samiti (RKS),TOTAL,135,3,5,4,2,3,4,5,6,4,3,6,5,3,4,2,13,6,2,2,9,5,9,8,4,8,7,3
M14 [Patient Services],14.05,Number of RKS meetings held during the month,TOTAL,342,26,8,13,4,12,11,7,20,3,4,10,17,6,16,9,25,6,10,20,5,20,13,10,20,20,19,8
M14 [Patient Services],14.06,Number of facilities having Ambulance services (Assured Referral Services),TOTAL,580,28,15,16,25,13,19,14,23,17,9,22,27,10,21,10,24,26,17,19,32,21,26,23,27,45,18,33
M14 [Patient Services],14.07,Total Number of times the Ambulance was used for transporting patients during the month,TOTAL,5904,236,81,60,324,166,75,27,633,72,29,210,466,224,62,22,211,197,187,222,268,339,119,93,665,397,247,272
M14 [Patient Services],14.08,Number of Institutions having Operational Sick New Born and Child Care Units (SNCU),TOTAL,24,NA,NA,1,NA,NA,1,1,1,2,NA,1,1,1,2,1,1,NA,1,2,1,1,1,1,1,2,1,NA
M14 [Patient Services],14.09,Number of functional Laproscopes in CHC/SDH/DH,TOTAL,25,0,1,NA,0,0,1,0,1,0,0,0,0,3,3,0,0,1,1,0,5,2,1,1,3,1,1,0
M14 [Patient Services],14.09.a,Health Facility Services/Patient Services/Stock out rate of essential Drugs,TOTAL,NA,NA,NA,NA,NA,NA,NA,NA,NA,NA,NA,NA,NA,NA,NA,NA,NA,NA,NA,NA,NA,NA,NA,NA,NA,NA,NA,NA
M14 [Patient Services],14.09.b,Health Facility Services/Patient Services/Blood Units Issued on replacement,TOTAL,NA,NA,NA,NA,NA,NA,NA,NA,NA,NA,NA,NA,NA,NA,NA,NA,NA,NA,NA,NA,NA,NA,NA,NA,NA,NA,NA,NA
M14 [Patient Services],14.09.c,Health Facility Services/Patient Services/Total no. of blood units issued in year,TOTAL,NA,NA,NA,NA,NA,NA,NA,NA,NA,NA,NA,NA,NA,NA,NA,NA,NA,NA,NA,NA,NA,NA,NA,NA,NA,NA,NA,NA
M14 [Patient Services],14.10.1.a,Number of male patients admitted (Inpatients) during the month,1. Children,7842,27,443,38,97,2,484,102,439,479,124,219,485,169,653,451,166,140,342,82,473,616,245,329,310,572,263,92
M14 [Patient Services],14.10.1.a,Number of male patients admitted (Inpatients) during the month,2. Adults,32151,279,819,233,2200,22,1522,352,1174,3360,321,529,1148,807,2067,4623,423,743,778,612,1260,913,1890,575,1781,1648,1581,491
M14 [Patient Services],14.10.1.b,Number of female patients (Inpatients) admitted during the month,1. Children,8507,54,562,64,132,2,507,62,544,614,109,163,525,221,519,781,223,170,380,74,364,574,426,263,298,506,257,113
M14 [Patient Services],14.10.1.b,Number of female patients (Inpatients) admitted during the month,2. Adults,50138,990,1108,558,4001,91,2351,602,3076,3535,543,1741,1791,1546,2620,3829,956,1957,1376,1233,1714,1571,3053,1159,2961,3300,1694,782
M14 [Patient Services],14.10.1.c,Total number of patients admitted (Inpatients) during the month (sum of items 14.10.1.a and 14.10.1.b),1. Children,16349,81,1005,102,229,4,991,164,983,1093,233,382,1010,390,1172,1232,389,310,722,156,837,1190,671,592,608,1078,520,205
M14 [Patient Services],14.10.1.c,Total number of patients admitted (Inpatients) during the month (sum of items 14.10.1.a and 14.10.1.b),2. Adults,82289,1269,1927,791,6201,113,3873,954,4250,6895,864,2270,2939,2353,4687,8452,1379,2700,2154,1845,2974,2484,4943,1734,4742,4948,3275,1273
M14 [Patient Services],14.10.2.a,Number of death cases of Inpatient males,TOTAL,352,0,49,0,0,0,13,19,35,0,10,18,22,11,23,2,0,14,28,19,0,7,28,10,19,6,14,5
M14 [Patient Services],14.10.2.b,Number of death cases of Inpatient females,TOTAL,249,0,23,1,6,0,11,8,23,0,7,12,18,8,29,0,0,13,15,6,1,5,25,6,18,5,5,4
M14 [Patient Services],14.10.2.c,Number of cases of death of Inpatients (sum of items 14.10.2.a and 14.10.2.b),TOTAL,601,0,72,1,6,0,24,27,58,0,17,30,40,19,52,2,0,27,43,25,1,12,53,16,37,11,19,9
M14 [Patient Services],14.11,In-Patient Head Count at midnight,TOTAL,46915,56,2637,0,409,0,2451,3436,156,116,3166,4968,24,1402,119,4508,738,5843,2299,290,259,3116,859,3858,2210,3147,78,770
M14 [Patient Services],14.12.1,OPD attendance (All),TOTAL,2478751,60329,113737,63526,102841,28538,63716,51168,151371,173341,17329,82678,92925,33415,92956,121438,124372,48775,59323,42719,79787,80869,151849,77073,139804,195606,143123,86143
M14 [Patient Services],14.13.1,Number of major operations carried out using general or spinal anaesthesia,TOTAL,2967,0,463,NA,142,0,68,146,4,62,63,210,48,0,175,144,188,17,132,96,135,114,94,22,164,257,223,0
M14 [Patient Services],14.13.1A,"Out of 14.13.1,Gynecology- Hysterectomy surgeries",TOTAL,163,0,9,NA,76,0,1,0,2,6,1,0,3,0,0,0,0,6,0,9,8,3,4,0,2,24,9,0
M14 [Patient Services],14.13.1.B,"Patient Services/Operation major (General and spinal anaesthesia)/Major Surgeries excluding Obstetrics, Gynaecology and Opthalmology etc",TOTAL,NA,NA,NA,NA,NA,NA,NA,NA,NA,NA,NA,NA,NA,NA,NA,NA,NA,NA,NA,NA,NA,NA,NA,NA,NA,NA,NA,NA
M14 [Patient Services],14.13.2,Number of minor operations carried out without anaesthesia or using local anaesthesia,TOTAL,2099,0,60,25,13,0,17,10,73,12,43,26,25,8,98,119,122,7,1078,33,58,0,18,23,64,26,114,27
M14 [Patient Services],14.13.3,Health Facility Services/Patient Services/Number of post operative Surgical Site infection,TOTAL,NA,NA,NA,NA,NA,NA,NA,NA,NA,NA,NA,NA,NA,NA,NA,NA,NA,NA,NA,NA,NA,NA,NA,NA,NA,NA,NA,NA
M14 [Patient Services],14.14.a,Number of patients given AYUSH treatment,TOTAL,57404,5538,0,146,81,366,2149,4049,459,2091,693,13260,1852,212,850,3523,4809,787,893,400,257,0,82,11374,1370,1574,131,458
M14 [Patient Services],14.14.b,Number of patients on whom Dental Procedure was conducted,TOTAL,11335,113,142,131,218,0,300,324,396,0,40,1005,615,0,420,739,938,258,732,307,520,182,166,1492,990,736,457,114
M14 [Patient Services],14.14.c,Number of Adolescents counselled,TOTAL,1296,51,87,0,0,210,161,0,0,0,15,95,117,0,0,8,139,32,0,0,0,0,0,0,0,0,381,0
M15 [Laboratory Testing],15.1.a,Health Facility Services/Laboratory Testing/Total Number of lab Tests Done,TOTAL,NA,NA,NA,NA,NA,NA,NA,NA,NA,NA,NA,NA,NA,NA,NA,NA,NA,NA,NA,NA,NA,NA,NA,NA,NA,NA,NA,NA
M15 [Laboratory Testing],15.1.1.a,Number of Haemoglobin (Hb) tests conducted,TOTAL,147565,4050,8228,2841,13756,722,2374,3762,9974,5984,352,6185,5159,4501,4819,5891,10826,1917,4703,2152,6509,5556,9142,5019,2970,11303,6233,2637
M15 [Laboratory Testing],15.1.1.b,"Out of the total number of Hb tests conducted, number of cases having Hb less than 7gm/dl",TOTAL,2470,10,40,20,553,4,121,22,85,195,19,19,37,92,51,56,35,32,50,105,135,25,105,45,85,280,210,39
M15 [Laboratory Testing],15.1.2.a,Number of HIV tests conducted on males,1. Number tested,4464,50,116,289,23,0,42,294,54,34,50,115,188,0,270,182,353,53,273,169,384,78,397,210,219,446,155,20
M15 [Laboratory Testing],15.1.2.a,Number of HIV tests conducted on males,2. Number Positive,31,0,3,0,1,0,0,0,0,0,1,0,1,0,5,0,2,1,5,1,1,2,5,0,1,1,1,0
M15 [Laboratory Testing],15.1.2.b,Number of HIV tests conducted on Female-Non ANC (i.e. non pregnant females),1. Number tested,4316,118,111,162,16,0,250,163,200,30,99,248,89,0,221,190,178,75,49,201,31,176,670,231,224,382,173,29
M15 [Laboratory Testing],15.1.2.b,Number of HIV tests conducted on Female-Non ANC (i.e. non pregnant females),2. Number Positive,31,0,1,1,0,0,0,0,0,0,2,0,0,0,2,0,0,1,4,2,1,1,4,0,0,1,11,0
M15 [Laboratory Testing],15.1.2.c,Number of HIV tests conducted on Female with ANC (i.e. pregnant females),1. Number tested,18113,149,697,580,719,0,596,735,412,693,161,633,678,0,635,1079,1883,328,462,588,1069,681,1645,638,665,1694,527,166
M15 [Laboratory Testing],15.1.2.c,Number of HIV tests conducted on Female with ANC (i.e. pregnant females),2. Number Positive,8,0,1,0,2,0,0,0,0,0,0,0,0,0,0,0,1,0,2,0,0,1,1,0,0,0,0,0
M15 [Laboratory Testing],15.1.2.d,Total number of HIV tests conducted (sum of items 15.1.2.a to 15.1.2.c),1. Number tested,26893,317,924,1031,758,0,888,1192,666,757,310,996,955,0,1126,1451,2414,456,784,958,1484,935,2712,1079,1108,2522,855,215
M15 [Laboratory Testing],15.1.2.d,Total number of HIV tests conducted (sum of items 15.1.2.a to 15.1.2.c),2. Number Positive,70,0,5,1,3,0,0,0,0,0,3,0,1,0,7,0,3,2,11,3,2,4,10,0,1,2,12,0
M15 [Laboratory Testing],15.2,Number of Widal tests conducted,Number tested,7178,137,226,38,84,323,148,590,140,15,75,486,167,157,168,392,652,228,168,158,533,273,241,569,191,511,27,481
M15 [Laboratory Testing],15.3.a,Number of VDRL tests conducted on males,Number tested,1289,15,3,19,128,1,7,133,13,34,0,4,0,0,6,5,30,15,93,81,367,60,93,115,0,22,45,0
M15 [Laboratory Testing],15.3.b,Number of VDRL tests conducted on Female-Non ANC (i.e. non pregnant females),Number tested,2205,14,166,1,48,3,228,127,176,30,1,0,0,0,168,14,9,55,212,185,8,0,194,226,0,172,142,26
M15 [Laboratory Testing],15.3.c,Number of VDRL tests conducted on Female with ANC (i.e. pregnant females),Number tested,14533,26,798,383,664,5,351,793,357,315,29,618,405,8,1175,1068,2320,134,435,55,663,392,940,584,39,1358,342,276
M15 [Laboratory Testing],15.3.d,Total number of VDRL tests conducted (sum of items 15.3.a to 15.3.c),Number tested,18027,55,967,403,840,9,586,1053,546,379,30,622,405,8,1349,1087,2359,204,740,321,1038,452,1227,925,39,1552,529,302
M15 [Laboratory Testing],15.4.1,Number of blood smears examined for Malaria,TOTAL,191728,6783,7226,10576,9412,2953,2527,4291,9286,9525,1261,6288,8584,4697,4571,4146,18588,5887,3840,6333,8648,9932,10932,5512,6910,11789,6024,5207
M15 [Laboratory Testing],15.4.2,"Out of blood smears examined for malaria, number of blood smears tested positive for Plasmodium Vivax",TOTAL,3370,12,3,1,227,7,0,2,2,2195,9,6,0,2,1,6,2,20,6,337,0,2,443,0,0,12,3,72
M15 [Laboratory Testing],15.4.3,"Out of blood smears examined for malaria, number of blood smears tested positive for Plasmodium Falciparum",TOTAL,770,29,2,1,3,28,0,1,12,0,39,82,5,15,5,3,8,223,5,18,13,4,7,1,0,31,4,231
M16 [Stock Position (During the month)],16.1.1,Stock position of DPT vaccines,1. Balance From Previous Month,328584,500,14230,6200,13260,4000,19910,9490,14500,4369,NA,19080,7500,4175,NA,20890,NA,6320,22500,30670,32800,1197,27600,15101,4158,NA,6484,43650
M16 [Stock Position (During the month)],16.1.1,Stock position of DPT vaccines,2. Stocks Received,209500,15000,8000,10000,20000,4000,0,10000,30000,0,NA,25000,15000,500,NA,0,NA,10000,0,15000,5000,0,30000,5000,1000,NA,1000,5000
M16 [Stock Position (During the month)],16.1.1,Stock position of DPT vaccines,3. Unusable Stock,0,0,NA,NA,NA,NA,NA,0,NA,0,NA,0,NA,0,NA,NA,NA,NA,0,0,0,0,NA,0,0,NA,0,NA
M16 [Stock Position (During the month)],16.1.1,Stock position of DPT vaccines,4. Stock Distributed,126602,9950,8250,3700,11200,1500,8500,2000,18500,255,NA,10500,6000,875,NA,2680,NA,3200,6000,7750,8500,314,8500,3393,459,NA,576,4000
M16 [Stock Position (During the month)],16.1.1,Stock position of DPT vaccines,5. Total Stock,411482,5550,13980,12500,22060,6500,11410,17490,26000,4114,0,33580,16500,3800,0,18210,0,13120,16500,37920,29300,883,49100,16708,4699,0,6908,44650
M16 [Stock Position (During the month)],16.1.1A,Stock Position of Pentavalent,1. Balance From Previous Month,94318,2500,3190,8400,NA,1210,14500,7800,NA,762,NA,4800,0,NA,NA,0,NA,13390,13000,NA,11500,490,9300,NA,0,NA,1476,2000
M16 [Stock Position (During the month)],16.1.1A,Stock Position of Pentavalent,2. Stocks Received,89400,6000,9000,9000,NA,6000,0,9000,NA,0,NA,12000,0,NA,NA,0,NA,3000,9000,NA,9000,600,9000,NA,900,NA,900,6000
M16 [Stock Position (During the month)],16.1.1A,Stock Position of Pentavalent,3. Unusable Stock,0,0,NA,NA,NA,NA,NA,0,NA,0,NA,0,NA,NA,NA,0,NA,NA,0,NA,0,0,NA,NA,0,NA,0,NA
M16 [Stock Position (During the month)],16.1.1A,Stock Position of Pentavalent,4. Stock Distributed,76196,8150,11200,1600,NA,3380,5500,4000,NA,302,NA,7500,0,NA,NA,0,NA,4860,8000,NA,8500,441,8100,NA,523,NA,640,3500
M16 [Stock Position (During the month)],16.1.1A,Stock Position of Pentavalent,5. Total Stock,107522,350,990,15800,0,3830,9000,12800,0,460,0,9300,0,0,0,0,0,11530,14000,0,12000,649,10200,0,377,0,1736,4500
M16 [Stock Position (During the month)],16.1.2,Stock position of OPV vaccines,1. Balance From Previous Month,636497,1700,9720,5500,5520,3830,28300,4300,28500,2297,NA,4060,9500,1025,NA,20640,NA,17060,15500,22380,381740,317,51540,11361,687,NA,2270,8750
M16 [Stock Position (During the month)],16.1.2,Stock position of OPV vaccines,2. Stocks Received,394900,20000,20000,30000,30000,3000,16300,20000,30000,0,NA,40000,20000,500,NA,0,NA,14500,40000,20000,16000,800,40000,20000,800,NA,1000,12000
M16 [Stock Position (During the month)],16.1.2,Stock position of OPV vaccines,3. Unusable Stock,0,0,NA,NA,NA,NA,NA,0,NA,0,NA,0,NA,0,NA,0,NA,NA,0,0,0,0,NA,0,0,NA,0,NA
M16 [Stock Position (During the month)],16.1.2,Stock position of OPV vaccines,4. Stock Distributed,262196,17700,21300,13500,22500,3160,0,7000,27000,1791,NA,20500,16500,975,NA,11180,NA,9440,27000,14400,13000,409,9900,10816,490,NA,1475,12160
M16 [Stock Position (During the month)],16.1.2,Stock position of OPV vaccines,5. Total Stock,769201,4000,8420,22000,13020,3670,44600,17300,31500,506,0,23560,13000,550,0,9460,0,22120,28500,27980,384740,708,81640,20545,997,0,1795,8590
M16 [Stock Position (During the month)],16.1.3,Stock position of TT vaccines,1. Balance From Previous Month,321332,0,2010,7500,8500,5000,33610,4500,13750,1301,NA,34800,8000,4665,NA,20050,NA,28180,23500,20350,30000,1046,10980,14239,984,NA,2067,46300
M16 [Stock Position (During the month)],16.1.3,Stock position of TT vaccines,2. Stocks Received,189500,15000,10000,10000,20000,0,0,10000,25000,0,NA,22500,12500,0,NA,0,NA,0,10000,12000,0,500,20000,10000,1000,NA,1000,10000
M16 [Stock Position (During the month)],16.1.3,Stock position of TT vaccines,3. Unusable Stock,0,0,NA,NA,NA,NA,NA,0,NA,0,NA,0,NA,0,NA,NA,NA,NA,0,0,0,0,NA,0,0,NA,0,NA
M16 [Stock Position (During the month)],16.1.3,Stock position of TT vaccines,4. Stock Distributed,145247,11000,10150,2100,12400,1800,5350,4000,24250,474,NA,10500,6500,1780,NA,5370,NA,8200,9000,9450,5500,290,8280,3995,529,NA,1329,3000
M16 [Stock Position (During the month)],16.1.3,Stock position of TT vaccines,5. Total Stock,365585,4000,1860,15400,16100,3200,28260,10500,14500,827,0,46800,14000,2885,0,14680,0,19980,24500,22900,24500,1256,22700,20244,1455,0,1738,53300
M16 [Stock Position (During the month)],16.1.4,Stock position of DT vaccines,1. Balance From Previous Month,2920,0,NA,NA,0,NA,2920,0,0,NA,NA,NA,0,0,NA,0,NA,NA,0,0,0,NA,NA,NA,0,NA,0,NA
M16 [Stock Position (During the month)],16.1.4,Stock position of DT vaccines,2. Stocks Received,0,0,NA,NA,0,NA,NA,0,0,NA,NA,NA,0,0,NA,0,NA,NA,0,0,0,NA,NA,NA,0,NA,0,NA
M16 [Stock Position (During the month)],16.1.4,Stock position of DT vaccines,3. Unusable Stock,0,0,NA,NA,NA,NA,NA,0,NA,NA,NA,NA,NA,0,NA,0,NA,NA,0,0,0,NA,NA,NA,0,NA,0,NA
M16 [Stock Position (During the month)],16.1.4,Stock position of DT vaccines,4. Stock Distributed,0,0,NA,NA,0,NA,NA,0,0,NA,NA,NA,0,0,NA,0,NA,NA,0,0,0,NA,NA,NA,0,NA,0,NA
M16 [Stock Position (During the month)],16.1.4,Stock position of DT vaccines,5. Total Stock,2920,0,0,0,0,0,2920,0,0,0,0,0,0,0,0,0,0,0,0,0,0,0,0,0,0,0,0,0
M16 [Stock Position (During the month)],16.1.5,Stock position of BCG vaccines,1. Balance From Previous Month,189360,0,4760,5250,8800,3850,18370,14050,10000,3055,NA,9680,0,1950,NA,6800,NA,12160,17750,10750,16900,387,40050,3380,543,NA,375,500
M16 [Stock Position (During the month)],16.1.5,Stock position of BCG vaccines,2. Stocks Received,158300,8000,8000,5000,16000,4000,0,10000,15000,0,NA,20000,8000,700,NA,0,NA,7000,10000,10000,8000,800,10000,10000,800,NA,1000,6000
M16 [Stock Position (During the month)],16.1.5,Stock position of BCG vaccines,3. Unusable Stock,0,0,NA,NA,NA,NA,NA,0,NA,0,NA,0,NA,0,NA,0,NA,NA,0,0,0,0,NA,0,0,NA,0,NA
M16 [Stock Position (During the month)],16.1.5,Stock position of BCG vaccines,4. Stock Distributed,117345,8000,8300,3800,6400,3220,1420,3500,15000,255,NA,7000,5500,950,NA,5140,NA,5350,8000,9130,8500,357,7000,3760,378,NA,885,5500
M16 [Stock Position (During the month)],16.1.5,Stock position of BCG vaccines,5. Total Stock,230315,0,4460,6450,18400,4630,16950,20550,10000,2800,0,22680,2500,1700,0,1660,0,13810,19750,11620,16400,830,43050,9620,965,0,490,1000
M16 [Stock Position (During the month)],16.1.6,Stock position of Measles vaccines,1. Balance From Previous Month,157256,1750,4030,4400,925,6700,18160,6770,5250,2538,NA,5500,0,2025,NA,6340,NA,9270,15750,14420,10250,1270,13730,6385,1624,NA,3669,16500
M16 [Stock Position (During the month)],16.1.6,Stock position of Measles vaccines,2. Stocks Received,73500,0,0,5000,10000,2500,0,0,15000,0,NA,10000,0,0,NA,0,NA,5000,5000,5000,0,1000,15000,0,0,NA,0,0
M16 [Stock Position (During the month)],16.1.6,Stock position of Measles vaccines,3. Unusable Stock,0,0,NA,NA,NA,NA,NA,0,NA,0,NA,0,NA,0,NA,0,NA,NA,0,0,0,0,NA,0,0,NA,0,NA
M16 [Stock Position (During the month)],16.1.6,Stock position of Measles vaccines,4. Stock Distributed,72869,1750,3850,3350,5750,2000,4250,2500,3350,615,NA,6000,0,975,NA,2985,NA,3675,9250,3320,6000,485,4100,3145,743,NA,1526,3250
M16 [Stock Position (During the month)],16.1.6,Stock position of Measles vaccines,5. Total Stock,157887,0,180,6050,5175,7200,13910,4270,16900,1923,0,9500,0,1050,0,3355,0,10595,11500,16100,4250,1785,24630,3240,881,0,2143,13250
M16 [Stock Position (During the month)],16.1.7,Stock position of JE vaccines,1. Balance From Previous Month,476646,270000,6350,43000,0,0,7400,1210,0,1381,NA,6600,200,0,NA,0,NA,24500,25000,0,32900,468,21450,6205,1130,NA,552,28300
M16 [Stock Position (During the month)],16.1.7,Stock position of JE vaccines,2. Stocks Received,200000,0,2500,70000,0,60000,0,5000,0,0,NA,15000,5000,3500,NA,0,NA,10000,0,0,10000,1000,5000,5000,1000,NA,2000,5000
M16 [Stock Position (During the month)],16.1.7,Stock position of JE vaccines,3. Unusable Stock,0,0,NA,NA,NA,NA,NA,0,NA,0,NA,0,NA,0,NA,0,NA,NA,0,0,0,0,NA,NA,0,NA,0,NA
M16 [Stock Position (During the month)],16.1.7,Stock position of JE vaccines,4. Stock Distributed,393942,226000,4550,43500,0,40000,6000,2210,0,705,NA,6000,4200,150,NA,0,NA,23000,25000,0,250,250,3900,3550,581,NA,1346,2750
M16 [Stock Position (During the month)],16.1.7,Stock position of JE vaccines,5. Total Stock,282704,44000,4300,69500,0,20000,1400,4000,0,676,0,15600,1000,3350,0,0,0,11500,0,0,42650,1218,22550,7655,1549,0,1206,30550
M16 [Stock Position (During the month)],16.1.8,Stock position of Hepatitis B vaccines,1. Balance From Previous Month,233139,0,8760,13100,15700,1760,12000,6250,2000,3046,NA,6940,9000,3200,NA,16450,NA,8990,28500,30970,13830,36,20000,22250,3042,NA,1915,5400
M16 [Stock Position (During the month)],16.1.8,Stock position of Hepatitis B vaccines,2. Stocks Received,151500,10000,8000,10000,10000,0,0,10000,30000,0,NA,12500,12500,500,NA,0,NA,4000,0,12000,5000,1000,20000,0,0,NA,1000,5000
M16 [Stock Position (During the month)],16.1.8,Stock position of Hepatitis B vaccines,3. Unusable Stock,0,0,NA,NA,NA,NA,NA,0,NA,0,NA,0,NA,0,NA,0,NA,NA,0,0,0,0,NA,0,0,NA,0,NA
M16 [Stock Position (During the month)],16.1.8,Stock position of Hepatitis B vaccines,4. Stock Distributed,111321,9550,8300,2000,9700,0,5500,2000,15400,423,NA,9500,5000,375,NA,4100,NA,4550,6500,8000,6000,180,10000,0,242,NA,501,3500
M16 [Stock Position (During the month)],16.1.8,Stock position of Hepatitis B vaccines,5. Total Stock,273318,450,8460,21100,16000,1760,6500,14250,16600,2623,0,9940,16500,3325,0,12350,0,8440,22000,34970,12830,856,30000,22250,2800,0,2414,6900
M16 [Stock Position (During the month)],16.2.1,Stock Position of IU 380 A (to be used for Family Planning),1. Balance From Previous Month,5805,0,881,NA,1840,NA,0,1605,0,0,NA,0,0,0,NA,NA,NA,179,350,0,0,NA,NA,NA,0,NA,950,0
M16 [Stock Position (During the month)],16.2.1,Stock Position of IU 380 A (to be used for Family Planning),2. Stocks Received,0,0,0,NA,0,NA,NA,0,0,0,NA,0,0,0,NA,NA,NA,0,0,0,0,NA,NA,NA,0,NA,0,NA
M16 [Stock Position (During the month)],16.2.1,Stock Position of IU 380 A (to be used for Family Planning),3. Unusable Stock,0,0,NA,NA,NA,NA,NA,0,NA,0,NA,0,NA,0,NA,NA,NA,NA,0,0,0,NA,NA,NA,0,NA,0,NA
M16 [Stock Position (During the month)],16.2.1,Stock Position of IU 380 A (to be used for Family Planning),4. Stock Distributed,1028,0,200,NA,300,NA,NA,500,0,0,NA,0,0,0,NA,NA,NA,28,0,0,0,NA,NA,NA,0,NA,0,NA
M16 [Stock Position (During the month)],16.2.1,Stock Position of IU 380 A (to be used for Family Planning),5. Total Stock,4777,0,681,0,1540,0,0,1105,0,0,0,0,0,0,0,0,0,151,350,0,0,0,0,0,0,0,950,0
M16 [Stock Position (During the month)],16.2.2,Stock Position of Condoms (to be used for Family Planning),1. Balance From Previous Month,119714,0,0,NA,0,540,9000,2760,0,29820,NA,15940,0,12560,NA,NA,NA,5054,0,5800,0,0,NA,NA,0,NA,19860,18380
M16 [Stock Position (During the month)],16.2.2,Stock Position of Condoms (to be used for Family Planning),2. Stocks Received,49360,0,0,NA,0,NA,NA,40320,0,0,NA,0,4000,0,NA,NA,NA,0,5040,0,0,0,NA,NA,0,NA,0,NA
M16 [Stock Position (During the month)],16.2.2,Stock Position of Condoms (to be used for Family Planning),3. Unusable Stock,0,0,NA,NA,NA,NA,NA,0,NA,0,NA,0,NA,0,NA,NA,NA,NA,0,0,0,0,NA,NA,0,NA,0,NA
M16 [Stock Position (During the month)],16.2.2,Stock Position of Condoms (to be used for Family Planning),4. Stock Distributed,18414,0,0,NA,0,NA,NA,2000,0,0,NA,2140,3500,0,NA,NA,NA,5054,0,5300,0,0,NA,NA,0,NA,420,NA
M16 [Stock Position (During the month)],16.2.2,Stock Position of Condoms (to be used for Family Planning),5. Total Stock,150660,0,0,0,0,540,9000,41080,0,29820,0,13800,500,12560,0,0,0,0,5040,500,0,0,0,0,0,0,19440,18380
M16 [Stock Position (During the month)],16.2.3,Stock Position of Oral Contraceptive (to be used for Family Planning),1. Balance From Previous Month,262716,0,10700,NA,135940,NA,0,4399,0,0,NA,18300,1000,0,NA,NA,NA,71800,0,1900,0,0,NA,NA,0,NA,14477,4200
M16 [Stock Position (During the month)],16.2.3,Stock Position of Oral Contraceptive (to be used for Family Planning),2. Stocks Received,16000,0,0,NA,0,NA,NA,10000,0,0,NA,0,6000,0,NA,NA,NA,0,0,0,0,0,NA,NA,0,NA,0,NA
M16 [Stock Position (During the month)],16.2.3,Stock Position of Oral Contraceptive (to be used for Family Planning),3. Unusable Stock,0,0,NA,NA,NA,NA,NA,0,NA,0,NA,0,NA,0,NA,NA,NA,NA,0,0,0,0,NA,NA,0,NA,0,NA
M16 [Stock Position (During the month)],16.2.3,Stock Position of Oral Contraceptive (to be used for Family Planning),4. Stock Distributed,28100,0,6000,NA,3400,NA,NA,1800,0,0,NA,9200,6000,0,NA,NA,NA,0,0,1700,0,0,NA,NA,0,NA,0,NA
M16 [Stock Position (During the month)],16.2.3,Stock Position of Oral Contraceptive (to be used for Family Planning),5. Total Stock,250616,0,4700,0,132540,0,0,12599,0,0,0,9100,1000,0,0,0,0,71800,0,200,0,0,0,0,0,0,14477,4200
M16 [Stock Position (During the month)],16.2.4,Stock Position of Emergency Contraceptive (to be used for Family Planning),1. Balance From Previous Month,52720,0,0,NA,0,NA,0,1570,0,8250,NA,7100,3000,200,NA,NA,NA,7800,2100,0,0,5800,NA,NA,0,NA,14300,2600
M16 [Stock Position (During the month)],16.2.4,Stock Position of Emergency Contraceptive (to be used for Family Planning),2. Stocks Received,3200,0,0,NA,0,NA,NA,2000,0,0,NA,0,0,0,NA,NA,NA,0,1200,0,0,0,NA,NA,0,NA,0,NA
M16 [Stock Position (During the month)],16.2.4,Stock Position of Emergency Contraceptive (to be used for Family Planning),3. Unusable Stock,0,0,NA,NA,NA,NA,NA,0,NA,0,NA,0,NA,0,NA,NA,NA,NA,0,0,0,0,NA,NA,0,NA,0,NA
M16 [Stock Position (During the month)],16.2.4,Stock Position of Emergency Contraceptive (to be used for Family Planning),4. Stock Distributed,5100,0,0,NA,0,NA,NA,0,0,0,NA,1300,2000,0,NA,NA,NA,600,600,0,0,600,NA,NA,0,NA,0,NA
M16 [Stock Position (During the month)],16.2.4,Stock Position of Emergency Contraceptive (to be used for Family Planning),5. Total Stock,50820,0,0,0,0,0,0,3570,0,8250,0,5800,1000,200,0,0,0,7200,2700,0,0,5200,0,0,0,0,14300,2600
M16 [Stock Position (During the month)],16.2.5,Stock Position of Tubal Rings (to be used for Family Planning),1. Balance From Previous Month,46475,0,2500,NA,2700,NA,400,12725,0,7300,NA,1600,0,3700,NA,NA,NA,2000,3000,1500,0,NA,NA,NA,2400,NA,5750,900
M16 [Stock Position (During the month)],16.2.5,Stock Position of Tubal Rings (to be used for Family Planning),2. Stocks Received,0,0,0,NA,0,NA,NA,0,0,0,NA,0,0,0,NA,NA,NA,0,0,0,0,NA,NA,NA,0,NA,0,NA
M16 [Stock Position (During the month)],16.2.5,Stock Position of Tubal Rings (to be used for Family Planning),3. Unusable Stock,0,0,NA,NA,NA,NA,NA,0,NA,0,NA,0,NA,0,NA,NA,NA,NA,0,0,0,NA,NA,NA,0,NA,0,NA
M16 [Stock Position (During the month)],16.2.5,Stock Position of Tubal Rings (to be used for Family Planning),4. Stock Distributed,1150,0,0,NA,150,NA,NA,0,0,0,NA,0,0,0,NA,NA,NA,0,0,1000,0,NA,NA,NA,0,NA,0,NA
M16 [Stock Position (During the month)],16.2.5,Stock Position of Tubal Rings (to be used for Family Planning),5. Total Stock,45325,0,2500,0,2550,0,400,12725,0,7300,0,1600,0,3700,0,0,0,2000,3000,500,0,0,0,0,2400,0,5750,900
M16 [Stock Position (During the month)],16.3.01,Stock Position of Oxytocin Injection,1. Balance From Previous Month,392898,0,0,NA,11040,1220,18668,5500,NA,NA,NA,NA,1110,2460,NA,NA,NA,NA,NA,0,0,5110,318700,23200,5890,NA,0,0
M16 [Stock Position (During the month)],16.3.01,Stock Position of Oxytocin Injection,2. Stocks Received,31600,3800,NA,NA,0,1200,0,3500,NA,NA,NA,NA,0,0,NA,NA,NA,NA,1100,0,0,4320,10000,0,6480,NA,0,1200
M16 [Stock Position (During the month)],16.3.01,Stock Position of Oxytocin Injection,3. Unusable Stock,0,0,NA,NA,NA,NA,NA,0,NA,NA,NA,NA,NA,0,NA,NA,NA,NA,0,0,0,0,0,0,0,NA,0,NA
M16 [Stock Position (During the month)],16.3.01,Stock Position of Oxytocin Injection,4. Stock Distributed,22890,200,NA,NA,4200,1180,5560,1000,NA,NA,NA,NA,0,2400,NA,NA,NA,NA,400,0,0,1490,3800,200,2460,NA,0,NA
M16 [Stock Position (During the month)],16.3.01,Stock Position of Oxytocin Injection,5. Total Stock,401608,3600,0,0,6840,1240,13108,8000,0,0,0,0,1110,60,0,0,0,0,700,0,0,7940,324900,23000,9910,0,0,1200
M16 [Stock Position (During the month)],16.3.02,Stock Position of Gloves,1. Balance From Previous Month,31094,0,NA,NA,0,NA,10594,300,NA,NA,NA,NA,300,0,NA,NA,NA,NA,NA,0,0,190,19360,0,0,NA,50,300
M16 [Stock Position (During the month)],16.3.02,Stock Position of Gloves,2. Stocks Received,0,0,NA,NA,0,NA,0,0,NA,NA,NA,NA,0,0,NA,NA,NA,NA,NA,0,0,0,0,0,0,NA,0,NA
M16 [Stock Position (During the month)],16.3.02,Stock Position of Gloves,3. Unusable Stock,0,0,NA,NA,NA,NA,NA,0,NA,NA,NA,NA,NA,0,NA,NA,NA,NA,NA,0,0,0,0,0,0,NA,0,NA
M16 [Stock Position (During the month)],16.3.02,Stock Position of Gloves,4. Stock Distributed,9304,0,NA,NA,0,NA,2444,300,NA,NA,NA,NA,0,0,NA,NA,NA,NA,NA,0,0,0,6560,0,0,NA,0,NA
M16 [Stock Position (During the month)],16.3.02,Stock Position of Gloves,5. Total Stock,21790,0,0,0,0,0,8150,0,0,0,0,0,300,0,0,0,0,0,0,0,0,190,12800,0,0,0,50,300
M16 [Stock Position (During the month)],16.3.03,Stock Position of MVA Syringes,1. Balance From Previous Month,0,0,NA,NA,NA,NA,0,0,NA,NA,NA,NA,0,0,NA,NA,NA,NA,NA,0,0,NA,0,0,0,NA,NA,0
M16 [Stock Position (During the month)],16.3.03,Stock Position of MVA Syringes,2. Stocks Received,0,0,NA,NA,NA,NA,NA,0,NA,NA,NA,NA,0,0,NA,NA,NA,NA,NA,0,0,NA,0,0,0,NA,NA,NA
M16 [Stock Position (During the month)],16.3.03,Stock Position of MVA Syringes,3. Unusable Stock,0,0,NA,NA,NA,NA,NA,0,NA,NA,NA,NA,NA,0,NA,NA,NA,NA,NA,0,0,NA,0,0,0,NA,NA,NA
M16 [Stock Position (During the month)],16.3.03,Stock Position of MVA Syringes,4. Stock Distributed,0,0,NA,NA,NA,NA,NA,0,NA,NA,NA,NA,0,0,NA,NA,NA,NA,NA,0,0,NA,0,0,0,NA,NA,NA
M16 [Stock Position (During the month)],16.3.03,Stock Position of MVA Syringes,5. Total Stock,0,0,0,0,0,0,0,0,0,0,0,0,0,0,0,0,0,0,0,0,0,0,0,0,0,0,0,0
M16 [Stock Position (During the month)],16.3.04,Stock Position of Fluconazole Tablets,1. Balance From Previous Month,622550,0,NA,NA,NA,107300,0,8000,NA,NA,NA,NA,0,1900,NA,NA,NA,NA,400,0,0,NA,501300,0,3650,NA,NA,0
M16 [Stock Position (During the month)],16.3.04,Stock Position of Fluconazole Tablets,2. Stocks Received,229380,23000,NA,NA,NA,NA,NA,10000,NA,NA,NA,NA,0,16190,NA,NA,NA,NA,55600,0,0,NA,0,0,20000,NA,NA,104590
M16 [Stock Position (During the month)],16.3.04,Stock Position of Fluconazole Tablets,3. Unusable Stock,0,0,NA,NA,NA,NA,NA,0,NA,NA,NA,NA,NA,0,NA,NA,NA,NA,0,0,0,NA,0,0,0,NA,NA,NA
M16 [Stock Position (During the month)],16.3.04,Stock Position of Fluconazole Tablets,4. Stock Distributed,467500,3500,NA,NA,NA,43000,NA,14000,NA,NA,NA,NA,0,5600,NA,NA,NA,NA,4500,0,0,NA,383300,0,13600,NA,NA,NA
M16 [Stock Position (During the month)],16.3.04,Stock Position of Fluconazole Tablets,5. Total Stock,384430,19500,0,0,0,64300,0,4000,0,0,0,0,0,12490,0,0,0,0,51500,0,0,0,118000,0,10050,0,0,104590
M16 [Stock Position (During the month)],16.3.05,Stock Position of Blood Transfusion Sets,1. Balance From Previous Month,0,0,NA,NA,NA,NA,0,0,NA,NA,NA,NA,0,0,NA,NA,NA,NA,NA,0,0,NA,0,0,0,NA,NA,0
M16 [Stock Position (During the month)],16.3.05,Stock Position of Blood Transfusion Sets,2. Stocks Received,0,0,NA,NA,NA,NA,NA,0,NA,NA,NA,NA,0,0,NA,NA,NA,NA,NA,0,0,NA,0,0,0,NA,NA,NA
M16 [Stock Position (During the month)],16.3.05,Stock Position of Blood Transfusion Sets,3. Unusable Stock,0,0,NA,NA,NA,NA,NA,0,NA,NA,NA,NA,NA,0,NA,NA,NA,NA,NA,0,0,NA,0,0,0,NA,NA,NA
M16 [Stock Position (During the month)],16.3.05,Stock Position of Blood Transfusion Sets,4. Stock Distributed,0,0,NA,NA,NA,NA,NA,0,NA,NA,NA,NA,0,0,NA,NA,NA,NA,NA,0,0,NA,0,0,0,NA,NA,NA
M16 [Stock Position (During the month)],16.3.05,Stock Position of Blood Transfusion Sets,5. Total Stock,0,0,0,0,0,0,0,0,0,0,0,0,0,0,0,0,0,0,0,0,0,0,0,0,0,0,0,0
M16 [Stock Position (During the month)],16.3.06,Stock Position of Gluteraldehyde solution of 2% concentration,1. Balance From Previous Month,0,0,NA,NA,NA,NA,0,0,NA,NA,NA,NA,0,0,NA,NA,NA,NA,NA,0,0,NA,0,0,0,NA,NA,0
M16 [Stock Position (During the month)],16.3.06,Stock Position of Gluteraldehyde solution of 2% concentration,2. Stocks Received,0,0,NA,NA,NA,NA,NA,0,NA,NA,NA,NA,0,0,NA,NA,NA,NA,NA,0,0,NA,0,0,0,NA,NA,NA
M16 [Stock Position (During the month)],16.3.06,Stock Position of Gluteraldehyde solution of 2% concentration,3. Unusable Stock,0,0,NA,NA,NA,NA,NA,0,NA,NA,NA,NA,NA,0,NA,NA,NA,NA,NA,0,0,NA,0,0,0,NA,NA,NA
M16 [Stock Position (During the month)],16.3.06,Stock Position of Gluteraldehyde solution of 2% concentration,4. Stock Distributed,0,0,NA,NA,NA,NA,NA,0,NA,NA,NA,NA,0,0,NA,NA,NA,NA,NA,0,0,NA,0,0,0,NA,NA,NA
M16 [Stock Position (During the month)],16.3.06,Stock Position of Gluteraldehyde solution of 2% concentration,5. Total Stock,0,0,0,0,0,0,0,0,0,0,0,0,0,0,0,0,0,0,0,0,0,0,0,0,0,0,0,0
M16 [Stock Position (During the month)],16.3.07,Stock Position of IFA Tablets,1. Balance From Previous Month,13082944,115000,NA,NA,NA,52500,1318000,1107000,NA,NA,NA,NA,797500,0,NA,NA,NA,NA,1933544,0,2000,NA,7120400,136500,196000,NA,304500,0
M16 [Stock Position (During the month)],16.3.07,Stock Position of IFA Tablets,2. Stocks Received,0,0,NA,NA,NA,NA,0,0,NA,NA,NA,NA,0,0,NA,NA,NA,NA,0,0,0,NA,0,0,0,NA,0,NA
M16 [Stock Position (During the month)],16.3.07,Stock Position of IFA Tablets,3. Unusable Stock,0,0,NA,NA,NA,NA,NA,0,NA,NA,NA,NA,NA,0,NA,NA,NA,NA,0,0,0,NA,0,0,0,NA,0,NA
M16 [Stock Position (During the month)],16.3.07,Stock Position of IFA Tablets,4. Stock Distributed,3098750,84000,NA,NA,NA,52500,215000,746000,NA,NA,NA,NA,31500,0,NA,NA,NA,NA,12000,0,0,NA,1512000,105000,130750,NA,210000,NA
M16 [Stock Position (During the month)],16.3.07,Stock Position of IFA Tablets,5. Total Stock,9984194,31000,0,0,0,0,1103000,361000,0,0,0,0,766000,0,0,0,0,0,1921544,0,2000,0,5608400,31500,65250,0,94500,0
M16 [Stock Position (During the month)],16.3.08,Stock Position of IFA Syrup (Paediatric),1. Balance From Previous Month,123300,1500,NA,NA,NA,0,3050,7250,NA,NA,NA,NA,25050,0,NA,NA,NA,NA,0,0,0,NA,16900,5850,54000,NA,9700,0
M16 [Stock Position (During the month)],16.3.08,Stock Position of IFA Syrup (Paediatric),2. Stocks Received,0,0,NA,NA,NA,NA,0,0,NA,NA,NA,NA,0,0,NA,NA,NA,NA,0,0,0,NA,0,0,0,NA,0,NA
M16 [Stock Position (During the month)],16.3.08,Stock Position of IFA Syrup (Paediatric),3. Unusable Stock,0,0,NA,NA,NA,NA,NA,0,NA,NA,NA,NA,NA,0,NA,NA,NA,NA,0,0,0,NA,0,0,0,NA,0,NA
M16 [Stock Position (During the month)],16.3.08,Stock Position of IFA Syrup (Paediatric),4. Stock Distributed,47800,1000,NA,NA,NA,NA,1500,7250,NA,NA,NA,NA,15000,0,NA,NA,NA,NA,0,0,0,NA,9950,1400,9000,NA,2700,NA
M16 [Stock Position (During the month)],16.3.08,Stock Position of IFA Syrup (Paediatric),5. Total Stock,75500,500,0,0,0,0,1550,0,0,0,0,0,10050,0,0,0,0,0,0,0,0,0,6950,4450,45000,0,7000,0
M16 [Stock Position (During the month)],16.3.09,Stock Position of Paediatrics Antibiotics (Cotrimaxozole and Injectable Gentamicin),1. Balance From Previous Month,343684,2324,0,NA,NA,16880,4080,0,NA,NA,NA,NA,0,0,NA,NA,NA,NA,226000,0,0,NA,94400,0,0,NA,0,NA
M16 [Stock Position (During the month)],16.3.09,Stock Position of Paediatrics Antibiotics (Cotrimaxozole and Injectable Gentamicin),2. Stocks Received,5200,0,NA,NA,NA,1200,0,0,NA,NA,NA,NA,NA,0,NA,NA,NA,NA,0,0,0,NA,0,0,4000,NA,0,NA
M16 [Stock Position (During the month)],16.3.09,Stock Position of Paediatrics Antibiotics (Cotrimaxozole and Injectable Gentamicin),3. Unusable Stock,0,0,NA,NA,NA,NA,NA,0,NA,NA,NA,NA,NA,0,NA,NA,NA,NA,0,0,0,NA,0,0,0,NA,0,NA
M16 [Stock Position (During the month)],16.3.09,Stock Position of Paediatrics Antibiotics (Cotrimaxozole and Injectable Gentamicin),4. Stock Distributed,24325,0,NA,NA,NA,2100,1200,0,NA,NA,NA,NA,0,0,NA,NA,NA,NA,8000,0,0,NA,11500,0,1525,NA,0,NA
M16 [Stock Position (During the month)],16.3.09,Stock Position of Paediatrics Antibiotics (Cotrimaxozole and Injectable Gentamicin),5. Total Stock,324559,2324,0,0,0,15980,2880,0,0,0,0,0,0,0,0,0,0,0,218000,0,0,0,82900,0,2475,0,0,0
M16 [Stock Position (During the month)],16.3.10,Stock Position of Vitamin A solution,1. Balance From Previous Month,864,20,NA,NA,100,NA,75,0,NA,NA,NA,NA,0,250,NA,NA,NA,NA,0,0,0,0,127,110,69,NA,93,20
M16 [Stock Position (During the month)],16.3.10,Stock Position of Vitamin A solution,2. Stocks Received,61116,2430,NA,NA,2660,NA,3380,500,NA,NA,NA,NA,NA,1200,NA,NA,NA,NA,552,0,0,0,40794,9100,500,NA,0,NA
M16 [Stock Position (During the month)],16.3.10,Stock Position of Vitamin A solution,3. Unusable Stock,0,0,NA,NA,NA,NA,NA,0,NA,NA,NA,NA,NA,0,NA,NA,NA,NA,0,0,0,0,0,0,0,NA,0,NA
M16 [Stock Position (During the month)],16.3.10,Stock Position of Vitamin A solution,4. Stock Distributed,15518,620,NA,NA,800,NA,1375,300,NA,NA,NA,NA,0,600,NA,NA,NA,NA,300,0,0,0,8024,3360,131,NA,8,NA
M16 [Stock Position (During the month)],16.3.10,Stock Position of Vitamin A solution,5. Total Stock,46462,1830,0,0,1960,0,2080,200,0,0,0,0,0,850,0,0,0,0,252,0,0,0,32897,5850,438,0,85,20
M16 [Stock Position (During the month)],16.3.11,Stock of ORS (New WHO formulation),1. Balance From Previous Month,659257,0,0,NA,91950,39350,32400,10050,NA,NA,NA,NA,5497,39600,NA,NA,NA,NA,1310,0,0,13900,0,321830,88070,NA,12000,3300
M16 [Stock Position (During the month)],16.3.11,Stock of ORS (New WHO formulation),2. Stocks Received,386400,98000,NA,NA,26200,32000,20000,10000,NA,NA,NA,NA,NA,0,NA,NA,NA,NA,50200,0,0,56000,0,36000,40000,NA,0,18000
M16 [Stock Position (During the month)],16.3.11,Stock of ORS (New WHO formulation),3. Unusable Stock,0,0,NA,NA,NA,NA,NA,0,NA,NA,NA,NA,NA,0,NA,NA,NA,NA,0,0,0,0,0,0,0,NA,0,NA
M16 [Stock Position (During the month)],16.3.11,Stock of ORS (New WHO formulation),4. Stock Distributed,216475,19800,NA,NA,38975,23000,12600,18050,NA,NA,NA,NA,0,33350,NA,NA,NA,NA,9900,0,0,13200,0,15000,23000,NA,3600,6000
M16 [Stock Position (During the month)],16.3.11,Stock of ORS (New WHO formulation),5. Total Stock,829182,78200,0,0,79175,48350,39800,2000,0,0,0,0,5497,6250,0,0,0,0,41610,0,0,56700,0,342830,105070,0,8400,15300
M16 [Stock Position (During the month)],16.4.1,Stock Position of 0.1 ml Syringes(AD),1. Balance From Previous Month,73853,0,200,400,0,1500,4600,400,5300,1600,NA,10400,0,3300,NA,670,NA,3000,4100,10165,2200,1400,3548,3070,1800,NA,16200,0
M16 [Stock Position (During the month)],16.4.1,Stock Position of 0.1 ml Syringes(AD),2. Stocks Received,64000,4000,4000,4000,4000,2000,0,4000,6000,0,NA,6000,4000,4000,NA,0,NA,2000,4000,2000,2000,2000,0,4000,2000,NA,2000,2000
M16 [Stock Position (During the month)],16.4.1,Stock Position of 0.1 ml Syringes(AD),3. Unusable Stock,0,0,NA,NA,NA,NA,NA,0,NA,0,NA,0,NA,0,NA,0,NA,NA,0,0,0,0,NA,0,0,NA,0,NA
M16 [Stock Position (During the month)],16.4.1,Stock Position of 0.1 ml Syringes(AD),4. Stock Distributed,66247,2185,4200,1800,3800,642,2800,400,8600,600,NA,7200,4000,2700,NA,670,NA,2700,3800,7850,2000,1600,1800,2200,700,NA,2400,1600
M16 [Stock Position (During the month)],16.4.1,Stock Position of 0.1 ml Syringes(AD),5. Total Stock,71606,1815,0,2600,200,2858,1800,4000,2700,1000,0,9200,0,4600,0,0,0,2300,4300,4315,2200,1800,1748,4870,3100,0,15800,400
M16 [Stock Position (During the month)],16.4.2,Stock Position of 0.5 ml Syringes(AD),1. Balance From Previous Month,2432512,58700,41500,123200,0,86800,98800,39200,54700,61380,NA,62400,25000,223420,NA,117280,NA,119100,188800,68000,606600,35600,16152,50980,125200,NA,98500,131200
M16 [Stock Position (During the month)],16.4.2,Stock Position of 0.5 ml Syringes(AD),2. Stocks Received,927400,30000,0,20000,283400,24000,0,144000,24000,0,NA,84000,2000,40000,NA,0,NA,24000,0,36000,0,0,36000,20000,60000,NA,60000,40000
M16 [Stock Position (During the month)],16.4.2,Stock Position of 0.5 ml Syringes(AD),3. Unusable Stock,0,0,NA,NA,NA,NA,NA,0,NA,0,NA,0,NA,0,NA,0,NA,NA,0,0,0,0,NA,0,0,NA,0,NA
M16 [Stock Position (During the month)],16.4.2,Stock Position of 0.5 ml Syringes(AD),4. Stock Distributed,612771,27533,19800,50400,45280,5832,19200,7200,65900,31200,NA,34800,15000,22400,NA,9050,NA,43000,96800,7200,48000,7000,14476,19200,9100,NA,12000,2400
M16 [Stock Position (During the month)],16.4.2,Stock Position of 0.5 ml Syringes(AD),5. Total Stock,2747141,61167,21700,92800,238120,104968,79600,176000,12800,30180,0,111600,12000,241020,0,108230,0,100100,92000,96800,558600,28600,37676,51780,176100,0,146500,168800
M16 [Stock Position (During the month)],16.4.3,Stock Position of 5.0 ml Syringes(Disposable),1. Balance From Previous Month,506207,17600,1575,9800,6250,3450,100490,7100,59300,7060,NA,20870,500,31400,NA,7445,NA,19530,7100,15505,72500,100,45392,6760,10000,NA,47000,9480
M16 [Stock Position (During the month)],16.4.3,Stock Position of 5.0 ml Syringes(Disposable),2. Stocks Received,116600,4000,2000,2000,4000,0,0,4000,2000,0,NA,6000,8000,54000,NA,0,NA,2000,4000,2000,0,1000,9600,4000,4000,NA,2000,2000
M16 [Stock Position (During the month)],16.4.3,Stock Position of 5.0 ml Syringes(Disposable),3. Unusable Stock,0,0,NA,NA,NA,NA,NA,0,NA,0,NA,0,NA,0,NA,0,NA,NA,0,0,0,0,NA,0,0,NA,0,NA
M16 [Stock Position (During the month)],16.4.3,Stock Position of 5.0 ml Syringes(Disposable),4. Stock Distributed,121397,2260,2900,3600,2800,0,44910,800,6200,2980,NA,9700,6500,2247,NA,2250,NA,5200,1000,4000,2200,900,9250,3000,5700,NA,1200,1800
M16 [Stock Position (During the month)],16.4.3,Stock Position of 5.0 ml Syringes(Disposable),5. Total Stock,501410,19340,675,8200,7450,3450,55580,10300,55100,4080,0,17170,2000,83153,0,5195,0,16330,10100,13505,70300,200,45742,7760,8300,0,47800,9680
M17 [Details of deaths reported during the month with probable causes:],17.1,Number of cases of Infant deaths within 24 hrs of birth,TOTAL,10,NA,1,NA,NA,NA,NA,1,NA,NA,NA,2,NA,NA,NA,NA,1,NA,2,NA,1,NA,NA,NA,NA,2,NA,NA
M17 [Details of deaths reported during the month with probable causes:],17.2.1,Number of cases of Infant deaths 24 hours to 4 weeks of birth with the probable cause being Sepsis,1. Up to 1 Weeks of Birth,9,1,2,NA,NA,NA,NA,NA,NA,NA,NA,NA,NA,1,NA,NA,1,NA,NA,NA,1,1,NA,NA,1,NA,NA,1
M17 [Details of deaths reported during the month with probable causes:],17.2.1,Number of cases of Infant deaths 24 hours to 4 weeks of birth with the probable cause being Sepsis,2. Between 1 week & 4 weeks of birth,NA,NA,NA,NA,NA,NA,NA,NA,NA,NA,NA,NA,NA,NA,NA,NA,NA,NA,NA,NA,NA,NA,NA,NA,NA,NA,NA,NA
M17 [Details of deaths reported during the month with probable causes:],17.2.1,Number of cases of Infant deaths 24 hours to 4 weeks of birth with the probable cause being Sepsis,3. Total,9,1,2,NA,NA,NA,NA,NA,NA,NA,NA,NA,NA,1,NA,NA,1,NA,NA,NA,1,1,NA,NA,1,NA,NA,1
M17 [Details of deaths reported during the month with probable causes:],17.2.2,Number of cases of Infant deaths 24 hours to 4 weeks of birth with the probable cause being Asphyxia,1. Up to 1 Weeks of Birth,52,2,16,1,1,NA,1,3,1,NA,NA,6,NA,6,NA,1,1,NA,1,NA,8,1,NA,2,NA,NA,1,NA
M17 [Details of deaths reported during the month with probable causes:],17.2.2,Number of cases of Infant deaths 24 hours to 4 weeks of birth with the probable cause being Asphyxia,2. Between 1 week & 4 weeks of birth,NA,NA,NA,NA,NA,NA,NA,NA,NA,NA,NA,NA,NA,NA,NA,NA,NA,NA,NA,NA,NA,NA,NA,NA,NA,NA,NA,NA
M17 [Details of deaths reported during the month with probable causes:],17.2.2,Number of cases of Infant deaths 24 hours to 4 weeks of birth with the probable cause being Asphyxia,3. Total,52,2,16,1,1,NA,1,3,1,NA,NA,6,NA,6,NA,1,1,NA,1,NA,8,1,NA,2,NA,NA,1,NA
M17 [Details of deaths reported during the month with probable causes:],17.2.3,Number of cases of Infant deaths 24 hours to 4 weeks of birth with the probable cause being LBW,1. Up to 1 Weeks of Birth,62,NA,12,1,3,NA,NA,4,2,1,NA,3,NA,2,NA,NA,2,NA,2,1,3,7,1,1,2,3,9,3
M17 [Details of deaths reported during the month with probable causes:],17.2.3,Number of cases of Infant deaths 24 hours to 4 weeks of birth with the probable cause being LBW,2. Between 1 week & 4 weeks of birth,5,NA,2,NA,NA,NA,NA,NA,NA,NA,NA,NA,NA,NA,NA,NA,NA,NA,NA,NA,NA,2,NA,NA,NA,NA,NA,1
M17 [Details of deaths reported during the month with probable causes:],17.2.3,Number of cases of Infant deaths 24 hours to 4 weeks of birth with the probable cause being LBW,3. Total,67,NA,14,1,3,NA,NA,4,2,1,NA,3,NA,2,NA,NA,2,NA,2,1,3,9,1,1,2,3,9,4
M17 [Details of deaths reported during the month with probable causes:],17.2.4,"Number of cases of Infant deaths 24 hours to 4 weeks of birth with the probable cause being other than Sepsis, Asphyxia and LBW",1. Up to 1 Weeks of Birth,71,2,4,4,6,1,2,6,3,1,2,2,4,7,NA,NA,NA,1,2,NA,6,1,4,NA,2,4,5,2
M17 [Details of deaths reported during the month with probable causes:],17.2.4,"Number of cases of Infant deaths 24 hours to 4 weeks of birth with the probable cause being other than Sepsis, Asphyxia and LBW",2. Between 1 week & 4 weeks of birth,7,NA,NA,NA,1,NA,NA,NA,NA,NA,1,NA,NA,NA,NA,1,NA,NA,NA,NA,NA,3,NA,NA,NA,NA,NA,1
M17 [Details of deaths reported during the month with probable causes:],17.2.4,"Number of cases of Infant deaths 24 hours to 4 weeks of birth with the probable cause being other than Sepsis, Asphyxia and LBW",3. Total,78,2,4,4,7,1,2,6,3,1,3,2,4,7,NA,1,NA,1,2,NA,6,4,4,NA,2,4,5,3
M17 [Details of deaths reported during the month with probable causes:],17.3.1,Number of cases of Infant or Child deaths between 1 month to 5 years of age with the probable cause being Pneumonia,1. Between 1 month and 11 months,27,NA,3,1,2,1,NA,NA,1,NA,NA,2,NA,3,NA,2,NA,1,1,NA,3,3,NA,2,NA,1,NA,1
M17 [Details of deaths reported during the month with probable causes:],17.3.1,Number of cases of Infant or Child deaths between 1 month to 5 years of age with the probable cause being Pneumonia,2. Between 1 year & 5 years,3,NA,NA,NA,NA,NA,NA,NA,NA,NA,NA,NA,NA,NA,NA,NA,NA,NA,NA,NA,1,2,NA,NA,NA,NA,NA,NA
M17 [Details of deaths reported during the month with probable causes:],17.3.1,Number of cases of Infant or Child deaths between 1 month to 5 years of age with the probable cause being Pneumonia,3. Total,30,NA,3,1,2,1,NA,NA,1,NA,NA,2,NA,3,NA,2,NA,1,1,NA,4,5,NA,2,NA,1,NA,1
M17 [Details of deaths reported during the month with probable causes:],17.3.2,Number of cases of Infant or Child deaths between 1 month to 5 years of age with the probable cause being Diarrhoea,1. Between 1 month and 11 months,3,NA,1,NA,1,NA,NA,NA,NA,NA,NA,NA,NA,NA,NA,NA,NA,NA,NA,NA,NA,NA,NA,NA,NA,NA,1,NA
M17 [Details of deaths reported during the month with probable causes:],17.3.2,Number of cases of Infant or Child deaths between 1 month to 5 years of age with the probable cause being Diarrhoea,2. Between 1 year & 5 years,2,NA,NA,NA,NA,NA,NA,NA,NA,NA,NA,NA,NA,NA,NA,NA,NA,NA,NA,NA,NA,1,NA,NA,NA,NA,1,NA
M17 [Details of deaths reported during the month with probable causes:],17.3.2,Number of cases of Infant or Child deaths between 1 month to 5 years of age with the probable cause being Diarrhoea,3. Total,5,NA,1,NA,1,NA,NA,NA,NA,NA,NA,NA,NA,NA,NA,NA,NA,NA,NA,NA,NA,1,NA,NA,NA,NA,2,NA
M17 [Details of deaths reported during the month with probable causes:],17.3.3,Number of cases of Infant or Child deaths between 1 month to 5 years of age with the probable cause being Fever related,1. Between 1 month and 11 months,13,NA,1,1,5,NA,1,NA,1,NA,1,1,NA,NA,NA,NA,NA,NA,NA,NA,NA,1,NA,NA,NA,NA,1,NA
M17 [Details of deaths reported during the month with probable causes:],17.3.3,Number of cases of Infant or Child deaths between 1 month to 5 years of age with the probable cause being Fever related,2. Between 1 year & 5 years,2,NA,NA,NA,NA,NA,NA,NA,NA,NA,NA,1,1,NA,NA,NA,NA,NA,NA,NA,NA,NA,NA,NA,NA,NA,NA,NA
M17 [Details of deaths reported during the month with probable causes:],17.3.3,Number of cases of Infant or Child deaths between 1 month to 5 years of age with the probable cause being Fever related,3. Total,15,NA,1,1,5,NA,1,NA,1,NA,1,2,1,NA,NA,NA,NA,NA,NA,NA,NA,1,NA,NA,NA,NA,1,NA
M17 [Details of deaths reported during the month with probable causes:],17.3.4,Number of cases of Infant or Child deaths between 1 month to 5 years of age with the probable cause being Measles,1. Between 1 month and 11 months,NA,NA,NA,NA,NA,NA,NA,NA,NA,NA,NA,NA,NA,NA,NA,NA,NA,NA,NA,NA,NA,NA,NA,NA,NA,NA,NA,NA
M17 [Details of deaths reported during the month with probable causes:],17.3.4,Number of cases of Infant or Child deaths between 1 month to 5 years of age with the probable cause being Measles,2. Between 1 year & 5 years,NA,NA,NA,NA,NA,NA,NA,NA,NA,NA,NA,NA,NA,NA,NA,NA,NA,NA,NA,NA,NA,NA,NA,NA,NA,NA,NA,NA
M17 [Details of deaths reported during the month with probable causes:],17.3.4,Number of cases of Infant or Child deaths between 1 month to 5 years of age with the probable cause being Measles,3. Total,NA,NA,NA,NA,NA,NA,NA,NA,NA,NA,NA,NA,NA,NA,NA,NA,NA,NA,NA,NA,NA,NA,NA,NA,NA,NA,NA,NA
M17 [Details of deaths reported during the month with probable causes:],17.3.5,"Number of cases of Infant or Child deaths between 1 month to 5 years of age with the probable cause being other than Pneumonia, Diarrhoea, Fever related and Measles",1. Between 1 month and 11 months,66,3,1,4,4,1,1,2,1,NA,2,2,2,10,NA,1,1,4,3,1,3,2,2,1,1,4,5,5
M17 [Details of deaths reported during the month with probable causes:],17.3.5,"Number of cases of Infant or Child deaths between 1 month to 5 years of age with the probable cause being other than Pneumonia, Diarrhoea, Fever related and Measles",2. Between 1 year & 5 years,14,1,1,2,NA,NA,NA,1,1,1,1,NA,1,NA,NA,NA,NA,1,1,NA,1,NA,NA,NA,NA,NA,NA,2
M17 [Details of deaths reported during the month with probable causes:],17.3.5,"Number of cases of Infant or Child deaths between 1 month to 5 years of age with the probable cause being other than Pneumonia, Diarrhoea, Fever related and Measles",3. Total,80,4,2,6,4,1,1,3,2,1,3,2,3,10,NA,1,1,5,4,1,4,2,2,1,1,4,5,7
M17 [Details of deaths reported during the month with probable causes:],17.4.1,Number of cases of Adolescent or Adult deaths (age 6 years & above) with the probable cause being Diarrhoeal diseases,1. 6-14 yrs,NA,NA,NA,NA,NA,NA,NA,NA,NA,NA,NA,NA,NA,NA,NA,NA,NA,NA,NA,NA,NA,NA,NA,NA,NA,NA,NA,NA
M17 [Details of deaths reported during the month with probable causes:],17.4.1,Number of cases of Adolescent or Adult deaths (age 6 years & above) with the probable cause being Diarrhoeal diseases,2. 15-55 yrs.,NA,NA,NA,NA,NA,NA,NA,NA,NA,NA,NA,NA,NA,NA,NA,NA,NA,NA,NA,NA,NA,NA,NA,NA,NA,NA,NA,NA
M17 [Details of deaths reported during the month with probable causes:],17.4.1,Number of cases of Adolescent or Adult deaths (age 6 years & above) with the probable cause being Diarrhoeal diseases,3. Above 55 yrs.,1,NA,NA,NA,NA,NA,NA,NA,NA,NA,NA,NA,NA,NA,NA,NA,NA,NA,NA,NA,NA,NA,NA,NA,NA,NA,NA,1
M17 [Details of deaths reported during the month with probable causes:],17.4.1,Number of cases of Adolescent or Adult deaths (age 6 years & above) with the probable cause being Diarrhoeal diseases,4. Total,1,NA,NA,NA,NA,NA,NA,NA,NA,NA,NA,NA,NA,NA,NA,NA,NA,NA,NA,NA,NA,NA,NA,NA,NA,NA,NA,1
M17 [Details of deaths reported during the month with probable causes:],17.4.2,Number of cases of Adolescent or Adult deaths (age 6 years & above) with the probable cause being Tuberculosis,1. 6-14 yrs,1,NA,1,NA,NA,NA,NA,NA,NA,NA,NA,NA,NA,NA,NA,NA,NA,NA,NA,NA,NA,NA,NA,NA,NA,NA,NA,NA
M17 [Details of deaths reported during the month with probable causes:],17.4.2,Number of cases of Adolescent or Adult deaths (age 6 years & above) with the probable cause being Tuberculosis,2. 15-55 yrs.,24,NA,2,NA,1,NA,1,NA,NA,2,NA,NA,NA,NA,NA,NA,1,1,1,1,NA,1,NA,NA,NA,2,7,4
M17 [Details of deaths reported during the month with probable causes:],17.4.2,Number of cases of Adolescent or Adult deaths (age 6 years & above) with the probable cause being Tuberculosis,3. Above 55 yrs.,8,NA,3,NA,NA,NA,NA,NA,1,1,1,NA,NA,NA,NA,NA,1,NA,NA,NA,NA,NA,NA,NA,NA,NA,NA,1
M17 [Details of deaths reported during the month with probable causes:],17.4.2,Number of cases of Adolescent or Adult deaths (age 6 years & above) with the probable cause being Tuberculosis,4. Total,33,NA,6,NA,1,NA,1,NA,1,3,1,NA,NA,NA,NA,NA,2,1,1,1,NA,1,NA,NA,NA,2,7,5
M17 [Details of deaths reported during the month with probable causes:],17.4.3,Number of cases of Adolescent or Adult deaths (age 6 years & above) with the probable cause being Respiratory diseases including infections,1. 6-14 yrs,4,NA,NA,NA,NA,NA,NA,1,NA,NA,NA,NA,NA,NA,NA,NA,NA,1,NA,NA,NA,1,NA,NA,NA,NA,NA,1
M17 [Details of deaths reported during the month with probable causes:],17.4.3,Number of cases of Adolescent or Adult deaths (age 6 years & above) with the probable cause being Respiratory diseases including infections,2. 15-55 yrs.,33,NA,NA,NA,NA,NA,NA,2,1,1,3,NA,2,2,NA,NA,NA,NA,3,3,NA,NA,NA,4,1,1,10,NA
M17 [Details of deaths reported during the month with probable causes:],17.4.3,Number of cases of Adolescent or Adult deaths (age 6 years & above) with the probable cause being Respiratory diseases including infections,3. Above 55 yrs.,16,NA,NA,NA,NA,NA,NA,NA,NA,2,NA,NA,1,2,NA,NA,NA,NA,NA,1,1,NA,NA,2,1,NA,5,1
M17 [Details of deaths reported during the month with probable causes:],17.4.3,Number of cases of Adolescent or Adult deaths (age 6 years & above) with the probable cause being Respiratory diseases including infections,4. Total,53,NA,NA,NA,NA,NA,NA,3,1,3,3,NA,3,4,NA,NA,NA,1,3,4,1,1,NA,6,2,1,15,2
M17 [Details of deaths reported during the month with probable causes:],17.4.4,Number of cases of Adolescent or Adult deaths (age 6 years & above) with the probable cause being Malaria,1. 6-14 yrs,1,NA,NA,NA,NA,NA,NA,NA,NA,NA,NA,NA,NA,NA,NA,NA,NA,NA,NA,NA,NA,NA,NA,NA,NA,NA,1,NA
M17 [Details of deaths reported during the month with probable causes:],17.4.4,Number of cases of Adolescent or Adult deaths (age 6 years & above) with the probable cause being Malaria,2. 15-55 yrs.,2,NA,NA,NA,NA,NA,NA,NA,NA,NA,NA,NA,NA,NA,NA,NA,1,NA,NA,NA,NA,NA,NA,NA,NA,NA,NA,1
M17 [Details of deaths reported during the month with probable causes:],17.4.4,Number of cases of Adolescent or Adult deaths (age 6 years & above) with the probable cause being Malaria,3. Above 55 yrs.,NA,NA,NA,NA,NA,NA,NA,NA,NA,NA,NA,NA,NA,NA,NA,NA,NA,NA,NA,NA,NA,NA,NA,NA,NA,NA,NA,NA
M17 [Details of deaths reported during the month with probable causes:],17.4.4,Number of cases of Adolescent or Adult deaths (age 6 years & above) with the probable cause being Malaria,4. Total,3,NA,NA,NA,NA,NA,NA,NA,NA,NA,NA,NA,NA,NA,NA,NA,1,NA,NA,NA,NA,NA,NA,NA,NA,NA,1,1
M17 [Details of deaths reported during the month with probable causes:],17.4.5,Number of cases of Adolescent or Adult deaths (age 6 years & above) with the probable cause being other Fever related,1. 6-14 yrs,3,NA,2,NA,NA,NA,NA,NA,NA,NA,NA,NA,NA,NA,NA,NA,NA,NA,NA,NA,NA,1,NA,NA,NA,NA,NA,NA
M17 [Details of deaths reported during the month with probable causes:],17.4.5,Number of cases of Adolescent or Adult deaths (age 6 years & above) with the probable cause being other Fever related,2. 15-55 yrs.,34,1,14,1,NA,NA,NA,NA,2,NA,NA,2,1,NA,NA,NA,NA,3,NA,1,NA,2,NA,NA,2,1,4,NA
M17 [Details of deaths reported during the month with probable causes:],17.4.5,Number of cases of Adolescent or Adult deaths (age 6 years & above) with the probable cause being other Fever related,3. Above 55 yrs.,34,3,NA,2,2,NA,3,NA,NA,1,NA,3,1,6,NA,NA,NA,NA,NA,3,NA,1,1,NA,3,2,2,1
M17 [Details of deaths reported during the month with probable causes:],17.4.5,Number of cases of Adolescent or Adult deaths (age 6 years & above) with the probable cause being other Fever related,4. Total,71,4,16,3,2,NA,3,NA,2,1,NA,5,2,6,NA,NA,NA,3,NA,4,NA,4,1,NA,5,3,6,1
M17 [Details of deaths reported during the month with probable causes:],17.4.6,Number of cases of Adolescent or Adult deaths (age 6 years & above) with the probable cause being HIV/AIDS,1. 6-14 yrs,NA,NA,NA,NA,NA,NA,NA,NA,NA,NA,NA,NA,NA,NA,NA,NA,NA,NA,NA,NA,NA,NA,NA,NA,NA,NA,NA,NA
M17 [Details of deaths reported during the month with probable causes:],17.4.6,Number of cases of Adolescent or Adult deaths (age 6 years & above) with the probable cause being HIV/AIDS,2. 15-55 yrs.,2,NA,1,NA,NA,NA,NA,NA,1,NA,NA,NA,NA,NA,NA,NA,NA,NA,NA,NA,NA,NA,NA,NA,NA,NA,NA,NA
M17 [Details of deaths reported during the month with probable causes:],17.4.6,Number of cases of Adolescent or Adult deaths (age 6 years & above) with the probable cause being HIV/AIDS,3. Above 55 yrs.,NA,NA,NA,NA,NA,NA,NA,NA,NA,NA,NA,NA,NA,NA,NA,NA,NA,NA,NA,NA,NA,NA,NA,NA,NA,NA,NA,NA
M17 [Details of deaths reported during the month with probable causes:],17.4.6,Number of cases of Adolescent or Adult deaths (age 6 years & above) with the probable cause being HIV/AIDS,4. Total,2,NA,1,NA,NA,NA,NA,NA,1,NA,NA,NA,NA,NA,NA,NA,NA,NA,NA,NA,NA,NA,NA,NA,NA,NA,NA,NA
M17 [Details of deaths reported during the month with probable causes:],17.4.7,Number of cases of Adolescent or Adult deaths (age 6 years & above) with the probable cause being Heart disease or related to Hypertension,1. 6-14 yrs,2,NA,NA,NA,1,NA,NA,NA,NA,NA,NA,NA,NA,NA,NA,NA,1,NA,NA,NA,NA,NA,NA,NA,NA,NA,NA,NA
M17 [Details of deaths reported during the month with probable causes:],17.4.7,Number of cases of Adolescent or Adult deaths (age 6 years & above) with the probable cause being Heart disease or related to Hypertension,2. 15-55 yrs.,101,2,8,NA,4,NA,1,2,6,4,NA,1,5,2,1,NA,6,1,1,9,NA,5,3,1,5,4,19,11
M17 [Details of deaths reported during the month with probable causes:],17.4.7,Number of cases of Adolescent or Adult deaths (age 6 years & above) with the probable cause being Heart disease or related to Hypertension,3. Above 55 yrs.,120,9,7,NA,5,NA,6,4,NA,2,4,4,10,3,1,NA,7,4,1,2,1,8,1,1,5,13,16,6
M17 [Details of deaths reported during the month with probable causes:],17.4.7,Number of cases of Adolescent or Adult deaths (age 6 years & above) with the probable cause being Heart disease or related to Hypertension,4. Total,223,11,15,NA,10,NA,7,6,6,6,4,5,15,5,2,NA,14,5,2,11,1,13,4,2,10,17,35,17
M17 [Details of deaths reported during the month with probable causes:],17.4.8,Number of cases of Adolescent or Adult deaths (age 6 years & above) with the probable cause being Neurological disease including strokes,1. 6-14 yrs,NA,NA,NA,NA,NA,NA,NA,NA,NA,NA,NA,NA,NA,NA,NA,NA,NA,NA,NA,NA,NA,NA,NA,NA,NA,NA,NA,NA
M17 [Details of deaths reported during the month with probable causes:],17.4.8,Number of cases of Adolescent or Adult deaths (age 6 years & above) with the probable cause being Neurological disease including strokes,2. 15-55 yrs.,17,2,1,NA,1,NA,NA,1,NA,NA,3,NA,NA,1,NA,NA,1,2,1,NA,NA,NA,NA,NA,NA,NA,3,1
M17 [Details of deaths reported during the month with probable causes:],17.4.8,Number of cases of Adolescent or Adult deaths (age 6 years & above) with the probable cause being Neurological disease including strokes,3. Above 55 yrs.,25,2,2,NA,4,NA,NA,NA,1,1,3,NA,1,2,1,NA,1,1,NA,NA,NA,NA,NA,NA,1,2,1,2
M17 [Details of deaths reported during the month with probable causes:],17.4.8,Number of cases of Adolescent or Adult deaths (age 6 years & above) with the probable cause being Neurological disease including strokes,4. Total,42,4,3,NA,5,NA,NA,1,1,1,6,NA,1,3,1,NA,2,3,1,NA,NA,NA,NA,NA,1,2,4,3
M17 [Details of deaths reported during the month with probable causes:],17.4.9(a),Number of cases of Maternal deaths (age 15-49 years) with the probable cause being Abortion,1. 6-14 yrs,NA,NA,NA,NA,NA,NA,NA,NA,NA,NA,NA,NA,NA,NA,NA,NA,NA,NA,NA,NA,NA,NA,NA,NA,NA,NA,NA,NA
M17 [Details of deaths reported during the month with probable causes:],17.4.9(a),Number of cases of Maternal deaths (age 15-49 years) with the probable cause being Abortion,2. 15-49 yrs,4,NA,3,NA,NA,NA,NA,NA,NA,NA,NA,NA,NA,1,NA,NA,NA,NA,NA,NA,NA,NA,NA,NA,NA,NA,NA,NA
M17 [Details of deaths reported during the month with probable causes:],17.4.9(a),Number of cases of Maternal deaths (age 15-49 years) with the probable cause being Abortion,3. Above 49 yrs.,NA,NA,NA,NA,NA,NA,NA,NA,NA,NA,NA,NA,NA,NA,NA,NA,NA,NA,NA,NA,NA,NA,NA,NA,NA,NA,NA,NA
M17 [Details of deaths reported during the month with probable causes:],17.4.9(a),Number of cases of Maternal deaths (age 15-49 years) with the probable cause being Abortion,4. Total,4,NA,3,NA,NA,NA,NA,NA,NA,NA,NA,NA,NA,1,NA,NA,NA,NA,NA,NA,NA,NA,NA,NA,NA,NA,NA,NA
M17 [Details of deaths reported during the month with probable causes:],17.4.9(b),Number of cases of Maternal deaths (age 15-49 years) with the probable cause being Obstructed or prolonged labour,1. 6-14 yrs,NA,NA,NA,NA,NA,NA,NA,NA,NA,NA,NA,NA,NA,NA,NA,NA,NA,NA,NA,NA,NA,NA,NA,NA,NA,NA,NA,NA
M17 [Details of deaths reported during the month with probable causes:],17.4.9(b),Number of cases of Maternal deaths (age 15-49 years) with the probable cause being Obstructed or prolonged labour,2. 15-49 yrs,2,NA,NA,NA,NA,NA,NA,NA,NA,NA,NA,NA,NA,NA,2,NA,NA,NA,NA,NA,NA,NA,NA,NA,NA,NA,NA,NA
M17 [Details of deaths reported during the month with probable causes:],17.4.9(b),Number of cases of Maternal deaths (age 15-49 years) with the probable cause being Obstructed or prolonged labour,3. Above 49 yrs.,NA,NA,NA,NA,NA,NA,NA,NA,NA,NA,NA,NA,NA,NA,NA,NA,NA,NA,NA,NA,NA,NA,NA,NA,NA,NA,NA,NA
M17 [Details of deaths reported during the month with probable causes:],17.4.9(b),Number of cases of Maternal deaths (age 15-49 years) with the probable cause being Obstructed or prolonged labour,4. Total,2,NA,NA,NA,NA,NA,NA,NA,NA,NA,NA,NA,NA,NA,2,NA,NA,NA,NA,NA,NA,NA,NA,NA,NA,NA,NA,NA
M17 [Details of deaths reported during the month with probable causes:],17.4.9(c),Number of cases of Maternal deaths (age 15-49 years) with the probable cause being Severe hypertesnion or fits,1. 6-14 yrs,NA,NA,NA,NA,NA,NA,NA,NA,NA,NA,NA,NA,NA,NA,NA,NA,NA,NA,NA,NA,NA,NA,NA,NA,NA,NA,NA,NA
M17 [Details of deaths reported during the month with probable causes:],17.4.9(c),Number of cases of Maternal deaths (age 15-49 years) with the probable cause being Severe hypertesnion or fits,2. 15-49 yrs,5,NA,NA,NA,1,NA,1,NA,NA,NA,NA,1,NA,NA,NA,2,NA,NA,NA,NA,NA,NA,NA,NA,NA,NA,NA,NA
M17 [Details of deaths reported during the month with probable causes:],17.4.9(c),Number of cases of Maternal deaths (age 15-49 years) with the probable cause being Severe hypertesnion or fits,3. Above 49 yrs.,NA,NA,NA,NA,NA,NA,NA,NA,NA,NA,NA,NA,NA,NA,NA,NA,NA,NA,NA,NA,NA,NA,NA,NA,NA,NA,NA,NA
M17 [Details of deaths reported during the month with probable causes:],17.4.9(c),Number of cases of Maternal deaths (age 15-49 years) with the probable cause being Severe hypertesnion or fits,4. Total,5,NA,NA,NA,1,NA,1,NA,NA,NA,NA,1,NA,NA,NA,2,NA,NA,NA,NA,NA,NA,NA,NA,NA,NA,NA,NA
M17 [Details of deaths reported during the month with probable causes:],17.4.9(d),Number of cases of Maternal deaths (age 15-49 years) with the probable cause being Bleeding,1. 6-14 yrs,NA,NA,NA,NA,NA,NA,NA,NA,NA,NA,NA,NA,NA,NA,NA,NA,NA,NA,NA,NA,NA,NA,NA,NA,NA,NA,NA,NA
M17 [Details of deaths reported during the month with probable causes:],17.4.9(d),Number of cases of Maternal deaths (age 15-49 years) with the probable cause being Bleeding,2. 15-49 yrs,4,NA,NA,1,NA,NA,NA,NA,NA,NA,NA,NA,NA,NA,1,NA,NA,NA,NA,1,NA,NA,NA,NA,1,NA,NA,NA
M17 [Details of deaths reported during the month with probable causes:],17.4.9(d),Number of cases of Maternal deaths (age 15-49 years) with the probable cause being Bleeding,3. Above 49 yrs.,NA,NA,NA,NA,NA,NA,NA,NA,NA,NA,NA,NA,NA,NA,NA,NA,NA,NA,NA,NA,NA,NA,NA,NA,NA,NA,NA,NA
M17 [Details of deaths reported during the month with probable causes:],17.4.9(d),Number of cases of Maternal deaths (age 15-49 years) with the probable cause being Bleeding,4. Total,4,NA,NA,1,NA,NA,NA,NA,NA,NA,NA,NA,NA,NA,1,NA,NA,NA,NA,1,NA,NA,NA,NA,1,NA,NA,NA
M17 [Details of deaths reported during the month with probable causes:],17.4.9(e),Number of cases of Maternal deaths (age 15-49 years) with the probable cause being High Fever,1. 6-14 yrs,NA,NA,NA,NA,NA,NA,NA,NA,NA,NA,NA,NA,NA,NA,NA,NA,NA,NA,NA,NA,NA,NA,NA,NA,NA,NA,NA,NA
M17 [Details of deaths reported during the month with probable causes:],17.4.9(e),Number of cases of Maternal deaths (age 15-49 years) with the probable cause being High Fever,2. 15-49 yrs,NA,NA,NA,NA,NA,NA,NA,NA,NA,NA,NA,NA,NA,NA,NA,NA,NA,NA,NA,NA,NA,NA,NA,NA,NA,NA,NA,NA
M17 [Details of deaths reported during the month with probable causes:],17.4.9(e),Number of cases of Maternal deaths (age 15-49 years) with the probable cause being High Fever,3. Above 49 yrs.,NA,NA,NA,NA,NA,NA,NA,NA,NA,NA,NA,NA,NA,NA,NA,NA,NA,NA,NA,NA,NA,NA,NA,NA,NA,NA,NA,NA
M17 [Details of deaths reported during the month with probable causes:],17.4.9(e),Number of cases of Maternal deaths (age 15-49 years) with the probable cause being High Fever,4. Total,NA,NA,NA,NA,NA,NA,NA,NA,NA,NA,NA,NA,NA,NA,NA,NA,NA,NA,NA,NA,NA,NA,NA,NA,NA,NA,NA,NA
M17 [Details of deaths reported during the month with probable causes:],17.4.9(f),Number of cases of Maternal deaths (age 15-49 years) with the probable cause being other causes (excluding abortion; obstructed or prolonged labour; severe hypertension or fits;,1. 6-14 yrs,NA,NA,NA,NA,NA,NA,NA,NA,NA,NA,NA,NA,NA,NA,NA,NA,NA,NA,NA,NA,NA,NA,NA,NA,NA,NA,NA,NA
M17 [Details of deaths reported during the month with probable causes:],17.4.9(f),Number of cases of Maternal deaths (age 15-49 years) with the probable cause being other causes (excluding abortion; obstructed or prolonged labour; severe hypertension or fits;,2. 15-49 yrs,36,NA,1,1,2,NA,NA,1,1,2,NA,5,NA,2,2,8,NA,NA,1,3,NA,1,NA,NA,2,1,2,1
M17 [Details of deaths reported during the month with probable causes:],17.4.9(f),Number of cases of Maternal deaths (age 15-49 years) with the probable cause being other causes (excluding abortion; obstructed or prolonged labour; severe hypertension or fits;,3. Above 49 yrs.,NA,NA,NA,NA,NA,NA,NA,NA,NA,NA,NA,NA,NA,NA,NA,NA,NA,NA,NA,NA,NA,NA,NA,NA,NA,NA,NA,NA
M17 [Details of deaths reported during the month with probable causes:],17.4.9(f),Number of cases of Maternal deaths (age 15-49 years) with the probable cause being other causes (excluding abortion; obstructed or prolonged labour; severe hypertension or fits;,4. Total,36,NA,1,1,2,NA,NA,1,1,2,NA,5,NA,2,2,8,NA,NA,1,3,NA,1,NA,NA,2,1,2,1
M17 [Details of deaths reported during the month with probable causes:],17.4.10,Number of cases of Adolescent or Adult deaths (age 6 years & above) with the probable cause being Trauma or Accidents or Burn cases,1. 6-14 yrs,7,NA,NA,2,NA,NA,NA,NA,1,NA,NA,2,NA,NA,NA,NA,NA,1,NA,NA,NA,NA,NA,NA,NA,1,NA,NA
M17 [Details of deaths reported during the month with probable causes:],17.4.10,Number of cases of Adolescent or Adult deaths (age 6 years & above) with the probable cause being Trauma or Accidents or Burn cases,2. 15-55 yrs.,79,10,6,NA,1,NA,6,1,5,2,1,5,1,1,1,NA,5,2,2,3,2,2,1,2,4,5,7,4
M17 [Details of deaths reported during the month with probable causes:],17.4.10,Number of cases of Adolescent or Adult deaths (age 6 years & above) with the probable cause being Trauma or Accidents or Burn cases,3. Above 55 yrs.,14,NA,1,NA,NA,NA,NA,NA,2,NA,1,1,1,NA,NA,NA,3,NA,NA,1,NA,1,NA,NA,NA,3,NA,NA
M17 [Details of deaths reported during the month with probable causes:],17.4.10,Number of cases of Adolescent or Adult deaths (age 6 years & above) with the probable cause being Trauma or Accidents or Burn cases,4. Total,100,10,7,2,1,NA,6,1,8,2,2,8,2,1,1,NA,8,3,2,4,2,3,1,2,4,9,7,4
M17 [Details of deaths reported during the month with probable causes:],17.4.11,Number of cases of Adolescent or Adult deaths (age 6 years & above) with the probable cause being suicide,1. 6-14 yrs,2,NA,NA,NA,NA,NA,NA,NA,NA,NA,NA,NA,NA,NA,NA,NA,NA,NA,NA,1,NA,NA,NA,NA,NA,NA,NA,1
M17 [Details of deaths reported during the month with probable causes:],17.4.11,Number of cases of Adolescent or Adult deaths (age 6 years & above) with the probable cause being suicide,2. 15-55 yrs.,50,3,5,2,2,NA,4,2,2,1,NA,3,NA,NA,NA,NA,6,NA,1,3,1,6,NA,NA,1,2,5,1
M17 [Details of deaths reported during the month with probable causes:],17.4.11,Number of cases of Adolescent or Adult deaths (age 6 years & above) with the probable cause being suicide,3. Above 55 yrs.,5,NA,NA,NA,1,NA,NA,NA,NA,NA,NA,1,1,NA,NA,NA,NA,NA,NA,NA,NA,NA,1,NA,NA,NA,NA,1
M17 [Details of deaths reported during the month with probable causes:],17.4.11,Number of cases of Adolescent or Adult deaths (age 6 years & above) with the probable cause being suicide,4. Total,57,3,5,2,3,NA,4,2,2,1,NA,4,1,NA,NA,NA,6,NA,1,4,1,6,1,NA,1,2,5,3
M17 [Details of deaths reported during the month with probable causes:],17.4.12,Number of cases of Adolescent or Adult deaths (age 6 years & above) with the probable cause being Animal bites and stings,1. 6-14 yrs,NA,NA,NA,NA,NA,NA,NA,NA,NA,NA,NA,NA,NA,NA,NA,NA,NA,NA,NA,NA,NA,NA,NA,NA,NA,NA,NA,NA
M17 [Details of deaths reported during the month with probable causes:],17.4.12,Number of cases of Adolescent or Adult deaths (age 6 years & above) with the probable cause being Animal bites and stings,2. 15-55 yrs.,2,NA,NA,NA,NA,NA,NA,NA,NA,NA,NA,1,NA,NA,NA,NA,NA,NA,NA,NA,NA,NA,NA,NA,NA,NA,NA,1
M17 [Details of deaths reported during the month with probable causes:],17.4.12,Number of cases of Adolescent or Adult deaths (age 6 years & above) with the probable cause being Animal bites and stings,3. Above 55 yrs.,1,NA,1,NA,NA,NA,NA,NA,NA,NA,NA,NA,NA,NA,NA,NA,NA,NA,NA,NA,NA,NA,NA,NA,NA,NA,NA,NA
M17 [Details of deaths reported during the month with probable causes:],17.4.12,Number of cases of Adolescent or Adult deaths (age 6 years & above) with the probable cause being Animal bites and stings,4. Total,3,NA,1,NA,NA,NA,NA,NA,NA,NA,NA,1,NA,NA,NA,NA,NA,NA,NA,NA,NA,NA,NA,NA,NA,NA,NA,1
M17 [Details of deaths reported during the month with probable causes:],17.4.13(a),Number of cases of Adolescent or Adult deaths (age 6 years & above) with the probable cause being Known Acute disease,1. 6-14 yrs,1,NA,1,NA,NA,NA,NA,NA,NA,NA,NA,NA,NA,NA,NA,NA,NA,NA,NA,NA,NA,NA,NA,NA,NA,NA,NA,NA
M17 [Details of deaths reported during the month with probable causes:],17.4.13(a),Number of cases of Adolescent or Adult deaths (age 6 years & above) with the probable cause being Known Acute disease,2. 15-55 yrs.,53,NA,7,1,3,NA,NA,2,2,1,NA,5,2,NA,NA,NA,3,1,2,5,NA,3,1,1,3,2,4,5
M17 [Details of deaths reported during the month with probable causes:],17.4.13(a),Number of cases of Adolescent or Adult deaths (age 6 years & above) with the probable cause being Known Acute disease,3. Above 55 yrs.,74,3,11,6,2,NA,6,3,NA,2,NA,2,5,2,1,NA,4,1,1,1,3,2,2,2,3,6,NA,6
M17 [Details of deaths reported during the month with probable causes:],17.4.13(a),Number of cases of Adolescent or Adult deaths (age 6 years & above) with the probable cause being Known Acute disease,4. Total,128,3,19,7,5,NA,6,5,2,3,NA,7,7,2,1,NA,7,2,3,6,3,5,3,3,6,8,4,11
M17 [Details of deaths reported during the month with probable causes:],17.4.13(b),Number of cases of Adolescent or Adult deaths (age 6 years & above) with the probable cause being Known Chronic disease,1. 6-14 yrs,7,NA,1,NA,NA,NA,1,2,1,NA,NA,NA,1,1,NA,NA,NA,NA,NA,NA,NA,NA,NA,NA,NA,NA,NA,NA
M17 [Details of deaths reported during the month with probable causes:],17.4.13(b),Number of cases of Adolescent or Adult deaths (age 6 years & above) with the probable cause being Known Chronic disease,2. 15-55 yrs.,99,7,5,7,2,NA,2,1,1,5,2,4,8,3,1,NA,5,5,6,2,1,8,3,2,3,2,10,4
M17 [Details of deaths reported during the month with probable causes:],17.4.13(b),Number of cases of Adolescent or Adult deaths (age 6 years & above) with the probable cause being Known Chronic disease,3. Above 55 yrs.,181,11,9,11,6,NA,12,6,9,4,7,1,13,6,6,NA,9,2,4,5,4,7,4,9,10,10,9,7
M17 [Details of deaths reported during the month with probable causes:],17.4.13(b),Number of cases of Adolescent or Adult deaths (age 6 years & above) with the probable cause being Known Chronic disease,4. Total,287,18,15,18,8,NA,15,9,11,9,9,5,22,10,7,NA,14,7,10,7,5,15,7,11,13,12,19,11
M17 [Details of deaths reported during the month with probable causes:],17.4.13(c),Number of cases of Adolescent or Adult deaths (age 6 years & above) where the cause was not known,1. 6-14 yrs,20,NA,2,1,2,NA,NA,NA,1,NA,NA,1,1,3,NA,NA,2,NA,NA,NA,2,NA,NA,NA,NA,NA,5,NA
M17 [Details of deaths reported during the month with probable causes:],17.4.13(c),Number of cases of Adolescent or Adult deaths (age 6 years & above) where the cause was not known,2. 15-55 yrs.,312,5,24,8,11,NA,6,9,14,5,8,13,15,14,2,NA,17,9,10,11,8,5,11,2,17,25,50,13
M17 [Details of deaths reported during the month with probable causes:],17.4.13(c),Number of cases of Adolescent or Adult deaths (age 6 years & above) where the cause was not known,3. Above 55 yrs.,553,20,31,9,41,NA,23,15,25,5,12,17,30,43,8,NA,50,8,16,8,13,11,18,19,21,50,42,18
M17 [Details of deaths reported during the month with probable causes:],17.4.13(c),Number of cases of Adolescent or Adult deaths (age 6 years & above) where the cause was not known,4. Total,885,25,57,18,54,NA,29,24,40,10,20,31,46,60,10,NA,69,17,26,19,23,16,29,21,38,75,97,31
