Indicator,S.No.,Parameters,Type,District - _Assam - Total [(A+B) or (C+D)],District - _Assam - Public [A],District - _Assam - Private [B],District - _Assam - Urban [C],District - _Assam - Rural [D],District - Baksa - Total [(A+B) or (C+D)],District - Baksa - Public [A],District - Baksa - Private [B],District - Baksa - Urban [C],District - Baksa - Rural [D],District - Barpeta - Total [(A+B) or (C+D)],District - Barpeta - Public [A],District - Barpeta - Private [B],District - Barpeta - Urban [C],District - Barpeta - Rural [D],District - Bongaigaon - Total [(A+B) or (C+D)],District - Bongaigaon - Public [A],District - Bongaigaon - Private [B],District - Bongaigaon - Urban [C],District - Bongaigaon - Rural [D],District - Cachar - Total [(A+B) or (C+D)],District - Cachar - Public [A],District - Cachar - Private [B],District - Cachar - Urban [C],District - Cachar - Rural [D],District - Chirang - Total [(A+B) or (C+D)],District - Chirang - Public [A],District - Chirang - Private [B],District - Chirang - Urban [C],District - Chirang - Rural [D],District - Darrang - Total [(A+B) or (C+D)],District - Darrang - Public [A],District - Darrang - Private [B],District - Darrang - Urban [C],District - Darrang - Rural [D],District - Dhemaji - Total [(A+B) or (C+D)],District - Dhemaji - Public [A],District - Dhemaji - Private [B],District - Dhemaji - Urban [C],District - Dhemaji - Rural [D],District - Dhubri - Total [(A+B) or (C+D)],District - Dhubri - Public [A],District - Dhubri - Private [B],District - Dhubri - Urban [C],District - Dhubri - Rural [D],District - Dibrugarh - Total [(A+B) or (C+D)],District - Dibrugarh - Public [A],District - Dibrugarh - Private [B],District - Dibrugarh - Urban [C],District - Dibrugarh - Rural [D],District - Dima Hasao - Total [(A+B) or (C+D)],District - Dima Hasao - Public [A],District - Dima Hasao - Private [B],District - Dima Hasao - Urban [C],District - Dima Hasao - Rural [D],District - Goalpara - Total [(A+B) or (C+D)],District - Goalpara - Public [A],District - Goalpara - Private [B],District - Goalpara - Urban [C],District - Goalpara - Rural [D],District - Golaghat - Total [(A+B) or (C+D)],District - Golaghat - Public [A],District - Golaghat - Private [B],District - Golaghat - Urban [C],District - Golaghat - Rural [D],District - Hailakandi - Total [(A+B) or (C+D)],District - Hailakandi - Public [A],District - Hailakandi - Private [B],District - Hailakandi - Urban [C],District - Hailakandi - Rural [D],District - Jorhat - Total [(A+B) or (C+D)],District - Jorhat - Public [A],District - Jorhat - Private [B],District - Jorhat - Urban [C],District - Jorhat - Rural [D],District - Kamrup M - Total [(A+B) or (C+D)],District - Kamrup M - Public [A],District - Kamrup M - Private [B],District - Kamrup M - Urban [C],District - Kamrup M - Rural [D],District - Kamrup R - Total [(A+B) or (C+D)],District - Kamrup R - Public [A],District - Kamrup R - Private [B],District - Kamrup R - Urban [C],District - Kamrup R - Rural [D],District - Karbi Anglong - Total [(A+B) or (C+D)],District - Karbi Anglong - Public [A],District - Karbi Anglong - Private [B],District - Karbi Anglong - Urban [C],District - Karbi Anglong - Rural [D],District - Karimganj - Total [(A+B) or (C+D)],District - Karimganj - Public [A],District - Karimganj - Private [B],District - Karimganj - Urban [C],District - Karimganj - Rural [D],District - Kokrajhar - Total [(A+B) or (C+D)],District - Kokrajhar - Public [A],District - Kokrajhar - Private [B],District - Kokrajhar - Urban [C],District - Kokrajhar - Rural [D],District - Lakhimpur - Total [(A+B) or (C+D)],District - Lakhimpur - Public [A],District - Lakhimpur - Private [B],District - Lakhimpur - Urban [C],District - Lakhimpur - Rural [D],District - Marigaon - Total [(A+B) or (C+D)],District - Marigaon - Public [A],District - Marigaon - Private [B],District - Marigaon - Urban [C],District - Marigaon - Rural [D],District - Nagaon - Total [(A+B) or (C+D)],District - Nagaon - Public [A],District - Nagaon - Private [B],District - Nagaon - Urban [C],District - Nagaon - Rural [D],District - Nalbari - Total [(A+B) or (C+D)],District - Nalbari - Public [A],District - Nalbari - Private [B],District - Nalbari - Urban [C],District - Nalbari - Rural [D],District - Sibsagar - Total [(A+B) or (C+D)],District - Sibsagar - Public [A],District - Sibsagar - Private [B],District - Sibsagar - Urban [C],District - Sibsagar - Rural [D],District - Sonitpur - Total [(A+B) or (C+D)],District - Sonitpur - Public [A],District - Sonitpur - Private [B],District - Sonitpur - Urban [C],District - Sonitpur - Rural [D],District - Tinsukia - Total [(A+B) or (C+D)],District - Tinsukia - Public [A],District - Tinsukia - Private [B],District - Tinsukia - Urban [C],District - Tinsukia - Rural [D],District - Udalguri - Total [(A+B) or (C+D)],District - Udalguri - Public [A],District - Udalguri - Private [B],District - Udalguri - Urban [C],District - Udalguri - Rural [D]
M1 [Ante Natal Care (ANC)],'1.1',Total number of pregnant women registered for ANC,TOTAL,52706,50791,1915,2655,50051,1357,1351,6,NA,1357,3366,3321,45,NA,3366,1217,1206,11,109,1108,3097,3068,29,157,2940,817,772,45,NA,817,1746,1741,5,NA,1746,1301,1301,0,NA,1301,4117,4051,66,147,3970,1819,1458,361,202,1617,314,313,1,NA,314,1949,1944,5,138,1811,1582,1582,0,NA,1582,1241,1241,NA,NA,1241,1694,1682,12,159,1535,1521,1521,0,1210,311,2623,2623,0,0,2623,1926,1926,NA,65,1861,2449,2449,0,57,2392,1416,1416,0,NA,1416,1909,1815,94,57,1852,1510,1510,0,NA,1510,4862,4796,66,183,4679,1217,1217,NA,NA,1217,1677,1535,142,59,1618,2884,2516,368,29,2855,1870,1324,546,83,1787,1225,1112,113,NA,1225
M1 [Ante Natal Care (ANC)],'1.1.1',"Out of the total ANC registered, number registered within 1st trimester (within 12 weeks)",TOTAL,47974,46418,1556,2279,45695,1218,1212,6,NA,1218,3170,3135,35,NA,3170,1101,1100,1,84,1017,2879,2852,27,132,2747,698,666,32,NA,698,1699,1694,5,NA,1699,1247,1247,0,NA,1247,3587,3525,62,131,3456,1634,1313,321,178,1456,235,234,1,NA,235,1899,1894,5,138,1761,1381,1381,0,NA,1381,1160,1160,NA,NA,1160,1633,1623,10,155,1478,1346,1346,0,1069,277,2466,2466,0,0,2466,1529,1529,NA,45,1484,2318,2318,0,57,2261,1221,1221,NA,NA,1221,1832,1756,76,53,1779,1371,1371,0,NA,1371,4270,4243,27,100,4170,1177,1177,NA,NA,1177,1584,1471,113,43,1541,2566,2274,292,29,2537,1637,1178,459,65,1572,1116,1032,84,NA,1116
M1 [Ante Natal Care (ANC)],'1.2.1',Number of PW given TT1,TOTAL,44390,41814,2576,2726,41664,984,984,0,NA,984,2839,2799,40,NA,2839,970,962,8,79,891,2350,2207,143,188,2162,630,629,1,NA,630,1503,1502,1,NA,1503,1070,1070,0,NA,1070,4432,3709,723,139,4293,1582,1151,431,287,1295,195,195,0,NA,195,1769,1766,3,134,1635,1233,1233,0,NA,1233,1019,1019,NA,NA,1019,1591,1589,2,149,1442,1552,1487,65,1283,269,1906,1906,0,0,1906,1647,1647,NA,50,1597,1896,1896,0,38,1858,1086,1086,NA,NA,1086,1538,1480,58,40,1498,1326,1326,0,NA,1326,4000,3934,66,161,3839,980,980,NA,NA,980,1065,947,118,45,1020,2669,2282,387,38,2631,1566,1131,435,95,1471,992,897,95,NA,992
M1 [Ante Natal Care (ANC)],'1.2.2',Number of PW given TT2,TOTAL,42198,39896,2302,2513,39685,981,981,0,NA,981,2568,2528,40,NA,2568,923,919,4,72,851,2308,2176,132,163,2145,566,563,3,NA,566,1553,1551,2,NA,1553,1019,1019,0,NA,1019,3950,3289,661,108,3842,1488,1075,413,320,1168,178,178,0,NA,178,1679,1671,8,117,1562,1222,1222,0,NA,1222,887,887,NA,NA,887,1436,1433,3,116,1320,1558,1518,40,1224,334,1948,1948,0,0,1948,1399,1399,NA,62,1337,1895,1895,0,34,1861,977,977,NA,NA,977,1382,1353,29,49,1333,1340,1340,0,NA,1340,3942,3865,77,105,3837,906,906,NA,NA,906,1004,909,95,31,973,2639,2325,314,37,2602,1536,1137,399,75,1461,914,832,82,NA,914
M1 [Ante Natal Care (ANC)],'1.2.3',Number of PW given TT Booster,TOTAL,3418,3224,194,93,3325,32,32,0,NA,32,134,128,6,NA,134,42,42,0,2,40,381,369,12,13,368,62,62,0,NA,62,55,55,0,NA,55,74,74,0,NA,74,216,216,0,8,208,120,74,46,18,102,39,39,0,NA,39,94,92,2,1,93,62,62,0,NA,62,182,182,NA,NA,182,52,52,0,6,46,45,44,1,29,16,85,85,0,0,85,185,185,NA,2,183,405,405,0,2,403,66,66,NA,NA,66,117,108,9,1,116,180,180,0,NA,180,325,322,3,5,320,32,32,NA,NA,32,47,42,5,1,46,138,111,27,2,136,171,91,80,3,168,77,74,3,NA,77
M1 [Ante Natal Care (ANC)],'1.2.4',Number of PW given 180 Iron Folic Acid (IFA) tablets,TOTAL,50544,48697,1847,2484,48060,1213,1213,0,NA,1213,3191,3169,22,NA,3191,1190,1179,11,109,1081,2998,2965,33,122,2876,658,635,23,NA,658,1670,1664,6,NA,1670,1254,1254,0,NA,1254,4280,4210,70,174,4106,1747,1378,369,232,1515,267,267,0,NA,267,1873,1868,5,63,1810,1353,1345,8,NA,1353,1261,1261,NA,NA,1261,1657,1655,2,149,1508,1468,1468,NA,1188,280,2246,2246,0,0,2246,1936,1936,NA,66,1870,2442,2442,0,57,2385,1271,1271,NA,NA,1271,1610,1556,54,66,1544,1497,1497,0,NA,1497,4782,4756,26,77,4705,1205,1205,NA,NA,1205,1750,1609,141,80,1670,2755,2380,375,30,2725,1927,1358,569,71,1856,1043,910,133,NA,1043
M1 [Ante Natal Care (ANC)],'1.2.5',Number of PW given 360 Calcium tablets,TOTAL,46173,44705,1468,2406,43767,1113,1113,0,NA,1113,3089,3067,22,NA,3089,1172,1172,NA,98,1074,2728,2697,31,122,2606,459,420,39,NA,459,1694,1688,6,NA,1694,1171,1171,0,NA,1171,4205,4135,70,142,4063,1553,1231,322,230,1323,270,270,0,NA,270,1895,1889,6,113,1782,1272,1272,0,NA,1272,1209,1209,NA,NA,1209,1575,1573,2,149,1426,1487,1487,NA,1183,304,2074,2074,0,0,2074,1658,1658,NA,16,1642,2356,2356,0,27,2329,1180,1180,NA,NA,1180,1400,1360,40,63,1337,1463,1463,0,NA,1463,4802,4772,30,79,4723,1049,1049,NA,NA,1049,1587,1459,128,80,1507,1101,914,187,31,1070,1883,1377,506,73,1810,728,649,79,NA,728
M1 [Ante Natal Care (ANC)],'1.2.6',Number of PW given one Albendazole tablet after 1st trimester,TOTAL,30152,29466,686,1418,28734,944,944,0,NA,944,1173,1173,0,NA,1173,1000,1000,NA,96,904,1941,1933,8,122,1819,119,119,0,NA,119,1494,1491,3,NA,1494,572,572,0,NA,572,3148,3078,70,49,3099,604,474,130,0,604,214,214,0,NA,214,1592,1586,6,113,1479,1029,1029,0,NA,1029,1122,1122,NA,NA,1122,901,900,1,117,784,980,980,NA,763,217,1299,1299,0,0,1299,1051,1051,NA,16,1035,2275,2275,0,0,2275,804,804,NA,NA,804,550,517,33,0,550,505,505,0,NA,505,3116,3107,9,64,3052,894,894,NA,NA,894,1281,1152,129,60,1221,322,236,86,18,304,763,582,181,0,763,459,429,30,NA,459
M1 [Ante Natal Care (ANC)],'1.2.7',Number of PW received 4 or more ANC check ups,TOTAL,40072,38251,1821,1828,38244,894,894,0,NA,894,2677,2655,22,NA,2677,755,755,NA,63,692,2461,2394,67,102,2359,415,406,9,NA,415,1582,1578,4,NA,1582,864,864,0,NA,864,3825,3266,559,73,3752,1221,932,289,137,1084,190,188,2,NA,190,1569,1563,6,94,1475,977,977,0,NA,977,1102,1102,NA,NA,1102,1070,1069,1,107,963,1880,1880,NA,951,929,1866,1866,0,0,1866,1128,1128,NA,52,1076,2353,2318,35,33,2320,923,923,NA,NA,923,1171,1142,29,52,1119,1231,1231,0,NA,1231,3749,3702,47,52,3697,823,823,NA,NA,823,833,778,55,17,816,2328,2087,241,39,2289,1322,947,375,56,1266,863,783,80,NA,863
M1 [Ante Natal Care (ANC)],'1.2.8',Number of PW given ANC Corticosteroids in Pre Term Labour,TOTAL,851,786,65,3,848,9,9,0,NA,9,97,97,0,NA,97,4,4,NA,0,4,186,178,8,0,186,1,1,0,NA,1,83,83,0,NA,83,9,9,0,NA,9,49,49,0,0,49,120,110,10,0,120,5,5,0,NA,5,29,26,3,3,26,16,16,0,NA,16,2,2,NA,NA,2,21,21,0,0,21,16,16,NA,0,16,8,8,0,0,8,15,15,NA,NA,15,42,22,20,0,42,20,20,NA,NA,20,0,0,0,0,0,10,10,0,NA,10,33,22,11,0,33,19,19,NA,NA,19,12,12,0,0,12,10,0,10,NA,10,4,1,3,0,4,31,31,0,NA,31
M1 [Ante Natal Care (ANC)],'1.3.1',New cases of PW with hypertension detected,TOTAL,1354,1277,77,57,1297,36,36,0,NA,36,103,103,0,NA,103,37,37,NA,1,36,31,26,5,0,31,9,9,0,NA,9,87,87,0,NA,87,40,40,NA,NA,40,87,87,0,1,86,73,51,22,20,53,11,11,0,NA,11,35,35,0,2,33,19,19,0,NA,19,12,12,NA,NA,12,24,24,0,0,24,110,102,8,14,96,24,24,0,0,24,42,42,NA,3,39,131,125,6,1,130,60,60,NA,NA,60,47,46,1,0,47,12,12,0,NA,12,127,127,0,0,127,8,8,NA,NA,8,55,55,0,12,43,43,26,17,0,43,44,27,17,3,41,47,46,1,NA,47
M1 [Ante Natal Care (ANC)],'1.3.1.a',"Out of the new cases of PW with hypertension detected, cases managed at institution",TOTAL,880,828,52,33,847,23,23,0,NA,23,56,56,0,NA,56,19,19,NA,NA,19,17,12,5,0,17,2,2,0,NA,2,75,75,0,NA,75,27,27,NA,NA,27,53,53,0,0,53,30,12,18,15,15,3,3,0,NA,3,25,25,0,2,23,15,15,0,NA,15,7,7,NA,NA,7,17,17,0,0,17,100,97,3,9,91,11,11,0,0,11,31,31,NA,3,28,94,88,6,1,93,48,48,NA,NA,48,26,26,0,0,26,3,3,0,NA,3,91,91,0,0,91,3,3,NA,NA,3,21,21,0,0,21,24,11,13,NA,24,21,14,7,3,18,38,38,0,NA,38
M1 [Ante Natal Care (ANC)],'1.3.2',Number of Eclampsia cases managed during delivery,TOTAL,111,98,13,2,109,1,1,0,NA,1,6,6,0,NA,6,2,2,NA,NA,2,1,1,0,0,1,1,1,0,NA,1,6,6,0,NA,6,0,0,NA,NA,0,6,6,NA,0,6,17,17,0,0,17,0,0,0,NA,0,0,0,0,0,0,0,0,0,NA,0,3,3,NA,NA,3,5,5,0,0,5,32,30,2,2,30,0,0,0,0,0,0,0,NA,0,0,4,4,0,0,4,0,0,NA,NA,0,8,8,0,0,8,0,0,0,NA,0,7,7,0,0,7,1,1,NA,NA,1,0,0,0,0,0,11,0,11,NA,11,0,0,0,0,0,0,0,0,NA,0
M1 [Ante Natal Care (ANC)],'1.4.1',Number of PW tested for Haemoglobin (Hb ) 4 or more than 4 times for respective ANCs,TOTAL,44655,43639,1016,1286,43369,978,978,0,NA,978,2834,2801,33,NA,2834,1026,1026,NA,98,928,2433,2389,44,79,2354,884,884,0,NA,884,1740,1737,3,NA,1740,1058,1058,NA,NA,1058,3639,3584,55,61,3578,1097,912,185,0,1097,107,107,0,NA,107,1741,1733,8,124,1617,1074,1066,8,NA,1074,1157,1157,NA,NA,1157,1685,1685,0,217,1468,1764,1764,NA,614,1150,3416,3416,0,0,3416,693,693,NA,2,691,2618,2565,53,33,2585,708,708,NA,NA,708,1038,999,39,0,1038,2007,2007,0,NA,2007,5745,5709,36,0,5745,833,833,NA,NA,833,1002,934,68,0,1002,1479,1287,192,17,1462,1102,888,214,41,1061,797,719,78,NA,797
M1 [Ante Natal Care (ANC)],'1.4.2',Number of PW having Hb level<11 (tested cases)(7.1 to 10.9),TOTAL,37384,35881,1503,1465,35919,788,788,0,NA,788,2447,2350,97,NA,2447,1046,1046,NA,44,1002,2223,2093,130,9,2214,389,388,1,NA,389,1229,1229,0,NA,1229,860,860,NA,NA,860,2405,2395,10,103,2302,2003,1726,277,0,2003,282,282,0,NA,282,1474,1470,4,222,1252,1156,1153,3,NA,1156,1016,1016,NA,NA,1016,861,861,0,44,817,1415,1261,154,872,543,2063,2063,0,0,2063,922,922,NA,2,920,1798,1769,29,47,1751,834,834,NA,NA,834,1132,1081,51,44,1088,994,994,0,NA,994,2956,2863,93,17,2939,305,305,NA,NA,305,1888,1795,93,1,1887,2050,1816,234,17,2033,1460,1182,278,43,1417,1388,1339,49,NA,1388
M1 [Ante Natal Care (ANC)],'1.4.3',Number of PW having Hb level<7 (tested cases),TOTAL,1076,1022,54,41,1035,10,10,0,NA,10,32,31,1,NA,32,33,33,NA,1,32,54,54,0,0,54,7,7,0,NA,7,17,17,0,NA,17,22,22,NA,NA,22,50,49,1,6,44,85,78,7,0,85,41,41,0,NA,41,22,22,0,1,21,11,11,0,NA,11,13,13,NA,NA,13,18,18,0,1,17,65,60,5,27,38,38,38,0,0,38,11,11,NA,0,11,320,311,9,0,320,26,26,NA,NA,26,23,23,0,2,21,12,12,0,NA,12,43,43,0,0,43,3,3,NA,NA,3,30,29,1,0,30,49,28,21,1,48,19,14,5,2,17,22,18,4,NA,22
M1 [Ante Natal Care (ANC)],'1.4.4',Number of PW having severe anaemia (Hb<7) treated,TOTAL,739,690,49,20,719,4,4,0,NA,4,9,8,1,NA,9,14,14,NA,NA,14,39,39,0,0,39,0,0,0,NA,0,17,17,0,NA,17,19,19,NA,NA,19,17,17,NA,0,17,65,57,8,0,65,15,15,0,NA,15,22,22,0,1,21,0,0,0,NA,0,13,13,NA,NA,13,20,20,0,1,19,50,42,8,15,35,33,33,0,0,33,8,8,NA,1,7,152,143,9,0,152,7,7,NA,NA,7,34,34,0,0,34,126,126,0,NA,126,20,20,0,1,19,0,0,NA,NA,0,15,15,0,0,15,28,13,15,1,27,6,1,5,0,6,6,3,3,NA,6
M1 [Ante Natal Care (ANC)],'1.5.1',Number of PW tested for blood sugar using OGTT (Oral Glucose Tolerance Test),TOTAL,1429,1306,123,16,1413,0,0,0,NA,0,24,24,0,NA,24,0,0,NA,NA,0,65,4,61,0,65,0,0,0,NA,0,0,0,0,NA,0,0,0,NA,NA,0,72,72,NA,0,72,128,121,7,0,128,0,0,0,NA,0,0,0,0,0,0,0,0,0,NA,0,0,0,NA,NA,0,0,0,0,0,0,540,540,NA,0,540,1,1,0,0,1,182,182,NA,NA,182,267,250,17,0,267,0,0,NA,NA,0,0,0,0,0,0,0,0,0,NA,0,112,112,0,0,112,0,0,NA,NA,0,0,0,0,0,0,9,0,9,0,9,29,0,29,16,13,0,0,0,NA,0
M1 [Ante Natal Care (ANC)],'1.5.2',Number of PW tested positive for GDM,TOTAL,546,544,2,0,546,0,0,0,NA,0,0,0,0,NA,0,0,0,NA,NA,0,1,1,0,0,1,0,0,0,NA,0,0,0,0,NA,0,0,0,NA,NA,0,1,1,NA,0,1,0,0,0,0,0,0,0,0,NA,0,0,0,0,0,0,0,0,0,NA,0,0,0,NA,NA,0,0,0,0,0,0,540,540,NA,0,540,1,1,0,0,1,0,0,NA,NA,0,3,1,2,0,3,0,0,NA,NA,0,0,0,0,0,0,0,0,0,NA,0,0,0,0,0,0,0,0,NA,NA,0,0,0,0,0,0,0,0,0,NA,0,0,0,0,0,0,0,0,0,NA,0
M1 [Ante Natal Care (ANC)],'1.5.3',Number of PW given insulin out of total tested positive for GDM,TOTAL,0,0,0,0,0,0,0,0,NA,0,0,0,0,NA,0,0,0,NA,NA,0,0,0,0,0,0,0,0,0,NA,0,0,0,0,NA,0,0,0,NA,NA,0,0,0,NA,0,0,0,0,0,0,0,0,0,0,NA,0,0,0,0,0,0,0,0,0,NA,0,0,0,NA,NA,0,0,0,0,0,0,0,0,NA,0,0,0,0,0,0,0,0,0,NA,NA,0,0,0,0,0,0,0,0,NA,NA,0,0,0,0,0,0,0,0,0,NA,0,0,0,0,0,0,0,0,NA,NA,0,0,0,0,0,0,0,0,0,NA,0,0,0,0,0,0,0,0,0,NA,0
M1 [Ante Natal Care (ANC)],'1.6.1.a',Number of PW tested using POC test for Syphilis,TOTAL,214,197,17,120,94,0,0,NA,NA,0,0,0,NA,NA,0,0,0,NA,NA,0,0,0,NA,NA,0,0,0,NA,NA,0,0,0,NA,NA,0,0,0,NA,NA,0,15,15,0,NA,15,0,0,NA,NA,0,0,0,NA,NA,0,0,0,NA,0,0,0,0,0,NA,0,0,0,NA,NA,0,134,134,NA,120,14,0,0,NA,0,0,0,0,NA,NA,0,0,0,NA,NA,0,0,0,NA,NA,0,27,27,NA,NA,27,17,0,17,NA,17,0,0,NA,NA,0,21,21,0,NA,21,0,0,NA,NA,0,0,0,NA,NA,0,0,0,NA,NA,0,0,0,NA,0,0,0,0,NA,NA,0
M1 [Ante Natal Care (ANC)],'1.6.1.b',"Out of above, number of PW found sero positive for syphilis",TOTAL,0,0,0,0,0,0,0,NA,NA,0,0,0,NA,NA,0,0,0,NA,NA,0,0,0,NA,NA,0,0,0,NA,NA,0,0,0,NA,NA,0,0,0,NA,NA,0,0,0,0,NA,0,0,0,NA,NA,0,0,0,NA,NA,0,0,0,NA,0,0,0,0,0,NA,0,0,0,NA,NA,0,0,0,NA,0,0,0,0,NA,0,0,0,0,NA,NA,0,0,0,NA,NA,0,0,0,NA,NA,0,0,0,NA,NA,0,0,0,0,NA,0,0,0,NA,NA,0,0,0,0,NA,0,0,0,NA,NA,0,0,0,NA,NA,0,0,0,NA,NA,0,0,0,NA,0,0,0,0,NA,NA,0
M1 [Ante Natal Care (ANC)],'1.6.2.a',Number of pregnant women tested for Syphilis,TOTAL,17733,17223,510,438,17295,530,530,0,NA,530,625,589,36,NA,625,159,159,NA,11,148,567,539,28,0,567,334,334,0,NA,334,348,348,0,NA,348,456,456,NA,NA,456,962,858,104,9,953,589,584,5,59,530,61,61,0,NA,61,1051,1046,5,75,976,253,253,0,NA,253,345,345,NA,NA,345,1051,1051,0,0,1051,332,332,NA,205,127,1213,1213,0,0,1213,1024,1024,NA,NA,1024,744,541,203,0,744,560,560,NA,NA,560,556,539,17,12,544,531,531,0,NA,531,1960,1960,0,0,1960,778,778,NA,NA,778,662,662,0,0,662,1188,1156,32,NA,1188,349,282,67,67,282,505,492,13,NA,505
M1 [Ante Natal Care (ANC)],'1.6.2.b',Number of pregnant women tested found sero positive for Syphilis,TOTAL,31,31,0,21,10,0,0,0,NA,0,4,4,0,NA,4,1,1,NA,NA,1,1,1,0,0,1,1,1,0,NA,1,0,0,0,NA,0,0,0,NA,NA,0,0,0,0,0,0,0,0,0,0,0,0,0,0,NA,0,0,0,0,0,0,0,0,0,NA,0,0,0,NA,NA,0,1,1,0,0,1,21,21,NA,21,0,0,0,0,0,0,0,0,NA,NA,0,0,0,0,0,0,0,0,NA,NA,0,1,1,0,0,1,0,0,0,NA,0,1,1,0,0,1,0,0,NA,NA,0,0,0,0,0,0,0,0,0,NA,0,0,0,0,0,0,0,0,0,NA,0
M1 [Ante Natal Care (ANC)],'1.6.2.c',Number of syphilis positive pregnant women treated for Syphilis,TOTAL,7,7,0,0,7,0,0,0,NA,0,4,4,0,NA,4,0,0,NA,NA,0,1,1,0,0,1,0,0,0,NA,0,0,0,0,NA,0,0,0,NA,NA,0,0,0,0,0,0,0,0,0,0,0,0,0,0,NA,0,0,0,0,0,0,0,0,0,NA,0,0,0,NA,NA,0,1,1,0,0,1,0,0,NA,0,0,0,0,0,0,0,0,0,NA,NA,0,0,0,0,0,0,0,0,NA,NA,0,1,1,0,0,1,0,0,0,NA,0,0,0,0,0,0,0,0,NA,NA,0,0,0,0,0,0,0,0,0,NA,0,0,0,0,0,0,0,0,0,NA,0
M1 [Ante Natal Care (ANC)],'1.6.2.d',Number of babies diagnosed with Congenital Syphilis,TOTAL,0,0,0,0,0,0,0,0,NA,0,0,0,0,NA,0,0,0,NA,NA,0,0,0,0,0,0,0,0,0,NA,0,0,0,0,NA,0,0,0,NA,NA,0,0,0,0,0,0,0,0,0,0,0,0,0,0,NA,0,0,0,0,0,0,0,0,0,NA,0,0,0,NA,NA,0,0,0,0,0,0,0,0,NA,0,0,0,0,0,0,0,0,0,NA,NA,0,0,0,0,0,0,0,0,NA,NA,0,0,0,0,0,0,0,0,0,NA,0,0,0,0,0,0,0,0,NA,NA,0,0,0,0,0,0,0,0,0,NA,0,0,0,0,0,0,0,0,0,NA,0
M1 [Ante Natal Care (ANC)],'1.6.2.e',Number of babies treated for congenital Syphilis,TOTAL,0,0,0,0,0,0,0,0,NA,0,0,0,0,NA,0,0,0,NA,NA,0,0,0,0,0,0,0,0,0,NA,0,0,0,0,NA,0,0,0,NA,NA,0,0,0,0,0,0,0,0,0,0,0,0,0,0,NA,0,0,0,0,0,0,0,0,0,NA,0,0,0,NA,NA,0,0,0,0,0,0,0,0,NA,0,0,0,0,0,0,0,0,0,NA,NA,0,0,0,0,0,0,0,0,NA,NA,0,0,0,0,0,0,0,0,0,NA,0,0,0,0,0,0,0,0,NA,NA,0,0,0,0,NA,0,0,0,0,NA,0,0,0,0,0,0,0,0,0,NA,0
M2 [Deliveries],'2.1.1.a',Number of Home Deliveries attended by Skill Birth Attendant(SBA) (Doctor/Nurse/ANM),TOTAL,1333,1328,5,6,1327,21,21,0,NA,21,224,224,0,NA,224,4,4,NA,NA,4,63,63,0,0,63,2,2,0,NA,2,25,25,0,NA,25,2,2,NA,NA,2,362,362,0,0,362,0,0,0,0,0,35,35,0,NA,35,75,75,0,1,74,5,5,0,NA,5,56,56,NA,NA,56,2,2,0,0,2,6,6,NA,3,3,7,7,0,NA,7,61,61,NA,2,59,204,204,0,0,204,17,17,NA,NA,17,8,8,0,0,8,54,54,0,NA,54,62,62,0,0,62,16,16,NA,NA,16,2,1,1,0,2,6,5,1,0,6,8,5,3,0,8,6,6,0,NA,6
M2 [Deliveries],'2.1.1.b',Number of Home Deliveries attended by Non SBA (Trained Birth Attendant(TBA) /Relatives/etc.),TOTAL,2691,2634,57,13,2678,4,4,0,NA,4,147,147,0,NA,147,30,30,NA,4,26,37,37,0,0,37,95,95,0,NA,95,0,0,0,NA,0,2,2,NA,NA,2,1028,1022,6,0,1028,2,0,2,0,2,51,51,0,NA,51,0,0,0,0,0,6,6,0,NA,6,41,41,NA,NA,41,1,1,0,0,1,8,8,NA,0,8,21,21,0,NA,21,139,139,NA,NA,139,383,383,0,0,383,74,74,NA,NA,74,6,6,0,2,4,61,61,0,NA,61,288,288,0,7,281,0,0,NA,NA,0,2,2,0,0,2,208,180,28,0,208,33,14,19,0,33,24,22,2,NA,24
M2 [Deliveries],'2.1.2',Number of PW given Tablet Misoprostol during home delivery,TOTAL,1370,1342,28,7,1363,3,3,0,NA,3,24,24,0,NA,24,4,4,NA,4,0,0,0,0,0,0,12,12,0,NA,12,23,23,0,NA,23,1,1,NA,NA,1,691,685,6,0,691,0,0,0,0,0,49,49,0,NA,49,31,31,0,1,30,6,6,0,NA,6,72,72,NA,NA,72,1,1,0,0,1,2,2,NA,0,2,7,7,0,NA,7,66,66,NA,2,64,233,233,0,0,233,0,0,NA,NA,0,3,3,0,0,3,54,54,0,NA,54,34,34,0,0,34,15,15,NA,NA,15,2,1,1,0,2,3,1,2,0,3,33,14,19,0,33,1,1,0,NA,1
M2 [Deliveries],'2.1.3',Number of newborns received 7 Home Based Newborn Care (HBNC) visits in case of Home delivery,TOTAL,4450,4351,99,19,4431,29,29,0,NA,29,421,393,28,NA,421,33,33,NA,4,29,103,103,0,0,103,146,146,0,NA,146,24,24,0,NA,24,2,2,NA,NA,2,1480,1475,5,0,1480,7,6,1,0,7,109,109,0,NA,109,106,98,8,5,101,115,115,0,NA,115,100,100,NA,NA,100,6,6,0,0,6,19,19,NA,6,13,21,21,0,NA,21,238,238,NA,2,236,516,516,0,0,516,116,116,NA,NA,116,8,8,0,0,8,164,164,0,NA,164,345,345,0,1,344,23,23,NA,NA,23,6,4,2,0,6,222,182,40,NA,222,31,21,10,1,30,60,55,5,NA,60
M2 [Deliveries],'2.2',Number of Institutional Deliveries conducted (Including C-Sections),TOTAL,40719,34643,6076,3326,37393,597,593,4,NA,597,2508,2375,133,41,2467,1084,771,313,316,768,3444,2653,791,352,3092,468,448,20,NA,468,1460,1380,80,NA,1460,993,951,42,NA,993,2181,2121,60,8,2173,1924,1436,488,347,1577,195,195,0,NA,195,1905,1745,160,196,1709,1016,803,213,NA,1016,939,939,NA,NA,939,1124,1006,118,72,1052,1768,1768,NA,60,1708,1615,1352,263,114,1501,1127,1127,NA,NA,1127,1796,1387,409,104,1692,1161,1077,84,NA,1161,1345,1150,195,151,1194,1189,1187,2,NA,1189,4464,3309,1155,969,3495,905,595,310,NA,905,955,728,227,102,853,2284,1796,488,227,2057,1705,1255,450,267,1438,567,496,71,NA,567
M2 [Deliveries],'2.2.1',Out of total institutional deliveries number of women discharged within 48 hours of delivery,TOTAL,12778,12007,771,230,12548,232,232,0,NA,232,798,797,1,1,797,457,457,NA,0,457,757,679,78,0,757,101,89,12,NA,101,354,354,0,NA,354,435,435,NA,NA,435,1550,1539,11,0,1550,206,206,0,35,171,63,63,0,NA,63,643,625,18,18,625,125,89,36,NA,125,387,387,NA,NA,387,4,4,0,0,4,258,258,NA,1,257,79,79,0,0,79,817,817,NA,NA,817,837,665,172,0,837,255,255,NA,NA,255,773,729,44,0,773,481,479,2,NA,481,1932,1795,137,135,1797,97,54,43,NA,97,28,21,7,0,28,598,546,52,0,598,157,60,97,40,117,354,293,61,NA,354
M2 [Deliveries],'2.2.2',Number of newborns received 6 HBNC  visits after Institutional Delivery,TOTAL,43701,42334,1367,1916,41785,1237,1237,0,NA,1237,2530,2517,13,NA,2530,901,901,NA,66,835,3113,3080,33,171,2942,580,580,0,NA,580,1553,1549,4,NA,1553,1195,1195,NA,NA,1195,2321,2251,70,0,2321,1541,1289,252,100,1441,217,217,0,NA,217,1814,1814,0,99,1715,1289,1289,0,NA,1289,1184,1184,NA,NA,1184,1154,1151,3,83,1071,1237,1237,NA,1058,179,2302,2302,0,0,2302,1404,1404,NA,35,1369,2016,2016,0,52,1964,1119,1119,NA,NA,1119,1544,1491,53,48,1496,1502,1500,2,NA,1502,4695,4652,43,99,4596,1011,1011,0,NA,1011,1212,1104,108,33,1179,2367,2079,288,0,2367,1702,1277,425,72,1630,961,888,73,NA,961
M3 [Number of Caesarean (C-Section) deliveries],'3.1',Total C -Section deliveries performed,TOTAL,9806,5468,4338,2938,6868,24,24,0,NA,24,571,444,127,40,531,431,176,255,255,176,953,460,493,331,622,68,57,11,NA,68,213,139,74,NA,213,198,160,38,NA,198,171,124,47,0,171,711,369,342,277,434,50,50,0,NA,50,344,207,137,137,207,248,135,113,NA,248,1,1,NA,NA,1,508,442,66,66,442,948,828,120,133,815,375,158,217,110,265,82,82,NA,NA,82,290,82,208,94,196,232,155,77,NA,232,359,212,147,147,212,95,95,NA,NA,95,1145,195,950,857,288,444,154,290,NA,444,201,102,99,95,106,715,386,329,206,509,418,225,193,190,228,11,6,5,NA,11
M3 [Number of Caesarean (C-Section) deliveries],'3.1.1',"C-sections, performed at night (8 PM- 8 AM)",TOTAL,2371,1157,1214,846,1525,0,0,0,NA,0,110,78,32,2,108,31,31,NA,NA,31,340,134,206,152,188,4,0,4,NA,4,40,29,11,NA,40,15,4,11,NA,15,35,28,7,0,35,256,115,141,128,128,17,17,0,NA,17,74,29,45,45,29,47,23,24,NA,47,0,0,NA,NA,0,149,119,30,30,119,290,290,0,0,290,37,3,34,9,28,18,18,NA,NA,18,73,11,62,17,56,19,0,19,NA,19,87,32,55,55,32,10,10,NA,NA,10,329,25,304,278,51,97,26,71,NA,97,34,8,26,26,8,195,105,90,62,133,62,20,42,42,20,2,2,0,NA,2
M4 [Pregnancy outcome & details of new-born],'4.1.1.a',Live Birth - Male,TOTAL,22667,19440,3227,1756,20911,341,339,2,NA,341,1489,1416,73,25,1464,562,402,160,164,398,1777,1380,397,176,1601,247,239,8,NA,247,762,717,45,NA,762,493,471,22,NA,493,1799,1767,32,1,1798,977,725,252,181,796,143,143,0,NA,143,988,910,78,97,891,517,407,110,NA,517,520,520,NA,NA,520,595,537,58,33,562,975,892,83,116,859,841,692,149,60,781,657,657,NA,2,655,1218,1005,213,54,1164,638,600,38,NA,638,689,589,100,82,607,656,655,1,NA,656,2365,1792,573,474,1891,505,321,184,NA,505,477,371,106,47,430,1275,995,280,123,1152,868,635,233,121,747,293,263,30,NA,293
M4 [Pregnancy outcome & details of new-born],'4.1.1.b',Live Birth - Female,TOTAL,21647,18565,3082,1728,19919,272,270,2,NA,272,1381,1321,60,16,1365,544,393,151,154,390,1691,1301,390,179,1512,303,291,12,NA,303,708,674,34,NA,708,490,470,20,NA,490,1720,1688,32,7,1713,920,683,237,166,754,132,132,0,NA,132,970,896,74,91,879,486,385,101,NA,486,496,496,NA,NA,496,522,463,59,38,484,922,840,82,112,810,783,666,117,54,729,644,644,NA,0,644,1113,922,191,50,1063,611,565,46,NA,611,645,550,95,72,573,641,640,1,NA,641,2364,1794,570,490,1874,462,287,175,NA,462,475,354,121,56,419,1193,964,229,101,1092,863,622,241,142,721,296,254,42,NA,296
M4 [Pregnancy outcome & details of new-born],'4.1.2',Number of Pre term newborns ( < 37 weeks of pregnancy),TOTAL,1977,1843,134,63,1914,19,19,0,NA,19,212,206,6,6,206,24,24,NA,NA,24,233,221,12,0,233,9,8,1,NA,9,100,91,9,NA,100,21,21,NA,NA,21,77,77,0,0,77,116,115,1,5,111,6,6,0,NA,6,41,39,2,4,37,22,22,0,NA,22,17,17,NA,NA,17,45,45,0,0,45,263,255,8,8,255,29,26,3,1,28,9,9,NA,NA,9,43,23,20,0,43,49,49,NA,NA,49,41,15,26,23,18,55,55,0,NA,55,116,112,4,4,112,29,19,10,NA,29,47,47,0,0,47,168,148,20,6,162,87,80,7,6,81,99,94,5,NA,99
M4 [Pregnancy outcome & details of new-born],'4.1.3',Still Birth,TOTAL,907,816,91,49,858,11,11,0,NA,11,48,48,0,0,48,22,11,11,11,11,116,107,9,0,116,16,15,1,NA,16,21,20,1,NA,21,16,16,NA,NA,16,74,72,2,0,74,49,48,1,0,49,7,7,0,NA,7,37,26,11,11,26,24,22,2,NA,24,22,22,NA,NA,22,18,17,1,1,17,51,51,NA,0,51,25,25,0,0,25,31,31,NA,NA,31,59,50,9,0,59,18,18,NA,NA,18,30,28,2,0,30,12,12,0,NA,12,96,78,18,18,78,12,12,0,NA,12,11,9,2,0,11,47,35,12,4,43,27,20,7,4,23,7,5,2,NA,7
M4 [Pregnancy outcome & details of new-born],'4.2',Abortion (spontaneous),TOTAL,1894,1763,131,136,1758,135,135,0,NA,135,172,146,26,26,146,17,17,NA,NA,17,58,34,24,0,58,17,17,0,NA,17,51,51,0,NA,51,70,70,NA,NA,70,132,132,0,0,132,64,64,0,0,64,11,11,0,NA,11,125,125,0,27,98,39,39,0,NA,39,104,104,NA,NA,104,61,61,0,9,52,144,92,52,52,92,110,110,0,0,110,20,20,NA,NA,20,33,33,0,0,33,23,23,NA,NA,23,45,43,2,0,45,63,63,0,NA,63,121,116,5,3,118,28,28,0,NA,28,62,43,19,19,43,64,64,0,0,64,37,34,3,0,37,88,88,0,NA,88
M4 [Pregnancy outcome & details of new-born],'4.3.1.a',MTP up to 12 weeks of pregnancy,TOTAL,7238,6722,516,296,6942,194,194,0,NA,194,320,320,0,0,320,385,385,NA,NA,385,109,87,22,22,87,93,91,2,NA,93,685,587,98,NA,685,540,540,NA,NA,540,442,442,NA,21,421,138,138,0,0,138,51,51,0,NA,51,272,253,19,37,235,123,123,0,NA,123,80,80,NA,NA,80,213,211,2,2,211,129,110,19,37,92,398,376,22,18,380,270,270,NA,NA,270,69,49,20,20,49,280,280,NA,NA,280,645,645,0,0,645,149,149,NA,NA,149,462,426,36,36,426,194,37,157,NA,194,187,182,5,5,182,222,204,18,6,216,455,359,96,92,363,133,133,0,NA,133
M4 [Pregnancy outcome & details of new-born],'4.3.1.b',MTP more than 12 weeks of pregnancy,TOTAL,89,76,13,0,89,2,2,0,NA,2,6,6,0,0,6,0,0,NA,NA,0,0,0,0,0,0,0,0,0,NA,0,7,3,4,NA,7,5,5,NA,NA,5,0,0,NA,0,0,21,21,0,0,21,3,3,0,NA,3,0,0,0,0,0,6,6,0,NA,6,0,0,NA,NA,0,0,0,0,0,0,9,9,NA,0,9,0,0,0,0,0,0,0,NA,NA,0,0,0,0,0,0,0,0,NA,NA,0,7,7,0,0,7,0,0,NA,NA,0,9,9,0,0,9,12,3,9,NA,12,0,0,0,0,0,0,0,0,0,0,2,2,0,0,2,0,0,0,NA,0
M4 [Pregnancy outcome & details of new-born],'4.3.2.a',Post Abortion/ MTP Complications Identified,TOTAL,14,11,3,0,14,0,0,0,NA,0,3,3,0,0,3,0,0,NA,NA,0,0,0,0,0,0,0,0,0,NA,0,1,1,0,NA,1,0,0,NA,NA,0,0,0,NA,0,0,0,0,0,0,0,1,1,0,NA,1,3,3,0,0,3,0,0,0,NA,0,0,0,NA,NA,0,0,0,0,0,0,0,0,NA,0,0,0,0,0,0,0,0,0,NA,NA,0,0,0,0,0,0,3,3,NA,NA,3,0,0,0,0,0,0,0,NA,NA,0,0,0,0,0,0,2,0,2,NA,2,0,0,0,0,0,0,0,0,NA,0,1,0,1,0,1,0,0,0,NA,0
M4 [Pregnancy outcome & details of new-born],'4.3.2.b',Post Abortion/ MTP Complications Treated,TOTAL,161,159,2,0,161,0,0,0,NA,0,15,15,0,0,15,0,0,NA,NA,0,0,0,0,0,0,0,0,0,NA,0,0,0,0,NA,0,89,89,NA,NA,89,0,0,NA,0,0,0,0,0,0,0,0,0,0,NA,0,3,3,0,0,3,1,1,0,NA,1,0,0,NA,NA,0,2,2,0,0,2,0,0,NA,0,0,0,0,0,0,0,0,0,NA,NA,0,0,0,0,0,0,0,0,NA,NA,0,0,0,0,0,0,47,47,NA,NA,47,0,0,0,0,0,3,2,1,NA,3,0,0,0,0,0,0,0,0,NA,0,1,0,1,0,1,0,0,0,NA,0
M4 [Pregnancy outcome & details of new-born],'4.3.3',Number of women provided with post abortion/ MTP contraception,TOTAL,734,734,0,0,734,81,81,0,NA,81,108,108,0,0,108,0,0,NA,NA,0,4,4,0,0,4,25,25,0,NA,25,27,27,0,NA,27,34,34,NA,NA,34,97,97,NA,0,97,0,0,0,0,0,13,13,0,NA,13,10,10,0,0,10,0,0,0,NA,0,17,17,NA,NA,17,0,0,0,0,0,7,7,NA,0,7,39,39,0,0,39,1,1,NA,NA,1,0,0,0,0,0,6,6,NA,NA,6,150,150,0,0,150,7,7,NA,NA,7,30,30,0,0,30,1,1,0,NA,1,0,0,0,0,0,44,44,0,NA,44,10,10,0,0,10,23,23,0,NA,23
M4 [Pregnancy outcome & details of new-born],'4.4.1',Number of newborns weighed at birth,TOTAL,43342,37348,5994,3270,40072,613,609,4,NA,613,2787,2721,66,41,2746,1106,795,311,318,788,3468,2681,787,355,3113,550,530,20,NA,550,1464,1385,79,NA,1464,964,950,14,NA,964,3519,3455,64,8,3511,1894,1408,486,347,1547,276,276,0,NA,276,1958,1806,152,188,1770,1016,804,212,NA,1016,1016,1016,NA,NA,1016,1117,1000,117,71,1046,1948,1783,165,228,1720,1624,1358,266,114,1510,1298,1298,NA,2,1296,2331,1927,404,104,2227,847,763,84,NA,847,1343,1148,195,152,1191,1297,1295,2,NA,1297,4527,3579,948,763,3764,678,319,359,NA,678,952,725,227,103,849,2461,1954,507,224,2237,1704,1250,454,252,1452,584,513,71,NA,584
M4 [Pregnancy outcome & details of new-born],'4.4.2',Number of newborns having weight less than 2.5 kg,TOTAL,5629,4748,881,507,5122,66,66,0,NA,66,384,369,15,9,375,135,135,NA,NA,135,472,393,79,20,452,53,47,6,NA,53,141,124,17,NA,141,78,78,NA,NA,78,447,437,10,0,447,278,252,26,15,263,13,13,0,NA,13,167,125,42,44,123,143,136,7,NA,143,69,69,NA,NA,69,197,195,2,2,195,574,498,76,83,491,202,173,29,8,194,61,61,NA,NA,61,232,189,43,4,228,93,93,NA,NA,93,209,145,64,56,153,227,227,0,NA,227,502,250,252,228,274,132,44,88,NA,132,169,149,20,10,159,277,226,51,16,261,215,173,42,12,203,93,81,12,NA,93
M4 [Pregnancy outcome & details of new-born],'4.4.3',Number of Newborns breast fed within 1 hour of birth ,TOTAL,42394,36661,5733,3062,39332,613,609,4,NA,613,2821,2710,111,36,2785,1094,783,311,318,776,3464,2677,787,355,3109,550,530,20,NA,550,1438,1361,77,NA,1438,939,925,14,NA,939,3519,3455,64,8,3511,1862,1374,488,347,1515,276,276,0,NA,276,1955,1803,152,188,1767,1002,791,211,NA,1002,988,988,NA,NA,988,1116,999,117,71,1045,1886,1722,164,227,1659,1624,1358,266,114,1510,1295,1295,NA,2,1293,2320,1920,400,104,2216,1163,1163,NA,NA,1163,1202,1051,151,108,1094,1294,1292,2,NA,1294,4283,3511,772,598,3685,966,607,359,NA,966,949,723,226,102,847,1508,1003,505,221,1287,1686,1223,463,263,1423,581,512,69,NA,581
M5 [Complicated Pregnancies],'5.1',"Number of cases of pregnant women with Obstetric Complications attended (Antepartum haemorrhage (APH), Post-Partum Hemorrhage (PPH), Sepsis, Eclampsia and others)",TOTAL,3719,2753,966,793,2926,13,13,0,NA,13,49,49,0,0,49,279,24,255,255,24,394,364,30,0,394,8,8,0,NA,8,400,400,0,NA,400,47,47,NA,NA,47,124,124,NA,0,124,462,144,318,320,142,2,2,0,NA,2,106,100,6,7,99,62,62,0,NA,62,70,70,NA,NA,70,206,161,45,38,168,310,260,50,63,247,57,46,11,0,57,25,25,NA,NA,25,422,267,155,81,341,14,14,NA,NA,14,26,26,0,0,26,103,103,NA,NA,103,260,260,0,0,260,58,21,37,NA,58,70,70,0,0,70,47,16,31,3,44,97,69,28,26,71,8,8,0,NA,8
M5 [Complicated Pregnancies],'5.2',Number of Complicated pregnancies treated with Blood Transfusion,TOTAL,1948,1948,0,0,1948,0,0,NA,NA,0,285,285,NA,NA,285,31,31,NA,NA,31,191,191,0,0,191,0,0,0,NA,0,92,92,0,NA,92,0,0,NA,NA,0,126,126,NA,NA,126,259,259,0,NA,259,19,19,NA,NA,19,79,79,0,0,79,1,1,0,NA,1,20,20,NA,NA,20,32,32,0,0,32,469,469,NA,0,469,27,27,0,0,27,7,7,NA,NA,7,0,0,0,0,0,25,25,NA,NA,25,85,85,0,0,85,17,17,NA,NA,17,51,51,0,0,51,19,19,0,NA,19,5,5,0,NA,5,88,88,0,NA,88,20,20,0,0,20,0,0,NA,NA,0
M6 [Post Natal Care (PNC)],'6.1',Women receiving 1st post partum checkup within 48 hours of home delivery,TOTAL,4475,4411,64,14,4461,26,26,0,NA,26,445,445,0,0,445,34,34,NA,4,30,100,100,0,0,100,76,76,0,NA,76,38,38,0,NA,38,3,3,NA,NA,3,1390,1384,6,0,1390,2,0,2,0,2,67,67,0,NA,67,70,70,0,1,69,10,10,0,NA,10,122,122,NA,NA,122,11,11,0,0,11,10,10,NA,0,10,28,28,0,0,28,327,327,NA,2,325,577,577,0,0,577,113,113,NA,NA,113,21,21,0,2,19,383,383,0,NA,383,317,317,0,5,312,18,18,NA,NA,18,4,3,1,0,4,151,127,24,0,151,52,25,27,0,52,80,76,4,NA,80
M6 [Post Natal Care (PNC)],'6.2',Women receiving 1st post partum checkup between 48 hours and 14 days,TOTAL,39962,37702,2260,1350,38612,1022,1022,0,NA,1022,2722,2652,70,41,2681,680,680,NA,41,639,2085,1950,135,0,2085,339,339,0,NA,339,1443,1440,3,NA,1443,899,899,NA,NA,899,2877,2834,43,0,2877,2172,1570,602,404,1768,98,98,0,NA,98,1437,1436,1,58,1379,1006,998,8,NA,1006,971,971,NA,NA,971,1696,1694,2,85,1611,510,510,NA,258,252,1691,1691,0,0,1691,1203,1203,NA,17,1186,1678,1584,94,2,1676,770,770,NA,NA,770,2020,1912,108,39,1981,1794,1792,2,NA,1794,3840,3829,11,83,3757,1423,1129,294,NA,1423,1599,1372,227,111,1488,1889,1615,274,93,1796,1339,1000,339,118,1221,759,712,47,NA,759
M6 [Post Natal Care (PNC)],'6.3',Number of mothers provided full course of 180 IFA tablets after delivery,TOTAL,48931,46160,2771,1530,47401,1132,1132,0,NA,1132,2690,2667,23,0,2690,1117,1117,NA,66,1051,2615,2285,330,0,2615,357,357,0,NA,357,2248,2245,3,NA,2248,922,922,NA,NA,922,3764,3688,76,0,3764,2513,1981,532,430,2083,147,147,0,NA,147,1934,1894,40,104,1830,1072,1063,9,NA,1072,1309,1309,NA,NA,1309,1834,1832,2,78,1756,2460,2460,NA,482,1978,2034,1976,58,0,2034,1237,1237,NA,14,1223,2321,2321,0,2,2319,1221,1221,NA,NA,1221,1624,1565,59,41,1583,1192,1190,2,NA,1192,4761,4738,23,77,4684,1264,1161,103,NA,1264,1456,1344,112,50,1406,2975,1951,1024,101,2874,1939,1621,318,85,1854,793,736,57,NA,793
M6 [Post Natal Care (PNC)],'6.4',Number of mothers provided 360 Calcium tablets after delivery,TOTAL,45787,43797,1990,1526,44261,1105,1105,0,NA,1105,2673,2650,23,0,2673,1110,1110,NA,66,1044,2759,2430,329,0,2759,283,283,0,NA,283,2318,2315,3,NA,2318,916,916,NA,NA,916,3661,3586,75,0,3661,2431,1902,529,426,2005,153,153,0,NA,153,1942,1902,40,104,1838,1039,1030,9,NA,1039,1170,1170,NA,NA,1170,1835,1833,2,78,1757,2459,2459,NA,485,1974,1987,1929,58,0,1987,1158,1158,NA,11,1147,2252,2252,0,2,2250,1215,1215,NA,NA,1215,1525,1473,52,41,1484,1173,1171,2,NA,1173,4500,4481,19,77,4423,1176,1073,103,NA,1176,1427,1318,109,50,1377,943,669,274,101,842,1903,1576,327,85,1818,674,638,36,NA,674
M7 [Reproductive Tract Infections/Sexually Transmitted Infections (RTI/STI) Cases],'7.1.1',New RTI/STI cases identified - Male,TOTAL,700,684,16,0,700,1,1,0,NA,1,5,5,0,NA,5,24,24,NA,NA,24,26,26,0,0,26,11,11,0,NA,11,33,33,0,NA,33,45,45,NA,NA,45,22,22,NA,0,22,2,2,0,0,2,16,0,16,NA,16,1,1,0,0,1,86,86,0,NA,86,80,80,NA,NA,80,27,27,0,0,27,61,61,NA,0,61,28,28,0,0,28,0,0,NA,NA,0,0,0,0,0,0,37,37,NA,NA,37,0,0,0,0,0,9,9,0,NA,9,46,46,0,0,46,63,63,NA,NA,63,11,11,0,0,11,35,35,0,0,35,2,2,0,0,2,29,29,0,NA,29
M7 [Reproductive Tract Infections/Sexually Transmitted Infections (RTI/STI) Cases],'7.1.2',New RTI/STI cases identified - Female,TOTAL,1651,1639,12,2,1649,13,13,0,NA,13,13,7,6,NA,13,35,35,NA,NA,35,141,141,0,0,141,29,29,0,NA,29,55,55,0,NA,55,149,149,NA,NA,149,134,134,NA,0,134,10,10,0,0,10,6,0,6,NA,6,108,108,0,0,108,98,98,0,NA,98,167,167,NA,NA,167,53,53,0,0,53,70,70,NA,2,68,55,55,0,0,55,0,0,NA,NA,0,1,1,0,0,1,62,62,NA,NA,62,0,0,0,0,0,59,59,0,NA,59,126,126,0,0,126,102,102,NA,NA,102,26,26,0,0,26,55,55,0,0,55,35,35,0,0,35,49,49,0,NA,49
M7 [Reproductive Tract Infections/Sexually Transmitted Infections (RTI/STI) Cases],'7.2.1',RTI/STI for which treatment initiated - Male,TOTAL,607,607,0,0,607,1,1,0,NA,1,0,0,0,NA,0,16,16,NA,NA,16,26,26,0,0,26,11,11,0,NA,11,33,33,0,NA,33,45,45,NA,NA,45,22,22,NA,0,22,0,0,0,0,0,0,0,0,NA,0,1,1,0,0,1,79,79,0,NA,79,80,80,NA,NA,80,27,27,0,0,27,36,36,NA,0,36,28,28,0,0,28,0,0,NA,NA,0,0,0,0,0,0,5,5,NA,NA,5,0,0,0,0,0,9,9,0,NA,9,46,46,0,0,46,65,65,NA,NA,65,11,11,0,0,11,35,35,0,0,35,2,2,0,0,2,29,29,0,NA,29
M7 [Reproductive Tract Infections/Sexually Transmitted Infections (RTI/STI) Cases],'7.2.2',RTI/STI for which treatment initiated -Female,TOTAL,1625,1613,12,2,1623,13,13,0,NA,13,12,0,12,NA,12,26,26,NA,NA,26,141,141,0,0,141,27,27,0,NA,27,55,55,0,NA,55,149,149,NA,NA,149,134,134,NA,0,134,6,6,0,0,6,0,0,0,NA,0,108,108,0,0,108,90,90,0,NA,90,167,167,NA,NA,167,34,34,0,0,34,116,116,NA,2,114,55,55,0,0,55,0,0,NA,NA,0,0,0,0,0,0,38,38,NA,NA,38,0,0,0,0,0,59,59,0,NA,59,126,126,0,0,126,107,107,NA,NA,107,26,26,0,0,26,55,55,0,0,55,35,35,0,0,35,46,46,0,NA,46
M8 [Family Planning],'8.1.1',Number of Non Scalpel Vasectomy (NSV) / Conventional Vasectomy conducted,TOTAL,25,25,0,1,24,16,16,0,NA,16,0,0,0,0,0,0,0,NA,NA,0,6,6,0,0,6,0,0,0,NA,0,0,0,0,NA,0,0,0,NA,NA,0,0,0,NA,0,0,0,0,0,0,0,0,0,0,NA,0,1,1,0,1,0,0,0,0,NA,0,0,0,NA,NA,0,0,0,0,0,0,0,0,NA,0,0,0,0,0,0,0,0,0,NA,NA,0,0,0,0,0,0,0,0,NA,NA,0,0,0,0,0,0,0,0,0,NA,0,2,2,0,0,2,0,0,NA,NA,0,0,0,0,0,0,0,0,0,NA,0,0,0,0,0,0,0,0,0,NA,0
M8 [Family Planning],'8.2.1',Number of Laparoscopic sterilizations (excluding post abortion) conducted,TOTAL,977,976,1,1,976,34,34,0,NA,34,10,10,0,0,10,0,0,NA,NA,0,134,134,0,0,134,11,11,0,NA,11,52,52,0,NA,52,0,0,NA,NA,0,0,0,NA,0,0,4,4,0,0,4,0,0,0,NA,0,0,0,0,0,0,4,4,0,NA,4,53,53,NA,NA,53,88,88,0,0,88,1,0,1,1,0,0,0,0,0,0,7,7,NA,NA,7,22,22,0,0,22,0,0,NA,NA,0,0,0,0,0,0,0,0,0,NA,0,0,0,0,0,0,168,168,NA,NA,168,11,11,0,0,11,68,68,0,NA,68,310,310,0,0,310,0,0,0,NA,0
M8 [Family Planning],'8.2.2',Number of Interval Mini-lap (other than post-partum and post abortion) sterilizations conducted,TOTAL,47,41,6,6,41,0,0,0,NA,0,6,6,0,0,6,0,0,NA,NA,0,0,0,0,0,0,0,0,0,NA,0,0,0,0,NA,0,2,2,NA,NA,2,0,0,NA,0,0,24,24,0,0,24,0,0,0,NA,0,0,0,0,0,0,0,0,0,NA,0,0,0,NA,NA,0,0,0,0,0,0,6,0,6,6,0,0,0,0,0,0,6,6,NA,NA,6,0,0,0,0,0,0,0,NA,NA,0,0,0,0,0,0,0,0,0,NA,0,1,1,0,0,1,0,0,NA,NA,0,0,0,0,0,0,0,0,0,NA,0,2,2,0,0,2,0,0,0,NA,0
M8 [Family Planning],'8.2.3',Number of Postpartum sterilizations (within 7 days of delivery by minilap or concurrent with caesarean section) conducted,TOTAL,1038,874,164,112,926,5,5,0,NA,5,86,79,7,7,79,59,32,27,27,32,97,85,12,0,97,4,4,0,NA,4,28,28,0,NA,28,20,20,NA,NA,20,29,29,NA,0,29,0,0,0,0,0,1,1,0,NA,1,36,30,6,6,30,28,26,2,NA,28,0,0,NA,NA,0,50,50,0,0,50,186,186,NA,0,186,41,41,0,0,41,6,6,NA,NA,6,21,15,6,6,15,18,18,NA,NA,18,60,60,0,0,60,8,8,0,NA,8,89,24,65,65,24,49,11,38,NA,49,22,22,0,0,22,37,37,0,NA,37,58,57,1,1,57,0,0,0,NA,0
M8 [Family Planning],'8.2.4',Number of Post Abortion sterilizations (within 7 days of spontaneous or surgical abortion) conducted,TOTAL,27,27,0,0,27,6,6,0,NA,6,0,0,0,0,0,0,0,NA,NA,0,10,10,0,0,10,0,0,0,NA,0,0,0,0,NA,0,0,0,NA,NA,0,0,0,NA,0,0,0,0,0,0,0,0,0,0,NA,0,0,0,0,0,0,0,0,0,NA,0,0,0,NA,NA,0,0,0,0,0,0,0,0,NA,0,0,0,0,0,0,0,3,3,NA,NA,3,0,0,0,0,0,0,0,NA,NA,0,0,0,0,0,0,0,0,0,NA,0,0,0,0,0,0,0,0,NA,NA,0,0,0,0,0,0,2,2,0,NA,2,6,6,0,0,6,0,0,0,NA,0
M8 [Family Planning],'8.3',Number of Interval IUCD Insertions (excluding PPIUCD and PAIUCD),TOTAL,3796,3781,15,25,3771,41,41,0,NA,41,166,166,0,0,166,116,116,NA,2,114,134,134,0,0,134,93,93,0,NA,93,223,223,0,NA,223,106,106,NA,NA,106,285,279,6,4,281,63,60,3,2,61,4,4,0,NA,4,102,102,0,1,101,274,274,0,NA,274,461,461,NA,NA,461,78,78,0,0,78,17,17,NA,16,1,233,233,0,0,233,183,183,NA,NA,183,80,80,0,0,80,60,60,NA,NA,60,130,130,0,0,130,397,397,0,NA,397,118,118,0,0,118,256,253,3,NA,256,30,30,0,0,30,46,45,1,NA,46,56,54,2,0,56,44,44,0,NA,44
M8 [Family Planning],'8.4',Number of Postpartum (within 48 hours of delivery) IUCD insertions,TOTAL,7542,7539,3,46,7496,227,227,0,NA,227,389,389,0,0,389,78,78,NA,NA,78,703,703,0,0,703,35,35,0,NA,35,130,130,0,NA,130,280,280,NA,NA,280,210,210,0,2,208,461,461,0,31,430,42,42,0,NA,42,220,220,0,6,214,274,274,0,NA,274,299,299,NA,NA,299,208,208,0,0,208,800,800,NA,7,793,292,292,0,0,292,100,100,NA,NA,100,162,162,0,0,162,132,132,NA,NA,132,328,328,0,0,328,108,108,0,NA,108,748,748,0,0,748,205,202,3,NA,205,294,294,0,0,294,245,245,0,NA,245,520,520,0,0,520,52,52,0,NA,52
M8 [Family Planning],'8.5',Number of Post Abortion (within 12 days of spontaneous or surgical abortion) IUCD insertions,TOTAL,1308,1308,0,5,1303,58,58,0,NA,58,102,102,0,0,102,36,36,NA,NA,36,16,16,0,0,16,37,37,0,NA,37,99,99,0,NA,99,54,54,NA,NA,54,29,29,NA,1,28,41,41,0,0,41,11,11,0,NA,11,43,43,0,4,39,48,48,0,NA,48,66,66,NA,NA,66,57,57,0,0,57,7,7,NA,0,7,70,70,0,0,70,83,83,NA,NA,83,10,10,0,0,10,18,18,NA,NA,18,129,129,0,0,129,24,24,0,NA,24,115,115,0,0,115,1,1,NA,NA,1,11,11,0,0,11,41,41,0,NA,41,91,91,0,0,91,11,11,0,NA,11
M8 [Family Planning],'8.6',Number of IUCD Removals,TOTAL,908,899,9,26,882,37,37,0,NA,37,25,25,0,0,25,19,19,NA,NA,19,10,10,0,0,10,49,48,1,NA,49,34,34,0,NA,34,59,59,NA,NA,59,20,20,0,0,20,39,39,0,12,27,11,11,0,NA,11,24,24,0,0,24,25,25,0,NA,25,36,36,NA,NA,36,19,19,0,0,19,51,50,1,14,37,75,75,0,0,75,44,44,NA,NA,44,10,10,0,0,10,59,59,NA,NA,59,27,27,0,0,27,27,27,0,NA,27,60,60,0,0,60,22,18,4,NA,22,22,22,0,0,22,27,24,3,NA,27,34,34,0,0,34,43,43,0,NA,43
M8 [Family Planning],'8.7',Number of complications following IUCD Insertion,TOTAL,201,199,2,1,200,1,1,0,NA,1,7,7,0,0,7,1,1,NA,NA,1,2,1,1,0,2,15,15,0,NA,15,12,12,0,NA,12,6,6,NA,NA,6,4,4,0,0,4,2,2,0,0,2,1,1,0,NA,1,0,0,0,0,0,0,0,0,NA,0,3,3,NA,NA,3,3,3,0,0,3,0,0,NA,0,0,5,5,0,0,5,5,5,NA,NA,5,13,13,0,0,13,12,12,NA,NA,12,46,46,0,0,46,0,0,0,NA,0,39,39,0,0,39,2,2,NA,NA,2,1,0,1,1,0,1,1,0,NA,1,16,16,0,0,16,4,4,0,NA,4
M8 [Family Planning],'8.8',Injectable Contraceptive-Antara Program- First Dose,TOTAL,1865,1859,6,52,1813,39,39,0,NA,39,33,33,0,NA,33,58,58,NA,7,51,55,55,0,0,55,29,29,0,NA,29,22,22,0,NA,22,86,86,NA,NA,86,235,229,6,17,218,20,20,0,1,19,0,0,0,NA,0,98,98,0,11,87,35,35,0,NA,35,229,229,NA,NA,229,50,50,0,6,44,52,52,NA,9,43,95,95,0,0,95,31,31,NA,0,31,293,293,0,1,292,154,154,NA,NA,154,54,54,0,0,54,7,7,0,NA,7,26,26,0,0,26,38,38,NA,NA,38,27,27,0,0,27,29,29,0,NA,29,47,47,0,0,47,23,23,0,NA,23
M8 [Family Planning],'8.9',Injectable Contraceptive-Antara Program- Second Dose,TOTAL,1192,1182,10,31,1161,22,22,0,NA,22,30,30,0,NA,30,37,37,NA,10,27,36,36,0,0,36,11,11,0,NA,11,10,10,0,NA,10,59,59,NA,NA,59,250,240,10,15,235,15,15,0,2,13,0,0,0,NA,0,30,30,0,3,27,21,21,0,NA,21,201,201,NA,NA,201,17,17,0,0,17,11,11,NA,0,11,66,66,0,0,66,15,15,NA,0,15,94,94,0,1,93,68,68,NA,NA,68,17,17,0,0,17,15,15,0,NA,15,24,24,0,0,24,61,61,NA,NA,61,14,14,0,0,14,17,17,0,NA,17,39,39,0,0,39,12,12,0,NA,12
M8 [Family Planning],'8.10',Injectable Contraceptive-Antara Program- Third Dose,TOTAL,959,954,5,24,935,23,23,0,NA,23,42,42,0,NA,42,32,32,NA,6,26,39,39,0,0,39,17,17,0,NA,17,27,27,0,NA,27,53,53,NA,NA,53,193,190,3,8,185,23,23,0,2,21,0,0,0,NA,0,27,27,0,0,27,23,23,0,NA,23,129,129,NA,NA,129,17,17,0,4,13,15,15,NA,0,15,83,83,0,0,83,11,11,NA,2,9,94,94,0,2,92,13,13,NA,NA,13,10,10,0,0,10,5,5,0,NA,5,12,12,0,0,12,20,20,NA,NA,20,7,7,0,0,7,7,7,0,NA,7,15,13,2,0,15,22,22,0,NA,22
M8 [Family Planning],'8.11',Injectable Contraceptive-Antara Program- Fourth or more than fourth,TOTAL,655,650,5,11,644,3,3,0,NA,3,11,11,0,NA,11,16,16,NA,3,13,10,10,0,0,10,5,5,0,NA,5,16,16,0,NA,16,21,21,NA,NA,21,83,82,1,5,78,2,2,0,0,2,0,0,0,NA,0,18,18,0,0,18,112,112,0,NA,112,110,110,NA,NA,110,4,4,0,0,4,20,20,NA,0,20,28,28,0,0,28,7,7,NA,2,5,74,74,0,1,73,5,5,NA,NA,5,12,12,0,0,12,10,10,0,NA,10,11,11,0,0,11,2,2,NA,NA,2,3,3,0,0,3,7,6,1,NA,7,33,30,3,0,33,32,32,0,NA,32
M8 [Family Planning],'8.12',Number of Combined Oral Pill cycles distributed,TOTAL,170689,165415,5274,5418,165271,5440,5440,0,NA,5440,12897,12633,264,NA,12897,5988,5988,NA,743,5245,5076,5015,61,129,4947,2148,2148,0,NA,2148,5392,5365,27,NA,5392,7831,7831,NA,NA,7831,14794,14340,454,212,14582,4605,4057,548,336,4269,814,814,0,NA,814,9161,9112,49,731,8430,7130,6990,140,NA,7130,4260,4260,NA,NA,4260,2787,2787,0,232,2555,2963,2963,NA,1990,973,11346,11346,0,0,11346,3715,3715,NA,295,3420,4798,4798,0,35,4763,9645,9645,NA,NA,9645,7205,6981,224,175,7030,3496,3496,0,NA,3496,7834,7813,21,158,7676,7739,7739,NA,NA,7739,5576,4890,686,27,5549,7453,6358,1095,49,7404,6825,5510,1315,306,6519,3771,3381,390,NA,3771
M8 [Family Planning],'8.13',Number of Condom pieces distributed,TOTAL,364590,357458,7132,12264,352326,7917,7917,0,NA,7917,16861,15961,900,NA,16861,11906,11706,200,749,11157,16486,16383,103,760,15726,3353,3353,0,NA,3353,12074,12049,25,NA,12074,12204,12204,NA,NA,12204,29208,28734,474,1450,27758,12023,10544,1479,694,11329,2589,2589,0,NA,2589,21330,20900,430,1450,19880,11637,11557,80,NA,11637,15706,15706,NA,NA,15706,9271,9271,0,1400,7871,7281,7281,NA,2717,4564,30812,30812,0,0,30812,23124,23124,NA,1644,21480,13952,13952,0,95,13857,10622,10622,NA,NA,10622,10604,10363,241,609,9995,6957,6957,0,NA,6957,14559,14548,11,203,14356,19992,19992,NA,NA,19992,15241,14627,614,0,15241,12122,10711,1411,41,12081,11296,10462,834,452,10844,5463,5133,330,NA,5463
M8 [Family Planning],'8.14',Number of Centchroman (weekly) pill strips distributed,TOTAL,8800,8741,59,265,8535,32,32,0,NA,32,175,175,0,NA,175,121,121,NA,5,116,232,232,0,0,232,55,55,0,NA,55,185,185,0,NA,185,150,150,NA,NA,150,1208,1208,0,86,1122,2593,2593,0,2,2591,0,0,0,NA,0,536,536,0,92,444,335,335,0,NA,335,241,241,NA,NA,241,27,27,0,26,1,43,43,NA,4,39,668,668,0,0,668,97,97,NA,1,96,294,294,0,0,294,115,115,NA,NA,115,93,85,8,0,93,51,51,0,NA,51,358,358,0,49,309,6,6,NA,NA,6,206,206,0,0,206,176,151,25,NA,176,735,710,25,0,735,68,67,1,NA,68
M8 [Family Planning],'8.15',Number of Emergency Contraceptive Pills (ECP) given,TOTAL,3647,3602,45,319,3328,47,47,0,NA,47,274,274,0,NA,274,164,164,NA,3,161,108,108,0,37,71,43,43,0,NA,43,27,27,0,NA,27,45,45,NA,NA,45,530,530,0,36,494,57,57,0,0,57,23,23,0,NA,23,474,474,0,22,452,87,87,0,NA,87,256,256,NA,NA,256,8,8,0,4,4,202,202,NA,180,22,198,198,0,0,198,29,29,NA,NA,29,185,185,0,12,173,135,135,NA,NA,135,109,109,0,10,99,42,42,0,NA,42,200,200,0,15,185,83,83,NA,NA,83,17,17,0,0,17,46,42,4,NA,46,208,167,41,0,208,50,50,0,NA,50
M8 [Family Planning],'8.16',Number of Pregnancy Test Kits (PTK) used,TOTAL,32011,31115,896,1221,30790,816,816,0,NA,816,1305,1281,24,NA,1305,663,663,NA,107,556,2086,1956,130,190,1896,473,473,0,NA,473,883,883,0,NA,883,1057,1057,NA,NA,1057,2988,2922,66,56,2932,1450,1337,113,110,1340,303,303,0,NA,303,1247,1241,6,161,1086,1087,1081,6,NA,1087,1190,1190,NA,NA,1190,1000,1000,0,120,880,1135,1135,NA,379,756,1158,1158,0,0,1158,1126,1126,NA,24,1102,2139,2139,0,0,2139,1083,1083,NA,NA,1083,813,768,45,0,813,354,354,0,NA,354,2574,2550,24,20,2554,794,794,NA,NA,794,1233,1178,55,0,1233,1261,1152,109,NA,1261,1155,892,263,54,1101,638,583,55,NA,638
M8 [Family Planning],'8.17.1',Complications following male sterilization,TOTAL,0,0,0,0,0,0,0,0,NA,0,0,0,0,0,0,0,0,NA,NA,0,0,0,0,0,0,0,0,0,NA,0,0,0,0,NA,0,0,0,NA,NA,0,0,0,0,0,0,0,0,0,0,0,0,0,0,NA,0,0,0,0,0,0,0,0,0,NA,0,0,0,NA,NA,0,0,0,0,0,0,0,0,NA,0,0,0,0,0,0,0,0,0,NA,NA,0,0,0,0,0,0,0,0,NA,NA,0,0,0,0,0,0,0,0,0,NA,0,0,0,0,0,0,0,0,NA,NA,0,0,0,0,0,0,0,0,0,NA,0,0,0,0,0,0,0,0,0,NA,0
M8 [Family Planning],'8.17.2',Complications following female sterilization,TOTAL,6,6,0,0,6,0,0,0,NA,0,2,2,0,0,2,0,0,NA,NA,0,0,0,0,0,0,0,0,0,NA,0,0,0,0,NA,0,0,0,NA,NA,0,0,0,0,0,0,0,0,0,0,0,0,0,0,NA,0,0,0,0,0,0,0,0,0,NA,0,0,0,NA,NA,0,0,0,0,0,0,0,0,NA,0,0,0,0,0,0,0,0,0,NA,NA,0,0,0,0,0,0,0,0,NA,NA,0,0,0,0,0,0,0,0,0,NA,0,0,0,0,0,0,3,3,NA,NA,3,0,0,0,0,0,0,0,0,NA,0,0,0,0,0,0,1,1,0,NA,1
M8 [Family Planning],'8.17.3',Failures following male sterilization,TOTAL,0,0,0,0,0,0,0,0,NA,0,0,0,0,0,0,0,0,NA,NA,0,0,0,0,0,0,0,0,0,NA,0,0,0,0,NA,0,0,0,NA,NA,0,0,0,NA,0,0,0,0,0,0,0,0,0,0,NA,0,0,0,0,0,0,0,0,0,NA,0,0,0,NA,NA,0,0,0,0,0,0,0,0,NA,0,0,0,0,0,0,0,0,0,NA,NA,0,0,0,0,0,0,0,0,NA,NA,0,0,0,0,0,0,0,0,0,NA,0,0,0,0,0,0,0,0,NA,NA,0,0,0,0,0,0,0,0,0,NA,0,0,0,0,0,0,0,0,0,NA,0
M8 [Family Planning],'8.17.4',Failures following female sterilization,TOTAL,1,1,0,0,1,0,0,0,NA,0,0,0,0,0,0,0,0,NA,NA,0,0,0,0,0,0,0,0,0,NA,0,0,0,0,NA,0,0,0,NA,NA,0,0,0,NA,0,0,0,0,0,0,0,0,0,0,NA,0,0,0,0,0,0,0,0,0,NA,0,0,0,NA,NA,0,0,0,0,0,0,0,0,NA,0,0,0,0,0,0,0,0,0,NA,NA,0,0,0,0,0,0,0,0,NA,NA,0,0,0,0,0,0,0,0,0,NA,0,0,0,0,0,0,1,1,NA,NA,1,0,0,0,0,0,0,0,0,NA,0,0,0,0,0,0,0,0,0,NA,0
M8 [Family Planning],'8.17.5',Deaths following male sterilization,TOTAL,0,0,0,0,0,0,0,0,NA,0,0,0,0,0,0,0,0,NA,NA,0,0,0,0,0,0,0,0,0,NA,0,0,0,0,NA,0,0,0,NA,NA,0,0,0,NA,0,0,0,0,0,0,0,0,0,0,NA,0,0,0,0,0,0,0,0,0,NA,0,0,0,NA,NA,0,0,0,0,0,0,0,0,NA,0,0,0,0,0,0,0,0,0,NA,NA,0,0,0,0,0,0,0,0,NA,NA,0,0,0,0,0,0,0,0,0,NA,0,0,0,0,0,0,0,0,NA,NA,0,0,0,0,0,0,0,0,0,NA,0,0,0,0,0,0,0,0,0,NA,0
M8 [Family Planning],'8.17.6',Deaths following female sterilization,TOTAL,0,0,0,0,0,0,0,0,NA,0,0,0,0,0,0,0,0,NA,NA,0,0,0,0,0,0,0,0,0,NA,0,0,0,0,NA,0,0,0,NA,NA,0,0,0,NA,0,0,0,0,0,0,0,0,0,0,NA,0,0,0,0,0,0,0,0,0,NA,0,0,0,NA,NA,0,0,0,0,0,0,0,0,NA,0,0,0,0,0,0,0,0,0,NA,NA,0,0,0,0,0,0,0,0,NA,NA,0,0,0,0,0,0,0,0,0,NA,0,0,0,0,0,0,0,0,NA,NA,0,0,0,0,0,0,0,0,0,NA,0,0,0,0,0,0,0,0,0,NA,0
M9 [CHILD IMMUNISATION],'9.1.1',Child immunisation - Vitamin K1 (Birth Dose),TOTAL,32807,29719,3088,1622,31185,546,546,0,NA,546,2085,2085,0,0,2085,794,723,71,74,720,3295,2539,756,355,2940,321,306,15,NA,321,1287,1275,12,NA,1287,890,890,NA,NA,890,1485,1427,58,0,1485,1787,1400,387,347,1440,168,168,0,NA,168,1798,1667,131,161,1637,755,703,52,NA,755,905,905,NA,NA,905,976,970,6,0,976,1886,1723,163,223,1663,1204,1204,0,0,1204,971,971,NA,0,971,1542,1281,261,0,1542,892,892,NA,NA,892,1057,1035,22,0,1057,883,883,0,NA,883,3479,2979,500,331,3148,919,591,328,NA,919,592,590,2,0,592,898,730,168,51,847,1032,885,147,80,952,360,351,9,NA,360
M9 [CHILD IMMUNISATION],'9.1.2',Child immunisation - BCG,TOTAL,46168,42474,3694,2491,43677,959,959,0,NA,959,3143,3057,86,0,3143,970,943,27,71,899,3551,2893,658,373,3178,650,650,0,NA,650,1406,1352,54,NA,1406,982,982,NA,NA,982,3489,3415,74,14,3475,1949,1427,522,351,1598,221,217,4,NA,221,1602,1586,16,83,1519,754,740,14,NA,754,1193,1193,NA,NA,1193,1147,1074,73,83,1064,2418,2256,162,851,1567,1741,1741,0,0,1741,1395,1395,NA,6,1389,2676,2388,288,31,2645,1104,1104,NA,NA,1104,1264,1232,32,10,1254,1642,1642,0,NA,1642,4608,3992,616,457,4151,1052,696,356,NA,1052,879,826,53,55,824,2859,2489,370,64,2795,1715,1477,238,42,1673,799,748,51,NA,799
M9 [CHILD IMMUNISATION],'9.1.3',Child immunisation - DPT1,TOTAL,0,0,0,0,0,0,0,NA,NA,0,NA,NA,NA,NA,NA,NA,NA,NA,NA,NA,NA,NA,NA,NA,NA,NA,NA,NA,NA,NA,NA,NA,NA,NA,NA,0,0,NA,NA,0,0,0,NA,NA,0,0,NA,0,NA,0,NA,NA,NA,NA,NA,NA,NA,NA,NA,NA,0,0,NA,NA,0,NA,NA,NA,NA,NA,NA,NA,NA,NA,NA,0,NA,0,0,NA,0,0,NA,NA,0,NA,NA,NA,NA,NA,0,0,NA,0,0,NA,NA,NA,NA,NA,0,0,NA,NA,0,NA,NA,NA,NA,NA,0,NA,0,0,NA,0,NA,0,NA,0,NA,NA,NA,NA,NA,NA,NA,NA,NA,NA,NA,NA,NA,NA,NA,NA,NA,NA,NA,NA
M9 [CHILD IMMUNISATION],'9.1.4',Child immunisation - DPT2,TOTAL,0,0,0,0,0,0,0,NA,NA,0,NA,NA,NA,NA,NA,NA,NA,NA,NA,NA,NA,NA,NA,NA,NA,NA,NA,NA,NA,NA,NA,NA,NA,NA,NA,0,0,NA,NA,0,0,0,NA,NA,0,0,NA,0,NA,0,NA,NA,NA,NA,NA,NA,NA,NA,NA,NA,0,0,NA,NA,0,NA,NA,NA,NA,NA,NA,NA,NA,NA,NA,0,NA,0,0,NA,0,0,NA,NA,0,NA,NA,NA,NA,NA,0,0,NA,0,0,NA,NA,NA,NA,NA,0,0,NA,NA,0,NA,NA,NA,NA,NA,0,NA,0,0,NA,0,NA,0,NA,0,NA,NA,NA,NA,NA,NA,NA,NA,NA,NA,NA,NA,NA,NA,NA,NA,NA,NA,NA,NA
M9 [CHILD IMMUNISATION],'9.1.5',Child immunisation - DPT3,TOTAL,0,0,0,0,0,0,0,NA,NA,0,NA,NA,NA,NA,NA,NA,NA,NA,NA,NA,NA,NA,NA,NA,NA,NA,NA,NA,NA,NA,NA,NA,NA,NA,NA,0,0,NA,NA,0,0,0,NA,NA,0,0,NA,0,NA,0,NA,NA,NA,NA,NA,NA,NA,NA,NA,NA,0,0,NA,NA,0,NA,NA,NA,NA,NA,NA,NA,NA,NA,NA,0,NA,0,0,NA,0,0,NA,NA,0,NA,NA,NA,NA,NA,0,0,NA,0,0,NA,NA,NA,NA,NA,0,0,NA,NA,0,NA,NA,NA,NA,NA,0,NA,0,0,NA,0,NA,0,NA,0,NA,NA,NA,NA,NA,NA,NA,NA,NA,NA,NA,NA,NA,NA,NA,NA,NA,NA,NA,NA
M9 [CHILD IMMUNISATION],'9.1.6',Child immunisation - Pentavalent 1,TOTAL,44771,42993,1778,2412,42359,1083,1083,0,NA,1083,2813,2755,58,0,2813,1018,1009,9,78,940,3183,3050,133,242,2941,644,644,0,NA,644,1365,1364,1,NA,1365,1031,1031,NA,NA,1031,3651,3581,70,92,3559,1595,1264,331,142,1453,256,256,0,NA,256,1600,1594,6,112,1488,1234,1234,0,NA,1234,1156,1156,NA,NA,1156,1282,1277,5,138,1144,1501,1488,13,1142,359,2134,2134,0,0,2134,1537,1537,NA,83,1454,2000,2000,0,12,1988,1118,1118,NA,NA,1118,1335,1286,49,52,1283,1614,1614,0,NA,1614,4417,4329,88,126,4291,1034,910,124,NA,1034,1198,1079,119,83,1115,2566,2248,318,44,2522,1470,1090,380,66,1404,936,862,74,NA,936
M9 [CHILD IMMUNISATION],'9.1.7',Child immunisation - Pentavalent 2,TOTAL,47334,45372,1962,2620,44714,1146,1146,0,NA,1146,2986,2942,44,0,2986,974,966,8,97,877,3235,3106,129,271,2964,623,623,0,NA,623,1408,1404,4,NA,1408,1018,1018,NA,NA,1018,3676,3603,73,83,3593,1783,1379,404,188,1595,268,268,0,NA,268,1601,1589,12,104,1497,1259,1259,0,NA,1259,1281,1281,NA,NA,1281,1416,1411,5,173,1243,1619,1606,13,1239,380,2373,2373,0,0,2373,1552,1552,NA,76,1476,2231,2231,0,18,2213,1237,1237,NA,NA,1237,1483,1442,41,56,1427,1571,1571,0,NA,1571,4548,4459,89,150,4398,1150,1048,102,NA,1150,1349,1221,128,62,1287,2887,2483,404,28,2859,1695,1269,426,75,1620,965,885,80,NA,965
M9 [CHILD IMMUNISATION],'9.1.8',Child immunisation - Pentavalent 3,TOTAL,46028,44310,1718,2617,43411,1065,1065,0,NA,1065,2963,2896,67,0,2963,990,981,9,78,912,3084,2969,115,272,2812,603,603,0,NA,603,1410,1409,1,NA,1410,1071,1071,NA,NA,1071,3577,3521,56,85,3492,1587,1270,317,138,1449,236,236,0,NA,236,1532,1525,7,116,1416,1311,1311,0,NA,1311,1213,1213,NA,NA,1213,1374,1368,6,164,1210,1608,1593,15,1268,340,2359,2359,0,0,2359,1488,1488,NA,79,1409,2258,2258,0,13,2245,1210,1210,NA,NA,1210,1464,1415,49,70,1394,1481,1481,0,NA,1481,4423,4344,79,149,4274,1011,916,95,NA,1011,1197,1103,94,56,1141,2947,2571,376,45,2902,1606,1249,357,84,1522,960,885,75,NA,960
M9 [CHILD IMMUNISATION],'9.1.9',Child immunisation - OPV 0 (Birth Dose),TOTAL,30135,27072,3063,1535,28600,500,500,0,NA,500,1517,1466,51,0,1517,623,585,38,55,568,2811,2132,679,355,2456,284,284,0,NA,284,1135,1081,54,NA,1135,862,862,NA,NA,862,1314,1271,43,0,1314,1630,1191,439,339,1291,178,174,4,NA,178,1051,1039,12,34,1017,715,663,52,NA,715,842,842,NA,NA,842,931,864,67,83,848,1733,1571,162,206,1527,1058,1058,0,0,1058,857,857,NA,0,857,1524,1218,306,45,1479,840,840,NA,NA,840,941,937,4,0,941,722,722,0,NA,722,3335,2849,486,327,3008,940,585,355,NA,940,665,662,3,4,661,1524,1342,182,60,1464,1157,1074,83,27,1130,446,403,43,NA,446
M9 [CHILD IMMUNISATION],'9.1.10',Child immunisation - OPV1,TOTAL,44925,43111,1814,2436,42489,1086,1086,0,NA,1086,2815,2756,59,0,2815,1018,1009,9,78,940,3176,3046,130,242,2934,645,645,0,NA,645,1366,1365,1,NA,1366,1021,1021,NA,NA,1021,3688,3618,70,92,3596,1591,1260,331,142,1449,256,256,0,NA,256,1599,1594,5,111,1488,1243,1243,0,NA,1243,1156,1156,NA,NA,1156,1281,1276,5,138,1143,1511,1488,23,1152,359,2146,2146,0,0,2146,1537,1537,NA,83,1454,2011,2011,0,12,1999,1118,1118,NA,NA,1118,1335,1286,49,52,1283,1617,1617,0,NA,1617,4455,4352,103,141,4314,1026,902,124,NA,1026,1213,1094,119,83,1130,2618,2287,331,44,2574,1462,1080,382,66,1396,935,862,73,NA,935
M9 [CHILD IMMUNISATION],'9.1.11',Child immunisation - OPV2,TOTAL,47222,45242,1980,2627,44595,1145,1145,0,NA,1145,2988,2942,46,0,2988,974,966,8,97,877,3235,3106,129,271,2964,622,622,0,NA,622,1407,1403,4,NA,1407,1018,1018,NA,NA,1018,3664,3591,73,83,3581,1777,1377,400,188,1589,262,262,0,NA,262,1602,1590,12,104,1498,1262,1262,0,NA,1262,1281,1281,NA,NA,1281,1406,1401,5,173,1233,1617,1604,13,1239,378,2356,2356,0,0,2356,1552,1552,NA,76,1476,2213,2213,0,18,2195,1237,1237,NA,NA,1237,1483,1442,41,56,1427,1572,1572,0,NA,1572,4509,4413,96,157,4352,1143,1041,102,NA,1143,1363,1235,128,62,1301,2872,2461,411,28,2844,1696,1264,432,75,1621,966,886,80,NA,966
M9 [CHILD IMMUNISATION],'9.1.12',Child immunisation - OPV3,TOTAL,46356,44373,1983,2623,43733,1067,1067,0,NA,1067,2965,2898,67,0,2965,990,981,9,78,912,3037,2921,116,272,2765,606,606,0,NA,606,1394,1390,4,NA,1394,1075,1075,NA,NA,1075,3589,3533,56,85,3504,1589,1269,320,138,1451,238,238,0,NA,238,1532,1525,7,116,1416,1299,1299,0,NA,1299,1213,1213,NA,NA,1213,1382,1376,6,164,1218,1607,1593,14,1267,340,2401,2401,0,0,2401,1488,1488,NA,79,1409,2525,2264,261,13,2512,1210,1210,NA,NA,1210,1464,1415,49,70,1394,1485,1485,0,NA,1485,4466,4381,85,155,4311,1017,922,95,NA,1017,1220,1116,104,57,1163,2940,2579,361,45,2895,1591,1244,347,84,1507,966,884,82,NA,966
M9 [CHILD IMMUNISATION],'9.1.13',Child immunisation - Hepatitis-B0 (Birth Dose),TOTAL,27463,25045,2418,1439,26024,324,324,0,NA,324,1231,1181,50,0,1231,567,541,26,30,537,2767,2088,679,355,2412,219,219,0,NA,219,1067,1013,54,NA,1067,802,802,NA,NA,802,1342,1298,44,0,1342,1581,1152,429,340,1241,153,149,4,NA,153,1050,1038,12,34,1016,642,590,52,NA,642,812,812,NA,NA,812,640,615,25,25,615,1740,1578,162,222,1518,981,981,0,0,981,787,787,NA,0,787,1204,1170,34,34,1170,781,781,NA,NA,781,765,761,4,5,760,699,699,0,NA,699,3244,2759,485,327,2917,728,558,170,NA,728,634,634,0,0,634,1468,1300,168,60,1408,868,859,9,7,861,367,356,11,NA,367
M9 [CHILD IMMUNISATION],'9.1.14',Child immunisation - Hepatitis-B1,TOTAL,4,0,4,4,0,0,0,NA,NA,0,NA,NA,NA,NA,NA,NA,NA,NA,NA,NA,NA,NA,NA,NA,NA,NA,NA,NA,NA,NA,NA,NA,NA,NA,NA,0,0,NA,NA,0,0,0,NA,NA,0,0,NA,0,NA,0,NA,NA,NA,NA,NA,NA,NA,NA,NA,NA,0,0,NA,NA,0,NA,NA,NA,NA,NA,NA,NA,NA,NA,NA,NA,NA,NA,NA,NA,0,0,NA,NA,0,NA,NA,NA,NA,NA,0,0,NA,0,0,NA,NA,NA,NA,NA,0,0,NA,NA,0,NA,NA,NA,NA,NA,1,NA,1,1,NA,0,NA,0,NA,0,NA,NA,NA,NA,NA,3,NA,3,3,NA,NA,NA,NA,NA,NA,NA,NA,NA,NA,NA
M9 [CHILD IMMUNISATION],'9.1.15',Child immunisation - Hepatitis-B2,TOTAL,2,0,2,2,0,0,0,NA,NA,0,NA,NA,NA,NA,NA,NA,NA,NA,NA,NA,NA,NA,NA,NA,NA,NA,NA,NA,NA,NA,NA,NA,NA,NA,NA,0,0,NA,NA,0,0,0,NA,NA,0,0,NA,0,NA,0,NA,NA,NA,NA,NA,NA,NA,NA,NA,NA,0,0,NA,NA,0,NA,NA,NA,NA,NA,NA,NA,NA,NA,NA,NA,NA,NA,NA,NA,0,0,NA,NA,0,NA,NA,NA,NA,NA,0,0,NA,0,0,NA,NA,NA,NA,NA,0,0,NA,NA,0,NA,NA,NA,NA,NA,1,NA,1,1,NA,0,NA,0,NA,0,NA,NA,NA,NA,NA,1,NA,1,1,NA,NA,NA,NA,NA,NA,NA,NA,NA,NA,NA
M9 [CHILD IMMUNISATION],'9.1.16',Child immunisation - Hepatitis-B3,TOTAL,4,0,4,4,0,0,0,NA,NA,0,NA,NA,NA,NA,NA,NA,NA,NA,NA,NA,NA,NA,NA,NA,NA,NA,NA,NA,NA,NA,NA,NA,NA,NA,NA,0,0,NA,NA,0,0,0,NA,NA,0,0,NA,0,NA,0,NA,NA,NA,NA,NA,NA,NA,NA,NA,NA,0,0,NA,NA,0,NA,NA,NA,NA,NA,NA,NA,NA,NA,NA,NA,NA,NA,NA,NA,0,0,NA,NA,0,NA,NA,NA,NA,NA,0,0,NA,0,0,NA,NA,NA,NA,NA,0,0,NA,NA,0,NA,NA,NA,NA,NA,0,NA,0,0,NA,0,NA,0,NA,0,NA,NA,NA,NA,NA,4,NA,4,4,NA,NA,NA,NA,NA,NA,NA,NA,NA,NA,NA
M9 [CHILD IMMUNISATION],'9.1.17',Child immunisation - Inactivated Polio Vaccine 1 (IPV 1),TOTAL,41563,40043,1520,1942,39621,887,887,0,NA,887,2339,2281,58,0,2339,999,993,6,75,924,2777,2679,98,216,2561,585,585,0,NA,585,1350,1349,1,NA,1350,914,914,NA,NA,914,3447,3377,70,92,3355,1393,1107,286,78,1315,273,273,0,NA,273,1284,1284,0,104,1180,1259,1259,0,NA,1259,1192,1192,NA,NA,1192,1268,1264,4,137,1131,1088,1074,14,787,301,2070,2070,0,0,2070,1484,1484,NA,83,1401,1932,1932,0,12,1920,1049,1049,NA,NA,1049,1519,1452,67,52,1467,1570,1570,0,NA,1570,4233,4156,77,117,4116,931,805,126,NA,931,1115,994,121,79,1036,2357,2138,219,41,2316,1385,1084,301,69,1316,863,791,72,NA,863
M9 [CHILD IMMUNISATION],'9.1.18',Child immunisation - Inactivated Polio Vaccine 2 (IPV 2),TOTAL,42268,40842,1426,2125,40143,883,883,0,NA,883,2461,2396,65,0,2461,966,957,9,78,888,2661,2567,94,252,2409,524,524,0,NA,524,1367,1366,1,NA,1367,965,965,NA,NA,965,3335,3279,56,85,3250,1400,1147,253,74,1326,232,232,0,NA,232,1214,1212,2,111,1103,1273,1273,0,NA,1273,1236,1236,NA,NA,1236,1366,1362,4,162,1204,1171,1159,12,886,285,2193,2193,0,0,2193,1446,1446,NA,79,1367,2160,2160,0,13,2147,1122,1122,NA,NA,1122,1662,1585,77,70,1592,1462,1462,0,NA,1462,4215,4149,66,137,4078,894,817,77,NA,894,1113,1020,93,56,1057,2577,2326,251,40,2537,1507,1220,287,82,1425,863,784,79,NA,863
M9 [CHILD IMMUNISATION],'9.1.19',Child immunisation - Rotavirus 1,TOTAL,44446,42661,1785,2441,42005,1051,1051,0,NA,1051,2833,2772,61,0,2833,1002,996,6,75,927,2689,2556,133,242,2447,644,644,0,NA,644,1354,1354,0,NA,1354,1062,1062,NA,NA,1062,3667,3597,70,92,3575,1628,1290,338,145,1483,245,245,0,NA,245,1599,1594,5,111,1488,1304,1304,0,NA,1304,1158,1158,NA,NA,1158,1272,1267,5,138,1134,1505,1486,19,1147,358,2231,2231,0,0,2231,1535,1535,NA,83,1452,2000,2000,0,12,1988,1107,1107,NA,NA,1107,1327,1278,49,52,1275,1615,1615,0,NA,1615,4368,4265,103,151,4217,1012,888,124,NA,1012,1206,1105,101,83,1123,2587,2287,300,44,2543,1468,1072,396,66,1402,977,902,75,NA,977
M9 [CHILD IMMUNISATION],'9.1.20',Child immunisation - Rotavirus 2,TOTAL,46574,44649,1925,2642,43932,1119,1119,0,NA,1119,2941,2897,44,0,2941,969,961,8,97,872,2738,2609,129,271,2467,623,623,0,NA,623,1386,1385,1,NA,1386,1020,1020,NA,NA,1020,3659,3586,73,83,3576,1770,1367,403,190,1580,231,231,0,NA,231,1602,1590,12,104,1498,1329,1329,0,NA,1329,1285,1285,NA,NA,1285,1408,1403,5,173,1235,1620,1607,13,1242,378,2382,2382,0,0,2382,1549,1549,NA,76,1473,2218,2218,0,18,2200,1228,1228,NA,NA,1228,1474,1433,41,56,1418,1572,1572,0,NA,1572,4494,4398,96,167,4327,1081,979,102,NA,1081,1354,1245,109,62,1292,2864,2501,363,28,2836,1709,1262,447,75,1634,949,870,79,NA,949
M9 [CHILD IMMUNISATION],'9.1.21',Child immunisation - Rotavirus 3,TOTAL,45188,43544,1644,2632,42556,1046,1046,0,NA,1046,2938,2871,67,0,2938,984,975,9,78,906,2649,2534,115,272,2377,599,599,0,NA,599,1378,1378,0,NA,1378,1076,1076,NA,NA,1076,3592,3536,56,85,3507,1600,1281,319,139,1461,216,216,0,NA,216,1532,1525,7,116,1416,1322,1322,0,NA,1322,1208,1208,NA,NA,1208,1374,1368,6,164,1210,1592,1575,17,1271,321,2351,2351,0,0,2351,1482,1482,NA,79,1403,2261,2261,0,13,2248,1194,1194,NA,NA,1194,1457,1408,49,70,1387,1491,1491,0,NA,1491,4263,4178,85,160,4103,983,888,95,NA,983,1212,1125,87,56,1156,2783,2498,285,45,2738,1609,1243,366,84,1525,996,915,81,NA,996
M9 [CHILD IMMUNISATION],'9.2.1',Child immunisation (9-11months) - Measles & Rubella (MR)- 1st Dose,TOTAL,36408,35097,1311,2242,34166,921,921,0,NA,921,2428,2381,47,0,2428,722,716,6,52,670,2298,2203,95,225,2073,495,495,0,NA,495,1079,1078,1,NA,1079,665,665,NA,NA,665,3181,3128,53,53,3128,1062,782,280,161,901,195,195,0,NA,195,1423,1408,15,76,1347,869,869,0,NA,869,1002,1002,NA,NA,1002,1103,1101,2,117,986,1417,1409,8,1179,238,1845,1845,0,0,1845,1382,1382,NA,66,1316,1966,1966,0,29,1937,876,876,NA,NA,876,1250,1197,53,61,1189,997,997,0,NA,997,3649,3616,33,75,3574,765,669,96,NA,765,848,781,67,66,782,2171,1913,258,27,2144,1061,816,245,55,1006,738,686,52,NA,738
M9 [CHILD IMMUNISATION],'9.2.2',Child immunisation (9-11months) - Measles 1st dose,TOTAL,4,4,0,4,0,0,0,NA,NA,0,NA,NA,NA,NA,NA,NA,NA,NA,NA,NA,NA,NA,NA,NA,NA,NA,NA,NA,NA,NA,NA,NA,NA,NA,NA,0,0,NA,NA,0,0,0,NA,NA,0,0,NA,0,NA,0,NA,NA,NA,NA,NA,NA,NA,NA,NA,NA,0,0,NA,NA,0,NA,NA,NA,NA,NA,NA,NA,NA,NA,NA,NA,NA,NA,NA,NA,0,0,NA,NA,0,NA,NA,NA,NA,NA,0,0,NA,0,0,NA,NA,NA,NA,NA,0,0,NA,NA,0,0,0,NA,NA,0,0,NA,0,0,NA,0,NA,0,NA,0,NA,NA,NA,NA,NA,4,4,NA,4,NA,NA,NA,NA,NA,NA,NA,NA,NA,NA,NA
M9 [CHILD IMMUNISATION],'9.2.3',Child immunisation (9-11months) - JE 1st dose,TOTAL,38203,36783,1420,2233,35970,928,928,0,NA,928,2428,2381,47,0,2428,720,716,4,50,670,2315,2222,93,225,2090,485,485,0,NA,485,1075,1074,1,NA,1075,731,731,NA,NA,731,3213,3160,53,53,3160,1070,784,286,164,906,195,195,0,NA,195,1430,1415,15,76,1354,902,902,0,NA,902,1002,1002,NA,NA,1002,1122,1120,2,117,1005,1420,1407,13,1170,250,2402,2402,0,0,2402,1382,1382,NA,66,1316,2030,2030,0,29,2001,877,877,NA,NA,877,2018,1887,131,61,1957,1012,1012,0,NA,1012,3650,3618,32,74,3576,744,667,77,NA,744,899,819,80,66,833,2333,2055,278,27,2306,1080,824,256,55,1025,740,688,52,NA,740
M9 [CHILD IMMUNISATION],'9.2.4.a',Children aged between 9 and 11 months fully immunized- Male,TOTAL,18910,18237,673,1200,17710,473,473,0,NA,473,1276,1255,21,0,1276,377,372,5,29,348,1184,1138,46,115,1069,261,261,0,NA,261,561,561,0,NA,561,355,355,NA,NA,355,1611,1581,30,34,1577,581,431,150,84,497,97,97,0,NA,97,719,709,10,44,675,447,447,0,NA,447,498,498,NA,NA,498,583,582,1,68,515,758,758,NA,624,134,912,912,0,0,912,688,688,NA,32,656,1044,1044,0,19,1025,445,445,NA,NA,445,642,620,22,32,610,529,529,0,NA,529,1882,1867,15,37,1845,431,382,49,NA,431,446,412,34,36,410,1164,1027,137,17,1147,565,438,127,29,536,381,355,26,NA,381
M9 [CHILD IMMUNISATION],'9.2.4.b',Children aged between 9 and 11 months fully immunized - Female,TOTAL,17529,16878,651,1034,16495,448,448,0,NA,448,1158,1132,26,0,1158,345,344,1,23,322,1114,1067,47,110,1004,233,233,0,NA,233,516,515,1,NA,516,317,317,NA,NA,317,1571,1548,23,19,1552,479,349,130,77,402,94,94,0,NA,94,704,699,5,32,672,409,409,0,NA,409,504,504,NA,NA,504,508,507,1,49,459,658,658,NA,547,111,930,930,0,0,930,694,694,NA,34,660,922,922,0,10,912,431,431,NA,NA,431,617,586,31,29,588,468,468,0,NA,468,1758,1746,12,38,1720,379,314,65,NA,379,408,376,32,30,378,1058,921,137,10,1048,479,365,114,26,453,327,301,26,NA,327
M9 [CHILD IMMUNISATION],'9.3.1',Child immunisation - Measles & Rubella (MR)- 1st Dose,TOTAL,986,888,98,210,776,0,0,0,NA,0,147,147,0,0,147,10,10,NA,NA,10,8,8,0,0,8,5,5,0,NA,5,1,1,0,NA,1,5,5,NA,NA,5,44,44,0,31,13,41,39,2,0,41,6,6,0,NA,6,33,32,1,26,7,49,49,0,NA,49,33,33,NA,NA,33,44,44,0,0,44,155,155,NA,153,2,18,18,0,0,18,2,2,NA,NA,2,18,18,0,0,18,30,30,NA,NA,30,64,64,0,0,64,0,0,0,NA,0,50,50,0,0,50,110,45,65,NA,110,0,0,0,0,0,60,42,18,0,60,39,29,10,0,39,14,12,2,NA,14
M9 [CHILD IMMUNISATION],'9.3.2',Child immunisation - Measles-1st dose,TOTAL,272,203,69,39,233,0,0,0,NA,0,34,34,0,0,34,0,0,NA,NA,0,0,0,0,0,0,0,0,0,NA,0,0,0,0,NA,0,0,0,NA,NA,0,31,31,0,31,0,20,19,1,0,20,0,0,0,NA,0,13,13,0,7,6,0,0,0,NA,0,32,32,NA,NA,32,13,13,0,0,13,0,0,NA,0,0,0,0,0,0,0,0,0,NA,NA,0,0,0,0,0,0,15,15,NA,NA,15,2,2,0,0,2,0,0,0,NA,0,20,19,1,1,19,65,0,65,NA,65,0,0,0,0,0,15,15,0,0,15,10,10,0,0,10,2,0,2,NA,2
M9 [CHILD IMMUNISATION],'9.3.3',Child immunisation - JE 1st dose,TOTAL,1136,954,182,217,919,0,0,0,NA,0,149,149,0,0,149,10,10,NA,NA,10,8,8,0,0,8,6,6,0,NA,6,1,1,0,NA,1,5,5,NA,NA,5,52,52,0,31,21,40,39,1,0,40,6,6,0,NA,6,35,34,1,26,9,49,49,0,NA,49,33,33,NA,NA,33,37,37,0,0,37,157,157,NA,146,11,39,39,0,0,39,2,2,NA,NA,2,18,18,0,0,18,44,44,NA,NA,44,66,66,0,0,66,0,0,0,NA,0,56,42,14,14,42,150,51,99,NA,150,1,1,0,0,1,108,65,43,0,108,50,28,22,0,50,14,12,2,NA,14
M9 [CHILD IMMUNISATION],'9.4.1',Child immunisation - Measles & Rubella (MR)- 2nd Dose (16-24 months),TOTAL,40173,38821,1352,2081,38092,1079,1079,0,NA,1079,2556,2523,33,NA,2556,835,831,4,66,769,2189,2170,19,142,2047,577,577,0,NA,577,1375,1375,0,NA,1375,1071,1071,NA,NA,1071,3574,3512,62,72,3502,1395,1173,222,133,1262,204,204,0,NA,204,1464,1449,15,83,1381,1055,1055,0,NA,1055,1006,1006,NA,NA,1006,1182,1179,3,119,1063,1336,1336,NA,1071,265,1988,1988,0,0,1988,1271,1271,NA,58,1213,1939,1939,0,33,1906,913,913,NA,NA,913,1524,1451,73,71,1453,1286,1286,0,NA,1286,3802,3752,50,82,3720,879,780,99,NA,879,1044,960,84,40,1004,2319,2022,297,34,2285,1390,1072,318,77,1313,920,847,73,NA,920
M9 [CHILD IMMUNISATION],'9.4.2',Child immunisation - Measles 2nd dose (More than 16 months),TOTAL,0,0,0,0,0,0,0,NA,NA,0,NA,NA,NA,NA,NA,NA,NA,NA,NA,NA,NA,NA,NA,NA,NA,NA,NA,NA,NA,NA,NA,NA,NA,NA,NA,0,0,NA,NA,0,NA,NA,NA,NA,NA,0,NA,0,NA,0,NA,NA,NA,NA,NA,NA,NA,NA,NA,NA,0,0,NA,NA,0,NA,NA,NA,NA,NA,NA,NA,NA,NA,NA,NA,NA,NA,NA,NA,0,0,NA,NA,0,NA,NA,NA,NA,NA,0,0,NA,NA,0,NA,NA,NA,NA,NA,0,0,NA,NA,0,0,0,NA,NA,0,0,NA,0,0,NA,0,NA,0,NA,0,NA,NA,NA,NA,NA,NA,NA,NA,NA,NA,NA,NA,NA,NA,NA,NA,NA,NA,NA,NA
M9 [CHILD IMMUNISATION],'9.4.3',Child immunisation - DPT 1st Booster,TOTAL,40391,39001,1390,1952,38439,1103,1103,0,NA,1103,2724,2689,35,NA,2724,846,842,4,66,780,2176,2157,19,142,2034,554,554,0,NA,554,1375,1372,3,NA,1375,1138,1138,NA,NA,1138,3599,3537,62,72,3527,1393,1157,236,118,1275,203,203,0,NA,203,1483,1468,15,83,1400,1064,1064,0,NA,1064,1023,1023,NA,NA,1023,1270,1263,7,125,1145,1214,1214,NA,934,280,1470,1470,0,0,1470,1271,1271,NA,58,1213,1957,1957,0,33,1924,937,937,NA,NA,937,1543,1470,73,71,1472,1290,1290,0,NA,1290,3861,3806,55,97,3764,927,826,101,NA,927,1116,1038,78,56,1060,2476,2197,279,36,2440,1428,1083,345,61,1367,950,872,78,NA,950
M9 [CHILD IMMUNISATION],'9.4.4',Child immunisation - OPV Booster,TOTAL,40590,39205,1385,2062,38528,1102,1102,0,NA,1102,2692,2657,35,NA,2692,846,842,4,66,780,2204,2185,19,142,2062,559,559,0,NA,559,1379,1376,3,NA,1379,1135,1135,NA,NA,1135,3591,3529,62,72,3519,1414,1179,235,129,1285,204,204,0,NA,204,1451,1436,15,83,1368,1069,1069,0,NA,1069,1023,1023,NA,NA,1023,1272,1265,7,125,1147,1311,1311,NA,1037,274,1719,1719,0,0,1719,1271,1271,NA,58,1213,1951,1951,0,33,1918,939,939,NA,NA,939,1532,1459,73,71,1461,1290,1290,0,NA,1290,3830,3788,42,93,3737,933,832,101,NA,933,1098,1021,77,56,1042,2401,2113,288,36,2365,1430,1084,346,61,1369,944,866,78,NA,944
M9 [CHILD IMMUNISATION],'9.4.5',"Child immunisation - Measles, Mumps, Rubella (MMR) Vaccine",TOTAL,216,110,106,46,170,6,6,0,NA,6,10,10,0,NA,10,0,0,0,0,0,7,0,7,5,2,0,0,0,NA,0,0,0,0,NA,0,0,0,NA,NA,0,0,0,0,0,0,25,16,9,0,25,0,0,0,NA,0,16,16,0,16,0,0,0,0,NA,0,0,0,NA,NA,0,26,26,0,0,26,0,0,NA,0,0,0,0,0,0,0,0,0,NA,0,0,0,0,0,0,0,0,0,NA,NA,0,4,4,0,0,4,0,0,0,NA,0,25,0,25,25,0,88,23,65,NA,88,0,0,0,0,0,9,9,0,0,9,0,0,0,0,0,0,0,0,NA,0
M9 [CHILD IMMUNISATION],'9.4.6',Number of children more than 16 months of age who received Japanese Encephalitis (JE) vaccine,TOTAL,39983,38650,1333,1912,38071,1022,1022,0,NA,1022,2331,2298,33,NA,2331,779,775,4,66,713,2089,2076,13,137,1952,499,499,0,NA,499,1262,1259,3,NA,1262,1137,1137,NA,NA,1137,3546,3484,62,72,3474,1373,1168,205,135,1238,203,203,0,NA,203,1439,1424,15,80,1359,1112,1112,0,NA,1112,992,992,NA,NA,992,1132,1123,9,125,1007,1193,1193,NA,946,247,2320,2320,0,0,2320,1271,1271,NA,58,1213,1910,1910,0,33,1877,835,835,NA,NA,835,2009,1903,106,71,1938,1306,1306,0,NA,1306,3696,3646,50,92,3604,886,781,105,NA,886,1094,1021,73,13,1081,2227,1937,290,6,2221,1356,1055,301,78,1278,964,900,64,NA,964
M9 [CHILD IMMUNISATION],'9.5.1',Child immunisation - Typhoid,TOTAL,155,42,113,44,111,14,14,0,NA,14,0,0,0,NA,0,0,0,NA,NA,0,19,0,19,17,2,0,0,0,NA,0,0,0,0,NA,0,0,0,NA,NA,0,0,0,0,0,0,0,0,0,0,0,0,0,0,NA,0,0,0,0,0,0,0,0,0,NA,0,0,0,NA,NA,0,15,15,0,0,15,0,0,NA,0,0,0,0,0,0,0,0,0,NA,0,0,0,0,0,0,0,0,0,NA,NA,0,0,0,0,0,0,7,7,0,NA,7,27,6,21,21,6,67,0,67,NA,67,0,0,0,0,0,6,0,6,6,0,0,0,0,0,0,0,0,0,NA,0
M9 [CHILD IMMUNISATION],'9.5.2',Children more than 5 years received DPT5 (2nd Booster),TOTAL,24965,24172,793,1368,23597,667,667,0,NA,667,1070,1070,0,NA,1070,359,354,5,50,309,1640,1638,2,112,1528,325,325,0,NA,325,903,900,3,NA,903,431,431,NA,NA,431,967,953,14,34,933,1126,956,170,73,1053,140,140,0,NA,140,578,578,0,32,546,1141,1141,0,NA,1141,857,857,NA,NA,857,1124,1119,5,94,1030,771,771,NA,561,210,1027,1027,0,0,1027,695,695,NA,72,623,1269,1269,0,19,1250,505,505,NA,NA,505,1265,1223,42,61,1204,849,849,0,NA,849,2267,2230,37,95,2172,601,559,42,NA,601,877,831,46,49,828,1514,1344,170,21,1493,1376,1153,223,95,1281,621,587,34,NA,621
M9 [CHILD IMMUNISATION],'9.5.3',Children more than 10 years received TT10,TOTAL,15886,15312,574,1321,14565,277,277,0,NA,277,719,719,0,NA,719,197,190,7,39,158,1156,1151,5,85,1071,141,141,0,NA,141,717,711,6,NA,717,254,254,NA,NA,254,673,664,9,17,656,682,592,90,48,634,75,75,0,NA,75,335,329,6,20,315,636,636,0,NA,636,499,499,NA,NA,499,875,874,1,71,804,919,919,NA,773,146,771,771,0,0,771,470,470,NA,71,399,881,881,0,23,858,324,324,NA,NA,324,502,471,31,27,475,604,604,0,NA,604,1311,1282,29,41,1270,373,322,51,NA,373,477,441,36,31,446,1046,869,177,14,1032,583,486,97,61,522,389,360,29,NA,389
M9 [CHILD IMMUNISATION],'9.5.4',Children more than 16 years received TT16,TOTAL,11322,10823,499,940,10382,178,178,0,NA,178,584,583,1,NA,584,112,109,3,18,94,867,863,4,36,831,104,104,0,NA,104,580,574,6,NA,580,123,123,NA,NA,123,572,563,9,0,572,322,274,48,12,310,24,24,NA,NA,24,255,249,6,14,241,489,489,0,NA,489,380,380,NA,NA,380,763,763,0,96,667,652,652,NA,569,83,424,424,0,0,424,380,380,NA,78,302,648,647,1,19,629,271,271,NA,NA,271,278,254,24,7,271,484,484,0,NA,484,913,888,25,25,888,228,216,12,NA,228,264,227,37,20,244,871,662,209,16,855,318,240,78,30,288,238,202,36,NA,238
M9 [CHILD IMMUNISATION],'9.6.1',Number of cases of AEFI - Abscess,TOTAL,32,32,0,12,20,0,0,0,NA,0,12,12,0,NA,12,2,2,NA,1,1,0,0,0,0,0,0,0,0,NA,0,0,0,0,NA,0,1,1,NA,NA,1,0,0,0,0,0,1,1,0,0,1,0,0,0,NA,0,0,0,0,0,0,0,0,0,NA,0,0,0,NA,NA,0,0,0,0,0,0,11,11,NA,11,0,0,0,0,0,0,0,0,NA,NA,0,0,0,0,0,0,0,0,NA,NA,0,0,0,0,0,0,0,0,0,NA,0,2,2,0,0,2,0,0,0,NA,0,0,0,0,0,0,3,3,0,0,3,0,0,0,0,0,0,0,0,NA,0
M9 [CHILD IMMUNISATION],'9.6.2',Number of cases of AEFI - Death,TOTAL,0,0,0,0,0,0,0,0,NA,0,0,0,0,NA,0,0,0,NA,NA,0,0,0,0,0,0,0,0,0,NA,0,0,0,0,NA,0,0,0,NA,NA,0,0,0,0,0,0,0,0,0,0,0,0,0,0,NA,0,0,0,0,0,0,0,0,0,NA,0,0,0,NA,NA,0,0,0,0,0,0,0,0,NA,0,0,0,0,0,0,0,0,0,NA,NA,0,0,0,0,0,0,0,0,NA,NA,0,0,0,0,0,0,0,0,0,NA,0,0,0,0,0,0,0,0,0,NA,0,0,0,0,0,0,0,0,0,0,0,0,0,0,0,0,0,0,0,NA,0
M9 [CHILD IMMUNISATION],'9.6.3',Number of cases of AEFI - Others,TOTAL,1315,1308,7,127,1188,124,124,0,NA,124,83,83,0,NA,83,394,394,NA,27,367,0,0,0,0,0,0,0,0,NA,0,88,88,0,NA,88,32,32,NA,NA,32,9,9,0,0,9,27,20,7,0,27,11,11,0,NA,11,0,0,0,0,0,14,14,0,NA,14,0,0,NA,NA,0,3,3,0,0,3,151,151,NA,100,51,133,133,0,0,133,0,0,NA,NA,0,0,0,0,0,0,34,34,NA,NA,34,0,0,0,0,0,0,0,0,NA,0,108,108,0,0,108,72,72,0,NA,72,0,0,0,0,0,6,6,0,0,6,0,0,0,0,0,26,26,0,NA,26
M9 [CHILD IMMUNISATION],'9.7.1',Immunisation sessions planned,TOTAL,27751,27017,734,1188,26563,772,772,0,NA,772,1400,1356,44,NA,1400,615,607,8,69,546,1638,1617,21,105,1533,485,485,0,NA,485,837,835,2,NA,837,643,643,NA,NA,643,1696,1667,29,43,1653,942,809,133,76,866,404,404,0,NA,404,956,954,2,56,900,1087,1087,0,NA,1087,668,668,NA,NA,668,1022,1022,0,62,960,664,664,NA,488,176,1054,1054,0,0,1054,1232,1232,NA,36,1196,1181,1181,0,20,1161,1061,1061,NA,NA,1061,1128,1085,43,73,1055,953,953,0,NA,953,2113,2097,16,34,2079,684,684,NA,NA,684,1135,1063,72,34,1101,1743,1557,186,40,1703,904,774,130,52,852,734,686,48,NA,734
M9 [CHILD IMMUNISATION],'9.7.2',Immunisation sessions held,TOTAL,23749,23137,612,1024,22725,689,689,0,NA,689,1312,1272,40,NA,1312,534,527,7,68,466,1419,1401,18,105,1314,400,400,0,NA,400,700,699,1,NA,700,532,532,NA,NA,532,1460,1431,29,33,1427,817,715,102,66,751,327,327,0,NA,327,800,798,2,56,744,950,950,0,NA,950,538,538,NA,NA,538,915,915,0,58,857,576,576,NA,423,153,953,953,0,0,953,948,948,NA,23,925,958,958,0,20,938,918,918,NA,NA,918,941,912,29,54,887,774,774,0,NA,774,1787,1773,14,27,1760,605,605,NA,NA,605,952,892,60,19,933,1526,1362,164,29,1497,784,680,104,43,741,634,592,42,NA,634
M9 [CHILD IMMUNISATION],'9.7.3',Number of Immunisation sessions where ASHAs were present,TOTAL,23697,23074,623,969,22728,707,707,0,NA,707,1289,1247,42,NA,1289,530,523,7,68,462,1372,1360,12,65,1307,400,400,0,NA,400,674,673,1,NA,674,509,509,NA,NA,509,1481,1452,29,34,1447,816,714,102,66,750,320,320,0,NA,320,802,800,2,56,746,949,949,0,NA,949,536,536,NA,NA,536,937,937,0,58,879,588,588,NA,415,173,953,953,0,0,953,967,967,NA,23,944,958,958,0,20,938,906,906,NA,NA,906,939,906,33,43,896,772,772,0,NA,772,1776,1762,14,27,1749,586,586,NA,NA,586,981,910,71,19,962,1528,1364,164,35,1493,780,680,100,40,740,641,595,46,NA,641
M9 [CHILD IMMUNISATION],'9.8.1',Child immunisation - Vitamin A Dose - 1,TOTAL,35230,34246,984,1826,33404,915,915,0,NA,915,2274,2228,46,NA,2274,679,675,4,50,629,2197,2173,24,157,2040,429,429,0,NA,429,1016,1015,1,NA,1016,623,623,NA,NA,623,3129,3076,53,53,3076,894,764,130,11,883,243,243,0,NA,243,1411,1400,11,76,1335,892,892,0,NA,892,995,995,NA,NA,995,1103,1103,0,104,999,1232,1232,NA,1006,226,1153,1153,0,0,1153,1321,1321,NA,66,1255,2260,2254,6,29,2231,794,794,NA,NA,794,1288,1241,47,61,1227,1126,1126,0,NA,1126,3512,3494,18,67,3445,744,658,86,NA,744,818,756,62,66,752,2095,1833,262,27,2068,1404,1207,197,53,1351,683,646,37,NA,683
M9 [CHILD IMMUNISATION],'9.8.2',Child immunisation - Vitamin A Dose - 5,TOTAL,16011,15525,486,1013,14998,475,475,0,NA,475,926,904,22,NA,926,156,152,4,33,123,988,971,17,102,886,107,107,0,NA,107,564,562,2,NA,564,213,213,NA,NA,213,1341,1329,12,19,1322,397,332,65,0,397,131,131,0,NA,131,555,540,15,15,540,428,428,0,NA,428,464,464,NA,NA,464,747,743,4,63,684,599,599,NA,537,62,487,487,0,0,487,281,281,NA,43,238,936,924,12,14,922,322,322,NA,NA,322,549,541,8,21,528,472,472,0,NA,472,1924,1913,11,54,1870,400,359,41,NA,400,633,619,14,41,592,1037,864,173,19,1018,637,570,67,52,585,242,223,19,NA,242
M9 [CHILD IMMUNISATION],'9.8.3',Child immunisation - Vitamin A Dose - 9,TOTAL,21400,20778,622,1154,20246,722,722,0,NA,722,1069,1032,37,NA,1069,472,472,NA,37,435,1291,1280,11,151,1140,212,212,0,NA,212,780,776,4,NA,780,358,358,NA,NA,358,1267,1248,19,20,1247,708,623,85,13,695,180,180,0,NA,180,588,588,0,21,567,621,621,0,NA,621,578,578,NA,NA,578,1105,1102,3,107,998,713,713,NA,533,180,651,651,0,0,651,406,406,NA,61,345,1010,971,39,8,1002,377,377,NA,NA,377,1014,972,42,58,956,726,726,0,NA,726,2005,1989,16,42,1963,1056,1046,10,NA,1056,616,595,21,21,595,1247,1051,196,18,1229,1239,1128,111,64,1175,389,361,28,NA,389
M9 [CHILD IMMUNISATION],'9.9',Number of children (6-59 months) provided 8-10 doses (1ml) of IFA syrup (Bi weekly),TOTAL,857155,843367,13788,10346,846809,31998,31998,0,NA,31998,66160,66160,0,NA,66160,22424,22424,NA,1223,21201,35495,35460,35,60,35435,3953,3953,0,NA,3953,25861,25851,10,NA,25861,25096,25096,NA,NA,25096,97476,96678,798,11,97465,15058,12639,2419,574,14484,11285,11285,0,NA,11285,27443,27443,0,2292,25151,16292,16292,0,NA,16292,37929,37929,NA,NA,37929,37682,37682,0,30,37652,8553,8553,NA,5051,3502,53909,53909,0,0,53909,23913,23913,NA,118,23795,29417,29417,0,0,29417,18380,18380,NA,NA,18380,53893,50577,3316,508,53385,44365,44365,0,NA,44365,82153,80702,1451,150,82003,25334,24958,376,NA,25334,19947,18794,1153,0,19947,5268,5262,6,NA,5268,32494,28449,4045,329,32165,5377,5198,179,NA,5377
M9 [CHILD IMMUNISATION],'9.10',Number of children (12-59 months) provided Albendazole,TOTAL,29889,28710,1179,1336,28553,1214,1214,0,NA,1214,1772,1763,9,NA,1772,660,660,NA,277,383,1032,987,45,0,1032,458,458,0,NA,458,3540,3480,60,NA,3540,572,572,NA,NA,572,2563,2516,47,11,2552,264,206,58,0,264,367,367,0,NA,367,896,896,0,48,848,686,686,0,NA,686,837,837,NA,NA,837,967,967,0,26,941,1154,1154,NA,879,275,854,854,0,0,854,859,859,NA,95,764,1686,1686,0,0,1686,1415,1415,NA,NA,1415,474,400,74,0,474,393,393,0,NA,393,2892,2872,20,0,2892,1638,1194,444,NA,1638,1149,1106,43,0,1149,260,210,50,NA,260,1001,737,264,0,1001,286,221,65,NA,286
M9 [CHILD IMMUNISATION],'9.11',Number of severely underweight children provided Health Checkup (0-5 yrs),TOTAL,5721,5582,139,180,5541,159,159,0,NA,159,408,408,0,NA,408,131,131,NA,47,84,90,76,14,0,90,1,1,0,NA,1,177,177,0,NA,177,9,9,NA,NA,9,1030,988,42,23,1007,197,195,2,0,197,16,16,0,NA,16,23,23,0,0,23,38,38,0,NA,38,4,4,NA,NA,4,330,330,0,0,330,174,174,NA,66,108,35,35,0,0,35,380,380,NA,44,336,248,248,0,0,248,286,286,NA,NA,286,57,57,0,0,57,1279,1279,0,NA,1279,286,285,1,0,286,71,57,14,NA,71,13,13,0,0,13,104,84,20,NA,104,85,84,1,0,85,90,45,45,NA,90
M10 [Number of cases of Childhood Diseases (0-5 years)],'10.1',Childhood Diseases - Pneumonia,TOTAL,779,666,113,50,729,2,2,0,NA,2,16,16,0,NA,16,0,0,NA,NA,0,74,73,1,0,74,18,18,0,NA,18,159,159,0,NA,159,7,7,NA,NA,7,100,100,NA,0,100,87,86,1,0,87,7,7,0,NA,7,28,24,4,4,24,0,0,0,NA,0,3,3,NA,NA,3,6,6,0,0,6,44,44,NA,3,41,6,6,0,0,6,12,12,NA,NA,12,31,17,14,13,18,6,6,NA,NA,6,33,33,0,0,33,3,3,0,NA,3,61,31,30,30,31,65,10,55,NA,65,1,1,0,0,1,3,0,3,0,3,2,0,2,0,2,5,2,3,NA,5
M10 [Number of cases of Childhood Diseases (0-5 years)],'10.2',Childhood Diseases - Asthma,TOTAL,262,173,89,26,236,6,6,0,NA,6,3,3,0,NA,3,5,5,NA,NA,5,6,6,0,0,6,11,10,1,NA,11,18,18,0,NA,18,7,7,NA,NA,7,1,1,NA,0,1,28,28,0,0,28,0,0,0,NA,0,12,12,0,2,10,0,0,0,NA,0,1,1,NA,NA,1,0,0,0,0,0,6,6,NA,3,3,11,11,0,0,11,0,0,NA,NA,0,34,28,6,6,28,2,2,NA,NA,2,1,0,1,0,1,5,5,0,NA,5,31,16,15,15,16,46,0,46,NA,46,7,1,6,0,7,3,0,3,NA,3,9,4,5,0,9,9,3,6,NA,9
M10 [Number of cases of Childhood Diseases (0-5 years)],'10.3',Childhood Diseases - Sepsis,TOTAL,442,199,243,45,397,0,0,0,NA,0,3,3,0,NA,3,0,0,NA,NA,0,57,56,1,0,57,0,0,0,NA,0,14,14,0,NA,14,0,0,NA,NA,0,2,2,NA,0,2,26,26,0,0,26,0,0,0,NA,0,6,6,0,0,6,0,0,0,NA,0,0,0,NA,NA,0,55,55,0,0,55,4,4,NA,0,4,0,0,0,0,0,0,0,NA,NA,0,23,9,14,0,23,3,3,NA,NA,3,4,4,0,0,4,3,3,0,NA,3,45,0,45,45,0,196,14,182,NA,196,0,0,0,0,0,0,0,0,NA,0,1,0,1,0,1,0,0,0,NA,0
M10 [Number of cases of Childhood Diseases (0-5 years)],'10.4',Childhood Diseases - Diphtheria,TOTAL,7,7,0,0,7,0,0,0,NA,0,0,0,0,NA,0,0,0,NA,NA,0,0,0,0,0,0,0,0,0,NA,0,0,0,0,NA,0,0,0,NA,NA,0,0,0,NA,0,0,0,0,0,0,0,0,0,0,NA,0,0,0,0,0,0,0,0,0,NA,0,0,0,NA,NA,0,0,0,0,0,0,0,0,NA,0,0,0,0,0,0,0,0,0,NA,NA,0,0,0,0,0,0,0,0,NA,NA,0,0,0,0,0,0,7,7,0,NA,7,0,0,0,0,0,0,0,NA,NA,0,0,0,0,0,0,0,0,0,0,0,0,0,0,0,0,0,0,0,NA,0
M10 [Number of cases of Childhood Diseases (0-5 years)],'10.5',Childhood Diseases - Pertussis,TOTAL,1,1,0,0,1,0,0,0,NA,0,0,0,0,NA,0,0,0,NA,NA,0,0,0,0,0,0,0,0,0,NA,0,0,0,0,NA,0,0,0,NA,NA,0,1,1,NA,0,1,0,0,0,0,0,0,0,0,NA,0,0,0,0,0,0,0,0,0,NA,0,0,0,NA,NA,0,0,0,0,0,0,0,0,NA,0,0,0,0,0,0,0,0,0,NA,NA,0,0,0,0,0,0,0,0,NA,NA,0,0,0,0,0,0,0,0,0,NA,0,0,0,0,0,0,0,0,NA,NA,0,0,0,0,0,0,0,0,0,NA,0,0,0,0,0,0,0,0,0,NA,0
M10 [Number of cases of Childhood Diseases (0-5 years)],'10.6',Childhood Diseases - Tetanus Neonatorum,TOTAL,1,1,0,0,1,0,0,0,NA,0,1,1,0,NA,1,0,0,NA,NA,0,0,0,0,0,0,0,0,0,NA,0,0,0,0,NA,0,0,0,NA,NA,0,0,0,NA,0,0,0,0,0,0,0,0,0,0,NA,0,0,0,0,0,0,0,0,0,NA,0,0,0,NA,NA,0,0,0,0,0,0,0,0,NA,0,0,0,0,0,0,0,0,0,NA,NA,0,0,0,0,0,0,0,0,NA,NA,0,0,0,0,0,0,0,0,0,NA,0,0,0,0,0,0,0,0,NA,NA,0,0,0,0,0,0,0,0,0,NA,0,0,0,0,0,0,0,0,0,NA,0
M10 [Number of cases of Childhood Diseases (0-5 years)],'10.7',Childhood Diseases - Tuberculosis (TB),TOTAL,34,16,18,3,31,0,0,0,NA,0,6,6,0,NA,6,0,0,NA,NA,0,1,1,0,0,1,0,0,0,NA,0,0,0,0,NA,0,0,0,NA,NA,0,0,0,0,0,0,6,6,0,0,6,0,0,0,NA,0,0,0,0,0,0,0,0,0,NA,0,0,0,NA,NA,0,0,0,0,0,0,3,3,NA,3,0,0,0,0,0,0,0,0,NA,NA,0,0,0,0,0,0,0,0,NA,NA,0,0,0,0,0,0,0,0,0,NA,0,0,0,0,0,0,0,0,NA,NA,0,0,0,0,0,0,0,0,0,NA,0,18,0,18,0,18,0,0,0,NA,0
M10 [Number of cases of Childhood Diseases (0-5 years)],'10.8',Childhood Diseases - Acute Flaccid Paralysis(AFP),TOTAL,3,3,0,0,3,0,0,0,NA,0,0,0,0,NA,0,0,0,NA,NA,0,0,0,0,0,0,0,0,0,NA,0,1,1,0,NA,1,0,0,NA,NA,0,0,0,0,0,0,2,2,0,0,2,0,0,0,NA,0,0,0,0,0,0,0,0,0,NA,0,0,0,NA,NA,0,0,0,0,0,0,0,0,NA,0,0,0,0,0,0,0,0,0,NA,NA,0,0,0,0,0,0,0,0,NA,NA,0,0,0,0,0,0,0,0,0,NA,0,0,0,0,0,0,0,0,NA,NA,0,0,0,0,0,0,0,0,0,NA,0,0,0,0,0,0,0,0,0,NA,0
M10 [Number of cases of Childhood Diseases (0-5 years)],'10.9',Childhood Diseases - Measles,TOTAL,16,16,0,0,16,2,2,0,NA,2,0,0,0,NA,0,0,0,NA,NA,0,0,0,0,0,0,0,0,0,NA,0,1,1,0,NA,1,1,1,NA,NA,1,0,0,0,0,0,0,0,0,0,0,0,0,0,NA,0,1,1,0,0,1,0,0,0,NA,0,0,0,NA,NA,0,0,0,0,0,0,0,0,NA,0,0,4,4,0,0,4,0,0,NA,NA,0,6,6,0,0,6,0,0,NA,NA,0,0,0,0,0,0,0,0,0,NA,0,0,0,0,0,0,1,1,NA,NA,1,0,0,0,0,0,0,0,0,NA,0,0,0,0,0,0,0,0,0,NA,0
M10 [Number of cases of Childhood Diseases (0-5 years)],'10.10',Childhood Diseases - Malaria,TOTAL,38,35,3,0,38,0,0,0,NA,0,0,0,0,NA,0,0,0,NA,NA,0,0,0,0,0,0,4,4,0,NA,4,0,0,0,NA,0,0,0,NA,NA,0,0,0,0,0,0,2,0,2,0,2,0,0,0,NA,0,0,0,0,0,0,0,0,0,NA,0,0,0,NA,NA,0,0,0,0,0,0,0,0,NA,0,0,0,0,0,0,0,0,0,NA,NA,0,23,23,0,0,23,0,0,NA,NA,0,0,0,0,0,0,0,0,0,NA,0,8,8,0,0,8,0,0,NA,NA,0,0,0,0,0,0,0,0,0,NA,0,0,0,0,0,0,1,0,1,NA,1
M10 [Number of cases of Childhood Diseases (0-5 years)],'10.11',Childhood Diseases - Diarrhoea,TOTAL,6373,5981,392,250,6123,104,104,0,NA,104,470,470,0,NA,470,31,31,NA,17,14,332,318,14,0,332,78,75,3,NA,78,477,477,0,NA,477,175,175,NA,NA,175,480,478,2,0,480,309,231,78,12,297,87,87,0,NA,87,166,140,26,40,126,58,58,0,NA,58,428,428,NA,NA,428,76,76,0,4,72,157,157,NA,113,44,283,283,0,0,283,74,74,NA,3,71,664,644,20,29,635,156,156,NA,NA,156,286,262,24,0,286,64,64,0,NA,64,506,452,54,29,477,323,219,104,NA,323,113,113,0,0,113,132,111,21,3,129,256,231,25,0,256,88,67,21,NA,88
M10 [Number of cases of Childhood Diseases (0-5 years)],'10.12',Childhood Diseases - Diarrhoea treated in Inpatients,TOTAL,1481,1337,144,139,1342,39,39,0,NA,39,61,61,0,NA,61,0,0,NA,NA,0,42,28,14,0,42,20,20,0,NA,20,213,213,0,NA,213,17,17,NA,NA,17,205,205,NA,0,205,69,63,6,0,69,9,9,0,NA,9,98,72,26,40,58,4,4,0,NA,4,20,20,NA,NA,20,23,23,0,0,23,89,89,NA,63,26,18,18,0,0,18,15,15,NA,NA,15,108,80,28,20,88,2,2,NA,NA,2,46,46,0,0,46,0,0,0,NA,0,236,220,16,16,220,76,52,24,NA,76,13,13,0,0,13,20,14,6,NA,20,31,10,21,0,31,7,4,3,NA,7
M10 [Number of cases of Childhood Diseases (0-5 years)],'10.13',Children admitted with upper respiratory infections,TOTAL,529,389,140,43,486,0,0,0,NA,0,1,1,0,NA,1,80,80,NA,NA,80,9,7,2,0,9,20,20,0,NA,20,85,85,0,NA,85,4,4,NA,NA,4,24,24,NA,0,24,62,62,0,0,62,0,0,0,NA,0,2,0,2,2,0,4,3,1,NA,4,0,0,NA,NA,0,9,9,0,0,9,16,16,NA,0,16,0,0,0,0,0,0,0,NA,NA,0,55,35,20,11,44,15,15,NA,NA,15,1,1,0,0,1,0,0,0,NA,0,30,0,30,30,0,85,17,68,NA,85,10,10,0,0,10,6,0,6,NA,6,11,0,11,0,11,0,0,0,NA,0
M10 [Number of cases of Childhood Diseases (0-5 years)],'10.14',Childhood Diseases - Severe Acute Malnutrition (SAM),TOTAL,67,65,2,0,67,0,0,0,NA,0,2,2,0,NA,2,0,0,NA,NA,0,5,5,0,0,5,3,3,0,NA,3,1,1,0,NA,1,0,0,NA,NA,0,2,2,NA,0,2,20,20,0,0,20,0,0,0,NA,0,0,0,0,0,0,0,0,0,NA,0,0,0,NA,NA,0,9,9,0,0,9,2,2,NA,0,2,0,0,0,0,0,0,0,NA,NA,0,4,2,2,0,4,9,9,NA,NA,9,0,0,0,0,0,2,2,0,NA,2,3,3,0,0,3,4,4,0,NA,4,0,0,0,0,0,0,0,0,NA,0,0,0,0,0,0,1,1,0,NA,1
M11 [NVBDCP],'11.1.1.a',Total Blood Smears Examined for Malaria,TOTAL,155921,155000,921,3754,152167,5099,5067,32,NA,5099,5308,5308,0,NA,5308,5344,5344,NA,998,4346,8058,7900,158,0,8058,2920,2887,33,NA,2920,2905,2900,5,NA,2905,2642,2626,16,NA,2642,8174,8086,88,3,8171,4216,4216,0,65,4151,1504,1501,3,NA,1504,7087,7076,11,134,6953,3821,3801,20,NA,3821,4357,4357,NA,NA,4357,5523,5523,0,1,5522,3669,3641,28,1790,1879,17836,17836,0,0,17836,5366,5366,NA,NA,5366,6926,6926,0,0,6926,4209,4209,NA,NA,4209,4951,4735,216,35,4916,8168,8164,4,NA,8168,13910,13889,21,32,13878,3444,3444,NA,NA,3444,7108,7099,9,654,6454,7341,7166,175,28,7313,3447,3371,76,14,3433,2588,2562,26,NA,2588
M11 [NVBDCP],'11.1.1.b',Malaria (Microscopy Tests ) - Plasmodium Vivax test positive,TOTAL,80,80,0,0,80,0,0,0,NA,0,0,0,0,NA,0,0,0,NA,0,0,0,0,0,0,0,0,0,0,NA,0,0,0,0,NA,0,0,0,NA,NA,0,0,0,0,0,0,0,0,0,0,0,0,0,0,NA,0,0,0,0,0,0,0,0,0,NA,0,0,0,NA,NA,0,0,0,0,0,0,0,0,NA,0,0,1,1,0,0,1,0,0,NA,NA,0,0,0,0,0,0,0,0,NA,NA,0,0,0,0,0,0,0,0,0,NA,0,0,0,0,0,0,0,0,NA,NA,0,0,0,0,0,0,0,0,0,0,0,79,79,0,0,79,0,0,0,NA,0
M11 [NVBDCP],'11.1.1.c',Malaria (Microscopy Tests ) - Plasmodium Falciparum test positive,TOTAL,5,5,0,0,5,0,0,0,NA,0,0,0,0,NA,0,0,0,NA,0,0,0,0,0,0,0,0,0,0,NA,0,0,0,0,NA,0,0,0,NA,NA,0,0,0,0,0,0,0,0,0,0,0,0,0,0,NA,0,0,0,0,0,0,0,0,0,NA,0,0,0,NA,NA,0,0,0,0,0,0,0,0,NA,0,0,0,0,0,0,0,0,0,NA,NA,0,0,0,0,0,0,0,0,NA,NA,0,0,0,0,0,0,0,0,0,NA,0,0,0,0,0,0,0,0,NA,NA,0,0,0,0,0,0,0,0,0,0,0,0,0,0,0,0,5,5,0,NA,5
M11 [NVBDCP],'11.1.2.a',RDT conducted for Malaria,TOTAL,72187,71132,1055,1934,70253,2516,2516,0,NA,2516,3037,3031,6,NA,3037,2949,2949,NA,462,2487,1907,1820,87,0,1907,637,521,116,NA,637,1885,1877,8,NA,1885,3790,3790,NA,NA,3790,2886,2866,20,2,2884,2353,2348,5,12,2341,2172,2169,3,NA,2172,4870,4576,294,492,4378,2094,2046,48,NA,2094,1653,1653,NA,NA,1653,1968,1968,0,1,1967,2060,2053,7,886,1174,4803,4803,0,0,4803,2768,2768,NA,NA,2768,1376,1344,32,0,1376,3405,3405,NA,NA,3405,2576,2450,126,0,2576,3387,3386,1,NA,3387,5123,5091,32,16,5107,2549,2549,NA,NA,2549,1647,1641,6,17,1630,3595,3549,46,28,3567,1593,1521,72,18,1575,2588,2442,146,NA,2588
M11 [NVBDCP],'11.1.2.b',Malaria (RDT) - Plasmodium Vivax test positive,TOTAL,97,96,1,1,96,0,0,0,NA,0,0,0,0,NA,0,1,1,NA,1,0,0,0,0,0,0,0,0,0,NA,0,60,60,0,NA,60,0,0,NA,NA,0,0,0,0,0,0,21,21,0,0,21,0,0,0,NA,0,0,0,0,0,0,0,0,0,NA,0,0,0,NA,NA,0,2,2,0,0,2,0,0,NA,0,0,0,0,0,0,0,0,0,NA,NA,0,0,0,0,0,0,2,2,NA,NA,2,0,0,0,0,0,0,0,0,NA,0,0,0,0,0,0,0,0,NA,NA,0,0,0,0,0,0,10,10,0,0,10,0,0,0,0,0,1,0,1,NA,1
M11 [NVBDCP],'11.1.2.c',Malaria (RDT) - Plamodium Falciparum test positive,TOTAL,17,14,3,0,17,0,0,0,NA,0,0,0,0,NA,0,0,0,NA,0,0,0,0,0,0,0,0,0,0,NA,0,0,0,0,NA,0,6,6,NA,NA,6,0,0,0,0,0,2,2,0,0,2,0,0,0,NA,0,0,0,0,0,0,2,2,0,NA,2,0,0,NA,NA,0,0,0,0,0,0,0,0,NA,0,0,0,0,0,0,0,1,1,NA,NA,1,0,0,0,0,0,0,0,NA,NA,0,0,0,0,0,0,0,0,0,NA,0,0,0,0,0,0,0,0,NA,NA,0,0,0,0,0,0,0,0,0,0,0,0,0,0,0,0,6,3,3,NA,6
M11 [NVBDCP],'11.2.1',Kala Azar (RDT) - Tests Conducted,TOTAL,19,19,0,17,2,0,0,0,NA,0,0,0,0,NA,0,2,2,NA,NA,2,0,0,0,0,0,0,0,0,NA,0,0,0,0,NA,0,0,0,NA,NA,0,0,0,NA,0,0,0,0,0,0,0,0,0,NA,NA,0,0,0,0,0,0,0,0,0,NA,0,0,0,NA,NA,0,0,0,0,0,0,17,17,NA,17,0,0,0,0,0,0,0,0,NA,NA,0,0,0,0,0,0,0,0,NA,NA,0,0,0,0,0,0,0,0,0,NA,0,0,0,0,0,0,0,0,NA,NA,0,0,0,0,0,0,0,0,0,NA,0,0,0,0,0,0,0,0,0,NA,0
M11 [NVBDCP],'11.2.2',Kala Azar Positive Cases,TOTAL,0,0,0,0,0,0,0,0,NA,0,0,0,0,NA,0,0,0,NA,NA,0,0,0,0,0,0,0,0,0,NA,0,0,0,0,NA,0,0,0,NA,NA,0,0,0,NA,0,0,0,0,0,0,0,0,0,0,NA,0,0,0,0,0,0,0,0,0,NA,0,0,0,NA,NA,0,0,0,0,0,0,0,0,NA,0,0,0,0,0,0,0,0,0,NA,NA,0,0,0,0,0,0,0,0,NA,NA,0,0,0,0,0,0,0,0,0,NA,0,0,0,0,0,0,0,0,NA,NA,0,0,0,0,0,0,0,0,0,NA,0,0,0,0,0,0,0,0,0,NA,0
M11 [NVBDCP],'11.2.3',Post-kala-azar dermal leishmaniasis (PKDL) cases,TOTAL,0,0,0,0,0,0,0,0,NA,0,0,0,0,NA,0,0,0,NA,NA,0,0,0,0,0,0,0,0,0,NA,0,0,0,0,NA,0,0,0,NA,NA,0,0,0,NA,0,0,0,0,0,0,0,0,0,0,NA,0,0,0,0,0,0,0,0,0,NA,0,0,0,NA,NA,0,0,0,0,0,0,0,0,NA,0,0,0,0,0,0,0,0,0,NA,NA,0,0,0,0,0,0,0,0,NA,NA,0,0,0,0,0,0,0,0,0,NA,0,0,0,0,0,0,0,0,NA,NA,0,0,0,0,0,0,0,0,0,NA,0,0,0,0,0,0,0,0,0,NA,0
M11 [NVBDCP],'11.3.1',Dengue - RDT Test Positive,TOTAL,6,0,6,0,6,0,0,0,NA,0,0,0,0,NA,0,0,0,NA,NA,0,0,0,0,0,0,3,0,3,NA,3,0,0,0,NA,0,0,0,NA,NA,0,3,0,3,0,3,0,0,0,0,0,0,0,0,NA,0,0,0,0,0,0,0,0,0,NA,0,0,0,NA,NA,0,0,0,0,0,0,0,0,NA,0,0,0,0,0,0,0,0,0,NA,NA,0,0,0,0,0,0,0,0,NA,NA,0,0,0,0,0,0,0,0,0,NA,0,0,0,0,0,0,0,0,NA,NA,0,0,0,0,0,0,0,0,0,NA,0,0,0,0,0,0,0,0,0,NA,0
M11 [NVBDCP],'11.3.2',Dengue - Enzyme- Linked Immuno Sorbent Assay (ELISA) Test Positive,TOTAL,11,11,NA,NA,11,0,0,NA,NA,0,0,0,NA,NA,0,1,1,NA,NA,1,3,3,NA,NA,3,NA,NA,NA,NA,NA,0,0,NA,NA,0,0,0,NA,NA,0,0,0,NA,NA,0,7,7,NA,NA,7,0,0,NA,NA,0,NA,NA,NA,NA,NA,0,0,NA,NA,0,0,0,NA,NA,0,0,0,NA,NA,0,0,0,NA,NA,0,0,0,NA,NA,0,0,0,NA,NA,0,0,0,NA,NA,0,0,0,NA,NA,0,0,0,NA,NA,0,0,0,NA,NA,0,0,0,NA,NA,0,0,0,NA,NA,0,0,0,NA,NA,0,NA,NA,NA,NA,NA,0,0,NA,NA,0,0,0,NA,NA,0
M11 [NVBDCP],'11.4.1',Tests Conducted for JE,TOTAL,46,46,NA,NA,46,0,0,NA,NA,0,0,0,NA,NA,0,NA,NA,NA,NA,NA,0,0,NA,NA,0,NA,NA,NA,NA,NA,0,0,NA,NA,0,0,0,NA,NA,0,1,1,NA,NA,1,45,45,NA,NA,45,0,0,NA,NA,0,0,0,NA,NA,0,0,0,NA,NA,0,0,0,NA,NA,0,0,0,NA,NA,0,0,0,NA,NA,0,0,0,NA,NA,0,0,0,NA,NA,0,0,0,NA,NA,0,0,0,NA,NA,0,0,0,NA,NA,0,0,0,NA,NA,0,0,0,NA,NA,0,0,0,NA,NA,0,0,0,NA,NA,0,NA,NA,NA,NA,NA,0,0,NA,NA,0,0,0,NA,NA,0
M11 [NVBDCP],'11.4.2',Tests Positive for JE,TOTAL,5,5,NA,NA,5,0,0,NA,NA,0,0,0,NA,NA,0,NA,NA,NA,NA,NA,0,0,NA,NA,0,NA,NA,NA,NA,NA,0,0,NA,NA,0,0,0,NA,NA,0,0,0,NA,NA,0,5,5,NA,NA,5,0,0,NA,NA,0,0,0,NA,NA,0,0,0,NA,NA,0,0,0,NA,NA,0,0,0,NA,NA,0,0,0,NA,NA,0,0,0,NA,NA,0,0,0,NA,NA,0,0,0,NA,NA,0,0,0,NA,NA,0,0,0,NA,NA,0,0,0,NA,NA,0,0,0,NA,NA,0,0,0,NA,NA,0,0,0,NA,NA,0,NA,NA,NA,NA,NA,0,0,NA,NA,0,0,0,NA,NA,0
M12 [Adolscent Health],'12.1.1.a',Girls registered in AFHC,TOTAL,1918,1369,549,36,1882,0,0,0,NA,0,0,0,0,NA,0,53,53,NA,NA,53,16,16,0,0,16,0,0,0,NA,0,159,159,0,NA,159,5,5,NA,NA,5,11,11,NA,0,11,133,0,133,0,133,0,0,0,NA,0,400,400,0,0,400,90,90,0,NA,90,0,0,NA,NA,0,12,12,0,0,12,47,47,NA,36,11,69,69,0,0,69,0,0,NA,NA,0,9,9,0,0,9,229,229,NA,NA,229,0,0,0,0,0,30,30,NA,NA,30,94,74,20,0,94,0,0,NA,NA,0,0,0,0,0,0,527,131,396,NA,527,0,0,0,0,0,34,34,0,NA,34
M12 [Adolscent Health],'12.1.1.b',Boys registered in AFHC,TOTAL,976,496,480,21,955,0,0,0,NA,0,0,0,0,NA,0,53,53,NA,NA,53,1,1,0,0,1,0,0,0,NA,0,19,19,0,NA,19,0,0,NA,NA,0,0,0,NA,0,0,134,0,134,0,134,0,0,0,NA,0,215,215,0,0,215,54,54,0,NA,54,0,0,NA,NA,0,9,9,0,0,9,21,21,NA,21,0,19,19,0,0,19,0,0,NA,NA,0,4,4,0,0,4,34,34,NA,NA,34,0,0,0,0,0,0,0,NA,NA,0,9,9,0,0,9,0,0,NA,NA,0,0,0,0,0,0,391,45,346,NA,391,0,0,0,0,0,13,13,0,NA,13
M12 [Adolscent Health],'12.1.2.a',"Out of registered, Girls received clinical services",TOTAL,1216,1166,50,34,1182,0,0,0,NA,0,0,0,0,NA,0,53,53,NA,NA,53,0,0,0,0,0,0,0,0,NA,0,157,157,0,NA,157,5,5,NA,NA,5,11,11,NA,0,11,0,0,0,0,0,0,0,0,NA,0,394,394,0,0,394,46,46,0,NA,46,0,0,NA,NA,0,8,8,0,0,8,45,45,NA,34,11,64,64,0,0,64,0,0,NA,NA,0,9,9,0,0,9,157,157,NA,NA,157,0,0,0,0,0,0,0,NA,NA,0,47,47,0,0,47,0,0,NA,NA,0,0,0,0,0,0,127,127,0,NA,127,59,9,50,0,59,34,34,0,NA,34
M12 [Adolscent Health],'12.1.2.b',"Out of registered, Boys received clinical services",TOTAL,440,440,0,20,420,0,0,0,NA,0,0,0,0,NA,0,53,53,NA,NA,53,0,0,0,0,0,0,0,0,NA,0,17,17,0,NA,17,0,0,NA,NA,0,0,0,NA,0,0,0,0,0,0,0,0,0,0,NA,0,215,215,0,0,215,16,16,0,NA,16,0,0,NA,NA,0,5,5,0,0,5,20,20,NA,20,0,14,14,0,0,14,0,0,NA,NA,0,4,4,0,0,4,31,31,NA,NA,31,0,0,0,0,0,0,0,NA,NA,0,4,4,0,0,4,0,0,NA,NA,0,0,0,0,0,0,42,42,0,NA,42,6,6,0,0,6,13,13,0,NA,13
M12 [Adolscent Health],'12.1.3.a',"Out of registered, Girls received counselling",TOTAL,1301,1231,70,34,1267,0,0,0,NA,0,0,0,0,NA,0,53,53,NA,NA,53,16,16,0,0,16,3,3,0,NA,3,159,159,0,NA,159,5,5,NA,NA,5,11,11,NA,0,11,0,0,0,0,0,0,0,0,NA,0,240,240,0,0,240,102,102,0,NA,102,0,0,NA,NA,0,8,8,0,0,8,45,45,NA,34,11,69,69,0,0,69,0,0,NA,NA,0,9,9,0,0,9,229,229,NA,NA,229,0,0,0,0,0,30,30,NA,NA,30,98,78,20,0,98,0,0,NA,NA,0,0,0,0,0,0,131,131,0,NA,131,59,9,50,0,59,34,34,0,NA,34
M12 [Adolscent Health],'12.1.3.b',"Out of registered, Boys received counselling",TOTAL,407,407,0,20,387,0,0,0,NA,0,0,0,0,NA,0,53,53,NA,NA,53,1,1,0,0,1,0,0,0,NA,0,19,19,0,NA,19,0,0,NA,NA,0,0,0,NA,0,0,0,0,0,0,0,0,0,0,NA,0,138,138,0,0,138,34,34,0,NA,34,0,0,NA,NA,0,5,5,0,0,5,20,20,NA,20,0,19,19,0,0,19,0,0,NA,NA,0,4,4,0,0,4,34,34,NA,NA,34,0,0,0,0,0,0,0,NA,NA,0,16,16,0,0,16,0,0,NA,NA,0,0,0,0,0,0,45,45,0,NA,45,6,6,0,0,6,13,13,0,NA,13
"M13 [Directly Observed Treatment, Short-course (DOTS)]",'13.1',Number of on-going DOTS patients registered,TOTAL,3815,3537,278,98,3717,44,44,0,NA,44,232,232,0,NA,232,73,73,NA,0,73,240,238,2,0,240,46,46,0,NA,46,64,64,0,NA,64,71,69,2,NA,71,296,296,NA,0,296,394,386,8,0,394,1,1,0,NA,1,118,118,0,3,115,132,132,0,NA,132,28,28,NA,NA,28,181,181,0,0,181,158,158,NA,40,118,165,165,0,0,165,72,72,NA,NA,72,83,59,24,0,83,120,120,NA,NA,120,100,93,7,0,100,61,61,0,NA,61,324,321,3,0,324,36,36,NA,NA,36,142,141,1,55,87,204,173,31,NA,204,362,212,150,0,362,68,18,50,NA,68
"M13 [Directly Observed Treatment, Short-course (DOTS)]",'13.2',Number of DOTS cases completed successfully,TOTAL,1621,1551,70,44,1577,37,37,0,NA,37,67,67,0,NA,67,5,5,NA,NA,5,121,118,3,0,121,15,15,0,NA,15,38,38,0,NA,38,46,46,NA,NA,46,53,53,NA,0,53,125,120,5,0,125,6,6,0,NA,6,67,67,0,2,65,104,104,0,NA,104,15,15,NA,NA,15,110,110,0,0,110,42,42,NA,35,7,80,80,0,0,80,85,85,NA,NA,85,20,18,2,0,20,86,86,NA,NA,86,29,29,0,0,29,36,36,0,NA,36,140,139,1,0,140,34,34,NA,NA,34,41,40,1,7,34,98,79,19,NA,98,105,74,31,0,105,16,8,8,NA,16
M14 [Patient Services],'14.1.1',Outpatient - Diabetes,TOTAL,14327,12549,1778,1395,12932,553,553,0,NA,553,893,886,7,NA,893,136,136,NA,NA,136,147,124,23,6,141,142,123,19,NA,142,519,517,2,NA,519,185,185,NA,NA,185,584,584,0,20,564,835,712,123,158,677,105,105,0,NA,105,437,264,173,187,250,577,552,25,NA,577,212,212,NA,NA,212,727,719,8,17,710,903,863,40,790,113,1066,1066,0,0,1066,164,164,NA,NA,164,682,481,201,0,682,224,224,NA,NA,224,320,289,31,0,320,150,150,0,NA,150,1077,1064,13,54,1023,865,865,NA,NA,865,861,844,17,110,751,1180,272,908,15,1165,680,536,144,38,642,103,59,44,NA,103
M14 [Patient Services],'14.1.2',Outpatient - Hypertension,TOTAL,28832,25932,2900,2718,26114,1469,1469,0,NA,1469,1091,1082,9,NA,1091,293,293,NA,NA,293,360,280,80,14,346,385,359,26,NA,385,842,838,4,NA,842,632,632,NA,NA,632,939,939,0,118,821,3031,2869,162,174,2857,173,173,0,NA,173,860,508,352,375,485,1144,1035,109,NA,1144,199,199,NA,NA,199,879,869,10,29,850,1706,1524,182,1230,476,2227,2227,0,0,2227,391,391,NA,1,390,1108,773,335,0,1108,638,638,NA,NA,638,840,660,180,0,840,368,368,0,NA,368,2462,2165,297,56,2406,1862,1862,NA,NA,1862,1673,1594,79,600,1073,1226,989,237,21,1205,1518,936,582,100,1418,516,260,256,NA,516
M14 [Patient Services],'14.1.3',Outpatient - Stroke (Paralysis),TOTAL,322,189,133,14,308,13,13,0,NA,13,7,7,0,NA,7,5,5,NA,NA,5,3,3,0,0,3,81,3,78,NA,81,8,8,0,NA,8,6,6,NA,NA,6,55,55,0,0,55,10,7,3,0,10,5,5,0,NA,5,5,1,4,4,1,14,12,2,NA,14,0,0,NA,NA,0,1,1,0,0,1,20,20,NA,0,20,1,1,0,0,1,4,4,NA,NA,4,21,4,17,0,21,5,5,NA,NA,5,7,5,2,0,7,0,0,0,NA,0,11,10,1,0,11,1,1,NA,NA,1,4,1,3,1,3,11,4,7,0,11,23,7,16,9,14,1,1,0,NA,1
M14 [Patient Services],'14.1.4',Outpatient - Acute Heart Diseases,TOTAL,1290,1096,194,119,1171,9,9,0,NA,9,30,30,0,NA,30,4,4,NA,NA,4,13,13,0,0,13,3,1,2,NA,3,44,40,4,NA,44,4,4,NA,NA,4,31,31,0,0,31,30,29,1,0,30,1,1,0,NA,1,98,2,96,96,2,5,1,4,NA,5,5,5,NA,NA,5,634,634,0,0,634,15,15,NA,0,15,31,31,0,0,31,27,27,NA,NA,27,46,8,38,0,46,6,6,NA,NA,6,3,1,2,0,3,158,156,2,NA,158,34,34,0,2,32,0,0,NA,NA,0,8,4,4,0,8,5,0,5,0,5,40,6,34,21,19,6,4,2,NA,6
M14 [Patient Services],'14.1.5',Outpatient - Mental illness,TOTAL,3497,3153,344,141,3356,10,10,0,NA,10,452,452,0,NA,452,213,213,NA,NA,213,517,515,2,0,517,0,0,0,NA,0,270,270,0,NA,270,64,64,NA,NA,64,86,86,0,0,86,130,4,126,121,9,25,25,0,NA,25,8,4,4,4,4,10,4,6,NA,10,12,12,NA,NA,12,553,553,0,0,553,104,104,NA,13,91,7,7,0,0,7,4,4,NA,NA,4,196,63,133,0,196,8,8,NA,NA,8,193,190,3,0,193,243,240,3,NA,243,68,56,12,0,68,23,23,NA,NA,23,17,11,6,3,14,28,4,24,0,28,247,226,21,0,247,9,5,4,NA,9
M14 [Patient Services],'14.1.6',Outpatient - Epilepsy,TOTAL,400,204,196,19,381,30,30,0,NA,30,24,24,0,NA,24,1,1,NA,NA,1,8,4,4,0,8,1,0,1,NA,1,14,14,0,NA,14,3,3,NA,NA,3,2,2,0,0,2,29,14,15,0,29,0,0,0,NA,0,0,0,0,0,0,5,2,3,NA,5,3,3,NA,NA,3,22,22,0,0,22,24,24,NA,19,5,1,1,0,0,1,2,2,NA,NA,2,14,13,1,0,14,2,2,NA,NA,2,11,1,10,0,11,5,0,5,NA,5,6,2,4,0,6,1,1,NA,NA,1,21,6,15,0,21,60,0,60,0,60,88,23,65,0,88,23,10,13,NA,23
M14 [Patient Services],'14.1.7',Outpatient - Ophthalmic Related,TOTAL,28344,27650,694,251,28093,437,437,0,NA,437,1269,1229,40,NA,1269,344,344,NA,NA,344,1898,1838,60,0,1898,139,139,0,NA,139,1656,1656,0,NA,1656,773,773,NA,NA,773,3092,3092,0,26,3066,706,631,75,24,682,394,394,0,NA,394,349,347,2,5,344,1596,1573,23,NA,1596,375,375,NA,NA,375,1404,1404,0,0,1404,636,635,1,114,522,1719,1719,0,0,1719,363,363,NA,NA,363,2245,2110,135,0,2245,261,261,NA,NA,261,907,869,38,0,907,635,628,7,NA,635,1907,1882,25,60,1847,2038,2038,NA,NA,2038,572,492,80,11,561,1219,1163,56,4,1215,1020,914,106,7,1013,390,344,46,NA,390
M14 [Patient Services],'14.1.8',Outpatient - Dental,TOTAL,23818,23147,671,449,23369,256,256,0,NA,256,742,742,0,NA,742,524,524,NA,NA,524,1357,1252,105,0,1357,116,103,13,NA,116,1313,1311,2,NA,1313,650,650,NA,NA,650,1728,1728,0,29,1699,978,908,70,2,976,179,179,0,NA,179,671,630,41,44,627,740,716,24,NA,740,238,238,NA,NA,238,1839,1839,0,0,1839,603,602,1,312,291,2078,2078,0,0,2078,311,311,NA,NA,311,785,760,25,0,785,402,402,NA,NA,402,566,527,39,0,566,1076,1072,4,NA,1076,1290,1267,23,38,1252,2075,2075,NA,NA,2075,663,610,53,17,646,1487,1408,79,1,1486,663,540,123,6,657,488,419,69,NA,488
M14 [Patient Services],'14.1.9',Outpatient - Oncology,TOTAL,20,10,10,0,20,0,0,NA,NA,0,0,0,NA,NA,0,6,6,NA,NA,6,0,0,0,0,0,1,0,1,NA,1,0,0,0,NA,0,0,0,NA,NA,0,1,1,NA,NA,1,1,1,0,NA,1,0,0,NA,NA,0,0,0,0,0,0,0,0,0,NA,0,0,0,NA,NA,0,0,0,0,0,0,2,2,NA,0,2,0,0,0,0,0,0,0,NA,NA,0,9,0,9,0,9,0,0,NA,NA,0,0,0,0,0,0,0,0,NA,NA,0,0,0,0,0,0,0,0,NA,NA,0,0,0,0,NA,0,0,0,0,NA,0,0,0,0,0,0,0,0,NA,NA,0
M14 [Patient Services],'14.2.1',Allopathic- Outpatient attendance,TOTAL,2439262,2064540,374722,69449,2369813,48221,44745,3476,NA,48221,98089,95114,2975,279,97810,47180,47180,NA,2025,45155,157354,133705,23649,3229,154125,31735,25655,6080,NA,31735,90576,86182,4394,NA,90576,64777,64777,NA,NA,64777,104662,104471,191,695,103967,197311,120474,76837,5203,192108,9984,9984,NA,NA,9984,86427,76914,9513,11560,74867,92279,69881,22398,NA,92279,45974,45974,NA,NA,45974,127023,102920,24103,2912,124111,69098,68870,228,35958,33140,131470,131470,0,0,131470,44656,44592,64,64,44592,71003,64456,6547,72,70931,37031,37031,NA,NA,37031,62834,51763,11071,0,62834,84483,82583,1900,NA,84483,200561,185673,14888,2733,197828,66853,66853,NA,NA,66853,123754,89830,33924,548,123206,143754,86043,57711,883,142871,144098,88284,55814,3288,140810,58075,39116,18959,NA,58075
M14 [Patient Services],'14.2.2',Ayush - Outpatient attendance,TOTAL,227228,224602,2626,7104,220124,16272,16272,0,NA,16272,13845,13845,0,NA,13845,3847,3847,NA,NA,3847,775,775,0,0,775,2870,2870,0,NA,2870,6684,6684,0,NA,6684,3825,3825,NA,NA,3825,18345,18345,0,0,18345,6052,6052,0,592,5460,1442,1442,NA,NA,1442,10249,10249,0,768,9481,2261,2261,0,NA,2261,1866,1866,NA,NA,1866,769,769,0,0,769,16837,16837,0,5124,11713,24718,24718,0,0,24718,5892,5892,0,0,5892,3707,3707,0,0,3707,11088,11088,NA,NA,11088,1429,1429,0,0,1429,2734,2734,0,NA,2734,30431,29811,620,620,29811,16520,16520,NA,NA,16520,3598,3598,0,0,3598,8898,8898,0,NA,8898,1718,1718,0,0,1718,10556,8550,2006,NA,10556
M14 [Patient Services],'14.3.1.a',Inpatient (Male)- Children<18yrs,TOTAL,8843,7039,1804,615,8228,38,38,0,NA,38,426,374,52,31,395,3,3,NA,NA,3,935,651,284,18,917,3,3,0,NA,3,618,599,19,NA,618,88,88,0,NA,88,622,586,36,0,622,399,295,104,16,383,65,59,6,NA,65,567,158,409,409,158,293,288,5,NA,293,239,239,NA,NA,239,681,635,46,19,662,137,137,0,1,136,83,83,0,0,83,156,156,0,0,156,255,118,137,33,222,106,106,NA,NA,106,475,458,17,0,475,307,307,0,NA,307,515,436,79,52,463,230,230,NA,NA,230,287,171,116,0,287,607,429,178,NA,607,559,271,288,36,523,149,121,28,NA,149
M14 [Patient Services],'14.3.1.b',Inpatient (Male)- Adults,TOTAL,30930,24529,6401,1797,29133,226,226,0,NA,226,1263,1192,71,52,1211,364,364,NA,NA,364,1574,1374,200,0,1574,227,86,141,NA,227,1093,1026,67,NA,1093,250,249,1,NA,250,951,940,11,0,951,2529,1985,544,177,2352,271,224,47,NA,271,1257,802,455,455,802,1726,1657,69,NA,1726,456,456,NA,NA,456,2068,1504,564,289,1779,3463,3235,228,242,3221,354,354,0,0,354,421,415,6,6,415,802,588,214,8,794,635,635,NA,NA,635,1078,1036,42,0,1078,788,788,0,NA,788,2597,2177,420,323,2274,557,557,NA,NA,557,1243,704,539,0,1243,1929,1073,856,NA,1929,2263,533,1730,245,2018,545,349,196,NA,545
M14 [Patient Services],'14.3.2.a',Inpatient (Female)- Children<18yrs,TOTAL,7867,5858,2009,586,7281,29,29,0,NA,29,581,555,26,22,559,16,16,NA,NA,16,892,402,490,19,873,5,5,0,NA,5,452,443,9,NA,452,78,78,0,NA,78,383,369,14,0,383,374,242,132,25,349,50,46,4,NA,50,468,82,386,386,82,384,382,2,NA,384,165,165,NA,NA,165,493,431,62,22,471,105,105,0,2,103,77,77,0,0,77,142,141,1,1,141,158,52,106,20,138,58,58,NA,NA,58,376,352,24,0,376,255,255,0,NA,255,400,331,69,51,349,152,152,NA,NA,152,260,165,95,0,260,766,537,229,NA,766,617,300,317,38,579,131,88,43,NA,131
M14 [Patient Services],'14.3.2.b',Inpatient (Female)- Adults,TOTAL,61877,52306,9571,3591,58286,771,767,4,NA,771,2590,2471,119,90,2500,1144,1144,NA,NA,1144,4938,4130,808,241,4697,579,453,126,NA,579,2565,2385,180,NA,2565,1018,1018,0,NA,1018,2609,2529,80,8,2601,3657,2648,1009,409,3248,361,324,37,NA,361,2962,2254,708,733,2229,2024,1897,127,NA,2024,1639,1639,NA,NA,1639,1518,852,666,343,1175,4743,4315,428,503,4240,1609,1598,11,0,1609,1579,1571,8,8,1571,2615,2222,393,68,2547,1836,1836,NA,NA,1836,2418,2339,79,0,2418,1473,1473,0,NA,1473,4975,4275,700,556,4419,1148,1148,NA,NA,1148,1929,1510,419,0,1929,4352,3148,1204,74,4278,4168,1864,2304,558,3610,657,496,161,NA,657
M14 [Patient Services],'14.3.3',Number of Left Against Medical Advice (LAMA) cases,TOTAL,4079,3954,125,10,4069,4,4,0,NA,4,42,42,0,NA,42,126,126,NA,NA,126,280,279,1,0,280,20,9,11,NA,20,261,261,0,NA,261,8,8,NA,NA,8,235,235,NA,0,235,23,15,8,2,21,3,3,0,NA,3,290,288,2,2,288,6,3,3,NA,6,35,35,NA,NA,35,562,562,0,0,562,31,31,NA,6,25,35,35,0,0,35,71,71,0,0,71,226,216,10,0,226,113,113,NA,NA,113,186,186,0,0,186,206,206,0,NA,206,532,532,0,0,532,257,257,NA,NA,257,107,92,15,0,107,229,229,0,NA,229,79,4,75,0,79,112,112,0,NA,112
M14 [Patient Services],'14.4.1',Inpatient - Malaria,TOTAL,118,118,0,0,118,0,0,0,NA,0,0,0,0,NA,0,0,0,NA,NA,0,0,0,0,0,0,0,0,0,NA,0,0,0,0,NA,0,0,0,NA,NA,0,0,0,NA,0,0,0,0,0,0,0,0,0,0,NA,0,0,0,0,0,0,0,0,0,NA,0,0,0,NA,NA,0,0,0,0,0,0,0,0,NA,0,0,0,0,0,0,0,2,2,NA,NA,2,0,0,0,0,0,0,0,NA,NA,0,0,0,0,0,0,75,75,0,NA,75,0,0,0,0,0,0,0,NA,NA,0,0,0,0,0,0,0,0,0,NA,0,41,41,0,0,41,0,0,0,NA,0
M14 [Patient Services],'14.4.2',Inpatient - Dengue,TOTAL,4,1,3,3,1,0,0,0,NA,0,0,0,0,NA,0,0,0,NA,NA,0,0,0,0,0,0,0,0,0,NA,0,0,0,0,NA,0,0,0,NA,NA,0,0,0,NA,0,0,0,0,0,0,0,0,0,0,NA,0,0,0,0,0,0,0,0,0,NA,0,0,0,NA,NA,0,0,0,0,0,0,0,0,NA,0,0,0,0,0,0,0,0,0,NA,NA,0,1,1,0,0,1,0,0,NA,NA,0,0,0,0,0,0,0,0,0,NA,0,0,0,0,0,0,0,0,NA,NA,0,0,0,0,0,0,0,0,0,NA,0,3,0,3,3,0,0,0,0,NA,0
M14 [Patient Services],'14.4.3',Inpatient - Typhoid,TOTAL,170,129,41,7,163,3,3,0,NA,3,1,1,0,NA,1,24,24,NA,NA,24,25,0,25,0,25,7,7,0,NA,7,0,0,0,NA,0,0,0,NA,NA,0,5,5,NA,0,5,0,0,0,0,0,5,5,0,NA,5,7,0,7,7,0,0,0,0,NA,0,1,1,NA,NA,1,0,0,0,0,0,4,4,NA,0,4,0,0,0,0,0,3,3,NA,NA,3,0,0,0,0,0,7,7,NA,NA,7,0,0,0,0,0,54,54,0,NA,54,2,1,1,0,2,6,6,NA,NA,6,0,0,0,0,0,4,0,4,NA,4,0,0,0,0,0,12,8,4,NA,12
M14 [Patient Services],'14.4.4',"Inpatient - Asthma, Chronic Obstructive Pulmonary Disease (COPD), Respiratory infections",TOTAL,1604,1288,316,41,1563,6,6,0,NA,6,2,2,0,NA,2,19,19,NA,NA,19,74,52,22,0,74,6,2,4,NA,6,101,96,5,NA,101,28,28,NA,NA,28,73,73,NA,0,73,24,17,7,0,24,26,26,0,NA,26,12,0,12,12,0,0,0,0,NA,0,41,41,NA,NA,41,141,141,0,0,141,0,0,NA,0,0,21,21,0,0,21,20,20,NA,NA,20,79,50,29,0,79,17,17,NA,NA,17,55,42,13,0,55,123,123,0,NA,123,395,372,23,15,380,96,96,NA,NA,96,2,0,2,0,2,60,16,44,NA,60,137,15,122,14,123,46,13,33,NA,46
M14 [Patient Services],'14.4.5',Inpatient - Tuberculosis,TOTAL,462,312,150,7,455,0,0,0,NA,0,0,0,0,NA,0,0,0,NA,NA,0,73,69,4,0,73,9,0,9,NA,9,16,16,0,NA,16,0,0,NA,NA,0,46,46,NA,0,46,8,0,8,0,8,0,0,0,NA,0,2,0,2,2,0,0,0,0,NA,0,0,0,NA,NA,0,34,34,0,0,34,0,0,NA,0,0,0,0,0,0,0,13,13,NA,NA,13,6,1,5,0,6,13,13,NA,NA,13,13,11,2,0,13,32,32,0,NA,32,13,10,3,0,13,6,6,NA,NA,6,27,24,3,0,27,15,2,13,NA,15,106,32,74,5,101,30,3,27,NA,30
M14 [Patient Services],'14.4.6',Inpatient - Pyrexia of unknown origin (PUO),TOTAL,1026,783,243,36,990,0,0,0,NA,0,17,17,0,NA,17,0,0,NA,NA,0,82,48,34,0,82,45,0,45,NA,45,23,23,0,NA,23,2,2,NA,NA,2,40,40,NA,0,40,62,45,17,0,62,68,68,0,NA,68,85,49,36,36,49,3,0,3,NA,3,0,0,NA,NA,0,153,153,0,0,153,1,1,NA,0,1,0,0,0,0,0,25,25,NA,NA,25,28,20,8,0,28,84,84,NA,NA,84,41,39,2,0,41,0,0,0,NA,0,41,41,0,0,41,39,39,NA,NA,39,2,0,2,0,2,81,66,15,NA,81,69,0,69,0,69,35,23,12,NA,35
M14 [Patient Services],'14.4.7',Inpatient - Diarrhea with dehydration,TOTAL,2298,2051,247,46,2252,58,58,0,NA,58,28,28,0,NA,28,14,14,NA,NA,14,55,46,9,0,55,37,16,21,NA,37,110,110,0,NA,110,18,18,NA,NA,18,84,84,NA,0,84,111,84,27,0,111,49,49,0,NA,49,38,19,19,19,19,30,23,7,NA,30,165,165,NA,NA,165,139,139,0,0,139,28,28,NA,5,23,82,82,0,0,82,155,155,NA,NA,155,147,127,20,0,147,16,16,NA,NA,16,146,135,11,0,146,302,302,0,NA,302,96,85,11,8,88,111,111,NA,NA,111,79,69,10,0,79,61,43,18,NA,61,80,1,79,14,66,59,44,15,NA,59
M14 [Patient Services],'14.4.8',Inpatient - Hepatitis,TOTAL,83,59,24,3,80,0,0,0,NA,0,0,0,0,NA,0,0,0,NA,NA,0,23,17,6,0,23,7,0,7,NA,7,0,0,0,NA,0,2,2,NA,NA,2,0,0,NA,0,0,0,0,0,0,0,8,8,0,NA,8,3,0,3,3,0,7,7,0,NA,7,0,0,NA,NA,0,0,0,0,0,0,1,1,NA,0,1,1,1,0,0,1,5,5,NA,NA,5,10,7,3,0,10,0,0,NA,NA,0,0,0,0,0,0,0,0,0,NA,0,9,9,0,0,9,2,2,NA,NA,2,0,0,0,0,0,0,0,0,NA,0,5,0,5,0,5,0,0,0,NA,0
M14 [Patient Services],'14.5',Patients registered at Emergency Department,TOTAL,102979,101756,1223,619,102360,925,925,NA,NA,925,3186,3186,NA,NA,3186,328,328,NA,NA,328,3780,3177,603,0,3780,817,816,1,NA,817,5251,5251,0,NA,5251,2742,2742,NA,NA,2742,1198,1198,NA,NA,1198,540,540,0,NA,540,852,852,NA,NA,852,3477,2938,539,539,2938,1396,1396,NA,NA,1396,1506,1506,NA,NA,1506,9377,9377,0,0,9377,15055,15055,NA,0,15055,7708,7708,0,0,7708,390,390,NA,NA,390,3396,3396,0,NA,3396,3195,3195,NA,NA,3195,8502,8502,0,0,8502,2915,2915,NA,NA,2915,7106,7040,66,66,7040,3112,3112,NA,NA,3112,5815,5815,0,NA,5815,5671,5671,0,NA,5671,1724,1710,14,14,1710,3015,3015,NA,NA,3015
M14 [Patient Services],'14.6.1',"Emergency - Trauma ( accident, injury, poisoning etc)",TOTAL,11881,11722,159,296,11585,252,252,NA,NA,252,858,858,NA,NA,858,124,124,NA,NA,124,79,28,51,0,79,122,67,55,NA,122,856,856,0,NA,856,1760,1760,NA,NA,1760,175,175,NA,NA,175,79,79,0,NA,79,68,68,NA,NA,68,1148,1116,32,32,1116,210,210,NA,NA,210,262,262,NA,NA,262,84,84,0,0,84,722,722,NA,253,469,910,910,0,0,910,795,795,NA,NA,795,325,322,3,NA,325,584,584,NA,NA,584,473,473,0,0,473,624,624,NA,NA,624,321,321,0,0,321,5,5,NA,NA,5,298,298,0,NA,298,103,103,0,NA,103,338,320,18,11,327,306,306,NA,NA,306
M14 [Patient Services],'14.6.2',Emergency - Burn,TOTAL,276,270,6,5,271,6,6,NA,NA,6,33,33,NA,NA,33,5,5,NA,NA,5,4,3,1,0,4,0,0,0,NA,0,23,23,0,NA,23,3,3,NA,NA,3,23,23,NA,NA,23,2,2,0,NA,2,0,0,NA,NA,0,13,11,2,2,11,13,13,NA,NA,13,1,1,NA,NA,1,2,2,0,0,2,9,9,NA,3,6,0,0,0,0,0,5,5,NA,NA,5,1,0,1,NA,1,8,8,NA,NA,8,21,21,0,0,21,0,0,NA,NA,0,21,21,0,0,21,1,1,NA,NA,1,14,14,0,NA,14,5,5,0,NA,5,33,31,2,0,33,30,30,NA,NA,30
M14 [Patient Services],'14.6.3',Emergency - Obstetrics complications,TOTAL,2377,2327,50,54,2323,5,5,NA,NA,5,0,0,NA,NA,0,2,2,NA,NA,2,118,97,21,0,118,0,0,0,NA,0,669,669,0,NA,669,10,10,NA,NA,10,85,85,NA,NA,85,6,6,0,NA,6,11,11,NA,NA,11,20,3,17,17,3,11,11,NA,NA,11,1,1,NA,NA,1,98,98,0,0,98,25,25,NA,25,0,17,17,0,0,17,12,12,NA,NA,12,104,104,0,NA,104,518,518,NA,NA,518,136,136,0,0,136,104,104,NA,NA,104,86,86,0,0,86,0,0,NA,NA,0,143,143,0,NA,143,0,0,0,NA,0,32,20,12,12,20,164,164,NA,NA,164
M14 [Patient Services],'14.6.4',Emergency - Snake Bite,TOTAL,152,142,10,0,152,6,6,NA,NA,6,30,30,NA,NA,30,0,0,NA,NA,0,1,1,0,0,1,0,0,0,NA,0,28,28,0,NA,28,0,0,NA,NA,0,0,0,NA,NA,0,2,2,0,NA,2,0,0,NA,NA,0,1,1,0,0,1,0,0,NA,NA,0,0,0,NA,NA,0,0,0,0,0,0,5,5,NA,0,5,0,0,0,0,0,1,1,NA,NA,1,1,0,1,NA,1,5,5,NA,NA,5,11,11,0,0,11,0,0,NA,NA,0,19,19,0,0,19,0,0,NA,NA,0,17,17,0,NA,17,9,0,9,NA,9,3,3,0,0,3,13,13,NA,NA,13
M14 [Patient Services],'14.6.5',Emergency - Acute Caridiac Emergencies,TOTAL,350,342,8,4,346,4,4,NA,NA,4,69,69,NA,NA,69,9,9,NA,NA,9,14,11,3,0,14,1,0,1,NA,1,19,19,0,NA,19,20,20,NA,NA,20,0,0,NA,NA,0,7,7,0,NA,7,0,0,NA,NA,0,4,0,4,4,0,0,0,NA,NA,0,0,0,NA,NA,0,10,10,0,0,10,15,15,NA,0,15,0,0,0,0,0,0,0,NA,NA,0,16,16,0,NA,16,31,31,NA,NA,31,103,103,0,0,103,0,0,NA,NA,0,3,3,0,0,3,1,1,NA,NA,1,13,13,0,NA,13,0,0,0,NA,0,5,5,0,0,5,6,6,NA,NA,6
M14 [Patient Services],'14.6.7',Emergency - CVA ( Cerebovascular Disease),TOTAL,679,619,60,10,669,4,4,NA,NA,4,16,16,NA,NA,16,7,7,NA,NA,7,56,52,4,0,56,18,0,18,NA,18,24,24,0,NA,24,13,13,NA,NA,13,0,0,NA,NA,0,5,5,0,NA,5,3,3,NA,NA,3,11,7,4,4,7,0,0,NA,NA,0,2,2,NA,NA,2,5,5,0,0,5,14,14,NA,0,14,0,0,0,0,0,18,18,NA,NA,18,16,10,6,NA,16,65,65,NA,NA,65,95,95,0,0,95,14,14,NA,NA,14,77,73,4,4,73,1,1,NA,NA,1,27,27,0,NA,27,48,30,18,NA,48,6,0,6,2,4,134,134,NA,NA,134
M14 [Patient Services],'14.7',Number of deaths occurring at Emergency Department,TOTAL,53,53,0,0,53,0,0,NA,NA,0,29,29,NA,NA,29,0,0,NA,NA,0,0,0,0,0,0,0,0,0,NA,0,2,2,0,NA,2,2,2,NA,NA,2,0,0,NA,NA,0,1,1,0,NA,1,0,0,NA,NA,0,1,1,0,0,1,0,0,NA,NA,0,0,0,NA,NA,0,0,0,0,0,0,0,0,NA,0,0,0,0,0,0,0,0,0,NA,NA,0,0,0,0,NA,0,9,9,NA,NA,9,2,2,0,0,2,0,0,NA,NA,0,1,1,0,0,1,0,0,NA,NA,0,1,1,0,NA,1,1,1,0,NA,1,0,0,0,0,0,4,4,NA,NA,4
M14 [Patient Services],'14.8.1',Operation major (General and spinal anaesthesia),TOTAL,3902,2942,960,647,3255,1,1,0,NA,1,213,213,0,NA,213,15,15,NA,NA,15,389,321,68,11,378,0,0,0,NA,0,49,13,36,NA,49,48,45,3,NA,48,186,139,47,0,186,325,317,8,8,317,50,50,0,NA,50,378,19,359,359,19,2,2,0,NA,2,0,0,NA,NA,0,142,142,0,0,142,1200,1200,NA,0,1200,187,0,187,110,77,9,9,NA,NA,9,104,58,46,0,104,147,147,NA,NA,147,27,27,0,0,27,30,30,NA,NA,30,83,39,44,44,39,1,1,NA,NA,1,91,91,0,0,91,53,7,46,NA,53,171,55,116,115,56,1,1,0,NA,1
M14 [Patient Services],'14.8.2',"Out of Operation major, Gynecology- Hysterectomy surgeries",TOTAL,797,461,336,204,593,1,1,0,NA,1,30,30,0,NA,30,38,38,NA,NA,38,30,9,21,11,19,4,4,0,NA,4,38,0,38,NA,38,11,8,3,NA,11,11,11,NA,0,11,50,48,2,2,48,0,0,0,NA,0,20,2,18,18,2,0,0,0,NA,0,0,0,NA,NA,0,103,55,48,48,55,180,180,NA,0,180,187,0,187,110,77,2,2,NA,NA,2,4,0,4,0,4,11,11,NA,NA,11,0,0,0,0,0,0,0,NA,NA,0,5,0,5,5,0,0,0,NA,NA,0,12,12,0,0,12,0,0,0,NA,0,60,50,10,10,50,0,0,0,NA,0
M14 [Patient Services],'14.8.3',"Major Surgeries excluding Obstetrics, Gynaecology and Opthalmology etc.",TOTAL,936,936,NA,NA,936,NA,NA,NA,NA,NA,26,26,NA,NA,26,NA,NA,NA,NA,NA,225,225,NA,NA,225,NA,NA,NA,NA,NA,6,6,NA,NA,6,37,37,NA,NA,37,71,71,NA,NA,71,269,269,NA,NA,269,7,7,NA,NA,7,NA,NA,NA,NA,NA,0,0,NA,NA,0,0,0,NA,NA,0,87,87,NA,NA,87,59,59,NA,NA,59,0,0,NA,NA,0,9,9,NA,NA,9,0,0,NA,NA,0,30,30,NA,NA,30,27,27,NA,NA,27,30,30,NA,NA,30,33,33,NA,NA,33,0,0,NA,NA,0,19,19,NA,NA,19,0,0,NA,NA,0,0,0,NA,NA,0,1,1,NA,NA,1
M14 [Patient Services],'14.8.4',Operation minor (No or local anaesthesia),TOTAL,4294,3915,379,125,4169,237,237,0,NA,237,174,174,0,NA,174,10,10,NA,NA,10,631,611,20,0,631,25,25,0,NA,25,15,10,5,NA,15,5,5,NA,NA,5,73,73,NA,0,73,65,56,9,9,56,84,68,16,NA,84,331,248,83,83,248,55,55,0,NA,55,58,58,NA,NA,58,667,659,8,8,659,600,600,NA,0,600,68,68,0,0,68,3,3,NA,NA,3,159,3,156,0,159,246,246,NA,NA,246,40,40,0,0,40,0,0,NA,NA,0,210,210,0,0,210,118,118,NA,NA,118,156,156,0,0,156,46,26,20,NA,46,78,16,62,25,53,140,140,0,NA,140
M14 [Patient Services],'14.8.5',Number of post operative Surgical Site infection,TOTAL,15,15,NA,NA,15,1,1,NA,NA,1,1,1,NA,NA,1,NA,NA,NA,NA,NA,1,1,NA,NA,1,NA,NA,NA,NA,NA,0,0,NA,NA,0,0,0,NA,NA,0,NA,NA,NA,NA,NA,NA,NA,NA,NA,NA,0,0,NA,NA,0,0,0,NA,NA,0,0,0,NA,NA,0,0,0,NA,NA,0,4,4,NA,NA,4,1,1,NA,NA,1,1,1,NA,NA,1,0,0,NA,NA,0,0,0,NA,NA,0,0,0,NA,NA,0,0,0,NA,NA,0,5,5,NA,NA,5,0,0,NA,NA,0,1,1,NA,NA,1,0,0,NA,NA,0,0,0,NA,NA,0,0,0,NA,NA,0,0,0,NA,NA,0
M14 [Patient Services],'14.8.6',Number of blood units issued,TOTAL,2124,2093,31,27,2097,0,0,0,NA,0,15,15,0,NA,15,0,0,NA,NA,0,94,92,2,0,94,0,0,0,NA,0,0,0,0,NA,0,0,0,NA,NA,0,7,7,NA,0,7,0,0,0,0,0,71,71,0,NA,71,16,3,13,13,3,0,0,0,NA,0,0,0,NA,NA,0,1567,1567,0,0,1567,1,1,NA,0,1,0,0,0,0,0,227,227,NA,NA,227,0,0,0,0,0,0,0,NA,NA,0,0,0,0,0,0,0,0,NA,NA,0,13,13,0,0,13,92,92,NA,NA,92,5,5,0,0,5,2,0,2,NA,2,14,0,14,14,0,0,0,0,NA,0
M14 [Patient Services],'14.8.7',Number of blood transfusions done,TOTAL,2078,2054,24,22,2056,0,0,0,NA,0,8,8,0,NA,8,0,0,NA,NA,0,93,92,1,1,92,0,0,0,NA,0,0,0,0,NA,0,0,0,NA,NA,0,7,7,NA,0,7,0,0,0,0,0,71,71,0,NA,71,16,3,13,13,3,0,0,0,NA,0,0,0,NA,NA,0,1522,1522,0,0,1522,8,8,NA,0,8,6,6,0,0,6,227,227,NA,NA,227,0,0,0,0,0,0,0,NA,NA,0,0,0,0,0,0,0,0,NA,NA,0,13,13,0,0,13,92,92,NA,NA,92,5,5,0,0,5,2,0,2,NA,2,8,0,8,8,0,0,0,0,NA,0
M14 [Patient Services],'14.9.1',Inpatient Deaths - Male,TOTAL,559,511,48,13,546,2,2,0,NA,2,30,30,0,NA,30,6,6,NA,NA,6,34,33,1,0,34,0,0,0,NA,0,21,18,3,NA,21,4,4,NA,NA,4,25,22,3,0,25,112,112,0,0,112,4,4,0,NA,4,8,5,3,3,5,2,2,0,NA,2,5,5,NA,NA,5,70,70,0,0,70,0,0,NA,0,0,0,0,0,0,0,23,23,NA,NA,23,36,25,11,0,36,22,22,NA,NA,22,28,28,0,0,28,13,13,NA,NA,13,33,29,4,4,29,14,14,NA,NA,14,12,12,0,0,12,15,13,2,NA,15,32,11,21,6,26,8,8,0,NA,8
M14 [Patient Services],'14.9.2',Inpatient Deaths - Female,TOTAL,423,407,16,6,417,1,1,0,NA,1,23,23,0,NA,23,4,4,NA,NA,4,21,21,0,0,21,0,0,0,NA,0,8,6,2,NA,8,4,4,NA,NA,4,24,24,0,0,24,124,124,0,0,124,6,6,0,NA,6,7,5,2,2,5,3,3,0,NA,3,4,4,NA,NA,4,37,37,0,0,37,0,0,NA,0,0,1,1,0,0,1,10,10,NA,NA,10,21,18,3,0,21,19,19,NA,NA,19,19,19,0,0,19,9,9,NA,NA,9,26,26,0,0,26,6,6,NA,NA,6,16,16,0,0,16,12,10,2,NA,12,13,6,7,4,9,5,5,0,NA,5
M14 [Patient Services],'14.10',In-Patient Head Count at midnight,TOTAL,104701,100468,4233,399,104302,395,395,0,NA,395,2475,2475,0,NA,2475,3008,3008,NA,NA,3008,5575,4410,1165,0,5575,986,986,0,NA,986,7052,7052,0,NA,7052,3024,3024,NA,NA,3024,6677,6677,NA,0,6677,1878,1785,93,0,1878,2578,2578,0,NA,2578,4695,4675,20,20,4675,33,33,0,NA,33,2245,2245,NA,NA,2245,931,931,0,0,931,2616,2616,NA,379,2237,2297,2286,11,0,2297,4863,4863,NA,NA,4863,6241,4068,2173,0,6241,4279,4279,NA,NA,4279,5941,5884,57,0,5941,3881,3881,NA,NA,3881,8827,8645,182,0,8827,7003,7003,NA,NA,7003,5475,5475,0,0,5475,4398,4357,41,NA,4398,6120,5683,437,0,6120,1208,1154,54,NA,1208
M14 [Patient Services],'14.11',Number of Admission in NBSU ( New Born Stabilisation Unit),TOTAL,541,488,53,5,536,0,0,0,NA,0,37,37,0,NA,37,10,10,NA,NA,10,62,62,0,0,62,3,3,0,NA,3,30,30,0,NA,30,8,8,NA,NA,8,7,7,NA,0,7,30,30,0,5,25,1,1,0,NA,1,7,7,0,0,7,6,6,0,NA,6,5,5,NA,NA,5,22,22,0,0,22,5,5,NA,0,5,19,19,0,0,19,0,0,NA,NA,0,101,48,53,0,101,12,12,NA,NA,12,27,27,0,0,27,24,24,NA,NA,24,36,36,0,0,36,10,10,NA,NA,10,30,30,0,0,30,21,21,0,NA,21,15,15,0,0,15,13,13,0,NA,13
M14 [Patient Services],'14.12.1',Special Newborn Care Unit (SNCU Admissions) - Inborn Male,TOTAL,1473,1457,16,0,1473,17,17,NA,NA,17,124,124,NA,NA,124,31,31,NA,NA,31,127,127,0,0,127,0,0,0,NA,0,89,73,16,NA,89,25,25,NA,NA,25,60,60,NA,NA,60,167,167,0,NA,167,12,12,NA,NA,12,54,54,NA,NA,54,47,47,0,NA,47,29,29,NA,NA,29,161,161,0,0,161,38,38,NA,0,38,0,0,0,0,0,26,26,NA,NA,26,23,23,0,0,23,41,41,NA,NA,41,67,67,0,0,67,19,19,NA,NA,19,52,52,0,0,52,65,65,NA,NA,65,48,48,0,NA,48,100,100,0,NA,100,39,39,0,0,39,12,12,NA,NA,12
M14 [Patient Services],'14.12.2',Special Newborn Care Unit (SNCU Admissions) - Inborn Female,TOTAL,1058,1042,16,0,1058,9,9,NA,NA,9,71,71,NA,NA,71,24,24,NA,NA,24,104,104,0,0,104,0,0,0,NA,0,85,69,16,NA,85,23,23,NA,NA,23,38,38,NA,NA,38,124,124,0,NA,124,11,11,NA,NA,11,36,36,NA,NA,36,29,29,0,NA,29,34,34,NA,NA,34,114,114,0,0,114,23,23,NA,0,23,0,0,0,0,0,17,17,NA,NA,17,6,6,0,0,6,34,34,NA,NA,34,34,34,0,0,34,19,19,NA,NA,19,42,42,0,0,42,48,48,NA,NA,48,41,41,0,NA,41,54,54,0,NA,54,33,33,0,0,33,5,5,NA,NA,5
M14 [Patient Services],'14.12.3',Outborn – Male,TOTAL,728,725,3,0,728,0,0,NA,NA,0,59,59,NA,NA,59,14,14,NA,NA,14,107,107,0,0,107,0,0,0,NA,0,43,40,3,NA,43,6,6,NA,NA,6,42,42,NA,NA,42,68,68,0,NA,68,2,2,NA,NA,2,29,29,NA,NA,29,13,13,0,NA,13,39,39,NA,NA,39,32,32,0,0,32,16,16,NA,0,16,0,0,0,0,0,3,3,NA,NA,3,40,40,0,0,40,15,15,NA,NA,15,25,25,0,0,25,10,10,NA,NA,10,54,54,0,0,54,20,20,NA,NA,20,12,12,0,NA,12,53,53,0,NA,53,19,19,0,0,19,7,7,NA,NA,7
M14 [Patient Services],'14.12.4',Outborn - Female,TOTAL,410,410,0,0,410,0,0,NA,NA,0,38,38,NA,NA,38,9,9,NA,NA,9,47,47,0,0,47,0,0,0,NA,0,34,34,0,NA,34,10,10,NA,NA,10,19,19,NA,NA,19,41,41,0,NA,41,3,3,NA,NA,3,11,11,NA,NA,11,15,15,0,NA,15,13,13,NA,NA,13,14,14,0,0,14,6,6,NA,0,6,0,0,0,0,0,4,4,NA,NA,4,16,16,0,0,16,6,6,NA,NA,6,15,15,0,0,15,4,4,NA,NA,4,28,28,0,0,28,9,9,NA,NA,9,8,8,0,NA,8,26,26,0,NA,26,21,21,0,0,21,13,13,NA,NA,13
M14 [Patient Services],'14.12.5',Number of newborns admitted in SNCU - referred by ASHA,TOTAL,185,185,0,0,185,0,0,NA,NA,0,0,0,NA,NA,0,28,28,NA,NA,28,18,18,0,0,18,0,0,0,NA,0,23,23,0,NA,23,16,16,NA,NA,16,0,0,NA,NA,0,0,0,0,NA,0,0,0,NA,NA,0,17,17,NA,NA,17,28,28,0,NA,28,0,0,NA,NA,0,0,0,0,0,0,0,0,NA,0,0,0,0,0,0,0,0,0,NA,NA,0,0,0,0,0,0,0,0,NA,NA,0,0,0,0,0,0,5,5,NA,NA,5,12,12,0,0,12,0,0,NA,NA,0,0,0,0,NA,0,11,11,0,NA,11,27,27,0,0,27,0,0,NA,NA,0
M14 [Patient Services],'14.13',Number of deaths occurring at SNCU,TOTAL,277,276,1,0,277,0,0,NA,NA,0,38,38,NA,NA,38,1,1,NA,NA,1,24,24,0,0,24,0,0,0,NA,0,11,10,1,NA,11,2,2,NA,NA,2,26,26,NA,NA,26,36,36,0,NA,36,2,2,NA,NA,2,9,9,NA,NA,9,11,11,0,NA,11,14,14,NA,NA,14,15,15,0,0,15,4,4,NA,0,4,0,0,0,0,0,2,2,NA,NA,2,7,7,0,0,7,1,1,NA,NA,1,10,10,0,0,10,3,3,NA,NA,3,16,16,0,0,16,1,1,NA,NA,1,5,5,0,NA,5,32,32,0,NA,32,7,7,0,0,7,0,0,NA,NA,0
M14 [Patient Services],'14.14.1',Number of children admitted in NRC,TOTAL,118,117,1,0,118,0,0,0,NA,0,10,10,0,NA,10,3,3,NA,NA,3,2,2,0,0,2,0,0,0,NA,0,8,8,0,NA,8,2,2,NA,NA,2,3,3,NA,0,3,5,5,0,0,5,0,0,0,NA,0,7,7,0,0,7,5,5,0,NA,5,0,0,NA,NA,0,9,9,0,0,9,13,13,NA,0,13,0,0,0,0,0,0,0,NA,NA,0,7,7,0,0,7,9,9,NA,NA,9,8,8,0,0,8,11,11,NA,NA,11,10,10,0,0,10,4,4,NA,NA,4,0,0,0,0,0,1,0,1,NA,1,0,0,0,0,0,1,1,0,NA,1
M14 [Patient Services],'14.14.2',Number of children discharged with target weight gain from the NRCs,TOTAL,124,124,0,0,124,0,0,0,NA,0,17,17,0,NA,17,5,5,NA,NA,5,2,2,0,0,2,0,0,0,NA,0,15,15,0,NA,15,2,2,NA,NA,2,6,6,NA,0,6,5,5,0,0,5,0,0,0,NA,0,10,10,0,0,10,5,5,0,NA,5,0,0,NA,NA,0,11,11,0,0,11,5,5,NA,0,5,0,0,0,0,0,0,0,NA,NA,0,2,2,0,0,2,7,7,NA,NA,7,0,0,0,0,0,12,12,NA,NA,12,12,12,0,0,12,5,5,NA,NA,5,0,0,0,0,0,0,0,0,NA,0,0,0,0,0,0,3,3,0,NA,3
M14 [Patient Services],'14.15',Number of Rogi Kalyan Samiti (RKS) meetings held,TOTAL,359,351,8,24,335,24,24,0,NA,24,7,7,0,NA,7,9,9,NA,NA,9,4,4,0,0,4,10,10,0,NA,10,8,8,0,NA,8,4,4,NA,NA,4,19,19,NA,1,18,8,6,2,1,7,3,3,NA,NA,3,12,12,0,0,12,14,14,0,NA,14,0,0,NA,NA,0,25,25,0,0,25,21,20,1,14,7,14,14,0,0,14,28,28,NA,5,23,9,9,0,0,9,29,29,NA,NA,29,6,6,0,0,6,9,9,0,NA,9,31,31,0,2,29,18,18,NA,NA,18,15,11,4,1,14,14,14,0,NA,14,11,10,1,0,11,7,7,0,NA,7
M14 [Patient Services],'14.16',Number of Anganwadi centres/ UPHCs reported to have conducted Village Health & Nutrition Day (VHNDs)/ Urban Health & Nutrition Day (UHNDs)/ Outreach / Special Outreach,TOTAL,23798,23275,523,844,22954,764,764,0,NA,764,1110,1108,2,NA,1110,486,486,NA,7,479,1370,1356,14,41,1329,430,430,0,NA,430,789,787,2,NA,789,613,613,NA,NA,613,1395,1366,29,5,1390,898,779,119,60,838,227,227,0,NA,227,678,676,2,44,634,943,943,0,NA,943,550,550,NA,NA,550,958,958,0,56,902,624,624,NA,439,185,1439,1439,0,NA,1439,903,903,NA,29,874,943,943,0,20,923,866,866,NA,NA,866,808,787,21,35,773,776,775,1,NA,776,1888,1871,17,53,1835,527,527,NA,NA,527,926,860,66,13,913,1495,1353,142,NA,1495,797,717,80,42,755,595,567,28,NA,595
M14 [Patient Services],'14.17',Stock out rate of essential Drugs,TOTAL,232,232,NA,NA,232,NA,NA,NA,NA,NA,92,92,NA,NA,92,NA,NA,NA,NA,NA,9,9,NA,NA,9,NA,NA,NA,NA,NA,NA,NA,NA,NA,NA,NA,NA,NA,NA,NA,NA,NA,NA,NA,NA,NA,NA,NA,NA,NA,NA,NA,NA,NA,NA,NA,NA,NA,NA,NA,19,19,NA,NA,19,9,9,NA,NA,9,17,17,NA,NA,17,0,0,NA,NA,0,6,6,NA,NA,6,34,34,NA,NA,34,NA,NA,NA,NA,NA,2,2,NA,NA,2,11,11,NA,NA,11,13,13,NA,NA,13,NA,NA,NA,NA,NA,NA,NA,NA,NA,NA,NA,NA,NA,NA,NA,NA,NA,NA,NA,NA,20,20,NA,NA,20,NA,NA,NA,NA,NA
M14 [Patient Services],'14.18',Blood Units Issued on replacement (Family Donors to be considered as replacement donations),TOTAL,4792,4792,NA,NA,4792,NA,NA,NA,NA,NA,420,420,NA,NA,420,NA,NA,NA,NA,NA,384,384,NA,NA,384,NA,NA,NA,NA,NA,254,254,NA,NA,254,117,117,NA,NA,117,8,8,NA,NA,8,NA,NA,NA,NA,NA,71,71,NA,NA,71,296,296,NA,NA,296,242,242,NA,NA,242,49,49,NA,NA,49,696,696,NA,NA,696,8,8,NA,NA,8,0,0,NA,NA,0,110,110,NA,NA,110,74,74,NA,NA,74,243,243,NA,NA,243,21,21,NA,NA,21,103,103,NA,NA,103,508,508,NA,NA,508,484,484,NA,NA,484,30,30,NA,NA,30,415,415,NA,NA,415,253,253,NA,NA,253,6,6,NA,NA,6
M14 [Patient Services],'14.19',Total number of blood units issued in year,TOTAL,8556,8556,NA,NA,8556,NA,NA,NA,NA,NA,738,738,NA,NA,738,NA,NA,NA,NA,NA,1175,1175,NA,NA,1175,NA,NA,NA,NA,NA,311,311,NA,NA,311,125,125,NA,NA,125,303,303,NA,NA,303,NA,NA,NA,NA,NA,71,71,NA,NA,71,299,299,NA,NA,299,495,495,NA,NA,495,65,65,NA,NA,65,1567,1567,NA,NA,1567,8,8,NA,NA,8,0,0,NA,NA,0,227,227,NA,NA,227,163,163,NA,NA,163,243,243,NA,NA,243,496,496,NA,NA,496,103,103,NA,NA,103,566,566,NA,NA,566,518,518,NA,NA,518,331,331,NA,NA,331,458,458,NA,NA,458,288,288,NA,NA,288,6,6,NA,NA,6
M14 [Patient Services],'14.20',Patient Satisfaction Score of the facility in percentage (from Mera Aspatal),TOTAL,172,172,NA,NA,172,NA,NA,NA,NA,NA,172,172,NA,NA,172,NA,NA,NA,NA,NA,NA,NA,NA,NA,NA,NA,NA,NA,NA,NA,0,0,NA,NA,0,NA,NA,NA,NA,NA,NA,NA,NA,NA,NA,NA,NA,NA,NA,NA,0,0,NA,NA,0,NA,NA,NA,NA,NA,NA,NA,NA,NA,NA,NA,NA,NA,NA,NA,0,0,NA,NA,0,0,0,NA,NA,0,0,0,NA,NA,0,0,0,NA,NA,0,NA,NA,NA,NA,NA,0,0,NA,NA,0,NA,NA,NA,NA,NA,NA,NA,NA,NA,NA,NA,NA,NA,NA,NA,NA,NA,NA,NA,NA,0,0,NA,NA,0,NA,NA,NA,NA,NA,NA,NA,NA,NA,NA,NA,NA,NA,NA,NA
M15 [Laboratory Testing],'15.1',Number of Lab Tests done,TOTAL,1119100,1065348,53752,42088,1077012,21649,21631,18,NA,21649,79754,76109,3645,2854,76900,20746,20746,0,377,20369,67475,57755,9720,1527,65948,25724,21953,3771,NA,25724,34317,33517,800,NA,34317,26442,26442,0,NA,26442,36030,35466,564,247,35783,61840,57515,4325,4170,57670,2168,2134,34,NA,2168,48030,33867,14163,15063,32967,34981,34688,293,NA,34981,15835,15835,NA,NA,15835,68343,68302,41,127,68216,58469,58077,392,13132,45337,67049,67038,11,0,67049,34509,34327,182,182,34327,36468,28152,8316,0,36468,18488,18488,NA,NA,18488,37595,36620,975,291,37304,31345,31304,41,NA,31345,85310,84987,323,159,85151,52026,52026,NA,NA,52026,31207,30544,663,191,31016,64557,63753,804,360,64197,44991,40519,4472,3408,41583,13752,13553,199,NA,13752
M15 [Laboratory Testing],'15.2.1',Number of Hb tests conducted,TOTAL,184441,172789,11652,8352,176089,5494,5494,0,NA,5494,10598,10307,291,NA,10598,3744,3744,NA,40,3704,15407,13487,1920,571,14836,2010,1545,465,NA,2010,7578,7450,128,NA,7578,4133,4133,NA,NA,4133,11663,11174,489,220,11443,8274,6236,2038,1631,6643,563,517,46,NA,563,9929,7737,2192,2529,7400,6222,6093,129,NA,6222,5122,5122,NA,NA,5122,6586,6566,20,210,6376,4348,4338,10,1617,2731,10481,10470,11,0,10481,3885,3862,23,23,3862,8987,7920,1067,32,8955,2666,2666,NA,NA,2666,5029,4832,197,23,5006,6114,6114,0,NA,6114,15938,15830,108,14,15924,6660,6660,NA,NA,6660,4031,3783,248,135,3896,7831,7353,478,164,7667,7561,5943,1618,1143,6418,3587,3413,174,NA,3587
M15 [Laboratory Testing],'15.2.2',"Out of the total number of Hb tests done, Number having Hb < 7 mg",TOTAL,2837,2439,398,274,2563,20,20,0,NA,20,55,51,4,NA,55,33,33,NA,0,33,387,347,40,4,383,63,37,26,NA,63,67,67,0,NA,67,125,125,NA,NA,125,168,168,0,6,162,166,142,24,26,140,13,9,4,NA,13,95,54,41,43,52,132,131,1,NA,132,22,22,NA,NA,22,52,52,0,0,52,64,64,NA,31,33,104,104,0,0,104,18,18,NA,NA,18,299,261,38,0,299,21,21,NA,NA,21,28,14,14,2,26,263,263,0,NA,263,79,79,0,0,79,26,26,NA,NA,26,35,34,1,0,35,114,89,25,8,106,269,99,170,154,115,119,109,10,NA,119
M15 [Laboratory Testing],'15.3.1.a',Male HIV - Number Tested,TOTAL,7622,7098,524,536,7086,96,96,0,NA,96,302,302,0,NA,302,61,61,NA,NA,61,699,699,0,0,699,50,38,12,NA,50,19,19,0,NA,19,138,138,0,NA,138,258,232,26,0,258,979,814,165,165,814,125,113,12,NA,125,292,77,215,215,77,113,113,0,NA,113,80,80,NA,NA,80,410,407,3,0,410,1140,1140,NA,73,1067,440,440,0,0,440,326,326,NA,NA,326,228,228,0,0,228,239,239,NA,NA,239,139,139,0,0,139,93,93,0,NA,93,382,380,2,0,382,181,181,NA,NA,181,229,223,6,6,223,457,455,2,NA,457,125,48,77,77,48,21,17,4,NA,21
M15 [Laboratory Testing],'15.3.1.b',Male HIV - Number Positive,TOTAL,236,236,0,3,233,1,1,0,NA,1,3,3,0,NA,3,140,140,NA,0,140,23,23,0,0,23,1,1,0,NA,1,0,0,0,NA,0,0,0,0,NA,0,1,1,0,0,1,6,6,0,0,6,1,1,0,NA,1,0,0,0,0,0,0,0,0,NA,0,0,0,NA,NA,0,4,4,0,0,4,19,19,NA,3,16,1,1,0,0,1,1,1,NA,NA,1,4,4,0,0,4,0,0,NA,NA,0,0,0,0,0,0,20,20,0,NA,20,4,4,0,0,4,0,0,NA,NA,0,3,3,0,0,3,3,3,0,NA,3,0,0,0,0,0,1,1,0,NA,1
M15 [Laboratory Testing],'15.3.2.a',Female Non ANC HIV - Number Tested,TOTAL,7204,6592,612,659,6545,125,125,0,NA,125,499,499,0,NA,499,51,51,NA,0,51,638,627,11,13,625,154,148,6,NA,154,41,41,0,NA,41,151,141,10,NA,151,235,235,0,0,235,750,626,124,124,626,121,115,6,NA,121,634,249,385,385,249,315,315,0,NA,315,44,44,NA,NA,44,298,289,9,0,298,777,777,NA,49,728,230,230,0,0,230,284,284,NA,NA,284,136,129,7,0,136,227,227,NA,NA,227,203,203,0,0,203,106,106,0,NA,106,266,266,0,0,266,167,167,NA,NA,167,307,304,3,55,252,354,347,7,NA,354,53,16,37,33,20,38,31,7,NA,38
M15 [Laboratory Testing],'15.3.2.b',Female Non ANC HIV - Number Positive,TOTAL,221,221,0,0,221,0,0,0,NA,0,0,0,0,NA,0,186,186,NA,0,186,10,10,0,0,10,0,0,0,NA,0,0,0,0,NA,0,0,0,0,NA,0,1,1,0,0,1,4,4,0,0,4,0,0,0,NA,0,0,0,0,0,0,0,0,0,NA,0,0,0,NA,NA,0,2,2,0,0,2,12,12,NA,0,12,0,0,0,0,0,1,1,NA,NA,1,1,1,0,0,1,0,0,NA,NA,0,2,2,0,0,2,1,1,0,NA,1,1,1,0,0,1,0,0,NA,NA,0,0,0,0,0,0,0,0,0,NA,0,0,0,0,0,0,0,0,0,NA,0
M15 [Laboratory Testing],'15.3.3.a',Number of pregnant women screened for HIV,TOTAL,41151,39402,1749,1497,39654,896,896,0,NA,896,2511,2463,48,NA,2511,946,946,NA,20,926,2812,2056,756,410,2402,458,442,16,NA,458,832,816,16,NA,832,918,918,NA,NA,918,3556,3370,186,65,3491,1649,1618,31,47,1602,334,334,0,NA,334,1998,1822,176,281,1717,1654,1654,0,NA,1654,1030,1030,NA,NA,1030,1699,1690,9,132,1567,2069,2069,NA,369,1700,1665,1654,11,0,1665,1464,1464,NA,NA,1464,2137,1934,203,0,2137,1442,1442,NA,NA,1442,1168,1126,42,12,1156,597,597,0,NA,597,3187,3184,3,0,3187,1052,1052,NA,NA,1052,1095,1064,31,54,1041,1790,1756,34,NA,1790,1092,918,174,107,985,1100,1087,13,NA,1100
M15 [Laboratory Testing],'15.3.3.b',"Out of the above, number screened positive",TOTAL,62,62,0,2,60,1,1,0,NA,1,1,1,0,NA,1,11,11,NA,0,11,2,2,0,0,2,0,0,0,NA,0,0,0,0,NA,0,0,0,NA,NA,0,29,29,0,0,29,0,0,0,0,0,0,0,0,NA,0,0,0,0,0,0,0,0,0,NA,0,0,0,NA,NA,0,3,3,0,1,2,3,3,NA,1,2,1,1,0,0,1,0,0,NA,NA,0,4,4,0,0,4,0,0,NA,NA,0,0,0,0,0,0,0,0,0,NA,0,1,1,0,0,1,0,0,NA,NA,0,0,0,0,0,0,0,0,0,NA,0,0,0,0,0,0,6,6,0,NA,6
M15 [Laboratory Testing],'15.3.3.c',"Out of the above number screened positive, number confirmed with HIV infection at Integrated Counselling and Testing Centre (ICTC)",TOTAL,12,12,0,0,12,0,0,0,NA,0,0,0,0,NA,0,0,0,NA,0,0,1,1,0,0,1,0,0,0,NA,0,0,0,0,NA,0,0,0,NA,NA,0,0,0,0,0,0,0,0,0,0,0,0,0,0,NA,0,0,0,0,0,0,0,0,0,NA,0,0,0,NA,NA,0,2,2,0,0,2,2,2,NA,0,2,1,1,0,0,1,1,1,NA,NA,1,3,3,0,0,3,0,0,NA,NA,0,0,0,0,0,0,0,0,0,NA,0,1,1,0,0,1,0,0,NA,NA,0,0,0,0,0,0,0,0,0,NA,0,0,0,0,0,0,1,1,0,NA,1
M15 [Laboratory Testing],'15.3.4.a',Number of Male STI/RTI attendees tested for syphilis,TOTAL,3052,2871,181,135,2917,109,109,0,NA,109,48,27,21,NA,48,101,101,NA,NA,101,45,45,0,0,45,25,11,14,NA,25,23,23,0,NA,23,46,46,NA,NA,46,196,170,26,9,187,54,46,8,5,49,152,152,0,NA,152,112,110,2,2,110,16,16,0,NA,16,102,102,NA,NA,102,277,277,0,0,277,90,90,NA,80,10,88,88,0,0,88,58,58,NA,NA,58,164,77,87,0,164,240,240,NA,NA,240,193,193,0,0,193,255,255,0,NA,255,387,387,0,0,387,84,84,NA,NA,84,65,65,0,27,38,7,0,7,NA,7,38,22,16,12,26,77,77,0,NA,77
M15 [Laboratory Testing],'15.3.4.b',Number of Male STI/RTI attendees found sero Positive for syphilis,TOTAL,115,115,0,0,115,0,0,0,NA,0,0,0,0,NA,0,0,0,NA,0,0,0,0,0,0,0,0,0,0,NA,0,0,0,0,NA,0,21,21,NA,NA,21,0,0,0,0,0,1,1,0,0,1,1,1,0,NA,1,17,17,0,0,17,0,0,0,NA,0,0,0,NA,NA,0,0,0,0,0,0,0,0,NA,0,0,0,0,0,0,0,0,0,NA,NA,0,0,0,0,0,0,0,0,NA,NA,0,0,0,0,0,0,0,0,0,NA,0,4,4,0,0,4,0,0,NA,NA,0,0,0,0,0,0,0,0,0,NA,0,0,0,0,0,0,71,71,0,NA,71
M15 [Laboratory Testing],'15.3.4.c',Number of Female (Non ANC)STI/RTI attendees tested for syphilis,TOTAL,1209,1113,96,84,1125,38,38,0,NA,38,5,5,0,NA,5,107,107,NA,0,107,31,31,0,2,29,15,1,14,NA,15,42,42,0,NA,42,144,144,NA,NA,144,26,26,0,0,26,68,68,0,0,68,87,87,0,NA,87,100,19,81,81,19,5,5,0,NA,5,0,0,NA,NA,0,32,32,0,0,32,19,19,NA,0,19,20,20,0,0,20,0,0,NA,NA,0,0,0,0,0,0,70,70,NA,NA,70,1,1,0,0,1,47,47,0,NA,47,127,127,0,0,127,81,81,NA,NA,81,26,26,0,0,26,32,32,0,NA,32,1,0,1,1,0,85,85,0,NA,85
M15 [Laboratory Testing],'15.3.4.d',Number of Female (Non ANC) STI/RTI attendees found sero Positive for syphilis,TOTAL,7,4,3,3,4,0,0,0,NA,0,0,0,0,NA,0,0,0,NA,0,0,0,0,0,0,0,0,0,0,NA,0,0,0,0,NA,0,0,0,NA,NA,0,0,0,0,0,0,1,1,0,0,1,0,0,0,NA,0,3,0,3,3,0,0,0,0,NA,0,0,0,NA,NA,0,0,0,0,0,0,0,0,NA,0,0,0,0,0,0,0,0,0,NA,NA,0,0,0,0,0,0,0,0,NA,NA,0,0,0,0,0,0,0,0,0,NA,0,3,3,0,0,3,0,0,NA,NA,0,0,0,0,0,0,0,0,0,NA,0,0,0,0,0,0,0,0,0,NA,0
M15 [Laboratory Testing],'15.4.1',Widal tests - Number Tested,TOTAL,18495,17112,1383,646,17849,312,311,1,NA,312,595,595,0,NA,595,334,334,NA,NA,334,960,653,307,128,832,895,811,84,NA,895,321,318,3,NA,321,462,450,12,NA,462,1210,1155,55,0,1210,132,111,21,22,110,572,571,1,NA,572,2873,2669,204,263,2610,466,414,52,NA,466,646,646,NA,NA,646,209,209,0,0,209,741,741,NA,149,592,919,919,0,0,919,568,568,NA,NA,568,637,609,28,12,625,165,165,NA,NA,165,602,531,71,10,592,579,579,0,NA,579,865,865,0,27,838,654,654,NA,NA,654,189,182,7,2,187,837,786,51,NA,837,93,48,45,33,60,1659,1218,441,NA,1659
M15 [Laboratory Testing],'15.4.2',Widal tests - Number Positive,TOTAL,2145,2028,117,77,2068,34,34,0,NA,34,108,108,0,NA,108,12,12,NA,0,12,109,92,17,3,106,46,31,15,NA,46,7,7,0,NA,7,33,31,2,NA,33,204,204,0,0,204,9,7,2,2,7,6,6,0,NA,6,389,337,52,57,332,22,14,8,NA,22,114,114,NA,NA,114,27,27,0,0,27,466,466,NA,9,457,64,64,0,0,64,9,9,NA,NA,9,78,78,0,0,78,6,6,NA,NA,6,18,16,2,0,18,74,74,0,NA,74,28,28,0,0,28,51,51,NA,NA,51,18,18,0,0,18,63,60,3,NA,63,16,3,13,6,10,134,131,3,NA,134
M15 [Laboratory Testing],'15.5.1',Radiology - X-ray,TOTAL,98876,93746,5130,2914,95962,1457,1457,NA,NA,1457,2807,2807,NA,NA,2807,932,932,NA,NA,932,7448,6932,516,10,7438,1177,936,241,NA,1177,3807,3502,305,NA,3807,1649,1541,108,NA,1649,1775,1775,NA,NA,1775,4819,4602,217,217,4602,443,443,NA,NA,443,3449,1776,1673,1673,1776,4137,4137,NA,NA,4137,3424,3424,NA,NA,3424,5159,5159,0,0,5159,24689,24689,NA,323,24366,4278,4278,0,0,4278,1361,1361,NA,NA,1361,3994,2988,1006,9,3985,1584,1584,NA,NA,1584,1878,1878,0,0,1878,1500,1500,NA,NA,1500,4376,4376,0,0,4376,3357,3357,NA,NA,3357,2111,2111,0,NA,2111,1462,1080,382,NA,1462,3330,2648,682,682,2648,2473,2473,NA,NA,2473
M15 [Laboratory Testing],'15.5.2',Radiology - Ultrasonography (USG),TOTAL,19738,19738,NA,NA,19738,276,276,NA,NA,276,1821,1821,NA,NA,1821,NA,NA,NA,NA,NA,3063,3063,NA,NA,3063,NA,NA,NA,NA,NA,32,32,NA,NA,32,242,242,NA,NA,242,447,447,NA,NA,447,1853,1853,NA,NA,1853,53,53,NA,NA,53,326,326,NA,NA,326,444,444,NA,NA,444,0,0,NA,NA,0,1638,1638,NA,NA,1638,4096,4096,NA,NA,4096,144,144,NA,NA,144,325,325,NA,NA,325,248,248,NA,NA,248,239,239,NA,NA,239,552,552,NA,NA,552,808,808,NA,NA,808,574,574,NA,NA,574,212,212,NA,NA,212,622,622,NA,NA,622,1531,1531,NA,NA,1531,45,45,NA,NA,45,147,147,NA,NA,147
M16 [Details of deaths reported with probable causes:],'16.1',Infant deaths within 24 hrs(1 to 23 Hrs) of birth,TOTAL,115,112,3,1,114,0,0,0,NA,0,6,6,0,0,6,3,3,NA,NA,3,15,15,0,0,15,2,2,0,NA,2,4,4,0,NA,4,0,0,NA,NA,0,13,13,0,0,13,4,4,0,0,4,0,0,0,NA,0,4,3,1,1,3,3,3,0,NA,3,14,14,NA,NA,14,1,1,0,0,1,16,16,NA,0,16,1,1,0,0,1,1,1,NA,NA,1,6,6,0,0,6,1,1,NA,NA,1,1,1,0,0,1,1,1,0,NA,1,3,3,0,0,3,1,1,NA,NA,1,1,1,0,0,1,6,4,2,NA,6,6,6,0,NA,6,2,2,0,NA,2
M16 [Details of deaths reported with probable causes:],'16.2.1',Infant Deaths up to 4 weeks due to Sepsis,TOTAL,67,67,0,0,67,0,0,0,NA,0,8,8,0,0,8,0,0,NA,NA,0,5,5,0,0,5,0,0,0,NA,0,1,1,0,NA,1,3,3,NA,NA,3,7,7,0,0,7,8,8,0,0,8,0,0,0,NA,0,1,1,0,0,1,2,2,0,NA,2,0,0,NA,NA,0,5,5,0,0,5,17,17,NA,0,17,1,1,0,0,1,0,0,NA,NA,0,0,0,0,0,0,0,0,NA,NA,0,2,2,0,0,2,0,0,0,NA,0,0,0,0,0,0,1,1,NA,NA,1,0,0,0,0,0,5,5,0,NA,5,1,1,0,NA,1,0,0,0,NA,0
M16 [Details of deaths reported with probable causes:],'16.2.2',Infant Deaths up to 4 weeks due to Asphyxia,TOTAL,154,151,3,1,153,1,1,0,NA,1,29,29,0,0,29,1,0,1,1,0,5,5,0,0,5,0,0,0,NA,0,5,5,0,NA,5,1,1,NA,NA,1,15,14,1,0,15,10,10,0,0,10,1,1,0,NA,1,4,4,0,0,4,0,0,0,NA,0,0,0,NA,NA,0,2,2,0,0,2,31,31,NA,0,31,2,2,0,0,2,0,0,NA,NA,0,8,8,0,0,8,0,0,NA,NA,0,7,7,0,0,7,5,5,0,NA,5,2,2,0,0,2,2,2,NA,NA,2,0,0,0,0,0,21,20,1,NA,21,2,2,0,NA,2,0,0,0,NA,0
M16 [Details of deaths reported with probable causes:],'16.2.3',Infant Deaths up to 4 weeks due to Other causes,TOTAL,228,221,7,2,226,1,1,0,NA,1,9,9,0,0,9,7,7,NA,NA,7,2,2,0,0,2,1,1,0,NA,1,5,5,0,NA,5,2,2,NA,NA,2,38,38,0,0,38,15,15,0,0,15,1,1,0,NA,1,3,3,0,0,3,4,4,0,NA,4,1,1,NA,NA,1,14,14,0,2,12,17,17,NA,0,17,7,7,0,0,7,9,9,NA,NA,9,13,13,0,0,13,6,6,NA,NA,6,0,0,0,0,0,7,7,0,NA,7,25,25,0,0,25,7,7,NA,NA,7,4,4,0,0,4,21,15,6,NA,21,5,4,1,NA,5,4,4,0,NA,4
M16 [Details of deaths reported with probable causes:],'16.3.1',Number of Infant Deaths (1 -12 months) due to Pneumonia,TOTAL,50,49,1,0,50,2,2,0,NA,2,2,2,0,0,2,1,1,NA,NA,1,0,0,0,0,0,0,0,0,NA,0,2,2,0,NA,2,0,0,NA,NA,0,11,11,0,0,11,0,0,0,0,0,0,0,0,NA,0,1,1,0,0,1,3,3,0,NA,3,1,1,NA,NA,1,2,2,0,0,2,3,3,NA,0,3,0,0,0,0,0,0,0,NA,NA,0,8,8,0,0,8,3,3,NA,NA,3,2,2,0,0,2,2,2,0,NA,2,2,2,0,0,2,1,1,NA,NA,1,0,0,0,0,0,1,0,1,NA,1,0,0,0,NA,0,3,3,0,NA,3
M16 [Details of deaths reported with probable causes:],'16.3.2',Number of Infant Deaths (1 -12 months) due to Diarrhoea,TOTAL,5,5,0,0,5,0,0,0,NA,0,0,0,0,0,0,0,0,NA,NA,0,0,0,0,0,0,0,0,0,NA,0,0,0,0,NA,0,0,0,NA,NA,0,0,0,0,0,0,0,0,0,0,0,0,0,0,NA,0,0,0,0,0,0,0,0,0,NA,0,0,0,NA,NA,0,0,0,0,0,0,0,0,NA,0,0,0,0,0,0,0,1,1,NA,NA,1,1,1,0,0,1,1,1,NA,NA,1,0,0,0,0,0,0,0,0,NA,0,1,1,0,0,1,0,0,NA,NA,0,0,0,0,0,0,0,0,0,NA,0,0,0,0,NA,0,1,1,0,NA,1
M16 [Details of deaths reported with probable causes:],'16.3.3',Number of Infant Deaths (1 -12 months) due to Fever related,TOTAL,17,17,0,0,17,1,1,0,NA,1,0,0,0,0,0,0,0,NA,NA,0,0,0,0,0,0,1,1,0,NA,1,0,0,0,NA,0,0,0,NA,NA,0,1,1,0,0,1,0,0,0,0,0,0,0,0,NA,0,0,0,0,0,0,0,0,0,NA,0,0,0,NA,NA,0,0,0,0,0,0,5,5,NA,0,5,1,1,0,0,1,5,5,NA,NA,5,0,0,0,0,0,1,1,NA,NA,1,0,0,0,0,0,0,0,0,NA,0,1,1,0,0,1,0,0,NA,NA,0,0,0,0,0,0,1,1,0,NA,1,0,0,0,NA,0,0,0,0,NA,0
M16 [Details of deaths reported with probable causes:],'16.3.4',Number of Infant Deaths (1 -12 months) due to Measles,TOTAL,0,0,0,0,0,0,0,0,NA,0,0,0,0,0,0,0,0,NA,NA,0,0,0,0,0,0,0,0,0,NA,0,0,0,0,NA,0,0,0,NA,NA,0,0,0,0,0,0,0,0,0,0,0,0,0,0,NA,0,0,0,0,0,0,0,0,0,NA,0,0,0,NA,NA,0,0,0,0,0,0,0,0,NA,0,0,0,0,0,0,0,0,0,NA,NA,0,0,0,0,0,0,0,0,NA,NA,0,0,0,0,0,0,0,0,0,NA,0,0,0,0,0,0,0,0,NA,NA,0,0,0,0,0,0,0,0,0,NA,0,0,0,0,NA,0,0,0,0,NA,0
M16 [Details of deaths reported with probable causes:],'16.3.5',Number of Infant Deaths (1 -12 months) due to Others,TOTAL,162,158,4,0,162,4,4,0,NA,4,6,6,0,0,6,1,1,NA,NA,1,0,0,0,0,0,3,3,0,NA,3,4,4,0,NA,4,5,5,NA,NA,5,6,6,0,0,6,7,7,0,0,7,1,1,0,NA,1,1,1,0,0,1,13,13,0,NA,13,4,4,NA,NA,4,10,10,0,0,10,7,7,NA,0,7,7,7,0,0,7,4,4,NA,NA,4,20,20,0,0,20,16,16,NA,NA,16,2,2,0,0,2,4,4,0,NA,4,11,9,2,0,11,8,8,NA,NA,8,1,1,0,0,1,8,8,0,NA,8,8,6,2,NA,8,1,1,0,NA,1
M16 [Details of deaths reported with probable causes:],'16.4.1',Number of Child Deaths (1 -5 years) due to Pneumonia,TOTAL,11,10,1,0,11,0,0,0,NA,0,0,0,0,0,0,0,0,NA,NA,0,0,0,0,0,0,0,0,0,NA,0,0,0,0,NA,0,0,0,NA,NA,0,1,1,0,0,1,4,4,0,0,4,0,0,0,NA,0,1,1,0,0,1,0,0,0,NA,0,1,1,NA,NA,1,0,0,0,0,0,0,0,NA,0,0,0,0,0,0,0,0,0,NA,NA,0,1,1,0,0,1,0,0,NA,NA,0,0,0,0,0,0,2,2,0,NA,2,0,0,0,0,0,0,0,NA,NA,0,0,0,0,0,0,1,0,1,NA,1,0,0,0,NA,0,0,0,0,NA,0
M16 [Details of deaths reported with probable causes:],'16.4.2',Number of Child Deaths (1 -5 years) due to Diarrhoea,TOTAL,2,2,0,0,2,0,0,0,NA,0,0,0,0,0,0,0,0,NA,NA,0,0,0,0,0,0,0,0,0,NA,0,0,0,0,NA,0,0,0,NA,NA,0,0,0,0,0,0,0,0,0,0,0,0,0,0,NA,0,0,0,0,0,0,0,0,0,NA,0,0,0,NA,NA,0,0,0,0,0,0,0,0,NA,0,0,0,0,0,0,0,1,1,NA,NA,1,1,1,0,0,1,0,0,NA,NA,0,0,0,0,0,0,0,0,0,NA,0,0,0,0,0,0,0,0,NA,NA,0,0,0,0,0,0,0,0,0,NA,0,0,0,0,NA,0,0,0,0,NA,0
M16 [Details of deaths reported with probable causes:],'16.4.3',Number of Child Deaths (1 -5 years) due to Fever related,TOTAL,6,6,0,0,6,0,0,0,NA,0,1,1,0,0,1,0,0,NA,NA,0,0,0,0,0,0,0,0,0,NA,0,0,0,0,NA,0,0,0,NA,NA,0,0,0,0,0,0,0,0,0,0,0,0,0,0,NA,0,0,0,0,0,0,0,0,0,NA,0,0,0,NA,NA,0,0,0,0,0,0,2,2,NA,0,2,0,0,0,0,0,0,0,NA,NA,0,0,0,0,0,0,2,2,NA,NA,2,0,0,0,0,0,0,0,0,NA,0,0,0,0,0,0,1,1,NA,NA,1,0,0,0,0,0,0,0,0,NA,0,0,0,0,NA,0,0,0,0,NA,0
M16 [Details of deaths reported with probable causes:],'16.4.4',Number of Child Deaths (1 -5 years) due to Measles,TOTAL,0,0,0,0,0,0,0,0,NA,0,0,0,0,0,0,0,0,NA,NA,0,0,0,0,0,0,0,0,0,NA,0,0,0,0,NA,0,0,0,NA,NA,0,0,0,0,0,0,0,0,0,0,0,0,0,0,NA,0,0,0,0,0,0,0,0,0,NA,0,0,0,NA,NA,0,0,0,0,0,0,0,0,NA,0,0,0,0,0,0,0,0,0,NA,NA,0,0,0,0,0,0,0,0,NA,NA,0,0,0,0,0,0,0,0,0,NA,0,0,0,0,0,0,0,0,NA,NA,0,0,0,0,0,0,0,0,0,NA,0,0,0,0,NA,0,0,0,0,NA,0
M16 [Details of deaths reported with probable causes:],'16.4.5',Number of Child Deaths (1 -5 years) due to Others,TOTAL,46,44,2,1,45,3,3,0,NA,3,3,3,0,0,3,1,1,NA,NA,1,0,0,0,0,0,0,0,0,NA,0,0,0,0,NA,0,1,1,NA,NA,1,3,3,0,0,3,6,6,0,0,6,0,0,0,NA,0,2,1,1,1,1,0,0,0,NA,0,0,0,NA,NA,0,2,2,0,0,2,3,3,NA,0,3,1,1,0,0,1,3,3,NA,NA,3,2,2,0,0,2,3,3,NA,NA,3,0,0,0,0,0,1,1,0,NA,1,4,4,0,0,4,1,1,NA,NA,1,1,1,0,0,1,4,3,1,NA,4,1,1,0,NA,1,1,1,0,NA,1
M16 [Details of deaths reported with probable causes:],'16.5.1',Number of Maternal Deaths due to Bleeding,TOTAL,8,8,0,0,8,0,0,0,NA,0,1,1,0,0,1,1,1,NA,NA,1,0,0,0,0,0,0,0,0,NA,0,0,0,0,NA,0,0,0,NA,NA,0,1,1,0,0,1,1,1,0,0,1,0,0,0,NA,0,0,0,0,0,0,0,0,0,NA,0,0,0,NA,NA,0,0,0,0,0,0,0,0,NA,0,0,1,1,0,0,1,1,1,NA,NA,1,0,0,0,0,0,0,0,NA,NA,0,0,0,0,0,0,1,1,0,NA,1,1,1,0,0,1,0,0,NA,NA,0,0,0,0,0,0,0,0,0,NA,0,0,0,0,NA,0,0,0,0,NA,0
M16 [Details of deaths reported with probable causes:],'16.5.2',Number of Maternal Deaths due to High fever,TOTAL,6,6,0,0,6,0,0,0,NA,0,0,0,0,0,0,0,0,NA,NA,0,4,4,0,0,4,0,0,0,NA,0,0,0,0,NA,0,0,0,NA,NA,0,0,0,0,0,0,0,0,0,0,0,0,0,0,NA,0,0,0,0,0,0,0,0,0,NA,0,0,0,NA,NA,0,0,0,0,0,0,0,0,NA,0,0,0,0,0,0,0,1,1,NA,NA,1,0,0,0,0,0,0,0,NA,NA,0,0,0,0,0,0,0,0,0,NA,0,0,0,0,0,0,0,0,NA,NA,0,0,0,0,0,0,0,0,0,NA,0,0,0,0,NA,0,1,1,0,NA,1
M16 [Details of deaths reported with probable causes:],'16.5.3',Number of Maternal Deaths due to Abortion,TOTAL,1,1,0,0,1,0,0,0,NA,0,1,1,0,0,1,0,0,NA,NA,0,0,0,0,0,0,0,0,0,NA,0,0,0,0,NA,0,0,0,NA,NA,0,0,0,0,0,0,0,0,0,0,0,0,0,0,NA,0,0,0,0,0,0,0,0,0,NA,0,0,0,NA,NA,0,0,0,0,0,0,0,0,NA,0,0,0,0,0,0,0,0,0,NA,NA,0,0,0,0,0,0,0,0,NA,NA,0,0,0,0,0,0,0,0,0,NA,0,0,0,0,0,0,0,0,NA,NA,0,0,0,0,0,0,0,0,0,NA,0,0,0,0,NA,0,0,0,0,NA,0
M16 [Details of deaths reported with probable causes:],'16.5.4',Number of Maternal Deaths due to Obstructed/prolonged labour,TOTAL,3,3,0,0,3,0,0,0,NA,0,0,0,0,0,0,0,0,NA,NA,0,0,0,0,0,0,0,0,0,NA,0,0,0,0,NA,0,0,0,NA,NA,0,1,1,0,0,1,0,0,0,0,0,0,0,0,NA,0,0,0,0,0,0,0,0,0,NA,0,1,1,NA,NA,1,0,0,0,0,0,0,0,NA,0,0,0,0,0,0,0,0,0,NA,NA,0,0,0,0,0,0,0,0,NA,NA,0,1,1,0,0,1,0,0,0,NA,0,0,0,0,0,0,0,0,NA,NA,0,0,0,0,0,0,0,0,0,NA,0,0,0,0,NA,0,0,0,0,NA,0
M16 [Details of deaths reported with probable causes:],'16.5.5',Number of Maternal Deaths due to Severe hypertesnion/fits,TOTAL,5,5,0,0,5,0,0,0,NA,0,1,1,0,0,1,0,0,NA,NA,0,2,2,0,0,2,0,0,0,NA,0,0,0,0,NA,0,0,0,NA,NA,0,1,1,0,0,1,0,0,0,0,0,0,0,0,NA,0,0,0,0,0,0,1,1,0,NA,1,0,0,NA,NA,0,0,0,0,0,0,0,0,NA,0,0,0,0,0,0,0,0,0,NA,NA,0,0,0,0,0,0,0,0,NA,NA,0,0,0,0,0,0,0,0,0,NA,0,0,0,0,0,0,0,0,NA,NA,0,0,0,0,0,0,0,0,0,NA,0,0,0,0,NA,0,0,0,0,NA,0
M16 [Details of deaths reported with probable causes:],'16.5.6',Number of Maternal Deaths due to Other Causes (including causes not known),TOTAL,41,40,1,1,40,2,2,0,NA,2,5,5,0,0,5,0,0,NA,NA,0,4,4,0,0,4,2,2,0,NA,2,0,0,0,NA,0,0,0,NA,NA,0,0,0,0,0,0,5,5,0,0,5,0,0,0,NA,0,3,2,1,1,2,3,3,0,NA,3,0,0,NA,NA,0,0,0,0,0,0,7,7,NA,0,7,1,1,0,0,1,2,2,NA,NA,2,0,0,0,0,0,1,1,NA,NA,1,0,0,0,0,0,0,0,0,NA,0,4,4,0,0,4,0,0,NA,NA,0,0,0,0,0,0,2,2,0,NA,2,0,0,0,NA,0,0,0,0,NA,0
M16 [Details of deaths reported with probable causes:],'16.6',Total Facility Based Maternal Death Reviews (FBMDR) done,TOTAL,18,18,0,0,18,0,0,NA,NA,0,0,0,0,0,0,0,0,NA,NA,0,9,9,0,0,9,0,0,0,NA,0,0,0,0,NA,0,0,0,NA,NA,0,0,0,NA,NA,0,6,6,0,NA,6,0,0,NA,NA,0,0,0,0,0,0,0,0,NA,NA,0,0,0,NA,NA,0,0,0,0,0,0,0,0,NA,0,0,0,0,0,0,0,0,0,NA,NA,0,0,0,0,NA,0,0,0,NA,NA,0,1,1,NA,NA,1,0,0,NA,NA,0,2,2,0,0,2,0,0,NA,NA,0,0,0,0,NA,0,0,0,0,NA,0,0,0,NA,NA,0,0,0,NA,NA,0
M16 [Details of deaths reported with probable causes:],'16.7.1',Number of Adolscent / Adult deaths due to Diarrhoeal diseases,TOTAL,7,7,0,0,7,0,0,0,NA,0,0,0,0,0,0,0,0,NA,NA,0,0,0,0,0,0,0,0,0,NA,0,4,4,0,NA,4,0,0,NA,NA,0,0,0,0,0,0,0,0,0,0,0,0,0,0,NA,0,0,0,0,0,0,0,0,0,NA,0,0,0,NA,NA,0,0,0,0,0,0,0,0,NA,0,0,0,0,0,0,0,0,0,NA,NA,0,0,0,0,0,0,2,2,NA,NA,2,1,1,0,0,1,0,0,0,NA,0,0,0,0,0,0,0,0,NA,NA,0,0,0,0,0,0,0,0,0,NA,0,0,0,0,NA,0,0,0,0,NA,0
M16 [Details of deaths reported with probable causes:],'16.7.2',Number of Adolscent / Adult deaths due to Tuberculosis,TOTAL,27,15,12,0,27,1,1,0,NA,1,0,0,0,0,0,0,0,NA,NA,0,3,3,0,0,3,0,0,0,NA,0,1,1,0,NA,1,1,1,NA,NA,1,0,0,0,0,0,1,0,1,0,1,0,0,0,NA,0,0,0,0,0,0,1,1,0,NA,1,0,0,NA,NA,0,0,0,0,0,0,0,0,NA,0,0,1,1,0,0,1,0,0,NA,NA,0,0,0,0,0,0,1,1,NA,NA,1,0,0,0,0,0,1,1,0,NA,1,2,2,0,0,2,0,0,NA,NA,0,0,0,0,0,0,5,2,3,NA,5,2,0,2,NA,2,7,1,6,NA,7
M16 [Details of deaths reported with probable causes:],'16.7.3',Number of Adolscent / Adult deaths due to Respiratory diseases including infections (other than TB),TOTAL,132,113,19,3,129,2,2,0,NA,2,4,4,0,0,4,0,0,NA,NA,0,7,7,0,0,7,0,0,0,NA,0,8,8,0,NA,8,2,2,NA,NA,2,1,1,0,0,1,2,1,1,0,2,0,0,0,NA,0,1,1,0,0,1,2,2,0,NA,2,4,4,NA,NA,4,3,3,0,3,0,1,1,NA,0,1,6,6,0,0,6,3,3,NA,NA,3,1,1,0,0,1,1,1,NA,NA,1,5,5,0,0,5,14,14,0,NA,14,20,20,0,0,20,8,8,NA,NA,8,0,0,0,0,0,2,0,2,NA,2,32,17,15,NA,32,3,2,1,NA,3
M16 [Details of deaths reported with probable causes:],'16.7.4',Number of Adolscent / Adult deaths due to Other Fever Related,TOTAL,56,55,1,0,56,2,2,0,NA,2,3,3,0,0,3,0,0,NA,NA,0,5,5,0,0,5,2,2,0,NA,2,0,0,0,NA,0,0,0,NA,NA,0,7,7,0,0,7,0,0,0,0,0,9,8,1,NA,9,2,2,0,0,2,0,0,0,NA,0,0,0,NA,NA,0,0,0,0,0,0,0,0,NA,0,0,0,0,0,0,0,3,3,NA,NA,3,1,1,0,0,1,10,10,NA,NA,10,1,1,0,0,1,0,0,0,NA,0,0,0,0,0,0,2,2,NA,NA,2,0,0,0,0,0,3,3,0,NA,3,1,1,0,NA,1,5,5,0,NA,5
M16 [Details of deaths reported with probable causes:],'16.7.5',Number of Adolscent / Adult deaths due to HIV/AIDS,TOTAL,6,6,0,0,6,0,0,0,NA,0,1,1,0,0,1,0,0,NA,NA,0,0,0,0,0,0,0,0,0,NA,0,0,0,0,NA,0,0,0,NA,NA,0,1,1,0,0,1,0,0,0,0,0,0,0,0,NA,0,0,0,0,0,0,0,0,0,NA,0,0,0,NA,NA,0,0,0,0,0,0,0,0,NA,0,0,0,0,0,0,0,0,0,NA,NA,0,0,0,0,0,0,0,0,NA,NA,0,0,0,0,0,0,0,0,0,NA,0,1,1,0,0,1,2,2,NA,NA,2,0,0,0,0,0,0,0,0,NA,0,0,0,0,NA,0,1,1,0,NA,1
M16 [Details of deaths reported with probable causes:],'16.7.6',Number of Adolscent / Adult deaths due to Heart disease/Hypertension related,TOTAL,390,358,32,3,387,21,21,0,NA,21,30,30,0,0,30,6,6,NA,1,5,12,10,2,0,12,7,7,0,NA,7,21,21,0,NA,21,9,9,NA,NA,9,12,12,0,0,12,19,15,4,0,19,4,2,2,NA,4,1,1,0,0,1,16,16,0,NA,16,2,2,NA,NA,2,10,10,0,2,8,5,5,NA,0,5,21,21,0,0,21,11,11,NA,NA,11,12,12,0,0,12,9,9,NA,NA,9,16,15,1,0,16,13,13,0,NA,13,41,39,2,0,41,10,10,NA,NA,10,6,5,1,0,6,40,35,5,NA,40,17,4,13,NA,17,19,17,2,NA,19
M16 [Details of deaths reported with probable causes:],'16.7.7',Number of Adolscent / Adult deaths due to Cancer,TOTAL,146,145,1,3,143,8,8,0,NA,8,9,9,0,0,9,7,7,NA,1,6,0,0,0,0,0,2,2,0,NA,2,11,11,0,NA,11,1,1,NA,NA,1,5,5,0,0,5,4,4,0,0,4,2,2,0,NA,2,7,7,0,0,7,8,8,0,NA,8,2,2,NA,NA,2,4,4,0,1,3,3,3,NA,0,3,19,19,0,0,19,0,0,NA,NA,0,3,3,0,0,3,0,0,NA,NA,0,5,5,0,0,5,4,4,0,NA,4,11,10,1,1,10,6,6,NA,NA,6,5,5,0,0,5,14,14,0,NA,14,3,3,0,NA,3,3,3,0,NA,3
M16 [Details of deaths reported with probable causes:],'16.7.8',Number of Adolscent / Adult deaths due to Neurological disease including strokes,TOTAL,96,87,9,1,95,3,3,0,NA,3,2,2,0,0,2,4,4,NA,NA,4,9,8,1,0,9,1,1,0,NA,1,3,3,0,NA,3,1,1,NA,NA,1,4,4,0,0,4,2,2,0,0,2,2,2,0,NA,2,3,3,0,0,3,5,5,0,NA,5,2,2,NA,NA,2,0,0,0,0,0,1,1,NA,0,1,2,2,0,0,2,2,2,NA,NA,2,9,9,0,0,9,0,0,NA,NA,0,0,0,0,0,0,1,1,0,NA,1,22,22,0,1,21,1,1,NA,NA,1,0,0,0,0,0,8,5,3,NA,8,4,0,4,NA,4,5,4,1,NA,5
M16 [Details of deaths reported with probable causes:],'16.7.9',Number of Adolscent / Adult deaths due to Accidents/Burn cases,TOTAL,128,121,7,1,127,4,4,0,NA,4,9,9,0,0,9,4,4,NA,1,3,1,1,0,0,1,2,2,0,NA,2,7,7,0,NA,7,0,0,NA,NA,0,5,5,0,0,5,8,5,3,0,8,2,2,0,NA,2,6,6,0,0,6,2,2,0,NA,2,4,4,NA,NA,4,2,2,0,0,2,6,6,NA,0,6,13,13,0,0,13,5,5,NA,NA,5,3,3,0,0,3,2,2,NA,NA,2,8,8,0,0,8,4,4,0,NA,4,11,10,1,0,11,2,2,NA,NA,2,1,1,0,0,1,8,6,2,NA,8,5,4,1,NA,5,4,4,0,NA,4
M16 [Details of deaths reported with probable causes:],'16.7.10',Number of Adolscent / Adult deaths due to Suicide,TOTAL,78,73,5,1,77,2,2,0,NA,2,9,9,0,0,9,2,2,NA,1,1,1,1,0,0,1,1,1,0,NA,1,1,1,0,NA,1,5,5,NA,NA,5,4,4,0,0,4,4,3,1,0,4,1,1,0,NA,1,1,1,0,0,1,1,1,0,NA,1,0,0,NA,NA,0,2,2,0,0,2,1,1,NA,0,1,10,10,0,0,10,1,1,NA,NA,1,0,0,0,0,0,2,2,NA,NA,2,2,2,0,0,2,0,0,0,NA,0,4,4,0,0,4,3,3,NA,NA,3,2,2,0,0,2,13,10,3,NA,13,3,3,0,NA,3,3,2,1,NA,3
M16 [Details of deaths reported with probable causes:],'16.7.11',Number of Adolscent / Adult deaths due to Animal bites and stings,TOTAL,8,7,1,0,8,0,0,0,NA,0,0,0,0,0,0,0,0,NA,NA,0,0,0,0,0,0,0,0,0,NA,0,0,0,0,NA,0,0,0,NA,NA,0,0,0,0,0,0,0,0,0,0,0,0,0,0,NA,0,0,0,0,0,0,0,0,0,NA,0,0,0,NA,NA,0,0,0,0,0,0,0,0,NA,0,0,1,1,0,0,1,1,1,NA,NA,1,0,0,0,0,0,0,0,NA,NA,0,0,0,0,0,0,0,0,0,NA,0,1,1,0,0,1,0,0,NA,NA,0,0,0,0,0,0,2,2,0,NA,2,2,2,0,NA,2,1,0,1,NA,1
M16 [Details of deaths reported with probable causes:],'16.7.12',Number of Adolscent / Adult deaths due to Known Acute Disease,TOTAL,153,145,8,1,152,4,4,0,NA,4,6,6,0,0,6,3,3,NA,1,2,15,15,0,0,15,0,0,0,NA,0,9,9,0,NA,9,0,0,NA,NA,0,11,11,0,0,11,2,2,0,0,2,1,1,NA,NA,1,1,1,0,0,1,7,7,0,NA,7,16,16,NA,NA,16,4,4,0,0,4,0,0,NA,0,0,9,9,0,0,9,5,5,NA,NA,5,4,4,0,0,4,3,3,NA,NA,3,2,1,1,0,2,8,8,0,NA,8,16,13,3,0,16,9,9,NA,NA,9,5,5,0,0,5,3,2,1,NA,3,6,3,3,NA,6,4,4,0,NA,4
M16 [Details of deaths reported with probable causes:],'16.7.13',Number of Adolscent / Adult deaths due to Known Chronic Disease,TOTAL,401,372,29,1,400,21,21,0,NA,21,17,17,0,0,17,25,25,NA,1,24,10,8,2,0,10,1,1,0,NA,1,24,24,0,NA,24,2,2,NA,NA,2,18,18,0,0,18,21,20,1,0,21,3,1,2,NA,3,11,11,0,0,11,15,15,0,NA,15,10,10,NA,NA,10,1,1,0,0,1,11,11,NA,0,11,20,20,0,0,20,11,11,NA,NA,11,15,15,0,0,15,13,13,NA,NA,13,5,4,1,0,5,13,13,0,NA,13,31,30,1,0,31,17,17,NA,NA,17,3,3,0,0,3,53,39,14,NA,53,19,13,6,NA,19,11,9,2,NA,11
M16 [Details of deaths reported with probable causes:],'16.7.14',Number of Adolscent / Adult deaths due to Causes not known,TOTAL,1762,1687,75,8,1754,38,38,0,NA,38,148,148,0,0,148,46,46,NA,2,44,65,64,1,0,65,34,34,0,NA,34,48,48,0,NA,48,36,36,NA,NA,36,79,76,3,0,79,42,35,7,0,42,11,11,NA,NA,11,38,38,0,0,38,48,48,0,NA,48,96,96,NA,NA,96,103,103,0,4,99,19,19,NA,1,18,197,197,0,0,197,40,40,NA,NA,40,101,101,0,0,101,46,46,NA,NA,46,54,54,0,0,54,37,37,0,NA,37,78,71,7,0,78,80,80,NA,NA,80,28,26,2,0,28,163,126,37,NA,163,50,37,13,1,49,37,32,5,NA,37
M16 [Details of deaths reported with probable causes:],'16.8.1',Number of Deaths due to Malaria- Plasmodium Vivax,TOTAL,0,0,0,0,0,0,0,0,NA,0,0,0,0,0,0,0,0,NA,NA,0,0,0,0,0,0,0,0,0,NA,0,0,0,0,NA,0,0,0,NA,NA,0,0,0,0,0,0,0,0,0,0,0,0,0,0,NA,0,0,0,0,0,0,0,0,0,NA,0,0,0,NA,NA,0,0,0,0,0,0,0,0,NA,0,0,0,0,0,0,0,0,0,NA,NA,0,0,0,0,0,0,0,0,NA,NA,0,0,0,0,0,0,0,0,0,NA,0,0,0,0,0,0,0,0,NA,NA,0,0,0,0,0,0,0,0,0,NA,0,0,0,0,NA,0,0,0,0,NA,0
M16 [Details of deaths reported with probable causes:],'16.8.2',Number of Deaths due to Malaria- Plasmodium Falciparum,TOTAL,0,0,0,0,0,0,0,0,NA,0,0,0,0,0,0,0,0,NA,NA,0,0,0,0,0,0,0,0,0,NA,0,0,0,0,NA,0,0,0,NA,NA,0,0,0,0,0,0,0,0,0,0,0,0,0,0,NA,0,0,0,0,0,0,0,0,0,NA,0,0,0,NA,NA,0,0,0,0,0,0,0,0,NA,0,0,0,0,0,0,0,0,0,NA,NA,0,0,0,0,0,0,0,0,NA,NA,0,0,0,0,0,0,0,0,0,NA,0,0,0,0,0,0,0,0,NA,NA,0,0,0,0,0,0,0,0,0,NA,0,0,0,0,NA,0,0,0,0,NA,0
M16 [Details of deaths reported with probable causes:],'16.8.3',Number of Deaths due to Kala Azar,TOTAL,0,0,0,0,0,0,0,0,NA,0,0,0,0,0,0,0,0,NA,NA,0,0,0,0,0,0,0,0,0,NA,0,0,0,0,NA,0,0,0,NA,NA,0,0,0,NA,0,0,0,0,0,0,0,0,0,0,NA,0,0,0,0,0,0,0,0,0,NA,0,0,0,NA,NA,0,0,0,0,0,0,0,0,NA,0,0,0,0,0,0,0,0,0,NA,NA,0,0,0,0,0,0,0,0,NA,NA,0,0,0,0,0,0,0,0,0,NA,0,0,0,0,0,0,0,0,NA,NA,0,0,0,0,0,0,0,0,0,NA,0,0,0,0,NA,0,0,0,0,NA,0
M16 [Details of deaths reported with probable causes:],'16.8.4',Number of Deaths due to Dengue,TOTAL,0,0,0,0,0,0,0,0,NA,0,0,0,0,0,0,0,0,NA,NA,0,0,0,0,0,0,0,0,0,NA,0,0,0,0,NA,0,0,0,NA,NA,0,0,0,NA,0,0,0,0,0,0,0,0,0,0,NA,0,0,0,0,0,0,0,0,0,NA,0,0,0,NA,NA,0,0,0,0,0,0,0,0,NA,0,0,0,0,0,0,0,0,0,NA,NA,0,0,0,0,0,0,0,0,NA,NA,0,0,0,0,0,0,0,0,0,NA,0,0,0,0,0,0,0,0,NA,NA,0,0,0,0,0,0,0,0,0,NA,0,0,0,0,NA,0,0,0,0,NA,0
M16 [Details of deaths reported with probable causes:],'16.8.5',Number of Deaths due to Acute Encephelitis Syndrome (AES),TOTAL,0,0,0,0,0,0,0,0,NA,0,0,0,0,0,0,0,0,NA,NA,0,0,0,0,0,0,0,0,0,NA,0,0,0,0,NA,0,0,0,NA,NA,0,0,0,NA,0,0,0,0,0,0,0,0,0,0,NA,0,0,0,0,0,0,0,0,0,NA,0,0,0,NA,NA,0,0,0,0,0,0,0,0,NA,0,0,0,0,0,0,0,0,0,NA,NA,0,0,0,0,0,0,0,0,NA,NA,0,0,0,0,0,0,0,0,0,NA,0,0,0,0,0,0,0,0,NA,NA,0,0,0,0,0,0,0,0,0,NA,0,0,0,0,NA,0,0,0,0,NA,0
M16 [Details of deaths reported with probable causes:],'16.8.6',Number of Deaths due to Japanese Encephalitis (JE),TOTAL,0,0,0,0,0,0,0,0,NA,0,0,0,0,0,0,0,0,NA,NA,0,0,0,0,0,0,0,0,0,NA,0,0,0,0,NA,0,0,0,NA,NA,0,0,0,NA,0,0,0,0,0,0,0,0,0,0,NA,0,0,0,0,0,0,0,0,0,NA,0,0,0,NA,NA,0,0,0,0,0,0,0,0,NA,0,0,0,0,0,0,0,0,0,NA,NA,0,0,0,0,0,0,0,0,NA,NA,0,0,0,0,0,0,0,0,0,NA,0,0,0,0,0,0,0,0,NA,NA,0,0,0,0,0,0,0,0,0,NA,0,0,0,0,NA,0,0,0,0,NA,0
M17 [Vaccines],'17.1',Vaccine - DPT,1. Balance From Previous Month,79246,NA,NA,NA,NA,2680,NA,NA,NA,NA,2030,NA,NA,NA,NA,2950,NA,NA,NA,NA,170,NA,NA,NA,NA,920,NA,NA,NA,NA,500,NA,NA,NA,NA,4050,NA,NA,NA,NA,NA,NA,NA,NA,NA,6,NA,NA,NA,NA,1680,NA,NA,NA,NA,2160,NA,NA,NA,NA,1530,NA,NA,NA,NA,7470,NA,NA,NA,NA,5870,NA,NA,NA,NA,NA,NA,NA,NA,NA,0,NA,NA,NA,NA,6890,NA,NA,NA,NA,9100,NA,NA,NA,NA,5650,NA,NA,NA,NA,4700,NA,NA,NA,NA,7480,NA,NA,NA,NA,NA,NA,NA,NA,NA,1800,NA,NA,NA,NA,2980,NA,NA,NA,NA,120,NA,NA,NA,NA,3510,NA,NA,NA,NA,5000,NA,NA,NA,NA
M17 [Vaccines],17.1',Vaccine - DPT,2. Stocks Received,90657,NA,NA,NA,NA,5000,NA,NA,NA,NA,10000,NA,NA,NA,NA,4500,NA,NA,NA,NA,16000,NA,NA,NA,NA,2600,NA,NA,NA,NA,0,NA,NA,NA,NA,0,NA,NA,NA,NA,NA,NA,NA,NA,NA,757,NA,NA,NA,NA,0,NA,NA,NA,NA,0,NA,NA,NA,NA,0,NA,NA,NA,NA,6000,NA,NA,NA,NA,5500,NA,NA,NA,NA,NA,NA,NA,NA,NA,8500,NA,NA,NA,NA,6000,NA,NA,NA,NA,9400,NA,NA,NA,NA,5500,NA,NA,NA,NA,0,NA,NA,NA,NA,0,NA,NA,NA,NA,NA,NA,NA,NA,NA,4000,NA,NA,NA,NA,6900,NA,NA,NA,NA,0,NA,NA,NA,NA,0,NA,NA,NA,NA,0,NA,NA,NA,NA
M17 [Vaccines],17.1',Vaccine - DPT,3. Unusable Stock,0,NA,NA,NA,NA,0,NA,NA,NA,NA,0,NA,NA,NA,NA,NA,NA,NA,NA,NA,0,NA,NA,NA,NA,NA,NA,NA,NA,NA,0,NA,NA,NA,NA,0,NA,NA,NA,NA,NA,NA,NA,NA,NA,0,NA,NA,NA,NA,0,NA,NA,NA,NA,NA,NA,NA,NA,NA,0,NA,NA,NA,NA,0,NA,NA,NA,NA,0,NA,NA,NA,NA,NA,NA,NA,NA,NA,0,NA,NA,NA,NA,0,NA,NA,NA,NA,0,NA,NA,NA,NA,0,NA,NA,NA,NA,0,NA,NA,NA,NA,0,NA,NA,NA,NA,NA,NA,NA,NA,NA,0,NA,NA,NA,NA,0,NA,NA,NA,NA,0,NA,NA,NA,NA,0,NA,NA,NA,NA,0,NA,NA,NA,NA
M17 [Vaccines],17.1',Vaccine - DPT,4. Stock Distributed,44717,NA,NA,NA,NA,1720,NA,NA,NA,NA,3390,NA,NA,NA,NA,100,NA,NA,NA,NA,2500,NA,NA,NA,NA,920,NA,NA,NA,NA,500,NA,NA,NA,NA,2700,NA,NA,NA,NA,NA,NA,NA,NA,NA,57,NA,NA,NA,NA,480,NA,NA,NA,NA,2160,NA,NA,NA,NA,150,NA,NA,NA,NA,1540,NA,NA,NA,NA,2540,NA,NA,NA,NA,NA,NA,NA,NA,NA,3000,NA,NA,NA,NA,2620,NA,NA,NA,NA,3600,NA,NA,NA,NA,2670,NA,NA,NA,NA,3350,NA,NA,NA,NA,3650,NA,NA,NA,NA,NA,NA,NA,NA,NA,1550,NA,NA,NA,NA,2620,NA,NA,NA,NA,0,NA,NA,NA,NA,0,NA,NA,NA,NA,2900,NA,NA,NA,NA
M17 [Vaccines],17.1',Vaccine - DPT,5. Total Stock,125186,NA,NA,NA,NA,5960,NA,NA,NA,NA,8640,NA,NA,NA,NA,7350,NA,NA,NA,NA,13670,NA,NA,NA,NA,2600,NA,NA,NA,NA,0,NA,NA,NA,NA,1350,NA,NA,NA,NA,NA,NA,NA,NA,NA,706,NA,NA,NA,NA,1200,NA,NA,NA,NA,0,NA,NA,NA,NA,1380,NA,NA,NA,NA,11930,NA,NA,NA,NA,8830,NA,NA,NA,NA,NA,NA,NA,NA,NA,5500,NA,NA,NA,NA,10270,NA,NA,NA,NA,14900,NA,NA,NA,NA,8480,NA,NA,NA,NA,1350,NA,NA,NA,NA,3830,NA,NA,NA,NA,NA,NA,NA,NA,NA,4250,NA,NA,NA,NA,7260,NA,NA,NA,NA,120,NA,NA,NA,NA,3510,NA,NA,NA,NA,2100,NA,NA,NA,NA
M17 [Vaccines],'17.2',Vaccine - Pentavalent,1. Balance From Previous Month,303058,NA,NA,NA,NA,5400,NA,NA,NA,NA,8720,NA,NA,NA,NA,21820,NA,NA,NA,NA,17140,NA,NA,NA,NA,13060,NA,NA,NA,NA,3070,NA,NA,NA,NA,6530,NA,NA,NA,NA,NA,NA,NA,NA,NA,1848,NA,NA,NA,NA,5530,NA,NA,NA,NA,12910,NA,NA,NA,NA,2070,NA,NA,NA,NA,30450,NA,NA,NA,NA,74800,NA,NA,NA,NA,NA,NA,NA,NA,NA,3850,NA,NA,NA,NA,3450,NA,NA,NA,NA,16000,NA,NA,NA,NA,16420,NA,NA,NA,NA,6300,NA,NA,NA,NA,1910,NA,NA,NA,NA,NA,NA,NA,NA,NA,4850,NA,NA,NA,NA,17190,NA,NA,NA,NA,860,NA,NA,NA,NA,18880,NA,NA,NA,NA,10000,NA,NA,NA,NA
M17 [Vaccines],17.2',Vaccine - Pentavalent,2. Stocks Received,115840,NA,NA,NA,NA,0,NA,NA,NA,NA,5000,NA,NA,NA,NA,5000,NA,NA,NA,NA,13500,NA,NA,NA,NA,4000,NA,NA,NA,NA,5500,NA,NA,NA,NA,6000,NA,NA,NA,NA,NA,NA,NA,NA,NA,400,NA,NA,NA,NA,0,NA,NA,NA,NA,10000,NA,NA,NA,NA,0,NA,NA,NA,NA,6500,NA,NA,NA,NA,0,NA,NA,NA,NA,NA,NA,NA,NA,NA,9000,NA,NA,NA,NA,6500,NA,NA,NA,NA,9000,NA,NA,NA,NA,5000,NA,NA,NA,NA,9790,NA,NA,NA,NA,6500,NA,NA,NA,NA,NA,NA,NA,NA,NA,4000,NA,NA,NA,NA,10150,NA,NA,NA,NA,0,NA,NA,NA,NA,0,NA,NA,NA,NA,0,NA,NA,NA,NA
M17 [Vaccines],17.2',Vaccine - Pentavalent,3. Unusable Stock,80,NA,NA,NA,NA,0,NA,NA,NA,NA,0,NA,NA,NA,NA,NA,NA,NA,NA,NA,0,NA,NA,NA,NA,NA,NA,NA,NA,NA,0,NA,NA,NA,NA,80,NA,NA,NA,NA,NA,NA,NA,NA,NA,0,NA,NA,NA,NA,0,NA,NA,NA,NA,NA,NA,NA,NA,NA,0,NA,NA,NA,NA,0,NA,NA,NA,NA,0,NA,NA,NA,NA,NA,NA,NA,NA,NA,0,NA,NA,NA,NA,0,NA,NA,NA,NA,0,NA,NA,NA,NA,0,NA,NA,NA,NA,0,NA,NA,NA,NA,0,NA,NA,NA,NA,NA,NA,NA,NA,NA,0,NA,NA,NA,NA,0,NA,NA,NA,NA,0,NA,NA,NA,NA,0,NA,NA,NA,NA,0,NA,NA,NA,NA
M17 [Vaccines],17.2',Vaccine - Pentavalent,4. Stock Distributed,90910,NA,NA,NA,NA,2530,NA,NA,NA,NA,4930,NA,NA,NA,NA,1200,NA,NA,NA,NA,5000,NA,NA,NA,NA,1450,NA,NA,NA,NA,3500,NA,NA,NA,NA,4000,NA,NA,NA,NA,NA,NA,NA,NA,NA,240,NA,NA,NA,NA,1060,NA,NA,NA,NA,5090,NA,NA,NA,NA,440,NA,NA,NA,NA,2900,NA,NA,NA,NA,3760,NA,NA,NA,NA,NA,NA,NA,NA,NA,9260,NA,NA,NA,NA,4970,NA,NA,NA,NA,5500,NA,NA,NA,NA,5420,NA,NA,NA,NA,7000,NA,NA,NA,NA,7530,NA,NA,NA,NA,NA,NA,NA,NA,NA,2950,NA,NA,NA,NA,7180,NA,NA,NA,NA,0,NA,NA,NA,NA,0,NA,NA,NA,NA,5000,NA,NA,NA,NA
M17 [Vaccines],17.2',Vaccine - Pentavalent,5. Total Stock,327908,NA,NA,NA,NA,2870,NA,NA,NA,NA,8790,NA,NA,NA,NA,25620,NA,NA,NA,NA,25640,NA,NA,NA,NA,15610,NA,NA,NA,NA,5070,NA,NA,NA,NA,8450,NA,NA,NA,NA,NA,NA,NA,NA,NA,2008,NA,NA,NA,NA,4470,NA,NA,NA,NA,17820,NA,NA,NA,NA,1630,NA,NA,NA,NA,34050,NA,NA,NA,NA,71040,NA,NA,NA,NA,NA,NA,NA,NA,NA,3590,NA,NA,NA,NA,4980,NA,NA,NA,NA,19500,NA,NA,NA,NA,16000,NA,NA,NA,NA,9090,NA,NA,NA,NA,880,NA,NA,NA,NA,NA,NA,NA,NA,NA,5900,NA,NA,NA,NA,20160,NA,NA,NA,NA,860,NA,NA,NA,NA,18880,NA,NA,NA,NA,5000,NA,NA,NA,NA
M17 [Vaccines],'17.3',Vaccine - OPV,1. Balance From Previous Month,554349,NA,NA,NA,NA,23220,NA,NA,NA,NA,13820,NA,NA,NA,NA,32640,NA,NA,NA,NA,30180,NA,NA,NA,NA,12860,NA,NA,NA,NA,9740,NA,NA,NA,NA,19440,NA,NA,NA,NA,NA,NA,NA,NA,NA,889,NA,NA,NA,NA,5160,NA,NA,NA,NA,31780,NA,NA,NA,NA,3640,NA,NA,NA,NA,43680,NA,NA,NA,NA,48060,NA,NA,NA,NA,NA,NA,NA,NA,NA,28000,NA,NA,NA,NA,22700,NA,NA,NA,NA,42000,NA,NA,NA,NA,25640,NA,NA,NA,NA,18800,NA,NA,NA,NA,25820,NA,NA,NA,NA,NA,NA,NA,NA,NA,14900,NA,NA,NA,NA,48220,NA,NA,NA,NA,780,NA,NA,NA,NA,31380,NA,NA,NA,NA,21000,NA,NA,NA,NA
M17 [Vaccines],17.3',Vaccine - OPV,2. Stocks Received,201910,NA,NA,NA,NA,6000,NA,NA,NA,NA,20000,NA,NA,NA,NA,10000,NA,NA,NA,NA,25000,NA,NA,NA,NA,5980,NA,NA,NA,NA,10000,NA,NA,NA,NA,8000,NA,NA,NA,NA,NA,NA,NA,NA,NA,1110,NA,NA,NA,NA,1820,NA,NA,NA,NA,20000,NA,NA,NA,NA,0,NA,NA,NA,NA,10000,NA,NA,NA,NA,15000,NA,NA,NA,NA,NA,NA,NA,NA,NA,0,NA,NA,NA,NA,0,NA,NA,NA,NA,15000,NA,NA,NA,NA,20000,NA,NA,NA,NA,8000,NA,NA,NA,NA,0,NA,NA,NA,NA,NA,NA,NA,NA,NA,8000,NA,NA,NA,NA,18000,NA,NA,NA,NA,0,NA,NA,NA,NA,0,NA,NA,NA,NA,0,NA,NA,NA,NA
M17 [Vaccines],17.3',Vaccine - OPV,3. Unusable Stock,80,NA,NA,NA,NA,0,NA,NA,NA,NA,0,NA,NA,NA,NA,NA,NA,NA,NA,NA,0,NA,NA,NA,NA,NA,NA,NA,NA,NA,0,NA,NA,NA,NA,80,NA,NA,NA,NA,NA,NA,NA,NA,NA,0,NA,NA,NA,NA,0,NA,NA,NA,NA,NA,NA,NA,NA,NA,0,NA,NA,NA,NA,0,NA,NA,NA,NA,0,NA,NA,NA,NA,NA,NA,NA,NA,NA,0,NA,NA,NA,NA,0,NA,NA,NA,NA,0,NA,NA,NA,NA,0,NA,NA,NA,NA,0,NA,NA,NA,NA,0,NA,NA,NA,NA,NA,NA,NA,NA,NA,0,NA,NA,NA,NA,0,NA,NA,NA,NA,0,NA,NA,NA,NA,0,NA,NA,NA,NA,0,NA,NA,NA,NA
M17 [Vaccines],17.3',Vaccine - OPV,4. Stock Distributed,142140,NA,NA,NA,NA,900,NA,NA,NA,NA,8580,NA,NA,NA,NA,3300,NA,NA,NA,NA,12500,NA,NA,NA,NA,2760,NA,NA,NA,NA,7900,NA,NA,NA,NA,5500,NA,NA,NA,NA,NA,NA,NA,NA,NA,175,NA,NA,NA,NA,1740,NA,NA,NA,NA,4120,NA,NA,NA,NA,200,NA,NA,NA,NA,4060,NA,NA,NA,NA,9200,NA,NA,NA,NA,NA,NA,NA,NA,NA,9580,NA,NA,NA,NA,7740,NA,NA,NA,NA,10000,NA,NA,NA,NA,4060,NA,NA,NA,NA,8000,NA,NA,NA,NA,15780,NA,NA,NA,NA,NA,NA,NA,NA,NA,3700,NA,NA,NA,NA,17020,NA,NA,NA,NA,25,NA,NA,NA,NA,0,NA,NA,NA,NA,5300,NA,NA,NA,NA
M17 [Vaccines],17.3',Vaccine - OPV,5. Total Stock,614039,NA,NA,NA,NA,28320,NA,NA,NA,NA,25240,NA,NA,NA,NA,39340,NA,NA,NA,NA,42680,NA,NA,NA,NA,16080,NA,NA,NA,NA,11840,NA,NA,NA,NA,21860,NA,NA,NA,NA,NA,NA,NA,NA,NA,1824,NA,NA,NA,NA,5240,NA,NA,NA,NA,47660,NA,NA,NA,NA,3440,NA,NA,NA,NA,49620,NA,NA,NA,NA,53860,NA,NA,NA,NA,NA,NA,NA,NA,NA,18420,NA,NA,NA,NA,14960,NA,NA,NA,NA,47000,NA,NA,NA,NA,41580,NA,NA,NA,NA,18800,NA,NA,NA,NA,10040,NA,NA,NA,NA,NA,NA,NA,NA,NA,19200,NA,NA,NA,NA,49200,NA,NA,NA,NA,755,NA,NA,NA,NA,31380,NA,NA,NA,NA,15700,NA,NA,NA,NA
M17 [Vaccines],'17.4',Vaccine - TT,1. Balance From Previous Month,232960,NA,NA,NA,NA,5700,NA,NA,NA,NA,15410,NA,NA,NA,NA,13900,NA,NA,NA,NA,23220,NA,NA,NA,NA,10390,NA,NA,NA,NA,7000,NA,NA,NA,NA,0,NA,NA,NA,NA,NA,NA,NA,NA,NA,0,NA,NA,NA,NA,4750,NA,NA,NA,NA,16600,NA,NA,NA,NA,13930,NA,NA,NA,NA,22960,NA,NA,NA,NA,NA,NA,NA,NA,NA,NA,NA,NA,NA,NA,0,NA,NA,NA,NA,12270,NA,NA,NA,NA,23000,NA,NA,NA,NA,0,NA,NA,NA,NA,11500,NA,NA,NA,NA,8040,NA,NA,NA,NA,NA,NA,NA,NA,NA,10300,NA,NA,NA,NA,6220,NA,NA,NA,NA,1860,NA,NA,NA,NA,10210,NA,NA,NA,NA,15700,NA,NA,NA,NA
M17 [Vaccines],17.4',Vaccine - TT,2. Stocks Received,68240,NA,NA,NA,NA,0,NA,NA,NA,NA,0,NA,NA,NA,NA,4800,NA,NA,NA,NA,0,NA,NA,NA,NA,9000,NA,NA,NA,NA,5000,NA,NA,NA,NA,0,NA,NA,NA,NA,NA,NA,NA,NA,NA,0,NA,NA,NA,NA,0,NA,NA,NA,NA,5000,NA,NA,NA,NA,0,NA,NA,NA,NA,3680,NA,NA,NA,NA,NA,NA,NA,NA,NA,NA,NA,NA,NA,NA,0,NA,NA,NA,NA,10000,NA,NA,NA,NA,4000,NA,NA,NA,NA,0,NA,NA,NA,NA,5760,NA,NA,NA,NA,5000,NA,NA,NA,NA,NA,NA,NA,NA,NA,3000,NA,NA,NA,NA,13000,NA,NA,NA,NA,0,NA,NA,NA,NA,0,NA,NA,NA,NA,0,NA,NA,NA,NA
M17 [Vaccines],17.4',Vaccine - TT,3. Unusable Stock,0,NA,NA,NA,NA,0,NA,NA,NA,NA,0,NA,NA,NA,NA,NA,NA,NA,NA,NA,0,NA,NA,NA,NA,NA,NA,NA,NA,NA,0,NA,NA,NA,NA,0,NA,NA,NA,NA,NA,NA,NA,NA,NA,0,NA,NA,NA,NA,0,NA,NA,NA,NA,NA,NA,NA,NA,NA,0,NA,NA,NA,NA,0,NA,NA,NA,NA,NA,NA,NA,NA,NA,NA,NA,NA,NA,NA,0,NA,NA,NA,NA,0,NA,NA,NA,NA,0,NA,NA,NA,NA,0,NA,NA,NA,NA,0,NA,NA,NA,NA,0,NA,NA,NA,NA,NA,NA,NA,NA,NA,0,NA,NA,NA,NA,0,NA,NA,NA,NA,0,NA,NA,NA,NA,0,NA,NA,NA,NA,0,NA,NA,NA,NA
M17 [Vaccines],17.4',Vaccine - TT,4. Stock Distributed,51780,NA,NA,NA,NA,1380,NA,NA,NA,NA,4080,NA,NA,NA,NA,600,NA,NA,NA,NA,3770,NA,NA,NA,NA,2610,NA,NA,NA,NA,2100,NA,NA,NA,NA,0,NA,NA,NA,NA,NA,NA,NA,NA,NA,0,NA,NA,NA,NA,1030,NA,NA,NA,NA,5110,NA,NA,NA,NA,400,NA,NA,NA,NA,2130,NA,NA,NA,NA,NA,NA,NA,NA,NA,NA,NA,NA,NA,NA,0,NA,NA,NA,NA,5490,NA,NA,NA,NA,5000,NA,NA,NA,NA,0,NA,NA,NA,NA,4700,NA,NA,NA,NA,3780,NA,NA,NA,NA,NA,NA,NA,NA,NA,2400,NA,NA,NA,NA,2900,NA,NA,NA,NA,0,NA,NA,NA,NA,0,NA,NA,NA,NA,4300,NA,NA,NA,NA
M17 [Vaccines],17.4',Vaccine - TT,5. Total Stock,249420,NA,NA,NA,NA,4320,NA,NA,NA,NA,11330,NA,NA,NA,NA,18100,NA,NA,NA,NA,19450,NA,NA,NA,NA,16780,NA,NA,NA,NA,9900,NA,NA,NA,NA,0,NA,NA,NA,NA,NA,NA,NA,NA,NA,0,NA,NA,NA,NA,3720,NA,NA,NA,NA,16490,NA,NA,NA,NA,13530,NA,NA,NA,NA,24510,NA,NA,NA,NA,0,NA,NA,NA,NA,NA,NA,NA,NA,NA,0,NA,NA,NA,NA,16780,NA,NA,NA,NA,22000,NA,NA,NA,NA,0,NA,NA,NA,NA,12560,NA,NA,NA,NA,9260,NA,NA,NA,NA,NA,NA,NA,NA,NA,10900,NA,NA,NA,NA,16320,NA,NA,NA,NA,1860,NA,NA,NA,NA,10210,NA,NA,NA,NA,11400,NA,NA,NA,NA
M17 [Vaccines],'17.5',Vaccine - DT,1. Balance From Previous Month,100120,NA,NA,NA,NA,0,NA,NA,NA,NA,0,NA,NA,NA,NA,2950,NA,NA,NA,NA,29400,NA,NA,NA,NA,NA,NA,NA,NA,NA,0,NA,NA,NA,NA,12330,NA,NA,NA,NA,NA,NA,NA,NA,NA,0,NA,NA,NA,NA,0,NA,NA,NA,NA,NA,NA,NA,NA,NA,0,NA,NA,NA,NA,0,NA,NA,NA,NA,31350,NA,NA,NA,NA,NA,NA,NA,NA,NA,0,NA,NA,NA,NA,0,NA,NA,NA,NA,0,NA,NA,NA,NA,24090,NA,NA,NA,NA,NA,NA,NA,NA,NA,0,NA,NA,NA,NA,NA,NA,NA,NA,NA,0,NA,NA,NA,NA,0,NA,NA,NA,NA,0,NA,NA,NA,NA,0,NA,NA,NA,NA,0,NA,NA,NA,NA
M17 [Vaccines],17.5',Vaccine - DT,2. Stocks Received,11560,NA,NA,NA,NA,0,NA,NA,NA,NA,0,NA,NA,NA,NA,NA,NA,NA,NA,NA,0,NA,NA,NA,NA,NA,NA,NA,NA,NA,0,NA,NA,NA,NA,4560,NA,NA,NA,NA,NA,NA,NA,NA,NA,0,NA,NA,NA,NA,0,NA,NA,NA,NA,NA,NA,NA,NA,NA,0,NA,NA,NA,NA,0,NA,NA,NA,NA,0,NA,NA,NA,NA,NA,NA,NA,NA,NA,0,NA,NA,NA,NA,0,NA,NA,NA,NA,0,NA,NA,NA,NA,7000,NA,NA,NA,NA,NA,NA,NA,NA,NA,0,NA,NA,NA,NA,NA,NA,NA,NA,NA,0,NA,NA,NA,NA,0,NA,NA,NA,NA,0,NA,NA,NA,NA,0,NA,NA,NA,NA,0,NA,NA,NA,NA
M17 [Vaccines],17.5',Vaccine - DT,3. Unusable Stock,10,NA,NA,NA,NA,0,NA,NA,NA,NA,0,NA,NA,NA,NA,NA,NA,NA,NA,NA,0,NA,NA,NA,NA,NA,NA,NA,NA,NA,0,NA,NA,NA,NA,10,NA,NA,NA,NA,NA,NA,NA,NA,NA,0,NA,NA,NA,NA,0,NA,NA,NA,NA,NA,NA,NA,NA,NA,0,NA,NA,NA,NA,0,NA,NA,NA,NA,0,NA,NA,NA,NA,NA,NA,NA,NA,NA,0,NA,NA,NA,NA,0,NA,NA,NA,NA,0,NA,NA,NA,NA,0,NA,NA,NA,NA,NA,NA,NA,NA,NA,0,NA,NA,NA,NA,NA,NA,NA,NA,NA,NA,NA,NA,NA,NA,0,NA,NA,NA,NA,0,NA,NA,NA,NA,0,NA,NA,NA,NA,0,NA,NA,NA,NA
M17 [Vaccines],17.5',Vaccine - DT,4. Stock Distributed,16960,NA,NA,NA,NA,0,NA,NA,NA,NA,0,NA,NA,NA,NA,NA,NA,NA,NA,NA,6500,NA,NA,NA,NA,NA,NA,NA,NA,NA,0,NA,NA,NA,NA,2840,NA,NA,NA,NA,NA,NA,NA,NA,NA,0,NA,NA,NA,NA,0,NA,NA,NA,NA,NA,NA,NA,NA,NA,0,NA,NA,NA,NA,0,NA,NA,NA,NA,2910,NA,NA,NA,NA,NA,NA,NA,NA,NA,0,NA,NA,NA,NA,0,NA,NA,NA,NA,0,NA,NA,NA,NA,4710,NA,NA,NA,NA,NA,NA,NA,NA,NA,0,NA,NA,NA,NA,NA,NA,NA,NA,NA,0,NA,NA,NA,NA,0,NA,NA,NA,NA,0,NA,NA,NA,NA,0,NA,NA,NA,NA,0,NA,NA,NA,NA
M17 [Vaccines],17.5',Vaccine - DT,5. Total Stock,94710,NA,NA,NA,NA,0,NA,NA,NA,NA,0,NA,NA,NA,NA,2950,NA,NA,NA,NA,22900,NA,NA,NA,NA,0,NA,NA,NA,NA,0,NA,NA,NA,NA,14040,NA,NA,NA,NA,NA,NA,NA,NA,NA,0,NA,NA,NA,NA,0,NA,NA,NA,NA,0,NA,NA,NA,NA,0,NA,NA,NA,NA,0,NA,NA,NA,NA,28440,NA,NA,NA,NA,NA,NA,NA,NA,NA,0,NA,NA,NA,NA,0,NA,NA,NA,NA,0,NA,NA,NA,NA,26380,NA,NA,NA,NA,0,NA,NA,NA,NA,0,NA,NA,NA,NA,NA,NA,NA,NA,NA,0,NA,NA,NA,NA,0,NA,NA,NA,NA,0,NA,NA,NA,NA,0,NA,NA,NA,NA,0,NA,NA,NA,NA
M17 [Vaccines],'17.6',Vaccine - BCG,1. Balance From Previous Month,143231,NA,NA,NA,NA,9450,NA,NA,NA,NA,2210,NA,NA,NA,NA,4000,NA,NA,NA,NA,10300,NA,NA,NA,NA,4230,NA,NA,NA,NA,2000,NA,NA,NA,NA,4100,NA,NA,NA,NA,NA,NA,NA,NA,NA,1231,NA,NA,NA,NA,3950,NA,NA,NA,NA,7690,NA,NA,NA,NA,3840,NA,NA,NA,NA,5900,NA,NA,NA,NA,24340,NA,NA,NA,NA,NA,NA,NA,NA,NA,7010,NA,NA,NA,NA,3120,NA,NA,NA,NA,9500,NA,NA,NA,NA,1850,NA,NA,NA,NA,6900,NA,NA,NA,NA,4140,NA,NA,NA,NA,NA,NA,NA,NA,NA,7800,NA,NA,NA,NA,8840,NA,NA,NA,NA,920,NA,NA,NA,NA,2310,NA,NA,NA,NA,7600,NA,NA,NA,NA
M17 [Vaccines],17.6',Vaccine - BCG,2. Stocks Received,101490,NA,NA,NA,NA,2000,NA,NA,NA,NA,10000,NA,NA,NA,NA,7500,NA,NA,NA,NA,0,NA,NA,NA,NA,5000,NA,NA,NA,NA,5000,NA,NA,NA,NA,5000,NA,NA,NA,NA,NA,NA,NA,NA,NA,190,NA,NA,NA,NA,0,NA,NA,NA,NA,0,NA,NA,NA,NA,0,NA,NA,NA,NA,3800,NA,NA,NA,NA,11000,NA,NA,NA,NA,NA,NA,NA,NA,NA,6000,NA,NA,NA,NA,10000,NA,NA,NA,NA,4000,NA,NA,NA,NA,10000,NA,NA,NA,NA,4000,NA,NA,NA,NA,5000,NA,NA,NA,NA,NA,NA,NA,NA,NA,2000,NA,NA,NA,NA,11000,NA,NA,NA,NA,0,NA,NA,NA,NA,0,NA,NA,NA,NA,0,NA,NA,NA,NA
M17 [Vaccines],17.6',Vaccine - BCG,3. Unusable Stock,0,NA,NA,NA,NA,0,NA,NA,NA,NA,0,NA,NA,NA,NA,NA,NA,NA,NA,NA,0,NA,NA,NA,NA,NA,NA,NA,NA,NA,0,NA,NA,NA,NA,0,NA,NA,NA,NA,NA,NA,NA,NA,NA,0,NA,NA,NA,NA,0,NA,NA,NA,NA,NA,NA,NA,NA,NA,0,NA,NA,NA,NA,0,NA,NA,NA,NA,0,NA,NA,NA,NA,NA,NA,NA,NA,NA,0,NA,NA,NA,NA,0,NA,NA,NA,NA,0,NA,NA,NA,NA,0,NA,NA,NA,NA,0,NA,NA,NA,NA,0,NA,NA,NA,NA,NA,NA,NA,NA,NA,0,NA,NA,NA,NA,0,NA,NA,NA,NA,0,NA,NA,NA,NA,0,NA,NA,NA,NA,0,NA,NA,NA,NA
M17 [Vaccines],17.6',Vaccine - BCG,4. Stock Distributed,84060,NA,NA,NA,NA,2150,NA,NA,NA,NA,4320,NA,NA,NA,NA,1300,NA,NA,NA,NA,8540,NA,NA,NA,NA,2930,NA,NA,NA,NA,4450,NA,NA,NA,NA,3620,NA,NA,NA,NA,NA,NA,NA,NA,NA,120,NA,NA,NA,NA,1650,NA,NA,NA,NA,1900,NA,NA,NA,NA,800,NA,NA,NA,NA,4230,NA,NA,NA,NA,4800,NA,NA,NA,NA,NA,NA,NA,NA,NA,4960,NA,NA,NA,NA,6430,NA,NA,NA,NA,9200,NA,NA,NA,NA,2830,NA,NA,NA,NA,5300,NA,NA,NA,NA,5550,NA,NA,NA,NA,NA,NA,NA,NA,NA,2300,NA,NA,NA,NA,2180,NA,NA,NA,NA,200,NA,NA,NA,NA,0,NA,NA,NA,NA,4300,NA,NA,NA,NA
M17 [Vaccines],17.6',Vaccine - BCG,5. Total Stock,160661,NA,NA,NA,NA,9300,NA,NA,NA,NA,7890,NA,NA,NA,NA,10200,NA,NA,NA,NA,1760,NA,NA,NA,NA,6300,NA,NA,NA,NA,2550,NA,NA,NA,NA,5480,NA,NA,NA,NA,NA,NA,NA,NA,NA,1301,NA,NA,NA,NA,2300,NA,NA,NA,NA,5790,NA,NA,NA,NA,3040,NA,NA,NA,NA,5470,NA,NA,NA,NA,30540,NA,NA,NA,NA,NA,NA,NA,NA,NA,8050,NA,NA,NA,NA,6690,NA,NA,NA,NA,4300,NA,NA,NA,NA,9020,NA,NA,NA,NA,5600,NA,NA,NA,NA,3590,NA,NA,NA,NA,NA,NA,NA,NA,NA,7500,NA,NA,NA,NA,17660,NA,NA,NA,NA,720,NA,NA,NA,NA,2310,NA,NA,NA,NA,3300,NA,NA,NA,NA
M17 [Vaccines],'17.7',Vaccine - Measles,1. Balance From Previous Month,5630,NA,NA,NA,NA,0,NA,NA,NA,NA,0,NA,NA,NA,NA,0,NA,NA,NA,NA,0,NA,NA,NA,NA,0,NA,NA,NA,NA,0,NA,NA,NA,NA,0,NA,NA,NA,NA,NA,NA,NA,NA,NA,0,NA,NA,NA,NA,0,NA,NA,NA,NA,NA,NA,NA,NA,NA,0,NA,NA,NA,NA,0,NA,NA,NA,NA,NA,NA,NA,NA,NA,NA,NA,NA,NA,NA,0,NA,NA,NA,NA,5630,NA,NA,NA,NA,0,NA,NA,NA,NA,0,NA,NA,NA,NA,NA,NA,NA,NA,NA,0,NA,NA,NA,NA,NA,NA,NA,NA,NA,0,NA,NA,NA,NA,0,NA,NA,NA,NA,0,NA,NA,NA,NA,0,NA,NA,NA,NA,0,NA,NA,NA,NA
M17 [Vaccines],17.7',Vaccine - Measles,2. Stocks Received,8000,NA,NA,NA,NA,0,NA,NA,NA,NA,0,NA,NA,NA,NA,NA,NA,NA,NA,NA,0,NA,NA,NA,NA,NA,NA,NA,NA,NA,0,NA,NA,NA,NA,0,NA,NA,NA,NA,NA,NA,NA,NA,NA,0,NA,NA,NA,NA,0,NA,NA,NA,NA,NA,NA,NA,NA,NA,0,NA,NA,NA,NA,0,NA,NA,NA,NA,NA,NA,NA,NA,NA,NA,NA,NA,NA,NA,0,NA,NA,NA,NA,8000,NA,NA,NA,NA,0,NA,NA,NA,NA,0,NA,NA,NA,NA,NA,NA,NA,NA,NA,0,NA,NA,NA,NA,NA,NA,NA,NA,NA,0,NA,NA,NA,NA,0,NA,NA,NA,NA,0,NA,NA,NA,NA,0,NA,NA,NA,NA,0,NA,NA,NA,NA
M17 [Vaccines],17.7',Vaccine - Measles,3. Unusable Stock,0,NA,NA,NA,NA,0,NA,NA,NA,NA,0,NA,NA,NA,NA,NA,NA,NA,NA,NA,0,NA,NA,NA,NA,NA,NA,NA,NA,NA,0,NA,NA,NA,NA,0,NA,NA,NA,NA,NA,NA,NA,NA,NA,0,NA,NA,NA,NA,0,NA,NA,NA,NA,NA,NA,NA,NA,NA,0,NA,NA,NA,NA,0,NA,NA,NA,NA,NA,NA,NA,NA,NA,NA,NA,NA,NA,NA,0,NA,NA,NA,NA,0,NA,NA,NA,NA,0,NA,NA,NA,NA,0,NA,NA,NA,NA,NA,NA,NA,NA,NA,0,NA,NA,NA,NA,NA,NA,NA,NA,NA,0,NA,NA,NA,NA,0,NA,NA,NA,NA,0,NA,NA,NA,NA,0,NA,NA,NA,NA,0,NA,NA,NA,NA
M17 [Vaccines],17.7',Vaccine - Measles,4. Stock Distributed,6920,NA,NA,NA,NA,0,NA,NA,NA,NA,0,NA,NA,NA,NA,NA,NA,NA,NA,NA,0,NA,NA,NA,NA,NA,NA,NA,NA,NA,0,NA,NA,NA,NA,0,NA,NA,NA,NA,NA,NA,NA,NA,NA,0,NA,NA,NA,NA,0,NA,NA,NA,NA,NA,NA,NA,NA,NA,0,NA,NA,NA,NA,0,NA,NA,NA,NA,NA,NA,NA,NA,NA,NA,NA,NA,NA,NA,0,NA,NA,NA,NA,6920,NA,NA,NA,NA,0,NA,NA,NA,NA,0,NA,NA,NA,NA,NA,NA,NA,NA,NA,0,NA,NA,NA,NA,NA,NA,NA,NA,NA,0,NA,NA,NA,NA,0,NA,NA,NA,NA,0,NA,NA,NA,NA,0,NA,NA,NA,NA,0,NA,NA,NA,NA
M17 [Vaccines],17.7',Vaccine - Measles,5. Total Stock,6710,NA,NA,NA,NA,0,NA,NA,NA,NA,0,NA,NA,NA,NA,0,NA,NA,NA,NA,0,NA,NA,NA,NA,0,NA,NA,NA,NA,0,NA,NA,NA,NA,0,NA,NA,NA,NA,NA,NA,NA,NA,NA,0,NA,NA,NA,NA,0,NA,NA,NA,NA,0,NA,NA,NA,NA,0,NA,NA,NA,NA,0,NA,NA,NA,NA,0,NA,NA,NA,NA,NA,NA,NA,NA,NA,0,NA,NA,NA,NA,6710,NA,NA,NA,NA,0,NA,NA,NA,NA,0,NA,NA,NA,NA,0,NA,NA,NA,NA,0,NA,NA,NA,NA,NA,NA,NA,NA,NA,0,NA,NA,NA,NA,0,NA,NA,NA,NA,0,NA,NA,NA,NA,0,NA,NA,NA,NA,0,NA,NA,NA,NA
M17 [Vaccines],'17.8',Vaccine - JE,1. Balance From Previous Month,295651,NA,NA,NA,NA,11500,NA,NA,NA,NA,37920,NA,NA,NA,NA,3100,NA,NA,NA,NA,13800,NA,NA,NA,NA,9145,NA,NA,NA,NA,8450,NA,NA,NA,NA,3300,NA,NA,NA,NA,NA,NA,NA,NA,NA,1231,NA,NA,NA,NA,490,NA,NA,NA,NA,16500,NA,NA,NA,NA,4450,NA,NA,NA,NA,12750,NA,NA,NA,NA,25605,NA,NA,NA,NA,NA,NA,NA,NA,NA,20960,NA,NA,NA,NA,20480,NA,NA,NA,NA,18750,NA,NA,NA,NA,15990,NA,NA,NA,NA,3800,NA,NA,NA,NA,18895,NA,NA,NA,NA,NA,NA,NA,NA,NA,8100,NA,NA,NA,NA,17480,NA,NA,NA,NA,3580,NA,NA,NA,NA,6875,NA,NA,NA,NA,12500,NA,NA,NA,NA
M17 [Vaccines],17.8',Vaccine - JE,2. Stocks Received,67450,NA,NA,NA,NA,3900,NA,NA,NA,NA,0,NA,NA,NA,NA,3000,NA,NA,NA,NA,6000,NA,NA,NA,NA,2000,NA,NA,NA,NA,0,NA,NA,NA,NA,9800,NA,NA,NA,NA,NA,NA,NA,NA,NA,1200,NA,NA,NA,NA,0,NA,NA,NA,NA,0,NA,NA,NA,NA,0,NA,NA,NA,NA,3850,NA,NA,NA,NA,5000,NA,NA,NA,NA,NA,NA,NA,NA,NA,0,NA,NA,NA,NA,0,NA,NA,NA,NA,7000,NA,NA,NA,NA,4000,NA,NA,NA,NA,14000,NA,NA,NA,NA,0,NA,NA,NA,NA,NA,NA,NA,NA,NA,3200,NA,NA,NA,NA,4500,NA,NA,NA,NA,0,NA,NA,NA,NA,0,NA,NA,NA,NA,0,NA,NA,NA,NA
M17 [Vaccines],17.8',Vaccine - JE,3. Unusable Stock,0,NA,NA,NA,NA,0,NA,NA,NA,NA,0,NA,NA,NA,NA,NA,NA,NA,NA,NA,0,NA,NA,NA,NA,NA,NA,NA,NA,NA,0,NA,NA,NA,NA,0,NA,NA,NA,NA,NA,NA,NA,NA,NA,0,NA,NA,NA,NA,0,NA,NA,NA,NA,NA,NA,NA,NA,NA,0,NA,NA,NA,NA,0,NA,NA,NA,NA,0,NA,NA,NA,NA,NA,NA,NA,NA,NA,0,NA,NA,NA,NA,0,NA,NA,NA,NA,0,NA,NA,NA,NA,0,NA,NA,NA,NA,0,NA,NA,NA,NA,0,NA,NA,NA,NA,NA,NA,NA,NA,NA,0,NA,NA,NA,NA,0,NA,NA,NA,NA,0,NA,NA,NA,NA,0,NA,NA,NA,NA,0,NA,NA,NA,NA
M17 [Vaccines],17.8',Vaccine - JE,4. Stock Distributed,82330,NA,NA,NA,NA,2000,NA,NA,NA,NA,3785,NA,NA,NA,NA,150,NA,NA,NA,NA,6000,NA,NA,NA,NA,2165,NA,NA,NA,NA,2500,NA,NA,NA,NA,3050,NA,NA,NA,NA,NA,NA,NA,NA,NA,440,NA,NA,NA,NA,480,NA,NA,NA,NA,5000,NA,NA,NA,NA,300,NA,NA,NA,NA,2370,NA,NA,NA,NA,6040,NA,NA,NA,NA,NA,NA,NA,NA,NA,8050,NA,NA,NA,NA,3980,NA,NA,NA,NA,5600,NA,NA,NA,NA,3865,NA,NA,NA,NA,7000,NA,NA,NA,NA,4025,NA,NA,NA,NA,NA,NA,NA,NA,NA,3500,NA,NA,NA,NA,9130,NA,NA,NA,NA,0,NA,NA,NA,NA,0,NA,NA,NA,NA,2900,NA,NA,NA,NA
M17 [Vaccines],17.8',Vaccine - JE,5. Total Stock,280771,NA,NA,NA,NA,13400,NA,NA,NA,NA,34135,NA,NA,NA,NA,5950,NA,NA,NA,NA,13800,NA,NA,NA,NA,8980,NA,NA,NA,NA,5950,NA,NA,NA,NA,10050,NA,NA,NA,NA,NA,NA,NA,NA,NA,1991,NA,NA,NA,NA,10,NA,NA,NA,NA,11500,NA,NA,NA,NA,4150,NA,NA,NA,NA,14230,NA,NA,NA,NA,24565,NA,NA,NA,NA,NA,NA,NA,NA,NA,12910,NA,NA,NA,NA,16500,NA,NA,NA,NA,20150,NA,NA,NA,NA,16125,NA,NA,NA,NA,10800,NA,NA,NA,NA,14870,NA,NA,NA,NA,NA,NA,NA,NA,NA,7800,NA,NA,NA,NA,12850,NA,NA,NA,NA,3580,NA,NA,NA,NA,6875,NA,NA,NA,NA,9600,NA,NA,NA,NA
M17 [Vaccines],'17.9',Vaccine - Hepatitis B,1. Balance From Previous Month,87722,NA,NA,NA,NA,3150,NA,NA,NA,NA,3310,NA,NA,NA,NA,2810,NA,NA,NA,NA,2110,NA,NA,NA,NA,2680,NA,NA,NA,NA,730,NA,NA,NA,NA,3580,NA,NA,NA,NA,NA,NA,NA,NA,NA,90,NA,NA,NA,NA,1990,NA,NA,NA,NA,3990,NA,NA,NA,NA,530,NA,NA,NA,NA,8730,NA,NA,NA,NA,10370,NA,NA,NA,NA,NA,NA,NA,NA,NA,4270,NA,NA,NA,NA,3880,NA,NA,NA,NA,6350,NA,NA,NA,NA,5700,NA,NA,NA,NA,3300,NA,NA,NA,NA,2590,NA,NA,NA,NA,NA,NA,NA,NA,NA,3250,NA,NA,NA,NA,1850,NA,NA,NA,NA,122,NA,NA,NA,NA,7010,NA,NA,NA,NA,5330,NA,NA,NA,NA
M17 [Vaccines],17.9',Vaccine - Hepatitis B,2. Stocks Received,25200,NA,NA,NA,NA,700,NA,NA,NA,NA,0,NA,NA,NA,NA,1500,NA,NA,NA,NA,4000,NA,NA,NA,NA,600,NA,NA,NA,NA,900,NA,NA,NA,NA,900,NA,NA,NA,NA,NA,NA,NA,NA,NA,210,NA,NA,NA,NA,0,NA,NA,NA,NA,0,NA,NA,NA,NA,0,NA,NA,NA,NA,2000,NA,NA,NA,NA,2400,NA,NA,NA,NA,NA,NA,NA,NA,NA,0,NA,NA,NA,NA,1500,NA,NA,NA,NA,2500,NA,NA,NA,NA,1500,NA,NA,NA,NA,1800,NA,NA,NA,NA,0,NA,NA,NA,NA,NA,NA,NA,NA,NA,0,NA,NA,NA,NA,4690,NA,NA,NA,NA,0,NA,NA,NA,NA,0,NA,NA,NA,NA,0,NA,NA,NA,NA
M17 [Vaccines],17.9',Vaccine - Hepatitis B,3. Unusable Stock,10,NA,NA,NA,NA,0,NA,NA,NA,NA,0,NA,NA,NA,NA,NA,NA,NA,NA,NA,0,NA,NA,NA,NA,NA,NA,NA,NA,NA,0,NA,NA,NA,NA,10,NA,NA,NA,NA,NA,NA,NA,NA,NA,0,NA,NA,NA,NA,0,NA,NA,NA,NA,NA,NA,NA,NA,NA,0,NA,NA,NA,NA,0,NA,NA,NA,NA,0,NA,NA,NA,NA,NA,NA,NA,NA,NA,0,NA,NA,NA,NA,0,NA,NA,NA,NA,0,NA,NA,NA,NA,0,NA,NA,NA,NA,0,NA,NA,NA,NA,0,NA,NA,NA,NA,NA,NA,NA,NA,NA,0,NA,NA,NA,NA,0,NA,NA,NA,NA,0,NA,NA,NA,NA,0,NA,NA,NA,NA,0,NA,NA,NA,NA
M17 [Vaccines],17.9',Vaccine - Hepatitis B,4. Stock Distributed,18840,NA,NA,NA,NA,3500,NA,NA,NA,NA,770,NA,NA,NA,NA,300,NA,NA,NA,NA,1200,NA,NA,NA,NA,200,NA,NA,NA,NA,1250,NA,NA,NA,NA,820,NA,NA,NA,NA,NA,NA,NA,NA,NA,80,NA,NA,NA,NA,200,NA,NA,NA,NA,1790,NA,NA,NA,NA,530,NA,NA,NA,NA,800,NA,NA,NA,NA,680,NA,NA,NA,NA,NA,NA,NA,NA,NA,1280,NA,NA,NA,NA,510,NA,NA,NA,NA,700,NA,NA,NA,NA,690,NA,NA,NA,NA,470,NA,NA,NA,NA,0,NA,NA,NA,NA,NA,NA,NA,NA,NA,400,NA,NA,NA,NA,2290,NA,NA,NA,NA,80,NA,NA,NA,NA,0,NA,NA,NA,NA,300,NA,NA,NA,NA
M17 [Vaccines],17.9',Vaccine - Hepatitis B,5. Total Stock,94042,NA,NA,NA,NA,350,NA,NA,NA,NA,2540,NA,NA,NA,NA,4010,NA,NA,NA,NA,4910,NA,NA,NA,NA,3080,NA,NA,NA,NA,380,NA,NA,NA,NA,3650,NA,NA,NA,NA,NA,NA,NA,NA,NA,220,NA,NA,NA,NA,1790,NA,NA,NA,NA,2200,NA,NA,NA,NA,0,NA,NA,NA,NA,9930,NA,NA,NA,NA,12090,NA,NA,NA,NA,NA,NA,NA,NA,NA,2990,NA,NA,NA,NA,4870,NA,NA,NA,NA,8150,NA,NA,NA,NA,6510,NA,NA,NA,NA,4630,NA,NA,NA,NA,2590,NA,NA,NA,NA,NA,NA,NA,NA,NA,2850,NA,NA,NA,NA,4250,NA,NA,NA,NA,42,NA,NA,NA,NA,7010,NA,NA,NA,NA,5000,NA,NA,NA,NA
M17 [Vaccines],'17.10',Vaccine - Typhoid,1. Balance From Previous Month,1535,NA,NA,NA,NA,0,NA,NA,NA,NA,0,NA,NA,NA,NA,NA,NA,NA,NA,NA,0,NA,NA,NA,NA,NA,NA,NA,NA,NA,0,NA,NA,NA,NA,0,NA,NA,NA,NA,NA,NA,NA,NA,NA,1535,NA,NA,NA,NA,0,NA,NA,NA,NA,NA,NA,NA,NA,NA,0,NA,NA,NA,NA,0,NA,NA,NA,NA,NA,NA,NA,NA,NA,NA,NA,NA,NA,NA,0,NA,NA,NA,NA,0,NA,NA,NA,NA,0,NA,NA,NA,NA,0,NA,NA,NA,NA,NA,NA,NA,NA,NA,0,NA,NA,NA,NA,NA,NA,NA,NA,NA,0,NA,NA,NA,NA,0,NA,NA,NA,NA,0,NA,NA,NA,NA,0,NA,NA,NA,NA,0,NA,NA,NA,NA
M17 [Vaccines],17.10',Vaccine - Typhoid,2. Stocks Received,110,NA,NA,NA,NA,0,NA,NA,NA,NA,0,NA,NA,NA,NA,NA,NA,NA,NA,NA,0,NA,NA,NA,NA,NA,NA,NA,NA,NA,0,NA,NA,NA,NA,0,NA,NA,NA,NA,NA,NA,NA,NA,NA,110,NA,NA,NA,NA,0,NA,NA,NA,NA,NA,NA,NA,NA,NA,0,NA,NA,NA,NA,0,NA,NA,NA,NA,NA,NA,NA,NA,NA,NA,NA,NA,NA,NA,0,NA,NA,NA,NA,0,NA,NA,NA,NA,0,NA,NA,NA,NA,0,NA,NA,NA,NA,NA,NA,NA,NA,NA,0,NA,NA,NA,NA,NA,NA,NA,NA,NA,0,NA,NA,NA,NA,0,NA,NA,NA,NA,0,NA,NA,NA,NA,0,NA,NA,NA,NA,0,NA,NA,NA,NA
M17 [Vaccines],17.10',Vaccine - Typhoid,3. Unusable Stock,0,NA,NA,NA,NA,0,NA,NA,NA,NA,0,NA,NA,NA,NA,NA,NA,NA,NA,NA,0,NA,NA,NA,NA,NA,NA,NA,NA,NA,0,NA,NA,NA,NA,0,NA,NA,NA,NA,NA,NA,NA,NA,NA,0,NA,NA,NA,NA,0,NA,NA,NA,NA,NA,NA,NA,NA,NA,0,NA,NA,NA,NA,0,NA,NA,NA,NA,NA,NA,NA,NA,NA,NA,NA,NA,NA,NA,0,NA,NA,NA,NA,0,NA,NA,NA,NA,0,NA,NA,NA,NA,0,NA,NA,NA,NA,NA,NA,NA,NA,NA,0,NA,NA,NA,NA,NA,NA,NA,NA,NA,NA,NA,NA,NA,NA,0,NA,NA,NA,NA,0,NA,NA,NA,NA,0,NA,NA,NA,NA,0,NA,NA,NA,NA
M17 [Vaccines],17.10',Vaccine - Typhoid,4. Stock Distributed,234,NA,NA,NA,NA,0,NA,NA,NA,NA,0,NA,NA,NA,NA,NA,NA,NA,NA,NA,0,NA,NA,NA,NA,NA,NA,NA,NA,NA,0,NA,NA,NA,NA,0,NA,NA,NA,NA,NA,NA,NA,NA,NA,234,NA,NA,NA,NA,0,NA,NA,NA,NA,NA,NA,NA,NA,NA,0,NA,NA,NA,NA,0,NA,NA,NA,NA,NA,NA,NA,NA,NA,NA,NA,NA,NA,NA,0,NA,NA,NA,NA,0,NA,NA,NA,NA,0,NA,NA,NA,NA,0,NA,NA,NA,NA,NA,NA,NA,NA,NA,0,NA,NA,NA,NA,NA,NA,NA,NA,NA,0,NA,NA,NA,NA,0,NA,NA,NA,NA,0,NA,NA,NA,NA,0,NA,NA,NA,NA,0,NA,NA,NA,NA
M17 [Vaccines],17.10',Vaccine - Typhoid,5. Total Stock,2401,NA,NA,NA,NA,0,NA,NA,NA,NA,0,NA,NA,NA,NA,NA,NA,NA,NA,NA,0,NA,NA,NA,NA,NA,NA,NA,NA,NA,0,NA,NA,NA,NA,0,NA,NA,NA,NA,NA,NA,NA,NA,NA,2401,NA,NA,NA,NA,0,NA,NA,NA,NA,NA,NA,NA,NA,NA,0,NA,NA,NA,NA,0,NA,NA,NA,NA,NA,NA,NA,NA,NA,NA,NA,NA,NA,NA,0,NA,NA,NA,NA,0,NA,NA,NA,NA,0,NA,NA,NA,NA,0,NA,NA,NA,NA,NA,NA,NA,NA,NA,0,NA,NA,NA,NA,NA,NA,NA,NA,NA,0,NA,NA,NA,NA,0,NA,NA,NA,NA,0,NA,NA,NA,NA,0,NA,NA,NA,NA,0,NA,NA,NA,NA
M17 [Vaccines],'17.11',Vaccine - Vitamin K,1. Balance From Previous Month,11820,NA,NA,NA,NA,0,NA,NA,NA,NA,50,NA,NA,NA,NA,NA,NA,NA,NA,NA,0,NA,NA,NA,NA,NA,NA,NA,NA,NA,0,NA,NA,NA,NA,0,NA,NA,NA,NA,NA,NA,NA,NA,NA,NA,NA,NA,NA,NA,0,NA,NA,NA,NA,NA,NA,NA,NA,NA,0,NA,NA,NA,NA,3680,NA,NA,NA,NA,NA,NA,NA,NA,NA,NA,NA,NA,NA,NA,0,NA,NA,NA,NA,0,NA,NA,NA,NA,0,NA,NA,NA,NA,0,NA,NA,NA,NA,NA,NA,NA,NA,NA,8090,NA,NA,NA,NA,NA,NA,NA,NA,NA,0,NA,NA,NA,NA,0,NA,NA,NA,NA,0,NA,NA,NA,NA,0,NA,NA,NA,NA,0,NA,NA,NA,NA
M17 [Vaccines],17.11',Vaccine - Vitamin K,2. Stocks Received,0,NA,NA,NA,NA,0,NA,NA,NA,NA,0,NA,NA,NA,NA,NA,NA,NA,NA,NA,0,NA,NA,NA,NA,NA,NA,NA,NA,NA,0,NA,NA,NA,NA,0,NA,NA,NA,NA,NA,NA,NA,NA,NA,NA,NA,NA,NA,NA,0,NA,NA,NA,NA,NA,NA,NA,NA,NA,0,NA,NA,NA,NA,0,NA,NA,NA,NA,NA,NA,NA,NA,NA,NA,NA,NA,NA,NA,0,NA,NA,NA,NA,0,NA,NA,NA,NA,0,NA,NA,NA,NA,0,NA,NA,NA,NA,NA,NA,NA,NA,NA,0,NA,NA,NA,NA,NA,NA,NA,NA,NA,0,NA,NA,NA,NA,0,NA,NA,NA,NA,0,NA,NA,NA,NA,0,NA,NA,NA,NA,0,NA,NA,NA,NA
M17 [Vaccines],17.11',Vaccine - Vitamin K,3. Unusable Stock,0,NA,NA,NA,NA,0,NA,NA,NA,NA,0,NA,NA,NA,NA,NA,NA,NA,NA,NA,0,NA,NA,NA,NA,NA,NA,NA,NA,NA,0,NA,NA,NA,NA,0,NA,NA,NA,NA,NA,NA,NA,NA,NA,NA,NA,NA,NA,NA,0,NA,NA,NA,NA,NA,NA,NA,NA,NA,0,NA,NA,NA,NA,0,NA,NA,NA,NA,NA,NA,NA,NA,NA,NA,NA,NA,NA,NA,0,NA,NA,NA,NA,0,NA,NA,NA,NA,0,NA,NA,NA,NA,0,NA,NA,NA,NA,NA,NA,NA,NA,NA,0,NA,NA,NA,NA,NA,NA,NA,NA,NA,0,NA,NA,NA,NA,0,NA,NA,NA,NA,0,NA,NA,NA,NA,0,NA,NA,NA,NA,0,NA,NA,NA,NA
M17 [Vaccines],17.11',Vaccine - Vitamin K,4. Stock Distributed,0,NA,NA,NA,NA,0,NA,NA,NA,NA,0,NA,NA,NA,NA,NA,NA,NA,NA,NA,0,NA,NA,NA,NA,NA,NA,NA,NA,NA,0,NA,NA,NA,NA,0,NA,NA,NA,NA,NA,NA,NA,NA,NA,NA,NA,NA,NA,NA,0,NA,NA,NA,NA,NA,NA,NA,NA,NA,0,NA,NA,NA,NA,0,NA,NA,NA,NA,NA,NA,NA,NA,NA,NA,NA,NA,NA,NA,0,NA,NA,NA,NA,0,NA,NA,NA,NA,0,NA,NA,NA,NA,0,NA,NA,NA,NA,NA,NA,NA,NA,NA,0,NA,NA,NA,NA,NA,NA,NA,NA,NA,0,NA,NA,NA,NA,0,NA,NA,NA,NA,0,NA,NA,NA,NA,0,NA,NA,NA,NA,0,NA,NA,NA,NA
M17 [Vaccines],17.11',Vaccine - Vitamin K,5. Total Stock,11820,NA,NA,NA,NA,0,NA,NA,NA,NA,50,NA,NA,NA,NA,NA,NA,NA,NA,NA,0,NA,NA,NA,NA,NA,NA,NA,NA,NA,0,NA,NA,NA,NA,0,NA,NA,NA,NA,NA,NA,NA,NA,NA,NA,NA,NA,NA,NA,0,NA,NA,NA,NA,NA,NA,NA,NA,NA,0,NA,NA,NA,NA,3680,NA,NA,NA,NA,NA,NA,NA,NA,NA,NA,NA,NA,NA,NA,0,NA,NA,NA,NA,0,NA,NA,NA,NA,0,NA,NA,NA,NA,0,NA,NA,NA,NA,NA,NA,NA,NA,NA,8090,NA,NA,NA,NA,NA,NA,NA,NA,NA,0,NA,NA,NA,NA,0,NA,NA,NA,NA,0,NA,NA,NA,NA,0,NA,NA,NA,NA,0,NA,NA,NA,NA
M17 [Vaccines],'17.12',Rotavirus,1. Balance From Previous Month,98372,NA,NA,NA,NA,3530,NA,NA,NA,NA,2800,NA,NA,NA,NA,NA,NA,NA,NA,NA,0,NA,NA,NA,NA,5910,NA,NA,NA,NA,6000,NA,NA,NA,NA,0,NA,NA,NA,NA,NA,NA,NA,NA,NA,132,NA,NA,NA,NA,830,NA,NA,NA,NA,1400,NA,NA,NA,NA,1200,NA,NA,NA,NA,6030,NA,NA,NA,NA,23060,NA,NA,NA,NA,NA,NA,NA,NA,NA,5190,NA,NA,NA,NA,370,NA,NA,NA,NA,3600,NA,NA,NA,NA,18000,NA,NA,NA,NA,0,NA,NA,NA,NA,1950,NA,NA,NA,NA,NA,NA,NA,NA,NA,0,NA,NA,NA,NA,12070,NA,NA,NA,NA,0,NA,NA,NA,NA,0,NA,NA,NA,NA,6300,NA,NA,NA,NA
M17 [Vaccines],17.12',Rotavirus,2. Stocks Received,166607,NA,NA,NA,NA,9900,NA,NA,NA,NA,13200,NA,NA,NA,NA,NA,NA,NA,NA,NA,16800,NA,NA,NA,NA,3000,NA,NA,NA,NA,6000,NA,NA,NA,NA,5400,NA,NA,NA,NA,NA,NA,NA,NA,NA,707,NA,NA,NA,NA,0,NA,NA,NA,NA,15000,NA,NA,NA,NA,0,NA,NA,NA,NA,8100,NA,NA,NA,NA,5400,NA,NA,NA,NA,NA,NA,NA,NA,NA,9900,NA,NA,NA,NA,11100,NA,NA,NA,NA,12000,NA,NA,NA,NA,12000,NA,NA,NA,NA,9900,NA,NA,NA,NA,8400,NA,NA,NA,NA,NA,NA,NA,NA,NA,14400,NA,NA,NA,NA,5400,NA,NA,NA,NA,0,NA,NA,NA,NA,0,NA,NA,NA,NA,0,NA,NA,NA,NA
M17 [Vaccines],17.12',Rotavirus,3. Unusable Stock,0,NA,NA,NA,NA,0,NA,NA,NA,NA,0,NA,NA,NA,NA,NA,NA,NA,NA,NA,0,NA,NA,NA,NA,NA,NA,NA,NA,NA,0,NA,NA,NA,NA,0,NA,NA,NA,NA,NA,NA,NA,NA,NA,0,NA,NA,NA,NA,0,NA,NA,NA,NA,NA,NA,NA,NA,NA,0,NA,NA,NA,NA,0,NA,NA,NA,NA,0,NA,NA,NA,NA,NA,NA,NA,NA,NA,0,NA,NA,NA,NA,0,NA,NA,NA,NA,0,NA,NA,NA,NA,0,NA,NA,NA,NA,NA,NA,NA,NA,NA,0,NA,NA,NA,NA,NA,NA,NA,NA,NA,0,NA,NA,NA,NA,0,NA,NA,NA,NA,0,NA,NA,NA,NA,0,NA,NA,NA,NA,0,NA,NA,NA,NA
M17 [Vaccines],17.12',Rotavirus,4. Stock Distributed,132620,NA,NA,NA,NA,3280,NA,NA,NA,NA,8250,NA,NA,NA,NA,NA,NA,NA,NA,NA,1200,NA,NA,NA,NA,3630,NA,NA,NA,NA,11700,NA,NA,NA,NA,5400,NA,NA,NA,NA,NA,NA,NA,NA,NA,260,NA,NA,NA,NA,830,NA,NA,NA,NA,9050,NA,NA,NA,NA,1200,NA,NA,NA,NA,4290,NA,NA,NA,NA,4100,NA,NA,NA,NA,NA,NA,NA,NA,NA,11490,NA,NA,NA,NA,9170,NA,NA,NA,NA,3300,NA,NA,NA,NA,10350,NA,NA,NA,NA,8500,NA,NA,NA,NA,8880,NA,NA,NA,NA,NA,NA,NA,NA,NA,8750,NA,NA,NA,NA,12690,NA,NA,NA,NA,0,NA,NA,NA,NA,0,NA,NA,NA,NA,6300,NA,NA,NA,NA
M17 [Vaccines],17.12',Rotavirus,5. Total Stock,132364,NA,NA,NA,NA,10150,NA,NA,NA,NA,7750,NA,NA,NA,NA,NA,NA,NA,NA,NA,15600,NA,NA,NA,NA,5280,NA,NA,NA,NA,300,NA,NA,NA,NA,0,NA,NA,NA,NA,NA,NA,NA,NA,NA,579,NA,NA,NA,NA,0,NA,NA,NA,NA,7350,NA,NA,NA,NA,0,NA,NA,NA,NA,9840,NA,NA,NA,NA,24360,NA,NA,NA,NA,NA,NA,NA,NA,NA,3600,NA,NA,NA,NA,2300,NA,NA,NA,NA,12300,NA,NA,NA,NA,19650,NA,NA,NA,NA,1400,NA,NA,NA,NA,1475,NA,NA,NA,NA,NA,NA,NA,NA,NA,5650,NA,NA,NA,NA,4780,NA,NA,NA,NA,0,NA,NA,NA,NA,0,NA,NA,NA,NA,0,NA,NA,NA,NA
M17 [Vaccines],'17.13',Inactivated Polio Vaccine,1. Balance From Previous Month,92640,NA,NA,NA,NA,0,NA,NA,NA,NA,925,NA,NA,NA,NA,5725,NA,NA,NA,NA,7200,NA,NA,NA,NA,2625,NA,NA,NA,NA,3350,NA,NA,NA,NA,0,NA,NA,NA,NA,NA,NA,NA,NA,NA,0,NA,NA,NA,NA,3025,NA,NA,NA,NA,2215,NA,NA,NA,NA,375,NA,NA,NA,NA,13175,NA,NA,NA,NA,16700,NA,NA,NA,NA,NA,NA,NA,NA,NA,2350,NA,NA,NA,NA,2875,NA,NA,NA,NA,21800,NA,NA,NA,NA,800,NA,NA,NA,NA,2200,NA,NA,NA,NA,5300,NA,NA,NA,NA,NA,NA,NA,NA,NA,50,NA,NA,NA,NA,0,NA,NA,NA,NA,0,NA,NA,NA,NA,175,NA,NA,NA,NA,1775,NA,NA,NA,NA
M17 [Vaccines],17.13',Inactivated Polio Vaccine,2. Stocks Received,123687,NA,NA,NA,NA,7875,NA,NA,NA,NA,15900,NA,NA,NA,NA,6500,NA,NA,NA,NA,20225,NA,NA,NA,NA,4325,NA,NA,NA,NA,0,NA,NA,NA,NA,1400,NA,NA,NA,NA,NA,NA,NA,NA,NA,462,NA,NA,NA,NA,0,NA,NA,NA,NA,0,NA,NA,NA,NA,0,NA,NA,NA,NA,9625,NA,NA,NA,NA,11250,NA,NA,NA,NA,NA,NA,NA,NA,NA,13200,NA,NA,NA,NA,0,NA,NA,NA,NA,14350,NA,NA,NA,NA,8625,NA,NA,NA,NA,2525,NA,NA,NA,NA,0,NA,NA,NA,NA,NA,NA,NA,NA,NA,7425,NA,NA,NA,NA,0,NA,NA,NA,NA,0,NA,NA,NA,NA,0,NA,NA,NA,NA,0,NA,NA,NA,NA
M17 [Vaccines],17.13',Inactivated Polio Vaccine,3. Unusable Stock,0,NA,NA,NA,NA,0,NA,NA,NA,NA,0,NA,NA,NA,NA,NA,NA,NA,NA,NA,0,NA,NA,NA,NA,NA,NA,NA,NA,NA,0,NA,NA,NA,NA,0,NA,NA,NA,NA,NA,NA,NA,NA,NA,0,NA,NA,NA,NA,0,NA,NA,NA,NA,NA,NA,NA,NA,NA,0,NA,NA,NA,NA,0,NA,NA,NA,NA,0,NA,NA,NA,NA,NA,NA,NA,NA,NA,0,NA,NA,NA,NA,0,NA,NA,NA,NA,0,NA,NA,NA,NA,0,NA,NA,NA,NA,0,NA,NA,NA,NA,0,NA,NA,NA,NA,NA,NA,NA,NA,NA,0,NA,NA,NA,NA,0,NA,NA,NA,NA,0,NA,NA,NA,NA,0,NA,NA,NA,NA,0,NA,NA,NA,NA
M17 [Vaccines],17.13',Inactivated Polio Vaccine,4. Stock Distributed,52568,NA,NA,NA,NA,200,NA,NA,NA,NA,5125,NA,NA,NA,NA,25,NA,NA,NA,NA,5050,NA,NA,NA,NA,1475,NA,NA,NA,NA,3350,NA,NA,NA,NA,1400,NA,NA,NA,NA,NA,NA,NA,NA,NA,28,NA,NA,NA,NA,2750,NA,NA,NA,NA,2215,NA,NA,NA,NA,50,NA,NA,NA,NA,2175,NA,NA,NA,NA,1200,NA,NA,NA,NA,NA,NA,NA,NA,NA,6825,NA,NA,NA,NA,2675,NA,NA,NA,NA,7200,NA,NA,NA,NA,1700,NA,NA,NA,NA,4575,NA,NA,NA,NA,2725,NA,NA,NA,NA,NA,NA,NA,NA,NA,50,NA,NA,NA,NA,0,NA,NA,NA,NA,0,NA,NA,NA,NA,0,NA,NA,NA,NA,1775,NA,NA,NA,NA
M17 [Vaccines],17.13',Inactivated Polio Vaccine,5. Total Stock,163759,NA,NA,NA,NA,7675,NA,NA,NA,NA,11700,NA,NA,NA,NA,12200,NA,NA,NA,NA,22375,NA,NA,NA,NA,5475,NA,NA,NA,NA,0,NA,NA,NA,NA,0,NA,NA,NA,NA,NA,NA,NA,NA,NA,434,NA,NA,NA,NA,275,NA,NA,NA,NA,0,NA,NA,NA,NA,325,NA,NA,NA,NA,20625,NA,NA,NA,NA,26750,NA,NA,NA,NA,NA,NA,NA,NA,NA,8725,NA,NA,NA,NA,200,NA,NA,NA,NA,28950,NA,NA,NA,NA,7725,NA,NA,NA,NA,150,NA,NA,NA,NA,2575,NA,NA,NA,NA,NA,NA,NA,NA,NA,7425,NA,NA,NA,NA,0,NA,NA,NA,NA,0,NA,NA,NA,NA,175,NA,NA,NA,NA,0,NA,NA,NA,NA
M17 [Vaccines],'17.14',Measles Rubella (MR),1. Balance From Previous Month,321612,NA,NA,NA,NA,10740,NA,NA,NA,NA,9770,NA,NA,NA,NA,17550,NA,NA,NA,NA,41000,NA,NA,NA,NA,4890,NA,NA,NA,NA,7040,NA,NA,NA,NA,7150,NA,NA,NA,NA,NA,NA,NA,NA,NA,1126,NA,NA,NA,NA,5210,NA,NA,NA,NA,23660,NA,NA,NA,NA,5510,NA,NA,NA,NA,16240,NA,NA,NA,NA,33916,NA,NA,NA,NA,NA,NA,NA,NA,NA,6000,NA,NA,NA,NA,0,NA,NA,NA,NA,32200,NA,NA,NA,NA,11020,NA,NA,NA,NA,8000,NA,NA,NA,NA,5870,NA,NA,NA,NA,NA,NA,NA,NA,NA,6400,NA,NA,NA,NA,10790,NA,NA,NA,NA,650,NA,NA,NA,NA,44880,NA,NA,NA,NA,12000,NA,NA,NA,NA
M17 [Vaccines],17.14',Measles Rubella (MR),2. Stocks Received,129020,NA,NA,NA,NA,6000,NA,NA,NA,NA,15000,NA,NA,NA,NA,10000,NA,NA,NA,NA,0,NA,NA,NA,NA,10000,NA,NA,NA,NA,2000,NA,NA,NA,NA,6000,NA,NA,NA,NA,NA,NA,NA,NA,NA,1170,NA,NA,NA,NA,0,NA,NA,NA,NA,10000,NA,NA,NA,NA,0,NA,NA,NA,NA,3850,NA,NA,NA,NA,0,NA,NA,NA,NA,NA,NA,NA,NA,NA,10000,NA,NA,NA,NA,0,NA,NA,NA,NA,4000,NA,NA,NA,NA,10000,NA,NA,NA,NA,6000,NA,NA,NA,NA,6000,NA,NA,NA,NA,NA,NA,NA,NA,NA,13000,NA,NA,NA,NA,16000,NA,NA,NA,NA,0,NA,NA,NA,NA,0,NA,NA,NA,NA,0,NA,NA,NA,NA
M17 [Vaccines],17.14',Measles Rubella (MR),3. Unusable Stock,0,NA,NA,NA,NA,0,NA,NA,NA,NA,0,NA,NA,NA,NA,NA,NA,NA,NA,NA,0,NA,NA,NA,NA,NA,NA,NA,NA,NA,0,NA,NA,NA,NA,0,NA,NA,NA,NA,NA,NA,NA,NA,NA,0,NA,NA,NA,NA,0,NA,NA,NA,NA,NA,NA,NA,NA,NA,0,NA,NA,NA,NA,0,NA,NA,NA,NA,0,NA,NA,NA,NA,NA,NA,NA,NA,NA,0,NA,NA,NA,NA,0,NA,NA,NA,NA,0,NA,NA,NA,NA,0,NA,NA,NA,NA,0,NA,NA,NA,NA,0,NA,NA,NA,NA,NA,NA,NA,NA,NA,0,NA,NA,NA,NA,0,NA,NA,NA,NA,0,NA,NA,NA,NA,0,NA,NA,NA,NA,0,NA,NA,NA,NA
M17 [Vaccines],17.14',Measles Rubella (MR),4. Stock Distributed,99350,NA,NA,NA,NA,2420,NA,NA,NA,NA,6750,NA,NA,NA,NA,1650,NA,NA,NA,NA,7500,NA,NA,NA,NA,2910,NA,NA,NA,NA,4300,NA,NA,NA,NA,4430,NA,NA,NA,NA,NA,NA,NA,NA,NA,230,NA,NA,NA,NA,1600,NA,NA,NA,NA,6280,NA,NA,NA,NA,500,NA,NA,NA,NA,3260,NA,NA,NA,NA,3700,NA,NA,NA,NA,NA,NA,NA,NA,NA,9000,NA,NA,NA,NA,0,NA,NA,NA,NA,5700,NA,NA,NA,NA,6710,NA,NA,NA,NA,7800,NA,NA,NA,NA,6810,NA,NA,NA,NA,NA,NA,NA,NA,NA,4900,NA,NA,NA,NA,4850,NA,NA,NA,NA,50,NA,NA,NA,NA,0,NA,NA,NA,NA,8000,NA,NA,NA,NA
M17 [Vaccines],17.14',Measles Rubella (MR),5. Total Stock,351282,NA,NA,NA,NA,14320,NA,NA,NA,NA,18020,NA,NA,NA,NA,25900,NA,NA,NA,NA,33500,NA,NA,NA,NA,11980,NA,NA,NA,NA,4740,NA,NA,NA,NA,8720,NA,NA,NA,NA,NA,NA,NA,NA,NA,2066,NA,NA,NA,NA,3610,NA,NA,NA,NA,27380,NA,NA,NA,NA,5010,NA,NA,NA,NA,16830,NA,NA,NA,NA,30216,NA,NA,NA,NA,NA,NA,NA,NA,NA,7000,NA,NA,NA,NA,0,NA,NA,NA,NA,30500,NA,NA,NA,NA,14310,NA,NA,NA,NA,6200,NA,NA,NA,NA,5060,NA,NA,NA,NA,NA,NA,NA,NA,NA,14500,NA,NA,NA,NA,21940,NA,NA,NA,NA,600,NA,NA,NA,NA,44880,NA,NA,NA,NA,4000,NA,NA,NA,NA
M18 [Family Planning],'18.1',IUD 380 A,1. Balance From Previous Month,25929,NA,NA,NA,NA,400,NA,NA,NA,NA,350,NA,NA,NA,NA,4077,NA,NA,NA,NA,1750,NA,NA,NA,NA,985,NA,NA,NA,NA,1370,NA,NA,NA,NA,519,NA,NA,NA,NA,NA,NA,NA,NA,NA,1100,NA,NA,NA,NA,550,NA,NA,NA,NA,NA,NA,NA,NA,NA,1940,NA,NA,NA,NA,0,NA,NA,NA,NA,NA,NA,NA,NA,NA,NA,NA,NA,NA,NA,0,NA,NA,NA,NA,3075,NA,NA,NA,NA,2630,NA,NA,NA,NA,400,NA,NA,NA,NA,80,NA,NA,NA,NA,0,NA,NA,NA,NA,NA,NA,NA,NA,NA,400,NA,NA,NA,NA,1950,NA,NA,NA,NA,2740,NA,NA,NA,NA,1563,NA,NA,NA,NA,50,NA,NA,NA,NA
M18 [Family Planning],18.1',IUD 380 A,2. Stocks Received,1670,NA,NA,NA,NA,0,NA,NA,NA,NA,0,NA,NA,NA,NA,240,NA,NA,NA,NA,0,NA,NA,NA,NA,0,NA,NA,NA,NA,0,NA,NA,NA,NA,0,NA,NA,NA,NA,NA,NA,NA,NA,NA,0,NA,NA,NA,NA,0,NA,NA,NA,NA,NA,NA,NA,NA,NA,0,NA,NA,NA,NA,0,NA,NA,NA,NA,NA,NA,NA,NA,NA,NA,NA,NA,NA,NA,0,NA,NA,NA,NA,0,NA,NA,NA,NA,0,NA,NA,NA,NA,0,NA,NA,NA,NA,0,NA,NA,NA,NA,750,NA,NA,NA,NA,NA,NA,NA,NA,NA,0,NA,NA,NA,NA,0,NA,NA,NA,NA,0,NA,NA,NA,NA,0,NA,NA,NA,NA,680,NA,NA,NA,NA
M18 [Family Planning],18.1',IUD 380 A,3. Unusable Stock,0,NA,NA,NA,NA,0,NA,NA,NA,NA,0,NA,NA,NA,NA,NA,NA,NA,NA,NA,0,NA,NA,NA,NA,NA,NA,NA,NA,NA,0,NA,NA,NA,NA,0,NA,NA,NA,NA,NA,NA,NA,NA,NA,0,NA,NA,NA,NA,0,NA,NA,NA,NA,NA,NA,NA,NA,NA,0,NA,NA,NA,NA,0,NA,NA,NA,NA,NA,NA,NA,NA,NA,NA,NA,NA,NA,NA,0,NA,NA,NA,NA,0,NA,NA,NA,NA,0,NA,NA,NA,NA,0,NA,NA,NA,NA,0,NA,NA,NA,NA,0,NA,NA,NA,NA,NA,NA,NA,NA,NA,0,NA,NA,NA,NA,0,NA,NA,NA,NA,0,NA,NA,NA,NA,0,NA,NA,NA,NA,0,NA,NA,NA,NA
M18 [Family Planning],18.1',IUD 380 A,4. Stock Distributed,4575,NA,NA,NA,NA,0,NA,NA,NA,NA,100,NA,NA,NA,NA,0,NA,NA,NA,NA,50,NA,NA,NA,NA,0,NA,NA,NA,NA,1370,NA,NA,NA,NA,450,NA,NA,NA,NA,NA,NA,NA,NA,NA,550,NA,NA,NA,NA,50,NA,NA,NA,NA,NA,NA,NA,NA,NA,330,NA,NA,NA,NA,0,NA,NA,NA,NA,NA,NA,NA,NA,NA,NA,NA,NA,NA,NA,0,NA,NA,NA,NA,970,NA,NA,NA,NA,0,NA,NA,NA,NA,100,NA,NA,NA,NA,0,NA,NA,NA,NA,0,NA,NA,NA,NA,NA,NA,NA,NA,NA,300,NA,NA,NA,NA,10,NA,NA,NA,NA,30,NA,NA,NA,NA,265,NA,NA,NA,NA,0,NA,NA,NA,NA
M18 [Family Planning],18.1',IUD 380 A,5. Total Stock,23024,NA,NA,NA,NA,400,NA,NA,NA,NA,250,NA,NA,NA,NA,4317,NA,NA,NA,NA,1700,NA,NA,NA,NA,985,NA,NA,NA,NA,0,NA,NA,NA,NA,69,NA,NA,NA,NA,NA,NA,NA,NA,NA,550,NA,NA,NA,NA,500,NA,NA,NA,NA,0,NA,NA,NA,NA,1610,NA,NA,NA,NA,0,NA,NA,NA,NA,0,NA,NA,NA,NA,NA,NA,NA,NA,NA,0,NA,NA,NA,NA,2105,NA,NA,NA,NA,2630,NA,NA,NA,NA,300,NA,NA,NA,NA,80,NA,NA,NA,NA,750,NA,NA,NA,NA,NA,NA,NA,NA,NA,100,NA,NA,NA,NA,1940,NA,NA,NA,NA,2710,NA,NA,NA,NA,1298,NA,NA,NA,NA,730,NA,NA,NA,NA
M18 [Family Planning],'18.2',IUD 375 A,1. Balance From Previous Month,17141,NA,NA,NA,NA,2278,NA,NA,NA,NA,300,NA,NA,NA,NA,1018,NA,NA,NA,NA,839,NA,NA,NA,NA,100,NA,NA,NA,NA,950,NA,NA,NA,NA,6,NA,NA,NA,NA,NA,NA,NA,NA,NA,1000,NA,NA,NA,NA,930,NA,NA,NA,NA,NA,NA,NA,NA,NA,2432,NA,NA,NA,NA,0,NA,NA,NA,NA,NA,NA,NA,NA,NA,NA,NA,NA,NA,NA,0,NA,NA,NA,NA,1180,NA,NA,NA,NA,2370,NA,NA,NA,NA,200,NA,NA,NA,NA,NA,NA,NA,NA,NA,521,NA,NA,NA,NA,NA,NA,NA,NA,NA,700,NA,NA,NA,NA,420,NA,NA,NA,NA,1031,NA,NA,NA,NA,666,NA,NA,NA,NA,200,NA,NA,NA,NA
M18 [Family Planning],18.2',IUD 375 A,2. Stocks Received,1812,NA,NA,NA,NA,0,NA,NA,NA,NA,0,NA,NA,NA,NA,142,NA,NA,NA,NA,0,NA,NA,NA,NA,0,NA,NA,NA,NA,0,NA,NA,NA,NA,0,NA,NA,NA,NA,NA,NA,NA,NA,NA,0,NA,NA,NA,NA,0,NA,NA,NA,NA,NA,NA,NA,NA,NA,0,NA,NA,NA,NA,0,NA,NA,NA,NA,NA,NA,NA,NA,NA,NA,NA,NA,NA,NA,0,NA,NA,NA,NA,0,NA,NA,NA,NA,0,NA,NA,NA,NA,0,NA,NA,NA,NA,NA,NA,NA,NA,NA,0,NA,NA,NA,NA,NA,NA,NA,NA,NA,0,NA,NA,NA,NA,0,NA,NA,NA,NA,0,NA,NA,NA,NA,0,NA,NA,NA,NA,1670,NA,NA,NA,NA
M18 [Family Planning],18.2',IUD 375 A,3. Unusable Stock,0,NA,NA,NA,NA,0,NA,NA,NA,NA,0,NA,NA,NA,NA,NA,NA,NA,NA,NA,0,NA,NA,NA,NA,NA,NA,NA,NA,NA,0,NA,NA,NA,NA,0,NA,NA,NA,NA,NA,NA,NA,NA,NA,0,NA,NA,NA,NA,0,NA,NA,NA,NA,NA,NA,NA,NA,NA,0,NA,NA,NA,NA,0,NA,NA,NA,NA,NA,NA,NA,NA,NA,NA,NA,NA,NA,NA,0,NA,NA,NA,NA,0,NA,NA,NA,NA,0,NA,NA,NA,NA,0,NA,NA,NA,NA,NA,NA,NA,NA,NA,0,NA,NA,NA,NA,NA,NA,NA,NA,NA,0,NA,NA,NA,NA,0,NA,NA,NA,NA,0,NA,NA,NA,NA,0,NA,NA,NA,NA,0,NA,NA,NA,NA
M18 [Family Planning],18.2',IUD 375 A,4. Stock Distributed,3636,NA,NA,NA,NA,0,NA,NA,NA,NA,100,NA,NA,NA,NA,0,NA,NA,NA,NA,50,NA,NA,NA,NA,0,NA,NA,NA,NA,950,NA,NA,NA,NA,0,NA,NA,NA,NA,NA,NA,NA,NA,NA,450,NA,NA,NA,NA,150,NA,NA,NA,NA,NA,NA,NA,NA,NA,270,NA,NA,NA,NA,0,NA,NA,NA,NA,NA,NA,NA,NA,NA,NA,NA,NA,NA,NA,0,NA,NA,NA,NA,660,NA,NA,NA,NA,0,NA,NA,NA,NA,100,NA,NA,NA,NA,NA,NA,NA,NA,NA,0,NA,NA,NA,NA,NA,NA,NA,NA,NA,200,NA,NA,NA,NA,10,NA,NA,NA,NA,30,NA,NA,NA,NA,666,NA,NA,NA,NA,0,NA,NA,NA,NA
M18 [Family Planning],18.2',IUD 375 A,5. Total Stock,15317,NA,NA,NA,NA,2278,NA,NA,NA,NA,200,NA,NA,NA,NA,1160,NA,NA,NA,NA,789,NA,NA,NA,NA,100,NA,NA,NA,NA,0,NA,NA,NA,NA,6,NA,NA,NA,NA,NA,NA,NA,NA,NA,550,NA,NA,NA,NA,780,NA,NA,NA,NA,0,NA,NA,NA,NA,2162,NA,NA,NA,NA,0,NA,NA,NA,NA,0,NA,NA,NA,NA,NA,NA,NA,NA,NA,0,NA,NA,NA,NA,520,NA,NA,NA,NA,2370,NA,NA,NA,NA,100,NA,NA,NA,NA,0,NA,NA,NA,NA,521,NA,NA,NA,NA,NA,NA,NA,NA,NA,500,NA,NA,NA,NA,410,NA,NA,NA,NA,1001,NA,NA,NA,NA,0,NA,NA,NA,NA,1870,NA,NA,NA,NA
M18 [Family Planning],'18.3',Condoms,1. Balance From Previous Month,2398154,NA,NA,NA,NA,1500,NA,NA,NA,NA,189540,NA,NA,NA,NA,93313,NA,NA,NA,NA,61074,NA,NA,NA,NA,125,NA,NA,NA,NA,194530,NA,NA,NA,NA,101571,NA,NA,NA,NA,NA,NA,NA,NA,NA,107470,NA,NA,NA,NA,107160,NA,NA,NA,NA,NA,NA,NA,NA,NA,396728,NA,NA,NA,NA,0,NA,NA,NA,NA,NA,NA,NA,NA,NA,NA,NA,NA,NA,NA,0,NA,NA,NA,NA,296067,NA,NA,NA,NA,236490,NA,NA,NA,NA,50800,NA,NA,NA,NA,67630,NA,NA,NA,NA,45000,NA,NA,NA,NA,NA,NA,NA,NA,NA,16800,NA,NA,NA,NA,133696,NA,NA,NA,NA,236203,NA,NA,NA,NA,62457,NA,NA,NA,NA,0,NA,NA,NA,NA
M18 [Family Planning],18.3',Condoms,2. Stocks Received,36247,NA,NA,NA,NA,0,NA,NA,NA,NA,0,NA,NA,NA,NA,15447,NA,NA,NA,NA,0,NA,NA,NA,NA,500,NA,NA,NA,NA,0,NA,NA,NA,NA,0,NA,NA,NA,NA,NA,NA,NA,NA,NA,0,NA,NA,NA,NA,0,NA,NA,NA,NA,NA,NA,NA,NA,NA,0,NA,NA,NA,NA,0,NA,NA,NA,NA,NA,NA,NA,NA,NA,NA,NA,NA,NA,NA,0,NA,NA,NA,NA,0,NA,NA,NA,NA,0,NA,NA,NA,NA,0,NA,NA,NA,NA,0,NA,NA,NA,NA,0,NA,NA,NA,NA,NA,NA,NA,NA,NA,0,NA,NA,NA,NA,0,NA,NA,NA,NA,0,NA,NA,NA,NA,0,NA,NA,NA,NA,20300,NA,NA,NA,NA
M18 [Family Planning],18.3',Condoms,3. Unusable Stock,0,NA,NA,NA,NA,0,NA,NA,NA,NA,0,NA,NA,NA,NA,NA,NA,NA,NA,NA,0,NA,NA,NA,NA,NA,NA,NA,NA,NA,0,NA,NA,NA,NA,0,NA,NA,NA,NA,NA,NA,NA,NA,NA,0,NA,NA,NA,NA,0,NA,NA,NA,NA,NA,NA,NA,NA,NA,0,NA,NA,NA,NA,0,NA,NA,NA,NA,NA,NA,NA,NA,NA,NA,NA,NA,NA,NA,0,NA,NA,NA,NA,0,NA,NA,NA,NA,0,NA,NA,NA,NA,0,NA,NA,NA,NA,0,NA,NA,NA,NA,0,NA,NA,NA,NA,NA,NA,NA,NA,NA,0,NA,NA,NA,NA,0,NA,NA,NA,NA,0,NA,NA,NA,NA,0,NA,NA,NA,NA,0,NA,NA,NA,NA
M18 [Family Planning],18.3',Condoms,4. Stock Distributed,258790,NA,NA,NA,NA,0,NA,NA,NA,NA,480,NA,NA,NA,NA,1200,NA,NA,NA,NA,0,NA,NA,NA,NA,500,NA,NA,NA,NA,107640,NA,NA,NA,NA,18560,NA,NA,NA,NA,NA,NA,NA,NA,NA,10770,NA,NA,NA,NA,12000,NA,NA,NA,NA,NA,NA,NA,NA,NA,5000,NA,NA,NA,NA,0,NA,NA,NA,NA,NA,NA,NA,NA,NA,NA,NA,NA,NA,NA,0,NA,NA,NA,NA,22980,NA,NA,NA,NA,0,NA,NA,NA,NA,25000,NA,NA,NA,NA,0,NA,NA,NA,NA,0,NA,NA,NA,NA,NA,NA,NA,NA,NA,0,NA,NA,NA,NA,24700,NA,NA,NA,NA,4000,NA,NA,NA,NA,25960,NA,NA,NA,NA,0,NA,NA,NA,NA
M18 [Family Planning],18.3',Condoms,5. Total Stock,2175611,NA,NA,NA,NA,1500,NA,NA,NA,NA,189060,NA,NA,NA,NA,107560,NA,NA,NA,NA,61074,NA,NA,NA,NA,125,NA,NA,NA,NA,86890,NA,NA,NA,NA,83011,NA,NA,NA,NA,NA,NA,NA,NA,NA,96700,NA,NA,NA,NA,95160,NA,NA,NA,NA,0,NA,NA,NA,NA,391728,NA,NA,NA,NA,0,NA,NA,NA,NA,0,NA,NA,NA,NA,NA,NA,NA,NA,NA,0,NA,NA,NA,NA,273087,NA,NA,NA,NA,236490,NA,NA,NA,NA,25800,NA,NA,NA,NA,67630,NA,NA,NA,NA,45000,NA,NA,NA,NA,NA,NA,NA,NA,NA,16800,NA,NA,NA,NA,108996,NA,NA,NA,NA,232203,NA,NA,NA,NA,36497,NA,NA,NA,NA,20300,NA,NA,NA,NA
M18 [Family Planning],'18.4',Oral Contraceptive,1. Balance From Previous Month,1218434,NA,NA,NA,NA,2500,NA,NA,NA,NA,63935,NA,NA,NA,NA,97675,NA,NA,NA,NA,106220,NA,NA,NA,NA,130024,NA,NA,NA,NA,78500,NA,NA,NA,NA,65587,NA,NA,NA,NA,NA,NA,NA,NA,NA,130600,NA,NA,NA,NA,5400,NA,NA,NA,NA,NA,NA,NA,NA,NA,76991,NA,NA,NA,NA,0,NA,NA,NA,NA,NA,NA,NA,NA,NA,NA,NA,NA,NA,NA,0,NA,NA,NA,NA,121840,NA,NA,NA,NA,49760,NA,NA,NA,NA,18380,NA,NA,NA,NA,27950,NA,NA,NA,NA,10000,NA,NA,NA,NA,NA,NA,NA,NA,NA,39721,NA,NA,NA,NA,108480,NA,NA,NA,NA,31760,NA,NA,NA,NA,53041,NA,NA,NA,NA,70,NA,NA,NA,NA
M18 [Family Planning],18.4',Oral Contraceptive,2. Stocks Received,47455,NA,NA,NA,NA,0,NA,NA,NA,NA,0,NA,NA,NA,NA,1450,NA,NA,NA,NA,0,NA,NA,NA,NA,300,NA,NA,NA,NA,0,NA,NA,NA,NA,0,NA,NA,NA,NA,NA,NA,NA,NA,NA,0,NA,NA,NA,NA,0,NA,NA,NA,NA,NA,NA,NA,NA,NA,0,NA,NA,NA,NA,0,NA,NA,NA,NA,NA,NA,NA,NA,NA,NA,NA,NA,NA,NA,0,NA,NA,NA,NA,0,NA,NA,NA,NA,0,NA,NA,NA,NA,0,NA,NA,NA,NA,0,NA,NA,NA,NA,0,NA,NA,NA,NA,NA,NA,NA,NA,NA,0,NA,NA,NA,NA,0,NA,NA,NA,NA,0,NA,NA,NA,NA,0,NA,NA,NA,NA,45705,NA,NA,NA,NA
M18 [Family Planning],18.4',Oral Contraceptive,3. Unusable Stock,0,NA,NA,NA,NA,0,NA,NA,NA,NA,0,NA,NA,NA,NA,NA,NA,NA,NA,NA,0,NA,NA,NA,NA,NA,NA,NA,NA,NA,0,NA,NA,NA,NA,0,NA,NA,NA,NA,NA,NA,NA,NA,NA,0,NA,NA,NA,NA,0,NA,NA,NA,NA,NA,NA,NA,NA,NA,0,NA,NA,NA,NA,0,NA,NA,NA,NA,NA,NA,NA,NA,NA,NA,NA,NA,NA,NA,0,NA,NA,NA,NA,0,NA,NA,NA,NA,0,NA,NA,NA,NA,0,NA,NA,NA,NA,0,NA,NA,NA,NA,0,NA,NA,NA,NA,NA,NA,NA,NA,NA,0,NA,NA,NA,NA,0,NA,NA,NA,NA,0,NA,NA,NA,NA,0,NA,NA,NA,NA,0,NA,NA,NA,NA
M18 [Family Planning],18.4',Oral Contraceptive,4. Stock Distributed,170612,NA,NA,NA,NA,0,NA,NA,NA,NA,500,NA,NA,NA,NA,0,NA,NA,NA,NA,2000,NA,NA,NA,NA,300,NA,NA,NA,NA,57400,NA,NA,NA,NA,11400,NA,NA,NA,NA,NA,NA,NA,NA,NA,4800,NA,NA,NA,NA,800,NA,NA,NA,NA,NA,NA,NA,NA,NA,1500,NA,NA,NA,NA,0,NA,NA,NA,NA,NA,NA,NA,NA,NA,NA,NA,NA,NA,NA,0,NA,NA,NA,NA,36630,NA,NA,NA,NA,0,NA,NA,NA,NA,3380,NA,NA,NA,NA,0,NA,NA,NA,NA,0,NA,NA,NA,NA,NA,NA,NA,NA,NA,20000,NA,NA,NA,NA,6800,NA,NA,NA,NA,100,NA,NA,NA,NA,25002,NA,NA,NA,NA,0,NA,NA,NA,NA
M18 [Family Planning],18.4',Oral Contraceptive,5. Total Stock,1095277,NA,NA,NA,NA,2500,NA,NA,NA,NA,63435,NA,NA,NA,NA,99125,NA,NA,NA,NA,104220,NA,NA,NA,NA,130024,NA,NA,NA,NA,21100,NA,NA,NA,NA,54187,NA,NA,NA,NA,NA,NA,NA,NA,NA,125800,NA,NA,NA,NA,4600,NA,NA,NA,NA,0,NA,NA,NA,NA,75491,NA,NA,NA,NA,0,NA,NA,NA,NA,0,NA,NA,NA,NA,NA,NA,NA,NA,NA,0,NA,NA,NA,NA,85210,NA,NA,NA,NA,49760,NA,NA,NA,NA,15000,NA,NA,NA,NA,27950,NA,NA,NA,NA,10000,NA,NA,NA,NA,NA,NA,NA,NA,NA,19721,NA,NA,NA,NA,101680,NA,NA,NA,NA,31660,NA,NA,NA,NA,28039,NA,NA,NA,NA,45775,NA,NA,NA,NA
M18 [Family Planning],'18.5',Emergency Contraceptive Pills,1. Balance From Previous Month,144474,NA,NA,NA,NA,500,NA,NA,NA,NA,6150,NA,NA,NA,NA,8000,NA,NA,NA,NA,8000,NA,NA,NA,NA,4100,NA,NA,NA,NA,12240,NA,NA,NA,NA,737,NA,NA,NA,NA,NA,NA,NA,NA,NA,5000,NA,NA,NA,NA,900,NA,NA,NA,NA,NA,NA,NA,NA,NA,4930,NA,NA,NA,NA,0,NA,NA,NA,NA,NA,NA,NA,NA,NA,NA,NA,NA,NA,NA,0,NA,NA,NA,NA,9902,NA,NA,NA,NA,50450,NA,NA,NA,NA,569,NA,NA,NA,NA,3960,NA,NA,NA,NA,3000,NA,NA,NA,NA,NA,NA,NA,NA,NA,6776,NA,NA,NA,NA,1790,NA,NA,NA,NA,2700,NA,NA,NA,NA,14550,NA,NA,NA,NA,220,NA,NA,NA,NA
M18 [Family Planning],18.5',Emergency Contraceptive Pills,2. Stocks Received,5350,NA,NA,NA,NA,0,NA,NA,NA,NA,0,NA,NA,NA,NA,3000,NA,NA,NA,NA,0,NA,NA,NA,NA,50,NA,NA,NA,NA,0,NA,NA,NA,NA,0,NA,NA,NA,NA,NA,NA,NA,NA,NA,0,NA,NA,NA,NA,0,NA,NA,NA,NA,NA,NA,NA,NA,NA,0,NA,NA,NA,NA,0,NA,NA,NA,NA,NA,NA,NA,NA,NA,NA,NA,NA,NA,NA,0,NA,NA,NA,NA,0,NA,NA,NA,NA,0,NA,NA,NA,NA,0,NA,NA,NA,NA,0,NA,NA,NA,NA,0,NA,NA,NA,NA,NA,NA,NA,NA,NA,0,NA,NA,NA,NA,0,NA,NA,NA,NA,0,NA,NA,NA,NA,0,NA,NA,NA,NA,2300,NA,NA,NA,NA
M18 [Family Planning],18.5',Emergency Contraceptive Pills,3. Unusable Stock,0,NA,NA,NA,NA,0,NA,NA,NA,NA,0,NA,NA,NA,NA,NA,NA,NA,NA,NA,0,NA,NA,NA,NA,NA,NA,NA,NA,NA,0,NA,NA,NA,NA,0,NA,NA,NA,NA,NA,NA,NA,NA,NA,0,NA,NA,NA,NA,0,NA,NA,NA,NA,NA,NA,NA,NA,NA,0,NA,NA,NA,NA,0,NA,NA,NA,NA,NA,NA,NA,NA,NA,NA,NA,NA,NA,NA,0,NA,NA,NA,NA,0,NA,NA,NA,NA,0,NA,NA,NA,NA,0,NA,NA,NA,NA,0,NA,NA,NA,NA,0,NA,NA,NA,NA,NA,NA,NA,NA,NA,0,NA,NA,NA,NA,0,NA,NA,NA,NA,0,NA,NA,NA,NA,0,NA,NA,NA,NA,0,NA,NA,NA,NA
M18 [Family Planning],18.5',Emergency Contraceptive Pills,4. Stock Distributed,28824,NA,NA,NA,NA,0,NA,NA,NA,NA,0,NA,NA,NA,NA,0,NA,NA,NA,NA,600,NA,NA,NA,NA,50,NA,NA,NA,NA,9600,NA,NA,NA,NA,50,NA,NA,NA,NA,NA,NA,NA,NA,NA,550,NA,NA,NA,NA,0,NA,NA,NA,NA,NA,NA,NA,NA,NA,0,NA,NA,NA,NA,0,NA,NA,NA,NA,NA,NA,NA,NA,NA,NA,NA,NA,NA,NA,0,NA,NA,NA,NA,5100,NA,NA,NA,NA,0,NA,NA,NA,NA,169,NA,NA,NA,NA,0,NA,NA,NA,NA,0,NA,NA,NA,NA,NA,NA,NA,NA,NA,5000,NA,NA,NA,NA,700,NA,NA,NA,NA,50,NA,NA,NA,NA,4655,NA,NA,NA,NA,2300,NA,NA,NA,NA
M18 [Family Planning],18.5',Emergency Contraceptive Pills,5. Total Stock,121000,NA,NA,NA,NA,500,NA,NA,NA,NA,6150,NA,NA,NA,NA,11000,NA,NA,NA,NA,7400,NA,NA,NA,NA,4100,NA,NA,NA,NA,2640,NA,NA,NA,NA,687,NA,NA,NA,NA,NA,NA,NA,NA,NA,4450,NA,NA,NA,NA,900,NA,NA,NA,NA,0,NA,NA,NA,NA,4930,NA,NA,NA,NA,0,NA,NA,NA,NA,0,NA,NA,NA,NA,NA,NA,NA,NA,NA,0,NA,NA,NA,NA,4802,NA,NA,NA,NA,50450,NA,NA,NA,NA,400,NA,NA,NA,NA,3960,NA,NA,NA,NA,3000,NA,NA,NA,NA,NA,NA,NA,NA,NA,1776,NA,NA,NA,NA,1090,NA,NA,NA,NA,2650,NA,NA,NA,NA,9895,NA,NA,NA,NA,220,NA,NA,NA,NA
M18 [Family Planning],'18.6',Centchroman weekly pills,1. Balance From Previous Month,104433,NA,NA,NA,NA,0,NA,NA,NA,NA,8850,NA,NA,NA,NA,0,NA,NA,NA,NA,600,NA,NA,NA,NA,7192,NA,NA,NA,NA,5900,NA,NA,NA,NA,4289,NA,NA,NA,NA,NA,NA,NA,NA,NA,12200,NA,NA,NA,NA,3000,NA,NA,NA,NA,NA,NA,NA,NA,NA,12380,NA,NA,NA,NA,0,NA,NA,NA,NA,NA,NA,NA,NA,NA,NA,NA,NA,NA,NA,0,NA,NA,NA,NA,11470,NA,NA,NA,NA,13880,NA,NA,NA,NA,900,NA,NA,NA,NA,1400,NA,NA,NA,NA,600,NA,NA,NA,NA,NA,NA,NA,NA,NA,1600,NA,NA,NA,NA,11590,NA,NA,NA,NA,200,NA,NA,NA,NA,8325,NA,NA,NA,NA,57,NA,NA,NA,NA
M18 [Family Planning],18.6',Centchroman weekly pills,2. Stocks Received,10260,NA,NA,NA,NA,0,NA,NA,NA,NA,0,NA,NA,NA,NA,0,NA,NA,NA,NA,0,NA,NA,NA,NA,0,NA,NA,NA,NA,0,NA,NA,NA,NA,0,NA,NA,NA,NA,NA,NA,NA,NA,NA,0,NA,NA,NA,NA,0,NA,NA,NA,NA,NA,NA,NA,NA,NA,0,NA,NA,NA,NA,0,NA,NA,NA,NA,NA,NA,NA,NA,NA,NA,NA,NA,NA,NA,0,NA,NA,NA,NA,0,NA,NA,NA,NA,0,NA,NA,NA,NA,0,NA,NA,NA,NA,0,NA,NA,NA,NA,0,NA,NA,NA,NA,NA,NA,NA,NA,NA,0,NA,NA,NA,NA,0,NA,NA,NA,NA,0,NA,NA,NA,NA,0,NA,NA,NA,NA,10260,NA,NA,NA,NA
M18 [Family Planning],18.6',Centchroman weekly pills,3. Unusable Stock,0,NA,NA,NA,NA,0,NA,NA,NA,NA,0,NA,NA,NA,NA,NA,NA,NA,NA,NA,0,NA,NA,NA,NA,NA,NA,NA,NA,NA,0,NA,NA,NA,NA,0,NA,NA,NA,NA,NA,NA,NA,NA,NA,0,NA,NA,NA,NA,0,NA,NA,NA,NA,NA,NA,NA,NA,NA,0,NA,NA,NA,NA,0,NA,NA,NA,NA,NA,NA,NA,NA,NA,NA,NA,NA,NA,NA,0,NA,NA,NA,NA,0,NA,NA,NA,NA,0,NA,NA,NA,NA,0,NA,NA,NA,NA,0,NA,NA,NA,NA,0,NA,NA,NA,NA,NA,NA,NA,NA,NA,0,NA,NA,NA,NA,0,NA,NA,NA,NA,0,NA,NA,NA,NA,0,NA,NA,NA,NA,0,NA,NA,NA,NA
M18 [Family Planning],18.6',Centchroman weekly pills,4. Stock Distributed,24008,NA,NA,NA,NA,0,NA,NA,NA,NA,100,NA,NA,NA,NA,0,NA,NA,NA,NA,0,NA,NA,NA,NA,0,NA,NA,NA,NA,5900,NA,NA,NA,NA,0,NA,NA,NA,NA,NA,NA,NA,NA,NA,1800,NA,NA,NA,NA,0,NA,NA,NA,NA,NA,NA,NA,NA,NA,3048,NA,NA,NA,NA,0,NA,NA,NA,NA,NA,NA,NA,NA,NA,NA,NA,NA,NA,NA,0,NA,NA,NA,NA,5650,NA,NA,NA,NA,0,NA,NA,NA,NA,200,NA,NA,NA,NA,0,NA,NA,NA,NA,0,NA,NA,NA,NA,NA,NA,NA,NA,NA,600,NA,NA,NA,NA,500,NA,NA,NA,NA,200,NA,NA,NA,NA,6010,NA,NA,NA,NA,0,NA,NA,NA,NA
M18 [Family Planning],18.6',Centchroman weekly pills,5. Total Stock,90685,NA,NA,NA,NA,0,NA,NA,NA,NA,8750,NA,NA,NA,NA,0,NA,NA,NA,NA,600,NA,NA,NA,NA,7192,NA,NA,NA,NA,0,NA,NA,NA,NA,4289,NA,NA,NA,NA,NA,NA,NA,NA,NA,10400,NA,NA,NA,NA,3000,NA,NA,NA,NA,NA,NA,NA,NA,NA,9332,NA,NA,NA,NA,0,NA,NA,NA,NA,NA,NA,NA,NA,NA,NA,NA,NA,NA,NA,0,NA,NA,NA,NA,5820,NA,NA,NA,NA,13880,NA,NA,NA,NA,700,NA,NA,NA,NA,1400,NA,NA,NA,NA,600,NA,NA,NA,NA,NA,NA,NA,NA,NA,1000,NA,NA,NA,NA,11090,NA,NA,NA,NA,0,NA,NA,NA,NA,2315,NA,NA,NA,NA,10317,NA,NA,NA,NA
M18 [Family Planning],'18.7',Injectable Contraceptive MPA (Vials),1. Balance From Previous Month,16526,NA,NA,NA,NA,280,NA,NA,NA,NA,1576,NA,NA,NA,NA,240,NA,NA,NA,NA,0,NA,NA,NA,NA,240,NA,NA,NA,NA,1116,NA,NA,NA,NA,5,NA,NA,NA,NA,NA,NA,NA,NA,NA,0,NA,NA,NA,NA,0,NA,NA,NA,NA,NA,NA,NA,NA,NA,2882,NA,NA,NA,NA,0,NA,NA,NA,NA,NA,NA,NA,NA,NA,NA,NA,NA,NA,NA,0,NA,NA,NA,NA,800,NA,NA,NA,NA,4800,NA,NA,NA,NA,430,NA,NA,NA,NA,540,NA,NA,NA,NA,1640,NA,NA,NA,NA,NA,NA,NA,NA,NA,380,NA,NA,NA,NA,682,NA,NA,NA,NA,264,NA,NA,NA,NA,460,NA,NA,NA,NA,191,NA,NA,NA,NA
M18 [Family Planning],18.7',Injectable Contraceptive MPA (Vials),2. Stocks Received,720,NA,NA,NA,NA,0,NA,NA,NA,NA,0,NA,NA,NA,NA,240,NA,NA,NA,NA,0,NA,NA,NA,NA,0,NA,NA,NA,NA,0,NA,NA,NA,NA,0,NA,NA,NA,NA,NA,NA,NA,NA,NA,0,NA,NA,NA,NA,0,NA,NA,NA,NA,NA,NA,NA,NA,NA,0,NA,NA,NA,NA,0,NA,NA,NA,NA,NA,NA,NA,NA,NA,NA,NA,NA,NA,NA,0,NA,NA,NA,NA,0,NA,NA,NA,NA,0,NA,NA,NA,NA,0,NA,NA,NA,NA,0,NA,NA,NA,NA,0,NA,NA,NA,NA,NA,NA,NA,NA,NA,0,NA,NA,NA,NA,0,NA,NA,NA,NA,0,NA,NA,NA,NA,0,NA,NA,NA,NA,480,NA,NA,NA,NA
M18 [Family Planning],18.7',Injectable Contraceptive MPA (Vials),3. Unusable Stock,0,NA,NA,NA,NA,0,NA,NA,NA,NA,0,NA,NA,NA,NA,NA,NA,NA,NA,NA,0,NA,NA,NA,NA,NA,NA,NA,NA,NA,0,NA,NA,NA,NA,0,NA,NA,NA,NA,NA,NA,NA,NA,NA,0,NA,NA,NA,NA,0,NA,NA,NA,NA,NA,NA,NA,NA,NA,0,NA,NA,NA,NA,0,NA,NA,NA,NA,NA,NA,NA,NA,NA,NA,NA,NA,NA,NA,0,NA,NA,NA,NA,0,NA,NA,NA,NA,0,NA,NA,NA,NA,0,NA,NA,NA,NA,0,NA,NA,NA,NA,0,NA,NA,NA,NA,NA,NA,NA,NA,NA,0,NA,NA,NA,NA,0,NA,NA,NA,NA,0,NA,NA,NA,NA,0,NA,NA,NA,NA,0,NA,NA,NA,NA
M18 [Family Planning],18.7',Injectable Contraceptive MPA (Vials),4. Stock Distributed,3051,NA,NA,NA,NA,0,NA,NA,NA,NA,104,NA,NA,NA,NA,60,NA,NA,NA,NA,0,NA,NA,NA,NA,0,NA,NA,NA,NA,1116,NA,NA,NA,NA,0,NA,NA,NA,NA,NA,NA,NA,NA,NA,0,NA,NA,NA,NA,0,NA,NA,NA,NA,NA,NA,NA,NA,NA,70,NA,NA,NA,NA,0,NA,NA,NA,NA,NA,NA,NA,NA,NA,NA,NA,NA,NA,NA,0,NA,NA,NA,NA,800,NA,NA,NA,NA,0,NA,NA,NA,NA,130,NA,NA,NA,NA,0,NA,NA,NA,NA,0,NA,NA,NA,NA,NA,NA,NA,NA,NA,180,NA,NA,NA,NA,56,NA,NA,NA,NA,10,NA,NA,NA,NA,45,NA,NA,NA,NA,480,NA,NA,NA,NA
M18 [Family Planning],18.7',Injectable Contraceptive MPA (Vials),5. Total Stock,14195,NA,NA,NA,NA,280,NA,NA,NA,NA,1472,NA,NA,NA,NA,420,NA,NA,NA,NA,0,NA,NA,NA,NA,240,NA,NA,NA,NA,0,NA,NA,NA,NA,5,NA,NA,NA,NA,NA,NA,NA,NA,NA,NA,NA,NA,NA,NA,0,NA,NA,NA,NA,NA,NA,NA,NA,NA,2812,NA,NA,NA,NA,0,NA,NA,NA,NA,NA,NA,NA,NA,NA,NA,NA,NA,NA,NA,0,NA,NA,NA,NA,0,NA,NA,NA,NA,4800,NA,NA,NA,NA,300,NA,NA,NA,NA,540,NA,NA,NA,NA,1640,NA,NA,NA,NA,NA,NA,NA,NA,NA,200,NA,NA,NA,NA,626,NA,NA,NA,NA,254,NA,NA,NA,NA,415,NA,NA,NA,NA,191,NA,NA,NA,NA
M18 [Family Planning],'18.8',Tubal rings,1. Balance From Previous Month,26077,NA,NA,NA,NA,800,NA,NA,NA,NA,900,NA,NA,NA,NA,3600,NA,NA,NA,NA,1450,NA,NA,NA,NA,600,NA,NA,NA,NA,775,NA,NA,NA,NA,1012,NA,NA,NA,NA,NA,NA,NA,NA,NA,800,NA,NA,NA,NA,0,NA,NA,NA,NA,NA,NA,NA,NA,NA,3700,NA,NA,NA,NA,0,NA,NA,NA,NA,NA,NA,NA,NA,NA,NA,NA,NA,NA,NA,0,NA,NA,NA,NA,1090,NA,NA,NA,NA,300,NA,NA,NA,NA,1300,NA,NA,NA,NA,800,NA,NA,NA,NA,4000,NA,NA,NA,NA,NA,NA,NA,NA,NA,500,NA,NA,NA,NA,1820,NA,NA,NA,NA,880,NA,NA,NA,NA,1600,NA,NA,NA,NA,150,NA,NA,NA,NA
M18 [Family Planning],18.8',Tubal rings,2. Stocks Received,1280,NA,NA,NA,NA,0,NA,NA,NA,NA,0,NA,NA,NA,NA,0,NA,NA,NA,NA,0,NA,NA,NA,NA,0,NA,NA,NA,NA,0,NA,NA,NA,NA,0,NA,NA,NA,NA,NA,NA,NA,NA,NA,0,NA,NA,NA,NA,0,NA,NA,NA,NA,NA,NA,NA,NA,NA,0,NA,NA,NA,NA,0,NA,NA,NA,NA,NA,NA,NA,NA,NA,NA,NA,NA,NA,NA,0,NA,NA,NA,NA,0,NA,NA,NA,NA,0,NA,NA,NA,NA,0,NA,NA,NA,NA,0,NA,NA,NA,NA,0,NA,NA,NA,NA,NA,NA,NA,NA,NA,0,NA,NA,NA,NA,0,NA,NA,NA,NA,0,NA,NA,NA,NA,0,NA,NA,NA,NA,1280,NA,NA,NA,NA
M18 [Family Planning],18.8',Tubal rings,3. Unusable Stock,0,NA,NA,NA,NA,0,NA,NA,NA,NA,0,NA,NA,NA,NA,NA,NA,NA,NA,NA,0,NA,NA,NA,NA,NA,NA,NA,NA,NA,0,NA,NA,NA,NA,0,NA,NA,NA,NA,NA,NA,NA,NA,NA,0,NA,NA,NA,NA,0,NA,NA,NA,NA,NA,NA,NA,NA,NA,0,NA,NA,NA,NA,0,NA,NA,NA,NA,NA,NA,NA,NA,NA,NA,NA,NA,NA,NA,0,NA,NA,NA,NA,0,NA,NA,NA,NA,0,NA,NA,NA,NA,0,NA,NA,NA,NA,0,NA,NA,NA,NA,0,NA,NA,NA,NA,NA,NA,NA,NA,NA,0,NA,NA,NA,NA,0,NA,NA,NA,NA,0,NA,NA,NA,NA,0,NA,NA,NA,NA,0,NA,NA,NA,NA
M18 [Family Planning],18.8',Tubal rings,4. Stock Distributed,1826,NA,NA,NA,NA,0,NA,NA,NA,NA,0,NA,NA,NA,NA,0,NA,NA,NA,NA,50,NA,NA,NA,NA,0,NA,NA,NA,NA,500,NA,NA,NA,NA,0,NA,NA,NA,NA,NA,NA,NA,NA,NA,100,NA,NA,NA,NA,0,NA,NA,NA,NA,NA,NA,NA,NA,NA,0,NA,NA,NA,NA,0,NA,NA,NA,NA,NA,NA,NA,NA,NA,NA,NA,NA,NA,NA,0,NA,NA,NA,NA,600,NA,NA,NA,NA,0,NA,NA,NA,NA,30,NA,NA,NA,NA,0,NA,NA,NA,NA,0,NA,NA,NA,NA,NA,NA,NA,NA,NA,96,NA,NA,NA,NA,0,NA,NA,NA,NA,0,NA,NA,NA,NA,450,NA,NA,NA,NA,0,NA,NA,NA,NA
M18 [Family Planning],18.8',Tubal rings,5. Total Stock,38401,NA,NA,NA,NA,800,NA,NA,NA,NA,900,NA,NA,NA,NA,3600,NA,NA,NA,NA,1400,NA,NA,NA,NA,600,NA,NA,NA,NA,275,NA,NA,NA,NA,1012,NA,NA,NA,NA,NA,NA,NA,NA,NA,700,NA,NA,NA,NA,0,NA,NA,NA,NA,NA,NA,NA,NA,NA,3700,NA,NA,NA,NA,0,NA,NA,NA,NA,NA,NA,NA,NA,NA,NA,NA,NA,NA,NA,0,NA,NA,NA,NA,490,NA,NA,NA,NA,300,NA,NA,NA,NA,1270,NA,NA,NA,NA,800,NA,NA,NA,NA,4000,NA,NA,NA,NA,NA,NA,NA,NA,NA,404,NA,NA,NA,NA,1820,NA,NA,NA,NA,880,NA,NA,NA,NA,1150,NA,NA,NA,NA,14300,NA,NA,NA,NA
M18 [Family Planning],'18.9',Pregnancy testing Kits (Nischay Kits),1. Balance From Previous Month,213845,NA,NA,NA,NA,10000,NA,NA,NA,NA,11580,NA,NA,NA,NA,8090,NA,NA,NA,NA,6500,NA,NA,NA,NA,9525,NA,NA,NA,NA,8110,NA,NA,NA,NA,2150,NA,NA,NA,NA,NA,NA,NA,NA,NA,5525,NA,NA,NA,NA,7100,NA,NA,NA,NA,NA,NA,NA,NA,NA,41350,NA,NA,NA,NA,0,NA,NA,NA,NA,NA,NA,NA,NA,NA,NA,NA,NA,NA,NA,0,NA,NA,NA,NA,19930,NA,NA,NA,NA,25920,NA,NA,NA,NA,3500,NA,NA,NA,NA,6850,NA,NA,NA,NA,11000,NA,NA,NA,NA,NA,NA,NA,NA,NA,4482,NA,NA,NA,NA,4582,NA,NA,NA,NA,16226,NA,NA,NA,NA,11134,NA,NA,NA,NA,291,NA,NA,NA,NA
M18 [Family Planning],18.9',Pregnancy testing Kits (Nischay Kits),2. Stocks Received,2510,NA,NA,NA,NA,0,NA,NA,NA,NA,0,NA,NA,NA,NA,280,NA,NA,NA,NA,0,NA,NA,NA,NA,80,NA,NA,NA,NA,0,NA,NA,NA,NA,0,NA,NA,NA,NA,NA,NA,NA,NA,NA,0,NA,NA,NA,NA,0,NA,NA,NA,NA,NA,NA,NA,NA,NA,0,NA,NA,NA,NA,0,NA,NA,NA,NA,NA,NA,NA,NA,NA,NA,NA,NA,NA,NA,0,NA,NA,NA,NA,0,NA,NA,NA,NA,0,NA,NA,NA,NA,0,NA,NA,NA,NA,0,NA,NA,NA,NA,0,NA,NA,NA,NA,NA,NA,NA,NA,NA,0,NA,NA,NA,NA,0,NA,NA,NA,NA,0,NA,NA,NA,NA,0,NA,NA,NA,NA,2150,NA,NA,NA,NA
M18 [Family Planning],18.9',Pregnancy testing Kits (Nischay Kits),3. Unusable Stock,0,NA,NA,NA,NA,0,NA,NA,NA,NA,0,NA,NA,NA,NA,NA,NA,NA,NA,NA,0,NA,NA,NA,NA,NA,NA,NA,NA,NA,0,NA,NA,NA,NA,0,NA,NA,NA,NA,NA,NA,NA,NA,NA,0,NA,NA,NA,NA,0,NA,NA,NA,NA,NA,NA,NA,NA,NA,0,NA,NA,NA,NA,0,NA,NA,NA,NA,NA,NA,NA,NA,NA,NA,NA,NA,NA,NA,0,NA,NA,NA,NA,0,NA,NA,NA,NA,0,NA,NA,NA,NA,0,NA,NA,NA,NA,0,NA,NA,NA,NA,0,NA,NA,NA,NA,NA,NA,NA,NA,NA,0,NA,NA,NA,NA,0,NA,NA,NA,NA,0,NA,NA,NA,NA,0,NA,NA,NA,NA,0,NA,NA,NA,NA
M18 [Family Planning],18.9',Pregnancy testing Kits (Nischay Kits),4. Stock Distributed,27907,NA,NA,NA,NA,0,NA,NA,NA,NA,200,NA,NA,NA,NA,100,NA,NA,NA,NA,100,NA,NA,NA,NA,80,NA,NA,NA,NA,8000,NA,NA,NA,NA,770,NA,NA,NA,NA,NA,NA,NA,NA,NA,4825,NA,NA,NA,NA,1000,NA,NA,NA,NA,NA,NA,NA,NA,NA,0,NA,NA,NA,NA,0,NA,NA,NA,NA,NA,NA,NA,NA,NA,NA,NA,NA,NA,NA,0,NA,NA,NA,NA,3130,NA,NA,NA,NA,0,NA,NA,NA,NA,500,NA,NA,NA,NA,0,NA,NA,NA,NA,0,NA,NA,NA,NA,NA,NA,NA,NA,NA,4000,NA,NA,NA,NA,2762,NA,NA,NA,NA,300,NA,NA,NA,NA,2140,NA,NA,NA,NA,0,NA,NA,NA,NA
M18 [Family Planning],18.9',Pregnancy testing Kits (Nischay Kits),5. Total Stock,188448,NA,NA,NA,NA,10000,NA,NA,NA,NA,11380,NA,NA,NA,NA,8270,NA,NA,NA,NA,6400,NA,NA,NA,NA,9525,NA,NA,NA,NA,110,NA,NA,NA,NA,1380,NA,NA,NA,NA,NA,NA,NA,NA,NA,700,NA,NA,NA,NA,6100,NA,NA,NA,NA,NA,NA,NA,NA,NA,41350,NA,NA,NA,NA,0,NA,NA,NA,NA,NA,NA,NA,NA,NA,NA,NA,NA,NA,NA,0,NA,NA,NA,NA,16800,NA,NA,NA,NA,25920,NA,NA,NA,NA,3000,NA,NA,NA,NA,6850,NA,NA,NA,NA,11000,NA,NA,NA,NA,NA,NA,NA,NA,NA,482,NA,NA,NA,NA,1820,NA,NA,NA,NA,15926,NA,NA,NA,NA,8994,NA,NA,NA,NA,2441,NA,NA,NA,NA
M19 [Other Items],'19.1',Gloves,1. Balance From Previous Month,652287,NA,NA,NA,NA,16810,NA,NA,NA,NA,14300,NA,NA,NA,NA,3100,NA,NA,NA,NA,5415,NA,NA,NA,NA,36300,NA,NA,NA,NA,11700,NA,NA,NA,NA,10600,NA,NA,NA,NA,NA,NA,NA,NA,NA,NA,NA,NA,NA,NA,NA,NA,NA,NA,NA,37950,NA,NA,NA,NA,70585,NA,NA,NA,NA,31800,NA,NA,NA,NA,NA,NA,NA,NA,NA,NA,NA,NA,NA,NA,0,NA,NA,NA,NA,13715,NA,NA,NA,NA,26589,NA,NA,NA,NA,46062,NA,NA,NA,NA,151400,NA,NA,NA,NA,52550,NA,NA,NA,NA,NA,NA,NA,NA,NA,NA,NA,NA,NA,NA,24191,NA,NA,NA,NA,NA,NA,NA,NA,NA,12520,NA,NA,NA,NA,86700,NA,NA,NA,NA
M19 [Other Items],19.1',Gloves,2. Stocks Received,61000,NA,NA,NA,NA,0,NA,NA,NA,NA,0,NA,NA,NA,NA,2000,NA,NA,NA,NA,0,NA,NA,NA,NA,NA,NA,NA,NA,NA,0,NA,NA,NA,NA,59000,NA,NA,NA,NA,NA,NA,NA,NA,NA,NA,NA,NA,NA,NA,NA,NA,NA,NA,NA,0,NA,NA,NA,NA,0,NA,NA,NA,NA,0,NA,NA,NA,NA,NA,NA,NA,NA,NA,NA,NA,NA,NA,NA,0,NA,NA,NA,NA,0,NA,NA,NA,NA,0,NA,NA,NA,NA,0,NA,NA,NA,NA,0,NA,NA,NA,NA,0,NA,NA,NA,NA,NA,NA,NA,NA,NA,NA,NA,NA,NA,NA,0,NA,NA,NA,NA,NA,NA,NA,NA,NA,0,NA,NA,NA,NA,0,NA,NA,NA,NA
M19 [Other Items],19.1',Gloves,3. Unusable Stock,0,NA,NA,NA,NA,0,NA,NA,NA,NA,0,NA,NA,NA,NA,NA,NA,NA,NA,NA,0,NA,NA,NA,NA,NA,NA,NA,NA,NA,0,NA,NA,NA,NA,0,NA,NA,NA,NA,NA,NA,NA,NA,NA,NA,NA,NA,NA,NA,NA,NA,NA,NA,NA,NA,NA,NA,NA,NA,0,NA,NA,NA,NA,0,NA,NA,NA,NA,NA,NA,NA,NA,NA,NA,NA,NA,NA,NA,0,NA,NA,NA,NA,0,NA,NA,NA,NA,0,NA,NA,NA,NA,0,NA,NA,NA,NA,0,NA,NA,NA,NA,0,NA,NA,NA,NA,NA,NA,NA,NA,NA,NA,NA,NA,NA,NA,0,NA,NA,NA,NA,NA,NA,NA,NA,NA,0,NA,NA,NA,NA,0,NA,NA,NA,NA
M19 [Other Items],19.1',Gloves,4. Stock Distributed,263451,NA,NA,NA,NA,7950,NA,NA,NA,NA,9275,NA,NA,NA,NA,1800,NA,NA,NA,NA,3500,NA,NA,NA,NA,4800,NA,NA,NA,NA,5500,NA,NA,NA,NA,51786,NA,NA,NA,NA,NA,NA,NA,NA,NA,NA,NA,NA,NA,NA,NA,NA,NA,NA,NA,9145,NA,NA,NA,NA,37515,NA,NA,NA,NA,5150,NA,NA,NA,NA,NA,NA,NA,NA,NA,NA,NA,NA,NA,NA,0,NA,NA,NA,NA,4700,NA,NA,NA,NA,10280,NA,NA,NA,NA,9800,NA,NA,NA,NA,27300,NA,NA,NA,NA,13750,NA,NA,NA,NA,NA,NA,NA,NA,NA,NA,NA,NA,NA,NA,10000,NA,NA,NA,NA,NA,NA,NA,NA,NA,7000,NA,NA,NA,NA,44200,NA,NA,NA,NA
M19 [Other Items],19.1',Gloves,5. Total Stock,449836,NA,NA,NA,NA,8860,NA,NA,NA,NA,5025,NA,NA,NA,NA,3300,NA,NA,NA,NA,1915,NA,NA,NA,NA,31500,NA,NA,NA,NA,6200,NA,NA,NA,NA,17814,NA,NA,NA,NA,NA,NA,NA,NA,NA,0,NA,NA,NA,NA,0,NA,NA,NA,NA,28805,NA,NA,NA,NA,33070,NA,NA,NA,NA,26650,NA,NA,NA,NA,0,NA,NA,NA,NA,NA,NA,NA,NA,NA,0,NA,NA,NA,NA,9015,NA,NA,NA,NA,16309,NA,NA,NA,NA,36262,NA,NA,NA,NA,124100,NA,NA,NA,NA,38800,NA,NA,NA,NA,NA,NA,NA,NA,NA,0,NA,NA,NA,NA,14191,NA,NA,NA,NA,0,NA,NA,NA,NA,5520,NA,NA,NA,NA,42500,NA,NA,NA,NA
M19 [Other Items],'19.2',MVA Syringes,1. Balance From Previous Month,70,NA,NA,NA,NA,0,NA,NA,NA,NA,0,NA,NA,NA,NA,NA,NA,NA,NA,NA,0,NA,NA,NA,NA,0,NA,NA,NA,NA,70,NA,NA,NA,NA,0,NA,NA,NA,NA,NA,NA,NA,NA,NA,NA,NA,NA,NA,NA,NA,NA,NA,NA,NA,NA,NA,NA,NA,NA,0,NA,NA,NA,NA,0,NA,NA,NA,NA,NA,NA,NA,NA,NA,NA,NA,NA,NA,NA,0,NA,NA,NA,NA,0,NA,NA,NA,NA,0,NA,NA,NA,NA,0,NA,NA,NA,NA,0,NA,NA,NA,NA,0,NA,NA,NA,NA,NA,NA,NA,NA,NA,NA,NA,NA,NA,NA,0,NA,NA,NA,NA,NA,NA,NA,NA,NA,0,NA,NA,NA,NA,0,NA,NA,NA,NA
M19 [Other Items],19.2',MVA Syringes,2. Stocks Received,0,NA,NA,NA,NA,0,NA,NA,NA,NA,0,NA,NA,NA,NA,0,NA,NA,NA,NA,0,NA,NA,NA,NA,0,NA,NA,NA,NA,0,NA,NA,NA,NA,0,NA,NA,NA,NA,NA,NA,NA,NA,NA,NA,NA,NA,NA,NA,NA,NA,NA,NA,NA,NA,NA,NA,NA,NA,0,NA,NA,NA,NA,0,NA,NA,NA,NA,NA,NA,NA,NA,NA,NA,NA,NA,NA,NA,0,NA,NA,NA,NA,0,NA,NA,NA,NA,0,NA,NA,NA,NA,0,NA,NA,NA,NA,0,NA,NA,NA,NA,0,NA,NA,NA,NA,NA,NA,NA,NA,NA,NA,NA,NA,NA,NA,0,NA,NA,NA,NA,NA,NA,NA,NA,NA,0,NA,NA,NA,NA,0,NA,NA,NA,NA
M19 [Other Items],19.2',MVA Syringes,3. Unusable Stock,0,NA,NA,NA,NA,0,NA,NA,NA,NA,0,NA,NA,NA,NA,NA,NA,NA,NA,NA,0,NA,NA,NA,NA,NA,NA,NA,NA,NA,0,NA,NA,NA,NA,0,NA,NA,NA,NA,NA,NA,NA,NA,NA,NA,NA,NA,NA,NA,NA,NA,NA,NA,NA,NA,NA,NA,NA,NA,0,NA,NA,NA,NA,0,NA,NA,NA,NA,NA,NA,NA,NA,NA,NA,NA,NA,NA,NA,0,NA,NA,NA,NA,0,NA,NA,NA,NA,0,NA,NA,NA,NA,NA,NA,NA,NA,NA,0,NA,NA,NA,NA,0,NA,NA,NA,NA,NA,NA,NA,NA,NA,NA,NA,NA,NA,NA,0,NA,NA,NA,NA,NA,NA,NA,NA,NA,0,NA,NA,NA,NA,0,NA,NA,NA,NA
M19 [Other Items],19.2',MVA Syringes,4. Stock Distributed,70,NA,NA,NA,NA,0,NA,NA,NA,NA,0,NA,NA,NA,NA,0,NA,NA,NA,NA,0,NA,NA,NA,NA,NA,NA,NA,NA,NA,70,NA,NA,NA,NA,0,NA,NA,NA,NA,NA,NA,NA,NA,NA,NA,NA,NA,NA,NA,NA,NA,NA,NA,NA,NA,NA,NA,NA,NA,0,NA,NA,NA,NA,0,NA,NA,NA,NA,NA,NA,NA,NA,NA,NA,NA,NA,NA,NA,0,NA,NA,NA,NA,0,NA,NA,NA,NA,0,NA,NA,NA,NA,0,NA,NA,NA,NA,0,NA,NA,NA,NA,0,NA,NA,NA,NA,NA,NA,NA,NA,NA,NA,NA,NA,NA,NA,0,NA,NA,NA,NA,NA,NA,NA,NA,NA,0,NA,NA,NA,NA,0,NA,NA,NA,NA
M19 [Other Items],19.2',MVA Syringes,5. Total Stock,0,NA,NA,NA,NA,0,NA,NA,NA,NA,0,NA,NA,NA,NA,0,NA,NA,NA,NA,0,NA,NA,NA,NA,0,NA,NA,NA,NA,0,NA,NA,NA,NA,0,NA,NA,NA,NA,NA,NA,NA,NA,NA,0,NA,NA,NA,NA,0,NA,NA,NA,NA,0,NA,NA,NA,NA,0,NA,NA,NA,NA,0,NA,NA,NA,NA,0,NA,NA,NA,NA,NA,NA,NA,NA,NA,0,NA,NA,NA,NA,0,NA,NA,NA,NA,0,NA,NA,NA,NA,0,NA,NA,NA,NA,0,NA,NA,NA,NA,0,NA,NA,NA,NA,NA,NA,NA,NA,NA,0,NA,NA,NA,NA,0,NA,NA,NA,NA,0,NA,NA,NA,NA,0,NA,NA,NA,NA,0,NA,NA,NA,NA
M19 [Other Items],'19.3',Tab. Fluconazole,1. Balance From Previous Month,493591,NA,NA,NA,NA,300,NA,NA,NA,NA,22400,NA,NA,NA,NA,1800,NA,NA,NA,NA,30070,NA,NA,NA,NA,1300,NA,NA,NA,NA,500,NA,NA,NA,NA,0,NA,NA,NA,NA,NA,NA,NA,NA,NA,NA,NA,NA,NA,NA,NA,NA,NA,NA,NA,70100,NA,NA,NA,NA,1000,NA,NA,NA,NA,78650,NA,NA,NA,NA,NA,NA,NA,NA,NA,NA,NA,NA,NA,NA,0,NA,NA,NA,NA,150,NA,NA,NA,NA,41890,NA,NA,NA,NA,21200,NA,NA,NA,NA,103900,NA,NA,NA,NA,90440,NA,NA,NA,NA,NA,NA,NA,NA,NA,NA,NA,NA,NA,NA,29291,NA,NA,NA,NA,NA,NA,NA,NA,NA,0,NA,NA,NA,NA,600,NA,NA,NA,NA
M19 [Other Items],19.3',Tab. Fluconazole,2. Stocks Received,0,NA,NA,NA,NA,0,NA,NA,NA,NA,0,NA,NA,NA,NA,0,NA,NA,NA,NA,0,NA,NA,NA,NA,0,NA,NA,NA,NA,0,NA,NA,NA,NA,0,NA,NA,NA,NA,NA,NA,NA,NA,NA,NA,NA,NA,NA,NA,NA,NA,NA,NA,NA,0,NA,NA,NA,NA,0,NA,NA,NA,NA,0,NA,NA,NA,NA,NA,NA,NA,NA,NA,NA,NA,NA,NA,NA,0,NA,NA,NA,NA,0,NA,NA,NA,NA,0,NA,NA,NA,NA,0,NA,NA,NA,NA,0,NA,NA,NA,NA,0,NA,NA,NA,NA,NA,NA,NA,NA,NA,NA,NA,NA,NA,NA,0,NA,NA,NA,NA,NA,NA,NA,NA,NA,0,NA,NA,NA,NA,0,NA,NA,NA,NA
M19 [Other Items],19.3',Tab. Fluconazole,3. Unusable Stock,0,NA,NA,NA,NA,0,NA,NA,NA,NA,0,NA,NA,NA,NA,NA,NA,NA,NA,NA,0,NA,NA,NA,NA,NA,NA,NA,NA,NA,0,NA,NA,NA,NA,0,NA,NA,NA,NA,NA,NA,NA,NA,NA,NA,NA,NA,NA,NA,NA,NA,NA,NA,NA,NA,NA,NA,NA,NA,0,NA,NA,NA,NA,0,NA,NA,NA,NA,NA,NA,NA,NA,NA,NA,NA,NA,NA,NA,0,NA,NA,NA,NA,0,NA,NA,NA,NA,0,NA,NA,NA,NA,NA,NA,NA,NA,NA,0,NA,NA,NA,NA,0,NA,NA,NA,NA,NA,NA,NA,NA,NA,NA,NA,NA,NA,NA,0,NA,NA,NA,NA,NA,NA,NA,NA,NA,0,NA,NA,NA,NA,0,NA,NA,NA,NA
M19 [Other Items],19.3',Tab. Fluconazole,4. Stock Distributed,110799,NA,NA,NA,NA,0,NA,NA,NA,NA,19000,NA,NA,NA,NA,1000,NA,NA,NA,NA,19500,NA,NA,NA,NA,900,NA,NA,NA,NA,200,NA,NA,NA,NA,0,NA,NA,NA,NA,NA,NA,NA,NA,NA,NA,NA,NA,NA,NA,NA,NA,NA,NA,NA,13000,NA,NA,NA,NA,0,NA,NA,NA,NA,12360,NA,NA,NA,NA,NA,NA,NA,NA,NA,NA,NA,NA,NA,NA,0,NA,NA,NA,NA,0,NA,NA,NA,NA,20350,NA,NA,NA,NA,8000,NA,NA,NA,NA,1000,NA,NA,NA,NA,700,NA,NA,NA,NA,NA,NA,NA,NA,NA,NA,NA,NA,NA,NA,14789,NA,NA,NA,NA,NA,NA,NA,NA,NA,0,NA,NA,NA,NA,0,NA,NA,NA,NA
M19 [Other Items],19.3',Tab. Fluconazole,5. Total Stock,382792,NA,NA,NA,NA,300,NA,NA,NA,NA,3400,NA,NA,NA,NA,800,NA,NA,NA,NA,10570,NA,NA,NA,NA,400,NA,NA,NA,NA,300,NA,NA,NA,NA,0,NA,NA,NA,NA,NA,NA,NA,NA,NA,0,NA,NA,NA,NA,0,NA,NA,NA,NA,57100,NA,NA,NA,NA,1000,NA,NA,NA,NA,66290,NA,NA,NA,NA,0,NA,NA,NA,NA,NA,NA,NA,NA,NA,0,NA,NA,NA,NA,150,NA,NA,NA,NA,21540,NA,NA,NA,NA,13200,NA,NA,NA,NA,102900,NA,NA,NA,NA,89740,NA,NA,NA,NA,NA,NA,NA,NA,NA,0,NA,NA,NA,NA,14502,NA,NA,NA,NA,0,NA,NA,NA,NA,0,NA,NA,NA,NA,600,NA,NA,NA,NA
M19 [Other Items],'19.4',Blood Transfusion sets,1. Balance From Previous Month,26562,NA,NA,NA,NA,0,NA,NA,NA,NA,222,NA,NA,NA,NA,2750,NA,NA,NA,NA,0,NA,NA,NA,NA,200,NA,NA,NA,NA,490,NA,NA,NA,NA,0,NA,NA,NA,NA,NA,NA,NA,NA,NA,NA,NA,NA,NA,NA,NA,NA,NA,NA,NA,0,NA,NA,NA,NA,1010,NA,NA,NA,NA,0,NA,NA,NA,NA,NA,NA,NA,NA,NA,NA,NA,NA,NA,NA,0,NA,NA,NA,NA,40,NA,NA,NA,NA,0,NA,NA,NA,NA,15500,NA,NA,NA,NA,2800,NA,NA,NA,NA,1000,NA,NA,NA,NA,NA,NA,NA,NA,NA,NA,NA,NA,NA,NA,350,NA,NA,NA,NA,NA,NA,NA,NA,NA,1500,NA,NA,NA,NA,700,NA,NA,NA,NA
M19 [Other Items],19.4',Blood Transfusion sets,2. Stocks Received,0,NA,NA,NA,NA,0,NA,NA,NA,NA,0,NA,NA,NA,NA,0,NA,NA,NA,NA,0,NA,NA,NA,NA,NA,NA,NA,NA,NA,0,NA,NA,NA,NA,0,NA,NA,NA,NA,NA,NA,NA,NA,NA,NA,NA,NA,NA,NA,NA,NA,NA,NA,NA,0,NA,NA,NA,NA,0,NA,NA,NA,NA,0,NA,NA,NA,NA,NA,NA,NA,NA,NA,NA,NA,NA,NA,NA,0,NA,NA,NA,NA,0,NA,NA,NA,NA,0,NA,NA,NA,NA,0,NA,NA,NA,NA,0,NA,NA,NA,NA,0,NA,NA,NA,NA,NA,NA,NA,NA,NA,NA,NA,NA,NA,NA,0,NA,NA,NA,NA,NA,NA,NA,NA,NA,0,NA,NA,NA,NA,0,NA,NA,NA,NA
M19 [Other Items],19.4',Blood Transfusion sets,3. Unusable Stock,0,NA,NA,NA,NA,0,NA,NA,NA,NA,0,NA,NA,NA,NA,NA,NA,NA,NA,NA,0,NA,NA,NA,NA,NA,NA,NA,NA,NA,0,NA,NA,NA,NA,0,NA,NA,NA,NA,NA,NA,NA,NA,NA,NA,NA,NA,NA,NA,NA,NA,NA,NA,NA,NA,NA,NA,NA,NA,0,NA,NA,NA,NA,0,NA,NA,NA,NA,NA,NA,NA,NA,NA,NA,NA,NA,NA,NA,0,NA,NA,NA,NA,0,NA,NA,NA,NA,0,NA,NA,NA,NA,0,NA,NA,NA,NA,0,NA,NA,NA,NA,0,NA,NA,NA,NA,NA,NA,NA,NA,NA,NA,NA,NA,NA,NA,0,NA,NA,NA,NA,NA,NA,NA,NA,NA,0,NA,NA,NA,NA,0,NA,NA,NA,NA
M19 [Other Items],19.4',Blood Transfusion sets,4. Stock Distributed,982,NA,NA,NA,NA,0,NA,NA,NA,NA,182,NA,NA,NA,NA,0,NA,NA,NA,NA,0,NA,NA,NA,NA,NA,NA,NA,NA,NA,0,NA,NA,NA,NA,0,NA,NA,NA,NA,NA,NA,NA,NA,NA,NA,NA,NA,NA,NA,NA,NA,NA,NA,NA,0,NA,NA,NA,NA,0,NA,NA,NA,NA,0,NA,NA,NA,NA,NA,NA,NA,NA,NA,NA,NA,NA,NA,NA,0,NA,NA,NA,NA,0,NA,NA,NA,NA,0,NA,NA,NA,NA,0,NA,NA,NA,NA,0,NA,NA,NA,NA,0,NA,NA,NA,NA,NA,NA,NA,NA,NA,NA,NA,NA,NA,NA,50,NA,NA,NA,NA,NA,NA,NA,NA,NA,550,NA,NA,NA,NA,200,NA,NA,NA,NA
M19 [Other Items],19.4',Blood Transfusion sets,5. Total Stock,25580,NA,NA,NA,NA,0,NA,NA,NA,NA,40,NA,NA,NA,NA,2750,NA,NA,NA,NA,0,NA,NA,NA,NA,200,NA,NA,NA,NA,490,NA,NA,NA,NA,0,NA,NA,NA,NA,NA,NA,NA,NA,NA,0,NA,NA,NA,NA,0,NA,NA,NA,NA,0,NA,NA,NA,NA,1010,NA,NA,NA,NA,0,NA,NA,NA,NA,0,NA,NA,NA,NA,NA,NA,NA,NA,NA,0,NA,NA,NA,NA,40,NA,NA,NA,NA,0,NA,NA,NA,NA,15500,NA,NA,NA,NA,2800,NA,NA,NA,NA,1000,NA,NA,NA,NA,NA,NA,NA,NA,NA,0,NA,NA,NA,NA,300,NA,NA,NA,NA,0,NA,NA,NA,NA,950,NA,NA,NA,NA,500,NA,NA,NA,NA
M19 [Other Items],'19.5',Gluteraldehyde 2%,1. Balance From Previous Month,653,NA,NA,NA,NA,80,NA,NA,NA,NA,65,NA,NA,NA,NA,105,NA,NA,NA,NA,116,NA,NA,NA,NA,0,NA,NA,NA,NA,0,NA,NA,NA,NA,0,NA,NA,NA,NA,NA,NA,NA,NA,NA,NA,NA,NA,NA,NA,NA,NA,NA,NA,NA,43,NA,NA,NA,NA,20,NA,NA,NA,NA,0,NA,NA,NA,NA,NA,NA,NA,NA,NA,NA,NA,NA,NA,NA,0,NA,NA,NA,NA,6,NA,NA,NA,NA,14,NA,NA,NA,NA,80,NA,NA,NA,NA,31,NA,NA,NA,NA,0,NA,NA,NA,NA,NA,NA,NA,NA,NA,NA,NA,NA,NA,NA,3,NA,NA,NA,NA,NA,NA,NA,NA,NA,0,NA,NA,NA,NA,90,NA,NA,NA,NA
M19 [Other Items],19.5',Gluteraldehyde 2%,2. Stocks Received,0,NA,NA,NA,NA,0,NA,NA,NA,NA,0,NA,NA,NA,NA,0,NA,NA,NA,NA,0,NA,NA,NA,NA,0,NA,NA,NA,NA,0,NA,NA,NA,NA,0,NA,NA,NA,NA,NA,NA,NA,NA,NA,NA,NA,NA,NA,NA,NA,NA,NA,NA,NA,0,NA,NA,NA,NA,0,NA,NA,NA,NA,0,NA,NA,NA,NA,NA,NA,NA,NA,NA,NA,NA,NA,NA,NA,0,NA,NA,NA,NA,0,NA,NA,NA,NA,0,NA,NA,NA,NA,0,NA,NA,NA,NA,0,NA,NA,NA,NA,0,NA,NA,NA,NA,NA,NA,NA,NA,NA,NA,NA,NA,NA,NA,0,NA,NA,NA,NA,NA,NA,NA,NA,NA,0,NA,NA,NA,NA,0,NA,NA,NA,NA
M19 [Other Items],19.5',Gluteraldehyde 2%,3. Unusable Stock,0,NA,NA,NA,NA,0,NA,NA,NA,NA,0,NA,NA,NA,NA,NA,NA,NA,NA,NA,0,NA,NA,NA,NA,NA,NA,NA,NA,NA,0,NA,NA,NA,NA,0,NA,NA,NA,NA,NA,NA,NA,NA,NA,NA,NA,NA,NA,NA,NA,NA,NA,NA,NA,NA,NA,NA,NA,NA,0,NA,NA,NA,NA,0,NA,NA,NA,NA,NA,NA,NA,NA,NA,NA,NA,NA,NA,NA,0,NA,NA,NA,NA,0,NA,NA,NA,NA,0,NA,NA,NA,NA,0,NA,NA,NA,NA,0,NA,NA,NA,NA,0,NA,NA,NA,NA,NA,NA,NA,NA,NA,NA,NA,NA,NA,NA,0,NA,NA,NA,NA,NA,NA,NA,NA,NA,0,NA,NA,NA,NA,0,NA,NA,NA,NA
M19 [Other Items],19.5',Gluteraldehyde 2%,4. Stock Distributed,152,NA,NA,NA,NA,0,NA,NA,NA,NA,65,NA,NA,NA,NA,29,NA,NA,NA,NA,10,NA,NA,NA,NA,NA,NA,NA,NA,NA,0,NA,NA,NA,NA,0,NA,NA,NA,NA,NA,NA,NA,NA,NA,NA,NA,NA,NA,NA,NA,NA,NA,NA,NA,0,NA,NA,NA,NA,0,NA,NA,NA,NA,0,NA,NA,NA,NA,NA,NA,NA,NA,NA,NA,NA,NA,NA,NA,0,NA,NA,NA,NA,0,NA,NA,NA,NA,0,NA,NA,NA,NA,33,NA,NA,NA,NA,0,NA,NA,NA,NA,0,NA,NA,NA,NA,NA,NA,NA,NA,NA,NA,NA,NA,NA,NA,0,NA,NA,NA,NA,NA,NA,NA,NA,NA,0,NA,NA,NA,NA,15,NA,NA,NA,NA
M19 [Other Items],19.5',Gluteraldehyde 2%,5. Total Stock,501,NA,NA,NA,NA,80,NA,NA,NA,NA,0,NA,NA,NA,NA,76,NA,NA,NA,NA,106,NA,NA,NA,NA,0,NA,NA,NA,NA,0,NA,NA,NA,NA,0,NA,NA,NA,NA,NA,NA,NA,NA,NA,0,NA,NA,NA,NA,0,NA,NA,NA,NA,43,NA,NA,NA,NA,20,NA,NA,NA,NA,0,NA,NA,NA,NA,0,NA,NA,NA,NA,NA,NA,NA,NA,NA,0,NA,NA,NA,NA,6,NA,NA,NA,NA,14,NA,NA,NA,NA,47,NA,NA,NA,NA,31,NA,NA,NA,NA,0,NA,NA,NA,NA,NA,NA,NA,NA,NA,0,NA,NA,NA,NA,3,NA,NA,NA,NA,0,NA,NA,NA,NA,0,NA,NA,NA,NA,75,NA,NA,NA,NA
M19 [Other Items],'19.6',IFA tablets ( Adult),1. Balance From Previous Month,2226996,NA,NA,NA,NA,10675,NA,NA,NA,NA,160,NA,NA,NA,NA,100,NA,NA,NA,NA,0,NA,NA,NA,NA,225,NA,NA,NA,NA,17900,NA,NA,NA,NA,184740,NA,NA,NA,NA,NA,NA,NA,NA,NA,NA,NA,NA,NA,NA,NA,NA,NA,NA,NA,26490,NA,NA,NA,NA,0,NA,NA,NA,NA,177150,NA,NA,NA,NA,NA,NA,NA,NA,NA,NA,NA,NA,NA,NA,0,NA,NA,NA,NA,1023801,NA,NA,NA,NA,100,NA,NA,NA,NA,312350,NA,NA,NA,NA,19600,NA,NA,NA,NA,0,NA,NA,NA,NA,NA,NA,NA,NA,NA,NA,NA,NA,NA,NA,8900,NA,NA,NA,NA,NA,NA,NA,NA,NA,330655,NA,NA,NA,NA,114150,NA,NA,NA,NA
M19 [Other Items],19.6',IFA tablets ( Adult),2. Stocks Received,0,NA,NA,NA,NA,0,NA,NA,NA,NA,0,NA,NA,NA,NA,0,NA,NA,NA,NA,0,NA,NA,NA,NA,NA,NA,NA,NA,NA,0,NA,NA,NA,NA,0,NA,NA,NA,NA,NA,NA,NA,NA,NA,NA,NA,NA,NA,NA,NA,NA,NA,NA,NA,0,NA,NA,NA,NA,0,NA,NA,NA,NA,0,NA,NA,NA,NA,NA,NA,NA,NA,NA,NA,NA,NA,NA,NA,0,NA,NA,NA,NA,0,NA,NA,NA,NA,0,NA,NA,NA,NA,0,NA,NA,NA,NA,0,NA,NA,NA,NA,0,NA,NA,NA,NA,NA,NA,NA,NA,NA,NA,NA,NA,NA,NA,0,NA,NA,NA,NA,NA,NA,NA,NA,NA,0,NA,NA,NA,NA,0,NA,NA,NA,NA
M19 [Other Items],19.6',IFA tablets ( Adult),3. Unusable Stock,0,NA,NA,NA,NA,0,NA,NA,NA,NA,0,NA,NA,NA,NA,NA,NA,NA,NA,NA,0,NA,NA,NA,NA,NA,NA,NA,NA,NA,0,NA,NA,NA,NA,0,NA,NA,NA,NA,NA,NA,NA,NA,NA,NA,NA,NA,NA,NA,NA,NA,NA,NA,NA,NA,NA,NA,NA,NA,0,NA,NA,NA,NA,0,NA,NA,NA,NA,NA,NA,NA,NA,NA,NA,NA,NA,NA,NA,0,NA,NA,NA,NA,0,NA,NA,NA,NA,0,NA,NA,NA,NA,0,NA,NA,NA,NA,0,NA,NA,NA,NA,0,NA,NA,NA,NA,NA,NA,NA,NA,NA,NA,NA,NA,NA,NA,0,NA,NA,NA,NA,NA,NA,NA,NA,NA,0,NA,NA,NA,NA,0,NA,NA,NA,NA
M19 [Other Items],19.6',IFA tablets ( Adult),4. Stock Distributed,1071860,NA,NA,NA,NA,0,NA,NA,NA,NA,160,NA,NA,NA,NA,0,NA,NA,NA,NA,0,NA,NA,NA,NA,NA,NA,NA,NA,NA,14500,NA,NA,NA,NA,131700,NA,NA,NA,NA,NA,NA,NA,NA,NA,NA,NA,NA,NA,NA,NA,NA,NA,NA,NA,0,NA,NA,NA,NA,0,NA,NA,NA,NA,155700,NA,NA,NA,NA,NA,NA,NA,NA,NA,NA,NA,NA,NA,NA,0,NA,NA,NA,NA,164700,NA,NA,NA,NA,100,NA,NA,NA,NA,171150,NA,NA,NA,NA,0,NA,NA,NA,NA,0,NA,NA,NA,NA,NA,NA,NA,NA,NA,NA,NA,NA,NA,NA,0,NA,NA,NA,NA,NA,NA,NA,NA,NA,319700,NA,NA,NA,NA,114150,NA,NA,NA,NA
M19 [Other Items],19.6',IFA tablets ( Adult),5. Total Stock,1155136,NA,NA,NA,NA,10675,NA,NA,NA,NA,0,NA,NA,NA,NA,100,NA,NA,NA,NA,0,NA,NA,NA,NA,225,NA,NA,NA,NA,3400,NA,NA,NA,NA,53040,NA,NA,NA,NA,NA,NA,NA,NA,NA,0,NA,NA,NA,NA,0,NA,NA,NA,NA,26490,NA,NA,NA,NA,0,NA,NA,NA,NA,21450,NA,NA,NA,NA,0,NA,NA,NA,NA,NA,NA,NA,NA,NA,0,NA,NA,NA,NA,859101,NA,NA,NA,NA,0,NA,NA,NA,NA,141200,NA,NA,NA,NA,19600,NA,NA,NA,NA,0,NA,NA,NA,NA,NA,NA,NA,NA,NA,0,NA,NA,NA,NA,8900,NA,NA,NA,NA,0,NA,NA,NA,NA,10955,NA,NA,NA,NA,0,NA,NA,NA,NA
M19 [Other Items],'19.7',IFA - Blue ( Adolescent 10-19 yrs),1. Balance From Previous Month,14831595,NA,NA,NA,NA,291820,NA,NA,NA,NA,2063070,NA,NA,NA,NA,7885,NA,NA,NA,NA,1473110,NA,NA,NA,NA,5400,NA,NA,NA,NA,320770,NA,NA,NA,NA,0,NA,NA,NA,NA,NA,NA,NA,NA,NA,NA,NA,NA,NA,NA,NA,NA,NA,NA,NA,829020,NA,NA,NA,NA,498900,NA,NA,NA,NA,973045,NA,NA,NA,NA,NA,NA,NA,NA,NA,NA,NA,NA,NA,NA,0,NA,NA,NA,NA,2183845,NA,NA,NA,NA,70030,NA,NA,NA,NA,98010,NA,NA,NA,NA,1111555,NA,NA,NA,NA,1853960,NA,NA,NA,NA,NA,NA,NA,NA,NA,NA,NA,NA,NA,NA,734815,NA,NA,NA,NA,NA,NA,NA,NA,NA,2020460,NA,NA,NA,NA,295900,NA,NA,NA,NA
M19 [Other Items],19.7',IFA - Blue ( Adolescent 10-19 yrs),2. Stocks Received,390000,NA,NA,NA,NA,0,NA,NA,NA,NA,0,NA,NA,NA,NA,390000,NA,NA,NA,NA,0,NA,NA,NA,NA,NA,NA,NA,NA,NA,0,NA,NA,NA,NA,NA,NA,NA,NA,NA,NA,NA,NA,NA,NA,NA,NA,NA,NA,NA,NA,NA,NA,NA,NA,0,NA,NA,NA,NA,0,NA,NA,NA,NA,0,NA,NA,NA,NA,NA,NA,NA,NA,NA,NA,NA,NA,NA,NA,0,NA,NA,NA,NA,0,NA,NA,NA,NA,0,NA,NA,NA,NA,0,NA,NA,NA,NA,0,NA,NA,NA,NA,0,NA,NA,NA,NA,NA,NA,NA,NA,NA,NA,NA,NA,NA,NA,0,NA,NA,NA,NA,NA,NA,NA,NA,NA,0,NA,NA,NA,NA,0,NA,NA,NA,NA
M19 [Other Items],19.7',IFA - Blue ( Adolescent 10-19 yrs),3. Unusable Stock,0,NA,NA,NA,NA,0,NA,NA,NA,NA,0,NA,NA,NA,NA,NA,NA,NA,NA,NA,0,NA,NA,NA,NA,NA,NA,NA,NA,NA,0,NA,NA,NA,NA,0,NA,NA,NA,NA,NA,NA,NA,NA,NA,NA,NA,NA,NA,NA,NA,NA,NA,NA,NA,NA,NA,NA,NA,NA,0,NA,NA,NA,NA,0,NA,NA,NA,NA,NA,NA,NA,NA,NA,NA,NA,NA,NA,NA,0,NA,NA,NA,NA,0,NA,NA,NA,NA,0,NA,NA,NA,NA,0,NA,NA,NA,NA,0,NA,NA,NA,NA,0,NA,NA,NA,NA,NA,NA,NA,NA,NA,NA,NA,NA,NA,NA,0,NA,NA,NA,NA,NA,NA,NA,NA,NA,0,NA,NA,NA,NA,0,NA,NA,NA,NA
M19 [Other Items],19.7',IFA - Blue ( Adolescent 10-19 yrs),4. Stock Distributed,3072108,NA,NA,NA,NA,56500,NA,NA,NA,NA,1665510,NA,NA,NA,NA,30000,NA,NA,NA,NA,30000,NA,NA,NA,NA,4080,NA,NA,NA,NA,152398,NA,NA,NA,NA,0,NA,NA,NA,NA,NA,NA,NA,NA,NA,NA,NA,NA,NA,NA,NA,NA,NA,NA,NA,229020,NA,NA,NA,NA,0,NA,NA,NA,NA,179000,NA,NA,NA,NA,NA,NA,NA,NA,NA,NA,NA,NA,NA,NA,0,NA,NA,NA,NA,180000,NA,NA,NA,NA,33650,NA,NA,NA,NA,15000,NA,NA,NA,NA,58000,NA,NA,NA,NA,8000,NA,NA,NA,NA,NA,NA,NA,NA,NA,NA,NA,NA,NA,NA,194000,NA,NA,NA,NA,NA,NA,NA,NA,NA,2000,NA,NA,NA,NA,234950,NA,NA,NA,NA
M19 [Other Items],19.7',IFA - Blue ( Adolescent 10-19 yrs),5. Total Stock,12149487,NA,NA,NA,NA,235320,NA,NA,NA,NA,397560,NA,NA,NA,NA,367885,NA,NA,NA,NA,1443110,NA,NA,NA,NA,1320,NA,NA,NA,NA,168372,NA,NA,NA,NA,0,NA,NA,NA,NA,NA,NA,NA,NA,NA,0,NA,NA,NA,NA,0,NA,NA,NA,NA,600000,NA,NA,NA,NA,498900,NA,NA,NA,NA,794045,NA,NA,NA,NA,0,NA,NA,NA,NA,NA,NA,NA,NA,NA,0,NA,NA,NA,NA,2003845,NA,NA,NA,NA,36380,NA,NA,NA,NA,83010,NA,NA,NA,NA,1053555,NA,NA,NA,NA,1845960,NA,NA,NA,NA,NA,NA,NA,NA,NA,0,NA,NA,NA,NA,540815,NA,NA,NA,NA,0,NA,NA,NA,NA,2018460,NA,NA,NA,NA,60950,NA,NA,NA,NA
M19 [Other Items],'19.8',IFA- Pink ( Junior 6-10 yrs),1. Balance From Previous Month,21616455,NA,NA,NA,NA,592240,NA,NA,NA,NA,11616320,NA,NA,NA,NA,344350,NA,NA,NA,NA,785430,NA,NA,NA,NA,0,NA,NA,NA,NA,41065,NA,NA,NA,NA,43140,NA,NA,NA,NA,NA,NA,NA,NA,NA,NA,NA,NA,NA,NA,NA,NA,NA,NA,NA,203050,NA,NA,NA,NA,1045050,NA,NA,NA,NA,559800,NA,NA,NA,NA,NA,NA,NA,NA,NA,NA,NA,NA,NA,NA,0,NA,NA,NA,NA,1227380,NA,NA,NA,NA,64330,NA,NA,NA,NA,1485790,NA,NA,NA,NA,837680,NA,NA,NA,NA,0,NA,NA,NA,NA,NA,NA,NA,NA,NA,NA,NA,NA,NA,NA,936175,NA,NA,NA,NA,NA,NA,NA,NA,NA,1046150,NA,NA,NA,NA,788505,NA,NA,NA,NA
M19 [Other Items],19.8',IFA- Pink ( Junior 6-10 yrs),2. Stocks Received,0,NA,NA,NA,NA,0,NA,NA,NA,NA,0,NA,NA,NA,NA,0,NA,NA,NA,NA,0,NA,NA,NA,NA,0,NA,NA,NA,NA,0,NA,NA,NA,NA,0,NA,NA,NA,NA,NA,NA,NA,NA,NA,NA,NA,NA,NA,NA,NA,NA,NA,NA,NA,0,NA,NA,NA,NA,0,NA,NA,NA,NA,0,NA,NA,NA,NA,NA,NA,NA,NA,NA,NA,NA,NA,NA,NA,0,NA,NA,NA,NA,0,NA,NA,NA,NA,0,NA,NA,NA,NA,0,NA,NA,NA,NA,0,NA,NA,NA,NA,0,NA,NA,NA,NA,NA,NA,NA,NA,NA,NA,NA,NA,NA,NA,0,NA,NA,NA,NA,NA,NA,NA,NA,NA,0,NA,NA,NA,NA,0,NA,NA,NA,NA
M19 [Other Items],19.8',IFA- Pink ( Junior 6-10 yrs),3. Unusable Stock,0,NA,NA,NA,NA,0,NA,NA,NA,NA,0,NA,NA,NA,NA,NA,NA,NA,NA,NA,0,NA,NA,NA,NA,NA,NA,NA,NA,NA,0,NA,NA,NA,NA,0,NA,NA,NA,NA,NA,NA,NA,NA,NA,NA,NA,NA,NA,NA,NA,NA,NA,NA,NA,NA,NA,NA,NA,NA,0,NA,NA,NA,NA,0,NA,NA,NA,NA,NA,NA,NA,NA,NA,NA,NA,NA,NA,NA,0,NA,NA,NA,NA,0,NA,NA,NA,NA,0,NA,NA,NA,NA,0,NA,NA,NA,NA,0,NA,NA,NA,NA,0,NA,NA,NA,NA,NA,NA,NA,NA,NA,NA,NA,NA,NA,NA,0,NA,NA,NA,NA,NA,NA,NA,NA,NA,0,NA,NA,NA,NA,0,NA,NA,NA,NA
M19 [Other Items],19.8',IFA- Pink ( Junior 6-10 yrs),4. Stock Distributed,11844295,NA,NA,NA,NA,13250,NA,NA,NA,NA,10626655,NA,NA,NA,NA,0,NA,NA,NA,NA,30000,NA,NA,NA,NA,NA,NA,NA,NA,NA,18200,NA,NA,NA,NA,0,NA,NA,NA,NA,NA,NA,NA,NA,NA,NA,NA,NA,NA,NA,NA,NA,NA,NA,NA,0,NA,NA,NA,NA,171200,NA,NA,NA,NA,51000,NA,NA,NA,NA,NA,NA,NA,NA,NA,NA,NA,NA,NA,NA,0,NA,NA,NA,NA,508500,NA,NA,NA,NA,31960,NA,NA,NA,NA,5000,NA,NA,NA,NA,15000,NA,NA,NA,NA,0,NA,NA,NA,NA,NA,NA,NA,NA,NA,NA,NA,NA,NA,NA,41530,NA,NA,NA,NA,NA,NA,NA,NA,NA,313000,NA,NA,NA,NA,19000,NA,NA,NA,NA
M19 [Other Items],19.8',IFA- Pink ( Junior 6-10 yrs),5. Total Stock,9772160,NA,NA,NA,NA,578990,NA,NA,NA,NA,989665,NA,NA,NA,NA,344350,NA,NA,NA,NA,755430,NA,NA,NA,NA,0,NA,NA,NA,NA,22865,NA,NA,NA,NA,43140,NA,NA,NA,NA,NA,NA,NA,NA,NA,0,NA,NA,NA,NA,0,NA,NA,NA,NA,203050,NA,NA,NA,NA,873850,NA,NA,NA,NA,508800,NA,NA,NA,NA,0,NA,NA,NA,NA,NA,NA,NA,NA,NA,0,NA,NA,NA,NA,718880,NA,NA,NA,NA,32370,NA,NA,NA,NA,1480790,NA,NA,NA,NA,822680,NA,NA,NA,NA,0,NA,NA,NA,NA,NA,NA,NA,NA,NA,0,NA,NA,NA,NA,894645,NA,NA,NA,NA,0,NA,NA,NA,NA,733150,NA,NA,NA,NA,769505,NA,NA,NA,NA
M19 [Other Items],'19.9',IFA Syrup (Paediatric),1. Balance From Previous Month,30835,NA,NA,NA,NA,110,NA,NA,NA,NA,400,NA,NA,NA,NA,0,NA,NA,NA,NA,0,NA,NA,NA,NA,NA,NA,NA,NA,NA,0,NA,NA,NA,NA,0,NA,NA,NA,NA,NA,NA,NA,NA,NA,NA,NA,NA,NA,NA,NA,NA,NA,NA,NA,NA,NA,NA,NA,NA,101,NA,NA,NA,NA,5450,NA,NA,NA,NA,NA,NA,NA,NA,NA,NA,NA,NA,NA,NA,0,NA,NA,NA,NA,21414,NA,NA,NA,NA,0,NA,NA,NA,NA,0,NA,NA,NA,NA,0,NA,NA,NA,NA,0,NA,NA,NA,NA,NA,NA,NA,NA,NA,NA,NA,NA,NA,NA,60,NA,NA,NA,NA,NA,NA,NA,NA,NA,3300,NA,NA,NA,NA,0,NA,NA,NA,NA
M19 [Other Items],19.9',IFA Syrup (Paediatric),2. Stocks Received,0,NA,NA,NA,NA,0,NA,NA,NA,NA,0,NA,NA,NA,NA,0,NA,NA,NA,NA,0,NA,NA,NA,NA,0,NA,NA,NA,NA,0,NA,NA,NA,NA,0,NA,NA,NA,NA,NA,NA,NA,NA,NA,NA,NA,NA,NA,NA,NA,NA,NA,NA,NA,NA,NA,NA,NA,NA,0,NA,NA,NA,NA,0,NA,NA,NA,NA,NA,NA,NA,NA,NA,NA,NA,NA,NA,NA,0,NA,NA,NA,NA,0,NA,NA,NA,NA,0,NA,NA,NA,NA,0,NA,NA,NA,NA,0,NA,NA,NA,NA,0,NA,NA,NA,NA,NA,NA,NA,NA,NA,NA,NA,NA,NA,NA,0,NA,NA,NA,NA,NA,NA,NA,NA,NA,0,NA,NA,NA,NA,0,NA,NA,NA,NA
M19 [Other Items],19.9',IFA Syrup (Paediatric),3. Unusable Stock,0,NA,NA,NA,NA,0,NA,NA,NA,NA,0,NA,NA,NA,NA,NA,NA,NA,NA,NA,0,NA,NA,NA,NA,NA,NA,NA,NA,NA,0,NA,NA,NA,NA,0,NA,NA,NA,NA,NA,NA,NA,NA,NA,NA,NA,NA,NA,NA,NA,NA,NA,NA,NA,NA,NA,NA,NA,NA,0,NA,NA,NA,NA,0,NA,NA,NA,NA,NA,NA,NA,NA,NA,NA,NA,NA,NA,NA,0,NA,NA,NA,NA,0,NA,NA,NA,NA,0,NA,NA,NA,NA,0,NA,NA,NA,NA,0,NA,NA,NA,NA,0,NA,NA,NA,NA,NA,NA,NA,NA,NA,NA,NA,NA,NA,NA,0,NA,NA,NA,NA,NA,NA,NA,NA,NA,0,NA,NA,NA,NA,0,NA,NA,NA,NA
M19 [Other Items],19.9',IFA Syrup (Paediatric),4. Stock Distributed,6580,NA,NA,NA,NA,50,NA,NA,NA,NA,0,NA,NA,NA,NA,0,NA,NA,NA,NA,0,NA,NA,NA,NA,NA,NA,NA,NA,NA,0,NA,NA,NA,NA,0,NA,NA,NA,NA,NA,NA,NA,NA,NA,NA,NA,NA,NA,NA,NA,NA,NA,NA,NA,NA,NA,NA,NA,NA,0,NA,NA,NA,NA,5250,NA,NA,NA,NA,NA,NA,NA,NA,NA,NA,NA,NA,NA,NA,0,NA,NA,NA,NA,0,NA,NA,NA,NA,0,NA,NA,NA,NA,0,NA,NA,NA,NA,0,NA,NA,NA,NA,0,NA,NA,NA,NA,NA,NA,NA,NA,NA,NA,NA,NA,NA,NA,0,NA,NA,NA,NA,NA,NA,NA,NA,NA,1280,NA,NA,NA,NA,0,NA,NA,NA,NA
M19 [Other Items],19.9',IFA Syrup (Paediatric),5. Total Stock,24255,NA,NA,NA,NA,60,NA,NA,NA,NA,400,NA,NA,NA,NA,0,NA,NA,NA,NA,0,NA,NA,NA,NA,0,NA,NA,NA,NA,0,NA,NA,NA,NA,0,NA,NA,NA,NA,NA,NA,NA,NA,NA,0,NA,NA,NA,NA,0,NA,NA,NA,NA,0,NA,NA,NA,NA,101,NA,NA,NA,NA,200,NA,NA,NA,NA,0,NA,NA,NA,NA,NA,NA,NA,NA,NA,0,NA,NA,NA,NA,21414,NA,NA,NA,NA,0,NA,NA,NA,NA,0,NA,NA,NA,NA,0,NA,NA,NA,NA,0,NA,NA,NA,NA,NA,NA,NA,NA,NA,0,NA,NA,NA,NA,60,NA,NA,NA,NA,0,NA,NA,NA,NA,2020,NA,NA,NA,NA,0,NA,NA,NA,NA
M19 [Other Items],'19.10',Paediatrics Antibiotics ( Amoxycillin and Injectable Gentamicin),1. Balance From Previous Month,266763,NA,NA,NA,NA,4340,NA,NA,NA,NA,20330,NA,NA,NA,NA,3540,NA,NA,NA,NA,1923,NA,NA,NA,NA,5960,NA,NA,NA,NA,8835,NA,NA,NA,NA,0,NA,NA,NA,NA,NA,NA,NA,NA,NA,NA,NA,NA,NA,NA,NA,NA,NA,NA,NA,86200,NA,NA,NA,NA,53610,NA,NA,NA,NA,5430,NA,NA,NA,NA,NA,NA,NA,NA,NA,NA,NA,NA,NA,NA,0,NA,NA,NA,NA,0,NA,NA,NA,NA,26505,NA,NA,NA,NA,2070,NA,NA,NA,NA,25520,NA,NA,NA,NA,17670,NA,NA,NA,NA,NA,NA,NA,NA,NA,NA,NA,NA,NA,NA,3730,NA,NA,NA,NA,NA,NA,NA,NA,NA,0,NA,NA,NA,NA,1100,NA,NA,NA,NA
M19 [Other Items],19.10',Paediatrics Antibiotics ( Amoxycillin and Injectable Gentamicin),2. Stocks Received,0,NA,NA,NA,NA,0,NA,NA,NA,NA,0,NA,NA,NA,NA,0,NA,NA,NA,NA,0,NA,NA,NA,NA,NA,NA,NA,NA,NA,0,NA,NA,NA,NA,0,NA,NA,NA,NA,NA,NA,NA,NA,NA,NA,NA,NA,NA,NA,NA,NA,NA,NA,NA,0,NA,NA,NA,NA,0,NA,NA,NA,NA,0,NA,NA,NA,NA,NA,NA,NA,NA,NA,NA,NA,NA,NA,NA,0,NA,NA,NA,NA,0,NA,NA,NA,NA,0,NA,NA,NA,NA,0,NA,NA,NA,NA,0,NA,NA,NA,NA,0,NA,NA,NA,NA,NA,NA,NA,NA,NA,NA,NA,NA,NA,NA,0,NA,NA,NA,NA,NA,NA,NA,NA,NA,0,NA,NA,NA,NA,0,NA,NA,NA,NA
M19 [Other Items],19.10',Paediatrics Antibiotics ( Amoxycillin and Injectable Gentamicin),3. Unusable Stock,0,NA,NA,NA,NA,0,NA,NA,NA,NA,0,NA,NA,NA,NA,NA,NA,NA,NA,NA,0,NA,NA,NA,NA,NA,NA,NA,NA,NA,0,NA,NA,NA,NA,0,NA,NA,NA,NA,NA,NA,NA,NA,NA,NA,NA,NA,NA,NA,NA,NA,NA,NA,NA,NA,NA,NA,NA,NA,0,NA,NA,NA,NA,0,NA,NA,NA,NA,NA,NA,NA,NA,NA,NA,NA,NA,NA,NA,0,NA,NA,NA,NA,0,NA,NA,NA,NA,0,NA,NA,NA,NA,0,NA,NA,NA,NA,0,NA,NA,NA,NA,0,NA,NA,NA,NA,NA,NA,NA,NA,NA,NA,NA,NA,NA,NA,0,NA,NA,NA,NA,NA,NA,NA,NA,NA,0,NA,NA,NA,NA,0,NA,NA,NA,NA
M19 [Other Items],19.10',Paediatrics Antibiotics ( Amoxycillin and Injectable Gentamicin),4. Stock Distributed,71815,NA,NA,NA,NA,2060,NA,NA,NA,NA,14040,NA,NA,NA,NA,865,NA,NA,NA,NA,650,NA,NA,NA,NA,1780,NA,NA,NA,NA,7305,NA,NA,NA,NA,0,NA,NA,NA,NA,NA,NA,NA,NA,NA,NA,NA,NA,NA,NA,NA,NA,NA,NA,NA,38300,NA,NA,NA,NA,2200,NA,NA,NA,NA,150,NA,NA,NA,NA,NA,NA,NA,NA,NA,NA,NA,NA,NA,NA,0,NA,NA,NA,NA,0,NA,NA,NA,NA,1295,NA,NA,NA,NA,100,NA,NA,NA,NA,1200,NA,NA,NA,NA,570,NA,NA,NA,NA,NA,NA,NA,NA,NA,NA,NA,NA,NA,NA,200,NA,NA,NA,NA,NA,NA,NA,NA,NA,0,NA,NA,NA,NA,1100,NA,NA,NA,NA
M19 [Other Items],19.10',Paediatrics Antibiotics ( Amoxycillin and Injectable Gentamicin),5. Total Stock,194948,NA,NA,NA,NA,2280,NA,NA,NA,NA,6290,NA,NA,NA,NA,2675,NA,NA,NA,NA,1273,NA,NA,NA,NA,4180,NA,NA,NA,NA,1530,NA,NA,NA,NA,0,NA,NA,NA,NA,NA,NA,NA,NA,NA,0,NA,NA,NA,NA,0,NA,NA,NA,NA,47900,NA,NA,NA,NA,51410,NA,NA,NA,NA,5280,NA,NA,NA,NA,0,NA,NA,NA,NA,NA,NA,NA,NA,NA,0,NA,NA,NA,NA,0,NA,NA,NA,NA,25210,NA,NA,NA,NA,1970,NA,NA,NA,NA,24320,NA,NA,NA,NA,17100,NA,NA,NA,NA,NA,NA,NA,NA,NA,0,NA,NA,NA,NA,3530,NA,NA,NA,NA,0,NA,NA,NA,NA,0,NA,NA,NA,NA,0,NA,NA,NA,NA
M19 [Other Items],'19.11',Vit A syrup,1. Balance From Previous Month,896,NA,NA,NA,NA,10,NA,NA,NA,NA,226,NA,NA,NA,NA,81,NA,NA,NA,NA,0,NA,NA,NA,NA,4,NA,NA,NA,NA,90,NA,NA,NA,NA,0,NA,NA,NA,NA,NA,NA,NA,NA,NA,NA,NA,NA,NA,NA,NA,NA,NA,NA,NA,150,NA,NA,NA,NA,301,NA,NA,NA,NA,0,NA,NA,NA,NA,NA,NA,NA,NA,NA,NA,NA,NA,NA,NA,0,NA,NA,NA,NA,2,NA,NA,NA,NA,2,NA,NA,NA,NA,2,NA,NA,NA,NA,9,NA,NA,NA,NA,0,NA,NA,NA,NA,NA,NA,NA,NA,NA,NA,NA,NA,NA,NA,19,NA,NA,NA,NA,NA,NA,NA,NA,NA,0,NA,NA,NA,NA,0,NA,NA,NA,NA
M19 [Other Items],19.11',Vit A syrup,2. Stocks Received,0,NA,NA,NA,NA,0,NA,NA,NA,NA,0,NA,NA,NA,NA,0,NA,NA,NA,NA,0,NA,NA,NA,NA,NA,NA,NA,NA,NA,0,NA,NA,NA,NA,0,NA,NA,NA,NA,NA,NA,NA,NA,NA,NA,NA,NA,NA,NA,NA,NA,NA,NA,NA,0,NA,NA,NA,NA,0,NA,NA,NA,NA,0,NA,NA,NA,NA,NA,NA,NA,NA,NA,NA,NA,NA,NA,NA,0,NA,NA,NA,NA,0,NA,NA,NA,NA,0,NA,NA,NA,NA,0,NA,NA,NA,NA,0,NA,NA,NA,NA,0,NA,NA,NA,NA,NA,NA,NA,NA,NA,NA,NA,NA,NA,NA,0,NA,NA,NA,NA,NA,NA,NA,NA,NA,0,NA,NA,NA,NA,0,NA,NA,NA,NA
M19 [Other Items],19.11',Vit A syrup,3. Unusable Stock,0,NA,NA,NA,NA,0,NA,NA,NA,NA,0,NA,NA,NA,NA,NA,NA,NA,NA,NA,0,NA,NA,NA,NA,NA,NA,NA,NA,NA,0,NA,NA,NA,NA,0,NA,NA,NA,NA,NA,NA,NA,NA,NA,NA,NA,NA,NA,NA,NA,NA,NA,NA,NA,NA,NA,NA,NA,NA,0,NA,NA,NA,NA,0,NA,NA,NA,NA,NA,NA,NA,NA,NA,NA,NA,NA,NA,NA,0,NA,NA,NA,NA,0,NA,NA,NA,NA,0,NA,NA,NA,NA,0,NA,NA,NA,NA,0,NA,NA,NA,NA,0,NA,NA,NA,NA,NA,NA,NA,NA,NA,NA,NA,NA,NA,NA,0,NA,NA,NA,NA,NA,NA,NA,NA,NA,0,NA,NA,NA,NA,0,NA,NA,NA,NA
M19 [Other Items],19.11',Vit A syrup,4. Stock Distributed,192,NA,NA,NA,NA,0,NA,NA,NA,NA,113,NA,NA,NA,NA,30,NA,NA,NA,NA,0,NA,NA,NA,NA,NA,NA,NA,NA,NA,33,NA,NA,NA,NA,0,NA,NA,NA,NA,NA,NA,NA,NA,NA,NA,NA,NA,NA,NA,NA,NA,NA,NA,NA,0,NA,NA,NA,NA,0,NA,NA,NA,NA,0,NA,NA,NA,NA,NA,NA,NA,NA,NA,NA,NA,NA,NA,NA,0,NA,NA,NA,NA,0,NA,NA,NA,NA,0,NA,NA,NA,NA,2,NA,NA,NA,NA,0,NA,NA,NA,NA,0,NA,NA,NA,NA,NA,NA,NA,NA,NA,NA,NA,NA,NA,NA,14,NA,NA,NA,NA,NA,NA,NA,NA,NA,0,NA,NA,NA,NA,0,NA,NA,NA,NA
M19 [Other Items],19.11',Vit A syrup,5. Total Stock,704,NA,NA,NA,NA,10,NA,NA,NA,NA,113,NA,NA,NA,NA,51,NA,NA,NA,NA,0,NA,NA,NA,NA,4,NA,NA,NA,NA,57,NA,NA,NA,NA,0,NA,NA,NA,NA,NA,NA,NA,NA,NA,0,NA,NA,NA,NA,0,NA,NA,NA,NA,150,NA,NA,NA,NA,301,NA,NA,NA,NA,0,NA,NA,NA,NA,0,NA,NA,NA,NA,NA,NA,NA,NA,NA,0,NA,NA,NA,NA,2,NA,NA,NA,NA,2,NA,NA,NA,NA,0,NA,NA,NA,NA,9,NA,NA,NA,NA,0,NA,NA,NA,NA,NA,NA,NA,NA,NA,0,NA,NA,NA,NA,5,NA,NA,NA,NA,0,NA,NA,NA,NA,0,NA,NA,NA,NA,0,NA,NA,NA,NA
M19 [Other Items],'19.12',ORS (New WHO),1. Balance From Previous Month,672979,NA,NA,NA,NA,2950,NA,NA,NA,NA,61520,NA,NA,NA,NA,40750,NA,NA,NA,NA,111504,NA,NA,NA,NA,17150,NA,NA,NA,NA,13500,NA,NA,NA,NA,14150,NA,NA,NA,NA,NA,NA,NA,NA,NA,NA,NA,NA,NA,NA,NA,NA,NA,NA,NA,9300,NA,NA,NA,NA,18470,NA,NA,NA,NA,95350,NA,NA,NA,NA,NA,NA,NA,NA,NA,NA,NA,NA,NA,NA,0,NA,NA,NA,NA,58395,NA,NA,NA,NA,53640,NA,NA,NA,NA,55300,NA,NA,NA,NA,40800,NA,NA,NA,NA,16150,NA,NA,NA,NA,NA,NA,NA,NA,NA,NA,NA,NA,NA,NA,28375,NA,NA,NA,NA,NA,NA,NA,NA,NA,13475,NA,NA,NA,NA,22200,NA,NA,NA,NA
M19 [Other Items],19.12',ORS (New WHO),2. Stocks Received,0,NA,NA,NA,NA,0,NA,NA,NA,NA,0,NA,NA,NA,NA,0,NA,NA,NA,NA,0,NA,NA,NA,NA,NA,NA,NA,NA,NA,0,NA,NA,NA,NA,0,NA,NA,NA,NA,NA,NA,NA,NA,NA,NA,NA,NA,NA,NA,NA,NA,NA,NA,NA,0,NA,NA,NA,NA,0,NA,NA,NA,NA,0,NA,NA,NA,NA,NA,NA,NA,NA,NA,NA,NA,NA,NA,NA,0,NA,NA,NA,NA,0,NA,NA,NA,NA,0,NA,NA,NA,NA,0,NA,NA,NA,NA,0,NA,NA,NA,NA,0,NA,NA,NA,NA,NA,NA,NA,NA,NA,NA,NA,NA,NA,NA,0,NA,NA,NA,NA,NA,NA,NA,NA,NA,0,NA,NA,NA,NA,0,NA,NA,NA,NA
M19 [Other Items],19.12',ORS (New WHO),3. Unusable Stock,0,NA,NA,NA,NA,0,NA,NA,NA,NA,0,NA,NA,NA,NA,NA,NA,NA,NA,NA,0,NA,NA,NA,NA,NA,NA,NA,NA,NA,0,NA,NA,NA,NA,0,NA,NA,NA,NA,NA,NA,NA,NA,NA,NA,NA,NA,NA,NA,NA,NA,NA,NA,NA,NA,NA,NA,NA,NA,0,NA,NA,NA,NA,0,NA,NA,NA,NA,NA,NA,NA,NA,NA,NA,NA,NA,NA,NA,0,NA,NA,NA,NA,0,NA,NA,NA,NA,0,NA,NA,NA,NA,0,NA,NA,NA,NA,0,NA,NA,NA,NA,0,NA,NA,NA,NA,NA,NA,NA,NA,NA,NA,NA,NA,NA,NA,0,NA,NA,NA,NA,NA,NA,NA,NA,NA,0,NA,NA,NA,NA,0,NA,NA,NA,NA
M19 [Other Items],19.12',ORS (New WHO),4. Stock Distributed,294235,NA,NA,NA,NA,2800,NA,NA,NA,NA,49960,NA,NA,NA,NA,17800,NA,NA,NA,NA,30350,NA,NA,NA,NA,16950,NA,NA,NA,NA,13200,NA,NA,NA,NA,13050,NA,NA,NA,NA,NA,NA,NA,NA,NA,NA,NA,NA,NA,NA,NA,NA,NA,NA,NA,7500,NA,NA,NA,NA,18470,NA,NA,NA,NA,13050,NA,NA,NA,NA,NA,NA,NA,NA,NA,NA,NA,NA,NA,NA,0,NA,NA,NA,NA,33000,NA,NA,NA,NA,5680,NA,NA,NA,NA,12000,NA,NA,NA,NA,6600,NA,NA,NA,NA,4450,NA,NA,NA,NA,NA,NA,NA,NA,NA,NA,NA,NA,NA,NA,15275,NA,NA,NA,NA,NA,NA,NA,NA,NA,11900,NA,NA,NA,NA,22200,NA,NA,NA,NA
M19 [Other Items],19.12',ORS (New WHO),5. Total Stock,338744,NA,NA,NA,NA,150,NA,NA,NA,NA,11560,NA,NA,NA,NA,22950,NA,NA,NA,NA,81154,NA,NA,NA,NA,200,NA,NA,NA,NA,300,NA,NA,NA,NA,1100,NA,NA,NA,NA,NA,NA,NA,NA,NA,NA,NA,NA,NA,NA,NA,NA,NA,NA,NA,1800,NA,NA,NA,NA,0,NA,NA,NA,NA,42300,NA,NA,NA,NA,NA,NA,NA,NA,NA,NA,NA,NA,NA,NA,0,NA,NA,NA,NA,25395,NA,NA,NA,NA,47960,NA,NA,NA,NA,43300,NA,NA,NA,NA,34200,NA,NA,NA,NA,11700,NA,NA,NA,NA,NA,NA,NA,NA,NA,NA,NA,NA,NA,NA,13100,NA,NA,NA,NA,NA,NA,NA,NA,NA,1575,NA,NA,NA,NA,0,NA,NA,NA,NA
M19 [Other Items],'19.13',RTI /STI colour coded syndromic kits ( I to VII),1. Balance From Previous Month,1132,NA,NA,NA,NA,1132,NA,NA,NA,NA,0,NA,NA,NA,NA,NA,NA,NA,NA,NA,0,NA,NA,NA,NA,0,NA,NA,NA,NA,0,NA,NA,NA,NA,0,NA,NA,NA,NA,NA,NA,NA,NA,NA,NA,NA,NA,NA,NA,NA,NA,NA,NA,NA,NA,NA,NA,NA,NA,NA,NA,NA,NA,NA,0,NA,NA,NA,NA,NA,NA,NA,NA,NA,NA,NA,NA,NA,NA,0,NA,NA,NA,NA,0,NA,NA,NA,NA,0,NA,NA,NA,NA,0,NA,NA,NA,NA,NA,NA,NA,NA,NA,0,NA,NA,NA,NA,NA,NA,NA,NA,NA,NA,NA,NA,NA,NA,0,NA,NA,NA,NA,NA,NA,NA,NA,NA,0,NA,NA,NA,NA,0,NA,NA,NA,NA
M19 [Other Items],19.13',RTI /STI colour coded syndromic kits ( I to VII),2. Stocks Received,0,NA,NA,NA,NA,0,NA,NA,NA,NA,0,NA,NA,NA,NA,0,NA,NA,NA,NA,0,NA,NA,NA,NA,0,NA,NA,NA,NA,0,NA,NA,NA,NA,0,NA,NA,NA,NA,NA,NA,NA,NA,NA,NA,NA,NA,NA,NA,NA,NA,NA,NA,NA,NA,NA,NA,NA,NA,NA,NA,NA,NA,NA,0,NA,NA,NA,NA,NA,NA,NA,NA,NA,NA,NA,NA,NA,NA,0,NA,NA,NA,NA,0,NA,NA,NA,NA,0,NA,NA,NA,NA,0,NA,NA,NA,NA,NA,NA,NA,NA,NA,0,NA,NA,NA,NA,NA,NA,NA,NA,NA,NA,NA,NA,NA,NA,0,NA,NA,NA,NA,NA,NA,NA,NA,NA,0,NA,NA,NA,NA,0,NA,NA,NA,NA
M19 [Other Items],19.13',RTI /STI colour coded syndromic kits ( I to VII),3. Unusable Stock,0,NA,NA,NA,NA,0,NA,NA,NA,NA,0,NA,NA,NA,NA,NA,NA,NA,NA,NA,0,NA,NA,NA,NA,NA,NA,NA,NA,NA,0,NA,NA,NA,NA,0,NA,NA,NA,NA,NA,NA,NA,NA,NA,NA,NA,NA,NA,NA,NA,NA,NA,NA,NA,NA,NA,NA,NA,NA,NA,NA,NA,NA,NA,0,NA,NA,NA,NA,NA,NA,NA,NA,NA,NA,NA,NA,NA,NA,0,NA,NA,NA,NA,0,NA,NA,NA,NA,0,NA,NA,NA,NA,0,NA,NA,NA,NA,NA,NA,NA,NA,NA,0,NA,NA,NA,NA,NA,NA,NA,NA,NA,NA,NA,NA,NA,NA,0,NA,NA,NA,NA,NA,NA,NA,NA,NA,0,NA,NA,NA,NA,0,NA,NA,NA,NA
M19 [Other Items],19.13',RTI /STI colour coded syndromic kits ( I to VII),4. Stock Distributed,0,NA,NA,NA,NA,0,NA,NA,NA,NA,0,NA,NA,NA,NA,0,NA,NA,NA,NA,0,NA,NA,NA,NA,NA,NA,NA,NA,NA,0,NA,NA,NA,NA,0,NA,NA,NA,NA,NA,NA,NA,NA,NA,NA,NA,NA,NA,NA,NA,NA,NA,NA,NA,NA,NA,NA,NA,NA,NA,NA,NA,NA,NA,0,NA,NA,NA,NA,NA,NA,NA,NA,NA,NA,NA,NA,NA,NA,0,NA,NA,NA,NA,0,NA,NA,NA,NA,0,NA,NA,NA,NA,0,NA,NA,NA,NA,NA,NA,NA,NA,NA,0,NA,NA,NA,NA,NA,NA,NA,NA,NA,NA,NA,NA,NA,NA,0,NA,NA,NA,NA,NA,NA,NA,NA,NA,0,NA,NA,NA,NA,0,NA,NA,NA,NA
M19 [Other Items],19.13',RTI /STI colour coded syndromic kits ( I to VII),5. Total Stock,1132,NA,NA,NA,NA,1132,NA,NA,NA,NA,0,NA,NA,NA,NA,0,NA,NA,NA,NA,0,NA,NA,NA,NA,0,NA,NA,NA,NA,0,NA,NA,NA,NA,0,NA,NA,NA,NA,NA,NA,NA,NA,NA,NA,NA,NA,NA,NA,NA,NA,NA,NA,NA,NA,NA,NA,NA,NA,NA,NA,NA,NA,NA,0,NA,NA,NA,NA,NA,NA,NA,NA,NA,NA,NA,NA,NA,NA,0,NA,NA,NA,NA,0,NA,NA,NA,NA,0,NA,NA,NA,NA,0,NA,NA,NA,NA,NA,NA,NA,NA,NA,0,NA,NA,NA,NA,NA,NA,NA,NA,NA,NA,NA,NA,NA,NA,0,NA,NA,NA,NA,NA,NA,NA,NA,NA,0,NA,NA,NA,NA,0,NA,NA,NA,NA
M19 [Other Items],'19.14',Zinc 20 mg tablet,1. Balance From Previous Month,729522,NA,NA,NA,NA,87416,NA,NA,NA,NA,11400,NA,NA,NA,NA,131818,NA,NA,NA,NA,66966,NA,NA,NA,NA,0,NA,NA,NA,NA,50400,NA,NA,NA,NA,6888,NA,NA,NA,NA,NA,NA,NA,NA,NA,NA,NA,NA,NA,NA,NA,NA,NA,NA,NA,0,NA,NA,NA,NA,NA,NA,NA,NA,NA,3840,NA,NA,NA,NA,NA,NA,NA,NA,NA,NA,NA,NA,NA,NA,0,NA,NA,NA,NA,59898,NA,NA,NA,NA,800,NA,NA,NA,NA,266796,NA,NA,NA,NA,NA,NA,NA,NA,NA,43120,NA,NA,NA,NA,NA,NA,NA,NA,NA,NA,NA,NA,NA,NA,0,NA,NA,NA,NA,NA,NA,NA,NA,NA,0,NA,NA,NA,NA,180,NA,NA,NA,NA
M19 [Other Items],19.14',Zinc 20 mg tablet,2. Stocks Received,0,NA,NA,NA,NA,0,NA,NA,NA,NA,0,NA,NA,NA,NA,0,NA,NA,NA,NA,0,NA,NA,NA,NA,0,NA,NA,NA,NA,0,NA,NA,NA,NA,0,NA,NA,NA,NA,NA,NA,NA,NA,NA,NA,NA,NA,NA,NA,NA,NA,NA,NA,NA,0,NA,NA,NA,NA,NA,NA,NA,NA,NA,0,NA,NA,NA,NA,NA,NA,NA,NA,NA,NA,NA,NA,NA,NA,0,NA,NA,NA,NA,0,NA,NA,NA,NA,0,NA,NA,NA,NA,0,NA,NA,NA,NA,NA,NA,NA,NA,NA,0,NA,NA,NA,NA,NA,NA,NA,NA,NA,NA,NA,NA,NA,NA,0,NA,NA,NA,NA,NA,NA,NA,NA,NA,0,NA,NA,NA,NA,0,NA,NA,NA,NA
M19 [Other Items],19.14',Zinc 20 mg tablet,3. Unusable Stock,0,NA,NA,NA,NA,0,NA,NA,NA,NA,0,NA,NA,NA,NA,NA,NA,NA,NA,NA,0,NA,NA,NA,NA,NA,NA,NA,NA,NA,0,NA,NA,NA,NA,0,NA,NA,NA,NA,NA,NA,NA,NA,NA,NA,NA,NA,NA,NA,NA,NA,NA,NA,NA,NA,NA,NA,NA,NA,NA,NA,NA,NA,NA,0,NA,NA,NA,NA,NA,NA,NA,NA,NA,NA,NA,NA,NA,NA,0,NA,NA,NA,NA,0,NA,NA,NA,NA,0,NA,NA,NA,NA,0,NA,NA,NA,NA,NA,NA,NA,NA,NA,0,NA,NA,NA,NA,NA,NA,NA,NA,NA,NA,NA,NA,NA,NA,0,NA,NA,NA,NA,NA,NA,NA,NA,NA,0,NA,NA,NA,NA,0,NA,NA,NA,NA
M19 [Other Items],19.14',Zinc 20 mg tablet,4. Stock Distributed,204934,NA,NA,NA,NA,16300,NA,NA,NA,NA,11400,NA,NA,NA,NA,39200,NA,NA,NA,NA,15800,NA,NA,NA,NA,NA,NA,NA,NA,NA,50400,NA,NA,NA,NA,4200,NA,NA,NA,NA,NA,NA,NA,NA,NA,NA,NA,NA,NA,NA,NA,NA,NA,NA,NA,0,NA,NA,NA,NA,NA,NA,NA,NA,NA,3840,NA,NA,NA,NA,NA,NA,NA,NA,NA,NA,NA,NA,NA,NA,0,NA,NA,NA,NA,20900,NA,NA,NA,NA,800,NA,NA,NA,NA,38814,NA,NA,NA,NA,NA,NA,NA,NA,NA,3100,NA,NA,NA,NA,NA,NA,NA,NA,NA,NA,NA,NA,NA,NA,0,NA,NA,NA,NA,NA,NA,NA,NA,NA,0,NA,NA,NA,NA,180,NA,NA,NA,NA
M19 [Other Items],19.14',Zinc 20 mg tablet,5. Total Stock,524588,NA,NA,NA,NA,71116,NA,NA,NA,NA,0,NA,NA,NA,NA,92618,NA,NA,NA,NA,51166,NA,NA,NA,NA,0,NA,NA,NA,NA,0,NA,NA,NA,NA,2688,NA,NA,NA,NA,NA,NA,NA,NA,NA,NA,NA,NA,NA,NA,NA,NA,NA,NA,NA,0,NA,NA,NA,NA,NA,NA,NA,NA,NA,0,NA,NA,NA,NA,NA,NA,NA,NA,NA,NA,NA,NA,NA,NA,0,NA,NA,NA,NA,38998,NA,NA,NA,NA,0,NA,NA,NA,NA,227982,NA,NA,NA,NA,NA,NA,NA,NA,NA,40020,NA,NA,NA,NA,NA,NA,NA,NA,NA,NA,NA,NA,NA,NA,0,NA,NA,NA,NA,NA,NA,NA,NA,NA,0,NA,NA,NA,NA,0,NA,NA,NA,NA
M19 [Other Items],'19.15',Albendazole 400 mg tablet,1. Balance From Previous Month,11580,NA,NA,NA,NA,300,NA,NA,NA,NA,20,NA,NA,NA,NA,0,NA,NA,NA,NA,0,NA,NA,NA,NA,100,NA,NA,NA,NA,60,NA,NA,NA,NA,0,NA,NA,NA,NA,NA,NA,NA,NA,NA,NA,NA,NA,NA,NA,NA,NA,NA,NA,NA,100,NA,NA,NA,NA,NA,NA,NA,NA,NA,0,NA,NA,NA,NA,NA,NA,NA,NA,NA,NA,NA,NA,NA,NA,0,NA,NA,NA,NA,0,NA,NA,NA,NA,0,NA,NA,NA,NA,0,NA,NA,NA,NA,NA,NA,NA,NA,NA,10000,NA,NA,NA,NA,NA,NA,NA,NA,NA,NA,NA,NA,NA,NA,0,NA,NA,NA,NA,NA,NA,NA,NA,NA,0,NA,NA,NA,NA,1000,NA,NA,NA,NA
M19 [Other Items],19.15',Albendazole 400 mg tablet,2. Stocks Received,0,NA,NA,NA,NA,0,NA,NA,NA,NA,0,NA,NA,NA,NA,0,NA,NA,NA,NA,0,NA,NA,NA,NA,NA,NA,NA,NA,NA,0,NA,NA,NA,NA,0,NA,NA,NA,NA,NA,NA,NA,NA,NA,NA,NA,NA,NA,NA,NA,NA,NA,NA,NA,0,NA,NA,NA,NA,NA,NA,NA,NA,NA,0,NA,NA,NA,NA,NA,NA,NA,NA,NA,NA,NA,NA,NA,NA,0,NA,NA,NA,NA,0,NA,NA,NA,NA,0,NA,NA,NA,NA,0,NA,NA,NA,NA,NA,NA,NA,NA,NA,0,NA,NA,NA,NA,NA,NA,NA,NA,NA,NA,NA,NA,NA,NA,0,NA,NA,NA,NA,NA,NA,NA,NA,NA,0,NA,NA,NA,NA,0,NA,NA,NA,NA
M19 [Other Items],19.15',Albendazole 400 mg tablet,3. Unusable Stock,0,NA,NA,NA,NA,0,NA,NA,NA,NA,0,NA,NA,NA,NA,NA,NA,NA,NA,NA,0,NA,NA,NA,NA,NA,NA,NA,NA,NA,0,NA,NA,NA,NA,0,NA,NA,NA,NA,NA,NA,NA,NA,NA,NA,NA,NA,NA,NA,NA,NA,NA,NA,NA,NA,NA,NA,NA,NA,NA,NA,NA,NA,NA,0,NA,NA,NA,NA,NA,NA,NA,NA,NA,NA,NA,NA,NA,NA,0,NA,NA,NA,NA,0,NA,NA,NA,NA,0,NA,NA,NA,NA,0,NA,NA,NA,NA,NA,NA,NA,NA,NA,0,NA,NA,NA,NA,NA,NA,NA,NA,NA,NA,NA,NA,NA,NA,0,NA,NA,NA,NA,NA,NA,NA,NA,NA,0,NA,NA,NA,NA,0,NA,NA,NA,NA
M19 [Other Items],19.15',Albendazole 400 mg tablet,4. Stock Distributed,1110,NA,NA,NA,NA,0,NA,NA,NA,NA,10,NA,NA,NA,NA,0,NA,NA,NA,NA,0,NA,NA,NA,NA,100,NA,NA,NA,NA,0,NA,NA,NA,NA,0,NA,NA,NA,NA,NA,NA,NA,NA,NA,NA,NA,NA,NA,NA,NA,NA,NA,NA,NA,0,NA,NA,NA,NA,NA,NA,NA,NA,NA,0,NA,NA,NA,NA,NA,NA,NA,NA,NA,NA,NA,NA,NA,NA,0,NA,NA,NA,NA,0,NA,NA,NA,NA,0,NA,NA,NA,NA,0,NA,NA,NA,NA,NA,NA,NA,NA,NA,0,NA,NA,NA,NA,NA,NA,NA,NA,NA,NA,NA,NA,NA,NA,0,NA,NA,NA,NA,NA,NA,NA,NA,NA,0,NA,NA,NA,NA,1000,NA,NA,NA,NA
M19 [Other Items],19.15',Albendazole 400 mg tablet,5. Total Stock,1470,NA,NA,NA,NA,300,NA,NA,NA,NA,10,NA,NA,NA,NA,0,NA,NA,NA,NA,0,NA,NA,NA,NA,0,NA,NA,NA,NA,60,NA,NA,NA,NA,0,NA,NA,NA,NA,NA,NA,NA,NA,NA,NA,NA,NA,NA,NA,NA,NA,NA,NA,NA,100,NA,NA,NA,NA,NA,NA,NA,NA,NA,0,NA,NA,NA,NA,NA,NA,NA,NA,NA,NA,NA,NA,NA,NA,0,NA,NA,NA,NA,0,NA,NA,NA,NA,0,NA,NA,NA,NA,0,NA,NA,NA,NA,NA,NA,NA,NA,NA,1000,NA,NA,NA,NA,NA,NA,NA,NA,NA,NA,NA,NA,NA,NA,0,NA,NA,NA,NA,NA,NA,NA,NA,NA,0,NA,NA,NA,NA,0,NA,NA,NA,NA
M19 [Other Items],'19.16',Calcium Tablets,1. Balance From Previous Month,21481371,NA,NA,NA,NA,5300,NA,NA,NA,NA,6214000,NA,NA,NA,NA,387700,NA,NA,NA,NA,7410477,NA,NA,NA,NA,813200,NA,NA,NA,NA,180670,NA,NA,NA,NA,37700,NA,NA,NA,NA,NA,NA,NA,NA,NA,NA,NA,NA,NA,NA,NA,NA,NA,NA,NA,2000,NA,NA,NA,NA,137380,NA,NA,NA,NA,692650,NA,NA,NA,NA,NA,NA,NA,NA,NA,NA,NA,NA,NA,NA,0,NA,NA,NA,NA,51634,NA,NA,NA,NA,0,NA,NA,NA,NA,1774000,NA,NA,NA,NA,1251300,NA,NA,NA,NA,21960,NA,NA,NA,NA,NA,NA,NA,NA,NA,NA,NA,NA,NA,NA,455900,NA,NA,NA,NA,NA,NA,NA,NA,NA,2045500,NA,NA,NA,NA,0,NA,NA,NA,NA
M19 [Other Items],19.16',Calcium Tablets,2. Stocks Received,0,NA,NA,NA,NA,0,NA,NA,NA,NA,0,NA,NA,NA,NA,0,NA,NA,NA,NA,0,NA,NA,NA,NA,NA,NA,NA,NA,NA,0,NA,NA,NA,NA,0,NA,NA,NA,NA,NA,NA,NA,NA,NA,NA,NA,NA,NA,NA,NA,NA,NA,NA,NA,0,NA,NA,NA,NA,0,NA,NA,NA,NA,0,NA,NA,NA,NA,NA,NA,NA,NA,NA,NA,NA,NA,NA,NA,0,NA,NA,NA,NA,0,NA,NA,NA,NA,0,NA,NA,NA,NA,0,NA,NA,NA,NA,0,NA,NA,NA,NA,0,NA,NA,NA,NA,NA,NA,NA,NA,NA,NA,NA,NA,NA,NA,0,NA,NA,NA,NA,NA,NA,NA,NA,NA,0,NA,NA,NA,NA,0,NA,NA,NA,NA
M19 [Other Items],19.16',Calcium Tablets,3. Unusable Stock,0,NA,NA,NA,NA,0,NA,NA,NA,NA,0,NA,NA,NA,NA,NA,NA,NA,NA,NA,0,NA,NA,NA,NA,NA,NA,NA,NA,NA,0,NA,NA,NA,NA,0,NA,NA,NA,NA,NA,NA,NA,NA,NA,NA,NA,NA,NA,NA,NA,NA,NA,NA,NA,NA,NA,NA,NA,NA,0,NA,NA,NA,NA,0,NA,NA,NA,NA,NA,NA,NA,NA,NA,NA,NA,NA,NA,NA,0,NA,NA,NA,NA,0,NA,NA,NA,NA,0,NA,NA,NA,NA,0,NA,NA,NA,NA,0,NA,NA,NA,NA,0,NA,NA,NA,NA,NA,NA,NA,NA,NA,NA,NA,NA,NA,NA,0,NA,NA,NA,NA,NA,NA,NA,NA,NA,0,NA,NA,NA,NA,0,NA,NA,NA,NA
M19 [Other Items],19.16',Calcium Tablets,4. Stock Distributed,7870780,NA,NA,NA,NA,1000,NA,NA,NA,NA,4010400,NA,NA,NA,NA,329000,NA,NA,NA,NA,2058500,NA,NA,NA,NA,248400,NA,NA,NA,NA,180670,NA,NA,NA,NA,26800,NA,NA,NA,NA,NA,NA,NA,NA,NA,NA,NA,NA,NA,NA,NA,NA,NA,NA,NA,0,NA,NA,NA,NA,34700,NA,NA,NA,NA,155050,NA,NA,NA,NA,NA,NA,NA,NA,NA,NA,NA,NA,NA,NA,0,NA,NA,NA,NA,14000,NA,NA,NA,NA,0,NA,NA,NA,NA,213900,NA,NA,NA,NA,52000,NA,NA,NA,NA,21960,NA,NA,NA,NA,NA,NA,NA,NA,NA,NA,NA,NA,NA,NA,84000,NA,NA,NA,NA,NA,NA,NA,NA,NA,440400,NA,NA,NA,NA,0,NA,NA,NA,NA
M19 [Other Items],19.16',Calcium Tablets,5. Total Stock,13611491,NA,NA,NA,NA,4300,NA,NA,NA,NA,2203600,NA,NA,NA,NA,58700,NA,NA,NA,NA,5351977,NA,NA,NA,NA,564800,NA,NA,NA,NA,0,NA,NA,NA,NA,10900,NA,NA,NA,NA,NA,NA,NA,NA,NA,NA,NA,NA,NA,NA,NA,NA,NA,NA,NA,2000,NA,NA,NA,NA,102680,NA,NA,NA,NA,538500,NA,NA,NA,NA,NA,NA,NA,NA,NA,NA,NA,NA,NA,NA,0,NA,NA,NA,NA,37634,NA,NA,NA,NA,0,NA,NA,NA,NA,1560100,NA,NA,NA,NA,1199300,NA,NA,NA,NA,0,NA,NA,NA,NA,NA,NA,NA,NA,NA,NA,NA,NA,NA,NA,371900,NA,NA,NA,NA,NA,NA,NA,NA,NA,1605100,NA,NA,NA,NA,0,NA,NA,NA,NA
M20 [Syringes],'20.1',Syringes - 0.1 ml (AD),1. Balance From Previous Month,598965,NA,NA,NA,NA,14500,NA,NA,NA,NA,62370,NA,NA,NA,NA,1700,NA,NA,NA,NA,29020,NA,NA,NA,NA,10600,NA,NA,NA,NA,24915,NA,NA,NA,NA,25900,NA,NA,NA,NA,NA,NA,NA,NA,NA,5000,NA,NA,NA,NA,3200,NA,NA,NA,NA,3750,NA,NA,NA,NA,7400,NA,NA,NA,NA,65200,NA,NA,NA,NA,12450,NA,NA,NA,NA,NA,NA,NA,NA,NA,52200,NA,NA,NA,NA,34370,NA,NA,NA,NA,79200,NA,NA,NA,NA,31000,NA,NA,NA,NA,23900,NA,NA,NA,NA,35790,NA,NA,NA,NA,NA,NA,NA,NA,NA,23500,NA,NA,NA,NA,19300,NA,NA,NA,NA,5900,NA,NA,NA,NA,0,NA,NA,NA,NA,27800,NA,NA,NA,NA
M20 [Syringes],20.1',Syringes - 0.1 ml (AD),2. Stocks Received,163200,NA,NA,NA,NA,12800,NA,NA,NA,NA,0,NA,NA,NA,NA,12000,NA,NA,NA,NA,0,NA,NA,NA,NA,6000,NA,NA,NA,NA,0,NA,NA,NA,NA,0,NA,NA,NA,NA,NA,NA,NA,NA,NA,18000,NA,NA,NA,NA,0,NA,NA,NA,NA,8400,NA,NA,NA,NA,0,NA,NA,NA,NA,0,NA,NA,NA,NA,15000,NA,NA,NA,NA,NA,NA,NA,NA,NA,0,NA,NA,NA,NA,0,NA,NA,NA,NA,0,NA,NA,NA,NA,0,NA,NA,NA,NA,0,NA,NA,NA,NA,0,NA,NA,NA,NA,NA,NA,NA,NA,NA,79000,NA,NA,NA,NA,12000,NA,NA,NA,NA,0,NA,NA,NA,NA,0,NA,NA,NA,NA,0,NA,NA,NA,NA
M20 [Syringes],20.1',Syringes - 0.1 ml (AD),3. Unusable Stock,0,NA,NA,NA,NA,0,NA,NA,NA,NA,0,NA,NA,NA,NA,NA,NA,NA,NA,NA,0,NA,NA,NA,NA,NA,NA,NA,NA,NA,0,NA,NA,NA,NA,0,NA,NA,NA,NA,NA,NA,NA,NA,NA,0,NA,NA,NA,NA,0,NA,NA,NA,NA,NA,NA,NA,NA,NA,0,NA,NA,NA,NA,0,NA,NA,NA,NA,NA,NA,NA,NA,NA,NA,NA,NA,NA,NA,0,NA,NA,NA,NA,0,NA,NA,NA,NA,0,NA,NA,NA,NA,0,NA,NA,NA,NA,0,NA,NA,NA,NA,0,NA,NA,NA,NA,NA,NA,NA,NA,NA,0,NA,NA,NA,NA,0,NA,NA,NA,NA,0,NA,NA,NA,NA,0,NA,NA,NA,NA,0,NA,NA,NA,NA
M20 [Syringes],20.1',Syringes - 0.1 ml (AD),4. Stock Distributed,92765,NA,NA,NA,NA,1600,NA,NA,NA,NA,5700,NA,NA,NA,NA,1200,NA,NA,NA,NA,5260,NA,NA,NA,NA,1765,NA,NA,NA,NA,7050,NA,NA,NA,NA,3800,NA,NA,NA,NA,NA,NA,NA,NA,NA,2800,NA,NA,NA,NA,1000,NA,NA,NA,NA,4100,NA,NA,NA,NA,0,NA,NA,NA,NA,5000,NA,NA,NA,NA,2740,NA,NA,NA,NA,NA,NA,NA,NA,NA,7100,NA,NA,NA,NA,4550,NA,NA,NA,NA,6650,NA,NA,NA,NA,7300,NA,NA,NA,NA,6000,NA,NA,NA,NA,6650,NA,NA,NA,NA,NA,NA,NA,NA,NA,1800,NA,NA,NA,NA,2500,NA,NA,NA,NA,800,NA,NA,NA,NA,0,NA,NA,NA,NA,7400,NA,NA,NA,NA
M20 [Syringes],20.1',Syringes - 0.1 ml (AD),5. Total Stock,669400,NA,NA,NA,NA,25700,NA,NA,NA,NA,56670,NA,NA,NA,NA,12500,NA,NA,NA,NA,23760,NA,NA,NA,NA,14835,NA,NA,NA,NA,17865,NA,NA,NA,NA,22100,NA,NA,NA,NA,NA,NA,NA,NA,NA,20200,NA,NA,NA,NA,2200,NA,NA,NA,NA,8050,NA,NA,NA,NA,7400,NA,NA,NA,NA,60200,NA,NA,NA,NA,24710,NA,NA,NA,NA,NA,NA,NA,NA,NA,45100,NA,NA,NA,NA,29820,NA,NA,NA,NA,72550,NA,NA,NA,NA,23700,NA,NA,NA,NA,17900,NA,NA,NA,NA,29140,NA,NA,NA,NA,NA,NA,NA,NA,NA,100700,NA,NA,NA,NA,28800,NA,NA,NA,NA,5100,NA,NA,NA,NA,0,NA,NA,NA,NA,20400,NA,NA,NA,NA
M20 [Syringes],'20.2',Syringes - 0.5 ml (AD),1. Balance From Previous Month,2224391,NA,NA,NA,NA,10700,NA,NA,NA,NA,8000,NA,NA,NA,NA,50900,NA,NA,NA,NA,298580,NA,NA,NA,NA,107600,NA,NA,NA,NA,11300,NA,NA,NA,NA,368400,NA,NA,NA,NA,NA,NA,NA,NA,NA,48430,NA,NA,NA,NA,82200,NA,NA,NA,NA,34500,NA,NA,NA,NA,30600,NA,NA,NA,NA,268000,NA,NA,NA,NA,31890,NA,NA,NA,NA,NA,NA,NA,NA,NA,7200,NA,NA,NA,NA,208991,NA,NA,NA,NA,111400,NA,NA,NA,NA,48000,NA,NA,NA,NA,26000,NA,NA,NA,NA,4800,NA,NA,NA,NA,NA,NA,NA,NA,NA,257080,NA,NA,NA,NA,61700,NA,NA,NA,NA,68300,NA,NA,NA,NA,18020,NA,NA,NA,NA,61800,NA,NA,NA,NA
M20 [Syringes],20.2',Syringes - 0.5 ml (AD),2. Stocks Received,220000,NA,NA,NA,NA,30000,NA,NA,NA,NA,40000,NA,NA,NA,NA,0,NA,NA,NA,NA,0,NA,NA,NA,NA,NA,NA,NA,NA,NA,20000,NA,NA,NA,NA,0,NA,NA,NA,NA,NA,NA,NA,NA,NA,6000,NA,NA,NA,NA,0,NA,NA,NA,NA,12000,NA,NA,NA,NA,0,NA,NA,NA,NA,0,NA,NA,NA,NA,0,NA,NA,NA,NA,NA,NA,NA,NA,NA,32000,NA,NA,NA,NA,0,NA,NA,NA,NA,0,NA,NA,NA,NA,0,NA,NA,NA,NA,40000,NA,NA,NA,NA,40000,NA,NA,NA,NA,NA,NA,NA,NA,NA,0,NA,NA,NA,NA,0,NA,NA,NA,NA,0,NA,NA,NA,NA,0,NA,NA,NA,NA,0,NA,NA,NA,NA
M20 [Syringes],20.2',Syringes - 0.5 ml (AD),3. Unusable Stock,0,NA,NA,NA,NA,0,NA,NA,NA,NA,0,NA,NA,NA,NA,NA,NA,NA,NA,NA,0,NA,NA,NA,NA,NA,NA,NA,NA,NA,0,NA,NA,NA,NA,0,NA,NA,NA,NA,NA,NA,NA,NA,NA,0,NA,NA,NA,NA,0,NA,NA,NA,NA,NA,NA,NA,NA,NA,0,NA,NA,NA,NA,0,NA,NA,NA,NA,NA,NA,NA,NA,NA,NA,NA,NA,NA,NA,0,NA,NA,NA,NA,0,NA,NA,NA,NA,0,NA,NA,NA,NA,0,NA,NA,NA,NA,0,NA,NA,NA,NA,0,NA,NA,NA,NA,NA,NA,NA,NA,NA,0,NA,NA,NA,NA,0,NA,NA,NA,NA,0,NA,NA,NA,NA,0,NA,NA,NA,NA,0,NA,NA,NA,NA
M20 [Syringes],20.2',Syringes - 0.5 ml (AD),4. Stock Distributed,364302,NA,NA,NA,NA,6000,NA,NA,NA,NA,8000,NA,NA,NA,NA,14500,NA,NA,NA,NA,14060,NA,NA,NA,NA,7542,NA,NA,NA,NA,4000,NA,NA,NA,NA,52000,NA,NA,NA,NA,NA,NA,NA,NA,NA,14000,NA,NA,NA,NA,2000,NA,NA,NA,NA,10000,NA,NA,NA,NA,0,NA,NA,NA,NA,6000,NA,NA,NA,NA,5800,NA,NA,NA,NA,NA,NA,NA,NA,NA,30600,NA,NA,NA,NA,32000,NA,NA,NA,NA,30400,NA,NA,NA,NA,20000,NA,NA,NA,NA,26000,NA,NA,NA,NA,14000,NA,NA,NA,NA,NA,NA,NA,NA,NA,12000,NA,NA,NA,NA,5400,NA,NA,NA,NA,2000,NA,NA,NA,NA,0,NA,NA,NA,NA,48000,NA,NA,NA,NA
M20 [Syringes],20.2',Syringes - 0.5 ml (AD),5. Total Stock,2080089,NA,NA,NA,NA,34700,NA,NA,NA,NA,40000,NA,NA,NA,NA,36400,NA,NA,NA,NA,284520,NA,NA,NA,NA,100058,NA,NA,NA,NA,27300,NA,NA,NA,NA,316400,NA,NA,NA,NA,NA,NA,NA,NA,NA,40430,NA,NA,NA,NA,80200,NA,NA,NA,NA,36500,NA,NA,NA,NA,30600,NA,NA,NA,NA,262000,NA,NA,NA,NA,26090,NA,NA,NA,NA,NA,NA,NA,NA,NA,8600,NA,NA,NA,NA,176991,NA,NA,NA,NA,81000,NA,NA,NA,NA,28000,NA,NA,NA,NA,40000,NA,NA,NA,NA,30800,NA,NA,NA,NA,NA,NA,NA,NA,NA,245080,NA,NA,NA,NA,56300,NA,NA,NA,NA,66300,NA,NA,NA,NA,18020,NA,NA,NA,NA,13800,NA,NA,NA,NA
M20 [Syringes],'20.3',Syringes - 5.0 ml (Disposable),1. Balance From Previous Month,904223,NA,NA,NA,NA,35400,NA,NA,NA,NA,33460,NA,NA,NA,NA,7000,NA,NA,NA,NA,7580,NA,NA,NA,NA,19000,NA,NA,NA,NA,123820,NA,NA,NA,NA,3900,NA,NA,NA,NA,NA,NA,NA,NA,NA,NA,NA,NA,NA,NA,3047,NA,NA,NA,NA,11300,NA,NA,NA,NA,0,NA,NA,NA,NA,6600,NA,NA,NA,NA,3465,NA,NA,NA,NA,NA,NA,NA,NA,NA,6650,NA,NA,NA,NA,7000,NA,NA,NA,NA,14600,NA,NA,NA,NA,4700,NA,NA,NA,NA,458000,NA,NA,NA,NA,9925,NA,NA,NA,NA,NA,NA,NA,NA,NA,17676,NA,NA,NA,NA,118800,NA,NA,NA,NA,1700,NA,NA,NA,NA,7200,NA,NA,NA,NA,3400,NA,NA,NA,NA
M20 [Syringes],20.3',Syringes - 5.0 ml (Disposable),2. Stocks Received,21600,NA,NA,NA,NA,0,NA,NA,NA,NA,4800,NA,NA,NA,NA,7200,NA,NA,NA,NA,0,NA,NA,NA,NA,2400,NA,NA,NA,NA,0,NA,NA,NA,NA,0,NA,NA,NA,NA,NA,NA,NA,NA,NA,NA,NA,NA,NA,NA,0,NA,NA,NA,NA,0,NA,NA,NA,NA,0,NA,NA,NA,NA,0,NA,NA,NA,NA,0,NA,NA,NA,NA,NA,NA,NA,NA,NA,0,NA,NA,NA,NA,0,NA,NA,NA,NA,0,NA,NA,NA,NA,0,NA,NA,NA,NA,0,NA,NA,NA,NA,0,NA,NA,NA,NA,NA,NA,NA,NA,NA,0,NA,NA,NA,NA,7200,NA,NA,NA,NA,0,NA,NA,NA,NA,0,NA,NA,NA,NA,0,NA,NA,NA,NA
M20 [Syringes],20.3',Syringes - 5.0 ml (Disposable),3. Unusable Stock,0,NA,NA,NA,NA,0,NA,NA,NA,NA,0,NA,NA,NA,NA,NA,NA,NA,NA,NA,0,NA,NA,NA,NA,NA,NA,NA,NA,NA,0,NA,NA,NA,NA,0,NA,NA,NA,NA,NA,NA,NA,NA,NA,NA,NA,NA,NA,NA,0,NA,NA,NA,NA,NA,NA,NA,NA,NA,0,NA,NA,NA,NA,0,NA,NA,NA,NA,NA,NA,NA,NA,NA,NA,NA,NA,NA,NA,0,NA,NA,NA,NA,0,NA,NA,NA,NA,0,NA,NA,NA,NA,0,NA,NA,NA,NA,0,NA,NA,NA,NA,0,NA,NA,NA,NA,NA,NA,NA,NA,NA,0,NA,NA,NA,NA,0,NA,NA,NA,NA,0,NA,NA,NA,NA,0,NA,NA,NA,NA,0,NA,NA,NA,NA
M20 [Syringes],20.3',Syringes - 5.0 ml (Disposable),4. Stock Distributed,113524,NA,NA,NA,NA,8000,NA,NA,NA,NA,10930,NA,NA,NA,NA,13700,NA,NA,NA,NA,1850,NA,NA,NA,NA,8624,NA,NA,NA,NA,0,NA,NA,NA,NA,1700,NA,NA,NA,NA,NA,NA,NA,NA,NA,NA,NA,NA,NA,NA,400,NA,NA,NA,NA,1600,NA,NA,NA,NA,0,NA,NA,NA,NA,400,NA,NA,NA,NA,1080,NA,NA,NA,NA,NA,NA,NA,NA,NA,3500,NA,NA,NA,NA,2040,NA,NA,NA,NA,3000,NA,NA,NA,NA,1400,NA,NA,NA,NA,22500,NA,NA,NA,NA,5200,NA,NA,NA,NA,NA,NA,NA,NA,NA,1000,NA,NA,NA,NA,23200,NA,NA,NA,NA,200,NA,NA,NA,NA,0,NA,NA,NA,NA,3200,NA,NA,NA,NA
M20 [Syringes],20.3',Syringes - 5.0 ml (Disposable),5. Total Stock,812299,NA,NA,NA,NA,27400,NA,NA,NA,NA,27330,NA,NA,NA,NA,500,NA,NA,NA,NA,5730,NA,NA,NA,NA,12776,NA,NA,NA,NA,123820,NA,NA,NA,NA,2200,NA,NA,NA,NA,NA,NA,NA,NA,NA,0,NA,NA,NA,NA,2647,NA,NA,NA,NA,9700,NA,NA,NA,NA,0,NA,NA,NA,NA,6200,NA,NA,NA,NA,2385,NA,NA,NA,NA,NA,NA,NA,NA,NA,3150,NA,NA,NA,NA,4960,NA,NA,NA,NA,11600,NA,NA,NA,NA,3300,NA,NA,NA,NA,435500,NA,NA,NA,NA,4725,NA,NA,NA,NA,NA,NA,NA,NA,NA,16676,NA,NA,NA,NA,102800,NA,NA,NA,NA,1500,NA,NA,NA,NA,7200,NA,NA,NA,NA,200,NA,NA,NA,NA
M21 [Rashtriya Bal Swasthaya Karyakram (RBSK)],'21.1',Number of newborn screened for defects at birth (as per RBSK),TOTAL,15114,NA,NA,NA,NA,1,NA,NA,NA,NA,485,NA,NA,NA,NA,0,NA,NA,NA,NA,2670,NA,NA,NA,NA,449,NA,NA,NA,NA,746,NA,NA,NA,NA,941,NA,NA,NA,NA,NA,NA,NA,NA,NA,1727,NA,NA,NA,NA,205,NA,NA,NA,NA,1710,NA,NA,NA,NA,NA,NA,NA,NA,NA,565,NA,NA,NA,NA,500,NA,NA,NA,NA,NA,NA,NA,NA,NA,872,NA,NA,NA,NA,396,NA,NA,NA,NA,930,NA,NA,NA,NA,847,NA,NA,NA,NA,NA,NA,NA,NA,NA,NA,NA,NA,NA,NA,NA,NA,NA,NA,NA,121,NA,NA,NA,NA,586,NA,NA,NA,NA,NA,NA,NA,NA,NA,795,NA,NA,NA,NA,568,NA,NA,NA,NA
M21 [Rashtriya Bal Swasthaya Karyakram (RBSK)],'21.2',Number of children (6 month to 6 years) screened by RBSK mobile health teams at Anganwadi center,TOTAL,99022,NA,NA,NA,NA,3450,NA,NA,NA,NA,6270,NA,NA,NA,NA,7147,NA,NA,NA,NA,5133,NA,NA,NA,NA,1283,NA,NA,NA,NA,2928,NA,NA,NA,NA,6554,NA,NA,NA,NA,NA,NA,NA,NA,NA,8864,NA,NA,NA,NA,317,NA,NA,NA,NA,4058,NA,NA,NA,NA,NA,NA,NA,NA,NA,3462,NA,NA,NA,NA,8703,NA,NA,NA,NA,NA,NA,NA,NA,NA,8964,NA,NA,NA,NA,7700,NA,NA,NA,NA,643,NA,NA,NA,NA,2541,NA,NA,NA,NA,NA,NA,NA,NA,NA,4268,NA,NA,NA,NA,NA,NA,NA,NA,NA,6524,NA,NA,NA,NA,6896,NA,NA,NA,NA,NA,NA,NA,NA,NA,2279,NA,NA,NA,NA,1038,NA,NA,NA,NA
M21 [Rashtriya Bal Swasthaya Karyakram (RBSK)],'21.3',Number of children (6 years to 18 years) screened by RBSK mobile health teams at Govt and Govt aided schools,TOTAL,143643,NA,NA,NA,NA,8161,NA,NA,NA,NA,7328,NA,NA,NA,NA,2361,NA,NA,NA,NA,8631,NA,NA,NA,NA,3312,NA,NA,NA,NA,6831,NA,NA,NA,NA,3144,NA,NA,NA,NA,NA,NA,NA,NA,NA,5944,NA,NA,NA,NA,1448,NA,NA,NA,NA,5912,NA,NA,NA,NA,NA,NA,NA,NA,NA,9320,NA,NA,NA,NA,12131,NA,NA,NA,NA,NA,NA,NA,NA,NA,20030,NA,NA,NA,NA,6604,NA,NA,NA,NA,10360,NA,NA,NA,NA,5781,NA,NA,NA,NA,NA,NA,NA,NA,NA,2360,NA,NA,NA,NA,NA,NA,NA,NA,NA,3621,NA,NA,NA,NA,10190,NA,NA,NA,NA,NA,NA,NA,NA,NA,5545,NA,NA,NA,NA,4629,NA,NA,NA,NA
M21 [Rashtriya Bal Swasthaya Karyakram (RBSK)],'21.4.1.a',Number of Male children identified with Disease,TOTAL,6321,NA,NA,NA,NA,384,NA,NA,NA,NA,519,NA,NA,NA,NA,395,NA,NA,NA,NA,409,NA,NA,NA,NA,41,NA,NA,NA,NA,115,NA,NA,NA,NA,213,NA,NA,NA,NA,NA,NA,NA,NA,NA,161,NA,NA,NA,NA,76,NA,NA,NA,NA,258,NA,NA,NA,NA,NA,NA,NA,NA,NA,249,NA,NA,NA,NA,166,NA,NA,NA,NA,NA,NA,NA,NA,NA,1453,NA,NA,NA,NA,101,NA,NA,NA,NA,669,NA,NA,NA,NA,94,NA,NA,NA,NA,NA,NA,NA,NA,NA,311,NA,NA,NA,NA,NA,NA,NA,NA,NA,124,NA,NA,NA,NA,303,NA,NA,NA,NA,NA,NA,NA,NA,NA,135,NA,NA,NA,NA,145,NA,NA,NA,NA
M21 [Rashtriya Bal Swasthaya Karyakram (RBSK)],'21.4.1.b',Number of Female children identified with Disease,TOTAL,6743,NA,NA,NA,NA,444,NA,NA,NA,NA,634,NA,NA,NA,NA,447,NA,NA,NA,NA,386,NA,NA,NA,NA,48,NA,NA,NA,NA,112,NA,NA,NA,NA,231,NA,NA,NA,NA,NA,NA,NA,NA,NA,189,NA,NA,NA,NA,55,NA,NA,NA,NA,277,NA,NA,NA,NA,NA,NA,NA,NA,NA,275,NA,NA,NA,NA,183,NA,NA,NA,NA,NA,NA,NA,NA,NA,1421,NA,NA,NA,NA,132,NA,NA,NA,NA,683,NA,NA,NA,NA,121,NA,NA,NA,NA,NA,NA,NA,NA,NA,361,NA,NA,NA,NA,NA,NA,NA,NA,NA,111,NA,NA,NA,NA,296,NA,NA,NA,NA,NA,NA,NA,NA,NA,171,NA,NA,NA,NA,166,NA,NA,NA,NA
M21 [Rashtriya Bal Swasthaya Karyakram (RBSK)],'21.4.2.a',Number of Male children identified with Deficiency,TOTAL,658,NA,NA,NA,NA,22,NA,NA,NA,NA,56,NA,NA,NA,NA,41,NA,NA,NA,NA,49,NA,NA,NA,NA,1,NA,NA,NA,NA,8,NA,NA,NA,NA,5,NA,NA,NA,NA,NA,NA,NA,NA,NA,20,NA,NA,NA,NA,0,NA,NA,NA,NA,79,NA,NA,NA,NA,NA,NA,NA,NA,NA,7,NA,NA,NA,NA,9,NA,NA,NA,NA,NA,NA,NA,NA,NA,95,NA,NA,NA,NA,4,NA,NA,NA,NA,66,NA,NA,NA,NA,3,NA,NA,NA,NA,NA,NA,NA,NA,NA,91,NA,NA,NA,NA,NA,NA,NA,NA,NA,21,NA,NA,NA,NA,43,NA,NA,NA,NA,NA,NA,NA,NA,NA,24,NA,NA,NA,NA,14,NA,NA,NA,NA
M21 [Rashtriya Bal Swasthaya Karyakram (RBSK)],'21.4.2.b',Number of Female children identified with Deficiency,TOTAL,958,NA,NA,NA,NA,38,NA,NA,NA,NA,117,NA,NA,NA,NA,40,NA,NA,NA,NA,62,NA,NA,NA,NA,8,NA,NA,NA,NA,8,NA,NA,NA,NA,3,NA,NA,NA,NA,NA,NA,NA,NA,NA,23,NA,NA,NA,NA,1,NA,NA,NA,NA,79,NA,NA,NA,NA,NA,NA,NA,NA,NA,12,NA,NA,NA,NA,36,NA,NA,NA,NA,NA,NA,NA,NA,NA,162,NA,NA,NA,NA,18,NA,NA,NA,NA,83,NA,NA,NA,NA,6,NA,NA,NA,NA,NA,NA,NA,NA,NA,74,NA,NA,NA,NA,NA,NA,NA,NA,NA,45,NA,NA,NA,NA,33,NA,NA,NA,NA,NA,NA,NA,NA,NA,59,NA,NA,NA,NA,51,NA,NA,NA,NA
M21 [Rashtriya Bal Swasthaya Karyakram (RBSK)],'21.4.3.a',Number of Male children identified with Developmental delay,TOTAL,632,NA,NA,NA,NA,38,NA,NA,NA,NA,28,NA,NA,NA,NA,13,NA,NA,NA,NA,42,NA,NA,NA,NA,19,NA,NA,NA,NA,38,NA,NA,NA,NA,35,NA,NA,NA,NA,NA,NA,NA,NA,NA,42,NA,NA,NA,NA,1,NA,NA,NA,NA,12,NA,NA,NA,NA,NA,NA,NA,NA,NA,23,NA,NA,NA,NA,32,NA,NA,NA,NA,NA,NA,NA,NA,NA,99,NA,NA,NA,NA,20,NA,NA,NA,NA,24,NA,NA,NA,NA,18,NA,NA,NA,NA,NA,NA,NA,NA,NA,7,NA,NA,NA,NA,NA,NA,NA,NA,NA,12,NA,NA,NA,NA,42,NA,NA,NA,NA,NA,NA,NA,NA,NA,39,NA,NA,NA,NA,48,NA,NA,NA,NA
M21 [Rashtriya Bal Swasthaya Karyakram (RBSK)],'21.4.3.b',Number of Female children identified with Developmental delay,TOTAL,635,NA,NA,NA,NA,21,NA,NA,NA,NA,41,NA,NA,NA,NA,17,NA,NA,NA,NA,53,NA,NA,NA,NA,21,NA,NA,NA,NA,24,NA,NA,NA,NA,16,NA,NA,NA,NA,NA,NA,NA,NA,NA,18,NA,NA,NA,NA,1,NA,NA,NA,NA,7,NA,NA,NA,NA,NA,NA,NA,NA,NA,8,NA,NA,NA,NA,45,NA,NA,NA,NA,NA,NA,NA,NA,NA,123,NA,NA,NA,NA,20,NA,NA,NA,NA,40,NA,NA,NA,NA,12,NA,NA,NA,NA,NA,NA,NA,NA,NA,15,NA,NA,NA,NA,NA,NA,NA,NA,NA,9,NA,NA,NA,NA,57,NA,NA,NA,NA,NA,NA,NA,NA,NA,32,NA,NA,NA,NA,55,NA,NA,NA,NA
M21 [Rashtriya Bal Swasthaya Karyakram (RBSK)],'21.5.1',Number of Children Managed by Intervention - Medical,TOTAL,16273,NA,NA,NA,NA,1118,NA,NA,NA,NA,1237,NA,NA,NA,NA,1299,NA,NA,NA,NA,1096,NA,NA,NA,NA,174,NA,NA,NA,NA,470,NA,NA,NA,NA,399,NA,NA,NA,NA,NA,NA,NA,NA,NA,308,NA,NA,NA,NA,376,NA,NA,NA,NA,880,NA,NA,NA,NA,NA,NA,NA,NA,NA,506,NA,NA,NA,NA,407,NA,NA,NA,NA,NA,NA,NA,NA,NA,3255,NA,NA,NA,NA,277,NA,NA,NA,NA,1000,NA,NA,NA,NA,351,NA,NA,NA,NA,NA,NA,NA,NA,NA,1174,NA,NA,NA,NA,NA,NA,NA,NA,NA,624,NA,NA,NA,NA,708,NA,NA,NA,NA,NA,NA,NA,NA,NA,348,NA,NA,NA,NA,266,NA,NA,NA,NA
M21 [Rashtriya Bal Swasthaya Karyakram (RBSK)],'21.5.2',Number of Children Managed by Intervention - Surgical,TOTAL,209,NA,NA,NA,NA,0,NA,NA,NA,NA,1,NA,NA,NA,NA,0,NA,NA,NA,NA,37,NA,NA,NA,NA,8,NA,NA,NA,NA,0,NA,NA,NA,NA,0,NA,NA,NA,NA,NA,NA,NA,NA,NA,1,NA,NA,NA,NA,2,NA,NA,NA,NA,8,NA,NA,NA,NA,NA,NA,NA,NA,NA,50,NA,NA,NA,NA,13,NA,NA,NA,NA,NA,NA,NA,NA,NA,0,NA,NA,NA,NA,0,NA,NA,NA,NA,86,NA,NA,NA,NA,2,NA,NA,NA,NA,NA,NA,NA,NA,NA,0,NA,NA,NA,NA,NA,NA,NA,NA,NA,0,NA,NA,NA,NA,1,NA,NA,NA,NA,NA,NA,NA,NA,NA,0,NA,NA,NA,NA,0,NA,NA,NA,NA
M21 [Rashtriya Bal Swasthaya Karyakram (RBSK)],'21.5.3',Early intervention at DEIC ( District Early Intervention Centre),TOTAL,161,NA,NA,NA,NA,0,NA,NA,NA,NA,0,NA,NA,NA,NA,7,NA,NA,NA,NA,0,NA,NA,NA,NA,0,NA,NA,NA,NA,116,NA,NA,NA,NA,0,NA,NA,NA,NA,NA,NA,NA,NA,NA,0,NA,NA,NA,NA,0,NA,NA,NA,NA,10,NA,NA,NA,NA,NA,NA,NA,NA,NA,0,NA,NA,NA,NA,27,NA,NA,NA,NA,NA,NA,NA,NA,NA,0,NA,NA,NA,NA,0,NA,NA,NA,NA,0,NA,NA,NA,NA,0,NA,NA,NA,NA,NA,NA,NA,NA,NA,0,NA,NA,NA,NA,NA,NA,NA,NA,NA,0,NA,NA,NA,NA,0,NA,NA,NA,NA,NA,NA,NA,NA,NA,1,NA,NA,NA,NA,0,NA,NA,NA,NA
M22 [Adolscent Health],'22.1.1.a',Girls (6th -12th class) provided 4 IFA tablets in schools,TOTAL,299371,NA,NA,NA,NA,19641,NA,NA,NA,NA,33665,NA,NA,NA,NA,0,NA,NA,NA,NA,42122,NA,NA,NA,NA,2245,NA,NA,NA,NA,21916,NA,NA,NA,NA,NA,NA,NA,NA,NA,NA,NA,NA,NA,NA,20912,NA,NA,NA,NA,2567,NA,NA,NA,NA,0,NA,NA,NA,NA,21380,NA,NA,NA,NA,6752,NA,NA,NA,NA,27738,NA,NA,NA,NA,NA,NA,NA,NA,NA,33716,NA,NA,NA,NA,4791,NA,NA,NA,NA,7348,NA,NA,NA,NA,10886,NA,NA,NA,NA,NA,NA,NA,NA,NA,16882,NA,NA,NA,NA,NA,NA,NA,NA,NA,9542,NA,NA,NA,NA,0,NA,NA,NA,NA,NA,NA,NA,NA,NA,2942,NA,NA,NA,NA,14326,NA,NA,NA,NA
M22 [Adolscent Health],'22.1.1.b',Boys (6th -12th class) provided 4 IFA tablets in schools,TOTAL,291994,NA,NA,NA,NA,19766,NA,NA,NA,NA,30726,NA,NA,NA,NA,0,NA,NA,NA,NA,40202,NA,NA,NA,NA,2472,NA,NA,NA,NA,21458,NA,NA,NA,NA,NA,NA,NA,NA,NA,NA,NA,NA,NA,NA,18791,NA,NA,NA,NA,2589,NA,NA,NA,NA,0,NA,NA,NA,NA,22369,NA,NA,NA,NA,6729,NA,NA,NA,NA,27964,NA,NA,NA,NA,NA,NA,NA,NA,NA,33715,NA,NA,NA,NA,4677,NA,NA,NA,NA,6956,NA,NA,NA,NA,10857,NA,NA,NA,NA,NA,NA,NA,NA,NA,15629,NA,NA,NA,NA,NA,NA,NA,NA,NA,8632,NA,NA,NA,NA,0,NA,NA,NA,NA,NA,NA,NA,NA,NA,3221,NA,NA,NA,NA,15241,NA,NA,NA,NA
M22 [Adolscent Health],'22.1.2.a',Girls (6th -12th class) provided albendazole in schools,TOTAL,994,NA,NA,NA,NA,0,NA,NA,NA,NA,0,NA,NA,NA,NA,0,NA,NA,NA,NA,0,NA,NA,NA,NA,1,NA,NA,NA,NA,0,NA,NA,NA,NA,NA,NA,NA,NA,NA,NA,NA,NA,NA,NA,0,NA,NA,NA,NA,0,NA,NA,NA,NA,NA,NA,NA,NA,NA,0,NA,NA,NA,NA,0,NA,NA,NA,NA,0,NA,NA,NA,NA,NA,NA,NA,NA,NA,0,NA,NA,NA,NA,950,NA,NA,NA,NA,43,NA,NA,NA,NA,0,NA,NA,NA,NA,NA,NA,NA,NA,NA,0,NA,NA,NA,NA,NA,NA,NA,NA,NA,0,NA,NA,NA,NA,0,NA,NA,NA,NA,NA,NA,NA,NA,NA,0,NA,NA,NA,NA,0,NA,NA,NA,NA
M22 [Adolscent Health],'22.1.2.b',Boys (6th -12th class) provided albendazole in schools,TOTAL,978,NA,NA,NA,NA,0,NA,NA,NA,NA,0,NA,NA,NA,NA,0,NA,NA,NA,NA,0,NA,NA,NA,NA,2,NA,NA,NA,NA,0,NA,NA,NA,NA,NA,NA,NA,NA,NA,NA,NA,NA,NA,NA,0,NA,NA,NA,NA,0,NA,NA,NA,NA,NA,NA,NA,NA,NA,0,NA,NA,NA,NA,0,NA,NA,NA,NA,0,NA,NA,NA,NA,NA,NA,NA,NA,NA,0,NA,NA,NA,NA,934,NA,NA,NA,NA,42,NA,NA,NA,NA,0,NA,NA,NA,NA,NA,NA,NA,NA,NA,0,NA,NA,NA,NA,NA,NA,NA,NA,NA,0,NA,NA,NA,NA,0,NA,NA,NA,NA,NA,NA,NA,NA,NA,0,NA,NA,NA,NA,0,NA,NA,NA,NA
M22 [Adolscent Health],'22.1.3',Number of out of school adolscent girls (10-19 years) provided 4 IFA tablets at Anganwadi Centres,TOTAL,63622,NA,NA,NA,NA,1221,NA,NA,NA,NA,1034,NA,NA,NA,NA,0,NA,NA,NA,NA,20238,NA,NA,NA,NA,0,NA,NA,NA,NA,9332,NA,NA,NA,NA,NA,NA,NA,NA,NA,NA,NA,NA,NA,NA,10864,NA,NA,NA,NA,346,NA,NA,NA,NA,0,NA,NA,NA,NA,2132,NA,NA,NA,NA,1062,NA,NA,NA,NA,4235,NA,NA,NA,NA,NA,NA,NA,NA,NA,827,NA,NA,NA,NA,2380,NA,NA,NA,NA,2013,NA,NA,NA,NA,1234,NA,NA,NA,NA,NA,NA,NA,NA,NA,1068,NA,NA,NA,NA,NA,NA,NA,NA,NA,258,NA,NA,NA,NA,0,NA,NA,NA,NA,NA,NA,NA,NA,NA,1809,NA,NA,NA,NA,3569,NA,NA,NA,NA
M22 [Adolscent Health],'22.1.4',Number of out of school adolscent girls (10-19 years) provided albendazole at Anganwadi Centres,TOTAL,1110,NA,NA,NA,NA,0,NA,NA,NA,NA,0,NA,NA,NA,NA,0,NA,NA,NA,NA,0,NA,NA,NA,NA,0,NA,NA,NA,NA,0,NA,NA,NA,NA,NA,NA,NA,NA,NA,NA,NA,NA,NA,NA,0,NA,NA,NA,NA,0,NA,NA,NA,NA,NA,NA,NA,NA,NA,0,NA,NA,NA,NA,0,NA,NA,NA,NA,0,NA,NA,NA,NA,NA,NA,NA,NA,NA,109,NA,NA,NA,NA,41,NA,NA,NA,NA,635,NA,NA,NA,NA,0,NA,NA,NA,NA,NA,NA,NA,NA,NA,325,NA,NA,NA,NA,NA,NA,NA,NA,NA,0,NA,NA,NA,NA,0,NA,NA,NA,NA,NA,NA,NA,NA,NA,0,NA,NA,NA,NA,0,NA,NA,NA,NA
M22 [Adolscent Health],'22.2.1',Number of adolescent girls provided sanitary napkin packs,TOTAL,4295,NA,NA,NA,NA,0,NA,NA,NA,NA,850,NA,NA,NA,NA,0,NA,NA,NA,NA,5,NA,NA,NA,NA,50,NA,NA,NA,NA,0,NA,NA,NA,NA,NA,NA,NA,NA,NA,NA,NA,NA,NA,NA,151,NA,NA,NA,NA,0,NA,NA,NA,NA,NA,NA,NA,NA,NA,819,NA,NA,NA,NA,564,NA,NA,NA,NA,1100,NA,NA,NA,NA,NA,NA,NA,NA,NA,0,NA,NA,NA,NA,733,NA,NA,NA,NA,23,NA,NA,NA,NA,0,NA,NA,NA,NA,NA,NA,NA,NA,NA,0,NA,NA,NA,NA,NA,NA,NA,NA,NA,0,NA,NA,NA,NA,0,NA,NA,NA,NA,NA,NA,NA,NA,NA,0,NA,NA,NA,NA,0,NA,NA,NA,NA
M22 [Adolscent Health],'22.2.2',Number of sanitary napkin packs sold to adolescent girls,TOTAL,3673,NA,NA,NA,NA,0,NA,NA,NA,NA,0,NA,NA,NA,NA,0,NA,NA,NA,NA,5,NA,NA,NA,NA,0,NA,NA,NA,NA,0,NA,NA,NA,NA,NA,NA,NA,NA,NA,NA,NA,NA,NA,NA,151,NA,NA,NA,NA,0,NA,NA,NA,NA,NA,NA,NA,NA,NA,1481,NA,NA,NA,NA,564,NA,NA,NA,NA,1042,NA,NA,NA,NA,NA,NA,NA,NA,NA,0,NA,NA,NA,NA,0,NA,NA,NA,NA,430,NA,NA,NA,NA,0,NA,NA,NA,NA,NA,NA,NA,NA,NA,0,NA,NA,NA,NA,NA,NA,NA,NA,NA,0,NA,NA,NA,NA,0,NA,NA,NA,NA,NA,NA,NA,NA,NA,0,NA,NA,NA,NA,0,NA,NA,NA,NA
M22 [Adolscent Health],'22.2.3',Number of sanitary napkin packs distributed free to ASHA,TOTAL,469,NA,NA,NA,NA,0,NA,NA,NA,NA,0,NA,NA,NA,NA,0,NA,NA,NA,NA,25,NA,NA,NA,NA,10,NA,NA,NA,NA,0,NA,NA,NA,NA,NA,NA,NA,NA,NA,NA,NA,NA,NA,NA,0,NA,NA,NA,NA,0,NA,NA,NA,NA,NA,NA,NA,NA,NA,166,NA,NA,NA,NA,41,NA,NA,NA,NA,186,NA,NA,NA,NA,NA,NA,NA,NA,NA,0,NA,NA,NA,NA,0,NA,NA,NA,NA,41,NA,NA,NA,NA,0,NA,NA,NA,NA,NA,NA,NA,NA,NA,0,NA,NA,NA,NA,NA,NA,NA,NA,NA,0,NA,NA,NA,NA,0,NA,NA,NA,NA,NA,NA,NA,NA,NA,0,NA,NA,NA,NA,0,NA,NA,NA,NA
M22 [Adolscent Health],'22.2.4',Number of adolescent girls attended monthly meeting,TOTAL,1398,NA,NA,NA,NA,0,NA,NA,NA,NA,0,NA,NA,NA,NA,0,NA,NA,NA,NA,279,NA,NA,NA,NA,0,NA,NA,NA,NA,0,NA,NA,NA,NA,NA,NA,NA,NA,NA,NA,NA,NA,NA,NA,0,NA,NA,NA,NA,0,NA,NA,NA,NA,NA,NA,NA,NA,NA,836,NA,NA,NA,NA,1,NA,NA,NA,NA,259,NA,NA,NA,NA,NA,NA,NA,NA,NA,0,NA,NA,NA,NA,0,NA,NA,NA,NA,23,NA,NA,NA,NA,0,NA,NA,NA,NA,NA,NA,NA,NA,NA,0,NA,NA,NA,NA,NA,NA,NA,NA,NA,0,NA,NA,NA,NA,0,NA,NA,NA,NA,NA,NA,NA,NA,NA,0,NA,NA,NA,NA,0,NA,NA,NA,NA
M23 [Coverage under WIFS JUNIOR (Weekly Iron Folic Acid Supplementation Programme for children 6 - 1,'23.1',Number of children covered under WIFS JUNIOR (6 - 10 years ) provided 4-5 IFA tablets in schools,TOTAL,710555,NA,NA,NA,NA,39843,NA,NA,NA,NA,52193,NA,NA,NA,NA,0,NA,NA,NA,NA,105707,NA,NA,NA,NA,5880,NA,NA,NA,NA,64706,NA,NA,NA,NA,NA,NA,NA,NA,NA,NA,NA,NA,NA,NA,38805,NA,NA,NA,NA,3711,NA,NA,NA,NA,0,NA,NA,NA,NA,45781,NA,NA,NA,NA,22897,NA,NA,NA,NA,61115,NA,NA,NA,NA,NA,NA,NA,NA,NA,59181,NA,NA,NA,NA,6664,NA,NA,NA,NA,25595,NA,NA,NA,NA,31768,NA,NA,NA,NA,NA,NA,NA,NA,NA,25591,NA,NA,NA,NA,72961,NA,NA,NA,NA,12487,NA,NA,NA,NA,0,NA,NA,NA,NA,NA,NA,NA,NA,NA,4106,NA,NA,NA,NA,31564,NA,NA,NA,NA
M23 [Coverage under WIFS JUNIOR (Weekly Iron Folic Acid Supplementation Programme for children 6 - 1,'23.2',Number of children (6 - 10 years) provided albendazole in schools,TOTAL,5349,NA,NA,NA,NA,0,NA,NA,NA,NA,0,NA,NA,NA,NA,0,NA,NA,NA,NA,0,NA,NA,NA,NA,0,NA,NA,NA,NA,0,NA,NA,NA,NA,NA,NA,NA,NA,NA,NA,NA,NA,NA,NA,0,NA,NA,NA,NA,0,NA,NA,NA,NA,NA,NA,NA,NA,NA,0,NA,NA,NA,NA,0,NA,NA,NA,NA,0,NA,NA,NA,NA,NA,NA,NA,NA,NA,5271,NA,NA,NA,NA,78,NA,NA,NA,NA,0,NA,NA,NA,NA,0,NA,NA,NA,NA,NA,NA,NA,NA,NA,0,NA,NA,NA,NA,NA,NA,NA,NA,NA,0,NA,NA,NA,NA,0,NA,NA,NA,NA,NA,NA,NA,NA,NA,0,NA,NA,NA,NA,0,NA,NA,NA,NA
M23 [Coverage under WIFS JUNIOR (Weekly Iron Folic Acid Supplementation Programme for children 6 - 1,'23.3',Number of out of school children (6-10 years) given 4-5 IFA tablets at Anganwadi Centres,TOTAL,9771,NA,NA,NA,NA,123,NA,NA,NA,NA,566,NA,NA,NA,NA,0,NA,NA,NA,NA,2799,NA,NA,NA,NA,0,NA,NA,NA,NA,556,NA,NA,NA,NA,NA,NA,NA,NA,NA,NA,NA,NA,NA,NA,0,NA,NA,NA,NA,0,NA,NA,NA,NA,NA,NA,NA,NA,NA,131,NA,NA,NA,NA,4789,NA,NA,NA,NA,42,NA,NA,NA,NA,NA,NA,NA,NA,NA,81,NA,NA,NA,NA,379,NA,NA,NA,NA,305,NA,NA,NA,NA,0,NA,NA,NA,NA,NA,NA,NA,NA,NA,0,NA,NA,NA,NA,NA,NA,NA,NA,NA,0,NA,NA,NA,NA,0,NA,NA,NA,NA,NA,NA,NA,NA,NA,0,NA,NA,NA,NA,0,NA,NA,NA,NA
M23 [Coverage under WIFS JUNIOR (Weekly Iron Folic Acid Supplementation Programme for children 6 - 1,'23.4',Number of out of school children (6-10 years) provided albendazole at Anganwadi Centres,TOTAL,168,NA,NA,NA,NA,0,NA,NA,NA,NA,0,NA,NA,NA,NA,0,NA,NA,NA,NA,0,NA,NA,NA,NA,0,NA,NA,NA,NA,0,NA,NA,NA,NA,NA,NA,NA,NA,NA,NA,NA,NA,NA,NA,0,NA,NA,NA,NA,0,NA,NA,NA,NA,NA,NA,NA,NA,NA,0,NA,NA,NA,NA,0,NA,NA,NA,NA,0,NA,NA,NA,NA,NA,NA,NA,NA,NA,79,NA,NA,NA,NA,89,NA,NA,NA,NA,0,NA,NA,NA,NA,0,NA,NA,NA,NA,NA,NA,NA,NA,NA,0,NA,NA,NA,NA,NA,NA,NA,NA,NA,0,NA,NA,NA,NA,0,NA,NA,NA,NA,NA,NA,NA,NA,NA,0,NA,NA,NA,NA,0,NA,NA,NA,NA
M24 [Maternal Death Reviews (MDR) Done],'24.1',Total Maternal Deaths Reviewed (MDR) by CMO,TOTAL,41,NA,NA,NA,NA,0,NA,NA,NA,NA,0,NA,NA,NA,NA,0,NA,NA,NA,NA,0,NA,NA,NA,NA,0,NA,NA,NA,NA,0,NA,NA,NA,NA,NA,NA,NA,NA,NA,2,NA,NA,NA,NA,7,NA,NA,NA,NA,3,NA,NA,NA,NA,0,NA,NA,NA,NA,0,NA,NA,NA,NA,8,NA,NA,NA,NA,0,NA,NA,NA,NA,NA,NA,NA,NA,NA,1,NA,NA,NA,NA,10,NA,NA,NA,NA,5,NA,NA,NA,NA,0,NA,NA,NA,NA,2,NA,NA,NA,NA,0,NA,NA,NA,NA,0,NA,NA,NA,NA,3,NA,NA,NA,NA,0,NA,NA,NA,NA,NA,NA,NA,NA,NA,0,NA,NA,NA,NA,0,NA,NA,NA,NA
M24 [Maternal Death Reviews (MDR) Done],'24.2',Total Maternal Deaths Reviewed (MDR) by DM,TOTAL,33,NA,NA,NA,NA,0,NA,NA,NA,NA,0,NA,NA,NA,NA,0,NA,NA,NA,NA,0,NA,NA,NA,NA,0,NA,NA,NA,NA,0,NA,NA,NA,NA,1,NA,NA,NA,NA,0,NA,NA,NA,NA,0,NA,NA,NA,NA,6,NA,NA,NA,NA,0,NA,NA,NA,NA,0,NA,NA,NA,NA,8,NA,NA,NA,NA,0,NA,NA,NA,NA,NA,NA,NA,NA,NA,1,NA,NA,NA,NA,10,NA,NA,NA,NA,0,NA,NA,NA,NA,0,NA,NA,NA,NA,2,NA,NA,NA,NA,0,NA,NA,NA,NA,0,NA,NA,NA,NA,5,NA,NA,NA,NA,0,NA,NA,NA,NA,NA,NA,NA,NA,NA,0,NA,NA,NA,NA,0,NA,NA,NA,NA
M24 [Maternal Death Reviews (MDR) Done],'24.3',Number of maternal deaths reported through Community based Maternal Death Review (CBMDR),TOTAL,34,NA,NA,NA,NA,0,NA,NA,NA,NA,3,NA,NA,NA,NA,1,NA,NA,NA,NA,8,NA,NA,NA,NA,2,NA,NA,NA,NA,0,NA,NA,NA,NA,NA,NA,NA,NA,NA,2,NA,NA,NA,NA,0,NA,NA,NA,NA,NA,NA,NA,NA,NA,0,NA,NA,NA,NA,0,NA,NA,NA,NA,3,NA,NA,NA,NA,0,NA,NA,NA,NA,NA,NA,NA,NA,NA,1,NA,NA,NA,NA,10,NA,NA,NA,NA,3,NA,NA,NA,NA,NA,NA,NA,NA,NA,NA,NA,NA,NA,NA,0,NA,NA,NA,NA,0,NA,NA,NA,NA,1,NA,NA,NA,NA,0,NA,NA,NA,NA,NA,NA,NA,NA,NA,0,NA,NA,NA,NA,0,NA,NA,NA,NA
M25 [Janani Shishu Suraksha Karyakram (JSSK)],'25.1.1',Number of Pregnant Women provided - Free Medicines under JSSK,TOTAL,37511,NA,NA,NA,NA,990,NA,NA,NA,NA,2278,NA,NA,NA,NA,868,NA,NA,NA,NA,1708,NA,NA,NA,NA,62,NA,NA,NA,NA,3980,NA,NA,NA,NA,968,NA,NA,NA,NA,1630,NA,NA,NA,NA,879,NA,NA,NA,NA,60,NA,NA,NA,NA,960,NA,NA,NA,NA,1300,NA,NA,NA,NA,398,NA,NA,NA,NA,939,NA,NA,NA,NA,NA,NA,NA,NA,NA,1256,NA,NA,NA,NA,1033,NA,NA,NA,NA,2330,NA,NA,NA,NA,690,NA,NA,NA,NA,NA,NA,NA,NA,NA,966,NA,NA,NA,NA,10142,NA,NA,NA,NA,1029,NA,NA,NA,NA,777,NA,NA,NA,NA,NA,NA,NA,NA,NA,1916,NA,NA,NA,NA,352,NA,NA,NA,NA
M25 [Janani Shishu Suraksha Karyakram (JSSK)],'25.1.2',Number of Pregnant Women provided - Free Diet under JSSK,TOTAL,21360,NA,NA,NA,NA,113,NA,NA,NA,NA,1127,NA,NA,NA,NA,453,NA,NA,NA,NA,5430,NA,NA,NA,NA,0,NA,NA,NA,NA,3818,NA,NA,NA,NA,568,NA,NA,NA,NA,857,NA,NA,NA,NA,252,NA,NA,NA,NA,0,NA,NA,NA,NA,521,NA,NA,NA,NA,475,NA,NA,NA,NA,322,NA,NA,NA,NA,903,NA,NA,NA,NA,NA,NA,NA,NA,NA,381,NA,NA,NA,NA,572,NA,NA,NA,NA,480,NA,NA,NA,NA,560,NA,NA,NA,NA,NA,NA,NA,NA,NA,641,NA,NA,NA,NA,1847,NA,NA,NA,NA,740,NA,NA,NA,NA,586,NA,NA,NA,NA,NA,NA,NA,NA,NA,640,NA,NA,NA,NA,74,NA,NA,NA,NA
M25 [Janani Shishu Suraksha Karyakram (JSSK)],'25.1.3',Number of Pregnant Women provided - Free Diagnostics under JSSK,TOTAL,47313,NA,NA,NA,NA,1039,NA,NA,NA,NA,1744,NA,NA,NA,NA,730,NA,NA,NA,NA,6078,NA,NA,NA,NA,28,NA,NA,NA,NA,4770,NA,NA,NA,NA,1005,NA,NA,NA,NA,3299,NA,NA,NA,NA,897,NA,NA,NA,NA,319,NA,NA,NA,NA,757,NA,NA,NA,NA,459,NA,NA,NA,NA,607,NA,NA,NA,NA,938,NA,NA,NA,NA,NA,NA,NA,NA,NA,2055,NA,NA,NA,NA,1066,NA,NA,NA,NA,2130,NA,NA,NA,NA,617,NA,NA,NA,NA,NA,NA,NA,NA,NA,1568,NA,NA,NA,NA,13623,NA,NA,NA,NA,1130,NA,NA,NA,NA,574,NA,NA,NA,NA,NA,NA,NA,NA,NA,1120,NA,NA,NA,NA,760,NA,NA,NA,NA
M25 [Janani Shishu Suraksha Karyakram (JSSK)],'25.1.4',Number of Pregnant Women provided - Free Home to facility transport under JSSK,TOTAL,4579,NA,NA,NA,NA,168,NA,NA,NA,NA,15,NA,NA,NA,NA,276,NA,NA,NA,NA,76,NA,NA,NA,NA,12,NA,NA,NA,NA,935,NA,NA,NA,NA,40,NA,NA,NA,NA,731,NA,NA,NA,NA,105,NA,NA,NA,NA,0,NA,NA,NA,NA,78,NA,NA,NA,NA,45,NA,NA,NA,NA,61,NA,NA,NA,NA,2,NA,NA,NA,NA,NA,NA,NA,NA,NA,248,NA,NA,NA,NA,188,NA,NA,NA,NA,56,NA,NA,NA,NA,21,NA,NA,NA,NA,NA,NA,NA,NA,NA,10,NA,NA,NA,NA,930,NA,NA,NA,NA,18,NA,NA,NA,NA,7,NA,NA,NA,NA,NA,NA,NA,NA,NA,467,NA,NA,NA,NA,90,NA,NA,NA,NA
M25 [Janani Shishu Suraksha Karyakram (JSSK)],'25.1.5',Number of Pregnant Women provided - Interfacility transfers when needed under JSSK,TOTAL,2201,NA,NA,NA,NA,24,NA,NA,NA,NA,29,NA,NA,NA,NA,135,NA,NA,NA,NA,66,NA,NA,NA,NA,0,NA,NA,NA,NA,309,NA,NA,NA,NA,33,NA,NA,NA,NA,52,NA,NA,NA,NA,48,NA,NA,NA,NA,0,NA,NA,NA,NA,22,NA,NA,NA,NA,373,NA,NA,NA,NA,64,NA,NA,NA,NA,2,NA,NA,NA,NA,NA,NA,NA,NA,NA,164,NA,NA,NA,NA,105,NA,NA,NA,NA,71,NA,NA,NA,NA,14,NA,NA,NA,NA,NA,NA,NA,NA,NA,10,NA,NA,NA,NA,208,NA,NA,NA,NA,13,NA,NA,NA,NA,22,NA,NA,NA,NA,NA,NA,NA,NA,NA,403,NA,NA,NA,NA,34,NA,NA,NA,NA
M25 [Janani Shishu Suraksha Karyakram (JSSK)],'25.1.6',Number of Pregnant Women provided - Free Drop Back home under JSSK,TOTAL,11011,NA,NA,NA,NA,166,NA,NA,NA,NA,878,NA,NA,NA,NA,224,NA,NA,NA,NA,693,NA,NA,NA,NA,9,NA,NA,NA,NA,530,NA,NA,NA,NA,517,NA,NA,NA,NA,819,NA,NA,NA,NA,624,NA,NA,NA,NA,0,NA,NA,NA,NA,218,NA,NA,NA,NA,322,NA,NA,NA,NA,367,NA,NA,NA,NA,627,NA,NA,NA,NA,NA,NA,NA,NA,NA,806,NA,NA,NA,NA,316,NA,NA,NA,NA,163,NA,NA,NA,NA,413,NA,NA,NA,NA,NA,NA,NA,NA,NA,477,NA,NA,NA,NA,1523,NA,NA,NA,NA,378,NA,NA,NA,NA,381,NA,NA,NA,NA,NA,NA,NA,NA,NA,466,NA,NA,NA,NA,94,NA,NA,NA,NA
M25 [Janani Shishu Suraksha Karyakram (JSSK)],'25.2.1',Number of sick infants provided - Free Medicines under JSSK,TOTAL,5664,NA,NA,NA,NA,0,NA,NA,NA,NA,985,NA,NA,NA,NA,26,NA,NA,NA,NA,239,NA,NA,NA,NA,15,NA,NA,NA,NA,408,NA,NA,NA,NA,254,NA,NA,NA,NA,247,NA,NA,NA,NA,19,NA,NA,NA,NA,22,NA,NA,NA,NA,743,NA,NA,NA,NA,79,NA,NA,NA,NA,5,NA,NA,NA,NA,538,NA,NA,NA,NA,NA,NA,NA,NA,NA,1,NA,NA,NA,NA,59,NA,NA,NA,NA,463,NA,NA,NA,NA,427,NA,NA,NA,NA,NA,NA,NA,NA,NA,277,NA,NA,NA,NA,392,NA,NA,NA,NA,179,NA,NA,NA,NA,210,NA,NA,NA,NA,NA,NA,NA,NA,NA,72,NA,NA,NA,NA,4,NA,NA,NA,NA
M25 [Janani Shishu Suraksha Karyakram (JSSK)],'25.2.2',Number of sick infants provided - Free Diagnostics under JSSK,TOTAL,5343,NA,NA,NA,NA,0,NA,NA,NA,NA,800,NA,NA,NA,NA,0,NA,NA,NA,NA,1562,NA,NA,NA,NA,0,NA,NA,NA,NA,42,NA,NA,NA,NA,621,NA,NA,NA,NA,199,NA,NA,NA,NA,19,NA,NA,NA,NA,0,NA,NA,NA,NA,478,NA,NA,NA,NA,0,NA,NA,NA,NA,0,NA,NA,NA,NA,538,NA,NA,NA,NA,NA,NA,NA,NA,NA,47,NA,NA,NA,NA,50,NA,NA,NA,NA,33,NA,NA,NA,NA,416,NA,NA,NA,NA,NA,NA,NA,NA,NA,15,NA,NA,NA,NA,262,NA,NA,NA,NA,147,NA,NA,NA,NA,107,NA,NA,NA,NA,NA,NA,NA,NA,NA,7,NA,NA,NA,NA,0,NA,NA,NA,NA
M25 [Janani Shishu Suraksha Karyakram (JSSK)],'25.2.3',Number of sick infants provided - Free Home to facility transport under JSSK,TOTAL,347,NA,NA,NA,NA,0,NA,NA,NA,NA,6,NA,NA,NA,NA,1,NA,NA,NA,NA,0,NA,NA,NA,NA,0,NA,NA,NA,NA,20,NA,NA,NA,NA,NA,NA,NA,NA,NA,279,NA,NA,NA,NA,0,NA,NA,NA,NA,0,NA,NA,NA,NA,0,NA,NA,NA,NA,0,NA,NA,NA,NA,0,NA,NA,NA,NA,2,NA,NA,NA,NA,NA,NA,NA,NA,NA,3,NA,NA,NA,NA,0,NA,NA,NA,NA,0,NA,NA,NA,NA,0,NA,NA,NA,NA,NA,NA,NA,NA,NA,10,NA,NA,NA,NA,0,NA,NA,NA,NA,18,NA,NA,NA,NA,0,NA,NA,NA,NA,NA,NA,NA,NA,NA,5,NA,NA,NA,NA,3,NA,NA,NA,NA
M25 [Janani Shishu Suraksha Karyakram (JSSK)],'25.2.4',Number of sick infants provided - Interfacility transfers when needed under JSSK,TOTAL,209,NA,NA,NA,NA,0,NA,NA,NA,NA,6,NA,NA,NA,NA,3,NA,NA,NA,NA,14,NA,NA,NA,NA,0,NA,NA,NA,NA,34,NA,NA,NA,NA,NA,NA,NA,NA,NA,25,NA,NA,NA,NA,9,NA,NA,NA,NA,0,NA,NA,NA,NA,2,NA,NA,NA,NA,6,NA,NA,NA,NA,36,NA,NA,NA,NA,2,NA,NA,NA,NA,NA,NA,NA,NA,NA,22,NA,NA,NA,NA,0,NA,NA,NA,NA,1,NA,NA,NA,NA,1,NA,NA,NA,NA,NA,NA,NA,NA,NA,10,NA,NA,NA,NA,8,NA,NA,NA,NA,0,NA,NA,NA,NA,27,NA,NA,NA,NA,NA,NA,NA,NA,NA,3,NA,NA,NA,NA,0,NA,NA,NA,NA
M25 [Janani Shishu Suraksha Karyakram (JSSK)],'25.2.5',Number of sick infants provided - Free Drop Back home under JSSK,TOTAL,2547,NA,NA,NA,NA,0,NA,NA,NA,NA,14,NA,NA,NA,NA,0,NA,NA,NA,NA,0,NA,NA,NA,NA,0,NA,NA,NA,NA,30,NA,NA,NA,NA,358,NA,NA,NA,NA,279,NA,NA,NA,NA,624,NA,NA,NA,NA,0,NA,NA,NA,NA,105,NA,NA,NA,NA,0,NA,NA,NA,NA,278,NA,NA,NA,NA,46,NA,NA,NA,NA,NA,NA,NA,NA,NA,27,NA,NA,NA,NA,49,NA,NA,NA,NA,0,NA,NA,NA,NA,316,NA,NA,NA,NA,NA,NA,NA,NA,NA,5,NA,NA,NA,NA,0,NA,NA,NA,NA,24,NA,NA,NA,NA,326,NA,NA,NA,NA,NA,NA,NA,NA,NA,63,NA,NA,NA,NA,3,NA,NA,NA,NA
