Indicator,S.No.,Parameters,Type,District - _Assam,District - Baksa,District - Barpeta,District - Bongaigaon,District - Cachar,District - Chirang,District - Darrang,District - Dhemaji,District - Dhubri,District - Dibrugarh,District - Goalpara,District - Golaghat,District - Hailakandi,District - Jorhat,District - Kamrup M,District - Kamrup R,District - Karbi Anglong,District - Karimganj,District - Kokrajhar,District - Lakhimpur,District - Marigaon,District - Nagaon,District - Nalbari,District - North Cachar Hills,District - Sibsagar,District - Sonitpur,District - Tinsukia,District - Udalguri
M1 [Ante Natal Care Services ANC],1.1,Total number of pregnant women Registered for ANC,TOTAL,69113,1590,3698,1672,3176,1190,2454,1546,5199,3068,2505,1962,1274,2221,4327,3231,2114,2872,1872,2382,1993,6973,1297,452,2259,3640,2689,1457
M1 [Ante Natal Care Services ANC],1.1.1,Of which Number registered within first trimester (within 12 weeks),TOTAL,52844,1361,2989,1309,2626,690,1750,1244,3705,2230,1740,1623,840,1942,2944,2891,1381,2212,1067,2027,1403,5542,1067,199,1938,2857,1977,1290
M1 [Ante Natal Care Services ANC],1.2,Number of Pregnant women registered under JSY,TOTAL,64563,1586,3546,1672,3172,954,2188,1529,4923,2623,2495,1872,1274,2018,3615,3141,1884,2777,1726,2370,1866,6628,1294,264,2148,3049,2527,1422
M1 [Ante Natal Care Services ANC],1.3,Number of pregnant women received 3 ANC check ups during pregnancy,TOTAL,52548,1265,2970,1389,2944,677,1769,991,4155,2712,2107,1488,1280,1396,2588,2598,1302,2302,1385,1652,1707,5844,937,288,1635,2549,1624,994
M1 [Ante Natal Care Services ANC],1.4.1,Number of pregnant women given TT1 during current pregnancy,TOTAL,56247,1354,2913,1473,2493,970,1814,1194,4691,2495,2041,1651,944,1767,2978,2513,1908,1881,1568,1953,2289,5578,1004,372,1648,3428,2070,1257
M1 [Ante Natal Care Services ANC],1.4.2,Number of pregnant women given TT2 or Booster during current pregnancy,TOTAL,58192,1390,3043,1247,3202,765,1823,1160,4627,2662,2187,1537,1154,1629,3228,2793,1977,2456,1652,1942,1935,5942,976,433,1596,3378,2131,1327
M1 [Ante Natal Care Services ANC],1.5,Total number of pregnant women given 100 IFA tablets,TOTAL,55651,1519,2610,1668,3460,894,1505,1168,4722,1877,2335,1557,1368,1545,1472,2803,1274,2785,1305,1730,1543,6744,913,262,1538,3191,2477,1386
M1 [Ante Natal Care Services ANC],1.6.1,Number of new cases of Hypertension (BP>140/90) detected in Pregnant women at the institution,TOTAL,1328,8,32,61,103,32,34,26,74,91,31,104,10,45,69,23,37,29,17,21,27,89,11,18,54,175,55,52
M1 [Ante Natal Care Services ANC],1.6.2,Number of Eclampsia cases managed during delivery,TOTAL,42,0,2,0,0,2,0,1,0,0,3,0,4,3,2,1,1,4,4,2,0,13,0,0,0,0,0,0
M1 [Ante Natal Care Services ANC],1.7.1,Number of Pregnant women with anaemia i.e. Hb level<11 (tested cases),TOTAL,37483,672,2070,1431,2882,399,1155,756,2506,2049,1663,1181,571,1570,852,2107,738,1385,1059,1068,1352,3624,533,197,1085,2337,1524,717
M1 [Ante Natal Care Services ANC],1.7.2,Number of Pregnant women having severe anaemia (Hb<7) treated at institution,TOTAL,333,0,12,NA,0,10,0,2,6,50,13,8,5,26,3,6,6,2,45,0,10,10,6,10,59,39,5,0
M1 [Ante Natal Care Services ANC],1.8,Number of pregnancy test kits used at SC level,TOTAL,12786,648,381,219,413,230,484,278,556,528,562,NA,440,495,189,856,229,140,309,1030,60,2018,132,111,882,781,591,224
M2 [Deliveries],2.1.1.a,Number of deliveries conducted at Home and attended by trained SBA(i.e. Doctor or Nurse or ANM),TOTAL,1661,1,254,13,118,0,14,0,764,9,78,9,34,7,1,5,13,84,71,8,36,36,33,15,18,29,9,2
M2 [Deliveries],2.1.1.b,Number of deliveries conducted at Home and attended by non trained SBA (i.e. trained TBA or Relatives etc.),TOTAL,5839,70,626,268,305,171,246,8,977,9,173,67,421,2,46,97,168,816,99,15,177,365,81,109,10,316,128,69
M2 [Deliveries],2.1.1.c,Total number of deliveries conducted at Home and attended by trained or non-trained SBA (i.e. sum of 2.1.1.a and 2.1.1.b),TOTAL,7500,71,880,281,423,171,260,8,1741,18,251,76,455,9,47,102,181,900,170,23,213,401,114,124,28,345,137,71
M2 [Deliveries],2.1.2,Number of newborns visited within 24 hours of delivery for deliveries conducted at home,TOTAL,5083,71,724,246,302,40,146,6,1350,15,203,39,251,8,46,67,87,371,124,21,125,348,60,57,23,187,121,45
M2 [Deliveries],2.1.3,Number of mothers paid JSY incentive for deliveries conducted at home,TOTAL,894,0,0,0,8,0,0,0,869,0,0,1,7,0,0,0,0,0,0,0,0,0,0,0,4,5,0,0
M2 [Deliveries],2.2,Deliveries conducted at Public Institutions (Including C-Sections),TOTAL,38226,846,1912,640,2805,477,1289,1253,2060,1807,1789,1077,829,1404,1958,1738,1346,1299,1305,1385,1440,3919,704,184,920,1769,1301,770
M2 [Deliveries],2.2.1,"Out of 2.2, Number discharged under 48 hours of delivery",TOTAL,15202,263,617,417,919,459,529,628,1298,390,574,728,146,465,113,1126,1055,487,1033,539,497,1217,48,108,145,706,176,519
M2 [Deliveries],2.2.2.a,Number of mothers paid JSY Incentive for deliveries conducted at Public Institutions,TOTAL,42017,872,1933,641,2582,471,1382,1248,2811,1667,1962,1320,844,1275,1371,1766,1553,1462,1290,1462,1982,4467,742,185,1058,2218,2586,867
M2 [Deliveries],2.2.2.b,Number of ASHAs paid JSY Incentive for deliveries conducted at Public Institutions,TOTAL,57878,826,2810,516,2912,400,2533,1909,3454,1552,4402,3273,934,1512,495,4313,2177,996,1008,1979,1997,5482,1485,88,2178,2654,3471,2522
M2 [Deliveries],2.2.2.c,Number of cases of deliveries conducted at Public Institutions where JSY incentive was paid to ANMs or AWWs [only for High Performing States (HPS)],TOTAL,0,NA,NA,NA,NA,NA,NA,NA,NA,0,NA,NA,0,0,NA,0,NA,0,NA,NA,NA,NA,NA,NA,NA,NA,0,NA
M2 [Deliveries],2.3,Deliveries conducted at Private Institutions (Including C-Sections),TOTAL,4537,5,71,299,425,0,54,20,11,521,17,73,2,163,644,NA,2,249,NA,115,3,158,316,7,298,450,543,91
M2 [Deliveries],2.3.1.a,Number of mothers paid JSY Incentive for deliveries conducted at accredited Private Institutions,TOTAL,802,0,0,4,86,0,NA,NA,0,0,NA,28,0,0,51,NA,NA,189,NA,34,NA,0,NA,0,19,53,66,272
M2 [Deliveries],2.3.1.b,Number of ASHAs paid JSY Incentive for deliveries conducted at accredited Private Institutions,TOTAL,197,0,0,NA,15,0,NA,NA,0,0,NA,28,0,0,0,NA,NA,0,NA,15,NA,0,NA,0,9,28,0,102
M2 [Deliveries],2.3.1.c,Number of cases of deliveries conducted at accredited Private Institutions where JSY incentive was paid to ANMs or AWWs [only for High Performing States (HPS)],TOTAL,0,NA,NA,NA,NA,NA,NA,NA,NA,NA,NA,NA,NA,0,0,NA,NA,0,NA,NA,NA,NA,NA,NA,NA,NA,NA,NA
M3 [Number of Caesarean C-Section deliveries performed at],3.1.1,Number of Caesarean (C-Section) deliveries performed at PHCs (Primary Health Centre),TOTAL,157,NA,NA,NA,NA,NA,NA,NA,NA,0,93,NA,NA,64,NA,0,NA,0,NA,NA,NA,NA,NA,NA,NA,NA,0,NA
M3 [Number of Caesarean C-Section deliveries performed at],3.1.2,Number of Caesarean (C-Section) deliveries performed at CHCs (Community Health Centre),TOTAL,766,0,21,NA,153,0,5,0,0,251,0,0,0,0,37,99,0,0,0,0,0,21,2,NA,24,55,98,0
M3 [Number of Caesarean C-Section deliveries performed at],3.1.3,Number of Caesarean (C-Section) deliveries performed at SDHs (Sub-divisional Hospital) or DHs (District Hospital),TOTAL,3630,NA,243,14,301,NA,29,132,108,280,113,68,2,344,988,39,55,40,77,190,88,65,88,40,53,70,203,NA
M3 [Number of Caesarean C-Section deliveries performed at],3.1.4,Number of Caesarean (C-Section) deliveries performed at other State owned public institutions,TOTAL,NA,NA,NA,NA,NA,NA,NA,NA,NA,NA,NA,NA,NA,NA,NA,NA,NA,NA,NA,NA,NA,NA,NA,NA,NA,NA,NA,NA
M3 [Number of Caesarean C-Section deliveries performed at],3.1.5,"Total Number of Caesarean (C-Section) deliveries performed at Public facilities i.e. PHC, CHC, SDH, DH and other State owned public institutions (sum of items from 3.1.1 to 3.1.4)",TOTAL,4553,0,264,14,454,0,34,132,108,531,206,68,2,408,1025,138,55,40,77,190,88,86,90,40,77,125,301,0
M3 [Number of Caesarean C-Section deliveries performed at],3.2,No. of C-section deliveries performed at Private facilities,TOTAL,2218,NA,67,199,228,NA,39,15,NA,242,16,NA,NA,64,418,NA,NA,104,NA,56,NA,66,238,NA,95,264,107,NA
M4 [Pregnancy outcome & weight of new-born],4.1.1.a,Number of male live births,TOTAL,25559,464,1450,623,1791,380,877,657,1984,1027,1039,604,662,718,1279,947,770,1215,797,750,858,2362,564,168,644,1358,1077,494
M4 [Pregnancy outcome & weight of new-born],4.1.1.b,Number of female live births,TOTAL,23277,446,1356,576,1562,290,736,608,1814,921,989,587,588,686,1290,914,726,1093,725,729,763,2037,557,150,590,1243,878,423
M4 [Pregnancy outcome & weight of new-born],4.1.1.c,Total number of male and female live births (4.1.1.a and 4.1.1.b),TOTAL,48836,910,2806,1199,3353,670,1613,1265,3798,1948,2028,1191,1250,1404,2569,1861,1496,2308,1522,1479,1621,4399,1121,318,1234,2601,1955,917
M4 [Pregnancy outcome & weight of new-born],4.1.2,Number of still births,TOTAL,1146,18,76,22,99,7,36,25,87,40,47,29,46,26,81,21,39,72,17,44,38,118,18,7,24,57,35,17
M4 [Pregnancy outcome & weight of new-born],4.1.3,Number of Abortions (spontaneous or induced),TOTAL,7721,76,201,159,67,22,1236,536,587,478,190,50,73,345,225,326,324,224,110,522,111,480,275,31,335,225,352,161
M4 [Pregnancy outcome & weight of new-born],4.2.1,Number of Newborns weighed at birth,TOTAL,47170,910,2725,1163,3355,568,1530,1262,3699,1846,2028,657,1247,1389,2569,1835,1454,2285,1455,1479,1654,4123,1117,290,1230,2483,1912,905
M4 [Pregnancy outcome & weight of new-born],4.2.2,Number of Newborns having weight less than 2.5 kg,TOTAL,8428,104,510,139,633,108,390,178,613,496,247,148,104,292,131,286,124,297,334,413,463,678,227,10,293,487,579,144
M4 [Pregnancy outcome & weight of new-born],4.3,Number of Newborns breast fed within 1 hour of birth,TOTAL,44710,908,2690,1198,3296,417,1493,1179,3603,1099,2001,599,1245,1377,2569,1735,1442,2216,1374,1473,1586,3568,1021,318,1195,2324,1921,863
M5 [Complicated pregnanices],5.1.1,Number of cases of pregnant women with Obstetric Complications and attended at PHCs,TOTAL,314,3,9,0,18,0,0,30,0,1,23,2,40,64,2,3,0,0,12,13,43,22,6,0,18,0,2,3
M5 [Complicated pregnanices],5.1.2,Number of cases of pregnant women with Obstetric Complications and attended at CHCs,TOTAL,589,0,131,NA,NA,52,15,0,2,2,0,5,7,2,34,53,0,0,10,0,43,16,6,0,171,4,21,15
M5 [Complicated pregnanices],5.1.3,Number of cases of pregnant women with Obstetric Complications and attended at SDHs or DHs,TOTAL,2200,6,28,14,102,NA,46,5,548,280,12,25,11,223,4,0,87,10,6,4,0,27,7,41,560,67,55,32
M5 [Complicated pregnanices],5.1.4,Number of cases of pregnant women with Obstetric Complications and attended at other State owned public institutions,TOTAL,NA,NA,NA,NA,NA,NA,NA,NA,NA,NA,NA,NA,NA,NA,NA,NA,NA,NA,NA,NA,NA,NA,NA,NA,NA,NA,NA,NA
M5 [Complicated pregnanices],5.1.5,"Number of cases of pregnant women with Obstetric Complications and attended at Public facilities i.e. PHC, CHC, SDH, DH and other State owned public institutions (sum of items from 5.1.1 to 5.1.4)",TOTAL,3103,9,168,14,120,52,61,35,550,283,35,32,58,289,40,56,87,10,28,17,86,65,19,41,749,71,78,50
M5 [Complicated pregnanices],5.2,Number of cases of pregnant women with Obstetric Complications and attended at Private facilities,TOTAL,339,0,0,199,1,0,NA,NA,NA,0,NA,0,0,64,0,NA,NA,2,NA,0,NA,0,63,0,10,0,0,0
M5 [Complicated pregnanices],5.3.1,Number of cases of complicated pregnancies treated with IV antibiotics,TOTAL,6522,3,38,7,163,5,195,10,899,2,133,528,54,626,32,329,76,705,10,728,643,195,55,35,688,360,1,2
M5 [Complicated pregnanices],5.3.2,Number of cases of complicated pregnancies treated with IV Antihypertensive/Magsulph injection,TOTAL,1014,0,6,0,32,4,29,3,156,1,25,10,6,266,4,48,14,202,16,56,24,11,56,0,20,23,0,2
M5 [Complicated pregnanices],5.3.3,Number of cases of complicated pregnancies treated with IV Oxytocis,TOTAL,5755,19,140,62,330,13,262,38,864,136,139,400,62,649,37,402,76,232,11,259,602,60,39,35,677,200,0,11
M5 [Complicated pregnanices],5.3.4,Number of cases of complicated pregnancies treated with Blood Transfusion,TOTAL,1290,0,0,NA,453,0,20,5,44,265,58,58,0,187,6,4,10,30,2,39,0,0,40,16,43,0,10,0
M6 [Post - Natal Care],6.1,Women getting post partum check-up within 48 hours after delivery,TOTAL,38031,738,2477,1145,2555,305,1227,753,2878,1484,1901,1173,1086,913,2632,1275,786,1514,606,1066,1202,4177,748,186,1027,1739,1965,473
M6 [Post - Natal Care],6.2,Women getting a post partum check up between 48 hours and 14 days after delivery,TOTAL,35390,874,2030,1053,2686,306,870,792,2206,1239,1349,900,772,1095,1701,1400,735,1366,731,3101,889,4079,636,168,1233,1433,1407,339
M6 [Post - Natal Care],6.3,PNC maternal complications attended,TOTAL,551,4,0,2,1,0,2,0,99,2,139,9,0,19,1,14,5,2,2,3,16,152,3,0,24,39,0,13
M7 [Medical Termination of Pregnancy (MTP)],7.1.1,Number of MTPs conducted at Public Institutions up to 12 weeks of pregnancy,TOTAL,5658,31,151,153,189,19,754,526,409,451,100,8,47,230,116,378,189,59,73,506,42,270,141,11,281,238,175,111
M7 [Medical Termination of Pregnancy (MTP)],7.1.2,Number of MTPs conducted at Public Institutions for more than 12 weeks of pregnancy,TOTAL,319,0,0,0,29,0,105,7,0,22,11,0,0,0,1,45,7,0,10,10,0,49,0,3,0,0,19,1
M7 [Medical Termination of Pregnancy (MTP)],7.1.3,Total number of MTPs conducted at Public Institutions (sum of items 7.1.1 and 7.1.2),TOTAL,5977,31,151,153,218,19,859,533,409,473,111,8,47,230,117,423,196,59,83,516,42,319,141,14,281,238,194,112
M7 [Medical Termination of Pregnancy (MTP)],7.2,Number of MTPs conducted at Private Facilities,TOTAL,362,NA,0,0,87,NA,0,0,NA,38,NA,NA,0,0,NA,0,NA,14,NA,0,NA,0,141,NA,0,32,49,1
M8 [RTI/STI Cases],8.1.a,Number of new cases of RTI/STI in males for which treatment was initiated,TOTAL,1315,10,47,17,8,2,88,84,31,0,241,30,44,9,94,5,5,173,0,195,29,20,86,13,2,16,33,33
M8 [RTI/STI Cases],8.1.b,Number of new cases of RTI/STI in females for which treatment was initiated,TOTAL,3890,29,293,185,355,20,276,171,239,65,400,60,256,35,71,53,10,149,0,406,164,130,149,20,3,102,103,146
M8 [RTI/STI Cases],8.1.c,Total number of new cases of RTI/STI in males and females for which treatment was initiated (sum of items 8.1.a and 8.1.b),TOTAL,5205,39,340,202,363,22,364,255,270,65,641,90,300,44,165,58,15,322,0,601,193,150,235,33,5,118,136,179
M8 [RTI/STI Cases],8.2,Number of suspected RTI/STI cases for whom wet mount test was conducted,TOTAL,12,0,0,0,0,12,0,0,0,0,0,0,0,0,0,0,0,0,0,0,0,0,0,0,0,0,0,0
M9 [Family Planning],9.1.1.a,Number of NSV (No Scalpel Vasectomy) or Conventional Vasectomy conducted at PHCs,TOTAL,282,0,1,0,0,0,2,0,0,20,0,100,0,15,0,20,0,0,2,0,0,21,23,0,78,0,0,0
M9 [Family Planning],9.1.1.b,Number of NSV or Conventional Vasectomy conducted at CHCs,TOTAL,48,0,0,NA,NA,0,0,0,0,40,0,0,0,0,3,3,0,0,0,0,0,0,0,0,0,0,2,0
M9 [Family Planning],9.1.1.c,Number of NSV or Conventional Vasectomy conducted at SDHs or DHs,TOTAL,100,NA,0,NA,NA,NA,0,2,2,0,0,20,2,49,0,0,1,0,0,19,0,NA,0,0,5,0,0,NA
M9 [Family Planning],9.1.1.d,Number of NSV or Conventional Vasectomy conducted at other State owned public institutions,TOTAL,NA,NA,NA,NA,NA,NA,NA,NA,NA,NA,NA,NA,NA,NA,NA,NA,NA,NA,NA,NA,NA,NA,NA,NA,NA,NA,NA,NA
M9 [Family Planning],9.1.1.e,"Total Number of NSV or Conventional Vasectomy conducted at Public facilities i.e. PHC, CHC, SDH, DH and other State owned public institutions (sum of items from 9.1.1.a to 9.1.1.d)",TOTAL,430,0,1,0,0,0,2,2,2,60,0,120,2,64,3,23,1,0,2,19,0,21,23,0,83,0,2,0
M9 [Family Planning],9.1.2,Number of NSV or Conventional Vasectomy conducted at Private facilities,TOTAL,16,0,0,NA,1,0,NA,NA,NA,0,NA,0,0,15,0,NA,0,0,NA,0,NA,0,0,0,0,0,NA,0
M9 [Family Planning],9.2.1.a,Number of Laparoscopic sterilizations conducted at PHCs,TOTAL,5273,43,50,42,331,0,21,247,117,842,132,442,17,486,66,228,0,95,0,57,206,127,94,0,1062,70,498,0
M9 [Family Planning],9.2.1.b,Number of Laparoscopic sterilizations conducted at CHCs,TOTAL,1865,0,3,43,15,0,13,228,100,100,0,193,13,0,119,406,0,22,0,118,0,178,76,0,0,0,238,0
M9 [Family Planning],9.2.1.c,Number of Laparoscopic sterilizations conducted at SDHs or DHs,TOTAL,1495,NA,0,NA,69,NA,105,0,70,32,0,91,0,278,4,0,0,1,28,352,37,12,0,0,0,409,7,NA
M9 [Family Planning],9.2.1.d,Number of Laparoscopic sterilizations conducted at other State owned public institutions,TOTAL,NA,NA,NA,NA,NA,NA,NA,NA,NA,NA,NA,NA,NA,NA,NA,NA,NA,NA,NA,NA,NA,NA,NA,NA,NA,NA,NA,NA
M9 [Family Planning],9.2.1.e,"Total Number of Laparoscopic sterilizations conducted at Public facilities i.e. PHC, CHC, SDH, DH and other State owned public institutions (sum of items from 9.2.1.a to 9.2.1.d)",TOTAL,8633,43,53,85,415,0,139,475,287,974,132,726,30,764,189,634,0,118,28,527,243,317,170,0,1062,479,743,0
M9 [Family Planning],9.2.2,Number of Laparoscopic sterilizations conducted at Private facilities,TOTAL,184,0,0,NA,0,0,NA,NA,NA,0,NA,0,0,101,21,NA,0,0,NA,0,NA,0,0,0,54,0,8,0
M9 [Family Planning],9.3.1.a,Number of Mini-lap sterilizations conducted at PHCs,TOTAL,30,0,0,0,0,0,0,0,0,0,0,0,0,0,0,0,0,0,0,0,0,30,0,0,0,0,0,0
M9 [Family Planning],9.3.1.b,Number of Mini-lap sterilizations conducted at CHCs,TOTAL,21,0,0,NA,NA,0,0,0,0,0,0,0,0,0,0,6,0,0,0,0,0,0,NA,0,0,0,15,0
M9 [Family Planning],9.3.1.c,Number of Mini-lap sterilizations conducted at SDHs or DHs,TOTAL,82,NA,0,NA,NA,NA,0,21,0,22,0,0,0,0,21,0,0,3,13,0,NA,NA,0,0,0,0,2,NA
M9 [Family Planning],9.3.1.d,Number of Mini-lap sterilizations conducted at other State owned public institutions,TOTAL,NA,NA,NA,NA,NA,NA,NA,NA,NA,NA,NA,NA,NA,NA,NA,NA,NA,NA,NA,NA,NA,NA,NA,NA,NA,NA,NA,NA
M9 [Family Planning],9.3.1.e,"Total Number of Mini-lap sterilizations conducted at Public facilities i.e. PHC, CHC, SDH, DH and other State owned public institutions (sum of items from 9.3.1.a to 9.3.1.d)",TOTAL,133,0,0,0,0,0,0,21,0,22,0,0,0,0,21,6,0,3,13,0,0,30,0,0,0,0,17,0
M9 [Family Planning],9.3.2,Number of Mini-lap sterilizations conducted at Private facilities,TOTAL,34,0,0,NA,0,0,NA,NA,NA,0,NA,0,0,0,0,NA,0,24,NA,0,NA,7,3,0,0,0,NA,0
M9 [Family Planning],9.4.1.a,Number of Post-Partum sterilizations conducted at PHCs,TOTAL,70,0,0,0,0,0,0,0,0,0,0,3,0,67,0,0,0,0,0,0,0,0,0,0,0,0,0,0
M9 [Family Planning],9.4.1.b,Number of Post-Partum sterilizations conducted at CHCs,TOTAL,34,0,5,NA,NA,0,0,0,0,0,0,0,0,0,4,10,0,0,0,0,0,9,NA,0,0,0,6,0
M9 [Family Planning],9.4.1.c,Number of Post-Partum sterilizations conducted at SDHs or DHs,TOTAL,290,NA,10,NA,54,NA,1,19,0,21,NA,0,0,38,85,3,0,3,0,0,7,NA,9,5,2,9,24,NA
M9 [Family Planning],9.4.1.d,Number of Post-Partum sterilizations conducted at other State owned public institutions,TOTAL,NA,NA,NA,NA,NA,NA,NA,NA,NA,NA,NA,NA,NA,NA,NA,NA,NA,NA,NA,NA,NA,NA,NA,NA,NA,NA,NA,NA
M9 [Family Planning],9.4.1.e,"Total Number of Post-Partum sterilizations conducted at Public facilities i.e. PHC, CHC, SDH, DH and other State owned public institutions (sum of items from 9.4.1.a to 9.4.1.d)",TOTAL,394,0,15,0,54,0,1,19,0,21,0,3,0,105,89,13,0,3,0,0,7,9,9,5,2,9,30,0
M9 [Family Planning],9.4.2,Number of Post-Partum sterilizations conducted at Private facilities,TOTAL,109,0,0,NA,5,0,NA,NA,NA,0,NA,0,0,64,0,NA,0,24,NA,0,NA,7,9,0,0,0,NA,0
M9 [Family Planning],9.5.1.a,Number of IUCD Insertions conducted at SCs,TOTAL,4352,55,377,137,160,87,278,224,650,17,81,73,136,44,37,273,182,285,48,63,161,303,36,1,306,95,222,21
M9 [Family Planning],9.5.1.b,Number of IUCD Insertions conducted at PHCs,TOTAL,2169,73,174,73,42,64,103,38,220,162,76,44,90,96,78,48,95,75,132,65,51,68,64,7,119,27,42,43
M9 [Family Planning],9.5.1.c,Number of IUCD Insertions conducted at CHCs,TOTAL,770,0,56,NA,NA,6,14,31,28,13,23,37,55,28,19,51,40,1,11,12,0,23,48,7,25,21,60,161
M9 [Family Planning],9.5.1.d,Number of IUCD Insertions conducted at SDHs or DHs,TOTAL,1681,6,90,6,15,11,84,54,12,99,79,15,38,64,743,0,26,10,51,2,9,71,6,24,71,6,85,4
M9 [Family Planning],9.5.1.e,Number of IUCD Insertions conducted at other State owned public institutions,TOTAL,NA,NA,NA,NA,NA,NA,NA,NA,NA,NA,NA,NA,NA,NA,NA,NA,NA,NA,NA,NA,NA,NA,NA,NA,NA,NA,NA,NA
M9 [Family Planning],9.5.1.f,"Total Number of IUCD Insertions conducted at Public facilities i.e. SC, PHC, CHC, SDH, DH and other State owned public institutions (sum of items from 9.5.1.a to 9.5.1.e)",TOTAL,8972,134,697,216,217,168,479,347,910,291,259,169,319,232,877,372,343,371,242,142,221,465,154,39,521,149,409,229
M9 [Family Planning],9.5.1A,"Out of above total, Post Partum (within 48 hours of delivery) IUCD insertions",TOTAL,574,6,80,NA,2,11,67,0,5,95,68,NA,12,33,9,6,13,0,0,3,25,61,11,5,8,21,33,0
M9 [Family Planning],9.5.2,Number of IUCD Insertions conducted at Private facilities,TOTAL,180,0,0,NA,0,0,NA,NA,2,6,NA,6,0,0,7,NA,0,2,NA,0,NA,0,10,0,19,0,128,0
M9 [Family Planning],9.06,Number of IUCD removals,TOTAL,966,39,12,13,29,19,25,44,48,28,31,14,23,155,70,54,78,25,38,29,9,49,42,5,22,16,28,21
M9 [Family Planning],9.07,Number of Oral Pills cycles distributed,TOTAL,128882,3918,11339,3758,5461,1479,3634,2623,9826,3856,6289,4845,2519,3810,2523,7564,3937,4214,4998,4558,6654,6829,3799,782,4139,9274,3773,2481
M9 [Family Planning],9.08,Number of Condom pieces distributed,TOTAL,387315,8595,27800,10430,25893,3729,14466,2824,30375,16479,26226,9452,14816,25116,11271,24966,24643,20047,11891,5402,9195,9158,16907,2159,12418,15499,4062,3496
M9 [Family Planning],9.09,Number of Centchroman (weekly) pills given,TOTAL,388,0,0,0,8,4,40,0,0,23,37,0,0,0,5,12,12,30,19,0,10,35,10,0,30,78,35,0
M9 [Family Planning],9.1,Number of Emergency Contraceptive Pills distributed,TOTAL,2387,39,163,10,24,0,46,36,180,53,52,8,119,25,952,145,19,24,92,172,10,37,35,2,1,87,37,19
M9 [Family Planning],9.11.1.a,Number of cases of complications following male sterilization,TOTAL,0,0,0,0,0,0,0,0,0,0,0,0,0,0,0,0,0,0,0,0,0,0,0,0,0,0,0,0
M9 [Family Planning],9.11.1.b,Number of cases of complications following female sterilization,TOTAL,8,0,1,0,0,0,0,2,0,0,0,0,0,0,1,0,0,0,0,0,0,3,1,0,0,0,0,0
M9 [Family Planning],9.11.2.a,Number of failures following male sterilization,TOTAL,1,0,0,0,0,0,0,0,0,0,0,0,0,0,0,0,0,0,0,0,1,0,0,0,0,0,0,0
M9 [Family Planning],9.11.2.b,Number of failures following female sterilization,TOTAL,11,0,0,0,0,0,1,3,0,0,0,0,0,0,0,2,0,0,0,0,2,3,0,0,0,0,0,0
M9 [Family Planning],9.11.3.a,Number of deaths following male sterilization,TOTAL,0,0,0,0,0,0,0,0,0,0,0,0,0,0,0,0,0,0,0,0,0,0,0,0,0,0,0,0
M9 [Family Planning],9.11.3.b,Number of deaths following female sterilization,TOTAL,0,0,0,0,0,0,0,0,0,0,0,0,0,0,0,0,0,0,0,0,0,0,0,0,0,0,0,0
M9 [Family Planning],9.12,Number of Institutions having NSV trained doctors,TOTAL,46,3,4,2,NA,1,1,1,5,2,4,1,1,2,1,3,1,1,NA,NA,2,2,3,NA,4,1,1,NA
M10 [CHILD IMMUNIZATION],10.1.01,Number of Infants (0 to 11 months old)received BCG immunisation,TOTAL,64603,931,4770,2258,4236,980,1851,1507,4728,2995,2286,1486,1438,1518,2249,3420,1829,2441,1884,2164,2386,6772,1223,380,1603,4158,1832,1278
M10 [CHILD IMMUNIZATION],10.1.02,Number of Infants (0 to 11 months old) received DPT1 immunisation,TOTAL,62100,1709,3768,1841,3523,891,1746,1325,4925,2211,2282,1793,1384,2092,2348,3274,1923,2453,1704,2246,2051,5878,1416,397,1783,3480,2207,1450
M10 [CHILD IMMUNIZATION],10.1.03,Number of Infants (0 to 11 months old) received DPT2 immunisation,TOTAL,62111,1529,3961,1796,3563,872,1785,1393,4607,2173,2138,1792,1471,2080,2362,3313,1945,2690,1554,2088,2147,5962,1508,386,1683,3456,2375,1482
M10 [CHILD IMMUNIZATION],10.1.04,Number of Infants (0 to 11 months old) received DPT3 immunisation,TOTAL,61672,1641,3999,1647,3351,887,1929,1386,4600,2282,2261,1951,1486,2003,2274,3356,1853,2656,1548,2127,2040,5771,1383,432,1767,3270,2324,1448
M10 [CHILD IMMUNIZATION],10.1.04A,Number of Infants (0 to 11 months old) received Pentavalent1 immunisation,TOTAL,0,0,0,0,0,0,0,0,0,0,0,NA,0,0,0,0,0,0,0,0,0,0,0,0,0,0,0,0
M10 [CHILD IMMUNIZATION],10.1.04B,Number of Infants (0 to 11 months old) received Pentavalent2 immunisation,TOTAL,0,0,0,0,0,0,0,0,0,0,0,NA,0,0,0,0,0,0,0,0,0,0,0,0,0,0,0,0
M10 [CHILD IMMUNIZATION],10.1.04C,Number of Infants (0 to 11 months old) received Pentavalent3 immunisation,TOTAL,0,0,0,0,0,0,0,0,0,0,0,NA,0,0,0,0,0,0,0,0,0,0,0,0,0,0,0,0
M10 [CHILD IMMUNIZATION],10.1.05,Number of Infants (0 to 11 months old) received OPV 0 (Birth Dose),TOTAL,25068,294,1504,231,1550,217,988,492,1342,1711,811,703,619,1131,1895,1078,599,925,519,984,369,2741,792,253,546,1579,722,473
M10 [CHILD IMMUNIZATION],10.1.06,Number of Infants (0 to 11 months old) received OPV1 (First Dose),TOTAL,62700,1711,3864,1841,3666,864,1758,1327,4925,2251,2297,1843,1402,2092,2346,3403,1923,2370,1711,2245,2059,5977,1428,397,1783,3481,2283,1453
M10 [CHILD IMMUNIZATION],10.1.07,Number of Infants (0 to 11 months old) received OPV2 (Second Dose),TOTAL,62725,1535,4090,1793,3587,845,1773,1392,4645,2201,2165,1875,1461,2080,2342,3368,1945,2598,1548,2089,2152,6043,1508,386,1682,3560,2547,1515
M10 [CHILD IMMUNIZATION],10.1.08,Number of Infants (0 to 11 months old) received OPV3 (Third Dose),TOTAL,62297,1612,4048,1647,3361,864,1934,1387,4664,2285,2354,1899,1460,2003,2320,3388,1856,2664,1537,2116,2119,5936,1383,432,1807,3225,2539,1457
M10 [CHILD IMMUNIZATION],10.1.09A,Number of Infants (upto 48 hrs of age) received Hepatitis-B0 immunisation,TOTAL,13516,165,1116,103,782,26,895,406,787,602,454,502,35,694,889,480,354,210,103,831,197,1786,119,175,376,937,176,316
M10 [CHILD IMMUNIZATION],10.1.09,Number of Infants (0 to 11 months old) received Hepatitis-B1 immunisation,TOTAL,48658,1264,3079,1819,3167,872,1666,720,3089,879,1532,1533,804,2092,2120,2647,1917,428,1305,1583,1819,6465,646,397,1420,3158,994,1243
M10 [CHILD IMMUNIZATION],10.1.10,Number of Infants (0 to 11 months old) received Hepatitis-B2 immunisation,TOTAL,48488,1220,3143,1759,3116,878,1709,782,2816,732,1420,1524,966,2080,2188,2556,1936,329,1215,1504,1909,6686,579,386,1505,3192,1054,1304
M10 [CHILD IMMUNIZATION],10.1.11,Number of Infants (0 to 11 months old) received Hepatitis-B3 immunisation,TOTAL,48203,1185,3131,1635,3041,866,1824,777,2799,801,1492,1492,856,2003,2128,2650,1855,542,1179,1532,1829,6557,495,432,1681,3075,1080,1266
M10 [CHILD IMMUNIZATION],10.1.12,Number of Infants (0 to 11 months old) received Measles immunisation (First Dose),TOTAL,55506,1421,3162,1567,3299,752,1821,1262,4177,2207,2082,1405,1129,1919,1866,3061,1810,2448,1420,2011,1665,5862,946,342,1494,3087,2012,1279
M10 [CHILD IMMUNIZATION],10.1.12B,Number of Infants (more than 16 months old) received Measles immunisation (Second Dose),TOTAL,41267,1172,2812,863,2762,610,1257,538,2336,1523,1341,1305,1091,1224,1477,2468,1203,1688,518,1575,1521,3168,930,250,1484,3008,1834,1309
M10 [CHILD IMMUNIZATION],10.1A,No. of Children aged 9 to 12 months who received JE 1st dose,TOTAL,20192,0,0,0,0,0,43,672,0,2088,0,NA,0,1317,0,2635,0,0,0,1917,0,4514,0,0,1445,3009,1342,1210
M10 [CHILD IMMUNIZATION],10.1.13.a,Total number of male children (9 to 11 months old) fully immunised (BCG+DPT123/Pentavalent123+OPV123+Measles) during the month,TOTAL,28725,749,1630,806,1711,380,991,637,2191,1139,1069,918,578,972,918,1567,941,1227,748,1020,849,2977,485,159,796,1612,1025,630
M10 [CHILD IMMUNIZATION],10.1.13.b,Total number of female children (9 to 11 months old) fully immunised (BCG+DPT123/Pentavalent123+OPV123+Measles) during the month,TOTAL,26857,693,1510,754,1585,360,859,625,2034,1066,983,812,574,878,887,1508,864,1144,654,941,814,2861,461,183,696,1524,961,626
M10 [CHILD IMMUNIZATION],10.1.13.c,Total number of children (9 to 11 months old) fully immunised (BCG+DPT123/Pentavalent123+OPV123+Measles) during the month (sum of items 10.1.13.a and 10.1.13.b),TOTAL,55582,1442,3140,1560,3296,740,1850,1262,4225,2205,2052,1730,1152,1850,1805,3075,1805,2371,1402,1961,1663,5838,946,342,1492,3136,1986,1256
M10 [CHILD IMMUNIZATION],10.2.1,Number of Infants (more than 16 months old) received DPT Booster dose,TOTAL,45065,1197,2920,925,3055,642,1301,940,2628,1802,1391,1303,1122,1646,1677,2396,1394,1881,935,1591,1547,3555,971,250,1593,3021,2063,1319
M10 [CHILD IMMUNIZATION],10.2.2,Number of Infants (more than 16 months old) received OPV Booster dose,TOTAL,45062,1195,2937,925,3048,631,1303,941,2628,1786,1385,1320,1105,1646,1677,2419,1396,1847,935,1589,1542,3538,964,250,1595,3017,2122,1321
M10 [CHILD IMMUNIZATION],10.2.3,"Number of Infants (more than 16 months old) received Measles, Mumps, Rubella (MMR) Vaccination",TOTAL,120,0,0,0,0,0,4,0,0,23,0,0,0,0,65,0,0,0,0,0,0,0,0,0,0,15,13,0
M10 [CHILD IMMUNIZATION],10.3.1.a,Total number of male children (12 to 23 months old) fully immunised (BCG+DPT123/Pentavalent123+OPV123+Measles) during the month,TOTAL,4596,122,296,166,128,109,60,30,460,102,425,92,4,33,161,276,104,313,144,95,255,441,32,75,258,250,125,40
M10 [CHILD IMMUNIZATION],10.3.1.b,Total number of female children (12 to 23 months old) fully immunised (BCG+DPT123/Pentavalent123+OPV123+Measles) during the month,TOTAL,4251,108,243,160,112,96,50,17,475,80,389,60,1,29,151,277,110,253,140,97,246,432,30,76,223,232,125,39
M10 [CHILD IMMUNIZATION],10.3.1.c,Total number of children (12 to 23 months old) fully immunised (BCG+DPT123+OPV123/Pentavalent123+Measles) during the month (sum of items 10.3.1.a and 10.3.1.b),TOTAL,8847,230,539,326,240,205,110,47,935,182,814,152,5,62,312,553,214,566,284,192,501,873,62,151,481,482,250,79
M10 [CHILD IMMUNIZATION],10.3.2,Number of children (more than 5 years old) given DT5,TOTAL,22057,500,957,340,1653,279,620,350,819,1011,471,730,699,1378,943,1351,595,813,433,888,727,1950,455,97,699,1700,984,615
M10 [CHILD IMMUNIZATION],10.3.3,Number of children (more than 10 years old) given TT10,TOTAL,20719,352,913,252,2010,185,596,311,874,625,427,595,979,1577,737,974,607,1192,494,729,646,1740,434,123,596,1650,753,348
M10 [CHILD IMMUNIZATION],10.3.4,Number of children (more than 16 years old) given TT16,TOTAL,16324,249,726,162,1566,140,503,207,707,352,386,482,762,1418,556,740,549,927,459,548,494,1293,318,110,425,1331,648,266
M10 [CHILD IMMUNIZATION],10.3.5.a,Number of cases of Abscess reported following immunisation [Adverse Event Following Immunisation (AEFI)],TOTAL,12,2,0,0,0,0,4,3,0,0,0,0,0,0,0,0,0,0,0,0,0,0,0,0,0,1,0,2
M10 [CHILD IMMUNIZATION],10.3.5.b,Number of cases of Death reported following immunisation [Adverse Event Following Immunisation (AEFI)],TOTAL,0,0,0,0,0,0,0,0,0,0,0,0,0,0,0,0,0,0,0,0,0,0,0,0,0,0,0,0
M10 [CHILD IMMUNIZATION],10.3.5.c,Number of cases of other complications reported following immunisation [Adverse Event Following Immunisation (AEFI)],TOTAL,195,4,12,0,0,0,90,53,0,1,0,2,0,3,0,2,0,0,0,0,0,0,3,0,0,0,0,25
M10 [CHILD IMMUNIZATION],10.4.1,Number of Immunisation sessions planned to be held during the month,TOTAL,28036,811,1282,638,1556,467,901,734,1496,1006,890,1215,661,1055,656,1069,1118,1236,948,1271,977,2191,767,418,1172,1748,943,810
M10 [CHILD IMMUNIZATION],10.4.2,Number of Immunisation sessions held during the month,TOTAL,27604,824,1259,633,1535,461,893,722,1430,1006,867,1204,637,1040,657,1068,1163,1205,926,1234,973,2143,758,390,1130,1708,940,798
M10 [CHILD IMMUNIZATION],10.4.3,Number of Immunisation sessions held during the month where ASHAs were present,TOTAL,26711,824,1254,589,1507,461,842,722,1345,996,836,1199,579,1007,653,1056,1129,1086,914,1228,959,2015,716,329,1098,1657,915,795
M10 [CHILD IMMUNIZATION],10.5.1,Number of children (more than 16 months old) received Japanese Encephalitis (JE) vaccination,TOTAL,18655,0,0,0,0,0,0,487,0,1614,0,994,0,1460,0,2583,0,0,0,1505,0,2875,0,0,1461,3060,1488,1128
M11 [Number of Vitamin A doses],11.1.1,Number of children (9 months to 5 years old) administered 1st dose of Vitamin A (Dose-1),TOTAL,52832,1415,2830,1524,3023,743,1793,1161,4196,1948,2067,1320,1175,1846,1526,3150,1772,2424,1377,1983,1528,5391,857,342,1464,2969,1801,1207
M11 [Number of Vitamin A doses],11.1.2,Number of children (9 months to 5 years old) were administered 5th dose of Vitamin A (Dose-5),TOTAL,15763,315,643,176,1007,71,556,717,846,527,216,628,259,896,640,959,262,523,354,588,508,2040,153,90,649,1063,788,289
M11 [Number of Vitamin A doses],11.1.3,Number of children (9 months to 5 years old) administered 9th dose of Vitamin A (Dose-9),TOTAL,16036,386,688,149,945,121,644,571,826,687,285,585,317,1111,783,1090,373,297,260,637,545,1778,320,65,537,865,846,325
M12 [Number of cases of Childhood Diseases reported during the month0-5 years:],12.1,Number of cases of Diptheria reported in children below 5 years of age,TOTAL,0,0,0,0,0,0,0,0,0,0,0,0,0,0,0,0,0,0,0,0,0,0,0,0,0,0,0,0
M12 [Number of cases of Childhood Diseases reported during the month0-5 years:],12.2,Number of cases of Pertusis reported in children below 5 years of age,TOTAL,0,0,0,0,0,0,0,0,0,0,0,0,0,0,0,0,0,0,0,0,0,0,0,0,0,0,0,0
M12 [Number of cases of Childhood Diseases reported during the month0-5 years:],12.3,Number of cases of Tetanus neonatarum reported in children below 5 years of age,TOTAL,0,0,0,0,0,0,0,0,0,0,0,0,0,0,0,0,0,0,0,0,0,0,0,0,0,0,0,0
M12 [Number of cases of Childhood Diseases reported during the month0-5 years:],12.4,Number of cases of Tetanus other than neonatarum reported in children below 5 years of age,TOTAL,6,0,0,0,0,6,0,0,0,0,0,0,0,0,0,0,0,0,0,0,0,0,0,0,0,0,0,0
M12 [Number of cases of Childhood Diseases reported during the month0-5 years:],12.5,Number of cases of Polio reported in children below 5 years of age,TOTAL,0,0,0,0,0,0,0,0,0,0,0,0,0,0,0,0,0,0,0,0,0,0,0,0,0,0,0,0
M12 [Number of cases of Childhood Diseases reported during the month0-5 years:],12.6,Number of cases of Measles reported in children below 5 years of age,TOTAL,256,5,16,2,20,3,4,19,22,6,0,29,3,0,2,6,4,15,2,11,0,8,22,0,14,26,7,10
M12 [Number of cases of Childhood Diseases reported during the month0-5 years:],12.7,Number of cases of Diarrhoea and Dehydration reported in children below 5 years of age,TOTAL,12202,184,222,24,219,255,719,446,1074,507,407,262,371,400,356,225,318,1098,296,616,304,734,750,358,356,442,1092,167
M12 [Number of cases of Childhood Diseases reported during the month0-5 years:],12.8,Number of cases of Malaria reported in children below 5 years of age,TOTAL,203,0,0,0,0,168,0,1,5,0,7,0,0,0,0,0,15,0,0,0,0,0,0,3,0,4,0,0
M12 [Number of cases of Childhood Diseases reported during the month0-5 years:],12.9,Number of children below 5 years of age admitted with Respiratory Infections,TOTAL,4086,28,357,0,14,464,92,804,135,26,118,128,90,147,230,39,121,93,22,121,5,60,416,53,39,47,265,172
M13 [Blindness Control Programme],13.1,Number of Patients operated for cataract,TOTAL,2338,2,139,0,47,0,76,9,13,25,147,101,13,264,213,113,127,62,128,82,0,124,220,4,159,23,161,86
M13 [Blindness Control Programme],13.2,Number of Intraocular Lens(IOL) implantations,TOTAL,1758,0,139,0,47,0,76,6,13,25,140,100,4,134,0,70,127,56,128,82,0,120,220,4,146,19,17,85
M13 [Blindness Control Programme],13.3,Number of School children detected with Refractive errors,TOTAL,7051,100,562,162,0,0,2134,469,173,12,279,0,24,0,240,1090,139,3,76,71,33,0,233,40,496,304,15,396
M13 [Blindness Control Programme],13.4,Number of children provided free glasses,TOTAL,3024,0,345,0,0,0,1359,265,0,0,2,0,0,0,240,219,5,0,0,0,0,0,223,0,90,276,0,0
M13 [Blindness Control Programme],13.5,Number of eyes collected through eye donation,TOTAL,0,NA,0,NA,0,0,0,0,0,0,0,0,0,0,0,0,0,0,0,0,0,0,0,0,0,0,0,0
M13 [Blindness Control Programme],13.6,Number of eyes utilised for corneal transplant,TOTAL,0,NA,0,NA,0,0,0,0,0,0,0,0,0,0,0,0,0,0,0,0,0,0,0,0,0,0,0,0
M14 [Patient Services],14.01,Number of CHC or SDH or DH functioning as First Referral units (FRUs),TOTAL,48,NA,2,2,NA,NA,2,2,1,2,1,1,NA,4,2,6,2,1,1,1,1,5,1,NA,5,2,3,1
M14 [Patient Services],14.02,Number of PHCs functioning 24X7 with atleast 3 Staff Nurses,TOTAL,385,17,11,16,16,5,10,14,14,15,26,24,7,20,9,14,11,11,13,19,17,19,10,2,18,25,13,9
M14 [Patient Services],14.03,Number of Anganwadi centres reported to have conducted VHNDs,TOTAL,23421,733,976,541,1413,405,714,673,1229,880,566,1017,565,737,206,1390,911,1036,782,1102,878,2027,526,177,907,1555,775,700
M14 [Patient Services],14.04,Number of facilities having a Rogi Kalyan Samiti (RKS),TOTAL,119,2,6,3,2,3,3,4,7,4,2,6,3,6,4,11,4,2,2,7,3,8,7,3,5,3,6,3
M14 [Patient Services],14.05,Number of RKS meetings held during the month,TOTAL,420,30,11,21,11,10,18,10,16,5,25,18,2,31,9,27,7,8,26,12,15,18,16,8,21,19,15,11
M14 [Patient Services],14.06,Number of facilities having Ambulance services (Assured Referral Services),TOTAL,595,28,16,16,31,10,16,14,24,20,24,34,13,22,12,34,21,20,15,28,15,24,21,9,33,46,14,35
M14 [Patient Services],14.07,Total Number of times the Ambulance was used for transporting patients during the month,TOTAL,7830,262,483,98,442,228,136,99,471,116,255,628,381,97,161,360,194,306,136,298,388,274,143,23,836,530,168,317
M14 [Patient Services],14.08,Number of Institutions having Operational Sick New Born and Child Care Units (SNCU),TOTAL,22,NA,NA,1,1,NA,1,1,1,1,1,1,1,1,1,1,NA,1,2,1,1,1,1,NA,1,1,1,NA
M14 [Patient Services],14.09,Number of functional Laproscopes in CHC/SDH/DH,TOTAL,28,NA,1,NA,0,0,1,0,3,0,0,0,3,2,0,1,1,1,0,4,2,2,2,0,3,0,2,0
M14 [Patient Services],14.10.1.a,Number of male patients admitted (Inpatients) during the month,1. Children,8086,24,420,45,480,12,296,54,681,509,175,494,163,542,275,133,255,286,150,517,856,205,283,67,327,431,339,67
M14 [Patient Services],14.10.1.a,Number of male patients admitted (Inpatients) during the month,2. Adults,28315,128,639,258,1499,18,776,147,990,2382,494,1170,410,1549,4265,381,492,523,450,3904,1376,1268,581,261,1258,1408,1410,278
M14 [Patient Services],14.10.1.b,Number of female patients (Inpatients) admitted during the month,1. Children,7967,11,594,63,372,5,166,88,694,442,150,464,167,451,201,157,101,565,107,405,779,493,392,66,281,429,273,51
M14 [Patient Services],14.10.1.b,Number of female patients (Inpatients) admitted during the month,2. Adults,54475,618,1117,563,4131,93,1794,763,2545,2846,1724,1717,1596,2061,5693,1150,1341,1523,1021,5944,2138,3817,1071,591,2398,3286,2370,564
M14 [Patient Services],14.10.1.c,Total number of patients admitted (Inpatients) during the month (sum of items 14.10.1.a and 14.10.1.b),1. Children,16053,35,1014,108,852,17,462,142,1375,951,325,958,330,993,476,290,356,851,257,922,1635,698,675,133,608,860,612,118
M14 [Patient Services],14.10.1.c,Total number of patients admitted (Inpatients) during the month (sum of items 14.10.1.a and 14.10.1.b),2. Adults,82790,746,1756,821,5630,111,2570,910,3535,5228,2218,2887,2006,3610,9958,1531,1833,2046,1471,9848,3514,5085,1652,852,3656,4694,3780,842
M14 [Patient Services],14.10.2.a,Number of death cases of Inpatient males,TOTAL,420,1,40,7,1,0,12,15,46,1,15,28,10,41,0,0,27,19,17,9,5,66,7,9,16,10,13,5
M14 [Patient Services],14.10.2.b,Number of death cases of Inpatient females,TOTAL,366,1,23,6,0,0,22,10,28,0,11,20,5,25,0,0,14,21,10,7,11,110,7,5,12,7,9,2
M14 [Patient Services],14.10.2.c,Number of cases of death of Inpatients (sum of items 14.10.2.a and 14.10.2.b),TOTAL,786,2,63,13,1,0,34,25,74,1,26,48,15,66,0,0,41,40,27,16,16,176,14,14,28,17,22,7
M14 [Patient Services],14.11,In-Patient Head Count at midnight,TOTAL,45570,0,2117,0,847,0,2405,3450,6714,288,293,24,1272,2,548,1171,4596,2766,1297,340,3401,717,4668,802,2714,397,4069,672
M14 [Patient Services],14.12.1,OPD attendance (All),TOTAL,2536702,59042,113451,58151,102296,32833,70174,61602,165055,146773,92651,91890,38610,87556,144536,131735,52363,65018,48379,78535,78361,208641,76727,20661,129583,191074,124938,66067
M14 [Patient Services],14.13.1,Number of major operations carried out using general or spinal anaesthesia,TOTAL,2214,NA,117,NA,86,0,41,0,55,67,47,26,2,246,26,13,0,134,105,340,49,113,106,14,144,175,308,0
M14 [Patient Services],14.13.1A,"Out of 14.13.1,Gynecology- Hysterectomy surgeries",TOTAL,44,NA,30,NA,2,0,0,0,1,2,0,NA,0,0,0,0,0,0,0,3,1,5,0,0,0,0,0,0
M14 [Patient Services],14.13.2,Number of minor operations carried out without anaesthesia or using local anaesthesia,TOTAL,1970,0,87,53,164,5,40,3,578,32,30,17,7,99,17,173,0,253,48,27,0,11,18,11,19,48,223,7
M14 [Patient Services],14.14.a,Number of patients given AYUSH treatment,TOTAL,53089,1150,0,664,290,906,2524,1924,493,2812,11809,882,223,959,517,7276,659,859,513,193,0,1066,13111,786,2063,553,324,533
M14 [Patient Services],14.14.b,Number of patients on whom Dental Procedure was conducted,TOTAL,10771,76,185,0,21,0,306,185,391,0,1174,698,0,724,0,714,266,674,358,566,87,542,1320,65,918,840,520,141
M14 [Patient Services],14.14.c,Number of Adolescents counselled,TOTAL,1850,62,102,0,92,0,138,7,17,126,927,104,0,0,77,173,21,0,0,0,0,4,0,0,0,0,0,0
M15 [Laboratory Testing],15.1.1.a,Number of Haemoglobin (Hb) tests conducted,TOTAL,137328,3748,7822,3075,12739,946,2946,3705,8705,5374,6695,5061,3564,5316,3242,9253,1909,5216,2036,5376,5833,10810,4732,433,3659,7969,5494,1670
M15 [Laboratory Testing],15.1.1.b,"Out of the total number of Hb tests conducted, number of cases having Hb less than 7gm/dl",TOTAL,2635,9,11,53,212,43,224,36,151,142,111,44,9,52,40,77,45,162,73,128,65,194,39,19,73,257,328,38
M15 [Laboratory Testing],15.1.2.a,Number of HIV tests conducted on males,1. Number tested,3714,53,86,189,45,0,70,207,377,102,154,183,0,261,34,355,114,4,46,108,101,261,149,45,147,419,182,22
M15 [Laboratory Testing],15.1.2.a,Number of HIV tests conducted on males,2. Number Positive,16,0,0,0,6,0,0,0,0,0,0,1,0,1,0,2,0,0,1,0,0,4,0,0,0,0,1,0
M15 [Laboratory Testing],15.1.2.b,Number of HIV tests conducted on Female-Non ANC (i.e. non pregnant females),1. Number tested,4039,152,97,196,21,0,185,153,256,22,330,176,0,198,41,183,7,91,65,290,213,746,255,33,155,11,126,37
M15 [Laboratory Testing],15.1.2.b,Number of HIV tests conducted on Female-Non ANC (i.e. non pregnant females),2. Number Positive,98,0,0,0,2,0,0,0,0,0,0,0,0,0,0,0,0,4,0,0,1,91,0,0,0,0,0,0
M15 [Laboratory Testing],15.1.2.c,Number of HIV tests conducted on Female with ANC (i.e. pregnant females),1. Number tested,16621,89,1158,188,427,0,489,800,585,697,550,797,37,951,1374,1847,239,304,391,926,684,1171,691,70,320,813,546,477
M15 [Laboratory Testing],15.1.2.c,Number of HIV tests conducted on Female with ANC (i.e. pregnant females),2. Number Positive,44,0,0,0,0,16,0,0,5,0,0,0,0,0,0,1,0,0,0,0,0,0,0,0,0,0,22,0
M15 [Laboratory Testing],15.1.2.d,Total number of HIV tests conducted (sum of items 15.1.2.a to 15.1.2.c),1. Number tested,24374,294,1341,573,493,0,744,1160,1218,821,1034,1156,37,1410,1449,2385,360,399,502,1324,998,2178,1095,148,622,1243,854,536
M15 [Laboratory Testing],15.1.2.d,Total number of HIV tests conducted (sum of items 15.1.2.a to 15.1.2.c),2. Number Positive,158,0,0,0,8,16,0,0,5,0,0,1,0,1,0,3,0,4,1,0,1,95,0,0,0,0,23,0
M15 [Laboratory Testing],15.2,Number of Widal tests conducted,Number tested,4338,19,152,188,46,189,123,387,132,174,164,100,200,177,149,503,35,115,157,180,100,265,260,30,129,70,32,262
M15 [Laboratory Testing],15.3.a,Number of VDRL tests conducted on males,Number tested,653,0,1,3,18,0,0,4,70,0,8,0,0,2,2,8,0,53,210,33,0,35,43,12,0,57,77,17
M15 [Laboratory Testing],15.3.b,Number of VDRL tests conducted on Female-Non ANC (i.e. non pregnant females),Number tested,1204,0,28,4,35,14,0,117,222,0,0,0,6,177,2,148,0,100,0,0,23,25,14,22,7,105,123,32
M15 [Laboratory Testing],15.3.c,Number of VDRL tests conducted on Female with ANC (i.e. pregnant females),Number tested,9502,18,490,420,755,17,12,219,399,135,699,110,40,822,395,1727,47,393,0,368,117,281,157,75,58,1080,388,280
M15 [Laboratory Testing],15.3.d,Total number of VDRL tests conducted (sum of items 15.3.a to 15.3.c),Number tested,11359,18,519,427,808,31,12,340,691,135,707,110,46,1001,399,1883,47,546,210,401,140,341,214,109,65,1242,588,329
M15 [Laboratory Testing],15.4.1,Number of blood smears examined for Malaria,TOTAL,161883,5835,6304,10752,10472,2915,1608,2485,7507,5140,4759,6475,5650,5634,3370,12263,5189,3857,7538,7017,5159,8435,3632,1084,7785,10900,7143,2975
M15 [Laboratory Testing],15.4.2,"Out of blood smears examined for malaria, number of blood smears tested positive for Plasmodium Vivax",TOTAL,612,8,4,1,1,14,0,0,1,26,10,0,3,0,0,2,18,2,144,0,1,315,0,12,0,4,11,35
M15 [Laboratory Testing],15.4.3,"Out of blood smears examined for malaria, number of blood smears tested positive for Plasmodium Falciparum",TOTAL,403,19,2,1,4,56,1,0,7,0,11,31,11,0,1,0,125,2,41,1,1,21,1,27,0,2,2,36
M16 [Stock Position (During the month)],16.1.1,Stock position of DPT vaccines,1. Balance From Previous Month,629009,696,11530,12000,36000,36945,11490,49790,22900,2085,28030,3400,1450,82130,16000,26450,32360,44750,15810,51300,1153,29050,22030,43550,1664,850,896,44700
M16 [Stock Position (During the month)],16.1.1,Stock position of DPT vaccines,2. Stocks Received,389100,1600,29000,NA,10000,10000,32000,16000,35000,3000,36000,10000,2000,10000,15000,15000,20000,32000,16000,30000,2000,30000,10000,10000,0,2500,2000,10000
M16 [Stock Position (During the month)],16.1.1,Stock position of DPT vaccines,3. Unusable Stock,0,0,NA,NA,NA,NA,NA,0,0,0,0,NA,0,NA,0,NA,NA,0,0,0,0,NA,0,NA,0,0,NA,NA
M16 [Stock Position (During the month)],16.1.1,Stock position of DPT vaccines,4. Stock Distributed,282724,1250,19400,6000,18000,9000,9500,10530,21500,1805,14400,6110,800,11920,18000,24950,15660,23000,11910,10500,1192,18350,8772,12900,711,92,1472,5000
M16 [Stock Position (During the month)],16.1.1,Stock position of DPT vaccines,5. Total Stock,735385,1046,21130,6000,28000,37945,33990,55260,36400,3280,49630,7290,2650,80210,13000,16500,36700,53750,19900,70800,1961,40700,23258,40650,953,3258,1424,49700
M16 [Stock Position (During the month)],16.1.1A,Stock Position of Pentavalent,1. Balance From Previous Month,0,0,NA,NA,NA,NA,NA,0,NA,0,NA,0,NA,NA,0,NA,NA,NA,NA,0,NA,NA,NA,NA,0,NA,0,NA
M16 [Stock Position (During the month)],16.1.1A,Stock Position of Pentavalent,2. Stocks Received,0,0,NA,NA,NA,NA,NA,0,NA,0,NA,0,NA,NA,0,NA,NA,NA,NA,0,NA,NA,NA,NA,0,NA,0,NA
M16 [Stock Position (During the month)],16.1.1A,Stock Position of Pentavalent,3. Unusable Stock,0,0,NA,NA,NA,NA,NA,0,NA,0,NA,NA,NA,NA,0,NA,NA,NA,NA,0,NA,NA,NA,NA,0,NA,0,NA
M16 [Stock Position (During the month)],16.1.1A,Stock Position of Pentavalent,4. Stock Distributed,0,0,NA,NA,NA,NA,NA,0,NA,0,NA,0,NA,NA,0,NA,NA,NA,NA,0,NA,NA,NA,NA,0,NA,0,NA
M16 [Stock Position (During the month)],16.1.1A,Stock Position of Pentavalent,5. Total Stock,0,0,0,0,0,0,0,0,0,0,0,0,0,0,0,0,0,0,0,0,0,0,0,0,0,0,0,0
M16 [Stock Position (During the month)],16.1.2,Stock position of OPV vaccines,1. Balance From Previous Month,789356,447,0,7500,7140,11030,1500,1100,33500,275,7980,8000,175,95740,550,19500,5160,200,8000,501300,205,6900,19140,18060,459,300,695,34500
M16 [Stock Position (During the month)],16.1.2,Stock position of OPV vaccines,2. Stocks Received,300150,500,20000,11000,24000,8000,14000,13000,20000,750,14000,18000,500,18000,12000,14000,15000,15000,13000,15000,700,26000,12000,5000,0,0,700,10000
M16 [Stock Position (During the month)],16.1.2,Stock position of OPV vaccines,3. Unusable Stock,5920,0,NA,NA,NA,NA,NA,0,0,0,5920,NA,0,NA,0,NA,NA,0,0,0,0,NA,0,NA,0,0,NA,NA
M16 [Stock Position (During the month)],16.1.2,Stock position of OPV vaccines,4. Stock Distributed,298614,225,19600,11000,21900,13630,12500,8100,31800,760,14700,6250,300,5340,8550,18600,18280,14300,11780,34560,470,18600,12706,5000,415,25,1023,8200
M16 [Stock Position (During the month)],16.1.2,Stock position of OPV vaccines,5. Total Stock,784972,722,400,7500,9240,5400,3000,6000,21700,265,1360,19750,375,108400,4000,14900,1880,900,9220,481740,435,14300,18434,18060,44,275,372,36300
M16 [Stock Position (During the month)],16.1.3,Stock position of TT vaccines,1. Balance From Previous Month,488338,767,2540,17500,38250,16640,22630,0,17000,1475,76550,4660,6250,55910,7000,12850,17420,17900,6280,61500,1460,23300,16040,11460,3302,1100,2554,46000
M16 [Stock Position (During the month)],16.1.3,Stock position of TT vaccines,2. Stocks Received,300700,0,31000,NA,20000,NA,24000,3000,35000,4000,16000,10000,0,0,10000,13000,16000,25000,16000,16000,1200,24000,16000,10000,0,1500,1000,8000
M16 [Stock Position (During the month)],16.1.3,Stock position of TT vaccines,3. Unusable Stock,0,0,NA,NA,NA,NA,NA,0,0,0,0,NA,0,NA,0,NA,NA,0,0,0,0,NA,0,NA,0,0,NA,NA
M16 [Stock Position (During the month)],16.1.3,Stock position of TT vaccines,4. Stock Distributed,230962,680,13700,5500,21800,8980,7500,3000,13750,1405,15600,4710,1500,9600,15000,16950,16520,17600,11380,12500,1101,14800,9930,1600,825,783,1248,3000
M16 [Stock Position (During the month)],16.1.3,Stock position of TT vaccines,5. Total Stock,558076,87,19840,12000,36450,7660,39130,0,38250,4070,76950,9950,4750,46310,2000,8900,16900,25300,10900,65000,1559,32500,22110,19860,2477,1817,2306,51000
M16 [Stock Position (During the month)],16.1.4,Stock position of DT vaccines,1. Balance From Previous Month,0,0,NA,NA,NA,NA,0,0,0,0,NA,0,0,NA,0,NA,NA,0,0,0,NA,NA,NA,0,0,NA,0,NA
M16 [Stock Position (During the month)],16.1.4,Stock position of DT vaccines,2. Stocks Received,7200,0,NA,NA,NA,NA,7200,0,0,0,NA,0,0,NA,0,NA,NA,0,0,0,NA,NA,NA,NA,0,NA,0,NA
M16 [Stock Position (During the month)],16.1.4,Stock position of DT vaccines,3. Unusable Stock,0,0,NA,NA,NA,NA,NA,0,0,0,NA,NA,0,NA,0,NA,NA,0,0,0,NA,NA,NA,NA,0,NA,0,NA
M16 [Stock Position (During the month)],16.1.4,Stock position of DT vaccines,4. Stock Distributed,4280,0,NA,NA,NA,NA,4280,0,NA,0,NA,0,0,NA,0,NA,NA,0,0,0,NA,NA,NA,NA,0,NA,0,NA
M16 [Stock Position (During the month)],16.1.4,Stock position of DT vaccines,5. Total Stock,2920,0,0,0,0,0,2920,0,0,0,0,0,0,0,0,0,0,0,0,0,0,0,0,0,0,0,0,0
M16 [Stock Position (During the month)],16.1.5,Stock position of BCG vaccines,1. Balance From Previous Month,126001,210,20,0,0,4860,12970,5300,3500,0,10260,1500,0,12950,2600,10660,440,1250,250,19200,640,11300,8130,10640,971,250,0,8100
M16 [Stock Position (During the month)],16.1.5,Stock position of BCG vaccines,2. Stocks Received,215500,550,10000,5000,11500,4000,7000,12000,12000,2000,20000,17500,500,10000,9000,11000,15000,15500,7500,12500,1200,13000,6000,3000,0,3300,1450,5000
M16 [Stock Position (During the month)],16.1.5,Stock position of BCG vaccines,3. Unusable Stock,7740,0,NA,NA,NA,NA,NA,0,0,0,7740,NA,0,NA,0,NA,NA,0,0,0,0,NA,0,NA,0,0,NA,NA
M16 [Stock Position (During the month)],16.1.5,Stock position of BCG vaccines,4. Stock Distributed,163128,526,10020,5000,10300,6510,4000,2200,7000,1556,11600,4840,500,7220,10100,9800,10640,14500,6500,6500,930,17700,6020,3600,435,892,1139,3100
M16 [Stock Position (During the month)],16.1.5,Stock position of BCG vaccines,5. Total Stock,170633,234,0,0,1200,2350,15970,15100,8500,444,10920,14160,0,15730,1500,11860,4800,2250,1250,25200,910,6600,8110,10040,536,2658,311,10000
M16 [Stock Position (During the month)],16.1.6,Stock position of Measles vaccines,1. Balance From Previous Month,253041,600,2485,9250,11375,9650,18125,28860,21750,1575,27570,4000,950,16780,1300,11380,15140,9000,3490,25250,788,495,9360,4050,3941,1200,677,14000
M16 [Stock Position (During the month)],16.1.6,Stock position of Measles vaccines,2. Stocks Received,178500,2000,17500,NA,10000,5000,15000,0,10000,4000,10000,10000,2000,10000,5000,5000,5000,10000,10000,10000,2000,10000,10000,5000,0,4000,2000,5000
M16 [Stock Position (During the month)],16.1.6,Stock position of Measles vaccines,3. Unusable Stock,24270,0,NA,NA,NA,NA,NA,0,0,0,24270,NA,0,NA,0,NA,NA,0,0,0,0,NA,0,NA,0,0,NA,NA
M16 [Stock Position (During the month)],16.1.6,Stock position of Measles vaccines,4. Stock Distributed,132269,950,9850,1750,8950,4875,4500,2970,11500,1745,7300,3920,800,7955,6300,11650,9080,10000,5875,5000,1170,1475,3640,5850,601,1003,1310,2250
M16 [Stock Position (During the month)],16.1.6,Stock position of Measles vaccines,5. Total Stock,275002,1650,10135,7500,12425,9775,28625,25890,20250,3830,6000,10080,2150,18825,0,4730,11060,9000,7615,30250,1618,9020,15720,3200,3340,4197,1367,16750
M16 [Stock Position (During the month)],16.1.7,Stock position of JE vaccines,1. Balance From Previous Month,661315,0,0,NA,NA,NA,0,84775,0,0,NA,0,0,2600,NA,13010,NA,0,0,540950,NA,3900,NA,NA,80,50,0,15950
M16 [Stock Position (During the month)],16.1.7,Stock position of JE vaccines,2. Stocks Received,50000,0,NA,NA,NA,NA,0,0,0,4000,NA,10000,0,0,NA,0,NA,0,0,0,NA,20000,NA,NA,0,4000,2000,10000
M16 [Stock Position (During the month)],16.1.7,Stock position of JE vaccines,3. Unusable Stock,60000,0,NA,NA,NA,NA,NA,60000,0,0,NA,NA,0,NA,NA,NA,NA,0,0,0,NA,NA,NA,NA,0,0,NA,NA
M16 [Stock Position (During the month)],16.1.7,Stock position of JE vaccines,4. Stock Distributed,37182,0,NA,NA,NA,NA,0,1060,0,428,NA,7800,0,775,NA,8150,NA,0,0,0,NA,14075,NA,NA,80,874,1440,2500
M16 [Stock Position (During the month)],16.1.7,Stock position of JE vaccines,5. Total Stock,614133,0,0,0,0,0,0,23715,0,3572,0,2200,0,1825,0,4860,0,0,0,540950,0,9825,0,0,0,3176,560,23450
M16 [Stock Position (During the month)],16.1.8,Stock position of Hepatitis B vaccines,1. Balance From Previous Month,98606,90,1120,8000,8950,50,450,0,0,0,700,4030,0,18970,NA,16380,2420,400,1350,4330,71,7630,8000,10880,185,100,0,4500
M16 [Stock Position (During the month)],16.1.8,Stock position of Hepatitis B vaccines,2. Stocks Received,419850,1500,30000,15000,30000,15000,20500,22500,33000,2250,22000,30000,1500,22500,NA,22000,NA,22500,22500,30000,2100,40000,20000,9000,0,3750,2250,0
M16 [Stock Position (During the month)],16.1.8,Stock position of Hepatitis B vaccines,3. Unusable Stock,0,0,NA,NA,NA,NA,NA,0,0,0,0,NA,0,NA,NA,NA,NA,0,0,0,0,NA,0,NA,0,0,NA,NA
M16 [Stock Position (During the month)],16.1.8,Stock position of Hepatitis B vaccines,4. Stock Distributed,107902,780,1120,8500,8950,2550,450,4000,3000,520,5800,8850,0,8200,NA,11110,2020,20000,1600,500,271,1800,4000,10500,0,29,252,3100
M16 [Stock Position (During the month)],16.1.8,Stock position of Hepatitis B vaccines,5. Total Stock,410554,810,30000,14500,30000,12500,20500,18500,30000,1730,16900,25180,1500,33270,0,27270,400,2900,22250,33830,1900,45830,24000,9380,185,3821,1998,1400
M16 [Stock Position (During the month)],16.2.1,Stock Position of IU 380 A (to be used for Family Planning),1. Balance From Previous Month,8522,0,981,NA,1940,NA,1050,380,875,475,750,600,25,NA,NA,NA,300,50,346,0,NA,NA,150,400,150,50,0,NA
M16 [Stock Position (During the month)],16.2.1,Stock Position of IU 380 A (to be used for Family Planning),2. Stocks Received,7500,NA,0,NA,0,NA,600,4800,0,0,0,600,0,NA,NA,NA,NA,300,0,0,NA,NA,0,0,0,0,1200,NA
M16 [Stock Position (During the month)],16.2.1,Stock Position of IU 380 A (to be used for Family Planning),3. Unusable Stock,0,NA,NA,NA,NA,NA,NA,0,0,0,0,NA,0,NA,NA,NA,NA,0,0,0,NA,NA,0,NA,0,NA,0,NA
M16 [Stock Position (During the month)],16.2.1,Stock Position of IU 380 A (to be used for Family Planning),4. Stock Distributed,3575,NA,350,NA,250,NA,550,230,0,0,100,300,0,NA,NA,NA,150,310,235,0,NA,NA,0,50,150,50,850,NA
M16 [Stock Position (During the month)],16.2.1,Stock Position of IU 380 A (to be used for Family Planning),5. Total Stock,12447,0,631,0,1690,0,1100,4950,875,475,650,900,25,0,0,0,150,40,111,0,0,0,150,350,0,0,350,0
M16 [Stock Position (During the month)],16.2.2,Stock Position of Condoms (to be used for Family Planning),1. Balance From Previous Month,592084,NA,42820,NA,50460,NA,9000,31160,0,25342,10880,12000,18000,NA,NA,NA,136600,6000,0,0,1000,NA,5080,4040,0,179000,60702,NA
M16 [Stock Position (During the month)],16.2.2,Stock Position of Condoms (to be used for Family Planning),2. Stocks Received,60000,NA,0,NA,0,NA,0,0,0,0,36000,20000,0,NA,NA,NA,NA,0,0,0,4000,NA,0,0,0,0,0,NA
M16 [Stock Position (During the month)],16.2.2,Stock Position of Condoms (to be used for Family Planning),3. Unusable Stock,0,NA,NA,NA,NA,NA,NA,0,0,0,0,NA,0,NA,NA,NA,NA,0,0,0,0,NA,0,NA,0,0,0,NA
M16 [Stock Position (During the month)],16.2.2,Stock Position of Condoms (to be used for Family Planning),4. Stock Distributed,444240,NA,42820,NA,38640,NA,0,5040,0,0,25700,12000,0,NA,NA,NA,115920,2000,0,0,5000,NA,500,1000,0,170000,25620,NA
M16 [Stock Position (During the month)],16.2.2,Stock Position of Condoms (to be used for Family Planning),5. Total Stock,207844,0,0,0,11820,0,9000,26120,0,25342,21180,20000,18000,0,0,0,20680,4000,0,0,0,0,4580,3040,0,9000,35082,0
M16 [Stock Position (During the month)],16.2.3,Stock Position of Oral Contraceptive (to be used for Family Planning),1. Balance From Previous Month,984695,NA,68900,NA,423140,NA,0,14400,0,99900,65800,17000,78,NA,NA,NA,171600,28000,0,0,0,NA,7200,4100,0,13500,71077,NA
M16 [Stock Position (During the month)],16.2.3,Stock Position of Oral Contraceptive (to be used for Family Planning),2. Stocks Received,137600,NA,0,NA,0,NA,0,0,0,0,0,60000,0,NA,NA,NA,NA,0,73600,0,4000,NA,0,0,0,0,0,NA
M16 [Stock Position (During the month)],16.2.3,Stock Position of Oral Contraceptive (to be used for Family Planning),3. Unusable Stock,0,NA,NA,NA,NA,NA,NA,0,0,0,0,NA,0,NA,NA,NA,NA,0,0,0,0,NA,0,NA,0,0,0,NA
M16 [Stock Position (During the month)],16.2.3,Stock Position of Oral Contraceptive (to be used for Family Planning),4. Stock Distributed,299300,NA,37900,NA,106800,NA,0,1200,0,0,20700,20000,0,NA,NA,NA,22800,0,72400,0,700,NA,0,0,0,12000,4800,NA
M16 [Stock Position (During the month)],16.2.3,Stock Position of Oral Contraceptive (to be used for Family Planning),5. Total Stock,822995,0,31000,0,316340,0,0,13200,0,99900,45100,57000,78,0,0,0,148800,28000,1200,0,3300,0,7200,4100,0,1500,66277,0
M16 [Stock Position (During the month)],16.2.4,Stock Position of Emergency Contraceptive (to be used for Family Planning),1. Balance From Previous Month,18750,NA,400,NA,1800,NA,0,300,0,600,5700,0,1600,NA,NA,NA,5800,200,1650,0,400,NA,300,0,0,0,0,NA
M16 [Stock Position (During the month)],16.2.4,Stock Position of Emergency Contraceptive (to be used for Family Planning),2. Stocks Received,2400,NA,0,NA,0,NA,0,1200,0,0,0,600,0,NA,NA,NA,NA,0,0,0,0,NA,0,0,0,0,600,NA
M16 [Stock Position (During the month)],16.2.4,Stock Position of Emergency Contraceptive (to be used for Family Planning),3. Unusable Stock,0,NA,NA,NA,NA,NA,NA,0,0,0,0,NA,0,NA,NA,NA,NA,0,0,0,0,NA,0,NA,0,NA,0,NA
M16 [Stock Position (During the month)],16.2.4,Stock Position of Emergency Contraceptive (to be used for Family Planning),4. Stock Distributed,5400,NA,300,NA,1400,NA,0,300,0,0,900,300,0,NA,NA,NA,NA,0,1600,0,400,NA,0,0,0,0,200,NA
M16 [Stock Position (During the month)],16.2.4,Stock Position of Emergency Contraceptive (to be used for Family Planning),5. Total Stock,15750,0,100,0,400,0,0,1200,0,600,4800,300,1600,0,0,0,5800,200,50,0,0,0,300,0,0,0,400,0
M16 [Stock Position (During the month)],16.2.5,Stock Position of Tubal Rings (to be used for Family Planning),1. Balance From Previous Month,24810,NA,1200,NA,5550,NA,300,4682,NA,1478,2800,0,2700,NA,NA,NA,NA,100,1500,0,NA,NA,1900,NA,1800,500,300,NA
M16 [Stock Position (During the month)],16.2.5,Stock Position of Tubal Rings (to be used for Family Planning),2. Stocks Received,1000,NA,0,NA,0,NA,0,0,NA,0,0,0,0,NA,NA,NA,NA,0,0,0,NA,NA,0,NA,0,0,1000,NA
M16 [Stock Position (During the month)],16.2.5,Stock Position of Tubal Rings (to be used for Family Planning),3. Unusable Stock,0,NA,NA,NA,NA,NA,NA,0,NA,0,0,NA,0,NA,NA,NA,NA,0,0,0,NA,NA,0,NA,0,0,0,NA
M16 [Stock Position (During the month)],16.2.5,Stock Position of Tubal Rings (to be used for Family Planning),4. Stock Distributed,3025,NA,0,NA,350,NA,0,475,NA,0,100,0,0,NA,NA,NA,NA,0,0,0,NA,NA,0,NA,900,100,1100,NA
M16 [Stock Position (During the month)],16.2.5,Stock Position of Tubal Rings (to be used for Family Planning),5. Total Stock,22785,0,1200,0,5200,0,300,4207,0,1478,2700,0,2700,0,0,0,0,100,1500,0,0,0,1900,0,900,400,200,0
M16 [Stock Position (During the month)],16.3.01,Stock Position of Oxytocin Injection,1. Balance From Previous Month,4842,0,0,NA,NA,NA,3762,0,NA,NA,NA,0,100,NA,NA,NA,NA,0,0,0,NA,NA,980,NA,0,NA,NA,NA
M16 [Stock Position (During the month)],16.3.01,Stock Position of Oxytocin Injection,2. Stocks Received,480,0,NA,NA,NA,NA,480,0,NA,NA,NA,0,0,NA,NA,NA,NA,0,0,0,NA,NA,0,NA,0,NA,NA,NA
M16 [Stock Position (During the month)],16.3.01,Stock Position of Oxytocin Injection,3. Unusable Stock,0,0,NA,NA,NA,NA,NA,0,NA,NA,NA,NA,0,NA,NA,NA,NA,0,0,0,NA,NA,0,NA,0,NA,NA,NA
M16 [Stock Position (During the month)],16.3.01,Stock Position of Oxytocin Injection,4. Stock Distributed,1030,0,NA,NA,NA,NA,930,0,NA,NA,NA,0,100,NA,NA,NA,NA,0,0,0,NA,NA,0,NA,0,NA,NA,NA
M16 [Stock Position (During the month)],16.3.01,Stock Position of Oxytocin Injection,5. Total Stock,4292,0,0,0,0,0,3312,0,0,0,0,0,0,0,0,0,0,0,0,0,0,0,980,0,0,0,0,0
M16 [Stock Position (During the month)],16.3.02,Stock Position of Gloves,1. Balance From Previous Month,39366,0,NA,NA,2000,28425,4357,0,NA,NA,NA,1000,1500,NA,NA,NA,NA,0,0,0,1334,NA,0,400,0,NA,350,NA
M16 [Stock Position (During the month)],16.3.02,Stock Position of Gloves,2. Stocks Received,15520,0,NA,NA,1800,NA,5720,1000,NA,NA,NA,3000,0,NA,NA,NA,NA,0,0,0,1000,NA,0,NA,2000,NA,1000,NA
M16 [Stock Position (During the month)],16.3.02,Stock Position of Gloves,3. Unusable Stock,0,0,NA,NA,NA,NA,NA,0,NA,NA,NA,NA,0,NA,NA,NA,NA,0,0,0,0,NA,0,NA,0,NA,NA,NA
M16 [Stock Position (During the month)],16.3.02,Stock Position of Gloves,4. Stock Distributed,24348,0,NA,NA,2900,8325,3213,1000,NA,NA,NA,1900,1450,NA,NA,NA,NA,0,0,0,2010,NA,0,400,2000,NA,1150,NA
M16 [Stock Position (During the month)],16.3.02,Stock Position of Gloves,5. Total Stock,30538,0,0,0,900,20100,6864,0,0,0,0,2100,50,0,0,0,0,0,0,0,324,0,0,0,0,0,200,0
M16 [Stock Position (During the month)],16.3.03,Stock Position of MVA Syringes,1. Balance From Previous Month,0,0,NA,NA,NA,NA,0,0,NA,NA,NA,0,0,NA,NA,NA,NA,0,0,0,NA,NA,0,NA,0,NA,0,NA
M16 [Stock Position (During the month)],16.3.03,Stock Position of MVA Syringes,2. Stocks Received,0,0,NA,NA,NA,NA,0,0,NA,NA,NA,0,0,NA,NA,NA,NA,0,0,0,NA,NA,0,NA,0,NA,0,NA
M16 [Stock Position (During the month)],16.3.03,Stock Position of MVA Syringes,3. Unusable Stock,0,0,NA,NA,NA,NA,NA,0,NA,NA,NA,NA,0,NA,NA,NA,NA,0,0,0,NA,NA,0,NA,0,NA,0,NA
M16 [Stock Position (During the month)],16.3.03,Stock Position of MVA Syringes,4. Stock Distributed,0,0,NA,NA,NA,NA,0,0,NA,NA,NA,0,0,NA,NA,NA,NA,0,0,0,NA,NA,0,NA,0,NA,0,NA
M16 [Stock Position (During the month)],16.3.03,Stock Position of MVA Syringes,5. Total Stock,0,0,0,0,0,0,0,0,0,0,0,0,0,0,0,0,0,0,0,0,0,0,0,0,0,0,0,0
M16 [Stock Position (During the month)],16.3.04,Stock Position of Fluconazole Tablets,1. Balance From Previous Month,300,0,0,NA,NA,300,0,0,NA,NA,NA,0,0,NA,NA,NA,NA,0,0,0,NA,NA,0,NA,0,NA,0,NA
M16 [Stock Position (During the month)],16.3.04,Stock Position of Fluconazole Tablets,2. Stocks Received,0,0,NA,NA,NA,NA,0,0,NA,NA,NA,0,0,NA,NA,NA,NA,0,0,0,NA,NA,0,NA,0,NA,0,NA
M16 [Stock Position (During the month)],16.3.04,Stock Position of Fluconazole Tablets,3. Unusable Stock,0,0,NA,NA,NA,NA,NA,0,NA,NA,NA,NA,0,NA,NA,NA,NA,0,0,0,NA,NA,0,NA,0,NA,0,NA
M16 [Stock Position (During the month)],16.3.04,Stock Position of Fluconazole Tablets,4. Stock Distributed,300,0,NA,NA,NA,300,0,0,NA,NA,NA,0,0,NA,NA,NA,NA,0,0,0,NA,NA,0,NA,0,NA,0,NA
M16 [Stock Position (During the month)],16.3.04,Stock Position of Fluconazole Tablets,5. Total Stock,0,0,0,0,0,0,0,0,0,0,0,0,0,0,0,0,0,0,0,0,0,0,0,0,0,0,0,0
M16 [Stock Position (During the month)],16.3.05,Stock Position of Blood Transfusion Sets,1. Balance From Previous Month,0,0,NA,NA,NA,NA,0,0,NA,NA,NA,0,0,NA,NA,NA,NA,0,0,0,NA,NA,0,NA,0,NA,0,NA
M16 [Stock Position (During the month)],16.3.05,Stock Position of Blood Transfusion Sets,2. Stocks Received,0,0,NA,NA,NA,NA,0,0,NA,NA,NA,0,0,NA,NA,NA,NA,0,0,0,NA,NA,0,NA,0,NA,0,NA
M16 [Stock Position (During the month)],16.3.05,Stock Position of Blood Transfusion Sets,3. Unusable Stock,0,0,NA,NA,NA,NA,NA,0,NA,NA,NA,NA,0,NA,NA,NA,NA,0,0,0,NA,NA,0,NA,0,NA,0,NA
M16 [Stock Position (During the month)],16.3.05,Stock Position of Blood Transfusion Sets,4. Stock Distributed,0,0,NA,NA,NA,NA,0,0,NA,NA,NA,0,0,NA,NA,NA,NA,0,0,0,NA,NA,0,NA,0,NA,0,NA
M16 [Stock Position (During the month)],16.3.05,Stock Position of Blood Transfusion Sets,5. Total Stock,0,0,0,0,0,0,0,0,0,0,0,0,0,0,0,0,0,0,0,0,0,0,0,0,0,0,0,0
M16 [Stock Position (During the month)],16.3.06,Stock Position of Gluteraldehyde solution of 2% concentration,1. Balance From Previous Month,0,0,NA,NA,NA,NA,0,0,NA,NA,NA,0,0,NA,NA,NA,NA,0,0,0,NA,NA,0,NA,0,NA,0,NA
M16 [Stock Position (During the month)],16.3.06,Stock Position of Gluteraldehyde solution of 2% concentration,2. Stocks Received,0,0,NA,NA,NA,NA,0,0,NA,NA,NA,0,0,NA,NA,NA,NA,0,0,0,NA,NA,0,NA,0,NA,0,NA
M16 [Stock Position (During the month)],16.3.06,Stock Position of Gluteraldehyde solution of 2% concentration,3. Unusable Stock,0,0,NA,NA,NA,NA,NA,0,NA,NA,NA,NA,0,NA,NA,NA,NA,0,0,0,NA,NA,0,NA,0,NA,0,NA
M16 [Stock Position (During the month)],16.3.06,Stock Position of Gluteraldehyde solution of 2% concentration,4. Stock Distributed,0,0,NA,NA,NA,NA,0,0,NA,NA,NA,0,0,NA,NA,NA,NA,0,0,0,NA,NA,0,NA,0,NA,0,NA
M16 [Stock Position (During the month)],16.3.06,Stock Position of Gluteraldehyde solution of 2% concentration,5. Total Stock,0,0,0,0,0,0,0,0,0,0,0,0,0,0,0,0,0,0,0,0,0,0,0,0,0,0,0,0
M16 [Stock Position (During the month)],16.3.07,Stock Position of IFA Tablets,1. Balance From Previous Month,30622209,653500,NA,NA,NA,NA,1490000,3410500,NA,NA,NA,4262500,3015560,NA,NA,NA,NA,3732569,0,696000,NA,NA,3778700,829900,5774950,NA,2978030,NA
M16 [Stock Position (During the month)],16.3.07,Stock Position of IFA Tablets,2. Stocks Received,17771400,0,NA,NA,NA,NA,997500,997500,NA,NA,NA,600000,1680000,NA,NA,NA,NA,3908400,0,0,NA,NA,2820000,588000,2910000,NA,3270000,NA
M16 [Stock Position (During the month)],16.3.07,Stock Position of IFA Tablets,3. Unusable Stock,0,0,NA,NA,NA,NA,NA,0,NA,NA,NA,NA,0,NA,NA,NA,NA,0,0,0,NA,NA,0,NA,0,NA,0,NA
M16 [Stock Position (During the month)],16.3.07,Stock Position of IFA Tablets,4. Stock Distributed,11740800,0,NA,NA,NA,NA,553000,2415000,NA,NA,NA,588000,4006000,NA,NA,NA,NA,232300,0,0,NA,NA,599500,679000,2481000,NA,187000,NA
M16 [Stock Position (During the month)],16.3.07,Stock Position of IFA Tablets,5. Total Stock,36652809,653500,0,0,0,0,1934500,1993000,0,0,0,4274500,689560,0,0,0,0,7408669,0,696000,0,0,5999200,738900,6203950,0,6061030,0
M16 [Stock Position (During the month)],16.3.08,Stock Position of IFA Syrup (Paediatric),1. Balance From Previous Month,160000,15000,NA,NA,NA,NA,12000,12700,NA,NA,NA,16100,7100,NA,NA,NA,NA,15100,0,0,NA,NA,15700,6600,21000,NA,38700,NA
M16 [Stock Position (During the month)],16.3.08,Stock Position of IFA Syrup (Paediatric),2. Stocks Received,10000,0,NA,NA,NA,NA,0,0,NA,NA,NA,0,0,NA,NA,NA,NA,0,0,0,NA,NA,0,10000,0,NA,0,NA
M16 [Stock Position (During the month)],16.3.08,Stock Position of IFA Syrup (Paediatric),3. Unusable Stock,0,0,NA,NA,NA,NA,NA,0,NA,NA,NA,NA,0,NA,NA,NA,NA,0,0,0,NA,NA,0,NA,0,NA,0,NA
M16 [Stock Position (During the month)],16.3.08,Stock Position of IFA Syrup (Paediatric),4. Stock Distributed,23980,0,NA,NA,NA,NA,0,12380,NA,NA,NA,1800,0,NA,NA,NA,NA,700,0,0,NA,NA,0,500,8600,NA,0,NA
M16 [Stock Position (During the month)],16.3.08,Stock Position of IFA Syrup (Paediatric),5. Total Stock,146020,15000,0,0,0,0,12000,320,0,0,0,14300,7100,0,0,0,0,14400,0,0,0,0,15700,16100,12400,0,38700,0
M16 [Stock Position (During the month)],16.3.09,Stock Position of Paediatrics Antibiotics (Cotrimaxozole and Injectable Gentamicin),1. Balance From Previous Month,7240,0,3500,NA,NA,NA,1500,0,NA,NA,NA,0,0,NA,NA,NA,NA,0,0,0,NA,NA,2240,NA,0,NA,0,NA
M16 [Stock Position (During the month)],16.3.09,Stock Position of Paediatrics Antibiotics (Cotrimaxozole and Injectable Gentamicin),2. Stocks Received,0,0,0,NA,NA,NA,0,0,NA,NA,NA,0,0,NA,NA,NA,NA,0,0,0,NA,NA,0,NA,0,NA,0,NA
M16 [Stock Position (During the month)],16.3.09,Stock Position of Paediatrics Antibiotics (Cotrimaxozole and Injectable Gentamicin),3. Unusable Stock,0,0,NA,NA,NA,NA,NA,0,NA,NA,NA,NA,0,NA,NA,NA,NA,0,0,0,NA,NA,0,NA,0,NA,0,NA
M16 [Stock Position (During the month)],16.3.09,Stock Position of Paediatrics Antibiotics (Cotrimaxozole and Injectable Gentamicin),4. Stock Distributed,200,0,200,NA,NA,NA,0,0,NA,NA,NA,0,0,NA,NA,NA,NA,0,0,0,NA,NA,0,NA,0,NA,0,NA
M16 [Stock Position (During the month)],16.3.09,Stock Position of Paediatrics Antibiotics (Cotrimaxozole and Injectable Gentamicin),5. Total Stock,7040,0,3300,0,0,0,1500,0,0,0,0,0,0,0,0,0,0,0,0,0,0,0,2240,0,0,0,0,0
M16 [Stock Position (During the month)],16.3.10,Stock Position of Vitamin A solution,1. Balance From Previous Month,2365,0,0,NA,800,NA,35,50,NA,NA,NA,0,450,NA,NA,NA,NA,200,0,0,NA,NA,0,80,500,NA,200,50
M16 [Stock Position (During the month)],16.3.10,Stock Position of Vitamin A solution,2. Stocks Received,1150,0,0,NA,0,NA,0,0,NA,NA,NA,1150,0,NA,NA,NA,NA,0,0,0,NA,NA,0,NA,0,NA,0,0
M16 [Stock Position (During the month)],16.3.10,Stock Position of Vitamin A solution,3. Unusable Stock,0,0,NA,NA,NA,NA,NA,0,NA,NA,NA,NA,0,NA,NA,NA,NA,0,0,0,NA,NA,0,NA,0,NA,0,NA
M16 [Stock Position (During the month)],16.3.10,Stock Position of Vitamin A solution,4. Stock Distributed,2080,0,0,NA,800,NA,0,0,NA,NA,NA,950,50,NA,NA,NA,NA,200,0,0,NA,NA,0,30,0,NA,50,0
M16 [Stock Position (During the month)],16.3.10,Stock Position of Vitamin A solution,5. Total Stock,1435,0,0,0,0,0,35,50,0,0,0,200,400,0,0,0,0,0,0,0,0,0,0,50,500,0,150,50
M16 [Stock Position (During the month)],16.3.11,Stock of ORS (New WHO formulation),1. Balance From Previous Month,226610,0,76100,NA,24800,7900,3100,4350,NA,NA,NA,10967,6000,NA,NA,NA,NA,2000,0,2000,NA,NA,39128,2625,44800,NA,2840,0
M16 [Stock Position (During the month)],16.3.11,Stock of ORS (New WHO formulation),2. Stocks Received,123500,0,0,NA,0,NA,22200,0,NA,NA,NA,10000,0,NA,NA,NA,NA,0,0,0,NA,NA,12000,16900,0,NA,2400,60000
M16 [Stock Position (During the month)],16.3.11,Stock of ORS (New WHO formulation),3. Unusable Stock,0,0,NA,NA,NA,NA,NA,0,NA,NA,NA,NA,0,NA,NA,NA,NA,0,0,0,NA,NA,0,NA,0,NA,0,0
M16 [Stock Position (During the month)],16.3.11,Stock of ORS (New WHO formulation),4. Stock Distributed,97690,0,5100,NA,21800,7900,7300,4350,NA,NA,NA,7500,2000,NA,NA,NA,NA,2000,0,0,NA,NA,11620,9720,3500,NA,2900,12000
M16 [Stock Position (During the month)],16.3.11,Stock of ORS (New WHO formulation),5. Total Stock,252420,0,71000,0,3000,0,18000,0,0,0,0,13467,4000,0,0,0,0,0,0,2000,0,0,39508,9805,41300,0,2340,48000
M16 [Stock Position (During the month)],16.4.1,Stock Position of 0.1 ml Syringes(AD),1. Balance From Previous Month,71791,3650,0,1400,0,4300,0,1500,200,5120,835,0,5400,8172,0,11320,20,0,1465,4200,2000,0,1479,10500,1300,200,3830,4900
M16 [Stock Position (During the month)],16.4.1,Stock Position of 0.1 ml Syringes(AD),2. Stocks Received,78700,2000,3300,NA,3300,NA,3300,2000,9300,6600,3300,3300,3300,3200,3300,3300,4000,5300,2000,2000,3300,6600,0,0,0,0,4000,2000
M16 [Stock Position (During the month)],16.4.1,Stock Position of 0.1 ml Syringes(AD),3. Unusable Stock,0,0,NA,NA,NA,NA,NA,0,0,0,0,NA,0,NA,0,NA,NA,0,0,0,0,NA,0,NA,0,0,0,NA
M16 [Stock Position (During the month)],16.4.1,Stock Position of 0.1 ml Syringes(AD),4. Stock Distributed,76050,4650,3300,NA,3300,200,1900,1400,8200,3750,3400,3300,1000,4300,3000,3100,3300,4800,1750,2600,2800,5800,1400,0,800,200,5800,2000
M16 [Stock Position (During the month)],16.4.1,Stock Position of 0.1 ml Syringes(AD),5. Total Stock,74441,1000,0,1400,0,4100,1400,2100,1300,7970,735,0,7700,7072,300,11520,720,500,1715,3600,2500,800,79,10500,500,0,2030,4900
M16 [Stock Position (During the month)],16.4.2,Stock Position of 0.5 ml Syringes(AD),1. Balance From Previous Month,2065506,22500,51600,52200,88400,26900,30400,19600,0,41980,107000,59000,48000,136326,1000,3340,20500,65900,50760,705200,23400,53900,62000,32000,97800,44000,81600,140200
M16 [Stock Position (During the month)],16.4.2,Stock Position of 0.5 ml Syringes(AD),2. Stocks Received,703100,24000,0,NA,0,NA,16800,21600,67200,28800,36000,24000,0,24000,0,220700,88800,0,24000,0,31200,48000,0,0,0,48000,0,0
M16 [Stock Position (During the month)],16.4.2,Stock Position of 0.5 ml Syringes(AD),3. Unusable Stock,0,0,NA,NA,NA,NA,NA,0,0,0,0,NA,0,NA,0,NA,NA,0,0,0,0,NA,0,NA,0,0,0,NA
M16 [Stock Position (During the month)],16.4.2,Stock Position of 0.5 ml Syringes(AD),4. Stock Distributed,600960,25700,18900,10800,24800,2000,10200,0,38400,17800,32000,18000,20000,8000,1000,34200,75400,44000,54800,36800,23200,29800,20800,0,6200,23560,8600,16000
M16 [Stock Position (During the month)],16.4.2,Stock Position of 0.5 ml Syringes(AD),5. Total Stock,2167646,20800,32700,41400,63600,24900,37000,41200,28800,52980,111000,65000,28000,152326,0,189840,33900,21900,19960,668400,31400,72100,41200,32000,91600,68440,73000,124200
M16 [Stock Position (During the month)],16.4.3,Stock Position of 5.0 ml Syringes(Disposable),1. Balance From Previous Month,334861,34456,13600,28500,5750,1200,9874,4900,2400,2710,17870,0,14900,8681,0,18690,1300,0,4710,142200,5500,0,290,5900,4700,0,350,6380
M16 [Stock Position (During the month)],16.4.3,Stock Position of 5.0 ml Syringes(Disposable),2. Stocks Received,110600,4000,0,2000,6000,NA,4600,2000,10000,6000,8000,4000,4000,6000,4000,0,6000,6000,4000,0,4000,6000,6000,0,0,10000,4000,4000
M16 [Stock Position (During the month)],16.4.3,Stock Position of 5.0 ml Syringes(Disposable),3. Unusable Stock,0,0,NA,NA,NA,NA,NA,0,0,0,0,NA,0,NA,0,NA,NA,0,0,0,0,NA,0,NA,0,0,0,NA
M16 [Stock Position (During the month)],16.4.3,Stock Position of 5.0 ml Syringes(Disposable),4. Stock Distributed,83226,3800,3100,2500,4200,1000,2462,6900,3200,2400,5600,3000,1200,3830,3000,4700,3150,6000,3500,7000,3300,3800,1290,0,1150,194,1050,1900
M16 [Stock Position (During the month)],16.4.3,Stock Position of 5.0 ml Syringes(Disposable),5. Total Stock,362235,34656,10500,28000,7550,200,12012,0,9200,6310,20270,1000,17700,10851,1000,13990,4150,0,5210,135200,6200,2200,5000,5900,3550,9806,3300,8480
M17 [Details of deaths reported during the month with probable causes:],17.1,Number of cases of Infant deaths within 24 hrs of birth,TOTAL,25,NA,3,2,4,1,NA,1,1,NA,1,2,2,NA,NA,1,NA,NA,NA,3,1,NA,NA,NA,NA,1,1,1
M17 [Details of deaths reported during the month with probable causes:],17.2.1,Number of cases of Infant deaths 24 hours to 4 weeks of birth with the probable cause being Sepsis,1. Up to 1 Weeks of Birth,14,NA,2,1,NA,NA,NA,NA,7,NA,NA,1,NA,NA,NA,NA,NA,NA,NA,1,NA,NA,1,NA,1,NA,NA,NA
M17 [Details of deaths reported during the month with probable causes:],17.2.1,Number of cases of Infant deaths 24 hours to 4 weeks of birth with the probable cause being Sepsis,2. Between 1 week & 4 weeks of birth,NA,NA,NA,NA,NA,NA,NA,NA,NA,NA,NA,NA,NA,NA,NA,NA,NA,NA,NA,NA,NA,NA,NA,NA,NA,NA,NA,NA
M17 [Details of deaths reported during the month with probable causes:],17.2.1,Number of cases of Infant deaths 24 hours to 4 weeks of birth with the probable cause being Sepsis,3. Total,14,NA,2,1,NA,NA,NA,NA,7,NA,NA,1,NA,NA,NA,NA,NA,NA,NA,1,NA,NA,1,NA,1,NA,NA,NA
M17 [Details of deaths reported during the month with probable causes:],17.2.2,Number of cases of Infant deaths 24 hours to 4 weeks of birth with the probable cause being Asphyxia,1. Up to 1 Weeks of Birth,52,1,4,3,2,NA,NA,5,9,NA,NA,6,1,NA,NA,NA,NA,2,NA,9,5,NA,3,1,NA,1,NA,NA
M17 [Details of deaths reported during the month with probable causes:],17.2.2,Number of cases of Infant deaths 24 hours to 4 weeks of birth with the probable cause being Asphyxia,2. Between 1 week & 4 weeks of birth,NA,NA,NA,NA,NA,NA,NA,NA,NA,NA,NA,NA,NA,NA,NA,NA,NA,NA,NA,NA,NA,NA,NA,NA,NA,NA,NA,NA
M17 [Details of deaths reported during the month with probable causes:],17.2.2,Number of cases of Infant deaths 24 hours to 4 weeks of birth with the probable cause being Asphyxia,3. Total,52,1,4,3,2,NA,NA,5,9,NA,NA,6,1,NA,NA,NA,NA,2,NA,9,5,NA,3,1,NA,1,NA,NA
M17 [Details of deaths reported during the month with probable causes:],17.2.3,Number of cases of Infant deaths 24 hours to 4 weeks of birth with the probable cause being LBW,1. Up to 1 Weeks of Birth,48,NA,2,2,7,2,1,6,3,1,NA,3,NA,NA,NA,1,NA,NA,1,6,2,NA,NA,NA,4,2,1,4
M17 [Details of deaths reported during the month with probable causes:],17.2.3,Number of cases of Infant deaths 24 hours to 4 weeks of birth with the probable cause being LBW,2. Between 1 week & 4 weeks of birth,5,NA,NA,NA,NA,1,NA,NA,NA,NA,NA,NA,4,NA,NA,NA,NA,NA,NA,NA,NA,NA,NA,NA,NA,NA,NA,NA
M17 [Details of deaths reported during the month with probable causes:],17.2.3,Number of cases of Infant deaths 24 hours to 4 weeks of birth with the probable cause being LBW,3. Total,53,NA,2,2,7,3,1,6,3,1,NA,3,4,NA,NA,1,NA,NA,1,6,2,NA,NA,NA,4,2,1,4
M17 [Details of deaths reported during the month with probable causes:],17.2.4,"Number of cases of Infant deaths 24 hours to 4 weeks of birth with the probable cause being other than Sepsis, Asphyxia and LBW",1. Up to 1 Weeks of Birth,80,4,4,16,5,NA,NA,5,5,3,3,3,2,2,NA,5,2,3,NA,1,8,NA,1,1,1,4,NA,2
M17 [Details of deaths reported during the month with probable causes:],17.2.4,"Number of cases of Infant deaths 24 hours to 4 weeks of birth with the probable cause being other than Sepsis, Asphyxia and LBW",2. Between 1 week & 4 weeks of birth,1,NA,1,NA,NA,NA,NA,NA,NA,NA,NA,NA,NA,NA,NA,NA,NA,NA,NA,NA,NA,NA,NA,NA,NA,NA,NA,NA
M17 [Details of deaths reported during the month with probable causes:],17.2.4,"Number of cases of Infant deaths 24 hours to 4 weeks of birth with the probable cause being other than Sepsis, Asphyxia and LBW",3. Total,81,4,5,16,5,NA,NA,5,5,3,3,3,2,2,NA,5,2,3,NA,1,8,NA,1,1,1,4,NA,2
M17 [Details of deaths reported during the month with probable causes:],17.3.1,Number of cases of Infant or Child deaths between 1 month to 5 years of age with the probable cause being Pneumonia,1. Between 1 month and 11 months,27,NA,3,3,3,NA,1,1,4,NA,2,NA,NA,NA,NA,1,1,NA,NA,NA,2,NA,1,NA,NA,2,NA,3
M17 [Details of deaths reported during the month with probable causes:],17.3.1,Number of cases of Infant or Child deaths between 1 month to 5 years of age with the probable cause being Pneumonia,2. Between 1 year & 5 years,3,NA,NA,NA,NA,NA,NA,NA,NA,NA,1,NA,NA,NA,NA,NA,1,NA,NA,NA,NA,NA,NA,NA,NA,NA,NA,1
M17 [Details of deaths reported during the month with probable causes:],17.3.1,Number of cases of Infant or Child deaths between 1 month to 5 years of age with the probable cause being Pneumonia,3. Total,30,NA,3,3,3,NA,1,1,4,NA,3,NA,NA,NA,NA,1,2,NA,NA,NA,2,NA,1,NA,NA,2,NA,4
M17 [Details of deaths reported during the month with probable causes:],17.3.2,Number of cases of Infant or Child deaths between 1 month to 5 years of age with the probable cause being Diarrhoea,1. Between 1 month and 11 months,2,NA,1,NA,NA,NA,NA,NA,NA,NA,NA,NA,NA,NA,NA,NA,NA,NA,NA,1,NA,NA,NA,NA,NA,NA,NA,NA
M17 [Details of deaths reported during the month with probable causes:],17.3.2,Number of cases of Infant or Child deaths between 1 month to 5 years of age with the probable cause being Diarrhoea,2. Between 1 year & 5 years,NA,NA,NA,NA,NA,NA,NA,NA,NA,NA,NA,NA,NA,NA,NA,NA,NA,NA,NA,NA,NA,NA,NA,NA,NA,NA,NA,NA
M17 [Details of deaths reported during the month with probable causes:],17.3.2,Number of cases of Infant or Child deaths between 1 month to 5 years of age with the probable cause being Diarrhoea,3. Total,2,NA,1,NA,NA,NA,NA,NA,NA,NA,NA,NA,NA,NA,NA,NA,NA,NA,NA,1,NA,NA,NA,NA,NA,NA,NA,NA
M17 [Details of deaths reported during the month with probable causes:],17.3.3,Number of cases of Infant or Child deaths between 1 month to 5 years of age with the probable cause being Fever related,1. Between 1 month and 11 months,14,NA,NA,NA,NA,NA,NA,NA,1,NA,NA,1,3,NA,NA,NA,NA,NA,NA,NA,1,2,NA,1,NA,2,1,2
M17 [Details of deaths reported during the month with probable causes:],17.3.3,Number of cases of Infant or Child deaths between 1 month to 5 years of age with the probable cause being Fever related,2. Between 1 year & 5 years,2,NA,NA,NA,NA,NA,NA,NA,NA,NA,NA,NA,NA,NA,NA,NA,1,NA,NA,NA,NA,NA,NA,NA,1,NA,NA,NA
M17 [Details of deaths reported during the month with probable causes:],17.3.3,Number of cases of Infant or Child deaths between 1 month to 5 years of age with the probable cause being Fever related,3. Total,16,NA,NA,NA,NA,NA,NA,NA,1,NA,NA,1,3,NA,NA,NA,1,NA,NA,NA,1,2,NA,1,1,2,1,2
M17 [Details of deaths reported during the month with probable causes:],17.3.4,Number of cases of Infant or Child deaths between 1 month to 5 years of age with the probable cause being Measles,1. Between 1 month and 11 months,NA,NA,NA,NA,NA,NA,NA,NA,NA,NA,NA,NA,NA,NA,NA,NA,NA,NA,NA,NA,NA,NA,NA,NA,NA,NA,NA,NA
M17 [Details of deaths reported during the month with probable causes:],17.3.4,Number of cases of Infant or Child deaths between 1 month to 5 years of age with the probable cause being Measles,2. Between 1 year & 5 years,NA,NA,NA,NA,NA,NA,NA,NA,NA,NA,NA,NA,NA,NA,NA,NA,NA,NA,NA,NA,NA,NA,NA,NA,NA,NA,NA,NA
M17 [Details of deaths reported during the month with probable causes:],17.3.4,Number of cases of Infant or Child deaths between 1 month to 5 years of age with the probable cause being Measles,3. Total,NA,NA,NA,NA,NA,NA,NA,NA,NA,NA,NA,NA,NA,NA,NA,NA,NA,NA,NA,NA,NA,NA,NA,NA,NA,NA,NA,NA
M17 [Details of deaths reported during the month with probable causes:],17.3.5,"Number of cases of Infant or Child deaths between 1 month to 5 years of age with the probable cause being other than Pneumonia, Diarrhoea, Fever related and Measles",1. Between 1 month and 11 months,64,2,1,3,7,3,2,1,12,NA,1,3,8,NA,NA,3,2,2,NA,1,3,1,NA,1,NA,3,1,4
M17 [Details of deaths reported during the month with probable causes:],17.3.5,"Number of cases of Infant or Child deaths between 1 month to 5 years of age with the probable cause being other than Pneumonia, Diarrhoea, Fever related and Measles",2. Between 1 year & 5 years,15,1,1,NA,3,NA,NA,1,1,NA,NA,1,NA,NA,NA,1,NA,3,NA,NA,NA,NA,NA,NA,2,NA,1,NA
M17 [Details of deaths reported during the month with probable causes:],17.3.5,"Number of cases of Infant or Child deaths between 1 month to 5 years of age with the probable cause being other than Pneumonia, Diarrhoea, Fever related and Measles",3. Total,79,3,2,3,10,3,2,2,13,NA,1,4,8,NA,NA,4,2,5,NA,1,3,1,NA,1,2,3,2,4
M17 [Details of deaths reported during the month with probable causes:],17.4.1,Number of cases of Adolescent or Adult deaths (age 6 years & above) with the probable cause being Diarrhoeal diseases,1. 6-14 yrs,1,NA,NA,NA,NA,NA,1,NA,NA,NA,NA,NA,NA,NA,NA,NA,NA,NA,NA,NA,NA,NA,NA,NA,NA,NA,NA,NA
M17 [Details of deaths reported during the month with probable causes:],17.4.1,Number of cases of Adolescent or Adult deaths (age 6 years & above) with the probable cause being Diarrhoeal diseases,2. 15-55 yrs.,5,NA,NA,NA,NA,NA,NA,1,NA,NA,NA,1,NA,NA,NA,NA,1,NA,1,NA,NA,NA,NA,1,NA,NA,NA,NA
M17 [Details of deaths reported during the month with probable causes:],17.4.1,Number of cases of Adolescent or Adult deaths (age 6 years & above) with the probable cause being Diarrhoeal diseases,3. Above 55 yrs.,3,NA,NA,NA,NA,NA,NA,NA,NA,NA,NA,1,NA,NA,NA,NA,1,NA,NA,NA,NA,NA,NA,NA,NA,1,NA,NA
M17 [Details of deaths reported during the month with probable causes:],17.4.1,Number of cases of Adolescent or Adult deaths (age 6 years & above) with the probable cause being Diarrhoeal diseases,4. Total,9,NA,NA,NA,NA,NA,1,1,NA,NA,NA,2,NA,NA,NA,NA,2,NA,1,NA,NA,NA,NA,1,NA,1,NA,NA
M17 [Details of deaths reported during the month with probable causes:],17.4.2,Number of cases of Adolescent or Adult deaths (age 6 years & above) with the probable cause being Tuberculosis,1. 6-14 yrs,1,NA,NA,NA,NA,NA,NA,NA,NA,1,NA,NA,NA,NA,NA,NA,NA,NA,NA,NA,NA,NA,NA,NA,NA,NA,NA,NA
M17 [Details of deaths reported during the month with probable causes:],17.4.2,Number of cases of Adolescent or Adult deaths (age 6 years & above) with the probable cause being Tuberculosis,2. 15-55 yrs.,21,NA,4,NA,1,NA,1,NA,NA,NA,NA,NA,1,NA,NA,2,2,NA,NA,NA,NA,NA,NA,1,6,NA,3,NA
M17 [Details of deaths reported during the month with probable causes:],17.4.2,Number of cases of Adolescent or Adult deaths (age 6 years & above) with the probable cause being Tuberculosis,3. Above 55 yrs.,10,1,1,NA,NA,NA,NA,NA,1,NA,NA,NA,NA,NA,NA,1,1,1,NA,NA,NA,NA,NA,NA,NA,1,2,1
M17 [Details of deaths reported during the month with probable causes:],17.4.2,Number of cases of Adolescent or Adult deaths (age 6 years & above) with the probable cause being Tuberculosis,4. Total,32,1,5,NA,1,NA,1,NA,1,1,NA,NA,1,NA,NA,3,3,1,NA,NA,NA,NA,NA,1,6,1,5,1
M17 [Details of deaths reported during the month with probable causes:],17.4.3,Number of cases of Adolescent or Adult deaths (age 6 years & above) with the probable cause being Respiratory diseases including infections,1. 6-14 yrs,1,NA,NA,NA,NA,NA,NA,NA,1,NA,NA,NA,NA,NA,NA,NA,NA,NA,NA,NA,NA,NA,NA,NA,NA,NA,NA,NA
M17 [Details of deaths reported during the month with probable causes:],17.4.3,Number of cases of Adolescent or Adult deaths (age 6 years & above) with the probable cause being Respiratory diseases including infections,2. 15-55 yrs.,33,NA,2,NA,2,NA,NA,1,NA,4,1,3,NA,1,NA,2,2,1,1,NA,2,NA,4,NA,NA,3,3,1
M17 [Details of deaths reported during the month with probable causes:],17.4.3,Number of cases of Adolescent or Adult deaths (age 6 years & above) with the probable cause being Respiratory diseases including infections,3. Above 55 yrs.,42,1,7,1,NA,NA,2,NA,1,1,1,3,NA,NA,NA,5,NA,3,NA,NA,1,1,7,NA,1,2,5,NA
M17 [Details of deaths reported during the month with probable causes:],17.4.3,Number of cases of Adolescent or Adult deaths (age 6 years & above) with the probable cause being Respiratory diseases including infections,4. Total,76,1,9,1,2,NA,2,1,2,5,2,6,NA,1,NA,7,2,4,1,NA,3,1,11,NA,1,5,8,1
M17 [Details of deaths reported during the month with probable causes:],17.4.4,Number of cases of Adolescent or Adult deaths (age 6 years & above) with the probable cause being Malaria,1. 6-14 yrs,NA,NA,NA,NA,NA,NA,NA,NA,NA,NA,NA,NA,NA,NA,NA,NA,NA,NA,NA,NA,NA,NA,NA,NA,NA,NA,NA,NA
M17 [Details of deaths reported during the month with probable causes:],17.4.4,Number of cases of Adolescent or Adult deaths (age 6 years & above) with the probable cause being Malaria,2. 15-55 yrs.,1,NA,NA,NA,NA,NA,NA,1,NA,NA,NA,NA,NA,NA,NA,NA,NA,NA,NA,NA,NA,NA,NA,NA,NA,NA,NA,NA
M17 [Details of deaths reported during the month with probable causes:],17.4.4,Number of cases of Adolescent or Adult deaths (age 6 years & above) with the probable cause being Malaria,3. Above 55 yrs.,1,NA,NA,NA,NA,NA,NA,NA,NA,NA,NA,NA,NA,NA,NA,NA,NA,NA,NA,NA,NA,NA,NA,NA,NA,1,NA,NA
M17 [Details of deaths reported during the month with probable causes:],17.4.4,Number of cases of Adolescent or Adult deaths (age 6 years & above) with the probable cause being Malaria,4. Total,2,NA,NA,NA,NA,NA,NA,1,NA,NA,NA,NA,NA,NA,NA,NA,NA,NA,NA,NA,NA,NA,NA,NA,NA,1,NA,NA
M17 [Details of deaths reported during the month with probable causes:],17.4.5,Number of cases of Adolescent or Adult deaths (age 6 years & above) with the probable cause being other Fever related,1. 6-14 yrs,4,NA,NA,NA,NA,NA,NA,NA,2,NA,NA,1,NA,NA,NA,NA,NA,NA,NA,NA,1,NA,NA,NA,NA,NA,NA,NA
M17 [Details of deaths reported during the month with probable causes:],17.4.5,Number of cases of Adolescent or Adult deaths (age 6 years & above) with the probable cause being other Fever related,2. 15-55 yrs.,44,1,2,4,NA,1,NA,NA,4,1,5,4,NA,NA,NA,NA,7,1,NA,NA,3,NA,1,1,2,NA,3,4
M17 [Details of deaths reported during the month with probable causes:],17.4.5,Number of cases of Adolescent or Adult deaths (age 6 years & above) with the probable cause being other Fever related,3. Above 55 yrs.,38,2,3,NA,2,1,3,1,4,NA,2,1,1,NA,NA,NA,1,3,2,NA,1,NA,NA,1,NA,1,1,8
M17 [Details of deaths reported during the month with probable causes:],17.4.5,Number of cases of Adolescent or Adult deaths (age 6 years & above) with the probable cause being other Fever related,4. Total,86,3,5,4,2,2,3,1,10,1,7,6,1,NA,NA,NA,8,4,2,NA,5,NA,1,2,2,1,4,12
M17 [Details of deaths reported during the month with probable causes:],17.4.6,Number of cases of Adolescent or Adult deaths (age 6 years & above) with the probable cause being HIV/AIDS,1. 6-14 yrs,NA,NA,NA,NA,NA,NA,NA,NA,NA,NA,NA,NA,NA,NA,NA,NA,NA,NA,NA,NA,NA,NA,NA,NA,NA,NA,NA,NA
M17 [Details of deaths reported during the month with probable causes:],17.4.6,Number of cases of Adolescent or Adult deaths (age 6 years & above) with the probable cause being HIV/AIDS,2. 15-55 yrs.,NA,NA,NA,NA,NA,NA,NA,NA,NA,NA,NA,NA,NA,NA,NA,NA,NA,NA,NA,NA,NA,NA,NA,NA,NA,NA,NA,NA
M17 [Details of deaths reported during the month with probable causes:],17.4.6,Number of cases of Adolescent or Adult deaths (age 6 years & above) with the probable cause being HIV/AIDS,3. Above 55 yrs.,NA,NA,NA,NA,NA,NA,NA,NA,NA,NA,NA,NA,NA,NA,NA,NA,NA,NA,NA,NA,NA,NA,NA,NA,NA,NA,NA,NA
M17 [Details of deaths reported during the month with probable causes:],17.4.6,Number of cases of Adolescent or Adult deaths (age 6 years & above) with the probable cause being HIV/AIDS,4. Total,NA,NA,NA,NA,NA,NA,NA,NA,NA,NA,NA,NA,NA,NA,NA,NA,NA,NA,NA,NA,NA,NA,NA,NA,NA,NA,NA,NA
M17 [Details of deaths reported during the month with probable causes:],17.4.7,Number of cases of Adolescent or Adult deaths (age 6 years & above) with the probable cause being Heart disease or related to Hypertension,1. 6-14 yrs,1,NA,NA,NA,NA,NA,NA,NA,NA,NA,NA,NA,NA,NA,NA,NA,NA,NA,NA,NA,NA,NA,NA,NA,NA,NA,1,NA
M17 [Details of deaths reported during the month with probable causes:],17.4.7,Number of cases of Adolescent or Adult deaths (age 6 years & above) with the probable cause being Heart disease or related to Hypertension,2. 15-55 yrs.,106,3,7,NA,3,NA,1,8,16,7,3,5,2,1,NA,8,3,1,1,2,2,NA,3,NA,5,3,16,6
M17 [Details of deaths reported during the month with probable causes:],17.4.7,Number of cases of Adolescent or Adult deaths (age 6 years & above) with the probable cause being Heart disease or related to Hypertension,3. Above 55 yrs.,181,5,20,NA,5,NA,10,6,13,10,2,12,5,NA,NA,9,6,4,1,6,7,8,1,NA,8,16,18,9
M17 [Details of deaths reported during the month with probable causes:],17.4.7,Number of cases of Adolescent or Adult deaths (age 6 years & above) with the probable cause being Heart disease or related to Hypertension,4. Total,288,8,27,NA,8,NA,11,14,29,17,5,17,7,1,NA,17,9,5,2,8,9,8,4,NA,13,19,35,15
M17 [Details of deaths reported during the month with probable causes:],17.4.8,Number of cases of Adolescent or Adult deaths (age 6 years & above) with the probable cause being Neurological disease including strokes,1. 6-14 yrs,NA,NA,NA,NA,NA,NA,NA,NA,NA,NA,NA,NA,NA,NA,NA,NA,NA,NA,NA,NA,NA,NA,NA,NA,NA,NA,NA,NA
M17 [Details of deaths reported during the month with probable causes:],17.4.8,Number of cases of Adolescent or Adult deaths (age 6 years & above) with the probable cause being Neurological disease including strokes,2. 15-55 yrs.,27,NA,5,NA,1,NA,NA,2,1,1,NA,2,NA,NA,NA,NA,2,NA,2,1,NA,NA,NA,3,2,1,3,1
M17 [Details of deaths reported during the month with probable causes:],17.4.8,Number of cases of Adolescent or Adult deaths (age 6 years & above) with the probable cause being Neurological disease including strokes,3. Above 55 yrs.,37,2,6,NA,NA,NA,2,NA,1,2,NA,NA,NA,NA,NA,2,NA,5,NA,NA,3,NA,1,1,3,5,2,2
M17 [Details of deaths reported during the month with probable causes:],17.4.8,Number of cases of Adolescent or Adult deaths (age 6 years & above) with the probable cause being Neurological disease including strokes,4. Total,64,2,11,NA,1,NA,2,2,2,3,NA,2,NA,NA,NA,2,2,5,2,1,3,NA,1,4,5,6,5,3
M17 [Details of deaths reported during the month with probable causes:],17.4.9(a),Number of cases of Maternal deaths (age 15-49 years) with the probable cause being Abortion,1. 6-14 yrs,NA,NA,NA,NA,NA,NA,NA,NA,NA,NA,NA,NA,NA,NA,NA,NA,NA,NA,NA,NA,NA,NA,NA,NA,NA,NA,NA,NA
M17 [Details of deaths reported during the month with probable causes:],17.4.9(a),Number of cases of Maternal deaths (age 15-49 years) with the probable cause being Abortion,2. 15-49 yrs,1,NA,NA,NA,NA,NA,NA,NA,1,NA,NA,NA,NA,NA,NA,NA,NA,NA,NA,NA,NA,NA,NA,NA,NA,NA,NA,NA
M17 [Details of deaths reported during the month with probable causes:],17.4.9(a),Number of cases of Maternal deaths (age 15-49 years) with the probable cause being Abortion,3. Above 49 yrs.,NA,NA,NA,NA,NA,NA,NA,NA,NA,NA,NA,NA,NA,NA,NA,NA,NA,NA,NA,NA,NA,NA,NA,NA,NA,NA,NA,NA
M17 [Details of deaths reported during the month with probable causes:],17.4.9(a),Number of cases of Maternal deaths (age 15-49 years) with the probable cause being Abortion,4. Total,1,NA,NA,NA,NA,NA,NA,NA,1,NA,NA,NA,NA,NA,NA,NA,NA,NA,NA,NA,NA,NA,NA,NA,NA,NA,NA,NA
M17 [Details of deaths reported during the month with probable causes:],17.4.9(b),Number of cases of Maternal deaths (age 15-49 years) with the probable cause being Obstructed or prolonged labour,1. 6-14 yrs,NA,NA,NA,NA,NA,NA,NA,NA,NA,NA,NA,NA,NA,NA,NA,NA,NA,NA,NA,NA,NA,NA,NA,NA,NA,NA,NA,NA
M17 [Details of deaths reported during the month with probable causes:],17.4.9(b),Number of cases of Maternal deaths (age 15-49 years) with the probable cause being Obstructed or prolonged labour,2. 15-49 yrs,NA,NA,NA,NA,NA,NA,NA,NA,NA,NA,NA,NA,NA,NA,NA,NA,NA,NA,NA,NA,NA,NA,NA,NA,NA,NA,NA,NA
M17 [Details of deaths reported during the month with probable causes:],17.4.9(b),Number of cases of Maternal deaths (age 15-49 years) with the probable cause being Obstructed or prolonged labour,3. Above 49 yrs.,NA,NA,NA,NA,NA,NA,NA,NA,NA,NA,NA,NA,NA,NA,NA,NA,NA,NA,NA,NA,NA,NA,NA,NA,NA,NA,NA,NA
M17 [Details of deaths reported during the month with probable causes:],17.4.9(b),Number of cases of Maternal deaths (age 15-49 years) with the probable cause being Obstructed or prolonged labour,4. Total,NA,NA,NA,NA,NA,NA,NA,NA,NA,NA,NA,NA,NA,NA,NA,NA,NA,NA,NA,NA,NA,NA,NA,NA,NA,NA,NA,NA
M17 [Details of deaths reported during the month with probable causes:],17.4.9(c),Number of cases of Maternal deaths (age 15-49 years) with the probable cause being Severe hypertesnion or fits,1. 6-14 yrs,NA,NA,NA,NA,NA,NA,NA,NA,NA,NA,NA,NA,NA,NA,NA,NA,NA,NA,NA,NA,NA,NA,NA,NA,NA,NA,NA,NA
M17 [Details of deaths reported during the month with probable causes:],17.4.9(c),Number of cases of Maternal deaths (age 15-49 years) with the probable cause being Severe hypertesnion or fits,2. 15-49 yrs,7,NA,2,NA,1,NA,1,NA,NA,NA,NA,NA,NA,NA,NA,NA,1,NA,NA,NA,2,NA,NA,NA,NA,NA,NA,NA
M17 [Details of deaths reported during the month with probable causes:],17.4.9(c),Number of cases of Maternal deaths (age 15-49 years) with the probable cause being Severe hypertesnion or fits,3. Above 49 yrs.,NA,NA,NA,NA,NA,NA,NA,NA,NA,NA,NA,NA,NA,NA,NA,NA,NA,NA,NA,NA,NA,NA,NA,NA,NA,NA,NA,NA
M17 [Details of deaths reported during the month with probable causes:],17.4.9(c),Number of cases of Maternal deaths (age 15-49 years) with the probable cause being Severe hypertesnion or fits,4. Total,7,NA,2,NA,1,NA,1,NA,NA,NA,NA,NA,NA,NA,NA,NA,1,NA,NA,NA,2,NA,NA,NA,NA,NA,NA,NA
M17 [Details of deaths reported during the month with probable causes:],17.4.9(d),Number of cases of Maternal deaths (age 15-49 years) with the probable cause being Bleeding,1. 6-14 yrs,NA,NA,NA,NA,NA,NA,NA,NA,NA,NA,NA,NA,NA,NA,NA,NA,NA,NA,NA,NA,NA,NA,NA,NA,NA,NA,NA,NA
M17 [Details of deaths reported during the month with probable causes:],17.4.9(d),Number of cases of Maternal deaths (age 15-49 years) with the probable cause being Bleeding,2. 15-49 yrs,8,1,NA,NA,2,NA,NA,NA,1,NA,NA,NA,NA,NA,NA,NA,NA,1,1,NA,1,NA,NA,NA,NA,NA,NA,1
M17 [Details of deaths reported during the month with probable causes:],17.4.9(d),Number of cases of Maternal deaths (age 15-49 years) with the probable cause being Bleeding,3. Above 49 yrs.,NA,NA,NA,NA,NA,NA,NA,NA,NA,NA,NA,NA,NA,NA,NA,NA,NA,NA,NA,NA,NA,NA,NA,NA,NA,NA,NA,NA
M17 [Details of deaths reported during the month with probable causes:],17.4.9(d),Number of cases of Maternal deaths (age 15-49 years) with the probable cause being Bleeding,4. Total,8,1,NA,NA,2,NA,NA,NA,1,NA,NA,NA,NA,NA,NA,NA,NA,1,1,NA,1,NA,NA,NA,NA,NA,NA,1
M17 [Details of deaths reported during the month with probable causes:],17.4.9(e),Number of cases of Maternal deaths (age 15-49 years) with the probable cause being High Fever,1. 6-14 yrs,NA,NA,NA,NA,NA,NA,NA,NA,NA,NA,NA,NA,NA,NA,NA,NA,NA,NA,NA,NA,NA,NA,NA,NA,NA,NA,NA,NA
M17 [Details of deaths reported during the month with probable causes:],17.4.9(e),Number of cases of Maternal deaths (age 15-49 years) with the probable cause being High Fever,2. 15-49 yrs,1,NA,NA,NA,NA,NA,NA,NA,1,NA,NA,NA,NA,NA,NA,NA,NA,NA,NA,NA,NA,NA,NA,NA,NA,NA,NA,NA
M17 [Details of deaths reported during the month with probable causes:],17.4.9(e),Number of cases of Maternal deaths (age 15-49 years) with the probable cause being High Fever,3. Above 49 yrs.,NA,NA,NA,NA,NA,NA,NA,NA,NA,NA,NA,NA,NA,NA,NA,NA,NA,NA,NA,NA,NA,NA,NA,NA,NA,NA,NA,NA
M17 [Details of deaths reported during the month with probable causes:],17.4.9(e),Number of cases of Maternal deaths (age 15-49 years) with the probable cause being High Fever,4. Total,1,NA,NA,NA,NA,NA,NA,NA,1,NA,NA,NA,NA,NA,NA,NA,NA,NA,NA,NA,NA,NA,NA,NA,NA,NA,NA,NA
M17 [Details of deaths reported during the month with probable causes:],17.4.9(f),Number of cases of Maternal deaths (age 15-49 years) with the probable cause being other causes (excluding abortion; obstructed or prolonged labour; severe hypertension or fits;,1. 6-14 yrs,NA,NA,NA,NA,NA,NA,NA,NA,NA,NA,NA,NA,NA,NA,NA,NA,NA,NA,NA,NA,NA,NA,NA,NA,NA,NA,NA,NA
M17 [Details of deaths reported during the month with probable causes:],17.4.9(f),Number of cases of Maternal deaths (age 15-49 years) with the probable cause being other causes (excluding abortion; obstructed or prolonged labour; severe hypertension or fits;,2. 15-49 yrs,22,NA,5,NA,NA,NA,NA,1,NA,1,NA,1,NA,NA,NA,NA,2,1,NA,1,2,NA,1,NA,1,2,2,2
M17 [Details of deaths reported during the month with probable causes:],17.4.9(f),Number of cases of Maternal deaths (age 15-49 years) with the probable cause being other causes (excluding abortion; obstructed or prolonged labour; severe hypertension or fits;,3. Above 49 yrs.,NA,NA,NA,NA,NA,NA,NA,NA,NA,NA,NA,NA,NA,NA,NA,NA,NA,NA,NA,NA,NA,NA,NA,NA,NA,NA,NA,NA
M17 [Details of deaths reported during the month with probable causes:],17.4.9(f),Number of cases of Maternal deaths (age 15-49 years) with the probable cause being other causes (excluding abortion; obstructed or prolonged labour; severe hypertension or fits;,4. Total,22,NA,5,NA,NA,NA,NA,1,NA,1,NA,1,NA,NA,NA,NA,2,1,NA,1,2,NA,1,NA,1,2,2,2
M17 [Details of deaths reported during the month with probable causes:],17.4.10,Number of cases of Adolescent or Adult deaths (age 6 years & above) with the probable cause being Trauma or Accidents or Burn cases,1. 6-14 yrs,7,NA,NA,1,NA,NA,1,NA,NA,NA,NA,NA,1,NA,NA,NA,NA,NA,NA,NA,1,NA,NA,NA,NA,2,NA,1
M17 [Details of deaths reported during the month with probable causes:],17.4.10,Number of cases of Adolescent or Adult deaths (age 6 years & above) with the probable cause being Trauma or Accidents or Burn cases,2. 15-55 yrs.,87,8,7,4,1,NA,2,1,13,NA,6,9,NA,NA,NA,5,2,2,4,3,3,1,2,1,1,6,5,1
M17 [Details of deaths reported during the month with probable causes:],17.4.10,Number of cases of Adolescent or Adult deaths (age 6 years & above) with the probable cause being Trauma or Accidents or Burn cases,3. Above 55 yrs.,15,NA,NA,NA,NA,NA,NA,NA,NA,NA,1,1,NA,NA,NA,1,1,NA,1,NA,1,2,1,NA,1,1,1,3
M17 [Details of deaths reported during the month with probable causes:],17.4.10,Number of cases of Adolescent or Adult deaths (age 6 years & above) with the probable cause being Trauma or Accidents or Burn cases,4. Total,109,8,7,5,1,NA,3,1,13,NA,7,10,1,NA,NA,6,3,2,5,3,5,3,3,1,2,9,6,5
M17 [Details of deaths reported during the month with probable causes:],17.4.11,Number of cases of Adolescent or Adult deaths (age 6 years & above) with the probable cause being suicide,1. 6-14 yrs,4,NA,NA,NA,NA,NA,NA,2,NA,NA,NA,1,NA,NA,NA,1,NA,NA,NA,NA,NA,NA,NA,NA,NA,NA,NA,NA
M17 [Details of deaths reported during the month with probable causes:],17.4.11,Number of cases of Adolescent or Adult deaths (age 6 years & above) with the probable cause being suicide,2. 15-55 yrs.,51,3,4,4,NA,NA,5,1,1,NA,1,4,NA,NA,NA,2,1,1,NA,2,1,1,2,NA,1,5,8,4
M17 [Details of deaths reported during the month with probable causes:],17.4.11,Number of cases of Adolescent or Adult deaths (age 6 years & above) with the probable cause being suicide,3. Above 55 yrs.,4,1,1,1,NA,NA,NA,NA,NA,NA,NA,NA,NA,NA,NA,NA,NA,NA,NA,NA,NA,NA,NA,NA,NA,1,NA,NA
M17 [Details of deaths reported during the month with probable causes:],17.4.11,Number of cases of Adolescent or Adult deaths (age 6 years & above) with the probable cause being suicide,4. Total,59,4,5,5,NA,NA,5,3,1,NA,1,5,NA,NA,NA,3,1,1,NA,2,1,1,2,NA,1,6,8,4
M17 [Details of deaths reported during the month with probable causes:],17.4.12,Number of cases of Adolescent or Adult deaths (age 6 years & above) with the probable cause being Animal bites and stings,1. 6-14 yrs,1,NA,NA,NA,NA,NA,NA,NA,NA,NA,1,NA,NA,NA,NA,NA,NA,NA,NA,NA,NA,NA,NA,NA,NA,NA,NA,NA
M17 [Details of deaths reported during the month with probable causes:],17.4.12,Number of cases of Adolescent or Adult deaths (age 6 years & above) with the probable cause being Animal bites and stings,2. 15-55 yrs.,2,NA,NA,NA,NA,NA,NA,NA,NA,NA,NA,NA,NA,NA,NA,NA,NA,NA,NA,NA,NA,NA,NA,NA,1,NA,NA,1
M17 [Details of deaths reported during the month with probable causes:],17.4.12,Number of cases of Adolescent or Adult deaths (age 6 years & above) with the probable cause being Animal bites and stings,3. Above 55 yrs.,4,NA,1,NA,NA,NA,NA,NA,NA,NA,NA,NA,NA,NA,NA,2,NA,NA,NA,NA,NA,NA,NA,NA,NA,NA,NA,1
M17 [Details of deaths reported during the month with probable causes:],17.4.12,Number of cases of Adolescent or Adult deaths (age 6 years & above) with the probable cause being Animal bites and stings,4. Total,7,NA,1,NA,NA,NA,NA,NA,NA,NA,1,NA,NA,NA,NA,2,NA,NA,NA,NA,NA,NA,NA,NA,1,NA,NA,2
M17 [Details of deaths reported during the month with probable causes:],17.4.13(a),Number of cases of Adolescent or Adult deaths (age 6 years & above) with the probable cause being Known Acute disease,1. 6-14 yrs,4,NA,NA,NA,NA,NA,NA,NA,NA,NA,NA,1,NA,NA,NA,NA,NA,NA,NA,NA,NA,NA,NA,NA,NA,1,1,1
M17 [Details of deaths reported during the month with probable causes:],17.4.13(a),Number of cases of Adolescent or Adult deaths (age 6 years & above) with the probable cause being Known Acute disease,2. 15-55 yrs.,65,5,5,4,NA,NA,4,4,3,NA,2,11,3,NA,NA,1,NA,NA,NA,1,3,NA,3,NA,4,3,4,5
M17 [Details of deaths reported during the month with probable causes:],17.4.13(a),Number of cases of Adolescent or Adult deaths (age 6 years & above) with the probable cause being Known Acute disease,3. Above 55 yrs.,63,4,6,3,1,NA,3,1,5,2,4,5,1,NA,NA,2,NA,NA,NA,NA,5,2,2,NA,4,5,2,6
M17 [Details of deaths reported during the month with probable causes:],17.4.13(a),Number of cases of Adolescent or Adult deaths (age 6 years & above) with the probable cause being Known Acute disease,4. Total,132,9,11,7,1,NA,7,5,8,2,6,17,4,NA,NA,3,NA,NA,NA,1,8,2,5,NA,8,9,7,12
M17 [Details of deaths reported during the month with probable causes:],17.4.13(b),Number of cases of Adolescent or Adult deaths (age 6 years & above) with the probable cause being Known Chronic disease,1. 6-14 yrs,2,NA,NA,NA,NA,NA,NA,NA,NA,NA,NA,1,NA,NA,NA,NA,NA,NA,NA,NA,NA,NA,NA,NA,NA,NA,1,NA
M17 [Details of deaths reported during the month with probable causes:],17.4.13(b),Number of cases of Adolescent or Adult deaths (age 6 years & above) with the probable cause being Known Chronic disease,2. 15-55 yrs.,85,2,NA,6,1,NA,3,NA,4,2,7,7,NA,NA,NA,5,4,6,3,1,10,NA,4,1,3,3,8,5
M17 [Details of deaths reported during the month with probable causes:],17.4.13(b),Number of cases of Adolescent or Adult deaths (age 6 years & above) with the probable cause being Known Chronic disease,3. Above 55 yrs.,164,9,14,13,6,NA,7,2,5,12,8,17,1,1,NA,3,3,6,1,4,4,2,9,NA,8,10,9,10
M17 [Details of deaths reported during the month with probable causes:],17.4.13(b),Number of cases of Adolescent or Adult deaths (age 6 years & above) with the probable cause being Known Chronic disease,4. Total,251,11,14,19,7,NA,10,2,9,14,15,25,1,1,NA,8,7,12,4,5,14,2,13,1,11,13,18,15
M17 [Details of deaths reported during the month with probable causes:],17.4.13(c),Number of cases of Adolescent or Adult deaths (age 6 years & above) where the cause was not known,1. 6-14 yrs,15,1,1,NA,NA,NA,1,NA,NA,NA,NA,NA,NA,1,NA,1,NA,2,NA,NA,NA,1,NA,1,2,2,2,NA
M17 [Details of deaths reported during the month with probable causes:],17.4.13(c),Number of cases of Adolescent or Adult deaths (age 6 years & above) where the cause was not known,2. 15-55 yrs.,288,12,17,8,12,8,4,8,19,9,6,14,11,7,NA,20,9,15,6,5,5,5,2,7,18,19,33,9
M17 [Details of deaths reported during the month with probable causes:],17.4.13(c),Number of cases of Adolescent or Adult deaths (age 6 years & above) where the cause was not known,3. Above 55 yrs.,646,38,48,7,29,2,11,17,28,12,17,21,74,8,NA,64,11,33,10,20,15,18,22,16,25,42,40,18
M17 [Details of deaths reported during the month with probable causes:],17.4.13(c),Number of cases of Adolescent or Adult deaths (age 6 years & above) where the cause was not known,4. Total,949,51,66,15,41,10,16,25,47,21,23,35,85,16,NA,85,20,50,16,25,20,24,24,24,45,63,75,27
