Indicator,S.No.,Parameters,Type,District - _Assam,District - Baksa,District - Barpeta,District - Bongaigaon,District - Cachar,District - Chirang,District - Darrang,District - Dhemaji,District - Dhubri,District - Dibrugarh,District - Dima Hasao,District - Goalpara,District - Golaghat,District - Hailakandi,District - Jorhat,District - Kamrup M,District - Kamrup R,District - Karbi Anglong,District - Karimganj,District - Kokrajhar,District - Lakhimpur,District - Marigaon,District - Nagaon,District - Nalbari,District - Sibsagar,District - Sonitpur,District - Tinsukia,District - Udalguri
M1 [Ante Natal Care Services ANC],1.1,Total number of pregnant women Registered for ANC,TOTAL,62388,1533,3136,1327,3798,887,1681,1408,4708,2060,459,2463,1779,1722,2171,3523,3032,1929,3255,1617,2037,2046,5733,1268,1878,3279,2406,1253
M1 [Ante Natal Care Services ANC],1.1.1,Of which Number registered within first trimester (within 12 weeks),TOTAL,49865,1269,2571,1016,3035,688,1156,1125,3361,1705,268,1955,1500,1398,1956,2826,2772,1242,2655,981,1724,1812,4697,1120,1559,2666,1733,1075
M1 [Ante Natal Care Services ANC],1.2,Number of Pregnant women registered under JSY,TOTAL,58042,1501,3002,1327,3724,887,1105,1380,4372,1785,341,2447,1958,1722,1639,2197,2973,1914,3224,1581,1992,1937,5603,1266,1812,2827,2274,1252
M1 [Ante Natal Care Services ANC],1.3,Number of pregnant women received 3 ANC check ups during pregnancy,TOTAL,50820,1276,2843,1156,2435,686,1580,1095,4057,1904,277,1907,1469,1329,1394,2848,2445,1250,2272,1332,1609,1705,5511,1061,1720,2648,1966,1045
M1 [Ante Natal Care Services ANC],1.4.1,Number of pregnant women given TT1 during current pregnancy,TOTAL,52751,1359,2799,1295,2804,725,1485,1169,4223,1896,342,2211,1515,1203,1511,3037,2502,1699,2321,1560,1698,1808,4918,1146,1497,3024,1908,1096
M1 [Ante Natal Care Services ANC],1.4.2,Number of pregnant women given TT2 or Booster during current pregnancy,TOTAL,59180,1378,2795,1413,3397,878,1683,1374,4504,2250,349,2583,1688,1619,1734,2915,2697,1885,2803,1590,1751,2094,6125,1210,1751,3230,2286,1198
M1 [Ante Natal Care Services ANC],1.5,Total number of pregnant women given 100 IFA tablets,TOTAL,56229,1380,2706,1242,3146,873,1264,1241,4146,1909,322,2547,1707,1565,1857,2944,2889,1473,2962,1524,1521,2048,5679,1283,1807,2897,2260,1037
M1 [Ante Natal Care Services ANC],1.6.1,Number of new cases of Hypertension (BP>140/90) detected in Pregnant women at the institution,TOTAL,1321,7,51,24,52,32,85,15,41,66,3,58,65,13,35,166,76,94,19,25,25,20,104,4,52,81,82,26
M1 [Ante Natal Care Services ANC],1.6.2,Number of Eclampsia cases managed during delivery,TOTAL,104,7,1,0,0,0,50,1,0,3,0,0,0,0,0,15,0,2,2,0,16,0,6,0,0,1,0,0
M1 [Ante Natal Care Services ANC],1.7.1,Number of Pregnant women with anaemia i.e. Hb level<11 (tested cases),TOTAL,37044,708,1822,1111,3140,309,872,919,1949,1737,210,1511,1209,885,1015,1460,2287,663,1517,940,1377,1202,3430,398,1758,2374,1251,990
M1 [Ante Natal Care Services ANC],1.7.2,Number of Pregnant women having severe anaemia (Hb<7) treated at institution,TOTAL,376,0,0,0,0,17,164,5,8,0,0,11,9,5,8,12,7,6,5,14,8,7,15,1,11,45,16,2
M1 [Ante Natal Care Services ANC],1.8,Number of pregnancy test kits used at SC level,TOTAL,13777,328,314,138,661,233,313,229,540,457,101,865,553,1050,478,116,1277,312,706,97,556,148,1543,138,579,868,936,241
M2 [Deliveries],2.1.1.a,Number of deliveries conducted at Home and attended by trained SBA(i.e. Doctor or Nurse or ANM),TOTAL,1473,1,164,2,103,15,31,2,387,7,24,97,25,82,12,3,33,33,67,68,4,55,73,51,12,92,24,6
M2 [Deliveries],2.1.1.b,Number of deliveries conducted at Home and attended by non trained SBA (i.e. trained TBA or Relatives etc.),TOTAL,5080,64,568,236,190,141,209,12,1259,6,114,115,18,194,1,31,41,160,649,73,35,129,377,15,16,278,100,49
M2 [Deliveries],2.1.1.c,Total number of deliveries conducted at Home and attended by trained or non-trained SBA (i.e. sum of 2.1.1.a and 2.1.1.b),TOTAL,6553,65,732,238,293,156,240,14,1646,13,138,212,43,276,13,34,74,193,716,141,39,184,450,66,28,370,124,55
M2 [Deliveries],2.1.2,Number of newborns visited within 24 hours of delivery for deliveries conducted at home,TOTAL,5128,55,684,138,185,130,165,14,1150,12,72,160,28,242,13,32,74,118,645,121,39,183,413,61,24,197,121,52
M2 [Deliveries],2.1.3,Number of mothers paid JSY incentive for deliveries conducted at home,TOTAL,141,0,0,0,0,0,0,0,141,0,0,0,0,0,0,0,0,0,0,0,0,0,0,0,0,0,0,0
M2 [Deliveries],2.2,Deliveries conducted at Public Institutions (Including C-Sections),TOTAL,29873,618,1634,561,1955,372,894,1039,1587,1252,180,1215,774,580,946,1665,1298,1143,843,959,1192,1201,3281,568,736,1646,1101,633
M2 [Deliveries],2.2.1,"Out of 2.2, Number discharged under 48 hours of delivery",TOTAL,10238,198,325,347,828,1,114,548,875,355,115,636,370,178,248,6,286,842,379,654,565,109,1371,38,73,326,97,354
M2 [Deliveries],2.2.2.a,Number of mothers paid JSY Incentive for deliveries conducted at Public Institutions,TOTAL,24841,689,978,541,1878,372,555,933,1495,1206,174,1477,877,580,888,946,1049,599,757,996,1089,1188,991,524,819,1244,1321,675
M2 [Deliveries],2.2.2.b,Number of ASHAs paid JSY Incentive for deliveries conducted at Public Institutions,TOTAL,19508,973,779,436,1718,327,15,232,784,591,79,1404,954,638,553,280,735,925,888,699,817,273,1185,258,1250,1316,752,647
M2 [Deliveries],2.2.2.c,Number of cases of deliveries conducted at Public Institutions where JSY incentive was paid to ANMs or AWWs [only for High Performing States (HPS)],TOTAL,0,NA,NA,NA,NA,NA,NA,NA,NA,0,NA,NA,NA,NA,0,NA,NA,NA,NA,NA,0,NA,NA,NA,NA,NA,NA,NA
M2 [Deliveries],2.3,Deliveries conducted at Private Institutions (Including C-Sections),TOTAL,6169,30,64,296,448,17,75,31,14,488,1,147,192,NA,253,1024,86,1,248,49,141,1,820,293,290,538,538,84
M2 [Deliveries],2.3.1.a,Number of mothers paid JSY Incentive for deliveries conducted at accredited Private Institutions,TOTAL,701,0,NA,NA,100,0,0,NA,0,16,1,NA,7,NA,0,11,0,NA,170,NA,51,NA,3,NA,44,110,62,126
M2 [Deliveries],2.3.1.b,Number of ASHAs paid JSY Incentive for deliveries conducted at accredited Private Institutions,TOTAL,193,0,NA,NA,27,0,0,NA,0,0,1,NA,11,NA,0,0,0,NA,0,NA,17,NA,0,NA,15,115,0,7
M2 [Deliveries],2.3.1.c,Number of cases of deliveries conducted at accredited Private Institutions where JSY incentive was paid to ANMs or AWWs [only for High Performing States (HPS)],TOTAL,0,NA,NA,NA,NA,NA,NA,NA,NA,0,NA,NA,NA,NA,0,0,NA,NA,NA,NA,NA,NA,NA,NA,NA,NA,NA,NA
M3 [Number of Caesarean C-Section deliveries performed at],3.1.1,Number of Caesarean (C-Section) deliveries performed at PHCs (Primary Health Centre),TOTAL,0,NA,NA,NA,NA,NA,NA,NA,NA,0,NA,NA,NA,NA,0,NA,NA,NA,NA,NA,NA,NA,NA,NA,NA,NA,NA,NA
M3 [Number of Caesarean C-Section deliveries performed at],3.1.2,Number of Caesarean (C-Section) deliveries performed at CHCs (Community Health Centre),TOTAL,287,0,30,NA,NA,0,11,0,0,1,0,4,0,0,0,32,134,0,0,NA,0,0,10,5,24,0,36,0
M3 [Number of Caesarean C-Section deliveries performed at],3.1.3,Number of Caesarean (C-Section) deliveries performed at SDHs (Sub-divisional Hospital) or DHs (District Hospital),TOTAL,3503,NA,279,37,293,NA,30,152,72,249,36,100,92,0,389,689,20,60,6,63,204,77,51,75,76,275,178,NA
M3 [Number of Caesarean C-Section deliveries performed at],3.1.4,Number of Caesarean (C-Section) deliveries performed at other State owned public institutions,TOTAL,NA,NA,NA,NA,NA,NA,NA,NA,NA,NA,NA,NA,NA,NA,NA,NA,NA,NA,NA,NA,NA,NA,NA,NA,NA,NA,NA,NA
M3 [Number of Caesarean C-Section deliveries performed at],3.1.5,"Total Number of Caesarean (C-Section) deliveries performed at Public facilities i.e. PHC, CHC, SDH, DH and other State owned public institutions (sum of items from 3.1.1 to 3.1.4)",TOTAL,3790,0,309,37,293,0,41,152,72,250,36,104,92,0,389,721,154,60,6,63,204,77,61,80,100,275,214,0
M3 [Number of Caesarean C-Section deliveries performed at],3.2,No. of C-section deliveries performed at Private facilities,TOTAL,3306,NA,60,212,230,8,59,28,NA,245,NA,120,64,NA,0,671,48,NA,121,36,66,NA,597,227,103,299,112,NA
M4 [Pregnancy outcome & weight of new-born],4.1.1.a,Number of male live births,TOTAL,21875,353,1312,562,1330,302,610,555,1661,919,139,821,496,450,653,1323,729,687,907,620,683,747,2365,491,520,1321,899,420
M4 [Pregnancy outcome & weight of new-born],4.1.1.b,Number of female live births,TOTAL,19914,340,1081,525,1304,242,584,514,1482,800,177,745,497,382,540,1297,683,611,847,516,673,630,2089,428,515,1207,849,356
M4 [Pregnancy outcome & weight of new-born],4.1.1.c,Total number of male and female live births (4.1.1.a and 4.1.1.b),TOTAL,41789,693,2393,1087,2634,544,1194,1069,3143,1719,316,1566,993,832,1193,2620,1412,1298,1754,1136,1356,1377,4454,919,1035,2528,1748,776
M4 [Pregnancy outcome & weight of new-born],4.1.2,Number of still births,TOTAL,971,19,53,21,57,5,18,28,83,49,4,24,21,29,21,104,19,46,47,20,16,14,139,10,22,64,28,10
M4 [Pregnancy outcome & weight of new-born],4.1.3,Number of Abortions (spontaneous or induced),TOTAL,7260,89,228,244,202,13,574,450,611,219,62,288,78,123,194,189,448,303,90,185,624,107,611,543,380,48,149,208
M4 [Pregnancy outcome & weight of new-born],4.2.1,Number of Newborns weighed at birth,TOTAL,40601,694,2390,1088,2635,543,1143,1059,3128,1716,303,1560,588,831,1027,2695,1362,1272,1752,1083,1356,1383,4462,919,1030,2082,1742,758
M4 [Pregnancy outcome & weight of new-born],4.2.2,Number of Newborns having weight less than 2.5 kg,TOTAL,6917,76,453,126,610,138,177,130,585,366,24,312,101,91,371,187,227,150,191,294,370,237,457,117,204,419,347,157
M4 [Pregnancy outcome & weight of new-born],4.3,Number of Newborns breast fed within 1 hour of birth,TOTAL,39388,686,2382,1085,2438,541,1156,1008,3068,1705,316,1533,586,821,1183,2618,1356,1276,1676,926,1256,1377,4017,881,995,2006,1743,753
M5 [Complicated pregnanices],5.1.1,Number of cases of pregnant women with Obstetric Complications and attended at PHCs,TOTAL,483,1,0,1,14,36,1,18,7,0,0,12,2,126,0,10,4,0,103,50,1,1,32,2,9,35,9,9
M5 [Complicated pregnanices],5.1.2,Number of cases of pregnant women with Obstetric Complications and attended at CHCs,TOTAL,870,0,151,0,NA,12,6,21,6,102,1,33,8,29,0,55,94,1,17,0,34,50,25,44,123,0,53,5
M5 [Complicated pregnanices],5.1.3,Number of cases of pregnant women with Obstetric Complications and attended at SDHs or DHs,TOTAL,2827,5,23,37,5,8,45,41,120,249,36,15,127,4,591,706,0,67,5,17,30,21,NA,2,424,31,201,17
M5 [Complicated pregnanices],5.1.4,Number of cases of pregnant women with Obstetric Complications and attended at other State owned public institutions,TOTAL,NA,NA,NA,NA,NA,NA,NA,NA,NA,NA,NA,NA,NA,NA,NA,NA,NA,NA,NA,NA,NA,NA,NA,NA,NA,NA,NA,NA
M5 [Complicated pregnanices],5.1.5,"Number of cases of pregnant women with Obstetric Complications and attended at Public facilities i.e. PHC, CHC, SDH, DH and other State owned public institutions (sum of items from 5.1.1 to 5.1.4)",TOTAL,4180,6,174,38,19,56,52,80,133,351,37,60,137,159,591,771,98,68,125,67,65,72,57,48,556,66,263,31
M5 [Complicated pregnanices],5.2,Number of cases of pregnant women with Obstetric Complications and attended at Private facilities,TOTAL,1964,0,NA,212,0,0,0,NA,NA,263,0,NA,0,NA,0,588,0,NA,75,NA,0,NA,530,139,0,70,87,0
M5 [Complicated pregnanices],5.3.1,Number of cases of complicated pregnancies treated with IV antibiotics,TOTAL,7472,10,146,4,184,17,620,20,1068,269,37,206,173,116,572,618,159,67,607,43,494,717,96,136,496,256,333,8
M5 [Complicated pregnanices],5.3.2,Number of cases of complicated pregnancies treated with IV Antihypertensive/Magsulph injection,TOTAL,1578,2,5,0,6,3,31,1,575,0,0,46,11,15,350,89,22,15,211,20,23,100,14,16,14,8,0,1
M5 [Complicated pregnanices],5.3.3,Number of cases of complicated pregnancies treated with IV Oxytocis,TOTAL,8237,20,45,4,346,46,639,36,1569,96,44,198,520,121,608,638,175,67,550,36,415,785,197,131,556,241,154,0
M5 [Complicated pregnanices],5.3.4,Number of cases of complicated pregnancies treated with Blood Transfusion,TOTAL,1179,0,0,NA,257,0,18,40,53,280,12,10,71,0,49,51,18,14,17,5,86,0,17,40,55,5,81,0
M6 [Post - Natal Care],6.1,Women getting post partum check-up within 48 hours after delivery,TOTAL,30829,777,1807,784,1724,408,885,803,2648,1466,220,1345,835,778,666,2712,1003,800,1172,466,1010,878,2911,709,704,1395,1508,415
M6 [Post - Natal Care],6.2,Women getting a post partum check up between 48 hours and 14 days after delivery,TOTAL,32410,708,1910,1186,1680,394,898,890,2574,1138,103,1132,607,618,1032,1523,1361,752,1060,602,2970,1081,3584,892,734,1347,1211,423
M6 [Post - Natal Care],6.3,PNC maternal complications attended,TOTAL,322,13,1,0,0,172,0,0,13,1,0,8,0,0,0,1,7,4,1,8,3,6,21,0,16,43,0,4
M7 [Medical Termination of Pregnancy (MTP)],7.1.1,Number of MTPs conducted at Public Institutions up to 12 weeks of pregnancy,TOTAL,4708,63,149,236,103,12,506,387,366,210,31,130,32,69,100,153,351,203,0,102,344,55,243,177,306,110,101,169
M7 [Medical Termination of Pregnancy (MTP)],7.1.2,Number of MTPs conducted at Public Institutions for more than 12 weeks of pregnancy,TOTAL,427,8,6,0,2,0,19,5,0,27,5,15,4,0,2,6,12,49,0,10,7,14,222,0,0,0,0,14
M7 [Medical Termination of Pregnancy (MTP)],7.1.3,Total number of MTPs conducted at Public Institutions (sum of items 7.1.1 and 7.1.2),TOTAL,5135,71,155,236,105,12,525,392,366,237,36,145,36,69,102,159,363,252,0,112,351,69,465,177,306,110,101,183
M7 [Medical Termination of Pregnancy (MTP)],7.2,Number of MTPs conducted at Private Facilities,TOTAL,722,NA,0,0,47,0,0,0,NA,18,NA,0,0,NA,46,56,0,NA,31,0,0,NA,0,308,0,135,81,NA
M8 [RTI/STI Cases],8.1.a,Number of new cases of RTI/STI in males for which treatment was initiated,TOTAL,1628,25,32,9,0,0,61,245,23,0,13,161,108,88,134,94,21,2,61,84,66,42,102,35,24,22,149,27
M8 [RTI/STI Cases],8.1.b,Number of new cases of RTI/STI in females for which treatment was initiated,TOTAL,4153,81,276,45,90,11,237,214,299,27,59,338,106,127,108,279,80,2,52,176,379,158,257,127,125,190,192,118
M8 [RTI/STI Cases],8.1.c,Total number of new cases of RTI/STI in males and females for which treatment was initiated (sum of items 8.1.a and 8.1.b),TOTAL,5781,106,308,54,90,11,298,459,322,27,72,499,214,215,242,373,101,4,113,260,445,200,359,162,149,212,341,145
M8 [RTI/STI Cases],8.2,Number of suspected RTI/STI cases for whom wet mount test was conducted,TOTAL,38,2,0,0,0,0,0,0,0,0,0,0,0,0,0,36,0,0,0,0,0,0,0,0,0,0,0,0
M9 [Family Planning],9.1.1.a,Number of NSV (No Scalpel Vasectomy) or Conventional Vasectomy conducted at PHCs,TOTAL,51,0,0,0,1,0,0,0,0,0,0,0,0,0,0,0,0,0,0,0,0,0,0,0,0,0,50,0
M9 [Family Planning],9.1.1.b,Number of NSV or Conventional Vasectomy conducted at CHCs,TOTAL,62,0,0,0,NA,0,0,0,0,0,0,0,0,0,0,60,0,0,0,0,2,0,0,0,0,0,0,0
M9 [Family Planning],9.1.1.c,Number of NSV or Conventional Vasectomy conducted at SDHs or DHs,TOTAL,140,NA,0,NA,0,NA,0,0,0,0,0,0,33,0,0,0,0,0,0,0,7,0,18,8,74,0,0,NA
M9 [Family Planning],9.1.1.d,Number of NSV or Conventional Vasectomy conducted at other State owned public institutions,TOTAL,NA,NA,NA,NA,NA,NA,NA,NA,NA,NA,NA,NA,NA,NA,NA,NA,NA,NA,NA,NA,NA,NA,NA,NA,NA,NA,NA,NA
M9 [Family Planning],9.1.1.e,"Total Number of NSV or Conventional Vasectomy conducted at Public facilities i.e. PHC, CHC, SDH, DH and other State owned public institutions (sum of items from 9.1.1.a to 9.1.1.d)",TOTAL,253,0,0,0,1,0,0,0,0,0,0,0,33,0,0,60,0,0,0,0,9,0,18,8,74,0,50,0
M9 [Family Planning],9.1.2,Number of NSV or Conventional Vasectomy conducted at Private facilities,TOTAL,0,0,NA,NA,0,0,0,NA,NA,0,0,NA,0,NA,0,0,0,0,0,NA,0,NA,0,0,0,0,0,0
M9 [Family Planning],9.2.1.a,Number of Laparoscopic sterilizations conducted at PHCs,TOTAL,741,30,0,0,81,0,0,0,0,250,0,3,0,0,135,0,70,0,0,0,0,0,0,65,0,0,107,0
M9 [Family Planning],9.2.1.b,Number of Laparoscopic sterilizations conducted at CHCs,TOTAL,217,0,6,0,NA,0,0,0,0,0,0,0,0,32,29,18,26,0,0,0,45,0,34,27,0,0,0,0
M9 [Family Planning],9.2.1.c,Number of Laparoscopic sterilizations conducted at SDHs or DHs,TOTAL,358,NA,0,28,25,NA,6,0,0,6,0,0,0,0,73,3,0,0,0,0,48,0,1,0,16,152,0,NA
M9 [Family Planning],9.2.1.d,Number of Laparoscopic sterilizations conducted at other State owned public institutions,TOTAL,NA,NA,NA,NA,NA,NA,NA,NA,NA,NA,NA,NA,NA,NA,NA,NA,NA,NA,NA,NA,NA,NA,NA,NA,NA,NA,NA,NA
M9 [Family Planning],9.2.1.e,"Total Number of Laparoscopic sterilizations conducted at Public facilities i.e. PHC, CHC, SDH, DH and other State owned public institutions (sum of items from 9.2.1.a to 9.2.1.d)",TOTAL,1316,30,6,28,106,0,6,0,0,256,0,3,0,32,237,21,96,0,0,0,93,0,35,92,16,152,107,0
M9 [Family Planning],9.2.2,Number of Laparoscopic sterilizations conducted at Private facilities,TOTAL,31,0,NA,NA,0,0,0,NA,NA,0,0,NA,0,NA,0,29,0,0,0,NA,0,NA,0,0,0,0,2,0
M9 [Family Planning],9.3.1.a,Number of Mini-lap sterilizations conducted at PHCs,TOTAL,16,0,0,0,0,0,0,0,0,0,0,0,0,0,0,16,0,0,0,0,0,0,0,0,0,0,0,0
M9 [Family Planning],9.3.1.b,Number of Mini-lap sterilizations conducted at CHCs,TOTAL,9,0,0,0,NA,0,0,0,0,0,0,0,0,0,0,0,0,0,0,0,0,0,0,0,0,0,9,0
M9 [Family Planning],9.3.1.c,Number of Mini-lap sterilizations conducted at SDHs or DHs,TOTAL,223,NA,31,0,42,NA,0,19,0,23,0,16,15,0,38,31,2,0,0,5,0,NA,NA,0,0,0,1,NA
M9 [Family Planning],9.3.1.d,Number of Mini-lap sterilizations conducted at other State owned public institutions,TOTAL,NA,NA,NA,NA,NA,NA,NA,NA,NA,NA,NA,NA,NA,NA,NA,NA,NA,NA,NA,NA,NA,NA,NA,NA,NA,NA,NA,NA
M9 [Family Planning],9.3.1.e,"Total Number of Mini-lap sterilizations conducted at Public facilities i.e. PHC, CHC, SDH, DH and other State owned public institutions (sum of items from 9.3.1.a to 9.3.1.d)",TOTAL,248,0,31,0,42,0,0,19,0,23,0,16,15,0,38,47,2,0,0,5,0,0,0,0,0,0,10,0
M9 [Family Planning],9.3.2,Number of Mini-lap sterilizations conducted at Private facilities,TOTAL,33,0,NA,NA,3,0,0,NA,NA,0,0,NA,0,NA,0,16,0,0,10,NA,0,NA,4,0,0,0,0,0
M9 [Family Planning],9.4.1.a,Number of Post-Partum sterilizations conducted at PHCs,TOTAL,3,0,0,0,3,0,0,0,0,0,0,0,0,0,0,0,0,0,0,0,0,0,0,0,0,0,0,0
M9 [Family Planning],9.4.1.b,Number of Post-Partum sterilizations conducted at CHCs,TOTAL,47,0,10,0,NA,0,1,0,0,0,0,0,0,0,0,6,20,0,0,0,0,0,0,0,0,0,10,0
M9 [Family Planning],9.4.1.c,Number of Post-Partum sterilizations conducted at SDHs or DHs,TOTAL,363,NA,0,1,42,NA,6,19,22,23,4,16,15,0,38,89,2,0,0,1,22,0,NA,5,0,22,36,NA
M9 [Family Planning],9.4.1.d,Number of Post-Partum sterilizations conducted at other State owned public institutions,TOTAL,NA,NA,NA,NA,NA,NA,NA,NA,NA,NA,NA,NA,NA,NA,NA,NA,NA,NA,NA,NA,NA,NA,NA,NA,NA,NA,NA,NA
M9 [Family Planning],9.4.1.e,"Total Number of Post-Partum sterilizations conducted at Public facilities i.e. PHC, CHC, SDH, DH and other State owned public institutions (sum of items from 9.4.1.a to 9.4.1.d)",TOTAL,413,0,10,1,45,0,7,19,22,23,4,16,15,0,38,95,22,0,0,1,22,0,0,5,0,22,46,0
M9 [Family Planning],9.4.2,Number of Post-Partum sterilizations conducted at Private facilities,TOTAL,96,0,10,NA,3,0,0,NA,NA,0,0,NA,0,NA,0,16,0,0,10,NA,0,NA,48,9,0,0,0,0
M9 [Family Planning],9.5.1.a,Number of IUCD Insertions conducted at SCs,TOTAL,1661,23,138,158,69,21,60,71,113,34,2,53,18,115,32,23,144,96,54,12,35,101,128,34,21,31,58,17
M9 [Family Planning],9.5.1.b,Number of IUCD Insertions conducted at PHCs,TOTAL,966,19,51,7,85,35,16,57,44,65,2,51,30,37,48,81,22,26,5,54,18,8,47,33,23,7,60,35
M9 [Family Planning],9.5.1.c,Number of IUCD Insertions conducted at CHCs,TOTAL,497,4,4,1,19,0,41,73,13,0,12,19,13,9,10,22,89,27,0,0,11,2,17,39,0,0,45,27
M9 [Family Planning],9.5.1.d,Number of IUCD Insertions conducted at SDHs or DHs,TOTAL,861,8,24,5,10,NA,15,59,3,0,24,47,35,21,19,366,2,33,NA,30,0,35,15,41,11,0,55,3
M9 [Family Planning],9.5.1.e,Number of IUCD Insertions conducted at other State owned public institutions,TOTAL,NA,NA,NA,NA,NA,NA,NA,NA,NA,NA,NA,NA,NA,NA,NA,NA,NA,NA,NA,NA,NA,NA,NA,NA,NA,NA,NA,NA
M9 [Family Planning],9.5.1.f,"Total Number of IUCD Insertions conducted at Public facilities i.e. SC, PHC, CHC, SDH, DH and other State owned public institutions (sum of items from 9.5.1.a to 9.5.1.e)",TOTAL,3985,54,217,171,183,56,132,260,173,99,40,170,96,182,109,492,257,182,59,96,64,146,207,147,55,38,218,82
M9 [Family Planning],9.5.1A,"Out of above total, Post Partum (within 48 hours of delivery) IUCD insertions",TOTAL,787,0,23,2,16,0,12,87,9,54,13,47,122,37,34,84,31,22,7,0,4,24,10,48,4,11,86,0
M9 [Family Planning],9.5.2,Number of IUCD Insertions conducted at Private facilities,TOTAL,80,1,NA,NA,0,0,0,NA,3,0,0,NA,1,NA,6,14,0,0,4,NA,0,NA,5,20,1,2,23,0
M9 [Family Planning],9.06,Number of IUCD removals,TOTAL,1026,17,71,10,7,21,50,109,22,52,5,33,30,16,14,130,53,56,60,32,38,6,39,25,8,81,24,17
M9 [Family Planning],9.07,Number of Oral Pills cycles distributed,TOTAL,124390,3250,10854,3613,4970,1582,2756,2595,10790,4381,797,5027,5024,2386,3059,2103,7925,3571,4617,4996,5182,2747,8971,3785,5261,8228,3469,2451
M9 [Family Planning],9.08,Number of Condom pieces distributed,TOTAL,287341,9795,14808,5888,13126,3150,3813,2813,19649,20990,2068,17074,11501,9654,21800,6670,25654,22551,3304,9100,7951,4137,7782,10254,14144,12121,3995,3549
M9 [Family Planning],9.09,Number of Centchroman (weekly) pills given,TOTAL,608,0,0,0,104,0,64,0,0,2,0,0,42,0,0,0,18,0,6,101,0,0,46,106,40,3,41,35
M9 [Family Planning],9.1,Number of Emergency Contraceptive Pills distributed,TOTAL,1980,0,170,0,23,0,83,10,305,21,3,115,22,154,32,77,138,47,104,129,93,26,192,42,6,48,89,51
M9 [Family Planning],9.11.1.a,Number of cases of complications following male sterilization,TOTAL,0,0,0,0,0,0,0,0,0,0,0,0,0,0,0,0,0,0,0,0,0,0,0,0,0,0,0,0
M9 [Family Planning],9.11.1.b,Number of cases of complications following female sterilization,TOTAL,2,0,0,0,0,0,0,0,0,0,0,0,0,0,0,1,0,0,0,0,0,0,1,0,0,0,0,0
M9 [Family Planning],9.11.2.a,Number of failures following male sterilization,TOTAL,0,0,0,0,0,0,0,0,0,0,0,0,0,0,0,0,0,0,0,0,0,0,0,0,0,0,0,0
M9 [Family Planning],9.11.2.b,Number of failures following female sterilization,TOTAL,2,0,0,0,0,0,0,2,0,0,0,0,0,0,0,0,0,0,0,0,0,0,0,0,0,0,0,0
M9 [Family Planning],9.11.3.a,Number of deaths following male sterilization,TOTAL,0,0,0,0,0,0,0,0,0,0,0,0,0,0,0,0,0,0,0,0,0,0,0,0,0,0,0,0
M9 [Family Planning],9.11.3.b,Number of deaths following female sterilization,TOTAL,0,0,0,0,0,0,0,0,0,0,0,0,0,0,0,0,0,0,0,0,0,0,0,0,0,0,0,0
M9 [Family Planning],9.12,Number of Institutions having NSV trained doctors,TOTAL,46,4,3,2,7,2,1,1,1,1,1,3,NA,3,1,1,2,1,NA,NA,1,2,3,1,2,1,1,1
M10 [CHILD IMMUNIZATION],10.1.01,Number of Infants (0 to 11 months old)received BCG immunisation,TOTAL,48524,1031,2575,1131,3190,714,1310,1039,3605,1665,340,1875,1466,1311,1222,2406,1966,1565,2766,1186,1330,1958,4407,988,1067,2945,2651,815
M10 [CHILD IMMUNIZATION],10.1.02,Number of Infants (0 to 11 months old) received DPT1 immunisation,TOTAL,1735,29,89,41,252,8,5,0,68,25,9,28,10,3,52,552,0,45,82,102,1,9,56,144,0,17,75,33
M10 [CHILD IMMUNIZATION],10.1.03,Number of Infants (0 to 11 months old) received DPT2 immunisation,TOTAL,5551,177,307,246,644,97,84,25,797,58,28,185,68,54,104,601,75,191,415,272,26,60,540,141,40,86,134,96
M10 [CHILD IMMUNIZATION],10.1.04,Number of Infants (0 to 11 months old) received DPT3 immunisation,TOTAL,13423,424,718,677,1197,243,317,88,1574,169,78,669,218,308,191,692,323,470,932,611,102,277,1415,290,190,568,395,287
M10 [CHILD IMMUNIZATION],10.1.04A,Number of Infants (0 to 11 months old) received Pentavalent1 immunisation,TOTAL,43701,1200,2458,1056,2865,668,1345,1014,2829,1381,344,1710,1192,1403,1008,1419,2086,1487,2649,765,1409,1718,4819,877,1247,2202,1584,966
M10 [CHILD IMMUNIZATION],10.1.04B,Number of Infants (0 to 11 months old) received Pentavalent2 immunisation,TOTAL,47133,1261,2454,1105,2680,666,1530,1177,2792,1696,366,1929,1377,1616,1369,1621,2417,1464,2653,831,1538,1832,4990,1056,1552,2354,1791,1016
M10 [CHILD IMMUNIZATION],10.1.04C,Number of Infants (0 to 11 months old) received Pentavalent3 immunisation,TOTAL,38833,891,2072,603,1902,437,1344,1105,2270,1543,244,1559,1203,1312,1276,1566,2286,1016,1889,518,1509,1614,3791,956,1325,2107,1674,821
M10 [CHILD IMMUNIZATION],10.1.05,Number of Infants (0 to 11 months old) received OPV 0 (Birth Dose),TOTAL,20136,239,724,278,996,103,603,408,979,1028,194,478,636,488,950,2066,823,505,614,294,756,804,2366,675,611,1438,721,359
M10 [CHILD IMMUNIZATION],10.1.06,Number of Infants (0 to 11 months old) received OPV1 (First Dose),TOTAL,42709,1148,2216,1052,2329,603,1187,989,3073,1287,353,1688,1069,1414,1075,1873,2089,1295,2739,936,1273,1677,4600,979,1218,2058,1511,978
M10 [CHILD IMMUNIZATION],10.1.07,Number of Infants (0 to 11 months old) received OPV2 (Second Dose),TOTAL,49721,1338,2392,1286,2553,699,1435,1159,3554,1641,394,2047,1320,1726,1468,2179,2490,1436,2984,1113,1451,1867,5310,1175,1596,2276,1751,1081
M10 [CHILD IMMUNIZATION],10.1.08,Number of Infants (0 to 11 months old) received OPV3 (Third Dose),TOTAL,48699,1236,2429,1272,2442,588,1473,1124,3381,1627,322,2178,1238,1643,1418,2203,2532,1324,2736,1100,1511,1820,4979,1168,1496,2447,1932,1080
M10 [CHILD IMMUNIZATION],10.1.09A,Number of Infants (upto 48 hrs of age) received Hepatitis-B0 immunisation,TOTAL,16031,145,780,249,915,24,563,543,863,770,155,413,527,344,491,1674,511,307,488,148,595,758,1515,647,496,1245,561,304
M10 [CHILD IMMUNIZATION],10.1.09,Number of Infants (0 to 11 months old) received Hepatitis-B1 immunisation,TOTAL,1803,42,107,22,187,5,10,0,55,25,9,33,41,9,51,629,0,32,44,111,0,20,23,156,0,56,97,39
M10 [CHILD IMMUNIZATION],10.1.10,Number of Infants (0 to 11 months old) received Hepatitis-B2 immunisation,TOTAL,5774,224,372,235,602,95,84,13,822,50,28,153,85,77,124,656,76,205,438,292,27,56,513,139,45,115,143,105
M10 [CHILD IMMUNIZATION],10.1.11,Number of Infants (0 to 11 months old) received Hepatitis-B3 immunisation,TOTAL,13249,463,670,651,1122,242,313,80,1574,207,78,600,223,335,186,744,308,487,919,588,98,248,1351,284,192,534,447,305
M10 [CHILD IMMUNIZATION],10.1.12,Number of Infants (0 to 11 months old) received Measles immunisation (First Dose),TOTAL,47375,937,2350,1203,2674,661,1521,1207,3304,1804,268,1678,1175,1328,1571,1962,2366,1438,2128,1198,1599,1769,4766,1129,1584,2587,2091,1077
M10 [CHILD IMMUNIZATION],10.1.12B,Number of Infants (more than 16 months old) received Measles immunisation (Second Dose),TOTAL,43271,835,1941,1301,2756,567,1476,1021,2479,1672,277,1616,1157,1555,1323,1624,2318,1194,2355,819,1461,1557,4518,1045,1275,2463,1665,1001
M10 [CHILD IMMUNIZATION],10.1A,No. of Children aged 9 to 12 months who received JE 1st dose,TOTAL,30431,56,1763,147,166,79,1474,1164,0,1733,189,1681,1302,952,1473,3,2334,633,0,0,1571,1008,4688,919,1544,2583,1992,977
M10 [CHILD IMMUNIZATION],10.1.13.a,Total number of male children (9 to 11 months old) fully immunised (BCG+DPT123/Pentavalent123+OPV123+Measles) during the month,TOTAL,24335,479,1228,605,1407,331,820,618,1671,940,146,859,610,662,808,975,1261,710,1097,630,821,898,2497,596,765,1271,1079,551
M10 [CHILD IMMUNIZATION],10.1.13.b,Total number of female children (9 to 11 months old) fully immunised (BCG+DPT123/Pentavalent123+OPV123+Measles) during the month,TOTAL,22628,455,1112,589,1288,330,707,588,1639,865,122,809,558,652,656,902,1081,729,997,556,772,870,2247,520,775,1291,1009,509
M10 [CHILD IMMUNIZATION],10.1.13.c,Total number of children (9 to 11 months old) fully immunised (BCG+DPT123/Pentavalent123+OPV123+Measles) during the month (sum of items 10.1.13.a and 10.1.13.b),TOTAL,46963,934,2340,1194,2695,661,1527,1206,3310,1805,268,1668,1168,1314,1464,1877,2342,1439,2094,1186,1593,1768,4744,1116,1540,2562,2088,1060
M10 [CHILD IMMUNIZATION],10.2.1,Number of Infants (more than 16 months old) received DPT Booster dose,TOTAL,46140,1058,2330,1302,2973,581,1491,1144,2628,1791,277,1623,1303,1597,1458,1689,2386,1258,2347,1046,1454,1590,4795,1097,1304,2723,1803,1092
M10 [CHILD IMMUNIZATION],10.2.2,Number of Infants (more than 16 months old) received OPV Booster dose,TOTAL,45401,1058,2297,1302,2543,579,1419,1147,2631,1773,277,1630,1249,1594,1458,1685,2385,1241,2354,1042,1448,1599,4786,1102,1288,2655,1789,1070
M10 [CHILD IMMUNIZATION],10.2.3,"Number of Infants (more than 16 months old) received Measles, Mumps, Rubella (MMR) Vaccination",TOTAL,116,0,0,0,22,0,0,0,0,74,0,0,0,0,0,17,0,0,0,0,0,0,0,0,0,3,0,0
M10 [CHILD IMMUNIZATION],10.3.1.a,Total number of male children (12 to 23 months old) fully immunised (BCG+DPT123/Pentavalent123+OPV123+Measles) during the month,TOTAL,5446,19,202,6,226,108,42,100,648,96,119,352,97,53,28,291,207,126,525,185,74,201,986,43,264,319,66,63
M10 [CHILD IMMUNIZATION],10.3.1.b,Total number of female children (12 to 23 months old) fully immunised (BCG+DPT123/Pentavalent123+OPV123+Measles) during the month,TOTAL,5111,25,184,10,213,104,34,96,595,88,100,290,110,50,27,269,209,108,503,123,66,198,951,50,242,327,69,70
M10 [CHILD IMMUNIZATION],10.3.1.c,Total number of children (12 to 23 months old) fully immunised (BCG+DPT123+OPV123/Pentavalent123+Measles) during the month (sum of items 10.3.1.a and 10.3.1.b),TOTAL,10557,44,386,16,439,212,76,196,1243,184,219,642,207,103,55,560,416,234,1028,308,140,399,1937,93,506,646,135,133
M10 [CHILD IMMUNIZATION],10.3.2,Number of children (more than 5 years old) given DT5,TOTAL,20004,438,927,321,1750,202,638,333,892,796,87,545,555,633,953,1145,1111,521,814,349,754,869,1873,436,549,1226,774,513
M10 [CHILD IMMUNIZATION],10.3.3,Number of children (more than 10 years old) given TT10,TOTAL,16618,305,798,187,1489,149,552,247,675,616,143,375,511,706,850,826,838,501,879,349,621,747,1468,425,404,1143,536,278
M10 [CHILD IMMUNIZATION],10.3.4,Number of children (more than 16 years old) given TT16,TOTAL,12833,229,664,104,1199,126,455,151,484,292,140,285,393,572,643,627,629,482,717,350,448,572,995,345,312,1049,373,197
M10 [CHILD IMMUNIZATION],10.3.5.a,Number of cases of Abscess reported following immunisation [Adverse Event Following Immunisation (AEFI)],TOTAL,10,2,0,0,0,0,2,2,0,0,0,0,0,0,0,0,0,0,0,0,0,0,0,0,0,1,0,3
M10 [CHILD IMMUNIZATION],10.3.5.b,Number of cases of Death reported following immunisation [Adverse Event Following Immunisation (AEFI)],TOTAL,0,0,0,0,0,0,0,0,0,0,0,0,0,0,0,0,0,0,0,0,0,0,0,0,0,0,0,0
M10 [CHILD IMMUNIZATION],10.3.5.c,Number of cases of other complications reported following immunisation [Adverse Event Following Immunisation (AEFI)],TOTAL,262,30,3,0,0,0,90,10,0,0,51,0,0,0,3,0,0,0,4,0,0,0,5,26,0,2,0,38
M10 [CHILD IMMUNIZATION],10.4.1,Number of Immunisation sessions planned to be held during the month,TOTAL,27707,804,1286,631,1597,464,890,699,1437,1012,386,894,1182,668,1002,653,1046,1098,1147,937,1282,916,2221,753,1145,1786,1004,767
M10 [CHILD IMMUNIZATION],10.4.2,Number of Immunisation sessions held during the month,TOTAL,26973,778,1247,617,1543,450,859,649,1366,1007,359,861,1177,662,979,643,1034,1072,1129,914,1243,892,2168,742,1098,1734,997,753
M10 [CHILD IMMUNIZATION],10.4.3,Number of Immunisation sessions held during the month where ASHAs were present,TOTAL,26242,778,1240,561,1506,449,814,645,1319,991,339,829,1166,612,941,632,1032,1058,1076,904,1227,887,2070,690,1060,1690,979,747
M10 [CHILD IMMUNIZATION],10.5.1,Number of children (more than 16 months old) received Japanese Encephalitis (JE) vaccination,TOTAL,25934,31,1505,35,113,9,1157,888,0,1600,0,1034,1234,416,1318,0,2297,292,13,0,1367,882,4453,670,1288,2600,1702,1030
M11 [Number of Vitamin A doses],11.1.1,Number of children (9 months to 5 years old) administered 1st dose of Vitamin A (Dose-1),TOTAL,43033,942,2045,1176,2543,664,1469,956,3162,1585,268,1637,1049,1491,1459,1559,2046,1211,2227,1149,1463,1410,4810,928,1337,2087,1358,1002
M11 [Number of Vitamin A doses],11.1.2,Number of children (9 months to 5 years old) were administered 5th dose of Vitamin A (Dose-5),TOTAL,11389,192,520,114,978,67,447,203,751,442,89,254,286,285,609,523,505,176,568,275,488,305,1590,174,394,680,286,188
M11 [Number of Vitamin A doses],11.1.3,Number of children (9 months to 5 years old) administered 9th dose of Vitamin A (Dose-9),TOTAL,12583,251,625,154,1111,91,501,209,703,505,60,288,338,306,678,551,771,273,436,225,444,446,1693,339,328,495,434,328
M12 [Number of cases of Childhood Diseases reported during the month0-5 years:],12.1,Number of cases of Diptheria reported in children below 5 years of age,TOTAL,0,0,0,0,0,0,0,0,0,0,0,0,0,0,0,0,0,0,0,0,0,0,0,0,0,0,0,0
M12 [Number of cases of Childhood Diseases reported during the month0-5 years:],12.2,Number of cases of Pertusis reported in children below 5 years of age,TOTAL,0,0,0,0,0,0,0,0,0,0,0,0,0,0,0,0,0,0,0,0,0,0,0,0,0,0,0,0
M12 [Number of cases of Childhood Diseases reported during the month0-5 years:],12.3,Number of cases of Tetanus neonatarum reported in children below 5 years of age,TOTAL,1,0,0,0,0,0,1,0,0,0,0,0,0,0,0,0,0,0,0,0,0,0,0,0,0,0,0,0
M12 [Number of cases of Childhood Diseases reported during the month0-5 years:],12.4,Number of cases of Tetanus other than neonatarum reported in children below 5 years of age,TOTAL,0,0,0,0,0,0,0,0,0,0,0,0,0,0,0,0,0,0,0,0,0,0,0,0,0,0,0,0
M12 [Number of cases of Childhood Diseases reported during the month0-5 years:],12.5,Number of cases of Polio reported in children below 5 years of age,TOTAL,0,0,0,0,0,0,0,0,0,0,0,0,0,0,0,0,0,0,0,0,0,0,0,0,0,0,0,0
M12 [Number of cases of Childhood Diseases reported during the month0-5 years:],12.6,Number of cases of Measles reported in children below 5 years of age,TOTAL,232,7,3,0,3,2,7,18,15,6,3,3,23,14,0,3,4,6,25,5,14,0,36,17,2,3,5,8
M12 [Number of cases of Childhood Diseases reported during the month0-5 years:],12.7,Number of cases of Diarrhoea and Dehydration reported in children below 5 years of age,TOTAL,8246,136,162,17,263,157,529,350,330,306,320,182,168,399,288,243,183,342,592,60,524,257,646,400,359,242,609,182
M12 [Number of cases of Childhood Diseases reported during the month0-5 years:],12.8,Number of cases of Malaria reported in children below 5 years of age,TOTAL,99,1,0,0,0,6,0,1,1,0,18,5,0,0,0,2,0,22,0,1,3,0,3,2,0,1,0,33
M12 [Number of cases of Childhood Diseases reported during the month0-5 years:],12.9,Number of children below 5 years of age admitted with Respiratory Infections,TOTAL,2779,18,20,22,0,135,87,6,307,0,105,46,59,74,51,226,0,61,35,13,261,19,59,435,11,52,328,349
M13 [Blindness Control Programme],13.1,Number of Patients operated for cataract,TOTAL,1639,0,0,0,44,0,0,5,67,45,2,118,87,0,135,133,63,86,96,111,54,80,122,129,112,34,70,46
M13 [Blindness Control Programme],13.2,Number of Intraocular Lens(IOL) implantations,TOTAL,1278,0,0,0,44,0,0,0,67,38,2,118,87,0,99,5,56,86,90,111,54,0,119,129,107,31,13,22
M13 [Blindness Control Programme],13.3,Number of School children detected with Refractive errors,TOTAL,696,4,12,0,0,6,10,121,0,15,34,8,19,0,10,0,104,35,0,0,32,0,54,71,12,81,44,24
M13 [Blindness Control Programme],13.4,Number of children provided free glasses,TOTAL,383,0,8,0,0,0,0,34,0,15,0,0,3,0,5,0,44,19,0,0,27,2,0,25,5,179,17,0
M13 [Blindness Control Programme],13.5,Number of eyes collected through eye donation,TOTAL,1,0,0,NA,0,0,0,0,0,0,0,0,1,0,0,0,0,0,0,0,0,0,0,0,0,0,0,0
M13 [Blindness Control Programme],13.6,Number of eyes utilised for corneal transplant,TOTAL,5,0,0,NA,0,0,0,0,4,0,0,0,1,0,0,0,0,0,0,0,0,0,0,0,0,0,0,0
M14 [Patient Services],14.01,Number of CHC or SDH or DH functioning as First Referral units (FRUs),TOTAL,51,NA,2,3,1,1,3,NA,3,1,NA,1,1,NA,2,2,7,NA,1,1,1,1,7,2,4,3,4,NA
M14 [Patient Services],14.02,Number of PHCs functioning 24X7 with atleast 3 Staff Nurses,TOTAL,381,13,9,16,22,3,11,13,19,11,6,21,18,6,21,9,18,14,9,20,16,13,25,14,16,18,13,7
M14 [Patient Services],14.03,Number of Anganwadi centres reported to have conducted VHNDs,TOTAL,23426,726,956,533,1369,414,690,668,1182,900,196,562,1030,594,731,198,1467,869,1051,771,1060,842,2019,523,904,1629,870,672
M14 [Patient Services],14.04,Number of facilities having a Rogi Kalyan Samiti (RKS),TOTAL,139,4,5,4,2,3,4,5,6,3,3,6,5,2,5,4,13,6,2,2,9,5,11,8,4,8,7,3
M14 [Patient Services],14.05,Number of RKS meetings held during the month,TOTAL,370,24,8,16,6,10,12,5,19,3,4,20,15,3,17,13,26,5,10,20,6,22,14,23,20,24,17,8
M14 [Patient Services],14.06,Number of facilities having Ambulance services (Assured Referral Services),TOTAL,569,28,14,15,27,11,17,15,24,15,10,22,29,8,22,10,24,24,16,18,32,19,24,23,25,47,17,33
M14 [Patient Services],14.07,Total Number of times the Ambulance was used for transporting patients during the month,TOTAL,5795,272,52,72,244,224,76,28,441,61,31,161,523,156,58,17,183,95,157,171,275,286,128,103,908,512,244,317
M14 [Patient Services],14.08,Number of Institutions having Operational Sick New Born and Child Care Units (SNCU),TOTAL,24,NA,NA,1,NA,NA,1,1,1,1,NA,1,NA,1,2,2,1,NA,1,2,1,1,2,1,1,2,1,NA
M14 [Patient Services],14.09,Number of functional Laproscopes in CHC/SDH/DH,TOTAL,30,0,2,NA,0,0,1,0,3,0,0,0,0,3,3,0,0,1,1,0,6,2,1,1,3,1,2,0
M14 [Patient Services],14.09.a,Health Facility Services/Patient Services/Stock out rate of essential Drugs,TOTAL,NA,NA,NA,NA,NA,NA,NA,NA,NA,NA,NA,NA,NA,NA,NA,NA,NA,NA,NA,NA,NA,NA,NA,NA,NA,NA,NA,NA
M14 [Patient Services],14.09.b,Health Facility Services/Patient Services/Blood Units Issued on replacement,TOTAL,NA,NA,NA,NA,NA,NA,NA,NA,NA,NA,NA,NA,NA,NA,NA,NA,NA,NA,NA,NA,NA,NA,NA,NA,NA,NA,NA,NA
M14 [Patient Services],14.09.c,Health Facility Services/Patient Services/Total no. of blood units issued in year,TOTAL,NA,NA,NA,NA,NA,NA,NA,NA,NA,NA,NA,NA,NA,NA,NA,NA,NA,NA,NA,NA,NA,NA,NA,NA,NA,NA,NA,NA
M14 [Patient Services],14.10.1.a,Number of male patients admitted (Inpatients) during the month,1. Children,7464,46,376,39,95,3,257,119,347,408,124,187,494,165,622,203,187,290,301,79,590,557,294,289,332,682,227,151
M14 [Patient Services],14.10.1.a,Number of male patients admitted (Inpatients) during the month,2. Adults,31386,225,725,370,2231,25,953,293,1423,3095,373,548,1292,305,1604,5192,415,591,570,511,1185,816,2539,655,1463,1834,1656,497
M14 [Patient Services],14.10.1.b,Number of female patients (Inpatients) admitted during the month,1. Children,7943,99,464,50,90,2,294,66,305,546,126,158,574,439,426,158,261,312,368,53,501,513,369,234,267,876,202,190
M14 [Patient Services],14.10.1.b,Number of female patients (Inpatients) admitted during the month,2. Adults,48127,937,1130,605,3673,84,1794,937,1909,3197,567,1559,1733,1417,2258,5216,886,1453,1153,1126,2003,1484,3216,1109,2623,3473,1641,944
M14 [Patient Services],14.10.1.c,Total number of patients admitted (Inpatients) during the month (sum of items 14.10.1.a and 14.10.1.b),1. Children,15407,145,840,89,185,5,551,185,652,954,250,345,1068,604,1048,361,448,602,669,132,1091,1070,663,523,599,1558,429,341
M14 [Patient Services],14.10.1.c,Total number of patients admitted (Inpatients) during the month (sum of items 14.10.1.a and 14.10.1.b),2. Adults,79513,1162,1855,975,5904,109,2747,1230,3332,6292,940,2107,3025,1722,3862,10408,1301,2044,1723,1637,3188,2300,5755,1764,4086,5307,3297,1441
M14 [Patient Services],14.10.2.a,Number of death cases of Inpatient males,TOTAL,372,0,46,0,0,0,11,16,29,0,5,24,29,16,26,0,2,22,25,13,23,6,38,5,17,1,13,5
M14 [Patient Services],14.10.2.b,Number of death cases of Inpatient females,TOTAL,276,1,24,0,3,0,10,7,19,0,7,19,17,8,29,1,0,20,24,9,19,4,29,2,10,1,9,4
M14 [Patient Services],14.10.2.c,Number of cases of death of Inpatients (sum of items 14.10.2.a and 14.10.2.b),TOTAL,648,1,70,0,3,0,21,23,48,0,12,43,46,24,55,1,2,42,49,22,42,10,67,7,27,2,22,9
M14 [Patient Services],14.11,In-Patient Head Count at midnight,TOTAL,58226,78,2476,0,606,0,2257,3117,156,129,3314,4952,367,1180,112,5985,1016,5418,1841,1389,8861,3269,1784,3567,2298,3043,76,935
M14 [Patient Services],14.12.1,OPD attendance (All),TOTAL,2411158,53580,90483,53878,102383,26797,54195,50411,124929,209471,18311,73839,97532,32354,93711,122655,113687,51553,52424,41231,79298,71213,156277,69542,141034,202515,147774,80081
M14 [Patient Services],14.13.1,Number of major operations carried out using general or spinal anaesthesia,TOTAL,2870,0,487,21,144,0,39,152,0,93,54,133,49,0,201,116,190,16,93,77,123,138,126,102,9,275,232,0
M14 [Patient Services],14.13.1A,"Out of 14.13.1,Gynecology- Hysterectomy surgeries",TOTAL,272,0,24,NA,81,0,0,0,0,2,0,0,1,0,0,5,0,5,0,6,0,2,1,102,0,39,4,0
M14 [Patient Services],14.13.1.B,"Patient Services/Operation major (General and spinal anaesthesia)/Major Surgeries excluding Obstetrics, Gynaecology and Opthalmology etc",TOTAL,NA,NA,NA,NA,NA,NA,NA,NA,NA,NA,NA,NA,NA,NA,NA,NA,NA,NA,NA,NA,NA,NA,NA,NA,NA,NA,NA,NA
M14 [Patient Services],14.13.2,Number of minor operations carried out without anaesthesia or using local anaesthesia,TOTAL,1090,7,57,21,10,0,32,2,30,27,33,98,31,7,130,29,177,7,137,29,33,0,16,17,21,32,70,37
M14 [Patient Services],14.13.3,Health Facility Services/Patient Services/Number of post operative Surgical Site infection,TOTAL,NA,NA,NA,NA,NA,NA,NA,NA,NA,NA,NA,NA,NA,NA,NA,NA,NA,NA,NA,NA,NA,NA,NA,NA,NA,NA,NA,NA
M14 [Patient Services],14.14.a,Number of patients given AYUSH treatment,TOTAL,51447,4720,0,107,81,528,1894,4261,1139,2209,625,10707,790,214,716,1737,4056,619,1046,360,268,0,1200,11141,1080,1313,190,446
M14 [Patient Services],14.14.b,Number of patients on whom Dental Procedure was conducted,TOTAL,12359,130,117,134,364,0,239,336,325,0,26,1115,1537,0,909,471,695,238,748,308,551,161,169,1562,937,726,447,114
M14 [Patient Services],14.14.c,Number of Adolescents counselled,TOTAL,1183,54,72,0,0,214,144,0,0,0,22,108,57,0,0,10,169,24,0,0,0,0,0,0,0,0,309,0
M15 [Laboratory Testing],15.1.a,Health Facility Services/Laboratory Testing/Total Number of lab Tests Done,TOTAL,NA,NA,NA,NA,NA,NA,NA,NA,NA,NA,NA,NA,NA,NA,NA,NA,NA,NA,NA,NA,NA,NA,NA,NA,NA,NA,NA,NA
M15 [Laboratory Testing],15.1.1.a,Number of Haemoglobin (Hb) tests conducted,TOTAL,144945,4091,7157,2784,14360,840,2422,3763,9903,5746,470,6164,5320,4613,4491,3900,10689,1867,4637,2091,6701,5954,9561,4834,3883,10175,6398,2131
M15 [Laboratory Testing],15.1.1.b,"Out of the total number of Hb tests conducted, number of cases having Hb less than 7gm/dl",TOTAL,2836,38,38,21,716,17,128,29,67,140,21,32,29,13,80,61,35,18,99,110,116,407,100,6,92,119,254,50
M15 [Laboratory Testing],15.1.2.a,Number of HIV tests conducted on males,1. Number tested,5904,184,303,300,23,0,48,273,62,75,37,387,240,176,344,173,478,190,268,228,394,97,354,222,192,704,132,20
M15 [Laboratory Testing],15.1.2.a,Number of HIV tests conducted on males,2. Number Positive,29,0,1,1,2,0,0,0,0,0,1,0,2,1,2,1,3,0,4,1,0,1,2,1,0,5,1,0
M15 [Laboratory Testing],15.1.2.b,Number of HIV tests conducted on Female-Non ANC (i.e. non pregnant females),1. Number tested,5397,193,342,271,17,0,143,156,326,121,85,105,123,182,231,94,312,21,105,213,337,170,700,223,235,534,129,29
M15 [Laboratory Testing],15.1.2.b,Number of HIV tests conducted on Female-Non ANC (i.e. non pregnant females),2. Number Positive,10,0,1,0,0,0,0,0,0,0,0,0,2,0,2,1,0,0,1,0,0,0,2,0,0,0,1,0
M15 [Laboratory Testing],15.1.2.c,Number of HIV tests conducted on Female with ANC (i.e. pregnant females),1. Number tested,21123,201,1024,679,734,0,540,870,500,729,188,705,850,312,904,1626,1813,522,522,653,847,555,1811,840,873,1984,675,166
M15 [Laboratory Testing],15.1.2.c,Number of HIV tests conducted on Female with ANC (i.e. pregnant females),2. Number Positive,12,0,0,0,3,0,0,0,0,0,0,0,1,0,0,3,0,1,2,0,0,0,0,1,0,1,0,0
M15 [Laboratory Testing],15.1.2.d,Total number of HIV tests conducted (sum of items 15.1.2.a to 15.1.2.c),1. Number tested,32424,578,1669,1250,774,0,731,1299,888,925,310,1197,1213,670,1479,1893,2603,733,895,1094,1578,822,2865,1285,1300,3222,936,215
M15 [Laboratory Testing],15.1.2.d,Total number of HIV tests conducted (sum of items 15.1.2.a to 15.1.2.c),2. Number Positive,51,0,2,1,5,0,0,0,0,0,1,0,5,1,4,5,3,1,7,1,0,1,4,2,0,6,2,0
M15 [Laboratory Testing],15.2,Number of Widal tests conducted,Number tested,7267,330,227,196,78,412,191,682,115,29,24,611,161,186,227,271,663,74,188,148,561,244,273,481,183,435,42,235
M15 [Laboratory Testing],15.3.a,Number of VDRL tests conducted on males,Number tested,1265,154,3,0,119,1,3,134,34,0,0,48,0,0,7,1,30,1,118,84,326,0,112,45,0,25,20,0
M15 [Laboratory Testing],15.3.b,Number of VDRL tests conducted on Female-Non ANC (i.e. non pregnant females),Number tested,2644,97,0,0,26,2,118,128,287,0,0,521,0,0,192,22,14,0,245,176,2,0,272,173,0,181,162,26
M15 [Laboratory Testing],15.3.c,Number of VDRL tests conducted on Female with ANC (i.e. pregnant females),Number tested,11830,96,715,388,563,5,369,721,437,128,37,124,269,7,783,347,2124,88,372,53,539,189,960,634,40,1303,358,181
M15 [Laboratory Testing],15.3.d,Total number of VDRL tests conducted (sum of items 15.3.a to 15.3.c),Number tested,15739,347,718,388,708,8,490,983,758,128,37,693,269,7,982,370,2168,89,735,313,867,189,1344,852,40,1509,540,207
M15 [Laboratory Testing],15.4.1,Number of blood smears examined for Malaria,TOTAL,231881,9544,7576,12887,11480,3033,2981,5238,8817,11157,1654,6832,10315,5375,6413,3507,24253,7026,4331,6669,9026,8611,20681,6119,10597,15069,7207,5483
M15 [Laboratory Testing],15.4.2,"Out of blood smears examined for malaria, number of blood smears tested positive for Plasmodium Vivax",TOTAL,1129,13,22,1,17,5,7,1,1,2,10,12,0,10,2,1,8,31,16,315,2,2,536,0,0,18,9,88
M15 [Laboratory Testing],15.4.3,"Out of blood smears examined for malaria, number of blood smears tested positive for Plasmodium Falciparum",TOTAL,785,10,2,5,12,24,0,3,27,9,70,56,8,14,6,5,12,358,18,17,9,0,7,2,1,28,8,74
M16 [Stock Position (During the month)],16.1.1,Stock position of DPT vaccines,1. Balance From Previous Month,410432,5550,13980,12500,22060,4000,11410,17490,26000,4114,NA,33580,16500,3800,NA,18210,NA,13120,16500,37920,29300,883,49100,16708,4699,1450,6908,44650
M16 [Stock Position (During the month)],16.1.1,Stock position of DPT vaccines,2. Stocks Received,63500,3000,10000,NA,15000,4000,0,0,0,0,NA,0,0,0,NA,0,NA,0,0,0,5000,0,20000,5000,0,1500,0,0
M16 [Stock Position (During the month)],16.1.1,Stock position of DPT vaccines,3. Unusable Stock,0,0,NA,NA,NA,NA,NA,0,NA,0,NA,0,NA,0,NA,0,NA,NA,0,0,0,0,NA,0,0,0,0,NA
M16 [Stock Position (During the month)],16.1.1,Stock position of DPT vaccines,4. Stock Distributed,87300,7350,7300,2300,11750,1500,1600,3040,2500,502,NA,4950,7500,125,NA,4490,NA,3650,6500,4000,0,625,12100,3911,514,670,423,0
M16 [Stock Position (During the month)],16.1.1,Stock position of DPT vaccines,5. Total Stock,386632,1200,16680,10200,25310,6500,9810,14450,23500,3612,0,28630,9000,3675,0,13720,0,9470,10000,33920,34300,258,57000,17797,4185,2280,6485,44650
M16 [Stock Position (During the month)],16.1.1A,Stock Position of Pentavalent,1. Balance From Previous Month,107212,350,990,15800,NA,2420,9000,12800,NA,460,NA,9300,0,NA,NA,0,NA,11530,14000,NA,12000,649,10200,NA,377,1100,1736,4500
M16 [Stock Position (During the month)],16.1.1A,Stock Position of Pentavalent,2. Stocks Received,58800,9000,12000,NA,NA,NA,9000,0,NA,900,NA,0,0,NA,NA,0,NA,0,9000,NA,9000,0,9000,NA,600,300,0,0
M16 [Stock Position (During the month)],16.1.1A,Stock Position of Pentavalent,3. Unusable Stock,0,0,NA,NA,NA,NA,NA,0,NA,0,NA,0,NA,NA,NA,0,NA,NA,0,NA,0,0,NA,NA,0,0,0,NA
M16 [Stock Position (During the month)],16.1.1A,Stock Position of Pentavalent,4. Stock Distributed,80534,7600,9050,4700,NA,1210,7000,5800,NA,492,NA,9300,0,NA,NA,0,NA,6110,16000,NA,0,630,9000,NA,591,100,701,2250
M16 [Stock Position (During the month)],16.1.1A,Stock Position of Pentavalent,5. Total Stock,85478,1750,3940,11100,0,1210,11000,7000,0,868,0,0,0,0,0,0,0,5420,7000,0,21000,19,10200,0,386,1300,1035,2250
M16 [Stock Position (During the month)],16.1.2,Stock position of OPV vaccines,1. Balance From Previous Month,765756,4000,8420,22000,13020,0,44600,17300,31500,506,NA,23560,13000,550,NA,9460,NA,22120,28500,27980,384740,708,81640,20545,997,225,1795,8590
M16 [Stock Position (During the month)],16.1.2,Stock position of OPV vaccines,2. Stocks Received,277550,16000,20000,NA,30000,10000,10000,0,20000,1300,NA,0,15000,0,NA,20000,NA,0,40000,14000,16000,0,40000,10000,750,1500,1000,12000
M16 [Stock Position (During the month)],16.1.2,Stock position of OPV vaccines,3. Unusable Stock,0,0,NA,NA,NA,NA,NA,0,NA,0,NA,0,NA,0,NA,0,NA,NA,0,0,0,0,NA,0,0,0,0,NA
M16 [Stock Position (During the month)],16.1.2,Stock position of OPV vaccines,4. Stock Distributed,294701,15300,19300,10400,12920,6500,12200,14100,4000,296,NA,15100,12000,275,NA,21320,NA,15660,51000,17500,0,700,40000,15041,1010,750,829,8500
M16 [Stock Position (During the month)],16.1.2,Stock position of OPV vaccines,5. Total Stock,748605,4700,9120,11600,30100,3500,42400,3200,47500,1510,0,8460,16000,275,0,8140,0,6460,17500,24480,400740,8,81640,15504,737,975,1966,12090
M16 [Stock Position (During the month)],16.1.3,Stock position of TT vaccines,1. Balance From Previous Month,363835,4000,1860,15400,16100,0,28260,10500,14500,827,NA,46800,14000,2885,NA,14680,NA,19980,24500,22900,24500,1256,22700,20244,1455,1450,1738,53300
M16 [Stock Position (During the month)],16.1.3,Stock position of TT vaccines,2. Stocks Received,98500,6000,15000,NA,10000,10000,0,0,0,1500,NA,0,10000,0,NA,0,NA,0,10000,0,0,0,20000,5000,0,1000,0,10000
M16 [Stock Position (During the month)],16.1.3,Stock position of TT vaccines,3. Unusable Stock,0,0,NA,NA,NA,NA,NA,0,NA,0,NA,0,NA,0,NA,0,NA,NA,0,0,0,0,NA,0,0,0,0,NA
M16 [Stock Position (During the month)],16.1.3,Stock position of TT vaccines,4. Stock Distributed,147484,5500,8700,5500,13800,4000,7000,6600,2500,774,NA,10600,9800,125,NA,5580,NA,9980,15500,7850,0,910,20000,6234,719,1123,689,4000
M16 [Stock Position (During the month)],16.1.3,Stock position of TT vaccines,5. Total Stock,314851,4500,8160,9900,12300,6000,21260,3900,12000,1553,0,36200,14200,2760,0,9100,0,10000,19000,15050,24500,346,22700,19010,736,1327,1049,59300
M16 [Stock Position (During the month)],16.1.4,Stock position of DT vaccines,1. Balance From Previous Month,2920,0,NA,NA,0,NA,2920,0,0,NA,NA,NA,0,0,NA,0,NA,NA,0,0,0,NA,NA,NA,0,0,0,NA
M16 [Stock Position (During the month)],16.1.4,Stock position of DT vaccines,2. Stocks Received,0,0,NA,NA,0,NA,NA,0,0,NA,NA,NA,0,0,NA,0,NA,NA,0,0,0,NA,NA,NA,0,0,0,NA
M16 [Stock Position (During the month)],16.1.4,Stock position of DT vaccines,3. Unusable Stock,0,0,NA,NA,NA,NA,NA,0,NA,NA,NA,NA,NA,0,NA,0,NA,NA,0,0,0,NA,NA,NA,0,0,0,NA
M16 [Stock Position (During the month)],16.1.4,Stock position of DT vaccines,4. Stock Distributed,0,0,NA,NA,0,NA,NA,0,0,NA,NA,NA,0,0,NA,0,NA,NA,0,0,0,NA,NA,NA,0,0,0,NA
M16 [Stock Position (During the month)],16.1.4,Stock position of DT vaccines,5. Total Stock,2920,0,0,0,0,0,2920,0,0,0,0,0,0,0,0,0,0,0,0,0,0,0,0,0,0,0,0,0
M16 [Stock Position (During the month)],16.1.5,Stock position of BCG vaccines,1. Balance From Previous Month,226785,0,4460,6450,18400,850,16950,20550,10000,2800,NA,22680,2500,1700,NA,1660,NA,13810,19750,11620,16400,830,43050,9620,965,250,490,1000
M16 [Stock Position (During the month)],16.1.5,Stock position of BCG vaccines,2. Stocks Received,119800,7000,10000,NA,15000,6000,4000,0,10000,800,NA,0,8000,0,NA,10000,NA,0,10000,7000,8000,0,10000,5000,800,1200,1000,6000
M16 [Stock Position (During the month)],16.1.5,Stock position of BCG vaccines,3. Unusable Stock,0,0,NA,NA,NA,NA,NA,0,NA,0,NA,0,NA,0,NA,0,NA,NA,0,0,0,0,NA,0,0,0,0,NA
M16 [Stock Position (During the month)],16.1.5,Stock position of BCG vaccines,4. Stock Distributed,114690,6000,7100,5600,7400,4000,4500,4500,2500,715,NA,7300,5500,200,NA,8460,NA,6850,16500,6750,0,660,10000,3870,577,900,808,4000
M16 [Stock Position (During the month)],16.1.5,Stock position of BCG vaccines,5. Total Stock,231895,1000,7360,850,26000,2850,16450,16050,17500,2885,0,15380,5000,1500,0,3200,0,6960,13250,11870,24400,170,43050,10750,1188,550,682,3000
M16 [Stock Position (During the month)],16.1.6,Stock position of Measles vaccines,1. Balance From Previous Month,152137,0,180,6050,5175,950,13910,4270,16900,1923,NA,9500,0,1050,NA,3355,NA,10595,11500,16100,4250,1785,24630,3240,881,500,2143,13250
M16 [Stock Position (During the month)],16.1.6,Stock position of Measles vaccines,2. Stocks Received,82500,5000,10000,NA,10000,5000,2500,0,0,1000,NA,0,10000,0,NA,5000,NA,0,5000,0,0,0,10000,10000,2000,2000,0,5000
M16 [Stock Position (During the month)],16.1.6,Stock position of Measles vaccines,3. Unusable Stock,0,0,NA,NA,NA,NA,NA,0,NA,0,NA,0,NA,0,NA,0,NA,NA,0,0,0,0,NA,0,0,0,0,NA
M16 [Stock Position (During the month)],16.1.6,Stock position of Measles vaccines,4. Stock Distributed,89986,4650,5200,3300,5175,2250,4000,3550,1000,1505,NA,8250,5400,250,NA,5340,NA,4640,9500,2500,0,1085,12400,3810,1174,1269,738,3000
M16 [Stock Position (During the month)],16.1.6,Stock position of Measles vaccines,5. Total Stock,144651,350,4980,2750,10000,3700,12410,720,15900,1418,0,1250,4600,800,0,3015,0,5955,7000,13600,4250,700,22230,9430,1707,1231,1405,15250
M16 [Stock Position (During the month)],16.1.7,Stock position of JE vaccines,1. Balance From Previous Month,308704,44000,4300,69500,0,0,1400,4000,0,676,NA,15600,1000,3350,NA,0,NA,11500,0,0,42650,1218,22550,7655,1549,46000,1206,30550
M16 [Stock Position (During the month)],16.1.7,Stock position of JE vaccines,2. Stocks Received,69140,0,10000,NA,0,NA,5000,0,0,2000,NA,0,5000,0,NA,0,NA,0,23540,0,10000,0,0,5000,1000,5600,2000,0
M16 [Stock Position (During the month)],16.1.7,Stock position of JE vaccines,3. Unusable Stock,0,0,NA,NA,NA,NA,NA,0,NA,0,NA,0,NA,0,NA,0,NA,NA,0,0,0,0,NA,NA,0,0,0,NA
M16 [Stock Position (During the month)],16.1.7,Stock position of JE vaccines,4. Stock Distributed,37373,0,3050,1500,0,0,1900,3670,0,946,NA,4150,3200,75,NA,0,NA,5750,0,0,0,580,4250,3070,1116,50,1316,2750
M16 [Stock Position (During the month)],16.1.7,Stock position of JE vaccines,5. Total Stock,340471,44000,11250,68000,0,0,4500,330,0,1730,0,11450,2800,3275,0,0,0,5750,23540,0,52650,638,18300,9585,1433,51550,1890,27800
M16 [Stock Position (During the month)],16.1.8,Stock position of Hepatitis B vaccines,1. Balance From Previous Month,272158,450,8460,21100,16000,0,6500,14250,16600,2623,NA,9940,16500,3325,NA,12350,NA,8440,22000,34970,12830,856,30000,22250,2800,600,2414,6900
M16 [Stock Position (During the month)],16.1.8,Stock position of Hepatitis B vaccines,2. Stocks Received,47900,0,0,NA,10000,7500,0,0,0,0,NA,0,0,0,NA,0,NA,0,0,0,5000,0,20000,5000,400,0,0,0
M16 [Stock Position (During the month)],16.1.8,Stock position of Hepatitis B vaccines,3. Unusable Stock,0,0,NA,NA,NA,NA,NA,0,NA,0,NA,0,NA,0,NA,0,NA,NA,0,0,0,0,NA,0,0,0,0,NA
M16 [Stock Position (During the month)],16.1.8,Stock position of Hepatitis B vaccines,4. Stock Distributed,64160,NA,1750,2500,9600,4240,4500,1000,2000,332,NA,2350,7500,50,NA,4100,NA,3260,3500,2050,0,618,10500,2643,184,377,106,1000
M16 [Stock Position (During the month)],16.1.8,Stock position of Hepatitis B vaccines,5. Total Stock,255898,450,6710,18600,16400,3260,2000,13250,14600,2291,0,7590,9000,3275,0,8250,0,5180,18500,32920,17830,238,39500,24607,3016,223,2308,5900
M16 [Stock Position (During the month)],16.2.1,Stock Position of IU 380 A (to be used for Family Planning),1. Balance From Previous Month,5077,0,681,NA,1540,NA,0,1105,0,0,NA,0,0,0,NA,NA,NA,151,350,0,0,NA,NA,NA,0,300,950,NA
M16 [Stock Position (During the month)],16.2.1,Stock Position of IU 380 A (to be used for Family Planning),2. Stocks Received,3500,1200,0,NA,0,NA,NA,0,900,0,NA,200,1200,0,NA,NA,NA,0,0,0,0,NA,NA,NA,0,0,0,NA
M16 [Stock Position (During the month)],16.2.1,Stock Position of IU 380 A (to be used for Family Planning),3. Unusable Stock,0,0,NA,NA,NA,NA,NA,0,NA,0,NA,0,NA,0,NA,NA,NA,NA,0,0,0,NA,NA,NA,0,0,0,NA
M16 [Stock Position (During the month)],16.2.1,Stock Position of IU 380 A (to be used for Family Planning),4. Stock Distributed,2550,0,0,NA,100,NA,NA,200,900,0,NA,0,800,0,NA,NA,NA,0,250,0,0,NA,NA,NA,0,50,250,NA
M16 [Stock Position (During the month)],16.2.1,Stock Position of IU 380 A (to be used for Family Planning),5. Total Stock,6027,1200,681,0,1440,0,0,905,0,0,0,200,400,0,0,0,0,151,100,0,0,0,0,0,0,250,700,0
M16 [Stock Position (During the month)],16.2.2,Stock Position of Condoms (to be used for Family Planning),1. Balance From Previous Month,154660,0,0,NA,0,540,9000,41080,0,29820,NA,13800,500,12560,NA,NA,NA,0,5040,500,0,0,NA,NA,0,4000,19440,18380
M16 [Stock Position (During the month)],16.2.2,Stock Position of Condoms (to be used for Family Planning),2. Stocks Received,321360,150000,0,NA,0,NA,NA,0,95760,0,NA,50400,10080,15120,NA,NA,NA,0,0,0,0,0,NA,NA,0,0,0,NA
M16 [Stock Position (During the month)],16.2.2,Stock Position of Condoms (to be used for Family Planning),3. Unusable Stock,0,0,NA,NA,NA,NA,NA,0,NA,0,NA,0,NA,0,NA,NA,NA,NA,0,0,0,0,NA,NA,0,0,0,NA
M16 [Stock Position (During the month)],16.2.2,Stock Position of Condoms (to be used for Family Planning),4. Stock Distributed,167440,0,0,NA,0,NA,NA,5040,95760,0,NA,46780,5500,2520,NA,NA,NA,0,5040,0,0,0,NA,NA,0,0,800,6000
M16 [Stock Position (During the month)],16.2.2,Stock Position of Condoms (to be used for Family Planning),5. Total Stock,308580,150000,0,0,0,540,9000,36040,0,29820,0,17420,5080,25160,0,0,0,0,0,500,0,0,0,0,0,4000,18640,12380
M16 [Stock Position (During the month)],16.2.3,Stock Position of Oral Contraceptive (to be used for Family Planning),1. Balance From Previous Month,250916,0,4700,NA,132540,NA,0,12599,0,0,NA,9100,1000,0,NA,NA,NA,71800,0,200,0,0,NA,NA,0,300,14477,4200
M16 [Stock Position (During the month)],16.2.3,Stock Position of Oral Contraceptive (to be used for Family Planning),2. Stocks Received,148400,88000,0,NA,0,NA,NA,0,29400,0,NA,16000,3000,12000,NA,NA,NA,0,0,0,0,0,NA,NA,0,0,0,0
M16 [Stock Position (During the month)],16.2.3,Stock Position of Oral Contraceptive (to be used for Family Planning),3. Unusable Stock,0,0,NA,NA,NA,NA,NA,0,NA,0,NA,0,NA,0,NA,NA,NA,NA,0,0,0,0,NA,NA,0,0,0,NA
M16 [Stock Position (During the month)],16.2.3,Stock Position of Oral Contraceptive (to be used for Family Planning),4. Stock Distributed,86050,0,0,NA,0,NA,NA,2000,29400,0,NA,13200,2050,0,NA,NA,NA,34800,0,0,0,0,NA,NA,0,0,1000,3600
M16 [Stock Position (During the month)],16.2.3,Stock Position of Oral Contraceptive (to be used for Family Planning),5. Total Stock,313266,88000,4700,0,132540,0,0,10599,0,0,0,11900,1950,12000,0,0,0,37000,0,200,0,0,0,0,0,300,13477,600
M16 [Stock Position (During the month)],16.2.4,Stock Position of Emergency Contraceptive (to be used for Family Planning),1. Balance From Previous Month,50820,0,0,NA,0,NA,0,3570,0,8250,NA,5800,1000,200,NA,NA,NA,7200,2700,0,0,5200,NA,NA,0,0,14300,2600
M16 [Stock Position (During the month)],16.2.4,Stock Position of Emergency Contraceptive (to be used for Family Planning),2. Stocks Received,17300,500,0,NA,0,NA,NA,0,10000,0,NA,5000,0,1800,NA,NA,NA,0,0,0,0,0,NA,NA,0,0,0,0
M16 [Stock Position (During the month)],16.2.4,Stock Position of Emergency Contraceptive (to be used for Family Planning),3. Unusable Stock,0,0,NA,NA,NA,NA,NA,0,NA,0,NA,0,NA,0,NA,NA,NA,NA,0,0,0,0,NA,NA,0,0,0,NA
M16 [Stock Position (During the month)],16.2.4,Stock Position of Emergency Contraceptive (to be used for Family Planning),4. Stock Distributed,15500,0,0,NA,0,NA,NA,0,10000,0,NA,2000,1000,1000,NA,NA,NA,0,1500,0,0,0,NA,NA,0,0,0,0
M16 [Stock Position (During the month)],16.2.4,Stock Position of Emergency Contraceptive (to be used for Family Planning),5. Total Stock,52620,500,0,0,0,0,0,3570,0,8250,0,8800,0,1000,0,0,0,7200,1200,0,0,5200,0,0,0,0,14300,2600
M16 [Stock Position (During the month)],16.2.5,Stock Position of Tubal Rings (to be used for Family Planning),1. Balance From Previous Month,46525,0,2500,NA,2550,NA,400,12725,0,7300,NA,1600,0,3700,NA,NA,NA,2000,3000,500,0,NA,NA,NA,2400,1200,5750,900
M16 [Stock Position (During the month)],16.2.5,Stock Position of Tubal Rings (to be used for Family Planning),2. Stocks Received,3000,3000,0,NA,0,NA,NA,0,0,0,NA,0,0,0,NA,NA,NA,0,0,0,0,NA,NA,NA,0,0,0,0
M16 [Stock Position (During the month)],16.2.5,Stock Position of Tubal Rings (to be used for Family Planning),3. Unusable Stock,400,0,NA,NA,NA,NA,NA,0,NA,0,NA,0,NA,0,NA,NA,NA,NA,0,0,0,NA,NA,NA,0,0,0,400
M16 [Stock Position (During the month)],16.2.5,Stock Position of Tubal Rings (to be used for Family Planning),4. Stock Distributed,732,0,0,NA,300,NA,NA,332,0,0,NA,0,NA,0,NA,NA,NA,0,0,0,0,NA,NA,NA,0,100,0,0
M16 [Stock Position (During the month)],16.2.5,Stock Position of Tubal Rings (to be used for Family Planning),5. Total Stock,48393,3000,2500,0,2250,0,400,12393,0,7300,0,1600,0,3700,0,0,0,2000,3000,500,0,0,0,0,2400,1100,5750,500
M16 [Stock Position (During the month)],16.3.01,Stock Position of Oxytocin Injection,1. Balance From Previous Month,401608,3600,NA,NA,6840,1240,13108,8000,NA,NA,NA,NA,1110,60,NA,NA,NA,NA,700,0,0,7940,324900,23000,9910,NA,0,1200
M16 [Stock Position (During the month)],16.3.01,Stock Position of Oxytocin Injection,2. Stocks Received,18400,2160,NA,NA,0,0,0,0,NA,NA,NA,NA,3280,2160,NA,NA,NA,NA,0,0,0,6480,0,0,4320,NA,0,NA
M16 [Stock Position (During the month)],16.3.01,Stock Position of Oxytocin Injection,3. Unusable Stock,0,0,NA,NA,NA,NA,NA,0,NA,NA,NA,NA,NA,0,NA,NA,NA,NA,0,0,0,0,0,0,0,NA,0,NA
M16 [Stock Position (During the month)],16.3.01,Stock Position of Oxytocin Injection,4. Stock Distributed,35890,5760,NA,NA,0,520,280,940,NA,NA,NA,NA,400,460,NA,NA,NA,NA,700,0,0,2280,14100,9000,1150,NA,0,300
M16 [Stock Position (During the month)],16.3.01,Stock Position of Oxytocin Injection,5. Total Stock,384118,0,0,0,6840,720,12828,7060,0,0,0,0,3990,1760,0,0,0,0,0,0,0,12140,310800,14000,13080,0,0,900
M16 [Stock Position (During the month)],16.3.02,Stock Position of Gloves,1. Balance From Previous Month,21790,0,NA,NA,0,NA,8150,0,NA,NA,NA,NA,300,0,NA,NA,NA,NA,NA,0,0,190,12800,0,0,NA,50,300
M16 [Stock Position (During the month)],16.3.02,Stock Position of Gloves,2. Stocks Received,0,0,NA,NA,0,NA,0,0,NA,NA,NA,NA,0,0,NA,NA,NA,NA,NA,0,0,0,0,0,0,NA,0,NA
M16 [Stock Position (During the month)],16.3.02,Stock Position of Gloves,3. Unusable Stock,0,0,NA,NA,NA,NA,NA,0,NA,NA,NA,NA,NA,0,NA,NA,NA,NA,NA,0,0,0,0,0,0,NA,0,NA
M16 [Stock Position (During the month)],16.3.02,Stock Position of Gloves,4. Stock Distributed,5350,0,NA,NA,0,NA,300,0,NA,NA,NA,NA,250,0,NA,NA,NA,NA,NA,0,0,0,4600,0,0,NA,0,200
M16 [Stock Position (During the month)],16.3.02,Stock Position of Gloves,5. Total Stock,16440,0,0,0,0,0,7850,0,0,0,0,0,50,0,0,0,0,0,0,0,0,190,8200,0,0,0,50,100
M16 [Stock Position (During the month)],16.3.03,Stock Position of MVA Syringes,1. Balance From Previous Month,0,0,NA,NA,NA,NA,0,0,NA,NA,NA,NA,0,0,NA,NA,NA,NA,NA,0,0,NA,0,0,0,NA,0,0
M16 [Stock Position (During the month)],16.3.03,Stock Position of MVA Syringes,2. Stocks Received,0,0,NA,NA,NA,NA,NA,0,NA,NA,NA,NA,0,0,NA,NA,NA,NA,NA,0,0,NA,0,0,0,NA,0,NA
M16 [Stock Position (During the month)],16.3.03,Stock Position of MVA Syringes,3. Unusable Stock,0,0,NA,NA,NA,NA,NA,0,NA,NA,NA,NA,NA,0,NA,NA,NA,NA,NA,0,0,NA,0,0,0,NA,0,NA
M16 [Stock Position (During the month)],16.3.03,Stock Position of MVA Syringes,4. Stock Distributed,0,0,NA,NA,NA,NA,NA,0,NA,NA,NA,NA,0,0,NA,NA,NA,NA,NA,0,0,NA,0,0,0,NA,0,0
M16 [Stock Position (During the month)],16.3.03,Stock Position of MVA Syringes,5. Total Stock,0,0,0,0,0,0,0,0,0,0,0,0,0,0,0,0,0,0,0,0,0,0,0,0,0,0,0,0
M16 [Stock Position (During the month)],16.3.04,Stock Position of Fluconazole Tablets,1. Balance From Previous Month,384430,19500,NA,NA,NA,64300,0,4000,NA,NA,NA,NA,0,12490,NA,NA,NA,NA,51500,0,0,NA,118000,0,10050,NA,0,104590
M16 [Stock Position (During the month)],16.3.04,Stock Position of Fluconazole Tablets,2. Stocks Received,21000,0,NA,NA,NA,NA,NA,0,NA,NA,NA,NA,0,0,NA,NA,NA,NA,0,0,0,NA,0,0,21000,NA,0,NA
M16 [Stock Position (During the month)],16.3.04,Stock Position of Fluconazole Tablets,3. Unusable Stock,0,0,NA,NA,NA,NA,NA,0,NA,NA,NA,NA,NA,0,NA,NA,NA,NA,0,0,0,NA,0,0,0,NA,0,NA
M16 [Stock Position (During the month)],16.3.04,Stock Position of Fluconazole Tablets,4. Stock Distributed,66140,19000,NA,NA,NA,7750,NA,3700,NA,NA,NA,NA,0,8590,NA,NA,NA,NA,12600,0,0,NA,2700,0,8300,NA,0,3500
M16 [Stock Position (During the month)],16.3.04,Stock Position of Fluconazole Tablets,5. Total Stock,339290,500,0,0,0,56550,0,300,0,0,0,0,0,3900,0,0,0,0,38900,0,0,0,115300,0,22750,0,0,101090
M16 [Stock Position (During the month)],16.3.05,Stock Position of Blood Transfusion Sets,1. Balance From Previous Month,0,0,NA,NA,NA,NA,0,0,NA,NA,NA,NA,0,0,NA,NA,NA,NA,NA,0,0,NA,0,0,0,NA,0,NA
M16 [Stock Position (During the month)],16.3.05,Stock Position of Blood Transfusion Sets,2. Stocks Received,0,0,NA,NA,NA,NA,NA,0,NA,NA,NA,NA,0,0,NA,NA,NA,NA,NA,0,0,NA,0,0,0,NA,0,NA
M16 [Stock Position (During the month)],16.3.05,Stock Position of Blood Transfusion Sets,3. Unusable Stock,0,0,NA,NA,NA,NA,NA,0,NA,NA,NA,NA,NA,0,NA,NA,NA,NA,NA,0,0,NA,0,0,0,NA,0,NA
M16 [Stock Position (During the month)],16.3.05,Stock Position of Blood Transfusion Sets,4. Stock Distributed,0,0,NA,NA,NA,NA,NA,0,NA,NA,NA,NA,0,0,NA,NA,NA,NA,NA,0,0,NA,0,0,0,NA,0,NA
M16 [Stock Position (During the month)],16.3.05,Stock Position of Blood Transfusion Sets,5. Total Stock,0,0,0,0,0,0,0,0,0,0,0,0,0,0,0,0,0,0,0,0,0,0,0,0,0,0,0,0
M16 [Stock Position (During the month)],16.3.06,Stock Position of Gluteraldehyde solution of 2% concentration,1. Balance From Previous Month,0,0,NA,NA,NA,NA,0,0,NA,NA,NA,NA,0,0,NA,NA,NA,NA,NA,0,0,NA,0,0,0,NA,0,NA
M16 [Stock Position (During the month)],16.3.06,Stock Position of Gluteraldehyde solution of 2% concentration,2. Stocks Received,0,0,NA,NA,NA,NA,NA,0,NA,NA,NA,NA,0,0,NA,NA,NA,NA,NA,0,0,NA,0,0,0,NA,0,NA
M16 [Stock Position (During the month)],16.3.06,Stock Position of Gluteraldehyde solution of 2% concentration,3. Unusable Stock,0,0,NA,NA,NA,NA,NA,0,NA,NA,NA,NA,NA,0,NA,NA,NA,NA,NA,0,0,NA,0,0,0,NA,0,NA
M16 [Stock Position (During the month)],16.3.06,Stock Position of Gluteraldehyde solution of 2% concentration,4. Stock Distributed,0,0,NA,NA,NA,NA,NA,0,NA,NA,NA,NA,0,0,NA,NA,NA,NA,NA,0,0,NA,0,0,0,NA,0,NA
M16 [Stock Position (During the month)],16.3.06,Stock Position of Gluteraldehyde solution of 2% concentration,5. Total Stock,0,0,0,0,0,0,0,0,0,0,0,0,0,0,0,0,0,0,0,0,0,0,0,0,0,0,0,0
M16 [Stock Position (During the month)],16.3.07,Stock Position of IFA Tablets,1. Balance From Previous Month,10079501,31000,NA,NA,NA,95307,1103000,361000,NA,NA,NA,NA,766000,0,NA,NA,NA,NA,1921544,0,2000,0,5608400,31500,65250,NA,94500,NA
M16 [Stock Position (During the month)],16.3.07,Stock Position of IFA Tablets,2. Stocks Received,1473338,180522,NA,NA,NA,NA,203508,0,NA,NA,NA,NA,0,0,NA,NA,NA,NA,0,0,0,0,718496,147345,223467,NA,0,NA
M16 [Stock Position (During the month)],16.3.07,Stock Position of IFA Tablets,3. Unusable Stock,0,0,NA,NA,NA,NA,NA,0,NA,NA,NA,NA,NA,0,NA,NA,NA,NA,0,0,0,0,0,0,0,NA,0,NA
M16 [Stock Position (During the month)],16.3.07,Stock Position of IFA Tablets,4. Stock Distributed,3084250,21000,NA,NA,NA,NA,63000,238500,NA,NA,NA,NA,360000,0,NA,NA,NA,NA,184000,0,0,0,1953000,0,170250,NA,94500,NA
M16 [Stock Position (During the month)],16.3.07,Stock Position of IFA Tablets,5. Total Stock,8468589,190522,0,0,0,95307,1243508,122500,0,0,0,0,406000,0,0,0,0,0,1737544,0,2000,0,4373896,178845,118467,0,0,0
M16 [Stock Position (During the month)],16.3.08,Stock Position of IFA Syrup (Paediatric),1. Balance From Previous Month,75500,500,NA,NA,NA,NA,1550,0,NA,NA,NA,NA,10050,0,NA,NA,NA,NA,0,0,0,NA,6950,4450,45000,NA,7000,NA
M16 [Stock Position (During the month)],16.3.08,Stock Position of IFA Syrup (Paediatric),2. Stocks Received,0,0,NA,NA,NA,NA,0,0,NA,NA,NA,NA,0,0,NA,NA,NA,NA,0,0,0,NA,0,0,0,NA,0,NA
M16 [Stock Position (During the month)],16.3.08,Stock Position of IFA Syrup (Paediatric),3. Unusable Stock,0,0,NA,NA,NA,NA,NA,0,NA,NA,NA,NA,NA,0,NA,NA,NA,NA,0,0,0,NA,0,0,0,NA,0,NA
M16 [Stock Position (During the month)],16.3.08,Stock Position of IFA Syrup (Paediatric),4. Stock Distributed,26250,500,NA,NA,NA,NA,0,0,NA,NA,NA,NA,5000,0,NA,NA,NA,NA,0,0,0,NA,4750,1100,14000,NA,900,NA
M16 [Stock Position (During the month)],16.3.08,Stock Position of IFA Syrup (Paediatric),5. Total Stock,49250,0,0,0,0,0,1550,0,0,0,0,0,5050,0,0,0,0,0,0,0,0,0,2200,3350,31000,0,6100,0
M16 [Stock Position (During the month)],16.3.09,Stock Position of Paediatrics Antibiotics (Cotrimaxozole and Injectable Gentamicin),1. Balance From Previous Month,324559,2324,NA,NA,NA,15980,2880,0,NA,NA,NA,NA,0,0,NA,NA,NA,NA,218000,0,0,NA,82900,0,2475,NA,0,NA
M16 [Stock Position (During the month)],16.3.09,Stock Position of Paediatrics Antibiotics (Cotrimaxozole and Injectable Gentamicin),2. Stocks Received,4000,0,NA,NA,NA,NA,0,0,NA,NA,NA,NA,0,0,NA,NA,NA,NA,0,0,0,NA,0,0,4000,NA,0,NA
M16 [Stock Position (During the month)],16.3.09,Stock Position of Paediatrics Antibiotics (Cotrimaxozole and Injectable Gentamicin),3. Unusable Stock,0,0,NA,NA,NA,NA,NA,0,NA,NA,NA,NA,NA,0,NA,NA,NA,NA,0,0,0,NA,0,0,0,NA,0,NA
M16 [Stock Position (During the month)],16.3.09,Stock Position of Paediatrics Antibiotics (Cotrimaxozole and Injectable Gentamicin),4. Stock Distributed,39680,0,NA,NA,NA,11100,150,0,NA,NA,NA,NA,0,0,NA,NA,NA,NA,21500,0,0,NA,5700,0,1230,NA,0,NA
M16 [Stock Position (During the month)],16.3.09,Stock Position of Paediatrics Antibiotics (Cotrimaxozole and Injectable Gentamicin),5. Total Stock,288879,2324,0,0,0,4880,2730,0,0,0,0,0,0,0,0,0,0,0,196500,0,0,0,77200,0,5245,0,0,0
M16 [Stock Position (During the month)],16.3.10,Stock Position of Vitamin A solution,1. Balance From Previous Month,46462,1830,NA,NA,1960,NA,2080,200,NA,NA,NA,NA,0,850,NA,NA,NA,NA,252,0,0,0,32897,5850,438,NA,85,20
M16 [Stock Position (During the month)],16.3.10,Stock Position of Vitamin A solution,2. Stocks Received,9894,0,NA,NA,0,NA,0,3410,NA,NA,NA,NA,5980,0,NA,NA,NA,NA,0,0,0,0,0,0,504,NA,0,NA
M16 [Stock Position (During the month)],16.3.10,Stock Position of Vitamin A solution,3. Unusable Stock,0,0,NA,NA,NA,NA,NA,0,NA,NA,NA,NA,NA,0,NA,NA,NA,NA,0,0,0,0,0,0,0,NA,0,NA
M16 [Stock Position (During the month)],16.3.10,Stock Position of Vitamin A solution,4. Stock Distributed,18857,1320,NA,NA,1800,NA,1550,2250,NA,NA,NA,NA,100,300,NA,NA,NA,NA,200,0,0,0,8000,2750,502,NA,85,NA
M16 [Stock Position (During the month)],16.3.10,Stock Position of Vitamin A solution,5. Total Stock,37499,510,0,0,160,0,530,1360,0,0,0,0,5880,550,0,0,0,0,52,0,0,0,24897,3100,440,0,0,20
M16 [Stock Position (During the month)],16.3.11,Stock of ORS (New WHO formulation),1. Balance From Previous Month,829182,78200,NA,NA,79175,48350,39800,2000,NA,NA,NA,NA,5497,6250,NA,NA,NA,NA,41610,0,0,56700,0,342830,105070,NA,8400,15300
M16 [Stock Position (During the month)],16.3.11,Stock of ORS (New WHO formulation),2. Stocks Received,39040,0,NA,NA,0,NA,0,20000,NA,NA,NA,NA,4800,0,NA,NA,NA,NA,6240,0,0,8000,0,0,0,NA,0,NA
M16 [Stock Position (During the month)],16.3.11,Stock of ORS (New WHO formulation),3. Unusable Stock,8400,0,NA,NA,NA,NA,NA,0,NA,NA,NA,NA,NA,0,NA,NA,NA,NA,0,0,0,0,0,0,0,NA,8400,NA
M16 [Stock Position (During the month)],16.3.11,Stock of ORS (New WHO formulation),4. Stock Distributed,252820,66000,NA,NA,7800,10450,13500,7800,NA,NA,NA,NA,3800,0,NA,NA,NA,NA,6800,0,0,32500,0,88800,10570,NA,NA,4800
M16 [Stock Position (During the month)],16.3.11,Stock of ORS (New WHO formulation),5. Total Stock,607002,12200,0,0,71375,37900,26300,14200,0,0,0,0,6497,6250,0,0,0,0,41050,0,0,32200,0,254030,94500,0,0,10500
M16 [Stock Position (During the month)],16.4.1,Stock Position of 0.1 ml Syringes(AD),1. Balance From Previous Month,68748,1815,0,2600,200,NA,1800,4000,2700,1000,NA,9200,0,4600,NA,0,NA,2300,4300,4315,2200,1800,1748,4870,3100,0,15800,400
M16 [Stock Position (During the month)],16.4.1,Stock Position of 0.1 ml Syringes(AD),2. Stocks Received,52600,2000,4000,NA,4000,NA,2000,0,6600,2000,NA,0,2000,2000,NA,4000,NA,0,4000,2000,0,0,8000,2000,2000,4000,0,2000
M16 [Stock Position (During the month)],16.4.1,Stock Position of 0.1 ml Syringes(AD),3. Unusable Stock,0,0,NA,NA,NA,NA,NA,0,NA,0,NA,0,NA,0,NA,0,NA,NA,0,0,0,0,NA,0,0,0,0,NA
M16 [Stock Position (During the month)],16.4.1,Stock Position of 0.1 ml Syringes(AD),4. Stock Distributed,60122,2093,4000,1600,200,NA,2200,2600,8000,1600,NA,8504,2000,2000,NA,3450,NA,2300,3100,2875,0,1300,1000,2400,2800,4000,900,1200
M16 [Stock Position (During the month)],16.4.1,Stock Position of 0.1 ml Syringes(AD),5. Total Stock,61226,1722,0,1000,4000,0,1600,1400,1300,1400,0,696,0,4600,0,550,0,0,5200,3440,2200,500,8748,4470,2300,0,14900,1200
M16 [Stock Position (During the month)],16.4.2,Stock Position of 0.5 ml Syringes(AD),1. Balance From Previous Month,2906683,61167,21700,92800,238120,84500,79600,176000,12800,30180,NA,111600,12000,241020,NA,108240,NA,100100,92000,96800,558600,28600,37676,51780,176100,180000,146500,168800
M16 [Stock Position (During the month)],16.4.2,Stock Position of 0.5 ml Syringes(AD),2. Stocks Received,237600,0,48000,NA,0,NA,0,0,57600,36000,NA,0,24000,0,NA,0,NA,0,0,0,0,0,0,24000,0,48000,0,0
M16 [Stock Position (During the month)],16.4.2,Stock Position of 0.5 ml Syringes(AD),3. Unusable Stock,0,0,NA,NA,NA,NA,NA,0,NA,0,NA,0,NA,0,NA,0,NA,NA,0,0,0,0,NA,0,0,0,0,NA
M16 [Stock Position (During the month)],16.4.2,Stock Position of 0.5 ml Syringes(AD),4. Stock Distributed,515899,26659,18900,7200,45600,9600,24000,16800,9600,22000,NA,20000,16000,16800,NA,6200,NA,48000,6000,62000,0,4800,16800,21600,12700,88000,6640,10000
M16 [Stock Position (During the month)],16.4.2,Stock Position of 0.5 ml Syringes(AD),5. Total Stock,2628384,34508,50800,85600,192520,74900,55600,159200,60800,44180,0,91600,20000,224220,0,102040,0,52100,86000,34800,558600,23800,20876,54180,163400,140000,139860,158800
M16 [Stock Position (During the month)],16.4.3,Stock Position of 5.0 ml Syringes(Disposable),1. Balance From Previous Month,515210,19340,675,8200,7450,4450,55580,10300,55100,4080,NA,17170,2000,83153,NA,5995,NA,16330,10100,13505,70300,200,45742,7760,8300,12000,47800,9680
M16 [Stock Position (During the month)],16.4.3,Stock Position of 5.0 ml Syringes(Disposable),2. Stocks Received,60000,2000,4000,NA,4000,NA,0,0,0,8000,NA,0,2000,0,NA,0,NA,0,0,2000,0,2000,0,2000,32000,0,0,2000
M16 [Stock Position (During the month)],16.4.3,Stock Position of 5.0 ml Syringes(Disposable),3. Unusable Stock,0,0,NA,NA,NA,NA,NA,0,NA,0,NA,0,NA,0,NA,0,NA,NA,0,0,0,0,NA,0,0,0,0,NA
M16 [Stock Position (During the month)],16.4.3,Stock Position of 5.0 ml Syringes(Disposable),4. Stock Distributed,67970,2270,2700,NA,1400,2400,6000,1900,10000,3200,NA,6700,3100,500,NA,350,NA,3900,1000,3600,0,700,6600,2200,4650,2000,1100,1700
M16 [Stock Position (During the month)],16.4.3,Stock Position of 5.0 ml Syringes(Disposable),5. Total Stock,507240,19070,1975,8200,10050,2050,49580,8400,45100,8880,0,10470,900,82653,0,5645,0,12430,9100,11905,70300,1500,39142,7560,35650,10000,46700,9980
M17 [Details of deaths reported during the month with probable causes:],17.1,Number of cases of Infant deaths within 24 hrs of birth,TOTAL,8,NA,NA,NA,NA,NA,NA,NA,1,NA,NA,NA,2,NA,NA,NA,NA,NA,2,1,NA,NA,NA,NA,NA,1,NA,1
M17 [Details of deaths reported during the month with probable causes:],17.2.1,Number of cases of Infant deaths 24 hours to 4 weeks of birth with the probable cause being Sepsis,1. Up to 1 Weeks of Birth,10,NA,3,1,NA,NA,NA,NA,NA,1,1,NA,NA,NA,NA,NA,NA,NA,2,NA,NA,NA,NA,NA,1,NA,NA,1
M17 [Details of deaths reported during the month with probable causes:],17.2.1,Number of cases of Infant deaths 24 hours to 4 weeks of birth with the probable cause being Sepsis,2. Between 1 week & 4 weeks of birth,1,NA,1,NA,NA,NA,NA,NA,NA,NA,NA,NA,NA,NA,NA,NA,NA,NA,NA,NA,NA,NA,NA,NA,NA,NA,NA,NA
M17 [Details of deaths reported during the month with probable causes:],17.2.1,Number of cases of Infant deaths 24 hours to 4 weeks of birth with the probable cause being Sepsis,3. Total,11,NA,4,1,NA,NA,NA,NA,NA,1,1,NA,NA,NA,NA,NA,NA,NA,2,NA,NA,NA,NA,NA,1,NA,NA,1
M17 [Details of deaths reported during the month with probable causes:],17.2.2,Number of cases of Infant deaths 24 hours to 4 weeks of birth with the probable cause being Asphyxia,1. Up to 1 Weeks of Birth,62,NA,15,6,1,NA,NA,1,NA,NA,1,7,NA,8,NA,NA,NA,1,2,NA,11,2,NA,1,NA,1,1,4
M17 [Details of deaths reported during the month with probable causes:],17.2.2,Number of cases of Infant deaths 24 hours to 4 weeks of birth with the probable cause being Asphyxia,2. Between 1 week & 4 weeks of birth,NA,NA,NA,NA,NA,NA,NA,NA,NA,NA,NA,NA,NA,NA,NA,NA,NA,NA,NA,NA,NA,NA,NA,NA,NA,NA,NA,NA
M17 [Details of deaths reported during the month with probable causes:],17.2.2,Number of cases of Infant deaths 24 hours to 4 weeks of birth with the probable cause being Asphyxia,3. Total,62,NA,15,6,1,NA,NA,1,NA,NA,1,7,NA,8,NA,NA,NA,1,2,NA,11,2,NA,1,NA,1,1,4
M17 [Details of deaths reported during the month with probable causes:],17.2.3,Number of cases of Infant deaths 24 hours to 4 weeks of birth with the probable cause being LBW,1. Up to 1 Weeks of Birth,60,NA,11,4,1,NA,3,1,4,1,1,5,1,1,NA,NA,1,NA,2,NA,4,8,NA,NA,3,2,5,2
M17 [Details of deaths reported during the month with probable causes:],17.2.3,Number of cases of Infant deaths 24 hours to 4 weeks of birth with the probable cause being LBW,2. Between 1 week & 4 weeks of birth,4,NA,1,1,NA,NA,NA,NA,NA,NA,NA,NA,NA,NA,NA,NA,NA,NA,NA,NA,NA,2,NA,NA,NA,NA,NA,NA
M17 [Details of deaths reported during the month with probable causes:],17.2.3,Number of cases of Infant deaths 24 hours to 4 weeks of birth with the probable cause being LBW,3. Total,64,NA,12,5,1,NA,3,1,4,1,1,5,1,1,NA,NA,1,NA,2,NA,4,10,NA,NA,3,2,5,2
M17 [Details of deaths reported during the month with probable causes:],17.2.4,"Number of cases of Infant deaths 24 hours to 4 weeks of birth with the probable cause being other than Sepsis, Asphyxia and LBW",1. Up to 1 Weeks of Birth,73,NA,2,7,5,1,3,8,5,NA,1,6,3,5,1,2,NA,2,2,NA,3,3,4,NA,2,4,3,1
M17 [Details of deaths reported during the month with probable causes:],17.2.4,"Number of cases of Infant deaths 24 hours to 4 weeks of birth with the probable cause being other than Sepsis, Asphyxia and LBW",2. Between 1 week & 4 weeks of birth,5,NA,NA,NA,NA,NA,NA,NA,NA,NA,1,NA,NA,NA,NA,NA,NA,NA,NA,NA,NA,3,NA,NA,NA,NA,NA,1
M17 [Details of deaths reported during the month with probable causes:],17.2.4,"Number of cases of Infant deaths 24 hours to 4 weeks of birth with the probable cause being other than Sepsis, Asphyxia and LBW",3. Total,78,NA,2,7,5,1,3,8,5,NA,2,6,3,5,1,2,NA,2,2,NA,3,6,4,NA,2,4,3,2
M17 [Details of deaths reported during the month with probable causes:],17.3.1,Number of cases of Infant or Child deaths between 1 month to 5 years of age with the probable cause being Pneumonia,1. Between 1 month and 11 months,20,NA,1,3,1,1,NA,2,NA,1,2,NA,NA,NA,NA,1,NA,2,2,NA,2,NA,1,NA,NA,NA,NA,1
M17 [Details of deaths reported during the month with probable causes:],17.3.1,Number of cases of Infant or Child deaths between 1 month to 5 years of age with the probable cause being Pneumonia,2. Between 1 year & 5 years,NA,NA,NA,NA,NA,NA,NA,NA,NA,NA,NA,NA,NA,NA,NA,NA,NA,NA,NA,NA,NA,NA,NA,NA,NA,NA,NA,NA
M17 [Details of deaths reported during the month with probable causes:],17.3.1,Number of cases of Infant or Child deaths between 1 month to 5 years of age with the probable cause being Pneumonia,3. Total,20,NA,1,3,1,1,NA,2,NA,1,2,NA,NA,NA,NA,1,NA,2,2,NA,2,NA,1,NA,NA,NA,NA,1
M17 [Details of deaths reported during the month with probable causes:],17.3.2,Number of cases of Infant or Child deaths between 1 month to 5 years of age with the probable cause being Diarrhoea,1. Between 1 month and 11 months,2,NA,NA,NA,NA,NA,NA,NA,NA,NA,NA,NA,NA,NA,NA,NA,NA,NA,NA,NA,NA,NA,NA,NA,NA,NA,2,NA
M17 [Details of deaths reported during the month with probable causes:],17.3.2,Number of cases of Infant or Child deaths between 1 month to 5 years of age with the probable cause being Diarrhoea,2. Between 1 year & 5 years,NA,NA,NA,NA,NA,NA,NA,NA,NA,NA,NA,NA,NA,NA,NA,NA,NA,NA,NA,NA,NA,NA,NA,NA,NA,NA,NA,NA
M17 [Details of deaths reported during the month with probable causes:],17.3.2,Number of cases of Infant or Child deaths between 1 month to 5 years of age with the probable cause being Diarrhoea,3. Total,2,NA,NA,NA,NA,NA,NA,NA,NA,NA,NA,NA,NA,NA,NA,NA,NA,NA,NA,NA,NA,NA,NA,NA,NA,NA,2,NA
M17 [Details of deaths reported during the month with probable causes:],17.3.3,Number of cases of Infant or Child deaths between 1 month to 5 years of age with the probable cause being Fever related,1. Between 1 month and 11 months,14,1,NA,NA,NA,1,NA,1,NA,NA,NA,1,NA,NA,NA,NA,1,NA,NA,NA,NA,2,1,NA,NA,NA,2,4
M17 [Details of deaths reported during the month with probable causes:],17.3.3,Number of cases of Infant or Child deaths between 1 month to 5 years of age with the probable cause being Fever related,2. Between 1 year & 5 years,8,NA,NA,NA,NA,NA,NA,1,1,NA,NA,1,NA,1,NA,NA,NA,1,NA,1,NA,1,NA,NA,NA,NA,NA,1
M17 [Details of deaths reported during the month with probable causes:],17.3.3,Number of cases of Infant or Child deaths between 1 month to 5 years of age with the probable cause being Fever related,3. Total,22,1,NA,NA,NA,1,NA,2,1,NA,NA,2,NA,1,NA,NA,1,1,NA,1,NA,3,1,NA,NA,NA,2,5
M17 [Details of deaths reported during the month with probable causes:],17.3.4,Number of cases of Infant or Child deaths between 1 month to 5 years of age with the probable cause being Measles,1. Between 1 month and 11 months,NA,NA,NA,NA,NA,NA,NA,NA,NA,NA,NA,NA,NA,NA,NA,NA,NA,NA,NA,NA,NA,NA,NA,NA,NA,NA,NA,NA
M17 [Details of deaths reported during the month with probable causes:],17.3.4,Number of cases of Infant or Child deaths between 1 month to 5 years of age with the probable cause being Measles,2. Between 1 year & 5 years,NA,NA,NA,NA,NA,NA,NA,NA,NA,NA,NA,NA,NA,NA,NA,NA,NA,NA,NA,NA,NA,NA,NA,NA,NA,NA,NA,NA
M17 [Details of deaths reported during the month with probable causes:],17.3.4,Number of cases of Infant or Child deaths between 1 month to 5 years of age with the probable cause being Measles,3. Total,NA,NA,NA,NA,NA,NA,NA,NA,NA,NA,NA,NA,NA,NA,NA,NA,NA,NA,NA,NA,NA,NA,NA,NA,NA,NA,NA,NA
M17 [Details of deaths reported during the month with probable causes:],17.3.5,"Number of cases of Infant or Child deaths between 1 month to 5 years of age with the probable cause being other than Pneumonia, Diarrhoea, Fever related and Measles",1. Between 1 month and 11 months,66,3,NA,6,10,2,1,3,NA,1,2,NA,3,7,NA,1,1,2,8,1,2,NA,NA,1,2,6,3,1
M17 [Details of deaths reported during the month with probable causes:],17.3.5,"Number of cases of Infant or Child deaths between 1 month to 5 years of age with the probable cause being other than Pneumonia, Diarrhoea, Fever related and Measles",2. Between 1 year & 5 years,27,NA,5,2,NA,NA,NA,NA,4,NA,NA,NA,NA,4,NA,NA,NA,2,3,1,1,2,NA,NA,2,NA,NA,1
M17 [Details of deaths reported during the month with probable causes:],17.3.5,"Number of cases of Infant or Child deaths between 1 month to 5 years of age with the probable cause being other than Pneumonia, Diarrhoea, Fever related and Measles",3. Total,93,3,5,8,10,2,1,3,4,1,2,NA,3,11,NA,1,1,4,11,2,3,2,NA,1,4,6,3,2
M17 [Details of deaths reported during the month with probable causes:],17.4.1,Number of cases of Adolescent or Adult deaths (age 6 years & above) with the probable cause being Diarrhoeal diseases,1. 6-14 yrs,NA,NA,NA,NA,NA,NA,NA,NA,NA,NA,NA,NA,NA,NA,NA,NA,NA,NA,NA,NA,NA,NA,NA,NA,NA,NA,NA,NA
M17 [Details of deaths reported during the month with probable causes:],17.4.1,Number of cases of Adolescent or Adult deaths (age 6 years & above) with the probable cause being Diarrhoeal diseases,2. 15-55 yrs.,1,NA,NA,NA,NA,NA,NA,NA,NA,NA,NA,NA,1,NA,NA,NA,NA,NA,NA,NA,NA,NA,NA,NA,NA,NA,NA,NA
M17 [Details of deaths reported during the month with probable causes:],17.4.1,Number of cases of Adolescent or Adult deaths (age 6 years & above) with the probable cause being Diarrhoeal diseases,3. Above 55 yrs.,4,1,NA,NA,NA,NA,NA,1,NA,NA,NA,NA,1,NA,NA,NA,NA,NA,NA,NA,NA,NA,NA,NA,NA,NA,NA,1
M17 [Details of deaths reported during the month with probable causes:],17.4.1,Number of cases of Adolescent or Adult deaths (age 6 years & above) with the probable cause being Diarrhoeal diseases,4. Total,5,1,NA,NA,NA,NA,NA,1,NA,NA,NA,NA,2,NA,NA,NA,NA,NA,NA,NA,NA,NA,NA,NA,NA,NA,NA,1
M17 [Details of deaths reported during the month with probable causes:],17.4.2,Number of cases of Adolescent or Adult deaths (age 6 years & above) with the probable cause being Tuberculosis,1. 6-14 yrs,1,NA,NA,NA,NA,NA,NA,NA,NA,NA,NA,NA,NA,NA,NA,NA,NA,NA,NA,NA,NA,NA,NA,NA,NA,NA,1,NA
M17 [Details of deaths reported during the month with probable causes:],17.4.2,Number of cases of Adolescent or Adult deaths (age 6 years & above) with the probable cause being Tuberculosis,2. 15-55 yrs.,25,1,NA,NA,3,NA,NA,NA,2,1,1,NA,3,NA,NA,NA,1,1,1,1,NA,NA,NA,NA,NA,2,6,2
M17 [Details of deaths reported during the month with probable causes:],17.4.2,Number of cases of Adolescent or Adult deaths (age 6 years & above) with the probable cause being Tuberculosis,3. Above 55 yrs.,11,NA,1,NA,NA,NA,1,NA,NA,NA,NA,1,2,NA,NA,NA,1,NA,NA,NA,NA,NA,1,NA,NA,2,2,NA
M17 [Details of deaths reported during the month with probable causes:],17.4.2,Number of cases of Adolescent or Adult deaths (age 6 years & above) with the probable cause being Tuberculosis,4. Total,37,1,1,NA,3,NA,1,NA,2,1,1,1,5,NA,NA,NA,2,1,1,1,NA,NA,1,NA,NA,4,9,2
M17 [Details of deaths reported during the month with probable causes:],17.4.3,Number of cases of Adolescent or Adult deaths (age 6 years & above) with the probable cause being Respiratory diseases including infections,1. 6-14 yrs,NA,NA,NA,NA,NA,NA,NA,NA,NA,NA,NA,NA,NA,NA,NA,NA,NA,NA,NA,NA,NA,NA,NA,NA,NA,NA,NA,NA
M17 [Details of deaths reported during the month with probable causes:],17.4.3,Number of cases of Adolescent or Adult deaths (age 6 years & above) with the probable cause being Respiratory diseases including infections,2. 15-55 yrs.,37,NA,4,NA,1,NA,2,2,NA,1,1,1,4,NA,NA,NA,NA,3,NA,2,1,3,NA,2,1,1,6,2
M17 [Details of deaths reported during the month with probable causes:],17.4.3,Number of cases of Adolescent or Adult deaths (age 6 years & above) with the probable cause being Respiratory diseases including infections,3. Above 55 yrs.,28,NA,2,2,NA,NA,2,NA,NA,1,NA,1,5,2,NA,NA,1,NA,NA,NA,NA,NA,1,3,1,NA,6,1
M17 [Details of deaths reported during the month with probable causes:],17.4.3,Number of cases of Adolescent or Adult deaths (age 6 years & above) with the probable cause being Respiratory diseases including infections,4. Total,65,NA,6,2,1,NA,4,2,NA,2,1,2,9,2,NA,NA,1,3,NA,2,1,3,1,5,2,1,12,3
M17 [Details of deaths reported during the month with probable causes:],17.4.4,Number of cases of Adolescent or Adult deaths (age 6 years & above) with the probable cause being Malaria,1. 6-14 yrs,NA,NA,NA,NA,NA,NA,NA,NA,NA,NA,NA,NA,NA,NA,NA,NA,NA,NA,NA,NA,NA,NA,NA,NA,NA,NA,NA,NA
M17 [Details of deaths reported during the month with probable causes:],17.4.4,Number of cases of Adolescent or Adult deaths (age 6 years & above) with the probable cause being Malaria,2. 15-55 yrs.,4,NA,NA,NA,NA,NA,NA,NA,NA,1,NA,NA,NA,NA,NA,NA,NA,1,NA,NA,NA,NA,NA,NA,NA,1,NA,1
M17 [Details of deaths reported during the month with probable causes:],17.4.4,Number of cases of Adolescent or Adult deaths (age 6 years & above) with the probable cause being Malaria,3. Above 55 yrs.,NA,NA,NA,NA,NA,NA,NA,NA,NA,NA,NA,NA,NA,NA,NA,NA,NA,NA,NA,NA,NA,NA,NA,NA,NA,NA,NA,NA
M17 [Details of deaths reported during the month with probable causes:],17.4.4,Number of cases of Adolescent or Adult deaths (age 6 years & above) with the probable cause being Malaria,4. Total,4,NA,NA,NA,NA,NA,NA,NA,NA,1,NA,NA,NA,NA,NA,NA,NA,1,NA,NA,NA,NA,NA,NA,NA,1,NA,1
M17 [Details of deaths reported during the month with probable causes:],17.4.5,Number of cases of Adolescent or Adult deaths (age 6 years & above) with the probable cause being other Fever related,1. 6-14 yrs,6,NA,1,NA,NA,NA,NA,NA,NA,NA,NA,NA,3,1,NA,NA,NA,NA,NA,1,NA,NA,NA,NA,NA,NA,NA,NA
M17 [Details of deaths reported during the month with probable causes:],17.4.5,Number of cases of Adolescent or Adult deaths (age 6 years & above) with the probable cause being other Fever related,2. 15-55 yrs.,49,1,24,1,NA,NA,3,1,1,1,NA,2,1,NA,NA,NA,NA,2,NA,3,NA,3,NA,NA,2,NA,2,2
M17 [Details of deaths reported during the month with probable causes:],17.4.5,Number of cases of Adolescent or Adult deaths (age 6 years & above) with the probable cause being other Fever related,3. Above 55 yrs.,24,1,1,3,NA,NA,NA,1,3,2,NA,1,NA,2,NA,NA,1,NA,NA,NA,NA,4,NA,NA,2,NA,2,1
M17 [Details of deaths reported during the month with probable causes:],17.4.5,Number of cases of Adolescent or Adult deaths (age 6 years & above) with the probable cause being other Fever related,4. Total,79,2,26,4,NA,NA,3,2,4,3,NA,3,4,3,NA,NA,1,2,NA,4,NA,7,NA,NA,4,NA,4,3
M17 [Details of deaths reported during the month with probable causes:],17.4.6,Number of cases of Adolescent or Adult deaths (age 6 years & above) with the probable cause being HIV/AIDS,1. 6-14 yrs,NA,NA,NA,NA,NA,NA,NA,NA,NA,NA,NA,NA,NA,NA,NA,NA,NA,NA,NA,NA,NA,NA,NA,NA,NA,NA,NA,NA
M17 [Details of deaths reported during the month with probable causes:],17.4.6,Number of cases of Adolescent or Adult deaths (age 6 years & above) with the probable cause being HIV/AIDS,2. 15-55 yrs.,1,NA,NA,NA,NA,NA,NA,NA,NA,NA,NA,NA,NA,NA,NA,NA,NA,NA,NA,NA,NA,NA,NA,NA,NA,1,NA,NA
M17 [Details of deaths reported during the month with probable causes:],17.4.6,Number of cases of Adolescent or Adult deaths (age 6 years & above) with the probable cause being HIV/AIDS,3. Above 55 yrs.,NA,NA,NA,NA,NA,NA,NA,NA,NA,NA,NA,NA,NA,NA,NA,NA,NA,NA,NA,NA,NA,NA,NA,NA,NA,NA,NA,NA
M17 [Details of deaths reported during the month with probable causes:],17.4.6,Number of cases of Adolescent or Adult deaths (age 6 years & above) with the probable cause being HIV/AIDS,4. Total,1,NA,NA,NA,NA,NA,NA,NA,NA,NA,NA,NA,NA,NA,NA,NA,NA,NA,NA,NA,NA,NA,NA,NA,NA,1,NA,NA
M17 [Details of deaths reported during the month with probable causes:],17.4.7,Number of cases of Adolescent or Adult deaths (age 6 years & above) with the probable cause being Heart disease or related to Hypertension,1. 6-14 yrs,3,NA,NA,1,NA,NA,NA,NA,NA,NA,NA,NA,NA,NA,NA,NA,NA,NA,NA,NA,NA,NA,NA,NA,NA,NA,2,NA
M17 [Details of deaths reported during the month with probable causes:],17.4.7,Number of cases of Adolescent or Adult deaths (age 6 years & above) with the probable cause being Heart disease or related to Hypertension,2. 15-55 yrs.,86,8,3,2,1,NA,3,NA,5,1,1,7,5,NA,1,NA,1,3,1,3,NA,6,2,1,3,6,19,4
M17 [Details of deaths reported during the month with probable causes:],17.4.7,Number of cases of Adolescent or Adult deaths (age 6 years & above) with the probable cause being Heart disease or related to Hypertension,3. Above 55 yrs.,158,12,14,6,7,NA,11,1,5,6,4,2,9,3,2,NA,8,1,5,5,3,3,3,3,6,14,19,6
M17 [Details of deaths reported during the month with probable causes:],17.4.7,Number of cases of Adolescent or Adult deaths (age 6 years & above) with the probable cause being Heart disease or related to Hypertension,4. Total,247,20,17,9,8,NA,14,1,10,7,5,9,14,3,3,NA,9,4,6,8,3,9,5,4,9,20,40,10
M17 [Details of deaths reported during the month with probable causes:],17.4.8,Number of cases of Adolescent or Adult deaths (age 6 years & above) with the probable cause being Neurological disease including strokes,1. 6-14 yrs,NA,NA,NA,NA,NA,NA,NA,NA,NA,NA,NA,NA,NA,NA,NA,NA,NA,NA,NA,NA,NA,NA,NA,NA,NA,NA,NA,NA
M17 [Details of deaths reported during the month with probable causes:],17.4.8,Number of cases of Adolescent or Adult deaths (age 6 years & above) with the probable cause being Neurological disease including strokes,2. 15-55 yrs.,21,NA,4,1,2,NA,NA,NA,1,NA,2,2,1,NA,NA,NA,NA,1,NA,NA,NA,NA,2,1,NA,1,2,1
M17 [Details of deaths reported during the month with probable causes:],17.4.8,Number of cases of Adolescent or Adult deaths (age 6 years & above) with the probable cause being Neurological disease including strokes,3. Above 55 yrs.,23,NA,2,NA,4,NA,NA,NA,NA,1,NA,NA,4,NA,NA,NA,1,NA,3,1,NA,NA,2,1,NA,2,1,1
M17 [Details of deaths reported during the month with probable causes:],17.4.8,Number of cases of Adolescent or Adult deaths (age 6 years & above) with the probable cause being Neurological disease including strokes,4. Total,44,NA,6,1,6,NA,NA,NA,1,1,2,2,5,NA,NA,NA,1,1,3,1,NA,NA,4,2,NA,3,3,2
M17 [Details of deaths reported during the month with probable causes:],17.4.9(a),Number of cases of Maternal deaths (age 15-49 years) with the probable cause being Abortion,1. 6-14 yrs,NA,NA,NA,NA,NA,NA,NA,NA,NA,NA,NA,NA,NA,NA,NA,NA,NA,NA,NA,NA,NA,NA,NA,NA,NA,NA,NA,NA
M17 [Details of deaths reported during the month with probable causes:],17.4.9(a),Number of cases of Maternal deaths (age 15-49 years) with the probable cause being Abortion,2. 15-49 yrs,2,NA,NA,1,NA,NA,NA,NA,NA,NA,NA,NA,NA,NA,NA,NA,NA,NA,NA,NA,NA,NA,NA,NA,NA,NA,NA,1
M17 [Details of deaths reported during the month with probable causes:],17.4.9(a),Number of cases of Maternal deaths (age 15-49 years) with the probable cause being Abortion,3. Above 49 yrs.,NA,NA,NA,NA,NA,NA,NA,NA,NA,NA,NA,NA,NA,NA,NA,NA,NA,NA,NA,NA,NA,NA,NA,NA,NA,NA,NA,NA
M17 [Details of deaths reported during the month with probable causes:],17.4.9(a),Number of cases of Maternal deaths (age 15-49 years) with the probable cause being Abortion,4. Total,2,NA,NA,1,NA,NA,NA,NA,NA,NA,NA,NA,NA,NA,NA,NA,NA,NA,NA,NA,NA,NA,NA,NA,NA,NA,NA,1
M17 [Details of deaths reported during the month with probable causes:],17.4.9(b),Number of cases of Maternal deaths (age 15-49 years) with the probable cause being Obstructed or prolonged labour,1. 6-14 yrs,NA,NA,NA,NA,NA,NA,NA,NA,NA,NA,NA,NA,NA,NA,NA,NA,NA,NA,NA,NA,NA,NA,NA,NA,NA,NA,NA,NA
M17 [Details of deaths reported during the month with probable causes:],17.4.9(b),Number of cases of Maternal deaths (age 15-49 years) with the probable cause being Obstructed or prolonged labour,2. 15-49 yrs,2,NA,1,NA,NA,NA,NA,NA,NA,NA,NA,NA,NA,NA,NA,1,NA,NA,NA,NA,NA,NA,NA,NA,NA,NA,NA,NA
M17 [Details of deaths reported during the month with probable causes:],17.4.9(b),Number of cases of Maternal deaths (age 15-49 years) with the probable cause being Obstructed or prolonged labour,3. Above 49 yrs.,NA,NA,NA,NA,NA,NA,NA,NA,NA,NA,NA,NA,NA,NA,NA,NA,NA,NA,NA,NA,NA,NA,NA,NA,NA,NA,NA,NA
M17 [Details of deaths reported during the month with probable causes:],17.4.9(b),Number of cases of Maternal deaths (age 15-49 years) with the probable cause being Obstructed or prolonged labour,4. Total,2,NA,1,NA,NA,NA,NA,NA,NA,NA,NA,NA,NA,NA,NA,1,NA,NA,NA,NA,NA,NA,NA,NA,NA,NA,NA,NA
M17 [Details of deaths reported during the month with probable causes:],17.4.9(c),Number of cases of Maternal deaths (age 15-49 years) with the probable cause being Severe hypertesnion or fits,1. 6-14 yrs,NA,NA,NA,NA,NA,NA,NA,NA,NA,NA,NA,NA,NA,NA,NA,NA,NA,NA,NA,NA,NA,NA,NA,NA,NA,NA,NA,NA
M17 [Details of deaths reported during the month with probable causes:],17.4.9(c),Number of cases of Maternal deaths (age 15-49 years) with the probable cause being Severe hypertesnion or fits,2. 15-49 yrs,7,NA,1,1,1,NA,NA,NA,NA,NA,NA,NA,NA,NA,1,2,NA,NA,NA,NA,NA,NA,NA,NA,NA,NA,1,NA
M17 [Details of deaths reported during the month with probable causes:],17.4.9(c),Number of cases of Maternal deaths (age 15-49 years) with the probable cause being Severe hypertesnion or fits,3. Above 49 yrs.,NA,NA,NA,NA,NA,NA,NA,NA,NA,NA,NA,NA,NA,NA,NA,NA,NA,NA,NA,NA,NA,NA,NA,NA,NA,NA,NA,NA
M17 [Details of deaths reported during the month with probable causes:],17.4.9(c),Number of cases of Maternal deaths (age 15-49 years) with the probable cause being Severe hypertesnion or fits,4. Total,7,NA,1,1,1,NA,NA,NA,NA,NA,NA,NA,NA,NA,1,2,NA,NA,NA,NA,NA,NA,NA,NA,NA,NA,1,NA
M17 [Details of deaths reported during the month with probable causes:],17.4.9(d),Number of cases of Maternal deaths (age 15-49 years) with the probable cause being Bleeding,1. 6-14 yrs,NA,NA,NA,NA,NA,NA,NA,NA,NA,NA,NA,NA,NA,NA,NA,NA,NA,NA,NA,NA,NA,NA,NA,NA,NA,NA,NA,NA
M17 [Details of deaths reported during the month with probable causes:],17.4.9(d),Number of cases of Maternal deaths (age 15-49 years) with the probable cause being Bleeding,2. 15-49 yrs,5,NA,NA,NA,NA,NA,NA,NA,NA,NA,1,NA,NA,NA,NA,NA,NA,1,NA,NA,NA,1,NA,NA,NA,NA,2,NA
M17 [Details of deaths reported during the month with probable causes:],17.4.9(d),Number of cases of Maternal deaths (age 15-49 years) with the probable cause being Bleeding,3. Above 49 yrs.,NA,NA,NA,NA,NA,NA,NA,NA,NA,NA,NA,NA,NA,NA,NA,NA,NA,NA,NA,NA,NA,NA,NA,NA,NA,NA,NA,NA
M17 [Details of deaths reported during the month with probable causes:],17.4.9(d),Number of cases of Maternal deaths (age 15-49 years) with the probable cause being Bleeding,4. Total,5,NA,NA,NA,NA,NA,NA,NA,NA,NA,1,NA,NA,NA,NA,NA,NA,1,NA,NA,NA,1,NA,NA,NA,NA,2,NA
M17 [Details of deaths reported during the month with probable causes:],17.4.9(e),Number of cases of Maternal deaths (age 15-49 years) with the probable cause being High Fever,1. 6-14 yrs,NA,NA,NA,NA,NA,NA,NA,NA,NA,NA,NA,NA,NA,NA,NA,NA,NA,NA,NA,NA,NA,NA,NA,NA,NA,NA,NA,NA
M17 [Details of deaths reported during the month with probable causes:],17.4.9(e),Number of cases of Maternal deaths (age 15-49 years) with the probable cause being High Fever,2. 15-49 yrs,2,NA,NA,NA,NA,NA,NA,NA,NA,NA,NA,NA,NA,NA,NA,2,NA,NA,NA,NA,NA,NA,NA,NA,NA,NA,NA,NA
M17 [Details of deaths reported during the month with probable causes:],17.4.9(e),Number of cases of Maternal deaths (age 15-49 years) with the probable cause being High Fever,3. Above 49 yrs.,NA,NA,NA,NA,NA,NA,NA,NA,NA,NA,NA,NA,NA,NA,NA,NA,NA,NA,NA,NA,NA,NA,NA,NA,NA,NA,NA,NA
M17 [Details of deaths reported during the month with probable causes:],17.4.9(e),Number of cases of Maternal deaths (age 15-49 years) with the probable cause being High Fever,4. Total,2,NA,NA,NA,NA,NA,NA,NA,NA,NA,NA,NA,NA,NA,NA,2,NA,NA,NA,NA,NA,NA,NA,NA,NA,NA,NA,NA
M17 [Details of deaths reported during the month with probable causes:],17.4.9(f),Number of cases of Maternal deaths (age 15-49 years) with the probable cause being other causes (excluding abortion; obstructed or prolonged labour; severe hypertension or fits;,1. 6-14 yrs,NA,NA,NA,NA,NA,NA,NA,NA,NA,NA,NA,NA,NA,NA,NA,NA,NA,NA,NA,NA,NA,NA,NA,NA,NA,NA,NA,NA
M17 [Details of deaths reported during the month with probable causes:],17.4.9(f),Number of cases of Maternal deaths (age 15-49 years) with the probable cause being other causes (excluding abortion; obstructed or prolonged labour; severe hypertension or fits;,2. 15-49 yrs,52,NA,4,NA,2,NA,NA,2,2,1,1,2,6,1,NA,9,2,1,2,NA,2,4,NA,NA,3,4,3,1
M17 [Details of deaths reported during the month with probable causes:],17.4.9(f),Number of cases of Maternal deaths (age 15-49 years) with the probable cause being other causes (excluding abortion; obstructed or prolonged labour; severe hypertension or fits;,3. Above 49 yrs.,NA,NA,NA,NA,NA,NA,NA,NA,NA,NA,NA,NA,NA,NA,NA,NA,NA,NA,NA,NA,NA,NA,NA,NA,NA,NA,NA,NA
M17 [Details of deaths reported during the month with probable causes:],17.4.9(f),Number of cases of Maternal deaths (age 15-49 years) with the probable cause being other causes (excluding abortion; obstructed or prolonged labour; severe hypertension or fits;,4. Total,52,NA,4,NA,2,NA,NA,2,2,1,1,2,6,1,NA,9,2,1,2,NA,2,4,NA,NA,3,4,3,1
M17 [Details of deaths reported during the month with probable causes:],17.4.10,Number of cases of Adolescent or Adult deaths (age 6 years & above) with the probable cause being Trauma or Accidents or Burn cases,1. 6-14 yrs,10,1,2,NA,NA,NA,NA,NA,NA,NA,NA,1,NA,NA,NA,NA,2,NA,1,NA,1,NA,NA,NA,NA,1,1,NA
M17 [Details of deaths reported during the month with probable causes:],17.4.10,Number of cases of Adolescent or Adult deaths (age 6 years & above) with the probable cause being Trauma or Accidents or Burn cases,2. 15-55 yrs.,82,1,2,8,2,NA,4,2,5,4,1,5,7,NA,1,NA,3,2,2,2,1,1,2,NA,4,13,8,2
M17 [Details of deaths reported during the month with probable causes:],17.4.10,Number of cases of Adolescent or Adult deaths (age 6 years & above) with the probable cause being Trauma or Accidents or Burn cases,3. Above 55 yrs.,14,2,1,NA,1,NA,NA,NA,1,NA,1,NA,2,NA,NA,NA,1,NA,NA,NA,NA,NA,NA,NA,2,1,NA,2
M17 [Details of deaths reported during the month with probable causes:],17.4.10,Number of cases of Adolescent or Adult deaths (age 6 years & above) with the probable cause being Trauma or Accidents or Burn cases,4. Total,106,4,5,8,3,NA,4,2,6,4,2,6,9,NA,1,NA,6,2,3,2,2,1,2,NA,6,15,9,4
M17 [Details of deaths reported during the month with probable causes:],17.4.11,Number of cases of Adolescent or Adult deaths (age 6 years & above) with the probable cause being suicide,1. 6-14 yrs,4,NA,1,1,NA,NA,NA,NA,NA,NA,NA,NA,NA,NA,NA,NA,NA,NA,1,NA,NA,NA,NA,NA,NA,1,NA,NA
M17 [Details of deaths reported during the month with probable causes:],17.4.11,Number of cases of Adolescent or Adult deaths (age 6 years & above) with the probable cause being suicide,2. 15-55 yrs.,52,6,3,2,NA,NA,2,3,2,3,NA,2,2,NA,1,NA,2,1,NA,2,NA,2,NA,2,1,5,7,4
M17 [Details of deaths reported during the month with probable causes:],17.4.11,Number of cases of Adolescent or Adult deaths (age 6 years & above) with the probable cause being suicide,3. Above 55 yrs.,10,1,1,2,1,NA,1,1,NA,NA,NA,NA,NA,NA,NA,NA,NA,NA,NA,1,NA,NA,NA,NA,NA,NA,1,1
M17 [Details of deaths reported during the month with probable causes:],17.4.11,Number of cases of Adolescent or Adult deaths (age 6 years & above) with the probable cause being suicide,4. Total,66,7,5,5,1,NA,3,4,2,3,NA,2,2,NA,1,NA,2,1,1,3,NA,2,NA,2,1,6,8,5
M17 [Details of deaths reported during the month with probable causes:],17.4.12,Number of cases of Adolescent or Adult deaths (age 6 years & above) with the probable cause being Animal bites and stings,1. 6-14 yrs,2,NA,NA,NA,NA,NA,NA,1,NA,NA,NA,NA,NA,NA,NA,NA,NA,NA,NA,NA,NA,NA,1,NA,NA,NA,NA,NA
M17 [Details of deaths reported during the month with probable causes:],17.4.12,Number of cases of Adolescent or Adult deaths (age 6 years & above) with the probable cause being Animal bites and stings,2. 15-55 yrs.,9,NA,1,NA,NA,NA,NA,NA,NA,1,1,1,NA,NA,NA,NA,NA,1,NA,NA,NA,1,1,NA,NA,NA,NA,2
M17 [Details of deaths reported during the month with probable causes:],17.4.12,Number of cases of Adolescent or Adult deaths (age 6 years & above) with the probable cause being Animal bites and stings,3. Above 55 yrs.,4,NA,NA,NA,NA,NA,NA,NA,NA,NA,NA,NA,1,NA,NA,NA,3,NA,NA,NA,NA,NA,NA,NA,NA,NA,NA,NA
M17 [Details of deaths reported during the month with probable causes:],17.4.12,Number of cases of Adolescent or Adult deaths (age 6 years & above) with the probable cause being Animal bites and stings,4. Total,15,NA,1,NA,NA,NA,NA,1,NA,1,1,1,1,NA,NA,NA,3,1,NA,NA,NA,1,2,NA,NA,NA,NA,2
M17 [Details of deaths reported during the month with probable causes:],17.4.13(a),Number of cases of Adolescent or Adult deaths (age 6 years & above) with the probable cause being Known Acute disease,1. 6-14 yrs,7,NA,1,NA,NA,NA,NA,1,NA,NA,NA,NA,NA,1,NA,NA,NA,NA,1,1,NA,NA,NA,1,NA,NA,1,NA
M17 [Details of deaths reported during the month with probable causes:],17.4.13(a),Number of cases of Adolescent or Adult deaths (age 6 years & above) with the probable cause being Known Acute disease,2. 15-55 yrs.,66,4,6,4,1,NA,NA,2,1,2,NA,1,7,1,NA,NA,4,1,1,4,1,1,1,2,2,8,7,5
M17 [Details of deaths reported during the month with probable causes:],17.4.13(a),Number of cases of Adolescent or Adult deaths (age 6 years & above) with the probable cause being Known Acute disease,3. Above 55 yrs.,80,6,NA,9,1,NA,11,1,3,3,1,3,8,NA,1,NA,3,NA,2,NA,1,4,3,NA,1,11,4,4
M17 [Details of deaths reported during the month with probable causes:],17.4.13(a),Number of cases of Adolescent or Adult deaths (age 6 years & above) with the probable cause being Known Acute disease,4. Total,153,10,7,13,2,NA,11,4,4,5,1,4,15,2,1,NA,7,1,4,5,2,5,4,3,3,19,12,9
M17 [Details of deaths reported during the month with probable causes:],17.4.13(b),Number of cases of Adolescent or Adult deaths (age 6 years & above) with the probable cause being Known Chronic disease,1. 6-14 yrs,2,NA,1,NA,NA,NA,1,NA,NA,NA,NA,NA,NA,NA,NA,NA,NA,NA,NA,NA,NA,NA,NA,NA,NA,NA,NA,NA
M17 [Details of deaths reported during the month with probable causes:],17.4.13(b),Number of cases of Adolescent or Adult deaths (age 6 years & above) with the probable cause being Known Chronic disease,2. 15-55 yrs.,85,1,4,8,2,NA,1,3,5,2,2,4,11,1,NA,NA,5,2,1,1,1,6,1,1,2,4,9,8
M17 [Details of deaths reported during the month with probable causes:],17.4.13(b),Number of cases of Adolescent or Adult deaths (age 6 years & above) with the probable cause being Known Chronic disease,3. Above 55 yrs.,229,9,12,21,6,1,13,6,6,15,2,5,33,3,2,NA,5,3,14,5,2,9,2,5,13,19,11,7
M17 [Details of deaths reported during the month with probable causes:],17.4.13(b),Number of cases of Adolescent or Adult deaths (age 6 years & above) with the probable cause being Known Chronic disease,4. Total,316,10,17,29,8,1,15,9,11,17,4,9,44,4,2,NA,10,5,15,6,3,15,3,6,15,23,20,15
M17 [Details of deaths reported during the month with probable causes:],17.4.13(c),Number of cases of Adolescent or Adult deaths (age 6 years & above) where the cause was not known,1. 6-14 yrs,23,NA,2,1,2,NA,NA,NA,NA,NA,2,1,NA,1,NA,NA,2,3,1,NA,NA,NA,3,NA,NA,1,3,1
M17 [Details of deaths reported during the month with probable causes:],17.4.13(c),Number of cases of Adolescent or Adult deaths (age 6 years & above) where the cause was not known,2. 15-55 yrs.,337,11,32,15,18,2,5,1,20,9,9,10,11,14,1,NA,24,12,12,5,15,6,10,5,17,30,28,15
M17 [Details of deaths reported during the month with probable causes:],17.4.13(c),Number of cases of Adolescent or Adult deaths (age 6 years & above) where the cause was not known,3. Above 55 yrs.,575,13,49,21,29,NA,16,15,19,6,10,16,27,33,6,NA,59,10,32,11,18,16,14,21,27,49,42,16
M17 [Details of deaths reported during the month with probable causes:],17.4.13(c),Number of cases of Adolescent or Adult deaths (age 6 years & above) where the cause was not known,4. Total,935,24,83,37,49,2,21,16,39,15,21,27,38,48,7,NA,85,25,45,16,33,22,27,26,44,80,73,32
