Indicator,S.No.,Parameters,Type,District - _Assam,District - Baksa,District - Barpeta,District - Bongaigaon,District - Cachar,District - Chirang,District - Darrang,District - Dhemaji,District - Dhubri,District - Dibrugarh,District - Dima Hasao,District - Goalpara,District - Golaghat,District - Hailakandi,District - Jorhat,District - Kamrup M,District - Kamrup R,District - Karbi Anglong,District - Karimganj,District - Kokrajhar,District - Lakhimpur,District - Marigaon,District - Nagaon,District - Nalbari,District - Sibsagar,District - Sonitpur,District - Tinsukia,District - Udalguri
M1 [Ante Natal Care Services ANC],1.1,Total number of pregnant women Registered for ANC,TOTAL,55788,1339,3094,1314,3017,886,1904,1244,4079,1994,387,2193,1502,1409,1959,3325,2512,1872,2410,1577,1789,1775,5290,1026,1605,3109,1893,1284
M1 [Ante Natal Care Services ANC],1.1.1,Of which Number registered within first trimester (within 12 weeks),TOTAL,46779,1127,2651,1139,2742,702,1675,1064,3004,1800,238,1859,1324,1135,1752,2784,2279,1296,1981,1156,1574,1611,4307,969,1436,2580,1481,1113
M1 [Ante Natal Care Services ANC],1.2,Number of Pregnant women registered under JSY,TOTAL,51198,1313,2879,1314,3096,886,1393,1235,3846,1604,334,2159,1502,1409,1458,1818,2508,1776,2358,1406,1766,1768,5201,1025,1528,2592,1775,1249
M1 [Ante Natal Care Services ANC],1.3,Number of pregnant women received 3 ANC check ups during pregnancy,TOTAL,52519,1205,3111,1157,4116,677,1660,1047,4272,1707,271,2201,1349,1536,1547,2686,2467,1458,2522,1306,1504,1795,5377,1117,1210,2470,1674,1077
M1 [Ante Natal Care Services ANC],1.4.1,Number of pregnant women given TT1 during current pregnancy,TOTAL,45347,1002,2735,1095,2366,762,1463,915,3358,1556,306,1989,1218,932,1632,2763,2074,1603,1836,1325,1508,1522,4429,928,1033,2690,1383,924
M1 [Ante Natal Care Services ANC],1.4.2,Number of pregnant women given TT2 or Booster during current pregnancy,TOTAL,48864,1129,2762,1106,3441,683,1690,944,3489,1592,350,1990,1170,1341,1561,3121,2218,1578,2708,1362,1431,1491,4671,1064,1121,2410,1533,908
M1 [Ante Natal Care Services ANC],1.5,Total number of pregnant women given 100 IFA tablets,TOTAL,47723,1050,2415,804,3184,886,2907,919,3247,1904,247,1500,1077,820,2441,3635,2236,1296,1327,1475,1318,1737,5226,998,1154,1617,1778,525
M1 [Ante Natal Care Services ANC],1.6.1,Number of new cases of Hypertension (BP>140/90) detected in Pregnant women at the institution,TOTAL,1129,11,32,39,30,16,122,0,40,119,0,54,27,17,27,80,20,23,53,28,24,13,82,7,79,107,23,56
M1 [Ante Natal Care Services ANC],1.6.2,Number of Eclampsia cases managed during delivery,TOTAL,65,0,1,NA,3,0,0,0,4,4,0,2,0,0,3,24,0,1,5,3,0,0,3,0,6,4,0,2
M1 [Ante Natal Care Services ANC],1.7.1,Number of Pregnant women with anaemia i.e. Hb level<11 (tested cases),TOTAL,31713,471,1457,691,3108,271,752,836,1572,1762,211,1480,945,709,908,1011,1938,606,1445,703,1003,911,3325,333,1049,2141,1144,931
M1 [Ante Natal Care Services ANC],1.7.2,Number of Pregnant women having severe anaemia (Hb<7) treated at institution,TOTAL,496,0,47,NA,22,0,125,0,9,104,0,14,13,1,29,14,1,27,10,22,3,0,10,0,15,13,17,0
M1 [Ante Natal Care Services ANC],1.8,Number of pregnancy test kits used at SC level,TOTAL,30707,507,924,277,665,296,307,385,646,558,46,828,408,17930,571,54,1193,261,694,89,692,87,1173,240,514,470,701,191
M2 [Deliveries],2.1.1.a,Number of deliveries conducted at Home and attended by trained SBA(i.e. Doctor or Nurse or ANM),TOTAL,2111,14,426,48,249,14,134,8,406,5,25,75,28,113,8,0,44,34,100,66,1,71,78,41,18,72,15,18
M2 [Deliveries],2.1.1.b,Number of deliveries conducted at Home and attended by non trained SBA (i.e. trained TBA or Relatives etc.),TOTAL,6096,97,521,206,119,149,127,1,1764,0,117,135,30,315,1,23,66,169,1000,60,36,178,391,14,8,376,118,75
M2 [Deliveries],2.1.1.c,Total number of deliveries conducted at Home and attended by trained or non-trained SBA (i.e. sum of 2.1.1.a and 2.1.1.b),TOTAL,8207,111,947,254,368,163,261,9,2170,5,142,210,58,428,9,23,110,203,1100,126,37,249,469,55,26,448,133,93
M2 [Deliveries],2.1.2,Number of newborns visited within 24 hours of delivery for deliveries conducted at home,TOTAL,7141,110,919,223,393,101,221,7,1990,5,45,144,55,308,7,23,76,99,987,115,31,240,450,54,22,319,124,73
M2 [Deliveries],2.1.3,Number of mothers paid JSY incentive for deliveries conducted at home,TOTAL,144,0,0,NA,0,0,0,0,144,0,0,0,0,0,0,0,0,0,0,0,0,0,0,0,0,0,0,0
M2 [Deliveries],2.2,Deliveries conducted at Public Institutions (Including C-Sections),TOTAL,43062,878,2463,779,2886,581,1331,1694,2389,1650,204,2034,1183,1006,1283,2220,1888,1489,1391,1455,1641,1703,4675,858,1041,2193,1317,830
M2 [Deliveries],2.2.1,"Out of 2.2, Number discharged under 48 hours of delivery",TOTAL,14766,317,369,401,1574,0,294,744,1353,149,44,920,508,230,128,36,471,916,589,1045,809,343,2127,69,63,502,315,450
M2 [Deliveries],2.2.2.a,Number of mothers paid JSY Incentive for deliveries conducted at Public Institutions,TOTAL,37663,808,1909,766,2826,581,489,1670,2314,1823,193,2030,1145,949,1263,1476,1059,1299,1081,1500,1785,1634,3376,831,1123,1504,1396,833
M2 [Deliveries],2.2.2.b,Number of ASHAs paid JSY Incentive for deliveries conducted at Public Institutions,TOTAL,31021,1002,2981,604,1777,396,49,642,2086,1331,90,1845,1289,870,944,287,1850,1657,1206,829,586,634,3254,696,1241,1488,1005,382
M2 [Deliveries],2.2.2.c,Number of cases of deliveries conducted at Public Institutions where JSY incentive was paid to ANMs or AWWs [only for High Performing States (HPS)],TOTAL,0,NA,NA,NA,NA,NA,NA,NA,NA,0,NA,NA,0,0,0,NA,NA,NA,0,NA,0,NA,0,NA,NA,NA,NA,NA
M2 [Deliveries],2.3,Deliveries conducted at Private Institutions (Including C-Sections),TOTAL,7647,55,94,353,537,16,108,43,43,662,2,134,283,NA,345,1124,97,1,308,61,206,0,1034,380,340,676,632,113
M2 [Deliveries],2.3.1.a,Number of mothers paid JSY Incentive for deliveries conducted at accredited Private Institutions,TOTAL,901,3,NA,2,174,0,0,NA,0,22,2,NA,26,NA,0,27,0,NA,209,NA,52,NA,15,NA,72,163,31,103
M2 [Deliveries],2.3.1.b,Number of ASHAs paid JSY Incentive for deliveries conducted at accredited Private Institutions,TOTAL,161,0,NA,NA,9,0,0,NA,0,0,2,NA,0,NA,0,0,0,NA,0,NA,18,NA,0,NA,7,62,0,63
M2 [Deliveries],2.3.1.c,Number of cases of deliveries conducted at accredited Private Institutions where JSY incentive was paid to ANMs or AWWs [only for High Performing States (HPS)],TOTAL,0,NA,NA,NA,NA,NA,NA,NA,NA,0,NA,NA,NA,NA,0,0,NA,NA,NA,NA,NA,NA,NA,NA,NA,NA,NA,NA
M3 [Number of Caesarean C-Section deliveries performed at],3.1.1,Number of Caesarean (C-Section) deliveries performed at PHCs (Primary Health Centre),TOTAL,0,0,NA,NA,NA,NA,NA,NA,NA,0,NA,NA,NA,0,0,NA,NA,NA,0,NA,NA,NA,0,NA,NA,NA,NA,NA
M3 [Number of Caesarean C-Section deliveries performed at],3.1.2,Number of Caesarean (C-Section) deliveries performed at CHCs (Community Health Centre),TOTAL,304,0,16,0,NA,0,22,0,0,2,0,3,0,0,0,23,115,NA,0,0,0,0,19,2,26,0,76,0
M3 [Number of Caesarean C-Section deliveries performed at],3.1.3,Number of Caesarean (C-Section) deliveries performed at SDHs (Sub-divisional Hospital) or DHs (District Hospital),TOTAL,4669,2,400,64,359,NA,35,262,63,361,37,178,119,1,433,998,23,77,25,126,276,61,90,100,64,341,174,NA
M3 [Number of Caesarean C-Section deliveries performed at],3.1.4,Number of Caesarean (C-Section) deliveries performed at other State owned public institutions,TOTAL,NA,NA,NA,NA,NA,NA,NA,NA,NA,NA,NA,NA,NA,NA,NA,NA,NA,NA,NA,NA,NA,NA,NA,NA,NA,NA,NA,NA
M3 [Number of Caesarean C-Section deliveries performed at],3.1.5,"Total Number of Caesarean (C-Section) deliveries performed at Public facilities i.e. PHC, CHC, SDH, DH and other State owned public institutions (sum of items from 3.1.1 to 3.1.4)",TOTAL,4973,2,416,64,359,0,57,262,63,363,37,181,119,1,433,1021,138,77,25,126,276,61,109,102,90,341,250,0
M3 [Number of Caesarean C-Section deliveries performed at],3.2,No. of C-section deliveries performed at Private facilities,TOTAL,4024,NA,80,228,285,7,86,37,NA,373,NA,75,142,NA,60,549,71,NA,147,47,86,NA,809,324,129,352,137,NA
M4 [Pregnancy outcome & weight of new-born],4.1.1.a,Number of male live births,TOTAL,30332,521,1789,713,2052,386,851,967,2357,1150,194,1240,797,720,896,1667,1072,902,1412,888,967,979,3096,662,744,1671,1115,524
M4 [Pregnancy outcome & weight of new-born],4.1.1.b,Number of female live births,TOTAL,27696,505,1655,661,1680,368,821,751,2146,1152,151,1107,705,670,724,1615,999,761,1321,761,874,967,2991,622,641,1596,951,501
M4 [Pregnancy outcome & weight of new-born],4.1.1.c,Total number of male and female live births (4.1.1.a and 4.1.1.b),TOTAL,58028,1026,3444,1374,3732,754,1672,1718,4503,2302,345,2347,1502,1390,1620,3282,2071,1663,2733,1649,1841,1946,6087,1284,1385,3267,2066,1025
M4 [Pregnancy outcome & weight of new-born],4.1.2,Number of still births,TOTAL,1175,19,97,29,98,5,37,33,85,26,6,43,25,53,28,91,20,40,87,27,43,15,121,15,29,65,22,16
M4 [Pregnancy outcome & weight of new-born],4.1.3,Number of Abortions (spontaneous or induced),TOTAL,6278,76,111,302,206,12,459,569,462,212,17,198,24,51,188,208,361,184,107,239,517,52,519,488,333,30,282,71
M4 [Pregnancy outcome & weight of new-born],4.2.1,Number of Newborns weighed at birth,TOTAL,55892,1025,3443,1382,2844,755,1623,1716,4500,2302,342,2339,947,1389,1621,3365,2003,1625,2721,1572,1841,1954,6105,1284,1379,2743,2059,1013
M4 [Pregnancy outcome & weight of new-born],4.2.2,Number of Newborns having weight less than 2.5 kg,TOTAL,9154,140,569,246,450,72,297,181,767,426,23,412,130,101,626,251,199,143,252,458,485,342,965,203,258,509,476,173
M4 [Pregnancy outcome & weight of new-born],4.3,Number of Newborns breast fed within 1 hour of birth,TOTAL,54931,1018,3437,1380,2497,753,1606,1575,4402,2279,342,2318,1493,1387,1596,3282,1964,1547,2609,1549,1835,1936,5938,1271,1360,2675,2003,879
M5 [Complicated pregnanices],5.1.1,Number of cases of pregnant women with Obstetric Complications and attended at PHCs,TOTAL,968,4,0,9,415,35,0,7,1,53,16,26,7,18,0,0,12,1,212,49,4,4,28,1,0,45,9,12
M5 [Complicated pregnanices],5.1.2,Number of cases of pregnant women with Obstetric Complications and attended at CHCs,TOTAL,914,0,87,NA,NA,25,2,18,0,224,0,78,19,11,0,42,65,1,25,0,0,80,26,48,26,0,123,14
M5 [Complicated pregnanices],5.1.3,Number of cases of pregnant women with Obstetric Complications and attended at SDHs or DHs,TOTAL,3254,0,36,NA,0,10,53,38,167,361,37,22,38,4,303,1092,0,82,6,22,23,6,48,4,616,75,181,30
M5 [Complicated pregnanices],5.1.4,Number of cases of pregnant women with Obstetric Complications and attended at other State owned public institutions,TOTAL,NA,NA,NA,NA,NA,NA,NA,NA,NA,NA,NA,NA,NA,NA,NA,NA,NA,NA,NA,NA,NA,NA,NA,NA,NA,NA,NA,NA
M5 [Complicated pregnanices],5.1.5,"Number of cases of pregnant women with Obstetric Complications and attended at Public facilities i.e. PHC, CHC, SDH, DH and other State owned public institutions (sum of items from 5.1.1 to 5.1.4)",TOTAL,5136,4,123,9,415,70,55,63,168,638,53,126,64,33,303,1134,77,84,243,71,27,90,102,53,642,120,313,56
M5 [Complicated pregnanices],5.2,Number of cases of pregnant women with Obstetric Complications and attended at Private facilities,TOTAL,2058,0,NA,228,2,0,0,NA,NA,369,0,NA,1,NA,0,449,0,0,51,NA,0,NA,695,21,0,132,108,2
M5 [Complicated pregnanices],5.3.1,Number of cases of complicated pregnancies treated with IV antibiotics,TOTAL,9292,0,88,10,361,23,868,25,712,794,53,148,433,21,666,538,255,77,553,33,581,1361,322,14,446,320,561,29
M5 [Complicated pregnanices],5.3.2,Number of cases of complicated pregnancies treated with IV Antihypertensive/Magsulph injection,TOTAL,1037,0,9,35,3,4,35,0,139,2,4,57,11,4,382,50,58,24,12,16,15,3,18,18,57,64,11,6
M5 [Complicated pregnanices],5.3.3,Number of cases of complicated pregnancies treated with IV Oxytocis,TOTAL,8478,27,88,17,735,26,836,25,314,323,53,171,653,15,713,499,432,77,557,234,536,1214,12,21,340,304,215,41
M5 [Complicated pregnanices],5.3.4,Number of cases of complicated pregnancies treated with Blood Transfusion,TOTAL,724,0,0,NA,12,0,0,38,228,0,19,53,75,0,25,24,9,18,16,3,49,83,0,4,41,0,27,0
M6 [Post - Natal Care],6.1,Women getting post partum check-up within 48 hours after delivery,TOTAL,41429,1071,2854,998,1884,356,974,1170,3928,1856,231,2183,763,1222,1236,2832,1181,885,1569,726,1346,1429,4710,1048,794,1649,1847,687
M6 [Post - Natal Care],6.2,Women getting a post partum check up between 48 hours and 14 days after delivery,TOTAL,41233,915,2535,1457,2095,344,1169,1269,3013,1592,203,1737,968,812,1102,852,1638,874,1382,853,3709,1620,4985,1294,1131,1889,1176,619
M6 [Post - Natal Care],6.3,PNC maternal complications attended,TOTAL,221,17,0,NA,7,32,14,0,11,1,0,12,0,0,1,0,6,0,1,4,0,0,19,0,31,65,0,0
M7 [Medical Termination of Pregnancy (MTP)],7.1.1,Number of MTPs conducted at Public Institutions up to 12 weeks of pregnancy,TOTAL,4273,65,68,297,113,8,402,335,325,183,8,83,71,17,92,89,296,120,26,82,224,48,348,180,292,136,201,164
M7 [Medical Termination of Pregnancy (MTP)],7.1.2,Number of MTPs conducted at Public Institutions for more than 12 weeks of pregnancy,TOTAL,298,0,20,0,0,0,5,109,0,4,3,7,14,0,19,5,5,21,0,29,33,1,12,0,0,0,6,5
M7 [Medical Termination of Pregnancy (MTP)],7.1.3,Total number of MTPs conducted at Public Institutions (sum of items 7.1.1 and 7.1.2),TOTAL,4571,65,88,297,113,8,407,444,325,187,11,90,85,17,111,94,301,141,26,111,257,49,360,180,292,136,207,169
M7 [Medical Termination of Pregnancy (MTP)],7.2,Number of MTPs conducted at Private Facilities,TOTAL,484,NA,2,0,36,0,0,0,NA,40,NA,0,0,0,0,48,0,NA,15,0,0,NA,0,238,0,31,74,NA
M8 [RTI/STI Cases],8.1.a,Number of new cases of RTI/STI in males for which treatment was initiated,TOTAL,1403,23,46,33,2,0,20,100,32,0,15,145,132,62,71,75,16,5,74,59,93,16,26,121,37,32,128,40
M8 [RTI/STI Cases],8.1.b,Number of new cases of RTI/STI in females for which treatment was initiated,TOTAL,4256,61,315,169,0,0,168,218,265,30,40,356,130,127,124,313,84,6,58,155,237,154,112,185,540,181,135,93
M8 [RTI/STI Cases],8.1.c,Total number of new cases of RTI/STI in males and females for which treatment was initiated (sum of items 8.1.a and 8.1.b),TOTAL,5659,84,361,202,2,0,188,318,297,30,55,501,262,189,195,388,100,11,132,214,330,170,138,306,577,213,263,133
M8 [RTI/STI Cases],8.2,Number of suspected RTI/STI cases for whom wet mount test was conducted,TOTAL,14,0,0,NA,0,0,0,0,0,0,0,0,0,0,0,14,0,0,0,0,0,0,0,0,0,0,0,0
M9 [Family Planning],9.1.1.a,Number of NSV (No Scalpel Vasectomy) or Conventional Vasectomy conducted at PHCs,TOTAL,158,0,13,2,5,0,0,0,0,30,0,0,0,0,0,0,0,0,0,0,0,0,0,0,0,108,0,0
M9 [Family Planning],9.1.1.b,Number of NSV or Conventional Vasectomy conducted at CHCs,TOTAL,123,0,0,0,NA,0,0,0,0,20,0,0,0,0,0,88,15,0,0,0,0,0,0,0,0,0,0,0
M9 [Family Planning],9.1.1.c,Number of NSV or Conventional Vasectomy conducted at SDHs or DHs,TOTAL,15,NA,0,NA,0,NA,0,1,0,0,0,0,0,0,0,0,0,0,0,0,0,0,11,3,0,0,0,NA
M9 [Family Planning],9.1.1.d,Number of NSV or Conventional Vasectomy conducted at other State owned public institutions,TOTAL,NA,NA,NA,NA,NA,NA,NA,NA,NA,NA,NA,NA,NA,NA,NA,NA,NA,NA,NA,NA,NA,NA,NA,NA,NA,NA,NA,NA
M9 [Family Planning],9.1.1.e,"Total Number of NSV or Conventional Vasectomy conducted at Public facilities i.e. PHC, CHC, SDH, DH and other State owned public institutions (sum of items from 9.1.1.a to 9.1.1.d)",TOTAL,296,0,13,2,5,0,0,1,0,50,0,0,0,0,0,88,15,0,0,0,0,0,11,3,0,108,0,0
M9 [Family Planning],9.1.2,Number of NSV or Conventional Vasectomy conducted at Private facilities,TOTAL,0,0,NA,NA,0,0,0,NA,NA,0,0,NA,0,NA,0,0,0,0,0,NA,0,NA,0,0,0,0,NA,0
M9 [Family Planning],9.2.1.a,Number of Laparoscopic sterilizations conducted at PHCs,TOTAL,1600,94,0,NA,143,0,0,35,0,735,0,0,0,0,123,0,0,0,67,0,0,36,30,0,75,62,200,0
M9 [Family Planning],9.2.1.b,Number of Laparoscopic sterilizations conducted at CHCs,TOTAL,151,0,2,0,10,0,0,0,0,0,0,0,0,0,0,9,0,0,0,0,0,0,40,70,0,0,20,0
M9 [Family Planning],9.2.1.c,Number of Laparoscopic sterilizations conducted at SDHs or DHs,TOTAL,604,NA,0,NA,8,NA,43,0,0,5,0,0,92,0,0,5,0,0,0,0,39,30,9,0,3,343,27,NA
M9 [Family Planning],9.2.1.d,Number of Laparoscopic sterilizations conducted at other State owned public institutions,TOTAL,NA,NA,NA,NA,NA,NA,NA,NA,NA,NA,NA,NA,NA,NA,NA,NA,NA,NA,NA,NA,NA,NA,NA,NA,NA,NA,NA,NA
M9 [Family Planning],9.2.1.e,"Total Number of Laparoscopic sterilizations conducted at Public facilities i.e. PHC, CHC, SDH, DH and other State owned public institutions (sum of items from 9.2.1.a to 9.2.1.d)",TOTAL,2355,94,2,0,161,0,43,35,0,740,0,0,92,0,123,14,0,0,67,0,39,66,79,70,78,405,247,0
M9 [Family Planning],9.2.2,Number of Laparoscopic sterilizations conducted at Private facilities,TOTAL,97,0,NA,NA,4,0,0,NA,NA,0,0,NA,0,NA,1,16,0,0,1,NA,0,NA,0,0,73,0,2,0
M9 [Family Planning],9.3.1.a,Number of Mini-lap sterilizations conducted at PHCs,TOTAL,4,0,0,NA,0,0,0,0,0,0,0,0,0,0,0,4,0,0,0,0,0,0,0,0,0,0,0,0
M9 [Family Planning],9.3.1.b,Number of Mini-lap sterilizations conducted at CHCs,TOTAL,18,0,0,NA,NA,0,0,0,0,0,0,0,0,0,0,0,0,0,0,0,0,0,0,0,0,0,18,0
M9 [Family Planning],9.3.1.c,Number of Mini-lap sterilizations conducted at SDHs or DHs,TOTAL,385,NA,64,NA,48,NA,0,60,0,39,0,34,0,0,49,51,3,0,0,34,0,NA,NA,0,0,0,3,NA
M9 [Family Planning],9.3.1.d,Number of Mini-lap sterilizations conducted at other State owned public institutions,TOTAL,NA,NA,NA,NA,NA,NA,NA,NA,NA,NA,NA,NA,NA,NA,NA,NA,NA,NA,NA,NA,NA,NA,NA,NA,NA,NA,NA,NA
M9 [Family Planning],9.3.1.e,"Total Number of Mini-lap sterilizations conducted at Public facilities i.e. PHC, CHC, SDH, DH and other State owned public institutions (sum of items from 9.3.1.a to 9.3.1.d)",TOTAL,407,0,64,NA,48,0,0,60,0,39,0,34,0,0,49,55,3,0,0,34,0,0,0,0,0,0,21,0
M9 [Family Planning],9.3.2,Number of Mini-lap sterilizations conducted at Private facilities,TOTAL,22,0,NA,NA,0,0,0,NA,NA,0,0,NA,0,NA,0,4,0,0,16,NA,0,NA,2,0,0,0,NA,0
M9 [Family Planning],9.4.1.a,Number of Post-Partum sterilizations conducted at PHCs,TOTAL,7,0,2,NA,5,0,0,0,0,0,0,0,0,0,0,0,0,0,0,0,0,0,0,0,0,0,0,0
M9 [Family Planning],9.4.1.b,Number of Post-Partum sterilizations conducted at CHCs,TOTAL,36,0,5,NA,NA,0,1,0,0,0,0,0,0,0,0,3,3,0,0,0,0,0,0,0,6,0,18,0
M9 [Family Planning],9.4.1.c,Number of Post-Partum sterilizations conducted at SDHs or DHs,TOTAL,391,NA,64,NA,0,NA,6,52,14,39,6,33,1,0,48,11,3,13,0,0,31,NA,NA,13,1,29,27,NA
M9 [Family Planning],9.4.1.d,Number of Post-Partum sterilizations conducted at other State owned public institutions,TOTAL,NA,NA,NA,NA,NA,NA,NA,NA,NA,NA,NA,NA,NA,NA,NA,NA,NA,NA,NA,NA,NA,NA,NA,NA,NA,NA,NA,NA
M9 [Family Planning],9.4.1.e,"Total Number of Post-Partum sterilizations conducted at Public facilities i.e. PHC, CHC, SDH, DH and other State owned public institutions (sum of items from 9.4.1.a to 9.4.1.d)",TOTAL,434,0,71,NA,5,0,7,52,14,39,6,33,1,0,48,14,6,13,0,0,31,0,0,13,7,29,45,0
M9 [Family Planning],9.4.2,Number of Post-Partum sterilizations conducted at Private facilities,TOTAL,100,0,12,NA,0,0,0,NA,NA,0,0,NA,0,NA,0,11,0,0,16,NA,0,NA,49,12,0,0,NA,0
M9 [Family Planning],9.5.1.a,Number of IUCD Insertions conducted at SCs,TOTAL,2540,20,166,156,79,45,418,48,547,49,1,47,26,120,62,26,231,56,42,16,18,63,106,26,30,42,83,17
M9 [Family Planning],9.5.1.b,Number of IUCD Insertions conducted at PHCs,TOTAL,1184,29,46,12,89,32,6,37,109,204,3,47,23,70,62,35,29,47,2,74,12,7,58,49,25,16,45,16
M9 [Family Planning],9.5.1.c,Number of IUCD Insertions conducted at CHCs,TOTAL,905,1,36,2,19,5,25,135,13,69,4,78,25,16,16,10,132,31,0,0,10,0,18,129,22,4,58,47
M9 [Family Planning],9.5.1.d,Number of IUCD Insertions conducted at SDHs or DHs,TOTAL,1304,0,79,5,10,0,13,84,31,118,16,4,188,24,46,272,1,39,1,35,0,6,28,31,171,35,63,4
M9 [Family Planning],9.5.1.e,Number of IUCD Insertions conducted at other State owned public institutions,TOTAL,NA,NA,NA,NA,NA,NA,NA,NA,NA,NA,NA,NA,NA,NA,NA,NA,NA,NA,NA,NA,NA,NA,NA,NA,NA,NA,NA,NA
M9 [Family Planning],9.5.1.f,"Total Number of IUCD Insertions conducted at Public facilities i.e. SC, PHC, CHC, SDH, DH and other State owned public institutions (sum of items from 9.5.1.a to 9.5.1.e)",TOTAL,5933,50,327,175,197,82,462,304,700,440,24,176,262,230,186,343,393,173,45,125,40,76,210,235,248,97,249,84
M9 [Family Planning],9.5.1A,"Out of above total, Post Partum (within 48 hours of delivery) IUCD insertions",TOTAL,2389,0,73,5,22,0,129,198,372,341,10,17,254,68,59,240,67,25,1,4,1,0,35,140,184,18,126,0
M9 [Family Planning],9.5.2,Number of IUCD Insertions conducted at Private facilities,TOTAL,73,0,NA,NA,0,0,0,NA,22,3,0,NA,0,NA,0,9,0,0,1,NA,0,NA,2,12,0,0,11,13
M9 [Family Planning],9.06,Number of IUCD removals,TOTAL,744,11,4,4,20,25,78,29,52,103,4,35,19,22,16,35,31,36,12,48,9,8,40,30,12,11,25,25
M9 [Family Planning],9.07,Number of Oral Pills cycles distributed,TOTAL,145130,3947,10937,5055,7173,2209,3446,2931,10644,4333,983,7241,5986,3163,3970,2330,9091,5042,4813,5872,5027,5191,10897,3814,5738,8380,4199,2718
M9 [Family Planning],9.08,Number of Condom pieces distributed,TOTAL,325370,10975,16278,8882,15452,2883,8350,2608,23941,16399,1935,22208,14315,9344,20571,8001,25118,26523,6985,8047,7887,6339,17526,11180,12342,14428,3497,3356
M9 [Family Planning],9.09,Number of Centchroman (weekly) pills given,TOTAL,706,0,0,0,15,0,0,15,0,7,0,123,22,0,0,29,67,0,79,46,0,11,5,0,11,10,262,4
M9 [Family Planning],9.1,Number of Emergency Contraceptive Pills distributed,TOTAL,2482,3,139,0,73,17,14,19,636,16,8,104,4,120,21,92,212,349,88,79,91,7,181,23,22,68,64,32
M9 [Family Planning],9.11.1.a,Number of cases of complications following male sterilization,TOTAL,0,0,0,NA,0,0,0,0,0,0,0,0,0,0,0,0,0,0,0,0,0,0,0,0,0,0,0,0
M9 [Family Planning],9.11.1.b,Number of cases of complications following female sterilization,TOTAL,2,0,1,NA,0,0,0,0,0,0,0,0,0,0,0,1,0,0,0,0,0,0,0,0,0,0,0,0
M9 [Family Planning],9.11.2.a,Number of failures following male sterilization,TOTAL,0,0,0,NA,0,0,0,0,0,0,0,0,0,0,0,0,0,0,0,0,0,0,0,0,0,0,0,0
M9 [Family Planning],9.11.2.b,Number of failures following female sterilization,TOTAL,2,1,0,NA,0,0,1,0,0,0,0,0,0,0,0,0,0,0,0,0,0,0,0,0,0,0,0,0
M9 [Family Planning],9.11.3.a,Number of deaths following male sterilization,TOTAL,0,0,0,NA,0,0,0,0,0,0,0,0,0,0,0,0,0,0,0,0,0,0,0,0,0,0,0,0
M9 [Family Planning],9.11.3.b,Number of deaths following female sterilization,TOTAL,0,0,0,NA,0,0,0,0,0,0,0,0,0,0,0,0,0,0,0,0,0,0,0,0,0,0,0,0
M9 [Family Planning],9.12,Number of Institutions having NSV trained doctors,TOTAL,38,4,2,NA,3,NA,1,1,2,1,1,1,1,2,1,2,2,1,NA,NA,1,3,2,1,1,3,1,1
M10 [CHILD IMMUNIZATION],10.1.01,Number of Infants (0 to 11 months old)received BCG immunisation,TOTAL,44885,1235,2716,1409,3115,833,809,1301,3517,1907,350,1647,1351,1078,1424,2755,1789,1467,1501,1387,1296,1474,2364,1353,1371,2105,2105,1226
M10 [CHILD IMMUNIZATION],10.1.02,Number of Infants (0 to 11 months old) received DPT1 immunisation,TOTAL,505,8,0,50,120,0,0,0,11,0,0,2,14,0,0,200,0,7,12,35,5,0,20,1,0,15,5,0
M10 [CHILD IMMUNIZATION],10.1.03,Number of Infants (0 to 11 months old) received DPT2 immunisation,TOTAL,489,47,0,28,148,3,0,0,20,1,3,4,12,2,0,125,0,7,18,34,0,0,8,3,0,13,7,6
M10 [CHILD IMMUNIZATION],10.1.04,Number of Infants (0 to 11 months old) received DPT3 immunisation,TOTAL,608,42,0,23,158,23,0,1,47,3,4,9,28,0,4,100,3,4,51,47,1,0,19,6,0,10,18,7
M10 [CHILD IMMUNIZATION],10.1.04A,Number of Infants (0 to 11 months old) received Pentavalent1 immunisation,TOTAL,56421,1477,3690,1501,3456,862,1801,1317,3858,1955,322,2166,1883,1526,1572,2059,2876,1759,2523,1108,1768,2022,5193,1469,1468,3317,2115,1358
M10 [CHILD IMMUNIZATION],10.1.04B,Number of Infants (0 to 11 months old) received Pentavalent2 immunisation,TOTAL,54410,1362,3426,1396,3254,807,1785,1314,3862,1876,355,2097,1815,1409,1646,2001,2668,1683,2353,951,1775,1770,5123,1315,1608,3175,2371,1213
M10 [CHILD IMMUNIZATION],10.1.04C,Number of Infants (0 to 11 months old) received Pentavalent3 immunisation,TOTAL,53269,1397,3421,1405,3198,799,1789,1270,3585,1828,332,2108,1875,1315,1657,2024,2571,1628,2320,960,1853,1784,4971,1206,1499,3152,2081,1241
M10 [CHILD IMMUNIZATION],10.1.05,Number of Infants (0 to 11 months old) received OPV 0 (Birth Dose),TOTAL,27899,401,1095,308,1783,390,899,820,1202,1483,229,569,818,526,1116,1864,693,393,1053,614,963,1222,4112,1051,839,1947,964,545
M10 [CHILD IMMUNIZATION],10.1.06,Number of Infants (0 to 11 months old) received OPV1 (First Dose),TOTAL,57031,1478,3743,1538,3365,813,1766,1310,4020,1922,322,2094,2158,1544,1546,2153,2853,1684,2577,1402,1768,2027,5256,1473,1439,3329,2068,1383
M10 [CHILD IMMUNIZATION],10.1.07,Number of Infants (0 to 11 months old) received OPV2 (Second Dose),TOTAL,54602,1410,3420,1406,3177,780,1737,1315,4001,1813,358,2070,1907,1449,1623,2021,2644,1627,2346,1225,1775,1771,5160,1301,1558,3178,2302,1228
M10 [CHILD IMMUNIZATION],10.1.08,Number of Infants (0 to 11 months old) received OPV3 (Third Dose),TOTAL,53423,1431,3348,1412,3242,772,1748,1265,3786,1765,336,2116,1809,1335,1650,2030,2580,1551,2331,1264,1859,1804,4933,1224,1446,3105,2024,1257
M10 [CHILD IMMUNIZATION],10.1.09A,Number of Infants (upto 48 hrs of age) received Hepatitis-B0 immunisation,TOTAL,22854,271,1047,202,1633,152,640,843,1120,1128,180,509,801,498,578,1519,610,245,771,469,891,1135,3444,788,698,1700,601,381
M10 [CHILD IMMUNIZATION],10.1.09,Number of Infants (0 to 11 months old) received Hepatitis-B1 immunisation,TOTAL,669,9,0,0,39,0,0,0,1,0,0,0,8,0,13,362,0,0,8,32,8,0,0,161,0,23,4,1
M10 [CHILD IMMUNIZATION],10.1.10,Number of Infants (0 to 11 months old) received Hepatitis-B2 immunisation,TOTAL,591,17,0,0,40,3,0,0,12,1,11,1,14,0,10,267,0,0,15,29,9,0,0,138,0,14,6,4
M10 [CHILD IMMUNIZATION],10.1.11,Number of Infants (0 to 11 months old) received Hepatitis-B3 immunisation,TOTAL,755,22,0,1,61,20,0,1,17,27,4,0,13,0,20,243,2,0,52,54,1,0,19,135,0,10,13,40
M10 [CHILD IMMUNIZATION],10.1.12,Number of Infants (0 to 11 months old) received Measles immunisation (First Dose),TOTAL,48872,1269,3006,1175,3236,753,1642,1052,3504,1610,290,1951,1373,1412,1289,1954,2409,1505,2240,1266,1557,1718,4634,1057,1271,2884,1691,1124
M10 [CHILD IMMUNIZATION],10.1.12B,Number of Infants (more than 16 months old) received Measles immunisation (Second Dose),TOTAL,38665,1012,2228,1015,2584,572,1442,931,2100,1404,230,1421,1109,1187,1169,1517,2167,1027,1653,802,1289,1394,3580,822,1086,2446,1536,942
M10 [CHILD IMMUNIZATION],10.1A,No. of Children aged 9 to 12 months who received JE 1st dose,TOTAL,37923,871,2382,1061,2688,644,1527,1025,16,1427,290,1749,1211,1275,1241,1595,2389,894,1530,109,1541,1801,2730,1024,1250,2853,1762,1038
M10 [CHILD IMMUNIZATION],10.1.13.a,Total number of male children (9 to 11 months old) fully immunised (BCG+DPT123/Pentavalent123+OPV123+Measles) during the month,TOTAL,24347,643,1523,605,1671,367,819,529,1818,838,143,1023,724,739,689,854,1242,760,1112,648,795,911,1784,558,639,1514,835,564
M10 [CHILD IMMUNIZATION],10.1.13.b,Total number of female children (9 to 11 months old) fully immunised (BCG+DPT123/Pentavalent123+OPV123+Measles) during the month,TOTAL,22594,616,1280,555,1583,384,774,525,1658,770,147,918,632,664,598,814,1114,741,1036,607,760,800,1717,498,618,1384,850,551
M10 [CHILD IMMUNIZATION],10.1.13.c,Total number of children (9 to 11 months old) fully immunised (BCG+DPT123/Pentavalent123+OPV123+Measles) during the month (sum of items 10.1.13.a and 10.1.13.b),TOTAL,46941,1259,2803,1160,3254,751,1593,1054,3476,1608,290,1941,1356,1403,1287,1668,2356,1501,2148,1255,1555,1711,3501,1056,1257,2898,1685,1115
M10 [CHILD IMMUNIZATION],10.2.1,Number of Infants (more than 16 months old) received DPT Booster dose,TOTAL,39742,1043,2358,1043,2690,588,1443,914,2168,1455,230,1406,1068,1189,1273,1663,2164,1077,1662,890,1289,1375,3704,834,1131,2558,1582,945
M10 [CHILD IMMUNIZATION],10.2.2,Number of Infants (more than 16 months old) received OPV Booster dose,TOTAL,39701,1043,2341,1045,2662,586,1436,893,2187,1453,230,1405,1113,1184,1277,1658,2162,1071,1674,888,1289,1375,3694,834,1087,2571,1586,957
M10 [CHILD IMMUNIZATION],10.2.3,"Number of Infants (more than 16 months old) received Measles, Mumps, Rubella (MMR) Vaccination",TOTAL,81,0,0,NA,1,0,0,0,0,24,0,0,0,0,22,19,0,0,1,0,6,0,0,0,0,8,0,0
M10 [CHILD IMMUNIZATION],10.3.1.a,Total number of male children (12 to 23 months old) fully immunised (BCG+DPT123/Pentavalent123+OPV123+Measles) during the month,TOTAL,5611,28,273,82,309,159,46,39,658,118,79,398,100,54,144,439,145,112,481,182,97,388,550,78,222,296,54,80
M10 [CHILD IMMUNIZATION],10.3.1.b,Total number of female children (12 to 23 months old) fully immunised (BCG+DPT123/Pentavalent123+OPV123+Measles) during the month,TOTAL,5284,18,256,67,305,145,40,53,622,137,92,372,75,45,136,413,132,109,450,173,72,313,557,69,218,272,63,80
M10 [CHILD IMMUNIZATION],10.3.1.c,Total number of children (12 to 23 months old) fully immunised (BCG+DPT123+OPV123/Pentavalent123+Measles) during the month (sum of items 10.3.1.a and 10.3.1.b),TOTAL,10895,46,529,149,614,304,86,92,1280,255,171,770,175,99,280,852,277,221,931,355,169,701,1107,147,440,568,117,160
M10 [CHILD IMMUNIZATION],10.3.2,Number of children (more than 5 years old) given DT5,TOTAL,24872,668,1134,368,1865,295,797,453,906,1395,120,722,864,927,1175,1207,1399,611,858,431,799,988,2148,563,767,1603,1111,698
M10 [CHILD IMMUNIZATION],10.3.3,Number of children (more than 10 years old) given TT10,TOTAL,18396,318,920,189,1659,174,623,240,712,884,134,700,547,805,923,835,907,508,972,384,563,764,1468,399,542,1255,642,329
M10 [CHILD IMMUNIZATION],10.3.4,Number of children (more than 16 years old) given TT16,TOTAL,13424,216,751,110,1274,120,468,165,533,460,134,402,337,607,687,669,575,482,801,324,422,548,1049,282,373,1007,397,231
M10 [CHILD IMMUNIZATION],10.3.5.a,Number of cases of Abscess reported following immunisation [Adverse Event Following Immunisation (AEFI)],TOTAL,4,0,0,NA,0,0,2,0,0,0,0,0,0,0,0,0,1,0,0,0,0,0,0,0,0,0,0,1
M10 [CHILD IMMUNIZATION],10.3.5.b,Number of cases of Death reported following immunisation [Adverse Event Following Immunisation (AEFI)],TOTAL,0,0,0,NA,0,0,0,0,0,0,0,0,0,0,0,0,0,0,0,0,0,0,0,0,0,0,0,0
M10 [CHILD IMMUNIZATION],10.3.5.c,Number of cases of other complications reported following immunisation [Adverse Event Following Immunisation (AEFI)],TOTAL,302,72,2,2,0,0,65,2,0,0,38,0,0,0,0,0,4,0,0,0,0,0,1,29,0,0,0,87
M10 [CHILD IMMUNIZATION],10.4.1,Number of Immunisation sessions planned to be held during the month,TOTAL,27362,804,1297,613,1588,458,844,650,1506,988,334,913,1161,668,1028,620,1056,1070,1164,950,1234,908,2131,757,1104,1767,973,776
M10 [CHILD IMMUNIZATION],10.4.2,Number of Immunisation sessions held during the month,TOTAL,26721,791,1275,600,1554,441,808,629,1450,980,314,880,1150,651,1016,620,1042,1053,1104,927,1154,888,2111,744,1073,1744,966,756
M10 [CHILD IMMUNIZATION],10.4.3,Number of Immunisation sessions held during the month where ASHAs were present,TOTAL,26077,791,1263,541,1499,433,773,629,1404,972,290,844,1135,601,919,616,1041,1047,1049,925,1147,880,2076,686,1063,1723,977,753
M10 [CHILD IMMUNIZATION],10.5.1,Number of children (more than 16 months old) received Japanese Encephalitis (JE) vaccination,TOTAL,29772,620,1828,500,1941,456,1373,926,23,1203,188,1234,1103,971,1159,1028,2132,350,841,78,1261,1457,2264,840,1058,2372,1667,899
M11 [Number of Vitamin A doses],11.1.1,Number of children (9 months to 5 years old) administered 1st dose of Vitamin A (Dose-1),TOTAL,47120,1284,2554,1098,3169,752,1483,885,3683,1567,286,1967,1247,1402,1227,1797,2377,1520,2230,1253,1515,1633,4545,994,1246,2651,1585,1170
M11 [Number of Vitamin A doses],11.1.2,Number of children (9 months to 5 years old) were administered 5th dose of Vitamin A (Dose-5),TOTAL,13962,219,685,182,1066,125,524,193,1169,436,70,374,435,416,619,638,662,252,515,388,471,426,1758,227,431,957,474,250
M11 [Number of Vitamin A doses],11.1.3,Number of children (9 months to 5 years old) administered 9th dose of Vitamin A (Dose-9),TOTAL,17936,454,763,174,1245,157,655,238,1072,900,88,452,560,540,878,947,1031,434,424,382,586,741,1982,438,550,962,844,439
M12 [Number of cases of Childhood Diseases reported during the month0-5 years:],12.1,Number of cases of Diptheria reported in children below 5 years of age,TOTAL,0,0,0,0,0,0,0,0,0,0,0,0,0,0,0,0,0,0,0,0,0,0,0,0,0,0,0,0
M12 [Number of cases of Childhood Diseases reported during the month0-5 years:],12.2,Number of cases of Pertusis reported in children below 5 years of age,TOTAL,0,0,0,0,0,0,0,0,0,0,0,0,0,0,0,0,0,0,0,0,0,0,0,0,0,0,0,0
M12 [Number of cases of Childhood Diseases reported during the month0-5 years:],12.3,Number of cases of Tetanus neonatarum reported in children below 5 years of age,TOTAL,0,0,0,0,0,0,0,0,0,0,0,0,0,0,0,0,0,0,0,0,0,0,0,0,0,0,0,0
M12 [Number of cases of Childhood Diseases reported during the month0-5 years:],12.4,Number of cases of Tetanus other than neonatarum reported in children below 5 years of age,TOTAL,0,0,0,0,0,0,0,0,0,0,0,0,0,0,0,0,0,0,0,0,0,0,0,0,0,0,0,0
M12 [Number of cases of Childhood Diseases reported during the month0-5 years:],12.5,Number of cases of Polio reported in children below 5 years of age,TOTAL,0,0,0,0,0,0,0,0,0,0,0,0,0,0,0,0,0,0,0,0,0,0,0,0,0,0,0,0
M12 [Number of cases of Childhood Diseases reported during the month0-5 years:],12.6,Number of cases of Measles reported in children below 5 years of age,TOTAL,129,4,0,3,1,1,1,6,6,6,2,1,9,2,0,0,5,2,10,12,7,0,19,8,2,1,5,16
M12 [Number of cases of Childhood Diseases reported during the month0-5 years:],12.7,Number of cases of Diarrhoea and Dehydration reported in children below 5 years of age,TOTAL,6451,84,91,82,338,73,431,274,178,193,288,228,154,400,158,270,165,205,493,46,311,79,413,554,175,113,419,236
M12 [Number of cases of Childhood Diseases reported during the month0-5 years:],12.8,Number of cases of Malaria reported in children below 5 years of age,TOTAL,60,0,0,0,0,0,0,0,2,0,1,1,0,0,0,0,0,2,0,0,0,0,0,2,0,0,6,46
M12 [Number of cases of Childhood Diseases reported during the month0-5 years:],12.9,Number of children below 5 years of age admitted with Respiratory Infections,TOTAL,2511,0,29,62,0,25,79,12,74,12,104,27,31,69,107,222,0,43,33,5,98,0,13,674,53,13,461,265
M13 [Blindness Control Programme],13.1,Number of Patients operated for cataract,TOTAL,1126,10,50,NA,34,0,32,4,83,3,1,0,48,0,64,2,83,30,117,65,20,49,89,162,58,13,94,15
M13 [Blindness Control Programme],13.2,Number of Intraocular Lens(IOL) implantations,TOTAL,837,0,50,NA,34,0,32,1,7,3,1,0,48,0,41,2,41,30,112,65,20,0,86,162,50,12,18,22
M13 [Blindness Control Programme],13.3,Number of School children detected with Refractive errors,TOTAL,482,0,32,NA,0,0,21,75,0,15,12,14,0,0,6,0,70,0,0,0,10,1,50,40,62,30,0,44
M13 [Blindness Control Programme],13.4,Number of children provided free glasses,TOTAL,190,0,33,NA,0,0,10,0,0,12,5,0,0,0,0,0,48,0,0,0,0,1,45,24,12,0,0,0
M13 [Blindness Control Programme],13.5,Number of eyes collected through eye donation,TOTAL,0,0,0,NA,0,0,0,0,0,0,0,0,0,0,0,0,0,0,0,0,0,0,0,0,0,0,0,0
M13 [Blindness Control Programme],13.6,Number of eyes utilised for corneal transplant,TOTAL,0,0,0,NA,0,0,0,0,0,0,0,0,0,0,0,0,0,0,0,0,0,0,0,0,0,0,0,0
M14 [Patient Services],14.01,Number of CHC or SDH or DH functioning as First Referral units (FRUs),TOTAL,60,2,2,3,1,1,2,NA,2,1,NA,1,2,NA,4,2,7,1,1,3,2,1,6,3,4,4,5,NA
M14 [Patient Services],14.02,Number of PHCs functioning 24X7 with atleast 3 Staff Nurses,TOTAL,389,14,7,17,19,6,9,15,16,15,6,21,20,8,21,5,22,16,9,15,15,14,30,13,15,16,12,13
M14 [Patient Services],14.03,Number of Anganwadi centres reported to have conducted VHNDs,TOTAL,23606,741,1006,516,1472,421,657,681,1315,908,196,582,1021,568,734,215,1474,808,1041,753,1036,813,2059,524,889,1610,869,697
M14 [Patient Services],14.04,Number of facilities having a Rogi Kalyan Samiti (RKS),TOTAL,140,4,6,4,3,3,2,5,7,4,3,6,6,1,5,3,13,6,2,2,9,4,11,8,4,8,7,4
M14 [Patient Services],14.05,Number of RKS meetings held during the month,TOTAL,393,30,6,9,7,9,9,12,11,10,4,22,18,2,18,15,41,4,7,23,8,30,19,18,26,15,13,7
M14 [Patient Services],14.06,Number of facilities having Ambulance services (Assured Referral Services),TOTAL,574,28,15,15,32,14,13,15,18,17,10,22,30,8,26,9,28,24,15,16,32,17,35,21,26,41,13,34
M14 [Patient Services],14.07,Total Number of times the Ambulance was used for transporting patients during the month,TOTAL,7751,228,136,59,459,187,70,33,826,63,32,190,520,194,34,289,200,112,245,494,264,484,889,72,758,400,263,250
M14 [Patient Services],14.08,Number of Institutions having Operational Sick New Born and Child Care Units (SNCU),TOTAL,26,NA,1,1,1,NA,1,1,2,1,NA,1,1,1,1,2,NA,NA,1,2,1,1,1,1,1,3,1,NA
M14 [Patient Services],14.09,Number of functional Laproscopes in CHC/SDH/DH,TOTAL,22,0,0,NA,0,0,1,0,2,0,0,0,0,3,3,0,0,1,0,1,4,2,2,1,2,0,0,0
M14 [Patient Services],14.09.a,Health Facility Services/Patient Services/Stock out rate of essential Drugs,TOTAL,NA,NA,NA,NA,NA,NA,NA,NA,NA,NA,NA,NA,NA,NA,NA,NA,NA,NA,NA,NA,NA,NA,NA,NA,NA,NA,NA,NA
M14 [Patient Services],14.09.b,Health Facility Services/Patient Services/Blood Units Issued on replacement,TOTAL,NA,NA,NA,NA,NA,NA,NA,NA,NA,NA,NA,NA,NA,NA,NA,NA,NA,NA,NA,NA,NA,NA,NA,NA,NA,NA,NA,NA
M14 [Patient Services],14.09.c,Health Facility Services/Patient Services/Total no. of blood units issued in year,TOTAL,NA,NA,NA,NA,NA,NA,NA,NA,NA,NA,NA,NA,NA,NA,NA,NA,NA,NA,NA,NA,NA,NA,NA,NA,NA,NA,NA,NA
M14 [Patient Services],14.10.1.a,Number of male patients admitted (Inpatients) during the month,1. Children,6843,11,430,31,676,1,259,79,956,387,114,102,345,162,452,96,71,214,356,87,509,388,124,202,196,415,152,28
M14 [Patient Services],14.10.1.a,Number of male patients admitted (Inpatients) during the month,2. Adults,20906,74,667,189,1409,11,695,282,1337,275,259,365,1045,438,1214,3413,144,400,622,430,859,859,1579,356,776,1263,1670,275
M14 [Patient Services],14.10.1.b,Number of female patients (Inpatients) admitted during the month,1. Children,7782,18,588,20,1269,1,208,53,922,387,138,88,392,266,372,73,196,252,387,74,408,291,442,168,172,421,131,45
M14 [Patient Services],14.10.1.b,Number of female patients (Inpatients) admitted during the month,2. Adults,44396,960,1174,446,3664,76,1721,976,2423,915,437,1865,1676,1397,2023,4603,1016,1147,1626,1138,1808,1395,2897,935,2002,2926,2595,555
M14 [Patient Services],14.10.1.c,Total number of patients admitted (Inpatients) during the month (sum of items 14.10.1.a and 14.10.1.b),1. Children,14625,29,1018,51,1945,2,467,132,1878,774,252,190,737,428,824,169,267,466,743,161,917,679,566,370,368,836,283,73
M14 [Patient Services],14.10.1.c,Total number of patients admitted (Inpatients) during the month (sum of items 14.10.1.a and 14.10.1.b),2. Adults,65302,1034,1841,635,5073,87,2416,1258,3760,1190,696,2230,2721,1835,3237,8016,1160,1547,2248,1568,2667,2254,4476,1291,2778,4189,4265,830
M14 [Patient Services],14.10.2.a,Number of death cases of Inpatient males,TOTAL,702,0,68,0,1,0,11,22,138,0,6,24,39,12,65,0,0,25,36,17,42,11,38,11,25,13,10,88
M14 [Patient Services],14.10.2.b,Number of death cases of Inpatient females,TOTAL,416,0,39,0,0,0,9,11,0,0,4,12,19,8,42,0,0,7,21,15,7,8,39,4,17,7,12,135
M14 [Patient Services],14.10.2.c,Number of cases of death of Inpatients (sum of items 14.10.2.a and 14.10.2.b),TOTAL,1118,0,107,0,1,0,20,33,138,0,10,36,58,20,107,0,0,32,57,32,49,19,77,15,42,20,22,223
M14 [Patient Services],14.11,In-Patient Head Count at midnight,TOTAL,50795,34,1602,0,575,89,2088,3409,156,171,2196,5024,28,1301,263,693,956,4399,560,1378,8367,0,9486,0,1927,2295,3245,553
M14 [Patient Services],14.12.1,OPD attendance (All),TOTAL,1834034,38615,71035,40351,88859,19109,43135,33369,121447,100281,13080,57388,69434,22103,69487,98888,84281,38403,52221,32920,50267,63948,190721,49965,101243,137703,92509,53272
M14 [Patient Services],14.13.1,Number of major operations carried out using general or spinal anaesthesia,TOTAL,6545,2,589,97,61,0,36,262,63,64,48,196,140,0,595,2813,218,105,26,162,40,73,39,105,98,344,369,0
M14 [Patient Services],14.13.1A,"Out of 14.13.1,Gynecology- Hysterectomy surgeries",TOTAL,240,0,7,NA,0,0,1,0,7,4,1,1,2,0,0,142,0,1,0,7,0,0,2,0,0,64,1,0
M14 [Patient Services],14.13.1.B,"Patient Services/Operation major (General and spinal anaesthesia)/Major Surgeries excluding Obstetrics, Gynaecology and Opthalmology etc",TOTAL,NA,NA,NA,NA,NA,NA,NA,NA,NA,NA,NA,NA,NA,NA,NA,NA,NA,NA,NA,NA,NA,NA,NA,NA,NA,NA,NA,NA
M14 [Patient Services],14.13.2,Number of minor operations carried out without anaesthesia or using local anaesthesia,TOTAL,1637,0,30,4,28,0,23,0,95,32,39,14,9,0,46,858,116,18,65,18,113,0,7,15,4,22,57,24
M14 [Patient Services],14.13.3,Health Facility Services/Patient Services/Number of post operative Surgical Site infection,TOTAL,NA,NA,NA,NA,NA,NA,NA,NA,NA,NA,NA,NA,NA,NA,NA,NA,NA,NA,NA,NA,NA,NA,NA,NA,NA,NA,NA,NA
M14 [Patient Services],14.14.a,Number of patients given AYUSH treatment,TOTAL,76250,6198,883,89,56,3802,1198,3409,18022,1221,645,9078,1713,0,744,4764,4322,1555,696,501,1498,787,1241,9231,1198,2616,160,623
M14 [Patient Services],14.14.b,Number of patients on whom Dental Procedure was conducted,TOTAL,10307,73,78,62,592,12,420,225,197,0,30,923,501,10,792,349,585,187,618,32,615,150,523,1463,936,368,474,92
M14 [Patient Services],14.14.c,Number of Adolescents counselled,TOTAL,543,43,72,NA,45,94,74,0,0,0,0,23,29,1,0,8,83,32,0,8,0,0,0,0,0,0,0,31
M15 [Laboratory Testing],15.1.a,Health Facility Services/Laboratory Testing/Total Number of lab Tests Done,TOTAL,NA,NA,NA,NA,NA,NA,NA,NA,NA,NA,NA,NA,NA,NA,NA,NA,NA,NA,NA,NA,NA,NA,NA,NA,NA,NA,NA,NA
M15 [Laboratory Testing],15.1.1.a,Number of Haemoglobin (Hb) tests conducted,TOTAL,125135,3271,7132,2347,13587,673,2602,3203,8619,4486,337,6876,3804,4118,4798,2448,8541,1612,2850,1605,5554,5009,10827,3423,2694,8217,4611,1891
M15 [Laboratory Testing],15.1.1.b,"Out of the total number of Hb tests conducted, number of cases having Hb less than 7gm/dl",TOTAL,2230,23,9,23,487,14,270,15,24,55,13,70,20,20,34,24,22,68,175,75,78,41,200,10,63,171,197,29
M15 [Laboratory Testing],15.1.2.a,Number of HIV tests conducted on males,1. Number tested,4669,187,360,278,38,8,53,267,77,25,32,39,279,154,303,268,329,64,149,167,316,35,317,178,158,387,195,6
M15 [Laboratory Testing],15.1.2.a,Number of HIV tests conducted on males,2. Number Positive,12,0,0,2,0,0,0,0,0,0,1,0,0,0,1,0,1,0,0,1,0,0,3,0,0,3,0,0
M15 [Laboratory Testing],15.1.2.b,Number of HIV tests conducted on Female-Non ANC (i.e. non pregnant females),1. Number tested,3961,192,152,208,14,2,163,188,284,37,52,49,151,115,209,43,144,23,111,183,44,135,402,238,179,405,211,27
M15 [Laboratory Testing],15.1.2.b,Number of HIV tests conducted on Female-Non ANC (i.e. non pregnant females),2. Number Positive,5,0,0,1,0,0,0,2,0,0,0,0,0,0,0,0,1,0,0,0,0,0,0,0,0,1,0,0
M15 [Laboratory Testing],15.1.2.c,Number of HIV tests conducted on Female with ANC (i.e. pregnant females),1. Number tested,18471,375,1136,526,903,24,328,682,918,246,126,906,636,47,906,807,1390,206,427,545,740,830,1815,675,836,1396,782,263
M15 [Laboratory Testing],15.1.2.c,Number of HIV tests conducted on Female with ANC (i.e. pregnant females),2. Number Positive,5,0,0,0,0,0,0,0,0,0,0,0,0,0,0,0,1,0,1,0,2,0,0,0,0,1,0,0
M15 [Laboratory Testing],15.1.2.d,Total number of HIV tests conducted (sum of items 15.1.2.a to 15.1.2.c),1. Number tested,27101,754,1648,1012,955,34,544,1137,1279,308,210,994,1066,316,1418,1118,1863,293,687,895,1100,1000,2534,1091,1173,2188,1188,296
M15 [Laboratory Testing],15.1.2.d,Total number of HIV tests conducted (sum of items 15.1.2.a to 15.1.2.c),2. Number Positive,22,0,0,3,0,0,0,2,0,0,1,0,0,0,1,0,3,0,1,1,2,0,3,0,0,5,0,0
M15 [Laboratory Testing],15.2,Number of Widal tests conducted,Number tested,3312,207,112,47,257,275,72,146,92,10,7,383,29,108,54,175,168,29,141,54,185,53,277,172,56,68,8,127
M15 [Laboratory Testing],15.3.a,Number of VDRL tests conducted on males,Number tested,999,118,1,0,24,2,5,120,66,0,1,12,0,0,8,6,19,0,92,53,306,0,24,124,0,3,0,15
M15 [Laboratory Testing],15.3.b,Number of VDRL tests conducted on Female-Non ANC (i.e. non pregnant females),Number tested,2095,86,3,0,21,2,142,145,371,0,0,10,0,0,182,35,143,0,380,198,5,0,164,185,0,0,0,23
M15 [Laboratory Testing],15.3.c,Number of VDRL tests conducted on Female with ANC (i.e. pregnant females),Number tested,7998,53,499,301,312,114,308,533,49,105,19,675,44,63,481,208,1380,21,366,317,369,219,530,308,19,380,120,205
M15 [Laboratory Testing],15.3.d,Total number of VDRL tests conducted (sum of items 15.3.a to 15.3.c),Number tested,11092,257,503,301,357,118,455,798,486,105,20,697,44,63,671,249,1542,21,838,568,680,219,718,617,19,383,120,243
M15 [Laboratory Testing],15.4.1,Number of blood smears examined for Malaria,TOTAL,103803,3408,4191,6087,5455,1303,1130,2192,3898,5452,541,3779,3350,3519,2747,1466,13024,1782,1883,2925,3104,5016,7639,2224,5922,5126,4666,1974
M15 [Laboratory Testing],15.4.2,"Out of blood smears examined for malaria, number of blood smears tested positive for Plasmodium Vivax",TOTAL,194,3,0,0,0,21,1,0,17,0,13,7,0,3,0,0,15,48,4,6,0,0,3,31,0,2,3,17
M15 [Laboratory Testing],15.4.3,"Out of blood smears examined for malaria, number of blood smears tested positive for Plasmodium Falciparum",TOTAL,126,3,0,0,0,18,0,0,4,11,13,8,0,1,0,0,1,26,4,23,0,0,0,0,0,0,1,13
M16 [Stock Position (During the month)],16.1.1,Stock position of DPT vaccines,1. Balance From Previous Month,139413,500,23720,1900,NA,2770,NA,8810,9900,2675,NA,6000,NA,NA,NA,6510,NA,3020,9500,9220,0,354,13100,14592,1732,323,2537,22250
M16 [Stock Position (During the month)],16.1.1,Stock position of DPT vaccines,2. Stocks Received,27100,5000,0,NA,NA,2500,NA,0,0,0,NA,0,NA,NA,NA,10000,NA,0,0,0,0,600,NA,5000,0,0,0,4000
M16 [Stock Position (During the month)],16.1.1,Stock position of DPT vaccines,3. Unusable Stock,0,0,NA,NA,NA,NA,NA,0,NA,0,NA,0,NA,NA,NA,0,NA,NA,0,0,0,0,NA,NA,0,0,0,NA
M16 [Stock Position (During the month)],16.1.1,Stock position of DPT vaccines,4. Stock Distributed,41380,3000,3500,1250,NA,1780,NA,3500,6500,300,NA,2000,NA,NA,NA,2900,NA,1620,5000,2050,0,307,2000,2340,240,0,343,2750
M16 [Stock Position (During the month)],16.1.1,Stock position of DPT vaccines,5. Total Stock,125133,2500,20220,650,0,3490,0,5310,3400,2375,0,4000,0,0,0,13610,0,1400,4500,7170,0,647,11100,17252,1492,323,2194,23500
M16 [Stock Position (During the month)],16.1.1A,Stock Position of Pentavalent,1. Balance From Previous Month,147432,790,1050,6570,NA,6750,NA,25990,NA,2522,NA,15900,NA,NA,NA,0,NA,5780,18220,5310,5000,709,21100,19600,5384,870,537,5350
M16 [Stock Position (During the month)],16.1.1A,Stock Position of Pentavalent,2. Stocks Received,31464,5760,8640,7560,NA,2880,NA,0,NA,0,NA,0,NA,NA,NA,0,NA,0,0,0,0,0,NA,5760,0,0,864,0
M16 [Stock Position (During the month)],16.1.1A,Stock Position of Pentavalent,3. Unusable Stock,0,0,NA,NA,NA,NA,NA,0,NA,0,NA,0,NA,NA,NA,0,NA,NA,0,0,0,0,NA,NA,0,0,0,NA
M16 [Stock Position (During the month)],16.1.1A,Stock Position of Pentavalent,4. Stock Distributed,58792,3650,9650,NA,NA,2610,NA,4000,NA,384,NA,3800,NA,NA,NA,0,NA,3300,8160,1960,0,392,5550,3910,5384,582,110,5350
M16 [Stock Position (During the month)],16.1.1A,Stock Position of Pentavalent,5. Total Stock,120104,2900,40,14130,0,7020,0,21990,0,2138,0,12100,0,0,0,0,0,2480,10060,3350,5000,317,15550,21450,0,288,1291,0
M16 [Stock Position (During the month)],16.1.2,Stock position of OPV vaccines,1. Balance From Previous Month,276484,0,36720,6000,NA,960,NA,22620,29000,66,NA,3960,NA,NA,NA,0,NA,200,10000,6280,120740,138,16940,4373,14522,551,324,3090
M16 [Stock Position (During the month)],16.1.2,Stock position of OPV vaccines,2. Stocks Received,1107040,14000,0,2000,NA,7000,NA,122800,470000,1000,NA,209240,NA,NA,NA,20000,NA,160000,20000,0,0,1000,20000,10000,20000,17000,1000,12000
M16 [Stock Position (During the month)],16.1.2,Stock position of OPV vaccines,3. Unusable Stock,0,0,NA,NA,NA,NA,NA,0,NA,0,NA,0,NA,NA,NA,0,NA,NA,0,0,0,0,NA,NA,0,0,0,NA
M16 [Stock Position (During the month)],16.1.2,Stock position of OPV vaccines,4. Stock Distributed,1143215,12000,23200,NA,NA,7860,NA,134500,487500,736,NA,213200,NA,NA,NA,14860,NA,159880,15000,2000,0,233,29800,10533,8240,17198,475,6000
M16 [Stock Position (During the month)],16.1.2,Stock position of OPV vaccines,5. Total Stock,240309,2000,13520,8000,0,100,0,10920,11500,330,0,0,0,0,0,5140,0,320,15000,4280,120740,905,7140,3840,26282,353,849,9090
M16 [Stock Position (During the month)],16.1.3,Stock position of TT vaccines,1. Balance From Previous Month,149838,40,20560,6000,NA,9560,NA,7460,18000,993,NA,13770,NA,NA,NA,6150,NA,970,11500,3960,4500,311,18050,19600,0,965,549,6900
M16 [Stock Position (During the month)],16.1.3,Stock position of TT vaccines,2. Stocks Received,68100,10000,10000,NA,NA,2500,NA,0,0,500,NA,0,NA,NA,NA,5000,NA,10000,10000,0,0,1000,NA,5760,2340,0,1000,10000
M16 [Stock Position (During the month)],16.1.3,Stock position of TT vaccines,3. Unusable Stock,3000,0,NA,NA,NA,NA,NA,0,NA,0,NA,0,NA,NA,NA,0,NA,NA,0,0,0,0,NA,NA,0,0,0,3000
M16 [Stock Position (During the month)],16.1.3,Stock position of TT vaccines,4. Stock Distributed,88898,7900,11100,1600,NA,1465,NA,4000,14500,733,NA,7850,NA,NA,NA,4620,NA,7340,7000,1850,0,406,6100,3910,2340,97,587,5500
M16 [Stock Position (During the month)],16.1.3,Stock position of TT vaccines,5. Total Stock,126040,2140,19460,4400,0,10595,0,3460,3500,760,0,5920,0,0,0,6530,0,3630,14500,2110,4500,905,11950,21450,0,868,962,8400
M16 [Stock Position (During the month)],16.1.4,Stock position of DT vaccines,1. Balance From Previous Month,2370,0,NA,NA,NA,NA,NA,0,0,0,NA,2370,NA,NA,NA,0,NA,NA,0,0,0,0,0,NA,0,0,0,NA
M16 [Stock Position (During the month)],16.1.4,Stock position of DT vaccines,2. Stocks Received,0,0,NA,NA,NA,NA,NA,0,0,0,NA,0,NA,NA,NA,0,NA,NA,0,0,0,0,NA,NA,0,0,0,NA
M16 [Stock Position (During the month)],16.1.4,Stock position of DT vaccines,3. Unusable Stock,0,0,NA,NA,NA,NA,NA,0,NA,0,NA,0,NA,NA,NA,0,NA,NA,0,0,0,0,NA,NA,0,0,0,NA
M16 [Stock Position (During the month)],16.1.4,Stock position of DT vaccines,4. Stock Distributed,1600,0,NA,NA,NA,NA,NA,0,0,0,NA,1600,NA,NA,NA,0,NA,NA,0,0,0,0,NA,NA,0,0,0,NA
M16 [Stock Position (During the month)],16.1.4,Stock position of DT vaccines,5. Total Stock,770,0,0,0,0,0,0,0,0,0,0,770,0,0,0,0,0,0,0,0,0,0,0,0,0,0,0,0
M16 [Stock Position (During the month)],16.1.5,Stock position of BCG vaccines,1. Balance From Previous Month,216450,1000,22910,4250,NA,1570,NA,20580,15200,3721,NA,6280,NA,NA,NA,3370,NA,13780,28000,10720,19400,672,42050,12080,7254,751,862,2000
M16 [Stock Position (During the month)],16.1.5,Stock position of BCG vaccines,2. Stocks Received,34500,8000,0,NA,NA,3500,NA,0,0,0,NA,6000,NA,NA,NA,5000,NA,0,0,0,0,0,NA,5000,0,0,1000,6000
M16 [Stock Position (During the month)],16.1.5,Stock position of BCG vaccines,3. Unusable Stock,500,0,NA,NA,NA,NA,NA,0,NA,0,NA,0,NA,NA,NA,0,NA,NA,0,0,0,0,NA,NA,0,0,0,500
M16 [Stock Position (During the month)],16.1.5,Stock position of BCG vaccines,4. Stock Distributed,58788,5500,3300,3700,NA,2590,NA,4800,8500,503,NA,2200,NA,NA,NA,3700,NA,5660,4000,2390,0,226,500,3760,3610,129,220,3500
M16 [Stock Position (During the month)],16.1.5,Stock position of BCG vaccines,5. Total Stock,191662,3500,19610,550,0,2480,0,15780,6700,3218,0,10080,0,0,0,4670,0,8120,24000,8330,19400,446,41550,13320,3644,622,1642,4000
M16 [Stock Position (During the month)],16.1.6,Stock position of Measles vaccines,1. Balance From Previous Month,123232,0,10555,1400,NA,7280,NA,8655,13500,1618,NA,5030,NA,NA,NA,6425,NA,7130,2250,10230,9250,421,9550,17440,4414,459,500,7125
M16 [Stock Position (During the month)],16.1.6,Stock position of Measles vaccines,2. Stocks Received,45900,5000,0,1650,NA,1250,NA,0,0,1000,NA,5000,NA,NA,NA,5000,NA,0,10000,0,0,1000,NA,5000,5000,0,1000,5000
M16 [Stock Position (During the month)],16.1.6,Stock position of Measles vaccines,3. Unusable Stock,0,0,NA,NA,NA,NA,NA,0,NA,0,NA,0,NA,NA,NA,0,NA,NA,0,0,0,0,NA,NA,0,0,0,NA
M16 [Stock Position (During the month)],16.1.6,Stock position of Measles vaccines,4. Stock Distributed,58413,3750,6200,NA,NA,2090,NA,4250,9500,605,NA,3750,NA,NA,NA,4125,NA,2875,4500,1250,0,570,5600,2380,4030,21,792,2125
M16 [Stock Position (During the month)],16.1.6,Stock position of Measles vaccines,5. Total Stock,110719,1250,4355,3050,0,6440,0,4405,4000,2013,0,6280,0,0,0,7300,0,4255,7750,8980,9250,851,3950,20060,5384,438,708,10000
M16 [Stock Position (During the month)],16.1.7,Stock position of JE vaccines,1. Balance From Previous Month,100279,34750,13050,6500,NA,0,NA,6350,0,2173,NA,2800,NA,NA,NA,0,NA,2900,5000,0,2650,586,10600,6055,4535,1900,430,0
M16 [Stock Position (During the month)],16.1.7,Stock position of JE vaccines,2. Stocks Received,40000,5000,5000,NA,NA,1500,NA,0,0,1000,NA,10000,NA,NA,NA,0,NA,0,0,0,0,1500,NA,5000,5000,0,1000,5000
M16 [Stock Position (During the month)],16.1.7,Stock position of JE vaccines,3. Unusable Stock,0,0,NA,NA,NA,NA,NA,0,NA,0,NA,0,NA,NA,NA,0,NA,NA,0,0,0,0,NA,NA,0,0,0,NA
M16 [Stock Position (During the month)],16.1.7,Stock position of JE vaccines,4. Stock Distributed,88315,39650,2900,4730,NA,965,NA,4000,0,1616,NA,3200,NA,NA,NA,0,NA,1875,4500,0,0,516,6750,5870,3825,1900,1018,5000
M16 [Stock Position (During the month)],16.1.7,Stock position of JE vaccines,5. Total Stock,51964,100,15150,1770,0,535,0,2350,0,1557,0,9600,0,0,0,0,0,1025,500,0,2650,1570,3850,5185,5710,0,412,0
M16 [Stock Position (During the month)],16.1.8,Stock position of Hepatitis B vaccines,1. Balance From Previous Month,144828,3000,0,15400,NA,650,NA,9750,5800,2590,NA,1730,NA,NA,NA,8380,NA,6760,17000,16500,7830,292,25900,13244,1943,1030,779,6250
M16 [Stock Position (During the month)],16.1.8,Stock position of Hepatitis B vaccines,2. Stocks Received,5000,4000,0,NA,NA,1000,NA,0,0,0,NA,0,NA,NA,NA,0,NA,0,0,0,0,0,NA,0,0,0,0,0
M16 [Stock Position (During the month)],16.1.8,Stock position of Hepatitis B vaccines,3. Unusable Stock,0,0,NA,NA,NA,NA,NA,0,NA,0,NA,0,NA,NA,NA,0,NA,NA,0,0,0,0,NA,NA,0,0,0,NA
M16 [Stock Position (During the month)],16.1.8,Stock position of Hepatitis B vaccines,4. Stock Distributed,8759,500,0,500,NA,850,NA,500,500,200,NA,1000,NA,NA,NA,1300,NA,500,0,1000,0,63,200,500,790,323,33,0
M16 [Stock Position (During the month)],16.1.8,Stock position of Hepatitis B vaccines,5. Total Stock,141069,6500,0,14900,0,800,0,9250,5300,2390,0,730,0,0,0,7080,0,6260,17000,15500,7830,229,25700,12744,1153,707,746,6250
M16 [Stock Position (During the month)],16.2.1,Stock Position of IU 380 A (to be used for Family Planning),1. Balance From Previous Month,5367,0,681,NA,NA,NA,NA,1005,0,800,NA,900,NA,NA,NA,NA,NA,351,650,630,0,0,0,NA,0,250,NA,100
M16 [Stock Position (During the month)],16.2.1,Stock Position of IU 380 A (to be used for Family Planning),2. Stocks Received,2600,0,0,NA,NA,NA,NA,0,0,2400,NA,0,NA,NA,NA,NA,NA,0,200,0,0,0,NA,NA,0,0,NA,0
M16 [Stock Position (During the month)],16.2.1,Stock Position of IU 380 A (to be used for Family Planning),3. Unusable Stock,0,0,NA,NA,NA,NA,NA,0,NA,0,NA,0,NA,NA,NA,NA,NA,NA,0,0,0,0,NA,NA,0,0,NA,NA
M16 [Stock Position (During the month)],16.2.1,Stock Position of IU 380 A (to be used for Family Planning),4. Stock Distributed,3410,0,0,NA,NA,NA,NA,500,0,2600,NA,300,NA,NA,NA,NA,NA,10,0,0,0,0,NA,NA,0,0,NA,0
M16 [Stock Position (During the month)],16.2.1,Stock Position of IU 380 A (to be used for Family Planning),5. Total Stock,4557,0,681,0,0,0,0,505,0,600,0,600,0,0,0,0,0,341,850,630,0,0,0,0,0,250,0,100
M16 [Stock Position (During the month)],16.2.2,Stock Position of Condoms (to be used for Family Planning),1. Balance From Previous Month,207160,0,41160,NA,NA,NA,NA,57020,0,11290,NA,22660,NA,NA,NA,NA,NA,10620,59220,0,0,0,0,NA,0,5040,NA,150
M16 [Stock Position (During the month)],16.2.2,Stock Position of Condoms (to be used for Family Planning),2. Stocks Received,30330,0,0,NA,NA,NA,NA,0,0,20250,NA,0,NA,NA,NA,NA,NA,0,10080,0,0,0,NA,NA,0,0,NA,0
M16 [Stock Position (During the month)],16.2.2,Stock Position of Condoms (to be used for Family Planning),3. Unusable Stock,0,0,NA,NA,NA,NA,NA,0,NA,0,NA,0,NA,NA,NA,NA,NA,NA,0,0,0,0,NA,NA,0,0,NA,NA
M16 [Stock Position (During the month)],16.2.2,Stock Position of Condoms (to be used for Family Planning),4. Stock Distributed,93320,0,25620,NA,NA,NA,NA,20160,0,11560,NA,15820,NA,NA,NA,NA,NA,0,20160,0,0,0,NA,NA,0,0,NA,0
M16 [Stock Position (During the month)],16.2.2,Stock Position of Condoms (to be used for Family Planning),5. Total Stock,144170,0,15540,0,0,0,0,36860,0,19980,0,6840,0,0,0,0,0,10620,49140,0,0,0,0,0,0,5040,0,150
M16 [Stock Position (During the month)],16.2.3,Stock Position of Oral Contraceptive (to be used for Family Planning),1. Balance From Previous Month,107199,0,19200,NA,NA,NA,NA,2599,0,0,NA,17200,NA,NA,NA,NA,NA,48800,12000,0,0,4400,0,NA,0,1000,NA,2000
M16 [Stock Position (During the month)],16.2.3,Stock Position of Oral Contraceptive (to be used for Family Planning),2. Stocks Received,15200,0,0,NA,NA,NA,NA,0,0,6000,NA,0,NA,NA,NA,NA,NA,0,9200,0,0,0,NA,NA,0,0,NA,0
M16 [Stock Position (During the month)],16.2.3,Stock Position of Oral Contraceptive (to be used for Family Planning),3. Unusable Stock,0,0,NA,NA,NA,NA,NA,0,NA,0,NA,0,NA,NA,NA,NA,NA,NA,0,0,0,0,NA,NA,0,0,NA,NA
M16 [Stock Position (During the month)],16.2.3,Stock Position of Oral Contraceptive (to be used for Family Planning),4. Stock Distributed,31300,0,9700,NA,NA,NA,NA,1800,0,1800,NA,8200,NA,NA,NA,NA,NA,0,7200,0,0,2600,NA,NA,0,0,NA,0
M16 [Stock Position (During the month)],16.2.3,Stock Position of Oral Contraceptive (to be used for Family Planning),5. Total Stock,91099,0,9500,0,0,0,0,799,0,4200,0,9000,0,0,0,0,0,48800,14000,0,0,1800,0,0,0,1000,0,2000
M16 [Stock Position (During the month)],16.2.4,Stock Position of Emergency Contraceptive (to be used for Family Planning),1. Balance From Previous Month,18870,0,0,NA,NA,NA,NA,2470,0,0,NA,9400,NA,NA,NA,NA,NA,2300,1200,0,0,2700,0,NA,0,500,NA,300
M16 [Stock Position (During the month)],16.2.4,Stock Position of Emergency Contraceptive (to be used for Family Planning),2. Stocks Received,4200,0,3000,NA,NA,NA,NA,0,0,0,NA,0,NA,NA,NA,NA,NA,0,1200,0,0,0,NA,NA,0,0,NA,0
M16 [Stock Position (During the month)],16.2.4,Stock Position of Emergency Contraceptive (to be used for Family Planning),3. Unusable Stock,0,0,NA,NA,NA,NA,NA,0,NA,0,NA,0,NA,NA,NA,NA,NA,NA,0,0,0,0,NA,NA,0,0,NA,NA
M16 [Stock Position (During the month)],16.2.4,Stock Position of Emergency Contraceptive (to be used for Family Planning),4. Stock Distributed,4800,0,1500,NA,NA,NA,NA,600,0,0,NA,2000,NA,NA,NA,NA,NA,0,0,0,0,700,NA,NA,0,0,NA,0
M16 [Stock Position (During the month)],16.2.4,Stock Position of Emergency Contraceptive (to be used for Family Planning),5. Total Stock,18270,0,1500,0,0,0,0,1870,0,0,0,7400,0,0,0,0,0,2300,2400,0,0,2000,0,0,0,500,0,300
M16 [Stock Position (During the month)],16.2.5,Stock Position of Tubal Rings (to be used for Family Planning),1. Balance From Previous Month,42507,0,2300,NA,NA,NA,NA,15707,5000,5500,NA,800,NA,NA,NA,NA,NA,5000,2000,700,0,0,0,NA,2400,2200,NA,900
M16 [Stock Position (During the month)],16.2.5,Stock Position of Tubal Rings (to be used for Family Planning),2. Stocks Received,0,0,0,NA,NA,NA,NA,0,0,0,NA,0,NA,NA,NA,NA,NA,0,0,0,0,0,NA,NA,0,0,NA,0
M16 [Stock Position (During the month)],16.2.5,Stock Position of Tubal Rings (to be used for Family Planning),3. Unusable Stock,0,0,NA,NA,NA,NA,NA,0,NA,0,NA,0,NA,NA,NA,NA,NA,NA,0,0,0,0,NA,NA,0,0,NA,NA
M16 [Stock Position (During the month)],16.2.5,Stock Position of Tubal Rings (to be used for Family Planning),4. Stock Distributed,1673,0,0,NA,NA,NA,NA,73,0,1600,NA,0,NA,NA,NA,NA,NA,0,0,0,0,0,NA,NA,0,0,NA,0
M16 [Stock Position (During the month)],16.2.5,Stock Position of Tubal Rings (to be used for Family Planning),5. Total Stock,40834,0,2300,0,0,0,0,15634,5000,3900,0,800,0,0,0,0,0,5000,2000,700,0,0,0,0,2400,2200,0,900
M16 [Stock Position (During the month)],16.3.01,Stock Position of Oxytocin Injection,1. Balance From Previous Month,316994,0,NA,NA,NA,840,NA,0,NA,NA,NA,NA,NA,NA,NA,NA,NA,NA,0,0,0,9110,288100,14000,2470,NA,2274,200
M16 [Stock Position (During the month)],16.3.01,Stock Position of Oxytocin Injection,2. Stocks Received,0,0,NA,NA,NA,0,NA,0,NA,NA,NA,NA,NA,NA,NA,NA,NA,NA,0,0,0,0,NA,0,0,NA,0,0
M16 [Stock Position (During the month)],16.3.01,Stock Position of Oxytocin Injection,3. Unusable Stock,0,0,NA,NA,NA,NA,NA,0,NA,NA,NA,NA,NA,NA,NA,NA,NA,NA,0,0,0,0,NA,NA,0,NA,0,NA
M16 [Stock Position (During the month)],16.3.01,Stock Position of Oxytocin Injection,4. Stock Distributed,60070,0,NA,NA,NA,480,NA,0,NA,NA,NA,NA,NA,NA,NA,NA,NA,NA,0,0,0,2760,55000,0,310,NA,1320,200
M16 [Stock Position (During the month)],16.3.01,Stock Position of Oxytocin Injection,5. Total Stock,256924,0,0,0,0,360,0,0,0,0,0,0,0,0,0,0,0,0,0,0,0,6350,233100,14000,2160,0,954,0
M16 [Stock Position (During the month)],16.3.02,Stock Position of Gloves,1. Balance From Previous Month,2670,0,NA,NA,NA,50,NA,200,NA,NA,NA,NA,NA,NA,NA,NA,NA,NA,600,0,0,320,0,0,1200,NA,NA,300
M16 [Stock Position (During the month)],16.3.02,Stock Position of Gloves,2. Stocks Received,65000,0,NA,NA,NA,12000,NA,0,NA,NA,NA,NA,NA,NA,NA,NA,NA,NA,12000,0,0,0,33000,NA,0,NA,8000,0
M16 [Stock Position (During the month)],16.3.02,Stock Position of Gloves,3. Unusable Stock,0,0,NA,NA,NA,NA,NA,0,NA,NA,NA,NA,NA,NA,NA,NA,NA,NA,0,0,0,0,NA,NA,0,NA,NA,NA
M16 [Stock Position (During the month)],16.3.02,Stock Position of Gloves,4. Stock Distributed,23200,0,NA,NA,NA,2550,NA,200,NA,NA,NA,NA,NA,NA,NA,NA,NA,NA,6500,0,0,0,10000,NA,1200,NA,2750,0
M16 [Stock Position (During the month)],16.3.02,Stock Position of Gloves,5. Total Stock,44470,0,0,0,0,9500,0,0,0,0,0,0,0,0,0,0,0,0,6100,0,0,320,23000,0,0,0,5250,300
M16 [Stock Position (During the month)],16.3.03,Stock Position of MVA Syringes,1. Balance From Previous Month,0,NA,NA,NA,NA,NA,NA,0,NA,NA,NA,NA,NA,NA,NA,NA,NA,NA,0,0,0,0,0,0,0,NA,NA,0
M16 [Stock Position (During the month)],16.3.03,Stock Position of MVA Syringes,2. Stocks Received,0,0,NA,NA,NA,NA,NA,0,NA,NA,NA,NA,NA,NA,NA,NA,NA,NA,0,0,0,0,NA,NA,0,NA,NA,0
M16 [Stock Position (During the month)],16.3.03,Stock Position of MVA Syringes,3. Unusable Stock,0,0,NA,NA,NA,NA,NA,0,NA,NA,NA,NA,NA,NA,NA,NA,NA,NA,0,0,0,0,NA,NA,0,NA,NA,NA
M16 [Stock Position (During the month)],16.3.03,Stock Position of MVA Syringes,4. Stock Distributed,0,0,NA,NA,NA,NA,NA,0,NA,NA,NA,NA,NA,NA,NA,NA,NA,NA,0,0,0,0,NA,NA,0,NA,NA,0
M16 [Stock Position (During the month)],16.3.03,Stock Position of MVA Syringes,5. Total Stock,0,0,0,0,0,0,0,0,0,0,0,0,0,0,0,0,0,0,0,0,0,0,0,0,0,0,0,0
M16 [Stock Position (During the month)],16.3.04,Stock Position of Fluconazole Tablets,1. Balance From Previous Month,73890,0,NA,NA,NA,NA,NA,0,NA,NA,NA,NA,NA,NA,NA,NA,NA,NA,1800,0,0,0,43500,0,0,NA,NA,28590
M16 [Stock Position (During the month)],16.3.04,Stock Position of Fluconazole Tablets,2. Stocks Received,0,0,NA,NA,NA,NA,NA,0,NA,NA,NA,NA,NA,NA,NA,NA,NA,NA,0,0,0,0,NA,NA,0,NA,NA,0
M16 [Stock Position (During the month)],16.3.04,Stock Position of Fluconazole Tablets,3. Unusable Stock,0,0,NA,NA,NA,NA,NA,0,NA,NA,NA,NA,NA,NA,NA,NA,NA,NA,0,0,0,0,NA,NA,0,NA,NA,NA
M16 [Stock Position (During the month)],16.3.04,Stock Position of Fluconazole Tablets,4. Stock Distributed,12500,0,NA,NA,NA,NA,NA,0,NA,NA,NA,NA,NA,NA,NA,NA,NA,NA,500,0,0,0,12000,NA,0,NA,NA,0
M16 [Stock Position (During the month)],16.3.04,Stock Position of Fluconazole Tablets,5. Total Stock,61390,0,0,0,0,0,0,0,0,0,0,0,0,0,0,0,0,0,1300,0,0,0,31500,0,0,0,0,28590
M16 [Stock Position (During the month)],16.3.05,Stock Position of Blood Transfusion Sets,1. Balance From Previous Month,100,0,NA,NA,NA,NA,NA,0,NA,NA,NA,NA,NA,NA,NA,NA,NA,NA,100,0,0,0,0,0,0,NA,NA,NA
M16 [Stock Position (During the month)],16.3.05,Stock Position of Blood Transfusion Sets,2. Stocks Received,1000,0,NA,NA,NA,NA,NA,0,NA,NA,NA,NA,NA,NA,NA,NA,NA,NA,200,0,0,0,800,NA,0,NA,NA,NA
M16 [Stock Position (During the month)],16.3.05,Stock Position of Blood Transfusion Sets,3. Unusable Stock,0,0,NA,NA,NA,NA,NA,0,NA,NA,NA,NA,NA,NA,NA,NA,NA,NA,0,0,0,0,NA,NA,0,NA,NA,NA
M16 [Stock Position (During the month)],16.3.05,Stock Position of Blood Transfusion Sets,4. Stock Distributed,200,0,NA,NA,NA,NA,NA,0,NA,NA,NA,NA,NA,NA,NA,NA,NA,NA,200,0,0,0,NA,NA,0,NA,NA,NA
M16 [Stock Position (During the month)],16.3.05,Stock Position of Blood Transfusion Sets,5. Total Stock,900,0,0,0,0,0,0,0,0,0,0,0,0,0,0,0,0,0,100,0,0,0,800,0,0,0,0,0
M16 [Stock Position (During the month)],16.3.06,Stock Position of Gluteraldehyde solution of 2% concentration,1. Balance From Previous Month,0,0,NA,NA,NA,NA,NA,0,NA,NA,NA,NA,NA,NA,NA,NA,NA,NA,0,0,0,0,0,0,0,NA,NA,NA
M16 [Stock Position (During the month)],16.3.06,Stock Position of Gluteraldehyde solution of 2% concentration,2. Stocks Received,0,0,NA,NA,NA,NA,NA,0,NA,NA,NA,NA,NA,NA,NA,NA,NA,NA,0,0,0,0,NA,NA,0,NA,NA,NA
M16 [Stock Position (During the month)],16.3.06,Stock Position of Gluteraldehyde solution of 2% concentration,3. Unusable Stock,0,0,NA,NA,NA,NA,NA,0,NA,NA,NA,NA,NA,NA,NA,NA,NA,NA,0,0,0,0,NA,NA,0,NA,NA,NA
M16 [Stock Position (During the month)],16.3.06,Stock Position of Gluteraldehyde solution of 2% concentration,4. Stock Distributed,0,0,NA,NA,NA,NA,NA,0,NA,NA,NA,NA,NA,NA,NA,NA,NA,NA,0,0,0,0,NA,NA,0,NA,NA,NA
M16 [Stock Position (During the month)],16.3.06,Stock Position of Gluteraldehyde solution of 2% concentration,5. Total Stock,0,0,0,0,0,0,0,0,0,0,0,0,0,0,0,0,0,0,0,0,0,0,0,0,0,0,0,0
M16 [Stock Position (During the month)],16.3.07,Stock Position of IFA Tablets,1. Balance From Previous Month,703961,0,NA,NA,NA,NA,NA,0,NA,NA,NA,NA,NA,NA,NA,NA,NA,NA,0,0,0,0,703466,495,0,NA,NA,NA
M16 [Stock Position (During the month)],16.3.07,Stock Position of IFA Tablets,2. Stocks Received,1972500,450000,NA,NA,NA,NA,NA,0,NA,NA,NA,NA,NA,NA,NA,NA,NA,NA,0,0,0,0,1522500,0,0,NA,NA,NA
M16 [Stock Position (During the month)],16.3.07,Stock Position of IFA Tablets,3. Unusable Stock,0,0,NA,NA,NA,NA,NA,0,NA,NA,NA,NA,NA,NA,NA,NA,NA,NA,0,0,0,0,NA,NA,0,NA,NA,NA
M16 [Stock Position (During the month)],16.3.07,Stock Position of IFA Tablets,4. Stock Distributed,1000000,0,NA,NA,NA,NA,NA,0,NA,NA,NA,NA,NA,NA,NA,NA,NA,NA,0,0,0,0,1000000,0,0,NA,NA,NA
M16 [Stock Position (During the month)],16.3.07,Stock Position of IFA Tablets,5. Total Stock,1676461,450000,0,0,0,0,0,0,0,0,0,0,0,0,0,0,0,0,0,0,0,0,1225966,495,0,0,0,0
M16 [Stock Position (During the month)],16.3.08,Stock Position of IFA Syrup (Paediatric),1. Balance From Previous Month,39805,0,NA,NA,NA,0,NA,0,NA,NA,NA,NA,NA,NA,NA,NA,NA,NA,0,0,0,0,0,2250,0,NA,37555,NA
M16 [Stock Position (During the month)],16.3.08,Stock Position of IFA Syrup (Paediatric),2. Stocks Received,666910,0,NA,NA,NA,9810,NA,0,NA,NA,NA,NA,NA,NA,NA,NA,NA,NA,0,0,0,0,57100,0,600000,NA,NA,NA
M16 [Stock Position (During the month)],16.3.08,Stock Position of IFA Syrup (Paediatric),3. Unusable Stock,0,0,NA,NA,NA,NA,NA,0,NA,NA,NA,NA,NA,NA,NA,NA,NA,NA,0,0,0,0,NA,NA,0,NA,NA,NA
M16 [Stock Position (During the month)],16.3.08,Stock Position of IFA Syrup (Paediatric),4. Stock Distributed,251860,0,NA,NA,NA,9810,NA,0,NA,NA,NA,NA,NA,NA,NA,NA,NA,NA,0,0,0,0,25000,0,199550,NA,17500,NA
M16 [Stock Position (During the month)],16.3.08,Stock Position of IFA Syrup (Paediatric),5. Total Stock,454855,0,0,0,0,0,0,0,0,0,0,0,0,0,0,0,0,0,0,0,0,0,32100,2250,400450,0,20055,0
M16 [Stock Position (During the month)],16.3.09,Stock Position of Paediatrics Antibiotics (Cotrimaxozole and Injectable Gentamicin),1. Balance From Previous Month,12790,0,NA,NA,NA,NA,NA,0,NA,NA,NA,NA,NA,NA,NA,NA,NA,NA,4900,0,0,0,4700,2500,690,NA,NA,NA
M16 [Stock Position (During the month)],16.3.09,Stock Position of Paediatrics Antibiotics (Cotrimaxozole and Injectable Gentamicin),2. Stocks Received,5000,3000,NA,NA,NA,NA,NA,0,NA,NA,NA,NA,NA,NA,NA,NA,NA,NA,0,0,0,0,NA,0,2000,NA,NA,NA
M16 [Stock Position (During the month)],16.3.09,Stock Position of Paediatrics Antibiotics (Cotrimaxozole and Injectable Gentamicin),3. Unusable Stock,0,0,NA,NA,NA,NA,NA,0,NA,NA,NA,NA,NA,NA,NA,NA,NA,NA,0,0,0,0,NA,NA,0,NA,NA,NA
M16 [Stock Position (During the month)],16.3.09,Stock Position of Paediatrics Antibiotics (Cotrimaxozole and Injectable Gentamicin),4. Stock Distributed,3080,0,NA,NA,NA,NA,NA,0,NA,NA,NA,NA,NA,NA,NA,NA,NA,NA,0,0,0,0,2500,0,580,NA,NA,NA
M16 [Stock Position (During the month)],16.3.09,Stock Position of Paediatrics Antibiotics (Cotrimaxozole and Injectable Gentamicin),5. Total Stock,14710,3000,0,0,0,0,0,0,0,0,0,0,0,0,0,0,0,0,4900,0,0,0,2200,2500,2110,0,0,0
M16 [Stock Position (During the month)],16.3.10,Stock Position of Vitamin A solution,1. Balance From Previous Month,18510,0,NA,NA,NA,NA,NA,400,NA,NA,NA,NA,NA,NA,NA,NA,NA,NA,2042,0,0,0,9947,3000,1863,NA,1258,0
M16 [Stock Position (During the month)],16.3.10,Stock Position of Vitamin A solution,2. Stocks Received,2000,0,NA,NA,NA,NA,NA,2000,NA,NA,NA,NA,NA,NA,NA,NA,NA,NA,0,0,0,0,NA,0,0,NA,NA,0
M16 [Stock Position (During the month)],16.3.10,Stock Position of Vitamin A solution,3. Unusable Stock,0,0,NA,NA,NA,NA,NA,0,NA,NA,NA,NA,NA,NA,NA,NA,NA,NA,0,0,0,0,NA,NA,0,NA,NA,NA
M16 [Stock Position (During the month)],16.3.10,Stock Position of Vitamin A solution,4. Stock Distributed,7713,0,NA,NA,NA,NA,NA,1240,NA,NA,NA,NA,NA,NA,NA,NA,NA,NA,100,0,0,0,4200,1150,165,NA,858,0
M16 [Stock Position (During the month)],16.3.10,Stock Position of Vitamin A solution,5. Total Stock,12797,0,0,0,0,0,0,1160,0,0,0,0,0,0,0,0,0,0,1942,0,0,0,5747,1850,1698,0,400,0
M16 [Stock Position (During the month)],16.3.11,Stock of ORS (New WHO formulation),1. Balance From Previous Month,3675660,0,NA,NA,NA,6600,NA,235000,NA,NA,NA,NA,NA,NA,NA,NA,NA,NA,69760,0,0,5200,2804800,223030,124770,NA,13000,193500
M16 [Stock Position (During the month)],16.3.11,Stock of ORS (New WHO formulation),2. Stocks Received,260000,60000,NA,NA,NA,0,NA,0,NA,NA,NA,NA,NA,NA,NA,NA,NA,NA,0,0,0,0,NA,0,200000,NA,0,0
M16 [Stock Position (During the month)],16.3.11,Stock of ORS (New WHO formulation),3. Unusable Stock,0,0,NA,NA,NA,NA,NA,0,NA,NA,NA,NA,NA,NA,NA,NA,NA,NA,0,0,0,0,NA,NA,0,NA,0,NA
M16 [Stock Position (During the month)],16.3.11,Stock of ORS (New WHO formulation),4. Stock Distributed,326600,15000,NA,NA,NA,2600,NA,5000,NA,NA,NA,NA,NA,NA,NA,NA,NA,NA,0,0,0,5200,200000,9600,8200,NA,1000,80000
M16 [Stock Position (During the month)],16.3.11,Stock of ORS (New WHO formulation),5. Total Stock,3609060,45000,0,0,0,4000,0,230000,0,0,0,0,0,0,0,0,0,0,69760,0,0,0,2604800,213430,316570,0,12000,113500
M16 [Stock Position (During the month)],16.4.1,Stock Position of 0.1 ml Syringes(AD),1. Balance From Previous Month,20495,6220,0,14,NA,0,NA,400,900,15,NA,0,NA,NA,NA,0,NA,0,100,290,4200,0,6900,20,1420,0,NA,16
M16 [Stock Position (During the month)],16.4.1,Stock Position of 0.1 ml Syringes(AD),2. Stocks Received,7400,0,7000,NA,NA,NA,NA,0,0,0,NA,0,NA,NA,NA,400,NA,0,0,0,0,0,NA,0,0,0,NA,0
M16 [Stock Position (During the month)],16.4.1,Stock Position of 0.1 ml Syringes(AD),3. Unusable Stock,0,0,NA,NA,NA,NA,NA,0,NA,0,NA,0,NA,NA,NA,0,NA,NA,0,0,0,0,NA,NA,0,0,NA,NA
M16 [Stock Position (During the month)],16.4.1,Stock Position of 0.1 ml Syringes(AD),4. Stock Distributed,4384,0,0,14,NA,0,NA,300,500,0,NA,0,NA,NA,NA,400,NA,0,0,0,0,0,2400,20,750,0,NA,0
M16 [Stock Position (During the month)],16.4.1,Stock Position of 0.1 ml Syringes(AD),5. Total Stock,23511,6220,7000,0,0,0,0,100,400,15,0,0,0,0,0,0,0,0,100,290,4200,0,4500,0,670,0,0,16
M16 [Stock Position (During the month)],16.4.2,Stock Position of 0.5 ml Syringes(AD),1. Balance From Previous Month,1587956,1651,59770,67800,NA,97568,NA,80400,49800,64340,NA,86000,NA,NA,NA,41690,NA,52300,31000,37600,308600,38800,50700,65380,186500,110457,NA,157600
M16 [Stock Position (During the month)],16.4.2,Stock Position of 0.5 ml Syringes(AD),2. Stocks Received,80000,0,0,NA,NA,10000,NA,0,0,0,NA,0,NA,NA,NA,40000,NA,0,30000,0,0,0,NA,0,0,0,NA,0
M16 [Stock Position (During the month)],16.4.2,Stock Position of 0.5 ml Syringes(AD),3. Unusable Stock,0,0,NA,NA,NA,NA,NA,0,NA,0,NA,0,NA,NA,NA,0,NA,NA,0,0,0,0,NA,NA,0,0,NA,NA
M16 [Stock Position (During the month)],16.4.2,Stock Position of 0.5 ml Syringes(AD),4. Stock Distributed,218500,0,16400,24400,NA,6600,NA,7200,30000,34000,NA,22400,NA,NA,NA,21200,NA,2000,20000,0,0,6600,9000,11600,2800,4300,NA,0
M16 [Stock Position (During the month)],16.4.2,Stock Position of 0.5 ml Syringes(AD),5. Total Stock,1449456,1651,43370,43400,0,100968,0,73200,19800,30340,0,63600,0,0,0,60490,0,50300,41000,37600,308600,32200,41700,53780,183700,106157,0,157600
M16 [Stock Position (During the month)],16.4.3,Stock Position of 5.0 ml Syringes(Disposable),1. Balance From Previous Month,146608,18820,7875,6700,NA,2750,NA,5000,22700,204,NA,9670,NA,NA,NA,3375,NA,9130,3100,6705,20300,0,14950,1360,7350,2219,NA,4400
M16 [Stock Position (During the month)],16.4.3,Stock Position of 5.0 ml Syringes(Disposable),2. Stocks Received,9800,0,0,NA,NA,NA,NA,0,0,6800,NA,0,NA,NA,NA,1000,NA,0,0,0,0,2000,NA,0,0,0,NA,0
M16 [Stock Position (During the month)],16.4.3,Stock Position of 5.0 ml Syringes(Disposable),3. Unusable Stock,0,0,NA,NA,NA,NA,NA,0,NA,0,NA,0,NA,NA,NA,0,NA,NA,0,0,0,0,NA,NA,0,0,NA,NA
M16 [Stock Position (During the month)],16.4.3,Stock Position of 5.0 ml Syringes(Disposable),4. Stock Distributed,16520,1800,1800,1100,NA,300,NA,1200,0,3300,NA,500,NA,NA,NA,1800,NA,100,0,0,0,1400,1020,1000,450,750,NA,0
M16 [Stock Position (During the month)],16.4.3,Stock Position of 5.0 ml Syringes(Disposable),5. Total Stock,139888,17020,6075,5600,0,2450,0,3800,22700,3704,0,9170,0,0,0,2575,0,9030,3100,6705,20300,600,13930,360,6900,1469,0,4400
M17 [Details of deaths reported during the month with probable causes:],17.1,Number of cases of Infant deaths within 24 hrs of birth,TOTAL,11,NA,1,1,NA,1,1,NA,1,NA,NA,NA,NA,1,NA,NA,NA,3,NA,NA,NA,NA,NA,NA,NA,1,1,NA
M17 [Details of deaths reported during the month with probable causes:],17.2.1,Number of cases of Infant deaths 24 hours to 4 weeks of birth with the probable cause being Sepsis,1. Up to 1 Weeks of Birth,7,NA,4,NA,NA,NA,NA,NA,NA,NA,NA,NA,NA,1,NA,NA,NA,NA,NA,NA,2,NA,NA,NA,NA,NA,NA,NA
M17 [Details of deaths reported during the month with probable causes:],17.2.1,Number of cases of Infant deaths 24 hours to 4 weeks of birth with the probable cause being Sepsis,2. Between 1 week & 4 weeks of birth,6,NA,6,NA,NA,NA,NA,NA,NA,NA,NA,NA,NA,NA,NA,NA,NA,NA,NA,NA,NA,NA,NA,NA,NA,NA,NA,NA
M17 [Details of deaths reported during the month with probable causes:],17.2.1,Number of cases of Infant deaths 24 hours to 4 weeks of birth with the probable cause being Sepsis,3. Total,13,NA,10,NA,NA,NA,NA,NA,NA,NA,NA,NA,NA,1,NA,NA,NA,NA,NA,NA,2,NA,NA,NA,NA,NA,NA,NA
M17 [Details of deaths reported during the month with probable causes:],17.2.2,Number of cases of Infant deaths 24 hours to 4 weeks of birth with the probable cause being Asphyxia,1. Up to 1 Weeks of Birth,53,1,26,3,NA,NA,1,3,1,3,NA,NA,NA,5,NA,NA,NA,NA,1,NA,3,NA,NA,2,2,NA,NA,2
M17 [Details of deaths reported during the month with probable causes:],17.2.2,Number of cases of Infant deaths 24 hours to 4 weeks of birth with the probable cause being Asphyxia,2. Between 1 week & 4 weeks of birth,1,NA,1,NA,NA,NA,NA,NA,NA,NA,NA,NA,NA,NA,NA,NA,NA,NA,NA,NA,NA,NA,NA,NA,NA,NA,NA,NA
M17 [Details of deaths reported during the month with probable causes:],17.2.2,Number of cases of Infant deaths 24 hours to 4 weeks of birth with the probable cause being Asphyxia,3. Total,54,1,27,3,NA,NA,1,3,1,3,NA,NA,NA,5,NA,NA,NA,NA,1,NA,3,NA,NA,2,2,NA,NA,2
M17 [Details of deaths reported during the month with probable causes:],17.2.3,Number of cases of Infant deaths 24 hours to 4 weeks of birth with the probable cause being LBW,1. Up to 1 Weeks of Birth,63,NA,11,4,10,1,2,1,5,NA,NA,4,1,NA,NA,NA,NA,NA,9,NA,2,7,NA,NA,NA,2,3,1
M17 [Details of deaths reported during the month with probable causes:],17.2.3,Number of cases of Infant deaths 24 hours to 4 weeks of birth with the probable cause being LBW,2. Between 1 week & 4 weeks of birth,3,NA,1,NA,NA,NA,NA,NA,NA,NA,NA,NA,NA,NA,NA,NA,NA,NA,NA,NA,NA,1,NA,1,NA,NA,NA,NA
M17 [Details of deaths reported during the month with probable causes:],17.2.3,Number of cases of Infant deaths 24 hours to 4 weeks of birth with the probable cause being LBW,3. Total,66,NA,12,4,10,1,2,1,5,NA,NA,4,1,NA,NA,NA,NA,NA,9,NA,2,8,NA,1,NA,2,3,1
M17 [Details of deaths reported during the month with probable causes:],17.2.4,"Number of cases of Infant deaths 24 hours to 4 weeks of birth with the probable cause being other than Sepsis, Asphyxia and LBW",1. Up to 1 Weeks of Birth,100,2,9,22,4,1,1,4,5,NA,2,1,2,7,NA,NA,3,1,12,NA,NA,3,8,2,2,5,3,1
M17 [Details of deaths reported during the month with probable causes:],17.2.4,"Number of cases of Infant deaths 24 hours to 4 weeks of birth with the probable cause being other than Sepsis, Asphyxia and LBW",2. Between 1 week & 4 weeks of birth,2,NA,NA,1,NA,NA,NA,NA,NA,NA,NA,NA,NA,NA,NA,NA,NA,NA,1,NA,NA,NA,NA,NA,NA,NA,NA,NA
M17 [Details of deaths reported during the month with probable causes:],17.2.4,"Number of cases of Infant deaths 24 hours to 4 weeks of birth with the probable cause being other than Sepsis, Asphyxia and LBW",3. Total,102,2,9,23,4,1,1,4,5,NA,2,1,2,7,NA,NA,3,1,13,NA,NA,3,8,2,2,5,3,1
M17 [Details of deaths reported during the month with probable causes:],17.3.1,Number of cases of Infant or Child deaths between 1 month to 5 years of age with the probable cause being Pneumonia,1. Between 1 month and 11 months,25,4,1,NA,4,1,NA,2,NA,2,NA,1,NA,NA,NA,NA,NA,4,NA,NA,1,2,NA,NA,NA,NA,1,2
M17 [Details of deaths reported during the month with probable causes:],17.3.1,Number of cases of Infant or Child deaths between 1 month to 5 years of age with the probable cause being Pneumonia,2. Between 1 year & 5 years,3,NA,1,NA,NA,NA,NA,NA,1,NA,NA,NA,NA,NA,NA,NA,NA,NA,NA,NA,NA,1,NA,NA,NA,NA,NA,NA
M17 [Details of deaths reported during the month with probable causes:],17.3.1,Number of cases of Infant or Child deaths between 1 month to 5 years of age with the probable cause being Pneumonia,3. Total,28,4,2,NA,4,1,NA,2,1,2,NA,1,NA,NA,NA,NA,NA,4,NA,NA,1,3,NA,NA,NA,NA,1,2
M17 [Details of deaths reported during the month with probable causes:],17.3.2,Number of cases of Infant or Child deaths between 1 month to 5 years of age with the probable cause being Diarrhoea,1. Between 1 month and 11 months,4,NA,NA,NA,NA,NA,NA,NA,NA,NA,NA,NA,NA,NA,NA,NA,NA,NA,3,NA,NA,NA,NA,NA,NA,NA,NA,1
M17 [Details of deaths reported during the month with probable causes:],17.3.2,Number of cases of Infant or Child deaths between 1 month to 5 years of age with the probable cause being Diarrhoea,2. Between 1 year & 5 years,NA,NA,NA,NA,NA,NA,NA,NA,NA,NA,NA,NA,NA,NA,NA,NA,NA,NA,NA,NA,NA,NA,NA,NA,NA,NA,NA,NA
M17 [Details of deaths reported during the month with probable causes:],17.3.2,Number of cases of Infant or Child deaths between 1 month to 5 years of age with the probable cause being Diarrhoea,3. Total,4,NA,NA,NA,NA,NA,NA,NA,NA,NA,NA,NA,NA,NA,NA,NA,NA,NA,3,NA,NA,NA,NA,NA,NA,NA,NA,1
M17 [Details of deaths reported during the month with probable causes:],17.3.3,Number of cases of Infant or Child deaths between 1 month to 5 years of age with the probable cause being Fever related,1. Between 1 month and 11 months,16,2,2,NA,1,1,1,NA,NA,NA,NA,1,NA,NA,NA,NA,NA,NA,3,NA,NA,3,NA,NA,NA,NA,NA,2
M17 [Details of deaths reported during the month with probable causes:],17.3.3,Number of cases of Infant or Child deaths between 1 month to 5 years of age with the probable cause being Fever related,2. Between 1 year & 5 years,2,NA,NA,NA,NA,NA,NA,NA,NA,NA,NA,NA,NA,NA,NA,NA,NA,NA,NA,2,NA,NA,NA,NA,NA,NA,NA,NA
M17 [Details of deaths reported during the month with probable causes:],17.3.3,Number of cases of Infant or Child deaths between 1 month to 5 years of age with the probable cause being Fever related,3. Total,18,2,2,NA,1,1,1,NA,NA,NA,NA,1,NA,NA,NA,NA,NA,NA,3,2,NA,3,NA,NA,NA,NA,NA,2
M17 [Details of deaths reported during the month with probable causes:],17.3.4,Number of cases of Infant or Child deaths between 1 month to 5 years of age with the probable cause being Measles,1. Between 1 month and 11 months,NA,NA,NA,NA,NA,NA,NA,NA,NA,NA,NA,NA,NA,NA,NA,NA,NA,NA,NA,NA,NA,NA,NA,NA,NA,NA,NA,NA
M17 [Details of deaths reported during the month with probable causes:],17.3.4,Number of cases of Infant or Child deaths between 1 month to 5 years of age with the probable cause being Measles,2. Between 1 year & 5 years,NA,NA,NA,NA,NA,NA,NA,NA,NA,NA,NA,NA,NA,NA,NA,NA,NA,NA,NA,NA,NA,NA,NA,NA,NA,NA,NA,NA
M17 [Details of deaths reported during the month with probable causes:],17.3.4,Number of cases of Infant or Child deaths between 1 month to 5 years of age with the probable cause being Measles,3. Total,NA,NA,NA,NA,NA,NA,NA,NA,NA,NA,NA,NA,NA,NA,NA,NA,NA,NA,NA,NA,NA,NA,NA,NA,NA,NA,NA,NA
M17 [Details of deaths reported during the month with probable causes:],17.3.5,"Number of cases of Infant or Child deaths between 1 month to 5 years of age with the probable cause being other than Pneumonia, Diarrhoea, Fever related and Measles",1. Between 1 month and 11 months,91,1,3,5,14,2,1,2,4,NA,NA,1,1,11,NA,NA,2,3,15,NA,3,2,6,1,1,4,5,4
M17 [Details of deaths reported during the month with probable causes:],17.3.5,"Number of cases of Infant or Child deaths between 1 month to 5 years of age with the probable cause being other than Pneumonia, Diarrhoea, Fever related and Measles",2. Between 1 year & 5 years,15,1,3,3,1,NA,3,NA,1,NA,NA,NA,1,NA,NA,NA,NA,NA,NA,NA,NA,1,NA,NA,NA,NA,NA,1
M17 [Details of deaths reported during the month with probable causes:],17.3.5,"Number of cases of Infant or Child deaths between 1 month to 5 years of age with the probable cause being other than Pneumonia, Diarrhoea, Fever related and Measles",3. Total,106,2,6,8,15,2,4,2,5,NA,NA,1,2,11,NA,NA,2,3,15,NA,3,3,6,1,1,4,5,5
M17 [Details of deaths reported during the month with probable causes:],17.4.1,Number of cases of Adolescent or Adult deaths (age 6 years & above) with the probable cause being Diarrhoeal diseases,1. 6-14 yrs,NA,NA,NA,NA,NA,NA,NA,NA,NA,NA,NA,NA,NA,NA,NA,NA,NA,NA,NA,NA,NA,NA,NA,NA,NA,NA,NA,NA
M17 [Details of deaths reported during the month with probable causes:],17.4.1,Number of cases of Adolescent or Adult deaths (age 6 years & above) with the probable cause being Diarrhoeal diseases,2. 15-55 yrs.,2,NA,NA,NA,NA,NA,NA,1,NA,NA,NA,NA,NA,NA,NA,NA,NA,NA,NA,NA,NA,NA,NA,NA,NA,NA,1,NA
M17 [Details of deaths reported during the month with probable causes:],17.4.1,Number of cases of Adolescent or Adult deaths (age 6 years & above) with the probable cause being Diarrhoeal diseases,3. Above 55 yrs.,1,NA,NA,NA,NA,NA,NA,NA,NA,NA,NA,NA,NA,NA,NA,NA,NA,NA,NA,NA,NA,NA,NA,NA,NA,NA,NA,1
M17 [Details of deaths reported during the month with probable causes:],17.4.1,Number of cases of Adolescent or Adult deaths (age 6 years & above) with the probable cause being Diarrhoeal diseases,4. Total,3,NA,NA,NA,NA,NA,NA,1,NA,NA,NA,NA,NA,NA,NA,NA,NA,NA,NA,NA,NA,NA,NA,NA,NA,NA,1,1
M17 [Details of deaths reported during the month with probable causes:],17.4.2,Number of cases of Adolescent or Adult deaths (age 6 years & above) with the probable cause being Tuberculosis,1. 6-14 yrs,1,NA,NA,NA,NA,NA,NA,NA,NA,NA,NA,NA,NA,NA,NA,NA,NA,NA,NA,NA,NA,NA,NA,NA,NA,NA,1,NA
M17 [Details of deaths reported during the month with probable causes:],17.4.2,Number of cases of Adolescent or Adult deaths (age 6 years & above) with the probable cause being Tuberculosis,2. 15-55 yrs.,20,1,2,1,NA,NA,NA,1,NA,NA,NA,NA,5,NA,NA,NA,2,1,NA,NA,NA,NA,1,1,NA,1,3,1
M17 [Details of deaths reported during the month with probable causes:],17.4.2,Number of cases of Adolescent or Adult deaths (age 6 years & above) with the probable cause being Tuberculosis,3. Above 55 yrs.,7,NA,NA,NA,2,NA,NA,1,1,NA,NA,NA,NA,NA,NA,NA,NA,NA,NA,1,NA,NA,NA,NA,NA,1,NA,1
M17 [Details of deaths reported during the month with probable causes:],17.4.2,Number of cases of Adolescent or Adult deaths (age 6 years & above) with the probable cause being Tuberculosis,4. Total,28,1,2,1,2,NA,NA,2,1,NA,NA,NA,5,NA,NA,NA,2,1,NA,1,NA,NA,1,1,NA,2,4,2
M17 [Details of deaths reported during the month with probable causes:],17.4.3,Number of cases of Adolescent or Adult deaths (age 6 years & above) with the probable cause being Respiratory diseases including infections,1. 6-14 yrs,2,NA,NA,NA,1,NA,NA,NA,NA,NA,NA,NA,NA,NA,NA,NA,NA,NA,NA,1,NA,NA,NA,NA,NA,NA,NA,NA
M17 [Details of deaths reported during the month with probable causes:],17.4.3,Number of cases of Adolescent or Adult deaths (age 6 years & above) with the probable cause being Respiratory diseases including infections,2. 15-55 yrs.,25,1,2,1,NA,NA,NA,NA,NA,NA,NA,1,6,1,NA,NA,NA,NA,NA,2,1,1,NA,2,1,NA,6,NA
M17 [Details of deaths reported during the month with probable causes:],17.4.3,Number of cases of Adolescent or Adult deaths (age 6 years & above) with the probable cause being Respiratory diseases including infections,3. Above 55 yrs.,34,1,2,1,NA,NA,NA,1,3,2,NA,1,4,3,NA,NA,1,NA,NA,3,NA,NA,NA,4,NA,NA,5,3
M17 [Details of deaths reported during the month with probable causes:],17.4.3,Number of cases of Adolescent or Adult deaths (age 6 years & above) with the probable cause being Respiratory diseases including infections,4. Total,61,2,4,2,1,NA,NA,1,3,2,NA,2,10,4,NA,NA,1,NA,NA,6,1,1,NA,6,1,NA,11,3
M17 [Details of deaths reported during the month with probable causes:],17.4.4,Number of cases of Adolescent or Adult deaths (age 6 years & above) with the probable cause being Malaria,1. 6-14 yrs,NA,NA,NA,NA,NA,NA,NA,NA,NA,NA,NA,NA,NA,NA,NA,NA,NA,NA,NA,NA,NA,NA,NA,NA,NA,NA,NA,NA
M17 [Details of deaths reported during the month with probable causes:],17.4.4,Number of cases of Adolescent or Adult deaths (age 6 years & above) with the probable cause being Malaria,2. 15-55 yrs.,2,NA,NA,NA,NA,NA,NA,NA,NA,NA,NA,NA,NA,NA,NA,NA,NA,2,NA,NA,NA,NA,NA,NA,NA,NA,NA,NA
M17 [Details of deaths reported during the month with probable causes:],17.4.4,Number of cases of Adolescent or Adult deaths (age 6 years & above) with the probable cause being Malaria,3. Above 55 yrs.,2,NA,NA,NA,NA,NA,NA,NA,NA,2,NA,NA,NA,NA,NA,NA,NA,NA,NA,NA,NA,NA,NA,NA,NA,NA,NA,NA
M17 [Details of deaths reported during the month with probable causes:],17.4.4,Number of cases of Adolescent or Adult deaths (age 6 years & above) with the probable cause being Malaria,4. Total,4,NA,NA,NA,NA,NA,NA,NA,NA,2,NA,NA,NA,NA,NA,NA,NA,2,NA,NA,NA,NA,NA,NA,NA,NA,NA,NA
M17 [Details of deaths reported during the month with probable causes:],17.4.5,Number of cases of Adolescent or Adult deaths (age 6 years & above) with the probable cause being other Fever related,1. 6-14 yrs,3,NA,NA,NA,NA,NA,1,NA,NA,NA,NA,NA,NA,1,NA,NA,NA,NA,NA,NA,NA,NA,NA,NA,NA,1,NA,NA
M17 [Details of deaths reported during the month with probable causes:],17.4.5,Number of cases of Adolescent or Adult deaths (age 6 years & above) with the probable cause being other Fever related,2. 15-55 yrs.,15,NA,1,1,NA,NA,1,NA,1,NA,NA,NA,1,2,NA,NA,NA,1,NA,1,NA,1,NA,NA,NA,1,NA,4
M17 [Details of deaths reported during the month with probable causes:],17.4.5,Number of cases of Adolescent or Adult deaths (age 6 years & above) with the probable cause being other Fever related,3. Above 55 yrs.,27,4,2,2,NA,NA,NA,NA,1,NA,NA,2,1,NA,NA,NA,NA,NA,NA,4,NA,2,NA,NA,1,4,NA,4
M17 [Details of deaths reported during the month with probable causes:],17.4.5,Number of cases of Adolescent or Adult deaths (age 6 years & above) with the probable cause being other Fever related,4. Total,45,4,3,3,NA,NA,2,NA,2,NA,NA,2,2,3,NA,NA,NA,1,NA,5,NA,3,NA,NA,1,6,NA,8
M17 [Details of deaths reported during the month with probable causes:],17.4.6,Number of cases of Adolescent or Adult deaths (age 6 years & above) with the probable cause being HIV/AIDS,1. 6-14 yrs,NA,NA,NA,NA,NA,NA,NA,NA,NA,NA,NA,NA,NA,NA,NA,NA,NA,NA,NA,NA,NA,NA,NA,NA,NA,NA,NA,NA
M17 [Details of deaths reported during the month with probable causes:],17.4.6,Number of cases of Adolescent or Adult deaths (age 6 years & above) with the probable cause being HIV/AIDS,2. 15-55 yrs.,NA,NA,NA,NA,NA,NA,NA,NA,NA,NA,NA,NA,NA,NA,NA,NA,NA,NA,NA,NA,NA,NA,NA,NA,NA,NA,NA,NA
M17 [Details of deaths reported during the month with probable causes:],17.4.6,Number of cases of Adolescent or Adult deaths (age 6 years & above) with the probable cause being HIV/AIDS,3. Above 55 yrs.,NA,NA,NA,NA,NA,NA,NA,NA,NA,NA,NA,NA,NA,NA,NA,NA,NA,NA,NA,NA,NA,NA,NA,NA,NA,NA,NA,NA
M17 [Details of deaths reported during the month with probable causes:],17.4.6,Number of cases of Adolescent or Adult deaths (age 6 years & above) with the probable cause being HIV/AIDS,4. Total,NA,NA,NA,NA,NA,NA,NA,NA,NA,NA,NA,NA,NA,NA,NA,NA,NA,NA,NA,NA,NA,NA,NA,NA,NA,NA,NA,NA
M17 [Details of deaths reported during the month with probable causes:],17.4.7,Number of cases of Adolescent or Adult deaths (age 6 years & above) with the probable cause being Heart disease or related to Hypertension,1. 6-14 yrs,3,NA,2,NA,NA,NA,NA,NA,NA,NA,NA,NA,NA,1,NA,NA,NA,NA,NA,NA,NA,NA,NA,NA,NA,NA,NA,NA
M17 [Details of deaths reported during the month with probable causes:],17.4.7,Number of cases of Adolescent or Adult deaths (age 6 years & above) with the probable cause being Heart disease or related to Hypertension,2. 15-55 yrs.,113,8,8,3,2,NA,4,3,4,11,3,1,13,2,1,NA,3,1,3,4,4,11,1,4,NA,5,9,5
M17 [Details of deaths reported during the month with probable causes:],17.4.7,Number of cases of Adolescent or Adult deaths (age 6 years & above) with the probable cause being Heart disease or related to Hypertension,3. Above 55 yrs.,160,5,7,7,7,NA,12,3,8,12,1,4,7,5,NA,NA,4,4,1,11,NA,13,3,2,6,11,21,6
M17 [Details of deaths reported during the month with probable causes:],17.4.7,Number of cases of Adolescent or Adult deaths (age 6 years & above) with the probable cause being Heart disease or related to Hypertension,4. Total,276,13,17,10,9,NA,16,6,12,23,4,5,20,8,1,NA,7,5,4,15,4,24,4,6,6,16,30,11
M17 [Details of deaths reported during the month with probable causes:],17.4.8,Number of cases of Adolescent or Adult deaths (age 6 years & above) with the probable cause being Neurological disease including strokes,1. 6-14 yrs,1,NA,1,NA,NA,NA,NA,NA,NA,NA,NA,NA,NA,NA,NA,NA,NA,NA,NA,NA,NA,NA,NA,NA,NA,NA,NA,NA
M17 [Details of deaths reported during the month with probable causes:],17.4.8,Number of cases of Adolescent or Adult deaths (age 6 years & above) with the probable cause being Neurological disease including strokes,2. 15-55 yrs.,26,NA,6,3,3,NA,NA,NA,NA,2,1,NA,2,NA,NA,NA,1,NA,NA,4,1,NA,1,1,NA,NA,1,NA
M17 [Details of deaths reported during the month with probable causes:],17.4.8,Number of cases of Adolescent or Adult deaths (age 6 years & above) with the probable cause being Neurological disease including strokes,3. Above 55 yrs.,53,3,9,NA,6,NA,1,NA,1,1,3,1,1,1,NA,NA,2,NA,2,4,NA,NA,3,2,1,4,4,4
M17 [Details of deaths reported during the month with probable causes:],17.4.8,Number of cases of Adolescent or Adult deaths (age 6 years & above) with the probable cause being Neurological disease including strokes,4. Total,80,3,16,3,9,NA,1,NA,1,3,4,1,3,1,NA,NA,3,NA,2,8,1,NA,4,3,1,4,5,4
M17 [Details of deaths reported during the month with probable causes:],17.4.9(a),Number of cases of Maternal deaths (age 15-49 years) with the probable cause being Abortion,1. 6-14 yrs,NA,NA,NA,NA,NA,NA,NA,NA,NA,NA,NA,NA,NA,NA,NA,NA,NA,NA,NA,NA,NA,NA,NA,NA,NA,NA,NA,NA
M17 [Details of deaths reported during the month with probable causes:],17.4.9(a),Number of cases of Maternal deaths (age 15-49 years) with the probable cause being Abortion,2. 15-49 yrs,NA,NA,NA,NA,NA,NA,NA,NA,NA,NA,NA,NA,NA,NA,NA,NA,NA,NA,NA,NA,NA,NA,NA,NA,NA,NA,NA,NA
M17 [Details of deaths reported during the month with probable causes:],17.4.9(a),Number of cases of Maternal deaths (age 15-49 years) with the probable cause being Abortion,3. Above 49 yrs.,NA,NA,NA,NA,NA,NA,NA,NA,NA,NA,NA,NA,NA,NA,NA,NA,NA,NA,NA,NA,NA,NA,NA,NA,NA,NA,NA,NA
M17 [Details of deaths reported during the month with probable causes:],17.4.9(a),Number of cases of Maternal deaths (age 15-49 years) with the probable cause being Abortion,4. Total,NA,NA,NA,NA,NA,NA,NA,NA,NA,NA,NA,NA,NA,NA,NA,NA,NA,NA,NA,NA,NA,NA,NA,NA,NA,NA,NA,NA
M17 [Details of deaths reported during the month with probable causes:],17.4.9(b),Number of cases of Maternal deaths (age 15-49 years) with the probable cause being Obstructed or prolonged labour,1. 6-14 yrs,NA,NA,NA,NA,NA,NA,NA,NA,NA,NA,NA,NA,NA,NA,NA,NA,NA,NA,NA,NA,NA,NA,NA,NA,NA,NA,NA,NA
M17 [Details of deaths reported during the month with probable causes:],17.4.9(b),Number of cases of Maternal deaths (age 15-49 years) with the probable cause being Obstructed or prolonged labour,2. 15-49 yrs,1,NA,NA,NA,NA,NA,NA,NA,NA,1,NA,NA,NA,NA,NA,NA,NA,NA,NA,NA,NA,NA,NA,NA,NA,NA,NA,NA
M17 [Details of deaths reported during the month with probable causes:],17.4.9(b),Number of cases of Maternal deaths (age 15-49 years) with the probable cause being Obstructed or prolonged labour,3. Above 49 yrs.,NA,NA,NA,NA,NA,NA,NA,NA,NA,NA,NA,NA,NA,NA,NA,NA,NA,NA,NA,NA,NA,NA,NA,NA,NA,NA,NA,NA
M17 [Details of deaths reported during the month with probable causes:],17.4.9(b),Number of cases of Maternal deaths (age 15-49 years) with the probable cause being Obstructed or prolonged labour,4. Total,1,NA,NA,NA,NA,NA,NA,NA,NA,1,NA,NA,NA,NA,NA,NA,NA,NA,NA,NA,NA,NA,NA,NA,NA,NA,NA,NA
M17 [Details of deaths reported during the month with probable causes:],17.4.9(c),Number of cases of Maternal deaths (age 15-49 years) with the probable cause being Severe hypertesnion or fits,1. 6-14 yrs,NA,NA,NA,NA,NA,NA,NA,NA,NA,NA,NA,NA,NA,NA,NA,NA,NA,NA,NA,NA,NA,NA,NA,NA,NA,NA,NA,NA
M17 [Details of deaths reported during the month with probable causes:],17.4.9(c),Number of cases of Maternal deaths (age 15-49 years) with the probable cause being Severe hypertesnion or fits,2. 15-49 yrs,5,NA,NA,NA,NA,NA,NA,NA,NA,NA,NA,NA,NA,NA,NA,1,NA,NA,1,NA,NA,NA,NA,NA,NA,1,1,1
M17 [Details of deaths reported during the month with probable causes:],17.4.9(c),Number of cases of Maternal deaths (age 15-49 years) with the probable cause being Severe hypertesnion or fits,3. Above 49 yrs.,NA,NA,NA,NA,NA,NA,NA,NA,NA,NA,NA,NA,NA,NA,NA,NA,NA,NA,NA,NA,NA,NA,NA,NA,NA,NA,NA,NA
M17 [Details of deaths reported during the month with probable causes:],17.4.9(c),Number of cases of Maternal deaths (age 15-49 years) with the probable cause being Severe hypertesnion or fits,4. Total,5,NA,NA,NA,NA,NA,NA,NA,NA,NA,NA,NA,NA,NA,NA,1,NA,NA,1,NA,NA,NA,NA,NA,NA,1,1,1
M17 [Details of deaths reported during the month with probable causes:],17.4.9(d),Number of cases of Maternal deaths (age 15-49 years) with the probable cause being Bleeding,1. 6-14 yrs,NA,NA,NA,NA,NA,NA,NA,NA,NA,NA,NA,NA,NA,NA,NA,NA,NA,NA,NA,NA,NA,NA,NA,NA,NA,NA,NA,NA
M17 [Details of deaths reported during the month with probable causes:],17.4.9(d),Number of cases of Maternal deaths (age 15-49 years) with the probable cause being Bleeding,2. 15-49 yrs,8,NA,NA,1,NA,NA,NA,NA,1,NA,NA,1,NA,NA,NA,NA,NA,1,NA,1,NA,2,NA,NA,NA,NA,NA,1
M17 [Details of deaths reported during the month with probable causes:],17.4.9(d),Number of cases of Maternal deaths (age 15-49 years) with the probable cause being Bleeding,3. Above 49 yrs.,NA,NA,NA,NA,NA,NA,NA,NA,NA,NA,NA,NA,NA,NA,NA,NA,NA,NA,NA,NA,NA,NA,NA,NA,NA,NA,NA,NA
M17 [Details of deaths reported during the month with probable causes:],17.4.9(d),Number of cases of Maternal deaths (age 15-49 years) with the probable cause being Bleeding,4. Total,8,NA,NA,1,NA,NA,NA,NA,1,NA,NA,1,NA,NA,NA,NA,NA,1,NA,1,NA,2,NA,NA,NA,NA,NA,1
M17 [Details of deaths reported during the month with probable causes:],17.4.9(e),Number of cases of Maternal deaths (age 15-49 years) with the probable cause being High Fever,1. 6-14 yrs,NA,NA,NA,NA,NA,NA,NA,NA,NA,NA,NA,NA,NA,NA,NA,NA,NA,NA,NA,NA,NA,NA,NA,NA,NA,NA,NA,NA
M17 [Details of deaths reported during the month with probable causes:],17.4.9(e),Number of cases of Maternal deaths (age 15-49 years) with the probable cause being High Fever,2. 15-49 yrs,1,NA,NA,NA,NA,NA,NA,NA,NA,NA,NA,NA,NA,NA,NA,NA,NA,NA,NA,NA,NA,1,NA,NA,NA,NA,NA,NA
M17 [Details of deaths reported during the month with probable causes:],17.4.9(e),Number of cases of Maternal deaths (age 15-49 years) with the probable cause being High Fever,3. Above 49 yrs.,NA,NA,NA,NA,NA,NA,NA,NA,NA,NA,NA,NA,NA,NA,NA,NA,NA,NA,NA,NA,NA,NA,NA,NA,NA,NA,NA,NA
M17 [Details of deaths reported during the month with probable causes:],17.4.9(e),Number of cases of Maternal deaths (age 15-49 years) with the probable cause being High Fever,4. Total,1,NA,NA,NA,NA,NA,NA,NA,NA,NA,NA,NA,NA,NA,NA,NA,NA,NA,NA,NA,NA,1,NA,NA,NA,NA,NA,NA
M17 [Details of deaths reported during the month with probable causes:],17.4.9(f),Number of cases of Maternal deaths (age 15-49 years) with the probable cause being other causes (excluding abortion; obstructed or prolonged labour; severe hypertension or fits;,1. 6-14 yrs,NA,NA,NA,NA,NA,NA,NA,NA,NA,NA,NA,NA,NA,NA,NA,NA,NA,NA,NA,NA,NA,NA,NA,NA,NA,NA,NA,NA
M17 [Details of deaths reported during the month with probable causes:],17.4.9(f),Number of cases of Maternal deaths (age 15-49 years) with the probable cause being other causes (excluding abortion; obstructed or prolonged labour; severe hypertension or fits;,2. 15-49 yrs,31,NA,NA,1,1,NA,NA,NA,1,NA,3,NA,2,NA,NA,10,NA,1,1,3,1,2,NA,1,1,2,NA,1
M17 [Details of deaths reported during the month with probable causes:],17.4.9(f),Number of cases of Maternal deaths (age 15-49 years) with the probable cause being other causes (excluding abortion; obstructed or prolonged labour; severe hypertension or fits;,3. Above 49 yrs.,NA,NA,NA,NA,NA,NA,NA,NA,NA,NA,NA,NA,NA,NA,NA,NA,NA,NA,NA,NA,NA,NA,NA,NA,NA,NA,NA,NA
M17 [Details of deaths reported during the month with probable causes:],17.4.9(f),Number of cases of Maternal deaths (age 15-49 years) with the probable cause being other causes (excluding abortion; obstructed or prolonged labour; severe hypertension or fits;,4. Total,31,NA,NA,1,1,NA,NA,NA,1,NA,3,NA,2,NA,NA,10,NA,1,1,3,1,2,NA,1,1,2,NA,1
M17 [Details of deaths reported during the month with probable causes:],17.4.10,Number of cases of Adolescent or Adult deaths (age 6 years & above) with the probable cause being Trauma or Accidents or Burn cases,1. 6-14 yrs,5,2,1,NA,NA,NA,NA,NA,NA,NA,NA,NA,NA,2,NA,NA,NA,NA,NA,NA,NA,NA,NA,NA,NA,NA,NA,NA
M17 [Details of deaths reported during the month with probable causes:],17.4.10,Number of cases of Adolescent or Adult deaths (age 6 years & above) with the probable cause being Trauma or Accidents or Burn cases,2. 15-55 yrs.,74,2,6,3,1,1,1,1,4,9,NA,3,11,2,NA,NA,9,2,2,NA,2,2,1,2,NA,4,3,3
M17 [Details of deaths reported during the month with probable causes:],17.4.10,Number of cases of Adolescent or Adult deaths (age 6 years & above) with the probable cause being Trauma or Accidents or Burn cases,3. Above 55 yrs.,21,NA,NA,1,1,NA,1,NA,2,NA,NA,1,NA,NA,1,NA,2,2,NA,1,NA,1,3,NA,NA,3,1,1
M17 [Details of deaths reported during the month with probable causes:],17.4.10,Number of cases of Adolescent or Adult deaths (age 6 years & above) with the probable cause being Trauma or Accidents or Burn cases,4. Total,100,4,7,4,2,1,2,1,6,9,NA,4,11,4,1,NA,11,4,2,1,2,3,4,2,NA,7,4,4
M17 [Details of deaths reported during the month with probable causes:],17.4.11,Number of cases of Adolescent or Adult deaths (age 6 years & above) with the probable cause being suicide,1. 6-14 yrs,NA,NA,NA,NA,NA,NA,NA,NA,NA,NA,NA,NA,NA,NA,NA,NA,NA,NA,NA,NA,NA,NA,NA,NA,NA,NA,NA,NA
M17 [Details of deaths reported during the month with probable causes:],17.4.11,Number of cases of Adolescent or Adult deaths (age 6 years & above) with the probable cause being suicide,2. 15-55 yrs.,36,1,3,NA,NA,NA,3,1,2,1,NA,NA,2,1,NA,NA,5,NA,2,1,1,1,NA,1,NA,5,2,4
M17 [Details of deaths reported during the month with probable causes:],17.4.11,Number of cases of Adolescent or Adult deaths (age 6 years & above) with the probable cause being suicide,3. Above 55 yrs.,4,1,NA,NA,NA,NA,NA,1,NA,NA,NA,NA,NA,NA,NA,NA,NA,NA,NA,NA,NA,NA,NA,1,NA,1,NA,NA
M17 [Details of deaths reported during the month with probable causes:],17.4.11,Number of cases of Adolescent or Adult deaths (age 6 years & above) with the probable cause being suicide,4. Total,40,2,3,NA,NA,NA,3,2,2,1,NA,NA,2,1,NA,NA,5,NA,2,1,1,1,NA,2,NA,6,2,4
M17 [Details of deaths reported during the month with probable causes:],17.4.12,Number of cases of Adolescent or Adult deaths (age 6 years & above) with the probable cause being Animal bites and stings,1. 6-14 yrs,NA,NA,NA,NA,NA,NA,NA,NA,NA,NA,NA,NA,NA,NA,NA,NA,NA,NA,NA,NA,NA,NA,NA,NA,NA,NA,NA,NA
M17 [Details of deaths reported during the month with probable causes:],17.4.12,Number of cases of Adolescent or Adult deaths (age 6 years & above) with the probable cause being Animal bites and stings,2. 15-55 yrs.,4,NA,NA,NA,NA,NA,NA,1,NA,NA,NA,NA,NA,NA,NA,NA,NA,NA,1,NA,NA,2,NA,NA,NA,NA,NA,NA
M17 [Details of deaths reported during the month with probable causes:],17.4.12,Number of cases of Adolescent or Adult deaths (age 6 years & above) with the probable cause being Animal bites and stings,3. Above 55 yrs.,6,NA,NA,NA,NA,NA,NA,NA,NA,NA,NA,2,NA,NA,NA,NA,3,NA,NA,NA,NA,NA,NA,1,NA,NA,NA,NA
M17 [Details of deaths reported during the month with probable causes:],17.4.12,Number of cases of Adolescent or Adult deaths (age 6 years & above) with the probable cause being Animal bites and stings,4. Total,10,NA,NA,NA,NA,NA,NA,1,NA,NA,NA,2,NA,NA,NA,NA,3,NA,1,NA,NA,2,NA,1,NA,NA,NA,NA
M17 [Details of deaths reported during the month with probable causes:],17.4.13(a),Number of cases of Adolescent or Adult deaths (age 6 years & above) with the probable cause being Known Acute disease,1. 6-14 yrs,4,NA,2,NA,NA,NA,NA,NA,1,NA,NA,NA,NA,NA,NA,NA,NA,1,NA,NA,NA,NA,NA,NA,NA,NA,NA,NA
M17 [Details of deaths reported during the month with probable causes:],17.4.13(a),Number of cases of Adolescent or Adult deaths (age 6 years & above) with the probable cause being Known Acute disease,2. 15-55 yrs.,53,3,8,2,1,NA,1,1,3,3,2,2,NA,1,NA,NA,4,2,1,6,NA,NA,NA,3,5,1,3,1
M17 [Details of deaths reported during the month with probable causes:],17.4.13(a),Number of cases of Adolescent or Adult deaths (age 6 years & above) with the probable cause being Known Acute disease,3. Above 55 yrs.,124,24,5,3,1,2,5,2,6,24,NA,2,6,2,NA,NA,1,2,3,4,2,4,4,4,1,8,3,6
M17 [Details of deaths reported during the month with probable causes:],17.4.13(a),Number of cases of Adolescent or Adult deaths (age 6 years & above) with the probable cause being Known Acute disease,4. Total,181,27,15,5,2,2,6,3,10,27,2,4,6,3,NA,NA,5,5,4,10,2,4,4,7,6,9,6,7
M17 [Details of deaths reported during the month with probable causes:],17.4.13(b),Number of cases of Adolescent or Adult deaths (age 6 years & above) with the probable cause being Known Chronic disease,1. 6-14 yrs,3,NA,NA,NA,NA,NA,NA,NA,NA,1,NA,NA,NA,NA,NA,NA,NA,NA,NA,NA,NA,1,NA,NA,NA,NA,1,NA
M17 [Details of deaths reported during the month with probable causes:],17.4.13(b),Number of cases of Adolescent or Adult deaths (age 6 years & above) with the probable cause being Known Chronic disease,2. 15-55 yrs.,111,1,5,10,4,NA,2,7,6,2,3,3,13,1,NA,NA,2,NA,5,6,3,4,2,2,3,7,13,7
M17 [Details of deaths reported during the month with probable causes:],17.4.13(b),Number of cases of Adolescent or Adult deaths (age 6 years & above) with the probable cause being Known Chronic disease,3. Above 55 yrs.,259,17,18,27,12,NA,12,8,20,10,5,6,15,2,NA,NA,5,2,8,6,4,10,10,9,9,27,7,10
M17 [Details of deaths reported during the month with probable causes:],17.4.13(b),Number of cases of Adolescent or Adult deaths (age 6 years & above) with the probable cause being Known Chronic disease,4. Total,373,18,23,37,16,NA,14,15,26,13,8,9,28,3,NA,NA,7,2,13,12,7,15,12,11,12,34,21,17
M17 [Details of deaths reported during the month with probable causes:],17.4.13(c),Number of cases of Adolescent or Adult deaths (age 6 years & above) where the cause was not known,1. 6-14 yrs,16,NA,1,NA,3,NA,NA,NA,NA,3,NA,1,NA,NA,NA,NA,1,2,1,NA,NA,NA,1,NA,1,NA,1,1
M17 [Details of deaths reported during the month with probable causes:],17.4.13(c),Number of cases of Adolescent or Adult deaths (age 6 years & above) where the cause was not known,2. 15-55 yrs.,387,17,21,10,39,NA,2,10,25,7,7,5,26,35,NA,NA,27,8,12,7,2,7,8,8,8,36,45,15
M17 [Details of deaths reported during the month with probable causes:],17.4.13(c),Number of cases of Adolescent or Adult deaths (age 6 years & above) where the cause was not known,3. Above 55 yrs.,903,50,68,23,68,1,12,25,68,9,5,29,52,73,3,NA,106,16,30,9,9,17,15,34,13,79,63,26
M17 [Details of deaths reported during the month with probable causes:],17.4.13(c),Number of cases of Adolescent or Adult deaths (age 6 years & above) where the cause was not known,4. Total,1306,67,90,33,110,1,14,35,93,19,12,35,78,108,3,NA,134,26,43,16,11,24,24,42,22,115,109,42
