Indicator,S.No.,Parameters,Type,District - _Assam,District - Baksa,District - Barpeta,District - Bongaigaon,District - Cachar,District - Chirang,District - Darrang,District - Dhemaji,District - Dhubri,District - Dibrugarh,District - Dima Hasao,District - Goalpara,District - Golaghat,District - Hailakandi,District - Jorhat,District - Kamrup M,District - Kamrup R,District - Karbi Anglong,District - Karimganj,District - Kokrajhar,District - Lakhimpur,District - Marigaon,District - Nagaon,District - Nalbari,District - Sibsagar,District - Sonitpur,District - Tinsukia,District - Udalguri
M1 [Ante Natal Care Services ANC],1.1,Total number of pregnant women Registered for ANC,TOTAL,52057,1235,2841,1206,2840,711,1821,980,4133,1736,360,1976,1313,1407,1895,3379,2340,1690,2377,1453,1621,1599,5111,1002,1470,2687,1873,1001
M1 [Ante Natal Care Services ANC],1.1.1,Of which Number registered within first trimester (within 12 weeks),TOTAL,42992,1047,2458,1021,2482,569,1497,841,3004,1511,225,1656,1142,1072,1690,2940,2090,1163,1925,1029,1420,1470,4132,938,1273,2190,1352,855
M1 [Ante Natal Care Services ANC],1.2,Number of Pregnant women registered under JSY,TOTAL,48240,1216,2677,1206,2948,711,1416,975,3963,1496,258,1964,1313,1407,1308,2154,2303,1674,2341,1315,1616,1592,4974,1002,1389,2320,1717,985
M1 [Ante Natal Care Services ANC],1.3,Number of pregnant women received 3 ANC check ups during pregnancy,TOTAL,56983,1444,3532,1286,3553,772,1767,1271,4557,2053,292,2268,1359,1509,1736,3008,2658,1554,2804,1363,1644,2110,6049,1201,1462,2628,1858,1245
M1 [Ante Natal Care Services ANC],1.4.1,Number of pregnant women given TT1 during current pregnancy,TOTAL,44898,1078,2540,1002,2423,621,1552,828,3677,1343,314,1839,1040,1079,1618,3064,2018,1453,2107,1195,1410,1371,4422,1057,1129,2423,1444,851
M1 [Ante Natal Care Services ANC],1.4.2,Number of pregnant women given TT2 or Booster during current pregnancy,TOTAL,54987,1391,3087,1224,3412,749,1919,993,4868,1700,309,2178,1261,1516,1755,3244,2473,1682,2944,1437,1470,1791,5891,1219,1254,2524,1666,1030
M1 [Ante Natal Care Services ANC],1.5,Total number of pregnant women given 100 IFA tablets,TOTAL,54260,1196,2730,784,2069,710,2658,950,3551,1742,263,2180,1117,944,8801,3326,2378,1272,1422,1344,1121,1552,5322,1060,1241,1791,2048,688
M1 [Ante Natal Care Services ANC],1.6.1,Number of new cases of Hypertension (BP>140/90) detected in Pregnant women at the institution,TOTAL,1487,5,25,23,48,10,140,2,26,276,10,46,48,20,54,145,24,89,50,29,14,8,97,10,86,110,30,62
M1 [Ante Natal Care Services ANC],1.6.2,Number of Eclampsia cases managed during delivery,TOTAL,97,0,1,0,0,0,51,3,0,3,0,3,0,0,5,5,0,1,4,3,0,0,0,0,9,6,0,3
M1 [Ante Natal Care Services ANC],1.7.1,Number of Pregnant women with anaemia i.e. Hb level<11 (tested cases),TOTAL,32284,484,1389,871,3044,259,733,820,1687,1618,212,1324,918,624,1016,1358,1920,564,1600,802,1069,1014,3357,427,1116,2083,1082,893
M1 [Ante Natal Care Services ANC],1.7.2,Number of Pregnant women having severe anaemia (Hb<7) treated at institution,TOTAL,378,0,76,NA,20,8,121,4,6,0,0,10,10,2,0,4,4,29,10,22,0,3,15,0,14,16,3,1
M1 [Ante Natal Care Services ANC],1.8,Number of pregnancy test kits used at SC level,TOTAL,12233,558,781,158,601,256,326,250,596,565,50,862,305,874,433,38,1051,219,633,165,584,72,858,172,569,385,723,149
M2 [Deliveries],2.1.1.a,Number of deliveries conducted at Home and attended by trained SBA(i.e. Doctor or Nurse or ANM),TOTAL,2011,2,387,34,191,26,187,6,412,0,15,77,29,88,5,0,45,34,141,72,2,50,69,37,18,56,12,16
M2 [Deliveries],2.1.1.b,Number of deliveries conducted at Home and attended by non trained SBA (i.e. trained TBA or Relatives etc.),TOTAL,6350,58,547,339,185,121,130,1,1869,9,126,120,16,315,1,29,52,154,929,81,29,205,408,13,11,398,128,76
M2 [Deliveries],2.1.1.c,Total number of deliveries conducted at Home and attended by trained or non-trained SBA (i.e. sum of 2.1.1.a and 2.1.1.b),TOTAL,8361,60,934,373,376,147,317,7,2281,9,141,197,45,403,6,29,97,188,1070,153,31,255,477,50,29,454,140,92
M2 [Deliveries],2.1.2,Number of newborns visited within 24 hours of delivery for deliveries conducted at home,TOTAL,6986,56,903,329,357,94,303,7,1838,10,50,128,45,313,6,29,55,109,960,137,28,238,458,49,26,284,125,49
M2 [Deliveries],2.1.3,Number of mothers paid JSY incentive for deliveries conducted at home,TOTAL,80,0,0,0,0,0,0,0,80,0,0,0,0,0,0,0,0,0,0,0,0,0,0,0,0,0,0,0
M2 [Deliveries],2.2,Deliveries conducted at Public Institutions (Including C-Sections),TOTAL,42880,912,2495,832,3147,484,1229,1557,2505,1595,230,2077,1155,973,1205,2169,1844,1414,1647,1431,1494,1623,4561,843,1072,2237,1300,849
M2 [Deliveries],2.2.1,"Out of 2.2, Number discharged under 48 hours of delivery",TOTAL,15579,290,398,423,516,10,267,991,1858,316,56,821,487,227,332,2,382,1045,713,1271,969,352,2222,68,63,722,353,425
M2 [Deliveries],2.2.2.a,Number of mothers paid JSY Incentive for deliveries conducted at Public Institutions,TOTAL,40252,940,2307,832,3173,466,17,1402,1974,1681,221,1943,1241,919,1211,1364,1677,2129,1457,1302,1482,1532,4870,843,1134,1762,1576,797
M2 [Deliveries],2.2.2.b,Number of ASHAs paid JSY Incentive for deliveries conducted at Public Institutions,TOTAL,37280,833,1633,651,3376,328,12,946,931,543,131,1485,905,588,1033,553,1517,2171,1517,926,1394,868,7788,1010,1137,2805,1270,929
M2 [Deliveries],2.2.2.c,Number of cases of deliveries conducted at Public Institutions where JSY incentive was paid to ANMs or AWWs [only for High Performing States (HPS)],TOTAL,0,NA,NA,NA,0,NA,NA,NA,NA,0,NA,NA,0,0,0,NA,NA,NA,0,NA,0,NA,NA,NA,NA,NA,NA,NA
M2 [Deliveries],2.3,Deliveries conducted at Private Institutions (Including C-Sections),TOTAL,7780,41,110,314,612,15,117,30,56,700,4,146,273,NA,343,1098,86,0,312,75,180,0,951,407,377,724,713,96
M2 [Deliveries],2.3.1.a,Number of mothers paid JSY Incentive for deliveries conducted at accredited Private Institutions,TOTAL,974,3,NA,4,227,0,0,NA,0,17,4,NA,20,NA,0,13,0,0,187,NA,50,NA,55,NA,88,179,42,85
M2 [Deliveries],2.3.1.b,Number of ASHAs paid JSY Incentive for deliveries conducted at accredited Private Institutions,TOTAL,175,0,NA,4,33,0,0,NA,0,0,4,NA,15,NA,0,0,0,0,0,NA,7,NA,0,NA,11,79,0,22
M2 [Deliveries],2.3.1.c,Number of cases of deliveries conducted at accredited Private Institutions where JSY incentive was paid to ANMs or AWWs [only for High Performing States (HPS)],TOTAL,0,NA,NA,NA,NA,NA,NA,NA,NA,0,NA,NA,NA,NA,0,0,NA,NA,NA,NA,0,NA,NA,NA,NA,NA,NA,NA
M3 [Number of Caesarean C-Section deliveries performed at],3.1.1,Number of Caesarean (C-Section) deliveries performed at PHCs (Primary Health Centre),TOTAL,0,0,NA,NA,0,NA,NA,NA,NA,0,NA,NA,NA,0,0,NA,NA,NA,0,NA,0,NA,NA,NA,NA,NA,NA,NA
M3 [Number of Caesarean C-Section deliveries performed at],3.1.2,Number of Caesarean (C-Section) deliveries performed at CHCs (Community Health Centre),TOTAL,338,0,25,NA,NA,0,20,0,0,6,0,3,0,0,0,39,108,NA,0,0,0,0,28,2,32,0,75,0
M3 [Number of Caesarean C-Section deliveries performed at],3.1.3,Number of Caesarean (C-Section) deliveries performed at SDHs (Sub-divisional Hospital) or DHs (District Hospital),TOTAL,4575,NA,423,62,396,NA,45,199,74,288,33,145,141,2,420,952,27,76,25,119,243,39,108,103,96,403,156,NA
M3 [Number of Caesarean C-Section deliveries performed at],3.1.4,Number of Caesarean (C-Section) deliveries performed at other State owned public institutions,TOTAL,NA,NA,NA,NA,NA,NA,NA,NA,NA,NA,NA,NA,NA,NA,NA,NA,NA,NA,NA,NA,NA,NA,NA,NA,NA,NA,NA,NA
M3 [Number of Caesarean C-Section deliveries performed at],3.1.5,"Total Number of Caesarean (C-Section) deliveries performed at Public facilities i.e. PHC, CHC, SDH, DH and other State owned public institutions (sum of items from 3.1.1 to 3.1.4)",TOTAL,4913,0,448,62,396,0,65,199,74,294,33,148,141,2,420,991,135,76,25,119,243,39,136,105,128,403,231,0
M3 [Number of Caesarean C-Section deliveries performed at],3.2,No. of C-section deliveries performed at Private facilities,TOTAL,4135,NA,100,232,294,5,96,26,NA,362,NA,111,113,NA,61,634,55,NA,141,63,67,NA,750,344,139,387,155,NA
M4 [Pregnancy outcome & weight of new-born],4.1.1.a,Number of male live births,TOTAL,30110,516,1742,783,2079,351,841,866,2446,1180,181,1250,730,695,783,1653,1021,849,1545,907,846,919,3081,667,730,1742,1178,529
M4 [Pregnancy outcome & weight of new-born],4.1.1.b,Number of female live births,TOTAL,27878,485,1731,714,1955,291,806,702,2265,1074,189,1149,708,638,753,1539,969,736,1406,758,839,945,2776,630,736,1626,956,502
M4 [Pregnancy outcome & weight of new-born],4.1.1.c,Total number of male and female live births (4.1.1.a and 4.1.1.b),TOTAL,57988,1001,3473,1497,4034,642,1647,1568,4711,2254,370,2399,1438,1333,1536,3192,1990,1585,2951,1665,1685,1864,5857,1297,1466,3368,2134,1031
M4 [Pregnancy outcome & weight of new-born],4.1.2,Number of still births,TOTAL,1267,14,94,27,106,10,25,35,121,55,5,48,37,54,33,105,22,30,93,22,20,17,140,13,24,72,31,14
M4 [Pregnancy outcome & weight of new-born],4.1.3,Number of Abortions (spontaneous or induced),TOTAL,5869,82,99,250,246,4,487,584,355,180,29,178,34,50,262,234,345,170,123,226,439,93,453,460,217,38,167,64
M4 [Pregnancy outcome & weight of new-born],4.2.1,Number of Newborns weighed at birth,TOTAL,56791,1003,3471,1494,3053,639,1626,1567,4683,2252,367,2377,1446,1331,1535,3290,1932,1550,2939,1567,1685,1876,5890,1297,1460,3362,2134,965
M4 [Pregnancy outcome & weight of new-born],4.2.2,Number of Newborns having weight less than 2.5 kg,TOTAL,9327,124,685,238,582,92,235,151,806,489,15,485,214,171,272,221,218,167,343,410,577,419,650,225,327,566,451,194
M4 [Pregnancy outcome & weight of new-born],4.3,Number of Newborns breast fed within 1 hour of birth,TOTAL,54660,992,3465,1488,2739,637,1622,1410,4552,2250,370,2356,1439,1331,896,3192,1924,1481,2821,1555,1680,1859,5671,1280,1418,3164,2113,955
M5 [Complicated pregnanices],5.1.1,Number of cases of pregnant women with Obstetric Complications and attended at PHCs,TOTAL,876,6,0,21,234,29,1,0,0,37,20,23,7,15,0,0,12,1,336,72,0,3,15,2,10,10,8,14
M5 [Complicated pregnanices],5.1.2,Number of cases of pregnant women with Obstetric Complications and attended at CHCs,TOTAL,674,0,50,NA,NA,21,0,0,0,21,20,82,10,13,2,61,75,5,25,0,0,96,33,61,32,0,53,14
M5 [Complicated pregnanices],5.1.3,Number of cases of pregnant women with Obstetric Complications and attended at SDHs or DHs,TOTAL,3030,2,46,62,0,9,69,54,167,288,33,7,44,9,448,742,0,81,7,27,19,9,50,3,604,34,174,42
M5 [Complicated pregnanices],5.1.4,Number of cases of pregnant women with Obstetric Complications and attended at other State owned public institutions,TOTAL,NA,NA,NA,NA,NA,NA,NA,NA,NA,NA,NA,NA,NA,NA,NA,NA,NA,NA,NA,NA,NA,NA,NA,NA,NA,NA,NA,NA
M5 [Complicated pregnanices],5.1.5,"Number of cases of pregnant women with Obstetric Complications and attended at Public facilities i.e. PHC, CHC, SDH, DH and other State owned public institutions (sum of items from 5.1.1 to 5.1.4)",TOTAL,4580,8,96,83,234,59,70,54,167,346,73,112,61,37,450,803,87,87,368,99,19,108,98,66,646,44,235,70
M5 [Complicated pregnanices],5.2,Number of cases of pregnant women with Obstetric Complications and attended at Private facilities,TOTAL,2220,0,NA,232,4,0,0,NA,NA,392,0,NA,0,NA,40,534,0,0,85,NA,0,NA,644,37,0,124,128,0
M5 [Complicated pregnanices],5.3.1,Number of cases of complicated pregnancies treated with IV antibiotics,TOTAL,8464,0,52,10,635,5,868,0,652,470,45,132,435,17,592,587,253,76,1295,78,226,754,74,29,447,303,407,22
M5 [Complicated pregnanices],5.3.2,Number of cases of complicated pregnancies treated with IV Antihypertensive/Magsulph injection,TOTAL,1080,0,3,7,5,1,47,0,23,1,9,51,14,12,326,96,74,24,120,47,7,102,22,15,53,16,0,5
M5 [Complicated pregnanices],5.3.3,Number of cases of complicated pregnancies treated with IV Oxytocis,TOTAL,7986,35,50,8,671,26,934,0,14,104,57,144,490,9,564,424,367,76,1208,307,229,1314,15,32,344,254,184,126
M5 [Complicated pregnanices],5.3.4,Number of cases of complicated pregnancies treated with Blood Transfusion,TOTAL,613,0,0,NA,8,0,30,50,64,0,20,42,62,0,56,10,4,18,22,6,6,86,33,8,61,0,27,0
M6 [Post - Natal Care],6.1,Women getting post partum check-up within 48 hours after delivery,TOTAL,41063,1205,2741,1226,1956,363,1129,1279,3930,992,261,2307,769,1114,1027,3083,1366,1019,1594,656,974,1328,4589,1097,947,1693,1802,616
M6 [Post - Natal Care],6.2,Women getting a post partum check up between 48 hours and 14 days after delivery,TOTAL,40995,910,2213,1479,2302,324,1278,1052,2879,1266,210,1869,985,887,991,1339,1900,870,1516,736,3449,1475,4951,1220,1229,1977,1152,536
M6 [Post - Natal Care],6.3,PNC maternal complications attended,TOTAL,352,21,0,4,8,33,9,0,41,0,0,72,0,0,0,2,2,2,3,5,0,18,21,1,51,58,0,1
M7 [Medical Termination of Pregnancy (MTP)],7.1.1,Number of MTPs conducted at Public Institutions up to 12 weeks of pregnancy,TOTAL,3812,69,42,240,104,6,398,435,155,132,8,79,4,9,141,95,287,107,65,84,205,55,346,175,174,144,123,130
M7 [Medical Termination of Pregnancy (MTP)],7.1.2,Number of MTPs conducted at Public Institutions for more than 12 weeks of pregnancy,TOTAL,378,0,14,0,68,0,10,2,90,10,2,4,2,0,31,58,6,14,0,20,14,16,12,0,0,0,1,4
M7 [Medical Termination of Pregnancy (MTP)],7.1.3,Total number of MTPs conducted at Public Institutions (sum of items 7.1.1 and 7.1.2),TOTAL,4190,69,56,240,172,6,408,437,245,142,10,83,6,9,172,153,293,121,65,104,219,71,358,175,174,144,124,134
M7 [Medical Termination of Pregnancy (MTP)],7.2,Number of MTPs conducted at Private Facilities,TOTAL,430,NA,0,0,42,0,0,0,NA,4,NA,0,0,0,0,70,0,NA,9,0,0,NA,0,201,0,24,80,NA
M8 [RTI/STI Cases],8.1.a,Number of new cases of RTI/STI in males for which treatment was initiated,TOTAL,1503,62,40,20,2,0,19,76,27,0,25,121,146,38,69,110,33,10,83,93,115,29,44,65,26,35,180,35
M8 [RTI/STI Cases],8.1.b,Number of new cases of RTI/STI in females for which treatment was initiated,TOTAL,4416,70,260,38,3,0,165,246,278,31,54,335,166,148,169,186,91,14,64,187,314,129,189,252,527,159,286,55
M8 [RTI/STI Cases],8.1.c,Total number of new cases of RTI/STI in males and females for which treatment was initiated (sum of items 8.1.a and 8.1.b),TOTAL,5919,132,300,58,5,0,184,322,305,31,79,456,312,186,238,296,124,24,147,280,429,158,233,317,553,194,466,90
M8 [RTI/STI Cases],8.2,Number of suspected RTI/STI cases for whom wet mount test was conducted,TOTAL,0,0,0,0,0,0,0,0,0,0,0,0,0,0,0,0,0,0,0,0,0,0,0,0,0,0,0,0
M9 [Family Planning],9.1.1.a,Number of NSV (No Scalpel Vasectomy) or Conventional Vasectomy conducted at PHCs,TOTAL,187,0,9,9,0,0,22,0,0,0,0,0,3,0,0,7,17,0,0,0,0,0,0,40,56,24,0,0
M9 [Family Planning],9.1.1.b,Number of NSV or Conventional Vasectomy conducted at CHCs,TOTAL,134,0,0,NA,NA,0,0,0,0,0,0,0,0,0,0,94,18,0,0,0,0,0,0,0,0,0,22,0
M9 [Family Planning],9.1.1.c,Number of NSV or Conventional Vasectomy conducted at SDHs or DHs,TOTAL,65,NA,0,NA,0,NA,1,0,0,NA,0,0,0,0,0,19,0,0,0,0,0,0,29,11,5,0,NA,NA
M9 [Family Planning],9.1.1.d,Number of NSV or Conventional Vasectomy conducted at other State owned public institutions,TOTAL,NA,NA,NA,NA,NA,NA,NA,NA,NA,NA,NA,NA,NA,NA,NA,NA,NA,NA,NA,NA,NA,NA,NA,NA,NA,NA,NA,NA
M9 [Family Planning],9.1.1.e,"Total Number of NSV or Conventional Vasectomy conducted at Public facilities i.e. PHC, CHC, SDH, DH and other State owned public institutions (sum of items from 9.1.1.a to 9.1.1.d)",TOTAL,386,0,9,9,0,0,23,0,0,0,0,0,3,0,0,120,35,0,0,0,0,0,29,51,61,24,22,0
M9 [Family Planning],9.1.2,Number of NSV or Conventional Vasectomy conducted at Private facilities,TOTAL,0,0,NA,NA,0,0,0,NA,NA,0,0,NA,0,NA,0,0,0,0,0,NA,0,NA,0,0,0,0,NA,0
M9 [Family Planning],9.2.1.a,Number of Laparoscopic sterilizations conducted at PHCs,TOTAL,1274,85,0,0,127,0,44,0,77,40,0,0,0,0,185,25,30,0,20,0,0,32,0,30,544,0,35,0
M9 [Family Planning],9.2.1.b,Number of Laparoscopic sterilizations conducted at CHCs,TOTAL,439,0,40,NA,NA,0,30,38,61,0,0,0,0,4,53,78,0,0,31,0,0,31,0,6,33,0,34,0
M9 [Family Planning],9.2.1.c,Number of Laparoscopic sterilizations conducted at SDHs or DHs,TOTAL,847,NA,0,NA,50,NA,6,0,0,5,0,NA,54,0,2,124,0,0,0,31,80,30,9,0,12,441,3,NA
M9 [Family Planning],9.2.1.d,Number of Laparoscopic sterilizations conducted at other State owned public institutions,TOTAL,NA,NA,NA,NA,NA,NA,NA,NA,NA,NA,NA,NA,NA,NA,NA,NA,NA,NA,NA,NA,NA,NA,NA,NA,NA,NA,NA,NA
M9 [Family Planning],9.2.1.e,"Total Number of Laparoscopic sterilizations conducted at Public facilities i.e. PHC, CHC, SDH, DH and other State owned public institutions (sum of items from 9.2.1.a to 9.2.1.d)",TOTAL,2560,85,40,0,177,0,80,38,138,45,0,0,54,4,240,227,30,0,51,31,80,93,9,36,589,441,72,0
M9 [Family Planning],9.2.2,Number of Laparoscopic sterilizations conducted at Private facilities,TOTAL,147,40,1,NA,2,0,0,NA,NA,0,0,NA,0,NA,1,18,0,0,0,NA,0,NA,0,0,84,0,1,0
M9 [Family Planning],9.3.1.a,Number of Mini-lap sterilizations conducted at PHCs,TOTAL,15,0,0,0,0,0,0,0,0,0,0,0,0,0,0,15,0,0,0,0,0,0,0,0,0,0,0,0
M9 [Family Planning],9.3.1.b,Number of Mini-lap sterilizations conducted at CHCs,TOTAL,7,0,0,NA,NA,0,0,0,0,0,0,0,0,0,0,0,0,0,0,0,0,0,0,0,0,0,7,0
M9 [Family Planning],9.3.1.c,Number of Mini-lap sterilizations conducted at SDHs or DHs,TOTAL,777,NA,52,NA,10,NA,0,32,0,20,0,27,0,0,48,563,2,0,0,23,0,NA,NA,0,0,0,NA,NA
M9 [Family Planning],9.3.1.d,Number of Mini-lap sterilizations conducted at other State owned public institutions,TOTAL,NA,NA,NA,NA,NA,NA,NA,NA,NA,NA,NA,NA,NA,NA,NA,NA,NA,NA,NA,NA,NA,NA,NA,NA,NA,NA,NA,NA
M9 [Family Planning],9.3.1.e,"Total Number of Mini-lap sterilizations conducted at Public facilities i.e. PHC, CHC, SDH, DH and other State owned public institutions (sum of items from 9.3.1.a to 9.3.1.d)",TOTAL,799,0,52,0,10,0,0,32,0,20,0,27,0,0,48,578,2,0,0,23,0,0,0,0,0,0,7,0
M9 [Family Planning],9.3.2,Number of Mini-lap sterilizations conducted at Private facilities,TOTAL,24,0,NA,NA,0,0,0,NA,NA,0,0,NA,0,NA,0,15,0,0,5,NA,0,NA,4,0,0,0,NA,0
M9 [Family Planning],9.4.1.a,Number of Post-Partum sterilizations conducted at PHCs,TOTAL,0,0,0,0,0,0,0,0,0,0,0,0,0,0,0,0,0,0,0,0,0,0,0,0,0,0,0,0
M9 [Family Planning],9.4.1.b,Number of Post-Partum sterilizations conducted at CHCs,TOTAL,45,0,0,NA,NA,0,1,0,0,0,0,0,0,0,0,3,27,0,0,0,0,0,1,1,5,0,7,0
M9 [Family Planning],9.4.1.c,Number of Post-Partum sterilizations conducted at SDHs or DHs,TOTAL,770,NA,51,NA,0,NA,1,31,23,20,11,NA,3,0,47,509,2,0,0,0,0,0,NA,8,5,35,24,NA
M9 [Family Planning],9.4.1.d,Number of Post-Partum sterilizations conducted at other State owned public institutions,TOTAL,NA,NA,NA,NA,NA,NA,NA,NA,NA,NA,NA,NA,NA,NA,NA,NA,NA,NA,NA,NA,NA,NA,NA,NA,NA,NA,NA,NA
M9 [Family Planning],9.4.1.e,"Total Number of Post-Partum sterilizations conducted at Public facilities i.e. PHC, CHC, SDH, DH and other State owned public institutions (sum of items from 9.4.1.a to 9.4.1.d)",TOTAL,815,0,51,0,0,0,2,31,23,20,11,0,3,0,47,512,29,0,0,0,0,0,1,9,10,35,31,0
M9 [Family Planning],9.4.2,Number of Post-Partum sterilizations conducted at Private facilities,TOTAL,90,0,14,NA,0,0,0,NA,NA,0,0,NA,0,NA,3,8,0,0,5,NA,0,NA,51,9,0,0,NA,0
M9 [Family Planning],9.5.1.a,Number of IUCD Insertions conducted at SCs,TOTAL,2549,35,173,141,57,53,181,42,756,29,1,62,21,149,36,17,190,66,98,25,9,44,122,42,38,54,81,27
M9 [Family Planning],9.5.1.b,Number of IUCD Insertions conducted at PHCs,TOTAL,1254,43,36,10,31,45,16,39,132,182,1,61,24,85,84,64,29,25,5,101,15,9,68,47,26,14,43,19
M9 [Family Planning],9.5.1.c,Number of IUCD Insertions conducted at CHCs,TOTAL,757,2,25,7,17,5,16,116,17,32,6,87,21,0,21,16,116,28,0,0,11,0,19,99,29,3,25,39
M9 [Family Planning],9.5.1.d,Number of IUCD Insertions conducted at SDHs or DHs,TOTAL,1139,0,44,7,11,1,10,39,36,137,19,3,153,18,54,148,3,31,0,54,0,10,38,14,185,12,108,4
M9 [Family Planning],9.5.1.e,Number of IUCD Insertions conducted at other State owned public institutions,TOTAL,NA,NA,NA,NA,NA,NA,NA,NA,NA,NA,NA,NA,NA,NA,NA,NA,NA,NA,NA,NA,NA,NA,NA,NA,NA,NA,NA,NA
M9 [Family Planning],9.5.1.f,"Total Number of IUCD Insertions conducted at Public facilities i.e. SC, PHC, CHC, SDH, DH and other State owned public institutions (sum of items from 9.5.1.a to 9.5.1.e)",TOTAL,5699,80,278,165,116,104,223,236,941,380,27,213,219,252,195,245,338,150,103,180,35,63,247,202,278,83,257,89
M9 [Family Planning],9.5.1A,"Out of above total, Post Partum (within 48 hours of delivery) IUCD insertions",TOTAL,2474,0,28,2,45,0,274,125,504,339,16,27,193,68,58,99,59,17,0,88,0,9,54,91,211,32,135,0
M9 [Family Planning],9.5.2,Number of IUCD Insertions conducted at Private facilities,TOTAL,88,0,1,NA,0,0,2,NA,28,16,0,NA,0,NA,0,10,0,0,0,NA,0,NA,0,9,0,0,20,2
M9 [Family Planning],9.06,Number of IUCD removals,TOTAL,955,18,20,10,90,23,24,51,109,41,9,29,37,18,13,55,51,35,14,58,5,18,19,22,65,27,31,63
M9 [Family Planning],9.07,Number of Oral Pills cycles distributed,TOTAL,142335,4390,11533,3899,5948,1857,3518,3412,10771,4168,949,7780,5430,2925,3652,2050,8698,4669,4413,5536,4964,5993,11126,3745,5212,8865,4062,2770
M9 [Family Planning],9.08,Number of Condom pieces distributed,TOTAL,352579,11121,17622,8071,20663,2782,8474,2901,26246,19111,2055,23071,15386,11613,22941,8127,26783,20415,7402,8760,8963,9892,18555,12129,15524,16501,3927,3544
M9 [Family Planning],9.09,Number of Centchroman (weekly) pills given,TOTAL,939,0,0,0,106,0,0,0,0,8,0,25,44,0,40,36,83,160,65,91,0,4,17,0,6,51,190,13
M9 [Family Planning],9.1,Number of Emergency Contraceptive Pills distributed,TOTAL,1754,5,166,0,63,9,19,12,236,31,9,106,2,124,40,89,145,38,100,74,72,64,97,10,3,124,55,61
M9 [Family Planning],9.11.1.a,Number of cases of complications following male sterilization,TOTAL,0,0,0,0,0,0,0,0,0,0,0,0,0,0,0,0,0,0,0,0,0,0,0,0,0,0,0,0
M9 [Family Planning],9.11.1.b,Number of cases of complications following female sterilization,TOTAL,1,0,0,0,0,0,0,0,0,0,0,0,0,0,0,0,0,0,1,0,0,0,0,0,0,0,0,0
M9 [Family Planning],9.11.2.a,Number of failures following male sterilization,TOTAL,0,0,0,0,0,0,0,0,0,0,0,0,0,0,0,0,0,0,0,0,0,0,0,0,0,0,0,0
M9 [Family Planning],9.11.2.b,Number of failures following female sterilization,TOTAL,2,0,0,0,0,0,0,0,0,0,0,0,0,0,0,0,0,0,2,0,0,0,0,0,0,0,0,0
M9 [Family Planning],9.11.3.a,Number of deaths following male sterilization,TOTAL,0,0,0,0,0,0,0,0,0,0,0,0,0,0,0,0,0,0,0,0,0,0,0,0,0,0,0,0
M9 [Family Planning],9.11.3.b,Number of deaths following female sterilization,TOTAL,0,0,0,0,0,0,0,0,0,0,0,0,0,0,0,0,0,0,0,0,0,0,0,0,0,0,0,0
M9 [Family Planning],9.12,Number of Institutions having NSV trained doctors,TOTAL,37,4,2,2,3,NA,1,1,1,NA,1,1,1,3,NA,1,2,1,NA,NA,1,3,1,1,2,2,1,2
M10 [CHILD IMMUNIZATION],10.1.01,Number of Infants (0 to 11 months old)received BCG immunisation,TOTAL,54549,1428,3302,1569,3318,782,1285,1358,5008,1917,408,1948,1317,1876,1414,2990,2086,1658,2314,1777,1930,1919,4023,1441,1636,2581,2085,1179
M10 [CHILD IMMUNIZATION],10.1.02,Number of Infants (0 to 11 months old) received DPT1 immunisation,TOTAL,493,1,0,53,137,6,0,0,27,0,1,13,3,0,0,144,0,0,19,44,0,0,2,22,0,5,13,3
M10 [CHILD IMMUNIZATION],10.1.03,Number of Infants (0 to 11 months old) received DPT2 immunisation,TOTAL,576,12,0,37,123,16,0,1,70,0,1,8,16,0,2,96,2,0,54,60,1,0,13,22,0,8,19,15
M10 [CHILD IMMUNIZATION],10.1.04,Number of Infants (0 to 11 months old) received DPT3 immunisation,TOTAL,791,23,7,21,140,37,3,1,83,1,10,32,31,9,0,118,7,0,76,66,0,0,28,17,0,33,19,29
M10 [CHILD IMMUNIZATION],10.1.04A,Number of Infants (0 to 11 months old) received Pentavalent1 immunisation,TOTAL,58683,1487,3625,1496,3087,780,1937,1313,4832,2009,407,2338,1658,1613,1666,2240,2824,1895,2602,979,1905,2042,5761,1585,1777,3139,2460,1226
M10 [CHILD IMMUNIZATION],10.1.04B,Number of Infants (0 to 11 months old) received Pentavalent2 immunisation,TOTAL,57813,1467,3572,1455,3231,857,1920,1299,4515,2081,329,2304,1679,1433,1829,2089,2831,1890,2463,1017,1957,1998,5646,1377,1789,3200,2287,1298
M10 [CHILD IMMUNIZATION],10.1.04C,Number of Infants (0 to 11 months old) received Pentavalent3 immunisation,TOTAL,53288,1396,3366,1289,2907,862,1752,1152,4039,1851,362,2097,1608,1411,1638,1919,2672,1533,2271,891,1786,2003,5278,1247,1649,2979,2059,1271
M10 [CHILD IMMUNIZATION],10.1.05,Number of Infants (0 to 11 months old) received OPV 0 (Birth Dose),TOTAL,29036,330,1246,323,1384,205,863,633,1254,1442,246,1013,789,753,1104,2401,795,649,1058,680,1156,1091,4347,967,920,2117,737,533
M10 [CHILD IMMUNIZATION],10.1.06,Number of Infants (0 to 11 months old) received OPV1 (First Dose),TOTAL,58968,1606,3350,1547,3070,763,2050,1310,5060,2081,407,2360,1670,1537,1674,2155,2770,1882,2610,1329,1882,2062,5774,1471,1783,3131,2411,1223
M10 [CHILD IMMUNIZATION],10.1.07,Number of Infants (0 to 11 months old) received OPV2 (Second Dose),TOTAL,58175,1460,3392,1487,3210,855,2010,1302,4714,2003,330,2315,1606,1443,1838,2138,2791,1846,2504,1395,1968,1994,5624,1384,1797,3195,2289,1285
M10 [CHILD IMMUNIZATION],10.1.08,Number of Infants (0 to 11 months old) received OPV3 (Third Dose),TOTAL,53826,1442,3202,1309,3134,871,1850,1259,4158,1894,371,2131,1475,1377,1645,1981,2632,1638,2245,1257,1805,1989,5088,1250,1617,2923,2036,1247
M10 [CHILD IMMUNIZATION],10.1.09A,Number of Infants (upto 48 hrs of age) received Hepatitis-B0 immunisation,TOTAL,22233,196,1033,126,1394,40,831,781,864,939,197,792,783,428,683,1598,717,318,792,501,903,1029,3112,800,618,1788,546,424
M10 [CHILD IMMUNIZATION],10.1.09,Number of Infants (0 to 11 months old) received Hepatitis-B1 immunisation,TOTAL,954,8,1,0,277,5,3,0,39,0,0,4,5,0,0,354,0,0,2,50,0,0,27,129,0,32,13,5
M10 [CHILD IMMUNIZATION],10.1.10,Number of Infants (0 to 11 months old) received Hepatitis-B2 immunisation,TOTAL,780,11,1,0,53,13,4,1,29,0,0,1,13,0,2,369,2,0,18,65,0,0,17,125,0,34,12,10
M10 [CHILD IMMUNIZATION],10.1.11,Number of Infants (0 to 11 months old) received Hepatitis-B3 immunisation,TOTAL,1179,36,9,0,46,34,7,1,52,13,5,11,23,0,0,522,1,0,84,81,2,0,57,117,0,48,9,21
M10 [CHILD IMMUNIZATION],10.1.12,Number of Infants (0 to 11 months old) received Measles immunisation (First Dose),TOTAL,53714,1374,3074,1298,3356,804,1826,1101,4454,1725,289,2212,1380,1405,1474,1816,2597,1630,2486,1306,1723,1979,5549,1212,1546,2920,2027,1151
M10 [CHILD IMMUNIZATION],10.1.12B,Number of Infants (more than 16 months old) received Measles immunisation (Second Dose),TOTAL,42350,1146,2577,1014,2939,525,1532,960,2586,1432,262,1672,1258,1120,1279,1635,2574,1179,1906,783,1279,1724,4048,939,1266,2360,1504,851
M10 [CHILD IMMUNIZATION],10.1A,No. of Children aged 9 to 12 months who received JE 1st dose,TOTAL,41022,776,2820,1068,2499,700,1747,1229,60,1481,235,1929,1295,1322,1374,1384,2504,1243,1758,398,1723,1828,4407,1137,1582,1769,1644,1110
M10 [CHILD IMMUNIZATION],10.1.13.a,Total number of male children (9 to 11 months old) fully immunised (BCG+DPT123/Pentavalent123+OPV123+Measles) during the month,TOTAL,27505,711,1615,674,1852,420,954,550,2260,900,139,1133,740,725,804,804,1336,771,1256,659,871,1039,2805,617,789,1503,1010,568
M10 [CHILD IMMUNIZATION],10.1.13.b,Total number of female children (9 to 11 months old) fully immunised (BCG+DPT123/Pentavalent123+OPV123+Measles) during the month,TOTAL,25679,663,1399,620,1767,379,873,545,2144,843,150,1075,653,674,680,767,1246,794,1214,614,852,940,2609,595,740,1384,887,572
M10 [CHILD IMMUNIZATION],10.1.13.c,Total number of children (9 to 11 months old) fully immunised (BCG+DPT123/Pentavalent123+OPV123+Measles) during the month (sum of items 10.1.13.a and 10.1.13.b),TOTAL,53184,1374,3014,1294,3619,799,1827,1095,4404,1743,289,2208,1393,1399,1484,1571,2582,1565,2470,1273,1723,1979,5414,1212,1529,2887,1897,1140
M10 [CHILD IMMUNIZATION],10.2.1,Number of Infants (more than 16 months old) received DPT Booster dose,TOTAL,43467,1168,2685,1064,2960,523,1518,944,2723,1427,262,1726,1307,1118,1271,1656,2556,1253,1964,873,1279,1716,4161,954,1322,2516,1629,892
M10 [CHILD IMMUNIZATION],10.2.2,Number of Infants (more than 16 months old) received OPV Booster dose,TOTAL,43349,1197,2639,1062,2869,526,1561,964,2725,1388,262,1726,1256,1115,1271,1709,2543,1252,1978,870,1279,1716,4159,953,1320,2500,1627,882
M10 [CHILD IMMUNIZATION],10.2.3,"Number of Infants (more than 16 months old) received Measles, Mumps, Rubella (MMR) Vaccination",TOTAL,86,0,0,0,0,0,0,0,0,29,0,0,0,0,0,38,0,0,0,0,2,0,0,0,0,17,0,0
M10 [CHILD IMMUNIZATION],10.3.1.a,Total number of male children (12 to 23 months old) fully immunised (BCG+DPT123/Pentavalent123+OPV123+Measles) during the month,TOTAL,5885,23,308,85,240,125,23,36,769,105,104,446,112,84,103,328,162,79,479,182,88,401,770,110,212,314,119,78
M10 [CHILD IMMUNIZATION],10.3.1.b,Total number of female children (12 to 23 months old) fully immunised (BCG+DPT123/Pentavalent123+OPV123+Measles) during the month,TOTAL,5594,20,291,75,222,112,36,29,714,101,86,380,103,54,105,491,150,63,434,170,67,333,746,118,204,306,101,83
M10 [CHILD IMMUNIZATION],10.3.1.c,Total number of children (12 to 23 months old) fully immunised (BCG+DPT123+OPV123/Pentavalent123+Measles) during the month (sum of items 10.3.1.a and 10.3.1.b),TOTAL,11479,43,599,160,462,237,59,65,1483,206,190,826,215,138,208,819,312,142,913,352,155,734,1516,228,416,620,220,161
M10 [CHILD IMMUNIZATION],10.3.2,Number of children (more than 5 years old) given DT5,TOTAL,26021,624,1190,308,1966,308,819,425,920,2243,131,629,839,786,1100,1274,1459,631,935,462,784,1054,2249,620,896,1618,1127,624
M10 [CHILD IMMUNIZATION],10.3.3,Number of children (more than 10 years old) given TT10,TOTAL,20387,339,961,208,1728,188,646,265,748,2284,167,472,492,803,935,843,974,655,960,406,585,829,1544,483,607,1288,636,341
M10 [CHILD IMMUNIZATION],10.3.4,Number of children (more than 16 years old) given TT16,TOTAL,14731,216,752,121,1377,147,532,162,554,1024,134,399,316,630,706,662,572,808,792,339,429,605,1058,328,361,1062,399,246
M10 [CHILD IMMUNIZATION],10.3.5.a,Number of cases of Abscess reported following immunisation [Adverse Event Following Immunisation (AEFI)],TOTAL,8,0,2,0,0,0,3,0,0,0,0,0,0,0,0,0,0,0,0,0,0,0,0,0,0,0,0,3
M10 [CHILD IMMUNIZATION],10.3.5.b,Number of cases of Death reported following immunisation [Adverse Event Following Immunisation (AEFI)],TOTAL,0,0,0,0,0,0,0,0,0,0,0,0,0,0,0,0,0,0,0,0,0,0,0,0,0,0,0,0
M10 [CHILD IMMUNIZATION],10.3.5.c,Number of cases of other complications reported following immunisation [Adverse Event Following Immunisation (AEFI)],TOTAL,372,133,6,0,0,0,90,17,0,0,16,0,0,0,0,2,3,1,0,0,0,0,2,6,0,0,0,96
M10 [CHILD IMMUNIZATION],10.4.1,Number of Immunisation sessions planned to be held during the month,TOTAL,27709,793,1298,623,1555,442,875,655,1563,1013,355,913,1159,657,1051,674,1079,1198,1174,962,1116,915,2228,770,1123,1751,983,784
M10 [CHILD IMMUNIZATION],10.4.2,Number of Immunisation sessions held during the month,TOTAL,27124,783,1276,616,1528,435,855,639,1538,1007,329,890,1153,645,1038,674,1076,1106,1155,940,1092,896,2140,759,1076,1728,977,773
M10 [CHILD IMMUNIZATION],10.4.3,Number of Immunisation sessions held during the month where ASHAs were present,TOTAL,26304,783,1258,552,1502,423,823,639,1476,985,307,857,1137,601,970,662,1077,1082,1094,894,1077,874,2024,705,1064,1694,971,773
M10 [CHILD IMMUNIZATION],10.5.1,Number of children (more than 16 months old) received Japanese Encephalitis (JE) vaccination,TOTAL,31379,579,2422,363,1991,393,1440,1022,74,1176,108,1456,1269,742,1239,1055,2471,567,1055,211,1279,1607,3065,921,1349,1469,1206,850
M11 [Number of Vitamin A doses],11.1.1,Number of children (9 months to 5 years old) administered 1st dose of Vitamin A (Dose-1),TOTAL,52409,1373,2750,1309,3433,781,1737,948,4542,1630,289,2204,1413,1395,1412,1803,2445,1616,2556,1300,1644,1919,5496,1132,1539,2773,1884,1086
M11 [Number of Vitamin A doses],11.1.2,Number of children (9 months to 5 years old) were administered 5th dose of Vitamin A (Dose-5),TOTAL,14419,264,689,167,1132,126,524,155,1287,454,101,333,508,305,598,586,694,287,584,391,500,485,1840,217,543,915,454,280
M11 [Number of Vitamin A doses],11.1.3,Number of children (9 months to 5 years old) administered 9th dose of Vitamin A (Dose-9),TOTAL,18094,462,798,122,1319,169,675,240,929,1032,81,431,558,434,900,1029,1045,446,487,332,520,767,2030,450,651,929,827,431
M12 [Number of cases of Childhood Diseases reported during the month0-5 years:],12.1,Number of cases of Diptheria reported in children below 5 years of age,TOTAL,0,0,0,0,0,0,0,0,0,0,0,0,0,0,0,0,0,0,0,0,0,0,0,0,0,0,0,0
M12 [Number of cases of Childhood Diseases reported during the month0-5 years:],12.2,Number of cases of Pertusis reported in children below 5 years of age,TOTAL,0,0,0,0,0,0,0,0,0,0,0,0,0,0,0,0,0,0,0,0,0,0,0,0,0,0,0,0
M12 [Number of cases of Childhood Diseases reported during the month0-5 years:],12.3,Number of cases of Tetanus neonatarum reported in children below 5 years of age,TOTAL,0,0,0,0,0,0,0,0,0,0,0,0,0,0,0,0,0,0,0,0,0,0,0,0,0,0,0,0
M12 [Number of cases of Childhood Diseases reported during the month0-5 years:],12.4,Number of cases of Tetanus other than neonatarum reported in children below 5 years of age,TOTAL,0,0,0,0,0,0,0,0,0,0,0,0,0,0,0,0,0,0,0,0,0,0,0,0,0,0,0,0
M12 [Number of cases of Childhood Diseases reported during the month0-5 years:],12.5,Number of cases of Polio reported in children below 5 years of age,TOTAL,0,0,0,0,0,0,0,0,0,0,0,0,0,0,0,0,0,0,0,0,0,0,0,0,0,0,0,0
M12 [Number of cases of Childhood Diseases reported during the month0-5 years:],12.6,Number of cases of Measles reported in children below 5 years of age,TOTAL,105,4,3,0,3,0,3,7,26,1,1,0,11,3,0,0,3,9,5,5,2,0,3,2,1,2,3,8
M12 [Number of cases of Childhood Diseases reported during the month0-5 years:],12.7,Number of cases of Diarrhoea and Dehydration reported in children below 5 years of age,TOTAL,5355,131,82,50,177,102,284,214,340,143,287,141,112,318,208,155,143,177,535,25,219,122,296,294,125,88,470,117
M12 [Number of cases of Childhood Diseases reported during the month0-5 years:],12.8,Number of cases of Malaria reported in children below 5 years of age,TOTAL,73,0,0,0,0,10,0,0,0,0,13,0,0,0,0,1,0,9,0,0,0,0,0,0,0,0,0,40
M12 [Number of cases of Childhood Diseases reported during the month0-5 years:],12.9,Number of children below 5 years of age admitted with Respiratory Infections,TOTAL,2353,18,54,51,21,64,63,6,328,0,94,11,16,72,28,166,0,51,32,4,57,72,4,513,50,61,8,509
M13 [Blindness Control Programme],13.1,Number of Patients operated for cataract,TOTAL,1457,17,0,0,52,0,36,2,95,5,2,59,67,0,107,0,51,47,141,96,27,73,161,154,121,21,102,21
M13 [Blindness Control Programme],13.2,Number of Intraocular Lens(IOL) implantations,TOTAL,1087,0,0,0,52,0,36,0,8,5,2,59,67,0,84,0,47,47,134,96,27,5,152,154,76,21,12,3
M13 [Blindness Control Programme],13.3,Number of School children detected with Refractive errors,TOTAL,722,0,14,0,0,0,472,105,0,0,16,3,0,0,6,0,27,7,0,0,10,2,0,22,0,25,0,13
M13 [Blindness Control Programme],13.4,Number of children provided free glasses,TOTAL,138,0,22,0,0,0,18,14,0,0,7,0,0,0,0,0,25,5,0,0,0,0,32,15,0,0,0,0
M13 [Blindness Control Programme],13.5,Number of eyes collected through eye donation,TOTAL,0,0,0,NA,0,0,0,0,0,0,0,0,0,0,0,0,0,0,0,0,0,0,0,0,0,0,0,0
M13 [Blindness Control Programme],13.6,Number of eyes utilised for corneal transplant,TOTAL,0,0,0,NA,0,0,0,0,0,0,0,0,0,0,0,0,0,0,0,0,0,0,0,0,0,0,0,0
M14 [Patient Services],14.01,Number of CHC or SDH or DH functioning as First Referral units (FRUs),TOTAL,58,NA,2,2,3,1,2,NA,2,2,NA,1,2,NA,4,1,7,1,1,3,1,1,6,3,4,5,4,NA
M14 [Patient Services],14.02,Number of PHCs functioning 24X7 with atleast 3 Staff Nurses,TOTAL,402,14,12,18,22,7,8,14,18,14,7,24,21,6,21,7,22,18,9,18,15,13,25,13,16,17,12,11
M14 [Patient Services],14.03,Number of Anganwadi centres reported to have conducted VHNDs,TOTAL,23648,741,994,536,1469,428,698,653,1327,892,167,577,1009,587,728,196,1481,920,1086,745,1014,816,2044,527,914,1579,819,701
M14 [Patient Services],14.04,Number of facilities having a Rogi Kalyan Samiti (RKS),TOTAL,139,4,6,4,4,3,4,5,6,3,3,6,6,3,5,2,13,5,2,3,9,4,10,8,4,8,6,3
M14 [Patient Services],14.05,Number of RKS meetings held during the month,TOTAL,368,29,8,12,9,10,11,9,9,10,5,20,14,7,19,13,33,2,6,22,8,25,16,16,15,14,14,12
M14 [Patient Services],14.06,Number of facilities having Ambulance services (Assured Referral Services),TOTAL,561,28,15,14,35,11,13,13,20,13,11,23,31,10,25,11,27,22,16,15,30,18,27,22,27,38,14,32
M14 [Patient Services],14.07,Total Number of times the Ambulance was used for transporting patients during the month,TOTAL,7499,271,97,42,218,97,70,40,810,60,26,212,479,199,20,17,179,107,174,1086,239,382,858,87,841,419,242,227
M14 [Patient Services],14.08,Number of Institutions having Operational Sick New Born and Child Care Units (SNCU),TOTAL,25,NA,1,1,1,NA,1,1,1,1,NA,1,1,1,1,3,1,NA,NA,2,1,1,1,1,1,2,1,NA
M14 [Patient Services],14.09,Number of functional Laproscopes in CHC/SDH/DH,TOTAL,26,0,1,NA,0,0,1,0,2,0,0,0,0,3,3,1,0,1,0,1,4,2,2,1,3,0,1,0
M14 [Patient Services],14.09.a,Health Facility Services/Patient Services/Stock out rate of essential Drugs,TOTAL,NA,NA,NA,NA,NA,NA,NA,NA,NA,NA,NA,NA,NA,NA,NA,NA,NA,NA,NA,NA,NA,NA,NA,NA,NA,NA,NA,NA
M14 [Patient Services],14.09.b,Health Facility Services/Patient Services/Blood Units Issued on replacement,TOTAL,NA,NA,NA,NA,NA,NA,NA,NA,NA,NA,NA,NA,NA,NA,NA,NA,NA,NA,NA,NA,NA,NA,NA,NA,NA,NA,NA,NA
M14 [Patient Services],14.09.c,Health Facility Services/Patient Services/Total no. of blood units issued in year,TOTAL,NA,NA,NA,NA,NA,NA,NA,NA,NA,NA,NA,NA,NA,NA,NA,NA,NA,NA,NA,NA,NA,NA,NA,NA,NA,NA,NA,NA
M14 [Patient Services],14.10.1.a,Number of male patients admitted (Inpatients) during the month,1. Children,6329,18,405,21,398,3,130,105,395,557,69,88,304,129,450,124,138,211,409,54,435,450,388,190,205,433,185,35
M14 [Patient Services],14.10.1.a,Number of male patients admitted (Inpatients) during the month,2. Adults,23356,86,638,179,658,18,848,225,1219,2600,316,358,951,460,1225,4952,182,463,522,447,1223,930,1392,415,676,1374,682,317
M14 [Patient Services],14.10.1.b,Number of female patients (Inpatients) admitted during the month,1. Children,6709,63,572,47,647,1,88,62,200,697,89,104,400,366,356,100,158,194,425,56,372,329,371,182,173,456,156,45
M14 [Patient Services],14.10.1.b,Number of female patients (Inpatients) admitted during the month,2. Adults,47607,939,1119,499,2985,82,1727,859,2279,3534,399,1981,1496,1322,2025,7038,955,1343,1642,1211,2078,1733,2649,953,1651,2947,1612,549
M14 [Patient Services],14.10.1.c,Total number of patients admitted (Inpatients) during the month (sum of items 14.10.1.a and 14.10.1.b),1. Children,13038,81,977,68,1045,4,218,167,595,1254,158,192,704,495,806,224,296,405,834,110,807,779,759,372,378,889,341,80
M14 [Patient Services],14.10.1.c,Total number of patients admitted (Inpatients) during the month (sum of items 14.10.1.a and 14.10.1.b),2. Adults,70963,1025,1757,678,3643,100,2575,1084,3498,6134,715,2339,2447,1782,3250,11990,1137,1806,2164,1658,3301,2663,4041,1368,2327,4321,2294,866
M14 [Patient Services],14.10.2.a,Number of death cases of Inpatient males,TOTAL,499,0,60,19,1,0,16,22,0,0,13,15,32,14,49,0,8,24,46,23,29,8,35,14,17,15,13,26
M14 [Patient Services],14.10.2.b,Number of death cases of Inpatient females,TOTAL,433,0,43,3,2,0,9,12,0,1,5,55,12,20,40,0,46,8,30,11,20,9,35,7,20,7,5,33
M14 [Patient Services],14.10.2.c,Number of cases of death of Inpatients (sum of items 14.10.2.a and 14.10.2.b),TOTAL,932,0,103,22,3,0,25,34,0,1,18,70,44,34,89,0,54,32,76,34,49,17,70,21,37,22,18,59
M14 [Patient Services],14.11,In-Patient Head Count at midnight,TOTAL,50951,71,2413,0,370,104,2120,3019,194,44,2472,5991,12,1206,220,2319,828,4289,921,1330,2623,2727,9303,3619,1950,2136,32,638
M14 [Patient Services],14.12.1,OPD attendance (All),TOTAL,2019021,40047,79225,42426,93146,27871,46466,34135,127863,135244,13718,58608,68753,21987,68262,110293,106862,33504,52217,40523,53591,70341,190555,58795,115694,160048,111084,57763
M14 [Patient Services],14.13.1,Number of major operations carried out using general or spinal anaesthesia,TOTAL,3674,0,653,99,30,0,47,199,0,3,44,208,200,2,622,187,195,97,30,163,63,110,39,128,93,234,228,0
M14 [Patient Services],14.13.1A,"Out of 14.13.1,Gynecology- Hysterectomy surgeries",TOTAL,110,0,6,NA,0,0,1,0,0,0,0,1,5,0,0,36,0,1,0,5,0,3,1,8,0,39,4,0
M14 [Patient Services],14.13.1.B,"Patient Services/Operation major (General and spinal anaesthesia)/Major Surgeries excluding Obstetrics, Gynaecology and Opthalmology etc",TOTAL,NA,NA,NA,NA,NA,NA,NA,NA,NA,NA,NA,NA,NA,NA,NA,NA,NA,NA,NA,NA,NA,NA,NA,NA,NA,NA,NA,NA
M14 [Patient Services],14.13.2,Number of minor operations carried out without anaesthesia or using local anaesthesia,TOTAL,3665,0,43,26,20,0,27,6,126,0,36,1,5,9,34,70,130,8,1793,25,16,0,12,16,1156,42,52,12
M14 [Patient Services],14.13.3,Health Facility Services/Patient Services/Number of post operative Surgical Site infection,TOTAL,NA,NA,NA,NA,NA,NA,NA,NA,NA,NA,NA,NA,NA,NA,NA,NA,NA,NA,NA,NA,NA,NA,NA,NA,NA,NA,NA,NA
M14 [Patient Services],14.14.a,Number of patients given AYUSH treatment,TOTAL,46076,2749,822,103,54,170,533,3115,345,272,600,9779,542,304,656,1614,3897,2022,843,536,1845,0,1050,11311,1170,1142,0,602
M14 [Patient Services],14.14.b,Number of patients on whom Dental Procedure was conducted,TOTAL,14549,130,108,54,604,10,1337,270,1051,0,12,1098,1413,46,1956,384,699,254,632,61,668,151,476,1345,840,424,437,89
M14 [Patient Services],14.14.c,Number of Adolescents counselled,TOTAL,1094,49,102,0,0,0,128,0,0,0,0,50,65,4,0,0,148,61,0,12,0,0,73,0,0,0,359,43
M15 [Laboratory Testing],15.1.a,Health Facility Services/Laboratory Testing/Total Number of lab Tests Done,TOTAL,NA,NA,NA,NA,NA,NA,NA,NA,NA,NA,NA,NA,NA,NA,NA,NA,NA,NA,NA,NA,NA,NA,NA,NA,NA,NA,NA,NA
M15 [Laboratory Testing],15.1.1.a,Number of Haemoglobin (Hb) tests conducted,TOTAL,131046,3154,7200,3099,13857,595,2414,3138,8621,4164,371,6829,4419,4158,4098,3784,9601,1780,3002,1828,5085,6097,11579,3646,2378,9105,4884,2160
M15 [Laboratory Testing],15.1.1.b,"Out of the total number of Hb tests conducted, number of cases having Hb less than 7gm/dl",TOTAL,1950,3,12,36,423,24,93,66,49,74,15,28,13,5,43,51,25,29,62,51,136,43,96,15,84,230,206,38
M15 [Laboratory Testing],15.1.2.a,Number of HIV tests conducted on males,1. Number tested,5597,49,247,269,522,0,27,283,97,11,36,288,409,371,392,135,413,188,6,168,334,2,355,255,186,357,185,12
M15 [Laboratory Testing],15.1.2.a,Number of HIV tests conducted on males,2. Number Positive,28,0,0,1,15,0,0,0,1,0,0,0,1,0,2,2,0,0,0,1,0,0,5,0,0,0,0,0
M15 [Laboratory Testing],15.1.2.b,Number of HIV tests conducted on Female-Non ANC (i.e. non pregnant females),1. Number tested,4694,101,337,191,447,0,148,191,424,16,67,178,134,307,319,30,244,51,0,185,32,3,468,189,170,227,205,30
M15 [Laboratory Testing],15.1.2.b,Number of HIV tests conducted on Female-Non ANC (i.e. non pregnant females),2. Number Positive,15,0,1,1,7,0,0,0,0,0,0,0,0,0,2,2,0,0,0,0,0,0,2,0,0,0,0,0
M15 [Laboratory Testing],15.1.2.c,Number of HIV tests conducted on Female with ANC (i.e. pregnant females),1. Number tested,21044,249,1395,666,300,0,298,724,211,619,144,801,1062,44,1108,1425,2068,389,159,633,603,992,2367,786,899,1886,1022,194
M15 [Laboratory Testing],15.1.2.c,Number of HIV tests conducted on Female with ANC (i.e. pregnant females),2. Number Positive,10,0,0,0,0,0,0,0,0,3,0,0,0,0,0,3,1,0,0,0,0,0,2,0,0,1,0,0
M15 [Laboratory Testing],15.1.2.d,Total number of HIV tests conducted (sum of items 15.1.2.a to 15.1.2.c),1. Number tested,31335,399,1979,1126,1269,0,473,1198,732,646,247,1267,1605,722,1819,1590,2725,628,165,986,969,997,3190,1230,1255,2470,1412,236
M15 [Laboratory Testing],15.1.2.d,Total number of HIV tests conducted (sum of items 15.1.2.a to 15.1.2.c),2. Number Positive,53,0,1,2,22,0,0,0,1,3,0,0,1,0,4,7,1,0,0,1,0,0,9,0,0,1,0,0
M15 [Laboratory Testing],15.2,Number of Widal tests conducted,Number tested,4594,17,218,186,99,229,138,219,155,19,4,275,50,132,87,324,352,28,149,104,573,111,402,236,95,135,26,231
M15 [Laboratory Testing],15.3.a,Number of VDRL tests conducted on males,Number tested,843,0,1,0,17,1,44,119,78,0,1,14,0,0,5,1,9,0,12,85,305,9,58,78,0,3,0,3
M15 [Laboratory Testing],15.3.b,Number of VDRL tests conducted on Female-Non ANC (i.e. non pregnant females),Number tested,1871,0,1,0,11,2,219,146,391,0,0,11,0,0,200,177,0,0,202,178,5,186,67,50,0,0,0,25
M15 [Laboratory Testing],15.3.c,Number of VDRL tests conducted on Female with ANC (i.e. pregnant females),Number tested,10131,20,605,298,453,84,561,498,47,6,32,669,54,14,895,292,2008,21,421,332,421,267,570,357,144,627,210,225
M15 [Laboratory Testing],15.3.d,Total number of VDRL tests conducted (sum of items 15.3.a to 15.3.c),Number tested,12845,20,607,298,481,87,824,763,516,6,33,694,54,14,1100,470,2017,21,635,595,731,462,695,485,144,630,210,253
M15 [Laboratory Testing],15.4.1,Number of blood smears examined for Malaria,TOTAL,128039,4269,4485,7898,6398,1586,1458,2636,4887,8561,969,6130,4207,3368,3785,1499,16235,2509,1956,3971,4151,5701,8800,2466,5622,6526,5909,2057
M15 [Laboratory Testing],15.4.2,"Out of blood smears examined for malaria, number of blood smears tested positive for Plasmodium Vivax",TOTAL,1107,2,4,0,14,22,0,0,1,0,35,13,0,2,15,93,1,9,5,136,0,3,14,20,386,12,4,316
M15 [Laboratory Testing],15.4.3,"Out of blood smears examined for malaria, number of blood smears tested positive for Plasmodium Falciparum",TOTAL,458,4,1,3,4,23,31,2,7,0,32,40,0,3,2,13,12,64,4,15,0,0,3,0,6,1,155,33
M16 [Stock Position (During the month)],16.1.1,Stock position of DPT vaccines,1. Balance From Previous Month,186323,7500,19720,3950,NA,270,NA,11660,0,2079,NA,5190,6840,NA,NA,7630,NA,5130,4000,13720,0,874,45150,16710,1974,1042,3184,29700
M16 [Stock Position (During the month)],16.1.1,Stock position of DPT vaccines,2. Stocks Received,58000,0,12500,NA,NA,3500,NA,0,15000,1000,NA,5000,5000,NA,NA,5000,NA,500,10000,0,0,0,NA,0,0,500,0,0
M16 [Stock Position (During the month)],16.1.1,Stock position of DPT vaccines,3. Unusable Stock,4000,0,NA,NA,NA,NA,NA,0,NA,0,NA,0,NA,NA,NA,0,NA,NA,0,0,0,0,NA,NA,0,0,0,4000
M16 [Stock Position (During the month)],16.1.1,Stock position of DPT vaccines,4. Stock Distributed,91460,7000,8500,2050,NA,1000,NA,2850,5100,404,NA,4190,2390,NA,NA,6120,NA,2610,4500,4500,0,520,32050,2118,242,1219,647,3450
M16 [Stock Position (During the month)],16.1.1,Stock position of DPT vaccines,5. Total Stock,148863,500,23720,1900,0,2770,0,8810,9900,2675,0,6000,9450,0,0,6510,0,3020,9500,9220,0,354,13100,14592,1732,323,2537,22250
M16 [Stock Position (During the month)],16.1.1A,Stock Position of Pentavalent,1. Balance From Previous Month,115814,2560,4030,370,NA,4150,NA,9510,NA,1261,NA,13320,0,NA,NA,0,NA,NA,18460,8820,11000,439,16540,16900,3981,5,1278,3190
M16 [Stock Position (During the month)],16.1.1A,Stock Position of Pentavalent,2. Stocks Received,114494,5670,11520,8640,NA,5760,NA,20160,NA,2016,NA,8640,0,NA,NA,0,NA,NA,9360,NA,0,864,23040,5000,2016,2304,864,8640
M16 [Stock Position (During the month)],16.1.1A,Stock Position of Pentavalent,3. Unusable Stock,0,0,NA,NA,NA,NA,NA,0,NA,0,NA,0,NA,NA,NA,0,NA,NA,0,NA,0,0,NA,NA,0,0,0,NA
M16 [Stock Position (During the month)],16.1.1A,Stock Position of Pentavalent,4. Stock Distributed,88656,7440,14500,2440,NA,3160,NA,3680,NA,755,NA,6060,0,NA,NA,0,NA,NA,9600,3510,6000,594,18480,2300,613,1439,1605,6480
M16 [Stock Position (During the month)],16.1.1A,Stock Position of Pentavalent,5. Total Stock,141652,790,1050,6570,0,6750,0,25990,0,2522,0,15900,0,0,0,0,0,0,18220,5310,5000,709,21100,19600,5384,870,537,5350
M16 [Stock Position (During the month)],16.1.2,Stock position of OPV vaccines,1. Balance From Previous Month,409278,3000,27520,2020,NA,1000,NA,22120,20000,227,NA,5960,6760,NA,NA,1340,NA,2560,17000,4780,220740,639,43340,7213,14510,691,568,7290
M16 [Stock Position (During the month)],16.1.2,Stock position of OPV vaccines,2. Stocks Received,159960,10000,24000,10000,NA,7000,NA,10000,30000,500,NA,10000,10000,NA,NA,11500,NA,4460,10000,10000,0,0,NA,0,500,1500,500,10000
M16 [Stock Position (During the month)],16.1.2,Stock position of OPV vaccines,3. Unusable Stock,0,0,NA,NA,NA,NA,NA,0,NA,0,NA,0,NA,NA,NA,0,NA,NA,0,0,0,0,NA,NA,0,0,0,NA
M16 [Stock Position (During the month)],16.1.2,Stock position of OPV vaccines,4. Stock Distributed,286054,13000,14800,6020,NA,7040,NA,9500,21000,661,NA,12000,10060,NA,NA,12840,NA,6820,17000,8500,100000,501,26400,2840,488,1640,744,14200
M16 [Stock Position (During the month)],16.1.2,Stock position of OPV vaccines,5. Total Stock,283184,0,36720,6000,0,960,0,22620,29000,66,0,3960,6700,0,0,0,0,200,10000,6280,120740,138,16940,4373,14522,551,324,3090
M16 [Stock Position (During the month)],16.1.3,Stock position of TT vaccines,1. Balance From Previous Month,136622,1340,12410,0,NA,7490,NA,7060,11500,1546,NA,14770,4380,NA,NA,12440,NA,2670,18500,6360,4500,856,9620,12634,0,1061,835,6650
M16 [Stock Position (During the month)],16.1.3,Stock position of TT vaccines,2. Stocks Received,116775,1000,20000,10000,NA,5000,NA,5000,20000,500,NA,7500,1000,NA,NA,0,NA,0,5000,5000,0,0,20000,10000,275,1000,500,5000
M16 [Stock Position (During the month)],16.1.3,Stock position of TT vaccines,3. Unusable Stock,0,0,NA,NA,NA,NA,NA,0,NA,0,NA,0,NA,NA,NA,0,NA,NA,0,0,0,0,NA,NA,0,0,0,NA
M16 [Stock Position (During the month)],16.1.3,Stock position of TT vaccines,4. Stock Distributed,102289,2300,11850,4000,NA,2930,NA,4600,13500,1053,NA,8500,4110,NA,NA,6290,NA,1700,12000,7400,0,545,11570,3034,275,1096,786,4750
M16 [Stock Position (During the month)],16.1.3,Stock position of TT vaccines,5. Total Stock,151108,40,20560,6000,0,9560,0,7460,18000,993,0,13770,1270,0,0,6150,0,970,11500,3960,4500,311,18050,19600,0,965,549,6900
M16 [Stock Position (During the month)],16.1.4,Stock position of DT vaccines,1. Balance From Previous Month,0,0,NA,NA,NA,NA,NA,0,0,0,NA,0,0,NA,NA,0,NA,NA,0,NA,0,0,0,NA,0,0,0,NA
M16 [Stock Position (During the month)],16.1.4,Stock position of DT vaccines,2. Stocks Received,5400,0,NA,NA,NA,NA,NA,0,0,0,NA,5400,0,NA,NA,0,NA,NA,0,NA,0,0,NA,NA,0,0,0,NA
M16 [Stock Position (During the month)],16.1.4,Stock position of DT vaccines,3. Unusable Stock,0,0,NA,NA,NA,NA,NA,0,NA,0,NA,0,NA,NA,NA,0,NA,NA,0,NA,0,0,NA,NA,0,0,0,NA
M16 [Stock Position (During the month)],16.1.4,Stock position of DT vaccines,4. Stock Distributed,3030,0,NA,NA,NA,NA,NA,0,0,0,NA,3030,0,NA,NA,0,NA,NA,0,NA,0,0,NA,NA,0,0,0,NA
M16 [Stock Position (During the month)],16.1.4,Stock position of DT vaccines,5. Total Stock,2370,0,0,0,0,0,0,0,0,0,0,2370,0,0,0,0,0,0,0,0,0,0,0,0,0,0,0,0
M16 [Stock Position (During the month)],16.1.5,Stock position of BCG vaccines,1. Balance From Previous Month,231464,0,24960,4950,NA,1090,NA,13330,5700,2711,NA,9780,8810,NA,NA,1400,NA,9920,24500,5370,49400,473,46650,12910,7598,318,594,1000
M16 [Stock Position (During the month)],16.1.5,Stock position of BCG vaccines,2. Stocks Received,134700,8000,5000,5000,NA,5000,NA,10000,20000,1500,NA,5000,20000,NA,NA,10000,NA,10000,10000,10000,0,500,NA,5000,0,1700,1000,7000
M16 [Stock Position (During the month)],16.1.5,Stock position of BCG vaccines,3. Unusable Stock,500,0,NA,NA,NA,NA,NA,0,NA,0,NA,0,NA,NA,NA,0,NA,NA,0,0,0,0,NA,NA,0,0,0,500
M16 [Stock Position (During the month)],16.1.5,Stock position of BCG vaccines,4. Stock Distributed,125114,7000,7050,5700,NA,4520,NA,2750,10500,490,NA,8500,4710,NA,NA,8030,NA,6140,6500,4650,30000,301,4600,5830,344,1267,732,5500
M16 [Stock Position (During the month)],16.1.5,Stock position of BCG vaccines,5. Total Stock,240550,1000,22910,4250,0,1570,0,20580,15200,3721,0,6280,24100,0,0,3370,0,13780,28000,10720,19400,672,42050,12080,7254,751,862,2000
M16 [Stock Position (During the month)],16.1.6,Stock position of Measles vaccines,1. Balance From Previous Month,144406,1000,6105,750,NA,7775,NA,9265,7250,1929,NA,7780,9835,NA,NA,6055,NA,5505,4500,12730,19250,1030,9750,17005,4577,1128,1062,10125
M16 [Stock Position (During the month)],16.1.6,Stock position of Measles vaccines,2. Stocks Received,66750,2750,12250,2500,NA,1250,NA,2500,12500,1000,NA,2500,2500,NA,NA,0,NA,5000,2500,0,0,500,10000,5000,500,3500,0,0
M16 [Stock Position (During the month)],16.1.6,Stock position of Measles vaccines,3. Unusable Stock,0,0,NA,NA,NA,NA,NA,0,NA,0,NA,0,NA,NA,NA,0,NA,NA,0,0,0,0,NA,NA,0,0,0,NA
M16 [Stock Position (During the month)],16.1.6,Stock position of Measles vaccines,4. Stock Distributed,82644,3750,7800,1850,NA,1745,NA,3110,6250,1311,NA,5250,1555,NA,NA,4630,NA,3375,4750,2500,10000,1109,10200,4565,663,4169,1062,3000
M16 [Stock Position (During the month)],16.1.6,Stock position of Measles vaccines,5. Total Stock,128512,0,10555,1400,0,7280,0,8655,13500,1618,0,5030,10780,0,0,1425,0,7130,2250,10230,9250,421,9550,17440,4414,459,0,7125
M16 [Stock Position (During the month)],16.1.7,Stock position of JE vaccines,1. Balance From Previous Month,181535,35100,13050,400,NA,0,NA,1595,0,1424,NA,500,3760,NA,NA,0,NA,4850,0,56500,12650,631,25710,965,3750,0,0,20650
M16 [Stock Position (During the month)],16.1.7,Stock position of JE vaccines,2. Stocks Received,85000,0,0,10000,NA,2000,NA,10000,0,3000,NA,10000,5000,NA,NA,0,NA,3000,10000,0,0,1000,15000,10000,2000,2000,2000,0
M16 [Stock Position (During the month)],16.1.7,Stock position of JE vaccines,3. Unusable Stock,20950,0,NA,NA,NA,NA,NA,0,NA,0,NA,0,NA,NA,NA,0,NA,2800,0,0,0,0,NA,NA,0,0,0,18150
M16 [Stock Position (During the month)],16.1.7,Stock position of JE vaccines,4. Stock Distributed,145236,350,0,3900,NA,2000,NA,5245,0,2251,NA,7700,8690,NA,NA,0,NA,2150,5000,56500,10000,1045,30110,4910,1215,100,1570,2500
M16 [Stock Position (During the month)],16.1.7,Stock position of JE vaccines,5. Total Stock,100349,34750,13050,6500,0,0,0,6350,0,2173,0,2800,70,0,0,0,0,2900,5000,0,2650,586,10600,6055,4535,1900,430,0
M16 [Stock Position (During the month)],16.1.8,Stock position of Hepatitis B vaccines,1. Balance From Previous Month,176425,1600,0,15400,NA,400,NA,11000,6000,2740,NA,2430,10320,NA,NA,770,NA,6960,17000,18500,7830,457,48800,14744,1996,1072,1006,7400
M16 [Stock Position (During the month)],16.1.8,Stock position of Hepatitis B vaccines,2. Stocks Received,24400,5000,0,NA,NA,2400,NA,0,0,0,NA,0,7000,NA,NA,10000,NA,0,0,0,0,0,NA,0,0,0,0,0
M16 [Stock Position (During the month)],16.1.8,Stock position of Hepatitis B vaccines,3. Unusable Stock,0,0,NA,NA,NA,NA,NA,0,NA,0,NA,0,NA,NA,NA,0,NA,NA,0,0,0,0,NA,NA,0,0,0,NA
M16 [Stock Position (During the month)],16.1.8,Stock position of Hepatitis B vaccines,4. Stock Distributed,47277,3600,0,NA,NA,2150,NA,1250,200,150,NA,700,8600,NA,NA,2390,NA,200,0,2000,0,165,22900,1500,53,42,227,1150
M16 [Stock Position (During the month)],16.1.8,Stock position of Hepatitis B vaccines,5. Total Stock,153548,3000,0,15400,0,650,0,9750,5800,2590,0,1730,8720,0,0,8380,0,6760,17000,16500,7830,292,25900,13244,1943,1030,779,6250
M16 [Stock Position (During the month)],16.2.1,Stock Position of IU 380 A (to be used for Family Planning),1. Balance From Previous Month,3667,0,681,NA,NA,NA,NA,505,0,800,NA,400,0,NA,NA,NA,NA,151,150,630,0,0,0,NA,0,250,NA,100
M16 [Stock Position (During the month)],16.2.1,Stock Position of IU 380 A (to be used for Family Planning),2. Stocks Received,3200,0,0,NA,NA,NA,NA,500,400,0,NA,500,700,NA,NA,NA,NA,200,500,NA,0,0,NA,NA,0,0,NA,400
M16 [Stock Position (During the month)],16.2.1,Stock Position of IU 380 A (to be used for Family Planning),3. Unusable Stock,0,0,NA,NA,NA,NA,NA,0,NA,0,NA,0,NA,NA,NA,NA,NA,NA,0,NA,0,0,NA,NA,0,0,NA,NA
M16 [Stock Position (During the month)],16.2.1,Stock Position of IU 380 A (to be used for Family Planning),4. Stock Distributed,1140,0,0,NA,NA,NA,NA,0,400,0,NA,0,340,NA,NA,NA,NA,0,0,NA,0,0,NA,NA,0,0,NA,400
M16 [Stock Position (During the month)],16.2.1,Stock Position of IU 380 A (to be used for Family Planning),5. Total Stock,5727,0,681,0,0,0,0,1005,0,800,0,900,360,0,0,0,0,351,650,630,0,0,0,0,0,250,0,100
M16 [Stock Position (During the month)],16.2.2,Stock Position of Condoms (to be used for Family Planning),1. Balance From Previous Month,216030,0,2940,NA,NA,NA,NA,46940,0,11290,NA,24580,6320,NA,NA,NA,NA,106020,8820,0,0,0,0,NA,0,5040,NA,4080
M16 [Stock Position (During the month)],16.2.2,Stock Position of Condoms (to be used for Family Planning),2. Stocks Received,257040,0,50400,NA,NA,NA,NA,55440,40320,0,NA,10080,0,NA,NA,NA,NA,0,50400,NA,0,50400,NA,NA,0,0,NA,0
M16 [Stock Position (During the month)],16.2.2,Stock Position of Condoms (to be used for Family Planning),3. Unusable Stock,0,0,NA,NA,NA,NA,NA,0,NA,0,NA,0,NA,NA,NA,NA,NA,NA,0,NA,0,0,NA,NA,0,0,NA,NA
M16 [Stock Position (During the month)],16.2.2,Stock Position of Condoms (to be used for Family Planning),4. Stock Distributed,169190,0,12180,NA,NA,NA,NA,45360,40320,0,NA,12000,5000,NA,NA,NA,NA,0,0,NA,0,50400,NA,NA,0,0,NA,3930
M16 [Stock Position (During the month)],16.2.2,Stock Position of Condoms (to be used for Family Planning),5. Total Stock,303880,0,41160,0,0,0,0,57020,0,11290,0,22660,1320,0,0,0,0,106020,59220,0,0,0,0,0,0,5040,0,150
M16 [Stock Position (During the month)],16.2.3,Stock Position of Oral Contraceptive (to be used for Family Planning),1. Balance From Previous Month,121899,0,23700,NA,NA,NA,NA,3599,0,0,NA,19600,12200,NA,NA,NA,NA,48800,0,0,0,11400,0,NA,0,1000,NA,1600
M16 [Stock Position (During the month)],16.2.3,Stock Position of Oral Contraceptive (to be used for Family Planning),2. Stocks Received,31200,0,0,NA,NA,NA,NA,6000,12000,0,NA,0,0,NA,NA,NA,NA,0,12000,NA,0,0,NA,NA,0,0,NA,1200
M16 [Stock Position (During the month)],16.2.3,Stock Position of Oral Contraceptive (to be used for Family Planning),3. Unusable Stock,0,0,NA,NA,NA,NA,NA,0,NA,0,NA,0,NA,NA,NA,NA,NA,NA,0,NA,0,0,NA,NA,0,0,NA,NA
M16 [Stock Position (During the month)],16.2.3,Stock Position of Oral Contraceptive (to be used for Family Planning),4. Stock Distributed,40700,0,4500,NA,NA,NA,NA,7000,12000,0,NA,2400,7000,NA,NA,NA,NA,0,0,NA,0,7000,NA,NA,0,0,NA,800
M16 [Stock Position (During the month)],16.2.3,Stock Position of Oral Contraceptive (to be used for Family Planning),5. Total Stock,112399,0,19200,0,0,0,0,2599,0,0,0,17200,5200,0,0,0,0,48800,12000,0,0,4400,0,0,0,1000,0,2000
M16 [Stock Position (During the month)],16.2.4,Stock Position of Emergency Contraceptive (to be used for Family Planning),1. Balance From Previous Month,21670,0,0,NA,NA,NA,NA,2670,0,0,NA,9400,2000,NA,NA,NA,NA,2300,1200,0,0,3300,0,NA,0,500,NA,300
M16 [Stock Position (During the month)],16.2.4,Stock Position of Emergency Contraceptive (to be used for Family Planning),2. Stocks Received,9300,0,0,NA,NA,NA,NA,3000,6300,0,NA,0,0,NA,NA,NA,NA,0,0,NA,0,0,NA,NA,0,0,NA,0
M16 [Stock Position (During the month)],16.2.4,Stock Position of Emergency Contraceptive (to be used for Family Planning),3. Unusable Stock,0,0,NA,NA,NA,NA,NA,0,NA,0,NA,0,NA,NA,NA,NA,NA,NA,0,NA,0,0,NA,NA,0,0,NA,NA
M16 [Stock Position (During the month)],16.2.4,Stock Position of Emergency Contraceptive (to be used for Family Planning),4. Stock Distributed,12100,0,0,NA,NA,NA,NA,3200,6300,0,NA,0,2000,NA,NA,NA,NA,0,0,NA,0,600,NA,NA,0,0,NA,0
M16 [Stock Position (During the month)],16.2.4,Stock Position of Emergency Contraceptive (to be used for Family Planning),5. Total Stock,18870,0,0,0,0,0,0,2470,0,0,0,9400,0,0,0,0,0,2300,1200,0,0,2700,0,0,0,500,0,300
M16 [Stock Position (During the month)],16.2.5,Stock Position of Tubal Rings (to be used for Family Planning),1. Balance From Previous Month,42593,0,2400,NA,NA,NA,NA,15893,5000,5500,NA,800,0,NA,NA,NA,NA,5000,2000,700,0,0,0,NA,2400,2200,NA,700
M16 [Stock Position (During the month)],16.2.5,Stock Position of Tubal Rings (to be used for Family Planning),2. Stocks Received,200,0,0,NA,NA,NA,NA,0,0,0,NA,0,0,NA,NA,NA,NA,0,0,NA,0,0,NA,NA,0,0,NA,200
M16 [Stock Position (During the month)],16.2.5,Stock Position of Tubal Rings (to be used for Family Planning),3. Unusable Stock,0,0,NA,NA,NA,NA,NA,0,NA,0,NA,0,NA,NA,NA,NA,NA,NA,0,NA,0,0,NA,NA,0,0,NA,NA
M16 [Stock Position (During the month)],16.2.5,Stock Position of Tubal Rings (to be used for Family Planning),4. Stock Distributed,286,0,100,NA,NA,NA,NA,186,0,0,NA,0,0,NA,NA,NA,NA,0,0,NA,0,0,NA,NA,0,0,NA,0
M16 [Stock Position (During the month)],16.2.5,Stock Position of Tubal Rings (to be used for Family Planning),5. Total Stock,42507,0,2300,0,0,0,0,15707,5000,5500,0,800,0,0,0,0,0,5000,2000,700,0,0,0,0,2400,2200,0,900
M16 [Stock Position (During the month)],16.3.01,Stock Position of Oxytocin Injection,1. Balance From Previous Month,335224,12060,NA,NA,NA,0,NA,0,NA,NA,NA,NA,3700,NA,NA,NA,NA,NA,0,NA,0,13910,288100,14000,860,NA,2394,200
M16 [Stock Position (During the month)],16.3.01,Stock Position of Oxytocin Injection,2. Stocks Received,4160,0,NA,NA,NA,2160,NA,0,NA,NA,NA,NA,0,NA,NA,NA,NA,NA,0,NA,0,0,NA,0,2000,NA,0,0
M16 [Stock Position (During the month)],16.3.01,Stock Position of Oxytocin Injection,3. Unusable Stock,0,0,NA,NA,NA,NA,NA,0,NA,NA,NA,NA,NA,NA,NA,NA,NA,NA,0,NA,0,0,NA,NA,0,NA,0,NA
M16 [Stock Position (During the month)],16.3.01,Stock Position of Oxytocin Injection,4. Stock Distributed,20890,12060,NA,NA,NA,1320,NA,0,NA,NA,NA,NA,2200,NA,NA,NA,NA,NA,0,NA,0,4800,0,0,390,NA,120,0
M16 [Stock Position (During the month)],16.3.01,Stock Position of Oxytocin Injection,5. Total Stock,318494,0,0,0,0,840,0,0,0,0,0,0,1500,0,0,0,0,0,0,0,0,9110,288100,14000,2470,0,2274,200
M16 [Stock Position (During the month)],16.3.02,Stock Position of Gloves,1. Balance From Previous Month,14255,12060,NA,NA,NA,50,NA,0,NA,NA,NA,NA,0,NA,NA,NA,NA,NA,1300,NA,0,345,0,0,0,NA,NA,500
M16 [Stock Position (During the month)],16.3.02,Stock Position of Gloves,2. Stocks Received,24000,0,NA,NA,NA,0,NA,0,NA,NA,NA,NA,0,NA,NA,NA,NA,NA,0,NA,0,0,NA,NA,24000,NA,NA,0
M16 [Stock Position (During the month)],16.3.02,Stock Position of Gloves,3. Unusable Stock,0,0,NA,NA,NA,0,NA,0,NA,NA,NA,NA,NA,NA,NA,NA,NA,NA,0,NA,0,0,NA,NA,0,NA,NA,NA
M16 [Stock Position (During the month)],16.3.02,Stock Position of Gloves,4. Stock Distributed,35785,12060,NA,NA,NA,0,NA,0,NA,NA,NA,NA,0,NA,NA,NA,NA,NA,700,NA,0,25,NA,NA,22800,NA,NA,200
M16 [Stock Position (During the month)],16.3.02,Stock Position of Gloves,5. Total Stock,2470,0,0,0,0,50,0,0,0,0,0,0,0,0,0,0,0,0,600,0,0,320,0,0,1200,0,0,300
M16 [Stock Position (During the month)],16.3.03,Stock Position of MVA Syringes,1. Balance From Previous Month,0,0,NA,NA,NA,NA,NA,0,NA,NA,NA,NA,0,NA,NA,NA,NA,NA,0,NA,0,0,0,0,0,NA,NA,0
M16 [Stock Position (During the month)],16.3.03,Stock Position of MVA Syringes,2. Stocks Received,0,0,NA,NA,NA,NA,NA,NA,NA,NA,NA,NA,0,NA,NA,NA,NA,NA,0,NA,0,0,NA,NA,0,NA,NA,0
M16 [Stock Position (During the month)],16.3.03,Stock Position of MVA Syringes,3. Unusable Stock,0,0,NA,NA,NA,NA,NA,NA,NA,NA,NA,NA,NA,NA,NA,NA,NA,NA,0,NA,0,0,NA,NA,0,NA,NA,NA
M16 [Stock Position (During the month)],16.3.03,Stock Position of MVA Syringes,4. Stock Distributed,0,0,NA,NA,NA,NA,NA,NA,NA,NA,NA,NA,0,NA,NA,NA,NA,NA,0,NA,0,0,NA,NA,0,NA,NA,0
M16 [Stock Position (During the month)],16.3.03,Stock Position of MVA Syringes,5. Total Stock,0,0,0,0,0,0,0,0,0,0,0,0,0,0,0,0,0,0,0,0,0,0,0,0,0,0,0,0
M16 [Stock Position (During the month)],16.3.04,Stock Position of Fluconazole Tablets,1. Balance From Previous Month,151290,0,NA,NA,NA,NA,NA,0,NA,NA,NA,NA,0,NA,NA,NA,NA,NA,2800,NA,0,0,103900,0,0,NA,NA,44590
M16 [Stock Position (During the month)],16.3.04,Stock Position of Fluconazole Tablets,2. Stocks Received,0,0,NA,NA,NA,NA,NA,0,NA,NA,NA,NA,0,NA,NA,NA,NA,NA,0,NA,0,0,NA,NA,0,NA,NA,0
M16 [Stock Position (During the month)],16.3.04,Stock Position of Fluconazole Tablets,3. Unusable Stock,0,0,NA,NA,NA,NA,NA,0,NA,NA,NA,NA,NA,NA,NA,NA,NA,NA,0,NA,0,0,NA,NA,0,NA,NA,NA
M16 [Stock Position (During the month)],16.3.04,Stock Position of Fluconazole Tablets,4. Stock Distributed,77400,0,NA,NA,NA,NA,NA,0,NA,NA,NA,NA,0,NA,NA,NA,NA,NA,1000,NA,0,0,60400,NA,0,NA,NA,16000
M16 [Stock Position (During the month)],16.3.04,Stock Position of Fluconazole Tablets,5. Total Stock,73890,0,0,0,0,0,0,0,0,0,0,0,0,0,0,0,0,0,1800,0,0,0,43500,0,0,0,0,28590
M16 [Stock Position (During the month)],16.3.05,Stock Position of Blood Transfusion Sets,1. Balance From Previous Month,100,0,NA,NA,NA,NA,NA,0,NA,NA,NA,NA,0,NA,NA,NA,NA,NA,100,NA,0,0,0,0,0,NA,NA,NA
M16 [Stock Position (During the month)],16.3.05,Stock Position of Blood Transfusion Sets,2. Stocks Received,450,50,NA,NA,NA,NA,NA,400,NA,NA,NA,NA,0,NA,NA,NA,NA,NA,0,NA,0,0,NA,NA,0,NA,NA,NA
M16 [Stock Position (During the month)],16.3.05,Stock Position of Blood Transfusion Sets,3. Unusable Stock,0,0,NA,NA,NA,NA,NA,0,NA,NA,NA,NA,NA,NA,NA,NA,NA,NA,0,NA,0,0,NA,NA,0,NA,NA,NA
M16 [Stock Position (During the month)],16.3.05,Stock Position of Blood Transfusion Sets,4. Stock Distributed,450,50,NA,NA,NA,NA,NA,400,NA,NA,NA,NA,0,NA,NA,NA,NA,NA,0,NA,0,0,NA,NA,0,NA,NA,NA
M16 [Stock Position (During the month)],16.3.05,Stock Position of Blood Transfusion Sets,5. Total Stock,100,0,0,0,0,0,0,0,0,0,0,0,0,0,0,0,0,0,100,0,0,0,0,0,0,0,0,0
M16 [Stock Position (During the month)],16.3.06,Stock Position of Gluteraldehyde solution of 2% concentration,1. Balance From Previous Month,0,0,NA,NA,NA,NA,NA,0,NA,NA,NA,NA,0,NA,NA,NA,NA,NA,0,NA,0,0,0,0,0,NA,NA,NA
M16 [Stock Position (During the month)],16.3.06,Stock Position of Gluteraldehyde solution of 2% concentration,2. Stocks Received,0,0,NA,NA,NA,NA,NA,NA,NA,NA,NA,NA,0,NA,NA,NA,NA,NA,0,NA,0,0,NA,NA,0,NA,NA,NA
M16 [Stock Position (During the month)],16.3.06,Stock Position of Gluteraldehyde solution of 2% concentration,3. Unusable Stock,0,0,NA,NA,NA,NA,NA,NA,NA,NA,NA,NA,NA,NA,NA,NA,NA,NA,0,NA,0,0,NA,NA,0,NA,NA,NA
M16 [Stock Position (During the month)],16.3.06,Stock Position of Gluteraldehyde solution of 2% concentration,4. Stock Distributed,0,0,NA,NA,NA,NA,NA,NA,NA,NA,NA,NA,0,NA,NA,NA,NA,NA,0,NA,0,0,NA,NA,0,NA,NA,NA
M16 [Stock Position (During the month)],16.3.06,Stock Position of Gluteraldehyde solution of 2% concentration,5. Total Stock,0,0,0,0,0,0,0,0,0,0,0,0,0,0,0,0,0,0,0,0,0,0,0,0,0,0,0,0
M16 [Stock Position (During the month)],16.3.07,Stock Position of IFA Tablets,1. Balance From Previous Month,1597741,0,NA,NA,NA,NA,NA,0,NA,NA,NA,NA,0,NA,NA,NA,NA,NA,0,NA,0,0,1450396,147345,0,NA,NA,NA
M16 [Stock Position (During the month)],16.3.07,Stock Position of IFA Tablets,2. Stocks Received,0,0,NA,NA,NA,NA,NA,0,NA,NA,NA,NA,0,NA,NA,NA,NA,NA,0,NA,0,0,NA,0,0,NA,NA,NA
M16 [Stock Position (During the month)],16.3.07,Stock Position of IFA Tablets,3. Unusable Stock,0,0,NA,NA,NA,NA,NA,0,NA,NA,NA,NA,NA,NA,NA,NA,NA,NA,0,NA,0,0,NA,NA,0,NA,NA,NA
M16 [Stock Position (During the month)],16.3.07,Stock Position of IFA Tablets,4. Stock Distributed,893780,0,NA,NA,NA,NA,NA,0,NA,NA,NA,NA,0,NA,NA,NA,NA,NA,0,NA,0,0,746930,146850,0,NA,NA,NA
M16 [Stock Position (During the month)],16.3.07,Stock Position of IFA Tablets,5. Total Stock,703961,0,0,0,0,0,0,0,0,0,0,0,0,0,0,0,0,0,0,0,0,0,703466,495,0,0,0,0
M16 [Stock Position (During the month)],16.3.08,Stock Position of IFA Syrup (Paediatric),1. Balance From Previous Month,2450,0,NA,NA,NA,NA,NA,0,NA,NA,NA,NA,0,NA,NA,NA,NA,NA,0,NA,0,0,200,2250,0,NA,NA,NA
M16 [Stock Position (During the month)],16.3.08,Stock Position of IFA Syrup (Paediatric),2. Stocks Received,54555,0,NA,NA,NA,NA,NA,0,NA,NA,NA,NA,0,NA,NA,NA,NA,NA,0,NA,0,0,NA,0,0,NA,54555,NA
M16 [Stock Position (During the month)],16.3.08,Stock Position of IFA Syrup (Paediatric),3. Unusable Stock,0,0,NA,NA,NA,NA,NA,0,NA,NA,NA,NA,NA,NA,NA,NA,NA,NA,0,NA,0,0,NA,NA,0,NA,NA,NA
M16 [Stock Position (During the month)],16.3.08,Stock Position of IFA Syrup (Paediatric),4. Stock Distributed,17200,0,NA,NA,NA,NA,NA,0,NA,NA,NA,NA,0,NA,NA,NA,NA,NA,0,NA,0,0,200,0,0,NA,17000,NA
M16 [Stock Position (During the month)],16.3.08,Stock Position of IFA Syrup (Paediatric),5. Total Stock,39805,0,0,0,0,0,0,0,0,0,0,0,0,0,0,0,0,0,0,0,0,0,0,2250,0,0,37555,0
M16 [Stock Position (During the month)],16.3.09,Stock Position of Paediatrics Antibiotics (Cotrimaxozole and Injectable Gentamicin),1. Balance From Previous Month,79175,16000,NA,NA,NA,980,NA,0,NA,NA,NA,NA,0,NA,NA,NA,NA,NA,11900,NA,0,0,45700,2500,2095,NA,NA,NA
M16 [Stock Position (During the month)],16.3.09,Stock Position of Paediatrics Antibiotics (Cotrimaxozole and Injectable Gentamicin),2. Stocks Received,0,0,NA,NA,NA,0,NA,0,NA,NA,NA,NA,0,NA,NA,NA,NA,NA,0,NA,0,0,NA,0,0,NA,NA,NA
M16 [Stock Position (During the month)],16.3.09,Stock Position of Paediatrics Antibiotics (Cotrimaxozole and Injectable Gentamicin),3. Unusable Stock,0,0,NA,NA,NA,NA,NA,0,NA,NA,NA,NA,NA,NA,NA,NA,NA,NA,0,NA,0,0,NA,NA,0,NA,NA,NA
M16 [Stock Position (During the month)],16.3.09,Stock Position of Paediatrics Antibiotics (Cotrimaxozole and Injectable Gentamicin),4. Stock Distributed,66185,16000,NA,NA,NA,780,NA,0,NA,NA,NA,NA,0,NA,NA,NA,NA,NA,7000,NA,0,0,41000,0,1405,NA,NA,NA
M16 [Stock Position (During the month)],16.3.09,Stock Position of Paediatrics Antibiotics (Cotrimaxozole and Injectable Gentamicin),5. Total Stock,12990,0,0,0,0,200,0,0,0,0,0,0,0,0,0,0,0,0,4900,0,0,0,4700,2500,690,0,0,0
M16 [Stock Position (During the month)],16.3.10,Stock Position of Vitamin A solution,1. Balance From Previous Month,47976,1610,NA,NA,NA,NA,NA,2060,NA,NA,NA,NA,9380,NA,NA,NA,NA,NA,2442,NA,0,0,26147,3000,2079,NA,1258,0
M16 [Stock Position (During the month)],16.3.10,Stock Position of Vitamin A solution,2. Stocks Received,0,0,NA,NA,NA,NA,NA,0,NA,NA,NA,NA,0,NA,NA,NA,NA,NA,0,NA,0,0,NA,0,0,NA,0,0
M16 [Stock Position (During the month)],16.3.10,Stock Position of Vitamin A solution,3. Unusable Stock,0,0,NA,NA,NA,NA,NA,0,NA,NA,NA,NA,NA,NA,NA,NA,NA,NA,0,NA,0,0,NA,NA,0,NA,0,NA
M16 [Stock Position (During the month)],16.3.10,Stock Position of Vitamin A solution,4. Stock Distributed,18426,1610,NA,NA,NA,NA,NA,0,NA,NA,NA,NA,0,NA,NA,NA,NA,NA,400,NA,0,0,16200,0,216,NA,0,0
M16 [Stock Position (During the month)],16.3.10,Stock Position of Vitamin A solution,5. Total Stock,29550,0,0,0,0,0,0,2060,0,0,0,0,9380,0,0,0,0,0,2042,0,0,0,9947,3000,1863,0,1258,0
M16 [Stock Position (During the month)],16.3.11,Stock of ORS (New WHO formulation),1. Balance From Previous Month,2058890,151800,NA,NA,NA,0,NA,230000,NA,NA,NA,NA,241930,NA,NA,NA,NA,NA,368360,NA,0,0,458800,223030,146470,NA,15000,223500
M16 [Stock Position (During the month)],16.3.11,Stock of ORS (New WHO formulation),2. Stocks Received,2495200,0,NA,NA,NA,90000,NA,0,NA,NA,NA,NA,0,NA,NA,NA,NA,NA,0,NA,0,5200,2400000,0,0,NA,0,0
M16 [Stock Position (During the month)],16.3.11,Stock of ORS (New WHO formulation),3. Unusable Stock,0,0,NA,NA,NA,NA,NA,0,NA,NA,NA,NA,NA,NA,NA,NA,NA,NA,0,NA,0,0,NA,NA,0,NA,0,NA
M16 [Stock Position (During the month)],16.3.11,Stock of ORS (New WHO formulation),4. Stock Distributed,746500,151800,NA,NA,NA,83400,NA,105000,NA,NA,NA,NA,0,NA,NA,NA,NA,NA,298600,NA,0,0,54000,0,21700,NA,2000,30000
M16 [Stock Position (During the month)],16.3.11,Stock of ORS (New WHO formulation),5. Total Stock,3807590,0,0,0,0,6600,0,125000,0,0,0,0,241930,0,0,0,0,0,69760,0,0,5200,2804800,223030,124770,0,13000,193500
M16 [Stock Position (During the month)],16.4.1,Stock Position of 0.1 ml Syringes(AD),1. Balance From Previous Month,33178,6720,230,0,NA,600,NA,700,1300,25,NA,0,0,NA,NA,0,NA,205,100,100,5200,50,15098,1600,1250,0,NA,0
M16 [Stock Position (During the month)],16.4.1,Stock Position of 0.1 ml Syringes(AD),2. Stocks Received,5600,200,0,400,NA,400,NA,400,400,400,NA,400,200,NA,NA,400,NA,0,400,400,0,400,NA,0,400,400,NA,400
M16 [Stock Position (During the month)],16.4.1,Stock Position of 0.1 ml Syringes(AD),3. Unusable Stock,0,0,NA,NA,NA,NA,NA,0,NA,0,NA,0,NA,NA,NA,0,NA,NA,0,NA,0,0,NA,NA,0,0,NA,NA
M16 [Stock Position (During the month)],16.4.1,Stock Position of 0.1 ml Syringes(AD),4. Stock Distributed,18283,700,230,386,NA,1000,NA,700,800,410,NA,400,200,NA,NA,400,NA,205,400,210,1000,450,8198,1580,230,400,NA,384
M16 [Stock Position (During the month)],16.4.1,Stock Position of 0.1 ml Syringes(AD),5. Total Stock,20495,6220,0,14,0,0,0,400,900,15,0,0,0,0,0,0,0,0,100,290,4200,0,6900,20,1420,0,0,16
M16 [Stock Position (During the month)],16.4.2,Stock Position of 0.5 ml Syringes(AD),1. Balance From Previous Month,1739256,4651,38270,70200,NA,107368,NA,95200,600,86340,NA,50000,118700,NA,NA,41690,NA,31100,57000,17000,378600,48800,50700,71380,187700,123957,NA,160000
M16 [Stock Position (During the month)],16.4.2,Stock Position of 0.5 ml Syringes(AD),2. Stocks Received,244000,0,48000,NA,NA,NA,NA,0,54000,26000,NA,50000,0,NA,NA,40000,NA,26000,0,NA,0,0,NA,0,0,0,NA,0
M16 [Stock Position (During the month)],16.4.2,Stock Position of 0.5 ml Syringes(AD),3. Unusable Stock,0,0,NA,NA,NA,NA,NA,0,NA,0,NA,0,NA,NA,NA,0,NA,NA,0,NA,0,0,NA,NA,0,0,NA,NA
M16 [Stock Position (During the month)],16.4.2,Stock Position of 0.5 ml Syringes(AD),4. Stock Distributed,309600,3000,26500,2400,NA,9800,NA,14800,4800,48000,NA,14000,17800,NA,NA,21200,NA,4800,26000,13400,70000,10000,NA,6000,1200,13500,NA,2400
M16 [Stock Position (During the month)],16.4.2,Stock Position of 0.5 ml Syringes(AD),5. Total Stock,1673656,1651,59770,67800,0,97568,0,80400,49800,64340,0,86000,100900,0,0,60490,0,52300,31000,3600,308600,38800,50700,65380,186500,110457,0,157600
M16 [Stock Position (During the month)],16.4.3,Stock Position of 5.0 ml Syringes(Disposable),1. Balance From Previous Month,192563,23390,175,6700,NA,2250,NA,5300,22700,854,NA,9670,2500,NA,NA,3375,NA,10030,8100,9000,50300,1000,15940,3560,8450,3469,NA,5800
M16 [Stock Position (During the month)],16.4.3,Stock Position of 5.0 ml Syringes(Disposable),2. Stocks Received,21100,1000,10000,NA,NA,1000,NA,1000,0,1000,NA,1000,2000,NA,NA,1000,NA,0,1000,100,0,0,NA,0,1000,0,NA,1000
M16 [Stock Position (During the month)],16.4.3,Stock Position of 5.0 ml Syringes(Disposable),3. Unusable Stock,0,0,NA,NA,NA,NA,NA,0,NA,0,NA,0,NA,NA,NA,0,NA,NA,0,NA,0,0,NA,NA,0,0,NA,NA
M16 [Stock Position (During the month)],16.4.3,Stock Position of 5.0 ml Syringes(Disposable),4. Stock Distributed,66655,5570,2300,0,NA,500,NA,1300,0,1650,NA,1000,2400,NA,NA,1800,NA,900,6000,3295,30000,1000,990,2200,2100,1250,NA,2400
M16 [Stock Position (During the month)],16.4.3,Stock Position of 5.0 ml Syringes(Disposable),5. Total Stock,147008,18820,7875,6700,0,2750,0,5000,22700,204,0,9670,2100,0,0,2575,0,9130,3100,5805,20300,0,14950,1360,7350,2219,0,4400
M17 [Details of deaths reported during the month with probable causes:],17.1,Number of cases of Infant deaths within 24 hrs of birth,TOTAL,10,1,1,NA,NA,NA,NA,NA,1,NA,NA,1,2,NA,NA,NA,NA,1,1,NA,NA,NA,NA,NA,NA,1,1,NA
M17 [Details of deaths reported during the month with probable causes:],17.2.1,Number of cases of Infant deaths 24 hours to 4 weeks of birth with the probable cause being Sepsis,1. Up to 1 Weeks of Birth,31,NA,3,3,NA,NA,NA,NA,NA,NA,NA,NA,NA,4,NA,11,NA,NA,2,NA,NA,2,1,3,NA,1,NA,1
M17 [Details of deaths reported during the month with probable causes:],17.2.1,Number of cases of Infant deaths 24 hours to 4 weeks of birth with the probable cause being Sepsis,2. Between 1 week & 4 weeks of birth,9,NA,4,NA,NA,NA,NA,NA,NA,NA,NA,NA,NA,NA,NA,5,NA,NA,NA,NA,NA,NA,NA,NA,NA,NA,NA,NA
M17 [Details of deaths reported during the month with probable causes:],17.2.1,Number of cases of Infant deaths 24 hours to 4 weeks of birth with the probable cause being Sepsis,3. Total,40,NA,7,3,NA,NA,NA,NA,NA,NA,NA,NA,NA,4,NA,16,NA,NA,2,NA,NA,2,1,3,NA,1,NA,1
M17 [Details of deaths reported during the month with probable causes:],17.2.2,Number of cases of Infant deaths 24 hours to 4 weeks of birth with the probable cause being Asphyxia,1. Up to 1 Weeks of Birth,79,NA,28,5,2,NA,NA,NA,NA,2,1,5,NA,5,NA,15,NA,NA,4,NA,7,1,NA,1,NA,1,NA,2
M17 [Details of deaths reported during the month with probable causes:],17.2.2,Number of cases of Infant deaths 24 hours to 4 weeks of birth with the probable cause being Asphyxia,2. Between 1 week & 4 weeks of birth,1,NA,NA,NA,NA,NA,NA,NA,NA,NA,NA,NA,NA,1,NA,NA,NA,NA,NA,NA,NA,NA,NA,NA,NA,NA,NA,NA
M17 [Details of deaths reported during the month with probable causes:],17.2.2,Number of cases of Infant deaths 24 hours to 4 weeks of birth with the probable cause being Asphyxia,3. Total,80,NA,28,5,2,NA,NA,NA,NA,2,1,5,NA,6,NA,15,NA,NA,4,NA,7,1,NA,1,NA,1,NA,2
M17 [Details of deaths reported during the month with probable causes:],17.2.3,Number of cases of Infant deaths 24 hours to 4 weeks of birth with the probable cause being LBW,1. Up to 1 Weeks of Birth,91,NA,21,7,7,NA,2,2,2,NA,2,6,1,4,1,NA,2,NA,7,NA,1,4,2,5,2,5,2,6
M17 [Details of deaths reported during the month with probable causes:],17.2.3,Number of cases of Infant deaths 24 hours to 4 weeks of birth with the probable cause being LBW,2. Between 1 week & 4 weeks of birth,5,NA,NA,NA,NA,NA,NA,NA,NA,NA,NA,3,NA,1,NA,NA,NA,NA,NA,NA,NA,NA,NA,1,NA,NA,NA,NA
M17 [Details of deaths reported during the month with probable causes:],17.2.3,Number of cases of Infant deaths 24 hours to 4 weeks of birth with the probable cause being LBW,3. Total,96,NA,21,7,7,NA,2,2,2,NA,2,9,1,5,1,NA,2,NA,7,NA,1,4,2,6,2,5,2,6
M17 [Details of deaths reported during the month with probable causes:],17.2.4,"Number of cases of Infant deaths 24 hours to 4 weeks of birth with the probable cause being other than Sepsis, Asphyxia and LBW",1. Up to 1 Weeks of Birth,101,2,5,10,8,2,2,8,2,2,1,14,4,3,NA,5,3,2,5,NA,5,1,2,4,4,4,1,2
M17 [Details of deaths reported during the month with probable causes:],17.2.4,"Number of cases of Infant deaths 24 hours to 4 weeks of birth with the probable cause being other than Sepsis, Asphyxia and LBW",2. Between 1 week & 4 weeks of birth,5,NA,NA,3,NA,NA,NA,1,NA,NA,NA,NA,NA,NA,NA,1,NA,NA,NA,NA,NA,NA,NA,NA,NA,NA,NA,NA
M17 [Details of deaths reported during the month with probable causes:],17.2.4,"Number of cases of Infant deaths 24 hours to 4 weeks of birth with the probable cause being other than Sepsis, Asphyxia and LBW",3. Total,106,2,5,13,8,2,2,9,2,2,1,14,4,3,NA,6,3,2,5,NA,5,1,2,4,4,4,1,2
M17 [Details of deaths reported during the month with probable causes:],17.3.1,Number of cases of Infant or Child deaths between 1 month to 5 years of age with the probable cause being Pneumonia,1. Between 1 month and 11 months,25,2,3,1,2,NA,NA,1,1,NA,NA,5,1,2,NA,NA,NA,NA,1,NA,1,1,2,NA,NA,1,NA,1
M17 [Details of deaths reported during the month with probable causes:],17.3.1,Number of cases of Infant or Child deaths between 1 month to 5 years of age with the probable cause being Pneumonia,2. Between 1 year & 5 years,5,NA,NA,NA,NA,NA,NA,NA,2,NA,NA,1,NA,NA,NA,NA,NA,NA,NA,NA,1,1,NA,NA,NA,NA,NA,NA
M17 [Details of deaths reported during the month with probable causes:],17.3.1,Number of cases of Infant or Child deaths between 1 month to 5 years of age with the probable cause being Pneumonia,3. Total,30,2,3,1,2,NA,NA,1,3,NA,NA,6,1,2,NA,NA,NA,NA,1,NA,2,2,2,NA,NA,1,NA,1
M17 [Details of deaths reported during the month with probable causes:],17.3.2,Number of cases of Infant or Child deaths between 1 month to 5 years of age with the probable cause being Diarrhoea,1. Between 1 month and 11 months,3,NA,1,NA,NA,NA,NA,NA,NA,NA,NA,NA,NA,NA,NA,NA,NA,NA,1,NA,NA,NA,1,NA,NA,NA,NA,NA
M17 [Details of deaths reported during the month with probable causes:],17.3.2,Number of cases of Infant or Child deaths between 1 month to 5 years of age with the probable cause being Diarrhoea,2. Between 1 year & 5 years,NA,NA,NA,NA,NA,NA,NA,NA,NA,NA,NA,NA,NA,NA,NA,NA,NA,NA,NA,NA,NA,NA,NA,NA,NA,NA,NA,NA
M17 [Details of deaths reported during the month with probable causes:],17.3.2,Number of cases of Infant or Child deaths between 1 month to 5 years of age with the probable cause being Diarrhoea,3. Total,3,NA,1,NA,NA,NA,NA,NA,NA,NA,NA,NA,NA,NA,NA,NA,NA,NA,1,NA,NA,NA,1,NA,NA,NA,NA,NA
M17 [Details of deaths reported during the month with probable causes:],17.3.3,Number of cases of Infant or Child deaths between 1 month to 5 years of age with the probable cause being Fever related,1. Between 1 month and 11 months,8,1,NA,NA,NA,NA,1,NA,NA,NA,NA,NA,NA,1,1,NA,NA,2,1,NA,NA,NA,NA,NA,NA,NA,NA,1
M17 [Details of deaths reported during the month with probable causes:],17.3.3,Number of cases of Infant or Child deaths between 1 month to 5 years of age with the probable cause being Fever related,2. Between 1 year & 5 years,2,1,NA,NA,NA,NA,NA,NA,NA,NA,NA,1,NA,NA,NA,NA,NA,NA,NA,NA,NA,NA,NA,NA,NA,NA,NA,NA
M17 [Details of deaths reported during the month with probable causes:],17.3.3,Number of cases of Infant or Child deaths between 1 month to 5 years of age with the probable cause being Fever related,3. Total,10,2,NA,NA,NA,NA,1,NA,NA,NA,NA,1,NA,1,1,NA,NA,2,1,NA,NA,NA,NA,NA,NA,NA,NA,1
M17 [Details of deaths reported during the month with probable causes:],17.3.4,Number of cases of Infant or Child deaths between 1 month to 5 years of age with the probable cause being Measles,1. Between 1 month and 11 months,NA,NA,NA,NA,NA,NA,NA,NA,NA,NA,NA,NA,NA,NA,NA,NA,NA,NA,NA,NA,NA,NA,NA,NA,NA,NA,NA,NA
M17 [Details of deaths reported during the month with probable causes:],17.3.4,Number of cases of Infant or Child deaths between 1 month to 5 years of age with the probable cause being Measles,2. Between 1 year & 5 years,NA,NA,NA,NA,NA,NA,NA,NA,NA,NA,NA,NA,NA,NA,NA,NA,NA,NA,NA,NA,NA,NA,NA,NA,NA,NA,NA,NA
M17 [Details of deaths reported during the month with probable causes:],17.3.4,Number of cases of Infant or Child deaths between 1 month to 5 years of age with the probable cause being Measles,3. Total,NA,NA,NA,NA,NA,NA,NA,NA,NA,NA,NA,NA,NA,NA,NA,NA,NA,NA,NA,NA,NA,NA,NA,NA,NA,NA,NA,NA
M17 [Details of deaths reported during the month with probable causes:],17.3.5,"Number of cases of Infant or Child deaths between 1 month to 5 years of age with the probable cause being other than Pneumonia, Diarrhoea, Fever related and Measles",1. Between 1 month and 11 months,83,2,6,9,6,7,NA,3,1,2,1,7,2,5,NA,NA,NA,NA,9,1,3,NA,5,1,2,5,3,3
M17 [Details of deaths reported during the month with probable causes:],17.3.5,"Number of cases of Infant or Child deaths between 1 month to 5 years of age with the probable cause being other than Pneumonia, Diarrhoea, Fever related and Measles",2. Between 1 year & 5 years,10,NA,NA,1,1,NA,NA,1,NA,NA,NA,1,1,NA,NA,NA,NA,NA,NA,1,1,NA,NA,NA,1,1,NA,1
M17 [Details of deaths reported during the month with probable causes:],17.3.5,"Number of cases of Infant or Child deaths between 1 month to 5 years of age with the probable cause being other than Pneumonia, Diarrhoea, Fever related and Measles",3. Total,93,2,6,10,7,7,NA,4,1,2,1,8,3,5,NA,NA,NA,NA,9,2,4,NA,5,1,3,6,3,4
M17 [Details of deaths reported during the month with probable causes:],17.4.1,Number of cases of Adolescent or Adult deaths (age 6 years & above) with the probable cause being Diarrhoeal diseases,1. 6-14 yrs,1,NA,NA,NA,NA,NA,NA,NA,NA,NA,NA,NA,NA,NA,NA,NA,NA,NA,NA,NA,NA,NA,NA,NA,NA,NA,NA,1
M17 [Details of deaths reported during the month with probable causes:],17.4.1,Number of cases of Adolescent or Adult deaths (age 6 years & above) with the probable cause being Diarrhoeal diseases,2. 15-55 yrs.,3,NA,NA,NA,NA,NA,NA,NA,NA,NA,1,NA,NA,NA,NA,NA,NA,NA,NA,NA,NA,NA,NA,NA,1,1,NA,NA
M17 [Details of deaths reported during the month with probable causes:],17.4.1,Number of cases of Adolescent or Adult deaths (age 6 years & above) with the probable cause being Diarrhoeal diseases,3. Above 55 yrs.,NA,NA,NA,NA,NA,NA,NA,NA,NA,NA,NA,NA,NA,NA,NA,NA,NA,NA,NA,NA,NA,NA,NA,NA,NA,NA,NA,NA
M17 [Details of deaths reported during the month with probable causes:],17.4.1,Number of cases of Adolescent or Adult deaths (age 6 years & above) with the probable cause being Diarrhoeal diseases,4. Total,4,NA,NA,NA,NA,NA,NA,NA,NA,NA,1,NA,NA,NA,NA,NA,NA,NA,NA,NA,NA,NA,NA,NA,1,1,NA,1
M17 [Details of deaths reported during the month with probable causes:],17.4.2,Number of cases of Adolescent or Adult deaths (age 6 years & above) with the probable cause being Tuberculosis,1. 6-14 yrs,NA,NA,NA,NA,NA,NA,NA,NA,NA,NA,NA,NA,NA,NA,NA,NA,NA,NA,NA,NA,NA,NA,NA,NA,NA,NA,NA,NA
M17 [Details of deaths reported during the month with probable causes:],17.4.2,Number of cases of Adolescent or Adult deaths (age 6 years & above) with the probable cause being Tuberculosis,2. 15-55 yrs.,20,NA,NA,NA,NA,NA,1,1,NA,2,NA,NA,1,NA,NA,NA,1,4,NA,NA,NA,NA,NA,NA,NA,2,7,1
M17 [Details of deaths reported during the month with probable causes:],17.4.2,Number of cases of Adolescent or Adult deaths (age 6 years & above) with the probable cause being Tuberculosis,3. Above 55 yrs.,11,NA,1,NA,NA,NA,NA,NA,1,1,NA,NA,NA,NA,NA,NA,2,NA,NA,NA,NA,NA,1,NA,NA,2,1,2
M17 [Details of deaths reported during the month with probable causes:],17.4.2,Number of cases of Adolescent or Adult deaths (age 6 years & above) with the probable cause being Tuberculosis,4. Total,31,NA,1,NA,NA,NA,1,1,1,3,NA,NA,1,NA,NA,NA,3,4,NA,NA,NA,NA,1,NA,NA,4,8,3
M17 [Details of deaths reported during the month with probable causes:],17.4.3,Number of cases of Adolescent or Adult deaths (age 6 years & above) with the probable cause being Respiratory diseases including infections,1. 6-14 yrs,1,NA,NA,NA,NA,NA,NA,1,NA,NA,NA,NA,NA,NA,NA,NA,NA,NA,NA,NA,NA,NA,NA,NA,NA,NA,NA,NA
M17 [Details of deaths reported during the month with probable causes:],17.4.3,Number of cases of Adolescent or Adult deaths (age 6 years & above) with the probable cause being Respiratory diseases including infections,2. 15-55 yrs.,34,NA,2,1,NA,NA,1,2,1,NA,NA,NA,3,2,NA,NA,NA,NA,3,3,1,1,NA,4,NA,2,7,1
M17 [Details of deaths reported during the month with probable causes:],17.4.3,Number of cases of Adolescent or Adult deaths (age 6 years & above) with the probable cause being Respiratory diseases including infections,3. Above 55 yrs.,34,NA,3,NA,2,NA,NA,NA,1,NA,NA,1,4,1,NA,NA,6,NA,NA,NA,NA,NA,2,6,1,1,3,3
M17 [Details of deaths reported during the month with probable causes:],17.4.3,Number of cases of Adolescent or Adult deaths (age 6 years & above) with the probable cause being Respiratory diseases including infections,4. Total,69,NA,5,1,2,NA,1,3,2,NA,NA,1,7,3,NA,NA,6,NA,3,3,1,1,2,10,1,3,10,4
M17 [Details of deaths reported during the month with probable causes:],17.4.4,Number of cases of Adolescent or Adult deaths (age 6 years & above) with the probable cause being Malaria,1. 6-14 yrs,NA,NA,NA,NA,NA,NA,NA,NA,NA,NA,NA,NA,NA,NA,NA,NA,NA,NA,NA,NA,NA,NA,NA,NA,NA,NA,NA,NA
M17 [Details of deaths reported during the month with probable causes:],17.4.4,Number of cases of Adolescent or Adult deaths (age 6 years & above) with the probable cause being Malaria,2. 15-55 yrs.,NA,NA,NA,NA,NA,NA,NA,NA,NA,NA,NA,NA,NA,NA,NA,NA,NA,NA,NA,NA,NA,NA,NA,NA,NA,NA,NA,NA
M17 [Details of deaths reported during the month with probable causes:],17.4.4,Number of cases of Adolescent or Adult deaths (age 6 years & above) with the probable cause being Malaria,3. Above 55 yrs.,2,NA,NA,NA,NA,NA,NA,NA,NA,2,NA,NA,NA,NA,NA,NA,NA,NA,NA,NA,NA,NA,NA,NA,NA,NA,NA,NA
M17 [Details of deaths reported during the month with probable causes:],17.4.4,Number of cases of Adolescent or Adult deaths (age 6 years & above) with the probable cause being Malaria,4. Total,2,NA,NA,NA,NA,NA,NA,NA,NA,2,NA,NA,NA,NA,NA,NA,NA,NA,NA,NA,NA,NA,NA,NA,NA,NA,NA,NA
M17 [Details of deaths reported during the month with probable causes:],17.4.5,Number of cases of Adolescent or Adult deaths (age 6 years & above) with the probable cause being other Fever related,1. 6-14 yrs,4,NA,1,NA,NA,NA,NA,1,1,NA,NA,NA,NA,NA,NA,NA,NA,NA,NA,NA,NA,NA,NA,NA,NA,NA,NA,1
M17 [Details of deaths reported during the month with probable causes:],17.4.5,Number of cases of Adolescent or Adult deaths (age 6 years & above) with the probable cause being other Fever related,2. 15-55 yrs.,19,NA,1,NA,NA,NA,1,2,2,NA,NA,1,3,NA,NA,NA,NA,2,NA,2,1,2,NA,NA,NA,1,NA,1
M17 [Details of deaths reported during the month with probable causes:],17.4.5,Number of cases of Adolescent or Adult deaths (age 6 years & above) with the probable cause being other Fever related,3. Above 55 yrs.,26,3,3,4,4,NA,NA,NA,1,NA,NA,1,NA,NA,NA,NA,NA,3,NA,NA,NA,1,NA,NA,NA,3,NA,3
M17 [Details of deaths reported during the month with probable causes:],17.4.5,Number of cases of Adolescent or Adult deaths (age 6 years & above) with the probable cause being other Fever related,4. Total,49,3,5,4,4,NA,1,3,4,NA,NA,2,3,NA,NA,NA,NA,5,NA,2,1,3,NA,NA,NA,4,NA,5
M17 [Details of deaths reported during the month with probable causes:],17.4.6,Number of cases of Adolescent or Adult deaths (age 6 years & above) with the probable cause being HIV/AIDS,1. 6-14 yrs,NA,NA,NA,NA,NA,NA,NA,NA,NA,NA,NA,NA,NA,NA,NA,NA,NA,NA,NA,NA,NA,NA,NA,NA,NA,NA,NA,NA
M17 [Details of deaths reported during the month with probable causes:],17.4.6,Number of cases of Adolescent or Adult deaths (age 6 years & above) with the probable cause being HIV/AIDS,2. 15-55 yrs.,1,NA,NA,NA,NA,NA,NA,NA,NA,NA,NA,NA,NA,NA,NA,NA,NA,NA,NA,NA,NA,NA,NA,NA,NA,NA,NA,1
M17 [Details of deaths reported during the month with probable causes:],17.4.6,Number of cases of Adolescent or Adult deaths (age 6 years & above) with the probable cause being HIV/AIDS,3. Above 55 yrs.,NA,NA,NA,NA,NA,NA,NA,NA,NA,NA,NA,NA,NA,NA,NA,NA,NA,NA,NA,NA,NA,NA,NA,NA,NA,NA,NA,NA
M17 [Details of deaths reported during the month with probable causes:],17.4.6,Number of cases of Adolescent or Adult deaths (age 6 years & above) with the probable cause being HIV/AIDS,4. Total,1,NA,NA,NA,NA,NA,NA,NA,NA,NA,NA,NA,NA,NA,NA,NA,NA,NA,NA,NA,NA,NA,NA,NA,NA,NA,NA,1
M17 [Details of deaths reported during the month with probable causes:],17.4.7,Number of cases of Adolescent or Adult deaths (age 6 years & above) with the probable cause being Heart disease or related to Hypertension,1. 6-14 yrs,NA,NA,NA,NA,NA,NA,NA,NA,NA,NA,NA,NA,NA,NA,NA,NA,NA,NA,NA,NA,NA,NA,NA,NA,NA,NA,NA,NA
M17 [Details of deaths reported during the month with probable causes:],17.4.7,Number of cases of Adolescent or Adult deaths (age 6 years & above) with the probable cause being Heart disease or related to Hypertension,2. 15-55 yrs.,106,5,9,5,1,NA,NA,4,2,11,4,4,8,1,2,NA,2,1,3,4,NA,7,3,NA,NA,10,14,6
M17 [Details of deaths reported during the month with probable causes:],17.4.7,Number of cases of Adolescent or Adult deaths (age 6 years & above) with the probable cause being Heart disease or related to Hypertension,3. Above 55 yrs.,184,17,12,3,1,NA,13,8,6,8,2,4,22,3,NA,NA,9,NA,NA,4,4,7,6,3,7,21,19,5
M17 [Details of deaths reported during the month with probable causes:],17.4.7,Number of cases of Adolescent or Adult deaths (age 6 years & above) with the probable cause being Heart disease or related to Hypertension,4. Total,290,22,21,8,2,NA,13,12,8,19,6,8,30,4,2,NA,11,1,3,8,4,14,9,3,7,31,33,11
M17 [Details of deaths reported during the month with probable causes:],17.4.8,Number of cases of Adolescent or Adult deaths (age 6 years & above) with the probable cause being Neurological disease including strokes,1. 6-14 yrs,2,NA,1,NA,NA,NA,NA,NA,NA,NA,NA,NA,1,NA,NA,NA,NA,NA,NA,NA,NA,NA,NA,NA,NA,NA,NA,NA
M17 [Details of deaths reported during the month with probable causes:],17.4.8,Number of cases of Adolescent or Adult deaths (age 6 years & above) with the probable cause being Neurological disease including strokes,2. 15-55 yrs.,26,NA,2,2,2,NA,2,2,1,NA,2,NA,2,NA,NA,NA,NA,NA,2,NA,NA,NA,NA,NA,NA,1,7,1
M17 [Details of deaths reported during the month with probable causes:],17.4.8,Number of cases of Adolescent or Adult deaths (age 6 years & above) with the probable cause being Neurological disease including strokes,3. Above 55 yrs.,37,1,5,1,4,NA,NA,2,2,3,3,1,3,NA,2,NA,NA,NA,2,NA,NA,1,NA,NA,NA,1,5,1
M17 [Details of deaths reported during the month with probable causes:],17.4.8,Number of cases of Adolescent or Adult deaths (age 6 years & above) with the probable cause being Neurological disease including strokes,4. Total,65,1,8,3,6,NA,2,4,3,3,5,1,6,NA,2,NA,NA,NA,4,NA,NA,1,NA,NA,NA,2,12,2
M17 [Details of deaths reported during the month with probable causes:],17.4.9(a),Number of cases of Maternal deaths (age 15-49 years) with the probable cause being Abortion,1. 6-14 yrs,NA,NA,NA,NA,NA,NA,NA,NA,NA,NA,NA,NA,NA,NA,NA,NA,NA,NA,NA,NA,NA,NA,NA,NA,NA,NA,NA,NA
M17 [Details of deaths reported during the month with probable causes:],17.4.9(a),Number of cases of Maternal deaths (age 15-49 years) with the probable cause being Abortion,2. 15-49 yrs,1,NA,NA,NA,NA,NA,NA,NA,NA,NA,NA,NA,NA,NA,NA,NA,NA,NA,NA,NA,NA,NA,NA,NA,NA,1,NA,NA
M17 [Details of deaths reported during the month with probable causes:],17.4.9(a),Number of cases of Maternal deaths (age 15-49 years) with the probable cause being Abortion,3. Above 49 yrs.,NA,NA,NA,NA,NA,NA,NA,NA,NA,NA,NA,NA,NA,NA,NA,NA,NA,NA,NA,NA,NA,NA,NA,NA,NA,NA,NA,NA
M17 [Details of deaths reported during the month with probable causes:],17.4.9(a),Number of cases of Maternal deaths (age 15-49 years) with the probable cause being Abortion,4. Total,1,NA,NA,NA,NA,NA,NA,NA,NA,NA,NA,NA,NA,NA,NA,NA,NA,NA,NA,NA,NA,NA,NA,NA,NA,1,NA,NA
M17 [Details of deaths reported during the month with probable causes:],17.4.9(b),Number of cases of Maternal deaths (age 15-49 years) with the probable cause being Obstructed or prolonged labour,1. 6-14 yrs,NA,NA,NA,NA,NA,NA,NA,NA,NA,NA,NA,NA,NA,NA,NA,NA,NA,NA,NA,NA,NA,NA,NA,NA,NA,NA,NA,NA
M17 [Details of deaths reported during the month with probable causes:],17.4.9(b),Number of cases of Maternal deaths (age 15-49 years) with the probable cause being Obstructed or prolonged labour,2. 15-49 yrs,1,NA,NA,NA,NA,NA,NA,NA,NA,NA,NA,NA,NA,NA,NA,NA,NA,NA,NA,NA,NA,1,NA,NA,NA,NA,NA,NA
M17 [Details of deaths reported during the month with probable causes:],17.4.9(b),Number of cases of Maternal deaths (age 15-49 years) with the probable cause being Obstructed or prolonged labour,3. Above 49 yrs.,NA,NA,NA,NA,NA,NA,NA,NA,NA,NA,NA,NA,NA,NA,NA,NA,NA,NA,NA,NA,NA,NA,NA,NA,NA,NA,NA,NA
M17 [Details of deaths reported during the month with probable causes:],17.4.9(b),Number of cases of Maternal deaths (age 15-49 years) with the probable cause being Obstructed or prolonged labour,4. Total,1,NA,NA,NA,NA,NA,NA,NA,NA,NA,NA,NA,NA,NA,NA,NA,NA,NA,NA,NA,NA,1,NA,NA,NA,NA,NA,NA
M17 [Details of deaths reported during the month with probable causes:],17.4.9(c),Number of cases of Maternal deaths (age 15-49 years) with the probable cause being Severe hypertesnion or fits,1. 6-14 yrs,NA,NA,NA,NA,NA,NA,NA,NA,NA,NA,NA,NA,NA,NA,NA,NA,NA,NA,NA,NA,NA,NA,NA,NA,NA,NA,NA,NA
M17 [Details of deaths reported during the month with probable causes:],17.4.9(c),Number of cases of Maternal deaths (age 15-49 years) with the probable cause being Severe hypertesnion or fits,2. 15-49 yrs,3,NA,NA,NA,NA,NA,NA,NA,NA,NA,NA,NA,NA,NA,1,NA,NA,NA,NA,NA,NA,NA,1,NA,NA,1,NA,NA
M17 [Details of deaths reported during the month with probable causes:],17.4.9(c),Number of cases of Maternal deaths (age 15-49 years) with the probable cause being Severe hypertesnion or fits,3. Above 49 yrs.,NA,NA,NA,NA,NA,NA,NA,NA,NA,NA,NA,NA,NA,NA,NA,NA,NA,NA,NA,NA,NA,NA,NA,NA,NA,NA,NA,NA
M17 [Details of deaths reported during the month with probable causes:],17.4.9(c),Number of cases of Maternal deaths (age 15-49 years) with the probable cause being Severe hypertesnion or fits,4. Total,3,NA,NA,NA,NA,NA,NA,NA,NA,NA,NA,NA,NA,NA,1,NA,NA,NA,NA,NA,NA,NA,1,NA,NA,1,NA,NA
M17 [Details of deaths reported during the month with probable causes:],17.4.9(d),Number of cases of Maternal deaths (age 15-49 years) with the probable cause being Bleeding,1. 6-14 yrs,NA,NA,NA,NA,NA,NA,NA,NA,NA,NA,NA,NA,NA,NA,NA,NA,NA,NA,NA,NA,NA,NA,NA,NA,NA,NA,NA,NA
M17 [Details of deaths reported during the month with probable causes:],17.4.9(d),Number of cases of Maternal deaths (age 15-49 years) with the probable cause being Bleeding,2. 15-49 yrs,5,NA,1,NA,1,NA,NA,2,NA,NA,NA,NA,NA,NA,NA,NA,NA,NA,NA,NA,NA,1,NA,NA,NA,NA,NA,NA
M17 [Details of deaths reported during the month with probable causes:],17.4.9(d),Number of cases of Maternal deaths (age 15-49 years) with the probable cause being Bleeding,3. Above 49 yrs.,NA,NA,NA,NA,NA,NA,NA,NA,NA,NA,NA,NA,NA,NA,NA,NA,NA,NA,NA,NA,NA,NA,NA,NA,NA,NA,NA,NA
M17 [Details of deaths reported during the month with probable causes:],17.4.9(d),Number of cases of Maternal deaths (age 15-49 years) with the probable cause being Bleeding,4. Total,5,NA,1,NA,1,NA,NA,2,NA,NA,NA,NA,NA,NA,NA,NA,NA,NA,NA,NA,NA,1,NA,NA,NA,NA,NA,NA
M17 [Details of deaths reported during the month with probable causes:],17.4.9(e),Number of cases of Maternal deaths (age 15-49 years) with the probable cause being High Fever,1. 6-14 yrs,NA,NA,NA,NA,NA,NA,NA,NA,NA,NA,NA,NA,NA,NA,NA,NA,NA,NA,NA,NA,NA,NA,NA,NA,NA,NA,NA,NA
M17 [Details of deaths reported during the month with probable causes:],17.4.9(e),Number of cases of Maternal deaths (age 15-49 years) with the probable cause being High Fever,2. 15-49 yrs,NA,NA,NA,NA,NA,NA,NA,NA,NA,NA,NA,NA,NA,NA,NA,NA,NA,NA,NA,NA,NA,NA,NA,NA,NA,NA,NA,NA
M17 [Details of deaths reported during the month with probable causes:],17.4.9(e),Number of cases of Maternal deaths (age 15-49 years) with the probable cause being High Fever,3. Above 49 yrs.,NA,NA,NA,NA,NA,NA,NA,NA,NA,NA,NA,NA,NA,NA,NA,NA,NA,NA,NA,NA,NA,NA,NA,NA,NA,NA,NA,NA
M17 [Details of deaths reported during the month with probable causes:],17.4.9(e),Number of cases of Maternal deaths (age 15-49 years) with the probable cause being High Fever,4. Total,NA,NA,NA,NA,NA,NA,NA,NA,NA,NA,NA,NA,NA,NA,NA,NA,NA,NA,NA,NA,NA,NA,NA,NA,NA,NA,NA,NA
M17 [Details of deaths reported during the month with probable causes:],17.4.9(f),Number of cases of Maternal deaths (age 15-49 years) with the probable cause being other causes (excluding abortion; obstructed or prolonged labour; severe hypertension or fits;,1. 6-14 yrs,NA,NA,NA,NA,NA,NA,NA,NA,NA,NA,NA,NA,NA,NA,NA,NA,NA,NA,NA,NA,NA,NA,NA,NA,NA,NA,NA,NA
M17 [Details of deaths reported during the month with probable causes:],17.4.9(f),Number of cases of Maternal deaths (age 15-49 years) with the probable cause being other causes (excluding abortion; obstructed or prolonged labour; severe hypertension or fits;,2. 15-49 yrs,30,NA,3,1,4,NA,NA,2,3,NA,1,NA,1,3,2,NA,1,NA,2,NA,2,1,NA,NA,1,2,1,NA
M17 [Details of deaths reported during the month with probable causes:],17.4.9(f),Number of cases of Maternal deaths (age 15-49 years) with the probable cause being other causes (excluding abortion; obstructed or prolonged labour; severe hypertension or fits;,3. Above 49 yrs.,NA,NA,NA,NA,NA,NA,NA,NA,NA,NA,NA,NA,NA,NA,NA,NA,NA,NA,NA,NA,NA,NA,NA,NA,NA,NA,NA,NA
M17 [Details of deaths reported during the month with probable causes:],17.4.9(f),Number of cases of Maternal deaths (age 15-49 years) with the probable cause being other causes (excluding abortion; obstructed or prolonged labour; severe hypertension or fits;,4. Total,30,NA,3,1,4,NA,NA,2,3,NA,1,NA,1,3,2,NA,1,NA,2,NA,2,1,NA,NA,1,2,1,NA
M17 [Details of deaths reported during the month with probable causes:],17.4.10,Number of cases of Adolescent or Adult deaths (age 6 years & above) with the probable cause being Trauma or Accidents or Burn cases,1. 6-14 yrs,3,NA,NA,NA,NA,NA,NA,NA,NA,NA,1,NA,1,NA,NA,NA,NA,NA,NA,NA,NA,NA,1,NA,NA,NA,NA,NA
M17 [Details of deaths reported during the month with probable causes:],17.4.10,Number of cases of Adolescent or Adult deaths (age 6 years & above) with the probable cause being Trauma or Accidents or Burn cases,2. 15-55 yrs.,83,7,2,2,NA,NA,3,6,1,14,NA,5,9,1,2,NA,2,NA,NA,4,2,1,2,4,1,3,10,2
M17 [Details of deaths reported during the month with probable causes:],17.4.10,Number of cases of Adolescent or Adult deaths (age 6 years & above) with the probable cause being Trauma or Accidents or Burn cases,3. Above 55 yrs.,16,1,4,1,NA,NA,1,NA,NA,NA,NA,NA,4,NA,NA,NA,1,NA,NA,1,NA,NA,1,NA,NA,1,NA,1
M17 [Details of deaths reported during the month with probable causes:],17.4.10,Number of cases of Adolescent or Adult deaths (age 6 years & above) with the probable cause being Trauma or Accidents or Burn cases,4. Total,102,8,6,3,NA,NA,4,6,1,14,1,5,14,1,2,NA,3,NA,NA,5,2,1,4,4,1,4,10,3
M17 [Details of deaths reported during the month with probable causes:],17.4.11,Number of cases of Adolescent or Adult deaths (age 6 years & above) with the probable cause being suicide,1. 6-14 yrs,NA,NA,NA,NA,NA,NA,NA,NA,NA,NA,NA,NA,NA,NA,NA,NA,NA,NA,NA,NA,NA,NA,NA,NA,NA,NA,NA,NA
M17 [Details of deaths reported during the month with probable causes:],17.4.11,Number of cases of Adolescent or Adult deaths (age 6 years & above) with the probable cause being suicide,2. 15-55 yrs.,38,NA,4,1,NA,NA,7,2,5,NA,NA,2,2,NA,NA,NA,NA,NA,1,NA,NA,3,4,2,NA,NA,3,2
M17 [Details of deaths reported during the month with probable causes:],17.4.11,Number of cases of Adolescent or Adult deaths (age 6 years & above) with the probable cause being suicide,3. Above 55 yrs.,5,NA,NA,NA,NA,NA,NA,NA,1,1,NA,NA,1,NA,NA,NA,NA,NA,NA,NA,NA,1,NA,NA,NA,1,NA,NA
M17 [Details of deaths reported during the month with probable causes:],17.4.11,Number of cases of Adolescent or Adult deaths (age 6 years & above) with the probable cause being suicide,4. Total,43,NA,4,1,NA,NA,7,2,6,1,NA,2,3,NA,NA,NA,NA,NA,1,NA,NA,4,4,2,NA,1,3,2
M17 [Details of deaths reported during the month with probable causes:],17.4.12,Number of cases of Adolescent or Adult deaths (age 6 years & above) with the probable cause being Animal bites and stings,1. 6-14 yrs,1,NA,NA,NA,NA,NA,NA,NA,NA,NA,NA,NA,NA,NA,NA,NA,NA,NA,NA,NA,NA,NA,NA,NA,NA,NA,1,NA
M17 [Details of deaths reported during the month with probable causes:],17.4.12,Number of cases of Adolescent or Adult deaths (age 6 years & above) with the probable cause being Animal bites and stings,2. 15-55 yrs.,1,NA,NA,NA,NA,NA,NA,NA,NA,NA,NA,NA,1,NA,NA,NA,NA,NA,NA,NA,NA,NA,NA,NA,NA,NA,NA,NA
M17 [Details of deaths reported during the month with probable causes:],17.4.12,Number of cases of Adolescent or Adult deaths (age 6 years & above) with the probable cause being Animal bites and stings,3. Above 55 yrs.,5,NA,NA,2,NA,NA,NA,NA,NA,NA,NA,NA,NA,NA,NA,NA,1,NA,NA,NA,NA,NA,NA,2,NA,NA,NA,NA
M17 [Details of deaths reported during the month with probable causes:],17.4.12,Number of cases of Adolescent or Adult deaths (age 6 years & above) with the probable cause being Animal bites and stings,4. Total,7,NA,NA,2,NA,NA,NA,NA,NA,NA,NA,NA,1,NA,NA,NA,1,NA,NA,NA,NA,NA,NA,2,NA,NA,1,NA
M17 [Details of deaths reported during the month with probable causes:],17.4.13(a),Number of cases of Adolescent or Adult deaths (age 6 years & above) with the probable cause being Known Acute disease,1. 6-14 yrs,5,NA,NA,NA,NA,NA,NA,1,1,NA,NA,1,NA,1,NA,NA,NA,1,NA,NA,NA,NA,NA,NA,NA,NA,NA,NA
M17 [Details of deaths reported during the month with probable causes:],17.4.13(a),Number of cases of Adolescent or Adult deaths (age 6 years & above) with the probable cause being Known Acute disease,2. 15-55 yrs.,65,3,5,8,2,NA,3,2,4,2,1,1,3,5,NA,NA,3,2,1,4,1,2,1,3,2,NA,4,3
M17 [Details of deaths reported during the month with probable causes:],17.4.13(a),Number of cases of Adolescent or Adult deaths (age 6 years & above) with the probable cause being Known Acute disease,3. Above 55 yrs.,119,14,5,5,5,NA,8,1,4,24,NA,NA,2,1,NA,NA,3,NA,6,2,1,5,5,3,4,12,2,7
M17 [Details of deaths reported during the month with probable causes:],17.4.13(a),Number of cases of Adolescent or Adult deaths (age 6 years & above) with the probable cause being Known Acute disease,4. Total,189,17,10,13,7,NA,11,4,9,26,1,2,5,7,NA,NA,6,3,7,6,2,7,6,6,6,12,6,10
M17 [Details of deaths reported during the month with probable causes:],17.4.13(b),Number of cases of Adolescent or Adult deaths (age 6 years & above) with the probable cause being Known Chronic disease,1. 6-14 yrs,1,NA,NA,NA,NA,NA,NA,NA,NA,NA,NA,NA,1,NA,NA,NA,NA,NA,NA,NA,NA,NA,NA,NA,NA,NA,NA,NA
M17 [Details of deaths reported during the month with probable causes:],17.4.13(b),Number of cases of Adolescent or Adult deaths (age 6 years & above) with the probable cause being Known Chronic disease,2. 15-55 yrs.,103,3,7,10,6,NA,3,4,2,4,2,6,10,NA,2,NA,6,7,2,3,2,1,1,3,5,4,6,4
M17 [Details of deaths reported during the month with probable causes:],17.4.13(b),Number of cases of Adolescent or Adult deaths (age 6 years & above) with the probable cause being Known Chronic disease,3. Above 55 yrs.,232,9,13,27,5,NA,20,5,12,5,3,2,22,6,3,NA,9,2,8,2,1,6,7,11,7,20,17,10
M17 [Details of deaths reported during the month with probable causes:],17.4.13(b),Number of cases of Adolescent or Adult deaths (age 6 years & above) with the probable cause being Known Chronic disease,4. Total,336,12,20,37,11,NA,23,9,14,9,5,8,33,6,5,NA,15,9,10,5,3,7,8,14,12,24,23,14
M17 [Details of deaths reported during the month with probable causes:],17.4.13(c),Number of cases of Adolescent or Adult deaths (age 6 years & above) where the cause was not known,1. 6-14 yrs,13,NA,1,1,1,NA,NA,1,1,NA,1,1,NA,NA,NA,NA,NA,NA,NA,NA,NA,1,NA,NA,1,2,2,NA
M17 [Details of deaths reported during the month with probable causes:],17.4.13(c),Number of cases of Adolescent or Adult deaths (age 6 years & above) where the cause was not known,2. 15-55 yrs.,333,18,21,16,17,NA,6,4,16,5,5,13,18,14,2,NA,29,7,13,3,9,10,10,4,8,32,42,11
M17 [Details of deaths reported during the month with probable causes:],17.4.13(c),Number of cases of Adolescent or Adult deaths (age 6 years & above) where the cause was not known,3. Above 55 yrs.,794,18,49,26,63,1,30,28,49,10,4,16,54,42,10,NA,93,7,35,3,17,23,13,22,17,85,64,15
M17 [Details of deaths reported during the month with probable causes:],17.4.13(c),Number of cases of Adolescent or Adult deaths (age 6 years & above) where the cause was not known,4. Total,1140,36,71,43,81,1,36,33,66,15,10,30,72,56,12,NA,122,14,48,6,26,34,23,26,26,119,108,26
